timestamp,cpu_util_pct,ram_used_mb,ram_total_mb,ram_avail_mb,ram_used_pct,disk_r_s,disk_w_s,disk_rkB_s,disk_wkB_s,disk_r_await_ms,disk_w_await_ms,disk_util_pct,gpu_mem_used_mb,gpu_mem_total_mb,gpu_mem_free_mb,gpu_util_pct,dcgmi_power_w,dcgmi_gpu_util_pct,dcgmi_mem_copy_util_pct,dcgmi_gr_active,dcgmi_sm_active,dcgmi_pcie_tx_bytes,dcgmi_pcie_rx_bytes
2026-09-01T03:45:29,1.7,4949,1547350,1531126,0.3,0.00,0.00,0.00,0.00,0.00,0.00,0.00,3960.0,95830.0,91392.0,0.0,0.0,0.5,0.0,79.825,0.000,0.0,0.0
2026-09-01T03:45:30,1.5,4949,1547350,1531125,0.3,0.00,2.19,0.00,8.76,0.00,0.50,0.00,3960.0,95830.0,91392.0,0.0,0.0,0.5,0.0,79.761,0.000,0.0,0.0
2026-09-01T03:45:31,1.7,4951,1547350,1531124,0.3,0.00,0.80,0.00,3.21,0.00,0.00,0.00,3960.0,95830.0,91392.0,0.0,0.0,0.5,0.0,79.790,0.000,0.0,0.0
2026-09-01T03:45:32,1.7,4954,1547350,1531121,0.3,0.00,8.99,0.00,35.96,0.00,0.00,0.00,3960.0,95830.0,91392.0,0.0,0.0,0.5,0.0,79.841,0.000,0.0,602306.5
2026-09-01T03:45:33,3.2,4957,1547350,1531118,0.3,0.00,0.98,0.00,3.93,0.00,1.00,0.00,3960.0,95830.0,91392.0,0.0,0.0,0.5,0.0,79.825,0.000,0.0,602306.5
2026-09-01T03:45:34,1.7,4960,1547350,1531114,0.3,0.00,1.07,0.00,4.29,0.00,0.00,0.00,3960.0,95830.0,91392.0,0.0,0.0,0.5,0.0,79.767,0.000,0.0,714323.0
2026-09-01T03:45:35,1.6,4961,1547350,1531113,0.3,0.00,1.00,0.00,4.00,0.00,0.00,0.00,3960.0,95830.0,91392.0,0.0,0.0,0.5,0.0,79.731,0.000,0.0,729831.0
2026-09-01T03:45:36,1.5,4958,1547350,1531116,0.3,0.00,1.00,0.00,4.00,0.00,0.00,0.00,3960.0,95830.0,91392.0,0.0,0.0,0.5,0.0,79.769,0.000,0.0,678716.5
2026-09-01T03:45:37,1.6,4958,1547350,1531116,0.3,0.00,3.00,0.00,63.94,0.00,0.00,0.00,3960.0,95830.0,91392.0,0.0,0.0,0.5,0.0,79.790,0.000,0.0,677058.5
2026-09-01T03:45:38,1.5,4955,1547350,1531120,0.3,0.00,1.05,0.00,4.22,0.00,0.00,0.00,3960.0,95830.0,91392.0,0.0,0.0,0.5,0.0,79.847,0.000,0.0,683597.0
2026-09-01T03:45:39,1.7,4961,1547350,1531113,0.3,0.00,0.87,0.00,3.48,0.00,0.00,0.00,3960.0,95830.0,91392.0,0.0,0.0,0.5,0.0,79.894,0.000,0.0,673658.0
2026-09-01T03:45:40,1.7,4962,1547350,1531113,0.3,0.00,0.89,0.00,3.56,0.00,0.00,0.00,3960.0,95830.0,91392.0,0.0,0.0,0.5,0.0,79.924,0.000,0.0,676636.0
2026-09-01T03:45:41,1.7,4966,1547350,1531109,0.3,0.00,1.70,0.00,6.80,0.00,0.00,0.00,3960.0,95830.0,91392.0,0.0,0.0,0.5,0.0,79.888,0.000,0.0,686483.0
2026-09-01T03:45:43,1.7,4963,1547350,1531112,0.3,0.00,0.98,0.00,3.93,0.00,0.00,0.00,3960.0,95830.0,91392.0,0.0,0.0,0.5,0.0,80.005,0.000,0.0,735424.5
2026-09-01T03:45:44,1.7,4971,1547350,1531103,0.3,0.00,0.87,0.00,3.48,0.00,0.00,0.00,3960.0,95830.0,91392.0,0.0,0.0,0.5,0.0,79.995,0.000,0.0,683037.5
2026-09-01T03:45:45,1.7,4969,1547350,1531106,0.3,0.00,0.88,0.00,3.53,0.00,0.00,0.00,3960.0,95830.0,91392.0,0.0,0.0,0.5,0.0,79.953,0.000,0.0,683037.5
2026-09-01T03:45:46,1.8,4968,1547350,1531107,0.3,0.00,65.65,0.00,1008.79,0.00,0.14,0.12,3960.0,95830.0,91392.0,0.0,0.0,0.5,0.0,79.962,0.000,0.0,712272.5
2026-09-01T03:45:46,1.8,4967,1547350,1531108,0.3,0.00,1.63,0.00,6.54,0.00,0.00,0.00,3960.0,95830.0,91392.0,0.0,0.0,0.5,0.0,79.944,0.000,0.0,712272.5
2026-09-01T03:45:47,1.8,4967,1547350,1531108,0.3,0.00,1.07,0.00,4.26,0.00,0.00,0.00,3960.0,95830.0,91392.0,0.0,0.0,0.5,0.0,79.980,0.000,0.0,701012.5
2026-09-01T03:45:48,1.7,4971,1547350,1531104,0.3,0.00,0.96,0.00,3.82,0.00,0.00,0.00,3960.0,95830.0,91392.0,0.0,0.0,0.5,0.0,79.994,0.000,0.0,642770.5
2026-09-01T03:45:50,1.7,4965,1547350,1531109,0.3,0.00,0.77,0.00,3.10,0.00,0.00,0.00,3960.0,95830.0,91392.0,0.0,0.0,0.5,0.0,79.977,0.000,0.0,706444.0
2026-09-01T03:45:51,1.8,4965,1547350,1531109,0.3,0.00,0.80,0.00,3.18,0.00,0.00,0.00,3960.0,95830.0,91392.0,0.0,0.0,0.5,0.0,79.995,0.000,0.0,667685.0
2026-09-01T03:45:52,1.7,4971,1547350,1531103,0.3,0.00,0.75,0.00,2.99,0.00,0.00,0.00,3960.0,95830.0,91392.0,0.0,0.0,0.5,0.0,80.056,0.000,0.0,663147.5
2026-09-01T03:45:53,1.7,4966,1547350,1531109,0.3,0.00,0.85,0.00,3.39,0.00,0.00,0.00,3960.0,95830.0,91392.0,0.0,0.0,0.5,0.0,79.998,0.000,0.0,675615.0
2026-09-01T03:45:55,1.7,4972,1547350,1531102,0.3,0.00,0.78,0.00,3.12,0.00,0.00,0.00,3960.0,95830.0,91392.0,0.0,0.0,0.5,0.0,79.992,0.000,0.0,702189.5
2026-09-01T03:45:56,1.7,4972,1547350,1531103,0.3,0.00,0.90,0.00,3.58,0.00,0.00,0.00,3960.0,95830.0,91392.0,0.0,0.0,0.5,0.0,80.023,0.000,0.0,657773.0
2026-09-01T03:45:57,1.7,4972,1547350,1531103,0.3,0.00,1.82,0.00,7.29,0.00,0.00,0.00,3960.0,95830.0,91392.0,0.0,0.0,0.5,0.0,80.070,0.000,0.0,657773.0
2026-09-01T03:45:58,1.7,4974,1547350,1531100,0.3,0.00,1.87,0.00,7.48,0.00,0.00,0.00,3960.0,95830.0,91392.0,0.0,0.0,0.5,0.0,80.012,0.000,0.0,729983.5
2026-09-01T03:45:59,1.7,4976,1547350,1531099,0.3,0.00,0.78,0.00,3.13,0.00,0.00,0.00,3960.0,95830.0,91392.0,0.0,0.0,0.5,0.0,80.019,0.000,0.0,729983.5
2026-09-01T03:46:00,1.7,4973,1547350,1531102,0.3,0.00,1.61,0.00,6.45,0.00,0.00,0.00,3960.0,95830.0,91392.0,0.0,0.0,0.5,0.0,80.063,0.000,0.0,739956.5
2026-09-01T03:46:00,1.7,4973,1547350,1531101,0.3,0.00,1.77,0.00,7.09,0.00,0.00,0.00,3960.0,95830.0,91392.0,0.0,0.0,0.5,0.0,80.115,0.000,0.0,675688.0
2026-09-01T03:46:02,1.8,4981,1547350,1531094,0.3,0.00,0.86,0.00,3.42,0.00,0.00,0.00,3960.0,95830.0,91392.0,0.0,0.0,0.5,0.0,80.196,0.000,0.0,676013.5
2026-09-01T03:46:03,1.7,4982,1547350,1531093,0.3,0.00,0.76,0.00,3.05,0.00,0.00,0.00,3960.0,95830.0,91392.0,0.0,0.0,0.5,0.0,80.159,0.000,0.0,665370.0
2026-09-01T03:46:04,1.7,5007,1547350,1531067,0.3,0.00,0.72,0.00,2.87,0.00,0.00,0.07,3960.0,95830.0,91392.0,0.0,0.0,0.5,0.0,80.176,0.000,0.0,665370.0
2026-09-01T03:46:05,2.3,5039,1547350,1531036,0.3,0.00,1.20,0.00,4.80,0.00,0.00,0.00,3960.0,95830.0,91392.0,0.0,0.0,0.5,0.0,80.262,0.000,0.0,682509.0
2026-09-01T03:46:07,2.7,5049,1547350,1531026,0.3,0.00,1.78,0.00,40.40,0.00,0.33,0.00,3960.0,95830.0,91392.0,0.0,0.0,0.5,0.0,80.286,0.000,0.0,666326.0
2026-09-01T03:46:08,2.3,5050,1547350,1531024,0.3,0.00,0.88,0.00,3.51,0.00,0.00,0.00,3960.0,95830.0,91392.0,0.0,0.0,0.5,0.0,80.270,0.000,0.0,671755.0
2026-09-01T03:46:09,1.9,5073,1547350,1531002,0.3,0.00,5.84,0.00,296.72,0.00,0.00,0.07,3960.0,95830.0,91392.0,0.0,0.0,0.5,0.0,80.156,0.000,0.0,674757.5
2026-09-01T03:46:10,2.6,5057,1547350,1531017,0.3,0.00,0.83,0.00,3.33,0.00,1.00,0.08,3960.0,95830.0,91392.0,0.0,0.0,0.5,0.0,80.194,0.000,0.0,666602.5
2026-09-01T03:46:12,3.1,5083,1547350,1530992,0.3,0.00,1.27,0.00,5.10,0.00,0.00,0.00,3960.0,95830.0,91392.0,0.0,0.0,0.5,0.0,80.182,0.000,0.0,663357.5
2026-09-01T03:46:14,3.2,5095,1547350,1530980,0.3,0.00,2.60,0.00,52.02,0.00,0.00,0.00,3960.0,95830.0,91392.0,0.0,0.0,0.5,0.0,80.285,0.000,0.0,680476.0
2026-09-01T03:46:15,3.2,5190,1547350,1530884,0.3,0.00,0.87,0.00,3.47,0.00,0.00,0.00,3960.0,95830.0,91392.0,0.0,0.0,0.5,0.0,80.196,0.000,0.0,658619.5
2026-09-01T03:46:16,3.0,4989,1547350,1531086,0.3,0.00,77.41,0.00,1568.54,0.00,0.18,0.14,3960.0,95830.0,91392.0,0.0,0.0,0.5,0.0,80.314,0.000,0.0,675433.0
2026-09-01T03:46:18,2.2,4988,1547350,1531087,0.3,0.00,0.60,0.00,2.39,0.00,0.00,0.00,3960.0,95830.0,91392.0,0.0,0.0,0.5,0.0,80.249,0.000,0.0,661976.5
2026-09-01T03:46:19,2.0,4988,1547350,1531087,0.3,0.00,15.77,0.00,106.22,0.00,0.00,0.00,3960.0,95830.0,91392.0,0.0,0.0,0.5,0.0,80.196,0.000,0.0,669462.0
2026-09-01T03:46:25,0.5,4995,1547350,1531078,0.3,0.00,0.18,0.00,0.72,0.00,0.00,0.00,3960.0,95830.0,91392.0,0.0,0.0,0.5,0.0,80.374,0.000,0.0,617385.5
2026-09-01T03:46:26,1.3,4983,1547350,1531091,0.3,0.00,0.63,0.00,2.51,0.00,0.00,0.00,3960.0,95830.0,91392.0,0.0,0.0,0.5,0.0,80.260,0.000,0.0,617385.5
2026-09-01T03:46:27,1.6,4986,1547350,1531088,0.3,0.00,0.91,0.00,3.65,0.00,0.00,0.00,3960.0,95830.0,91392.0,0.0,0.0,0.5,0.0,80.328,0.000,0.0,702093.5
2026-09-01T03:46:28,1.3,4988,1547350,1531086,0.3,0.00,79.69,0.00,1917.03,0.00,0.11,0.22,3960.0,95830.0,91392.0,0.0,0.0,0.5,0.0,80.406,0.000,0.0,686070.0
2026-09-01T03:46:30,1.3,4989,1547350,1531085,0.3,0.00,0.62,0.00,2.49,0.00,0.00,0.00,3960.0,95830.0,91392.0,0.0,0.0,0.5,0.0,80.438,0.000,0.0,656410.0
2026-09-01T03:46:31,1.5,4986,1547350,1531088,0.3,0.00,0.71,0.00,2.82,0.00,0.00,0.00,3960.0,95830.0,91392.0,0.0,0.0,0.5,0.0,80.425,0.000,0.0,671347.5
2026-09-01T03:46:33,1.6,4990,1547350,1531084,0.3,0.00,0.66,0.00,2.62,0.00,0.00,0.00,3960.0,95830.0,91392.0,0.0,0.0,0.5,0.0,80.479,0.000,0.0,671347.5
2026-09-01T03:46:33,1.7,4991,1547350,1531083,0.3,0.00,1.46,0.00,5.86,0.00,0.00,0.00,3960.0,95830.0,91392.0,0.0,0.0,0.5,0.0,80.510,0.000,0.0,734119.5
2026-09-01T03:46:34,1.7,4993,1547350,1531081,0.3,0.00,2.79,0.00,11.17,0.00,0.00,0.00,3960.0,95830.0,91392.0,0.0,0.0,0.5,0.0,80.471,0.000,0.0,734119.5
2026-09-01T03:46:35,1.7,4998,1547350,1531075,0.3,0.00,1.03,0.00,4.12,0.00,0.00,0.00,3960.0,95830.0,91392.0,0.0,0.0,0.5,0.0,80.509,0.000,0.0,691258.0
2026-09-01T03:46:36,1.7,4997,1547350,1531077,0.3,0.00,0.98,0.00,3.93,0.00,0.00,0.00,3960.0,95830.0,91392.0,0.0,0.0,0.5,0.0,80.489,0.000,0.0,660791.0
2026-09-01T03:46:38,1.7,4998,1547350,1531076,0.3,0.00,2.17,0.00,10.86,0.00,0.00,0.00,3960.0,95830.0,91392.0,0.0,0.0,0.5,0.0,80.493,0.000,0.0,651353.0
2026-09-01T03:46:39,1.3,4994,1547350,1531080,0.3,0.00,9.03,0.00,115.16,0.00,0.07,0.06,3960.0,95830.0,91392.0,0.0,0.0,0.5,0.0,80.416,0.000,0.0,655412.5
2026-09-01T03:46:41,0.2,4993,1547350,1531081,0.3,0.00,0.68,0.00,2.73,0.00,0.00,0.00,3960.0,95830.0,91392.0,0.0,0.0,0.5,0.0,80.475,0.000,0.0,655412.5
2026-09-01T03:46:42,0.2,4993,1547350,1531081,0.3,0.00,0.82,0.00,3.29,0.00,0.00,0.00,3960.0,95830.0,91392.0,0.0,0.0,0.5,0.0,80.457,0.000,0.0,678590.5
2026-09-01T03:46:43,0.2,4991,1547350,1531083,0.3,0.00,8.08,0.00,38.80,0.00,0.20,0.00,3960.0,95830.0,91392.0,0.0,0.0,0.5,0.0,80.458,0.000,0.0,667467.0
2026-09-01T03:46:45,0.2,4989,1547350,1531084,0.3,0.00,0.63,0.00,2.53,0.00,0.00,0.00,3960.0,95830.0,91392.0,0.0,0.0,0.5,0.0,80.471,0.000,0.0,683186.0
2026-09-01T03:46:45,0.2,4987,1547350,1531087,0.3,0.00,228.54,0.00,3983.59,0.00,0.25,0.25,3960.0,95830.0,91392.0,0.0,0.0,0.5,0.0,80.465,0.000,0.0,683186.0
2026-09-01T03:46:46,0.2,4986,1547350,1531088,0.3,0.00,2.10,0.00,5.25,0.00,0.00,0.00,3960.0,95830.0,91392.0,0.0,0.0,0.5,0.0,80.445,0.000,0.0,678219.0
2026-09-01T03:46:48,0.2,4984,1547350,1531090,0.3,0.00,1.10,0.00,4.38,0.00,0.00,0.00,3960.0,95830.0,91392.0,0.0,0.0,0.5,0.0,80.469,0.000,0.0,639235.5
2026-09-01T03:46:50,0.2,4983,1547350,1531091,0.3,0.00,0.61,0.00,2.43,0.00,0.00,0.00,3960.0,95830.0,91392.0,0.0,0.0,0.5,0.0,80.513,0.000,0.0,659401.5
2026-09-01T03:46:51,0.2,4982,1547350,1531092,0.3,0.00,0.65,0.00,2.59,0.00,0.00,0.00,3960.0,95830.0,91392.0,0.0,0.0,0.5,0.0,80.496,0.000,0.0,671196.5
2026-09-01T03:46:53,0.2,4980,1547350,1531094,0.3,0.00,0.60,0.00,2.42,0.00,0.00,0.00,3960.0,95830.0,91392.0,0.0,0.0,0.5,0.0,80.502,0.000,0.0,654262.5
2026-09-01T03:46:55,0.2,4979,1547350,1531095,0.3,0.00,1.21,0.00,4.85,0.00,0.00,0.00,3960.0,95830.0,91392.0,0.0,0.0,0.5,0.0,80.549,0.000,0.0,653397.0
2026-09-01T03:46:56,0.2,4978,1547350,1531096,0.3,0.00,0.65,0.00,2.59,0.00,0.00,0.00,3960.0,95830.0,91392.0,0.0,0.0,0.5,0.0,80.570,0.000,0.0,649081.0
2026-09-01T03:46:58,0.2,4974,1547350,1531100,0.3,0.00,0.53,0.00,2.13,0.00,0.00,0.00,3960.0,95830.0,91392.0,0.0,0.0,0.5,0.0,80.644,0.000,0.0,661638.0
2026-09-01T03:47:00,0.2,4973,1547350,1531100,0.3,0.00,1.86,0.00,7.42,0.00,0.33,0.00,3960.0,95830.0,91392.0,0.0,0.0,0.5,0.0,80.626,0.000,0.0,659600.0
2026-09-01T03:47:01,0.3,4978,1547350,1531096,0.3,0.00,0.81,0.00,3.24,0.00,0.00,0.00,3960.0,95830.0,91392.0,0.0,0.0,0.5,0.0,80.637,0.000,0.0,659600.0
2026-09-01T03:47:02,0.2,4975,1547350,1531099,0.3,0.00,1.30,0.00,5.18,0.00,0.00,0.13,3960.0,95830.0,91392.0,0.0,0.0,0.5,0.0,80.645,0.000,0.0,716939.0
2026-09-01T03:47:04,0.2,4974,1547350,1531100,0.3,0.00,0.55,0.00,2.21,0.00,0.00,0.00,3960.0,95830.0,91392.0,0.0,0.0,0.5,0.0,80.627,0.000,0.0,656849.0
2026-09-01T03:47:05,0.2,4974,1547350,1531100,0.3,0.00,6.62,0.00,26.49,0.00,0.00,0.00,3960.0,95830.0,91392.0,0.0,0.0,0.5,0.0,80.686,0.000,0.0,661133.0
2026-09-01T03:47:06,0.2,4973,1547350,1531101,0.3,0.00,0.60,0.00,2.39,0.00,0.00,0.06,3960.0,95830.0,91392.0,0.0,0.0,0.5,0.0,80.675,0.000,0.0,654634.0
2026-09-01T03:47:08,0.2,4972,1547350,1531102,0.3,0.00,0.63,0.00,2.53,0.00,0.00,0.00,3960.0,95830.0,91392.0,0.0,0.0,0.5,0.0,80.718,0.000,0.0,654634.0
2026-09-01T03:47:08,0.3,4970,1547350,1531103,0.3,0.00,2.19,0.00,8.75,0.00,1.00,0.00,3960.0,95830.0,91392.0,0.0,0.0,0.5,0.0,80.670,0.000,0.0,721760.5
2026-09-01T03:47:10,0.2,4970,1547350,1531104,0.3,0.00,0.75,0.00,3.00,0.00,0.00,0.00,3960.0,95830.0,91392.0,0.0,0.0,0.5,0.0,80.659,0.000,0.0,677505.5
2026-09-01T03:47:11,0.2,4969,1547350,1531105,0.3,0.00,1.99,0.00,7.96,0.00,0.00,0.00,3960.0,95830.0,91392.0,0.0,0.0,0.5,0.0,80.712,0.000,0.0,648959.0
2026-09-01T03:47:13,0.2,4965,1547350,1531109,0.3,0.00,0.50,0.00,2.00,0.00,0.00,0.05,3960.0,95830.0,91392.0,0.0,0.0,0.5,0.0,80.696,0.000,0.0,693859.5
2026-09-01T03:47:13,0.3,4965,1547350,1531109,0.3,0.00,1.56,0.00,6.24,0.00,0.00,0.00,3960.0,95830.0,91392.0,0.0,0.0,0.5,0.0,80.686,0.000,0.0,652094.0
2026-09-01T03:47:15,0.2,4965,1547350,1531109,0.3,0.00,16.79,0.00,101.23,0.00,0.09,0.00,3960.0,95830.0,91392.0,0.0,0.0,0.5,0.0,80.703,0.000,0.0,644444.0
2026-09-01T03:47:18,0.2,4964,1547350,1531109,0.3,0.00,0.49,0.00,1.94,0.00,0.00,0.00,3960.0,95830.0,91392.0,0.0,0.0,0.5,0.0,80.707,0.000,0.0,644444.0
2026-09-01T03:47:18,0.2,4963,1547350,1531110,0.3,0.00,1.24,0.00,4.96,0.00,0.00,0.00,3960.0,95830.0,91392.0,0.0,0.0,0.5,0.0,80.650,0.000,0.0,673892.0
2026-09-01T03:47:19,0.2,4962,1547350,1531112,0.3,0.00,1.05,0.00,4.20,0.00,0.00,0.00,3960.0,95830.0,91392.0,0.0,0.0,0.5,0.0,80.697,0.000,0.0,725615.5
2026-09-01T03:47:20,0.2,4962,1547350,1531112,0.3,0.00,0.82,0.00,3.27,0.00,0.00,0.00,3960.0,95830.0,91392.0,0.0,0.0,0.5,0.0,80.712,0.000,0.0,645735.0
2026-09-01T03:47:23,0.2,4962,1547350,1531112,0.3,0.00,0.92,0.00,3.69,0.00,0.50,0.00,3960.0,95830.0,91392.0,0.0,0.0,0.5,0.0,80.754,0.000,0.0,671592.0
2026-09-01T03:47:24,0.2,4961,1547350,1531112,0.3,0.00,0.83,0.00,3.32,0.00,0.00,0.00,3960.0,95830.0,91392.0,0.0,0.0,0.5,0.0,80.695,0.000,0.0,682165.5
2026-09-01T03:47:25,0.2,4960,1547350,1531113,0.3,0.00,1.42,0.00,5.70,0.00,0.00,0.00,3960.0,95830.0,91392.0,0.0,0.0,0.5,0.0,80.759,0.000,0.0,693545.5
2026-09-01T03:47:26,0.2,4959,1547350,1531115,0.3,0.00,0.56,0.00,2.22,0.00,0.00,0.00,3960.0,95830.0,91392.0,0.0,0.0,0.5,0.0,80.764,0.000,0.0,693545.5
2026-09-01T03:47:27,0.3,4959,1547350,1531115,0.3,0.00,2.39,0.00,9.55,0.00,0.00,0.00,3960.0,95830.0,91392.0,0.0,0.0,0.5,0.0,80.781,0.000,0.0,740503.5
2026-09-01T03:47:28,0.2,4958,1547350,1531115,0.3,0.00,1.97,0.00,7.87,0.00,0.00,0.10,3960.0,95830.0,91392.0,0.0,0.0,0.5,0.0,80.734,0.000,0.0,682432.5
2026-09-01T03:47:29,0.2,4959,1547350,1531115,0.3,0.00,0.83,0.00,3.30,0.00,0.00,0.00,3960.0,95830.0,91392.0,0.0,0.0,0.5,0.0,80.766,0.000,0.0,667500.0
2026-09-01T03:47:30,0.2,4959,1547350,1531115,0.3,0.00,0.87,0.00,3.48,0.00,0.00,0.00,3960.0,95830.0,91392.0,0.0,0.0,0.5,0.0,80.724,0.000,0.0,679652.0
2026-09-01T03:47:31,0.2,4958,1547350,1531115,0.3,0.00,0.81,0.00,3.24,0.00,0.00,0.00,3960.0,95830.0,91392.0,0.0,0.0,0.5,0.0,80.764,0.000,0.0,671058.0
2026-09-01T03:47:33,0.2,4956,1547350,1531118,0.3,0.00,2.68,0.00,10.73,0.00,0.00,0.00,3960.0,95830.0,91392.0,0.0,0.0,0.5,0.0,80.774,0.000,0.0,681324.5
2026-09-01T03:47:34,0.2,4955,1547350,1531119,0.3,0.00,1.06,0.00,4.22,0.00,0.00,0.11,3960.0,95830.0,91392.0,0.0,0.0,0.5,0.0,80.798,0.000,0.0,681324.5
2026-09-01T03:47:34,0.2,4958,1547350,1531116,0.3,0.00,1.72,0.00,6.90,0.00,0.00,0.00,3960.0,95830.0,91392.0,0.0,0.0,0.5,0.0,80.748,0.000,0.0,681324.5
2026-09-01T03:47:35,0.2,4958,1547350,1531116,0.3,0.00,2.37,0.00,9.48,0.00,0.00,0.00,3960.0,95830.0,91392.0,0.0,0.0,0.5,0.0,80.756,0.000,0.0,782082.5
2026-09-01T03:47:35,0.2,4959,1547350,1531115,0.3,0.00,1.70,0.00,6.79,0.00,1.00,0.00,3960.0,95830.0,91392.0,0.0,0.0,0.5,0.0,80.828,0.000,0.0,673018.0
2026-09-01T03:47:37,0.2,4958,1547350,1531116,0.3,0.00,0.78,0.00,3.13,0.00,0.00,0.00,3960.0,95830.0,91392.0,0.0,0.0,0.5,0.0,80.784,0.000,0.0,679044.5
2026-09-01T03:47:38,0.2,4958,1547350,1531116,0.3,0.00,1.09,0.00,4.34,0.00,0.00,0.00,3960.0,95830.0,91392.0,0.0,0.0,0.5,0.0,80.882,0.000,0.0,672001.5
2026-09-01T03:47:39,0.2,4959,1547350,1531115,0.3,0.00,1.45,0.00,5.79,0.00,0.00,0.00,3960.0,95830.0,91392.0,0.0,0.0,0.5,0.0,80.879,0.000,0.0,692148.0
2026-09-01T03:47:40,0.2,4959,1547350,1531115,0.3,0.00,0.76,0.00,3.04,0.00,0.00,0.00,3960.0,95830.0,91392.0,0.0,0.0,0.5,0.0,80.898,0.000,0.0,666565.5
2026-09-01T03:47:42,0.2,4958,1547350,1531116,0.3,0.00,0.77,0.00,3.10,0.00,0.00,0.00,3960.0,95830.0,91392.0,0.0,0.0,0.5,0.0,80.870,0.000,0.0,666565.5
2026-09-01T03:47:42,0.2,4958,1547350,1531115,0.3,0.00,1.57,0.00,6.28,0.00,0.00,0.00,3960.0,95830.0,91392.0,0.0,0.0,0.5,0.0,80.864,0.000,0.0,684352.0
2026-09-01T03:47:44,0.2,4959,1547350,1531115,0.3,0.00,0.68,0.00,2.72,0.00,0.00,0.00,3960.0,95830.0,91392.0,0.0,0.0,0.5,0.0,80.930,0.000,0.0,673301.0
2026-09-01T03:47:45,0.2,4958,1547350,1531116,0.3,0.00,1.50,0.00,6.00,0.00,0.00,0.00,3960.0,95830.0,91392.0,0.0,0.0,0.5,0.0,80.938,0.000,0.0,673895.5
2026-09-01T03:47:46,0.2,4959,1547350,1531115,0.3,0.00,11.61,0.00,149.42,0.00,0.08,0.00,3960.0,95830.0,91392.0,0.0,0.0,0.5,0.0,80.925,0.000,0.0,683513.5
2026-09-01T03:47:47,0.2,4957,1547350,1531117,0.3,0.00,0.98,0.00,3.93,0.00,0.00,0.00,3960.0,95830.0,91392.0,0.0,0.0,0.5,0.0,80.922,0.000,0.0,683513.5
2026-09-01T03:47:47,0.3,4956,1547350,1531117,0.3,0.00,2.62,0.00,10.50,0.00,0.00,0.00,3960.0,95830.0,91392.0,0.0,0.0,0.5,0.0,80.952,0.000,0.0,768437.5
2026-09-01T03:47:49,0.2,4958,1547350,1531116,0.3,0.00,0.69,0.00,2.78,0.00,0.00,0.00,3960.0,95830.0,91392.0,0.0,0.0,0.5,0.0,80.957,0.000,0.0,768437.5
2026-09-01T03:47:50,0.2,4957,1547350,1531117,0.3,0.00,1.48,0.00,5.93,0.00,0.00,0.00,3960.0,95830.0,91392.0,0.0,0.0,0.5,0.0,80.945,0.000,0.0,697232.5
2026-09-01T03:47:51,0.2,4957,1547350,1531116,0.3,0.00,2.25,0.00,9.00,0.00,0.33,0.00,3960.0,95830.0,91392.0,0.0,0.0,0.5,0.0,80.928,0.000,0.0,663755.5
2026-09-01T03:47:52,0.2,4957,1547350,1531117,0.3,0.00,0.78,0.00,3.11,0.00,0.00,0.00,3960.0,95830.0,91392.0,0.0,0.0,0.5,0.0,80.904,0.000,0.0,663755.5
2026-09-01T03:47:53,0.3,4958,1547350,1531116,0.3,0.00,2.79,0.00,11.14,0.00,0.00,0.00,3960.0,95830.0,91392.0,0.0,0.0,0.5,0.0,80.941,0.000,0.0,663755.5
2026-09-01T03:47:53,0.2,4956,1547350,1531117,0.3,0.00,1.88,0.00,7.53,0.00,0.00,0.19,3960.0,95830.0,91392.0,0.0,0.0,0.5,0.0,80.918,0.000,0.0,703394.5
2026-09-01T03:47:55,0.2,4957,1547350,1531117,0.3,0.00,0.64,0.00,2.57,0.00,0.00,0.00,3960.0,95830.0,91392.0,0.0,0.0,0.5,0.0,80.963,0.000,0.0,729405.5
2026-09-01T03:47:56,0.2,4957,1547350,1531117,0.3,0.00,2.32,0.00,9.27,0.00,0.00,0.00,3960.0,95830.0,91392.0,0.0,0.0,0.5,0.0,80.925,0.000,0.0,666800.5
2026-09-01T03:47:57,1.4,4958,1547350,1531115,0.3,0.00,0.79,0.00,3.15,0.00,0.00,0.00,3960.0,95830.0,91392.0,0.0,0.0,0.5,0.0,80.898,0.000,0.0,675214.0
2026-09-01T03:47:58,0.2,4957,1547350,1531117,0.3,0.00,0.73,0.00,2.91,0.00,0.00,0.00,3960.0,95830.0,91392.0,0.0,0.0,0.5,0.0,80.940,0.000,0.0,657106.5
2026-09-01T03:48:00,0.2,4958,1547350,1531116,0.3,0.00,0.67,0.00,2.69,0.00,0.00,0.00,3960.0,95830.0,91392.0,0.0,0.0,0.5,0.0,80.977,0.000,0.0,680843.5
2026-09-01T03:48:01,0.2,4958,1547350,1531116,0.3,0.00,2.72,0.00,10.90,0.00,0.00,0.00,3960.0,95830.0,91392.0,0.0,0.0,0.5,0.0,80.916,0.000,0.0,658905.5
2026-09-01T03:48:02,0.3,4958,1547350,1531115,0.3,0.00,0.64,0.00,2.55,0.00,0.00,0.00,3960.0,95830.0,91392.0,0.0,0.0,0.5,0.0,80.936,0.000,0.0,659948.0
2026-09-01T03:48:04,0.2,4959,1547350,1531115,0.3,0.00,0.72,0.00,2.88,0.00,0.00,0.00,3960.0,95830.0,91392.0,0.0,0.0,0.5,0.0,80.954,0.000,0.0,659948.0
2026-09-01T03:48:05,0.2,4959,1547350,1531115,0.3,0.00,0.94,0.00,3.77,0.00,0.00,0.00,3960.0,95830.0,91392.0,0.0,0.0,0.5,0.0,80.953,0.000,0.0,670795.5
2026-09-01T03:48:06,0.2,4959,1547350,1531115,0.3,0.00,4.96,0.00,22.30,0.00,0.12,0.00,3960.0,95830.0,91392.0,0.0,0.0,0.5,0.0,80.971,0.000,0.0,659932.5
2026-09-01T03:48:08,0.2,4960,1547350,1531114,0.3,0.00,0.61,0.00,2.43,0.00,0.00,0.00,3960.0,95830.0,91392.0,0.0,0.0,0.5,0.0,80.977,0.000,0.0,658049.5
2026-09-01T03:48:09,0.2,4959,1547350,1531114,0.3,0.00,0.83,0.00,3.31,0.00,0.00,0.00,3960.0,95830.0,91392.0,0.0,0.0,0.5,0.0,80.976,0.000,0.0,662711.0
2026-09-01T03:48:11,0.2,4955,1547350,1531119,0.3,0.00,0.65,0.00,2.61,0.00,0.00,0.00,3960.0,95830.0,91392.0,0.0,0.0,0.5,0.0,80.947,0.000,0.0,686520.0
2026-09-01T03:48:12,0.2,4955,1547350,1531119,0.3,0.00,3.08,0.00,12.34,0.00,0.25,0.00,3960.0,95830.0,91392.0,0.0,0.0,0.5,0.0,80.928,0.000,0.0,663383.0
2026-09-01T03:48:14,0.2,4957,1547350,1531117,0.3,0.00,0.64,0.00,2.58,0.00,0.00,0.00,3960.0,95830.0,91392.0,0.0,0.0,0.5,0.0,81.007,0.000,0.0,648801.0
2026-09-01T03:48:15,0.2,4961,1547350,1531113,0.3,0.00,0.61,0.00,2.43,0.00,0.00,0.00,3960.0,95830.0,91392.0,0.0,0.0,0.5,0.0,80.990,0.000,0.0,688632.0
2026-09-01T03:48:16,0.2,4961,1547350,1531113,0.3,0.00,1.64,0.00,17.65,0.00,0.00,0.00,3960.0,95830.0,91392.0,0.0,0.0,0.5,0.0,80.930,0.000,0.0,688632.0
2026-09-01T03:48:17,0.2,4960,1547350,1531113,0.3,0.00,3.12,0.00,12.50,0.00,0.00,0.00,3960.0,95830.0,91392.0,0.0,0.0,0.5,0.0,80.941,0.000,0.0,681216.0
2026-09-01T03:48:19,0.2,4959,1547350,1531115,0.3,0.00,0.63,0.00,2.54,0.00,0.00,0.00,3960.0,95830.0,91392.0,0.0,0.0,0.5,0.0,80.935,0.000,0.0,657272.0
2026-09-01T03:48:21,0.2,4959,1547350,1531115,0.3,0.00,0.50,0.00,2.02,0.00,0.00,0.00,3960.0,95830.0,91392.0,0.0,0.0,0.5,0.0,80.920,0.000,0.0,656405.5
2026-09-01T03:48:22,0.2,4959,1547350,1531115,0.3,0.00,0.62,0.00,2.47,0.00,0.00,0.00,3960.0,95830.0,91392.0,0.0,0.0,0.5,0.0,80.995,0.000,0.0,678898.5
2026-09-01T03:48:23,0.2,4959,1547350,1531115,0.3,0.00,0.94,0.00,3.77,0.00,0.00,0.00,3960.0,95830.0,91392.0,0.0,0.0,0.5,0.0,81.049,0.000,0.0,678898.5
2026-09-01T03:48:24,0.2,4958,1547350,1531116,0.3,0.00,1.86,0.00,7.42,0.00,0.00,0.00,3960.0,95830.0,91392.0,0.0,0.0,0.5,0.0,81.011,0.000,0.0,697607.0
2026-09-01T03:48:25,0.2,4960,1547350,1531114,0.3,0.00,2.29,0.00,9.17,0.00,0.00,0.23,3960.0,95830.0,91392.0,0.0,0.0,0.5,0.0,81.022,0.000,0.0,733637.0
2026-09-01T03:48:27,0.2,4959,1547350,1531114,0.3,0.00,0.58,0.00,2.31,0.00,0.00,0.00,3960.0,95830.0,91392.0,0.0,0.0,0.5,0.0,81.089,0.000,0.0,649072.0
2026-09-01T03:48:28,0.2,4959,1547350,1531115,0.3,0.00,0.60,0.00,2.42,0.00,0.00,0.00,3960.0,95830.0,91392.0,0.0,0.0,0.5,0.0,81.049,0.000,0.0,649072.0
2026-09-01T03:48:29,0.2,4958,1547350,1531115,0.3,0.00,1.17,0.00,4.66,0.00,0.00,0.00,3960.0,95830.0,91392.0,0.0,0.0,0.5,0.0,81.083,0.000,0.0,699410.5
2026-09-01T03:48:30,0.2,4958,1547350,1531116,0.3,0.00,2.00,0.00,12.00,0.00,0.50,0.00,3960.0,95830.0,91392.0,0.0,0.0,0.5,0.0,81.094,0.000,0.0,699410.5
2026-09-01T03:48:31,0.2,4959,1547350,1531115,0.3,0.00,1.43,0.00,5.71,0.00,0.00,0.14,3960.0,95830.0,91392.0,0.0,0.0,0.5,0.0,81.109,0.000,0.0,690176.0
2026-09-01T03:48:32,0.2,4958,1547350,1531116,0.3,0.00,0.93,0.00,3.72,0.00,0.00,0.00,3960.0,95830.0,91392.0,0.0,0.0,0.5,0.0,81.125,0.000,0.0,690176.0
2026-09-01T03:48:33,0.2,4958,1547350,1531116,0.3,0.00,1.37,0.00,5.49,0.00,0.00,0.00,3960.0,95830.0,91392.0,0.0,0.0,0.5,0.0,81.142,0.000,0.0,726837.5
2026-09-01T03:48:34,0.2,4959,1547350,1531115,0.3,0.00,0.75,0.00,3.01,0.00,0.00,0.08,3960.0,95830.0,91392.0,0.0,0.0,0.5,0.0,81.154,0.000,0.0,726837.5
2026-09-01T03:48:34,0.2,4960,1547350,1531113,0.3,0.00,8.00,0.00,32.00,0.00,0.00,0.00,3960.0,95830.0,91392.0,0.0,0.0,0.5,0.0,81.194,0.000,0.0,707022.5
2026-09-01T03:48:36,0.2,4959,1547350,1531115,0.3,0.00,0.66,0.00,2.63,0.00,0.00,0.00,3960.0,95830.0,91392.0,0.0,0.0,0.5,0.0,81.121,0.000,0.0,660976.5
2026-09-01T03:48:37,0.2,4959,1547350,1531114,0.3,0.00,0.76,0.00,3.06,0.00,0.00,0.00,3960.0,95830.0,91392.0,0.0,0.0,0.5,0.0,81.197,0.000,0.0,686494.5
2026-09-01T03:48:39,0.2,4960,1547350,1531114,0.3,0.00,0.75,0.00,2.98,0.00,0.00,0.00,3960.0,95830.0,91392.0,0.0,0.0,0.5,0.0,81.160,0.000,0.0,677904.0
2026-09-01T03:48:40,0.2,4961,1547350,1531113,0.3,0.00,1.44,0.00,5.75,0.00,0.00,0.00,3960.0,95830.0,91392.0,0.0,0.0,0.5,0.0,81.127,0.000,0.0,658191.5
2026-09-01T03:48:42,0.2,4961,1547350,1531113,0.3,0.00,0.63,0.00,2.50,0.00,0.00,0.06,3960.0,95830.0,91392.0,0.0,0.0,0.5,0.0,81.168,0.000,0.0,686066.0
2026-09-01T03:48:43,0.2,4960,1547350,1531113,0.3,0.00,0.85,0.00,3.40,0.00,0.00,0.00,3960.0,95830.0,91392.0,0.0,0.0,0.5,0.0,81.163,0.000,0.0,672790.5
2026-09-01T03:48:44,0.2,4960,1547350,1531114,0.3,0.00,0.73,0.00,2.93,0.00,0.00,0.00,3960.0,95830.0,91392.0,0.0,0.0,0.5,0.0,81.143,0.000,0.0,672790.5
2026-09-01T03:48:45,0.2,4960,1547350,1531114,0.3,0.00,1.82,0.00,7.29,0.00,0.00,0.00,3960.0,95830.0,91392.0,0.0,0.0,0.5,0.0,81.201,0.000,0.0,714385.5
2026-09-01T03:48:45,0.2,4961,1547350,1531113,0.3,0.00,1.23,0.00,4.91,0.00,1.00,0.00,3960.0,95830.0,91392.0,0.0,0.0,0.5,0.0,81.138,0.000,0.0,686726.0
2026-09-01T03:48:46,0.2,4961,1547350,1531113,0.3,0.00,13.73,0.00,146.57,0.00,0.07,0.00,3960.0,95830.0,91392.0,0.0,0.0,0.5,0.0,81.183,0.000,0.0,686726.0
2026-09-01T03:48:47,0.2,4960,1547350,1531114,0.3,0.00,1.04,0.00,4.15,0.00,0.00,0.00,3960.0,95830.0,91392.0,0.0,0.0,0.5,0.0,81.184,0.000,0.0,723749.0
2026-09-01T03:48:48,0.2,4959,1547350,1531114,0.3,0.00,1.15,0.00,4.61,0.00,0.00,0.00,3960.0,95830.0,91392.0,0.0,0.0,0.5,0.0,81.142,0.000,0.0,723749.0
2026-09-01T03:48:49,0.2,4959,1547350,1531114,0.3,0.00,1.85,0.00,7.39,0.00,0.00,0.00,3960.0,95830.0,91392.0,0.0,0.0,0.5,0.0,81.180,0.000,0.0,699540.5
2026-09-01T03:48:50,0.2,4960,1547350,1531114,0.3,0.00,0.84,0.00,3.35,0.00,0.00,0.00,3960.0,95830.0,91392.0,0.0,0.0,0.5,0.0,81.188,0.000,0.0,699540.5
2026-09-01T03:48:50,0.2,4960,1547350,1531114,0.3,0.00,2.19,0.00,8.75,0.00,0.00,0.00,3960.0,95830.0,91392.0,0.0,0.0,0.5,0.0,81.215,0.000,0.0,691897.0
2026-09-01T03:48:52,0.2,4961,1547350,1531113,0.3,0.00,0.74,0.00,2.95,0.00,0.00,0.00,3960.0,95830.0,91392.0,0.0,0.0,0.5,0.0,81.168,0.000,0.0,673507.0
2026-09-01T03:48:53,0.2,4962,1547350,1531111,0.3,0.00,1.61,0.00,6.43,0.00,0.00,0.08,3960.0,95830.0,91392.0,0.0,0.0,0.5,0.0,81.212,0.000,0.0,676513.0
2026-09-01T03:48:54,0.2,4963,1547350,1531111,0.3,0.00,0.81,0.00,3.25,0.00,0.00,0.00,3960.0,95830.0,91392.0,0.0,0.0,0.5,0.0,81.177,0.000,0.0,676513.0
2026-09-01T03:48:55,0.2,4963,1547350,1531111,0.3,0.00,0.97,0.00,3.88,0.00,0.00,0.00,3960.0,95830.0,91392.0,0.0,0.0,0.5,0.0,81.185,0.000,0.0,689635.0
2026-09-01T03:48:57,0.2,4965,1547350,1531109,0.3,0.00,0.66,0.00,2.62,0.00,0.00,0.00,3960.0,95830.0,91392.0,0.0,0.0,0.5,0.0,81.209,0.000,0.0,658757.0
2026-09-01T03:48:59,0.2,4966,1547350,1531108,0.3,0.00,1.18,0.00,4.73,0.00,0.00,0.00,3960.0,95830.0,91392.0,0.0,0.0,0.5,0.0,81.191,0.000,0.0,652013.5
2026-09-01T03:49:00,0.2,4967,1547350,1531106,0.3,0.00,0.76,0.00,3.02,0.00,0.00,0.00,3960.0,95830.0,91392.0,0.0,0.0,0.5,0.0,81.184,0.000,0.0,662618.0
2026-09-01T03:49:01,0.3,4972,1547350,1531102,0.3,0.00,0.68,0.00,2.71,0.00,0.00,0.00,3960.0,95830.0,91392.0,0.0,0.0,0.5,0.0,81.204,0.000,0.0,662618.0
2026-09-01T03:49:02,0.2,4974,1547350,1531099,0.3,0.00,0.99,0.00,3.97,0.00,1.00,0.00,3960.0,95830.0,91392.0,0.0,0.0,0.5,0.0,81.230,0.000,0.0,672702.0
2026-09-01T03:49:04,0.2,4975,1547350,1531099,0.3,0.00,5.75,0.00,23.00,0.00,0.00,0.00,3960.0,95830.0,91392.0,0.0,0.0,0.5,0.0,81.214,0.000,0.0,662704.5
2026-09-01T03:49:05,0.2,4976,1547350,1531098,0.3,0.00,0.82,0.00,3.29,0.00,0.00,0.00,3960.0,95830.0,91392.0,0.0,0.0,0.5,0.0,81.174,0.000,0.0,662704.5
2026-09-01T03:49:06,0.3,4976,1547350,1531098,0.3,0.00,1.50,0.00,6.00,0.00,0.00,0.00,3960.0,95830.0,91392.0,0.0,0.0,0.5,0.0,81.176,0.000,0.0,692449.0
2026-09-01T03:49:07,0.2,4977,1547350,1531097,0.3,0.00,0.62,0.00,2.50,0.00,1.00,0.00,3960.0,95830.0,91392.0,0.0,0.0,0.5,0.0,81.206,0.000,0.0,652665.0
2026-09-01T03:49:09,0.2,4977,1547350,1531097,0.3,0.00,1.27,0.00,5.08,0.00,0.00,0.00,3960.0,95830.0,91392.0,0.0,0.0,0.5,0.0,81.213,0.000,0.0,664620.0
2026-09-01T03:49:11,0.2,4975,1547350,1531099,0.3,0.00,0.58,0.00,2.31,0.00,0.00,0.00,3960.0,95830.0,91392.0,0.0,0.0,0.5,0.0,81.212,0.000,0.0,646242.5
2026-09-01T03:49:13,0.2,4975,1547350,1531099,0.3,0.00,0.53,0.00,2.11,0.00,0.00,0.00,3960.0,95830.0,91392.0,0.0,0.0,0.5,0.0,81.193,0.000,0.0,650613.5
2026-09-01T03:49:14,0.2,4976,1547350,1531098,0.3,0.00,2.51,0.00,12.56,0.00,0.00,0.00,3960.0,95830.0,91392.0,0.0,0.0,0.5,0.0,81.237,0.000,0.0,663115.5
2026-09-01T03:49:16,0.2,4979,1547350,1531095,0.3,0.00,0.54,0.00,2.18,0.00,0.00,0.00,3960.0,95830.0,91392.0,0.0,0.0,0.5,0.0,81.223,0.000,0.0,683854.5
2026-09-01T03:49:18,0.2,4979,1547350,1531095,0.3,0.00,1.25,0.00,14.74,0.00,0.00,0.00,3960.0,95830.0,91392.0,0.0,0.0,0.5,0.0,81.240,0.000,0.0,668791.5
2026-09-01T03:49:19,0.2,4978,1547350,1531095,0.3,0.00,0.80,0.00,3.20,0.00,0.00,0.00,3960.0,95830.0,91392.0,0.0,0.0,0.5,0.0,81.184,0.000,0.0,668791.5
2026-09-01T03:49:20,0.2,4979,1547350,1531095,0.3,0.00,2.50,0.00,9.99,0.00,0.50,0.00,3960.0,95830.0,91392.0,0.0,0.0,0.5,0.0,81.173,0.000,0.0,670060.0
2026-09-01T03:49:21,0.2,4979,1547350,1531095,0.3,0.00,0.55,0.00,2.21,0.00,0.00,0.00,3960.0,95830.0,91392.0,0.0,0.0,0.5,0.0,81.229,0.000,0.0,687089.5
2026-09-01T03:49:22,0.2,4979,1547350,1531094,0.3,0.00,0.99,0.00,3.94,0.00,0.00,0.00,3960.0,95830.0,91392.0,0.0,0.0,0.5,0.0,81.274,0.000,0.0,633264.0
2026-09-01T03:49:25,0.2,4981,1547350,1531093,0.3,0.00,0.50,0.00,1.99,0.00,0.00,0.00,3960.0,95830.0,91392.0,0.0,0.0,0.5,0.0,81.228,0.000,0.0,702435.5
2026-09-01T03:49:26,0.2,4981,1547350,1531092,0.3,0.00,1.98,0.00,7.92,0.00,0.00,0.00,3960.0,95830.0,91392.0,0.0,0.0,0.5,0.0,81.186,0.000,0.0,683728.5
2026-09-01T03:49:28,0.2,4987,1547350,1531087,0.3,0.00,0.46,0.00,1.83,0.00,0.00,0.00,3960.0,95830.0,91392.0,0.0,0.0,0.5,0.0,81.244,0.000,0.0,683728.5
2026-09-01T03:49:29,0.2,4988,1547350,1531086,0.3,0.00,1.20,0.00,4.80,0.00,0.00,0.00,3960.0,95830.0,91392.0,0.0,0.0,0.5,0.0,81.299,0.000,0.0,713594.5
2026-09-01T03:49:29,0.3,4987,1547350,1531086,0.3,0.00,2.17,0.00,8.70,0.00,0.00,0.22,3960.0,95830.0,91392.0,0.0,0.0,0.5,0.0,81.279,0.000,0.0,663648.5
2026-09-01T03:49:30,0.2,4988,1547350,1531086,0.3,0.00,0.67,0.00,2.69,0.00,0.00,0.00,3960.0,95830.0,91392.0,0.0,0.0,0.5,0.0,81.288,0.000,0.0,658183.5
2026-09-01T03:49:32,0.2,4986,1547350,1531087,0.3,0.00,0.67,0.00,2.68,0.00,0.00,0.00,3960.0,95830.0,91392.0,0.0,0.0,0.5,0.0,81.261,0.000,0.0,666232.5
2026-09-01T03:49:33,0.2,4987,1547350,1531086,0.3,0.00,2.69,0.00,14.32,0.00,0.00,0.00,3960.0,95830.0,91392.0,0.0,0.0,0.5,0.0,81.266,0.000,0.0,666232.5
2026-09-01T03:49:34,0.3,4987,1547350,1531087,0.3,0.00,2.40,0.00,9.62,0.00,0.00,0.00,3960.0,95830.0,91392.0,0.0,0.0,0.5,0.0,81.343,0.000,0.0,762587.0
2026-09-01T03:49:35,0.2,4987,1547350,1531087,0.3,0.00,1.00,0.00,4.00,0.00,0.00,0.00,3960.0,95830.0,91392.0,0.0,0.0,0.5,0.0,81.358,0.000,0.0,686234.0
2026-09-01T03:49:36,0.2,4987,1547350,1531087,0.3,0.00,0.99,0.00,3.97,0.00,0.00,0.00,3960.0,95830.0,91392.0,0.0,0.0,0.5,0.0,81.376,0.000,0.0,686234.0
2026-09-01T03:49:36,0.2,4988,1547350,1531086,0.3,0.00,1.39,0.00,5.58,0.00,0.00,0.00,3960.0,95830.0,91392.0,0.0,0.0,0.5,0.0,81.316,0.000,0.0,720231.0
2026-09-01T03:49:37,0.3,4989,1547350,1531085,0.3,0.00,1.39,0.00,5.54,0.00,0.00,0.00,3960.0,95830.0,91392.0,0.0,0.0,0.5,0.0,81.373,0.000,0.0,698980.0
2026-09-01T03:49:38,0.2,4989,1547350,1531084,0.3,0.00,0.91,0.00,3.66,0.00,1.00,0.00,3960.0,95830.0,91392.0,0.0,0.0,0.5,0.0,81.393,0.000,0.0,698980.0
2026-09-01T03:49:39,0.3,4989,1547350,1531085,0.3,0.00,4.02,0.00,16.06,0.00,0.00,0.00,3960.0,95830.0,91392.0,0.0,0.0,0.5,0.0,81.316,0.000,0.0,742954.0
2026-09-01T03:49:39,0.2,4989,1547350,1531084,0.3,0.00,1.47,0.00,5.90,0.00,0.00,0.00,3960.0,95830.0,91392.0,0.0,0.0,0.5,0.0,81.340,0.000,0.0,742954.0
2026-09-01T03:49:40,0.3,4988,1547350,1531085,0.3,0.00,1.94,0.00,7.77,0.00,0.00,0.00,3960.0,95830.0,91392.0,0.0,0.0,0.5,0.0,81.337,0.000,0.0,706588.0
2026-09-01T03:49:41,0.2,4988,1547350,1531086,0.3,0.00,0.85,0.00,3.40,0.00,0.00,0.00,3960.0,95830.0,91392.0,0.0,0.0,0.5,0.0,81.405,0.000,0.0,706588.0
2026-09-01T03:49:42,0.3,4988,1547350,1531086,0.3,0.00,1.54,0.00,6.14,0.00,0.00,0.00,3960.0,95830.0,91392.0,0.0,0.0,0.5,0.0,81.397,0.000,0.0,717311.0
2026-09-01T03:49:43,0.2,4988,1547350,1531086,0.3,0.00,1.01,0.00,4.06,0.00,0.00,0.00,3960.0,95830.0,91392.0,0.0,0.0,0.5,0.0,81.394,0.000,0.0,665988.0
2026-09-01T03:49:44,0.2,4988,1547350,1531086,0.3,0.00,1.41,0.00,5.63,0.00,0.00,0.00,3960.0,95830.0,91392.0,0.0,0.0,0.5,0.0,81.383,0.000,0.0,744948.0
2026-09-01T03:49:45,0.2,4988,1547350,1531086,0.3,0.00,0.91,0.00,3.64,0.00,0.00,0.00,3960.0,95830.0,91392.0,0.0,0.0,0.5,0.0,81.371,0.000,0.0,653880.0
2026-09-01T03:49:47,0.2,4988,1547350,1531086,0.3,0.00,0.66,0.00,2.64,0.00,0.00,0.00,3960.0,95830.0,91392.0,0.0,0.0,0.5,0.0,81.421,0.000,0.0,653880.0
2026-09-01T03:49:47,0.2,4988,1547350,1531086,0.3,0.00,17.83,0.00,201.65,0.00,0.08,0.00,3960.0,95830.0,91392.0,0.0,0.0,0.5,0.0,81.397,0.000,0.0,694562.5
2026-09-01T03:49:48,0.2,4987,1547350,1531087,0.3,0.00,0.96,0.00,3.82,0.00,0.00,0.00,3960.0,95830.0,91392.0,0.0,0.0,0.5,0.0,81.384,0.000,0.0,694562.5
2026-09-01T03:49:49,0.2,4988,1547350,1531086,0.3,0.00,2.53,0.00,10.10,0.00,0.00,0.00,3960.0,95830.0,91392.0,0.0,0.0,0.5,0.0,81.374,0.000,0.0,720343.5
2026-09-01T03:49:50,0.2,4988,1547350,1531086,0.3,0.00,1.25,0.00,5.01,0.00,0.00,0.00,3960.0,95830.0,91392.0,0.0,0.0,0.5,0.0,81.395,0.000,0.0,645464.0
2026-09-01T03:49:52,0.2,4989,1547350,1531085,0.3,0.00,0.60,0.00,2.40,0.00,0.00,0.00,3960.0,95830.0,91392.0,0.0,0.0,0.5,0.0,81.387,0.000,0.0,684019.5
2026-09-01T03:49:53,0.2,4988,1547350,1531086,0.3,0.00,0.83,0.00,3.33,0.00,1.00,0.08,3960.0,95830.0,91392.0,0.0,0.0,0.5,0.0,81.416,0.000,0.0,662509.0
2026-09-01T03:49:54,0.2,4989,1547350,1531085,0.3,0.00,0.75,0.00,2.98,0.00,0.00,0.00,3960.0,95830.0,91392.0,0.0,0.0,0.5,0.0,81.435,0.000,0.0,662509.0
2026-09-01T03:49:55,0.2,4989,1547350,1531084,0.3,0.00,2.02,0.00,8.08,0.00,0.00,0.00,3960.0,95830.0,91392.0,0.0,0.0,0.5,0.0,81.381,0.000,0.0,682206.5
2026-09-01T03:49:57,0.2,4990,1547350,1531084,0.3,0.00,0.67,0.00,2.67,0.00,0.00,0.00,3960.0,95830.0,91392.0,0.0,0.0,0.5,0.0,81.386,0.000,0.0,682206.5
2026-09-01T03:49:57,0.2,4990,1547350,1531084,0.3,0.00,1.40,0.00,5.59,0.00,0.00,0.00,3960.0,95830.0,91392.0,0.0,0.0,0.5,0.0,81.438,0.000,0.0,704581.5
2026-09-01T03:49:58,0.2,4990,1547350,1531084,0.3,0.00,1.49,0.00,5.98,0.00,0.00,0.00,3960.0,95830.0,91392.0,0.0,0.0,0.5,0.0,81.419,0.000,0.0,704581.5
2026-09-01T03:49:59,0.2,4990,1547350,1531084,0.3,0.00,1.58,0.00,6.34,0.00,0.00,0.00,3960.0,95830.0,91392.0,0.0,0.0,0.5,0.0,81.388,0.000,0.0,690362.0
2026-09-01T03:50:00,0.2,4991,1547350,1531083,0.3,0.00,1.32,0.00,5.30,0.00,0.00,0.07,3960.0,95830.0,91392.0,0.0,0.0,0.5,0.0,81.424,0.000,0.0,672666.5
2026-09-01T03:50:02,0.3,4994,1547350,1531080,0.3,0.00,0.58,0.00,2.32,0.00,0.00,0.00,3960.0,95830.0,91392.0,0.0,0.0,0.5,0.0,81.395,0.000,0.0,652402.5
2026-09-01T03:50:03,0.2,4994,1547350,1531079,0.3,0.00,0.65,0.00,2.59,0.00,0.00,0.00,3960.0,95830.0,91392.0,0.0,0.0,0.5,0.0,81.353,0.000,0.0,653500.0
2026-09-01T03:50:05,0.2,4994,1547350,1531080,0.3,0.00,0.60,0.00,2.41,0.00,0.00,0.00,3960.0,95830.0,91392.0,0.0,0.0,0.5,0.0,81.394,0.000,0.0,653500.0
2026-09-01T03:50:06,0.2,4994,1547350,1531080,0.3,0.00,2.44,0.00,9.78,0.00,0.00,0.00,3960.0,95830.0,91392.0,0.0,0.0,0.5,0.0,81.421,0.000,0.0,686316.0
2026-09-01T03:50:07,0.2,4993,1547350,1531081,0.3,0.00,5.38,0.00,21.51,0.00,0.11,0.00,3960.0,95830.0,91392.0,0.0,0.0,0.5,0.0,81.406,0.000,0.0,645631.5
2026-09-01T03:50:09,0.2,4993,1547350,1531081,0.3,0.00,0.51,0.00,2.04,0.00,0.00,0.00,3960.0,95830.0,91392.0,0.0,0.0,0.5,0.0,81.389,0.000,0.0,673733.0
2026-09-01T03:50:10,0.2,4993,1547350,1531081,0.3,0.00,0.98,0.00,3.90,0.00,0.00,0.00,3960.0,95830.0,91392.0,0.0,0.0,0.5,0.0,81.350,0.000,0.0,643909.0
2026-09-01T03:50:12,0.2,4992,1547350,1531082,0.3,0.00,2.26,0.00,9.05,0.00,0.25,0.00,3960.0,95830.0,91392.0,0.0,0.0,0.5,0.0,81.421,0.000,0.0,666116.0
2026-09-01T03:50:13,0.2,4991,1547350,1531083,0.3,0.00,0.68,0.00,2.73,0.00,0.00,0.00,3960.0,95830.0,91392.0,0.0,0.0,0.5,0.0,81.395,0.000,0.0,666116.0
2026-09-01T03:50:14,0.2,4991,1547350,1531083,0.3,0.00,1.01,0.00,4.02,0.00,0.00,0.00,3960.0,95830.0,91392.0,0.0,0.0,0.5,0.0,81.386,0.000,0.0,687851.0
2026-09-01T03:50:15,0.2,4990,1547350,1531083,0.3,0.00,1.02,0.00,4.09,0.00,0.00,0.10,3960.0,95830.0,91392.0,0.0,0.0,0.5,0.0,81.452,0.000,0.0,685996.5
2026-09-01T03:50:17,0.2,4991,1547350,1531083,0.3,0.00,1.37,0.00,17.11,0.00,0.00,0.00,3960.0,95830.0,91392.0,0.0,0.0,0.5,0.0,81.358,0.000,0.0,649773.5
2026-09-01T03:50:18,0.2,4990,1547350,1531084,0.3,0.00,1.27,0.00,5.08,0.00,0.00,0.00,3960.0,95830.0,91392.0,0.0,0.0,0.5,0.0,81.398,0.000,0.0,682096.0
2026-09-01T03:50:20,0.2,4991,1547350,1531083,0.3,0.00,0.51,0.00,2.03,0.00,0.00,0.00,3960.0,95830.0,91392.0,0.0,0.0,0.5,0.0,81.414,0.000,0.0,668425.5
2026-09-01T03:50:22,0.2,4992,1547350,1531082,0.3,0.00,0.49,0.00,1.97,0.00,0.00,0.00,3960.0,95830.0,91392.0,0.0,0.0,0.5,0.0,81.421,0.000,0.0,672851.5
2026-09-01T03:50:23,0.2,4992,1547350,1531082,0.3,0.00,1.89,0.00,7.56,0.00,0.00,0.00,3960.0,95830.0,91392.0,0.0,0.0,0.5,0.0,81.407,0.000,0.0,713985.0
2026-09-01T03:50:25,0.4,4692,1547350,1531416,0.3,0.00,0.56,0.00,2.24,0.00,0.00,0.06,4.0,95830.0,95347.0,2.0,0.5,0.5,3.5,82.233,0.000,0.0,713985.0
2026-09-01T03:50:26,0.5,4644,1547350,1531464,0.3,0.00,1.23,0.00,4.90,0.00,0.00,0.00,4.0,95830.0,95347.0,0.0,0.0,0.5,0.0,82.963,0.002,0.0,10416834.5
2026-09-01T03:50:27,0.2,4643,1547350,1531465,0.3,0.00,1.26,0.00,5.06,0.00,0.00,0.00,4.0,95830.0,95347.0,0.0,0.0,0.5,0.0,81.746,0.000,0.0,693381.5
2026-09-01T03:50:28,0.2,4645,1547350,1531462,0.3,0.00,0.98,0.00,3.93,0.00,0.00,0.00,4.0,95830.0,95347.0,0.0,0.0,0.5,0.0,65.893,0.000,0.0,657660.5
2026-09-01T03:50:29,0.2,4645,1547350,1531463,0.3,0.00,1.38,0.00,5.54,0.00,0.50,0.00,4.0,95830.0,95347.0,0.0,0.0,0.5,0.0,65.853,0.000,0.0,650582.0
2026-09-01T03:50:31,0.2,4645,1547350,1531463,0.3,0.00,0.53,0.00,2.11,0.00,0.00,0.00,4.0,95830.0,95347.0,0.0,0.0,0.5,0.0,65.852,0.000,0.0,650582.0
2026-09-01T03:50:32,0.2,4644,1547350,1531464,0.3,0.00,1.59,0.00,6.38,0.00,0.00,0.00,4.0,95830.0,95347.0,0.0,0.0,0.5,0.0,65.835,0.000,0.0,695779.5
2026-09-01T03:50:33,0.2,4644,1547350,1531463,0.3,0.00,0.87,0.00,3.48,0.00,0.00,0.09,4.0,95830.0,95347.0,0.0,0.0,0.5,0.0,65.779,0.000,0.0,691836.0
2026-09-01T03:50:34,0.2,4644,1547350,1531464,0.3,0.00,0.97,0.00,3.87,0.00,0.00,0.00,4.0,95830.0,95347.0,0.0,0.0,0.5,0.0,65.758,0.000,0.0,691836.0
2026-09-01T03:50:35,0.2,4644,1547350,1531464,0.3,0.00,1.86,0.00,7.42,0.00,0.00,0.00,4.0,95830.0,95347.0,0.0,0.0,0.5,0.0,65.736,0.000,0.0,720697.5
2026-09-01T03:50:36,0.2,4643,1547350,1531464,0.3,0.00,2.05,0.00,10.91,0.00,0.00,0.00,4.0,95830.0,95347.0,0.0,0.0,0.5,0.0,65.710,0.000,0.0,667549.0
2026-09-01T03:50:38,0.2,4644,1547350,1531464,0.3,0.00,0.67,0.00,2.69,0.00,0.00,0.00,4.0,95830.0,95347.0,0.0,0.0,0.5,0.0,65.683,0.000,0.0,671209.5
2026-09-01T03:50:39,0.2,4645,1547350,1531462,0.3,0.00,0.97,0.00,3.89,0.00,0.00,0.00,4.0,95830.0,95347.0,0.0,0.0,0.5,0.0,65.681,0.000,0.0,730785.0
2026-09-01T03:50:40,0.2,4646,1547350,1531461,0.3,0.00,0.74,0.00,2.96,0.00,0.00,0.00,4.0,95830.0,95347.0,0.0,0.0,0.5,0.0,65.677,0.000,0.0,730785.0
2026-09-01T03:50:40,0.3,4646,1547350,1531462,0.3,0.00,2.61,0.00,10.44,0.00,0.00,0.00,4.0,95830.0,95347.0,0.0,0.0,0.5,0.0,65.682,0.000,0.0,709856.0
2026-09-01T03:50:42,0.2,4646,1547350,1531462,0.3,0.00,1.35,0.00,5.40,0.00,0.00,0.00,4.0,95830.0,95347.0,0.0,0.0,0.5,0.0,65.667,0.000,0.0,709856.0
2026-09-01T03:50:43,0.2,4646,1547350,1531462,0.3,0.00,0.87,0.00,3.48,0.00,0.00,0.00,4.0,95830.0,95347.0,0.0,0.0,0.5,0.0,65.674,0.000,0.0,723569.5
2026-09-01T03:50:43,0.2,4647,1547350,1531461,0.3,0.00,1.83,0.00,7.34,0.00,0.00,0.00,4.0,95830.0,95347.0,0.0,0.0,0.5,0.0,65.660,0.000,0.0,649068.0
2026-09-01T03:50:45,0.2,4647,1547350,1531460,0.3,0.00,0.60,0.00,2.40,0.00,0.00,0.00,4.0,95830.0,95347.0,0.0,0.0,0.5,0.0,65.666,0.000,0.0,682894.0
2026-09-01T03:50:46,0.2,4647,1547350,1531460,0.3,0.00,1.47,0.00,5.88,0.00,0.50,0.00,4.0,95830.0,95347.0,0.0,0.0,0.5,0.0,65.641,0.000,0.0,681350.0
2026-09-01T03:50:48,0.2,4647,1547350,1531461,0.3,0.00,9.20,0.00,102.39,0.00,0.07,0.00,4.0,95830.0,95347.0,0.0,0.0,0.5,0.0,65.652,0.000,0.0,681350.0
2026-09-01T03:50:49,0.2,4647,1547350,1531461,0.3,0.00,1.19,0.00,4.76,0.00,0.00,0.00,4.0,95830.0,95347.0,0.0,0.0,0.5,0.0,65.644,0.000,0.0,683591.5
2026-09-01T03:50:50,0.2,4647,1547350,1531461,0.3,0.00,0.86,0.00,3.42,0.00,0.00,0.00,4.0,95830.0,95347.0,0.0,0.0,0.5,0.0,65.618,0.000,0.0,700076.0
2026-09-01T03:50:51,0.2,4647,1547350,1531461,0.3,0.00,0.94,0.00,3.76,0.00,0.00,0.00,4.0,95830.0,95347.0,0.0,0.0,0.5,0.0,65.596,0.000,0.0,700076.0
2026-09-01T03:50:52,0.3,4647,1547350,1531461,0.3,0.00,2.53,0.00,10.11,0.00,0.00,0.00,4.0,95830.0,95347.0,0.0,0.0,0.5,0.0,65.571,0.000,0.0,664356.0
2026-09-01T03:50:54,0.2,4647,1547350,1531461,0.3,0.00,0.58,0.00,2.33,0.00,0.00,0.00,4.0,95830.0,95347.0,0.0,0.0,0.5,0.0,65.559,0.000,0.0,682962.0
2026-09-01T03:50:55,0.2,4648,1547350,1531460,0.3,0.00,0.60,0.00,2.40,0.00,0.00,0.00,4.0,95830.0,95347.0,0.0,0.0,0.5,0.0,65.549,0.000,0.0,682962.0
2026-09-01T03:50:56,0.2,4647,1547350,1531461,0.3,0.00,1.21,0.00,4.85,0.00,0.00,0.00,4.0,95830.0,95347.0,0.0,0.0,0.5,0.0,65.537,0.000,0.0,678214.0
2026-09-01T03:50:58,0.2,4648,1547350,1531460,0.3,0.00,0.65,0.00,2.59,0.00,1.00,0.00,4.0,95830.0,95347.0,0.0,0.0,0.5,0.0,65.512,0.000,0.0,654537.0
2026-09-01T03:50:59,0.2,4649,1547350,1531459,0.3,0.00,1.18,0.00,4.72,0.00,0.00,0.00,4.0,95830.0,95347.0,0.0,0.0,0.5,0.0,65.491,0.000,0.0,661932.5
2026-09-01T03:51:01,0.2,4652,1547350,1531456,0.3,0.00,0.62,0.00,2.49,0.00,0.00,0.00,4.0,95830.0,95347.0,0.0,0.0,0.5,0.0,65.480,0.000,0.0,661932.5
2026-09-01T03:51:02,0.4,4652,1547350,1531456,0.3,0.00,1.58,0.00,6.32,0.00,0.00,0.00,4.0,95830.0,95347.0,0.0,0.0,0.5,0.0,65.470,0.000,0.0,666025.5
2026-09-01T03:51:04,0.2,4651,1547350,1531457,0.3,0.00,0.54,0.00,2.16,0.00,0.00,0.05,4.0,95830.0,95347.0,0.0,0.0,0.5,0.0,65.438,0.000,0.0,671637.5
2026-09-01T03:51:05,0.2,4652,1547350,1531456,0.3,0.00,4.51,0.00,18.04,0.00,0.12,0.00,4.0,95830.0,95347.0,0.0,0.0,0.5,0.0,65.450,0.000,0.0,659072.5
2026-09-01T03:51:07,0.2,4652,1547350,1531456,0.3,0.00,0.56,0.00,2.26,0.00,0.00,0.00,4.0,95830.0,95347.0,0.0,0.0,0.5,0.0,65.416,0.000,0.0,739591.5
2026-09-01T03:51:08,0.2,4652,1547350,1531456,0.3,0.00,1.62,0.00,6.46,0.00,0.00,0.00,4.0,95830.0,95347.0,0.0,0.0,0.5,0.0,65.399,0.000,0.0,684805.5
2026-09-01T03:51:09,0.2,4651,1547350,1531457,0.3,0.00,2.65,0.00,10.62,0.00,0.00,0.00,4.0,95830.0,95347.0,0.0,0.0,0.5,0.0,65.459,0.000,0.0,707760.5
2026-09-01T03:51:10,0.2,4652,1547350,1531456,0.3,0.00,0.95,0.00,3.80,0.00,0.00,0.00,4.0,95830.0,95347.0,0.0,0.0,0.5,0.0,65.406,0.000,0.0,707760.5
2026-09-01T03:51:11,0.2,4651,1547350,1531457,0.3,0.00,1.01,0.00,4.04,0.00,0.00,0.00,4.0,95830.0,95347.0,0.0,0.0,0.5,0.0,65.424,0.000,0.0,718189.0
2026-09-01T03:51:11,0.3,4650,1547350,1531458,0.3,0.00,2.16,0.00,8.64,0.00,0.00,0.00,4.0,95830.0,95347.0,0.0,0.0,0.5,0.0,65.407,0.000,0.0,718189.0
2026-09-01T03:51:12,0.2,4648,1547350,1531460,0.3,0.00,1.01,0.00,4.02,0.00,0.00,0.00,4.0,95830.0,95347.0,0.0,0.0,0.5,0.0,65.415,0.000,0.0,692645.5
2026-09-01T03:51:14,0.2,4648,1547350,1531459,0.3,0.00,0.81,0.00,3.24,0.00,0.00,0.00,4.0,95830.0,95347.0,0.0,0.0,0.5,0.0,65.419,0.000,0.0,692757.5
2026-09-01T03:51:15,0.2,4647,1547350,1531461,0.3,0.00,2.55,0.00,12.75,0.00,0.00,0.00,4.0,95830.0,95347.0,0.0,0.0,0.5,0.0,65.395,0.000,0.0,657339.0
2026-09-01T03:51:17,0.2,4647,1547350,1531461,0.3,0.00,0.62,0.00,2.48,0.00,0.00,0.06,4.0,95830.0,95347.0,0.0,0.0,0.5,0.0,65.397,0.000,0.0,651714.0
2026-09-01T03:51:19,0.2,4647,1547350,1531461,0.3,0.00,1.11,0.00,11.98,0.00,0.50,0.00,4.0,95830.0,95347.0,0.0,0.0,0.5,0.0,65.378,0.000,0.0,646212.5
2026-09-01T03:51:21,0.2,4647,1547350,1531461,0.3,0.00,0.98,0.00,3.93,0.00,0.00,0.00,4.0,95830.0,95347.0,0.0,0.0,0.5,0.0,65.368,0.000,0.0,666237.0
2026-09-01T03:51:22,0.2,4647,1547350,1531461,0.3,0.00,0.82,0.00,3.27,0.00,0.00,0.00,4.0,95830.0,95347.0,0.0,0.0,0.5,0.0,65.346,0.000,0.0,666237.0
2026-09-01T03:51:23,0.2,4647,1547350,1531461,0.3,0.00,1.14,0.00,4.58,0.00,0.00,0.00,4.0,95830.0,95347.0,0.0,0.0,0.5,0.0,65.366,0.000,0.0,740640.0
2026-09-01T03:51:23,0.2,4647,1547350,1531461,0.3,0.00,1.54,0.00,6.16,0.00,0.00,0.15,4.0,95830.0,95347.0,0.0,0.0,0.5,0.0,65.325,0.000,0.0,648603.0
2026-09-01T03:51:25,0.2,4646,1547350,1531461,0.3,0.00,0.53,0.00,2.13,0.00,0.00,0.00,4.0,95830.0,95347.0,0.0,0.0,0.5,0.0,65.329,0.000,0.0,694268.0
2026-09-01T03:51:26,0.2,4647,1547350,1531460,0.3,0.00,1.66,0.00,6.64,0.00,0.00,0.00,4.0,95830.0,95347.0,0.0,0.0,0.5,0.0,65.291,0.000,0.0,646602.0
2026-09-01T03:51:28,0.2,4648,1547350,1531459,0.3,0.00,0.55,0.00,2.21,0.00,0.00,0.00,4.0,95830.0,95347.0,0.0,0.0,0.5,0.0,65.287,0.000,0.0,652653.0
2026-09-01T03:51:30,0.2,4647,1547350,1531460,0.3,0.00,0.50,0.00,1.99,0.00,0.00,0.00,4.0,95830.0,95347.0,0.0,0.0,0.5,0.0,65.255,0.000,0.0,647803.5
2026-09-01T03:51:32,0.2,4647,1547350,1531460,0.3,0.00,1.00,0.00,3.98,0.00,0.00,0.00,4.0,95830.0,95347.0,0.0,0.0,0.5,0.0,65.235,0.000,0.0,653585.5
2026-09-01T03:51:34,0.2,4648,1547350,1531460,0.3,0.00,0.70,0.00,2.82,0.00,0.00,0.07,4.0,95830.0,95347.0,0.0,0.0,0.5,0.0,65.237,0.000,0.0,669828.0
2026-09-01T03:51:35,0.2,4648,1547350,1531460,0.3,0.00,0.75,0.00,2.99,0.00,0.00,0.00,4.0,95830.0,95347.0,0.0,0.0,0.5,0.0,65.190,0.000,0.0,670806.0
2026-09-01T03:51:36,0.2,4649,1547350,1531459,0.3,0.00,0.73,0.00,2.91,0.00,0.00,0.00,4.0,95830.0,95347.0,0.0,0.0,0.5,0.0,65.203,0.000,0.0,670806.0
2026-09-01T03:51:37,0.3,4648,1547350,1531459,0.3,0.00,2.67,0.00,10.67,0.00,0.00,0.00,4.0,95830.0,95347.0,0.0,0.0,0.5,0.0,65.197,0.000,0.0,761496.5
2026-09-01T03:51:37,0.2,4649,1547350,1531459,0.3,0.00,1.52,0.00,6.08,0.00,1.00,0.00,4.0,95830.0,95347.0,0.0,0.0,0.5,0.0,65.180,0.000,0.0,674936.5
2026-09-01T03:51:39,0.2,4649,1547350,1531459,0.3,0.00,2.57,0.00,10.26,0.00,0.00,0.00,4.0,95830.0,95347.0,0.0,0.0,0.5,0.0,65.166,0.000,0.0,654242.0
2026-09-01T03:51:41,0.2,4649,1547350,1531458,0.3,0.00,0.62,0.00,2.48,0.00,0.00,0.00,4.0,95830.0,95347.0,0.0,0.0,0.5,0.0,65.174,0.000,0.0,654242.0
2026-09-01T03:51:41,0.2,4650,1547350,1531457,0.3,0.00,1.50,0.00,6.00,0.00,0.00,0.15,4.0,95830.0,95347.0,0.0,0.0,0.5,0.0,65.185,0.000,0.0,701382.0
2026-09-01T03:51:43,0.2,4651,1547350,1531457,0.3,0.00,0.64,0.00,2.55,0.00,0.00,0.00,4.0,95830.0,95347.0,0.0,0.0,0.5,0.0,65.174,0.000,0.0,657719.0
2026-09-01T03:51:44,0.2,4651,1547350,1531457,0.3,0.00,1.24,0.00,4.94,0.00,0.00,0.00,4.0,95830.0,95347.0,0.0,0.0,0.5,0.0,65.172,0.000,0.0,661932.0
2026-09-01T03:51:46,0.2,4651,1547350,1531457,0.3,0.00,0.66,0.00,2.64,0.00,0.00,0.07,4.0,95830.0,95347.0,0.0,0.0,0.5,0.0,65.140,0.000,0.0,676336.5
2026-09-01T03:51:47,0.2,4651,1547350,1531457,0.3,0.00,0.75,0.00,3.00,0.00,0.00,0.00,4.0,95830.0,95347.0,0.0,0.0,0.5,0.0,65.147,0.000,0.0,676336.5
2026-09-01T03:51:48,0.2,4651,1547350,1531457,0.3,0.00,18.57,0.00,215.00,0.00,0.08,0.14,4.0,95830.0,95347.0,0.0,0.0,0.5,0.0,65.167,0.000,0.0,692628.0
2026-09-01T03:51:49,0.2,4651,1547350,1531457,0.3,0.00,1.52,0.00,6.08,0.00,0.00,0.08,4.0,95830.0,95347.0,0.0,0.0,0.5,0.0,65.152,0.000,0.0,692628.0
2026-09-01T03:51:50,0.2,4651,1547350,1531457,0.3,0.00,1.60,0.00,6.40,0.00,0.00,0.00,4.0,95830.0,95347.0,0.0,0.0,0.5,0.0,65.169,0.000,0.0,721020.0
2026-09-01T03:51:51,0.2,4652,1547350,1531456,0.3,0.00,0.92,0.00,3.67,0.00,1.00,0.00,4.0,95830.0,95347.0,0.0,0.0,0.5,0.0,65.143,0.000,0.0,721020.0
2026-09-01T03:51:52,0.2,4652,1547350,1531455,0.3,0.00,1.14,0.00,4.57,0.00,0.00,0.00,4.0,95830.0,95347.0,0.0,0.0,0.5,0.0,65.135,0.000,0.0,714027.0
2026-09-01T03:51:53,0.2,4653,1547350,1531455,0.3,0.00,1.26,0.00,5.06,0.00,0.00,0.00,4.0,95830.0,95347.0,0.0,0.0,0.5,0.0,65.150,0.000,0.0,691798.5
2026-09-01T03:51:54,0.2,4653,1547350,1531455,0.3,0.00,1.03,0.00,4.14,0.00,0.00,0.00,4.0,95830.0,95347.0,0.0,0.0,0.5,0.0,65.159,0.000,0.0,661083.0
2026-09-01T03:51:55,0.2,4653,1547350,1531454,0.3,0.00,1.17,0.00,4.67,0.00,0.00,0.00,4.0,95830.0,95347.0,0.0,0.0,0.5,0.0,65.154,0.000,0.0,708830.0
2026-09-01T03:51:56,0.2,4654,1547350,1531454,0.3,0.00,0.94,0.00,3.74,0.00,0.00,0.00,4.0,95830.0,95347.0,0.0,0.0,0.5,0.0,65.132,0.000,0.0,665256.5
2026-09-01T03:51:58,0.2,4655,1547350,1531453,0.3,0.00,0.65,0.00,2.62,0.00,0.00,0.00,4.0,95830.0,95347.0,0.0,0.0,0.5,0.0,65.136,0.000,0.0,665256.5
2026-09-01T03:51:58,0.2,4655,1547350,1531453,0.3,0.00,2.11,0.00,8.44,0.00,0.00,0.00,4.0,95830.0,95347.0,0.0,0.0,0.5,0.0,65.127,0.000,0.0,665256.5
2026-09-01T03:51:59,0.2,4655,1547350,1531453,0.3,0.00,2.72,0.00,10.90,0.00,0.00,0.00,4.0,95830.0,95347.0,0.0,0.0,0.5,0.0,65.122,0.000,0.0,837152.0
2026-09-01T03:51:59,0.2,4657,1547350,1531450,0.3,0.00,1.46,0.00,5.83,0.00,0.00,0.00,4.0,95830.0,95347.0,0.0,0.0,0.5,0.0,65.112,0.000,0.0,674776.0
2026-09-01T03:52:01,0.3,4663,1547350,1531445,0.3,0.00,1.18,0.00,4.71,0.00,0.00,0.00,4.0,95830.0,95347.0,0.0,0.0,0.5,0.0,65.148,0.000,0.0,668016.5
2026-09-01T03:52:02,0.3,4663,1547350,1531445,0.3,0.00,0.82,0.00,3.27,0.00,0.00,0.00,4.0,95830.0,95347.0,0.0,0.0,0.5,0.0,65.083,0.000,0.0,668016.5
2026-09-01T03:52:03,0.2,4664,1547350,1531444,0.3,0.00,1.26,0.00,5.06,0.00,0.00,0.00,4.0,95830.0,95347.0,0.0,0.0,0.5,0.0,65.082,0.000,0.0,706143.5
2026-09-01T03:52:04,0.2,4664,1547350,1531444,0.3,0.00,1.02,0.00,4.08,0.00,0.00,0.00,4.0,95830.0,95347.0,0.0,0.0,0.5,0.0,65.082,0.000,0.0,671548.5
2026-09-01T03:52:05,0.2,4664,1547350,1531444,0.3,0.00,1.00,0.00,4.00,0.00,0.00,0.00,4.0,95830.0,95347.0,0.0,0.0,0.5,0.0,65.091,0.000,0.0,671548.5
2026-09-01T03:52:06,0.2,4665,1547350,1531443,0.3,0.00,8.01,0.00,32.03,0.00,0.12,0.00,4.0,95830.0,95347.0,0.0,0.0,0.5,0.0,65.058,0.000,0.0,715068.5
2026-09-01T03:52:08,0.2,4666,1547350,1531441,0.3,0.00,0.58,0.00,2.34,0.00,0.00,0.00,4.0,95830.0,95347.0,0.0,0.0,0.5,0.0,65.046,0.000,0.0,652591.0
2026-09-01T03:52:10,0.2,4669,1547350,1531439,0.3,0.00,0.55,0.00,2.19,0.00,1.00,0.00,4.0,95830.0,95347.0,0.0,0.0,0.5,0.0,65.034,0.000,0.0,651139.0
2026-09-01T03:52:11,0.2,4667,1547350,1531441,0.3,0.00,1.72,0.00,9.16,0.00,0.00,0.00,4.0,95830.0,95347.0,0.0,0.0,0.5,0.0,65.020,0.000,0.0,651139.0
2026-09-01T03:52:12,0.2,4667,1547350,1531441,0.3,0.00,1.82,0.00,7.27,0.00,0.00,0.00,4.0,95830.0,95347.0,0.0,0.0,0.5,0.0,65.016,0.000,0.0,692825.5
2026-09-01T03:52:14,0.2,4667,1547350,1531441,0.3,0.00,0.61,0.00,2.43,0.00,0.00,0.00,4.0,95830.0,95347.0,0.0,0.0,0.5,0.0,64.997,0.000,0.0,716724.5
2026-09-01T03:52:14,0.2,4666,1547350,1531442,0.3,0.00,1.21,0.00,4.85,0.00,0.00,0.00,4.0,95830.0,95347.0,0.0,0.0,0.5,0.0,64.994,0.000,0.0,659000.5
2026-09-01T03:52:16,0.2,4666,1547350,1531441,0.3,0.00,0.57,0.00,2.27,0.00,0.00,0.00,4.0,95830.0,95347.0,0.0,0.0,0.5,0.0,65.004,0.000,0.0,657182.0
2026-09-01T03:52:18,0.2,4666,1547350,1531442,0.3,0.00,3.63,0.00,33.01,0.00,0.00,0.06,4.0,95830.0,95347.0,0.0,0.0,0.5,0.0,64.963,0.000,0.0,647389.5
2026-09-01T03:52:20,0.2,4667,1547350,1531441,0.3,0.00,0.49,0.00,1.95,0.00,0.00,0.00,4.0,95830.0,95347.0,0.0,0.0,0.5,0.0,64.948,0.000,0.0,658365.5
2026-09-01T03:52:22,0.2,4668,1547350,1531440,0.3,0.00,0.56,0.00,2.26,0.00,1.00,0.00,4.0,95830.0,95347.0,0.0,0.0,0.5,0.0,64.973,0.000,0.0,658365.5
2026-09-01T03:52:23,0.2,4668,1547350,1531440,0.3,0.00,1.98,0.00,7.94,0.00,0.00,0.00,4.0,95830.0,95347.0,0.0,0.0,0.5,0.0,64.921,0.000,0.0,694268.5
2026-09-01T03:52:24,0.2,4668,1547350,1531440,0.3,0.00,0.84,0.00,3.36,0.00,0.00,0.00,4.0,95830.0,95347.0,0.0,0.0,0.5,0.0,64.934,0.000,0.0,642284.0
2026-09-01T03:52:26,0.2,4669,1547350,1531439,0.3,0.00,0.45,0.00,1.78,0.00,0.00,0.00,4.0,95830.0,95347.0,0.0,0.0,0.5,0.0,64.918,0.000,0.0,648074.0
2026-09-01T03:52:28,0.2,4672,1547350,1531436,0.3,0.00,0.48,0.00,1.93,0.00,0.00,0.00,4.0,95830.0,95347.0,0.0,0.0,0.5,0.0,64.904,0.000,0.0,648074.0
2026-09-01T03:52:29,0.3,4673,1547350,1531435,0.3,0.00,3.72,0.00,14.87,0.00,0.00,0.19,4.0,95830.0,95347.0,0.0,0.0,0.5,0.0,64.928,0.000,0.0,748559.5
2026-09-01T03:52:30,0.2,4673,1547350,1531435,0.3,0.00,1.26,0.00,5.06,0.00,0.00,0.00,4.0,95830.0,95347.0,0.0,0.0,0.5,0.0,64.887,0.000,0.0,691599.0
2026-09-01T03:52:31,0.2,4673,1547350,1531435,0.3,0.00,0.79,0.00,3.14,0.00,0.00,0.00,4.0,95830.0,95347.0,0.0,0.0,0.5,0.0,64.901,0.000,0.0,691599.0
2026-09-01T03:52:31,0.3,4674,1547350,1531434,0.3,0.00,2.21,0.00,8.83,0.00,0.00,0.00,4.0,95830.0,95347.0,0.0,0.0,0.5,0.0,64.888,0.000,0.0,717991.0
2026-09-01T03:52:32,0.2,4675,1547350,1531433,0.3,0.00,1.03,0.00,4.12,0.00,0.00,0.00,4.0,95830.0,95347.0,0.0,0.0,0.5,0.0,64.894,0.000,0.0,675411.5
2026-09-01T03:52:34,0.2,4675,1547350,1531432,0.3,0.00,0.75,0.00,3.00,0.00,0.00,0.00,4.0,95830.0,95347.0,0.0,0.0,0.5,0.0,64.912,0.000,0.0,691881.0
2026-09-01T03:52:35,0.3,4748,1547350,1531360,0.3,0.00,2.09,0.00,8.35,0.00,0.00,0.00,4.0,95830.0,95347.0,0.0,0.0,0.5,0.0,64.903,0.000,0.0,691881.0
2026-09-01T03:52:35,0.2,4749,1547350,1531358,0.3,0.00,1.36,0.00,5.46,0.00,0.00,0.00,4.0,95830.0,95347.0,0.0,0.0,0.5,0.0,64.910,0.000,0.0,742626.5
2026-09-01T03:52:36,0.3,4758,1547350,1531350,0.3,0.00,1.63,0.00,6.53,0.00,0.00,0.00,4.0,95830.0,95347.0,0.0,0.0,0.5,0.0,64.882,0.000,0.0,742626.5
2026-09-01T03:52:37,0.3,4763,1547350,1531345,0.3,0.00,1.45,0.00,5.79,0.00,0.00,0.00,4.0,95830.0,95347.0,0.0,0.0,0.5,0.0,64.899,0.000,0.0,760800.5
2026-09-01T03:52:37,0.2,4763,1547350,1531344,0.3,0.00,1.39,0.00,5.55,0.00,0.00,0.00,4.0,95830.0,95347.0,0.0,0.0,0.5,0.0,64.892,0.000,0.0,760800.5
2026-09-01T03:52:38,0.2,4764,1547350,1531343,0.3,0.00,1.24,0.00,4.95,0.00,0.00,0.12,4.0,95830.0,95347.0,0.0,0.0,0.5,0.0,64.888,0.000,0.0,716340.0
2026-09-01T03:52:39,0.3,4847,1547350,1531261,0.3,0.00,3.48,0.00,13.94,0.00,0.25,0.00,4.0,95830.0,95347.0,0.0,0.0,0.5,0.0,64.887,0.000,0.0,670059.5
2026-09-01T03:52:41,0.2,4848,1547350,1531260,0.3,0.00,0.61,0.00,2.43,0.00,0.00,0.00,4.0,95830.0,95347.0,0.0,0.0,0.5,0.0,64.873,0.000,0.0,656042.5
2026-09-01T03:52:43,0.2,4850,1547350,1531258,0.3,0.00,0.53,0.00,2.13,0.00,0.00,0.00,4.0,95830.0,95347.0,0.0,0.0,0.5,0.0,64.894,0.000,0.0,670027.5
2026-09-01T03:52:44,0.2,4854,1547350,1531254,0.3,0.00,0.97,0.00,3.87,0.00,0.00,0.00,4.0,95830.0,95347.0,0.0,0.0,0.5,0.0,64.904,0.000,0.0,686783.0
2026-09-01T03:52:45,0.2,4854,1547350,1531254,0.3,0.00,1.46,0.00,5.82,0.00,0.00,0.00,4.0,95830.0,95347.0,0.0,0.0,0.5,0.0,64.885,0.000,0.0,671643.0
2026-09-01T03:52:47,0.2,4854,1547350,1531254,0.3,0.00,0.62,0.00,2.46,0.00,0.00,0.00,4.0,95830.0,95347.0,0.0,0.0,0.5,0.0,64.891,0.000,0.0,671643.0
2026-09-01T03:52:48,0.2,4854,1547350,1531253,0.3,0.00,1.19,0.00,4.75,0.00,0.00,0.00,4.0,95830.0,95347.0,0.0,0.0,0.5,0.0,64.885,0.000,0.0,728383.0
2026-09-01T03:52:49,0.2,4854,1547350,1531253,0.3,0.00,23.21,0.00,183.15,0.00,0.13,0.00,4.0,95830.0,95347.0,0.0,0.0,0.5,0.0,64.885,0.000,0.0,653912.0
2026-09-01T03:52:50,0.2,4855,1547350,1531252,0.3,0.00,0.64,0.00,2.57,0.00,0.00,0.00,4.0,95830.0,95347.0,0.0,0.0,0.5,0.0,64.894,0.000,0.0,682472.0
2026-09-01T03:52:51,0.2,4856,1547350,1531252,0.3,0.00,1.98,0.00,7.92,0.00,0.00,0.00,4.0,95830.0,95347.0,0.0,0.0,0.5,0.0,64.909,0.000,0.0,666081.0
2026-09-01T03:52:53,0.2,4856,1547350,1531252,0.3,0.00,0.63,0.00,2.50,0.00,0.00,0.00,4.0,95830.0,95347.0,0.0,0.0,0.5,0.0,64.885,0.000,0.0,657517.0
2026-09-01T03:52:54,0.2,4857,1547350,1531251,0.3,0.00,0.61,0.00,2.45,0.00,0.00,0.06,4.0,95830.0,95347.0,0.0,0.0,0.5,0.0,64.874,0.000,0.0,651999.0
2026-09-01T03:52:56,0.2,4857,1547350,1531251,0.3,0.00,0.59,0.00,2.34,0.00,0.00,0.00,4.0,95830.0,95347.0,0.0,0.0,0.5,0.0,64.874,0.000,0.0,664276.0
2026-09-01T03:52:57,0.2,4858,1547350,1531250,0.3,0.00,1.55,0.00,6.19,0.00,0.00,0.00,4.0,95830.0,95347.0,0.0,0.0,0.5,0.0,64.862,0.000,0.0,664276.0
2026-09-01T03:52:58,0.2,4859,1547350,1531248,0.3,0.00,1.04,0.00,4.17,0.00,0.00,0.00,4.0,95830.0,95347.0,0.0,0.0,0.5,0.0,64.887,0.000,0.0,692745.0
2026-09-01T03:52:59,0.2,4859,1547350,1531248,0.3,0.00,1.16,0.00,4.63,0.00,0.00,0.00,4.0,95830.0,95347.0,0.0,0.0,0.5,0.0,64.862,0.000,0.0,692745.0
2026-09-01T03:53:00,0.2,4859,1547350,1531249,0.3,0.00,1.45,0.00,5.79,0.00,0.00,0.00,4.0,95830.0,95347.0,0.0,0.0,0.5,0.0,64.864,0.000,0.0,716980.0
2026-09-01T03:53:01,0.2,4860,1547350,1531248,0.3,0.00,0.88,0.00,3.54,0.00,0.00,0.00,4.0,95830.0,95347.0,0.0,0.0,0.5,0.0,64.876,0.000,0.0,716980.0
2026-09-01T03:53:02,0.5,4864,1547350,1531244,0.3,0.00,2.31,0.00,9.24,0.00,0.00,0.23,4.0,95830.0,95347.0,0.0,0.0,0.5,0.0,64.862,0.000,0.0,716980.0
2026-09-01T03:53:02,0.2,4864,1547350,1531243,0.3,0.00,2.38,0.00,9.52,0.00,0.00,0.00,4.0,95830.0,95347.0,0.0,0.0,0.5,0.0,64.862,0.000,0.0,805979.5
2026-09-01T03:53:03,0.3,4864,1547350,1531244,0.3,0.00,1.03,0.00,4.11,0.00,0.00,0.00,4.0,95830.0,95347.0,0.0,0.0,0.5,0.0,64.834,0.000,0.0,679905.0
2026-09-01T03:53:04,0.2,4864,1547350,1531243,0.3,0.00,7.90,0.00,35.54,0.00,0.12,0.00,4.0,95830.0,95347.0,0.0,0.0,0.5,0.0,64.835,0.000,0.0,657103.0
2026-09-01T03:53:06,0.2,4865,1547350,1531243,0.3,0.00,0.63,0.00,2.52,0.00,0.00,0.00,4.0,95830.0,95347.0,0.0,0.0,0.5,0.0,64.840,0.000,0.0,660253.0
2026-09-01T03:53:07,0.2,4864,1547350,1531243,0.3,0.00,0.55,0.00,2.19,0.00,1.00,0.00,4.0,95830.0,95347.0,0.0,0.0,0.5,0.0,64.805,0.000,0.0,660253.0
2026-09-01T03:53:08,0.2,4864,1547350,1531244,0.3,0.00,1.53,0.00,6.13,0.00,0.00,0.00,4.0,95830.0,95347.0,0.0,0.0,0.5,0.0,64.800,0.000,0.0,688929.5
2026-09-01T03:53:10,0.2,4864,1547350,1531244,0.3,0.00,1.67,0.00,6.70,0.00,0.00,0.00,4.0,95830.0,95347.0,0.0,0.0,0.5,0.0,64.831,0.000,0.0,688929.5
2026-09-01T03:53:10,0.2,4864,1547350,1531244,0.3,0.00,2.33,0.00,9.32,0.00,0.00,0.00,4.0,95830.0,95347.0,0.0,0.0,0.5,0.0,64.813,0.000,0.0,674437.5
2026-09-01T03:53:12,0.2,4861,1547350,1531247,0.3,0.00,0.49,0.00,1.95,0.00,0.00,0.00,4.0,95830.0,95347.0,0.0,0.0,0.5,0.0,64.790,0.000,0.0,692704.5
2026-09-01T03:53:13,0.2,4861,1547350,1531247,0.3,0.00,1.09,0.00,4.36,0.00,0.00,0.00,4.0,95830.0,95347.0,0.0,0.0,0.5,0.0,64.747,0.000,0.0,658980.0
2026-09-01T03:53:15,0.2,4861,1547350,1531247,0.3,0.00,2.48,0.00,9.91,0.00,0.00,0.00,4.0,95830.0,95347.0,0.0,0.0,0.5,0.0,64.749,0.000,0.0,658980.0
2026-09-01T03:53:15,0.2,4861,1547350,1531247,0.3,0.00,2.28,0.00,9.13,0.00,0.00,0.00,4.0,95830.0,95347.0,0.0,0.0,0.5,0.0,64.757,0.000,0.0,783252.5
2026-09-01T03:53:16,0.2,4860,1547350,1531248,0.3,0.00,0.93,0.00,3.72,0.00,0.00,0.00,4.0,95830.0,95347.0,0.0,0.0,0.5,0.0,64.785,0.000,0.0,658030.0
2026-09-01T03:53:17,0.2,4861,1547350,1531247,0.3,0.00,1.38,0.00,5.52,0.00,0.00,0.00,4.0,95830.0,95347.0,0.0,0.0,0.5,0.0,64.764,0.000,0.0,697326.5
2026-09-01T03:53:18,0.2,4861,1547350,1531247,0.3,0.00,1.63,0.00,20.42,0.00,0.50,0.00,4.0,95830.0,95347.0,0.0,0.0,0.5,0.0,64.725,0.000,0.0,653925.0
2026-09-01T03:53:20,0.2,4861,1547350,1531247,0.3,0.00,1.07,0.00,4.27,0.00,0.00,0.00,4.0,95830.0,95347.0,0.0,0.0,0.5,0.0,64.737,0.000,0.0,653925.0
2026-09-01T03:53:21,0.2,4861,1547350,1531247,0.3,0.00,0.81,0.00,3.23,0.00,0.00,0.00,4.0,95830.0,95347.0,0.0,0.0,0.5,0.0,64.755,0.000,0.0,653381.0
2026-09-01T03:53:23,0.2,4861,1547350,1531246,0.3,0.00,0.52,0.00,2.08,0.00,0.00,0.00,4.0,95830.0,95347.0,0.0,0.0,0.5,0.0,64.715,0.000,0.0,669298.0
2026-09-01T03:53:25,0.2,4862,1547350,1531245,0.3,0.00,1.00,0.00,4.01,0.00,0.00,0.05,4.0,95830.0,95347.0,0.0,0.0,0.5,0.0,64.678,0.000,0.0,676189.0
2026-09-01T03:53:27,0.2,4862,1547350,1531245,0.3,0.00,0.81,0.00,3.25,0.00,0.00,0.00,4.0,95830.0,95347.0,0.0,0.0,0.5,0.0,64.659,0.000,0.0,646222.0
2026-09-01T03:53:29,0.2,4862,1547350,1531245,0.3,0.00,0.49,0.00,1.96,0.00,0.00,0.00,4.0,95830.0,95347.0,0.0,0.0,0.5,0.0,64.672,0.000,0.0,646409.5
2026-09-01T03:53:31,0.2,4863,1547350,1531244,0.3,0.00,0.96,0.00,3.84,0.00,0.00,0.00,4.0,95830.0,95347.0,0.0,0.0,0.5,0.0,64.674,0.000,0.0,646409.5
2026-09-01T03:53:31,0.3,4863,1547350,1531244,0.3,0.00,1.36,0.00,5.45,0.00,0.00,0.00,4.0,95830.0,95347.0,0.0,0.0,0.5,0.0,64.661,0.000,0.0,665522.5
2026-09-01T03:53:33,0.2,4863,1547350,1531245,0.3,0.00,0.51,0.00,2.04,0.00,0.00,0.00,4.0,95830.0,95347.0,0.0,0.0,0.5,0.0,64.653,0.000,0.0,646760.5
2026-09-01T03:53:35,0.2,4865,1547350,1531243,0.3,0.00,0.97,0.00,3.87,0.00,0.00,0.00,4.0,95830.0,95347.0,0.0,0.0,0.5,0.0,64.662,0.000,0.0,666449.5
2026-09-01T03:53:37,0.2,4865,1547350,1531242,0.3,0.00,0.67,0.00,2.67,0.00,0.00,0.00,4.0,95830.0,95347.0,0.0,0.0,0.5,0.0,64.647,0.000,0.0,691554.0
2026-09-01T03:53:38,0.2,4865,1547350,1531243,0.3,0.00,0.67,0.00,2.66,0.00,0.00,0.00,4.0,95830.0,95347.0,0.0,0.0,0.5,0.0,64.636,0.000,0.0,661281.5
2026-09-01T03:53:40,0.2,4865,1547350,1531243,0.3,0.00,0.59,0.00,2.35,0.00,1.00,0.00,4.0,95830.0,95347.0,0.0,0.0,0.5,0.0,64.663,0.000,0.0,686183.0
2026-09-01T03:53:41,0.2,4865,1547350,1531242,0.3,0.00,3.68,0.00,14.71,0.00,0.00,0.00,4.0,95830.0,95347.0,0.0,0.0,0.5,0.0,64.632,0.000,0.0,694967.0
2026-09-01T03:53:42,0.2,4866,1547350,1531242,0.3,0.00,0.66,0.00,2.65,0.00,0.00,0.00,4.0,95830.0,95347.0,0.0,0.0,0.5,0.0,64.659,0.000,0.0,670439.0
2026-09-01T03:53:44,0.2,4865,1547350,1531242,0.3,0.00,0.66,0.00,2.63,0.00,0.00,0.00,4.0,95830.0,95347.0,0.0,0.0,0.5,0.0,64.656,0.000,0.0,660051.0
2026-09-01T03:53:46,0.2,4866,1547350,1531242,0.3,0.00,0.61,0.00,2.45,0.00,0.00,0.00,4.0,95830.0,95347.0,0.0,0.0,0.5,0.0,64.642,0.000,0.0,651027.0
2026-09-01T03:53:47,0.2,4866,1547350,1531242,0.3,0.00,1.14,0.00,6.83,0.00,0.00,0.00,4.0,95830.0,95347.0,0.0,0.0,0.5,0.0,64.654,0.000,0.0,659432.0
2026-09-01T03:53:49,0.2,4866,1547350,1531242,0.3,0.00,9.71,0.00,93.81,0.00,0.12,0.00,4.0,95830.0,95347.0,0.0,0.0,0.5,0.0,64.640,0.000,0.0,657141.5
2026-09-01T03:53:51,0.2,4866,1547350,1531242,0.3,0.00,0.66,0.00,2.63,0.00,0.00,0.00,4.0,95830.0,95347.0,0.0,0.0,0.5,0.0,64.632,0.000,0.0,658010.5
2026-09-01T03:53:52,0.2,4867,1547350,1531241,0.3,0.00,0.57,0.00,2.29,0.00,0.00,0.00,4.0,95830.0,95347.0,0.0,0.0,0.5,0.0,64.633,0.000,0.0,654719.5
2026-09-01T03:53:54,0.2,4867,1547350,1531241,0.3,0.00,1.26,0.00,5.03,0.00,0.00,0.00,4.0,95830.0,95347.0,0.0,0.0,0.5,0.0,64.632,0.000,0.0,654719.5
2026-09-01T03:53:55,0.2,4867,1547350,1531240,0.3,0.00,1.20,0.00,4.80,0.00,0.00,0.00,4.0,95830.0,95347.0,0.0,0.0,0.5,0.0,64.641,0.000,0.0,713771.0
2026-09-01T03:53:55,0.3,4868,1547350,1531240,0.3,0.00,1.75,0.00,6.98,0.00,0.00,0.00,4.0,95830.0,95347.0,0.0,0.0,0.5,0.0,64.646,0.000,0.0,713771.0
2026-09-01T03:53:56,0.2,4868,1547350,1531240,0.3,0.00,0.97,0.00,3.88,0.00,0.00,0.00,4.0,95830.0,95347.0,0.0,0.0,0.5,0.0,64.614,0.000,0.0,683742.0
2026-09-01T03:53:58,0.2,4869,1547350,1531239,0.3,0.00,0.58,0.00,2.31,0.00,0.00,0.00,4.0,95830.0,95347.0,0.0,0.0,0.5,0.0,64.636,0.000,0.0,655519.5
2026-09-01T03:54:00,0.2,4868,1547350,1531239,0.3,0.00,1.20,0.00,4.80,0.00,0.00,0.00,4.0,95830.0,95347.0,0.0,0.0,0.5,0.0,64.629,0.000,0.0,655519.5
2026-09-01T03:54:00,0.2,4869,1547350,1531239,0.3,0.00,1.25,0.00,5.02,0.00,0.00,0.00,4.0,95830.0,95347.0,0.0,0.0,0.5,0.0,64.617,0.000,0.0,690324.0
2026-09-01T03:54:02,0.3,4872,1547350,1531236,0.3,0.00,0.63,0.00,2.53,0.00,0.00,0.00,4.0,95830.0,95347.0,0.0,0.0,0.5,0.0,64.606,0.000,0.0,668906.5
2026-09-01T03:54:03,0.2,4871,1547350,1531236,0.3,0.00,0.78,0.00,3.12,0.00,0.00,0.00,4.0,95830.0,95347.0,0.0,0.0,0.5,0.0,64.613,0.000,0.0,668906.5
2026-09-01T03:54:05,0.2,4872,1547350,1531236,0.3,0.00,0.84,0.00,3.36,0.00,1.00,0.00,4.0,95830.0,95347.0,0.0,0.0,0.5,0.0,64.638,0.000,0.0,685672.5
2026-09-01T03:54:06,0.2,4872,1547350,1531235,0.3,0.00,6.86,0.00,27.44,0.00,0.00,0.00,4.0,95830.0,95347.0,0.0,0.0,0.5,0.0,64.645,0.000,0.0,695028.5
2026-09-01T03:54:07,0.2,4872,1547350,1531235,0.3,0.00,0.56,0.00,2.25,0.00,0.00,0.00,4.0,95830.0,95347.0,0.0,0.0,0.5,0.0,64.612,0.000,0.0,649615.0
2026-09-01T03:54:09,0.2,4872,1547350,1531236,0.3,0.00,0.64,0.00,2.57,0.00,0.00,0.00,4.0,95830.0,95347.0,0.0,0.0,0.5,0.0,64.594,0.000,0.0,649615.0
2026-09-01T03:54:10,0.2,4871,1547350,1531236,0.3,0.00,1.26,0.00,5.05,0.00,0.00,0.00,4.0,95830.0,95347.0,0.0,0.0,0.5,0.0,64.645,0.000,0.0,722107.5
2026-09-01T03:54:11,0.2,4872,1547350,1531236,0.3,0.00,1.80,0.00,7.20,0.00,0.33,0.00,4.0,95830.0,95347.0,0.0,0.0,0.5,0.0,64.618,0.000,0.0,722107.5
2026-09-01T03:54:12,0.3,4871,1547350,1531237,0.3,0.00,1.58,0.00,6.32,0.00,0.00,0.16,4.0,95830.0,95347.0,0.0,0.0,0.5,0.0,64.614,0.000,0.0,671428.5
2026-09-01T03:54:14,0.2,4870,1547350,1531237,0.3,0.00,0.48,0.00,1.94,0.00,0.00,0.00,4.0,95830.0,95347.0,0.0,0.0,0.5,0.0,64.633,0.000,0.0,653848.5
2026-09-01T03:54:16,0.2,4870,1547350,1531238,0.3,0.00,0.53,0.00,2.11,0.00,0.00,0.00,4.0,95830.0,95347.0,0.0,0.0,0.5,0.0,64.627,0.000,0.0,686460.5
2026-09-01T03:54:17,0.2,4870,1547350,1531238,0.3,0.00,3.80,0.00,15.19,0.00,0.00,0.00,4.0,95830.0,95347.0,0.0,0.0,0.5,0.0,64.618,0.000,0.0,631959.0
2026-09-01T03:54:19,0.2,4871,1547350,1531237,0.3,0.00,1.10,0.00,11.79,0.00,0.00,0.00,4.0,95830.0,95347.0,0.0,0.0,0.5,0.0,64.624,0.000,0.0,631959.0
2026-09-01T03:54:20,0.2,4871,1547350,1531237,0.3,0.00,1.24,0.00,4.95,0.00,0.00,0.00,4.0,95830.0,95347.0,0.0,0.0,0.5,0.0,64.625,0.000,0.0,693022.0
2026-09-01T03:54:22,0.2,4871,1547350,1531237,0.3,0.00,0.56,0.00,2.23,0.00,0.00,0.00,4.0,95830.0,95347.0,0.0,0.0,0.5,0.0,64.627,0.000,0.0,649860.0
2026-09-01T03:54:24,0.2,4872,1547350,1531236,0.3,0.00,1.00,0.00,4.02,0.00,0.00,0.00,4.0,95830.0,95347.0,0.0,0.0,0.5,0.0,64.621,0.000,0.0,679696.0
2026-09-01T03:54:25,0.2,4873,1547350,1531235,0.3,0.00,0.81,0.00,3.23,0.00,0.00,0.00,4.0,95830.0,95347.0,0.0,0.0,0.5,0.0,64.603,0.000,0.0,667717.5
2026-09-01T03:54:26,0.2,4873,1547350,1531235,0.3,0.00,0.92,0.00,3.68,0.00,1.00,0.00,4.0,95830.0,95347.0,0.0,0.0,0.5,0.0,64.612,0.000,0.0,667717.5
2026-09-01T03:54:26,0.3,4873,1547350,1531235,0.3,0.00,2.12,0.00,8.47,0.00,0.00,0.00,4.0,95830.0,95347.0,0.0,0.0,0.5,0.0,64.652,0.000,0.0,751826.5
2026-09-01T03:54:27,0.2,4874,1547350,1531234,0.3,0.00,1.12,0.00,4.47,0.00,0.00,0.00,4.0,95830.0,95347.0,0.0,0.0,0.5,0.0,64.651,0.000,0.0,647131.0
2026-09-01T03:54:29,0.2,4874,1547350,1531233,0.3,0.00,1.02,0.00,4.09,0.00,0.00,0.00,4.0,95830.0,95347.0,0.0,0.0,0.5,0.0,64.621,0.000,0.0,646347.5
2026-09-01T03:54:31,0.2,4874,1547350,1531233,0.3,0.00,0.49,0.00,1.94,0.00,0.00,0.00,4.0,95830.0,95347.0,0.0,0.0,0.5,0.0,64.639,0.000,0.0,652689.0
2026-09-01T03:54:33,0.2,4875,1547350,1531233,0.3,0.00,0.49,0.00,1.98,0.00,0.00,0.00,4.0,95830.0,95347.0,0.0,0.0,0.5,0.0,64.648,0.000,0.0,646444.0
2026-09-01T03:54:35,0.2,4875,1547350,1531233,0.3,0.00,0.98,0.00,3.91,0.00,0.00,0.05,4.0,95830.0,95347.0,0.0,0.0,0.5,0.0,64.633,0.000,0.0,676682.5
2026-09-01T03:54:37,0.2,4875,1547350,1531233,0.3,0.00,0.69,0.00,2.75,0.00,0.00,0.00,4.0,95830.0,95347.0,0.0,0.0,0.5,0.0,64.668,0.000,0.0,652392.0
2026-09-01T03:54:38,0.2,4876,1547350,1531232,0.3,0.00,0.59,0.00,2.36,0.00,0.00,0.00,4.0,95830.0,95347.0,0.0,0.0,0.5,0.0,64.639,0.000,0.0,652392.0
2026-09-01T03:54:39,0.2,4875,1547350,1531233,0.3,0.00,3.26,0.00,13.04,0.00,0.00,0.00,4.0,95830.0,95347.0,0.0,0.0,0.5,0.0,64.621,0.000,0.0,686832.5
2026-09-01T03:54:41,0.2,4875,1547350,1531233,0.3,0.00,0.66,0.00,2.62,0.00,0.00,0.00,4.0,95830.0,95347.0,0.0,0.0,0.5,0.0,64.618,0.000,0.0,672156.5
2026-09-01T03:54:42,0.2,4874,1547350,1531233,0.3,0.00,0.79,0.00,3.15,0.00,0.00,0.00,4.0,95830.0,95347.0,0.0,0.0,0.5,0.0,64.626,0.000,0.0,708892.5
2026-09-01T03:54:44,0.2,4874,1547350,1531234,0.3,0.00,0.68,0.00,2.73,0.00,0.00,0.00,4.0,95830.0,95347.0,0.0,0.0,0.5,0.0,64.638,0.000,0.0,708892.5
2026-09-01T03:54:45,0.2,4873,1547350,1531235,0.3,0.00,1.16,0.00,4.63,0.00,0.00,0.00,4.0,95830.0,95347.0,0.0,0.0,0.5,0.0,64.632,0.000,0.0,796551.5
2026-09-01T03:54:45,0.2,4873,1547350,1531234,0.3,0.00,2.46,0.00,9.85,0.00,0.50,0.00,4.0,95830.0,95347.0,0.0,0.0,0.5,0.0,64.629,0.000,0.0,796551.5
2026-09-01T03:54:46,0.2,4875,1547350,1531233,0.3,0.00,1.17,0.00,4.66,0.00,0.00,0.00,4.0,95830.0,95347.0,0.0,0.0,0.5,0.0,64.665,0.000,0.0,669762.5
2026-09-01T03:54:48,0.2,4876,1547350,1531232,0.3,0.00,0.64,0.00,2.58,0.00,0.00,0.00,4.0,95830.0,95347.0,0.0,0.0,0.5,0.0,64.644,0.000,0.0,675655.5
2026-09-01T03:54:49,0.2,4875,1547350,1531233,0.3,0.00,6.81,0.00,85.45,0.00,0.09,0.00,4.0,95830.0,95347.0,0.0,0.0,0.5,0.0,64.648,0.000,0.0,663020.5
2026-09-01T03:54:51,0.2,4875,1547350,1531233,0.3,0.00,1.22,0.00,7.33,0.00,0.00,0.00,4.0,95830.0,95347.0,0.0,0.0,0.5,0.0,64.620,0.000,0.0,680435.5
2026-09-01T03:54:52,0.2,4876,1547350,1531232,0.3,0.00,0.83,0.00,3.32,0.00,0.00,0.00,4.0,95830.0,95347.0,0.0,0.0,0.5,0.0,64.611,0.000,0.0,683145.0
2026-09-01T03:54:54,0.2,4876,1547350,1531232,0.3,0.00,0.49,0.00,1.98,0.00,0.00,0.00,4.0,95830.0,95347.0,0.0,0.0,0.5,0.0,64.630,0.000,0.0,650138.0
2026-09-01T03:54:56,0.2,4875,1547350,1531232,0.3,0.00,0.64,0.00,2.55,0.00,0.00,0.00,4.0,95830.0,95347.0,0.0,0.0,0.5,0.0,64.623,0.000,0.0,666038.0
2026-09-01T03:54:57,0.2,4876,1547350,1531232,0.3,0.00,1.22,0.00,4.87,0.00,0.00,0.00,4.0,95830.0,95347.0,0.0,0.0,0.5,0.0,64.639,0.000,0.0,664972.5
2026-09-01T03:54:59,0.2,4876,1547350,1531232,0.3,0.00,0.62,0.00,2.46,0.00,0.00,0.00,4.0,95830.0,95347.0,0.0,0.0,0.5,0.0,64.643,0.000,0.0,667200.0
2026-09-01T03:55:01,0.3,4879,1547350,1531229,0.3,0.00,0.64,0.00,2.57,0.00,0.00,0.00,4.0,95830.0,95347.0,0.0,0.0,0.5,0.0,64.642,0.000,0.0,651481.0
2026-09-01T03:55:02,0.2,4882,1547350,1531226,0.3,0.00,4.35,0.00,19.55,0.00,0.12,0.00,4.0,95830.0,95347.0,0.0,0.0,0.5,0.0,64.618,0.000,0.0,651481.0
2026-09-01T03:55:03,0.2,4881,1547350,1531226,0.3,0.00,1.54,0.00,6.15,0.00,0.00,0.00,4.0,95830.0,95347.0,0.0,0.0,0.5,0.0,64.632,0.000,0.0,683645.0
2026-09-01T03:55:05,0.2,4881,1547350,1531227,0.3,0.00,0.69,0.00,2.77,0.00,0.00,0.07,4.0,95830.0,95347.0,0.0,0.0,0.5,0.0,64.650,0.000,0.0,659789.5
2026-09-01T03:55:06,0.2,4883,1547350,1531225,0.3,0.00,0.56,0.00,2.26,0.00,0.00,0.00,4.0,95830.0,95347.0,0.0,0.0,0.5,0.0,64.642,0.000,0.0,662381.0
2026-09-01T03:55:08,0.2,4883,1547350,1531225,0.3,0.00,1.11,0.00,4.44,0.00,0.00,0.00,4.0,95830.0,95347.0,0.0,0.0,0.5,0.0,64.634,0.000,0.0,651736.5
2026-09-01T03:55:10,0.2,4884,1547350,1531223,0.3,0.00,0.50,0.00,2.00,0.00,0.00,0.00,4.0,95830.0,95347.0,0.0,0.0,0.5,0.0,64.626,0.000,0.0,652014.0
2026-09-01T03:55:12,0.2,4882,1547350,1531225,0.3,0.00,0.60,0.00,2.40,0.00,0.00,0.00,4.0,95830.0,95347.0,0.0,0.0,0.5,0.0,64.623,0.000,0.0,693405.0
2026-09-01T03:55:13,0.2,4881,1547350,1531226,0.3,0.00,1.23,0.00,4.91,0.00,0.00,0.00,4.0,95830.0,95347.0,0.0,0.0,0.5,0.0,64.641,0.000,0.0,676810.5
2026-09-01T03:55:14,0.2,4882,1547350,1531226,0.3,0.00,3.24,0.00,12.96,0.00,0.20,0.00,4.0,95830.0,95347.0,0.0,0.0,0.5,0.0,64.642,0.000,0.0,647643.5
2026-09-01T03:55:16,0.2,4882,1547350,1531226,0.3,0.00,0.49,0.00,1.96,0.00,0.00,0.00,4.0,95830.0,95347.0,0.0,0.0,0.5,0.0,64.644,0.000,0.0,643454.0
2026-09-01T03:55:18,0.2,4883,1547350,1531225,0.3,0.00,0.61,0.00,2.45,0.00,0.00,0.00,4.0,95830.0,95347.0,0.0,0.0,0.5,0.0,64.630,0.000,0.0,660808.0
2026-09-01T03:55:20,0.2,4883,1547350,1531224,0.3,0.00,1.93,0.00,12.80,0.00,0.00,0.00,4.0,95830.0,95347.0,0.0,0.0,0.5,0.0,64.622,0.000,0.0,660808.0
2026-09-01T03:55:20,0.2,4883,1547350,1531225,0.3,0.00,1.90,0.00,7.59,0.00,0.00,0.00,4.0,95830.0,95347.0,0.0,0.0,0.5,0.0,64.639,0.000,0.0,677566.5
2026-09-01T03:55:23,0.3,4883,1547350,1531225,0.3,0.00,0.36,0.00,1.43,0.00,0.00,0.00,4.0,95830.0,95347.0,0.0,0.0,0.5,0.0,64.615,0.000,0.0,632744.0
2026-09-01T03:55:25,0.2,4883,1547350,1531225,0.3,0.00,1.01,0.00,4.03,0.00,0.00,0.00,4.0,95830.0,95347.0,0.0,0.0,0.5,0.0,64.627,0.000,0.0,648409.0
2026-09-01T03:55:27,0.2,4883,1547350,1531224,0.3,0.00,0.49,0.00,1.97,0.00,0.00,0.00,4.0,95830.0,95347.0,0.0,0.0,0.5,0.0,64.630,0.000,0.0,645571.5
2026-09-01T03:55:29,0.2,4885,1547350,1531223,0.3,0.00,0.46,0.00,1.85,0.00,1.00,0.00,4.0,95830.0,95347.0,0.0,0.0,0.5,0.0,64.644,0.000,0.0,646522.5
2026-09-01T03:55:31,0.2,4893,1547350,1531215,0.3,0.00,1.07,0.00,4.29,0.00,0.00,0.00,4.0,95830.0,95347.0,0.0,0.0,0.5,0.0,64.633,0.000,0.0,646344.0
2026-09-01T03:55:33,0.3,4901,1547350,1531207,0.3,0.00,0.45,0.00,1.80,0.00,0.00,0.00,4.0,95830.0,95347.0,0.0,0.0,0.5,0.0,64.621,0.000,0.0,644753.0
2026-09-01T03:55:36,0.2,4902,1547350,1531206,0.3,0.00,0.80,0.00,3.19,0.00,0.00,0.00,4.0,95830.0,95347.0,0.0,0.0,0.5,0.0,64.620,0.000,0.0,683423.5
2026-09-01T03:55:37,0.2,4902,1547350,1531206,0.3,0.00,0.78,0.00,3.12,0.00,0.00,0.00,4.0,95830.0,95347.0,0.0,0.0,0.5,0.0,64.635,0.000,0.0,676331.0
2026-09-01T03:55:39,0.2,4902,1547350,1531206,0.3,0.00,0.81,0.00,3.22,0.00,0.00,0.00,4.0,95830.0,95347.0,0.0,0.0,0.5,0.0,64.609,0.000,0.0,643720.0
2026-09-01T03:55:41,0.2,4901,1547350,1531206,0.3,0.00,0.50,0.00,2.02,0.00,0.00,0.00,4.0,95830.0,95347.0,0.0,0.0,0.5,0.0,64.624,0.000,0.0,643720.0
2026-09-01T03:55:41,0.2,4901,1547350,1531207,0.3,0.00,3.11,0.00,12.42,0.00,0.00,0.00,4.0,95830.0,95347.0,0.0,0.0,0.5,0.0,64.648,0.000,0.0,682194.5
2026-09-01T03:55:43,0.2,4901,1547350,1531207,0.3,0.00,0.62,0.00,2.50,0.00,0.00,0.00,4.0,95830.0,95347.0,0.0,0.0,0.5,0.0,64.634,0.000,0.0,656689.5
2026-09-01T03:55:45,0.2,4901,1547350,1531206,0.3,0.00,0.54,0.00,2.17,0.00,0.00,0.00,4.0,95830.0,95347.0,0.0,0.0,0.5,0.0,64.601,0.000,0.0,654850.5
2026-09-01T03:55:46,0.2,4901,1547350,1531207,0.3,0.00,0.72,0.00,2.89,0.00,0.00,0.00,4.0,95830.0,95347.0,0.0,0.0,0.5,0.0,64.608,0.000,0.0,662861.5
2026-09-01T03:55:48,0.2,4902,1547350,1531206,0.3,0.00,1.32,0.00,5.28,0.00,0.00,0.00,4.0,95830.0,95347.0,0.0,0.0,0.5,0.0,64.637,0.000,0.0,662861.5
2026-09-01T03:55:49,0.2,4901,1547350,1531207,0.3,0.00,1.45,0.00,5.78,0.00,0.00,0.00,4.0,95830.0,95347.0,0.0,0.0,0.5,0.0,64.611,0.000,0.0,679305.0
2026-09-01T03:55:51,0.2,4900,1547350,1531208,0.3,0.00,6.49,0.00,71.61,0.00,0.15,0.00,4.0,95830.0,95347.0,0.0,0.0,0.5,0.0,64.585,0.000,0.0,683819.0
2026-09-01T03:55:52,0.2,4902,1547350,1531206,0.3,0.00,0.97,0.00,3.89,0.00,0.00,0.00,4.0,95830.0,95347.0,0.0,0.0,0.5,0.0,64.594,0.000,0.0,683819.0
2026-09-01T03:55:52,0.3,4902,1547350,1531206,0.3,0.00,1.69,0.00,6.76,0.00,0.00,0.00,4.0,95830.0,95347.0,0.0,0.0,0.5,0.0,64.629,0.000,0.0,707326.0
2026-09-01T03:55:53,0.2,4901,1547350,1531207,0.3,0.00,2.18,0.00,13.10,0.00,0.00,0.00,4.0,95830.0,95347.0,0.0,0.0,0.5,0.0,64.635,0.000,0.0,673496.0
2026-09-01T03:55:54,0.2,4902,1547350,1531206,0.3,0.00,0.76,0.00,3.04,0.00,0.00,0.00,4.0,95830.0,95347.0,0.0,0.0,0.5,0.0,64.645,0.000,0.0,657523.0
2026-09-01T03:55:56,0.2,4902,1547350,1531206,0.3,0.00,0.64,0.00,2.57,0.00,0.00,0.00,4.0,95830.0,95347.0,0.0,0.0,0.5,0.0,64.636,0.000,0.0,661907.0
2026-09-01T03:55:57,0.2,4902,1547350,1531206,0.3,0.00,0.92,0.00,3.69,0.00,0.00,0.00,4.0,95830.0,95347.0,0.0,0.0,0.5,0.0,64.626,0.000,0.0,661907.0
2026-09-01T03:55:58,0.3,4902,1547350,1531206,0.3,0.00,1.74,0.00,6.96,0.00,0.00,0.00,4.0,95830.0,95347.0,0.0,0.0,0.5,0.0,64.607,0.000,0.0,711828.5
2026-09-01T03:55:59,0.2,4903,1547350,1531205,0.3,0.00,1.29,0.00,5.16,0.00,0.00,0.00,4.0,95830.0,95347.0,0.0,0.0,0.5,0.0,64.625,0.000,0.0,687928.0
2026-09-01T03:56:00,0.2,4905,1547350,1531203,0.3,0.00,1.02,0.00,4.07,0.00,0.00,0.00,4.0,95830.0,95347.0,0.0,0.0,0.5,0.0,64.633,0.000,0.0,656723.0
2026-09-01T03:56:02,0.3,4906,1547350,1531202,0.3,0.00,0.60,0.00,2.39,0.00,0.00,0.00,4.0,95830.0,95347.0,0.0,0.0,0.5,0.0,64.639,0.000,0.0,647226.0
2026-09-01T03:56:04,0.2,4906,1547350,1531202,0.3,0.00,4.34,0.00,17.37,0.00,0.12,0.00,4.0,95830.0,95347.0,0.0,0.0,0.5,0.0,64.626,0.000,0.0,680064.5
2026-09-01T03:56:05,0.2,4906,1547350,1531202,0.3,0.00,0.79,0.00,3.18,0.00,0.00,0.00,4.0,95830.0,95347.0,0.0,0.0,0.5,0.0,64.625,0.000,0.0,677439.0
2026-09-01T03:56:06,0.2,4905,1547350,1531202,0.3,0.00,0.65,0.00,2.60,0.00,0.00,0.00,4.0,95830.0,95347.0,0.0,0.0,0.5,0.0,64.614,0.000,0.0,648283.5
2026-09-01T03:56:08,0.2,4905,1547350,1531202,0.3,0.00,0.50,0.00,1.98,0.00,0.00,0.00,4.0,95830.0,95347.0,0.0,0.0,0.5,0.0,64.630,0.000,0.0,772330.0
2026-09-01T03:56:09,0.2,4905,1547350,1531203,0.3,0.00,3.16,0.00,12.64,0.00,0.00,0.00,4.0,95830.0,95347.0,0.0,0.0,0.5,0.0,64.621,0.000,0.0,684182.5
2026-09-01T03:56:10,0.2,4902,1547350,1531206,0.3,0.00,0.74,0.00,2.95,0.00,0.00,0.00,4.0,95830.0,95347.0,0.0,0.0,0.5,0.0,64.604,0.000,0.0,657487.0
2026-09-01T03:56:12,0.2,4902,1547350,1531206,0.3,0.00,0.60,0.00,2.40,0.00,0.00,0.00,4.0,95830.0,95347.0,0.0,0.0,0.5,0.0,64.615,0.000,0.0,652528.0
2026-09-01T03:56:14,0.2,4902,1547350,1531206,0.3,0.00,0.61,0.00,2.46,0.00,0.00,0.00,4.0,95830.0,95347.0,0.0,0.0,0.5,0.0,64.606,0.000,0.0,652528.0
2026-09-01T03:56:14,0.2,4902,1547350,1531205,0.3,0.00,6.55,0.00,26.21,0.00,0.20,0.00,4.0,95830.0,95347.0,0.0,0.0,0.5,0.0,64.615,0.000,0.0,676605.0
2026-09-01T03:56:16,0.2,4903,1547350,1531205,0.3,0.00,0.56,0.00,2.24,0.00,0.00,0.00,4.0,95830.0,95347.0,0.0,0.0,0.5,0.0,64.618,0.000,0.0,665439.5
2026-09-01T03:56:18,0.2,4903,1547350,1531205,0.3,0.00,0.68,0.00,2.73,0.00,0.00,0.00,4.0,95830.0,95347.0,0.0,0.0,0.5,0.0,64.599,0.000,0.0,656876.5
2026-09-01T03:56:20,0.2,4902,1547350,1531205,0.3,0.00,2.02,0.00,28.72,0.00,0.00,0.00,4.0,95830.0,95347.0,0.0,0.0,0.5,0.0,64.615,0.000,0.0,651606.5
2026-09-01T03:56:22,0.2,4902,1547350,1531205,0.3,0.00,0.55,0.00,2.20,0.00,0.00,0.00,4.0,95830.0,95347.0,0.0,0.0,0.5,0.0,64.598,0.000,0.0,651606.5
2026-09-01T03:56:23,0.2,4903,1547350,1531205,0.3,0.00,1.01,0.00,4.02,0.00,0.00,0.00,4.0,95830.0,95347.0,0.0,0.0,0.5,0.0,64.614,0.000,0.0,717179.0
2026-09-01T03:56:23,0.3,4903,1547350,1531205,0.3,0.00,2.02,0.00,8.10,0.00,0.00,0.00,4.0,95830.0,95347.0,0.0,0.0,0.5,0.0,64.642,0.000,0.0,717179.0
2026-09-01T03:56:24,0.2,4903,1547350,1531205,0.3,0.00,1.58,0.00,6.33,0.00,0.00,0.00,4.0,95830.0,95347.0,0.0,0.0,0.5,0.0,64.597,0.000,0.0,633821.0
2026-09-01T03:56:29,0.2,4903,1547350,1531205,0.3,0.00,0.20,0.00,0.81,0.00,0.00,0.00,4.0,95830.0,95347.0,0.0,0.0,0.5,0.0,64.618,0.000,0.0,633821.0
2026-09-01T03:56:30,0.2,4903,1547350,1531204,0.3,0.00,1.00,0.00,4.00,0.00,0.00,0.00,4.0,95830.0,95347.0,0.0,0.0,0.5,0.0,64.600,0.000,0.0,694464.0
2026-09-01T03:56:31,0.2,4903,1547350,1531205,0.3,0.00,0.60,0.00,2.39,0.00,0.00,0.00,4.0,95830.0,95347.0,0.0,0.0,0.5,0.0,64.581,0.000,0.0,662017.0
2026-09-01T03:56:33,0.2,4903,1547350,1531204,0.3,0.00,0.47,0.00,1.90,0.00,0.00,0.00,4.0,95830.0,95347.0,0.0,0.0,0.5,0.0,64.573,0.000,0.0,683187.0
2026-09-01T03:56:34,0.2,4904,1547350,1531204,0.3,0.00,1.08,0.00,4.32,0.00,1.00,0.00,4.0,95830.0,95347.0,0.0,0.0,0.5,0.0,64.543,0.000,0.0,683187.0
2026-09-01T03:56:35,0.2,4904,1547350,1531204,0.3,0.00,1.01,0.00,4.04,0.00,0.00,0.00,4.0,95830.0,95347.0,0.0,0.0,0.5,0.0,64.567,0.000,0.0,663932.5
2026-09-01T03:56:37,0.2,4904,1547350,1531204,0.3,0.00,0.50,0.00,2.00,0.00,0.00,0.00,4.0,95830.0,95347.0,0.0,0.0,0.5,0.0,64.573,0.000,0.0,663932.5
2026-09-01T03:56:38,0.2,4904,1547350,1531204,0.3,0.00,1.28,0.00,5.10,0.00,0.00,0.13,4.0,95830.0,95347.0,0.0,0.0,0.5,0.0,64.590,0.000,0.0,674580.5
2026-09-01T03:56:40,0.2,4903,1547350,1531205,0.3,0.00,0.53,0.00,2.12,0.00,0.00,0.05,4.0,95830.0,95347.0,0.0,0.0,0.5,0.0,64.590,0.000,0.0,674580.5
2026-09-01T03:56:42,0.2,4903,1547350,1531205,0.3,0.00,0.48,0.00,1.92,0.00,0.00,0.00,4.0,95830.0,95347.0,0.0,0.0,0.5,0.0,64.585,0.000,0.0,652735.5
2026-09-01T03:56:44,0.2,4903,1547350,1531204,0.3,0.00,0.63,0.00,2.51,0.00,0.00,0.00,4.0,95830.0,95347.0,0.0,0.0,0.5,0.0,64.573,0.000,0.0,652735.5
2026-09-01T03:56:44,0.2,4903,1547350,1531205,0.3,0.00,1.43,0.00,5.71,0.00,0.00,0.00,4.0,95830.0,95347.0,0.0,0.0,0.5,0.0,64.547,0.000,0.0,683636.5
2026-09-01T03:56:46,0.2,4904,1547350,1531204,0.3,0.00,1.35,0.00,5.40,0.00,0.00,0.00,4.0,95830.0,95347.0,0.0,0.0,0.5,0.0,64.590,0.000,0.0,711083.5
2026-09-01T03:56:48,0.2,4903,1547350,1531204,0.3,0.00,0.54,0.00,2.16,0.00,0.00,0.00,4.0,95830.0,95347.0,0.0,0.0,0.5,0.0,64.566,0.000,0.0,676394.5
2026-09-01T03:56:49,0.2,4902,1547350,1531205,0.3,0.00,1.01,0.00,4.04,0.00,0.00,0.00,4.0,95830.0,95347.0,0.0,0.0,0.5,0.0,64.561,0.000,0.0,616392.5
2026-09-01T03:56:55,0.2,4903,1547350,1531204,0.3,0.00,2.49,0.00,31.87,0.00,0.13,0.00,4.0,95830.0,95347.0,0.0,0.0,0.5,0.0,64.553,0.000,0.0,645935.0
2026-09-01T03:56:57,0.2,4903,1547350,1531204,0.3,0.00,0.49,0.00,1.95,0.00,0.00,0.00,4.0,95830.0,95347.0,0.0,0.0,0.5,0.0,64.563,0.000,0.0,661774.0
2026-09-01T03:56:58,0.2,4904,1547350,1531204,0.3,0.00,0.68,0.00,2.72,0.00,0.00,0.07,4.0,95830.0,95347.0,0.0,0.0,0.5,0.0,64.559,0.000,0.0,661774.0
2026-09-01T03:56:59,0.2,4904,1547350,1531204,0.3,0.00,1.14,0.00,4.58,0.00,0.00,0.00,4.0,95830.0,95347.0,0.0,0.0,0.5,0.0,64.577,0.000,0.0,692991.0
2026-09-01T03:57:00,0.3,4910,1547350,1531198,0.3,0.00,0.74,0.00,2.95,0.00,0.00,0.00,4.0,95830.0,95347.0,0.0,0.0,0.5,0.0,64.513,0.000,0.0,651929.0
2026-09-01T03:57:02,0.2,4909,1547350,1531199,0.3,0.00,0.50,0.00,1.98,0.00,0.00,0.00,4.0,95830.0,95347.0,0.0,0.0,0.5,0.0,64.561,0.000,0.0,657337.0
2026-09-01T03:57:04,0.2,4909,1547350,1531199,0.3,0.00,0.65,0.00,2.60,0.00,0.00,0.00,4.0,95830.0,95347.0,0.0,0.0,0.5,0.0,64.524,0.000,0.0,664745.5
2026-09-01T03:57:06,0.2,4909,1547350,1531199,0.3,0.00,0.57,0.00,2.27,0.00,0.00,0.00,4.0,95830.0,95347.0,0.0,0.0,0.5,0.0,64.530,0.000,0.0,700692.5
2026-09-01T03:57:07,0.2,4909,1547350,1531199,0.3,0.00,0.99,0.00,3.94,0.00,0.00,0.00,4.0,95830.0,95347.0,0.0,0.0,0.5,0.0,64.543,0.000,0.0,656867.0
2026-09-01T03:57:08,0.2,4909,1547350,1531199,0.3,0.00,0.81,0.00,3.22,0.00,0.00,0.00,4.0,95830.0,95347.0,0.0,0.0,0.5,0.0,64.531,0.000,0.0,656867.0
2026-09-01T03:57:09,0.2,4908,1547350,1531199,0.3,0.00,0.84,0.00,3.37,0.00,0.00,0.00,4.0,95830.0,95347.0,0.0,0.0,0.5,0.0,64.510,0.000,0.0,626544.0
2026-09-01T03:57:15,0.2,4907,1547350,1531201,0.3,0.00,0.33,0.00,1.33,0.00,0.00,0.00,4.0,95830.0,95347.0,0.0,0.0,0.5,0.0,64.531,0.000,0.0,668714.5
2026-09-01T03:57:17,0.2,4908,1547350,1531200,0.3,0.00,2.08,0.00,8.32,0.00,0.00,0.00,4.0,95830.0,95347.0,0.0,0.0,0.5,0.0,64.516,0.000,0.0,665364.0
2026-09-01T03:57:18,0.2,4907,1547350,1531201,0.3,0.00,0.79,0.00,3.18,0.00,0.00,0.08,4.0,95830.0,95347.0,0.0,0.0,0.5,0.0,64.489,0.000,0.0,660899.0
2026-09-01T03:57:19,0.2,4906,1547350,1531202,0.3,0.00,0.74,0.00,2.97,0.00,0.00,0.00,4.0,95830.0,95347.0,0.0,0.0,0.5,0.0,64.485,0.000,0.0,692142.0
2026-09-01T03:57:21,0.2,4907,1547350,1531201,0.3,0.00,1.52,0.00,12.41,0.00,0.33,0.00,4.0,95830.0,95347.0,0.0,0.0,0.5,0.0,64.510,0.000,0.0,633760.5
2026-09-01T03:57:24,0.2,4907,1547350,1531201,0.3,0.00,0.42,0.00,1.67,0.00,0.00,0.00,4.0,95830.0,95347.0,0.0,0.0,0.5,0.0,64.531,0.000,0.0,633760.5
2026-09-01T03:57:25,0.2,4907,1547350,1531201,0.3,0.00,1.04,0.00,4.18,0.00,0.00,0.00,4.0,95830.0,95347.0,0.0,0.0,0.5,0.0,64.463,0.000,0.0,690172.0
2026-09-01T03:57:25,0.2,4907,1547350,1531200,0.3,0.00,1.13,0.00,4.53,0.00,0.00,0.00,4.0,95830.0,95347.0,0.0,0.0,0.5,0.0,64.480,0.000,0.0,690172.0
2026-09-01T03:57:30,0.2,4907,1547350,1531201,0.3,0.00,0.20,0.00,0.80,0.00,0.00,0.02,4.0,95830.0,95347.0,0.0,0.0,0.5,0.0,64.483,0.000,0.0,628758.0
2026-09-01T03:57:32,0.2,4907,1547350,1531201,0.3,0.00,4.10,0.00,19.14,0.00,0.00,0.00,4.0,95830.0,95347.0,0.0,0.0,0.5,0.0,64.454,0.000,0.0,665696.0
2026-09-01T03:57:39,0.2,4908,1547350,1531200,0.3,0.00,0.14,0.00,0.57,0.00,0.00,0.00,4.0,95830.0,95347.0,0.0,0.0,0.5,0.0,64.445,0.000,0.0,612828.0
2026-09-01T03:57:40,0.2,4907,1547350,1531200,0.3,0.00,0.67,0.00,2.67,0.00,0.00,0.00,4.0,95830.0,95347.0,0.0,0.0,0.5,0.0,64.439,0.000,0.0,612828.0
2026-09-01T03:57:41,0.2,4907,1547350,1531201,0.3,0.00,0.98,0.00,3.93,0.00,0.00,0.00,4.0,95830.0,95347.0,0.0,0.0,0.5,0.0,64.428,0.000,0.0,664844.5
2026-09-01T03:57:43,0.2,4908,1547350,1531200,0.3,0.00,1.06,0.00,4.23,0.00,0.00,0.00,4.0,95830.0,95347.0,0.0,0.0,0.5,0.0,64.451,0.000,0.0,661563.0
2026-09-01T03:57:45,0.2,4907,1547350,1531200,0.3,0.00,0.68,0.00,2.74,0.00,1.00,0.00,4.0,95830.0,95347.0,0.0,0.0,0.5,0.0,64.457,0.000,0.0,702957.0
2026-09-01T03:57:46,0.2,4908,1547350,1531200,0.3,0.00,0.79,0.00,3.15,0.00,0.00,0.00,4.0,95830.0,95347.0,0.0,0.0,0.5,0.0,64.425,0.000,0.0,702608.5
2026-09-01T03:57:48,0.2,4908,1547350,1531200,0.3,0.00,1.84,0.00,7.35,0.00,0.00,0.00,4.0,95830.0,95347.0,0.0,0.0,0.5,0.0,64.457,0.000,0.0,691861.5
2026-09-01T03:57:49,0.2,4908,1547350,1531200,0.3,0.00,5.56,0.00,47.30,0.00,0.00,0.00,4.0,95830.0,95347.0,0.0,0.0,0.5,0.0,64.403,0.000,0.0,618651.5
2026-09-01T03:57:53,0.2,4907,1547350,1531201,0.3,0.00,0.23,0.00,0.92,0.00,0.00,0.00,4.0,95830.0,95347.0,0.0,0.0,0.5,0.0,64.391,0.000,0.0,665135.5
2026-09-01T03:57:55,0.2,4907,1547350,1531201,0.3,0.00,0.59,0.00,2.37,0.00,0.00,0.00,4.0,95830.0,95347.0,0.0,0.0,0.5,0.0,64.422,0.000,0.0,665135.5
2026-09-01T03:57:55,0.3,4906,1547350,1531201,0.3,0.00,2.36,0.00,9.46,0.00,0.00,0.00,4.0,95830.0,95347.0,0.0,0.0,0.5,0.0,64.428,0.000,0.0,691732.5
2026-09-01T03:57:57,0.2,4907,1547350,1531201,0.3,0.00,0.63,0.00,2.52,0.00,0.00,0.00,4.0,95830.0,95347.0,0.0,0.0,0.5,0.0,64.427,0.000,0.0,659848.5
2026-09-01T03:57:58,0.2,4907,1547350,1531201,0.3,0.00,0.85,0.00,3.40,0.00,0.00,0.00,4.0,95830.0,95347.0,0.0,0.0,0.5,0.0,64.405,0.000,0.0,668527.0
2026-09-01T03:58:00,0.2,4907,1547350,1531201,0.3,0.00,0.73,0.00,2.93,0.00,0.00,0.00,4.0,95830.0,95347.0,0.0,0.0,0.5,0.0,64.406,0.000,0.0,694192.5
2026-09-01T03:58:01,0.3,4912,1547350,1531196,0.3,0.00,0.84,0.00,3.38,0.00,0.00,0.00,4.0,95830.0,95347.0,0.0,0.0,0.5,0.0,64.395,0.000,0.0,663664.5
2026-09-01T03:58:02,0.2,4912,1547350,1531196,0.3,0.00,0.61,0.00,2.45,0.00,0.00,0.00,4.0,95830.0,95347.0,0.0,0.0,0.5,0.0,64.394,0.000,0.0,654364.0
2026-09-01T03:58:04,0.2,4912,1547350,1531196,0.3,0.00,0.54,0.00,2.14,0.00,1.00,0.00,4.0,95830.0,95347.0,0.0,0.0,0.5,0.0,64.404,0.000,0.0,697222.0
2026-09-01T03:58:06,0.2,4911,1547350,1531196,0.3,0.00,0.74,0.00,2.96,0.00,0.00,0.00,4.0,95830.0,95347.0,0.0,0.0,0.5,0.0,64.388,0.000,0.0,708932.0
2026-09-01T03:58:07,0.2,4912,1547350,1531196,0.3,0.00,0.60,0.00,2.40,0.00,0.00,0.00,4.0,95830.0,95347.0,0.0,0.0,0.5,0.0,64.388,0.000,0.0,709565.0
2026-09-01T03:58:09,0.2,4911,1547350,1531197,0.3,0.00,0.64,0.00,2.58,0.00,0.00,0.00,4.0,95830.0,95347.0,0.0,0.0,0.5,0.0,64.379,0.000,0.0,667094.5
2026-09-01T03:58:10,0.2,4908,1547350,1531199,0.3,0.00,0.61,0.00,2.44,0.00,0.00,0.00,4.0,95830.0,95347.0,0.0,0.0,0.5,0.0,64.390,0.000,0.0,661420.0
2026-09-01T03:58:12,0.2,4908,1547350,1531200,0.3,0.00,0.60,0.00,2.41,0.00,0.00,0.00,4.0,95830.0,95347.0,0.0,0.0,0.5,0.0,64.379,0.000,0.0,651315.0
2026-09-01T03:58:14,0.2,4909,1547350,1531199,0.3,0.00,0.59,0.00,2.38,0.00,0.00,0.00,4.0,95830.0,95347.0,0.0,0.0,0.5,0.0,64.377,0.000,0.0,738353.5
2026-09-01T03:58:15,0.2,4909,1547350,1531199,0.3,0.00,0.75,0.00,3.02,0.00,0.00,0.00,4.0,95830.0,95347.0,0.0,0.0,0.5,0.0,64.386,0.000,0.0,686025.0
2026-09-01T03:58:17,0.2,4910,1547350,1531198,0.3,0.00,0.71,0.00,2.84,0.00,0.00,0.00,4.0,95830.0,95347.0,0.0,0.0,0.5,0.0,64.398,0.000,0.0,700888.5
2026-09-01T03:58:18,0.2,4909,1547350,1531199,0.3,0.00,0.83,0.00,3.31,0.00,0.00,0.00,4.0,95830.0,95347.0,0.0,0.0,0.5,0.0,64.397,0.000,0.0,700888.5
2026-09-01T03:58:19,0.2,4909,1547350,1531199,0.3,0.00,2.09,0.00,12.55,0.00,0.00,0.00,4.0,95830.0,95347.0,0.0,0.0,0.5,0.0,64.376,0.000,0.0,689076.0
2026-09-01T03:58:20,0.2,4909,1547350,1531199,0.3,0.00,1.81,0.00,15.06,0.00,0.00,0.00,4.0,95830.0,95347.0,0.0,0.0,0.5,0.0,64.356,0.000,0.0,657192.0
2026-09-01T03:58:22,0.2,4909,1547350,1531199,0.3,0.00,0.60,0.00,2.42,0.00,0.00,0.00,4.0,95830.0,95347.0,0.0,0.0,0.5,0.0,64.385,0.000,0.0,643589.5
2026-09-01T03:58:24,0.2,4910,1547350,1531198,0.3,0.00,0.55,0.00,2.18,0.00,0.00,0.05,4.0,95830.0,95347.0,0.0,0.0,0.5,0.0,64.359,0.000,0.0,649080.5
2026-09-01T03:58:26,0.2,4910,1547350,1531198,0.3,0.00,0.52,0.00,2.08,0.00,0.00,0.00,4.0,95830.0,95347.0,0.0,0.0,0.5,0.0,64.388,0.000,0.0,651316.0
2026-09-01T03:58:28,0.2,4911,1547350,1531197,0.3,0.00,0.54,0.00,2.15,0.00,0.00,0.00,4.0,95830.0,95347.0,0.0,0.0,0.5,0.0,64.370,0.000,0.0,682607.5
2026-09-01T03:58:29,0.3,4911,1547350,1531197,0.3,0.00,0.82,0.00,3.29,0.00,0.00,0.00,4.0,95830.0,95347.0,0.0,0.0,0.5,0.0,64.362,0.000,0.0,644888.5
2026-09-01T03:58:31,0.2,4911,1547350,1531196,0.3,0.00,0.51,0.00,2.02,0.00,0.00,0.00,4.0,95830.0,95347.0,0.0,0.0,0.5,0.0,64.373,0.000,0.0,644888.5
2026-09-01T03:58:32,0.2,4911,1547350,1531197,0.3,0.00,1.17,0.00,4.67,0.00,1.00,0.00,4.0,95830.0,95347.0,0.0,0.0,0.5,0.0,64.379,0.000,0.0,665764.5
2026-09-01T03:58:34,0.2,4911,1547350,1531197,0.3,0.00,2.71,0.00,12.65,0.00,0.00,0.00,4.0,95830.0,95347.0,0.0,0.0,0.5,0.0,64.384,0.000,0.0,672195.0
2026-09-01T03:58:35,0.2,4911,1547350,1531196,0.3,0.00,0.95,0.00,3.81,0.00,0.00,0.00,4.0,95830.0,95347.0,0.0,0.0,0.5,0.0,64.373,0.000,0.0,672195.0
2026-09-01T03:58:36,0.3,4911,1547350,1531196,0.3,0.00,1.38,0.00,5.52,0.00,0.00,0.00,4.0,95830.0,95347.0,0.0,0.0,0.5,0.0,64.368,0.000,0.0,712383.0
2026-09-01T03:58:38,0.2,4911,1547350,1531197,0.3,0.00,0.49,0.00,1.96,0.00,0.00,0.00,4.0,95830.0,95347.0,0.0,0.0,0.5,0.0,64.358,0.000,0.0,642442.5
2026-09-01T03:58:40,0.2,4911,1547350,1531197,0.3,0.00,0.49,0.00,1.97,0.00,0.00,0.00,4.0,95830.0,95347.0,0.0,0.0,0.5,0.0,64.362,0.000,0.0,654346.0
2026-09-01T03:58:42,0.2,4911,1547350,1531196,0.3,0.00,0.55,0.00,2.19,0.00,0.00,0.00,4.0,95830.0,95347.0,0.0,0.0,0.5,0.0,64.362,0.000,0.0,691631.0
2026-09-01T03:58:42,0.3,4912,1547350,1531196,0.3,0.00,1.30,0.00,5.19,0.00,0.00,0.00,4.0,95830.0,95347.0,0.0,0.0,0.5,0.0,64.354,0.000,0.0,671053.5
2026-09-01T03:58:44,0.2,4911,1547350,1531196,0.3,0.00,1.29,0.00,5.15,0.00,0.00,0.00,4.0,95830.0,95347.0,0.0,0.0,0.5,0.0,64.373,0.000,0.0,661499.5
2026-09-01T03:58:46,0.2,4912,1547350,1531196,0.3,0.00,0.63,0.00,2.53,0.00,0.00,0.00,4.0,95830.0,95347.0,0.0,0.0,0.5,0.0,64.334,0.000,0.0,660388.0
2026-09-01T03:58:47,0.2,4912,1547350,1531196,0.3,0.00,0.65,0.00,2.60,0.00,0.00,0.00,4.0,95830.0,95347.0,0.0,0.0,0.5,0.0,64.358,0.000,0.0,660388.0
2026-09-01T03:58:48,0.2,4912,1547350,1531196,0.3,0.00,1.19,0.00,4.76,0.00,0.00,0.00,4.0,95830.0,95347.0,0.0,0.0,0.5,0.0,64.356,0.000,0.0,701989.5
2026-09-01T03:58:49,0.2,4912,1547350,1531196,0.3,0.00,1.72,0.00,6.86,0.00,0.50,0.00,4.0,95830.0,95347.0,0.0,0.0,0.5,0.0,64.337,0.000,0.0,676382.5
2026-09-01T03:58:51,0.2,4911,1547350,1531197,0.3,0.00,4.24,0.00,37.58,0.00,0.00,0.00,4.0,95830.0,95347.0,0.0,0.0,0.5,0.0,64.343,0.000,0.0,661251.5
2026-09-01T03:58:52,0.2,4911,1547350,1531196,0.3,0.00,0.59,0.00,2.38,0.00,0.00,0.00,4.0,95830.0,95347.0,0.0,0.0,0.5,0.0,64.365,0.000,0.0,661251.5
2026-09-01T03:58:53,0.2,4912,1547350,1531196,0.3,0.00,1.33,0.00,5.33,0.00,0.00,0.13,4.0,95830.0,95347.0,0.0,0.0,0.5,0.0,64.343,0.000,0.0,672094.0
2026-09-01T03:58:55,0.2,4912,1547350,1531196,0.3,0.00,1.19,0.00,4.77,0.00,0.00,0.00,4.0,95830.0,95347.0,0.0,0.0,0.5,0.0,64.355,0.000,0.0,665287.0
2026-09-01T03:58:56,0.2,4912,1547350,1531195,0.3,0.00,0.87,0.00,3.49,0.00,0.00,0.00,4.0,95830.0,95347.0,0.0,0.0,0.5,0.0,64.370,0.000,0.0,670403.5
2026-09-01T03:58:58,0.2,4912,1547350,1531196,0.3,0.00,0.61,0.00,2.44,0.00,0.00,0.00,4.0,95830.0,95347.0,0.0,0.0,0.5,0.0,64.368,0.000,0.0,657686.0
2026-09-01T03:58:59,0.2,4912,1547350,1531196,0.3,0.00,0.55,0.00,2.20,0.00,0.00,0.00,4.0,95830.0,95347.0,0.0,0.0,0.5,0.0,64.369,0.000,0.0,651830.0
2026-09-01T03:59:01,0.3,4916,1547350,1531192,0.3,0.00,0.66,0.00,2.64,0.00,0.00,0.00,4.0,95830.0,95347.0,0.0,0.0,0.5,0.0,64.352,0.000,0.0,700704.5
2026-09-01T03:59:02,0.2,4916,1547350,1531192,0.3,0.00,0.78,0.00,3.11,0.00,0.00,0.00,4.0,95830.0,95347.0,0.0,0.0,0.5,0.0,64.338,0.000,0.0,663254.5
2026-09-01T03:59:04,0.2,4916,1547350,1531191,0.3,0.00,0.63,0.00,2.50,0.00,0.00,0.00,4.0,95830.0,95347.0,0.0,0.0,0.5,0.0,64.354,0.000,0.0,651859.0
2026-09-01T03:59:06,0.2,4916,1547350,1531192,0.3,0.00,0.55,0.00,2.19,0.00,1.00,0.00,4.0,95830.0,95347.0,0.0,0.0,0.5,0.0,64.297,0.000,0.0,656949.5
2026-09-01T03:59:07,0.2,4916,1547350,1531192,0.3,0.00,0.70,0.00,2.81,0.00,0.00,0.00,4.0,95830.0,95347.0,0.0,0.0,0.5,0.0,64.323,0.000,0.0,656949.5
2026-09-01T03:59:08,0.2,4915,1547350,1531192,0.3,0.00,1.25,0.00,4.99,0.00,0.00,0.00,4.0,95830.0,95347.0,0.0,0.0,0.5,0.0,64.359,0.000,0.0,690009.0
2026-09-01T03:59:10,0.2,4914,1547350,1531193,0.3,0.00,0.52,0.00,2.07,0.00,0.00,0.00,4.0,95830.0,95347.0,0.0,0.0,0.5,0.0,64.351,0.000,0.0,650224.0
2026-09-01T03:59:11,0.2,4911,1547350,1531197,0.3,0.00,0.79,0.00,3.17,0.00,0.00,0.00,4.0,95830.0,95347.0,0.0,0.0,0.5,0.0,64.350,0.000,0.0,682455.5
2026-09-01T03:59:13,0.2,4911,1547350,1531197,0.3,0.00,0.60,0.00,2.42,0.00,0.00,0.00,4.0,95830.0,95347.0,0.0,0.0,0.5,0.0,64.346,0.000,0.0,658020.0
2026-09-01T03:59:14,0.2,4911,1547350,1531197,0.3,0.00,0.62,0.00,2.49,0.00,0.00,0.00,4.0,95830.0,95347.0,0.0,0.0,0.5,0.0,64.314,0.000,0.0,658020.0
2026-09-01T03:59:15,0.2,4911,1547350,1531197,0.3,0.00,1.06,0.00,4.25,0.00,0.00,0.00,4.0,95830.0,95347.0,0.0,0.0,0.5,0.0,64.310,0.000,0.0,670023.5
2026-09-01T03:59:17,0.2,4910,1547350,1531197,0.3,0.00,0.58,0.00,2.33,0.00,0.00,0.00,4.0,95830.0,95347.0,0.0,0.0,0.5,0.0,64.322,0.000,0.0,656046.5
2026-09-01T03:59:19,0.2,4911,1547350,1531197,0.3,0.00,0.56,0.00,2.25,0.00,0.00,0.00,4.0,95830.0,95347.0,0.0,0.0,0.5,0.0,64.320,0.000,0.0,655183.0
2026-09-01T03:59:21,0.2,4910,1547350,1531198,0.3,0.00,1.49,0.00,13.45,0.00,0.00,0.00,4.0,95830.0,95347.0,0.0,0.0,0.5,0.0,64.317,0.000,0.0,647927.5
2026-09-01T03:59:23,0.2,4910,1547350,1531197,0.3,0.00,0.55,0.00,2.20,0.00,0.00,0.00,4.0,95830.0,95347.0,0.0,0.0,0.5,0.0,64.319,0.000,0.0,651044.0
2026-09-01T03:59:24,0.2,4910,1547350,1531198,0.3,0.00,1.85,0.00,7.39,0.00,0.00,0.00,4.0,95830.0,95347.0,0.0,0.0,0.5,0.0,64.298,0.000,0.0,652944.0
2026-09-01T03:59:26,0.2,4909,1547350,1531198,0.3,0.00,0.50,0.00,2.00,0.00,0.00,0.05,4.0,95830.0,95347.0,0.0,0.0,0.5,0.0,64.265,0.000,0.0,683150.5
2026-09-01T03:59:27,0.2,4909,1547350,1531198,0.3,0.00,1.14,0.00,4.58,0.00,0.00,0.00,4.0,95830.0,95347.0,0.0,0.0,0.5,0.0,64.304,0.000,0.0,683150.5
2026-09-01T03:59:28,0.2,4909,1547350,1531198,0.3,0.00,1.31,0.00,5.24,0.00,0.00,0.00,4.0,95830.0,95347.0,0.0,0.0,0.5,0.0,64.309,0.000,0.0,842146.5
2026-09-01T03:59:28,0.2,4910,1547350,1531198,0.3,0.00,2.30,0.00,9.22,0.00,0.00,0.00,4.0,95830.0,95347.0,0.0,0.0,0.5,0.0,64.284,0.000,0.0,648976.0
2026-09-01T03:59:31,0.2,4910,1547350,1531197,0.3,0.00,0.42,0.00,1.69,0.00,1.00,0.00,4.0,95830.0,95347.0,0.0,0.0,0.5,0.0,64.306,0.000,0.0,693819.0
2026-09-01T03:59:31,0.2,4911,1547350,1531197,0.3,0.00,1.48,0.00,5.91,0.00,0.00,0.00,4.0,95830.0,95347.0,0.0,0.0,0.5,0.0,64.314,0.000,0.0,656088.0
2026-09-01T03:59:33,0.2,4911,1547350,1531197,0.3,0.00,0.51,0.00,2.05,0.00,0.00,0.00,4.0,95830.0,95347.0,0.0,0.0,0.5,0.0,64.291,0.000,0.0,644521.5
2026-09-01T03:59:35,0.2,4911,1547350,1531197,0.3,0.00,2.84,0.00,11.34,0.00,0.00,0.00,4.0,95830.0,95347.0,0.0,0.0,0.5,0.0,64.297,0.000,0.0,647117.5
2026-09-01T03:59:37,0.2,4910,1547350,1531198,0.3,0.00,0.52,0.00,2.09,0.00,0.00,0.00,4.0,95830.0,95347.0,0.0,0.0,0.5,0.0,64.307,0.000,0.0,656784.0
2026-09-01T03:59:39,0.2,4910,1547350,1531198,0.3,0.00,0.62,0.00,2.46,0.00,0.00,0.00,4.0,95830.0,95347.0,0.0,0.0,0.5,0.0,64.280,0.000,0.0,652293.0
2026-09-01T03:59:41,0.2,4911,1547350,1531197,0.3,0.00,0.51,0.00,2.03,0.00,0.00,0.00,4.0,95830.0,95347.0,0.0,0.0,0.5,0.0,64.291,0.000,0.0,665305.0
2026-09-01T03:59:43,0.2,4910,1547350,1531198,0.3,0.00,0.50,0.00,2.00,0.00,0.00,0.00,4.0,95830.0,95347.0,0.0,0.0,0.5,0.0,64.282,0.000,0.0,650837.0
2026-09-01T03:59:44,0.2,4909,1547350,1531198,0.3,0.00,0.65,0.00,2.59,0.00,0.00,0.00,4.0,95830.0,95347.0,0.0,0.0,0.5,0.0,64.319,0.000,0.0,766424.5
2026-09-01T03:59:46,0.2,4911,1547350,1531197,0.3,0.00,1.14,0.00,4.55,0.00,0.00,0.00,4.0,95830.0,95347.0,0.0,0.0,0.5,0.0,64.285,0.000,0.0,660077.5
2026-09-01T03:59:48,0.2,4910,1547350,1531198,0.3,0.00,0.60,0.00,2.41,0.00,0.00,0.00,4.0,95830.0,95347.0,0.0,0.0,0.5,0.0,64.260,0.000,0.0,656640.0
2026-09-01T03:59:49,0.2,4910,1547350,1531198,0.3,0.00,0.71,0.00,2.83,0.00,0.00,0.00,4.0,95830.0,95347.0,0.0,0.0,0.5,0.0,64.287,0.000,0.0,656640.0
2026-09-01T03:59:50,0.2,4911,1547350,1531197,0.3,0.00,2.45,0.00,9.79,0.00,0.50,0.00,4.0,95830.0,95347.0,0.0,0.0,0.5,0.0,64.275,0.000,0.0,698782.0
2026-09-01T03:59:51,0.2,4910,1547350,1531198,0.3,0.00,6.11,0.00,53.71,0.00,0.00,0.00,4.0,95830.0,95347.0,0.0,0.0,0.5,0.0,64.227,0.000,0.0,665910.5
2026-09-01T03:59:53,0.2,4910,1547350,1531198,0.3,0.00,0.68,0.00,2.70,0.00,0.00,0.00,4.0,95830.0,95347.0,0.0,0.0,0.5,0.0,64.269,0.000,0.0,714652.5
2026-09-01T03:59:54,0.2,4910,1547350,1531198,0.3,0.00,0.83,0.00,3.31,0.00,0.00,0.00,4.0,95830.0,95347.0,0.0,0.0,0.5,0.0,64.260,0.000,0.0,668560.0
2026-09-01T03:59:56,0.2,4910,1547350,1531198,0.3,0.00,1.09,0.00,4.38,0.00,0.00,0.00,4.0,95830.0,95347.0,0.0,0.0,0.5,0.0,64.272,0.000,0.0,693242.5
2026-09-01T03:59:56,0.2,4911,1547350,1531197,0.3,0.00,1.74,0.00,6.97,0.00,0.00,0.00,4.0,95830.0,95347.0,0.0,0.0,0.5,0.0,64.239,0.000,0.0,693242.5
2026-09-01T03:59:57,0.2,4910,1547350,1531197,0.3,0.00,1.63,0.00,6.51,0.00,0.00,0.00,4.0,95830.0,95347.0,0.0,0.0,0.5,0.0,64.249,0.000,0.0,698641.5
2026-09-01T03:59:58,0.2,4911,1547350,1531197,0.3,0.00,0.65,0.00,2.60,0.00,0.00,0.00,4.0,95830.0,95347.0,0.0,0.0,0.5,0.0,64.249,0.000,0.0,698641.5
2026-09-01T03:59:59,0.2,4910,1547350,1531197,0.3,0.00,1.43,0.00,5.73,0.00,0.00,0.00,4.0,95830.0,95347.0,0.0,0.0,0.5,0.0,64.260,0.000,0.0,682439.0
2026-09-01T04:00:01,0.3,4913,1547350,1531195,0.3,0.00,0.57,0.00,2.30,0.00,0.00,0.00,4.0,95830.0,95347.0,0.0,0.0,0.5,0.0,64.257,0.000,0.0,682439.0
2026-09-01T04:00:02,0.2,4913,1547350,1531194,0.3,0.00,1.15,0.00,4.62,0.00,0.00,0.12,4.0,95830.0,95347.0,0.0,0.0,0.5,0.0,64.235,0.000,0.0,695498.0
2026-09-01T04:00:03,0.2,4914,1547350,1531194,0.3,0.00,1.24,0.00,4.95,0.00,1.00,0.00,4.0,95830.0,95347.0,0.0,0.0,0.5,0.0,64.249,0.000,0.0,683178.5
2026-09-01T04:00:04,0.2,4914,1547350,1531194,0.3,0.00,1.03,0.00,4.14,0.00,0.00,0.00,4.0,95830.0,95347.0,0.0,0.0,0.5,0.0,64.249,0.000,0.0,667838.5
2026-09-01T04:00:05,0.2,4914,1547350,1531194,0.3,0.00,0.61,0.00,2.45,0.00,0.00,0.00,4.0,95830.0,95347.0,0.0,0.0,0.5,0.0,64.278,0.000,0.0,693719.0
2026-09-01T04:00:06,0.2,4913,1547350,1531194,0.3,0.00,0.97,0.00,3.87,0.00,0.00,0.00,4.0,95830.0,95347.0,0.0,0.0,0.5,0.0,64.261,0.000,0.0,650921.0
2026-09-01T04:00:08,0.2,4913,1547350,1531195,0.3,0.00,0.56,0.00,2.25,0.00,0.00,0.00,4.0,95830.0,95347.0,0.0,0.0,0.5,0.0,64.215,0.000,0.0,657530.0
2026-09-01T04:00:10,0.2,4912,1547350,1531196,0.3,0.00,0.62,0.00,2.47,0.00,0.00,0.00,4.0,95830.0,95347.0,0.0,0.0,0.5,0.0,64.176,0.000,0.0,654671.5
2026-09-01T04:00:11,0.2,4910,1547350,1531198,0.3,0.00,0.56,0.00,2.23,0.00,0.00,0.00,4.0,95830.0,95347.0,0.0,0.0,0.5,0.0,64.215,0.000,0.0,654541.5
2026-09-01T04:00:13,0.2,4910,1547350,1531198,0.3,0.00,0.59,0.00,2.38,0.00,0.00,0.00,4.0,95830.0,95347.0,0.0,0.0,0.5,0.0,64.235,0.000,0.0,649075.0
2026-09-01T04:00:15,0.2,4910,1547350,1531198,0.3,0.00,0.56,0.00,2.25,0.00,0.00,0.00,4.0,95830.0,95347.0,0.0,0.0,0.5,0.0,64.224,0.000,0.0,728935.0
2026-09-01T04:00:16,0.2,4908,1547350,1531199,0.3,0.00,1.02,0.00,4.07,0.00,0.00,0.00,4.0,95830.0,95347.0,0.0,0.0,0.5,0.0,64.246,0.000,0.0,652741.5
2026-09-01T04:00:18,0.2,4909,1547350,1531199,0.3,0.00,0.48,0.00,1.93,0.00,0.00,0.00,4.0,95830.0,95347.0,0.0,0.0,0.5,0.0,64.219,0.000,0.0,666660.5
2026-09-01T04:00:19,0.2,4909,1547350,1531199,0.3,0.00,0.72,0.00,2.87,0.00,0.00,0.00,4.0,95830.0,95347.0,0.0,0.0,0.5,0.0,64.230,0.000,0.0,649412.0
2026-09-01T04:00:21,0.2,4909,1547350,1531199,0.3,0.00,0.94,0.00,10.82,0.00,0.00,0.00,4.0,95830.0,95347.0,0.0,0.0,0.5,0.0,64.219,0.000,0.0,677546.0
2026-09-01T04:00:23,0.2,4910,1547350,1531198,0.3,0.00,0.92,0.00,3.67,0.00,0.00,0.00,4.0,95830.0,95347.0,0.0,0.0,0.5,0.0,64.239,0.000,0.0,690534.5
2026-09-01T04:00:23,0.2,4909,1547350,1531198,0.3,0.00,1.22,0.00,4.86,0.00,0.00,0.00,4.0,95830.0,95347.0,0.0,0.0,0.5,0.0,64.224,0.000,0.0,653813.5
2026-09-01T04:00:25,0.2,4909,1547350,1531199,0.3,0.00,0.50,0.00,2.00,0.00,0.00,0.00,4.0,95830.0,95347.0,0.0,0.0,0.5,0.0,64.179,0.000,0.0,641708.5
2026-09-01T04:00:28,0.2,4909,1547350,1531199,0.3,0.00,1.35,0.00,5.42,0.00,0.33,0.00,4.0,95830.0,95347.0,0.0,0.0,0.5,0.0,64.243,0.000,0.0,646711.0
2026-09-01T04:00:30,0.2,4910,1547350,1531198,0.3,0.00,0.49,0.00,1.97,0.00,0.00,0.00,4.0,95830.0,95347.0,0.0,0.0,0.5,0.0,64.230,0.000,0.0,670785.0
2026-09-01T04:00:31,0.2,4909,1547350,1531199,0.3,0.00,5.80,0.00,27.08,0.00,0.00,0.00,4.0,95830.0,95347.0,0.0,0.0,0.5,0.0,64.203,0.000,0.0,652321.5
2026-09-01T04:00:33,0.2,4909,1547350,1531199,0.3,0.00,0.51,0.00,2.02,0.00,0.00,0.00,4.0,95830.0,95347.0,0.0,0.0,0.5,0.0,64.222,0.000,0.0,652298.5
2026-09-01T04:00:34,0.2,4910,1547350,1531198,0.3,0.00,0.62,0.00,2.50,0.00,0.00,0.00,4.0,95830.0,95347.0,0.0,0.0,0.5,0.0,64.219,0.000,0.0,686791.0
2026-09-01T04:00:36,0.2,4909,1547350,1531198,0.3,0.00,0.68,0.00,2.72,0.00,0.00,0.00,4.0,95830.0,95347.0,0.0,0.0,0.5,0.0,64.221,0.000,0.0,686791.0
2026-09-01T04:00:37,0.2,4910,1547350,1531198,0.3,0.00,1.12,0.00,4.47,0.00,0.00,0.00,4.0,95830.0,95347.0,0.0,0.0,0.5,0.0,64.236,0.000,0.0,670552.0
2026-09-01T04:00:39,0.2,4910,1547350,1531198,0.3,0.00,0.48,0.00,1.94,0.00,0.00,0.00,4.0,95830.0,95347.0,0.0,0.0,0.5,0.0,64.238,0.000,0.0,710760.0
2026-09-01T04:00:41,0.2,4910,1547350,1531198,0.3,0.00,0.49,0.00,1.96,0.00,0.00,0.00,4.0,95830.0,95347.0,0.0,0.0,0.5,0.0,64.202,0.000,0.0,663694.5
2026-09-01T04:00:42,0.2,4910,1547350,1531197,0.3,0.00,1.48,0.00,5.93,0.00,0.50,0.00,4.0,95830.0,95347.0,0.0,0.0,0.5,0.0,64.220,0.000,0.0,663694.5
2026-09-01T04:00:43,0.2,4910,1547350,1531198,0.3,0.00,1.40,0.00,5.59,0.00,0.00,0.00,4.0,95830.0,95347.0,0.0,0.0,0.5,0.0,64.238,0.000,0.0,676869.5
2026-09-01T04:00:45,0.2,4910,1547350,1531198,0.3,0.00,0.50,0.00,2.02,0.00,0.00,0.00,4.0,95830.0,95347.0,0.0,0.0,0.5,0.0,64.212,0.000,0.0,663182.5
2026-09-01T04:00:46,0.2,4910,1547350,1531198,0.3,0.00,0.79,0.00,3.16,0.00,0.00,0.00,4.0,95830.0,95347.0,0.0,0.0,0.5,0.0,64.195,0.000,0.0,692755.0
2026-09-01T04:00:48,0.2,4909,1547350,1531198,0.3,0.00,0.65,0.00,2.60,0.00,0.00,0.00,4.0,95830.0,95347.0,0.0,0.0,0.5,0.0,64.203,0.000,0.0,663728.0
2026-09-01T04:00:49,0.2,4909,1547350,1531199,0.3,0.00,0.67,0.00,2.68,0.00,0.00,0.00,4.0,95830.0,95347.0,0.0,0.0,0.5,0.0,64.209,0.000,0.0,661396.5
2026-09-01T04:00:51,0.2,4909,1547350,1531198,0.3,0.00,0.66,0.00,2.64,0.00,0.00,0.00,4.0,95830.0,95347.0,0.0,0.0,0.5,0.0,64.236,0.000,0.0,650981.5
2026-09-01T04:00:52,0.2,4910,1547350,1531198,0.3,0.00,5.33,0.00,46.67,0.00,0.00,0.00,4.0,95830.0,95347.0,0.0,0.0,0.5,0.0,64.212,0.000,0.0,660033.5
2026-09-01T04:00:54,0.2,4910,1547350,1531198,0.3,0.00,0.61,0.00,2.45,0.00,0.00,0.06,4.0,95830.0,95347.0,0.0,0.0,0.5,0.0,64.213,0.000,0.0,639887.5
2026-09-01T04:00:56,0.2,4910,1547350,1531198,0.3,0.00,0.66,0.00,2.63,0.00,1.00,0.00,4.0,95830.0,95347.0,0.0,0.0,0.5,0.0,64.217,0.000,0.0,677551.0
2026-09-01T04:00:57,0.2,4909,1547350,1531199,0.3,0.00,0.60,0.00,2.39,0.00,0.00,0.00,4.0,95830.0,95347.0,0.0,0.0,0.5,0.0,64.243,0.000,0.0,657680.0
2026-09-01T04:00:59,0.2,4909,1547350,1531199,0.3,0.00,0.65,0.00,2.61,0.00,0.00,0.07,4.0,95830.0,95347.0,0.0,0.0,0.5,0.0,64.215,0.000,0.0,725273.0
2026-09-01T04:01:00,0.2,4909,1547350,1531199,0.3,0.00,0.95,0.00,3.78,0.00,0.00,0.00,4.0,95830.0,95347.0,0.0,0.0,0.5,0.0,64.198,0.000,0.0,725273.0
2026-09-01T04:01:00,0.3,4909,1547350,1531199,0.3,0.00,2.19,0.00,8.77,0.00,0.00,0.00,4.0,95830.0,95347.0,0.0,0.0,0.5,0.0,64.191,0.000,0.0,695653.5
2026-09-01T04:01:02,0.3,4914,1547350,1531193,0.3,0.00,1.30,0.00,5.21,0.00,0.00,0.00,4.0,95830.0,95347.0,0.0,0.0,0.5,0.0,64.226,0.000,0.0,654633.0
2026-09-01T04:01:04,0.2,4914,1547350,1531193,0.3,0.00,0.61,0.00,2.43,0.00,0.00,0.00,4.0,95830.0,95347.0,0.0,0.0,0.5,0.0,64.237,0.000,0.0,640195.0
2026-09-01T04:01:05,0.2,4915,1547350,1531193,0.3,0.00,0.61,0.00,2.44,0.00,0.00,0.00,4.0,95830.0,95347.0,0.0,0.0,0.5,0.0,64.260,0.000,0.0,674761.0
2026-09-01T04:01:07,0.2,4914,1547350,1531194,0.3,0.00,0.71,0.00,2.85,0.00,0.00,0.00,4.0,95830.0,95347.0,0.0,0.0,0.5,0.0,64.210,0.000,0.0,708948.5
2026-09-01T04:01:08,0.2,4914,1547350,1531194,0.3,0.00,0.56,0.00,2.24,0.00,0.00,0.00,4.0,95830.0,95347.0,0.0,0.0,0.5,0.0,64.203,0.000,0.0,707004.0
2026-09-01T04:01:10,0.2,4914,1547350,1531193,0.3,0.00,0.61,0.00,2.45,0.00,0.00,0.00,4.0,95830.0,95347.0,0.0,0.0,0.5,0.0,64.226,0.000,0.0,679973.5
2026-09-01T04:01:11,0.2,4911,1547350,1531197,0.3,0.00,1.02,0.00,4.08,0.00,0.00,0.00,4.0,95830.0,95347.0,0.0,0.0,0.5,0.0,64.243,0.000,0.0,663418.0
2026-09-01T04:01:13,0.2,4910,1547350,1531197,0.3,0.00,0.60,0.00,2.40,0.00,0.00,0.00,4.0,95830.0,95347.0,0.0,0.0,0.5,0.0,64.222,0.000,0.0,653642.0
2026-09-01T04:01:14,0.2,4911,1547350,1531197,0.3,0.00,0.56,0.00,2.22,0.00,0.00,0.00,4.0,95830.0,95347.0,0.0,0.0,0.5,0.0,64.260,0.000,0.0,650994.0
2026-09-01T04:01:16,0.2,4910,1547350,1531197,0.3,0.00,0.55,0.00,2.21,0.00,0.00,0.00,4.0,95830.0,95347.0,0.0,0.0,0.5,0.0,64.209,0.000,0.0,638681.5
2026-09-01T04:01:18,0.2,4911,1547350,1531196,0.3,0.00,0.50,0.00,2.02,0.00,0.00,0.05,4.0,95830.0,95347.0,0.0,0.0,0.5,0.0,64.245,0.000,0.0,664288.0
2026-09-01T04:01:20,0.2,4912,1547350,1531196,0.3,0.00,0.60,0.00,2.41,0.00,0.00,0.00,4.0,95830.0,95347.0,0.0,0.0,0.5,0.0,64.248,0.000,0.0,657052.5
2026-09-01T04:01:22,0.2,4912,1547350,1531196,0.3,0.00,1.67,0.00,15.34,0.00,0.33,0.06,4.0,95830.0,95347.0,0.0,0.0,0.5,0.0,64.243,0.000,0.0,646986.5
2026-09-01T04:01:24,0.2,4911,1547350,1531197,0.3,0.00,0.54,0.00,2.17,0.00,0.00,0.00,4.0,95830.0,95347.0,0.0,0.0,0.5,0.0,64.262,0.000,0.0,665685.0
2026-09-01T04:01:25,0.2,4910,1547350,1531197,0.3,0.00,0.70,0.00,2.79,0.00,0.00,0.00,4.0,95830.0,95347.0,0.0,0.0,0.5,0.0,64.246,0.000,0.0,675716.5
2026-09-01T04:01:26,0.2,4910,1547350,1531197,0.3,0.00,0.64,0.00,2.56,0.00,0.00,0.00,4.0,95830.0,95347.0,0.0,0.0,0.5,0.0,64.211,0.000,0.0,644600.5
2026-09-01T04:01:28,0.2,4910,1547350,1531198,0.3,0.00,0.50,0.00,2.00,0.00,0.00,0.00,4.0,95830.0,95347.0,0.0,0.0,0.5,0.0,64.235,0.000,0.0,648171.5
2026-09-01T04:01:30,0.2,4910,1547350,1531198,0.3,0.00,0.55,0.00,2.19,0.00,0.00,0.00,4.0,95830.0,95347.0,0.0,0.0,0.5,0.0,64.224,0.000,0.0,648171.5
2026-09-01T04:01:31,0.2,4910,1547350,1531198,0.3,0.00,1.02,0.00,4.06,0.00,0.00,0.00,4.0,95830.0,95347.0,0.0,0.0,0.5,0.0,64.248,0.000,0.0,713639.0
2026-09-01T04:01:32,0.2,4911,1547350,1531197,0.3,0.00,1.43,0.00,5.72,0.00,0.00,0.00,4.0,95830.0,95347.0,0.0,0.0,0.5,0.0,64.249,0.000,0.0,713639.0
2026-09-01T04:01:33,0.2,4910,1547350,1531197,0.3,0.00,6.28,0.00,32.29,0.00,0.14,0.00,4.0,95830.0,95347.0,0.0,0.0,0.5,0.0,64.209,0.000,0.0,666710.5
2026-09-01T04:01:35,0.2,4910,1547350,1531197,0.3,0.00,0.61,0.00,2.43,0.00,0.00,0.00,4.0,95830.0,95347.0,0.0,0.0,0.5,0.0,64.261,0.000,0.0,661582.5
2026-09-01T04:01:37,0.2,4911,1547350,1531197,0.3,0.00,0.49,0.00,1.96,0.00,0.00,0.00,4.0,95830.0,95347.0,0.0,0.0,0.5,0.0,64.234,0.000,0.0,657359.0
2026-09-01T04:01:39,0.2,4911,1547350,1531197,0.3,0.00,0.51,0.00,2.03,0.00,0.00,0.00,4.0,95830.0,95347.0,0.0,0.0,0.5,0.0,64.232,0.000,0.0,631399.5
2026-09-01T04:01:41,0.2,4911,1547350,1531196,0.3,0.00,0.48,0.00,1.92,0.00,0.00,0.00,4.0,95830.0,95347.0,0.0,0.0,0.5,0.0,64.255,0.000,0.0,712215.0
2026-09-01T04:01:42,0.2,4910,1547350,1531197,0.3,0.00,1.03,0.00,4.14,0.00,0.00,0.00,4.0,95830.0,95347.0,0.0,0.0,0.5,0.0,64.237,0.000,0.0,653935.0
2026-09-01T04:01:44,0.2,4910,1547350,1531198,0.3,0.00,1.00,0.00,4.02,0.00,0.00,0.00,4.0,95830.0,95347.0,0.0,0.0,0.5,0.0,64.245,0.000,0.0,662557.0
2026-09-01T04:01:45,0.2,4909,1547350,1531199,0.3,0.00,1.21,0.00,4.84,0.00,0.00,0.00,4.0,95830.0,95347.0,0.0,0.0,0.5,0.0,64.269,0.000,0.0,711140.5
2026-09-01T04:01:46,0.2,4909,1547350,1531199,0.3,0.00,0.81,0.00,3.25,0.00,0.00,0.00,4.0,95830.0,95347.0,0.0,0.0,0.5,0.0,64.279,0.000,0.0,661431.5
2026-09-01T04:01:48,0.2,4908,1547350,1531200,0.3,0.00,0.60,0.00,2.39,0.00,0.00,0.00,4.0,95830.0,95347.0,0.0,0.0,0.5,0.0,64.269,0.000,0.0,677599.0
2026-09-01T04:01:49,0.2,4909,1547350,1531199,0.3,0.00,0.67,0.00,2.67,0.00,0.00,0.00,4.0,95830.0,95347.0,0.0,0.0,0.5,0.0,64.238,0.000,0.0,661751.5
2026-09-01T04:01:51,0.2,4909,1547350,1531199,0.3,0.00,0.65,0.00,2.61,0.00,0.00,0.00,4.0,95830.0,95347.0,0.0,0.0,0.5,0.0,64.257,0.000,0.0,661751.5
2026-09-01T04:01:51,0.2,4909,1547350,1531199,0.3,0.00,1.74,0.00,6.94,0.00,0.00,0.00,4.0,95830.0,95347.0,0.0,0.0,0.5,0.0,64.236,0.000,0.0,716737.5
2026-09-01T04:01:53,0.2,4910,1547350,1531198,0.3,0.00,5.62,0.00,52.15,0.00,0.11,0.00,4.0,95830.0,95347.0,0.0,0.0,0.5,0.0,64.255,0.000,0.0,661953.5
2026-09-01T04:01:54,0.2,4910,1547350,1531197,0.3,0.00,1.20,0.00,4.79,0.00,0.00,0.00,4.0,95830.0,95347.0,0.0,0.0,0.5,0.0,64.272,0.000,0.0,654976.0
2026-09-01T04:01:56,0.2,4909,1547350,1531198,0.3,0.00,0.62,0.00,2.47,0.00,0.00,0.00,4.0,95830.0,95347.0,0.0,0.0,0.5,0.0,64.270,0.000,0.0,660558.5
2026-09-01T04:01:58,0.2,4909,1547350,1531199,0.3,0.00,0.64,0.00,2.56,0.00,0.00,0.00,4.0,95830.0,95347.0,0.0,0.0,0.5,0.0,64.293,0.000,0.0,661940.0
2026-09-01T04:01:59,0.2,4909,1547350,1531199,0.3,0.00,0.70,0.00,2.81,0.00,0.00,0.00,4.0,95830.0,95347.0,0.0,0.0,0.5,0.0,64.256,0.000,0.0,661076.0
2026-09-01T04:02:01,0.2,4915,1547350,1531193,0.3,0.00,0.62,0.00,2.50,0.00,0.00,0.00,4.0,95830.0,95347.0,0.0,0.0,0.5,0.0,64.267,0.000,0.0,657211.0
2026-09-01T04:02:02,0.2,4915,1547350,1531193,0.3,0.00,0.64,0.00,2.55,0.00,0.00,0.00,4.0,95830.0,95347.0,0.0,0.0,0.5,0.0,64.229,0.000,0.0,651586.0
2026-09-01T04:02:04,0.2,4915,1547350,1531193,0.3,0.00,1.14,0.00,4.57,0.00,0.00,0.00,4.0,95830.0,95347.0,0.0,0.0,0.5,0.0,64.234,0.000,0.0,651586.0
2026-09-01T04:02:05,0.2,4914,1547350,1531193,0.3,0.00,1.41,0.00,5.64,0.00,0.00,0.14,4.0,95830.0,95347.0,0.0,0.0,0.5,0.0,64.277,0.000,0.0,740245.5
2026-09-01T04:02:05,0.2,4915,1547350,1531193,0.3,0.00,1.64,0.00,6.58,0.00,0.00,0.00,4.0,95830.0,95347.0,0.0,0.0,0.5,0.0,64.260,0.000,0.0,667733.5
2026-09-01T04:02:07,0.2,4914,1547350,1531194,0.3,0.00,0.63,0.00,2.53,0.00,0.00,0.00,4.0,95830.0,95347.0,0.0,0.0,0.5,0.0,64.305,0.000,0.0,663724.5
2026-09-01T04:02:08,0.2,4914,1547350,1531194,0.3,0.00,0.79,0.00,3.18,0.00,1.00,0.00,4.0,95830.0,95347.0,0.0,0.0,0.5,0.0,64.272,0.000,0.0,747139.5
2026-09-01T04:02:10,0.2,4913,1547350,1531195,0.3,0.00,0.71,0.00,2.86,0.00,0.00,0.00,4.0,95830.0,95347.0,0.0,0.0,0.5,0.0,64.263,0.000,0.0,656592.5
2026-09-01T04:02:11,0.2,4911,1547350,1531197,0.3,0.00,0.63,0.00,2.51,0.00,0.00,0.00,4.0,95830.0,95347.0,0.0,0.0,0.5,0.0,64.280,0.000,0.0,656592.5
2026-09-01T04:02:12,0.3,4910,1547350,1531198,0.3,0.00,1.26,0.00,5.04,0.00,0.00,0.00,4.0,95830.0,95347.0,0.0,0.0,0.5,0.0,64.294,0.000,0.0,677220.0
2026-09-01T04:02:14,0.2,4910,1547350,1531198,0.3,0.00,0.59,0.00,2.36,0.00,0.00,0.00,4.0,95830.0,95347.0,0.0,0.0,0.5,0.0,64.324,0.000,0.0,650327.5
2026-09-01T04:02:15,0.2,4910,1547350,1531198,0.3,0.00,0.58,0.00,2.31,0.00,0.00,0.00,4.0,95830.0,95347.0,0.0,0.0,0.5,0.0,64.280,0.000,0.0,657688.5
2026-09-01T04:02:17,0.2,4911,1547350,1531197,0.3,0.00,0.70,0.00,2.79,0.00,0.00,0.00,4.0,95830.0,95347.0,0.0,0.0,0.5,0.0,64.293,0.000,0.0,665889.5
2026-09-01T04:02:19,0.2,4911,1547350,1531197,0.3,0.00,0.55,0.00,2.22,0.00,0.00,0.00,4.0,95830.0,95347.0,0.0,0.0,0.5,0.0,64.271,0.000,0.0,656871.5
2026-09-01T04:02:20,0.2,4910,1547350,1531197,0.3,0.00,0.80,0.00,3.20,0.00,0.00,0.00,4.0,95830.0,95347.0,0.0,0.0,0.5,0.0,64.290,0.000,0.0,658480.5
2026-09-01T04:02:22,0.2,4910,1547350,1531198,0.3,0.00,3.04,0.00,17.98,0.00,0.00,0.00,4.0,95830.0,95347.0,0.0,0.0,0.5,0.0,64.260,0.000,0.0,651601.0
2026-09-01T04:02:24,0.2,4910,1547350,1531197,0.3,0.00,1.09,0.00,4.35,0.00,0.00,0.00,4.0,95830.0,95347.0,0.0,0.0,0.5,0.0,64.300,0.000,0.0,646901.0
2026-09-01T04:02:26,0.2,4910,1547350,1531198,0.3,0.00,0.51,0.00,2.02,0.00,0.00,0.00,4.0,95830.0,95347.0,0.0,0.0,0.5,0.0,64.314,0.000,0.0,673909.5
2026-09-01T04:02:27,0.2,4910,1547350,1531198,0.3,0.00,0.82,0.00,3.29,0.00,1.00,0.00,4.0,95830.0,95347.0,0.0,0.0,0.5,0.0,64.294,0.000,0.0,665794.0
2026-09-01T04:02:29,0.2,4910,1547350,1531197,0.3,0.00,0.49,0.00,1.98,0.00,0.00,0.00,4.0,95830.0,95347.0,0.0,0.0,0.5,0.0,64.303,0.000,0.0,667538.0
2026-09-01T04:02:30,0.2,4910,1547350,1531198,0.3,0.00,0.83,0.00,3.31,0.00,0.00,0.00,4.0,95830.0,95347.0,0.0,0.0,0.5,0.0,64.280,0.000,0.0,646207.5
2026-09-01T04:02:32,0.2,4910,1547350,1531198,0.3,0.00,0.50,0.00,1.99,0.00,0.00,0.00,4.0,95830.0,95347.0,0.0,0.0,0.5,0.0,64.311,0.000,0.0,647898.5
2026-09-01T04:02:34,0.2,4910,1547350,1531198,0.3,0.00,3.88,0.00,17.45,0.00,0.12,0.00,4.0,95830.0,95347.0,0.0,0.0,0.5,0.0,64.285,0.000,0.0,646717.5
2026-09-01T04:02:36,0.2,4910,1547350,1531198,0.3,0.00,0.50,0.00,2.02,0.00,0.00,0.00,4.0,95830.0,95347.0,0.0,0.0,0.5,0.0,64.291,0.000,0.0,631334.5
2026-09-01T04:02:38,0.2,4910,1547350,1531198,0.3,0.00,0.50,0.00,1.98,0.00,0.00,0.00,4.0,95830.0,95347.0,0.0,0.0,0.5,0.0,64.299,0.000,0.0,662539.5
2026-09-01T04:02:40,0.2,4910,1547350,1531198,0.3,0.00,0.50,0.00,2.00,0.00,0.00,0.00,4.0,95830.0,95347.0,0.0,0.0,0.5,0.0,64.269,0.000,0.0,683903.0
2026-09-01T04:02:41,0.2,4910,1547350,1531198,0.3,0.00,0.79,0.00,3.16,0.00,0.00,0.00,4.0,95830.0,95347.0,0.0,0.0,0.5,0.0,64.290,0.000,0.0,675732.0
2026-09-01T04:02:42,0.2,4910,1547350,1531198,0.3,0.00,1.01,0.00,4.02,0.00,0.00,0.10,4.0,95830.0,95347.0,0.0,0.0,0.5,0.0,64.272,0.000,0.0,675732.0
2026-09-01T04:02:43,0.2,4910,1547350,1531198,0.3,0.00,0.96,0.00,3.85,0.00,0.00,0.00,4.0,95830.0,95347.0,0.0,0.0,0.5,0.0,64.270,0.000,0.0,691962.5
2026-09-01T04:02:45,0.2,4910,1547350,1531198,0.3,0.00,1.55,0.00,6.20,0.00,0.00,0.00,4.0,95830.0,95347.0,0.0,0.0,0.5,0.0,64.274,0.000,0.0,673500.5
2026-09-01T04:02:46,0.2,4910,1547350,1531198,0.3,0.00,0.98,0.00,3.90,0.00,0.00,0.00,4.0,95830.0,95347.0,0.0,0.0,0.5,0.0,64.309,0.000,0.0,654953.5
2026-09-01T04:02:47,0.2,4910,1547350,1531198,0.3,0.00,0.61,0.00,2.43,0.00,0.00,0.00,4.0,95830.0,95347.0,0.0,0.0,0.5,0.0,64.328,0.000,0.0,654953.5
2026-09-01T04:02:48,0.3,4909,1547350,1531198,0.3,0.00,1.61,0.00,6.42,0.00,0.00,0.00,4.0,95830.0,95347.0,0.0,0.0,0.5,0.0,64.284,0.000,0.0,722790.5
2026-09-01T04:02:49,0.2,4909,1547350,1531198,0.3,0.00,0.97,0.00,3.87,0.00,0.00,0.00,4.0,95830.0,95347.0,0.0,0.0,0.5,0.0,64.288,0.000,0.0,706730.5
2026-09-01T04:02:50,0.2,4910,1547350,1531198,0.3,0.00,1.00,0.00,4.00,0.00,0.00,0.00,4.0,95830.0,95347.0,0.0,0.0,0.5,0.0,64.294,0.000,0.0,706730.5
2026-09-01T04:02:51,0.2,4909,1547350,1531198,0.3,0.00,1.18,0.00,4.71,0.00,0.00,0.00,4.0,95830.0,95347.0,0.0,0.0,0.5,0.0,64.287,0.000,0.0,682709.0
2026-09-01T04:02:52,0.2,4910,1547350,1531198,0.3,0.00,4.68,0.00,43.09,0.00,0.14,0.00,4.0,95830.0,95347.0,0.0,0.0,0.5,0.0,64.296,0.000,0.0,682709.0
2026-09-01T04:02:53,0.2,4910,1547350,1531198,0.3,0.00,1.13,0.00,4.51,0.00,0.00,0.00,4.0,95830.0,95347.0,0.0,0.0,0.5,0.0,64.275,0.000,0.0,710793.0
2026-09-01T04:02:55,0.2,4910,1547350,1531198,0.3,0.00,1.16,0.00,4.66,0.00,0.00,0.00,4.0,95830.0,95347.0,0.0,0.0,0.5,0.0,64.284,0.000,0.0,710793.0
2026-09-01T04:02:55,0.2,4910,1547350,1531198,0.3,0.00,2.55,0.00,10.20,0.00,0.00,0.00,4.0,95830.0,95347.0,0.0,0.0,0.5,0.0,64.287,0.000,0.0,680409.0
2026-09-01T04:02:57,0.2,4910,1547350,1531198,0.3,0.00,0.58,0.00,2.31,0.00,0.00,0.00,4.0,95830.0,95347.0,0.0,0.0,0.5,0.0,64.279,0.000,0.0,659714.5
2026-09-01T04:02:59,0.2,4910,1547350,1531198,0.3,0.00,0.60,0.00,2.42,0.00,0.00,0.00,4.0,95830.0,95347.0,0.0,0.0,0.5,0.0,64.297,0.000,0.0,657796.5
2026-09-01T04:03:00,0.2,4910,1547350,1531198,0.3,0.00,0.59,0.00,2.37,0.00,0.00,0.00,4.0,95830.0,95347.0,0.0,0.0,0.5,0.0,64.317,0.000,0.0,690941.0
2026-09-01T04:03:02,0.3,4915,1547350,1531193,0.3,0.00,0.66,0.00,2.63,0.00,0.00,0.00,4.0,95830.0,95347.0,0.0,0.0,0.5,0.0,64.319,0.000,0.0,697583.5
2026-09-01T04:03:03,0.2,4916,1547350,1531192,0.3,0.00,0.91,0.00,3.65,0.00,0.00,0.00,4.0,95830.0,95347.0,0.0,0.0,0.5,0.0,64.338,0.000,0.0,651057.0
2026-09-01T04:03:05,0.2,4915,1547350,1531193,0.3,0.00,0.57,0.00,2.29,0.00,0.00,0.00,4.0,95830.0,95347.0,0.0,0.0,0.5,0.0,64.334,0.000,0.0,651057.0
2026-09-01T04:03:06,0.2,4915,1547350,1531193,0.3,0.00,1.25,0.00,5.00,0.00,0.00,0.00,4.0,95830.0,95347.0,0.0,0.0,0.5,0.0,64.302,0.000,0.0,697528.5
2026-09-01T04:03:07,0.2,4914,1547350,1531193,0.3,0.00,0.63,0.00,2.54,0.00,0.00,0.00,4.0,95830.0,95347.0,0.0,0.0,0.5,0.0,64.308,0.000,0.0,671852.0
2026-09-01T04:03:09,0.2,4915,1547350,1531193,0.3,0.00,0.61,0.00,2.45,0.00,0.00,0.00,4.0,95830.0,95347.0,0.0,0.0,0.5,0.0,64.316,0.000,0.0,641366.0
2026-09-01T04:03:11,0.2,4915,1547350,1531193,0.3,0.00,1.16,0.00,4.63,0.00,0.00,0.00,4.0,95830.0,95347.0,0.0,0.0,0.5,0.0,64.322,0.000,0.0,666541.0
2026-09-01T04:03:12,0.2,4910,1547350,1531198,0.3,0.00,0.60,0.00,2.38,0.00,1.00,0.00,4.0,95830.0,95347.0,0.0,0.0,0.5,0.0,64.331,0.000,0.0,691255.5
2026-09-01T04:03:14,0.2,4911,1547350,1531197,0.3,0.00,0.61,0.00,2.45,0.00,0.00,0.00,4.0,95830.0,95347.0,0.0,0.0,0.5,0.0,64.288,0.000,0.0,680290.5
2026-09-01T04:03:16,0.2,4911,1547350,1531197,0.3,0.00,0.61,0.00,2.44,0.00,0.00,0.00,4.0,95830.0,95347.0,0.0,0.0,0.5,0.0,64.326,0.000,0.0,649705.0
2026-09-01T04:03:17,0.2,4911,1547350,1531197,0.3,0.00,0.56,0.00,2.23,0.00,0.00,0.00,4.0,95830.0,95347.0,0.0,0.0,0.5,0.0,64.329,0.000,0.0,649705.0
2026-09-01T04:03:18,0.2,4910,1547350,1531198,0.3,0.00,1.62,0.00,6.48,0.00,0.00,0.00,4.0,95830.0,95347.0,0.0,0.0,0.5,0.0,64.346,0.000,0.0,665760.0
2026-09-01T04:03:20,0.2,4910,1547350,1531198,0.3,0.00,0.62,0.00,2.46,0.00,0.00,0.00,4.0,95830.0,95347.0,0.0,0.0,0.5,0.0,64.337,0.000,0.0,674951.5
2026-09-01T04:03:21,0.2,4910,1547350,1531198,0.3,0.00,0.62,0.00,2.49,0.00,0.00,0.00,4.0,95830.0,95347.0,0.0,0.0,0.5,0.0,64.335,0.000,0.0,674951.5
2026-09-01T04:03:22,0.2,4910,1547350,1531198,0.3,0.00,10.11,0.00,55.63,0.00,0.00,0.00,4.0,95830.0,95347.0,0.0,0.0,0.5,0.0,64.356,0.000,0.0,707131.0
2026-09-01T04:03:23,0.2,4909,1547350,1531198,0.3,0.00,0.79,0.00,3.17,0.00,0.00,0.00,4.0,95830.0,95347.0,0.0,0.0,0.5,0.0,64.359,0.000,0.0,707131.0
2026-09-01T04:03:24,0.2,4910,1547350,1531198,0.3,0.00,1.05,0.00,4.18,0.00,0.00,0.00,4.0,95830.0,95347.0,0.0,0.0,0.5,0.0,64.330,0.000,0.0,684845.0
2026-09-01T04:03:26,0.2,4909,1547350,1531198,0.3,0.00,0.97,0.00,3.88,0.00,0.00,0.00,4.0,95830.0,95347.0,0.0,0.0,0.5,0.0,64.331,0.000,0.0,656532.0
2026-09-01T04:03:28,0.2,4910,1547350,1531198,0.3,0.00,0.51,0.00,2.03,0.00,0.00,0.00,4.0,95830.0,95347.0,0.0,0.0,0.5,0.0,64.332,0.000,0.0,646979.0
2026-09-01T04:03:30,0.2,4909,1547350,1531199,0.3,0.00,0.51,0.00,2.03,0.00,1.00,0.00,4.0,95830.0,95347.0,0.0,0.0,0.5,0.0,64.334,0.000,0.0,646979.0
2026-09-01T04:03:31,0.2,4908,1547350,1531199,0.3,0.00,2.00,0.00,7.98,0.00,0.00,0.00,4.0,95830.0,95347.0,0.0,0.0,0.5,0.0,64.308,0.000,0.0,696248.5
2026-09-01T04:03:32,0.2,4909,1547350,1531199,0.3,0.00,0.74,0.00,2.98,0.00,0.00,0.00,4.0,95830.0,95347.0,0.0,0.0,0.5,0.0,64.335,0.000,0.0,651583.5
2026-09-01T04:03:34,0.2,4909,1547350,1531199,0.3,0.00,0.50,0.00,1.99,0.00,0.00,0.05,4.0,95830.0,95347.0,0.0,0.0,0.5,0.0,64.342,0.000,0.0,688275.5
2026-09-01T04:03:35,0.2,4909,1547350,1531199,0.3,0.00,1.48,0.00,5.93,0.00,0.00,0.00,4.0,95830.0,95347.0,0.0,0.0,0.5,0.0,64.340,0.000,0.0,688275.5
2026-09-01T04:03:35,0.2,4909,1547350,1531199,0.3,0.00,8.09,0.00,32.35,0.00,0.00,0.00,4.0,95830.0,95347.0,0.0,0.0,0.5,0.0,64.316,0.000,0.0,685666.5
2026-09-01T04:03:37,0.2,4909,1547350,1531199,0.3,0.00,0.50,0.00,2.02,0.00,0.00,0.00,4.0,95830.0,95347.0,0.0,0.0,0.5,0.0,64.331,0.000,0.0,740986.0
2026-09-01T04:03:39,0.2,4909,1547350,1531199,0.3,0.00,0.77,0.00,3.08,0.00,0.00,0.00,4.0,95830.0,95347.0,0.0,0.0,0.5,0.0,64.332,0.000,0.0,632324.5
2026-09-01T04:03:41,0.2,4908,1547350,1531199,0.3,0.00,1.13,0.00,6.76,0.00,0.00,0.00,4.0,95830.0,95347.0,0.0,0.0,0.5,0.0,64.320,0.000,0.0,698980.5
2026-09-01T04:03:42,0.2,4908,1547350,1531199,0.3,0.00,0.64,0.00,2.54,0.00,0.00,0.00,4.0,95830.0,95347.0,0.0,0.0,0.5,0.0,64.361,0.000,0.0,678528.0
2026-09-01T04:03:43,0.2,4909,1547350,1531199,0.3,0.00,0.80,0.00,3.21,0.00,0.00,0.00,4.0,95830.0,95347.0,0.0,0.0,0.5,0.0,64.334,0.000,0.0,645723.0
2026-09-01T04:03:45,0.2,4908,1547350,1531200,0.3,0.00,1.02,0.00,4.09,0.00,0.00,0.00,4.0,95830.0,95347.0,0.0,0.0,0.5,0.0,64.336,0.000,0.0,655921.5
2026-09-01T04:03:47,0.2,4908,1547350,1531200,0.3,0.00,0.49,0.00,1.96,0.00,0.00,0.00,4.0,95830.0,95347.0,0.0,0.0,0.5,0.0,64.340,0.000,0.0,678088.5
2026-09-01T04:03:49,0.2,4908,1547350,1531200,0.3,0.00,0.50,0.00,1.99,0.00,1.00,0.00,4.0,95830.0,95347.0,0.0,0.0,0.5,0.0,64.347,0.000,0.0,712070.5
2026-09-01T04:03:51,0.2,4908,1547350,1531200,0.3,0.00,0.64,0.00,2.55,0.00,0.00,0.06,4.0,95830.0,95347.0,0.0,0.0,0.5,0.0,64.337,0.000,0.0,712070.5
2026-09-01T04:03:51,0.2,4908,1547350,1531200,0.3,0.00,1.74,0.00,6.97,0.00,0.00,0.00,4.0,95830.0,95347.0,0.0,0.0,0.5,0.0,64.329,0.000,0.0,760141.5
2026-09-01T04:03:52,0.2,4908,1547350,1531200,0.3,0.00,1.64,0.00,6.58,0.00,0.00,0.00,4.0,95830.0,95347.0,0.0,0.0,0.5,0.0,64.308,0.000,0.0,760141.5
2026-09-01T04:03:52,0.3,4908,1547350,1531200,0.3,0.00,17.50,0.00,155.00,0.00,0.00,0.00,4.0,95830.0,95347.0,0.0,0.0,0.5,0.0,64.333,0.000,0.0,735682.5
2026-09-01T04:03:54,0.2,4908,1547350,1531200,0.3,0.00,0.62,0.00,2.49,0.00,0.00,0.00,4.0,95830.0,95347.0,0.0,0.0,0.5,0.0,64.321,0.000,0.0,639094.0
2026-09-01T04:03:56,0.2,4908,1547350,1531200,0.3,0.00,1.31,0.00,5.26,0.00,0.00,0.00,4.0,95830.0,95347.0,0.0,0.0,0.5,0.0,64.355,0.000,0.0,667564.5
2026-09-01T04:03:57,0.2,4908,1547350,1531200,0.3,0.00,0.54,0.00,2.14,0.00,0.00,0.00,4.0,95830.0,95347.0,0.0,0.0,0.5,0.0,64.359,0.000,0.0,678124.5
2026-09-01T04:03:59,0.2,4908,1547350,1531200,0.3,0.00,0.98,0.00,3.90,0.00,0.00,0.00,4.0,95830.0,95347.0,0.0,0.0,0.5,0.0,64.340,0.000,0.0,667131.0
2026-09-01T04:04:00,0.2,4907,1547350,1531200,0.3,0.00,0.61,0.00,2.45,0.00,0.00,0.00,4.0,95830.0,95347.0,0.0,0.0,0.5,0.0,64.357,0.000,0.0,680447.0
2026-09-01T04:04:02,0.2,4913,1547350,1531195,0.3,0.00,0.63,0.00,2.52,0.00,0.00,0.00,4.0,95830.0,95347.0,0.0,0.0,0.5,0.0,64.343,0.000,0.0,660406.5
2026-09-01T04:04:03,0.2,4912,1547350,1531196,0.3,0.00,0.62,0.00,2.49,0.00,0.00,0.00,4.0,95830.0,95347.0,0.0,0.0,0.5,0.0,64.349,0.000,0.0,656365.5
2026-09-01T04:04:05,0.2,4912,1547350,1531196,0.3,0.00,0.64,0.00,2.55,0.00,0.00,0.00,4.0,95830.0,95347.0,0.0,0.0,0.5,0.0,64.361,0.000,0.0,655906.0
2026-09-01T04:04:07,0.2,4912,1547350,1531196,0.3,0.00,0.56,0.00,2.25,0.00,1.00,0.00,4.0,95830.0,95347.0,0.0,0.0,0.5,0.0,64.347,0.000,0.0,686427.5
2026-09-01T04:04:08,0.2,4911,1547350,1531196,0.3,0.00,0.60,0.00,2.39,0.00,0.00,0.00,4.0,95830.0,95347.0,0.0,0.0,0.5,0.0,64.300,0.000,0.0,668658.0
2026-09-01T04:04:10,0.2,4911,1547350,1531197,0.3,0.00,0.63,0.00,2.50,0.00,0.00,0.00,4.0,95830.0,95347.0,0.0,0.0,0.5,0.0,64.347,0.000,0.0,655865.5
2026-09-01T04:04:12,0.2,4909,1547350,1531199,0.3,0.00,1.07,0.00,4.28,0.00,0.00,0.00,4.0,95830.0,95347.0,0.0,0.0,0.5,0.0,64.341,0.000,0.0,652022.5
2026-09-01T04:04:13,0.2,4909,1547350,1531199,0.3,0.00,0.71,0.00,2.86,0.00,0.00,0.00,4.0,95830.0,95347.0,0.0,0.0,0.5,0.0,64.344,0.000,0.0,663959.5
2026-09-01T04:04:15,0.2,4909,1547350,1531199,0.3,0.00,0.63,0.00,2.51,0.00,0.00,0.00,4.0,95830.0,95347.0,0.0,0.0,0.5,0.0,64.350,0.000,0.0,651167.0
2026-09-01T04:04:19,0.2,4908,1547350,1531199,0.3,0.00,0.25,0.00,1.02,0.00,0.00,0.00,4.0,95830.0,95347.0,0.0,0.0,0.5,0.0,64.382,0.000,0.0,632990.0
2026-09-01T04:04:20,0.2,4909,1547350,1531198,0.3,0.00,0.58,0.00,2.31,0.00,0.00,0.00,4.0,95830.0,95347.0,0.0,0.0,0.5,0.0,64.366,0.000,0.0,650598.0
2026-09-01T04:04:22,0.2,4910,1547350,1531198,0.3,0.00,1.10,0.00,12.67,0.00,0.00,0.00,4.0,95830.0,95347.0,0.0,0.0,0.5,0.0,64.346,0.000,0.0,661734.0
2026-09-01T04:04:24,0.2,4909,1547350,1531198,0.3,0.00,0.57,0.00,2.26,0.00,0.00,0.00,4.0,95830.0,95347.0,0.0,0.0,0.5,0.0,64.353,0.000,0.0,657114.0
2026-09-01T04:04:26,0.2,4910,1547350,1531198,0.3,0.00,0.54,0.00,2.16,0.00,0.00,0.00,4.0,95830.0,95347.0,0.0,0.0,0.5,0.0,64.341,0.000,0.0,650876.0
2026-09-01T04:04:28,0.2,4910,1547350,1531198,0.3,0.00,1.09,0.00,4.36,0.00,0.00,0.00,4.0,95830.0,95347.0,0.0,0.0,0.5,0.0,64.364,0.000,0.0,669904.5
2026-09-01T04:04:30,0.2,4910,1547350,1531198,0.3,0.00,0.55,0.00,2.21,0.00,0.00,0.00,4.0,95830.0,95347.0,0.0,0.0,0.5,0.0,64.350,0.000,0.0,648747.0
2026-09-01T04:04:32,0.2,4909,1547350,1531198,0.3,0.00,3.00,0.00,14.01,0.00,0.17,0.00,4.0,95830.0,95347.0,0.0,0.0,0.5,0.0,64.370,0.000,0.0,651003.0
2026-09-01T04:04:34,0.2,4910,1547350,1531198,0.3,0.00,0.50,0.00,1.99,0.00,0.00,0.00,4.0,95830.0,95347.0,0.0,0.0,0.5,0.0,64.352,0.000,0.0,649330.5
2026-09-01T04:04:36,0.2,4910,1547350,1531198,0.3,0.00,0.49,0.00,1.97,0.00,0.00,0.00,4.0,95830.0,95347.0,0.0,0.0,0.5,0.0,64.374,0.000,0.0,639604.0
2026-09-01T04:04:38,0.2,4910,1547350,1531198,0.3,0.00,0.45,0.00,1.79,0.00,0.00,0.00,4.0,95830.0,95347.0,0.0,0.0,0.5,0.0,64.345,0.000,0.0,645677.5
2026-09-01T04:04:40,0.2,4910,1547350,1531198,0.3,0.00,0.50,0.00,1.98,0.00,0.00,0.00,4.0,95830.0,95347.0,0.0,0.0,0.5,0.0,64.375,0.000,0.0,646975.0
2026-09-01T04:04:42,0.2,4910,1547350,1531197,0.3,0.00,0.99,0.00,3.97,0.00,0.00,0.00,4.0,95830.0,95347.0,0.0,0.0,0.5,0.0,64.374,0.000,0.0,646996.0
2026-09-01T04:04:44,0.2,4910,1547350,1531198,0.3,0.00,0.47,0.00,1.86,0.00,0.00,0.00,4.0,95830.0,95347.0,0.0,0.0,0.5,0.0,64.370,0.000,0.0,641341.5
2026-09-01T04:04:46,0.2,4910,1547350,1531198,0.3,0.00,0.48,0.00,1.91,0.00,0.00,0.00,4.0,95830.0,95347.0,0.0,0.0,0.5,0.0,64.347,0.000,0.0,645955.5
2026-09-01T04:04:48,0.2,4911,1547350,1531197,0.3,0.00,0.97,0.00,5.83,0.00,0.00,0.00,4.0,95830.0,95347.0,0.0,0.0,0.5,0.0,64.367,0.000,0.0,646714.0
2026-09-01T04:04:50,0.2,4911,1547350,1531197,0.3,0.00,0.51,0.00,2.02,0.00,0.00,0.00,4.0,95830.0,95347.0,0.0,0.0,0.5,0.0,64.362,0.000,0.0,649864.0
2026-09-01T04:04:52,0.2,4911,1547350,1531197,0.3,0.00,0.57,0.00,2.26,0.00,0.00,0.00,4.0,95830.0,95347.0,0.0,0.0,0.5,0.0,64.359,0.000,0.0,671092.0
2026-09-01T04:04:53,0.2,4911,1547350,1531197,0.3,0.00,5.20,0.00,42.24,0.00,0.12,0.00,4.0,95830.0,95347.0,0.0,0.0,0.5,0.0,64.351,0.000,0.0,659262.0
2026-09-01T04:04:55,0.2,4911,1547350,1531197,0.3,0.00,0.65,0.00,2.61,0.00,0.00,0.00,4.0,95830.0,95347.0,0.0,0.0,0.5,0.0,64.380,0.000,0.0,661577.5
2026-09-01T04:04:57,0.2,4911,1547350,1531197,0.3,0.00,0.60,0.00,2.41,0.00,0.00,0.00,4.0,95830.0,95347.0,0.0,0.0,0.5,0.0,64.356,0.000,0.0,652554.5
2026-09-01T04:04:58,0.2,4911,1547350,1531197,0.3,0.00,1.26,0.00,5.03,0.00,0.00,0.00,4.0,95830.0,95347.0,0.0,0.0,0.5,0.0,64.359,0.000,0.0,672591.5
2026-09-01T04:05:00,0.2,4911,1547350,1531197,0.3,0.00,0.62,0.00,2.49,0.00,0.00,0.00,4.0,95830.0,95347.0,0.0,0.0,0.5,0.0,64.370,0.000,0.0,661940.5
2026-09-01T04:05:01,0.3,4914,1547350,1531194,0.3,0.00,0.60,0.00,2.40,0.00,0.00,0.00,4.0,95830.0,95347.0,0.0,0.0,0.5,0.0,64.363,0.000,0.0,650481.5
2026-09-01T04:05:03,0.2,4913,1547350,1531195,0.3,0.00,0.60,0.00,2.39,0.00,0.00,0.00,4.0,95830.0,95347.0,0.0,0.0,0.5,0.0,64.349,0.000,0.0,656026.5
2026-09-01T04:05:05,0.2,4913,1547350,1531195,0.3,0.00,0.59,0.00,2.34,0.00,0.00,0.00,4.0,95830.0,95347.0,0.0,0.0,0.5,0.0,64.345,0.000,0.0,682672.0
2026-09-01T04:05:07,0.2,4911,1547350,1531196,0.3,0.00,0.61,0.00,2.43,0.00,0.00,0.00,4.0,95830.0,95347.0,0.0,0.0,0.5,0.0,64.379,0.000,0.0,657969.0
2026-09-01T04:05:08,0.2,4912,1547350,1531196,0.3,0.00,0.63,0.00,2.51,0.00,0.00,0.00,4.0,95830.0,95347.0,0.0,0.0,0.5,0.0,64.344,0.000,0.0,666957.5
2026-09-01T04:05:10,0.2,4911,1547350,1531196,0.3,0.00,0.62,0.00,2.49,0.00,0.00,0.00,4.0,95830.0,95347.0,0.0,0.0,0.5,0.0,64.362,0.000,0.0,680324.0
2026-09-01T04:05:11,0.2,4910,1547350,1531198,0.3,0.00,0.64,0.00,2.58,0.00,1.00,0.00,4.0,95830.0,95347.0,0.0,0.0,0.5,0.0,64.326,0.000,0.0,656597.5
2026-09-01T04:05:13,0.2,4909,1547350,1531198,0.3,0.00,0.56,0.00,2.23,0.00,0.00,0.00,4.0,95830.0,95347.0,0.0,0.0,0.5,0.0,64.362,0.000,0.0,654362.5
2026-09-01T04:05:15,0.2,4909,1547350,1531199,0.3,0.00,0.59,0.00,2.34,0.00,0.00,0.00,4.0,95830.0,95347.0,0.0,0.0,0.5,0.0,64.377,0.000,0.0,660953.5
2026-09-01T04:05:16,0.2,4908,1547350,1531199,0.3,0.00,0.65,0.00,2.61,0.00,0.00,0.00,4.0,95830.0,95347.0,0.0,0.0,0.5,0.0,64.364,0.000,0.0,669331.5
2026-09-01T04:05:18,0.2,4908,1547350,1531200,0.3,0.00,0.52,0.00,2.09,0.00,0.00,0.00,4.0,95830.0,95347.0,0.0,0.0,0.5,0.0,64.366,0.000,0.0,647254.0
2026-09-01T04:05:20,0.2,4908,1547350,1531200,0.3,0.00,0.56,0.00,2.23,0.00,0.00,0.00,4.0,95830.0,95347.0,0.0,0.0,0.5,0.0,64.355,0.000,0.0,653796.5
2026-09-01T04:05:22,0.2,4909,1547350,1531199,0.3,0.00,0.55,0.00,2.21,0.00,0.00,0.00,4.0,95830.0,95347.0,0.0,0.0,0.5,0.0,64.346,0.000,0.0,647379.5
2026-09-01T04:05:24,0.2,4909,1547350,1531199,0.3,0.00,4.00,0.00,19.26,0.00,0.00,0.00,4.0,95830.0,95347.0,0.0,0.0,0.5,0.0,64.354,0.000,0.0,636055.5
2026-09-01T04:05:25,0.2,4909,1547350,1531198,0.3,0.00,0.61,0.00,2.45,0.00,0.00,0.00,4.0,95830.0,95347.0,0.0,0.0,0.5,0.0,64.358,0.000,0.0,719637.5
2026-09-01T04:05:27,0.2,4909,1547350,1531199,0.3,0.00,0.61,0.00,2.45,0.00,0.00,0.00,4.0,95830.0,95347.0,0.0,0.0,0.5,0.0,64.360,0.000,0.0,649652.0
2026-09-01T04:05:29,0.2,4909,1547350,1531199,0.3,0.00,0.51,0.00,2.03,0.00,1.00,0.00,4.0,95830.0,95347.0,0.0,0.0,0.5,0.0,64.336,0.000,0.0,646462.5
2026-09-01T04:05:31,0.2,4908,1547350,1531200,0.3,0.00,0.50,0.00,1.99,0.00,0.00,0.00,4.0,95830.0,95347.0,0.0,0.0,0.5,0.0,64.352,0.000,0.0,645837.0
2026-09-01T04:05:33,0.2,4908,1547350,1531200,0.3,0.00,2.92,0.00,17.54,0.00,0.00,0.00,4.0,95830.0,95347.0,0.0,0.0,0.5,0.0,64.328,0.000,0.0,642487.0
2026-09-01T04:05:35,0.2,4908,1547350,1531200,0.3,0.00,0.45,0.00,1.79,0.00,0.00,0.00,4.0,95830.0,95347.0,0.0,0.0,0.5,0.0,64.336,0.000,0.0,646220.0
2026-09-01T04:05:37,0.2,4908,1547350,1531200,0.3,0.00,0.50,0.00,1.98,0.00,0.00,0.00,4.0,95830.0,95347.0,0.0,0.0,0.5,0.0,64.344,0.000,0.0,652660.0
2026-09-01T04:05:39,0.2,4908,1547350,1531200,0.3,0.00,0.50,0.00,2.02,0.00,0.00,0.00,4.0,95830.0,95347.0,0.0,0.0,0.5,0.0,64.334,0.000,0.0,646331.0
2026-09-01T04:05:41,0.2,4907,1547350,1531200,0.3,0.00,0.50,0.00,2.01,0.00,0.00,0.00,4.0,95830.0,95347.0,0.0,0.0,0.5,0.0,64.349,0.000,0.0,702910.5
2026-09-01T04:05:43,0.2,4908,1547350,1531200,0.3,0.00,0.96,0.00,3.86,0.00,0.00,0.00,4.0,95830.0,95347.0,0.0,0.0,0.5,0.0,64.312,0.000,0.0,646981.5
2026-09-01T04:05:45,0.2,4908,1547350,1531200,0.3,0.00,0.50,0.00,1.98,0.00,0.00,0.00,4.0,95830.0,95347.0,0.0,0.0,0.5,0.0,64.311,0.000,0.0,661651.5
2026-09-01T04:05:47,0.2,4909,1547350,1531199,0.3,0.00,0.49,0.00,1.97,0.00,0.00,0.00,4.0,95830.0,95347.0,0.0,0.0,0.5,0.0,64.358,0.000,0.0,663730.0
2026-09-01T04:05:50,0.2,4908,1547350,1531199,0.3,0.00,0.47,0.00,1.90,0.00,0.00,0.00,4.0,95830.0,95347.0,0.0,0.0,0.5,0.0,64.296,0.000,0.0,656309.0
2026-09-01T04:05:51,0.2,4908,1547350,1531199,0.3,0.00,0.53,0.00,2.11,0.00,1.00,0.00,4.0,95830.0,95347.0,0.0,0.0,0.5,0.0,64.324,0.000,0.0,649499.5
2026-09-01T04:05:53,0.2,4908,1547350,1531200,0.3,0.00,3.86,0.00,33.88,0.00,0.00,0.00,4.0,95830.0,95347.0,0.0,0.0,0.5,0.0,64.326,0.000,0.0,663560.5
2026-09-01T04:05:55,0.2,4908,1547350,1531200,0.3,0.00,1.19,0.00,7.15,0.00,0.00,0.00,4.0,95830.0,95347.0,0.0,0.0,0.5,0.0,64.309,0.000,0.0,657371.0
2026-09-01T04:05:56,0.2,4908,1547350,1531200,0.3,0.00,0.67,0.00,2.67,0.00,0.00,0.00,4.0,95830.0,95347.0,0.0,0.0,0.5,0.0,64.348,0.000,0.0,654536.5
2026-09-01T04:05:58,0.2,4909,1547350,1531199,0.3,0.00,0.58,0.00,2.33,0.00,0.00,0.00,4.0,95830.0,95347.0,0.0,0.0,0.5,0.0,64.323,0.000,0.0,659464.5
2026-09-01T04:06:00,0.2,4909,1547350,1531199,0.3,0.00,1.09,0.00,4.35,0.00,0.00,0.00,4.0,95830.0,95347.0,0.0,0.0,0.5,0.0,64.296,0.000,0.0,654706.5
2026-09-01T04:06:02,0.3,4911,1547350,1531197,0.3,0.00,0.67,0.00,2.66,0.00,0.00,0.00,4.0,95830.0,95347.0,0.0,0.0,0.5,0.0,64.313,0.000,0.0,639373.0
2026-09-01T04:06:03,0.2,4911,1547350,1531197,0.3,0.00,0.59,0.00,2.35,0.00,0.00,0.00,4.0,95830.0,95347.0,0.0,0.0,0.5,0.0,64.339,0.000,0.0,722031.0
2026-09-01T04:06:05,0.2,4911,1547350,1531197,0.3,0.00,0.61,0.00,2.43,0.00,0.00,0.00,4.0,95830.0,95347.0,0.0,0.0,0.5,0.0,64.346,0.000,0.0,656737.0
2026-09-01T04:06:06,0.2,4911,1547350,1531197,0.3,0.00,0.66,0.00,2.62,0.00,0.00,0.00,4.0,95830.0,95347.0,0.0,0.0,0.5,0.0,64.299,0.000,0.0,659362.5
2026-09-01T04:06:08,0.2,4911,1547350,1531196,0.3,0.00,0.59,0.00,2.37,0.00,0.00,0.00,4.0,95830.0,95347.0,0.0,0.0,0.5,0.0,64.299,0.000,0.0,652335.0
2026-09-01T04:06:10,0.2,4911,1547350,1531197,0.3,0.00,0.55,0.00,2.19,0.00,0.00,0.00,4.0,95830.0,95347.0,0.0,0.0,0.5,0.0,64.282,0.000,0.0,655118.5
2026-09-01T04:06:11,0.2,4909,1547350,1531198,0.3,0.00,0.65,0.00,2.61,0.00,1.00,0.00,4.0,95830.0,95347.0,0.0,0.0,0.5,0.0,64.301,0.000,0.0,731643.0
2026-09-01T04:06:13,0.2,4909,1547350,1531198,0.3,0.00,0.60,0.00,2.39,0.00,0.00,0.00,4.0,95830.0,95347.0,0.0,0.0,0.5,0.0,64.310,0.000,0.0,657673.0
2026-09-01T04:06:15,0.2,4909,1547350,1531199,0.3,0.00,0.62,0.00,2.50,0.00,0.00,0.00,4.0,95830.0,95347.0,0.0,0.0,0.5,0.0,64.280,0.000,0.0,654399.0
2026-09-01T04:06:16,0.2,4908,1547350,1531199,0.3,0.00,0.63,0.00,2.50,0.00,0.00,0.00,4.0,95830.0,95347.0,0.0,0.0,0.5,0.0,64.314,0.000,0.0,660886.5
2026-09-01T04:06:18,0.2,4908,1547350,1531200,0.3,0.00,0.62,0.00,2.46,0.00,0.00,0.00,4.0,95830.0,95347.0,0.0,0.0,0.5,0.0,64.278,0.000,0.0,693982.0
2026-09-01T04:06:20,0.2,4908,1547350,1531200,0.3,0.00,0.59,0.00,2.34,0.00,0.00,0.00,4.0,95830.0,95347.0,0.0,0.0,0.5,0.0,64.309,0.000,0.0,653451.5
2026-09-01T04:06:21,0.2,4908,1547350,1531200,0.3,0.00,0.58,0.00,2.33,0.00,0.00,0.00,4.0,95830.0,95347.0,0.0,0.0,0.5,0.0,64.294,0.000,0.0,660086.0
2026-09-01T04:06:23,0.2,4908,1547350,1531200,0.3,0.00,0.61,0.00,2.45,0.00,0.00,0.00,4.0,95830.0,95347.0,0.0,0.0,0.5,0.0,64.277,0.000,0.0,660652.5
2026-09-01T04:06:25,0.2,4908,1547350,1531200,0.3,0.00,4.98,0.00,24.65,0.00,0.00,0.00,4.0,95830.0,95347.0,0.0,0.0,0.5,0.0,64.260,0.000,0.0,645943.0
2026-09-01T04:06:27,0.2,4908,1547350,1531199,0.3,0.00,0.56,0.00,2.25,0.00,0.00,0.00,4.0,95830.0,95347.0,0.0,0.0,0.5,0.0,64.267,0.000,0.0,651325.5
2026-09-01T04:06:29,0.2,4909,1547350,1531199,0.3,0.00,0.54,0.00,2.16,0.00,0.00,0.00,4.0,95830.0,95347.0,0.0,0.0,0.5,0.0,64.251,0.000,0.0,646331.0
2026-09-01T04:06:31,0.2,4909,1547350,1531199,0.3,0.00,1.00,0.00,3.98,0.00,0.50,0.00,4.0,95830.0,95347.0,0.0,0.0,0.5,0.0,64.257,0.000,0.0,646231.5
2026-09-01T04:06:33,0.2,4909,1547350,1531199,0.3,0.00,0.50,0.00,2.00,0.00,0.00,0.05,4.0,95830.0,95347.0,0.0,0.0,0.5,0.0,64.257,0.000,0.0,687168.0
2026-09-01T04:06:35,0.2,4909,1547350,1531198,0.3,0.00,2.98,0.00,11.93,0.00,0.00,0.00,4.0,95830.0,95347.0,0.0,0.0,0.5,0.0,64.264,0.000,0.0,646879.5
2026-09-01T04:06:37,0.2,4909,1547350,1531199,0.3,0.00,0.49,0.00,1.94,0.00,0.00,0.00,4.0,95830.0,95347.0,0.0,0.0,0.5,0.0,64.255,0.000,0.0,653982.0
2026-09-01T04:06:39,0.2,4910,1547350,1531198,0.3,0.00,0.50,0.00,1.98,0.00,0.00,0.00,4.0,95830.0,95347.0,0.0,0.0,0.5,0.0,64.221,0.000,0.0,646592.0
2026-09-01T04:06:41,0.2,4909,1547350,1531199,0.3,0.00,0.49,0.00,1.96,0.00,0.00,0.00,4.0,95830.0,95347.0,0.0,0.0,0.5,0.0,64.227,0.000,0.0,647766.0
2026-09-01T04:06:43,0.2,4909,1547350,1531199,0.3,0.00,0.51,0.00,2.03,0.00,0.00,0.00,4.0,95830.0,95347.0,0.0,0.0,0.5,0.0,64.208,0.000,0.0,645275.0
2026-09-01T04:06:45,0.2,4909,1547350,1531199,0.3,0.00,1.00,0.00,4.02,0.00,0.00,0.05,4.0,95830.0,95347.0,0.0,0.0,0.5,0.0,64.248,0.000,0.0,652567.5
2026-09-01T04:06:47,0.2,4909,1547350,1531199,0.3,0.00,0.49,0.00,1.94,0.00,0.00,0.00,4.0,95830.0,95347.0,0.0,0.0,0.5,0.0,64.246,0.000,0.0,659956.0
2026-09-01T04:06:49,0.2,4908,1547350,1531200,0.3,0.00,0.50,0.00,1.99,0.00,0.00,0.00,4.0,95830.0,95347.0,0.0,0.0,0.5,0.0,64.197,0.000,0.0,650332.0
2026-09-01T04:06:51,0.2,4908,1547350,1531199,0.3,0.00,0.42,0.00,1.69,0.00,0.00,0.00,4.0,95830.0,95347.0,0.0,0.0,0.5,0.0,64.245,0.000,0.0,648680.5
2026-09-01T04:06:53,0.2,4909,1547350,1531199,0.3,0.00,0.50,0.00,1.99,0.00,0.00,0.00,4.0,95830.0,95347.0,0.0,0.0,0.5,0.0,64.231,0.000,0.0,664966.0
2026-09-01T04:06:55,0.2,4909,1547350,1531199,0.3,0.00,4.95,0.00,41.77,0.00,0.12,0.00,4.0,95830.0,95347.0,0.0,0.0,0.5,0.0,64.210,0.000,0.0,658169.5
2026-09-01T04:06:57,0.2,4909,1547350,1531199,0.3,0.00,0.58,0.00,2.31,0.00,0.00,0.00,4.0,95830.0,95347.0,0.0,0.0,0.5,0.0,64.225,0.000,0.0,743851.0
2026-09-01T04:06:58,0.2,4909,1547350,1531199,0.3,0.00,0.61,0.00,2.44,0.00,0.00,0.00,4.0,95830.0,95347.0,0.0,0.0,0.5,0.0,64.234,0.000,0.0,659739.5
2026-09-01T04:07:00,0.2,4908,1547350,1531199,0.3,0.00,0.65,0.00,2.62,0.00,0.00,0.00,4.0,95830.0,95347.0,0.0,0.0,0.5,0.0,64.237,0.000,0.0,657522.0
2026-09-01T04:07:01,0.2,4916,1547350,1531192,0.3,0.00,1.20,0.00,4.80,0.00,0.00,0.00,4.0,95830.0,95347.0,0.0,0.0,0.5,0.0,64.218,0.000,0.0,660546.0
2026-09-01T04:07:03,0.2,4916,1547350,1531192,0.3,0.00,0.66,0.00,2.62,0.00,0.00,0.00,4.0,95830.0,95347.0,0.0,0.0,0.5,0.0,64.242,0.000,0.0,654376.0
2026-09-01T04:07:05,0.2,4915,1547350,1531193,0.3,0.00,0.60,0.00,2.39,0.00,0.00,0.00,4.0,95830.0,95347.0,0.0,0.0,0.5,0.0,64.237,0.000,0.0,654509.0
2026-09-01T04:07:06,0.2,4915,1547350,1531192,0.3,0.00,0.54,0.00,2.16,0.00,0.00,0.00,4.0,95830.0,95347.0,0.0,0.0,0.5,0.0,64.232,0.000,0.0,657848.0
2026-09-01T04:07:08,0.2,4916,1547350,1531192,0.3,0.00,0.66,0.00,2.63,0.00,0.00,0.00,4.0,95830.0,95347.0,0.0,0.0,0.5,0.0,64.225,0.000,0.0,653034.5
2026-09-01T04:07:10,0.2,4915,1547350,1531193,0.3,0.00,0.59,0.00,2.38,0.00,1.00,0.00,4.0,95830.0,95347.0,0.0,0.0,0.5,0.0,64.197,0.000,0.0,654216.5
2026-09-01T04:07:11,0.2,4918,1547350,1531190,0.3,0.00,0.54,0.00,2.17,0.00,0.00,0.00,4.0,95830.0,95347.0,0.0,0.0,0.5,0.0,64.257,0.000,0.0,663201.5
2026-09-01T04:07:13,0.2,4917,1547350,1531191,0.3,0.00,0.66,0.00,2.62,0.00,0.00,0.00,4.0,95830.0,95347.0,0.0,0.0,0.5,0.0,64.207,0.000,0.0,639264.5
2026-09-01T04:07:15,0.2,4916,1547350,1531191,0.3,0.00,0.59,0.00,2.38,0.00,0.00,0.00,4.0,95830.0,95347.0,0.0,0.0,0.5,0.0,64.213,0.000,0.0,682443.5
2026-09-01T04:07:16,0.2,4916,1547350,1531192,0.3,0.00,0.55,0.00,2.20,0.00,0.00,0.00,4.0,95830.0,95347.0,0.0,0.0,0.5,0.0,64.210,0.000,0.0,653168.0
2026-09-01T04:07:18,0.2,4916,1547350,1531192,0.3,0.00,0.64,0.00,2.58,0.00,0.00,0.00,4.0,95830.0,95347.0,0.0,0.0,0.5,0.0,64.203,0.000,0.0,683601.5
2026-09-01T04:07:20,0.2,4916,1547350,1531191,0.3,0.00,0.61,0.00,2.43,0.00,0.00,0.00,4.0,95830.0,95347.0,0.0,0.0,0.5,0.0,64.182,0.000,0.0,704495.5
2026-09-01T04:07:21,0.2,4919,1547350,1531189,0.3,0.00,0.55,0.00,2.19,0.00,0.00,0.00,4.0,95830.0,95347.0,0.0,0.0,0.5,0.0,64.206,0.000,0.0,658319.5
2026-09-01T04:07:23,0.2,4919,1547350,1531189,0.3,0.00,0.63,0.00,2.52,0.00,0.00,0.00,4.0,95830.0,95347.0,0.0,0.0,0.5,0.0,64.192,0.000,0.0,680671.0
2026-09-01T04:07:25,0.2,4919,1547350,1531189,0.3,0.00,1.23,0.00,12.96,0.00,0.00,0.00,4.0,95830.0,95347.0,0.0,0.0,0.5,0.0,64.197,0.000,0.0,658338.0
2026-09-01T04:07:27,0.2,4918,1547350,1531190,0.3,0.00,0.55,0.00,2.20,0.00,0.00,0.00,4.0,95830.0,95347.0,0.0,0.0,0.5,0.0,64.199,0.000,0.0,646241.5
2026-09-01T04:07:28,0.2,4918,1547350,1531190,0.3,0.00,0.55,0.00,2.19,0.00,0.00,0.00,4.0,95830.0,95347.0,0.0,0.0,0.5,0.0,64.209,0.000,0.0,650869.0
2026-09-01T04:07:30,0.2,4918,1547350,1531189,0.3,0.00,0.56,0.00,2.22,0.00,0.00,0.00,4.0,95830.0,95347.0,0.0,0.0,0.5,0.0,64.200,0.000,0.0,651871.5
2026-09-01T04:07:32,0.2,4922,1547350,1531186,0.3,0.00,2.73,0.00,10.91,0.00,0.20,0.00,4.0,95830.0,95347.0,0.0,0.0,0.5,0.0,64.219,0.000,0.0,646452.0
2026-09-01T04:07:34,0.2,4922,1547350,1531186,0.3,0.00,0.49,0.00,1.98,0.00,0.00,0.00,4.0,95830.0,95347.0,0.0,0.0,0.5,0.0,64.224,0.000,0.0,648176.5
2026-09-01T04:07:36,0.2,4922,1547350,1531185,0.3,0.00,2.01,0.00,10.04,0.00,0.00,0.00,4.0,95830.0,95347.0,0.0,0.0,0.5,0.0,64.185,0.000,0.0,664939.5
2026-09-01T04:07:38,0.2,4922,1547350,1531186,0.3,0.00,0.50,0.00,1.98,0.00,0.00,0.00,4.0,95830.0,95347.0,0.0,0.0,0.5,0.0,64.156,0.000,0.0,648451.0
2026-09-01T04:07:40,0.2,4922,1547350,1531185,0.3,0.00,0.49,0.00,1.96,0.00,0.00,0.00,4.0,95830.0,95347.0,0.0,0.0,0.5,0.0,64.195,0.000,0.0,642942.0
2026-09-01T04:07:42,0.2,4922,1547350,1531186,0.3,0.00,0.42,0.00,1.68,0.00,0.00,0.00,4.0,95830.0,95347.0,0.0,0.0,0.5,0.0,64.150,0.000,0.0,656069.5
2026-09-01T04:07:45,0.2,4922,1547350,1531186,0.3,0.00,0.48,0.00,1.92,0.00,0.00,0.00,4.0,95830.0,95347.0,0.0,0.0,0.5,0.0,64.192,0.000,0.0,645719.5
2026-09-01T04:07:47,0.2,4922,1547350,1531186,0.3,0.00,0.93,0.00,3.73,0.00,0.00,0.00,4.0,95830.0,95347.0,0.0,0.0,0.5,0.0,64.197,0.000,0.0,641346.5
2026-09-01T04:07:49,0.2,4922,1547350,1531186,0.3,0.00,0.49,0.00,1.97,0.00,0.00,0.00,4.0,95830.0,95347.0,0.0,0.0,0.5,0.0,64.174,0.000,0.0,632725.5
2026-09-01T04:07:51,0.2,4922,1547350,1531186,0.3,0.00,0.50,0.00,2.00,0.00,0.00,0.00,4.0,95830.0,95347.0,0.0,0.0,0.5,0.0,64.200,0.000,0.0,678536.0
2026-09-01T04:07:53,0.2,4922,1547350,1531185,0.3,0.00,0.49,0.00,1.96,0.00,0.00,0.00,4.0,95830.0,95347.0,0.0,0.0,0.5,0.0,64.203,0.000,0.0,647766.5
2026-09-01T04:07:55,0.2,4921,1547350,1531186,0.3,0.00,3.49,0.00,29.65,0.00,0.14,0.00,4.0,95830.0,95347.0,0.0,0.0,0.5,0.0,64.147,0.000,0.0,651148.0
2026-09-01T04:07:56,0.2,4921,1547350,1531187,0.3,0.00,0.65,0.00,2.58,0.00,0.00,0.06,4.0,95830.0,95347.0,0.0,0.0,0.5,0.0,64.181,0.000,0.0,660912.0
2026-09-01T04:07:58,0.2,4922,1547350,1531186,0.3,0.00,0.65,0.00,2.59,0.00,0.00,0.00,4.0,95830.0,95347.0,0.0,0.0,0.5,0.0,64.181,0.000,0.0,662080.5
2026-09-01T04:07:59,0.2,4922,1547350,1531186,0.3,0.00,0.60,0.00,2.42,0.00,0.00,0.00,4.0,95830.0,95347.0,0.0,0.0,0.5,0.0,64.172,0.000,0.0,690286.0
2026-09-01T04:08:01,0.3,4926,1547350,1531182,0.3,0.00,0.66,0.00,2.66,0.00,0.00,0.00,4.0,95830.0,95347.0,0.0,0.0,0.5,0.0,64.172,0.000,0.0,684095.5
2026-09-01T04:08:03,0.2,4926,1547350,1531182,0.3,0.00,1.78,0.00,9.48,0.00,0.00,0.06,4.0,95830.0,95347.0,0.0,0.0,0.5,0.0,64.197,0.000,0.0,661761.0
2026-09-01T04:08:04,0.2,4926,1547350,1531182,0.3,0.00,0.59,0.00,2.37,0.00,0.00,0.00,4.0,95830.0,95347.0,0.0,0.0,0.5,0.0,64.174,0.000,0.0,653388.5
2026-09-01T04:08:06,0.2,4925,1547350,1531182,0.3,0.00,0.67,0.00,2.69,0.00,0.00,0.00,4.0,95830.0,95347.0,0.0,0.0,0.5,0.0,64.209,0.000,0.0,658660.0
2026-09-01T04:08:08,0.2,4924,1547350,1531183,0.3,0.00,0.59,0.00,2.36,0.00,0.00,0.00,4.0,95830.0,95347.0,0.0,0.0,0.5,0.0,64.177,0.000,0.0,663500.0
2026-09-01T04:08:09,0.2,4925,1547350,1531183,0.3,0.00,0.65,0.00,2.61,0.00,0.00,0.00,4.0,95830.0,95347.0,0.0,0.0,0.5,0.0,64.180,0.000,0.0,667247.0
2026-09-01T04:08:11,0.2,4924,1547350,1531184,0.3,0.00,0.60,0.00,2.41,0.00,0.00,0.00,4.0,95830.0,95347.0,0.0,0.0,0.5,0.0,64.156,0.000,0.0,656741.5
2026-09-01T04:08:13,0.2,4924,1547350,1531184,0.3,0.00,0.55,0.00,2.18,0.00,0.00,0.00,4.0,95830.0,95347.0,0.0,0.0,0.5,0.0,64.139,0.000,0.0,693783.5
2026-09-01T04:08:14,0.2,4923,1547350,1531185,0.3,0.00,0.64,0.00,2.57,0.00,1.00,0.00,4.0,95830.0,95347.0,0.0,0.0,0.5,0.0,64.149,0.000,0.0,656393.0
2026-09-01T04:08:16,0.2,4923,1547350,1531185,0.3,0.00,0.60,0.00,2.42,0.00,0.00,0.00,4.0,95830.0,95347.0,0.0,0.0,0.5,0.0,64.147,0.000,0.0,666419.5
2026-09-01T04:08:18,0.2,4923,1547350,1531185,0.3,0.00,0.55,0.00,2.19,0.00,0.00,0.00,4.0,95830.0,95347.0,0.0,0.0,0.5,0.0,64.071,0.000,0.0,657668.0
2026-09-01T04:08:19,0.2,4923,1547350,1531184,0.3,0.00,0.63,0.00,2.54,0.00,0.00,0.00,4.0,95830.0,95347.0,0.0,0.0,0.5,0.0,64.129,0.000,0.0,657067.0
2026-09-01T04:08:21,0.2,4923,1547350,1531185,0.3,0.00,0.63,0.00,2.50,0.00,0.00,0.00,4.0,95830.0,95347.0,0.0,0.0,0.5,0.0,64.136,0.000,0.0,657220.5
2026-09-01T04:08:23,0.2,4923,1547350,1531185,0.3,0.00,0.54,0.00,2.15,0.00,0.00,0.00,4.0,95830.0,95347.0,0.0,0.0,0.5,0.0,64.105,0.000,0.0,658543.5
2026-09-01T04:08:24,0.2,4923,1547350,1531185,0.3,0.00,1.88,0.00,15.63,0.00,0.00,0.00,4.0,95830.0,95347.0,0.0,0.0,0.5,0.0,64.172,0.000,0.0,652170.0
2026-09-01T04:08:26,0.2,4923,1547350,1531185,0.3,0.00,0.55,0.00,2.20,0.00,0.00,0.00,4.0,95830.0,95347.0,0.0,0.0,0.5,0.0,64.168,0.000,0.0,645966.0
2026-09-01T04:08:28,0.2,4922,1547350,1531186,0.3,0.00,0.48,0.00,1.94,0.00,0.00,0.00,4.0,95830.0,95347.0,0.0,0.0,0.5,0.0,64.143,0.000,0.0,652062.0
2026-09-01T04:08:30,0.2,4922,1547350,1531185,0.3,0.00,0.50,0.00,1.98,0.00,0.00,0.00,4.0,95830.0,95347.0,0.0,0.0,0.5,0.0,64.150,0.000,0.0,652611.5
2026-09-01T04:08:32,0.2,4922,1547350,1531186,0.3,0.00,0.55,0.00,2.21,0.00,0.00,0.00,4.0,95830.0,95347.0,0.0,0.0,0.5,0.0,64.154,0.000,0.0,665134.5
2026-09-01T04:08:34,0.2,4922,1547350,1531185,0.3,0.00,4.43,0.00,17.74,0.00,0.12,0.00,4.0,95830.0,95347.0,0.0,0.0,0.5,0.0,64.133,0.000,0.0,717180.5
2026-09-01T04:08:36,0.2,4921,1547350,1531186,0.3,0.00,0.50,0.00,1.99,0.00,0.00,0.00,4.0,95830.0,95347.0,0.0,0.0,0.5,0.0,64.149,0.000,0.0,646475.5
2026-09-01T04:08:38,0.2,4921,1547350,1531187,0.3,0.00,0.47,0.00,1.88,0.00,0.00,0.00,4.0,95830.0,95347.0,0.0,0.0,0.5,0.0,64.141,0.000,0.0,645077.5
2026-09-01T04:08:40,0.2,4921,1547350,1531186,0.3,0.00,0.52,0.00,2.09,0.00,0.00,0.00,4.0,95830.0,95347.0,0.0,0.0,0.5,0.0,64.163,0.000,0.0,648543.0
2026-09-01T04:08:42,0.2,4921,1547350,1531187,0.3,0.00,0.50,0.00,2.00,0.00,0.00,0.00,4.0,95830.0,95347.0,0.0,0.0,0.5,0.0,64.138,0.000,0.0,642553.0
2026-09-01T04:08:44,0.2,4921,1547350,1531187,0.3,0.00,0.89,0.00,3.58,0.00,0.00,0.00,4.0,95830.0,95347.0,0.0,0.0,0.5,0.0,64.154,0.000,0.0,645271.0
2026-09-01T04:08:46,0.2,4922,1547350,1531186,0.3,0.00,0.51,0.00,2.03,0.00,0.00,0.00,4.0,95830.0,95347.0,0.0,0.0,0.5,0.0,64.107,0.000,0.0,657892.0
2026-09-01T04:08:48,0.2,4921,1547350,1531187,0.3,0.00,0.47,0.00,1.89,0.00,0.00,0.00,4.0,95830.0,95347.0,0.0,0.0,0.5,0.0,64.145,0.000,0.0,659025.5
2026-09-01T04:08:50,0.2,4921,1547350,1531187,0.3,0.00,0.51,0.00,2.04,0.00,0.00,0.00,4.0,95830.0,95347.0,0.0,0.0,0.5,0.0,64.122,0.000,0.0,648425.0
2026-09-01T04:08:52,0.2,4920,1547350,1531187,0.3,0.00,0.50,0.00,1.98,0.00,0.00,0.00,4.0,95830.0,95347.0,0.0,0.0,0.5,0.0,64.133,0.000,0.0,644688.0
2026-09-01T04:08:54,0.2,4921,1547350,1531187,0.3,0.00,3.50,0.00,29.72,0.00,0.14,0.00,4.0,95830.0,95347.0,0.0,0.0,0.5,0.0,64.126,0.000,0.0,649105.5
2026-09-01T04:08:56,0.2,4921,1547350,1531186,0.3,0.00,0.50,0.00,2.01,0.00,0.00,0.00,4.0,95830.0,95347.0,0.0,0.0,0.5,0.0,64.114,0.000,0.0,647946.5
2026-09-01T04:08:58,0.2,4922,1547350,1531186,0.3,0.00,0.57,0.00,2.28,0.00,0.00,0.00,4.0,95830.0,95347.0,0.0,0.0,0.5,0.0,64.124,0.000,0.0,661590.0
2026-09-01T04:08:59,0.2,4922,1547350,1531186,0.3,0.00,0.66,0.00,2.62,0.00,0.00,0.00,4.0,95830.0,95347.0,0.0,0.0,0.5,0.0,64.096,0.000,0.0,640645.0
2026-09-01T04:09:01,0.3,4927,1547350,1531181,0.3,0.00,0.60,0.00,2.41,0.00,0.00,0.00,4.0,95830.0,95347.0,0.0,0.0,0.5,0.0,64.141,0.000,0.0,674197.5
2026-09-01T04:09:03,0.2,4926,1547350,1531182,0.3,0.00,0.64,0.00,2.57,0.00,0.00,0.00,4.0,95830.0,95347.0,0.0,0.0,0.5,0.0,64.115,0.000,0.0,712377.0
2026-09-01T04:09:04,0.2,4926,1547350,1531182,0.3,0.00,1.62,0.00,8.66,0.00,0.00,0.00,4.0,95830.0,95347.0,0.0,0.0,0.5,0.0,64.136,0.000,0.0,659022.0
2026-09-01T04:09:06,0.2,4925,1547350,1531183,0.3,0.00,0.62,0.00,2.47,0.00,0.00,0.00,4.0,95830.0,95347.0,0.0,0.0,0.5,0.0,64.133,0.000,0.0,657368.5
2026-09-01T04:09:08,0.2,4925,1547350,1531182,0.3,0.00,0.63,0.00,2.53,0.00,0.00,0.06,4.0,95830.0,95347.0,0.0,0.0,0.5,0.0,64.144,0.000,0.0,656328.5
2026-09-01T04:09:09,0.2,4925,1547350,1531183,0.3,0.00,0.61,0.00,2.43,0.00,0.00,0.00,4.0,95830.0,95347.0,0.0,0.0,0.5,0.0,64.115,0.000,0.0,658991.0
2026-09-01T04:09:11,0.2,4922,1547350,1531186,0.3,0.00,0.61,0.00,2.43,0.00,0.00,0.00,4.0,95830.0,95347.0,0.0,0.0,0.5,0.0,64.156,0.000,0.0,661878.5
2026-09-01T04:09:13,0.2,4921,1547350,1531187,0.3,0.00,0.63,0.00,2.52,0.00,0.00,0.00,4.0,95830.0,95347.0,0.0,0.0,0.5,0.0,64.133,0.000,0.0,660239.0
2026-09-01T04:09:14,0.2,4920,1547350,1531187,0.3,0.00,0.55,0.00,2.21,0.00,0.00,0.00,4.0,95830.0,95347.0,0.0,0.0,0.5,0.0,64.131,0.000,0.0,656394.5
2026-09-01T04:09:16,0.2,4920,1547350,1531187,0.3,0.00,0.60,0.00,2.40,0.00,0.00,0.00,4.0,95830.0,95347.0,0.0,0.0,0.5,0.0,64.135,0.000,0.0,666092.5
2026-09-01T04:09:18,0.2,4920,1547350,1531188,0.3,0.00,0.64,0.00,2.58,0.00,0.00,0.00,4.0,95830.0,95347.0,0.0,0.0,0.5,0.0,64.153,0.000,0.0,639532.0
2026-09-01T04:09:19,0.2,4920,1547350,1531188,0.3,0.00,0.62,0.00,2.46,0.00,0.00,0.00,4.0,95830.0,95347.0,0.0,0.0,0.5,0.0,64.101,0.000,0.0,679075.0
2026-09-01T04:09:21,0.2,4920,1547350,1531188,0.3,0.00,0.62,0.00,2.47,0.00,0.00,0.00,4.0,95830.0,95347.0,0.0,0.0,0.5,0.0,64.139,0.000,0.0,657678.0
2026-09-01T04:09:22,0.2,4920,1547350,1531188,0.3,0.00,0.62,0.00,2.46,0.00,0.00,0.00,4.0,95830.0,95347.0,0.0,0.0,0.5,0.0,64.127,0.000,0.0,653608.0
2026-09-01T04:09:24,0.2,4920,1547350,1531188,0.3,0.00,0.50,0.00,1.98,0.00,1.00,0.00,4.0,95830.0,95347.0,0.0,0.0,0.5,0.0,64.117,0.000,0.0,656570.0
2026-09-01T04:09:26,0.2,4920,1547350,1531188,0.3,0.00,1.23,0.00,12.93,0.00,0.00,0.00,4.0,95830.0,95347.0,0.0,0.0,0.5,0.0,64.137,0.000,0.0,664641.5
2026-09-01T04:09:28,0.2,4920,1547350,1531188,0.3,0.00,0.62,0.00,2.48,0.00,0.00,0.00,4.0,95830.0,95347.0,0.0,0.0,0.5,0.0,64.154,0.000,0.0,654128.5
2026-09-01T04:09:30,0.2,4920,1547350,1531188,0.3,0.00,0.50,0.00,1.98,0.00,0.00,0.00,4.0,95830.0,95347.0,0.0,0.0,0.5,0.0,64.128,0.000,0.0,646051.0
2026-09-01T04:09:32,0.2,4919,1547350,1531188,0.3,0.00,0.50,0.00,1.99,0.00,0.00,0.00,4.0,95830.0,95347.0,0.0,0.0,0.5,0.0,64.152,0.000,0.0,645994.5
2026-09-01T04:09:34,0.2,4919,1547350,1531188,0.3,0.00,3.43,0.00,15.69,0.00,0.00,0.00,4.0,95830.0,95347.0,0.0,0.0,0.5,0.0,64.150,0.000,0.0,650741.5
2026-09-01T04:09:36,0.2,4919,1547350,1531189,0.3,0.00,0.49,0.00,1.98,0.00,0.00,0.05,4.0,95830.0,95347.0,0.0,0.0,0.5,0.0,64.130,0.000,0.0,647920.5
2026-09-01T04:09:38,0.2,4918,1547350,1531189,0.3,0.00,0.50,0.00,1.98,0.00,0.00,0.00,4.0,95830.0,95347.0,0.0,0.0,0.5,0.0,64.149,0.000,0.0,654067.0
2026-09-01T04:09:40,0.2,4919,1547350,1531189,0.3,0.00,0.94,0.00,3.74,0.00,0.50,0.00,4.0,95830.0,95347.0,0.0,0.0,0.5,0.0,64.163,0.000,0.0,651322.5
2026-09-01T04:09:42,0.2,4919,1547350,1531189,0.3,0.00,0.54,0.00,2.15,0.00,0.00,0.00,4.0,95830.0,95347.0,0.0,0.0,0.5,0.0,64.185,0.000,0.0,654100.5
2026-09-01T04:09:44,0.2,4919,1547350,1531189,0.3,0.00,0.98,0.00,3.91,0.00,0.00,0.00,4.0,95830.0,95347.0,0.0,0.0,0.5,0.0,64.182,0.000,0.0,645692.0
2026-09-01T04:09:46,0.2,4919,1547350,1531189,0.3,0.00,0.49,0.00,1.96,0.00,0.00,0.00,4.0,95830.0,95347.0,0.0,0.0,0.5,0.0,64.181,0.000,0.0,647112.0
2026-09-01T04:09:48,0.2,4919,1547350,1531188,0.3,0.00,0.50,0.00,2.00,0.00,0.00,0.00,4.0,95830.0,95347.0,0.0,0.0,0.5,0.0,64.151,0.000,0.0,644181.0
2026-09-01T04:09:50,0.2,4919,1547350,1531189,0.3,0.00,0.47,0.00,1.87,0.00,0.00,0.00,4.0,95830.0,95347.0,0.0,0.0,0.5,0.0,64.174,0.000,0.0,662244.5
2026-09-01T04:09:52,0.2,4919,1547350,1531189,0.3,0.00,0.54,0.00,2.14,0.00,0.00,0.00,4.0,95830.0,95347.0,0.0,0.0,0.5,0.0,64.159,0.000,0.0,653974.0
2026-09-01T04:09:54,0.2,4918,1547350,1531190,0.3,0.00,0.49,0.00,1.97,0.00,0.00,0.00,4.0,95830.0,95347.0,0.0,0.0,0.5,0.0,64.169,0.000,0.0,642411.0
2026-09-01T04:09:56,0.2,4918,1547350,1531189,0.3,0.00,3.36,0.00,25.44,0.00,0.00,0.00,4.0,95830.0,95347.0,0.0,0.0,0.5,0.0,64.169,0.000,0.0,646459.0
2026-09-01T04:09:58,0.2,4919,1547350,1531188,0.3,0.00,0.50,0.00,1.99,0.00,0.00,0.00,4.0,95830.0,95347.0,0.0,0.0,0.5,0.0,64.196,0.000,0.0,678319.0
2026-09-01T04:10:00,0.2,4918,1547350,1531189,0.3,0.00,0.60,0.00,2.41,0.00,0.00,0.00,4.0,95830.0,95347.0,0.0,0.0,0.5,0.0,64.190,0.000,0.0,649868.5
2026-09-01T04:10:02,0.3,4924,1547350,1531184,0.3,0.00,0.62,0.00,2.47,0.00,0.00,0.00,4.0,95830.0,95347.0,0.0,0.0,0.5,0.0,64.174,0.000,0.0,660544.0
2026-09-01T04:10:03,0.2,4924,1547350,1531184,0.3,0.00,0.59,0.00,2.37,0.00,0.00,0.00,4.0,95830.0,95347.0,0.0,0.0,0.5,0.0,64.160,0.000,0.0,658652.5
2026-09-01T04:10:05,0.2,4924,1547350,1531183,0.3,0.00,0.61,0.00,2.45,0.00,1.00,0.06,4.0,95830.0,95347.0,0.0,0.0,0.5,0.0,64.192,0.000,0.0,657675.5
2026-09-01T04:10:06,0.2,4924,1547350,1531184,0.3,0.00,0.65,0.00,2.59,0.00,0.00,0.00,4.0,95830.0,95347.0,0.0,0.0,0.5,0.0,64.195,0.000,0.0,656323.5
2026-09-01T04:10:08,0.2,4924,1547350,1531184,0.3,0.00,0.61,0.00,2.42,0.00,0.00,0.00,4.0,95830.0,95347.0,0.0,0.0,0.5,0.0,64.169,0.000,0.0,680040.0
2026-09-01T04:10:09,0.2,4924,1547350,1531184,0.3,0.00,0.82,0.00,3.28,0.00,0.00,0.00,4.0,95830.0,95347.0,0.0,0.0,0.5,0.0,64.160,0.000,0.0,680040.0
2026-09-01T04:10:10,0.2,4923,1547350,1531185,0.3,0.00,4.18,0.00,27.89,0.00,0.00,0.00,4.0,95830.0,95347.0,0.0,0.0,0.5,0.0,64.175,0.000,0.0,685618.5
2026-09-01T04:10:12,0.2,4921,1547350,1531187,0.3,0.00,0.61,0.00,2.44,0.00,0.00,0.00,4.0,95830.0,95347.0,0.0,0.0,0.5,0.0,64.154,0.000,0.0,657679.5
2026-09-01T04:10:13,0.2,4920,1547350,1531187,0.3,0.00,0.70,0.00,2.81,0.00,0.00,0.00,4.0,95830.0,95347.0,0.0,0.0,0.5,0.0,64.157,0.000,0.0,670150.5
2026-09-01T04:10:15,0.2,4921,1547350,1531186,0.3,0.00,0.57,0.00,2.27,0.00,0.00,0.00,4.0,95830.0,95347.0,0.0,0.0,0.5,0.0,64.172,0.000,0.0,654835.0
2026-09-01T04:10:16,0.2,4922,1547350,1531185,0.3,0.00,0.61,0.00,2.42,0.00,0.00,0.00,4.0,95830.0,95347.0,0.0,0.0,0.5,0.0,64.203,0.000,0.0,654071.5
2026-09-01T04:10:18,0.2,4922,1547350,1531186,0.3,0.00,0.69,0.00,2.78,0.00,0.00,0.00,4.0,95830.0,95347.0,0.0,0.0,0.5,0.0,64.215,0.000,0.0,665333.0
2026-09-01T04:10:19,0.2,4923,1547350,1531185,0.3,0.00,0.70,0.00,2.78,0.00,0.00,0.00,4.0,95830.0,95347.0,0.0,0.0,0.5,0.0,64.190,0.000,0.0,656863.0
2026-09-01T04:10:21,0.2,4923,1547350,1531185,0.3,0.00,0.62,0.00,2.47,0.00,0.00,0.00,4.0,95830.0,95347.0,0.0,0.0,0.5,0.0,64.214,0.000,0.0,659139.0
2026-09-01T04:10:23,0.2,4924,1547350,1531184,0.3,0.00,0.56,0.00,2.26,0.00,0.00,0.00,4.0,95830.0,95347.0,0.0,0.0,0.5,0.0,64.212,0.000,0.0,665811.0
2026-09-01T04:10:24,0.2,4924,1547350,1531183,0.3,0.00,0.61,0.00,2.44,0.00,0.00,0.00,4.0,95830.0,95347.0,0.0,0.0,0.5,0.0,64.201,0.000,0.0,650367.5
2026-09-01T04:10:26,0.2,4924,1547350,1531184,0.3,0.00,1.68,0.00,13.97,0.00,0.00,0.00,4.0,95830.0,95347.0,0.0,0.0,0.5,0.0,64.209,0.000,0.0,657229.0
2026-09-01T04:10:28,0.2,4924,1547350,1531184,0.3,0.00,0.61,0.00,2.43,0.00,0.00,0.00,4.0,95830.0,95347.0,0.0,0.0,0.5,0.0,64.185,0.000,0.0,654670.5
2026-09-01T04:10:30,0.2,4925,1547350,1531183,0.3,0.00,0.55,0.00,2.21,0.00,1.00,0.00,4.0,95830.0,95347.0,0.0,0.0,0.5,0.0,64.212,0.000,0.0,654670.5
2026-09-01T04:10:31,0.2,4925,1547350,1531183,0.3,0.00,0.94,0.00,3.75,0.00,0.00,0.00,4.0,95830.0,95347.0,0.0,0.0,0.5,0.0,64.228,0.000,0.0,664310.0
2026-09-01T04:10:33,0.2,4926,1547350,1531182,0.3,0.00,0.51,0.00,2.06,0.00,0.00,0.00,4.0,95830.0,95347.0,0.0,0.0,0.5,0.0,64.183,0.000,0.0,688593.5
2026-09-01T04:10:35,0.2,4926,1547350,1531182,0.3,0.00,0.48,0.00,1.93,0.00,0.00,0.00,4.0,95830.0,95347.0,0.0,0.0,0.5,0.0,64.239,0.000,0.0,649380.0
2026-09-01T04:10:36,0.2,4926,1547350,1531182,0.3,0.00,3.41,0.00,13.65,0.00,0.00,0.00,4.0,95830.0,95347.0,0.0,0.0,0.5,0.0,64.233,0.000,0.0,682672.0
2026-09-01T04:10:37,0.2,4926,1547350,1531181,0.3,0.00,1.00,0.00,3.98,0.00,0.00,0.00,4.0,95830.0,95347.0,0.0,0.0,0.5,0.0,64.164,0.000,0.0,653479.5
2026-09-01T04:10:39,0.2,4928,1547350,1531179,0.3,0.00,0.50,0.00,1.99,0.00,0.00,0.00,4.0,95830.0,95347.0,0.0,0.0,0.5,0.0,64.214,0.000,0.0,646292.0
2026-09-01T04:10:42,0.2,4928,1547350,1531180,0.3,0.00,1.49,0.00,5.96,0.00,0.33,0.00,4.0,95830.0,95347.0,0.0,0.0,0.5,0.0,64.252,0.000,0.0,647626.5
2026-09-01T04:10:44,0.2,4928,1547350,1531179,0.3,0.00,0.49,0.00,1.98,0.00,0.00,0.00,4.0,95830.0,95347.0,0.0,0.0,0.5,0.0,64.248,0.000,0.0,650356.5
2026-09-01T04:10:46,0.2,4930,1547350,1531178,0.3,0.00,0.50,0.00,1.99,0.00,0.00,0.00,4.0,95830.0,95347.0,0.0,0.0,0.5,0.0,64.209,0.000,0.0,657544.0
2026-09-01T04:10:47,0.2,4931,1547350,1531177,0.3,0.00,0.77,0.00,3.10,0.00,0.00,0.00,4.0,95830.0,95347.0,0.0,0.0,0.5,0.0,64.195,0.000,0.0,708605.0
2026-09-01T04:10:49,0.2,4934,1547350,1531174,0.3,0.00,0.58,0.00,2.31,0.00,0.00,0.00,4.0,95830.0,95347.0,0.0,0.0,0.5,0.0,64.194,0.000,0.0,675496.5
2026-09-01T04:10:50,0.2,4934,1547350,1531174,0.3,0.00,0.62,0.00,2.49,0.00,0.00,0.00,4.0,95830.0,95347.0,0.0,0.0,0.5,0.0,64.218,0.000,0.0,671212.0
2026-09-01T04:10:52,0.2,4934,1547350,1531174,0.3,0.00,0.71,0.00,2.86,0.00,0.00,0.00,4.0,95830.0,95347.0,0.0,0.0,0.5,0.0,64.243,0.000,0.0,653046.5
2026-09-01T04:10:54,0.2,4934,1547350,1531174,0.3,0.00,0.49,0.00,1.97,0.00,0.00,0.00,4.0,95830.0,95347.0,0.0,0.0,0.5,0.0,64.189,0.000,0.0,651946.0
2026-09-01T04:10:55,0.2,4934,1547350,1531174,0.3,0.00,5.27,0.00,41.80,0.00,0.00,0.00,4.0,95830.0,95347.0,0.0,0.0,0.5,0.0,64.228,0.000,0.0,652616.5
2026-09-01T04:10:57,0.2,4936,1547350,1531172,0.3,0.00,0.51,0.00,2.06,0.00,0.00,0.00,4.0,95830.0,95347.0,0.0,0.0,0.5,0.0,64.273,0.000,0.0,646203.0
2026-09-01T04:10:59,0.2,4937,1547350,1531171,0.3,0.00,0.50,0.00,1.99,0.00,0.00,0.00,4.0,95830.0,95347.0,0.0,0.0,0.5,0.0,64.263,0.000,0.0,653446.0
2026-09-01T04:11:01,0.3,4944,1547350,1531163,0.3,0.00,0.59,0.00,2.35,0.00,0.00,0.00,4.0,95830.0,95347.0,0.0,0.0,0.5,0.0,64.236,0.000,0.0,657668.5
2026-09-01T04:11:02,0.2,4944,1547350,1531164,0.3,0.00,0.62,0.00,2.47,0.00,1.00,0.00,4.0,95830.0,95347.0,0.0,0.0,0.5,0.0,64.219,0.000,0.0,657668.5
2026-09-01T04:11:03,0.2,4944,1547350,1531164,0.3,0.00,2.69,0.00,10.75,0.00,0.00,0.00,4.0,95830.0,95347.0,0.0,0.0,0.5,0.0,64.234,0.000,0.0,728462.5
2026-09-01T04:11:04,0.2,4944,1547350,1531164,0.3,0.00,0.82,0.00,3.29,0.00,0.00,0.08,4.0,95830.0,95347.0,0.0,0.0,0.5,0.0,64.195,0.000,0.0,668524.0
2026-09-01T04:11:05,0.2,4944,1547350,1531164,0.3,0.00,0.75,0.00,3.00,0.00,0.00,0.00,4.0,95830.0,95347.0,0.0,0.0,0.5,0.0,64.228,0.000,0.0,654903.5
2026-09-01T04:11:07,0.2,4945,1547350,1531163,0.3,0.00,1.08,0.00,4.34,0.00,0.00,0.00,4.0,95830.0,95347.0,0.0,0.0,0.5,0.0,64.242,0.000,0.0,654903.5
2026-09-01T04:11:08,0.2,4945,1547350,1531163,0.3,0.00,1.21,0.00,4.85,0.00,0.00,0.00,4.0,95830.0,95347.0,0.0,0.0,0.5,0.0,64.236,0.000,0.0,728058.0
2026-09-01T04:11:09,0.2,4945,1547350,1531163,0.3,0.00,1.14,0.00,4.57,0.00,0.00,0.00,4.0,95830.0,95347.0,0.0,0.0,0.5,0.0,64.251,0.000,0.0,667773.5
2026-09-01T04:11:10,0.2,4945,1547350,1531163,0.3,0.00,0.68,0.00,2.72,0.00,0.00,0.00,4.0,95830.0,95347.0,0.0,0.0,0.5,0.0,64.250,0.000,0.0,655883.5
2026-09-01T04:11:12,0.2,4942,1547350,1531166,0.3,0.00,1.18,0.00,7.10,0.00,0.00,0.00,4.0,95830.0,95347.0,0.0,0.0,0.5,0.0,64.235,0.000,0.0,667821.5
2026-09-01T04:11:13,0.2,4942,1547350,1531166,0.3,0.00,0.83,0.00,3.33,0.00,0.00,0.00,4.0,95830.0,95347.0,0.0,0.0,0.5,0.0,64.197,0.000,0.0,672304.0
2026-09-01T04:11:15,0.2,4942,1547350,1531166,0.3,0.00,0.55,0.00,2.21,0.00,0.00,0.00,4.0,95830.0,95347.0,0.0,0.0,0.5,0.0,64.227,0.000,0.0,666057.0
2026-09-01T04:11:16,0.2,4942,1547350,1531166,0.3,0.00,0.77,0.00,3.08,0.00,0.00,0.00,4.0,95830.0,95347.0,0.0,0.0,0.5,0.0,64.249,0.000,0.0,677447.0
2026-09-01T04:11:18,0.2,4943,1547350,1531165,0.3,0.00,0.85,0.00,3.40,0.00,0.00,0.00,4.0,95830.0,95347.0,0.0,0.0,0.5,0.0,64.291,0.000,0.0,677447.0
2026-09-01T04:11:18,0.2,4944,1547350,1531164,0.3,0.00,1.65,0.00,6.60,0.00,0.00,0.00,4.0,95830.0,95347.0,0.0,0.0,0.5,0.0,64.276,0.000,0.0,718409.0
2026-09-01T04:11:19,0.2,4944,1547350,1531164,0.3,0.00,0.98,0.00,3.91,0.00,0.00,0.00,4.0,95830.0,95347.0,0.0,0.0,0.5,0.0,64.303,0.000,0.0,718409.0
2026-09-01T04:11:20,0.2,4943,1547350,1531164,0.3,0.00,1.72,0.00,6.86,0.00,0.00,0.00,4.0,95830.0,95347.0,0.0,0.0,0.5,0.0,64.254,0.000,0.0,694482.0
2026-09-01T04:11:21,0.2,4945,1547350,1531163,0.3,0.00,0.63,0.00,2.52,0.00,0.00,0.00,4.0,95830.0,95347.0,0.0,0.0,0.5,0.0,64.269,0.000,0.0,651958.0
2026-09-01T04:11:23,0.2,4946,1547350,1531162,0.3,0.00,0.60,0.00,2.40,0.00,0.00,0.00,4.0,95830.0,95347.0,0.0,0.0,0.5,0.0,64.255,0.000,0.0,651958.0
2026-09-01T04:11:24,0.2,4946,1547350,1531162,0.3,0.00,1.29,0.00,5.15,0.00,0.00,0.00,4.0,95830.0,95347.0,0.0,0.0,0.5,0.0,64.288,0.000,0.0,692330.5
2026-09-01T04:11:25,0.2,4947,1547350,1531161,0.3,0.00,0.82,0.00,3.30,0.00,1.00,0.00,4.0,95830.0,95347.0,0.0,0.0,0.5,0.0,64.278,0.000,0.0,692330.5
2026-09-01T04:11:26,0.2,4948,1547350,1531160,0.3,0.00,1.99,0.00,23.43,0.00,0.00,0.00,4.0,95830.0,95347.0,0.0,0.0,0.5,0.0,64.287,0.000,0.0,674884.0
2026-09-01T04:11:28,0.2,4948,1547350,1531160,0.3,0.00,0.55,0.00,2.21,0.00,0.00,0.00,4.0,95830.0,95347.0,0.0,0.0,0.5,0.0,64.249,0.000,0.0,671021.5
2026-09-01T04:11:29,0.2,4949,1547350,1531159,0.3,0.00,0.62,0.00,2.47,0.00,0.00,0.00,4.0,95830.0,95347.0,0.0,0.0,0.5,0.0,64.250,0.000,0.0,648931.0
2026-09-01T04:11:31,0.2,4949,1547350,1531158,0.3,0.00,3.35,0.00,15.65,0.00,0.00,0.00,4.0,95830.0,95347.0,0.0,0.0,0.5,0.0,64.256,0.000,0.0,647326.0
2026-09-01T04:11:33,0.2,4950,1547350,1531158,0.3,0.00,0.49,0.00,1.96,0.00,0.00,0.00,4.0,95830.0,95347.0,0.0,0.0,0.5,0.0,64.265,0.000,0.0,692609.0
2026-09-01T04:11:34,0.2,4950,1547350,1531157,0.3,0.00,1.03,0.00,4.12,0.00,0.00,0.00,4.0,95830.0,95347.0,0.0,0.0,0.5,0.0,64.248,0.000,0.0,661257.5
2026-09-01T04:11:35,0.2,4950,1547350,1531158,0.3,0.00,0.78,0.00,3.12,0.00,0.00,0.00,4.0,95830.0,95347.0,0.0,0.0,0.5,0.0,64.231,0.000,0.0,653206.0
2026-09-01T04:11:37,0.2,4951,1547350,1531157,0.3,0.00,1.00,0.00,4.00,0.00,0.00,0.05,4.0,95830.0,95347.0,0.0,0.0,0.5,0.0,64.290,0.000,0.0,663401.5
2026-09-01T04:11:39,0.2,4952,1547350,1531156,0.3,0.00,0.64,0.00,2.55,0.00,0.00,0.00,4.0,95830.0,95347.0,0.0,0.0,0.5,0.0,64.269,0.000,0.0,658100.5
2026-09-01T04:11:41,0.2,4952,1547350,1531156,0.3,0.00,0.50,0.00,1.98,0.00,0.00,0.00,4.0,95830.0,95347.0,0.0,0.0,0.5,0.0,64.270,0.000,0.0,637395.5
2026-09-01T04:11:43,0.2,4953,1547350,1531155,0.3,0.00,0.98,0.00,3.92,0.00,0.50,0.00,4.0,95830.0,95347.0,0.0,0.0,0.5,0.0,64.270,0.000,0.0,664118.5
2026-09-01T04:11:45,0.2,4953,1547350,1531154,0.3,0.00,0.50,0.00,1.98,0.00,0.00,0.00,4.0,95830.0,95347.0,0.0,0.0,0.5,0.0,64.296,0.000,0.0,663488.5
2026-09-01T04:11:46,0.2,4953,1547350,1531155,0.3,0.00,1.01,0.00,4.03,0.00,0.00,0.00,4.0,95830.0,95347.0,0.0,0.0,0.5,0.0,64.281,0.000,0.0,648397.0
2026-09-01T04:11:48,0.2,4953,1547350,1531155,0.3,0.00,0.92,0.00,3.69,0.00,0.00,0.00,4.0,95830.0,95347.0,0.0,0.0,0.5,0.0,64.288,0.000,0.0,644801.5
2026-09-01T04:11:50,0.2,4953,1547350,1531155,0.3,0.00,0.48,0.00,1.94,0.00,0.00,0.00,4.0,95830.0,95347.0,0.0,0.0,0.5,0.0,64.297,0.000,0.0,648009.0
2026-09-01T04:11:52,0.2,4953,1547350,1531155,0.3,0.00,0.48,0.00,1.92,0.00,0.00,0.00,4.0,95830.0,95347.0,0.0,0.0,0.5,0.0,64.303,0.000,0.0,644708.0
2026-09-01T04:11:54,0.2,4954,1547350,1531154,0.3,0.00,0.51,0.00,2.05,0.00,0.00,0.00,4.0,95830.0,95347.0,0.0,0.0,0.5,0.0,64.281,0.000,0.0,646456.5
2026-09-01T04:11:56,0.2,4954,1547350,1531154,0.3,0.00,3.99,0.00,31.67,0.00,0.00,0.00,4.0,95830.0,95347.0,0.0,0.0,0.5,0.0,64.302,0.000,0.0,645324.5
2026-09-01T04:11:58,0.2,4954,1547350,1531153,0.3,0.00,0.50,0.00,1.99,0.00,0.00,0.00,4.0,95830.0,95347.0,0.0,0.0,0.5,0.0,64.314,0.000,0.0,645809.0
2026-09-01T04:12:00,0.2,4959,1547350,1531149,0.3,0.00,0.55,0.00,2.21,0.00,0.00,0.00,4.0,95830.0,95347.0,0.0,0.0,0.5,0.0,64.314,0.000,0.0,660537.0
2026-09-01T04:12:02,0.3,4959,1547350,1531149,0.3,0.00,0.58,0.00,2.32,0.00,0.00,0.00,4.0,95830.0,95347.0,0.0,0.0,0.5,0.0,64.279,0.000,0.0,716738.5
2026-09-01T04:12:04,0.2,4959,1547350,1531149,0.3,0.00,0.60,0.00,2.39,0.00,1.00,0.00,4.0,95830.0,95347.0,0.0,0.0,0.5,0.0,64.325,0.000,0.0,661384.0
2026-09-01T04:12:05,0.2,4959,1547350,1531148,0.3,0.00,0.60,0.00,2.38,0.00,0.00,0.00,4.0,95830.0,95347.0,0.0,0.0,0.5,0.0,64.303,0.000,0.0,659991.0
2026-09-01T04:12:07,0.2,4959,1547350,1531148,0.3,0.00,0.60,0.00,2.38,0.00,0.00,0.00,4.0,95830.0,95347.0,0.0,0.0,0.5,0.0,64.306,0.000,0.0,659547.0
2026-09-01T04:12:08,0.2,4960,1547350,1531147,0.3,0.00,0.66,0.00,2.65,0.00,0.00,0.00,4.0,95830.0,95347.0,0.0,0.0,0.5,0.0,64.333,0.000,0.0,643339.0
2026-09-01T04:12:10,0.2,4960,1547350,1531148,0.3,0.00,0.77,0.00,3.06,0.00,0.00,0.00,4.0,95830.0,95347.0,0.0,0.0,0.5,0.0,64.314,0.000,0.0,688484.5
2026-09-01T04:12:11,0.2,4959,1547350,1531149,0.3,0.00,0.62,0.00,2.46,0.00,0.00,0.00,4.0,95830.0,95347.0,0.0,0.0,0.5,0.0,64.302,0.000,0.0,664359.5
2026-09-01T04:12:13,0.2,4960,1547350,1531148,0.3,0.00,0.56,0.00,2.23,0.00,0.00,0.00,4.0,95830.0,95347.0,0.0,0.0,0.5,0.0,64.335,0.000,0.0,670533.0
2026-09-01T04:12:15,0.2,4960,1547350,1531148,0.3,0.00,0.70,0.00,2.82,0.00,0.00,0.00,4.0,95830.0,95347.0,0.0,0.0,0.5,0.0,64.312,0.000,0.0,670533.0
2026-09-01T04:12:16,0.2,4960,1547350,1531148,0.3,0.00,1.00,0.00,4.00,0.00,0.00,0.00,4.0,95830.0,95347.0,0.0,0.0,0.5,0.0,64.328,0.000,0.0,679522.0
2026-09-01T04:12:17,0.2,4960,1547350,1531148,0.3,0.00,0.70,0.00,2.81,0.00,0.00,0.00,4.0,95830.0,95347.0,0.0,0.0,0.5,0.0,64.304,0.000,0.0,660169.0
2026-09-01T04:12:19,0.2,4960,1547350,1531148,0.3,0.00,1.12,0.00,6.74,0.00,0.00,0.00,4.0,95830.0,95347.0,0.0,0.0,0.5,0.0,64.282,0.000,0.0,686935.0
2026-09-01T04:12:20,0.3,4961,1547350,1531147,0.3,0.00,0.97,0.00,3.86,0.00,0.00,0.00,4.0,95830.0,95347.0,0.0,0.0,0.5,0.0,64.331,0.000,0.0,665330.0
2026-09-01T04:12:21,0.2,4961,1547350,1531147,0.3,0.00,0.62,0.00,2.47,0.00,0.00,0.06,4.0,95830.0,95347.0,0.0,0.0,0.5,0.0,64.308,0.000,0.0,691889.0
2026-09-01T04:12:22,0.2,4960,1547350,1531148,0.3,0.00,1.22,0.00,4.88,0.00,0.00,0.00,4.0,95830.0,95347.0,0.0,0.0,0.5,0.0,64.303,0.000,0.0,656029.5
2026-09-01T04:12:24,0.2,4959,1547350,1531148,0.3,0.00,0.51,0.00,2.02,0.00,0.00,0.00,4.0,95830.0,95347.0,0.0,0.0,0.5,0.0,64.317,0.000,0.0,651331.5
2026-09-01T04:12:26,0.2,4960,1547350,1531148,0.3,0.00,1.66,0.00,13.80,0.00,0.00,0.00,4.0,95830.0,95347.0,0.0,0.0,0.5,0.0,64.340,0.000,0.0,656804.0
2026-09-01T04:12:28,0.2,4960,1547350,1531147,0.3,0.00,0.61,0.00,2.44,0.00,0.00,0.00,4.0,95830.0,95347.0,0.0,0.0,0.5,0.0,64.308,0.000,0.0,652813.0
2026-09-01T04:12:30,0.2,4964,1547350,1531144,0.3,0.00,0.51,0.00,2.03,0.00,0.00,0.00,4.0,95830.0,95347.0,0.0,0.0,0.5,0.0,64.302,0.000,0.0,649372.0
2026-09-01T04:12:32,0.3,4965,1547350,1531143,0.3,0.00,0.52,0.00,2.06,0.00,0.00,0.00,4.0,95830.0,95347.0,0.0,0.0,0.5,0.0,64.326,0.000,0.0,657854.5
2026-09-01T04:12:33,0.2,4966,1547350,1531142,0.3,0.00,3.45,0.00,13.79,0.00,0.17,0.00,4.0,95830.0,95347.0,0.0,0.0,0.5,0.0,64.334,0.000,0.0,652907.0
2026-09-01T04:12:35,0.2,4967,1547350,1531141,0.3,0.00,0.72,0.00,2.88,0.00,0.00,0.00,4.0,95830.0,95347.0,0.0,0.0,0.5,0.0,64.312,0.000,0.0,657971.0
2026-09-01T04:12:37,0.2,4968,1547350,1531140,0.3,0.00,0.55,0.00,2.21,0.00,0.00,0.00,4.0,95830.0,95347.0,0.0,0.0,0.5,0.0,64.330,0.000,0.0,653090.5
2026-09-01T04:12:39,0.2,4967,1547350,1531141,0.3,0.00,1.03,0.00,4.14,0.00,0.00,0.00,4.0,95830.0,95347.0,0.0,0.0,0.5,0.0,64.328,0.000,0.0,689908.0
2026-09-01T04:12:40,0.2,4968,1547350,1531140,0.3,0.00,0.54,0.00,2.17,0.00,0.00,0.00,4.0,95830.0,95347.0,0.0,0.0,0.5,0.0,64.320,0.000,0.0,689908.0
2026-09-01T04:12:41,0.2,4969,1547350,1531139,0.3,0.00,1.20,0.00,4.80,0.00,0.00,0.00,4.0,95830.0,95347.0,0.0,0.0,0.5,0.0,64.331,0.000,0.0,704534.5
2026-09-01T04:12:42,0.2,4969,1547350,1531139,0.3,0.00,0.99,0.00,3.94,0.00,0.00,0.00,4.0,95830.0,95347.0,0.0,0.0,0.5,0.0,64.319,0.000,0.0,677019.5
2026-09-01T04:12:44,0.2,4969,1547350,1531139,0.3,0.00,1.41,0.00,5.63,0.00,0.00,0.00,4.0,95830.0,95347.0,0.0,0.0,0.5,0.0,64.305,0.000,0.0,639224.5
2026-09-01T04:12:45,0.2,4970,1547350,1531138,0.3,0.00,0.56,0.00,2.24,0.00,0.00,0.00,4.0,95830.0,95347.0,0.0,0.0,0.5,0.0,64.302,0.000,0.0,656465.0
2026-09-01T04:12:47,0.2,4970,1547350,1531138,0.3,0.00,0.49,0.00,1.97,0.00,0.00,0.00,4.0,95830.0,95347.0,0.0,0.0,0.5,0.0,64.347,0.000,0.0,691327.0
2026-09-01T04:12:48,0.2,4971,1547350,1531137,0.3,0.00,0.99,0.00,3.96,0.00,1.00,0.00,4.0,95830.0,95347.0,0.0,0.0,0.5,0.0,64.331,0.000,0.0,652308.0
2026-09-01T04:12:50,0.2,4975,1547350,1531133,0.3,0.00,0.50,0.00,2.02,0.00,0.00,0.00,4.0,95830.0,95347.0,0.0,0.0,0.5,0.0,64.326,0.000,0.0,668706.0
2026-09-01T04:12:52,0.2,4974,1547350,1531134,0.3,0.00,0.94,0.00,3.75,0.00,0.00,0.09,4.0,95830.0,95347.0,0.0,0.0,0.5,0.0,64.323,0.000,0.0,656700.5
2026-09-01T04:12:53,0.2,4975,1547350,1531133,0.3,0.00,1.01,0.00,4.05,0.00,0.00,0.00,4.0,95830.0,95347.0,0.0,0.0,0.5,0.0,64.330,0.000,0.0,640330.0
2026-09-01T04:12:56,0.2,4975,1547350,1531132,0.3,0.00,3.18,0.00,27.05,0.00,0.00,0.00,4.0,95830.0,95347.0,0.0,0.0,0.5,0.0,64.358,0.000,0.0,645565.0
2026-09-01T04:12:58,0.2,4975,1547350,1531133,0.3,0.00,0.48,0.00,1.93,0.00,0.00,0.00,4.0,95830.0,95347.0,0.0,0.0,0.5,0.0,64.316,0.000,0.0,646599.5
2026-09-01T04:13:00,0.2,4975,1547350,1531133,0.3,0.00,0.50,0.00,1.99,0.00,0.00,0.00,4.0,95830.0,95347.0,0.0,0.0,0.5,0.0,64.338,0.000,0.0,645948.5
2026-09-01T04:13:02,0.2,4980,1547350,1531128,0.3,0.00,0.49,0.00,1.96,0.00,0.00,0.00,4.0,95830.0,95347.0,0.0,0.0,0.5,0.0,64.344,0.000,0.0,695130.0
2026-09-01T04:13:03,0.2,4981,1547350,1531127,0.3,0.00,0.67,0.00,2.69,0.00,0.00,0.00,4.0,95830.0,95347.0,0.0,0.0,0.5,0.0,64.301,0.000,0.0,677189.5
2026-09-01T04:13:05,0.2,4980,1547350,1531127,0.3,0.00,0.73,0.00,2.94,0.00,0.00,0.00,4.0,95830.0,95347.0,0.0,0.0,0.5,0.0,64.363,0.000,0.0,666949.5
2026-09-01T04:13:06,0.2,4982,1547350,1531126,0.3,0.00,0.61,0.00,2.44,0.00,0.00,0.00,4.0,95830.0,95347.0,0.0,0.0,0.5,0.0,64.335,0.000,0.0,655554.0
2026-09-01T04:13:08,0.2,4982,1547350,1531126,0.3,0.00,0.65,0.00,2.62,0.00,0.00,0.00,4.0,95830.0,95347.0,0.0,0.0,0.5,0.0,64.322,0.000,0.0,691190.5
2026-09-01T04:13:10,0.2,4983,1547350,1531125,0.3,0.00,1.07,0.00,4.28,0.00,0.50,0.00,4.0,95830.0,95347.0,0.0,0.0,0.5,0.0,64.332,0.000,0.0,663836.5
2026-09-01T04:13:11,0.2,4981,1547350,1531127,0.3,0.00,0.80,0.00,3.20,0.00,0.00,0.00,4.0,95830.0,95347.0,0.0,0.0,0.5,0.0,64.349,0.000,0.0,663836.5
2026-09-01T04:13:12,0.2,4982,1547350,1531126,0.3,0.00,1.03,0.00,4.10,0.00,0.00,0.00,4.0,95830.0,95347.0,0.0,0.0,0.5,0.0,64.335,0.000,0.0,681166.5
2026-09-01T04:13:13,0.2,4983,1547350,1531125,0.3,0.00,0.70,0.00,2.79,0.00,0.00,0.00,4.0,95830.0,95347.0,0.0,0.0,0.5,0.0,64.356,0.000,0.0,681166.5
2026-09-01T04:13:14,0.2,4984,1547350,1531124,0.3,0.00,0.99,0.00,3.96,0.00,0.00,0.00,4.0,95830.0,95347.0,0.0,0.0,0.5,0.0,64.335,0.000,0.0,681232.0
2026-09-01T04:13:16,0.2,4984,1547350,1531124,0.3,0.00,0.65,0.00,2.59,0.00,0.00,0.06,4.0,95830.0,95347.0,0.0,0.0,0.5,0.0,64.343,0.000,0.0,657684.5
2026-09-01T04:13:18,0.2,4985,1547350,1531123,0.3,0.00,0.61,0.00,2.42,0.00,0.00,0.06,4.0,95830.0,95347.0,0.0,0.0,0.5,0.0,64.328,0.000,0.0,658512.0
2026-09-01T04:13:19,0.2,4986,1547350,1531122,0.3,0.00,0.64,0.00,2.56,0.00,0.00,0.00,4.0,95830.0,95347.0,0.0,0.0,0.5,0.0,64.353,0.000,0.0,666818.0
2026-09-01T04:13:21,0.2,4986,1547350,1531122,0.3,0.00,0.69,0.00,2.77,0.00,0.00,0.00,4.0,95830.0,95347.0,0.0,0.0,0.5,0.0,64.316,0.000,0.0,660164.5
2026-09-01T04:13:22,0.2,4986,1547350,1531122,0.3,0.00,0.62,0.00,2.48,0.00,0.00,0.06,4.0,95830.0,95347.0,0.0,0.0,0.5,0.0,64.340,0.000,0.0,660164.5
2026-09-01T04:13:23,0.3,4987,1547350,1531121,0.3,0.00,2.23,0.00,8.91,0.00,0.00,0.00,4.0,95830.0,95347.0,0.0,0.0,0.5,0.0,64.349,0.000,0.0,691595.0
2026-09-01T04:13:24,0.2,4988,1547350,1531120,0.3,0.00,0.64,0.00,2.55,0.00,0.00,0.00,4.0,95830.0,95347.0,0.0,0.0,0.5,0.0,64.326,0.000,0.0,657837.0
2026-09-01T04:13:26,0.2,4989,1547350,1531119,0.3,0.00,1.13,0.00,6.77,0.00,0.00,0.00,4.0,95830.0,95347.0,0.0,0.0,0.5,0.0,64.357,0.000,0.0,725134.0
2026-09-01T04:13:27,0.2,4990,1547350,1531118,0.3,0.00,2.29,0.00,24.03,0.00,0.00,0.00,4.0,95830.0,95347.0,0.0,0.0,0.5,0.0,64.348,0.000,0.0,677309.5
2026-09-01T04:13:29,0.2,4990,1547350,1531118,0.3,0.00,0.55,0.00,2.20,0.00,0.00,0.00,4.0,95830.0,95347.0,0.0,0.0,0.5,0.0,64.350,0.000,0.0,649583.5
2026-09-01T04:13:31,0.2,4993,1547350,1531115,0.3,0.00,0.50,0.00,2.01,0.00,0.00,0.00,4.0,95830.0,95347.0,0.0,0.0,0.5,0.0,64.344,0.000,0.0,651379.5
2026-09-01T04:13:32,0.2,4994,1547350,1531114,0.3,0.00,0.54,0.00,2.16,0.00,1.00,0.00,4.0,95830.0,95347.0,0.0,0.0,0.5,0.0,64.326,0.000,0.0,659378.5
2026-09-01T04:13:34,0.2,5001,1547350,1531107,0.3,0.00,0.62,0.00,2.49,0.00,0.00,0.00,4.0,95830.0,95347.0,0.0,0.0,0.5,0.0,64.352,0.000,0.0,636937.0
2026-09-01T04:13:36,0.2,5001,1547350,1531107,0.3,0.00,3.49,0.00,16.31,0.00,0.00,0.06,4.0,95830.0,95347.0,0.0,0.0,0.5,0.0,64.353,0.000,0.0,693166.0
2026-09-01T04:13:38,0.2,5001,1547350,1531107,0.3,0.00,0.53,0.00,2.11,0.00,0.00,0.00,4.0,95830.0,95347.0,0.0,0.0,0.5,0.0,64.364,0.000,0.0,676144.0
2026-09-01T04:13:40,0.2,5001,1547350,1531106,0.3,0.00,0.44,0.00,1.76,0.00,0.00,0.00,4.0,95830.0,95347.0,0.0,0.0,0.5,0.0,64.334,0.000,0.0,642488.5
2026-09-01T04:13:42,0.2,5002,1547350,1531106,0.3,0.00,0.57,0.00,2.26,0.00,0.00,0.00,4.0,95830.0,95347.0,0.0,0.0,0.5,0.0,64.334,0.000,0.0,651742.5
2026-09-01T04:13:44,0.2,5002,1547350,1531105,0.3,0.00,0.56,0.00,2.24,0.00,0.00,0.00,4.0,95830.0,95347.0,0.0,0.0,0.5,0.0,64.321,0.000,0.0,648718.0
2026-09-01T04:13:46,0.2,5002,1547350,1531105,0.3,0.00,1.47,0.00,5.87,0.00,0.00,0.00,4.0,95830.0,95347.0,0.0,0.0,0.5,0.0,64.365,0.000,0.0,647916.0
2026-09-01T04:13:48,0.2,5002,1547350,1531106,0.3,0.00,0.50,0.00,2.00,0.00,1.00,0.00,4.0,95830.0,95347.0,0.0,0.0,0.5,0.0,64.354,0.000,0.0,652162.0
2026-09-01T04:13:49,0.2,5002,1547350,1531106,0.3,0.00,1.00,0.00,3.99,0.00,0.00,0.00,4.0,95830.0,95347.0,0.0,0.0,0.5,0.0,64.342,0.000,0.0,662404.5
2026-09-01T04:13:51,0.2,5003,1547350,1531105,0.3,0.00,0.45,0.00,1.80,0.00,0.00,0.00,4.0,95830.0,95347.0,0.0,0.0,0.5,0.0,64.319,0.000,0.0,654795.0
2026-09-01T04:13:53,0.2,5003,1547350,1531105,0.3,0.00,0.56,0.00,2.24,0.00,0.00,0.00,4.0,95830.0,95347.0,0.0,0.0,0.5,0.0,64.368,0.000,0.0,654795.0
2026-09-01T04:13:54,0.2,5004,1547350,1531104,0.3,0.00,1.00,0.00,4.00,0.00,0.00,0.00,4.0,95830.0,95347.0,0.0,0.0,0.5,0.0,64.355,0.000,0.0,663065.5
2026-09-01T04:13:55,0.2,5005,1547350,1531103,0.3,0.00,1.15,0.00,4.62,0.00,0.00,0.00,4.0,95830.0,95347.0,0.0,0.0,0.5,0.0,64.361,0.000,0.0,651920.0
2026-09-01T04:13:57,0.2,5006,1547350,1531102,0.3,0.00,3.97,0.00,35.47,0.00,0.00,0.06,4.0,95830.0,95347.0,0.0,0.0,0.5,0.0,64.337,0.000,0.0,651920.0
2026-09-01T04:13:58,0.2,5005,1547350,1531103,0.3,0.00,1.03,0.00,4.13,0.00,0.00,0.00,4.0,95830.0,95347.0,0.0,0.0,0.5,0.0,64.371,0.000,0.0,701990.0
2026-09-01T04:13:59,0.2,5005,1547350,1531103,0.3,0.00,1.22,0.00,4.86,0.00,0.00,0.00,4.0,95830.0,95347.0,0.0,0.0,0.5,0.0,64.354,0.000,0.0,654904.0
2026-09-01T04:14:01,0.2,5008,1547350,1531100,0.3,0.00,0.45,0.00,1.78,0.00,0.00,0.00,4.0,95830.0,95347.0,0.0,0.0,0.5,0.0,64.374,0.000,0.0,677450.0
2026-09-01T04:14:02,0.2,5009,1547350,1531099,0.3,0.00,0.80,0.00,3.20,0.00,0.00,0.00,4.0,95830.0,95347.0,0.0,0.0,0.5,0.0,64.351,0.000,0.0,670617.5
2026-09-01T04:14:04,0.2,5010,1547350,1531098,0.3,0.00,0.65,0.00,2.60,0.00,0.00,0.00,4.0,95830.0,95347.0,0.0,0.0,0.5,0.0,64.351,0.000,0.0,671864.0
2026-09-01T04:14:05,0.2,5010,1547350,1531098,0.3,0.00,0.80,0.00,3.20,0.00,0.00,0.00,4.0,95830.0,95347.0,0.0,0.0,0.5,0.0,64.357,0.000,0.0,671864.0
2026-09-01T04:14:06,0.3,5010,1547350,1531098,0.3,0.00,1.25,0.00,4.98,0.00,1.00,0.00,4.0,95830.0,95347.0,0.0,0.0,0.5,0.0,64.367,0.000,0.0,686199.5
2026-09-01T04:14:08,0.2,5009,1547350,1531099,0.3,0.00,0.59,0.00,2.36,0.00,0.00,0.06,4.0,95830.0,95347.0,0.0,0.0,0.5,0.0,64.386,0.000,0.0,656411.5
2026-09-01T04:14:09,0.2,5009,1547350,1531099,0.3,0.00,0.66,0.00,2.62,0.00,0.00,0.00,4.0,95830.0,95347.0,0.0,0.0,0.5,0.0,64.358,0.000,0.0,658169.5
2026-09-01T04:14:11,0.2,5008,1547350,1531100,0.3,0.00,0.61,0.00,2.43,0.00,0.00,0.00,4.0,95830.0,95347.0,0.0,0.0,0.5,0.0,64.361,0.000,0.0,676743.0
2026-09-01T04:14:12,0.2,5008,1547350,1531100,0.3,0.00,0.83,0.00,3.30,0.00,0.00,0.00,4.0,95830.0,95347.0,0.0,0.0,0.5,0.0,64.341,0.000,0.0,680240.5
2026-09-01T04:14:13,0.2,5008,1547350,1531100,0.3,0.00,0.99,0.00,3.95,0.00,0.00,0.00,4.0,95830.0,95347.0,0.0,0.0,0.5,0.0,64.323,0.000,0.0,680240.5
2026-09-01T04:14:13,0.3,5007,1547350,1531100,0.3,0.00,2.79,0.00,11.14,0.00,0.00,0.00,4.0,95830.0,95347.0,0.0,0.0,0.5,0.0,64.350,0.000,0.0,707032.0
2026-09-01T04:14:15,0.2,5008,1547350,1531100,0.3,0.00,0.61,0.00,2.43,0.00,0.00,0.00,4.0,95830.0,95347.0,0.0,0.0,0.5,0.0,64.354,0.000,0.0,656650.0
2026-09-01T04:14:17,0.2,5008,1547350,1531100,0.3,0.00,0.55,0.00,2.18,0.00,0.00,0.00,4.0,95830.0,95347.0,0.0,0.0,0.5,0.0,64.361,0.000,0.0,667765.0
2026-09-01T04:14:18,0.2,5007,1547350,1531101,0.3,0.00,0.83,0.00,3.33,0.00,0.00,0.00,4.0,95830.0,95347.0,0.0,0.0,0.5,0.0,64.317,0.000,0.0,659374.0
2026-09-01T04:14:19,0.2,5007,1547350,1531101,0.3,0.00,0.71,0.00,2.84,0.00,0.00,0.00,4.0,95830.0,95347.0,0.0,0.0,0.5,0.0,64.375,0.000,0.0,659374.0
2026-09-01T04:14:21,0.2,5006,1547350,1531101,0.3,0.00,0.99,0.00,3.96,0.00,0.00,0.00,4.0,95830.0,95347.0,0.0,0.0,0.5,0.0,64.360,0.000,0.0,670803.0
2026-09-01T04:14:22,0.2,5007,1547350,1531101,0.3,0.00,0.55,0.00,2.21,0.00,0.00,0.00,4.0,95830.0,95347.0,0.0,0.0,0.5,0.0,64.351,0.000,0.0,666950.5
2026-09-01T04:14:24,0.2,5007,1547350,1531101,0.3,0.00,0.60,0.00,2.41,0.00,0.00,0.00,4.0,95830.0,95347.0,0.0,0.0,0.5,0.0,64.370,0.000,0.0,662118.5
2026-09-01T04:14:26,0.2,5007,1547350,1531101,0.3,0.00,0.64,0.00,2.55,0.00,0.00,0.06,4.0,95830.0,95347.0,0.0,0.0,0.5,0.0,64.355,0.000,0.0,657028.5
2026-09-01T04:14:27,0.2,5007,1547350,1531100,0.3,0.00,8.04,0.00,39.91,0.00,0.08,0.00,4.0,95830.0,95347.0,0.0,0.0,0.5,0.0,64.353,0.000,0.0,690997.0
2026-09-01T04:14:29,0.2,5007,1547350,1531100,0.3,0.00,0.72,0.00,2.90,0.00,0.00,0.00,4.0,95830.0,95347.0,0.0,0.0,0.5,0.0,64.332,0.000,0.0,663858.0
2026-09-01T04:14:31,0.3,5010,1547350,1531098,0.3,0.00,0.45,0.00,1.78,0.00,0.00,0.00,4.0,95830.0,95347.0,0.0,0.0,0.5,0.0,64.354,0.000,0.0,637850.0
2026-09-01T04:14:33,0.2,5010,1547350,1531098,0.3,0.00,3.30,0.00,15.38,0.00,0.17,0.00,4.0,95830.0,95347.0,0.0,0.0,0.5,0.0,64.363,0.000,0.0,668807.5
2026-09-01T04:14:34,0.2,5010,1547350,1531098,0.3,0.00,0.62,0.00,2.47,0.00,0.00,0.00,4.0,95830.0,95347.0,0.0,0.0,0.5,0.0,64.358,0.000,0.0,651890.5
2026-09-01T04:14:36,0.2,5009,1547350,1531098,0.3,0.00,0.56,0.00,2.25,0.00,0.00,0.00,4.0,95830.0,95347.0,0.0,0.0,0.5,0.0,64.351,0.000,0.0,650430.5
2026-09-01T04:14:38,0.2,5010,1547350,1531098,0.3,0.00,0.49,0.00,1.95,0.00,0.00,0.00,4.0,95830.0,95347.0,0.0,0.0,0.5,0.0,64.363,0.000,0.0,648063.5
2026-09-01T04:14:40,0.2,5010,1547350,1531097,0.3,0.00,0.50,0.00,1.99,0.00,0.00,0.00,4.0,95830.0,95347.0,0.0,0.0,0.5,0.0,64.352,0.000,0.0,643256.0
2026-09-01T04:14:42,0.2,5011,1547350,1531096,0.3,0.00,0.49,0.00,1.97,0.00,0.00,0.00,4.0,95830.0,95347.0,0.0,0.0,0.5,0.0,64.350,0.000,0.0,649208.0
2026-09-01T04:14:44,0.2,5011,1547350,1531096,0.3,0.00,1.67,0.00,6.67,0.00,0.00,0.00,4.0,95830.0,95347.0,0.0,0.0,0.5,0.0,64.338,0.000,0.0,650888.5
2026-09-01T04:14:46,0.2,5011,1547350,1531097,0.3,0.00,0.50,0.00,2.00,0.00,0.00,0.00,4.0,95830.0,95347.0,0.0,0.0,0.5,0.0,64.386,0.000,0.0,642634.0
2026-09-01T04:14:48,0.2,5010,1547350,1531098,0.3,0.00,0.45,0.00,1.81,0.00,0.00,0.00,4.0,95830.0,95347.0,0.0,0.0,0.5,0.0,64.382,0.000,0.0,691351.5
2026-09-01T04:14:49,0.2,5010,1547350,1531097,0.3,0.00,1.28,0.00,5.13,0.00,0.00,0.00,4.0,95830.0,95347.0,0.0,0.0,0.5,0.0,64.380,0.000,0.0,649904.0
2026-09-01T04:14:51,0.2,5011,1547350,1531097,0.3,0.00,0.49,0.00,1.96,0.00,0.00,0.00,4.0,95830.0,95347.0,0.0,0.0,0.5,0.0,64.356,0.000,0.0,647519.0
2026-09-01T04:14:53,0.2,5011,1547350,1531097,0.3,0.00,0.61,0.00,2.43,0.00,1.00,0.00,4.0,95830.0,95347.0,0.0,0.0,0.5,0.0,64.365,0.000,0.0,751335.5
2026-09-01T04:14:54,0.2,5011,1547350,1531097,0.3,0.00,0.63,0.00,2.52,0.00,0.00,0.00,4.0,95830.0,95347.0,0.0,0.0,0.5,0.0,64.343,0.000,0.0,675927.0
2026-09-01T04:14:56,0.2,5011,1547350,1531097,0.3,0.00,0.69,0.00,2.76,0.00,0.00,0.00,4.0,95830.0,95347.0,0.0,0.0,0.5,0.0,64.383,0.000,0.0,642756.5
2026-09-01T04:14:58,0.2,5011,1547350,1531097,0.3,0.00,2.96,0.00,26.63,0.00,0.00,0.00,4.0,95830.0,95347.0,0.0,0.0,0.5,0.0,64.368,0.000,0.0,646614.0
2026-09-01T04:15:00,0.2,5011,1547350,1531096,0.3,0.00,0.50,0.00,2.00,0.00,0.00,0.00,4.0,95830.0,95347.0,0.0,0.0,0.5,0.0,64.353,0.000,0.0,645646.5
2026-09-01T04:15:02,0.2,5017,1547350,1531091,0.3,0.00,0.45,0.00,1.79,0.00,0.00,0.00,4.0,95830.0,95347.0,0.0,0.0,0.5,0.0,64.377,0.000,0.0,659046.0
2026-09-01T04:15:03,0.2,5017,1547350,1531091,0.3,0.00,1.90,0.00,7.60,0.00,0.00,0.00,4.0,95830.0,95347.0,0.0,0.0,0.5,0.0,64.382,0.000,0.0,657540.5
2026-09-01T04:15:05,0.2,5017,1547350,1531090,0.3,0.00,0.57,0.00,2.27,0.00,0.00,0.06,4.0,95830.0,95347.0,0.0,0.0,0.5,0.0,64.349,0.000,0.0,662113.5
2026-09-01T04:15:06,0.2,5017,1547350,1531090,0.3,0.00,0.69,0.00,2.76,0.00,0.00,0.00,4.0,95830.0,95347.0,0.0,0.0,0.5,0.0,64.340,0.000,0.0,661636.5
2026-09-01T04:15:08,0.2,5017,1547350,1531090,0.3,0.00,0.59,0.00,2.37,0.00,0.00,0.00,4.0,95830.0,95347.0,0.0,0.0,0.5,0.0,64.360,0.000,0.0,656481.0
2026-09-01T04:15:10,0.2,5017,1547350,1531090,0.3,0.00,0.67,0.00,2.68,0.00,0.00,0.00,4.0,95830.0,95347.0,0.0,0.0,0.5,0.0,64.353,0.000,0.0,655689.5
2026-09-01T04:15:11,0.2,5017,1547350,1531090,0.3,0.00,0.57,0.00,2.29,0.00,0.00,0.00,4.0,95830.0,95347.0,0.0,0.0,0.5,0.0,64.326,0.000,0.0,688732.0
2026-09-01T04:15:12,0.2,5017,1547350,1531091,0.3,0.00,1.20,0.00,4.80,0.00,0.00,0.00,4.0,95830.0,95347.0,0.0,0.0,0.5,0.0,64.348,0.000,0.0,670420.0
2026-09-01T04:15:14,0.2,5016,1547350,1531091,0.3,0.00,1.33,0.00,5.31,0.00,0.50,0.00,4.0,95830.0,95347.0,0.0,0.0,0.5,0.0,64.364,0.000,0.0,656834.5
2026-09-01T04:15:16,0.2,5016,1547350,1531092,0.3,0.00,0.55,0.00,2.19,0.00,0.00,0.00,4.0,95830.0,95347.0,0.0,0.0,0.5,0.0,64.354,0.000,0.0,652732.0
2026-09-01T04:15:17,0.2,5017,1547350,1531091,0.3,0.00,0.55,0.00,2.20,0.00,0.00,0.00,4.0,95830.0,95347.0,0.0,0.0,0.5,0.0,64.336,0.000,0.0,663929.0
2026-09-01T04:15:19,0.2,5016,1547350,1531092,0.3,0.00,0.81,0.00,3.24,0.00,0.00,0.08,4.0,95830.0,95347.0,0.0,0.0,0.5,0.0,64.319,0.000,0.0,690510.0
2026-09-01T04:15:20,0.2,5017,1547350,1531091,0.3,0.00,0.95,0.00,3.81,0.00,0.00,0.00,4.0,95830.0,95347.0,0.0,0.0,0.5,0.0,64.368,0.000,0.0,690510.0
2026-09-01T04:15:20,0.2,5017,1547350,1531091,0.3,0.00,1.26,0.00,5.05,0.00,0.00,0.00,4.0,95830.0,95347.0,0.0,0.0,0.5,0.0,64.312,0.000,0.0,671690.0
2026-09-01T04:15:22,0.2,5016,1547350,1531092,0.3,0.00,0.62,0.00,2.46,0.00,0.00,0.00,4.0,95830.0,95347.0,0.0,0.0,0.5,0.0,64.339,0.000,0.0,656648.0
2026-09-01T04:15:24,0.2,5016,1547350,1531092,0.3,0.00,0.64,0.00,2.57,0.00,0.00,0.00,4.0,95830.0,95347.0,0.0,0.0,0.5,0.0,64.298,0.000,0.0,660901.0
2026-09-01T04:15:25,0.2,5017,1547350,1531091,0.3,0.00,0.61,0.00,2.46,0.00,0.00,0.00,4.0,95830.0,95347.0,0.0,0.0,0.5,0.0,64.331,0.000,0.0,669245.5
2026-09-01T04:15:27,0.2,5016,1547350,1531091,0.3,0.00,3.73,0.00,22.09,0.00,0.00,0.00,4.0,95830.0,95347.0,0.0,0.0,0.5,0.0,64.365,0.000,0.0,666549.5
2026-09-01T04:15:29,0.2,5018,1547350,1531090,0.3,0.00,0.54,0.00,2.16,0.00,0.00,0.00,4.0,95830.0,95347.0,0.0,0.0,0.5,0.0,64.341,0.000,0.0,687830.0
2026-09-01T04:15:30,0.2,5016,1547350,1531092,0.3,0.00,0.96,0.00,3.84,0.00,0.00,0.00,4.0,95830.0,95347.0,0.0,0.0,0.5,0.0,64.340,0.000,0.0,687830.0
2026-09-01T04:15:31,0.2,5017,1547350,1531091,0.3,0.00,1.25,0.00,5.00,0.00,0.00,0.00,4.0,95830.0,95347.0,0.0,0.0,0.5,0.0,64.328,0.000,0.0,678671.0
2026-09-01T04:15:32,0.2,5017,1547350,1531090,0.3,0.00,0.56,0.00,2.26,0.00,0.00,0.00,4.0,95830.0,95347.0,0.0,0.0,0.5,0.0,64.325,0.000,0.0,656491.5
2026-09-01T04:15:34,0.2,5018,1547350,1531090,0.3,0.00,3.86,0.00,17.64,0.00,0.14,0.00,4.0,95830.0,95347.0,0.0,0.0,0.5,0.0,64.316,0.000,0.0,637447.5
2026-09-01T04:15:36,0.2,5018,1547350,1531090,0.3,0.00,0.63,0.00,2.51,0.00,0.00,0.00,4.0,95830.0,95347.0,0.0,0.0,0.5,0.0,64.309,0.000,0.0,667548.5
2026-09-01T04:15:38,0.2,5018,1547350,1531090,0.3,0.00,0.51,0.00,2.05,0.00,0.00,0.00,4.0,95830.0,95347.0,0.0,0.0,0.5,0.0,64.337,0.000,0.0,646700.5
2026-09-01T04:15:40,0.2,5018,1547350,1531090,0.3,0.00,0.53,0.00,2.12,0.00,0.00,0.00,4.0,95830.0,95347.0,0.0,0.0,0.5,0.0,64.288,0.000,0.0,658672.5
2026-09-01T04:15:41,0.2,5020,1547350,1531088,0.3,0.00,0.54,0.00,2.16,0.00,0.00,0.00,4.0,95830.0,95347.0,0.0,0.0,0.5,0.0,64.302,0.000,0.0,646344.5
2026-09-01T04:15:43,0.2,5020,1547350,1531088,0.3,0.00,0.50,0.00,1.99,0.00,0.00,0.00,4.0,95830.0,95347.0,0.0,0.0,0.5,0.0,64.323,0.000,0.0,645999.0
2026-09-01T04:15:45,0.2,5021,1547350,1531087,0.3,0.00,1.00,0.00,3.99,0.00,0.00,0.00,4.0,95830.0,95347.0,0.0,0.0,0.5,0.0,64.315,0.000,0.0,646198.5
2026-09-01T04:15:47,0.2,5021,1547350,1531087,0.3,0.00,0.50,0.00,1.99,0.00,1.00,0.00,4.0,95830.0,95347.0,0.0,0.0,0.5,0.0,64.328,0.000,0.0,646343.5
2026-09-01T04:15:49,0.2,5022,1547350,1531086,0.3,0.00,0.99,0.00,3.97,0.00,0.00,0.00,4.0,95830.0,95347.0,0.0,0.0,0.5,0.0,64.293,0.000,0.0,648067.5
2026-09-01T04:15:51,0.2,5022,1547350,1531086,0.3,0.00,0.50,0.00,1.99,0.00,0.00,0.00,4.0,95830.0,95347.0,0.0,0.0,0.5,0.0,64.311,0.000,0.0,655418.0
2026-09-01T04:15:53,0.2,5022,1547350,1531086,0.3,0.00,0.79,0.00,3.16,0.00,0.00,0.00,4.0,95830.0,95347.0,0.0,0.0,0.5,0.0,64.274,0.000,0.0,651861.5
2026-09-01T04:15:55,0.2,5022,1547350,1531085,0.3,0.00,0.49,0.00,1.94,0.00,0.00,0.00,4.0,95830.0,95347.0,0.0,0.0,0.5,0.0,64.299,0.000,0.0,651861.5
2026-09-01T04:15:55,0.3,5023,1547350,1531085,0.3,0.00,2.05,0.00,8.20,0.00,0.00,0.00,4.0,95830.0,95347.0,0.0,0.0,0.5,0.0,64.289,0.000,0.0,691189.5
2026-09-01T04:15:57,0.2,5023,1547350,1531085,0.3,0.00,0.75,0.00,3.01,0.00,0.00,0.00,4.0,95830.0,95347.0,0.0,0.0,0.5,0.0,64.318,0.000,0.0,646736.5
2026-09-01T04:15:59,0.2,5023,1547350,1531085,0.3,0.00,3.29,0.00,28.90,0.00,0.00,0.00,4.0,95830.0,95347.0,0.0,0.0,0.5,0.0,64.319,0.000,0.0,647658.5
2026-09-01T04:16:01,0.2,5030,1547350,1531078,0.3,0.00,0.55,0.00,2.19,0.00,0.00,0.00,4.0,95830.0,95347.0,0.0,0.0,0.5,0.0,64.316,0.000,0.0,662452.5
2026-09-01T04:16:03,0.3,5085,1547350,1531023,0.3,0.00,0.50,0.00,2.01,0.00,0.00,0.00,4.0,95830.0,95347.0,0.0,0.0,0.5,0.0,64.312,0.000,0.0,1057814.5
2026-09-01T04:16:05,0.3,5116,1547350,1530992,0.3,0.00,0.51,0.00,2.05,0.00,0.00,0.00,4.0,95830.0,95347.0,0.0,0.0,0.5,0.0,64.308,0.000,0.0,1057814.5
2026-09-01T04:16:05,1.0,5147,1547350,1530961,0.3,0.00,3.93,0.00,15.72,0.00,0.50,0.00,4.0,95830.0,95347.0,0.0,0.0,0.5,0.0,64.299,0.000,0.0,685501.5
2026-09-01T04:16:07,1.3,5225,1547350,1530883,0.3,0.00,0.67,0.00,2.67,0.00,0.00,0.00,4.0,95830.0,95347.0,0.0,0.0,0.5,0.0,64.310,0.000,0.0,693412.0
2026-09-01T04:16:07,1.3,5145,1547350,1530963,0.3,0.00,1.05,0.00,4.21,0.00,0.00,0.00,4.0,95830.0,95347.0,0.0,0.0,0.5,0.0,64.297,0.000,0.0,693412.0
2026-09-01T04:16:08,0.2,5145,1547350,1530963,0.3,0.00,1.88,0.00,7.53,0.00,0.00,0.00,4.0,95830.0,95347.0,0.0,0.0,0.5,0.0,64.280,0.000,0.0,782904.5
2026-09-01T04:16:08,0.2,5147,1547350,1530961,0.3,0.00,2.08,0.00,8.33,0.00,0.00,0.00,4.0,95830.0,95347.0,0.0,0.0,0.5,0.0,64.283,0.000,0.0,717781.5
2026-09-01T04:16:09,1.0,5148,1547350,1530960,0.3,0.00,182.09,0.00,2464.57,0.00,0.08,0.10,4.0,95830.0,95347.0,0.0,0.0,0.5,0.0,64.275,0.000,0.0,717781.5
2026-09-01T04:16:10,1.4,5156,1547350,1530952,0.3,0.00,1.65,0.00,6.61,0.00,0.00,0.00,4.0,95830.0,95347.0,0.0,0.0,0.5,0.0,64.288,0.000,0.0,768690.5
2026-09-01T04:16:11,1.1,5162,1547350,1530946,0.3,0.00,1.37,0.00,5.49,0.00,0.00,0.00,4.0,95830.0,95347.0,0.0,0.0,0.5,0.0,64.298,0.000,0.0,665899.0
2026-09-01T04:16:12,1.2,5251,1547350,1530857,0.3,0.00,0.82,0.00,3.28,0.00,0.00,0.00,4.0,95830.0,95347.0,0.0,0.0,0.5,0.0,64.306,0.000,0.0,665899.0
2026-09-01T04:16:13,1.2,5176,1547350,1530932,0.3,0.00,3.23,0.00,12.90,0.00,0.00,0.00,4.0,95830.0,95347.0,0.0,0.0,0.5,0.0,64.273,0.000,0.0,778887.0
2026-09-01T04:16:14,3.0,5168,1547350,1530940,0.3,0.00,892.11,0.00,11150.23,0.00,0.08,0.58,4.0,95830.0,95347.0,0.0,0.0,0.5,0.0,64.292,0.000,0.0,663955.0
2026-09-01T04:16:15,1.2,5229,1547350,1530878,0.3,0.00,0.66,0.00,2.64,0.00,0.00,0.00,4.0,95830.0,95347.0,0.0,0.0,0.5,0.0,64.293,0.000,0.0,663955.0
2026-09-01T04:16:16,1.2,5288,1547350,1530820,0.3,0.00,2.11,0.00,8.42,0.00,0.00,0.00,4.0,95830.0,95347.0,0.0,0.0,0.5,0.0,64.261,0.000,0.0,690701.5
2026-09-01T04:16:17,1.0,5097,1547350,1531010,0.3,0.00,26.69,0.00,758.08,0.00,0.05,0.00,4.0,95830.0,95347.0,0.0,0.0,0.5,0.0,64.251,0.000,0.0,690701.5
2026-09-01T04:16:18,0.4,5098,1547350,1531010,0.3,0.00,1.64,0.00,6.58,0.00,0.00,0.00,4.0,95830.0,95347.0,0.0,0.0,0.5,0.0,64.279,0.000,0.0,773063.0
2026-09-01T04:16:19,0.2,5098,1547350,1531009,0.3,0.00,0.92,0.00,3.69,0.00,0.00,0.00,4.0,95830.0,95347.0,0.0,0.0,0.5,0.0,64.277,0.000,0.0,654799.0
2026-09-01T04:16:20,0.2,5098,1547350,1531009,0.3,0.00,0.77,0.00,3.10,0.00,0.00,0.00,4.0,95830.0,95347.0,0.0,0.0,0.5,0.0,64.233,0.000,0.0,654799.0
2026-09-01T04:16:21,0.2,5099,1547350,1531008,0.3,0.00,1.62,0.00,6.49,0.00,0.00,0.00,4.0,95830.0,95347.0,0.0,0.0,0.5,0.0,64.221,0.000,0.0,718936.5
2026-09-01T04:16:22,0.2,5100,1547350,1531008,0.3,0.00,0.72,0.00,2.87,0.00,0.00,0.00,4.0,95830.0,95347.0,0.0,0.0,0.5,0.0,64.234,0.000,0.0,786190.5
2026-09-01T04:16:24,0.2,5100,1547350,1531008,0.3,0.00,0.54,0.00,2.16,0.00,0.00,0.00,4.0,95830.0,95347.0,0.0,0.0,0.5,0.0,64.227,0.000,0.0,641501.0
2026-09-01T04:16:25,0.2,5101,1547350,1531007,0.3,0.00,0.65,0.00,2.59,0.00,0.00,0.00,4.0,95830.0,95347.0,0.0,0.0,0.5,0.0,64.263,0.000,0.0,677169.0
2026-09-01T04:16:27,0.2,5100,1547350,1531008,0.3,0.00,0.61,0.00,2.45,0.00,0.00,0.00,4.0,95830.0,95347.0,0.0,0.0,0.5,0.0,64.239,0.000,0.0,698411.5
2026-09-01T04:16:29,0.2,5100,1547350,1531008,0.3,0.00,33.39,0.00,386.70,0.00,0.11,0.06,4.0,95830.0,95347.0,0.0,0.0,0.5,0.0,64.245,0.000,0.0,651798.0
2026-09-01T04:16:30,0.2,5100,1547350,1531008,0.3,0.00,0.58,0.00,2.31,0.00,0.00,0.00,4.0,95830.0,95347.0,0.0,0.0,0.5,0.0,64.242,0.000,0.0,675873.0
2026-09-01T04:16:31,0.2,5100,1547350,1531008,0.3,0.00,0.99,0.00,3.96,0.00,0.00,0.00,4.0,95830.0,95347.0,0.0,0.0,0.5,0.0,64.263,0.000,0.0,710991.5
2026-09-01T04:16:33,0.2,5100,1547350,1531008,0.3,0.00,0.79,0.00,3.16,0.00,0.00,0.00,4.0,95830.0,95347.0,0.0,0.0,0.5,0.0,64.205,0.000,0.0,639725.5
2026-09-01T04:16:34,0.2,5099,1547350,1531009,0.3,0.00,0.63,0.00,2.53,0.00,0.00,0.06,4.0,95830.0,95347.0,0.0,0.0,0.5,0.0,64.240,0.000,0.0,639725.5
2026-09-01T04:16:35,0.2,5098,1547350,1531010,0.3,0.00,57.58,0.00,1833.14,0.00,0.14,0.12,4.0,95830.0,95347.0,0.0,0.0,0.5,0.0,64.257,0.000,0.0,720125.5
2026-09-01T04:16:36,0.2,5098,1547350,1531010,0.3,0.00,0.98,0.00,3.94,0.00,0.00,0.00,4.0,95830.0,95347.0,0.0,0.0,0.5,0.0,64.239,0.000,0.0,720125.5
2026-09-01T04:16:37,0.2,5098,1547350,1531010,0.3,0.00,1.30,0.00,5.22,0.00,0.00,0.00,4.0,95830.0,95347.0,0.0,0.0,0.5,0.0,64.233,0.000,0.0,677445.5
2026-09-01T04:16:38,0.2,5098,1547350,1531010,0.3,0.00,0.63,0.00,2.52,0.00,0.00,0.06,4.0,95830.0,95347.0,0.0,0.0,0.5,0.0,64.260,0.000,0.0,666076.0
2026-09-01T04:16:40,0.2,5098,1547350,1531010,0.3,0.00,37.20,0.00,326.04,0.00,0.06,0.05,4.0,95830.0,95347.0,0.0,0.0,0.5,0.0,64.226,0.000,0.0,666704.0
2026-09-01T04:16:42,0.2,5098,1547350,1531010,0.3,0.00,0.62,0.00,2.49,0.00,0.00,0.00,4.0,95830.0,95347.0,0.0,0.0,0.5,0.0,64.244,0.000,0.0,666704.0
2026-09-01T04:16:43,0.2,5098,1547350,1531010,0.3,0.00,1.21,0.00,4.85,0.00,0.00,0.12,4.0,95830.0,95347.0,0.0,0.0,0.5,0.0,64.216,0.000,0.0,701179.0
2026-09-01T04:16:44,0.2,5097,1547350,1531011,0.3,0.00,0.57,0.00,2.29,0.00,0.00,0.00,4.0,95830.0,95347.0,0.0,0.0,0.5,0.0,64.201,0.000,0.0,684642.5
2026-09-01T04:16:46,0.2,5098,1547350,1531010,0.3,0.00,0.61,0.00,2.43,0.00,0.00,0.06,4.0,95830.0,95347.0,0.0,0.0,0.5,0.0,64.195,0.000,0.0,684594.5
2026-09-01T04:16:48,0.2,5098,1547350,1531010,0.3,0.00,0.50,0.00,1.98,0.00,0.00,0.00,4.0,95830.0,95347.0,0.0,0.0,0.5,0.0,64.223,0.000,0.0,676279.5
2026-09-01T04:16:50,0.2,5098,1547350,1531010,0.3,0.00,0.55,0.00,2.19,0.00,0.00,0.00,4.0,95830.0,95347.0,0.0,0.0,0.5,0.0,64.220,0.000,0.0,647400.0
2026-09-01T04:16:52,0.2,5098,1547350,1531009,0.3,0.00,1.64,0.00,6.58,0.00,0.00,0.00,4.0,95830.0,95347.0,0.0,0.0,0.5,0.0,64.212,0.000,0.0,651907.0
2026-09-01T04:16:54,0.2,5098,1547350,1531009,0.3,0.00,0.50,0.00,1.99,0.00,0.00,0.00,4.0,95830.0,95347.0,0.0,0.0,0.5,0.0,64.214,0.000,0.0,651907.0
2026-09-01T04:16:55,0.2,5099,1547350,1531009,0.3,0.00,1.36,0.00,5.46,0.00,0.00,0.00,4.0,95830.0,95347.0,0.0,0.0,0.5,0.0,64.192,0.000,0.0,666442.5
2026-09-01T04:16:56,0.2,5102,1547350,1531005,0.3,0.00,0.53,0.00,2.12,0.00,0.00,0.00,4.0,95830.0,95347.0,0.0,0.0,0.5,0.0,64.203,0.000,0.0,692878.0
2026-09-01T04:16:57,0.2,5102,1547350,1531006,0.3,0.00,1.12,0.00,4.49,0.00,0.00,0.00,4.0,95830.0,95347.0,0.0,0.0,0.5,0.0,64.194,0.000,0.0,692878.0
2026-09-01T04:16:58,0.3,5197,1547350,1530911,0.3,0.00,1.93,0.00,7.74,0.00,1.00,0.00,4.0,95830.0,95347.0,0.0,0.0,0.5,0.0,64.191,0.000,0.0,774635.5
2026-09-01T04:16:58,0.2,5198,1547350,1530909,0.3,0.00,17.43,0.00,174.29,0.00,0.00,0.00,4.0,95830.0,95347.0,0.0,0.0,0.5,0.0,64.188,0.000,0.0,647425.5
2026-09-01T04:17:00,0.2,5199,1547350,1530909,0.3,0.00,0.46,0.00,1.82,0.00,0.00,0.00,4.0,95830.0,95347.0,0.0,0.0,0.5,0.0,64.206,0.000,0.0,647425.5
2026-09-01T04:17:01,0.3,5202,1547350,1530906,0.3,0.00,1.70,0.00,6.81,0.00,0.00,0.00,4.0,95830.0,95347.0,0.0,0.0,0.5,0.0,64.206,0.000,0.0,727290.5
2026-09-01T04:17:02,0.3,5202,1547350,1530906,0.3,0.00,1.30,0.00,5.19,0.00,0.00,0.00,4.0,95830.0,95347.0,0.0,0.0,0.5,0.0,64.192,0.000,0.0,727290.5
2026-09-01T04:17:02,0.3,5201,1547350,1530906,0.3,0.00,2.14,0.00,8.57,0.00,0.00,0.00,4.0,95830.0,95347.0,0.0,0.0,0.5,0.0,64.319,0.000,0.0,736432.0
2026-09-01T04:17:03,0.9,5176,1547350,1530876,0.3,0.00,1.27,0.00,5.06,0.00,0.00,0.00,4.0,95830.0,95347.0,0.0,0.0,0.5,1.5,73.695,0.000,0.0,736432.0
2026-09-01T04:17:04,0.3,5188,1547350,1530655,0.3,0.00,1.28,0.00,5.12,0.00,0.00,0.00,2140.0,95830.0,93212.0,0.0,0.0,0.5,0.0,78.830,0.001,0.0,5548015.5
2026-09-01T04:17:06,0.2,5188,1547350,1530656,0.3,0.00,0.50,0.00,2.01,0.00,0.00,0.00,2140.0,95830.0,93212.0,0.0,0.0,0.5,0.0,79.025,0.000,0.0,712789.5
2026-09-01T04:17:07,0.2,5189,1547350,1530655,0.3,0.00,1.31,0.00,5.22,0.00,0.00,0.00,2140.0,95830.0,93212.0,0.0,0.0,0.5,0.0,79.059,0.000,0.0,673388.0
2026-09-01T04:17:08,0.2,5188,1547350,1530655,0.3,0.00,0.73,0.00,2.91,0.00,0.00,0.00,2140.0,95830.0,93212.0,0.0,0.0,0.5,0.0,79.007,0.000,0.0,677271.0
2026-09-01T04:17:10,0.2,5190,1547350,1530654,0.3,0.00,0.66,0.00,2.62,0.00,0.00,0.00,2140.0,95830.0,93212.0,0.0,0.0,0.5,0.0,79.006,0.000,0.0,669736.5
2026-09-01T04:17:11,0.2,5192,1547350,1530652,0.3,0.00,1.00,0.00,4.02,0.00,1.00,0.00,2140.0,95830.0,93212.0,0.0,0.0,0.5,0.0,79.014,0.000,0.0,669736.5
2026-09-01T04:17:11,0.2,5190,1547350,1530654,0.3,0.00,5.25,0.00,21.02,0.00,0.00,0.00,2140.0,95830.0,93212.0,0.0,0.0,0.5,0.0,79.026,0.000,0.0,712228.0
2026-09-01T04:17:12,0.2,5189,1547350,1530654,0.3,0.00,0.98,0.00,3.92,0.00,0.00,0.00,2140.0,95830.0,93212.0,0.0,0.0,0.5,0.0,79.022,0.000,0.0,712228.0
2026-09-01T04:17:13,0.2,5192,1547350,1530652,0.3,0.00,2.20,0.00,8.79,0.00,0.00,0.00,2140.0,95830.0,93212.0,0.0,0.0,0.5,0.0,79.041,0.000,0.0,705330.0
2026-09-01T04:17:14,1.2,5192,1547350,1530652,0.3,0.00,0.69,0.00,2.74,0.00,0.00,0.00,2140.0,95830.0,93212.0,0.0,0.0,0.5,0.0,79.026,0.000,0.0,705330.0
2026-09-01T04:17:14,1.3,5198,1547350,1530646,0.3,0.00,3.44,0.00,13.75,0.00,0.00,0.00,2140.0,95830.0,93212.0,0.0,0.0,0.5,0.0,79.011,0.000,0.0,708897.0
2026-09-01T04:17:15,1.1,5207,1547350,1530637,0.3,0.00,1.30,0.00,5.21,0.00,0.00,0.00,2140.0,95830.0,93212.0,0.0,0.0,0.5,0.0,79.046,0.000,0.0,708897.0
2026-09-01T04:17:16,0.2,5215,1547350,1530627,0.3,0.00,1.69,0.00,6.75,0.00,0.00,0.00,2358.0,95830.0,92994.0,0.0,0.0,0.5,0.0,78.992,0.000,0.0,2475463.0
2026-09-01T04:17:17,0.2,5216,1547350,1530626,0.3,0.00,0.63,0.00,2.51,0.00,0.00,0.00,2358.0,95830.0,92994.0,0.0,0.0,0.5,0.0,79.044,0.000,0.0,2475463.0
2026-09-01T04:17:18,0.2,5216,1547350,1530626,0.3,0.00,1.65,0.00,6.59,0.00,0.00,0.00,2358.0,95830.0,92994.0,0.0,0.0,0.5,0.0,79.084,0.000,0.0,819471.5
2026-09-01T04:17:18,0.2,5215,1547350,1530626,0.3,0.00,1.80,0.00,7.19,0.00,0.00,0.00,2358.0,95830.0,92994.0,0.0,0.0,0.5,0.0,79.095,0.000,0.0,819471.5
2026-09-01T04:17:19,0.2,5216,1547350,1530626,0.3,0.00,2.17,0.00,8.70,0.00,0.00,0.00,2358.0,95830.0,92994.0,0.0,0.0,0.5,0.0,79.077,0.000,0.0,747613.0
2026-09-01T04:17:20,0.2,5217,1547350,1530625,0.3,0.00,0.73,0.00,2.93,0.00,0.00,0.00,2358.0,95830.0,92994.0,0.0,0.0,0.5,0.0,78.999,0.000,0.0,747613.0
2026-09-01T04:17:21,0.2,5217,1547350,1530625,0.3,0.00,3.25,0.00,12.99,0.00,0.00,0.00,2358.0,95830.0,92994.0,0.0,0.0,0.5,0.0,79.007,0.000,0.0,739806.5
2026-09-01T04:17:21,0.2,5218,1547350,1530623,0.3,0.00,2.14,0.00,8.57,0.00,0.00,0.00,2358.0,95830.0,92994.0,0.0,0.0,0.5,0.0,79.078,0.000,0.0,739806.5
2026-09-01T04:17:21,0.3,5218,1547350,1530624,0.3,0.00,2.39,0.00,9.57,0.00,0.00,0.00,2358.0,95830.0,92994.0,0.0,0.0,0.5,0.0,79.078,0.000,0.0,780232.0
2026-09-01T04:17:22,0.2,5218,1547350,1530624,0.3,0.00,1.18,0.00,4.71,0.00,0.00,0.00,2358.0,95830.0,92994.0,0.0,0.0,0.5,0.0,79.107,0.000,0.0,780232.0
2026-09-01T04:17:23,0.3,5218,1547350,1530624,0.3,0.00,3.37,0.00,13.47,0.00,0.00,0.00,2358.0,95830.0,92994.0,0.0,0.0,0.5,0.0,79.169,0.000,0.0,780232.0
2026-09-01T04:17:23,0.2,5217,1547350,1530625,0.3,0.00,1.79,0.00,7.14,0.00,0.00,0.00,2358.0,95830.0,92994.0,0.0,0.0,0.5,0.0,79.205,0.000,0.0,749280.0
2026-09-01T04:17:24,0.2,5216,1547350,1530626,0.3,0.00,1.15,0.00,4.59,0.00,1.00,0.00,2358.0,95830.0,92994.0,0.0,0.0,0.5,0.0,79.228,0.000,0.0,749280.0
2026-09-01T04:17:24,0.2,5229,1547350,1530613,0.3,0.00,3.27,0.00,13.07,0.00,0.00,0.00,2410.0,95830.0,92942.0,1.0,0.0,0.5,0.0,79.219,0.000,0.0,4406042.0
2026-09-01T04:17:25,0.3,5231,1547350,1530611,0.3,0.00,0.97,0.00,3.88,0.00,0.00,0.00,2410.0,95830.0,92942.0,0.0,0.0,0.5,0.0,79.245,0.000,0.0,659420.0
2026-09-01T04:17:27,0.2,5231,1547350,1530611,0.3,0.00,0.79,0.00,3.14,0.00,0.00,0.00,2410.0,95830.0,92942.0,0.0,0.0,0.5,0.0,79.211,0.000,0.0,671013.5
2026-09-01T04:17:28,0.2,5703,1547350,1530129,0.4,0.00,16.36,0.00,140.30,0.00,0.11,0.00,2474.0,95830.0,92878.0,0.0,0.5,0.5,1.5,81.499,0.004,0.0,884591.0
2026-09-01T04:17:29,0.7,5708,1547350,1530124,0.4,0.00,0.88,0.00,3.50,0.00,0.00,0.00,2474.0,95830.0,92878.0,0.0,0.0,0.5,0.0,81.531,0.004,0.0,884591.0
2026-09-01T04:17:30,0.2,5710,1547350,1530122,0.4,0.00,1.84,0.00,7.35,0.00,0.00,0.00,2656.0,95830.0,92696.0,0.0,0.0,0.5,0.0,79.229,0.001,0.0,713738.5
2026-09-01T04:17:31,0.4,5723,1547350,1530109,0.4,0.00,0.73,0.00,2.92,0.00,0.00,0.00,2656.0,95830.0,92696.0,0.0,0.0,0.5,1.0,79.683,0.001,0.0,713738.5
2026-09-01T04:17:32,0.8,5733,1547350,1530098,0.4,0.00,3.25,0.00,12.99,0.00,0.00,0.00,2656.0,95830.0,92696.0,2.0,0.0,0.5,0.5,80.308,0.001,0.0,713738.5
2026-09-01T04:17:32,0.8,5783,1547350,1530048,0.4,0.00,11.49,0.00,55.17,0.00,0.00,0.00,2656.0,95830.0,92696.0,2.0,0.0,0.5,0.0,80.746,0.002,0.0,11238846.0
2026-09-01T04:17:33,0.6,5953,1547350,1529871,0.4,0.00,1.90,0.00,7.59,0.00,0.00,0.00,3177.0,95830.0,92174.0,0.0,0.0,0.5,0.0,80.109,0.002,0.0,11238846.0
2026-09-01T04:17:33,1.3,6014,1547350,1529809,0.4,0.00,2.13,0.00,8.53,0.00,1.00,0.00,3177.0,95830.0,92174.0,0.0,0.0,0.5,0.0,79.820,0.002,0.0,11238846.0
2026-09-01T04:17:33,0.8,6016,1547350,1529735,0.4,0.00,3.47,0.00,13.89,0.00,0.00,0.00,10311.0,95830.0,85040.0,0.0,0.0,0.5,0.0,79.287,0.001,0.0,41549047.0
2026-09-01T04:17:35,0.2,6102,1547350,1529647,0.4,0.00,0.61,0.00,2.45,0.00,0.00,0.00,10463.0,95830.0,84888.0,0.0,0.0,0.5,0.0,79.249,0.000,0.0,712395.0
2026-09-01T04:17:37,0.3,6152,1547350,1529597,0.4,0.00,0.55,0.00,2.21,0.00,0.00,0.00,10499.0,95830.0,84852.0,0.0,11.0,0.5,37.5,113.495,0.000,0.0,712395.0
2026-09-01T04:17:37,1.3,6153,1547350,1529597,0.4,0.00,3.47,0.00,13.89,0.00,0.00,0.00,10499.0,95830.0,84852.0,0.0,19.5,0.5,50.0,156.298,0.000,0.0,712395.0
2026-09-01T04:17:37,0.6,6154,1547350,1529595,0.4,0.00,3.29,0.00,13.16,0.00,0.00,0.00,10635.0,95830.0,84716.0,45.0,0.0,0.5,0.0,110.569,0.176,0.1,8738525.5
2026-09-01T04:17:38,0.2,6177,1547350,1529572,0.4,0.00,1.00,0.00,3.98,0.00,0.00,0.00,10635.0,95830.0,84716.0,0.0,0.0,0.5,0.0,82.584,0.176,0.1,8738525.5
2026-09-01T04:17:39,0.7,6186,1547350,1529564,0.4,0.00,1.00,0.00,4.01,0.00,0.00,0.00,10635.0,95830.0,84716.0,0.0,0.0,0.5,0.0,90.689,0.023,0.0,4054019.0
2026-09-01T04:17:40,1.3,6191,1547350,1529558,0.4,0.00,3.18,0.00,12.74,0.00,0.00,0.00,10647.0,95830.0,84704.0,0.0,18.5,0.5,50.0,144.201,0.023,0.0,4054019.0
2026-09-01T04:17:40,1.3,6199,1547350,1529550,0.4,0.00,2.43,0.00,9.71,0.00,0.00,0.00,10647.0,95830.0,84704.0,0.0,21.5,0.5,50.0,178.054,0.023,0.0,4054019.0
2026-09-01T04:17:41,0.3,6201,1547350,1529549,0.4,0.00,1.96,0.00,7.86,0.00,0.00,0.00,10649.0,95830.0,84702.0,16.0,0.0,0.5,0.0,123.556,0.242,0.2,14988406.5
2026-09-01T04:17:41,0.9,6203,1547350,1529547,0.4,0.00,1.46,0.00,5.82,0.00,0.00,0.00,10649.0,95830.0,84702.0,16.0,0.5,0.5,3.0,109.596,0.242,0.2,14988406.5
2026-09-01T04:17:42,1.3,6208,1547350,1529542,0.4,0.00,2.09,0.00,8.37,0.00,0.00,0.00,10649.0,95830.0,84702.0,6.0,20.0,0.5,50.0,151.921,0.254,0.2,12635714.0
2026-09-01T04:17:42,1.3,6215,1547350,1529535,0.4,0.00,2.94,0.00,11.76,0.00,0.00,0.00,10649.0,95830.0,84702.0,6.0,0.5,0.5,3.0,174.189,0.254,0.2,12635714.0
2026-09-01T04:17:43,1.3,6218,1547350,1529532,0.4,0.00,6.88,0.00,34.42,0.00,0.00,0.00,10649.0,95830.0,84702.0,6.0,18.0,0.5,50.0,173.630,0.254,0.2,12635714.0
2026-09-01T04:17:43,1.3,6218,1547350,1529532,0.4,0.00,2.50,0.00,10.00,0.00,1.00,0.00,10649.0,95830.0,84702.0,6.0,21.5,0.5,50.0,182.236,0.358,0.3,21837976.5
2026-09-01T04:17:43,1.4,6220,1547350,1529530,0.4,0.00,3.15,0.00,12.62,0.00,0.00,0.00,10649.0,95830.0,84702.0,6.0,8.0,0.5,38.5,202.517,0.358,0.3,21837976.5
2026-09-01T04:17:44,1.4,6220,1547350,1529529,0.4,0.00,2.87,0.00,11.46,0.00,0.00,0.00,10651.0,95830.0,84700.0,77.0,0.5,0.5,2.5,156.595,0.358,0.3,21837976.5
2026-09-01T04:17:44,1.2,6221,1547350,1529528,0.4,0.00,2.87,0.00,11.49,0.00,0.00,0.00,10651.0,95830.0,84700.0,77.0,6.5,0.5,24.0,155.010,0.285,0.2,32587557.5
2026-09-01T04:17:44,1.3,6223,1547350,1529526,0.4,0.00,3.25,0.00,12.99,0.00,0.00,0.00,10651.0,95830.0,84700.0,77.0,21.5,0.5,50.0,175.931,0.285,0.2,32587557.5
2026-09-01T04:17:45,1.3,6231,1547350,1529518,0.4,0.00,3.24,0.00,12.94,0.00,0.00,0.00,10651.0,95830.0,84700.0,100.0,8.0,0.5,38.0,202.339,0.285,0.2,32587557.5
2026-09-01T04:17:45,1.3,6231,1547350,1529519,0.4,0.00,2.45,0.00,9.80,0.00,0.00,0.00,10651.0,95830.0,84700.0,100.0,8.0,0.5,39.0,188.112,0.428,0.3,46468849.0
2026-09-01T04:17:45,1.2,6231,1547350,1529519,0.4,0.00,3.34,0.00,13.38,0.00,0.00,0.00,10651.0,95830.0,84700.0,100.0,6.5,0.5,31.0,141.603,0.428,0.3,46468849.0
2026-09-01T04:17:46,1.2,6232,1547350,1529517,0.4,0.00,1.25,0.00,5.01,0.00,0.00,0.00,10651.0,95830.0,84700.0,80.0,17.5,0.5,50.0,161.003,0.304,0.2,33042575.0
2026-09-01T04:17:47,1.2,6238,1547350,1529512,0.4,0.00,3.24,0.00,12.94,0.00,0.00,0.00,10651.0,95830.0,84700.0,80.0,20.5,0.5,47.5,182.168,0.304,0.2,33042575.0
2026-09-01T04:17:47,1.3,6238,1547350,1529511,0.4,0.00,1.97,0.00,7.87,0.00,0.00,0.00,10653.0,95830.0,84698.0,95.0,0.0,0.5,1.0,165.804,0.304,0.2,33042575.0
2026-09-01T04:17:47,1.3,6240,1547350,1529510,0.4,0.00,33.08,0.00,295.17,0.00,0.15,0.00,10653.0,95830.0,84698.0,95.0,13.5,0.5,45.0,162.972,0.345,0.3,29881256.5
2026-09-01T04:17:48,1.2,6242,1547350,1529508,0.4,0.00,3.24,0.00,12.94,0.00,0.00,0.00,10653.0,95830.0,84698.0,100.0,22.5,0.5,50.0,179.728,0.345,0.3,29881256.5
2026-09-01T04:17:48,1.3,6247,1547350,1529503,0.4,0.00,2.74,0.00,10.96,0.00,0.00,0.00,10653.0,95830.0,84698.0,100.0,8.0,0.5,38.5,198.909,0.345,0.3,29881256.5
2026-09-01T04:17:48,1.9,6248,1547350,1529501,0.4,0.00,3.30,0.00,13.20,0.00,0.00,0.00,10653.0,95830.0,84698.0,22.0,3.5,0.5,13.5,154.113,0.344,0.3,34709538.5
2026-09-01T04:17:49,1.1,6248,1547350,1529501,0.4,0.00,1.37,0.00,5.47,0.00,0.00,0.00,10653.0,95830.0,84698.0,22.0,20.5,0.5,50.0,171.601,0.344,0.3,34709538.5
2026-09-01T04:17:49,1.3,6250,1547350,1529499,0.4,0.00,3.34,0.00,13.38,0.00,0.00,0.00,10653.0,95830.0,84698.0,22.0,23.0,0.5,49.5,188.129,0.344,0.3,34709538.5
2026-09-01T04:17:50,1.3,6251,1547350,1529498,0.4,0.00,3.33,0.00,13.33,0.00,0.00,0.00,10653.0,95830.0,84698.0,75.0,8.5,0.5,40.0,194.298,0.440,0.3,43287787.0
2026-09-01T04:17:50,1.3,6251,1547350,1529498,0.4,0.00,2.48,0.00,9.90,0.00,0.00,0.00,10653.0,95830.0,84698.0,75.0,8.5,0.5,39.5,175.898,0.440,0.3,43287787.0
2026-09-01T04:17:50,1.3,6253,1547350,1529497,0.4,0.00,3.19,0.00,12.78,0.00,0.00,0.00,10653.0,95830.0,84698.0,75.0,8.0,0.5,38.5,170.002,0.440,0.3,43287787.0
2026-09-01T04:17:51,1.3,6253,1547350,1529497,0.4,0.00,1.69,0.00,6.77,0.00,0.00,0.00,10653.0,95830.0,84698.0,77.0,8.0,0.5,39.0,168.695,0.386,0.2,64220915.5
2026-09-01T04:17:51,1.2,6253,1547350,1529497,0.4,0.00,3.33,0.00,13.33,0.00,0.00,0.00,10653.0,95830.0,84698.0,77.0,8.5,0.5,39.5,170.715,0.386,0.2,64220915.5
2026-09-01T04:17:52,1.3,6252,1547350,1529497,0.4,0.00,3.24,0.00,12.94,0.00,0.00,0.00,10653.0,95830.0,84698.0,65.0,2.5,0.5,10.0,148.009,0.251,0.2,34023650.0
2026-09-01T04:17:52,1.2,6253,1547350,1529497,0.4,0.00,1.43,0.00,5.72,0.00,0.00,0.00,10653.0,95830.0,84698.0,65.0,20.5,0.5,50.0,165.043,0.251,0.2,34023650.0
2026-09-01T04:17:53,1.3,6253,1547350,1529497,0.4,0.00,6.67,0.00,26.67,0.00,0.00,0.33,10653.0,95830.0,84698.0,100.0,23.0,0.5,50.0,183.860,0.251,0.2,34023650.0
2026-09-01T04:17:53,1.4,6252,1547350,1529497,0.4,0.00,2.45,0.00,9.80,0.00,0.00,0.25,10653.0,95830.0,84698.0,100.0,8.5,0.5,39.5,198.425,0.251,0.2,34023650.0
2026-09-01T04:17:53,1.3,6254,1547350,1529496,0.4,0.00,3.53,0.00,14.13,0.00,0.00,0.00,10653.0,95830.0,84698.0,100.0,8.5,0.5,41.5,184.750,0.438,0.3,48941555.5
2026-09-01T04:17:54,1.3,6253,1547350,1529496,0.4,0.00,3.27,0.00,13.07,0.00,0.00,0.00,10653.0,95830.0,84698.0,82.0,8.5,0.5,41.0,173.131,0.438,0.3,48941555.5
2026-09-01T04:17:54,1.4,6254,1547350,1529495,0.4,0.00,2.48,0.00,9.93,0.00,0.00,0.00,10653.0,95830.0,84698.0,82.0,8.5,0.5,41.0,175.076,0.438,0.3,48941555.5
2026-09-01T04:17:54,1.2,6254,1547350,1529496,0.4,0.00,3.16,0.00,12.66,0.00,0.00,0.00,10653.0,95830.0,84698.0,82.0,8.5,0.5,41.0,173.955,0.405,0.3,67499581.5
2026-09-01T04:17:55,1.0,6252,1547350,1529497,0.4,0.00,2.99,0.00,11.98,0.00,1.00,0.00,10653.0,95830.0,84698.0,52.0,0.0,0.5,0.0,136.632,0.405,0.3,67499581.5
2026-09-01T04:17:55,1.3,6253,1547350,1529497,0.4,0.00,2.18,0.00,8.73,0.00,0.00,0.00,10653.0,95830.0,84698.0,52.0,16.5,0.5,50.0,145.582,0.405,0.3,67499581.5
2026-09-01T04:17:56,1.3,6253,1547350,1529497,0.4,0.00,3.02,0.00,12.08,0.00,0.00,0.00,10653.0,95830.0,84698.0,52.0,20.5,0.5,50.0,174.419,0.286,0.2,19158566.5
2026-09-01T04:17:56,1.5,6260,1547350,1529489,0.4,0.00,2.85,0.00,11.40,0.00,0.00,0.00,10653.0,95830.0,84698.0,100.0,6.5,0.5,24.5,181.022,0.286,0.2,19158566.5
2026-09-01T04:17:56,1.3,6261,1547350,1529488,0.4,0.00,2.85,0.00,11.40,0.00,0.00,0.00,10653.0,95830.0,84698.0,100.0,15.5,0.5,50.0,181.162,0.286,0.2,19158566.5
2026-09-01T04:17:57,1.3,6261,1547350,1529489,0.4,0.00,3.15,0.00,12.62,0.00,0.00,0.00,10653.0,95830.0,84698.0,100.0,20.0,0.5,50.0,182.906,0.362,0.3,20548805.0
2026-09-01T04:17:57,1.4,6262,1547350,1529488,0.4,0.00,3.26,0.00,13.03,0.00,0.00,0.00,10653.0,95830.0,84698.0,100.0,12.0,0.5,42.5,206.138,0.362,0.3,20548805.0
2026-09-01T04:17:57,2.1,6262,1547350,1529488,0.4,0.00,2.85,0.00,11.40,0.00,0.00,0.00,10653.0,95830.0,84698.0,100.0,0.5,0.5,2.5,160.343,0.362,0.3,20548805.0
2026-09-01T04:17:58,0.9,6262,1547350,1529487,0.4,0.00,2.00,0.00,8.02,0.00,0.00,0.00,10653.0,95830.0,84698.0,5.0,8.5,0.5,31.5,160.392,0.314,0.2,37219559.5
2026-09-01T04:17:58,1.3,6264,1547350,1529486,0.4,0.00,2.45,0.00,9.80,0.00,0.00,0.00,10653.0,95830.0,84698.0,5.0,21.5,0.5,50.0,180.294,0.314,0.2,37219559.5
2026-09-01T04:17:58,1.3,6264,1547350,1529485,0.4,0.00,3.12,0.00,12.46,0.00,0.00,0.00,10653.0,95830.0,84698.0,5.0,8.5,0.5,41.0,206.577,0.314,0.2,37219559.5
2026-09-01T04:17:59,1.4,6264,1547350,1529485,0.4,0.00,13.89,0.00,281.25,0.00,0.00,0.00,10653.0,95830.0,84698.0,82.0,1.0,0.5,4.5,153.233,0.357,0.3,36025594.0
2026-09-01T04:17:59,1.2,6265,1547350,1529484,0.4,0.00,1.40,0.00,5.61,0.00,0.00,0.00,10653.0,95830.0,84698.0,82.0,20.0,0.5,50.0,168.787,0.357,0.3,36025594.0
2026-09-01T04:18:00,1.3,6269,1547350,1529480,0.4,0.00,3.30,0.00,13.20,0.00,0.00,0.00,10653.0,95830.0,84698.0,100.0,4.5,0.5,18.0,163.951,0.349,0.3,30160682.5
2026-09-01T04:18:01,1.4,6271,1547350,1529479,0.4,0.00,0.87,0.00,3.48,0.00,0.00,0.00,10653.0,95830.0,84698.0,36.0,21.0,0.5,50.0,180.066,0.349,0.3,30160682.5
2026-09-01T04:18:01,1.6,6285,1547350,1529465,0.4,0.00,2.89,0.00,11.56,0.00,0.00,0.00,10653.0,95830.0,84698.0,36.0,8.5,0.5,41.0,200.476,0.349,0.3,30160682.5
2026-09-01T04:18:02,1.7,6282,1547350,1529467,0.4,0.00,3.37,0.00,13.47,0.00,0.00,0.00,10653.0,95830.0,84698.0,80.0,16.0,0.5,50.0,164.856,0.370,0.3,31474392.5
2026-09-01T04:18:02,1.3,6291,1547350,1529459,0.4,0.00,1.15,0.00,4.61,0.00,1.00,0.00,10653.0,95830.0,84698.0,80.0,23.0,0.5,50.0,184.108,0.370,0.3,31474392.5
2026-09-01T04:18:03,1.3,6292,1547350,1529457,0.4,0.00,3.32,0.00,13.29,0.00,0.00,0.00,10655.0,95830.0,84696.0,100.0,10.0,0.5,38.0,205.536,0.370,0.3,31474392.5
2026-09-01T04:18:03,0.9,6292,1547350,1529457,0.4,0.00,1.50,0.00,6.01,0.00,0.00,0.00,10655.0,95830.0,84696.0,100.0,0.0,0.5,0.0,128.954,0.266,0.2,28523057.0
2026-09-01T04:18:04,1.3,6293,1547350,1529456,0.4,0.00,3.17,0.00,12.70,0.00,0.00,0.00,10655.0,95830.0,84696.0,0.0,12.0,0.5,41.0,140.740,0.266,0.2,28523057.0
2026-09-01T04:18:04,1.3,6301,1547350,1529449,0.4,0.00,2.18,0.00,8.73,0.00,0.00,0.00,10655.0,95830.0,84696.0,0.0,22.0,0.5,50.0,185.975,0.266,0.2,28523057.0
2026-09-01T04:18:04,1.3,6301,1547350,1529448,0.4,0.00,3.41,0.00,13.65,0.00,0.00,0.00,10655.0,95830.0,84696.0,81.0,3.5,0.5,16.5,167.174,0.368,0.3,30958830.0
2026-09-01T04:18:05,1.3,6302,1547350,1529447,0.4,0.00,1.36,0.00,5.46,0.00,0.00,0.00,10655.0,95830.0,84696.0,81.0,16.5,0.5,50.0,171.007,0.368,0.3,30958830.0
2026-09-01T04:18:05,1.3,6309,1547350,1529440,0.4,0.00,3.34,0.00,13.38,0.00,0.00,0.00,10655.0,95830.0,84696.0,81.0,23.0,0.5,50.0,187.141,0.368,0.3,30958830.0
2026-09-01T04:18:06,1.7,6310,1547350,1529439,0.4,0.00,3.39,0.00,13.56,0.00,0.00,0.00,10655.0,95830.0,84696.0,100.0,7.5,0.5,35.0,175.713,0.362,0.3,30072578.0
2026-09-01T04:18:06,1.1,6313,1547350,1529437,0.4,0.00,1.75,0.00,7.02,0.00,0.00,0.00,10655.0,95830.0,84696.0,100.0,10.0,0.5,34.5,165.388,0.362,0.3,30072578.0
2026-09-01T04:18:07,1.3,6313,1547350,1529437,0.4,0.00,3.31,0.00,13.25,0.00,0.00,0.00,10655.0,95830.0,84696.0,100.0,22.0,0.5,50.0,182.264,0.362,0.3,30072578.0
2026-09-01T04:18:07,1.4,6312,1547350,1529437,0.4,0.00,3.26,0.00,13.03,0.00,0.00,0.00,10655.0,95830.0,84696.0,100.0,17.0,0.5,45.0,202.657,0.362,0.3,30072578.0
2026-09-01T04:18:07,1.3,6312,1547350,1529437,0.4,0.00,2.95,0.00,11.80,0.00,0.00,0.00,10655.0,95830.0,84696.0,100.0,8.5,0.5,40.5,197.923,0.422,0.3,40474700.5
2026-09-01T04:18:08,1.6,6312,1547350,1529437,0.4,0.00,2.70,0.00,10.78,0.00,0.00,0.00,10655.0,95830.0,84696.0,100.0,0.5,0.5,2.5,147.553,0.422,0.3,40474700.5
2026-09-01T04:18:08,1.3,6313,1547350,1529437,0.4,0.00,3.30,0.00,13.20,0.00,0.00,0.00,10655.0,95830.0,84696.0,74.0,5.5,0.5,21.5,159.992,0.422,0.3,40474700.5
2026-09-01T04:18:08,1.3,6313,1547350,1529437,0.4,0.00,3.12,0.00,12.46,0.00,0.00,0.31,10655.0,95830.0,84696.0,74.0,21.0,0.5,50.0,177.613,0.422,0.3,40474700.5
2026-09-01T04:18:09,1.3,6313,1547350,1529437,0.4,0.00,3.44,0.00,13.75,0.00,0.00,0.00,10655.0,95830.0,84696.0,74.0,21.0,0.5,47.5,202.154,0.351,0.3,27978174.0
2026-09-01T04:18:09,1.2,6313,1547350,1529437,0.4,0.00,3.06,0.00,12.23,0.00,0.00,0.00,10655.0,95830.0,84696.0,95.0,2.5,0.5,12.5,159.421,0.351,0.3,27978174.0
2026-09-01T04:18:09,1.3,6314,1547350,1529435,0.4,0.00,2.48,0.00,9.93,0.00,0.00,0.00,10655.0,95830.0,84696.0,95.0,11.0,0.5,38.0,155.226,0.351,0.3,27978174.0
2026-09-01T04:18:10,1.4,6313,1547350,1529437,0.4,0.00,2.53,0.00,10.13,0.00,0.00,0.00,10655.0,95830.0,84696.0,95.0,19.0,0.5,50.0,182.036,0.297,0.2,17055738.5
2026-09-01T04:18:10,1.3,6313,1547350,1529437,0.4,0.00,3.75,0.00,14.98,0.00,0.00,0.00,10655.0,95830.0,84696.0,100.0,16.5,0.5,45.0,208.006,0.297,0.2,17055738.5
2026-09-01T04:18:10,1.3,6314,1547350,1529436,0.4,0.00,3.53,0.00,14.13,0.00,0.00,0.00,10655.0,95830.0,84696.0,100.0,8.5,0.5,41.0,200.749,0.297,0.2,17055738.5
2026-09-01T04:18:10,1.4,6314,1547350,1529436,0.4,0.00,3.88,0.00,15.50,0.00,0.00,0.00,10655.0,95830.0,84696.0,100.0,8.5,0.5,41.5,185.052,0.297,0.2,17055738.5
2026-09-01T04:18:11,1.3,6314,1547350,1529436,0.4,0.00,4.00,0.00,16.00,0.00,0.00,0.00,10655.0,95830.0,84696.0,82.0,8.5,0.5,41.0,176.776,0.414,0.3,62907545.5
2026-09-01T04:18:11,1.8,6313,1547350,1529436,0.4,0.00,3.88,0.00,15.50,0.00,1.00,0.00,10655.0,95830.0,84696.0,82.0,2.5,0.5,11.0,152.862,0.414,0.3,62907545.5
2026-09-01T04:18:12,1.2,6315,1547350,1529434,0.4,0.00,1.39,0.00,5.55,0.00,0.00,0.00,10655.0,95830.0,84696.0,100.0,20.5,0.5,50.0,170.226,0.414,0.3,62907545.5
2026-09-01T04:18:12,1.3,6316,1547350,1529434,0.4,0.00,3.70,0.00,14.81,0.00,0.00,0.00,10655.0,95830.0,84696.0,100.0,23.0,0.5,50.0,184.771,0.369,0.3,35203756.0
2026-09-01T04:18:12,1.4,6322,1547350,1529428,0.4,0.00,3.85,0.00,15.38,0.00,0.00,0.00,10655.0,95830.0,84696.0,100.0,2.5,0.5,12.5,187.776,0.369,0.3,35203756.0
2026-09-01T04:18:13,1.6,6323,1547350,1529427,0.4,0.00,2.05,0.00,8.21,0.00,0.00,0.00,10655.0,95830.0,84696.0,54.0,18.0,0.5,50.0,182.107,0.369,0.3,35203756.0
2026-09-01T04:18:13,1.3,6324,1547350,1529426,0.4,0.00,7.91,0.00,47.43,0.00,0.00,0.00,10655.0,95830.0,84696.0,54.0,21.5,0.5,50.0,184.043,0.369,0.3,35203756.0
2026-09-01T04:18:13,1.4,6325,1547350,1529425,0.4,0.00,3.62,0.00,14.49,0.00,0.00,0.00,10655.0,95830.0,84696.0,54.0,19.0,0.5,46.0,188.007,0.355,0.3,28289462.0
2026-09-01T04:18:14,3.1,6325,1547350,1529425,0.4,0.00,4.15,0.00,16.60,0.00,0.00,0.00,10655.0,95830.0,84696.0,54.0,1.5,0.5,6.0,176.847,0.355,0.3,28289462.0
2026-09-01T04:18:14,1.0,6326,1547350,1529424,0.4,0.00,2.39,0.00,9.57,0.00,0.00,0.00,10655.0,95830.0,84696.0,12.0,18.0,0.5,50.0,171.445,0.355,0.3,28289462.0
2026-09-01T04:18:14,1.3,6327,1547350,1529422,0.4,0.00,2.94,0.00,11.76,0.00,0.00,0.00,10655.0,95830.0,84696.0,12.0,21.5,0.5,50.0,180.020,0.334,0.3,28154293.5
2026-09-01T04:18:15,1.3,6327,1547350,1529423,0.4,0.00,3.73,0.00,14.93,0.00,0.00,0.00,10655.0,95830.0,84696.0,12.0,8.0,0.5,38.5,195.697,0.334,0.3,28154293.5
2026-09-01T04:18:15,1.3,6326,1547350,1529423,0.4,0.00,3.97,0.00,15.87,0.00,0.00,0.00,10655.0,95830.0,84696.0,77.0,8.0,0.5,38.0,205.167,0.334,0.3,28154293.5
2026-09-01T04:18:15,1.3,6326,1547350,1529423,0.4,0.00,2.67,0.00,10.70,0.00,0.00,0.00,10655.0,95830.0,84696.0,77.0,8.0,0.5,38.5,181.022,0.412,0.3,50712282.0
2026-09-01T04:18:15,1.3,6328,1547350,1529422,0.4,0.00,3.72,0.00,14.87,0.00,0.00,0.00,10655.0,95830.0,84696.0,77.0,8.5,0.5,39.5,171.154,0.412,0.3,50712282.0
2026-09-01T04:18:16,1.4,6328,1547350,1529422,0.4,0.00,3.94,0.00,15.75,0.00,0.00,0.00,10655.0,95830.0,84696.0,77.0,8.0,0.5,38.5,171.232,0.412,0.3,50712282.0
2026-09-01T04:18:16,1.3,6328,1547350,1529422,0.4,0.00,3.97,0.00,15.87,0.00,0.00,0.00,10655.0,95830.0,84696.0,77.0,8.5,0.5,39.5,172.507,0.412,0.3,50712282.0
2026-09-01T04:18:17,1.3,6327,1547350,1529423,0.4,0.00,1.69,0.00,6.78,0.00,0.00,0.00,10655.0,95830.0,84696.0,77.0,0.5,0.5,3.0,141.881,0.294,0.2,48752832.5
2026-09-01T04:18:17,1.3,6326,1547350,1529423,0.4,0.00,4.02,0.00,16.06,0.00,0.00,0.00,10655.0,95830.0,84696.0,28.0,17.0,0.5,50.0,150.399,0.294,0.2,48752832.5
2026-09-01T04:18:17,1.3,6326,1547350,1529424,0.4,0.00,3.98,0.00,15.94,0.00,0.00,0.00,10655.0,95830.0,84696.0,28.0,20.5,0.5,50.0,168.252,0.294,0.2,48752832.5
2026-09-01T04:18:17,1.3,6326,1547350,1529424,0.4,0.00,3.77,0.00,15.09,0.00,0.00,0.00,10655.0,95830.0,84696.0,28.0,23.0,0.5,49.5,186.138,0.294,0.2,48752832.5
2026-09-01T04:18:18,1.3,6326,1547350,1529424,0.4,0.00,3.94,0.00,15.75,0.00,0.00,0.00,10655.0,95830.0,84696.0,28.0,8.5,0.5,40.5,205.244,0.438,0.3,34074284.5
2026-09-01T04:18:18,1.5,6325,1547350,1529424,0.4,0.00,7.84,0.00,47.06,0.00,0.50,0.00,10655.0,95830.0,84696.0,80.0,11.5,0.5,39.0,149.255,0.438,0.3,34074284.5
2026-09-01T04:18:18,1.3,6326,1547350,1529423,0.4,0.00,1.53,0.00,6.13,0.00,0.00,0.00,10655.0,95830.0,84696.0,80.0,19.0,0.5,50.0,158.802,0.438,0.3,34074284.5
2026-09-01T04:18:19,1.2,6327,1547350,1529422,0.4,0.00,4.88,0.00,19.51,0.00,0.00,0.00,10655.0,95830.0,84696.0,80.0,22.0,0.5,50.0,180.137,0.319,0.2,23303811.0
2026-09-01T04:18:19,1.3,6327,1547350,1529422,0.4,0.00,3.76,0.00,15.04,0.00,0.00,0.00,10655.0,95830.0,84696.0,100.0,8.0,0.5,39.0,205.783,0.319,0.2,23303811.0
2026-09-01T04:18:19,1.3,6328,1547350,1529422,0.4,0.00,2.79,0.00,11.14,0.00,0.00,0.00,10655.0,95830.0,84696.0,100.0,8.0,0.5,38.5,196.458,0.319,0.2,23303811.0
2026-09-01T04:18:20,1.3,6327,1547350,1529423,0.4,0.00,3.97,0.00,15.87,0.00,0.00,0.00,10655.0,95830.0,84696.0,100.0,8.5,0.5,41.0,184.887,0.319,0.2,23303811.0
2026-09-01T04:18:20,1.3,6326,1547350,1529424,0.4,0.00,3.92,0.00,15.69,0.00,0.00,0.00,10655.0,95830.0,84696.0,81.0,8.5,0.5,39.0,172.779,0.401,0.3,61660917.5
2026-09-01T04:18:20,1.4,6326,1547350,1529424,0.4,0.00,4.00,0.00,16.00,0.00,0.00,0.00,10655.0,95830.0,84696.0,81.0,4.0,0.5,17.5,151.579,0.401,0.3,61660917.5
2026-09-01T04:18:21,1.7,6326,1547350,1529424,0.4,0.00,1.90,0.00,7.60,0.00,0.00,0.00,10655.0,95830.0,84696.0,81.0,3.5,0.5,13.5,156.704,0.401,0.3,61660917.5
2026-09-01T04:18:21,1.3,6325,1547350,1529425,0.4,0.00,4.46,0.00,17.86,0.00,0.00,0.00,10655.0,95830.0,84696.0,100.0,20.5,0.5,50.0,174.845,0.401,0.3,61660917.5
2026-09-01T04:18:21,1.4,6324,1547350,1529425,0.4,0.00,4.02,0.00,16.06,0.00,0.00,0.00,10655.0,95830.0,84696.0,100.0,23.0,0.5,49.5,183.849,0.361,0.3,28105299.0
2026-09-01T04:18:21,1.3,6326,1547350,1529424,0.4,0.00,3.73,0.00,14.93,0.00,0.00,0.00,10655.0,95830.0,84696.0,100.0,4.5,0.5,22.0,186.291,0.361,0.3,28105299.0
2026-09-01T04:18:22,1.4,6326,1547350,1529423,0.4,0.00,3.15,0.00,12.62,0.00,0.00,0.00,10655.0,95830.0,84696.0,100.0,16.0,0.5,50.0,181.406,0.361,0.3,28105299.0
2026-09-01T04:18:22,1.3,6327,1547350,1529423,0.4,0.00,3.83,0.00,15.33,0.00,0.00,0.00,10655.0,95830.0,84696.0,100.0,20.0,0.5,50.0,180.811,0.361,0.3,28105299.0
2026-09-01T04:18:22,1.3,6327,1547350,1529423,0.4,0.00,2.88,0.00,11.53,0.00,0.00,0.00,10655.0,95830.0,84696.0,100.0,11.0,0.5,40.5,194.899,0.357,0.3,26311651.0
2026-09-01T04:18:23,1.0,6326,1547350,1529424,0.4,0.00,2.55,0.00,10.20,0.00,0.00,0.00,10655.0,95830.0,84696.0,100.0,0.0,0.5,0.0,161.602,0.357,0.3,26311651.0
2026-09-01T04:18:23,1.4,6327,1547350,1529423,0.4,0.00,3.89,0.00,15.56,0.00,0.00,0.00,10655.0,95830.0,84696.0,0.0,10.5,0.5,37.0,158.810,0.357,0.3,26311651.0
2026-09-01T04:18:23,1.2,6327,1547350,1529422,0.4,0.00,3.24,0.00,12.94,0.00,0.00,0.00,10655.0,95830.0,84696.0,0.0,19.0,0.5,50.0,172.899,0.357,0.3,26311651.0
2026-09-01T04:18:23,1.5,6324,1547350,1529426,0.4,0.00,3.66,0.00,14.65,0.00,0.00,0.00,10655.0,95830.0,84696.0,0.0,16.0,0.5,44.0,188.360,0.321,0.3,20959166.0
2026-09-01T04:18:24,1.3,6324,1547350,1529426,0.4,0.00,4.10,0.00,16.39,0.00,0.00,0.00,10655.0,95830.0,84696.0,88.0,8.5,0.5,40.5,203.284,0.321,0.3,20959166.0
2026-09-01T04:18:24,1.5,6323,1547350,1529426,0.4,0.00,3.51,0.00,14.04,0.00,0.00,0.00,10655.0,95830.0,84696.0,88.0,0.5,0.5,2.5,164.840,0.321,0.3,20959166.0
2026-09-01T04:18:24,1.3,6324,1547350,1529426,0.4,0.00,2.88,0.00,11.53,0.00,1.00,0.00,10655.0,95830.0,84696.0,88.0,7.5,0.5,28.5,160.538,0.321,0.3,20959166.0
2026-09-01T04:18:25,1.3,6323,1547350,1529426,0.4,0.00,4.00,0.00,16.00,0.00,0.00,0.00,10655.0,95830.0,84696.0,88.0,18.0,0.5,50.0,173.594,0.344,0.3,35656753.5
2026-09-01T04:18:25,1.3,6325,1547350,1529425,0.4,0.00,4.00,0.00,16.00,0.00,0.00,0.00,10655.0,95830.0,84696.0,100.0,19.0,0.5,46.0,190.737,0.344,0.3,35656753.5
2026-09-01T04:18:25,1.3,6325,1547350,1529425,0.4,0.00,2.67,0.00,10.67,0.00,0.00,0.00,10655.0,95830.0,84696.0,100.0,8.5,0.5,41.5,203.096,0.344,0.3,35656753.5
2026-09-01T04:18:25,2.1,6324,1547350,1529425,0.4,0.00,3.95,0.00,15.81,0.00,0.00,0.00,10655.0,95830.0,84696.0,100.0,8.5,0.5,3.0,161.885,0.333,0.2,44171035.5
2026-09-01T04:18:26,0.9,6326,1547350,1529423,0.4,0.00,2.47,0.00,9.88,0.00,0.00,0.00,10655.0,95830.0,84696.0,80.0,11.0,0.5,38.5,165.367,0.333,0.2,44171035.5
2026-09-01T04:18:26,1.3,6327,1547350,1529423,0.4,0.00,2.99,0.00,11.94,0.00,0.00,0.00,10655.0,95830.0,84696.0,80.0,19.0,0.5,50.0,186.776,0.333,0.2,44171035.5
2026-09-01T04:18:27,1.0,6327,1547350,1529423,0.4,0.00,1.66,0.00,6.63,0.00,0.00,0.00,10655.0,95830.0,84696.0,78.0,0.5,0.5,2.5,160.193,0.304,0.2,17740197.0
2026-09-01T04:18:27,1.4,6328,1547350,1529421,0.4,0.00,3.91,0.00,15.62,0.00,0.00,0.00,10655.0,95830.0,84696.0,78.0,12.0,0.5,41.5,158.187,0.304,0.2,17740197.0
2026-09-01T04:18:27,1.3,6327,1547350,1529422,0.4,0.00,3.69,0.00,14.76,0.00,0.00,0.37,10655.0,95830.0,84696.0,78.0,19.5,0.5,50.0,163.108,0.304,0.2,17740197.0
2026-09-01T04:18:28,1.3,6328,1547350,1529421,0.4,0.00,3.98,0.00,15.94,0.00,0.00,0.00,10655.0,95830.0,84696.0,78.0,15.0,0.5,44.0,207.211,0.304,0.2,17740197.0
2026-09-01T04:18:28,1.6,6329,1547350,1529421,0.4,0.00,2.58,0.00,10.31,0.00,0.00,0.00,10655.0,95830.0,84696.0,100.0,4.0,0.5,16.0,172.041,0.375,0.3,30072150.5
2026-09-01T04:18:29,1.2,6329,1547350,1529421,0.4,0.00,1.86,0.00,7.45,0.00,0.00,0.00,10655.0,95830.0,84696.0,100.0,17.0,0.5,50.0,170.950,0.375,0.3,30072150.5
2026-09-01T04:18:29,1.3,6329,1547350,1529420,0.4,0.00,4.10,0.00,16.39,0.00,0.00,0.00,10655.0,95830.0,84696.0,100.0,21.0,0.5,50.0,186.856,0.375,0.3,30072150.5
2026-09-01T04:18:29,1.3,6329,1547350,1529421,0.4,0.00,30.89,0.00,277.99,0.00,0.00,0.00,10655.0,95830.0,84696.0,100.0,8.5,0.5,41.0,204.017,0.375,0.3,30072150.5
2026-09-01T04:18:29,1.3,6329,1547350,1529420,0.4,0.00,3.07,0.00,12.27,0.00,1.00,0.00,10655.0,95830.0,84696.0,100.0,8.5,0.5,41.0,196.149,0.442,0.3,49317150.0
2026-09-01T04:18:30,1.3,6329,1547350,1529420,0.4,0.00,2.53,0.00,10.10,0.00,0.00,0.00,10655.0,95830.0,84696.0,82.0,8.5,0.5,41.5,181.204,0.442,0.3,49317150.0
2026-09-01T04:18:30,1.8,6329,1547350,1529420,0.4,0.00,3.50,0.00,13.99,0.00,0.00,0.35,10655.0,95830.0,84696.0,82.0,1.0,0.5,4.5,146.993,0.442,0.3,49317150.0
2026-09-01T04:18:30,0.9,6330,1547350,1529420,0.4,0.00,2.20,0.00,8.79,0.00,0.00,0.00,10655.0,95830.0,84696.0,82.0,11.5,0.5,39.5,151.806,0.258,0.2,27923651.0
2026-09-01T04:18:31,1.3,6330,1547350,1529420,0.4,0.00,3.53,0.00,14.13,0.00,0.00,0.00,10655.0,95830.0,84696.0,79.0,19.0,0.5,50.0,169.120,0.258,0.2,27923651.0
2026-09-01T04:18:31,1.3,6331,1547350,1529419,0.4,0.00,3.53,0.00,14.13,0.00,0.00,0.00,10655.0,95830.0,84696.0,79.0,15.5,0.5,44.0,198.369,0.258,0.2,27923651.0
2026-09-01T04:18:31,1.3,6330,1547350,1529419,0.4,0.00,2.71,0.00,10.84,0.00,0.00,0.00,10655.0,95830.0,84696.0,82.0,5.0,0.5,24.5,155.184,0.347,0.3,39245245.0
2026-09-01T04:18:32,1.5,6332,1547350,1529418,0.4,0.00,1.61,0.00,6.45,0.00,0.00,0.00,10655.0,95830.0,84696.0,82.0,14.5,0.5,47.5,164.066,0.347,0.3,39245245.0
2026-09-01T04:18:32,1.3,6332,1547350,1529417,0.4,0.00,2.88,0.00,11.53,0.00,0.00,0.00,10655.0,95830.0,84696.0,82.0,22.5,0.5,50.0,183.645,0.347,0.3,39245245.0
2026-09-01T04:18:33,1.3,6333,1547350,1529416,0.4,0.00,2.58,0.00,10.31,0.00,0.00,0.00,10655.0,95830.0,84696.0,100.0,13.0,0.5,42.5,207.163,0.347,0.3,39245245.0
2026-09-01T04:18:33,1.3,6334,1547350,1529415,0.4,0.00,3.98,0.00,15.94,0.00,0.00,0.00,10655.0,95830.0,84696.0,100.0,8.5,0.5,39.5,194.240,0.439,0.3,43385299.0
2026-09-01T04:18:33,1.3,6334,1547350,1529416,0.4,0.00,2.87,0.00,11.46,0.00,0.00,0.00,10655.0,95830.0,84696.0,100.0,8.0,0.5,39.0,175.803,0.439,0.3,43385299.0
2026-09-01T04:18:34,1.3,6334,1547350,1529415,0.4,0.00,19.23,0.00,76.92,0.00,0.00,0.00,10655.0,95830.0,84696.0,79.0,8.0,0.5,37.0,153.116,0.439,0.3,43385299.0
2026-09-01T04:18:34,1.6,6333,1547350,1529417,0.4,0.00,2.17,0.00,8.70,0.00,0.00,0.22,10655.0,95830.0,84696.0,79.0,10.5,0.5,36.5,165.420,0.314,0.2,37920734.5
2026-09-01T04:18:34,1.3,6332,1547350,1529418,0.4,0.00,3.57,0.00,14.29,0.00,0.00,0.36,10655.0,95830.0,84696.0,79.0,19.0,0.5,50.0,182.070,0.314,0.2,37920734.5
2026-09-01T04:18:35,1.4,6333,1547350,1529417,0.4,0.00,3.88,0.00,15.50,0.00,0.00,0.00,10655.0,95830.0,84696.0,79.0,22.0,0.5,50.0,188.808,0.314,0.2,37920734.5
2026-09-01T04:18:35,1.2,6331,1547350,1529419,0.4,0.00,3.52,0.00,14.08,0.00,0.00,0.00,10655.0,95830.0,84696.0,100.0,8.5,0.5,40.5,204.228,0.314,0.2,37920734.5
2026-09-01T04:18:35,1.6,6331,1547350,1529419,0.4,0.00,2.71,0.00,10.84,0.00,0.00,0.00,10655.0,95830.0,84696.0,100.0,0.5,0.5,2.5,157.688,0.361,0.3,39209524.5
2026-09-01T04:18:36,1.2,6330,1547350,1529419,0.4,0.00,1.86,0.00,7.43,0.00,0.00,0.00,10655.0,95830.0,84696.0,5.0,13.5,0.5,45.5,175.053,0.361,0.3,39209524.5
2026-09-01T04:18:36,1.3,6335,1547350,1529414,0.4,0.00,3.95,0.00,15.81,0.00,1.00,0.00,10655.0,95830.0,84696.0,5.0,14.0,0.5,43.0,188.667,0.361,0.3,39209524.5
2026-09-01T04:18:36,1.4,6334,1547350,1529415,0.4,0.00,3.26,0.00,13.03,0.00,0.00,0.00,10655.0,95830.0,84696.0,5.0,8.5,0.5,41.0,202.388,0.361,0.3,39209524.5
2026-09-01T04:18:37,1.2,6334,1547350,1529415,0.4,0.00,3.76,0.00,15.04,0.00,0.00,0.00,10655.0,95830.0,84696.0,19.0,4.0,0.5,15.0,168.873,0.356,0.3,32439449.0
2026-09-01T04:18:37,1.3,6335,1547350,1529415,0.4,0.00,3.00,0.00,12.01,0.00,0.00,0.00,10655.0,95830.0,84696.0,19.0,17.0,0.5,50.0,166.819,0.356,0.3,32439449.0
2026-09-01T04:18:37,1.3,6336,1547350,1529414,0.4,0.00,2.98,0.00,11.90,0.00,0.00,0.00,10655.0,95830.0,84696.0,19.0,20.5,0.5,50.0,181.627,0.356,0.3,32439449.0
2026-09-01T04:18:38,1.2,6336,1547350,1529413,0.4,0.00,4.05,0.00,16.19,0.00,0.00,0.00,10655.0,95830.0,84696.0,19.0,8.5,0.5,40.0,195.025,0.356,0.3,32439449.0
2026-09-01T04:18:38,1.4,6337,1547350,1529413,0.4,0.00,3.91,0.00,15.62,0.00,0.00,0.00,10655.0,95830.0,84696.0,80.0,8.0,0.5,38.5,201.815,0.439,0.3,40850100.0
2026-09-01T04:18:38,1.4,6335,1547350,1529414,0.4,0.00,3.58,0.00,14.34,0.00,0.00,0.36,10655.0,95830.0,84696.0,80.0,2.0,0.5,9.5,163.017,0.439,0.3,40850100.0
2026-09-01T04:18:38,1.3,6334,1547350,1529415,0.4,0.00,3.17,0.00,12.70,0.00,0.00,0.00,10655.0,95830.0,84696.0,80.0,16.5,0.5,50.0,163.736,0.439,0.3,40850100.0
2026-09-01T04:18:39,1.3,6335,1547350,1529415,0.4,0.00,3.88,0.00,15.50,0.00,0.00,0.00,10655.0,95830.0,84696.0,80.0,20.5,0.5,50.0,175.135,0.439,0.3,40850100.0
2026-09-01T04:18:39,1.3,6336,1547350,1529414,0.4,0.00,3.86,0.00,15.44,0.00,0.00,0.00,10655.0,95830.0,84696.0,100.0,23.0,0.5,50.0,190.276,0.356,0.3,20242236.0
2026-09-01T04:18:39,1.7,6335,1547350,1529415,0.4,0.00,2.73,0.00,10.93,0.00,0.00,0.00,10655.0,95830.0,84696.0,100.0,13.0,0.5,44.5,175.136,0.356,0.3,20242236.0
2026-09-01T04:18:40,1.3,6337,1547350,1529413,0.4,0.00,1.92,0.00,7.68,0.00,0.00,0.00,10655.0,95830.0,84696.0,89.0,19.5,0.5,50.0,176.616,0.356,0.3,20242236.0
2026-09-01T04:18:40,1.3,6336,1547350,1529413,0.4,0.00,4.07,0.00,16.26,0.00,0.00,0.00,10655.0,95830.0,84696.0,89.0,14.0,0.5,41.5,188.528,0.372,0.3,31798965.5
2026-09-01T04:18:40,1.3,6337,1547350,1529413,0.4,0.00,2.86,0.00,11.43,0.00,0.00,0.00,10655.0,95830.0,84696.0,89.0,8.0,0.5,39.0,203.899,0.372,0.3,31798965.5
2026-09-01T04:18:41,1.3,6336,1547350,1529413,0.4,0.00,4.02,0.00,16.06,0.00,0.00,0.00,10655.0,95830.0,84696.0,89.0,8.5,0.5,39.5,195.301,0.372,0.3,31798965.5
2026-09-01T04:18:41,1.3,6336,1547350,1529413,0.4,0.00,3.85,0.00,15.38,0.00,0.00,0.00,10655.0,95830.0,84696.0,79.0,8.0,0.5,38.0,177.335,0.372,0.3,31798965.5
2026-09-01T04:18:41,1.3,6337,1547350,1529412,0.4,0.00,2.61,0.00,10.44,0.00,0.00,0.00,10655.0,95830.0,84696.0,79.0,8.5,0.5,39.5,174.228,0.384,0.2,64271204.5
2026-09-01T04:18:42,1.4,6338,1547350,1529412,0.4,0.00,3.95,0.00,15.81,0.00,0.00,0.00,10655.0,95830.0,84696.0,79.0,8.0,0.5,38.5,174.087,0.384,0.2,64271204.5
2026-09-01T04:18:42,1.3,6337,1547350,1529413,0.4,0.00,2.25,0.00,8.99,0.00,0.00,0.22,10655.0,95830.0,84696.0,77.0,8.5,0.5,40.5,174.492,0.384,0.2,64271204.5
2026-09-01T04:18:42,1.4,6338,1547350,1529412,0.4,0.00,3.18,0.00,12.74,0.00,0.00,0.00,10655.0,95830.0,84696.0,77.0,8.0,0.5,39.0,174.091,0.387,0.2,64522751.5
2026-09-01T04:18:43,1.7,6339,1547350,1529411,0.4,0.00,3.57,0.00,14.29,0.00,0.00,0.00,10655.0,95830.0,84696.0,77.0,0.5,0.5,2.5,154.562,0.387,0.2,64522751.5
2026-09-01T04:18:43,1.3,6338,1547350,1529412,0.4,0.00,3.77,0.00,15.09,0.00,1.00,0.00,10655.0,95830.0,84696.0,5.0,13.0,0.5,44.5,166.210,0.387,0.2,64522751.5
2026-09-01T04:18:43,1.3,6338,1547350,1529412,0.4,0.00,3.80,0.00,15.21,0.00,0.00,0.00,10655.0,95830.0,84696.0,5.0,22.5,0.5,50.0,184.137,0.387,0.2,64522751.5
2026-09-01T04:18:43,1.4,6337,1547350,1529412,0.4,0.00,3.39,0.00,13.56,0.00,0.00,0.00,10655.0,95830.0,84696.0,5.0,13.5,0.5,42.0,191.565,0.365,0.3,25531792.5
2026-09-01T04:18:44,1.9,6338,1547350,1529411,0.4,0.00,8.00,0.00,32.00,0.00,0.00,0.00,10655.0,95830.0,84696.0,80.0,1.5,0.5,6.5,183.642,0.365,0.3,25531792.5
2026-09-01T04:18:44,1.2,6338,1547350,1529411,0.4,0.00,2.39,0.00,9.55,0.00,0.00,0.00,10655.0,95830.0,84696.0,80.0,19.0,0.5,50.0,176.357,0.365,0.3,25531792.5
2026-09-01T04:18:44,1.2,6339,1547350,1529411,0.4,0.00,2.95,0.00,11.80,0.00,0.00,0.00,10655.0,95830.0,84696.0,80.0,22.0,0.5,50.0,184.994,0.362,0.3,27696093.0
2026-09-01T04:18:45,1.4,6340,1547350,1529410,0.4,0.00,4.00,0.00,16.00,0.00,0.00,0.00,10655.0,95830.0,84696.0,80.0,16.0,0.5,43.5,195.835,0.362,0.3,27696093.0
2026-09-01T04:18:45,1.4,6340,1547350,1529409,0.4,0.00,4.00,0.00,16.00,0.00,0.00,0.00,10655.0,95830.0,84696.0,87.0,8.5,0.5,40.5,206.714,0.362,0.3,27696093.0
2026-09-01T04:18:45,1.5,6341,1547350,1529409,0.4,0.00,3.24,0.00,12.94,0.00,0.00,0.00,10655.0,95830.0,84696.0,87.0,3.0,0.5,14.5,166.465,0.362,0.3,27696093.0
2026-09-01T04:18:46,1.3,6340,1547350,1529410,0.4,0.00,3.25,0.00,12.99,0.00,0.00,0.00,10655.0,95830.0,84696.0,87.0,6.0,0.5,22.0,162.329,0.331,0.2,39073498.5
2026-09-01T04:18:46,1.3,6339,1547350,1529410,0.4,0.00,3.92,0.00,15.69,0.00,0.00,0.00,10655.0,95830.0,84696.0,100.0,21.0,0.5,50.0,180.430,0.331,0.2,39073498.5
2026-09-01T04:18:46,1.3,6339,1547350,1529410,0.4,0.00,3.72,0.00,14.87,0.00,0.00,0.00,10655.0,95830.0,84696.0,100.0,20.5,0.5,47.5,204.049,0.331,0.2,39073498.5
2026-09-01T04:18:47,1.3,6339,1547350,1529410,0.4,0.00,2.03,0.00,8.11,0.00,0.00,0.00,10655.0,95830.0,84696.0,100.0,8.5,0.5,40.5,200.688,0.443,0.3,45704196.0
2026-09-01T04:18:47,1.6,6339,1547350,1529410,0.4,0.00,3.75,0.00,14.98,0.00,0.00,0.00,10655.0,95830.0,84696.0,80.0,5.5,0.5,26.5,160.265,0.443,0.3,45704196.0
2026-09-01T04:18:47,1.3,6342,1547350,1529407,0.4,0.00,1.97,0.00,7.89,0.00,0.00,0.00,10655.0,95830.0,84696.0,80.0,16.0,0.5,50.0,171.721,0.443,0.3,45704196.0
2026-09-01T04:18:48,1.4,6342,1547350,1529408,0.4,0.00,4.00,0.00,16.00,0.00,0.00,0.00,10655.0,95830.0,84696.0,80.0,20.0,0.5,50.0,187.949,0.352,0.3,27806254.0
2026-09-01T04:18:48,1.3,6342,1547350,1529407,0.4,0.00,3.21,0.00,12.82,0.00,0.00,0.00,10655.0,95830.0,84696.0,100.0,0.0,0.5,0.0,167.371,0.352,0.3,27806254.0
2026-09-01T04:18:48,1.4,6342,1547350,1529407,0.4,0.00,1.75,0.00,6.99,0.00,0.00,0.00,10655.0,95830.0,84696.0,100.0,12.5,0.5,42.0,164.343,0.352,0.3,27806254.0
2026-09-01T04:18:49,1.3,6343,1547350,1529407,0.4,0.00,4.00,0.00,16.00,0.00,0.00,0.00,10655.0,95830.0,84696.0,100.0,19.0,0.5,50.0,170.695,0.330,0.3,25214149.0
2026-09-01T04:18:49,1.4,6343,1547350,1529406,0.4,0.00,12.05,0.00,64.26,0.00,0.33,0.00,10655.0,95830.0,84696.0,100.0,22.0,0.5,50.0,183.512,0.330,0.3,25214149.0
2026-09-01T04:18:49,1.3,6344,1547350,1529405,0.4,0.00,4.15,0.00,16.60,0.00,0.00,0.00,10655.0,95830.0,84696.0,100.0,8.0,0.5,39.0,208.281,0.330,0.3,25214149.0
2026-09-01T04:18:50,1.8,6340,1547350,1529409,0.4,0.00,2.99,0.00,11.98,0.00,0.00,0.00,10655.0,95830.0,84696.0,9.0,1.0,0.5,4.5,166.642,0.331,0.2,40897089.0
2026-09-01T04:18:50,1.3,6340,1547350,1529409,0.4,0.00,2.02,0.00,8.10,0.00,0.00,0.00,10655.0,95830.0,84696.0,9.0,9.0,0.5,32.0,172.805,0.331,0.2,40897089.0
2026-09-01T04:18:50,1.3,6340,1547350,1529410,0.4,0.00,3.03,0.00,12.12,0.00,0.00,0.00,10655.0,95830.0,84696.0,9.0,21.5,0.5,50.0,188.549,0.331,0.2,40897089.0
2026-09-01T04:18:51,1.3,6340,1547350,1529409,0.4,0.00,3.97,0.00,15.87,0.00,0.00,0.00,10655.0,95830.0,84696.0,9.0,17.5,0.5,45.5,210.036,0.331,0.2,40897089.0
2026-09-01T04:18:51,1.6,6341,1547350,1529408,0.4,0.00,4.03,0.00,16.13,0.00,0.00,0.00,10655.0,95830.0,84696.0,91.0,0.5,0.5,2.5,168.744,0.379,0.3,32507558.5
2026-09-01T04:18:51,1.3,6342,1547350,1529408,0.4,0.00,1.67,0.00,6.67,0.00,0.00,0.00,10655.0,95830.0,84696.0,91.0,19.5,0.5,50.0,177.452,0.379,0.3,32507558.5
2026-09-01T04:18:52,1.3,6342,1547350,1529408,0.4,0.00,4.05,0.00,16.19,0.00,0.00,0.00,10655.0,95830.0,84696.0,100.0,22.5,0.5,50.0,189.376,0.379,0.3,32507558.5
2026-09-01T04:18:52,1.3,6342,1547350,1529407,0.4,0.00,3.40,0.00,13.61,0.00,0.00,0.00,10655.0,95830.0,84696.0,100.0,8.5,0.5,41.0,208.185,0.379,0.3,32507558.5
2026-09-01T04:18:52,2.5,6343,1547350,1529407,0.4,0.00,2.72,0.00,10.90,0.00,0.00,0.00,10655.0,95830.0,84696.0,100.0,4.0,0.5,18.5,159.121,0.360,0.3,38653526.0
2026-09-01T04:18:53,0.9,6342,1547350,1529407,0.4,0.00,2.40,0.00,9.62,0.00,0.00,0.00,10655.0,95830.0,84696.0,37.0,3.0,0.5,11.5,162.133,0.360,0.3,38653526.0
2026-09-01T04:18:53,1.3,6343,1547350,1529407,0.4,0.00,3.98,0.00,15.94,0.00,0.00,0.00,10655.0,95830.0,84696.0,37.0,20.5,0.5,50.0,179.156,0.360,0.3,38653526.0
2026-09-01T04:18:53,1.3,6342,1547350,1529408,0.4,0.00,2.86,0.00,11.43,0.00,0.00,0.00,10655.0,95830.0,84696.0,37.0,23.0,0.5,50.0,197.423,0.360,0.3,38653526.0
2026-09-01T04:18:54,1.3,6341,1547350,1529408,0.4,0.00,3.76,0.00,15.04,0.00,0.00,0.00,10655.0,95830.0,84696.0,37.0,8.5,0.5,41.0,203.141,0.448,0.3,41343799.5
2026-09-01T04:18:54,2.1,6342,1547350,1529408,0.4,0.00,3.58,0.00,14.34,0.00,0.00,0.00,10655.0,95830.0,84696.0,81.0,4.0,0.5,17.5,167.230,0.448,0.3,41343799.5
2026-09-01T04:18:54,1.4,6341,1547350,1529408,0.4,0.00,3.94,0.00,15.75,0.00,0.00,0.00,10655.0,95830.0,84696.0,81.0,2.5,0.5,11.5,169.379,0.448,0.3,41343799.5
2026-09-01T04:18:54,1.3,6340,1547350,1529409,0.4,0.00,3.23,0.00,12.90,0.00,0.00,0.00,10655.0,95830.0,84696.0,81.0,20.5,0.5,50.0,180.072,0.448,0.3,41343799.5
2026-09-01T04:18:55,1.3,6341,1547350,1529408,0.4,0.00,3.44,0.00,13.75,0.00,0.00,0.00,10655.0,95830.0,84696.0,100.0,23.0,0.5,50.0,197.255,0.364,0.3,24977929.5
2026-09-01T04:18:55,1.4,6342,1547350,1529407,0.4,0.00,3.89,0.00,15.56,0.00,0.00,0.00,10655.0,95830.0,84696.0,100.0,8.5,0.5,4.5,174.293,0.364,0.3,24977929.5
2026-09-01T04:18:56,1.6,6342,1547350,1529407,0.4,0.00,2.17,0.00,8.70,0.00,0.00,0.00,10655.0,95830.0,84696.0,100.0,9.5,0.5,33.0,172.290,0.364,0.3,24977929.5
2026-09-01T04:18:56,1.2,6343,1547350,1529406,0.4,0.00,4.03,0.00,16.13,0.00,0.00,0.00,10655.0,95830.0,84696.0,66.0,18.5,0.5,50.0,182.623,0.364,0.3,24977929.5
2026-09-01T04:18:56,1.3,6343,1547350,1529406,0.4,0.00,3.11,0.00,12.42,0.00,0.00,0.00,10655.0,95830.0,84696.0,66.0,17.5,0.5,46.0,196.594,0.371,0.3,31552784.5
2026-09-01T04:18:56,1.3,6343,1547350,1529407,0.4,0.00,3.34,0.00,13.38,0.00,0.00,0.00,10655.0,95830.0,84696.0,66.0,8.5,0.5,41.0,203.876,0.371,0.3,31552784.5
2026-09-01T04:18:57,1.4,6344,1547350,1529405,0.4,0.00,3.62,0.00,14.49,0.00,1.00,0.36,10655.0,95830.0,84696.0,66.0,8.5,0.5,39.5,188.708,0.371,0.3,31552784.5
2026-09-01T04:18:57,1.4,6344,1547350,1529406,0.4,0.00,3.82,0.00,15.27,0.00,0.00,0.00,10655.0,95830.0,84696.0,79.0,8.5,0.5,40.0,176.073,0.371,0.3,31552784.5
2026-09-01T04:18:57,1.2,6343,1547350,1529406,0.4,0.00,2.11,0.00,8.42,0.00,0.00,0.00,10655.0,95830.0,84696.0,79.0,8.5,0.5,40.5,176.451,0.393,0.3,65783662.0
2026-09-01T04:18:58,1.4,6344,1547350,1529406,0.4,0.00,3.94,0.00,15.75,0.00,0.00,0.00,10655.0,95830.0,84696.0,79.0,8.5,0.5,40.5,155.516,0.393,0.3,65783662.0
2026-09-01T04:18:58,1.6,6345,1547350,1529405,0.4,0.00,2.09,0.00,8.35,0.00,0.00,0.00,10655.0,95830.0,84696.0,79.0,8.5,0.5,30.0,176.288,0.393,0.3,65783662.0
2026-09-01T04:18:59,1.2,6345,1547350,1529405,0.4,0.00,2.54,0.00,10.18,0.00,0.00,0.00,10655.0,95830.0,84696.0,79.0,21.5,0.5,50.0,188.177,0.361,0.3,27569281.0
2026-09-01T04:18:59,1.4,6346,1547350,1529404,0.4,0.00,3.91,0.00,15.62,0.00,0.00,0.00,10655.0,95830.0,84696.0,100.0,18.5,0.5,46.0,206.125,0.361,0.3,27569281.0
2026-09-01T04:18:59,1.4,6346,1547350,1529404,0.4,0.00,36.14,0.00,381.53,0.00,0.00,0.00,10655.0,95830.0,84696.0,100.0,8.0,0.5,37.5,166.221,0.361,0.3,27569281.0
2026-09-01T04:19:00,1.5,6346,1547350,1529404,0.4,0.00,2.01,0.00,8.03,0.00,0.00,0.00,10655.0,95830.0,84696.0,100.0,8.0,0.5,28.5,162.761,0.305,0.2,35262979.5
2026-09-01T04:19:00,1.2,6346,1547350,1529403,0.4,0.00,3.89,0.00,15.56,0.00,0.00,0.00,10655.0,95830.0,84696.0,57.0,18.0,0.5,50.0,178.662,0.305,0.2,35262979.5
2026-09-01T04:19:00,1.3,6346,1547350,1529404,0.4,0.00,3.94,0.00,15.75,0.00,0.00,0.00,10655.0,95830.0,84696.0,57.0,18.5,0.5,45.5,205.392,0.305,0.2,35262979.5
2026-09-01T04:19:01,1.7,6346,1547350,1529403,0.4,0.00,1.96,0.00,7.86,0.00,1.00,0.00,10655.0,95830.0,84696.0,57.0,5.0,0.5,24.0,179.767,0.367,0.3,33790945.5
2026-09-01T04:19:01,1.4,6348,1547350,1529401,0.4,0.00,3.62,0.00,14.49,0.00,0.00,0.00,10655.0,95830.0,84696.0,48.0,2.0,0.5,9.0,172.127,0.367,0.3,33790945.5
2026-09-01T04:19:01,1.2,6347,1547350,1529402,0.4,0.00,3.51,0.00,14.04,0.00,0.00,0.00,10655.0,95830.0,84696.0,48.0,16.5,0.5,50.0,185.972,0.367,0.3,33790945.5
2026-09-01T04:19:01,1.8,6350,1547350,1529400,0.4,0.00,3.11,0.00,12.42,0.00,0.00,0.00,10655.0,95830.0,84696.0,48.0,9.5,0.5,40.5,202.974,0.367,0.3,33790945.5
2026-09-01T04:19:02,1.3,6349,1547350,1529400,0.4,0.00,4.29,0.00,17.17,0.00,0.00,0.00,10655.0,95830.0,84696.0,48.0,8.5,0.5,40.5,210.115,0.428,0.3,36205801.0
2026-09-01T04:19:02,1.3,6350,1547350,1529400,0.4,0.00,3.98,0.00,15.94,0.00,0.00,0.00,10655.0,95830.0,84696.0,81.0,8.5,0.5,38.0,195.238,0.428,0.3,36205801.0
2026-09-01T04:19:02,1.9,6350,1547350,1529399,0.4,0.00,3.79,0.00,15.15,0.00,0.00,0.00,10655.0,95830.0,84696.0,81.0,3.5,0.5,15.0,155.913,0.428,0.3,36205801.0
2026-09-01T04:19:03,1.0,6350,1547350,1529400,0.4,0.00,1.72,0.00,6.90,0.00,0.00,0.00,10655.0,95830.0,84696.0,41.0,17.5,0.5,50.0,164.130,0.332,0.2,45232663.0
2026-09-01T04:19:03,1.2,6350,1547350,1529399,0.4,0.00,4.07,0.00,16.26,0.00,0.00,0.00,10655.0,95830.0,84696.0,41.0,21.0,0.5,50.0,181.612,0.332,0.2,45232663.0
2026-09-01T04:19:03,1.3,6351,1547350,1529398,0.4,0.00,3.88,0.00,15.50,0.00,0.00,0.00,10655.0,95830.0,84696.0,41.0,8.5,0.5,39.5,196.487,0.332,0.2,45232663.0
2026-09-01T04:19:04,2.0,6353,1547350,1529397,0.4,0.00,2.60,0.00,10.39,0.00,0.00,0.00,10655.0,95830.0,84696.0,41.0,2.0,0.5,9.0,183.496,0.332,0.2,45232663.0
2026-09-01T04:19:04,1.3,6351,1547350,1529398,0.4,0.00,3.55,0.00,14.18,0.00,0.00,0.00,10655.0,95830.0,84696.0,18.0,7.0,0.5,26.5,179.393,0.355,0.3,28313867.0
2026-09-01T04:19:04,1.4,6350,1547350,1529399,0.4,0.00,4.20,0.00,16.81,0.00,0.00,0.00,10655.0,95830.0,84696.0,18.0,21.5,0.5,50.0,178.734,0.355,0.3,28313867.0
2026-09-01T04:19:05,1.3,6350,1547350,1529400,0.4,0.00,2.70,0.00,10.81,0.00,0.00,0.00,10655.0,95830.0,84696.0,18.0,8.5,0.5,41.0,199.798,0.355,0.3,28313867.0
2026-09-01T04:19:05,1.9,6349,1547350,1529401,0.4,0.00,3.57,0.00,14.29,0.00,0.00,0.00,10655.0,95830.0,84696.0,82.0,2.5,0.5,11.0,184.723,0.355,0.3,28313867.0
2026-09-01T04:19:05,1.4,6350,1547350,1529400,0.4,0.00,3.00,0.00,12.01,0.00,0.00,0.00,10655.0,95830.0,84696.0,82.0,18.0,0.5,50.0,176.609,0.376,0.3,28397566.5
2026-09-01T04:19:05,1.3,6350,1547350,1529399,0.4,0.00,2.76,0.00,11.05,0.00,0.00,0.00,10655.0,95830.0,84696.0,82.0,21.0,0.5,50.0,183.959,0.376,0.3,28397566.5
2026-09-01T04:19:06,1.2,6351,1547350,1529398,0.4,0.00,4.00,0.00,16.00,0.00,0.00,0.00,10655.0,95830.0,84696.0,94.0,8.5,0.5,40.0,199.365,0.376,0.3,28397566.5
2026-09-01T04:19:06,1.4,6352,1547350,1529398,0.4,0.00,3.91,0.00,15.62,0.00,0.00,0.00,10655.0,95830.0,84696.0,94.0,8.5,0.5,39.5,208.084,0.376,0.3,28397566.5
2026-09-01T04:19:06,1.3,6351,1547350,1529398,0.4,0.00,3.56,0.00,14.23,0.00,0.00,0.00,10655.0,95830.0,84696.0,94.0,1.0,0.5,5.0,156.076,0.350,0.3,42227038.0
2026-09-01T04:19:07,1.7,6352,1547350,1529398,0.4,0.00,1.80,0.00,7.21,0.00,0.00,0.00,10655.0,95830.0,84696.0,10.0,15.5,0.5,50.0,168.667,0.350,0.3,42227038.0
2026-09-01T04:19:07,1.3,6351,1547350,1529398,0.4,0.00,3.76,0.00,15.04,0.00,0.00,0.00,10655.0,95830.0,84696.0,10.0,20.0,0.5,50.0,179.710,0.350,0.3,42227038.0
2026-09-01T04:19:07,1.3,6350,1547350,1529399,0.4,0.00,3.75,0.00,14.98,0.00,0.00,0.00,10655.0,95830.0,84696.0,10.0,11.5,0.5,42.0,203.714,0.350,0.3,42227038.0
2026-09-01T04:19:08,2.5,6350,1547350,1529399,0.4,0.00,3.18,0.00,12.74,0.00,1.00,0.00,10655.0,95830.0,84696.0,82.0,1.5,0.5,7.5,179.683,0.377,0.3,31662394.5
2026-09-01T04:19:08,1.0,6350,1547350,1529400,0.4,0.00,2.40,0.00,9.62,0.00,0.00,0.00,10655.0,95830.0,84696.0,82.0,8.5,0.5,31.5,175.883,0.377,0.3,31662394.5
2026-09-01T04:19:08,1.3,6350,1547350,1529400,0.4,0.00,3.65,0.00,14.60,0.00,0.00,0.00,10655.0,95830.0,84696.0,82.0,21.5,0.5,50.0,183.929,0.377,0.3,31662394.5
2026-09-01T04:19:09,1.3,6350,1547350,1529400,0.4,0.00,2.79,0.00,11.17,0.00,0.00,0.00,10655.0,95830.0,84696.0,90.0,17.5,0.5,45.0,197.749,0.377,0.3,31662394.5
2026-09-01T04:19:09,1.4,6349,1547350,1529400,0.4,0.00,3.69,0.00,14.76,0.00,0.00,0.37,10655.0,95830.0,84696.0,90.0,8.5,0.5,40.5,206.088,0.453,0.3,40803494.0
2026-09-01T04:19:09,1.2,6349,1547350,1529401,0.4,0.00,3.75,0.00,14.98,0.00,0.00,0.37,10655.0,95830.0,84696.0,90.0,0.5,0.5,1.5,154.295,0.453,0.3,40803494.0
2026-09-01T04:19:10,1.3,6349,1547350,1529400,0.4,0.00,2.79,0.00,11.17,0.00,0.00,0.00,10655.0,95830.0,84696.0,90.0,15.5,0.5,50.0,155.028,0.453,0.3,40803494.0
2026-09-01T04:19:10,1.3,6350,1547350,1529399,0.4,0.00,3.77,0.00,15.09,0.00,0.00,0.00,10655.0,95830.0,84696.0,100.0,20.0,0.5,50.0,171.137,0.453,0.3,40803494.0
2026-09-01T04:19:10,1.2,6351,1547350,1529398,0.4,0.00,3.44,0.00,13.75,0.00,0.00,0.00,10655.0,95830.0,84696.0,100.0,12.5,0.5,42.5,195.452,0.333,0.3,22841787.0
2026-09-01T04:19:11,1.7,6352,1547350,1529398,0.4,0.00,2.71,0.00,10.84,0.00,0.00,0.00,10655.0,95830.0,84696.0,100.0,5.5,0.5,25.5,181.738,0.333,0.3,22841787.0
2026-09-01T04:19:11,1.3,6357,1547350,1529392,0.4,0.00,3.76,0.00,15.04,0.00,0.00,0.00,10655.0,95830.0,84696.0,11.0,16.0,0.5,50.0,180.384,0.333,0.3,22841787.0
2026-09-01T04:19:11,1.3,6358,1547350,1529392,0.4,0.00,3.53,0.00,14.13,0.00,0.00,0.00,10655.0,95830.0,84696.0,11.0,20.0,0.5,50.0,184.341,0.333,0.3,22841787.0
2026-09-01T04:19:11,1.3,6357,1547350,1529393,0.4,0.00,3.88,0.00,15.50,0.00,0.00,0.00,10655.0,95830.0,84696.0,11.0,23.0,0.5,50.0,200.097,0.364,0.3,24959159.5
2026-09-01T04:19:12,1.4,6354,1547350,1529395,0.4,0.00,2.65,0.00,10.61,0.00,0.00,0.00,10655.0,95830.0,84696.0,81.0,8.5,0.5,40.5,205.629,0.364,0.3,24959159.5
2026-09-01T04:19:12,1.4,6354,1547350,1529395,0.4,0.00,4.05,0.00,16.19,0.00,0.00,0.00,10655.0,95830.0,84696.0,81.0,8.0,0.5,38.0,189.903,0.364,0.3,24959159.5
2026-09-01T04:19:12,1.3,6353,1547350,1529396,0.4,0.00,3.66,0.00,14.65,0.00,0.00,0.00,10655.0,95830.0,84696.0,81.0,8.0,0.5,38.5,177.127,0.364,0.3,24959159.5
2026-09-01T04:19:13,1.3,6354,1547350,1529395,0.4,0.00,2.22,0.00,8.87,0.00,0.00,0.00,10655.0,95830.0,84696.0,81.0,8.5,0.5,39.5,178.766,0.389,0.3,64828250.0
2026-09-01T04:19:13,1.3,6354,1547350,1529395,0.4,0.00,3.94,0.00,15.75,0.00,0.00,0.00,10655.0,95830.0,84696.0,79.0,8.5,0.5,40.0,178.587,0.389,0.3,64828250.0
2026-09-01T04:19:13,1.4,6355,1547350,1529395,0.4,0.00,4.05,0.00,16.19,0.00,0.00,0.00,10655.0,95830.0,84696.0,79.0,8.0,0.5,38.0,178.907,0.389,0.3,64828250.0
2026-09-01T04:19:14,1.7,6354,1547350,1529395,0.4,0.00,2.67,0.00,10.67,0.00,0.00,0.00,10655.0,95830.0,84696.0,79.0,7.0,0.5,34.0,161.998,0.389,0.3,64828250.0
2026-09-01T04:19:14,1.3,6355,1547350,1529395,0.4,0.00,4.08,0.00,16.33,0.00,0.00,0.00,10655.0,95830.0,84696.0,5.0,14.5,0.5,47.5,167.824,0.325,0.2,43908180.0
2026-09-01T04:19:14,1.4,6355,1547350,1529394,0.4,0.00,4.22,0.00,16.88,0.00,0.00,0.42,10655.0,95830.0,84696.0,5.0,19.5,0.5,50.0,178.560,0.325,0.2,43908180.0
2026-09-01T04:19:14,2.0,6354,1547350,1529396,0.4,0.00,4.12,0.00,16.46,0.00,1.00,0.00,10655.0,95830.0,84696.0,5.0,10.0,0.5,27.5,186.993,0.325,0.2,43908180.0
2026-09-01T04:19:15,0.9,6353,1547350,1529396,0.4,0.00,2.15,0.00,8.58,0.00,0.00,0.00,10655.0,95830.0,84696.0,23.0,3.0,0.5,11.5,193.442,0.325,0.2,43908180.0
2026-09-01T04:19:15,1.3,6353,1547350,1529396,0.4,0.00,4.00,0.00,16.00,0.00,0.00,0.00,10655.0,95830.0,84696.0,23.0,20.5,0.5,50.0,194.056,0.403,0.3,22365887.5
2026-09-01T04:19:15,1.3,6354,1547350,1529396,0.4,0.00,3.97,0.00,15.87,0.00,0.00,0.00,10655.0,95830.0,84696.0,23.0,23.0,0.5,50.0,204.312,0.403,0.3,22365887.5
2026-09-01T04:19:16,1.3,6354,1547350,1529395,0.4,0.00,2.70,0.00,10.78,0.00,0.00,0.00,10655.0,95830.0,84696.0,23.0,8.0,0.5,38.5,204.912,0.403,0.3,22365887.5
2026-09-01T04:19:16,1.3,6354,1547350,1529396,0.4,0.00,4.08,0.00,16.33,0.00,0.00,0.00,10655.0,95830.0,84696.0,77.0,8.0,0.5,39.0,195.306,0.403,0.3,22365887.5
2026-09-01T04:19:16,1.9,6353,1547350,1529396,0.4,0.00,3.34,0.00,13.38,0.00,0.00,0.00,10655.0,95830.0,84696.0,77.0,8.5,0.5,4.0,158.663,0.331,0.2,46774718.0
2026-09-01T04:19:17,1.3,6354,1547350,1529395,0.4,0.00,2.71,0.00,10.84,0.00,0.00,0.00,10655.0,95830.0,84696.0,77.0,11.5,0.5,39.5,173.013,0.331,0.2,46774718.0
2026-09-01T04:19:17,1.3,6353,1547350,1529396,0.4,0.00,3.92,0.00,15.69,0.00,0.00,0.00,10655.0,95830.0,84696.0,79.0,19.0,0.5,50.0,191.089,0.331,0.2,46774718.0
2026-09-01T04:19:17,1.3,6354,1547350,1529395,0.4,0.00,4.02,0.00,16.06,0.00,0.00,0.00,10655.0,95830.0,84696.0,79.0,15.5,0.5,45.0,197.394,0.331,0.2,46774718.0
2026-09-01T04:19:17,1.4,6354,1547350,1529396,0.4,0.00,3.91,0.00,15.62,0.00,0.00,0.00,10655.0,95830.0,84696.0,79.0,8.5,0.5,41.5,197.442,0.455,0.3,42998873.0
2026-09-01T04:19:18,1.1,6354,1547350,1529396,0.4,0.00,1.92,0.00,7.68,0.00,0.00,0.00,10655.0,95830.0,84696.0,82.0,0.0,0.5,0.0,142.811,0.455,0.3,42998873.0
2026-09-01T04:19:18,1.3,6354,1547350,1529395,0.4,0.00,3.97,0.00,15.87,0.00,0.00,0.00,10655.0,95830.0,84696.0,82.0,9.5,0.5,33.5,149.962,0.455,0.3,42998873.0
2026-09-01T04:19:18,1.2,6354,1547350,1529396,0.4,0.00,4.20,0.00,16.81,0.00,0.00,0.00,10655.0,95830.0,84696.0,82.0,18.5,0.5,50.0,178.816,0.284,0.2,16195044.0
2026-09-01T04:19:19,1.3,6354,1547350,1529396,0.4,0.00,2.91,0.00,11.63,0.00,0.00,0.00,10655.0,95830.0,84696.0,82.0,17.0,0.5,44.5,195.810,0.284,0.2,16195044.0
2026-09-01T04:19:19,1.4,6356,1547350,1529394,0.4,0.00,4.33,0.00,17.32,0.00,0.00,0.00,10655.0,95830.0,84696.0,100.0,4.5,0.5,20.0,182.028,0.284,0.2,16195044.0
2026-09-01T04:19:19,1.6,6357,1547350,1529393,0.4,0.00,2.26,0.00,9.05,0.00,0.00,0.00,10655.0,95830.0,84696.0,100.0,4.5,0.5,17.5,174.492,0.339,0.3,32758500.0
2026-09-01T04:19:20,1.3,6356,1547350,1529393,0.4,0.00,2.94,0.00,11.76,0.00,0.00,0.00,10655.0,95830.0,84696.0,100.0,21.0,0.5,50.0,185.227,0.339,0.3,32758500.0
2026-09-01T04:19:20,1.4,6357,1547350,1529393,0.4,0.00,3.98,0.00,15.94,0.00,0.00,0.00,10655.0,95830.0,84696.0,100.0,22.0,0.5,48.0,199.975,0.339,0.3,32758500.0
2026-09-01T04:19:20,1.3,6355,1547350,1529394,0.4,0.00,4.13,0.00,16.53,0.00,0.00,0.00,10655.0,95830.0,84696.0,100.0,6.5,0.5,30.0,179.119,0.344,0.3,33812151.0
2026-09-01T04:19:21,1.6,6356,1547350,1529394,0.4,0.00,2.04,0.00,8.15,0.00,0.00,0.00,10655.0,95830.0,84696.0,100.0,10.5,0.5,37.5,166.726,0.344,0.3,33812151.0
2026-09-01T04:19:21,1.3,6356,1547350,1529393,0.4,0.00,4.15,0.00,16.60,0.00,0.00,0.00,10655.0,95830.0,84696.0,5.0,19.0,0.5,50.0,174.433,0.344,0.3,33812151.0
2026-09-01T04:19:21,1.2,6355,1547350,1529394,0.4,0.00,4.05,0.00,16.19,0.00,0.00,0.00,10655.0,95830.0,84696.0,5.0,22.0,0.5,50.0,190.338,0.344,0.3,33812151.0
2026-09-01T04:19:21,1.4,6356,1547350,1529394,0.4,0.00,4.07,0.00,16.26,0.00,0.00,0.00,10655.0,95830.0,84696.0,5.0,16.5,0.5,44.5,208.812,0.434,0.3,33607943.5
2026-09-01T04:19:22,1.4,6355,1547350,1529394,0.4,0.00,3.53,0.00,14.13,0.00,1.00,0.00,10655.0,95830.0,84696.0,5.0,8.5,0.5,39.5,200.207,0.434,0.3,33607943.5
2026-09-01T04:19:22,1.6,6356,1547350,1529393,0.4,0.00,4.00,0.00,16.00,0.00,0.00,0.00,10655.0,95830.0,84696.0,79.0,6.0,0.5,27.0,163.209,0.434,0.3,33607943.5
2026-09-01T04:19:22,1.3,6357,1547350,1529393,0.4,0.00,3.75,0.00,14.98,0.00,0.00,0.00,10655.0,95830.0,84696.0,79.0,1.5,0.5,6.5,168.285,0.434,0.3,33607943.5
2026-09-01T04:19:22,1.3,6357,1547350,1529393,0.4,0.00,4.15,0.00,16.60,0.00,0.00,0.00,10655.0,95830.0,84696.0,79.0,16.0,0.5,50.0,178.300,0.343,0.3,32673644.0
2026-09-01T04:19:23,1.3,6356,1547350,1529393,0.4,0.00,4.13,0.00,16.53,0.00,0.00,0.00,10655.0,95830.0,84696.0,100.0,22.5,0.5,50.0,196.988,0.343,0.3,32673644.0
2026-09-01T04:19:23,1.4,6357,1547350,1529393,0.4,0.00,2.79,0.00,11.17,0.00,0.00,0.00,10655.0,95830.0,84696.0,100.0,11.0,0.5,40.0,210.212,0.343,0.3,32673644.0
2026-09-01T04:19:23,1.3,6358,1547350,1529391,0.4,0.00,4.13,0.00,16.53,0.00,0.00,0.00,10655.0,95830.0,84696.0,100.0,8.5,0.5,39.5,195.736,0.343,0.3,32673644.0
2026-09-01T04:19:24,2.1,6357,1547350,1529392,0.4,0.00,3.08,0.00,12.31,0.00,0.00,0.00,10655.0,95830.0,84696.0,100.0,8.5,0.5,39.5,159.852,0.364,0.3,47934024.5
2026-09-01T04:19:24,1.3,6357,1547350,1529392,0.4,0.00,3.53,0.00,14.13,0.00,0.00,0.00,10655.0,95830.0,84696.0,79.0,9.0,0.5,31.5,169.239,0.364,0.3,47934024.5
2026-09-01T04:19:24,1.3,6357,1547350,1529392,0.4,0.00,4.13,0.00,16.53,0.00,0.00,0.00,10655.0,95830.0,84696.0,79.0,18.5,0.5,50.0,180.007,0.364,0.3,47934024.5
2026-09-01T04:19:24,1.3,6358,1547350,1529392,0.4,0.00,4.00,0.00,16.00,0.00,0.00,0.00,10655.0,95830.0,84696.0,79.0,21.5,0.5,50.0,191.651,0.364,0.3,47934024.5
2026-09-01T04:19:25,1.3,6358,1547350,1529392,0.4,0.00,9.74,0.00,38.96,0.00,0.00,0.00,10655.0,95830.0,84696.0,79.0,8.0,0.5,38.0,209.299,0.419,0.3,34705334.0
2026-09-01T04:19:25,2.6,6357,1547350,1529393,0.4,0.00,4.10,0.00,16.39,0.00,0.00,0.00,10655.0,95830.0,84696.0,91.0,8.5,0.5,39.0,168.276,0.419,0.3,34705334.0
2026-09-01T04:19:25,1.0,6355,1547350,1529395,0.4,0.00,2.57,0.00,10.28,0.00,0.00,0.00,10655.0,95830.0,84696.0,91.0,6.0,0.5,22.0,169.254,0.419,0.3,34705334.0
2026-09-01T04:19:26,1.2,6354,1547350,1529395,0.4,0.00,2.79,0.00,11.17,0.00,0.00,0.00,10655.0,95830.0,84696.0,91.0,17.5,0.5,50.0,188.478,0.419,0.3,34705334.0
2026-09-01T04:19:26,1.3,6354,1547350,1529396,0.4,0.00,3.94,0.00,15.75,0.00,0.00,0.00,10655.0,95830.0,84696.0,100.0,20.5,0.5,47.5,197.281,0.365,0.3,28178168.0
2026-09-01T04:19:26,1.3,6355,1547350,1529394,0.4,0.00,4.07,0.00,16.26,0.00,0.00,0.00,10655.0,95830.0,84696.0,100.0,8.0,0.5,38.0,208.798,0.365,0.3,28178168.0
2026-09-01T04:19:26,2.0,6354,1547350,1529395,0.4,0.00,3.94,0.00,15.75,0.00,0.00,0.00,10655.0,95830.0,84696.0,100.0,3.5,0.5,14.0,168.744,0.365,0.3,28178168.0
2026-09-01T04:19:27,1.4,6358,1547350,1529392,0.4,0.00,2.98,0.00,11.90,0.00,0.00,0.00,10655.0,95830.0,84696.0,28.0,17.0,0.5,50.0,169.581,0.365,0.3,28178168.0
2026-09-01T04:19:27,1.4,6358,1547350,1529391,0.4,0.00,3.98,0.00,15.94,0.00,0.00,0.00,10655.0,95830.0,84696.0,28.0,20.5,0.5,50.0,180.732,0.360,0.3,35602796.0
2026-09-01T04:19:27,1.3,6360,1547350,1529390,0.4,0.00,3.69,0.00,14.76,0.00,1.00,0.00,10655.0,95830.0,84696.0,28.0,23.0,0.5,49.5,195.359,0.360,0.3,35602796.0
2026-09-01T04:19:28,1.3,6361,1547350,1529388,0.4,0.00,3.10,0.00,12.38,0.00,0.00,0.31,10655.0,95830.0,84696.0,28.0,8.5,0.5,40.0,195.355,0.360,0.3,35602796.0
2026-09-01T04:19:28,1.5,6360,1547350,1529389,0.4,0.00,1.91,0.00,7.63,0.00,0.00,0.00,10655.0,95830.0,84696.0,78.0,2.5,0.5,11.0,159.153,0.323,0.2,46190496.0
2026-09-01T04:19:28,1.3,6359,1547350,1529390,0.4,0.00,3.86,0.00,15.44,0.00,0.00,0.00,10655.0,95830.0,84696.0,78.0,16.5,0.5,50.0,170.646,0.323,0.2,46190496.0
2026-09-01T04:19:29,1.3,6358,1547350,1529391,0.4,0.00,3.18,0.00,12.74,0.00,0.00,0.00,10655.0,95830.0,84696.0,78.0,20.5,0.5,50.0,189.097,0.323,0.2,46190496.0
2026-09-01T04:19:29,1.3,6358,1547350,1529391,0.4,0.00,3.91,0.00,15.62,0.00,0.00,0.00,10655.0,95830.0,84696.0,100.0,9.5,0.5,41.0,196.859,0.323,0.2,46190496.0
2026-09-01T04:19:29,1.4,6357,1547350,1529393,0.4,0.00,4.18,0.00,16.74,0.00,0.00,0.00,10655.0,95830.0,84696.0,100.0,8.5,0.5,41.0,206.484,0.460,0.4,39226956.5
2026-09-01T04:19:29,1.7,6357,1547350,1529393,0.4,0.00,11.28,0.00,165.41,0.00,0.00,0.00,10655.0,95830.0,84696.0,100.0,3.5,0.5,16.0,180.628,0.460,0.4,39226956.5
2026-09-01T04:19:30,1.3,6354,1547350,1529395,0.4,0.00,3.91,0.00,15.62,0.00,0.00,0.39,10655.0,95830.0,84696.0,52.0,18.0,0.5,50.0,174.530,0.460,0.4,39226956.5
2026-09-01T04:19:30,1.2,6354,1547350,1529395,0.4,0.00,36.29,0.00,145.16,0.00,0.11,0.00,10655.0,95830.0,84696.0,52.0,21.5,0.5,50.0,182.988,0.460,0.4,39226956.5
2026-09-01T04:19:30,1.3,6353,1547350,1529396,0.4,0.00,3.97,0.00,15.87,0.00,0.00,0.00,10655.0,95830.0,84696.0,52.0,19.5,0.5,47.0,191.965,0.377,0.3,27352016.5
2026-09-01T04:19:30,1.3,6353,1547350,1529396,0.4,0.00,4.08,0.00,16.33,0.00,0.00,0.00,10655.0,95830.0,84696.0,52.0,8.5,0.5,41.5,210.728,0.377,0.3,27352016.5
2026-09-01T04:19:31,1.7,6354,1547350,1529396,0.4,0.00,3.68,0.00,14.71,0.00,0.00,0.00,10655.0,95830.0,84696.0,49.0,0.0,0.5,0.0,162.215,0.377,0.3,27352016.5
2026-09-01T04:19:31,1.0,6353,1547350,1529396,0.4,0.00,3.16,0.00,12.66,0.00,0.00,0.00,10655.0,95830.0,84696.0,49.0,7.5,0.5,27.5,155.603,0.377,0.3,27352016.5
2026-09-01T04:19:31,1.3,6356,1547350,1529394,0.4,0.00,4.15,0.00,16.60,0.00,0.00,0.00,10655.0,95830.0,84696.0,49.0,18.0,0.5,50.0,163.972,0.291,0.2,24001359.5
2026-09-01T04:19:32,1.3,6356,1547350,1529393,0.4,0.00,3.24,0.00,12.94,0.00,0.00,0.00,10655.0,95830.0,84696.0,49.0,19.0,0.5,46.5,185.855,0.291,0.2,24001359.5
2026-09-01T04:19:32,1.6,6355,1547350,1529394,0.4,0.00,3.79,0.00,15.15,0.00,0.00,0.00,10655.0,95830.0,84696.0,93.0,1.5,0.5,8.0,189.052,0.291,0.2,24001359.5
2026-09-01T04:19:32,1.3,6356,1547350,1529394,0.4,0.00,2.22,0.00,8.87,0.00,0.00,0.00,10655.0,95830.0,84696.0,93.0,16.0,0.5,50.0,187.820,0.361,0.3,25992072.5
2026-09-01T04:19:33,1.3,6358,1547350,1529391,0.4,0.00,3.15,0.00,12.62,0.00,0.00,0.00,10655.0,95830.0,84696.0,93.0,23.0,0.5,50.0,191.166,0.361,0.3,25992072.5
2026-09-01T04:19:33,1.3,6358,1547350,1529391,0.4,0.00,3.98,0.00,15.94,0.00,0.00,0.00,10655.0,95830.0,84696.0,100.0,8.5,0.5,41.0,211.301,0.361,0.3,25992072.5
2026-09-01T04:19:33,2.1,6358,1547350,1529392,0.4,0.00,2.78,0.00,11.11,0.00,0.00,0.00,10655.0,95830.0,84696.0,100.0,0.5,0.5,2.5,158.268,0.328,0.2,37654433.5
2026-09-01T04:19:34,0.7,6356,1547350,1529394,0.4,0.00,2.05,0.00,8.20,0.00,0.00,0.00,10655.0,95830.0,84696.0,40.0,5.0,0.5,20.0,162.662,0.328,0.2,37654433.5
2026-09-01T04:19:34,1.3,6356,1547350,1529393,0.4,0.00,4.26,0.00,17.02,0.00,0.00,0.00,10655.0,95830.0,84696.0,40.0,21.0,0.5,50.0,173.365,0.328,0.2,37654433.5
2026-09-01T04:19:34,1.3,6356,1547350,1529394,0.4,0.00,3.77,0.00,15.09,0.00,0.00,0.00,10655.0,95830.0,84696.0,40.0,8.5,0.5,41.5,203.478,0.328,0.2,37654433.5
2026-09-01T04:19:35,2.0,6355,1547350,1529395,0.4,0.00,2.54,0.00,10.18,0.00,1.00,0.00,10655.0,95830.0,84696.0,61.0,0.5,0.5,2.5,178.188,0.369,0.3,31327610.5
2026-09-01T04:19:35,1.0,6355,1547350,1529394,0.4,0.00,5.12,0.00,20.46,0.00,0.00,0.00,10655.0,95830.0,84696.0,61.0,14.0,0.5,47.0,175.974,0.369,0.3,31327610.5
2026-09-01T04:19:35,1.3,6355,1547350,1529394,0.4,0.00,4.13,0.00,16.53,0.00,0.00,0.00,10655.0,95830.0,84696.0,61.0,19.5,0.5,50.0,182.664,0.369,0.3,31327610.5
2026-09-01T04:19:36,1.3,6356,1547350,1529394,0.4,0.00,3.57,0.00,14.29,0.00,0.00,0.00,10655.0,95830.0,84696.0,61.0,22.5,0.5,50.0,193.602,0.369,0.3,31327610.5
2026-09-01T04:19:36,1.3,6356,1547350,1529394,0.4,0.00,3.80,0.00,15.21,0.00,0.00,0.00,10655.0,95830.0,84696.0,84.0,8.0,0.5,39.0,210.165,0.448,0.4,35860766.0
2026-09-01T04:19:36,1.4,6355,1547350,1529394,0.4,0.00,3.98,0.00,15.94,0.00,0.00,0.40,10655.0,95830.0,84696.0,84.0,8.5,0.5,41.0,198.694,0.448,0.4,35860766.0
2026-09-01T04:19:36,1.4,6358,1547350,1529392,0.4,0.00,4.03,0.00,16.13,0.00,0.00,0.00,10655.0,95830.0,84696.0,84.0,8.0,0.5,38.5,185.768,0.448,0.4,35860766.0
2026-09-01T04:19:37,1.2,6358,1547350,1529391,0.4,0.00,3.09,0.00,12.35,0.00,0.00,0.00,10655.0,95830.0,84696.0,84.0,8.5,0.5,41.0,179.558,0.448,0.4,35860766.0
2026-09-01T04:19:37,1.4,6358,1547350,1529392,0.4,0.00,4.13,0.00,16.53,0.00,0.00,0.00,10655.0,95830.0,84696.0,82.0,8.5,0.5,40.0,179.381,0.399,0.3,66682589.5
2026-09-01T04:19:37,1.2,6359,1547350,1529391,0.4,0.00,4.02,0.00,16.06,0.00,0.00,0.00,10655.0,95830.0,84696.0,82.0,8.5,0.5,41.0,180.876,0.399,0.3,66682589.5
2026-09-01T04:19:37,1.4,6357,1547350,1529392,0.4,0.00,4.13,0.00,16.53,0.00,0.00,0.00,10655.0,95830.0,84696.0,82.0,8.5,0.5,41.0,181.226,0.399,0.3,66682589.5
2026-09-01T04:19:38,2.0,6356,1547350,1529393,0.4,0.00,3.32,0.00,13.29,0.00,0.00,0.00,10655.0,95830.0,84696.0,82.0,2.0,0.5,9.5,161.031,0.399,0.3,66682589.5
2026-09-01T04:19:38,1.4,6358,1547350,1529392,0.4,0.00,4.12,0.00,16.46,0.00,0.00,0.00,10655.0,95830.0,84696.0,19.0,7.0,0.5,25.5,169.589,0.322,0.2,41480595.5
2026-09-01T04:19:38,1.3,6358,1547350,1529391,0.4,0.00,2.75,0.00,10.99,0.00,0.00,0.00,10655.0,95830.0,84696.0,19.0,21.5,0.5,50.0,189.458,0.322,0.2,41480595.5
2026-09-01T04:19:39,1.4,6358,1547350,1529392,0.4,0.00,4.13,0.00,16.53,0.00,0.00,0.00,10655.0,95830.0,84696.0,19.0,19.5,0.5,46.5,198.384,0.322,0.2,41480595.5
2026-09-01T04:19:39,2.8,6358,1547350,1529391,0.4,0.00,3.95,0.00,15.81,0.00,0.00,0.00,10655.0,95830.0,84696.0,82.0,3.5,0.5,16.5,179.814,0.322,0.2,41480595.5
2026-09-01T04:19:39,1.0,6358,1547350,1529391,0.4,0.00,2.75,0.00,11.02,0.00,0.00,0.00,10655.0,95830.0,84696.0,82.0,5.0,0.5,18.5,177.447,0.368,0.3,30106064.5
2026-09-01T04:19:39,1.4,6358,1547350,1529391,0.4,0.00,4.13,0.00,16.53,0.00,0.00,0.00,10655.0,95830.0,84696.0,82.0,17.5,0.5,50.0,177.613,0.368,0.3,30106064.5
2026-09-01T04:19:40,1.3,6358,1547350,1529392,0.4,0.00,3.51,0.00,14.04,0.00,0.00,0.00,10655.0,95830.0,84696.0,82.0,21.5,0.5,48.5,189.180,0.368,0.3,30106064.5
2026-09-01T04:19:40,1.3,6358,1547350,1529392,0.4,0.00,4.05,0.00,16.19,0.00,0.00,0.00,10655.0,95830.0,84696.0,97.0,8.5,0.5,41.5,211.984,0.368,0.3,30106064.5
2026-09-01T04:19:40,1.7,6357,1547350,1529392,0.4,0.00,7.46,0.00,29.85,0.00,0.50,0.00,10655.0,95830.0,84696.0,97.0,7.5,0.5,36.5,177.651,0.369,0.3,38226831.5
2026-09-01T04:19:40,1.3,6357,1547350,1529392,0.4,0.00,3.64,0.00,14.55,0.00,0.00,0.00,10655.0,95830.0,84696.0,97.0,13.0,0.5,44.0,174.320,0.369,0.3,38226831.5
2026-09-01T04:19:41,1.3,6357,1547350,1529392,0.4,0.00,3.08,0.00,12.31,0.00,0.00,0.00,10655.0,95830.0,84696.0,100.0,19.5,0.5,50.0,185.320,0.369,0.3,38226831.5
2026-09-01T04:19:41,1.3,6357,1547350,1529392,0.4,0.00,4.10,0.00,16.39,0.00,0.00,0.00,10655.0,95830.0,84696.0,100.0,14.5,0.5,43.5,198.679,0.369,0.3,38226831.5
2026-09-01T04:19:41,1.4,6357,1547350,1529393,0.4,0.00,4.18,0.00,16.74,0.00,0.00,0.00,10655.0,95830.0,84696.0,100.0,8.5,0.5,41.0,210.536,0.445,0.3,38753367.0
2026-09-01T04:19:42,1.3,6358,1547350,1529392,0.4,0.00,4.00,0.00,16.00,0.00,0.00,0.00,10655.0,95830.0,84696.0,100.0,8.5,0.5,41.0,191.865,0.445,0.3,38753367.0
2026-09-01T04:19:42,1.3,6357,1547350,1529392,0.4,0.00,1.85,0.00,7.38,0.00,0.00,0.00,10655.0,95830.0,84696.0,82.0,8.5,0.5,41.0,183.695,0.445,0.3,38753367.0
2026-09-01T04:19:42,1.3,6356,1547350,1529393,0.4,0.00,4.29,0.00,17.17,0.00,0.00,0.43,10655.0,95830.0,84696.0,82.0,8.5,0.5,41.5,183.082,0.406,0.3,67657473.0
2026-09-01T04:19:43,1.4,6356,1547350,1529393,0.4,0.00,3.95,0.00,15.81,0.00,0.00,0.00,10655.0,95830.0,84696.0,82.0,8.5,0.5,41.0,183.042,0.406,0.3,67657473.0
2026-09-01T04:19:43,1.3,6356,1547350,1529394,0.4,0.00,4.20,0.00,16.81,0.00,0.00,0.00,10655.0,95830.0,84696.0,82.0,8.5,0.5,41.5,181.543,0.406,0.3,67657473.0
2026-09-01T04:19:43,2.7,6356,1547350,1529393,0.4,0.00,3.92,0.00,15.69,0.00,0.00,0.00,10655.0,95830.0,84696.0,82.0,0.5,0.5,2.5,153.398,0.406,0.3,67657473.0
2026-09-01T04:19:44,1.0,6356,1547350,1529393,0.4,0.00,2.08,0.00,8.32,0.00,0.00,0.21,10655.0,95830.0,84696.0,82.0,7.5,0.5,28.0,165.629,0.332,0.2,41401609.5
2026-09-01T04:19:44,1.3,6356,1547350,1529393,0.4,0.00,3.27,0.00,13.07,0.00,0.00,0.00,10655.0,95830.0,84696.0,56.0,18.0,0.5,50.0,182.889,0.332,0.2,41401609.5
2026-09-01T04:19:44,1.4,6356,1547350,1529393,0.4,0.00,4.08,0.00,16.33,0.00,0.00,0.00,10655.0,95830.0,84696.0,56.0,19.0,0.5,47.0,195.517,0.332,0.2,41401609.5
2026-09-01T04:19:44,1.3,6357,1547350,1529393,0.4,0.00,4.22,0.00,16.88,0.00,0.00,0.00,10655.0,95830.0,84696.0,56.0,8.5,0.5,41.0,212.713,0.332,0.2,41401609.5
2026-09-01T04:19:45,2.1,6358,1547350,1529392,0.4,0.00,3.98,0.00,15.94,0.00,0.00,0.00,10655.0,95830.0,84696.0,56.0,6.0,0.5,28.5,177.345,0.338,0.3,35446005.0
2026-09-01T04:19:45,1.4,6359,1547350,1529391,0.4,0.00,3.91,0.00,15.62,0.00,0.00,0.00,10655.0,95830.0,84696.0,57.0,1.0,0.5,4.5,174.023,0.338,0.3,35446005.0
2026-09-01T04:19:45,1.3,6360,1547350,1529390,0.4,0.00,4.10,0.00,16.39,0.00,0.00,0.00,10655.0,95830.0,84696.0,57.0,20.0,0.5,50.0,181.865,0.338,0.3,35446005.0
2026-09-01T04:19:45,1.3,6359,1547350,1529390,0.4,0.00,8.16,0.00,32.65,0.00,0.50,0.00,10655.0,95830.0,84696.0,57.0,22.5,0.5,50.0,189.778,0.338,0.3,35446005.0
2026-09-01T04:19:46,1.4,6358,1547350,1529391,0.4,0.00,3.95,0.00,15.81,0.00,0.00,0.00,10655.0,95830.0,84696.0,57.0,12.0,0.5,42.5,212.529,0.464,0.4,38141585.5
2026-09-01T04:19:46,2.1,6359,1547350,1529391,0.4,0.00,3.39,0.00,13.56,0.00,0.00,0.00,10655.0,95830.0,84696.0,85.0,3.0,0.5,14.5,178.963,0.464,0.4,38141585.5
2026-09-01T04:19:46,1.3,6359,1547350,1529390,0.4,0.00,3.46,0.00,13.84,0.00,0.00,0.00,10655.0,95830.0,84696.0,85.0,5.5,0.5,20.5,172.558,0.464,0.4,38141585.5
2026-09-01T04:19:46,1.2,6359,1547350,1529391,0.4,0.00,3.33,0.00,13.33,0.00,0.00,0.00,10655.0,95830.0,84696.0,85.0,17.5,0.5,50.0,182.038,0.464,0.4,38141585.5
2026-09-01T04:19:47,1.4,6359,1547350,1529391,0.4,0.00,3.82,0.00,15.27,0.00,0.00,0.00,10655.0,95830.0,84696.0,85.0,21.0,0.5,48.0,195.369,0.366,0.3,25274092.5
2026-09-01T04:19:47,1.4,6359,1547350,1529390,0.4,0.00,4.22,0.00,16.88,0.00,0.00,0.00,10655.0,95830.0,84696.0,100.0,8.5,0.5,41.0,212.105,0.366,0.3,25274092.5
2026-09-01T04:19:47,1.5,6359,1547350,1529391,0.4,0.00,3.66,0.00,14.65,0.00,0.00,0.00,10655.0,95830.0,84696.0,100.0,3.0,0.5,14.0,175.519,0.366,0.3,25274092.5
2026-09-01T04:19:48,1.3,6359,1547350,1529391,0.4,0.00,3.21,0.00,12.82,0.00,0.00,0.00,10655.0,95830.0,84696.0,100.0,7.0,0.5,26.0,173.853,0.366,0.3,25274092.5
2026-09-01T04:19:48,1.3,6359,1547350,1529391,0.4,0.00,3.31,0.00,13.25,0.00,0.00,0.00,10655.0,95830.0,84696.0,52.0,18.0,0.5,50.0,184.649,0.361,0.3,33089311.5
2026-09-01T04:19:48,1.3,6359,1547350,1529391,0.4,0.00,4.05,0.00,16.19,0.00,0.00,0.00,10655.0,95830.0,84696.0,52.0,19.5,0.5,47.0,197.831,0.361,0.3,33089311.5
2026-09-01T04:19:48,1.3,6359,1547350,1529391,0.4,0.00,3.92,0.00,15.69,0.00,0.00,0.00,10655.0,95830.0,84696.0,52.0,8.5,0.5,41.0,212.026,0.361,0.3,33089311.5
2026-09-01T04:19:49,2.2,6358,1547350,1529391,0.4,0.00,3.69,0.00,14.76,0.00,0.00,0.00,10655.0,95830.0,84696.0,52.0,8.5,0.5,41.0,178.754,0.361,0.3,33089311.5
2026-09-01T04:19:49,1.3,6359,1547350,1529391,0.4,0.00,3.61,0.00,14.44,0.00,0.00,0.00,10655.0,95830.0,84696.0,82.0,1.5,0.5,6.0,172.060,0.337,0.2,38673081.5
2026-09-01T04:19:49,1.3,6359,1547350,1529390,0.4,0.00,4.18,0.00,16.74,0.00,0.00,0.00,10655.0,95830.0,84696.0,82.0,18.5,0.5,50.0,182.282,0.337,0.2,38673081.5
2026-09-01T04:19:49,1.2,6360,1547350,1529390,0.4,0.00,4.33,0.00,17.32,0.00,0.00,0.00,10655.0,95830.0,84696.0,82.0,22.0,0.5,50.0,191.843,0.337,0.2,38673081.5
2026-09-01T04:19:50,1.4,6359,1547350,1529390,0.4,0.00,3.95,0.00,15.81,0.00,0.00,0.00,10655.0,95830.0,84696.0,82.0,17.0,0.5,45.0,211.154,0.337,0.2,38673081.5
2026-09-01T04:19:50,2.0,6359,1547350,1529390,0.4,0.00,3.65,0.00,14.60,0.00,0.00,0.00,10655.0,95830.0,84696.0,90.0,8.5,0.5,41.0,179.252,0.399,0.3,34727928.0
2026-09-01T04:19:50,1.4,6359,1547350,1529391,0.4,0.00,3.92,0.00,15.69,0.00,0.00,0.00,10655.0,95830.0,84696.0,90.0,6.5,0.5,23.5,177.227,0.399,0.3,34727928.0
2026-09-01T04:19:50,1.3,6358,1547350,1529391,0.4,0.00,11.86,0.00,47.43,0.00,0.33,0.00,10655.0,95830.0,84696.0,90.0,18.0,0.5,50.0,184.116,0.399,0.3,34727928.0
2026-09-01T04:19:51,1.4,6358,1547350,1529391,0.4,0.00,2.72,0.00,10.90,0.00,0.00,0.00,10655.0,95830.0,84696.0,100.0,20.0,0.5,47.0,198.076,0.399,0.3,34727928.0
2026-09-01T04:19:51,1.3,6359,1547350,1529391,0.4,0.00,4.15,0.00,16.60,0.00,0.00,0.00,10655.0,95830.0,84696.0,100.0,6.5,0.5,30.5,177.332,0.372,0.3,31884381.0
2026-09-01T04:19:51,1.8,6357,1547350,1529392,0.4,0.00,2.26,0.00,9.05,0.00,0.00,0.00,10655.0,95830.0,84696.0,100.0,0.5,0.5,2.5,174.582,0.372,0.3,31884381.0
2026-09-01T04:19:52,1.3,6357,1547350,1529392,0.4,0.00,3.42,0.00,13.70,0.00,0.00,0.00,10655.0,95830.0,84696.0,100.0,22.5,0.5,50.0,186.247,0.372,0.3,31884381.0
2026-09-01T04:19:52,1.3,6359,1547350,1529390,0.4,0.00,4.15,0.00,16.60,0.00,0.00,0.00,10655.0,95830.0,84696.0,100.0,12.5,0.5,42.5,190.737,0.372,0.3,31884381.0
2026-09-01T04:19:52,1.3,6359,1547350,1529391,0.4,0.00,4.13,0.00,16.53,0.00,0.00,0.00,10655.0,95830.0,84696.0,100.0,8.5,0.5,41.0,209.331,0.400,0.3,37450373.5
2026-09-01T04:19:52,2.1,6361,1547350,1529388,0.4,0.00,3.60,0.00,14.39,0.00,0.00,0.00,10655.0,95830.0,84696.0,100.0,6.5,0.5,24.0,175.282,0.400,0.3,37450373.5
2026-09-01T04:19:53,1.3,6361,1547350,1529389,0.4,0.00,2.75,0.00,11.02,0.00,0.00,0.00,10655.0,95830.0,84696.0,48.0,18.0,0.5,50.0,173.250,0.400,0.3,37450373.5
2026-09-01T04:19:53,1.3,6361,1547350,1529389,0.4,0.00,4.13,0.00,16.53,0.00,0.00,0.00,10655.0,95830.0,84696.0,48.0,21.0,0.5,50.0,184.445,0.400,0.3,37450373.5
2026-09-01T04:19:53,1.4,6360,1547350,1529390,0.4,0.00,4.17,0.00,16.67,0.00,0.00,0.00,10655.0,95830.0,84696.0,48.0,1.0,0.5,4.5,182.344,0.331,0.3,28525397.0
2026-09-01T04:19:54,1.4,6359,1547350,1529390,0.4,0.00,1.45,0.00,5.81,0.00,0.00,0.00,10655.0,95830.0,84696.0,67.0,15.5,0.5,50.0,177.898,0.331,0.3,28525397.0
2026-09-01T04:19:54,1.4,6359,1547350,1529390,0.4,0.00,4.20,0.00,16.81,0.00,0.00,0.00,10655.0,95830.0,84696.0,67.0,20.0,0.5,50.0,183.232,0.331,0.3,28525397.0
2026-09-01T04:19:55,1.3,6359,1547350,1529390,0.4,0.00,4.13,0.00,16.53,0.00,0.00,0.00,10655.0,95830.0,84696.0,67.0,12.0,0.5,42.5,203.347,0.331,0.3,28525397.0
2026-09-01T04:19:55,1.3,6359,1547350,1529390,0.4,0.00,2.79,0.00,11.17,0.00,0.00,0.28,10655.0,95830.0,84696.0,85.0,8.5,0.5,41.0,209.230,0.451,0.3,39871810.0
2026-09-01T04:19:55,1.7,6360,1547350,1529389,0.4,0.00,3.73,0.00,14.93,0.00,0.00,0.00,10655.0,95830.0,84696.0,85.0,4.0,0.5,17.5,173.294,0.451,0.3,39871810.0
2026-09-01T04:19:55,1.3,6361,1547350,1529389,0.4,0.00,4.17,0.00,16.67,0.00,0.00,0.00,10655.0,95830.0,84696.0,85.0,17.0,0.5,50.0,169.826,0.451,0.3,39871810.0
2026-09-01T04:19:56,1.3,6360,1547350,1529390,0.4,0.00,8.30,0.00,33.20,0.00,0.00,0.00,10655.0,95830.0,84696.0,85.0,20.5,0.5,50.0,181.882,0.451,0.3,39871810.0
2026-09-01T04:19:56,1.3,6360,1547350,1529390,0.4,0.00,3.62,0.00,14.49,0.00,1.00,0.00,10655.0,95830.0,84696.0,100.0,23.0,0.5,49.5,189.246,0.365,0.3,21661748.0
2026-09-01T04:19:56,2.6,6361,1547350,1529389,0.4,0.00,4.00,0.00,16.00,0.00,0.00,0.00,10655.0,95830.0,84696.0,100.0,3.0,0.5,15.0,188.135,0.365,0.3,21661748.0
2026-09-01T04:19:57,1.1,6360,1547350,1529389,0.4,0.00,2.54,0.00,10.15,0.00,0.00,0.00,10655.0,95830.0,84696.0,100.0,18.0,0.5,50.0,182.778,0.365,0.3,21661748.0
2026-09-01T04:19:57,1.3,6362,1547350,1529388,0.4,0.00,2.74,0.00,10.96,0.00,0.00,0.00,10655.0,95830.0,84696.0,100.0,21.0,0.5,50.0,189.731,0.366,0.3,25563427.0
2026-09-01T04:19:57,1.4,6361,1547350,1529388,0.4,0.00,4.17,0.00,16.67,0.00,0.00,0.00,10655.0,95830.0,84696.0,100.0,2.5,0.5,11.0,190.121,0.366,0.3,25563427.0
2026-09-01T04:19:58,1.4,6361,1547350,1529389,0.4,0.00,2.11,0.00,8.42,0.00,0.00,0.00,10655.0,95830.0,84696.0,100.0,16.5,0.5,50.0,189.676,0.366,0.3,25563427.0
2026-09-01T04:19:58,1.3,6360,1547350,1529389,0.4,0.00,3.26,0.00,13.03,0.00,0.00,0.33,10655.0,95830.0,84696.0,100.0,20.5,0.5,50.0,188.580,0.365,0.3,25153175.0
2026-09-01T04:19:58,1.3,6360,1547350,1529390,0.4,0.00,3.94,0.00,15.75,0.00,0.00,0.00,10655.0,95830.0,84696.0,100.0,9.5,0.5,40.0,197.671,0.365,0.3,25153175.0
2026-09-01T04:19:58,2.0,6361,1547350,1529389,0.4,0.00,4.03,0.00,16.13,0.00,0.00,0.00,10655.0,95830.0,84696.0,100.0,0.5,0.5,2.5,170.299,0.365,0.3,25153175.0
2026-09-01T04:19:59,1.0,6361,1547350,1529388,0.4,0.00,2.06,0.00,8.23,0.00,0.00,0.00,10655.0,95830.0,84696.0,5.0,9.5,0.5,33.5,167.314,0.365,0.3,25153175.0
2026-09-01T04:19:59,1.3,6363,1547350,1529387,0.4,0.00,4.26,0.00,17.02,0.00,0.00,0.00,10655.0,95830.0,84696.0,5.0,18.5,0.5,50.0,173.333,0.343,0.3,29364687.0
2026-09-01T04:19:59,1.3,6362,1547350,1529387,0.4,0.00,4.44,0.00,17.78,0.00,0.00,0.00,10655.0,95830.0,84696.0,5.0,21.5,0.5,45.5,190.599,0.343,0.3,29364687.0
2026-09-01T04:20:00,1.3,6363,1547350,1529387,0.4,0.00,62.50,0.00,488.28,0.00,0.06,0.00,10655.0,95830.0,84696.0,5.0,8.5,0.5,41.0,207.035,0.343,0.3,29364687.0
2026-09-01T04:20:00,1.5,6363,1547350,1529386,0.4,0.00,4.65,0.00,18.60,0.00,0.00,0.00,10655.0,95830.0,84696.0,82.0,8.5,0.5,40.0,207.377,0.343,0.3,29364687.0
2026-09-01T04:20:00,1.7,6364,1547350,1529386,0.4,0.00,3.70,0.00,14.81,0.00,0.00,0.37,10655.0,95830.0,84696.0,82.0,0.0,0.5,0.0,157.697,0.315,0.2,39870357.5
2026-09-01T04:20:00,1.0,6365,1547350,1529385,0.4,0.00,2.72,0.00,10.87,0.00,0.00,0.00,10655.0,95830.0,84696.0,82.0,11.0,0.5,38.0,159.143,0.315,0.2,39870357.5
2026-09-01T04:20:01,1.3,6363,1547350,1529386,0.4,0.00,6.35,0.00,25.40,0.00,0.50,0.00,10655.0,95830.0,84696.0,100.0,22.0,0.5,50.0,176.209,0.315,0.2,39870357.5
2026-09-01T04:20:01,1.3,6363,1547350,1529386,0.4,0.00,4.15,0.00,16.60,0.00,0.00,0.00,10655.0,95830.0,84696.0,100.0,16.0,0.5,45.0,191.977,0.315,0.2,39870357.5
2026-09-01T04:20:01,1.4,6363,1547350,1529386,0.4,0.00,4.15,0.00,16.60,0.00,0.00,0.00,10655.0,95830.0,84696.0,100.0,8.5,0.5,41.0,211.717,0.439,0.3,34289332.5
2026-09-01T04:20:02,1.9,6367,1547350,1529382,0.4,0.00,4.13,0.00,16.53,0.00,0.00,0.00,10655.0,95830.0,84696.0,100.0,8.5,0.5,41.0,202.777,0.439,0.3,34289332.5
2026-09-01T04:20:02,1.3,6368,1547350,1529382,0.4,0.00,3.47,0.00,13.89,0.00,0.00,0.00,10655.0,95830.0,84696.0,78.0,8.5,0.5,39.5,185.062,0.439,0.3,34289332.5
2026-09-01T04:20:02,1.3,6368,1547350,1529381,0.4,0.00,3.72,0.00,14.87,0.00,0.00,0.00,10655.0,95830.0,84696.0,78.0,8.5,0.5,39.5,181.290,0.439,0.3,34289332.5
2026-09-01T04:20:02,1.3,6368,1547350,1529381,0.4,0.00,4.10,0.00,16.39,0.00,0.00,0.00,10655.0,95830.0,84696.0,78.0,8.5,0.5,41.0,180.373,0.396,0.3,66099616.0
2026-09-01T04:20:03,1.4,6369,1547350,1529381,0.4,0.00,3.97,0.00,15.87,0.00,0.00,0.00,10655.0,95830.0,84696.0,78.0,8.5,0.5,41.0,179.477,0.396,0.3,66099616.0
2026-09-01T04:20:03,1.6,6368,1547350,1529382,0.4,0.00,2.68,0.00,10.72,0.00,0.00,0.00,10655.0,95830.0,84696.0,82.0,3.5,0.5,17.0,156.192,0.396,0.3,66099616.0
2026-09-01T04:20:03,1.3,6369,1547350,1529381,0.4,0.00,4.03,0.00,16.13,0.00,0.00,0.00,10655.0,95830.0,84696.0,82.0,3.0,0.5,12.0,167.619,0.396,0.3,66099616.0
2026-09-01T04:20:03,1.3,6369,1547350,1529381,0.4,0.00,4.22,0.00,16.88,0.00,0.00,0.00,10655.0,95830.0,84696.0,82.0,20.5,0.5,50.0,178.804,0.341,0.3,33036566.0
2026-09-01T04:20:04,1.3,6369,1547350,1529380,0.4,0.00,4.08,0.00,16.33,0.00,0.00,0.00,10655.0,95830.0,84696.0,100.0,23.0,0.5,50.0,197.113,0.341,0.3,33036566.0
2026-09-01T04:20:04,1.4,6369,1547350,1529380,0.4,0.00,3.12,0.00,12.46,0.00,0.00,0.00,10655.0,95830.0,84696.0,100.0,9.0,0.5,41.0,213.875,0.341,0.3,33036566.0
2026-09-01T04:20:04,1.3,6371,1547350,1529379,0.4,0.00,4.27,0.00,17.09,0.00,0.00,0.00,10655.0,95830.0,84696.0,100.0,8.0,0.5,38.5,200.064,0.341,0.3,33036566.0
2026-09-01T04:20:04,1.3,6370,1547350,1529379,0.4,0.00,4.08,0.00,16.33,0.00,0.00,0.00,10655.0,95830.0,84696.0,4.0,0.5,0.5,2.0,156.251,0.336,0.2,41805176.5
2026-09-01T04:20:05,1.2,6370,1547350,1529379,0.4,0.00,1.68,0.00,6.72,0.00,0.00,0.00,10655.0,95830.0,84696.0,4.0,18.0,0.5,50.0,166.168,0.336,0.2,41805176.5
2026-09-01T04:20:05,1.3,6370,1547350,1529380,0.4,0.00,3.89,0.00,15.56,0.00,0.00,0.39,10655.0,95830.0,84696.0,4.0,21.5,0.5,50.0,183.635,0.336,0.2,41805176.5
2026-09-01T04:20:06,1.3,6369,1547350,1529380,0.4,0.00,3.97,0.00,15.87,0.00,0.00,0.00,10655.0,95830.0,84696.0,4.0,8.5,0.5,41.0,210.620,0.336,0.2,41805176.5
2026-09-01T04:20:06,1.9,6368,1547350,1529381,0.4,0.00,2.67,0.00,10.67,0.00,0.00,0.00,10655.0,95830.0,84696.0,82.0,7.5,0.5,35.0,183.658,0.363,0.3,35696870.5
2026-09-01T04:20:06,1.3,6369,1547350,1529381,0.4,0.00,19.51,0.00,87.80,0.00,0.12,0.00,10655.0,95830.0,84696.0,82.0,13.5,0.5,46.0,176.555,0.363,0.3,35696870.5
2026-09-01T04:20:07,1.3,6368,1547350,1529382,0.4,0.00,4.15,0.00,16.60,0.00,0.00,0.00,10655.0,95830.0,84696.0,82.0,22.5,0.5,50.0,191.746,0.363,0.3,35696870.5
2026-09-01T04:20:07,1.4,6368,1547350,1529381,0.4,0.00,3.07,0.00,12.27,0.00,0.00,0.00,10655.0,95830.0,84696.0,100.0,13.5,0.5,43.0,209.037,0.363,0.3,35696870.5
2026-09-01T04:20:07,1.3,6370,1547350,1529379,0.4,0.00,4.05,0.00,16.19,0.00,0.00,0.00,10655.0,95830.0,84696.0,100.0,8.0,0.5,38.0,205.233,0.436,0.3,40367860.0
2026-09-01T04:20:07,1.8,6370,1547350,1529380,0.4,0.00,3.76,0.00,15.04,0.00,0.00,0.00,10655.0,95830.0,84696.0,100.0,8.5,0.5,4.0,171.234,0.436,0.3,40367860.0
2026-09-01T04:20:08,1.3,6368,1547350,1529382,0.4,0.00,4.17,0.00,16.67,0.00,0.00,0.00,10655.0,95830.0,84696.0,100.0,11.0,0.5,39.0,167.616,0.436,0.3,40367860.0
2026-09-01T04:20:08,1.3,6368,1547350,1529382,0.4,0.00,3.57,0.00,14.29,0.00,1.00,0.00,10655.0,95830.0,84696.0,8.0,19.0,0.5,50.0,185.321,0.436,0.3,40367860.0
2026-09-01T04:20:08,1.3,6367,1547350,1529382,0.4,0.00,4.18,0.00,16.74,0.00,0.00,0.00,10655.0,95830.0,84696.0,8.0,22.0,0.5,50.0,191.709,0.369,0.3,22188025.5
2026-09-01T04:20:08,1.7,6367,1547350,1529382,0.4,0.00,3.89,0.00,15.56,0.00,0.00,0.39,10655.0,95830.0,84696.0,8.0,2.5,0.5,12.0,191.299,0.369,0.3,22188025.5
2026-09-01T04:20:09,1.3,6368,1547350,1529381,0.4,0.00,3.17,0.00,12.70,0.00,0.00,0.00,10655.0,95830.0,84696.0,24.0,18.0,0.5,50.0,190.033,0.369,0.3,22188025.5
2026-09-01T04:20:09,1.3,6367,1547350,1529382,0.4,0.00,3.09,0.00,12.35,0.00,0.00,0.31,10655.0,95830.0,84696.0,24.0,21.5,0.5,50.0,190.624,0.369,0.3,22188025.5
2026-09-01T04:20:09,1.3,6368,1547350,1529381,0.4,0.00,3.97,0.00,15.87,0.00,0.00,0.00,10655.0,95830.0,84696.0,24.0,18.5,0.5,46.5,203.338,0.374,0.3,26469732.0
2026-09-01T04:20:10,1.5,6368,1547350,1529382,0.4,0.00,3.69,0.00,14.76,0.00,0.00,0.00,10655.0,95830.0,84696.0,24.0,2.5,0.5,11.5,182.612,0.374,0.3,26469732.0
2026-09-01T04:20:10,1.3,6368,1547350,1529381,0.4,0.00,2.82,0.00,11.30,0.00,0.00,0.00,10655.0,95830.0,84696.0,82.0,5.0,0.5,20.0,176.430,0.374,0.3,26469732.0
2026-09-01T04:20:10,1.3,6368,1547350,1529382,0.4,0.00,4.24,0.00,16.95,0.00,0.00,0.00,10655.0,95830.0,84696.0,82.0,17.5,0.5,50.0,180.132,0.374,0.3,26469732.0
2026-09-01T04:20:10,1.3,6368,1547350,1529382,0.4,0.00,4.20,0.00,16.81,0.00,0.00,0.00,10655.0,95830.0,84696.0,82.0,21.0,0.5,50.0,194.527,0.360,0.3,23944602.5
2026-09-01T04:20:11,1.3,6367,1547350,1529383,0.4,0.00,4.15,0.00,16.60,0.00,0.00,0.00,10655.0,95830.0,84696.0,82.0,8.5,0.5,41.0,213.600,0.360,0.3,23944602.5
2026-09-01T04:20:11,1.3,6366,1547350,1529383,0.4,0.00,3.64,0.00,14.55,0.00,0.00,0.00,10655.0,95830.0,84696.0,95.0,8.5,0.5,41.0,200.856,0.360,0.3,23944602.5
2026-09-01T04:20:11,1.6,6366,1547350,1529383,0.4,0.00,7.43,0.00,44.61,0.00,0.00,0.00,10655.0,95830.0,84696.0,95.0,3.5,0.5,16.0,164.828,0.360,0.3,23944602.5
2026-09-01T04:20:12,1.4,6364,1547350,1529385,0.4,0.00,3.37,0.00,13.47,0.00,0.00,0.00,10655.0,95830.0,84696.0,95.0,7.5,0.5,28.0,170.896,0.344,0.2,46255137.0
2026-09-01T04:20:12,1.4,6362,1547350,1529387,0.4,0.00,2.92,0.00,11.66,0.00,0.00,0.00,10655.0,95830.0,84696.0,56.0,18.0,0.5,50.0,193.144,0.344,0.2,46255137.0
2026-09-01T04:20:12,1.3,6363,1547350,1529387,0.4,0.00,4.15,0.00,16.60,0.00,0.00,0.00,10655.0,95830.0,84696.0,56.0,19.0,0.5,46.5,198.727,0.344,0.2,46255137.0
2026-09-01T04:20:12,1.3,6364,1547350,1529385,0.4,0.00,3.97,0.00,15.87,0.00,0.00,0.00,10655.0,95830.0,84696.0,56.0,8.0,0.5,39.0,208.067,0.344,0.2,46255137.0
2026-09-01T04:20:13,1.3,6365,1547350,1529385,0.4,0.00,4.24,0.00,16.95,0.00,0.00,0.00,10655.0,95830.0,84696.0,56.0,8.5,0.5,40.5,188.735,0.429,0.3,48996713.5
2026-09-01T04:20:13,1.5,6365,1547350,1529384,0.4,0.00,2.17,0.00,8.68,0.00,0.00,0.00,10655.0,95830.0,84696.0,77.0,4.5,0.5,21.0,168.419,0.429,0.3,48996713.5
2026-09-01T04:20:13,1.3,6366,1547350,1529384,0.4,0.00,4.08,0.00,16.33,0.00,1.00,0.00,10655.0,95830.0,84696.0,77.0,17.5,0.5,50.0,179.423,0.429,0.3,48996713.5
2026-09-01T04:20:14,1.3,6366,1547350,1529384,0.4,0.00,4.22,0.00,16.88,0.00,0.00,0.00,10655.0,95830.0,84696.0,77.0,21.0,0.5,50.0,192.911,0.429,0.3,48996713.5
2026-09-01T04:20:14,1.7,6366,1547350,1529383,0.4,0.00,3.12,0.00,12.50,0.00,0.00,0.00,10655.0,95830.0,84696.0,100.0,6.0,0.5,27.0,186.572,0.340,0.3,28131923.0
2026-09-01T04:20:14,1.2,6367,1547350,1529383,0.4,0.00,1.88,0.00,7.52,0.00,0.00,0.00,10655.0,95830.0,84696.0,100.0,2.5,0.5,11.5,182.172,0.340,0.3,28131923.0
2026-09-01T04:20:15,1.3,6367,1547350,1529382,0.4,0.00,3.83,0.00,15.33,0.00,0.00,0.00,10655.0,95830.0,84696.0,100.0,20.5,0.5,50.0,191.261,0.340,0.3,28131923.0
2026-09-01T04:20:15,1.3,6367,1547350,1529382,0.4,0.00,3.03,0.00,12.12,0.00,0.00,0.00,10655.0,95830.0,84696.0,100.0,23.0,0.5,50.0,201.147,0.340,0.3,28131923.0
2026-09-01T04:20:15,1.4,6366,1547350,1529383,0.4,0.00,4.13,0.00,16.53,0.00,0.00,0.00,10655.0,95830.0,84696.0,100.0,9.5,0.5,41.5,212.477,0.433,0.3,36685943.5
2026-09-01T04:20:15,1.3,6366,1547350,1529383,0.4,0.00,3.91,0.00,15.62,0.00,0.00,0.00,10655.0,95830.0,84696.0,100.0,8.5,0.5,41.5,197.023,0.433,0.3,36685943.5
2026-09-01T04:20:16,1.7,6366,1547350,1529383,0.4,0.00,3.50,0.00,13.99,0.00,0.00,0.00,10655.0,95830.0,84696.0,82.0,6.0,0.5,28.5,164.913,0.433,0.3,36685943.5
2026-09-01T04:20:16,1.3,6367,1547350,1529383,0.4,0.00,3.64,0.00,14.55,0.00,0.00,0.00,10655.0,95830.0,84696.0,82.0,1.5,0.5,8.0,174.098,0.433,0.3,36685943.5
2026-09-01T04:20:16,1.3,6367,1547350,1529382,0.4,0.00,4.15,0.00,16.60,0.00,0.00,0.00,10655.0,95830.0,84696.0,82.0,16.0,0.5,50.0,183.886,0.350,0.3,33361453.5
2026-09-01T04:20:17,1.2,6367,1547350,1529382,0.4,0.00,3.75,0.00,14.98,0.00,0.00,0.00,10655.0,95830.0,84696.0,82.0,10.5,0.5,42.0,195.667,0.350,0.3,33361453.5
2026-09-01T04:20:17,1.5,6367,1547350,1529382,0.4,0.00,3.05,0.00,12.20,0.00,0.00,0.00,10655.0,95830.0,84696.0,84.0,8.5,0.5,41.0,211.894,0.350,0.3,33361453.5
2026-09-01T04:20:17,1.5,6368,1547350,1529382,0.4,0.00,14.34,0.00,57.35,0.00,0.00,0.00,10655.0,95830.0,84696.0,84.0,1.5,0.5,6.5,180.154,0.350,0.3,33361453.5
2026-09-01T04:20:17,1.3,6366,1547350,1529383,0.4,0.00,3.64,0.00,14.55,0.00,1.00,0.00,10655.0,95830.0,84696.0,84.0,15.5,0.5,50.0,175.071,0.376,0.3,39901258.5
2026-09-01T04:20:18,1.3,6366,1547350,1529384,0.4,0.00,3.82,0.00,15.27,0.00,0.00,0.00,10655.0,95830.0,84696.0,100.0,22.5,0.5,50.0,191.295,0.376,0.3,39901258.5
2026-09-01T04:20:18,1.3,6366,1547350,1529384,0.4,0.00,3.28,0.00,13.11,0.00,0.00,0.00,10655.0,95830.0,84696.0,100.0,11.5,0.5,42.5,195.552,0.376,0.3,39901258.5
2026-09-01T04:20:18,1.3,6365,1547350,1529385,0.4,0.00,4.10,0.00,16.39,0.00,0.00,0.00,10655.0,95830.0,84696.0,100.0,8.5,0.5,41.0,209.469,0.376,0.3,39901258.5
2026-09-01T04:20:19,1.7,6366,1547350,1529383,0.4,0.00,3.53,0.00,14.13,0.00,0.00,0.00,10655.0,95830.0,84696.0,100.0,3.5,0.5,16.5,175.530,0.350,0.3,37291116.0
2026-09-01T04:20:19,1.4,6369,1547350,1529380,0.4,0.00,4.12,0.00,16.46,0.00,0.00,0.00,10655.0,95830.0,84696.0,34.0,17.0,0.5,50.0,172.882,0.350,0.3,37291116.0
2026-09-01T04:20:19,1.3,6370,1547350,1529380,0.4,0.00,4.05,0.00,16.19,0.00,0.00,0.40,10655.0,95830.0,84696.0,34.0,20.5,0.5,50.0,184.989,0.350,0.3,37291116.0
2026-09-01T04:20:19,1.3,6369,1547350,1529380,0.4,0.00,2.98,0.00,11.90,0.00,0.00,0.00,10655.0,95830.0,84696.0,34.0,8.5,0.5,41.0,198.957,0.350,0.3,37291116.0
2026-09-01T04:20:20,1.4,6369,1547350,1529381,0.4,0.00,4.05,0.00,16.19,0.00,0.00,0.00,10655.0,95830.0,84696.0,34.0,8.5,0.5,41.0,212.873,0.443,0.3,38163648.5
2026-09-01T04:20:20,1.3,6369,1547350,1529381,0.4,0.00,3.27,0.00,13.07,0.00,0.00,0.00,10655.0,95830.0,84696.0,82.0,8.5,0.5,41.5,200.204,0.443,0.3,38163648.5
2026-09-01T04:20:20,1.3,6369,1547350,1529380,0.4,0.00,4.10,0.00,16.39,0.00,0.00,0.00,10655.0,95830.0,84696.0,82.0,8.5,0.5,41.0,186.171,0.443,0.3,38163648.5
2026-09-01T04:20:20,1.5,6368,1547350,1529381,0.4,0.00,3.64,0.00,14.55,0.00,0.00,0.00,10655.0,95830.0,84696.0,82.0,1.5,0.5,7.0,173.395,0.443,0.3,38163648.5
2026-09-01T04:20:21,1.3,6369,1547350,1529381,0.4,0.00,2.67,0.00,10.70,0.00,0.00,0.00,10655.0,95830.0,84696.0,81.0,19.0,0.5,50.0,181.976,0.363,0.3,42723544.0
2026-09-01T04:20:21,1.2,6368,1547350,1529381,0.4,0.00,4.03,0.00,16.13,0.00,0.00,0.00,10655.0,95830.0,84696.0,81.0,22.0,0.5,50.0,196.465,0.363,0.3,42723544.0
2026-09-01T04:20:21,2.1,6368,1547350,1529381,0.4,0.00,4.03,0.00,16.13,0.00,0.00,0.00,10655.0,95830.0,84696.0,81.0,2.5,0.5,10.5,193.108,0.363,0.3,42723544.0
2026-09-01T04:20:22,1.2,6369,1547350,1529380,0.4,0.00,2.29,0.00,9.17,0.00,0.00,0.23,10655.0,95830.0,84696.0,64.0,18.5,0.5,50.0,193.189,0.363,0.3,42723544.0
2026-09-01T04:20:22,1.3,6369,1547350,1529380,0.4,0.00,3.51,0.00,14.04,0.00,0.00,0.00,10655.0,95830.0,84696.0,64.0,21.5,0.5,50.0,193.204,0.391,0.3,24508313.0
2026-09-01T04:20:22,1.3,6368,1547350,1529381,0.4,0.00,3.88,0.00,15.50,0.00,0.00,0.00,10655.0,95830.0,84696.0,64.0,18.0,0.5,46.0,197.900,0.391,0.3,24508313.0
2026-09-01T04:20:23,1.7,6369,1547350,1529381,0.4,0.00,12.00,0.00,48.00,0.00,0.00,0.00,10655.0,95830.0,84696.0,8.0,10.5,0.5,36.5,184.792,0.391,0.3,24508313.0
2026-09-01T04:20:23,1.3,6369,1547350,1529381,0.4,0.00,2.00,0.00,8.02,0.00,1.00,0.00,10655.0,95830.0,84696.0,8.0,19.0,0.5,50.0,183.598,0.352,0.3,29638826.5
2026-09-01T04:20:23,1.3,6369,1547350,1529381,0.4,0.00,3.83,0.00,15.33,0.00,0.00,0.00,10655.0,95830.0,84696.0,8.0,21.5,0.5,50.0,193.212,0.352,0.3,29638826.5
2026-09-01T04:20:24,1.4,6368,1547350,1529381,0.4,0.00,3.92,0.00,15.69,0.00,0.00,0.39,10655.0,95830.0,84696.0,8.0,16.5,0.5,45.5,204.159,0.352,0.3,29638826.5
2026-09-01T04:20:24,1.3,6368,1547350,1529381,0.4,0.00,4.12,0.00,16.46,0.00,0.00,0.00,10655.0,95830.0,84696.0,83.0,0.5,0.5,3.0,180.065,0.352,0.3,29638826.5
2026-09-01T04:20:24,1.5,6370,1547350,1529380,0.4,0.00,1.69,0.00,6.76,0.00,0.00,0.00,10655.0,95830.0,84696.0,83.0,15.0,0.5,49.0,182.989,0.377,0.3,34540084.0
2026-09-01T04:20:25,1.2,6370,1547350,1529379,0.4,0.00,3.91,0.00,15.62,0.00,0.00,0.00,10655.0,95830.0,84696.0,83.0,22.5,0.5,50.0,193.341,0.377,0.3,34540084.0
2026-09-01T04:20:25,1.4,6370,1547350,1529380,0.4,0.00,3.31,0.00,13.25,0.00,0.00,0.00,10655.0,95830.0,84696.0,100.0,12.5,0.5,41.5,207.112,0.377,0.3,34540084.0
2026-09-01T04:20:25,1.5,6370,1547350,1529380,0.4,0.00,3.73,0.00,14.93,0.00,0.00,0.00,10655.0,95830.0,84696.0,100.0,0.5,0.5,2.0,183.246,0.377,0.3,34540084.0
2026-09-01T04:20:25,1.3,6370,1547350,1529380,0.4,0.00,3.83,0.00,15.33,0.00,0.00,0.00,10655.0,95830.0,84696.0,100.0,14.5,0.5,48.0,180.012,0.355,0.3,28757510.0
2026-09-01T04:20:26,1.3,6370,1547350,1529380,0.4,0.00,4.07,0.00,16.26,0.00,0.00,0.00,10655.0,95830.0,84696.0,100.0,22.5,0.5,50.0,191.942,0.355,0.3,28757510.0
2026-09-01T04:20:26,1.3,6369,1547350,1529380,0.4,0.00,2.99,0.00,11.98,0.00,0.00,0.00,10655.0,95830.0,84696.0,100.0,13.0,0.5,42.0,199.538,0.355,0.3,28757510.0
2026-09-01T04:20:26,1.4,6368,1547350,1529381,0.4,0.00,4.13,0.00,16.53,0.00,0.00,0.00,10655.0,95830.0,84696.0,100.0,8.5,0.5,40.0,209.880,0.355,0.3,28757510.0
2026-09-01T04:20:27,1.3,6368,1547350,1529381,0.4,0.00,4.00,0.00,16.00,0.00,0.00,0.00,10655.0,95830.0,84696.0,100.0,8.5,0.5,40.5,199.353,0.436,0.3,47313312.0
2026-09-01T04:20:27,1.4,6371,1547350,1529379,0.4,0.00,3.80,0.00,15.21,0.00,0.00,0.00,10655.0,95830.0,84696.0,77.0,8.0,0.5,38.5,181.065,0.436,0.3,47313312.0
2026-09-01T04:20:27,1.3,6370,1547350,1529379,0.4,0.00,4.10,0.00,16.39,0.00,0.00,0.00,10655.0,95830.0,84696.0,77.0,8.5,0.5,39.0,180.524,0.436,0.3,47313312.0
2026-09-01T04:20:27,1.3,6371,1547350,1529379,0.4,0.00,4.13,0.00,16.53,0.00,0.00,0.00,10655.0,95830.0,84696.0,77.0,8.0,0.5,39.0,180.207,0.436,0.3,47313312.0
2026-09-01T04:20:28,1.9,6370,1547350,1529380,0.4,0.00,3.98,0.00,15.94,0.00,0.00,0.00,10655.0,95830.0,84696.0,77.0,5.5,0.5,26.0,161.560,0.436,0.3,47313312.0
2026-09-01T04:20:28,1.3,6371,1547350,1529379,0.4,0.00,2.46,0.00,9.85,0.00,0.00,0.00,10655.0,95830.0,84696.0,28.0,17.0,0.5,50.0,180.280,0.323,0.2,53631224.5
2026-09-01T04:20:28,1.2,6371,1547350,1529379,0.4,0.00,8.26,0.00,33.06,0.00,0.00,0.00,10655.0,95830.0,84696.0,28.0,20.5,0.5,50.0,192.223,0.323,0.2,53631224.5
2026-09-01T04:20:29,1.3,6371,1547350,1529379,0.4,0.00,2.75,0.00,11.02,0.00,0.00,0.00,10655.0,95830.0,84696.0,28.0,8.0,0.5,38.0,213.764,0.436,0.3,33528109.0
2026-09-01T04:20:29,1.7,6370,1547350,1529379,0.4,0.00,4.22,0.00,16.88,0.00,1.00,0.00,10655.0,95830.0,84696.0,80.0,8.0,0.5,28.5,175.727,0.436,0.3,33528109.0
2026-09-01T04:20:29,1.3,6370,1547350,1529379,0.4,0.00,2.00,0.00,8.02,0.00,0.00,0.00,10655.0,95830.0,84696.0,80.0,18.0,0.5,50.0,184.522,0.436,0.3,33528109.0
2026-09-01T04:20:30,1.3,6370,1547350,1529380,0.4,0.00,3.33,0.00,13.33,0.00,0.00,0.00,10655.0,95830.0,84696.0,80.0,21.5,0.5,50.0,195.101,0.376,0.3,29070294.0
2026-09-01T04:20:30,1.4,6370,1547350,1529379,0.4,0.00,16.46,0.00,193.42,0.00,0.00,0.00,10655.0,95830.0,84696.0,91.0,8.5,0.5,39.5,212.672,0.376,0.3,29070294.0
2026-09-01T04:20:30,1.4,6370,1547350,1529379,0.4,0.00,4.08,0.00,16.33,0.00,0.00,0.00,10655.0,95830.0,84696.0,91.0,8.5,0.5,39.5,207.697,0.376,0.3,29070294.0
2026-09-01T04:20:30,1.3,6369,1547350,1529380,0.4,0.00,4.17,0.00,16.67,0.00,0.00,0.00,10655.0,95830.0,84696.0,91.0,3.0,0.5,15.0,169.784,0.376,0.3,29070294.0
2026-09-01T04:20:31,1.5,6369,1547350,1529380,0.4,0.00,2.40,0.00,9.62,0.00,0.00,0.00,10655.0,95830.0,84696.0,52.0,7.0,0.5,50.0,179.365,0.346,0.2,42786739.0
2026-09-01T04:20:31,1.4,6369,1547350,1529380,0.4,0.00,2.87,0.00,11.49,0.00,0.00,0.00,10655.0,95830.0,84696.0,52.0,21.0,0.5,50.0,191.224,0.346,0.2,42786739.0
2026-09-01T04:20:31,1.3,6369,1547350,1529381,0.4,0.00,4.12,0.00,16.46,0.00,0.00,0.41,10655.0,95830.0,84696.0,52.0,19.5,0.5,47.0,204.035,0.346,0.2,42786739.0
2026-09-01T04:20:32,1.4,6369,1547350,1529381,0.4,0.00,3.98,0.00,15.94,0.00,0.00,0.00,10655.0,95830.0,84696.0,52.0,8.5,0.5,40.5,210.571,0.346,0.2,42786739.0
2026-09-01T04:20:32,1.4,6370,1547350,1529380,0.4,0.00,4.27,0.00,17.09,0.00,0.00,0.00,10655.0,95830.0,84696.0,77.0,8.0,0.5,38.5,196.126,0.426,0.3,49503650.0
2026-09-01T04:20:32,1.6,6369,1547350,1529380,0.4,0.00,3.02,0.00,12.08,0.00,0.00,0.00,10655.0,95830.0,84696.0,77.0,0.5,0.5,2.0,149.846,0.426,0.3,49503650.0
2026-09-01T04:20:33,1.0,6368,1547350,1529381,0.4,0.00,2.52,0.00,10.08,0.00,0.00,0.00,10655.0,95830.0,84696.0,77.0,8.0,0.5,29.0,170.320,0.426,0.3,49503650.0
2026-09-01T04:20:33,1.3,6369,1547350,1529380,0.4,0.00,2.28,0.00,9.11,0.00,0.00,0.00,10655.0,95830.0,84696.0,58.0,21.5,0.5,50.0,189.921,0.337,0.3,23482292.5
2026-09-01T04:20:33,1.5,6368,1547350,1529381,0.4,0.00,4.07,0.00,16.26,0.00,1.00,0.41,10655.0,95830.0,84696.0,58.0,19.0,0.5,46.5,207.861,0.337,0.3,23482292.5
2026-09-01T04:20:33,2.6,6369,1547350,1529381,0.4,0.00,4.02,0.00,16.06,0.00,0.00,0.00,10655.0,95830.0,84696.0,58.0,6.5,0.5,31.0,180.753,0.337,0.3,23482292.5
2026-09-01T04:20:34,0.9,6367,1547350,1529382,0.4,0.00,5.18,0.00,20.73,0.00,0.00,0.00,10655.0,95830.0,84696.0,62.0,0.5,0.5,47.5,175.875,0.337,0.3,23482292.5
2026-09-01T04:20:34,1.4,6368,1547350,1529382,0.4,0.00,4.18,0.00,16.74,0.00,0.00,0.00,10655.0,95830.0,84696.0,62.0,19.5,0.5,50.0,183.752,0.353,0.3,32729335.5
2026-09-01T04:20:34,1.3,6368,1547350,1529382,0.4,0.00,4.13,0.00,16.53,0.00,0.00,0.00,10655.0,95830.0,84696.0,62.0,13.0,0.5,41.5,214.004,0.353,0.3,32729335.5
2026-09-01T04:20:35,1.3,6369,1547350,1529381,0.4,0.00,2.07,0.00,8.26,0.00,0.00,0.21,10655.0,95830.0,84696.0,83.0,8.0,0.5,39.0,203.033,0.353,0.3,32729335.5
2026-09-01T04:20:35,1.7,6371,1547350,1529379,0.4,0.00,3.58,0.00,14.34,0.00,0.00,0.00,10655.0,95830.0,84696.0,83.0,6.5,0.5,29.5,168.269,0.326,0.2,43516123.0
2026-09-01T04:20:35,1.3,6370,1547350,1529379,0.4,0.00,3.04,0.00,12.16,0.00,0.00,0.00,10655.0,95830.0,84696.0,83.0,1.5,0.5,8.0,173.167,0.326,0.2,43516123.0
2026-09-01T04:20:36,1.3,6371,1547350,1529378,0.4,0.00,4.17,0.00,16.67,0.00,0.00,0.00,10655.0,95830.0,84696.0,83.0,16.0,0.5,50.0,190.020,0.326,0.2,43516123.0
2026-09-01T04:20:36,1.3,6372,1547350,1529378,0.4,0.00,2.96,0.00,11.83,0.00,0.00,0.00,10655.0,95830.0,84696.0,100.0,22.5,0.5,50.0,202.297,0.326,0.2,43516123.0
2026-09-01T04:20:36,1.5,6372,1547350,1529377,0.4,0.00,3.97,0.00,15.87,0.00,0.00,0.00,10655.0,95830.0,84696.0,100.0,11.0,0.5,42.0,209.574,0.460,0.4,38178957.0
2026-09-01T04:20:37,1.9,6372,1547350,1529378,0.4,0.00,3.68,0.00,14.71,0.00,0.00,0.00,10655.0,95830.0,84696.0,100.0,6.5,0.5,30.0,174.980,0.460,0.4,38178957.0
2026-09-01T04:20:37,1.4,6371,1547350,1529379,0.4,0.00,3.26,0.00,13.03,0.00,0.00,0.00,10655.0,95830.0,84696.0,60.0,1.0,0.5,3.5,170.808,0.460,0.4,38178957.0
2026-09-01T04:20:37,1.3,6370,1547350,1529379,0.4,0.00,3.77,0.00,15.09,0.00,0.00,0.00,10655.0,95830.0,84696.0,60.0,20.0,0.5,50.0,186.912,0.460,0.4,38178957.0
2026-09-01T04:20:37,1.3,6371,1547350,1529379,0.4,0.00,4.10,0.00,16.39,0.00,0.00,0.00,10655.0,95830.0,84696.0,60.0,22.5,0.5,50.0,194.379,0.369,0.3,25902401.0
2026-09-01T04:20:38,1.3,6372,1547350,1529378,0.4,0.00,4.88,0.00,19.51,0.00,0.00,0.00,10655.0,95830.0,84696.0,60.0,12.0,0.5,42.0,206.464,0.369,0.3,25902401.0
2026-09-01T04:20:38,1.4,6373,1547350,1529377,0.4,0.00,3.97,0.00,15.87,0.00,0.00,0.00,10655.0,95830.0,84696.0,84.0,8.5,0.5,40.5,204.894,0.369,0.3,25902401.0
2026-09-01T04:20:38,1.3,6372,1547350,1529377,0.4,0.00,3.18,0.00,12.74,0.00,0.00,0.00,10655.0,95830.0,84696.0,84.0,5.0,0.5,22.5,162.867,0.323,0.2,53291146.0
2026-09-01T04:20:39,1.5,6372,1547350,1529378,0.4,0.00,2.15,0.00,8.60,0.00,0.00,0.00,10655.0,95830.0,84696.0,84.0,4.0,0.5,16.0,171.188,0.323,0.2,53291146.0
2026-09-01T04:20:39,1.3,6372,1547350,1529378,0.4,0.00,3.76,0.00,15.04,0.00,0.00,0.00,10655.0,95830.0,84696.0,32.0,17.0,0.5,50.0,187.606,0.323,0.2,53291146.0
2026-09-01T04:20:39,1.3,6372,1547350,1529378,0.4,0.00,3.52,0.00,14.08,0.00,0.00,0.00,10655.0,95830.0,84696.0,32.0,22.5,0.5,49.5,198.291,0.323,0.2,53291146.0
2026-09-01T04:20:39,1.3,6371,1547350,1529378,0.4,0.00,4.10,0.00,16.39,0.00,1.00,0.00,10655.0,95830.0,84696.0,32.0,8.5,0.5,40.5,215.661,0.445,0.3,35064508.5
2026-09-01T04:20:40,1.3,6370,1547350,1529379,0.4,0.00,4.35,0.00,17.39,0.00,0.00,0.00,10655.0,95830.0,84696.0,76.0,0.5,0.5,2.5,148.364,0.445,0.3,35064508.5
2026-09-01T04:20:40,1.3,6372,1547350,1529377,0.4,0.00,3.45,0.00,13.79,0.00,0.00,0.00,10655.0,95830.0,84696.0,76.0,7.5,0.5,28.0,150.267,0.445,0.3,35064508.5
2026-09-01T04:20:40,1.3,6372,1547350,1529378,0.4,0.00,4.00,0.00,16.00,0.00,0.00,0.40,10655.0,95830.0,84696.0,76.0,18.0,0.5,50.0,160.227,0.445,0.3,35064508.5
2026-09-01T04:20:41,1.3,6371,1547350,1529378,0.4,0.00,4.00,0.00,16.00,0.00,0.00,0.00,10655.0,95830.0,84696.0,76.0,19.0,0.5,46.0,193.766,0.242,0.2,15994007.5
2026-09-01T04:20:41,1.4,6371,1547350,1529378,0.4,0.00,4.00,0.00,16.00,0.00,0.00,0.00,10655.0,95830.0,84696.0,92.0,8.5,0.5,40.0,213.053,0.242,0.2,15994007.5
2026-09-01T04:20:41,1.3,6372,1547350,1529377,0.4,0.00,3.88,0.00,15.50,0.00,0.00,0.00,10655.0,95830.0,84696.0,92.0,8.5,0.5,39.5,204.219,0.242,0.2,15994007.5
2026-09-01T04:20:41,1.4,6372,1547350,1529378,0.4,0.00,4.24,0.00,16.95,0.00,0.00,0.00,10655.0,95830.0,84696.0,92.0,8.5,0.5,41.5,192.762,0.242,0.2,15994007.5
2026-09-01T04:20:42,1.3,6371,1547350,1529378,0.4,0.00,3.79,0.00,15.15,0.00,0.00,0.00,10655.0,95830.0,84696.0,92.0,8.5,0.5,41.0,183.898,0.414,0.3,62692101.5
2026-09-01T04:20:42,1.8,6370,1547350,1529379,0.4,0.00,2.45,0.00,9.80,0.00,0.00,0.00,10655.0,95830.0,84696.0,82.0,0.5,0.5,2.5,164.995,0.414,0.3,62692101.5
2026-09-01T04:20:42,1.2,6369,1547350,1529380,0.4,0.00,2.35,0.00,9.41,0.00,0.00,0.00,10655.0,95830.0,84696.0,82.0,13.5,0.5,45.5,175.494,0.414,0.3,62692101.5
2026-09-01T04:20:43,1.3,6369,1547350,1529381,0.4,0.00,4.00,0.00,16.00,0.00,0.00,0.00,10655.0,95830.0,84696.0,82.0,19.5,0.5,50.0,186.809,0.414,0.3,62692101.5
2026-09-01T04:20:43,1.3,6368,1547350,1529381,0.4,0.00,3.00,0.00,12.01,0.00,0.00,0.00,10655.0,95830.0,84696.0,100.0,14.0,0.5,44.0,203.150,0.377,0.3,32514398.5
2026-09-01T04:20:43,1.3,6367,1547350,1529383,0.4,0.00,3.58,0.00,14.34,0.00,0.00,0.00,10655.0,95830.0,84696.0,100.0,8.5,0.5,41.0,213.348,0.377,0.3,32514398.5
2026-09-01T04:20:44,1.4,6367,1547350,1529382,0.4,0.00,4.03,0.00,16.13,0.00,0.00,0.00,10655.0,95830.0,84696.0,100.0,8.5,0.5,41.5,199.165,0.377,0.3,32514398.5
2026-09-01T04:20:44,1.7,6368,1547350,1529381,0.4,0.00,3.80,0.00,15.21,0.00,0.00,0.00,10655.0,95830.0,84696.0,83.0,0.5,0.5,2.5,167.960,0.316,0.2,47840491.5
2026-09-01T04:20:44,1.3,6368,1547350,1529381,0.4,0.00,1.81,0.00,7.25,0.00,0.00,0.00,10655.0,95830.0,84696.0,83.0,19.5,0.5,50.0,181.864,0.316,0.2,47840491.5
2026-09-01T04:20:45,1.2,6367,1547350,1529382,0.4,0.00,4.02,0.00,16.06,0.00,0.00,0.00,10655.0,95830.0,84696.0,83.0,22.0,0.5,50.0,193.709,0.316,0.2,47840491.5
2026-09-01T04:20:45,1.0,6367,1547350,1529382,0.4,0.00,3.98,0.00,15.94,0.00,0.00,0.00,10655.0,95830.0,84696.0,100.0,0.5,0.5,2.5,177.250,0.316,0.2,47840491.5
2026-09-01T04:20:45,1.4,6367,1547350,1529383,0.4,0.00,4.03,0.00,16.13,0.00,1.00,0.00,10655.0,95830.0,84696.0,100.0,3.5,0.5,15.0,174.778,0.327,0.3,19334852.5
2026-09-01T04:20:46,1.3,6411,1547350,1529338,0.4,0.00,4.13,0.00,16.53,0.00,0.00,0.00,10655.0,95830.0,84696.0,100.0,13.5,0.5,43.0,163.173,0.327,0.3,19334852.5
2026-09-01T04:20:46,1.1,6412,1547350,1529338,0.4,0.00,2.35,0.00,9.39,0.00,0.00,0.00,10655.0,95830.0,84696.0,86.0,0.0,0.5,0.0,152.028,0.327,0.3,19334852.5
2026-09-01T04:20:46,1.4,6413,1547350,1529336,0.4,0.00,4.12,0.00,16.46,0.00,0.00,0.41,10655.0,95830.0,84696.0,86.0,9.5,0.5,34.0,162.446,0.285,0.2,17116389.0
2026-09-01T04:20:47,1.3,6413,1547350,1529337,0.4,0.00,2.99,0.00,11.98,0.00,0.00,0.00,10655.0,95830.0,84696.0,86.0,21.5,0.5,50.0,177.100,0.285,0.2,17116389.0
2026-09-01T04:20:47,1.4,6412,1547350,1529337,0.4,0.00,3.75,0.00,14.98,0.00,0.00,0.00,10655.0,95830.0,84696.0,100.0,17.0,0.5,46.0,204.478,0.285,0.2,17116389.0
2026-09-01T04:20:47,1.4,6412,1547350,1529338,0.4,0.00,3.61,0.00,14.44,0.00,0.00,0.00,10655.0,95830.0,84696.0,100.0,8.5,0.5,41.0,213.076,0.285,0.2,17116389.0
2026-09-01T04:20:47,1.4,6411,1547350,1529338,0.4,0.00,3.34,0.00,13.38,0.00,0.00,0.00,10655.0,95830.0,84696.0,100.0,3.0,0.5,14.0,172.115,0.360,0.3,38637995.5
2026-09-01T04:20:48,1.4,6411,1547350,1529338,0.4,0.00,3.41,0.00,13.65,0.00,0.00,0.00,10655.0,95830.0,84696.0,45.0,6.0,0.5,22.5,174.130,0.360,0.3,38637995.5
2026-09-01T04:20:48,1.3,6412,1547350,1529338,0.4,0.00,3.11,0.00,12.42,0.00,0.00,0.00,10655.0,95830.0,84696.0,45.0,21.0,0.5,50.0,189.701,0.360,0.3,38637995.5
2026-09-01T04:20:48,1.3,6412,1547350,1529337,0.4,0.00,4.07,0.00,16.26,0.00,0.00,0.00,10655.0,95830.0,84696.0,45.0,20.5,0.5,47.5,202.479,0.360,0.3,38637995.5
2026-09-01T04:20:49,1.4,6412,1547350,1529337,0.4,0.00,3.98,0.00,15.94,0.00,0.00,0.00,10655.0,95830.0,84696.0,71.0,0.5,0.5,2.5,164.707,0.351,0.3,30619058.0
2026-09-01T04:20:49,1.1,6410,1547350,1529339,0.4,0.00,1.64,0.00,6.55,0.00,0.00,0.00,10655.0,95830.0,84696.0,71.0,4.0,0.5,16.0,161.644,0.351,0.3,30619058.0
2026-09-01T04:20:49,1.3,6410,1547350,1529339,0.4,0.00,3.88,0.00,15.50,0.00,0.00,0.00,10655.0,95830.0,84696.0,71.0,20.5,0.5,50.0,177.195,0.351,0.3,30619058.0
2026-09-01T04:20:50,1.3,6410,1547350,1529339,0.4,0.00,4.03,0.00,16.13,0.00,0.00,0.00,10655.0,95830.0,84696.0,100.0,8.5,0.5,41.0,212.975,0.351,0.3,30619058.0
2026-09-01T04:20:50,1.6,6411,1547350,1529339,0.4,0.00,1.90,0.00,7.62,0.00,0.00,0.00,10655.0,95830.0,84696.0,100.0,8.5,0.5,40.5,181.084,0.380,0.3,32709240.0
2026-09-01T04:20:50,1.3,6413,1547350,1529336,0.4,0.00,3.97,0.00,15.87,0.00,0.00,0.00,10655.0,95830.0,84696.0,100.0,11.5,0.5,39.5,178.639,0.380,0.3,32709240.0
2026-09-01T04:20:51,1.3,6412,1547350,1529337,0.4,0.00,12.20,0.00,48.78,0.00,0.00,0.00,10655.0,95830.0,84696.0,100.0,19.0,0.5,50.0,184.841,0.380,0.3,32709240.0
2026-09-01T04:20:51,1.3,6413,1547350,1529337,0.4,0.00,2.79,0.00,11.14,0.00,0.00,0.00,10655.0,95830.0,84696.0,79.0,16.0,0.5,45.0,203.373,0.380,0.3,32755912.5
2026-09-01T04:20:51,1.3,6413,1547350,1529337,0.4,0.00,4.15,0.00,16.60,0.00,1.00,0.00,10655.0,95830.0,84696.0,79.0,8.5,0.5,41.0,214.456,0.440,0.3,37891235.5
2026-09-01T04:20:52,1.3,6413,1547350,1529337,0.4,0.00,4.05,0.00,16.19,0.00,0.00,0.00,10655.0,95830.0,84696.0,79.0,8.5,0.5,41.0,199.198,0.440,0.3,37891235.5
2026-09-01T04:20:52,1.6,6413,1547350,1529337,0.4,0.00,3.70,0.00,14.81,0.00,0.00,0.00,10655.0,95830.0,84696.0,82.0,1.5,0.5,7.0,157.918,0.440,0.3,37891235.5
2026-09-01T04:20:52,1.2,6413,1547350,1529337,0.4,0.00,2.92,0.00,11.70,0.00,0.00,0.29,10655.0,95830.0,84696.0,82.0,3.5,0.5,14.0,166.727,0.440,0.3,37878363.5
2026-09-01T04:20:52,1.3,6413,1547350,1529337,0.4,0.00,4.13,0.00,16.53,0.00,0.00,0.00,10655.0,95830.0,84696.0,82.0,17.0,0.5,50.0,177.175,0.342,0.3,32018219.0
2026-09-01T04:20:53,1.3,6412,1547350,1529338,0.4,0.00,4.12,0.00,16.46,0.00,0.00,0.00,10655.0,95830.0,84696.0,82.0,20.5,0.5,50.0,194.529,0.342,0.3,32018219.0
2026-09-01T04:20:53,1.8,6412,1547350,1529338,0.4,0.00,4.15,0.00,16.60,0.00,0.00,0.00,10655.0,95830.0,84696.0,100.0,4.5,0.5,22.5,188.877,0.342,0.3,32018219.0
2026-09-01T04:20:53,1.1,6412,1547350,1529338,0.4,0.00,2.19,0.00,8.75,0.00,0.00,0.00,10655.0,95830.0,84696.0,100.0,4.0,0.5,16.5,185.245,0.342,0.3,32038905.5
2026-09-01T04:20:54,1.3,6412,1547350,1529338,0.4,0.00,4.00,0.00,16.00,0.00,0.00,0.00,10655.0,95830.0,84696.0,100.0,17.0,0.5,50.0,187.635,0.366,0.3,30242270.5
2026-09-01T04:20:54,1.3,6411,1547350,1529338,0.4,0.00,3.58,0.00,14.34,0.00,0.00,0.00,10655.0,95830.0,84696.0,100.0,22.5,0.5,49.0,198.538,0.366,0.3,30242270.5
2026-09-01T04:20:54,1.4,6411,1547350,1529338,0.4,0.00,3.03,0.00,12.12,0.00,0.00,0.00,10655.0,95830.0,84696.0,100.0,8.5,0.5,41.5,212.883,0.366,0.3,30242270.5
2026-09-01T04:20:54,1.3,6411,1547350,1529338,0.4,0.00,3.83,0.00,15.33,0.00,0.00,0.00,10655.0,95830.0,84696.0,100.0,8.5,0.5,41.0,195.221,0.366,0.3,30231815.0
2026-09-01T04:20:55,1.8,6412,1547350,1529338,0.4,0.00,3.64,0.00,14.55,0.00,0.00,0.00,10655.0,95830.0,84696.0,82.0,5.0,0.5,24.0,162.944,0.335,0.2,44268050.0
2026-09-01T04:20:55,1.4,6412,1547350,1529338,0.4,0.00,2.79,0.00,11.17,0.00,0.00,0.00,10655.0,95830.0,84696.0,82.0,16.0,0.5,50.0,178.260,0.335,0.2,44268050.0
2026-09-01T04:20:55,1.2,6413,1547350,1529337,0.4,0.00,4.05,0.00,16.19,0.00,0.00,0.00,10655.0,95830.0,84696.0,82.0,20.0,0.5,50.0,189.132,0.335,0.2,44268050.0
2026-09-01T04:20:56,1.4,6413,1547350,1529337,0.4,0.00,4.00,0.00,16.00,0.00,0.00,0.00,10655.0,95830.0,84696.0,82.0,10.0,0.5,39.5,205.364,0.335,0.2,44307294.5
2026-09-01T04:20:56,1.3,6412,1547350,1529337,0.4,0.00,8.03,0.00,32.13,0.00,0.00,0.00,10655.0,95830.0,84696.0,79.0,8.5,0.5,41.0,208.920,0.449,0.3,43158700.5
2026-09-01T04:20:56,1.3,6412,1547350,1529337,0.4,0.00,2.85,0.00,11.40,0.00,0.00,0.00,10655.0,95830.0,84696.0,79.0,8.5,0.5,41.5,196.682,0.449,0.3,43158700.5
2026-09-01T04:20:56,1.3,6412,1547350,1529337,0.4,0.00,3.89,0.00,15.56,0.00,0.00,0.00,10655.0,95830.0,84696.0,79.0,3.5,0.5,16.0,168.405,0.449,0.3,43079350.5
2026-09-01T04:20:57,1.4,6412,1547350,1529337,0.4,0.00,2.21,0.00,8.83,0.00,1.00,0.00,10655.0,95830.0,84696.0,32.0,18.0,0.5,50.0,178.571,0.345,0.2,39455294.0
2026-09-01T04:20:57,1.4,6412,1547350,1529337,0.4,0.00,3.26,0.00,13.03,0.00,0.00,0.00,10655.0,95830.0,84696.0,32.0,21.0,0.5,50.0,192.641,0.345,0.2,39455294.0
2026-09-01T04:20:57,1.3,6413,1547350,1529337,0.4,0.00,3.97,0.00,15.87,0.00,0.00,0.00,10655.0,95830.0,84696.0,32.0,19.0,0.5,47.0,195.512,0.345,0.2,39455294.0
2026-09-01T04:20:58,1.4,6414,1547350,1529336,0.4,0.00,4.05,0.00,16.19,0.00,0.00,0.00,10655.0,95830.0,84696.0,79.0,0.5,0.5,2.0,177.394,0.324,0.2,32389220.0
2026-09-01T04:20:58,1.5,6414,1547350,1529336,0.4,0.00,2.02,0.00,8.08,0.00,0.00,0.00,10655.0,95830.0,84696.0,79.0,15.5,0.5,50.0,174.482,0.324,0.2,32389220.0
2026-09-01T04:20:58,1.3,6414,1547350,1529336,0.4,0.00,4.07,0.00,16.26,0.00,0.00,0.00,10655.0,95830.0,84696.0,79.0,20.0,0.5,50.0,182.814,0.324,0.2,32389220.0
2026-09-01T04:20:59,1.3,6413,1547350,1529336,0.4,0.00,3.89,0.00,15.56,0.00,0.00,0.00,10655.0,95830.0,84696.0,79.0,22.5,0.5,50.0,191.115,0.324,0.2,32389220.0
2026-09-01T04:20:59,1.3,6413,1547350,1529336,0.4,0.00,3.85,0.00,15.38,0.00,0.00,0.00,10655.0,95830.0,84696.0,100.0,8.5,0.5,41.0,214.821,0.463,0.4,38062622.0
2026-09-01T04:20:59,1.8,6412,1547350,1529337,0.4,0.00,3.76,0.00,15.04,0.00,0.00,0.00,10655.0,95830.0,84696.0,100.0,1.0,0.5,4.0,180.477,0.463,0.4,38062622.0
2026-09-01T04:20:59,1.3,6412,1547350,1529338,0.4,0.00,4.15,0.00,16.60,0.00,0.00,0.00,10655.0,95830.0,84696.0,100.0,9.0,0.5,32.0,177.738,0.463,0.4,38062622.0
2026-09-01T04:21:00,1.3,6411,1547350,1529338,0.4,0.00,4.78,0.00,19.14,0.00,0.00,0.00,10655.0,95830.0,84696.0,100.0,18.5,0.5,50.0,180.900,0.463,0.4,38062622.0
2026-09-01T04:21:00,1.3,6412,1547350,1529337,0.4,0.00,46.51,0.00,614.34,0.00,0.08,0.39,10655.0,95830.0,84696.0,100.0,18.0,0.5,46.0,201.901,0.361,0.3,20600858.5
2026-09-01T04:21:00,1.3,6412,1547350,1529337,0.4,0.00,2.99,0.00,11.94,0.00,0.00,0.00,10655.0,95830.0,84696.0,100.0,8.5,0.5,41.5,214.569,0.361,0.3,20600858.5
2026-09-01T04:21:01,1.8,6417,1547350,1529332,0.4,0.00,4.08,0.00,16.33,0.00,0.00,0.00,10655.0,95830.0,84696.0,100.0,8.5,0.5,41.0,206.962,0.361,0.3,20600858.5
2026-09-01T04:21:01,1.3,6417,1547350,1529333,0.4,0.00,4.07,0.00,16.26,0.00,0.00,0.00,10655.0,95830.0,84696.0,83.0,0.5,0.5,3.0,164.153,0.361,0.3,20600858.5
2026-09-01T04:21:01,1.5,6415,1547350,1529335,0.4,0.00,2.27,0.00,9.09,0.00,0.00,0.00,10655.0,95830.0,84696.0,83.0,14.5,0.5,48.5,171.751,0.341,0.2,47244680.0
2026-09-01T04:21:01,1.3,6415,1547350,1529335,0.4,0.00,30.53,0.00,122.14,0.00,0.12,0.00,10655.0,95830.0,84696.0,83.0,19.5,0.5,50.0,186.864,0.341,0.2,47244680.0
2026-09-01T04:21:02,1.3,6415,1547350,1529334,0.4,0.00,4.02,0.00,16.06,0.00,0.00,0.00,10655.0,95830.0,84696.0,100.0,22.5,0.5,50.0,194.163,0.341,0.2,47244680.0
2026-09-01T04:21:02,1.3,6415,1547350,1529335,0.4,0.00,3.91,0.00,15.62,0.00,0.00,0.00,10655.0,95830.0,84696.0,100.0,8.5,0.5,40.5,213.077,0.341,0.2,47244680.0
2026-09-01T04:21:02,1.5,6415,1547350,1529334,0.4,0.00,3.52,0.00,14.08,0.00,0.00,0.00,10655.0,95830.0,84696.0,100.0,2.0,0.5,8.5,179.941,0.383,0.3,35609302.5
2026-09-01T04:21:03,1.2,6416,1547350,1529333,0.4,0.00,4.13,0.00,16.53,0.00,0.00,0.00,10655.0,95830.0,84696.0,100.0,7.5,0.5,27.5,177.509,0.383,0.3,35609302.5
2026-09-01T04:21:03,1.4,6417,1547350,1529332,0.4,0.00,3.92,0.00,15.69,0.00,0.00,0.00,10655.0,95830.0,84696.0,100.0,18.0,0.5,50.0,187.749,0.383,0.3,35609302.5
2026-09-01T04:21:03,1.5,6418,1547350,1529332,0.4,0.00,2.73,0.00,10.93,0.00,0.00,0.00,10655.0,95830.0,84696.0,100.0,9.0,0.5,32.0,195.931,0.340,0.3,19712002.5
2026-09-01T04:21:04,1.3,6418,1547350,1529331,0.4,0.00,2.00,0.00,7.98,0.00,0.00,0.00,10655.0,95830.0,84696.0,100.0,18.5,0.5,50.0,196.354,0.340,0.3,19712002.5
2026-09-01T04:21:04,1.3,6419,1547350,1529330,0.4,0.00,3.94,0.00,15.75,0.00,0.00,0.00,10655.0,95830.0,84696.0,100.0,18.0,0.5,45.5,195.855,0.340,0.3,19712002.5
2026-09-01T04:21:04,2.4,6420,1547350,1529330,0.4,0.00,2.61,0.00,10.44,0.00,0.00,0.00,10655.0,95830.0,84696.0,100.0,0.5,0.5,2.5,188.613,0.374,0.3,30100534.5
2026-09-01T04:21:05,1.0,6419,1547350,1529331,0.4,0.00,2.57,0.00,10.28,0.00,0.00,0.00,10655.0,95830.0,84696.0,100.0,11.5,0.5,40.0,186.238,0.374,0.3,30100534.5
2026-09-01T04:21:05,1.3,6419,1547350,1529330,0.4,0.00,3.97,0.00,15.87,0.00,1.00,0.00,10655.0,95830.0,84696.0,80.0,22.0,0.5,50.0,193.968,0.374,0.3,30100534.5
2026-09-01T04:21:05,1.3,6418,1547350,1529332,0.4,0.00,2.04,0.00,8.16,0.00,0.00,0.00,10655.0,95830.0,84696.0,80.0,8.0,0.5,38.5,212.975,0.374,0.3,30100534.5
2026-09-01T04:21:06,1.3,6417,1547350,1529333,0.4,0.00,4.05,0.00,16.19,0.00,0.00,0.00,10655.0,95830.0,84696.0,80.0,8.0,0.5,39.0,205.022,0.441,0.3,43138924.5
2026-09-01T04:21:06,1.5,6418,1547350,1529331,0.4,0.00,3.45,0.00,13.79,0.00,0.00,0.00,10655.0,95830.0,84696.0,78.0,0.0,0.5,0.0,153.945,0.441,0.3,43138924.5
2026-09-01T04:21:06,1.3,6420,1547350,1529329,0.4,0.00,3.12,0.00,12.46,0.00,0.00,0.00,10655.0,95830.0,84696.0,78.0,11.0,0.5,38.5,159.614,0.441,0.3,43138924.5
2026-09-01T04:21:07,1.3,6420,1547350,1529330,0.4,0.00,3.92,0.00,15.69,0.00,0.00,0.00,10655.0,95830.0,84696.0,78.0,19.0,0.5,50.0,177.887,0.441,0.3,43138924.5
2026-09-01T04:21:07,1.4,6418,1547350,1529332,0.4,0.00,4.03,0.00,16.13,0.00,0.00,0.00,10655.0,95830.0,84696.0,100.0,22.0,0.5,50.0,190.686,0.336,0.3,20327510.5
2026-09-01T04:21:07,1.4,6418,1547350,1529331,0.4,0.00,4.07,0.00,16.26,0.00,0.00,0.00,10655.0,95830.0,84696.0,100.0,8.0,0.5,38.5,213.768,0.336,0.3,20327510.5
2026-09-01T04:21:07,1.3,6419,1547350,1529330,0.4,0.00,7.46,0.00,29.85,0.00,0.00,0.00,10655.0,95830.0,84696.0,100.0,8.5,0.5,40.0,204.958,0.336,0.3,20327510.5
2026-09-01T04:21:08,1.3,6419,1547350,1529330,0.4,0.00,3.92,0.00,15.69,0.00,0.00,0.00,10655.0,95830.0,84696.0,100.0,8.0,0.5,38.5,188.617,0.336,0.3,20327510.5
2026-09-01T04:21:08,1.9,6420,1547350,1529330,0.4,0.00,3.50,0.00,13.99,0.00,0.00,0.00,10655.0,95830.0,84696.0,78.0,8.5,0.5,39.0,161.464,0.323,0.2,53451545.5
2026-09-01T04:21:08,1.3,6421,1547350,1529329,0.4,0.00,2.74,0.00,10.96,0.00,0.00,0.00,10655.0,95830.0,84696.0,78.0,10.0,0.5,35.0,174.601,0.323,0.2,53451545.5
2026-09-01T04:21:08,1.2,6421,1547350,1529329,0.4,0.00,3.80,0.00,15.21,0.00,0.00,0.00,10655.0,95830.0,84696.0,78.0,21.5,0.5,50.0,191.962,0.323,0.2,53451545.5
2026-09-01T04:21:09,1.3,6424,1547350,1529326,0.4,0.00,3.88,0.00,15.50,0.00,0.00,0.00,10655.0,95830.0,84696.0,78.0,17.0,0.5,45.5,198.620,0.323,0.2,53451545.5
2026-09-01T04:21:09,1.4,6423,1547350,1529326,0.4,0.00,4.05,0.00,16.19,0.00,0.00,0.00,10655.0,95830.0,84696.0,91.0,8.0,0.5,41.0,203.986,0.427,0.3,38671751.5
2026-09-01T04:21:09,1.6,6424,1547350,1529326,0.4,0.00,2.86,0.00,11.43,0.00,0.00,0.00,10655.0,95830.0,84696.0,91.0,4.0,0.5,19.0,176.845,0.427,0.3,38671751.5
2026-09-01T04:21:10,1.4,6424,1547350,1529325,0.4,0.00,4.15,0.00,16.60,0.00,0.00,0.00,10655.0,95830.0,84696.0,91.0,5.0,0.5,20.0,173.371,0.427,0.3,38671751.5
2026-09-01T04:21:10,1.3,6422,1547350,1529327,0.4,0.00,4.05,0.00,16.19,0.00,0.00,0.00,10655.0,95830.0,84696.0,100.0,17.5,0.5,50.0,185.316,0.427,0.3,38671751.5
2026-09-01T04:21:10,1.4,6422,1547350,1529327,0.4,0.00,3.92,0.00,15.69,0.00,0.00,0.00,10655.0,95830.0,84696.0,100.0,21.5,0.5,48.5,197.608,0.370,0.3,22334631.0
2026-09-01T04:21:10,1.3,6423,1547350,1529327,0.4,0.00,2.29,0.00,9.15,0.00,0.00,0.00,10655.0,95830.0,84696.0,100.0,8.5,0.5,40.5,208.936,0.370,0.3,22334631.0
2026-09-01T04:21:11,1.8,6422,1547350,1529327,0.4,0.00,3.77,0.00,15.09,0.00,0.00,0.00,10655.0,95830.0,84696.0,81.0,8.5,0.5,39.5,174.968,0.370,0.3,22334631.0
2026-09-01T04:21:11,1.3,6422,1547350,1529327,0.4,0.00,2.23,0.00,8.91,0.00,0.00,0.00,10655.0,95830.0,84696.0,81.0,11.5,0.5,40.0,178.517,0.349,0.2,40209538.0
2026-09-01T04:21:11,1.3,6423,1547350,1529326,0.4,0.00,3.94,0.00,15.75,0.00,1.00,0.00,10655.0,95830.0,84696.0,81.0,19.0,0.5,50.0,194.291,0.349,0.2,40209538.0
2026-09-01T04:21:12,1.4,6423,1547350,1529327,0.4,0.00,4.00,0.00,16.00,0.00,0.00,0.00,10655.0,95830.0,84696.0,81.0,15.5,0.5,44.5,205.392,0.349,0.2,40209538.0
2026-09-01T04:21:12,1.4,6423,1547350,1529327,0.4,0.00,7.98,0.00,39.92,0.00,0.00,0.00,10655.0,95830.0,84696.0,100.0,8.5,0.5,41.0,180.878,0.366,0.3,42610184.5
2026-09-01T04:21:12,1.3,6422,1547350,1529328,0.4,0.00,3.56,0.00,14.23,0.00,0.00,0.00,10655.0,95830.0,84696.0,100.0,10.5,0.5,37.5,174.837,0.366,0.3,42610184.5
2026-09-01T04:21:13,1.3,6422,1547350,1529328,0.4,0.00,4.12,0.00,16.46,0.00,0.00,0.00,10655.0,95830.0,84696.0,75.0,19.0,0.5,50.0,185.136,0.366,0.3,42610184.5
2026-09-01T04:21:13,1.3,6423,1547350,1529326,0.4,0.00,4.03,0.00,16.13,0.00,0.00,0.00,10655.0,95830.0,84696.0,75.0,22.0,0.5,50.0,200.625,0.366,0.3,42610184.5
2026-09-01T04:21:13,1.3,6424,1547350,1529325,0.4,0.00,3.13,0.00,12.54,0.00,0.00,0.00,10655.0,95830.0,84696.0,75.0,8.0,0.5,39.0,211.602,0.429,0.3,35764322.0
2026-09-01T04:21:14,1.6,6423,1547350,1529326,0.4,0.00,3.75,0.00,14.98,0.00,0.00,0.00,10655.0,95830.0,84696.0,75.0,6.5,0.5,30.0,179.109,0.429,0.3,35764322.0
2026-09-01T04:21:14,1.3,6424,1547350,1529325,0.4,0.00,3.33,0.00,13.33,0.00,0.00,0.00,10655.0,95830.0,84696.0,60.0,1.5,0.5,6.5,176.232,0.429,0.3,35764322.0
2026-09-01T04:21:14,1.3,6424,1547350,1529325,0.4,0.00,3.00,0.00,12.01,0.00,0.00,0.00,10655.0,95830.0,84696.0,60.0,20.0,0.5,50.0,193.841,0.429,0.3,35764322.0
2026-09-01T04:21:14,1.5,6424,1547350,1529325,0.4,0.00,3.57,0.00,14.29,0.00,0.00,0.00,10655.0,95830.0,84696.0,60.0,8.0,0.5,27.0,189.960,0.323,0.3,20680260.5
2026-09-01T04:21:15,1.3,6423,1547350,1529327,0.4,0.00,3.31,0.00,13.25,0.00,0.00,0.00,10655.0,95830.0,84696.0,54.0,3.5,0.5,13.5,196.289,0.323,0.3,20680260.5
2026-09-01T04:21:15,1.2,6421,1547350,1529328,0.4,0.00,4.13,0.00,16.53,0.00,0.00,0.00,10655.0,95830.0,84696.0,54.0,17.0,0.5,50.0,196.605,0.323,0.3,20680260.5
2026-09-01T04:21:15,1.3,6421,1547350,1529328,0.4,0.00,3.44,0.00,13.75,0.00,0.00,0.00,10655.0,95830.0,84696.0,54.0,23.0,0.5,50.0,205.296,0.323,0.3,20680260.5
2026-09-01T04:21:16,1.9,6421,1547350,1529328,0.4,0.00,2.79,0.00,11.14,0.00,0.00,0.00,10655.0,95830.0,84696.0,80.0,8.0,0.5,38.5,184.459,0.382,0.3,33212352.0
2026-09-01T04:21:16,1.3,6421,1547350,1529328,0.4,0.00,2.44,0.00,9.76,0.00,0.00,0.00,10655.0,95830.0,84696.0,80.0,2.0,0.5,9.5,179.377,0.382,0.3,33212352.0
2026-09-01T04:21:16,1.3,6421,1547350,1529329,0.4,0.00,4.17,0.00,16.67,0.00,1.00,0.00,10655.0,95830.0,84696.0,80.0,19.0,0.5,50.0,186.319,0.382,0.3,33212352.0
2026-09-01T04:21:17,1.3,6421,1547350,1529328,0.4,0.00,2.94,0.00,11.76,0.00,0.00,0.00,10655.0,95830.0,84696.0,80.0,21.5,0.5,50.0,195.627,0.382,0.3,33212352.0
2026-09-01T04:21:17,1.3,6421,1547350,1529328,0.4,0.00,4.07,0.00,16.26,0.00,0.00,0.00,10655.0,95830.0,84696.0,100.0,8.5,0.5,41.0,207.151,0.435,0.3,40246340.0
2026-09-01T04:21:17,1.0,6422,1547350,1529328,0.4,0.00,2.62,0.00,10.50,0.00,0.00,0.00,10655.0,95830.0,84696.0,100.0,5.5,0.5,26.5,156.754,0.435,0.3,40246340.0
2026-09-01T04:21:18,1.2,6421,1547350,1529328,0.4,0.00,3.82,0.00,15.27,0.00,0.00,0.00,10655.0,95830.0,84696.0,100.0,18.0,0.5,50.0,157.577,0.435,0.3,40246340.0
2026-09-01T04:21:18,1.3,6421,1547350,1529328,0.4,0.00,3.70,0.00,14.81,0.00,0.00,0.00,10655.0,95830.0,84696.0,100.0,21.0,0.5,50.0,174.184,0.435,0.3,40246340.0
2026-09-01T04:21:18,1.3,6422,1547350,1529327,0.4,0.00,4.13,0.00,16.53,0.00,0.00,0.00,10655.0,95830.0,84696.0,100.0,20.5,0.5,47.5,192.093,0.325,0.3,21528510.5
2026-09-01T04:21:18,1.3,6421,1547350,1529328,0.4,0.00,3.65,0.00,14.60,0.00,0.00,0.00,10655.0,95830.0,84696.0,100.0,6.5,0.5,30.5,212.821,0.325,0.3,21528510.5
2026-09-01T04:21:19,1.1,6422,1547350,1529328,0.4,0.00,2.65,0.00,10.61,0.00,0.00,0.00,10655.0,95830.0,84696.0,100.0,0.5,0.5,2.0,163.207,0.325,0.3,21528510.5
2026-09-01T04:21:19,1.3,6420,1547350,1529330,0.4,0.00,4.17,0.00,16.67,0.00,0.00,0.00,10655.0,95830.0,84696.0,4.0,17.5,0.5,50.0,161.334,0.325,0.3,21528510.5
2026-09-01T04:21:19,1.3,6419,1547350,1529330,0.4,0.00,3.62,0.00,14.49,0.00,0.00,0.00,10655.0,95830.0,84696.0,4.0,21.0,0.5,50.0,176.940,0.307,0.2,26127425.0
2026-09-01T04:21:19,1.3,6420,1547350,1529330,0.4,0.00,4.02,0.00,16.06,0.00,0.00,0.00,10655.0,95830.0,84696.0,4.0,21.5,0.5,48.0,190.609,0.307,0.2,26127425.0
2026-09-01T04:21:20,1.3,6420,1547350,1529330,0.4,0.00,4.13,0.00,16.53,0.00,0.00,0.00,10655.0,95830.0,84696.0,4.0,8.5,0.5,41.0,214.183,0.307,0.2,26127425.0
2026-09-01T04:21:20,1.4,6420,1547350,1529330,0.4,0.00,3.97,0.00,15.87,0.00,0.00,0.40,10655.0,95830.0,84696.0,82.0,8.5,0.5,41.0,200.945,0.307,0.2,26127425.0
2026-09-01T04:21:20,1.2,6420,1547350,1529330,0.4,0.00,2.69,0.00,10.75,0.00,0.00,0.00,10655.0,95830.0,84696.0,82.0,1.5,0.5,6.0,160.158,0.337,0.2,43555309.0
2026-09-01T04:21:21,1.3,6420,1547350,1529330,0.4,0.00,1.74,0.00,6.94,0.00,0.00,0.00,10655.0,95830.0,84696.0,12.0,16.0,0.5,50.0,173.834,0.337,0.2,43555309.0
2026-09-01T04:21:21,1.3,6419,1547350,1529330,0.4,0.00,3.15,0.00,12.62,0.00,0.00,0.00,10655.0,95830.0,84696.0,12.0,22.5,0.5,50.0,187.622,0.337,0.2,43555309.0
2026-09-01T04:21:21,2.0,6420,1547350,1529329,0.4,0.00,4.15,0.00,16.60,0.00,0.00,0.00,10655.0,95830.0,84696.0,12.0,1.0,0.5,5.0,193.471,0.337,0.2,43555309.0
2026-09-01T04:21:22,1.0,6421,1547350,1529328,0.4,0.00,2.55,0.00,10.20,0.00,0.00,0.00,10655.0,95830.0,84696.0,10.0,11.5,0.5,39.5,192.718,0.391,0.3,25445188.0
2026-09-01T04:21:22,1.2,6422,1547350,1529327,0.4,0.00,2.53,0.00,10.13,0.00,0.00,0.00,10655.0,95830.0,84696.0,10.0,22.0,0.5,50.0,195.666,0.391,0.3,25445188.0
2026-09-01T04:21:23,2.1,6422,1547350,1529328,0.4,0.00,4.05,0.00,16.19,0.00,0.00,0.00,10655.0,95830.0,84696.0,10.0,2.5,0.5,12.0,191.116,0.391,0.3,25445188.0
2026-09-01T04:21:23,1.0,6424,1547350,1529326,0.4,0.00,2.40,0.00,9.62,0.00,0.00,0.24,10655.0,95830.0,84696.0,24.0,7.0,0.5,25.5,189.138,0.357,0.3,22990270.0
2026-09-01T04:21:23,1.3,6424,1547350,1529326,0.4,0.00,2.99,0.00,11.98,0.00,0.00,0.00,10655.0,95830.0,84696.0,24.0,21.0,0.5,50.0,190.173,0.357,0.3,22990270.0
2026-09-01T04:21:24,1.3,6423,1547350,1529327,0.4,0.00,3.95,0.00,15.81,0.00,0.00,0.00,10655.0,95830.0,84696.0,24.0,19.5,0.5,47.0,198.411,0.357,0.3,22990270.0
2026-09-01T04:21:24,1.4,6422,1547350,1529327,0.4,0.00,4.07,0.00,16.26,0.00,1.00,0.00,10655.0,95830.0,84696.0,83.0,8.5,0.5,41.5,212.660,0.357,0.3,22990270.0
2026-09-01T04:21:24,1.3,6423,1547350,1529327,0.4,0.00,4.00,0.00,16.00,0.00,0.00,0.00,10655.0,95830.0,84696.0,83.0,8.5,0.5,41.0,198.141,0.440,0.3,50560406.5
2026-09-01T04:21:24,1.3,6421,1547350,1529328,0.4,0.00,2.67,0.00,10.70,0.00,0.00,0.00,10655.0,95830.0,84696.0,83.0,8.5,0.5,41.0,186.788,0.440,0.3,50560406.5
2026-09-01T04:21:25,1.4,6422,1547350,1529328,0.4,0.00,3.85,0.00,15.38,0.00,0.00,0.00,10655.0,95830.0,84696.0,83.0,1.5,0.5,6.5,167.322,0.440,0.3,50560406.5
2026-09-01T04:21:25,1.5,6420,1547350,1529329,0.4,0.00,2.20,0.00,8.79,0.00,0.00,0.00,10655.0,95830.0,84696.0,83.0,10.5,0.5,37.0,175.297,0.339,0.2,41798227.0
2026-09-01T04:21:25,1.3,6419,1547350,1529330,0.4,0.00,3.73,0.00,14.93,0.00,0.00,0.00,10655.0,95830.0,84696.0,83.0,19.0,0.5,50.0,190.893,0.339,0.2,41798227.0
2026-09-01T04:21:26,1.3,6420,1547350,1529330,0.4,0.00,3.98,0.00,15.94,0.00,0.00,0.00,10655.0,95830.0,84696.0,83.0,16.5,0.5,45.0,205.728,0.339,0.2,41798227.0
2026-09-01T04:21:26,1.4,6419,1547350,1529331,0.4,0.00,3.44,0.00,13.75,0.00,0.00,0.00,10655.0,95830.0,84696.0,90.0,8.5,0.5,40.5,212.566,0.339,0.2,41798227.0
2026-09-01T04:21:26,1.4,6419,1547350,1529331,0.4,0.00,2.07,0.00,8.26,0.00,0.00,0.00,10655.0,95830.0,84696.0,90.0,0.0,0.5,0.0,149.406,0.314,0.2,32918757.5
2026-09-01T04:21:27,1.3,6420,1547350,1529330,0.4,0.00,4.02,0.00,16.06,0.00,0.00,0.00,10655.0,95830.0,84696.0,90.0,13.5,0.5,46.0,154.794,0.314,0.2,32918757.5
2026-09-01T04:21:27,1.4,6420,1547350,1529330,0.4,0.00,4.00,0.00,16.00,0.00,0.00,0.00,10655.0,95830.0,84696.0,92.0,19.5,0.5,50.0,170.819,0.314,0.2,32918757.5
2026-09-01T04:21:27,1.3,6419,1547350,1529330,0.4,0.00,4.00,0.00,16.00,0.00,0.00,0.00,10655.0,95830.0,84696.0,92.0,22.0,0.5,50.0,189.692,0.314,0.2,32918757.5
2026-09-01T04:21:27,1.4,6419,1547350,1529330,0.4,0.00,4.00,0.00,16.00,0.00,0.00,0.00,10655.0,95830.0,84696.0,92.0,8.5,0.5,40.0,213.465,0.314,0.2,32918757.5
2026-09-01T04:21:28,1.3,6422,1547350,1529328,0.4,0.00,4.00,0.00,16.00,0.00,0.00,0.00,10655.0,95830.0,84696.0,92.0,8.5,0.5,40.5,193.863,0.454,0.4,32329822.0
2026-09-01T04:21:28,1.3,6422,1547350,1529328,0.4,0.00,2.67,0.00,10.70,0.00,0.00,0.00,10655.0,95830.0,84696.0,81.0,4.5,0.5,21.0,160.958,0.454,0.4,32329822.0
2026-09-01T04:21:29,1.5,6423,1547350,1529327,0.4,0.00,1.82,0.00,7.27,0.00,0.00,0.00,10655.0,95830.0,84696.0,81.0,3.5,0.5,15.0,168.224,0.339,0.2,48164323.0
2026-09-01T04:21:29,1.3,6423,1547350,1529326,0.4,0.00,4.00,0.00,16.00,0.00,0.00,0.40,10655.0,95830.0,84696.0,100.0,20.5,0.5,50.0,185.096,0.339,0.2,48164323.0
2026-09-01T04:21:29,1.3,6423,1547350,1529326,0.4,0.00,4.00,0.00,16.00,0.00,0.00,0.00,10655.0,95830.0,84696.0,100.0,22.5,0.5,49.5,200.262,0.339,0.2,48164323.0
2026-09-01T04:21:29,1.2,6423,1547350,1529326,0.4,0.00,2.51,0.00,10.05,0.00,0.00,0.00,10655.0,95830.0,84696.0,100.0,8.0,0.5,37.0,204.099,0.423,0.3,46101480.0
2026-09-01T04:21:30,1.3,6424,1547350,1529326,0.4,0.00,2.71,0.00,10.84,0.00,0.00,0.00,10655.0,95830.0,84696.0,75.0,8.5,0.5,39.5,188.135,0.423,0.3,46101480.0
2026-09-01T04:21:30,1.4,6423,1547350,1529326,0.4,0.00,12.05,0.00,152.61,0.00,0.00,0.00,10655.0,95830.0,84696.0,75.0,2.5,0.5,10.5,169.107,0.423,0.3,46101480.0
2026-09-01T04:21:31,1.3,6423,1547350,1529327,0.4,0.00,1.76,0.00,7.05,0.00,1.00,0.00,10655.0,95830.0,84696.0,75.0,18.5,0.5,50.0,181.614,0.352,0.3,36248296.5
2026-09-01T04:21:31,1.3,6422,1547350,1529327,0.4,0.00,4.02,0.00,16.06,0.00,0.00,0.00,10655.0,95830.0,84696.0,100.0,21.5,0.5,50.0,194.854,0.352,0.3,36248296.5
2026-09-01T04:21:31,1.4,6424,1547350,1529326,0.4,0.00,3.98,0.00,15.94,0.00,0.00,0.00,10655.0,95830.0,84696.0,100.0,17.5,0.5,45.0,206.114,0.352,0.3,36248296.5
2026-09-01T04:21:31,1.9,6423,1547350,1529326,0.4,0.00,3.64,0.00,14.55,0.00,0.00,0.00,10655.0,95830.0,84696.0,100.0,0.5,0.5,2.5,185.300,0.352,0.3,36248296.5
2026-09-01T04:21:32,1.3,6424,1547350,1529326,0.4,0.00,4.00,0.00,16.00,0.00,0.00,0.00,10655.0,95830.0,84696.0,100.0,11.5,0.5,39.5,184.674,0.344,0.3,27866923.5
2026-09-01T04:21:32,1.3,6425,1547350,1529325,0.4,0.00,4.13,0.00,16.53,0.00,0.00,0.00,10655.0,95830.0,84696.0,79.0,19.0,0.5,50.0,188.303,0.344,0.3,27866923.5
2026-09-01T04:21:32,1.2,6424,1547350,1529325,0.4,0.00,3.94,0.00,15.75,0.00,0.00,0.00,10655.0,95830.0,84696.0,79.0,22.0,0.5,50.0,195.439,0.344,0.3,27866923.5
2026-09-01T04:21:32,2.6,6424,1547350,1529326,0.4,0.00,4.22,0.00,16.88,0.00,0.00,0.00,10655.0,95830.0,84696.0,2.0,0.0,0.5,1.0,151.908,0.267,0.2,22218978.0
2026-09-01T04:21:33,0.7,6421,1547350,1529328,0.4,0.00,1.60,0.00,6.39,0.00,0.00,0.00,10655.0,95830.0,84696.0,2.0,13.0,0.5,44.5,149.906,0.267,0.2,22218978.0
2026-09-01T04:21:33,1.3,6420,1547350,1529329,0.4,0.00,2.80,0.00,11.20,0.00,0.00,0.00,10655.0,95830.0,84696.0,2.0,19.5,0.5,50.0,178.355,0.267,0.2,22218978.0
2026-09-01T04:21:34,1.4,6421,1547350,1529329,0.4,0.00,4.10,0.00,16.39,0.00,0.00,0.00,10655.0,95830.0,84696.0,2.0,22.0,0.5,50.0,199.006,0.267,0.2,22218978.0
2026-09-01T04:21:34,1.3,6421,1547350,1529329,0.4,0.00,4.05,0.00,16.19,0.00,0.00,0.00,10655.0,95830.0,84696.0,100.0,14.5,0.5,41.0,212.874,0.446,0.3,38832239.0
2026-09-01T04:21:34,1.6,6420,1547350,1529330,0.4,0.00,3.79,0.00,15.15,0.00,0.00,0.00,10655.0,95830.0,84696.0,100.0,8.5,0.5,39.5,179.172,0.446,0.3,38832239.0
2026-09-01T04:21:34,1.3,6422,1547350,1529327,0.4,0.00,3.22,0.00,12.86,0.00,0.00,0.00,10655.0,95830.0,84696.0,100.0,12.5,0.5,42.5,183.659,0.446,0.3,38832239.0
2026-09-01T04:21:35,1.2,6422,1547350,1529327,0.4,0.00,2.72,0.00,10.90,0.00,0.00,0.00,10655.0,95830.0,84696.0,85.0,19.0,0.5,50.0,194.600,0.446,0.3,38832239.0
2026-09-01T04:21:35,1.4,6422,1547350,1529328,0.4,0.00,4.13,0.00,16.53,0.00,0.00,0.00,10655.0,95830.0,84696.0,85.0,15.0,0.5,43.5,212.841,0.377,0.3,32417405.0
2026-09-01T04:21:35,1.5,6421,1547350,1529329,0.4,0.00,2.49,0.00,9.98,0.00,0.00,0.25,10655.0,95830.0,84696.0,85.0,8.5,0.5,39.5,186.557,0.377,0.3,32417405.0
2026-09-01T04:21:36,1.3,6421,1547350,1529328,0.4,0.00,4.12,0.00,16.46,0.00,0.00,0.00,10655.0,95830.0,84696.0,85.0,8.5,0.5,31.5,180.439,0.377,0.3,32417405.0
2026-09-01T04:21:36,1.3,6422,1547350,1529328,0.4,0.00,3.94,0.00,15.75,0.00,0.00,0.00,10655.0,95830.0,84696.0,5.0,18.5,0.5,50.0,183.517,0.377,0.3,32417405.0
2026-09-01T04:21:36,1.3,6422,1547350,1529328,0.4,0.00,2.78,0.00,11.11,0.00,0.00,0.00,10655.0,95830.0,84696.0,5.0,18.0,0.5,45.0,202.844,0.355,0.3,23434379.0
2026-09-01T04:21:37,1.3,6421,1547350,1529328,0.4,0.00,4.00,0.00,16.00,0.00,0.00,0.00,10655.0,95830.0,84696.0,60.0,1.5,0.5,7.5,183.542,0.355,0.3,23434379.0
2026-09-01T04:21:37,1.4,6420,1547350,1529329,0.4,0.00,2.31,0.00,9.26,0.00,0.00,0.00,10655.0,95830.0,84696.0,60.0,16.0,0.5,50.0,179.714,0.355,0.3,23434379.0
2026-09-01T04:21:37,1.3,6421,1547350,1529329,0.4,0.00,3.08,0.00,12.31,0.00,0.00,0.00,10655.0,95830.0,84696.0,60.0,22.5,0.5,50.0,192.655,0.357,0.3,29056980.0
2026-09-01T04:21:38,1.3,6420,1547350,1529330,0.4,0.00,3.75,0.00,14.98,0.00,1.00,0.00,10655.0,95830.0,84696.0,60.0,11.0,0.5,41.5,200.101,0.357,0.3,29056980.0
2026-09-01T04:21:38,2.3,6420,1547350,1529329,0.4,0.00,4.27,0.00,17.09,0.00,0.00,0.00,10655.0,95830.0,84696.0,83.0,0.5,0.5,2.5,189.843,0.357,0.3,29056980.0
2026-09-01T04:21:38,1.1,6422,1547350,1529328,0.4,0.00,2.00,0.00,8.00,0.00,0.00,0.00,10655.0,95830.0,84696.0,83.0,19.5,0.5,50.0,183.209,0.347,0.3,31962446.5
2026-09-01T04:21:39,1.2,6421,1547350,1529328,0.4,0.00,4.02,0.00,16.06,0.00,0.00,0.00,10655.0,95830.0,84696.0,83.0,22.0,0.5,50.0,190.676,0.347,0.3,31962446.5
2026-09-01T04:21:39,1.3,6419,1547350,1529330,0.4,0.00,3.98,0.00,15.94,0.00,0.00,0.00,10655.0,95830.0,84696.0,100.0,13.0,0.5,42.0,204.698,0.347,0.3,31962446.5
2026-09-01T04:21:39,1.6,6420,1547350,1529330,0.4,0.00,4.00,0.00,16.00,0.00,0.00,0.00,10655.0,95830.0,84696.0,100.0,10.0,0.5,35.5,183.448,0.345,0.3,32681125.0
2026-09-01T04:21:40,1.3,6420,1547350,1529329,0.4,0.00,1.73,0.00,6.93,0.00,0.00,0.00,10655.0,95830.0,84696.0,100.0,18.5,0.5,50.0,184.162,0.345,0.3,32681125.0
2026-09-01T04:21:40,1.3,6420,1547350,1529330,0.4,0.00,4.20,0.00,16.81,0.00,0.00,0.00,10655.0,95830.0,84696.0,100.0,21.5,0.5,50.0,195.926,0.345,0.3,32681125.0
2026-09-01T04:21:40,1.7,6420,1547350,1529329,0.4,0.00,3.98,0.00,15.94,0.00,0.00,0.00,10655.0,95830.0,84696.0,100.0,7.0,0.5,25.0,194.017,0.385,0.3,24776963.0
2026-09-01T04:21:41,1.3,6421,1547350,1529328,0.4,0.00,1.90,0.00,7.60,0.00,0.00,0.00,10655.0,95830.0,84696.0,100.0,18.0,0.5,50.0,192.993,0.385,0.3,24776963.0
2026-09-01T04:21:41,1.3,6421,1547350,1529329,0.4,0.00,4.02,0.00,16.06,0.00,0.00,0.00,10655.0,95830.0,84696.0,100.0,20.0,0.5,47.0,200.961,0.385,0.3,24776963.0
2026-09-01T04:21:41,1.4,6422,1547350,1529328,0.4,0.00,2.31,0.00,9.24,0.00,0.00,0.00,10655.0,95830.0,84696.0,100.0,8.5,0.5,40.5,212.323,0.385,0.3,24776963.0
2026-09-01T04:21:42,2.0,6422,1547350,1529328,0.4,0.00,4.00,0.00,16.00,0.00,0.00,0.00,10655.0,95830.0,84696.0,39.0,4.0,0.5,16.5,175.454,0.383,0.3,34674138.0
2026-09-01T04:21:42,1.2,6422,1547350,1529327,0.4,0.00,1.62,0.00,6.46,0.00,0.00,0.00,10655.0,95830.0,84696.0,39.0,20.5,0.5,50.0,186.005,0.383,0.3,34674138.0
2026-09-01T04:21:42,1.3,6422,1547350,1529327,0.4,0.00,4.05,0.00,16.19,0.00,0.00,0.00,10655.0,95830.0,84696.0,39.0,22.0,0.5,48.5,198.192,0.383,0.3,34674138.0
2026-09-01T04:21:43,1.3,6423,1547350,1529326,0.4,0.00,4.00,0.00,16.00,0.00,0.00,0.00,10655.0,95830.0,84696.0,39.0,8.5,0.5,40.5,217.070,0.383,0.3,34674138.0
2026-09-01T04:21:43,1.5,6423,1547350,1529327,0.4,0.00,3.40,0.00,13.61,0.00,0.00,0.00,10655.0,95830.0,84696.0,81.0,0.5,0.5,2.5,183.203,0.358,0.3,35647997.0
2026-09-01T04:21:43,1.3,6422,1547350,1529327,0.4,0.00,2.82,0.00,11.27,0.00,0.00,0.00,10655.0,95830.0,84696.0,81.0,12.0,0.5,41.5,183.681,0.358,0.3,35647997.0
2026-09-01T04:21:44,1.3,6423,1547350,1529327,0.4,0.00,8.00,0.00,32.00,0.00,0.00,0.00,10655.0,95830.0,84696.0,81.0,22.0,0.5,50.0,193.720,0.358,0.3,35647997.0
2026-09-01T04:21:44,2.0,6421,1547350,1529328,0.4,0.00,4.00,0.00,16.00,0.00,0.00,0.00,10655.0,95830.0,84696.0,100.0,0.5,0.5,3.5,197.267,0.358,0.3,35647997.0
2026-09-01T04:21:44,1.1,6421,1547350,1529328,0.4,0.00,2.00,0.00,7.98,0.00,0.00,0.00,10655.0,95830.0,84696.0,100.0,13.0,0.5,43.5,198.379,0.397,0.3,22518860.5
2026-09-01T04:21:45,1.3,6421,1547350,1529328,0.4,0.00,3.94,0.00,15.75,0.00,1.00,0.00,10655.0,95830.0,84696.0,100.0,22.0,0.5,50.0,197.447,0.397,0.3,22518860.5
2026-09-01T04:21:45,1.3,6422,1547350,1529328,0.4,0.00,4.08,0.00,16.33,0.00,0.00,0.00,10655.0,95830.0,84696.0,100.0,14.5,0.5,43.0,197.978,0.397,0.3,22518860.5
2026-09-01T04:21:45,1.6,6422,1547350,1529327,0.4,0.00,3.62,0.00,14.49,0.00,0.00,0.00,10655.0,95830.0,84696.0,100.0,0.5,0.5,2.5,185.069,0.397,0.3,22518860.5
2026-09-01T04:21:45,1.3,6423,1547350,1529327,0.4,0.00,2.94,0.00,11.76,0.00,0.00,0.00,10655.0,95830.0,84696.0,100.0,10.0,0.5,35.5,179.430,0.348,0.3,29014302.0
2026-09-01T04:21:46,1.3,6424,1547350,1529326,0.4,0.00,4.00,0.00,16.00,0.00,0.00,0.00,10655.0,95830.0,84696.0,100.0,19.0,0.5,50.0,184.788,0.348,0.3,29014302.0
2026-09-01T04:21:46,1.5,6423,1547350,1529326,0.4,0.00,3.98,0.00,15.94,0.00,0.00,0.00,10655.0,95830.0,84696.0,100.0,7.0,0.5,32.5,189.274,0.348,0.3,29014302.0
2026-09-01T04:21:47,1.2,6424,1547350,1529325,0.4,0.00,1.30,0.00,5.22,0.00,0.00,0.00,10655.0,95830.0,84696.0,98.0,15.0,0.5,49.0,187.325,0.378,0.3,27068719.0
2026-09-01T04:21:47,1.3,6424,1547350,1529325,0.4,0.00,3.80,0.00,15.21,0.00,0.00,0.00,10655.0,95830.0,84696.0,98.0,22.0,0.5,50.0,196.038,0.378,0.3,27068719.0
2026-09-01T04:21:47,1.3,6423,1547350,1529326,0.4,0.00,3.66,0.00,14.65,0.00,0.00,0.00,10655.0,95830.0,84696.0,98.0,13.0,0.5,42.0,212.798,0.378,0.3,27068719.0
2026-09-01T04:21:48,1.6,6424,1547350,1529326,0.4,0.00,3.68,0.00,14.71,0.00,0.00,0.00,10655.0,95830.0,84696.0,98.0,6.5,0.5,32.0,190.940,0.378,0.3,27068719.0
2026-09-01T04:21:48,1.3,6423,1547350,1529327,0.4,0.00,3.55,0.00,14.18,0.00,0.00,0.00,10655.0,95830.0,84696.0,5.0,15.0,0.5,49.0,186.339,0.361,0.3,29591058.5
2026-09-01T04:21:48,1.3,6424,1547350,1529326,0.4,0.00,4.07,0.00,16.26,0.00,0.00,0.00,10655.0,95830.0,84696.0,5.0,19.5,0.5,50.0,186.758,0.361,0.3,29591058.5
2026-09-01T04:21:48,1.4,6422,1547350,1529327,0.4,0.00,3.32,0.00,13.29,0.00,0.00,0.00,10655.0,95830.0,84696.0,5.0,22.5,0.5,50.0,196.491,0.361,0.3,29591058.5
2026-09-01T04:21:49,1.3,6423,1547350,1529326,0.4,0.00,4.17,0.00,16.67,0.00,0.00,0.00,10655.0,95830.0,84696.0,5.0,13.0,0.5,39.5,214.518,0.361,0.3,29591058.5
2026-09-01T04:21:49,1.6,6423,1547350,1529327,0.4,0.00,4.03,0.00,16.13,0.00,0.00,0.00,10655.0,95830.0,84696.0,79.0,14.0,0.5,47.5,177.290,0.381,0.3,35508601.0
2026-09-01T04:21:50,1.2,6423,1547350,1529326,0.4,0.00,1.61,0.00,6.42,0.00,0.00,0.00,10655.0,95830.0,84696.0,79.0,19.5,0.5,50.0,188.060,0.381,0.3,35508601.0
2026-09-01T04:21:50,1.3,6423,1547350,1529326,0.4,0.00,4.08,0.00,16.33,0.00,0.00,0.00,10655.0,95830.0,84696.0,100.0,22.0,0.5,50.0,199.768,0.381,0.3,35508601.0
2026-09-01T04:21:50,1.3,6422,1547350,1529327,0.4,0.00,3.76,0.00,15.04,0.00,0.00,0.00,10655.0,95830.0,84696.0,100.0,13.5,0.5,42.5,214.107,0.381,0.3,35508601.0
2026-09-01T04:21:50,1.4,6422,1547350,1529327,0.4,0.00,4.03,0.00,16.13,0.00,0.00,0.00,10655.0,95830.0,84696.0,100.0,3.0,0.5,14.5,174.550,0.397,0.3,42286358.0
2026-09-01T04:21:51,1.6,6422,1547350,1529328,0.4,0.00,2.27,0.00,9.09,0.00,0.00,0.00,10655.0,95830.0,84696.0,100.0,7.0,0.5,26.0,173.585,0.397,0.3,42286358.0
2026-09-01T04:21:51,1.2,6421,1547350,1529328,0.4,0.00,4.12,0.00,16.46,0.00,0.00,0.00,10655.0,95830.0,84696.0,29.0,18.0,0.5,50.0,189.743,0.397,0.3,42286358.0
2026-09-01T04:21:51,1.3,6422,1547350,1529327,0.4,0.00,4.17,0.00,16.67,0.00,0.00,0.00,10655.0,95830.0,84696.0,29.0,19.5,0.5,47.0,199.990,0.397,0.3,42286358.0
2026-09-01T04:21:52,2.3,6423,1547350,1529326,0.4,0.00,2.76,0.00,11.05,0.00,0.00,0.00,10655.0,95830.0,84696.0,29.0,2.5,0.5,12.0,184.273,0.371,0.3,28738895.0
2026-09-01T04:21:52,0.9,6422,1547350,1529328,0.4,0.00,2.58,0.00,10.31,0.00,1.00,0.00,10655.0,95830.0,84696.0,81.0,6.0,0.5,23.5,181.953,0.371,0.3,28738895.0
2026-09-01T04:21:52,1.3,6421,1547350,1529329,0.4,0.00,4.13,0.00,16.53,0.00,0.00,0.00,10655.0,95830.0,84696.0,81.0,21.0,0.5,50.0,191.346,0.371,0.3,28738895.0
2026-09-01T04:21:53,1.4,6420,1547350,1529330,0.4,0.00,2.79,0.00,11.14,0.00,0.00,0.00,10655.0,95830.0,84696.0,81.0,20.0,0.5,47.5,197.442,0.371,0.3,28738895.0
2026-09-01T04:21:53,1.4,6420,1547350,1529330,0.4,0.00,4.02,0.00,16.06,0.00,0.00,0.00,10655.0,95830.0,84696.0,95.0,8.0,0.5,38.5,210.590,0.407,0.3,38270861.5
2026-09-01T04:21:53,1.3,6420,1547350,1529329,0.4,0.00,4.41,0.00,17.62,0.00,0.00,0.00,10655.0,95830.0,84696.0,95.0,8.5,0.5,39.5,201.654,0.407,0.3,38270861.5
2026-09-01T04:21:53,1.5,6420,1547350,1529329,0.4,0.00,3.64,0.00,14.55,0.00,0.00,0.00,10655.0,95830.0,84696.0,95.0,2.5,0.5,12.0,161.952,0.407,0.3,38270861.5
2026-09-01T04:21:54,1.3,6421,1547350,1529328,0.4,0.00,4.17,0.00,16.67,0.00,0.00,0.00,10655.0,95830.0,84696.0,95.0,6.0,0.5,22.5,170.889,0.407,0.3,38270861.5
2026-09-01T04:21:54,1.3,6422,1547350,1529328,0.4,0.00,8.03,0.00,32.13,0.00,0.00,0.00,10655.0,95830.0,84696.0,45.0,17.5,0.5,50.0,187.125,0.342,0.3,28360246.0
2026-09-01T04:21:54,1.4,6421,1547350,1529328,0.4,0.00,4.24,0.00,16.95,0.00,0.00,0.00,10655.0,95830.0,84696.0,45.0,21.0,0.5,50.0,194.212,0.342,0.3,28360246.0
2026-09-01T04:21:54,1.4,6421,1547350,1529329,0.4,0.00,4.03,0.00,16.13,0.00,0.00,0.00,10655.0,95830.0,84696.0,45.0,8.5,0.5,41.0,216.293,0.342,0.3,28360246.0
2026-09-01T04:21:55,1.5,6420,1547350,1529329,0.4,0.00,3.29,0.00,13.16,0.00,0.00,0.00,10655.0,95830.0,84696.0,45.0,6.0,0.5,29.0,191.275,0.342,0.3,28360246.0
2026-09-01T04:21:55,1.4,6421,1547350,1529329,0.4,0.00,3.94,0.00,15.75,0.00,0.00,0.39,10655.0,95830.0,84696.0,58.0,1.0,0.5,5.5,181.806,0.344,0.3,33644698.5
2026-09-01T04:21:55,1.3,6421,1547350,1529329,0.4,0.00,4.15,0.00,16.60,0.00,0.00,0.00,10655.0,95830.0,84696.0,58.0,15.5,0.5,50.0,186.504,0.344,0.3,33644698.5
2026-09-01T04:21:55,1.4,6422,1547350,1529328,0.4,0.00,4.12,0.00,16.46,0.00,0.00,0.00,10655.0,95830.0,84696.0,58.0,22.5,0.5,50.0,197.891,0.344,0.3,33644698.5
2026-09-01T04:21:56,2.2,6422,1547350,1529327,0.4,0.00,3.42,0.00,13.70,0.00,0.00,0.00,10655.0,95830.0,84696.0,84.0,5.5,0.5,26.0,189.621,0.344,0.3,33644698.5
2026-09-01T04:21:56,1.0,6423,1547350,1529326,0.4,0.00,2.28,0.00,9.13,0.00,0.00,0.00,10655.0,95830.0,84696.0,84.0,0.5,0.5,2.5,183.450,0.363,0.3,28140733.0
2026-09-01T04:21:56,1.3,6424,1547350,1529326,0.4,0.00,4.02,0.00,16.06,0.00,0.00,0.00,10655.0,95830.0,84696.0,84.0,22.5,0.5,50.0,193.969,0.363,0.3,28140733.0
2026-09-01T04:21:57,1.3,6423,1547350,1529326,0.4,0.00,2.76,0.00,11.05,0.00,0.00,0.00,10655.0,95830.0,84696.0,84.0,12.0,0.5,42.5,203.219,0.363,0.3,28140733.0
2026-09-01T04:21:57,1.3,6423,1547350,1529327,0.4,0.00,4.02,0.00,16.06,0.00,0.00,0.00,10655.0,95830.0,84696.0,85.0,8.5,0.5,41.0,215.541,0.363,0.3,28140733.0
2026-09-01T04:21:57,1.4,6423,1547350,1529327,0.4,0.00,4.03,0.00,16.13,0.00,0.00,0.00,10655.0,95830.0,84696.0,85.0,8.5,0.5,41.0,202.656,0.442,0.3,48710872.0
2026-09-01T04:21:57,1.3,6423,1547350,1529326,0.4,0.00,3.06,0.00,12.23,0.00,1.00,0.00,10655.0,95830.0,84696.0,85.0,8.5,0.5,41.0,186.268,0.442,0.3,48710872.0
2026-09-01T04:21:58,1.3,6423,1547350,1529327,0.4,0.00,4.12,0.00,16.46,0.00,0.00,0.00,10655.0,95830.0,84696.0,85.0,8.5,0.5,41.0,185.725,0.442,0.3,48710872.0
2026-09-01T04:21:58,1.8,6425,1547350,1529325,0.4,0.00,3.61,0.00,14.44,0.00,0.00,0.00,10655.0,95830.0,84696.0,82.0,0.5,0.5,3.0,165.971,0.442,0.3,48710872.0
2026-09-01T04:21:58,1.3,6424,1547350,1529326,0.4,0.00,3.57,0.00,14.29,0.00,0.00,0.00,10655.0,95830.0,84696.0,82.0,13.0,0.5,43.5,179.471,0.345,0.2,44098875.0
2026-09-01T04:21:59,1.3,6423,1547350,1529327,0.4,0.00,3.38,0.00,13.51,0.00,0.00,0.00,10655.0,95830.0,84696.0,82.0,22.0,0.5,50.0,189.779,0.345,0.2,44098875.0
2026-09-01T04:21:59,1.3,6423,1547350,1529327,0.4,0.00,4.08,0.00,16.33,0.00,0.00,0.00,10655.0,95830.0,84696.0,100.0,14.5,0.5,44.0,195.397,0.345,0.2,44098875.0
2026-09-01T04:21:59,1.3,6421,1547350,1529328,0.4,0.00,4.00,0.00,16.00,0.00,0.00,0.00,10655.0,95830.0,84696.0,100.0,8.5,0.5,41.0,215.663,0.345,0.2,44098875.0
2026-09-01T04:21:59,1.4,6422,1547350,1529327,0.4,0.00,4.13,0.00,16.53,0.00,0.00,0.00,10655.0,95830.0,84696.0,100.0,8.5,0.5,41.0,206.945,0.345,0.2,44098875.0
2026-09-01T04:22:00,1.2,6422,1547350,1529327,0.4,0.00,3.80,0.00,15.21,0.00,0.00,0.00,10655.0,95830.0,84696.0,100.0,8.5,0.5,41.0,192.025,0.433,0.3,53005985.5
2026-09-01T04:22:00,1.4,6421,1547350,1529329,0.4,0.00,4.02,0.00,16.06,0.00,0.00,0.00,10655.0,95830.0,84696.0,82.0,8.5,0.5,41.0,188.634,0.433,0.3,53005985.5
2026-09-01T04:22:00,1.3,6421,1547350,1529329,0.4,0.00,4.02,0.00,16.06,0.00,0.00,0.00,10655.0,95830.0,84696.0,82.0,8.5,0.5,41.5,189.085,0.433,0.3,53005985.5
2026-09-01T04:22:00,1.8,6421,1547350,1529329,0.4,0.00,39.71,0.00,557.76,0.00,0.09,0.00,10655.0,95830.0,84696.0,82.0,0.5,0.5,2.5,169.413,0.433,0.3,53005985.5
2026-09-01T04:22:01,1.8,6424,1547350,1529325,0.4,0.00,3.12,0.00,12.46,0.00,0.00,0.00,10655.0,95830.0,84696.0,82.0,12.5,0.5,42.5,177.013,0.332,0.2,46822886.5
2026-09-01T04:22:01,1.3,6424,1547350,1529325,0.4,0.00,3.79,0.00,15.15,0.00,0.00,0.00,10655.0,95830.0,84696.0,85.0,19.0,0.5,50.0,187.220,0.332,0.2,46822886.5
2026-09-01T04:22:01,1.4,6424,1547350,1529325,0.4,0.00,4.26,0.00,17.02,0.00,0.00,0.00,10655.0,95830.0,84696.0,85.0,15.0,0.5,44.0,197.260,0.332,0.2,46822886.5
2026-09-01T04:22:01,1.3,6424,1547350,1529326,0.4,0.00,3.16,0.00,12.66,0.00,0.00,0.00,10655.0,95830.0,84696.0,85.0,3.0,0.5,14.0,184.007,0.398,0.3,35895810.5
2026-09-01T04:22:02,1.6,6423,1547350,1529326,0.4,0.00,2.16,0.00,8.66,0.00,0.00,0.00,10655.0,95830.0,84696.0,28.0,6.5,0.5,25.0,181.617,0.398,0.3,35895810.5
2026-09-01T04:22:02,1.3,6423,1547350,1529326,0.4,0.00,4.07,0.00,16.26,0.00,0.00,0.00,10655.0,95830.0,84696.0,28.0,21.0,0.5,50.0,188.612,0.398,0.3,35895810.5
2026-09-01T04:22:02,1.4,6424,1547350,1529326,0.4,0.00,3.50,0.00,13.99,0.00,0.00,0.00,10655.0,95830.0,84696.0,28.0,20.0,0.5,47.5,199.514,0.398,0.3,35895810.5
2026-09-01T04:22:03,1.4,6424,1547350,1529325,0.4,0.00,4.05,0.00,16.19,0.00,0.00,0.00,10655.0,95830.0,84696.0,28.0,8.5,0.5,41.0,216.051,0.417,0.3,34058965.5
2026-09-01T04:22:03,1.6,6424,1547350,1529326,0.4,0.00,3.51,0.00,14.04,0.00,0.00,0.00,10655.0,95830.0,84696.0,82.0,0.5,0.5,3.0,182.240,0.417,0.3,34058965.5
2026-09-01T04:22:03,1.3,6426,1547350,1529324,0.4,0.00,3.85,0.00,15.38,0.00,0.00,0.00,10655.0,95830.0,84696.0,82.0,12.5,0.5,43.0,177.859,0.417,0.3,34058965.5
2026-09-01T04:22:04,1.3,6425,1547350,1529324,0.4,0.00,2.88,0.00,11.53,0.00,0.00,0.29,10655.0,95830.0,84696.0,82.0,22.0,0.5,50.0,194.383,0.417,0.3,34058965.5
2026-09-01T04:22:04,1.3,6426,1547350,1529323,0.4,0.00,4.27,0.00,17.09,0.00,0.00,0.00,10655.0,95830.0,84696.0,100.0,14.5,0.5,43.0,199.530,0.373,0.3,26242709.5
2026-09-01T04:22:04,1.4,6426,1547350,1529323,0.4,0.00,4.07,0.00,16.26,0.00,1.00,0.00,10655.0,95830.0,84696.0,100.0,8.5,0.5,39.5,210.467,0.373,0.3,26242709.5
2026-09-01T04:22:04,1.9,6427,1547350,1529322,0.4,0.00,4.07,0.00,16.26,0.00,0.00,0.00,10655.0,95830.0,84696.0,100.0,5.0,0.5,24.0,169.920,0.373,0.3,26242709.5
2026-09-01T04:22:05,1.3,6426,1547350,1529323,0.4,0.00,2.14,0.00,8.55,0.00,0.00,0.00,10655.0,95830.0,84696.0,25.0,16.5,0.5,50.0,173.743,0.373,0.3,26242709.5
2026-09-01T04:22:05,1.3,6426,1547350,1529324,0.4,0.00,4.12,0.00,16.46,0.00,0.00,0.41,10655.0,95830.0,84696.0,25.0,20.5,0.5,50.0,186.673,0.367,0.3,38979472.0
2026-09-01T04:22:05,1.3,6426,1547350,1529324,0.4,0.00,4.26,0.00,17.02,0.00,0.00,0.00,10655.0,95830.0,84696.0,25.0,23.0,0.5,50.0,198.974,0.367,0.3,38979472.0
2026-09-01T04:22:06,2.0,6427,1547350,1529322,0.4,0.00,3.12,0.00,12.46,0.00,0.00,0.00,10655.0,95830.0,84696.0,58.0,6.0,0.5,29.0,188.528,0.367,0.3,38979472.0
2026-09-01T04:22:06,1.2,6427,1547350,1529323,0.4,0.00,2.44,0.00,9.78,0.00,0.00,0.00,10655.0,95830.0,84696.0,58.0,1.5,0.5,7.0,182.330,0.367,0.3,38979472.0
2026-09-01T04:22:06,1.3,6425,1547350,1529325,0.4,0.00,3.89,0.00,15.56,0.00,0.00,0.00,10655.0,95830.0,84696.0,58.0,20.0,0.5,50.0,191.810,0.380,0.3,30135792.5
2026-09-01T04:22:07,1.3,6424,1547350,1529326,0.4,0.00,2.03,0.00,8.11,0.00,0.00,0.00,10655.0,95830.0,84696.0,82.0,11.0,0.5,41.0,212.560,0.380,0.3,30135792.5
2026-09-01T04:22:07,1.3,6424,1547350,1529325,0.4,0.00,3.69,0.00,14.76,0.00,0.00,0.00,10655.0,95830.0,84696.0,82.0,8.5,0.5,39.5,197.107,0.380,0.3,30135792.5
2026-09-01T04:22:08,0.9,6424,1547350,1529326,0.4,0.00,1.97,0.00,7.87,0.00,0.00,0.00,10655.0,95830.0,84696.0,82.0,0.0,0.5,0.0,137.632,0.240,0.2,36506158.0
2026-09-01T04:22:08,1.3,6424,1547350,1529326,0.4,0.00,4.08,0.00,16.33,0.00,0.00,0.00,10655.0,95830.0,84696.0,24.0,3.0,0.5,12.0,146.264,0.240,0.2,36506158.0
2026-09-01T04:22:08,1.3,6424,1547350,1529326,0.4,0.00,4.00,0.00,16.00,0.00,0.00,0.00,10655.0,95830.0,84696.0,24.0,16.5,0.5,50.0,167.565,0.240,0.2,36506158.0
2026-09-01T04:22:08,1.3,6423,1547350,1529326,0.4,0.00,4.39,0.00,17.54,0.00,0.00,0.00,10655.0,95830.0,84696.0,24.0,23.0,0.5,50.0,197.827,0.240,0.2,36506158.0
2026-09-01T04:22:09,1.5,6423,1547350,1529326,0.4,0.00,2.75,0.00,10.99,0.00,0.00,0.00,10655.0,95830.0,84696.0,51.0,4.0,0.5,16.0,188.857,0.374,0.3,27343679.5
2026-09-01T04:22:09,1.3,6423,1547350,1529327,0.4,0.00,1.99,0.00,7.95,0.00,0.00,0.00,10655.0,95830.0,84696.0,51.0,17.0,0.5,50.0,188.754,0.374,0.3,27343679.5
2026-09-01T04:22:09,1.2,6423,1547350,1529327,0.4,0.00,4.17,0.00,16.67,0.00,0.00,0.00,10655.0,95830.0,84696.0,51.0,20.5,0.5,50.0,198.291,0.374,0.3,27343679.5
2026-09-01T04:22:10,2.0,6423,1547350,1529327,0.4,0.00,4.03,0.00,16.13,0.00,0.00,0.00,10655.0,95830.0,84696.0,65.0,7.0,0.5,32.5,195.016,0.374,0.3,27343679.5
2026-09-01T04:22:10,1.0,6424,1547350,1529326,0.4,0.00,2.61,0.00,10.44,0.00,0.00,0.00,10655.0,95830.0,84696.0,65.0,1.5,0.5,7.0,194.295,0.385,0.3,25178523.0
2026-09-01T04:22:10,1.4,6424,1547350,1529326,0.4,0.00,3.82,0.00,15.27,0.00,0.00,0.00,10655.0,95830.0,84696.0,65.0,20.0,0.5,50.0,194.293,0.385,0.3,25178523.0
2026-09-01T04:22:11,1.3,6423,1547350,1529326,0.4,0.00,3.75,0.00,14.98,0.00,0.00,0.00,10655.0,95830.0,84696.0,65.0,22.5,0.5,50.0,196.453,0.385,0.3,25178523.0
2026-09-01T04:22:11,1.5,6421,1547350,1529329,0.4,0.00,4.07,0.00,16.26,0.00,0.00,0.00,10655.0,95830.0,84696.0,100.0,10.5,0.5,40.5,215.006,0.385,0.3,25178523.0
2026-09-01T04:22:11,1.8,6422,1547350,1529328,0.4,0.00,4.05,0.00,16.19,0.00,0.00,0.00,10655.0,95830.0,84696.0,100.0,3.5,0.5,14.5,176.575,0.380,0.3,33455943.0
2026-09-01T04:22:12,1.2,6420,1547350,1529329,0.4,0.00,1.63,0.00,6.51,0.00,0.00,0.00,10655.0,95830.0,84696.0,100.0,20.5,0.5,50.0,192.754,0.380,0.3,33455943.0
2026-09-01T04:22:12,1.3,6421,1547350,1529328,0.4,0.00,2.08,0.00,8.33,0.00,1.00,0.00,10655.0,95830.0,84696.0,100.0,8.5,0.5,40.0,214.205,0.380,0.3,33455943.0
2026-09-01T04:22:12,1.7,6422,1547350,1529327,0.4,0.00,3.98,0.00,15.94,0.00,0.00,0.00,10655.0,95830.0,84696.0,100.0,2.5,0.5,11.0,177.650,0.363,0.3,33998210.5
2026-09-01T04:22:13,1.3,6423,1547350,1529327,0.4,0.00,2.10,0.00,8.39,0.00,0.00,0.00,10655.0,95830.0,84696.0,22.0,9.0,0.5,31.5,178.702,0.363,0.3,33998210.5
2026-09-01T04:22:13,1.3,6422,1547350,1529327,0.4,0.00,3.98,0.00,15.94,0.00,0.00,0.00,10655.0,95830.0,84696.0,22.0,21.5,0.5,50.0,196.488,0.363,0.3,33998210.5
2026-09-01T04:22:13,1.3,6423,1547350,1529327,0.4,0.00,4.02,0.00,16.06,0.00,0.00,0.00,10655.0,95830.0,84696.0,22.0,18.0,0.5,45.0,209.949,0.363,0.3,33998210.5
2026-09-01T04:22:14,1.0,6424,1547350,1529326,0.4,0.00,2.27,0.00,9.09,0.00,0.00,0.00,10655.0,95830.0,84696.0,79.0,1.0,0.5,4.0,165.840,0.344,0.3,27780461.5
2026-09-01T04:22:14,1.4,6425,1547350,1529325,0.4,0.00,3.91,0.00,15.62,0.00,0.00,0.00,10655.0,95830.0,84696.0,79.0,0.0,0.5,0.5,163.734,0.344,0.3,27780461.5
2026-09-01T04:22:14,1.3,6424,1547350,1529326,0.4,0.00,8.03,0.00,48.19,0.00,0.00,0.00,10655.0,95830.0,84696.0,79.0,20.0,0.5,50.0,185.375,0.344,0.3,27780461.5
2026-09-01T04:22:15,1.4,6423,1547350,1529326,0.4,0.00,2.67,0.00,10.70,0.00,0.00,0.00,10655.0,95830.0,84696.0,79.0,22.5,0.5,50.0,202.425,0.344,0.3,27780461.5
2026-09-01T04:22:15,2.3,6421,1547350,1529329,0.4,0.00,4.10,0.00,16.39,0.00,0.00,0.00,10655.0,95830.0,84696.0,100.0,8.5,0.5,41.0,188.826,0.365,0.3,30432536.5
2026-09-01T04:22:15,0.9,6421,1547350,1529328,0.4,0.00,2.59,0.00,10.36,0.00,0.00,0.00,10655.0,95830.0,84696.0,100.0,10.0,0.5,35.0,182.197,0.365,0.3,30432536.5
2026-09-01T04:22:16,1.3,6422,1547350,1529327,0.4,0.00,1.23,0.00,4.91,0.00,0.00,0.00,10655.0,95830.0,84696.0,100.0,14.5,0.5,50.0,199.807,0.360,0.3,17558643.5
2026-09-01T04:22:17,1.2,6422,1547350,1529328,0.4,0.00,0.96,0.00,3.82,0.00,0.00,0.00,10655.0,95830.0,84696.0,100.0,8.5,0.5,41.0,214.163,0.360,0.3,17558643.5
2026-09-01T04:22:18,1.3,6422,1547350,1529328,0.4,0.00,1.05,0.00,4.19,0.00,0.00,0.00,10655.0,95830.0,84696.0,26.0,20.5,0.5,50.0,191.404,0.409,0.3,37314336.5
2026-09-01T04:22:19,1.3,6419,1547350,1529330,0.4,0.00,0.92,0.00,3.70,0.00,0.00,0.00,10655.0,95830.0,84696.0,38.0,21.0,0.5,50.0,188.295,0.373,0.3,29301214.5
2026-09-01T04:22:20,1.3,6420,1547350,1529330,0.4,0.00,1.09,0.00,4.36,0.00,0.00,0.00,10655.0,95830.0,84696.0,77.0,4.0,0.5,20.0,179.998,0.373,0.3,29301214.5
2026-09-01T04:22:21,1.2,6420,1547350,1529329,0.4,0.00,0.93,0.00,3.73,0.00,0.00,0.00,10655.0,95830.0,84696.0,100.0,8.5,0.5,41.0,214.906,0.390,0.3,39703114.5
2026-09-01T04:22:22,1.3,6420,1547350,1529330,0.4,0.00,1.05,0.00,4.18,0.00,0.00,0.00,10655.0,95830.0,84696.0,36.0,21.0,0.5,50.0,188.000,0.390,0.3,39703114.5
2026-09-01T04:22:23,1.3,6422,1547350,1529327,0.4,0.00,1.03,0.00,4.12,0.00,0.00,0.00,10655.0,95830.0,84696.0,51.0,16.0,0.5,50.0,181.347,0.349,0.3,27006905.5
2026-09-01T04:22:24,1.3,6422,1547350,1529327,0.4,0.00,0.90,0.00,3.61,0.00,0.00,0.00,10655.0,95830.0,84696.0,81.0,18.0,0.5,50.0,188.925,0.372,0.3,27852497.0
2026-09-01T04:22:25,1.3,6422,1547350,1529328,0.4,0.00,1.11,0.00,4.45,0.00,1.00,0.00,10655.0,95830.0,84696.0,95.0,4.5,0.5,18.0,195.156,0.372,0.3,27852497.0
2026-09-01T04:22:26,1.3,6421,1547350,1529328,0.4,0.00,0.92,0.00,3.69,0.00,0.00,0.00,10655.0,95830.0,84696.0,97.0,11.0,0.5,39.0,189.902,0.367,0.3,25371139.0
2026-09-01T04:22:27,1.3,6421,1547350,1529328,0.4,0.00,1.08,0.00,4.33,0.00,0.00,0.00,10655.0,95830.0,84696.0,100.0,1.5,0.5,5.5,184.515,0.367,0.3,25371139.0
2026-09-01T04:22:28,1.2,6422,1547350,1529327,0.4,0.00,0.92,0.00,3.67,0.00,0.00,0.09,10655.0,95830.0,84696.0,100.0,8.5,0.5,40.5,212.358,0.386,0.3,32306922.5
2026-09-01T04:22:29,1.2,6423,1547350,1529326,0.4,0.00,1.11,0.00,4.43,0.00,0.00,0.00,10655.0,95830.0,84696.0,46.0,17.5,0.5,50.0,191.261,0.386,0.3,32306922.5
2026-09-01T04:22:30,1.2,6424,1547350,1529326,0.4,0.00,1.02,0.00,4.09,0.00,0.00,0.00,10655.0,95830.0,84696.0,80.0,8.5,0.5,40.5,190.241,0.384,0.3,41852881.0
2026-09-01T04:22:31,1.3,6423,1547350,1529327,0.4,0.00,1.93,0.00,33.27,0.00,0.00,0.00,10655.0,95830.0,84696.0,43.0,21.0,0.5,50.0,194.537,0.356,0.3,24759325.5
2026-09-01T04:22:32,1.2,6423,1547350,1529326,0.4,0.00,1.04,0.00,4.17,0.00,0.00,0.00,10655.0,95830.0,84696.0,80.0,8.5,0.5,41.0,194.741,0.356,0.3,24759325.5
2026-09-01T04:22:33,1.0,6422,1547350,1529327,0.4,0.00,0.98,0.00,3.94,0.00,0.00,0.00,10655.0,95830.0,84696.0,5.0,10.0,0.5,35.0,152.799,0.323,0.2,43995370.0
2026-09-01T04:22:34,1.3,6423,1547350,1529326,0.4,0.00,1.00,0.00,3.99,0.00,0.00,0.00,10655.0,95830.0,84696.0,100.0,5.0,0.5,24.5,184.804,0.364,0.3,35005933.5
2026-09-01T04:22:35,1.2,6424,1547350,1529325,0.4,0.00,6.10,0.00,32.52,0.00,0.17,0.00,10655.0,95830.0,84696.0,100.0,8.5,0.5,40.0,215.609,0.364,0.3,35005933.5
2026-09-01T04:22:36,1.2,6422,1547350,1529328,0.4,0.00,0.98,0.00,3.93,0.00,0.00,0.00,10655.0,95830.0,84696.0,24.0,20.5,0.5,50.0,186.491,0.392,0.3,28974409.0
2026-09-01T04:22:37,1.2,6423,1547350,1529327,0.4,0.00,1.02,0.00,4.07,0.00,0.00,0.00,10655.0,95830.0,84696.0,41.0,20.5,0.5,50.0,194.860,0.392,0.3,28974409.0
2026-09-01T04:22:38,1.3,6422,1547350,1529327,0.4,0.00,0.92,0.00,3.70,0.00,0.00,0.00,10655.0,95830.0,84696.0,81.0,17.0,0.5,50.0,189.435,0.362,0.3,26229675.5
2026-09-01T04:22:39,1.4,6423,1547350,1529326,0.4,0.00,1.08,0.00,4.33,0.00,0.00,0.00,10655.0,95830.0,84696.0,99.0,1.5,0.5,6.0,183.472,0.362,0.3,26229675.5
2026-09-01T04:22:40,1.2,6425,1547350,1529325,0.4,0.00,1.02,0.00,4.07,0.00,0.00,0.00,10655.0,95830.0,84696.0,100.0,8.5,0.5,40.0,212.341,0.400,0.3,34202435.5
2026-09-01T04:22:41,1.3,6424,1547350,1529325,0.4,0.00,1.00,0.00,4.00,0.00,0.00,0.00,10655.0,95830.0,84696.0,100.0,17.5,0.5,45.5,193.960,0.366,0.3,27330842.5
2026-09-01T04:22:42,1.4,6424,1547350,1529326,0.4,0.00,0.98,0.00,3.90,0.00,0.00,0.00,10655.0,95830.0,84696.0,78.0,1.0,0.5,4.5,166.082,0.312,0.2,46635579.0
2026-09-01T04:22:43,1.2,6424,1547350,1529326,0.4,0.00,0.84,0.00,3.36,0.00,0.00,0.00,10655.0,95830.0,84696.0,100.0,8.5,0.5,39.5,207.091,0.446,0.3,43711562.0
2026-09-01T04:22:44,1.4,6425,1547350,1529325,0.4,0.00,1.26,0.00,5.05,0.00,0.00,0.00,10655.0,95830.0,84696.0,5.0,19.5,0.5,50.0,186.002,0.446,0.3,43711562.0
2026-09-01T04:22:45,1.2,6426,1547350,1529324,0.4,0.00,3.02,0.00,12.08,0.00,0.00,0.00,10655.0,95830.0,84696.0,80.0,8.0,0.5,38.0,200.250,0.380,0.3,41055577.0
2026-09-01T04:22:46,1.5,6471,1547350,1529279,0.4,0.00,1.00,0.00,4.00,0.00,0.00,0.00,10655.0,95830.0,84696.0,100.0,5.5,0.5,24.5,181.256,0.328,0.3,20930860.5
2026-09-01T04:22:47,0.9,6474,1547350,1529276,0.4,0.00,1.00,0.00,3.99,0.00,0.00,0.00,10655.0,95830.0,84696.0,100.0,21.5,0.5,50.0,191.872,0.328,0.3,20930860.5
2026-09-01T04:22:48,1.4,6475,1547350,1529274,0.4,0.00,0.99,0.00,3.97,0.00,0.00,0.00,10655.0,95830.0,84696.0,94.0,22.0,0.5,50.0,194.002,0.359,0.3,25501650.5
2026-09-01T04:22:49,1.3,6475,1547350,1529274,0.4,0.00,0.98,0.00,3.91,0.00,0.00,0.00,10655.0,95830.0,84696.0,5.0,19.0,0.5,50.0,184.798,0.347,0.3,28135447.0
2026-09-01T04:22:50,1.3,6475,1547350,1529274,0.4,0.00,1.02,0.00,4.08,0.00,0.00,0.00,10655.0,95830.0,84696.0,82.0,4.0,0.5,18.0,173.905,0.347,0.3,28135447.0
2026-09-01T04:22:51,1.2,6478,1547350,1529271,0.4,0.00,1.01,0.00,4.04,0.00,0.00,0.00,10655.0,95830.0,84696.0,100.0,20.5,0.5,48.0,203.450,0.394,0.3,36580740.5
2026-09-01T04:22:52,1.3,6480,1547350,1529269,0.4,0.00,0.99,0.00,3.94,0.00,0.00,0.00,10655.0,95830.0,84696.0,97.0,22.0,0.5,50.0,196.172,0.376,0.3,31515363.0
2026-09-01T04:22:53,1.2,6479,1547350,1529270,0.4,0.00,1.02,0.00,4.09,0.00,0.00,0.00,10655.0,95830.0,84696.0,80.0,8.5,0.5,40.0,188.090,0.376,0.3,31515363.0
2026-09-01T04:22:54,1.3,6480,1547350,1529270,0.4,0.00,0.99,0.00,3.95,0.00,1.00,0.00,10655.0,95830.0,84696.0,79.0,1.0,0.5,4.5,167.245,0.351,0.2,55345323.5
2026-09-01T04:22:55,1.2,6481,1547350,1529269,0.4,0.00,1.01,0.00,4.05,0.00,0.00,0.00,10655.0,95830.0,84696.0,100.0,12.0,0.5,42.5,219.240,0.351,0.2,55345323.5
2026-09-01T04:22:56,1.2,6480,1547350,1529270,0.4,0.00,2.00,0.00,8.00,0.00,0.00,0.00,10655.0,95830.0,84696.0,83.0,8.5,0.5,41.5,190.096,0.432,0.3,54340266.0
2026-09-01T04:22:57,1.3,6479,1547350,1529270,0.4,0.00,0.98,0.00,3.93,0.00,0.00,0.00,10655.0,95830.0,84696.0,69.0,21.5,0.5,50.0,197.980,0.378,0.3,28848291.5
2026-09-01T04:22:58,1.2,6479,1547350,1529270,0.4,0.00,1.02,0.00,4.09,0.00,0.00,0.00,10655.0,95830.0,84696.0,79.0,8.5,0.5,40.0,184.691,0.378,0.3,28848291.5
2026-09-01T04:22:59,1.1,6480,1547350,1529270,0.4,0.00,1.00,0.00,3.99,0.00,0.00,0.00,10655.0,95830.0,84696.0,19.0,20.5,0.5,50.0,184.692,0.348,0.3,37173537.5
2026-09-01T04:23:00,1.3,6481,1547350,1529269,0.4,0.00,0.98,0.00,3.93,0.00,0.00,0.00,10655.0,95830.0,84696.0,79.0,16.5,0.5,50.0,182.148,0.345,0.3,37455473.0
2026-09-01T04:23:01,1.5,6485,1547350,1529265,0.4,0.00,4.00,0.00,34.03,0.00,0.00,0.00,10655.0,95830.0,84696.0,100.0,11.5,0.5,40.5,191.287,0.345,0.3,37455473.0
2026-09-01T04:23:02,1.2,6485,1547350,1529264,0.4,0.00,1.02,0.00,4.07,0.00,0.00,0.00,10655.0,95830.0,84696.0,100.0,8.0,0.5,39.0,213.353,0.356,0.3,23678824.0
2026-09-01T04:23:03,1.2,6486,1547350,1529264,0.4,0.00,1.00,0.00,4.01,0.00,0.00,0.00,10655.0,95830.0,84696.0,80.0,6.5,0.5,30.5,163.744,0.385,0.3,50354706.5
2026-09-01T04:23:04,1.2,6485,1547350,1529264,0.4,0.00,0.98,0.00,3.91,0.00,0.00,0.00,10655.0,95830.0,84696.0,100.0,3.5,0.5,14.0,193.631,0.361,0.3,26983703.5
2026-09-01T04:23:05,1.2,6485,1547350,1529265,0.4,0.00,1.02,0.00,4.09,0.00,0.00,0.00,10655.0,95830.0,84696.0,100.0,8.5,0.5,39.5,200.203,0.361,0.3,26983703.5
2026-09-01T04:23:06,1.3,6485,1547350,1529264,0.4,0.00,0.94,0.00,3.77,0.00,0.00,0.00,10655.0,95830.0,84696.0,58.0,19.0,0.5,47.0,195.974,0.406,0.3,31011730.0
2026-09-01T04:23:07,1.4,6482,1547350,1529267,0.4,0.00,1.01,0.00,4.04,0.00,0.00,0.00,10655.0,95830.0,84696.0,82.0,10.0,0.5,35.5,175.700,0.406,0.3,31011730.0
2026-09-01T04:23:08,1.2,6483,1547350,1529266,0.4,0.00,1.03,0.00,4.14,0.00,1.00,0.00,10655.0,95830.0,84696.0,88.0,2.0,0.5,8.0,178.560,0.332,0.2,34810510.5
2026-09-01T04:23:09,1.2,6490,1547350,1529259,0.4,0.00,1.02,0.00,4.07,0.00,0.00,0.10,10655.0,95830.0,84696.0,100.0,11.0,0.5,41.0,201.611,0.332,0.2,34810510.5
2026-09-01T04:23:10,1.2,6491,1547350,1529259,0.4,0.00,1.00,0.00,4.00,0.00,0.00,0.00,10655.0,95830.0,84696.0,82.0,8.5,0.5,41.0,185.091,0.436,0.3,51017065.0
2026-09-01T04:23:11,1.3,6487,1547350,1529262,0.4,0.00,0.98,0.00,3.94,0.00,0.00,0.00,10655.0,95830.0,84696.0,67.0,21.5,0.5,50.0,197.266,0.377,0.3,29138795.5
2026-09-01T04:23:12,1.2,6489,1547350,1529261,0.4,0.00,1.01,0.00,4.04,0.00,0.00,0.10,10655.0,95830.0,84696.0,78.0,8.0,0.5,39.0,188.969,0.377,0.3,29138795.5
2026-09-01T04:23:13,1.2,6488,1547350,1529262,0.4,0.00,1.01,0.00,4.02,0.00,0.00,0.00,10655.0,95830.0,84696.0,100.0,20.0,0.5,50.0,195.214,0.367,0.3,42592001.0
2026-09-01T04:23:14,1.2,6487,1547350,1529262,0.4,0.00,1.00,0.00,4.01,0.00,0.00,0.00,10655.0,95830.0,84696.0,79.0,8.0,0.5,38.5,189.618,0.367,0.3,42592001.0
2026-09-01T04:23:15,1.2,6487,1547350,1529263,0.4,0.00,0.98,0.00,3.93,0.00,0.00,0.00,10655.0,95830.0,84696.0,41.0,15.0,0.5,50.0,173.928,0.354,0.2,46866059.5
2026-09-01T04:23:16,1.2,6486,1547350,1529263,0.4,0.00,1.02,0.00,4.06,0.00,0.00,0.00,10655.0,95830.0,84696.0,84.0,8.5,0.5,41.5,212.481,0.354,0.2,46866059.5
2026-09-01T04:23:17,1.3,6486,1547350,1529263,0.4,0.00,0.99,0.00,3.96,0.00,0.00,0.00,10655.0,95830.0,84696.0,82.0,1.5,0.5,7.5,161.974,0.369,0.3,52742442.0
2026-09-01T04:23:18,1.2,6483,1547350,1529267,0.4,0.00,1.01,0.00,4.04,0.00,0.00,0.00,10655.0,95830.0,84696.0,100.0,20.5,0.5,48.0,203.931,0.369,0.3,52742442.0
2026-09-01T04:23:19,1.2,6484,1547350,1529266,0.4,0.00,0.91,0.00,3.64,0.00,0.00,0.00,10655.0,95830.0,84696.0,52.0,21.0,0.5,50.0,196.495,0.412,0.3,30931406.0
2026-09-01T04:23:20,1.2,6486,1547350,1529264,0.4,0.00,1.07,0.00,4.29,0.00,0.00,0.00,10655.0,95830.0,84696.0,77.0,3.0,0.5,14.5,167.138,0.412,0.3,30931406.0
2026-09-01T04:23:21,1.2,6486,1547350,1529263,0.4,0.00,2.06,0.00,12.35,0.00,0.00,0.00,10655.0,95830.0,84696.0,100.0,22.0,0.5,48.5,203.921,0.373,0.3,40009387.0
2026-09-01T04:23:22,1.3,6486,1547350,1529263,0.4,0.00,0.99,0.00,3.96,0.00,0.00,0.00,10655.0,95830.0,84696.0,61.0,13.0,0.5,43.5,173.927,0.322,0.2,38383931.5
2026-09-01T04:23:23,1.2,6486,1547350,1529264,0.4,0.00,1.01,0.00,4.05,0.00,0.00,0.00,10655.0,95830.0,84696.0,86.0,8.5,0.5,39.5,209.427,0.322,0.2,38383931.5
2026-09-01T04:23:24,1.3,6484,1547350,1529266,0.4,0.00,0.98,0.00,3.92,0.00,0.00,0.00,10655.0,95830.0,84696.0,23.0,21.0,0.5,50.0,193.766,0.392,0.3,36037250.0
2026-09-01T04:23:25,1.3,6483,1547350,1529266,0.4,0.00,1.00,0.00,4.00,0.00,0.00,0.00,10655.0,95830.0,84696.0,78.0,18.5,0.5,50.0,187.764,0.353,0.3,29004839.0
2026-09-01T04:23:26,1.3,6485,1547350,1529265,0.4,0.00,1.00,0.00,4.01,0.00,0.00,0.00,10655.0,95830.0,84696.0,91.0,19.0,0.5,50.0,198.941,0.353,0.3,29004839.0
2026-09-01T04:23:27,1.1,6485,1547350,1529265,0.4,0.00,1.02,0.00,4.06,0.00,0.00,0.00,10655.0,95830.0,84696.0,89.0,8.0,0.5,38.5,165.712,0.357,0.3,30351708.5
2026-09-01T04:23:28,1.2,6485,1547350,1529265,0.4,0.00,1.00,0.00,4.02,0.00,0.00,0.00,10655.0,95830.0,84696.0,100.0,8.0,0.5,39.0,203.500,0.357,0.3,30373165.0
2026-09-01T04:23:29,1.4,6486,1547350,1529263,0.4,0.00,1.00,0.00,4.00,0.00,0.00,0.00,10655.0,95830.0,84696.0,100.0,16.5,0.5,45.0,196.586,0.390,0.3,26609624.5
2026-09-01T04:23:30,1.3,6487,1547350,1529263,0.4,0.00,0.98,0.00,3.91,0.00,1.00,0.00,10655.0,95830.0,84696.0,74.0,21.5,0.5,50.0,196.402,0.370,0.3,26846827.5
2026-09-01T04:23:31,1.2,6487,1547350,1529263,0.4,0.00,12.21,0.00,66.12,0.00,0.00,0.00,10655.0,95830.0,84696.0,82.0,8.0,0.5,39.0,195.512,0.370,0.3,26846827.5
2026-09-01T04:23:32,1.2,6488,1547350,1529261,0.4,0.00,1.86,0.00,6.06,0.00,0.00,0.00,10655.0,95830.0,84696.0,80.0,2.0,0.5,8.5,162.214,0.345,0.2,55936873.5
2026-09-01T04:23:33,1.2,6488,1547350,1529262,0.4,0.00,1.08,0.00,4.34,0.00,0.00,0.00,10655.0,95830.0,84696.0,100.0,10.0,0.5,39.0,208.000,0.345,0.2,55936873.5
2026-09-01T04:23:34,1.0,6488,1547350,1529262,0.4,0.00,1.00,0.00,3.99,0.00,0.00,0.00,10655.0,95830.0,84696.0,30.0,7.0,0.5,26.0,150.429,0.338,0.3,31976152.5
2026-09-01T04:23:35,1.2,6487,1547350,1529263,0.4,0.00,1.00,0.00,3.98,0.00,0.00,0.00,10655.0,95830.0,84696.0,95.0,3.5,0.5,15.5,165.401,0.371,0.3,35409120.5
2026-09-01T04:23:36,1.3,6488,1547350,1529262,0.4,0.00,1.01,0.00,4.02,0.00,1.00,0.00,10655.0,95830.0,84696.0,100.0,22.5,0.5,50.0,189.864,0.371,0.3,35409120.5
2026-09-01T04:23:37,1.2,6488,1547350,1529261,0.4,0.00,1.00,0.00,3.99,0.00,0.00,0.00,10655.0,95830.0,84696.0,80.0,8.5,0.5,41.5,182.915,0.414,0.3,44420200.0
2026-09-01T04:23:38,1.2,6487,1547350,1529262,0.4,0.00,1.00,0.00,4.00,0.00,0.00,0.00,10655.0,95830.0,84696.0,100.0,22.0,0.5,50.0,201.730,0.373,0.3,22125075.5
2026-09-01T04:23:39,1.3,6488,1547350,1529262,0.4,0.00,1.00,0.00,3.99,0.00,0.00,0.00,10655.0,95830.0,84696.0,74.0,19.0,0.5,50.0,195.579,0.354,0.3,32598493.5
2026-09-01T04:23:40,1.3,6487,1547350,1529263,0.4,0.00,0.99,0.00,3.94,0.00,0.00,0.00,10655.0,95830.0,84696.0,59.0,16.0,0.5,50.0,180.725,0.348,0.3,34124011.0
2026-09-01T04:23:41,1.2,6486,1547350,1529263,0.4,0.00,1.02,0.00,4.07,0.00,0.00,0.00,10655.0,95830.0,84696.0,82.0,8.5,0.5,39.5,210.304,0.348,0.3,34124011.0
2026-09-01T04:23:42,1.3,6486,1547350,1529264,0.4,0.00,2.00,0.00,7.99,0.00,0.00,0.00,10655.0,95830.0,84696.0,100.0,21.5,0.5,50.0,196.558,0.405,0.3,35795506.0
2026-09-01T04:23:43,1.2,6486,1547350,1529263,0.4,0.00,0.96,0.00,3.85,0.00,0.00,0.00,10655.0,95830.0,84696.0,82.0,0.5,0.5,2.5,156.990,0.296,0.2,46626669.5
2026-09-01T04:23:44,1.2,6488,1547350,1529262,0.4,0.00,1.04,0.00,4.17,0.00,0.00,0.00,10655.0,95830.0,84696.0,100.0,22.5,0.5,49.5,202.048,0.296,0.2,46626669.5
2026-09-01T04:23:45,1.3,6488,1547350,1529261,0.4,0.00,0.97,0.00,3.87,0.00,0.00,0.00,10655.0,95830.0,84696.0,83.0,2.5,0.5,10.5,172.450,0.387,0.3,40831049.5
2026-09-01T04:23:46,1.3,6488,1547350,1529261,0.4,0.00,1.00,0.00,4.01,0.00,0.00,0.00,10655.0,95830.0,84696.0,100.0,2.5,0.5,11.5,188.294,0.387,0.3,40831049.5
2026-09-01T04:23:47,1.2,6489,1547350,1529261,0.4,0.00,1.03,0.00,4.14,0.00,0.00,0.00,10655.0,95830.0,84696.0,100.0,22.0,0.5,49.0,204.781,0.352,0.3,26653661.5
2026-09-01T04:23:48,1.3,6489,1547350,1529261,0.4,0.00,0.97,0.00,3.86,0.00,0.00,0.00,10655.0,95830.0,84696.0,100.0,22.5,0.5,50.0,196.205,0.405,0.3,27876889.5
2026-09-01T04:23:49,1.2,6489,1547350,1529261,0.4,0.00,1.04,0.00,4.14,0.00,0.00,0.00,10655.0,95830.0,84696.0,77.0,3.0,0.5,14.5,152.932,0.405,0.3,27876889.5
2026-09-01T04:23:50,1.3,6489,1547350,1529261,0.4,0.00,0.97,0.00,3.88,0.00,0.00,0.00,10655.0,95830.0,84696.0,100.0,5.5,0.5,25.0,192.590,0.320,0.2,33122073.5
2026-09-01T04:23:51,1.2,6488,1547350,1529261,0.4,0.00,1.03,0.00,4.13,0.00,0.00,0.00,10655.0,95830.0,84696.0,100.0,23.0,0.5,50.0,205.321,0.320,0.2,33122073.5
2026-09-01T04:23:52,1.3,6489,1547350,1529261,0.4,0.00,1.97,0.00,7.89,0.00,0.00,0.00,10655.0,95830.0,84696.0,25.0,18.0,0.5,50.0,196.721,0.398,0.3,29642781.0
2026-09-01T04:23:53,1.2,6490,1547350,1529259,0.4,0.00,1.01,0.00,4.04,0.00,0.00,0.00,10655.0,95830.0,84696.0,81.0,8.0,0.5,38.0,188.965,0.398,0.3,29642781.0
2026-09-01T04:23:54,1.3,6490,1547350,1529260,0.4,0.00,0.98,0.00,3.93,0.00,0.00,0.00,10655.0,95830.0,84696.0,35.0,22.0,0.5,48.5,194.721,0.388,0.3,44302080.0
2026-09-01T04:23:55,1.2,6489,1547350,1529260,0.4,0.00,1.03,0.00,4.10,0.00,0.00,0.00,10655.0,95830.0,84696.0,78.0,8.5,0.5,40.0,192.945,0.388,0.3,44302080.0
2026-09-01T04:23:56,1.4,6489,1547350,1529260,0.4,0.00,0.97,0.00,3.86,0.00,0.00,0.00,10655.0,95830.0,84696.0,60.0,15.5,0.5,50.0,181.902,0.362,0.2,50291394.5
2026-09-01T04:23:57,1.3,6489,1547350,1529261,0.4,0.00,2.01,0.00,8.02,0.00,0.50,0.00,10655.0,95830.0,84696.0,83.0,4.0,0.5,17.5,182.709,0.362,0.2,50291394.5
2026-09-01T04:23:58,1.1,6489,1547350,1529260,0.4,0.00,1.04,0.00,4.14,0.00,0.00,0.00,10655.0,95830.0,84696.0,100.0,8.5,0.5,40.5,215.678,0.394,0.3,33370097.0
2026-09-01T04:23:59,1.2,6488,1547350,1529261,0.4,0.00,0.99,0.00,3.97,0.00,0.00,0.00,10655.0,95830.0,84696.0,78.0,8.5,0.5,39.5,186.157,0.395,0.3,65512374.0
2026-09-01T04:24:00,1.3,6491,1547350,1529259,0.4,0.00,1.01,0.00,4.06,0.00,0.00,0.00,10655.0,95830.0,84696.0,90.0,22.0,0.5,50.0,193.530,0.363,0.3,24249071.5
2026-09-01T04:24:01,1.4,6501,1547350,1529248,0.4,0.00,0.97,0.00,3.88,0.00,0.00,0.10,10655.0,95830.0,84696.0,26.0,16.5,0.5,46.5,183.106,0.355,0.3,34575107.5
2026-09-01T04:24:02,1.3,6499,1547350,1529251,0.4,0.00,5.09,0.00,49.34,0.00,0.00,0.00,10655.0,95830.0,84696.0,24.0,20.5,0.5,50.0,193.470,0.355,0.3,34575107.5
2026-09-01T04:24:03,1.2,6498,1547350,1529251,0.4,0.00,0.96,0.00,3.85,0.00,0.00,0.00,10655.0,95830.0,84696.0,79.0,1.5,0.5,7.5,159.327,0.332,0.2,34820783.5
2026-09-01T04:24:04,1.2,6498,1547350,1529251,0.4,0.00,1.04,0.00,4.18,0.00,0.00,0.00,10655.0,95830.0,84696.0,100.0,8.5,0.5,38.5,216.758,0.332,0.2,34820783.5
2026-09-01T04:24:05,1.3,6498,1547350,1529251,0.4,0.00,0.93,0.00,3.72,0.00,0.00,0.00,10655.0,95830.0,84696.0,80.0,22.0,0.5,50.0,195.168,0.395,0.3,27414789.0
2026-09-01T04:24:06,1.2,6498,1547350,1529252,0.4,0.00,1.08,0.00,4.31,0.00,0.00,0.00,10655.0,95830.0,84696.0,79.0,8.5,0.5,41.5,183.854,0.406,0.3,67936744.0
2026-09-01T04:24:07,1.2,6499,1547350,1529251,0.4,0.00,1.01,0.00,4.02,0.00,0.00,0.00,10655.0,95830.0,84696.0,78.0,7.5,0.5,35.5,162.534,0.315,0.2,52184975.5
2026-09-01T04:24:08,1.5,6499,1547350,1529251,0.4,0.00,0.93,0.00,3.73,0.00,0.00,0.00,10655.0,95830.0,84696.0,100.0,11.0,0.5,30.0,191.339,0.315,0.2,52184975.5
2026-09-01T04:24:09,1.2,6499,1547350,1529251,0.4,0.00,1.07,0.00,4.29,0.00,0.00,0.00,10655.0,95830.0,84696.0,100.0,22.5,0.5,50.0,198.375,0.411,0.3,24387374.5
2026-09-01T04:24:10,1.2,6500,1547350,1529249,0.4,0.00,1.00,0.00,3.99,0.00,0.00,0.00,10655.0,95830.0,84696.0,82.0,8.5,0.5,41.5,186.154,0.406,0.3,67486640.5
2026-09-01T04:24:11,1.4,6493,1547350,1529256,0.4,0.00,0.98,0.00,3.91,0.00,0.00,0.00,10655.0,95830.0,84696.0,32.0,18.0,0.5,50.0,191.302,0.359,0.3,37670820.5
2026-09-01T04:24:12,1.2,6494,1547350,1529256,0.4,0.00,1.03,0.00,4.10,0.00,0.00,0.00,10655.0,95830.0,84696.0,80.0,8.5,0.5,41.5,205.453,0.359,0.3,37670820.5
2026-09-01T04:24:13,1.2,6493,1547350,1529256,0.4,0.00,1.00,0.00,4.01,0.00,0.00,0.00,10655.0,95830.0,84696.0,80.0,8.5,0.5,40.0,186.965,0.408,0.3,59930885.0
2026-09-01T04:24:14,1.1,6493,1547350,1529256,0.4,0.00,1.00,0.00,3.99,0.00,0.00,0.00,10655.0,95830.0,84696.0,77.0,19.0,0.5,50.0,176.831,0.271,0.2,15273059.0
2026-09-01T04:24:15,1.2,6495,1547350,1529254,0.4,0.00,1.00,0.00,4.01,0.00,1.00,0.00,10655.0,95830.0,84696.0,81.0,8.0,0.5,38.5,186.517,0.271,0.2,15273059.0
2026-09-01T04:24:16,1.3,6495,1547350,1529255,0.4,0.00,1.00,0.00,4.01,0.00,0.00,0.00,10655.0,95830.0,84696.0,33.0,20.5,0.5,50.0,192.231,0.380,0.3,40518711.0
2026-09-01T04:24:17,1.2,6495,1547350,1529255,0.4,0.00,1.00,0.00,3.98,0.00,0.00,0.00,10655.0,95830.0,84696.0,79.0,8.0,0.5,38.5,183.650,0.390,0.3,58076730.5
2026-09-01T04:24:18,1.4,6495,1547350,1529254,0.4,0.00,0.99,0.00,3.94,0.00,0.00,0.00,10655.0,95830.0,84696.0,77.0,1.0,0.5,4.0,169.719,0.317,0.2,47809669.0
2026-09-01T04:24:19,1.1,6495,1547350,1529254,0.4,0.00,1.02,0.00,4.07,0.00,0.00,0.00,10655.0,95830.0,84696.0,100.0,8.0,0.5,38.5,213.339,0.317,0.2,47809669.0
2026-09-01T04:24:20,1.4,6495,1547350,1529254,0.4,0.00,1.00,0.00,3.99,0.00,0.00,0.10,10655.0,95830.0,84696.0,55.0,21.0,0.5,50.0,185.570,0.398,0.3,34587455.0
2026-09-01T04:24:21,1.2,6494,1547350,1529256,0.4,0.00,1.00,0.00,4.00,0.00,0.00,0.00,10655.0,95830.0,84696.0,79.0,8.5,0.5,39.5,196.788,0.410,0.3,58196186.5
2026-09-01T04:24:22,1.2,6493,1547350,1529256,0.4,0.00,1.92,0.00,11.52,0.00,0.00,0.00,10655.0,95830.0,84696.0,5.0,22.0,0.5,50.0,191.490,0.366,0.3,32854072.5
2026-09-01T04:24:23,1.3,6493,1547350,1529257,0.4,0.00,1.03,0.00,4.13,0.00,0.00,0.00,10655.0,95830.0,84696.0,57.0,20.0,0.5,50.0,187.713,0.354,0.3,28334559.0
2026-09-01T04:24:24,1.2,6492,1547350,1529257,0.4,0.00,0.97,0.00,3.88,0.00,0.00,0.00,10655.0,95830.0,84696.0,80.0,0.0,0.5,0.0,165.538,0.280,0.2,31155800.0
2026-09-01T04:24:25,1.2,6493,1547350,1529257,0.4,0.00,1.05,0.00,4.21,0.00,0.00,0.00,10655.0,95830.0,84696.0,100.0,15.0,0.5,44.5,197.067,0.280,0.2,31155800.0
2026-09-01T04:24:26,1.2,6492,1547350,1529258,0.4,0.00,1.00,0.00,3.98,0.00,0.00,0.00,10655.0,95830.0,84696.0,100.0,23.0,0.5,49.5,200.932,0.412,0.3,22932866.0
2026-09-01T04:24:27,1.3,6492,1547350,1529257,0.4,0.00,0.99,0.00,3.96,0.00,0.00,0.00,10665.0,95830.0,84686.0,77.0,5.5,0.5,21.0,166.892,0.317,0.2,47997977.0
2026-09-01T04:24:28,1.2,6491,1547350,1529258,0.4,0.00,1.01,0.00,4.04,0.00,0.00,0.00,10665.0,95830.0,84686.0,100.0,21.0,0.5,48.0,211.664,0.317,0.2,47997977.0
2026-09-01T04:24:29,1.2,6491,1547350,1529258,0.4,0.00,1.00,0.00,4.01,0.00,0.00,0.00,10665.0,95830.0,84686.0,79.0,8.0,0.5,38.5,185.992,0.428,0.3,50616352.0
2026-09-01T04:24:30,1.1,6493,1547350,1529257,0.4,0.00,0.98,0.00,3.94,0.00,0.00,0.00,10665.0,95830.0,84686.0,80.0,5.0,0.5,19.0,147.172,0.255,0.2,39368020.5
2026-09-01T04:24:31,1.2,6493,1547350,1529257,0.4,0.00,1.02,0.00,4.07,0.00,0.00,0.00,10665.0,95830.0,84686.0,100.0,21.5,0.5,48.5,203.363,0.255,0.2,39368020.5
2026-09-01T04:24:32,1.2,6494,1547350,1529256,0.4,0.00,4.78,0.00,69.38,0.00,0.20,0.10,10665.0,95830.0,84686.0,77.0,0.0,0.5,0.0,144.300,0.337,0.2,40422108.5
2026-09-01T04:24:33,1.1,6493,1547350,1529256,0.4,0.00,6.28,0.00,25.10,0.00,0.00,0.00,10665.0,95830.0,84686.0,100.0,17.5,0.5,45.0,197.900,0.337,0.2,40422108.5
2026-09-01T04:24:34,1.3,6492,1547350,1529257,0.4,0.00,0.98,0.00,3.90,0.00,0.00,0.00,10665.0,95830.0,84686.0,6.0,19.5,0.5,50.0,193.285,0.407,0.3,30816067.5
2026-09-01T04:24:35,1.2,6493,1547350,1529256,0.4,0.00,1.03,0.00,4.10,0.00,0.00,0.00,10665.0,95830.0,84686.0,79.0,8.0,0.5,39.0,181.695,0.398,0.3,56656767.0
2026-09-01T04:24:36,1.2,6494,1547350,1529256,0.4,0.00,0.98,0.00,3.94,0.00,0.00,0.00,10665.0,95830.0,84686.0,22.0,16.0,0.5,50.0,168.419,0.398,0.3,56656767.0
2026-09-01T04:24:37,1.3,6494,1547350,1529255,0.4,0.00,1.00,0.00,3.99,0.00,0.00,0.00,10665.0,95830.0,84686.0,82.0,4.5,0.5,20.0,184.175,0.314,0.2,29982277.0
2026-09-01T04:24:38,1.2,6495,1547350,1529254,0.4,0.00,0.98,0.00,3.94,0.00,0.00,0.00,10665.0,95830.0,84686.0,100.0,6.0,0.5,29.0,194.504,0.393,0.3,25501382.5
2026-09-01T04:24:39,1.2,6496,1547350,1529253,0.4,0.00,1.03,0.00,4.13,0.00,0.00,0.00,10665.0,95830.0,84686.0,100.0,22.5,0.5,50.0,201.425,0.393,0.3,25501382.5
2026-09-01T04:24:40,1.2,6495,1547350,1529254,0.4,0.00,0.92,0.00,3.67,0.00,0.00,0.00,10665.0,95830.0,84686.0,21.0,22.5,0.5,50.0,198.734,0.401,0.3,30742353.5
2026-09-01T04:24:41,1.4,6495,1547350,1529254,0.4,0.00,1.07,0.00,4.29,0.00,0.00,0.11,10665.0,95830.0,84686.0,66.0,15.5,0.5,50.0,185.145,0.401,0.3,30742353.5
2026-09-01T04:24:42,1.2,6495,1547350,1529254,0.4,0.00,0.99,0.00,3.97,0.00,0.00,0.00,10665.0,95830.0,84686.0,100.0,1.5,0.5,16.5,174.060,0.327,0.2,31239119.5
2026-09-01T04:24:43,1.2,6495,1547350,1529255,0.4,0.00,2.06,0.00,8.25,0.00,0.00,0.00,10665.0,95830.0,84686.0,100.0,22.0,0.5,49.0,198.451,0.327,0.2,31239119.5
2026-09-01T04:24:44,1.2,6495,1547350,1529254,0.4,0.00,0.84,0.00,3.37,0.00,0.00,0.00,10665.0,95830.0,84686.0,6.0,13.0,0.5,40.0,214.837,0.414,0.3,36149261.0
2026-09-01T04:24:45,1.4,6495,1547350,1529254,0.4,0.00,1.20,0.00,4.80,0.00,0.00,0.00,10665.0,95830.0,84686.0,63.0,15.5,0.5,50.0,184.141,0.414,0.3,36149261.0
2026-09-01T04:24:46,1.2,6496,1547350,1529254,0.4,0.00,1.03,0.00,4.10,0.00,1.00,0.00,10665.0,95830.0,84686.0,81.0,8.5,0.5,39.0,210.004,0.378,0.3,37942773.0
2026-09-01T04:24:47,1.1,6494,1547350,1529256,0.4,0.00,0.90,0.00,3.58,0.00,0.00,0.00,10665.0,95830.0,84686.0,100.0,22.5,0.5,50.0,191.858,0.342,0.3,20766562.0
2026-09-01T04:24:48,1.3,6494,1547350,1529256,0.4,0.00,1.06,0.00,4.25,0.00,0.00,0.00,10665.0,95830.0,84686.0,40.0,17.5,0.5,50.0,188.583,0.347,0.3,35518857.5
2026-09-01T04:24:49,1.3,6495,1547350,1529255,0.4,0.00,1.04,0.00,4.15,0.00,0.00,0.00,10665.0,95830.0,84686.0,77.0,2.0,0.5,9.0,177.822,0.347,0.3,35518857.5
2026-09-01T04:24:50,1.2,6495,1547350,1529254,0.4,0.00,1.02,0.00,4.08,0.00,0.00,0.00,10665.0,95830.0,84686.0,100.0,8.0,0.5,38.0,205.935,0.383,0.3,33477212.5
2026-09-01T04:24:51,1.2,6491,1547350,1529259,0.4,0.00,1.00,0.00,3.99,0.00,0.00,0.00,10665.0,95830.0,84686.0,56.0,21.0,0.5,50.0,181.119,0.312,0.2,22251633.0
2026-09-01T04:24:52,1.2,6491,1547350,1529258,0.4,0.00,0.99,0.00,3.96,0.00,0.00,0.00,10665.0,95830.0,84686.0,79.0,1.0,0.5,5.5,161.175,0.308,0.2,41727330.5
2026-09-01T04:24:53,1.2,6491,1547350,1529258,0.4,0.00,1.96,0.00,7.84,0.00,0.00,0.00,10665.0,95830.0,84686.0,100.0,8.0,0.5,39.0,209.672,0.308,0.2,41727330.5
2026-09-01T04:24:54,1.2,6491,1547350,1529258,0.4,0.00,0.87,0.00,3.50,0.00,0.00,0.00,10665.0,95830.0,84686.0,95.0,13.0,0.5,39.0,216.176,0.402,0.3,30572963.5
2026-09-01T04:24:55,1.3,6492,1547350,1529258,0.4,0.00,1.15,0.00,4.61,0.00,0.00,0.00,10665.0,95830.0,84686.0,78.0,1.0,0.5,5.0,158.802,0.402,0.3,30572963.5
2026-09-01T04:24:56,1.2,6493,1547350,1529257,0.4,0.00,1.01,0.00,4.03,0.00,0.00,0.00,10665.0,95830.0,84686.0,100.0,8.5,0.5,41.0,213.452,0.361,0.3,36809334.5
2026-09-01T04:24:57,1.3,6493,1547350,1529256,0.4,0.00,1.02,0.00,4.07,0.00,0.00,0.00,10665.0,95830.0,84686.0,13.0,20.0,0.5,50.0,195.082,0.352,0.3,34247458.0
2026-09-01T04:24:58,1.2,6496,1547350,1529254,0.4,0.00,1.87,0.00,7.49,0.00,0.00,0.00,10665.0,95830.0,84686.0,78.0,13.0,0.5,44.0,188.349,0.376,0.3,33984731.0
2026-09-01T04:24:59,1.3,6494,1547350,1529255,0.4,0.00,1.06,0.00,4.26,0.00,0.00,0.00,10665.0,95830.0,84686.0,85.0,13.5,0.5,45.0,200.020,0.376,0.3,33984731.0
2026-09-01T04:25:00,1.2,6494,1547350,1529255,0.4,0.00,0.95,0.00,3.80,0.00,0.00,0.00,10665.0,95830.0,84686.0,86.0,3.5,0.5,17.5,177.227,0.343,0.3,27773761.5
2026-09-01T04:25:01,1.4,6504,1547350,1529245,0.4,0.00,1.07,0.00,4.30,0.00,0.00,0.00,10665.0,95830.0,84686.0,100.0,22.5,0.5,50.0,198.583,0.343,0.3,27773761.5
2026-09-01T04:25:02,1.3,6505,1547350,1529244,0.4,0.00,1.97,0.00,27.12,0.00,0.00,0.00,10665.0,95830.0,84686.0,78.0,5.0,0.5,19.5,173.910,0.387,0.3,38274302.0
2026-09-01T04:25:03,1.2,6505,1547350,1529244,0.4,0.00,0.91,0.00,3.64,0.00,0.00,0.00,10665.0,95830.0,84686.0,97.0,8.0,0.5,38.5,182.451,0.380,0.3,35873947.0
2026-09-01T04:25:04,1.2,6506,1547350,1529244,0.4,0.00,1.14,0.00,4.56,0.00,0.00,0.00,10665.0,95830.0,84686.0,100.0,21.5,0.5,50.0,199.019,0.380,0.3,35873947.0
2026-09-01T04:25:05,1.3,6506,1547350,1529243,0.4,0.00,0.97,0.00,3.86,0.00,1.00,0.00,10665.0,95830.0,84686.0,18.0,20.0,0.5,50.0,194.023,0.396,0.3,28680949.5
2026-09-01T04:25:06,1.3,6506,1547350,1529244,0.4,0.00,0.93,0.00,3.70,0.00,0.00,0.00,10665.0,95830.0,84686.0,83.0,8.0,0.5,39.0,171.664,0.350,0.2,49510292.0
2026-09-01T04:25:07,1.2,6504,1547350,1529246,0.4,0.00,1.13,0.00,4.54,0.00,0.00,0.00,10665.0,95830.0,84686.0,83.0,21.5,0.5,50.0,203.285,0.350,0.2,49510292.0
2026-09-01T04:25:08,1.1,6505,1547350,1529245,0.4,0.00,0.86,0.00,3.44,0.00,0.00,0.00,10665.0,95830.0,84686.0,2.0,21.5,0.5,50.0,190.168,0.387,0.3,24427471.0
2026-09-01T04:25:09,1.3,6503,1547350,1529246,0.4,0.00,1.04,0.00,4.15,0.00,0.00,0.00,10665.0,95830.0,84686.0,80.0,10.5,0.5,37.5,186.153,0.360,0.3,37570539.5
2026-09-01T04:25:10,1.3,6502,1547350,1529248,0.4,0.00,1.09,0.00,4.37,0.00,0.00,0.00,10665.0,95830.0,84686.0,41.0,21.0,0.5,50.0,200.803,0.360,0.3,37570539.5
2026-09-01T04:25:11,1.4,6503,1547350,1529247,0.4,0.00,1.04,0.00,4.15,0.00,0.00,0.00,10665.0,95830.0,84686.0,78.0,0.5,0.5,3.0,179.744,0.335,0.2,34593596.5
2026-09-01T04:25:12,1.2,6504,1547350,1529246,0.4,0.00,1.00,0.00,4.00,0.00,0.00,0.00,10665.0,95830.0,84686.0,100.0,8.5,0.5,40.0,217.350,0.335,0.2,34593596.5
2026-09-01T04:25:13,1.3,6505,1547350,1529245,0.4,0.00,0.98,0.00,3.92,0.00,0.00,0.00,10665.0,95830.0,84686.0,49.0,17.0,0.5,50.0,181.906,0.400,0.3,37602582.5
2026-09-01T04:25:14,1.2,6505,1547350,1529245,0.4,0.00,1.00,0.00,4.00,0.00,0.00,0.10,10665.0,95830.0,84686.0,79.0,8.0,0.5,39.0,209.725,0.400,0.3,37602582.5
2026-09-01T04:25:15,1.1,6506,1547350,1529244,0.4,0.00,0.91,0.00,3.63,0.00,0.00,0.00,10665.0,95830.0,84686.0,38.0,21.5,0.5,48.5,190.518,0.377,0.3,34792974.0
2026-09-01T04:25:16,1.2,6506,1547350,1529244,0.4,0.00,1.07,0.00,4.28,0.00,0.00,0.00,10665.0,95830.0,84686.0,82.0,0.5,0.5,3.0,166.498,0.377,0.3,34792974.0
2026-09-01T04:25:17,1.2,6506,1547350,1529244,0.4,0.00,1.07,0.00,4.26,0.00,0.00,0.00,10665.0,95830.0,84686.0,100.0,19.0,0.5,41.5,213.660,0.368,0.3,38988952.5
2026-09-01T04:25:18,1.1,6506,1547350,1529244,0.4,0.00,0.87,0.00,3.48,0.00,0.00,0.00,10665.0,95830.0,84686.0,31.0,20.5,0.5,50.0,181.971,0.320,0.2,23396591.5
2026-09-01T04:25:19,1.3,6505,1547350,1529244,0.4,0.00,1.13,0.00,4.53,0.00,0.00,0.00,10665.0,95830.0,84686.0,82.0,6.0,0.5,28.5,170.602,0.353,0.2,51445690.5
2026-09-01T04:25:20,1.2,6505,1547350,1529244,0.4,0.00,1.03,0.00,4.11,0.00,0.00,0.00,10665.0,95830.0,84686.0,100.0,22.5,0.5,50.0,208.124,0.353,0.2,51445690.5
2026-09-01T04:25:21,1.3,6505,1547350,1529244,0.4,0.00,0.99,0.00,3.96,0.00,0.00,0.00,10665.0,95830.0,84686.0,9.0,19.0,0.5,50.0,190.990,0.397,0.3,32458191.0
2026-09-01T04:25:22,1.3,6501,1547350,1529248,0.4,0.00,0.89,0.00,3.56,0.00,0.00,0.00,10665.0,95830.0,84686.0,78.0,14.0,0.5,46.5,178.195,0.350,0.3,36765658.0
2026-09-01T04:25:23,1.3,6501,1547350,1529248,0.4,0.00,1.05,0.00,4.20,0.00,0.00,0.00,10665.0,95830.0,84686.0,97.0,3.5,0.5,15.0,196.642,0.350,0.3,36765658.0
2026-09-01T04:25:24,1.2,6501,1547350,1529248,0.4,0.00,1.10,0.00,4.39,0.00,0.00,0.00,10665.0,95830.0,84686.0,100.0,8.5,0.5,40.5,218.150,0.409,0.3,34590078.5
2026-09-01T04:25:25,1.2,6503,1547350,1529247,0.4,0.00,1.00,0.00,4.02,0.00,0.00,0.10,10665.0,95830.0,84686.0,100.0,21.0,0.5,50.0,192.589,0.409,0.3,34590078.5
2026-09-01T04:25:26,1.1,6502,1547350,1529248,0.4,0.00,1.00,0.00,4.00,0.00,1.00,0.00,10665.0,95830.0,84686.0,100.0,20.5,0.5,50.0,183.426,0.337,0.3,16959983.5
2026-09-01T04:25:27,1.4,6504,1547350,1529246,0.4,0.00,0.90,0.00,3.60,0.00,0.00,0.00,10665.0,95830.0,84686.0,64.0,15.0,0.5,49.0,184.016,0.355,0.3,38107849.0
2026-09-01T04:25:28,1.2,6504,1547350,1529245,0.4,0.00,0.99,0.00,3.96,0.00,0.00,0.00,10665.0,95830.0,84686.0,83.0,8.0,0.5,38.5,204.471,0.355,0.3,38107849.0
2026-09-01T04:25:29,1.3,6504,1547350,1529245,0.4,0.00,2.19,0.00,13.13,0.00,0.00,0.00,10665.0,95830.0,84686.0,78.0,4.5,0.5,20.0,164.976,0.361,0.2,51352354.0
2026-09-01T04:25:30,1.2,6502,1547350,1529248,0.4,0.00,0.98,0.00,3.93,0.00,0.00,0.00,10665.0,95830.0,84686.0,100.0,1.5,0.5,7.0,191.515,0.344,0.3,17598313.0
2026-09-01T04:25:31,1.2,6503,1547350,1529246,0.4,0.00,1.06,0.00,4.22,0.00,0.00,0.00,10665.0,95830.0,84686.0,100.0,22.5,0.5,50.0,204.178,0.344,0.3,17598313.0
2026-09-01T04:25:32,1.2,6503,1547350,1529247,0.4,0.00,10.45,0.00,81.88,0.00,0.08,0.00,10665.0,95830.0,84686.0,82.0,22.0,0.5,50.0,192.358,0.384,0.3,24503389.0
2026-09-01T04:25:33,1.2,6501,1547350,1529248,0.4,0.00,1.17,0.00,4.69,0.00,0.00,0.00,10665.0,95830.0,84686.0,89.0,19.5,0.5,50.0,196.635,0.384,0.3,24503389.0
2026-09-01T04:25:34,1.3,6504,1547350,1529246,0.4,0.00,5.74,0.00,26.77,0.00,0.00,0.00,10665.0,95830.0,84686.0,79.0,17.0,0.5,50.0,186.350,0.356,0.3,28413368.0
2026-09-01T04:25:35,1.3,6505,1547350,1529245,0.4,0.00,1.03,0.00,4.12,0.00,0.00,0.00,10665.0,95830.0,84686.0,100.0,15.5,0.5,50.0,185.105,0.373,0.3,33972534.5
2026-09-01T04:25:36,1.2,6507,1547350,1529243,0.4,0.00,1.02,0.00,4.07,0.00,0.00,0.10,10665.0,95830.0,84686.0,100.0,8.5,0.5,41.0,216.095,0.373,0.3,33972534.5
2026-09-01T04:25:37,1.0,6506,1547350,1529244,0.4,0.00,1.00,0.00,3.99,0.00,0.00,0.00,10665.0,95830.0,84686.0,0.0,16.0,0.5,50.0,148.617,0.316,0.2,32193570.5
2026-09-01T04:25:38,1.2,6506,1547350,1529244,0.4,0.00,0.99,0.00,3.95,0.00,0.00,0.00,10665.0,95830.0,84686.0,80.0,1.0,0.5,4.0,178.739,0.334,0.3,31292709.5
2026-09-01T04:25:39,1.2,6505,1547350,1529244,0.4,0.00,1.02,0.00,4.07,0.00,0.00,0.00,10665.0,95830.0,84686.0,100.0,8.0,0.5,39.0,203.357,0.334,0.3,31292709.5
2026-09-01T04:25:40,1.3,6507,1547350,1529242,0.4,0.00,0.96,0.00,3.85,0.00,0.00,0.00,10665.0,95830.0,84686.0,29.0,18.0,0.5,50.0,185.992,0.400,0.3,34830116.5
2026-09-01T04:25:41,1.3,6504,1547350,1529245,0.4,0.00,1.02,0.00,4.07,0.00,1.00,0.00,10665.0,95830.0,84686.0,78.0,12.0,0.5,41.5,190.852,0.400,0.3,34830116.5
2026-09-01T04:25:42,1.2,6503,1547350,1529246,0.4,0.00,1.02,0.00,4.09,0.00,0.00,0.00,10665.0,95830.0,84686.0,85.0,8.0,0.5,39.0,208.602,0.392,0.3,35707672.5
2026-09-01T04:25:43,1.3,6506,1547350,1529244,0.4,0.00,0.96,0.00,3.85,0.00,0.00,0.00,10665.0,95830.0,84686.0,48.0,17.0,0.5,50.0,182.701,0.345,0.2,38054484.5
2026-09-01T04:25:44,1.2,6507,1547350,1529243,0.4,0.00,1.04,0.00,4.16,0.00,0.00,0.00,10665.0,95830.0,84686.0,80.0,8.0,0.5,39.0,205.027,0.345,0.2,38054484.5
2026-09-01T04:25:45,1.3,6504,1547350,1529245,0.4,0.00,1.95,0.00,7.78,0.00,0.00,0.00,10665.0,95830.0,84686.0,55.0,16.5,0.5,50.0,184.560,0.385,0.3,44507459.0
2026-09-01T04:25:46,1.3,6504,1547350,1529246,0.4,0.00,1.01,0.00,4.03,0.00,0.00,0.00,10665.0,95830.0,84686.0,79.0,8.5,0.5,31.5,191.840,0.385,0.3,44507459.0
2026-09-01T04:25:47,1.3,6504,1547350,1529246,0.4,0.00,1.00,0.00,4.00,0.00,0.00,0.00,10665.0,95830.0,84686.0,93.0,1.0,0.5,4.5,194.358,0.358,0.3,28433838.5
2026-09-01T04:25:48,1.2,6504,1547350,1529246,0.4,0.00,1.02,0.00,4.08,0.00,0.00,0.00,10665.0,95830.0,84686.0,100.0,12.0,0.5,41.5,214.132,0.358,0.3,28433838.5
2026-09-01T04:25:49,1.2,6505,1547350,1529244,0.4,0.00,0.97,0.00,3.86,0.00,0.00,0.00,10665.0,95830.0,84686.0,63.0,15.5,0.5,50.0,182.907,0.397,0.3,40286911.5
2026-09-01T04:25:50,1.2,6505,1547350,1529244,0.4,0.00,1.02,0.00,4.06,0.00,0.00,0.00,10665.0,95830.0,84686.0,82.0,1.0,0.5,4.0,183.524,0.397,0.3,40286911.5
2026-09-01T04:25:51,1.2,6505,1547350,1529245,0.4,0.00,1.02,0.00,4.09,0.00,0.00,0.00,10665.0,95830.0,84686.0,100.0,7.0,0.5,34.5,197.018,0.346,0.3,28387449.0
2026-09-01T04:25:52,1.3,6501,1547350,1529248,0.4,0.00,1.00,0.00,3.98,0.00,0.00,0.00,10665.0,95830.0,84686.0,100.0,22.5,0.5,50.0,201.509,0.346,0.3,28387449.0
2026-09-01T04:25:53,1.2,6502,1547350,1529248,0.4,0.00,1.00,0.00,4.00,0.00,0.00,0.00,10665.0,95830.0,84686.0,83.0,8.5,0.5,39.5,188.958,0.434,0.3,50207257.0
2026-09-01T04:25:54,1.3,6505,1547350,1529245,0.4,0.00,0.98,0.00,3.93,0.00,0.00,0.00,10665.0,95830.0,84686.0,63.0,15.5,0.5,50.0,180.863,0.348,0.2,40974001.0
2026-09-01T04:25:55,1.3,6504,1547350,1529245,0.4,0.00,1.00,0.00,4.00,0.00,0.00,0.00,10665.0,95830.0,84686.0,83.0,5.5,0.5,26.5,188.269,0.367,0.3,39313750.5
2026-09-01T04:25:56,1.2,6502,1547350,1529247,0.4,0.00,1.02,0.00,4.09,0.00,0.00,0.00,10665.0,95830.0,84686.0,100.0,23.0,0.5,50.0,205.558,0.367,0.3,39313750.5
2026-09-01T04:25:57,1.2,6505,1547350,1529245,0.4,0.00,1.00,0.00,4.00,0.00,0.00,0.00,10665.0,95830.0,84686.0,56.0,2.0,0.5,9.0,176.703,0.379,0.3,34891496.5
2026-09-01T04:25:58,1.2,6505,1547350,1529244,0.4,0.00,0.98,0.00,3.91,0.00,0.00,0.00,10665.0,95830.0,84686.0,80.0,9.5,0.5,34.0,192.866,0.378,0.3,26663692.5
2026-09-01T04:25:59,1.2,6504,1547350,1529246,0.4,0.00,1.02,0.00,4.08,0.00,0.00,0.00,10665.0,95830.0,84686.0,100.0,8.0,0.5,39.0,212.728,0.378,0.3,26663692.5
2026-09-01T04:26:00,1.2,6502,1547350,1529247,0.4,0.00,3.00,0.00,12.01,0.00,0.33,0.00,10665.0,95830.0,84686.0,100.0,16.5,0.5,45.5,193.341,0.394,0.3,33066051.5
2026-09-01T04:26:01,1.3,6504,1547350,1529246,0.4,0.00,0.97,0.00,3.87,0.00,0.00,0.00,10665.0,95830.0,84686.0,3.0,19.5,0.5,43.5,178.227,0.328,0.2,29221989.0
2026-09-01T04:26:02,1.2,6505,1547350,1529245,0.4,0.00,1.97,0.00,26.63,0.00,0.00,0.00,10665.0,95830.0,84686.0,80.0,15.5,0.5,44.0,197.566,0.376,0.3,22420772.5
2026-09-01T04:26:03,1.2,6506,1547350,1529244,0.4,0.00,1.02,0.00,4.09,0.00,0.00,0.00,10665.0,95830.0,84686.0,40.0,15.5,0.5,50.0,173.984,0.376,0.3,22420772.5
2026-09-01T04:26:04,1.2,6508,1547350,1529242,0.4,0.00,1.03,0.00,4.11,0.00,0.00,0.00,10665.0,95830.0,84686.0,84.0,8.5,0.5,39.0,210.594,0.365,0.3,38963851.5
2026-09-01T04:26:05,1.3,6507,1547350,1529242,0.4,0.00,1.00,0.00,4.01,0.00,0.00,0.00,10665.0,95830.0,84686.0,100.0,16.5,0.5,45.5,196.982,0.365,0.3,38963851.5
2026-09-01T04:26:06,1.3,6507,1547350,1529242,0.4,0.00,0.91,0.00,3.63,0.00,0.00,0.00,10665.0,95830.0,84686.0,45.0,20.5,0.5,46.5,196.807,0.374,0.3,25936416.5
2026-09-01T04:26:07,1.2,6507,1547350,1529242,0.4,0.00,1.08,0.00,4.33,0.00,0.00,0.00,10665.0,95830.0,84686.0,78.0,0.0,0.5,0.0,152.401,0.275,0.2,45583726.0
2026-09-01T04:26:08,1.2,6508,1547350,1529242,0.4,0.00,1.02,0.00,4.09,0.00,0.00,0.00,10665.0,95830.0,84686.0,100.0,21.5,0.5,50.0,193.428,0.275,0.2,45583726.0
2026-09-01T04:26:09,1.3,6509,1547350,1529241,0.4,0.00,0.98,0.00,3.94,0.00,0.00,0.00,10665.0,95830.0,84686.0,6.0,19.5,0.5,50.0,191.222,0.389,0.3,28717136.0
2026-09-01T04:26:10,1.3,6509,1547350,1529240,0.4,0.00,1.00,0.00,3.99,0.00,0.00,0.00,10665.0,95830.0,84686.0,77.0,3.5,0.5,16.5,169.956,0.322,0.2,42301706.0
2026-09-01T04:26:11,1.2,6509,1547350,1529241,0.4,0.00,1.02,0.00,4.07,0.00,0.00,0.00,10665.0,95830.0,84686.0,100.0,21.0,0.5,48.0,199.931,0.322,0.2,42301706.0
2026-09-01T04:26:12,1.3,6505,1547350,1529245,0.4,0.00,0.97,0.00,3.89,0.00,0.00,0.00,10665.0,95830.0,84686.0,24.0,20.5,0.5,50.0,194.813,0.400,0.3,30544079.0
2026-09-01T04:26:13,1.3,6505,1547350,1529244,0.4,0.00,0.92,0.00,3.68,0.00,0.00,0.00,10665.0,95830.0,84686.0,6.0,19.5,0.5,50.0,198.176,0.380,0.3,27786937.0
2026-09-01T04:26:14,1.2,6504,1547350,1529246,0.4,0.00,1.09,0.00,4.36,0.00,0.00,0.00,10665.0,95830.0,84686.0,61.0,9.5,0.5,34.0,178.062,0.380,0.3,27786937.0
2026-09-01T04:26:15,1.2,6504,1547350,1529245,0.4,0.00,1.03,0.00,4.12,0.00,0.00,0.00,10665.0,95830.0,84686.0,90.0,8.5,0.5,39.5,213.216,0.365,0.3,35592845.5
2026-09-01T04:26:16,1.3,6503,1547350,1529247,0.4,0.00,1.00,0.00,4.02,0.00,0.00,0.00,10665.0,95830.0,84686.0,100.0,21.5,0.5,50.0,194.584,0.365,0.3,35592845.5
2026-09-01T04:26:17,1.4,6503,1547350,1529246,0.4,0.00,0.98,0.00,3.91,0.00,0.00,0.00,10665.0,95830.0,84686.0,66.0,21.5,0.5,50.0,195.144,0.363,0.3,23883639.0
2026-09-01T04:26:18,1.3,6505,1547350,1529245,0.4,0.00,0.87,0.00,3.49,0.00,0.00,0.00,10665.0,95830.0,84686.0,5.0,19.5,0.5,50.0,193.393,0.355,0.3,24836412.5
2026-09-01T04:26:19,1.3,6507,1547350,1529242,0.4,0.00,1.18,0.00,4.73,0.00,0.00,0.00,10665.0,95830.0,84686.0,75.0,6.5,0.5,23.5,173.489,0.355,0.3,24836412.5
2026-09-01T04:26:20,1.3,6507,1547350,1529242,0.4,0.00,0.99,0.00,3.96,0.00,0.00,0.00,10665.0,95830.0,84686.0,95.0,4.5,0.5,20.5,188.008,0.329,0.2,30824901.5
2026-09-01T04:26:21,1.2,6507,1547350,1529242,0.4,0.00,1.02,0.00,4.09,0.00,1.00,0.00,10665.0,95830.0,84686.0,100.0,22.0,0.5,49.0,208.730,0.329,0.2,30824901.5
2026-09-01T04:26:22,1.3,6505,1547350,1529244,0.4,0.00,0.93,0.00,3.70,0.00,0.00,0.00,10665.0,95830.0,84686.0,10.0,19.0,0.5,50.0,198.651,0.405,0.3,32822616.0
2026-09-01T04:26:23,1.2,6504,1547350,1529245,0.4,0.00,1.00,0.00,3.98,0.00,0.00,0.00,10665.0,95830.0,84686.0,79.0,8.0,0.5,39.0,200.646,0.405,0.3,32822616.0
2026-09-01T04:26:24,1.3,6504,1547350,1529246,0.4,0.00,1.09,0.00,4.38,0.00,0.00,0.00,10665.0,95830.0,84686.0,100.0,20.5,0.5,50.0,194.202,0.373,0.3,38930776.5
2026-09-01T04:26:25,1.3,6505,1547350,1529244,0.4,0.00,0.96,0.00,3.86,0.00,0.00,0.00,10665.0,95830.0,84686.0,60.0,22.0,0.5,50.0,192.949,0.377,0.3,28832248.5
2026-09-01T04:26:26,1.3,6507,1547350,1529243,0.4,0.00,1.02,0.00,4.07,0.00,0.00,0.00,10665.0,95830.0,84686.0,79.0,4.0,0.5,16.0,179.509,0.377,0.3,28832248.5
2026-09-01T04:26:27,1.2,6508,1547350,1529242,0.4,0.00,1.03,0.00,4.13,0.00,0.00,0.00,10665.0,95830.0,84686.0,99.0,8.5,0.5,40.0,216.444,0.387,0.3,40348702.5
2026-09-01T04:26:28,1.3,6506,1547350,1529244,0.4,0.00,0.99,0.00,3.96,0.00,0.00,0.00,10665.0,95830.0,84686.0,18.0,20.0,0.5,50.0,184.598,0.350,0.3,32867165.5
2026-09-01T04:26:29,1.2,6505,1547350,1529244,0.4,0.00,0.99,0.00,3.95,0.00,0.00,0.00,10665.0,95830.0,84686.0,17.0,20.0,0.5,50.0,197.778,0.383,0.3,22581100.5
2026-09-01T04:26:30,1.3,6506,1547350,1529244,0.4,0.00,0.98,0.00,3.93,0.00,0.00,0.00,10665.0,95830.0,84686.0,69.0,15.0,0.5,50.0,186.023,0.351,0.3,31479925.5
2026-09-01T04:26:31,1.3,6506,1547350,1529244,0.4,0.00,1.99,0.00,11.92,0.00,0.00,0.00,10665.0,95830.0,84686.0,83.0,3.0,0.5,14.5,183.188,0.341,0.3,33997521.0
2026-09-01T04:26:32,1.2,6507,1547350,1529243,0.4,0.00,1.04,0.00,4.18,0.00,0.00,0.00,10665.0,95830.0,84686.0,100.0,22.5,0.5,49.5,207.238,0.341,0.3,33997521.0
2026-09-01T04:26:33,1.3,6507,1547350,1529243,0.4,0.00,8.91,0.00,84.16,0.00,0.11,0.00,10665.0,95830.0,84686.0,54.0,21.0,0.5,50.0,196.615,0.406,0.3,29868859.0
2026-09-01T04:26:34,1.2,6507,1547350,1529243,0.4,0.00,1.00,0.00,4.01,0.00,0.00,0.10,10665.0,95830.0,84686.0,77.0,8.5,0.5,40.0,192.732,0.406,0.3,29868859.0
2026-09-01T04:26:35,1.2,6505,1547350,1529244,0.4,0.00,5.36,0.00,21.43,0.00,0.00,0.00,10665.0,95830.0,84686.0,100.0,8.5,0.5,41.0,217.843,0.388,0.3,44621293.5
2026-09-01T04:26:36,1.2,6505,1547350,1529245,0.4,0.00,1.14,0.00,4.55,0.00,0.00,0.00,10665.0,95830.0,84686.0,83.0,8.5,0.5,41.0,188.343,0.388,0.3,44621293.5
2026-09-01T04:26:37,1.0,6505,1547350,1529245,0.4,0.00,0.98,0.00,3.93,0.00,0.00,0.00,10665.0,95830.0,84686.0,60.0,0.0,0.5,0.0,137.262,0.300,0.2,50168767.5
2026-09-01T04:26:38,1.2,6506,1547350,1529243,0.4,0.00,1.02,0.00,4.07,0.00,0.00,0.00,10665.0,95830.0,84686.0,100.0,20.5,0.5,47.5,201.665,0.300,0.2,50168767.5
2026-09-01T04:26:39,1.2,6506,1547350,1529244,0.4,0.00,1.00,0.00,4.00,0.00,0.00,0.00,10665.0,95830.0,84686.0,100.0,21.5,0.5,50.0,194.346,0.386,0.3,25797862.0
2026-09-01T04:26:40,1.3,6507,1547350,1529242,0.4,0.00,0.96,0.00,3.85,0.00,0.00,0.00,10665.0,95830.0,84686.0,21.0,18.5,0.5,50.0,191.388,0.354,0.3,36087275.0
2026-09-01T04:26:41,1.3,6506,1547350,1529243,0.4,0.00,1.02,0.00,4.10,0.00,0.00,0.00,10665.0,95830.0,84686.0,75.0,12.5,0.5,42.5,189.322,0.354,0.3,36087275.0
2026-09-01T04:26:42,1.2,6506,1547350,1529243,0.4,0.00,0.99,0.00,3.97,0.00,1.00,0.00,10665.0,95830.0,84686.0,87.0,3.0,0.5,13.0,187.072,0.348,0.3,30571201.5
2026-09-01T04:26:43,1.4,6506,1547350,1529243,0.4,0.00,1.03,0.00,4.10,0.00,0.00,0.10,10665.0,95830.0,84686.0,100.0,0.5,0.5,2.5,189.377,0.377,0.3,25607163.0
2026-09-01T04:26:44,1.1,6505,1547350,1529244,0.4,0.00,1.00,0.00,3.98,0.00,0.00,0.00,10665.0,95830.0,84686.0,100.0,21.5,0.5,50.0,195.490,0.377,0.3,25607163.0
2026-09-01T04:26:45,1.3,6506,1547350,1529243,0.4,0.00,0.96,0.00,3.86,0.00,0.00,0.00,10665.0,95830.0,84686.0,51.0,16.5,0.5,50.0,181.855,0.392,0.3,34670642.5
2026-09-01T04:26:46,1.2,6506,1547350,1529243,0.4,0.00,2.08,0.00,8.33,0.00,0.00,0.00,10665.0,95830.0,84686.0,79.0,8.5,0.5,39.5,203.175,0.392,0.3,34670642.5
2026-09-01T04:26:47,1.3,6504,1547350,1529245,0.4,0.00,0.88,0.00,3.53,0.00,0.00,0.00,10665.0,95830.0,84686.0,100.0,22.5,0.5,50.0,205.081,0.401,0.3,38511249.0
2026-09-01T04:26:48,1.1,6505,1547350,1529244,0.4,0.00,1.13,0.00,4.53,0.00,0.00,0.00,10665.0,95830.0,84686.0,79.0,0.5,0.5,2.0,141.973,0.401,0.3,38511249.0
2026-09-01T04:26:49,1.1,6506,1547350,1529244,0.4,0.00,1.01,0.00,4.05,0.00,0.00,0.00,10665.0,95830.0,84686.0,100.0,22.0,0.5,50.0,199.868,0.328,0.2,32640940.5
2026-09-01T04:26:50,1.2,6505,1547350,1529244,0.4,0.00,1.00,0.00,4.00,0.00,0.00,0.00,10665.0,95830.0,84686.0,80.0,8.0,0.5,38.5,184.330,0.328,0.2,32674024.0
2026-09-01T04:26:51,1.3,6503,1547350,1529247,0.4,0.00,0.88,0.00,3.52,0.00,0.00,0.00,10665.0,95830.0,84686.0,6.0,2.0,0.5,10.0,175.889,0.304,0.2,27889291.5
2026-09-01T04:26:52,1.2,6505,1547350,1529245,0.4,0.00,1.17,0.00,4.67,0.00,0.00,0.00,10665.0,95830.0,84686.0,100.0,16.5,0.5,44.5,201.168,0.304,0.2,27889291.5
2026-09-01T04:26:53,1.3,6505,1547350,1529244,0.4,0.00,0.97,0.00,3.89,0.00,0.00,0.10,10665.0,95830.0,84686.0,79.0,22.0,0.5,50.0,196.390,0.417,0.3,26825187.0
2026-09-01T04:26:54,1.2,6506,1547350,1529244,0.4,0.00,1.02,0.00,4.08,0.00,0.00,0.00,10665.0,95830.0,84686.0,78.0,8.0,0.5,38.5,185.123,0.391,0.3,64077921.5
2026-09-01T04:26:55,1.3,6505,1547350,1529244,0.4,0.00,0.89,0.00,3.55,0.00,0.00,0.00,10665.0,95830.0,84686.0,81.0,7.0,0.5,26.5,171.351,0.329,0.2,49357567.5
2026-09-01T04:26:56,1.2,6506,1547350,1529244,0.4,0.00,1.14,0.00,4.57,0.00,0.00,0.00,10665.0,95830.0,84686.0,100.0,8.0,0.5,39.0,215.970,0.329,0.2,49357567.5
2026-09-01T04:26:57,1.3,6505,1547350,1529244,0.4,0.00,0.96,0.00,3.85,0.00,0.00,0.00,10667.0,95830.0,84684.0,79.0,8.5,0.5,31.0,174.684,0.386,0.3,39335168.5
2026-09-01T04:26:58,1.2,6506,1547350,1529244,0.4,0.00,1.04,0.00,4.16,0.00,0.00,0.00,10667.0,95830.0,84684.0,93.0,8.5,0.5,39.5,206.820,0.386,0.3,39335168.5
2026-09-01T04:26:59,1.3,6505,1547350,1529244,0.4,0.00,0.86,0.00,3.45,0.00,0.00,0.00,10667.0,95830.0,84684.0,47.0,20.5,0.5,50.0,188.990,0.393,0.3,39853784.5
2026-09-01T04:27:00,1.2,6506,1547350,1529244,0.4,0.00,1.19,0.00,4.75,0.00,0.00,0.00,10667.0,95830.0,84684.0,81.0,8.0,0.5,39.0,205.743,0.393,0.3,39853784.5
2026-09-01T04:27:01,1.4,6509,1547350,1529240,0.4,0.00,2.94,0.00,15.66,0.00,0.33,0.00,10667.0,95830.0,84684.0,78.0,2.0,0.5,9.5,159.750,0.354,0.2,52023152.0
2026-09-01T04:27:02,1.3,6510,1547350,1529239,0.4,0.00,1.01,0.00,4.02,0.00,0.00,0.00,10667.0,95830.0,84684.0,100.0,3.5,0.5,17.5,194.747,0.365,0.3,21004091.5
2026-09-01T04:27:03,1.2,6509,1547350,1529241,0.4,0.00,2.04,0.00,27.52,0.00,0.00,0.00,10667.0,95830.0,84684.0,100.0,22.5,0.5,49.5,201.374,0.365,0.3,21004091.5
2026-09-01T04:27:04,1.2,6508,1547350,1529241,0.4,0.00,1.00,0.00,3.99,0.00,0.00,0.00,10667.0,95830.0,84684.0,79.0,8.0,0.5,38.0,188.130,0.413,0.3,50844169.0
2026-09-01T04:27:05,1.3,6508,1547350,1529241,0.4,0.00,0.96,0.00,3.82,0.00,0.00,0.10,10667.0,95830.0,84684.0,80.0,8.5,0.5,30.5,179.769,0.349,0.2,42022371.0
2026-09-01T04:27:06,1.4,6510,1547350,1529239,0.4,0.00,1.05,0.00,4.21,0.00,0.00,0.00,10667.0,95830.0,84684.0,56.0,1.5,0.5,7.5,196.770,0.349,0.2,42022371.0
2026-09-01T04:27:07,1.2,6509,1547350,1529240,0.4,0.00,1.00,0.00,4.00,0.00,0.00,0.00,10667.0,95830.0,84684.0,79.0,8.0,0.5,38.0,207.794,0.388,0.3,35167418.5
2026-09-01T04:27:08,1.2,6510,1547350,1529240,0.4,0.00,1.00,0.00,4.00,0.00,0.00,0.00,10667.0,95830.0,84684.0,77.0,8.0,0.5,38.5,184.464,0.385,0.2,63943025.5
2026-09-01T04:27:09,1.3,6508,1547350,1529242,0.4,0.00,0.98,0.00,3.94,0.00,0.00,0.00,10667.0,95830.0,84684.0,77.0,2.5,0.5,11.5,175.672,0.335,0.2,44205217.5
2026-09-01T04:27:10,1.2,6508,1547350,1529241,0.4,0.00,0.99,0.00,3.97,0.00,0.00,0.10,10667.0,95830.0,84684.0,100.0,4.0,0.5,19.0,182.046,0.320,0.2,27116780.0
2026-09-01T04:27:11,1.2,6507,1547350,1529242,0.4,0.00,1.03,0.00,4.12,0.00,0.00,0.00,10667.0,95830.0,84684.0,100.0,22.0,0.5,50.0,204.107,0.320,0.2,27116780.0
2026-09-01T04:27:12,1.3,6505,1547350,1529244,0.4,0.00,0.89,0.00,3.55,0.00,0.00,0.00,10667.0,95830.0,84684.0,85.0,22.0,0.5,50.0,201.274,0.416,0.3,29451526.5
2026-09-01T04:27:13,1.2,6505,1547350,1529245,0.4,0.00,1.14,0.00,4.56,0.00,0.00,0.00,10667.0,95830.0,84684.0,80.0,8.5,0.5,41.0,190.314,0.416,0.3,29451526.5
2026-09-01T04:27:14,1.4,6504,1547350,1529245,0.4,0.00,1.00,0.00,4.02,0.00,0.00,0.00,10667.0,95830.0,84684.0,100.0,20.5,0.5,50.0,194.405,0.371,0.3,42753684.5
2026-09-01T04:27:15,1.2,6503,1547350,1529247,0.4,0.00,0.99,0.00,3.98,0.00,0.00,0.00,10667.0,95830.0,84684.0,82.0,8.5,0.5,40.5,189.574,0.403,0.3,59466570.0
2026-09-01T04:27:16,1.2,6504,1547350,1529246,0.4,0.00,1.00,0.00,4.01,0.00,0.00,0.00,10667.0,95830.0,84684.0,78.0,8.0,0.5,38.5,186.177,0.403,0.3,59466570.0
2026-09-01T04:27:17,1.2,6503,1547350,1529247,0.4,0.00,0.96,0.00,3.85,0.00,0.00,0.00,10667.0,95830.0,84684.0,100.0,7.5,0.5,38.0,192.531,0.369,0.3,51983480.0
2026-09-01T04:27:18,1.3,6503,1547350,1529246,0.4,0.00,1.04,0.00,4.15,0.00,0.00,0.00,10667.0,95830.0,84684.0,6.0,18.5,0.5,50.0,171.768,0.369,0.3,51983480.0
2026-09-01T04:27:19,1.2,6503,1547350,1529247,0.4,0.00,1.00,0.00,3.99,0.00,1.00,0.00,10667.0,95830.0,84684.0,77.0,8.0,0.5,38.5,206.334,0.365,0.3,38378761.5
2026-09-01T04:27:20,1.3,6503,1547350,1529246,0.4,0.00,0.99,0.00,3.96,0.00,0.00,0.00,10667.0,95830.0,84684.0,59.0,18.5,0.5,45.5,198.949,0.376,0.3,29208342.0
2026-09-01T04:27:21,1.4,6503,1547350,1529247,0.4,0.00,0.99,0.00,3.97,0.00,0.00,0.00,10667.0,95830.0,84684.0,43.0,20.5,0.5,50.0,191.821,0.346,0.3,30463952.0
2026-09-01T04:27:22,1.3,6503,1547350,1529247,0.4,0.00,1.00,0.00,4.00,0.00,0.00,0.00,10667.0,95830.0,84684.0,56.0,20.0,0.5,50.0,198.358,0.383,0.3,23855900.5
2026-09-01T04:27:23,1.4,6502,1547350,1529247,0.4,0.00,1.00,0.00,4.00,0.00,0.00,0.00,10667.0,95830.0,84684.0,78.0,2.0,0.5,9.0,181.089,0.383,0.3,23855900.5
2026-09-01T04:27:24,1.2,6503,1547350,1529246,0.4,0.00,1.02,0.00,4.09,0.00,0.00,0.00,10667.0,95830.0,84684.0,100.0,8.0,0.5,38.5,216.340,0.372,0.3,33220787.5
2026-09-01T04:27:25,1.2,6503,1547350,1529247,0.4,0.00,1.00,0.00,3.98,0.00,0.00,0.00,10667.0,95830.0,84684.0,46.0,18.0,0.5,50.0,176.387,0.372,0.3,33220787.5
2026-09-01T04:27:26,1.2,6503,1547350,1529247,0.4,0.00,0.95,0.00,3.80,0.00,0.00,0.00,10667.0,95830.0,84684.0,77.0,0.0,0.5,0.0,148.623,0.288,0.2,29833733.0
2026-09-01T04:27:27,1.2,6503,1547350,1529247,0.4,0.00,1.06,0.00,4.24,0.00,0.00,0.00,10667.0,95830.0,84684.0,100.0,21.5,0.5,50.0,185.516,0.288,0.2,29833733.0
2026-09-01T04:27:28,1.2,6502,1547350,1529247,0.4,0.00,0.95,0.00,3.78,0.00,0.00,0.00,10667.0,95830.0,84684.0,78.0,8.0,0.5,38.5,185.825,0.406,0.3,45617072.0
2026-09-01T04:27:29,1.3,6505,1547350,1529244,0.4,0.00,1.00,0.00,4.02,0.00,0.00,0.00,10667.0,95830.0,84684.0,12.0,21.5,0.5,50.0,193.237,0.367,0.3,35542250.5
2026-09-01T04:27:30,1.2,6507,1547350,1529242,0.4,0.00,1.06,0.00,4.26,0.00,0.00,0.00,10667.0,95830.0,84684.0,80.0,8.5,0.5,39.0,206.532,0.367,0.3,35542250.5
2026-09-01T04:27:31,1.3,6506,1547350,1529244,0.4,0.00,0.95,0.00,3.81,0.00,0.00,0.00,10667.0,95830.0,84684.0,100.0,21.0,0.5,50.0,198.648,0.362,0.3,35188332.5
2026-09-01T04:27:32,1.2,6506,1547350,1529243,0.4,0.00,6.09,0.00,28.43,0.00,0.00,0.00,10667.0,95830.0,84684.0,81.0,8.5,0.5,39.0,186.759,0.362,0.3,35188332.5
2026-09-01T04:27:33,1.4,6507,1547350,1529242,0.4,0.00,5.95,0.00,37.66,0.00,0.17,0.00,10667.0,95830.0,84684.0,12.0,18.5,0.5,50.0,187.448,0.365,0.3,48854573.0
2026-09-01T04:27:34,1.4,6507,1547350,1529243,0.4,0.00,1.02,0.00,4.07,0.00,0.00,0.10,10667.0,95830.0,84684.0,79.0,1.0,0.5,3.5,171.442,0.365,0.3,48854573.0
2026-09-01T04:27:35,1.2,6507,1547350,1529243,0.4,0.00,1.02,0.00,4.07,0.00,0.00,0.00,10667.0,95830.0,84684.0,100.0,21.0,0.5,48.5,209.371,0.377,0.3,33978151.5
2026-09-01T04:27:36,1.3,6505,1547350,1529245,0.4,0.00,0.89,0.00,3.58,0.00,0.00,0.00,10667.0,95830.0,84684.0,77.0,9.0,0.5,33.0,173.676,0.327,0.2,43682452.0
2026-09-01T04:27:37,1.2,6505,1547350,1529244,0.4,0.00,2.27,0.00,13.64,0.00,0.00,0.00,10667.0,95830.0,84684.0,100.0,17.5,0.5,46.0,211.857,0.327,0.2,43682452.0
2026-09-01T04:27:38,1.2,6506,1547350,1529243,0.4,0.00,0.90,0.00,3.61,0.00,0.00,0.00,10667.0,95830.0,84684.0,77.0,8.0,0.5,37.5,183.924,0.409,0.3,52796563.5
2026-09-01T04:27:39,1.2,6510,1547350,1529240,0.4,0.00,1.08,0.00,4.32,0.00,0.00,0.00,10667.0,95830.0,84684.0,0.0,18.5,0.5,50.0,174.070,0.299,0.2,27179429.5
2026-09-01T04:27:40,1.4,6510,1547350,1529240,0.4,0.00,1.02,0.00,4.10,0.00,0.00,0.00,10667.0,95830.0,84684.0,80.0,8.0,0.5,39.0,174.102,0.299,0.2,27179429.5
2026-09-01T04:27:41,1.1,6511,1547350,1529239,0.4,0.00,1.00,0.00,3.98,0.00,0.00,0.00,10667.0,95830.0,84684.0,100.0,20.5,0.5,48.0,204.174,0.389,0.3,34438451.0
2026-09-01T04:27:42,1.4,6510,1547350,1529239,0.4,0.00,1.99,0.00,7.98,0.00,0.00,0.10,10667.0,95830.0,84684.0,100.0,21.5,0.5,50.0,195.609,0.368,0.3,32343791.5
2026-09-01T04:27:43,1.4,6510,1547350,1529239,0.4,0.00,0.97,0.00,3.89,0.00,0.00,0.00,10667.0,95830.0,84684.0,39.0,17.0,0.5,50.0,174.203,0.330,0.2,38878839.5
2026-09-01T04:27:44,1.1,6510,1547350,1529240,0.4,0.00,1.05,0.00,4.18,0.00,0.00,0.00,10667.0,95830.0,84684.0,99.0,8.5,0.5,40.5,217.034,0.330,0.2,38878839.5
2026-09-01T04:27:45,1.3,6510,1547350,1529240,0.4,0.00,0.91,0.00,3.62,0.00,0.00,0.00,10667.0,95830.0,84684.0,100.0,22.5,0.5,50.0,192.108,0.382,0.3,29951309.5
2026-09-01T04:27:46,1.4,6509,1547350,1529241,0.4,0.00,1.04,0.00,4.16,0.00,0.00,0.00,10667.0,95830.0,84684.0,40.0,21.0,0.5,48.5,196.529,0.366,0.3,24712228.5
2026-09-01T04:27:47,1.3,6509,1547350,1529241,0.4,0.00,1.04,0.00,4.14,0.00,0.00,0.00,10667.0,95830.0,84684.0,81.0,0.5,0.5,2.5,161.169,0.366,0.3,24712228.5
2026-09-01T04:27:48,1.2,6510,1547350,1529239,0.4,0.00,0.99,0.00,3.98,0.00,0.00,0.00,10667.0,95830.0,84684.0,100.0,8.0,0.5,39.0,207.058,0.355,0.3,37092303.5
2026-09-01T04:27:49,1.2,6509,1547350,1529240,0.4,0.00,0.94,0.00,3.77,0.00,1.00,0.00,10667.0,95830.0,84684.0,100.0,22.5,0.5,50.0,193.686,0.334,0.3,19421836.0
2026-09-01T04:27:50,1.4,6509,1547350,1529241,0.4,0.00,1.01,0.00,4.05,0.00,0.00,0.00,10667.0,95830.0,84684.0,8.0,17.5,0.5,50.0,171.682,0.334,0.3,19421836.0
2026-09-01T04:27:51,1.3,6511,1547350,1529239,0.4,0.00,0.95,0.00,3.79,0.00,0.00,0.00,10667.0,95830.0,84684.0,82.0,16.5,0.5,50.0,185.166,0.335,0.3,29867187.0
2026-09-01T04:27:52,1.2,6510,1547350,1529239,0.4,0.00,1.17,0.00,4.67,0.00,0.00,0.00,10667.0,95830.0,84684.0,100.0,9.5,0.5,39.5,216.678,0.335,0.3,29867187.0
2026-09-01T04:27:53,1.4,6511,1547350,1529239,0.4,0.00,0.98,0.00,3.91,0.00,0.00,0.00,10667.0,95830.0,84684.0,81.0,10.0,0.5,34.5,177.817,0.378,0.3,41890846.0
2026-09-01T04:27:54,1.2,6511,1547350,1529239,0.4,0.00,0.95,0.00,3.81,0.00,0.00,0.00,10667.0,95830.0,84684.0,90.0,8.0,0.5,38.5,208.345,0.378,0.3,41890846.0
2026-09-01T04:27:55,1.4,6510,1547350,1529240,0.4,0.00,1.05,0.00,4.21,0.00,0.00,0.00,10667.0,95830.0,84684.0,79.0,8.5,0.5,30.5,176.290,0.372,0.3,45003707.0
2026-09-01T04:27:56,1.3,6510,1547350,1529239,0.4,0.00,0.93,0.00,3.72,0.00,0.00,0.00,10667.0,95830.0,84684.0,93.0,4.0,0.5,18.5,177.486,0.324,0.2,29308936.5
2026-09-01T04:27:57,1.2,6510,1547350,1529240,0.4,0.00,1.08,0.00,4.33,0.00,0.00,0.00,10667.0,95830.0,84684.0,100.0,22.5,0.5,50.0,196.469,0.324,0.2,29308936.5
2026-09-01T04:27:58,1.4,6510,1547350,1529239,0.4,0.00,0.97,0.00,3.88,0.00,0.00,0.00,10667.0,95830.0,84684.0,5.0,19.5,0.5,50.0,192.907,0.401,0.3,30684129.5
2026-09-01T04:27:59,1.4,6510,1547350,1529240,0.4,0.00,0.96,0.00,3.84,0.00,0.00,0.00,10667.0,95830.0,84684.0,77.0,2.5,0.5,10.5,177.732,0.340,0.3,33293401.5
2026-09-01T04:28:00,1.2,6510,1547350,1529240,0.4,0.00,1.06,0.00,4.24,0.00,0.00,0.00,10667.0,95830.0,84684.0,100.0,9.0,0.5,38.0,214.824,0.340,0.3,33293401.5
2026-09-01T04:28:01,1.4,6516,1547350,1529234,0.4,0.00,1.01,0.00,4.06,0.00,0.00,0.00,10667.0,95830.0,84684.0,66.0,21.5,0.5,50.0,193.375,0.388,0.3,31815101.5
2026-09-01T04:28:02,1.4,6515,1547350,1529235,0.4,0.00,0.87,0.00,3.48,0.00,0.00,0.00,10667.0,95830.0,84684.0,79.0,5.0,0.5,19.0,177.737,0.335,0.2,37904567.0
2026-09-01T04:28:03,1.2,6514,1547350,1529235,0.4,0.00,6.02,0.00,41.57,0.00,0.00,0.00,10667.0,95830.0,84684.0,96.0,8.5,0.5,40.0,213.939,0.335,0.2,37904567.0
2026-09-01T04:28:04,1.4,6516,1547350,1529233,0.4,0.00,0.94,0.00,3.77,0.00,0.00,0.00,10667.0,95830.0,84684.0,100.0,20.5,0.5,50.0,196.799,0.398,0.3,32109028.0
2026-09-01T04:28:05,1.5,6516,1547350,1529234,0.4,0.00,1.06,0.00,4.25,0.00,0.00,0.00,10667.0,95830.0,84684.0,5.0,11.5,0.5,39.0,183.071,0.398,0.3,32109028.0
2026-09-01T04:28:06,1.2,6515,1547350,1529234,0.4,0.00,1.00,0.00,4.00,0.00,0.00,0.00,10667.0,95830.0,84684.0,75.0,8.0,0.5,38.0,201.531,0.372,0.3,40033558.0
2026-09-01T04:28:07,1.4,6514,1547350,1529235,0.4,0.00,0.96,0.00,3.84,0.00,1.00,0.00,10667.0,95830.0,84684.0,100.0,19.5,0.5,47.5,198.941,0.367,0.3,30096816.5
2026-09-01T04:28:08,1.3,6516,1547350,1529233,0.4,0.00,2.06,0.00,12.35,0.00,0.00,0.00,10667.0,95830.0,84684.0,86.0,19.0,0.5,50.0,190.322,0.346,0.3,30182868.0
2026-09-01T04:28:09,1.4,6516,1547350,1529234,0.4,0.00,1.00,0.00,3.98,0.00,0.00,0.00,10667.0,95830.0,84684.0,81.0,0.5,0.5,3.0,174.874,0.334,0.2,44128578.5
2026-09-01T04:28:10,1.2,6516,1547350,1529233,0.4,0.00,0.96,0.00,3.86,0.00,0.00,0.00,10667.0,95830.0,84684.0,100.0,8.5,0.5,41.0,218.203,0.334,0.2,44128578.5
2026-09-01T04:28:11,1.4,6514,1547350,1529235,0.4,0.00,1.04,0.00,4.15,0.00,0.00,0.00,10667.0,95830.0,84684.0,31.0,20.5,0.5,50.0,194.145,0.410,0.3,30270751.0
2026-09-01T04:28:12,1.2,6511,1547350,1529238,0.4,0.00,1.02,0.00,4.09,0.00,0.00,0.00,10667.0,95830.0,84684.0,77.0,8.5,0.5,40.0,195.675,0.410,0.3,30270751.0
2026-09-01T04:28:13,1.4,6510,1547350,1529239,0.4,0.00,0.97,0.00,3.88,0.00,0.00,0.00,10667.0,95830.0,84684.0,100.0,21.0,0.5,48.0,198.861,0.380,0.3,38426230.0
2026-09-01T04:28:14,1.4,6512,1547350,1529237,0.4,0.00,1.01,0.00,4.03,0.00,0.00,0.00,10667.0,95830.0,84684.0,14.0,20.0,0.5,50.0,193.200,0.356,0.3,31616598.5
2026-09-01T04:28:15,1.4,6512,1547350,1529237,0.4,0.00,0.92,0.00,3.69,0.00,0.00,0.00,10667.0,95830.0,84684.0,75.0,18.5,0.5,50.0,186.104,0.347,0.3,30551674.0
2026-09-01T04:28:16,1.3,6512,1547350,1529237,0.4,0.00,1.04,0.00,4.17,0.00,0.00,0.00,10667.0,95830.0,84684.0,90.0,1.0,0.5,3.5,177.709,0.347,0.3,30551674.0
2026-09-01T04:28:17,1.2,6512,1547350,1529237,0.4,0.00,1.07,0.00,4.30,0.00,0.00,0.00,10667.0,95830.0,84684.0,100.0,22.5,0.5,50.0,196.387,0.370,0.3,26566497.0
2026-09-01T04:28:18,1.4,6513,1547350,1529237,0.4,0.00,0.96,0.00,3.84,0.00,0.00,0.00,10667.0,95830.0,84684.0,5.0,19.0,0.5,50.0,188.819,0.353,0.3,36387298.5
2026-09-01T04:28:19,1.3,6513,1547350,1529236,0.4,0.00,1.03,0.00,4.10,0.00,0.00,0.00,10667.0,95830.0,84684.0,76.0,0.5,0.5,2.5,164.491,0.353,0.3,36387298.5
2026-09-01T04:28:20,1.2,6511,1547350,1529239,0.4,0.00,1.01,0.00,4.05,0.00,0.00,0.00,10667.0,95830.0,84684.0,100.0,20.5,0.5,47.5,204.666,0.363,0.3,34387546.0
2026-09-01T04:28:21,1.3,6511,1547350,1529239,0.4,0.00,0.98,0.00,3.92,0.00,0.00,0.00,10667.0,95830.0,84684.0,79.0,0.5,0.5,2.5,159.555,0.277,0.2,45948301.5
2026-09-01T04:28:22,1.2,6510,1547350,1529239,0.4,0.00,1.02,0.00,4.09,0.00,0.00,0.00,10667.0,95830.0,84684.0,100.0,20.5,0.5,48.0,205.017,0.277,0.2,45948301.5
2026-09-01T04:28:23,1.4,6511,1547350,1529239,0.4,0.00,0.96,0.00,3.83,0.00,0.00,0.00,10667.0,95830.0,84684.0,81.0,15.5,0.5,44.5,202.755,0.412,0.3,32489437.0
2026-09-01T04:28:24,1.4,6509,1547350,1529240,0.4,0.00,0.92,0.00,3.69,0.00,0.00,0.00,10667.0,95830.0,84684.0,64.0,13.5,0.5,45.0,182.221,0.412,0.3,32489437.0
2026-09-01T04:28:25,1.4,6510,1547350,1529240,0.4,0.00,1.11,0.00,4.43,0.00,0.00,0.00,10667.0,95830.0,84684.0,88.0,6.0,0.5,28.0,180.641,0.329,0.2,33410843.5
2026-09-01T04:28:26,1.2,6512,1547350,1529238,0.4,0.00,0.97,0.00,3.88,0.00,0.00,0.00,10667.0,95830.0,84684.0,100.0,22.5,0.5,50.0,203.606,0.329,0.2,33410843.5
2026-09-01T04:28:27,1.3,6511,1547350,1529239,0.4,0.00,1.04,0.00,4.18,0.00,0.00,0.00,10667.0,95830.0,84684.0,5.0,19.0,0.5,50.0,185.853,0.396,0.3,30773591.0
2026-09-01T04:28:28,1.4,6511,1547350,1529238,0.4,0.00,1.00,0.00,4.00,0.00,0.00,0.00,10667.0,95830.0,84684.0,78.0,4.5,0.5,17.5,180.072,0.333,0.2,32902760.0
2026-09-01T04:28:29,1.4,6512,1547350,1529237,0.4,0.00,0.97,0.00,3.88,0.00,1.00,0.00,10667.0,95830.0,84684.0,98.0,3.5,0.5,16.0,186.849,0.357,0.3,28935548.5
2026-09-01T04:28:30,1.2,6512,1547350,1529238,0.4,0.00,1.05,0.00,4.21,0.00,0.00,0.00,10667.0,95830.0,84684.0,100.0,22.5,0.5,50.0,198.812,0.357,0.3,28935548.5
2026-09-01T04:28:31,1.4,6508,1547350,1529241,0.4,0.00,0.98,0.00,3.93,0.00,0.00,0.00,10667.0,95830.0,84684.0,74.0,0.5,0.5,41.5,179.906,0.383,0.3,36039700.5
2026-09-01T04:28:32,1.2,6508,1547350,1529241,0.4,0.00,1.02,0.00,4.07,0.00,0.00,0.00,10667.0,95830.0,84684.0,83.0,8.5,0.5,41.0,215.339,0.383,0.3,36039700.5
2026-09-01T04:28:33,1.4,6509,1547350,1529241,0.4,0.00,10.65,0.00,91.48,0.00,0.09,0.00,10667.0,95830.0,84684.0,23.0,20.5,0.5,50.0,185.269,0.394,0.3,43901876.5
2026-09-01T04:28:34,1.4,6509,1547350,1529240,0.4,0.00,1.01,0.00,4.05,0.00,0.00,0.00,10667.0,95830.0,84684.0,83.0,3.0,0.5,12.0,181.476,0.334,0.2,39121743.0
2026-09-01T04:28:35,1.2,6509,1547350,1529240,0.4,0.00,1.02,0.00,4.09,0.00,0.00,0.00,10667.0,95830.0,84684.0,100.0,9.5,0.5,40.5,202.873,0.334,0.2,39121743.0
2026-09-01T04:28:36,1.4,6511,1547350,1529239,0.4,0.00,1.00,0.00,4.00,0.00,0.00,0.00,10667.0,95830.0,84684.0,79.0,21.5,0.5,50.0,191.864,0.408,0.3,28780162.0
2026-09-01T04:28:37,1.4,6511,1547350,1529239,0.4,0.00,0.98,0.00,3.91,0.00,0.00,0.00,10667.0,95830.0,84684.0,81.0,1.5,0.5,8.5,171.150,0.333,0.2,42282084.0
2026-09-01T04:28:38,1.2,6509,1547350,1529240,0.4,0.00,1.02,0.00,4.10,0.00,0.00,0.00,10667.0,95830.0,84684.0,100.0,8.5,0.5,41.5,217.840,0.333,0.2,42282084.0
2026-09-01T04:28:39,1.4,6510,1547350,1529240,0.4,0.00,1.86,0.00,7.43,0.00,0.00,0.00,10667.0,95830.0,84684.0,100.0,22.5,0.5,50.0,198.333,0.409,0.3,30973921.5
2026-09-01T04:28:40,1.3,6511,1547350,1529239,0.4,0.00,1.05,0.00,4.19,0.00,0.00,0.00,10667.0,95830.0,84684.0,23.0,13.5,0.5,45.0,166.803,0.292,0.2,32013370.5
2026-09-01T04:28:41,1.4,6511,1547350,1529238,0.4,0.00,1.02,0.00,4.07,0.00,0.00,0.00,10667.0,95830.0,84684.0,88.0,5.0,0.5,22.5,182.287,0.364,0.3,37043558.5
2026-09-01T04:28:42,1.2,6511,1547350,1529239,0.4,0.00,1.02,0.00,4.07,0.00,0.00,0.00,10667.0,95830.0,84684.0,100.0,23.0,0.5,50.0,207.993,0.364,0.3,37043558.5
2026-09-01T04:28:43,1.4,6512,1547350,1529238,0.4,0.00,0.99,0.00,3.94,0.00,0.00,0.00,10667.0,95830.0,84684.0,55.0,21.0,0.5,50.0,195.458,0.393,0.3,29049704.5
2026-09-01T04:28:44,1.4,6511,1547350,1529239,0.4,0.00,1.98,0.00,7.93,0.00,0.00,0.00,10667.0,95830.0,84684.0,80.0,10.5,0.5,37.5,177.744,0.345,0.3,35030580.5
2026-09-01T04:28:45,1.2,6510,1547350,1529239,0.4,0.00,1.02,0.00,4.09,0.00,0.00,0.00,10667.0,95830.0,84684.0,90.0,7.0,0.5,34.0,188.726,0.357,0.3,39657268.5
2026-09-01T04:28:46,1.4,6513,1547350,1529237,0.4,0.00,1.00,0.00,4.00,0.00,0.00,0.00,10667.0,95830.0,84684.0,100.0,22.0,0.5,50.0,195.255,0.357,0.3,39657268.5
2026-09-01T04:28:47,1.3,6513,1547350,1529237,0.4,0.00,0.98,0.00,3.92,0.00,0.00,0.00,10667.0,95830.0,84684.0,8.0,17.0,0.5,50.0,171.973,0.370,0.3,29483631.5
2026-09-01T04:28:48,1.5,6513,1547350,1529236,0.4,0.00,0.96,0.00,3.84,0.00,0.00,0.00,10667.0,95830.0,84684.0,76.0,5.0,0.5,22.0,173.747,0.330,0.2,36681140.0
2026-09-01T04:28:49,1.2,6514,1547350,1529236,0.4,0.00,1.07,0.00,4.27,0.00,0.00,0.00,10667.0,95830.0,84684.0,100.0,22.5,0.5,50.0,203.103,0.330,0.2,36681140.0
2026-09-01T04:28:50,1.4,6514,1547350,1529235,0.4,0.00,0.98,0.00,3.92,0.00,0.00,0.00,10667.0,95830.0,84684.0,44.0,21.0,0.5,50.0,192.777,0.406,0.3,29495598.5
2026-09-01T04:28:51,1.5,6514,1547350,1529235,0.4,0.00,1.01,0.00,4.04,0.00,0.00,0.00,10667.0,95830.0,84684.0,79.0,4.5,0.5,17.5,172.718,0.315,0.2,37244707.0
2026-09-01T04:28:52,1.2,6515,1547350,1529235,0.4,0.00,1.01,0.00,4.06,0.00,0.00,0.00,10667.0,95830.0,84684.0,98.0,8.0,0.5,39.0,213.896,0.315,0.2,37244707.0
2026-09-01T04:28:53,1.3,6515,1547350,1529235,0.4,0.00,0.99,0.00,3.94,0.00,0.00,0.00,10667.0,95830.0,84684.0,18.0,16.0,0.5,50.0,171.207,0.367,0.3,36678745.5
2026-09-01T04:28:54,1.2,6514,1547350,1529235,0.4,0.00,1.01,0.00,4.05,0.00,1.00,0.00,10667.0,95830.0,84684.0,81.0,8.0,0.5,38.0,205.493,0.367,0.3,36678745.5
2026-09-01T04:28:55,1.4,6513,1547350,1529236,0.4,0.00,0.97,0.00,3.87,0.00,0.00,0.00,10667.0,95830.0,84684.0,100.0,21.0,0.5,50.0,196.936,0.395,0.3,33662212.0
2026-09-01T04:28:56,1.3,6512,1547350,1529238,0.4,0.00,1.02,0.00,4.06,0.00,0.00,0.00,10667.0,95830.0,84684.0,6.0,19.5,0.5,50.0,197.489,0.367,0.3,33203617.0
2026-09-01T04:28:57,1.3,6512,1547350,1529238,0.4,0.00,0.98,0.00,3.91,0.00,0.00,0.00,10667.0,95830.0,84684.0,76.0,16.0,0.5,50.0,179.936,0.367,0.3,33203617.0
2026-09-01T04:28:58,1.2,6512,1547350,1529238,0.4,0.00,1.03,0.00,4.11,0.00,0.00,0.00,10667.0,95830.0,84684.0,84.0,8.5,0.5,40.5,217.771,0.387,0.3,41015704.5
2026-09-01T04:28:59,1.2,6512,1547350,1529238,0.4,0.00,1.02,0.00,4.08,0.00,0.00,0.00,10667.0,95830.0,84684.0,78.0,8.5,0.5,39.0,184.863,0.387,0.3,41015704.5
2026-09-01T04:29:00,1.3,6511,1547350,1529238,0.4,0.00,0.97,0.00,3.86,0.00,0.00,0.00,10667.0,95830.0,84684.0,100.0,20.5,0.5,50.0,196.914,0.374,0.3,46392255.5
2026-09-01T04:29:01,1.4,6515,1547350,1529235,0.4,0.00,1.02,0.00,4.09,0.00,0.00,0.00,10667.0,95830.0,84684.0,41.0,17.0,0.5,50.0,187.185,0.358,0.3,36130425.0
2026-09-01T04:29:02,1.2,6515,1547350,1529235,0.4,0.00,1.01,0.00,4.03,0.00,0.00,0.00,10667.0,95830.0,84684.0,98.0,8.5,0.5,40.5,218.176,0.358,0.3,36130425.0
2026-09-01T04:29:03,1.4,6516,1547350,1529233,0.4,0.00,0.99,0.00,3.95,0.00,0.00,0.00,10667.0,95830.0,84684.0,100.0,17.5,0.5,45.5,197.104,0.395,0.3,31609145.5
2026-09-01T04:29:04,1.3,6516,1547350,1529233,0.4,0.00,2.99,0.00,29.44,0.00,0.00,0.00,10667.0,95830.0,84684.0,5.0,19.5,0.5,50.0,189.471,0.351,0.3,32353217.0
2026-09-01T04:29:05,1.4,6515,1547350,1529234,0.4,0.00,0.98,0.00,3.91,0.00,0.00,0.00,10667.0,95830.0,84684.0,27.0,20.5,0.5,50.0,200.750,0.376,0.3,18533627.0
2026-09-01T04:29:06,1.3,6513,1547350,1529237,0.4,0.00,1.02,0.00,4.07,0.00,0.00,0.00,10667.0,95830.0,84684.0,81.0,8.0,0.5,29.0,182.888,0.376,0.3,18533627.0
2026-09-01T04:29:07,1.2,6513,1547350,1529237,0.4,0.00,0.93,0.00,3.72,0.00,0.00,0.00,10667.0,95830.0,84684.0,92.0,0.5,0.5,2.5,183.535,0.349,0.3,35545513.0
2026-09-01T04:29:08,1.2,6511,1547350,1529238,0.4,0.00,1.11,0.00,4.44,0.00,0.00,0.00,10667.0,95830.0,84684.0,100.0,22.0,0.5,50.0,200.109,0.349,0.3,35545513.0
2026-09-01T04:29:09,1.4,6513,1547350,1529237,0.4,0.00,1.95,0.00,11.72,0.00,0.00,0.00,10667.0,95830.0,84684.0,77.0,8.0,0.5,28.5,176.897,0.391,0.3,37600205.0
2026-09-01T04:29:10,1.4,6514,1547350,1529236,0.4,0.00,0.98,0.00,3.91,0.00,0.00,0.00,10667.0,95830.0,84684.0,92.0,3.0,0.5,13.5,193.686,0.356,0.3,22829153.0
2026-09-01T04:29:11,1.2,6514,1547350,1529235,0.4,0.00,1.06,0.00,4.24,0.00,0.00,0.00,10667.0,95830.0,84684.0,100.0,9.0,0.5,40.0,220.018,0.356,0.3,22829153.0
2026-09-01T04:29:12,1.2,6514,1547350,1529235,0.4,0.00,0.95,0.00,3.81,0.00,0.00,0.00,10667.0,95830.0,84684.0,100.0,21.0,0.5,50.0,200.849,0.411,0.3,32991192.5
2026-09-01T04:29:13,1.4,6512,1547350,1529237,0.4,0.00,1.03,0.00,4.12,0.00,0.00,0.00,10667.0,95830.0,84684.0,15.0,20.0,0.5,50.0,194.470,0.360,0.3,32026965.5
2026-09-01T04:29:14,1.2,6512,1547350,1529237,0.4,0.00,0.99,0.00,3.97,0.00,1.00,0.00,10667.0,95830.0,84684.0,65.0,7.0,0.5,25.0,173.845,0.299,0.2,28413033.5
2026-09-01T04:29:15,1.2,6512,1547350,1529237,0.4,0.00,1.02,0.00,4.09,0.00,0.00,0.00,10667.0,95830.0,84684.0,80.0,8.0,0.5,39.0,207.237,0.299,0.2,28413033.5
2026-09-01T04:29:16,1.3,6512,1547350,1529238,0.4,0.00,0.93,0.00,3.73,0.00,0.00,0.00,10667.0,95830.0,84684.0,92.0,19.5,0.5,50.0,198.977,0.393,0.3,36194674.5
2026-09-01T04:29:17,1.4,6512,1547350,1529237,0.4,0.00,1.03,0.00,4.13,0.00,0.00,0.00,10667.0,95830.0,84684.0,80.0,5.5,0.5,27.0,166.978,0.316,0.2,47753095.5
2026-09-01T04:29:18,1.2,6512,1547350,1529238,0.4,0.00,1.04,0.00,4.16,0.00,0.00,0.00,10667.0,95830.0,84684.0,100.0,22.0,0.5,50.0,202.424,0.316,0.2,47753095.5
2026-09-01T04:29:19,1.4,6511,1547350,1529239,0.4,0.00,0.97,0.00,3.89,0.00,0.00,0.00,10667.0,95830.0,84684.0,52.0,16.0,0.5,50.0,182.166,0.394,0.3,34455330.5
2026-09-01T04:29:20,1.3,6510,1547350,1529239,0.4,0.00,1.02,0.00,4.07,0.00,0.00,0.00,10667.0,95830.0,84684.0,69.0,4.5,0.5,18.0,178.091,0.394,0.3,34455330.5
2026-09-01T04:29:21,1.2,6508,1547350,1529241,0.4,0.00,1.01,0.00,4.04,0.00,0.00,0.00,10667.0,95830.0,84684.0,98.0,8.5,0.5,40.5,219.187,0.374,0.3,28499991.0
2026-09-01T04:29:22,1.2,6507,1547350,1529242,0.4,0.00,1.00,0.00,4.01,0.00,0.00,0.00,10667.0,95830.0,84684.0,31.0,0.0,0.5,0.0,146.196,0.374,0.3,28499991.0
2026-09-01T04:29:23,1.3,6509,1547350,1529241,0.4,0.00,0.99,0.00,3.95,0.00,0.00,0.00,10667.0,95830.0,84684.0,76.0,2.0,0.5,9.0,186.948,0.315,0.2,34008778.5
2026-09-01T04:29:24,1.2,6511,1547350,1529239,0.4,0.00,1.01,0.00,4.03,0.00,0.00,0.00,10667.0,95830.0,84684.0,100.0,10.5,0.5,40.5,199.689,0.315,0.2,34008778.5
2026-09-01T04:29:25,1.2,6510,1547350,1529240,0.4,0.00,0.98,0.00,3.94,0.00,0.00,0.00,10667.0,95830.0,84684.0,100.0,20.0,0.5,50.0,192.391,0.405,0.3,32938393.5
2026-09-01T04:29:26,1.2,6509,1547350,1529240,0.4,0.00,1.02,0.00,4.08,0.00,0.00,0.00,10667.0,95830.0,84684.0,54.0,18.0,0.5,50.0,188.150,0.405,0.3,32938393.5
2026-09-01T04:29:27,1.3,6510,1547350,1529239,0.4,0.00,1.00,0.00,3.99,0.00,0.00,0.00,10667.0,95830.0,84684.0,93.0,19.5,0.5,50.0,195.060,0.354,0.3,30948852.5
2026-09-01T04:29:28,1.2,6511,1547350,1529239,0.4,0.00,1.00,0.00,4.02,0.00,0.00,0.10,10667.0,95830.0,84684.0,80.0,7.5,0.5,36.0,198.898,0.354,0.3,30948852.5
2026-09-01T04:29:29,1.2,6509,1547350,1529240,0.4,0.00,1.00,0.00,4.00,0.00,0.00,0.00,10667.0,95830.0,84684.0,100.0,16.0,0.5,44.0,197.026,0.388,0.3,35941271.5
2026-09-01T04:29:30,1.3,6510,1547350,1529240,0.4,0.00,0.95,0.00,3.78,0.00,0.00,0.00,10667.0,95830.0,84684.0,19.0,20.0,0.5,50.0,194.088,0.359,0.3,31365841.5
2026-09-01T04:29:31,1.2,6511,1547350,1529238,0.4,0.00,1.03,0.00,4.14,0.00,0.00,0.00,10667.0,95830.0,84684.0,79.0,5.0,0.5,24.5,173.132,0.359,0.3,31365841.5
2026-09-01T04:29:32,1.3,6510,1547350,1529239,0.4,0.00,1.02,0.00,4.08,0.00,0.00,0.00,10667.0,95830.0,84684.0,98.0,2.0,0.5,9.5,179.984,0.344,0.2,38029940.5
2026-09-01T04:29:33,1.2,6510,1547350,1529239,0.4,0.00,1.00,0.00,4.02,0.00,0.00,0.00,10667.0,95830.0,84684.0,100.0,8.5,0.5,41.0,209.347,0.409,0.3,32073987.0
2026-09-01T04:29:34,1.2,6511,1547350,1529238,0.4,0.00,5.00,0.00,72.50,0.00,0.20,0.00,10667.0,95830.0,84684.0,100.0,17.5,0.5,45.5,200.860,0.409,0.3,32073987.0
2026-09-01T04:29:35,1.4,6512,1547350,1529238,0.4,0.00,5.87,0.00,27.37,0.00,0.00,0.00,10667.0,95830.0,84684.0,5.0,19.5,0.5,50.0,192.950,0.373,0.3,27737935.0
2026-09-01T04:29:36,1.2,6512,1547350,1529238,0.4,0.00,1.02,0.00,4.09,0.00,0.00,0.00,10667.0,95830.0,84684.0,77.0,8.5,0.5,40.5,199.144,0.373,0.3,27737935.0
2026-09-01T04:29:37,1.3,6511,1547350,1529239,0.4,0.00,0.97,0.00,3.89,0.00,0.00,0.00,10667.0,95830.0,84684.0,30.0,18.0,0.5,50.0,187.861,0.381,0.3,46278479.0
2026-09-01T04:29:38,1.1,6511,1547350,1529239,0.4,0.00,1.01,0.00,4.03,0.00,0.00,0.00,10667.0,95830.0,84684.0,78.0,0.0,0.5,0.0,169.212,0.381,0.3,46278479.0
2026-09-01T04:29:39,1.2,6509,1547350,1529241,0.4,0.00,1.02,0.00,4.08,0.00,0.00,0.00,10667.0,95830.0,84684.0,100.0,20.5,0.5,48.0,209.670,0.354,0.3,30841005.0
2026-09-01T04:29:40,1.3,6509,1547350,1529240,0.4,0.00,1.00,0.00,4.01,0.00,0.00,0.00,10667.0,95830.0,84684.0,100.0,20.5,0.5,50.0,197.819,0.343,0.3,17896968.5
2026-09-01T04:29:41,1.2,6508,1547350,1529241,0.4,0.00,0.98,0.00,3.92,0.00,0.00,0.00,10667.0,95830.0,84684.0,10.0,20.0,0.5,50.0,180.569,0.323,0.2,25937025.5
2026-09-01T04:29:42,1.3,6508,1547350,1529242,0.4,0.00,0.97,0.00,3.88,0.00,0.00,0.00,10667.0,95830.0,84684.0,93.0,19.5,0.5,50.0,199.637,0.323,0.2,25937025.5
2026-09-01T04:29:43,1.3,6510,1547350,1529240,0.4,0.00,1.02,0.00,4.09,0.00,0.00,0.00,10667.0,95830.0,84684.0,36.0,18.0,0.5,50.0,188.599,0.362,0.3,28220161.0
2026-09-01T04:29:44,1.3,6511,1547350,1529239,0.4,0.00,1.01,0.00,4.04,0.00,1.00,0.00,10667.0,95830.0,84684.0,60.0,15.5,0.5,50.0,192.278,0.373,0.3,25021749.5
2026-09-01T04:29:45,1.4,6512,1547350,1529238,0.4,0.00,2.96,0.00,11.86,0.00,0.00,0.00,10667.0,95830.0,84684.0,81.0,4.0,0.5,19.5,182.583,0.373,0.3,25021749.5
2026-09-01T04:29:46,1.2,6512,1547350,1529238,0.4,0.00,1.03,0.00,4.12,0.00,0.00,0.00,10667.0,95830.0,84684.0,100.0,22.0,0.5,49.0,218.863,0.389,0.3,34076452.5
2026-09-01T04:29:47,1.2,6513,1547350,1529237,0.4,0.00,1.00,0.00,3.99,0.00,0.00,0.00,10667.0,95830.0,84684.0,80.0,8.5,0.5,40.0,186.569,0.390,0.3,64756257.5
2026-09-01T04:29:48,1.4,6513,1547350,1529237,0.4,0.00,0.90,0.00,3.60,0.00,0.00,0.00,10667.0,95830.0,84684.0,79.0,11.5,0.5,39.0,187.637,0.334,0.2,42086307.0
2026-09-01T04:29:49,1.2,6514,1547350,1529236,0.4,0.00,1.12,0.00,4.50,0.00,0.00,0.00,10667.0,95830.0,84684.0,77.0,8.5,0.5,40.5,210.658,0.334,0.2,42086307.0
2026-09-01T04:29:50,1.3,6514,1547350,1529235,0.4,0.00,0.98,0.00,3.93,0.00,0.00,0.00,10667.0,95830.0,84684.0,5.0,12.5,0.5,42.5,182.286,0.382,0.3,45471978.0
2026-09-01T04:29:51,1.2,6514,1547350,1529235,0.4,0.00,1.02,0.00,4.06,0.00,0.00,0.00,10667.0,95830.0,84684.0,79.0,8.5,0.5,40.5,210.946,0.382,0.3,45471978.0
2026-09-01T04:29:52,1.3,6513,1547350,1529237,0.4,0.00,0.98,0.00,3.92,0.00,0.00,0.00,10667.0,95830.0,84684.0,6.0,13.5,0.5,45.0,179.570,0.383,0.3,43608770.0
2026-09-01T04:29:53,1.4,6515,1547350,1529235,0.4,0.00,1.00,0.00,4.01,0.00,0.00,0.00,10667.0,95830.0,84684.0,83.0,1.5,0.5,6.5,183.789,0.383,0.3,43608770.0
2026-09-01T04:29:54,1.2,6513,1547350,1529236,0.4,0.00,1.03,0.00,4.13,0.00,0.00,0.00,10667.0,95830.0,84684.0,100.0,8.0,0.5,39.0,205.923,0.390,0.3,31676464.0
2026-09-01T04:29:55,1.3,6511,1547350,1529239,0.4,0.00,0.97,0.00,3.90,0.00,0.00,0.00,10667.0,95830.0,84684.0,100.0,22.0,0.5,50.0,199.213,0.374,0.3,25722547.5
2026-09-01T04:29:56,1.2,6510,1547350,1529240,0.4,0.00,0.99,0.00,3.94,0.00,0.00,0.00,10667.0,95830.0,84684.0,22.0,20.5,0.5,50.0,195.297,0.361,0.3,28090776.0
2026-09-01T04:29:57,1.3,6512,1547350,1529238,0.4,0.00,1.00,0.00,3.98,0.00,0.00,0.10,10667.0,95830.0,84684.0,77.0,3.0,0.5,12.0,180.519,0.328,0.2,38107636.0
2026-09-01T04:29:58,1.2,6513,1547350,1529236,0.4,0.00,1.01,0.00,4.06,0.00,0.00,0.00,10667.0,95830.0,84684.0,100.0,5.5,0.5,25.5,191.440,0.384,0.3,31805194.0
2026-09-01T04:29:59,1.2,6513,1547350,1529237,0.4,0.00,1.04,0.00,4.14,0.00,0.00,0.00,10667.0,95830.0,84684.0,100.0,22.5,0.5,50.0,199.352,0.384,0.3,31805194.0
2026-09-01T04:30:00,1.2,6512,1547350,1529238,0.4,0.00,0.99,0.00,3.96,0.00,0.00,0.00,10667.0,95830.0,84684.0,100.0,20.0,0.5,50.0,181.748,0.365,0.3,21639394.5
2026-09-01T04:30:01,1.4,6516,1547350,1529234,0.4,0.00,0.98,0.00,3.91,0.00,1.00,0.00,10667.0,95830.0,84684.0,79.0,16.5,0.5,50.0,181.489,0.362,0.3,42469097.0
2026-09-01T04:30:02,1.2,6516,1547350,1529234,0.4,0.00,1.02,0.00,4.07,0.00,0.00,0.00,10667.0,95830.0,84684.0,100.0,7.0,0.5,33.0,193.826,0.362,0.3,42469097.0
2026-09-01T04:30:03,1.4,6514,1547350,1529235,0.4,0.00,1.00,0.00,4.01,0.00,0.00,0.00,10667.0,95830.0,84684.0,100.0,22.0,0.5,50.0,198.832,0.400,0.3,31264675.0
2026-09-01T04:30:04,1.4,6515,1547350,1529234,0.4,0.00,1.96,0.00,24.93,0.00,0.00,0.00,10667.0,95830.0,84684.0,55.0,21.0,0.5,50.0,200.066,0.371,0.3,28569121.0
2026-09-01T04:30:05,1.2,6512,1547350,1529237,0.4,0.00,1.82,0.00,7.29,0.00,0.00,0.00,10667.0,95830.0,84684.0,31.0,20.5,0.5,50.0,198.345,0.372,0.3,22756746.0
2026-09-01T04:30:06,1.3,6512,1547350,1529237,0.4,0.00,1.11,0.00,4.43,0.00,0.00,0.00,10667.0,95830.0,84684.0,78.0,7.0,0.5,25.5,181.835,0.372,0.3,22756746.0
2026-09-01T04:30:07,1.2,6513,1547350,1529237,0.4,0.00,1.02,0.00,4.09,0.00,0.00,0.00,10667.0,95830.0,84684.0,95.0,8.5,0.5,41.5,216.924,0.388,0.3,41752884.5
2026-09-01T04:30:08,1.1,6514,1547350,1529235,0.4,0.00,1.00,0.00,4.02,0.00,0.00,0.00,10667.0,95830.0,84684.0,92.0,19.5,0.5,50.0,182.957,0.388,0.3,41752884.5
2026-09-01T04:30:09,1.3,6515,1547350,1529235,0.4,0.00,0.97,0.00,3.88,0.00,0.00,0.00,10667.0,95830.0,84684.0,70.0,15.0,0.5,50.0,188.278,0.338,0.3,27007111.5
2026-09-01T04:30:10,1.2,6515,1547350,1529234,0.4,0.00,1.03,0.00,4.12,0.00,0.00,0.00,10667.0,95830.0,84684.0,82.0,8.0,0.5,38.0,207.537,0.338,0.3,27007111.5
2026-09-01T04:30:11,1.3,6518,1547350,1529232,0.4,0.00,0.98,0.00,3.92,0.00,0.00,0.00,10667.0,95830.0,84684.0,79.0,2.0,0.5,9.5,178.446,0.368,0.3,46226150.0
2026-09-01T04:30:12,1.2,6518,1547350,1529232,0.4,0.00,0.97,0.00,3.89,0.00,0.00,0.00,10667.0,95830.0,84684.0,100.0,0.0,0.5,0.0,153.441,0.279,0.2,23249184.5
2026-09-01T04:30:13,1.2,6518,1547350,1529232,0.4,0.00,1.05,0.00,4.20,0.00,0.00,0.10,10667.0,95830.0,84684.0,0.0,0.0,0.5,0.0,91.878,0.279,0.2,23249184.5
2026-09-01T04:30:14,0.6,6518,1547350,1529232,0.4,0.00,1.00,0.00,3.99,0.00,0.00,0.00,10667.0,95830.0,84684.0,0.0,0.0,0.5,0.0,90.936,0.000,0.0,679213.0
2026-09-01T04:30:15,0.2,6518,1547350,1529232,0.4,0.00,1.01,0.00,4.02,0.00,0.00,0.00,10667.0,95830.0,84684.0,0.0,0.0,0.5,0.0,90.777,0.000,0.0,679213.0
2026-09-01T04:30:16,0.3,6564,1547350,1529186,0.4,0.00,1.99,0.00,11.92,0.00,0.00,0.00,10667.0,95830.0,84684.0,0.0,0.0,0.5,0.0,90.339,0.000,0.0,700748.0
2026-09-01T04:30:17,0.8,6702,1547350,1529047,0.4,0.00,1.01,0.00,4.03,0.00,0.00,0.00,13297.0,95830.0,82054.0,55.0,9.5,0.5,50.0,148.030,0.000,0.0,700748.0
2026-09-01T04:30:18,1.2,6953,1547350,1528796,0.4,0.00,1.00,0.00,4.00,0.00,0.00,0.00,13297.0,95830.0,82054.0,88.0,0.0,0.5,0.0,177.487,0.325,0.3,134191861.5
2026-09-01T04:30:19,0.2,6955,1547350,1528794,0.4,0.00,0.99,0.00,3.97,0.00,0.00,0.00,13309.0,95830.0,82042.0,0.0,0.0,0.5,0.0,90.316,0.000,0.0,663531.5
2026-09-01T04:30:20,0.2,6956,1547350,1528793,0.4,0.00,1.03,0.00,4.13,0.00,1.00,0.00,13309.0,95830.0,82042.0,0.0,0.0,0.5,0.0,89.913,0.000,0.0,672803.5
2026-09-01T04:30:21,0.2,6957,1547350,1528793,0.4,0.00,0.86,0.00,3.45,0.00,0.00,0.00,13309.0,95830.0,82042.0,0.0,0.0,0.5,0.0,89.581,0.000,0.0,669719.0
2026-09-01T04:30:22,0.2,6958,1547350,1528792,0.4,0.00,0.82,0.00,3.29,0.00,0.00,0.00,13309.0,95830.0,82042.0,0.0,0.0,0.5,0.0,89.251,0.000,0.0,677422.5
2026-09-01T04:30:24,0.2,6958,1547350,1528791,0.4,0.00,0.75,0.00,3.00,0.00,0.00,0.00,13309.0,95830.0,82042.0,0.0,0.0,0.5,0.0,88.998,0.000,0.0,669614.0
2026-09-01T04:30:25,0.2,6958,1547350,1528792,0.4,0.00,0.90,0.00,3.60,0.00,0.00,0.00,13309.0,95830.0,82042.0,0.0,0.0,0.5,0.0,88.954,0.000,0.0,669614.0
2026-09-01T04:30:26,0.2,6958,1547350,1528792,0.4,0.00,1.37,0.00,5.49,0.00,0.00,0.00,13309.0,95830.0,82042.0,0.0,0.0,0.5,0.0,88.847,0.000,0.0,702143.5
2026-09-01T04:30:27,0.2,6958,1547350,1528792,0.4,0.00,0.90,0.00,3.59,0.00,0.00,0.09,13309.0,95830.0,82042.0,0.0,0.0,0.5,0.0,88.576,0.000,0.0,676283.0
2026-09-01T04:30:28,0.2,6958,1547350,1528792,0.4,0.00,0.87,0.00,3.50,0.00,0.00,0.00,13309.0,95830.0,82042.0,0.0,0.0,0.5,0.0,88.333,0.000,0.0,673742.5
2026-09-01T04:30:29,0.4,6959,1547350,1528790,0.4,0.00,0.87,0.00,3.50,0.00,0.00,0.00,13309.0,95830.0,82042.0,0.0,0.0,0.5,0.0,88.318,0.000,0.0,673742.5
2026-09-01T04:30:29,0.4,6959,1547350,1528790,0.4,0.00,2.11,0.00,8.44,0.00,0.00,0.00,13309.0,95830.0,82042.0,0.0,0.0,0.5,0.0,88.293,0.000,0.0,715868.5
2026-09-01T04:30:31,0.2,6960,1547350,1528790,0.4,0.00,0.87,0.00,3.50,0.00,0.00,0.00,13309.0,95830.0,82042.0,0.0,0.0,0.5,0.0,88.096,0.000,0.0,673504.5
2026-09-01T04:30:32,0.2,6959,1547350,1528791,0.4,0.00,1.00,0.00,4.00,0.00,0.00,0.00,13309.0,95830.0,82042.0,0.0,0.0,0.5,0.0,88.062,0.000,0.0,673504.5
2026-09-01T04:30:33,0.2,6960,1547350,1528790,0.4,0.00,1.00,0.00,4.01,0.00,0.00,0.00,13309.0,95830.0,82042.0,0.0,0.0,0.5,0.0,88.017,0.001,0.0,2191587.5
2026-09-01T04:30:34,0.2,6977,1547350,1528773,0.5,0.00,4.54,0.00,49.90,0.00,0.00,0.00,13311.0,95830.0,82040.0,0.0,0.0,0.5,0.0,87.932,0.002,0.0,4160395.5
2026-09-01T04:30:36,0.2,6978,1547350,1528771,0.5,0.00,4.44,0.00,17.75,0.00,0.17,0.00,13311.0,95830.0,82040.0,0.0,0.0,0.5,0.0,87.695,0.000,0.0,676882.5
2026-09-01T04:30:37,0.5,6673,1547350,1529332,0.4,0.00,0.81,0.00,3.25,0.00,0.00,0.00,13311.0,95830.0,82040.0,0.0,0.0,0.5,0.0,87.722,0.000,0.0,676882.5
2026-09-01T04:30:37,1.3,6671,1547350,1529334,0.4,0.00,3.73,0.00,14.93,0.00,0.00,0.00,11703.0,95830.0,83648.0,0.0,0.0,0.5,1.0,87.674,0.000,0.0,676882.5
