timestamp,cpu_util_pct,ram_used_mb,ram_total_mb,ram_avail_mb,ram_used_pct,disk_r_s,disk_w_s,disk_rkB_s,disk_wkB_s,disk_r_await_ms,disk_w_await_ms,disk_util_pct,gpu_mem_used_mb,gpu_mem_total_mb,gpu_mem_free_mb,gpu_util_pct,dcgmi_power_w,dcgmi_gpu_util_pct,dcgmi_mem_copy_util_pct,dcgmi_gr_active,dcgmi_sm_active,dcgmi_pcie_tx_bytes,dcgmi_pcie_rx_bytes
2026-09-01T05:24:16,0.2,4820,1547350,1531349,0.3,0.00,0.00,0.00,0.00,0.00,0.00,0.00,3960.0,95830.0,91392.0,0.0,0.0,0.5,0.0,79.920,0.000,0.0,0.0
2026-09-01T05:24:17,0.2,4822,1547350,1531347,0.3,0.00,3.86,0.00,15.42,0.00,0.20,0.00,3960.0,95830.0,91392.0,0.0,0.0,0.5,0.0,79.956,0.000,0.0,0.0
2026-09-01T05:24:19,0.2,4824,1547350,1531346,0.3,0.00,0.72,0.00,2.86,0.00,0.00,0.00,3960.0,95830.0,91392.0,0.0,0.0,0.5,0.0,79.991,0.000,0.0,602357.0
2026-09-01T05:24:20,0.2,4825,1547350,1531345,0.3,0.00,1.01,0.00,4.04,0.00,0.00,0.00,3960.0,95830.0,91392.0,0.0,0.0,0.5,0.0,79.990,0.000,0.0,696006.5
2026-09-01T05:24:21,1.3,4827,1547350,1531343,0.3,0.00,0.79,0.00,3.16,0.00,0.00,0.00,3960.0,95830.0,91392.0,0.0,0.0,0.5,0.0,79.940,0.000,0.0,701761.0
2026-09-01T05:24:22,0.2,4832,1547350,1531338,0.3,0.00,2.18,0.00,8.73,0.00,0.00,0.00,3960.0,95830.0,91392.0,0.0,0.0,0.5,0.0,79.986,0.000,0.0,712951.0
2026-09-01T05:24:23,0.2,4834,1547350,1531335,0.3,0.00,0.84,0.00,3.36,0.00,0.00,0.08,3960.0,95830.0,91392.0,0.0,0.0,0.5,0.0,80.041,0.000,0.0,686833.5
2026-09-01T05:24:24,0.2,4836,1547350,1531334,0.3,0.00,0.87,0.00,3.47,0.00,0.00,0.00,3960.0,95830.0,91392.0,0.0,0.0,0.5,0.0,80.028,0.000,0.0,686833.5
2026-09-01T05:24:25,0.3,4836,1547350,1531334,0.3,0.00,1.91,0.00,7.63,0.00,0.00,0.00,3960.0,95830.0,91392.0,0.0,0.0,0.5,0.0,80.007,0.000,0.0,736318.0
2026-09-01T05:24:26,0.2,4836,1547350,1531334,0.3,0.00,2.65,0.00,23.87,0.00,0.00,0.00,3960.0,95830.0,91392.0,0.0,0.0,0.5,0.0,80.041,0.000,0.0,736318.0
2026-09-01T05:24:26,0.2,4835,1547350,1531334,0.3,0.00,1.24,0.00,4.96,0.00,1.00,0.00,3960.0,95830.0,91392.0,0.0,0.0,0.5,0.0,80.067,0.000,0.0,684084.5
2026-09-01T05:24:28,0.2,4836,1547350,1531334,0.3,0.00,1.35,0.00,5.41,0.00,0.00,0.00,3960.0,95830.0,91392.0,0.0,0.0,0.5,0.0,80.027,0.000,0.0,654560.5
2026-09-01T05:24:30,0.2,4836,1547350,1531334,0.3,0.00,0.62,0.00,2.50,0.00,0.00,0.00,3960.0,95830.0,91392.0,0.0,0.0,0.5,0.0,79.989,0.000,0.0,660048.5
2026-09-01T05:24:31,0.2,4836,1547350,1531334,0.3,0.00,0.72,0.00,2.90,0.00,0.00,0.00,3960.0,95830.0,91392.0,0.0,0.0,0.5,0.0,80.102,0.000,0.0,658915.5
2026-09-01T05:24:32,0.2,4837,1547350,1531333,0.3,0.00,0.67,0.00,2.69,0.00,0.00,0.00,3960.0,95830.0,91392.0,0.0,0.0,0.5,0.0,80.154,0.000,0.0,658915.5
2026-09-01T05:24:33,0.2,4838,1547350,1531332,0.3,0.00,3.98,0.00,15.92,0.00,0.00,0.00,3960.0,95830.0,91392.0,0.0,0.0,0.5,0.0,80.142,0.000,0.0,692577.5
2026-09-01T05:24:34,0.2,4839,1547350,1531331,0.3,0.00,1.04,0.00,4.16,0.00,0.00,0.00,3960.0,95830.0,91392.0,0.0,0.0,0.5,0.0,80.144,0.000,0.0,669085.0
2026-09-01T05:24:36,0.2,4840,1547350,1531330,0.3,0.00,0.65,0.00,2.61,0.00,0.00,0.00,3960.0,95830.0,91392.0,0.0,0.0,0.5,0.0,80.190,0.000,0.0,651769.5
2026-09-01T05:24:37,0.2,4840,1547350,1531329,0.3,0.00,0.61,0.00,2.45,0.00,0.00,0.00,3960.0,95830.0,91392.0,0.0,0.0,0.5,0.0,80.216,0.000,0.0,672846.0
2026-09-01T05:24:38,0.2,4842,1547350,1531328,0.3,0.00,0.96,0.00,3.84,0.00,0.00,0.00,3960.0,95830.0,91392.0,0.0,0.0,0.5,0.0,80.206,0.000,0.0,687303.0
2026-09-01T05:24:39,0.2,4842,1547350,1531328,0.3,0.00,0.99,0.00,3.95,0.00,0.00,0.00,3960.0,95830.0,91392.0,0.0,0.0,0.5,0.0,80.212,0.000,0.0,687303.0
2026-09-01T05:24:40,0.2,4842,1547350,1531328,0.3,0.00,2.15,0.00,8.61,0.00,0.00,0.00,3960.0,95830.0,91392.0,0.0,0.0,0.5,0.0,80.192,0.000,0.0,682954.5
2026-09-01T05:24:42,0.2,4842,1547350,1531328,0.3,0.00,0.70,0.00,2.81,0.00,0.00,0.00,3960.0,95830.0,91392.0,0.0,0.0,0.5,0.0,80.239,0.000,0.0,661781.5
2026-09-01T05:24:43,0.2,4843,1547350,1531327,0.3,0.00,0.62,0.00,2.46,0.00,0.00,0.00,3960.0,95830.0,91392.0,0.0,0.0,0.5,0.0,80.233,0.000,0.0,674290.5
2026-09-01T05:24:45,0.2,4844,1547350,1531326,0.3,0.00,0.84,0.00,3.37,0.00,0.00,0.00,3960.0,95830.0,91392.0,0.0,0.0,0.5,0.0,80.254,0.000,0.0,676434.5
2026-09-01T05:24:46,0.2,4845,1547350,1531325,0.3,0.00,1.76,0.00,7.04,0.00,0.50,0.00,3960.0,95830.0,91392.0,0.0,0.0,0.5,0.0,80.263,0.000,0.0,676434.5
2026-09-01T05:24:46,0.2,4843,1547350,1531326,0.3,0.00,1.21,0.00,4.85,0.00,0.00,0.00,3960.0,95830.0,91392.0,0.0,0.0,0.5,0.0,80.298,0.000,0.0,709301.0
2026-09-01T05:24:47,0.2,4843,1547350,1531327,0.3,0.00,1.25,0.00,5.02,0.00,0.00,0.00,3960.0,95830.0,91392.0,0.0,0.0,0.5,0.0,80.290,0.000,0.0,676299.5
2026-09-01T05:24:48,0.2,4845,1547350,1531325,0.3,0.00,0.86,0.00,3.45,0.00,0.00,0.00,3960.0,95830.0,91392.0,0.0,0.0,0.5,0.0,80.315,0.000,0.0,676299.5
2026-09-01T05:24:49,0.2,4845,1547350,1531325,0.3,0.00,1.22,0.00,4.88,0.00,0.00,0.00,3960.0,95830.0,91392.0,0.0,0.0,0.5,0.0,80.270,0.000,0.0,650158.5
2026-09-01T05:24:53,0.1,4845,1547350,1531324,0.3,0.00,0.49,0.00,1.96,0.00,0.00,0.02,3960.0,95830.0,91392.0,0.0,0.0,0.5,0.0,80.287,0.000,0.0,655234.5
2026-09-01T05:24:54,0.3,4845,1547350,1531325,0.3,0.00,1.99,0.00,7.95,0.00,0.00,0.00,3960.0,95830.0,91392.0,0.0,0.0,0.5,0.0,80.439,0.000,0.0,724941.0
2026-09-01T05:24:59,0.1,4844,1547350,1531326,0.3,0.00,2.94,0.00,34.04,0.00,0.07,0.00,3960.0,95830.0,91392.0,0.0,0.0,0.5,0.0,80.456,0.000,0.0,624424.5
2026-09-01T05:24:59,0.2,4845,1547350,1531325,0.3,0.00,1.21,0.00,4.84,0.00,0.00,0.00,3960.0,95830.0,91392.0,0.0,0.0,0.5,0.0,80.492,0.000,0.0,624424.5
2026-09-01T05:25:00,0.2,4846,1547350,1531324,0.3,0.00,1.90,0.00,7.62,0.00,0.00,0.00,3960.0,95830.0,91392.0,0.0,0.0,0.5,0.0,80.460,0.000,0.0,698564.5
2026-09-01T05:25:01,0.2,4848,1547350,1531322,0.3,0.00,0.83,0.00,3.31,0.00,0.00,0.00,3960.0,95830.0,91392.0,0.0,0.0,0.5,0.0,80.426,0.000,0.0,672198.0
2026-09-01T05:25:02,0.3,4849,1547350,1531321,0.3,0.00,0.77,0.00,3.09,0.00,0.00,0.00,3960.0,95830.0,91392.0,0.0,0.0,0.5,0.0,80.440,0.000,0.0,673732.5
2026-09-01T05:25:04,0.2,4850,1547350,1531320,0.3,0.00,7.18,0.00,28.71,0.00,0.11,0.08,3960.0,95830.0,91392.0,0.0,0.0,0.5,0.0,80.459,0.000,0.0,674351.5
2026-09-01T05:25:05,0.2,4850,1547350,1531320,0.3,0.00,0.95,0.00,3.78,0.00,0.00,0.00,3960.0,95830.0,91392.0,0.0,0.0,0.5,0.0,80.448,0.000,0.0,667148.5
2026-09-01T05:25:06,0.2,4850,1547350,1531320,0.3,0.00,0.64,0.00,2.57,0.00,0.00,0.06,3960.0,95830.0,91392.0,0.0,0.0,0.5,0.0,80.478,0.000,0.0,663944.0
2026-09-01T05:25:08,0.2,4851,1547350,1531319,0.3,0.00,0.76,0.00,3.04,0.00,0.00,0.00,3960.0,95830.0,91392.0,0.0,0.0,0.5,0.0,80.453,0.000,0.0,664079.0
2026-09-01T05:25:09,0.2,4851,1547350,1531318,0.3,0.00,1.50,0.00,6.00,0.00,0.00,0.00,3960.0,95830.0,91392.0,0.0,0.0,0.5,0.0,80.482,0.000,0.0,672820.5
2026-09-01T05:25:10,0.2,4853,1547350,1531317,0.3,0.00,0.97,0.00,3.88,0.00,0.00,0.00,3960.0,95830.0,91392.0,0.0,0.0,0.5,0.0,80.522,0.000,0.0,665379.0
2026-09-01T05:25:12,0.2,4854,1547350,1531316,0.3,0.00,0.66,0.00,2.64,0.00,1.00,0.00,3960.0,95830.0,91392.0,0.0,0.0,0.5,0.0,80.452,0.000,0.0,667711.5
2026-09-01T05:25:13,0.2,4856,1547350,1531314,0.3,0.00,0.74,0.00,2.96,0.00,0.00,0.00,3960.0,95830.0,91392.0,0.0,0.0,0.5,0.0,80.476,0.000,0.0,687328.0
2026-09-01T05:25:14,0.2,4857,1547350,1531313,0.3,0.00,3.92,0.00,23.51,0.00,0.00,0.00,3960.0,95830.0,91392.0,0.0,0.0,0.5,0.0,80.507,0.000,0.0,672434.5
2026-09-01T05:25:15,0.2,4858,1547350,1531311,0.3,0.00,0.90,0.00,3.60,0.00,0.00,0.00,3960.0,95830.0,91392.0,0.0,0.0,0.5,0.0,80.523,0.000,0.0,663298.0
2026-09-01T05:25:16,0.2,4859,1547350,1531311,0.3,0.00,0.68,0.00,2.72,0.00,0.00,0.00,3960.0,95830.0,91392.0,0.0,0.0,0.5,0.0,80.560,0.000,0.0,672202.0
2026-09-01T05:25:17,0.2,4860,1547350,1531310,0.3,0.00,1.01,0.00,4.06,0.00,0.00,0.00,3960.0,95830.0,91392.0,0.0,0.0,0.5,0.0,80.558,0.000,0.0,672202.0
2026-09-01T05:25:18,0.2,4860,1547350,1531310,0.3,0.00,1.26,0.00,5.05,0.00,0.00,0.00,3960.0,95830.0,91392.0,0.0,0.0,0.5,0.0,80.588,0.000,0.0,683921.0
2026-09-01T05:25:20,0.2,4860,1547350,1531310,0.3,0.00,0.65,0.00,2.61,0.00,0.00,0.00,3960.0,95830.0,91392.0,0.0,0.0,0.5,0.0,80.597,0.000,0.0,698761.5
2026-09-01T05:25:21,0.2,4860,1547350,1531310,0.3,0.00,2.20,0.00,8.80,0.00,0.00,0.00,3960.0,95830.0,91392.0,0.0,0.0,0.5,0.0,80.604,0.000,0.0,698761.5
2026-09-01T05:25:22,0.2,4860,1547350,1531309,0.3,0.00,1.05,0.00,4.20,0.00,0.00,0.00,3960.0,95830.0,91392.0,0.0,0.0,0.5,0.0,80.584,0.000,0.0,714932.5
2026-09-01T05:25:22,0.2,4861,1547350,1531309,0.3,0.00,1.22,0.00,4.87,0.00,0.00,0.00,3960.0,95830.0,91392.0,0.0,0.0,0.5,0.0,80.618,0.000,0.0,663019.5
2026-09-01T05:25:24,0.2,4860,1547350,1531310,0.3,0.00,0.84,0.00,3.36,0.00,0.00,0.00,3960.0,95830.0,91392.0,0.0,0.0,0.5,0.0,80.655,0.000,0.0,660169.0
2026-09-01T05:25:25,0.2,4860,1547350,1531309,0.3,0.00,0.60,0.00,2.41,0.00,0.00,0.00,3960.0,95830.0,91392.0,0.0,0.0,0.5,0.0,80.703,0.000,0.0,649455.0
2026-09-01T05:25:27,0.2,4861,1547350,1531309,0.3,0.00,1.18,0.00,12.70,0.00,0.50,0.00,3960.0,95830.0,91392.0,0.0,0.0,0.5,0.0,80.686,0.000,0.0,665370.5
2026-09-01T05:25:28,0.2,4862,1547350,1531308,0.3,0.00,0.76,0.00,3.04,0.00,0.00,0.00,3960.0,95830.0,91392.0,0.0,0.0,0.5,0.0,80.710,0.000,0.0,665370.5
2026-09-01T05:25:29,0.2,4862,1547350,1531307,0.3,0.00,1.29,0.00,5.17,0.00,0.00,0.00,3960.0,95830.0,91392.0,0.0,0.0,0.5,0.0,80.724,0.000,0.0,704943.5
2026-09-01T05:25:30,0.2,4862,1547350,1531307,0.3,0.00,1.06,0.00,4.26,0.00,0.00,0.00,3960.0,95830.0,91392.0,0.0,0.0,0.5,0.0,80.737,0.000,0.0,704943.5
2026-09-01T05:25:31,0.2,4864,1547350,1531306,0.3,0.00,0.89,0.00,3.56,0.00,0.00,0.00,3960.0,95830.0,91392.0,0.0,0.0,0.5,0.0,80.687,0.000,0.0,736093.0
2026-09-01T05:25:33,0.2,4864,1547350,1531306,0.3,0.00,0.56,0.00,2.25,0.00,0.00,0.00,3960.0,95830.0,91392.0,0.0,0.0,0.5,0.0,80.729,0.000,0.0,656174.0
2026-09-01T05:25:35,0.2,4865,1547350,1531305,0.3,0.00,0.62,0.00,2.48,0.00,0.00,0.00,3960.0,95830.0,91392.0,0.0,0.0,0.5,0.0,80.669,0.000,0.0,663262.0
2026-09-01T05:25:36,0.2,4864,1547350,1531306,0.3,0.00,0.87,0.00,3.48,0.00,0.00,0.00,3960.0,95830.0,91392.0,0.0,0.0,0.5,0.0,80.721,0.000,0.0,684572.5
2026-09-01T05:25:37,0.2,4863,1547350,1531306,0.3,0.00,0.92,0.00,3.66,0.00,0.00,0.00,3960.0,95830.0,91392.0,0.0,0.0,0.5,0.0,80.730,0.000,0.0,662326.5
2026-09-01T05:25:38,0.2,4865,1547350,1531305,0.3,0.00,0.71,0.00,2.83,0.00,0.00,0.07,3960.0,95830.0,91392.0,0.0,0.0,0.5,0.0,80.663,0.000,0.0,672169.5
2026-09-01T05:25:40,0.2,4865,1547350,1531304,0.3,0.00,0.65,0.00,2.59,0.00,0.00,0.00,3960.0,95830.0,91392.0,0.0,0.0,0.5,0.0,80.717,0.000,0.0,685938.0
2026-09-01T05:25:41,0.2,4865,1547350,1531305,0.3,0.00,1.22,0.00,4.87,0.00,0.00,0.00,3960.0,95830.0,91392.0,0.0,0.0,0.5,0.0,80.691,0.000,0.0,687592.0
2026-09-01T05:25:42,0.2,4864,1547350,1531306,0.3,0.00,0.97,0.00,3.87,0.00,0.00,0.00,3960.0,95830.0,91392.0,0.0,0.0,0.5,0.0,80.768,0.000,0.0,657545.0
2026-09-01T05:25:43,0.2,4864,1547350,1531305,0.3,0.00,0.55,0.00,2.18,0.00,0.00,0.00,3960.0,95830.0,91392.0,0.0,0.0,0.5,0.0,80.779,0.000,0.0,634206.0
2026-09-01T05:25:45,0.2,4864,1547350,1531305,0.3,0.00,0.68,0.00,2.72,0.00,0.00,0.00,3960.0,95830.0,91392.0,0.0,0.0,0.5,0.0,80.756,0.000,0.0,705208.0
2026-09-01T05:25:46,0.2,4866,1547350,1531304,0.3,0.00,0.90,0.00,3.60,0.00,0.00,0.00,3960.0,95830.0,91392.0,0.0,0.0,0.5,0.0,80.797,0.000,0.0,669945.5
2026-09-01T05:25:47,0.2,4867,1547350,1531302,0.3,0.00,0.72,0.00,2.88,0.00,0.00,0.00,3960.0,95830.0,91392.0,0.0,0.0,0.5,0.0,80.749,0.000,0.0,709842.5
2026-09-01T05:25:49,0.2,4866,1547350,1531304,0.3,0.00,0.91,0.00,3.64,0.00,0.00,0.00,3960.0,95830.0,91392.0,0.0,0.0,0.5,0.0,80.794,0.000,0.0,675584.5
2026-09-01T05:25:50,0.2,4867,1547350,1531302,0.3,0.00,0.86,0.00,3.43,0.00,0.00,0.00,3960.0,95830.0,91392.0,0.0,0.0,0.5,0.0,80.814,0.000,0.0,677461.5
2026-09-01T05:25:51,0.2,4867,1547350,1531303,0.3,0.00,0.89,0.00,3.56,0.00,1.00,0.00,3960.0,95830.0,91392.0,0.0,0.0,0.5,0.0,80.852,0.000,0.0,677461.5
2026-09-01T05:25:52,0.2,4867,1547350,1531303,0.3,0.00,2.45,0.00,9.82,0.00,0.00,0.00,3960.0,95830.0,91392.0,0.0,0.0,0.5,0.0,80.847,0.000,0.0,687470.5
2026-09-01T05:25:53,0.2,4868,1547350,1531302,0.3,0.00,0.76,0.00,3.03,0.00,0.00,0.00,3960.0,95830.0,91392.0,0.0,0.0,0.5,0.0,80.873,0.000,0.0,687470.5
2026-09-01T05:25:53,0.3,4868,1547350,1531302,0.3,0.00,1.98,0.00,7.92,0.00,0.00,0.00,3960.0,95830.0,91392.0,0.0,0.0,0.5,0.0,80.823,0.000,0.0,754804.5
2026-09-01T05:25:54,0.2,4868,1547350,1531302,0.3,0.00,1.64,0.00,6.58,0.00,0.00,0.00,3960.0,95830.0,91392.0,0.0,0.0,0.5,0.0,80.924,0.000,0.0,667701.5
2026-09-01T05:25:55,0.2,4868,1547350,1531302,0.3,0.00,0.72,0.00,2.86,0.00,0.00,0.00,3960.0,95830.0,91392.0,0.0,0.0,0.5,0.0,80.963,0.000,0.0,660357.0
2026-09-01T05:25:57,0.2,4868,1547350,1531302,0.3,0.00,8.58,0.00,101.86,0.00,0.08,0.00,3960.0,95830.0,91392.0,0.0,0.0,0.5,0.0,80.946,0.000,0.0,660357.0
2026-09-01T05:25:58,0.2,4868,1547350,1531301,0.3,0.00,1.31,0.00,5.24,0.00,0.00,0.00,3960.0,95830.0,91392.0,0.0,0.0,0.5,0.0,80.981,0.000,0.0,704344.5
2026-09-01T05:25:58,0.2,4868,1547350,1531302,0.3,0.00,1.16,0.00,4.64,0.00,0.00,0.00,3960.0,95830.0,91392.0,0.0,0.0,0.5,0.0,80.944,0.000,0.0,704344.5
2026-09-01T05:25:59,0.2,4867,1547350,1531302,0.3,0.00,1.48,0.00,5.93,0.00,0.00,0.00,3960.0,95830.0,91392.0,0.0,0.0,0.5,0.0,80.923,0.000,0.0,724689.0
2026-09-01T05:26:00,0.2,4868,1547350,1531302,0.3,0.00,1.52,0.00,6.06,0.00,0.00,0.00,3960.0,95830.0,91392.0,0.0,0.0,0.5,0.0,80.972,0.000,0.0,677247.5
2026-09-01T05:26:01,0.3,4873,1547350,1531297,0.3,0.00,0.79,0.00,3.16,0.00,0.00,0.00,3960.0,95830.0,91392.0,0.0,0.0,0.5,0.0,80.974,0.000,0.0,658216.0
2026-09-01T05:26:03,0.2,4875,1547350,1531295,0.3,0.00,1.23,0.00,4.94,0.00,0.00,0.06,3960.0,95830.0,91392.0,0.0,0.0,0.5,0.0,80.978,0.000,0.0,662489.5
2026-09-01T05:26:04,0.2,4875,1547350,1531295,0.3,0.00,0.75,0.00,3.01,0.00,0.00,0.00,3960.0,95830.0,91392.0,0.0,0.0,0.5,0.0,80.943,0.000,0.0,698543.5
2026-09-01T05:26:05,0.2,4874,1547350,1531295,0.3,0.00,0.86,0.00,3.43,0.00,0.00,0.00,3960.0,95830.0,91392.0,0.0,0.0,0.5,0.0,80.976,0.000,0.0,698543.5
2026-09-01T05:26:06,0.2,4875,1547350,1531294,0.3,0.00,1.09,0.00,4.34,0.00,0.00,0.00,3960.0,95830.0,91392.0,0.0,0.0,0.5,0.0,80.939,0.000,0.0,687698.5
2026-09-01T05:26:07,0.2,4875,1547350,1531295,0.3,0.00,0.86,0.00,3.43,0.00,0.00,0.00,3960.0,95830.0,91392.0,0.0,0.0,0.5,0.0,80.951,0.000,0.0,644658.5
2026-09-01T05:26:09,0.2,4875,1547350,1531295,0.3,0.00,0.70,0.00,2.78,0.00,0.00,0.00,3960.0,95830.0,91392.0,0.0,0.0,0.5,0.0,80.945,0.000,0.0,644658.5
2026-09-01T05:26:09,0.2,4875,1547350,1531295,0.3,0.00,1.40,0.00,5.59,0.00,1.00,0.00,3960.0,95830.0,91392.0,0.0,0.0,0.5,0.0,80.976,0.000,0.0,758057.5
2026-09-01T05:26:10,0.2,4875,1547350,1531295,0.3,0.00,1.15,0.00,4.61,0.00,0.00,0.00,3960.0,95830.0,91392.0,0.0,0.0,0.5,0.0,80.980,0.000,0.0,758057.5
2026-09-01T05:26:11,0.2,4872,1547350,1531298,0.3,0.00,1.05,0.00,4.22,0.00,0.00,0.00,3960.0,95830.0,91392.0,0.0,0.0,0.5,0.0,80.944,0.000,0.0,665695.5
2026-09-01T05:26:13,0.2,4872,1547350,1531298,0.3,0.00,0.55,0.00,2.21,0.00,0.00,0.00,3960.0,95830.0,91392.0,0.0,0.0,0.5,0.0,80.963,0.000,0.0,666320.5
2026-09-01T05:26:14,0.2,4872,1547350,1531298,0.3,0.00,0.74,0.00,2.97,0.00,0.00,0.00,3960.0,95830.0,91392.0,0.0,0.0,0.5,0.0,80.969,0.000,0.0,664660.0
2026-09-01T05:26:16,0.2,4872,1547350,1531298,0.3,0.00,0.77,0.00,3.10,0.00,0.00,0.00,3960.0,95830.0,91392.0,0.0,0.0,0.5,0.0,80.925,0.000,0.0,664660.0
2026-09-01T05:26:17,0.2,4872,1547350,1531298,0.3,0.00,0.89,0.00,3.56,0.00,0.00,0.00,3960.0,95830.0,91392.0,0.0,0.0,0.5,0.0,80.987,0.000,0.0,671731.5
2026-09-01T05:26:18,0.2,4871,1547350,1531299,0.3,0.00,0.76,0.00,3.06,0.00,0.00,0.00,3960.0,95830.0,91392.0,0.0,0.0,0.5,0.0,80.992,0.000,0.0,669124.5
2026-09-01T05:26:20,0.2,4872,1547350,1531298,0.3,0.00,0.60,0.00,2.39,0.00,0.00,0.00,3960.0,95830.0,91392.0,0.0,0.0,0.5,0.0,80.948,0.000,0.0,678473.5
2026-09-01T05:26:21,0.2,4872,1547350,1531297,0.3,0.00,0.71,0.00,2.83,0.00,0.00,0.00,3960.0,95830.0,91392.0,0.0,0.0,0.5,0.0,80.950,0.000,0.0,663191.5
2026-09-01T05:26:23,0.2,4875,1547350,1531294,0.3,0.00,1.89,0.00,7.54,0.00,0.00,0.00,3960.0,95830.0,91392.0,0.0,0.0,0.5,0.0,80.909,0.000,0.0,657651.5
2026-09-01T05:26:24,0.2,4876,1547350,1531294,0.3,0.00,0.60,0.00,2.39,0.00,0.00,0.00,3960.0,95830.0,91392.0,0.0,0.0,0.5,0.0,81.019,0.000,0.0,655742.5
2026-09-01T05:26:26,0.2,4876,1547350,1531293,0.3,0.00,0.65,0.00,2.62,0.00,0.00,0.00,3960.0,95830.0,91392.0,0.0,0.0,0.5,0.0,80.942,0.000,0.0,684117.0
2026-09-01T05:26:27,0.2,4877,1547350,1531293,0.3,0.00,1.79,0.00,19.20,0.00,0.00,0.00,3960.0,95830.0,91392.0,0.0,0.0,0.5,0.0,80.983,0.000,0.0,684117.0
2026-09-01T05:26:28,0.2,4877,1547350,1531293,0.3,0.00,1.76,0.00,7.04,0.00,0.00,0.00,3960.0,95830.0,91392.0,0.0,0.0,0.5,0.0,80.989,0.000,0.0,733551.0
2026-09-01T05:26:28,0.2,4877,1547350,1531292,0.3,0.00,1.74,0.00,6.96,0.00,0.00,0.00,3960.0,95830.0,91392.0,0.0,0.0,0.5,0.0,80.977,0.000,0.0,673250.0
2026-09-01T05:26:30,0.2,4878,1547350,1531292,0.3,0.00,0.70,0.00,2.81,0.00,0.00,0.00,3960.0,95830.0,91392.0,0.0,0.0,0.5,0.0,81.029,0.000,0.0,653409.0
2026-09-01T05:26:31,0.2,4878,1547350,1531292,0.3,0.00,0.58,0.00,2.32,0.00,1.00,0.00,3960.0,95830.0,91392.0,0.0,0.0,0.5,0.0,81.035,0.000,0.0,649592.0
2026-09-01T05:26:33,0.2,4877,1547350,1531293,0.3,0.00,3.97,0.00,15.89,0.00,0.00,0.00,3960.0,95830.0,91392.0,0.0,0.0,0.5,0.0,81.044,0.000,0.0,649592.0
2026-09-01T05:26:33,0.2,4877,1547350,1531293,0.3,0.00,1.78,0.00,7.13,0.00,0.00,0.18,3960.0,95830.0,91392.0,0.0,0.0,0.5,0.0,80.981,0.000,0.0,780247.5
2026-09-01T05:26:35,0.2,4878,1547350,1531291,0.3,0.00,0.63,0.00,2.52,0.00,0.00,0.00,3960.0,95830.0,91392.0,0.0,0.0,0.5,0.0,81.050,0.000,0.0,685890.0
2026-09-01T05:26:37,0.2,4879,1547350,1531291,0.3,0.00,0.69,0.00,2.77,0.00,0.00,0.00,3960.0,95830.0,91392.0,0.0,0.0,0.5,0.0,81.084,0.000,0.0,685890.0
2026-09-01T05:26:38,0.2,4878,1547350,1531292,0.3,0.00,0.97,0.00,3.88,0.00,0.00,0.00,3960.0,95830.0,91392.0,0.0,0.0,0.5,0.0,81.110,0.000,0.0,688133.0
2026-09-01T05:26:39,0.2,4880,1547350,1531290,0.3,0.00,1.05,0.00,4.21,0.00,0.00,0.00,3960.0,95830.0,91392.0,0.0,0.0,0.5,0.0,81.150,0.000,0.0,688133.0
2026-09-01T05:26:39,0.2,4880,1547350,1531290,0.3,0.00,1.20,0.00,4.81,0.00,0.00,0.00,3960.0,95830.0,91392.0,0.0,0.0,0.5,0.0,81.138,0.000,0.0,690451.0
2026-09-01T05:26:41,0.2,4880,1547350,1531290,0.3,0.00,0.61,0.00,2.44,0.00,0.00,0.00,3960.0,95830.0,91392.0,0.0,0.0,0.5,0.0,81.118,0.000,0.0,649612.5
2026-09-01T05:26:43,0.2,4882,1547350,1531288,0.3,0.00,1.02,0.00,4.07,0.00,0.00,0.00,3960.0,95830.0,91392.0,0.0,0.0,0.5,0.0,81.147,0.000,0.0,693841.5
2026-09-01T05:26:44,0.2,4882,1547350,1531288,0.3,0.00,1.64,0.00,6.56,0.00,0.00,0.00,3960.0,95830.0,91392.0,0.0,0.0,0.5,0.0,81.102,0.000,0.0,713106.0
2026-09-01T05:26:45,0.2,4882,1547350,1531288,0.3,0.00,0.60,0.00,2.40,0.00,0.00,0.00,3960.0,95830.0,91392.0,0.0,0.0,0.5,0.0,81.121,0.000,0.0,648876.0
2026-09-01T05:26:47,0.2,4883,1547350,1531287,0.3,0.00,0.65,0.00,2.58,0.00,0.00,0.00,3960.0,95830.0,91392.0,0.0,0.0,0.5,0.0,81.102,0.000,0.0,669917.0
2026-09-01T05:26:48,1.5,4883,1547350,1531287,0.3,0.00,0.88,0.00,3.52,0.00,1.00,0.00,3960.0,95830.0,91392.0,0.0,0.0,0.5,0.0,81.113,0.000,0.0,679862.0
2026-09-01T05:26:49,0.2,4884,1547350,1531286,0.3,0.00,0.76,0.00,3.05,0.00,0.00,0.00,3960.0,95830.0,91392.0,0.0,0.0,0.5,0.0,81.129,0.000,0.0,667683.5
2026-09-01T05:26:50,0.2,4885,1547350,1531285,0.3,0.00,0.81,0.00,3.23,0.00,0.00,0.00,3960.0,95830.0,91392.0,0.0,0.0,0.5,0.0,81.102,0.000,0.0,695604.5
2026-09-01T05:26:52,0.2,4886,1547350,1531284,0.3,0.00,0.93,0.00,3.74,0.00,0.00,0.00,3960.0,95830.0,91392.0,0.0,0.0,0.5,0.0,81.166,0.000,0.0,667386.5
2026-09-01T05:26:53,0.2,4886,1547350,1531283,0.3,0.00,0.67,0.00,2.70,0.00,0.00,0.00,3960.0,95830.0,91392.0,0.0,0.0,0.5,0.0,81.126,0.000,0.0,680330.0
2026-09-01T05:26:54,0.2,4886,1547350,1531283,0.3,0.00,0.89,0.00,3.56,0.00,0.00,0.00,3960.0,95830.0,91392.0,0.0,0.0,0.5,0.0,81.156,0.000,0.0,680330.0
2026-09-01T05:26:55,0.2,4887,1547350,1531283,0.3,0.00,2.28,0.00,9.13,0.00,0.00,0.00,3960.0,95830.0,91392.0,0.0,0.0,0.5,0.0,81.133,0.000,0.0,695198.5
2026-09-01T05:26:56,0.2,4888,1547350,1531282,0.3,0.00,0.72,0.00,2.86,0.00,0.00,0.00,3960.0,95830.0,91392.0,0.0,0.0,0.5,0.0,81.160,0.000,0.0,656120.0
2026-09-01T05:26:58,0.2,4888,1547350,1531281,0.3,0.00,4.89,0.00,39.12,0.00,0.00,0.00,3960.0,95830.0,91392.0,0.0,0.0,0.5,0.0,81.143,0.000,0.0,653253.0
2026-09-01T05:26:59,0.2,4888,1547350,1531282,0.3,0.00,0.70,0.00,2.81,0.00,0.00,0.00,3960.0,95830.0,91392.0,0.0,0.0,0.5,0.0,81.180,0.000,0.0,675784.0
2026-09-01T05:27:00,0.2,4892,1547350,1531278,0.3,0.00,0.78,0.00,3.13,0.00,0.00,0.00,3960.0,95830.0,91392.0,0.0,0.0,0.5,0.0,81.165,0.000,0.0,663586.5
2026-09-01T05:27:02,0.3,4892,1547350,1531278,0.3,0.00,0.64,0.00,2.54,0.00,1.00,0.00,3960.0,95830.0,91392.0,0.0,0.0,0.5,0.0,81.181,0.000,0.0,651459.5
2026-09-01T05:27:04,0.2,4893,1547350,1531277,0.3,0.00,1.11,0.00,4.43,0.00,0.00,0.00,3960.0,95830.0,91392.0,0.0,0.0,0.5,0.0,81.190,0.000,0.0,660670.5
2026-09-01T05:27:05,0.2,4894,1547350,1531276,0.3,0.00,0.82,0.00,3.29,0.00,0.00,0.08,3960.0,95830.0,91392.0,0.0,0.0,0.5,0.0,81.197,0.000,0.0,660670.5
2026-09-01T05:27:05,0.2,4893,1547350,1531277,0.3,0.00,1.93,0.00,7.71,0.00,0.00,0.00,3960.0,95830.0,91392.0,0.0,0.0,0.5,0.0,81.212,0.000,0.0,801814.5
2026-09-01T05:27:06,0.2,4893,1547350,1531277,0.3,0.00,1.61,0.00,6.44,0.00,0.00,0.00,3960.0,95830.0,91392.0,0.0,0.0,0.5,0.0,81.185,0.000,0.0,801814.5
2026-09-01T05:27:07,0.2,4895,1547350,1531274,0.3,0.00,1.17,0.00,4.68,0.00,0.00,0.00,3960.0,95830.0,91392.0,0.0,0.0,0.5,0.0,81.150,0.000,0.0,683386.5
2026-09-01T05:27:08,0.2,4896,1547350,1531274,0.3,0.00,0.66,0.00,2.65,0.00,0.00,0.00,3960.0,95830.0,91392.0,0.0,0.0,0.5,0.0,81.138,0.000,0.0,659809.0
2026-09-01T05:27:10,0.2,4895,1547350,1531274,0.3,0.00,0.60,0.00,2.39,0.00,0.00,0.00,3960.0,95830.0,91392.0,0.0,0.0,0.5,0.0,81.103,0.000,0.0,637090.5
2026-09-01T05:27:12,0.2,4896,1547350,1531274,0.3,0.00,0.66,0.00,2.63,0.00,0.00,0.07,3960.0,95830.0,91392.0,0.0,0.0,0.5,0.0,81.117,0.000,0.0,637090.5
2026-09-01T05:27:12,0.2,4896,1547350,1531274,0.3,0.00,1.94,0.00,7.75,0.00,0.00,0.00,3960.0,95830.0,91392.0,0.0,0.0,0.5,0.0,81.187,0.000,0.0,719887.5
2026-09-01T05:27:13,0.2,4895,1547350,1531275,0.3,0.00,0.83,0.00,3.33,0.00,0.00,0.00,3960.0,95830.0,91392.0,0.0,0.0,0.5,0.0,81.121,0.000,0.0,681018.5
2026-09-01T05:27:15,0.2,4895,1547350,1531274,0.3,0.00,0.62,0.00,2.47,0.00,0.00,0.00,3960.0,95830.0,91392.0,0.0,0.0,0.5,0.0,81.094,0.000,0.0,654450.5
2026-09-01T05:27:16,0.2,4895,1547350,1531274,0.3,0.00,0.66,0.00,2.62,0.00,0.00,0.00,3960.0,95830.0,91392.0,0.0,0.0,0.5,0.0,81.124,0.000,0.0,703828.0
2026-09-01T05:27:18,0.2,4894,1547350,1531275,0.3,0.00,0.61,0.00,2.45,0.00,0.00,0.00,3960.0,95830.0,91392.0,0.0,0.0,0.5,0.0,81.151,0.000,0.0,703828.0
2026-09-01T05:27:19,0.2,4895,1547350,1531275,0.3,0.00,1.15,0.00,4.62,0.00,0.00,0.00,3960.0,95830.0,91392.0,0.0,0.0,0.5,0.0,81.118,0.000,0.0,664546.5
2026-09-01T05:27:20,0.2,4895,1547350,1531274,0.3,0.00,0.73,0.00,2.92,0.00,0.00,0.00,3960.0,95830.0,91392.0,0.0,0.0,0.5,0.0,81.159,0.000,0.0,712691.0
2026-09-01T05:27:22,0.2,4895,1547350,1531275,0.3,0.00,0.73,0.00,2.90,0.00,0.00,0.00,3960.0,95830.0,91392.0,0.0,0.0,0.5,0.0,81.154,0.000,0.0,654447.0
2026-09-01T05:27:23,0.2,4896,1547350,1531274,0.3,0.00,0.68,0.00,2.73,0.00,0.00,0.00,3960.0,95830.0,91392.0,0.0,0.0,0.5,0.0,81.105,0.000,0.0,654447.0
2026-09-01T05:27:24,0.2,4897,1547350,1531273,0.3,0.00,1.69,0.00,6.78,0.00,0.00,0.00,3960.0,95830.0,91392.0,0.0,0.0,0.5,0.0,81.128,0.000,0.0,687292.0
2026-09-01T05:27:25,0.2,4897,1547350,1531273,0.3,0.00,0.62,0.00,2.49,0.00,1.00,0.06,3960.0,95830.0,91392.0,0.0,0.0,0.5,0.0,81.133,0.000,0.0,656087.5
2026-09-01T05:27:27,0.2,4897,1547350,1531272,0.3,0.00,1.21,0.00,12.98,0.00,0.00,0.00,3960.0,95830.0,91392.0,0.0,0.0,0.5,0.0,81.255,0.000,0.0,705152.5
2026-09-01T05:27:28,0.2,4897,1547350,1531273,0.3,0.00,1.39,0.00,8.33,0.00,0.00,0.00,3960.0,95830.0,91392.0,0.0,0.0,0.5,0.0,81.130,0.000,0.0,645103.0
2026-09-01T05:27:30,0.2,4899,1547350,1531271,0.3,0.00,0.51,0.00,2.04,0.00,0.00,0.00,3960.0,95830.0,91392.0,0.0,0.0,0.5,0.0,81.237,0.000,0.0,660821.0
2026-09-01T05:27:32,0.2,4899,1547350,1531271,0.3,0.00,0.62,0.00,2.47,0.00,0.00,0.00,3960.0,95830.0,91392.0,0.0,0.0,0.5,0.0,81.277,0.000,0.0,652222.0
2026-09-01T05:27:34,0.2,4898,1547350,1531272,0.3,0.00,3.72,0.00,17.38,0.00,0.00,0.00,3960.0,95830.0,91392.0,0.0,0.0,0.5,0.0,81.297,0.000,0.0,650334.5
2026-09-01T05:27:35,0.2,4899,1547350,1531271,0.3,0.00,0.62,0.00,2.48,0.00,0.00,0.00,3960.0,95830.0,91392.0,0.0,0.0,0.5,0.0,81.250,0.000,0.0,714623.0
2026-09-01T05:27:36,0.2,4899,1547350,1531271,0.3,0.00,0.82,0.00,3.29,0.00,0.00,0.00,3960.0,95830.0,91392.0,0.0,0.0,0.5,0.0,81.345,0.000,0.0,665532.5
2026-09-01T05:27:38,0.2,4899,1547350,1531271,0.3,0.00,0.83,0.00,3.33,0.00,0.00,0.00,3960.0,95830.0,91392.0,0.0,0.0,0.5,0.0,81.338,0.000,0.0,689427.0
2026-09-01T05:27:39,0.2,4900,1547350,1531269,0.3,0.00,0.62,0.00,2.49,0.00,0.00,0.00,3960.0,95830.0,91392.0,0.0,0.0,0.5,0.0,81.269,0.000,0.0,684466.0
2026-09-01T05:27:41,0.2,4900,1547350,1531270,0.3,0.00,0.83,0.00,3.32,0.00,0.00,0.00,3960.0,95830.0,91392.0,0.0,0.0,0.5,0.0,81.243,0.000,0.0,652816.0
2026-09-01T05:27:42,0.2,4900,1547350,1531269,0.3,0.00,0.62,0.00,2.49,0.00,0.00,0.00,3960.0,95830.0,91392.0,0.0,0.0,0.5,0.0,81.333,0.000,0.0,652816.0
2026-09-01T05:27:43,0.2,4900,1547350,1531269,0.3,0.00,1.62,0.00,6.49,0.00,1.00,0.00,3960.0,95830.0,91392.0,0.0,0.0,0.5,0.0,81.322,0.000,0.0,675059.5
2026-09-01T05:27:44,0.2,4901,1547350,1531269,0.3,0.00,1.20,0.00,4.82,0.00,0.00,0.00,3960.0,95830.0,91392.0,0.0,0.0,0.5,0.0,81.311,0.000,0.0,673058.5
2026-09-01T05:27:46,0.2,4902,1547350,1531268,0.3,0.00,0.83,0.00,3.34,0.00,0.00,0.00,3960.0,95830.0,91392.0,0.0,0.0,0.5,0.0,81.303,0.000,0.0,662720.0
2026-09-01T05:27:47,0.2,4902,1547350,1531268,0.3,0.00,0.64,0.00,2.54,0.00,0.00,0.00,3960.0,95830.0,91392.0,0.0,0.0,0.5,0.0,81.364,0.000,0.0,662720.0
2026-09-01T05:27:48,0.3,4902,1547350,1531268,0.3,0.00,1.32,0.00,5.26,0.00,0.00,0.00,3960.0,95830.0,91392.0,0.0,0.0,0.5,0.0,81.394,0.000,0.0,694562.0
2026-09-01T05:27:49,0.2,4902,1547350,1531268,0.3,0.00,0.75,0.00,3.01,0.00,0.00,0.00,3960.0,95830.0,91392.0,0.0,0.0,0.5,0.0,81.415,0.000,0.0,668821.0
2026-09-01T05:27:51,0.2,4902,1547350,1531267,0.3,0.00,0.76,0.00,3.03,0.00,0.00,0.00,3960.0,95830.0,91392.0,0.0,0.0,0.5,0.0,81.392,0.000,0.0,667230.0
2026-09-01T05:27:52,0.3,4904,1547350,1531265,0.3,0.00,0.89,0.00,3.55,0.00,0.00,0.00,3960.0,95830.0,91392.0,0.0,0.0,0.5,0.0,81.421,0.000,0.0,745691.0
2026-09-01T05:27:53,0.2,4905,1547350,1531265,0.3,0.00,0.98,0.00,3.90,0.00,0.00,0.00,3960.0,95830.0,91392.0,0.0,0.0,0.5,0.0,81.353,0.000,0.0,745691.0
2026-09-01T05:27:54,0.2,4906,1547350,1531263,0.3,0.00,1.15,0.00,4.61,0.00,0.00,0.00,3960.0,95830.0,91392.0,0.0,0.0,0.5,0.0,81.376,0.000,0.0,692455.0
2026-09-01T05:27:55,0.3,4908,1547350,1531261,0.3,0.00,0.76,0.00,3.05,0.00,0.00,0.00,3960.0,95830.0,91392.0,0.0,0.0,0.5,0.0,81.375,0.000,0.0,672768.5
2026-09-01T05:27:56,0.2,4909,1547350,1531260,0.3,0.00,0.79,0.00,3.14,0.00,0.00,0.00,3960.0,95830.0,91392.0,0.0,0.0,0.5,0.0,81.387,0.000,0.0,672768.5
2026-09-01T05:27:57,0.2,4909,1547350,1531261,0.3,0.00,1.85,0.00,7.41,0.00,0.00,0.19,3960.0,95830.0,91392.0,0.0,0.0,0.5,0.0,81.383,0.000,0.0,692928.0
2026-09-01T05:27:58,0.2,4910,1547350,1531260,0.3,0.00,4.77,0.00,40.90,0.00,0.14,0.00,3960.0,95830.0,91392.0,0.0,0.0,0.5,0.0,81.388,0.000,0.0,661615.0
2026-09-01T05:27:59,0.2,4909,1547350,1531261,0.3,0.00,1.54,0.00,6.18,0.00,0.00,0.00,3960.0,95830.0,91392.0,0.0,0.0,0.5,0.0,81.380,0.000,0.0,667702.5
2026-09-01T05:28:01,0.3,4915,1547350,1531255,0.3,0.00,0.75,0.00,3.01,0.00,0.00,0.00,3960.0,95830.0,91392.0,0.0,0.0,0.5,0.0,81.413,0.000,0.0,664362.0
2026-09-01T05:28:02,0.2,4915,1547350,1531255,0.3,0.00,0.72,0.00,2.89,0.00,0.00,0.00,3960.0,95830.0,91392.0,0.0,0.0,0.5,0.0,81.374,0.000,0.0,641244.0
2026-09-01T05:28:04,0.2,4916,1547350,1531253,0.3,0.00,0.61,0.00,2.43,0.00,0.00,0.00,3960.0,95830.0,91392.0,0.0,0.0,0.5,0.0,81.388,0.000,0.0,679414.0
2026-09-01T05:28:05,0.2,4917,1547350,1531253,0.3,0.00,1.47,0.00,8.80,0.00,0.00,0.00,3960.0,95830.0,91392.0,0.0,0.0,0.5,0.0,81.377,0.000,0.0,665577.0
2026-09-01T05:28:07,0.2,4917,1547350,1531253,0.3,0.00,0.75,0.00,2.99,0.00,0.00,0.00,3960.0,95830.0,91392.0,0.0,0.0,0.5,0.0,81.334,0.000,0.0,665577.0
2026-09-01T05:28:07,0.2,4917,1547350,1531253,0.3,0.00,1.15,0.00,4.58,0.00,0.00,0.00,3960.0,95830.0,91392.0,0.0,0.0,0.5,0.0,81.317,0.000,0.0,674187.0
2026-09-01T05:28:09,0.2,4918,1547350,1531252,0.3,0.00,0.65,0.00,2.59,0.00,0.00,0.00,3960.0,95830.0,91392.0,0.0,0.0,0.5,0.0,81.335,0.000,0.0,663066.0
2026-09-01T05:28:10,0.2,4917,1547350,1531253,0.3,0.00,0.77,0.00,3.08,0.00,0.00,0.00,3960.0,95830.0,91392.0,0.0,0.0,0.5,0.0,81.322,0.000,0.0,663054.5
2026-09-01T05:28:12,0.2,4917,1547350,1531253,0.3,0.00,0.65,0.00,2.61,0.00,0.00,0.00,3960.0,95830.0,91392.0,0.0,0.0,0.5,0.0,81.338,0.000,0.0,658897.5
2026-09-01T05:28:13,0.2,4919,1547350,1531251,0.3,0.00,0.61,0.00,2.43,0.00,0.00,0.00,3960.0,95830.0,91392.0,0.0,0.0,0.5,0.0,81.350,0.000,0.0,658897.5
2026-09-01T05:28:14,0.2,4918,1547350,1531251,0.3,0.00,1.56,0.00,6.26,0.00,0.00,0.00,3960.0,95830.0,91392.0,0.0,0.0,0.5,0.0,81.314,0.000,0.0,705248.0
2026-09-01T05:28:15,0.2,4919,1547350,1531251,0.3,0.00,1.35,0.00,5.41,0.00,0.00,0.00,3960.0,95830.0,91392.0,0.0,0.0,0.5,0.0,81.315,0.000,0.0,705248.0
2026-09-01T05:28:15,0.3,4918,1547350,1531252,0.3,0.00,1.51,0.00,6.05,0.00,0.00,0.00,3960.0,95830.0,91392.0,0.0,0.0,0.5,0.0,81.344,0.000,0.0,690827.5
2026-09-01T05:28:17,0.2,4919,1547350,1531251,0.3,0.00,0.65,0.00,2.61,0.00,0.00,0.00,3960.0,95830.0,91392.0,0.0,0.0,0.5,0.0,81.336,0.000,0.0,654457.5
2026-09-01T05:28:19,0.2,4920,1547350,1531250,0.3,0.00,0.60,0.00,2.38,0.00,1.00,0.00,3960.0,95830.0,91392.0,0.0,0.0,0.5,0.0,81.332,0.000,0.0,660111.0
2026-09-01T05:28:20,0.2,4919,1547350,1531250,0.3,0.00,0.73,0.00,2.91,0.00,0.00,0.00,3960.0,95830.0,91392.0,0.0,0.0,0.5,0.0,81.371,0.000,0.0,659599.5
2026-09-01T05:28:22,0.2,4920,1547350,1531250,0.3,0.00,0.68,0.00,2.72,0.00,0.00,0.00,3960.0,95830.0,91392.0,0.0,0.0,0.5,0.0,81.357,0.000,0.0,681834.5
2026-09-01T05:28:23,0.2,4920,1547350,1531250,0.3,0.00,0.79,0.00,3.17,0.00,0.00,0.00,3960.0,95830.0,91392.0,0.0,0.0,0.5,0.0,81.346,0.000,0.0,681834.5
2026-09-01T05:28:24,0.2,4920,1547350,1531250,0.3,0.00,1.06,0.00,4.26,0.00,0.00,0.00,3960.0,95830.0,91392.0,0.0,0.0,0.5,0.0,81.335,0.000,0.0,700551.5
2026-09-01T05:28:25,0.2,4920,1547350,1531249,0.3,0.00,1.27,0.00,5.08,0.00,0.00,0.00,3960.0,95830.0,91392.0,0.0,0.0,0.5,0.0,81.362,0.000,0.0,698449.0
2026-09-01T05:28:26,0.2,4921,1547350,1531249,0.3,0.00,0.77,0.00,3.10,0.00,0.00,0.00,3960.0,95830.0,91392.0,0.0,0.0,0.5,0.0,81.407,0.000,0.0,698449.0
2026-09-01T05:28:26,0.2,4921,1547350,1531249,0.3,0.00,1.75,0.00,6.98,0.00,0.00,0.00,3960.0,95830.0,91392.0,0.0,0.0,0.5,0.0,81.340,0.000,0.0,738713.5
2026-09-01T05:28:27,0.2,4920,1547350,1531249,0.3,0.00,1.53,0.00,6.13,0.00,0.00,0.00,3960.0,95830.0,91392.0,0.0,0.0,0.5,0.0,81.347,0.000,0.0,738713.5
2026-09-01T05:28:28,0.2,4921,1547350,1531249,0.3,0.00,3.25,0.00,29.28,0.00,0.00,0.00,3960.0,95830.0,91392.0,0.0,0.0,0.5,0.0,81.362,0.000,0.0,680897.5
2026-09-01T05:28:29,0.2,4920,1547350,1531249,0.3,0.00,0.70,0.00,2.79,0.00,0.00,0.00,3960.0,95830.0,91392.0,0.0,0.0,0.5,0.0,81.361,0.000,0.0,676574.0
2026-09-01T05:28:31,0.2,4920,1547350,1531250,0.3,0.00,2.40,0.00,9.59,0.00,0.00,0.00,3960.0,95830.0,91392.0,0.0,0.0,0.5,0.0,81.358,0.000,0.0,613616.0
2026-09-01T05:28:36,0.1,4925,1547350,1531245,0.3,0.00,1.20,0.00,4.79,0.00,0.17,0.02,3960.0,95830.0,91392.0,0.0,0.0,0.5,0.0,81.387,0.000,0.0,634396.0
2026-09-01T05:28:41,0.1,4925,1547350,1531245,0.3,0.00,0.19,0.00,0.75,0.00,0.00,0.00,3960.0,95830.0,91392.0,0.0,0.0,0.5,0.0,81.338,0.000,0.0,665673.0
2026-09-01T05:28:42,0.2,4925,1547350,1531245,0.3,0.00,0.84,0.00,3.35,0.00,0.00,0.00,3960.0,95830.0,91392.0,0.0,0.0,0.5,0.0,81.320,0.000,0.0,665673.0
2026-09-01T05:28:43,0.2,4925,1547350,1531245,0.3,0.00,1.35,0.00,5.41,0.00,0.00,0.00,3960.0,95830.0,91392.0,0.0,0.0,0.5,0.0,81.345,0.000,0.0,680829.5
2026-09-01T05:28:45,0.2,4924,1547350,1531246,0.3,0.00,0.62,0.00,2.48,0.00,0.00,0.00,3960.0,95830.0,91392.0,0.0,0.0,0.5,0.0,81.340,0.000,0.0,658956.0
2026-09-01T05:28:46,0.2,4924,1547350,1531246,0.3,0.00,1.41,0.00,5.65,0.00,0.00,0.00,3960.0,95830.0,91392.0,0.0,0.0,0.5,0.0,81.427,0.000,0.0,657281.5
2026-09-01T05:28:48,0.2,4925,1547350,1531245,0.3,0.00,0.55,0.00,2.21,0.00,0.00,0.00,3960.0,95830.0,91392.0,0.0,0.0,0.5,0.0,81.317,0.000,0.0,658401.5
2026-09-01T05:28:50,0.2,4925,1547350,1531245,0.3,0.00,0.48,0.00,1.92,0.00,0.00,0.00,3960.0,95830.0,91392.0,0.0,0.0,0.5,0.0,81.359,0.000,0.0,676978.0
2026-09-01T05:28:51,0.2,4926,1547350,1531244,0.3,0.00,0.80,0.00,3.19,0.00,0.00,0.00,3960.0,95830.0,91392.0,0.0,0.0,0.5,0.0,81.404,0.000,0.0,676978.0
2026-09-01T05:28:52,0.2,4927,1547350,1531243,0.3,0.00,1.07,0.00,4.27,0.00,0.00,0.00,3960.0,95830.0,91392.0,0.0,0.0,0.5,0.0,81.335,0.000,0.0,713090.5
2026-09-01T05:28:53,0.2,4927,1547350,1531243,0.3,0.00,0.89,0.00,3.58,0.00,0.00,0.00,3960.0,95830.0,91392.0,0.0,0.0,0.5,0.0,81.376,0.000,0.0,713090.5
2026-09-01T05:28:54,0.2,4928,1547350,1531242,0.3,0.00,1.18,0.00,4.70,0.00,0.00,0.00,3960.0,95830.0,91392.0,0.0,0.0,0.5,0.0,81.338,0.000,0.0,703565.0
2026-09-01T05:28:55,0.2,4928,1547350,1531241,0.3,0.00,1.01,0.00,4.05,0.00,0.00,0.00,3960.0,95830.0,91392.0,0.0,0.0,0.5,0.0,81.339,0.000,0.0,668317.5
2026-09-01T05:28:56,0.2,4928,1547350,1531242,0.3,0.00,0.74,0.00,2.97,0.00,0.00,0.00,3960.0,95830.0,91392.0,0.0,0.0,0.5,0.0,81.315,0.000,0.0,663299.5
2026-09-01T05:28:58,0.2,4929,1547350,1531241,0.3,0.00,7.97,0.00,52.17,0.00,0.09,0.00,3960.0,95830.0,91392.0,0.0,0.0,0.5,0.0,81.424,0.000,0.0,667025.0
2026-09-01T05:28:59,0.2,4929,1547350,1531241,0.3,0.00,0.73,0.00,2.91,0.00,0.00,0.00,3960.0,95830.0,91392.0,0.0,0.0,0.5,0.0,81.403,0.000,0.0,660761.0
2026-09-01T05:29:01,0.2,4932,1547350,1531238,0.3,0.00,0.67,0.00,2.67,0.00,0.00,0.00,3960.0,95830.0,91392.0,0.0,0.0,0.5,0.0,81.384,0.000,0.0,656384.5
2026-09-01T05:29:02,0.3,4933,1547350,1531237,0.3,0.00,0.62,0.00,2.46,0.00,0.00,0.00,3960.0,95830.0,91392.0,0.0,0.0,0.5,0.0,81.388,0.000,0.0,703093.0
2026-09-01T05:29:04,0.2,4934,1547350,1531236,0.3,0.00,0.63,0.00,2.54,0.00,0.00,0.00,3960.0,95830.0,91392.0,0.0,0.0,0.5,0.0,81.450,0.000,0.0,663638.0
2026-09-01T05:29:05,0.2,4934,1547350,1531236,0.3,0.00,0.67,0.00,2.69,0.00,0.00,0.00,3960.0,95830.0,91392.0,0.0,0.0,0.5,0.0,81.457,0.000,0.0,661418.5
2026-09-01T05:29:07,0.2,4933,1547350,1531236,0.3,0.00,1.96,0.00,7.84,0.00,0.33,0.00,3960.0,95830.0,91392.0,0.0,0.0,0.5,0.0,81.438,0.000,0.0,673059.0
2026-09-01T05:29:08,0.2,4934,1547350,1531236,0.3,0.00,0.84,0.00,3.34,0.00,0.00,0.00,3960.0,95830.0,91392.0,0.0,0.0,0.5,0.0,81.445,0.000,0.0,673059.0
2026-09-01T05:29:09,0.2,4933,1547350,1531236,0.3,0.00,0.86,0.00,3.45,0.00,0.00,0.00,3960.0,95830.0,91392.0,0.0,0.0,0.5,0.0,81.439,0.000,0.0,679510.5
2026-09-01T05:29:10,0.2,4929,1547350,1531240,0.3,0.00,0.80,0.00,3.18,0.00,0.00,0.00,3960.0,95830.0,91392.0,0.0,0.0,0.5,0.0,81.399,0.000,0.0,651561.0
2026-09-01T05:29:12,0.4,4601,1547350,1531602,0.3,0.00,0.57,0.00,2.27,0.00,0.00,0.00,4.0,95830.0,95347.0,2.0,0.0,0.5,0.0,82.986,0.002,0.0,9965199.5
2026-09-01T05:29:14,0.4,4602,1547350,1531602,0.3,0.00,0.59,0.00,2.37,0.00,0.00,0.00,4.0,95830.0,95347.0,0.0,0.0,0.5,0.0,74.007,0.000,0.0,655749.0
2026-09-01T05:29:15,0.2,4602,1547350,1531602,0.3,0.00,0.66,0.00,2.65,0.00,0.00,0.00,4.0,95830.0,95347.0,0.0,0.0,0.5,0.0,65.760,0.000,0.0,684096.0
2026-09-01T05:29:16,0.2,4601,1547350,1531602,0.3,0.00,0.92,0.00,3.69,0.00,0.00,0.00,4.0,95830.0,95347.0,0.0,0.0,0.5,0.0,65.713,0.000,0.0,658646.0
2026-09-01T05:29:18,0.2,4602,1547350,1531602,0.3,0.00,0.62,0.00,2.49,0.00,0.00,0.00,4.0,95830.0,95347.0,0.0,0.0,0.5,0.0,65.708,0.000,0.0,778231.5
2026-09-01T05:29:19,0.2,4602,1547350,1531602,0.3,0.00,1.16,0.00,4.63,0.00,0.00,0.00,4.0,95830.0,95347.0,0.0,0.0,0.5,0.0,65.688,0.000,0.0,778231.5
2026-09-01T05:29:20,0.2,4601,1547350,1531602,0.3,0.00,1.25,0.00,4.99,0.00,0.00,0.00,4.0,95830.0,95347.0,0.0,0.0,0.5,0.0,65.667,0.000,0.0,777217.0
2026-09-01T05:29:20,0.2,4602,1547350,1531602,0.3,0.00,1.34,0.00,5.35,0.00,0.00,0.00,4.0,95830.0,95347.0,0.0,0.0,0.5,0.0,65.672,0.000,0.0,777217.0
2026-09-01T05:29:21,0.2,4602,1547350,1531602,0.3,0.00,1.02,0.00,4.07,0.00,0.00,0.00,4.0,95830.0,95347.0,0.0,0.0,0.5,0.0,65.713,0.000,0.0,696052.0
2026-09-01T05:29:22,0.2,4602,1547350,1531602,0.3,0.00,0.99,0.00,3.97,0.00,0.00,0.00,4.0,95830.0,95347.0,0.0,0.0,0.5,0.0,65.654,0.000,0.0,675211.0
2026-09-01T05:29:24,0.2,4603,1547350,1531601,0.3,0.00,0.77,0.00,3.08,0.00,0.00,0.00,4.0,95830.0,95347.0,0.0,0.0,0.5,0.0,65.677,0.000,0.0,665833.5
2026-09-01T05:29:25,0.2,4604,1547350,1531600,0.3,0.00,0.75,0.00,2.99,0.00,0.00,0.00,4.0,95830.0,95347.0,0.0,0.0,0.5,0.0,65.690,0.000,0.0,660682.5
2026-09-01T05:29:26,0.2,4603,1547350,1531600,0.3,0.00,0.83,0.00,3.34,0.00,0.00,0.00,4.0,95830.0,95347.0,0.0,0.0,0.5,0.0,65.653,0.000,0.0,660682.5
2026-09-01T05:29:27,0.2,4605,1547350,1531599,0.3,0.00,0.97,0.00,3.86,0.00,0.00,0.00,4.0,95830.0,95347.0,0.0,0.0,0.5,0.0,65.658,0.000,0.0,689462.0
2026-09-01T05:29:29,0.2,4606,1547350,1531598,0.3,0.00,1.66,0.00,12.15,0.00,0.33,0.00,4.0,95830.0,95347.0,0.0,0.0,0.5,0.0,65.621,0.000,0.0,688956.5
2026-09-01T05:29:31,0.2,4606,1547350,1531598,0.3,0.00,0.61,0.00,2.45,0.00,0.00,0.00,4.0,95830.0,95347.0,0.0,0.0,0.5,0.0,65.565,0.000,0.0,715296.5
2026-09-01T05:29:32,0.2,4606,1547350,1531597,0.3,0.00,3.70,0.00,17.28,0.00,0.00,0.00,4.0,95830.0,95347.0,0.0,0.0,0.5,0.0,65.576,0.000,0.0,715296.5
2026-09-01T05:29:33,0.3,4606,1547350,1531598,0.3,0.00,1.62,0.00,6.46,0.00,0.00,0.00,4.0,95830.0,95347.0,0.0,0.0,0.5,0.0,65.537,0.000,0.0,676666.0
2026-09-01T05:29:35,0.2,4606,1547350,1531598,0.3,0.00,0.64,0.00,2.55,0.00,0.00,0.00,4.0,95830.0,95347.0,0.0,0.0,0.5,0.0,65.532,0.000,0.0,676666.0
2026-09-01T05:29:35,0.3,4606,1547350,1531598,0.3,0.00,1.62,0.00,6.48,0.00,0.00,0.00,4.0,95830.0,95347.0,0.0,0.0,0.5,0.0,65.522,0.000,0.0,702181.0
2026-09-01T05:29:36,0.2,4606,1547350,1531598,0.3,0.00,2.41,0.00,12.86,0.00,0.00,0.00,4.0,95830.0,95347.0,0.0,0.0,0.5,0.0,65.480,0.000,0.0,658176.5
2026-09-01T05:29:38,0.2,4606,1547350,1531598,0.3,0.00,0.54,0.00,2.18,0.00,0.00,0.00,4.0,95830.0,95347.0,0.0,0.0,0.5,0.0,65.447,0.000,0.0,646902.5
2026-09-01T05:29:40,0.2,4606,1547350,1531597,0.3,0.00,0.56,0.00,2.26,0.00,0.00,0.00,4.0,95830.0,95347.0,0.0,0.0,0.5,0.0,65.424,0.000,0.0,656575.0
2026-09-01T05:29:42,0.2,4607,1547350,1531597,0.3,0.00,0.97,0.00,3.87,0.00,0.50,0.00,4.0,95830.0,95347.0,0.0,0.0,0.5,0.0,65.415,0.000,0.0,678002.0
2026-09-01T05:29:43,0.2,4607,1547350,1531596,0.3,0.00,0.89,0.00,3.57,0.00,0.00,0.00,4.0,95830.0,95347.0,0.0,0.0,0.5,0.0,65.417,0.000,0.0,658022.5
2026-09-01T05:29:45,0.2,4608,1547350,1531596,0.3,0.00,0.52,0.00,2.10,0.00,0.00,0.00,4.0,95830.0,95347.0,0.0,0.0,0.5,0.0,65.435,0.000,0.0,658022.5
2026-09-01T05:29:46,0.2,4608,1547350,1531595,0.3,0.00,1.28,0.00,5.10,0.00,0.00,0.00,4.0,95830.0,95347.0,0.0,0.0,0.5,0.0,65.404,0.000,0.0,695422.5
2026-09-01T05:29:47,0.2,4609,1547350,1531595,0.3,0.00,0.80,0.00,3.20,0.00,0.00,0.00,4.0,95830.0,95347.0,0.0,0.0,0.5,0.0,65.408,0.000,0.0,659719.0
2026-09-01T05:29:49,0.2,4610,1547350,1531594,0.3,0.00,0.51,0.00,2.03,0.00,0.00,0.00,4.0,95830.0,95347.0,0.0,0.0,0.5,0.0,65.403,0.000,0.0,647703.5
2026-09-01T05:29:51,0.2,4610,1547350,1531594,0.3,0.00,0.57,0.00,2.26,0.00,0.00,0.00,4.0,95830.0,95347.0,0.0,0.0,0.5,0.0,65.394,0.000,0.0,665839.0
2026-09-01T05:29:52,0.2,4610,1547350,1531594,0.3,0.00,0.70,0.00,2.79,0.00,0.00,0.00,4.0,95830.0,95347.0,0.0,0.0,0.5,0.0,65.379,0.000,0.0,662298.5
2026-09-01T05:29:54,0.2,4611,1547350,1531593,0.3,0.00,0.63,0.00,2.52,0.00,0.00,0.00,4.0,95830.0,95347.0,0.0,0.0,0.5,0.0,65.370,0.000,0.0,679409.5
2026-09-01T05:29:55,0.2,4612,1547350,1531592,0.3,0.00,0.69,0.00,2.77,0.00,0.00,0.00,4.0,95830.0,95347.0,0.0,0.0,0.5,0.0,65.364,0.000,0.0,688254.5
2026-09-01T05:29:56,0.2,4612,1547350,1531592,0.3,0.00,1.04,0.00,4.16,0.00,0.00,0.00,4.0,95830.0,95347.0,0.0,0.0,0.5,0.0,65.343,0.000,0.0,669438.5
2026-09-01T05:29:58,0.2,4612,1547350,1531592,0.3,0.00,4.58,0.00,39.27,0.00,0.00,0.00,4.0,95830.0,95347.0,0.0,0.0,0.5,0.0,65.326,0.000,0.0,662080.0
2026-09-01T05:29:59,0.2,4612,1547350,1531591,0.3,0.00,0.69,0.00,2.78,0.00,0.00,0.00,4.0,95830.0,95347.0,0.0,0.0,0.5,0.0,65.326,0.000,0.0,683300.0
2026-09-01T05:30:00,0.2,4618,1547350,1531586,0.3,0.00,0.89,0.00,3.56,0.00,0.00,0.00,4.0,95830.0,95347.0,0.0,0.0,0.5,0.0,65.290,0.000,0.0,673505.0
2026-09-01T05:30:02,0.3,4619,1547350,1531585,0.3,0.00,0.90,0.00,3.58,0.00,1.00,0.00,4.0,95830.0,95347.0,0.0,0.0,0.5,0.0,65.285,0.000,0.0,673505.0
2026-09-01T05:30:02,0.2,4620,1547350,1531584,0.3,0.00,1.27,0.00,5.08,0.00,0.00,0.00,4.0,95830.0,95347.0,0.0,0.0,0.5,0.0,65.272,0.000,0.0,728183.5
2026-09-01T05:30:04,0.2,4620,1547350,1531583,0.3,0.00,0.83,0.00,3.31,0.00,0.00,0.00,4.0,95830.0,95347.0,0.0,0.0,0.5,0.0,65.245,0.000,0.0,692388.5
2026-09-01T05:30:05,0.2,4620,1547350,1531584,0.3,0.00,0.99,0.00,3.95,0.00,0.00,0.00,4.0,95830.0,95347.0,0.0,0.0,0.5,0.0,65.258,0.000,0.0,692388.5
2026-09-01T05:30:05,0.3,4620,1547350,1531584,0.3,0.00,1.59,0.00,6.36,0.00,0.00,0.00,4.0,95830.0,95347.0,0.0,0.0,0.5,0.0,65.246,0.000,0.0,729909.0
2026-09-01T05:30:06,0.2,4621,1547350,1531583,0.3,0.00,0.99,0.00,3.96,0.00,0.00,0.00,4.0,95830.0,95347.0,0.0,0.0,0.5,0.0,65.232,0.000,0.0,656941.0
2026-09-01T05:30:08,0.2,4621,1547350,1531583,0.3,0.00,1.35,0.00,5.38,0.00,0.00,0.00,4.0,95830.0,95347.0,0.0,0.0,0.5,0.0,65.213,0.000,0.0,657847.0
2026-09-01T05:30:09,0.2,4621,1547350,1531583,0.3,0.00,0.59,0.00,2.35,0.00,0.00,0.00,4.0,95830.0,95347.0,0.0,0.0,0.5,0.0,65.180,0.000,0.0,657543.0
2026-09-01T05:30:11,0.2,4622,1547350,1531582,0.3,0.00,0.69,0.00,2.78,0.00,0.00,0.00,4.0,95830.0,95347.0,0.0,0.0,0.5,0.0,65.162,0.000,0.0,666643.0
2026-09-01T05:30:13,0.2,4621,1547350,1531583,0.3,0.00,1.08,0.00,4.33,0.00,0.00,0.00,4.0,95830.0,95347.0,0.0,0.0,0.5,0.0,65.154,0.000,0.0,651448.5
2026-09-01T05:30:14,0.2,4621,1547350,1531583,0.3,0.00,0.61,0.00,2.44,0.00,0.00,0.06,4.0,95830.0,95347.0,0.0,0.0,0.5,0.0,65.151,0.000,0.0,651448.5
2026-09-01T05:30:15,0.2,4620,1547350,1531584,0.3,0.00,1.03,0.00,4.14,0.00,0.00,0.00,4.0,95830.0,95347.0,0.0,0.0,0.5,0.0,65.151,0.000,0.0,706883.5
2026-09-01T05:30:17,0.2,4621,1547350,1531583,0.3,0.00,0.74,0.00,2.94,0.00,0.00,0.00,4.0,95830.0,95347.0,0.0,0.0,0.5,0.0,65.155,0.000,0.0,680260.5
2026-09-01T05:30:18,0.2,4621,1547350,1531583,0.3,0.00,0.80,0.00,3.20,0.00,0.00,0.00,4.0,95830.0,95347.0,0.0,0.0,0.5,0.0,65.138,0.000,0.0,657854.5
2026-09-01T05:30:19,0.2,4621,1547350,1531583,0.3,0.00,0.67,0.00,2.69,0.00,0.00,0.00,4.0,95830.0,95347.0,0.0,0.0,0.5,0.0,65.149,0.000,0.0,641373.0
2026-09-01T05:30:21,0.2,4622,1547350,1531582,0.3,0.00,0.56,0.00,2.25,0.00,0.00,0.00,4.0,95830.0,95347.0,0.0,0.0,0.5,0.0,65.158,0.000,0.0,678510.0
2026-09-01T05:30:23,0.2,4622,1547350,1531582,0.3,0.00,0.66,0.00,2.62,0.00,0.00,0.00,4.0,95830.0,95347.0,0.0,0.0,0.5,0.0,65.137,0.000,0.0,656734.0
2026-09-01T05:30:24,0.2,4622,1547350,1531581,0.3,0.00,0.61,0.00,2.43,0.00,1.00,0.00,4.0,95830.0,95347.0,0.0,0.0,0.5,0.0,65.134,0.000,0.0,672275.0
2026-09-01T05:30:26,0.2,4623,1547350,1531581,0.3,0.00,0.62,0.00,2.48,0.00,0.00,0.00,4.0,95830.0,95347.0,0.0,0.0,0.5,0.0,65.137,0.000,0.0,659927.5
2026-09-01T05:30:28,0.2,4623,1547350,1531581,0.3,0.00,0.62,0.00,2.47,0.00,0.00,0.00,4.0,95830.0,95347.0,0.0,0.0,0.5,0.0,65.148,0.000,0.0,659927.5
2026-09-01T05:30:28,0.2,4622,1547350,1531582,0.3,0.00,1.58,0.00,6.34,0.00,0.00,0.00,4.0,95830.0,95347.0,0.0,0.0,0.5,0.0,65.138,0.000,0.0,750603.5
2026-09-01T05:30:29,0.2,4622,1547350,1531582,0.3,0.00,4.55,0.00,37.88,0.00,0.00,0.00,4.0,95830.0,95347.0,0.0,0.0,0.5,0.0,65.138,0.000,0.0,649529.5
2026-09-01T05:30:31,0.2,4622,1547350,1531582,0.3,0.00,0.52,0.00,2.07,0.00,0.00,0.00,4.0,95830.0,95347.0,0.0,0.0,0.5,0.0,65.125,0.000,0.0,651473.5
2026-09-01T05:30:33,0.2,4622,1547350,1531582,0.3,0.00,3.35,0.00,13.39,0.00,0.00,0.00,4.0,95830.0,95347.0,0.0,0.0,0.5,0.0,65.095,0.000,0.0,644958.0
2026-09-01T05:30:35,0.2,4622,1547350,1531582,0.3,0.00,0.49,0.00,1.96,0.00,1.00,0.05,4.0,95830.0,95347.0,0.0,0.0,0.5,0.0,65.084,0.000,0.0,646260.0
2026-09-01T05:30:37,0.2,4623,1547350,1531581,0.3,0.00,0.48,0.00,1.94,0.00,0.00,0.00,4.0,95830.0,95347.0,0.0,0.0,0.5,0.0,65.059,0.000,0.0,656334.5
2026-09-01T05:30:39,0.2,4623,1547350,1531581,0.3,0.00,1.00,0.00,6.01,0.00,0.00,0.00,4.0,95830.0,95347.0,0.0,0.0,0.5,0.0,65.041,0.000,0.0,676840.0
2026-09-01T05:30:40,0.2,4623,1547350,1531581,0.3,0.00,0.62,0.00,2.49,0.00,0.00,0.00,4.0,95830.0,95347.0,0.0,0.0,0.5,0.0,65.023,0.000,0.0,691502.5
2026-09-01T05:30:42,0.2,4624,1547350,1531580,0.3,0.00,0.69,0.00,2.77,0.00,0.00,0.00,4.0,95830.0,95347.0,0.0,0.0,0.5,0.0,64.990,0.000,0.0,684965.5
2026-09-01T05:30:43,0.2,4623,1547350,1531580,0.3,0.00,0.79,0.00,3.15,0.00,0.00,0.00,4.0,95830.0,95347.0,0.0,0.0,0.5,0.0,65.023,0.000,0.0,704865.0
2026-09-01T05:30:44,0.2,4624,1547350,1531580,0.3,0.00,1.52,0.00,6.09,0.00,0.00,0.00,4.0,95830.0,95347.0,0.0,0.0,0.5,0.0,65.004,0.000,0.0,676303.0
2026-09-01T05:30:45,0.2,4623,1547350,1531580,0.3,0.00,1.38,0.00,5.52,0.00,0.00,0.00,4.0,95830.0,95347.0,0.0,0.0,0.5,0.0,65.002,0.000,0.0,676303.0
2026-09-01T05:30:46,0.2,4624,1547350,1531580,0.3,0.00,1.13,0.00,4.50,0.00,0.00,0.00,4.0,95830.0,95347.0,0.0,0.0,0.5,0.0,65.031,0.000,0.0,709629.5
2026-09-01T05:30:47,0.2,4625,1547350,1531579,0.3,0.00,0.74,0.00,2.95,0.00,0.00,0.00,4.0,95830.0,95347.0,0.0,0.0,0.5,0.0,64.995,0.000,0.0,754081.5
2026-09-01T05:30:48,0.2,4623,1547350,1531581,0.3,0.00,0.97,0.00,3.88,0.00,0.00,0.00,4.0,95830.0,95347.0,0.0,0.0,0.5,0.0,64.971,0.000,0.0,647147.5
2026-09-01T05:30:50,0.2,4624,1547350,1531580,0.3,0.00,0.50,0.00,2.00,0.00,0.00,0.00,4.0,95830.0,95347.0,0.0,0.0,0.5,0.0,64.933,0.000,0.0,688270.0
2026-09-01T05:30:52,0.2,4625,1547350,1531579,0.3,0.00,0.69,0.00,2.77,0.00,0.00,0.00,4.0,95830.0,95347.0,0.0,0.0,0.5,0.0,64.936,0.000,0.0,663629.0
2026-09-01T05:30:53,0.2,4625,1547350,1531579,0.3,0.00,0.84,0.00,3.35,0.00,0.00,0.00,4.0,95830.0,95347.0,0.0,0.0,0.5,0.0,64.928,0.000,0.0,663629.0
2026-09-01T05:30:54,0.2,4625,1547350,1531579,0.3,0.00,1.10,0.00,4.41,0.00,0.00,0.00,4.0,95830.0,95347.0,0.0,0.0,0.5,0.0,64.928,0.000,0.0,715041.0
2026-09-01T05:30:55,0.2,4627,1547350,1531577,0.3,0.00,1.34,0.00,5.37,0.00,0.00,0.00,4.0,95830.0,95347.0,0.0,0.0,0.5,0.0,64.927,0.000,0.0,677654.0
2026-09-01T05:30:56,0.2,4627,1547350,1531576,0.3,0.00,0.70,0.00,2.81,0.00,0.00,0.00,4.0,95830.0,95347.0,0.0,0.0,0.5,0.0,64.910,0.000,0.0,735963.0
2026-09-01T05:30:57,0.2,4630,1547350,1531574,0.3,0.00,0.92,0.00,3.69,0.00,0.00,0.00,4.0,95830.0,95347.0,0.0,0.0,0.5,0.0,64.901,0.000,0.0,667970.5
2026-09-01T05:30:58,0.2,4630,1547350,1531573,0.3,0.00,5.82,0.00,49.50,0.00,0.14,0.00,4.0,95830.0,95347.0,0.0,0.0,0.5,0.0,64.901,0.000,0.0,682346.0
2026-09-01T05:30:59,0.2,4631,1547350,1531573,0.3,0.00,0.87,0.00,3.46,0.00,0.00,0.00,4.0,95830.0,95347.0,0.0,0.0,0.5,0.0,64.912,0.000,0.0,676775.5
2026-09-01T05:31:01,0.3,4636,1547350,1531568,0.3,0.00,0.63,0.00,2.50,0.00,0.00,0.06,4.0,95830.0,95347.0,0.0,0.0,0.5,0.0,64.917,0.000,0.0,661766.0
2026-09-01T05:31:03,0.2,4637,1547350,1531567,0.3,0.00,0.60,0.00,2.42,0.00,0.00,0.00,4.0,95830.0,95347.0,0.0,0.0,0.5,0.0,64.917,0.000,0.0,668261.0
2026-09-01T05:31:04,0.2,4639,1547350,1531565,0.3,0.00,0.61,0.00,2.44,0.00,0.00,0.00,4.0,95830.0,95347.0,0.0,0.0,0.5,0.0,64.909,0.000,0.0,665897.0
2026-09-01T05:31:06,0.2,4640,1547350,1531564,0.3,0.00,0.83,0.00,3.32,0.00,0.00,0.00,4.0,95830.0,95347.0,0.0,0.0,0.5,0.0,64.912,0.000,0.0,665906.5
2026-09-01T05:31:07,0.2,4640,1547350,1531563,0.3,0.00,0.67,0.00,2.70,0.00,0.00,0.00,4.0,95830.0,95347.0,0.0,0.0,0.5,0.0,64.910,0.000,0.0,662887.5
2026-09-01T05:31:09,0.2,4640,1547350,1531564,0.3,0.00,0.59,0.00,2.37,0.00,0.00,0.00,4.0,95830.0,95347.0,0.0,0.0,0.5,0.0,64.910,0.000,0.0,660472.0
2026-09-01T05:31:10,0.2,4640,1547350,1531564,0.3,0.00,0.60,0.00,2.42,0.00,0.00,0.00,4.0,95830.0,95347.0,0.0,0.0,0.5,0.0,64.905,0.000,0.0,654847.0
2026-09-01T05:31:12,0.2,4636,1547350,1531568,0.3,0.00,0.61,0.00,2.44,0.00,0.00,0.00,4.0,95830.0,95347.0,0.0,0.0,0.5,0.0,64.900,0.000,0.0,650297.5
2026-09-01T05:31:14,0.2,4637,1547350,1531566,0.3,0.00,1.44,0.00,5.74,0.00,0.33,0.00,4.0,95830.0,95347.0,0.0,0.0,0.5,0.0,64.910,0.000,0.0,681320.0
2026-09-01T05:31:15,0.2,4638,1547350,1531566,0.3,0.00,0.95,0.00,3.80,0.00,0.00,0.00,4.0,95830.0,95347.0,0.0,0.0,0.5,0.0,64.885,0.000,0.0,681320.0
2026-09-01T05:31:16,0.2,4638,1547350,1531565,0.3,0.00,1.21,0.00,4.84,0.00,0.00,0.00,4.0,95830.0,95347.0,0.0,0.0,0.5,0.0,64.874,0.000,0.0,683781.5
2026-09-01T05:31:18,0.2,4639,1547350,1531565,0.3,0.00,0.61,0.00,2.45,0.00,0.00,0.00,4.0,95830.0,95347.0,0.0,0.0,0.5,0.0,64.875,0.000,0.0,657751.0
2026-09-01T05:31:19,0.2,4643,1547350,1531561,0.3,0.00,0.64,0.00,2.54,0.00,0.00,0.00,4.0,95830.0,95347.0,0.0,0.0,0.5,0.0,64.906,0.000,0.0,666347.0
2026-09-01T05:31:21,0.2,4645,1547350,1531559,0.3,0.00,0.66,0.00,2.64,0.00,0.00,0.00,4.0,95830.0,95347.0,0.0,0.0,0.5,0.0,64.876,0.000,0.0,758834.0
2026-09-01T05:31:22,0.2,4646,1547350,1531558,0.3,0.00,1.02,0.00,4.08,0.00,0.00,0.00,4.0,95830.0,95347.0,0.0,0.0,0.5,0.0,64.870,0.000,0.0,758834.0
2026-09-01T05:31:23,0.2,4645,1547350,1531559,0.3,0.00,0.94,0.00,3.76,0.00,0.00,0.00,4.0,95830.0,95347.0,0.0,0.0,0.5,0.0,64.864,0.000,0.0,684419.5
2026-09-01T05:31:25,0.2,4645,1547350,1531559,0.3,0.00,0.53,0.00,2.12,0.00,0.00,0.00,4.0,95830.0,95347.0,0.0,0.0,0.5,0.0,64.866,0.000,0.0,690796.5
2026-09-01T05:31:26,0.2,4714,1547350,1531490,0.3,0.00,1.15,0.00,4.62,0.00,0.00,0.12,4.0,95830.0,95347.0,0.0,0.0,0.5,0.0,64.859,0.000,0.0,690796.5
2026-09-01T05:31:27,0.2,4716,1547350,1531487,0.3,0.00,1.01,0.00,4.04,0.00,0.00,0.00,4.0,95830.0,95347.0,0.0,0.0,0.5,0.0,64.857,0.000,0.0,732075.5
2026-09-01T05:31:27,0.2,4724,1547350,1531480,0.3,0.00,1.67,0.00,6.67,0.00,0.00,0.00,4.0,95830.0,95347.0,0.0,0.0,0.5,0.0,64.900,0.000,0.0,692083.0
2026-09-01T05:31:28,0.2,4728,1547350,1531476,0.3,0.00,0.93,0.00,3.71,0.00,0.00,0.09,4.0,95830.0,95347.0,0.0,0.0,0.5,0.0,64.827,0.000,0.0,715666.5
2026-09-01T05:31:30,0.2,4729,1547350,1531475,0.3,0.00,1.50,0.00,15.71,0.00,0.00,0.00,4.0,95830.0,95347.0,0.0,0.0,0.5,0.0,64.843,0.000,0.0,657853.5
2026-09-01T05:31:31,0.3,4807,1547350,1531396,0.3,0.00,0.69,0.00,2.78,0.00,0.00,0.00,4.0,95830.0,95347.0,0.0,0.0,0.5,0.0,64.831,0.000,0.0,662209.0
2026-09-01T05:31:33,0.2,4809,1547350,1531395,0.3,0.00,0.56,0.00,2.25,0.00,0.00,0.00,4.0,95830.0,95347.0,0.0,0.0,0.5,0.0,64.821,0.000,0.0,649122.0
2026-09-01T05:31:35,0.2,4811,1547350,1531393,0.3,0.00,3.04,0.00,14.19,0.00,0.17,0.00,4.0,95830.0,95347.0,0.0,0.0,0.5,0.0,64.876,0.000,0.0,659198.0
2026-09-01T05:31:36,0.2,4814,1547350,1531390,0.3,0.00,0.78,0.00,3.11,0.00,0.00,0.00,4.0,95830.0,95347.0,0.0,0.0,0.5,0.0,64.880,0.000,0.0,651194.0
2026-09-01T05:31:38,0.2,4815,1547350,1531389,0.3,0.00,0.55,0.00,2.19,0.00,0.00,0.00,4.0,95830.0,95347.0,0.0,0.0,0.5,0.0,64.887,0.000,0.0,657660.0
2026-09-01T05:31:40,0.2,4816,1547350,1531388,0.3,0.00,0.56,0.00,2.26,0.00,0.00,0.00,4.0,95830.0,95347.0,0.0,0.0,0.5,0.0,64.912,0.000,0.0,661288.5
2026-09-01T05:31:41,0.2,4816,1547350,1531387,0.3,0.00,0.82,0.00,3.29,0.00,0.00,0.00,4.0,95830.0,95347.0,0.0,0.0,0.5,0.0,64.886,0.000,0.0,711880.5
2026-09-01T05:31:42,0.2,4816,1547350,1531387,0.3,0.00,0.85,0.00,3.40,0.00,0.00,0.00,4.0,95830.0,95347.0,0.0,0.0,0.5,0.0,64.908,0.000,0.0,646489.0
2026-09-01T05:31:44,0.2,4817,1547350,1531386,0.3,0.00,0.48,0.00,1.92,0.00,0.00,0.00,4.0,95830.0,95347.0,0.0,0.0,0.5,0.0,64.887,0.000,0.0,664797.0
2026-09-01T05:31:45,0.2,4818,1547350,1531386,0.3,0.00,2.47,0.00,13.19,0.00,0.00,0.00,4.0,95830.0,95347.0,0.0,0.0,0.5,0.0,64.901,0.000,0.0,651696.5
2026-09-01T05:31:47,0.2,4819,1547350,1531385,0.3,0.00,0.52,0.00,2.09,0.00,0.00,0.00,4.0,95830.0,95347.0,0.0,0.0,0.5,0.0,64.921,0.000,0.0,678488.5
2026-09-01T05:31:49,0.2,4819,1547350,1531384,0.3,0.00,0.53,0.00,2.11,0.00,0.00,0.00,4.0,95830.0,95347.0,0.0,0.0,0.5,0.0,64.910,0.000,0.0,681703.5
2026-09-01T05:31:51,0.2,4820,1547350,1531383,0.3,0.00,0.49,0.00,1.96,0.00,0.00,0.00,4.0,95830.0,95347.0,0.0,0.0,0.5,0.0,64.928,0.000,0.0,657047.0
2026-09-01T05:31:53,0.2,4822,1547350,1531382,0.3,0.00,0.65,0.00,2.60,0.00,0.00,0.00,4.0,95830.0,95347.0,0.0,0.0,0.5,0.0,64.893,0.000,0.0,654711.0
2026-09-01T05:31:54,0.2,4821,1547350,1531382,0.3,0.00,0.65,0.00,2.60,0.00,1.00,0.00,4.0,95830.0,95347.0,0.0,0.0,0.5,0.0,64.898,0.000,0.0,654711.0
2026-09-01T05:31:55,0.2,4823,1547350,1531381,0.3,0.00,1.30,0.00,5.18,0.00,0.00,0.00,4.0,95830.0,95347.0,0.0,0.0,0.5,0.0,64.874,0.000,0.0,734608.0
2026-09-01T05:31:56,0.2,4823,1547350,1531381,0.3,0.00,1.51,0.00,6.03,0.00,0.00,0.00,4.0,95830.0,95347.0,0.0,0.0,0.5,0.0,64.890,0.000,0.0,734608.0
2026-09-01T05:31:56,0.2,4823,1547350,1531381,0.3,0.00,1.95,0.00,7.80,0.00,0.00,0.00,4.0,95830.0,95347.0,0.0,0.0,0.5,0.0,64.882,0.000,0.0,732263.5
2026-09-01T05:31:57,0.2,4824,1547350,1531380,0.3,0.00,0.86,0.00,3.42,0.00,0.00,0.00,4.0,95830.0,95347.0,0.0,0.0,0.5,0.0,64.894,0.000,0.0,732263.5
2026-09-01T05:31:58,0.2,4824,1547350,1531379,0.3,0.00,0.94,0.00,3.77,0.00,0.00,0.00,4.0,95830.0,95347.0,0.0,0.0,0.5,0.0,64.894,0.000,0.0,675625.0
2026-09-01T05:32:00,0.2,4824,1547350,1531380,0.3,0.00,5.42,0.00,46.48,0.00,0.00,0.00,4.0,95830.0,95347.0,0.0,0.0,0.5,0.0,64.892,0.000,0.0,668365.0
2026-09-01T05:32:01,0.3,4827,1547350,1531376,0.3,0.00,0.67,0.00,2.67,0.00,0.00,0.07,4.0,95830.0,95347.0,0.0,0.0,0.5,0.0,64.882,0.000,0.0,668365.0
2026-09-01T05:32:02,0.2,4827,1547350,1531377,0.3,0.00,1.18,0.00,4.72,0.00,0.00,0.00,4.0,95830.0,95347.0,0.0,0.0,0.5,0.0,64.878,0.000,0.0,679753.5
2026-09-01T05:32:03,0.2,4827,1547350,1531377,0.3,0.00,0.74,0.00,2.96,0.00,0.00,0.00,4.0,95830.0,95347.0,0.0,0.0,0.5,0.0,64.893,0.000,0.0,679753.5
2026-09-01T05:32:04,0.2,4828,1547350,1531375,0.3,0.00,0.98,0.00,3.94,0.00,0.00,0.00,4.0,95830.0,95347.0,0.0,0.0,0.5,0.0,64.888,0.000,0.0,713675.5
2026-09-01T05:32:06,0.2,4828,1547350,1531376,0.3,0.00,0.70,0.00,2.81,0.00,0.00,0.00,4.0,95830.0,95347.0,0.0,0.0,0.5,0.0,64.872,0.000,0.0,713675.5
2026-09-01T05:32:07,0.2,4828,1547350,1531376,0.3,0.00,1.10,0.00,4.40,0.00,0.00,0.00,4.0,95830.0,95347.0,0.0,0.0,0.5,0.0,64.891,0.000,0.0,670129.0
2026-09-01T05:32:08,0.2,4828,1547350,1531376,0.3,0.00,0.74,0.00,2.94,0.00,1.00,0.00,4.0,95830.0,95347.0,0.0,0.0,0.5,0.0,64.895,0.000,0.0,670129.0
2026-09-01T05:32:09,0.2,4829,1547350,1531375,0.3,0.00,1.22,0.00,4.89,0.00,0.00,0.00,4.0,95830.0,95347.0,0.0,0.0,0.5,0.0,64.893,0.000,0.0,738040.0
2026-09-01T05:32:10,0.2,4830,1547350,1531374,0.3,0.00,0.98,0.00,3.91,0.00,0.00,0.00,4.0,95830.0,95347.0,0.0,0.0,0.5,0.0,64.882,0.000,0.0,738040.0
2026-09-01T05:32:11,0.2,4829,1547350,1531375,0.3,0.00,1.53,0.00,6.11,0.00,0.00,0.00,4.0,95830.0,95347.0,0.0,0.0,0.5,0.0,64.880,0.000,0.0,681889.0
2026-09-01T05:32:12,0.2,4827,1547350,1531377,0.3,0.00,0.71,0.00,2.84,0.00,0.00,0.00,4.0,95830.0,95347.0,0.0,0.0,0.5,0.0,64.871,0.000,0.0,681889.0
2026-09-01T05:32:13,0.2,4827,1547350,1531377,0.3,0.00,1.06,0.00,4.23,0.00,0.00,0.00,4.0,95830.0,95347.0,0.0,0.0,0.5,0.0,64.869,0.000,0.0,677802.5
2026-09-01T05:32:14,0.2,4827,1547350,1531377,0.3,0.00,0.64,0.00,2.56,0.00,0.00,0.00,4.0,95830.0,95347.0,0.0,0.0,0.5,0.0,64.882,0.000,0.0,652266.0
2026-09-01T05:32:16,0.2,4827,1547350,1531376,0.3,0.00,1.63,0.00,6.53,0.00,0.00,0.00,4.0,95830.0,95347.0,0.0,0.0,0.5,0.0,64.882,0.000,0.0,666638.0
2026-09-01T05:32:18,0.2,4827,1547350,1531377,0.3,0.00,0.82,0.00,3.30,0.00,0.00,0.00,4.0,95830.0,95347.0,0.0,0.0,0.5,0.0,64.862,0.000,0.0,665350.0
2026-09-01T05:32:19,0.2,4829,1547350,1531375,0.3,0.00,0.63,0.00,2.51,0.00,0.00,0.00,4.0,95830.0,95347.0,0.0,0.0,0.5,0.0,64.870,0.000,0.0,663629.5
2026-09-01T05:32:21,0.2,4829,1547350,1531375,0.3,0.00,0.60,0.00,2.40,0.00,0.00,0.00,4.0,95830.0,95347.0,0.0,0.0,0.5,0.0,64.879,0.000,0.0,663629.5
2026-09-01T05:32:22,0.1,4828,1547350,1531375,0.3,0.00,1.28,0.00,5.13,0.00,0.00,0.00,4.0,95830.0,95347.0,0.0,0.0,0.5,0.0,64.841,0.000,0.0,664110.0
2026-09-01T05:32:24,0.2,4829,1547350,1531374,0.3,0.00,0.44,0.00,1.76,0.00,0.00,0.00,4.0,95830.0,95347.0,0.0,0.0,0.5,0.0,64.852,0.000,0.0,705290.0
2026-09-01T05:32:25,0.2,4830,1547350,1531374,0.3,0.00,0.62,0.00,2.49,0.00,0.00,0.00,4.0,95830.0,95347.0,0.0,0.0,0.5,0.0,64.835,0.000,0.0,662151.5
2026-09-01T05:32:27,0.2,4830,1547350,1531374,0.3,0.00,0.62,0.00,2.48,0.00,0.00,0.00,4.0,95830.0,95347.0,0.0,0.0,0.5,0.0,64.817,0.000,0.0,655733.0
2026-09-01T05:32:29,0.2,4830,1547350,1531373,0.3,0.00,0.64,0.00,2.56,0.00,0.00,0.00,4.0,95830.0,95347.0,0.0,0.0,0.5,0.0,64.832,0.000,0.0,676006.5
2026-09-01T05:32:30,0.2,4832,1547350,1531372,0.3,0.00,1.78,0.00,14.79,0.00,0.33,0.00,4.0,95830.0,95347.0,0.0,0.0,0.5,0.0,64.805,0.000,0.0,650461.0
2026-09-01T05:32:32,0.2,4832,1547350,1531372,0.3,0.00,0.56,0.00,2.25,0.00,0.00,0.00,4.0,95830.0,95347.0,0.0,0.0,0.5,0.0,64.792,0.000,0.0,644312.5
2026-09-01T05:32:34,0.2,4832,1547350,1531371,0.3,0.00,0.71,0.00,2.84,0.00,0.00,0.00,4.0,95830.0,95347.0,0.0,0.0,0.5,0.0,64.736,0.000,0.0,651899.0
2026-09-01T05:32:35,0.2,4832,1547350,1531372,0.3,0.00,3.18,0.00,14.83,0.00,0.00,0.00,4.0,95830.0,95347.0,0.0,0.0,0.5,0.0,64.754,0.000,0.0,678244.0
2026-09-01T05:32:37,0.2,4832,1547350,1531372,0.3,0.00,0.51,0.00,2.02,0.00,0.00,0.00,4.0,95830.0,95347.0,0.0,0.0,0.5,0.0,64.715,0.000,0.0,647640.5
2026-09-01T05:32:39,0.2,4832,1547350,1531372,0.3,0.00,0.49,0.00,1.97,0.00,0.00,0.00,4.0,95830.0,95347.0,0.0,0.0,0.5,0.0,64.762,0.000,0.0,645068.5
2026-09-01T05:32:41,0.2,4832,1547350,1531372,0.3,0.00,0.51,0.00,2.05,0.00,0.00,0.00,4.0,95830.0,95347.0,0.0,0.0,0.5,0.0,64.706,0.000,0.0,652416.0
2026-09-01T05:32:43,0.2,4833,1547350,1531371,0.3,0.00,0.49,0.00,1.97,0.00,0.00,0.00,4.0,95830.0,95347.0,0.0,0.0,0.5,0.0,64.723,0.000,0.0,651931.5
2026-09-01T05:32:45,0.2,4833,1547350,1531370,0.3,0.00,0.99,0.00,3.97,0.00,0.00,0.00,4.0,95830.0,95347.0,0.0,0.0,0.5,0.0,64.656,0.000,0.0,642286.5
2026-09-01T05:32:47,0.2,4834,1547350,1531370,0.3,0.00,0.49,0.00,1.94,0.00,0.00,0.00,4.0,95830.0,95347.0,0.0,0.0,0.5,0.0,64.666,0.000,0.0,701477.5
2026-09-01T05:32:48,0.2,4833,1547350,1531371,0.3,0.00,0.99,0.00,3.96,0.00,1.00,0.00,4.0,95830.0,95347.0,0.0,0.0,0.5,0.0,64.695,0.000,0.0,698730.5
2026-09-01T05:32:50,0.2,4834,1547350,1531370,0.3,0.00,0.84,0.00,3.36,0.00,0.00,0.00,4.0,95830.0,95347.0,0.0,0.0,0.5,0.0,64.668,0.000,0.0,647342.0
2026-09-01T05:32:52,0.2,4835,1547350,1531369,0.3,0.00,1.51,0.00,6.05,0.00,0.00,0.00,4.0,95830.0,95347.0,0.0,0.0,0.5,0.0,64.668,0.000,0.0,647004.5
2026-09-01T05:32:53,0.2,4835,1547350,1531369,0.3,0.00,0.55,0.00,2.20,0.00,0.00,0.00,4.0,95830.0,95347.0,0.0,0.0,0.5,0.0,64.650,0.000,0.0,691355.0
2026-09-01T05:32:55,0.2,4835,1547350,1531369,0.3,0.00,0.93,0.00,3.72,0.00,0.00,0.00,4.0,95830.0,95347.0,0.0,0.0,0.5,0.0,64.666,0.000,0.0,663777.5
2026-09-01T05:32:56,0.2,4835,1547350,1531369,0.3,0.00,0.60,0.00,2.42,0.00,0.00,0.00,4.0,95830.0,95347.0,0.0,0.0,0.5,0.0,64.668,0.000,0.0,689680.5
2026-09-01T05:32:57,0.2,4834,1547350,1531370,0.3,0.00,0.82,0.00,3.28,0.00,0.00,0.00,4.0,95830.0,95347.0,0.0,0.0,0.5,0.0,64.665,0.000,0.0,689658.0
2026-09-01T05:32:59,0.2,4836,1547350,1531368,0.3,0.00,0.88,0.00,3.51,0.00,0.00,0.00,4.0,95830.0,95347.0,0.0,0.0,0.5,0.0,64.641,0.000,0.0,660564.5
2026-09-01T05:33:00,0.2,4835,1547350,1531369,0.3,0.00,4.61,0.00,40.87,0.00,0.00,0.00,4.0,95830.0,95347.0,0.0,0.0,0.5,0.0,64.668,0.000,0.0,662599.0
2026-09-01T05:33:02,0.3,4840,1547350,1531364,0.3,0.00,0.64,0.00,2.58,0.00,0.00,0.00,4.0,95830.0,95347.0,0.0,0.0,0.5,0.0,64.652,0.000,0.0,674114.5
2026-09-01T05:33:03,0.2,4841,1547350,1531362,0.3,0.00,0.92,0.00,3.68,0.00,0.00,0.00,4.0,95830.0,95347.0,0.0,0.0,0.5,0.0,64.630,0.000,0.0,674114.5
2026-09-01T05:33:03,0.2,4840,1547350,1531363,0.3,0.00,1.47,0.00,5.88,0.00,1.00,0.00,4.0,95830.0,95347.0,0.0,0.0,0.5,0.0,64.642,0.000,0.0,751803.0
2026-09-01T05:33:04,0.2,4840,1547350,1531363,0.3,0.00,1.12,0.00,4.50,0.00,0.00,0.00,4.0,95830.0,95347.0,0.0,0.0,0.5,0.0,64.649,0.000,0.0,676964.5
2026-09-01T05:33:06,0.2,4841,1547350,1531363,0.3,0.00,0.63,0.00,2.51,0.00,0.00,0.00,4.0,95830.0,95347.0,0.0,0.0,0.5,0.0,64.638,0.000,0.0,696128.0
2026-09-01T05:33:08,0.2,4840,1547350,1531364,0.3,0.00,0.62,0.00,2.46,0.00,0.00,0.00,4.0,95830.0,95347.0,0.0,0.0,0.5,0.0,64.638,0.000,0.0,640026.5
2026-09-01T05:33:09,0.2,4840,1547350,1531364,0.3,0.00,0.61,0.00,2.45,0.00,0.00,0.00,4.0,95830.0,95347.0,0.0,0.0,0.5,0.0,64.654,0.000,0.0,697040.5
2026-09-01T05:33:10,0.2,4840,1547350,1531364,0.3,0.00,0.78,0.00,3.13,0.00,0.00,0.00,4.0,95830.0,95347.0,0.0,0.0,0.5,0.0,64.646,0.000,0.0,714339.5
2026-09-01T05:33:12,0.2,4841,1547350,1531363,0.3,0.00,0.67,0.00,2.67,0.00,0.00,0.00,4.0,95830.0,95347.0,0.0,0.0,0.5,0.0,64.635,0.000,0.0,714339.5
2026-09-01T05:33:13,0.2,4842,1547350,1531362,0.3,0.00,0.97,0.00,3.87,0.00,0.00,0.00,4.0,95830.0,95347.0,0.0,0.0,0.5,0.0,64.631,0.000,0.0,690613.5
2026-09-01T05:33:14,0.2,4842,1547350,1531362,0.3,0.00,0.83,0.00,3.30,0.00,0.00,0.00,4.0,95830.0,95347.0,0.0,0.0,0.5,0.0,64.653,0.000,0.0,654831.0
2026-09-01T05:33:16,0.2,4842,1547350,1531362,0.3,0.00,0.62,0.00,2.47,0.00,0.00,0.00,4.0,95830.0,95347.0,0.0,0.0,0.5,0.0,64.642,0.000,0.0,656861.5
2026-09-01T05:33:18,0.2,4843,1547350,1531361,0.3,0.00,1.11,0.00,4.43,0.00,0.00,0.00,4.0,95830.0,95347.0,0.0,0.0,0.5,0.0,64.636,0.000,0.0,656861.5
2026-09-01T05:33:18,0.2,4843,1547350,1531360,0.3,0.00,1.24,0.00,4.98,0.00,0.00,0.00,4.0,95830.0,95347.0,0.0,0.0,0.5,0.0,64.639,0.000,0.0,685866.5
2026-09-01T05:33:20,0.2,4844,1547350,1531360,0.3,0.00,0.70,0.00,2.80,0.00,0.00,0.00,4.0,95830.0,95347.0,0.0,0.0,0.5,0.0,64.637,0.000,0.0,673703.0
2026-09-01T05:33:22,0.2,4846,1547350,1531358,0.3,0.00,0.56,0.00,2.26,0.00,0.00,0.00,4.0,95830.0,95347.0,0.0,0.0,0.5,0.0,64.627,0.000,0.0,655913.0
2026-09-01T05:33:23,0.2,4845,1547350,1531358,0.3,0.00,0.54,0.00,2.17,0.00,0.00,0.00,4.0,95830.0,95347.0,0.0,0.0,0.5,0.0,64.648,0.000,0.0,645220.5
2026-09-01T05:33:26,0.2,4845,1547350,1531359,0.3,0.00,0.46,0.00,1.85,0.00,0.00,0.00,4.0,95830.0,95347.0,0.0,0.0,0.5,0.0,64.626,0.000,0.0,639987.0
2026-09-01T05:33:28,0.2,4845,1547350,1531358,0.3,0.00,0.96,0.00,3.84,0.00,0.00,0.00,4.0,95830.0,95347.0,0.0,0.0,0.5,0.0,64.633,0.000,0.0,718960.0
2026-09-01T05:33:29,0.2,4846,1547350,1531358,0.3,0.00,0.94,0.00,3.75,0.00,0.00,0.00,4.0,95830.0,95347.0,0.0,0.0,0.5,0.0,64.639,0.000,0.0,652195.0
2026-09-01T05:33:31,0.2,4845,1547350,1531359,0.3,0.00,3.11,0.00,17.34,0.00,0.17,0.00,4.0,95830.0,95347.0,0.0,0.0,0.5,0.0,64.657,0.000,0.0,652195.0
2026-09-01T05:33:31,0.2,4845,1547350,1531359,0.3,0.00,1.28,0.00,5.10,0.00,0.00,0.00,4.0,95830.0,95347.0,0.0,0.0,0.5,0.0,64.634,0.000,0.0,668872.0
2026-09-01T05:33:34,0.2,4844,1547350,1531359,0.3,0.00,2.92,0.00,11.67,0.00,0.00,0.00,4.0,95830.0,95347.0,0.0,0.0,0.5,0.0,64.645,0.000,0.0,645456.0
2026-09-01T05:33:35,0.2,4845,1547350,1531359,0.3,0.00,0.56,0.00,2.23,0.00,0.00,0.00,4.0,95830.0,95347.0,0.0,0.0,0.5,0.0,64.626,0.000,0.0,654660.5
2026-09-01T05:33:37,0.2,4845,1547350,1531359,0.3,0.00,0.61,0.00,2.45,0.00,0.00,0.00,4.0,95830.0,95347.0,0.0,0.0,0.5,0.0,64.644,0.000,0.0,687976.5
2026-09-01T05:33:38,0.2,4845,1547350,1531359,0.3,0.00,0.97,0.00,3.87,0.00,0.00,0.00,4.0,95830.0,95347.0,0.0,0.0,0.5,0.0,64.629,0.000,0.0,680836.0
2026-09-01T05:33:40,0.2,4845,1547350,1531359,0.3,0.00,0.59,0.00,2.36,0.00,1.00,0.00,4.0,95830.0,95347.0,0.0,0.0,0.5,0.0,64.625,0.000,0.0,665168.0
2026-09-01T05:33:41,0.2,4845,1547350,1531359,0.3,0.00,0.89,0.00,3.56,0.00,0.00,0.00,4.0,95830.0,95347.0,0.0,0.0,0.5,0.0,64.629,0.000,0.0,649468.0
2026-09-01T05:33:43,0.2,4845,1547350,1531359,0.3,0.00,1.11,0.00,4.42,0.00,0.00,0.00,4.0,95830.0,95347.0,0.0,0.0,0.5,0.0,64.642,0.000,0.0,636976.0
2026-09-01T05:33:45,0.2,4845,1547350,1531359,0.3,0.00,0.50,0.00,1.99,0.00,0.00,0.00,4.0,95830.0,95347.0,0.0,0.0,0.5,0.0,64.624,0.000,0.0,661231.5
2026-09-01T05:33:47,0.2,4845,1547350,1531359,0.3,0.00,0.50,0.00,1.99,0.00,0.00,0.00,4.0,95830.0,95347.0,0.0,0.0,0.5,0.0,64.632,0.000,0.0,650719.5
2026-09-01T05:33:48,0.2,4844,1547350,1531360,0.3,0.00,0.56,0.00,2.24,0.00,0.00,0.00,4.0,95830.0,95347.0,0.0,0.0,0.5,0.0,64.632,0.000,0.0,648305.0
2026-09-01T05:33:50,0.2,4844,1547350,1531359,0.3,0.00,0.47,0.00,1.90,0.00,0.00,0.00,4.0,95830.0,95347.0,0.0,0.0,0.5,0.0,64.627,0.000,0.0,644981.5
2026-09-01T05:33:52,0.2,4845,1547350,1531359,0.3,0.00,0.62,0.00,2.50,0.00,0.00,0.00,4.0,95830.0,95347.0,0.0,0.0,0.5,0.0,64.624,0.000,0.0,658083.0
2026-09-01T05:33:54,0.2,4845,1547350,1531359,0.3,0.00,0.51,0.00,2.03,0.00,0.00,0.00,4.0,95830.0,95347.0,0.0,0.0,0.5,0.0,64.629,0.000,0.0,659935.0
2026-09-01T05:33:56,0.2,4845,1547350,1531359,0.3,0.00,0.48,0.00,1.93,0.00,0.00,0.00,4.0,95830.0,95347.0,0.0,0.0,0.5,0.0,64.641,0.000,0.0,701682.5
2026-09-01T05:33:58,0.2,4844,1547350,1531359,0.3,0.00,1.23,0.00,7.41,0.00,0.00,0.06,4.0,95830.0,95347.0,0.0,0.0,0.5,0.0,64.638,0.000,0.0,703442.0
2026-09-01T05:33:59,0.2,4845,1547350,1531358,0.3,0.00,0.61,0.00,2.45,0.00,0.00,0.00,4.0,95830.0,95347.0,0.0,0.0,0.5,0.0,64.647,0.000,0.0,683665.0
2026-09-01T05:34:00,0.2,4845,1547350,1531359,0.3,0.00,8.41,0.00,71.51,0.00,0.14,0.00,4.0,95830.0,95347.0,0.0,0.0,0.5,0.0,64.649,0.000,0.0,837353.5
2026-09-01T05:34:02,0.3,4853,1547350,1531350,0.3,0.00,0.75,0.00,3.02,0.00,0.00,0.00,4.0,95830.0,95347.0,0.0,0.0,0.5,0.0,64.631,0.000,0.0,650656.0
2026-09-01T05:34:04,0.2,4854,1547350,1531350,0.3,0.00,0.48,0.00,1.94,0.00,0.00,0.00,4.0,95830.0,95347.0,0.0,0.0,0.5,0.0,64.646,0.000,0.0,674212.0
2026-09-01T05:34:05,0.2,4855,1547350,1531349,0.3,0.00,0.65,0.00,2.61,0.00,0.00,0.00,4.0,95830.0,95347.0,0.0,0.0,0.5,0.0,64.656,0.000,0.0,676485.0
2026-09-01T05:34:07,0.2,4856,1547350,1531348,0.3,0.00,0.60,0.00,2.40,0.00,0.00,0.00,4.0,95830.0,95347.0,0.0,0.0,0.5,0.0,64.635,0.000,0.0,659093.5
2026-09-01T05:34:08,0.2,4855,1547350,1531349,0.3,0.00,0.72,0.00,2.89,0.00,0.00,0.00,4.0,95830.0,95347.0,0.0,0.0,0.5,0.0,64.636,0.000,0.0,659093.5
2026-09-01T05:34:09,0.2,4855,1547350,1531349,0.3,0.00,1.18,0.00,4.71,0.00,0.00,0.00,4.0,95830.0,95347.0,0.0,0.0,0.5,0.0,64.623,0.000,0.0,697074.0
2026-09-01T05:34:11,0.2,4856,1547350,1531348,0.3,0.00,0.62,0.00,2.49,0.00,0.00,0.00,4.0,95830.0,95347.0,0.0,0.0,0.5,0.0,64.624,0.000,0.0,657943.5
2026-09-01T05:34:12,0.2,4854,1547350,1531350,0.3,0.00,0.64,0.00,2.57,0.00,0.00,0.00,4.0,95830.0,95347.0,0.0,0.0,0.5,0.0,64.639,0.000,0.0,703124.0
2026-09-01T05:34:14,0.2,4854,1547350,1531349,0.3,0.00,0.67,0.00,2.69,0.00,0.00,0.00,4.0,95830.0,95347.0,0.0,0.0,0.5,0.0,64.662,0.000,0.0,684205.0
2026-09-01T05:34:15,0.2,4855,1547350,1531349,0.3,0.00,0.72,0.00,2.89,0.00,0.00,0.00,4.0,95830.0,95347.0,0.0,0.0,0.5,0.0,64.653,0.000,0.0,666792.5
2026-09-01T05:34:18,0.3,4856,1547350,1531348,0.3,0.00,0.75,0.00,3.01,0.00,0.00,0.00,4.0,95830.0,95347.0,0.0,0.0,0.5,0.0,64.622,0.000,0.0,644598.5
2026-09-01T05:34:20,0.2,4856,1547350,1531348,0.3,0.00,0.49,0.00,1.97,0.00,0.00,0.00,4.0,95830.0,95347.0,0.0,0.0,0.5,0.0,64.619,0.000,0.0,652021.0
2026-09-01T05:34:22,0.2,4856,1547350,1531347,0.3,0.00,0.56,0.00,2.25,0.00,0.00,0.00,4.0,95830.0,95347.0,0.0,0.0,0.5,0.0,64.633,0.000,0.0,654265.5
2026-09-01T05:34:23,0.2,4858,1547350,1531346,0.3,0.00,0.57,0.00,2.27,0.00,0.00,0.00,4.0,95830.0,95347.0,0.0,0.0,0.5,0.0,64.629,0.000,0.0,653797.5
2026-09-01T05:34:25,0.3,4866,1547350,1531338,0.3,0.00,0.54,0.00,2.16,0.00,0.00,0.00,4.0,95830.0,95347.0,0.0,0.0,0.5,0.0,64.635,0.000,0.0,646101.5
2026-09-01T05:34:27,0.2,4872,1547350,1531332,0.3,0.00,0.52,0.00,2.10,0.00,0.00,0.00,4.0,95830.0,95347.0,0.0,0.0,0.5,0.0,64.629,0.000,0.0,664502.5
2026-09-01T05:34:29,0.2,4872,1547350,1531331,0.3,0.00,1.06,0.00,4.23,0.00,0.50,0.00,4.0,95830.0,95347.0,0.0,0.0,0.5,0.0,64.653,0.000,0.0,660228.5
2026-09-01T05:34:30,0.2,4873,1547350,1531331,0.3,0.00,1.66,0.00,17.44,0.00,0.00,0.00,4.0,95830.0,95347.0,0.0,0.0,0.5,0.0,64.639,0.000,0.0,648049.0
2026-09-01T05:34:32,0.2,4872,1547350,1531332,0.3,0.00,0.46,0.00,1.84,0.00,0.00,0.00,4.0,95830.0,95347.0,0.0,0.0,0.5,0.0,64.642,0.000,0.0,661783.0
2026-09-01T05:34:34,0.2,4872,1547350,1531332,0.3,0.00,3.86,0.00,17.99,0.00,0.00,0.00,4.0,95830.0,95347.0,0.0,0.0,0.5,0.0,64.633,0.000,0.0,647262.5
2026-09-01T05:34:36,0.2,4872,1547350,1531332,0.3,0.00,0.57,0.00,2.30,0.00,0.00,0.00,4.0,95830.0,95347.0,0.0,0.0,0.5,0.0,64.632,0.000,0.0,647262.5
2026-09-01T05:34:37,0.2,4873,1547350,1531331,0.3,0.00,0.99,0.00,3.96,0.00,0.00,0.00,4.0,95830.0,95347.0,0.0,0.0,0.5,0.0,64.638,0.000,0.0,682652.5
2026-09-01T05:34:39,0.2,4872,1547350,1531332,0.3,0.00,0.50,0.00,2.00,0.00,0.00,0.00,4.0,95830.0,95347.0,0.0,0.0,0.5,0.0,64.638,0.000,0.0,654039.0
2026-09-01T05:34:40,0.2,4872,1547350,1531332,0.3,0.00,0.66,0.00,2.65,0.00,0.00,0.00,4.0,95830.0,95347.0,0.0,0.0,0.5,0.0,64.624,0.000,0.0,652195.0
2026-09-01T05:34:42,0.2,4872,1547350,1531332,0.3,0.00,0.52,0.00,2.06,0.00,0.00,0.00,4.0,95830.0,95347.0,0.0,0.0,0.5,0.0,64.632,0.000,0.0,823337.5
2026-09-01T05:34:44,0.2,4872,1547350,1531331,0.3,0.00,1.26,0.00,5.03,0.00,0.00,0.00,4.0,95830.0,95347.0,0.0,0.0,0.5,0.0,64.666,0.000,0.0,649411.0
2026-09-01T05:34:45,0.2,4873,1547350,1531331,0.3,0.00,0.57,0.00,2.28,0.00,1.00,0.00,4.0,95830.0,95347.0,0.0,0.0,0.5,0.0,64.629,0.000,0.0,651797.0
2026-09-01T05:34:47,0.2,4873,1547350,1531330,0.3,0.00,0.49,0.00,1.96,0.00,0.00,0.00,4.0,95830.0,95347.0,0.0,0.0,0.5,0.0,64.665,0.000,0.0,643094.5
2026-09-01T05:34:50,0.2,4875,1547350,1531329,0.3,0.00,0.45,0.00,1.79,0.00,0.00,0.00,4.0,95830.0,95347.0,0.0,0.0,0.5,0.0,64.626,0.000,0.0,656326.0
2026-09-01T05:34:51,0.2,4875,1547350,1531328,0.3,0.00,0.69,0.00,2.75,0.00,0.00,0.00,4.0,95830.0,95347.0,0.0,0.0,0.5,0.0,64.622,0.000,0.0,676797.5
2026-09-01T05:34:52,0.2,4875,1547350,1531329,0.3,0.00,0.79,0.00,3.15,0.00,0.00,0.00,4.0,95830.0,95347.0,0.0,0.0,0.5,0.0,64.636,0.000,0.0,676797.5
2026-09-01T05:34:53,0.3,4875,1547350,1531329,0.3,0.00,1.77,0.00,7.09,0.00,0.00,0.00,4.0,95830.0,95347.0,0.0,0.0,0.5,0.0,64.630,0.000,0.0,688064.5
2026-09-01T05:34:55,0.2,4875,1547350,1531328,0.3,0.00,0.48,0.00,1.94,0.00,0.00,0.00,4.0,95830.0,95347.0,0.0,0.0,0.5,0.0,64.633,0.000,0.0,655352.0
2026-09-01T05:34:56,0.2,4876,1547350,1531328,0.3,0.00,0.87,0.00,3.50,0.00,0.00,0.00,4.0,95830.0,95347.0,0.0,0.0,0.5,0.0,64.645,0.000,0.0,651114.5
2026-09-01T05:34:58,0.2,4876,1547350,1531328,0.3,0.00,0.44,0.00,1.77,0.00,0.00,0.00,4.0,95830.0,95347.0,0.0,0.0,0.5,0.0,64.638,0.000,0.0,655912.0
2026-09-01T05:35:00,0.2,4877,1547350,1531326,0.3,0.00,5.54,0.00,43.41,0.00,0.00,0.00,4.0,95830.0,95347.0,0.0,0.0,0.5,0.0,64.636,0.000,0.0,692804.5
2026-09-01T05:35:01,0.3,4883,1547350,1531320,0.3,0.00,0.82,0.00,3.28,0.00,0.00,0.00,4.0,95830.0,95347.0,0.0,0.0,0.5,0.0,64.625,0.000,0.0,692804.5
2026-09-01T05:35:02,0.2,4883,1547350,1531320,0.3,0.00,1.24,0.00,4.94,0.00,0.00,0.00,4.0,95830.0,95347.0,0.0,0.0,0.5,0.0,64.618,0.000,0.0,679413.0
2026-09-01T05:35:04,0.2,4883,1547350,1531321,0.3,0.00,0.60,0.00,2.40,0.00,1.00,0.00,4.0,95830.0,95347.0,0.0,0.0,0.5,0.0,64.637,0.000,0.0,679413.0
2026-09-01T05:35:04,0.3,4883,1547350,1531320,0.3,0.00,1.73,0.00,6.91,0.00,0.00,0.00,4.0,95830.0,95347.0,0.0,0.0,0.5,0.0,64.623,0.000,0.0,696447.5
2026-09-01T05:35:05,0.2,4883,1547350,1531321,0.3,0.00,1.03,0.00,4.11,0.00,0.00,0.00,4.0,95830.0,95347.0,0.0,0.0,0.5,0.0,64.630,0.000,0.0,706126.0
2026-09-01T05:35:07,0.2,4884,1547350,1531320,0.3,0.00,0.62,0.00,2.46,0.00,0.00,0.00,4.0,95830.0,95347.0,0.0,0.0,0.5,0.0,64.633,0.000,0.0,698317.5
2026-09-01T05:35:08,0.2,4881,1547350,1531323,0.3,0.00,1.47,0.00,5.86,0.00,0.00,0.00,4.0,95830.0,95347.0,0.0,0.0,0.5,0.0,64.614,0.000,0.0,605669.5
2026-09-01T05:35:26,0.1,4881,1547350,1531323,0.3,0.00,0.06,0.00,0.23,0.00,0.00,0.00,4.0,95830.0,95347.0,0.0,0.0,0.5,0.0,64.636,0.000,0.0,658203.0
2026-09-01T05:35:27,0.2,4882,1547350,1531322,0.3,0.00,0.62,0.00,2.48,0.00,0.00,0.00,4.0,95830.0,95347.0,0.0,0.0,0.5,0.0,64.627,0.000,0.0,655919.5
2026-09-01T05:35:29,0.2,4881,1547350,1531322,0.3,0.00,0.62,0.00,2.47,0.00,0.00,0.00,4.0,95830.0,95347.0,0.0,0.0,0.5,0.0,64.618,0.000,0.0,661734.5
2026-09-01T05:35:30,0.2,4881,1547350,1531322,0.3,0.00,0.71,0.00,2.85,0.00,0.00,0.00,4.0,95830.0,95347.0,0.0,0.0,0.5,0.0,64.620,0.000,0.0,680603.5
2026-09-01T05:35:31,0.2,4882,1547350,1531322,0.3,0.00,5.00,0.00,28.75,0.00,0.00,0.00,4.0,95830.0,95347.0,0.0,0.0,0.5,0.0,64.623,0.000,0.0,680603.5
2026-09-01T05:35:32,0.3,4881,1547350,1531322,0.3,0.00,2.45,0.00,9.80,0.00,0.00,0.00,4.0,95830.0,95347.0,0.0,0.0,0.5,0.0,64.626,0.000,0.0,749051.0
2026-09-01T05:35:36,0.2,4881,1547350,1531323,0.3,0.00,1.72,0.00,6.89,0.00,0.14,0.00,4.0,95830.0,95347.0,0.0,0.0,0.5,0.0,64.613,0.000,0.0,622655.5
2026-09-01T05:35:37,0.2,4882,1547350,1531322,0.3,0.00,1.04,0.00,4.18,0.00,0.00,0.00,4.0,95830.0,95347.0,0.0,0.0,0.5,0.0,64.608,0.000,0.0,622655.5
2026-09-01T05:35:38,0.2,4883,1547350,1531321,0.3,0.00,1.04,0.00,4.14,0.00,0.00,0.00,4.0,95830.0,95347.0,0.0,0.0,0.5,0.0,64.594,0.000,0.0,707200.5
2026-09-01T05:35:39,0.2,4883,1547350,1531321,0.3,0.00,0.96,0.00,3.83,0.00,0.00,0.00,4.0,95830.0,95347.0,0.0,0.0,0.5,0.0,64.606,0.000,0.0,679104.5
2026-09-01T05:35:40,0.2,4882,1547350,1531321,0.3,0.00,0.70,0.00,2.82,0.00,0.00,0.00,4.0,95830.0,95347.0,0.0,0.0,0.5,0.0,64.606,0.000,0.0,679104.5
2026-09-01T05:35:41,0.2,4882,1547350,1531321,0.3,0.00,1.66,0.00,6.62,0.00,0.00,0.00,4.0,95830.0,95347.0,0.0,0.0,0.5,0.0,64.602,0.000,0.0,675217.0
2026-09-01T05:35:43,0.2,4882,1547350,1531321,0.3,0.00,0.60,0.00,2.38,0.00,0.00,0.00,4.0,95830.0,95347.0,0.0,0.0,0.5,0.0,64.591,0.000,0.0,658766.5
2026-09-01T05:35:44,0.2,4882,1547350,1531321,0.3,0.00,0.57,0.00,2.29,0.00,0.00,0.00,4.0,95830.0,95347.0,0.0,0.0,0.5,0.0,64.542,0.000,0.0,680865.0
2026-09-01T05:35:46,0.2,4882,1547350,1531322,0.3,0.00,1.43,0.00,5.70,0.00,0.00,0.07,4.0,95830.0,95347.0,0.0,0.0,0.5,0.0,64.608,0.000,0.0,665867.0
2026-09-01T05:35:47,0.2,4881,1547350,1531323,0.3,0.00,0.62,0.00,2.49,0.00,0.00,0.00,4.0,95830.0,95347.0,0.0,0.0,0.5,0.0,64.574,0.000,0.0,665524.5
2026-09-01T05:35:49,0.2,4881,1547350,1531323,0.3,0.00,0.47,0.00,1.90,0.00,0.00,0.00,4.0,95830.0,95347.0,0.0,0.0,0.5,0.0,64.537,0.000,0.0,622478.0
2026-09-01T05:35:52,0.2,4881,1547350,1531323,0.3,0.00,0.43,0.00,1.72,0.00,0.00,0.00,4.0,95830.0,95347.0,0.0,0.0,0.5,0.0,64.564,0.000,0.0,698448.5
2026-09-01T05:35:53,0.2,4881,1547350,1531322,0.3,0.00,0.98,0.00,3.93,0.00,0.00,0.00,4.0,95830.0,95347.0,0.0,0.0,0.5,0.0,64.559,0.000,0.0,658578.0
2026-09-01T05:35:55,0.2,4881,1547350,1531323,0.3,0.00,0.55,0.00,2.19,0.00,0.00,0.00,4.0,95830.0,95347.0,0.0,0.0,0.5,0.0,64.533,0.000,0.0,651309.0
2026-09-01T05:35:56,0.2,4881,1547350,1531323,0.3,0.00,1.12,0.00,4.49,0.00,0.50,0.00,4.0,95830.0,95347.0,0.0,0.0,0.5,0.0,64.567,0.000,0.0,663573.0
2026-09-01T05:35:58,0.2,4882,1547350,1531322,0.3,0.00,0.81,0.00,3.24,0.00,0.00,0.00,4.0,95830.0,95347.0,0.0,0.0,0.5,0.0,64.507,0.000,0.0,619795.5
2026-09-01T05:36:03,0.2,4887,1547350,1531317,0.3,0.00,2.03,0.00,22.78,0.00,0.00,0.00,4.0,95830.0,95347.0,0.0,0.0,0.5,0.0,64.540,0.000,0.0,654384.5
2026-09-01T05:36:04,0.2,4888,1547350,1531316,0.3,0.00,0.68,0.00,2.72,0.00,0.00,0.00,4.0,95830.0,95347.0,0.0,0.0,0.5,0.0,64.531,0.000,0.0,687767.0
2026-09-01T05:36:05,0.2,4887,1547350,1531316,0.3,0.00,0.72,0.00,2.89,0.00,1.00,0.00,4.0,95830.0,95347.0,0.0,0.0,0.5,0.0,64.485,0.000,0.0,687767.0
2026-09-01T05:36:06,0.3,4888,1547350,1531316,0.3,0.00,3.79,0.00,15.15,0.00,0.00,0.00,4.0,95830.0,95347.0,0.0,0.0,0.5,0.0,64.463,0.000,0.0,689798.5
2026-09-01T05:36:08,0.2,4888,1547350,1531315,0.3,0.00,0.66,0.00,2.62,0.00,0.00,0.00,4.0,95830.0,95347.0,0.0,0.0,0.5,0.0,64.492,0.000,0.0,670405.0
2026-09-01T05:36:09,0.2,4888,1547350,1531315,0.3,0.00,0.74,0.00,2.95,0.00,0.00,0.00,4.0,95830.0,95347.0,0.0,0.0,0.5,0.0,64.495,0.000,0.0,677393.5
2026-09-01T05:36:10,0.2,4888,1547350,1531316,0.3,0.00,0.95,0.00,3.82,0.00,0.00,0.00,4.0,95830.0,95347.0,0.0,0.0,0.5,0.0,64.460,0.000,0.0,681219.0
2026-09-01T05:36:12,0.2,4887,1547350,1531317,0.3,0.00,0.59,0.00,2.34,0.00,0.00,0.00,4.0,95830.0,95347.0,0.0,0.0,0.5,0.0,64.500,0.000,0.0,681219.0
2026-09-01T05:36:13,0.2,4888,1547350,1531316,0.3,0.00,1.26,0.00,5.04,0.00,0.00,0.00,4.0,95830.0,95347.0,0.0,0.0,0.5,0.0,64.454,0.000,0.0,683787.5
2026-09-01T05:36:14,0.2,4887,1547350,1531317,0.3,0.00,0.93,0.00,3.72,0.00,0.00,0.09,4.0,95830.0,95347.0,0.0,0.0,0.5,0.0,64.445,0.000,0.0,683787.5
2026-09-01T05:36:15,0.2,4888,1547350,1531316,0.3,0.00,0.92,0.00,3.68,0.00,0.00,0.09,4.0,95830.0,95347.0,0.0,0.0,0.5,0.0,64.460,0.000,0.0,691992.5
2026-09-01T05:36:20,0.2,4888,1547350,1531316,0.3,0.00,0.19,0.00,0.77,0.00,0.00,0.00,4.0,95830.0,95347.0,0.0,0.0,0.5,0.0,64.428,0.000,0.0,623325.5
2026-09-01T05:36:21,0.2,4888,1547350,1531316,0.3,0.00,0.77,0.00,3.09,0.00,0.00,0.00,4.0,95830.0,95347.0,0.0,0.0,0.5,0.0,64.427,0.000,0.0,663871.0
2026-09-01T05:36:23,0.2,4887,1547350,1531317,0.3,0.00,0.59,0.00,2.38,0.00,0.00,0.00,4.0,95830.0,95347.0,0.0,0.0,0.5,0.0,64.456,0.000,0.0,675377.0
2026-09-01T05:36:24,0.2,4887,1547350,1531317,0.3,0.00,0.96,0.00,3.84,0.00,0.00,0.00,4.0,95830.0,95347.0,0.0,0.0,0.5,0.0,64.432,0.000,0.0,661076.0
2026-09-01T05:36:26,0.2,4886,1547350,1531317,0.3,0.00,1.01,0.00,4.05,0.00,0.00,0.00,4.0,95830.0,95347.0,0.0,0.0,0.5,0.0,64.428,0.000,0.0,637592.0
2026-09-01T05:36:28,0.2,4887,1547350,1531317,0.3,0.00,0.49,0.00,1.95,0.00,0.00,0.00,4.0,95830.0,95347.0,0.0,0.0,0.5,0.0,64.395,0.000,0.0,665900.0
2026-09-01T05:36:30,0.2,4886,1547350,1531318,0.3,0.00,0.65,0.00,2.61,0.00,0.00,0.00,4.0,95830.0,95347.0,0.0,0.0,0.5,0.0,64.403,0.000,0.0,665900.0
2026-09-01T05:36:34,0.2,4885,1547350,1531319,0.3,0.00,1.99,0.00,17.94,0.00,0.11,0.00,4.0,95830.0,95347.0,0.0,0.0,0.5,0.0,64.382,0.000,0.0,630425.0
2026-09-01T05:36:36,0.2,4885,1547350,1531318,0.3,0.00,0.67,0.00,2.68,0.00,0.00,0.00,4.0,95830.0,95347.0,0.0,0.0,0.5,0.0,64.389,0.000,0.0,661781.5
2026-09-01T05:36:43,0.2,4886,1547350,1531318,0.3,0.00,0.39,0.00,1.57,0.00,0.00,0.00,4.0,95830.0,95347.0,0.0,0.0,0.5,0.0,64.363,0.000,0.0,629512.0
2026-09-01T05:36:45,0.2,4886,1547350,1531318,0.3,0.00,0.63,0.00,2.51,0.00,0.00,0.06,4.0,95830.0,95347.0,0.0,0.0,0.5,0.0,64.362,0.000,0.0,629512.0
2026-09-01T05:36:46,0.2,4886,1547350,1531318,0.3,0.00,0.62,0.00,2.47,0.00,0.00,0.00,4.0,95830.0,95347.0,0.0,0.0,0.5,0.0,64.379,0.000,0.0,677556.5
2026-09-01T05:36:47,0.2,4885,1547350,1531318,0.3,0.00,0.98,0.00,3.93,0.00,0.00,0.00,4.0,95830.0,95347.0,0.0,0.0,0.5,0.0,64.375,0.000,0.0,661248.5
2026-09-01T05:36:49,0.2,4885,1547350,1531318,0.3,0.00,0.60,0.00,2.39,0.00,1.00,0.00,4.0,95830.0,95347.0,0.0,0.0,0.5,0.0,64.384,0.000,0.0,695178.0
2026-09-01T05:36:50,0.2,4885,1547350,1531318,0.3,0.00,0.91,0.00,3.64,0.00,0.00,0.00,4.0,95830.0,95347.0,0.0,0.0,0.5,0.0,64.380,0.000,0.0,647938.0
2026-09-01T05:36:52,0.2,4886,1547350,1531318,0.3,0.00,0.52,0.00,2.08,0.00,0.00,0.00,4.0,95830.0,95347.0,0.0,0.0,0.5,0.0,64.332,0.000,0.0,654279.5
2026-09-01T05:36:54,0.2,4886,1547350,1531318,0.3,0.00,0.58,0.00,2.31,0.00,0.00,0.00,4.0,95830.0,95347.0,0.0,0.0,0.5,0.0,64.368,0.000,0.0,620845.0
2026-09-01T05:36:58,0.2,4885,1547350,1531318,0.3,0.00,0.24,0.00,0.95,0.00,0.00,0.00,4.0,95830.0,95347.0,0.0,0.0,0.5,0.0,64.359,0.000,0.0,678193.5
2026-09-01T05:37:00,0.2,4886,1547350,1531317,0.3,0.00,0.60,0.00,2.41,0.00,0.00,0.00,4.0,95830.0,95347.0,0.0,0.0,0.5,0.0,64.323,0.000,0.0,678193.5
2026-09-01T05:37:00,0.2,4886,1547350,1531318,0.3,0.00,2.41,0.00,9.64,0.00,0.00,0.00,4.0,95830.0,95347.0,0.0,0.0,0.5,0.0,64.349,0.000,0.0,689857.0
2026-09-01T05:37:02,0.3,4892,1547350,1531312,0.3,0.00,5.31,0.00,42.44,0.00,0.00,0.00,4.0,95830.0,95347.0,0.0,0.0,0.5,0.0,64.364,0.000,0.0,681536.0
2026-09-01T05:37:03,0.2,4892,1547350,1531311,0.3,0.00,1.95,0.00,11.70,0.00,0.00,0.00,4.0,95830.0,95347.0,0.0,0.0,0.5,0.0,64.347,0.000,0.0,682635.5
2026-09-01T05:37:04,0.2,4892,1547350,1531312,0.3,0.00,0.84,0.00,3.36,0.00,0.00,0.00,4.0,95830.0,95347.0,0.0,0.0,0.5,0.0,64.359,0.000,0.0,693146.5
2026-09-01T05:37:05,0.2,4891,1547350,1531312,0.3,0.00,0.98,0.00,3.92,0.00,0.00,0.00,4.0,95830.0,95347.0,0.0,0.0,0.5,0.0,64.343,0.000,0.0,670218.5
2026-09-01T05:37:06,0.2,4890,1547350,1531313,0.3,0.00,0.69,0.00,2.75,0.00,0.00,0.00,4.0,95830.0,95347.0,0.0,0.0,0.5,0.0,64.365,0.000,0.0,689738.5
2026-09-01T05:37:08,0.2,4890,1547350,1531313,0.3,0.00,1.43,0.00,8.57,0.00,0.50,0.00,4.0,95830.0,95347.0,0.0,0.0,0.5,0.0,64.341,0.000,0.0,662313.0
2026-09-01T05:37:09,0.2,4891,1547350,1531313,0.3,0.00,0.75,0.00,2.99,0.00,0.00,0.00,4.0,95830.0,95347.0,0.0,0.0,0.5,0.0,64.314,0.000,0.0,667381.5
2026-09-01T05:37:11,0.2,4891,1547350,1531313,0.3,0.00,0.68,0.00,2.71,0.00,0.00,0.00,4.0,95830.0,95347.0,0.0,0.0,0.5,0.0,64.334,0.000,0.0,658273.0
2026-09-01T05:37:12,0.2,4889,1547350,1531314,0.3,0.00,0.67,0.00,2.68,0.00,0.00,0.00,4.0,95830.0,95347.0,0.0,0.0,0.5,0.0,64.338,0.000,0.0,747742.5
2026-09-01T05:37:13,0.2,4890,1547350,1531314,0.3,0.00,0.70,0.00,2.79,0.00,0.00,0.00,4.0,95830.0,95347.0,0.0,0.0,0.5,0.0,64.362,0.000,0.0,708493.0
2026-09-01T05:37:15,0.2,4889,1547350,1531314,0.3,0.00,0.69,0.00,2.77,0.00,0.00,0.00,4.0,95830.0,95347.0,0.0,0.0,0.5,0.0,64.351,0.000,0.0,659433.0
2026-09-01T05:37:16,0.2,4890,1547350,1531314,0.3,0.00,0.64,0.00,2.57,0.00,0.00,0.00,4.0,95830.0,95347.0,0.0,0.0,0.5,0.0,64.332,0.000,0.0,659433.0
2026-09-01T05:37:17,0.2,4890,1547350,1531314,0.3,0.00,1.58,0.00,6.32,0.00,0.00,0.00,4.0,95830.0,95347.0,0.0,0.0,0.5,0.0,64.333,0.000,0.0,685007.5
2026-09-01T05:37:19,0.2,4889,1547350,1531314,0.3,0.00,0.60,0.00,2.39,0.00,0.00,0.00,4.0,95830.0,95347.0,0.0,0.0,0.5,0.0,64.328,0.000,0.0,685007.5
2026-09-01T05:37:19,0.2,4890,1547350,1531314,0.3,0.00,1.71,0.00,6.85,0.00,0.00,0.00,4.0,95830.0,95347.0,0.0,0.0,0.5,0.0,64.325,0.000,0.0,723023.5
2026-09-01T05:37:20,0.2,4890,1547350,1531313,0.3,0.00,1.27,0.00,5.08,0.00,0.00,0.13,4.0,95830.0,95347.0,0.0,0.0,0.5,0.0,64.309,0.000,0.0,692140.5
2026-09-01T05:37:21,0.2,4890,1547350,1531314,0.3,0.00,1.01,0.00,4.02,0.00,0.00,0.00,4.0,95830.0,95347.0,0.0,0.0,0.5,0.0,64.328,0.000,0.0,642739.5
2026-09-01T05:37:23,0.2,4891,1547350,1531313,0.3,0.00,0.54,0.00,2.16,0.00,0.00,0.00,4.0,95830.0,95347.0,0.0,0.0,0.5,0.0,64.304,0.000,0.0,666867.0
2026-09-01T05:37:25,0.2,4892,1547350,1531312,0.3,0.00,0.66,0.00,2.63,0.00,0.00,0.00,4.0,95830.0,95347.0,0.0,0.0,0.5,0.0,64.318,0.000,0.0,655891.0
2026-09-01T05:37:26,0.2,4893,1547350,1531311,0.3,0.00,0.60,0.00,2.40,0.00,0.00,0.00,4.0,95830.0,95347.0,0.0,0.0,0.5,0.0,64.326,0.000,0.0,661627.5
2026-09-01T05:37:28,0.2,4892,1547350,1531311,0.3,0.00,0.60,0.00,2.41,0.00,0.00,0.00,4.0,95830.0,95347.0,0.0,0.0,0.5,0.0,64.322,0.000,0.0,680731.5
2026-09-01T05:37:29,0.2,4893,1547350,1531311,0.3,0.00,0.98,0.00,3.90,0.00,0.00,0.00,4.0,95830.0,95347.0,0.0,0.0,0.5,0.0,64.293,0.000,0.0,661435.5
2026-09-01T05:37:30,0.3,4893,1547350,1531311,0.3,0.00,0.70,0.00,2.80,0.00,0.00,0.00,4.0,95830.0,95347.0,0.0,0.0,0.5,0.0,64.310,0.000,0.0,698892.0
2026-09-01T05:37:32,0.2,4892,1547350,1531311,0.3,0.00,5.69,0.00,39.45,0.00,0.12,0.07,4.0,95830.0,95347.0,0.0,0.0,0.5,0.0,64.283,0.000,0.0,698892.0
2026-09-01T05:37:33,0.2,4893,1547350,1531310,0.3,0.00,7.74,0.00,36.13,0.00,0.00,0.00,4.0,95830.0,95347.0,0.0,0.0,0.5,0.0,64.299,0.000,0.0,677812.5
2026-09-01T05:37:34,0.2,4894,1547350,1531310,0.3,0.00,0.55,0.00,2.21,0.00,1.00,0.00,4.0,95830.0,95347.0,0.0,0.0,0.5,0.0,64.323,0.000,0.0,680885.5
2026-09-01T05:37:35,0.2,4893,1547350,1531311,0.3,0.00,0.86,0.00,3.45,0.00,0.00,0.00,4.0,95830.0,95347.0,0.0,0.0,0.5,0.0,64.317,0.000,0.0,680885.5
2026-09-01T05:37:36,0.2,4893,1547350,1531311,0.3,0.00,1.56,0.00,6.23,0.00,0.00,0.00,4.0,95830.0,95347.0,0.0,0.0,0.5,0.0,64.285,0.000,0.0,692764.0
2026-09-01T05:37:38,0.2,4894,1547350,1531310,0.3,0.00,0.64,0.00,2.56,0.00,0.00,0.00,4.0,95830.0,95347.0,0.0,0.0,0.5,0.0,64.277,0.000,0.0,657046.5
2026-09-01T05:37:39,0.2,4894,1547350,1531310,0.3,0.00,0.61,0.00,2.42,0.00,0.00,0.00,4.0,95830.0,95347.0,0.0,0.0,0.5,0.0,64.308,0.000,0.0,691817.0
2026-09-01T05:37:40,0.3,4893,1547350,1531311,0.3,0.00,1.22,0.00,4.90,0.00,0.00,0.00,4.0,95830.0,95347.0,0.0,0.0,0.5,0.0,64.319,0.000,0.0,720694.5
2026-09-01T05:37:41,0.2,4892,1547350,1531312,0.3,0.00,0.82,0.00,3.28,0.00,0.00,0.00,4.0,95830.0,95347.0,0.0,0.0,0.5,0.0,64.290,0.000,0.0,657719.5
2026-09-01T05:37:43,0.2,4892,1547350,1531311,0.3,0.00,1.65,0.00,6.62,0.00,0.00,0.00,4.0,95830.0,95347.0,0.0,0.0,0.5,0.0,64.310,0.000,0.0,654282.0
2026-09-01T05:37:45,0.2,4893,1547350,1531311,0.3,0.00,0.55,0.00,2.21,0.00,0.00,0.00,4.0,95830.0,95347.0,0.0,0.0,0.5,0.0,64.304,0.000,0.0,651613.5
2026-09-01T05:37:47,0.2,4893,1547350,1531311,0.3,0.00,0.50,0.00,1.99,0.00,0.00,0.00,4.0,95830.0,95347.0,0.0,0.0,0.5,0.0,64.249,0.000,0.0,690294.5
2026-09-01T05:37:48,0.2,4894,1547350,1531310,0.3,0.00,1.01,0.00,4.04,0.00,0.00,0.00,4.0,95830.0,95347.0,0.0,0.0,0.5,0.0,64.266,0.000,0.0,676393.0
2026-09-01T05:37:49,0.2,4894,1547350,1531310,0.3,0.00,0.82,0.00,3.29,0.00,0.00,0.00,4.0,95830.0,95347.0,0.0,0.0,0.5,0.0,64.263,0.000,0.0,646732.0
2026-09-01T05:37:51,0.2,4894,1547350,1531310,0.3,0.00,0.49,0.00,1.97,0.00,0.00,0.00,4.0,95830.0,95347.0,0.0,0.0,0.5,0.0,64.267,0.000,0.0,644689.5
2026-09-01T05:37:53,0.2,4894,1547350,1531310,0.3,0.00,0.45,0.00,1.80,0.00,0.00,0.00,4.0,95830.0,95347.0,0.0,0.0,0.5,0.0,64.287,0.000,0.0,713007.0
2026-09-01T05:37:54,0.2,4894,1547350,1531310,0.3,0.00,0.98,0.00,3.93,0.00,0.00,0.00,4.0,95830.0,95347.0,0.0,0.0,0.5,0.0,64.265,0.000,0.0,647014.5
2026-09-01T05:37:56,0.2,4894,1547350,1531310,0.3,0.00,0.49,0.00,1.98,0.00,0.00,0.00,4.0,95830.0,95347.0,0.0,0.0,0.5,0.0,64.265,0.000,0.0,654088.5
2026-09-01T05:37:58,0.2,4894,1547350,1531310,0.3,0.00,1.29,0.00,5.17,0.00,0.50,0.00,4.0,95830.0,95347.0,0.0,0.0,0.5,0.0,64.297,0.000,0.0,657422.0
2026-09-01T05:38:00,0.2,4893,1547350,1531310,0.3,0.00,0.49,0.00,1.95,0.00,0.00,0.00,4.0,95830.0,95347.0,0.0,0.0,0.5,0.0,64.285,0.000,0.0,653993.5
2026-09-01T05:38:02,0.3,4897,1547350,1531306,0.3,0.00,1.98,0.00,15.35,0.00,0.00,0.00,4.0,95830.0,95347.0,0.0,0.0,0.5,0.0,64.267,0.000,0.0,654227.0
2026-09-01T05:38:04,0.2,4898,1547350,1531306,0.3,0.00,0.68,0.00,2.74,0.00,0.00,0.00,4.0,95830.0,95347.0,0.0,0.0,0.5,0.0,64.296,0.000,0.0,665910.5
2026-09-01T05:38:05,0.2,4897,1547350,1531307,0.3,0.00,0.78,0.00,3.10,0.00,0.00,0.00,4.0,95830.0,95347.0,0.0,0.0,0.5,0.0,64.290,0.000,0.0,662716.5
2026-09-01T05:38:06,0.2,4896,1547350,1531307,0.3,0.00,0.63,0.00,2.53,0.00,0.00,0.00,4.0,95830.0,95347.0,0.0,0.0,0.5,0.0,64.258,0.000,0.0,658754.5
2026-09-01T05:38:08,0.2,4896,1547350,1531308,0.3,0.00,0.61,0.00,2.43,0.00,0.00,0.00,4.0,95830.0,95347.0,0.0,0.0,0.5,0.0,64.251,0.000,0.0,657863.5
2026-09-01T05:38:09,0.2,4896,1547350,1531308,0.3,0.00,0.73,0.00,2.92,0.00,0.00,0.00,4.0,95830.0,95347.0,0.0,0.0,0.5,0.0,64.263,0.000,0.0,657863.5
2026-09-01T05:38:10,0.2,4896,1547350,1531308,0.3,0.00,0.96,0.00,3.85,0.00,0.00,0.00,4.0,95830.0,95347.0,0.0,0.0,0.5,0.0,64.256,0.000,0.0,695067.0
2026-09-01T05:38:12,0.2,4895,1547350,1531309,0.3,0.00,0.62,0.00,2.47,0.00,0.00,0.00,4.0,95830.0,95347.0,0.0,0.0,0.5,0.0,64.237,0.000,0.0,673922.5
2026-09-01T05:38:13,0.2,4895,1547350,1531309,0.3,0.00,1.00,0.00,4.00,0.00,0.00,0.00,4.0,95830.0,95347.0,0.0,0.0,0.5,0.0,64.264,0.000,0.0,690853.5
2026-09-01T05:38:15,0.2,4894,1547350,1531309,0.3,0.00,1.24,0.00,7.42,0.00,0.00,0.00,4.0,95830.0,95347.0,0.0,0.0,0.5,0.0,64.249,0.000,0.0,662900.0
2026-09-01T05:38:16,0.2,4894,1547350,1531310,0.3,0.00,0.62,0.00,2.48,0.00,0.00,0.00,4.0,95830.0,95347.0,0.0,0.0,0.5,0.0,64.256,0.000,0.0,662900.0
2026-09-01T05:38:17,0.2,4894,1547350,1531309,0.3,0.00,1.22,0.00,4.87,0.00,0.00,0.00,4.0,95830.0,95347.0,0.0,0.0,0.5,0.0,64.246,0.000,0.0,680816.0
2026-09-01T05:38:19,0.2,4895,1547350,1531309,0.3,0.00,0.63,0.00,2.53,0.00,0.00,0.00,4.0,95830.0,95347.0,0.0,0.0,0.5,0.0,64.190,0.000,0.0,657860.5
2026-09-01T05:38:20,0.2,4894,1547350,1531310,0.3,0.00,0.61,0.00,2.45,0.00,0.00,0.00,4.0,95830.0,95347.0,0.0,0.0,0.5,0.0,64.215,0.000,0.0,657713.5
2026-09-01T05:38:22,0.2,4894,1547350,1531310,0.3,0.00,0.62,0.00,2.48,0.00,1.00,0.00,4.0,95830.0,95347.0,0.0,0.0,0.5,0.0,64.220,0.000,0.0,657390.0
2026-09-01T05:38:23,0.2,4893,1547350,1531311,0.3,0.00,0.73,0.00,2.90,0.00,0.00,0.00,4.0,95830.0,95347.0,0.0,0.0,0.5,0.0,64.221,0.000,0.0,655190.0
2026-09-01T05:38:25,0.2,4893,1547350,1531310,0.3,0.00,0.61,0.00,2.45,0.00,0.00,0.00,4.0,95830.0,95347.0,0.0,0.0,0.5,0.0,64.234,0.000,0.0,666425.5
2026-09-01T05:38:27,0.2,4893,1547350,1531311,0.3,0.00,0.60,0.00,2.41,0.00,0.00,0.00,4.0,95830.0,95347.0,0.0,0.0,0.5,0.0,64.228,0.000,0.0,666425.5
2026-09-01T05:38:27,0.2,4892,1547350,1531311,0.3,0.00,1.69,0.00,6.78,0.00,0.00,0.00,4.0,95830.0,95347.0,0.0,0.0,0.5,0.0,64.238,0.000,0.0,745612.0
2026-09-01T05:38:28,0.2,4892,1547350,1531312,0.3,0.00,1.54,0.00,6.15,0.00,0.00,0.00,4.0,95830.0,95347.0,0.0,0.0,0.5,0.0,64.234,0.000,0.0,774671.0
2026-09-01T05:38:29,0.2,4893,1547350,1531311,0.3,0.00,0.83,0.00,3.31,0.00,0.00,0.00,4.0,95830.0,95347.0,0.0,0.0,0.5,0.0,64.216,0.000,0.0,650891.5
2026-09-01T05:38:31,0.2,4893,1547350,1531311,0.3,0.00,0.65,0.00,2.60,0.00,0.00,0.00,4.0,95830.0,95347.0,0.0,0.0,0.5,0.0,64.229,0.000,0.0,650891.5
2026-09-01T05:38:32,0.2,4893,1547350,1531311,0.3,0.00,1.17,0.00,4.68,0.00,0.00,0.00,4.0,95830.0,95347.0,0.0,0.0,0.5,0.0,64.219,0.000,0.0,722496.0
2026-09-01T05:38:32,0.2,4893,1547350,1531311,0.3,0.00,9.48,0.00,86.93,0.00,0.11,0.00,4.0,95830.0,95347.0,0.0,0.0,0.5,0.0,64.195,0.000,0.0,648660.5
2026-09-01T05:38:34,0.2,4893,1547350,1531311,0.3,0.00,3.48,0.00,15.90,0.00,0.00,0.00,4.0,95830.0,95347.0,0.0,0.0,0.5,0.0,64.201,0.000,0.0,646878.5
2026-09-01T05:38:36,0.2,4893,1547350,1531311,0.3,0.00,0.50,0.00,2.01,0.00,0.00,0.00,4.0,95830.0,95347.0,0.0,0.0,0.5,0.0,64.202,0.000,0.0,644792.0
2026-09-01T05:38:39,0.2,4892,1547350,1531312,0.3,0.00,0.48,0.00,1.92,0.00,0.00,0.00,4.0,95830.0,95347.0,0.0,0.0,0.5,0.0,64.195,0.000,0.0,647090.5
2026-09-01T05:38:41,0.2,4893,1547350,1531311,0.3,0.00,0.50,0.00,1.99,0.00,0.00,0.00,4.0,95830.0,95347.0,0.0,0.0,0.5,0.0,64.217,0.000,0.0,645290.0
2026-09-01T05:38:42,0.2,4893,1547350,1531311,0.3,0.00,0.56,0.00,2.25,0.00,0.00,0.00,4.0,95830.0,95347.0,0.0,0.0,0.5,0.0,64.207,0.000,0.0,653790.5
2026-09-01T05:38:44,0.2,4893,1547350,1531311,0.3,0.00,1.83,0.00,7.30,0.00,0.00,0.00,4.0,95830.0,95347.0,0.0,0.0,0.5,0.0,64.249,0.000,0.0,651477.0
2026-09-01T05:38:46,0.2,4893,1547350,1531311,0.3,0.00,0.50,0.00,2.00,0.00,0.00,0.00,4.0,95830.0,95347.0,0.0,0.0,0.5,0.0,64.233,0.000,0.0,651477.0
2026-09-01T05:38:47,0.2,4892,1547350,1531311,0.3,0.00,1.01,0.00,4.02,0.00,1.00,0.00,4.0,95830.0,95347.0,0.0,0.0,0.5,0.0,64.174,0.000,0.0,653443.0
2026-09-01T05:38:49,0.2,4892,1547350,1531312,0.3,0.00,0.49,0.00,1.98,0.00,0.00,0.00,4.0,95830.0,95347.0,0.0,0.0,0.5,0.0,64.192,0.000,0.0,662429.0
2026-09-01T05:38:51,0.2,4892,1547350,1531311,0.3,0.00,0.62,0.00,2.50,0.00,0.00,0.00,4.0,95830.0,95347.0,0.0,0.0,0.5,0.0,64.213,0.000,0.0,652462.0
2026-09-01T05:38:52,0.2,4892,1547350,1531312,0.3,0.00,0.64,0.00,2.58,0.00,0.00,0.00,4.0,95830.0,95347.0,0.0,0.0,0.5,0.0,64.217,0.000,0.0,652193.0
2026-09-01T05:38:54,0.2,4892,1547350,1531312,0.3,0.00,0.60,0.00,2.41,0.00,0.00,0.00,4.0,95830.0,95347.0,0.0,0.0,0.5,0.0,64.174,0.000,0.0,645847.0
2026-09-01T05:38:56,0.2,4891,1547350,1531312,0.3,0.00,0.49,0.00,1.95,0.00,0.00,0.00,4.0,95830.0,95347.0,0.0,0.0,0.5,0.0,64.200,0.000,0.0,653826.5
2026-09-01T05:38:58,0.2,4891,1547350,1531313,0.3,0.00,0.50,0.00,2.00,0.00,0.00,0.00,4.0,95830.0,95347.0,0.0,0.0,0.5,0.0,64.205,0.000,0.0,770786.5
2026-09-01T05:38:59,0.3,4891,1547350,1531313,0.3,0.00,1.25,0.00,5.01,0.00,0.00,0.00,4.0,95830.0,95347.0,0.0,0.0,0.5,0.0,64.186,0.000,0.0,770786.5
2026-09-01T05:38:59,0.2,4891,1547350,1531312,0.3,0.00,1.22,0.00,4.88,0.00,0.00,0.00,4.0,95830.0,95347.0,0.0,0.0,0.5,0.0,64.201,0.000,0.0,713206.5
2026-09-01T05:39:01,0.3,4894,1547350,1531310,0.3,0.00,0.82,0.00,3.28,0.00,0.00,0.00,4.0,95830.0,95347.0,0.0,0.0,0.5,0.0,64.178,0.000,0.0,664396.5
2026-09-01T05:39:02,0.2,4893,1547350,1531310,0.3,0.00,1.37,0.00,15.72,0.00,0.00,0.00,4.0,95830.0,95347.0,0.0,0.0,0.5,0.0,64.209,0.000,0.0,653944.5
2026-09-01T05:39:04,0.2,4893,1547350,1531311,0.3,0.00,0.55,0.00,2.21,0.00,0.00,0.00,4.0,95830.0,95347.0,0.0,0.0,0.5,0.0,64.210,0.000,0.0,653944.5
2026-09-01T05:39:05,0.2,4892,1547350,1531312,0.3,0.00,1.05,0.00,4.21,0.00,0.00,0.00,4.0,95830.0,95347.0,0.0,0.0,0.5,0.0,64.214,0.000,0.0,705144.0
2026-09-01T05:39:06,0.2,4892,1547350,1531312,0.3,0.00,1.23,0.00,4.90,0.00,0.00,0.00,4.0,95830.0,95347.0,0.0,0.0,0.5,0.0,64.161,0.000,0.0,723892.0
2026-09-01T05:39:07,0.2,4892,1547350,1531312,0.3,0.00,0.83,0.00,3.31,0.00,0.00,0.00,4.0,95830.0,95347.0,0.0,0.0,0.5,0.0,64.213,0.000,0.0,660261.5
2026-09-01T05:39:08,0.2,4893,1547350,1531311,0.3,0.00,0.67,0.00,2.70,0.00,0.00,0.00,4.0,95830.0,95347.0,0.0,0.0,0.5,0.0,64.197,0.000,0.0,660020.5
2026-09-01T05:39:10,0.2,4893,1547350,1531311,0.3,0.00,0.63,0.00,2.53,0.00,0.00,0.00,4.0,95830.0,95347.0,0.0,0.0,0.5,0.0,64.179,0.000,0.0,665318.0
2026-09-01T05:39:12,0.2,4890,1547350,1531314,0.3,0.00,0.61,0.00,2.45,0.00,0.00,0.00,4.0,95830.0,95347.0,0.0,0.0,0.5,0.0,64.203,0.000,0.0,653954.5
2026-09-01T05:39:13,0.2,4889,1547350,1531315,0.3,0.00,0.67,0.00,2.66,0.00,0.00,0.00,4.0,95830.0,95347.0,0.0,0.0,0.5,0.0,64.171,0.000,0.0,657859.5
2026-09-01T05:39:15,0.2,4889,1547350,1531315,0.3,0.00,1.18,0.00,7.06,0.00,0.50,0.06,4.0,95830.0,95347.0,0.0,0.0,0.5,0.0,64.203,0.000,0.0,677689.5
2026-09-01T05:39:16,0.2,4888,1547350,1531316,0.3,0.00,0.85,0.00,3.41,0.00,0.00,0.00,4.0,95830.0,95347.0,0.0,0.0,0.5,0.0,64.197,0.000,0.0,656196.5
2026-09-01T05:39:18,0.2,4887,1547350,1531317,0.3,0.00,0.60,0.00,2.40,0.00,0.00,0.00,4.0,95830.0,95347.0,0.0,0.0,0.5,0.0,64.178,0.000,0.0,716203.5
2026-09-01T05:39:19,0.2,4888,1547350,1531316,0.3,0.00,0.98,0.00,3.93,0.00,0.00,0.00,4.0,95830.0,95347.0,0.0,0.0,0.5,0.0,64.223,0.000,0.0,687811.0
2026-09-01T05:39:20,0.2,4888,1547350,1531316,0.3,0.00,0.73,0.00,2.92,0.00,0.00,0.00,4.0,95830.0,95347.0,0.0,0.0,0.5,0.0,64.192,0.000,0.0,667202.5
2026-09-01T05:39:22,0.2,4888,1547350,1531316,0.3,0.00,0.61,0.00,2.45,0.00,0.00,0.00,4.0,95830.0,95347.0,0.0,0.0,0.5,0.0,64.201,0.000,0.0,655917.5
2026-09-01T05:39:23,0.2,4888,1547350,1531316,0.3,0.00,0.72,0.00,2.88,0.00,0.00,0.00,4.0,95830.0,95347.0,0.0,0.0,0.5,0.0,64.187,0.000,0.0,655917.5
2026-09-01T05:39:24,0.2,4888,1547350,1531316,0.3,0.00,1.16,0.00,4.62,0.00,0.00,0.00,4.0,95830.0,95347.0,0.0,0.0,0.5,0.0,64.182,0.000,0.0,685005.0
2026-09-01T05:39:26,0.2,4888,1547350,1531315,0.3,0.00,0.51,0.00,2.02,0.00,0.00,0.00,4.0,95830.0,95347.0,0.0,0.0,0.5,0.0,64.150,0.000,0.0,657053.5
2026-09-01T05:39:28,0.2,4888,1547350,1531316,0.3,0.00,0.61,0.00,2.44,0.00,0.00,0.00,4.0,95830.0,95347.0,0.0,0.0,0.5,0.0,64.162,0.000,0.0,663852.5
2026-09-01T05:39:29,0.2,4888,1547350,1531316,0.3,0.00,0.56,0.00,2.26,0.00,0.00,0.00,4.0,95830.0,95347.0,0.0,0.0,0.5,0.0,64.201,0.000,0.0,666961.5
2026-09-01T05:39:30,0.2,4888,1547350,1531316,0.3,0.00,3.86,0.00,15.43,0.00,0.00,0.00,4.0,95830.0,95347.0,0.0,0.0,0.5,0.0,64.201,0.000,0.0,813511.0
2026-09-01T05:39:32,0.2,4888,1547350,1531316,0.3,0.00,3.10,0.00,36.27,0.00,0.20,0.00,4.0,95830.0,95347.0,0.0,0.0,0.5,0.0,64.177,0.000,0.0,660085.5
2026-09-01T05:39:33,0.2,4887,1547350,1531317,0.3,0.00,0.71,0.00,2.83,0.00,0.00,0.00,4.0,95830.0,95347.0,0.0,0.0,0.5,0.0,64.161,0.000,0.0,663438.0
2026-09-01T05:39:35,0.2,4887,1547350,1531317,0.3,0.00,0.69,0.00,2.75,0.00,0.00,0.00,4.0,95830.0,95347.0,0.0,0.0,0.5,0.0,64.181,0.000,0.0,663438.0
2026-09-01T05:39:36,0.2,4887,1547350,1531316,0.3,0.00,5.12,0.00,25.61,0.00,0.00,0.00,4.0,95830.0,95347.0,0.0,0.0,0.5,0.0,64.188,0.000,0.0,675816.0
2026-09-01T05:39:38,0.2,4887,1547350,1531316,0.3,0.00,0.50,0.00,2.01,0.00,0.00,0.00,4.0,95830.0,95347.0,0.0,0.0,0.5,0.0,64.177,0.000,0.0,646603.0
2026-09-01T05:39:40,0.2,4888,1547350,1531315,0.3,0.00,0.49,0.00,1.98,0.00,0.00,0.05,4.0,95830.0,95347.0,0.0,0.0,0.5,0.0,64.185,0.000,0.0,659057.5
2026-09-01T05:39:41,0.2,4887,1547350,1531316,0.3,0.00,1.63,0.00,6.53,0.00,0.00,0.00,4.0,95830.0,95347.0,0.0,0.0,0.5,0.0,64.183,0.000,0.0,665313.5
2026-09-01T05:39:43,0.2,4888,1547350,1531316,0.3,0.00,0.55,0.00,2.21,0.00,0.00,0.00,4.0,95830.0,95347.0,0.0,0.0,0.5,0.0,64.175,0.000,0.0,651178.0
2026-09-01T05:39:45,0.2,4888,1547350,1531316,0.3,0.00,0.50,0.00,2.00,0.00,0.00,0.00,4.0,95830.0,95347.0,0.0,0.0,0.5,0.0,64.163,0.000,0.0,631719.5
2026-09-01T05:39:47,0.2,4888,1547350,1531316,0.3,0.00,0.50,0.00,1.98,0.00,0.00,0.00,4.0,95830.0,95347.0,0.0,0.0,0.5,0.0,64.191,0.000,0.0,661509.0
2026-09-01T05:39:48,0.2,4888,1547350,1531316,0.3,0.00,0.61,0.00,2.43,0.00,0.00,0.00,4.0,95830.0,95347.0,0.0,0.0,0.5,0.0,64.195,0.000,0.0,657503.0
2026-09-01T05:39:50,0.2,4887,1547350,1531317,0.3,0.00,0.48,0.00,1.92,0.00,0.00,0.00,4.0,95830.0,95347.0,0.0,0.0,0.5,0.0,64.167,0.000,0.0,648191.5
2026-09-01T05:39:52,0.2,4886,1547350,1531317,0.3,0.00,1.05,0.00,4.20,0.00,0.50,0.00,4.0,95830.0,95347.0,0.0,0.0,0.5,0.0,64.180,0.000,0.0,644182.0
2026-09-01T05:39:54,0.2,4886,1547350,1531317,0.3,0.00,0.49,0.00,1.96,0.00,0.00,0.00,4.0,95830.0,95347.0,0.0,0.0,0.5,0.0,64.194,0.000,0.0,648054.0
2026-09-01T05:39:57,0.2,4886,1547350,1531317,0.3,0.00,0.47,0.00,1.87,0.00,0.00,0.00,4.0,95830.0,95347.0,0.0,0.0,0.5,0.0,64.194,0.000,0.0,644926.5
2026-09-01T05:39:58,0.2,4886,1547350,1531317,0.3,0.00,0.52,0.00,2.07,0.00,0.00,0.00,4.0,95830.0,95347.0,0.0,0.0,0.5,0.0,64.174,0.000,0.0,652815.0
2026-09-01T05:39:59,0.2,4887,1547350,1531317,0.3,0.00,1.00,0.00,3.99,0.00,0.00,0.00,4.0,95830.0,95347.0,0.0,0.0,0.5,0.0,64.172,0.000,0.0,669655.0
2026-09-01T05:40:01,0.3,4893,1547350,1531311,0.3,0.00,0.56,0.00,2.23,0.00,0.00,0.00,4.0,95830.0,95347.0,0.0,0.0,0.5,0.0,64.147,0.000,0.0,693577.0
2026-09-01T05:40:02,0.2,4893,1547350,1531311,0.3,0.00,1.67,0.00,19.17,0.00,0.00,0.00,4.0,95830.0,95347.0,0.0,0.0,0.5,0.0,64.184,0.000,0.0,678639.0
2026-09-01T05:40:04,0.2,4892,1547350,1531311,0.3,0.00,0.50,0.00,1.99,0.00,0.00,0.05,4.0,95830.0,95347.0,0.0,0.0,0.5,0.0,64.178,0.000,0.0,666737.0
2026-09-01T05:40:06,0.2,4893,1547350,1531311,0.3,0.00,1.22,0.00,4.87,0.00,0.00,0.00,4.0,95830.0,95347.0,0.0,0.0,0.5,0.0,64.194,0.000,0.0,662302.0
2026-09-01T05:40:08,0.2,4893,1547350,1531311,0.3,0.00,0.59,0.00,2.36,0.00,0.00,0.00,4.0,95830.0,95347.0,0.0,0.0,0.5,0.0,64.192,0.000,0.0,654714.5
2026-09-01T05:40:09,0.2,4892,1547350,1531312,0.3,0.00,0.72,0.00,2.87,0.00,0.00,0.00,4.0,95830.0,95347.0,0.0,0.0,0.5,0.0,64.156,0.000,0.0,668572.5
2026-09-01T05:40:11,0.2,4888,1547350,1531315,0.3,0.00,0.58,0.00,2.33,0.00,0.00,0.00,4.0,95830.0,95347.0,0.0,0.0,0.5,0.0,64.181,0.000,0.0,661242.5
2026-09-01T05:40:13,0.2,4888,1547350,1531315,0.3,0.00,0.60,0.00,2.38,0.00,0.00,0.00,4.0,95830.0,95347.0,0.0,0.0,0.5,0.0,64.168,0.000,0.0,678063.0
2026-09-01T05:40:14,0.2,4889,1547350,1531315,0.3,0.00,1.03,0.00,4.11,0.00,0.00,0.00,4.0,95830.0,95347.0,0.0,0.0,0.5,0.0,64.194,0.000,0.0,666614.5
2026-09-01T05:40:15,0.2,4888,1547350,1531315,0.3,0.00,0.55,0.00,2.22,0.00,0.00,0.00,4.0,95830.0,95347.0,0.0,0.0,0.5,0.0,64.151,0.000,0.0,652332.0
2026-09-01T05:40:17,0.2,4889,1547350,1531315,0.3,0.00,0.61,0.00,2.44,0.00,0.00,0.00,4.0,95830.0,95347.0,0.0,0.0,0.5,0.0,64.167,0.000,0.0,667706.5
2026-09-01T05:40:19,0.2,4889,1547350,1531315,0.3,0.00,0.62,0.00,2.48,0.00,0.00,0.00,4.0,95830.0,95347.0,0.0,0.0,0.5,0.0,64.159,0.000,0.0,655417.0
2026-09-01T05:40:20,0.2,4889,1547350,1531315,0.3,0.00,0.61,0.00,2.42,0.00,0.00,0.00,4.0,95830.0,95347.0,0.0,0.0,0.5,0.0,64.180,0.000,0.0,654075.0
2026-09-01T05:40:22,0.2,4889,1547350,1531315,0.3,0.00,1.86,0.00,7.45,0.00,0.33,0.00,4.0,95830.0,95347.0,0.0,0.0,0.5,0.0,64.212,0.000,0.0,663918.0
2026-09-01T05:40:23,0.2,4888,1547350,1531316,0.3,0.00,0.64,0.00,2.54,0.00,0.00,0.00,4.0,95830.0,95347.0,0.0,0.0,0.5,0.0,64.214,0.000,0.0,660933.0
2026-09-01T05:40:25,0.2,4888,1547350,1531316,0.3,0.00,0.69,0.00,2.76,0.00,0.00,0.00,4.0,95830.0,95347.0,0.0,0.0,0.5,0.0,64.197,0.000,0.0,677914.5
2026-09-01T05:40:26,0.2,4888,1547350,1531316,0.3,0.00,0.80,0.00,3.19,0.00,0.00,0.00,4.0,95830.0,95347.0,0.0,0.0,0.5,0.0,64.198,0.000,0.0,657861.0
2026-09-01T05:40:28,0.2,4887,1547350,1531317,0.3,0.00,0.47,0.00,1.88,0.00,0.00,0.00,4.0,95830.0,95347.0,0.0,0.0,0.5,0.0,64.160,0.000,0.0,635913.5
2026-09-01T05:40:31,0.2,4888,1547350,1531316,0.3,0.00,0.42,0.00,1.68,0.00,0.00,0.00,4.0,95830.0,95347.0,0.0,0.0,0.5,0.0,64.200,0.000,0.0,650355.5
2026-09-01T05:40:32,0.2,4887,1547350,1531316,0.3,0.00,4.83,0.00,28.08,0.00,0.00,0.00,4.0,95830.0,95347.0,0.0,0.0,0.5,0.0,64.203,0.000,0.0,675942.5
2026-09-01T05:40:34,0.2,4889,1547350,1531315,0.3,0.00,0.61,0.00,2.42,0.00,0.00,0.00,4.0,95830.0,95347.0,0.0,0.0,0.5,0.0,64.165,0.000,0.0,666456.5
2026-09-01T05:40:35,0.2,4888,1547350,1531316,0.3,0.00,0.83,0.00,3.31,0.00,0.00,0.00,4.0,95830.0,95347.0,0.0,0.0,0.5,0.0,64.188,0.000,0.0,651610.5
2026-09-01T05:40:37,0.2,4888,1547350,1531315,0.3,0.00,0.55,0.00,2.21,0.00,0.00,0.00,4.0,95830.0,95347.0,0.0,0.0,0.5,0.0,64.225,0.000,0.0,649371.0
2026-09-01T05:40:39,0.2,4888,1547350,1531316,0.3,0.00,0.50,0.00,1.99,0.00,1.00,0.00,4.0,95830.0,95347.0,0.0,0.0,0.5,0.0,64.234,0.000,0.0,646336.5
2026-09-01T05:40:41,0.2,4888,1547350,1531315,0.3,0.00,0.50,0.00,1.99,0.00,0.00,0.00,4.0,95830.0,95347.0,0.0,0.0,0.5,0.0,64.195,0.000,0.0,681784.0
2026-09-01T05:40:42,0.2,4888,1547350,1531315,0.3,0.00,0.99,0.00,3.97,0.00,0.00,0.00,4.0,95830.0,95347.0,0.0,0.0,0.5,0.0,64.209,0.000,0.0,692144.0
2026-09-01T05:40:43,0.2,4888,1547350,1531316,0.3,0.00,2.00,0.00,8.01,0.00,0.00,0.00,4.0,95830.0,95347.0,0.0,0.0,0.5,0.0,64.213,0.000,0.0,655162.0
2026-09-01T05:40:45,0.2,4888,1547350,1531315,0.3,0.00,0.55,0.00,2.21,0.00,0.00,0.00,4.0,95830.0,95347.0,0.0,0.0,0.5,0.0,64.228,0.000,0.0,670000.0
2026-09-01T05:40:46,0.2,4888,1547350,1531316,0.3,0.00,0.60,0.00,2.42,0.00,0.00,0.00,4.0,95830.0,95347.0,0.0,0.0,0.5,0.0,64.219,0.000,0.0,650073.5
2026-09-01T05:40:48,0.2,4888,1547350,1531316,0.3,0.00,0.50,0.00,1.99,0.00,0.00,0.00,4.0,95830.0,95347.0,0.0,0.0,0.5,0.0,64.200,0.000,0.0,650073.5
2026-09-01T05:40:49,0.2,4888,1547350,1531315,0.3,0.00,1.20,0.00,4.80,0.00,0.00,0.00,4.0,95830.0,95347.0,0.0,0.0,0.5,0.0,64.237,0.000,0.0,677679.5
2026-09-01T05:40:51,0.2,4888,1547350,1531316,0.3,0.00,0.71,0.00,2.84,0.00,0.00,0.00,4.0,95830.0,95347.0,0.0,0.0,0.5,0.0,64.274,0.000,0.0,661771.5
2026-09-01T05:40:52,0.2,4888,1547350,1531316,0.3,0.00,0.63,0.00,2.53,0.00,0.00,0.00,4.0,95830.0,95347.0,0.0,0.0,0.5,0.0,64.230,0.000,0.0,661771.5
2026-09-01T05:40:53,0.2,4888,1547350,1531315,0.3,0.00,1.88,0.00,7.52,0.00,0.00,0.00,4.0,95830.0,95347.0,0.0,0.0,0.5,0.0,64.252,0.000,0.0,673533.5
2026-09-01T05:40:55,0.2,4888,1547350,1531316,0.3,0.00,0.52,0.00,2.07,0.00,0.00,0.00,4.0,95830.0,95347.0,0.0,0.0,0.5,0.0,64.257,0.000,0.0,645756.0
2026-09-01T05:40:57,0.2,4889,1547350,1531315,0.3,0.00,0.49,0.00,1.97,0.00,0.00,0.00,4.0,95830.0,95347.0,0.0,0.0,0.5,0.0,64.204,0.000,0.0,671715.5
2026-09-01T05:41:00,0.2,4888,1547350,1531316,0.3,0.00,0.44,0.00,1.77,0.00,0.00,0.00,4.0,95830.0,95347.0,0.0,0.0,0.5,0.0,64.246,0.000,0.0,646353.0
2026-09-01T05:41:02,0.2,4893,1547350,1531310,0.3,0.00,0.52,0.00,2.07,0.00,0.00,0.00,4.0,95830.0,95347.0,0.0,0.0,0.5,0.0,64.226,0.000,0.0,689801.5
2026-09-01T05:41:03,0.2,4894,1547350,1531310,0.3,0.00,1.23,0.00,14.09,0.00,0.00,0.00,4.0,95830.0,95347.0,0.0,0.0,0.5,0.0,64.246,0.000,0.0,659311.5
2026-09-01T05:41:05,0.2,4893,1547350,1531311,0.3,0.00,0.50,0.00,2.01,0.00,1.00,0.00,4.0,95830.0,95347.0,0.0,0.0,0.5,0.0,64.225,0.000,0.0,660476.5
2026-09-01T05:41:07,0.2,4893,1547350,1531311,0.3,0.00,0.57,0.00,2.29,0.00,0.00,0.00,4.0,95830.0,95347.0,0.0,0.0,0.5,0.0,64.184,0.000,0.0,658518.5
2026-09-01T05:41:08,0.2,4893,1547350,1531311,0.3,0.00,1.29,0.00,5.15,0.00,0.00,0.00,4.0,95830.0,95347.0,0.0,0.0,0.5,0.0,64.243,0.000,0.0,658518.5
2026-09-01T05:41:09,0.2,4894,1547350,1531310,0.3,0.00,1.18,0.00,4.72,0.00,0.00,0.00,4.0,95830.0,95347.0,0.0,0.0,0.5,0.0,64.204,0.000,0.0,732136.0
2026-09-01T05:41:10,0.2,4894,1547350,1531310,0.3,0.00,1.20,0.00,4.80,0.00,0.00,0.00,4.0,95830.0,95347.0,0.0,0.0,0.5,0.0,64.253,0.000,0.0,658815.0
2026-09-01T05:41:12,0.2,4893,1547350,1531311,0.3,0.00,0.67,0.00,2.67,0.00,0.00,0.00,4.0,95830.0,95347.0,0.0,0.0,0.5,0.0,64.245,0.000,0.0,683208.0
2026-09-01T05:41:13,0.2,4893,1547350,1531311,0.3,0.00,1.13,0.00,4.54,0.00,0.00,0.00,4.0,95830.0,95347.0,0.0,0.0,0.5,0.0,64.231,0.000,0.0,683208.0
2026-09-01T05:41:13,0.2,4893,1547350,1531311,0.3,0.00,1.12,0.00,4.50,0.00,0.00,0.00,4.0,95830.0,95347.0,0.0,0.0,0.5,0.0,64.253,0.000,0.0,709762.0
2026-09-01T05:41:15,0.2,4893,1547350,1531311,0.3,0.00,0.68,0.00,2.74,0.00,0.00,0.00,4.0,95830.0,95347.0,0.0,0.0,0.5,0.0,64.239,0.000,0.0,712418.0
2026-09-01T05:41:16,0.2,4892,1547350,1531312,0.3,0.00,0.77,0.00,3.08,0.00,0.00,0.00,4.0,95830.0,95347.0,0.0,0.0,0.5,0.0,64.252,0.000,0.0,657218.0
2026-09-01T05:41:18,0.2,4893,1547350,1531311,0.3,0.00,0.64,0.00,2.55,0.00,0.00,0.00,4.0,95830.0,95347.0,0.0,0.0,0.5,0.0,64.263,0.000,0.0,658803.0
2026-09-01T05:41:19,0.2,4892,1547350,1531312,0.3,0.00,0.60,0.00,2.42,0.00,0.00,0.00,4.0,95830.0,95347.0,0.0,0.0,0.5,0.0,64.255,0.000,0.0,665349.0
2026-09-01T05:41:21,0.2,4891,1547350,1531313,0.3,0.00,0.72,0.00,2.87,0.00,0.00,0.00,4.0,95830.0,95347.0,0.0,0.0,0.5,0.0,64.221,0.000,0.0,666253.5
2026-09-01T05:41:22,0.2,4891,1547350,1531313,0.3,0.00,0.81,0.00,3.26,0.00,0.00,0.00,4.0,95830.0,95347.0,0.0,0.0,0.5,0.0,64.282,0.000,0.0,691353.5
2026-09-01T05:41:23,0.2,4891,1547350,1531313,0.3,0.00,0.81,0.00,3.23,0.00,0.00,0.00,4.0,95830.0,95347.0,0.0,0.0,0.5,0.0,64.239,0.000,0.0,657997.5
2026-09-01T05:41:25,0.2,4891,1547350,1531313,0.3,0.00,0.65,0.00,2.62,0.00,0.00,0.00,4.0,95830.0,95347.0,0.0,0.0,0.5,0.0,64.267,0.000,0.0,656917.5
2026-09-01T05:41:26,0.2,4891,1547350,1531313,0.3,0.00,0.60,0.00,2.42,0.00,0.00,0.00,4.0,95830.0,95347.0,0.0,0.0,0.5,0.0,64.284,0.000,0.0,655570.0
2026-09-01T05:41:28,0.2,4891,1547350,1531312,0.3,0.00,1.90,0.00,7.61,0.00,0.33,0.00,4.0,95830.0,95347.0,0.0,0.0,0.5,0.0,64.281,0.000,0.0,671709.0
2026-09-01T05:41:30,0.2,4891,1547350,1531313,0.3,0.00,0.61,0.00,2.45,0.00,0.00,0.00,4.0,95830.0,95347.0,0.0,0.0,0.5,0.0,64.266,0.000,0.0,655593.5
2026-09-01T05:41:31,0.2,4892,1547350,1531312,0.3,0.00,0.72,0.00,2.87,0.00,0.00,0.00,4.0,95830.0,95347.0,0.0,0.0,0.5,0.0,64.287,0.000,0.0,665357.5
2026-09-01T05:41:33,0.2,4891,1547350,1531313,0.3,0.00,3.07,0.00,43.25,0.00,0.00,0.00,4.0,95830.0,95347.0,0.0,0.0,0.5,0.0,64.267,0.000,0.0,657186.0
2026-09-01T05:41:34,0.2,4891,1547350,1531313,0.3,0.00,3.69,0.00,17.24,0.00,0.00,0.00,4.0,95830.0,95347.0,0.0,0.0,0.5,0.0,64.276,0.000,0.0,650901.0
2026-09-01T05:41:37,0.1,4891,1547350,1531313,0.3,0.00,0.39,0.00,1.55,0.00,1.00,0.00,4.0,95830.0,95347.0,0.0,0.0,0.5,0.0,64.290,0.000,0.0,636022.0
2026-09-01T05:41:39,0.2,4891,1547350,1531313,0.3,0.00,0.51,0.00,2.04,0.00,0.00,0.00,4.0,95830.0,95347.0,0.0,0.0,0.5,0.0,64.308,0.000,0.0,640104.5
2026-09-01T05:41:41,0.1,4892,1547350,1531312,0.3,0.00,0.40,0.00,1.58,0.00,0.00,0.00,4.0,95830.0,95347.0,0.0,0.0,0.5,0.0,64.286,0.000,0.0,654369.5
2026-09-01T05:41:43,0.2,4891,1547350,1531313,0.3,0.00,0.82,0.00,3.26,0.00,0.00,0.00,4.0,95830.0,95347.0,0.0,0.0,0.5,0.0,64.276,0.000,0.0,665498.0
2026-09-01T05:41:44,0.2,4891,1547350,1531313,0.3,0.00,1.41,0.00,5.65,0.00,0.00,0.00,4.0,95830.0,95347.0,0.0,0.0,0.5,0.0,64.256,0.000,0.0,665498.0
2026-09-01T05:41:45,0.2,4891,1547350,1531313,0.3,0.00,1.24,0.00,4.96,0.00,0.00,0.00,4.0,95830.0,95347.0,0.0,0.0,0.5,0.0,64.282,0.000,0.0,675256.0
2026-09-01T05:41:46,0.2,4891,1547350,1531313,0.3,0.00,0.81,0.00,3.23,0.00,0.00,0.00,4.0,95830.0,95347.0,0.0,0.0,0.5,0.0,64.303,0.000,0.0,675256.0
2026-09-01T05:41:47,0.2,4890,1547350,1531314,0.3,0.00,1.03,0.00,4.11,0.00,0.00,0.00,4.0,95830.0,95347.0,0.0,0.0,0.5,0.0,64.281,0.000,0.0,680188.0
2026-09-01T05:41:49,0.2,4890,1547350,1531314,0.3,0.00,0.55,0.00,2.21,0.00,0.00,0.06,4.0,95830.0,95347.0,0.0,0.0,0.5,0.0,64.285,0.000,0.0,680188.0
2026-09-01T05:41:49,0.2,4889,1547350,1531314,0.3,0.00,1.73,0.00,6.92,0.00,0.00,0.00,4.0,95830.0,95347.0,0.0,0.0,0.5,0.0,64.305,0.000,0.0,720353.0
2026-09-01T05:41:51,0.2,4890,1547350,1531314,0.3,0.00,0.82,0.00,3.27,0.00,0.00,0.00,4.0,95830.0,95347.0,0.0,0.0,0.5,0.0,64.309,0.000,0.0,661028.5
2026-09-01T05:41:52,0.2,4889,1547350,1531314,0.3,0.00,0.84,0.00,3.36,0.00,0.00,0.00,4.0,95830.0,95347.0,0.0,0.0,0.5,0.0,64.274,0.000,0.0,661028.5
2026-09-01T05:41:53,0.2,4889,1547350,1531315,0.3,0.00,1.15,0.00,4.61,0.00,0.00,0.00,4.0,95830.0,95347.0,0.0,0.0,0.5,0.0,64.287,0.000,0.0,740334.5
2026-09-01T05:41:53,0.2,4890,1547350,1531314,0.3,0.00,2.07,0.00,8.28,0.00,0.00,0.00,4.0,95830.0,95347.0,0.0,0.0,0.5,0.0,64.322,0.000,0.0,636723.0
2026-09-01T05:41:55,0.2,4890,1547350,1531314,0.3,0.00,0.52,0.00,2.08,0.00,0.00,0.00,4.0,95830.0,95347.0,0.0,0.0,0.5,0.0,64.305,0.000,0.0,636723.0
2026-09-01T05:41:56,0.2,4889,1547350,1531314,0.3,0.00,1.55,0.00,6.18,0.00,0.00,0.00,4.0,95830.0,95347.0,0.0,0.0,0.5,0.0,64.301,0.000,0.0,719304.0
2026-09-01T05:41:57,0.2,4889,1547350,1531315,0.3,0.00,0.89,0.00,3.57,0.00,0.00,0.00,4.0,95830.0,95347.0,0.0,0.0,0.5,0.0,64.291,0.000,0.0,658202.0
2026-09-01T05:41:59,0.2,4888,1547350,1531316,0.3,0.00,0.61,0.00,2.45,0.00,0.00,0.00,4.0,95830.0,95347.0,0.0,0.0,0.5,0.0,64.272,0.000,0.0,645427.0
2026-09-01T05:42:01,0.2,4891,1547350,1531313,0.3,0.00,0.45,0.00,1.81,0.00,0.00,0.00,4.0,95830.0,95347.0,0.0,0.0,0.5,0.0,64.291,0.000,0.0,645726.0
2026-09-01T05:42:03,0.2,4892,1547350,1531311,0.3,0.00,1.48,0.00,19.54,0.00,0.33,0.00,4.0,95830.0,95347.0,0.0,0.0,0.5,0.0,64.308,0.000,0.0,646594.5
2026-09-01T05:42:05,0.2,4892,1547350,1531312,0.3,0.00,1.00,0.00,4.01,0.00,0.00,0.00,4.0,95830.0,95347.0,0.0,0.0,0.5,0.0,64.317,0.000,0.0,645706.5
2026-09-01T05:42:07,0.2,4893,1547350,1531311,0.3,0.00,0.56,0.00,2.25,0.00,0.00,0.00,4.0,95830.0,95347.0,0.0,0.0,0.5,0.0,64.296,0.000,0.0,665157.0
2026-09-01T05:42:08,0.2,4893,1547350,1531311,0.3,0.00,0.78,0.00,3.12,0.00,0.00,0.00,4.0,95830.0,95347.0,0.0,0.0,0.5,0.0,64.243,0.000,0.0,675727.0
2026-09-01T05:42:09,0.2,4894,1547350,1531310,0.3,0.00,0.74,0.00,2.95,0.00,0.00,0.00,4.0,95830.0,95347.0,0.0,0.0,0.5,0.0,64.300,0.000,0.0,675727.0
2026-09-01T05:42:10,0.2,4893,1547350,1531310,0.3,0.00,2.27,0.00,9.06,0.00,0.00,0.00,4.0,95830.0,95347.0,0.0,0.0,0.5,0.0,64.266,0.000,0.0,676387.0
2026-09-01T05:42:12,0.2,4891,1547350,1531313,0.3,0.00,0.61,0.00,2.45,0.00,0.00,0.00,4.0,95830.0,95347.0,0.0,0.0,0.5,0.0,64.300,0.000,0.0,657838.5
2026-09-01T05:42:13,0.2,4890,1547350,1531314,0.3,0.00,0.64,0.00,2.57,0.00,0.00,0.00,4.0,95830.0,95347.0,0.0,0.0,0.5,0.0,64.297,0.000,0.0,663104.0
2026-09-01T05:42:15,0.2,4890,1547350,1531314,0.3,0.00,0.59,0.00,2.37,0.00,0.00,0.00,4.0,95830.0,95347.0,0.0,0.0,0.5,0.0,64.286,0.000,0.0,664736.5
2026-09-01T05:42:17,0.2,4889,1547350,1531315,0.3,0.00,0.62,0.00,2.48,0.00,0.00,0.00,4.0,95830.0,95347.0,0.0,0.0,0.5,0.0,64.300,0.000,0.0,656988.5
2026-09-01T05:42:18,0.2,4890,1547350,1531314,0.3,0.00,0.64,0.00,2.55,0.00,0.00,0.00,4.0,95830.0,95347.0,0.0,0.0,0.5,0.0,64.315,0.000,0.0,641581.0
2026-09-01T05:42:20,0.2,4891,1547350,1531313,0.3,0.00,0.60,0.00,2.39,0.00,0.00,0.00,4.0,95830.0,95347.0,0.0,0.0,0.5,0.0,64.313,0.000,0.0,671792.5
2026-09-01T05:42:21,0.2,4890,1547350,1531314,0.3,0.00,0.64,0.00,2.55,0.00,0.00,0.00,4.0,95830.0,95347.0,0.0,0.0,0.5,0.0,64.313,0.000,0.0,671792.5
2026-09-01T05:42:22,0.2,4889,1547350,1531315,0.3,0.00,1.58,0.00,6.31,0.00,0.00,0.00,4.0,95830.0,95347.0,0.0,0.0,0.5,0.0,64.317,0.000,0.0,706870.5
2026-09-01T05:42:23,0.2,4888,1547350,1531315,0.3,0.00,0.72,0.00,2.87,0.00,0.00,0.00,4.0,95830.0,95347.0,0.0,0.0,0.5,0.0,64.314,0.000,0.0,682962.5
2026-09-01T05:42:25,0.2,4888,1547350,1531316,0.3,0.00,0.80,0.00,3.21,0.00,0.00,0.00,4.0,95830.0,95347.0,0.0,0.0,0.5,0.0,64.329,0.000,0.0,682962.5
2026-09-01T05:42:25,0.2,4888,1547350,1531316,0.3,0.00,1.61,0.00,6.44,0.00,0.00,0.00,4.0,95830.0,95347.0,0.0,0.0,0.5,0.0,64.314,0.000,0.0,759036.0
2026-09-01T05:42:27,0.2,4887,1547350,1531317,0.3,0.00,0.73,0.00,2.90,0.00,0.00,0.00,4.0,95830.0,95347.0,0.0,0.0,0.5,0.0,64.303,0.000,0.0,759036.0
2026-09-01T05:42:28,0.2,4888,1547350,1531316,0.3,0.00,0.99,0.00,3.96,0.00,1.00,0.00,4.0,95830.0,95347.0,0.0,0.0,0.5,0.0,64.310,0.000,0.0,749339.0
2026-09-01T05:42:29,0.2,4888,1547350,1531316,0.3,0.00,0.97,0.00,3.87,0.00,0.00,0.00,4.0,95830.0,95347.0,0.0,0.0,0.5,0.0,64.257,0.000,0.0,653194.0
2026-09-01T05:42:31,0.2,4888,1547350,1531316,0.3,0.00,0.50,0.00,2.00,0.00,0.00,0.00,4.0,95830.0,95347.0,0.0,0.0,0.5,0.0,64.285,0.000,0.0,656354.0
2026-09-01T05:42:32,0.2,4888,1547350,1531316,0.3,0.00,0.63,0.00,2.53,0.00,0.00,0.00,4.0,95830.0,95347.0,0.0,0.0,0.5,0.0,64.311,0.000,0.0,656354.0
2026-09-01T05:42:33,0.2,4888,1547350,1531316,0.3,0.00,1.56,0.00,6.25,0.00,0.00,0.00,4.0,95830.0,95347.0,0.0,0.0,0.5,0.0,64.315,0.000,0.0,692518.5
2026-09-01T05:42:34,0.2,4887,1547350,1531317,0.3,0.00,4.84,0.00,59.68,0.00,0.00,0.00,4.0,95830.0,95347.0,0.0,0.0,0.5,0.0,64.299,0.000,0.0,659221.5
2026-09-01T05:42:36,0.2,4888,1547350,1531316,0.3,0.00,3.96,0.00,18.09,0.00,0.14,0.00,4.0,95830.0,95347.0,0.0,0.0,0.5,0.0,64.279,0.000,0.0,659221.5
2026-09-01T05:42:37,0.2,4888,1547350,1531316,0.3,0.00,1.26,0.00,5.05,0.00,0.00,0.00,4.0,95830.0,95347.0,0.0,0.0,0.5,0.0,64.311,0.000,0.0,708631.5
2026-09-01T05:42:38,0.2,4888,1547350,1531316,0.3,0.00,0.61,0.00,2.44,0.00,0.00,0.00,4.0,95830.0,95347.0,0.0,0.0,0.5,0.0,64.338,0.000,0.0,660023.0
2026-09-01T05:42:40,0.2,4888,1547350,1531316,0.3,0.00,0.71,0.00,2.85,0.00,0.00,0.00,4.0,95830.0,95347.0,0.0,0.0,0.5,0.0,64.352,0.000,0.0,657832.0
2026-09-01T05:42:41,0.2,4887,1547350,1531317,0.3,0.00,0.62,0.00,2.48,0.00,0.00,0.00,4.0,95830.0,95347.0,0.0,0.0,0.5,0.0,64.314,0.000,0.0,657832.0
2026-09-01T05:42:42,0.2,4887,1547350,1531316,0.3,0.00,0.97,0.00,3.87,0.00,0.00,0.00,4.0,95830.0,95347.0,0.0,0.0,0.5,0.0,64.281,0.000,0.0,699947.5
2026-09-01T05:42:44,0.2,4888,1547350,1531316,0.3,0.00,0.72,0.00,2.87,0.00,0.00,0.07,4.0,95830.0,95347.0,0.0,0.0,0.5,0.0,64.344,0.000,0.0,699947.5
2026-09-01T05:42:45,0.2,4887,1547350,1531317,0.3,0.00,1.68,0.00,6.73,0.00,0.00,0.00,4.0,95830.0,95347.0,0.0,0.0,0.5,0.0,64.326,0.000,0.0,646735.5
2026-09-01T05:42:47,0.2,4888,1547350,1531316,0.3,0.00,0.50,0.00,2.02,0.00,0.00,0.00,4.0,95830.0,95347.0,0.0,0.0,0.5,0.0,64.317,0.000,0.0,646339.5
2026-09-01T05:42:49,0.2,4888,1547350,1531316,0.3,0.00,0.49,0.00,1.95,0.00,0.00,0.00,4.0,95830.0,95347.0,0.0,0.0,0.5,0.0,64.329,0.000,0.0,673810.0
2026-09-01T05:42:51,0.2,4888,1547350,1531316,0.3,0.00,0.50,0.00,1.99,0.00,0.00,0.00,4.0,95830.0,95347.0,0.0,0.0,0.5,0.0,64.303,0.000,0.0,646487.5
2026-09-01T05:42:53,0.2,4888,1547350,1531316,0.3,0.00,0.55,0.00,2.20,0.00,0.00,0.00,4.0,95830.0,95347.0,0.0,0.0,0.5,0.0,64.327,0.000,0.0,646487.5
2026-09-01T05:42:53,0.3,4887,1547350,1531316,0.3,0.00,2.14,0.00,8.57,0.00,0.00,0.00,4.0,95830.0,95347.0,0.0,0.0,0.5,0.0,64.353,0.000,0.0,767122.0
2026-09-01T05:42:54,0.2,4887,1547350,1531316,0.3,0.00,1.33,0.00,5.33,0.00,0.00,0.00,4.0,95830.0,95347.0,0.0,0.0,0.5,0.0,64.325,0.000,0.0,658362.0
2026-09-01T05:42:56,0.2,4888,1547350,1531316,0.3,0.00,0.50,0.00,1.99,0.00,1.00,0.05,4.0,95830.0,95347.0,0.0,0.0,0.5,0.0,64.342,0.000,0.0,693165.5
2026-09-01T05:42:57,0.2,4888,1547350,1531316,0.3,0.00,1.00,0.00,4.02,0.00,0.00,0.00,4.0,95830.0,95347.0,0.0,0.0,0.5,0.0,64.309,0.000,0.0,653084.5
2026-09-01T05:42:59,0.2,4888,1547350,1531316,0.3,0.00,0.50,0.00,1.99,0.00,0.00,0.00,4.0,95830.0,95347.0,0.0,0.0,0.5,0.0,64.309,0.000,0.0,644232.5
2026-09-01T05:43:01,0.2,4892,1547350,1531312,0.3,0.00,0.50,0.00,1.98,0.00,0.00,0.00,4.0,95830.0,95347.0,0.0,0.0,0.5,0.0,64.328,0.000,0.0,644232.5
2026-09-01T05:43:02,0.2,4894,1547350,1531310,0.3,0.00,1.02,0.00,4.08,0.00,0.00,0.00,4.0,95830.0,95347.0,0.0,0.0,0.5,0.0,64.344,0.000,0.0,663198.0
2026-09-01T05:43:04,0.2,4894,1547350,1531310,0.3,0.00,0.98,0.00,11.26,0.00,0.00,0.00,4.0,95830.0,95347.0,0.0,0.0,0.5,0.0,64.345,0.000,0.0,686290.5
2026-09-01T05:43:06,0.2,4893,1547350,1531310,0.3,0.00,0.98,0.00,3.92,0.00,0.00,0.00,4.0,95830.0,95347.0,0.0,0.0,0.5,0.0,64.333,0.000,0.0,657840.0
2026-09-01T05:43:08,0.2,4893,1547350,1531311,0.3,0.00,0.50,0.00,1.99,0.00,0.00,0.00,4.0,95830.0,95347.0,0.0,0.0,0.5,0.0,64.333,0.000,0.0,648846.5
2026-09-01T05:43:10,0.2,4893,1547350,1531311,0.3,0.00,0.56,0.00,2.23,0.00,0.00,0.00,4.0,95830.0,95347.0,0.0,0.0,0.5,0.0,64.311,0.000,0.0,680952.5
2026-09-01T05:43:11,0.2,4889,1547350,1531314,0.3,0.00,1.38,0.00,5.51,0.00,0.00,0.00,4.0,95830.0,95347.0,0.0,0.0,0.5,0.0,64.359,0.000,0.0,669731.5
2026-09-01T05:43:13,0.2,4890,1547350,1531314,0.3,0.00,0.61,0.00,2.42,0.00,0.00,0.00,4.0,95830.0,95347.0,0.0,0.0,0.5,0.0,64.333,0.000,0.0,663230.0
2026-09-01T05:43:15,0.2,4889,1547350,1531315,0.3,0.00,0.66,0.00,2.64,0.00,0.00,0.00,4.0,95830.0,95347.0,0.0,0.0,0.5,0.0,64.336,0.000,0.0,654820.5
2026-09-01T05:43:16,0.2,4888,1547350,1531316,0.3,0.00,0.59,0.00,2.35,0.00,0.00,0.00,4.0,95830.0,95347.0,0.0,0.0,0.5,0.0,64.362,0.000,0.0,677490.0
2026-09-01T05:43:17,0.2,4889,1547350,1531315,0.3,0.00,0.83,0.00,3.31,0.00,0.00,0.00,4.0,95830.0,95347.0,0.0,0.0,0.5,0.0,64.346,0.000,0.0,661970.5
2026-09-01T05:43:19,0.2,4889,1547350,1531315,0.3,0.00,0.62,0.00,2.48,0.00,0.00,0.00,4.0,95830.0,95347.0,0.0,0.0,0.5,0.0,64.344,0.000,0.0,625837.0
2026-09-01T05:43:23,0.2,4889,1547350,1531314,0.3,0.00,0.28,0.00,1.13,0.00,0.00,0.00,4.0,95830.0,95347.0,0.0,0.0,0.5,0.0,64.326,0.000,0.0,655301.0
2026-09-01T05:43:24,0.2,4890,1547350,1531314,0.3,0.00,0.60,0.00,2.39,0.00,0.00,0.00,4.0,95830.0,95347.0,0.0,0.0,0.5,0.0,64.350,0.000,0.0,661438.0
2026-09-01T05:43:26,0.2,4890,1547350,1531314,0.3,0.00,0.60,0.00,2.39,0.00,0.00,0.00,4.0,95830.0,95347.0,0.0,0.0,0.5,0.0,64.331,0.000,0.0,657522.5
2026-09-01T05:43:28,0.2,4890,1547350,1531314,0.3,0.00,0.64,0.00,2.57,0.00,1.00,0.00,4.0,95830.0,95347.0,0.0,0.0,0.5,0.0,64.327,0.000,0.0,669836.5
2026-09-01T05:43:29,0.2,4890,1547350,1531314,0.3,0.00,0.58,0.00,2.34,0.00,0.00,0.00,4.0,95830.0,95347.0,0.0,0.0,0.5,0.0,64.334,0.000,0.0,651601.0
2026-09-01T05:43:31,0.2,4890,1547350,1531314,0.3,0.00,3.41,0.00,15.89,0.00,0.00,0.00,4.0,95830.0,95347.0,0.0,0.0,0.5,0.0,64.351,0.000,0.0,651169.0
2026-09-01T05:43:33,0.2,4890,1547350,1531314,0.3,0.00,0.56,0.00,2.24,0.00,0.00,0.00,4.0,95830.0,95347.0,0.0,0.0,0.5,0.0,64.346,0.000,0.0,658167.5
2026-09-01T05:43:34,0.2,4890,1547350,1531313,0.3,0.00,1.86,0.00,15.46,0.00,0.00,0.00,4.0,95830.0,95347.0,0.0,0.0,0.5,0.0,64.357,0.000,0.0,658183.5
2026-09-01T05:43:36,0.2,4891,1547350,1531313,0.3,0.00,1.24,0.00,7.42,0.00,0.00,0.00,4.0,95830.0,95347.0,0.0,0.0,0.5,0.0,64.356,0.000,0.0,658185.0
2026-09-01T05:43:38,0.2,4891,1547350,1531312,0.3,0.00,0.62,0.00,2.50,0.00,0.00,0.00,4.0,95830.0,95347.0,0.0,0.0,0.5,0.0,64.354,0.000,0.0,656060.0
2026-09-01T05:43:39,0.2,4890,1547350,1531314,0.3,0.00,0.61,0.00,2.44,0.00,0.00,0.00,4.0,95830.0,95347.0,0.0,0.0,0.5,0.0,64.332,0.000,0.0,652022.0
2026-09-01T05:43:41,0.2,4890,1547350,1531313,0.3,0.00,0.56,0.00,2.22,0.00,0.00,0.06,4.0,95830.0,95347.0,0.0,0.0,0.5,0.0,64.347,0.000,0.0,658806.0
2026-09-01T05:43:43,0.2,4890,1547350,1531314,0.3,0.00,1.24,0.00,4.98,0.00,0.50,0.06,4.0,95830.0,95347.0,0.0,0.0,0.5,0.0,64.344,0.000,0.0,658541.0
2026-09-01T05:43:44,0.2,4891,1547350,1531313,0.3,0.00,0.55,0.00,2.21,0.00,0.00,0.00,4.0,95830.0,95347.0,0.0,0.0,0.5,0.0,64.368,0.000,0.0,655429.0
2026-09-01T05:43:46,0.2,4890,1547350,1531314,0.3,0.00,0.49,0.00,1.97,0.00,0.00,0.00,4.0,95830.0,95347.0,0.0,0.0,0.5,0.0,64.350,0.000,0.0,630845.0
2026-09-01T05:43:49,0.2,4890,1547350,1531314,0.3,0.00,0.50,0.00,1.99,0.00,0.00,0.00,4.0,95830.0,95347.0,0.0,0.0,0.5,0.0,64.332,0.000,0.0,664256.0
2026-09-01T05:43:51,0.2,4890,1547350,1531314,0.3,0.00,0.50,0.00,1.98,0.00,0.00,0.00,4.0,95830.0,95347.0,0.0,0.0,0.5,0.0,64.340,0.000,0.0,646592.5
2026-09-01T05:43:53,0.2,4890,1547350,1531313,0.3,0.00,0.48,0.00,1.93,0.00,0.00,0.00,4.0,95830.0,95347.0,0.0,0.0,0.5,0.0,64.351,0.000,0.0,646610.5
2026-09-01T05:43:55,0.2,4890,1547350,1531314,0.3,0.00,0.51,0.00,2.05,0.00,0.00,0.00,4.0,95830.0,95347.0,0.0,0.0,0.5,0.0,64.332,0.000,0.0,645986.5
2026-09-01T05:43:57,0.2,4890,1547350,1531314,0.3,0.00,0.50,0.00,1.99,0.00,0.00,0.00,4.0,95830.0,95347.0,0.0,0.0,0.5,0.0,64.350,0.000,0.0,645727.5
2026-09-01T05:43:59,0.2,4890,1547350,1531314,0.3,0.00,0.50,0.00,1.99,0.00,0.00,0.00,4.0,95830.0,95347.0,0.0,0.0,0.5,0.0,64.359,0.000,0.0,646460.0
2026-09-01T05:44:01,0.2,4895,1547350,1531309,0.3,0.00,0.49,0.00,1.98,0.00,0.00,0.00,4.0,95830.0,95347.0,0.0,0.0,0.5,0.0,64.362,0.000,0.0,646355.0
2026-09-01T05:44:03,0.2,4895,1547350,1531309,0.3,0.00,0.48,0.00,1.93,0.00,0.00,0.00,4.0,95830.0,95347.0,0.0,0.0,0.5,0.0,64.349,0.000,0.0,646096.0
2026-09-01T05:44:05,0.2,4895,1547350,1531308,0.3,0.00,1.01,0.00,13.59,0.00,0.00,0.00,4.0,95830.0,95347.0,0.0,0.0,0.5,0.0,64.352,0.000,0.0,652338.5
2026-09-01T05:44:07,0.2,4895,1547350,1531308,0.3,0.00,0.50,0.00,2.00,0.00,0.00,0.00,4.0,95830.0,95347.0,0.0,0.0,0.5,0.0,64.352,0.000,0.0,646352.0
2026-09-01T05:44:09,0.2,4895,1547350,1531309,0.3,0.00,0.50,0.00,2.00,0.00,0.00,0.00,4.0,95830.0,95347.0,0.0,0.0,0.5,0.0,64.345,0.000,0.0,638693.0
2026-09-01T05:44:11,0.2,4893,1547350,1531311,0.3,0.00,0.42,0.00,1.69,0.00,0.00,0.00,4.0,95830.0,95347.0,0.0,0.0,0.5,0.0,64.341,0.000,0.0,661942.0
2026-09-01T05:44:13,0.2,4892,1547350,1531312,0.3,0.00,1.71,0.00,6.83,0.00,0.00,0.00,4.0,95830.0,95347.0,0.0,0.0,0.5,0.0,64.335,0.000,0.0,656884.0
2026-09-01T05:44:14,0.2,4892,1547350,1531312,0.3,0.00,0.69,0.00,2.77,0.00,1.00,0.00,4.0,95830.0,95347.0,0.0,0.0,0.5,0.0,64.373,0.000,0.0,669137.0
2026-09-01T05:44:16,0.2,4892,1547350,1531312,0.3,0.00,0.65,0.00,2.59,0.00,0.00,0.00,4.0,95830.0,95347.0,0.0,0.0,0.5,0.0,64.359,0.000,0.0,656187.5
2026-09-01T05:44:17,0.2,4892,1547350,1531312,0.3,0.00,0.60,0.00,2.42,0.00,0.00,0.00,4.0,95830.0,95347.0,0.0,0.0,0.5,0.0,64.359,0.000,0.0,676510.0
2026-09-01T05:44:19,0.2,4891,1547350,1531312,0.3,0.00,0.65,0.00,2.61,0.00,0.00,0.00,4.0,95830.0,95347.0,0.0,0.0,0.5,0.0,64.335,0.000,0.0,683321.5
2026-09-01T05:44:21,0.2,4892,1547350,1531312,0.3,0.00,0.61,0.00,2.43,0.00,0.00,0.00,4.0,95830.0,95347.0,0.0,0.0,0.5,0.0,64.360,0.000,0.0,666387.5
2026-09-01T05:44:22,0.2,4891,1547350,1531312,0.3,0.00,0.60,0.00,2.39,0.00,0.00,0.00,4.0,95830.0,95347.0,0.0,0.0,0.5,0.0,64.364,0.000,0.0,655158.0
2026-09-01T05:44:24,0.2,4891,1547350,1531312,0.3,0.00,0.65,0.00,2.60,0.00,0.00,0.00,4.0,95830.0,95347.0,0.0,0.0,0.5,0.0,64.344,0.000,0.0,662429.5
2026-09-01T05:44:25,0.2,4891,1547350,1531313,0.3,0.00,0.60,0.00,2.41,0.00,0.00,0.00,4.0,95830.0,95347.0,0.0,0.0,0.5,0.0,64.361,0.000,0.0,668632.0
2026-09-01T05:44:27,0.2,4891,1547350,1531312,0.3,0.00,0.63,0.00,2.51,0.00,0.00,0.00,4.0,95830.0,95347.0,0.0,0.0,0.5,0.0,64.349,0.000,0.0,657694.0
2026-09-01T05:44:29,0.2,4890,1547350,1531313,0.3,0.00,0.62,0.00,2.46,0.00,0.00,0.00,4.0,95830.0,95347.0,0.0,0.0,0.5,0.0,64.368,0.000,0.0,658020.5
2026-09-01T05:44:30,0.2,4891,1547350,1531313,0.3,0.00,0.55,0.00,2.19,0.00,0.00,0.00,4.0,95830.0,95347.0,0.0,0.0,0.5,0.0,64.349,0.000,0.0,654292.5
2026-09-01T05:44:32,0.2,4891,1547350,1531313,0.3,0.00,0.62,0.00,2.50,0.00,0.00,0.00,4.0,95830.0,95347.0,0.0,0.0,0.5,0.0,64.370,0.000,0.0,656720.0
2026-09-01T05:44:34,0.2,4891,1547350,1531313,0.3,0.00,3.70,0.00,14.81,0.00,0.17,0.00,4.0,95830.0,95347.0,0.0,0.0,0.5,0.0,64.367,0.000,0.0,662481.5
2026-09-01T05:44:35,0.2,4891,1547350,1531313,0.3,0.00,6.25,0.00,30.94,0.00,0.00,0.00,4.0,95830.0,95347.0,0.0,0.0,0.5,0.0,64.368,0.000,0.0,683177.0
2026-09-01T05:44:37,0.2,4891,1547350,1531313,0.3,0.00,0.62,0.00,2.48,0.00,0.00,0.00,4.0,95830.0,95347.0,0.0,0.0,0.5,0.0,64.358,0.000,0.0,651171.0
2026-09-01T05:44:39,0.2,4892,1547350,1531312,0.3,0.00,0.54,0.00,2.17,0.00,0.00,0.00,4.0,95830.0,95347.0,0.0,0.0,0.5,0.0,64.358,0.000,0.0,660253.0
2026-09-01T05:44:41,0.2,4892,1547350,1531312,0.3,0.00,0.56,0.00,2.23,0.00,0.00,0.00,4.0,95830.0,95347.0,0.0,0.0,0.5,0.0,64.345,0.000,0.0,659674.5
2026-09-01T05:44:42,0.2,4892,1547350,1531312,0.3,0.00,1.63,0.00,8.67,0.00,0.00,0.00,4.0,95830.0,95347.0,0.0,0.0,0.5,0.0,64.353,0.000,0.0,652630.0
2026-09-01T05:44:44,0.2,4892,1547350,1531312,0.3,0.00,0.51,0.00,2.02,0.00,0.00,0.00,4.0,95830.0,95347.0,0.0,0.0,0.5,0.0,64.338,0.000,0.0,646514.0
2026-09-01T05:44:46,0.2,4891,1547350,1531312,0.3,0.00,0.49,0.00,1.97,0.00,1.00,0.00,4.0,95830.0,95347.0,0.0,0.0,0.5,0.0,64.359,0.000,0.0,644316.0
2026-09-01T05:44:48,0.2,4892,1547350,1531312,0.3,0.00,0.50,0.00,2.00,0.00,0.00,0.00,4.0,95830.0,95347.0,0.0,0.0,0.5,0.0,64.382,0.000,0.0,646352.5
2026-09-01T05:44:50,0.2,4891,1547350,1531313,0.3,0.00,0.49,0.00,1.98,0.00,0.00,0.00,4.0,95830.0,95347.0,0.0,0.0,0.5,0.0,64.359,0.000,0.0,646721.0
2026-09-01T05:44:52,0.2,4891,1547350,1531312,0.3,0.00,0.50,0.00,2.00,0.00,0.00,0.00,4.0,95830.0,95347.0,0.0,0.0,0.5,0.0,64.359,0.000,0.0,661356.5
2026-09-01T05:44:54,0.2,4891,1547350,1531313,0.3,0.00,0.49,0.00,1.97,0.00,0.00,0.05,4.0,95830.0,95347.0,0.0,0.0,0.5,0.0,64.390,0.000,0.0,646123.5
2026-09-01T05:44:56,0.2,4891,1547350,1531313,0.3,0.00,0.50,0.00,1.99,0.00,0.00,0.00,4.0,95830.0,95347.0,0.0,0.0,0.5,0.0,64.368,0.000,0.0,645946.5
2026-09-01T05:44:59,0.2,4890,1547350,1531314,0.3,0.00,0.50,0.00,1.98,0.00,0.00,0.00,4.0,95830.0,95347.0,0.0,0.0,0.5,0.0,64.353,0.000,0.0,645584.5
2026-09-01T05:45:01,0.2,4896,1547350,1531308,0.3,0.00,0.50,0.00,1.99,0.00,0.00,0.00,4.0,95830.0,95347.0,0.0,0.0,0.5,0.0,64.379,0.000,0.0,646999.5
2026-09-01T05:45:03,0.2,4896,1547350,1531307,0.3,0.00,0.50,0.00,1.99,0.00,0.00,0.00,4.0,95830.0,95347.0,0.0,0.0,0.5,0.0,64.342,0.000,0.0,644444.5
2026-09-01T05:45:05,0.2,4897,1547350,1531307,0.3,0.00,0.98,0.00,10.08,0.00,0.00,0.00,4.0,95830.0,95347.0,0.0,0.0,0.5,0.0,64.355,0.000,0.0,646594.5
2026-09-01T05:45:07,0.2,4896,1547350,1531307,0.3,0.00,0.49,0.00,1.98,0.00,0.00,0.00,4.0,95830.0,95347.0,0.0,0.0,0.5,0.0,64.362,0.000,0.0,645723.0
2026-09-01T05:45:09,0.2,4896,1547350,1531307,0.3,0.00,0.50,0.00,2.00,0.00,0.00,0.00,4.0,95830.0,95347.0,0.0,0.0,0.5,0.0,64.364,0.000,0.0,647497.0
2026-09-01T05:45:11,0.2,4896,1547350,1531308,0.3,0.00,0.49,0.00,1.98,0.00,0.00,0.05,4.0,95830.0,95347.0,0.0,0.0,0.5,0.0,64.350,0.000,0.0,655753.5
2026-09-01T05:45:13,0.3,4892,1547350,1531312,0.3,0.00,0.51,0.00,2.03,0.00,0.00,0.00,4.0,95830.0,95347.0,0.0,0.0,0.5,0.0,64.366,0.000,0.0,681957.5
2026-09-01T05:45:14,0.2,4892,1547350,1531312,0.3,0.00,1.98,0.00,7.92,0.00,0.00,0.00,4.0,95830.0,95347.0,0.0,0.0,0.5,0.0,64.363,0.000,0.0,672372.0
2026-09-01T05:45:16,0.2,4891,1547350,1531312,0.3,0.00,0.58,0.00,2.30,0.00,0.00,0.00,4.0,95830.0,95347.0,0.0,0.0,0.5,0.0,64.374,0.000,0.0,657228.5
2026-09-01T05:45:17,0.2,4892,1547350,1531312,0.3,0.00,0.69,0.00,2.77,0.00,0.00,0.00,4.0,95830.0,95347.0,0.0,0.0,0.5,0.0,64.358,0.000,0.0,656168.5
2026-09-01T05:45:19,0.2,4892,1547350,1531312,0.3,0.00,0.59,0.00,2.38,0.00,1.00,0.00,4.0,95830.0,95347.0,0.0,0.0,0.5,0.0,64.371,0.000,0.0,661778.5
2026-09-01T05:45:21,0.2,4891,1547350,1531312,0.3,0.00,0.61,0.00,2.43,0.00,0.00,0.00,4.0,95830.0,95347.0,0.0,0.0,0.5,0.0,64.352,0.000,0.0,658766.5
2026-09-01T05:45:22,0.2,4890,1547350,1531313,0.3,0.00,0.66,0.00,2.62,0.00,0.00,0.00,4.0,95830.0,95347.0,0.0,0.0,0.5,0.0,64.358,0.000,0.0,658036.0
2026-09-01T05:45:24,0.2,4890,1547350,1531314,0.3,0.00,0.59,0.00,2.37,0.00,0.00,0.00,4.0,95830.0,95347.0,0.0,0.0,0.5,0.0,64.355,0.000,0.0,657008.0
2026-09-01T05:45:25,0.2,4890,1547350,1531314,0.3,0.00,0.63,0.00,2.50,0.00,0.00,0.00,4.0,95830.0,95347.0,0.0,0.0,0.5,0.0,64.359,0.000,0.0,656281.5
2026-09-01T05:45:27,0.2,4890,1547350,1531314,0.3,0.00,0.63,0.00,2.54,0.00,0.00,0.00,4.0,95830.0,95347.0,0.0,0.0,0.5,0.0,64.347,0.000,0.0,637362.0
2026-09-01T05:45:29,0.2,4891,1547350,1531313,0.3,0.00,0.60,0.00,2.40,0.00,0.00,0.00,4.0,95830.0,95347.0,0.0,0.0,0.5,0.0,64.344,0.000,0.0,676307.0
2026-09-01T05:45:30,0.2,4891,1547350,1531313,0.3,0.00,0.61,0.00,2.44,0.00,0.00,0.00,4.0,95830.0,95347.0,0.0,0.0,0.5,0.0,64.366,0.000,0.0,651759.5
2026-09-01T05:45:32,0.2,4890,1547350,1531313,0.3,0.00,0.58,0.00,2.32,0.00,0.00,0.00,4.0,95830.0,95347.0,0.0,0.0,0.5,0.0,64.376,0.000,0.0,657542.5
2026-09-01T05:45:34,0.2,4890,1547350,1531314,0.3,0.00,4.83,0.00,24.14,0.00,0.00,0.00,4.0,95830.0,95347.0,0.0,0.0,0.5,0.0,64.359,0.000,0.0,652774.5
2026-09-01T05:45:35,0.2,4891,1547350,1531313,0.3,0.00,1.11,0.00,13.01,0.00,0.50,0.00,4.0,95830.0,95347.0,0.0,0.0,0.5,0.0,64.343,0.000,0.0,645128.0
2026-09-01T05:45:37,0.2,4891,1547350,1531313,0.3,0.00,0.61,0.00,2.46,0.00,0.00,0.00,4.0,95830.0,95347.0,0.0,0.0,0.5,0.0,64.326,0.000,0.0,686835.0
2026-09-01T05:45:39,0.2,4891,1547350,1531313,0.3,0.00,0.56,0.00,2.23,0.00,0.00,0.00,4.0,95830.0,95347.0,0.0,0.0,0.5,0.0,64.342,0.000,0.0,658364.5
2026-09-01T05:45:41,0.2,4891,1547350,1531313,0.3,0.00,1.23,0.00,4.92,0.00,0.00,0.00,4.0,95830.0,95347.0,0.0,0.0,0.5,0.0,64.317,0.000,0.0,675360.5
2026-09-01T05:45:42,0.2,4891,1547350,1531312,0.3,0.00,0.55,0.00,2.20,0.00,0.00,0.00,4.0,95830.0,95347.0,0.0,0.0,0.5,0.0,64.329,0.000,0.0,644036.5
2026-09-01T05:45:44,0.2,4891,1547350,1531313,0.3,0.00,0.51,0.00,2.02,0.00,0.00,0.00,4.0,95830.0,95347.0,0.0,0.0,0.5,0.0,64.335,0.000,0.0,635006.0
2026-09-01T05:45:46,0.2,4890,1547350,1531314,0.3,0.00,1.61,0.00,8.61,0.00,0.00,0.00,4.0,95830.0,95347.0,0.0,0.0,0.5,0.0,64.342,0.000,0.0,720377.0
2026-09-01T05:45:48,0.2,4891,1547350,1531313,0.3,0.00,0.49,0.00,1.95,0.00,0.00,0.00,4.0,95830.0,95347.0,0.0,0.0,0.5,0.0,64.321,0.000,0.0,666451.0
2026-09-01T05:45:50,0.2,4892,1547350,1531312,0.3,0.00,0.49,0.00,1.95,0.00,0.00,0.05,4.0,95830.0,95347.0,0.0,0.0,0.5,0.0,64.341,0.000,0.0,644736.0
2026-09-01T05:45:52,0.2,4891,1547350,1531312,0.3,0.00,1.03,0.00,4.12,0.00,0.00,0.00,4.0,95830.0,95347.0,0.0,0.0,0.5,0.0,64.350,0.000,0.0,648799.5
2026-09-01T05:45:54,0.2,4891,1547350,1531313,0.3,0.00,0.50,0.00,2.02,0.00,0.00,0.00,4.0,95830.0,95347.0,0.0,0.0,0.5,0.0,64.323,0.000,0.0,647130.5
2026-09-01T05:45:56,0.2,4891,1547350,1531313,0.3,0.00,0.99,0.00,3.97,0.00,0.00,0.00,4.0,95830.0,95347.0,0.0,0.0,0.5,0.0,64.341,0.000,0.0,646745.0
2026-09-01T05:45:58,0.2,4890,1547350,1531314,0.3,0.00,0.48,0.00,1.93,0.00,0.00,0.00,4.0,95830.0,95347.0,0.0,0.0,0.5,0.0,64.321,0.000,0.0,643947.0
2026-09-01T05:46:00,0.2,4890,1547350,1531314,0.3,0.00,0.50,0.00,2.00,0.00,1.00,0.00,4.0,95830.0,95347.0,0.0,0.0,0.5,0.0,64.296,0.000,0.0,647246.0
2026-09-01T05:46:02,0.2,4895,1547350,1531309,0.3,0.00,3.98,0.00,15.94,0.00,0.00,0.00,4.0,95830.0,95347.0,0.0,0.0,0.5,0.0,64.323,0.000,0.0,631685.0
2026-09-01T05:46:04,0.2,4941,1547350,1531263,0.3,0.00,2.99,0.00,17.93,0.00,0.00,0.00,4.0,95830.0,95347.0,0.0,0.0,0.5,0.0,64.331,0.000,0.0,670657.5
2026-09-01T05:46:06,1.1,5038,1547350,1531166,0.3,0.00,0.50,0.00,2.00,0.00,0.00,0.00,4.0,95830.0,95347.0,0.0,0.0,0.5,0.0,64.323,0.000,0.0,649295.0
2026-09-01T05:46:08,0.8,4966,1547350,1531238,0.3,0.00,25.10,0.00,773.09,0.00,0.24,0.05,4.0,95830.0,95347.0,0.0,0.0,0.5,0.0,64.342,0.000,0.0,656579.5
2026-09-01T05:46:10,1.0,4980,1547350,1531223,0.3,0.00,467.41,0.00,5882.78,0.00,0.05,0.63,4.0,95830.0,95347.0,0.0,0.0,0.5,0.0,64.309,0.000,0.0,646126.5
2026-09-01T05:46:12,1.2,4976,1547350,1531228,0.3,0.00,0.99,0.00,3.97,0.00,0.00,0.00,4.0,95830.0,95347.0,0.0,0.0,0.5,0.0,64.285,0.000,0.0,648188.5
2026-09-01T05:46:14,1.3,5011,1547350,1531192,0.3,0.00,41.08,0.00,457.57,0.00,0.03,0.05,4.0,95830.0,95347.0,0.0,0.0,0.5,0.0,64.284,0.000,0.0,661016.0
2026-09-01T05:46:16,1.2,5117,1547350,1531086,0.3,0.00,0.67,0.00,2.69,0.00,0.00,0.00,4.0,95830.0,95347.0,0.0,0.0,0.5,0.0,64.301,0.000,0.0,668869.0
2026-09-01T05:46:17,0.9,4900,1547350,1531304,0.3,0.00,24.50,0.00,696.32,0.00,0.08,0.06,4.0,95830.0,95347.0,0.0,0.0,0.5,0.0,64.262,0.000,0.0,663929.0
2026-09-01T05:46:19,0.2,4900,1547350,1531303,0.3,0.00,0.61,0.00,2.43,0.00,0.00,0.00,4.0,95830.0,95347.0,0.0,0.0,0.5,0.0,64.322,0.000,0.0,655253.5
2026-09-01T05:46:20,0.2,4902,1547350,1531302,0.3,0.00,0.66,0.00,2.65,0.00,0.00,0.00,4.0,95830.0,95347.0,0.0,0.0,0.5,0.0,64.297,0.000,0.0,641040.5
2026-09-01T05:46:22,0.2,4902,1547350,1531302,0.3,0.00,0.56,0.00,2.22,0.00,0.00,0.00,4.0,95830.0,95347.0,0.0,0.0,0.5,0.0,64.281,0.000,0.0,672820.5
2026-09-01T05:46:24,0.2,4902,1547350,1531302,0.3,0.00,0.69,0.00,2.75,0.00,0.00,0.00,4.0,95830.0,95347.0,0.0,0.0,0.5,0.0,64.311,0.000,0.0,655865.5
2026-09-01T05:46:25,0.2,4902,1547350,1531302,0.3,0.00,0.60,0.00,2.41,0.00,0.00,0.00,4.0,95830.0,95347.0,0.0,0.0,0.5,0.0,64.266,0.000,0.0,669292.5
2026-09-01T05:46:27,0.2,4902,1547350,1531302,0.3,0.00,0.61,0.00,2.44,0.00,0.00,0.00,4.0,95830.0,95347.0,0.0,0.0,0.5,0.0,64.275,0.000,0.0,655897.5
2026-09-01T05:46:29,0.2,4901,1547350,1531303,0.3,0.00,0.64,0.00,2.55,0.00,0.00,0.00,4.0,95830.0,95347.0,0.0,0.0,0.5,0.0,64.294,0.000,0.0,662811.0
2026-09-01T05:46:30,0.2,4902,1547350,1531302,0.3,0.00,0.62,0.00,2.48,0.00,0.00,0.00,4.0,95830.0,95347.0,0.0,0.0,0.5,0.0,64.294,0.000,0.0,655936.0
2026-09-01T05:46:32,0.2,4901,1547350,1531303,0.3,0.00,0.63,0.00,2.51,0.00,0.00,0.00,4.0,95830.0,95347.0,0.0,0.0,0.5,0.0,64.293,0.000,0.0,701782.0
2026-09-01T05:46:33,0.2,4901,1547350,1531303,0.3,0.00,0.60,0.00,2.41,0.00,0.00,0.00,4.0,95830.0,95347.0,0.0,0.0,0.5,0.0,64.258,0.000,0.0,659403.0
2026-09-01T05:46:35,0.2,4900,1547350,1531304,0.3,0.00,35.65,0.00,425.89,0.00,0.16,0.00,4.0,95830.0,95347.0,0.0,0.0,0.5,0.0,64.303,0.000,0.0,646094.5
2026-09-01T05:46:37,0.2,4900,1547350,1531303,0.3,0.00,0.49,0.00,1.97,0.00,0.00,0.05,4.0,95830.0,95347.0,0.0,0.0,0.5,0.0,64.264,0.000,0.0,656950.5
2026-09-01T05:46:39,0.2,4901,1547350,1531303,0.3,0.00,0.62,0.00,2.49,0.00,0.00,0.00,4.0,95830.0,95347.0,0.0,0.0,0.5,0.0,64.294,0.000,0.0,649405.0
2026-09-01T05:46:40,0.2,4900,1547350,1531304,0.3,0.00,42.90,0.00,347.63,0.00,0.05,0.06,4.0,95830.0,95347.0,0.0,0.0,0.5,0.0,64.222,0.000,0.0,661242.5
2026-09-01T05:46:42,0.2,4899,1547350,1531305,0.3,0.00,0.61,0.00,2.44,0.00,0.00,0.00,4.0,95830.0,95347.0,0.0,0.0,0.5,0.0,64.244,0.000,0.0,657840.0
2026-09-01T05:46:44,0.2,4900,1547350,1531304,0.3,0.00,0.63,0.00,2.52,0.00,0.00,0.00,4.0,95830.0,95347.0,0.0,0.0,0.5,0.0,64.251,0.000,0.0,650347.5
2026-09-01T05:46:46,0.2,4899,1547350,1531304,0.3,0.00,24.91,0.00,801.25,0.00,0.15,0.05,4.0,95830.0,95347.0,0.0,0.0,0.5,0.0,64.241,0.000,0.0,644088.0
2026-09-01T05:46:48,0.2,4900,1547350,1531304,0.3,0.00,0.53,0.00,2.11,0.00,0.00,0.00,4.0,95830.0,95347.0,0.0,0.0,0.5,0.0,64.245,0.000,0.0,646730.5
2026-09-01T05:46:50,0.2,4900,1547350,1531304,0.3,0.00,0.99,0.00,3.96,0.00,0.00,0.00,4.0,95830.0,95347.0,0.0,0.0,0.5,0.0,64.245,0.000,0.0,646742.5
2026-09-01T05:46:52,0.2,4900,1547350,1531304,0.3,0.00,0.49,0.00,1.97,0.00,0.00,0.00,4.0,95830.0,95347.0,0.0,0.0,0.5,0.0,64.259,0.000,0.0,650893.5
2026-09-01T05:46:54,0.2,4900,1547350,1531304,0.3,0.00,0.50,0.00,1.98,0.00,0.00,0.00,4.0,95830.0,95347.0,0.0,0.0,0.5,0.0,64.269,0.000,0.0,655761.5
2026-09-01T05:46:56,0.1,4900,1547350,1531304,0.3,0.00,1.28,0.00,5.14,0.00,0.00,0.00,4.0,95830.0,95347.0,0.0,0.0,0.5,0.0,64.228,0.000,0.0,675158.5
2026-09-01T05:46:58,0.2,4900,1547350,1531304,0.3,0.00,0.40,0.00,1.59,0.00,0.00,0.00,4.0,95830.0,95347.0,0.0,0.0,0.5,0.0,64.235,0.000,0.0,636890.5
2026-09-01T05:47:01,0.2,4906,1547350,1531298,0.3,0.00,0.82,0.00,3.28,0.00,0.00,0.00,4.0,95830.0,95347.0,0.0,0.0,0.5,0.0,64.234,0.000,0.0,676172.5
2026-09-01T05:47:03,0.2,4906,1547350,1531298,0.3,0.00,0.50,0.00,1.98,0.00,0.00,0.00,4.0,95830.0,95347.0,0.0,0.0,0.5,0.0,64.228,0.000,0.0,647551.0
2026-09-01T05:47:05,0.2,4905,1547350,1531299,0.3,0.00,4.98,0.00,56.27,0.00,0.10,0.00,4.0,95830.0,95347.0,0.0,0.0,0.5,0.0,64.248,0.000,0.0,638554.0
2026-09-01T05:47:08,0.1,4905,1547350,1531299,0.3,0.00,2.79,0.00,12.53,0.00,0.12,0.00,4.0,95830.0,95347.0,0.0,0.0,0.5,0.0,64.203,0.000,0.0,675775.5
2026-09-01T05:47:10,0.2,4904,1547350,1531299,0.3,0.00,0.38,0.00,1.53,0.00,0.00,0.00,4.0,95830.0,95347.0,0.0,0.0,0.5,0.0,64.249,0.000,0.0,640405.0
2026-09-01T05:47:13,0.2,4906,1547350,1531298,0.3,0.00,1.85,0.00,7.39,0.00,0.00,0.00,4.0,95830.0,95347.0,0.0,0.0,0.5,0.0,64.208,0.000,0.0,645214.0
2026-09-01T05:47:15,0.2,4905,1547350,1531299,0.3,0.00,0.51,0.00,2.03,0.00,0.00,0.00,4.0,95830.0,95347.0,0.0,0.0,0.5,0.0,64.184,0.000,0.0,652140.0
2026-09-01T05:47:16,0.2,4904,1547350,1531299,0.3,0.00,0.57,0.00,2.27,0.00,0.00,0.00,4.0,95830.0,95347.0,0.0,0.0,0.5,0.0,64.239,0.000,0.0,661792.5
2026-09-01T05:47:18,0.2,4904,1547350,1531300,0.3,0.00,2.22,0.00,8.89,0.00,0.33,0.00,4.0,95830.0,95347.0,0.0,0.0,0.5,0.0,64.199,0.000,0.0,664313.5
2026-09-01T05:47:19,0.2,4904,1547350,1531300,0.3,0.00,0.55,0.00,2.21,0.00,0.00,0.00,4.0,95830.0,95347.0,0.0,0.0,0.5,0.0,64.216,0.000,0.0,660379.0
2026-09-01T05:47:21,0.2,4904,1547350,1531300,0.3,0.00,0.63,0.00,2.52,0.00,0.00,0.00,4.0,95830.0,95347.0,0.0,0.0,0.5,0.0,64.213,0.000,0.0,656053.5
2026-09-01T05:47:23,0.2,4903,1547350,1531301,0.3,0.00,0.60,0.00,2.42,0.00,0.00,0.00,4.0,95830.0,95347.0,0.0,0.0,0.5,0.0,64.191,0.000,0.0,676773.5
2026-09-01T05:47:24,0.2,4903,1547350,1531301,0.3,0.00,1.20,0.00,4.82,0.00,0.00,0.00,4.0,95830.0,95347.0,0.0,0.0,0.5,0.0,64.227,0.000,0.0,667813.0
2026-09-01T05:47:26,0.2,4904,1547350,1531300,0.3,0.00,0.65,0.00,2.59,0.00,0.00,0.00,4.0,95830.0,95347.0,0.0,0.0,0.5,0.0,64.198,0.000,0.0,680420.0
2026-09-01T05:47:28,0.2,4902,1547350,1531301,0.3,0.00,0.60,0.00,2.42,0.00,0.00,0.00,4.0,95830.0,95347.0,0.0,0.0,0.5,0.0,64.188,0.000,0.0,656210.5
2026-09-01T05:47:29,0.2,4902,1547350,1531301,0.3,0.00,1.27,0.00,7.65,0.00,0.00,0.00,4.0,95830.0,95347.0,0.0,0.0,0.5,0.0,64.207,0.000,0.0,655553.5
2026-09-01T05:47:31,0.2,4901,1547350,1531303,0.3,0.00,0.59,0.00,2.36,0.00,0.00,0.00,4.0,95830.0,95347.0,0.0,0.0,0.5,0.0,64.178,0.000,0.0,652534.0
2026-09-01T05:47:33,0.2,4901,1547350,1531303,0.3,0.00,0.54,0.00,2.14,0.00,0.00,0.00,4.0,95830.0,95347.0,0.0,0.0,0.5,0.0,64.177,0.000,0.0,651323.0
2026-09-01T05:47:34,0.2,4902,1547350,1531302,0.3,0.00,1.16,0.00,4.65,0.00,0.00,0.00,4.0,95830.0,95347.0,0.0,0.0,0.5,0.0,64.190,0.000,0.0,667901.5
2026-09-01T05:47:36,0.2,4902,1547350,1531302,0.3,0.00,17.61,0.00,152.83,0.00,0.14,0.00,4.0,95830.0,95347.0,0.0,0.0,0.5,0.0,64.153,0.000,0.0,651472.0
2026-09-01T05:47:38,0.2,4901,1547350,1531302,0.3,0.00,0.55,0.00,2.20,0.00,0.00,0.00,4.0,95830.0,95347.0,0.0,0.0,0.5,0.0,64.156,0.000,0.0,661111.5
2026-09-01T05:47:39,0.2,4901,1547350,1531302,0.3,0.00,0.62,0.00,2.46,0.00,0.00,0.00,4.0,95830.0,95347.0,0.0,0.0,0.5,0.0,64.166,0.000,0.0,638728.5
2026-09-01T05:47:41,0.2,4902,1547350,1531302,0.3,0.00,1.26,0.00,5.05,0.00,0.00,0.00,4.0,95830.0,95347.0,0.0,0.0,0.5,0.0,64.164,0.000,0.0,679105.5
2026-09-01T05:47:43,0.2,4901,1547350,1531302,0.3,0.00,0.61,0.00,2.45,0.00,0.00,0.00,4.0,95830.0,95347.0,0.0,0.0,0.5,0.0,64.161,0.000,0.0,654096.5
2026-09-01T05:47:44,0.2,4901,1547350,1531303,0.3,0.00,0.64,0.00,2.54,0.00,0.00,0.00,4.0,95830.0,95347.0,0.0,0.0,0.5,0.0,64.157,0.000,0.0,659488.5
2026-09-01T05:47:46,0.2,4901,1547350,1531303,0.3,0.00,1.08,0.00,4.33,0.00,0.00,0.00,4.0,95830.0,95347.0,0.0,0.0,0.5,0.0,64.169,0.000,0.0,654550.0
2026-09-01T05:47:48,0.2,4901,1547350,1531303,0.3,0.00,0.61,0.00,2.46,0.00,0.00,0.00,4.0,95830.0,95347.0,0.0,0.0,0.5,0.0,64.143,0.000,0.0,692817.0
2026-09-01T05:47:50,0.2,4902,1547350,1531302,0.3,0.00,0.55,0.00,2.19,0.00,0.00,0.00,4.0,95830.0,95347.0,0.0,0.0,0.5,0.0,64.141,0.000,0.0,650443.0
2026-09-01T05:47:51,0.2,4901,1547350,1531302,0.3,0.00,2.26,0.00,9.04,0.00,0.00,0.00,4.0,95830.0,95347.0,0.0,0.0,0.5,0.0,64.151,0.000,0.0,651588.5
2026-09-01T05:47:53,0.2,4902,1547350,1531302,0.3,0.00,0.55,0.00,2.18,0.00,0.00,0.00,4.0,95830.0,95347.0,0.0,0.0,0.5,0.0,64.185,0.000,0.0,653532.0
2026-09-01T05:47:55,0.2,4902,1547350,1531302,0.3,0.00,0.55,0.00,2.20,0.00,1.00,0.00,4.0,95830.0,95347.0,0.0,0.0,0.5,0.0,64.133,0.000,0.0,646340.0
2026-09-01T05:47:57,0.2,4901,1547350,1531302,0.3,0.00,0.99,0.00,3.95,0.00,0.00,0.00,4.0,95830.0,95347.0,0.0,0.0,0.5,0.0,64.145,0.000,0.0,631220.5
2026-09-01T05:47:59,0.2,4902,1547350,1531302,0.3,0.00,0.50,0.00,2.02,0.00,0.00,0.00,4.0,95830.0,95347.0,0.0,0.0,0.5,0.0,64.155,0.000,0.0,669803.5
2026-09-01T05:48:01,0.2,4907,1547350,1531297,0.3,0.00,0.49,0.00,1.96,0.00,0.00,0.00,4.0,95830.0,95347.0,0.0,0.0,0.5,0.0,64.138,0.000,0.0,645563.0
2026-09-01T05:48:03,0.3,4907,1547350,1531296,0.3,0.00,3.96,0.00,15.86,0.00,0.00,0.00,4.0,95830.0,95347.0,0.0,0.0,0.5,0.0,64.166,0.000,0.0,646609.5
2026-09-01T05:48:05,0.2,4907,1547350,1531297,0.3,0.00,0.50,0.00,1.99,0.00,0.00,0.00,4.0,95830.0,95347.0,0.0,0.0,0.5,0.0,64.142,0.000,0.0,647124.5
2026-09-01T05:48:07,0.2,4906,1547350,1531298,0.3,0.00,1.97,0.00,15.25,0.00,0.25,0.00,4.0,95830.0,95347.0,0.0,0.0,0.5,0.0,64.144,0.000,0.0,642842.0
2026-09-01T05:48:09,0.2,4906,1547350,1531298,0.3,0.00,0.45,0.00,1.79,0.00,0.00,0.04,4.0,95830.0,95347.0,0.0,0.0,0.5,0.0,64.169,0.000,0.0,650615.5
2026-09-01T05:48:11,0.2,4905,1547350,1531299,0.3,0.00,0.50,0.00,1.99,0.00,0.00,0.05,4.0,95830.0,95347.0,0.0,0.0,0.5,0.0,64.171,0.000,0.0,653226.5
2026-09-01T05:48:13,0.2,4903,1547350,1531300,0.3,0.00,1.96,0.00,7.84,0.00,0.00,0.00,4.0,95830.0,95347.0,0.0,0.0,0.5,0.0,64.146,0.000,0.0,645558.0
2026-09-01T05:48:15,0.2,4903,1547350,1531301,0.3,0.00,0.50,0.00,2.01,0.00,0.00,0.00,4.0,95830.0,95347.0,0.0,0.0,0.5,0.0,64.130,0.000,0.0,633087.5
2026-09-01T05:48:18,0.2,4903,1547350,1531301,0.3,0.00,0.37,0.00,1.48,0.00,0.00,0.00,4.0,95830.0,95347.0,0.0,0.0,0.5,0.0,64.153,0.000,0.0,663872.0
2026-09-01T05:48:20,0.2,4902,1547350,1531302,0.3,0.00,1.57,0.00,6.27,0.00,0.00,0.00,4.0,95830.0,95347.0,0.0,0.0,0.5,0.0,64.133,0.000,0.0,639831.5
2026-09-01T05:48:22,0.2,4902,1547350,1531302,0.3,0.00,0.44,0.00,1.76,0.00,0.00,0.00,4.0,95830.0,95347.0,0.0,0.0,0.5,0.0,64.150,0.000,0.0,646171.0
2026-09-01T05:48:24,0.1,4902,1547350,1531301,0.3,0.00,0.98,0.00,3.94,0.00,0.50,0.00,4.0,95830.0,95347.0,0.0,0.0,0.5,0.0,64.132,0.000,0.0,631327.5
2026-09-01T05:48:27,0.1,4903,1547350,1531301,0.3,0.00,0.32,0.00,1.28,0.00,0.00,0.00,4.0,95830.0,95347.0,0.0,0.0,0.5,0.0,64.131,0.000,0.0,663415.0
2026-09-01T05:48:29,0.2,4903,1547350,1531301,0.3,0.00,0.58,0.00,2.33,0.00,0.00,0.06,4.0,95830.0,95347.0,0.0,0.0,0.5,0.0,64.133,0.000,0.0,660218.0
2026-09-01T05:48:31,0.2,4902,1547350,1531301,0.3,0.00,1.21,0.00,7.26,0.00,0.00,0.06,4.0,95830.0,95347.0,0.0,0.0,0.5,0.0,64.124,0.000,0.0,661644.0
2026-09-01T05:48:32,0.2,4903,1547350,1531301,0.3,0.00,0.65,0.00,2.59,0.00,0.00,0.00,4.0,95830.0,95347.0,0.0,0.0,0.5,0.0,64.129,0.000,0.0,658172.0
2026-09-01T05:48:34,0.2,4903,1547350,1531301,0.3,0.00,0.60,0.00,2.39,0.00,0.00,0.00,4.0,95830.0,95347.0,0.0,0.0,0.5,0.0,64.136,0.000,0.0,665799.5
2026-09-01T05:48:36,0.2,4902,1547350,1531302,0.3,0.00,3.18,0.00,44.50,0.00,0.00,0.00,4.0,95830.0,95347.0,0.0,0.0,0.5,0.0,64.146,0.000,0.0,656384.0
2026-09-01T05:48:37,0.2,4902,1547350,1531302,0.3,0.00,1.26,0.00,5.02,0.00,0.00,0.00,4.0,95830.0,95347.0,0.0,0.0,0.5,0.0,64.135,0.000,0.0,650157.0
2026-09-01T05:48:39,0.2,4901,1547350,1531303,0.3,0.00,0.49,0.00,1.95,0.00,0.00,0.00,4.0,95830.0,95347.0,0.0,0.0,0.5,0.0,64.127,0.000,0.0,686289.5
2026-09-01T05:48:41,0.2,4902,1547350,1531302,0.3,0.00,0.61,0.00,2.45,0.00,0.00,0.00,4.0,95830.0,95347.0,0.0,0.0,0.5,0.0,64.099,0.000,0.0,661406.5
2026-09-01T05:48:42,0.2,4901,1547350,1531303,0.3,0.00,1.29,0.00,5.15,0.00,0.00,0.00,4.0,95830.0,95347.0,0.0,0.0,0.5,0.0,64.131,0.000,0.0,637536.5
2026-09-01T05:48:45,0.1,4901,1547350,1531303,0.3,0.00,0.41,0.00,1.63,0.00,0.00,0.00,4.0,95830.0,95347.0,0.0,0.0,0.5,0.0,64.142,0.000,0.0,657715.5
2026-09-01T05:48:46,0.2,4901,1547350,1531303,0.3,0.00,0.62,0.00,2.47,0.00,0.00,0.00,4.0,95830.0,95347.0,0.0,0.0,0.5,0.0,64.142,0.000,0.0,648312.5
2026-09-01T05:48:48,0.2,4902,1547350,1531302,0.3,0.00,1.10,0.00,4.40,0.00,0.50,0.06,4.0,95830.0,95347.0,0.0,0.0,0.5,0.0,64.133,0.000,0.0,654405.5
2026-09-01T05:48:50,0.2,4901,1547350,1531302,0.3,0.00,0.55,0.00,2.20,0.00,0.00,0.00,4.0,95830.0,95347.0,0.0,0.0,0.5,0.0,64.120,0.000,0.0,650564.5
2026-09-01T05:48:52,0.2,4901,1547350,1531303,0.3,0.00,0.55,0.00,2.22,0.00,0.00,0.00,4.0,95830.0,95347.0,0.0,0.0,0.5,0.0,64.103,0.000,0.0,655873.0
2026-09-01T05:48:53,0.2,4901,1547350,1531303,0.3,0.00,1.86,0.00,7.43,0.00,0.00,0.00,4.0,95830.0,95347.0,0.0,0.0,0.5,0.0,64.145,0.000,0.0,661299.5
2026-09-01T05:48:55,0.2,4901,1547350,1531303,0.3,0.00,0.55,0.00,2.19,0.00,0.00,0.00,4.0,95830.0,95347.0,0.0,0.0,0.5,0.0,64.159,0.000,0.0,656394.0
2026-09-01T05:48:57,0.2,4902,1547350,1531302,0.3,0.00,0.50,0.00,2.02,0.00,0.00,0.00,4.0,95830.0,95347.0,0.0,0.0,0.5,0.0,64.150,0.000,0.0,646478.0
2026-09-01T05:48:59,0.2,4902,1547350,1531302,0.3,0.00,0.98,0.00,3.92,0.00,0.00,0.00,4.0,95830.0,95347.0,0.0,0.0,0.5,0.0,64.130,0.000,0.0,646727.5
2026-09-01T05:49:01,0.2,4907,1547350,1531296,0.3,0.00,0.50,0.00,1.98,0.00,0.00,0.00,4.0,95830.0,95347.0,0.0,0.0,0.5,0.0,64.129,0.000,0.0,645302.0
2026-09-01T05:49:03,0.1,4907,1547350,1531297,0.3,0.00,0.50,0.00,1.99,0.00,0.00,0.00,4.0,95830.0,95347.0,0.0,0.0,0.5,0.0,64.147,0.000,0.0,645310.5
2026-09-01T05:49:05,0.2,4908,1547350,1531296,0.3,0.00,3.90,0.00,17.57,0.00,0.12,0.00,4.0,95830.0,95347.0,0.0,0.0,0.5,0.0,64.118,0.000,0.0,645727.5
2026-09-01T05:49:07,0.2,4907,1547350,1531296,0.3,0.00,1.51,0.00,12.62,0.00,0.00,0.00,4.0,95830.0,95347.0,0.0,0.0,0.5,0.0,64.165,0.000,0.0,678754.0
2026-09-01T05:49:09,0.2,4907,1547350,1531297,0.3,0.00,0.97,0.00,3.86,0.00,0.00,0.00,4.0,95830.0,95347.0,0.0,0.0,0.5,0.0,64.117,0.000,0.0,645833.0
2026-09-01T05:49:11,0.2,4903,1547350,1531301,0.3,0.00,0.51,0.00,2.03,0.00,0.00,0.00,4.0,95830.0,95347.0,0.0,0.0,0.5,0.0,64.143,0.000,0.0,645796.5
2026-09-01T05:49:13,0.2,4902,1547350,1531301,0.3,0.00,0.49,0.00,1.96,0.00,0.00,0.00,4.0,95830.0,95347.0,0.0,0.0,0.5,0.0,64.178,0.000,0.0,645471.5
2026-09-01T05:49:16,0.2,4902,1547350,1531302,0.3,0.00,1.98,0.00,7.92,0.00,0.00,0.00,4.0,95830.0,95347.0,0.0,0.0,0.5,0.0,64.157,0.000,0.0,662144.0
2026-09-01T05:49:17,0.2,4901,1547350,1531303,0.3,0.00,0.65,0.00,2.59,0.00,0.00,0.00,4.0,95830.0,95347.0,0.0,0.0,0.5,0.0,64.130,0.000,0.0,657037.5
2026-09-01T05:49:18,0.2,4901,1547350,1531303,0.3,0.00,0.75,0.00,3.01,0.00,0.00,0.00,4.0,95830.0,95347.0,0.0,0.0,0.5,0.0,64.152,0.000,0.0,671824.0
2026-09-01T05:49:20,0.2,4902,1547350,1531302,0.3,0.00,0.69,0.00,2.76,0.00,1.00,0.00,4.0,95830.0,95347.0,0.0,0.0,0.5,0.0,64.147,0.000,0.0,666686.5
2026-09-01T05:49:21,0.2,4902,1547350,1531302,0.3,0.00,2.17,0.00,8.66,0.00,0.00,0.00,4.0,95830.0,95347.0,0.0,0.0,0.5,0.0,64.154,0.000,0.0,669939.0
2026-09-01T05:49:23,0.2,4903,1547350,1531301,0.3,0.00,0.59,0.00,2.35,0.00,0.00,0.00,4.0,95830.0,95347.0,0.0,0.0,0.5,0.0,64.163,0.000,0.0,655161.0
2026-09-01T05:49:24,0.2,4904,1547350,1531300,0.3,0.00,0.70,0.00,2.80,0.00,0.00,0.00,4.0,95830.0,95347.0,0.0,0.0,0.5,0.0,64.161,0.000,0.0,659076.0
2026-09-01T05:49:26,0.2,4905,1547350,1531299,0.3,0.00,0.67,0.00,2.68,0.00,0.00,0.00,4.0,95830.0,95347.0,0.0,0.0,0.5,0.0,64.168,0.000,0.0,664106.0
2026-09-01T05:49:27,0.2,4904,1547350,1531300,0.3,0.00,1.25,0.00,5.00,0.00,0.00,0.00,4.0,95830.0,95347.0,0.0,0.0,0.5,0.0,64.139,0.000,0.0,665187.0
2026-09-01T05:49:29,0.2,4905,1547350,1531299,0.3,0.00,0.73,0.00,2.92,0.00,0.00,0.00,4.0,95830.0,95347.0,0.0,0.0,0.5,0.0,64.141,0.000,0.0,664098.0
2026-09-01T05:49:30,0.2,4904,1547350,1531300,0.3,0.00,0.61,0.00,2.45,0.00,0.00,0.00,4.0,95830.0,95347.0,0.0,0.0,0.5,0.0,64.162,0.000,0.0,665887.5
2026-09-01T05:49:32,0.2,4905,1547350,1531299,0.3,0.00,0.60,0.00,2.42,0.00,0.00,0.00,4.0,95830.0,95347.0,0.0,0.0,0.5,0.0,64.146,0.000,0.0,665032.0
2026-09-01T05:49:34,0.2,4906,1547350,1531298,0.3,0.00,1.27,0.00,5.10,0.00,0.00,0.00,4.0,95830.0,95347.0,0.0,0.0,0.5,0.0,64.141,0.000,0.0,706571.0
2026-09-01T05:49:35,0.2,4907,1547350,1531297,0.3,0.00,0.61,0.00,2.45,0.00,0.00,0.00,4.0,95830.0,95347.0,0.0,0.0,0.5,0.0,64.169,0.000,0.0,653971.0
2026-09-01T05:49:37,0.2,4907,1547350,1531297,0.3,0.00,3.21,0.00,50.71,0.00,0.00,0.00,4.0,95830.0,95347.0,0.0,0.0,0.5,0.0,64.160,0.000,0.0,683661.0
2026-09-01T05:49:38,0.2,4906,1547350,1531297,0.3,0.00,0.78,0.00,3.12,0.00,1.00,0.00,4.0,95830.0,95347.0,0.0,0.0,0.5,0.0,64.132,0.000,0.0,651909.0
2026-09-01T05:49:40,0.2,4907,1547350,1531296,0.3,0.00,0.99,0.00,5.95,0.00,0.00,0.00,4.0,95830.0,95347.0,0.0,0.0,0.5,0.0,64.177,0.000,0.0,654393.5
2026-09-01T05:49:41,0.2,4908,1547350,1531296,0.3,0.00,0.84,0.00,3.34,0.00,0.00,0.00,4.0,95830.0,95347.0,0.0,0.0,0.5,0.0,64.166,0.000,0.0,654393.5
2026-09-01T05:49:42,0.2,4908,1547350,1531296,0.3,0.00,1.25,0.00,4.98,0.00,0.00,0.00,4.0,95830.0,95347.0,0.0,0.0,0.5,0.0,64.168,0.000,0.0,683535.0
2026-09-01T05:49:44,0.2,4909,1547350,1531294,0.3,0.00,0.70,0.00,2.80,0.00,0.00,0.00,4.0,95830.0,95347.0,0.0,0.0,0.5,0.0,64.151,0.000,0.0,683535.0
2026-09-01T05:49:45,0.2,4909,1547350,1531294,0.3,0.00,2.01,0.00,8.06,0.00,0.00,0.00,4.0,95830.0,95347.0,0.0,0.0,0.5,0.0,64.124,0.000,0.0,664468.0
2026-09-01T05:49:47,0.2,4911,1547350,1531293,0.3,0.00,0.50,0.00,2.02,0.00,0.00,0.00,4.0,95830.0,95347.0,0.0,0.0,0.5,0.0,64.156,0.000,0.0,657688.0
2026-09-01T05:49:48,0.2,4911,1547350,1531293,0.3,0.00,0.61,0.00,2.42,0.00,0.00,0.00,4.0,95830.0,95347.0,0.0,0.0,0.5,0.0,64.180,0.000,0.0,681045.5
2026-09-01T05:49:50,0.2,4911,1547350,1531293,0.3,0.00,0.62,0.00,2.47,0.00,0.00,0.00,4.0,95830.0,95347.0,0.0,0.0,0.5,0.0,64.181,0.000,0.0,702597.0
2026-09-01T05:49:52,0.2,4912,1547350,1531292,0.3,0.00,1.12,0.00,4.48,0.00,0.00,0.00,4.0,95830.0,95347.0,0.0,0.0,0.5,0.0,64.212,0.000,0.0,670529.5
2026-09-01T05:49:53,0.2,4911,1547350,1531292,0.3,0.00,0.90,0.00,3.61,0.00,0.00,0.00,4.0,95830.0,95347.0,0.0,0.0,0.5,0.0,64.202,0.000,0.0,706194.5
2026-09-01T05:49:54,0.2,4916,1547350,1531287,0.3,0.00,0.65,0.00,2.60,0.00,0.00,0.00,4.0,95830.0,95347.0,0.0,0.0,0.5,0.0,64.191,0.000,0.0,657684.5
2026-09-01T05:49:56,0.2,4917,1547350,1531287,0.3,0.00,1.91,0.00,7.63,0.00,0.00,0.00,4.0,95830.0,95347.0,0.0,0.0,0.5,0.0,64.156,0.000,0.0,692910.5
2026-09-01T05:49:57,0.2,4917,1547350,1531287,0.3,0.00,0.69,0.00,2.78,0.00,0.00,0.00,4.0,95830.0,95347.0,0.0,0.0,0.5,0.0,64.171,0.000,0.0,646618.0
2026-09-01T05:49:59,0.2,4917,1547350,1531287,0.3,0.00,0.56,0.00,2.23,0.00,0.00,0.00,4.0,95830.0,95347.0,0.0,0.0,0.5,0.0,64.166,0.000,0.0,667287.5
2026-09-01T05:50:00,0.2,4917,1547350,1531287,0.3,0.00,0.81,0.00,3.26,0.00,0.00,0.00,4.0,95830.0,95347.0,0.0,0.0,0.5,0.0,64.192,0.000,0.0,657900.0
2026-09-01T05:50:02,0.2,4924,1547350,1531280,0.3,0.00,3.98,0.00,15.90,0.00,0.12,0.00,4.0,95830.0,95347.0,0.0,0.0,0.5,0.0,64.203,0.000,0.0,646463.0
2026-09-01T05:50:04,0.2,4924,1547350,1531279,0.3,0.00,0.50,0.00,2.00,0.00,0.00,0.00,4.0,95830.0,95347.0,0.0,0.0,0.5,0.0,64.189,0.000,0.0,677860.5
2026-09-01T05:50:06,0.2,4925,1547350,1531278,0.3,0.00,7.45,0.00,45.68,0.00,0.07,0.00,4.0,95830.0,95347.0,0.0,0.0,0.5,0.0,64.235,0.000,0.0,645515.5
2026-09-01T05:50:08,0.2,4926,1547350,1531278,0.3,0.00,1.00,0.00,4.00,0.00,0.50,0.00,4.0,95830.0,95347.0,0.0,0.0,0.5,0.0,64.201,0.000,0.0,645515.5
2026-09-01T05:50:09,0.2,4926,1547350,1531278,0.3,0.00,2.15,0.00,8.58,0.00,0.00,0.00,4.0,95830.0,95347.0,0.0,0.0,0.5,0.0,64.192,0.000,0.0,700865.5
2026-09-01T05:50:10,0.2,4926,1547350,1531278,0.3,0.00,0.78,0.00,3.14,0.00,0.00,0.00,4.0,95830.0,95347.0,0.0,0.0,0.5,0.0,64.219,0.000,0.0,676032.0
2026-09-01T05:50:11,0.2,4923,1547350,1531281,0.3,0.00,0.77,0.00,3.09,0.00,0.00,0.00,4.0,95830.0,95347.0,0.0,0.0,0.5,0.0,64.200,0.000,0.0,729591.0
2026-09-01T05:50:12,0.2,4923,1547350,1531281,0.3,0.00,3.94,0.00,19.72,0.00,0.00,0.00,4.0,95830.0,95347.0,0.0,0.0,0.5,0.0,64.221,0.000,0.0,670096.0
2026-09-01T05:50:14,0.2,4923,1547350,1531281,0.3,0.00,0.50,0.00,1.98,0.00,0.00,0.00,4.0,95830.0,95347.0,0.0,0.0,0.5,0.0,64.203,0.000,0.0,670096.0
2026-09-01T05:50:15,0.2,4924,1547350,1531280,0.3,0.00,1.15,0.00,4.59,0.00,0.00,0.00,4.0,95830.0,95347.0,0.0,0.0,0.5,0.0,64.221,0.000,0.0,691142.0
2026-09-01T05:50:17,0.2,4925,1547350,1531279,0.3,0.00,0.74,0.00,2.95,0.00,0.00,0.00,4.0,95830.0,95347.0,0.0,0.0,0.5,0.0,64.242,0.000,0.0,646863.0
2026-09-01T05:50:19,0.2,4925,1547350,1531279,0.3,0.00,1.01,0.00,4.03,0.00,0.00,0.00,4.0,95830.0,95347.0,0.0,0.0,0.5,0.0,64.229,0.000,0.0,651738.5
2026-09-01T05:50:20,0.2,4924,1547350,1531280,0.3,0.00,0.57,0.00,2.28,0.00,0.00,0.00,4.0,95830.0,95347.0,0.0,0.0,0.5,0.0,64.243,0.000,0.0,651738.5
2026-09-01T05:50:21,0.2,4924,1547350,1531280,0.3,0.00,1.38,0.00,5.52,0.00,0.00,0.00,4.0,95830.0,95347.0,0.0,0.0,0.5,0.0,64.210,0.000,0.0,678758.0
2026-09-01T05:50:23,0.2,4925,1547350,1531279,0.3,0.00,0.60,0.00,2.40,0.00,0.00,0.00,4.0,95830.0,95347.0,0.0,0.0,0.5,0.0,64.207,0.000,0.0,681164.0
2026-09-01T05:50:24,0.2,4924,1547350,1531279,0.3,0.00,2.15,0.00,8.60,0.00,0.33,0.00,4.0,95830.0,95347.0,0.0,0.0,0.5,0.0,64.223,0.000,0.0,770525.0
2026-09-01T05:50:25,0.2,4925,1547350,1531279,0.3,0.00,1.00,0.00,3.98,0.00,0.00,0.00,4.0,95830.0,95347.0,0.0,0.0,0.5,0.0,64.209,0.000,0.0,770525.0
2026-09-01T05:50:26,0.2,4925,1547350,1531278,0.3,0.00,2.11,0.00,8.42,0.00,0.00,0.00,4.0,95830.0,95347.0,0.0,0.0,0.5,0.0,64.204,0.000,0.0,734611.5
2026-09-01T05:50:27,0.2,4926,1547350,1531278,0.3,0.00,0.73,0.00,2.91,0.00,0.00,0.00,4.0,95830.0,95347.0,0.0,0.0,0.5,0.0,64.180,0.000,0.0,678456.5
2026-09-01T05:50:29,0.2,4926,1547350,1531278,0.3,0.00,0.63,0.00,2.53,0.00,0.00,0.00,4.0,95830.0,95347.0,0.0,0.0,0.5,0.0,64.200,0.000,0.0,668964.0
2026-09-01T05:50:30,0.2,4929,1547350,1531275,0.3,0.00,1.24,0.00,4.98,0.00,0.00,0.00,4.0,95830.0,95347.0,0.0,0.0,0.5,0.0,64.249,0.000,0.0,668964.0
2026-09-01T05:50:31,0.2,4930,1547350,1531274,0.3,0.00,1.20,0.00,4.80,0.00,0.00,0.00,4.0,95830.0,95347.0,0.0,0.0,0.5,0.0,64.228,0.000,0.0,703646.5
2026-09-01T05:50:32,0.2,4930,1547350,1531274,0.3,0.00,1.02,0.00,4.07,0.00,0.00,0.00,4.0,95830.0,95347.0,0.0,0.0,0.5,0.0,64.208,0.000,0.0,692655.5
2026-09-01T05:50:33,0.2,4931,1547350,1531273,0.3,0.00,1.19,0.00,4.76,0.00,0.00,0.00,4.0,95830.0,95347.0,0.0,0.0,0.5,0.0,64.200,0.000,0.0,668753.5
2026-09-01T05:50:34,0.2,4931,1547350,1531273,0.3,0.00,0.62,0.00,2.46,0.00,0.00,0.00,4.0,95830.0,95347.0,0.0,0.0,0.5,0.0,64.229,0.000,0.0,656179.0
2026-09-01T05:50:36,0.2,4931,1547350,1531273,0.3,0.00,1.27,0.00,5.08,0.00,0.00,0.00,4.0,95830.0,95347.0,0.0,0.0,0.5,0.0,64.213,0.000,0.0,669972.0
2026-09-01T05:50:38,0.2,4931,1547350,1531272,0.3,0.00,3.06,0.00,44.34,0.00,0.00,0.00,4.0,95830.0,95347.0,0.0,0.0,0.5,0.0,64.251,0.000,0.0,657045.5
2026-09-01T05:50:40,0.2,4932,1547350,1531272,0.3,0.00,0.54,0.00,2.16,0.00,0.00,0.00,4.0,95830.0,95347.0,0.0,0.0,0.5,0.0,64.224,0.000,0.0,644556.5
2026-09-01T05:50:41,0.2,4933,1547350,1531271,0.3,0.00,1.24,0.00,7.44,0.00,0.50,0.00,4.0,95830.0,95347.0,0.0,0.0,0.5,0.0,64.226,0.000,0.0,666452.5
2026-09-01T05:50:43,0.2,4933,1547350,1531271,0.3,0.00,0.57,0.00,2.28,0.00,0.00,0.00,4.0,95830.0,95347.0,0.0,0.0,0.5,0.0,64.255,0.000,0.0,719717.0
2026-09-01T05:50:45,0.2,4933,1547350,1531271,0.3,0.00,0.61,0.00,2.45,0.00,0.00,0.00,4.0,95830.0,95347.0,0.0,0.0,0.5,0.0,64.203,0.000,0.0,685035.5
2026-09-01T05:50:46,0.2,4933,1547350,1531271,0.3,0.00,1.27,0.00,5.06,0.00,0.00,0.00,4.0,95830.0,95347.0,0.0,0.0,0.5,0.0,64.227,0.000,0.0,695722.5
2026-09-01T05:50:48,0.2,4934,1547350,1531270,0.3,0.00,0.54,0.00,2.18,0.00,0.00,0.00,4.0,95830.0,95347.0,0.0,0.0,0.5,0.0,64.245,0.000,0.0,654507.5
2026-09-01T05:50:50,0.2,4935,1547350,1531269,0.3,0.00,0.55,0.00,2.20,0.00,0.00,0.00,4.0,95830.0,95347.0,0.0,0.0,0.5,0.0,64.219,0.000,0.0,661795.5
2026-09-01T05:50:51,0.2,4934,1547350,1531269,0.3,0.00,1.66,0.00,6.62,0.00,0.00,0.00,4.0,95830.0,95347.0,0.0,0.0,0.5,0.0,64.247,0.000,0.0,670965.5
2026-09-01T05:50:53,0.2,4935,1547350,1531269,0.3,0.00,0.50,0.00,1.98,0.00,0.00,0.00,4.0,95830.0,95347.0,0.0,0.0,0.5,0.0,64.243,0.000,0.0,735207.5
2026-09-01T05:50:55,0.2,4934,1547350,1531270,0.3,0.00,0.49,0.00,1.98,0.00,0.00,0.00,4.0,95830.0,95347.0,0.0,0.0,0.5,0.0,64.295,0.000,0.0,644736.0
2026-09-01T05:50:57,0.2,4935,1547350,1531269,0.3,0.00,0.50,0.00,1.99,0.00,0.00,0.00,4.0,95830.0,95347.0,0.0,0.0,0.5,0.0,64.257,0.000,0.0,651733.0
2026-09-01T05:50:59,0.2,4935,1547350,1531268,0.3,0.00,1.65,0.00,6.61,0.00,0.00,0.00,4.0,95830.0,95347.0,0.0,0.0,0.5,0.0,64.258,0.000,0.0,635420.0
2026-09-01T05:51:01,0.2,4938,1547350,1531265,0.3,0.00,0.51,0.00,2.03,0.00,0.00,0.00,4.0,95830.0,95347.0,0.0,0.0,0.5,0.0,64.269,0.000,0.0,664407.5
2026-09-01T05:51:02,0.3,4939,1547350,1531264,0.3,0.00,0.65,0.00,2.61,0.00,0.00,0.00,4.0,95830.0,95347.0,0.0,0.0,0.5,0.0,64.263,0.000,0.0,674042.5
2026-09-01T05:51:04,0.2,4939,1547350,1531264,0.3,0.00,4.55,0.00,18.21,0.00,0.12,0.00,4.0,95830.0,95347.0,0.0,0.0,0.5,0.0,64.241,0.000,0.0,674042.5
2026-09-01T05:51:05,0.2,4939,1547350,1531265,0.3,0.00,0.98,0.00,3.93,0.00,0.00,0.00,4.0,95830.0,95347.0,0.0,0.0,0.5,0.0,64.280,0.000,0.0,665615.0
2026-09-01T05:51:07,0.2,4941,1547350,1531263,0.3,0.00,3.41,0.00,19.23,0.00,0.00,0.00,4.0,95830.0,95347.0,0.0,0.0,0.5,0.0,64.267,0.000,0.0,646482.5
2026-09-01T05:51:09,0.2,4941,1547350,1531262,0.3,0.00,1.00,0.00,3.99,0.00,0.50,0.00,4.0,95830.0,95347.0,0.0,0.0,0.5,0.0,64.266,0.000,0.0,649260.0
2026-09-01T05:51:11,0.2,4940,1547350,1531263,0.3,0.00,0.51,0.00,2.03,0.00,0.00,0.00,4.0,95830.0,95347.0,0.0,0.0,0.5,0.0,64.286,0.000,0.0,647483.5
2026-09-01T05:51:13,0.2,4940,1547350,1531264,0.3,0.00,0.45,0.00,1.79,0.00,0.00,0.00,4.0,95830.0,95347.0,0.0,0.0,0.5,0.0,64.230,0.000,0.0,654760.0
2026-09-01T05:51:15,0.2,4941,1547350,1531263,0.3,0.00,0.49,0.00,1.98,0.00,0.00,0.00,4.0,95830.0,95347.0,0.0,0.0,0.5,0.0,64.245,0.000,0.0,654760.0
2026-09-01T05:51:16,0.2,4941,1547350,1531263,0.3,0.00,5.03,0.00,20.10,0.00,0.00,0.00,4.0,95830.0,95347.0,0.0,0.0,0.5,0.0,64.284,0.000,0.0,672405.0
2026-09-01T05:51:18,0.2,4942,1547350,1531262,0.3,0.00,0.51,0.00,2.05,0.00,0.00,0.00,4.0,95830.0,95347.0,0.0,0.0,0.5,0.0,64.261,0.000,0.0,647654.0
2026-09-01T05:51:20,0.2,4942,1547350,1531262,0.3,0.00,0.48,0.00,1.93,0.00,0.00,0.00,4.0,95830.0,95347.0,0.0,0.0,0.5,0.0,64.257,0.000,0.0,657610.0
2026-09-01T05:51:22,0.2,4942,1547350,1531262,0.3,0.00,1.33,0.00,5.34,0.00,0.00,0.00,4.0,95830.0,95347.0,0.0,0.0,0.5,0.0,64.302,0.000,0.0,703461.5
2026-09-01T05:51:23,0.2,4944,1547350,1531260,0.3,0.00,0.73,0.00,2.93,0.00,0.00,0.00,4.0,95830.0,95347.0,0.0,0.0,0.5,0.0,64.253,0.000,0.0,665678.5
2026-09-01T05:51:24,0.2,4944,1547350,1531260,0.3,0.00,0.73,0.00,2.91,0.00,0.00,0.00,4.0,95830.0,95347.0,0.0,0.0,0.5,0.0,64.284,0.000,0.0,657360.0
2026-09-01T05:51:26,0.2,4944,1547350,1531260,0.3,0.00,0.61,0.00,2.43,0.00,0.00,0.00,4.0,95830.0,95347.0,0.0,0.0,0.5,0.0,64.233,0.000,0.0,638735.5
2026-09-01T05:51:28,0.2,4944,1547350,1531260,0.3,0.00,1.83,0.00,7.31,0.00,0.00,0.00,4.0,95830.0,95347.0,0.0,0.0,0.5,0.0,64.297,0.000,0.0,638735.5
2026-09-01T05:51:28,0.2,4944,1547350,1531260,0.3,0.00,1.34,0.00,5.35,0.00,1.00,0.00,4.0,95830.0,95347.0,0.0,0.0,0.5,0.0,64.285,0.000,0.0,733235.0
2026-09-01T05:51:29,0.3,4944,1547350,1531260,0.3,0.00,1.14,0.00,4.57,0.00,0.00,0.00,4.0,95830.0,95347.0,0.0,0.0,0.5,0.0,64.290,0.000,0.0,668370.0
2026-09-01T05:51:31,0.2,4945,1547350,1531259,0.3,0.00,0.61,0.00,2.46,0.00,0.00,0.00,4.0,95830.0,95347.0,0.0,0.0,0.5,0.0,64.294,0.000,0.0,653655.5
2026-09-01T05:51:33,0.2,4945,1547350,1531258,0.3,0.00,1.11,0.00,4.44,0.00,0.00,0.00,4.0,95830.0,95347.0,0.0,0.0,0.5,0.0,64.314,0.000,0.0,672058.0
2026-09-01T05:51:34,0.2,4946,1547350,1531258,0.3,0.00,0.64,0.00,2.56,0.00,0.00,0.00,4.0,95830.0,95347.0,0.0,0.0,0.5,0.0,64.297,0.000,0.0,661786.5
2026-09-01T05:51:36,0.2,4949,1547350,1531255,0.3,0.00,0.61,0.00,2.43,0.00,0.00,0.00,4.0,95830.0,95347.0,0.0,0.0,0.5,0.0,64.297,0.000,0.0,651473.5
2026-09-01T05:51:38,0.3,4950,1547350,1531253,0.3,0.00,2.77,0.00,38.74,0.00,0.00,0.00,4.0,95830.0,95347.0,0.0,0.0,0.5,0.0,64.300,0.000,0.0,654398.0
2026-09-01T05:51:39,0.2,4951,1547350,1531253,0.3,0.00,1.20,0.00,4.81,0.00,0.00,0.00,4.0,95830.0,95347.0,0.0,0.0,0.5,0.0,64.269,0.000,0.0,670459.0
2026-09-01T05:51:41,0.2,4951,1547350,1531253,0.3,0.00,0.73,0.00,2.92,0.00,0.00,0.00,4.0,95830.0,95347.0,0.0,0.0,0.5,0.0,64.283,0.000,0.0,662527.0
2026-09-01T05:51:42,0.2,4951,1547350,1531253,0.3,0.00,0.62,0.00,2.49,0.00,0.00,0.00,4.0,95830.0,95347.0,0.0,0.0,0.5,0.0,64.305,0.000,0.0,689016.5
2026-09-01T05:51:44,0.2,4952,1547350,1531252,0.3,0.00,0.79,0.00,3.16,0.00,0.00,0.08,4.0,95830.0,95347.0,0.0,0.0,0.5,0.0,64.297,0.000,0.0,637394.5
2026-09-01T05:51:45,0.2,4953,1547350,1531251,0.3,0.00,1.13,0.00,6.76,0.00,0.00,0.00,4.0,95830.0,95347.0,0.0,0.0,0.5,0.0,64.322,0.000,0.0,717445.0
2026-09-01T05:51:46,0.2,4952,1547350,1531251,0.3,0.00,1.15,0.00,4.62,0.00,1.00,0.00,4.0,95830.0,95347.0,0.0,0.0,0.5,0.0,64.317,0.000,0.0,717445.0
2026-09-01T05:51:47,0.3,4953,1547350,1531251,0.3,0.00,1.83,0.00,7.31,0.00,0.00,0.00,4.0,95830.0,95347.0,0.0,0.0,0.5,0.0,64.282,0.000,0.0,745607.5
2026-09-01T05:51:49,0.2,4955,1547350,1531249,0.3,0.00,0.63,0.00,2.51,0.00,0.00,0.06,4.0,95830.0,95347.0,0.0,0.0,0.5,0.0,64.315,0.000,0.0,690798.0
2026-09-01T05:51:50,0.2,4955,1547350,1531249,0.3,0.00,1.89,0.00,7.55,0.00,0.00,0.00,4.0,95830.0,95347.0,0.0,0.0,0.5,0.0,64.316,0.000,0.0,682915.0
2026-09-01T05:51:50,0.2,4955,1547350,1531249,0.3,0.00,1.24,0.00,4.95,0.00,0.00,0.00,4.0,95830.0,95347.0,0.0,0.0,0.5,0.0,64.292,0.000,0.0,668808.5
2026-09-01T05:51:52,0.2,4955,1547350,1531249,0.3,0.00,0.57,0.00,2.28,0.00,0.00,0.00,4.0,95830.0,95347.0,0.0,0.0,0.5,0.0,64.278,0.000,0.0,668808.5
2026-09-01T05:51:53,0.2,4955,1547350,1531249,0.3,0.00,1.23,0.00,4.90,0.00,0.00,0.00,4.0,95830.0,95347.0,0.0,0.0,0.5,0.0,64.309,0.000,0.0,673083.5
2026-09-01T05:51:55,0.2,4958,1547350,1531246,0.3,0.00,1.49,0.00,5.95,0.00,0.00,0.05,4.0,95830.0,95347.0,0.0,0.0,0.5,0.0,64.288,0.000,0.0,676820.5
2026-09-01T05:51:56,0.2,4959,1547350,1531245,0.3,0.00,0.98,0.00,3.91,0.00,0.00,0.00,4.0,95830.0,95347.0,0.0,0.0,0.5,0.0,64.337,0.000,0.0,662302.5
2026-09-01T05:51:57,0.2,4958,1547350,1531245,0.3,0.00,0.72,0.00,2.88,0.00,0.00,0.00,4.0,95830.0,95347.0,0.0,0.0,0.5,0.0,64.276,0.000,0.0,649750.5
2026-09-01T05:51:59,0.2,4958,1547350,1531246,0.3,0.00,0.55,0.00,2.18,0.00,0.00,0.00,4.0,95830.0,95347.0,0.0,0.0,0.5,0.0,64.304,0.000,0.0,649750.5
2026-09-01T05:52:00,0.2,4963,1547350,1531241,0.3,0.00,1.27,0.00,5.07,0.00,0.00,0.00,4.0,95830.0,95347.0,0.0,0.0,0.5,0.0,64.314,0.000,0.0,687606.0
2026-09-01T05:52:02,0.3,4963,1547350,1531241,0.3,0.00,4.00,0.00,16.01,0.00,0.12,0.00,4.0,95830.0,95347.0,0.0,0.0,0.5,0.0,64.324,0.000,0.0,665152.0
2026-09-01T05:52:03,0.2,4963,1547350,1531241,0.3,0.00,0.82,0.00,3.28,0.00,0.00,0.00,4.0,95830.0,95347.0,0.0,0.0,0.5,0.0,64.300,0.000,0.0,691649.0
2026-09-01T05:52:04,0.2,4963,1547350,1531241,0.3,0.00,0.96,0.00,3.85,0.00,0.00,0.10,4.0,95830.0,95347.0,0.0,0.0,0.5,0.0,64.305,0.000,0.0,657684.5
2026-09-01T05:52:06,0.2,4963,1547350,1531241,0.3,0.00,1.00,0.00,4.00,0.00,0.00,0.00,4.0,95830.0,95347.0,0.0,0.0,0.5,0.0,64.294,0.000,0.0,660374.0
2026-09-01T05:52:08,0.2,4963,1547350,1531241,0.3,0.00,1.12,0.00,13.12,0.00,0.00,0.00,4.0,95830.0,95347.0,0.0,0.0,0.5,0.0,64.325,0.000,0.0,692881.5
2026-09-01T05:52:09,0.2,4963,1547350,1531241,0.3,0.00,1.00,0.00,3.99,0.00,0.00,0.00,4.0,95830.0,95347.0,0.0,0.0,0.5,0.0,64.341,0.000,0.0,651300.0
2026-09-01T05:52:11,0.2,4960,1547350,1531244,0.3,0.00,0.49,0.00,1.97,0.00,0.00,0.00,4.0,95830.0,95347.0,0.0,0.0,0.5,0.0,64.337,0.000,0.0,649254.5
2026-09-01T05:52:13,0.2,4961,1547350,1531243,0.3,0.00,1.97,0.00,9.87,0.00,0.00,0.00,4.0,95830.0,95347.0,0.0,0.0,0.5,0.0,64.333,0.000,0.0,659389.0
2026-09-01T05:52:15,0.2,4961,1547350,1531242,0.3,0.00,0.45,0.00,1.81,0.00,1.00,0.00,4.0,95830.0,95347.0,0.0,0.0,0.5,0.0,64.324,0.000,0.0,657229.5
2026-09-01T05:52:17,0.2,4962,1547350,1531242,0.3,0.00,0.69,0.00,2.78,0.00,0.00,0.00,4.0,95830.0,95347.0,0.0,0.0,0.5,0.0,64.296,0.000,0.0,690991.0
2026-09-01T05:52:18,0.2,4961,1547350,1531242,0.3,0.00,1.17,0.00,4.69,0.00,0.00,0.00,4.0,95830.0,95347.0,0.0,0.0,0.5,0.0,64.328,0.000,0.0,690991.0
2026-09-01T05:52:18,0.2,4962,1547350,1531242,0.3,0.00,2.70,0.00,10.78,0.00,0.00,0.00,4.0,95830.0,95347.0,0.0,0.0,0.5,0.0,64.328,0.000,0.0,666045.0
2026-09-01T05:52:21,0.2,4963,1547350,1531241,0.3,0.00,0.44,0.00,1.77,0.00,0.00,0.00,4.0,95830.0,95347.0,0.0,0.0,0.5,0.0,64.326,0.000,0.0,666045.0
2026-09-01T05:52:21,0.2,4963,1547350,1531241,0.3,0.00,1.36,0.00,5.46,0.00,0.00,0.00,4.0,95830.0,95347.0,0.0,0.0,0.5,0.0,64.345,0.000,0.0,695700.0
2026-09-01T05:52:23,0.2,4963,1547350,1531241,0.3,0.00,0.58,0.00,2.31,0.00,0.00,0.06,4.0,95830.0,95347.0,0.0,0.0,0.5,0.0,64.323,0.000,0.0,695700.0
2026-09-01T05:52:24,0.2,4964,1547350,1531240,0.3,0.00,2.00,0.00,8.00,0.00,0.00,0.00,4.0,95830.0,95347.0,0.0,0.0,0.5,0.0,64.316,0.000,0.0,671337.5
2026-09-01T05:52:26,0.2,4964,1547350,1531239,0.3,0.00,0.64,0.00,2.57,0.00,0.00,0.00,4.0,95830.0,95347.0,0.0,0.0,0.5,0.0,64.311,0.000,0.0,660363.5
2026-09-01T05:52:27,0.2,4965,1547350,1531239,0.3,0.00,0.59,0.00,2.37,0.00,0.00,0.00,4.0,95830.0,95347.0,0.0,0.0,0.5,0.0,64.341,0.000,0.0,654682.0
2026-09-01T05:52:29,0.2,4965,1547350,1531238,0.3,0.00,1.68,0.00,6.74,0.00,0.00,0.00,4.0,95830.0,95347.0,0.0,0.0,0.5,0.0,64.333,0.000,0.0,658958.0
2026-09-01T05:52:31,0.2,4967,1547350,1531237,0.3,0.00,0.62,0.00,2.47,0.00,0.00,0.00,4.0,95830.0,95347.0,0.0,0.0,0.5,0.0,64.300,0.000,0.0,661416.0
2026-09-01T05:52:33,0.2,4968,1547350,1531236,0.3,0.00,0.49,0.00,1.94,0.00,0.00,0.00,4.0,95830.0,95347.0,0.0,0.0,0.5,0.0,64.291,0.000,0.0,661416.0
2026-09-01T05:52:34,0.2,4969,1547350,1531235,0.3,0.00,1.06,0.00,4.26,0.00,0.00,0.00,4.0,95830.0,95347.0,0.0,0.0,0.5,0.0,64.326,0.000,0.0,672665.5
2026-09-01T05:52:35,0.2,4970,1547350,1531234,0.3,0.00,1.39,0.00,5.54,0.00,0.00,0.00,4.0,95830.0,95347.0,0.0,0.0,0.5,0.0,64.296,0.000,0.0,673819.5
2026-09-01T05:52:37,0.2,4971,1547350,1531233,0.3,0.00,0.65,0.00,2.61,0.00,1.00,0.00,4.0,95830.0,95347.0,0.0,0.0,0.5,0.0,64.315,0.000,0.0,657687.0
2026-09-01T05:52:38,0.2,4972,1547350,1531231,0.3,0.00,2.99,0.00,42.19,0.00,0.00,0.00,4.0,95830.0,95347.0,0.0,0.0,0.5,0.0,64.291,0.000,0.0,658522.0
2026-09-01T05:52:40,0.2,4973,1547350,1531231,0.3,0.00,1.25,0.00,5.02,0.00,0.00,0.00,4.0,95830.0,95347.0,0.0,0.0,0.5,0.0,64.311,0.000,0.0,657541.5
2026-09-01T05:52:42,0.2,4979,1547350,1531225,0.3,0.00,0.63,0.00,2.51,0.00,0.00,0.00,4.0,95830.0,95347.0,0.0,0.0,0.5,0.0,64.296,0.000,0.0,666145.5
2026-09-01T05:52:43,0.2,4980,1547350,1531224,0.3,0.00,0.53,0.00,2.13,0.00,0.00,0.00,4.0,95830.0,95347.0,0.0,0.0,0.5,0.0,64.302,0.000,0.0,652303.0
2026-09-01T05:52:45,0.2,4979,1547350,1531225,0.3,0.00,0.68,0.00,2.71,0.00,0.00,0.00,4.0,95830.0,95347.0,0.0,0.0,0.5,0.0,64.302,0.000,0.0,660220.5
2026-09-01T05:52:46,0.2,4980,1547350,1531224,0.3,0.00,1.31,0.00,5.25,0.00,0.00,0.00,4.0,95830.0,95347.0,0.0,0.0,0.5,0.0,64.297,0.000,0.0,675698.0
2026-09-01T05:52:48,0.2,4981,1547350,1531223,0.3,0.00,0.62,0.00,2.47,0.00,0.00,0.00,4.0,95830.0,95347.0,0.0,0.0,0.5,0.0,64.320,0.000,0.0,676629.5
2026-09-01T05:52:49,0.2,4981,1547350,1531223,0.3,0.00,0.75,0.00,3.00,0.00,0.00,0.00,4.0,95830.0,95347.0,0.0,0.0,0.5,0.0,64.280,0.000,0.0,658039.5
2026-09-01T05:52:51,0.2,4981,1547350,1531223,0.3,0.00,1.21,0.00,7.23,0.00,0.00,0.00,4.0,95830.0,95347.0,0.0,0.0,0.5,0.0,64.304,0.000,0.0,689800.5
2026-09-01T05:52:53,0.2,4981,1547350,1531223,0.3,0.00,0.61,0.00,2.43,0.00,0.00,0.00,4.0,95830.0,95347.0,0.0,0.0,0.5,0.0,64.302,0.000,0.0,657280.5
2026-09-01T05:52:54,0.2,4982,1547350,1531221,0.3,0.00,0.55,0.00,2.20,0.00,0.00,0.00,4.0,95830.0,95347.0,0.0,0.0,0.5,0.0,64.288,0.000,0.0,651410.5
2026-09-01T05:52:56,0.2,4982,1547350,1531221,0.3,0.00,1.69,0.00,6.76,0.00,0.33,0.00,4.0,95830.0,95347.0,0.0,0.0,0.5,0.0,64.294,0.000,0.0,690055.5
2026-09-01T05:52:57,0.2,4982,1547350,1531221,0.3,0.00,0.96,0.00,3.85,0.00,0.00,0.00,4.0,95830.0,95347.0,0.0,0.0,0.5,0.0,64.261,0.000,0.0,689091.0
2026-09-01T05:52:59,0.2,4983,1547350,1531221,0.3,0.00,0.64,0.00,2.54,0.00,0.00,0.00,4.0,95830.0,95347.0,0.0,0.0,0.5,0.0,64.288,0.000,0.0,663480.0
2026-09-01T05:53:00,0.2,4988,1547350,1531216,0.3,0.00,0.70,0.00,2.79,0.00,0.00,0.00,4.0,95830.0,95347.0,0.0,0.0,0.5,0.0,64.282,0.000,0.0,666076.0
2026-09-01T05:53:02,0.2,4988,1547350,1531216,0.3,0.00,0.67,0.00,2.69,0.00,0.00,0.00,4.0,95830.0,95347.0,0.0,0.0,0.5,0.0,64.276,0.000,0.0,695903.0
2026-09-01T05:53:03,0.2,4987,1547350,1531217,0.3,0.00,6.96,0.00,31.30,0.00,0.12,0.00,4.0,95830.0,95347.0,0.0,0.0,0.5,0.0,64.299,0.000,0.0,689407.0
2026-09-01T05:53:04,0.2,4987,1547350,1531217,0.3,0.00,1.18,0.00,4.74,0.00,0.00,0.00,4.0,95830.0,95347.0,0.0,0.0,0.5,0.0,64.293,0.000,0.0,648300.5
2026-09-01T05:53:06,0.2,4988,1547350,1531216,0.3,0.00,0.45,0.00,1.81,0.00,0.00,0.00,4.0,95830.0,95347.0,0.0,0.0,0.5,0.0,64.296,0.000,0.0,666631.5
2026-09-01T05:53:08,0.2,4988,1547350,1531216,0.3,0.00,3.16,0.00,21.48,0.00,0.00,0.00,4.0,95830.0,95347.0,0.0,0.0,0.5,0.0,64.293,0.000,0.0,657872.5
2026-09-01T05:53:09,0.2,4988,1547350,1531215,0.3,0.00,0.71,0.00,2.83,0.00,0.00,0.00,4.0,95830.0,95347.0,0.0,0.0,0.5,0.0,64.291,0.000,0.0,660766.5
2026-09-01T05:53:10,0.2,4988,1547350,1531216,0.3,0.00,0.72,0.00,2.88,0.00,0.00,0.00,4.0,95830.0,95347.0,0.0,0.0,0.5,0.0,64.288,0.000,0.0,660766.5
2026-09-01T05:53:11,0.3,4987,1547350,1531217,0.3,0.00,1.49,0.00,5.98,0.00,0.00,0.00,4.0,95830.0,95347.0,0.0,0.0,0.5,0.0,64.289,0.000,0.0,711724.5
2026-09-01T05:53:13,0.2,4987,1547350,1531217,0.3,0.00,0.64,0.00,2.57,0.00,0.00,0.00,4.0,95830.0,95347.0,0.0,0.0,0.5,0.0,64.293,0.000,0.0,646876.0
2026-09-01T05:53:15,0.2,4987,1547350,1531217,0.3,0.00,1.99,0.00,7.94,0.00,0.00,0.00,4.0,95830.0,95347.0,0.0,0.0,0.5,0.0,64.287,0.000,0.0,653099.5
2026-09-01T05:53:17,0.2,4987,1547350,1531217,0.3,0.00,0.50,0.00,1.99,0.00,0.00,0.00,4.0,95830.0,95347.0,0.0,0.0,0.5,0.0,64.267,0.000,0.0,667422.5
2026-09-01T05:53:18,0.2,4986,1547350,1531217,0.3,0.00,0.56,0.00,2.23,0.00,1.00,0.00,4.0,95830.0,95347.0,0.0,0.0,0.5,0.0,64.268,0.000,0.0,646427.5
2026-09-01T05:53:20,0.2,4987,1547350,1531217,0.3,0.00,0.99,0.00,3.96,0.00,0.00,0.00,4.0,95830.0,95347.0,0.0,0.0,0.5,0.0,64.235,0.000,0.0,646427.5
2026-09-01T05:53:21,0.3,4986,1547350,1531217,0.3,0.00,2.05,0.00,8.21,0.00,0.00,0.00,4.0,95830.0,95347.0,0.0,0.0,0.5,0.0,64.248,0.000,0.0,678870.5
2026-09-01T05:53:23,0.2,4986,1547350,1531217,0.3,0.00,0.51,0.00,2.03,0.00,0.00,0.00,4.0,95830.0,95347.0,0.0,0.0,0.5,0.0,64.277,0.000,0.0,637910.0
2026-09-01T05:53:25,0.2,4987,1547350,1531217,0.3,0.00,0.59,0.00,2.36,0.00,0.00,0.00,4.0,95830.0,95347.0,0.0,0.0,0.5,0.0,64.254,0.000,0.0,671619.0
2026-09-01T05:53:26,0.2,4986,1547350,1531218,0.3,0.00,1.65,0.00,6.61,0.00,0.00,0.00,4.0,95830.0,95347.0,0.0,0.0,0.5,0.0,64.263,0.000,0.0,681832.0
2026-09-01T05:53:27,0.2,4985,1547350,1531219,0.3,0.00,0.73,0.00,2.92,0.00,0.00,0.00,4.0,95830.0,95347.0,0.0,0.0,0.5,0.0,64.266,0.000,0.0,691079.5
2026-09-01T05:53:28,0.2,4985,1547350,1531219,0.3,0.00,0.79,0.00,3.16,0.00,0.00,0.00,4.0,95830.0,95347.0,0.0,0.0,0.5,0.0,64.246,0.000,0.0,657979.5
2026-09-01T05:53:30,0.2,4985,1547350,1531219,0.3,0.00,0.65,0.00,2.59,0.00,0.00,0.00,4.0,95830.0,95347.0,0.0,0.0,0.5,0.0,64.249,0.000,0.0,652035.5
2026-09-01T05:53:32,0.2,4986,1547350,1531217,0.3,0.00,1.61,0.00,6.43,0.00,0.00,0.00,4.0,95830.0,95347.0,0.0,0.0,0.5,0.0,64.233,0.000,0.0,652993.5
2026-09-01T05:53:33,0.2,4987,1547350,1531217,0.3,0.00,0.63,0.00,2.50,0.00,0.00,0.00,4.0,95830.0,95347.0,0.0,0.0,0.5,0.0,64.249,0.000,0.0,665166.0
2026-09-01T05:53:35,0.2,4986,1547350,1531218,0.3,0.00,0.81,0.00,3.25,0.00,0.00,0.00,4.0,95830.0,95347.0,0.0,0.0,0.5,0.0,64.229,0.000,0.0,665742.5
2026-09-01T05:53:36,0.2,4987,1547350,1531217,0.3,0.00,0.62,0.00,2.50,0.00,0.00,0.00,4.0,95830.0,95347.0,0.0,0.0,0.5,0.0,64.248,0.000,0.0,672653.5
2026-09-01T05:53:39,0.3,4988,1547350,1531216,0.3,0.00,4.82,0.00,38.78,0.00,0.09,0.04,4.0,95830.0,95347.0,0.0,0.0,0.5,0.0,64.243,0.000,0.0,642350.0
2026-09-01T05:53:40,0.2,4989,1547350,1531215,0.3,0.00,0.63,0.00,2.53,0.00,0.00,0.00,4.0,95830.0,95347.0,0.0,0.0,0.5,0.0,64.246,0.000,0.0,651033.0
2026-09-01T05:53:42,0.2,4989,1547350,1531215,0.3,0.00,1.02,0.00,4.09,0.00,0.00,0.00,4.0,95830.0,95347.0,0.0,0.0,0.5,0.0,64.257,0.000,0.0,664623.5
2026-09-01T05:53:44,0.2,4989,1547350,1531215,0.3,0.00,0.59,0.00,2.35,0.00,0.00,0.00,4.0,95830.0,95347.0,0.0,0.0,0.5,0.0,64.230,0.000,0.0,682291.0
2026-09-01T05:53:45,0.2,4989,1547350,1531214,0.3,0.00,0.64,0.00,2.54,0.00,0.00,0.00,4.0,95830.0,95347.0,0.0,0.0,0.5,0.0,64.261,0.000,0.0,656608.5
2026-09-01T05:53:47,0.2,4989,1547350,1531215,0.3,0.00,0.61,0.00,2.44,0.00,0.00,0.00,4.0,95830.0,95347.0,0.0,0.0,0.5,0.0,64.208,0.000,0.0,676416.0
2026-09-01T05:53:49,0.2,4991,1547350,1531213,0.3,0.00,1.24,0.00,4.97,0.00,0.00,0.00,4.0,95830.0,95347.0,0.0,0.0,0.5,0.0,64.257,0.000,0.0,664661.5
2026-09-01T05:53:50,0.2,4992,1547350,1531212,0.3,0.00,0.62,0.00,2.47,0.00,0.00,0.00,4.0,95830.0,95347.0,0.0,0.0,0.5,0.0,64.254,0.000,0.0,646615.0
2026-09-01T05:53:52,0.2,4990,1547350,1531213,0.3,0.00,0.55,0.00,2.20,0.00,1.00,0.00,4.0,95830.0,95347.0,0.0,0.0,0.5,0.0,64.236,0.000,0.0,659644.0
2026-09-01T05:53:54,0.2,4990,1547350,1531213,0.3,0.00,0.55,0.00,2.20,0.00,0.00,0.00,4.0,95830.0,95347.0,0.0,0.0,0.5,0.0,64.222,0.000,0.0,665721.5
2026-09-01T05:53:55,0.2,4991,1547350,1531213,0.3,0.00,1.43,0.00,8.57,0.00,0.00,0.00,4.0,95830.0,95347.0,0.0,0.0,0.5,0.0,64.203,0.000,0.0,645356.5
2026-09-01T05:53:57,0.2,4991,1547350,1531213,0.3,0.00,0.50,0.00,1.98,0.00,0.00,0.00,4.0,95830.0,95347.0,0.0,0.0,0.5,0.0,64.210,0.000,0.0,658187.5
2026-09-01T05:53:59,0.2,4991,1547350,1531213,0.3,0.00,0.63,0.00,2.50,0.00,0.00,0.00,4.0,95830.0,95347.0,0.0,0.0,0.5,0.0,64.216,0.000,0.0,665707.0
2026-09-01T05:54:00,0.2,4996,1547350,1531207,0.3,0.00,4.06,0.00,16.22,0.00,0.00,0.00,4.0,95830.0,95347.0,0.0,0.0,0.5,0.0,64.202,0.000,0.0,655929.0
2026-09-01T05:54:02,0.2,4999,1547350,1531205,0.3,0.00,0.50,0.00,2.01,0.00,0.00,0.00,4.0,95830.0,95347.0,0.0,0.0,0.5,0.0,64.213,0.000,0.0,666578.5
2026-09-01T05:54:04,0.2,4998,1547350,1531206,0.3,0.00,0.49,0.00,1.98,0.00,0.00,0.00,4.0,95830.0,95347.0,0.0,0.0,0.5,0.0,64.225,0.000,0.0,681587.5
2026-09-01T05:54:06,0.2,4997,1547350,1531206,0.3,0.00,2.69,0.00,12.54,0.00,0.17,0.00,4.0,95830.0,95347.0,0.0,0.0,0.5,0.0,64.230,0.000,0.0,651550.0
2026-09-01T05:54:08,0.2,4998,1547350,1531206,0.3,0.00,1.13,0.00,13.01,0.00,0.00,0.00,4.0,95830.0,95347.0,0.0,0.0,0.5,0.0,64.201,0.000,0.0,683521.0
2026-09-01T05:54:09,0.2,4998,1547350,1531205,0.3,0.00,0.77,0.00,3.09,0.00,0.00,0.00,4.0,95830.0,95347.0,0.0,0.0,0.5,0.0,64.208,0.000,0.0,674004.0
2026-09-01T05:54:11,0.2,4996,1547350,1531207,0.3,0.00,2.60,0.00,10.41,0.00,0.00,0.00,4.0,95830.0,95347.0,0.0,0.0,0.5,0.0,64.184,0.000,0.0,651467.0
2026-09-01T05:54:13,0.2,4996,1547350,1531208,0.3,0.00,0.50,0.00,2.00,0.00,0.00,0.00,4.0,95830.0,95347.0,0.0,0.0,0.5,0.0,64.186,0.000,0.0,653483.0
2026-09-01T05:54:15,0.2,4995,1547350,1531209,0.3,0.00,0.49,0.00,1.96,0.00,0.00,0.00,4.0,95830.0,95347.0,0.0,0.0,0.5,0.0,64.216,0.000,0.0,648697.5
2026-09-01T05:54:17,0.2,4994,1547350,1531209,0.3,0.00,1.07,0.00,4.29,0.00,0.00,0.00,4.0,95830.0,95347.0,0.0,0.0,0.5,0.0,64.180,0.000,0.0,655551.0
2026-09-01T05:54:19,0.2,4995,1547350,1531208,0.3,0.00,0.52,0.00,2.09,0.00,1.00,0.00,4.0,95830.0,95347.0,0.0,0.0,0.5,0.0,64.200,0.000,0.0,674947.5
2026-09-01T05:54:21,0.2,4995,1547350,1531209,0.3,0.00,0.59,0.00,2.38,0.00,0.00,0.00,4.0,95830.0,95347.0,0.0,0.0,0.5,0.0,64.181,0.000,0.0,634767.0
2026-09-01T05:54:23,0.2,4995,1547350,1531209,0.3,0.00,0.86,0.00,3.44,0.00,0.00,0.00,4.0,95830.0,95347.0,0.0,0.0,0.5,0.0,64.218,0.000,0.0,701926.5
2026-09-01T05:54:24,0.2,4995,1547350,1531208,0.3,0.00,0.63,0.00,2.52,0.00,0.00,0.00,4.0,95830.0,95347.0,0.0,0.0,0.5,0.0,64.180,0.000,0.0,651306.5
2026-09-01T05:54:26,0.2,4995,1547350,1531209,0.3,0.00,0.61,0.00,2.43,0.00,0.00,0.00,4.0,95830.0,95347.0,0.0,0.0,0.5,0.0,64.190,0.000,0.0,685801.0
2026-09-01T05:54:27,0.2,4995,1547350,1531208,0.3,0.00,0.90,0.00,3.60,0.00,0.00,0.00,4.0,95830.0,95347.0,0.0,0.0,0.5,0.0,64.198,0.000,0.0,686511.0
2026-09-01T05:54:29,0.2,4995,1547350,1531208,0.3,0.00,1.44,0.00,5.75,0.00,0.00,0.00,4.0,95830.0,95347.0,0.0,0.0,0.5,0.0,64.183,0.000,0.0,696844.5
2026-09-01T05:54:30,0.2,4994,1547350,1531210,0.3,0.00,0.78,0.00,3.12,0.00,0.00,0.00,4.0,95830.0,95347.0,0.0,0.0,0.5,0.0,64.178,0.000,0.0,668178.5
2026-09-01T05:54:32,0.2,4995,1547350,1531209,0.3,0.00,0.59,0.00,2.35,0.00,0.00,0.00,4.0,95830.0,95347.0,0.0,0.0,0.5,0.0,64.130,0.000,0.0,656008.5
2026-09-01T05:54:33,0.2,4994,1547350,1531210,0.3,0.00,2.04,0.00,10.87,0.00,0.00,0.00,4.0,95830.0,95347.0,0.0,0.0,0.5,0.0,64.207,0.000,0.0,659540.0
2026-09-01T05:54:35,0.2,4995,1547350,1531209,0.3,0.00,0.60,0.00,2.40,0.00,0.00,0.00,4.0,95830.0,95347.0,0.0,0.0,0.5,0.0,64.174,0.000,0.0,647179.5
2026-09-01T05:54:36,0.2,4995,1547350,1531209,0.3,0.00,0.63,0.00,2.52,0.00,0.00,0.00,4.0,95830.0,95347.0,0.0,0.0,0.5,0.0,64.209,0.000,0.0,711194.0
2026-09-01T05:54:37,0.2,4996,1547350,1531208,0.3,0.00,0.93,0.00,3.74,0.00,0.00,0.00,4.0,95830.0,95347.0,0.0,0.0,0.5,0.0,64.194,0.000,0.0,711194.0
2026-09-01T05:54:38,0.2,4996,1547350,1531208,0.3,0.00,7.33,0.00,92.80,0.00,0.17,0.00,4.0,95830.0,95347.0,0.0,0.0,0.5,0.0,64.180,0.000,0.0,691474.0
2026-09-01T05:54:40,0.2,4995,1547350,1531209,0.3,0.00,1.45,0.00,5.80,0.00,0.00,0.00,4.0,95830.0,95347.0,0.0,0.0,0.5,0.0,64.154,0.000,0.0,691474.0
2026-09-01T05:54:41,0.2,4995,1547350,1531209,0.3,0.00,0.99,0.00,3.94,0.00,0.00,0.10,4.0,95830.0,95347.0,0.0,0.0,0.5,0.0,64.142,0.000,0.0,680932.0
2026-09-01T05:54:42,0.2,4996,1547350,1531208,0.3,0.00,0.64,0.00,2.55,0.00,0.00,0.00,4.0,95830.0,95347.0,0.0,0.0,0.5,0.0,64.182,0.000,0.0,657839.0
2026-09-01T05:54:44,0.2,4996,1547350,1531208,0.3,0.00,0.63,0.00,2.51,0.00,0.00,0.00,4.0,95830.0,95347.0,0.0,0.0,0.5,0.0,64.173,0.000,0.0,637003.5
2026-09-01T05:54:45,0.2,4996,1547350,1531208,0.3,0.00,1.14,0.00,4.57,0.00,0.00,0.00,4.0,95830.0,95347.0,0.0,0.0,0.5,0.0,64.176,0.000,0.0,678207.0
2026-09-01T05:54:47,0.2,4997,1547350,1531206,0.3,0.00,0.60,0.00,2.40,0.00,0.00,0.00,4.0,95830.0,95347.0,0.0,0.0,0.5,0.0,64.172,0.000,0.0,698282.0
2026-09-01T05:54:49,0.2,4997,1547350,1531207,0.3,0.00,0.72,0.00,2.88,0.00,0.00,0.00,4.0,95830.0,95347.0,0.0,0.0,0.5,0.0,64.126,0.000,0.0,664958.0
2026-09-01T05:54:50,0.2,4997,1547350,1531207,0.3,0.00,1.25,0.00,5.00,0.00,0.00,0.00,4.0,95830.0,95347.0,0.0,0.0,0.5,0.0,64.144,0.000,0.0,658157.0
2026-09-01T05:54:52,0.2,4997,1547350,1531207,0.3,0.00,0.61,0.00,2.44,0.00,0.00,0.00,4.0,95830.0,95347.0,0.0,0.0,0.5,0.0,64.168,0.000,0.0,672086.5
2026-09-01T05:54:53,0.2,4998,1547350,1531206,0.3,0.00,0.62,0.00,2.49,0.00,0.00,0.00,4.0,95830.0,95347.0,0.0,0.0,0.5,0.0,64.148,0.000,0.0,654282.5
2026-09-01T05:54:55,0.2,4999,1547350,1531205,0.3,0.00,1.10,0.00,6.63,0.00,0.00,0.00,4.0,95830.0,95347.0,0.0,0.0,0.5,0.0,64.166,0.000,0.0,646227.5
2026-09-01T05:54:57,0.2,4999,1547350,1531205,0.3,0.00,0.44,0.00,1.74,0.00,1.00,0.00,4.0,95830.0,95347.0,0.0,0.0,0.5,0.0,64.163,0.000,0.0,654085.5
2026-09-01T05:54:59,0.2,5000,1547350,1531204,0.3,0.00,0.75,0.00,2.99,0.00,0.00,0.00,4.0,95830.0,95347.0,0.0,0.0,0.5,0.0,64.156,0.000,0.0,668351.0
2026-09-01T05:55:00,0.2,5005,1547350,1531199,0.3,0.00,0.70,0.00,2.81,0.00,0.00,0.00,4.0,95830.0,95347.0,0.0,0.0,0.5,0.0,64.144,0.000,0.0,691367.5
2026-09-01T05:55:01,0.3,5008,1547350,1531196,0.3,0.00,0.97,0.00,3.87,0.00,0.00,0.00,4.0,95830.0,95347.0,0.0,0.0,0.5,0.0,64.150,0.000,0.0,691830.0
2026-09-01T05:55:02,0.2,5007,1547350,1531197,0.3,0.00,11.04,0.00,44.17,0.00,0.11,0.00,4.0,95830.0,95347.0,0.0,0.0,0.5,0.0,64.168,0.000,0.0,648778.0
2026-09-01T05:55:05,0.2,5007,1547350,1531197,0.3,0.00,0.42,0.00,1.66,0.00,0.00,0.00,4.0,95830.0,95347.0,0.0,0.0,0.5,0.0,64.154,0.000,0.0,665146.5
2026-09-01T05:55:06,0.2,5007,1547350,1531197,0.3,0.00,0.63,0.00,2.51,0.00,0.00,0.00,4.0,95830.0,95347.0,0.0,0.0,0.5,0.0,64.132,0.000,0.0,651754.5
2026-09-01T05:55:08,0.2,5007,1547350,1531197,0.3,0.00,1.11,0.00,4.42,0.00,0.00,0.00,4.0,95830.0,95347.0,0.0,0.0,0.5,0.0,64.132,0.000,0.0,645431.5
2026-09-01T05:55:10,0.2,5007,1547350,1531197,0.3,0.00,3.04,0.00,17.99,0.00,0.00,0.00,4.0,95830.0,95347.0,0.0,0.0,0.5,0.0,64.133,0.000,0.0,646338.0
2026-09-01T05:55:12,0.2,5003,1547350,1531201,0.3,0.00,0.50,0.00,1.98,0.00,0.00,0.00,4.0,95830.0,95347.0,0.0,0.0,0.5,0.0,64.135,0.000,0.0,652320.5
2026-09-01T05:55:14,0.2,5002,1547350,1531202,0.3,0.00,1.97,0.00,7.87,0.00,0.25,0.00,4.0,95830.0,95347.0,0.0,0.0,0.5,0.0,64.140,0.000,0.0,647676.0
2026-09-01T05:55:16,0.2,5003,1547350,1531201,0.3,0.00,0.50,0.00,2.00,0.00,0.00,0.00,4.0,95830.0,95347.0,0.0,0.0,0.5,0.0,64.136,0.000,0.0,650758.0
2026-09-01T05:55:18,0.2,5003,1547350,1531201,0.3,0.00,0.61,0.00,2.46,0.00,0.00,0.00,4.0,95830.0,95347.0,0.0,0.0,0.5,0.0,64.157,0.000,0.0,650987.5
2026-09-01T05:55:20,0.2,5003,1547350,1531201,0.3,0.00,0.97,0.00,3.89,0.00,0.00,0.00,4.0,95830.0,95347.0,0.0,0.0,0.5,0.0,64.169,0.000,0.0,648353.0
2026-09-01T05:55:21,0.2,5003,1547350,1531200,0.3,0.00,0.56,0.00,2.25,0.00,0.00,0.00,4.0,95830.0,95347.0,0.0,0.0,0.5,0.0,64.151,0.000,0.0,651908.0
2026-09-01T05:55:23,0.3,5003,1547350,1531200,0.3,0.00,0.49,0.00,1.96,0.00,0.00,0.00,4.0,95830.0,95347.0,0.0,0.0,0.5,0.0,64.162,0.000,0.0,661623.5
2026-09-01T05:55:25,0.2,5004,1547350,1531200,0.3,0.00,1.28,0.00,5.11,0.00,0.00,0.00,4.0,95830.0,95347.0,0.0,0.0,0.5,0.0,64.133,0.000,0.0,646508.5
2026-09-01T05:55:27,0.2,5003,1547350,1531200,0.3,0.00,0.51,0.00,2.03,0.00,0.00,0.05,4.0,95830.0,95347.0,0.0,0.0,0.5,0.0,64.149,0.000,0.0,652067.5
2026-09-01T05:55:29,0.2,5003,1547350,1531201,0.3,0.00,0.62,0.00,2.49,0.00,0.00,0.00,4.0,95830.0,95347.0,0.0,0.0,0.5,0.0,64.148,0.000,0.0,665707.0
2026-09-01T05:55:30,0.2,5003,1547350,1531200,0.3,0.00,1.28,0.00,5.11,0.00,0.00,0.00,4.0,95830.0,95347.0,0.0,0.0,0.5,0.0,64.170,0.000,0.0,655768.5
2026-09-01T05:55:32,0.2,5003,1547350,1531201,0.3,0.00,0.61,0.00,2.43,0.00,0.00,0.06,4.0,95830.0,95347.0,0.0,0.0,0.5,0.0,64.147,0.000,0.0,656890.0
2026-09-01T05:55:33,0.2,5004,1547350,1531200,0.3,0.00,0.64,0.00,2.56,0.00,0.00,0.00,4.0,95830.0,95347.0,0.0,0.0,0.5,0.0,64.177,0.000,0.0,661798.5
2026-09-01T05:55:35,0.2,5004,1547350,1531199,0.3,0.00,0.60,0.00,2.42,0.00,0.00,0.00,4.0,95830.0,95347.0,0.0,0.0,0.5,0.0,64.154,0.000,0.0,659904.0
2026-09-01T05:55:36,0.2,5005,1547350,1531199,0.3,0.00,2.11,0.00,8.46,0.00,0.00,0.00,4.0,95830.0,95347.0,0.0,0.0,0.5,0.0,64.150,0.000,0.0,679173.5
2026-09-01T05:55:38,0.2,5004,1547350,1531200,0.3,0.00,0.82,0.00,3.30,0.00,1.00,0.00,4.0,95830.0,95347.0,0.0,0.0,0.5,0.0,64.122,0.000,0.0,628364.0
2026-09-01T05:55:39,0.2,5005,1547350,1531199,0.3,0.00,3.17,0.00,46.61,0.00,0.00,0.00,4.0,95830.0,95347.0,0.0,0.0,0.5,0.0,64.157,0.000,0.0,709160.0
2026-09-01T05:55:41,0.2,5005,1547350,1531198,0.3,0.00,0.63,0.00,2.53,0.00,0.00,0.06,4.0,95830.0,95347.0,0.0,0.0,0.5,0.0,64.147,0.000,0.0,657880.0
2026-09-01T05:55:42,0.2,5006,1547350,1531198,0.3,0.00,1.23,0.00,4.94,0.00,0.00,0.00,4.0,95830.0,95347.0,0.0,0.0,0.5,0.0,64.139,0.000,0.0,660678.0
2026-09-01T05:55:44,0.2,5006,1547350,1531198,0.3,0.00,0.61,0.00,2.43,0.00,0.00,0.00,4.0,95830.0,95347.0,0.0,0.0,0.5,0.0,64.129,0.000,0.0,684957.5
2026-09-01T05:55:46,0.2,5007,1547350,1531197,0.3,0.00,0.63,0.00,2.54,0.00,0.00,0.00,4.0,95830.0,95347.0,0.0,0.0,0.5,0.0,64.136,0.000,0.0,684957.5
2026-09-01T05:55:46,0.3,5006,1547350,1531197,0.3,0.00,3.02,0.00,12.07,0.00,0.00,0.00,4.0,95830.0,95347.0,0.0,0.0,0.5,0.0,64.159,0.000,0.0,666442.0
2026-09-01T05:55:48,0.2,5006,1547350,1531197,0.3,0.00,0.49,0.00,1.97,0.00,0.00,0.00,4.0,95830.0,95347.0,0.0,0.0,0.5,0.0,64.160,0.000,0.0,691838.0
2026-09-01T05:55:49,0.2,5006,1547350,1531198,0.3,0.00,1.02,0.00,4.07,0.00,0.00,0.00,4.0,95830.0,95347.0,0.0,0.0,0.5,0.0,64.159,0.000,0.0,687741.5
2026-09-01T05:55:50,0.1,5007,1547350,1531197,0.3,0.00,0.91,0.00,3.64,0.00,0.00,0.00,4.0,95830.0,95347.0,0.0,0.0,0.5,0.0,64.141,0.000,0.0,636782.0
2026-09-01T05:55:54,0.1,5007,1547350,1531197,0.3,0.00,0.64,0.00,2.57,0.00,0.00,0.00,4.0,95830.0,95347.0,0.0,0.0,0.5,0.0,64.150,0.000,0.0,663071.5
2026-09-01T05:55:54,0.2,5007,1547350,1531197,0.3,0.00,1.19,0.00,4.77,0.00,0.00,0.00,4.0,95830.0,95347.0,0.0,0.0,0.5,0.0,64.144,0.000,0.0,666659.0
2026-09-01T05:55:56,0.2,5007,1547350,1531197,0.3,0.00,0.62,0.00,2.48,0.00,0.00,0.00,4.0,95830.0,95347.0,0.0,0.0,0.5,0.0,64.117,0.000,0.0,644035.0
2026-09-01T05:55:57,0.2,5007,1547350,1531197,0.3,0.00,0.85,0.00,3.40,0.00,1.00,0.00,4.0,95830.0,95347.0,0.0,0.0,0.5,0.0,64.138,0.000,0.0,644035.0
2026-09-01T05:55:58,0.2,5008,1547350,1531195,0.3,0.00,3.09,0.00,12.36,0.00,0.00,0.00,4.0,95830.0,95347.0,0.0,0.0,0.5,0.0,64.165,0.000,0.0,695505.0
2026-09-01T05:56:00,0.2,5009,1547350,1531195,0.3,0.00,0.50,0.00,1.98,0.00,0.00,0.00,4.0,95830.0,95347.0,0.0,0.0,0.5,0.0,64.110,0.000,0.0,737767.5
2026-09-01T05:56:01,0.3,5015,1547350,1531189,0.3,0.00,0.99,0.00,3.95,0.00,0.00,0.00,4.0,95830.0,95347.0,0.0,0.0,0.5,0.0,64.158,0.000,0.0,667940.5
2026-09-01T05:56:02,0.2,5015,1547350,1531189,0.3,0.00,0.71,0.00,2.86,0.00,0.00,0.00,4.0,95830.0,95347.0,0.0,0.0,0.5,0.0,64.163,0.000,0.0,670765.0
2026-09-01T05:56:04,0.2,5014,1547350,1531190,0.3,0.00,4.52,0.00,22.09,0.00,0.11,0.00,4.0,95830.0,95347.0,0.0,0.0,0.5,0.0,64.144,0.000,0.0,657992.5
2026-09-01T05:56:06,0.2,5015,1547350,1531189,0.3,0.00,0.76,0.00,3.06,0.00,0.00,0.08,4.0,95830.0,95347.0,0.0,0.0,0.5,0.0,64.156,0.000,0.0,663200.0
2026-09-01T05:56:07,0.2,5015,1547350,1531189,0.3,0.00,0.69,0.00,2.77,0.00,0.00,0.00,4.0,95830.0,95347.0,0.0,0.0,0.5,0.0,64.170,0.000,0.0,683174.0
2026-09-01T05:56:08,0.2,5015,1547350,1531189,0.3,0.00,0.68,0.00,2.70,0.00,0.00,0.00,4.0,95830.0,95347.0,0.0,0.0,0.5,0.0,64.160,0.000,0.0,651184.5
2026-09-01T05:56:10,0.2,5015,1547350,1531189,0.3,0.00,5.45,0.00,28.97,0.00,0.00,0.00,4.0,95830.0,95347.0,0.0,0.0,0.5,0.0,64.158,0.000,0.0,656931.0
2026-09-01T05:56:12,0.2,5012,1547350,1531191,0.3,0.00,0.63,0.00,2.52,0.00,0.00,0.00,4.0,95830.0,95347.0,0.0,0.0,0.5,0.0,64.142,0.000,0.0,656931.0
2026-09-01T05:56:12,0.2,5012,1547350,1531192,0.3,0.00,1.04,0.00,4.17,0.00,0.00,0.00,4.0,95830.0,95347.0,0.0,0.0,0.5,0.0,64.159,0.000,0.0,682717.5
2026-09-01T05:56:14,0.2,5012,1547350,1531192,0.3,0.00,0.69,0.00,2.75,0.00,0.00,0.00,4.0,95830.0,95347.0,0.0,0.0,0.5,0.0,64.133,0.000,0.0,682717.5
2026-09-01T05:56:15,0.2,5013,1547350,1531191,0.3,0.00,3.97,0.00,15.87,0.00,0.25,0.00,4.0,95830.0,95347.0,0.0,0.0,0.5,0.0,64.172,0.000,0.0,693141.5
2026-09-01T05:56:16,0.2,5013,1547350,1531191,0.3,0.00,1.19,0.00,4.75,0.00,0.00,0.00,4.0,95830.0,95347.0,0.0,0.0,0.5,0.0,64.148,0.000,0.0,676411.0
2026-09-01T05:56:17,0.2,5013,1547350,1531191,0.3,0.00,0.65,0.00,2.60,0.00,0.00,0.00,4.0,95830.0,95347.0,0.0,0.0,0.5,0.0,64.172,0.000,0.0,646229.5
2026-09-01T05:56:19,0.2,5013,1547350,1531191,0.3,0.00,0.60,0.00,2.39,0.00,0.00,0.06,4.0,95830.0,95347.0,0.0,0.0,0.5,0.0,64.117,0.000,0.0,646229.5
2026-09-01T05:56:20,0.2,5013,1547350,1531191,0.3,0.00,1.25,0.00,4.99,0.00,0.00,0.00,4.0,95830.0,95347.0,0.0,0.0,0.5,0.0,64.154,0.000,0.0,710852.5
2026-09-01T05:56:21,0.2,5013,1547350,1531191,0.3,0.00,2.02,0.00,8.07,0.00,0.00,0.00,4.0,95830.0,95347.0,0.0,0.0,0.5,0.0,64.157,0.000,0.0,676258.5
2026-09-01T05:56:22,0.2,5013,1547350,1531191,0.3,0.00,0.63,0.00,2.53,0.00,0.00,0.06,4.0,95830.0,95347.0,0.0,0.0,0.5,0.0,64.175,0.000,0.0,656874.0
2026-09-01T05:56:24,0.2,5017,1547350,1531187,0.3,0.00,0.68,0.00,2.74,0.00,0.00,0.07,4.0,95830.0,95347.0,0.0,0.0,0.5,0.0,64.178,0.000,0.0,716423.5
2026-09-01T05:56:25,0.2,5017,1547350,1531187,0.3,0.00,0.91,0.00,3.65,0.00,0.00,0.00,4.0,95830.0,95347.0,0.0,0.0,0.5,0.0,64.155,0.000,0.0,716423.5
2026-09-01T05:56:26,0.2,5017,1547350,1531187,0.3,0.00,0.88,0.00,3.54,0.00,0.00,0.00,4.0,95830.0,95347.0,0.0,0.0,0.5,0.0,64.167,0.000,0.0,671277.0
2026-09-01T05:56:28,0.2,5017,1547350,1531187,0.3,0.00,1.02,0.00,4.09,0.00,0.00,0.05,4.0,95830.0,95347.0,0.0,0.0,0.5,0.0,64.159,0.000,0.0,671277.0
2026-09-01T05:56:29,0.2,5017,1547350,1531186,0.3,0.00,1.15,0.00,4.59,0.00,0.00,0.00,4.0,95830.0,95347.0,0.0,0.0,0.5,0.0,64.160,0.000,0.0,674886.0
2026-09-01T05:56:31,0.2,5018,1547350,1531186,0.3,0.00,0.61,0.00,2.43,0.00,0.00,0.00,4.0,95830.0,95347.0,0.0,0.0,0.5,0.0,64.194,0.000,0.0,674886.0
2026-09-01T05:56:31,0.2,5018,1547350,1531186,0.3,0.00,1.23,0.00,4.90,0.00,0.00,0.00,4.0,95830.0,95347.0,0.0,0.0,0.5,0.0,64.186,0.000,0.0,719820.5
2026-09-01T05:56:33,0.2,5022,1547350,1531182,0.3,0.00,2.52,0.00,10.08,0.00,0.00,0.00,4.0,95830.0,95347.0,0.0,0.0,0.5,0.0,64.154,0.000,0.0,650487.0
2026-09-01T05:56:34,0.2,5118,1547350,1531086,0.3,0.00,0.54,0.00,2.16,0.00,0.00,0.00,4.0,95830.0,95347.0,0.0,0.0,0.5,0.0,64.162,0.000,0.0,679349.5
2026-09-01T05:56:43,0.2,5122,1547350,1531082,0.3,0.00,1.25,0.00,10.27,0.00,0.09,0.00,4.0,95830.0,95347.0,0.0,0.0,0.5,0.0,64.167,0.000,0.0,679349.5
2026-09-01T05:56:44,0.2,5123,1547350,1531080,0.3,0.00,0.94,0.00,3.75,0.00,0.00,0.00,4.0,95830.0,95347.0,0.0,0.0,0.5,0.0,64.157,0.000,0.0,731362.0
2026-09-01T05:56:45,0.3,5123,1547350,1531081,0.3,0.00,5.13,0.00,20.51,0.00,0.00,0.00,4.0,95830.0,95347.0,0.0,0.0,0.5,0.0,64.162,0.000,0.0,673913.0
2026-09-01T05:56:46,0.2,5123,1547350,1531080,0.3,0.00,0.79,0.00,3.14,0.00,0.00,0.00,4.0,95830.0,95347.0,0.0,0.0,0.5,0.0,64.216,0.000,0.0,675139.5
2026-09-01T05:56:48,0.2,5126,1547350,1531078,0.3,0.00,0.63,0.00,2.53,0.00,0.00,0.00,4.0,95830.0,95347.0,0.0,0.0,0.5,0.0,64.179,0.000,0.0,682294.0
2026-09-01T05:56:49,0.2,5126,1547350,1531077,0.3,0.00,0.91,0.00,3.64,0.00,0.00,0.00,4.0,95830.0,95347.0,0.0,0.0,0.5,0.0,64.177,0.000,0.0,682294.0
2026-09-01T05:56:49,0.2,5127,1547350,1531077,0.3,0.00,2.67,0.00,10.67,0.00,1.00,0.00,4.0,95830.0,95347.0,0.0,0.0,0.5,0.0,64.187,0.000,0.0,681788.5
2026-09-01T05:56:50,0.2,5128,1547350,1531076,0.3,0.00,0.76,0.00,3.06,0.00,0.00,0.00,4.0,95830.0,95347.0,0.0,0.0,0.5,0.0,64.200,0.000,0.0,681788.5
2026-09-01T05:56:51,0.2,5128,1547350,1531076,0.3,0.00,3.82,0.00,15.30,0.00,0.00,0.00,4.0,95830.0,95347.0,0.0,0.0,0.5,0.0,64.213,0.000,0.0,724755.0
2026-09-01T05:56:53,0.2,5128,1547350,1531076,0.3,0.00,0.58,0.00,2.32,0.00,0.00,0.00,4.0,95830.0,95347.0,0.0,0.0,0.5,0.0,64.171,0.000,0.0,724755.0
2026-09-01T05:56:53,0.2,5134,1547350,1531070,0.3,0.00,2.05,0.00,8.20,0.00,0.00,0.00,4.0,95830.0,95347.0,0.0,0.0,0.5,0.0,64.208,0.000,0.0,721357.0
2026-09-01T05:56:54,0.2,5144,1547350,1531059,0.3,0.00,1.62,0.00,6.49,0.00,0.00,0.00,4.0,95830.0,95347.0,0.0,0.0,0.5,0.0,64.214,0.000,0.0,721357.0
2026-09-01T05:56:54,0.5,5247,1547350,1530947,0.3,0.00,1.50,0.00,6.01,0.00,0.00,0.00,746.0,95830.0,94606.0,0.0,0.0,0.5,0.0,78.975,0.001,0.0,4077498.0
2026-09-01T05:56:56,0.2,5246,1547350,1530947,0.3,0.00,0.97,0.00,3.90,0.00,0.00,0.00,746.0,95830.0,94606.0,0.0,0.0,0.5,0.0,78.974,0.001,0.0,4077498.0
2026-09-01T05:56:57,0.2,5246,1547350,1530947,0.3,0.00,3.25,0.00,12.99,0.00,0.00,0.00,746.0,95830.0,94606.0,0.0,0.0,0.5,0.0,79.019,0.000,0.0,767433.0
2026-09-01T05:56:58,0.2,5247,1547350,1530947,0.3,0.00,0.93,0.00,3.70,0.00,0.00,0.00,746.0,95830.0,94606.0,0.0,0.0,0.5,0.0,79.028,0.000,0.0,667049.5
2026-09-01T05:56:59,0.2,5248,1547350,1530945,0.3,0.00,0.62,0.00,2.46,0.00,0.00,0.00,746.0,95830.0,94606.0,0.0,0.0,0.5,0.0,79.038,0.000,0.0,667049.5
2026-09-01T05:57:00,0.2,5249,1547350,1530944,0.3,0.00,2.06,0.00,8.25,0.00,0.00,0.00,746.0,95830.0,94606.0,0.0,0.0,0.5,0.0,79.066,0.000,0.0,736262.0
2026-09-01T05:57:00,0.3,5250,1547350,1530944,0.3,0.00,1.96,0.00,7.86,0.00,0.00,0.00,746.0,95830.0,94606.0,0.0,0.0,0.5,0.0,79.024,0.000,0.0,736262.0
2026-09-01T05:57:01,0.6,5256,1547350,1530938,0.3,0.00,20.41,0.00,81.63,0.00,0.12,0.00,746.0,95830.0,94606.0,0.0,0.0,0.5,0.0,78.993,0.000,0.0,708304.0
2026-09-01T05:57:02,0.2,5255,1547350,1530939,0.3,0.00,0.71,0.00,2.83,0.00,0.00,0.00,746.0,95830.0,94606.0,0.0,0.0,0.5,0.0,79.005,0.000,0.0,708304.0
2026-09-01T05:57:03,0.2,5255,1547350,1530939,0.3,0.00,1.86,0.00,7.42,0.00,0.00,0.00,746.0,95830.0,94606.0,0.0,0.0,0.5,0.0,79.042,0.000,0.0,717130.0
2026-09-01T05:57:04,0.2,5254,1547350,1530940,0.3,0.00,1.12,0.00,4.49,0.00,0.00,0.00,746.0,95830.0,94606.0,0.0,0.0,0.5,0.0,79.078,0.000,0.0,717130.0
2026-09-01T05:57:04,0.3,5267,1547350,1530927,0.3,0.00,2.13,0.00,8.51,0.00,0.00,0.00,746.0,95830.0,94606.0,0.0,0.0,0.5,0.0,79.016,0.000,0.0,3322960.5
2026-09-01T05:57:05,0.2,5267,1547350,1530927,0.3,0.00,0.91,0.00,3.65,0.00,0.00,0.00,798.0,95830.0,94554.0,0.0,0.0,0.5,0.0,79.041,0.000,0.0,662539.0
2026-09-01T05:57:07,0.2,5267,1547350,1530927,0.3,0.00,2.06,0.00,10.97,0.00,0.33,0.00,798.0,95830.0,94554.0,0.0,0.0,0.5,0.0,79.003,0.000,0.0,656226.0
2026-09-01T05:57:08,0.3,5463,1547350,1530721,0.4,0.00,1.40,0.00,16.76,0.00,0.00,0.00,902.0,95830.0,94450.0,0.0,0.0,0.5,0.0,79.640,0.002,0.0,801184.0
2026-09-01T05:57:11,0.3,5655,1547350,1530528,0.4,0.00,0.39,0.00,1.54,0.00,0.00,0.00,902.0,95830.0,94450.0,0.0,0.0,0.5,0.0,79.299,0.000,0.0,674409.5
2026-09-01T05:57:12,0.5,5667,1547350,1530517,0.4,0.00,0.85,0.00,3.38,0.00,0.00,0.00,1335.0,95830.0,94016.0,0.0,0.0,0.5,0.5,79.727,0.000,0.0,674409.5
2026-09-01T05:57:12,1.0,5678,1547350,1530506,0.4,0.00,3.08,0.00,12.31,0.00,0.00,0.31,1335.0,95830.0,94016.0,0.0,0.0,0.5,1.0,80.147,0.000,0.0,674409.5
2026-09-01T05:57:13,0.6,5727,1547350,1530457,0.4,0.00,2.20,0.00,8.81,0.00,0.00,0.00,1335.0,95830.0,94016.0,0.0,0.0,0.5,0.0,80.714,0.002,0.0,11442419.5
2026-09-01T05:57:13,0.9,5904,1547350,1530272,0.4,0.00,8.95,0.00,44.74,0.00,0.00,0.00,902.0,95830.0,94450.0,0.0,0.0,0.5,1.0,80.344,0.002,0.0,11442419.5
2026-09-01T05:57:13,1.2,5949,1547350,1530154,0.4,0.00,3.26,0.00,13.03,0.00,0.00,0.00,8555.0,95830.0,86796.0,20.0,0.5,0.5,0.5,79.784,0.002,0.0,86237452.5
2026-09-01T05:57:14,0.2,5951,1547350,1530152,0.4,0.00,1.35,0.00,5.41,0.00,0.00,0.00,8575.0,95830.0,86776.0,0.0,0.0,0.5,0.0,79.214,0.000,0.0,891264.0
2026-09-01T05:57:16,0.2,6083,1547350,1530018,0.4,0.00,0.51,0.00,2.02,0.00,0.00,0.00,8709.0,95830.0,86642.0,0.0,0.0,0.5,0.0,79.774,0.000,0.0,651570.5
2026-09-01T05:57:18,0.3,6174,1547350,1529928,0.4,0.00,0.55,0.00,2.20,0.00,0.00,0.00,8747.0,95830.0,86604.0,4.0,0.0,0.5,0.0,79.338,0.031,0.0,1860859.0
2026-09-01T05:57:19,0.2,6201,1547350,1529900,0.4,0.00,1.01,0.00,4.05,0.00,0.00,0.00,8747.0,95830.0,86604.0,0.0,3.5,0.5,21.0,96.840,0.031,0.0,1860859.0
2026-09-01T05:57:19,1.3,6207,1547350,1529895,0.4,0.00,2.00,0.00,8.02,0.00,0.00,0.00,8747.0,95830.0,86604.0,0.0,7.0,0.5,38.0,126.797,0.191,0.1,30589536.0
2026-09-01T05:57:20,0.4,6207,1547350,1529894,0.4,0.00,2.30,0.00,9.20,0.00,0.00,0.00,8759.0,95830.0,86592.0,0.0,0.0,0.5,0.0,81.468,0.030,0.0,5085867.5
2026-09-01T05:57:22,1.4,6214,1547350,1529887,0.4,0.00,0.59,0.00,2.34,0.00,0.00,0.00,8759.0,95830.0,86592.0,0.0,8.0,0.5,37.0,114.776,0.030,0.0,5085867.5
2026-09-01T05:57:22,1.3,6214,1547350,1529887,0.4,0.00,2.84,0.00,11.36,0.00,1.00,0.00,8803.0,95830.0,86548.0,74.0,7.0,0.5,40.0,134.363,0.030,0.0,5085867.5
2026-09-01T05:57:23,0.3,6215,1547350,1529887,0.4,0.00,1.02,0.00,4.08,0.00,0.00,0.00,8803.0,95830.0,86548.0,0.0,0.0,0.5,0.0,79.588,0.159,0.1,22698051.0
2026-09-01T05:57:24,0.5,6220,1547350,1529882,0.4,0.00,0.85,0.00,3.40,0.00,0.00,0.00,8803.0,95830.0,86548.0,0.0,0.0,0.5,1.0,98.365,0.061,0.0,6099434.0
2026-09-01T05:57:26,0.3,6221,1547350,1529880,0.4,0.00,0.55,0.00,2.19,0.00,0.00,0.00,8803.0,95830.0,86548.0,1.0,0.0,0.5,0.0,79.975,0.021,0.0,3205171.0
2026-09-01T05:57:26,1.3,6221,1547350,1529880,0.4,0.00,3.17,0.00,12.70,0.00,0.00,0.00,8803.0,95830.0,86548.0,1.0,6.5,0.5,29.0,106.125,0.021,0.0,3205171.0
2026-09-01T05:57:26,0.4,6271,1547350,1529830,0.4,0.00,3.42,0.00,13.70,0.00,0.00,0.34,8803.0,95830.0,86548.0,0.0,9.0,0.5,39.5,96.526,0.137,0.1,16516902.5
2026-09-01T05:57:29,0.5,6272,1547350,1529829,0.4,0.00,0.34,0.00,1.38,0.00,0.00,0.00,8803.0,95830.0,86548.0,0.0,0.0,0.5,0.0,87.057,0.010,0.0,2169906.0
2026-09-01T05:57:30,0.5,6277,1547350,1529825,0.4,0.00,3.79,0.00,15.15,0.00,0.00,0.00,8851.0,95830.0,86500.0,2.0,0.0,0.5,0.0,88.431,0.051,0.0,4230964.0
2026-09-01T05:57:31,1.3,6283,1547350,1529819,0.4,0.00,0.71,0.00,2.84,0.00,0.00,0.00,8851.0,95830.0,86500.0,2.0,7.5,0.5,39.0,104.245,0.051,0.0,4230964.0
2026-09-01T05:57:31,0.6,6283,1547350,1529819,0.4,0.00,3.73,0.00,14.93,0.00,0.00,0.00,8853.0,95830.0,86498.0,0.0,1.0,0.5,5.5,99.067,0.148,0.1,21423810.5
2026-09-01T05:57:32,0.6,6288,1547350,1529813,0.4,0.00,0.98,0.00,3.93,0.00,0.00,0.00,8853.0,95830.0,86498.0,0.0,0.0,0.5,1.5,99.683,0.148,0.1,21423810.5
2026-09-01T05:57:33,1.3,6289,1547350,1529813,0.4,0.00,1.13,0.00,4.50,0.00,0.00,0.00,8853.0,95830.0,86498.0,0.0,7.0,0.5,38.5,105.670,0.166,0.1,18721512.0
2026-09-01T05:57:33,0.5,6290,1547350,1529812,0.4,0.00,3.97,0.00,15.87,0.00,0.00,0.00,8853.0,95830.0,86498.0,56.0,6.0,0.5,25.5,93.849,0.091,0.1,10851861.0
2026-09-01T05:57:35,0.5,6291,1547350,1529811,0.4,0.00,0.53,0.00,2.11,0.00,0.00,0.00,8853.0,95830.0,86498.0,51.0,0.0,0.5,0.5,95.198,0.091,0.1,10851861.0
2026-09-01T05:57:36,1.3,6292,1547350,1529810,0.4,0.00,3.95,0.00,15.81,0.00,0.00,0.00,8853.0,95830.0,86498.0,51.0,6.5,0.5,38.0,106.751,0.116,0.1,14885720.0
2026-09-01T05:57:37,0.6,6292,1547350,1529809,0.4,0.00,1.09,0.00,4.35,0.00,0.00,0.00,8853.0,95830.0,86498.0,39.0,0.0,0.5,0.0,93.910,0.116,0.1,14885720.0
2026-09-01T05:57:37,1.3,6294,1547350,1529807,0.4,0.00,2.54,0.00,10.18,0.00,0.00,0.00,8853.0,95830.0,86498.0,0.0,9.5,0.5,43.5,110.538,0.142,0.1,19122993.5
2026-09-01T05:57:37,1.3,6294,1547350,1529807,0.4,0.00,3.79,0.00,15.15,0.00,0.00,0.00,8853.0,95830.0,86498.0,0.0,7.0,0.5,38.0,125.555,0.142,0.1,19122993.5
2026-09-01T05:57:37,1.3,6296,1547350,1529806,0.4,0.00,3.70,0.00,14.81,0.00,0.00,0.00,8853.0,95830.0,86498.0,0.0,7.0,0.5,38.5,146.120,0.142,0.1,19122993.5
2026-09-01T05:57:38,0.4,6295,1547350,1529806,0.4,0.00,1.00,0.00,4.00,0.00,0.00,0.00,8853.0,95830.0,86498.0,77.0,0.0,0.5,0.0,83.957,0.144,0.1,22853670.5
2026-09-01T05:57:39,1.3,6296,1547350,1529805,0.4,0.00,2.87,0.00,11.46,0.00,0.00,0.00,8853.0,95830.0,86498.0,0.0,9.0,0.5,39.5,109.338,0.144,0.1,22853670.5
2026-09-01T05:57:39,1.4,6297,1547350,1529805,0.4,0.00,3.69,0.00,14.76,0.00,0.00,0.00,8853.0,95830.0,86498.0,0.0,7.0,0.5,39.0,132.378,0.144,0.1,22853670.5
2026-09-01T05:57:39,0.7,6297,1547350,1529805,0.4,0.00,18.59,0.00,267.66,0.00,0.20,0.00,8853.0,95830.0,86498.0,23.0,0.0,0.5,1.0,109.831,0.224,0.1,32226619.5
2026-09-01T05:57:40,0.7,6296,1547350,1529806,0.4,0.00,1.15,0.00,4.61,0.00,0.00,0.00,8961.0,95830.0,86390.0,0.0,0.0,0.5,1.0,98.692,0.224,0.1,32226619.5
2026-09-01T05:57:41,1.3,6298,1547350,1529803,0.4,0.00,1.01,0.00,4.04,0.00,0.00,0.00,8961.0,95830.0,86390.0,0.0,9.0,0.5,42.5,115.849,0.180,0.1,20731159.5
2026-09-01T05:57:41,1.3,6299,1547350,1529802,0.4,0.00,3.80,0.00,15.21,0.00,0.00,0.00,8961.0,95830.0,86390.0,0.0,7.0,0.5,40.5,139.832,0.180,0.1,20731159.5
2026-09-01T05:57:42,0.7,6300,1547350,1529801,0.4,0.00,2.66,0.00,10.64,0.00,0.00,0.00,8961.0,95830.0,86390.0,81.0,0.0,0.5,0.5,108.524,0.208,0.1,32634256.5
2026-09-01T05:57:43,0.6,6300,1547350,1529802,0.4,0.00,1.04,0.00,4.15,0.00,0.00,0.00,8961.0,95830.0,86390.0,16.0,0.0,0.5,1.5,103.942,0.208,0.1,32634256.5
2026-09-01T05:57:44,1.3,6301,1547350,1529801,0.4,0.00,1.34,0.00,5.38,0.00,0.00,0.00,8961.0,95830.0,86390.0,68.0,7.5,0.5,41.0,119.151,0.177,0.1,20109157.5
2026-09-01T05:57:44,1.3,6303,1547350,1529798,0.4,0.00,4.89,0.00,19.56,0.00,0.00,0.00,8961.0,95830.0,86390.0,68.0,7.5,0.5,40.5,142.328,0.177,0.1,20109157.5
2026-09-01T05:57:44,1.4,6302,1547350,1529799,0.4,0.00,3.97,0.00,15.87,0.00,0.00,0.00,8961.0,95830.0,86390.0,68.0,7.5,0.5,40.5,159.156,0.177,0.1,20109157.5
2026-09-01T05:57:44,1.3,6303,1547350,1529799,0.4,0.00,4.08,0.00,16.33,0.00,0.00,0.00,8961.0,95830.0,86390.0,68.0,7.5,0.5,41.0,161.157,0.177,0.1,20109157.5
2026-09-01T05:57:45,0.7,6303,1547350,1529799,0.4,0.00,2.41,0.00,9.64,0.00,0.00,0.00,8961.0,95830.0,86390.0,81.0,0.0,0.5,1.5,115.462,0.267,0.2,42091927.0
2026-09-01T05:57:46,1.3,6304,1547350,1529797,0.4,0.00,1.30,0.00,5.19,0.00,0.00,0.00,8961.0,95830.0,86390.0,30.0,8.5,0.5,42.0,115.494,0.267,0.2,42091927.0
2026-09-01T05:57:46,0.7,6304,1547350,1529798,0.4,0.00,3.05,0.00,12.20,0.00,0.00,0.00,8961.0,95830.0,86390.0,0.0,0.0,0.5,1.5,106.121,0.192,0.1,27597646.0
2026-09-01T05:57:47,1.3,6308,1547350,1529794,0.4,0.00,0.95,0.00,3.81,0.00,0.00,0.00,8961.0,95830.0,86390.0,0.0,6.5,0.5,28.0,109.395,0.192,0.1,27597646.0
2026-09-01T05:57:48,0.5,6309,1547350,1529792,0.4,0.00,1.36,0.00,5.43,0.00,0.00,0.00,8961.0,95830.0,86390.0,2.0,0.0,0.5,0.0,106.520,0.140,0.1,18493120.5
2026-09-01T05:57:48,1.3,6309,1547350,1529793,0.4,0.00,3.72,0.00,14.87,0.00,0.00,0.00,8961.0,95830.0,86390.0,2.0,7.5,0.5,40.5,117.793,0.140,0.1,18493120.5
2026-09-01T05:57:48,1.3,6310,1547350,1529791,0.4,0.00,2.54,0.00,10.15,0.00,0.00,0.00,8961.0,95830.0,86390.0,2.0,7.5,0.5,41.0,139.993,0.140,0.1,18493120.5
2026-09-01T05:57:49,1.3,6312,1547350,1529790,0.4,0.00,3.29,0.00,13.16,0.00,0.00,0.00,8961.0,95830.0,86390.0,78.0,7.0,0.5,40.0,163.784,0.140,0.1,18493120.5
2026-09-01T05:57:49,1.3,6314,1547350,1529788,0.4,0.00,3.83,0.00,15.33,0.00,0.00,0.00,8961.0,95830.0,86390.0,78.0,7.0,0.5,39.0,160.337,0.392,0.2,57831272.5
2026-09-01T05:57:49,1.4,6315,1547350,1529786,0.4,0.00,4.15,0.00,16.60,0.00,1.00,0.00,8961.0,95830.0,86390.0,78.0,0.0,0.5,0.0,110.153,0.392,0.2,57831272.5
2026-09-01T05:57:50,0.7,6315,1547350,1529786,0.4,0.00,1.09,0.00,4.37,0.00,0.00,0.00,8961.0,95830.0,86390.0,0.0,7.5,0.5,31.0,108.801,0.160,0.1,21265575.5
2026-09-01T05:57:51,0.4,6314,1547350,1529787,0.4,0.00,1.25,0.00,4.99,0.00,0.00,0.00,8961.0,95830.0,86390.0,0.0,0.0,0.5,0.0,98.499,0.160,0.1,21265575.5
2026-09-01T05:57:51,1.3,6315,1547350,1529787,0.4,0.00,3.76,0.00,15.04,0.00,0.00,0.00,8961.0,95830.0,86390.0,0.0,5.5,0.5,22.0,110.611,0.112,0.1,13602228.5
2026-09-01T05:57:52,0.8,6316,1547350,1529786,0.4,0.00,2.78,0.00,11.11,0.00,0.00,0.00,8961.0,95830.0,86390.0,78.0,0.0,0.5,27.5,126.911,0.112,0.1,13602228.5
2026-09-01T05:57:52,1.3,6317,1547350,1529785,0.4,0.00,1.19,0.00,4.75,0.00,0.00,0.00,8961.0,95830.0,86390.0,78.0,7.0,0.5,39.5,128.692,0.245,0.2,34779889.0
2026-09-01T05:57:53,1.3,6317,1547350,1529784,0.4,0.00,3.55,0.00,14.18,0.00,0.00,0.00,8961.0,95830.0,86390.0,81.0,7.0,0.5,39.0,150.597,0.245,0.2,34779889.0
2026-09-01T05:57:53,1.3,6317,1547350,1529785,0.4,0.00,3.24,0.00,12.94,0.00,0.00,0.00,8961.0,95830.0,86390.0,81.0,7.0,0.5,38.5,160.396,0.245,0.2,34779889.0
2026-09-01T05:57:53,1.3,6317,1547350,1529785,0.4,0.00,3.98,0.00,15.94,0.00,0.00,0.00,8961.0,95830.0,86390.0,81.0,7.0,0.5,39.0,159.264,0.245,0.2,34779889.0
2026-09-01T05:57:54,1.3,6318,1547350,1529784,0.4,0.00,3.76,0.00,15.04,0.00,0.00,0.00,8961.0,95830.0,86390.0,81.0,7.0,0.5,40.0,159.837,0.393,0.2,61692506.5
2026-09-01T05:57:55,0.5,6315,1547350,1529786,0.4,0.00,1.01,0.00,4.03,0.00,0.00,0.00,8961.0,95830.0,86390.0,81.0,0.0,0.5,0.0,95.409,0.393,0.2,61692506.5
2026-09-01T05:57:55,0.7,6316,1547350,1529785,0.4,0.00,3.75,0.00,14.98,0.00,0.00,0.00,8961.0,95830.0,86390.0,58.0,0.0,0.5,1.5,105.156,0.089,0.1,11724674.5
2026-09-01T05:57:56,1.3,6316,1547350,1529786,0.4,0.00,1.31,0.00,5.23,0.00,0.00,0.00,8961.0,95830.0,86390.0,58.0,7.5,0.5,34.0,122.040,0.089,0.1,11724674.5
2026-09-01T05:57:56,1.3,6317,1547350,1529785,0.4,0.00,2.69,0.00,10.75,0.00,0.00,0.00,8963.0,95830.0,86388.0,81.0,7.5,0.5,41.0,133.927,0.089,0.1,11724674.5
2026-09-01T05:57:56,1.3,6317,1547350,1529785,0.4,0.00,3.70,0.00,14.81,0.00,0.00,0.00,8963.0,95830.0,86388.0,81.0,7.0,0.5,38.5,158.334,0.089,0.1,11724674.5
2026-09-01T05:57:57,1.3,6318,1547350,1529783,0.4,0.00,2.72,0.00,10.90,0.00,0.00,0.00,8963.0,95830.0,86388.0,81.0,7.0,0.5,39.5,159.544,0.382,0.2,55971059.0
2026-09-01T05:57:57,0.4,6319,1547350,1529783,0.4,0.00,1.20,0.00,4.80,0.00,0.00,0.00,8963.0,95830.0,86388.0,46.0,0.0,0.5,1.0,99.769,0.382,0.2,55971059.0
2026-09-01T05:57:58,1.4,6319,1547350,1529782,0.4,0.00,4.65,0.00,18.60,0.00,0.00,0.00,8963.0,95830.0,86388.0,46.0,8.0,0.5,40.0,103.577,0.076,0.1,7995173.0
2026-09-01T05:57:58,1.3,6319,1547350,1529782,0.4,0.00,3.16,0.00,12.66,0.00,0.00,0.00,8963.0,95830.0,86388.0,80.0,2.0,0.5,8.5,105.725,0.143,0.1,22616165.0
2026-09-01T05:57:59,0.7,6322,1547350,1529779,0.4,0.00,1.00,0.00,4.00,0.00,0.00,0.00,8963.0,95830.0,86388.0,2.0,9.0,0.5,41.5,110.779,0.143,0.1,22616165.0
2026-09-01T05:57:59,0.6,6323,1547350,1529778,0.4,0.00,3.37,0.00,13.47,0.00,0.00,0.00,9031.0,95830.0,86320.0,0.0,4.0,0.5,15.0,113.364,0.203,0.1,26054837.0
2026-09-01T05:58:00,1.4,6323,1547350,1529778,0.4,0.00,1.04,0.00,4.18,0.00,0.00,0.00,9031.0,95830.0,86320.0,0.0,8.5,0.5,42.0,122.776,0.203,0.1,26054837.0
2026-09-01T05:58:01,0.6,6326,1547350,1529775,0.4,0.00,1.20,0.00,4.79,0.00,0.00,0.00,9031.0,95830.0,86320.0,3.0,0.0,0.5,1.5,105.460,0.132,0.1,19778956.5
2026-09-01T05:58:01,1.3,6327,1547350,1529774,0.4,0.00,3.44,0.00,13.75,0.00,1.00,0.00,9031.0,95830.0,86320.0,3.0,8.5,0.5,42.5,114.983,0.132,0.1,19778956.5
2026-09-01T05:58:02,1.3,6331,1547350,1529770,0.4,0.00,2.67,0.00,10.70,0.00,0.00,0.00,9031.0,95830.0,86320.0,81.0,7.0,0.5,40.5,154.763,0.132,0.1,19778956.5
2026-09-01T05:58:02,1.4,6330,1547350,1529771,0.4,0.00,2.53,0.00,10.13,0.00,0.00,0.00,9031.0,95830.0,86320.0,81.0,7.5,0.5,40.5,163.223,0.407,0.3,60684704.5
2026-09-01T05:58:02,1.3,6330,1547350,1529772,0.4,0.00,2.90,0.00,11.59,0.00,0.00,0.00,9031.0,95830.0,86320.0,81.0,7.0,0.5,40.5,161.268,0.407,0.3,60684704.5
2026-09-01T05:58:03,0.7,6332,1547350,1529770,0.4,0.00,3.70,0.00,14.81,0.00,0.00,0.00,9031.0,95830.0,86320.0,81.0,0.0,0.5,1.0,122.536,0.407,0.3,60684704.5
2026-09-01T05:58:03,0.6,6331,1547350,1529770,0.4,0.00,1.54,0.00,6.16,0.00,0.00,0.00,9031.0,95830.0,86320.0,0.0,0.0,0.5,1.5,101.058,0.161,0.1,22724937.0
2026-09-01T05:58:04,1.3,6331,1547350,1529770,0.4,0.00,1.25,0.00,4.99,0.00,0.00,0.00,9031.0,95830.0,86320.0,0.0,9.5,0.5,38.0,116.603,0.161,0.1,22724937.0
2026-09-01T05:58:04,1.4,6331,1547350,1529771,0.4,0.00,7.52,0.00,30.08,0.00,0.00,0.00,9031.0,95830.0,86320.0,0.0,7.5,0.5,40.0,127.143,0.161,0.1,22724937.0
2026-09-01T05:58:05,1.3,6332,1547350,1529770,0.4,0.00,3.86,0.00,15.44,0.00,0.00,0.00,9031.0,95830.0,86320.0,0.0,7.0,0.5,40.0,153.318,0.161,0.1,22724937.0
2026-09-01T05:58:05,1.4,6332,1547350,1529769,0.4,0.00,3.18,0.00,12.74,0.00,0.00,0.00,9031.0,95830.0,86320.0,79.0,7.5,0.5,40.0,162.404,0.391,0.2,56019752.0
2026-09-01T05:58:05,0.6,6332,1547350,1529770,0.4,0.00,3.83,0.00,15.33,0.00,0.00,0.00,9031.0,95830.0,86320.0,0.0,0.0,0.5,0.0,110.466,0.391,0.2,56019752.0
2026-09-01T05:58:06,1.3,6331,1547350,1529770,0.4,0.00,1.16,0.00,4.63,0.00,0.00,0.00,9031.0,95830.0,86320.0,0.0,9.0,0.5,42.5,111.059,0.155,0.1,20477735.5
2026-09-01T05:58:06,1.4,6333,1547350,1529769,0.4,0.00,3.76,0.00,15.04,0.00,0.00,0.00,9031.0,95830.0,86320.0,0.0,7.0,0.5,40.5,131.042,0.155,0.1,20477735.5
2026-09-01T05:58:07,1.3,6333,1547350,1529769,0.4,0.00,2.39,0.00,9.57,0.00,0.00,0.00,9031.0,95830.0,86320.0,81.0,7.0,0.5,38.5,162.149,0.155,0.1,20477735.5
2026-09-01T05:58:07,1.3,6333,1547350,1529769,0.4,0.00,3.37,0.00,13.47,0.00,0.00,0.00,9031.0,95830.0,86320.0,81.0,0.0,0.5,0.0,125.520,0.283,0.2,44327067.5
2026-09-01T05:58:08,0.9,6332,1547350,1529770,0.4,0.00,1.10,0.00,4.40,0.00,0.00,0.00,9031.0,95830.0,86320.0,0.0,9.0,0.5,39.5,125.145,0.283,0.2,44327067.5
2026-09-01T05:58:09,0.5,6332,1547350,1529769,0.4,0.00,1.54,0.00,6.15,0.00,0.00,0.00,9031.0,95830.0,86320.0,0.0,0.0,0.5,1.0,112.459,0.144,0.1,18237013.5
2026-09-01T05:58:09,1.3,6333,1547350,1529768,0.4,0.00,2.79,0.00,11.17,0.00,0.00,0.00,9031.0,95830.0,86320.0,2.0,9.0,0.5,42.5,115.603,0.144,0.1,18237013.5
2026-09-01T05:58:09,0.6,6334,1547350,1529768,0.4,0.00,3.88,0.00,15.50,0.00,0.00,0.00,9031.0,95830.0,86320.0,0.0,0.0,0.5,1.5,104.159,0.176,0.1,23575447.0
2026-09-01T05:58:10,0.9,6336,1547350,1529765,0.4,0.00,3.56,0.00,44.48,0.00,0.00,0.00,9031.0,95830.0,86320.0,0.0,9.5,0.5,42.5,109.919,0.176,0.1,23575447.0
2026-09-01T05:58:10,0.6,6336,1547350,1529765,0.4,0.00,3.72,0.00,14.87,0.00,0.00,0.00,9031.0,95830.0,86320.0,14.0,0.0,0.5,0.0,95.162,0.137,0.1,18219273.0
2026-09-01T05:58:11,0.6,6332,1547350,1529769,0.4,0.00,0.99,0.00,3.97,0.00,1.00,0.10,9031.0,95830.0,86320.0,14.0,0.0,0.5,1.5,99.417,0.137,0.1,18219273.0
2026-09-01T05:58:12,1.3,6333,1547350,1529769,0.4,0.00,1.23,0.00,4.90,0.00,0.00,0.00,9031.0,95830.0,86320.0,14.0,6.0,0.5,25.0,112.467,0.162,0.1,19534487.0
2026-09-01T05:58:12,1.4,6332,1547350,1529769,0.4,0.00,3.86,0.00,15.44,0.00,0.00,0.00,9031.0,95830.0,86320.0,14.0,7.0,0.5,39.5,126.543,0.162,0.1,19534487.0
2026-09-01T05:58:13,0.5,6332,1547350,1529770,0.4,0.00,3.94,0.00,15.75,0.00,0.00,0.00,9031.0,95830.0,86320.0,79.0,0.5,0.5,2.0,97.990,0.161,0.1,21422562.5
2026-09-01T05:58:14,1.3,6333,1547350,1529769,0.4,0.00,0.89,0.00,3.55,0.00,0.00,0.00,9031.0,95830.0,86320.0,4.0,10.0,0.5,44.5,118.986,0.161,0.1,21422562.5
2026-09-01T05:58:14,0.7,6332,1547350,1529770,0.4,0.00,3.26,0.00,13.03,0.00,0.00,0.00,9031.0,95830.0,86320.0,4.0,0.0,0.5,0.0,124.909,0.161,0.1,21422562.5
2026-09-01T05:58:15,1.3,6332,1547350,1529769,0.4,0.00,1.57,0.00,6.30,0.00,0.00,0.00,9031.0,95830.0,86320.0,3.0,7.0,0.5,28.5,125.825,0.235,0.1,32977351.0
2026-09-01T05:58:15,0.6,6334,1547350,1529768,0.4,0.00,2.53,0.00,10.13,0.00,0.00,0.00,9031.0,95830.0,86320.0,3.0,0.0,0.5,1.5,117.030,0.235,0.1,32977351.0
2026-09-01T05:58:16,1.3,6333,1547350,1529768,0.4,0.00,1.55,0.00,6.19,0.00,0.00,0.00,9031.0,95830.0,86320.0,3.0,5.5,0.5,22.0,116.590,0.163,0.1,21104255.5
2026-09-01T05:58:17,0.5,6333,1547350,1529768,0.4,0.00,1.21,0.00,4.84,0.00,0.00,0.00,9031.0,95830.0,86320.0,3.0,0.0,0.5,1.5,106.912,0.163,0.1,21104255.5
2026-09-01T05:58:17,1.4,6333,1547350,1529768,0.4,0.00,2.64,0.00,10.55,0.00,0.00,0.00,9031.0,95830.0,86320.0,3.0,0.0,0.5,1.0,93.560,0.093,0.1,12513858.5
2026-09-01T05:58:18,0.6,6335,1547350,1529767,0.4,0.00,0.90,0.00,3.60,0.00,0.00,0.09,9031.0,95830.0,86320.0,0.0,0.0,0.5,1.0,109.626,0.093,0.1,12513858.5
2026-09-01T05:58:18,1.4,6336,1547350,1529766,0.4,0.00,3.68,0.00,14.71,0.00,0.00,0.00,9031.0,95830.0,86320.0,0.0,7.0,0.5,40.0,125.549,0.093,0.1,12513858.5
2026-09-01T05:58:19,1.3,6337,1547350,1529765,0.4,0.00,3.69,0.00,14.76,0.00,0.00,0.00,9031.0,95830.0,86320.0,0.0,7.0,0.5,38.5,149.832,0.093,0.1,12513858.5
2026-09-01T05:58:19,0.6,6337,1547350,1529765,0.4,0.00,1.36,0.00,5.42,0.00,0.00,0.00,9031.0,95830.0,86320.0,77.0,0.0,0.5,1.5,110.102,0.226,0.1,31281290.5
2026-09-01T05:58:20,0.7,6337,1547350,1529764,0.4,0.00,6.90,0.00,41.38,0.00,0.00,0.00,9031.0,95830.0,86320.0,69.0,0.0,0.5,1.5,110.957,0.226,0.1,31281290.5
2026-09-01T05:58:20,1.3,6338,1547350,1529763,0.4,0.00,1.43,0.00,5.71,0.00,0.00,0.00,9031.0,95830.0,86320.0,69.0,7.0,0.5,39.0,126.144,0.226,0.1,31281290.5
2026-09-01T05:58:21,1.3,6339,1547350,1529763,0.4,0.00,3.64,0.00,14.55,0.00,0.00,0.00,9031.0,95830.0,86320.0,69.0,7.0,0.5,38.5,130.957,0.232,0.2,28367645.0
2026-09-01T05:58:21,1.3,6339,1547350,1529763,0.4,0.00,2.56,0.00,10.26,0.00,0.00,0.00,9031.0,95830.0,86320.0,77.0,7.0,0.5,39.0,160.161,0.232,0.2,28367645.0
2026-09-01T05:58:21,1.3,6339,1547350,1529762,0.4,0.00,3.26,0.00,13.03,0.00,0.00,0.00,9031.0,95830.0,86320.0,77.0,7.0,0.5,40.0,161.167,0.232,0.2,28367645.0
2026-09-01T05:58:22,0.8,6339,1547350,1529763,0.4,0.00,3.52,0.00,14.08,0.00,0.00,0.00,9031.0,95830.0,86320.0,72.0,0.0,0.5,1.0,123.419,0.262,0.2,41279183.0
2026-09-01T05:58:22,0.6,6339,1547350,1529763,0.4,0.00,1.36,0.00,5.43,0.00,0.00,0.00,9031.0,95830.0,86320.0,0.0,0.0,0.5,1.0,108.102,0.262,0.2,41279183.0
2026-09-01T05:58:23,1.3,6341,1547350,1529761,0.4,0.00,0.94,0.00,3.75,0.00,0.00,0.00,9031.0,95830.0,86320.0,0.0,7.0,0.5,38.5,122.558,0.178,0.1,20829330.5
2026-09-01T05:58:24,0.7,6341,1547350,1529761,0.4,0.00,3.70,0.00,14.81,0.00,1.00,0.00,9031.0,95830.0,86320.0,67.0,0.0,0.5,14.0,118.695,0.178,0.1,20829330.5
2026-09-01T05:58:24,0.7,6340,1547350,1529761,0.4,0.00,1.33,0.00,5.31,0.00,0.00,0.00,9031.0,95830.0,86320.0,0.0,0.0,0.5,1.5,104.889,0.112,0.1,14295704.5
2026-09-01T05:58:25,0.7,6342,1547350,1529759,0.4,0.00,1.53,0.00,6.12,0.00,0.00,0.00,9031.0,95830.0,86320.0,0.0,0.0,0.5,1.5,101.869,0.112,0.1,14295704.5
2026-09-01T05:58:26,1.3,6343,1547350,1529758,0.4,0.00,1.23,0.00,4.93,0.00,0.00,0.00,9031.0,95830.0,86320.0,0.0,8.5,0.5,37.0,124.970,0.175,0.1,21379347.5
2026-09-01T05:58:26,1.3,6343,1547350,1529758,0.4,0.00,3.91,0.00,15.62,0.00,0.00,0.00,9031.0,95830.0,86320.0,0.0,7.0,0.5,41.0,132.400,0.175,0.1,21379347.5
2026-09-01T05:58:26,1.3,6343,1547350,1529759,0.4,0.00,3.38,0.00,13.51,0.00,0.00,0.00,9031.0,95830.0,86320.0,0.0,7.0,0.5,40.5,154.949,0.175,0.1,21379347.5
2026-09-01T05:58:27,1.4,6342,1547350,1529759,0.4,0.00,3.82,0.00,15.27,0.00,0.00,0.00,9031.0,95830.0,86320.0,81.0,7.5,0.5,41.0,163.313,0.175,0.1,21379347.5
2026-09-01T05:58:27,0.6,6343,1547350,1529759,0.4,0.00,1.44,0.00,5.77,0.00,0.00,0.00,9031.0,95830.0,86320.0,81.0,0.0,0.5,0.0,111.782,0.237,0.1,37065382.5
2026-09-01T05:58:28,0.7,6343,1547350,1529758,0.4,0.00,2.98,0.00,11.90,0.00,0.00,0.00,9031.0,95830.0,86320.0,0.0,0.0,0.5,1.5,99.380,0.237,0.1,37065382.5
2026-09-01T05:58:28,0.7,6343,1547350,1529759,0.4,0.00,1.79,0.00,7.16,0.00,0.00,0.00,9031.0,95830.0,86320.0,7.0,0.0,0.5,1.5,103.960,0.115,0.1,10173583.5
2026-09-01T05:58:29,1.4,6343,1547350,1529759,0.4,0.00,1.33,0.00,5.31,0.00,0.00,0.00,9031.0,95830.0,86320.0,7.0,7.0,0.5,40.5,128.566,0.115,0.1,10173583.5
2026-09-01T05:58:29,1.3,6343,1547350,1529758,0.4,0.00,3.91,0.00,15.62,0.00,0.00,0.00,9031.0,95830.0,86320.0,7.0,7.0,0.5,40.5,136.276,0.115,0.1,10173583.5
2026-09-01T05:58:30,1.4,6343,1547350,1529759,0.4,0.00,3.97,0.00,15.87,0.00,0.00,0.40,9031.0,95830.0,86320.0,7.0,7.5,0.5,41.0,160.243,0.115,0.1,10173583.5
2026-09-01T05:58:30,1.3,6342,1547350,1529759,0.4,0.00,3.64,0.00,14.55,0.00,0.00,0.00,9031.0,95830.0,86320.0,82.0,7.5,0.5,40.5,162.862,0.407,0.3,59276911.0
2026-09-01T05:58:30,1.3,6342,1547350,1529760,0.4,0.00,3.01,0.00,12.05,0.00,0.00,0.00,9031.0,95830.0,86320.0,82.0,7.5,0.5,40.5,164.175,0.407,0.3,59276911.0
2026-09-01T05:58:30,0.6,6342,1547350,1529760,0.4,0.00,3.61,0.00,14.44,0.00,0.00,0.00,9031.0,95830.0,86320.0,55.0,0.0,0.5,0.0,104.623,0.152,0.1,24099999.0
2026-09-01T05:58:31,0.6,6344,1547350,1529758,0.4,0.00,1.09,0.00,4.34,0.00,0.00,0.00,9031.0,95830.0,86320.0,28.0,1.5,0.5,6.5,118.739,0.152,0.1,24099999.0
2026-09-01T05:58:33,0.6,6343,1547350,1529758,0.4,0.00,0.79,0.00,3.16,0.00,0.00,0.00,9031.0,95830.0,86320.0,28.0,0.0,0.5,0.0,107.907,0.108,0.1,10317472.0
2026-09-01T05:58:33,0.8,6343,1547350,1529758,0.4,0.00,3.98,0.00,15.94,0.00,0.00,0.00,9031.0,95830.0,86320.0,3.0,0.0,0.5,1.0,109.880,0.108,0.1,10317472.0
2026-09-01T05:58:34,0.7,6345,1547350,1529757,0.4,0.00,1.32,0.00,5.26,0.00,0.00,0.00,9031.0,95830.0,86320.0,43.0,0.0,0.5,1.5,103.297,0.120,0.1,11698382.0
2026-09-01T05:58:34,1.3,6345,1547350,1529756,0.4,0.00,1.52,0.00,6.10,0.00,0.00,0.00,9031.0,95830.0,86320.0,43.0,8.0,0.5,34.5,122.307,0.120,0.1,11698382.0
2026-09-01T05:58:35,0.7,6344,1547350,1529757,0.4,0.00,2.59,0.00,10.36,0.00,0.00,0.00,9031.0,95830.0,86320.0,79.0,0.0,0.5,1.5,122.234,0.183,0.1,24213724.5
2026-09-01T05:58:35,1.4,6345,1547350,1529757,0.4,0.00,9.32,0.00,37.27,0.00,0.17,0.00,9031.0,95830.0,86320.0,79.0,7.5,0.5,32.0,121.250,0.183,0.1,24213724.5
2026-09-01T05:58:36,0.8,6345,1547350,1529756,0.4,0.00,3.44,0.00,13.75,0.00,0.00,0.00,9031.0,95830.0,86320.0,78.0,0.0,0.5,1.5,124.429,0.183,0.1,24213724.5
2026-09-01T05:58:36,1.3,6346,1547350,1529755,0.4,0.00,1.78,0.00,7.13,0.00,0.00,0.00,9031.0,95830.0,86320.0,78.0,4.5,0.5,19.0,128.630,0.213,0.1,25521577.0
2026-09-01T05:58:36,1.3,6346,1547350,1529756,0.4,0.00,3.79,0.00,15.15,0.00,0.00,0.00,9031.0,95830.0,86320.0,78.0,6.5,0.5,37.5,131.327,0.213,0.1,25521577.0
2026-09-01T05:58:37,1.3,6345,1547350,1529756,0.4,0.00,3.73,0.00,14.93,0.00,0.00,0.00,9031.0,95830.0,86320.0,75.0,7.0,0.5,38.0,153.927,0.213,0.1,25521577.0
2026-09-01T05:58:38,0.5,6346,1547350,1529756,0.4,0.00,1.13,0.00,4.51,0.00,0.00,0.00,9031.0,95830.0,86320.0,75.0,0.0,0.5,1.5,102.549,0.199,0.1,31167131.5
2026-09-01T05:58:38,0.7,6346,1547350,1529756,0.4,0.00,3.72,0.00,14.87,0.00,0.00,0.00,9031.0,95830.0,86320.0,3.0,0.0,0.5,0.0,106.463,0.199,0.1,31167131.5
2026-09-01T05:58:39,1.2,6345,1547350,1529756,0.4,0.00,1.26,0.00,5.06,0.00,0.00,0.00,9031.0,95830.0,86320.0,6.0,0.5,0.5,43.0,121.798,0.185,0.1,23142304.0
2026-09-01T05:58:39,1.4,6346,1547350,1529756,0.4,0.00,3.88,0.00,15.50,0.00,0.00,0.00,9031.0,95830.0,86320.0,6.0,7.0,0.5,39.0,135.353,0.185,0.1,23142304.0
2026-09-01T05:58:39,1.4,6345,1547350,1529756,0.4,0.00,3.28,0.00,13.11,0.00,0.00,0.00,9031.0,95830.0,86320.0,6.0,7.0,0.5,39.0,150.659,0.185,0.1,23142304.0
2026-09-01T05:58:40,1.3,6346,1547350,1529756,0.4,0.00,3.64,0.00,14.55,0.00,0.00,0.00,9031.0,95830.0,86320.0,6.0,7.0,0.5,40.0,161.228,0.185,0.1,23142304.0
2026-09-01T05:58:40,1.4,6346,1547350,1529755,0.4,0.00,3.98,0.00,15.94,0.00,0.00,0.00,9031.0,95830.0,86320.0,80.0,7.5,0.5,41.0,160.589,0.390,0.2,61532326.0
2026-09-01T05:58:40,0.6,6345,1547350,1529756,0.4,0.00,2.93,0.00,49.12,0.00,0.00,0.00,9031.0,95830.0,86320.0,80.0,0.0,0.5,1.0,115.392,0.390,0.2,61532326.0
2026-09-01T05:58:41,0.7,6346,1547350,1529756,0.4,0.00,3.89,0.00,15.56,0.00,0.00,0.00,9031.0,95830.0,86320.0,0.0,0.0,0.5,1.0,118.084,0.103,0.1,9895828.5
2026-09-01T05:58:42,1.3,6345,1547350,1529757,0.4,0.00,1.28,0.00,5.12,0.00,0.00,0.00,9031.0,95830.0,86320.0,0.0,7.5,0.5,31.5,128.719,0.103,0.1,9895828.5
2026-09-01T05:58:42,0.5,6347,1547350,1529755,0.4,0.00,1.47,0.00,5.90,0.00,0.00,0.00,9031.0,95830.0,86320.0,82.0,0.0,0.5,0.0,115.375,0.103,0.1,9895828.5
2026-09-01T05:58:43,0.7,6348,1547350,1529753,0.4,0.00,1.17,0.00,4.68,0.00,1.00,0.00,9031.0,95830.0,86320.0,62.0,0.0,0.5,1.5,110.684,0.117,0.1,16413183.0
2026-09-01T05:58:43,1.3,6349,1547350,1529753,0.4,0.00,4.13,0.00,16.53,0.00,0.00,0.00,9031.0,95830.0,86320.0,62.0,0.5,0.5,1.5,117.567,0.117,0.1,16413183.0
2026-09-01T05:58:44,1.3,6349,1547350,1529753,0.4,0.00,3.66,0.00,14.65,0.00,0.00,0.00,9031.0,95830.0,86320.0,62.0,7.0,0.5,40.5,131.986,0.117,0.1,16413183.0
2026-09-01T05:58:44,0.5,6350,1547350,1529752,0.4,0.00,1.25,0.00,4.99,0.00,0.00,0.00,9031.0,95830.0,86320.0,81.0,0.0,0.5,0.5,107.418,0.185,0.1,25710635.0
2026-09-01T05:58:45,1.4,6350,1547350,1529751,0.4,0.00,3.92,0.00,15.69,0.00,0.00,0.00,9031.0,95830.0,86320.0,81.0,5.0,0.5,21.0,107.731,0.185,0.1,25710635.0
2026-09-01T05:58:45,1.3,6351,1547350,1529750,0.4,0.00,3.80,0.00,15.21,0.00,0.00,0.00,9031.0,95830.0,86320.0,42.0,7.0,0.5,40.0,129.167,0.185,0.1,25710635.0
2026-09-01T05:58:46,0.5,6349,1547350,1529753,0.4,0.00,2.94,0.00,11.76,0.00,0.00,0.15,9031.0,95830.0,86320.0,42.0,0.0,0.5,1.0,116.139,0.197,0.1,27390894.0
2026-09-01T05:58:46,0.7,6350,1547350,1529752,0.4,0.00,4.02,0.00,16.06,0.00,0.00,0.00,9031.0,95830.0,86320.0,2.0,0.0,0.5,0.5,103.952,0.197,0.1,27390894.0
2026-09-01T05:58:46,1.3,6350,1547350,1529751,0.4,0.00,1.50,0.00,6.02,0.00,0.00,0.00,9031.0,95830.0,86320.0,2.0,8.5,0.5,42.5,132.282,0.197,0.1,27390894.0
2026-09-01T05:58:47,0.8,6351,1547350,1529751,0.4,0.00,3.01,0.00,12.05,0.00,0.00,0.00,9031.0,95830.0,86320.0,78.0,0.0,0.5,1.5,125.963,0.177,0.1,21699125.5
2026-09-01T05:58:47,0.6,6351,1547350,1529750,0.4,0.00,1.82,0.00,7.29,0.00,0.00,0.00,9031.0,95830.0,86320.0,0.0,0.0,0.5,1.5,110.389,0.177,0.1,21699125.5
2026-09-01T05:58:48,1.4,6351,1547350,1529750,0.4,0.00,1.18,0.00,4.70,0.00,0.00,0.00,9031.0,95830.0,86320.0,0.0,7.0,0.5,40.5,121.710,0.185,0.1,20940688.0
2026-09-01T05:58:48,1.4,6351,1547350,1529751,0.4,0.00,4.02,0.00,16.06,0.00,0.00,0.00,9031.0,95830.0,86320.0,0.0,7.0,0.5,40.5,140.708,0.185,0.1,20940688.0
2026-09-01T05:58:49,0.5,6349,1547350,1529752,0.4,0.00,1.34,0.00,5.35,0.00,0.00,0.00,9031.0,95830.0,86320.0,25.0,3.0,0.5,12.5,112.136,0.185,0.1,20940688.0
2026-09-01T05:58:49,1.3,6350,1547350,1529751,0.4,0.00,3.86,0.00,15.44,0.00,0.00,0.00,9031.0,95830.0,86320.0,25.0,7.5,0.5,40.5,112.077,0.195,0.1,27658778.5
2026-09-01T05:58:50,1.3,6350,1547350,1529751,0.4,0.00,3.70,0.00,14.81,0.00,0.00,0.37,9031.0,95830.0,86320.0,80.0,7.0,0.5,40.0,129.308,0.195,0.1,27658778.5
2026-09-01T05:58:50,1.4,6350,1547350,1529751,0.4,0.00,3.48,0.00,13.94,0.00,0.00,0.00,9031.0,95830.0,86320.0,80.0,7.0,0.5,40.0,151.806,0.195,0.1,27658778.5
2026-09-01T05:58:51,0.5,6349,1547350,1529752,0.4,0.00,1.15,0.00,4.59,0.00,0.00,0.00,9031.0,95830.0,86320.0,2.0,0.0,0.5,0.0,107.326,0.199,0.1,31045672.0
2026-09-01T05:58:51,1.3,6349,1547350,1529752,0.4,0.00,2.64,0.00,10.55,0.00,0.00,0.00,9031.0,95830.0,86320.0,2.0,7.5,0.5,41.0,118.250,0.199,0.1,31045672.0
2026-09-01T05:58:52,0.5,6350,1547350,1529751,0.4,0.00,1.20,0.00,4.78,0.00,0.00,0.00,9031.0,95830.0,86320.0,0.0,0.0,0.5,0.0,106.961,0.165,0.1,22343237.0
2026-09-01T05:58:52,1.3,6353,1547350,1529748,0.4,0.00,3.91,0.00,15.62,0.00,0.00,0.00,9111.0,95830.0,86240.0,34.0,0.0,0.5,0.0,113.245,0.165,0.1,22343237.0
2026-09-01T05:58:53,0.8,6355,1547350,1529747,0.4,0.00,1.45,0.00,5.79,0.00,1.00,0.00,9111.0,95830.0,86240.0,34.0,8.0,0.5,40.0,129.969,0.165,0.1,22343237.0
2026-09-01T05:58:53,1.3,6354,1547350,1529747,0.4,0.00,3.60,0.00,14.39,0.00,0.00,0.00,9111.0,95830.0,86240.0,34.0,6.5,0.5,37.0,129.578,0.243,0.2,31391813.0
2026-09-01T05:58:54,1.3,6356,1547350,1529746,0.4,0.00,3.41,0.00,13.65,0.00,0.00,0.34,9111.0,95830.0,86240.0,34.0,7.0,0.5,38.5,153.819,0.243,0.2,31391813.0
2026-09-01T05:58:54,1.4,6357,1547350,1529745,0.4,0.00,3.52,0.00,14.08,0.00,0.00,0.00,9111.0,95830.0,86240.0,77.0,7.0,0.5,38.0,156.421,0.243,0.2,31391813.0
2026-09-01T05:58:55,0.5,6356,1547350,1529745,0.4,0.00,1.55,0.00,6.19,0.00,0.00,0.00,9111.0,95830.0,86240.0,77.0,0.0,0.5,1.5,115.343,0.189,0.1,29717679.5
2026-09-01T05:58:55,1.3,6358,1547350,1529744,0.4,0.00,3.65,0.00,14.60,0.00,0.00,0.00,9111.0,95830.0,86240.0,3.0,7.0,0.5,40.0,118.907,0.189,0.1,29717679.5
2026-09-01T05:58:55,1.3,6357,1547350,1529744,0.4,0.00,3.88,0.00,15.50,0.00,0.00,0.00,9111.0,95830.0,86240.0,3.0,7.0,0.5,39.0,130.569,0.189,0.1,29717679.5
2026-09-01T05:58:55,1.4,6357,1547350,1529745,0.4,0.00,3.91,0.00,15.62,0.00,0.00,0.00,9111.0,95830.0,86240.0,3.0,7.0,0.5,38.5,153.379,0.189,0.1,29717679.5
2026-09-01T05:58:56,1.4,6357,1547350,1529744,0.4,0.00,6.64,0.00,26.58,0.00,0.00,0.00,9111.0,95830.0,86240.0,3.0,7.0,0.5,38.5,162.549,0.392,0.2,57236069.0
2026-09-01T05:58:56,0.8,6358,1547350,1529743,0.4,0.00,4.13,0.00,16.53,0.00,0.00,0.00,9111.0,95830.0,86240.0,77.0,0.0,0.5,1.0,128.330,0.392,0.2,57236069.0
2026-09-01T05:58:57,0.8,6357,1547350,1529744,0.4,0.00,1.51,0.00,6.02,0.00,0.00,0.00,9111.0,95830.0,86240.0,70.0,0.0,0.5,1.0,103.523,0.135,0.1,16665451.0
2026-09-01T05:58:57,1.3,6358,1547350,1529744,0.4,0.00,1.36,0.00,5.46,0.00,0.00,0.00,9111.0,95830.0,86240.0,70.0,7.0,0.5,40.5,136.578,0.135,0.1,16665451.0
2026-09-01T05:58:58,0.6,6357,1547350,1529744,0.4,0.00,4.02,0.00,16.06,0.00,0.00,0.00,9111.0,95830.0,86240.0,55.0,0.0,0.5,1.5,109.538,0.170,0.1,23796164.5
2026-09-01T05:58:58,1.3,6358,1547350,1529743,0.4,0.00,1.20,0.00,4.80,0.00,0.00,0.00,9111.0,95830.0,86240.0,55.0,8.0,0.5,35.0,113.398,0.170,0.1,23796164.5
2026-09-01T05:58:59,1.3,6358,1547350,1529744,0.4,0.00,3.80,0.00,15.21,0.00,0.00,0.00,9111.0,95830.0,86240.0,55.0,7.5,0.5,41.0,128.796,0.170,0.1,23796164.5
2026-09-01T05:58:59,0.8,6358,1547350,1529743,0.4,0.00,3.92,0.00,15.69,0.00,0.00,0.00,9111.0,95830.0,86240.0,82.0,0.0,0.5,1.0,125.941,0.249,0.2,35503022.5
2026-09-01T05:59:00,0.7,6358,1547350,1529743,0.4,0.00,1.23,0.00,4.93,0.00,0.00,0.00,9111.0,95830.0,86240.0,32.0,0.0,0.5,1.5,113.876,0.249,0.2,35503022.5
2026-09-01T05:59:01,0.7,6357,1547350,1529745,0.4,0.00,0.82,0.00,3.29,0.00,0.00,0.08,9111.0,95830.0,86240.0,16.0,0.0,0.5,0.0,103.653,0.108,0.1,11212864.0
2026-09-01T05:59:01,1.6,6366,1547350,1529736,0.4,0.00,2.74,0.00,10.96,0.00,0.00,0.00,9111.0,95830.0,86240.0,16.0,7.0,0.5,38.5,120.660,0.108,0.1,11212864.0
2026-09-01T05:59:02,1.4,6367,1547350,1529735,0.4,0.00,3.94,0.00,15.75,0.00,0.00,0.00,9111.0,95830.0,86240.0,16.0,7.0,0.5,38.5,134.814,0.108,0.1,11212864.0
2026-09-01T05:59:03,0.7,6367,1547350,1529735,0.4,0.00,0.85,0.00,3.39,0.00,0.00,0.00,9111.0,95830.0,86240.0,74.0,7.0,0.5,40.0,124.041,0.234,0.1,31602813.0
2026-09-01T05:59:04,0.7,6367,1547350,1529734,0.4,0.00,0.93,0.00,3.72,0.00,0.00,0.00,9111.0,95830.0,86240.0,0.0,0.0,0.5,1.0,113.809,0.167,0.1,26297489.5
2026-09-01T05:59:04,1.3,6368,1547350,1529733,0.4,0.00,4.17,0.00,16.67,0.00,1.00,0.00,9111.0,95830.0,86240.0,0.0,8.0,0.5,41.0,118.833,0.167,0.1,26297489.5
2026-09-01T05:59:04,1.3,6367,1547350,1529734,0.4,0.00,2.68,0.00,10.72,0.00,0.00,0.27,9111.0,95830.0,86240.0,0.0,7.0,0.5,40.5,143.238,0.167,0.1,26297489.5
2026-09-01T05:59:05,1.3,6368,1547350,1529734,0.4,0.00,3.30,0.00,13.20,0.00,0.00,0.00,9111.0,95830.0,86240.0,81.0,0.0,0.5,1.5,129.183,0.286,0.2,41142588.5
2026-09-01T05:59:05,0.7,6367,1547350,1529734,0.4,0.00,1.45,0.00,5.78,0.00,0.00,0.00,9111.0,95830.0,86240.0,40.0,0.0,0.5,0.0,108.380,0.286,0.2,41142588.5
2026-09-01T05:59:06,0.8,6367,1547350,1529734,0.4,0.00,2.82,0.00,11.27,0.00,0.00,0.00,9111.0,95830.0,86240.0,40.0,0.0,0.5,0.0,108.088,0.120,0.1,13222104.5
2026-09-01T05:59:07,0.7,6368,1547350,1529733,0.4,0.00,1.69,0.00,6.77,0.00,0.00,0.00,9111.0,95830.0,86240.0,6.0,0.0,0.5,0.0,112.270,0.120,0.1,13222104.5
2026-09-01T05:59:08,0.5,6368,1547350,1529734,0.4,0.00,1.12,0.00,4.48,0.00,0.00,0.00,9111.0,95830.0,86240.0,64.0,0.0,0.5,1.0,96.269,0.083,0.1,7857453.0
2026-09-01T05:59:09,0.8,6368,1547350,1529734,0.4,0.00,0.92,0.00,3.69,0.00,0.00,0.00,9111.0,95830.0,86240.0,36.0,0.0,0.5,0.0,108.966,0.083,0.1,7857453.0
2026-09-01T05:59:09,0.7,6368,1547350,1529734,0.4,0.00,1.51,0.00,6.02,0.00,0.00,0.00,9111.0,95830.0,86240.0,0.0,0.0,0.5,0.0,112.839,0.113,0.1,10732923.0
2026-09-01T05:59:10,0.6,6369,1547350,1529732,0.4,0.00,2.70,0.00,45.21,0.00,0.00,0.00,9111.0,95830.0,86240.0,0.0,0.0,0.5,0.0,103.981,0.113,0.1,10732923.0
2026-09-01T05:59:11,0.8,6367,1547350,1529735,0.4,0.00,1.17,0.00,4.68,0.00,0.00,0.12,9111.0,95830.0,86240.0,0.0,0.0,0.5,0.5,102.634,0.092,0.1,9534122.0
2026-09-01T05:59:12,1.0,6367,1547350,1529735,0.4,0.00,1.14,0.00,4.57,0.00,0.00,0.00,9111.0,95830.0,86240.0,2.0,7.0,0.5,30.0,114.968,0.092,0.1,9534122.0
2026-09-01T05:59:12,0.7,6366,1547350,1529735,0.4,0.00,3.53,0.00,14.13,0.00,0.00,0.00,9111.0,95830.0,86240.0,3.0,0.0,0.5,1.5,126.733,0.231,0.2,29414627.5
2026-09-01T05:59:14,0.6,6366,1547350,1529736,0.4,0.00,0.66,0.00,2.62,0.00,0.00,0.00,9111.0,95830.0,86240.0,3.0,2.0,0.5,8.0,106.269,0.231,0.2,29414627.5
2026-09-01T05:59:14,1.3,6367,1547350,1529735,0.4,0.00,3.61,0.00,14.44,0.00,0.00,0.00,9111.0,95830.0,86240.0,16.0,6.5,0.5,37.5,126.700,0.165,0.1,22379921.0
2026-09-01T05:59:14,1.3,6367,1547350,1529734,0.4,0.00,1.77,0.00,7.07,0.00,0.00,0.00,9111.0,95830.0,86240.0,0.0,0.0,0.5,1.0,126.442,0.165,0.1,22379921.0
2026-09-01T05:59:15,0.8,6367,1547350,1529734,0.4,0.00,1.39,0.00,5.56,0.00,0.00,0.00,9111.0,95830.0,86240.0,0.0,7.0,0.5,40.5,130.747,0.227,0.1,31644192.0
2026-09-01T05:59:16,0.6,6367,1547350,1529735,0.4,0.00,3.14,0.00,12.58,0.00,0.00,0.00,9111.0,95830.0,86240.0,0.0,0.0,0.5,1.0,115.980,0.227,0.1,31644192.0
2026-09-01T05:59:16,0.7,6366,1547350,1529735,0.4,0.00,1.12,0.00,4.49,0.00,0.00,0.00,9111.0,95830.0,86240.0,0.0,0.0,0.5,1.5,105.592,0.119,0.1,15572166.5
2026-09-01T05:59:17,0.7,6366,1547350,1529735,0.4,0.00,1.45,0.00,5.80,0.00,0.00,0.00,9111.0,95830.0,86240.0,0.0,0.0,0.5,1.5,103.162,0.119,0.1,15572166.5
2026-09-01T05:59:18,1.3,6368,1547350,1529734,0.4,0.00,1.44,0.00,5.75,0.00,1.00,0.00,9111.0,95830.0,86240.0,57.0,6.5,0.5,28.5,127.529,0.119,0.1,15572166.5
2026-09-01T05:59:19,0.5,6369,1547350,1529733,0.4,0.00,1.26,0.00,5.06,0.00,0.00,0.00,9111.0,95830.0,86240.0,57.0,0.0,0.5,1.5,111.710,0.113,0.1,13687727.0
2026-09-01T05:59:19,0.6,6369,1547350,1529733,0.4,0.00,3.80,0.00,15.21,0.00,0.00,0.00,9111.0,95830.0,86240.0,42.0,0.0,0.5,1.5,105.246,0.113,0.1,13687727.0
2026-09-01T05:59:20,0.8,6368,1547350,1529733,0.4,0.00,1.19,0.00,4.75,0.00,0.00,0.00,9111.0,95830.0,86240.0,31.0,0.0,0.5,1.5,108.892,0.127,0.1,13086417.5
2026-09-01T05:59:20,1.3,6368,1547350,1529734,0.4,0.00,1.32,0.00,5.27,0.00,0.00,0.00,9111.0,95830.0,86240.0,31.0,7.0,0.5,40.0,133.918,0.127,0.1,13086417.5
2026-09-01T05:59:21,1.3,6368,1547350,1529734,0.4,0.00,4.12,0.00,16.46,0.00,0.00,0.00,9111.0,95830.0,86240.0,31.0,7.0,0.5,40.0,138.377,0.127,0.1,13086417.5
2026-09-01T05:59:21,0.8,6369,1547350,1529733,0.4,0.00,3.86,0.00,15.44,0.00,0.00,0.00,9111.0,95830.0,86240.0,80.0,0.0,0.5,1.5,122.598,0.247,0.2,35487449.5
2026-09-01T05:59:22,1.3,6368,1547350,1529733,0.4,0.00,1.23,0.00,4.93,0.00,0.00,0.00,9111.0,95830.0,86240.0,3.0,9.5,0.5,42.5,125.540,0.247,0.2,35487449.5
2026-09-01T05:59:22,1.3,6368,1547350,1529734,0.4,0.00,3.73,0.00,14.93,0.00,0.00,0.00,9111.0,95830.0,86240.0,3.0,7.0,0.5,40.0,130.456,0.247,0.2,35487449.5
2026-09-01T05:59:22,1.4,6367,1547350,1529734,0.4,0.00,4.26,0.00,17.02,0.00,0.00,0.00,9111.0,95830.0,86240.0,3.0,7.0,0.5,39.5,153.722,0.247,0.2,35487449.5
2026-09-01T05:59:23,1.3,6367,1547350,1529734,0.4,0.00,3.82,0.00,15.27,0.00,0.00,0.00,9111.0,95830.0,86240.0,3.0,7.0,0.5,40.0,167.024,0.395,0.2,57871582.5
2026-09-01T05:59:23,1.4,6367,1547350,1529735,0.4,0.00,3.82,0.00,15.27,0.00,0.00,0.00,9111.0,95830.0,86240.0,80.0,7.0,0.5,39.5,164.225,0.395,0.2,57871582.5
2026-09-01T05:59:23,1.4,6366,1547350,1529735,0.4,0.00,4.20,0.00,16.81,0.00,0.00,0.00,9111.0,95830.0,86240.0,80.0,7.0,0.5,39.5,164.276,0.395,0.2,57871582.5
2026-09-01T05:59:24,0.4,6368,1547350,1529734,0.4,0.00,1.38,0.00,5.50,0.00,0.00,0.00,9111.0,95830.0,86240.0,3.0,0.0,0.5,0.0,110.162,0.158,0.1,25427708.5
2026-09-01T05:59:24,0.8,6369,1547350,1529733,0.4,0.00,2.64,0.00,10.55,0.00,0.00,0.00,9111.0,95830.0,86240.0,3.0,0.0,0.5,1.5,111.588,0.158,0.1,25427708.5
2026-09-01T05:59:25,1.3,6369,1547350,1529733,0.4,0.00,1.57,0.00,6.28,0.00,0.00,0.00,9111.0,95830.0,86240.0,3.0,8.0,0.5,35.5,128.565,0.211,0.1,24003231.5
2026-09-01T05:59:25,1.3,6368,1547350,1529733,0.4,0.00,3.40,0.00,13.61,0.00,0.00,0.00,9111.0,95830.0,86240.0,3.0,0.0,0.5,1.5,128.785,0.211,0.1,24003231.5
2026-09-01T05:59:26,0.8,6368,1547350,1529734,0.4,0.00,1.32,0.00,5.28,0.00,0.00,0.00,9111.0,95830.0,86240.0,3.0,6.0,0.5,25.0,128.680,0.203,0.1,27505506.0
2026-09-01T05:59:26,1.3,6367,1547350,1529734,0.4,0.00,3.76,0.00,15.04,0.00,0.00,0.00,9111.0,95830.0,86240.0,3.0,7.5,0.5,41.0,134.855,0.203,0.1,27505506.0
2026-09-01T05:59:27,0.6,6367,1547350,1529734,0.4,0.00,3.67,0.00,19.56,0.00,0.00,0.00,9111.0,95830.0,86240.0,0.0,0.0,0.5,0.0,113.005,0.173,0.1,27386705.5
2026-09-01T05:59:27,0.8,6367,1547350,1529734,0.4,0.00,3.94,0.00,15.75,0.00,0.00,0.00,9111.0,95830.0,86240.0,0.0,0.0,0.5,1.5,112.073,0.173,0.1,27386705.5
2026-09-01T05:59:28,1.4,6368,1547350,1529733,0.4,0.00,1.40,0.00,5.61,0.00,1.00,0.00,9111.0,95830.0,86240.0,3.0,5.5,0.5,21.0,133.581,0.173,0.1,27386705.5
2026-09-01T05:59:28,0.6,6368,1547350,1529734,0.4,0.00,3.86,0.00,15.44,0.00,0.00,0.00,9111.0,95830.0,86240.0,3.0,0.0,0.5,1.5,121.043,0.147,0.1,17421518.0
2026-09-01T05:59:29,1.3,6369,1547350,1529733,0.4,0.00,1.40,0.00,5.62,0.00,0.00,0.00,9111.0,95830.0,86240.0,3.0,5.0,0.5,21.0,120.949,0.147,0.1,17421518.0
2026-09-01T05:59:29,1.4,6369,1547350,1529732,0.4,0.00,3.50,0.00,13.99,0.00,0.00,0.00,9111.0,95830.0,86240.0,3.0,7.0,0.5,40.5,134.066,0.147,0.1,17421518.0
2026-09-01T05:59:29,0.7,6369,1547350,1529732,0.4,0.00,2.63,0.00,10.53,0.00,0.00,0.00,9111.0,95830.0,86240.0,29.0,0.0,0.5,0.0,123.043,0.242,0.2,34694017.0
2026-09-01T05:59:30,1.4,6370,1547350,1529732,0.4,0.00,1.59,0.00,6.36,0.00,0.00,0.00,9111.0,95830.0,86240.0,29.0,9.0,0.5,41.0,125.995,0.242,0.2,34694017.0
2026-09-01T05:59:31,0.5,6368,1547350,1529733,0.4,0.00,1.25,0.00,5.00,0.00,0.00,0.00,9111.0,95830.0,86240.0,0.0,0.0,0.5,0.0,108.405,0.132,0.1,16369878.0
2026-09-01T05:59:31,1.3,6368,1547350,1529734,0.4,0.00,4.00,0.00,16.00,0.00,0.00,0.00,9111.0,95830.0,86240.0,0.0,6.5,0.5,29.0,109.702,0.132,0.1,16369878.0
2026-09-01T05:59:31,0.8,6367,1547350,1529734,0.4,0.00,21.20,0.00,127.21,0.00,0.00,0.00,9111.0,95830.0,86240.0,35.0,0.0,0.5,0.5,127.436,0.132,0.1,16369878.0
2026-09-01T05:59:32,0.7,6368,1547350,1529734,0.4,0.00,1.63,0.00,6.50,0.00,0.00,0.00,9111.0,95830.0,86240.0,35.0,0.0,0.5,1.5,98.896,0.150,0.1,18771222.0
2026-09-01T05:59:33,1.3,6371,1547350,1529731,0.4,0.00,1.68,0.00,6.72,0.00,0.00,0.00,9111.0,95830.0,86240.0,35.0,5.0,0.5,19.0,126.276,0.150,0.1,18771222.0
2026-09-01T05:59:33,0.7,6372,1547350,1529730,0.4,0.00,3.76,0.00,15.04,0.00,0.00,0.00,9111.0,95830.0,86240.0,38.0,0.0,0.5,1.0,120.179,0.216,0.1,25994614.0
2026-09-01T05:59:35,0.6,6372,1547350,1529730,0.4,0.00,0.62,0.00,2.50,0.00,0.00,0.06,9111.0,95830.0,86240.0,2.0,0.0,0.5,1.0,100.868,0.216,0.1,25994614.0
2026-09-01T05:59:35,1.3,6372,1547350,1529729,0.4,0.00,3.39,0.00,13.56,0.00,1.00,0.00,9111.0,95830.0,86240.0,0.0,7.0,0.5,28.0,118.735,0.127,0.1,16406385.0
2026-09-01T05:59:35,0.7,6372,1547350,1529729,0.4,0.00,3.75,0.00,14.98,0.00,0.00,0.00,9111.0,95830.0,86240.0,0.0,0.0,0.5,0.0,130.003,0.127,0.1,16406385.0
2026-09-01T05:59:36,1.4,6372,1547350,1529729,0.4,0.00,1.64,0.00,6.57,0.00,0.00,0.00,9111.0,95830.0,86240.0,0.0,0.5,0.5,2.0,131.682,0.127,0.1,16406385.0
2026-09-01T05:59:36,1.3,6372,1547350,1529730,0.4,0.00,3.58,0.00,14.34,0.00,0.00,0.00,9111.0,95830.0,86240.0,4.0,7.0,0.5,38.0,131.823,0.226,0.1,31581743.0
2026-09-01T05:59:37,0.5,6370,1547350,1529731,0.4,0.00,1.30,0.00,5.18,0.00,0.00,0.00,9111.0,95830.0,86240.0,0.0,0.0,0.5,1.0,106.505,0.226,0.1,31581743.0
2026-09-01T05:59:37,1.3,6371,1547350,1529730,0.4,0.00,3.18,0.00,12.74,0.00,0.00,0.00,9111.0,95830.0,86240.0,0.0,6.0,0.5,23.5,116.113,0.133,0.1,16909810.5
2026-09-01T05:59:38,0.5,6371,1547350,1529731,0.4,0.00,1.32,0.00,5.26,0.00,0.00,0.00,9111.0,95830.0,86240.0,0.0,0.0,0.5,1.0,109.079,0.133,0.1,16909810.5
2026-09-01T05:59:38,0.8,6371,1547350,1529731,0.4,0.00,3.03,0.00,12.12,0.00,0.00,0.00,9111.0,95830.0,86240.0,0.0,5.0,0.5,19.0,116.047,0.099,0.1,12965722.5
2026-09-01T05:59:39,0.8,6372,1547350,1529729,0.4,0.00,1.05,0.00,4.20,0.00,0.00,0.00,9111.0,95830.0,86240.0,38.0,0.0,0.5,1.5,120.919,0.099,0.1,12965722.5
2026-09-01T05:59:40,1.4,6373,1547350,1529728,0.4,0.00,1.52,0.00,6.07,0.00,0.00,0.00,9111.0,95830.0,86240.0,42.0,5.5,0.5,21.0,122.465,0.202,0.1,24301018.0
2026-09-01T05:59:40,0.7,6373,1547350,1529729,0.4,0.00,3.48,0.00,13.94,0.00,0.00,0.00,9111.0,95830.0,86240.0,42.0,0.5,0.5,2.0,115.866,0.202,0.1,24301018.0
2026-09-01T05:59:41,1.3,6373,1547350,1529729,0.4,0.00,4.65,0.00,79.07,0.00,0.00,0.00,9111.0,95830.0,86240.0,42.0,10.0,0.5,45.0,127.192,0.202,0.1,24301018.0
2026-09-01T05:59:42,0.4,6372,1547350,1529730,0.4,0.00,1.51,0.00,6.05,0.00,0.00,0.00,9111.0,95830.0,86240.0,0.0,1.5,0.5,7.0,87.409,0.090,0.1,11878083.5
2026-09-01T05:59:42,0.7,6372,1547350,1529730,0.4,0.00,3.97,0.00,15.87,0.00,0.00,0.00,9111.0,95830.0,86240.0,3.0,0.0,0.5,1.5,103.194,0.090,0.1,11878083.5
2026-09-01T05:59:43,0.7,6376,1547350,1529726,0.4,0.00,1.33,0.00,5.31,0.00,0.00,0.00,9111.0,95830.0,86240.0,33.0,0.0,0.5,1.0,114.274,0.102,0.1,10371585.5
2026-09-01T05:59:45,0.7,6377,1547350,1529725,0.4,0.00,0.62,0.00,2.47,0.00,0.00,0.00,9111.0,95830.0,86240.0,59.0,0.0,0.5,1.5,115.879,0.102,0.1,10371585.5
2026-09-01T05:59:45,0.7,6378,1547350,1529723,0.4,0.00,1.34,0.00,5.35,0.00,0.00,0.00,9111.0,95830.0,86240.0,17.0,0.0,0.5,0.0,111.655,0.129,0.1,13120157.0
2026-09-01T05:59:46,1.4,6379,1547350,1529722,0.4,0.00,1.49,0.00,5.94,0.00,0.00,0.00,9111.0,95830.0,86240.0,17.0,9.0,0.5,42.0,128.225,0.129,0.1,13120157.0
2026-09-01T05:59:46,0.7,6378,1547350,1529723,0.4,0.00,3.66,0.00,14.65,0.00,1.00,0.00,9111.0,95830.0,86240.0,0.0,0.0,0.5,1.5,129.851,0.129,0.1,13120157.0
2026-09-01T05:59:47,1.3,6380,1547350,1529722,0.4,0.00,1.42,0.00,5.68,0.00,0.00,0.00,9111.0,95830.0,86240.0,0.0,7.0,0.5,39.0,128.929,0.240,0.2,31375984.0
2026-09-01T05:59:47,1.4,6379,1547350,1529722,0.4,0.00,3.94,0.00,15.75,0.00,0.00,0.00,9111.0,95830.0,86240.0,0.0,7.0,0.5,38.5,139.569,0.240,0.2,31375984.0
2026-09-01T05:59:48,0.6,6379,1547350,1529722,0.4,0.00,2.82,0.00,11.27,0.00,0.00,0.00,9111.0,95830.0,86240.0,75.0,0.0,0.5,1.0,119.525,0.172,0.1,27127401.0
2026-09-01T05:59:48,1.3,6381,1547350,1529720,0.4,0.00,1.32,0.00,5.28,0.00,0.00,0.00,9111.0,95830.0,86240.0,75.0,8.0,0.5,38.0,122.287,0.172,0.1,27127401.0
2026-09-01T05:59:49,1.3,6381,1547350,1529720,0.4,0.00,3.72,0.00,14.87,0.00,0.00,0.00,9111.0,95830.0,86240.0,75.0,7.0,0.5,40.5,136.698,0.172,0.1,27127401.0
2026-09-01T05:59:49,1.3,6381,1547350,1529721,0.4,0.00,3.52,0.00,14.08,0.00,0.00,0.00,9111.0,95830.0,86240.0,76.0,7.5,0.5,40.5,167.303,0.389,0.2,56651327.0
2026-09-01T05:59:49,0.6,6380,1547350,1529721,0.4,0.00,2.48,0.00,9.90,0.00,0.00,0.00,9111.0,95830.0,86240.0,0.0,0.0,0.5,1.5,127.203,0.389,0.2,56651327.0
2026-09-01T05:59:50,0.7,6380,1547350,1529721,0.4,0.00,1.58,0.00,6.31,0.00,0.00,0.00,9111.0,95830.0,86240.0,0.0,0.0,0.5,1.5,105.129,0.107,0.1,13014749.5
2026-09-01T05:59:51,0.7,6379,1547350,1529722,0.4,0.00,1.28,0.00,5.10,0.00,0.00,0.00,9111.0,95830.0,86240.0,3.0,0.0,0.5,1.5,106.843,0.107,0.1,13014749.5
2026-09-01T05:59:52,0.8,6379,1547350,1529723,0.4,0.00,1.25,0.00,5.01,0.00,0.00,0.00,9111.0,95830.0,86240.0,83.0,0.0,0.5,1.0,116.798,0.141,0.1,16389179.5
2026-09-01T05:59:52,1.3,6380,1547350,1529721,0.4,0.00,1.49,0.00,5.98,0.00,0.00,0.00,9111.0,95830.0,86240.0,83.0,3.0,0.5,13.0,129.660,0.141,0.1,16389179.5
2026-09-01T05:59:53,1.3,6381,1547350,1529721,0.4,0.00,1.81,0.00,7.26,0.00,0.00,0.00,9111.0,95830.0,86240.0,76.0,7.0,0.5,38.0,154.001,0.141,0.1,16389179.5
2026-09-01T05:59:53,1.4,6381,1547350,1529720,0.4,0.00,4.17,0.00,16.67,0.00,0.00,0.00,9111.0,95830.0,86240.0,76.0,7.0,0.5,38.0,164.246,0.366,0.2,53141660.0
2026-09-01T05:59:53,1.3,6381,1547350,1529721,0.4,0.00,4.08,0.00,16.33,0.00,0.00,0.00,9111.0,95830.0,86240.0,76.0,7.0,0.5,38.0,161.796,0.366,0.2,53141660.0
2026-09-01T05:59:54,0.6,6382,1547350,1529720,0.4,0.00,3.53,0.00,14.13,0.00,0.00,0.00,9111.0,95830.0,86240.0,78.0,0.0,0.5,1.5,114.549,0.154,0.1,24515453.5
2026-09-01T05:59:54,0.7,6381,1547350,1529721,0.4,0.00,1.16,0.00,4.63,0.00,0.00,0.00,9111.0,95830.0,86240.0,32.0,0.0,0.5,0.0,104.004,0.154,0.1,24515453.5
2026-09-01T05:59:55,0.6,6382,1547350,1529720,0.4,0.00,1.53,0.00,6.13,0.00,0.00,0.00,9111.0,95830.0,86240.0,32.0,0.0,0.5,0.0,105.902,0.108,0.1,10647598.0
2026-09-01T05:59:56,1.3,6382,1547350,1529719,0.4,0.00,1.18,0.00,4.71,0.00,0.00,0.00,9111.0,95830.0,86240.0,0.0,8.5,0.5,38.5,118.107,0.108,0.1,10647598.0
2026-09-01T05:59:56,0.7,6382,1547350,1529719,0.4,0.00,3.80,0.00,15.21,0.00,0.00,0.00,9111.0,95830.0,86240.0,0.0,0.0,0.5,0.0,126.707,0.108,0.1,10647598.0
2026-09-01T05:59:57,1.3,6386,1547350,1529716,0.4,0.00,1.42,0.00,5.67,0.00,0.00,0.00,9113.0,95830.0,86238.0,0.0,9.5,0.5,42.5,128.847,0.225,0.1,27785747.0
2026-09-01T05:59:57,1.4,6385,1547350,1529716,0.4,0.00,7.66,0.00,30.65,0.00,0.50,0.00,9113.0,95830.0,86238.0,0.0,7.0,0.5,40.0,130.208,0.225,0.1,27785747.0
2026-09-01T05:59:57,1.3,6385,1547350,1529716,0.4,0.00,3.86,0.00,15.44,0.00,0.00,0.00,9113.0,95830.0,86238.0,0.0,7.0,0.5,39.5,153.246,0.225,0.1,27785747.0
2026-09-01T05:59:58,1.3,6385,1547350,1529717,0.4,0.00,3.56,0.00,14.23,0.00,0.00,0.36,9113.0,95830.0,86238.0,0.0,7.0,0.5,40.0,165.745,0.225,0.1,27785747.0
2026-09-01T05:59:58,0.7,6384,1547350,1529717,0.4,0.00,3.92,0.00,15.69,0.00,0.00,0.00,9113.0,95830.0,86238.0,80.0,0.0,0.5,1.5,122.112,0.259,0.2,43443842.5
2026-09-01T05:59:59,1.3,6386,1547350,1529716,0.4,0.00,1.31,0.00,5.24,0.00,0.00,0.00,9113.0,95830.0,86238.0,0.0,10.0,0.5,44.0,125.435,0.259,0.2,43443842.5
2026-09-01T05:59:59,1.3,6385,1547350,1529716,0.4,0.00,4.10,0.00,16.39,0.00,0.00,0.00,9113.0,95830.0,86238.0,0.0,7.0,0.5,38.5,129.767,0.259,0.2,43443842.5
2026-09-01T05:59:59,1.3,6384,1547350,1529717,0.4,0.00,4.05,0.00,16.19,0.00,0.00,0.00,9113.0,95830.0,86238.0,0.0,7.0,0.5,39.0,154.331,0.259,0.2,43443842.5
2026-09-01T06:00:00,0.5,6383,1547350,1529718,0.4,0.00,1.19,0.00,4.75,0.00,0.00,0.00,9113.0,95830.0,86238.0,34.0,0.0,0.5,1.0,109.280,0.222,0.1,31555884.0
2026-09-01T06:00:00,1.4,6383,1547350,1529718,0.4,0.00,3.64,0.00,14.55,0.00,0.00,0.00,9113.0,95830.0,86238.0,34.0,9.5,0.5,42.5,124.298,0.222,0.1,31555884.0
2026-09-01T06:00:01,1.1,6406,1547350,1529696,0.4,0.00,2.28,0.00,9.13,0.00,0.00,0.00,9113.0,95830.0,86238.0,82.0,0.0,0.5,1.0,135.069,0.247,0.2,34462420.5
2026-09-01T06:00:01,1.0,6431,1547350,1529670,0.4,0.00,1.60,0.00,6.40,0.00,0.00,0.00,9113.0,95830.0,86238.0,64.0,0.0,0.5,0.0,112.880,0.247,0.2,34462420.5
2026-09-01T06:00:02,1.4,6387,1547350,1529714,0.4,0.00,1.83,0.00,7.31,0.00,0.00,0.00,9113.0,95830.0,86238.0,64.0,0.0,0.5,1.0,107.117,0.138,0.1,15387164.0
2026-09-01T06:00:03,1.3,6388,1547350,1529714,0.4,0.00,2.87,0.00,11.49,0.00,0.00,0.00,9113.0,95830.0,86238.0,2.0,5.0,0.5,19.0,133.355,0.138,0.1,15387164.0
2026-09-01T06:00:03,1.4,6388,1547350,1529714,0.4,0.00,3.79,0.00,15.15,0.00,0.00,0.00,9113.0,95830.0,86238.0,2.0,7.5,0.5,41.0,132.332,0.138,0.1,15387164.0
2026-09-01T06:00:03,0.7,6387,1547350,1529715,0.4,0.00,3.98,0.00,15.94,0.00,0.00,0.00,9113.0,95830.0,86238.0,27.0,0.0,0.5,0.0,124.566,0.238,0.2,33599105.5
2026-09-01T06:00:04,1.3,6386,1547350,1529716,0.4,0.00,1.21,0.00,4.85,0.00,0.00,0.00,9113.0,95830.0,86238.0,27.0,9.5,0.5,40.5,127.680,0.238,0.2,33599105.5
2026-09-01T06:00:05,1.3,6387,1547350,1529715,0.4,0.00,2.01,0.00,8.05,0.00,0.00,0.00,9113.0,95830.0,86238.0,27.0,7.5,0.5,40.5,160.365,0.238,0.2,33599105.5
2026-09-01T06:00:05,1.3,6386,1547350,1529715,0.4,0.00,3.92,0.00,15.69,0.00,0.00,0.00,9113.0,95830.0,86238.0,81.0,7.5,0.5,40.5,170.834,0.400,0.3,57747519.5
2026-09-01T06:00:05,1.3,6387,1547350,1529715,0.4,0.00,3.85,0.00,15.38,0.00,0.00,0.00,9113.0,95830.0,86238.0,81.0,7.5,0.5,40.5,168.357,0.400,0.3,57747519.5
2026-09-01T06:00:05,1.3,6387,1547350,1529715,0.4,0.00,3.94,0.00,15.75,0.00,0.00,0.00,9113.0,95830.0,86238.0,81.0,7.5,0.5,40.5,167.959,0.400,0.3,57747519.5
2026-09-01T06:00:06,0.5,6386,1547350,1529715,0.4,0.00,1.27,0.00,5.06,0.00,0.00,0.00,9113.0,95830.0,86238.0,56.0,0.5,0.5,2.0,118.441,0.201,0.1,32007274.0
2026-09-01T06:00:06,0.8,6386,1547350,1529716,0.4,0.00,3.85,0.00,15.38,0.00,0.00,0.00,9113.0,95830.0,86238.0,0.0,0.0,0.5,1.0,106.710,0.201,0.1,32007274.0
2026-09-01T06:00:07,0.7,6386,1547350,1529716,0.4,0.00,2.94,0.00,11.76,0.00,0.50,0.00,9113.0,95830.0,86238.0,0.0,1.5,0.5,6.5,107.191,0.119,0.1,11803567.5
2026-09-01T06:00:08,0.7,6388,1547350,1529714,0.4,0.00,1.39,0.00,5.58,0.00,0.00,0.00,9113.0,95830.0,86238.0,13.0,0.5,0.5,4.0,102.428,0.119,0.1,11803567.5
2026-09-01T06:00:09,0.7,6388,1547350,1529714,0.4,0.00,1.55,0.00,6.18,0.00,0.00,0.00,9113.0,95830.0,86238.0,0.0,0.0,0.5,1.0,107.609,0.107,0.1,9795049.5
2026-09-01T06:00:09,1.4,6388,1547350,1529713,0.4,0.00,1.61,0.00,6.42,0.00,0.00,0.00,9113.0,95830.0,86238.0,0.0,1.0,0.5,4.0,113.880,0.107,0.1,9795049.5
2026-09-01T06:00:10,0.8,6388,1547350,1529713,0.4,0.00,1.39,0.00,5.55,0.00,0.00,0.00,9113.0,95830.0,86238.0,8.0,9.0,0.5,43.5,133.229,0.107,0.1,9795049.5
2026-09-01T06:00:10,1.3,6388,1547350,1529713,0.4,0.00,4.02,0.00,16.06,0.00,0.00,0.00,9113.0,95830.0,86238.0,8.0,7.0,0.5,41.0,130.452,0.234,0.2,28375236.0
2026-09-01T06:00:11,0.5,6387,1547350,1529714,0.4,0.00,1.48,0.00,5.93,0.00,0.00,0.00,9113.0,95830.0,86238.0,3.0,2.5,0.5,11.0,116.195,0.234,0.2,28375236.0
2026-09-01T06:00:11,1.4,6388,1547350,1529714,0.4,0.00,38.17,0.00,288.17,0.00,0.00,0.00,9113.0,95830.0,86238.0,3.0,8.0,0.5,41.5,118.022,0.234,0.2,28375236.0
2026-09-01T06:00:11,1.4,6387,1547350,1529714,0.4,0.00,3.73,0.00,14.93,0.00,0.00,0.00,9113.0,95830.0,86238.0,3.0,7.0,0.5,40.0,132.990,0.183,0.1,25014877.0
2026-09-01T06:00:12,1.3,6387,1547350,1529715,0.4,0.00,2.48,0.00,9.90,0.00,0.00,0.00,9113.0,95830.0,86238.0,80.0,7.0,0.5,40.0,163.639,0.183,0.1,25014877.0
2026-09-01T06:00:12,1.4,6386,1547350,1529715,0.4,0.00,4.08,0.00,16.33,0.00,1.00,0.00,9113.0,95830.0,86238.0,80.0,7.0,0.5,40.5,166.225,0.183,0.1,25014877.0
2026-09-01T06:00:12,1.3,6386,1547350,1529715,0.4,0.00,4.00,0.00,16.00,0.00,0.00,0.00,9113.0,95830.0,86238.0,80.0,7.5,0.5,40.5,167.219,0.183,0.1,25014877.0
2026-09-01T06:00:13,0.7,6386,1547350,1529716,0.4,0.00,3.70,0.00,14.81,0.00,0.00,0.00,9113.0,95830.0,86238.0,59.0,3.5,0.5,14.5,124.187,0.279,0.2,43324584.5
2026-09-01T06:00:13,1.1,6385,1547350,1529717,0.4,0.00,1.16,0.00,4.65,0.00,0.00,0.00,9113.0,95830.0,86238.0,59.0,8.0,0.5,40.0,123.894,0.279,0.2,43324584.5
2026-09-01T06:00:14,1.3,6385,1547350,1529717,0.4,0.00,3.12,0.00,12.50,0.00,0.00,0.00,9113.0,95830.0,86238.0,59.0,7.0,0.5,39.0,144.915,0.279,0.2,43324584.5
2026-09-01T06:00:14,0.4,6385,1547350,1529716,0.4,0.00,1.44,0.00,5.76,0.00,0.00,0.00,9113.0,95830.0,86238.0,76.0,0.0,0.5,1.0,94.964,0.142,0.1,22506788.0
2026-09-01T06:00:15,1.3,6384,1547350,1529717,0.4,0.00,1.98,0.00,7.91,0.00,0.00,0.00,9113.0,95830.0,86238.0,2.0,9.0,0.5,42.5,111.349,0.142,0.1,22506788.0
2026-09-01T06:00:15,1.3,6385,1547350,1529717,0.4,0.00,4.02,0.00,16.06,0.00,0.00,0.00,9113.0,95830.0,86238.0,2.0,7.0,0.5,38.5,134.395,0.142,0.1,22506788.0
2026-09-01T06:00:15,1.3,6385,1547350,1529717,0.4,0.00,3.07,0.00,12.27,0.00,0.00,0.00,9113.0,95830.0,86238.0,2.0,7.0,0.5,39.5,165.971,0.142,0.1,22506788.0
2026-09-01T06:00:16,1.3,6387,1547350,1529715,0.4,0.00,2.80,0.00,11.20,0.00,0.00,0.00,9113.0,95830.0,86238.0,79.0,7.0,0.5,38.0,164.504,0.390,0.2,57440571.0
2026-09-01T06:00:16,0.7,6386,1547350,1529715,0.4,0.00,3.94,0.00,15.75,0.00,0.00,0.00,9113.0,95830.0,86238.0,79.0,0.0,0.5,0.0,128.260,0.390,0.2,57440571.0
2026-09-01T06:00:17,0.8,6386,1547350,1529716,0.4,0.00,1.57,0.00,6.28,0.00,0.00,0.00,9113.0,95830.0,86238.0,24.0,6.5,0.5,29.5,132.058,0.142,0.1,16530236.0
2026-09-01T06:00:18,1.3,6386,1547350,1529715,0.4,0.00,0.98,0.00,3.93,0.00,0.00,0.00,9113.0,95830.0,86238.0,80.0,7.0,0.5,40.0,137.613,0.142,0.1,16530236.0
2026-09-01T06:00:18,1.3,6387,1547350,1529715,0.4,0.00,3.89,0.00,15.56,0.00,0.00,0.00,9113.0,95830.0,86238.0,80.0,7.0,0.5,40.0,160.919,0.142,0.1,16530236.0
2026-09-01T06:00:18,1.4,6386,1547350,1529715,0.4,0.00,3.39,0.00,13.56,0.00,0.00,0.00,9113.0,95830.0,86238.0,80.0,7.0,0.5,40.0,164.760,0.142,0.1,16530236.0
2026-09-01T06:00:19,0.8,6386,1547350,1529715,0.4,0.00,1.12,0.00,4.47,0.00,0.00,0.00,9113.0,95830.0,86238.0,14.0,9.0,0.5,42.0,126.224,0.278,0.2,40950595.5
2026-09-01T06:00:19,1.3,6386,1547350,1529715,0.4,0.00,3.86,0.00,15.44,0.00,0.00,0.00,9113.0,95830.0,86238.0,14.0,7.0,0.5,39.0,135.468,0.278,0.2,40950595.5
2026-09-01T06:00:20,0.5,6387,1547350,1529714,0.4,0.00,1.26,0.00,5.05,0.00,0.00,0.00,9113.0,95830.0,86238.0,76.0,0.0,0.5,1.5,109.796,0.135,0.1,21267519.0
2026-09-01T06:00:20,1.3,6387,1547350,1529714,0.4,0.00,3.98,0.00,15.94,0.00,0.00,0.00,9113.0,95830.0,86238.0,76.0,9.5,0.5,43.5,125.442,0.135,0.1,21267519.0
2026-09-01T06:00:21,0.8,6388,1547350,1529713,0.4,0.00,2.52,0.00,10.08,0.00,0.00,0.00,9113.0,95830.0,86238.0,87.0,0.0,0.5,0.0,134.867,0.205,0.1,27306911.0
2026-09-01T06:00:22,1.4,6389,1547350,1529713,0.4,0.00,1.39,0.00,5.54,0.00,0.00,0.00,9113.0,95830.0,86238.0,87.0,9.0,0.5,42.0,131.631,0.205,0.1,27306911.0
2026-09-01T06:00:22,1.3,6389,1547350,1529713,0.4,0.00,4.20,0.00,16.81,0.00,0.00,0.00,9113.0,95830.0,86238.0,84.0,7.0,0.5,39.5,135.719,0.205,0.1,27306911.0
2026-09-01T06:00:22,0.6,6388,1547350,1529714,0.4,0.00,4.12,0.00,16.46,0.00,0.00,0.00,9113.0,95830.0,86238.0,84.0,0.0,0.5,1.5,118.882,0.225,0.1,31842891.5
2026-09-01T06:00:23,1.4,6387,1547350,1529714,0.4,0.00,1.21,0.00,4.84,0.00,0.00,0.00,9113.0,95830.0,86238.0,3.0,8.5,0.5,41.5,120.782,0.225,0.1,31842891.5
2026-09-01T06:00:23,0.7,6387,1547350,1529715,0.4,0.00,3.68,0.00,14.71,0.00,0.00,0.00,9113.0,95830.0,86238.0,3.0,0.0,0.5,0.0,125.880,0.180,0.1,25218079.0
2026-09-01T06:00:24,0.8,6387,1547350,1529714,0.4,0.00,1.43,0.00,5.73,0.00,0.00,0.00,9113.0,95830.0,86238.0,0.0,0.0,0.5,0.0,119.131,0.180,0.1,25218079.0
2026-09-01T06:00:25,0.6,6388,1547350,1529713,0.4,0.00,0.78,0.00,3.10,0.00,1.00,0.00,9113.0,95830.0,86238.0,69.0,0.0,0.5,1.0,105.989,0.102,0.1,11075296.0
2026-09-01T06:00:25,1.4,6388,1547350,1529713,0.4,0.00,4.35,0.00,17.39,0.00,0.00,0.00,9113.0,95830.0,86238.0,69.0,5.5,0.5,22.5,117.044,0.102,0.1,11075296.0
2026-09-01T06:00:26,0.8,6387,1547350,1529715,0.4,0.00,4.15,0.00,16.60,0.00,0.00,0.00,9113.0,95830.0,86238.0,82.0,0.0,0.5,0.0,123.986,0.102,0.1,11075296.0
2026-09-01T06:00:26,1.3,6387,1547350,1529715,0.4,0.00,1.56,0.00,6.26,0.00,0.00,0.00,9113.0,95830.0,86238.0,82.0,2.5,0.5,10.5,136.166,0.245,0.2,30443666.0
2026-09-01T06:00:27,1.4,6386,1547350,1529716,0.4,0.00,3.95,0.00,15.81,0.00,0.00,0.00,9113.0,95830.0,86238.0,82.0,7.0,0.5,40.5,145.734,0.245,0.2,30443666.0
2026-09-01T06:00:27,1.4,6386,1547350,1529715,0.4,0.00,2.79,0.00,11.17,0.00,0.00,0.00,9113.0,95830.0,86238.0,81.0,7.5,0.5,41.0,161.284,0.245,0.2,30443666.0
2026-09-01T06:00:27,1.3,6387,1547350,1529715,0.4,0.00,3.86,0.00,15.44,0.00,0.00,0.00,9113.0,95830.0,86238.0,81.0,7.0,0.5,40.5,168.380,0.245,0.2,30443666.0
2026-09-01T06:00:27,0.7,6387,1547350,1529715,0.4,0.00,7.97,0.00,47.81,0.00,0.00,0.00,9113.0,95830.0,86238.0,0.0,0.0,0.5,1.5,131.324,0.280,0.2,40876589.5
2026-09-01T06:00:28,0.8,6387,1547350,1529715,0.4,0.00,1.36,0.00,5.46,0.00,0.00,0.00,9113.0,95830.0,86238.0,0.0,0.0,0.5,1.5,136.097,0.280,0.2,40876589.5
2026-09-01T06:00:29,1.3,6387,1547350,1529715,0.4,0.00,1.16,0.00,4.66,0.00,0.00,0.12,9113.0,95830.0,86238.0,3.0,7.0,0.5,40.0,134.962,0.233,0.1,32414431.5
2026-09-01T06:00:29,1.4,6387,1547350,1529715,0.4,0.00,3.94,0.00,15.75,0.00,0.00,0.00,9113.0,95830.0,86238.0,3.0,7.0,0.5,40.0,154.248,0.233,0.1,32414431.5
2026-09-01T06:00:30,0.5,6386,1547350,1529715,0.4,0.00,1.48,0.00,5.93,0.00,0.00,0.00,9113.0,95830.0,86238.0,2.0,0.0,0.5,0.0,109.775,0.126,0.1,20075985.0
2026-09-01T06:00:30,0.8,6387,1547350,1529714,0.4,0.00,2.93,0.00,11.73,0.00,0.00,0.00,9113.0,95830.0,86238.0,2.0,0.0,0.5,1.0,112.264,0.126,0.1,20075985.0
2026-09-01T06:00:31,1.3,6387,1547350,1529715,0.4,0.00,1.46,0.00,5.86,0.00,0.00,0.00,9113.0,95830.0,86238.0,2.0,8.5,0.5,37.0,131.302,0.126,0.1,20075985.0
2026-09-01T06:00:31,0.6,6388,1547350,1529714,0.4,0.00,3.45,0.00,13.79,0.00,0.00,0.00,9113.0,95830.0,86238.0,2.0,0.5,0.5,2.0,122.579,0.149,0.1,18146990.5
2026-09-01T06:00:32,1.4,6389,1547350,1529712,0.4,0.00,1.46,0.00,5.86,0.00,0.00,0.00,9113.0,95830.0,86238.0,4.0,10.0,0.5,44.0,126.390,0.149,0.1,18146990.5
2026-09-01T06:00:32,1.3,6389,1547350,1529712,0.4,0.00,3.73,0.00,14.93,0.00,0.00,0.00,9113.0,95830.0,86238.0,4.0,7.5,0.5,41.0,140.711,0.149,0.1,18146990.5
2026-09-01T06:00:33,1.3,6388,1547350,1529713,0.4,0.00,2.24,0.00,8.97,0.00,0.00,0.00,9113.0,95830.0,86238.0,4.0,7.5,0.5,40.5,171.935,0.410,0.3,59660732.0
2026-09-01T06:00:33,1.4,6388,1547350,1529714,0.4,0.00,395.68,0.00,2460.43,0.00,0.14,0.00,9113.0,95830.0,86238.0,81.0,7.5,0.5,40.5,170.695,0.410,0.3,59660732.0
2026-09-01T06:00:33,1.3,6389,1547350,1529712,0.4,0.00,3.89,0.00,15.56,0.00,0.00,0.00,9113.0,95830.0,86238.0,81.0,7.5,0.5,41.0,171.036,0.410,0.3,59660732.0
2026-09-01T06:00:33,0.7,6388,1547350,1529714,0.4,0.00,3.69,0.00,14.76,0.00,0.00,0.00,9113.0,95830.0,86238.0,2.0,3.5,0.5,13.5,134.540,0.255,0.2,40311851.0
2026-09-01T06:00:34,1.3,6389,1547350,1529713,0.4,0.00,1.61,0.00,6.43,0.00,0.00,0.00,9113.0,95830.0,86238.0,2.0,8.5,0.5,42.0,136.434,0.255,0.2,40311851.0
2026-09-01T06:00:34,1.4,6389,1547350,1529713,0.4,0.00,4.03,0.00,16.13,0.00,0.00,0.00,9113.0,95830.0,86238.0,2.0,7.0,0.5,40.0,137.032,0.255,0.2,40311851.0
2026-09-01T06:00:35,1.3,6389,1547350,1529713,0.4,0.00,3.33,0.00,13.33,0.00,1.00,0.00,9113.0,95830.0,86238.0,2.0,7.0,0.5,40.0,159.595,0.255,0.2,40311851.0
2026-09-01T06:00:35,1.3,6389,1547350,1529713,0.4,0.00,2.96,0.00,11.83,0.00,0.00,0.00,9113.0,95830.0,86238.0,80.0,7.0,0.5,40.0,165.942,0.385,0.2,56171787.0
2026-09-01T06:00:36,0.6,6387,1547350,1529714,0.4,0.00,1.10,0.00,4.42,0.00,0.00,0.00,9113.0,95830.0,86238.0,2.0,1.0,0.5,4.0,112.291,0.385,0.2,56171787.0
2026-09-01T06:00:36,0.8,6388,1547350,1529714,0.4,0.00,3.58,0.00,14.34,0.00,0.00,0.00,9113.0,95830.0,86238.0,2.0,1.0,0.5,6.5,108.171,0.080,0.1,10029789.0
2026-09-01T06:00:37,1.4,6387,1547350,1529714,0.4,0.00,1.77,0.00,7.08,0.00,0.00,0.00,9113.0,95830.0,86238.0,2.0,9.5,0.5,43.5,127.373,0.080,0.1,10029789.0
2026-09-01T06:00:37,1.4,6388,1547350,1529713,0.4,0.00,3.98,0.00,15.94,0.00,0.00,0.00,9113.0,95830.0,86238.0,87.0,0.0,0.5,1.5,132.426,0.080,0.1,10029789.0
2026-09-01T06:00:38,0.9,6389,1547350,1529713,0.4,0.00,1.48,0.00,5.91,0.00,0.00,0.00,9113.0,95830.0,86238.0,87.0,7.0,0.5,40.0,135.748,0.271,0.2,34611615.0
2026-09-01T06:00:38,1.2,6388,1547350,1529714,0.4,0.00,2.95,0.00,11.80,0.00,0.00,0.00,9113.0,95830.0,86238.0,45.0,7.0,0.5,40.0,142.090,0.271,0.2,34611615.0
2026-09-01T06:00:38,1.3,6387,1547350,1529714,0.4,0.00,4.20,0.00,16.81,0.00,0.00,0.00,9113.0,95830.0,86238.0,45.0,7.0,0.5,40.0,157.959,0.271,0.2,34611615.0
2026-09-01T06:00:38,1.3,6388,1547350,1529714,0.4,0.00,3.77,0.00,15.09,0.00,0.00,0.00,9113.0,95830.0,86238.0,45.0,7.0,0.5,40.0,167.803,0.271,0.2,34611615.0
2026-09-01T06:00:39,0.5,6387,1547350,1529714,0.4,0.00,1.35,0.00,5.41,0.00,0.00,0.00,9113.0,95830.0,86238.0,80.0,0.0,0.5,1.5,113.379,0.207,0.1,32904027.5
2026-09-01T06:00:39,1.3,6388,1547350,1529714,0.4,0.00,3.94,0.00,15.75,0.00,0.00,0.00,9113.0,95830.0,86238.0,80.0,7.5,0.5,40.0,116.032,0.207,0.1,32904027.5
2026-09-01T06:00:40,1.3,6388,1547350,1529714,0.4,0.00,3.83,0.00,15.33,0.00,0.00,0.38,9113.0,95830.0,86238.0,80.0,7.0,0.5,39.5,131.102,0.207,0.1,32904027.5
2026-09-01T06:00:40,0.7,6388,1547350,1529714,0.4,0.00,3.85,0.00,15.38,0.00,0.00,0.00,9113.0,95830.0,86238.0,80.0,0.0,0.5,1.0,129.862,0.228,0.1,30543897.0
2026-09-01T06:00:41,1.3,6389,1547350,1529712,0.4,0.00,1.66,0.00,6.66,0.00,0.00,0.00,9113.0,95830.0,86238.0,80.0,7.0,0.5,40.0,132.876,0.228,0.1,30543897.0
2026-09-01T06:00:41,0.6,6388,1547350,1529713,0.4,0.00,78.88,0.00,793.89,0.00,0.13,0.00,9113.0,95830.0,86238.0,2.0,7.0,0.5,40.5,120.928,0.203,0.1,27898370.0
2026-09-01T06:00:42,0.8,6389,1547350,1529713,0.4,0.00,0.73,0.00,2.92,0.00,0.00,0.00,9113.0,95830.0,86238.0,0.0,0.0,0.5,0.0,126.407,0.203,0.1,27898370.0
2026-09-01T06:00:43,0.7,6388,1547350,1529713,0.4,0.00,2.49,0.00,9.95,0.00,0.00,0.00,9113.0,95830.0,86238.0,0.0,0.0,0.5,1.5,110.108,0.111,0.1,14916982.5
2026-09-01T06:00:44,1.3,6388,1547350,1529714,0.4,0.00,1.18,0.00,4.72,0.00,0.00,0.00,9113.0,95830.0,86238.0,0.0,7.5,0.5,31.5,120.238,0.111,0.1,14916982.5
2026-09-01T06:00:44,1.3,6388,1547350,1529713,0.4,0.00,4.12,0.00,16.46,0.00,0.00,0.00,9113.0,95830.0,86238.0,0.0,7.0,0.5,40.0,133.267,0.111,0.1,14916982.5
2026-09-01T06:00:44,1.3,6388,1547350,1529714,0.4,0.00,4.02,0.00,16.06,0.00,0.00,0.00,9113.0,95830.0,86238.0,0.0,7.0,0.5,40.0,157.503,0.111,0.1,14916982.5
2026-09-01T06:00:45,0.8,6386,1547350,1529716,0.4,0.00,4.02,0.00,16.06,0.00,0.00,0.00,9113.0,95830.0,86238.0,80.0,0.0,0.5,1.5,135.532,0.269,0.2,39081671.5
2026-09-01T06:00:46,0.8,6388,1547350,1529714,0.4,0.00,1.26,0.00,5.04,0.00,0.00,0.00,9113.0,95830.0,86238.0,81.0,0.0,0.5,0.0,125.172,0.269,0.2,39081671.5
2026-09-01T06:00:46,0.8,6389,1547350,1529713,0.4,0.00,1.32,0.00,5.30,0.00,1.00,0.00,9113.0,95830.0,86238.0,0.0,0.0,0.5,1.5,117.694,0.151,0.1,18389473.5
2026-09-01T06:00:47,1.3,6390,1547350,1529712,0.4,0.00,1.06,0.00,4.26,0.00,0.00,0.00,9113.0,95830.0,86238.0,0.0,7.5,0.5,40.5,127.838,0.151,0.1,18389473.5
2026-09-01T06:00:47,1.4,6390,1547350,1529711,0.4,0.00,3.62,0.00,14.49,0.00,0.00,0.00,9113.0,95830.0,86238.0,0.0,7.0,0.5,39.0,153.219,0.151,0.1,18389473.5
2026-09-01T06:00:48,1.3,6391,1547350,1529710,0.4,0.00,3.42,0.00,13.70,0.00,0.00,0.00,9113.0,95830.0,86238.0,79.0,7.0,0.5,39.0,168.388,0.151,0.1,18389473.5
2026-09-01T06:00:48,0.8,6391,1547350,1529711,0.4,0.00,2.71,0.00,10.84,0.00,0.00,0.00,9113.0,95830.0,86238.0,79.0,0.0,0.5,0.0,134.208,0.286,0.2,42149617.5
2026-09-01T06:00:49,1.3,6391,1547350,1529711,0.4,0.00,1.71,0.00,6.85,0.00,0.00,0.00,9113.0,95830.0,86238.0,3.0,0.0,0.5,0.0,113.533,0.286,0.2,42149617.5
2026-09-01T06:00:49,0.6,6390,1547350,1529711,0.4,0.00,1.30,0.00,5.22,0.00,0.00,0.00,9113.0,95830.0,86238.0,69.0,0.0,0.5,0.0,105.744,0.129,0.1,14774041.5
2026-09-01T06:00:50,1.3,6391,1547350,1529710,0.4,0.00,1.62,0.00,6.49,0.00,0.00,0.00,9113.0,95830.0,86238.0,69.0,0.0,0.5,1.0,134.286,0.129,0.1,14774041.5
2026-09-01T06:00:50,0.6,6391,1547350,1529710,0.4,0.00,3.03,0.00,12.12,0.00,0.00,0.00,9113.0,95830.0,86238.0,0.0,0.0,0.5,1.5,124.249,0.129,0.1,14774041.5
2026-09-01T06:00:51,1.3,6391,1547350,1529711,0.4,0.00,1.79,0.00,7.17,0.00,0.00,0.00,9113.0,95830.0,86238.0,0.0,6.0,0.5,24.0,132.308,0.232,0.2,28560654.5
2026-09-01T06:00:51,1.4,6391,1547350,1529711,0.4,0.00,4.08,0.00,16.33,0.00,0.00,0.00,9113.0,95830.0,86238.0,0.0,7.5,0.5,41.0,135.760,0.232,0.2,28560654.5
2026-09-01T06:00:52,1.3,6391,1547350,1529710,0.4,0.00,3.82,0.00,15.27,0.00,0.00,0.00,9113.0,95830.0,86238.0,0.0,7.5,0.5,40.5,152.401,0.232,0.2,28560654.5
2026-09-01T06:00:52,0.5,6391,1547350,1529711,0.4,0.00,1.49,0.00,5.98,0.00,0.00,0.00,9113.0,95830.0,86238.0,82.0,0.0,0.5,0.0,119.593,0.184,0.1,29388838.5
2026-09-01T06:00:52,1.3,6391,1547350,1529710,0.4,0.00,4.10,0.00,16.39,0.00,0.00,0.00,9113.0,95830.0,86238.0,60.0,0.0,0.5,0.0,112.588,0.184,0.1,29388838.5
2026-09-01T06:00:53,0.6,6392,1547350,1529710,0.4,0.00,1.36,0.00,5.45,0.00,0.00,0.00,9113.0,95830.0,86238.0,60.0,0.0,0.5,6.0,125.828,0.149,0.1,14703394.5
2026-09-01T06:00:54,1.4,6391,1547350,1529710,0.4,0.00,1.18,0.00,4.73,0.00,0.00,0.00,9113.0,95830.0,86238.0,0.0,9.0,0.5,41.0,129.128,0.149,0.1,14703394.5
2026-09-01T06:00:54,1.3,6392,1547350,1529710,0.4,0.00,3.97,0.00,15.87,0.00,0.00,0.00,9113.0,95830.0,86238.0,0.0,7.0,0.5,40.0,146.117,0.149,0.1,14703394.5
2026-09-01T06:00:55,1.3,6392,1547350,1529710,0.4,0.00,3.65,0.00,14.60,0.00,0.00,0.36,9113.0,95830.0,86238.0,0.0,7.5,0.5,40.5,161.161,0.149,0.1,14703394.5
2026-09-01T06:00:55,0.7,6392,1547350,1529709,0.4,0.00,3.83,0.00,15.33,0.00,0.00,0.00,9113.0,95830.0,86238.0,81.0,0.5,0.5,2.0,133.178,0.264,0.2,41333438.0
2026-09-01T06:00:55,1.3,6394,1547350,1529707,0.4,0.00,1.53,0.00,6.13,0.00,0.00,0.00,9113.0,95830.0,86238.0,81.0,7.5,0.5,39.5,134.452,0.264,0.2,41333438.0
2026-09-01T06:00:56,0.8,6395,1547350,1529707,0.4,0.00,2.06,0.00,8.25,0.00,0.00,0.00,9205.0,95830.0,86146.0,79.0,0.0,0.5,0.0,131.968,0.235,0.2,31951197.0
2026-09-01T06:00:57,1.3,6394,1547350,1529707,0.4,0.00,1.50,0.00,5.99,0.00,0.00,0.00,9205.0,95830.0,86146.0,79.0,7.0,0.5,39.0,133.643,0.235,0.2,31951197.0
2026-09-01T06:00:57,0.6,6393,1547350,1529708,0.4,0.00,1.32,0.00,5.28,0.00,0.00,0.00,9205.0,95830.0,86146.0,78.0,0.0,0.5,0.5,119.917,0.148,0.1,19360673.0
2026-09-01T06:00:58,1.4,6394,1547350,1529708,0.4,0.00,3.89,0.00,15.56,0.00,1.00,0.00,9205.0,95830.0,86146.0,78.0,6.5,0.5,37.5,120.909,0.148,0.1,19360673.0
2026-09-01T06:00:59,0.7,6394,1547350,1529708,0.4,0.00,1.07,0.00,4.28,0.00,0.00,0.00,9205.0,95830.0,86146.0,75.0,5.0,0.5,20.0,121.118,0.168,0.1,18783142.5
2026-09-01T06:00:59,1.4,6393,1547350,1529709,0.4,0.00,4.35,0.00,17.39,0.00,0.00,0.00,9205.0,95830.0,86146.0,78.0,7.0,0.5,39.0,128.754,0.168,0.1,18783142.5
2026-09-01T06:00:59,1.3,6394,1547350,1529708,0.4,0.00,3.52,0.00,14.08,0.00,0.00,0.00,9205.0,95830.0,86146.0,78.0,7.0,0.5,40.0,153.163,0.168,0.1,18783142.5
2026-09-01T06:00:59,1.4,6394,1547350,1529708,0.4,0.00,3.51,0.00,14.04,0.00,0.00,0.00,9205.0,95830.0,86146.0,78.0,7.0,0.5,38.5,166.484,0.168,0.1,18783142.5
2026-09-01T06:01:00,1.3,6393,1547350,1529708,0.4,0.00,4.00,0.00,16.00,0.00,0.00,0.00,9205.0,95830.0,86146.0,78.0,7.0,0.5,39.0,166.345,0.386,0.2,59923077.5
2026-09-01T06:01:00,0.8,6393,1547350,1529708,0.4,0.00,2.48,0.00,9.93,0.00,0.00,0.00,9205.0,95830.0,86146.0,78.0,2.5,0.5,10.5,130.624,0.386,0.2,59923077.5
2026-09-01T06:01:01,0.9,6401,1547350,1529700,0.4,0.00,1.25,0.00,4.99,0.00,0.00,0.00,9205.0,95830.0,86146.0,83.0,0.0,0.5,1.5,119.725,0.150,0.1,21190416.5
2026-09-01T06:01:02,0.6,6402,1547350,1529700,0.4,0.00,1.22,0.00,4.90,0.00,0.00,0.12,9205.0,95830.0,86146.0,63.0,0.0,0.5,1.5,112.561,0.111,0.1,11771912.0
2026-09-01T06:01:03,1.3,6402,1547350,1529700,0.4,0.00,0.87,0.00,3.48,0.00,0.00,0.00,9205.0,95830.0,86146.0,82.0,7.5,0.5,41.0,133.998,0.111,0.1,11771912.0
2026-09-01T06:01:03,0.8,6402,1547350,1529700,0.4,0.00,3.22,0.00,12.86,0.00,0.00,0.00,9205.0,95830.0,86146.0,82.0,0.5,0.5,3.0,136.130,0.262,0.2,35733480.0
2026-09-01T06:01:04,1.3,6404,1547350,1529698,0.4,0.00,2.22,0.00,8.89,0.00,0.00,0.00,9205.0,95830.0,86146.0,84.0,7.0,0.5,38.5,134.230,0.262,0.2,35733480.0
2026-09-01T06:01:04,1.3,6403,1547350,1529698,0.4,0.00,4.02,0.00,16.06,0.00,0.00,0.00,9205.0,95830.0,86146.0,84.0,7.0,0.5,39.0,156.306,0.262,0.2,35733480.0
2026-09-01T06:01:04,1.4,6403,1547350,1529699,0.4,0.00,3.88,0.00,15.50,0.00,0.00,0.00,9205.0,95830.0,86146.0,84.0,7.0,0.5,38.5,169.208,0.262,0.2,35733480.0
2026-09-01T06:01:05,1.3,6404,1547350,1529698,0.4,0.00,3.36,0.00,13.42,0.00,0.00,0.00,9205.0,95830.0,86146.0,77.0,7.0,0.5,39.5,163.039,0.384,0.2,60290718.0
2026-09-01T06:01:05,0.5,6403,1547350,1529698,0.4,0.00,1.43,0.00,5.71,0.00,0.00,0.14,9205.0,95830.0,86146.0,77.0,0.0,0.5,0.0,117.877,0.384,0.2,60290718.0
2026-09-01T06:01:06,1.3,6403,1547350,1529698,0.4,0.00,3.89,0.00,15.56,0.00,0.00,0.00,9205.0,95830.0,86146.0,0.0,8.5,0.5,37.5,124.668,0.149,0.1,18998924.5
2026-09-01T06:01:06,0.8,6403,1547350,1529699,0.4,0.00,2.72,0.00,10.90,0.00,0.00,0.00,9205.0,95830.0,86146.0,0.0,0.0,0.5,1.0,135.268,0.149,0.1,18998924.5
2026-09-01T06:01:07,1.4,6403,1547350,1529699,0.4,0.00,1.57,0.00,6.27,0.00,0.00,0.00,9205.0,95830.0,86146.0,2.0,9.0,0.5,40.0,135.364,0.214,0.1,29106431.0
2026-09-01T06:01:08,0.5,6403,1547350,1529699,0.4,0.00,1.21,0.00,4.85,0.00,0.00,0.00,9205.0,95830.0,86146.0,2.0,0.0,0.5,1.5,118.953,0.214,0.1,29106431.0
2026-09-01T06:01:08,1.3,6402,1547350,1529699,0.4,0.00,3.70,0.00,14.81,0.00,0.00,0.00,9205.0,95830.0,86146.0,3.0,5.5,0.5,20.0,122.421,0.147,0.1,17266637.5
2026-09-01T06:01:08,0.8,6404,1547350,1529698,0.4,0.00,3.55,0.00,14.18,0.00,0.00,0.00,9205.0,95830.0,86146.0,3.0,0.0,0.5,1.5,134.519,0.147,0.1,17266637.5
2026-09-01T06:01:09,1.4,6402,1547350,1529699,0.4,0.00,3.17,0.00,12.70,0.00,0.50,0.16,9205.0,95830.0,86146.0,3.0,8.5,0.5,37.0,137.282,0.223,0.1,29459184.0
2026-09-01T06:01:09,1.3,6402,1547350,1529700,0.4,0.00,2.94,0.00,11.76,0.00,0.00,0.00,9205.0,95830.0,86146.0,3.0,7.0,0.5,39.5,144.457,0.223,0.1,29459184.0
2026-09-01T06:01:09,1.3,6403,1547350,1529698,0.4,0.00,3.94,0.00,15.75,0.00,0.00,0.00,9205.0,95830.0,86146.0,3.0,7.5,0.5,40.0,159.331,0.223,0.1,29459184.0
2026-09-01T06:01:10,1.3,6404,1547350,1529697,0.4,0.00,3.64,0.00,14.55,0.00,0.00,0.00,9205.0,95830.0,86146.0,3.0,7.0,0.5,39.0,168.945,0.223,0.1,29459184.0
2026-09-01T06:01:10,1.4,6404,1547350,1529697,0.4,0.00,3.73,0.00,14.93,0.00,0.00,0.00,9205.0,95830.0,86146.0,78.0,7.0,0.5,38.5,168.823,0.390,0.2,61346204.0
2026-09-01T06:01:10,0.7,6404,1547350,1529697,0.4,0.00,3.72,0.00,14.87,0.00,0.00,0.00,9205.0,95830.0,86146.0,78.0,0.0,0.5,1.5,124.569,0.390,0.2,61346204.0
2026-09-01T06:01:11,0.7,6403,1547350,1529698,0.4,0.00,11.66,0.00,128.21,0.00,0.10,0.00,9205.0,95830.0,86146.0,3.0,0.0,0.5,0.5,119.224,0.135,0.1,17612724.5
2026-09-01T06:01:12,1.4,6399,1547350,1529703,0.4,0.00,1.41,0.00,5.63,0.00,0.00,0.00,9205.0,95830.0,86146.0,30.0,8.5,0.5,41.0,137.875,0.135,0.1,17612724.5
2026-09-01T06:01:12,1.4,6400,1547350,1529702,0.4,0.00,3.09,0.00,12.35,0.00,0.00,0.00,9205.0,95830.0,86146.0,30.0,7.0,0.5,40.0,144.921,0.135,0.1,17612724.5
2026-09-01T06:01:12,0.8,6399,1547350,1529703,0.4,0.00,3.76,0.00,15.04,0.00,0.00,0.00,9205.0,95830.0,86146.0,30.0,0.0,0.5,1.5,134.625,0.260,0.2,37269737.5
2026-09-01T06:01:13,0.8,6400,1547350,1529702,0.4,0.00,1.41,0.00,5.64,0.00,0.00,0.00,9205.0,95830.0,86146.0,0.0,0.0,0.5,1.0,107.822,0.260,0.2,37269737.5
2026-09-01T06:01:14,0.7,6400,1547350,1529702,0.4,0.00,1.25,0.00,5.01,0.00,0.00,0.00,9205.0,95830.0,86146.0,0.0,0.5,0.5,2.0,117.300,0.107,0.1,10929639.0
2026-09-01T06:01:14,1.3,6401,1547350,1529701,0.4,0.00,1.61,0.00,6.43,0.00,0.00,0.00,9205.0,95830.0,86146.0,0.0,4.5,0.5,17.5,133.815,0.107,0.1,10929639.0
2026-09-01T06:01:15,0.6,6400,1547350,1529702,0.4,0.00,3.28,0.00,13.11,0.00,0.00,0.00,9205.0,95830.0,86146.0,82.0,0.0,0.5,0.0,130.421,0.107,0.1,10929639.0
2026-09-01T06:01:15,0.7,6401,1547350,1529701,0.4,0.00,1.66,0.00,6.64,0.00,0.00,0.00,9205.0,95830.0,86146.0,19.0,0.0,0.5,0.5,111.088,0.153,0.1,17593678.5
2026-09-01T06:01:16,0.7,6402,1547350,1529700,0.4,0.00,1.25,0.00,4.99,0.00,0.00,0.00,9205.0,95830.0,86146.0,19.0,0.0,0.5,1.0,107.657,0.153,0.1,17593678.5
2026-09-01T06:01:17,1.4,6402,1547350,1529699,0.4,0.00,1.47,0.00,5.87,0.00,0.00,0.00,9205.0,95830.0,86146.0,2.0,4.5,0.5,18.5,134.640,0.205,0.1,26410997.0
2026-09-01T06:01:17,1.3,6402,1547350,1529699,0.4,0.00,3.23,0.00,12.90,0.00,0.00,0.00,9205.0,95830.0,86146.0,2.0,7.5,0.5,41.0,141.838,0.205,0.1,26410997.0
2026-09-01T06:01:17,1.4,6401,1547350,1529701,0.4,0.00,4.13,0.00,16.53,0.00,0.00,0.00,9205.0,95830.0,86146.0,2.0,7.5,0.5,41.0,158.022,0.205,0.1,26410997.0
2026-09-01T06:01:18,0.7,6400,1547350,1529701,0.4,0.00,4.05,0.00,16.19,0.00,0.00,0.00,9205.0,95830.0,86146.0,80.0,0.0,0.5,1.5,124.357,0.228,0.1,34191967.5
2026-09-01T06:01:18,1.3,6400,1547350,1529701,0.4,0.00,1.20,0.00,4.81,0.00,0.00,0.00,9205.0,95830.0,86146.0,80.0,3.5,0.5,13.5,128.242,0.228,0.1,34191967.5
2026-09-01T06:01:19,1.3,6400,1547350,1529702,0.4,0.00,3.31,0.00,13.25,0.00,0.00,0.00,9205.0,95830.0,86146.0,83.0,7.0,0.5,39.5,148.552,0.228,0.1,34191967.5
2026-09-01T06:01:20,0.5,6401,1547350,1529701,0.4,0.00,1.31,0.00,5.22,0.00,0.00,0.00,9205.0,95830.0,86146.0,83.0,0.0,0.5,1.5,121.264,0.205,0.1,30523785.0
2026-09-01T06:01:20,0.7,6400,1547350,1529701,0.4,0.00,3.94,0.00,15.75,0.00,0.00,0.00,9205.0,95830.0,86146.0,0.0,0.0,0.5,1.0,109.714,0.205,0.1,30523785.0
2026-09-01T06:01:20,0.8,6401,1547350,1529701,0.4,0.00,1.48,0.00,5.93,0.00,0.00,0.00,9205.0,95830.0,86146.0,51.0,0.0,0.5,0.0,109.885,0.127,0.1,12404975.5
2026-09-01T06:01:21,1.3,6401,1547350,1529700,0.4,0.00,1.42,0.00,5.68,0.00,0.00,0.00,9205.0,95830.0,86146.0,51.0,7.5,0.5,31.0,133.447,0.127,0.1,12404975.5
2026-09-01T06:01:21,1.4,6402,1547350,1529700,0.4,0.00,3.73,0.00,14.93,0.00,0.00,0.00,9205.0,95830.0,86146.0,51.0,7.0,0.5,38.0,141.105,0.127,0.1,12404975.5
2026-09-01T06:01:22,0.7,6401,1547350,1529700,0.4,0.00,3.73,0.00,14.93,0.00,0.00,0.00,9205.0,95830.0,86146.0,76.0,0.0,0.5,0.5,131.103,0.232,0.1,33286228.0
2026-09-01T06:01:22,0.7,6402,1547350,1529700,0.4,0.00,1.77,0.00,7.08,0.00,0.00,0.00,9205.0,95830.0,86146.0,3.0,0.0,0.5,1.5,111.266,0.232,0.1,33286228.0
2026-09-01T06:01:23,1.4,6402,1547350,1529700,0.4,0.00,1.20,0.00,4.80,0.00,0.00,0.00,9205.0,95830.0,86146.0,3.0,6.5,0.5,37.5,131.663,0.199,0.1,22500269.0
2026-09-01T06:01:23,1.3,6402,1547350,1529699,0.4,0.00,3.89,0.00,15.56,0.00,0.00,0.00,9205.0,95830.0,86146.0,3.0,7.0,0.5,39.5,146.384,0.199,0.1,22500269.0
2026-09-01T06:01:24,1.3,6402,1547350,1529700,0.4,0.00,4.03,0.00,16.13,0.00,1.00,0.00,9205.0,95830.0,86146.0,3.0,6.0,0.5,34.5,162.287,0.199,0.1,22500269.0
2026-09-01T06:01:24,0.5,6402,1547350,1529699,0.4,0.00,1.62,0.00,6.47,0.00,0.00,0.00,9205.0,95830.0,86146.0,69.0,1.5,0.5,7.5,122.683,0.209,0.1,33079357.5
2026-09-01T06:01:24,1.3,6402,1547350,1529700,0.4,0.00,3.75,0.00,14.98,0.00,0.00,0.00,9205.0,95830.0,86146.0,69.0,8.5,0.5,40.5,125.648,0.209,0.1,33079357.5
2026-09-01T06:01:25,0.6,6403,1547350,1529699,0.4,0.00,1.06,0.00,4.22,0.00,0.00,0.00,9205.0,95830.0,86146.0,75.0,0.5,0.5,3.0,107.028,0.132,0.1,17724399.5
2026-09-01T06:01:26,1.3,6403,1547350,1529699,0.4,0.00,3.55,0.00,14.18,0.00,0.00,0.00,9205.0,95830.0,86146.0,75.0,9.5,0.5,43.5,116.851,0.132,0.1,17724399.5
2026-09-01T06:01:26,1.3,6403,1547350,1529699,0.4,0.00,2.54,0.00,10.18,0.00,0.00,0.00,9205.0,95830.0,86146.0,87.0,7.5,0.5,40.5,148.005,0.132,0.1,17724399.5
2026-09-01T06:01:27,0.8,6402,1547350,1529700,0.4,0.00,2.14,0.00,8.55,0.00,0.00,0.00,9205.0,95830.0,86146.0,0.0,0.5,0.5,2.0,129.499,0.284,0.2,41001046.5
2026-09-01T06:01:27,1.4,6402,1547350,1529700,0.4,0.00,1.60,0.00,6.41,0.00,0.00,0.00,9205.0,95830.0,86146.0,0.0,7.0,0.5,40.0,132.373,0.284,0.2,41001046.5
2026-09-01T06:01:27,1.3,6402,1547350,1529699,0.4,0.00,3.72,0.00,14.87,0.00,0.00,0.00,9205.0,95830.0,86146.0,0.0,7.0,0.5,40.5,143.981,0.284,0.2,41001046.5
2026-09-01T06:01:28,1.4,6401,1547350,1529700,0.4,0.00,3.57,0.00,14.29,0.00,0.00,0.00,9205.0,95830.0,86146.0,81.0,7.5,0.5,41.0,174.008,0.369,0.2,53277260.5
2026-09-01T06:01:28,1.3,6402,1547350,1529700,0.4,0.00,2.19,0.00,8.75,0.00,0.00,0.00,9205.0,95830.0,86146.0,81.0,7.0,0.5,40.5,170.752,0.369,0.2,53277260.5
2026-09-01T06:01:28,0.7,6402,1547350,1529700,0.4,0.00,3.83,0.00,15.33,0.00,0.00,0.00,9205.0,95830.0,86146.0,2.0,0.0,0.5,1.0,133.834,0.369,0.2,53277260.5
2026-09-01T06:01:29,1.3,6401,1547350,1529700,0.4,0.00,1.58,0.00,6.34,0.00,0.00,0.00,9205.0,95830.0,86146.0,2.0,7.0,0.5,39.5,134.690,0.257,0.2,39835881.0
2026-09-01T06:01:29,1.3,6401,1547350,1529700,0.4,0.00,3.79,0.00,15.15,0.00,0.00,0.00,9205.0,95830.0,86146.0,2.0,7.0,0.5,39.5,141.738,0.257,0.2,39835881.0
2026-09-01T06:01:30,0.7,6401,1547350,1529701,0.4,0.00,3.91,0.00,15.62,0.00,0.00,0.00,9205.0,95830.0,86146.0,35.0,0.5,0.5,4.0,131.392,0.257,0.2,39835881.0
2026-09-01T06:01:30,1.4,6400,1547350,1529701,0.4,0.00,1.49,0.00,5.94,0.00,0.00,0.00,9205.0,95830.0,86146.0,35.0,9.0,0.5,43.5,133.600,0.238,0.2,34155961.5
2026-09-01T06:01:31,1.3,6400,1547350,1529701,0.4,0.00,4.03,0.00,16.13,0.00,0.00,0.00,9205.0,95830.0,86146.0,35.0,7.0,0.5,40.5,138.447,0.238,0.2,34155961.5
2026-09-01T06:01:31,0.8,6401,1547350,1529701,0.4,0.00,3.76,0.00,15.04,0.00,0.00,0.00,9205.0,95830.0,86146.0,81.0,0.5,0.5,2.5,135.487,0.230,0.1,31807201.0
2026-09-01T06:01:32,1.3,6402,1547350,1529700,0.4,0.00,1.11,0.00,4.45,0.00,0.00,0.00,9205.0,95830.0,86146.0,81.0,7.0,0.5,40.0,136.317,0.230,0.1,31807201.0
2026-09-01T06:01:32,1.4,6402,1547350,1529700,0.4,0.00,4.39,0.00,17.54,0.00,0.00,0.00,9205.0,95830.0,86146.0,87.0,7.0,0.5,39.5,153.837,0.230,0.1,31807201.0
2026-09-01T06:01:32,1.3,6401,1547350,1529700,0.4,0.00,3.52,0.00,14.08,0.00,0.00,0.00,9205.0,95830.0,86146.0,87.0,7.5,0.5,40.5,173.772,0.230,0.1,31807201.0
2026-09-01T06:01:32,1.3,6401,1547350,1529701,0.4,0.00,3.69,0.00,14.76,0.00,0.00,0.00,9205.0,95830.0,86146.0,87.0,7.5,0.5,41.0,172.035,0.399,0.2,62571306.5
2026-09-01T06:01:33,0.9,6402,1547350,1529699,0.4,0.00,2.33,0.00,9.32,0.00,0.00,0.00,9205.0,95830.0,86146.0,82.0,0.5,0.5,2.0,131.181,0.399,0.2,62571306.5
2026-09-01T06:01:34,1.3,6402,1547350,1529699,0.4,0.00,1.11,0.00,4.45,0.00,0.00,0.00,9205.0,95830.0,86146.0,4.0,9.5,0.5,42.0,134.190,0.259,0.2,37527971.0
2026-09-01T06:01:34,1.4,6402,1547350,1529700,0.4,0.00,3.04,0.00,12.16,0.00,1.00,0.00,9205.0,95830.0,86146.0,4.0,7.5,0.5,40.5,156.763,0.259,0.2,37527971.0
2026-09-01T06:01:34,1.3,6402,1547350,1529699,0.4,0.00,25.18,0.00,115.11,0.00,0.00,0.00,9205.0,95830.0,86146.0,4.0,7.5,0.5,40.5,172.537,0.259,0.2,37527971.0
2026-09-01T06:01:35,0.7,6401,1547350,1529700,0.4,0.00,3.72,0.00,14.87,0.00,0.00,0.00,9205.0,95830.0,86146.0,82.0,0.0,0.5,0.0,132.423,0.239,0.1,36693910.5
2026-09-01T06:01:35,0.7,6402,1547350,1529700,0.4,0.00,1.71,0.00,6.83,0.00,0.00,0.00,9205.0,95830.0,86146.0,0.0,0.0,0.5,1.5,113.792,0.239,0.1,36693910.5
2026-09-01T06:01:36,0.7,6402,1547350,1529699,0.4,0.00,1.08,0.00,4.31,0.00,0.00,0.00,9205.0,95830.0,86146.0,0.0,0.0,0.5,0.0,109.400,0.107,0.1,12054256.0
2026-09-01T06:01:37,1.4,6405,1547350,1529696,0.4,0.00,1.43,0.00,5.72,0.00,0.00,0.14,9205.0,95830.0,86146.0,0.0,9.5,0.5,42.5,139.805,0.107,0.1,12054256.0
2026-09-01T06:01:37,1.4,6406,1547350,1529696,0.4,0.00,2.75,0.00,10.99,0.00,0.00,0.00,9205.0,95830.0,86146.0,0.0,7.0,0.5,40.0,144.742,0.107,0.1,12054256.0
2026-09-01T06:01:38,0.4,6406,1547350,1529696,0.4,0.00,1.38,0.00,5.53,0.00,0.00,0.00,9205.0,95830.0,86146.0,14.0,0.0,0.5,1.0,112.576,0.199,0.1,27830986.0
2026-09-01T06:01:38,1.3,6404,1547350,1529697,0.4,0.00,3.40,0.00,13.61,0.00,0.00,0.00,9205.0,95830.0,86146.0,14.0,8.0,0.5,40.5,118.215,0.199,0.1,27830986.0
2026-09-01T06:01:39,1.4,6404,1547350,1529698,0.4,0.00,3.80,0.00,15.21,0.00,0.00,0.00,9205.0,95830.0,86146.0,14.0,7.0,0.5,40.0,134.389,0.199,0.1,27830986.0
2026-09-01T06:01:39,1.4,6403,1547350,1529698,0.4,0.00,4.12,0.00,16.46,0.00,0.00,0.00,9205.0,95830.0,86146.0,80.0,7.0,0.5,39.5,155.581,0.199,0.1,27830986.0
2026-09-01T06:01:39,0.4,6403,1547350,1529699,0.4,0.00,5.86,0.00,23.43,0.00,0.25,0.00,9205.0,95830.0,86146.0,80.0,0.0,0.5,1.5,118.438,0.209,0.1,30231031.0
2026-09-01T06:01:40,1.4,6403,1547350,1529699,0.4,0.00,3.65,0.00,14.60,0.00,0.00,0.00,9205.0,95830.0,86146.0,0.0,8.0,0.5,38.0,118.826,0.209,0.1,30231031.0
2026-09-01T06:01:40,1.4,6402,1547350,1529699,0.4,0.00,4.03,0.00,16.13,0.00,0.00,0.00,9205.0,95830.0,86146.0,0.0,7.0,0.5,39.5,140.172,0.209,0.1,30231031.0
2026-09-01T06:01:40,1.4,6402,1547350,1529700,0.4,0.00,3.64,0.00,14.55,0.00,0.00,0.00,9205.0,95830.0,86146.0,0.0,7.0,0.5,39.5,163.674,0.209,0.1,30231031.0
2026-09-01T06:01:41,1.3,6401,1547350,1529701,0.4,0.00,4.00,0.00,16.00,0.00,0.00,0.00,9205.0,95830.0,86146.0,0.0,7.0,0.5,40.0,171.365,0.388,0.2,56072680.0
2026-09-01T06:01:41,1.3,6402,1547350,1529700,0.4,0.00,3.88,0.00,15.50,0.00,0.00,0.00,9205.0,95830.0,86146.0,80.0,7.0,0.5,39.5,170.424,0.388,0.2,56072680.0
2026-09-01T06:01:41,1.4,6401,1547350,1529700,0.4,0.00,3.98,0.00,15.94,0.00,0.00,0.00,9205.0,95830.0,86146.0,80.0,7.0,0.5,39.5,169.880,0.388,0.2,56072680.0
2026-09-01T06:01:41,1.4,6401,1547350,1529701,0.4,0.00,4.08,0.00,16.33,0.00,0.00,0.00,9205.0,95830.0,86146.0,80.0,7.0,0.5,40.0,170.565,0.388,0.2,56072680.0
2026-09-01T06:01:42,0.7,6401,1547350,1529700,0.4,0.00,11.15,0.00,154.28,0.00,0.00,0.00,9205.0,95830.0,86146.0,54.0,0.0,0.5,0.0,133.275,0.268,0.2,45162256.5
2026-09-01T06:01:42,1.4,6400,1547350,1529701,0.4,0.00,1.59,0.00,6.35,0.00,0.00,0.00,9205.0,95830.0,86146.0,54.0,9.0,0.5,42.0,136.663,0.268,0.2,45162256.5
2026-09-01T06:01:42,1.3,6400,1547350,1529701,0.4,0.00,3.97,0.00,15.87,0.00,0.00,0.00,9205.0,95830.0,86146.0,54.0,7.0,0.5,39.5,143.267,0.268,0.2,45162256.5
2026-09-01T06:01:43,1.3,6401,1547350,1529701,0.4,0.00,2.83,0.00,11.33,0.00,0.00,0.00,9205.0,95830.0,86146.0,80.0,7.0,0.5,40.0,167.005,0.268,0.2,45162256.5
2026-09-01T06:01:43,0.9,6401,1547350,1529700,0.4,0.00,3.86,0.00,15.44,0.00,0.00,0.00,9205.0,95830.0,86146.0,80.0,0.0,0.5,0.0,133.925,0.291,0.2,42966812.5
2026-09-01T06:01:44,0.8,6400,1547350,1529701,0.4,0.00,1.42,0.00,5.67,0.00,0.00,0.00,9205.0,95830.0,86146.0,3.0,0.0,0.5,0.0,107.456,0.291,0.2,42966812.5
2026-09-01T06:01:44,1.3,6400,1547350,1529701,0.4,0.00,1.57,0.00,6.30,0.00,0.00,0.16,9205.0,95830.0,86146.0,3.0,7.5,0.5,32.0,134.238,0.291,0.2,42966812.5
2026-09-01T06:01:45,1.4,6400,1547350,1529701,0.4,0.00,3.62,0.00,14.49,0.00,0.00,0.00,9205.0,95830.0,86146.0,3.0,7.0,0.5,40.0,141.261,0.240,0.2,29156998.0
2026-09-01T06:01:45,0.5,6401,1547350,1529700,0.4,0.00,2.75,0.00,11.00,0.00,0.00,0.00,9205.0,95830.0,86146.0,80.0,0.0,0.5,1.5,119.967,0.240,0.2,29156998.0
2026-09-01T06:01:46,1.4,6401,1547350,1529700,0.4,0.00,3.94,0.00,15.75,0.00,0.00,0.00,9205.0,95830.0,86146.0,80.0,4.0,0.5,16.0,123.186,0.240,0.2,29156998.0
2026-09-01T06:01:46,1.2,6401,1547350,1529701,0.4,0.00,3.52,0.00,14.08,0.00,0.00,0.00,9205.0,95830.0,86146.0,32.0,8.5,0.5,41.5,135.333,0.203,0.1,27727653.5
2026-09-01T06:01:47,0.9,6402,1547350,1529699,0.4,0.00,1.33,0.00,5.31,0.00,1.00,0.00,9205.0,95830.0,86146.0,3.0,7.5,0.5,31.0,136.823,0.203,0.1,27727653.5
2026-09-01T06:01:47,0.5,6402,1547350,1529699,0.4,0.00,1.23,0.00,4.91,0.00,0.00,0.00,9205.0,95830.0,86146.0,3.0,0.0,0.5,1.5,125.422,0.123,0.1,16283615.0
2026-09-01T06:01:48,1.3,6402,1547350,1529700,0.4,0.00,3.75,0.00,14.98,0.00,0.00,0.00,9205.0,95830.0,86146.0,0.0,0.0,0.5,0.0,125.492,0.123,0.1,16283615.0
2026-09-01T06:01:48,1.3,6401,1547350,1529700,0.4,0.00,3.31,0.00,13.25,0.00,0.00,0.00,9205.0,95830.0,86146.0,0.0,7.0,0.5,40.5,144.449,0.123,0.1,16283615.0
2026-09-01T06:01:48,1.3,6401,1547350,1529701,0.4,0.00,3.95,0.00,15.81,0.00,0.00,0.00,9205.0,95830.0,86146.0,0.0,7.5,0.5,41.0,168.263,0.123,0.1,16283615.0
2026-09-01T06:01:49,0.8,6402,1547350,1529700,0.4,0.00,2.71,0.00,10.84,0.00,0.00,0.00,9205.0,95830.0,86146.0,66.0,0.0,0.5,1.5,133.011,0.289,0.2,42620649.5
2026-09-01T06:01:49,0.7,6402,1547350,1529699,0.4,0.00,1.49,0.00,5.98,0.00,0.00,0.00,9205.0,95830.0,86146.0,3.0,0.0,0.5,1.5,118.062,0.289,0.2,42620649.5
2026-09-01T06:01:50,0.7,6404,1547350,1529698,0.4,0.00,1.45,0.00,5.78,0.00,0.00,0.00,9205.0,95830.0,86146.0,3.0,0.0,0.5,1.0,117.522,0.116,0.1,12210869.0
2026-09-01T06:01:51,1.3,6403,1547350,1529699,0.4,0.00,2.95,0.00,11.78,0.00,0.00,0.00,9205.0,95830.0,86146.0,3.0,8.5,0.5,41.5,133.353,0.116,0.1,12210869.0
2026-09-01T06:01:51,1.3,6403,1547350,1529699,0.4,0.00,3.64,0.00,14.55,0.00,0.00,0.36,9205.0,95830.0,86146.0,83.0,6.5,0.5,37.5,145.285,0.116,0.1,12210869.0
2026-09-01T06:01:51,1.4,6403,1547350,1529698,0.4,0.00,3.00,0.00,12.01,0.00,0.00,0.00,9205.0,95830.0,86146.0,83.0,6.5,0.5,38.0,160.368,0.116,0.1,12210869.0
2026-09-01T06:01:52,1.3,6403,1547350,1529698,0.4,0.00,4.15,0.00,16.60,0.00,0.00,0.00,9205.0,95830.0,86146.0,83.0,6.5,0.5,37.0,165.794,0.376,0.2,55207429.0
2026-09-01T06:01:52,0.5,6403,1547350,1529698,0.4,0.00,1.50,0.00,5.99,0.00,0.00,0.00,9205.0,95830.0,86146.0,52.0,0.5,0.5,3.5,117.787,0.376,0.2,55207429.0
2026-09-01T06:01:53,1.4,6404,1547350,1529698,0.4,0.00,3.83,0.00,15.33,0.00,0.00,0.00,9205.0,95830.0,86146.0,52.0,8.5,0.5,42.0,121.898,0.376,0.2,55207429.0
2026-09-01T06:01:53,0.6,6403,1547350,1529698,0.4,0.00,3.48,0.00,13.94,0.00,0.00,0.00,9205.0,95830.0,86146.0,64.0,0.0,0.5,1.5,114.660,0.104,0.1,14133341.0
2026-09-01T06:01:54,0.7,6405,1547350,1529697,0.4,0.00,1.26,0.00,5.04,0.00,0.00,0.00,9205.0,95830.0,86146.0,27.0,0.0,0.5,0.0,116.525,0.104,0.1,14133341.0
2026-09-01T06:01:54,1.3,6405,1547350,1529697,0.4,0.00,1.20,0.00,4.81,0.00,0.00,0.00,9205.0,95830.0,86146.0,27.0,8.0,0.5,40.5,128.875,0.171,0.1,18678039.5
2026-09-01T06:01:55,1.4,6405,1547350,1529697,0.4,0.00,4.22,0.00,16.88,0.00,0.00,0.00,9205.0,95830.0,86146.0,27.0,7.5,0.5,41.0,139.210,0.171,0.1,18678039.5
2026-09-01T06:01:55,1.4,6405,1547350,1529696,0.4,0.00,4.17,0.00,16.67,0.00,0.00,0.00,9205.0,95830.0,86146.0,82.0,7.0,0.5,39.0,154.332,0.171,0.1,18678039.5
2026-09-01T06:01:55,1.4,6404,1547350,1529697,0.4,0.00,4.18,0.00,16.74,0.00,0.00,0.00,9205.0,95830.0,86146.0,82.0,7.0,0.5,38.5,170.421,0.171,0.1,18678039.5
2026-09-01T06:01:55,1.3,6406,1547350,1529696,0.4,0.00,3.68,0.00,14.71,0.00,0.00,0.00,9205.0,95830.0,86146.0,82.0,7.0,0.5,40.0,169.463,0.171,0.1,18678039.5
2026-09-01T06:01:56,0.6,6405,1547350,1529697,0.4,0.00,7.81,0.00,31.25,0.00,0.50,0.00,9205.0,95830.0,86146.0,19.0,0.0,0.5,1.0,122.669,0.391,0.2,66587652.5
2026-09-01T06:01:56,1.3,6405,1547350,1529696,0.4,0.00,1.37,0.00,5.49,0.00,0.00,0.00,9205.0,95830.0,86146.0,19.0,6.5,0.5,29.5,124.421,0.391,0.2,66587652.5
2026-09-01T06:01:57,0.7,6406,1547350,1529696,0.4,0.00,3.70,0.00,14.81,0.00,0.00,0.00,9205.0,95830.0,86146.0,38.0,0.0,0.5,1.0,128.410,0.126,0.1,16878018.5
2026-09-01T06:01:57,1.3,6404,1547350,1529697,0.4,0.00,1.35,0.00,5.39,0.00,0.00,0.00,9205.0,95830.0,86146.0,38.0,7.0,0.5,29.5,128.513,0.126,0.1,16878018.5
2026-09-01T06:01:58,0.7,6403,1547350,1529699,0.4,0.00,3.70,0.00,14.81,0.00,0.00,0.00,9205.0,95830.0,86146.0,14.0,0.0,0.5,1.5,127.917,0.126,0.1,16878018.5
2026-09-01T06:01:58,1.3,6403,1547350,1529698,0.4,0.00,1.64,0.00,6.55,0.00,0.00,0.00,9205.0,95830.0,86146.0,14.0,7.0,0.5,40.5,136.018,0.243,0.2,31087458.5
2026-09-01T06:01:59,0.5,6403,1547350,1529698,0.4,0.00,1.40,0.00,5.62,0.00,0.00,0.00,9205.0,95830.0,86146.0,13.0,0.0,0.5,1.0,116.772,0.243,0.2,31087458.5
2026-09-01T06:01:59,1.4,6403,1547350,1529698,0.4,0.00,3.31,0.00,13.25,0.00,0.00,0.00,9205.0,95830.0,86146.0,13.0,8.0,0.5,41.0,119.250,0.128,0.1,15786119.0
2026-09-01T06:02:00,1.4,6403,1547350,1529698,0.4,0.00,3.80,0.00,15.21,0.00,0.00,0.00,9205.0,95830.0,86146.0,13.0,7.5,0.5,41.0,145.770,0.128,0.1,15786119.0
2026-09-01T06:02:00,1.4,6403,1547350,1529698,0.4,0.00,4.02,0.00,16.06,0.00,0.00,0.00,9205.0,95830.0,86146.0,82.0,7.0,0.5,40.5,161.603,0.128,0.1,15786119.0
2026-09-01T06:02:00,1.2,6403,1547350,1529699,0.4,0.00,3.98,0.00,15.94,0.00,0.00,0.00,9205.0,95830.0,86146.0,82.0,7.5,0.5,41.0,172.691,0.128,0.1,15786119.0
2026-09-01T06:02:00,0.7,6403,1547350,1529699,0.4,0.00,2.87,0.00,11.46,0.00,0.00,0.00,9205.0,95830.0,86146.0,21.0,3.5,0.5,14.0,137.004,0.282,0.2,42922877.5
2026-09-01T06:02:01,1.6,6407,1547350,1529694,0.4,0.00,4.51,0.00,18.04,0.00,0.00,0.00,9205.0,95830.0,86146.0,8.0,0.0,0.5,1.0,133.392,0.282,0.2,42922877.5
2026-09-01T06:02:02,0.9,6406,1547350,1529695,0.4,0.00,1.41,0.00,5.64,0.00,0.00,0.00,9205.0,95830.0,86146.0,8.0,7.0,0.5,40.5,137.937,0.266,0.2,36602872.5
2026-09-01T06:02:02,0.7,6406,1547350,1529695,0.4,0.00,2.39,0.00,9.55,0.00,0.00,0.00,9205.0,95830.0,86146.0,36.0,0.0,0.5,0.0,136.632,0.266,0.2,36602872.5
2026-09-01T06:02:03,1.3,6406,1547350,1529695,0.4,0.00,1.55,0.00,6.19,0.00,0.00,0.00,9205.0,95830.0,86146.0,36.0,8.0,0.5,41.5,139.119,0.266,0.2,36602872.5
2026-09-01T06:02:04,0.5,6406,1547350,1529695,0.4,0.00,1.18,0.00,4.71,0.00,0.00,0.00,9205.0,95830.0,86146.0,0.0,0.0,0.5,0.0,118.915,0.156,0.1,22043618.0
2026-09-01T06:02:04,1.4,6407,1547350,1529694,0.4,0.00,3.88,0.00,15.50,0.00,0.00,0.00,9205.0,95830.0,86146.0,0.0,7.5,0.5,31.5,121.123,0.156,0.1,22043618.0
2026-09-01T06:02:04,0.7,6408,1547350,1529693,0.4,0.00,3.69,0.00,14.76,0.00,0.00,0.00,9205.0,95830.0,86146.0,51.0,0.0,0.5,0.0,137.460,0.156,0.1,22043618.0
2026-09-01T06:02:05,1.4,6408,1547350,1529693,0.4,0.00,1.47,0.00,5.90,0.00,0.00,0.00,9205.0,95830.0,86146.0,51.0,8.5,0.5,38.5,135.879,0.235,0.2,30083976.5
2026-09-01T06:02:05,0.6,6408,1547350,1529694,0.4,0.00,3.27,0.00,13.07,0.00,0.00,0.00,9205.0,95830.0,86146.0,11.0,0.0,0.5,0.0,132.125,0.235,0.2,30083976.5
2026-09-01T06:02:06,1.3,6408,1547350,1529694,0.4,0.00,9.17,0.00,36.70,0.00,0.17,0.00,9205.0,95830.0,86146.0,11.0,0.0,0.5,0.0,123.876,0.146,0.1,19767488.0
2026-09-01T06:02:07,0.8,6408,1547350,1529693,0.4,0.00,1.21,0.00,4.84,0.00,0.00,0.00,9205.0,95830.0,86146.0,0.0,10.0,0.5,44.5,137.748,0.146,0.1,19767488.0
2026-09-01T06:02:07,0.7,6409,1547350,1529693,0.4,0.00,3.66,0.00,14.65,0.00,0.00,0.00,9205.0,95830.0,86146.0,0.0,0.0,0.5,1.0,131.789,0.146,0.1,19767488.0
2026-09-01T06:02:08,0.7,6409,1547350,1529693,0.4,0.00,1.64,0.00,6.55,0.00,0.00,0.00,9205.0,95830.0,86146.0,2.0,0.0,0.5,0.0,116.666,0.161,0.1,20361672.0
2026-09-01T06:02:08,0.7,6409,1547350,1529692,0.4,0.00,1.44,0.00,5.76,0.00,0.00,0.00,9205.0,95830.0,86146.0,75.0,0.0,0.5,0.0,112.154,0.161,0.1,20361672.0
2026-09-01T06:02:09,1.4,6409,1547350,1529692,0.4,0.00,1.47,0.00,5.87,0.00,0.00,0.00,9205.0,95830.0,86146.0,75.0,0.0,0.5,0.0,119.871,0.131,0.1,14454918.0
2026-09-01T06:02:10,0.8,6409,1547350,1529692,0.4,0.00,1.31,0.00,5.25,0.00,0.00,0.00,9205.0,95830.0,86146.0,0.0,0.0,0.5,1.0,138.157,0.131,0.1,14454918.0
2026-09-01T06:02:11,0.6,6408,1547350,1529693,0.4,0.00,1.51,0.00,6.02,0.00,0.00,0.00,9205.0,95830.0,86146.0,0.0,0.0,0.5,1.5,120.543,0.131,0.1,14454918.0
2026-09-01T06:02:11,0.7,6408,1547350,1529693,0.4,0.00,4.17,0.00,16.67,0.00,0.00,0.00,9205.0,95830.0,86146.0,3.0,0.0,0.5,0.0,115.223,0.140,0.1,16576728.5
2026-09-01T06:02:12,1.6,6408,1547350,1529694,0.4,0.00,1.46,0.00,5.86,0.00,0.00,0.00,9205.0,95830.0,86146.0,3.0,0.0,0.5,1.0,132.184,0.140,0.1,16576728.5
2026-09-01T06:02:12,0.4,6408,1547350,1529694,0.4,0.00,11.66,0.00,110.06,0.00,0.12,0.00,9205.0,95830.0,86146.0,84.0,2.0,0.5,9.0,120.069,0.159,0.1,16957971.0
2026-09-01T06:02:13,1.3,6407,1547350,1529694,0.4,0.00,2.25,0.00,8.99,0.00,0.00,0.00,9205.0,95830.0,86146.0,84.0,8.5,0.5,42.5,135.352,0.159,0.1,16957971.0
2026-09-01T06:02:13,0.7,6408,1547350,1529693,0.4,0.00,3.70,0.00,14.81,0.00,0.00,0.00,9205.0,95830.0,86146.0,85.0,0.0,0.5,0.5,117.316,0.177,0.1,27165190.0
2026-09-01T06:02:14,1.0,6409,1547350,1529693,0.4,0.00,1.16,0.00,4.65,0.00,0.00,0.00,9205.0,95830.0,86146.0,2.0,7.0,0.5,30.0,124.404,0.177,0.1,27165190.0
2026-09-01T06:02:14,0.8,6408,1547350,1529693,0.4,0.00,2.74,0.00,10.96,0.00,0.00,0.00,9205.0,95830.0,86146.0,2.0,0.0,0.5,0.0,138.101,0.177,0.1,27165190.0
2026-09-01T06:02:15,1.4,6409,1547350,1529693,0.4,0.00,1.69,0.00,6.75,0.00,0.00,0.00,9205.0,95830.0,86146.0,2.0,9.0,0.5,42.0,136.933,0.247,0.2,32318558.5
2026-09-01T06:02:15,0.5,6409,1547350,1529692,0.4,0.00,1.52,0.00,6.10,0.00,0.00,0.00,9205.0,95830.0,86146.0,84.0,4.5,0.5,18.0,120.073,0.247,0.2,32318558.5
2026-09-01T06:02:16,1.3,6411,1547350,1529691,0.4,0.00,4.29,0.00,17.17,0.00,0.00,0.00,9205.0,95830.0,86146.0,62.0,0.0,0.5,1.5,120.084,0.078,0.1,8848520.5
2026-09-01T06:02:16,0.9,6411,1547350,1529690,0.4,0.00,1.28,0.00,5.11,0.00,0.00,0.00,9205.0,95830.0,86146.0,62.0,7.0,0.5,39.5,139.985,0.078,0.1,8848520.5
2026-09-01T06:02:17,0.7,6411,1547350,1529691,0.4,0.00,3.86,0.00,15.44,0.00,0.00,0.00,9205.0,95830.0,86146.0,32.0,2.0,0.5,10.0,132.122,0.078,0.1,8848520.5
2026-09-01T06:02:17,0.8,6412,1547350,1529690,0.4,0.00,1.55,0.00,6.19,0.00,0.00,0.00,9205.0,95830.0,86146.0,3.0,0.0,0.5,1.5,116.029,0.179,0.1,22222566.5
2026-09-01T06:02:18,1.3,6413,1547350,1529688,0.4,0.00,1.43,0.00,5.71,0.00,0.00,0.00,9205.0,95830.0,86146.0,3.0,7.5,0.5,41.0,140.751,0.179,0.1,22222566.5
2026-09-01T06:02:18,1.3,6413,1547350,1529688,0.4,0.00,3.95,0.00,15.81,0.00,0.00,0.00,9205.0,95830.0,86146.0,3.0,7.5,0.5,40.5,136.669,0.179,0.1,22222566.5
2026-09-01T06:02:19,1.3,6413,1547350,1529688,0.4,0.00,4.17,0.00,16.67,0.00,0.00,0.00,9205.0,95830.0,86146.0,3.0,7.0,0.5,40.0,159.579,0.179,0.1,22222566.5
2026-09-01T06:02:19,1.3,6414,1547350,1529688,0.4,0.00,3.50,0.00,13.99,0.00,0.00,0.00,9205.0,95830.0,86146.0,81.0,7.5,0.5,40.5,172.738,0.399,0.3,57696164.5
2026-09-01T06:02:19,1.3,6413,1547350,1529689,0.4,0.00,3.91,0.00,15.62,0.00,1.00,0.00,9205.0,95830.0,86146.0,81.0,7.0,0.5,38.5,171.389,0.399,0.3,57696164.5
2026-09-01T06:02:20,0.5,6412,1547350,1529689,0.4,0.00,1.64,0.00,6.55,0.00,0.00,0.00,9205.0,95830.0,86146.0,81.0,0.0,0.5,0.0,123.939,0.399,0.3,57696164.5
2026-09-01T06:02:20,1.4,6412,1547350,1529689,0.4,0.00,4.41,0.00,17.62,0.00,0.00,0.00,9205.0,95830.0,86146.0,0.0,9.0,0.5,42.5,125.853,0.184,0.1,25159475.5
2026-09-01T06:02:20,1.3,6413,1547350,1529689,0.4,0.00,3.89,0.00,15.56,0.00,0.00,0.00,9205.0,95830.0,86146.0,0.0,7.0,0.5,39.5,140.304,0.184,0.1,25159475.5
2026-09-01T06:02:21,0.6,6413,1547350,1529688,0.4,0.00,1.35,0.00,5.41,0.00,0.00,0.00,9205.0,95830.0,86146.0,2.0,0.0,0.5,0.0,123.496,0.184,0.1,25159475.5
2026-09-01T06:02:21,1.3,6413,1547350,1529688,0.4,0.00,3.89,0.00,15.56,0.00,0.00,0.00,9205.0,95830.0,86146.0,2.0,7.0,0.5,38.0,124.351,0.221,0.1,33800014.0
2026-09-01T06:02:22,1.3,6414,1547350,1529687,0.4,0.00,2.60,0.00,10.42,0.00,0.00,0.00,9205.0,95830.0,86146.0,2.0,7.0,0.5,38.0,147.386,0.221,0.1,33800014.0
2026-09-01T06:02:22,1.4,6415,1547350,1529686,0.4,0.00,3.98,0.00,15.94,0.00,0.00,0.00,9205.0,95830.0,86146.0,77.0,7.0,0.5,38.5,162.454,0.221,0.1,33800014.0
2026-09-01T06:02:22,0.8,6414,1547350,1529687,0.4,0.00,3.85,0.00,15.38,0.00,0.00,0.00,9205.0,95830.0,86146.0,77.0,0.0,0.5,0.0,135.682,0.241,0.1,36803709.5
2026-09-01T06:02:23,1.3,6415,1547350,1529686,0.4,0.00,1.29,0.00,5.17,0.00,0.00,0.00,9205.0,95830.0,86146.0,81.0,8.5,0.5,40.5,136.909,0.241,0.1,36803709.5
2026-09-01T06:02:23,1.4,6415,1547350,1529687,0.4,0.00,3.82,0.00,15.27,0.00,0.00,0.00,9205.0,95830.0,86146.0,81.0,7.0,0.5,39.0,147.868,0.241,0.1,36803709.5
2026-09-01T06:02:23,0.8,6414,1547350,1529688,0.4,0.00,2.79,0.00,11.14,0.00,0.00,0.00,9205.0,95830.0,86146.0,0.0,0.0,0.5,1.0,136.096,0.281,0.2,39311926.5
2026-09-01T06:02:24,1.3,6413,1547350,1529688,0.4,0.00,1.22,0.00,4.89,0.00,0.00,0.00,9205.0,95830.0,86146.0,0.0,7.0,0.5,40.0,137.300,0.281,0.2,39311926.5
2026-09-01T06:02:25,1.3,6414,1547350,1529688,0.4,0.00,3.19,0.00,12.78,0.00,0.00,0.00,9205.0,95830.0,86146.0,0.0,7.0,0.5,40.0,150.709,0.281,0.2,39311926.5
2026-09-01T06:02:25,0.5,6412,1547350,1529689,0.4,0.00,1.48,0.00,5.93,0.00,0.00,0.00,9205.0,95830.0,86146.0,80.0,0.0,0.5,0.0,114.900,0.180,0.1,28571240.0
2026-09-01T06:02:26,1.3,6412,1547350,1529689,0.4,0.00,3.08,0.00,12.31,0.00,0.00,0.00,9205.0,95830.0,86146.0,80.0,0.0,0.5,0.0,121.766,0.180,0.1,28571240.0
2026-09-01T06:02:26,0.8,6412,1547350,1529690,0.4,0.00,1.33,0.00,5.31,0.00,0.00,0.00,9205.0,95830.0,86146.0,74.0,9.0,0.5,41.5,135.962,0.190,0.1,20849110.5
2026-09-01T06:02:27,1.4,6413,1547350,1529689,0.4,0.00,4.02,0.00,16.06,0.00,0.00,0.00,9205.0,95830.0,86146.0,74.0,7.5,0.5,41.0,138.723,0.190,0.1,20849110.5
2026-09-01T06:02:27,0.8,6412,1547350,1529689,0.4,0.00,3.82,0.00,15.27,0.00,0.00,0.00,9205.0,95830.0,86146.0,82.0,4.5,0.5,16.5,137.959,0.190,0.1,20849110.5
2026-09-01T06:02:28,0.9,6412,1547350,1529689,0.4,0.00,1.24,0.00,4.96,0.00,0.00,0.00,9205.0,95830.0,86146.0,83.0,7.0,0.5,27.0,135.364,0.213,0.1,27700196.5
2026-09-01T06:02:29,0.8,6412,1547350,1529689,0.4,0.00,1.06,0.00,4.23,0.00,0.00,0.00,9205.0,95830.0,86146.0,81.0,0.0,0.5,1.5,121.165,0.213,0.1,27700196.5
2026-09-01T06:02:29,1.3,6412,1547350,1529689,0.4,0.00,1.56,0.00,6.26,0.00,0.00,0.00,9205.0,95830.0,86146.0,81.0,7.0,0.5,39.5,136.169,0.214,0.1,28543391.5
2026-09-01T06:02:30,1.4,6413,1547350,1529688,0.4,0.00,2.88,0.00,11.53,0.00,1.00,0.00,9205.0,95830.0,86146.0,81.0,7.0,0.5,40.0,149.013,0.214,0.1,28543391.5
2026-09-01T06:02:30,1.3,6414,1547350,1529688,0.4,0.00,3.91,0.00,15.62,0.00,0.00,0.00,9205.0,95830.0,86146.0,80.0,7.0,0.5,40.0,166.572,0.214,0.1,28543391.5
2026-09-01T06:02:30,1.3,6414,1547350,1529688,0.4,0.00,4.10,0.00,16.39,0.00,0.00,0.00,9205.0,95830.0,86146.0,80.0,7.5,0.5,40.5,172.379,0.214,0.1,28543391.5
2026-09-01T06:02:30,0.7,6412,1547350,1529689,0.4,0.00,3.26,0.00,13.03,0.00,0.00,0.00,9205.0,95830.0,86146.0,80.0,0.0,0.5,0.0,136.374,0.270,0.2,42873818.5
2026-09-01T06:02:31,1.4,6412,1547350,1529689,0.4,0.00,1.82,0.00,7.27,0.00,0.00,0.18,9205.0,95830.0,86146.0,0.0,8.5,0.5,38.5,136.441,0.270,0.2,42873818.5
2026-09-01T06:02:31,1.3,6413,1547350,1529689,0.4,0.00,4.02,0.00,16.06,0.00,0.00,0.00,9205.0,95830.0,86146.0,0.0,7.0,0.5,40.0,136.147,0.270,0.2,42873818.5
2026-09-01T06:02:32,0.6,6412,1547350,1529690,0.4,0.00,1.44,0.00,5.76,0.00,0.00,0.00,9205.0,95830.0,86146.0,0.0,0.0,0.5,1.0,118.938,0.183,0.1,25213679.0
2026-09-01T06:02:32,1.4,6413,1547350,1529688,0.4,0.00,4.18,0.00,16.74,0.00,0.00,0.00,9205.0,95830.0,86146.0,0.0,9.0,0.5,41.5,123.096,0.183,0.1,25213679.0
2026-09-01T06:02:32,1.4,6414,1547350,1529688,0.4,0.00,3.97,0.00,15.87,0.00,0.00,0.00,9205.0,95830.0,86146.0,0.0,7.5,0.5,41.0,135.296,0.183,0.1,25213679.0
2026-09-01T06:02:33,1.3,6413,1547350,1529689,0.4,0.00,4.03,0.00,16.13,0.00,0.00,0.00,9205.0,95830.0,86146.0,0.0,7.0,0.5,40.5,159.639,0.183,0.1,25213679.0
2026-09-01T06:02:33,0.8,6411,1547350,1529690,0.4,0.00,10.18,0.00,48.88,0.00,0.20,0.20,9205.0,95830.0,86146.0,81.0,0.0,0.5,0.5,132.511,0.271,0.2,40502503.5
2026-09-01T06:02:34,0.8,6410,1547350,1529691,0.4,0.00,1.78,0.00,7.12,0.00,0.00,0.00,9205.0,95830.0,86146.0,31.0,0.0,0.5,0.0,112.201,0.271,0.2,40502503.5
2026-09-01T06:02:34,1.3,6410,1547350,1529691,0.4,0.00,1.58,0.00,6.31,0.00,0.00,0.00,9205.0,95830.0,86146.0,31.0,9.5,0.5,43.5,138.957,0.271,0.2,40502503.5
2026-09-01T06:02:35,1.3,6411,1547350,1529691,0.4,0.00,3.22,0.00,12.86,0.00,0.00,0.00,9205.0,95830.0,86146.0,31.0,7.5,0.5,41.0,154.285,0.260,0.2,35673414.5
2026-09-01T06:02:36,0.6,6410,1547350,1529691,0.4,0.00,1.11,0.00,4.42,0.00,0.00,0.00,9205.0,95830.0,86146.0,82.0,0.0,0.5,1.5,114.152,0.260,0.2,35673414.5
2026-09-01T06:02:36,1.2,6410,1547350,1529692,0.4,0.00,4.07,0.00,16.26,0.00,0.00,0.00,9205.0,95830.0,86146.0,0.0,0.0,0.5,1.0,113.827,0.083,0.1,9047193.0
2026-09-01T06:02:36,0.9,6410,1547350,1529692,0.4,0.00,1.34,0.00,5.35,0.00,0.00,0.00,9205.0,95830.0,86146.0,0.0,3.0,0.5,13.0,142.611,0.083,0.1,9047193.0
2026-09-01T06:02:37,0.5,6410,1547350,1529691,0.4,0.00,1.50,0.00,6.02,0.00,0.00,0.00,9205.0,95830.0,86146.0,85.0,0.0,0.5,1.0,125.128,0.083,0.1,9047193.0
2026-09-01T06:02:38,0.7,6410,1547350,1529691,0.4,0.00,8.38,0.00,33.52,0.00,0.00,0.00,9205.0,95830.0,86146.0,50.0,0.0,0.5,2.0,111.638,0.132,0.1,14785335.5
2026-09-01T06:02:38,1.3,6411,1547350,1529691,0.4,0.00,1.35,0.00,5.40,0.00,0.00,0.00,9205.0,95830.0,86146.0,50.0,9.5,0.5,43.5,125.036,0.132,0.1,14785335.5
2026-09-01T06:02:39,1.4,6412,1547350,1529690,0.4,0.00,2.82,0.00,11.30,0.00,0.00,0.00,9205.0,95830.0,86146.0,50.0,7.5,0.5,40.5,143.639,0.132,0.1,14785335.5
2026-09-01T06:02:39,0.5,6410,1547350,1529691,0.4,0.00,1.36,0.00,5.43,0.00,0.00,0.00,9205.0,95830.0,86146.0,81.0,0.0,0.5,0.0,113.714,0.194,0.1,27340607.0
2026-09-01T06:02:40,1.3,6411,1547350,1529691,0.4,0.00,3.44,0.00,13.75,0.00,0.00,0.00,9205.0,95830.0,86146.0,81.0,4.5,0.5,17.5,121.620,0.194,0.1,27340607.0
2026-09-01T06:02:40,1.4,6411,1547350,1529690,0.4,0.00,3.89,0.00,15.56,0.00,0.00,0.00,9205.0,95830.0,86146.0,35.0,8.0,0.5,40.5,136.906,0.194,0.1,27340607.0
2026-09-01T06:02:40,1.3,6411,1547350,1529690,0.4,0.00,3.85,0.00,15.38,0.00,0.00,0.00,9205.0,95830.0,86146.0,35.0,7.0,0.5,40.0,160.416,0.194,0.1,27340607.0
2026-09-01T06:02:40,1.4,6411,1547350,1529691,0.4,0.00,4.13,0.00,16.53,0.00,0.00,0.00,9205.0,95830.0,86146.0,35.0,7.0,0.5,39.5,174.834,0.387,0.2,55973473.5
2026-09-01T06:02:41,1.3,6411,1547350,1529691,0.4,0.00,3.94,0.00,15.75,0.00,0.00,0.00,9205.0,95830.0,86146.0,35.0,7.0,0.5,40.0,167.604,0.387,0.2,55973473.5
2026-09-01T06:02:41,0.5,6411,1547350,1529691,0.4,0.00,1.59,0.00,6.38,0.00,0.00,0.16,9205.0,95830.0,86146.0,80.0,4.0,0.5,16.0,115.767,0.387,0.2,55973473.5
2026-09-01T06:02:42,1.4,6412,1547350,1529689,0.4,0.00,2.72,0.00,10.90,0.00,0.00,0.00,9205.0,95830.0,86146.0,80.0,8.5,0.5,41.5,118.895,0.184,0.1,24981409.5
2026-09-01T06:02:42,0.6,6413,1547350,1529688,0.4,0.00,40.98,0.00,491.80,0.00,0.10,0.00,9205.0,95830.0,86146.0,83.0,0.0,0.5,1.5,123.102,0.184,0.1,24981409.5
2026-09-01T06:02:43,1.4,6411,1547350,1529690,0.4,0.00,1.56,0.00,6.24,0.00,0.00,0.00,9205.0,95830.0,86146.0,83.0,9.5,0.5,44.0,134.861,0.184,0.1,24981409.5
2026-09-01T06:02:43,0.7,6411,1547350,1529691,0.4,0.00,3.98,0.00,15.94,0.00,0.00,0.40,9205.0,95830.0,86146.0,73.0,1.0,0.5,3.5,124.818,0.136,0.1,18298965.0
2026-09-01T06:02:44,1.1,6411,1547350,1529690,0.4,0.00,2.68,0.00,10.74,0.00,0.00,0.00,9205.0,95830.0,86146.0,73.0,10.0,0.5,44.5,127.509,0.136,0.1,18298965.0
2026-09-01T06:02:44,1.4,6412,1547350,1529690,0.4,0.00,3.89,0.00,15.56,0.00,0.00,0.00,9205.0,95830.0,86146.0,81.0,7.5,0.5,40.5,144.727,0.136,0.1,18298965.0
2026-09-01T06:02:44,0.7,6412,1547350,1529690,0.4,0.00,3.82,0.00,15.27,0.00,0.00,0.00,9205.0,95830.0,86146.0,81.0,3.0,0.5,13.0,132.448,0.229,0.1,31507890.0
2026-09-01T06:02:45,1.3,6410,1547350,1529691,0.4,0.00,1.66,0.00,6.66,0.00,1.00,0.00,9205.0,95830.0,86146.0,81.0,8.5,0.5,41.0,134.601,0.229,0.1,31507890.0
2026-09-01T06:02:45,1.4,6411,1547350,1529690,0.4,0.00,3.88,0.00,15.50,0.00,0.00,0.00,9205.0,95830.0,86146.0,82.0,7.0,0.5,40.0,139.396,0.229,0.1,31507890.0
2026-09-01T06:02:45,1.3,6411,1547350,1529690,0.4,0.00,4.00,0.00,16.00,0.00,0.00,0.00,9205.0,95830.0,86146.0,82.0,7.0,0.5,39.5,155.430,0.229,0.1,31507890.0
2026-09-01T06:02:45,1.4,6411,1547350,1529690,0.4,0.00,3.89,0.00,15.56,0.00,0.00,0.00,9205.0,95830.0,86146.0,82.0,7.5,0.5,40.0,173.205,0.379,0.2,54822456.5
2026-09-01T06:02:46,1.3,6411,1547350,1529690,0.4,0.00,3.69,0.00,14.76,0.00,0.00,0.00,9205.0,95830.0,86146.0,82.0,7.5,0.5,40.5,172.055,0.379,0.2,54822456.5
2026-09-01T06:02:46,1.4,6411,1547350,1529691,0.4,0.00,3.92,0.00,15.69,0.00,0.00,0.00,9205.0,95830.0,86146.0,81.0,7.5,0.5,40.5,172.605,0.379,0.2,54822456.5
2026-09-01T06:02:46,1.3,6411,1547350,1529691,0.4,0.00,4.13,0.00,16.53,0.00,0.00,0.00,9205.0,95830.0,86146.0,81.0,7.5,0.5,40.5,173.621,0.379,0.2,54822456.5
2026-09-01T06:02:47,1.3,6410,1547350,1529691,0.4,0.00,2.73,0.00,10.93,0.00,0.00,0.00,9205.0,95830.0,86146.0,81.0,7.5,0.5,40.5,173.947,0.402,0.2,68440034.0
2026-09-01T06:02:47,1.4,6410,1547350,1529692,0.4,0.00,3.73,0.00,14.93,0.00,0.00,0.00,9205.0,95830.0,86146.0,81.0,7.5,0.5,40.5,170.675,0.402,0.2,68440034.0
2026-09-01T06:02:48,0.5,6409,1547350,1529693,0.4,0.00,1.31,0.00,5.25,0.00,0.00,0.00,9205.0,95830.0,86146.0,81.0,0.0,0.5,0.0,113.515,0.120,0.1,19369789.0
2026-09-01T06:02:48,1.3,6409,1547350,1529693,0.4,0.00,4.08,0.00,16.33,0.00,0.00,0.00,9205.0,95830.0,86146.0,39.0,5.0,0.5,19.5,120.338,0.120,0.1,19369789.0
2026-09-01T06:02:49,0.5,6409,1547350,1529693,0.4,0.00,1.29,0.00,5.14,0.00,0.00,0.00,9205.0,95830.0,86146.0,39.0,0.0,0.5,0.0,117.803,0.139,0.1,15493773.5
2026-09-01T06:02:49,1.4,6410,1547350,1529691,0.4,0.00,3.77,0.00,15.09,0.00,0.00,0.00,9205.0,95830.0,86146.0,28.0,8.5,0.5,41.0,118.769,0.139,0.1,15493773.5
2026-09-01T06:02:49,1.3,6411,1547350,1529690,0.4,0.00,8.03,0.00,32.13,0.00,0.00,0.00,9205.0,95830.0,86146.0,28.0,7.0,0.5,39.0,134.784,0.139,0.1,15493773.5
2026-09-01T06:02:49,1.3,6411,1547350,1529691,0.4,0.00,4.03,0.00,16.13,0.00,0.00,0.00,9205.0,95830.0,86146.0,28.0,7.0,0.5,40.0,166.619,0.139,0.1,15493773.5
2026-09-01T06:02:50,0.8,6410,1547350,1529691,0.4,0.00,3.07,0.00,12.27,0.00,0.00,0.00,9205.0,95830.0,86146.0,62.0,0.0,0.5,1.5,135.323,0.274,0.2,41074125.0
2026-09-01T06:02:50,1.3,6411,1547350,1529691,0.4,0.00,1.51,0.00,6.04,0.00,0.00,0.00,9205.0,95830.0,86146.0,62.0,9.0,0.5,39.5,138.691,0.274,0.2,41074125.0
2026-09-01T06:02:51,0.8,6410,1547350,1529692,0.4,0.00,2.87,0.00,11.46,0.00,0.00,0.00,9205.0,95830.0,86146.0,77.0,0.5,0.5,2.0,136.166,0.218,0.1,28984377.0
2026-09-01T06:02:51,1.4,6411,1547350,1529691,0.4,0.00,1.46,0.00,5.82,0.00,0.00,0.00,9205.0,95830.0,86146.0,77.0,7.0,0.5,27.0,137.133,0.218,0.1,28984377.0
2026-09-01T06:02:52,1.3,6412,1547350,1529690,0.4,0.00,3.06,0.00,12.23,0.00,0.00,0.31,9205.0,95830.0,86146.0,77.0,7.0,0.5,39.0,142.189,0.218,0.1,28984377.0
2026-09-01T06:02:52,1.3,6412,1547350,1529690,0.4,0.00,3.77,0.00,15.09,0.00,1.00,0.00,9205.0,95830.0,86146.0,81.0,7.0,0.5,40.0,166.248,0.218,0.1,28984377.0
2026-09-01T06:02:52,1.4,6412,1547350,1529690,0.4,0.00,3.92,0.00,15.69,0.00,0.00,0.00,9205.0,95830.0,86146.0,81.0,7.5,0.5,40.5,172.838,0.405,0.3,59361472.5
2026-09-01T06:02:53,0.5,6410,1547350,1529692,0.4,0.00,1.58,0.00,6.31,0.00,0.00,0.16,9205.0,95830.0,86146.0,0.0,0.0,0.5,0.0,125.842,0.405,0.3,59361472.5
2026-09-01T06:02:53,0.8,6411,1547350,1529691,0.4,0.00,3.89,0.00,15.56,0.00,0.00,0.00,9205.0,95830.0,86146.0,0.0,0.0,0.5,1.5,111.083,0.072,0.0,7206735.0
2026-09-01T06:02:54,0.8,6411,1547350,1529691,0.4,0.00,1.49,0.00,5.97,0.00,0.00,0.00,9205.0,95830.0,86146.0,3.0,0.0,0.5,0.0,113.135,0.072,0.0,7206735.0
2026-09-01T06:02:55,1.3,6410,1547350,1529691,0.4,0.00,1.25,0.00,5.00,0.00,0.00,0.00,9205.0,95830.0,86146.0,3.0,10.5,0.5,45.5,139.002,0.225,0.2,24785734.0
2026-09-01T06:02:55,1.3,6411,1547350,1529691,0.4,0.00,7.91,0.00,31.62,0.00,0.00,0.00,9205.0,95830.0,86146.0,91.0,7.5,0.5,41.0,144.861,0.225,0.2,24785734.0
2026-09-01T06:02:55,0.7,6409,1547350,1529693,0.4,0.00,3.92,0.00,15.69,0.00,0.00,0.00,9205.0,95830.0,86146.0,91.0,0.0,0.5,0.5,134.976,0.225,0.2,24785734.0
2026-09-01T06:02:56,1.3,6411,1547350,1529691,0.4,0.00,1.55,0.00,6.19,0.00,0.00,0.00,9205.0,95830.0,86146.0,2.0,10.0,0.5,43.0,134.990,0.233,0.1,32196756.0
2026-09-01T06:02:56,0.5,6412,1547350,1529690,0.4,0.00,1.52,0.00,6.08,0.00,0.00,0.00,9205.0,95830.0,86146.0,2.0,0.0,0.5,1.5,121.567,0.233,0.1,32196756.0
2026-09-01T06:02:57,0.8,6416,1547350,1529686,0.4,0.00,2.95,0.00,11.80,0.00,0.00,0.00,9205.0,95830.0,86146.0,0.0,0.0,0.5,1.0,119.566,0.084,0.1,9841242.5
2026-09-01T06:02:57,1.3,6415,1547350,1529686,0.4,0.00,1.41,0.00,5.65,0.00,0.00,0.00,9205.0,95830.0,86146.0,0.0,4.0,0.5,15.0,135.450,0.084,0.1,9841242.5
2026-09-01T06:02:58,1.3,6416,1547350,1529685,0.4,0.00,3.50,0.00,13.99,0.00,0.00,0.00,9205.0,95830.0,86146.0,78.0,7.5,0.5,41.0,139.326,0.084,0.1,9841242.5
2026-09-01T06:02:58,1.4,6416,1547350,1529685,0.4,0.00,3.98,0.00,15.94,0.00,0.00,0.00,9205.0,95830.0,86146.0,78.0,7.0,0.5,40.5,163.967,0.084,0.1,9841242.5
2026-09-01T06:02:58,0.7,6415,1547350,1529687,0.4,0.00,4.08,0.00,16.33,0.00,0.00,0.00,9205.0,95830.0,86146.0,78.0,0.0,0.5,0.0,133.111,0.283,0.2,41228808.0
2026-09-01T06:02:59,1.5,6416,1547350,1529686,0.4,0.00,1.50,0.00,6.00,0.00,0.00,0.00,9205.0,95830.0,86146.0,0.0,0.0,0.5,43.0,136.043,0.283,0.2,41228808.0
2026-09-01T06:03:00,0.5,6416,1547350,1529686,0.4,0.00,1.31,0.00,5.23,0.00,0.00,0.00,9205.0,95830.0,86146.0,0.0,0.0,0.5,1.5,118.721,0.117,0.1,14662898.5
2026-09-01T06:03:00,1.4,6416,1547350,1529685,0.4,0.00,7.94,0.00,31.75,0.00,0.00,0.00,9205.0,95830.0,86146.0,3.0,9.5,0.5,41.0,120.819,0.117,0.1,14662898.5
2026-09-01T06:03:00,1.3,6416,1547350,1529685,0.4,0.00,4.00,0.00,16.00,0.00,0.00,0.00,9205.0,95830.0,86146.0,3.0,7.5,0.5,40.5,137.064,0.117,0.1,14662898.5
2026-09-01T06:03:00,1.3,6417,1547350,1529684,0.4,0.00,3.60,0.00,14.39,0.00,0.00,0.00,9205.0,95830.0,86146.0,3.0,7.0,0.5,40.0,160.483,0.117,0.1,14662898.5
2026-09-01T06:03:01,1.3,6417,1547350,1529684,0.4,0.00,3.47,0.00,13.89,0.00,1.00,0.00,9205.0,95830.0,86146.0,3.0,7.0,0.5,38.5,171.231,0.390,0.2,56051597.0
2026-09-01T06:03:01,1.4,6418,1547350,1529684,0.4,0.00,2.47,0.00,9.88,0.00,0.00,0.00,9205.0,95830.0,86146.0,77.0,7.0,0.5,39.0,170.794,0.390,0.2,56051597.0
2026-09-01T06:03:02,1.6,6420,1547350,1529682,0.4,0.00,2.59,0.00,10.36,0.00,0.00,0.00,9205.0,95830.0,86146.0,77.0,7.0,0.5,40.0,172.187,0.390,0.2,56051597.0
2026-09-01T06:03:02,1.4,6420,1547350,1529682,0.4,0.00,4.00,0.00,16.00,0.00,0.00,0.00,9205.0,95830.0,86146.0,82.0,7.0,0.5,39.5,172.689,0.392,0.2,62042242.5
2026-09-01T06:03:02,0.7,6420,1547350,1529682,0.4,0.00,3.57,0.00,14.29,0.00,0.00,0.00,9205.0,95830.0,86146.0,82.0,0.0,0.5,0.0,129.280,0.392,0.2,62042242.5
2026-09-01T06:03:03,1.2,6421,1547350,1529681,0.4,0.00,0.96,0.00,3.85,0.00,0.00,0.00,9205.0,95830.0,86146.0,3.0,7.0,0.5,38.5,140.852,0.233,0.1,32815086.5
2026-09-01T06:03:03,0.8,6421,1547350,1529681,0.4,0.00,3.50,0.00,13.99,0.00,0.00,0.00,9205.0,95830.0,86146.0,3.0,0.0,0.5,0.0,132.496,0.233,0.1,32815086.5
2026-09-01T06:03:04,0.7,6421,1547350,1529681,0.4,0.00,1.68,0.00,6.72,0.00,0.00,0.00,9205.0,95830.0,86146.0,0.0,0.0,0.5,1.0,109.501,0.112,0.1,13120335.0
2026-09-01T06:03:05,0.8,6420,1547350,1529682,0.4,0.00,1.25,0.00,5.01,0.00,0.00,0.00,9205.0,95830.0,86146.0,1.0,0.0,0.5,0.0,105.205,0.112,0.1,13120335.0
2026-09-01T06:03:05,0.7,6422,1547350,1529680,0.4,0.00,13.29,0.00,53.16,0.00,0.12,0.00,9205.0,95830.0,86146.0,1.0,1.0,0.5,5.0,116.261,0.098,0.1,8980533.0
2026-09-01T06:03:06,0.5,6422,1547350,1529680,0.4,0.00,1.62,0.00,6.49,0.00,0.00,0.00,9205.0,95830.0,86146.0,0.0,1.5,0.5,8.0,92.812,0.102,0.1,12273867.5
2026-09-01T06:03:07,0.7,6423,1547350,1529679,0.4,0.00,0.77,0.00,3.10,0.00,0.00,0.00,9205.0,95830.0,86146.0,2.0,4.0,0.5,16.0,120.372,0.102,0.1,12273867.5
2026-09-01T06:03:08,0.6,6422,1547350,1529680,0.4,0.00,1.30,0.00,5.21,0.00,0.00,0.00,9205.0,95830.0,86146.0,2.0,0.0,0.5,0.0,112.966,0.116,0.1,13333922.0
2026-09-01T06:03:09,1.3,6423,1547350,1529679,0.4,0.00,1.07,0.00,4.28,0.00,0.00,0.00,9205.0,95830.0,86146.0,0.0,7.5,0.5,41.0,118.530,0.116,0.1,13333922.0
2026-09-01T06:03:09,0.7,6422,1547350,1529680,0.4,0.00,3.30,0.00,13.20,0.00,0.00,0.00,9205.0,95830.0,86146.0,0.0,0.0,0.5,1.5,134.666,0.116,0.1,13333922.0
2026-09-01T06:03:10,1.3,6422,1547350,1529680,0.4,0.00,1.55,0.00,6.21,0.00,0.00,0.00,9205.0,95830.0,86146.0,3.0,8.0,0.5,36.0,133.037,0.240,0.2,30633280.0
2026-09-01T06:03:10,0.6,6422,1547350,1529680,0.4,0.00,3.08,0.00,12.31,0.00,0.00,0.00,9205.0,95830.0,86146.0,3.0,0.0,0.5,1.0,121.650,0.240,0.2,30633280.0
2026-09-01T06:03:11,1.3,6421,1547350,1529680,0.4,0.00,1.39,0.00,5.57,0.00,0.00,0.00,9205.0,95830.0,86146.0,2.0,7.0,0.5,40.5,124.107,0.153,0.1,19726358.5
2026-09-01T06:03:11,0.6,6418,1547350,1529684,0.4,0.00,9.90,0.00,66.01,0.00,0.33,0.00,9205.0,95830.0,86146.0,2.0,0.0,0.5,1.0,121.236,0.153,0.1,19726358.5
2026-09-01T06:03:12,1.4,6418,1547350,1529684,0.4,0.00,1.28,0.00,5.11,0.00,0.00,0.00,9205.0,95830.0,86146.0,2.0,7.0,0.5,39.5,119.543,0.141,0.1,19472216.0
2026-09-01T06:03:13,0.5,6417,1547350,1529684,0.4,0.00,4.34,0.00,57.80,0.00,0.00,0.00,9205.0,95830.0,86146.0,0.0,0.0,0.5,0.0,119.813,0.141,0.1,19472216.0
2026-09-01T06:03:13,1.3,6417,1547350,1529684,0.4,0.00,3.50,0.00,13.99,0.00,0.00,0.00,9205.0,95830.0,86146.0,0.0,7.0,0.5,39.5,122.553,0.141,0.1,19472216.0
2026-09-01T06:03:13,0.8,6418,1547350,1529684,0.4,0.00,2.67,0.00,10.67,0.00,0.00,0.00,9205.0,95830.0,86146.0,3.0,0.0,0.5,0.0,120.060,0.143,0.1,21291009.0
2026-09-01T06:03:14,0.7,6418,1547350,1529684,0.4,0.00,1.24,0.00,4.96,0.00,0.00,0.00,9205.0,95830.0,86146.0,3.0,0.0,0.5,0.0,111.267,0.143,0.1,21291009.0
2026-09-01T06:03:15,1.4,6419,1547350,1529683,0.4,0.00,1.60,0.00,6.39,0.00,0.00,0.00,9205.0,95830.0,86146.0,24.0,8.0,0.5,40.0,137.039,0.143,0.1,21291009.0
2026-09-01T06:03:15,1.4,6418,1547350,1529683,0.4,0.00,4.00,0.00,16.00,0.00,0.00,0.00,9205.0,95830.0,86146.0,24.0,7.0,0.5,39.0,136.349,0.247,0.2,30677730.0
2026-09-01T06:03:15,1.3,6420,1547350,1529682,0.4,0.00,3.53,0.00,14.13,0.00,0.00,0.00,9205.0,95830.0,86146.0,24.0,7.0,0.5,38.0,156.614,0.247,0.2,30677730.0
2026-09-01T06:03:16,0.6,6421,1547350,1529681,0.4,0.00,1.49,0.00,5.94,0.00,0.00,0.00,9205.0,95830.0,86146.0,0.0,0.0,0.5,0.5,123.082,0.247,0.2,30677730.0
2026-09-01T06:03:16,0.8,6420,1547350,1529682,0.4,0.00,14.23,0.00,56.94,0.00,0.00,0.00,9205.0,95830.0,86146.0,0.0,0.0,0.5,1.0,110.510,0.132,0.1,17897516.5
2026-09-01T06:03:17,0.7,6420,1547350,1529681,0.4,0.00,1.60,0.00,6.40,0.00,0.00,0.00,9205.0,95830.0,86146.0,2.0,0.0,0.5,1.5,102.529,0.132,0.1,17897516.5
2026-09-01T06:03:18,1.4,6419,1547350,1529682,0.4,0.00,1.68,0.00,6.71,0.00,0.00,0.17,9205.0,95830.0,86146.0,2.0,7.5,0.5,33.0,131.115,0.132,0.1,17897516.5
2026-09-01T06:03:18,1.3,6419,1547350,1529683,0.4,0.00,3.36,0.00,13.42,0.00,0.00,0.00,9205.0,95830.0,86146.0,81.0,7.0,0.5,40.5,144.623,0.229,0.1,28506963.0
2026-09-01T06:03:18,1.3,6419,1547350,1529683,0.4,0.00,3.95,0.00,15.81,0.00,0.00,0.00,9205.0,95830.0,86146.0,81.0,7.5,0.5,41.0,161.183,0.229,0.1,28506963.0
2026-09-01T06:03:18,1.3,6418,1547350,1529683,0.4,0.00,3.86,0.00,15.44,0.00,0.00,0.39,9205.0,95830.0,86146.0,81.0,7.5,0.5,40.5,173.310,0.229,0.1,28506963.0
2026-09-01T06:03:19,0.8,6418,1547350,1529683,0.4,0.00,4.05,0.00,16.19,0.00,0.00,0.00,9205.0,95830.0,86146.0,81.0,0.0,0.5,0.0,136.921,0.244,0.1,38538629.5
2026-09-01T06:03:19,1.3,6419,1547350,1529683,0.4,0.00,1.42,0.00,5.69,0.00,1.00,0.00,9205.0,95830.0,86146.0,81.0,9.5,0.5,43.5,137.625,0.244,0.1,38538629.5
2026-09-01T06:03:20,0.8,6418,1547350,1529683,0.4,0.00,3.92,0.00,15.69,0.00,0.00,0.00,9205.0,95830.0,86146.0,80.0,0.0,0.5,1.0,139.397,0.244,0.1,38538629.5
2026-09-01T06:03:21,0.8,6419,1547350,1529682,0.4,0.00,0.96,0.00,3.82,0.00,0.00,0.10,9205.0,95830.0,86146.0,44.0,0.0,0.5,0.0,135.521,0.202,0.1,26746831.0
2026-09-01T06:03:21,1.3,6420,1547350,1529681,0.4,0.00,1.94,0.00,7.77,0.00,0.00,0.00,9205.0,95830.0,86146.0,44.0,9.0,0.5,40.5,134.284,0.202,0.1,26746831.0
2026-09-01T06:03:21,1.4,6421,1547350,1529681,0.4,0.00,4.10,0.00,16.39,0.00,0.00,0.41,9205.0,95830.0,86146.0,44.0,7.0,0.5,39.5,140.272,0.202,0.1,26746831.0
2026-09-01T06:03:22,1.3,6422,1547350,1529680,0.4,0.00,3.50,0.00,13.99,0.00,0.00,0.00,9205.0,95830.0,86146.0,44.0,7.0,0.5,40.0,163.938,0.202,0.1,26746831.0
2026-09-01T06:03:22,1.3,6422,1547350,1529680,0.4,0.00,3.76,0.00,15.04,0.00,0.00,0.00,9205.0,95830.0,86146.0,80.0,7.0,0.5,39.0,172.553,0.392,0.2,56925034.5
2026-09-01T06:03:23,0.5,6422,1547350,1529680,0.4,0.00,1.41,0.00,5.63,0.00,0.00,0.00,9205.0,95830.0,86146.0,80.0,0.0,0.5,1.0,117.926,0.392,0.2,56925034.5
2026-09-01T06:03:23,1.3,6422,1547350,1529679,0.4,0.00,4.76,0.00,19.05,0.00,0.00,0.00,9205.0,95830.0,86146.0,2.0,1.5,0.5,6.5,121.449,0.392,0.2,56925034.5
2026-09-01T06:03:23,1.3,6422,1547350,1529680,0.4,0.00,3.80,0.00,15.21,0.00,0.00,0.00,9205.0,95830.0,86146.0,2.0,7.0,0.5,38.0,133.306,0.175,0.1,24167901.5
2026-09-01T06:03:23,1.3,6421,1547350,1529681,0.4,0.00,4.13,0.00,16.53,0.00,0.00,0.00,9205.0,95830.0,86146.0,2.0,7.0,0.5,39.5,148.387,0.175,0.1,24167901.5
2026-09-01T06:03:24,1.4,6421,1547350,1529681,0.4,0.00,4.05,0.00,16.19,0.00,0.00,0.00,9205.0,95830.0,86146.0,2.0,7.0,0.5,39.0,170.994,0.175,0.1,24167901.5
2026-09-01T06:03:24,0.6,6421,1547350,1529680,0.4,0.00,3.69,0.00,14.76,0.00,0.00,0.00,9205.0,95830.0,86146.0,78.0,0.0,0.5,0.0,131.679,0.246,0.2,38860288.5
2026-09-01T06:03:24,0.8,6421,1547350,1529681,0.4,0.00,1.63,0.00,6.50,0.00,0.00,0.00,9205.0,95830.0,86146.0,87.0,0.0,0.5,1.0,116.365,0.246,0.2,38860288.5
2026-09-01T06:03:25,1.3,6422,1547350,1529680,0.4,0.00,1.24,0.00,4.95,0.00,0.00,0.00,9205.0,95830.0,86146.0,87.0,6.5,0.5,27.5,134.218,0.207,0.1,24443624.5
2026-09-01T06:03:26,0.5,6422,1547350,1529680,0.4,0.00,1.56,0.00,6.22,0.00,0.00,0.00,9205.0,95830.0,86146.0,24.0,0.0,0.5,0.0,124.293,0.207,0.1,24443624.5
2026-09-01T06:03:26,1.4,6422,1547350,1529679,0.4,0.00,4.17,0.00,16.67,0.00,0.00,0.00,9205.0,95830.0,86146.0,24.0,6.5,0.5,27.5,124.611,0.207,0.1,24443624.5
2026-09-01T06:03:26,0.8,6422,1547350,1529680,0.4,0.00,3.75,0.00,14.98,0.00,0.00,0.00,9205.0,95830.0,86146.0,64.0,0.0,0.5,0.0,131.582,0.142,0.1,19927817.5
2026-09-01T06:03:27,1.4,6421,1547350,1529680,0.4,0.00,1.39,0.00,5.56,0.00,0.00,0.00,9205.0,95830.0,86146.0,64.0,7.5,0.5,32.0,134.087,0.142,0.1,19927817.5
2026-09-01T06:03:27,1.4,6422,1547350,1529679,0.4,0.00,3.79,0.00,15.15,0.00,0.00,0.00,9205.0,95830.0,86146.0,64.0,6.5,0.5,37.5,134.231,0.142,0.1,19927817.5
2026-09-01T06:03:28,0.5,6422,1547350,1529679,0.4,0.00,1.62,0.00,6.47,0.00,0.00,0.00,9205.0,95830.0,86146.0,68.0,0.0,0.5,1.5,122.920,0.174,0.1,24859370.0
2026-09-01T06:03:28,1.3,6422,1547350,1529679,0.4,0.00,3.77,0.00,15.09,0.00,0.00,0.00,9205.0,95830.0,86146.0,68.0,0.0,0.5,0.5,126.220,0.174,0.1,24859370.0
2026-09-01T06:03:29,0.8,6422,1547350,1529679,0.4,0.00,3.65,0.00,14.60,0.00,0.00,0.00,9205.0,95830.0,86146.0,77.0,2.5,0.5,11.5,136.291,0.248,0.2,30196647.0
2026-09-01T06:03:29,1.3,6422,1547350,1529679,0.4,0.00,1.14,0.00,4.57,0.00,1.00,0.00,9205.0,95830.0,86146.0,77.0,8.5,0.5,40.5,137.024,0.248,0.2,30196647.0
2026-09-01T06:03:30,0.6,6421,1547350,1529680,0.4,0.00,1.28,0.00,5.12,0.00,0.00,0.00,9205.0,95830.0,86146.0,76.0,0.0,0.5,1.5,123.124,0.142,0.1,22999413.5
2026-09-01T06:03:31,1.4,6423,1547350,1529679,0.4,0.00,3.82,0.00,15.27,0.00,0.00,0.00,9205.0,95830.0,86146.0,76.0,0.5,0.5,3.0,123.209,0.142,0.1,22999413.5
2026-09-01T06:03:31,1.4,6422,1547350,1529679,0.4,0.00,3.15,0.00,12.62,0.00,0.00,0.00,9205.0,95830.0,86146.0,86.0,7.0,0.5,39.0,140.090,0.142,0.1,22999413.5
2026-09-01T06:03:31,1.4,6420,1547350,1529681,0.4,0.00,4.88,0.00,19.51,0.00,0.00,0.00,9205.0,95830.0,86146.0,86.0,0.0,0.5,0.0,137.107,0.257,0.2,36442900.5
2026-09-01T06:03:32,0.5,6419,1547350,1529682,0.4,0.00,0.76,0.00,3.05,0.00,0.00,0.00,9205.0,95830.0,86146.0,2.0,0.0,0.5,1.5,108.500,0.257,0.2,36442900.5
2026-09-01T06:03:33,0.8,6421,1547350,1529681,0.4,0.00,3.92,0.00,15.69,0.00,0.00,0.00,9205.0,95830.0,86146.0,23.0,4.0,0.5,16.5,113.292,0.105,0.1,10538168.5
2026-09-01T06:03:33,1.3,6422,1547350,1529680,0.4,0.00,1.56,0.00,6.22,0.00,0.00,0.00,9205.0,95830.0,86146.0,23.0,7.5,0.5,40.5,131.731,0.105,0.1,10538168.5
2026-09-01T06:03:34,0.6,6421,1547350,1529681,0.4,0.00,1.39,0.00,5.58,0.00,0.00,0.00,9205.0,95830.0,86146.0,2.0,0.0,0.5,0.5,120.171,0.105,0.1,10538168.5
2026-09-01T06:03:34,0.7,6421,1547350,1529680,0.4,0.00,3.44,0.00,13.75,0.00,0.00,0.00,9205.0,95830.0,86146.0,2.0,4.0,0.5,17.0,125.853,0.133,0.1,14859658.0
2026-09-01T06:03:35,1.3,6422,1547350,1529680,0.4,0.00,1.10,0.00,4.40,0.00,0.00,0.00,9205.0,95830.0,86146.0,2.0,7.5,0.5,39.5,123.245,0.133,0.1,14859658.0
2026-09-01T06:03:36,0.5,6422,1547350,1529680,0.4,0.00,1.41,0.00,5.65,0.00,0.00,0.00,9205.0,95830.0,86146.0,2.0,0.0,0.5,0.0,121.655,0.133,0.1,14859658.0
2026-09-01T06:03:36,1.3,6421,1547350,1529680,0.4,0.00,3.88,0.00,15.50,0.00,0.00,0.00,9205.0,95830.0,86146.0,2.0,9.5,0.5,42.5,121.649,0.183,0.1,24025948.5
2026-09-01T06:03:36,1.4,6421,1547350,1529681,0.4,0.00,3.98,0.00,15.94,0.00,0.00,0.00,9205.0,95830.0,86146.0,2.0,7.0,0.5,38.5,131.903,0.183,0.1,24025948.5
2026-09-01T06:03:37,0.8,6421,1547350,1529681,0.4,0.00,3.85,0.00,15.38,0.00,0.00,0.00,9205.0,95830.0,86146.0,63.0,0.0,0.5,1.0,135.442,0.183,0.1,24025948.5
2026-09-01T06:03:37,1.3,6422,1547350,1529679,0.4,0.00,1.38,0.00,5.51,0.00,0.00,0.00,9205.0,95830.0,86146.0,63.0,8.0,0.5,35.5,136.031,0.254,0.2,36496051.5
2026-09-01T06:03:38,0.8,6421,1547350,1529680,0.4,0.00,4.07,0.00,16.26,0.00,0.00,0.00,9205.0,95830.0,86146.0,16.0,0.0,0.5,1.5,126.455,0.254,0.2,36496051.5
2026-09-01T06:03:38,1.3,6421,1547350,1529680,0.4,0.00,1.64,0.00,6.58,0.00,0.00,0.00,9205.0,95830.0,86146.0,16.0,7.0,0.5,38.5,136.250,0.254,0.2,36496051.5
2026-09-01T06:03:39,0.5,6422,1547350,1529680,0.4,0.00,1.50,0.00,6.00,0.00,0.00,0.00,9205.0,95830.0,86146.0,2.0,0.0,0.5,0.0,117.087,0.121,0.1,17322364.5
2026-09-01T06:03:39,1.4,6421,1547350,1529680,0.4,0.00,3.89,0.00,15.56,0.00,0.00,0.00,9205.0,95830.0,86146.0,2.0,8.5,0.5,39.5,123.768,0.121,0.1,17322364.5
2026-09-01T06:03:39,0.7,6419,1547350,1529682,0.4,0.00,4.00,0.00,16.00,0.00,0.00,0.00,9205.0,95830.0,86146.0,3.0,0.0,0.5,1.5,125.823,0.121,0.1,17322364.5
2026-09-01T06:03:40,1.3,6421,1547350,1529680,0.4,0.00,1.23,0.00,4.91,0.00,0.00,0.00,9205.0,95830.0,86146.0,3.0,8.0,0.5,40.5,133.883,0.250,0.2,32579214.5
2026-09-01T06:03:40,1.4,6422,1547350,1529680,0.4,0.00,4.10,0.00,16.39,0.00,1.00,0.00,9205.0,95830.0,86146.0,3.0,7.0,0.5,39.5,150.449,0.250,0.2,32579214.5
2026-09-01T06:03:41,0.7,6421,1547350,1529680,0.4,0.00,4.33,0.00,17.32,0.00,0.00,0.00,9205.0,95830.0,86146.0,38.0,0.0,0.5,0.0,136.169,0.250,0.2,32579214.5
2026-09-01T06:03:41,1.3,6423,1547350,1529678,0.4,0.00,1.62,0.00,6.47,0.00,0.00,0.00,9205.0,95830.0,86146.0,38.0,9.0,0.5,41.0,136.141,0.226,0.1,31499648.5
2026-09-01T06:03:42,0.7,6422,1547350,1529680,0.4,0.00,3.48,0.00,13.94,0.00,0.00,0.00,9205.0,95830.0,86146.0,0.0,0.0,0.5,1.0,124.063,0.226,0.1,31499648.5
2026-09-01T06:03:42,0.6,6422,1547350,1529679,0.4,0.00,23.49,0.00,222.32,0.00,0.07,0.00,9205.0,95830.0,86146.0,0.0,0.0,0.5,1.0,117.438,0.082,0.1,9857589.5
2026-09-01T06:03:43,1.3,6423,1547350,1529679,0.4,0.00,1.21,0.00,4.85,0.00,0.00,0.00,9205.0,95830.0,86146.0,2.0,7.0,0.5,27.5,126.269,0.082,0.1,9857589.5
2026-09-01T06:03:43,1.3,6422,1547350,1529679,0.4,0.00,3.85,0.00,15.38,0.00,0.00,0.00,9205.0,95830.0,86146.0,2.0,7.0,0.5,39.5,138.346,0.082,0.1,9857589.5
2026-09-01T06:03:44,0.5,6423,1547350,1529679,0.4,0.00,1.46,0.00,5.82,0.00,0.00,0.00,9205.0,95830.0,86146.0,3.0,0.0,0.5,0.0,120.218,0.181,0.1,25278016.0
2026-09-01T06:03:44,0.7,6422,1547350,1529679,0.4,0.00,4.13,0.00,16.53,0.00,0.00,0.00,9205.0,95830.0,86146.0,3.0,0.0,0.5,0.5,111.126,0.181,0.1,25278016.0
2026-09-01T06:03:45,1.3,6422,1547350,1529680,0.4,0.00,1.43,0.00,5.71,0.00,0.00,0.00,9205.0,95830.0,86146.0,26.0,8.0,0.5,41.0,134.540,0.181,0.1,25278016.0
2026-09-01T06:03:46,0.5,6423,1547350,1529679,0.4,0.00,1.64,0.00,6.55,0.00,0.00,0.00,9205.0,95830.0,86146.0,26.0,0.0,0.5,0.0,120.224,0.135,0.1,15352583.5
2026-09-01T06:03:46,1.3,6423,1547350,1529679,0.4,0.00,4.33,0.00,17.32,0.00,0.00,0.00,9205.0,95830.0,86146.0,26.0,0.0,0.5,0.0,114.032,0.135,0.1,15352583.5
2026-09-01T06:03:46,0.8,6423,1547350,1529679,0.4,0.00,1.33,0.00,5.33,0.00,0.00,0.00,9205.0,95830.0,86146.0,0.0,9.5,0.5,43.5,136.048,0.135,0.1,15352583.5
2026-09-01T06:03:47,1.3,6423,1547350,1529679,0.4,0.00,3.80,0.00,15.21,0.00,0.00,0.00,9205.0,95830.0,86146.0,0.0,7.5,0.5,41.0,135.405,0.242,0.2,30839933.5
2026-09-01T06:03:47,1.4,6422,1547350,1529679,0.4,0.00,3.80,0.00,15.21,0.00,0.00,0.00,9205.0,95830.0,86146.0,87.0,7.0,0.5,40.0,156.757,0.242,0.2,30839933.5
2026-09-01T06:03:48,0.5,6422,1547350,1529679,0.4,0.00,3.00,0.00,12.01,0.00,0.50,0.00,9205.0,95830.0,86146.0,3.0,0.0,0.5,0.0,116.151,0.113,0.1,18250786.0
2026-09-01T06:03:48,0.8,6422,1547350,1529680,0.4,0.00,2.80,0.00,11.20,0.00,0.00,0.00,9205.0,95830.0,86146.0,3.0,0.0,0.5,1.5,114.721,0.113,0.1,18250786.0
2026-09-01T06:03:49,1.3,6421,1547350,1529680,0.4,0.00,1.64,0.00,6.56,0.00,0.00,0.00,9205.0,95830.0,86146.0,31.0,0.0,0.5,1.0,121.312,0.153,0.1,17539001.0
2026-09-01T06:03:49,0.8,6420,1547350,1529681,0.4,0.00,1.31,0.00,5.23,0.00,0.00,0.00,9205.0,95830.0,86146.0,31.0,5.0,0.5,19.5,141.988,0.153,0.1,17539001.0
2026-09-01T06:03:50,1.3,6420,1547350,1529681,0.4,0.00,1.96,0.00,7.86,0.00,0.00,0.00,9205.0,95830.0,86146.0,79.0,7.0,0.5,40.0,158.663,0.153,0.1,17539001.0
2026-09-01T06:03:50,1.4,6420,1547350,1529682,0.4,0.00,3.88,0.00,15.50,0.00,0.00,0.00,9205.0,95830.0,86146.0,79.0,7.0,0.5,39.5,174.214,0.390,0.2,56578964.5
2026-09-01T06:03:50,1.3,6420,1547350,1529682,0.4,0.00,3.61,0.00,14.44,0.00,0.00,0.00,9205.0,95830.0,86146.0,79.0,7.0,0.5,40.0,170.996,0.390,0.2,56578964.5
2026-09-01T06:03:51,0.8,6421,1547350,1529681,0.4,0.00,3.86,0.00,15.44,0.00,0.00,0.00,9205.0,95830.0,86146.0,79.0,0.0,0.5,1.0,131.785,0.208,0.1,32720980.0
2026-09-01T06:03:51,1.4,6421,1547350,1529680,0.4,0.00,1.31,0.00,5.25,0.00,0.00,0.00,9205.0,95830.0,86146.0,79.0,3.0,0.5,13.0,133.138,0.208,0.1,32720980.0
2026-09-01T06:03:52,0.5,6421,1547350,1529681,0.4,0.00,1.33,0.00,5.31,0.00,0.00,0.00,9205.0,95830.0,86146.0,86.0,0.0,0.5,0.0,114.356,0.118,0.1,13648981.5
2026-09-01T06:03:52,1.3,6421,1547350,1529681,0.4,0.00,3.75,0.00,14.98,0.00,0.00,0.00,9205.0,95830.0,86146.0,86.0,2.0,0.5,8.0,115.377,0.118,0.1,13648981.5
2026-09-01T06:03:53,1.3,6421,1547350,1529681,0.4,0.00,4.02,0.00,16.06,0.00,0.00,0.00,9205.0,95830.0,86146.0,85.0,7.0,0.5,40.5,139.863,0.118,0.1,13648981.5
2026-09-01T06:03:53,0.6,6421,1547350,1529680,0.4,0.00,1.48,0.00,5.93,0.00,0.00,0.00,9205.0,95830.0,86146.0,85.0,0.0,0.5,1.5,126.792,0.208,0.1,28791924.0
2026-09-01T06:03:54,0.8,6421,1547350,1529680,0.4,0.00,4.08,0.00,16.33,0.00,0.00,0.00,9205.0,95830.0,86146.0,22.0,0.0,0.5,0.0,112.540,0.208,0.1,28791924.0
2026-09-01T06:03:54,0.7,6421,1547350,1529680,0.4,0.00,1.46,0.00,5.82,0.00,0.00,0.00,9205.0,95830.0,86146.0,13.0,0.0,0.5,1.0,112.480,0.124,0.1,13146368.0
2026-09-01T06:03:55,0.8,6421,1547350,1529681,0.4,0.00,1.50,0.00,6.00,0.00,0.00,0.00,9205.0,95830.0,86146.0,13.0,0.0,0.5,0.0,114.906,0.124,0.1,13146368.0
2026-09-01T06:03:56,1.3,6423,1547350,1529679,0.4,0.00,1.46,0.00,5.86,0.00,0.00,0.00,9205.0,95830.0,86146.0,6.0,9.0,0.5,42.0,138.780,0.197,0.1,21996655.0
2026-09-01T06:03:56,0.5,6423,1547350,1529679,0.4,0.00,1.36,0.00,5.45,0.00,0.00,0.00,9205.0,95830.0,86146.0,6.0,0.0,0.5,1.5,121.323,0.197,0.1,21996655.0
2026-09-01T06:03:57,1.3,6423,1547350,1529679,0.4,0.00,3.76,0.00,15.04,0.00,0.00,0.00,9205.0,95830.0,86146.0,12.0,9.0,0.5,42.5,125.361,0.156,0.1,19849941.0
2026-09-01T06:03:57,1.3,6423,1547350,1529679,0.4,0.00,2.85,0.00,11.40,0.00,0.00,0.00,9205.0,95830.0,86146.0,12.0,7.0,0.5,38.0,148.903,0.156,0.1,19849941.0
2026-09-01T06:03:57,0.7,6423,1547350,1529678,0.4,0.00,4.20,0.00,16.81,0.00,0.00,0.00,9205.0,95830.0,86146.0,12.0,0.0,0.5,0.0,131.988,0.156,0.1,19849941.0
2026-09-01T06:03:58,0.8,6423,1547350,1529678,0.4,0.00,1.48,0.00,5.92,0.00,0.00,0.15,9205.0,95830.0,86146.0,0.0,0.0,0.5,0.0,108.508,0.155,0.1,21730395.5
2026-09-01T06:03:59,1.3,6424,1547350,1529678,0.4,0.00,1.66,0.00,6.64,0.00,1.00,0.00,9205.0,95830.0,86146.0,30.0,1.5,0.5,7.0,111.016,0.155,0.1,21730395.5
2026-09-01T06:03:59,0.6,6424,1547350,1529678,0.4,0.00,1.31,0.00,5.25,0.00,0.00,0.00,9205.0,95830.0,86146.0,3.0,0.0,0.5,0.0,113.656,0.115,0.1,11823468.5
2026-09-01T06:04:00,1.4,6424,1547350,1529677,0.4,0.00,1.19,0.00,4.78,0.00,0.00,0.00,9205.0,95830.0,86146.0,3.0,8.0,0.5,33.0,121.241,0.115,0.1,11823468.5
2026-09-01T06:04:00,1.3,6425,1547350,1529676,0.4,0.00,3.92,0.00,15.69,0.00,0.00,0.00,9205.0,95830.0,86146.0,3.0,7.5,0.5,41.0,137.805,0.115,0.1,11823468.5
2026-09-01T06:04:01,1.4,6425,1547350,1529677,0.4,0.00,4.24,0.00,16.95,0.00,0.00,0.00,9205.0,95830.0,86146.0,3.0,7.5,0.5,41.0,152.834,0.115,0.1,11823468.5
2026-09-01T06:04:01,1.3,6425,1547350,1529677,0.4,0.00,3.25,0.00,12.99,0.00,0.00,0.00,9205.0,95830.0,86146.0,82.0,7.0,0.5,40.0,173.303,0.381,0.2,54805733.0
2026-09-01T06:04:01,1.4,6425,1547350,1529677,0.4,0.00,3.88,0.00,15.50,0.00,0.00,0.00,9205.0,95830.0,86146.0,82.0,7.5,0.5,40.5,174.097,0.381,0.2,54805733.0
2026-09-01T06:04:02,1.7,6433,1547350,1529668,0.4,0.00,2.78,0.00,11.11,0.00,0.00,0.00,9205.0,95830.0,86146.0,82.0,7.0,0.5,39.0,173.312,0.381,0.2,54805733.0
2026-09-01T06:04:02,1.4,6433,1547350,1529668,0.4,0.00,4.31,0.00,17.24,0.00,0.00,0.00,9205.0,95830.0,86146.0,80.0,7.5,0.5,41.0,173.070,0.381,0.2,54805733.0
2026-09-01T06:04:02,1.3,6433,1547350,1529668,0.4,0.00,2.82,0.00,11.27,0.00,0.00,0.00,9205.0,95830.0,86146.0,80.0,0.0,0.5,1.5,132.563,0.303,0.2,48116346.0
2026-09-01T06:04:03,0.5,6433,1547350,1529669,0.4,0.00,0.78,0.00,3.12,0.00,0.00,0.00,9205.0,95830.0,86146.0,3.0,1.0,0.5,4.5,109.191,0.303,0.2,48116346.0
2026-09-01T06:04:04,0.8,6434,1547350,1529668,0.4,0.00,3.88,0.00,15.50,0.00,0.00,0.00,9205.0,95830.0,86146.0,68.0,0.0,0.5,1.5,117.264,0.096,0.1,9194710.5
2026-09-01T06:04:04,1.3,6435,1547350,1529666,0.4,0.00,1.59,0.00,6.38,0.00,0.00,0.00,9205.0,95830.0,86146.0,68.0,8.0,0.5,35.0,133.133,0.096,0.1,9194710.5
2026-09-01T06:04:05,0.4,6435,1547350,1529667,0.4,0.00,1.18,0.00,4.71,0.00,0.00,0.00,9205.0,95830.0,86146.0,0.0,0.0,0.5,0.0,105.188,0.122,0.1,13677270.5
2026-09-01T06:04:06,0.8,6434,1547350,1529668,0.4,0.00,3.09,0.00,12.35,0.00,0.00,0.00,9205.0,95830.0,86146.0,0.0,0.0,0.5,1.5,110.107,0.122,0.1,13677270.5
2026-09-01T06:04:06,1.3,6434,1547350,1529667,0.4,0.00,1.66,0.00,6.63,0.00,0.00,0.00,9205.0,95830.0,86146.0,0.0,9.5,0.5,42.5,129.599,0.122,0.1,13677270.5
2026-09-01T06:04:06,1.4,6434,1547350,1529667,0.4,0.00,3.89,0.00,15.56,0.00,0.00,0.00,9205.0,95830.0,86146.0,0.0,7.0,0.5,40.0,136.791,0.226,0.1,30513121.5
2026-09-01T06:04:07,1.3,6434,1547350,1529667,0.4,0.00,5.00,0.00,20.00,0.00,0.00,0.00,9205.0,95830.0,86146.0,0.0,7.0,0.5,40.0,152.483,0.226,0.1,30513121.5
2026-09-01T06:04:07,1.4,6433,1547350,1529668,0.4,0.00,3.97,0.00,15.87,0.00,0.00,0.00,9205.0,95830.0,86146.0,79.0,7.0,0.5,40.0,175.758,0.226,0.1,30513121.5
2026-09-01T06:04:07,1.3,6434,1547350,1529667,0.4,0.00,3.45,0.00,13.79,0.00,0.00,0.00,9205.0,95830.0,86146.0,79.0,7.0,0.5,40.0,171.788,0.226,0.1,30513121.5
2026-09-01T06:04:07,0.5,6432,1547350,1529669,0.4,0.00,4.12,0.00,16.46,0.00,0.00,0.00,9205.0,95830.0,86146.0,3.0,0.0,0.5,0.0,118.842,0.226,0.1,35900432.0
2026-09-01T06:04:08,1.4,6433,1547350,1529669,0.4,0.00,1.31,0.00,5.23,0.00,0.00,0.00,9205.0,95830.0,86146.0,3.0,9.0,0.5,40.5,120.933,0.226,0.1,35900432.0
2026-09-01T06:04:08,0.7,6433,1547350,1529668,0.4,0.00,4.02,0.00,16.06,0.00,0.00,0.00,9205.0,95830.0,86146.0,2.0,0.0,0.5,0.0,131.257,0.186,0.1,24912005.0
2026-09-01T06:04:09,0.8,6432,1547350,1529669,0.4,0.00,1.27,0.00,5.10,0.00,1.00,0.00,9205.0,95830.0,86146.0,2.0,0.0,0.5,0.0,122.245,0.186,0.1,24912005.0
2026-09-01T06:04:10,0.7,6433,1547350,1529669,0.4,0.00,1.35,0.00,5.41,0.00,0.00,0.00,9205.0,95830.0,86146.0,11.0,0.0,0.5,1.5,109.385,0.136,0.1,14373050.0
2026-09-01T06:04:11,0.8,6433,1547350,1529669,0.4,0.00,1.49,0.00,5.98,0.00,0.00,0.00,9205.0,95830.0,86146.0,25.0,0.0,0.5,0.5,113.948,0.136,0.1,14373050.0
2026-09-01T06:04:11,1.3,6430,1547350,1529671,0.4,0.00,1.41,0.00,5.65,0.00,0.00,0.00,9205.0,95830.0,86146.0,25.0,0.0,0.5,1.0,113.036,0.131,0.1,14158700.0
2026-09-01T06:04:12,0.9,6430,1547350,1529671,0.4,0.00,1.29,0.00,5.17,0.00,0.00,0.00,9205.0,95830.0,86146.0,0.0,6.5,0.5,26.5,138.082,0.131,0.1,14158700.0
2026-09-01T06:04:12,1.4,6431,1547350,1529671,0.4,0.00,4.02,0.00,16.06,0.00,0.00,0.00,9205.0,95830.0,86146.0,0.0,7.0,0.5,39.0,139.701,0.131,0.1,14158700.0
2026-09-01T06:04:13,1.4,6432,1547350,1529670,0.4,0.00,7.97,0.00,135.46,0.00,0.00,0.00,9205.0,95830.0,86146.0,0.0,6.5,0.5,37.5,155.571,0.131,0.1,14158700.0
2026-09-01T06:04:13,1.3,6429,1547350,1529672,0.4,0.00,7.46,0.00,29.85,0.00,0.00,0.00,9205.0,95830.0,86146.0,75.0,0.0,0.5,1.0,133.172,0.277,0.2,40768353.5
2026-09-01T06:04:14,0.8,6430,1547350,1529672,0.4,0.00,1.25,0.00,5.01,0.00,0.00,0.00,9205.0,95830.0,86146.0,45.0,0.0,0.5,1.0,119.208,0.277,0.2,40768353.5
2026-09-01T06:04:15,0.6,6430,1547350,1529671,0.4,0.00,1.09,0.00,4.35,0.00,0.00,0.00,9205.0,95830.0,86146.0,78.0,0.0,0.5,1.0,117.829,0.143,0.1,16596782.5
2026-09-01T06:04:15,1.3,6431,1547350,1529671,0.4,0.00,1.57,0.00,6.28,0.00,0.00,0.00,9205.0,95830.0,86146.0,78.0,7.0,0.5,30.0,139.793,0.143,0.1,16596782.5
2026-09-01T06:04:16,0.7,6432,1547350,1529670,0.4,0.00,2.69,0.00,10.75,0.00,0.00,0.00,9205.0,95830.0,86146.0,55.0,0.0,0.5,1.0,134.082,0.143,0.1,16596782.5
2026-09-01T06:04:16,1.4,6433,1547350,1529669,0.4,0.00,1.53,0.00,6.13,0.00,0.00,0.00,9205.0,95830.0,86146.0,55.0,7.0,0.5,31.5,132.875,0.224,0.1,28605762.0
2026-09-01T06:04:16,1.4,6432,1547350,1529670,0.4,0.00,4.00,0.00,16.00,0.00,0.00,0.00,9205.0,95830.0,86146.0,55.0,7.0,0.5,39.0,138.196,0.224,0.1,28605762.0
2026-09-01T06:04:17,1.4,6432,1547350,1529669,0.4,0.00,3.75,0.00,14.98,0.00,0.00,0.00,9205.0,95830.0,86146.0,55.0,7.0,0.5,40.0,161.863,0.224,0.1,28605762.0
2026-09-01T06:04:18,0.6,6431,1547350,1529670,0.4,0.00,1.19,0.00,4.75,0.00,0.00,0.00,9205.0,95830.0,86146.0,80.0,0.0,0.5,0.5,119.385,0.210,0.1,35289433.5
2026-09-01T06:04:18,0.7,6432,1547350,1529670,0.4,0.00,8.00,0.00,48.00,0.00,0.00,0.00,9205.0,95830.0,86146.0,1.0,0.0,0.5,0.0,115.071,0.210,0.1,35289433.5
2026-09-01T06:04:19,1.4,6432,1547350,1529670,0.4,0.00,1.42,0.00,5.68,0.00,0.00,0.00,9205.0,95830.0,86146.0,1.0,1.0,0.5,5.0,132.982,0.210,0.1,35289433.5
2026-09-01T06:04:19,1.4,6433,1547350,1529669,0.4,0.00,3.65,0.00,14.60,0.00,0.00,0.00,9205.0,95830.0,86146.0,83.0,7.0,0.5,38.0,135.882,0.239,0.2,30091958.5
2026-09-01T06:04:19,1.4,6433,1547350,1529668,0.4,0.00,3.40,0.00,13.61,0.00,0.00,0.00,9205.0,95830.0,86146.0,83.0,7.0,0.5,38.5,158.236,0.239,0.2,30091958.5
2026-09-01T06:04:19,1.3,6433,1547350,1529668,0.4,0.00,3.91,0.00,15.62,0.00,1.00,0.00,9205.0,95830.0,86146.0,83.0,7.0,0.5,38.0,168.775,0.239,0.2,30091958.5
2026-09-01T06:04:20,1.3,6432,1547350,1529669,0.4,0.00,4.07,0.00,16.26,0.00,0.00,0.00,9205.0,95830.0,86146.0,83.0,7.0,0.5,40.0,169.018,0.239,0.2,30091958.5
2026-09-01T06:04:20,1.3,6432,1547350,1529669,0.4,0.00,4.07,0.00,16.26,0.00,0.00,0.00,9205.0,95830.0,86146.0,80.0,7.0,0.5,40.5,167.897,0.392,0.2,61556661.0
2026-09-01T06:04:21,0.5,6432,1547350,1529670,0.4,0.00,1.35,0.00,5.38,0.00,0.00,0.00,9205.0,95830.0,86146.0,80.0,0.0,0.5,1.0,124.862,0.392,0.2,61556661.0
2026-09-01T06:04:21,0.7,6432,1547350,1529670,0.4,0.00,3.83,0.00,15.33,0.00,0.00,0.00,9205.0,95830.0,86146.0,2.0,0.0,0.5,1.0,107.629,0.055,0.0,5146060.5
2026-09-01T06:04:21,1.4,6432,1547350,1529670,0.4,0.00,1.64,0.00,6.58,0.00,0.00,0.00,9205.0,95830.0,86146.0,2.0,5.0,0.5,19.0,133.501,0.055,0.0,5146060.5
2026-09-01T06:04:22,0.8,6430,1547350,1529671,0.4,0.00,3.61,0.00,14.44,0.00,0.00,0.00,9205.0,95830.0,86146.0,79.0,0.0,0.5,0.0,134.142,0.055,0.0,5146060.5
2026-09-01T06:04:22,1.3,6431,1547350,1529671,0.4,0.00,1.64,0.00,6.55,0.00,0.00,0.00,9205.0,95830.0,86146.0,79.0,0.5,0.5,3.0,138.829,0.249,0.2,31892361.0
2026-09-01T06:04:23,1.3,6430,1547350,1529671,0.4,0.00,3.95,0.00,15.81,0.00,0.00,0.00,9205.0,95830.0,86146.0,79.0,7.0,0.5,40.0,139.964,0.249,0.2,31892361.0
2026-09-01T06:04:23,1.3,6431,1547350,1529670,0.4,0.00,3.97,0.00,15.87,0.00,0.00,0.00,9205.0,95830.0,86146.0,80.0,7.0,0.5,38.5,166.988,0.249,0.2,31892361.0
2026-09-01T06:04:24,0.5,6430,1547350,1529672,0.4,0.00,1.23,0.00,4.91,0.00,0.00,0.00,9205.0,95830.0,86146.0,80.0,0.0,0.5,1.0,121.139,0.188,0.1,29757103.5
2026-09-01T06:04:24,1.3,6431,1547350,1529671,0.4,0.00,3.91,0.00,15.62,0.00,0.00,0.00,9205.0,95830.0,86146.0,2.0,1.0,0.5,3.5,124.097,0.188,0.1,29757103.5
2026-09-01T06:04:24,1.3,6432,1547350,1529670,0.4,0.00,3.14,0.00,12.58,0.00,0.00,0.00,9205.0,95830.0,86146.0,2.0,7.0,0.5,38.5,139.210,0.188,0.1,29757103.5
2026-09-01T06:04:24,1.3,6432,1547350,1529670,0.4,0.00,4.13,0.00,16.53,0.00,0.00,0.00,9205.0,95830.0,86146.0,2.0,7.0,0.5,39.5,162.392,0.188,0.1,29757103.5
2026-09-01T06:04:25,1.4,6432,1547350,1529669,0.4,0.00,4.15,0.00,16.60,0.00,0.00,0.00,9205.0,95830.0,86146.0,2.0,7.5,0.5,40.5,171.630,0.401,0.3,58209388.5
2026-09-01T06:04:25,0.7,6431,1547350,1529671,0.4,0.00,4.00,0.00,16.00,0.00,0.00,0.00,9205.0,95830.0,86146.0,81.0,0.0,0.5,0.0,125.823,0.401,0.3,58209388.5
2026-09-01T06:04:26,1.3,6431,1547350,1529670,0.4,0.00,1.10,0.00,4.40,0.00,0.00,0.00,9205.0,95830.0,86146.0,72.0,7.0,0.5,39.0,137.659,0.221,0.1,31467086.5
2026-09-01T06:04:26,0.7,6431,1547350,1529671,0.4,0.00,2.86,0.00,11.43,0.00,0.00,0.00,9205.0,95830.0,86146.0,72.0,0.0,0.5,1.0,138.990,0.221,0.1,31467086.5
2026-09-01T06:04:27,1.4,6431,1547350,1529671,0.4,0.00,1.74,0.00,6.97,0.00,0.00,0.00,9205.0,95830.0,86146.0,56.0,6.5,0.5,40.0,139.863,0.221,0.1,31467086.5
2026-09-01T06:04:27,1.3,6431,1547350,1529670,0.4,0.00,3.03,0.00,12.12,0.00,0.00,0.00,9205.0,95830.0,86146.0,56.0,7.0,0.5,40.0,142.595,0.243,0.2,33855410.0
2026-09-01T06:04:27,1.3,6431,1547350,1529671,0.4,0.00,3.98,0.00,15.94,0.00,0.00,0.00,9205.0,95830.0,86146.0,56.0,7.0,0.5,39.5,158.853,0.243,0.2,33855410.0
2026-09-01T06:04:28,1.3,6431,1547350,1529670,0.4,0.00,3.85,0.00,15.38,0.00,0.00,0.00,9205.0,95830.0,86146.0,56.0,7.0,0.5,40.0,171.483,0.243,0.2,33855410.0
2026-09-01T06:04:28,0.7,6431,1547350,1529671,0.4,0.00,3.89,0.00,15.56,0.00,1.00,0.00,9205.0,95830.0,86146.0,80.0,0.0,0.5,1.0,135.422,0.246,0.2,35512097.5
2026-09-01T06:04:29,0.7,6431,1547350,1529670,0.4,0.00,1.34,0.00,5.37,0.00,0.00,0.00,9205.0,95830.0,86146.0,10.0,0.0,0.5,1.0,113.632,0.246,0.2,35512097.5
2026-09-01T06:04:29,1.5,6433,1547350,1529669,0.4,0.00,1.75,0.00,6.98,0.00,0.00,0.00,9205.0,95830.0,86146.0,10.0,4.5,0.5,18.0,138.560,0.246,0.2,35512097.5
2026-09-01T06:04:29,1.3,6432,1547350,1529669,0.4,0.00,3.89,0.00,15.56,0.00,0.00,0.00,9205.0,95830.0,86146.0,10.0,7.0,0.5,40.5,134.875,0.206,0.1,28115160.0
2026-09-01T06:04:30,1.3,6433,1547350,1529668,0.4,0.00,4.27,0.00,17.09,0.00,0.00,0.00,9205.0,95830.0,86146.0,10.0,7.0,0.5,39.0,147.851,0.206,0.1,28115160.0
2026-09-01T06:04:30,1.3,6434,1547350,1529668,0.4,0.00,4.13,0.00,16.53,0.00,0.00,0.41,9205.0,95830.0,86146.0,78.0,7.0,0.5,39.5,172.385,0.206,0.1,28115160.0
2026-09-01T06:04:30,1.4,6435,1547350,1529667,0.4,0.00,3.27,0.00,13.07,0.00,0.00,0.00,9205.0,95830.0,86146.0,78.0,7.0,0.5,39.5,171.049,0.206,0.1,28115160.0
2026-09-01T06:04:30,1.3,6434,1547350,1529667,0.4,0.00,4.05,0.00,16.19,0.00,0.00,0.00,9205.0,95830.0,86146.0,78.0,7.0,0.5,39.5,170.922,0.391,0.2,65772402.0
2026-09-01T06:04:31,0.5,6432,1547350,1529669,0.4,0.00,1.20,0.00,4.81,0.00,0.00,0.00,9205.0,95830.0,86146.0,79.0,0.0,0.5,0.0,124.754,0.391,0.2,65772402.0
2026-09-01T06:04:32,0.7,6433,1547350,1529669,0.4,0.00,4.18,0.00,16.74,0.00,0.00,0.00,9205.0,95830.0,86146.0,12.0,0.0,0.5,1.5,109.888,0.088,0.1,8806734.0
2026-09-01T06:04:32,0.7,6433,1547350,1529668,0.4,0.00,1.44,0.00,5.76,0.00,0.00,0.00,9205.0,95830.0,86146.0,12.0,0.0,0.5,0.0,109.929,0.088,0.1,8806734.0
2026-09-01T06:04:33,1.4,6433,1547350,1529668,0.4,0.00,1.63,0.00,6.50,0.00,0.00,0.00,9205.0,95830.0,86146.0,9.0,9.5,0.5,43.0,131.276,0.088,0.1,8806734.0
2026-09-01T06:04:34,0.5,6433,1547350,1529668,0.4,0.00,1.51,0.00,6.04,0.00,0.00,0.00,9205.0,95830.0,86146.0,9.0,0.0,0.5,0.0,114.263,0.113,0.1,12579213.5
2026-09-01T06:04:34,1.4,6433,1547350,1529668,0.4,0.00,22.73,0.00,106.06,0.00,0.00,0.00,9205.0,95830.0,86146.0,61.0,7.0,0.5,30.5,122.769,0.113,0.1,12579213.5
2026-09-01T06:04:34,1.3,6433,1547350,1529668,0.4,0.00,2.74,0.00,10.96,0.00,0.00,0.00,9205.0,95830.0,86146.0,61.0,7.0,0.5,40.5,148.371,0.113,0.1,12579213.5
2026-09-01T06:04:34,1.3,6433,1547350,1529669,0.4,0.00,3.72,0.00,14.87,0.00,0.00,0.00,9205.0,95830.0,86146.0,61.0,7.5,0.5,40.5,164.342,0.113,0.1,12579213.5
2026-09-01T06:04:35,0.7,6433,1547350,1529668,0.4,0.00,3.76,0.00,15.04,0.00,1.00,0.00,9205.0,95830.0,86146.0,38.0,0.0,0.5,1.5,136.570,0.285,0.2,39741075.0
2026-09-01T06:04:35,0.8,6433,1547350,1529668,0.4,0.00,1.34,0.00,5.35,0.00,0.00,0.00,9205.0,95830.0,86146.0,0.0,0.0,0.5,1.5,129.098,0.285,0.2,39741075.0
2026-09-01T06:04:36,1.5,6434,1547350,1529667,0.4,0.00,1.36,0.00,5.44,0.00,0.00,0.00,9205.0,95830.0,86146.0,0.0,9.0,0.5,41.0,136.592,0.285,0.2,39741075.0
2026-09-01T06:04:36,0.7,6432,1547350,1529669,0.4,0.00,3.65,0.00,14.60,0.00,0.00,0.00,9205.0,95830.0,86146.0,0.0,0.0,0.5,1.5,126.709,0.169,0.1,22964744.0
2026-09-01T06:04:37,1.4,6433,1547350,1529669,0.4,0.00,1.84,0.00,7.37,0.00,0.00,0.00,9205.0,95830.0,86146.0,3.0,6.5,0.5,28.0,138.111,0.169,0.1,22964744.0
2026-09-01T06:04:37,0.8,6434,1547350,1529668,0.4,0.00,3.53,0.00,14.13,0.00,0.00,0.00,9205.0,95830.0,86146.0,3.0,0.0,0.5,0.0,138.178,0.169,0.1,22964744.0
2026-09-01T06:04:38,0.8,6433,1547350,1529669,0.4,0.00,1.52,0.00,6.07,0.00,0.00,0.00,9205.0,95830.0,86146.0,3.0,0.0,0.5,1.5,112.494,0.179,0.1,21640554.5
2026-09-01T06:04:39,1.3,6432,1547350,1529669,0.4,0.00,1.50,0.00,6.01,0.00,0.00,0.00,9205.0,95830.0,86146.0,49.0,0.0,0.5,0.0,113.834,0.179,0.1,21640554.5
2026-09-01T06:04:39,0.7,6432,1547350,1529669,0.4,0.00,1.45,0.00,5.79,0.00,0.00,0.00,9205.0,95830.0,86146.0,49.0,0.0,0.5,1.5,113.865,0.136,0.1,13660835.5
2026-09-01T06:04:40,0.8,6434,1547350,1529668,0.4,0.00,1.38,0.00,5.53,0.00,0.00,0.00,9205.0,95830.0,86146.0,0.0,0.0,0.5,1.5,109.425,0.136,0.1,13660835.5
2026-09-01T06:04:41,0.8,6434,1547350,1529668,0.4,0.00,1.67,0.00,6.68,0.00,0.00,0.17,9205.0,95830.0,86146.0,47.0,0.0,0.5,0.0,112.918,0.132,0.1,13733745.0
2026-09-01T06:04:41,1.4,6434,1547350,1529667,0.4,0.00,1.42,0.00,5.67,0.00,0.00,0.00,9205.0,95830.0,86146.0,47.0,9.0,0.5,41.5,138.685,0.132,0.1,13733745.0
2026-09-01T06:04:42,0.7,6435,1547350,1529667,0.4,0.00,3.97,0.00,15.87,0.00,0.00,0.00,9205.0,95830.0,86146.0,77.0,0.0,0.5,1.5,129.440,0.180,0.1,23821294.5
2026-09-01T06:04:42,0.8,6434,1547350,1529668,0.4,0.00,1.36,0.00,5.46,0.00,0.00,0.14,9205.0,95830.0,86146.0,77.0,0.0,0.5,0.0,118.980,0.180,0.1,23821294.5
2026-09-01T06:04:43,1.3,6435,1547350,1529667,0.4,0.00,13.80,0.00,137.27,0.00,0.11,0.00,9205.0,95830.0,86146.0,0.0,8.5,0.5,35.0,143.534,0.193,0.1,19810485.0
2026-09-01T06:04:43,0.7,6434,1547350,1529667,0.4,0.00,2.16,0.00,8.64,0.00,0.00,0.00,9205.0,95830.0,86146.0,0.0,0.0,0.5,0.0,137.284,0.193,0.1,19810485.0
2026-09-01T06:04:44,1.4,6434,1547350,1529668,0.4,0.00,4.43,0.00,17.74,0.00,0.00,0.00,9205.0,95830.0,86146.0,0.0,0.0,0.5,0.0,119.203,0.145,0.1,18967301.0
2026-09-01T06:04:45,0.8,6434,1547350,1529668,0.4,0.00,1.46,0.00,5.86,0.00,0.00,0.00,9205.0,95830.0,86146.0,0.0,7.5,0.5,33.5,138.881,0.145,0.1,18967301.0
2026-09-01T06:04:45,0.7,6434,1547350,1529668,0.4,0.00,3.73,0.00,14.93,0.00,0.00,0.00,9205.0,95830.0,86146.0,67.0,0.0,0.5,1.0,128.384,0.145,0.1,18967301.0
2026-09-01T06:04:45,1.3,6434,1547350,1529668,0.4,0.00,1.62,0.00,6.46,0.00,0.00,0.00,9205.0,95830.0,86146.0,67.0,5.0,0.5,20.5,137.476,0.237,0.2,30800611.0
2026-09-01T06:04:46,1.3,6434,1547350,1529667,0.4,0.00,3.83,0.00,15.33,0.00,0.00,0.00,9205.0,95830.0,86146.0,67.0,7.0,0.5,38.5,136.390,0.237,0.2,30800611.0
2026-09-01T06:04:46,0.5,6434,1547350,1529667,0.4,0.00,1.52,0.00,6.10,0.00,0.00,0.00,9205.0,95830.0,86146.0,77.0,0.0,0.5,0.0,122.758,0.237,0.2,30800611.0
2026-09-01T06:04:47,1.4,6435,1547350,1529667,0.4,0.00,4.03,0.00,16.13,0.00,0.00,0.00,9205.0,95830.0,86146.0,77.0,6.5,0.5,25.0,125.062,0.187,0.1,25590183.0
2026-09-01T06:04:47,0.6,6435,1547350,1529667,0.4,0.00,1.56,0.00,6.25,0.00,0.00,0.00,9205.0,95830.0,86146.0,50.0,0.0,0.5,1.5,125.672,0.187,0.1,25590183.0
2026-09-01T06:04:47,0.8,6434,1547350,1529667,0.4,0.00,4.18,0.00,16.74,0.00,0.00,0.00,9205.0,95830.0,86146.0,78.0,0.0,0.5,0.0,113.397,0.077,0.1,8316024.0
2026-09-01T06:04:48,0.8,6435,1547350,1529667,0.4,0.00,1.25,0.00,4.98,0.00,0.00,0.00,9205.0,95830.0,86146.0,78.0,0.0,0.5,1.5,117.332,0.077,0.1,8316024.0
2026-09-01T06:04:49,1.0,6434,1547350,1529667,0.4,0.00,3.16,0.00,12.64,0.00,0.00,0.00,9205.0,95830.0,86146.0,3.0,0.5,0.5,2.5,133.142,0.194,0.1,21809509.5
2026-09-01T06:04:50,0.7,6434,1547350,1529668,0.4,0.00,1.38,0.00,5.50,0.00,0.00,0.00,9205.0,95830.0,86146.0,3.0,0.0,0.5,1.5,127.692,0.194,0.1,21809509.5
2026-09-01T06:04:50,1.3,6434,1547350,1529668,0.4,0.00,4.05,0.00,16.19,0.00,0.00,0.00,9205.0,95830.0,86146.0,3.0,1.0,0.5,5.0,128.066,0.194,0.1,21809509.5
2026-09-01T06:04:51,0.6,6435,1547350,1529666,0.4,0.00,1.48,0.00,5.93,0.00,1.00,0.00,9205.0,95830.0,86146.0,3.0,0.0,0.5,1.0,126.101,0.112,0.1,14329620.5
2026-09-01T06:04:51,0.8,6436,1547350,1529665,0.4,0.00,3.83,0.00,15.33,0.00,0.00,0.00,9205.0,95830.0,86146.0,47.0,1.0,0.5,4.5,111.846,0.112,0.1,14329620.5
2026-09-01T06:04:51,0.8,6436,1547350,1529665,0.4,0.00,1.49,0.00,5.97,0.00,0.00,0.00,9205.0,95830.0,86146.0,4.0,6.0,0.5,24.5,129.808,0.155,0.1,14239297.5
2026-09-01T06:04:53,0.6,6437,1547350,1529665,0.4,0.00,0.80,0.00,3.22,0.00,0.00,0.00,9205.0,95830.0,86146.0,4.0,0.0,0.5,0.5,110.451,0.155,0.1,14239297.5
2026-09-01T06:04:53,0.8,6437,1547350,1529665,0.4,0.00,3.56,0.00,14.23,0.00,0.00,0.00,9205.0,95830.0,86146.0,1.0,2.5,0.5,11.5,115.693,0.107,0.1,12865311.5
2026-09-01T06:04:54,0.8,6438,1547350,1529663,0.4,0.00,1.52,0.00,6.08,0.00,0.00,0.00,9205.0,95830.0,86146.0,78.0,0.0,0.5,1.5,115.993,0.107,0.1,12865311.5
2026-09-01T06:04:54,1.3,6438,1547350,1529663,0.4,0.00,1.44,0.00,5.77,0.00,0.00,0.00,9205.0,95830.0,86146.0,78.0,8.0,0.5,32.5,135.487,0.107,0.1,12865311.5
2026-09-01T06:04:55,0.5,6438,1547350,1529663,0.4,0.00,1.47,0.00,5.88,0.00,0.00,0.15,9205.0,95830.0,86146.0,0.0,0.0,0.5,0.0,119.306,0.137,0.1,15097505.5
2026-09-01T06:04:55,0.8,6437,1547350,1529664,0.4,0.00,3.06,0.00,12.23,0.00,0.00,0.00,9205.0,95830.0,86146.0,0.0,2.0,0.5,8.5,116.499,0.137,0.1,15097505.5
2026-09-01T06:04:56,0.9,6438,1547350,1529664,0.4,0.00,1.44,0.00,5.77,0.00,0.00,0.00,9205.0,95830.0,86146.0,0.0,1.5,0.5,7.0,125.827,0.164,0.1,19571311.5
2026-09-01T06:04:57,1.4,6438,1547350,1529664,0.4,0.00,1.24,0.00,4.96,0.00,0.00,0.00,9205.0,95830.0,86146.0,14.0,0.0,0.5,1.0,121.020,0.164,0.1,19571311.5
2026-09-01T06:04:58,0.8,6438,1547350,1529663,0.4,0.00,1.52,0.00,6.06,0.00,0.00,0.00,9205.0,95830.0,86146.0,23.0,0.0,0.5,1.5,112.736,0.136,0.1,15142438.0
2026-09-01T06:04:58,0.7,6438,1547350,1529663,0.4,0.00,1.30,0.00,5.22,0.00,0.00,0.00,9205.0,95830.0,86146.0,23.0,0.0,0.5,1.5,116.893,0.136,0.1,15142438.0
2026-09-01T06:04:59,1.4,6438,1547350,1529664,0.4,0.00,1.65,0.00,6.59,0.00,0.00,0.00,9205.0,95830.0,86146.0,3.0,9.5,0.5,42.0,143.047,0.136,0.1,15142438.0
2026-09-01T06:04:59,1.4,6437,1547350,1529665,0.4,0.00,3.89,0.00,15.56,0.00,0.00,0.00,9205.0,95830.0,86146.0,3.0,7.0,0.5,40.0,138.914,0.252,0.2,31620897.5
2026-09-01T06:04:59,0.7,6437,1547350,1529664,0.4,0.00,3.46,0.00,13.84,0.00,0.00,0.00,9205.0,95830.0,86146.0,3.0,0.0,0.5,1.5,137.933,0.252,0.2,31620897.5
2026-09-01T06:05:00,1.4,6437,1547350,1529665,0.4,0.00,1.96,0.00,7.83,0.00,0.00,0.00,9205.0,95830.0,86146.0,3.0,7.5,0.5,31.5,140.588,0.252,0.2,31620897.5
2026-09-01T06:05:01,0.7,6442,1547350,1529659,0.4,0.00,1.54,0.00,6.15,0.00,0.00,0.00,9205.0,95830.0,86146.0,3.0,0.0,0.5,1.5,120.372,0.138,0.1,16877396.5
2026-09-01T06:05:01,0.7,6441,1547350,1529661,0.4,0.00,4.33,0.00,17.32,0.00,0.00,0.00,9205.0,95830.0,86146.0,23.0,6.0,0.5,24.0,126.005,0.138,0.1,16877396.5
2026-09-01T06:05:02,1.3,6441,1547350,1529660,0.4,0.00,1.15,0.00,4.61,0.00,0.00,0.00,9205.0,95830.0,86146.0,23.0,7.0,0.5,40.0,132.438,0.207,0.1,25623742.0
2026-09-01T06:05:02,1.4,6441,1547350,1529660,0.4,0.00,4.00,0.00,16.00,0.00,0.00,0.00,9205.0,95830.0,86146.0,80.0,7.0,0.5,40.0,146.459,0.207,0.1,25623742.0
2026-09-01T06:05:02,1.3,6441,1547350,1529661,0.4,0.00,2.87,0.00,11.46,0.00,0.00,0.00,9205.0,95830.0,86146.0,80.0,7.0,0.5,40.0,171.530,0.207,0.1,25623742.0
2026-09-01T06:05:03,1.3,6441,1547350,1529661,0.4,0.00,3.98,0.00,15.94,0.00,1.00,0.00,9205.0,95830.0,86146.0,80.0,7.0,0.5,39.5,171.705,0.207,0.1,25623742.0
2026-09-01T06:05:03,0.7,6442,1547350,1529660,0.4,0.00,3.97,0.00,15.87,0.00,0.00,0.00,9205.0,95830.0,86146.0,80.0,0.0,0.5,1.5,132.582,0.262,0.2,41531961.0
2026-09-01T06:05:04,0.8,6441,1547350,1529660,0.4,0.00,1.31,0.00,5.22,0.00,0.00,0.00,9205.0,95830.0,86146.0,0.0,0.0,0.5,0.0,113.243,0.262,0.2,41531961.0
2026-09-01T06:05:04,1.3,6442,1547350,1529660,0.4,0.00,2.05,0.00,8.20,0.00,0.00,0.00,9205.0,95830.0,86146.0,0.0,8.5,0.5,41.5,142.398,0.229,0.2,26498482.5
2026-09-01T06:05:04,0.7,6441,1547350,1529660,0.4,0.00,2.59,0.00,10.36,0.00,0.00,0.00,9205.0,95830.0,86146.0,0.0,0.0,0.5,1.5,141.835,0.229,0.2,26498482.5
2026-09-01T06:05:05,0.7,6442,1547350,1529660,0.4,0.00,1.70,0.00,6.79,0.00,0.00,0.00,9205.0,95830.0,86146.0,3.0,0.0,0.5,0.0,113.314,0.135,0.1,16946191.5
2026-09-01T06:05:06,1.4,6441,1547350,1529661,0.4,0.00,1.60,0.00,6.39,0.00,0.00,0.00,9205.0,95830.0,86146.0,3.0,0.0,0.5,40.5,135.803,0.135,0.1,16946191.5
2026-09-01T06:05:06,0.4,6443,1547350,1529659,0.4,0.00,1.50,0.00,6.00,0.00,0.00,0.15,9205.0,95830.0,86146.0,81.0,0.0,0.5,0.0,110.007,0.100,0.1,10313559.5
2026-09-01T06:05:07,0.8,6441,1547350,1529660,0.4,0.00,2.29,0.00,9.15,0.00,0.00,0.00,9205.0,95830.0,86146.0,59.0,0.0,0.5,1.0,118.942,0.100,0.1,10313559.5
2026-09-01T06:05:07,0.7,6441,1547350,1529660,0.4,0.00,1.55,0.00,6.21,0.00,0.00,0.00,9205.0,95830.0,86146.0,47.0,0.0,0.5,0.0,112.064,0.139,0.1,14723140.5
2026-09-01T06:05:08,0.7,6441,1547350,1529660,0.4,0.00,1.54,0.00,6.15,0.00,0.00,0.00,9205.0,95830.0,86146.0,47.0,0.0,0.5,1.5,125.770,0.139,0.1,14723140.5
2026-09-01T06:05:09,1.3,6440,1547350,1529661,0.4,0.00,1.20,0.00,4.78,0.00,0.00,0.00,9205.0,95830.0,86146.0,3.0,7.0,0.5,39.5,137.853,0.212,0.1,24775722.5
2026-09-01T06:05:09,0.8,6441,1547350,1529661,0.4,0.00,7.30,0.00,29.20,0.00,0.00,0.00,9205.0,95830.0,86146.0,3.0,0.0,0.5,0.0,136.623,0.212,0.1,24775722.5
2026-09-01T06:05:10,0.8,6440,1547350,1529662,0.4,0.00,1.46,0.00,5.86,0.00,0.00,0.00,9205.0,95830.0,86146.0,0.0,0.0,0.5,0.0,122.151,0.158,0.1,20901762.0
2026-09-01T06:05:11,0.9,6439,1547350,1529663,0.4,0.00,1.47,0.00,5.87,0.00,0.00,0.00,9205.0,95830.0,86146.0,78.0,0.0,0.5,1.5,114.361,0.158,0.1,20901762.0
2026-09-01T06:05:11,1.3,6438,1547350,1529663,0.4,0.00,1.35,0.00,5.41,0.00,0.00,0.00,9205.0,95830.0,86146.0,78.0,5.5,0.5,21.5,140.410,0.235,0.2,30133137.0
2026-09-01T06:05:12,1.4,6438,1547350,1529663,0.4,0.00,3.85,0.00,15.38,0.00,0.00,0.00,9205.0,95830.0,86146.0,78.0,7.0,0.5,40.0,143.231,0.235,0.2,30133137.0
2026-09-01T06:05:12,0.6,6437,1547350,1529664,0.4,0.00,3.51,0.00,14.04,0.00,0.00,0.00,9205.0,95830.0,86146.0,80.0,0.0,0.5,1.5,130.132,0.235,0.2,30133137.0
2026-09-01T06:05:12,1.3,6438,1547350,1529664,0.4,0.00,1.56,0.00,6.25,0.00,0.00,0.00,9205.0,95830.0,86146.0,80.0,1.5,0.5,7.0,132.850,0.212,0.1,29262967.0
2026-09-01T06:05:13,1.4,6437,1547350,1529665,0.4,0.00,11.19,0.00,139.93,0.00,0.33,0.00,9205.0,95830.0,86146.0,85.0,0.0,0.5,0.0,123.751,0.212,0.1,29262967.0
2026-09-01T06:05:14,0.7,6437,1547350,1529664,0.4,0.00,1.14,0.00,4.57,0.00,0.00,0.00,9205.0,95830.0,86146.0,85.0,6.0,0.5,24.0,125.303,0.196,0.1,26993719.0
2026-09-01T06:05:14,1.3,6437,1547350,1529664,0.4,0.00,3.64,0.00,14.55,0.00,0.00,0.00,9205.0,95830.0,86146.0,48.0,7.0,0.5,40.0,138.255,0.196,0.1,26993719.0
2026-09-01T06:05:14,1.3,6436,1547350,1529665,0.4,0.00,4.37,0.00,17.47,0.00,0.00,0.00,9205.0,95830.0,86146.0,48.0,7.0,0.5,40.0,166.408,0.196,0.1,26993719.0
2026-09-01T06:05:15,0.5,6436,1547350,1529665,0.4,0.00,1.38,0.00,5.53,0.00,0.00,0.00,9205.0,95830.0,86146.0,0.0,0.0,0.5,1.5,126.399,0.198,0.1,31171882.0
2026-09-01T06:05:15,0.9,6437,1547350,1529664,0.4,0.00,3.04,0.00,12.16,0.00,0.00,0.00,9205.0,95830.0,86146.0,0.0,0.0,0.5,1.5,124.695,0.198,0.1,31171882.0
2026-09-01T06:05:16,1.3,6437,1547350,1529665,0.4,0.00,1.48,0.00,5.93,0.00,0.00,0.00,9205.0,95830.0,86146.0,3.0,6.0,0.5,25.5,142.992,0.245,0.2,29779993.5
2026-09-01T06:05:16,1.3,6436,1547350,1529666,0.4,0.00,3.75,0.00,14.98,0.00,0.00,0.00,9205.0,95830.0,86146.0,3.0,0.0,0.5,0.0,131.982,0.245,0.2,29779993.5
2026-09-01T06:05:17,0.7,6436,1547350,1529666,0.4,0.00,1.16,0.00,4.65,0.00,0.00,0.00,9205.0,95830.0,86146.0,0.0,0.0,0.5,1.5,113.875,0.154,0.1,21114792.0
2026-09-01T06:05:18,1.3,6436,1547350,1529666,0.4,0.00,1.52,0.00,6.09,0.00,0.00,0.00,9205.0,95830.0,86146.0,36.0,0.0,0.5,0.0,123.148,0.154,0.1,21114792.0
2026-09-01T06:05:18,0.9,6436,1547350,1529665,0.4,0.00,1.27,0.00,5.09,0.00,0.00,0.00,9205.0,95830.0,86146.0,36.0,9.0,0.5,43.0,142.703,0.229,0.2,25846634.0
2026-09-01T06:05:19,0.7,6436,1547350,1529665,0.4,0.00,3.82,0.00,15.27,0.00,0.00,0.00,9205.0,95830.0,86146.0,37.0,3.5,0.5,14.0,136.339,0.229,0.2,25846634.0
2026-09-01T06:05:19,1.4,6436,1547350,1529666,0.4,0.00,1.71,0.00,6.83,0.00,0.00,0.00,9205.0,95830.0,86146.0,37.0,8.0,0.5,41.0,138.365,0.229,0.2,25846634.0
2026-09-01T06:05:20,0.8,6436,1547350,1529665,0.4,0.00,3.85,0.00,15.38,0.00,0.00,0.00,9205.0,95830.0,86146.0,0.0,0.0,0.5,1.5,134.010,0.170,0.1,23707596.5
2026-09-01T06:05:20,0.8,6436,1547350,1529665,0.4,0.00,1.71,0.00,6.83,0.00,0.00,0.00,9205.0,95830.0,86146.0,0.0,0.0,0.5,1.5,115.245,0.170,0.1,23707596.5
2026-09-01T06:05:21,0.7,6436,1547350,1529665,0.4,0.00,1.54,0.00,6.15,0.00,0.00,0.00,9205.0,95830.0,86146.0,63.0,0.0,0.5,0.0,117.875,0.126,0.1,12760176.5
2026-09-01T06:05:22,1.3,6437,1547350,1529665,0.4,0.00,1.27,0.00,5.08,0.00,0.00,0.00,9205.0,95830.0,86146.0,63.0,9.0,0.5,39.5,134.131,0.126,0.1,12760176.5
2026-09-01T06:05:22,0.5,6438,1547350,1529664,0.4,0.00,1.50,0.00,6.02,0.00,0.00,0.00,9205.0,95830.0,86146.0,55.0,0.0,0.5,0.0,122.740,0.126,0.1,12760176.5
2026-09-01T06:05:23,0.8,6438,1547350,1529663,0.4,0.00,3.17,0.00,12.70,0.00,0.00,0.00,9205.0,95830.0,86146.0,4.0,0.0,0.5,1.0,113.579,0.136,0.1,15875316.0
2026-09-01T06:05:23,0.8,6438,1547350,1529664,0.4,0.00,1.56,0.00,6.24,0.00,1.00,0.16,9205.0,95830.0,86146.0,4.0,0.0,0.5,1.5,123.358,0.141,0.1,14237927.0
2026-09-01T06:05:24,0.7,6438,1547350,1529663,0.4,0.00,1.46,0.00,5.86,0.00,0.00,0.00,9205.0,95830.0,86146.0,36.0,0.0,0.5,1.5,119.396,0.141,0.1,14237927.0
2026-09-01T06:05:25,1.4,6439,1547350,1529663,0.4,0.00,1.46,0.00,5.82,0.00,0.00,0.00,9205.0,95830.0,86146.0,36.0,8.5,0.5,36.5,136.194,0.141,0.1,14237927.0
2026-09-01T06:05:25,1.4,6439,1547350,1529663,0.4,0.00,7.81,0.00,46.88,0.00,0.00,0.00,9205.0,95830.0,86146.0,80.0,7.0,0.5,40.0,141.331,0.240,0.2,33297051.5
2026-09-01T06:05:25,0.7,6438,1547350,1529663,0.4,0.00,3.79,0.00,15.15,0.00,0.00,0.00,9205.0,95830.0,86146.0,80.0,0.0,0.5,1.5,138.610,0.240,0.2,33297051.5
2026-09-01T06:05:26,0.8,6438,1547350,1529664,0.4,0.00,1.75,0.00,7.01,0.00,0.00,0.00,9205.0,95830.0,86146.0,43.0,3.0,0.5,13.0,128.293,0.140,0.1,13888705.5
2026-09-01T06:05:27,0.9,6438,1547350,1529663,0.4,0.00,1.06,0.00,4.22,0.00,0.00,0.00,9205.0,95830.0,86146.0,12.0,0.0,0.5,1.5,134.309,0.140,0.1,13888705.5
2026-09-01T06:05:27,1.3,6438,1547350,1529663,0.4,0.00,1.52,0.00,6.07,0.00,0.00,0.00,9205.0,95830.0,86146.0,12.0,0.0,0.5,1.5,124.347,0.168,0.1,23460557.0
2026-09-01T06:05:28,0.7,6438,1547350,1529663,0.4,0.00,1.34,0.00,5.34,0.00,0.00,0.00,9205.0,95830.0,86146.0,3.0,6.0,0.5,23.0,122.237,0.168,0.1,23460557.0
2026-09-01T06:05:29,0.8,6438,1547350,1529663,0.4,0.00,1.33,0.00,5.31,0.00,0.00,0.00,9205.0,95830.0,86146.0,71.0,0.0,0.5,1.5,119.578,0.148,0.1,16302513.0
2026-09-01T06:05:29,0.8,6440,1547350,1529662,0.4,0.00,1.40,0.00,5.60,0.00,0.00,0.00,9205.0,95830.0,86146.0,3.0,0.0,0.5,1.5,114.977,0.148,0.1,16302513.0
2026-09-01T06:05:30,1.3,6440,1547350,1529662,0.4,0.00,1.67,0.00,6.69,0.00,0.00,0.00,9205.0,95830.0,86146.0,3.0,4.5,0.5,16.5,140.798,0.148,0.1,16302513.0
2026-09-01T06:05:31,0.6,6439,1547350,1529663,0.4,0.00,1.43,0.00,5.72,0.00,0.00,0.00,9205.0,95830.0,86146.0,3.0,0.0,0.5,1.0,126.976,0.143,0.1,15976996.0
2026-09-01T06:05:31,1.4,6439,1547350,1529663,0.4,0.00,4.02,0.00,16.06,0.00,0.00,0.00,9205.0,95830.0,86146.0,2.0,6.5,0.5,26.0,126.197,0.143,0.1,15976996.0
2026-09-01T06:05:31,0.7,6438,1547350,1529663,0.4,0.00,3.82,0.00,15.27,0.00,0.00,0.00,9205.0,95830.0,86146.0,2.0,0.0,0.5,0.0,130.432,0.143,0.1,15976996.0
2026-09-01T06:05:32,1.3,6437,1547350,1529664,0.4,0.00,1.59,0.00,6.36,0.00,0.00,0.00,9205.0,95830.0,86146.0,7.0,9.5,0.5,43.5,138.159,0.246,0.2,29347242.0
2026-09-01T06:05:32,0.9,6438,1547350,1529664,0.4,0.00,2.81,0.00,11.24,0.00,0.00,0.00,9205.0,95830.0,86146.0,7.0,0.0,0.5,1.5,136.373,0.246,0.2,29347242.0
2026-09-01T06:05:33,1.3,6438,1547350,1529663,0.4,0.00,1.46,0.00,5.83,0.00,0.00,0.15,9205.0,95830.0,86146.0,3.0,9.0,0.5,38.0,136.785,0.212,0.1,28405923.0
2026-09-01T06:05:33,1.3,6439,1547350,1529663,0.4,0.00,2.19,0.00,8.77,0.00,0.00,0.22,9205.0,95830.0,86146.0,3.0,7.0,0.5,39.5,153.452,0.212,0.1,28405923.0
2026-09-01T06:05:34,1.3,6439,1547350,1529662,0.4,0.00,4.08,0.00,16.33,0.00,0.00,0.00,9205.0,95830.0,86146.0,3.0,7.0,0.5,40.0,170.382,0.212,0.1,28405923.0
2026-09-01T06:05:34,1.3,6439,1547350,1529662,0.4,0.00,3.51,0.00,14.04,0.00,1.00,0.00,9205.0,95830.0,86146.0,80.0,7.0,0.5,39.5,171.885,0.212,0.1,28405923.0
2026-09-01T06:05:34,1.4,6439,1547350,1529663,0.4,0.00,4.03,0.00,16.13,0.00,0.00,0.00,9205.0,95830.0,86146.0,80.0,7.0,0.5,40.0,172.204,0.396,0.2,62343666.0
2026-09-01T06:05:35,1.3,6439,1547350,1529662,0.4,0.00,2.89,0.00,11.56,0.00,0.00,0.00,9205.0,95830.0,86146.0,80.0,7.5,0.5,40.0,172.983,0.396,0.2,62343666.0
2026-09-01T06:05:35,1.3,6439,1547350,1529662,0.4,0.00,3.65,0.00,14.60,0.00,0.00,0.00,9205.0,95830.0,86146.0,80.0,7.0,0.5,40.0,172.849,0.396,0.2,62343666.0
2026-09-01T06:05:35,1.4,6439,1547350,1529662,0.4,0.00,22.64,0.00,90.57,0.00,0.00,0.00,9205.0,95830.0,86146.0,80.0,7.5,0.5,40.5,173.324,0.396,0.2,62343666.0
2026-09-01T06:05:35,1.4,6439,1547350,1529662,0.4,0.00,3.57,0.00,14.29,0.00,0.00,0.00,9205.0,95830.0,86146.0,80.0,7.5,0.5,40.0,173.118,0.396,0.2,62711102.0
2026-09-01T06:05:36,0.5,6439,1547350,1529662,0.4,0.00,1.55,0.00,6.21,0.00,0.00,0.00,9205.0,95830.0,86146.0,42.0,0.0,0.5,1.5,126.731,0.396,0.2,62711102.0
2026-09-01T06:05:36,0.8,6440,1547350,1529662,0.4,0.00,4.13,0.00,16.53,0.00,0.00,0.00,9205.0,95830.0,86146.0,0.0,1.0,0.5,4.5,133.564,0.107,0.1,9545458.5
2026-09-01T06:05:37,0.8,6440,1547350,1529662,0.4,0.00,1.23,0.00,4.90,0.00,0.00,0.00,9205.0,95830.0,86146.0,0.0,0.0,0.5,0.0,124.194,0.107,0.1,9545458.5
2026-09-01T06:05:38,0.8,6438,1547350,1529663,0.4,0.00,1.55,0.00,6.21,0.00,0.00,0.00,9205.0,95830.0,86146.0,17.0,0.0,0.5,0.0,118.573,0.129,0.1,16704516.5
2026-09-01T06:05:38,1.4,6439,1547350,1529663,0.4,0.00,1.47,0.00,5.89,0.00,0.00,0.00,9205.0,95830.0,86146.0,17.0,8.0,0.5,35.5,136.175,0.129,0.1,16704516.5
2026-09-01T06:05:39,0.5,6441,1547350,1529661,0.4,0.00,1.40,0.00,5.59,0.00,0.00,0.14,9205.0,95830.0,86146.0,70.0,0.0,0.5,1.5,122.298,0.129,0.1,16704516.5
2026-09-01T06:05:39,1.3,6440,1547350,1529661,0.4,0.00,4.07,0.00,16.26,0.00,0.00,0.00,9205.0,95830.0,86146.0,70.0,9.0,0.5,40.5,123.959,0.200,0.1,26564339.0
2026-09-01T06:05:40,0.5,6440,1547350,1529661,0.4,0.00,1.42,0.00,5.67,0.00,0.00,0.00,9205.0,95830.0,86146.0,65.0,0.0,0.5,1.5,128.945,0.200,0.1,26564339.0
2026-09-01T06:05:40,1.3,6441,1547350,1529661,0.4,0.00,4.29,0.00,17.17,0.00,1.00,0.00,9205.0,95830.0,86146.0,65.0,8.5,0.5,42.0,127.378,0.200,0.1,26564339.0
2026-09-01T06:05:41,0.8,6441,1547350,1529661,0.4,0.00,2.80,0.00,11.20,0.00,0.00,0.00,9205.0,95830.0,86146.0,80.0,0.0,0.5,1.5,136.290,0.168,0.1,21671467.5
2026-09-01T06:05:41,1.4,6441,1547350,1529661,0.4,0.00,1.72,0.00,6.86,0.00,0.00,0.00,9205.0,95830.0,86146.0,80.0,4.0,0.5,16.5,139.575,0.168,0.1,21671467.5
2026-09-01T06:05:42,0.5,6440,1547350,1529661,0.4,0.00,1.66,0.00,6.63,0.00,0.00,0.00,9205.0,95830.0,86146.0,0.0,0.0,0.5,1.0,112.497,0.129,0.1,15110898.5
2026-09-01T06:05:42,1.3,6440,1547350,1529661,0.4,0.00,3.57,0.00,14.29,0.00,0.00,0.00,9205.0,95830.0,86146.0,0.0,3.5,0.5,14.0,128.180,0.129,0.1,15110898.5
2026-09-01T06:05:43,0.6,6441,1547350,1529661,0.4,0.00,1.27,0.00,5.06,0.00,0.00,0.00,9205.0,95830.0,86146.0,0.0,0.0,0.5,1.5,123.355,0.167,0.1,24213312.5
2026-09-01T06:05:43,1.4,6440,1547350,1529661,0.4,0.00,4.12,0.00,16.46,0.00,0.00,0.00,9205.0,95830.0,86146.0,0.0,0.0,0.5,0.0,126.959,0.167,0.1,24213312.5
2026-09-01T06:05:44,0.6,6440,1547350,1529661,0.4,0.00,10.99,0.00,120.88,0.00,0.00,0.00,9205.0,95830.0,86146.0,0.0,0.0,0.5,1.5,121.601,0.167,0.1,24213312.5
2026-09-01T06:05:44,1.4,6441,1547350,1529661,0.4,0.00,4.61,0.00,18.43,0.00,0.00,0.00,9205.0,95830.0,86146.0,0.0,1.0,0.5,5.0,125.624,0.192,0.1,21445424.5
2026-09-01T06:05:44,1.3,6441,1547350,1529661,0.4,0.00,3.77,0.00,15.09,0.00,0.00,0.00,9205.0,95830.0,86146.0,0.0,7.5,0.5,40.5,141.246,0.192,0.1,21445424.5
2026-09-01T06:05:45,0.5,6440,1547350,1529661,0.4,0.00,1.35,0.00,5.39,0.00,0.00,0.00,9205.0,95830.0,86146.0,70.0,0.0,0.5,1.5,123.697,0.157,0.1,24975449.0
2026-09-01T06:05:45,1.3,6441,1547350,1529660,0.4,0.00,7.14,0.00,28.57,0.00,0.50,0.00,9205.0,95830.0,86146.0,70.0,9.0,0.5,42.5,124.986,0.157,0.1,24975449.0
2026-09-01T06:05:46,1.3,6441,1547350,1529661,0.4,0.00,3.22,0.00,12.86,0.00,0.00,0.32,9205.0,95830.0,86146.0,70.0,7.5,0.5,41.0,149.174,0.157,0.1,24975449.0
2026-09-01T06:05:46,0.8,6442,1547350,1529659,0.4,0.00,4.00,0.00,16.00,0.00,0.00,0.00,9205.0,95830.0,86146.0,82.0,8.5,0.5,39.5,138.697,0.275,0.2,36790333.0
2026-09-01T06:05:47,0.9,6442,1547350,1529660,0.4,0.00,1.18,0.00,4.74,0.00,0.00,0.00,9205.0,95830.0,86146.0,73.0,0.0,0.5,1.5,126.392,0.275,0.2,36790333.0
2026-09-01T06:05:47,0.8,6442,1547350,1529659,0.4,0.00,1.65,0.00,6.61,0.00,0.00,0.00,9205.0,95830.0,86146.0,73.0,0.0,0.5,1.5,111.569,0.138,0.1,17473204.5
2026-09-01T06:05:48,0.7,6442,1547350,1529659,0.4,0.00,1.56,0.00,6.22,0.00,0.00,0.00,9205.0,95830.0,86146.0,3.0,1.5,0.5,5.5,113.242,0.138,0.1,17473204.5
2026-09-01T06:05:49,0.8,6441,1547350,1529661,0.4,0.00,1.41,0.00,5.64,0.00,0.00,0.00,9205.0,95830.0,86146.0,87.0,0.0,0.5,1.5,115.844,0.139,0.1,13728218.5
2026-09-01T06:05:49,0.8,6441,1547350,1529660,0.4,0.00,1.49,0.00,5.96,0.00,0.00,0.00,9205.0,95830.0,86146.0,0.0,0.5,0.5,2.5,117.192,0.139,0.1,13728218.5
2026-09-01T06:05:50,1.2,6442,1547350,1529660,0.4,0.00,1.38,0.00,5.50,0.00,0.00,0.00,9205.0,95830.0,86146.0,0.0,9.0,0.5,43.5,141.519,0.139,0.1,13728218.5
2026-09-01T06:05:50,0.8,6442,1547350,1529659,0.4,0.00,3.91,0.00,15.62,0.00,0.00,0.00,9205.0,95830.0,86146.0,0.0,2.0,0.5,9.0,138.774,0.192,0.1,23985757.5
2026-09-01T06:05:51,1.4,6445,1547350,1529656,0.4,0.00,1.41,0.00,5.63,0.00,0.00,0.00,9205.0,95830.0,86146.0,0.0,8.5,0.5,41.5,137.728,0.192,0.1,23985757.5
2026-09-01T06:05:52,0.5,6444,1547350,1529657,0.4,0.00,1.52,0.00,6.06,0.00,0.00,0.15,9205.0,95830.0,86146.0,0.0,0.0,0.5,0.0,122.591,0.192,0.1,23985757.5
2026-09-01T06:05:52,0.6,6444,1547350,1529657,0.4,0.00,4.20,0.00,16.81,0.00,0.00,0.00,9205.0,95830.0,86146.0,0.0,0.0,0.5,0.0,113.367,0.118,0.1,14286899.0
2026-09-01T06:05:53,1.3,6446,1547350,1529656,0.4,0.00,1.19,0.00,4.78,0.00,0.00,0.12,9205.0,95830.0,86146.0,58.0,7.0,0.5,29.0,125.682,0.118,0.1,14286899.0
2026-09-01T06:05:53,0.6,6444,1547350,1529657,0.4,0.00,3.89,0.00,15.56,0.00,0.00,0.00,9205.0,95830.0,86146.0,58.0,0.0,0.5,1.5,127.058,0.118,0.1,14286899.0
2026-09-01T06:05:54,0.8,6446,1547350,1529655,0.4,0.00,1.55,0.00,6.20,0.00,0.00,0.00,9205.0,95830.0,86146.0,86.0,7.0,0.5,39.0,138.611,0.194,0.1,22576123.5
2026-09-01T06:05:55,0.8,6446,1547350,1529655,0.4,0.00,0.69,0.00,2.76,0.00,0.00,0.00,9205.0,95830.0,86146.0,29.0,0.0,0.5,1.0,125.906,0.194,0.1,22576123.5
2026-09-01T06:05:55,0.8,6446,1547350,1529656,0.4,0.00,7.17,0.00,28.67,0.00,0.00,0.00,9205.0,95830.0,86146.0,0.0,0.5,0.5,3.0,114.969,0.089,0.1,11027696.5
2026-09-01T06:05:56,0.8,6447,1547350,1529655,0.4,0.00,1.51,0.00,6.03,0.00,0.00,0.00,9205.0,95830.0,86146.0,0.0,0.0,0.5,1.5,120.626,0.089,0.1,11027696.5
2026-09-01T06:05:57,1.4,6448,1547350,1529654,0.4,0.00,1.45,0.00,5.81,0.00,0.00,0.00,9205.0,95830.0,86146.0,0.0,7.0,0.5,27.5,136.496,0.089,0.1,11027696.5
2026-09-01T06:05:57,1.3,6448,1547350,1529654,0.4,0.00,4.31,0.00,17.24,0.00,1.00,0.00,9205.0,95830.0,86146.0,55.0,7.0,0.5,38.0,136.988,0.240,0.2,30139872.0
2026-09-01T06:05:58,0.4,6448,1547350,1529653,0.4,0.00,1.25,0.00,5.02,0.00,0.00,0.00,9205.0,95830.0,86146.0,0.0,0.0,0.5,0.0,110.248,0.240,0.2,30139872.0
2026-09-01T06:05:58,1.3,6448,1547350,1529654,0.4,0.00,4.05,0.00,16.19,0.00,0.00,0.00,9205.0,95830.0,86146.0,0.0,8.0,0.5,40.5,116.828,0.101,0.1,11700072.0
2026-09-01T06:05:58,1.3,6448,1547350,1529653,0.4,0.00,4.08,0.00,16.33,0.00,0.00,0.00,9205.0,95830.0,86146.0,0.0,7.0,0.5,39.0,132.981,0.101,0.1,11700072.0
2026-09-01T06:05:59,0.8,6448,1547350,1529654,0.4,0.00,3.05,0.00,12.20,0.00,0.00,0.00,9205.0,95830.0,86146.0,13.0,0.0,0.5,1.0,133.356,0.101,0.1,11700072.0
2026-09-01T06:05:59,0.8,6448,1547350,1529654,0.4,0.00,1.67,0.00,6.68,0.00,0.00,0.00,9205.0,95830.0,86146.0,13.0,0.0,0.5,1.0,112.650,0.171,0.1,23642402.0
2026-09-01T06:06:00,0.8,6448,1547350,1529654,0.4,0.00,1.60,0.00,6.39,0.00,0.00,0.00,9205.0,95830.0,86146.0,24.0,0.0,0.5,1.5,116.436,0.171,0.1,23642402.0
2026-09-01T06:06:01,0.7,6451,1547350,1529651,0.4,0.00,0.79,0.00,3.18,0.00,0.00,0.00,9205.0,95830.0,86146.0,6.0,0.0,0.5,0.0,110.324,0.116,0.1,11538262.5
2026-09-01T06:06:01,0.7,6451,1547350,1529651,0.4,0.00,3.98,0.00,15.94,0.00,0.00,0.00,9205.0,95830.0,86146.0,2.0,5.0,0.5,19.5,123.202,0.116,0.1,11538262.5
2026-09-01T06:06:02,0.8,6450,1547350,1529651,0.4,0.00,1.27,0.00,5.10,0.00,0.00,0.00,9205.0,95830.0,86146.0,2.0,0.0,0.5,1.5,113.588,0.116,0.1,11998609.0
2026-09-01T06:06:03,1.3,6450,1547350,1529652,0.4,0.00,1.66,0.00,6.62,0.00,0.00,0.00,9205.0,95830.0,86146.0,2.0,8.0,0.5,33.5,133.889,0.116,0.1,11998609.0
2026-09-01T06:06:03,1.4,6451,1547350,1529650,0.4,0.00,3.64,0.00,14.55,0.00,0.00,0.00,9205.0,95830.0,86146.0,67.0,7.0,0.5,39.5,136.802,0.116,0.1,11998609.0
2026-09-01T06:06:03,1.3,6452,1547350,1529650,0.4,0.00,2.53,0.00,10.10,0.00,0.00,0.00,9205.0,95830.0,86146.0,67.0,7.0,0.5,40.0,174.477,0.116,0.1,11998609.0
2026-09-01T06:06:04,1.3,6452,1547350,1529650,0.4,0.00,2.91,0.00,11.63,0.00,0.00,0.00,9205.0,95830.0,86146.0,67.0,7.0,0.5,39.5,172.054,0.375,0.2,54194627.5
2026-09-01T06:06:04,1.4,6452,1547350,1529650,0.4,0.00,3.75,0.00,14.98,0.00,0.00,0.00,9205.0,95830.0,86146.0,79.0,7.0,0.5,39.5,171.270,0.375,0.2,54194627.5
2026-09-01T06:06:04,0.8,6451,1547350,1529650,0.4,0.00,3.58,0.00,14.34,0.00,0.00,0.00,9205.0,95830.0,86146.0,79.0,0.0,0.5,0.0,134.075,0.260,0.2,41152017.0
2026-09-01T06:06:05,1.3,6451,1547350,1529650,0.4,0.00,1.75,0.00,6.98,0.00,0.00,0.00,9205.0,95830.0,86146.0,0.0,1.0,0.5,5.5,136.401,0.260,0.2,41152017.0
2026-09-01T06:06:05,0.7,6452,1547350,1529650,0.4,0.00,4.50,0.00,18.02,0.00,0.00,0.00,9205.0,95830.0,86146.0,0.0,0.0,0.5,1.5,126.240,0.260,0.2,41152017.0
2026-09-01T06:06:06,1.3,6452,1547350,1529649,0.4,0.00,1.45,0.00,5.79,0.00,0.00,0.00,9205.0,95830.0,86146.0,3.0,6.5,0.5,27.5,133.733,0.202,0.1,24524175.0
2026-09-01T06:06:06,0.6,6452,1547350,1529650,0.4,0.00,3.95,0.00,15.81,0.00,0.00,0.00,9205.0,95830.0,86146.0,3.0,0.0,0.5,1.0,123.168,0.202,0.1,24524175.0
2026-09-01T06:06:07,1.4,6452,1547350,1529649,0.4,0.00,1.33,0.00,5.33,0.00,0.00,0.00,9205.0,95830.0,86146.0,2.0,6.0,0.5,26.0,123.601,0.202,0.1,24524175.0
2026-09-01T06:06:07,1.2,6451,1547350,1529650,0.4,0.00,4.18,0.00,16.74,0.00,0.00,0.00,9205.0,95830.0,86146.0,2.0,7.5,0.5,41.0,137.182,0.207,0.1,31722760.0
2026-09-01T06:06:07,1.4,6452,1547350,1529649,0.4,0.00,3.75,0.00,14.98,0.00,0.00,0.00,9205.0,95830.0,86146.0,2.0,7.5,0.5,40.5,160.174,0.207,0.1,31722760.0
2026-09-01T06:06:08,1.4,6452,1547350,1529649,0.4,0.00,3.86,0.00,15.44,0.00,1.00,0.00,9205.0,95830.0,86146.0,2.0,7.0,0.5,40.5,175.990,0.207,0.1,31722760.0
2026-09-01T06:06:08,0.8,6450,1547350,1529651,0.4,0.00,3.86,0.00,15.44,0.00,0.00,0.00,9205.0,95830.0,86146.0,81.0,0.0,0.5,1.5,137.035,0.258,0.2,39604195.0
2026-09-01T06:06:09,1.3,6450,1547350,1529651,0.4,0.00,1.15,0.00,4.60,0.00,0.00,0.00,9205.0,95830.0,86146.0,81.0,7.0,0.5,30.5,138.162,0.258,0.2,39604195.0
2026-09-01T06:06:09,0.5,6450,1547350,1529651,0.4,0.00,1.38,0.00,5.52,0.00,0.00,0.00,9205.0,95830.0,86146.0,61.0,2.0,0.5,8.0,124.219,0.192,0.1,23736174.0
2026-09-01T06:06:10,0.8,6449,1547350,1529652,0.4,0.00,2.56,0.00,10.26,0.00,0.00,0.00,9205.0,95830.0,86146.0,16.0,0.0,0.5,0.0,112.552,0.192,0.1,23736174.0
2026-09-01T06:06:10,1.4,6449,1547350,1529653,0.4,0.00,1.85,0.00,7.41,0.00,0.00,0.00,9205.0,95830.0,86146.0,16.0,7.0,0.5,33.0,137.669,0.192,0.1,23736174.0
2026-09-01T06:06:11,0.8,6446,1547350,1529656,0.4,0.00,5.62,0.00,22.47,0.00,0.00,0.00,9205.0,95830.0,86146.0,80.0,0.0,0.5,0.0,139.632,0.154,0.1,20691745.0
2026-09-01T06:06:11,1.3,6446,1547350,1529655,0.4,0.00,1.76,0.00,7.03,0.00,0.00,0.00,9205.0,95830.0,86146.0,80.0,2.0,0.5,8.5,137.056,0.154,0.1,20691745.0
2026-09-01T06:06:12,0.7,6446,1547350,1529656,0.4,0.00,4.13,0.00,16.53,0.00,0.00,0.00,9205.0,95830.0,86146.0,57.0,0.0,0.5,0.0,127.248,0.154,0.1,20691745.0
2026-09-01T06:06:12,1.3,6446,1547350,1529656,0.4,0.00,1.63,0.00,6.50,0.00,0.00,0.00,9205.0,95830.0,86146.0,57.0,0.0,0.5,1.5,135.242,0.238,0.2,30054381.0
2026-09-01T06:06:13,0.5,6446,1547350,1529655,0.4,0.00,1.56,0.00,6.22,0.00,0.00,0.00,9205.0,95830.0,86146.0,57.0,0.0,0.5,1.0,122.447,0.238,0.2,30054381.0
2026-09-01T06:06:13,0.8,6449,1547350,1529652,0.4,0.00,4.93,0.00,82.51,0.00,0.00,0.00,9205.0,95830.0,86146.0,0.0,5.5,0.5,20.5,133.964,0.131,0.1,15291374.5
2026-09-01T06:06:14,0.8,6449,1547350,1529653,0.4,0.00,0.77,0.00,3.09,0.00,0.00,0.00,9205.0,95830.0,86146.0,41.0,5.0,0.5,27.0,131.410,0.131,0.1,15291374.5
2026-09-01T06:06:15,0.5,6448,1547350,1529653,0.4,0.00,1.34,0.00,5.34,0.00,0.00,0.00,9205.0,95830.0,86146.0,54.0,1.5,0.5,7.5,114.316,0.086,0.1,9654957.0
2026-09-01T06:06:15,1.3,6448,1547350,1529653,0.4,0.00,4.20,0.00,16.81,0.00,0.00,0.00,9205.0,95830.0,86146.0,54.0,7.0,0.5,40.5,126.556,0.086,0.1,9654957.0
2026-09-01T06:06:16,0.7,6448,1547350,1529654,0.4,0.00,2.79,0.00,11.14,0.00,0.00,0.00,9205.0,95830.0,86146.0,81.0,0.0,0.5,1.0,132.618,0.086,0.1,9654957.0
2026-09-01T06:06:16,1.4,6448,1547350,1529654,0.4,0.00,1.76,0.00,7.04,0.00,0.00,0.00,9205.0,95830.0,86146.0,81.0,6.0,0.5,33.0,137.176,0.231,0.2,28937298.0
2026-09-01T06:06:17,0.5,6446,1547350,1529655,0.4,0.00,1.54,0.00,6.15,0.00,0.00,0.00,9205.0,95830.0,86146.0,0.0,1.0,0.5,3.5,116.330,0.231,0.2,28937298.0
2026-09-01T06:06:17,1.4,6449,1547350,1529653,0.4,0.00,4.15,0.00,16.60,0.00,1.00,0.00,9205.0,95830.0,86146.0,0.0,9.0,0.5,42.5,124.846,0.231,0.2,28937298.0
2026-09-01T06:06:18,0.7,6450,1547350,1529652,0.4,0.00,3.75,0.00,14.98,0.00,0.00,0.00,9205.0,95830.0,86146.0,0.0,0.0,0.5,1.0,126.769,0.118,0.1,15728524.0
2026-09-01T06:06:19,0.6,6450,1547350,1529652,0.4,0.00,0.83,0.00,3.33,0.00,0.00,0.00,9205.0,95830.0,86146.0,0.0,0.0,0.5,0.0,107.095,0.118,0.1,15728524.0
2026-09-01T06:06:19,1.3,6449,1547350,1529652,0.4,0.00,3.86,0.00,15.44,0.00,0.00,0.00,9205.0,95830.0,86146.0,0.0,7.5,0.5,40.5,121.018,0.136,0.1,12985229.0
2026-09-01T06:06:19,0.6,6449,1547350,1529653,0.4,0.00,4.05,0.00,16.19,0.00,0.00,0.00,9205.0,95830.0,86146.0,0.0,2.5,0.5,11.0,128.769,0.136,0.1,12985229.0
2026-09-01T06:06:20,1.4,6450,1547350,1529651,0.4,0.00,1.66,0.00,6.66,0.00,0.00,0.17,9205.0,95830.0,86146.0,22.0,8.5,0.5,40.5,135.472,0.136,0.1,12985229.0
2026-09-01T06:06:20,0.7,6449,1547350,1529652,0.4,0.00,4.03,0.00,16.13,0.00,0.00,0.00,9205.0,95830.0,86146.0,22.0,2.0,0.5,9.0,132.018,0.158,0.1,22558735.0
2026-09-01T06:06:21,1.3,6450,1547350,1529651,0.4,0.00,1.13,0.00,4.54,0.00,0.00,0.00,9205.0,95830.0,86146.0,18.0,10.0,0.5,43.0,134.001,0.158,0.1,22558735.0
2026-09-01T06:06:21,1.4,6450,1547350,1529651,0.4,0.00,3.46,0.00,13.84,0.00,0.00,0.00,9205.0,95830.0,86146.0,18.0,7.5,0.5,41.0,148.226,0.158,0.1,22558735.0
2026-09-01T06:06:22,0.9,6450,1547350,1529651,0.4,0.00,2.33,0.00,9.30,0.00,0.00,0.00,9205.0,95830.0,86146.0,18.0,2.5,0.5,13.0,151.236,0.322,0.2,46832039.0
2026-09-01T06:06:22,0.8,6451,1547350,1529651,0.4,0.00,1.57,0.00,6.29,0.00,0.00,0.00,9205.0,95830.0,86146.0,26.0,0.0,0.5,0.0,90.223,0.000,0.0,687852.0
2026-09-01T06:06:23,0.2,6451,1547350,1529651,0.4,0.00,1.24,0.00,4.94,0.00,0.00,0.00,9205.0,95830.0,86146.0,0.0,0.0,0.5,0.0,89.961,0.000,0.0,687852.0
2026-09-01T06:06:24,0.3,6450,1547350,1529651,0.4,0.00,1.40,0.00,5.60,0.00,0.00,0.00,9205.0,95830.0,86146.0,0.0,0.0,0.5,0.0,89.900,0.000,0.0,758026.5
2026-09-01T06:06:24,0.2,6470,1547350,1529631,0.4,0.00,3.72,0.00,14.87,0.00,0.00,0.00,9205.0,95830.0,86146.0,0.0,0.0,0.5,0.0,89.853,0.000,0.0,758026.5
2026-09-01T06:06:25,0.5,6489,1547350,1529613,0.4,0.00,2.16,0.00,8.62,0.00,0.00,0.00,9205.0,95830.0,86146.0,0.0,0.0,0.5,0.0,89.787,0.000,0.0,751230.0
2026-09-01T06:06:26,0.5,6622,1547350,1529479,0.4,0.00,0.94,0.00,3.75,0.00,0.00,0.00,12037.0,95830.0,83314.0,11.0,0.0,0.5,5.5,108.742,0.000,0.0,751230.0
2026-09-01T06:06:26,1.3,6622,1547350,1529479,0.4,0.00,2.36,0.00,9.46,0.00,0.00,0.00,12037.0,95830.0,83314.0,11.0,11.0,0.5,50.0,156.879,0.000,0.0,751230.0
2026-09-01T06:06:26,1.3,6813,1547350,1529288,0.4,0.00,7.81,0.00,46.88,0.00,0.00,0.00,12037.0,95830.0,83314.0,11.0,7.5,0.5,42.5,196.857,0.300,0.3,150346242.0
2026-09-01T06:06:27,1.2,6923,1547350,1529178,0.4,0.00,2.02,0.00,8.10,0.00,0.00,0.00,12037.0,95830.0,83314.0,87.0,3.5,0.5,43.5,214.859,0.300,0.3,150346242.0
2026-09-01T06:06:27,0.4,6925,1547350,1529177,0.4,0.00,2.89,0.00,11.56,0.00,0.00,0.00,12037.0,95830.0,83314.0,87.0,0.0,0.5,0.0,114.911,0.157,0.1,51101091.0
2026-09-01T06:06:28,0.2,6925,1547350,1529176,0.4,0.00,1.25,0.00,4.99,0.00,1.00,0.00,12045.0,95830.0,83306.0,0.0,0.0,0.5,0.0,90.223,0.157,0.1,51101091.0
2026-09-01T06:06:29,0.2,6926,1547350,1529175,0.4,0.00,1.86,0.00,7.43,0.00,0.00,0.00,12045.0,95830.0,83306.0,0.0,0.0,0.5,0.0,89.810,0.000,0.0,728808.0
2026-09-01T06:06:30,0.2,6925,1547350,1529176,0.4,0.00,0.88,0.00,3.54,0.00,0.00,0.00,12045.0,95830.0,83306.0,0.0,0.0,0.5,0.0,89.660,0.000,0.0,728808.0
2026-09-01T06:06:30,0.2,6926,1547350,1529176,0.4,0.00,1.20,0.00,4.78,0.00,0.00,0.12,12045.0,95830.0,83306.0,0.0,0.0,0.5,0.0,89.470,0.000,0.0,689694.0
2026-09-01T06:06:32,0.2,6926,1547350,1529176,0.4,0.00,5.22,0.00,24.35,0.00,0.00,0.00,12045.0,95830.0,83306.0,0.0,0.0,0.5,0.0,89.249,0.000,0.0,677815.0
2026-09-01T06:06:33,0.2,6927,1547350,1529174,0.4,0.00,0.83,0.00,3.32,0.00,0.00,0.00,12045.0,95830.0,83306.0,0.0,0.0,0.5,0.0,89.172,0.000,0.0,668891.0
2026-09-01T06:06:34,0.2,6928,1547350,1529174,0.4,0.00,0.86,0.00,3.45,0.00,0.00,0.00,12045.0,95830.0,83306.0,0.0,0.0,0.5,0.0,89.076,0.000,0.0,668891.0
2026-09-01T06:06:35,0.2,6927,1547350,1529175,0.4,0.00,0.87,0.00,3.50,0.00,0.00,0.00,12045.0,95830.0,83306.0,0.0,0.0,0.5,0.0,88.963,0.000,0.0,684834.0
2026-09-01T06:06:36,0.2,6927,1547350,1529174,0.4,0.00,0.91,0.00,3.65,0.00,0.00,0.00,12045.0,95830.0,83306.0,0.0,0.0,0.5,0.0,88.864,0.000,0.0,674618.5
2026-09-01T06:06:37,0.3,6928,1547350,1529173,0.4,0.00,0.81,0.00,3.23,0.00,0.00,0.08,12045.0,95830.0,83306.0,0.0,0.0,0.5,0.0,88.791,0.000,0.0,674618.5
2026-09-01T06:06:38,0.6,6929,1547350,1529172,0.4,0.00,2.53,0.00,10.10,0.00,0.00,0.00,12045.0,95830.0,83306.0,0.0,0.0,0.5,0.0,88.717,0.000,0.0,747711.5
2026-09-01T06:06:39,0.2,6930,1547350,1529172,0.4,0.00,0.77,0.00,3.10,0.00,0.00,0.00,12045.0,95830.0,83306.0,0.0,0.0,0.5,0.0,88.656,0.000,0.0,707468.0
2026-09-01T06:06:40,0.2,6930,1547350,1529172,0.4,0.00,0.87,0.00,3.48,0.00,0.00,0.00,12045.0,95830.0,83306.0,0.0,0.0,0.5,0.0,88.607,0.000,0.0,707468.0
2026-09-01T06:06:41,0.3,6930,1547350,1529172,0.4,0.00,2.67,0.00,10.70,0.00,0.00,0.00,12045.0,95830.0,83306.0,0.0,0.0,0.5,0.0,88.567,0.000,0.0,724460.5
2026-09-01T06:06:42,0.2,6950,1547350,1529151,0.4,0.00,1.63,0.00,6.50,0.00,0.50,0.00,12051.0,95830.0,83300.0,4.0,0.0,0.5,0.0,88.427,0.002,0.0,3918770.5
2026-09-01T06:06:43,0.2,6951,1547350,1529151,0.4,0.00,6.86,0.00,56.45,0.00,0.00,0.00,12051.0,95830.0,83300.0,0.0,0.0,0.5,0.0,88.293,0.002,0.0,2566458.5
2026-09-01T06:06:45,0.2,6658,1547350,1529443,0.4,0.00,0.67,0.00,2.70,0.00,0.00,0.00,12051.0,95830.0,83300.0,0.0,0.0,0.5,0.0,88.239,0.000,0.0,680986.0
2026-09-01T06:06:46,1.2,6579,1547350,1529523,0.4,0.00,1.14,0.00,4.54,0.00,0.00,0.00,12051.0,95830.0,83300.0,0.0,0.0,0.5,0.0,88.178,0.000,0.0,680986.0
