timestamp,cpu_util_pct,ram_used_mb,ram_total_mb,ram_avail_mb,ram_used_pct,disk_r_s,disk_w_s,disk_rkB_s,disk_wkB_s,disk_r_await_ms,disk_w_await_ms,disk_util_pct,gpu_mem_used_mb,gpu_mem_total_mb,gpu_mem_free_mb,gpu_util_pct,dcgmi_power_w,dcgmi_gpu_util_pct,dcgmi_mem_copy_util_pct,dcgmi_gr_active,dcgmi_sm_active,dcgmi_pcie_tx_bytes,dcgmi_pcie_rx_bytes
2026-08-31T15:13:11,0.2,4350,1547350,1531825,0.3,0.00,0.00,0.00,0.00,0.00,0.00,0.00,1.0,95830.0,95350.0,0.0,0.0,0.5,0.0,64.675,0.000,0.0,0.0
2026-08-31T15:13:12,0.2,4352,1547350,1531823,0.3,0.00,2.00,0.00,7.99,0.00,0.00,0.00,1.0,95830.0,95350.0,0.0,0.0,0.5,0.0,64.685,0.000,0.0,0.0
2026-08-31T15:13:14,0.2,4352,1547350,1531823,0.3,0.00,0.59,0.00,2.38,0.00,0.00,0.00,1.0,95830.0,95350.0,0.0,0.0,0.5,0.0,64.703,0.000,0.0,601019.5
2026-08-31T15:13:15,1.5,4353,1547350,1531822,0.3,0.00,0.89,0.00,3.57,0.00,0.00,0.00,1.0,95830.0,95350.0,0.0,0.0,0.5,0.0,64.712,0.000,0.0,601019.5
2026-08-31T15:13:16,0.3,4356,1547350,1531819,0.3,0.00,1.61,0.00,6.43,0.00,0.00,0.00,1.0,95830.0,95350.0,0.0,0.0,0.5,0.0,64.680,0.000,0.0,692540.5
2026-08-31T15:13:17,0.2,4359,1547350,1531816,0.3,0.00,0.86,0.00,3.46,0.00,0.00,0.00,1.0,95830.0,95350.0,0.0,0.0,0.5,0.0,64.691,0.000,0.0,692540.5
2026-08-31T15:13:18,0.2,4361,1547350,1531815,0.3,0.00,1.20,0.00,4.80,0.00,0.00,0.00,1.0,95830.0,95350.0,0.0,0.0,0.5,0.0,64.681,0.000,0.0,741651.5
2026-08-31T15:13:18,0.3,4362,1547350,1531813,0.3,0.00,3.04,0.00,12.16,0.00,0.00,0.15,1.0,95830.0,95350.0,0.0,0.0,0.5,0.0,64.717,0.000,0.0,741651.5
2026-08-31T15:13:19,0.2,4363,1547350,1531813,0.3,0.00,1.27,0.00,5.08,0.00,0.00,0.00,1.0,95830.0,95350.0,0.0,0.0,0.5,0.0,64.699,0.000,0.0,686187.5
2026-08-31T15:13:21,0.2,4362,1547350,1531813,0.3,0.00,0.71,0.00,2.83,0.00,0.00,0.00,1.0,95830.0,95350.0,0.0,0.0,0.5,0.0,64.711,0.000,0.0,686187.5
2026-08-31T15:13:21,0.2,4362,1547350,1531814,0.3,0.00,1.37,0.00,5.48,0.00,0.00,0.00,1.0,95830.0,95350.0,0.0,0.0,0.5,0.0,64.651,0.000,0.0,730525.0
2026-08-31T15:13:22,0.2,4362,1547350,1531813,0.3,0.00,0.99,0.00,3.97,0.00,0.00,0.00,1.0,95830.0,95350.0,0.0,0.0,0.5,0.0,64.684,0.000,0.0,682219.5
2026-08-31T15:13:23,0.2,4362,1547350,1531813,0.3,0.00,1.00,0.00,4.00,0.00,0.00,0.00,1.0,95830.0,95350.0,0.0,0.0,0.5,0.0,64.684,0.000,0.0,661801.5
2026-08-31T15:13:24,0.2,4362,1547350,1531813,0.3,0.00,0.89,0.00,3.56,0.00,0.00,0.00,1.0,95830.0,95350.0,0.0,0.0,0.5,0.0,64.644,0.000,0.0,661801.5
2026-08-31T15:13:25,0.3,4362,1547350,1531813,0.3,0.00,1.31,0.00,5.24,0.00,1.00,0.00,1.0,95830.0,95350.0,0.0,0.0,0.5,0.0,64.671,0.000,0.0,721955.0
2026-08-31T15:13:27,0.2,4364,1547350,1531812,0.3,0.00,0.70,0.00,2.79,0.00,0.00,0.00,1.0,95830.0,95350.0,0.0,0.0,0.5,0.0,64.661,0.000,0.0,661582.5
2026-08-31T15:13:28,0.2,4365,1547350,1531810,0.3,0.00,0.67,0.00,2.69,0.00,0.00,0.00,1.0,95830.0,95350.0,0.0,0.0,0.5,0.0,64.666,0.000,0.0,690040.0
2026-08-31T15:13:29,0.2,4365,1547350,1531811,0.3,0.00,1.09,0.00,4.37,0.00,0.00,0.00,1.0,95830.0,95350.0,0.0,0.0,0.5,0.0,64.637,0.000,0.0,710105.0
2026-08-31T15:13:30,0.2,4366,1547350,1531809,0.3,0.00,0.70,0.00,2.81,0.00,0.00,0.00,1.0,95830.0,95350.0,0.0,0.0,0.5,0.0,64.633,0.000,0.0,710105.0
2026-08-31T15:13:31,0.3,4366,1547350,1531809,0.3,0.00,1.26,0.00,5.03,0.00,0.00,0.00,1.0,95830.0,95350.0,0.0,0.0,0.5,0.0,64.620,0.000,0.0,711130.5
2026-08-31T15:13:33,0.2,4366,1547350,1531809,0.3,0.00,0.71,0.00,2.84,0.00,0.00,0.00,1.0,95830.0,95350.0,0.0,0.0,0.5,0.0,64.654,0.000,0.0,711130.5
2026-08-31T15:13:33,0.3,4366,1547350,1531809,0.3,0.00,15.96,0.00,63.83,0.00,0.00,0.00,1.0,95830.0,95350.0,0.0,0.0,0.5,0.0,64.618,0.000,0.0,705606.5
2026-08-31T15:13:35,0.2,4366,1547350,1531809,0.3,0.00,1.39,0.00,13.95,0.00,0.00,0.07,1.0,95830.0,95350.0,0.0,0.0,0.5,0.0,64.618,0.000,0.0,676808.5
2026-08-31T15:13:36,0.2,4366,1547350,1531809,0.3,0.00,0.84,0.00,3.34,0.00,0.00,0.00,1.0,95830.0,95350.0,0.0,0.0,0.5,0.0,64.596,0.000,0.0,676808.5
2026-08-31T15:13:36,0.2,4366,1547350,1531810,0.3,0.00,1.34,0.00,5.38,0.00,0.00,0.00,1.0,95830.0,95350.0,0.0,0.0,0.5,0.0,64.638,0.000,0.0,689682.0
2026-08-31T15:13:38,0.2,4367,1547350,1531808,0.3,0.00,0.67,0.00,2.68,0.00,0.00,0.00,1.0,95830.0,95350.0,0.0,0.0,0.5,0.0,64.634,0.000,0.0,712790.5
2026-08-31T15:13:39,0.2,4367,1547350,1531808,0.3,0.00,2.05,0.00,8.21,0.00,0.50,0.00,1.0,95830.0,95350.0,0.0,0.0,0.5,0.0,64.556,0.000,0.0,712790.5
2026-08-31T15:13:39,0.3,4366,1547350,1531809,0.3,0.00,1.84,0.00,7.37,0.00,0.00,0.00,1.0,95830.0,95350.0,0.0,0.0,0.5,0.0,64.629,0.000,0.0,700247.5
2026-08-31T15:13:41,0.2,4367,1547350,1531809,0.3,0.00,0.60,0.00,2.39,0.00,0.00,0.00,1.0,95830.0,95350.0,0.0,0.0,0.5,0.0,64.596,0.000,0.0,700247.5
2026-08-31T15:13:42,0.2,4367,1547350,1531808,0.3,0.00,1.59,0.00,6.38,0.00,0.00,0.00,1.0,95830.0,95350.0,0.0,0.0,0.5,0.0,64.636,0.000,0.0,717844.0
2026-08-31T15:13:42,0.2,4367,1547350,1531808,0.3,0.00,1.35,0.00,5.39,0.00,0.00,0.00,1.0,95830.0,95350.0,0.0,0.0,0.5,0.0,64.639,0.000,0.0,658341.5
2026-08-31T15:13:44,0.2,4369,1547350,1531807,0.3,0.00,1.13,0.00,4.51,0.00,0.00,0.00,1.0,95830.0,95350.0,0.0,0.0,0.5,0.0,64.632,0.000,0.0,658497.5
2026-08-31T15:13:46,0.2,4370,1547350,1531805,0.3,0.00,0.59,0.00,2.35,0.00,0.00,0.00,1.0,95830.0,95350.0,0.0,0.0,0.5,0.0,64.652,0.000,0.0,664421.5
2026-08-31T15:13:47,0.2,4370,1547350,1531805,0.3,0.00,0.87,0.00,3.48,0.00,0.00,0.00,1.0,95830.0,95350.0,0.0,0.0,0.5,0.0,64.656,0.000,0.0,664421.5
2026-08-31T15:13:48,0.2,4371,1547350,1531804,0.3,0.00,1.60,0.00,6.39,0.00,0.00,0.00,1.0,95830.0,95350.0,0.0,0.0,0.5,0.0,64.631,0.000,0.0,664421.5
2026-08-31T15:13:48,0.2,4371,1547350,1531804,0.3,0.00,2.11,0.00,8.44,0.00,0.00,0.00,1.0,95830.0,95350.0,0.0,0.0,0.5,0.0,64.599,0.000,0.0,752356.5
2026-08-31T15:13:49,0.2,4372,1547350,1531804,0.3,0.00,1.48,0.00,5.93,0.00,0.00,0.00,1.0,95830.0,95350.0,0.0,0.0,0.5,0.0,64.599,0.000,0.0,752356.5
2026-08-31T15:13:50,0.2,4371,1547350,1531804,0.3,0.00,1.14,0.00,4.57,0.00,0.00,0.00,1.0,95830.0,95350.0,0.0,0.0,0.5,0.0,64.607,0.000,0.0,715085.0
2026-08-31T15:13:51,0.2,4372,1547350,1531803,0.3,0.00,1.25,0.00,4.99,0.00,0.00,0.00,1.0,95830.0,95350.0,0.0,0.0,0.5,0.0,64.624,0.000,0.0,715085.0
2026-08-31T15:13:52,0.2,4371,1547350,1531805,0.3,0.00,1.08,0.00,4.30,0.00,0.00,0.00,1.0,95830.0,95350.0,0.0,0.0,0.5,0.0,64.643,0.000,0.0,694907.0
2026-08-31T15:13:53,0.2,4371,1547350,1531804,0.3,0.00,0.96,0.00,3.85,0.00,0.00,0.10,1.0,95830.0,95350.0,0.0,0.0,0.5,0.0,64.606,0.000,0.0,694907.0
2026-08-31T15:13:53,0.2,4372,1547350,1531804,0.3,0.00,1.39,0.00,5.56,0.00,0.00,0.00,1.0,95830.0,95350.0,0.0,0.0,0.5,0.0,64.613,0.000,0.0,704410.5
2026-08-31T15:13:55,0.2,4372,1547350,1531804,0.3,0.00,0.79,0.00,3.18,0.00,0.00,0.00,1.0,95830.0,95350.0,0.0,0.0,0.5,0.0,64.603,0.000,0.0,669243.5
2026-08-31T15:13:56,0.2,4373,1547350,1531803,0.3,0.00,0.69,0.00,2.78,0.00,0.00,0.00,1.0,95830.0,95350.0,0.0,0.0,0.5,0.0,64.591,0.000,0.0,687801.5
2026-08-31T15:13:57,0.2,4373,1547350,1531803,0.3,0.00,1.17,0.00,4.66,0.00,1.00,0.00,1.0,95830.0,95350.0,0.0,0.0,0.5,0.0,64.608,0.000,0.0,687801.5
2026-08-31T15:13:58,0.2,4372,1547350,1531803,0.3,0.00,1.27,0.00,5.06,0.00,0.00,0.00,1.0,95830.0,95350.0,0.0,0.0,0.5,0.0,64.593,0.000,0.0,723359.5
2026-08-31T15:13:59,0.2,4373,1547350,1531803,0.3,0.00,1.00,0.00,3.98,0.00,0.00,0.00,1.0,95830.0,95350.0,0.0,0.0,0.5,0.0,64.603,0.000,0.0,723359.5
2026-08-31T15:13:59,0.3,4373,1547350,1531802,0.3,0.00,1.17,0.00,4.68,0.00,0.00,0.00,1.0,95830.0,95350.0,0.0,0.0,0.5,0.0,64.618,0.000,0.0,706977.5
2026-08-31T15:14:00,0.2,4373,1547350,1531802,0.3,0.00,1.85,0.00,7.39,0.00,0.00,0.00,1.0,95830.0,95350.0,0.0,0.0,0.5,0.0,64.596,0.000,0.0,737902.5
2026-08-31T15:14:01,0.2,4379,1547350,1531797,0.3,0.00,1.19,0.00,4.75,0.00,0.00,0.00,1.0,95830.0,95350.0,0.0,0.0,0.5,0.0,64.564,0.000,0.0,681972.0
2026-08-31T15:14:02,0.3,4379,1547350,1531796,0.3,0.00,0.76,0.00,3.02,0.00,0.00,0.00,1.0,95830.0,95350.0,0.0,0.0,0.5,0.0,64.581,0.000,0.0,681972.0
2026-08-31T15:14:03,0.2,4380,1547350,1531796,0.3,0.00,1.43,0.00,5.73,0.00,0.00,0.14,1.0,95830.0,95350.0,0.0,0.0,0.5,0.0,64.596,0.000,0.0,780510.5
2026-08-31T15:14:03,0.2,4380,1547350,1531796,0.3,0.00,2.61,0.00,10.44,0.00,0.00,0.00,1.0,95830.0,95350.0,0.0,0.0,0.5,0.0,64.594,0.000,0.0,669254.0
2026-08-31T15:14:05,0.2,4379,1547350,1531797,0.3,0.00,0.74,0.00,2.96,0.00,0.00,0.07,1.0,95830.0,95350.0,0.0,0.0,0.5,0.0,64.602,0.000,0.0,669254.0
2026-08-31T15:14:05,0.3,4379,1547350,1531796,0.3,0.00,6.74,0.00,96.36,0.00,0.00,0.00,1.0,95830.0,95350.0,0.0,0.0,0.5,0.0,64.586,0.000,0.0,706358.0
2026-08-31T15:14:06,0.2,4378,1547350,1531797,0.3,0.00,1.12,0.00,4.49,0.00,0.00,0.00,1.0,95830.0,95350.0,0.0,0.0,0.5,0.0,64.576,0.000,0.0,677390.0
2026-08-31T15:14:08,0.2,4378,1547350,1531797,0.3,0.00,0.61,0.00,2.42,0.00,0.00,0.00,1.0,95830.0,95350.0,0.0,0.0,0.5,0.0,64.581,0.000,0.0,661957.0
2026-08-31T15:14:09,0.2,4378,1547350,1531797,0.3,0.00,0.84,0.00,3.35,0.00,0.00,0.00,1.0,95830.0,95350.0,0.0,0.0,0.5,0.0,64.578,0.000,0.0,707558.5
2026-08-31T15:14:11,0.2,4379,1547350,1531797,0.3,0.00,0.66,0.00,2.64,0.00,1.00,0.07,1.0,95830.0,95350.0,0.0,0.0,0.5,0.0,64.573,0.000,0.0,655755.5
2026-08-31T15:14:12,0.2,4375,1547350,1531800,0.3,0.00,0.67,0.00,2.67,0.00,0.00,0.00,1.0,95830.0,95350.0,0.0,0.0,0.5,0.0,64.570,0.000,0.0,655755.5
2026-08-31T15:14:13,0.2,4377,1547350,1531799,0.3,0.00,1.79,0.00,7.16,0.00,0.00,0.00,1.0,95830.0,95350.0,0.0,0.0,0.5,0.0,64.591,0.000,0.0,745600.0
2026-08-31T15:14:13,0.2,4376,1547350,1531799,0.3,0.00,1.23,0.00,4.90,0.00,0.00,0.00,1.0,95830.0,95350.0,0.0,0.0,0.5,0.0,64.578,0.000,0.0,685195.5
2026-08-31T15:14:15,0.2,4376,1547350,1531799,0.3,0.00,2.48,0.00,9.93,0.00,0.00,0.00,1.0,95830.0,95350.0,0.0,0.0,0.5,0.0,64.573,0.000,0.0,685195.5
2026-08-31T15:14:16,0.2,4376,1547350,1531799,0.3,0.00,0.98,0.00,3.94,0.00,0.00,0.00,1.0,95830.0,95350.0,0.0,0.0,0.5,0.0,64.591,0.000,0.0,680595.5
2026-08-31T15:14:17,0.2,4376,1547350,1531799,0.3,0.00,0.69,0.00,2.77,0.00,0.00,0.07,1.0,95830.0,95350.0,0.0,0.0,0.5,0.0,64.573,0.000,0.0,680595.5
2026-08-31T15:14:18,0.3,4376,1547350,1531800,0.3,0.00,2.49,0.00,9.95,0.00,0.00,0.00,1.0,95830.0,95350.0,0.0,0.0,0.5,0.0,64.565,0.000,0.0,774080.5
2026-08-31T15:14:18,0.2,4377,1547350,1531798,0.3,0.00,1.25,0.00,5.01,0.00,0.00,0.00,1.0,95830.0,95350.0,0.0,0.0,0.5,0.0,64.559,0.000,0.0,680463.0
2026-08-31T15:14:19,0.2,4377,1547350,1531798,0.3,0.00,1.96,0.00,7.85,0.00,0.00,0.00,1.0,95830.0,95350.0,0.0,0.0,0.5,0.0,64.578,0.000,0.0,685690.5
2026-08-31T15:14:21,0.2,4378,1547350,1531797,0.3,0.00,0.76,0.00,3.04,0.00,0.00,0.00,1.0,95830.0,95350.0,0.0,0.0,0.5,0.0,64.537,0.000,0.0,686429.0
2026-08-31T15:14:22,0.2,4378,1547350,1531797,0.3,0.00,0.60,0.00,2.40,0.00,0.00,0.00,1.0,95830.0,95350.0,0.0,0.0,0.5,0.0,64.531,0.000,0.0,659741.0
2026-08-31T15:14:24,0.2,4379,1547350,1531797,0.3,0.00,0.61,0.00,2.42,0.00,0.00,0.00,1.0,95830.0,95350.0,0.0,0.0,0.5,0.0,64.546,0.000,0.0,686312.5
2026-08-31T15:14:25,0.2,4379,1547350,1531796,0.3,0.00,0.97,0.00,3.89,0.00,0.00,0.00,1.0,95830.0,95350.0,0.0,0.0,0.5,0.0,64.555,0.000,0.0,686312.5
2026-08-31T15:14:25,0.3,4379,1547350,1531796,0.3,0.00,2.48,0.00,9.90,0.00,0.00,0.00,1.0,95830.0,95350.0,0.0,0.0,0.5,0.0,64.556,0.000,0.0,774663.0
2026-08-31T15:14:26,0.2,4378,1547350,1531797,0.3,0.00,1.63,0.00,6.54,0.00,0.00,0.00,1.0,95830.0,95350.0,0.0,0.0,0.5,0.0,64.561,0.000,0.0,619393.0
2026-08-31T15:14:31,0.2,4378,1547350,1531797,0.3,0.00,0.20,0.00,0.80,0.00,0.00,0.00,1.0,95830.0,95350.0,0.0,0.0,0.5,0.0,64.565,0.000,0.0,702714.5
2026-08-31T15:14:32,0.2,4379,1547350,1531796,0.3,0.00,0.99,0.00,3.95,0.00,1.00,0.00,1.0,95830.0,95350.0,0.0,0.0,0.5,0.0,64.582,0.000,0.0,661083.5
2026-08-31T15:14:33,0.2,4379,1547350,1531797,0.3,0.00,0.70,0.00,2.81,0.00,0.00,0.00,1.0,95830.0,95350.0,0.0,0.0,0.5,0.0,64.540,0.000,0.0,677238.5
2026-08-31T15:14:35,0.2,4379,1547350,1531797,0.3,0.00,6.25,0.00,49.03,0.00,0.00,0.00,1.0,95830.0,95350.0,0.0,0.0,0.5,0.0,64.556,0.000,0.0,680085.0
2026-08-31T15:14:36,0.2,4378,1547350,1531797,0.3,0.00,1.00,0.00,3.99,0.00,0.00,0.00,1.0,95830.0,95350.0,0.0,0.0,0.5,0.0,64.579,0.000,0.0,680085.0
2026-08-31T15:14:37,0.2,4378,1547350,1531797,0.3,0.00,1.29,0.00,5.14,0.00,0.00,0.00,1.0,95830.0,95350.0,0.0,0.0,0.5,0.0,64.539,0.000,0.0,688393.5
2026-08-31T15:14:38,0.2,4379,1547350,1531796,0.3,0.00,0.99,0.00,3.95,0.00,0.00,0.00,1.0,95830.0,95350.0,0.0,0.0,0.5,0.0,64.552,0.000,0.0,688393.5
2026-08-31T15:14:38,0.2,4379,1547350,1531796,0.3,0.00,1.64,0.00,6.55,0.00,1.00,0.00,1.0,95830.0,95350.0,0.0,0.0,0.5,0.0,64.572,0.000,0.0,704631.0
2026-08-31T15:14:40,0.2,4379,1547350,1531796,0.3,0.00,0.79,0.00,3.16,0.00,0.00,0.00,1.0,95830.0,95350.0,0.0,0.0,0.5,0.0,64.550,0.000,0.0,704631.0
2026-08-31T15:14:41,0.2,4379,1547350,1531796,0.3,0.00,0.99,0.00,3.98,0.00,0.00,0.00,1.0,95830.0,95350.0,0.0,0.0,0.5,0.0,64.587,0.000,0.0,695336.5
2026-08-31T15:14:42,0.2,4379,1547350,1531796,0.3,0.00,0.90,0.00,3.60,0.00,0.00,0.00,1.0,95830.0,95350.0,0.0,0.0,0.5,0.0,64.596,0.000,0.0,664971.0
2026-08-31T15:14:45,0.2,4379,1547350,1531797,0.3,0.00,0.73,0.00,2.91,0.00,0.00,0.00,1.0,95830.0,95350.0,0.0,0.0,0.5,0.0,64.578,0.000,0.0,628312.5
2026-08-31T15:14:47,0.2,4379,1547350,1531796,0.3,0.00,0.52,0.00,2.09,0.00,0.00,0.05,1.0,95830.0,95350.0,0.0,0.0,0.5,0.0,64.574,0.000,0.0,656484.0
2026-08-31T15:14:48,0.2,4380,1547350,1531795,0.3,0.00,0.61,0.00,2.43,0.00,0.00,0.00,1.0,95830.0,95350.0,0.0,0.0,0.5,0.0,64.549,0.000,0.0,699162.5
2026-08-31T15:14:49,0.2,4380,1547350,1531796,0.3,0.00,0.94,0.00,3.77,0.00,0.00,0.00,1.0,95830.0,95350.0,0.0,0.0,0.5,0.0,64.596,0.000,0.0,699162.5
2026-08-31T15:14:50,0.2,4379,1547350,1531796,0.3,0.00,1.46,0.00,5.86,0.00,0.00,0.00,1.0,95830.0,95350.0,0.0,0.0,0.5,0.0,64.528,0.000,0.0,758297.5
2026-08-31T15:14:51,0.2,4379,1547350,1531796,0.3,0.00,2.86,0.00,11.43,0.00,0.00,0.00,1.0,95830.0,95350.0,0.0,0.0,0.5,0.0,64.534,0.000,0.0,758297.5
2026-08-31T15:14:56,0.2,4380,1547350,1531796,0.3,0.00,0.19,0.00,0.75,0.00,0.00,0.00,1.0,95830.0,95350.0,0.0,0.0,0.5,0.0,64.523,0.000,0.0,637934.0
2026-08-31T15:14:58,0.2,4379,1547350,1531796,0.3,0.00,0.62,0.00,2.46,0.00,0.00,0.00,1.0,95830.0,95350.0,0.0,0.0,0.5,0.0,64.537,0.000,0.0,665045.5
2026-08-31T15:14:58,0.2,4379,1547350,1531796,0.3,0.00,1.74,0.00,6.97,0.00,0.00,0.00,1.0,95830.0,95350.0,0.0,0.0,0.5,0.0,64.546,0.000,0.0,665045.5
2026-08-31T15:14:58,0.3,4380,1547350,1531795,0.3,0.00,2.91,0.00,11.63,0.00,0.00,0.00,1.0,95830.0,95350.0,0.0,0.0,0.5,0.0,64.555,0.000,0.0,665045.5
2026-08-31T15:14:59,0.2,4380,1547350,1531796,0.3,0.00,1.50,0.00,6.01,0.00,0.00,0.00,1.0,95830.0,95350.0,0.0,0.0,0.5,0.0,64.527,0.000,0.0,810741.5
2026-08-31T15:15:00,0.2,4379,1547350,1531796,0.3,0.00,1.79,0.00,7.14,0.00,0.00,0.00,1.0,95830.0,95350.0,0.0,0.0,0.5,0.0,64.519,0.000,0.0,810741.5
2026-08-31T15:15:01,0.2,4380,1547350,1531795,0.3,0.00,0.90,0.00,3.60,0.00,0.00,0.09,1.0,95830.0,95350.0,0.0,0.0,0.5,0.0,64.507,0.000,0.0,724181.5
2026-08-31T15:15:02,0.4,4383,1547350,1531792,0.3,0.00,1.05,0.00,4.19,0.00,0.00,0.00,1.0,95830.0,95350.0,0.0,0.0,0.5,0.0,64.496,0.000,0.0,705727.5
2026-08-31T15:15:03,0.2,4384,1547350,1531792,0.3,0.00,0.82,0.00,3.26,0.00,1.00,0.00,1.0,95830.0,95350.0,0.0,0.0,0.5,0.0,64.571,0.000,0.0,705727.5
2026-08-31T15:15:04,0.2,4384,1547350,1531791,0.3,0.00,1.15,0.00,4.59,0.00,0.00,0.00,1.0,95830.0,95350.0,0.0,0.0,0.5,0.0,64.572,0.000,0.0,708891.0
2026-08-31T15:15:05,0.2,4385,1547350,1531791,0.3,0.00,7.46,0.00,64.55,0.00,0.00,0.00,1.0,95830.0,95350.0,0.0,0.0,0.5,0.0,64.508,0.000,0.0,708891.0
2026-08-31T15:15:06,0.2,4387,1547350,1531788,0.3,0.00,1.46,0.00,5.86,0.00,0.00,0.00,1.0,95830.0,95350.0,0.0,0.0,0.5,0.0,64.534,0.000,0.0,733913.0
2026-08-31T15:15:07,0.2,4386,1547350,1531789,0.3,0.00,1.27,0.00,5.09,0.00,0.00,0.00,1.0,95830.0,95350.0,0.0,0.0,0.5,0.0,64.539,0.000,0.0,651866.5
2026-08-31T15:15:08,0.2,4388,1547350,1531787,0.3,0.00,1.20,0.00,4.78,0.00,0.00,0.00,1.0,95830.0,95350.0,0.0,0.0,0.5,0.0,64.512,0.000,0.0,611703.0
2026-08-31T15:15:17,0.2,4388,1547350,1531788,0.3,0.00,0.11,0.00,0.46,0.00,1.00,0.00,1.0,95830.0,95350.0,0.0,0.0,0.5,0.0,64.541,0.000,0.0,611703.0
2026-08-31T15:15:18,0.2,4388,1547350,1531788,0.3,0.00,1.87,0.00,7.49,0.00,0.00,0.00,1.0,95830.0,95350.0,0.0,0.0,0.5,0.0,64.486,0.000,0.0,699996.5
2026-08-31T15:15:19,0.2,4387,1547350,1531788,0.3,0.00,0.74,0.00,2.96,0.00,0.00,0.00,1.0,95830.0,95350.0,0.0,0.0,0.5,0.0,64.496,0.000,0.0,680885.5
2026-08-31T15:15:20,0.2,4386,1547350,1531789,0.3,0.00,1.06,0.00,4.24,0.00,0.00,0.00,1.0,95830.0,95350.0,0.0,0.0,0.5,0.0,64.503,0.000,0.0,682094.5
2026-08-31T15:15:22,0.2,4386,1547350,1531789,0.3,0.00,1.76,0.00,9.38,0.00,0.00,0.00,1.0,95830.0,95350.0,0.0,0.0,0.5,0.0,64.525,0.000,0.0,726579.0
2026-08-31T15:15:22,0.2,4387,1547350,1531788,0.3,0.00,1.32,0.00,5.26,0.00,0.00,0.00,1.0,95830.0,95350.0,0.0,0.0,0.5,0.0,64.538,0.000,0.0,640201.5
2026-08-31T15:15:24,0.2,4386,1547350,1531789,0.3,0.00,0.64,0.00,2.57,0.00,0.00,0.00,1.0,95830.0,95350.0,0.0,0.0,0.5,0.0,64.577,0.000,0.0,693578.5
2026-08-31T15:15:25,0.2,4385,1547350,1531790,0.3,0.00,0.85,0.00,3.39,0.00,0.00,0.00,1.0,95830.0,95350.0,0.0,0.0,0.5,0.0,64.547,0.000,0.0,613044.5
2026-08-31T15:15:32,0.2,4385,1547350,1531790,0.3,0.00,0.93,0.00,3.73,0.00,0.17,0.00,1.0,95830.0,95350.0,0.0,0.0,0.5,0.0,64.508,0.000,0.0,695192.5
2026-08-31T15:15:33,0.2,4385,1547350,1531790,0.3,0.00,5.62,0.00,74.38,0.00,0.00,0.00,1.0,95830.0,95350.0,0.0,0.0,0.5,0.0,64.492,0.000,0.0,609988.0
2026-08-31T15:15:43,0.2,4385,1547350,1531790,0.3,0.00,0.10,0.00,0.42,0.00,0.00,0.00,1.0,95830.0,95350.0,0.0,0.0,0.5,0.0,64.516,0.000,0.0,635877.0
2026-08-31T15:15:45,0.2,4385,1547350,1531790,0.3,0.00,0.40,0.00,1.60,0.00,0.00,0.00,1.0,95830.0,95350.0,0.0,0.0,0.5,0.0,64.550,0.000,0.0,677663.5
2026-08-31T15:15:47,0.2,4386,1547350,1531790,0.3,0.00,0.73,0.00,2.92,0.00,0.00,0.00,1.0,95830.0,95350.0,0.0,0.0,0.5,0.0,64.496,0.000,0.0,677663.5
2026-08-31T15:15:47,0.2,4385,1547350,1531790,0.3,0.00,1.50,0.00,6.01,0.00,0.00,0.00,1.0,95830.0,95350.0,0.0,0.0,0.5,0.0,64.514,0.000,0.0,722290.5
2026-08-31T15:15:48,0.2,4385,1547350,1531790,0.3,0.00,1.54,0.00,6.15,0.00,0.00,0.00,1.0,95830.0,95350.0,0.0,0.0,0.5,0.0,64.483,0.000,0.0,722290.5
2026-08-31T15:15:49,0.2,4385,1547350,1531790,0.3,0.00,0.95,0.00,3.82,0.00,0.00,0.00,1.0,95830.0,95350.0,0.0,0.0,0.5,0.0,64.493,0.000,0.0,705000.0
2026-08-31T15:15:50,0.2,4384,1547350,1531791,0.3,0.00,1.17,0.00,4.68,0.00,0.00,0.00,1.0,95830.0,95350.0,0.0,0.0,0.5,0.0,64.501,0.000,0.0,705000.0
2026-08-31T15:15:51,0.2,4384,1547350,1531791,0.3,0.00,1.51,0.00,6.02,0.00,0.00,0.00,1.0,95830.0,95350.0,0.0,0.0,0.5,0.0,64.500,0.000,0.0,644022.0
2026-08-31T15:15:55,0.2,4384,1547350,1531791,0.3,0.00,0.49,0.00,1.95,0.00,0.50,0.00,1.0,95830.0,95350.0,0.0,0.0,0.5,0.0,64.491,0.000,0.0,644022.0
2026-08-31T15:15:55,0.2,4383,1547350,1531792,0.3,0.00,1.53,0.00,6.12,0.00,0.00,0.00,1.0,95830.0,95350.0,0.0,0.0,0.5,0.0,64.516,0.000,0.0,717494.5
2026-08-31T15:15:56,0.2,4384,1547350,1531792,0.3,0.00,1.34,0.00,5.36,0.00,0.00,0.00,1.0,95830.0,95350.0,0.0,0.0,0.5,0.0,64.480,0.000,0.0,717494.5
2026-08-31T15:15:57,0.2,4384,1547350,1531791,0.3,0.00,0.90,0.00,3.60,0.00,0.00,0.00,1.0,95830.0,95350.0,0.0,0.0,0.5,0.0,64.488,0.000,0.0,703115.0
2026-08-31T15:15:58,0.2,4386,1547350,1531790,0.3,0.00,1.09,0.00,4.37,0.00,0.00,0.00,1.0,95830.0,95350.0,0.0,0.0,0.5,0.0,64.503,0.000,0.0,703115.0
2026-08-31T15:15:59,0.2,4385,1547350,1531790,0.3,0.00,1.04,0.00,4.15,0.00,0.00,0.00,1.0,95830.0,95350.0,0.0,0.0,0.5,0.0,64.492,0.000,0.0,782107.5
2026-08-31T15:16:00,0.2,4385,1547350,1531790,0.3,0.00,1.04,0.00,4.16,0.00,0.00,0.00,1.0,95830.0,95350.0,0.0,0.0,0.5,0.0,64.509,0.000,0.0,782107.5
2026-08-31T15:16:01,0.2,4388,1547350,1531788,0.3,0.00,0.93,0.00,3.73,0.00,0.00,0.00,1.0,95830.0,95350.0,0.0,0.0,0.5,0.0,64.508,0.000,0.0,688652.5
2026-08-31T15:16:02,0.3,4388,1547350,1531787,0.3,0.00,0.88,0.00,3.52,0.00,0.00,0.00,1.0,95830.0,95350.0,0.0,0.0,0.5,0.0,64.493,0.000,0.0,684253.0
2026-08-31T15:16:03,0.2,4390,1547350,1531785,0.3,0.00,0.88,0.00,3.53,0.00,0.00,0.00,1.0,95830.0,95350.0,0.0,0.0,0.5,0.0,64.471,0.000,0.0,684253.0
2026-08-31T15:16:04,0.2,4389,1547350,1531786,0.3,0.00,1.50,0.00,6.01,0.00,0.00,0.00,1.0,95830.0,95350.0,0.0,0.0,0.5,0.0,64.478,0.000,0.0,712548.0
2026-08-31T15:16:05,0.7,4437,1547350,1531738,0.3,0.00,1.09,0.00,4.36,0.00,0.00,0.00,1.0,95830.0,95350.0,0.0,0.0,0.5,0.0,64.496,0.000,0.0,676619.0
2026-08-31T15:16:06,1.1,4493,1547350,1531682,0.3,0.00,3.06,0.00,29.43,0.00,0.00,0.00,1.0,95830.0,95350.0,0.0,0.0,0.5,0.0,64.480,0.000,0.0,653047.5
2026-08-31T15:16:07,1.3,4460,1547350,1531715,0.3,0.00,0.86,0.00,3.43,0.00,0.00,0.00,1.0,95830.0,95350.0,0.0,0.0,0.5,0.0,64.501,0.000,0.0,721439.5
2026-08-31T15:16:08,0.2,4460,1547350,1531716,0.3,0.00,1.05,0.00,4.21,0.00,0.00,0.00,1.0,95830.0,95350.0,0.0,0.0,0.5,0.0,64.474,0.000,0.0,712882.5
2026-08-31T15:16:10,1.0,4462,1547350,1531714,0.3,0.00,472.18,0.00,7418.08,0.00,0.10,0.54,1.0,95830.0,95350.0,0.0,0.0,0.5,0.0,64.483,0.000,0.0,669027.5
2026-08-31T15:16:11,1.2,4467,1547350,1531708,0.3,0.00,0.78,0.00,3.11,0.00,0.00,0.00,1.0,95830.0,95350.0,0.0,0.0,0.5,0.0,64.483,0.000,0.0,670226.0
2026-08-31T15:16:12,1.3,4478,1547350,1531697,0.3,0.00,1.61,0.00,6.43,0.00,0.00,0.00,1.0,95830.0,95350.0,0.0,0.0,0.5,0.0,64.499,0.000,0.0,683591.5
2026-08-31T15:16:13,1.2,4465,1547350,1531710,0.3,0.00,439.80,0.00,5363.29,0.00,0.09,0.75,1.0,95830.0,95350.0,0.0,0.0,0.5,0.0,64.457,0.000,0.0,710505.0
2026-08-31T15:16:15,1.2,4530,1547350,1531645,0.3,0.00,0.77,0.00,3.10,0.00,0.00,0.00,1.0,95830.0,95350.0,0.0,0.0,0.5,0.0,64.469,0.000,0.0,670240.5
2026-08-31T15:16:16,1.2,4528,1547350,1531647,0.3,0.00,23.11,0.00,238.83,0.00,0.03,0.00,1.0,95830.0,95350.0,0.0,0.0,0.5,0.0,64.477,0.000,0.0,715910.0
2026-08-31T15:16:17,0.7,4389,1547350,1531786,0.3,0.00,6.83,0.00,590.36,0.00,0.22,0.00,1.0,95830.0,95350.0,0.0,0.0,0.5,0.0,64.457,0.000,0.0,693176.0
2026-08-31T15:16:18,0.2,4389,1547350,1531787,0.3,0.00,1.18,0.00,4.70,0.00,0.00,0.00,1.0,95830.0,95350.0,0.0,0.0,0.5,0.0,64.471,0.000,0.0,682163.0
2026-08-31T15:16:19,0.2,4388,1547350,1531787,0.3,0.00,0.79,0.00,3.17,0.00,0.00,0.00,1.0,95830.0,95350.0,0.0,0.0,0.5,0.0,64.475,0.000,0.0,667795.0
2026-08-31T15:16:21,0.2,4387,1547350,1531788,0.3,0.00,0.68,0.00,2.72,0.00,0.00,0.00,1.0,95830.0,95350.0,0.0,0.0,0.5,0.0,64.489,0.000,0.0,667570.0
2026-08-31T15:16:22,0.2,4387,1547350,1531788,0.3,0.00,0.77,0.00,3.06,0.00,0.00,0.00,1.0,95830.0,95350.0,0.0,0.0,0.5,0.0,64.475,0.000,0.0,671003.0
2026-08-31T15:16:23,0.2,4388,1547350,1531788,0.3,0.00,2.27,0.00,9.10,0.00,0.00,0.00,1.0,95830.0,95350.0,0.0,0.0,0.5,0.0,64.462,0.000,0.0,671003.0
2026-08-31T15:16:24,0.2,4388,1547350,1531787,0.3,0.00,1.18,0.00,4.71,0.00,0.00,0.00,1.0,95830.0,95350.0,0.0,0.0,0.5,0.0,64.439,0.000,0.0,684254.5
2026-08-31T15:16:26,0.2,4388,1547350,1531787,0.3,0.00,0.72,0.00,2.86,0.00,0.00,0.00,1.0,95830.0,95350.0,0.0,0.0,0.5,0.0,64.454,0.000,0.0,669164.0
2026-08-31T15:16:27,0.2,4387,1547350,1531788,0.3,0.00,0.83,0.00,3.31,0.00,0.00,0.00,1.0,95830.0,95350.0,0.0,0.0,0.5,0.0,64.439,0.000,0.0,679822.0
2026-08-31T15:16:28,0.2,4386,1547350,1531789,0.3,0.00,1.56,0.00,6.22,0.00,0.00,0.00,1.0,95830.0,95350.0,0.0,0.0,0.5,0.0,64.427,0.000,0.0,675100.0
2026-08-31T15:16:30,0.2,4386,1547350,1531789,0.3,0.00,0.75,0.00,3.01,0.00,0.00,0.00,1.0,95830.0,95350.0,0.0,0.0,0.5,0.0,64.439,0.000,0.0,675100.0
2026-08-31T15:16:30,0.2,4385,1547350,1531790,0.3,0.00,1.82,0.00,7.27,0.00,0.00,0.00,1.0,95830.0,95350.0,0.0,0.0,0.5,0.0,64.425,0.000,0.0,777750.5
2026-08-31T15:16:31,0.2,4386,1547350,1531790,0.3,0.00,1.21,0.00,4.84,0.00,0.00,0.00,1.0,95830.0,95350.0,0.0,0.0,0.5,0.0,64.425,0.000,0.0,675954.5
2026-08-31T15:16:32,0.2,4387,1547350,1531789,0.3,0.00,0.72,0.00,2.86,0.00,0.00,0.00,1.0,95830.0,95350.0,0.0,0.0,0.5,0.0,64.436,0.000,0.0,661608.0
2026-08-31T15:16:34,0.2,4386,1547350,1531789,0.3,0.00,3.78,0.00,27.74,0.00,0.17,0.00,1.0,95830.0,95350.0,0.0,0.0,0.5,0.0,64.406,0.000,0.0,661608.0
2026-08-31T15:16:35,0.2,4385,1547350,1531790,0.3,0.00,1.13,0.00,4.53,0.00,0.00,0.11,1.0,95830.0,95350.0,0.0,0.0,0.5,0.0,64.441,0.000,0.0,677222.0
2026-08-31T15:16:36,0.2,4384,1547350,1531791,0.3,0.00,53.16,0.00,600.30,0.00,0.17,0.10,1.0,95830.0,95350.0,0.0,0.0,0.5,0.0,64.418,0.000,0.0,678933.0
2026-08-31T15:16:37,0.2,4385,1547350,1531791,0.3,0.00,0.65,0.00,2.61,0.00,0.00,0.07,1.0,95830.0,95350.0,0.0,0.0,0.5,0.0,64.410,0.000,0.0,678933.0
2026-08-31T15:16:38,0.3,4384,1547350,1531791,0.3,0.00,2.09,0.00,8.37,0.00,0.00,0.00,1.0,95830.0,95350.0,0.0,0.0,0.5,0.0,64.430,0.000,0.0,696599.0
2026-08-31T15:16:39,0.2,4383,1547350,1531792,0.3,0.00,31.25,0.00,1021.28,0.00,0.13,0.07,1.0,95830.0,95350.0,0.0,0.0,0.5,0.0,64.424,0.000,0.0,696599.0
2026-08-31T15:16:40,0.2,4380,1547350,1531795,0.3,0.00,1.39,0.00,5.55,0.00,0.00,0.00,1.0,95830.0,95350.0,0.0,0.0,0.5,0.0,64.431,0.000,0.0,724046.5
2026-08-31T15:16:41,0.2,4381,1547350,1531794,0.3,0.00,1.26,0.00,5.06,0.00,1.00,0.00,1.0,95830.0,95350.0,0.0,0.0,0.5,0.0,64.428,0.000,0.0,724046.5
2026-08-31T15:16:41,0.2,4381,1547350,1531795,0.3,0.00,1.88,0.00,7.50,0.00,0.00,0.00,1.0,95830.0,95350.0,0.0,0.0,0.5,0.0,64.417,0.000,0.0,716052.0
2026-08-31T15:16:42,0.2,4381,1547350,1531794,0.3,0.00,0.98,0.00,3.90,0.00,0.00,0.00,1.0,95830.0,95350.0,0.0,0.0,0.5,0.0,64.421,0.000,0.0,671405.5
2026-08-31T15:16:44,0.2,4380,1547350,1531795,0.3,0.00,45.33,0.00,409.34,0.00,0.14,0.00,1.0,95830.0,95350.0,0.0,0.0,0.5,0.0,64.410,0.000,0.0,664447.5
2026-08-31T15:16:45,0.2,4380,1547350,1531796,0.3,0.00,0.65,0.00,2.59,0.00,0.00,0.00,1.0,95830.0,95350.0,0.0,0.0,0.5,0.0,64.410,0.000,0.0,664447.5
2026-08-31T15:16:46,0.2,4380,1547350,1531796,0.3,0.00,1.16,0.00,4.65,0.00,0.00,0.00,1.0,95830.0,95350.0,0.0,0.0,0.5,0.0,64.415,0.000,0.0,730481.5
2026-08-31T15:16:47,0.2,4380,1547350,1531795,0.3,0.00,1.62,0.00,6.47,0.00,0.00,0.00,1.0,95830.0,95350.0,0.0,0.0,0.5,0.0,64.404,0.000,0.0,730481.5
2026-08-31T15:16:47,0.2,4379,1547350,1531797,0.3,0.00,2.50,0.00,10.00,0.00,0.00,0.00,1.0,95830.0,95350.0,0.0,0.0,0.5,0.0,64.394,0.000,0.0,683501.5
2026-08-31T15:16:49,0.2,4379,1547350,1531797,0.3,0.00,0.55,0.00,2.20,0.00,0.00,0.00,1.0,95830.0,95350.0,0.0,0.0,0.5,0.0,64.405,0.000,0.0,683501.5
2026-08-31T15:16:50,0.2,4380,1547350,1531795,0.3,0.00,3.41,0.00,13.63,0.00,0.00,0.00,1.0,95830.0,95350.0,0.0,0.0,0.5,0.0,64.414,0.000,0.0,685659.0
2026-08-31T15:16:51,0.2,4380,1547350,1531795,0.3,0.00,0.67,0.00,2.68,0.00,1.00,0.00,1.0,95830.0,95350.0,0.0,0.0,0.5,0.0,64.406,0.000,0.0,695703.5
2026-08-31T15:16:52,0.2,4380,1547350,1531796,0.3,0.00,0.92,0.00,3.67,0.00,0.00,0.00,1.0,95830.0,95350.0,0.0,0.0,0.5,0.0,64.391,0.000,0.0,685071.5
2026-08-31T15:16:53,0.2,4379,1547350,1531796,0.3,0.00,0.88,0.00,3.53,0.00,0.00,0.00,1.0,95830.0,95350.0,0.0,0.0,0.5,0.0,64.422,0.000,0.0,685071.5
2026-08-31T15:16:54,0.2,4379,1547350,1531796,0.3,0.00,1.37,0.00,5.46,0.00,0.00,0.00,1.0,95830.0,95350.0,0.0,0.0,0.5,0.0,64.403,0.000,0.0,695911.5
2026-08-31T15:16:55,0.2,4379,1547350,1531796,0.3,0.00,0.94,0.00,3.78,0.00,0.00,0.00,1.0,95830.0,95350.0,0.0,0.0,0.5,0.0,64.388,0.000,0.0,684613.0
2026-08-31T15:16:56,0.2,4380,1547350,1531796,0.3,0.00,0.80,0.00,3.18,0.00,0.00,0.00,1.0,95830.0,95350.0,0.0,0.0,0.5,0.0,64.404,0.000,0.0,670971.0
2026-08-31T15:16:58,0.2,4380,1547350,1531795,0.3,0.00,0.78,0.00,3.12,0.00,0.00,0.00,1.0,95830.0,95350.0,0.0,0.0,0.5,0.0,64.391,0.000,0.0,670971.0
2026-08-31T15:16:58,0.3,4380,1547350,1531795,0.3,0.00,1.62,0.00,6.49,0.00,0.00,0.00,1.0,95830.0,95350.0,0.0,0.0,0.5,0.0,64.377,0.000,0.0,714840.5
2026-08-31T15:17:00,0.2,4381,1547350,1531795,0.3,0.00,1.60,0.00,6.39,0.00,0.00,0.00,1.0,95830.0,95350.0,0.0,0.0,0.5,0.0,64.407,0.000,0.0,714840.5
2026-08-31T15:17:00,0.2,4380,1547350,1531795,0.3,0.00,1.58,0.00,6.33,0.00,0.00,0.00,1.0,95830.0,95350.0,0.0,0.0,0.5,0.0,64.408,0.000,0.0,770997.0
2026-08-31T15:17:01,0.2,4381,1547350,1531794,0.3,0.00,1.42,0.00,5.68,0.00,0.00,0.00,1.0,95830.0,95350.0,0.0,0.0,0.5,0.0,64.394,0.000,0.0,670249.0
2026-08-31T15:17:02,0.3,4387,1547350,1531789,0.3,0.00,0.78,0.00,3.12,0.00,0.00,0.00,1.0,95830.0,95350.0,0.0,0.0,0.5,0.0,64.381,0.000,0.0,670249.0
2026-08-31T15:17:03,0.2,4386,1547350,1531789,0.3,0.00,2.11,0.00,8.42,0.00,0.00,0.00,1.0,95830.0,95350.0,0.0,0.0,0.5,0.0,64.419,0.000,0.0,754935.5
2026-08-31T15:17:04,0.2,4387,1547350,1531789,0.3,0.00,0.98,0.00,3.90,0.00,0.00,0.00,1.0,95830.0,95350.0,0.0,0.0,0.5,0.0,64.405,0.000,0.0,703841.0
2026-08-31T15:17:05,0.2,4385,1547350,1531790,0.3,0.00,0.73,0.00,2.91,0.00,0.00,0.00,1.0,95830.0,95350.0,0.0,0.0,0.5,0.0,64.397,0.000,0.0,673029.5
2026-08-31T15:17:06,0.2,4385,1547350,1531791,0.3,0.00,9.77,0.00,92.29,0.00,0.10,0.00,1.0,95830.0,95350.0,0.0,0.0,0.5,0.0,64.426,0.000,0.0,756487.5
2026-08-31T15:17:07,0.2,4385,1547350,1531791,0.3,0.00,0.76,0.00,3.06,0.00,0.00,0.00,1.0,95830.0,95350.0,0.0,0.0,0.5,0.0,64.400,0.000,0.0,670447.5
2026-08-31T15:17:09,0.2,4385,1547350,1531791,0.3,0.00,0.75,0.00,2.98,0.00,0.00,0.00,1.0,95830.0,95350.0,0.0,0.0,0.5,0.0,64.401,0.000,0.0,670447.5
2026-08-31T15:17:09,0.2,4384,1547350,1531791,0.3,0.00,1.95,0.00,7.78,0.00,0.00,0.00,1.0,95830.0,95350.0,0.0,0.0,0.5,0.0,64.380,0.000,0.0,719010.0
2026-08-31T15:17:10,0.2,4384,1547350,1531791,0.3,0.00,0.92,0.00,3.67,0.00,0.00,0.00,1.0,95830.0,95350.0,0.0,0.0,0.5,0.0,64.390,0.000,0.0,669556.5
2026-08-31T15:17:12,0.2,4381,1547350,1531794,0.3,0.00,0.71,0.00,2.84,0.00,0.00,0.00,1.0,95830.0,95350.0,0.0,0.0,0.5,0.0,64.422,0.000,0.0,669556.5
2026-08-31T15:17:12,1.2,4383,1547350,1531792,0.3,0.00,1.62,0.00,6.49,0.00,0.00,0.00,1.0,95830.0,95350.0,0.0,0.0,0.5,0.0,64.392,0.000,0.0,833996.5
2026-08-31T15:17:13,1.3,4383,1547350,1531792,0.3,0.00,1.66,0.00,6.62,0.00,0.00,0.00,1.0,95830.0,95350.0,0.0,0.0,0.5,0.0,64.397,0.000,0.0,833996.5
2026-08-31T15:17:13,1.4,4384,1547350,1531791,0.3,0.00,2.73,0.00,10.93,0.00,0.00,0.00,1.0,95830.0,95350.0,0.0,0.0,0.5,0.0,64.392,0.000,0.0,712791.5
2026-08-31T15:17:15,0.7,4382,1547350,1531793,0.3,0.00,1.38,0.00,5.50,0.00,0.50,0.00,1.0,95830.0,95350.0,0.0,0.0,0.5,0.0,64.406,0.000,0.0,712791.5
2026-08-31T15:17:15,0.2,4382,1547350,1531793,0.3,0.00,1.81,0.00,7.25,0.00,0.00,0.00,1.0,95830.0,95350.0,0.0,0.0,0.5,0.0,64.405,0.000,0.0,720642.5
2026-08-31T15:17:16,0.2,4382,1547350,1531794,0.3,0.00,0.99,0.00,3.98,0.00,0.00,0.00,1.0,95830.0,95350.0,0.0,0.0,0.5,0.0,64.398,0.000,0.0,671243.0
2026-08-31T15:17:18,0.2,4381,1547350,1531794,0.3,0.00,0.76,0.00,3.03,0.00,0.00,0.00,1.0,95830.0,95350.0,0.0,0.0,0.5,0.0,64.395,0.000,0.0,668930.0
2026-08-31T15:17:19,0.2,4381,1547350,1531794,0.3,0.00,0.67,0.00,2.67,0.00,0.00,0.00,1.0,95830.0,95350.0,0.0,0.0,0.5,0.0,64.395,0.000,0.0,651931.0
2026-08-31T15:17:21,0.2,4381,1547350,1531795,0.3,0.00,0.64,0.00,2.56,0.00,0.00,0.00,1.0,95830.0,95350.0,0.0,0.0,0.5,0.0,64.400,0.000,0.0,651931.0
2026-08-31T15:17:21,0.2,4381,1547350,1531795,0.3,0.00,1.46,0.00,5.86,0.00,0.00,0.00,1.0,95830.0,95350.0,0.0,0.0,0.5,0.0,64.392,0.000,0.0,718273.0
2026-08-31T15:17:22,0.2,4380,1547350,1531795,0.3,0.00,1.04,0.00,4.18,0.00,0.00,0.00,1.0,95830.0,95350.0,0.0,0.0,0.5,0.0,64.395,0.000,0.0,773629.5
2026-08-31T15:17:24,0.2,4381,1547350,1531795,0.3,0.00,0.74,0.00,2.96,0.00,0.00,0.00,1.0,95830.0,95350.0,0.0,0.0,0.5,0.0,64.419,0.000,0.0,773629.5
2026-08-31T15:17:24,0.2,4380,1547350,1531795,0.3,0.00,1.51,0.00,6.02,0.00,0.00,0.00,1.0,95830.0,95350.0,0.0,0.0,0.5,0.0,64.430,0.000,0.0,725847.5
2026-08-31T15:17:26,0.2,4380,1547350,1531795,0.3,0.00,0.71,0.00,2.83,0.00,0.00,0.00,1.0,95830.0,95350.0,0.0,0.0,0.5,0.0,64.400,0.000,0.0,658169.5
2026-08-31T15:17:27,0.2,4380,1547350,1531795,0.3,0.00,0.61,0.00,2.45,0.00,0.00,0.00,1.0,95830.0,95350.0,0.0,0.0,0.5,0.0,64.392,0.000,0.0,682192.0
2026-08-31T15:17:29,0.2,4381,1547350,1531794,0.3,0.00,0.61,0.00,2.43,0.00,0.00,0.00,1.0,95830.0,95350.0,0.0,0.0,0.5,0.0,64.398,0.000,0.0,655010.0
2026-08-31T15:17:30,0.2,4381,1547350,1531794,0.3,0.00,2.80,0.00,11.18,0.00,0.00,0.00,1.0,95830.0,95350.0,0.0,0.0,0.5,0.0,64.398,0.000,0.0,655010.0
2026-08-31T15:17:31,0.2,4381,1547350,1531794,0.3,0.00,1.06,0.00,4.26,0.00,1.00,0.00,1.0,95830.0,95350.0,0.0,0.0,0.5,0.0,64.397,0.000,0.0,720642.0
2026-08-31T15:17:32,0.2,4382,1547350,1531793,0.3,0.00,1.51,0.00,6.02,0.00,0.00,0.00,1.0,95830.0,95350.0,0.0,0.0,0.5,0.0,64.396,0.000,0.0,694224.5
2026-08-31T15:17:33,0.2,4382,1547350,1531793,0.3,0.00,0.74,0.00,2.96,0.00,0.00,0.00,1.0,95830.0,95350.0,0.0,0.0,0.5,0.0,64.406,0.000,0.0,670054.5
2026-08-31T15:17:35,0.2,4381,1547350,1531794,0.3,0.00,3.66,0.00,14.63,0.00,0.00,0.00,1.0,95830.0,95350.0,0.0,0.0,0.5,0.0,64.414,0.000,0.0,641747.0
2026-08-31T15:17:36,0.2,4381,1547350,1531794,0.3,0.00,16.29,0.00,136.09,0.00,0.11,0.00,1.0,95830.0,95350.0,0.0,0.0,0.5,0.0,64.394,0.000,0.0,641747.0
2026-08-31T15:17:37,0.2,4381,1547350,1531794,0.3,0.00,1.56,0.00,6.23,0.00,0.00,0.00,1.0,95830.0,95350.0,0.0,0.0,0.5,0.0,64.374,0.000,0.0,751670.5
2026-08-31T15:17:38,0.2,4382,1547350,1531793,0.3,0.00,1.26,0.00,5.06,0.00,1.00,0.00,1.0,95830.0,95350.0,0.0,0.0,0.5,0.0,64.386,0.000,0.0,661614.0
2026-08-31T15:17:39,0.2,4382,1547350,1531794,0.3,0.00,0.64,0.00,2.55,0.00,0.00,0.00,1.0,95830.0,95350.0,0.0,0.0,0.5,0.0,64.383,0.000,0.0,661614.0
2026-08-31T15:17:40,0.2,4381,1547350,1531794,0.3,0.00,1.47,0.00,5.88,0.00,0.00,0.00,1.0,95830.0,95350.0,0.0,0.0,0.5,0.0,64.379,0.000,0.0,715900.5
2026-08-31T15:17:42,0.2,4381,1547350,1531794,0.3,0.00,0.65,0.00,2.59,0.00,0.00,0.00,1.0,95830.0,95350.0,0.0,0.0,0.5,0.0,64.401,0.000,0.0,715900.5
2026-08-31T15:17:43,0.2,4381,1547350,1531795,0.3,0.00,1.18,0.00,4.73,0.00,0.00,0.00,1.0,95830.0,95350.0,0.0,0.0,0.5,0.0,64.382,0.000,0.0,713392.5
2026-08-31T15:17:43,0.2,4381,1547350,1531795,0.3,0.00,1.22,0.00,4.90,0.00,0.00,0.00,1.0,95830.0,95350.0,0.0,0.0,0.5,0.0,64.406,0.000,0.0,713392.5
2026-08-31T15:17:44,0.2,4381,1547350,1531795,0.3,0.00,1.72,0.00,6.86,0.00,0.00,0.17,1.0,95830.0,95350.0,0.0,0.0,0.5,0.0,64.404,0.000,0.0,720208.0
2026-08-31T15:17:46,0.2,4380,1547350,1531795,0.3,0.00,7.15,0.00,69.13,0.00,0.08,0.00,1.0,95830.0,95350.0,0.0,0.0,0.5,0.0,64.380,0.000,0.0,722223.0
2026-08-31T15:17:46,0.2,4380,1547350,1531795,0.3,0.00,1.32,0.00,5.29,0.00,0.00,0.00,1.0,95830.0,95350.0,0.0,0.0,0.5,0.0,64.380,0.000,0.0,644968.0
2026-08-31T15:17:48,0.2,4379,1547350,1531796,0.3,0.00,0.63,0.00,2.53,0.00,0.00,0.00,1.0,95830.0,95350.0,0.0,0.0,0.5,0.0,64.403,0.000,0.0,704707.5
2026-08-31T15:17:50,0.2,4379,1547350,1531797,0.3,0.00,0.55,0.00,2.21,0.00,0.00,0.00,1.0,95830.0,95350.0,0.0,0.0,0.5,0.0,64.397,0.000,0.0,665145.5
2026-08-31T15:17:51,0.2,4380,1547350,1531796,0.3,0.00,0.61,0.00,2.45,0.00,0.00,0.00,1.0,95830.0,95350.0,0.0,0.0,0.5,0.0,64.415,0.000,0.0,658965.5
2026-08-31T15:17:53,0.2,4379,1547350,1531796,0.3,0.00,0.64,0.00,2.54,0.00,0.00,0.00,1.0,95830.0,95350.0,0.0,0.0,0.5,0.0,64.394,0.000,0.0,658965.5
2026-08-31T15:17:54,0.2,4381,1547350,1531795,0.3,0.00,1.13,0.00,4.54,0.00,0.00,0.00,1.0,95830.0,95350.0,0.0,0.0,0.5,0.0,64.400,0.000,0.0,694772.0
2026-08-31T15:17:55,0.2,4381,1547350,1531795,0.3,0.00,0.88,0.00,3.54,0.00,0.00,0.00,1.0,95830.0,95350.0,0.0,0.0,0.5,0.0,64.385,0.000,0.0,694772.0
2026-08-31T15:17:56,0.2,4380,1547350,1531795,0.3,0.00,1.33,0.00,5.31,0.00,0.00,0.00,1.0,95830.0,95350.0,0.0,0.0,0.5,0.0,64.430,0.000,0.0,690398.5
2026-08-31T15:17:57,0.2,4380,1547350,1531795,0.3,0.00,1.02,0.00,4.08,0.00,0.00,0.00,1.0,95830.0,95350.0,0.0,0.0,0.5,0.0,64.382,0.000,0.0,752564.5
2026-08-31T15:17:58,0.2,4380,1547350,1531795,0.3,0.00,0.86,0.00,3.42,0.00,0.00,0.00,1.0,95830.0,95350.0,0.0,0.0,0.5,0.0,64.397,0.000,0.0,669211.5
2026-08-31T15:17:59,0.2,4380,1547350,1531795,0.3,0.00,0.87,0.00,3.48,0.00,1.00,0.00,1.0,95830.0,95350.0,0.0,0.0,0.5,0.0,64.405,0.000,0.0,669211.5
2026-08-31T15:18:00,0.2,4380,1547350,1531795,0.3,0.00,1.67,0.00,6.67,0.00,0.00,0.00,1.0,95830.0,95350.0,0.0,0.0,0.5,0.0,64.397,0.000,0.0,708395.0
2026-08-31T15:18:01,0.2,4383,1547350,1531792,0.3,0.00,1.55,0.00,6.20,0.00,0.00,0.00,1.0,95830.0,95350.0,0.0,0.0,0.5,0.0,64.413,0.000,0.0,670384.0
2026-08-31T15:18:02,0.3,4386,1547350,1531789,0.3,0.00,0.78,0.00,3.12,0.00,0.00,0.00,1.0,95830.0,95350.0,0.0,0.0,0.5,0.0,64.401,0.000,0.0,678619.5
2026-08-31T15:18:03,0.2,4386,1547350,1531789,0.3,0.00,0.77,0.00,3.10,0.00,0.00,0.00,1.0,95830.0,95350.0,0.0,0.0,0.5,0.0,64.398,0.000,0.0,678619.5
2026-08-31T15:18:04,0.2,4386,1547350,1531789,0.3,0.00,1.41,0.00,5.64,0.00,0.00,0.00,1.0,95830.0,95350.0,0.0,0.0,0.5,0.0,64.375,0.000,0.0,724806.0
2026-08-31T15:18:06,0.2,4386,1547350,1531789,0.3,0.00,0.70,0.00,2.81,0.00,0.00,0.00,1.0,95830.0,95350.0,0.0,0.0,0.5,0.0,64.419,0.000,0.0,724806.0
2026-08-31T15:18:06,0.2,4386,1547350,1531790,0.3,0.00,6.52,0.00,67.80,0.00,0.00,0.00,1.0,95830.0,95350.0,0.0,0.0,0.5,0.0,64.395,0.000,0.0,788613.0
2026-08-31T15:18:07,0.3,4386,1547350,1531790,0.3,0.00,1.99,0.00,7.97,0.00,0.00,0.00,1.0,95830.0,95350.0,0.0,0.0,0.5,0.0,64.397,0.000,0.0,788613.0
2026-08-31T15:18:08,0.2,4385,1547350,1531790,0.3,0.00,1.03,0.00,4.12,0.00,0.00,0.00,1.0,95830.0,95350.0,0.0,0.0,0.5,0.0,64.395,0.000,0.0,744522.5
2026-08-31T15:18:08,0.2,4385,1547350,1531790,0.3,0.00,1.83,0.00,7.31,0.00,0.00,0.00,1.0,95830.0,95350.0,0.0,0.0,0.5,0.0,64.425,0.000,0.0,670211.0
2026-08-31T15:18:10,0.2,4386,1547350,1531789,0.3,0.00,0.75,0.00,2.99,0.00,0.00,0.00,1.0,95830.0,95350.0,0.0,0.0,0.5,0.0,64.384,0.000,0.0,670163.0
2026-08-31T15:18:11,0.2,4387,1547350,1531789,0.3,0.00,0.77,0.00,3.10,0.00,0.00,0.00,1.0,95830.0,95350.0,0.0,0.0,0.5,0.0,64.395,0.000,0.0,670163.0
2026-08-31T15:18:12,0.3,4383,1547350,1531792,0.3,0.00,1.40,0.00,5.59,0.00,0.00,0.00,1.0,95830.0,95350.0,0.0,0.0,0.5,0.0,64.376,0.000,0.0,747590.0
2026-08-31T15:18:12,0.2,4383,1547350,1531793,0.3,0.00,1.41,0.00,5.65,0.00,1.00,0.00,1.0,95830.0,95350.0,0.0,0.0,0.5,0.0,64.386,0.000,0.0,671539.5
2026-08-31T15:18:14,0.2,4383,1547350,1531793,0.3,0.00,0.69,0.00,2.75,0.00,0.00,0.00,1.0,95830.0,95350.0,0.0,0.0,0.5,0.0,64.368,0.000,0.0,671444.5
2026-08-31T15:18:15,0.2,4383,1547350,1531792,0.3,0.00,0.72,0.00,2.89,0.00,0.00,0.00,1.0,95830.0,95350.0,0.0,0.0,0.5,0.0,64.381,0.000,0.0,660189.5
2026-08-31T15:18:17,0.2,4382,1547350,1531793,0.3,0.00,0.69,0.00,2.76,0.00,0.00,0.00,1.0,95830.0,95350.0,0.0,0.0,0.5,0.0,64.388,0.000,0.0,679830.5
2026-08-31T15:18:18,0.2,4382,1547350,1531793,0.3,0.00,0.75,0.00,2.99,0.00,0.00,0.00,1.0,95830.0,95350.0,0.0,0.0,0.5,0.0,64.392,0.000,0.0,670664.5
2026-08-31T15:18:20,0.2,4381,1547350,1531794,0.3,0.00,0.59,0.00,2.34,0.00,0.00,0.00,1.0,95830.0,95350.0,0.0,0.0,0.5,0.0,64.362,0.000,0.0,661958.5
2026-08-31T15:18:21,0.2,4379,1547350,1531796,0.3,0.00,1.32,0.00,7.92,0.00,0.00,0.00,1.0,95830.0,95350.0,0.0,0.0,0.5,0.0,64.377,0.000,0.0,656836.5
2026-08-31T15:18:23,0.2,4379,1547350,1531796,0.3,0.00,0.66,0.00,2.62,0.00,0.00,0.00,1.0,95830.0,95350.0,0.0,0.0,0.5,0.0,64.394,0.000,0.0,656836.5
2026-08-31T15:18:24,0.2,4379,1547350,1531797,0.3,0.00,1.48,0.00,5.93,0.00,0.00,0.15,1.0,95830.0,95350.0,0.0,0.0,0.5,0.0,64.379,0.000,0.0,685365.5
2026-08-31T15:18:25,0.2,4379,1547350,1531796,0.3,0.00,0.74,0.00,2.95,0.00,0.00,0.00,1.0,95830.0,95350.0,0.0,0.0,0.5,0.0,64.392,0.000,0.0,663685.0
2026-08-31T15:18:26,0.2,4379,1547350,1531796,0.3,0.00,0.67,0.00,2.68,0.00,0.00,0.00,1.0,95830.0,95350.0,0.0,0.0,0.5,0.0,64.382,0.000,0.0,665857.5
2026-08-31T15:18:28,0.2,4379,1547350,1531796,0.3,0.00,0.64,0.00,2.57,0.00,0.00,0.00,1.0,95830.0,95350.0,0.0,0.0,0.5,0.0,64.385,0.000,0.0,675689.5
2026-08-31T15:18:29,0.2,4378,1547350,1531797,0.3,0.00,0.97,0.00,3.89,0.00,0.00,0.00,1.0,95830.0,95350.0,0.0,0.0,0.5,0.0,64.378,0.000,0.0,666281.5
2026-08-31T15:18:31,0.2,4379,1547350,1531797,0.3,0.00,0.62,0.00,2.48,0.00,0.00,0.00,1.0,95830.0,95350.0,0.0,0.0,0.5,0.0,64.380,0.000,0.0,657228.0
2026-08-31T15:18:32,0.2,4379,1547350,1531796,0.3,0.00,3.31,0.00,18.54,0.00,0.20,0.00,1.0,95830.0,95350.0,0.0,0.0,0.5,0.0,64.387,0.000,0.0,658492.0
2026-08-31T15:18:34,0.2,4379,1547350,1531796,0.3,0.00,0.65,0.00,2.62,0.00,0.00,0.00,1.0,95830.0,95350.0,0.0,0.0,0.5,0.0,64.397,0.000,0.0,664607.0
2026-08-31T15:18:35,0.2,4379,1547350,1531797,0.3,0.00,0.66,0.00,2.63,0.00,0.00,0.00,1.0,95830.0,95350.0,0.0,0.0,0.5,0.0,64.390,0.000,0.0,657036.0
2026-08-31T15:18:37,0.2,4379,1547350,1531796,0.3,0.00,3.70,0.00,26.80,0.00,0.00,0.00,1.0,95830.0,95350.0,0.0,0.0,0.5,0.0,64.409,0.000,0.0,676105.0
2026-08-31T15:18:38,0.2,4379,1547350,1531796,0.3,0.00,0.68,0.00,2.70,0.00,0.00,0.07,1.0,95830.0,95350.0,0.0,0.0,0.5,0.0,64.376,0.000,0.0,685310.0
2026-08-31T15:18:39,0.2,4379,1547350,1531797,0.3,0.00,0.82,0.00,3.29,0.00,0.00,0.00,1.0,95830.0,95350.0,0.0,0.0,0.5,0.0,64.377,0.000,0.0,715721.5
2026-08-31T15:18:41,0.2,4379,1547350,1531796,0.3,0.00,0.63,0.00,2.50,0.00,0.00,0.00,1.0,95830.0,95350.0,0.0,0.0,0.5,0.0,64.370,0.000,0.0,661285.5
2026-08-31T15:18:43,0.2,4379,1547350,1531796,0.3,0.00,1.23,0.00,4.90,0.00,0.00,0.00,1.0,95830.0,95350.0,0.0,0.0,0.5,0.0,64.392,0.000,0.0,811026.0
2026-08-31T15:18:44,0.2,4379,1547350,1531797,0.3,0.00,1.01,0.00,4.05,0.00,0.00,0.00,1.0,95830.0,95350.0,0.0,0.0,0.5,0.0,64.393,0.000,0.0,657038.0
2026-08-31T15:18:45,0.2,4379,1547350,1531796,0.3,0.00,0.63,0.00,2.50,0.00,0.00,0.00,1.0,95830.0,95350.0,0.0,0.0,0.5,0.0,64.382,0.000,0.0,675725.0
2026-08-31T15:18:46,0.2,4378,1547350,1531798,0.3,0.00,0.83,0.00,3.31,0.00,1.00,0.00,1.0,95830.0,95350.0,0.0,0.0,0.5,0.0,64.386,0.000,0.0,683899.5
2026-08-31T15:18:47,0.2,4379,1547350,1531796,0.3,0.00,0.97,0.00,3.89,0.00,0.00,0.00,1.0,95830.0,95350.0,0.0,0.0,0.5,0.0,64.387,0.000,0.0,656502.0
2026-08-31T15:18:49,0.2,4379,1547350,1531796,0.3,0.00,0.57,0.00,2.27,0.00,0.00,0.00,1.0,95830.0,95350.0,0.0,0.0,0.5,0.0,64.389,0.000,0.0,639302.5
2026-08-31T15:18:51,0.2,4379,1547350,1531796,0.3,0.00,0.68,0.00,2.71,0.00,0.00,0.00,1.0,95830.0,95350.0,0.0,0.0,0.5,0.0,64.386,0.000,0.0,693182.0
2026-08-31T15:18:52,0.2,4379,1547350,1531796,0.3,0.00,0.71,0.00,2.83,0.00,0.00,0.00,1.0,95830.0,95350.0,0.0,0.0,0.5,0.0,64.394,0.000,0.0,733069.5
2026-08-31T15:18:54,0.2,4379,1547350,1531796,0.3,0.00,0.73,0.00,2.91,0.00,0.00,0.00,1.0,95830.0,95350.0,0.0,0.0,0.5,0.0,64.368,0.000,0.0,701767.5
2026-08-31T15:18:55,0.3,4379,1547350,1531796,0.3,0.00,0.82,0.00,3.26,0.00,0.00,0.00,1.0,95830.0,95350.0,0.0,0.0,0.5,0.0,64.391,0.000,0.0,704214.0
2026-08-31T15:18:56,0.2,4380,1547350,1531796,0.3,0.00,0.98,0.00,3.93,0.00,0.00,0.00,1.0,95830.0,95350.0,0.0,0.0,0.5,0.0,64.380,0.000,0.0,704214.0
2026-08-31T15:18:56,0.2,4380,1547350,1531795,0.3,0.00,2.20,0.00,8.81,0.00,0.00,0.00,1.0,95830.0,95350.0,0.0,0.0,0.5,0.0,64.393,0.000,0.0,710912.5
2026-08-31T15:18:57,0.2,4380,1547350,1531795,0.3,0.00,1.18,0.00,4.73,0.00,0.00,0.00,1.0,95830.0,95350.0,0.0,0.0,0.5,0.0,64.377,0.000,0.0,710912.5
2026-08-31T15:18:58,0.3,4379,1547350,1531796,0.3,0.00,1.81,0.00,7.23,0.00,0.00,0.00,1.0,95830.0,95350.0,0.0,0.0,0.5,0.0,64.382,0.000,0.0,724729.5
2026-08-31T15:18:59,0.2,4379,1547350,1531796,0.3,0.00,0.86,0.00,3.45,0.00,0.00,0.00,1.0,95830.0,95350.0,0.0,0.0,0.5,0.0,64.384,0.000,0.0,684617.0
2026-08-31T15:19:00,0.2,4380,1547350,1531796,0.3,0.00,0.77,0.00,3.10,0.00,0.00,0.00,1.0,95830.0,95350.0,0.0,0.0,0.5,0.0,64.419,0.000,0.0,669642.5
2026-08-31T15:19:02,0.3,4385,1547350,1531791,0.3,0.00,0.69,0.00,2.75,0.00,0.00,0.00,1.0,95830.0,95350.0,0.0,0.0,0.5,0.0,64.376,0.000,0.0,669642.5
2026-08-31T15:19:02,0.2,4385,1547350,1531790,0.3,0.00,1.32,0.00,5.29,0.00,0.00,0.00,1.0,95830.0,95350.0,0.0,0.0,0.5,0.0,64.400,0.000,0.0,715241.0
2026-08-31T15:19:03,0.2,4385,1547350,1531790,0.3,0.00,1.39,0.00,5.58,0.00,0.00,0.00,1.0,95830.0,95350.0,0.0,0.0,0.5,0.0,64.397,0.000,0.0,715241.0
2026-08-31T15:19:04,0.3,4385,1547350,1531791,0.3,0.00,1.88,0.00,7.50,0.00,0.00,0.00,1.0,95830.0,95350.0,0.0,0.0,0.5,0.0,64.377,0.000,0.0,701840.5
2026-08-31T15:19:05,0.2,4385,1547350,1531790,0.3,0.00,0.76,0.00,3.04,0.00,0.00,0.00,1.0,95830.0,95350.0,0.0,0.0,0.5,0.0,64.388,0.000,0.0,671218.5
2026-08-31T15:19:06,0.2,4385,1547350,1531791,0.3,0.00,0.87,0.00,3.47,0.00,0.00,0.00,1.0,95830.0,95350.0,0.0,0.0,0.5,0.0,64.395,0.000,0.0,678685.5
2026-08-31T15:19:07,0.2,4384,1547350,1531791,0.3,0.00,2.36,0.00,21.65,0.00,0.33,0.00,1.0,95830.0,95350.0,0.0,0.0,0.5,0.0,64.373,0.000,0.0,678685.5
2026-08-31T15:19:08,0.2,4384,1547350,1531791,0.3,0.00,1.60,0.00,6.41,0.00,0.00,0.00,1.0,95830.0,95350.0,0.0,0.0,0.5,0.0,64.397,0.000,0.0,708865.5
2026-08-31T15:19:09,0.2,4384,1547350,1531791,0.3,0.00,1.02,0.00,4.07,0.00,0.00,0.00,1.0,95830.0,95350.0,0.0,0.0,0.5,0.0,64.373,0.000,0.0,708865.5
2026-08-31T15:19:10,0.2,4384,1547350,1531791,0.3,0.00,1.02,0.00,4.10,0.00,0.00,0.00,1.0,95830.0,95350.0,0.0,0.0,0.5,0.0,64.389,0.000,0.0,740153.0
2026-08-31T15:19:10,0.2,4385,1547350,1531791,0.3,0.00,1.92,0.00,7.69,0.00,0.00,0.00,1.0,95830.0,95350.0,0.0,0.0,0.5,0.0,64.373,0.000,0.0,676814.0
2026-08-31T15:19:12,0.2,4382,1547350,1531794,0.3,0.00,0.65,0.00,2.61,0.00,0.00,0.00,1.0,95830.0,95350.0,0.0,0.0,0.5,0.0,64.376,0.000,0.0,660560.0
2026-08-31T15:19:13,0.2,4382,1547350,1531794,0.3,0.00,0.76,0.00,3.03,0.00,0.00,0.00,1.0,95830.0,95350.0,0.0,0.0,0.5,0.0,64.395,0.000,0.0,660560.0
2026-08-31T15:19:14,0.2,4381,1547350,1531795,0.3,0.00,1.83,0.00,7.31,0.00,0.00,0.00,1.0,95830.0,95350.0,0.0,0.0,0.5,0.0,64.386,0.000,0.0,700207.5
2026-08-31T15:19:15,0.2,4381,1547350,1531794,0.3,0.00,0.78,0.00,3.11,0.00,0.00,0.00,1.0,95830.0,95350.0,0.0,0.0,0.5,0.0,64.393,0.000,0.0,676845.5
2026-08-31T15:19:16,0.2,4381,1547350,1531794,0.3,0.00,0.83,0.00,3.34,0.00,0.00,0.00,1.0,95830.0,95350.0,0.0,0.0,0.5,0.0,64.400,0.000,0.0,671231.5
2026-08-31T15:19:18,0.2,4380,1547350,1531795,0.3,0.00,0.65,0.00,2.60,0.00,0.00,0.00,1.0,95830.0,95350.0,0.0,0.0,0.5,0.0,64.378,0.000,0.0,696504.0
2026-08-31T15:19:19,0.2,4380,1547350,1531795,0.3,0.00,0.91,0.00,3.64,0.00,0.00,0.00,1.0,95830.0,95350.0,0.0,0.0,0.5,0.0,64.382,0.000,0.0,696504.0
2026-08-31T15:19:20,0.2,4381,1547350,1531795,0.3,0.00,0.96,0.00,3.82,0.00,0.00,0.00,1.0,95830.0,95350.0,0.0,0.0,0.5,0.0,64.388,0.000,0.0,680825.0
2026-08-31T15:19:21,0.2,4380,1547350,1531795,0.3,0.00,0.68,0.00,2.73,0.00,0.00,0.00,1.0,95830.0,95350.0,0.0,0.0,0.5,0.0,64.377,0.000,0.0,680825.0
2026-08-31T15:19:22,0.2,4379,1547350,1531796,0.3,0.00,1.34,0.00,5.34,0.00,0.00,0.00,1.0,95830.0,95350.0,0.0,0.0,0.5,0.0,64.385,0.000,0.0,714699.0
2026-08-31T15:19:23,0.2,4380,1547350,1531795,0.3,0.00,1.15,0.00,4.62,0.00,0.00,0.00,1.0,95830.0,95350.0,0.0,0.0,0.5,0.0,64.397,0.000,0.0,663733.0
2026-08-31T15:19:25,0.2,4380,1547350,1531795,0.3,0.00,0.61,0.00,2.44,0.00,0.00,0.00,1.0,95830.0,95350.0,0.0,0.0,0.5,0.0,64.382,0.000,0.0,690325.0
2026-08-31T15:19:26,0.2,4380,1547350,1531795,0.3,0.00,0.97,0.00,3.89,0.00,0.00,0.00,1.0,95830.0,95350.0,0.0,0.0,0.5,0.0,64.388,0.000,0.0,690325.0
2026-08-31T15:19:26,0.2,4381,1547350,1531795,0.3,0.00,1.39,0.00,5.56,0.00,0.00,0.00,1.0,95830.0,95350.0,0.0,0.0,0.5,0.0,64.388,0.000,0.0,679445.5
2026-08-31T15:19:28,0.2,4380,1547350,1531795,0.3,0.00,0.61,0.00,2.44,0.00,0.00,0.00,1.0,95830.0,95350.0,0.0,0.0,0.5,0.0,64.386,0.000,0.0,690757.0
2026-08-31T15:19:29,0.2,4380,1547350,1531795,0.3,0.00,1.09,0.00,4.36,0.00,0.00,0.00,1.0,95830.0,95350.0,0.0,0.0,0.5,0.0,64.380,0.000,0.0,670648.5
2026-08-31T15:19:30,0.2,4381,1547350,1531794,0.3,0.00,0.71,0.00,2.85,0.00,0.00,0.00,1.0,95830.0,95350.0,0.0,0.0,0.5,0.0,64.386,0.000,0.0,654676.0
2026-08-31T15:19:32,0.2,4381,1547350,1531795,0.3,0.00,0.66,0.00,2.63,0.00,1.00,0.00,1.0,95830.0,95350.0,0.0,0.0,0.5,0.0,64.393,0.000,0.0,666962.5
2026-08-31T15:19:33,0.2,4381,1547350,1531795,0.3,0.00,4.54,0.00,18.16,0.00,0.00,0.00,1.0,95830.0,95350.0,0.0,0.0,0.5,0.0,64.389,0.000,0.0,666962.5
2026-08-31T15:19:34,0.2,4380,1547350,1531795,0.3,0.00,1.48,0.00,5.92,0.00,0.00,0.00,1.0,95830.0,95350.0,0.0,0.0,0.5,0.0,64.365,0.000,0.0,733879.0
2026-08-31T15:19:35,0.2,4380,1547350,1531795,0.3,0.00,1.02,0.00,4.09,0.00,0.00,0.00,1.0,95830.0,95350.0,0.0,0.0,0.5,0.0,64.391,0.000,0.0,676628.5
2026-08-31T15:19:36,0.2,4381,1547350,1531794,0.3,0.00,0.81,0.00,3.25,0.00,0.00,0.00,1.0,95830.0,95350.0,0.0,0.0,0.5,0.0,64.374,0.000,0.0,667172.5
2026-08-31T15:19:38,0.2,4380,1547350,1531795,0.3,0.00,7.59,0.00,30.65,0.00,0.08,0.00,1.0,95830.0,95350.0,0.0,0.0,0.5,0.0,64.386,0.000,0.0,667172.5
2026-08-31T15:19:39,0.2,4381,1547350,1531794,0.3,0.00,2.22,0.00,13.30,0.00,0.00,0.00,1.0,95830.0,95350.0,0.0,0.0,0.5,0.0,64.386,0.000,0.0,670622.0
2026-08-31T15:19:40,0.2,4381,1547350,1531794,0.3,0.00,0.65,0.00,2.59,0.00,0.00,0.00,1.0,95830.0,95350.0,0.0,0.0,0.5,0.0,64.404,0.000,0.0,684187.5
2026-08-31T15:19:42,0.2,4380,1547350,1531795,0.3,0.00,0.94,0.00,3.75,0.00,0.00,0.00,1.0,95830.0,95350.0,0.0,0.0,0.5,0.0,64.372,0.000,0.0,684187.5
2026-08-31T15:19:42,0.2,4381,1547350,1531794,0.3,0.00,1.60,0.00,6.40,0.00,0.00,0.00,1.0,95830.0,95350.0,0.0,0.0,0.5,0.0,64.385,0.000,0.0,699113.0
2026-08-31T15:19:44,0.2,4381,1547350,1531794,0.3,0.00,1.23,0.00,4.93,0.00,0.00,0.00,1.0,95830.0,95350.0,0.0,0.0,0.5,0.0,64.376,0.000,0.0,699113.0
2026-08-31T15:19:44,0.2,4381,1547350,1531794,0.3,0.00,1.64,0.00,6.58,0.00,0.00,0.00,1.0,95830.0,95350.0,0.0,0.0,0.5,0.0,64.395,0.000,0.0,704375.0
2026-08-31T15:19:46,0.2,4381,1547350,1531795,0.3,0.00,0.71,0.00,2.86,0.00,0.00,0.00,1.0,95830.0,95350.0,0.0,0.0,0.5,0.0,64.376,0.000,0.0,704375.0
2026-08-31T15:19:47,0.2,4380,1547350,1531795,0.3,0.00,0.98,0.00,3.94,0.00,1.00,0.00,1.0,95830.0,95350.0,0.0,0.0,0.5,0.0,64.376,0.000,0.0,674475.0
2026-08-31T15:19:48,0.2,4380,1547350,1531795,0.3,0.00,0.63,0.00,2.52,0.00,0.00,0.00,1.0,95830.0,95350.0,0.0,0.0,0.5,0.0,64.381,0.000,0.0,679139.0
2026-08-31T15:19:49,0.2,4380,1547350,1531796,0.3,0.00,0.90,0.00,3.61,0.00,0.00,0.00,1.0,95830.0,95350.0,0.0,0.0,0.5,0.0,64.398,0.000,0.0,674879.0
2026-08-31T15:19:51,0.2,4380,1547350,1531795,0.3,0.00,0.59,0.00,2.35,0.00,0.00,0.00,1.0,95830.0,95350.0,0.0,0.0,0.5,0.0,64.390,0.000,0.0,708392.5
2026-08-31T15:19:52,0.2,4381,1547350,1531795,0.3,0.00,0.84,0.00,3.36,0.00,0.00,0.00,1.0,95830.0,95350.0,0.0,0.0,0.5,0.0,64.368,0.000,0.0,701313.0
2026-08-31T15:19:54,0.2,4381,1547350,1531795,0.3,0.00,0.68,0.00,2.73,0.00,0.00,0.07,1.0,95830.0,95350.0,0.0,0.0,0.5,0.0,64.377,0.000,0.0,664588.0
2026-08-31T15:19:55,0.3,4380,1547350,1531795,0.3,0.00,0.72,0.00,2.88,0.00,0.00,0.00,1.0,95830.0,95350.0,0.0,0.0,0.5,0.0,64.387,0.000,0.0,664588.0
2026-08-31T15:19:56,0.2,4381,1547350,1531794,0.3,0.00,1.47,0.00,5.87,0.00,0.00,0.00,1.0,95830.0,95350.0,0.0,0.0,0.5,0.0,64.391,0.000,0.0,734807.5
2026-08-31T15:19:57,0.2,4379,1547350,1531796,0.3,0.00,1.39,0.00,5.58,0.00,0.00,0.00,1.0,95830.0,95350.0,0.0,0.0,0.5,0.0,64.370,0.000,0.0,734807.5
2026-08-31T15:19:57,0.3,4379,1547350,1531796,0.3,0.00,2.18,0.00,8.71,0.00,0.00,0.00,1.0,95830.0,95350.0,0.0,0.0,0.5,0.0,64.389,0.000,0.0,731078.0
2026-08-31T15:19:58,0.2,4379,1547350,1531796,0.3,0.00,0.82,0.00,3.29,0.00,0.00,0.00,1.0,95830.0,95350.0,0.0,0.0,0.5,0.0,64.369,0.000,0.0,731078.0
2026-08-31T15:19:59,0.2,4380,1547350,1531795,0.3,0.00,2.92,0.00,11.66,0.00,0.00,0.00,1.0,95830.0,95350.0,0.0,0.0,0.5,0.0,64.382,0.000,0.0,775790.0
2026-08-31T15:19:59,0.3,4380,1547350,1531795,0.3,0.00,2.12,0.00,8.47,0.00,0.00,0.00,1.0,95830.0,95350.0,0.0,0.0,0.5,0.0,64.377,0.000,0.0,687001.0
2026-08-31T15:20:00,0.2,4381,1547350,1531795,0.3,0.00,0.92,0.00,3.70,0.00,0.00,0.00,1.0,95830.0,95350.0,0.0,0.0,0.5,0.0,64.375,0.000,0.0,687001.0
2026-08-31T15:20:01,0.5,4387,1547350,1531789,0.3,0.00,2.18,0.00,8.71,0.00,0.00,0.00,1.0,95830.0,95350.0,0.0,0.0,0.5,0.0,64.399,0.000,0.0,687001.0
2026-08-31T15:20:01,0.2,4387,1547350,1531788,0.3,0.00,1.64,0.00,6.56,0.00,0.00,0.00,1.0,95830.0,95350.0,0.0,0.0,0.5,0.0,64.388,0.000,0.0,738698.0
2026-08-31T15:20:03,0.2,4388,1547350,1531788,0.3,0.00,0.78,0.00,3.14,0.00,0.00,0.00,1.0,95830.0,95350.0,0.0,0.0,0.5,0.0,64.388,0.000,0.0,738698.0
2026-08-31T15:20:03,0.2,4388,1547350,1531788,0.3,0.00,1.37,0.00,5.48,0.00,0.00,0.00,1.0,95830.0,95350.0,0.0,0.0,0.5,0.0,64.410,0.000,0.0,705601.0
2026-08-31T15:20:04,0.2,4388,1547350,1531788,0.3,0.00,0.88,0.00,3.50,0.00,0.00,0.00,1.0,95830.0,95350.0,0.0,0.0,0.5,0.0,64.380,0.000,0.0,710515.5
2026-08-31T15:20:06,0.2,4388,1547350,1531787,0.3,0.00,0.79,0.00,3.15,0.00,0.00,0.00,1.0,95830.0,95350.0,0.0,0.0,0.5,0.0,64.383,0.000,0.0,676828.0
2026-08-31T15:20:07,0.2,4389,1547350,1531787,0.3,0.00,1.52,0.00,15.59,0.00,0.50,0.00,1.0,95830.0,95350.0,0.0,0.0,0.5,0.0,64.379,0.000,0.0,664388.0
2026-08-31T15:20:08,0.2,4388,1547350,1531787,0.3,0.00,1.53,0.00,6.11,0.00,0.00,0.00,1.0,95830.0,95350.0,0.0,0.0,0.5,0.0,64.394,0.000,0.0,671442.0
2026-08-31T15:20:09,0.2,4388,1547350,1531787,0.3,0.00,0.86,0.00,3.43,0.00,0.00,0.00,1.0,95830.0,95350.0,0.0,0.0,0.5,0.0,64.367,0.000,0.0,671442.0
2026-08-31T15:20:10,0.2,4385,1547350,1531790,0.3,0.00,1.00,0.00,3.99,0.00,0.00,0.00,1.0,95830.0,95350.0,0.0,0.0,0.5,0.0,64.362,0.000,0.0,705602.0
2026-08-31T15:20:12,0.2,4385,1547350,1531790,0.3,0.00,0.61,0.00,2.44,0.00,0.00,0.00,1.0,95830.0,95350.0,0.0,0.0,0.5,0.0,64.369,0.000,0.0,654970.5
2026-08-31T15:20:14,0.2,4385,1547350,1531791,0.3,0.00,0.71,0.00,2.86,0.00,0.00,0.00,1.0,95830.0,95350.0,0.0,0.0,0.5,0.0,64.361,0.000,0.0,667953.0
2026-08-31T15:20:15,0.2,4384,1547350,1531791,0.3,0.00,0.73,0.00,2.91,0.00,0.00,0.00,1.0,95830.0,95350.0,0.0,0.0,0.5,0.0,64.381,0.000,0.0,671633.0
2026-08-31T15:20:16,0.2,4384,1547350,1531791,0.3,0.00,0.75,0.00,3.00,0.00,0.00,0.00,1.0,95830.0,95350.0,0.0,0.0,0.5,0.0,64.379,0.000,0.0,670020.5
2026-08-31T15:20:18,0.2,4384,1547350,1531792,0.3,0.00,0.76,0.00,3.06,0.00,0.00,0.00,1.0,95830.0,95350.0,0.0,0.0,0.5,0.0,64.377,0.000,0.0,679041.5
2026-08-31T15:20:19,0.2,4383,1547350,1531792,0.3,0.00,0.69,0.00,2.75,0.00,0.00,0.00,1.0,95830.0,95350.0,0.0,0.0,0.5,0.0,64.377,0.000,0.0,666099.0
2026-08-31T15:20:20,0.2,4383,1547350,1531792,0.3,0.00,0.70,0.00,2.81,0.00,0.00,0.00,1.0,95830.0,95350.0,0.0,0.0,0.5,0.0,64.369,0.000,0.0,666632.5
2026-08-31T15:20:22,0.2,4383,1547350,1531792,0.3,0.00,0.74,0.00,2.97,0.00,0.00,0.00,1.0,95830.0,95350.0,0.0,0.0,0.5,0.0,64.418,0.000,0.0,686505.0
2026-08-31T15:20:23,0.2,4383,1547350,1531792,0.3,0.00,0.83,0.00,3.33,0.00,0.00,0.08,1.0,95830.0,95350.0,0.0,0.0,0.5,0.0,64.376,0.000,0.0,661794.0
2026-08-31T15:20:24,0.2,4383,1547350,1531793,0.3,0.00,0.73,0.00,2.90,0.00,0.00,0.00,1.0,95830.0,95350.0,0.0,0.0,0.5,0.0,64.391,0.000,0.0,671171.0
2026-08-31T15:20:26,0.2,4382,1547350,1531793,0.3,0.00,0.77,0.00,3.08,0.00,0.00,0.00,1.0,95830.0,95350.0,0.0,0.0,0.5,0.0,64.390,0.000,0.0,671171.0
2026-08-31T15:20:26,0.3,4381,1547350,1531794,0.3,0.00,1.82,0.00,7.29,0.00,0.00,0.00,1.0,95830.0,95350.0,0.0,0.0,0.5,0.0,64.367,0.000,0.0,728593.0
2026-08-31T15:20:27,0.2,4382,1547350,1531794,0.3,0.00,1.00,0.00,3.98,0.00,0.00,0.00,1.0,95830.0,95350.0,0.0,0.0,0.5,0.0,64.376,0.000,0.0,728593.0
2026-08-31T15:20:28,0.3,4383,1547350,1531793,0.3,0.00,2.63,0.00,10.53,0.00,0.00,0.00,1.0,95830.0,95350.0,0.0,0.0,0.5,0.0,64.375,0.000,0.0,733732.5
2026-08-31T15:20:29,0.2,4382,1547350,1531794,0.3,0.00,0.91,0.00,3.62,0.00,0.00,0.00,1.0,95830.0,95350.0,0.0,0.0,0.5,0.0,64.365,0.000,0.0,661762.0
2026-08-31T15:20:30,0.2,4382,1547350,1531793,0.3,0.00,0.95,0.00,3.81,0.00,1.00,0.00,1.0,95830.0,95350.0,0.0,0.0,0.5,0.0,64.381,0.000,0.0,675563.0
2026-08-31T15:20:31,0.2,4382,1547350,1531793,0.3,0.00,0.62,0.00,2.47,0.00,0.00,0.00,1.0,95830.0,95350.0,0.0,0.0,0.5,0.0,64.369,0.000,0.0,662655.5
2026-08-31T15:20:33,0.2,4382,1547350,1531793,0.3,0.00,0.60,0.00,2.40,0.00,0.00,0.00,1.0,95830.0,95350.0,0.0,0.0,0.5,0.0,64.387,0.000,0.0,662655.5
2026-08-31T15:20:33,0.3,4381,1547350,1531794,0.3,0.00,2.49,0.00,9.98,0.00,0.00,0.00,1.0,95830.0,95350.0,0.0,0.0,0.5,0.0,64.374,0.000,0.0,732786.0
2026-08-31T15:20:34,0.2,4383,1547350,1531793,0.3,0.00,8.58,0.00,44.12,0.00,0.00,0.00,1.0,95830.0,95350.0,0.0,0.0,0.5,0.0,64.367,0.000,0.0,669230.5
2026-08-31T15:20:36,0.2,4382,1547350,1531794,0.3,0.00,0.66,0.00,2.63,0.00,0.00,0.00,1.0,95830.0,95350.0,0.0,0.0,0.5,0.0,64.383,0.000,0.0,691105.0
2026-08-31T15:20:37,0.2,4381,1547350,1531794,0.3,0.00,1.16,0.00,4.65,0.00,0.00,0.00,1.0,95830.0,95350.0,0.0,0.0,0.5,0.0,64.394,0.000,0.0,671051.5
2026-08-31T15:20:38,0.2,4381,1547350,1531794,0.3,0.00,2.45,0.00,25.41,0.00,0.25,0.00,1.0,95830.0,95350.0,0.0,0.0,0.5,0.0,64.373,0.000,0.0,661080.5
2026-08-31T15:20:39,0.2,4380,1547350,1531795,0.3,0.00,1.64,0.00,9.85,0.00,0.00,0.00,1.0,95830.0,95350.0,0.0,0.0,0.5,0.0,64.359,0.000,0.0,670017.0
2026-08-31T15:20:41,0.2,4380,1547350,1531795,0.3,0.00,0.75,0.00,2.99,0.00,0.00,0.00,1.0,95830.0,95350.0,0.0,0.0,0.5,0.0,64.371,0.000,0.0,670017.0
2026-08-31T15:20:41,0.2,4380,1547350,1531795,0.3,0.00,1.52,0.00,6.09,0.00,0.00,0.00,1.0,95830.0,95350.0,0.0,0.0,0.5,0.0,64.374,0.000,0.0,695800.5
2026-08-31T15:20:43,0.2,4380,1547350,1531795,0.3,0.00,0.81,0.00,3.24,0.00,0.00,0.08,1.0,95830.0,95350.0,0.0,0.0,0.5,0.0,64.377,0.000,0.0,695800.5
2026-08-31T15:20:43,0.2,4380,1547350,1531795,0.3,0.00,1.27,0.00,5.09,0.00,0.00,0.00,1.0,95830.0,95350.0,0.0,0.0,0.5,0.0,64.377,0.000,0.0,671743.5
2026-08-31T15:20:45,0.2,4380,1547350,1531795,0.3,0.00,1.22,0.00,4.90,0.00,0.00,0.00,1.0,95830.0,95350.0,0.0,0.0,0.5,0.0,64.371,0.000,0.0,674857.5
2026-08-31T15:20:47,0.2,4381,1547350,1531795,0.3,0.00,0.62,0.00,2.49,0.00,0.00,0.00,1.0,95830.0,95350.0,0.0,0.0,0.5,0.0,64.384,0.000,0.0,680138.5
2026-08-31T15:20:49,0.2,4381,1547350,1531794,0.3,0.00,0.56,0.00,2.23,0.00,0.00,0.00,1.0,95830.0,95350.0,0.0,0.0,0.5,0.0,64.369,0.000,0.0,664953.5
2026-08-31T15:20:50,0.2,4381,1547350,1531794,0.3,0.00,0.62,0.00,2.48,0.00,0.00,0.00,1.0,95830.0,95350.0,0.0,0.0,0.5,0.0,64.370,0.000,0.0,664953.5
2026-08-31T15:20:51,0.2,4381,1547350,1531794,0.3,0.00,1.67,0.00,6.67,0.00,0.00,0.00,1.0,95830.0,95350.0,0.0,0.0,0.5,0.0,64.395,0.000,0.0,709470.5
2026-08-31T15:20:52,0.2,4381,1547350,1531794,0.3,0.00,0.98,0.00,3.94,0.00,0.00,0.00,1.0,95830.0,95350.0,0.0,0.0,0.5,0.0,64.365,0.000,0.0,657338.5
2026-08-31T15:20:54,0.2,4381,1547350,1531794,0.3,0.00,0.53,0.00,2.11,0.00,1.00,0.00,1.0,95830.0,95350.0,0.0,0.0,0.5,0.0,64.347,0.000,0.0,662363.5
2026-08-31T15:20:56,0.2,4381,1547350,1531794,0.3,0.00,0.53,0.00,2.11,0.00,0.00,0.00,1.0,95830.0,95350.0,0.0,0.0,0.5,0.0,64.364,0.000,0.0,734194.0
2026-08-31T15:20:57,0.2,4382,1547350,1531793,0.3,0.00,0.63,0.00,2.52,0.00,0.00,0.00,1.0,95830.0,95350.0,0.0,0.0,0.5,0.0,64.383,0.000,0.0,734194.0
2026-08-31T15:20:58,0.2,4382,1547350,1531794,0.3,0.00,1.22,0.00,4.86,0.00,0.00,0.00,1.0,95830.0,95350.0,0.0,0.0,0.5,0.0,64.356,0.000,0.0,774432.5
2026-08-31T15:20:59,0.2,4382,1547350,1531793,0.3,0.00,0.83,0.00,3.32,0.00,0.00,0.00,1.0,95830.0,95350.0,0.0,0.0,0.5,0.0,64.346,0.000,0.0,676388.5
2026-08-31T15:21:00,0.2,4387,1547350,1531788,0.3,0.00,0.84,0.00,3.37,0.00,0.00,0.00,1.0,95830.0,95350.0,0.0,0.0,0.5,0.0,64.379,0.000,0.0,699700.5
2026-08-31T15:21:02,0.3,4387,1547350,1531788,0.3,0.00,0.81,0.00,3.24,0.00,0.00,0.00,1.0,95830.0,95350.0,0.0,0.0,0.5,0.0,64.370,0.000,0.0,646714.5
2026-08-31T15:21:03,0.2,4387,1547350,1531788,0.3,0.00,0.78,0.00,3.14,0.00,0.00,0.00,1.0,95830.0,95350.0,0.0,0.0,0.5,0.0,64.371,0.000,0.0,711509.5
2026-08-31T15:21:04,0.2,4387,1547350,1531788,0.3,0.00,0.76,0.00,3.04,0.00,0.00,0.00,1.0,95830.0,95350.0,0.0,0.0,0.5,0.0,64.359,0.000,0.0,699597.5
2026-08-31T15:21:06,0.2,4388,1547350,1531788,0.3,0.00,0.75,0.00,2.99,0.00,0.00,0.00,1.0,95830.0,95350.0,0.0,0.0,0.5,0.0,64.371,0.000,0.0,682623.0
2026-08-31T15:21:07,0.2,4387,1547350,1531788,0.3,0.00,0.79,0.00,3.16,0.00,0.00,0.00,1.0,95830.0,95350.0,0.0,0.0,0.5,0.0,64.348,0.000,0.0,736016.0
2026-08-31T15:21:08,0.2,4387,1547350,1531788,0.3,0.00,10.49,0.00,48.62,0.00,0.09,0.00,1.0,95830.0,95350.0,0.0,0.0,0.5,0.0,64.355,0.000,0.0,750035.0
2026-08-31T15:21:09,0.2,4387,1547350,1531788,0.3,0.00,0.88,0.00,3.51,0.00,0.00,0.00,1.0,95830.0,95350.0,0.0,0.0,0.5,0.0,64.370,0.000,0.0,737487.5
2026-08-31T15:21:10,0.2,4387,1547350,1531788,0.3,0.00,0.71,0.00,2.86,0.00,0.00,0.00,1.0,95830.0,95350.0,0.0,0.0,0.5,0.0,64.359,0.000,0.0,662213.5
2026-08-31T15:21:15,0.2,4382,1547350,1531793,0.3,0.00,0.45,0.00,1.79,0.00,0.00,0.00,1.0,95830.0,95350.0,0.0,0.0,0.5,0.0,64.358,0.000,0.0,621758.0
2026-08-31T15:21:16,0.2,4383,1547350,1531793,0.3,0.00,0.70,0.00,2.81,0.00,0.00,0.00,1.0,95830.0,95350.0,0.0,0.0,0.5,0.0,64.350,0.000,0.0,693677.0
2026-08-31T15:21:17,0.2,4383,1547350,1531793,0.3,0.00,0.99,0.00,3.96,0.00,0.00,0.00,1.0,95830.0,95350.0,0.0,0.0,0.5,0.0,64.335,0.000,0.0,693677.0
2026-08-31T15:21:18,0.2,4383,1547350,1531792,0.3,0.00,1.27,0.00,5.08,0.00,0.00,0.00,1.0,95830.0,95350.0,0.0,0.0,0.5,0.0,64.374,0.000,0.0,707500.5
2026-08-31T15:21:19,0.2,4455,1547350,1531720,0.3,0.00,0.70,0.00,2.79,0.00,0.00,0.00,1.0,95830.0,95350.0,0.0,0.0,0.5,0.0,64.358,0.000,0.0,654710.5
2026-08-31T15:21:21,0.2,4463,1547350,1531712,0.3,0.00,0.88,0.00,3.51,0.00,0.00,0.00,1.0,95830.0,95350.0,0.0,0.0,0.5,0.0,64.341,0.000,0.0,654710.5
2026-08-31T15:21:22,0.3,4473,1547350,1531703,0.3,0.00,0.98,0.00,3.90,0.00,0.00,0.00,1.0,95830.0,95350.0,0.0,0.0,0.5,0.0,64.353,0.000,0.0,697308.0
2026-08-31T15:21:23,0.2,4472,1547350,1531703,0.3,0.00,1.04,0.00,4.18,0.00,0.00,0.00,1.0,95830.0,95350.0,0.0,0.0,0.5,0.0,64.370,0.000,0.0,677711.5
2026-08-31T15:21:24,0.2,4552,1547350,1531623,0.3,0.00,0.74,0.00,2.97,0.00,0.00,0.00,1.0,95830.0,95350.0,0.0,0.0,0.5,0.0,64.341,0.000,0.0,677711.5
2026-08-31T15:21:24,0.5,4554,1547350,1531621,0.3,0.00,1.87,0.00,7.49,0.00,0.00,0.00,1.0,95830.0,95350.0,0.0,0.0,0.5,0.0,64.348,0.000,0.0,705586.0
2026-08-31T15:21:26,0.2,4556,1547350,1531619,0.3,0.00,0.75,0.00,2.98,0.00,0.00,0.00,1.0,95830.0,95350.0,0.0,0.0,0.5,0.0,64.334,0.000,0.0,705586.0
2026-08-31T15:21:27,0.2,4558,1547350,1531617,0.3,0.00,1.18,0.00,4.73,0.00,0.00,0.00,1.0,95830.0,95350.0,0.0,0.0,0.5,0.0,64.356,0.000,0.0,680781.0
2026-08-31T15:21:28,0.2,4559,1547350,1531616,0.3,0.00,0.60,0.00,2.41,0.00,1.00,0.00,1.0,95830.0,95350.0,0.0,0.0,0.5,0.0,64.346,0.000,0.0,680781.0
2026-08-31T15:21:29,0.2,4563,1547350,1531613,0.3,0.00,1.85,0.00,7.38,0.00,0.00,0.00,1.0,95830.0,95350.0,0.0,0.0,0.5,0.0,64.365,0.000,0.0,707438.0
2026-08-31T15:21:31,0.2,4564,1547350,1531611,0.3,0.00,3.61,0.00,16.87,0.00,0.00,0.00,1.0,95830.0,95350.0,0.0,0.0,0.5,0.0,64.356,0.000,0.0,656366.0
2026-08-31T15:21:32,0.2,4565,1547350,1531610,0.3,0.00,0.65,0.00,2.61,0.00,0.00,0.00,1.0,95830.0,95350.0,0.0,0.0,0.5,0.0,64.358,0.000,0.0,668518.5
2026-08-31T15:21:33,0.2,4566,1547350,1531610,0.3,0.00,0.76,0.00,3.06,0.00,0.00,0.00,1.0,95830.0,95350.0,0.0,0.0,0.5,0.0,64.346,0.000,0.0,669244.0
2026-08-31T15:21:35,0.2,4565,1547350,1531610,0.3,0.00,0.81,0.00,3.23,0.00,0.00,0.00,1.0,95830.0,95350.0,0.0,0.0,0.5,0.0,64.350,0.000,0.0,665898.5
2026-08-31T15:21:36,0.2,4565,1547350,1531610,0.3,0.00,1.32,0.00,5.27,0.00,0.00,0.00,1.0,95830.0,95350.0,0.0,0.0,0.5,0.0,64.367,0.000,0.0,665898.5
2026-08-31T15:21:37,0.2,4566,1547350,1531610,0.3,0.00,1.21,0.00,4.85,0.00,0.00,0.00,1.0,95830.0,95350.0,0.0,0.0,0.5,0.0,64.348,0.000,0.0,681482.5
2026-08-31T15:21:39,0.2,4567,1547350,1531608,0.3,0.00,1.16,0.00,10.75,0.00,0.00,0.00,1.0,95830.0,95350.0,0.0,0.0,0.5,0.0,64.357,0.000,0.0,656388.5
2026-08-31T15:21:40,0.2,4567,1547350,1531608,0.3,0.00,0.70,0.00,2.81,0.00,1.00,0.00,1.0,95830.0,95350.0,0.0,0.0,0.5,0.0,64.365,0.000,0.0,681236.5
2026-08-31T15:21:42,0.2,4568,1547350,1531608,0.3,0.00,1.19,0.00,4.76,0.00,0.00,0.00,1.0,95830.0,95350.0,0.0,0.0,0.5,0.0,64.325,0.000,0.0,715234.0
2026-08-31T15:21:43,0.2,4568,1547350,1531607,0.3,0.00,1.17,0.00,4.69,0.00,0.00,0.00,1.0,95830.0,95350.0,0.0,0.0,0.5,0.0,64.359,0.000,0.0,715234.0
2026-08-31T15:21:43,0.2,4568,1547350,1531607,0.3,0.00,2.33,0.00,9.32,0.00,0.00,0.00,1.0,95830.0,95350.0,0.0,0.0,0.5,0.0,64.344,0.000,0.0,720690.5
2026-08-31T15:21:44,0.2,4570,1547350,1531606,0.3,0.00,0.85,0.00,3.42,0.00,0.00,0.00,1.0,95830.0,95350.0,0.0,0.0,0.5,0.0,64.314,0.000,0.0,674396.5
2026-08-31T15:21:46,0.2,4570,1547350,1531606,0.3,0.00,0.67,0.00,2.69,0.00,0.00,0.00,1.0,95830.0,95350.0,0.0,0.0,0.5,0.0,64.345,0.000,0.0,674396.5
2026-08-31T15:21:46,0.2,4571,1547350,1531605,0.3,0.00,3.99,0.00,15.96,0.00,0.00,0.00,1.0,95830.0,95350.0,0.0,0.0,0.5,0.0,64.334,0.000,0.0,703690.0
2026-08-31T15:21:47,0.2,4571,1547350,1531604,0.3,0.00,1.00,0.00,4.01,0.00,0.00,0.00,1.0,95830.0,95350.0,0.0,0.0,0.5,0.0,64.349,0.000,0.0,703690.0
2026-08-31T15:21:48,0.2,4571,1547350,1531604,0.3,0.00,0.99,0.00,3.94,0.00,0.00,0.00,1.0,95830.0,95350.0,0.0,0.0,0.5,0.0,64.355,0.000,0.0,683906.5
2026-08-31T15:21:50,0.2,4572,1547350,1531603,0.3,0.00,0.82,0.00,3.29,0.00,0.00,0.00,1.0,95830.0,95350.0,0.0,0.0,0.5,0.0,64.346,0.000,0.0,665533.0
2026-08-31T15:21:51,0.2,4572,1547350,1531603,0.3,0.00,0.65,0.00,2.59,0.00,0.00,0.00,1.0,95830.0,95350.0,0.0,0.0,0.5,0.0,64.338,0.000,0.0,690323.0
2026-08-31T15:21:52,0.2,4572,1547350,1531603,0.3,0.00,1.03,0.00,4.10,0.00,0.00,0.00,1.0,95830.0,95350.0,0.0,0.0,0.5,0.0,64.350,0.000,0.0,664510.0
2026-08-31T15:21:54,0.2,4573,1547350,1531602,0.3,0.00,0.66,0.00,2.63,0.00,0.00,0.00,1.0,95830.0,95350.0,0.0,0.0,0.5,0.0,64.353,0.000,0.0,658921.5
2026-08-31T15:21:56,0.2,4574,1547350,1531602,0.3,0.00,0.51,0.00,2.04,0.00,0.00,0.00,1.0,95830.0,95350.0,0.0,0.0,0.5,0.0,64.385,0.000,0.0,672391.0
2026-08-31T15:21:57,0.2,4574,1547350,1531601,0.3,0.00,0.72,0.00,2.88,0.00,0.00,0.00,1.0,95830.0,95350.0,0.0,0.0,0.5,0.0,64.364,0.000,0.0,686341.5
2026-08-31T15:21:58,0.3,4574,1547350,1531602,0.3,0.00,0.95,0.00,3.80,0.00,0.00,0.00,1.0,95830.0,95350.0,0.0,0.0,0.5,0.0,64.343,0.000,0.0,742947.0
2026-08-31T15:21:59,0.2,4574,1547350,1531602,0.3,0.00,0.92,0.00,3.69,0.00,0.00,0.00,1.0,95830.0,95350.0,0.0,0.0,0.5,0.0,64.322,0.000,0.0,742947.0
2026-08-31T15:22:00,0.3,4574,1547350,1531601,0.3,0.00,2.63,0.00,10.53,0.00,0.00,0.00,1.0,95830.0,95350.0,0.0,0.0,0.5,0.0,64.329,0.000,0.0,742947.0
2026-08-31T15:22:00,0.3,4575,1547350,1531601,0.3,0.00,2.35,0.00,9.41,0.00,1.00,0.00,1.0,95830.0,95350.0,0.0,0.0,0.5,0.0,64.345,0.000,0.0,756398.0
2026-08-31T15:22:01,0.3,4582,1547350,1531594,0.3,0.00,0.89,0.00,3.56,0.00,0.00,0.00,1.0,95830.0,95350.0,0.0,0.0,0.5,0.0,64.341,0.000,0.0,756398.0
2026-08-31T15:22:02,0.2,4583,1547350,1531592,0.3,0.00,1.54,0.00,6.15,0.00,0.00,0.00,1.0,95830.0,95350.0,0.0,0.0,0.5,0.0,64.343,0.000,0.0,729186.5
2026-08-31T15:22:03,0.2,4584,1547350,1531591,0.3,0.00,1.20,0.00,4.80,0.00,0.00,0.00,1.0,95830.0,95350.0,0.0,0.0,0.5,0.0,64.357,0.000,0.0,729186.5
2026-08-31T15:22:03,0.2,4584,1547350,1531591,0.3,0.00,2.01,0.00,8.03,0.00,0.00,0.00,1.0,95830.0,95350.0,0.0,0.0,0.5,0.0,64.362,0.000,0.0,715369.0
2026-08-31T15:22:05,0.2,4584,1547350,1531591,0.3,0.00,0.72,0.00,2.87,0.00,0.00,0.00,1.0,95830.0,95350.0,0.0,0.0,0.5,0.0,64.347,0.000,0.0,690301.5
2026-08-31T15:22:05,0.2,4584,1547350,1531591,0.3,0.00,1.29,0.00,5.16,0.00,0.00,0.00,1.0,95830.0,95350.0,0.0,0.0,0.5,0.0,64.288,0.000,0.0,677690.5
2026-08-31T15:22:07,0.2,4584,1547350,1531591,0.3,0.00,0.80,0.00,3.20,0.00,0.00,0.00,1.0,95830.0,95350.0,0.0,0.0,0.5,0.0,64.364,0.000,0.0,670645.5
2026-08-31T15:22:08,0.2,4584,1547350,1531591,0.3,0.00,0.79,0.00,3.17,0.00,0.00,0.00,1.0,95830.0,95350.0,0.0,0.0,0.5,0.0,64.340,0.000,0.0,670645.5
2026-08-31T15:22:09,0.2,4584,1547350,1531591,0.3,0.00,4.10,0.00,32.83,0.00,0.00,0.00,1.0,95830.0,95350.0,0.0,0.0,0.5,0.0,64.338,0.000,0.0,698480.5
2026-08-31T15:22:10,0.2,4585,1547350,1531590,0.3,0.00,0.77,0.00,3.07,0.00,0.00,0.00,1.0,95830.0,95350.0,0.0,0.0,0.5,0.0,64.315,0.000,0.0,675511.0
2026-08-31T15:22:11,0.2,4585,1547350,1531590,0.3,0.00,0.77,0.00,3.08,0.00,0.00,0.00,1.0,95830.0,95350.0,0.0,0.0,0.5,0.0,64.321,0.000,0.0,675511.0
2026-08-31T15:22:12,0.2,4585,1547350,1531590,0.3,0.00,1.44,0.00,5.75,0.00,0.00,0.00,1.0,95830.0,95350.0,0.0,0.0,0.5,0.0,64.353,0.000,0.0,702361.5
2026-08-31T15:22:13,0.2,4586,1547350,1531590,0.3,0.00,0.77,0.00,3.07,0.00,0.00,0.00,1.0,95830.0,95350.0,0.0,0.0,0.5,0.0,64.288,0.000,0.0,670195.0
2026-08-31T15:22:15,0.2,4586,1547350,1531589,0.3,0.00,0.70,0.00,2.82,0.00,0.00,0.00,1.0,95830.0,95350.0,0.0,0.0,0.5,0.0,64.348,0.000,0.0,687767.5
2026-08-31T15:22:16,0.2,4587,1547350,1531589,0.3,0.00,0.76,0.00,3.03,0.00,0.00,0.00,1.0,95830.0,95350.0,0.0,0.0,0.5,0.0,64.320,0.000,0.0,670831.5
2026-08-31T15:22:17,0.2,4586,1547350,1531589,0.3,0.00,1.51,0.00,6.03,0.00,0.00,0.00,1.0,95830.0,95350.0,0.0,0.0,0.5,0.0,64.332,0.000,0.0,666264.5
2026-08-31T15:22:19,0.2,4586,1547350,1531589,0.3,0.00,0.71,0.00,2.86,0.00,0.00,0.00,1.0,95830.0,95350.0,0.0,0.0,0.5,0.0,64.356,0.000,0.0,669633.0
2026-08-31T15:22:20,0.2,4587,1547350,1531589,0.3,0.00,0.75,0.00,2.98,0.00,1.00,0.00,1.0,95830.0,95350.0,0.0,0.0,0.5,0.0,64.364,0.000,0.0,675515.0
2026-08-31T15:22:21,0.2,4586,1547350,1531589,0.3,0.00,0.89,0.00,3.57,0.00,0.00,0.00,1.0,95830.0,95350.0,0.0,0.0,0.5,0.0,64.347,0.000,0.0,676983.5
2026-08-31T15:22:23,0.2,4587,1547350,1531589,0.3,0.00,0.65,0.00,2.58,0.00,0.00,0.00,1.0,95830.0,95350.0,0.0,0.0,0.5,0.0,64.335,0.000,0.0,654419.0
2026-08-31T15:22:24,0.2,4587,1547350,1531588,0.3,0.00,0.65,0.00,2.59,0.00,0.00,0.00,1.0,95830.0,95350.0,0.0,0.0,0.5,0.0,64.347,0.000,0.0,661779.0
2026-08-31T15:22:26,0.2,4587,1547350,1531589,0.3,0.00,0.61,0.00,2.43,0.00,0.00,0.00,1.0,95830.0,95350.0,0.0,0.0,0.5,0.0,64.329,0.000,0.0,663967.0
2026-08-31T15:22:27,0.2,4587,1547350,1531588,0.3,0.00,0.75,0.00,3.00,0.00,0.00,0.00,1.0,95830.0,95350.0,0.0,0.0,0.5,0.0,64.335,0.000,0.0,667204.5
2026-08-31T15:22:29,0.2,4588,1547350,1531588,0.3,0.00,0.66,0.00,2.64,0.00,0.00,0.00,1.0,95830.0,95350.0,0.0,0.0,0.5,0.0,64.334,0.000,0.0,709895.5
2026-08-31T15:22:30,0.2,4589,1547350,1531587,0.3,0.00,0.66,0.00,2.63,0.00,0.00,0.00,1.0,95830.0,95350.0,0.0,0.0,0.5,0.0,64.332,0.000,0.0,657674.0
2026-08-31T15:22:32,0.2,4588,1547350,1531587,0.3,0.00,0.67,0.00,2.67,0.00,0.00,0.00,1.0,95830.0,95350.0,0.0,0.0,0.5,0.0,64.353,0.000,0.0,657674.0
2026-08-31T15:22:32,0.2,4589,1547350,1531586,0.3,0.00,2.55,0.00,10.20,0.00,0.00,0.00,1.0,95830.0,95350.0,0.0,0.0,0.5,0.0,64.334,0.000,0.0,657674.0
2026-08-31T15:22:32,0.2,4589,1547350,1531586,0.3,0.00,15.83,0.00,63.32,0.00,0.00,0.00,1.0,95830.0,95350.0,0.0,0.0,0.5,0.0,64.333,0.000,0.0,804647.0
2026-08-31T15:22:33,0.2,4589,1547350,1531587,0.3,0.00,1.31,0.00,5.25,0.00,0.00,0.00,1.0,95830.0,95350.0,0.0,0.0,0.5,0.0,64.339,0.000,0.0,664566.5
2026-08-31T15:22:35,0.2,4588,1547350,1531587,0.3,0.00,0.59,0.00,2.38,0.00,0.00,0.00,1.0,95830.0,95350.0,0.0,0.0,0.5,0.0,64.287,0.000,0.0,660200.5
2026-08-31T15:22:36,0.2,4589,1547350,1531586,0.3,0.00,0.68,0.00,2.71,0.00,1.00,0.00,1.0,95830.0,95350.0,0.0,0.0,0.5,0.0,64.317,0.000,0.0,690271.5
2026-08-31T15:22:37,0.2,4590,1547350,1531586,0.3,0.00,1.93,0.00,7.74,0.00,0.00,0.00,1.0,95830.0,95350.0,0.0,0.0,0.5,0.0,64.305,0.000,0.0,664668.0
2026-08-31T15:22:39,0.2,4589,1547350,1531586,0.3,0.00,1.20,0.00,11.70,0.00,0.00,0.00,1.0,95830.0,95350.0,0.0,0.0,0.5,0.0,64.326,0.000,0.0,675760.5
2026-08-31T15:22:40,0.2,4590,1547350,1531586,0.3,0.00,0.97,0.00,3.86,0.00,0.00,0.00,1.0,95830.0,95350.0,0.0,0.0,0.5,0.0,64.334,0.000,0.0,675760.5
2026-08-31T15:22:41,0.2,4589,1547350,1531586,0.3,0.00,1.23,0.00,4.92,0.00,0.00,0.00,1.0,95830.0,95350.0,0.0,0.0,0.5,0.0,64.346,0.000,0.0,698010.5
2026-08-31T15:22:42,0.2,4589,1547350,1531587,0.3,0.00,1.30,0.00,5.18,0.00,0.00,0.00,1.0,95830.0,95350.0,0.0,0.0,0.5,0.0,64.332,0.000,0.0,657550.0
2026-08-31T15:22:44,0.2,4590,1547350,1531585,0.3,0.00,0.62,0.00,2.46,0.00,0.00,0.00,1.0,95830.0,95350.0,0.0,0.0,0.5,0.0,64.324,0.000,0.0,658347.5
2026-08-31T15:22:46,0.2,4590,1547350,1531586,0.3,0.00,0.53,0.00,2.14,0.00,0.00,0.00,1.0,95830.0,95350.0,0.0,0.0,0.5,0.0,64.352,0.000,0.0,675513.5
2026-08-31T15:22:47,0.2,4590,1547350,1531585,0.3,0.00,1.16,0.00,4.62,0.00,0.00,0.00,1.0,95830.0,95350.0,0.0,0.0,0.5,0.0,64.335,0.000,0.0,665529.5
2026-08-31T15:22:48,0.2,4591,1547350,1531585,0.3,0.00,0.66,0.00,2.63,0.00,0.00,0.00,1.0,95830.0,95350.0,0.0,0.0,0.5,0.0,64.312,0.000,0.0,665529.5
2026-08-31T15:22:49,0.2,4591,1547350,1531584,0.3,0.00,1.23,0.00,4.92,0.00,0.00,0.12,1.0,95830.0,95350.0,0.0,0.0,0.5,0.0,64.328,0.000,0.0,664480.5
2026-08-31T15:22:51,0.2,4591,1547350,1531584,0.3,0.00,0.61,0.00,2.44,0.00,0.00,0.00,1.0,95830.0,95350.0,0.0,0.0,0.5,0.0,64.314,0.000,0.0,675235.5
2026-08-31T15:22:52,0.2,4591,1547350,1531585,0.3,0.00,1.84,0.00,7.35,0.00,0.00,0.00,1.0,95830.0,95350.0,0.0,0.0,0.5,0.0,64.330,0.000,0.0,661792.5
2026-08-31T15:22:54,0.2,4592,1547350,1531583,0.3,0.00,0.73,0.00,2.94,0.00,0.00,0.00,1.0,95830.0,95350.0,0.0,0.0,0.5,0.0,64.315,0.000,0.0,661792.5
2026-08-31T15:22:55,0.2,4593,1547350,1531583,0.3,0.00,1.28,0.00,5.11,0.00,1.00,0.00,1.0,95830.0,95350.0,0.0,0.0,0.5,0.0,64.309,0.000,0.0,695297.0
2026-08-31T15:22:56,0.2,4593,1547350,1531582,0.3,0.00,0.59,0.00,2.35,0.00,0.00,0.00,1.0,95830.0,95350.0,0.0,0.0,0.5,0.0,64.289,0.000,0.0,651056.0
2026-08-31T15:22:58,0.2,4593,1547350,1531582,0.3,0.00,0.64,0.00,2.55,0.00,0.00,0.00,1.0,95830.0,95350.0,0.0,0.0,0.5,0.0,64.303,0.000,0.0,651056.0
2026-08-31T15:22:58,0.2,4595,1547350,1531581,0.3,0.00,1.60,0.00,6.41,0.00,0.00,0.00,1.0,95830.0,95350.0,0.0,0.0,0.5,0.0,64.335,0.000,0.0,683042.5
2026-08-31T15:23:00,0.2,4595,1547350,1531580,0.3,0.00,0.67,0.00,2.70,0.00,0.00,0.00,1.0,95830.0,95350.0,0.0,0.0,0.5,0.0,64.326,0.000,0.0,683042.5
2026-08-31T15:23:00,0.2,4600,1547350,1531575,0.3,0.00,2.15,0.00,8.58,0.00,0.00,0.00,1.0,95830.0,95350.0,0.0,0.0,0.5,0.0,64.305,0.000,0.0,726077.0
2026-08-31T15:23:02,0.3,4601,1547350,1531575,0.3,0.00,0.83,0.00,3.32,0.00,0.00,0.00,1.0,95830.0,95350.0,0.0,0.0,0.5,0.0,64.287,0.000,0.0,677260.0
2026-08-31T15:23:03,0.2,4601,1547350,1531574,0.3,0.00,0.84,0.00,3.35,0.00,0.00,0.00,1.0,95830.0,95350.0,0.0,0.0,0.5,0.0,64.319,0.000,0.0,673086.5
2026-08-31T15:23:04,0.2,4601,1547350,1531574,0.3,0.00,0.76,0.00,3.05,0.00,0.00,0.00,1.0,95830.0,95350.0,0.0,0.0,0.5,0.0,64.314,0.000,0.0,673036.5
2026-08-31T15:23:05,0.2,4601,1547350,1531574,0.3,0.00,0.77,0.00,3.08,0.00,0.00,0.00,1.0,95830.0,95350.0,0.0,0.0,0.5,0.0,64.315,0.000,0.0,666816.0
2026-08-31T15:23:07,0.2,4601,1547350,1531574,0.3,0.00,0.81,0.00,3.24,0.00,0.00,0.00,1.0,95830.0,95350.0,0.0,0.0,0.5,0.0,64.306,0.000,0.0,666816.0
2026-08-31T15:23:07,0.2,4602,1547350,1531574,0.3,0.00,1.82,0.00,7.29,0.00,0.00,0.18,1.0,95830.0,95350.0,0.0,0.0,0.5,0.0,64.322,0.000,0.0,714514.5
2026-08-31T15:23:08,0.2,4601,1547350,1531574,0.3,0.00,0.80,0.00,3.20,0.00,0.00,0.00,1.0,95830.0,95350.0,0.0,0.0,0.5,0.0,64.297,0.000,0.0,714514.5
2026-08-31T15:23:09,0.2,4601,1547350,1531575,0.3,0.00,6.01,0.00,35.29,0.00,0.25,0.00,1.0,95830.0,95350.0,0.0,0.0,0.5,0.0,64.272,0.000,0.0,689686.0
2026-08-31T15:23:11,0.2,4601,1547350,1531574,0.3,0.00,0.72,0.00,2.90,0.00,0.00,0.00,1.0,95830.0,95350.0,0.0,0.0,0.5,0.0,64.303,0.000,0.0,660799.5
2026-08-31T15:23:12,0.3,4600,1547350,1531575,0.3,0.00,0.96,0.00,3.84,0.00,0.00,0.00,1.0,95830.0,95350.0,0.0,0.0,0.5,0.0,64.350,0.000,0.0,709617.5
2026-08-31T15:23:13,0.2,4599,1547350,1531576,0.3,0.00,1.04,0.00,4.16,0.00,0.00,0.00,1.0,95830.0,95350.0,0.0,0.0,0.5,0.0,64.325,0.000,0.0,709617.5
2026-08-31T15:23:13,0.2,4599,1547350,1531577,0.3,0.00,1.42,0.00,5.68,0.00,0.00,0.00,1.0,95830.0,95350.0,0.0,0.0,0.5,0.0,64.323,0.000,0.0,701717.0
2026-08-31T15:23:15,0.2,4599,1547350,1531577,0.3,0.00,0.75,0.00,2.99,0.00,0.00,0.00,1.0,95830.0,95350.0,0.0,0.0,0.5,0.0,64.347,0.000,0.0,665896.5
2026-08-31T15:23:16,0.2,4599,1547350,1531576,0.3,0.00,0.66,0.00,2.65,0.00,0.00,0.00,1.0,95830.0,95350.0,0.0,0.0,0.5,0.0,64.325,0.000,0.0,669866.5
2026-08-31T15:23:17,0.2,4599,1547350,1531576,0.3,0.00,0.74,0.00,2.95,0.00,0.00,0.07,1.0,95830.0,95350.0,0.0,0.0,0.5,0.0,64.318,0.000,0.0,661634.0
2026-08-31T15:23:19,0.2,4600,1547350,1531576,0.3,0.00,0.60,0.00,2.41,0.00,0.00,0.00,1.0,95830.0,95350.0,0.0,0.0,0.5,0.0,64.317,0.000,0.0,659379.0
2026-08-31T15:23:20,0.2,4601,1547350,1531574,0.3,0.00,0.77,0.00,3.07,0.00,0.00,0.00,1.0,95830.0,95350.0,0.0,0.0,0.5,0.0,64.322,0.000,0.0,734669.5
2026-08-31T15:23:22,0.2,4603,1547350,1531573,0.3,0.00,0.65,0.00,2.61,0.00,0.00,0.00,1.0,95830.0,95350.0,0.0,0.0,0.5,0.0,64.346,0.000,0.0,660221.5
2026-08-31T15:23:23,0.2,4603,1547350,1531572,0.3,0.00,0.73,0.00,2.93,0.00,0.00,0.00,1.0,95830.0,95350.0,0.0,0.0,0.5,0.0,64.303,0.000,0.0,665169.5
2026-08-31T15:23:25,0.2,4603,1547350,1531573,0.3,0.00,0.67,0.00,2.68,0.00,0.00,0.00,1.0,95830.0,95350.0,0.0,0.0,0.5,0.0,64.328,0.000,0.0,653347.0
2026-08-31T15:23:26,0.2,4603,1547350,1531572,0.3,0.00,0.65,0.00,2.60,0.00,0.00,0.00,1.0,95830.0,95350.0,0.0,0.0,0.5,0.0,64.317,0.000,0.0,669147.5
2026-08-31T15:23:28,0.2,4603,1547350,1531573,0.3,0.00,1.09,0.00,4.35,0.00,0.00,0.00,1.0,95830.0,95350.0,0.0,0.0,0.5,0.0,64.314,0.000,0.0,686572.0
2026-08-31T15:23:29,0.2,4603,1547350,1531572,0.3,0.00,0.76,0.00,3.03,0.00,0.00,0.00,1.0,95830.0,95350.0,0.0,0.0,0.5,0.0,64.300,0.000,0.0,686572.0
2026-08-31T15:23:30,0.2,4604,1547350,1531572,0.3,0.00,1.32,0.00,5.27,0.00,0.00,0.13,1.0,95830.0,95350.0,0.0,0.0,0.5,0.0,64.312,0.000,0.0,752392.5
2026-08-31T15:23:31,0.2,4604,1547350,1531572,0.3,0.00,1.32,0.00,5.28,0.00,0.00,0.00,1.0,95830.0,95350.0,0.0,0.0,0.5,0.0,64.335,0.000,0.0,664234.5
2026-08-31T15:23:33,0.2,4604,1547350,1531571,0.3,0.00,0.64,0.00,2.57,0.00,0.00,0.00,1.0,95830.0,95350.0,0.0,0.0,0.5,0.0,64.346,0.000,0.0,661458.0
2026-08-31T15:23:34,0.2,4604,1547350,1531572,0.3,0.00,4.30,0.00,19.66,0.00,0.14,0.00,1.0,95830.0,95350.0,0.0,0.0,0.5,0.0,64.312,0.000,0.0,679054.0
2026-08-31T15:23:36,0.2,4605,1547350,1531570,0.3,0.00,0.63,0.00,2.53,0.00,0.00,0.00,1.0,95830.0,95350.0,0.0,0.0,0.5,0.0,64.290,0.000,0.0,657724.0
2026-08-31T15:23:38,0.2,4605,1547350,1531570,0.3,0.00,0.57,0.00,2.28,0.00,0.00,0.00,1.0,95830.0,95350.0,0.0,0.0,0.5,0.0,64.323,0.000,0.0,652202.0
2026-08-31T15:23:38,0.2,4605,1547350,1531570,0.3,0.00,2.13,0.00,19.72,0.00,0.00,0.00,1.0,95830.0,95350.0,0.0,0.0,0.5,0.0,64.293,0.000,0.0,710758.0
2026-08-31T15:23:40,0.2,4606,1547350,1531569,0.3,0.00,0.76,0.00,3.06,0.00,0.00,0.00,1.0,95830.0,95350.0,0.0,0.0,0.5,0.0,64.340,0.000,0.0,653789.0
2026-08-31T15:23:41,0.2,4608,1547350,1531568,0.3,0.00,0.59,0.00,2.38,0.00,0.00,0.00,1.0,95830.0,95350.0,0.0,0.0,0.5,0.0,64.344,0.000,0.0,676407.5
2026-08-31T15:23:42,0.2,4608,1547350,1531568,0.3,0.00,0.96,0.00,3.84,0.00,0.00,0.00,1.0,95830.0,95350.0,0.0,0.0,0.5,0.0,64.303,0.000,0.0,660581.0
2026-08-31T15:23:44,0.2,4607,1547350,1531568,0.3,0.00,1.11,0.00,4.46,0.00,0.50,0.00,1.0,95830.0,95350.0,0.0,0.0,0.5,0.0,64.291,0.000,0.0,660581.0
2026-08-31T15:23:45,0.2,4608,1547350,1531567,0.3,0.00,1.25,0.00,5.00,0.00,0.00,0.00,1.0,95830.0,95350.0,0.0,0.0,0.5,0.0,64.305,0.000,0.0,662714.0
2026-08-31T15:23:48,0.2,4609,1547350,1531567,0.3,0.00,0.40,0.00,1.61,0.00,0.00,0.00,1.0,95830.0,95350.0,0.0,0.0,0.5,0.0,64.290,0.000,0.0,654233.5
2026-08-31T15:23:49,0.2,4610,1547350,1531566,0.3,0.00,0.59,0.00,2.34,0.00,0.00,0.00,1.0,95830.0,95350.0,0.0,0.0,0.5,0.0,64.322,0.000,0.0,657204.5
2026-08-31T15:23:51,0.2,4611,1547350,1531565,0.3,0.00,0.54,0.00,2.17,0.00,0.00,0.00,1.0,95830.0,95350.0,0.0,0.0,0.5,0.0,64.329,0.000,0.0,671359.5
2026-08-31T15:23:53,0.2,4612,1547350,1531563,0.3,0.00,0.60,0.00,2.41,0.00,0.00,0.00,1.0,95830.0,95350.0,0.0,0.0,0.5,0.0,64.313,0.000,0.0,723659.0
2026-08-31T15:23:54,0.2,4620,1547350,1531555,0.3,0.00,0.74,0.00,2.97,0.00,0.00,0.00,1.0,95830.0,95350.0,0.0,0.0,0.5,0.0,64.267,0.000,0.0,650763.0
2026-08-31T15:23:56,0.2,4628,1547350,1531547,0.3,0.00,0.50,0.00,1.98,0.00,0.00,0.00,1.0,95830.0,95350.0,0.0,0.0,0.5,0.0,64.334,0.000,0.0,642418.0
2026-08-31T15:23:58,0.2,4628,1547350,1531548,0.3,0.00,0.49,0.00,1.96,0.00,0.00,0.00,1.0,95830.0,95350.0,0.0,0.0,0.5,0.0,64.291,0.000,0.0,668248.0
2026-08-31T15:24:00,0.2,4628,1547350,1531547,0.3,0.00,1.45,0.00,8.70,0.00,0.00,0.00,1.0,95830.0,95350.0,0.0,0.0,0.5,0.0,64.325,0.000,0.0,646095.5
2026-08-31T15:24:01,0.3,4631,1547350,1531544,0.3,0.00,0.53,0.00,2.13,0.00,0.00,0.00,1.0,95830.0,95350.0,0.0,0.0,0.5,0.0,64.328,0.000,0.0,677450.5
2026-08-31T15:24:03,0.2,4632,1547350,1531543,0.3,0.00,0.78,0.00,3.13,0.00,0.00,0.00,1.0,95830.0,95350.0,0.0,0.0,0.5,0.0,64.327,0.000,0.0,669051.5
2026-08-31T15:24:04,0.2,4631,1547350,1531544,0.3,0.00,1.62,0.00,6.48,0.00,0.00,0.00,1.0,95830.0,95350.0,0.0,0.0,0.5,0.0,64.288,0.000,0.0,703451.0
2026-08-31T15:24:05,0.2,4631,1547350,1531544,0.3,0.00,0.83,0.00,3.34,0.00,0.00,0.00,1.0,95830.0,95350.0,0.0,0.0,0.5,0.0,64.337,0.000,0.0,671654.0
2026-08-31T15:24:06,0.2,4631,1547350,1531544,0.3,0.00,0.87,0.00,3.46,0.00,0.00,0.00,1.0,95830.0,95350.0,0.0,0.0,0.5,0.0,64.253,0.000,0.0,705596.5
2026-08-31T15:24:08,0.2,4632,1547350,1531544,0.3,0.00,0.78,0.00,3.12,0.00,0.00,0.00,1.0,95830.0,95350.0,0.0,0.0,0.5,0.0,64.285,0.000,0.0,705596.5
2026-08-31T15:24:08,0.2,4632,1547350,1531543,0.3,0.00,1.68,0.00,6.72,0.00,0.00,0.00,1.0,95830.0,95350.0,0.0,0.0,0.5,0.0,64.284,0.000,0.0,729804.0
2026-08-31T15:24:09,0.2,4632,1547350,1531543,0.3,0.00,3.05,0.00,22.36,0.00,0.33,0.00,1.0,95830.0,95350.0,0.0,0.0,0.5,0.0,64.287,0.000,0.0,729804.0
2026-08-31T15:24:10,0.2,4632,1547350,1531543,0.3,0.00,1.56,0.00,6.23,0.00,0.00,0.16,1.0,95830.0,95350.0,0.0,0.0,0.5,0.0,64.268,0.000,0.0,684604.0
2026-08-31T15:24:11,0.2,4628,1547350,1531548,0.3,0.00,0.73,0.00,2.90,0.00,0.00,0.00,1.0,95830.0,95350.0,0.0,0.0,0.5,0.0,64.286,0.000,0.0,715934.0
2026-08-31T15:24:12,0.2,4629,1547350,1531547,0.3,0.00,1.26,0.00,5.05,0.00,0.00,0.00,1.0,95830.0,95350.0,0.0,0.0,0.5,0.0,64.285,0.000,0.0,683405.0
2026-08-31T15:24:13,0.2,4630,1547350,1531546,0.3,0.00,0.71,0.00,2.83,0.00,0.00,0.00,1.0,95830.0,95350.0,0.0,0.0,0.5,0.0,64.283,0.000,0.0,670140.5
2026-08-31T15:24:15,0.2,4629,1547350,1531546,0.3,0.00,0.90,0.00,3.58,0.00,0.00,0.00,1.0,95830.0,95350.0,0.0,0.0,0.5,0.0,64.311,0.000,0.0,690489.5
2026-08-31T15:24:15,0.2,4629,1547350,1531546,0.3,0.00,1.15,0.00,4.61,0.00,0.00,0.12,1.0,95830.0,95350.0,0.0,0.0,0.5,0.0,64.300,0.000,0.0,690489.5
2026-08-31T15:24:16,0.2,4629,1547350,1531547,0.3,0.00,1.95,0.00,7.81,0.00,0.00,0.00,1.0,95830.0,95350.0,0.0,0.0,0.5,0.0,64.279,0.000,0.0,720498.5
2026-08-31T15:24:17,0.2,4630,1547350,1531546,0.3,0.00,0.75,0.00,2.99,0.00,0.00,0.00,1.0,95830.0,95350.0,0.0,0.0,0.5,0.0,64.275,0.000,0.0,666092.5
2026-08-31T15:24:19,0.2,4630,1547350,1531545,0.3,0.00,0.75,0.00,3.02,0.00,0.00,0.00,1.0,95830.0,95350.0,0.0,0.0,0.5,0.0,64.314,0.000,0.0,671827.5
2026-08-31T15:24:20,0.2,4630,1547350,1531545,0.3,0.00,0.74,0.00,2.98,0.00,0.00,0.00,1.0,95830.0,95350.0,0.0,0.0,0.5,0.0,64.289,0.000,0.0,684098.5
2026-08-31T15:24:21,0.2,4630,1547350,1531545,0.3,0.00,0.98,0.00,3.90,0.00,0.00,0.00,1.0,95830.0,95350.0,0.0,0.0,0.5,0.0,64.251,0.000,0.0,662945.5
2026-08-31T15:24:22,0.2,4630,1547350,1531545,0.3,0.00,0.66,0.00,2.64,0.00,0.00,0.00,1.0,95830.0,95350.0,0.0,0.0,0.5,0.0,64.304,0.000,0.0,661966.5
2026-08-31T15:24:24,0.2,4630,1547350,1531545,0.3,0.00,0.68,0.00,2.72,0.00,0.00,0.00,1.0,95830.0,95350.0,0.0,0.0,0.5,0.0,64.301,0.000,0.0,664585.5
2026-08-31T15:24:26,0.2,4630,1547350,1531546,0.3,0.00,0.62,0.00,2.48,0.00,0.00,0.00,1.0,95830.0,95350.0,0.0,0.0,0.5,0.0,64.287,0.000,0.0,657866.0
2026-08-31T15:24:27,0.2,4631,1547350,1531545,0.3,0.00,0.71,0.00,2.84,0.00,0.00,0.00,1.0,95830.0,95350.0,0.0,0.0,0.5,0.0,64.276,0.000,0.0,665727.0
2026-08-31T15:24:28,0.2,4631,1547350,1531544,0.3,0.00,0.64,0.00,2.55,0.00,1.00,0.00,1.0,95830.0,95350.0,0.0,0.0,0.5,0.0,64.261,0.000,0.0,658818.0
2026-08-31T15:24:30,0.2,4632,1547350,1531544,0.3,0.00,1.38,0.00,5.50,0.00,0.00,0.00,1.0,95830.0,95350.0,0.0,0.0,0.5,0.0,64.257,0.000,0.0,653946.0
2026-08-31T15:24:32,0.2,4632,1547350,1531544,0.3,0.00,0.59,0.00,2.35,0.00,0.00,0.00,1.0,95830.0,95350.0,0.0,0.0,0.5,0.0,64.282,0.000,0.0,662139.0
2026-08-31T15:24:33,0.2,4632,1547350,1531544,0.3,0.00,0.59,0.00,2.37,0.00,0.00,0.00,1.0,95830.0,95350.0,0.0,0.0,0.5,0.0,64.285,0.000,0.0,656408.0
2026-08-31T15:24:35,0.2,4632,1547350,1531544,0.3,0.00,4.63,0.00,21.16,0.00,0.00,0.00,1.0,95830.0,95350.0,0.0,0.0,0.5,0.0,64.311,0.000,0.0,670651.0
2026-08-31T15:24:36,0.2,4634,1547350,1531542,0.3,0.00,0.78,0.00,3.14,0.00,0.00,0.00,1.0,95830.0,95350.0,0.0,0.0,0.5,0.0,64.288,0.000,0.0,658502.0
2026-08-31T15:24:38,0.2,4635,1547350,1531541,0.3,0.00,0.62,0.00,2.49,0.00,1.00,0.00,1.0,95830.0,95350.0,0.0,0.0,0.5,0.0,64.286,0.000,0.0,662799.0
2026-08-31T15:24:39,0.2,4635,1547350,1531540,0.3,0.00,1.23,0.00,13.26,0.00,0.00,0.00,1.0,95830.0,95350.0,0.0,0.0,0.5,0.0,64.290,0.000,0.0,657085.5
2026-08-31T15:24:41,0.2,4636,1547350,1531539,0.3,0.00,0.64,0.00,2.55,0.00,0.00,0.00,1.0,95830.0,95350.0,0.0,0.0,0.5,0.0,64.270,0.000,0.0,665593.0
2026-08-31T15:24:43,0.2,4637,1547350,1531539,0.3,0.00,0.59,0.00,2.37,0.00,0.00,0.00,1.0,95830.0,95350.0,0.0,0.0,0.5,0.0,64.236,0.000,0.0,692247.5
2026-08-31T15:24:44,0.2,4637,1547350,1531538,0.3,0.00,0.65,0.00,2.59,0.00,0.00,0.00,1.0,95830.0,95350.0,0.0,0.0,0.5,0.0,64.260,0.000,0.0,665638.0
2026-08-31T15:24:46,0.2,4638,1547350,1531538,0.3,0.00,1.22,0.00,4.90,0.00,0.00,0.00,1.0,95830.0,95350.0,0.0,0.0,0.5,0.0,64.260,0.000,0.0,667990.0
2026-08-31T15:24:47,0.2,4639,1547350,1531536,0.3,0.00,0.61,0.00,2.43,0.00,0.00,0.00,1.0,95830.0,95350.0,0.0,0.0,0.5,0.0,64.263,0.000,0.0,671791.0
2026-08-31T15:24:49,0.2,4639,1547350,1531537,0.3,0.00,0.63,0.00,2.54,0.00,0.00,0.00,1.0,95830.0,95350.0,0.0,0.0,0.5,0.0,64.293,0.000,0.0,654918.0
2026-08-31T15:24:51,0.2,4640,1547350,1531536,0.3,0.00,0.61,0.00,2.46,0.00,0.00,0.00,1.0,95830.0,95350.0,0.0,0.0,0.5,0.0,64.255,0.000,0.0,663534.0
2026-08-31T15:24:52,0.2,4639,1547350,1531536,0.3,0.00,0.64,0.00,2.56,0.00,0.00,0.00,1.0,95830.0,95350.0,0.0,0.0,0.5,0.0,64.295,0.000,0.0,695731.5
2026-08-31T15:24:54,0.2,4640,1547350,1531536,0.3,0.00,0.60,0.00,2.40,0.00,0.00,0.06,1.0,95830.0,95350.0,0.0,0.0,0.5,0.0,64.275,0.000,0.0,654715.5
2026-08-31T15:24:56,0.2,4642,1547350,1531533,0.3,0.00,0.55,0.00,2.20,0.00,0.00,0.00,1.0,95830.0,95350.0,0.0,0.0,0.5,0.0,64.272,0.000,0.0,652046.0
2026-08-31T15:24:57,0.2,4642,1547350,1531533,0.3,0.00,0.55,0.00,2.20,0.00,0.00,0.00,1.0,95830.0,95350.0,0.0,0.0,0.5,0.0,64.257,0.000,0.0,645829.5
2026-08-31T15:25:00,0.2,4642,1547350,1531533,0.3,0.00,0.49,0.00,1.96,0.00,0.00,0.00,1.0,95830.0,95350.0,0.0,0.0,0.5,0.0,64.297,0.000,0.0,651617.5
2026-08-31T15:25:02,0.2,4646,1547350,1531529,0.3,0.00,1.02,0.00,6.09,0.00,0.00,0.00,1.0,95830.0,95350.0,0.0,0.0,0.5,0.0,64.287,0.000,0.0,651617.5
2026-08-31T15:25:02,0.2,4646,1547350,1531529,0.3,0.00,1.53,0.00,6.13,0.00,0.00,0.00,1.0,95830.0,95350.0,0.0,0.0,0.5,0.0,64.282,0.000,0.0,708768.0
2026-08-31T15:25:03,0.3,4646,1547350,1531530,0.3,0.00,1.17,0.00,4.69,0.00,1.00,0.00,1.0,95830.0,95350.0,0.0,0.0,0.5,0.0,64.255,0.000,0.0,708768.0
2026-08-31T15:25:04,0.2,4646,1547350,1531530,0.3,0.00,1.29,0.00,5.17,0.00,0.00,0.00,1.0,95830.0,95350.0,0.0,0.0,0.5,0.0,64.244,0.000,0.0,687630.0
2026-08-31T15:25:05,0.2,4646,1547350,1531529,0.3,0.00,0.78,0.00,3.12,0.00,0.00,0.00,1.0,95830.0,95350.0,0.0,0.0,0.5,0.0,64.287,0.000,0.0,690367.0
2026-08-31T15:25:06,0.2,4646,1547350,1531529,0.3,0.00,1.75,0.00,7.01,0.00,0.00,0.00,1.0,95830.0,95350.0,0.0,0.0,0.5,0.0,64.245,0.000,0.0,690367.0
2026-08-31T15:25:07,0.2,4646,1547350,1531530,0.3,0.00,1.20,0.00,4.80,0.00,0.00,0.00,1.0,95830.0,95350.0,0.0,0.0,0.5,0.0,64.245,0.000,0.0,691332.0
2026-08-31T15:25:08,0.2,4646,1547350,1531530,0.3,0.00,0.69,0.00,2.75,0.00,0.00,0.07,1.0,95830.0,95350.0,0.0,0.0,0.5,0.0,64.272,0.000,0.0,665886.0
2026-08-31T15:25:10,0.2,4647,1547350,1531529,0.3,0.00,4.56,0.00,23.54,0.00,0.00,0.00,1.0,95830.0,95350.0,0.0,0.0,0.5,0.0,64.236,0.000,0.0,669014.5
2026-08-31T15:25:11,0.2,4644,1547350,1531531,0.3,0.00,0.76,0.00,3.05,0.00,0.00,0.00,1.0,95830.0,95350.0,0.0,0.0,0.5,0.0,64.250,0.000,0.0,691385.5
2026-08-31T15:25:13,0.2,4644,1547350,1531531,0.3,0.00,0.72,0.00,2.87,0.00,0.00,0.00,1.0,95830.0,95350.0,0.0,0.0,0.5,0.0,64.233,0.000,0.0,645308.0
2026-08-31T15:25:14,0.2,4645,1547350,1531530,0.3,0.00,0.76,0.00,3.02,0.00,0.00,0.00,1.0,95830.0,95350.0,0.0,0.0,0.5,0.0,64.260,0.000,0.0,693956.5
2026-08-31T15:25:15,0.2,4646,1547350,1531530,0.3,0.00,0.75,0.00,3.00,0.00,0.00,0.00,1.0,95830.0,95350.0,0.0,0.0,0.5,0.0,64.256,0.000,0.0,719901.0
2026-08-31T15:25:17,0.2,4645,1547350,1531530,0.3,0.00,0.73,0.00,2.92,0.00,0.00,0.00,1.0,95830.0,95350.0,0.0,0.0,0.5,0.0,64.267,0.000,0.0,666276.0
2026-08-31T15:25:18,0.2,4646,1547350,1531530,0.3,0.00,0.76,0.00,3.03,0.00,0.00,0.00,1.0,95830.0,95350.0,0.0,0.0,0.5,0.0,64.260,0.000,0.0,670034.0
2026-08-31T15:25:19,0.2,4646,1547350,1531530,0.3,0.00,0.75,0.00,3.02,0.00,0.00,0.00,1.0,95830.0,95350.0,0.0,0.0,0.5,0.0,64.255,0.000,0.0,694540.0
2026-08-31T15:25:21,1.2,4646,1547350,1531529,0.3,0.00,0.72,0.00,2.90,0.00,1.00,0.00,1.0,95830.0,95350.0,0.0,0.0,0.5,0.0,64.234,0.000,0.0,678806.0
2026-08-31T15:25:22,0.2,4648,1547350,1531528,0.3,0.00,0.76,0.00,3.04,0.00,0.00,0.00,1.0,95830.0,95350.0,0.0,0.0,0.5,0.0,64.289,0.000,0.0,667206.0
2026-08-31T15:25:23,0.2,4649,1547350,1531526,0.3,0.00,0.73,0.00,2.90,0.00,0.00,0.00,1.0,95830.0,95350.0,0.0,0.0,0.5,0.0,64.216,0.000,0.0,687457.5
2026-08-31T15:25:25,0.2,4650,1547350,1531525,0.3,0.00,0.58,0.00,2.34,0.00,0.00,0.00,1.0,95830.0,95350.0,0.0,0.0,0.5,0.0,64.227,0.000,0.0,654398.0
2026-08-31T15:25:26,0.2,4651,1547350,1531524,0.3,0.00,0.66,0.00,2.66,0.00,0.00,0.00,1.0,95830.0,95350.0,0.0,0.0,0.5,0.0,64.256,0.000,0.0,667674.5
2026-08-31T15:25:28,0.2,4650,1547350,1531526,0.3,0.00,0.66,0.00,2.64,0.00,0.00,0.00,1.0,95830.0,95350.0,0.0,0.0,0.5,0.0,64.227,0.000,0.0,660569.0
2026-08-31T15:25:30,0.2,4651,1547350,1531524,0.3,0.00,0.58,0.00,2.33,0.00,0.00,0.00,1.0,95830.0,95350.0,0.0,0.0,0.5,0.0,64.240,0.000,0.0,660504.0
2026-08-31T15:25:31,0.2,4651,1547350,1531524,0.3,0.00,3.95,0.00,18.43,0.00,0.00,0.00,1.0,95830.0,95350.0,0.0,0.0,0.5,0.0,64.242,0.000,0.0,662289.0
2026-08-31T15:25:33,0.2,4652,1547350,1531524,0.3,0.00,0.57,0.00,2.29,0.00,0.00,0.00,1.0,95830.0,95350.0,0.0,0.0,0.5,0.0,64.263,0.000,0.0,656858.5
2026-08-31T15:25:34,0.2,4651,1547350,1531524,0.3,0.00,0.69,0.00,2.78,0.00,0.00,0.00,1.0,95830.0,95350.0,0.0,0.0,0.5,0.0,64.216,0.000,0.0,654566.5
2026-08-31T15:25:36,0.2,4652,1547350,1531524,0.3,0.00,1.79,0.00,7.14,0.00,0.33,0.06,1.0,95830.0,95350.0,0.0,0.0,0.5,0.0,64.240,0.000,0.0,660241.0
2026-08-31T15:25:38,0.2,4652,1547350,1531524,0.3,0.00,0.60,0.00,2.42,0.00,0.00,0.00,1.0,95830.0,95350.0,0.0,0.0,0.5,0.0,64.240,0.000,0.0,657701.5
2026-08-31T15:25:39,0.2,4652,1547350,1531524,0.3,0.00,1.98,0.00,12.86,0.00,0.00,0.00,1.0,95830.0,95350.0,0.0,0.0,0.5,0.0,64.233,0.000,0.0,693752.0
2026-08-31T15:25:41,0.2,4652,1547350,1531524,0.3,0.00,1.07,0.00,4.29,0.00,0.00,0.00,1.0,95830.0,95350.0,0.0,0.0,0.5,0.0,64.272,0.000,0.0,660581.5
2026-08-31T15:25:43,0.2,4653,1547350,1531523,0.3,0.00,0.59,0.00,2.36,0.00,0.00,0.00,1.0,95830.0,95350.0,0.0,0.0,0.5,0.0,64.236,0.000,0.0,656724.5
2026-08-31T15:25:44,0.2,4653,1547350,1531522,0.3,0.00,0.67,0.00,2.68,0.00,0.00,0.00,1.0,95830.0,95350.0,0.0,0.0,0.5,0.0,64.257,0.000,0.0,651049.5
2026-08-31T15:25:46,0.2,4653,1547350,1531522,0.3,0.00,0.54,0.00,2.14,0.00,0.00,0.00,1.0,95830.0,95350.0,0.0,0.0,0.5,0.0,64.220,0.000,0.0,656726.5
2026-08-31T15:25:48,0.2,4653,1547350,1531522,0.3,0.00,0.61,0.00,2.44,0.00,0.00,0.00,1.0,95830.0,95350.0,0.0,0.0,0.5,0.0,64.221,0.000,0.0,657709.0
2026-08-31T15:25:49,0.2,4654,1547350,1531521,0.3,0.00,0.65,0.00,2.60,0.00,0.00,0.00,1.0,95830.0,95350.0,0.0,0.0,0.5,0.0,64.239,0.000,0.0,651301.5
2026-08-31T15:25:51,0.2,4655,1547350,1531520,0.3,0.00,0.54,0.00,2.16,0.00,0.00,0.00,1.0,95830.0,95350.0,0.0,0.0,0.5,0.0,64.192,0.000,0.0,657850.0
2026-08-31T15:25:53,0.2,4656,1547350,1531520,0.3,0.00,0.61,0.00,2.45,0.00,0.00,0.00,1.0,95830.0,95350.0,0.0,0.0,0.5,0.0,64.260,0.000,0.0,658677.5
2026-08-31T15:25:54,0.2,4656,1547350,1531519,0.3,0.00,0.62,0.00,2.49,0.00,0.00,0.00,1.0,95830.0,95350.0,0.0,0.0,0.5,0.0,64.270,0.000,0.0,651055.5
2026-08-31T15:25:56,0.2,4657,1547350,1531519,0.3,0.00,0.56,0.00,2.22,0.00,0.00,0.00,1.0,95830.0,95350.0,0.0,0.0,0.5,0.0,64.207,0.000,0.0,658026.0
2026-08-31T15:25:58,0.2,4657,1547350,1531519,0.3,0.00,0.62,0.00,2.47,0.00,0.00,0.00,1.0,95830.0,95350.0,0.0,0.0,0.5,0.0,64.231,0.000,0.0,657689.0
2026-08-31T15:25:59,0.2,4657,1547350,1531518,0.3,0.00,0.62,0.00,2.47,0.00,0.00,0.00,1.0,95830.0,95350.0,0.0,0.0,0.5,0.0,64.228,0.000,0.0,648448.5
2026-08-31T15:26:01,0.3,4663,1547350,1531512,0.3,0.00,0.51,0.00,2.02,0.00,0.00,0.00,1.0,95830.0,95350.0,0.0,0.0,0.5,0.0,64.260,0.000,0.0,651901.0
2026-08-31T15:26:03,0.2,4663,1547350,1531512,0.3,0.00,0.54,0.00,2.17,0.00,1.00,0.00,1.0,95830.0,95350.0,0.0,0.0,0.5,0.0,64.217,0.000,0.0,657063.5
2026-08-31T15:26:05,0.2,4664,1547350,1531511,0.3,0.00,0.64,0.00,2.57,0.00,0.00,0.00,1.0,95830.0,95350.0,0.0,0.0,0.5,0.0,64.253,0.000,0.0,680796.0
2026-08-31T15:26:06,0.2,4664,1547350,1531511,0.3,0.00,0.71,0.00,2.82,0.00,0.00,0.07,1.0,95830.0,95350.0,0.0,0.0,0.5,0.0,64.249,0.000,0.0,663254.5
2026-08-31T15:26:08,0.2,4665,1547350,1531511,0.3,0.00,1.50,0.00,9.02,0.00,0.00,0.00,1.0,95830.0,95350.0,0.0,0.0,0.5,0.0,64.221,0.000,0.0,694139.5
2026-08-31T15:26:09,0.2,4665,1547350,1531510,0.3,0.00,0.70,0.00,2.81,0.00,0.00,0.00,1.0,95830.0,95350.0,0.0,0.0,0.5,0.0,64.245,0.000,0.0,665717.5
2026-08-31T15:26:10,0.2,4665,1547350,1531510,0.3,0.00,2.25,0.00,16.48,0.00,0.00,0.00,1.0,95830.0,95350.0,0.0,0.0,0.5,0.0,64.231,0.000,0.0,670518.0
2026-08-31T15:26:12,0.2,4664,1547350,1531511,0.3,0.00,1.30,0.00,5.22,0.00,0.00,0.00,1.0,95830.0,95350.0,0.0,0.0,0.5,0.0,64.216,0.000,0.0,668687.0
2026-08-31T15:26:13,0.2,4664,1547350,1531511,0.3,0.00,0.76,0.00,3.03,0.00,0.00,0.00,1.0,95830.0,95350.0,0.0,0.0,0.5,0.0,64.249,0.000,0.0,684199.5
2026-08-31T15:26:15,0.2,4664,1547350,1531511,0.3,0.00,0.75,0.00,2.99,0.00,0.00,0.00,1.0,95830.0,95350.0,0.0,0.0,0.5,0.0,64.258,0.000,0.0,666452.0
2026-08-31T15:26:16,0.2,4665,1547350,1531511,0.3,0.00,0.73,0.00,2.91,0.00,0.00,0.00,1.0,95830.0,95350.0,0.0,0.0,0.5,0.0,64.233,0.000,0.0,671637.0
2026-08-31T15:26:17,0.2,4665,1547350,1531511,0.3,0.00,0.74,0.00,2.95,0.00,0.00,0.00,1.0,95830.0,95350.0,0.0,0.0,0.5,0.0,64.244,0.000,0.0,678882.5
2026-08-31T15:26:19,0.2,4666,1547350,1531509,0.3,0.00,0.68,0.00,2.72,0.00,0.00,0.00,1.0,95830.0,95350.0,0.0,0.0,0.5,0.0,64.233,0.000,0.0,670244.5
2026-08-31T15:26:20,0.2,4667,1547350,1531509,0.3,0.00,0.73,0.00,2.92,0.00,0.00,0.00,1.0,95830.0,95350.0,0.0,0.0,0.5,0.0,64.245,0.000,0.0,848309.0
2026-08-31T15:26:22,0.2,4669,1547350,1531506,0.3,0.00,0.68,0.00,2.71,0.00,0.00,0.00,1.0,95830.0,95350.0,0.0,0.0,0.5,0.0,64.237,0.000,0.0,664422.0
2026-08-31T15:26:23,0.2,4668,1547350,1531507,0.3,0.00,0.64,0.00,2.57,0.00,0.00,0.00,1.0,95830.0,95350.0,0.0,0.0,0.5,0.0,64.218,0.000,0.0,657382.5
2026-08-31T15:26:25,0.2,4669,1547350,1531506,0.3,0.00,0.68,0.00,2.70,0.00,0.00,0.00,1.0,95830.0,95350.0,0.0,0.0,0.5,0.0,64.193,0.000,0.0,676186.0
2026-08-31T15:26:26,0.2,4669,1547350,1531506,0.3,0.00,0.59,0.00,2.36,0.00,0.00,0.00,1.0,95830.0,95350.0,0.0,0.0,0.5,0.0,64.213,0.000,0.0,669916.5
2026-08-31T15:26:28,0.2,4670,1547350,1531506,0.3,0.00,0.59,0.00,2.36,0.00,1.00,0.00,1.0,95830.0,95350.0,0.0,0.0,0.5,0.0,64.202,0.000,0.0,647471.0
2026-08-31T15:26:30,0.2,4672,1547350,1531504,0.3,0.00,0.66,0.00,2.65,0.00,0.00,0.00,1.0,95830.0,95350.0,0.0,0.0,0.5,0.0,64.219,0.000,0.0,712962.0
2026-08-31T15:26:31,0.2,4674,1547350,1531502,0.3,0.00,0.57,0.00,2.28,0.00,0.00,0.00,1.0,95830.0,95350.0,0.0,0.0,0.5,0.0,64.243,0.000,0.0,665516.5
2026-08-31T15:26:33,0.2,4673,1547350,1531502,0.3,0.00,4.09,0.00,16.36,0.00,0.00,0.00,1.0,95830.0,95350.0,0.0,0.0,0.5,0.0,64.270,0.000,0.0,680543.5
2026-08-31T15:26:34,0.2,4675,1547350,1531500,0.3,0.00,0.61,0.00,2.45,0.00,0.00,0.00,1.0,95830.0,95350.0,0.0,0.0,0.5,0.0,64.249,0.000,0.0,666419.0
2026-08-31T15:26:36,0.2,4675,1547350,1531500,0.3,0.00,0.53,0.00,2.14,0.00,0.00,0.00,1.0,95830.0,95350.0,0.0,0.0,0.5,0.0,64.197,0.000,0.0,650754.5
2026-08-31T15:26:38,0.2,4677,1547350,1531499,0.3,0.00,1.30,0.00,5.19,0.00,0.00,0.00,1.0,95830.0,95350.0,0.0,0.0,0.5,0.0,64.211,0.000,0.0,658358.0
2026-08-31T15:26:39,0.2,4678,1547350,1531497,0.3,0.00,1.23,0.00,11.04,0.00,0.00,0.00,1.0,95830.0,95350.0,0.0,0.0,0.5,0.0,64.267,0.000,0.0,656896.0
2026-08-31T15:26:41,0.2,4679,1547350,1531497,0.3,0.00,0.60,0.00,2.39,0.00,0.00,0.00,1.0,95830.0,95350.0,0.0,0.0,0.5,0.0,64.189,0.000,0.0,658356.5
2026-08-31T15:26:43,0.2,4679,1547350,1531496,0.3,0.00,1.28,0.00,5.11,0.00,0.50,0.00,1.0,95830.0,95350.0,0.0,0.0,0.5,0.0,64.189,0.000,0.0,692541.5
2026-08-31T15:26:44,0.2,4679,1547350,1531496,0.3,0.00,0.62,0.00,2.48,0.00,0.00,0.06,1.0,95830.0,95350.0,0.0,0.0,0.5,0.0,64.233,0.000,0.0,657359.0
2026-08-31T15:26:46,0.2,4679,1547350,1531497,0.3,0.00,0.62,0.00,2.48,0.00,0.00,0.06,1.0,95830.0,95350.0,0.0,0.0,0.5,0.0,64.249,0.000,0.0,634772.5
2026-08-31T15:26:48,0.2,4679,1547350,1531496,0.3,0.00,0.55,0.00,2.19,0.00,0.00,0.00,1.0,95830.0,95350.0,0.0,0.0,0.5,0.0,64.229,0.000,0.0,681487.0
2026-08-31T15:26:49,0.2,4679,1547350,1531496,0.3,0.00,0.62,0.00,2.49,0.00,0.00,0.00,1.0,95830.0,95350.0,0.0,0.0,0.5,0.0,64.239,0.000,0.0,654097.0
2026-08-31T15:26:51,0.2,4680,1547350,1531496,0.3,0.00,0.62,0.00,2.46,0.00,0.00,0.00,1.0,95830.0,95350.0,0.0,0.0,0.5,0.0,64.228,0.000,0.0,652493.0
2026-08-31T15:26:53,0.2,4681,1547350,1531494,0.3,0.00,0.55,0.00,2.18,0.00,0.00,0.00,1.0,95830.0,95350.0,0.0,0.0,0.5,0.0,64.188,0.000,0.0,648700.0
2026-08-31T15:26:55,0.2,4682,1547350,1531494,0.3,0.00,0.51,0.00,2.03,0.00,0.00,0.00,1.0,95830.0,95350.0,0.0,0.0,0.5,0.0,64.234,0.000,0.0,648700.0
2026-08-31T15:26:55,0.2,4682,1547350,1531493,0.3,0.00,1.56,0.00,6.22,0.00,0.00,0.00,1.0,95830.0,95350.0,0.0,0.0,0.5,0.0,64.206,0.000,0.0,740812.0
2026-08-31T15:26:56,0.2,4682,1547350,1531493,0.3,0.00,1.25,0.00,5.01,0.00,0.00,0.00,1.0,95830.0,95350.0,0.0,0.0,0.5,0.0,64.214,0.000,0.0,654967.0
2026-08-31T15:26:58,0.2,4683,1547350,1531492,0.3,0.00,0.56,0.00,2.22,0.00,0.00,0.00,1.0,95830.0,95350.0,0.0,0.0,0.5,0.0,64.212,0.000,0.0,657809.5
2026-08-31T15:27:00,0.2,4683,1547350,1531492,0.3,0.00,0.56,0.00,2.22,0.00,0.00,0.00,1.0,95830.0,95350.0,0.0,0.0,0.5,0.0,64.233,0.000,0.0,652908.0
2026-08-31T15:27:02,0.3,4687,1547350,1531489,0.3,0.00,0.55,0.00,2.19,0.00,0.00,0.00,1.0,95830.0,95350.0,0.0,0.0,0.5,0.0,64.211,0.000,0.0,661505.5
2026-08-31T15:27:04,0.2,4687,1547350,1531488,0.3,0.00,0.49,0.00,1.97,0.00,0.00,0.00,1.0,95830.0,95350.0,0.0,0.0,0.5,0.0,64.231,0.000,0.0,643399.0
2026-08-31T15:27:06,0.3,4689,1547350,1531487,0.3,0.00,0.52,0.00,2.09,0.00,0.00,0.00,1.0,95830.0,95350.0,0.0,0.0,0.5,0.0,64.218,0.000,0.0,751274.0
2026-08-31T15:27:07,0.2,4690,1547350,1531485,0.3,0.00,0.75,0.00,2.98,0.00,0.00,0.07,1.0,95830.0,95350.0,0.0,0.0,0.5,0.0,64.181,0.000,0.0,675822.0
2026-08-31T15:27:08,0.2,4690,1547350,1531486,0.3,0.00,2.76,0.00,11.05,0.00,0.25,0.00,1.0,95830.0,95350.0,0.0,0.0,0.5,0.0,64.192,0.000,0.0,664960.0
2026-08-31T15:27:10,0.2,4689,1547350,1531486,0.3,0.00,1.52,0.00,14.03,0.00,0.00,0.00,1.0,95830.0,95350.0,0.0,0.0,0.5,0.0,64.154,0.000,0.0,671635.5
2026-08-31T15:27:11,0.2,4688,1547350,1531487,0.3,0.00,0.75,0.00,2.99,0.00,0.00,0.00,1.0,95830.0,95350.0,0.0,0.0,0.5,0.0,64.188,0.000,0.0,670825.0
2026-08-31T15:27:12,0.2,4689,1547350,1531486,0.3,0.00,0.72,0.00,2.89,0.00,0.00,0.00,1.0,95830.0,95350.0,0.0,0.0,0.5,0.0,64.203,0.000,0.0,715865.0
2026-08-31T15:27:14,0.3,4689,1547350,1531486,0.3,0.00,0.71,0.00,2.86,0.00,0.00,0.00,1.0,95830.0,95350.0,0.0,0.0,0.5,0.0,64.187,0.000,0.0,664584.5
2026-08-31T15:27:15,0.2,4690,1547350,1531486,0.3,0.00,0.68,0.00,2.73,0.00,0.00,0.00,1.0,95830.0,95350.0,0.0,0.0,0.5,0.0,64.216,0.000,0.0,671987.5
2026-08-31T15:27:17,0.2,4690,1547350,1531486,0.3,0.00,0.77,0.00,3.08,0.00,0.00,0.00,1.0,95830.0,95350.0,0.0,0.0,0.5,0.0,64.236,0.000,0.0,661960.0
2026-08-31T15:27:18,0.2,4689,1547350,1531486,0.3,0.00,0.65,0.00,2.61,0.00,0.00,0.00,1.0,95830.0,95350.0,0.0,0.0,0.5,0.0,64.200,0.000,0.0,677814.5
2026-08-31T15:27:19,0.2,4692,1547350,1531483,0.3,0.00,0.75,0.00,2.98,0.00,0.00,0.00,1.0,95830.0,95350.0,0.0,0.0,0.5,0.0,64.219,0.000,0.0,690286.0
2026-08-31T15:27:21,0.2,4693,1547350,1531482,0.3,0.00,0.65,0.00,2.60,0.00,0.00,0.00,1.0,95830.0,95350.0,0.0,0.0,0.5,0.0,64.216,0.000,0.0,681302.5
2026-08-31T15:27:23,0.2,4694,1547350,1531481,0.3,0.00,0.66,0.00,2.65,0.00,0.00,0.00,1.0,95830.0,95350.0,0.0,0.0,0.5,0.0,64.241,0.000,0.0,661302.0
2026-08-31T15:27:24,0.2,4695,1547350,1531480,0.3,0.00,0.67,0.00,2.67,0.00,0.00,0.00,1.0,95830.0,95350.0,0.0,0.0,0.5,0.0,64.185,0.000,0.0,681372.0
2026-08-31T15:27:26,0.2,4695,1547350,1531480,0.3,0.00,0.59,0.00,2.35,0.00,0.00,0.00,1.0,95830.0,95350.0,0.0,0.0,0.5,0.0,64.203,0.000,0.0,660761.5
2026-08-31T15:27:27,0.2,4695,1547350,1531480,0.3,0.00,0.57,0.00,2.30,0.00,0.00,0.00,1.0,95830.0,95350.0,0.0,0.0,0.5,0.0,64.249,0.000,0.0,658685.5
2026-08-31T15:27:29,0.2,4696,1547350,1531479,0.3,0.00,0.71,0.00,2.82,0.00,0.00,0.00,1.0,95830.0,95350.0,0.0,0.0,0.5,0.0,64.200,0.000,0.0,656229.0
2026-08-31T15:27:31,0.2,4696,1547350,1531479,0.3,0.00,0.59,0.00,2.37,0.00,0.00,0.00,1.0,95830.0,95350.0,0.0,0.0,0.5,0.0,64.217,0.000,0.0,662247.0
2026-08-31T15:27:32,0.2,4698,1547350,1531478,0.3,0.00,0.64,0.00,2.57,0.00,0.00,0.00,1.0,95830.0,95350.0,0.0,0.0,0.5,0.0,64.178,0.000,0.0,650512.0
2026-08-31T15:27:34,0.2,4698,1547350,1531477,0.3,0.00,3.33,0.00,15.54,0.00,0.17,0.00,1.0,95830.0,95350.0,0.0,0.0,0.5,0.0,64.193,0.000,0.0,657546.0
2026-08-31T15:27:36,0.2,4698,1547350,1531477,0.3,0.00,0.59,0.00,2.37,0.00,0.00,0.00,1.0,95830.0,95350.0,0.0,0.0,0.5,0.0,64.227,0.000,0.0,658011.5
2026-08-31T15:27:37,0.2,4698,1547350,1531477,0.3,0.00,0.64,0.00,2.55,0.00,0.00,0.00,1.0,95830.0,95350.0,0.0,0.0,0.5,0.0,64.204,0.000,0.0,669918.0
2026-08-31T15:27:39,0.2,4699,1547350,1531477,0.3,0.00,0.56,0.00,2.23,0.00,0.00,0.00,1.0,95830.0,95350.0,0.0,0.0,0.5,0.0,64.210,0.000,0.0,661052.5
2026-08-31T15:27:41,0.2,4699,1547350,1531477,0.3,0.00,1.79,0.00,20.32,0.00,0.00,0.00,1.0,95830.0,95350.0,0.0,0.0,0.5,0.0,64.240,0.000,0.0,651990.0
2026-08-31T15:27:42,0.2,4700,1547350,1531475,0.3,0.00,0.63,0.00,2.54,0.00,0.00,0.00,1.0,95830.0,95350.0,0.0,0.0,0.5,0.0,64.179,0.000,0.0,653960.5
2026-08-31T15:27:44,0.2,4701,1547350,1531474,0.3,0.00,1.68,0.00,6.70,0.00,0.00,0.00,1.0,95830.0,95350.0,0.0,0.0,0.5,0.0,64.226,0.000,0.0,688485.0
2026-08-31T15:27:46,0.2,4701,1547350,1531474,0.3,0.00,0.59,0.00,2.38,0.00,0.00,0.00,1.0,95830.0,95350.0,0.0,0.0,0.5,0.0,64.197,0.000,0.0,658354.5
2026-08-31T15:27:47,0.2,4701,1547350,1531475,0.3,0.00,0.64,0.00,2.55,0.00,0.00,0.00,1.0,95830.0,95350.0,0.0,0.0,0.5,0.0,64.238,0.000,0.0,651078.5
2026-08-31T15:27:49,0.2,4702,1547350,1531474,0.3,0.00,0.55,0.00,2.21,0.00,0.00,0.00,1.0,95830.0,95350.0,0.0,0.0,0.5,0.0,64.186,0.000,0.0,654861.0
2026-08-31T15:27:51,0.2,4701,1547350,1531474,0.3,0.00,0.61,0.00,2.43,0.00,1.00,0.06,1.0,95830.0,95350.0,0.0,0.0,0.5,0.0,64.178,0.000,0.0,657507.5
2026-08-31T15:27:52,0.2,4701,1547350,1531474,0.3,0.00,0.63,0.00,2.52,0.00,0.00,0.00,1.0,95830.0,95350.0,0.0,0.0,0.5,0.0,64.202,0.000,0.0,650610.0
2026-08-31T15:27:54,0.2,4702,1547350,1531473,0.3,0.00,0.56,0.00,2.22,0.00,0.00,0.00,1.0,95830.0,95350.0,0.0,0.0,0.5,0.0,64.220,0.000,0.0,655210.5
2026-08-31T15:27:56,0.2,4702,1547350,1531473,0.3,0.00,0.54,0.00,2.15,0.00,0.00,0.00,1.0,95830.0,95350.0,0.0,0.0,0.5,0.0,64.189,0.000,0.0,649040.5
2026-08-31T15:27:58,0.2,4704,1547350,1531472,0.3,0.00,0.55,0.00,2.22,0.00,0.00,0.00,1.0,95830.0,95350.0,0.0,0.0,0.5,0.0,64.219,0.000,0.0,650505.0
2026-08-31T15:28:00,0.2,4703,1547350,1531472,0.3,0.00,0.50,0.00,1.98,0.00,0.00,0.00,1.0,95830.0,95350.0,0.0,0.0,0.5,0.0,64.204,0.000,0.0,652355.5
2026-08-31T15:28:02,0.2,4706,1547350,1531469,0.3,0.00,0.56,0.00,2.23,0.00,0.00,0.00,1.0,95830.0,95350.0,0.0,0.0,0.5,0.0,64.215,0.000,0.0,651185.5
2026-08-31T15:28:04,0.2,4706,1547350,1531469,0.3,0.00,0.49,0.00,1.98,0.00,0.00,0.00,1.0,95830.0,95350.0,0.0,0.0,0.5,0.0,64.216,0.000,0.0,645554.0
2026-08-31T15:28:06,0.2,4706,1547350,1531470,0.3,0.00,0.50,0.00,2.00,0.00,0.00,0.00,1.0,95830.0,95350.0,0.0,0.0,0.5,0.0,64.205,0.000,0.0,656557.0
2026-08-31T15:28:07,0.2,4706,1547350,1531469,0.3,0.00,0.58,0.00,2.32,0.00,0.00,0.00,1.0,95830.0,95350.0,0.0,0.0,0.5,0.0,64.189,0.000,0.0,657859.5
2026-08-31T15:28:09,0.2,4708,1547350,1531468,0.3,0.00,0.63,0.00,2.53,0.00,0.00,0.00,1.0,95830.0,95350.0,0.0,0.0,0.5,0.0,64.215,0.000,0.0,661100.5
2026-08-31T15:28:11,0.2,4708,1547350,1531468,0.3,0.00,2.96,0.00,16.84,0.00,0.00,0.00,1.0,95830.0,95350.0,0.0,0.0,0.5,0.0,64.197,0.000,0.0,674824.0
2026-08-31T15:28:12,0.2,4706,1547350,1531469,0.3,0.00,0.66,0.00,2.64,0.00,0.00,0.00,1.0,95830.0,95350.0,0.0,0.0,0.5,0.0,64.177,0.000,0.0,662297.0
2026-08-31T15:28:14,0.2,4706,1547350,1531470,0.3,0.00,0.60,0.00,2.38,0.00,0.00,0.00,1.0,95830.0,95350.0,0.0,0.0,0.5,0.0,64.231,0.000,0.0,656239.0
2026-08-31T15:28:15,0.3,4707,1547350,1531468,0.3,0.00,1.97,0.00,7.87,0.00,0.33,0.07,1.0,95830.0,95350.0,0.0,0.0,0.5,0.0,64.230,0.000,0.0,648689.0
2026-08-31T15:28:17,0.2,4707,1547350,1531468,0.3,0.00,0.52,0.00,2.08,0.00,0.00,0.00,1.0,95830.0,95350.0,0.0,0.0,0.5,0.0,64.175,0.000,0.0,680051.0
2026-08-31T15:28:18,0.2,4707,1547350,1531468,0.3,0.00,1.00,0.00,4.01,0.00,0.00,0.00,1.0,95830.0,95350.0,0.0,0.0,0.5,0.0,64.227,0.000,0.0,671847.5
2026-08-31T15:28:20,0.2,4708,1547350,1531467,0.3,0.00,0.62,0.00,2.49,0.00,0.00,0.00,1.0,95830.0,95350.0,0.0,0.0,0.5,0.0,64.237,0.000,0.0,654705.5
2026-08-31T15:28:21,0.2,4708,1547350,1531467,0.3,0.00,0.64,0.00,2.54,0.00,0.00,0.00,1.0,95830.0,95350.0,0.0,0.0,0.5,0.0,64.231,0.000,0.0,664659.5
2026-08-31T15:28:23,0.2,4710,1547350,1531465,0.3,0.00,0.62,0.00,2.48,0.00,0.00,0.00,1.0,95830.0,95350.0,0.0,0.0,0.5,0.0,64.249,0.000,0.0,657324.0
2026-08-31T15:28:25,0.2,4710,1547350,1531465,0.3,0.00,0.61,0.00,2.44,0.00,0.00,0.00,1.0,95830.0,95350.0,0.0,0.0,0.5,0.0,64.209,0.000,0.0,657203.0
2026-08-31T15:28:26,0.2,4711,1547350,1531465,0.3,0.00,0.63,0.00,2.53,0.00,0.00,0.00,1.0,95830.0,95350.0,0.0,0.0,0.5,0.0,64.172,0.000,0.0,690064.5
2026-08-31T15:28:27,0.2,4710,1547350,1531465,0.3,0.00,0.81,0.00,3.24,0.00,0.00,0.00,1.0,95830.0,95350.0,0.0,0.0,0.5,0.0,64.166,0.000,0.0,655089.5
2026-08-31T15:28:29,0.2,4711,1547350,1531465,0.3,0.00,0.62,0.00,2.48,0.00,0.00,0.00,1.0,95830.0,95350.0,0.0,0.0,0.5,0.0,64.208,0.000,0.0,666267.5
2026-08-31T15:28:31,0.2,4711,1547350,1531464,0.3,0.00,0.72,0.00,2.86,0.00,0.00,0.00,1.0,95830.0,95350.0,0.0,0.0,0.5,0.0,64.181,0.000,0.0,692892.0
2026-08-31T15:28:32,0.2,4711,1547350,1531464,0.3,0.00,0.82,0.00,3.26,0.00,0.00,0.00,1.0,95830.0,95350.0,0.0,0.0,0.5,0.0,64.212,0.000,0.0,665950.0
2026-08-31T15:28:33,0.2,4711,1547350,1531464,0.3,0.00,0.63,0.00,2.53,0.00,0.00,0.00,1.0,95830.0,95350.0,0.0,0.0,0.5,0.0,64.215,0.000,0.0,665950.0
2026-08-31T15:28:34,0.3,4710,1547350,1531465,0.3,0.00,2.23,0.00,8.91,0.00,0.00,0.00,1.0,95830.0,95350.0,0.0,0.0,0.5,0.0,64.211,0.000,0.0,774968.0
2026-08-31T15:28:35,0.2,4711,1547350,1531464,0.3,0.00,0.99,0.00,3.95,0.00,0.00,0.00,1.0,95830.0,95350.0,0.0,0.0,0.5,0.0,64.180,0.000,0.0,651980.5
2026-08-31T15:28:37,0.2,4712,1547350,1531463,0.3,0.00,3.41,0.00,13.62,0.00,0.17,0.00,1.0,95830.0,95350.0,0.0,0.0,0.5,0.0,64.205,0.000,0.0,655555.5
2026-08-31T15:28:38,0.2,4713,1547350,1531462,0.3,0.00,0.61,0.00,2.45,0.00,0.00,0.06,1.0,95830.0,95350.0,0.0,0.0,0.5,0.0,64.201,0.000,0.0,633284.5
2026-08-31T15:28:40,0.2,4715,1547350,1531460,0.3,0.00,3.49,0.00,23.16,0.00,0.00,0.00,1.0,95830.0,95350.0,0.0,0.0,0.5,0.0,64.195,0.000,0.0,661890.0
2026-08-31T15:28:42,0.2,4715,1547350,1531460,0.3,0.00,0.54,0.00,2.18,0.00,0.00,0.00,1.0,95830.0,95350.0,0.0,0.0,0.5,0.0,64.209,0.000,0.0,671453.5
2026-08-31T15:28:43,0.2,4714,1547350,1531461,0.3,0.00,0.74,0.00,2.97,0.00,0.00,0.00,1.0,95830.0,95350.0,0.0,0.0,0.5,0.0,64.204,0.000,0.0,671453.5
2026-08-31T15:28:44,0.2,4715,1547350,1531461,0.3,0.00,1.50,0.00,5.99,0.00,0.00,0.00,1.0,95830.0,95350.0,0.0,0.0,0.5,0.0,64.237,0.000,0.0,680204.5
2026-08-31T15:28:46,0.2,4714,1547350,1531461,0.3,0.00,1.68,0.00,6.73,0.00,0.00,0.00,1.0,95830.0,95350.0,0.0,0.0,0.5,0.0,64.206,0.000,0.0,650604.5
2026-08-31T15:28:48,0.2,4715,1547350,1531461,0.3,0.00,0.56,0.00,2.23,0.00,0.00,0.00,1.0,95830.0,95350.0,0.0,0.0,0.5,0.0,64.210,0.000,0.0,650604.5
2026-08-31T15:28:48,0.2,4715,1547350,1531460,0.3,0.00,2.13,0.00,8.51,0.00,0.00,0.00,1.0,95830.0,95350.0,0.0,0.0,0.5,0.0,64.189,0.000,0.0,701896.5
2026-08-31T15:28:49,0.2,4715,1547350,1531460,0.3,0.00,0.78,0.00,3.10,0.00,0.00,0.00,1.0,95830.0,95350.0,0.0,0.0,0.5,0.0,64.215,0.000,0.0,661821.0
2026-08-31T15:28:51,0.2,4716,1547350,1531459,0.3,0.00,0.53,0.00,2.11,0.00,1.00,0.05,1.0,95830.0,95350.0,0.0,0.0,0.5,0.0,64.207,0.000,0.0,650998.5
2026-08-31T15:28:53,0.2,4717,1547350,1531458,0.3,0.00,0.55,0.00,2.19,0.00,0.00,0.00,1.0,95830.0,95350.0,0.0,0.0,0.5,0.0,64.216,0.000,0.0,641834.0
2026-08-31T15:28:55,0.2,4717,1547350,1531458,0.3,0.00,0.45,0.00,1.79,0.00,0.00,0.00,1.0,95830.0,95350.0,0.0,0.0,0.5,0.0,64.212,0.000,0.0,646360.0
2026-08-31T15:28:57,0.2,4717,1547350,1531458,0.3,0.00,0.50,0.00,2.02,0.00,0.00,0.00,1.0,95830.0,95350.0,0.0,0.0,0.5,0.0,64.228,0.000,0.0,654859.5
2026-08-31T15:28:59,0.2,4718,1547350,1531458,0.3,0.00,0.55,0.00,2.20,0.00,0.00,0.00,1.0,95830.0,95350.0,0.0,0.0,0.5,0.0,64.207,0.000,0.0,775849.5
2026-08-31T15:29:00,0.2,4717,1547350,1531458,0.3,0.00,1.25,0.00,5.02,0.00,0.00,0.00,1.0,95830.0,95350.0,0.0,0.0,0.5,0.0,64.212,0.000,0.0,775849.5
2026-08-31T15:29:00,0.2,4717,1547350,1531458,0.3,0.00,1.89,0.00,7.55,0.00,0.00,0.00,1.0,95830.0,95350.0,0.0,0.0,0.5,0.0,64.202,0.000,0.0,700270.5
2026-08-31T15:29:02,0.3,4724,1547350,1531452,0.3,0.00,0.60,0.00,2.39,0.00,0.00,0.00,1.0,95830.0,95350.0,0.0,0.0,0.5,0.0,64.217,0.000,0.0,646248.5
2026-08-31T15:29:04,0.2,4725,1547350,1531450,0.3,0.00,0.49,0.00,1.96,0.00,0.00,0.00,1.0,95830.0,95350.0,0.0,0.0,0.5,0.0,64.215,0.000,0.0,639963.5
2026-08-31T15:29:06,0.2,4728,1547350,1531448,0.3,0.00,0.44,0.00,1.77,0.00,0.00,0.00,1.0,95830.0,95350.0,0.0,0.0,0.5,0.0,64.213,0.000,0.0,639963.5
2026-08-31T15:29:07,0.3,4727,1547350,1531448,0.3,0.00,1.34,0.00,5.37,0.00,0.00,0.00,1.0,95830.0,95350.0,0.0,0.0,0.5,0.0,64.238,0.000,0.0,691364.5
2026-08-31T15:29:09,0.2,4728,1547350,1531448,0.3,0.00,0.57,0.00,2.28,0.00,0.00,0.00,1.0,95830.0,95350.0,0.0,0.0,0.5,0.0,64.211,0.000,0.0,660703.5
2026-08-31T15:29:10,0.2,4728,1547350,1531447,0.3,0.00,1.30,0.00,11.73,0.00,0.00,0.07,1.0,95830.0,95350.0,0.0,0.0,0.5,0.0,64.231,0.000,0.0,659052.5
2026-08-31T15:29:12,0.2,4726,1547350,1531449,0.3,0.00,0.61,0.00,2.44,0.00,0.00,0.00,1.0,95830.0,95350.0,0.0,0.0,0.5,0.0,64.186,0.000,0.0,655253.0
2026-08-31T15:29:14,0.2,4727,1547350,1531449,0.3,0.00,0.64,0.00,2.57,0.00,0.00,0.00,1.0,95830.0,95350.0,0.0,0.0,0.5,0.0,64.191,0.000,0.0,663227.5
2026-08-31T15:29:15,0.2,4726,1547350,1531449,0.3,0.00,0.60,0.00,2.39,0.00,0.00,0.00,1.0,95830.0,95350.0,0.0,0.0,0.5,0.0,64.198,0.000,0.0,693182.0
2026-08-31T15:29:16,0.2,4727,1547350,1531448,0.3,0.00,2.92,0.00,15.56,0.00,0.33,0.00,1.0,95830.0,95350.0,0.0,0.0,0.5,0.0,64.198,0.000,0.0,686232.5
2026-08-31T15:29:17,0.2,4727,1547350,1531448,0.3,0.00,1.00,0.00,4.00,0.00,0.00,0.00,1.0,95830.0,95350.0,0.0,0.0,0.5,0.0,64.204,0.000,0.0,690744.5
2026-08-31T15:29:19,0.2,4728,1547350,1531447,0.3,0.00,0.61,0.00,2.43,0.00,0.00,0.00,1.0,95830.0,95350.0,0.0,0.0,0.5,0.0,64.209,0.000,0.0,651509.5
2026-08-31T15:29:20,0.2,4729,1547350,1531447,0.3,0.00,0.68,0.00,2.74,0.00,0.00,0.00,1.0,95830.0,95350.0,0.0,0.0,0.5,0.0,64.209,0.000,0.0,661612.5
2026-08-31T15:29:22,0.2,4728,1547350,1531447,0.3,0.00,0.58,0.00,2.31,0.00,0.00,0.00,1.0,95830.0,95350.0,0.0,0.0,0.5,0.0,64.219,0.000,0.0,672923.5
2026-08-31T15:29:24,0.2,4729,1547350,1531446,0.3,0.00,0.60,0.00,2.42,0.00,0.00,0.00,1.0,95830.0,95350.0,0.0,0.0,0.5,0.0,64.199,0.000,0.0,652195.0
2026-08-31T15:29:26,0.2,4729,1547350,1531447,0.3,0.00,0.54,0.00,2.16,0.00,0.00,0.00,1.0,95830.0,95350.0,0.0,0.0,0.5,0.0,64.207,0.000,0.0,678130.0
2026-08-31T15:29:27,0.2,4729,1547350,1531446,0.3,0.00,0.90,0.00,3.61,0.00,0.00,0.00,1.0,95830.0,95350.0,0.0,0.0,0.5,0.0,64.215,0.000,0.0,670318.5
2026-08-31T15:29:28,0.2,4729,1547350,1531446,0.3,0.00,0.61,0.00,2.44,0.00,0.00,0.00,1.0,95830.0,95350.0,0.0,0.0,0.5,0.0,64.230,0.000,0.0,661275.0
2026-08-31T15:29:30,0.2,4730,1547350,1531445,0.3,0.00,0.61,0.00,2.44,0.00,0.00,0.00,1.0,95830.0,95350.0,0.0,0.0,0.5,0.0,64.179,0.000,0.0,649915.0
2026-08-31T15:29:32,0.2,4730,1547350,1531446,0.3,0.00,3.41,0.00,15.91,0.00,0.00,0.00,1.0,95830.0,95350.0,0.0,0.0,0.5,0.0,64.204,0.000,0.0,657705.0
2026-08-31T15:29:33,0.2,4731,1547350,1531444,0.3,0.00,0.61,0.00,2.45,0.00,0.00,0.00,1.0,95830.0,95350.0,0.0,0.0,0.5,0.0,64.190,0.000,0.0,660432.5
2026-08-31T15:29:35,0.2,4731,1547350,1531444,0.3,0.00,0.62,0.00,2.46,0.00,1.00,0.00,1.0,95830.0,95350.0,0.0,0.0,0.5,0.0,64.203,0.000,0.0,656989.5
2026-08-31T15:29:37,0.2,4731,1547350,1531445,0.3,0.00,0.70,0.00,2.81,0.00,0.00,0.00,1.0,95830.0,95350.0,0.0,0.0,0.5,0.0,64.204,0.000,0.0,658961.0
2026-08-31T15:29:38,0.2,4731,1547350,1531445,0.3,0.00,0.62,0.00,2.50,0.00,0.00,0.00,1.0,95830.0,95350.0,0.0,0.0,0.5,0.0,64.215,0.000,0.0,684066.0
2026-08-31T15:29:39,0.2,4731,1547350,1531445,0.3,0.00,0.81,0.00,3.24,0.00,0.00,0.00,1.0,95830.0,95350.0,0.0,0.0,0.5,0.0,64.227,0.000,0.0,684066.0
2026-08-31T15:29:40,0.2,4731,1547350,1531444,0.3,0.00,1.28,0.00,5.11,0.00,0.00,0.13,1.0,95830.0,95350.0,0.0,0.0,0.5,0.0,64.203,0.000,0.0,700769.0
2026-08-31T15:29:42,0.2,4732,1547350,1531444,0.3,0.00,1.67,0.00,12.49,0.00,0.00,0.00,1.0,95830.0,95350.0,0.0,0.0,0.5,0.0,64.191,0.000,0.0,652183.0
2026-08-31T15:29:44,0.2,4732,1547350,1531443,0.3,0.00,0.55,0.00,2.18,0.00,0.00,0.00,1.0,95830.0,95350.0,0.0,0.0,0.5,0.0,64.169,0.000,0.0,652007.5
2026-08-31T15:29:46,0.2,4733,1547350,1531442,0.3,0.00,0.51,0.00,2.04,0.00,0.00,0.00,1.0,95830.0,95350.0,0.0,0.0,0.5,0.0,64.181,0.000,0.0,647410.5
2026-08-31T15:29:48,0.2,4734,1547350,1531441,0.3,0.00,0.54,0.00,2.17,0.00,0.00,0.00,1.0,95830.0,95350.0,0.0,0.0,0.5,0.0,64.201,0.000,0.0,656053.5
2026-08-31T15:29:49,0.2,4734,1547350,1531441,0.3,0.00,0.62,0.00,2.48,0.00,0.00,0.00,1.0,95830.0,95350.0,0.0,0.0,0.5,0.0,64.206,0.000,0.0,707233.0
2026-08-31T15:29:51,0.2,4735,1547350,1531441,0.3,0.00,0.49,0.00,1.97,0.00,0.00,0.00,1.0,95830.0,95350.0,0.0,0.0,0.5,0.0,64.208,0.000,0.0,657637.5
2026-08-31T15:29:53,0.2,4735,1547350,1531440,0.3,0.00,1.00,0.00,3.99,0.00,0.00,0.00,1.0,95830.0,95350.0,0.0,0.0,0.5,0.0,64.199,0.000,0.0,647235.5
2026-08-31T15:29:55,0.2,4736,1547350,1531440,0.3,0.00,0.59,0.00,2.38,0.00,0.00,0.00,1.0,95830.0,95350.0,0.0,0.0,0.5,0.0,64.213,0.000,0.0,669646.0
2026-08-31T15:29:56,0.2,4736,1547350,1531440,0.3,0.00,0.71,0.00,2.85,0.00,0.00,0.00,1.0,95830.0,95350.0,0.0,0.0,0.5,0.0,64.171,0.000,0.0,656292.0
2026-08-31T15:29:58,0.2,4737,1547350,1531439,0.3,0.00,0.64,0.00,2.56,0.00,0.00,0.00,1.0,95830.0,95350.0,0.0,0.0,0.5,0.0,64.213,0.000,0.0,651911.5
2026-08-31T15:30:00,0.2,4738,1547350,1531438,0.3,0.00,0.49,0.00,1.95,0.00,0.00,0.00,1.0,95830.0,95350.0,0.0,0.0,0.5,0.0,64.186,0.000,0.0,665483.5
2026-08-31T15:30:02,0.3,4742,1547350,1531433,0.3,0.00,0.62,0.00,2.50,0.00,0.00,0.00,1.0,95830.0,95350.0,0.0,0.0,0.5,0.0,64.210,0.000,0.0,658344.0
2026-08-31T15:30:03,0.2,4742,1547350,1531433,0.3,0.00,0.50,0.00,2.01,0.00,1.00,0.00,1.0,95830.0,95350.0,0.0,0.0,0.5,0.0,64.186,0.000,0.0,702200.0
2026-08-31T15:30:05,0.2,4742,1547350,1531433,0.3,0.00,0.99,0.00,3.96,0.00,0.00,0.00,1.0,95830.0,95350.0,0.0,0.0,0.5,0.0,64.198,0.000,0.0,679964.5
2026-08-31T15:30:07,0.2,4743,1547350,1531432,0.3,0.00,0.48,0.00,1.94,0.00,0.00,0.00,1.0,95830.0,95350.0,0.0,0.0,0.5,0.0,64.179,0.000,0.0,646506.0
2026-08-31T15:30:09,0.2,4745,1547350,1531431,0.3,0.00,0.51,0.00,2.04,0.00,0.00,0.00,1.0,95830.0,95350.0,0.0,0.0,0.5,0.0,64.232,0.000,0.0,649671.5
2026-08-31T15:30:10,0.2,4745,1547350,1531430,0.3,0.00,0.58,0.00,2.31,0.00,0.00,0.00,1.0,95830.0,95350.0,0.0,0.0,0.5,0.0,64.207,0.000,0.0,661779.5
2026-08-31T15:30:12,0.3,4745,1547350,1531431,0.3,0.00,1.98,0.00,14.84,0.00,0.00,0.00,1.0,95830.0,95350.0,0.0,0.0,0.5,0.0,64.197,0.000,0.0,660883.5
2026-08-31T15:30:14,0.2,4746,1547350,1531429,0.3,0.00,0.56,0.00,2.25,0.00,0.00,0.00,1.0,95830.0,95350.0,0.0,0.0,0.5,0.0,64.196,0.000,0.0,657186.5
2026-08-31T15:30:15,0.2,4746,1547350,1531429,0.3,0.00,0.72,0.00,2.87,0.00,0.00,0.00,1.0,95830.0,95350.0,0.0,0.0,0.5,0.0,64.210,0.000,0.0,663408.5
2026-08-31T15:30:17,0.2,4746,1547350,1531429,0.3,0.00,0.61,0.00,2.45,0.00,0.00,0.00,1.0,95830.0,95350.0,0.0,0.0,0.5,0.0,64.213,0.000,0.0,665710.5
2026-08-31T15:30:18,0.2,4746,1547350,1531429,0.3,0.00,1.14,0.00,4.56,0.00,0.00,0.00,1.0,95830.0,95350.0,0.0,0.0,0.5,0.0,64.217,0.000,0.0,658659.5
2026-08-31T15:30:20,0.2,4747,1547350,1531429,0.3,0.00,0.67,0.00,2.68,0.00,0.00,0.00,1.0,95830.0,95350.0,0.0,0.0,0.5,0.0,64.198,0.000,0.0,658633.0
2026-08-31T15:30:22,0.2,4748,1547350,1531428,0.3,0.00,0.53,0.00,2.13,0.00,0.00,0.00,1.0,95830.0,95350.0,0.0,0.0,0.5,0.0,64.214,0.000,0.0,650484.5
2026-08-31T15:30:23,0.2,4747,1547350,1531428,0.3,0.00,1.83,0.00,7.34,0.00,0.00,0.00,1.0,95830.0,95350.0,0.0,0.0,0.5,0.0,64.200,0.000,0.0,657831.5
2026-08-31T15:30:25,0.2,4748,1547350,1531427,0.3,0.00,0.65,0.00,2.58,0.00,0.00,0.00,1.0,95830.0,95350.0,0.0,0.0,0.5,0.0,64.202,0.000,0.0,657831.5
2026-08-31T15:30:26,0.2,4748,1547350,1531427,0.3,0.00,1.52,0.00,6.08,0.00,0.00,0.00,1.0,95830.0,95350.0,0.0,0.0,0.5,0.0,64.230,0.000,0.0,679400.0
2026-08-31T15:30:27,0.2,4750,1547350,1531426,0.3,0.00,0.61,0.00,2.46,0.00,0.00,0.00,1.0,95830.0,95350.0,0.0,0.0,0.5,0.0,64.200,0.000,0.0,679400.0
2026-08-31T15:30:28,0.2,4750,1547350,1531426,0.3,0.00,1.66,0.00,6.63,0.00,1.00,0.00,1.0,95830.0,95350.0,0.0,0.0,0.5,0.0,64.220,0.000,0.0,712773.0
2026-08-31T15:30:29,0.2,4750,1547350,1531425,0.3,0.00,0.85,0.00,3.39,0.00,0.00,0.08,1.0,95830.0,95350.0,0.0,0.0,0.5,0.0,64.203,0.000,0.0,660350.0
2026-08-31T15:30:31,0.2,4751,1547350,1531424,0.3,0.00,0.61,0.00,2.46,0.00,0.00,0.00,1.0,95830.0,95350.0,0.0,0.0,0.5,0.0,64.207,0.000,0.0,656821.0
2026-08-31T15:30:32,0.2,4751,1547350,1531424,0.3,0.00,0.54,0.00,2.17,0.00,0.00,0.00,1.0,95830.0,95350.0,0.0,0.0,0.5,0.0,64.197,0.000,0.0,651477.0
2026-08-31T15:30:34,0.2,4751,1547350,1531424,0.3,0.00,3.40,0.00,15.86,0.00,0.00,0.00,1.0,95830.0,95350.0,0.0,0.0,0.5,0.0,64.208,0.000,0.0,651477.0
2026-08-31T15:30:35,0.2,4751,1547350,1531424,0.3,0.00,1.22,0.00,4.89,0.00,0.00,0.00,1.0,95830.0,95350.0,0.0,0.0,0.5,0.0,64.248,0.000,0.0,698808.5
2026-08-31T15:30:36,0.2,4750,1547350,1531425,0.3,0.00,1.23,0.00,4.91,0.00,0.00,0.00,1.0,95830.0,95350.0,0.0,0.0,0.5,0.0,64.227,0.000,0.0,666446.5
2026-08-31T15:30:38,0.2,4751,1547350,1531424,0.3,0.00,0.55,0.00,2.21,0.00,0.00,0.00,1.0,95830.0,95350.0,0.0,0.0,0.5,0.0,64.219,0.000,0.0,652181.5
2026-08-31T15:30:39,0.2,4751,1547350,1531424,0.3,0.00,0.62,0.00,2.48,0.00,0.00,0.00,1.0,95830.0,95350.0,0.0,0.0,0.5,0.0,64.220,0.000,0.0,657340.0
2026-08-31T15:30:41,0.2,4752,1547350,1531423,0.3,0.00,0.62,0.00,2.50,0.00,0.00,0.00,1.0,95830.0,95350.0,0.0,0.0,0.5,0.0,64.214,0.000,0.0,680476.0
2026-08-31T15:30:43,0.2,4752,1547350,1531424,0.3,0.00,2.20,0.00,20.10,0.00,0.25,0.06,1.0,95830.0,95350.0,0.0,0.0,0.5,0.0,64.220,0.000,0.0,653127.0
2026-08-31T15:30:44,0.2,4752,1547350,1531423,0.3,0.00,1.25,0.00,5.00,0.00,0.00,0.00,1.0,95830.0,95350.0,0.0,0.0,0.5,0.0,64.201,0.000,0.0,658188.0
2026-08-31T15:30:46,0.2,4753,1547350,1531423,0.3,0.00,0.61,0.00,2.45,0.00,0.00,0.00,1.0,95830.0,95350.0,0.0,0.0,0.5,0.0,64.219,0.000,0.0,646476.0
2026-08-31T15:30:48,0.2,4753,1547350,1531423,0.3,0.00,0.50,0.00,1.99,0.00,0.00,0.00,1.0,95830.0,95350.0,0.0,0.0,0.5,0.0,64.183,0.000,0.0,649916.0
2026-08-31T15:30:50,0.2,4753,1547350,1531422,0.3,0.00,0.50,0.00,2.01,0.00,0.00,0.00,1.0,95830.0,95350.0,0.0,0.0,0.5,0.0,64.224,0.000,0.0,646125.5
2026-08-31T15:30:52,0.2,4754,1547350,1531422,0.3,0.00,0.49,0.00,1.96,0.00,0.00,0.00,1.0,95830.0,95350.0,0.0,0.0,0.5,0.0,64.254,0.000,0.0,649279.5
2026-08-31T15:30:54,0.2,4754,1547350,1531422,0.3,0.00,0.98,0.00,3.93,0.00,0.00,0.00,1.0,95830.0,95350.0,0.0,0.0,0.5,0.0,64.195,0.000,0.0,652848.5
2026-08-31T15:30:56,0.2,4753,1547350,1531422,0.3,0.00,0.50,0.00,2.00,0.00,0.00,0.00,1.0,95830.0,95350.0,0.0,0.0,0.5,0.0,64.228,0.000,0.0,646224.5
2026-08-31T15:30:58,0.2,4754,1547350,1531422,0.3,0.00,0.50,0.00,1.98,0.00,0.00,0.00,1.0,95830.0,95350.0,0.0,0.0,0.5,0.0,64.192,0.000,0.0,688396.5
2026-08-31T15:31:00,0.2,4754,1547350,1531422,0.3,0.00,0.50,0.00,1.99,0.00,0.00,0.00,1.0,95830.0,95350.0,0.0,0.0,0.5,0.0,64.234,0.000,0.0,650398.0
2026-08-31T15:31:02,0.3,4756,1547350,1531419,0.3,0.00,0.50,0.00,2.02,0.00,0.00,0.00,1.0,95830.0,95350.0,0.0,0.0,0.5,0.0,64.184,0.000,0.0,652835.5
2026-08-31T15:31:04,0.2,4757,1547350,1531418,0.3,0.00,0.49,0.00,1.94,0.00,0.00,0.00,1.0,95830.0,95350.0,0.0,0.0,0.5,0.0,64.183,0.000,0.0,648343.0
2026-08-31T15:31:06,0.2,4757,1547350,1531419,0.3,0.00,0.50,0.00,2.01,0.00,0.00,0.05,1.0,95830.0,95350.0,0.0,0.0,0.5,0.0,64.244,0.000,0.0,645390.5
2026-08-31T15:31:08,0.2,4756,1547350,1531420,0.3,0.00,0.48,0.00,1.93,0.00,0.00,0.00,1.0,95830.0,95350.0,0.0,0.0,0.5,0.0,64.188,0.000,0.0,645860.5
2026-08-31T15:31:10,0.2,4756,1547350,1531419,0.3,0.00,0.50,0.00,2.01,0.00,1.00,0.00,1.0,95830.0,95350.0,0.0,0.0,0.5,0.0,64.190,0.000,0.0,654087.0
2026-08-31T15:31:12,0.2,4752,1547350,1531423,0.3,0.00,1.74,0.00,16.27,0.00,0.00,0.00,1.0,95830.0,95350.0,0.0,0.0,0.5,0.0,64.197,0.000,0.0,663865.0
2026-08-31T15:31:13,0.2,4752,1547350,1531423,0.3,0.00,0.64,0.00,2.54,0.00,0.00,0.00,1.0,95830.0,95350.0,0.0,0.0,0.5,0.0,64.210,0.000,0.0,677938.5
2026-08-31T15:31:15,0.2,4753,1547350,1531423,0.3,0.00,0.70,0.00,2.80,0.00,0.00,0.00,1.0,95830.0,95350.0,0.0,0.0,0.5,0.0,64.208,0.000,0.0,676110.0
2026-08-31T15:31:16,0.2,4753,1547350,1531422,0.3,0.00,0.65,0.00,2.62,0.00,0.00,0.00,1.0,95830.0,95350.0,0.0,0.0,0.5,0.0,64.210,0.000,0.0,669316.5
2026-08-31T15:31:18,0.2,4754,1547350,1531422,0.3,0.00,0.60,0.00,2.41,0.00,0.00,0.00,1.0,95830.0,95350.0,0.0,0.0,0.5,0.0,64.218,0.000,0.0,671653.0
2026-08-31T15:31:20,0.2,4754,1547350,1531422,0.3,0.00,1.18,0.00,4.71,0.00,0.00,0.00,1.0,95830.0,95350.0,0.0,0.0,0.5,0.0,64.237,0.000,0.0,660460.5
2026-08-31T15:31:21,0.2,4753,1547350,1531422,0.3,0.00,0.65,0.00,2.60,0.00,0.00,0.00,1.0,95830.0,95350.0,0.0,0.0,0.5,0.0,64.226,0.000,0.0,659423.5
2026-08-31T15:31:23,0.2,4755,1547350,1531421,0.3,0.00,0.58,0.00,2.31,0.00,0.00,0.00,1.0,95830.0,95350.0,0.0,0.0,0.5,0.0,64.210,0.000,0.0,658356.0
2026-08-31T15:31:24,0.2,4754,1547350,1531422,0.3,0.00,0.68,0.00,2.72,0.00,0.00,0.00,1.0,95830.0,95350.0,0.0,0.0,0.5,0.0,64.234,0.000,0.0,654495.5
2026-08-31T15:31:26,0.2,4753,1547350,1531422,0.3,0.00,0.61,0.00,2.42,0.00,0.00,0.00,1.0,95830.0,95350.0,0.0,0.0,0.5,0.0,64.242,0.000,0.0,660243.5
2026-08-31T15:31:28,0.2,4754,1547350,1531422,0.3,0.00,0.61,0.00,2.42,0.00,0.00,0.00,1.0,95830.0,95350.0,0.0,0.0,0.5,0.0,64.233,0.000,0.0,653798.0
2026-08-31T15:31:30,0.2,4755,1547350,1531421,0.3,0.00,1.14,0.00,6.84,0.00,0.00,0.00,1.0,95830.0,95350.0,0.0,0.0,0.5,0.0,64.226,0.000,0.0,658343.0
2026-08-31T15:31:31,0.2,4755,1547350,1531421,0.3,0.00,0.61,0.00,2.45,0.00,0.00,0.00,1.0,95830.0,95350.0,0.0,0.0,0.5,0.0,64.227,0.000,0.0,658359.5
2026-08-31T15:31:33,0.2,4754,1547350,1531422,0.3,0.00,0.61,0.00,2.45,0.00,0.00,0.00,1.0,95830.0,95350.0,0.0,0.0,0.5,0.0,64.212,0.000,0.0,657705.0
2026-08-31T15:31:34,0.2,4753,1547350,1531422,0.3,0.00,3.79,0.00,15.17,0.00,0.17,0.00,1.0,95830.0,95350.0,0.0,0.0,0.5,0.0,64.248,0.000,0.0,661899.0
2026-08-31T15:31:36,0.2,4753,1547350,1531422,0.3,0.00,0.60,0.00,2.41,0.00,0.00,0.00,1.0,95830.0,95350.0,0.0,0.0,0.5,0.0,64.276,0.000,0.0,653683.5
2026-08-31T15:31:38,0.2,4754,1547350,1531421,0.3,0.00,0.65,0.00,2.61,0.00,0.00,0.00,1.0,95830.0,95350.0,0.0,0.0,0.5,0.0,64.213,0.000,0.0,652339.0
2026-08-31T15:31:39,0.2,4755,1547350,1531421,0.3,0.00,0.54,0.00,2.18,0.00,0.00,0.00,1.0,95830.0,95350.0,0.0,0.0,0.5,0.0,64.224,0.000,0.0,661965.0
2026-08-31T15:31:41,0.2,4754,1547350,1531421,0.3,0.00,0.60,0.00,2.39,0.00,0.00,0.00,1.0,95830.0,95350.0,0.0,0.0,0.5,0.0,64.261,0.000,0.0,651340.5
2026-08-31T15:31:43,0.2,4755,1547350,1531421,0.3,0.00,8.98,0.00,49.97,0.00,0.06,0.00,1.0,95830.0,95350.0,0.0,0.0,0.5,0.0,64.211,0.000,0.0,645591.0
2026-08-31T15:31:45,0.2,4755,1547350,1531421,0.3,0.00,0.99,0.00,3.96,0.00,0.00,0.00,1.0,95830.0,95350.0,0.0,0.0,0.5,0.0,64.238,0.000,0.0,651780.0
2026-08-31T15:31:47,0.2,4754,1547350,1531421,0.3,0.00,0.55,0.00,2.22,0.00,1.00,0.00,1.0,95830.0,95350.0,0.0,0.0,0.5,0.0,64.233,0.000,0.0,660855.5
2026-08-31T15:31:48,0.2,4754,1547350,1531421,0.3,0.00,0.62,0.00,2.46,0.00,0.00,0.00,1.0,95830.0,95350.0,0.0,0.0,0.5,0.0,64.255,0.000,0.0,659680.5
2026-08-31T15:31:50,0.2,4755,1547350,1531421,0.3,0.00,0.55,0.00,2.21,0.00,0.00,0.00,1.0,95830.0,95350.0,0.0,0.0,0.5,0.0,64.272,0.000,0.0,650342.0
2026-08-31T15:31:52,0.2,4755,1547350,1531421,0.3,0.00,0.50,0.00,2.00,0.00,0.00,0.00,1.0,95830.0,95350.0,0.0,0.0,0.5,0.0,64.243,0.000,0.0,645025.5
2026-08-31T15:31:54,0.2,4756,1547350,1531419,0.3,0.00,0.45,0.00,1.80,0.00,0.00,0.00,1.0,95830.0,95350.0,0.0,0.0,0.5,0.0,64.227,0.000,0.0,648577.0
2026-08-31T15:31:56,0.2,4756,1547350,1531419,0.3,0.00,0.50,0.00,1.99,0.00,0.00,0.05,1.0,95830.0,95350.0,0.0,0.0,0.5,0.0,64.257,0.000,0.0,646878.0
2026-08-31T15:31:58,0.2,4755,1547350,1531420,0.3,0.00,0.50,0.00,1.99,0.00,0.00,0.00,1.0,95830.0,95350.0,0.0,0.0,0.5,0.0,64.227,0.000,0.0,647660.5
2026-08-31T15:32:00,0.2,4755,1547350,1531420,0.3,0.00,0.49,0.00,1.97,0.00,0.00,0.00,1.0,95830.0,95350.0,0.0,0.0,0.5,0.0,64.248,0.000,0.0,652417.5
2026-08-31T15:32:02,0.3,4759,1547350,1531416,0.3,0.00,0.50,0.00,2.02,0.00,0.00,0.00,1.0,95830.0,95350.0,0.0,0.0,0.5,0.0,64.243,0.000,0.0,673463.5
2026-08-31T15:32:04,0.2,4759,1547350,1531417,0.3,0.00,0.49,0.00,1.98,0.00,0.00,0.00,1.0,95830.0,95350.0,0.0,0.0,0.5,0.0,64.264,0.000,0.0,650115.0
2026-08-31T15:32:06,0.2,4758,1547350,1531417,0.3,0.00,0.98,0.00,3.92,0.00,0.00,0.00,1.0,95830.0,95350.0,0.0,0.0,0.5,0.0,64.261,0.000,0.0,637018.0
2026-08-31T15:32:08,0.2,4759,1547350,1531416,0.3,0.00,0.50,0.00,1.98,0.00,0.00,0.00,1.0,95830.0,95350.0,0.0,0.0,0.5,0.0,64.293,0.000,0.0,657246.5
2026-08-31T15:32:10,0.2,4759,1547350,1531416,0.3,0.00,0.49,0.00,1.98,0.00,0.00,0.00,1.0,95830.0,95350.0,0.0,0.0,0.5,0.0,64.204,0.000,0.0,679449.0
2026-08-31T15:32:12,0.2,4756,1547350,1531420,0.3,0.00,0.98,0.00,8.36,0.00,0.00,0.00,1.0,95830.0,95350.0,0.0,0.0,0.5,0.0,64.239,0.000,0.0,657858.0
2026-08-31T15:32:14,0.2,4756,1547350,1531419,0.3,0.00,0.60,0.00,2.39,0.00,0.00,0.00,1.0,95830.0,95350.0,0.0,0.0,0.5,0.0,64.261,0.000,0.0,661560.0
2026-08-31T15:32:16,0.2,4756,1547350,1531419,0.3,0.00,0.64,0.00,2.56,0.00,0.00,0.00,1.0,95830.0,95350.0,0.0,0.0,0.5,0.0,64.269,0.000,0.0,643599.5
2026-08-31T15:32:17,0.2,4755,1547350,1531420,0.3,0.00,0.62,0.00,2.50,0.00,0.00,0.00,1.0,95830.0,95350.0,0.0,0.0,0.5,0.0,64.221,0.000,0.0,688980.5
2026-08-31T15:32:19,0.2,4756,1547350,1531420,0.3,0.00,0.60,0.00,2.39,0.00,0.00,0.06,1.0,95830.0,95350.0,0.0,0.0,0.5,0.0,64.295,0.000,0.0,657796.0
2026-08-31T15:32:21,0.2,4756,1547350,1531420,0.3,0.00,1.30,0.00,5.22,0.00,0.50,0.00,1.0,95830.0,95350.0,0.0,0.0,0.5,0.0,64.287,0.000,0.0,685998.5
2026-08-31T15:32:22,0.2,4756,1547350,1531419,0.3,0.00,0.59,0.00,2.36,0.00,0.00,0.00,1.0,95830.0,95350.0,0.0,0.0,0.5,0.0,64.257,0.000,0.0,636849.5
2026-08-31T15:32:24,0.2,4755,1547350,1531421,0.3,0.00,0.66,0.00,2.64,0.00,0.00,0.00,1.0,95830.0,95350.0,0.0,0.0,0.5,0.0,64.252,0.000,0.0,667885.0
2026-08-31T15:32:26,0.2,4755,1547350,1531420,0.3,0.00,0.53,0.00,2.14,0.00,0.00,0.00,1.0,95830.0,95350.0,0.0,0.0,0.5,0.0,64.253,0.000,0.0,661609.5
2026-08-31T15:32:27,0.2,4755,1547350,1531420,0.3,0.00,0.61,0.00,2.45,0.00,0.00,0.00,1.0,95830.0,95350.0,0.0,0.0,0.5,0.0,64.276,0.000,0.0,684317.0
2026-08-31T15:32:29,0.2,4755,1547350,1531420,0.3,0.00,0.64,0.00,2.57,0.00,0.00,0.00,1.0,95830.0,95350.0,0.0,0.0,0.5,0.0,64.273,0.000,0.0,656051.5
2026-08-31T15:32:30,0.2,4755,1547350,1531420,0.3,0.00,0.60,0.00,2.42,0.00,0.00,0.00,1.0,95830.0,95350.0,0.0,0.0,0.5,0.0,64.263,0.000,0.0,661228.0
2026-08-31T15:32:32,0.2,4755,1547350,1531420,0.3,0.00,0.62,0.00,2.49,0.00,0.00,0.00,1.0,95830.0,95350.0,0.0,0.0,0.5,0.0,64.243,0.000,0.0,656336.5
2026-08-31T15:32:34,0.2,4755,1547350,1531420,0.3,0.00,0.63,0.00,2.52,0.00,0.00,0.06,1.0,95830.0,95350.0,0.0,0.0,0.5,0.0,64.236,0.000,0.0,649064.5
2026-08-31T15:32:36,0.2,4756,1547350,1531420,0.3,0.00,0.54,0.00,2.15,0.00,0.00,0.00,1.0,95830.0,95350.0,0.0,0.0,0.5,0.0,64.272,0.000,0.0,686679.0
2026-08-31T15:32:37,0.2,4756,1547350,1531419,0.3,0.00,4.38,0.00,22.50,0.00,0.14,0.00,1.0,95830.0,95350.0,0.0,0.0,0.5,0.0,64.276,0.000,0.0,657314.5
2026-08-31T15:32:39,0.2,4756,1547350,1531420,0.3,0.00,0.63,0.00,2.50,0.00,0.00,0.00,1.0,95830.0,95350.0,0.0,0.0,0.5,0.0,64.287,0.000,0.0,669847.5
2026-08-31T15:32:40,0.2,4756,1547350,1531420,0.3,0.00,0.61,0.00,2.45,0.00,0.00,0.00,1.0,95830.0,95350.0,0.0,0.0,0.5,0.0,64.267,0.000,0.0,693148.0
2026-08-31T15:32:42,0.2,4756,1547350,1531420,0.3,0.00,4.44,0.00,38.34,0.00,0.00,0.00,1.0,95830.0,95350.0,0.0,0.0,0.5,0.0,64.282,0.000,0.0,657854.5
2026-08-31T15:32:44,0.2,4756,1547350,1531420,0.3,0.00,0.61,0.00,2.45,0.00,0.00,0.00,1.0,95830.0,95350.0,0.0,0.0,0.5,0.0,64.270,0.000,0.0,653113.5
2026-08-31T15:32:45,0.2,4755,1547350,1531420,0.3,0.00,0.55,0.00,2.18,0.00,0.00,0.00,1.0,95830.0,95350.0,0.0,0.0,0.5,0.0,64.248,0.000,0.0,649982.0
2026-08-31T15:32:47,0.2,4756,1547350,1531420,0.3,0.00,1.12,0.00,4.47,0.00,0.00,0.00,1.0,95830.0,95350.0,0.0,0.0,0.5,0.0,64.276,0.000,0.0,667009.5
2026-08-31T15:32:49,0.2,4756,1547350,1531420,0.3,0.00,0.49,0.00,1.97,0.00,1.00,0.00,1.0,95830.0,95350.0,0.0,0.0,0.5,0.0,64.309,0.000,0.0,672918.0
2026-08-31T15:32:51,0.2,4756,1547350,1531420,0.3,0.00,0.45,0.00,1.81,0.00,0.00,0.00,1.0,95830.0,95350.0,0.0,0.0,0.5,0.0,64.308,0.000,0.0,646096.5
2026-08-31T15:32:53,0.2,4756,1547350,1531420,0.3,0.00,0.50,0.00,1.99,0.00,0.00,0.00,1.0,95830.0,95350.0,0.0,0.0,0.5,0.0,64.273,0.000,0.0,647812.5
2026-08-31T15:32:55,0.2,4756,1547350,1531420,0.3,0.00,0.50,0.00,1.99,0.00,0.00,0.00,1.0,95830.0,95350.0,0.0,0.0,0.5,0.0,64.277,0.000,0.0,645421.0
2026-08-31T15:32:57,0.2,4755,1547350,1531421,0.3,0.00,0.49,0.00,1.98,0.00,0.00,0.00,1.0,95830.0,95350.0,0.0,0.0,0.5,0.0,64.310,0.000,0.0,645850.0
2026-08-31T15:32:59,0.2,4756,1547350,1531420,0.3,0.00,0.50,0.00,2.01,0.00,0.00,0.00,1.0,95830.0,95350.0,0.0,0.0,0.5,0.0,64.267,0.000,0.0,647388.5
2026-08-31T15:33:01,0.2,4761,1547350,1531414,0.3,0.00,0.49,0.00,1.98,0.00,0.00,0.00,1.0,95830.0,95350.0,0.0,0.0,0.5,0.0,64.242,0.000,0.0,647959.5
2026-08-31T15:33:04,0.2,4761,1547350,1531414,0.3,0.00,0.50,0.00,1.98,0.00,0.00,0.00,1.0,95830.0,95350.0,0.0,0.0,0.5,0.0,64.292,0.000,0.0,647409.5
2026-08-31T15:33:06,0.2,4761,1547350,1531414,0.3,0.00,0.47,0.00,1.88,0.00,0.00,0.00,1.0,95830.0,95350.0,0.0,0.0,0.5,0.0,64.290,0.000,0.0,645438.0
2026-08-31T15:33:08,0.2,4761,1547350,1531415,0.3,0.00,1.05,0.00,4.18,0.00,0.00,0.00,1.0,95830.0,95350.0,0.0,0.0,0.5,0.0,64.320,0.000,0.0,646500.0
2026-08-31T15:33:10,0.2,4761,1547350,1531415,0.3,0.00,0.50,0.00,2.02,0.00,0.00,0.00,1.0,95830.0,95350.0,0.0,0.0,0.5,0.0,64.268,0.000,0.0,643754.5
2026-08-31T15:33:12,0.2,4759,1547350,1531417,0.3,0.00,0.45,0.00,1.79,0.00,0.00,0.00,1.0,95830.0,95350.0,0.0,0.0,0.5,0.0,64.303,0.000,0.0,646480.0
2026-08-31T15:33:14,0.2,4758,1547350,1531417,0.3,0.00,3.94,0.00,16.98,0.00,0.00,0.00,1.0,95830.0,95350.0,0.0,0.0,0.5,0.0,64.285,0.000,0.0,659880.5
2026-08-31T15:33:15,0.2,4757,1547350,1531418,0.3,0.00,0.66,0.00,2.62,0.00,0.00,0.00,1.0,95830.0,95350.0,0.0,0.0,0.5,0.0,64.303,0.000,0.0,666120.5
2026-08-31T15:33:17,0.2,4757,1547350,1531419,0.3,0.00,0.67,0.00,2.67,0.00,1.00,0.00,1.0,95830.0,95350.0,0.0,0.0,0.5,0.0,64.299,0.000,0.0,661777.5
2026-08-31T15:33:18,0.2,4757,1547350,1531418,0.3,0.00,0.59,0.00,2.38,0.00,0.00,0.00,1.0,95830.0,95350.0,0.0,0.0,0.5,0.0,64.309,0.000,0.0,657543.0
2026-08-31T15:33:20,0.2,4757,1547350,1531418,0.3,0.00,0.66,0.00,2.65,0.00,0.00,0.07,1.0,95830.0,95350.0,0.0,0.0,0.5,0.0,64.269,0.000,0.0,649392.5
2026-08-31T15:33:22,0.2,4757,1547350,1531418,0.3,0.00,1.08,0.00,4.31,0.00,0.00,0.00,1.0,95830.0,95350.0,0.0,0.0,0.5,0.0,64.301,0.000,0.0,661551.0
2026-08-31T15:33:24,0.2,4757,1547350,1531418,0.3,0.00,0.59,0.00,2.38,0.00,0.00,0.00,1.0,95830.0,95350.0,0.0,0.0,0.5,0.0,64.293,0.000,0.0,656866.0
2026-08-31T15:33:25,0.2,4758,1547350,1531418,0.3,0.00,0.66,0.00,2.65,0.00,0.00,0.00,1.0,95830.0,95350.0,0.0,0.0,0.5,0.0,64.317,0.000,0.0,654426.5
2026-08-31T15:33:27,0.2,4757,1547350,1531419,0.3,0.00,0.58,0.00,2.34,0.00,0.00,0.00,1.0,95830.0,95350.0,0.0,0.0,0.5,0.0,64.302,0.000,0.0,662131.0
2026-08-31T15:33:28,0.2,4756,1547350,1531419,0.3,0.00,0.61,0.00,2.43,0.00,0.00,0.00,1.0,95830.0,95350.0,0.0,0.0,0.5,0.0,64.266,0.000,0.0,659496.0
2026-08-31T15:33:30,0.2,4758,1547350,1531418,0.3,0.00,0.66,0.00,2.65,0.00,0.00,0.00,1.0,95830.0,95350.0,0.0,0.0,0.5,0.0,64.344,0.000,0.0,649588.5
2026-08-31T15:33:32,0.2,4758,1547350,1531418,0.3,0.00,0.54,0.00,2.14,0.00,0.00,0.00,1.0,95830.0,95350.0,0.0,0.0,0.5,0.0,64.317,0.000,0.0,658231.5
2026-08-31T15:33:33,0.2,4757,1547350,1531418,0.3,0.00,3.62,0.00,14.48,0.00,0.00,0.00,1.0,95830.0,95350.0,0.0,0.0,0.5,0.0,64.305,0.000,0.0,657384.0
2026-08-31T15:33:35,0.2,4757,1547350,1531418,0.3,0.00,0.65,0.00,2.61,0.00,0.00,0.00,1.0,95830.0,95350.0,0.0,0.0,0.5,0.0,64.303,0.000,0.0,657871.0
2026-08-31T15:33:37,0.2,4757,1547350,1531419,0.3,0.00,0.60,0.00,2.40,0.00,0.00,0.00,1.0,95830.0,95350.0,0.0,0.0,0.5,0.0,64.344,0.000,0.0,666454.0
2026-08-31T15:33:38,0.2,4756,1547350,1531419,0.3,0.00,1.28,0.00,7.66,0.00,0.50,0.00,1.0,95830.0,95350.0,0.0,0.0,0.5,0.0,64.308,0.000,0.0,658176.0
2026-08-31T15:33:40,0.2,4756,1547350,1531420,0.3,0.00,0.62,0.00,2.49,0.00,0.00,0.00,1.0,95830.0,95350.0,0.0,0.0,0.5,0.0,64.287,0.000,0.0,656222.0
2026-08-31T15:33:42,0.2,4757,1547350,1531418,0.3,0.00,0.54,0.00,2.16,0.00,0.00,0.00,1.0,95830.0,95350.0,0.0,0.0,0.5,0.0,64.314,0.000,0.0,654086.5
2026-08-31T15:33:43,0.2,4756,1547350,1531420,0.3,0.00,5.62,0.00,38.41,0.00,0.00,0.00,1.0,95830.0,95350.0,0.0,0.0,0.5,0.0,64.304,0.000,0.0,658016.0
2026-08-31T15:33:45,0.2,4757,1547350,1531419,0.3,0.00,0.63,0.00,2.50,0.00,0.00,0.00,1.0,95830.0,95350.0,0.0,0.0,0.5,0.0,64.290,0.000,0.0,657546.5
2026-08-31T15:33:47,0.2,4757,1547350,1531419,0.3,0.00,0.54,0.00,2.16,0.00,0.00,0.00,1.0,95830.0,95350.0,0.0,0.0,0.5,0.0,64.316,0.000,0.0,651911.0
2026-08-31T15:33:48,0.2,4756,1547350,1531419,0.3,0.00,0.63,0.00,2.51,0.00,0.00,0.00,1.0,95830.0,95350.0,0.0,0.0,0.5,0.0,64.314,0.000,0.0,657066.0
2026-08-31T15:33:50,0.2,4756,1547350,1531420,0.3,0.00,0.62,0.00,2.50,0.00,0.00,0.00,1.0,95830.0,95350.0,0.0,0.0,0.5,0.0,64.312,0.000,0.0,656698.0
2026-08-31T15:33:52,0.2,4756,1547350,1531420,0.3,0.00,0.55,0.00,2.18,0.00,0.00,0.00,1.0,95830.0,95350.0,0.0,0.0,0.5,0.0,64.311,0.000,0.0,646950.5
2026-08-31T15:33:54,0.2,4756,1547350,1531420,0.3,0.00,0.55,0.00,2.21,0.00,0.00,0.00,1.0,95830.0,95350.0,0.0,0.0,0.5,0.0,64.346,0.000,0.0,669945.0
2026-08-31T15:33:55,0.2,4756,1547350,1531420,0.3,0.00,0.55,0.00,2.21,0.00,1.00,0.00,1.0,95830.0,95350.0,0.0,0.0,0.5,0.0,64.287,0.000,0.0,654489.5
2026-08-31T15:33:57,0.2,4756,1547350,1531419,0.3,0.00,0.54,0.00,2.16,0.00,0.00,0.00,1.0,95830.0,95350.0,0.0,0.0,0.5,0.0,64.337,0.000,0.0,646355.5
2026-08-31T15:33:59,0.2,4756,1547350,1531419,0.3,0.00,0.49,0.00,1.96,0.00,0.00,0.00,1.0,95830.0,95350.0,0.0,0.0,0.5,0.0,64.328,0.000,0.0,665637.0
2026-08-31T15:34:01,0.2,4759,1547350,1531408,0.3,0.00,0.50,0.00,2.00,0.00,0.00,0.00,1.0,95830.0,95350.0,0.0,0.0,0.5,0.0,64.305,0.000,0.0,646121.0
2026-08-31T15:34:03,0.2,4759,1547350,1531409,0.3,0.00,0.50,0.00,1.99,0.00,0.00,0.00,1.0,95830.0,95350.0,0.0,0.0,0.5,0.0,64.348,0.000,0.0,646230.5
2026-08-31T15:34:05,0.2,4759,1547350,1531409,0.3,0.00,0.50,0.00,2.02,0.00,0.00,0.05,1.0,95830.0,95350.0,0.0,0.0,0.5,0.0,64.316,0.000,0.0,642413.5
2026-08-31T15:34:07,0.2,4759,1547350,1531409,0.3,0.00,0.45,0.00,1.81,0.00,0.00,0.00,1.0,95830.0,95350.0,0.0,0.0,0.5,0.0,64.295,0.000,0.0,656496.0
2026-08-31T15:34:09,0.2,4758,1547350,1531410,0.3,0.00,0.54,0.00,2.15,0.00,0.00,0.00,1.0,95830.0,95350.0,0.0,0.0,0.5,0.0,64.296,0.000,0.0,631992.5
2026-08-31T15:34:11,0.2,4754,1547350,1531413,0.3,0.00,0.49,0.00,1.98,0.00,0.00,0.00,1.0,95830.0,95350.0,0.0,0.0,0.5,0.0,64.305,0.000,0.0,660228.0
2026-08-31T15:34:13,0.2,4754,1547350,1531413,0.3,0.00,1.48,0.00,10.37,0.00,0.00,0.00,1.0,95830.0,95350.0,0.0,0.0,0.5,0.0,64.285,0.000,0.0,649395.0
2026-08-31T15:34:15,0.2,4754,1547350,1531413,0.3,0.00,0.50,0.00,2.02,0.00,0.00,0.00,1.0,95830.0,95350.0,0.0,0.0,0.5,0.0,64.350,0.000,0.0,674093.5
2026-08-31T15:34:17,0.2,4753,1547350,1531414,0.3,0.00,0.53,0.00,2.13,0.00,0.00,0.00,1.0,95830.0,95350.0,0.0,0.0,0.5,0.0,64.353,0.000,0.0,653303.0
2026-08-31T15:34:19,0.2,4754,1547350,1531414,0.3,0.00,0.61,0.00,2.46,0.00,0.00,0.00,1.0,95830.0,95350.0,0.0,0.0,0.5,0.0,64.291,0.000,0.0,638774.0
2026-08-31T15:34:20,0.2,4754,1547350,1531414,0.3,0.00,0.66,0.00,2.66,0.00,0.00,0.00,1.0,95830.0,95350.0,0.0,0.0,0.5,0.0,64.330,0.000,0.0,671950.5
2026-08-31T15:34:22,0.2,4753,1547350,1531415,0.3,0.00,0.55,0.00,2.20,0.00,0.00,0.00,1.0,95830.0,95350.0,0.0,0.0,0.5,0.0,64.332,0.000,0.0,661778.5
2026-08-31T15:34:24,0.2,4753,1547350,1531414,0.3,0.00,1.29,0.00,5.16,0.00,0.00,0.00,1.0,95830.0,95350.0,0.0,0.0,0.5,0.0,64.326,0.000,0.0,663544.5
2026-08-31T15:34:25,0.2,4754,1547350,1531414,0.3,0.00,0.66,0.00,2.63,0.00,1.00,0.00,1.0,95830.0,95350.0,0.0,0.0,0.5,0.0,64.339,0.000,0.0,661263.0
2026-08-31T15:34:27,0.2,4753,1547350,1531415,0.3,0.00,0.60,0.00,2.39,0.00,0.00,0.00,1.0,95830.0,95350.0,0.0,0.0,0.5,0.0,64.308,0.000,0.0,647770.5
2026-08-31T15:34:29,0.2,4752,1547350,1531416,0.3,0.00,0.54,0.00,2.17,0.00,0.00,0.05,1.0,95830.0,95350.0,0.0,0.0,0.5,0.0,64.322,0.000,0.0,660733.5
2026-08-31T15:34:30,0.2,4751,1547350,1531416,0.3,0.00,0.66,0.00,2.64,0.00,0.00,0.00,1.0,95830.0,95350.0,0.0,0.0,0.5,0.0,64.352,0.000,0.0,660094.5
2026-08-31T15:34:32,0.2,4751,1547350,1531416,0.3,0.00,0.59,0.00,2.38,0.00,0.00,0.00,1.0,95830.0,95350.0,0.0,0.0,0.5,0.0,64.313,0.000,0.0,655935.0
2026-08-31T15:34:34,0.2,4752,1547350,1531416,0.3,0.00,3.86,0.00,18.03,0.00,0.00,0.00,1.0,95830.0,95350.0,0.0,0.0,0.5,0.0,64.315,0.000,0.0,665638.0
2026-08-31T15:34:35,0.2,4752,1547350,1531416,0.3,0.00,0.60,0.00,2.42,0.00,0.00,0.06,1.0,95830.0,95350.0,0.0,0.0,0.5,0.0,64.338,0.000,0.0,661086.5
2026-08-31T15:34:37,0.2,4752,1547350,1531416,0.3,0.00,0.61,0.00,2.44,0.00,0.00,0.00,1.0,95830.0,95350.0,0.0,0.0,0.5,0.0,64.320,0.000,0.0,655139.5
2026-08-31T15:34:39,0.2,4752,1547350,1531416,0.3,0.00,0.57,0.00,2.26,0.00,1.00,0.00,1.0,95830.0,95350.0,0.0,0.0,0.5,0.0,64.324,0.000,0.0,657867.0
2026-08-31T15:34:40,0.2,4751,1547350,1531416,0.3,0.00,0.63,0.00,2.51,0.00,0.00,0.00,1.0,95830.0,95350.0,0.0,0.0,0.5,0.0,64.352,0.000,0.0,662121.5
2026-08-31T15:34:42,0.2,4751,1547350,1531416,0.3,0.00,0.60,0.00,2.39,0.00,0.00,0.00,1.0,95830.0,95350.0,0.0,0.0,0.5,0.0,64.316,0.000,0.0,650896.0
2026-08-31T15:34:44,0.2,4752,1547350,1531416,0.3,0.00,3.94,0.00,31.83,0.00,0.00,0.06,1.0,95830.0,95350.0,0.0,0.0,0.5,0.0,64.338,0.000,0.0,657683.5
2026-08-31T15:34:45,0.2,4752,1547350,1531416,0.3,0.00,1.85,0.00,9.85,0.00,0.00,0.00,1.0,95830.0,95350.0,0.0,0.0,0.5,0.0,64.326,0.000,0.0,682118.5
2026-08-31T15:34:47,0.2,4752,1547350,1531416,0.3,0.00,0.61,0.00,2.45,0.00,0.00,0.00,1.0,95830.0,95350.0,0.0,0.0,0.5,0.0,64.336,0.000,0.0,683448.0
2026-08-31T15:34:49,0.2,4751,1547350,1531416,0.3,0.00,0.55,0.00,2.20,0.00,0.00,0.00,1.0,95830.0,95350.0,0.0,0.0,0.5,0.0,64.332,0.000,0.0,634610.0
2026-08-31T15:34:50,0.2,4752,1547350,1531416,0.3,0.00,0.56,0.00,2.24,0.00,0.00,0.00,1.0,95830.0,95350.0,0.0,0.0,0.5,0.0,64.314,0.000,0.0,661116.0
2026-08-31T15:34:52,0.2,4751,1547350,1531416,0.3,0.00,0.50,0.00,1.99,0.00,0.00,0.00,1.0,95830.0,95350.0,0.0,0.0,0.5,0.0,64.342,0.000,0.0,651006.5
2026-08-31T15:34:55,0.2,4752,1547350,1531416,0.3,0.00,0.49,0.00,1.95,0.00,0.00,0.05,1.0,95830.0,95350.0,0.0,0.0,0.5,0.0,64.334,0.000,0.0,645478.0
2026-08-31T15:34:57,0.2,4752,1547350,1531415,0.3,0.00,0.49,0.00,1.98,0.00,0.00,0.00,1.0,95830.0,95350.0,0.0,0.0,0.5,0.0,64.346,0.000,0.0,644099.5
2026-08-31T15:34:59,0.2,4752,1547350,1531416,0.3,0.00,0.47,0.00,1.87,0.00,0.00,0.00,1.0,95830.0,95350.0,0.0,0.0,0.5,0.0,64.327,0.000,0.0,648447.5
2026-08-31T15:35:01,0.2,4754,1547350,1531414,0.3,0.00,0.53,0.00,2.11,0.00,0.00,0.00,1.0,95830.0,95350.0,0.0,0.0,0.5,0.0,64.343,0.000,0.0,655547.5
2026-08-31T15:35:03,0.2,4754,1547350,1531414,0.3,0.00,0.51,0.00,2.03,0.00,1.00,0.00,1.0,95830.0,95350.0,0.0,0.0,0.5,0.0,64.301,0.000,0.0,641360.5
2026-08-31T15:35:05,0.2,4754,1547350,1531414,0.3,0.00,0.41,0.00,1.65,0.00,0.00,0.00,1.0,95830.0,95350.0,0.0,0.0,0.5,0.0,64.324,0.000,0.0,663317.5
2026-08-31T15:35:07,0.2,4753,1547350,1531414,0.3,0.00,0.50,0.00,1.99,0.00,0.00,0.00,1.0,95830.0,95350.0,0.0,0.0,0.5,0.0,64.367,0.000,0.0,659784.5
2026-08-31T15:35:09,0.2,4753,1547350,1531414,0.3,0.00,0.49,0.00,1.98,0.00,0.00,0.00,1.0,95830.0,95350.0,0.0,0.0,0.5,0.0,64.339,0.000,0.0,645715.5
2026-08-31T15:35:11,0.2,4752,1547350,1531416,0.3,0.00,0.50,0.00,1.99,0.00,0.00,0.00,1.0,95830.0,95350.0,0.0,0.0,0.5,0.0,64.335,0.000,0.0,648814.0
2026-08-31T15:35:13,0.2,4753,1547350,1531415,0.3,0.00,1.49,0.00,10.46,0.00,0.00,0.00,1.0,95830.0,95350.0,0.0,0.0,0.5,0.0,64.382,0.000,0.0,641633.0
2026-08-31T15:35:15,0.2,4752,1547350,1531416,0.3,0.00,0.89,0.00,3.56,0.00,0.00,0.00,1.0,95830.0,95350.0,0.0,0.0,0.5,0.0,64.320,0.000,0.0,636197.0
2026-08-31T15:35:17,0.2,4752,1547350,1531415,0.3,0.00,0.51,0.00,2.05,0.00,0.00,0.00,1.0,95830.0,95350.0,0.0,0.0,0.5,0.0,64.329,0.000,0.0,664334.5
2026-08-31T15:35:19,0.2,4752,1547350,1531416,0.3,0.00,0.56,0.00,2.22,0.00,0.00,0.00,1.0,95830.0,95350.0,0.0,0.0,0.5,0.0,64.336,0.000,0.0,670095.5
2026-08-31T15:35:21,0.2,4751,1547350,1531416,0.3,0.00,0.66,0.00,2.63,0.00,0.00,0.00,1.0,95830.0,95350.0,0.0,0.0,0.5,0.0,64.310,0.000,0.0,661254.0
2026-08-31T15:35:22,0.2,4751,1547350,1531417,0.3,0.00,0.61,0.00,2.44,0.00,0.00,0.00,1.0,95830.0,95350.0,0.0,0.0,0.5,0.0,64.375,0.000,0.0,655239.0
2026-08-31T15:35:24,0.2,4751,1547350,1531416,0.3,0.00,0.63,0.00,2.53,0.00,0.00,0.00,1.0,95830.0,95350.0,0.0,0.0,0.5,0.0,64.366,0.000,0.0,664907.0
2026-08-31T15:35:25,0.2,4751,1547350,1531417,0.3,0.00,1.23,0.00,4.92,0.00,0.00,0.00,1.0,95830.0,95350.0,0.0,0.0,0.5,0.0,64.362,0.000,0.0,662306.5
2026-08-31T15:35:27,0.2,4751,1547350,1531416,0.3,0.00,0.60,0.00,2.41,0.00,0.00,0.00,1.0,95830.0,95350.0,0.0,0.0,0.5,0.0,64.351,0.000,0.0,682532.5
2026-08-31T15:35:29,0.2,4751,1547350,1531417,0.3,0.00,0.56,0.00,2.22,0.00,0.00,0.00,1.0,95830.0,95350.0,0.0,0.0,0.5,0.0,64.316,0.000,0.0,656038.0
2026-08-31T15:35:30,0.2,4751,1547350,1531416,0.3,0.00,0.63,0.00,2.52,0.00,1.00,0.00,1.0,95830.0,95350.0,0.0,0.0,0.5,0.0,64.342,0.000,0.0,659883.0
2026-08-31T15:35:32,0.2,4751,1547350,1531416,0.3,0.00,0.58,0.00,2.33,0.00,0.00,0.00,1.0,95830.0,95350.0,0.0,0.0,0.5,0.0,64.333,0.000,0.0,669534.0
2026-08-31T15:35:34,0.2,4751,1547350,1531416,0.3,0.00,0.59,0.00,2.34,0.00,0.00,0.00,1.0,95830.0,95350.0,0.0,0.0,0.5,0.0,64.351,0.000,0.0,650324.5
2026-08-31T15:35:35,0.2,4750,1547350,1531417,0.3,0.00,3.73,0.00,14.93,0.00,0.00,0.00,1.0,95830.0,95350.0,0.0,0.0,0.5,0.0,64.364,0.000,0.0,659423.0
2026-08-31T15:35:37,0.2,4751,1547350,1531417,0.3,0.00,0.61,0.00,2.45,0.00,0.00,0.00,1.0,95830.0,95350.0,0.0,0.0,0.5,0.0,64.310,0.000,0.0,657836.0
2026-08-31T15:35:39,0.2,4750,1547350,1531417,0.3,0.00,0.64,0.00,2.54,0.00,0.00,0.00,1.0,95830.0,95350.0,0.0,0.0,0.5,0.0,64.343,0.000,0.0,650370.0
2026-08-31T15:35:41,0.2,4750,1547350,1531417,0.3,0.00,0.54,0.00,2.16,0.00,0.00,0.00,1.0,95830.0,95350.0,0.0,0.0,0.5,0.0,64.341,0.000,0.0,676342.5
2026-08-31T15:35:42,0.2,4751,1547350,1531417,0.3,0.00,0.62,0.00,2.48,0.00,0.00,0.00,1.0,95830.0,95350.0,0.0,0.0,0.5,0.0,64.346,0.000,0.0,658502.5
2026-08-31T15:35:44,0.2,4750,1547350,1531417,0.3,0.00,5.02,0.00,36.07,0.00,0.12,0.00,1.0,95830.0,95350.0,0.0,0.0,0.5,0.0,64.321,0.000,0.0,663577.0
2026-08-31T15:35:46,0.2,4750,1547350,1531417,0.3,0.00,1.65,0.00,8.80,0.00,0.00,0.00,1.0,95830.0,95350.0,0.0,0.0,0.5,0.0,64.349,0.000,0.0,657698.0
2026-08-31T15:35:47,0.2,4749,1547350,1531418,0.3,0.00,0.62,0.00,2.47,0.00,0.00,0.00,1.0,95830.0,95350.0,0.0,0.0,0.5,0.0,64.349,0.000,0.0,657331.0
2026-08-31T15:35:49,0.2,4750,1547350,1531418,0.3,0.00,0.62,0.00,2.49,0.00,0.00,0.00,1.0,95830.0,95350.0,0.0,0.0,0.5,0.0,64.328,0.000,0.0,658885.5
2026-08-31T15:35:50,0.2,4750,1547350,1531418,0.3,0.00,0.60,0.00,2.41,0.00,0.00,0.00,1.0,95830.0,95350.0,0.0,0.0,0.5,0.0,64.333,0.000,0.0,649716.5
2026-08-31T15:35:52,0.2,4749,1547350,1531418,0.3,0.00,0.56,0.00,2.23,0.00,0.00,0.00,1.0,95830.0,95350.0,0.0,0.0,0.5,0.0,64.343,0.000,0.0,705982.5
2026-08-31T15:35:54,0.2,4749,1547350,1531418,0.3,0.00,0.62,0.00,2.46,0.00,0.00,0.00,1.0,95830.0,95350.0,0.0,0.0,0.5,0.0,64.311,0.000,0.0,646875.0
2026-08-31T15:35:56,0.2,4749,1547350,1531418,0.3,0.00,0.49,0.00,1.97,0.00,0.00,0.00,1.0,95830.0,95350.0,0.0,0.0,0.5,0.0,64.328,0.000,0.0,651152.0
2026-08-31T15:35:58,0.2,4750,1547350,1531418,0.3,0.00,0.56,0.00,2.23,0.00,0.00,0.00,1.0,95830.0,95350.0,0.0,0.0,0.5,0.0,64.315,0.000,0.0,644732.5
2026-08-31T15:36:00,0.2,4751,1547350,1531417,0.3,0.00,0.45,0.00,1.82,0.00,0.00,0.00,1.0,95830.0,95350.0,0.0,0.0,0.5,0.0,64.341,0.000,0.0,653983.5
2026-08-31T15:36:02,0.2,4756,1547350,1531412,0.3,0.00,0.49,0.00,1.96,0.00,0.00,0.00,1.0,95830.0,95350.0,0.0,0.0,0.5,0.0,64.324,0.000,0.0,653274.5
2026-08-31T15:36:04,0.2,4755,1547350,1531412,0.3,0.00,0.49,0.00,1.97,0.00,0.00,0.00,1.0,95830.0,95350.0,0.0,0.0,0.5,0.0,64.310,0.000,0.0,647883.5
2026-08-31T15:36:06,0.2,4755,1547350,1531412,0.3,0.00,0.50,0.00,1.99,0.00,0.00,0.00,1.0,95830.0,95350.0,0.0,0.0,0.5,0.0,64.340,0.000,0.0,670967.0
2026-08-31T15:36:08,0.2,4755,1547350,1531413,0.3,0.00,0.51,0.00,2.03,0.00,0.00,0.05,1.0,95830.0,95350.0,0.0,0.0,0.5,0.0,64.291,0.000,0.0,650895.0
2026-08-31T15:36:10,0.2,4755,1547350,1531413,0.3,0.00,0.41,0.00,1.65,0.00,1.00,0.00,1.0,95830.0,95350.0,0.0,0.0,0.5,0.0,64.300,0.000,0.0,645844.5
2026-08-31T15:36:12,0.2,4751,1547350,1531416,0.3,0.00,0.49,0.00,1.97,0.00,0.00,0.00,1.0,95830.0,95350.0,0.0,0.0,0.5,0.0,64.322,0.000,0.0,646495.0
2026-08-31T15:36:15,0.2,4751,1547350,1531417,0.3,0.00,0.92,0.00,7.82,0.00,0.00,0.00,1.0,95830.0,95350.0,0.0,0.0,0.5,0.0,64.286,0.000,0.0,640895.5
2026-08-31T15:36:17,0.2,4751,1547350,1531416,0.3,0.00,0.48,0.00,1.94,0.00,0.00,0.00,1.0,95830.0,95350.0,0.0,0.0,0.5,0.0,64.360,0.000,0.0,656975.0
2026-08-31T15:36:19,0.2,4752,1547350,1531415,0.3,0.00,1.01,0.00,4.05,0.00,0.00,0.00,1.0,95830.0,95350.0,0.0,0.0,0.5,0.0,64.297,0.000,0.0,666118.5
2026-08-31T15:36:20,0.2,4752,1547350,1531416,0.3,0.00,0.67,0.00,2.68,0.00,0.00,0.00,1.0,95830.0,95350.0,0.0,0.0,0.5,0.0,64.331,0.000,0.0,655884.0
2026-08-31T15:36:22,0.2,4752,1547350,1531416,0.3,0.00,0.62,0.00,2.49,0.00,0.00,0.00,1.0,95830.0,95350.0,0.0,0.0,0.5,0.0,64.299,0.000,0.0,669059.0
2026-08-31T15:36:23,0.2,4751,1547350,1531416,0.3,0.00,0.59,0.00,2.36,0.00,0.00,0.00,1.0,95830.0,95350.0,0.0,0.0,0.5,0.0,64.335,0.000,0.0,654752.5
2026-08-31T15:36:25,0.2,4751,1547350,1531417,0.3,0.00,0.73,0.00,2.91,0.00,0.00,0.00,1.0,95830.0,95350.0,0.0,0.0,0.5,0.0,64.314,0.000,0.0,654752.5
2026-08-31T15:36:25,0.3,4750,1547350,1531417,0.3,0.00,2.15,0.00,8.58,0.00,0.00,0.00,1.0,95830.0,95350.0,0.0,0.0,0.5,0.0,64.326,0.000,0.0,699875.5
2026-08-31T15:36:27,0.2,4751,1547350,1531417,0.3,0.00,0.66,0.00,2.64,0.00,0.00,0.00,1.0,95830.0,95350.0,0.0,0.0,0.5,0.0,64.321,0.000,0.0,664900.0
2026-08-31T15:36:28,0.2,4751,1547350,1531417,0.3,0.00,1.19,0.00,7.13,0.00,0.00,0.00,1.0,95830.0,95350.0,0.0,0.0,0.5,0.0,64.318,0.000,0.0,675959.0
2026-08-31T15:36:29,0.2,4751,1547350,1531416,0.3,0.00,1.00,0.00,4.00,0.00,0.00,0.10,1.0,95830.0,95350.0,0.0,0.0,0.5,0.0,64.326,0.000,0.0,675959.0
2026-08-31T15:36:30,0.2,4752,1547350,1531416,0.3,0.00,0.99,0.00,3.96,0.00,0.00,0.00,1.0,95830.0,95350.0,0.0,0.0,0.5,0.0,64.302,0.000,0.0,677048.5
2026-08-31T15:36:32,0.2,4751,1547350,1531416,0.3,0.00,0.65,0.00,2.58,0.00,0.00,0.00,1.0,95830.0,95350.0,0.0,0.0,0.5,0.0,64.307,0.000,0.0,677048.5
2026-08-31T15:36:33,0.2,4752,1547350,1531416,0.3,0.00,9.13,0.00,42.62,0.00,0.17,0.00,1.0,95830.0,95350.0,0.0,0.0,0.5,0.0,64.301,0.000,0.0,683042.0
2026-08-31T15:36:34,0.2,4752,1547350,1531416,0.3,0.00,0.73,0.00,2.91,0.00,0.00,0.00,1.0,95830.0,95350.0,0.0,0.0,0.5,0.0,64.299,0.000,0.0,664218.5
2026-08-31T15:36:36,0.2,4752,1547350,1531416,0.3,0.00,0.54,0.00,2.14,0.00,0.00,0.05,1.0,95830.0,95350.0,0.0,0.0,0.5,0.0,64.332,0.000,0.0,664218.5
2026-08-31T15:36:37,0.2,4752,1547350,1531415,0.3,0.00,1.31,0.00,5.24,0.00,0.00,0.00,1.0,95830.0,95350.0,0.0,0.0,0.5,0.0,64.326,0.000,0.0,700062.5
2026-08-31T15:36:38,0.2,4753,1547350,1531415,0.3,0.00,0.71,0.00,2.84,0.00,0.00,0.00,1.0,95830.0,95350.0,0.0,0.0,0.5,0.0,64.316,0.000,0.0,707938.0
2026-08-31T15:36:40,0.2,4756,1547350,1531412,0.3,0.00,0.61,0.00,2.45,0.00,0.00,0.00,1.0,95830.0,95350.0,0.0,0.0,0.5,0.0,64.334,0.000,0.0,654384.5
2026-08-31T15:36:41,0.2,4757,1547350,1531411,0.3,0.00,0.72,0.00,2.88,0.00,0.00,0.00,1.0,95830.0,95350.0,0.0,0.0,0.5,0.0,64.276,0.000,0.0,669611.0
2026-08-31T15:36:43,0.2,4757,1547350,1531411,0.3,0.00,1.23,0.00,4.93,0.00,0.00,0.00,1.0,95830.0,95350.0,0.0,0.0,0.5,0.0,64.323,0.000,0.0,652725.5
2026-08-31T15:36:44,0.2,4757,1547350,1531410,0.3,0.00,4.51,0.00,36.75,0.00,0.14,0.00,1.0,95830.0,95350.0,0.0,0.0,0.5,0.0,64.318,0.000,0.0,638908.0
2026-08-31T15:36:46,0.2,4757,1547350,1531411,0.3,0.00,0.60,0.00,2.39,0.00,0.00,0.00,1.0,95830.0,95350.0,0.0,0.0,0.5,0.0,64.323,0.000,0.0,680959.5
2026-08-31T15:36:48,0.2,4757,1547350,1531410,0.3,0.00,0.62,0.00,2.46,0.00,0.00,0.00,1.0,95830.0,95350.0,0.0,0.0,0.5,0.0,64.309,0.000,0.0,654528.0
2026-08-31T15:36:49,0.2,4758,1547350,1531410,0.3,0.00,1.24,0.00,7.43,0.00,0.00,0.00,1.0,95830.0,95350.0,0.0,0.0,0.5,0.0,64.316,0.000,0.0,648303.5
2026-08-31T15:36:51,0.2,4758,1547350,1531409,0.3,0.00,0.59,0.00,2.35,0.00,0.00,0.00,1.0,95830.0,95350.0,0.0,0.0,0.5,0.0,64.302,0.000,0.0,687551.5
2026-08-31T15:36:52,0.2,4759,1547350,1531409,0.3,0.00,0.91,0.00,3.65,0.00,0.00,0.00,1.0,95830.0,95350.0,0.0,0.0,0.5,0.0,64.293,0.000,0.0,650886.0
2026-08-31T15:36:54,0.2,4760,1547350,1531408,0.3,0.00,0.49,0.00,1.95,0.00,0.00,0.00,1.0,95830.0,95350.0,0.0,0.0,0.5,0.0,64.305,0.000,0.0,642657.0
2026-08-31T15:36:56,0.2,4760,1547350,1531408,0.3,0.00,0.46,0.00,1.85,0.00,0.00,0.00,1.0,95830.0,95350.0,0.0,0.0,0.5,0.0,64.316,0.000,0.0,658389.5
2026-08-31T15:36:58,0.2,4760,1547350,1531408,0.3,0.00,0.54,0.00,2.17,0.00,0.00,0.00,1.0,95830.0,95350.0,0.0,0.0,0.5,0.0,64.315,0.000,0.0,653747.0
2026-08-31T15:37:00,0.2,4760,1547350,1531408,0.3,0.00,0.55,0.00,2.21,0.00,0.00,0.00,1.0,95830.0,95350.0,0.0,0.0,0.5,0.0,64.308,0.000,0.0,653747.0
2026-08-31T15:37:01,0.2,4762,1547350,1531405,0.3,0.00,1.22,0.00,4.87,0.00,0.00,0.12,1.0,95830.0,95350.0,0.0,0.0,0.5,0.0,64.329,0.000,0.0,719676.5
2026-08-31T15:37:02,0.3,4767,1547350,1531400,0.3,0.00,1.02,0.00,4.09,0.00,0.00,0.00,1.0,95830.0,95350.0,0.0,0.0,0.5,0.0,64.282,0.000,0.0,647262.0
2026-08-31T15:37:03,0.2,4769,1547350,1531399,0.3,0.00,0.59,0.00,2.37,0.00,0.00,0.00,1.0,95830.0,95350.0,0.0,0.0,0.5,0.0,64.317,0.000,0.0,647262.0
2026-08-31T15:37:04,0.2,4769,1547350,1531398,0.3,0.00,1.73,0.00,6.93,0.00,0.00,0.00,1.0,95830.0,95350.0,0.0,0.0,0.5,0.0,64.300,0.000,0.0,699809.0
2026-08-31T15:37:06,0.2,4769,1547350,1531398,0.3,0.00,0.47,0.00,1.88,0.00,0.00,0.00,1.0,95830.0,95350.0,0.0,0.0,0.5,0.0,64.296,0.000,0.0,665894.5
2026-08-31T15:37:07,0.2,4769,1547350,1531399,0.3,0.00,1.09,0.00,4.35,0.00,0.00,0.00,1.0,95830.0,95350.0,0.0,0.0,0.5,0.0,64.328,0.000,0.0,655158.0
2026-08-31T15:37:09,0.2,4771,1547350,1531396,0.3,0.00,0.51,0.00,2.04,0.00,0.00,0.00,1.0,95830.0,95350.0,0.0,0.0,0.5,0.0,64.294,0.000,0.0,645850.0
2026-08-31T15:37:11,0.2,4768,1547350,1531399,0.3,0.00,0.50,0.00,1.99,0.00,0.00,0.05,1.0,95830.0,95350.0,0.0,0.0,0.5,0.0,64.284,0.000,0.0,668864.0
2026-08-31T15:37:12,0.2,4769,1547350,1531399,0.3,0.00,0.81,0.00,3.25,0.00,0.00,0.00,1.0,95830.0,95350.0,0.0,0.0,0.5,0.0,64.292,0.000,0.0,647531.0
2026-08-31T15:37:14,0.2,4769,1547350,1531399,0.3,0.00,2.00,0.00,12.75,0.00,0.25,0.00,1.0,95830.0,95350.0,0.0,0.0,0.5,0.0,64.306,0.000,0.0,659975.0
2026-08-31T15:37:16,0.2,4770,1547350,1531397,0.3,0.00,0.63,0.00,2.53,0.00,0.00,0.00,1.0,95830.0,95350.0,0.0,0.0,0.5,0.0,64.300,0.000,0.0,649123.0
2026-08-31T15:37:18,0.2,4771,1547350,1531396,0.3,0.00,0.50,0.00,1.99,0.00,0.00,0.00,1.0,95830.0,95350.0,0.0,0.0,0.5,0.0,64.287,0.000,0.0,644791.0
2026-08-31T15:37:19,0.2,4772,1547350,1531395,0.3,0.00,1.19,0.00,4.76,0.00,0.00,0.00,1.0,95830.0,95350.0,0.0,0.0,0.5,0.0,64.293,0.000,0.0,698927.0
2026-08-31T15:37:21,0.2,4773,1547350,1531394,0.3,0.00,0.61,0.00,2.45,0.00,0.00,0.06,1.0,95830.0,95350.0,0.0,0.0,0.5,0.0,64.298,0.000,0.0,662130.0
2026-08-31T15:37:23,0.2,4774,1547350,1531394,0.3,0.00,0.60,0.00,2.39,0.00,0.00,0.00,1.0,95830.0,95350.0,0.0,0.0,0.5,0.0,64.300,0.000,0.0,653730.5
2026-08-31T15:37:24,0.2,4775,1547350,1531393,0.3,0.00,0.64,0.00,2.54,0.00,0.00,0.00,1.0,95830.0,95350.0,0.0,0.0,0.5,0.0,64.286,0.000,0.0,669902.5
2026-08-31T15:37:26,0.2,4776,1547350,1531392,0.3,0.00,0.61,0.00,2.45,0.00,0.00,0.00,1.0,95830.0,95350.0,0.0,0.0,0.5,0.0,64.281,0.000,0.0,661187.0
2026-08-31T15:37:27,0.2,4775,1547350,1531392,0.3,0.00,0.65,0.00,2.59,0.00,0.00,0.00,1.0,95830.0,95350.0,0.0,0.0,0.5,0.0,64.257,0.000,0.0,664286.5
2026-08-31T15:37:29,0.2,4776,1547350,1531392,0.3,0.00,1.21,0.00,4.85,0.00,0.00,0.06,1.0,95830.0,95350.0,0.0,0.0,0.5,0.0,64.263,0.000,0.0,659201.0
2026-08-31T15:37:31,0.2,4775,1547350,1531393,0.3,0.00,0.61,0.00,2.45,0.00,0.00,0.00,1.0,95830.0,95350.0,0.0,0.0,0.5,0.0,64.291,0.000,0.0,653340.5
2026-08-31T15:37:32,0.2,4777,1547350,1531391,0.3,0.00,0.59,0.00,2.35,0.00,0.00,0.00,1.0,95830.0,95350.0,0.0,0.0,0.5,0.0,64.281,0.000,0.0,649393.0
2026-08-31T15:37:34,0.3,4780,1547350,1531388,0.3,0.00,3.54,0.00,16.50,0.00,0.17,0.00,1.0,95830.0,95350.0,0.0,0.0,0.5,0.0,64.278,0.000,0.0,706696.0
2026-08-31T15:37:36,0.2,4778,1547350,1531390,0.3,0.00,0.61,0.00,2.44,0.00,0.00,0.00,1.0,95830.0,95350.0,0.0,0.0,0.5,0.0,64.257,0.000,0.0,706696.0
2026-08-31T15:37:36,0.2,4777,1547350,1531391,0.3,0.00,1.69,0.00,6.77,0.00,0.00,0.00,1.0,95830.0,95350.0,0.0,0.0,0.5,0.0,64.298,0.000,0.0,736348.0
2026-08-31T15:37:37,0.3,4778,1547350,1531389,0.3,0.00,1.54,0.00,6.16,0.00,0.00,0.00,1.0,95830.0,95350.0,0.0,0.0,0.5,0.0,64.260,0.000,0.0,665914.0
2026-08-31T15:37:39,0.2,4778,1547350,1531389,0.3,0.00,0.64,0.00,2.55,0.00,0.00,0.00,1.0,95830.0,95350.0,0.0,0.0,0.5,0.0,64.253,0.000,0.0,657441.5
2026-08-31T15:37:40,0.2,4779,1547350,1531389,0.3,0.00,0.63,0.00,2.54,0.00,0.00,0.00,1.0,95830.0,95350.0,0.0,0.0,0.5,0.0,64.266,0.000,0.0,659728.5
2026-08-31T15:37:42,0.2,4779,1547350,1531389,0.3,0.00,0.58,0.00,2.32,0.00,0.00,0.00,1.0,95830.0,95350.0,0.0,0.0,0.5,0.0,64.284,0.000,0.0,653804.0
2026-08-31T15:37:43,0.2,4779,1547350,1531389,0.3,0.00,0.64,0.00,2.55,0.00,0.00,0.00,1.0,95830.0,95350.0,0.0,0.0,0.5,0.0,64.277,0.000,0.0,653804.0
2026-08-31T15:37:44,0.3,4779,1547350,1531389,0.3,0.00,14.17,0.00,107.87,0.00,0.00,0.00,1.0,95830.0,95350.0,0.0,0.0,0.5,0.0,64.259,0.000,0.0,683402.5
2026-08-31T15:37:46,0.2,4780,1547350,1531388,0.3,0.00,0.65,0.00,2.58,0.00,1.00,0.00,1.0,95830.0,95350.0,0.0,0.0,0.5,0.0,64.272,0.000,0.0,676179.5
2026-08-31T15:37:47,0.2,4784,1547350,1531384,0.3,0.00,0.94,0.00,3.77,0.00,0.00,0.00,1.0,95830.0,95350.0,0.0,0.0,0.5,0.0,64.297,0.000,0.0,676179.5
2026-08-31T15:37:48,0.2,4784,1547350,1531384,0.3,0.00,1.23,0.00,4.91,0.00,0.00,0.00,1.0,95830.0,95350.0,0.0,0.0,0.5,0.0,64.275,0.000,0.0,724027.0
2026-08-31T15:37:49,0.2,4785,1547350,1531383,0.3,0.00,0.55,0.00,2.20,0.00,0.00,0.06,1.0,95830.0,95350.0,0.0,0.0,0.5,0.0,64.251,0.000,0.0,640188.5
2026-08-31T15:37:52,0.3,4786,1547350,1531382,0.3,0.00,0.43,0.00,1.72,0.00,0.00,0.00,1.0,95830.0,95350.0,0.0,0.0,0.5,0.0,64.266,0.000,0.0,653331.0
2026-08-31T15:37:54,0.2,4787,1547350,1531381,0.3,0.00,0.53,0.00,2.12,0.00,0.00,0.00,1.0,95830.0,95350.0,0.0,0.0,0.5,0.0,64.284,0.000,0.0,656134.5
2026-08-31T15:37:55,0.2,4787,1547350,1531380,0.3,0.00,1.10,0.00,6.60,0.00,0.00,0.00,1.0,95830.0,95350.0,0.0,0.0,0.5,0.0,64.281,0.000,0.0,647794.5
2026-08-31T15:37:57,0.2,4788,1547350,1531380,0.3,0.00,0.50,0.00,1.98,0.00,0.00,0.00,1.0,95830.0,95350.0,0.0,0.0,0.5,0.0,64.278,0.000,0.0,648564.5
2026-08-31T15:37:59,0.2,4788,1547350,1531379,0.3,0.00,0.50,0.00,1.99,0.00,0.00,0.00,1.0,95830.0,95350.0,0.0,0.0,0.5,0.0,64.293,0.000,0.0,645821.0
2026-08-31T15:38:01,0.2,4797,1547350,1531371,0.3,0.00,0.50,0.00,2.00,0.00,0.00,0.00,1.0,95830.0,95350.0,0.0,0.0,0.5,0.0,64.272,0.000,0.0,644066.0
2026-08-31T15:38:03,0.2,4797,1547350,1531371,0.3,0.00,0.50,0.00,1.99,0.00,0.00,0.00,1.0,95830.0,95350.0,0.0,0.0,0.5,0.0,64.264,0.000,0.0,651616.0
2026-08-31T15:38:05,0.2,4797,1547350,1531371,0.3,0.00,0.55,0.00,2.19,0.00,0.00,0.00,1.0,95830.0,95350.0,0.0,0.0,0.5,0.0,64.273,0.000,0.0,664427.0
2026-08-31T15:38:07,0.2,4797,1547350,1531371,0.3,0.00,0.69,0.00,2.76,0.00,0.00,0.00,1.0,95830.0,95350.0,0.0,0.0,0.5,0.0,64.257,0.000,0.0,669256.0
2026-08-31T15:38:08,0.2,4797,1547350,1531371,0.3,0.00,0.73,0.00,2.93,0.00,0.00,0.00,1.0,95830.0,95350.0,0.0,0.0,0.5,0.0,64.272,0.000,0.0,651314.5
2026-08-31T15:38:10,0.2,4798,1547350,1531370,0.3,0.00,0.50,0.00,2.00,0.00,0.00,0.00,1.0,95830.0,95350.0,0.0,0.0,0.5,0.0,64.265,0.000,0.0,676830.5
2026-08-31T15:38:11,0.3,4795,1547350,1531373,0.3,0.00,0.99,0.00,3.97,0.00,0.00,0.00,1.0,95830.0,95350.0,0.0,0.0,0.5,0.0,64.266,0.000,0.0,646656.0
2026-08-31T15:38:13,0.2,4795,1547350,1531372,0.3,0.00,0.49,0.00,1.98,0.00,0.00,0.00,1.0,95830.0,95350.0,0.0,0.0,0.5,0.0,64.251,0.000,0.0,649474.5
2026-08-31T15:38:15,0.2,4796,1547350,1531372,0.3,0.00,2.44,0.00,13.72,0.00,0.25,0.00,1.0,95830.0,95350.0,0.0,0.0,0.5,0.0,64.291,0.000,0.0,660419.5
2026-08-31T15:38:16,0.2,4796,1547350,1531372,0.3,0.00,0.63,0.00,2.50,0.00,0.00,0.00,1.0,95830.0,95350.0,0.0,0.0,0.5,0.0,64.268,0.000,0.0,653612.5
2026-08-31T15:38:19,0.2,4796,1547350,1531372,0.3,0.00,0.43,0.00,1.70,0.00,0.00,0.00,1.0,95830.0,95350.0,0.0,0.0,0.5,0.0,64.285,0.000,0.0,640159.5
2026-08-31T15:38:21,0.2,4795,1547350,1531372,0.3,0.00,0.48,0.00,1.90,0.00,0.00,0.00,1.0,95830.0,95350.0,0.0,0.0,0.5,0.0,64.268,0.000,0.0,678661.5
2026-08-31T15:38:22,0.3,4795,1547350,1531373,0.3,0.00,1.12,0.00,4.49,0.00,0.00,0.00,1.0,95830.0,95350.0,0.0,0.0,0.5,0.0,64.275,0.000,0.0,664973.5
2026-08-31T15:38:23,0.2,4796,1547350,1531371,0.3,0.00,0.63,0.00,2.52,0.00,0.00,0.00,1.0,95830.0,95350.0,0.0,0.0,0.5,0.0,64.271,0.000,0.0,640217.0
2026-08-31T15:38:25,0.2,4797,1547350,1531371,0.3,0.00,0.65,0.00,2.62,0.00,0.00,0.00,1.0,95830.0,95350.0,0.0,0.0,0.5,0.0,64.280,0.000,0.0,721694.0
2026-08-31T15:38:26,0.2,4797,1547350,1531371,0.3,0.00,1.88,0.00,7.52,0.00,0.00,0.00,1.0,95830.0,95350.0,0.0,0.0,0.5,0.0,64.272,0.000,0.0,671241.5
2026-08-31T15:38:27,0.2,4797,1547350,1531371,0.3,0.00,0.78,0.00,3.13,0.00,0.00,0.00,1.0,95830.0,95350.0,0.0,0.0,0.5,0.0,64.277,0.000,0.0,700783.0
2026-08-31T15:38:29,0.2,4796,1547350,1531372,0.3,0.00,0.66,0.00,2.62,0.00,0.00,0.00,1.0,95830.0,95350.0,0.0,0.0,0.5,0.0,64.273,0.000,0.0,661443.5
2026-08-31T15:38:30,0.2,4797,1547350,1531371,0.3,0.00,0.60,0.00,2.41,0.00,0.00,0.00,1.0,95830.0,95350.0,0.0,0.0,0.5,0.0,64.252,0.000,0.0,655602.5
2026-08-31T15:38:32,0.2,4797,1547350,1531371,0.3,0.00,4.52,0.00,18.08,0.00,0.14,0.00,1.0,95830.0,95350.0,0.0,0.0,0.5,0.0,64.281,0.000,0.0,633594.5
2026-08-31T15:38:34,0.2,4797,1547350,1531370,0.3,0.00,0.53,0.00,2.10,0.00,0.00,0.00,1.0,95830.0,95350.0,0.0,0.0,0.5,0.0,64.237,0.000,0.0,705772.0
2026-08-31T15:38:35,0.2,4797,1547350,1531370,0.3,0.00,0.85,0.00,3.42,0.00,0.00,0.00,1.0,95830.0,95350.0,0.0,0.0,0.5,0.0,64.279,0.000,0.0,655930.5
2026-08-31T15:38:37,0.2,4797,1547350,1531371,0.3,0.00,0.62,0.00,2.47,0.00,0.00,0.00,1.0,95830.0,95350.0,0.0,0.0,0.5,0.0,64.269,0.000,0.0,664192.0
2026-08-31T15:38:38,0.2,4797,1547350,1531371,0.3,0.00,0.61,0.00,2.44,0.00,0.00,0.00,1.0,95830.0,95350.0,0.0,0.0,0.5,0.0,64.248,0.000,0.0,657205.0
2026-08-31T15:38:40,0.2,4798,1547350,1531370,0.3,0.00,0.64,0.00,2.57,0.00,0.00,0.00,1.0,95830.0,95350.0,0.0,0.0,0.5,0.0,64.241,0.000,0.0,659259.0
2026-08-31T15:38:41,0.2,4798,1547350,1531370,0.3,0.00,1.21,0.00,4.85,0.00,0.00,0.00,1.0,95830.0,95350.0,0.0,0.0,0.5,0.0,64.240,0.000,0.0,682922.5
2026-08-31T15:38:42,0.2,4798,1547350,1531370,0.3,0.00,0.97,0.00,3.87,0.00,0.00,0.00,1.0,95830.0,95350.0,0.0,0.0,0.5,0.0,64.291,0.000,0.0,664674.0
2026-08-31T15:38:44,0.2,4797,1547350,1531370,0.3,0.00,0.56,0.00,2.22,0.00,0.00,0.00,1.0,95830.0,95350.0,0.0,0.0,0.5,0.0,64.242,0.000,0.0,708516.0
2026-08-31T15:38:46,0.2,4796,1547350,1531371,0.3,0.00,4.50,0.00,36.29,0.00,0.00,0.00,1.0,95830.0,95350.0,0.0,0.0,0.5,0.0,64.260,0.000,0.0,710784.5
2026-08-31T15:38:47,0.2,4797,1547350,1531371,0.3,0.00,0.61,0.00,2.45,0.00,0.00,0.00,1.0,95830.0,95350.0,0.0,0.0,0.5,0.0,64.258,0.000,0.0,656623.0
2026-08-31T15:38:49,0.2,4798,1547350,1531370,0.3,0.00,0.55,0.00,2.19,0.00,0.00,0.00,1.0,95830.0,95350.0,0.0,0.0,0.5,0.0,64.237,0.000,0.0,659000.0
2026-08-31T15:38:51,0.4,4845,1547350,1531323,0.3,0.00,0.58,0.00,2.31,0.00,1.00,0.00,4.0,95830.0,95347.0,0.0,0.0,0.5,0.0,64.222,0.000,0.0,4199085.0
2026-08-31T15:38:53,0.2,4847,1547350,1531321,0.3,0.00,0.58,0.00,2.33,0.00,0.00,0.00,4.0,95830.0,95347.0,0.0,0.0,0.5,0.0,64.278,0.000,0.0,663754.5
2026-08-31T15:38:54,0.2,4847,1547350,1531321,0.3,0.00,0.75,0.00,2.99,0.00,0.00,0.00,4.0,95830.0,95347.0,0.0,0.0,0.5,0.0,64.257,0.000,0.0,663754.5
2026-08-31T15:38:55,0.2,4846,1547350,1531321,0.3,0.00,1.40,0.00,5.60,0.00,0.00,0.14,4.0,95830.0,95347.0,0.0,0.0,0.5,0.0,64.276,0.000,0.0,726346.0
2026-08-31T15:38:56,0.2,4846,1547350,1531322,0.3,0.00,1.31,0.00,5.25,0.00,0.00,0.00,4.0,95830.0,95347.0,0.0,0.0,0.5,0.0,64.261,0.000,0.0,670998.5
2026-08-31T15:38:57,0.2,4847,1547350,1531320,0.3,0.00,0.50,0.00,2.01,0.00,0.00,0.05,4.0,95830.0,95347.0,0.0,0.0,0.5,0.0,64.264,0.000,0.0,670998.5
2026-08-31T15:38:58,0.3,4848,1547350,1531319,0.3,0.00,1.65,0.00,6.59,0.00,0.00,0.00,4.0,95830.0,95347.0,0.0,0.0,0.5,0.0,64.256,0.000,0.0,700628.0
2026-08-31T15:38:59,0.2,4848,1547350,1531320,0.3,0.00,1.34,0.00,5.37,0.00,0.00,0.00,4.0,95830.0,95347.0,0.0,0.0,0.5,0.0,64.291,0.000,0.0,700628.0
2026-08-31T15:38:59,0.2,4849,1547350,1531319,0.3,0.00,1.75,0.00,6.98,0.00,0.00,0.00,4.0,95830.0,95347.0,0.0,0.0,0.5,0.0,64.276,0.000,0.0,709348.0
2026-08-31T15:39:01,0.2,4852,1547350,1531316,0.3,0.00,0.84,0.00,3.36,0.00,0.00,0.00,4.0,95830.0,95347.0,0.0,0.0,0.5,0.0,64.255,0.000,0.0,709348.0
2026-08-31T15:39:01,0.3,4852,1547350,1531316,0.3,0.00,2.48,0.00,14.85,0.00,0.00,0.12,4.0,95830.0,95347.0,0.0,0.0,0.5,0.0,64.257,0.000,0.0,684880.5
2026-08-31T15:39:03,0.2,4853,1547350,1531315,0.3,0.00,0.58,0.00,2.32,0.00,0.00,0.00,4.0,95830.0,95347.0,0.0,0.0,0.5,0.0,64.261,0.000,0.0,684880.5
2026-08-31T15:39:03,0.3,4859,1547350,1531309,0.3,0.00,3.10,0.00,12.38,0.00,0.00,0.00,4.0,95830.0,95347.0,0.0,0.0,0.5,0.0,64.298,0.000,0.0,745427.0
2026-08-31T15:39:04,0.2,4866,1547350,1531301,0.3,0.00,1.01,0.00,4.04,0.00,0.00,0.00,4.0,95830.0,95347.0,0.0,0.0,0.5,0.0,64.281,0.000,0.0,745427.0
2026-08-31T15:39:05,0.4,4971,1547350,1531186,0.3,0.00,1.41,0.00,5.64,0.00,0.00,0.00,746.0,95830.0,94606.0,0.0,0.0,0.5,0.0,77.335,0.001,0.0,6341358.5
2026-08-31T15:39:07,0.2,4972,1547350,1531185,0.3,0.00,0.72,0.00,2.87,0.00,0.00,0.00,746.0,95830.0,94606.0,0.0,0.0,0.5,0.0,79.024,0.001,0.0,6341358.5
2026-08-31T15:39:07,0.3,4972,1547350,1531185,0.3,0.00,1.98,0.00,7.94,0.00,0.00,0.00,746.0,95830.0,94606.0,0.0,0.0,0.5,0.0,79.083,0.000,0.0,711480.0
2026-08-31T15:39:08,0.2,4972,1547350,1531186,0.3,0.00,1.30,0.00,5.19,0.00,0.00,0.00,746.0,95830.0,94606.0,0.0,0.0,0.5,0.0,79.029,0.000,0.0,711480.0
2026-08-31T15:39:09,0.2,4973,1547350,1531185,0.3,0.00,1.22,0.00,4.87,0.00,0.00,0.00,746.0,95830.0,94606.0,0.0,0.0,0.5,0.0,79.136,0.000,0.0,719496.0
2026-08-31T15:39:10,0.2,4975,1547350,1531182,0.3,0.00,0.91,0.00,3.65,0.00,1.00,0.00,746.0,95830.0,94606.0,0.0,0.0,0.5,0.0,79.097,0.000,0.0,719496.0
2026-08-31T15:39:11,0.2,4973,1547350,1531184,0.3,0.00,1.20,0.00,4.80,0.00,0.00,0.00,746.0,95830.0,94606.0,0.0,0.0,0.5,0.0,79.105,0.000,0.0,683933.5
2026-08-31T15:39:12,0.2,4976,1547350,1531181,0.3,0.00,0.77,0.00,3.07,0.00,0.00,0.00,746.0,95830.0,94606.0,0.0,0.0,0.5,0.0,79.137,0.000,0.0,683933.5
2026-08-31T15:39:13,0.2,4977,1547350,1531181,0.3,0.00,1.13,0.00,4.52,0.00,0.00,0.00,746.0,95830.0,94606.0,0.0,0.0,0.5,0.0,79.121,0.000,0.0,674278.0
2026-08-31T15:39:14,0.2,4977,1547350,1531180,0.3,0.00,1.22,0.00,10.98,0.00,0.00,0.00,746.0,95830.0,94606.0,0.0,0.0,0.5,0.0,79.154,0.000,0.0,649159.5
2026-08-31T15:39:16,0.2,4976,1547350,1531181,0.3,0.00,0.62,0.00,2.48,0.00,0.00,0.00,746.0,95830.0,94606.0,0.0,0.0,0.5,0.0,79.100,0.000,0.0,672574.0
2026-08-31T15:39:17,0.2,4977,1547350,1531180,0.3,0.00,0.72,0.00,2.89,0.00,0.00,0.00,746.0,95830.0,94606.0,0.0,0.0,0.5,0.0,79.126,0.000,0.0,672574.0
2026-08-31T15:39:18,0.2,4977,1547350,1531181,0.3,0.00,2.12,0.00,8.49,0.00,0.00,0.00,746.0,95830.0,94606.0,0.0,0.0,0.5,0.0,79.147,0.000,0.0,734660.0
2026-08-31T15:39:19,0.2,4977,1547350,1531180,0.3,0.00,1.00,0.00,4.00,0.00,0.00,0.00,746.0,95830.0,94606.0,0.0,0.0,0.5,0.0,79.206,0.000,0.0,697448.5
2026-08-31T15:39:20,0.2,4977,1547350,1531181,0.3,0.00,0.86,0.00,3.45,0.00,0.00,0.00,746.0,95830.0,94606.0,0.0,0.0,0.5,0.0,79.164,0.000,0.0,724322.5
2026-08-31T15:39:21,0.2,4977,1547350,1531181,0.3,0.00,0.94,0.00,3.76,0.00,0.00,0.00,746.0,95830.0,94606.0,0.0,0.0,0.5,0.0,79.219,0.000,0.0,724322.5
2026-08-31T15:39:22,0.2,4978,1547350,1531180,0.3,0.00,1.28,0.00,5.12,0.00,0.00,0.00,746.0,95830.0,94606.0,0.0,0.0,0.5,0.0,79.326,0.000,0.0,737686.5
2026-08-31T15:39:23,2.3,4979,1547350,1531179,0.3,0.00,1.29,0.00,5.17,0.00,0.00,0.00,746.0,95830.0,94606.0,0.0,0.0,0.5,0.0,79.309,0.000,0.0,668469.0
2026-08-31T15:39:24,0.2,4979,1547350,1531179,0.3,0.00,0.73,0.00,2.93,0.00,0.00,0.00,746.0,95830.0,94606.0,0.0,0.0,0.5,0.0,79.338,0.000,0.0,673822.0
2026-08-31T15:39:25,0.2,4979,1547350,1531178,0.3,0.00,0.78,0.00,3.11,0.00,0.00,0.00,746.0,95830.0,94606.0,0.0,0.0,0.5,0.0,79.306,0.000,0.0,673822.0
2026-08-31T15:39:26,0.2,4980,1547350,1531177,0.3,0.00,1.96,0.00,7.84,0.00,0.00,0.20,746.0,95830.0,94606.0,0.0,0.0,0.5,0.0,79.323,0.000,0.0,727503.0
2026-08-31T15:39:27,0.2,4981,1547350,1531177,0.3,0.00,1.28,0.00,5.12,0.00,0.00,0.00,746.0,95830.0,94606.0,0.0,0.0,0.5,0.0,79.330,0.000,0.0,668295.0
2026-08-31T15:39:28,0.2,4981,1547350,1531176,0.3,0.00,0.77,0.00,3.09,0.00,0.00,0.00,746.0,95830.0,94606.0,0.0,0.0,0.5,0.0,79.350,0.000,0.0,668295.0
2026-08-31T15:39:28,0.2,4982,1547350,1531176,0.3,0.00,1.82,0.00,7.30,0.00,0.00,0.00,746.0,95830.0,94606.0,0.0,0.0,0.5,0.0,79.397,0.000,0.0,695420.0
2026-08-31T15:39:30,0.2,4981,1547350,1531176,0.3,0.00,0.66,0.00,2.66,0.00,1.00,0.00,746.0,95830.0,94606.0,0.0,0.0,0.5,0.0,79.291,0.000,0.0,667086.0
2026-08-31T15:39:31,0.2,4982,1547350,1531176,0.3,0.00,0.75,0.00,2.99,0.00,0.00,0.00,746.0,95830.0,94606.0,0.0,0.0,0.5,0.0,79.404,0.000,0.0,661809.5
2026-08-31T15:39:33,0.2,4982,1547350,1531176,0.3,0.00,4.71,0.00,21.53,0.00,0.00,0.00,746.0,95830.0,94606.0,0.0,0.0,0.5,0.0,79.329,0.000,0.0,664718.0
2026-08-31T15:39:34,0.2,4983,1547350,1531175,0.3,0.00,0.73,0.00,2.93,0.00,0.00,0.00,746.0,95830.0,94606.0,0.0,0.0,0.5,0.0,79.359,0.000,0.0,658358.5
2026-08-31T15:39:36,0.2,4984,1547350,1531174,0.3,0.00,0.66,0.00,2.65,0.00,0.00,0.00,746.0,95830.0,94606.0,0.0,0.0,0.5,0.0,79.350,0.000,0.0,664169.5
2026-08-31T15:39:37,0.2,4984,1547350,1531173,0.3,0.00,1.30,0.00,5.19,0.00,0.00,0.00,746.0,95830.0,94606.0,0.0,0.0,0.5,0.0,79.374,0.000,0.0,680383.0
2026-08-31T15:39:38,0.2,4984,1547350,1531174,0.3,0.00,1.00,0.00,3.98,0.00,0.00,0.00,746.0,95830.0,94606.0,0.0,0.0,0.5,0.0,79.451,0.000,0.0,680166.5
2026-08-31T15:39:40,0.2,4984,1547350,1531174,0.3,0.00,0.72,0.00,2.86,0.00,0.00,0.00,746.0,95830.0,94606.0,0.0,0.0,0.5,0.0,79.375,0.000,0.0,687411.5
2026-08-31T15:39:41,0.2,4984,1547350,1531173,0.3,0.00,0.77,0.00,3.08,0.00,0.00,0.00,746.0,95830.0,94606.0,0.0,0.0,0.5,0.0,79.424,0.000,0.0,656861.5
2026-08-31T15:39:42,0.2,4983,1547350,1531174,0.3,0.00,0.85,0.00,3.40,0.00,0.00,0.00,746.0,95830.0,94606.0,0.0,0.0,0.5,0.0,79.463,0.000,0.0,656861.5
2026-08-31T15:39:43,0.2,4983,1547350,1531175,0.3,0.00,3.12,0.00,12.48,0.00,0.50,0.00,746.0,95830.0,94606.0,0.0,0.0,0.5,0.0,79.524,0.000,0.0,693689.0
2026-08-31T15:39:44,0.2,4984,1547350,1531174,0.3,0.00,0.64,0.00,2.57,0.00,0.00,0.00,746.0,95830.0,94606.0,0.0,0.0,0.5,0.0,79.513,0.000,0.0,649276.0
2026-08-31T15:39:46,0.2,4984,1547350,1531173,0.3,0.00,4.35,0.00,31.81,0.00,0.00,0.00,746.0,95830.0,94606.0,0.0,0.0,0.5,0.0,79.558,0.000,0.0,657483.0
2026-08-31T15:39:48,0.2,4984,1547350,1531173,0.3,0.00,0.61,0.00,2.42,0.00,0.00,0.00,746.0,95830.0,94606.0,0.0,0.0,0.5,0.0,79.563,0.000,0.0,683828.0
2026-08-31T15:39:49,0.2,4984,1547350,1531174,0.3,0.00,1.23,0.00,4.92,0.00,0.00,0.00,746.0,95830.0,94606.0,0.0,0.0,0.5,0.0,79.581,0.000,0.0,664530.0
2026-08-31T15:39:50,0.2,4985,1547350,1531173,0.3,0.00,0.62,0.00,2.46,0.00,0.00,0.06,746.0,95830.0,94606.0,0.0,0.0,0.5,0.0,79.598,0.000,0.0,660663.5
2026-08-31T15:39:52,0.2,4985,1547350,1531173,0.3,0.00,0.64,0.00,2.54,0.00,0.00,0.00,746.0,95830.0,94606.0,0.0,0.0,0.5,0.0,79.600,0.000,0.0,653904.5
2026-08-31T15:39:53,0.2,4984,1547350,1531173,0.3,0.00,0.63,0.00,2.54,0.00,0.00,0.06,746.0,95830.0,94606.0,0.0,0.0,0.5,0.0,79.580,0.000,0.0,656701.0
2026-08-31T15:39:55,0.2,4985,1547350,1531172,0.3,0.00,0.55,0.00,2.21,0.00,0.00,0.00,746.0,95830.0,94606.0,0.0,0.0,0.5,0.0,79.596,0.000,0.0,649156.5
2026-08-31T15:39:57,0.2,4986,1547350,1531172,0.3,0.00,0.60,0.00,2.41,0.00,0.00,0.00,746.0,95830.0,94606.0,0.0,0.0,0.5,0.0,79.597,0.000,0.0,637169.5
2026-08-31T15:39:58,0.2,4985,1547350,1531172,0.3,0.00,0.62,0.00,2.49,0.00,0.00,0.00,746.0,95830.0,94606.0,0.0,0.0,0.5,0.0,79.569,0.000,0.0,674308.5
2026-08-31T15:40:00,0.2,4986,1547350,1531172,0.3,0.00,0.60,0.00,2.38,0.00,1.00,0.00,746.0,95830.0,94606.0,0.0,0.0,0.5,0.0,79.585,0.000,0.0,648553.0
2026-08-31T15:40:02,0.3,4995,1547350,1531163,0.3,0.00,0.63,0.00,2.51,0.00,0.00,0.00,746.0,95830.0,94606.0,0.0,0.0,0.5,0.0,79.565,0.000,0.0,648553.0
2026-08-31T15:40:02,0.3,5091,1547350,1531066,0.3,0.00,2.36,0.00,9.43,0.00,0.00,0.00,746.0,95830.0,94606.0,0.0,0.0,0.5,0.0,79.580,0.000,0.0,680526.0
2026-08-31T15:40:04,0.2,5093,1547350,1531065,0.3,0.00,0.64,0.00,2.58,0.00,0.00,0.00,746.0,95830.0,94606.0,0.0,0.0,0.5,0.0,79.640,0.000,0.0,700106.5
2026-08-31T15:40:05,0.2,5092,1547350,1531065,0.3,0.00,0.84,0.00,3.36,0.00,0.00,0.00,746.0,95830.0,94606.0,0.0,0.0,0.5,0.0,79.714,0.000,0.0,649257.5
2026-08-31T15:40:07,0.6,4990,1547350,1530912,0.3,0.00,0.55,0.00,2.21,0.00,0.00,0.00,746.0,95830.0,94606.0,0.0,0.0,0.5,0.0,80.109,0.000,0.0,649257.5
2026-08-31T15:40:08,0.2,4990,1547350,1530912,0.3,0.00,2.03,0.00,12.16,0.00,0.00,0.00,2350.0,95830.0,93002.0,0.0,0.0,0.5,0.0,79.724,0.001,0.0,3670565.0
2026-08-31T15:40:09,0.2,4990,1547350,1530911,0.3,0.00,0.73,0.00,2.94,0.00,0.00,0.00,2350.0,95830.0,93002.0,0.0,0.0,0.5,0.0,79.816,0.000,0.0,645183.0
2026-08-31T15:40:11,0.2,4988,1547350,1530913,0.3,0.00,0.48,0.00,1.92,0.00,0.00,0.00,2350.0,95830.0,93002.0,0.0,0.0,0.5,0.0,79.871,0.000,0.0,656393.0
2026-08-31T15:40:13,0.2,4988,1547350,1530914,0.3,0.00,0.62,0.00,2.49,0.00,0.00,0.00,2350.0,95830.0,93002.0,0.0,0.0,0.5,0.0,79.858,0.000,0.0,650197.5
2026-08-31T15:40:15,0.2,5307,1547350,1530585,0.3,0.00,1.48,0.00,10.87,0.00,0.00,0.00,3252.0,95830.0,92100.0,5.0,4.5,0.5,11.5,106.541,0.029,0.0,1902158.5
2026-08-31T15:40:17,2.0,5393,1547350,1530498,0.3,0.00,0.37,0.00,1.47,0.00,0.00,0.00,4598.0,95830.0,90754.0,19.0,4.0,0.5,10.5,117.010,0.111,0.1,4897980.0
2026-08-31T15:40:19,2.5,5453,1547350,1530438,0.4,0.00,0.50,0.00,2.01,0.00,0.00,0.00,4624.0,95830.0,90728.0,23.0,4.5,0.5,11.5,122.828,0.100,0.1,4874710.0
2026-08-31T15:40:22,2.7,5445,1547350,1530447,0.4,0.00,0.33,0.00,1.33,0.00,0.00,0.00,4638.0,95830.0,90714.0,21.0,0.0,0.5,0.0,104.047,0.087,0.1,4570605.5
2026-08-31T15:40:25,2.7,5463,1547350,1530428,0.4,0.00,0.43,0.00,1.72,0.00,0.00,0.00,4654.0,95830.0,90698.0,22.0,5.5,0.5,14.0,120.933,0.119,0.1,5281067.0
2026-08-31T15:40:26,1.1,5415,1547350,1530476,0.3,0.00,0.83,0.00,3.31,0.00,0.00,0.00,4666.0,95830.0,90686.0,14.0,0.0,0.5,0.0,80.274,0.022,0.0,29408707.0
2026-08-31T15:40:28,0.3,5434,1547350,1530458,0.4,0.00,0.64,0.00,2.57,0.00,1.00,0.00,4666.0,95830.0,90686.0,0.0,0.0,0.5,0.0,80.208,0.000,0.0,672838.0
2026-08-31T15:40:28,0.2,5435,1547350,1530456,0.4,0.00,1.43,0.00,5.72,0.00,0.00,0.00,4666.0,95830.0,90686.0,0.0,0.0,0.5,0.0,80.313,0.000,0.0,692741.5
2026-08-31T15:40:30,0.2,5435,1547350,1530456,0.4,0.00,0.74,0.00,2.97,0.00,0.00,0.00,4666.0,95830.0,90686.0,0.0,0.0,0.5,0.0,80.311,0.000,0.0,692741.5
2026-08-31T15:40:30,1.3,5421,1547350,1530727,0.4,0.00,2.43,0.00,9.73,0.00,0.00,0.00,4666.0,95830.0,90686.0,0.0,0.0,0.5,1.0,80.317,0.000,0.0,692741.5
2026-08-31T15:40:30,1.3,5408,1547350,1530739,0.3,0.00,3.53,0.00,14.13,0.00,0.00,0.00,4666.0,95830.0,90686.0,0.0,0.0,0.5,0.0,80.301,0.000,0.0,825587.0
