timestamp,cpu_util_pct,ram_used_mb,ram_total_mb,ram_avail_mb,ram_used_pct,disk_r_s,disk_w_s,disk_rkB_s,disk_wkB_s,disk_r_await_ms,disk_w_await_ms,disk_util_pct,gpu_mem_used_mb,gpu_mem_total_mb,gpu_mem_free_mb,gpu_util_pct,dcgmi_power_w,dcgmi_gpu_util_pct,dcgmi_mem_copy_util_pct,dcgmi_gr_active,dcgmi_sm_active,dcgmi_pcie_tx_bytes,dcgmi_pcie_rx_bytes
2026-09-01T02:51:51,0.2,4822,1547350,1531261,0.3,0.00,0.00,0.00,0.00,0.00,0.00,0.00,3960.0,95830.0,91392.0,0.0,0.0,0.5,0.0,79.607,0.000,0.0,0.0
2026-09-01T02:51:52,0.2,4823,1547350,1531260,0.3,0.00,1.66,0.00,6.65,0.00,0.50,0.08,3960.0,95830.0,91392.0,0.0,0.0,0.5,0.0,79.626,0.000,0.0,0.0
2026-09-01T02:51:54,0.2,4824,1547350,1531259,0.3,0.00,13.45,0.00,122.20,0.00,0.06,0.00,3960.0,95830.0,91392.0,0.0,0.0,0.5,0.0,79.696,0.000,0.0,602326.0
2026-09-01T02:51:55,0.2,4826,1547350,1531256,0.3,0.00,0.75,0.00,2.98,0.00,0.00,0.00,3960.0,95830.0,91392.0,0.0,0.0,0.5,0.0,79.712,0.000,0.0,665472.0
2026-09-01T02:51:56,1.4,4828,1547350,1531255,0.3,0.00,0.79,0.00,3.17,0.00,0.00,0.00,3960.0,95830.0,91392.0,0.0,0.0,0.5,0.0,79.748,0.000,0.0,686792.0
2026-09-01T02:51:57,0.2,4832,1547350,1531251,0.3,0.00,1.07,0.00,4.30,0.00,0.00,0.00,3960.0,95830.0,91392.0,0.0,0.0,0.5,0.0,79.778,0.000,0.0,668103.0
2026-09-01T02:51:59,0.2,4834,1547350,1531249,0.3,0.00,1.46,0.00,5.86,0.00,0.00,0.00,3960.0,95830.0,91392.0,0.0,0.0,0.5,0.0,79.709,0.000,0.0,668103.0
2026-09-01T02:51:59,0.2,4835,1547350,1531248,0.3,0.00,1.56,0.00,6.22,0.00,0.00,0.00,3960.0,95830.0,91392.0,0.0,0.0,0.5,0.0,79.679,0.000,0.0,766272.0
2026-09-01T02:52:00,0.3,4835,1547350,1531247,0.3,0.00,2.78,0.00,11.11,0.00,1.00,0.00,3960.0,95830.0,91392.0,0.0,0.0,0.5,0.0,79.675,0.000,0.0,766272.0
2026-09-01T02:52:00,0.2,4843,1547350,1531240,0.3,0.00,1.28,0.00,5.12,0.00,0.00,0.00,3960.0,95830.0,91392.0,0.0,0.0,0.5,0.0,79.696,0.000,0.0,683347.0
2026-09-01T02:52:02,0.3,4843,1547350,1531240,0.3,0.00,0.70,0.00,2.81,0.00,0.00,0.07,3960.0,95830.0,91392.0,0.0,0.0,0.5,0.0,79.751,0.000,0.0,666214.5
2026-09-01T02:52:03,0.2,4843,1547350,1531239,0.3,0.00,5.44,0.00,21.75,0.00,0.00,0.07,3960.0,95830.0,91392.0,0.0,0.0,0.5,0.0,79.714,0.000,0.0,680509.0
2026-09-01T02:52:05,0.2,4845,1547350,1531238,0.3,0.00,0.66,0.00,2.65,0.00,0.00,0.00,3960.0,95830.0,91392.0,0.0,0.0,0.5,0.0,79.703,0.000,0.0,647455.5
2026-09-01T02:52:07,0.2,4846,1547350,1531237,0.3,0.00,0.54,0.00,2.17,0.00,1.00,0.00,3960.0,95830.0,91392.0,0.0,0.0,0.5,0.0,79.736,0.000,0.0,716039.5
2026-09-01T02:52:08,0.2,4846,1547350,1531237,0.3,0.00,0.59,0.00,2.38,0.00,0.00,0.00,3960.0,95830.0,91392.0,0.0,0.0,0.5,0.0,79.766,0.000,0.0,655097.5
2026-09-01T02:52:09,0.2,4847,1547350,1531236,0.3,0.00,1.78,0.00,7.12,0.00,0.00,0.00,3960.0,95830.0,91392.0,0.0,0.0,0.5,0.0,79.814,0.000,0.0,683210.0
2026-09-01T02:52:11,0.2,4844,1547350,1531239,0.3,0.00,0.86,0.00,3.43,0.00,0.00,0.00,3960.0,95830.0,91392.0,0.0,0.0,0.5,0.0,79.804,0.000,0.0,683479.5
2026-09-01T02:52:12,0.3,4845,1547350,1531238,0.3,0.00,0.90,0.00,3.61,0.00,0.00,0.00,3960.0,95830.0,91392.0,0.0,0.0,0.5,0.0,79.844,0.000,0.0,683479.5
2026-09-01T02:52:12,0.3,4845,1547350,1531238,0.3,0.00,2.50,0.00,10.00,0.00,0.00,0.00,3960.0,95830.0,91392.0,0.0,0.0,0.5,0.0,79.869,0.000,0.0,734617.0
2026-09-01T02:52:13,0.2,4846,1547350,1531237,0.3,0.00,0.88,0.00,3.54,0.00,0.00,0.00,3960.0,95830.0,91392.0,0.0,0.0,0.5,0.0,79.843,0.000,0.0,673926.0
2026-09-01T02:52:14,0.2,4845,1547350,1531238,0.3,0.00,0.88,0.00,3.52,0.00,0.00,0.00,3960.0,95830.0,91392.0,0.0,0.0,0.5,0.0,79.911,0.000,0.0,683286.0
2026-09-01T02:52:16,0.2,4846,1547350,1531236,0.3,0.00,4.08,0.00,19.59,0.00,0.00,0.00,3960.0,95830.0,91392.0,0.0,0.0,0.5,0.0,79.900,0.000,0.0,664934.5
2026-09-01T02:52:17,0.2,4847,1547350,1531235,0.3,0.00,0.85,0.00,3.38,0.00,0.00,0.00,3960.0,95830.0,91392.0,0.0,0.0,0.5,0.0,79.969,0.000,0.0,676427.5
2026-09-01T02:52:18,0.2,4848,1547350,1531235,0.3,0.00,0.86,0.00,3.45,0.00,0.00,0.00,3960.0,95830.0,91392.0,0.0,0.0,0.5,0.0,79.936,0.000,0.0,679824.0
2026-09-01T02:52:19,0.2,4850,1547350,1531233,0.3,0.00,0.83,0.00,3.31,0.00,1.00,0.00,3960.0,95830.0,91392.0,0.0,0.0,0.5,0.0,79.970,0.000,0.0,680052.5
2026-09-01T02:52:20,0.2,4850,1547350,1531233,0.3,0.00,0.83,0.00,3.33,0.00,0.00,0.00,3960.0,95830.0,91392.0,0.0,0.0,0.5,0.0,79.943,0.000,0.0,673408.5
2026-09-01T02:52:22,0.2,4851,1547350,1531232,0.3,0.00,1.58,0.00,6.31,0.00,0.00,0.08,3960.0,95830.0,91392.0,0.0,0.0,0.5,0.0,79.957,0.000,0.0,673408.5
2026-09-01T02:52:22,0.2,4852,1547350,1531231,0.3,0.00,1.67,0.00,6.68,0.00,0.00,0.00,3960.0,95830.0,91392.0,0.0,0.0,0.5,0.0,79.941,0.000,0.0,756713.0
2026-09-01T02:52:23,0.3,4851,1547350,1531231,0.3,0.00,2.24,0.00,8.97,0.00,0.00,0.00,3960.0,95830.0,91392.0,0.0,0.0,0.5,0.0,79.960,0.000,0.0,673469.5
2026-09-01T02:52:24,0.2,4851,1547350,1531232,0.3,0.00,3.49,0.00,36.65,0.00,0.00,0.00,3960.0,95830.0,91392.0,0.0,0.0,0.5,0.0,79.947,0.000,0.0,680621.0
2026-09-01T02:52:25,0.2,4852,1547350,1531231,0.3,0.00,0.84,0.00,3.36,0.00,0.00,0.08,3960.0,95830.0,91392.0,0.0,0.0,0.5,0.0,79.918,0.000,0.0,680621.0
2026-09-01T02:52:25,0.2,4851,1547350,1531231,0.3,0.00,1.86,0.00,7.45,0.00,0.00,0.00,3960.0,95830.0,91392.0,0.0,0.0,0.5,0.0,79.959,0.000,0.0,756916.0
2026-09-01T02:52:26,0.2,4851,1547350,1531232,0.3,0.00,1.98,0.00,7.94,0.00,0.00,0.00,3960.0,95830.0,91392.0,0.0,0.0,0.5,0.0,79.988,0.000,0.0,756916.0
2026-09-01T02:52:26,0.2,4850,1547350,1531232,0.3,0.00,4.14,0.00,16.56,0.00,0.00,0.00,3960.0,95830.0,91392.0,0.0,0.0,0.5,0.0,79.977,0.000,0.0,716439.0
2026-09-01T02:52:27,0.2,4851,1547350,1531232,0.3,0.00,1.03,0.00,4.10,0.00,0.00,0.00,3960.0,95830.0,91392.0,0.0,0.0,0.5,0.0,79.983,0.000,0.0,680145.0
2026-09-01T02:52:29,0.2,4851,1547350,1531232,0.3,0.00,0.76,0.00,3.06,0.00,0.00,0.00,3960.0,95830.0,91392.0,0.0,0.0,0.5,0.0,80.007,0.000,0.0,666677.0
2026-09-01T02:52:30,0.2,4851,1547350,1531232,0.3,0.00,0.70,0.00,2.81,0.00,0.00,0.07,3960.0,95830.0,91392.0,0.0,0.0,0.5,0.0,79.998,0.000,0.0,671519.0
2026-09-01T02:52:31,0.2,4851,1547350,1531232,0.3,0.00,1.01,0.00,4.02,0.00,0.00,0.00,3960.0,95830.0,91392.0,0.0,0.0,0.5,0.0,80.030,0.000,0.0,674820.0
2026-09-01T02:52:33,0.2,4852,1547350,1531231,0.3,0.00,1.39,0.00,5.56,0.00,0.50,0.00,3960.0,95830.0,91392.0,0.0,0.0,0.5,0.0,80.012,0.000,0.0,647818.0
2026-09-01T02:52:33,0.2,4852,1547350,1531230,0.3,0.00,1.12,0.00,4.48,0.00,0.00,0.00,3960.0,95830.0,91392.0,0.0,0.0,0.5,0.0,79.987,0.000,0.0,702673.5
2026-09-01T02:52:35,0.2,4853,1547350,1531230,0.3,0.00,0.78,0.00,3.11,0.00,0.00,0.00,3960.0,95830.0,91392.0,0.0,0.0,0.5,0.0,79.942,0.000,0.0,661620.5
2026-09-01T02:52:36,0.2,4853,1547350,1531230,0.3,0.00,0.70,0.00,2.80,0.00,0.00,0.00,3960.0,95830.0,91392.0,0.0,0.0,0.5,0.0,80.006,0.000,0.0,678901.0
2026-09-01T02:52:37,0.2,4855,1547350,1531227,0.3,0.00,0.77,0.00,3.07,0.00,0.00,0.00,3960.0,95830.0,91392.0,0.0,0.0,0.5,0.0,80.014,0.000,0.0,664960.0
2026-09-01T02:52:39,0.2,4856,1547350,1531226,0.3,0.00,1.47,0.00,5.90,0.00,0.00,0.00,3960.0,95830.0,91392.0,0.0,0.0,0.5,0.0,79.987,0.000,0.0,667474.0
2026-09-01T02:52:40,0.2,4857,1547350,1531225,0.3,0.00,0.73,0.00,2.92,0.00,0.00,0.00,3960.0,95830.0,91392.0,0.0,0.0,0.5,0.0,80.053,0.000,0.0,659234.0
2026-09-01T02:52:42,0.2,4859,1547350,1531224,0.3,0.00,0.68,0.00,2.73,0.00,0.00,0.00,3960.0,95830.0,91392.0,0.0,0.0,0.5,0.0,80.120,0.000,0.0,669103.5
2026-09-01T02:52:43,0.2,4859,1547350,1531223,0.3,0.00,2.25,0.00,8.99,0.00,0.00,0.00,3960.0,95830.0,91392.0,0.0,0.0,0.5,0.0,80.059,0.000,0.0,669103.5
2026-09-01T02:52:44,0.2,4859,1547350,1531224,0.3,0.00,1.76,0.00,7.05,0.00,0.00,0.00,3960.0,95830.0,91392.0,0.0,0.0,0.5,0.0,80.105,0.000,0.0,713905.5
2026-09-01T02:52:45,0.2,4859,1547350,1531223,0.3,0.00,0.69,0.00,2.76,0.00,0.00,0.00,3960.0,95830.0,91392.0,0.0,0.0,0.5,0.0,80.156,0.000,0.0,672193.5
2026-09-01T02:52:46,0.2,4860,1547350,1531222,0.3,0.00,0.83,0.00,3.34,0.00,0.00,0.00,3960.0,95830.0,91392.0,0.0,0.0,0.5,0.0,80.212,0.000,0.0,657016.0
2026-09-01T02:52:48,0.2,4860,1547350,1531223,0.3,0.00,0.66,0.00,2.65,0.00,0.00,0.00,3960.0,95830.0,91392.0,0.0,0.0,0.5,0.0,80.184,0.000,0.0,659425.0
2026-09-01T02:52:49,0.2,4860,1547350,1531222,0.3,0.00,1.18,0.00,4.71,0.00,0.00,0.00,3960.0,95830.0,91392.0,0.0,0.0,0.5,0.0,80.160,0.000,0.0,653440.5
2026-09-01T02:52:51,0.2,4861,1547350,1531222,0.3,0.00,0.67,0.00,2.66,0.00,0.00,0.00,3960.0,95830.0,91392.0,0.0,0.0,0.5,0.0,80.177,0.000,0.0,652864.0
2026-09-01T02:52:53,0.2,4863,1547350,1531220,0.3,0.00,0.58,0.00,2.32,0.00,1.00,0.00,3960.0,95830.0,91392.0,0.0,0.0,0.5,0.0,80.137,0.000,0.0,658728.0
2026-09-01T02:52:54,0.2,4863,1547350,1531220,0.3,0.00,9.01,0.00,90.99,0.00,0.07,0.00,3960.0,95830.0,91392.0,0.0,0.0,0.5,0.0,80.179,0.000,0.0,655088.5
2026-09-01T02:52:56,0.2,4864,1547350,1531219,0.3,0.00,0.66,0.00,2.65,0.00,0.00,0.00,3960.0,95830.0,91392.0,0.0,0.0,0.5,0.0,80.185,0.000,0.0,683204.5
2026-09-01T02:52:57,0.2,4864,1547350,1531218,0.3,0.00,0.93,0.00,3.72,0.00,0.00,0.00,3960.0,95830.0,91392.0,0.0,0.0,0.5,0.0,80.177,0.000,0.0,641395.0
2026-09-01T02:52:59,0.2,4864,1547350,1531218,0.3,0.00,0.62,0.00,2.49,0.00,0.00,0.00,3960.0,95830.0,91392.0,0.0,0.0,0.5,0.0,80.234,0.000,0.0,670400.0
2026-09-01T02:53:00,0.2,4864,1547350,1531218,0.3,0.00,1.29,0.00,5.14,0.00,0.00,0.00,3960.0,95830.0,91392.0,0.0,0.0,0.5,0.0,80.207,0.000,0.0,651544.5
2026-09-01T02:53:02,0.3,4869,1547350,1531214,0.3,0.00,0.55,0.00,2.21,0.00,0.00,0.00,3960.0,95830.0,91392.0,0.0,0.0,0.5,0.0,80.198,0.000,0.0,693970.0
2026-09-01T02:53:03,0.2,4870,1547350,1531213,0.3,0.00,0.67,0.00,2.68,0.00,0.00,0.00,3960.0,95830.0,91392.0,0.0,0.0,0.5,0.0,80.226,0.000,0.0,693970.0
2026-09-01T02:53:04,0.3,4870,1547350,1531213,0.3,0.00,1.27,0.00,5.10,0.00,0.00,0.00,3960.0,95830.0,91392.0,0.0,0.0,0.5,0.0,80.259,0.000,0.0,721216.5
2026-09-01T02:53:05,0.2,4870,1547350,1531213,0.3,0.00,1.30,0.00,5.22,0.00,0.00,0.00,3960.0,95830.0,91392.0,0.0,0.0,0.5,0.0,80.203,0.000,0.0,657958.5
2026-09-01T02:53:07,0.2,4870,1547350,1531213,0.3,0.00,4.60,0.00,18.39,0.00,0.12,0.00,3960.0,95830.0,91392.0,0.0,0.0,0.5,0.0,80.246,0.000,0.0,654529.5
2026-09-01T02:53:08,0.2,4870,1547350,1531213,0.3,0.00,0.59,0.00,2.34,0.00,0.00,0.00,3960.0,95830.0,91392.0,0.0,0.0,0.5,0.0,80.220,0.000,0.0,688147.5
2026-09-01T02:53:10,0.2,4871,1547350,1531212,0.3,0.00,0.63,0.00,2.53,0.00,0.00,0.00,3960.0,95830.0,91392.0,0.0,0.0,0.5,0.0,80.230,0.000,0.0,666689.0
2026-09-01T02:53:11,0.3,4867,1547350,1531216,0.3,0.00,1.65,0.00,6.60,0.00,0.00,0.08,3960.0,95830.0,91392.0,0.0,0.0,0.5,0.0,80.260,0.000,0.0,667901.5
2026-09-01T02:53:13,0.2,4867,1547350,1531216,0.3,0.00,0.74,0.00,2.97,0.00,0.00,0.00,3960.0,95830.0,91392.0,0.0,0.0,0.5,0.0,80.302,0.000,0.0,673729.5
2026-09-01T02:53:14,0.2,4869,1547350,1531214,0.3,0.00,0.87,0.00,3.50,0.00,0.00,0.09,3960.0,95830.0,91392.0,0.0,0.0,0.5,0.0,80.302,0.000,0.0,676399.0
2026-09-01T02:53:15,0.2,4869,1547350,1531214,0.3,0.00,0.87,0.00,3.48,0.00,0.00,0.00,3960.0,95830.0,91392.0,0.0,0.0,0.5,0.0,80.361,0.000,0.0,669529.5
2026-09-01T02:53:16,0.2,4869,1547350,1531214,0.3,0.00,3.94,0.00,15.76,0.00,0.00,0.00,3960.0,95830.0,91392.0,0.0,0.0,0.5,0.0,80.367,0.000,0.0,673484.5
2026-09-01T02:53:17,0.2,4869,1547350,1531214,0.3,0.00,0.75,0.00,3.02,0.00,1.00,0.00,3960.0,95830.0,91392.0,0.0,0.0,0.5,0.0,80.394,0.000,0.0,707764.0
2026-09-01T02:53:19,0.2,4869,1547350,1531214,0.3,0.00,0.82,0.00,3.27,0.00,0.00,0.00,3960.0,95830.0,91392.0,0.0,0.0,0.5,0.0,80.433,0.000,0.0,707764.0
2026-09-01T02:53:19,0.2,4869,1547350,1531214,0.3,0.00,2.03,0.00,8.13,0.00,0.00,0.00,3960.0,95830.0,91392.0,0.0,0.0,0.5,0.0,80.412,0.000,0.0,708675.0
2026-09-01T02:53:21,0.2,4868,1547350,1531215,0.3,0.00,0.69,0.00,2.78,0.00,0.00,0.00,3960.0,95830.0,91392.0,0.0,0.0,0.5,0.0,80.373,0.000,0.0,684142.0
2026-09-01T02:53:22,0.2,4869,1547350,1531214,0.3,0.00,1.98,0.00,7.91,0.00,0.00,0.00,3960.0,95830.0,91392.0,0.0,0.0,0.5,0.0,80.426,0.000,0.0,663187.5
2026-09-01T02:53:23,0.2,4869,1547350,1531213,0.3,0.00,0.81,0.00,3.23,0.00,0.00,0.00,3960.0,95830.0,91392.0,0.0,0.0,0.5,0.0,80.422,0.000,0.0,679088.0
2026-09-01T02:53:24,0.2,4869,1547350,1531214,0.3,0.00,1.82,0.00,19.56,0.00,0.00,0.00,3960.0,95830.0,91392.0,0.0,0.0,0.5,0.0,80.385,0.000,0.0,679088.0
2026-09-01T02:53:25,0.2,4870,1547350,1531212,0.3,0.00,0.95,0.00,3.80,0.00,0.00,0.00,3960.0,95830.0,91392.0,0.0,0.0,0.5,0.0,80.366,0.000,0.0,692557.0
2026-09-01T02:53:26,0.2,4870,1547350,1531213,0.3,0.00,1.22,0.00,4.89,0.00,0.00,0.00,3960.0,95830.0,91392.0,0.0,0.0,0.5,0.0,80.386,0.000,0.0,687190.0
2026-09-01T02:53:27,0.2,4872,1547350,1531211,0.3,0.00,0.74,0.00,2.95,0.00,0.00,0.00,3960.0,95830.0,91392.0,0.0,0.0,0.5,0.0,80.427,0.000,0.0,673684.5
2026-09-01T02:53:28,0.2,4871,1547350,1531212,0.3,0.00,1.49,0.00,5.98,0.00,0.00,0.00,3960.0,95830.0,91392.0,0.0,0.0,0.5,0.0,80.405,0.000,0.0,648929.0
2026-09-01T02:53:30,0.2,4872,1547350,1531210,0.3,0.00,0.73,0.00,2.92,0.00,0.00,0.00,3960.0,95830.0,91392.0,0.0,0.0,0.5,0.0,80.480,0.000,0.0,686898.0
2026-09-01T02:53:31,0.2,4872,1547350,1531210,0.3,0.00,0.83,0.00,3.31,0.00,0.00,0.00,3960.0,95830.0,91392.0,0.0,0.0,0.5,0.0,80.470,0.000,0.0,687569.5
2026-09-01T02:53:32,0.2,4872,1547350,1531211,0.3,0.00,0.85,0.00,3.40,0.00,0.00,0.00,3960.0,95830.0,91392.0,0.0,0.0,0.5,0.0,80.425,0.000,0.0,687569.5
2026-09-01T02:53:33,0.2,4873,1547350,1531210,0.3,0.00,2.13,0.00,8.52,0.00,0.00,0.00,3960.0,95830.0,91392.0,0.0,0.0,0.5,0.0,80.458,0.000,0.0,709233.0
2026-09-01T02:53:35,0.2,4872,1547350,1531211,0.3,0.00,0.66,0.00,2.64,0.00,0.00,0.00,3960.0,95830.0,91392.0,0.0,0.0,0.5,0.0,80.428,0.000,0.0,709233.0
2026-09-01T02:53:35,0.2,4871,1547350,1531211,0.3,0.00,1.77,0.00,7.09,0.00,1.00,0.00,3960.0,95830.0,91392.0,0.0,0.0,0.5,0.0,80.444,0.000,0.0,747273.0
2026-09-01T02:53:36,0.2,4871,1547350,1531212,0.3,0.00,1.95,0.00,7.80,0.00,0.00,0.00,3960.0,95830.0,91392.0,0.0,0.0,0.5,0.0,80.497,0.000,0.0,747273.0
2026-09-01T02:53:37,0.2,4871,1547350,1531211,0.3,0.00,1.29,0.00,5.17,0.00,0.00,0.00,3960.0,95830.0,91392.0,0.0,0.0,0.5,0.0,80.475,0.000,0.0,742872.0
2026-09-01T02:53:37,0.3,4872,1547350,1531211,0.3,0.00,2.60,0.00,10.39,0.00,0.00,0.00,3960.0,95830.0,91392.0,0.0,0.0,0.5,0.0,80.408,0.000,0.0,682432.5
2026-09-01T02:53:38,0.2,4872,1547350,1531211,0.3,0.00,0.97,0.00,3.88,0.00,0.00,0.00,3960.0,95830.0,91392.0,0.0,0.0,0.5,0.0,80.439,0.000,0.0,682432.5
2026-09-01T02:53:39,0.2,4871,1547350,1531211,0.3,0.00,0.98,0.00,3.94,0.00,0.00,0.00,3960.0,95830.0,91392.0,0.0,0.0,0.5,0.0,80.463,0.000,0.0,737234.5
2026-09-01T02:53:39,0.3,4872,1547350,1531211,0.3,0.00,2.53,0.00,10.10,0.00,0.00,0.00,3960.0,95830.0,91392.0,0.0,0.0,0.5,0.0,80.452,0.000,0.0,737234.5
2026-09-01T02:53:40,0.2,4871,1547350,1531211,0.3,0.00,2.27,0.00,9.09,0.00,0.00,0.00,3960.0,95830.0,91392.0,0.0,0.0,0.5,0.0,80.451,0.000,0.0,699616.0
2026-09-01T02:53:41,0.2,4871,1547350,1531211,0.3,0.00,1.11,0.00,4.45,0.00,0.00,0.00,3960.0,95830.0,91392.0,0.0,0.0,0.5,0.0,80.438,0.000,0.0,667292.5
2026-09-01T02:53:43,0.2,4872,1547350,1531211,0.3,0.00,0.70,0.00,2.81,0.00,0.00,0.00,3960.0,95830.0,91392.0,0.0,0.0,0.5,0.0,80.468,0.000,0.0,659231.0
2026-09-01T02:53:44,0.2,4872,1547350,1531211,0.3,0.00,0.75,0.00,2.99,0.00,0.00,0.00,3960.0,95830.0,91392.0,0.0,0.0,0.5,0.0,80.442,0.000,0.0,659231.0
2026-09-01T02:53:44,0.3,4873,1547350,1531210,0.3,0.00,2.14,0.00,8.57,0.00,0.00,0.00,3960.0,95830.0,91392.0,0.0,0.0,0.5,0.0,80.564,0.000,0.0,755790.5
2026-09-01T02:53:45,0.2,4872,1547350,1531211,0.3,0.00,3.70,0.00,14.81,0.00,0.00,0.00,3960.0,95830.0,91392.0,0.0,0.0,0.5,0.0,80.475,0.000,0.0,676123.5
2026-09-01T02:53:46,0.2,4872,1547350,1531211,0.3,0.00,0.83,0.00,3.31,0.00,0.00,0.00,3960.0,95830.0,91392.0,0.0,0.0,0.5,0.0,80.547,0.000,0.0,676123.5
2026-09-01T02:53:47,0.2,4872,1547350,1531211,0.3,0.00,1.31,0.00,5.24,0.00,0.00,0.00,3960.0,95830.0,91392.0,0.0,0.0,0.5,0.0,80.573,0.000,0.0,735723.0
2026-09-01T02:53:48,0.2,4872,1547350,1531211,0.3,0.00,1.43,0.00,5.71,0.00,1.00,0.00,3960.0,95830.0,91392.0,0.0,0.0,0.5,0.0,80.508,0.000,0.0,668900.5
2026-09-01T02:53:49,0.2,4873,1547350,1531210,0.3,0.00,0.66,0.00,2.64,0.00,0.00,0.00,3960.0,95830.0,91392.0,0.0,0.0,0.5,0.0,80.590,0.000,0.0,651454.0
2026-09-01T02:53:51,0.2,4874,1547350,1531209,0.3,0.00,1.71,0.00,6.86,0.00,0.00,0.00,3960.0,95830.0,91392.0,0.0,0.0,0.5,0.0,80.619,0.000,0.0,662303.5
2026-09-01T02:53:53,0.2,4876,1547350,1531207,0.3,0.00,0.57,0.00,2.27,0.00,0.00,0.00,3960.0,95830.0,91392.0,0.0,0.0,0.5,0.0,80.670,0.000,0.0,649516.5
2026-09-01T02:53:54,0.2,4875,1547350,1531207,0.3,0.00,7.12,0.00,91.00,0.00,0.09,0.00,3960.0,95830.0,91392.0,0.0,0.0,0.5,0.0,80.613,0.000,0.0,658674.5
2026-09-01T02:53:56,0.2,4876,1547350,1531206,0.3,0.00,0.60,0.00,2.42,0.00,0.00,0.00,3960.0,95830.0,91392.0,0.0,0.0,0.5,0.0,80.648,0.000,0.0,666825.5
2026-09-01T02:53:58,0.2,4876,1547350,1531207,0.3,0.00,1.40,0.00,5.61,0.00,0.00,0.00,3960.0,95830.0,91392.0,0.0,0.0,0.5,0.0,80.582,0.000,0.0,650176.0
2026-09-01T02:53:59,0.2,4876,1547350,1531207,0.3,0.00,0.56,0.00,2.25,0.00,0.00,0.00,3960.0,95830.0,91392.0,0.0,0.0,0.5,0.0,80.699,0.000,0.0,655591.5
2026-09-01T02:54:01,0.3,4881,1547350,1531202,0.3,0.00,0.61,0.00,2.43,0.00,0.00,0.00,3960.0,95830.0,91392.0,0.0,0.0,0.5,0.0,80.625,0.000,0.0,655591.5
2026-09-01T02:54:02,0.2,4882,1547350,1531200,0.3,0.00,1.29,0.00,5.17,0.00,0.00,0.00,3960.0,95830.0,91392.0,0.0,0.0,0.5,0.0,80.623,0.000,0.0,686454.5
2026-09-01T02:54:03,0.2,4883,1547350,1531200,0.3,0.00,0.78,0.00,3.12,0.00,0.00,0.08,3960.0,95830.0,91392.0,0.0,0.0,0.5,0.0,80.650,0.000,0.0,686454.5
2026-09-01T02:54:03,0.3,4882,1547350,1531200,0.3,0.00,17.20,0.00,68.82,0.00,0.12,0.00,3960.0,95830.0,91392.0,0.0,0.0,0.5,0.0,80.624,0.000,0.0,740578.5
2026-09-01T02:54:05,0.2,4882,1547350,1531201,0.3,0.00,0.66,0.00,2.65,0.00,0.00,0.00,3960.0,95830.0,91392.0,0.0,0.0,0.5,0.0,80.644,0.000,0.0,667104.5
2026-09-01T02:54:06,0.2,4883,1547350,1531200,0.3,0.00,0.71,0.00,2.86,0.00,0.00,0.00,3960.0,95830.0,91392.0,0.0,0.0,0.5,0.0,80.665,0.000,0.0,657878.0
2026-09-01T02:54:08,0.2,4884,1547350,1531199,0.3,0.00,0.57,0.00,2.28,0.00,0.00,0.00,3960.0,95830.0,91392.0,0.0,0.0,0.5,0.0,80.665,0.000,0.0,648076.5
2026-09-01T02:54:10,0.2,4883,1547350,1531199,0.3,0.00,1.41,0.00,5.64,0.00,0.00,0.00,3960.0,95830.0,91392.0,0.0,0.0,0.5,0.0,80.629,0.000,0.0,648076.5
2026-09-01T02:54:10,0.2,4883,1547350,1531200,0.3,0.00,1.21,0.00,4.84,0.00,0.00,0.00,3960.0,95830.0,91392.0,0.0,0.0,0.5,0.0,80.663,0.000,0.0,677011.0
2026-09-01T02:54:12,0.2,4881,1547350,1531202,0.3,0.00,0.64,0.00,2.56,0.00,0.00,0.00,3960.0,95830.0,91392.0,0.0,0.0,0.5,0.0,80.677,0.000,0.0,677011.0
2026-09-01T02:54:13,0.2,4881,1547350,1531202,0.3,0.00,1.45,0.00,5.80,0.00,0.00,0.00,3960.0,95830.0,91392.0,0.0,0.0,0.5,0.0,80.701,0.000,0.0,688343.5
2026-09-01T02:54:14,1.5,4881,1547350,1531201,0.3,0.00,0.89,0.00,3.55,0.00,1.00,0.00,3960.0,95830.0,91392.0,0.0,0.0,0.5,0.0,80.694,0.000,0.0,687082.5
2026-09-01T02:54:15,0.2,4882,1547350,1531201,0.3,0.00,4.00,0.00,19.20,0.00,0.00,0.00,3960.0,95830.0,91392.0,0.0,0.0,0.5,0.0,80.707,0.000,0.0,685210.0
2026-09-01T02:54:16,0.2,4882,1547350,1531201,0.3,0.00,0.77,0.00,3.08,0.00,0.00,0.00,3960.0,95830.0,91392.0,0.0,0.0,0.5,0.0,80.656,0.000,0.0,698666.0
2026-09-01T02:54:17,0.2,4882,1547350,1531201,0.3,0.00,1.00,0.00,4.00,0.00,0.00,0.00,3960.0,95830.0,91392.0,0.0,0.0,0.5,0.0,80.645,0.000,0.0,657271.0
2026-09-01T02:54:19,0.2,4882,1547350,1531201,0.3,0.00,0.70,0.00,2.79,0.00,0.00,0.00,3960.0,95830.0,91392.0,0.0,0.0,0.5,0.0,80.669,0.000,0.0,674932.0
2026-09-01T02:54:20,0.2,4882,1547350,1531201,0.3,0.00,0.96,0.00,3.83,0.00,0.00,0.00,3960.0,95830.0,91392.0,0.0,0.0,0.5,0.0,80.684,0.000,0.0,676492.0
2026-09-01T02:54:21,0.2,4882,1547350,1531200,0.3,0.00,0.72,0.00,2.86,0.00,0.00,0.00,3960.0,95830.0,91392.0,0.0,0.0,0.5,0.0,80.609,0.000,0.0,663456.0
2026-09-01T02:54:23,0.2,4884,1547350,1531199,0.3,0.00,0.74,0.00,2.95,0.00,0.00,0.00,3960.0,95830.0,91392.0,0.0,0.0,0.5,0.0,80.583,0.000,0.0,673672.5
2026-09-01T02:54:24,0.2,4885,1547350,1531198,0.3,0.00,2.95,0.00,19.51,0.00,0.00,0.00,3960.0,95830.0,91392.0,0.0,0.0,0.5,0.0,80.688,0.000,0.0,673672.5
2026-09-01T02:54:25,0.2,4885,1547350,1531198,0.3,0.00,1.55,0.00,6.18,0.00,0.00,0.00,3960.0,95830.0,91392.0,0.0,0.0,0.5,0.0,80.638,0.000,0.0,690986.5
2026-09-01T02:54:26,0.2,4885,1547350,1531198,0.3,0.00,0.76,0.00,3.04,0.00,0.00,0.00,3960.0,95830.0,91392.0,0.0,0.0,0.5,0.0,80.665,0.000,0.0,673148.5
2026-09-01T02:54:27,0.2,4885,1547350,1531198,0.3,0.00,0.66,0.00,2.64,0.00,1.00,0.00,3960.0,95830.0,91392.0,0.0,0.0,0.5,0.0,80.697,0.000,0.0,679342.0
2026-09-01T02:54:29,0.2,4886,1547350,1531196,0.3,0.00,0.66,0.00,2.65,0.00,0.00,0.00,3960.0,95830.0,91392.0,0.0,0.0,0.5,0.0,80.690,0.000,0.0,666842.5
2026-09-01T02:54:30,0.2,4888,1547350,1531194,0.3,0.00,0.85,0.00,3.41,0.00,0.00,0.00,3960.0,95830.0,91392.0,0.0,0.0,0.5,0.0,80.695,0.000,0.0,666842.5
2026-09-01T02:54:31,0.3,4888,1547350,1531194,0.3,0.00,1.45,0.00,5.78,0.00,0.00,0.00,3960.0,95830.0,91392.0,0.0,0.0,0.5,0.0,80.676,0.000,0.0,746291.0
2026-09-01T02:54:31,0.2,4889,1547350,1531193,0.3,0.00,1.54,0.00,6.15,0.00,0.00,0.15,3960.0,95830.0,91392.0,0.0,0.0,0.5,0.0,80.675,0.000,0.0,746291.0
2026-09-01T02:54:32,0.2,4891,1547350,1531192,0.3,0.00,1.40,0.00,5.61,0.00,0.00,0.00,3960.0,95830.0,91392.0,0.0,0.0,0.5,0.0,80.688,0.000,0.0,663084.0
2026-09-01T02:54:34,0.2,4891,1547350,1531191,0.3,0.00,0.57,0.00,2.29,0.00,0.00,0.00,3960.0,95830.0,91392.0,0.0,0.0,0.5,0.0,80.684,0.000,0.0,696313.0
2026-09-01T02:54:35,0.2,4891,1547350,1531191,0.3,0.00,0.71,0.00,2.86,0.00,0.00,0.00,3960.0,95830.0,91392.0,0.0,0.0,0.5,0.0,80.744,0.000,0.0,664379.0
2026-09-01T02:54:37,0.2,4892,1547350,1531191,0.3,0.00,0.65,0.00,2.61,0.00,0.00,0.00,3960.0,95830.0,91392.0,0.0,0.0,0.5,0.0,80.642,0.000,0.0,664379.0
2026-09-01T02:54:37,0.2,4893,1547350,1531190,0.3,0.00,2.59,0.00,10.36,0.00,0.00,0.26,3960.0,95830.0,91392.0,0.0,0.0,0.5,0.0,80.606,0.000,0.0,781905.5
2026-09-01T02:54:38,0.2,4894,1547350,1531189,0.3,0.00,1.56,0.00,6.24,0.00,0.00,0.00,3960.0,95830.0,91392.0,0.0,0.0,0.5,0.0,80.713,0.000,0.0,781905.5
2026-09-01T02:54:38,0.2,4892,1547350,1531190,0.3,0.00,1.50,0.00,6.00,0.00,0.00,0.00,3960.0,95830.0,91392.0,0.0,0.0,0.5,0.0,80.684,0.000,0.0,676239.0
2026-09-01T02:54:40,0.2,4892,1547350,1531191,0.3,0.00,0.59,0.00,2.34,0.00,0.00,0.00,3960.0,95830.0,91392.0,0.0,0.0,0.5,0.0,80.758,0.000,0.0,661460.5
2026-09-01T02:54:42,0.2,4892,1547350,1531190,0.3,0.00,0.64,0.00,2.57,0.00,0.00,0.00,3960.0,95830.0,91392.0,0.0,0.0,0.5,0.0,80.718,0.000,0.0,664750.0
2026-09-01T02:54:43,0.2,4892,1547350,1531190,0.3,0.00,0.86,0.00,3.42,0.00,0.00,0.00,3960.0,95830.0,91392.0,0.0,0.0,0.5,0.0,80.710,0.000,0.0,687526.0
2026-09-01T02:54:44,0.2,4893,1547350,1531190,0.3,0.00,0.99,0.00,3.94,0.00,0.00,0.00,3960.0,95830.0,91392.0,0.0,0.0,0.5,0.0,80.738,0.000,0.0,687526.0
2026-09-01T02:54:45,0.2,4893,1547350,1531190,0.3,0.00,1.20,0.00,4.79,0.00,0.00,0.00,3960.0,95830.0,91392.0,0.0,0.0,0.5,0.0,80.778,0.000,0.0,682897.0
2026-09-01T02:54:46,0.2,4892,1547350,1531190,0.3,0.00,1.64,0.00,6.57,0.00,0.50,0.00,3960.0,95830.0,91392.0,0.0,0.0,0.5,0.0,80.762,0.000,0.0,682897.0
2026-09-01T02:54:47,0.2,4892,1547350,1531191,0.3,0.00,0.98,0.00,3.94,0.00,0.00,0.00,3960.0,95830.0,91392.0,0.0,0.0,0.5,0.0,80.827,0.000,0.0,697379.5
2026-09-01T02:54:49,0.2,4893,1547350,1531189,0.3,0.00,0.62,0.00,2.48,0.00,0.00,0.00,3960.0,95830.0,91392.0,0.0,0.0,0.5,0.0,80.747,0.000,0.0,697379.5
2026-09-01T02:54:49,0.2,4895,1547350,1531188,0.3,0.00,1.26,0.00,5.06,0.00,0.00,0.00,3960.0,95830.0,91392.0,0.0,0.0,0.5,0.0,80.908,0.000,0.0,689725.0
2026-09-01T02:54:51,0.2,4894,1547350,1531189,0.3,0.00,0.63,0.00,2.51,0.00,0.00,0.00,3960.0,95830.0,91392.0,0.0,0.0,0.5,0.0,80.916,0.000,0.0,655425.0
2026-09-01T02:54:53,0.2,4895,1547350,1531188,0.3,0.00,0.61,0.00,2.45,0.00,0.00,0.00,3960.0,95830.0,91392.0,0.0,0.0,0.5,0.0,80.850,0.000,0.0,676516.5
2026-09-01T02:54:54,0.2,4895,1547350,1531187,0.3,0.00,12.81,0.00,141.38,0.00,0.08,0.00,3960.0,95830.0,91392.0,0.0,0.0,0.5,0.0,80.883,0.000,0.0,668800.0
2026-09-01T02:54:55,0.2,4896,1547350,1531187,0.3,0.00,0.56,0.00,2.26,0.00,0.00,0.00,3960.0,95830.0,91392.0,0.0,0.0,0.5,0.0,80.876,0.000,0.0,652929.5
2026-09-01T02:54:57,0.2,4896,1547350,1531186,0.3,0.00,0.61,0.00,2.44,0.00,0.00,0.00,3960.0,95830.0,91392.0,0.0,0.0,0.5,0.0,80.889,0.000,0.0,689845.0
2026-09-01T02:54:58,0.2,4896,1547350,1531187,0.3,0.00,0.72,0.00,2.87,0.00,0.00,0.00,3960.0,95830.0,91392.0,0.0,0.0,0.5,0.0,80.880,0.000,0.0,689588.5
2026-09-01T02:55:00,0.2,4896,1547350,1531186,0.3,0.00,0.61,0.00,2.45,0.00,0.00,0.00,3960.0,95830.0,91392.0,0.0,0.0,0.5,0.0,80.894,0.000,0.0,689588.5
2026-09-01T02:55:00,0.3,4896,1547350,1531186,0.3,0.00,2.51,0.00,10.03,0.00,0.00,0.00,3960.0,95830.0,91392.0,0.0,0.0,0.5,0.0,80.960,0.000,0.0,755623.0
2026-09-01T02:55:01,0.3,4900,1547350,1531183,0.3,0.00,1.18,0.00,4.73,0.00,0.00,0.00,3960.0,95830.0,91392.0,0.0,0.0,0.5,0.0,80.878,0.000,0.0,678979.5
2026-09-01T02:55:02,0.2,4901,1547350,1531181,0.3,0.00,0.89,0.00,3.54,0.00,0.00,0.00,3960.0,95830.0,91392.0,0.0,0.0,0.5,0.0,80.910,0.000,0.0,687068.5
2026-09-01T02:55:03,0.2,4901,1547350,1531182,0.3,0.00,0.96,0.00,3.84,0.00,0.00,0.00,3960.0,95830.0,91392.0,0.0,0.0,0.5,0.0,80.917,0.000,0.0,673084.0
2026-09-01T02:55:05,0.2,4900,1547350,1531182,0.3,0.00,0.71,0.00,2.82,0.00,0.00,0.00,3960.0,95830.0,91392.0,0.0,0.0,0.5,0.0,80.917,0.000,0.0,659260.5
2026-09-01T02:55:06,0.2,4901,1547350,1531182,0.3,0.00,0.79,0.00,3.16,0.00,0.00,0.00,3960.0,95830.0,91392.0,0.0,0.0,0.5,0.0,80.919,0.000,0.0,659260.5
2026-09-01T02:55:07,0.2,4901,1547350,1531182,0.3,0.00,1.79,0.00,7.14,0.00,0.00,0.00,3960.0,95830.0,91392.0,0.0,0.0,0.5,0.0,80.864,0.000,0.0,684438.0
2026-09-01T02:55:08,0.2,4902,1547350,1531181,0.3,0.00,0.63,0.00,2.52,0.00,0.00,0.00,3960.0,95830.0,91392.0,0.0,0.0,0.5,0.0,80.899,0.000,0.0,685112.0
2026-09-01T02:55:10,0.2,4904,1547350,1531179,0.3,0.00,0.54,0.00,2.14,0.00,1.00,0.00,3960.0,95830.0,91392.0,0.0,0.0,0.5,0.0,80.881,0.000,0.0,665368.0
2026-09-01T02:55:12,0.2,4902,1547350,1531181,0.3,0.00,0.64,0.00,2.57,0.00,0.00,0.00,3960.0,95830.0,91392.0,0.0,0.0,0.5,0.0,80.899,0.000,0.0,729839.0
2026-09-01T02:55:13,0.2,4902,1547350,1531181,0.3,0.00,0.98,0.00,3.94,0.00,0.00,0.00,3960.0,95830.0,91392.0,0.0,0.0,0.5,0.0,80.849,0.000,0.0,679830.5
2026-09-01T02:55:14,0.2,4902,1547350,1531180,0.3,0.00,0.71,0.00,2.82,0.00,0.00,0.00,3960.0,95830.0,91392.0,0.0,0.0,0.5,0.0,80.918,0.000,0.0,696503.5
2026-09-01T02:55:16,0.2,4902,1547350,1531180,0.3,0.00,0.65,0.00,2.60,0.00,0.00,0.00,3960.0,95830.0,91392.0,0.0,0.0,0.5,0.0,80.854,0.000,0.0,685074.0
2026-09-01T02:55:17,0.3,4904,1547350,1531179,0.3,0.00,2.61,0.00,13.91,0.00,0.00,0.00,3960.0,95830.0,91392.0,0.0,0.0,0.5,0.0,80.837,0.000,0.0,702323.0
2026-09-01T02:55:18,0.2,4905,1547350,1531178,0.3,0.00,0.87,0.00,3.49,0.00,0.00,0.00,3960.0,95830.0,91392.0,0.0,0.0,0.5,0.0,80.904,0.000,0.0,702323.0
2026-09-01T02:55:19,0.3,4905,1547350,1531178,0.3,0.00,2.00,0.00,8.00,0.00,0.00,0.00,3960.0,95830.0,91392.0,0.0,0.0,0.5,0.0,80.939,0.000,0.0,824453.5
2026-09-01T02:55:19,0.3,4905,1547350,1531177,0.3,0.00,2.64,0.00,10.55,0.00,0.00,0.00,3960.0,95830.0,91392.0,0.0,0.0,0.5,0.0,80.900,0.000,0.0,677636.0
2026-09-01T02:55:20,0.2,4907,1547350,1531176,0.3,0.00,0.78,0.00,3.10,0.00,0.00,0.00,3960.0,95830.0,91392.0,0.0,0.0,0.5,0.0,80.878,0.000,0.0,682716.0
2026-09-01T02:55:21,0.2,4907,1547350,1531176,0.3,0.00,1.08,0.00,4.33,0.00,0.00,0.00,3960.0,95830.0,91392.0,0.0,0.0,0.5,0.0,80.901,0.000,0.0,682716.0
2026-09-01T02:55:22,0.2,4908,1547350,1531175,0.3,0.00,1.24,0.00,4.96,0.00,0.00,0.00,3960.0,95830.0,91392.0,0.0,0.0,0.5,0.0,80.870,0.000,0.0,702729.5
2026-09-01T02:55:23,0.2,4907,1547350,1531175,0.3,0.00,0.76,0.00,3.06,0.00,0.00,0.00,3960.0,95830.0,91392.0,0.0,0.0,0.5,0.0,80.872,0.000,0.0,644129.5
2026-09-01T02:55:25,0.2,4908,1547350,1531174,0.3,0.00,1.51,0.00,17.71,0.00,0.00,0.00,3960.0,95830.0,91392.0,0.0,0.0,0.5,0.0,80.935,0.000,0.0,679482.5
2026-09-01T02:55:26,0.2,4909,1547350,1531174,0.3,0.00,0.65,0.00,2.60,0.00,0.00,0.00,3960.0,95830.0,91392.0,0.0,0.0,0.5,0.0,80.859,0.000,0.0,663264.5
2026-09-01T02:55:28,0.2,4910,1547350,1531173,0.3,0.00,0.71,0.00,2.82,0.00,1.00,0.00,3960.0,95830.0,91392.0,0.0,0.0,0.5,0.0,80.858,0.000,0.0,660965.0
2026-09-01T02:55:29,0.2,4909,1547350,1531173,0.3,0.00,0.69,0.00,2.77,0.00,0.00,0.00,3960.0,95830.0,91392.0,0.0,0.0,0.5,0.0,80.831,0.000,0.0,658342.5
2026-09-01T02:55:30,0.2,4910,1547350,1531172,0.3,0.00,0.71,0.00,2.82,0.00,0.00,0.00,3960.0,95830.0,91392.0,0.0,0.0,0.5,0.0,80.889,0.000,0.0,667653.0
2026-09-01T02:55:32,0.2,4910,1547350,1531173,0.3,0.00,4.11,0.00,16.43,0.00,0.00,0.00,3960.0,95830.0,91392.0,0.0,0.0,0.5,0.0,80.880,0.000,0.0,679419.0
2026-09-01T02:55:33,0.2,4910,1547350,1531173,0.3,0.00,1.00,0.00,3.99,0.00,0.00,0.00,3960.0,95830.0,91392.0,0.0,0.0,0.5,0.0,80.839,0.000,0.0,679419.0
2026-09-01T02:55:33,0.2,4911,1547350,1531172,0.3,0.00,1.81,0.00,7.23,0.00,0.00,0.00,3960.0,95830.0,91392.0,0.0,0.0,0.5,0.0,80.907,0.000,0.0,695775.5
2026-09-01T02:55:35,0.2,4912,1547350,1531171,0.3,0.00,0.68,0.00,2.72,0.00,0.00,0.00,3960.0,95830.0,91392.0,0.0,0.0,0.5,0.0,80.989,0.000,0.0,695775.5
2026-09-01T02:55:36,0.2,4912,1547350,1531171,0.3,0.00,1.00,0.00,4.01,0.00,0.00,0.00,3960.0,95830.0,91392.0,0.0,0.0,0.5,0.0,80.925,0.000,0.0,658599.0
2026-09-01T02:55:37,0.2,4915,1547350,1531168,0.3,0.00,0.66,0.00,2.64,0.00,0.00,0.00,3960.0,95830.0,91392.0,0.0,0.0,0.5,0.0,80.993,0.000,0.0,703511.5
2026-09-01T02:55:39,0.2,4915,1547350,1531168,0.3,0.00,0.85,0.00,3.40,0.00,0.00,0.00,3960.0,95830.0,91392.0,0.0,0.0,0.5,0.0,81.002,0.000,0.0,669539.5
2026-09-01T02:55:40,0.2,4914,1547350,1531168,0.3,0.00,0.75,0.00,3.00,0.00,0.00,0.00,3960.0,95830.0,91392.0,0.0,0.0,0.5,0.0,80.923,0.000,0.0,669539.5
2026-09-01T02:55:41,0.2,4914,1547350,1531169,0.3,0.00,1.27,0.00,5.06,0.00,0.00,0.00,3960.0,95830.0,91392.0,0.0,0.0,0.5,0.0,80.972,0.000,0.0,714214.5
2026-09-01T02:55:41,0.3,4914,1547350,1531169,0.3,0.00,1.72,0.00,6.86,0.00,0.00,0.00,3960.0,95830.0,91392.0,0.0,0.0,0.5,0.0,80.945,0.000,0.0,668472.0
2026-09-01T02:55:43,0.2,4914,1547350,1531168,0.3,0.00,1.21,0.00,4.85,0.00,0.50,0.00,3960.0,95830.0,91392.0,0.0,0.0,0.5,0.0,80.878,0.000,0.0,651309.0
2026-09-01T02:55:44,0.2,4915,1547350,1531168,0.3,0.00,0.65,0.00,2.62,0.00,0.00,0.00,3960.0,95830.0,91392.0,0.0,0.0,0.5,0.0,81.041,0.000,0.0,649410.5
2026-09-01T02:55:46,0.2,4915,1547350,1531168,0.3,0.00,0.58,0.00,2.30,0.00,0.00,0.00,3960.0,95830.0,91392.0,0.0,0.0,0.5,0.0,81.111,0.000,0.0,662454.0
2026-09-01T02:55:48,0.2,4915,1547350,1531168,0.3,0.00,1.49,0.00,5.96,0.00,0.00,0.00,3960.0,95830.0,91392.0,0.0,0.0,0.5,0.0,81.089,0.000,0.0,663648.0
2026-09-01T02:55:49,0.2,4915,1547350,1531168,0.3,0.00,0.63,0.00,2.54,0.00,0.00,0.00,3960.0,95830.0,91392.0,0.0,0.0,0.5,0.0,81.013,0.000,0.0,663648.0
2026-09-01T02:55:50,0.2,4916,1547350,1531167,0.3,0.00,1.14,0.00,4.56,0.00,0.00,0.00,3960.0,95830.0,91392.0,0.0,0.0,0.5,0.0,81.035,0.000,0.0,702322.0
2026-09-01T02:55:51,0.2,4916,1547350,1531167,0.3,0.00,1.36,0.00,5.43,0.00,0.00,0.00,3960.0,95830.0,91392.0,0.0,0.0,0.5,0.0,81.037,0.000,0.0,681284.5
2026-09-01T02:55:52,0.2,4917,1547350,1531166,0.3,0.00,0.80,0.00,3.21,0.00,0.00,0.00,3960.0,95830.0,91392.0,0.0,0.0,0.5,0.0,81.051,0.000,0.0,681284.5
2026-09-01T02:55:53,0.2,4918,1547350,1531165,0.3,0.00,1.63,0.00,6.51,0.00,0.00,0.00,3960.0,95830.0,91392.0,0.0,0.0,0.5,0.0,80.978,0.000,0.0,727136.5
2026-09-01T02:55:53,0.3,4918,1547350,1531165,0.3,0.00,1.56,0.00,6.22,0.00,0.00,0.16,3960.0,95830.0,91392.0,0.0,0.0,0.5,0.0,81.014,0.000,0.0,727136.5
2026-09-01T02:55:54,0.2,4918,1547350,1531165,0.3,0.00,2.46,0.00,9.83,0.00,0.00,0.00,3960.0,95830.0,91392.0,0.0,0.0,0.5,0.0,81.060,0.000,0.0,729602.5
2026-09-01T02:55:55,0.2,4918,1547350,1531165,0.3,0.00,5.09,0.00,45.12,0.00,0.14,0.00,3960.0,95830.0,91392.0,0.0,0.0,0.5,0.0,81.114,0.000,0.0,729602.5
2026-09-01T02:55:56,0.2,4919,1547350,1531164,0.3,0.00,1.21,0.00,4.83,0.00,0.00,0.00,3960.0,95830.0,91392.0,0.0,0.0,0.5,0.0,81.053,0.000,0.0,671577.5
2026-09-01T02:55:58,0.2,4919,1547350,1531164,0.3,0.00,0.56,0.00,2.25,0.00,0.00,0.00,3960.0,95830.0,91392.0,0.0,0.0,0.5,0.0,81.114,0.000,0.0,657645.5
2026-09-01T02:55:59,0.2,4918,1547350,1531165,0.3,0.00,0.62,0.00,2.47,0.00,0.00,0.00,3960.0,95830.0,91392.0,0.0,0.0,0.5,0.0,81.113,0.000,0.0,661356.0
2026-09-01T02:56:01,0.3,4923,1547350,1531160,0.3,0.00,0.55,0.00,2.21,0.00,0.00,0.00,3960.0,95830.0,91392.0,0.0,0.0,0.5,0.0,81.113,0.000,0.0,690542.5
2026-09-01T02:56:02,0.2,4924,1547350,1531158,0.3,0.00,1.00,0.00,4.01,0.00,0.00,0.00,3960.0,95830.0,91392.0,0.0,0.0,0.5,0.0,81.116,0.000,0.0,751608.0
2026-09-01T02:56:03,0.2,4924,1547350,1531158,0.3,0.00,0.69,0.00,2.76,0.00,0.00,0.00,3960.0,95830.0,91392.0,0.0,0.0,0.5,0.0,81.115,0.000,0.0,679313.0
2026-09-01T02:56:05,0.2,4924,1547350,1531158,0.3,0.00,0.86,0.00,3.45,0.00,0.00,0.00,3960.0,95830.0,91392.0,0.0,0.0,0.5,0.0,81.113,0.000,0.0,653974.0
2026-09-01T02:56:06,0.2,4924,1547350,1531159,0.3,0.00,0.55,0.00,2.18,0.00,0.00,0.05,3960.0,95830.0,91392.0,0.0,0.0,0.5,0.0,81.141,0.000,0.0,649313.0
2026-09-01T02:56:08,0.2,4924,1547350,1531159,0.3,0.00,0.62,0.00,2.48,0.00,0.00,0.00,3960.0,95830.0,91392.0,0.0,0.0,0.5,0.0,81.125,0.000,0.0,637492.5
2026-09-01T02:56:10,0.2,4924,1547350,1531159,0.3,0.00,0.56,0.00,2.23,0.00,0.00,0.00,3960.0,95830.0,91392.0,0.0,0.0,0.5,0.0,81.066,0.000,0.0,690757.5
2026-09-01T02:56:11,0.2,4919,1547350,1531163,0.3,0.00,0.69,0.00,2.76,0.00,0.00,0.07,3960.0,95830.0,91392.0,0.0,0.0,0.5,0.0,81.073,0.000,0.0,651892.0
2026-09-01T02:56:13,0.2,4920,1547350,1531162,0.3,0.00,0.56,0.00,2.25,0.00,0.00,0.00,3960.0,95830.0,91392.0,0.0,0.0,0.5,0.0,81.136,0.000,0.0,655757.5
2026-09-01T02:56:14,0.2,4921,1547350,1531161,0.3,0.00,0.81,0.00,3.26,0.00,0.00,0.00,3960.0,95830.0,91392.0,0.0,0.0,0.5,0.0,81.062,0.000,0.0,677953.5
2026-09-01T02:56:16,0.2,4922,1547350,1531161,0.3,0.00,0.65,0.00,2.58,0.00,0.00,0.00,3960.0,95830.0,91392.0,0.0,0.0,0.5,0.0,81.069,0.000,0.0,668303.0
2026-09-01T02:56:17,0.2,4923,1547350,1531160,0.3,0.00,0.74,0.00,2.95,0.00,0.00,0.07,3960.0,95830.0,91392.0,0.0,0.0,0.5,0.0,81.053,0.000,0.0,640976.5
2026-09-01T02:56:19,0.2,4922,1547350,1531160,0.3,0.00,2.99,0.00,11.94,0.00,0.25,0.00,3960.0,95830.0,91392.0,0.0,0.0,0.5,0.0,81.075,0.000,0.0,687587.0
2026-09-01T02:56:20,0.2,4922,1547350,1531160,0.3,0.00,0.65,0.00,2.61,0.00,0.00,0.00,3960.0,95830.0,91392.0,0.0,0.0,0.5,0.0,81.130,0.000,0.0,735517.5
2026-09-01T02:56:21,0.2,4923,1547350,1531160,0.3,0.00,0.91,0.00,3.65,0.00,0.00,0.00,3960.0,95830.0,91392.0,0.0,0.0,0.5,0.0,81.153,0.000,0.0,661837.5
2026-09-01T02:56:23,0.2,4923,1547350,1531160,0.3,0.00,0.70,0.00,2.78,0.00,0.00,0.00,3960.0,95830.0,91392.0,0.0,0.0,0.5,0.0,81.056,0.000,0.0,658228.0
2026-09-01T02:56:24,0.2,4923,1547350,1531160,0.3,0.00,0.61,0.00,2.43,0.00,0.00,0.00,3960.0,95830.0,91392.0,0.0,0.0,0.5,0.0,81.178,0.000,0.0,642041.5
2026-09-01T02:56:26,0.2,4923,1547350,1531159,0.3,0.00,2.18,0.00,17.42,0.00,0.00,0.00,3960.0,95830.0,91392.0,0.0,0.0,0.5,0.0,81.085,0.000,0.0,669975.0
2026-09-01T02:56:27,0.2,4923,1547350,1531160,0.3,0.00,0.59,0.00,2.37,0.00,0.00,0.00,3960.0,95830.0,91392.0,0.0,0.0,0.5,0.0,81.120,0.000,0.0,669975.0
2026-09-01T02:56:28,0.2,4924,1547350,1531159,0.3,0.00,1.24,0.00,4.94,0.00,0.00,0.00,3960.0,95830.0,91392.0,0.0,0.0,0.5,0.0,81.129,0.000,0.0,693129.0
2026-09-01T02:56:29,0.2,4923,1547350,1531160,0.3,0.00,0.99,0.00,3.94,0.00,0.00,0.00,3960.0,95830.0,91392.0,0.0,0.0,0.5,0.0,81.124,0.000,0.0,693129.0
2026-09-01T02:56:30,0.2,4924,1547350,1531159,0.3,0.00,0.99,0.00,3.96,0.00,0.00,0.00,3960.0,95830.0,91392.0,0.0,0.0,0.5,0.0,81.142,0.000,0.0,709368.5
2026-09-01T02:56:31,0.2,4924,1547350,1531159,0.3,0.00,1.69,0.00,6.76,0.00,0.00,0.00,3960.0,95830.0,91392.0,0.0,0.0,0.5,0.0,81.161,0.000,0.0,658570.5
2026-09-01T02:56:32,0.2,4924,1547350,1531159,0.3,0.00,0.64,0.00,2.54,0.00,0.00,0.00,3960.0,95830.0,91392.0,0.0,0.0,0.5,0.0,81.139,0.000,0.0,657837.5
2026-09-01T02:56:34,0.2,4924,1547350,1531159,0.3,0.00,3.74,0.00,17.47,0.00,0.17,0.06,3960.0,95830.0,91392.0,0.0,0.0,0.5,0.0,81.124,0.000,0.0,677041.0
2026-09-01T02:56:36,0.2,4924,1547350,1531159,0.3,0.00,0.62,0.00,2.49,0.00,0.00,0.00,3960.0,95830.0,91392.0,0.0,0.0,0.5,0.0,81.130,0.000,0.0,677041.0
2026-09-01T02:56:37,0.2,4924,1547350,1531159,0.3,0.00,0.98,0.00,3.91,0.00,0.00,0.00,3960.0,95830.0,91392.0,0.0,0.0,0.5,0.0,81.115,0.000,0.0,675022.5
2026-09-01T02:56:38,0.2,4924,1547350,1531159,0.3,0.00,0.61,0.00,2.43,0.00,0.00,0.06,3960.0,95830.0,91392.0,0.0,0.0,0.5,0.0,81.173,0.000,0.0,675022.5
2026-09-01T02:56:39,0.3,4925,1547350,1531158,0.3,0.00,2.27,0.00,9.09,0.00,0.00,0.00,3960.0,95830.0,91392.0,0.0,0.0,0.5,0.0,81.130,0.000,0.0,705081.0
2026-09-01T02:56:40,0.2,4925,1547350,1531158,0.3,0.00,1.02,0.00,4.08,0.00,0.00,0.00,3960.0,95830.0,91392.0,0.0,0.0,0.5,0.0,81.168,0.000,0.0,705081.0
2026-09-01T02:56:40,0.2,4925,1547350,1531158,0.3,0.00,1.65,0.00,6.60,0.00,0.00,0.00,3960.0,95830.0,91392.0,0.0,0.0,0.5,0.0,81.122,0.000,0.0,697844.0
2026-09-01T02:56:43,0.1,4924,1547350,1531158,0.3,0.00,0.79,0.00,3.17,0.00,0.00,0.00,3960.0,95830.0,91392.0,0.0,0.0,0.5,0.0,81.196,0.000,0.0,618995.0
2026-09-01T02:56:50,0.2,4600,1547350,1531517,0.3,0.00,0.13,0.00,0.52,0.00,0.00,0.00,4.0,95830.0,95347.0,0.0,0.0,0.5,0.0,65.693,0.001,0.0,3800898.0
2026-09-01T02:56:51,0.2,4600,1547350,1531517,0.3,0.00,1.36,0.00,5.45,0.00,0.00,0.00,4.0,95830.0,95347.0,0.0,0.0,0.5,0.0,65.646,0.000,0.0,664914.5
2026-09-01T02:56:53,0.2,4600,1547350,1531517,0.3,0.00,0.68,0.00,2.70,0.00,0.00,0.00,4.0,95830.0,95347.0,0.0,0.0,0.5,0.0,65.666,0.000,0.0,693650.0
2026-09-01T02:56:54,0.2,4599,1547350,1531517,0.3,0.00,1.58,0.00,9.46,0.00,0.00,0.00,4.0,95830.0,95347.0,0.0,0.0,0.5,0.0,65.668,0.000,0.0,693650.0
2026-09-01T02:56:55,0.2,4600,1547350,1531517,0.3,0.00,9.22,0.00,72.00,0.00,0.12,0.00,4.0,95830.0,95347.0,0.0,0.0,0.5,0.0,65.650,0.000,0.0,693883.0
2026-09-01T02:56:56,0.2,4600,1547350,1531517,0.3,0.00,0.61,0.00,2.42,0.00,0.00,0.00,4.0,95830.0,95347.0,0.0,0.0,0.5,0.0,65.633,0.000,0.0,648810.5
2026-09-01T02:56:58,0.2,4600,1547350,1531516,0.3,0.00,0.58,0.00,2.30,0.00,0.00,0.00,4.0,95830.0,95347.0,0.0,0.0,0.5,0.0,65.659,0.000,0.0,675774.0
2026-09-01T02:56:59,0.2,4601,1547350,1531516,0.3,0.00,0.82,0.00,3.28,0.00,0.00,0.00,4.0,95830.0,95347.0,0.0,0.0,0.5,0.0,65.616,0.000,0.0,657051.5
2026-09-01T02:57:01,0.2,4607,1547350,1531510,0.3,0.00,0.70,0.00,2.79,0.00,0.00,0.00,4.0,95830.0,95347.0,0.0,0.0,0.5,0.0,65.609,0.000,0.0,650880.0
2026-09-01T02:57:03,0.3,4606,1547350,1531511,0.3,0.00,0.56,0.00,2.23,0.00,0.00,0.00,4.0,95830.0,95347.0,0.0,0.0,0.5,0.0,65.599,0.000,0.0,693381.0
2026-09-01T02:57:04,0.2,4608,1547350,1531509,0.3,0.00,0.83,0.00,3.33,0.00,0.00,0.00,4.0,95830.0,95347.0,0.0,0.0,0.5,0.0,65.587,0.000,0.0,682031.0
2026-09-01T02:57:05,0.2,4607,1547350,1531509,0.3,0.00,0.83,0.00,3.33,0.00,0.00,0.00,4.0,95830.0,95347.0,0.0,0.0,0.5,0.0,65.558,0.000,0.0,649331.0
2026-09-01T02:57:07,0.2,4608,1547350,1531509,0.3,0.00,0.55,0.00,2.19,0.00,0.00,0.05,4.0,95830.0,95347.0,0.0,0.0,0.5,0.0,65.520,0.000,0.0,693022.0
2026-09-01T02:57:08,0.2,4607,1547350,1531510,0.3,0.00,0.96,0.00,3.84,0.00,0.00,0.00,4.0,95830.0,95347.0,0.0,0.0,0.5,0.0,65.516,0.000,0.0,682348.0
2026-09-01T02:57:10,0.2,4607,1547350,1531510,0.3,0.00,0.57,0.00,2.28,0.00,0.00,0.00,4.0,95830.0,95347.0,0.0,0.0,0.5,0.0,65.508,0.000,0.0,687359.5
2026-09-01T02:57:11,0.2,4604,1547350,1531513,0.3,0.00,0.66,0.00,2.65,0.00,0.00,0.07,4.0,95830.0,95347.0,0.0,0.0,0.5,0.0,65.477,0.000,0.0,647645.5
2026-09-01T02:57:13,0.2,4604,1547350,1531512,0.3,0.00,0.54,0.00,2.17,0.00,0.00,0.00,4.0,95830.0,95347.0,0.0,0.0,0.5,0.0,65.463,0.000,0.0,682967.0
2026-09-01T02:57:14,0.2,4604,1547350,1531512,0.3,0.00,0.66,0.00,2.66,0.00,1.00,0.00,4.0,95830.0,95347.0,0.0,0.0,0.5,0.0,65.447,0.000,0.0,646037.5
2026-09-01T02:57:16,0.2,4605,1547350,1531511,0.3,0.00,0.57,0.00,2.28,0.00,0.00,0.00,4.0,95830.0,95347.0,0.0,0.0,0.5,0.0,65.417,0.000,0.0,699957.0
2026-09-01T02:57:18,0.2,4605,1547350,1531512,0.3,0.00,0.69,0.00,2.77,0.00,0.00,0.00,4.0,95830.0,95347.0,0.0,0.0,0.5,0.0,65.391,0.000,0.0,682954.0
2026-09-01T02:57:19,0.2,4605,1547350,1531511,0.3,0.00,1.01,0.00,4.04,0.00,0.00,0.00,4.0,95830.0,95347.0,0.0,0.0,0.5,0.0,65.386,0.000,0.0,670615.5
2026-09-01T02:57:20,0.2,4606,1547350,1531510,0.3,0.00,0.77,0.00,3.07,0.00,0.00,0.00,4.0,95830.0,95347.0,0.0,0.0,0.5,0.0,65.388,0.000,0.0,672415.0
2026-09-01T02:57:21,0.2,4607,1547350,1531509,0.3,0.00,0.72,0.00,2.90,0.00,0.00,0.00,4.0,95830.0,95347.0,0.0,0.0,0.5,0.0,65.415,0.000,0.0,671861.5
2026-09-01T02:57:23,0.2,4608,1547350,1531509,0.3,0.00,0.79,0.00,3.15,0.00,0.00,0.00,4.0,95830.0,95347.0,0.0,0.0,0.5,0.0,65.415,0.000,0.0,665171.0
2026-09-01T02:57:24,0.2,4607,1547350,1531510,0.3,0.00,0.71,0.00,2.84,0.00,0.00,0.00,4.0,95830.0,95347.0,0.0,0.0,0.5,0.0,65.397,0.000,0.0,662007.5
2026-09-01T02:57:26,0.2,4609,1547350,1531508,0.3,0.00,3.92,0.00,24.17,0.00,0.00,0.00,4.0,95830.0,95347.0,0.0,0.0,0.5,0.0,65.403,0.000,0.0,662007.5
2026-09-01T02:57:26,0.2,4609,1547350,1531508,0.3,0.00,1.88,0.00,7.53,0.00,0.00,0.00,4.0,95830.0,95347.0,0.0,0.0,0.5,0.0,65.395,0.000,0.0,703203.0
2026-09-01T02:57:27,0.2,4609,1547350,1531508,0.3,0.00,0.97,0.00,3.87,0.00,0.00,0.00,4.0,95830.0,95347.0,0.0,0.0,0.5,0.0,65.382,0.000,0.0,692123.5
2026-09-01T02:57:28,0.2,4609,1547350,1531508,0.3,0.00,0.89,0.00,3.55,0.00,0.00,0.00,4.0,95830.0,95347.0,0.0,0.0,0.5,0.0,65.377,0.000,0.0,692123.5
2026-09-01T02:57:29,0.2,4608,1547350,1531509,0.3,0.00,1.15,0.00,4.60,0.00,0.00,0.00,4.0,95830.0,95347.0,0.0,0.0,0.5,0.0,65.357,0.000,0.0,715787.5
2026-09-01T02:57:30,0.2,4608,1547350,1531509,0.3,0.00,1.01,0.00,4.06,0.00,0.00,0.00,4.0,95830.0,95347.0,0.0,0.0,0.5,0.0,65.393,0.000,0.0,692644.5
2026-09-01T02:57:31,0.2,4608,1547350,1531509,0.3,0.00,1.06,0.00,4.24,0.00,1.00,0.00,4.0,95830.0,95347.0,0.0,0.0,0.5,0.0,65.381,0.000,0.0,692644.5
2026-09-01T02:57:31,0.3,4608,1547350,1531509,0.3,0.00,3.25,0.00,12.99,0.00,0.00,0.00,4.0,95830.0,95347.0,0.0,0.0,0.5,0.0,65.385,0.000,0.0,692644.5
2026-09-01T02:57:32,0.2,4608,1547350,1531509,0.3,0.00,2.94,0.00,11.76,0.00,0.00,0.00,4.0,95830.0,95347.0,0.0,0.0,0.5,0.0,65.371,0.000,0.0,910172.5
2026-09-01T02:57:32,0.2,4608,1547350,1531509,0.3,0.00,1.84,0.00,7.37,0.00,0.00,0.18,4.0,95830.0,95347.0,0.0,0.0,0.5,0.0,65.362,0.000,0.0,910172.5
2026-09-01T02:57:33,0.2,4608,1547350,1531509,0.3,0.00,1.05,0.00,4.21,0.00,0.00,0.00,4.0,95830.0,95347.0,0.0,0.0,0.5,0.0,65.342,0.000,0.0,707693.0
2026-09-01T02:57:34,0.2,4608,1547350,1531509,0.3,0.00,1.29,0.00,5.17,0.00,0.00,0.00,4.0,95830.0,95347.0,0.0,0.0,0.5,0.0,65.339,0.000,0.0,669697.5
2026-09-01T02:57:35,0.2,4609,1547350,1531508,0.3,0.00,4.49,0.00,17.96,0.00,0.00,0.07,4.0,95830.0,95347.0,0.0,0.0,0.5,0.0,65.317,0.000,0.0,673841.0
2026-09-01T02:57:37,0.2,4610,1547350,1531507,0.3,0.00,0.66,0.00,2.62,0.00,0.00,0.00,4.0,95830.0,95347.0,0.0,0.0,0.5,0.0,65.304,0.000,0.0,655150.5
2026-09-01T02:57:38,0.2,4610,1547350,1531507,0.3,0.00,0.66,0.00,2.64,0.00,0.00,0.00,4.0,95830.0,95347.0,0.0,0.0,0.5,0.0,65.285,0.000,0.0,661749.0
2026-09-01T02:57:40,0.2,4610,1547350,1531507,0.3,0.00,0.61,0.00,2.44,0.00,0.00,0.00,4.0,95830.0,95347.0,0.0,0.0,0.5,0.0,65.279,0.000,0.0,682741.5
2026-09-01T02:57:41,0.2,4610,1547350,1531507,0.3,0.00,0.99,0.00,3.94,0.00,0.00,0.00,4.0,95830.0,95347.0,0.0,0.0,0.5,0.0,65.287,0.000,0.0,682741.5
2026-09-01T02:57:42,0.2,4610,1547350,1531507,0.3,0.00,1.52,0.00,6.07,0.00,0.00,0.00,4.0,95830.0,95347.0,0.0,0.0,0.5,0.0,65.297,0.000,0.0,778189.5
2026-09-01T02:57:42,0.3,4611,1547350,1531506,0.3,0.00,2.46,0.00,9.83,0.00,0.00,0.00,4.0,95830.0,95347.0,0.0,0.0,0.5,0.0,65.274,0.000,0.0,674604.0
2026-09-01T02:57:43,0.2,4610,1547350,1531507,0.3,0.00,0.71,0.00,2.85,0.00,1.00,0.00,4.0,95830.0,95347.0,0.0,0.0,0.5,0.0,65.231,0.000,0.0,666960.0
2026-09-01T02:57:45,0.2,4611,1547350,1531506,0.3,0.00,1.24,0.00,4.97,0.00,0.00,0.00,4.0,95830.0,95347.0,0.0,0.0,0.5,0.0,65.251,0.000,0.0,679680.0
2026-09-01T02:57:46,0.2,4611,1547350,1531506,0.3,0.00,0.90,0.00,3.59,0.00,0.00,0.00,4.0,95830.0,95347.0,0.0,0.0,0.5,0.0,65.240,0.000,0.0,679680.0
2026-09-01T02:57:47,0.2,4611,1547350,1531505,0.3,0.00,2.02,0.00,8.10,0.00,0.00,0.00,4.0,95830.0,95347.0,0.0,0.0,0.5,0.0,65.233,0.000,0.0,677716.0
2026-09-01T02:57:49,0.2,4611,1547350,1531506,0.3,0.00,0.50,0.00,2.00,0.00,0.00,0.00,4.0,95830.0,95347.0,0.0,0.0,0.5,0.0,65.196,0.000,0.0,657714.0
2026-09-01T02:57:50,0.2,4612,1547350,1531505,0.3,0.00,0.63,0.00,2.51,0.00,0.00,0.06,4.0,95830.0,95347.0,0.0,0.0,0.5,0.0,65.202,0.000,0.0,661879.0
2026-09-01T02:57:52,0.2,4613,1547350,1531504,0.3,0.00,0.61,0.00,2.44,0.00,0.00,0.00,4.0,95830.0,95347.0,0.0,0.0,0.5,0.0,65.168,0.000,0.0,653515.5
2026-09-01T02:57:54,0.2,4614,1547350,1531503,0.3,0.00,0.62,0.00,2.48,0.00,0.00,0.00,4.0,95830.0,95347.0,0.0,0.0,0.5,0.0,65.159,0.000,0.0,659015.5
2026-09-01T02:57:55,0.2,4614,1547350,1531503,0.3,0.00,0.70,0.00,2.79,0.00,0.00,0.00,4.0,95830.0,95347.0,0.0,0.0,0.5,0.0,65.145,0.000,0.0,659015.5
2026-09-01T02:57:56,0.2,4614,1547350,1531503,0.3,0.00,8.21,0.00,67.76,0.00,0.00,0.00,4.0,95830.0,95347.0,0.0,0.0,0.5,0.0,65.153,0.000,0.0,671608.5
2026-09-01T02:57:58,0.2,4614,1547350,1531502,0.3,0.00,0.54,0.00,2.16,0.00,1.00,0.05,4.0,95830.0,95347.0,0.0,0.0,0.5,0.0,65.156,0.000,0.0,653643.5
2026-09-01T02:58:00,0.2,4615,1547350,1531502,0.3,0.00,0.59,0.00,2.35,0.00,0.00,0.00,4.0,95830.0,95347.0,0.0,0.0,0.5,0.0,65.145,0.000,0.0,734974.5
2026-09-01T02:58:01,0.2,4615,1547350,1531502,0.3,0.00,0.93,0.00,3.74,0.00,0.00,0.00,4.0,95830.0,95347.0,0.0,0.0,0.5,0.0,65.153,0.000,0.0,657694.0
2026-09-01T02:58:02,0.3,4622,1547350,1531495,0.3,0.00,0.66,0.00,2.64,0.00,0.00,0.00,4.0,95830.0,95347.0,0.0,0.0,0.5,0.0,65.166,0.000,0.0,645724.5
2026-09-01T02:58:04,0.2,4623,1547350,1531494,0.3,0.00,0.48,0.00,1.91,0.00,0.00,0.00,4.0,95830.0,95347.0,0.0,0.0,0.5,0.0,65.168,0.000,0.0,659920.0
2026-09-01T02:58:06,0.2,4623,1547350,1531494,0.3,0.00,0.55,0.00,2.18,0.00,0.00,0.00,4.0,95830.0,95347.0,0.0,0.0,0.5,0.0,65.145,0.000,0.0,660753.0
2026-09-01T02:58:07,0.2,4623,1547350,1531494,0.3,0.00,0.72,0.00,2.87,0.00,0.00,0.00,4.0,95830.0,95347.0,0.0,0.0,0.5,0.0,65.145,0.000,0.0,646321.5
2026-09-01T02:58:09,0.2,4622,1547350,1531495,0.3,0.00,0.54,0.00,2.18,0.00,0.00,0.00,4.0,95830.0,95347.0,0.0,0.0,0.5,0.0,65.135,0.000,0.0,687816.0
2026-09-01T02:58:10,0.2,4623,1547350,1531494,0.3,0.00,0.82,0.00,3.27,0.00,0.00,0.08,4.0,95830.0,95347.0,0.0,0.0,0.5,0.0,65.133,0.000,0.0,673513.0
2026-09-01T02:58:12,0.2,4619,1547350,1531497,0.3,0.00,0.94,0.00,3.75,0.00,0.00,0.09,4.0,95830.0,95347.0,0.0,0.0,0.5,0.0,65.135,0.000,0.0,661104.5
2026-09-01T02:58:13,0.2,4621,1547350,1531496,0.3,0.00,0.57,0.00,2.26,0.00,0.00,0.00,4.0,95830.0,95347.0,0.0,0.0,0.5,0.0,65.138,0.000,0.0,689647.0
2026-09-01T02:58:15,0.2,4621,1547350,1531496,0.3,0.00,0.56,0.00,2.24,0.00,0.00,0.00,4.0,95830.0,95347.0,0.0,0.0,0.5,0.0,65.093,0.000,0.0,653048.0
2026-09-01T02:58:17,0.2,4621,1547350,1531495,0.3,0.00,0.49,0.00,1.97,0.00,0.00,0.05,4.0,95830.0,95347.0,0.0,0.0,0.5,0.0,65.095,0.000,0.0,676894.0
2026-09-01T02:58:19,0.2,4622,1547350,1531495,0.3,0.00,0.71,0.00,2.86,0.00,0.00,0.00,4.0,95830.0,95347.0,0.0,0.0,0.5,0.0,65.088,0.000,0.0,683924.5
2026-09-01T02:58:20,0.2,4623,1547350,1531494,0.3,0.00,0.87,0.00,3.47,0.00,0.00,0.00,4.0,95830.0,95347.0,0.0,0.0,0.5,0.0,65.101,0.000,0.0,683924.5
2026-09-01T02:58:21,0.2,4625,1547350,1531492,0.3,0.00,1.18,0.00,4.70,0.00,0.00,0.00,4.0,95830.0,95347.0,0.0,0.0,0.5,0.0,65.070,0.000,0.0,681613.5
2026-09-01T02:58:22,0.2,4625,1547350,1531492,0.3,0.00,0.66,0.00,2.64,0.00,0.00,0.00,4.0,95830.0,95347.0,0.0,0.0,0.5,0.0,65.078,0.000,0.0,681613.5
2026-09-01T02:58:23,0.2,4625,1547350,1531492,0.3,0.00,0.95,0.00,3.81,0.00,0.00,0.00,4.0,95830.0,95347.0,0.0,0.0,0.5,0.0,65.072,0.000,0.0,710052.5
2026-09-01T02:58:24,0.2,4626,1547350,1531491,0.3,0.00,1.01,0.00,4.04,0.00,1.00,0.00,4.0,95830.0,95347.0,0.0,0.0,0.5,0.0,65.030,0.000,0.0,674028.0
2026-09-01T02:58:25,0.2,4629,1547350,1531488,0.3,0.00,0.88,0.00,3.53,0.00,0.00,0.00,4.0,95830.0,95347.0,0.0,0.0,0.5,0.0,65.034,0.000,0.0,734678.5
2026-09-01T02:58:26,0.2,4629,1547350,1531488,0.3,0.00,4.94,0.00,43.21,0.00,0.00,0.00,4.0,95830.0,95347.0,0.0,0.0,0.5,0.0,65.046,0.000,0.0,708157.5
2026-09-01T02:58:28,0.2,4630,1547350,1531487,0.3,0.00,0.63,0.00,2.53,0.00,0.00,0.00,4.0,95830.0,95347.0,0.0,0.0,0.5,0.0,65.030,0.000,0.0,691151.0
2026-09-01T02:58:29,0.2,4631,1547350,1531486,0.3,0.00,1.01,0.00,4.03,0.00,0.00,0.00,4.0,95830.0,95347.0,0.0,0.0,0.5,0.0,65.021,0.000,0.0,657538.0
2026-09-01T02:58:30,0.2,4633,1547350,1531484,0.3,0.00,0.60,0.00,2.40,0.00,0.00,0.00,4.0,95830.0,95347.0,0.0,0.0,0.5,0.0,65.034,0.000,0.0,661768.0
2026-09-01T02:58:32,0.2,4633,1547350,1531484,0.3,0.00,3.55,0.00,16.56,0.00,0.17,0.00,4.0,95830.0,95347.0,0.0,0.0,0.5,0.0,65.012,0.000,0.0,661768.0
2026-09-01T02:58:33,0.2,4633,1547350,1531484,0.3,0.00,1.32,0.00,5.27,0.00,0.00,0.00,4.0,95830.0,95347.0,0.0,0.0,0.5,0.0,64.987,0.000,0.0,691356.0
2026-09-01T02:58:35,0.2,4634,1547350,1531483,0.3,0.00,0.54,0.00,2.16,0.00,0.00,0.00,4.0,95830.0,95347.0,0.0,0.0,0.5,0.0,64.976,0.000,0.0,654196.0
2026-09-01T02:58:36,0.2,4634,1547350,1531483,0.3,0.00,0.63,0.00,2.51,0.00,0.00,0.00,4.0,95830.0,95347.0,0.0,0.0,0.5,0.0,64.965,0.000,0.0,661281.5
2026-09-01T02:58:37,0.2,4633,1547350,1531484,0.3,0.00,0.83,0.00,3.34,0.00,0.00,0.00,4.0,95830.0,95347.0,0.0,0.0,0.5,0.0,64.959,0.000,0.0,669142.0
2026-09-01T02:58:39,0.2,4635,1547350,1531482,0.3,0.00,0.60,0.00,2.42,0.00,0.00,0.00,4.0,95830.0,95347.0,0.0,0.0,0.5,0.0,64.925,0.000,0.0,656476.0
2026-09-01T02:58:41,0.2,4636,1547350,1531481,0.3,0.00,0.63,0.00,2.53,0.00,0.00,0.00,4.0,95830.0,95347.0,0.0,0.0,0.5,0.0,64.934,0.000,0.0,656476.0
2026-09-01T02:58:41,0.2,4637,1547350,1531480,0.3,0.00,2.46,0.00,9.85,0.00,0.00,0.00,4.0,95830.0,95347.0,0.0,0.0,0.5,0.0,64.919,0.000,0.0,685757.0
2026-09-01T02:58:42,0.2,4638,1547350,1531479,0.3,0.00,1.01,0.00,4.02,0.00,0.00,0.00,4.0,95830.0,95347.0,0.0,0.0,0.5,0.0,64.926,0.000,0.0,690630.0
2026-09-01T02:58:44,0.2,4638,1547350,1531478,0.3,0.00,0.61,0.00,2.42,0.00,0.00,0.00,4.0,95830.0,95347.0,0.0,0.0,0.5,0.0,64.932,0.000,0.0,718465.0
2026-09-01T02:58:46,0.2,4645,1547350,1531472,0.3,0.00,0.55,0.00,2.21,0.00,0.00,0.00,4.0,95830.0,95347.0,0.0,0.0,0.5,0.0,64.912,0.000,0.0,738343.5
2026-09-01T02:58:47,0.3,4645,1547350,1531472,0.3,0.00,0.81,0.00,3.25,0.00,0.00,0.00,4.0,95830.0,95347.0,0.0,0.0,0.5,0.0,64.925,0.000,0.0,683032.0
2026-09-01T02:58:49,0.2,4646,1547350,1531471,0.3,0.00,0.62,0.00,2.49,0.00,0.00,0.00,4.0,95830.0,95347.0,0.0,0.0,0.5,0.0,64.905,0.000,0.0,683568.0
2026-09-01T02:58:50,0.2,4646,1547350,1531471,0.3,0.00,0.64,0.00,2.56,0.00,0.00,0.00,4.0,95830.0,95347.0,0.0,0.0,0.5,0.0,64.913,0.000,0.0,652962.5
2026-09-01T02:58:52,0.2,4723,1547350,1531394,0.3,0.00,0.50,0.00,1.98,0.00,0.00,0.00,4.0,95830.0,95347.0,0.0,0.0,0.5,0.0,64.910,0.000,0.0,653402.0
2026-09-01T02:58:54,0.2,4738,1547350,1531379,0.3,0.00,0.63,0.00,2.53,0.00,0.00,0.00,4.0,95830.0,95347.0,0.0,0.0,0.5,0.0,64.912,0.000,0.0,658428.5
2026-09-01T02:58:56,0.2,4742,1547350,1531375,0.3,0.00,3.82,0.00,33.82,0.00,0.14,0.00,4.0,95830.0,95347.0,0.0,0.0,0.5,0.0,64.911,0.000,0.0,660091.0
2026-09-01T02:58:57,0.3,4825,1547350,1531292,0.3,0.00,0.56,0.00,2.26,0.00,0.00,0.00,4.0,95830.0,95347.0,0.0,0.0,0.5,0.0,64.894,0.000,0.0,648817.5
2026-09-01T02:58:59,0.2,4826,1547350,1531291,0.3,0.00,0.59,0.00,2.34,0.00,0.00,0.00,4.0,95830.0,95347.0,0.0,0.0,0.5,0.0,64.910,0.000,0.0,652039.5
2026-09-01T02:59:01,0.2,4833,1547350,1531284,0.3,0.00,0.50,0.00,2.01,0.00,0.00,0.00,4.0,95830.0,95347.0,0.0,0.0,0.5,0.0,64.900,0.000,0.0,652039.5
2026-09-01T02:59:02,0.2,4836,1547350,1531281,0.3,0.00,3.32,0.00,19.93,0.00,0.00,0.00,4.0,95830.0,95347.0,0.0,0.0,0.5,0.0,64.903,0.000,0.0,670210.0
2026-09-01T02:59:04,0.2,4837,1547350,1531280,0.3,0.00,0.54,0.00,2.15,0.00,0.00,0.00,4.0,95830.0,95347.0,0.0,0.0,0.5,0.0,64.898,0.000,0.0,652510.0
2026-09-01T02:59:05,0.2,4837,1547350,1531280,0.3,0.00,0.57,0.00,2.26,0.00,0.00,0.00,4.0,95830.0,95347.0,0.0,0.0,0.5,0.0,64.915,0.000,0.0,692411.0
2026-09-01T02:59:07,0.2,4837,1547350,1531279,0.3,0.00,0.86,0.00,3.46,0.00,0.00,0.00,4.0,95830.0,95347.0,0.0,0.0,0.5,0.0,64.882,0.000,0.0,695320.0
2026-09-01T02:59:08,0.2,4837,1547350,1531279,0.3,0.00,0.97,0.00,3.86,0.00,0.00,0.00,4.0,95830.0,95347.0,0.0,0.0,0.5,0.0,64.912,0.000,0.0,649326.0
2026-09-01T02:59:10,0.2,4838,1547350,1531279,0.3,0.00,0.49,0.00,1.97,0.00,0.00,0.00,4.0,95830.0,95347.0,0.0,0.0,0.5,0.0,64.912,0.000,0.0,673519.5
2026-09-01T02:59:11,0.2,4839,1547350,1531278,0.3,0.00,0.95,0.00,3.80,0.00,0.00,0.00,4.0,95830.0,95347.0,0.0,0.0,0.5,0.0,64.901,0.000,0.0,653985.5
2026-09-01T02:59:13,0.2,4836,1547350,1531280,0.3,0.00,0.51,0.00,2.02,0.00,0.00,0.00,4.0,95830.0,95347.0,0.0,0.0,0.5,0.0,64.900,0.000,0.0,658132.5
2026-09-01T02:59:15,0.2,4836,1547350,1531281,0.3,0.00,0.50,0.00,1.99,0.00,1.00,0.00,4.0,95830.0,95347.0,0.0,0.0,0.5,0.0,64.912,0.000,0.0,646749.5
2026-09-01T02:59:17,0.2,4837,1547350,1531280,0.3,0.00,0.50,0.00,1.99,0.00,0.00,0.00,4.0,95830.0,95347.0,0.0,0.0,0.5,0.0,64.882,0.000,0.0,647322.0
2026-09-01T02:59:18,0.2,4839,1547350,1531278,0.3,0.00,0.63,0.00,2.52,0.00,0.00,0.00,4.0,95830.0,95347.0,0.0,0.0,0.5,0.0,64.892,0.000,0.0,880072.5
2026-09-01T02:59:19,0.3,4838,1547350,1531279,0.3,0.00,1.06,0.00,4.25,0.00,0.00,0.00,4.0,95830.0,95347.0,0.0,0.0,0.5,0.0,64.883,0.000,0.0,674605.0
2026-09-01T02:59:21,0.2,4838,1547350,1531279,0.3,0.00,0.73,0.00,2.92,0.00,0.00,0.00,4.0,95830.0,95347.0,0.0,0.0,0.5,0.0,64.884,0.000,0.0,674605.0
2026-09-01T02:59:22,0.2,4839,1547350,1531278,0.3,0.00,1.00,0.00,3.98,0.00,0.00,0.00,4.0,95830.0,95347.0,0.0,0.0,0.5,0.0,64.887,0.000,0.0,695385.0
2026-09-01T02:59:22,0.2,4839,1547350,1531278,0.3,0.00,2.35,0.00,9.41,0.00,0.00,0.12,4.0,95830.0,95347.0,0.0,0.0,0.5,0.0,64.857,0.000,0.0,685831.5
2026-09-01T02:59:24,0.2,4840,1547350,1531277,0.3,0.00,0.74,0.00,2.98,0.00,0.00,0.00,4.0,95830.0,95347.0,0.0,0.0,0.5,0.0,64.883,0.000,0.0,668668.0
2026-09-01T02:59:26,0.2,4839,1547350,1531278,0.3,0.00,0.57,0.00,2.28,0.00,0.00,0.00,4.0,95830.0,95347.0,0.0,0.0,0.5,0.0,64.845,0.000,0.0,668668.0
2026-09-01T02:59:26,0.2,4839,1547350,1531277,0.3,0.00,5.03,0.00,44.03,0.00,0.00,0.00,4.0,95830.0,95347.0,0.0,0.0,0.5,0.0,64.863,0.000,0.0,681230.0
2026-09-01T02:59:28,0.2,4840,1547350,1531276,0.3,0.00,0.76,0.00,3.03,0.00,0.00,0.00,4.0,95830.0,95347.0,0.0,0.0,0.5,0.0,64.855,0.000,0.0,667122.5
2026-09-01T02:59:29,0.2,4841,1547350,1531276,0.3,0.00,0.60,0.00,2.41,0.00,0.00,0.00,4.0,95830.0,95347.0,0.0,0.0,0.5,0.0,64.863,0.000,0.0,667122.5
2026-09-01T02:59:30,0.2,4841,1547350,1531275,0.3,0.00,1.56,0.00,6.26,0.00,0.00,0.00,4.0,95830.0,95347.0,0.0,0.0,0.5,0.0,64.844,0.000,0.0,670425.5
2026-09-01T02:59:32,0.2,4841,1547350,1531276,0.3,0.00,0.54,0.00,2.15,0.00,0.00,0.00,4.0,95830.0,95347.0,0.0,0.0,0.5,0.0,64.850,0.000,0.0,670425.5
2026-09-01T02:59:33,0.2,4841,1547350,1531276,0.3,0.00,1.39,0.00,5.57,0.00,0.00,0.00,4.0,95830.0,95347.0,0.0,0.0,0.5,0.0,64.846,0.000,0.0,701589.0
2026-09-01T02:59:34,0.2,4841,1547350,1531276,0.3,0.00,6.85,0.00,31.31,0.00,0.14,0.00,4.0,95830.0,95347.0,0.0,0.0,0.5,0.0,64.826,0.000,0.0,701589.0
2026-09-01T02:59:34,0.2,4841,1547350,1531276,0.3,0.00,1.72,0.00,6.87,0.00,0.00,0.00,4.0,95830.0,95347.0,0.0,0.0,0.5,0.0,64.819,0.000,0.0,707353.5
2026-09-01T02:59:35,0.2,4841,1547350,1531276,0.3,0.00,0.83,0.00,3.33,0.00,0.00,0.00,4.0,95830.0,95347.0,0.0,0.0,0.5,0.0,64.822,0.000,0.0,689480.5
2026-09-01T02:59:36,0.2,4841,1547350,1531276,0.3,0.00,0.99,0.00,3.95,0.00,0.00,0.00,4.0,95830.0,95347.0,0.0,0.0,0.5,0.0,64.797,0.000,0.0,689480.5
2026-09-01T02:59:37,0.2,4842,1547350,1531275,0.3,0.00,1.27,0.00,5.08,0.00,0.00,0.00,4.0,95830.0,95347.0,0.0,0.0,0.5,0.0,64.814,0.000,0.0,703476.0
2026-09-01T02:59:39,0.2,4842,1547350,1531275,0.3,0.00,0.59,0.00,2.37,0.00,0.00,0.00,4.0,95830.0,95347.0,0.0,0.0,0.5,0.0,64.808,0.000,0.0,703476.0
2026-09-01T02:59:40,0.2,4841,1547350,1531276,0.3,0.00,1.29,0.00,5.16,0.00,0.00,0.00,4.0,95830.0,95347.0,0.0,0.0,0.5,0.0,64.816,0.000,0.0,652329.0
2026-09-01T02:59:42,0.2,4841,1547350,1531276,0.3,0.00,0.51,0.00,2.02,0.00,0.00,0.00,4.0,95830.0,95347.0,0.0,0.0,0.5,0.0,64.809,0.000,0.0,656033.0
2026-09-01T02:59:43,0.2,4842,1547350,1531275,0.3,0.00,1.25,0.00,5.01,0.00,0.00,0.00,4.0,95830.0,95347.0,0.0,0.0,0.5,0.0,64.780,0.000,0.0,674749.5
2026-09-01T02:59:44,0.2,4842,1547350,1531275,0.3,0.00,0.82,0.00,3.28,0.00,0.00,0.00,4.0,95830.0,95347.0,0.0,0.0,0.5,0.0,64.796,0.000,0.0,663696.5
2026-09-01T02:59:46,0.2,4843,1547350,1531274,0.3,0.00,0.50,0.00,1.99,0.00,1.00,0.00,4.0,95830.0,95347.0,0.0,0.0,0.5,0.0,64.806,0.000,0.0,647436.0
2026-09-01T02:59:48,0.2,4844,1547350,1531273,0.3,0.00,0.60,0.00,2.41,0.00,0.00,0.00,4.0,95830.0,95347.0,0.0,0.0,0.5,0.0,64.780,0.000,0.0,653092.5
2026-09-01T02:59:50,0.2,4844,1547350,1531273,0.3,0.00,0.59,0.00,2.35,0.00,0.00,0.00,4.0,95830.0,95347.0,0.0,0.0,0.5,0.0,64.750,0.000,0.0,653395.5
2026-09-01T02:59:52,0.2,4844,1547350,1531272,0.3,0.00,0.53,0.00,2.13,0.00,0.00,0.00,4.0,95830.0,95347.0,0.0,0.0,0.5,0.0,64.761,0.000,0.0,649885.5
2026-09-01T02:59:53,0.2,4847,1547350,1531270,0.3,0.00,0.56,0.00,2.24,0.00,0.00,0.00,4.0,95830.0,95347.0,0.0,0.0,0.5,0.0,64.742,0.000,0.0,660262.0
2026-09-01T02:59:55,0.2,4847,1547350,1531270,0.3,0.00,0.64,0.00,2.56,0.00,0.00,0.00,4.0,95830.0,95347.0,0.0,0.0,0.5,0.0,64.760,0.000,0.0,687981.5
2026-09-01T02:59:57,0.2,4850,1547350,1531267,0.3,0.00,3.87,0.00,30.96,0.00,0.00,0.00,4.0,95830.0,95347.0,0.0,0.0,0.5,0.0,64.743,0.000,0.0,658235.5
2026-09-01T02:59:59,0.2,4849,1547350,1531267,0.3,0.00,0.55,0.00,2.21,0.00,0.00,0.00,4.0,95830.0,95347.0,0.0,0.0,0.5,0.0,64.751,0.000,0.0,653408.5
2026-09-01T03:00:00,0.2,4850,1547350,1531267,0.3,0.00,1.23,0.00,4.94,0.00,0.00,0.00,4.0,95830.0,95347.0,0.0,0.0,0.5,0.0,64.716,0.000,0.0,657071.0
2026-09-01T03:00:02,0.2,4854,1547350,1531262,0.3,0.00,0.50,0.00,2.01,0.00,0.00,0.00,4.0,95830.0,95347.0,0.0,0.0,0.5,0.0,64.728,0.000,0.0,689568.0
2026-09-01T03:00:04,0.2,4855,1547350,1531262,0.3,0.00,1.18,0.00,4.73,0.00,0.50,0.00,4.0,95830.0,95347.0,0.0,0.0,0.5,0.0,64.735,0.000,0.0,652478.5
2026-09-01T03:00:06,0.2,4854,1547350,1531263,0.3,0.00,0.49,0.00,1.98,0.00,0.00,0.00,4.0,95830.0,95347.0,0.0,0.0,0.5,0.0,64.697,0.000,0.0,652571.0
2026-09-01T03:00:08,0.2,4854,1547350,1531263,0.3,0.00,0.51,0.00,2.03,0.00,0.00,0.00,4.0,95830.0,95347.0,0.0,0.0,0.5,0.0,64.703,0.000,0.0,645685.0
2026-09-01T03:00:10,0.2,4855,1547350,1531262,0.3,0.00,0.51,0.00,2.02,0.00,0.00,0.00,4.0,95830.0,95347.0,0.0,0.0,0.5,0.0,64.692,0.000,0.0,646671.0
2026-09-01T03:00:12,0.2,4853,1547350,1531264,0.3,0.00,0.47,0.00,1.87,0.00,0.00,0.00,4.0,95830.0,95347.0,0.0,0.0,0.5,0.0,64.683,0.000,0.0,649691.5
2026-09-01T03:00:14,0.2,4853,1547350,1531264,0.3,0.00,0.50,0.00,2.00,0.00,0.00,0.00,4.0,95830.0,95347.0,0.0,0.0,0.5,0.0,64.685,0.000,0.0,666070.5
2026-09-01T03:00:16,0.2,4853,1547350,1531264,0.3,0.00,0.72,0.00,2.87,0.00,0.00,0.00,4.0,95830.0,95347.0,0.0,0.0,0.5,0.0,64.679,0.000,0.0,674367.5
2026-09-01T03:00:17,0.2,4854,1547350,1531263,0.3,0.00,0.66,0.00,2.64,0.00,0.00,0.00,4.0,95830.0,95347.0,0.0,0.0,0.5,0.0,64.698,0.000,0.0,651653.5
2026-09-01T03:00:19,0.2,4854,1547350,1531263,0.3,0.00,0.48,0.00,1.94,0.00,0.00,0.00,4.0,95830.0,95347.0,0.0,0.0,0.5,0.0,64.661,0.000,0.0,649368.5
2026-09-01T03:00:21,0.2,4855,1547350,1531262,0.3,0.00,0.55,0.00,2.19,0.00,0.00,0.00,4.0,95830.0,95347.0,0.0,0.0,0.5,0.0,64.659,0.000,0.0,683179.5
2026-09-01T03:00:22,0.2,4855,1547350,1531262,0.3,0.00,0.92,0.00,3.66,0.00,0.00,0.00,4.0,95830.0,95347.0,0.0,0.0,0.5,0.0,64.656,0.000,0.0,678325.5
2026-09-01T03:00:25,0.1,4854,1547350,1531263,0.3,0.00,0.82,0.00,4.93,0.00,0.00,0.00,4.0,95830.0,95347.0,0.0,0.0,0.5,0.0,64.641,0.000,0.0,657255.5
2026-09-01T03:00:26,0.2,4854,1547350,1531263,0.3,0.00,0.76,0.00,3.03,0.00,0.00,0.00,4.0,95830.0,95347.0,0.0,0.0,0.5,0.0,64.653,0.000,0.0,657255.5
2026-09-01T03:00:27,0.2,4855,1547350,1531262,0.3,0.00,2.93,0.00,26.37,0.00,0.00,0.00,4.0,95830.0,95347.0,0.0,0.0,0.5,0.0,64.650,0.000,0.0,718364.0
2026-09-01T03:00:28,0.2,4854,1547350,1531262,0.3,0.00,0.71,0.00,2.86,0.00,0.00,0.07,4.0,95830.0,95347.0,0.0,0.0,0.5,0.0,64.647,0.000,0.0,703551.0
2026-09-01T03:00:30,0.2,4855,1547350,1531262,0.3,0.00,0.62,0.00,2.47,0.00,1.00,0.00,4.0,95830.0,95347.0,0.0,0.0,0.5,0.0,64.656,0.000,0.0,665515.0
2026-09-01T03:00:31,0.2,4855,1547350,1531262,0.3,0.00,0.69,0.00,2.75,0.00,0.00,0.00,4.0,95830.0,95347.0,0.0,0.0,0.5,0.0,64.648,0.000,0.0,665515.0
2026-09-01T03:00:32,0.2,4856,1547350,1531261,0.3,0.00,1.54,0.00,6.15,0.00,0.00,0.00,4.0,95830.0,95347.0,0.0,0.0,0.5,0.0,64.644,0.000,0.0,702940.0
2026-09-01T03:00:34,0.2,4856,1547350,1531261,0.3,0.00,0.58,0.00,2.32,0.00,0.00,0.00,4.0,95830.0,95347.0,0.0,0.0,0.5,0.0,64.653,0.000,0.0,702940.0
2026-09-01T03:00:34,0.2,4856,1547350,1531261,0.3,0.00,13.63,0.00,61.33,0.00,0.12,0.00,4.0,95830.0,95347.0,0.0,0.0,0.5,0.0,64.638,0.000,0.0,684569.0
2026-09-01T03:00:36,0.2,4856,1547350,1531260,0.3,0.00,0.61,0.00,2.42,0.00,0.00,0.00,4.0,95830.0,95347.0,0.0,0.0,0.5,0.0,64.648,0.000,0.0,650915.5
2026-09-01T03:00:38,0.2,4857,1547350,1531260,0.3,0.00,0.55,0.00,2.19,0.00,0.00,0.00,4.0,95830.0,95347.0,0.0,0.0,0.5,0.0,64.647,0.000,0.0,650915.5
2026-09-01T03:00:39,0.2,4857,1547350,1531260,0.3,0.00,0.99,0.00,3.95,0.00,0.00,0.00,4.0,95830.0,95347.0,0.0,0.0,0.5,0.0,64.633,0.000,0.0,679153.0
2026-09-01T03:00:40,0.2,4857,1547350,1531259,0.3,0.00,0.71,0.00,2.83,0.00,0.00,0.00,4.0,95830.0,95347.0,0.0,0.0,0.5,0.0,64.651,0.000,0.0,680532.5
2026-09-01T03:00:42,0.2,4857,1547350,1531259,0.3,0.00,0.70,0.00,2.79,0.00,0.00,0.00,4.0,95830.0,95347.0,0.0,0.0,0.5,0.0,64.629,0.000,0.0,656811.0
2026-09-01T03:00:43,0.2,4859,1547350,1531258,0.3,0.00,0.64,0.00,2.54,0.00,0.00,0.00,4.0,95830.0,95347.0,0.0,0.0,0.5,0.0,64.636,0.000,0.0,752326.0
2026-09-01T03:00:44,0.2,4859,1547350,1531258,0.3,0.00,1.68,0.00,6.71,0.00,0.00,0.00,4.0,95830.0,95347.0,0.0,0.0,0.5,0.0,64.654,0.000,0.0,682902.5
2026-09-01T03:00:46,0.2,4859,1547350,1531258,0.3,0.00,0.70,0.00,2.78,0.00,0.00,0.00,4.0,95830.0,95347.0,0.0,0.0,0.5,0.0,64.648,0.000,0.0,682902.5
2026-09-01T03:00:47,0.2,4860,1547350,1531257,0.3,0.00,1.21,0.00,4.84,0.00,0.00,0.00,4.0,95830.0,95347.0,0.0,0.0,0.5,0.0,64.636,0.000,0.0,751630.5
2026-09-01T03:00:48,0.2,4863,1547350,1531253,0.3,0.00,0.99,0.00,3.96,0.00,0.00,0.00,4.0,95830.0,95347.0,0.0,0.0,0.5,0.0,64.639,0.000,0.0,692007.0
2026-09-01T03:00:50,0.2,4864,1547350,1531253,0.3,0.00,0.56,0.00,2.25,0.00,0.00,0.06,4.0,95830.0,95347.0,0.0,0.0,0.5,0.0,64.635,0.000,0.0,649929.0
2026-09-01T03:00:51,0.2,4864,1547350,1531253,0.3,0.00,0.54,0.00,2.18,0.00,0.00,0.05,4.0,95830.0,95347.0,0.0,0.0,0.5,0.0,64.626,0.000,0.0,663268.5
2026-09-01T03:00:54,0.2,4864,1547350,1531252,0.3,0.00,0.41,0.00,1.65,0.00,0.00,0.00,4.0,95830.0,95347.0,0.0,0.0,0.5,0.0,64.642,0.000,0.0,648429.5
2026-09-01T03:00:56,0.2,4865,1547350,1531252,0.3,0.00,0.49,0.00,1.98,0.00,0.00,0.00,4.0,95830.0,95347.0,0.0,0.0,0.5,0.0,64.620,0.000,0.0,651647.5
2026-09-01T03:00:57,0.2,4865,1547350,1531252,0.3,0.00,12.90,0.00,148.31,0.00,0.15,0.00,4.0,95830.0,95347.0,0.0,0.0,0.5,0.0,64.636,0.000,0.0,679199.0
2026-09-01T03:00:58,0.2,4865,1547350,1531252,0.3,0.00,0.63,0.00,2.50,0.00,0.00,0.00,4.0,95830.0,95347.0,0.0,0.0,0.5,0.0,64.648,0.000,0.0,657529.5
2026-09-01T03:01:00,0.2,4865,1547350,1531252,0.3,0.00,0.55,0.00,2.19,0.00,0.00,0.00,4.0,95830.0,95347.0,0.0,0.0,0.5,0.0,64.642,0.000,0.0,661832.5
2026-09-01T03:01:02,0.3,4870,1547350,1531247,0.3,0.00,0.50,0.00,1.99,0.00,0.00,0.00,4.0,95830.0,95347.0,0.0,0.0,0.5,0.0,64.612,0.000,0.0,647145.5
2026-09-01T03:01:04,0.2,4869,1547350,1531247,0.3,0.00,0.53,0.00,2.12,0.00,0.00,0.00,4.0,95830.0,95347.0,0.0,0.0,0.5,0.0,64.625,0.000,0.0,646142.5
2026-09-01T03:01:06,0.2,4869,1547350,1531248,0.3,0.00,0.58,0.00,2.32,0.00,0.00,0.00,4.0,95830.0,95347.0,0.0,0.0,0.5,0.0,64.638,0.000,0.0,677970.0
2026-09-01T03:01:08,0.2,4868,1547350,1531248,0.3,0.00,0.61,0.00,2.43,0.00,0.00,0.00,4.0,95830.0,95347.0,0.0,0.0,0.5,0.0,64.628,0.000,0.0,683256.0
2026-09-01T03:01:09,0.2,4869,1547350,1531248,0.3,0.00,0.89,0.00,3.56,0.00,0.00,0.00,4.0,95830.0,95347.0,0.0,0.0,0.5,0.0,64.632,0.000,0.0,683256.0
2026-09-01T03:01:09,0.3,4869,1547350,1531247,0.3,0.00,2.03,0.00,8.11,0.00,0.00,0.00,4.0,95830.0,95347.0,0.0,0.0,0.5,0.0,64.641,0.000,0.0,773861.5
2026-09-01T03:01:11,0.2,4868,1547350,1531249,0.3,0.00,1.13,0.00,6.77,0.00,0.00,0.00,4.0,95830.0,95347.0,0.0,0.0,0.5,0.0,64.633,0.000,0.0,658125.5
2026-09-01T03:01:13,0.2,4868,1547350,1531248,0.3,0.00,0.46,0.00,1.85,0.00,0.00,0.00,4.0,95830.0,95347.0,0.0,0.0,0.5,0.0,64.617,0.000,0.0,643263.0
2026-09-01T03:01:15,0.2,4868,1547350,1531248,0.3,0.00,0.48,0.00,1.93,0.00,0.00,0.00,4.0,95830.0,95347.0,0.0,0.0,0.5,0.0,64.632,0.000,0.0,645264.0
2026-09-01T03:01:17,0.2,4867,1547350,1531249,0.3,0.00,0.56,0.00,2.22,0.00,0.00,0.00,4.0,95830.0,95347.0,0.0,0.0,0.5,0.0,64.624,0.000,0.0,651239.0
2026-09-01T03:01:19,0.2,4869,1547350,1531247,0.3,0.00,0.50,0.00,1.99,0.00,0.00,0.00,4.0,95830.0,95347.0,0.0,0.0,0.5,0.0,64.620,0.000,0.0,651311.5
2026-09-01T03:01:20,0.2,4869,1547350,1531247,0.3,0.00,0.68,0.00,2.70,0.00,0.00,0.00,4.0,95830.0,95347.0,0.0,0.0,0.5,0.0,64.616,0.000,0.0,654061.0
2026-09-01T03:01:22,0.2,4869,1547350,1531248,0.3,0.00,0.52,0.00,2.08,0.00,0.00,0.00,4.0,95830.0,95347.0,0.0,0.0,0.5,0.0,64.633,0.000,0.0,655922.5
2026-09-01T03:01:24,0.2,4869,1547350,1531248,0.3,0.00,0.57,0.00,2.27,0.00,1.00,0.00,4.0,95830.0,95347.0,0.0,0.0,0.5,0.0,64.617,0.000,0.0,655574.0
2026-09-01T03:01:26,0.2,4869,1547350,1531248,0.3,0.00,1.32,0.00,5.30,0.00,0.00,0.00,4.0,95830.0,95347.0,0.0,0.0,0.5,0.0,64.618,0.000,0.0,656379.5
2026-09-01T03:01:27,0.2,4868,1547350,1531249,0.3,0.00,1.22,0.00,14.28,0.00,0.00,0.00,4.0,95830.0,95347.0,0.0,0.0,0.5,0.0,64.594,0.000,0.0,711329.0
2026-09-01T03:01:28,0.2,4869,1547350,1531248,0.3,0.00,0.90,0.00,3.58,0.00,0.00,0.00,4.0,95830.0,95347.0,0.0,0.0,0.5,0.0,64.608,0.000,0.0,662965.5
2026-09-01T03:01:30,0.2,4871,1547350,1531246,0.3,0.00,0.63,0.00,2.50,0.00,0.00,0.00,4.0,95830.0,95347.0,0.0,0.0,0.5,0.0,64.597,0.000,0.0,665654.0
2026-09-01T03:01:31,0.2,4872,1547350,1531245,0.3,0.00,0.72,0.00,2.88,0.00,0.00,0.00,4.0,95830.0,95347.0,0.0,0.0,0.5,0.0,64.592,0.000,0.0,665017.5
2026-09-01T03:01:33,0.2,4872,1547350,1531245,0.3,0.00,0.61,0.00,2.46,0.00,0.00,0.00,4.0,95830.0,95347.0,0.0,0.0,0.5,0.0,64.578,0.000,0.0,647251.5
2026-09-01T03:01:35,0.2,4872,1547350,1531244,0.3,0.00,0.50,0.00,1.99,0.00,0.00,0.00,4.0,95830.0,95347.0,0.0,0.0,0.5,0.0,64.593,0.000,0.0,654075.0
2026-09-01T03:01:36,0.2,4873,1547350,1531244,0.3,0.00,4.39,0.00,23.41,0.00,0.17,0.00,4.0,95830.0,95347.0,0.0,0.0,0.5,0.0,64.589,0.000,0.0,654075.0
2026-09-01T03:01:37,0.2,4873,1547350,1531244,0.3,0.00,1.22,0.00,4.89,0.00,0.00,0.00,4.0,95830.0,95347.0,0.0,0.0,0.5,0.0,64.566,0.000,0.0,683024.0
2026-09-01T03:01:39,0.2,4873,1547350,1531244,0.3,0.00,0.54,0.00,2.16,0.00,0.00,0.00,4.0,95830.0,95347.0,0.0,0.0,0.5,0.0,64.547,0.000,0.0,651072.5
2026-09-01T03:01:41,0.2,4873,1547350,1531244,0.3,0.00,0.63,0.00,2.54,0.00,0.00,0.00,4.0,95830.0,95347.0,0.0,0.0,0.5,0.0,64.546,0.000,0.0,659735.0
2026-09-01T03:01:42,0.2,4874,1547350,1531243,0.3,0.00,1.90,0.00,7.61,0.00,0.00,0.00,4.0,95830.0,95347.0,0.0,0.0,0.5,0.0,64.570,0.000,0.0,690744.0
2026-09-01T03:01:43,0.2,4874,1547350,1531243,0.3,0.00,0.63,0.00,2.51,0.00,0.00,0.00,4.0,95830.0,95347.0,0.0,0.0,0.5,0.0,64.547,0.000,0.0,660747.5
2026-09-01T03:01:46,0.3,4875,1547350,1531241,0.3,0.00,0.77,0.00,3.09,0.00,0.00,0.00,4.0,95830.0,95347.0,0.0,0.0,0.5,0.0,64.540,0.000,0.0,661148.5
2026-09-01T03:01:47,0.2,4875,1547350,1531242,0.3,0.00,0.63,0.00,2.51,0.00,0.00,0.00,4.0,95830.0,95347.0,0.0,0.0,0.5,0.0,64.534,0.000,0.0,660869.5
2026-09-01T03:01:49,0.2,4877,1547350,1531240,0.3,0.00,0.53,0.00,2.12,0.00,0.00,0.00,4.0,95830.0,95347.0,0.0,0.0,0.5,0.0,64.528,0.000,0.0,657355.5
2026-09-01T03:01:51,0.2,4878,1547350,1531239,0.3,0.00,0.56,0.00,2.23,0.00,0.00,0.00,4.0,95830.0,95347.0,0.0,0.0,0.5,0.0,64.526,0.000,0.0,669255.0
2026-09-01T03:01:53,0.2,4885,1547350,1531232,0.3,0.00,0.70,0.00,2.80,0.00,0.00,0.00,4.0,95830.0,95347.0,0.0,0.0,0.5,0.0,64.531,0.000,0.0,686615.0
2026-09-01T03:01:54,0.3,4888,1547350,1531228,0.3,0.00,0.81,0.00,3.26,0.00,0.00,0.00,4.0,95830.0,95347.0,0.0,0.0,0.5,0.0,64.487,0.000,0.0,648018.5
2026-09-01T03:01:56,0.2,4893,1547350,1531224,0.3,0.00,0.47,0.00,1.88,0.00,0.00,0.00,4.0,95830.0,95347.0,0.0,0.0,0.5,0.0,64.531,0.000,0.0,758400.0
2026-09-01T03:01:57,0.2,4894,1547350,1531223,0.3,0.00,1.32,0.00,5.30,0.00,0.00,0.00,4.0,95830.0,95347.0,0.0,0.0,0.5,0.0,64.535,0.000,0.0,758400.0
2026-09-01T03:01:57,0.3,4894,1547350,1531223,0.3,0.00,15.80,0.00,144.40,0.00,0.09,0.00,4.0,95830.0,95347.0,0.0,0.0,0.5,0.0,64.504,0.000,0.0,705993.5
2026-09-01T03:01:59,0.2,4894,1547350,1531223,0.3,0.00,0.76,0.00,3.05,0.00,0.00,0.00,4.0,95830.0,95347.0,0.0,0.0,0.5,0.0,64.501,0.000,0.0,646718.0
2026-09-01T03:02:01,0.2,4894,1547350,1531222,0.3,0.00,0.51,0.00,2.04,0.00,0.00,0.00,4.0,95830.0,95347.0,0.0,0.0,0.5,0.0,64.500,0.000,0.0,677966.5
2026-09-01T03:02:02,0.3,4900,1547350,1531216,0.3,0.00,0.79,0.00,3.15,0.00,0.00,0.00,4.0,95830.0,95347.0,0.0,0.0,0.5,0.0,64.501,0.000,0.0,650114.5
2026-09-01T03:02:04,0.2,4901,1547350,1531216,0.3,0.00,0.57,0.00,2.27,0.00,0.00,0.00,4.0,95830.0,95347.0,0.0,0.0,0.5,0.0,64.513,0.000,0.0,664094.5
2026-09-01T03:02:06,0.2,4901,1547350,1531216,0.3,0.00,0.49,0.00,1.96,0.00,0.00,0.00,4.0,95830.0,95347.0,0.0,0.0,0.5,0.0,64.477,0.000,0.0,646111.0
2026-09-01T03:02:07,0.2,4900,1547350,1531216,0.3,0.00,0.58,0.00,2.33,0.00,0.00,0.00,4.0,95830.0,95347.0,0.0,0.0,0.5,0.0,64.461,0.000,0.0,655929.5
2026-09-01T03:02:10,0.2,4901,1547350,1531216,0.3,0.00,0.44,0.00,1.76,0.00,0.00,0.00,4.0,95830.0,95347.0,0.0,0.0,0.5,0.0,64.494,0.000,0.0,659299.0
2026-09-01T03:02:11,0.2,4900,1547350,1531216,0.3,0.00,1.66,0.00,6.65,0.00,0.50,0.00,4.0,95830.0,95347.0,0.0,0.0,0.5,0.0,64.420,0.000,0.0,647007.5
2026-09-01T03:02:13,0.2,4897,1547350,1531220,0.3,0.00,0.48,0.00,1.92,0.00,0.00,0.00,4.0,95830.0,95347.0,0.0,0.0,0.5,0.0,64.459,0.000,0.0,645116.0
2026-09-01T03:02:15,0.2,4897,1547350,1531220,0.3,0.00,0.49,0.00,1.94,0.00,0.00,0.00,4.0,95830.0,95347.0,0.0,0.0,0.5,0.0,64.468,0.000,0.0,645116.0
2026-09-01T03:02:16,0.2,4897,1547350,1531220,0.3,0.00,1.35,0.00,5.39,0.00,0.00,0.00,4.0,95830.0,95347.0,0.0,0.0,0.5,0.0,64.463,0.000,0.0,683360.5
2026-09-01T03:02:17,0.2,4897,1547350,1531219,0.3,0.00,0.85,0.00,3.38,0.00,0.00,0.00,4.0,95830.0,95347.0,0.0,0.0,0.5,0.0,64.484,0.000,0.0,653235.0
2026-09-01T03:02:19,0.2,4897,1547350,1531219,0.3,0.00,0.55,0.00,2.19,0.00,0.00,0.00,4.0,95830.0,95347.0,0.0,0.0,0.5,0.0,64.453,0.000,0.0,668187.5
2026-09-01T03:02:20,0.2,4899,1547350,1531218,0.3,0.00,0.70,0.00,2.80,0.00,0.00,0.00,4.0,95830.0,95347.0,0.0,0.0,0.5,0.0,64.453,0.000,0.0,668187.5
2026-09-01T03:02:21,0.2,4898,1547350,1531219,0.3,0.00,1.93,0.00,7.72,0.00,0.00,0.00,4.0,95830.0,95347.0,0.0,0.0,0.5,0.0,64.453,0.000,0.0,681310.5
2026-09-01T03:02:23,0.2,4898,1547350,1531219,0.3,0.00,0.50,0.00,1.99,0.00,0.00,0.00,4.0,95830.0,95347.0,0.0,0.0,0.5,0.0,64.450,0.000,0.0,677266.5
2026-09-01T03:02:24,0.3,4899,1547350,1531218,0.3,0.00,1.03,0.00,4.14,0.00,0.00,0.00,4.0,95830.0,95347.0,0.0,0.0,0.5,0.0,64.424,0.000,0.0,761491.5
2026-09-01T03:02:25,0.2,4899,1547350,1531218,0.3,0.00,0.63,0.00,2.51,0.00,0.00,0.00,4.0,95830.0,95347.0,0.0,0.0,0.5,0.0,64.447,0.000,0.0,660891.0
2026-09-01T03:02:27,0.2,4900,1547350,1531217,0.3,0.00,7.52,0.00,33.56,0.00,0.08,0.00,4.0,95830.0,95347.0,0.0,0.0,0.5,0.0,64.409,0.000,0.0,676350.0
2026-09-01T03:02:28,0.2,4900,1547350,1531217,0.3,0.00,0.76,0.00,3.04,0.00,0.00,0.00,4.0,95830.0,95347.0,0.0,0.0,0.5,0.0,64.398,0.000,0.0,703544.5
2026-09-01T03:02:29,0.2,4899,1547350,1531217,0.3,0.00,0.96,0.00,3.84,0.00,0.00,0.00,4.0,95830.0,95347.0,0.0,0.0,0.5,0.0,64.426,0.000,0.0,649677.5
2026-09-01T03:02:31,0.2,4901,1547350,1531216,0.3,0.00,0.59,0.00,2.34,0.00,0.00,0.06,4.0,95830.0,95347.0,0.0,0.0,0.5,0.0,64.376,0.000,0.0,649677.5
2026-09-01T03:02:32,0.2,4901,1547350,1531216,0.3,0.00,9.87,0.00,39.47,0.00,0.00,0.00,4.0,95830.0,95347.0,0.0,0.0,0.5,0.0,64.388,0.000,0.0,781192.5
2026-09-01T03:02:33,0.2,4901,1547350,1531216,0.3,0.00,0.98,0.00,3.93,0.00,0.00,0.00,4.0,95830.0,95347.0,0.0,0.0,0.5,0.0,64.401,0.000,0.0,664972.0
2026-09-01T03:02:34,0.2,4901,1547350,1531216,0.3,0.00,0.62,0.00,2.46,0.00,0.00,0.00,4.0,95830.0,95347.0,0.0,0.0,0.5,0.0,64.385,0.000,0.0,657147.5
2026-09-01T03:02:36,0.2,4902,1547350,1531215,0.3,0.00,0.65,0.00,2.61,0.00,0.00,0.00,4.0,95830.0,95347.0,0.0,0.0,0.5,0.0,64.350,0.000,0.0,657147.5
2026-09-01T03:02:37,0.2,4902,1547350,1531214,0.3,0.00,0.94,0.00,3.75,0.00,1.00,0.00,4.0,95830.0,95347.0,0.0,0.0,0.5,0.0,64.410,0.000,0.0,675444.0
2026-09-01T03:02:39,0.2,4904,1547350,1531213,0.3,0.00,0.61,0.00,2.46,0.00,0.00,0.00,4.0,95830.0,95347.0,0.0,0.0,0.5,0.0,64.401,0.000,0.0,671445.0
2026-09-01T03:02:40,0.2,4903,1547350,1531214,0.3,0.00,0.84,0.00,3.37,0.00,0.00,0.00,4.0,95830.0,95347.0,0.0,0.0,0.5,0.0,64.422,0.000,0.0,653750.0
2026-09-01T03:02:42,0.2,4904,1547350,1531213,0.3,0.00,0.54,0.00,2.17,0.00,0.00,0.00,4.0,95830.0,95347.0,0.0,0.0,0.5,0.0,64.454,0.000,0.0,670255.5
2026-09-01T03:02:43,0.2,4905,1547350,1531212,0.3,0.00,3.02,0.00,16.10,0.00,0.00,0.00,4.0,95830.0,95347.0,0.0,0.0,0.5,0.0,64.440,0.000,0.0,703784.5
2026-09-01T03:02:44,0.2,4906,1547350,1531211,0.3,0.00,1.00,0.00,4.00,0.00,0.00,0.00,4.0,95830.0,95347.0,0.0,0.0,0.5,0.0,64.440,0.000,0.0,703784.5
2026-09-01T03:02:44,0.2,4905,1547350,1531212,0.3,0.00,1.22,0.00,4.86,0.00,0.00,0.00,4.0,95830.0,95347.0,0.0,0.0,0.5,0.0,64.410,0.000,0.0,656077.0
2026-09-01T03:02:48,0.2,4905,1547350,1531212,0.3,0.00,0.27,0.00,1.06,0.00,0.00,0.00,4.0,95830.0,95347.0,0.0,0.0,0.5,0.0,64.404,0.000,0.0,656077.0
2026-09-01T03:02:49,0.2,4905,1547350,1531212,0.3,0.00,1.16,0.00,4.63,0.00,0.00,0.00,4.0,95830.0,95347.0,0.0,0.0,0.5,0.0,64.382,0.000,0.0,812988.5
2026-09-01T03:02:51,0.2,4906,1547350,1531211,0.3,0.00,0.62,0.00,2.49,0.00,0.00,0.00,4.0,95830.0,95347.0,0.0,0.0,0.5,0.0,64.362,0.000,0.0,675171.0
2026-09-01T03:02:52,0.2,4905,1547350,1531211,0.3,0.00,0.54,0.00,2.17,0.00,0.00,0.00,4.0,95830.0,95347.0,0.0,0.0,0.5,0.0,64.379,0.000,0.0,691766.0
2026-09-01T03:02:53,0.2,4905,1547350,1531212,0.3,0.00,1.02,0.00,4.06,0.00,0.00,0.00,4.0,95830.0,95347.0,0.0,0.0,0.5,0.0,64.340,0.000,0.0,654550.0
2026-09-01T03:02:55,0.2,4905,1547350,1531212,0.3,0.00,0.60,0.00,2.40,0.00,0.00,0.00,4.0,95830.0,95347.0,0.0,0.0,0.5,0.0,64.365,0.000,0.0,646207.5
2026-09-01T03:02:57,0.2,4905,1547350,1531211,0.3,0.00,2.09,0.00,29.20,0.00,0.25,0.00,4.0,95830.0,95347.0,0.0,0.0,0.5,0.0,64.375,0.000,0.0,646722.0
2026-09-01T03:02:59,0.2,4905,1547350,1531212,0.3,0.00,0.49,0.00,1.96,0.00,0.00,0.00,4.0,95830.0,95347.0,0.0,0.0,0.5,0.0,64.349,0.000,0.0,666273.0
2026-09-01T03:03:02,0.2,4909,1547350,1531200,0.3,0.00,0.37,0.00,1.46,0.00,0.00,0.00,4.0,95830.0,95347.0,0.0,0.0,0.5,0.0,64.339,0.000,0.0,629662.0
2026-09-01T03:03:04,0.2,4909,1547350,1531200,0.3,0.00,0.52,0.00,2.10,0.00,0.00,0.05,4.0,95830.0,95347.0,0.0,0.0,0.5,0.0,64.328,0.000,0.0,669236.5
2026-09-01T03:03:05,0.2,4910,1547350,1531198,0.3,0.00,0.93,0.00,3.73,0.00,0.00,0.00,4.0,95830.0,95347.0,0.0,0.0,0.5,0.0,64.338,0.000,0.0,653205.0
2026-09-01T03:03:07,0.2,4911,1547350,1531197,0.3,0.00,0.51,0.00,2.06,0.00,0.00,0.00,4.0,95830.0,95347.0,0.0,0.0,0.5,0.0,64.339,0.000,0.0,651199.5
2026-09-01T03:03:09,0.2,4910,1547350,1531199,0.3,0.00,0.55,0.00,2.19,0.00,0.00,0.00,4.0,95830.0,95347.0,0.0,0.0,0.5,0.0,64.287,0.000,0.0,687543.5
2026-09-01T03:03:10,0.2,4910,1547350,1531199,0.3,0.00,0.83,0.00,3.33,0.00,0.00,0.00,4.0,95830.0,95347.0,0.0,0.0,0.5,0.0,64.314,0.000,0.0,617962.5
2026-09-01T03:03:15,0.2,4908,1547350,1531200,0.3,0.00,0.19,0.00,0.77,0.00,0.00,0.00,4.0,95830.0,95347.0,0.0,0.0,0.5,0.0,64.338,0.000,0.0,646106.5
2026-09-01T03:03:17,0.2,4909,1547350,1531200,0.3,0.00,0.54,0.00,2.17,0.00,0.00,0.00,4.0,95830.0,95347.0,0.0,0.0,0.5,0.0,64.316,0.000,0.0,656072.0
2026-09-01T03:03:19,0.2,4908,1547350,1531201,0.3,0.00,1.00,0.00,6.00,0.00,0.00,0.05,4.0,95830.0,95347.0,0.0,0.0,0.5,0.0,64.294,0.000,0.0,656072.0
2026-09-01T03:03:20,0.2,4908,1547350,1531201,0.3,0.00,1.09,0.00,4.35,0.00,0.00,0.00,4.0,95830.0,95347.0,0.0,0.0,0.5,0.0,64.308,0.000,0.0,655159.5
2026-09-01T03:03:22,0.2,4907,1547350,1531201,0.3,0.00,0.44,0.00,1.74,0.00,0.00,0.00,4.0,95830.0,95347.0,0.0,0.0,0.5,0.0,64.302,0.000,0.0,643951.5
2026-09-01T03:03:24,0.2,4907,1547350,1531201,0.3,0.00,0.45,0.00,1.80,0.00,0.00,0.00,4.0,95830.0,95347.0,0.0,0.0,0.5,0.0,64.273,0.000,0.0,686807.0
2026-09-01T03:03:26,0.2,4907,1547350,1531202,0.3,0.00,0.65,0.00,2.60,0.00,0.00,0.00,4.0,95830.0,95347.0,0.0,0.0,0.5,0.0,64.267,0.000,0.0,661266.0
2026-09-01T03:03:28,0.2,4907,1547350,1531202,0.3,0.00,2.70,0.00,40.27,0.00,0.20,0.00,4.0,95830.0,95347.0,0.0,0.0,0.5,0.0,64.311,0.000,0.0,681534.0
2026-09-01T03:03:29,0.2,4907,1547350,1531202,0.3,0.00,3.22,0.00,9.65,0.00,0.00,0.00,4.0,95830.0,95347.0,0.0,0.0,0.5,0.0,64.281,0.000,0.0,680654.0
2026-09-01T03:03:30,0.2,4907,1547350,1531202,0.3,0.00,0.93,0.00,3.72,0.00,0.00,0.00,4.0,95830.0,95347.0,0.0,0.0,0.5,0.0,64.290,0.000,0.0,674480.0
2026-09-01T03:03:31,0.2,4907,1547350,1531202,0.3,0.00,4.53,0.00,21.13,0.00,0.00,0.00,4.0,95830.0,95347.0,0.0,0.0,0.5,0.0,64.249,0.000,0.0,624076.5
2026-09-01T03:03:36,0.2,4908,1547350,1531201,0.3,0.00,0.19,0.00,0.74,0.00,0.00,0.00,4.0,95830.0,95347.0,0.0,0.0,0.5,0.0,64.238,0.000,0.0,675218.5
2026-09-01T03:03:37,0.2,4909,1547350,1531200,0.3,0.00,0.98,0.00,3.92,0.00,1.00,0.00,4.0,95830.0,95347.0,0.0,0.0,0.5,0.0,64.290,0.000,0.0,668997.5
2026-09-01T03:03:39,0.2,4908,1547350,1531201,0.3,0.00,0.70,0.00,2.79,0.00,0.00,0.00,4.0,95830.0,95347.0,0.0,0.0,0.5,0.0,64.269,0.000,0.0,668997.5
2026-09-01T03:03:39,0.2,4908,1547350,1531201,0.3,0.00,1.77,0.00,7.09,0.00,0.00,0.00,4.0,95830.0,95347.0,0.0,0.0,0.5,0.0,64.282,0.000,0.0,679887.0
2026-09-01T03:03:42,0.2,4908,1547350,1531201,0.3,0.00,0.43,0.00,1.71,0.00,0.00,0.00,4.0,95830.0,95347.0,0.0,0.0,0.5,0.0,64.237,0.000,0.0,636712.5
2026-09-01T03:03:44,0.2,4907,1547350,1531202,0.3,0.00,1.03,0.00,4.10,0.00,0.00,0.00,4.0,95830.0,95347.0,0.0,0.0,0.5,0.0,64.237,0.000,0.0,670627.0
2026-09-01T03:03:45,0.2,4908,1547350,1531201,0.3,0.00,0.83,0.00,3.33,0.00,0.00,0.00,4.0,95830.0,95347.0,0.0,0.0,0.5,0.0,64.209,0.000,0.0,670627.0
2026-09-01T03:03:46,0.2,4908,1547350,1531201,0.3,0.00,3.48,0.00,13.91,0.00,0.00,0.00,4.0,95830.0,95347.0,0.0,0.0,0.5,0.0,64.283,0.000,0.0,633904.5
2026-09-01T03:03:50,0.2,4908,1547350,1531201,0.3,0.00,0.20,0.00,0.81,0.00,0.00,0.00,4.0,95830.0,95347.0,0.0,0.0,0.5,0.0,64.228,0.000,0.0,614249.5
2026-09-01T03:03:58,0.2,4908,1547350,1531201,0.3,0.00,0.13,0.00,0.54,0.00,0.00,0.00,4.0,95830.0,95347.0,0.0,0.0,0.5,0.0,64.257,0.000,0.0,661268.0
2026-09-01T03:03:59,0.2,4909,1547350,1531200,0.3,0.00,8.07,0.00,65.09,0.00,0.12,0.00,4.0,95830.0,95347.0,0.0,0.0,0.5,0.0,64.238,0.000,0.0,690263.0
2026-09-01T03:04:01,0.3,4915,1547350,1531194,0.3,0.00,0.59,0.00,2.36,0.00,0.00,0.00,4.0,95830.0,95347.0,0.0,0.0,0.5,0.0,64.220,0.000,0.0,646990.0
2026-09-01T03:04:02,0.2,4915,1547350,1531193,0.3,0.00,0.71,0.00,2.82,0.00,0.00,0.00,4.0,95830.0,95347.0,0.0,0.0,0.5,0.0,64.207,0.000,0.0,661398.5
2026-09-01T03:04:04,0.2,4916,1547350,1531193,0.3,0.00,0.57,0.00,2.27,0.00,0.00,0.06,4.0,95830.0,95347.0,0.0,0.0,0.5,0.0,64.225,0.000,0.0,684822.0
2026-09-01T03:04:06,0.2,4915,1547350,1531194,0.3,0.00,0.46,0.00,1.85,0.00,0.00,0.00,4.0,95830.0,95347.0,0.0,0.0,0.5,0.0,64.239,0.000,0.0,647098.0
2026-09-01T03:04:08,0.2,4915,1547350,1531194,0.3,0.00,0.49,0.00,1.97,0.00,0.00,0.05,4.0,95830.0,95347.0,0.0,0.0,0.5,0.0,64.240,0.000,0.0,616675.0
2026-09-01T03:04:13,0.2,4912,1547350,1531197,0.3,0.00,0.18,0.00,0.74,0.00,0.00,0.00,4.0,95830.0,95347.0,0.0,0.0,0.5,0.0,64.232,0.000,0.0,668369.0
2026-09-01T03:04:15,0.2,4911,1547350,1531198,0.3,0.00,0.61,0.00,2.46,0.00,0.00,0.00,4.0,95830.0,95347.0,0.0,0.0,0.5,0.0,64.249,0.000,0.0,688496.0
2026-09-01T03:04:16,0.2,4910,1547350,1531199,0.3,0.00,1.00,0.00,3.99,0.00,0.00,0.00,4.0,95830.0,95347.0,0.0,0.0,0.5,0.0,64.257,0.000,0.0,679948.0
2026-09-01T03:04:18,0.2,4910,1547350,1531198,0.3,0.00,0.62,0.00,2.46,0.00,0.00,0.00,4.0,95830.0,95347.0,0.0,0.0,0.5,0.0,64.236,0.000,0.0,692018.0
2026-09-01T03:04:18,0.2,4911,1547350,1531198,0.3,0.00,1.25,0.00,5.00,0.00,0.00,0.00,4.0,95830.0,95347.0,0.0,0.0,0.5,0.0,64.231,0.000,0.0,660037.0
2026-09-01T03:04:20,0.2,4909,1547350,1531200,0.3,0.00,1.10,0.00,4.39,0.00,0.00,0.00,4.0,95830.0,95347.0,0.0,0.0,0.5,0.0,64.203,0.000,0.0,670623.0
2026-09-01T03:04:21,0.2,4909,1547350,1531200,0.3,0.00,1.00,0.00,3.98,0.00,0.00,0.00,4.0,95830.0,95347.0,0.0,0.0,0.5,0.0,64.233,0.000,0.0,652768.0
2026-09-01T03:04:23,0.2,4910,1547350,1531199,0.3,0.00,0.50,0.00,2.00,0.00,0.00,0.00,4.0,95830.0,95347.0,0.0,0.0,0.5,0.0,64.249,0.000,0.0,652778.0
2026-09-01T03:04:25,0.2,4910,1547350,1531198,0.3,0.00,0.55,0.00,2.22,0.00,0.00,0.00,4.0,95830.0,95347.0,0.0,0.0,0.5,0.0,64.235,0.000,0.0,650169.5
2026-09-01T03:04:27,0.2,4911,1547350,1531198,0.3,0.00,0.64,0.00,2.58,0.00,0.00,0.00,4.0,95830.0,95347.0,0.0,0.0,0.5,0.0,64.229,0.000,0.0,670051.5
2026-09-01T03:04:28,0.2,4911,1547350,1531198,0.3,0.00,4.40,0.00,21.36,0.00,0.14,0.00,4.0,95830.0,95347.0,0.0,0.0,0.5,0.0,64.233,0.000,0.0,664096.5
2026-09-01T03:04:29,0.2,4910,1547350,1531199,0.3,0.00,1.52,0.00,6.08,0.00,0.00,0.00,4.0,95830.0,95347.0,0.0,0.0,0.5,0.0,64.252,0.000,0.0,666371.0
2026-09-01T03:04:31,0.2,4910,1547350,1531198,0.3,0.00,0.65,0.00,2.58,0.00,0.00,0.00,4.0,95830.0,95347.0,0.0,0.0,0.5,0.0,64.228,0.000,0.0,661342.5
2026-09-01T03:04:33,0.2,4911,1547350,1531198,0.3,0.00,0.59,0.00,2.37,0.00,0.00,0.00,4.0,95830.0,95347.0,0.0,0.0,0.5,0.0,64.245,0.000,0.0,657346.5
2026-09-01T03:04:34,0.2,4910,1547350,1531199,0.3,0.00,0.57,0.00,2.28,0.00,0.00,0.00,4.0,95830.0,95347.0,0.0,0.0,0.5,0.0,64.247,0.000,0.0,691542.5
2026-09-01T03:04:35,0.2,4911,1547350,1531198,0.3,0.00,6.38,0.00,25.50,0.00,0.00,0.00,4.0,95830.0,95347.0,0.0,0.0,0.5,0.0,64.260,0.000,0.0,661120.0
2026-09-01T03:04:37,0.2,4911,1547350,1531198,0.3,0.00,0.61,0.00,2.46,0.00,0.00,0.00,4.0,95830.0,95347.0,0.0,0.0,0.5,0.0,64.224,0.000,0.0,661120.0
2026-09-01T03:04:38,0.2,4911,1547350,1531198,0.3,0.00,1.26,0.00,5.05,0.00,0.00,0.00,4.0,95830.0,95347.0,0.0,0.0,0.5,0.0,64.255,0.000,0.0,701708.5
2026-09-01T03:04:39,0.2,4911,1547350,1531198,0.3,0.00,1.02,0.00,4.09,0.00,0.00,0.00,4.0,95830.0,95347.0,0.0,0.0,0.5,0.0,64.273,0.000,0.0,661099.0
2026-09-01T03:04:40,0.2,4911,1547350,1531198,0.3,0.00,0.70,0.00,2.80,0.00,1.00,0.00,4.0,95830.0,95347.0,0.0,0.0,0.5,0.0,64.257,0.000,0.0,737005.5
2026-09-01T03:04:42,0.2,4911,1547350,1531198,0.3,0.00,0.66,0.00,2.62,0.00,0.00,0.00,4.0,95830.0,95347.0,0.0,0.0,0.5,0.0,64.224,0.000,0.0,651214.5
2026-09-01T03:04:44,0.2,4911,1547350,1531198,0.3,0.00,0.54,0.00,2.14,0.00,0.00,0.00,4.0,95830.0,95347.0,0.0,0.0,0.5,0.0,64.214,0.000,0.0,665752.0
2026-09-01T03:04:45,0.2,4911,1547350,1531198,0.3,0.00,1.18,0.00,4.74,0.00,0.00,0.00,4.0,95830.0,95347.0,0.0,0.0,0.5,0.0,64.255,0.000,0.0,683200.0
2026-09-01T03:04:46,0.2,4912,1547350,1531196,0.3,0.00,0.98,0.00,3.93,0.00,0.00,0.00,4.0,95830.0,95347.0,0.0,0.0,0.5,0.0,64.249,0.000,0.0,659528.0
2026-09-01T03:04:48,0.2,4913,1547350,1531196,0.3,0.00,0.67,0.00,2.69,0.00,0.00,0.00,4.0,95830.0,95347.0,0.0,0.0,0.5,0.0,64.224,0.000,0.0,656861.5
2026-09-01T03:04:50,0.2,4912,1547350,1531197,0.3,0.00,0.57,0.00,2.29,0.00,0.00,0.00,4.0,95830.0,95347.0,0.0,0.0,0.5,0.0,64.216,0.000,0.0,701126.0
2026-09-01T03:04:51,0.2,4912,1547350,1531197,0.3,0.00,0.76,0.00,3.05,0.00,0.00,0.00,4.0,95830.0,95347.0,0.0,0.0,0.5,0.0,64.246,0.000,0.0,657543.0
2026-09-01T03:04:53,0.2,4913,1547350,1531196,0.3,0.00,0.62,0.00,2.47,0.00,0.00,0.06,4.0,95830.0,95347.0,0.0,0.0,0.5,0.0,64.214,0.000,0.0,671016.5
2026-09-01T03:04:54,0.2,4911,1547350,1531197,0.3,0.00,0.89,0.00,3.55,0.00,0.00,0.00,4.0,95830.0,95347.0,0.0,0.0,0.5,0.0,64.261,0.000,0.0,670457.0
2026-09-01T03:04:55,0.2,4912,1547350,1531197,0.3,0.00,1.21,0.00,7.28,0.00,0.00,0.00,4.0,95830.0,95347.0,0.0,0.0,0.5,0.0,64.228,0.000,0.0,656383.5
2026-09-01T03:04:57,0.2,4912,1547350,1531197,0.3,0.00,0.64,0.00,2.58,0.00,0.00,0.00,4.0,95830.0,95347.0,0.0,0.0,0.5,0.0,64.253,0.000,0.0,694264.5
2026-09-01T03:04:58,0.2,4912,1547350,1531197,0.3,0.00,5.97,0.00,52.47,0.00,0.14,0.00,4.0,95830.0,95347.0,0.0,0.0,0.5,0.0,64.248,0.000,0.0,682710.5
2026-09-01T03:04:59,0.2,4913,1547350,1531196,0.3,0.00,0.91,0.00,3.64,0.00,0.00,0.00,4.0,95830.0,95347.0,0.0,0.0,0.5,0.0,64.233,0.000,0.0,659171.0
2026-09-01T03:05:01,0.3,4918,1547350,1531191,0.3,0.00,0.61,0.00,2.46,0.00,0.00,0.00,4.0,95830.0,95347.0,0.0,0.0,0.5,0.0,64.232,0.000,0.0,657223.0
2026-09-01T03:05:02,0.2,4919,1547350,1531190,0.3,0.00,0.62,0.00,2.49,0.00,0.00,0.00,4.0,95830.0,95347.0,0.0,0.0,0.5,0.0,64.262,0.000,0.0,662065.0
2026-09-01T03:05:04,0.2,4920,1547350,1531189,0.3,0.00,0.60,0.00,2.40,0.00,0.00,0.00,4.0,95830.0,95347.0,0.0,0.0,0.5,0.0,64.255,0.000,0.0,662065.0
2026-09-01T03:05:05,0.2,4920,1547350,1531189,0.3,0.00,1.41,0.00,5.63,0.00,0.00,0.00,4.0,95830.0,95347.0,0.0,0.0,0.5,0.0,64.219,0.000,0.0,702275.5
2026-09-01T03:05:06,0.2,4920,1547350,1531189,0.3,0.00,0.92,0.00,3.67,0.00,0.00,0.00,4.0,95830.0,95347.0,0.0,0.0,0.5,0.0,64.267,0.000,0.0,650391.0
2026-09-01T03:05:08,0.2,4920,1547350,1531189,0.3,0.00,0.51,0.00,2.04,0.00,0.00,0.00,4.0,95830.0,95347.0,0.0,0.0,0.5,0.0,64.251,0.000,0.0,635852.5
2026-09-01T03:05:10,0.2,4920,1547350,1531189,0.3,0.00,0.54,0.00,2.17,0.00,0.00,0.00,4.0,95830.0,95347.0,0.0,0.0,0.5,0.0,64.249,0.000,0.0,795286.0
2026-09-01T03:05:11,0.2,4915,1547350,1531194,0.3,0.00,0.99,0.00,3.96,0.00,0.00,0.00,4.0,95830.0,95347.0,0.0,0.0,0.5,0.0,64.230,0.000,0.0,651746.5
2026-09-01T03:05:12,0.2,4914,1547350,1531194,0.3,0.00,0.55,0.00,2.19,0.00,0.00,0.00,4.0,95830.0,95347.0,0.0,0.0,0.5,0.0,64.224,0.000,0.0,663064.5
2026-09-01T03:05:14,0.2,4914,1547350,1531194,0.3,0.00,0.69,0.00,2.75,0.00,0.00,0.00,4.0,95830.0,95347.0,0.0,0.0,0.5,0.0,64.273,0.000,0.0,694450.5
2026-09-01T03:05:16,0.2,4915,1547350,1531194,0.3,0.00,0.57,0.00,2.29,0.00,0.00,0.00,4.0,95830.0,95347.0,0.0,0.0,0.5,0.0,64.231,0.000,0.0,641551.0
2026-09-01T03:05:18,0.2,4913,1547350,1531196,0.3,0.00,0.49,0.00,1.96,0.00,0.00,0.00,4.0,95830.0,95347.0,0.0,0.0,0.5,0.0,64.246,0.000,0.0,655878.0
2026-09-01T03:05:20,0.2,4913,1547350,1531196,0.3,0.00,0.50,0.00,2.00,0.00,0.00,0.00,4.0,95830.0,95347.0,0.0,0.0,0.5,0.0,64.268,0.000,0.0,657850.0
2026-09-01T03:05:21,0.2,4913,1547350,1531195,0.3,0.00,0.70,0.00,2.80,0.00,0.00,0.00,4.0,95830.0,95347.0,0.0,0.0,0.5,0.0,64.250,0.000,0.0,651058.5
2026-09-01T03:05:23,0.2,4914,1547350,1531195,0.3,0.00,0.50,0.00,2.01,0.00,0.00,0.05,4.0,95830.0,95347.0,0.0,0.0,0.5,0.0,64.233,0.000,0.0,642628.5
2026-09-01T03:05:25,0.2,4914,1547350,1531195,0.3,0.00,0.42,0.00,1.68,0.00,0.00,0.00,4.0,95830.0,95347.0,0.0,0.0,0.5,0.0,64.272,0.000,0.0,627606.5
2026-09-01T03:05:28,0.2,4914,1547350,1531195,0.3,0.00,0.47,0.00,1.87,0.00,1.00,0.00,4.0,95830.0,95347.0,0.0,0.0,0.5,0.0,64.297,0.000,0.0,627606.5
2026-09-01T03:05:28,0.2,4915,1547350,1531194,0.3,0.00,7.75,0.00,64.60,0.00,0.00,0.26,4.0,95830.0,95347.0,0.0,0.0,0.5,0.0,64.284,0.000,0.0,768010.0
2026-09-01T03:05:30,0.2,4913,1547350,1531195,0.3,0.00,0.54,0.00,2.14,0.00,0.00,0.00,4.0,95830.0,95347.0,0.0,0.0,0.5,0.0,64.251,0.000,0.0,661448.0
2026-09-01T03:05:31,0.2,4914,1547350,1531195,0.3,0.00,5.97,0.00,29.87,0.00,0.00,0.00,4.0,95830.0,95347.0,0.0,0.0,0.5,0.0,64.279,0.000,0.0,661422.0
2026-09-01T03:05:33,0.2,4913,1547350,1531196,0.3,0.00,0.58,0.00,2.31,0.00,0.00,0.00,4.0,95830.0,95347.0,0.0,0.0,0.5,0.0,64.280,0.000,0.0,670489.5
2026-09-01T03:05:35,0.2,4914,1547350,1531195,0.3,0.00,0.56,0.00,2.24,0.00,1.00,0.00,4.0,95830.0,95347.0,0.0,0.0,0.5,0.0,64.240,0.000,0.0,679081.5
2026-09-01T03:05:36,0.2,4913,1547350,1531196,0.3,0.00,1.22,0.00,4.89,0.00,0.00,0.00,4.0,95830.0,95347.0,0.0,0.0,0.5,0.0,64.290,0.000,0.0,689217.5
2026-09-01T03:05:37,0.2,4913,1547350,1531196,0.3,0.00,0.62,0.00,2.48,0.00,0.00,0.06,4.0,95830.0,95347.0,0.0,0.0,0.5,0.0,64.291,0.000,0.0,661092.5
2026-09-01T03:05:39,0.2,4913,1547350,1531195,0.3,0.00,0.63,0.00,2.52,0.00,0.00,0.00,4.0,95830.0,95347.0,0.0,0.0,0.5,0.0,64.278,0.000,0.0,679863.5
2026-09-01T03:05:41,0.2,4913,1547350,1531196,0.3,0.00,0.54,0.00,2.14,0.00,0.00,0.00,4.0,95830.0,95347.0,0.0,0.0,0.5,0.0,64.288,0.000,0.0,654172.0
2026-09-01T03:05:42,0.2,4913,1547350,1531196,0.3,0.00,1.28,0.00,5.10,0.00,0.00,0.00,4.0,95830.0,95347.0,0.0,0.0,0.5,0.0,64.267,0.000,0.0,672112.5
2026-09-01T03:05:44,0.2,4912,1547350,1531197,0.3,0.00,0.70,0.00,2.80,0.00,0.00,0.00,4.0,95830.0,95347.0,0.0,0.0,0.5,0.0,64.314,0.000,0.0,637772.0
2026-09-01T03:05:45,0.2,4912,1547350,1531197,0.3,0.00,0.56,0.00,2.24,0.00,0.00,0.06,4.0,95830.0,95347.0,0.0,0.0,0.5,0.0,64.275,0.000,0.0,637772.0
2026-09-01T03:05:46,0.3,4913,1547350,1531196,0.3,0.00,2.31,0.00,9.26,0.00,0.00,0.00,4.0,95830.0,95347.0,0.0,0.0,0.5,0.0,64.272,0.000,0.0,812001.0
2026-09-01T03:05:46,0.2,4912,1547350,1531196,0.3,0.00,2.36,0.00,9.43,0.00,0.00,0.00,4.0,95830.0,95347.0,0.0,0.0,0.5,0.0,64.273,0.000,0.0,683851.0
2026-09-01T03:05:48,0.2,4913,1547350,1531196,0.3,0.00,0.72,0.00,2.87,0.00,0.00,0.00,4.0,95830.0,95347.0,0.0,0.0,0.5,0.0,64.258,0.000,0.0,675391.5
2026-09-01T03:05:49,0.2,4912,1547350,1531196,0.3,0.00,0.63,0.00,2.53,0.00,0.00,0.00,4.0,95830.0,95347.0,0.0,0.0,0.5,0.0,64.296,0.000,0.0,675391.5
2026-09-01T03:05:50,0.2,4913,1547350,1531195,0.3,0.00,0.97,0.00,3.86,0.00,0.00,0.00,4.0,95830.0,95347.0,0.0,0.0,0.5,0.0,64.263,0.000,0.0,671083.0
2026-09-01T03:05:52,0.2,4913,1547350,1531196,0.3,0.00,0.55,0.00,2.20,0.00,0.00,0.00,4.0,95830.0,95347.0,0.0,0.0,0.5,0.0,64.276,0.000,0.0,649011.5
2026-09-01T03:05:54,0.2,4914,1547350,1531195,0.3,0.00,0.55,0.00,2.19,0.00,0.00,0.00,4.0,95830.0,95347.0,0.0,0.0,0.5,0.0,64.278,0.000,0.0,651196.0
2026-09-01T03:05:56,0.2,4913,1547350,1531196,0.3,0.00,0.51,0.00,2.02,0.00,0.00,0.00,4.0,95830.0,95347.0,0.0,0.0,0.5,0.0,64.274,0.000,0.0,666104.5
2026-09-01T03:05:57,0.2,4913,1547350,1531196,0.3,0.00,0.97,0.00,3.87,0.00,0.00,0.00,4.0,95830.0,95347.0,0.0,0.0,0.5,0.0,64.278,0.000,0.0,676346.5
2026-09-01T03:05:59,0.2,4913,1547350,1531196,0.3,0.00,3.52,0.00,31.16,0.00,0.14,0.00,4.0,95830.0,95347.0,0.0,0.0,0.5,0.0,64.305,0.000,0.0,648657.5
2026-09-01T03:06:01,0.2,4919,1547350,1531190,0.3,0.00,0.49,0.00,1.98,0.00,0.00,0.00,4.0,95830.0,95347.0,0.0,0.0,0.5,0.0,64.297,0.000,0.0,653635.0
2026-09-01T03:06:02,0.2,4919,1547350,1531190,0.3,0.00,1.34,0.00,5.37,0.00,0.00,0.00,4.0,95830.0,95347.0,0.0,0.0,0.5,0.0,64.294,0.000,0.0,651184.5
2026-09-01T03:06:04,0.2,4918,1547350,1531191,0.3,0.00,0.52,0.00,2.07,0.00,0.00,0.00,4.0,95830.0,95347.0,0.0,0.0,0.5,0.0,64.303,0.000,0.0,645117.0
2026-09-01T03:06:07,0.2,4918,1547350,1531191,0.3,0.00,0.42,0.00,1.68,0.00,0.00,0.00,4.0,95830.0,95347.0,0.0,0.0,0.5,0.0,64.308,0.000,0.0,652472.5
2026-09-01T03:06:08,0.2,4918,1547350,1531191,0.3,0.00,0.68,0.00,2.73,0.00,0.00,0.00,4.0,95830.0,95347.0,0.0,0.0,0.5,0.0,64.283,0.000,0.0,689966.5
2026-09-01T03:06:09,0.2,4918,1547350,1531191,0.3,0.00,1.02,0.00,4.08,0.00,0.00,0.00,4.0,95830.0,95347.0,0.0,0.0,0.5,0.0,64.278,0.000,0.0,674169.5
2026-09-01T03:06:10,0.2,4915,1547350,1531193,0.3,0.00,0.77,0.00,3.10,0.00,0.00,0.00,4.0,95830.0,95347.0,0.0,0.0,0.5,0.0,64.317,0.000,0.0,647234.0
2026-09-01T03:06:12,0.2,4916,1547350,1531193,0.3,0.00,0.58,0.00,2.33,0.00,0.00,0.00,4.0,95830.0,95347.0,0.0,0.0,0.5,0.0,64.288,0.000,0.0,658224.0
2026-09-01T03:06:14,0.2,4916,1547350,1531193,0.3,0.00,0.55,0.00,2.19,0.00,0.00,0.00,4.0,95830.0,95347.0,0.0,0.0,0.5,0.0,64.273,0.000,0.0,652210.0
2026-09-01T03:06:16,0.2,4915,1547350,1531194,0.3,0.00,0.50,0.00,1.98,0.00,0.00,0.00,4.0,95830.0,95347.0,0.0,0.0,0.5,0.0,64.285,0.000,0.0,652210.0
2026-09-01T03:06:17,0.2,4916,1547350,1531193,0.3,0.00,1.32,0.00,5.27,0.00,0.00,0.00,4.0,95830.0,95347.0,0.0,0.0,0.5,0.0,64.278,0.000,0.0,697400.5
2026-09-01T03:06:18,0.2,4916,1547350,1531192,0.3,0.00,0.80,0.00,3.20,0.00,0.00,0.00,4.0,95830.0,95347.0,0.0,0.0,0.5,0.0,64.322,0.000,0.0,647006.5
2026-09-01T03:06:20,0.2,4916,1547350,1531193,0.3,0.00,0.43,0.00,1.70,0.00,0.00,0.00,4.0,95830.0,95347.0,0.0,0.0,0.5,0.0,64.314,0.000,0.0,636960.5
2026-09-01T03:06:23,0.2,4916,1547350,1531193,0.3,0.00,0.48,0.00,1.91,0.00,1.00,0.05,4.0,95830.0,95347.0,0.0,0.0,0.5,0.0,64.309,0.000,0.0,672925.0
2026-09-01T03:06:24,0.2,4915,1547350,1531193,0.3,0.00,0.95,0.00,3.79,0.00,0.00,0.00,4.0,95830.0,95347.0,0.0,0.0,0.5,0.0,64.341,0.000,0.0,691361.0
2026-09-01T03:06:25,0.2,4913,1547350,1531195,0.3,0.00,0.74,0.00,2.97,0.00,0.00,0.00,4.0,95830.0,95347.0,0.0,0.0,0.5,0.0,64.340,0.000,0.0,657171.5
2026-09-01T03:06:26,0.2,4913,1547350,1531195,0.3,0.00,0.82,0.00,3.28,0.00,0.00,0.00,4.0,95830.0,95347.0,0.0,0.0,0.5,0.0,64.328,0.000,0.0,665437.5
2026-09-01T03:06:28,0.2,4913,1547350,1531196,0.3,0.00,0.50,0.00,2.00,0.00,0.00,0.00,4.0,95830.0,95347.0,0.0,0.0,0.5,0.0,64.339,0.000,0.0,683211.5
2026-09-01T03:06:29,0.2,4912,1547350,1531196,0.3,0.00,4.15,0.00,30.08,0.00,0.00,0.00,4.0,95830.0,95347.0,0.0,0.0,0.5,0.0,64.330,0.000,0.0,660237.0
2026-09-01T03:06:31,0.2,4913,1547350,1531196,0.3,0.00,0.65,0.00,2.58,0.00,0.00,0.00,4.0,95830.0,95347.0,0.0,0.0,0.5,0.0,64.315,0.000,0.0,656074.0
2026-09-01T03:06:32,0.2,4913,1547350,1531196,0.3,0.00,5.18,0.00,23.32,0.00,0.12,0.00,4.0,95830.0,95347.0,0.0,0.0,0.5,0.0,64.341,0.000,0.0,656664.0
2026-09-01T03:06:34,0.2,4914,1547350,1531195,0.3,0.00,0.59,0.00,2.37,0.00,0.00,0.06,4.0,95830.0,95347.0,0.0,0.0,0.5,0.0,64.305,0.000,0.0,655536.5
2026-09-01T03:06:36,0.2,4914,1547350,1531195,0.3,0.00,0.58,0.00,2.31,0.00,0.00,0.00,4.0,95830.0,95347.0,0.0,0.0,0.5,0.0,64.305,0.000,0.0,655536.5
2026-09-01T03:06:36,0.2,4914,1547350,1531195,0.3,0.00,1.51,0.00,6.04,0.00,0.00,0.00,4.0,95830.0,95347.0,0.0,0.0,0.5,0.0,64.294,0.000,0.0,678700.5
2026-09-01T03:06:38,0.2,4913,1547350,1531195,0.3,0.00,0.61,0.00,2.42,0.00,0.00,0.00,4.0,95830.0,95347.0,0.0,0.0,0.5,0.0,64.311,0.000,0.0,678700.5
2026-09-01T03:06:39,0.2,4913,1547350,1531196,0.3,0.00,1.34,0.00,5.38,0.00,0.00,0.00,4.0,95830.0,95347.0,0.0,0.0,0.5,0.0,64.320,0.000,0.0,675865.5
2026-09-01T03:06:40,0.2,4913,1547350,1531196,0.3,0.00,0.69,0.00,2.76,0.00,0.00,0.00,4.0,95830.0,95347.0,0.0,0.0,0.5,0.0,64.350,0.000,0.0,665188.5
2026-09-01T03:06:42,0.2,4913,1547350,1531196,0.3,0.00,0.65,0.00,2.58,0.00,0.00,0.06,4.0,95830.0,95347.0,0.0,0.0,0.5,0.0,64.313,0.000,0.0,656867.5
2026-09-01T03:06:43,0.2,4914,1547350,1531195,0.3,0.00,1.21,0.00,4.85,0.00,0.00,0.00,4.0,95830.0,95347.0,0.0,0.0,0.5,0.0,64.327,0.000,0.0,754643.5
2026-09-01T03:06:44,0.2,4914,1547350,1531195,0.3,0.00,1.16,0.00,4.66,0.00,0.00,0.00,4.0,95830.0,95347.0,0.0,0.0,0.5,0.0,64.331,0.000,0.0,675691.5
2026-09-01T03:06:46,0.2,4915,1547350,1531194,0.3,0.00,0.55,0.00,2.20,0.00,0.00,0.00,4.0,95830.0,95347.0,0.0,0.0,0.5,0.0,64.319,0.000,0.0,651170.5
2026-09-01T03:06:47,0.2,4914,1547350,1531195,0.3,0.00,0.66,0.00,2.64,0.00,0.00,0.00,4.0,95830.0,95347.0,0.0,0.0,0.5,0.0,64.313,0.000,0.0,664403.0
2026-09-01T03:06:49,0.2,4915,1547350,1531194,0.3,0.00,0.59,0.00,2.37,0.00,1.00,0.00,4.0,95830.0,95347.0,0.0,0.0,0.5,0.0,64.329,0.000,0.0,675547.5
2026-09-01T03:06:50,0.2,4914,1547350,1531194,0.3,0.00,1.01,0.00,4.02,0.00,0.00,0.00,4.0,95830.0,95347.0,0.0,0.0,0.5,0.0,64.339,0.000,0.0,657668.5
2026-09-01T03:06:52,0.2,4914,1547350,1531195,0.3,0.00,0.55,0.00,2.19,0.00,0.00,0.00,4.0,95830.0,95347.0,0.0,0.0,0.5,0.0,64.315,0.000,0.0,681562.0
2026-09-01T03:06:53,0.2,4914,1547350,1531194,0.3,0.00,0.98,0.00,3.94,0.00,0.00,0.00,4.0,95830.0,95347.0,0.0,0.0,0.5,0.0,64.335,0.000,0.0,666433.5
2026-09-01T03:06:54,0.2,4915,1547350,1531194,0.3,0.00,0.71,0.00,2.84,0.00,0.00,0.00,4.0,95830.0,95347.0,0.0,0.0,0.5,0.0,64.335,0.000,0.0,666433.5
2026-09-01T03:06:55,0.2,4914,1547350,1531195,0.3,0.00,1.03,0.00,4.12,0.00,0.00,0.00,4.0,95830.0,95347.0,0.0,0.0,0.5,0.0,64.337,0.000,0.0,675544.5
2026-09-01T03:06:57,0.2,4914,1547350,1531195,0.3,0.00,0.55,0.00,2.18,0.00,0.00,0.00,4.0,95830.0,95347.0,0.0,0.0,0.5,0.0,64.319,0.000,0.0,757820.5
2026-09-01T03:06:59,0.2,4913,1547350,1531196,0.3,0.00,0.63,0.00,2.52,0.00,0.00,0.00,4.0,95830.0,95347.0,0.0,0.0,0.5,0.0,64.331,0.000,0.0,757820.5
2026-09-01T03:06:59,0.2,4914,1547350,1531195,0.3,0.00,12.82,0.00,111.38,0.00,0.00,0.00,4.0,95830.0,95347.0,0.0,0.0,0.5,0.0,64.343,0.000,0.0,720290.0
2026-09-01T03:07:01,0.3,4917,1547350,1531191,0.3,0.00,0.83,0.00,3.31,0.00,0.00,0.00,4.0,95830.0,95347.0,0.0,0.0,0.5,0.0,64.321,0.000,0.0,644342.0
2026-09-01T03:07:03,0.2,4917,1547350,1531192,0.3,0.00,1.46,0.00,5.84,0.00,0.33,0.00,4.0,95830.0,95347.0,0.0,0.0,0.5,0.0,64.339,0.000,0.0,648447.0
2026-09-01T03:07:05,0.2,4918,1547350,1531191,0.3,0.00,0.48,0.00,1.92,0.00,0.00,0.00,4.0,95830.0,95347.0,0.0,0.0,0.5,0.0,64.352,0.000,0.0,660162.0
2026-09-01T03:07:07,0.2,4918,1547350,1531191,0.3,0.00,0.50,0.00,2.01,0.00,0.00,0.00,4.0,95830.0,95347.0,0.0,0.0,0.5,0.0,64.327,0.000,0.0,671021.5
2026-09-01T03:07:08,0.2,4918,1547350,1531191,0.3,0.00,0.66,0.00,2.65,0.00,0.00,0.00,4.0,95830.0,95347.0,0.0,0.0,0.5,0.0,64.337,0.000,0.0,645733.0
2026-09-01T03:07:10,0.2,4914,1547350,1531194,0.3,0.00,0.49,0.00,1.95,0.00,0.00,0.00,4.0,95830.0,95347.0,0.0,0.0,0.5,0.0,64.331,0.000,0.0,643111.5
2026-09-01T03:07:12,0.2,4914,1547350,1531195,0.3,0.00,0.50,0.00,1.98,0.00,0.00,0.00,4.0,95830.0,95347.0,0.0,0.0,0.5,0.0,64.326,0.000,0.0,681491.0
2026-09-01T03:07:14,0.2,4913,1547350,1531196,0.3,0.00,0.49,0.00,1.96,0.00,0.00,0.00,4.0,95830.0,95347.0,0.0,0.0,0.5,0.0,64.353,0.000,0.0,651266.5
2026-09-01T03:07:17,0.2,4913,1547350,1531196,0.3,0.00,0.45,0.00,1.78,0.00,0.00,0.00,4.0,95830.0,95347.0,0.0,0.0,0.5,0.0,64.334,0.000,0.0,639436.5
2026-09-01T03:07:19,0.2,4913,1547350,1531196,0.3,0.00,0.52,0.00,2.08,0.00,0.00,0.00,4.0,95830.0,95347.0,0.0,0.0,0.5,0.0,64.338,0.000,0.0,646216.5
2026-09-01T03:07:21,0.2,4913,1547350,1531196,0.3,0.00,0.48,0.00,1.94,0.00,0.00,0.00,4.0,95830.0,95347.0,0.0,0.0,0.5,0.0,64.344,0.000,0.0,709884.0
2026-09-01T03:07:22,0.2,4914,1547350,1531195,0.3,0.00,0.72,0.00,2.89,0.00,0.00,0.00,4.0,95830.0,95347.0,0.0,0.0,0.5,0.0,64.350,0.000,0.0,656182.5
2026-09-01T03:07:24,0.2,4913,1547350,1531196,0.3,0.00,0.54,0.00,2.18,0.00,0.00,0.00,4.0,95830.0,95347.0,0.0,0.0,0.5,0.0,64.320,0.000,0.0,645933.0
2026-09-01T03:07:26,0.2,4913,1547350,1531196,0.3,0.00,0.50,0.00,1.99,0.00,0.00,0.00,4.0,95830.0,95347.0,0.0,0.0,0.5,0.0,64.349,0.000,0.0,642337.0
2026-09-01T03:07:28,0.2,4913,1547350,1531196,0.3,0.00,0.42,0.00,1.67,0.00,0.00,0.00,4.0,95830.0,95347.0,0.0,0.0,0.5,0.0,64.347,0.000,0.0,643961.0
2026-09-01T03:07:30,0.2,4913,1547350,1531196,0.3,0.00,1.78,0.00,14.56,0.00,0.00,0.00,4.0,95830.0,95347.0,0.0,0.0,0.5,0.0,64.358,0.000,0.0,663737.0
2026-09-01T03:07:32,0.2,4912,1547350,1531196,0.3,0.00,0.63,0.00,2.51,0.00,0.00,0.00,4.0,95830.0,95347.0,0.0,0.0,0.5,0.0,64.356,0.000,0.0,653220.0
2026-09-01T03:07:33,0.2,4912,1547350,1531197,0.3,0.00,0.54,0.00,2.15,0.00,1.00,0.00,4.0,95830.0,95347.0,0.0,0.0,0.5,0.0,64.377,0.000,0.0,673980.5
2026-09-01T03:07:34,0.2,4912,1547350,1531197,0.3,0.00,5.77,0.00,30.80,0.00,0.00,0.00,4.0,95830.0,95347.0,0.0,0.0,0.5,0.0,64.374,0.000,0.0,708462.5
2026-09-01T03:07:36,0.2,4912,1547350,1531197,0.3,0.00,0.66,0.00,2.62,0.00,0.00,0.00,4.0,95830.0,95347.0,0.0,0.0,0.5,0.0,64.381,0.000,0.0,663115.0
2026-09-01T03:07:38,0.2,4912,1547350,1531197,0.3,0.00,0.60,0.00,2.40,0.00,0.00,0.00,4.0,95830.0,95347.0,0.0,0.0,0.5,0.0,64.378,0.000,0.0,657676.0
2026-09-01T03:07:39,0.2,4912,1547350,1531197,0.3,0.00,1.82,0.00,9.70,0.00,0.00,0.00,4.0,95830.0,95347.0,0.0,0.0,0.5,0.0,64.379,0.000,0.0,656204.0
2026-09-01T03:07:41,0.2,4912,1547350,1531197,0.3,0.00,0.63,0.00,2.51,0.00,1.00,0.00,4.0,95830.0,95347.0,0.0,0.0,0.5,0.0,64.364,0.000,0.0,653073.0
2026-09-01T03:07:42,0.2,4911,1547350,1531197,0.3,0.00,0.62,0.00,2.46,0.00,0.00,0.00,4.0,95830.0,95347.0,0.0,0.0,0.5,0.0,64.371,0.000,0.0,666195.0
2026-09-01T03:07:44,0.2,4912,1547350,1531197,0.3,0.00,1.31,0.00,5.23,0.00,0.00,0.00,4.0,95830.0,95347.0,0.0,0.0,0.5,0.0,64.344,0.000,0.0,654644.5
2026-09-01T03:07:45,0.2,4912,1547350,1531197,0.3,0.00,0.68,0.00,2.72,0.00,0.00,0.00,4.0,95830.0,95347.0,0.0,0.0,0.5,0.0,64.390,0.000,0.0,690880.0
2026-09-01T03:07:47,0.2,4912,1547350,1531196,0.3,0.00,0.85,0.00,3.38,0.00,0.00,0.00,4.0,95830.0,95347.0,0.0,0.0,0.5,0.0,64.345,0.000,0.0,692565.5
2026-09-01T03:07:48,0.2,4912,1547350,1531197,0.3,0.00,0.92,0.00,3.68,0.00,0.00,0.00,4.0,95830.0,95347.0,0.0,0.0,0.5,0.0,64.368,0.000,0.0,670535.0
2026-09-01T03:07:49,0.2,4912,1547350,1531197,0.3,0.00,0.62,0.00,2.50,0.00,0.00,0.00,4.0,95830.0,95347.0,0.0,0.0,0.5,0.0,64.367,0.000,0.0,657724.5
2026-09-01T03:07:51,0.2,4912,1547350,1531197,0.3,0.00,0.62,0.00,2.48,0.00,0.00,0.00,4.0,95830.0,95347.0,0.0,0.0,0.5,0.0,64.349,0.000,0.0,657724.5
2026-09-01T03:07:52,0.2,4912,1547350,1531197,0.3,0.00,1.05,0.00,4.21,0.00,0.00,0.00,4.0,95830.0,95347.0,0.0,0.0,0.5,0.0,64.393,0.000,0.0,703555.0
2026-09-01T03:07:53,0.3,4912,1547350,1531197,0.3,0.00,1.39,0.00,5.56,0.00,0.00,0.00,4.0,95830.0,95347.0,0.0,0.0,0.5,0.0,64.370,0.000,0.0,703555.0
2026-09-01T03:07:54,0.2,4912,1547350,1531197,0.3,0.00,0.86,0.00,3.45,0.00,0.00,0.00,4.0,95830.0,95347.0,0.0,0.0,0.5,0.0,64.356,0.000,0.0,704077.5
2026-09-01T03:07:55,0.2,4912,1547350,1531197,0.3,0.00,0.62,0.00,2.49,0.00,0.00,0.00,4.0,95830.0,95347.0,0.0,0.0,0.5,0.0,64.375,0.000,0.0,654405.5
2026-09-01T03:07:57,0.2,4912,1547350,1531197,0.3,0.00,0.57,0.00,2.29,0.00,0.00,0.00,4.0,95830.0,95347.0,0.0,0.0,0.5,0.0,64.361,0.000,0.0,655778.5
2026-09-01T03:07:59,0.2,4911,1547350,1531198,0.3,0.00,3.69,0.00,33.18,0.00,0.14,0.00,4.0,95830.0,95347.0,0.0,0.0,0.5,0.0,64.376,0.000,0.0,666839.0
2026-09-01T03:08:00,0.2,4910,1547350,1531198,0.3,0.00,0.71,0.00,2.86,0.00,0.00,0.00,4.0,95830.0,95347.0,0.0,0.0,0.5,0.0,64.370,0.000,0.0,687346.0
2026-09-01T03:08:01,0.3,4917,1547350,1531192,0.3,0.00,1.01,0.00,4.03,0.00,0.00,0.00,4.0,95830.0,95347.0,0.0,0.0,0.5,0.0,64.393,0.000,0.0,645745.5
2026-09-01T03:08:04,0.2,4918,1547350,1531191,0.3,0.00,0.45,0.00,1.80,0.00,0.00,0.00,4.0,95830.0,95347.0,0.0,0.0,0.5,0.0,64.367,0.000,0.0,679235.5
2026-09-01T03:08:05,0.2,4918,1547350,1531191,0.3,0.00,0.75,0.00,3.01,0.00,0.00,0.00,4.0,95830.0,95347.0,0.0,0.0,0.5,0.0,64.358,0.000,0.0,701818.0
2026-09-01T03:08:06,0.2,4917,1547350,1531191,0.3,0.00,0.91,0.00,3.65,0.00,0.00,0.00,4.0,95830.0,95347.0,0.0,0.0,0.5,0.0,64.370,0.000,0.0,653192.0
2026-09-01T03:08:08,0.2,4918,1547350,1531191,0.3,0.00,0.52,0.00,2.10,0.00,0.00,0.00,4.0,95830.0,95347.0,0.0,0.0,0.5,0.0,64.392,0.000,0.0,656673.0
2026-09-01T03:08:09,0.2,4918,1547350,1531191,0.3,0.00,1.35,0.00,5.40,0.00,0.00,0.07,4.0,95830.0,95347.0,0.0,0.0,0.5,0.0,64.350,0.000,0.0,690468.5
2026-09-01T03:08:11,0.2,4914,1547350,1531195,0.3,0.00,0.69,0.00,2.75,0.00,0.00,0.00,4.0,95830.0,95347.0,0.0,0.0,0.5,0.0,64.369,0.000,0.0,690468.5
2026-09-01T03:08:12,0.2,4914,1547350,1531195,0.3,0.00,1.25,0.00,4.99,0.00,0.00,0.00,4.0,95830.0,95347.0,0.0,0.0,0.5,0.0,64.362,0.000,0.0,678842.5
2026-09-01T03:08:14,0.2,4913,1547350,1531195,0.3,0.00,0.45,0.00,1.80,0.00,0.00,0.00,4.0,95830.0,95347.0,0.0,0.0,0.5,0.0,64.342,0.000,0.0,646072.0
2026-09-01T03:08:16,0.2,4914,1547350,1531195,0.3,0.00,0.50,0.00,1.99,0.00,0.00,0.00,4.0,95830.0,95347.0,0.0,0.0,0.5,0.0,64.347,0.000,0.0,652328.0
2026-09-01T03:08:18,0.2,4913,1547350,1531195,0.3,0.00,0.48,0.00,1.92,0.00,0.00,0.00,4.0,95830.0,95347.0,0.0,0.0,0.5,0.0,64.371,0.000,0.0,648468.5
2026-09-01T03:08:20,0.2,4913,1547350,1531196,0.3,0.00,0.53,0.00,2.11,0.00,0.00,0.00,4.0,95830.0,95347.0,0.0,0.0,0.5,0.0,64.364,0.000,0.0,673710.0
2026-09-01T03:08:21,0.2,4913,1547350,1531196,0.3,0.00,0.78,0.00,3.12,0.00,0.00,0.00,4.0,95830.0,95347.0,0.0,0.0,0.5,0.0,64.366,0.000,0.0,646280.0
2026-09-01T03:08:24,0.2,4913,1547350,1531196,0.3,0.00,0.42,0.00,1.70,0.00,1.00,0.00,4.0,95830.0,95347.0,0.0,0.0,0.5,0.0,64.367,0.000,0.0,676566.5
2026-09-01T03:08:24,0.2,4913,1547350,1531196,0.3,0.00,1.45,0.00,5.81,0.00,0.00,0.00,4.0,95830.0,95347.0,0.0,0.0,0.5,0.0,64.366,0.000,0.0,671574.0
2026-09-01T03:08:26,0.2,4912,1547350,1531197,0.3,0.00,0.50,0.00,2.00,0.00,0.00,0.00,4.0,95830.0,95347.0,0.0,0.0,0.5,0.0,64.369,0.000,0.0,648877.5
2026-09-01T03:08:28,0.2,4913,1547350,1531196,0.3,0.00,0.50,0.00,1.98,0.00,0.00,0.00,4.0,95830.0,95347.0,0.0,0.0,0.5,0.0,64.355,0.000,0.0,660954.0
2026-09-01T03:08:30,0.2,4912,1547350,1531196,0.3,0.00,6.02,0.00,31.20,0.00,0.00,0.00,4.0,95830.0,95347.0,0.0,0.0,0.5,0.0,64.342,0.000,0.0,653093.5
2026-09-01T03:08:32,0.2,4912,1547350,1531196,0.3,0.00,0.50,0.00,1.98,0.00,0.00,0.00,4.0,95830.0,95347.0,0.0,0.0,0.5,0.0,64.355,0.000,0.0,685901.5
2026-09-01T03:08:33,0.2,4912,1547350,1531196,0.3,0.00,0.92,0.00,3.67,0.00,0.00,0.00,4.0,95830.0,95347.0,0.0,0.0,0.5,0.0,64.358,0.000,0.0,685901.5
2026-09-01T03:08:33,0.2,4912,1547350,1531197,0.3,0.00,1.62,0.00,6.47,0.00,0.00,0.00,4.0,95830.0,95347.0,0.0,0.0,0.5,0.0,64.355,0.000,0.0,727217.5
2026-09-01T03:08:34,0.2,4912,1547350,1531197,0.3,0.00,1.04,0.00,4.18,0.00,0.00,0.00,4.0,95830.0,95347.0,0.0,0.0,0.5,0.0,64.359,0.000,0.0,659849.0
2026-09-01T03:08:36,0.2,4912,1547350,1531197,0.3,0.00,3.96,0.00,23.76,0.00,0.17,0.00,4.0,95830.0,95347.0,0.0,0.0,0.5,0.0,64.359,0.000,0.0,690565.5
2026-09-01T03:08:37,0.2,4912,1547350,1531197,0.3,0.00,0.67,0.00,2.70,0.00,0.00,0.00,4.0,95830.0,95347.0,0.0,0.0,0.5,0.0,64.347,0.000,0.0,649590.5
2026-09-01T03:08:39,0.2,4912,1547350,1531197,0.3,0.00,0.54,0.00,2.14,0.00,0.00,0.00,4.0,95830.0,95347.0,0.0,0.0,0.5,0.0,64.356,0.000,0.0,660753.5
2026-09-01T03:08:41,0.2,4912,1547350,1531197,0.3,0.00,1.82,0.00,12.11,0.00,0.00,0.00,4.0,95830.0,95347.0,0.0,0.0,0.5,0.0,64.349,0.000,0.0,683317.5
2026-09-01T03:08:42,0.2,4913,1547350,1531196,0.3,0.00,1.00,0.00,4.01,0.00,0.00,0.00,4.0,95830.0,95347.0,0.0,0.0,0.5,0.0,64.348,0.000,0.0,683317.5
2026-09-01T03:08:42,0.3,4912,1547350,1531196,0.3,0.00,1.67,0.00,6.67,0.00,0.00,0.00,4.0,95830.0,95347.0,0.0,0.0,0.5,0.0,64.364,0.000,0.0,707250.5
2026-09-01T03:08:44,0.2,4913,1547350,1531196,0.3,0.00,0.81,0.00,3.23,0.00,0.00,0.00,4.0,95830.0,95347.0,0.0,0.0,0.5,0.0,64.374,0.000,0.0,662810.0
2026-09-01T03:08:45,0.2,4913,1547350,1531196,0.3,0.00,1.28,0.00,5.13,0.00,0.50,0.00,4.0,95830.0,95347.0,0.0,0.0,0.5,0.0,64.367,0.000,0.0,663484.5
2026-09-01T03:08:47,0.2,4913,1547350,1531196,0.3,0.00,0.61,0.00,2.42,0.00,0.00,0.00,4.0,95830.0,95347.0,0.0,0.0,0.5,0.0,64.350,0.000,0.0,725939.0
2026-09-01T03:08:48,0.2,4913,1547350,1531195,0.3,0.00,0.64,0.00,2.54,0.00,0.00,0.00,4.0,95830.0,95347.0,0.0,0.0,0.5,0.0,64.363,0.000,0.0,677674.5
2026-09-01T03:08:49,0.2,4914,1547350,1531195,0.3,0.00,1.10,0.00,4.42,0.00,0.00,0.11,4.0,95830.0,95347.0,0.0,0.0,0.5,0.0,64.336,0.000,0.0,659226.0
2026-09-01T03:08:51,0.2,4913,1547350,1531195,0.3,0.00,0.59,0.00,2.35,0.00,0.00,0.00,4.0,95830.0,95347.0,0.0,0.0,0.5,0.0,64.314,0.000,0.0,659226.0
2026-09-01T03:08:52,0.2,4915,1547350,1531194,0.3,0.00,1.50,0.00,6.00,0.00,0.00,0.00,4.0,95830.0,95347.0,0.0,0.0,0.5,0.0,64.359,0.000,0.0,720069.0
2026-09-01T03:08:53,0.2,4914,1547350,1531194,0.3,0.00,0.65,0.00,2.58,0.00,0.00,0.00,4.0,95830.0,95347.0,0.0,0.0,0.5,0.0,64.368,0.000,0.0,652787.5
2026-09-01T03:08:55,0.2,4914,1547350,1531195,0.3,0.00,0.54,0.00,2.15,0.00,0.00,0.00,4.0,95830.0,95347.0,0.0,0.0,0.5,0.0,64.356,0.000,0.0,663032.0
2026-09-01T03:08:57,0.2,4913,1547350,1531195,0.3,0.00,0.61,0.00,2.45,0.00,0.00,0.00,4.0,95830.0,95347.0,0.0,0.0,0.5,0.0,64.326,0.000,0.0,654772.0
2026-09-01T03:08:58,0.2,4914,1547350,1531194,0.3,0.00,0.64,0.00,2.55,0.00,0.00,0.00,4.0,95830.0,95347.0,0.0,0.0,0.5,0.0,64.352,0.000,0.0,651731.0
2026-09-01T03:09:00,0.2,4914,1547350,1531195,0.3,0.00,3.77,0.00,34.98,0.00,0.00,0.00,4.0,95830.0,95347.0,0.0,0.0,0.5,0.0,64.341,0.000,0.0,668943.0
2026-09-01T03:09:01,0.3,4919,1547350,1531190,0.3,0.00,0.79,0.00,3.15,0.00,0.00,0.00,4.0,95830.0,95347.0,0.0,0.0,0.5,0.0,64.351,0.000,0.0,666663.0
2026-09-01T03:09:03,0.2,4918,1547350,1531191,0.3,0.00,0.65,0.00,2.61,0.00,0.00,0.00,4.0,95830.0,95347.0,0.0,0.0,0.5,0.0,64.311,0.000,0.0,683785.5
2026-09-01T03:09:05,0.2,4917,1547350,1531191,0.3,0.00,0.55,0.00,2.21,0.00,1.00,0.00,4.0,95830.0,95347.0,0.0,0.0,0.5,0.0,64.344,0.000,0.0,683785.5
2026-09-01T03:09:06,0.2,4917,1547350,1531192,0.3,0.00,1.01,0.00,4.04,0.00,0.00,0.00,4.0,95830.0,95347.0,0.0,0.0,0.5,0.0,64.322,0.000,0.0,667090.5
2026-09-01T03:09:07,0.2,4917,1547350,1531191,0.3,0.00,0.61,0.00,2.45,0.00,0.00,0.00,4.0,95830.0,95347.0,0.0,0.0,0.5,0.0,64.335,0.000,0.0,667090.5
2026-09-01T03:09:08,0.3,4917,1547350,1531192,0.3,0.00,1.63,0.00,6.50,0.00,0.00,0.00,4.0,95830.0,95347.0,0.0,0.0,0.5,0.0,64.322,0.000,0.0,801281.5
2026-09-01T03:09:09,0.2,4917,1547350,1531192,0.3,0.00,1.25,0.00,4.99,0.00,0.00,0.00,4.0,95830.0,95347.0,0.0,0.0,0.5,0.0,64.318,0.000,0.0,646340.5
2026-09-01T03:09:11,0.2,4918,1547350,1531191,0.3,0.00,0.50,0.00,2.02,0.00,0.00,0.00,4.0,95830.0,95347.0,0.0,0.0,0.5,0.0,64.326,0.000,0.0,646340.5
2026-09-01T03:09:11,0.3,4915,1547350,1531193,0.3,0.00,3.08,0.00,12.31,0.00,0.00,0.15,4.0,95830.0,95347.0,0.0,0.0,0.5,0.0,64.342,0.000,0.0,723041.5
2026-09-01T03:09:12,0.2,4916,1547350,1531193,0.3,0.00,0.99,0.00,3.97,0.00,0.00,0.00,4.0,95830.0,95347.0,0.0,0.0,0.5,0.0,64.340,0.000,0.0,649930.5
2026-09-01T03:09:14,0.2,4916,1547350,1531192,0.3,0.00,0.53,0.00,2.11,0.00,0.00,0.00,4.0,95830.0,95347.0,0.0,0.0,0.5,0.0,64.323,0.000,0.0,699899.5
2026-09-01T03:09:15,0.2,4916,1547350,1531192,0.3,0.00,0.91,0.00,3.64,0.00,0.00,0.00,4.0,95830.0,95347.0,0.0,0.0,0.5,0.0,64.332,0.000,0.0,646590.5
2026-09-01T03:09:17,0.2,4918,1547350,1531191,0.3,0.00,0.54,0.00,2.16,0.00,0.00,0.00,4.0,95830.0,95347.0,0.0,0.0,0.5,0.0,64.340,0.000,0.0,655376.5
2026-09-01T03:09:19,0.2,4917,1547350,1531192,0.3,0.00,0.46,0.00,1.84,0.00,0.00,0.00,4.0,95830.0,95347.0,0.0,0.0,0.5,0.0,64.341,0.000,0.0,630213.5
2026-09-01T03:09:22,0.2,4917,1547350,1531192,0.3,0.00,0.49,0.00,1.94,0.00,0.00,0.00,4.0,95830.0,95347.0,0.0,0.0,0.5,0.0,64.320,0.000,0.0,661984.5
2026-09-01T03:09:24,0.2,4917,1547350,1531192,0.3,0.00,0.51,0.00,2.03,0.00,0.00,0.00,4.0,95830.0,95347.0,0.0,0.0,0.5,0.0,64.345,0.000,0.0,668758.5
2026-09-01T03:09:26,0.2,4916,1547350,1531193,0.3,0.00,0.48,0.00,1.91,0.00,0.00,0.00,4.0,95830.0,95347.0,0.0,0.0,0.5,0.0,64.300,0.000,0.0,673477.0
2026-09-01T03:09:27,0.2,4916,1547350,1531192,0.3,0.00,0.74,0.00,2.96,0.00,0.00,0.00,4.0,95830.0,95347.0,0.0,0.0,0.5,0.0,64.303,0.000,0.0,659430.5
2026-09-01T03:09:29,0.2,4916,1547350,1531193,0.3,0.00,0.50,0.00,2.00,0.00,0.00,0.00,4.0,95830.0,95347.0,0.0,0.0,0.5,0.0,64.330,0.000,0.0,717855.5
2026-09-01T03:09:30,0.2,4916,1547350,1531193,0.3,0.00,12.90,0.00,58.04,0.00,0.08,0.00,4.0,95830.0,95347.0,0.0,0.0,0.5,0.0,64.273,0.000,0.0,667583.0
2026-09-01T03:09:32,0.2,4917,1547350,1531192,0.3,0.00,2.99,0.00,11.96,0.00,0.00,0.00,4.0,95830.0,95347.0,0.0,0.0,0.5,0.0,64.306,0.000,0.0,652605.5
2026-09-01T03:09:34,0.2,4916,1547350,1531193,0.3,0.00,0.58,0.00,2.33,0.00,1.00,0.00,4.0,95830.0,95347.0,0.0,0.0,0.5,0.0,64.293,0.000,0.0,654368.5
2026-09-01T03:09:35,0.2,4915,1547350,1531194,0.3,0.00,0.57,0.00,2.28,0.00,0.00,0.00,4.0,95830.0,95347.0,0.0,0.0,0.5,0.0,64.267,0.000,0.0,661993.0
2026-09-01T03:09:37,0.2,4914,1547350,1531194,0.3,0.00,0.67,0.00,2.68,0.00,0.00,0.00,4.0,95830.0,95347.0,0.0,0.0,0.5,0.0,64.303,0.000,0.0,660937.0
2026-09-01T03:09:38,0.2,4915,1547350,1531194,0.3,0.00,0.66,0.00,2.62,0.00,0.00,0.00,4.0,95830.0,95347.0,0.0,0.0,0.5,0.0,64.334,0.000,0.0,671114.0
2026-09-01T03:09:40,0.2,4915,1547350,1531194,0.3,0.00,0.59,0.00,2.38,0.00,0.00,0.00,4.0,95830.0,95347.0,0.0,0.0,0.5,0.0,64.280,0.000,0.0,656231.0
2026-09-01T03:09:42,0.2,4915,1547350,1531194,0.3,0.00,0.66,0.00,2.64,0.00,0.00,0.00,4.0,95830.0,95347.0,0.0,0.0,0.5,0.0,64.280,0.000,0.0,656231.0
2026-09-01T03:09:42,0.2,4915,1547350,1531194,0.3,0.00,4.78,0.00,19.11,0.00,0.00,0.00,4.0,95830.0,95347.0,0.0,0.0,0.5,0.0,64.273,0.000,0.0,749202.5
2026-09-01T03:09:44,0.2,4915,1547350,1531193,0.3,0.00,0.71,0.00,2.83,0.00,0.00,0.00,4.0,95830.0,95347.0,0.0,0.0,0.5,0.0,64.291,0.000,0.0,685592.5
2026-09-01T03:09:45,0.2,4914,1547350,1531195,0.3,0.00,0.64,0.00,2.58,0.00,0.00,0.00,4.0,95830.0,95347.0,0.0,0.0,0.5,0.0,64.321,0.000,0.0,685592.5
2026-09-01T03:09:46,0.2,4915,1547350,1531194,0.3,0.00,1.31,0.00,5.24,0.00,0.00,0.00,4.0,95830.0,95347.0,0.0,0.0,0.5,0.0,64.281,0.000,0.0,709642.0
2026-09-01T03:09:47,0.2,4915,1547350,1531194,0.3,0.00,1.63,0.00,9.80,0.00,0.00,0.00,4.0,95830.0,95347.0,0.0,0.0,0.5,0.0,64.264,0.000,0.0,709642.0
2026-09-01T03:09:48,0.2,4914,1547350,1531195,0.3,0.00,1.28,0.00,5.13,0.00,0.00,0.00,4.0,95830.0,95347.0,0.0,0.0,0.5,0.0,64.252,0.000,0.0,696881.0
2026-09-01T03:09:49,0.2,4913,1547350,1531196,0.3,0.00,0.83,0.00,3.33,0.00,0.00,0.00,4.0,95830.0,95347.0,0.0,0.0,0.5,0.0,64.314,0.000,0.0,672307.0
2026-09-01T03:09:51,0.2,4914,1547350,1531195,0.3,0.00,0.55,0.00,2.20,0.00,1.00,0.00,4.0,95830.0,95347.0,0.0,0.0,0.5,0.0,64.283,0.000,0.0,658025.0
2026-09-01T03:09:53,0.2,4914,1547350,1531195,0.3,0.00,0.63,0.00,2.54,0.00,0.00,0.00,4.0,95830.0,95347.0,0.0,0.0,0.5,0.0,64.233,0.000,0.0,658025.0
2026-09-01T03:09:53,0.2,4915,1547350,1531194,0.3,0.00,1.52,0.00,6.06,0.00,0.00,0.00,4.0,95830.0,95347.0,0.0,0.0,0.5,0.0,64.255,0.000,0.0,714863.5
2026-09-01T03:09:54,0.2,4915,1547350,1531194,0.3,0.00,1.28,0.00,5.12,0.00,0.00,0.00,4.0,95830.0,95347.0,0.0,0.0,0.5,0.0,64.259,0.000,0.0,657717.0
2026-09-01T03:09:56,0.2,4914,1547350,1531195,0.3,0.00,0.55,0.00,2.21,0.00,0.00,0.00,4.0,95830.0,95347.0,0.0,0.0,0.5,0.0,64.279,0.000,0.0,657717.0
2026-09-01T03:09:56,0.2,4914,1547350,1531194,0.3,0.00,1.67,0.00,6.69,0.00,0.00,0.00,4.0,95830.0,95347.0,0.0,0.0,0.5,0.0,64.251,0.000,0.0,781661.0
2026-09-01T03:09:57,0.2,4915,1547350,1531194,0.3,0.00,2.50,0.00,10.00,0.00,0.00,0.00,4.0,95830.0,95347.0,0.0,0.0,0.5,0.0,64.284,0.000,0.0,666090.5
2026-09-01T03:09:58,0.2,4915,1547350,1531194,0.3,0.00,0.62,0.00,2.50,0.00,0.00,0.00,4.0,95830.0,95347.0,0.0,0.0,0.5,0.0,64.290,0.000,0.0,675302.0
2026-09-01T03:09:59,0.2,4915,1547350,1531194,0.3,0.00,0.98,0.00,3.94,0.00,0.00,0.00,4.0,95830.0,95347.0,0.0,0.0,0.5,0.0,64.264,0.000,0.0,660046.5
2026-09-01T03:10:01,0.3,4919,1547350,1531190,0.3,0.00,4.31,0.00,36.92,0.00,0.00,0.00,4.0,95830.0,95347.0,0.0,0.0,0.5,0.0,64.263,0.000,0.0,660046.5
2026-09-01T03:10:02,0.2,4919,1547350,1531189,0.3,0.00,1.68,0.00,6.71,0.00,0.00,0.00,4.0,95830.0,95347.0,0.0,0.0,0.5,0.0,64.250,0.000,0.0,679503.5
2026-09-01T03:10:03,0.2,4919,1547350,1531190,0.3,0.00,0.62,0.00,2.46,0.00,0.00,0.00,4.0,95830.0,95347.0,0.0,0.0,0.5,0.0,64.243,0.000,0.0,679503.5
2026-09-01T03:10:04,0.2,4919,1547350,1531190,0.3,0.00,0.87,0.00,3.47,0.00,0.00,0.00,4.0,95830.0,95347.0,0.0,0.0,0.5,0.0,64.260,0.000,0.0,665524.0
2026-09-01T03:10:07,0.2,4919,1547350,1531190,0.3,0.00,0.49,0.00,1.94,0.00,0.00,0.05,4.0,95830.0,95347.0,0.0,0.0,0.5,0.0,64.245,0.000,0.0,671307.5
2026-09-01T03:10:08,0.2,4920,1547350,1531189,0.3,0.00,0.55,0.00,2.20,0.00,1.00,0.00,4.0,95830.0,95347.0,0.0,0.0,0.5,0.0,64.258,0.000,0.0,664385.5
2026-09-01T03:10:10,0.2,4919,1547350,1531190,0.3,0.00,0.55,0.00,2.21,0.00,0.00,0.00,4.0,95830.0,95347.0,0.0,0.0,0.5,0.0,64.223,0.000,0.0,657330.5
2026-09-01T03:10:12,0.2,4915,1547350,1531194,0.3,0.00,0.61,0.00,2.45,0.00,0.00,0.00,4.0,95830.0,95347.0,0.0,0.0,0.5,0.0,64.188,0.000,0.0,657330.5
2026-09-01T03:10:12,0.2,4915,1547350,1531194,0.3,0.00,1.60,0.00,6.40,0.00,0.00,0.00,4.0,95830.0,95347.0,0.0,0.0,0.5,0.0,64.238,0.000,0.0,721228.0
2026-09-01T03:10:13,0.2,4914,1547350,1531194,0.3,0.00,1.00,0.00,4.01,0.00,0.00,0.00,4.0,95830.0,95347.0,0.0,0.0,0.5,0.0,64.254,0.000,0.0,660075.5
2026-09-01T03:10:15,0.2,4915,1547350,1531193,0.3,0.00,0.50,0.00,2.01,0.00,0.00,0.00,4.0,95830.0,95347.0,0.0,0.0,0.5,0.0,64.224,0.000,0.0,638094.0
2026-09-01T03:10:18,0.2,4915,1547350,1531194,0.3,0.00,0.91,0.00,3.63,0.00,0.00,0.00,4.0,95830.0,95347.0,0.0,0.0,0.5,0.0,64.224,0.000,0.0,645218.5
2026-09-01T03:10:20,0.2,4915,1547350,1531194,0.3,0.00,0.49,0.00,1.97,0.00,0.00,0.00,4.0,95830.0,95347.0,0.0,0.0,0.5,0.0,64.207,0.000,0.0,654370.0
2026-09-01T03:10:21,0.2,4915,1547350,1531193,0.3,0.00,0.55,0.00,2.21,0.00,0.00,0.00,4.0,95830.0,95347.0,0.0,0.0,0.5,0.0,64.204,0.000,0.0,634532.0
2026-09-01T03:10:23,0.2,4915,1547350,1531194,0.3,0.00,0.50,0.00,1.98,0.00,0.00,0.00,4.0,95830.0,95347.0,0.0,0.0,0.5,0.0,64.207,0.000,0.0,662059.0
2026-09-01T03:10:25,0.2,4915,1547350,1531193,0.3,0.00,0.50,0.00,2.00,0.00,0.00,0.00,4.0,95830.0,95347.0,0.0,0.0,0.5,0.0,64.210,0.000,0.0,645045.5
2026-09-01T03:10:28,0.2,4915,1547350,1531194,0.3,0.00,0.50,0.00,1.98,0.00,0.00,0.00,4.0,95830.0,95347.0,0.0,0.0,0.5,0.0,64.186,0.000,0.0,703549.0
2026-09-01T03:10:30,0.2,4915,1547350,1531193,0.3,0.00,0.49,0.00,1.97,0.00,0.00,0.00,4.0,95830.0,95347.0,0.0,0.0,0.5,0.0,64.190,0.000,0.0,638775.5
2026-09-01T03:10:32,0.2,4915,1547350,1531194,0.3,0.00,0.90,0.00,9.41,0.00,0.00,0.00,4.0,95830.0,95347.0,0.0,0.0,0.5,0.0,64.194,0.000,0.0,658847.5
2026-09-01T03:10:34,0.2,4915,1547350,1531194,0.3,0.00,3.00,0.00,14.00,0.00,0.17,0.00,4.0,95830.0,95347.0,0.0,0.0,0.5,0.0,64.172,0.000,0.0,653209.5
2026-09-01T03:10:35,0.2,4915,1547350,1531194,0.3,0.00,0.59,0.00,2.37,0.00,0.00,0.00,4.0,95830.0,95347.0,0.0,0.0,0.5,0.0,64.199,0.000,0.0,669602.0
2026-09-01T03:10:37,0.2,4915,1547350,1531194,0.3,0.00,0.66,0.00,2.65,0.00,0.00,0.00,4.0,95830.0,95347.0,0.0,0.0,0.5,0.0,64.212,0.000,0.0,669602.0
2026-09-01T03:10:38,0.2,4915,1547350,1531194,0.3,0.00,1.20,0.00,4.81,0.00,0.00,0.00,4.0,95830.0,95347.0,0.0,0.0,0.5,0.0,64.228,0.000,0.0,714761.0
2026-09-01T03:10:39,0.2,4915,1547350,1531194,0.3,0.00,0.59,0.00,2.35,0.00,0.00,0.00,4.0,95830.0,95347.0,0.0,0.0,0.5,0.0,64.170,0.000,0.0,649357.0
2026-09-01T03:10:43,0.2,4915,1547350,1531194,0.3,0.00,0.78,0.00,3.12,0.00,0.00,0.00,4.0,95830.0,95347.0,0.0,0.0,0.5,0.0,64.183,0.000,0.0,628393.0
2026-09-01T03:10:45,0.2,4915,1547350,1531194,0.3,0.00,0.65,0.00,2.60,0.00,0.00,0.00,4.0,95830.0,95347.0,0.0,0.0,0.5,0.0,64.188,0.000,0.0,659091.5
2026-09-01T03:10:47,0.2,4916,1547350,1531193,0.3,0.00,0.55,0.00,2.21,0.00,0.00,0.00,4.0,95830.0,95347.0,0.0,0.0,0.5,0.0,64.204,0.000,0.0,652878.0
2026-09-01T03:10:48,0.2,4915,1547350,1531193,0.3,0.00,1.21,0.00,7.23,0.00,0.50,0.00,4.0,95830.0,95347.0,0.0,0.0,0.5,0.0,64.178,0.000,0.0,654386.5
2026-09-01T03:10:50,0.2,4915,1547350,1531194,0.3,0.00,0.65,0.00,2.59,0.00,0.00,0.00,4.0,95830.0,95347.0,0.0,0.0,0.5,0.0,64.167,0.000,0.0,642774.0
2026-09-01T03:10:52,0.2,4915,1547350,1531193,0.3,0.00,0.52,0.00,2.08,0.00,0.00,0.00,4.0,95830.0,95347.0,0.0,0.0,0.5,0.0,64.198,0.000,0.0,663886.0
2026-09-01T03:10:53,0.2,4916,1547350,1531193,0.3,0.00,0.62,0.00,2.49,0.00,0.00,0.00,4.0,95830.0,95347.0,0.0,0.0,0.5,0.0,64.154,0.000,0.0,657240.5
2026-09-01T03:10:55,0.2,4916,1547350,1531193,0.3,0.00,0.64,0.00,2.57,0.00,0.00,0.00,4.0,95830.0,95347.0,0.0,0.0,0.5,0.0,64.178,0.000,0.0,661931.5
2026-09-01T03:10:57,0.2,4916,1547350,1531193,0.3,0.00,0.58,0.00,2.31,0.00,0.00,0.00,4.0,95830.0,95347.0,0.0,0.0,0.5,0.0,64.192,0.000,0.0,651436.5
2026-09-01T03:10:58,0.2,4917,1547350,1531192,0.3,0.00,0.58,0.00,2.33,0.00,0.00,0.00,4.0,95830.0,95347.0,0.0,0.0,0.5,0.0,64.153,0.000,0.0,698948.0
2026-09-01T03:11:00,0.2,4916,1547350,1531193,0.3,0.00,0.63,0.00,2.53,0.00,0.00,0.00,4.0,95830.0,95347.0,0.0,0.0,0.5,0.0,64.166,0.000,0.0,661983.5
2026-09-01T03:11:02,0.3,4921,1547350,1531188,0.3,0.00,3.77,0.00,32.04,0.00,0.00,0.00,4.0,95830.0,95347.0,0.0,0.0,0.5,0.0,64.203,0.000,0.0,644604.0
2026-09-01T03:11:04,0.2,4921,1547350,1531188,0.3,0.00,0.56,0.00,2.22,0.00,0.00,0.00,4.0,95830.0,95347.0,0.0,0.0,0.5,0.0,64.197,0.000,0.0,657723.0
2026-09-01T03:11:05,0.2,4922,1547350,1531187,0.3,0.00,0.57,0.00,2.29,0.00,0.00,0.00,4.0,95830.0,95347.0,0.0,0.0,0.5,0.0,64.168,0.000,0.0,659928.5
2026-09-01T03:11:07,0.2,4922,1547350,1531187,0.3,0.00,0.57,0.00,2.29,0.00,0.00,0.00,4.0,95830.0,95347.0,0.0,0.0,0.5,0.0,64.172,0.000,0.0,652197.0
2026-09-01T03:11:09,0.2,4922,1547350,1531187,0.3,0.00,0.58,0.00,2.32,0.00,1.00,0.00,4.0,95830.0,95347.0,0.0,0.0,0.5,0.0,64.172,0.000,0.0,652197.5
2026-09-01T03:11:11,0.2,4922,1547350,1531187,0.3,0.00,0.56,0.00,2.22,0.00,0.00,0.00,4.0,95830.0,95347.0,0.0,0.0,0.5,0.0,64.153,0.000,0.0,649810.5
2026-09-01T03:11:13,0.2,4918,1547350,1531191,0.3,0.00,0.49,0.00,1.97,0.00,0.00,0.00,4.0,95830.0,95347.0,0.0,0.0,0.5,0.0,64.108,0.000,0.0,646477.5
2026-09-01T03:11:15,0.2,4917,1547350,1531192,0.3,0.00,0.49,0.00,1.94,0.00,0.00,0.00,4.0,95830.0,95347.0,0.0,0.0,0.5,0.0,64.148,0.000,0.0,646200.5
2026-09-01T03:11:17,0.2,4918,1547350,1531191,0.3,0.00,0.51,0.00,2.02,0.00,0.00,0.00,4.0,95830.0,95347.0,0.0,0.0,0.5,0.0,64.142,0.000,0.0,647405.0
2026-09-01T03:11:19,0.2,4917,1547350,1531192,0.3,0.00,0.99,0.00,3.96,0.00,0.00,0.00,4.0,95830.0,95347.0,0.0,0.0,0.5,0.0,64.157,0.000,0.0,645093.5
2026-09-01T03:11:21,0.2,4917,1547350,1531192,0.3,0.00,0.50,0.00,2.00,0.00,0.00,0.00,4.0,95830.0,95347.0,0.0,0.0,0.5,0.0,64.154,0.000,0.0,643643.5
2026-09-01T03:11:23,0.2,4917,1547350,1531192,0.3,0.00,0.49,0.00,1.98,0.00,0.00,0.00,4.0,95830.0,95347.0,0.0,0.0,0.5,0.0,64.148,0.000,0.0,649209.0
2026-09-01T03:11:25,0.2,4916,1547350,1531193,0.3,0.00,0.49,0.00,1.96,0.00,0.00,0.00,4.0,95830.0,95347.0,0.0,0.0,0.5,0.0,64.166,0.000,0.0,648358.5
2026-09-01T03:11:27,0.2,4916,1547350,1531193,0.3,0.00,0.50,0.00,2.00,0.00,0.00,0.00,4.0,95830.0,95347.0,0.0,0.0,0.5,0.0,64.156,0.000,0.0,640513.0
2026-09-01T03:11:29,0.2,4915,1547350,1531194,0.3,0.00,0.45,0.00,1.80,0.00,0.00,0.00,4.0,95830.0,95347.0,0.0,0.0,0.5,0.0,64.166,0.000,0.0,656745.0
2026-09-01T03:11:31,0.2,4915,1547350,1531194,0.3,0.00,1.53,0.00,12.47,0.00,0.00,0.00,4.0,95830.0,95347.0,0.0,0.0,0.5,0.0,64.137,0.000,0.0,645845.5
2026-09-01T03:11:33,0.2,4913,1547350,1531195,0.3,0.00,0.48,0.00,1.93,0.00,0.00,0.00,4.0,95830.0,95347.0,0.0,0.0,0.5,0.0,64.171,0.000,0.0,635450.0
2026-09-01T03:11:35,0.2,4913,1547350,1531196,0.3,0.00,2.97,0.00,11.86,0.00,0.17,0.00,4.0,95830.0,95347.0,0.0,0.0,0.5,0.0,64.142,0.000,0.0,664591.5
2026-09-01T03:11:37,0.2,4913,1547350,1531195,0.3,0.00,0.60,0.00,2.39,0.00,0.00,0.00,4.0,95830.0,95347.0,0.0,0.0,0.5,0.0,64.197,0.000,0.0,660951.0
2026-09-01T03:11:38,0.2,4913,1547350,1531195,0.3,0.00,0.65,0.00,2.60,0.00,0.00,0.00,4.0,95830.0,95347.0,0.0,0.0,0.5,0.0,64.175,0.000,0.0,656750.0
2026-09-01T03:11:40,0.2,4914,1547350,1531195,0.3,0.00,0.59,0.00,2.35,0.00,0.00,0.00,4.0,95830.0,95347.0,0.0,0.0,0.5,0.0,64.180,0.000,0.0,661276.5
2026-09-01T03:11:42,0.2,4913,1547350,1531195,0.3,0.00,0.62,0.00,2.47,0.00,0.00,0.00,4.0,95830.0,95347.0,0.0,0.0,0.5,0.0,64.176,0.000,0.0,651608.5
2026-09-01T03:11:43,0.2,4914,1547350,1531195,0.3,0.00,0.60,0.00,2.41,0.00,0.00,0.00,4.0,95830.0,95347.0,0.0,0.0,0.5,0.0,64.183,0.000,0.0,655345.0
2026-09-01T03:11:45,0.2,4914,1547350,1531195,0.3,0.00,1.75,0.00,6.99,0.00,0.00,0.00,4.0,95830.0,95347.0,0.0,0.0,0.5,0.0,64.154,0.000,0.0,662137.0
2026-09-01T03:11:47,0.2,4914,1547350,1531194,0.3,0.00,0.59,0.00,2.38,0.00,0.00,0.00,4.0,95830.0,95347.0,0.0,0.0,0.5,0.0,64.191,0.000,0.0,652937.5
2026-09-01T03:11:48,0.2,4914,1547350,1531195,0.3,0.00,0.62,0.00,2.47,0.00,0.00,0.00,4.0,95830.0,95347.0,0.0,0.0,0.5,0.0,64.162,0.000,0.0,651469.0
2026-09-01T03:11:50,0.2,4915,1547350,1531193,0.3,0.00,0.57,0.00,2.29,0.00,0.00,0.00,4.0,95830.0,95347.0,0.0,0.0,0.5,0.0,64.168,0.000,0.0,661944.0
2026-09-01T03:11:52,0.2,4915,1547350,1531194,0.3,0.00,0.60,0.00,2.42,0.00,0.00,0.00,4.0,95830.0,95347.0,0.0,0.0,0.5,0.0,64.151,0.000,0.0,651762.0
2026-09-01T03:11:53,0.2,4915,1547350,1531194,0.3,0.00,0.59,0.00,2.37,0.00,0.00,0.00,4.0,95830.0,95347.0,0.0,0.0,0.5,0.0,64.154,0.000,0.0,654728.5
2026-09-01T03:11:55,0.2,4915,1547350,1531194,0.3,0.00,1.10,0.00,6.57,0.00,0.00,0.00,4.0,95830.0,95347.0,0.0,0.0,0.5,0.0,64.181,0.000,0.0,651978.0
2026-09-01T03:11:57,0.2,4915,1547350,1531193,0.3,0.00,0.58,0.00,2.33,0.00,1.00,0.00,4.0,95830.0,95347.0,0.0,0.0,0.5,0.0,64.144,0.000,0.0,650629.0
2026-09-01T03:11:59,0.2,4915,1547350,1531194,0.3,0.00,0.55,0.00,2.21,0.00,0.00,0.00,4.0,95830.0,95347.0,0.0,0.0,0.5,0.0,64.167,0.000,0.0,669005.5
2026-09-01T03:12:00,0.2,4915,1547350,1531194,0.3,0.00,0.63,0.00,2.51,0.00,0.00,0.00,4.0,95830.0,95347.0,0.0,0.0,0.5,0.0,64.162,0.000,0.0,658345.0
2026-09-01T03:12:02,0.3,4920,1547350,1531189,0.3,0.00,1.85,0.00,13.22,0.00,0.00,0.00,4.0,95830.0,95347.0,0.0,0.0,0.5,0.0,64.182,0.000,0.0,655935.5
2026-09-01T03:12:04,0.2,4920,1547350,1531189,0.3,0.00,0.55,0.00,2.19,0.00,0.00,0.00,4.0,95830.0,95347.0,0.0,0.0,0.5,0.0,64.206,0.000,0.0,653023.0
2026-09-01T03:12:05,0.2,4920,1547350,1531189,0.3,0.00,0.61,0.00,2.44,0.00,0.00,0.00,4.0,95830.0,95347.0,0.0,0.0,0.5,0.0,64.169,0.000,0.0,650357.5
2026-09-01T03:12:07,0.2,4920,1547350,1531189,0.3,0.00,0.57,0.00,2.29,0.00,0.00,0.00,4.0,95830.0,95347.0,0.0,0.0,0.5,0.0,64.172,0.000,0.0,646063.5
2026-09-01T03:12:09,0.2,4920,1547350,1531189,0.3,0.00,0.50,0.00,1.99,0.00,0.00,0.00,4.0,95830.0,95347.0,0.0,0.0,0.5,0.0,64.169,0.000,0.0,658186.5
2026-09-01T03:12:11,0.2,4919,1547350,1531190,0.3,0.00,0.54,0.00,2.16,0.00,0.00,0.00,4.0,95830.0,95347.0,0.0,0.0,0.5,0.0,64.173,0.000,0.0,651482.0
2026-09-01T03:12:13,0.2,4919,1547350,1531190,0.3,0.00,0.55,0.00,2.20,0.00,0.00,0.00,4.0,95830.0,95347.0,0.0,0.0,0.5,0.0,64.197,0.000,0.0,648683.0
2026-09-01T03:12:15,0.2,4919,1547350,1531190,0.3,0.00,0.56,0.00,2.23,0.00,0.00,0.00,4.0,95830.0,95347.0,0.0,0.0,0.5,0.0,64.185,0.000,0.0,649495.0
2026-09-01T03:12:16,0.2,4918,1547350,1531191,0.3,0.00,0.55,0.00,2.19,0.00,0.00,0.00,4.0,95830.0,95347.0,0.0,0.0,0.5,0.0,64.184,0.000,0.0,646350.5
2026-09-01T03:12:19,0.2,4918,1547350,1531191,0.3,0.00,0.41,0.00,1.65,0.00,1.00,0.00,4.0,95830.0,95347.0,0.0,0.0,0.5,0.0,64.206,0.000,0.0,642416.5
2026-09-01T03:12:21,0.2,4918,1547350,1531191,0.3,0.00,0.49,0.00,1.98,0.00,0.00,0.00,4.0,95830.0,95347.0,0.0,0.0,0.5,0.0,64.179,0.000,0.0,648184.5
2026-09-01T03:12:23,0.2,4917,1547350,1531192,0.3,0.00,0.50,0.00,1.98,0.00,0.00,0.00,4.0,95830.0,95347.0,0.0,0.0,0.5,0.0,64.200,0.000,0.0,641106.5
2026-09-01T03:12:25,0.2,4917,1547350,1531192,0.3,0.00,0.45,0.00,1.79,0.00,0.00,0.00,4.0,95830.0,95347.0,0.0,0.0,0.5,0.0,64.219,0.000,0.0,646359.0
2026-09-01T03:12:27,0.2,4917,1547350,1531192,0.3,0.00,1.00,0.00,4.02,0.00,0.00,0.00,4.0,95830.0,95347.0,0.0,0.0,0.5,0.0,64.154,0.000,0.0,631560.5
2026-09-01T03:12:29,0.2,4917,1547350,1531192,0.3,0.00,0.50,0.00,1.99,0.00,0.00,0.00,4.0,95830.0,95347.0,0.0,0.0,0.5,0.0,64.191,0.000,0.0,661796.5
2026-09-01T03:12:31,0.2,4917,1547350,1531192,0.3,0.00,3.90,0.00,22.21,0.00,0.00,0.00,4.0,95830.0,95347.0,0.0,0.0,0.5,0.0,64.224,0.000,0.0,646012.0
2026-09-01T03:12:33,0.2,4917,1547350,1531192,0.3,0.00,0.50,0.00,2.00,0.00,1.00,0.00,4.0,95830.0,95347.0,0.0,0.0,0.5,0.0,64.183,0.000,0.0,646935.0
2026-09-01T03:12:35,0.2,4916,1547350,1531193,0.3,0.00,0.50,0.00,1.98,0.00,0.00,0.05,4.0,95830.0,95347.0,0.0,0.0,0.5,0.0,64.198,0.000,0.0,657345.5
2026-09-01T03:12:37,0.2,4916,1547350,1531193,0.3,0.00,0.50,0.00,2.02,0.00,0.00,0.00,4.0,95830.0,95347.0,0.0,0.0,0.5,0.0,64.207,0.000,0.0,663132.5
2026-09-01T03:12:39,0.2,4916,1547350,1531193,0.3,0.00,0.53,0.00,2.11,0.00,0.00,0.00,4.0,95830.0,95347.0,0.0,0.0,0.5,0.0,64.213,0.000,0.0,655164.0
2026-09-01T03:12:41,0.2,4916,1547350,1531193,0.3,0.00,0.73,0.00,2.90,0.00,0.00,0.07,4.0,95830.0,95347.0,0.0,0.0,0.5,0.0,64.192,0.000,0.0,663367.0
2026-09-01T03:12:42,0.2,4916,1547350,1531192,0.3,0.00,0.60,0.00,2.41,0.00,0.00,0.00,4.0,95830.0,95347.0,0.0,0.0,0.5,0.0,64.216,0.000,0.0,656262.0
2026-09-01T03:12:44,0.2,4915,1547350,1531194,0.3,0.00,0.64,0.00,2.55,0.00,0.00,0.00,4.0,95830.0,95347.0,0.0,0.0,0.5,0.0,64.208,0.000,0.0,661510.0
2026-09-01T03:12:45,0.2,4915,1547350,1531194,0.3,0.00,0.60,0.00,2.42,0.00,0.00,0.00,4.0,95830.0,95347.0,0.0,0.0,0.5,0.0,64.165,0.000,0.0,663360.5
2026-09-01T03:12:47,0.2,4915,1547350,1531194,0.3,0.00,1.81,0.00,7.24,0.00,0.00,0.00,4.0,95830.0,95347.0,0.0,0.0,0.5,0.0,64.206,0.000,0.0,657154.0
2026-09-01T03:12:49,0.2,4914,1547350,1531195,0.3,0.00,0.64,0.00,2.57,0.00,0.00,0.00,4.0,95830.0,95347.0,0.0,0.0,0.5,0.0,64.216,0.000,0.0,655599.0
2026-09-01T03:12:50,0.2,4914,1547350,1531194,0.3,0.00,0.55,0.00,2.18,0.00,0.00,0.00,4.0,95830.0,95347.0,0.0,0.0,0.5,0.0,64.220,0.000,0.0,660565.0
2026-09-01T03:12:52,0.2,4915,1547350,1531194,0.3,0.00,0.61,0.00,2.44,0.00,0.00,0.00,4.0,95830.0,95347.0,0.0,0.0,0.5,0.0,64.203,0.000,0.0,656250.0
2026-09-01T03:12:54,0.2,4915,1547350,1531194,0.3,0.00,0.63,0.00,2.53,0.00,0.00,0.00,4.0,95830.0,95347.0,0.0,0.0,0.5,0.0,64.194,0.000,0.0,651444.5
2026-09-01T03:12:55,0.2,4915,1547350,1531194,0.3,0.00,0.54,0.00,2.17,0.00,0.00,0.00,4.0,95830.0,95347.0,0.0,0.0,0.5,0.0,64.216,0.000,0.0,660758.5
2026-09-01T03:12:57,0.2,4915,1547350,1531194,0.3,0.00,0.62,0.00,2.48,0.00,0.00,0.06,4.0,95830.0,95347.0,0.0,0.0,0.5,0.0,64.216,0.000,0.0,658519.0
2026-09-01T03:12:59,0.2,4915,1547350,1531194,0.3,0.00,0.63,0.00,2.54,0.00,0.00,0.06,4.0,95830.0,95347.0,0.0,0.0,0.5,0.0,64.195,0.000,0.0,705174.0
2026-09-01T03:13:01,0.2,4914,1547350,1531194,0.3,0.00,0.55,0.00,2.18,0.00,0.00,0.00,4.0,95830.0,95347.0,0.0,0.0,0.5,0.0,64.195,0.000,0.0,694642.0
2026-09-01T03:13:02,0.2,4920,1547350,1531189,0.3,0.00,2.44,0.00,19.82,0.00,0.25,0.06,4.0,95830.0,95347.0,0.0,0.0,0.5,0.0,64.194,0.000,0.0,657832.5
2026-09-01T03:13:04,0.2,4920,1547350,1531189,0.3,0.00,0.63,0.00,2.51,0.00,0.00,0.00,4.0,95830.0,95347.0,0.0,0.0,0.5,0.0,64.210,0.000,0.0,652334.5
2026-09-01T03:13:06,0.2,4919,1547350,1531190,0.3,0.00,0.53,0.00,2.13,0.00,0.00,0.00,4.0,95830.0,95347.0,0.0,0.0,0.5,0.0,64.278,0.000,0.0,652049.5
2026-09-01T03:13:07,0.2,4920,1547350,1531189,0.3,0.00,0.57,0.00,2.30,0.00,0.00,0.00,4.0,95830.0,95347.0,0.0,0.0,0.5,0.0,64.248,0.000,0.0,690431.0
2026-09-01T03:13:09,0.2,4920,1547350,1531189,0.3,0.00,0.61,0.00,2.42,0.00,0.00,0.00,4.0,95830.0,95347.0,0.0,0.0,0.5,0.0,64.257,0.000,0.0,650996.0
2026-09-01T03:13:11,0.2,4917,1547350,1531192,0.3,0.00,0.56,0.00,2.23,0.00,0.00,0.00,4.0,95830.0,95347.0,0.0,0.0,0.5,0.0,64.211,0.000,0.0,647904.0
2026-09-01T03:13:13,0.2,4917,1547350,1531192,0.3,0.00,0.50,0.00,2.01,0.00,0.00,0.00,4.0,95830.0,95347.0,0.0,0.0,0.5,0.0,64.195,0.000,0.0,646881.0
2026-09-01T03:13:15,0.2,4916,1547350,1531192,0.3,0.00,0.45,0.00,1.82,0.00,0.00,0.00,4.0,95830.0,95347.0,0.0,0.0,0.5,0.0,64.229,0.000,0.0,646750.0
2026-09-01T03:13:17,0.2,4916,1547350,1531193,0.3,0.00,0.54,0.00,2.14,0.00,0.00,0.00,4.0,95830.0,95347.0,0.0,0.0,0.5,0.0,64.221,0.000,0.0,645370.0
2026-09-01T03:13:19,0.2,4916,1547350,1531193,0.3,0.00,0.49,0.00,1.95,0.00,0.00,0.00,4.0,95830.0,95347.0,0.0,0.0,0.5,0.0,64.249,0.000,0.0,647818.0
2026-09-01T03:13:21,0.2,4916,1547350,1531193,0.3,0.00,0.50,0.00,2.02,0.00,0.00,0.00,4.0,95830.0,95347.0,0.0,0.0,0.5,0.0,64.212,0.000,0.0,637638.5
2026-09-01T03:13:23,0.2,4915,1547350,1531194,0.3,0.00,0.50,0.00,2.02,0.00,0.00,0.00,4.0,95830.0,95347.0,0.0,0.0,0.5,0.0,64.249,0.000,0.0,662187.5
2026-09-01T03:13:25,0.2,4916,1547350,1531193,0.3,0.00,0.49,0.00,1.98,0.00,0.00,0.00,4.0,95830.0,95347.0,0.0,0.0,0.5,0.0,64.254,0.000,0.0,645231.5
2026-09-01T03:13:27,0.2,4915,1547350,1531194,0.3,0.00,0.49,0.00,1.96,0.00,0.00,0.00,4.0,95830.0,95347.0,0.0,0.0,0.5,0.0,64.239,0.000,0.0,645837.5
2026-09-01T03:13:29,0.2,4916,1547350,1531193,0.3,0.00,0.49,0.00,1.95,0.00,0.00,0.00,4.0,95830.0,95347.0,0.0,0.0,0.5,0.0,64.240,0.000,0.0,646465.5
2026-09-01T03:13:31,0.2,4915,1547350,1531194,0.3,0.00,0.50,0.00,1.98,0.00,0.00,0.00,4.0,95830.0,95347.0,0.0,0.0,0.5,0.0,64.227,0.000,0.0,646886.0
2026-09-01T03:13:33,0.2,4914,1547350,1531194,0.3,0.00,5.51,0.00,45.80,0.00,0.09,0.00,4.0,95830.0,95347.0,0.0,0.0,0.5,0.0,64.273,0.000,0.0,646628.5
2026-09-01T03:13:35,0.2,4914,1547350,1531195,0.3,0.00,0.46,0.00,1.82,0.00,0.00,0.00,4.0,95830.0,95347.0,0.0,0.0,0.5,0.0,64.252,0.000,0.0,641351.5
2026-09-01T03:13:37,0.2,4914,1547350,1531195,0.3,0.00,0.46,0.00,1.84,0.00,0.00,0.00,4.0,95830.0,95347.0,0.0,0.0,0.5,0.0,64.230,0.000,0.0,680833.5
2026-09-01T03:13:39,0.2,4915,1547350,1531194,0.3,0.00,0.50,0.00,2.02,0.00,0.00,0.00,4.0,95830.0,95347.0,0.0,0.0,0.5,0.0,64.235,0.000,0.0,650863.5
2026-09-01T03:13:41,0.2,4915,1547350,1531194,0.3,0.00,0.59,0.00,2.35,0.00,0.00,0.00,4.0,95830.0,95347.0,0.0,0.0,0.5,0.0,64.213,0.000,0.0,657005.0
2026-09-01T03:13:43,0.2,4914,1547350,1531195,0.3,0.00,1.21,0.00,4.85,0.00,0.00,0.00,4.0,95830.0,95347.0,0.0,0.0,0.5,0.0,64.257,0.000,0.0,661103.0
2026-09-01T03:13:44,0.2,4915,1547350,1531194,0.3,0.00,0.59,0.00,2.36,0.00,0.00,0.00,4.0,95830.0,95347.0,0.0,0.0,0.5,0.0,64.244,0.000,0.0,704740.5
2026-09-01T03:13:46,0.2,4914,1547350,1531194,0.3,0.00,0.61,0.00,2.46,0.00,0.00,0.00,4.0,95830.0,95347.0,0.0,0.0,0.5,0.0,64.260,0.000,0.0,654555.5
2026-09-01T03:13:48,0.2,4915,1547350,1531194,0.3,0.00,1.17,0.00,4.68,0.00,0.50,0.00,4.0,95830.0,95347.0,0.0,0.0,0.5,0.0,64.245,0.000,0.0,673173.0
2026-09-01T03:13:49,0.2,4914,1547350,1531194,0.3,0.00,0.59,0.00,2.37,0.00,0.00,0.00,4.0,95830.0,95347.0,0.0,0.0,0.5,0.0,64.229,0.000,0.0,647517.5
2026-09-01T03:13:52,0.2,4914,1547350,1531195,0.3,0.00,0.48,0.00,1.94,0.00,0.00,0.00,4.0,95830.0,95347.0,0.0,0.0,0.5,0.0,64.254,0.000,0.0,658901.0
2026-09-01T03:13:53,0.2,4913,1547350,1531195,0.3,0.00,0.66,0.00,2.65,0.00,0.00,0.07,4.0,95830.0,95347.0,0.0,0.0,0.5,0.0,64.254,0.000,0.0,658868.0
2026-09-01T03:13:55,0.2,4914,1547350,1531195,0.3,0.00,0.61,0.00,2.44,0.00,0.00,0.00,4.0,95830.0,95347.0,0.0,0.0,0.5,0.0,64.272,0.000,0.0,654250.5
2026-09-01T03:13:56,0.2,4914,1547350,1531195,0.3,0.00,0.55,0.00,2.19,0.00,0.00,0.00,4.0,95830.0,95347.0,0.0,0.0,0.5,0.0,64.272,0.000,0.0,660615.5
2026-09-01T03:13:58,0.2,4913,1547350,1531196,0.3,0.00,0.64,0.00,2.54,0.00,0.00,0.00,4.0,95830.0,95347.0,0.0,0.0,0.5,0.0,64.231,0.000,0.0,658665.5
2026-09-01T03:14:00,0.2,4913,1547350,1531196,0.3,0.00,0.61,0.00,2.45,0.00,0.00,0.00,4.0,95830.0,95347.0,0.0,0.0,0.5,0.0,64.299,0.000,0.0,651676.5
2026-09-01T03:14:02,0.2,4918,1547350,1531191,0.3,0.00,0.55,0.00,2.19,0.00,0.00,0.00,4.0,95830.0,95347.0,0.0,0.0,0.5,0.0,64.257,0.000,0.0,659854.0
2026-09-01T03:14:03,0.2,4919,1547350,1531190,0.3,0.00,1.90,0.00,20.56,0.00,0.00,0.00,4.0,95830.0,95347.0,0.0,0.0,0.5,0.0,64.296,0.000,0.0,657505.5
2026-09-01T03:14:05,0.2,4919,1547350,1531190,0.3,0.00,0.61,0.00,2.42,0.00,0.00,0.00,4.0,95830.0,95347.0,0.0,0.0,0.5,0.0,64.282,0.000,0.0,656906.5
2026-09-01T03:14:07,0.2,4919,1547350,1531190,0.3,0.00,0.55,0.00,2.21,0.00,0.00,0.00,4.0,95830.0,95347.0,0.0,0.0,0.5,0.0,64.293,0.000,0.0,651597.5
2026-09-01T03:14:08,0.2,4919,1547350,1531190,0.3,0.00,0.63,0.00,2.51,0.00,0.00,0.00,4.0,95830.0,95347.0,0.0,0.0,0.5,0.0,64.293,0.000,0.0,659885.5
2026-09-01T03:14:10,0.2,4919,1547350,1531190,0.3,0.00,0.62,0.00,2.49,0.00,0.00,0.00,4.0,95830.0,95347.0,0.0,0.0,0.5,0.0,64.296,0.000,0.0,672349.0
2026-09-01T03:14:12,0.2,4916,1547350,1531193,0.3,0.00,0.55,0.00,2.19,0.00,0.00,0.00,4.0,95830.0,95347.0,0.0,0.0,0.5,0.0,64.286,0.000,0.0,648576.5
2026-09-01T03:14:13,0.2,4916,1547350,1531192,0.3,0.00,0.56,0.00,2.24,0.00,0.00,0.00,4.0,95830.0,95347.0,0.0,0.0,0.5,0.0,64.306,0.000,0.0,649905.5
2026-09-01T03:14:15,0.2,4916,1547350,1531193,0.3,0.00,0.55,0.00,2.19,0.00,1.00,0.00,4.0,95830.0,95347.0,0.0,0.0,0.5,0.0,64.242,0.000,0.0,651808.0
2026-09-01T03:14:18,0.2,4916,1547350,1531193,0.3,0.00,0.41,0.00,1.64,0.00,0.00,0.00,4.0,95830.0,95347.0,0.0,0.0,0.5,0.0,64.251,0.000,0.0,646883.0
2026-09-01T03:14:20,0.2,4915,1547350,1531194,0.3,0.00,0.50,0.00,1.99,0.00,0.00,0.00,4.0,95830.0,95347.0,0.0,0.0,0.5,0.0,64.264,0.000,0.0,646255.5
2026-09-01T03:14:22,0.2,4914,1547350,1531194,0.3,0.00,0.50,0.00,1.99,0.00,0.00,0.00,4.0,95830.0,95347.0,0.0,0.0,0.5,0.0,64.303,0.000,0.0,646492.5
2026-09-01T03:14:24,0.2,4914,1547350,1531194,0.3,0.00,0.50,0.00,1.98,0.00,0.00,0.00,4.0,95830.0,95347.0,0.0,0.0,0.5,0.0,64.270,0.000,0.0,653073.5
2026-09-01T03:14:26,0.2,4915,1547350,1531194,0.3,0.00,0.50,0.00,1.98,0.00,0.00,0.00,4.0,95830.0,95347.0,0.0,0.0,0.5,0.0,64.275,0.000,0.0,645227.5
2026-09-01T03:14:28,0.2,4914,1547350,1531195,0.3,0.00,0.49,0.00,1.96,0.00,0.00,0.00,4.0,95830.0,95347.0,0.0,0.0,0.5,0.0,64.286,0.000,0.0,646971.0
2026-09-01T03:14:30,0.2,4914,1547350,1531195,0.3,0.00,0.49,0.00,1.98,0.00,0.00,0.00,4.0,95830.0,95347.0,0.0,0.0,0.5,0.0,64.264,0.000,0.0,646232.0
2026-09-01T03:14:32,0.2,4914,1547350,1531195,0.3,0.00,9.20,0.00,54.94,0.00,0.05,0.00,4.0,95830.0,95347.0,0.0,0.0,0.5,0.0,64.274,0.000,0.0,646451.0
2026-09-01T03:14:34,0.2,4914,1547350,1531195,0.3,0.00,3.58,0.00,16.35,0.00,0.14,0.00,4.0,95830.0,95347.0,0.0,0.0,0.5,0.0,64.326,0.000,0.0,646884.5
2026-09-01T03:14:36,0.2,4914,1547350,1531195,0.3,0.00,0.50,0.00,2.00,0.00,0.00,0.00,4.0,95830.0,95347.0,0.0,0.0,0.5,0.0,64.293,0.000,0.0,642890.0
2026-09-01T03:14:38,0.2,4913,1547350,1531196,0.3,0.00,0.45,0.00,1.79,0.00,0.00,0.00,4.0,95830.0,95347.0,0.0,0.0,0.5,0.0,64.316,0.000,0.0,645099.5
2026-09-01T03:14:40,0.2,4912,1547350,1531197,0.3,0.00,0.50,0.00,2.00,0.00,0.00,0.00,4.0,95830.0,95347.0,0.0,0.0,0.5,0.0,64.288,0.000,0.0,651618.0
2026-09-01T03:14:42,0.2,4912,1547350,1531197,0.3,0.00,0.56,0.00,2.22,0.00,0.00,0.00,4.0,95830.0,95347.0,0.0,0.0,0.5,0.0,64.296,0.000,0.0,644601.5
2026-09-01T03:14:43,0.2,4912,1547350,1531197,0.3,0.00,0.68,0.00,2.70,0.00,1.00,0.00,4.0,95830.0,95347.0,0.0,0.0,0.5,0.0,64.305,0.000,0.0,664049.0
2026-09-01T03:14:45,0.2,4913,1547350,1531196,0.3,0.00,1.20,0.00,4.82,0.00,0.00,0.00,4.0,95830.0,95347.0,0.0,0.0,0.5,0.0,64.297,0.000,0.0,679919.0
2026-09-01T03:14:46,0.2,4912,1547350,1531197,0.3,0.00,0.65,0.00,2.59,0.00,0.00,0.00,4.0,95830.0,95347.0,0.0,0.0,0.5,0.0,64.319,0.000,0.0,679407.0
2026-09-01T03:14:48,0.2,4912,1547350,1531197,0.3,0.00,0.55,0.00,2.20,0.00,0.00,0.00,4.0,95830.0,95347.0,0.0,0.0,0.5,0.0,64.289,0.000,0.0,657855.0
2026-09-01T03:14:50,0.2,4912,1547350,1531196,0.3,0.00,1.19,0.00,4.74,0.00,0.00,0.00,4.0,95830.0,95347.0,0.0,0.0,0.5,0.0,64.290,0.000,0.0,657825.0
2026-09-01T03:14:52,0.2,4912,1547350,1531197,0.3,0.00,0.64,0.00,2.57,0.00,0.00,0.00,4.0,95830.0,95347.0,0.0,0.0,0.5,0.0,64.327,0.000,0.0,673925.5
2026-09-01T03:14:53,0.2,4913,1547350,1531196,0.3,0.00,0.62,0.00,2.46,0.00,0.00,0.00,4.0,95830.0,95347.0,0.0,0.0,0.5,0.0,64.285,0.000,0.0,658840.5
2026-09-01T03:14:55,0.2,4914,1547350,1531195,0.3,0.00,0.60,0.00,2.39,0.00,0.00,0.00,4.0,95830.0,95347.0,0.0,0.0,0.5,0.0,64.294,0.000,0.0,656604.0
2026-09-01T03:14:56,0.2,4914,1547350,1531195,0.3,0.00,0.64,0.00,2.57,0.00,0.00,0.00,4.0,95830.0,95347.0,0.0,0.0,0.5,0.0,64.329,0.000,0.0,657819.5
2026-09-01T03:14:58,0.2,4913,1547350,1531196,0.3,0.00,0.55,0.00,2.20,0.00,0.00,0.00,4.0,95830.0,95347.0,0.0,0.0,0.5,0.0,64.327,0.000,0.0,657878.5
2026-09-01T03:15:00,0.2,4913,1547350,1531196,0.3,0.00,0.60,0.00,2.40,0.00,0.00,0.00,4.0,95830.0,95347.0,0.0,0.0,0.5,0.0,64.325,0.000,0.0,646476.0
2026-09-01T03:15:01,0.3,4917,1547350,1531192,0.3,0.00,0.63,0.00,2.53,0.00,0.00,0.00,4.0,95830.0,95347.0,0.0,0.0,0.5,0.0,64.338,0.000,0.0,658040.5
2026-09-01T03:15:03,0.2,4917,1547350,1531191,0.3,0.00,1.24,0.00,13.68,0.00,0.00,0.00,4.0,95830.0,95347.0,0.0,0.0,0.5,0.0,64.337,0.000,0.0,676174.0
2026-09-01T03:15:05,0.2,4918,1547350,1531191,0.3,0.00,0.62,0.00,2.48,0.00,0.00,0.00,4.0,95830.0,95347.0,0.0,0.0,0.5,0.0,64.329,0.000,0.0,656126.5
2026-09-01T03:15:06,0.2,4917,1547350,1531192,0.3,0.00,0.61,0.00,2.46,0.00,0.00,0.00,4.0,95830.0,95347.0,0.0,0.0,0.5,0.0,64.320,0.000,0.0,665990.5
2026-09-01T03:15:08,0.2,4917,1547350,1531191,0.3,0.00,0.56,0.00,2.23,0.00,0.00,0.06,4.0,95830.0,95347.0,0.0,0.0,0.5,0.0,64.346,0.000,0.0,654833.5
2026-09-01T03:15:10,0.2,4917,1547350,1531192,0.3,0.00,1.24,0.00,7.44,0.00,0.50,0.00,4.0,95830.0,95347.0,0.0,0.0,0.5,0.0,64.314,0.000,0.0,658510.0
2026-09-01T03:15:11,0.2,4916,1547350,1531193,0.3,0.00,0.61,0.00,2.44,0.00,0.00,0.00,4.0,95830.0,95347.0,0.0,0.0,0.5,0.0,64.353,0.000,0.0,647924.0
2026-09-01T03:15:13,0.2,4915,1547350,1531194,0.3,0.00,0.50,0.00,2.01,0.00,0.00,0.00,4.0,95830.0,95347.0,0.0,0.0,0.5,0.0,64.302,0.000,0.0,645231.5
2026-09-01T03:15:15,0.2,4915,1547350,1531194,0.3,0.00,0.50,0.00,1.98,0.00,0.00,0.00,4.0,95830.0,95347.0,0.0,0.0,0.5,0.0,64.340,0.000,0.0,657555.5
2026-09-01T03:15:17,0.2,4914,1547350,1531195,0.3,0.00,0.55,0.00,2.19,0.00,0.00,0.00,4.0,95830.0,95347.0,0.0,0.0,0.5,0.0,64.336,0.000,0.0,648051.0
2026-09-01T03:15:19,0.2,4914,1547350,1531195,0.3,0.00,0.50,0.00,2.00,0.00,0.00,0.00,4.0,95830.0,95347.0,0.0,0.0,0.5,0.0,64.345,0.000,0.0,631830.0
2026-09-01T03:15:21,0.2,4914,1547350,1531195,0.3,0.00,0.49,0.00,1.98,0.00,0.00,0.00,4.0,95830.0,95347.0,0.0,0.0,0.5,0.0,64.344,0.000,0.0,689346.5
2026-09-01T03:15:23,0.2,4914,1547350,1531195,0.3,0.00,0.50,0.00,1.99,0.00,0.00,0.00,4.0,95830.0,95347.0,0.0,0.0,0.5,0.0,64.361,0.000,0.0,644534.0
2026-09-01T03:15:25,0.2,4914,1547350,1531195,0.3,0.00,0.49,0.00,1.95,0.00,0.00,0.00,4.0,95830.0,95347.0,0.0,0.0,0.5,0.0,64.328,0.000,0.0,647659.0
2026-09-01T03:15:27,0.2,4913,1547350,1531196,0.3,0.00,0.49,0.00,1.97,0.00,0.00,0.00,4.0,95830.0,95347.0,0.0,0.0,0.5,0.0,64.335,0.000,0.0,644689.5
2026-09-01T03:15:29,0.2,4914,1547350,1531195,0.3,0.00,0.50,0.00,2.01,0.00,0.00,0.00,4.0,95830.0,95347.0,0.0,0.0,0.5,0.0,64.346,0.000,0.0,649135.0
2026-09-01T03:15:31,0.2,4913,1547350,1531195,0.3,0.00,0.50,0.00,1.98,0.00,0.00,0.00,4.0,95830.0,95347.0,0.0,0.0,0.5,0.0,64.357,0.000,0.0,645736.0
2026-09-01T03:15:33,0.2,4913,1547350,1531196,0.3,0.00,4.12,0.00,36.61,0.00,0.11,0.00,4.0,95830.0,95347.0,0.0,0.0,0.5,0.0,64.312,0.000,0.0,638256.5
2026-09-01T03:15:36,0.2,4913,1547350,1531195,0.3,0.00,2.92,0.00,13.63,0.00,0.00,0.00,4.0,95830.0,95347.0,0.0,0.0,0.5,0.0,64.347,0.000,0.0,647909.5
2026-09-01T03:15:38,0.2,4914,1547350,1531195,0.3,0.00,0.48,0.00,1.94,0.00,0.00,0.00,4.0,95830.0,95347.0,0.0,0.0,0.5,0.0,64.347,0.000,0.0,641997.0
2026-09-01T03:15:40,0.2,4914,1547350,1531195,0.3,0.00,0.45,0.00,1.81,0.00,0.00,0.00,4.0,95830.0,95347.0,0.0,0.0,0.5,0.0,64.344,0.000,0.0,646754.0
2026-09-01T03:15:42,0.2,4914,1547350,1531195,0.3,0.00,0.99,0.00,3.95,0.00,0.00,0.00,4.0,95830.0,95347.0,0.0,0.0,0.5,0.0,64.356,0.000,0.0,652492.5
2026-09-01T03:15:44,0.2,4913,1547350,1531195,0.3,0.00,0.56,0.00,2.23,0.00,0.00,0.00,4.0,95830.0,95347.0,0.0,0.0,0.5,0.0,64.342,0.000,0.0,659893.5
2026-09-01T03:15:45,0.2,4913,1547350,1531195,0.3,0.00,0.59,0.00,2.38,0.00,0.00,0.00,4.0,95830.0,95347.0,0.0,0.0,0.5,0.0,64.350,0.000,0.0,658326.5
2026-09-01T03:15:47,0.2,4913,1547350,1531196,0.3,0.00,1.31,0.00,5.24,0.00,0.50,0.00,4.0,95830.0,95347.0,0.0,0.0,0.5,0.0,64.356,0.000,0.0,656825.0
2026-09-01T03:15:49,0.2,4913,1547350,1531196,0.3,0.00,0.56,0.00,2.25,0.00,0.00,0.00,4.0,95830.0,95347.0,0.0,0.0,0.5,0.0,64.334,0.000,0.0,653944.0
2026-09-01T03:15:50,0.2,4912,1547350,1531197,0.3,0.00,0.58,0.00,2.32,0.00,0.00,0.00,4.0,95830.0,95347.0,0.0,0.0,0.5,0.0,64.346,0.000,0.0,654844.5
2026-09-01T03:15:52,0.2,4912,1547350,1531197,0.3,0.00,1.29,0.00,5.16,0.00,0.00,0.00,4.0,95830.0,95347.0,0.0,0.0,0.5,0.0,64.343,0.000,0.0,658031.0
2026-09-01T03:15:54,0.2,4912,1547350,1531197,0.3,0.00,0.55,0.00,2.21,0.00,0.00,0.00,4.0,95830.0,95347.0,0.0,0.0,0.5,0.0,64.352,0.000,0.0,635823.0
2026-09-01T03:15:55,0.2,4912,1547350,1531196,0.3,0.00,0.59,0.00,2.36,0.00,0.00,0.00,4.0,95830.0,95347.0,0.0,0.0,0.5,0.0,64.346,0.000,0.0,695451.5
2026-09-01T03:15:57,0.2,4911,1547350,1531197,0.3,0.00,0.64,0.00,2.57,0.00,0.00,0.00,4.0,95830.0,95347.0,0.0,0.0,0.5,0.0,64.365,0.000,0.0,657226.0
2026-09-01T03:15:59,0.2,4911,1547350,1531198,0.3,0.00,0.61,0.00,2.45,0.00,0.00,0.00,4.0,95830.0,95347.0,0.0,0.0,0.5,0.0,64.361,0.000,0.0,658244.5
2026-09-01T03:16:00,0.2,4918,1547350,1531190,0.3,0.00,0.61,0.00,2.43,0.00,0.00,0.00,4.0,95830.0,95347.0,0.0,0.0,0.5,0.0,64.344,0.000,0.0,656220.0
2026-09-01T03:16:02,0.3,4919,1547350,1531190,0.3,0.00,0.63,0.00,2.54,0.00,0.00,0.00,4.0,95830.0,95347.0,0.0,0.0,0.5,0.0,64.340,0.000,0.0,661073.5
2026-09-01T03:16:03,0.2,4919,1547350,1531190,0.3,0.00,1.24,0.00,13.07,0.00,0.00,0.00,4.0,95830.0,95347.0,0.0,0.0,0.5,0.0,64.358,0.000,0.0,653983.0
2026-09-01T03:16:05,0.6,4975,1547350,1531134,0.3,0.00,0.54,0.00,2.18,0.00,0.00,0.00,4.0,95830.0,95347.0,0.0,0.0,0.5,0.0,64.358,0.000,0.0,673381.5
2026-09-01T03:16:07,1.2,4977,1547350,1531132,0.3,0.00,0.63,0.00,2.51,0.00,0.00,0.00,4.0,95830.0,95347.0,0.0,0.0,0.5,0.0,64.365,0.000,0.0,656448.5
2026-09-01T03:16:08,0.5,4985,1547350,1531123,0.3,0.00,108.64,0.00,1283.02,0.00,0.05,0.06,4.0,95830.0,95347.0,0.0,0.0,0.5,0.0,64.328,0.000,0.0,651044.0
2026-09-01T03:16:10,1.0,4984,1547350,1531125,0.3,0.00,475.98,0.00,6083.65,0.00,0.08,0.49,4.0,95830.0,95347.0,0.0,0.0,0.5,0.0,64.334,0.000,0.0,658034.0
2026-09-01T03:16:12,1.2,5045,1547350,1531064,0.3,0.00,1.26,0.00,7.58,0.00,0.00,0.00,4.0,95830.0,95347.0,0.0,0.0,0.5,0.0,64.352,0.000,0.0,658600.0
2026-09-01T03:16:13,1.2,4987,1547350,1531122,0.3,0.00,421.75,0.00,5232.56,0.00,0.09,0.19,4.0,95830.0,95347.0,0.0,0.0,0.5,0.0,64.343,0.000,0.0,651766.5
2026-09-01T03:16:15,1.2,5016,1547350,1531092,0.3,0.00,710.73,0.00,8916.58,0.00,0.10,0.65,4.0,95830.0,95347.0,0.0,0.0,0.5,0.0,64.309,0.000,0.0,650911.5
2026-09-01T03:16:17,1.2,5048,1547350,1531061,0.3,0.00,14.95,0.00,151.22,0.00,0.03,0.05,4.0,95830.0,95347.0,0.0,0.0,0.5,0.0,64.323,0.000,0.0,645238.5
2026-09-01T03:16:19,0.6,4916,1547350,1531193,0.3,0.00,4.43,0.00,381.34,0.00,0.22,0.00,4.0,95830.0,95347.0,0.0,0.0,0.5,0.0,64.348,0.000,0.0,647010.0
2026-09-01T03:16:21,0.2,4916,1547350,1531193,0.3,0.00,1.01,0.00,4.03,0.00,0.00,0.00,4.0,95830.0,95347.0,0.0,0.0,0.5,0.0,64.298,0.000,0.0,647214.0
2026-09-01T03:16:23,0.2,4917,1547350,1531192,0.3,0.00,0.49,0.00,1.97,0.00,0.00,0.00,4.0,95830.0,95347.0,0.0,0.0,0.5,0.0,64.306,0.000,0.0,646161.5
2026-09-01T03:16:25,0.2,4915,1547350,1531194,0.3,0.00,0.50,0.00,1.99,0.00,0.00,0.00,4.0,95830.0,95347.0,0.0,0.0,0.5,0.0,64.326,0.000,0.0,647146.0
2026-09-01T03:16:27,0.2,4915,1547350,1531194,0.3,0.00,0.50,0.00,1.98,0.00,0.00,0.00,4.0,95830.0,95347.0,0.0,0.0,0.5,0.0,64.352,0.000,0.0,645419.5
2026-09-01T03:16:30,0.2,4915,1547350,1531194,0.3,0.00,0.46,0.00,1.84,0.00,0.00,0.05,4.0,95830.0,95347.0,0.0,0.0,0.5,0.0,64.321,0.000,0.0,642723.0
2026-09-01T03:16:32,0.2,4915,1547350,1531194,0.3,0.00,2.95,0.00,21.63,0.00,0.17,0.00,4.0,95830.0,95347.0,0.0,0.0,0.5,0.0,64.334,0.000,0.0,652852.5
2026-09-01T03:16:34,0.2,4916,1547350,1531193,0.3,0.00,37.98,0.00,513.22,0.00,0.14,0.05,4.0,95830.0,95347.0,0.0,0.0,0.5,0.0,64.306,0.000,0.0,650466.5
2026-09-01T03:16:35,0.2,4916,1547350,1531193,0.3,0.00,0.66,0.00,2.66,0.00,1.00,0.00,4.0,95830.0,95347.0,0.0,0.0,0.5,0.0,64.297,0.000,0.0,650466.5
2026-09-01T03:16:36,0.2,4916,1547350,1531193,0.3,0.00,0.85,0.00,3.42,0.00,0.00,0.00,4.0,95830.0,95347.0,0.0,0.0,0.5,0.0,64.299,0.000,0.0,666619.0
2026-09-01T03:16:38,0.2,4916,1547350,1531192,0.3,0.00,22.89,0.00,736.29,0.00,0.15,0.05,4.0,95830.0,95347.0,0.0,0.0,0.5,0.0,64.292,0.000,0.0,643930.0
2026-09-01T03:16:40,0.2,4917,1547350,1531192,0.3,0.00,0.49,0.00,1.96,0.00,0.00,0.00,4.0,95830.0,95347.0,0.0,0.0,0.5,0.0,64.319,0.000,0.0,650563.5
2026-09-01T03:16:42,0.2,4917,1547350,1531192,0.3,0.00,51.53,0.00,454.23,0.00,0.09,0.05,4.0,95830.0,95347.0,0.0,0.0,0.5,0.0,64.297,0.000,0.0,650884.5
2026-09-01T03:16:44,0.2,4918,1547350,1531191,0.3,0.00,0.62,0.00,2.48,0.00,0.00,0.00,4.0,95830.0,95347.0,0.0,0.0,0.5,0.0,64.335,0.000,0.0,686460.0
2026-09-01T03:16:46,0.2,4918,1547350,1531191,0.3,0.00,0.65,0.00,2.60,0.00,0.00,0.00,4.0,95830.0,95347.0,0.0,0.0,0.5,0.0,64.316,0.000,0.0,666283.0
2026-09-01T03:16:47,0.2,4918,1547350,1531191,0.3,0.00,0.74,0.00,2.95,0.00,0.00,0.00,4.0,95830.0,95347.0,0.0,0.0,0.5,0.0,64.296,0.000,0.0,681376.5
2026-09-01T03:16:48,0.2,4918,1547350,1531191,0.3,0.00,0.68,0.00,2.71,0.00,0.00,0.00,4.0,95830.0,95347.0,0.0,0.0,0.5,0.0,64.291,0.000,0.0,662458.0
2026-09-01T03:16:50,0.2,4918,1547350,1531191,0.3,0.00,0.57,0.00,2.30,0.00,0.00,0.00,4.0,95830.0,95347.0,0.0,0.0,0.5,0.0,64.263,0.000,0.0,652057.0
2026-09-01T03:16:52,0.2,4918,1547350,1531191,0.3,0.00,0.61,0.00,2.43,0.00,0.00,0.00,4.0,95830.0,95347.0,0.0,0.0,0.5,0.0,64.249,0.000,0.0,674494.0
2026-09-01T03:16:53,0.2,4918,1547350,1531190,0.3,0.00,1.22,0.00,4.87,0.00,0.00,0.00,4.0,95830.0,95347.0,0.0,0.0,0.5,0.0,64.287,0.000,0.0,655466.0
2026-09-01T03:16:55,0.2,4919,1547350,1531190,0.3,0.00,0.58,0.00,2.32,0.00,0.00,0.00,4.0,95830.0,95347.0,0.0,0.0,0.5,0.0,64.251,0.000,0.0,651326.5
2026-09-01T03:16:57,0.2,4919,1547350,1531190,0.3,0.00,0.59,0.00,2.36,0.00,0.00,0.00,4.0,95830.0,95347.0,0.0,0.0,0.5,0.0,64.280,0.000,0.0,651326.5
2026-09-01T03:16:58,0.2,4920,1547350,1531189,0.3,0.00,2.32,0.00,9.29,0.00,0.00,0.00,4.0,95830.0,95347.0,0.0,0.0,0.5,0.0,64.293,0.000,0.0,685018.5
2026-09-01T03:16:59,0.2,4921,1547350,1531188,0.3,0.00,0.63,0.00,2.53,0.00,0.00,0.00,4.0,95830.0,95347.0,0.0,0.0,0.5,0.0,64.281,0.000,0.0,650574.5
2026-09-01T03:17:01,0.3,4927,1547350,1531182,0.3,0.00,0.57,0.00,2.28,0.00,0.00,0.00,4.0,95830.0,95347.0,0.0,0.0,0.5,0.0,64.298,0.000,0.0,650574.5
2026-09-01T03:17:02,0.2,4926,1547350,1531183,0.3,0.00,1.54,0.00,6.14,0.00,0.00,0.00,4.0,95830.0,95347.0,0.0,0.0,0.5,0.0,64.279,0.000,0.0,684637.0
2026-09-01T03:17:03,0.2,4927,1547350,1531182,0.3,0.00,6.87,0.00,49.94,0.00,0.09,0.00,4.0,95830.0,95347.0,0.0,0.0,0.5,0.0,64.299,0.000,0.0,682193.5
2026-09-01T03:17:05,0.2,4927,1547350,1531181,0.3,0.00,0.63,0.00,2.52,0.00,0.00,0.00,4.0,95830.0,95347.0,0.0,0.0,0.5,0.0,64.287,0.000,0.0,656003.0
2026-09-01T03:17:07,0.2,4927,1547350,1531182,0.3,0.00,0.61,0.00,2.42,0.00,0.00,0.00,4.0,95830.0,95347.0,0.0,0.0,0.5,0.0,64.301,0.000,0.0,660393.0
2026-09-01T03:17:08,0.2,4927,1547350,1531182,0.3,0.00,0.61,0.00,2.44,0.00,0.00,0.00,4.0,95830.0,95347.0,0.0,0.0,0.5,0.0,64.280,0.000,0.0,673667.0
2026-09-01T03:17:10,0.2,4927,1547350,1531182,0.3,0.00,0.56,0.00,2.24,0.00,0.00,0.00,4.0,95830.0,95347.0,0.0,0.0,0.5,0.0,64.248,0.000,0.0,688029.5
2026-09-01T03:17:12,0.2,4931,1547350,1531178,0.3,0.00,0.63,0.00,2.51,0.00,0.00,0.00,4.0,95830.0,95347.0,0.0,0.0,0.5,0.0,64.262,0.000,0.0,650918.5
2026-09-01T03:17:13,1.2,4936,1547350,1531173,0.3,0.00,1.86,0.00,9.91,0.00,0.00,0.00,4.0,95830.0,95347.0,0.0,0.0,0.5,0.0,64.278,0.000,0.0,651753.0
2026-09-01T03:17:15,0.5,4933,1547350,1531176,0.3,0.00,0.55,0.00,2.19,0.00,0.00,0.05,4.0,95830.0,95347.0,0.0,0.0,0.5,0.0,64.273,0.000,0.0,665896.0
2026-09-01T03:17:16,0.2,4933,1547350,1531176,0.3,0.00,0.98,0.00,3.93,0.00,0.00,0.00,4.0,95830.0,95347.0,0.0,0.0,0.5,0.0,64.200,0.000,0.0,676656.0
2026-09-01T03:17:18,0.2,4932,1547350,1531176,0.3,0.00,0.56,0.00,2.23,0.00,1.00,0.00,4.0,95830.0,95347.0,0.0,0.0,0.5,0.0,64.237,0.000,0.0,657704.0
2026-09-01T03:17:19,0.2,4932,1547350,1531177,0.3,0.00,0.72,0.00,2.87,0.00,0.00,0.00,4.0,95830.0,95347.0,0.0,0.0,0.5,0.0,64.270,0.000,0.0,654233.5
2026-09-01T03:17:21,0.2,4933,1547350,1531176,0.3,0.00,0.48,0.00,1.91,0.00,0.00,0.00,4.0,95830.0,95347.0,0.0,0.0,0.5,0.0,64.264,0.000,0.0,647938.0
2026-09-01T03:17:23,0.2,4935,1547350,1531174,0.3,0.00,0.51,0.00,2.04,0.00,0.00,0.00,4.0,95830.0,95347.0,0.0,0.0,0.5,0.0,64.254,0.000,0.0,646329.5
2026-09-01T03:17:25,0.2,4934,1547350,1531175,0.3,0.00,0.48,0.00,1.92,0.00,0.00,0.00,4.0,95830.0,95347.0,0.0,0.0,0.5,0.0,64.284,0.000,0.0,647130.5
2026-09-01T03:17:27,0.2,4935,1547350,1531174,0.3,0.00,0.49,0.00,1.97,0.00,0.00,0.00,4.0,95830.0,95347.0,0.0,0.0,0.5,0.0,64.284,0.000,0.0,704375.0
2026-09-01T03:17:28,0.2,4936,1547350,1531173,0.3,0.00,1.26,0.00,5.03,0.00,0.00,0.00,4.0,95830.0,95347.0,0.0,0.0,0.5,0.0,64.283,0.000,0.0,704375.0
2026-09-01T03:17:29,0.2,4935,1547350,1531173,0.3,0.00,1.86,0.00,7.43,0.00,0.00,0.00,4.0,95830.0,95347.0,0.0,0.0,0.5,0.0,64.263,0.000,0.0,726377.5
2026-09-01T03:17:30,0.2,4935,1547350,1531174,0.3,0.00,1.02,0.00,4.07,0.00,0.00,0.00,4.0,95830.0,95347.0,0.0,0.0,0.5,0.0,64.192,0.000,0.0,649038.5
2026-09-01T03:17:31,0.2,4935,1547350,1531174,0.3,0.00,0.59,0.00,2.38,0.00,0.00,0.00,4.0,95830.0,95347.0,0.0,0.0,0.5,0.0,64.237,0.000,0.0,654699.0
2026-09-01T03:17:33,0.2,4935,1547350,1531174,0.3,0.00,0.50,0.00,1.99,0.00,0.00,0.00,4.0,95830.0,95347.0,0.0,0.0,0.5,0.0,64.245,0.000,0.0,654699.0
2026-09-01T03:17:34,0.2,4935,1547350,1531174,0.3,0.00,46.51,0.00,367.99,0.00,0.12,0.00,4.0,95830.0,95347.0,0.0,0.0,0.5,0.0,64.230,0.000,0.0,699355.5
2026-09-01T03:17:35,0.2,4935,1547350,1531174,0.3,0.00,0.96,0.00,3.83,0.00,0.00,0.00,4.0,95830.0,95347.0,0.0,0.0,0.5,0.0,64.246,0.000,0.0,651768.5
2026-09-01T03:17:37,0.2,4936,1547350,1531173,0.3,0.00,0.50,0.00,2.00,0.00,0.00,0.00,4.0,95830.0,95347.0,0.0,0.0,0.5,0.0,64.219,0.000,0.0,645222.0
2026-09-01T03:17:39,0.2,4936,1547350,1531173,0.3,0.00,0.50,0.00,2.01,0.00,0.00,0.00,4.0,95830.0,95347.0,0.0,0.0,0.5,0.0,64.230,0.000,0.0,654721.0
2026-09-01T03:17:41,0.2,4935,1547350,1531174,0.3,0.00,0.62,0.00,2.49,0.00,0.00,0.00,4.0,95830.0,95347.0,0.0,0.0,0.5,0.0,64.174,0.000,0.0,648410.5
2026-09-01T03:17:43,0.2,4936,1547350,1531173,0.3,0.00,0.45,0.00,1.80,0.00,0.00,0.00,4.0,95830.0,95347.0,0.0,0.0,0.5,0.0,64.243,0.000,0.0,647256.5
2026-09-01T03:17:45,0.2,4936,1547350,1531172,0.3,0.00,6.14,0.00,51.37,0.00,0.09,0.00,4.0,95830.0,95347.0,0.0,0.0,0.5,0.0,64.202,0.000,0.0,687673.0
2026-09-01T03:17:46,0.2,4937,1547350,1531172,0.3,0.00,1.03,0.00,4.13,0.00,0.00,0.00,4.0,95830.0,95347.0,0.0,0.0,0.5,0.0,64.222,0.000,0.0,687673.0
2026-09-01T03:17:46,0.2,4937,1547350,1531172,0.3,0.00,1.99,0.00,7.95,0.00,0.00,0.00,4.0,95830.0,95347.0,0.0,0.0,0.5,0.0,64.207,0.000,0.0,707457.5
2026-09-01T03:17:48,0.2,4938,1547350,1531171,0.3,0.00,0.83,0.00,3.30,0.00,0.00,0.00,4.0,95830.0,95347.0,0.0,0.0,0.5,0.0,64.223,0.000,0.0,707457.5
2026-09-01T03:17:48,0.2,4938,1547350,1531170,0.3,0.00,2.27,0.00,9.06,0.00,0.00,0.00,4.0,95830.0,95347.0,0.0,0.0,0.5,0.0,64.210,0.000,0.0,739680.5
2026-09-01T03:17:50,0.2,4940,1547350,1531169,0.3,0.00,0.63,0.00,2.51,0.00,0.00,0.00,4.0,95830.0,95347.0,0.0,0.0,0.5,0.0,64.227,0.000,0.0,661230.5
2026-09-01T03:17:51,0.2,4941,1547350,1531168,0.3,0.00,0.67,0.00,2.67,0.00,0.00,0.00,4.0,95830.0,95347.0,0.0,0.0,0.5,0.0,64.210,0.000,0.0,657105.0
2026-09-01T03:17:53,0.2,4942,1547350,1531167,0.3,0.00,0.65,0.00,2.61,0.00,1.00,0.00,4.0,95830.0,95347.0,0.0,0.0,0.5,0.0,64.192,0.000,0.0,681363.0
2026-09-01T03:17:54,0.2,4943,1547350,1531165,0.3,0.00,0.74,0.00,2.95,0.00,0.00,0.00,4.0,95830.0,95347.0,0.0,0.0,0.5,0.0,64.203,0.000,0.0,659059.5
2026-09-01T03:17:56,0.2,4943,1547350,1531166,0.3,0.00,0.60,0.00,2.40,0.00,0.00,0.00,4.0,95830.0,95347.0,0.0,0.0,0.5,0.0,64.178,0.000,0.0,649957.0
2026-09-01T03:17:58,0.2,4943,1547350,1531166,0.3,0.00,0.55,0.00,2.19,0.00,0.00,0.00,4.0,95830.0,95347.0,0.0,0.0,0.5,0.0,64.197,0.000,0.0,658181.0
2026-09-01T03:17:59,0.2,4943,1547350,1531166,0.3,0.00,1.31,0.00,7.86,0.00,0.00,0.00,4.0,95830.0,95347.0,0.0,0.0,0.5,0.0,64.218,0.000,0.0,676369.5
2026-09-01T03:18:01,0.3,4948,1547350,1531161,0.3,0.00,0.60,0.00,2.38,0.00,0.00,0.06,4.0,95830.0,95347.0,0.0,0.0,0.5,0.0,64.183,0.000,0.0,689246.5
2026-09-01T03:18:03,0.2,4949,1547350,1531160,0.3,0.00,0.70,0.00,2.81,0.00,0.00,0.00,4.0,95830.0,95347.0,0.0,0.0,0.5,0.0,64.213,0.000,0.0,718325.5
2026-09-01T03:18:04,0.2,4950,1547350,1531159,0.3,0.00,3.05,0.00,42.74,0.00,0.00,0.00,4.0,95830.0,95347.0,0.0,0.0,0.5,0.0,64.189,0.000,0.0,657082.5
2026-09-01T03:18:06,0.2,4950,1547350,1531159,0.3,0.00,0.73,0.00,2.91,0.00,0.00,0.00,4.0,95830.0,95347.0,0.0,0.0,0.5,0.0,64.222,0.000,0.0,667106.0
2026-09-01T03:18:07,0.2,4950,1547350,1531159,0.3,0.00,0.56,0.00,2.25,0.00,0.00,0.06,4.0,95830.0,95347.0,0.0,0.0,0.5,0.0,64.186,0.000,0.0,658042.0
2026-09-01T03:18:09,0.2,4951,1547350,1531158,0.3,0.00,0.59,0.00,2.37,0.00,0.00,0.00,4.0,95830.0,95347.0,0.0,0.0,0.5,0.0,64.176,0.000,0.0,667716.0
2026-09-01T03:18:11,0.2,4950,1547350,1531158,0.3,0.00,0.65,0.00,2.59,0.00,0.00,0.00,4.0,95830.0,95347.0,0.0,0.0,0.5,0.0,64.180,0.000,0.0,660225.5
2026-09-01T03:18:11,0.3,4950,1547350,1531159,0.3,0.00,1.17,0.00,4.68,0.00,0.00,0.00,4.0,95830.0,95347.0,0.0,0.0,0.5,0.0,64.178,0.000,0.0,686335.0
2026-09-01T03:18:13,0.2,4951,1547350,1531158,0.3,0.00,0.56,0.00,2.24,0.00,0.00,0.00,4.0,95830.0,95347.0,0.0,0.0,0.5,0.0,64.188,0.000,0.0,651957.5
2026-09-01T03:18:15,0.2,4952,1547350,1531157,0.3,0.00,1.10,0.00,6.60,0.00,0.50,0.00,4.0,95830.0,95347.0,0.0,0.0,0.5,0.0,64.154,0.000,0.0,664709.0
2026-09-01T03:18:17,0.2,4951,1547350,1531158,0.3,0.00,0.48,0.00,1.92,0.00,0.00,0.00,4.0,95830.0,95347.0,0.0,0.0,0.5,0.0,64.191,0.000,0.0,634813.5
2026-09-01T03:18:19,0.2,4951,1547350,1531158,0.3,0.00,0.52,0.00,2.07,0.00,0.00,0.00,4.0,95830.0,95347.0,0.0,0.0,0.5,0.0,64.206,0.000,0.0,649322.5
2026-09-01T03:18:21,0.2,4952,1547350,1531157,0.3,0.00,1.22,0.00,7.35,0.00,0.00,0.00,4.0,95830.0,95347.0,0.0,0.0,0.5,0.0,64.212,0.000,0.0,694353.0
2026-09-01T03:18:22,0.2,4951,1547350,1531158,0.3,0.00,0.57,0.00,2.29,0.00,0.00,0.00,4.0,95830.0,95347.0,0.0,0.0,0.5,0.0,64.150,0.000,0.0,662469.0
2026-09-01T03:18:24,0.2,4951,1547350,1531158,0.3,0.00,0.60,0.00,2.41,0.00,0.00,0.00,4.0,95830.0,95347.0,0.0,0.0,0.5,0.0,64.168,0.000,0.0,668169.0
2026-09-01T03:18:25,0.2,4951,1547350,1531158,0.3,0.00,0.82,0.00,3.29,0.00,0.00,0.00,4.0,95830.0,95347.0,0.0,0.0,0.5,0.0,64.166,0.000,0.0,668169.0
2026-09-01T03:18:26,0.2,4951,1547350,1531158,0.3,0.00,1.26,0.00,5.04,0.00,0.00,0.00,4.0,95830.0,95347.0,0.0,0.0,0.5,0.0,64.153,0.000,0.0,676051.5
2026-09-01T03:18:28,0.2,4950,1547350,1531158,0.3,0.00,0.49,0.00,1.97,0.00,0.00,0.00,4.0,95830.0,95347.0,0.0,0.0,0.5,0.0,64.159,0.000,0.0,662051.0
2026-09-01T03:18:30,0.2,4951,1547350,1531158,0.3,0.00,0.50,0.00,2.01,0.00,0.00,0.00,4.0,95830.0,95347.0,0.0,0.0,0.5,0.0,64.151,0.000,0.0,657570.0
2026-09-01T03:18:32,0.2,4951,1547350,1531158,0.3,0.00,0.49,0.00,1.98,0.00,0.00,0.00,4.0,95830.0,95347.0,0.0,0.0,0.5,0.0,64.118,0.000,0.0,648595.0
2026-09-01T03:18:34,0.2,4952,1547350,1531156,0.3,0.00,3.99,0.00,51.84,0.00,0.12,0.00,4.0,95830.0,95347.0,0.0,0.0,0.5,0.0,64.144,0.000,0.0,649640.5
2026-09-01T03:18:36,0.2,4952,1547350,1531156,0.3,0.00,3.16,0.00,12.63,0.00,0.00,0.00,4.0,95830.0,95347.0,0.0,0.0,0.5,0.0,64.157,0.000,0.0,643828.0
2026-09-01T03:18:38,0.2,4955,1547350,1531154,0.3,0.00,0.41,0.00,1.63,0.00,0.00,0.00,4.0,95830.0,95347.0,0.0,0.0,0.5,0.0,64.150,0.000,0.0,646881.5
2026-09-01T03:18:40,0.2,4955,1547350,1531154,0.3,0.00,0.50,0.00,1.99,0.00,0.00,0.00,4.0,95830.0,95347.0,0.0,0.0,0.5,0.0,64.151,0.000,0.0,645479.0
2026-09-01T03:18:42,0.2,4955,1547350,1531154,0.3,0.00,0.58,0.00,2.30,0.00,0.00,0.00,4.0,95830.0,95347.0,0.0,0.0,0.5,0.0,64.149,0.000,0.0,672916.0
2026-09-01T03:18:43,0.2,4955,1547350,1531154,0.3,0.00,0.67,0.00,2.66,0.00,0.00,0.00,4.0,95830.0,95347.0,0.0,0.0,0.5,0.0,64.148,0.000,0.0,647792.5
2026-09-01T03:18:45,0.2,4955,1547350,1531154,0.3,0.00,1.12,0.00,4.48,0.00,0.00,0.00,4.0,95830.0,95347.0,0.0,0.0,0.5,0.0,64.138,0.000,0.0,698171.0
2026-09-01T03:18:47,0.2,4955,1547350,1531154,0.3,0.00,0.57,0.00,2.28,0.00,0.00,0.00,4.0,95830.0,95347.0,0.0,0.0,0.5,0.0,64.186,0.000,0.0,678756.5
2026-09-01T03:18:48,0.2,4956,1547350,1531153,0.3,0.00,0.82,0.00,3.29,0.00,0.00,0.00,4.0,95830.0,95347.0,0.0,0.0,0.5,0.0,64.126,0.000,0.0,660939.0
2026-09-01T03:18:50,0.2,4955,1547350,1531154,0.3,0.00,0.72,0.00,2.89,0.00,0.00,0.00,4.0,95830.0,95347.0,0.0,0.0,0.5,0.0,64.135,0.000,0.0,660939.0
2026-09-01T03:18:50,0.2,4955,1547350,1531153,0.3,0.00,2.38,0.00,9.51,0.00,0.50,0.00,4.0,95830.0,95347.0,0.0,0.0,0.5,0.0,64.142,0.000,0.0,683304.0
2026-09-01T03:18:52,0.2,4957,1547350,1531151,0.3,0.00,0.67,0.00,2.67,0.00,0.00,0.00,4.0,95830.0,95347.0,0.0,0.0,0.5,0.0,64.122,0.000,0.0,651509.0
2026-09-01T03:18:54,0.2,4956,1547350,1531153,0.3,0.00,0.55,0.00,2.19,0.00,0.00,0.00,4.0,95830.0,95347.0,0.0,0.0,0.5,0.0,64.136,0.000,0.0,662441.0
2026-09-01T03:18:55,0.2,4958,1547350,1531151,0.3,0.00,0.59,0.00,2.36,0.00,0.00,0.00,4.0,95830.0,95347.0,0.0,0.0,0.5,0.0,64.098,0.000,0.0,655485.5
2026-09-01T03:18:57,0.2,4961,1547350,1531148,0.3,0.00,0.65,0.00,2.62,0.00,0.00,0.00,4.0,95830.0,95347.0,0.0,0.0,0.5,0.0,64.142,0.000,0.0,650609.5
2026-09-01T03:18:59,0.3,4962,1547350,1531146,0.3,0.00,0.54,0.00,2.16,0.00,0.00,0.00,4.0,95830.0,95347.0,0.0,0.0,0.5,0.0,64.112,0.000,0.0,660773.0
2026-09-01T03:19:00,0.2,4964,1547350,1531145,0.3,0.00,1.37,0.00,5.48,0.00,0.00,0.00,4.0,95830.0,95347.0,0.0,0.0,0.5,0.0,64.110,0.000,0.0,701915.0
2026-09-01T03:19:01,0.3,4968,1547350,1531140,0.3,0.00,1.00,0.00,4.01,0.00,0.00,0.00,4.0,95830.0,95347.0,0.0,0.0,0.5,0.0,64.099,0.000,0.0,684938.5
2026-09-01T03:19:03,0.2,4968,1547350,1531140,0.3,0.00,0.64,0.00,2.54,0.00,0.00,0.00,4.0,95830.0,95347.0,0.0,0.0,0.5,0.0,64.099,0.000,0.0,651849.0
2026-09-01T03:19:05,0.2,4970,1547350,1531139,0.3,0.00,1.62,0.00,13.51,0.00,0.00,0.00,4.0,95830.0,95347.0,0.0,0.0,0.5,0.0,64.130,0.000,0.0,658360.5
2026-09-01T03:19:06,0.2,4971,1547350,1531138,0.3,0.00,0.62,0.00,2.49,0.00,0.00,0.00,4.0,95830.0,95347.0,0.0,0.0,0.5,0.0,64.136,0.000,0.0,658360.5
2026-09-01T03:19:07,0.2,4971,1547350,1531138,0.3,0.00,1.58,0.00,6.34,0.00,0.00,0.00,4.0,95830.0,95347.0,0.0,0.0,0.5,0.0,64.112,0.000,0.0,704691.5
2026-09-01T03:19:08,0.2,4971,1547350,1531138,0.3,0.00,0.89,0.00,3.58,0.00,0.00,0.00,4.0,95830.0,95347.0,0.0,0.0,0.5,0.0,64.098,0.000,0.0,657566.5
2026-09-01T03:19:10,0.2,4971,1547350,1531138,0.3,0.00,0.60,0.00,2.40,0.00,0.00,0.00,4.0,95830.0,95347.0,0.0,0.0,0.5,0.0,64.123,0.000,0.0,694701.5
2026-09-01T03:19:10,0.2,4969,1547350,1531140,0.3,0.00,1.23,0.00,4.90,0.00,0.00,0.12,4.0,95830.0,95347.0,0.0,0.0,0.5,0.0,64.114,0.000,0.0,673043.5
2026-09-01T03:19:12,0.2,4971,1547350,1531138,0.3,0.00,0.63,0.00,2.53,0.00,0.00,0.00,4.0,95830.0,95347.0,0.0,0.0,0.5,0.0,64.070,0.000,0.0,702769.0
2026-09-01T03:19:13,0.2,4971,1547350,1531138,0.3,0.00,0.98,0.00,3.91,0.00,1.00,0.00,4.0,95830.0,95347.0,0.0,0.0,0.5,0.0,64.067,0.000,0.0,653365.5
2026-09-01T03:19:15,0.2,4975,1547350,1531134,0.3,0.00,0.55,0.00,2.18,0.00,0.00,0.00,4.0,95830.0,95347.0,0.0,0.0,0.5,0.0,64.094,0.000,0.0,686740.5
2026-09-01T03:19:16,0.2,4974,1547350,1531134,0.3,0.00,1.25,0.00,5.00,0.00,0.00,0.00,4.0,95830.0,95347.0,0.0,0.0,0.5,0.0,64.086,0.000,0.0,657927.0
2026-09-01T03:19:18,0.2,4975,1547350,1531134,0.3,0.00,0.56,0.00,2.23,0.00,0.00,0.00,4.0,95830.0,95347.0,0.0,0.0,0.5,0.0,64.090,0.000,0.0,647036.5
2026-09-01T03:19:20,0.2,4975,1547350,1531134,0.3,0.00,0.49,0.00,1.98,0.00,0.00,0.00,4.0,95830.0,95347.0,0.0,0.0,0.5,0.0,64.092,0.000,0.0,650147.0
2026-09-01T03:19:21,0.2,4975,1547350,1531134,0.3,0.00,1.10,0.00,6.63,0.00,0.00,0.00,4.0,95830.0,95347.0,0.0,0.0,0.5,0.0,64.079,0.000,0.0,651711.0
2026-09-01T03:19:23,0.2,4975,1547350,1531134,0.3,0.00,0.50,0.00,1.99,0.00,0.00,0.00,4.0,95830.0,95347.0,0.0,0.0,0.5,0.0,64.095,0.000,0.0,675664.0
2026-09-01T03:19:25,0.2,4974,1547350,1531135,0.3,0.00,0.50,0.00,1.99,0.00,0.00,0.00,4.0,95830.0,95347.0,0.0,0.0,0.5,0.0,64.085,0.000,0.0,647190.5
2026-09-01T03:19:27,0.2,4974,1547350,1531135,0.3,0.00,0.61,0.00,2.45,0.00,0.00,0.00,4.0,95830.0,95347.0,0.0,0.0,0.5,0.0,64.092,0.000,0.0,675963.0
2026-09-01T03:19:29,0.2,4974,1547350,1531135,0.3,0.00,0.59,0.00,2.34,0.00,0.00,0.00,4.0,95830.0,95347.0,0.0,0.0,0.5,0.0,64.095,0.000,0.0,646478.5
2026-09-01T03:19:31,0.2,4975,1547350,1531134,0.3,0.00,3.16,0.00,14.74,0.00,0.17,0.00,4.0,95830.0,95347.0,0.0,0.0,0.5,0.0,64.083,0.000,0.0,632470.5
2026-09-01T03:19:33,0.2,4975,1547350,1531134,0.3,0.00,0.50,0.00,1.98,0.00,0.00,0.00,4.0,95830.0,95347.0,0.0,0.0,0.5,0.0,64.050,0.000,0.0,665683.5
2026-09-01T03:19:35,0.2,4976,1547350,1531133,0.3,0.00,1.50,0.00,18.69,0.00,0.00,0.00,4.0,95830.0,95347.0,0.0,0.0,0.5,0.0,64.078,0.000,0.0,645988.0
2026-09-01T03:19:36,0.2,4976,1547350,1531133,0.3,0.00,0.55,0.00,2.21,0.00,0.00,0.00,4.0,95830.0,95347.0,0.0,0.0,0.5,0.0,64.093,0.000,0.0,645988.0
2026-09-01T03:19:37,0.2,4977,1547350,1531132,0.3,0.00,1.33,0.00,5.33,0.00,0.00,0.00,4.0,95830.0,95347.0,0.0,0.0,0.5,0.0,64.067,0.000,0.0,695480.5
2026-09-01T03:19:39,0.2,4978,1547350,1531131,0.3,0.00,0.50,0.00,1.99,0.00,0.00,0.00,4.0,95830.0,95347.0,0.0,0.0,0.5,0.0,64.010,0.000,0.0,716112.0
2026-09-01T03:19:40,0.2,4977,1547350,1531131,0.3,0.00,1.40,0.00,5.59,0.00,0.00,0.00,4.0,95830.0,95347.0,0.0,0.0,0.5,0.0,64.010,0.000,0.0,716112.0
2026-09-01T03:19:41,0.2,4978,1547350,1531131,0.3,0.00,1.30,0.00,5.22,0.00,0.00,0.00,4.0,95830.0,95347.0,0.0,0.0,0.5,0.0,64.111,0.000,0.0,683432.0
2026-09-01T03:19:43,0.2,4979,1547350,1531130,0.3,0.00,0.98,0.00,3.91,0.00,0.00,0.00,4.0,95830.0,95347.0,0.0,0.0,0.5,0.0,64.071,0.000,0.0,638271.0
2026-09-01T03:19:45,0.2,4980,1547350,1531129,0.3,0.00,0.45,0.00,1.80,0.00,0.00,0.00,4.0,95830.0,95347.0,0.0,0.0,0.5,0.0,64.075,0.000,0.0,645976.5
2026-09-01T03:19:47,0.2,4981,1547350,1531127,0.3,0.00,0.50,0.00,2.01,0.00,0.00,0.00,4.0,95830.0,95347.0,0.0,0.0,0.5,0.0,64.052,0.000,0.0,677038.0
2026-09-01T03:19:48,0.2,4982,1547350,1531127,0.3,0.00,0.86,0.00,3.46,0.00,0.00,0.00,4.0,95830.0,95347.0,0.0,0.0,0.5,0.0,64.066,0.000,0.0,654809.5
2026-09-01T03:19:50,0.2,4982,1547350,1531127,0.3,0.00,0.58,0.00,2.31,0.00,0.00,0.06,4.0,95830.0,95347.0,0.0,0.0,0.5,0.0,64.100,0.000,0.0,677938.0
2026-09-01T03:19:51,0.2,4984,1547350,1531125,0.3,0.00,0.82,0.00,3.29,0.00,1.00,0.00,4.0,95830.0,95347.0,0.0,0.0,0.5,0.0,64.073,0.000,0.0,676134.0
2026-09-01T03:19:53,0.2,4985,1547350,1531124,0.3,0.00,1.40,0.00,5.58,0.00,0.00,0.00,4.0,95830.0,95347.0,0.0,0.0,0.5,0.0,64.046,0.000,0.0,663746.5
2026-09-01T03:19:54,0.2,4987,1547350,1531122,0.3,0.00,0.67,0.00,2.66,0.00,0.00,0.00,4.0,95830.0,95347.0,0.0,0.0,0.5,0.0,64.060,0.000,0.0,663746.5
2026-09-01T03:19:55,0.3,4987,1547350,1531121,0.3,0.00,1.45,0.00,5.79,0.00,0.00,0.00,4.0,95830.0,95347.0,0.0,0.0,0.5,0.0,64.105,0.000,0.0,685082.5
2026-09-01T03:19:56,0.2,4988,1547350,1531121,0.3,0.00,0.65,0.00,2.61,0.00,0.00,0.00,4.0,95830.0,95347.0,0.0,0.0,0.5,0.0,64.064,0.000,0.0,654693.5
2026-09-01T03:19:58,0.2,4990,1547350,1531119,0.3,0.00,1.18,0.00,4.71,0.00,0.00,0.00,4.0,95830.0,95347.0,0.0,0.0,0.5,0.0,64.077,0.000,0.0,660513.5
2026-09-01T03:20:00,0.2,4997,1547350,1531112,0.3,0.00,0.55,0.00,2.20,0.00,0.00,0.00,4.0,95830.0,95347.0,0.0,0.0,0.5,0.0,64.065,0.000,0.0,652224.0
2026-09-01T03:20:01,0.3,5004,1547350,1531105,0.3,0.00,0.64,0.00,2.57,0.00,0.00,0.06,4.0,95830.0,95347.0,0.0,0.0,0.5,0.0,64.047,0.000,0.0,675494.0
2026-09-01T03:20:03,0.2,5005,1547350,1531104,0.3,0.00,0.61,0.00,2.42,0.00,0.00,0.00,4.0,95830.0,95347.0,0.0,0.0,0.5,0.0,64.078,0.000,0.0,667695.5
2026-09-01T03:20:04,0.2,5004,1547350,1531105,0.3,0.00,11.66,0.00,74.94,0.00,0.07,0.00,4.0,95830.0,95347.0,0.0,0.0,0.5,0.0,64.089,0.000,0.0,698683.5
2026-09-01T03:20:06,0.2,5004,1547350,1531104,0.3,0.00,0.69,0.00,2.76,0.00,0.00,0.00,4.0,95830.0,95347.0,0.0,0.0,0.5,0.0,64.081,0.000,0.0,666811.5
2026-09-01T03:20:07,0.2,5005,1547350,1531104,0.3,0.00,0.65,0.00,2.59,0.00,0.00,0.00,4.0,95830.0,95347.0,0.0,0.0,0.5,0.0,64.072,0.000,0.0,652365.0
2026-09-01T03:20:08,0.2,5005,1547350,1531104,0.3,0.00,0.94,0.00,3.75,0.00,0.00,0.00,4.0,95830.0,95347.0,0.0,0.0,0.5,0.0,64.066,0.000,0.0,652365.0
2026-09-01T03:20:09,0.3,5006,1547350,1531103,0.3,0.00,1.04,0.00,4.16,0.00,0.00,0.00,4.0,95830.0,95347.0,0.0,0.0,0.5,0.0,64.085,0.000,0.0,710959.0
2026-09-01T03:20:11,0.2,5003,1547350,1531106,0.3,0.00,0.54,0.00,2.17,0.00,0.00,0.00,4.0,95830.0,95347.0,0.0,0.0,0.5,0.0,64.067,0.000,0.0,711089.0
2026-09-01T03:20:13,0.2,5003,1547350,1531106,0.3,0.00,0.62,0.00,2.46,0.00,0.00,0.00,4.0,95830.0,95347.0,0.0,0.0,0.5,0.0,64.056,0.000,0.0,711089.0
2026-09-01T03:20:13,0.2,5002,1547350,1531107,0.3,0.00,1.58,0.00,6.33,0.00,0.00,0.00,4.0,95830.0,95347.0,0.0,0.0,0.5,0.0,64.111,0.000,0.0,672136.5
2026-09-01T03:20:15,0.2,5003,1547350,1531106,0.3,0.00,0.52,0.00,2.06,0.00,0.00,0.00,4.0,95830.0,95347.0,0.0,0.0,0.5,0.0,64.064,0.000,0.0,702037.5
2026-09-01T03:20:16,0.2,5003,1547350,1531106,0.3,0.00,0.93,0.00,3.71,0.00,0.00,0.00,4.0,95830.0,95347.0,0.0,0.0,0.5,0.0,64.078,0.000,0.0,702037.5
2026-09-01T03:20:17,0.2,5003,1547350,1531106,0.3,0.00,0.88,0.00,3.51,0.00,0.00,0.00,4.0,95830.0,95347.0,0.0,0.0,0.5,0.0,64.107,0.000,0.0,669052.5
2026-09-01T03:20:19,0.2,5003,1547350,1531106,0.3,0.00,0.61,0.00,2.42,0.00,0.00,0.00,4.0,95830.0,95347.0,0.0,0.0,0.5,0.0,64.090,0.000,0.0,650519.0
2026-09-01T03:20:21,0.2,5002,1547350,1531107,0.3,0.00,0.54,0.00,2.16,0.00,1.00,0.00,4.0,95830.0,95347.0,0.0,0.0,0.5,0.0,64.119,0.000,0.0,650519.0
2026-09-01T03:20:22,0.2,5002,1547350,1531107,0.3,0.00,1.02,0.00,4.09,0.00,0.00,0.00,4.0,95830.0,95347.0,0.0,0.0,0.5,0.0,64.090,0.000,0.0,730440.5
2026-09-01T03:20:22,0.2,5001,1547350,1531108,0.3,0.00,4.80,0.00,28.78,0.00,0.00,0.00,4.0,95830.0,95347.0,0.0,0.0,0.5,0.0,64.108,0.000,0.0,652055.5
2026-09-01T03:20:24,0.2,5002,1547350,1531107,0.3,0.00,0.48,0.00,1.93,0.00,0.00,0.00,4.0,95830.0,95347.0,0.0,0.0,0.5,0.0,64.078,0.000,0.0,737451.0
2026-09-01T03:20:26,0.2,5001,1547350,1531107,0.3,0.00,0.65,0.00,2.60,0.00,0.00,0.00,4.0,95830.0,95347.0,0.0,0.0,0.5,0.0,64.097,0.000,0.0,655027.0
2026-09-01T03:20:27,0.2,5001,1547350,1531108,0.3,0.00,1.39,0.00,5.58,0.00,0.00,0.00,4.0,95830.0,95347.0,0.0,0.0,0.5,0.0,64.085,0.000,0.0,692412.5
2026-09-01T03:20:28,0.2,5001,1547350,1531108,0.3,0.00,0.97,0.00,3.88,0.00,0.00,0.00,4.0,95830.0,95347.0,0.0,0.0,0.5,0.0,64.121,0.000,0.0,692412.5
2026-09-01T03:20:29,0.2,5000,1547350,1531108,0.3,0.00,1.01,0.00,4.04,0.00,0.00,0.00,4.0,95830.0,95347.0,0.0,0.0,0.5,0.0,64.115,0.000,0.0,721377.5
2026-09-01T03:20:30,0.2,5001,1547350,1531108,0.3,0.00,1.79,0.00,7.17,0.00,0.00,0.00,4.0,95830.0,95347.0,0.0,0.0,0.5,0.0,64.083,0.000,0.0,654800.5
2026-09-01T03:20:32,0.2,5002,1547350,1531107,0.3,0.00,0.48,0.00,1.94,0.00,0.00,0.00,4.0,95830.0,95347.0,0.0,0.0,0.5,0.0,64.107,0.000,0.0,646993.5
2026-09-01T03:20:34,0.2,5003,1547350,1531106,0.3,0.00,3.03,0.00,12.13,0.00,0.17,0.00,4.0,95830.0,95347.0,0.0,0.0,0.5,0.0,64.076,0.000,0.0,644340.5
2026-09-01T03:20:36,0.2,5002,1547350,1531107,0.3,0.00,1.00,0.00,10.46,0.00,0.00,0.00,4.0,95830.0,95347.0,0.0,0.0,0.5,0.0,64.098,0.000,0.0,673748.5
2026-09-01T03:20:37,0.2,5004,1547350,1531105,0.3,0.00,0.93,0.00,3.74,0.00,0.00,0.00,4.0,95830.0,95347.0,0.0,0.0,0.5,0.0,64.124,0.000,0.0,655410.0
2026-09-01T03:20:39,0.2,5004,1547350,1531105,0.3,0.00,0.58,0.00,2.31,0.00,0.00,0.00,4.0,95830.0,95347.0,0.0,0.0,0.5,0.0,64.107,0.000,0.0,655410.0
2026-09-01T03:20:40,0.2,5004,1547350,1531105,0.3,0.00,1.43,0.00,5.71,0.00,0.00,0.00,4.0,95830.0,95347.0,0.0,0.0,0.5,0.0,64.103,0.000,0.0,667789.0
2026-09-01T03:20:42,0.2,5004,1547350,1531105,0.3,0.00,0.43,0.00,1.72,0.00,0.00,0.00,4.0,95830.0,95347.0,0.0,0.0,0.5,0.0,64.102,0.000,0.0,646722.0
2026-09-01T03:20:44,0.2,5003,1547350,1531105,0.3,0.00,0.99,0.00,3.96,0.00,0.00,0.00,4.0,95830.0,95347.0,0.0,0.0,0.5,0.0,64.135,0.000,0.0,686422.0
2026-09-01T03:20:45,0.2,5004,1547350,1531105,0.3,0.00,0.99,0.00,3.95,0.00,0.00,0.00,4.0,95830.0,95347.0,0.0,0.0,0.5,0.0,64.137,0.000,0.0,686422.0
2026-09-01T03:20:46,0.2,5004,1547350,1531105,0.3,0.00,1.00,0.00,4.00,0.00,0.00,0.10,4.0,95830.0,95347.0,0.0,0.0,0.5,0.0,64.125,0.000,0.0,752709.5
2026-09-01T03:20:47,0.2,5005,1547350,1531104,0.3,0.00,0.78,0.00,3.12,0.00,0.00,0.00,4.0,95830.0,95347.0,0.0,0.0,0.5,0.0,64.133,0.000,0.0,752709.5
2026-09-01T03:20:48,0.2,5005,1547350,1531104,0.3,0.00,0.91,0.00,3.65,0.00,0.00,0.00,4.0,95830.0,95347.0,0.0,0.0,0.5,0.0,64.126,0.000,0.0,691516.0
2026-09-01T03:20:50,0.2,5005,1547350,1531104,0.3,0.00,0.49,0.00,1.95,0.00,0.00,0.00,4.0,95830.0,95347.0,0.0,0.0,0.5,0.0,64.088,0.000,0.0,662329.0
2026-09-01T03:20:52,0.2,5006,1547350,1531103,0.3,0.00,0.58,0.00,2.34,0.00,0.00,0.00,4.0,95830.0,95347.0,0.0,0.0,0.5,0.0,64.105,0.000,0.0,657689.0
2026-09-01T03:20:54,0.2,5006,1547350,1531103,0.3,0.00,0.66,0.00,2.66,0.00,0.00,0.00,4.0,95830.0,95347.0,0.0,0.0,0.5,0.0,64.129,0.000,0.0,653643.5
2026-09-01T03:20:55,0.2,5007,1547350,1531102,0.3,0.00,0.65,0.00,2.60,0.00,0.00,0.00,4.0,95830.0,95347.0,0.0,0.0,0.5,0.0,64.112,0.000,0.0,653643.5
2026-09-01T03:20:56,0.2,5006,1547350,1531103,0.3,0.00,1.18,0.00,4.73,0.00,0.00,0.00,4.0,95830.0,95347.0,0.0,0.0,0.5,0.0,64.104,0.000,0.0,697935.0
2026-09-01T03:20:57,0.2,5006,1547350,1531103,0.3,0.00,0.73,0.00,2.91,0.00,0.00,0.00,4.0,95830.0,95347.0,0.0,0.0,0.5,0.0,64.088,0.000,0.0,680035.0
2026-09-01T03:20:59,0.3,5007,1547350,1531102,0.3,0.00,1.45,0.00,5.81,0.00,0.33,0.00,4.0,95830.0,95347.0,0.0,0.0,0.5,0.0,64.116,0.000,0.0,643727.5
2026-09-01T03:21:01,0.3,5013,1547350,1531096,0.3,0.00,0.57,0.00,2.29,0.00,0.00,0.00,4.0,95830.0,95347.0,0.0,0.0,0.5,0.0,64.165,0.000,0.0,655462.0
2026-09-01T03:21:03,0.2,5014,1547350,1531095,0.3,0.00,0.64,0.00,2.57,0.00,0.00,0.06,4.0,95830.0,95347.0,0.0,0.0,0.5,0.0,64.144,0.000,0.0,656906.0
2026-09-01T03:21:04,0.2,5014,1547350,1531095,0.3,0.00,0.61,0.00,2.42,0.00,0.00,0.00,4.0,95830.0,95347.0,0.0,0.0,0.5,0.0,64.131,0.000,0.0,725050.5
2026-09-01T03:21:06,0.2,5014,1547350,1531095,0.3,0.00,1.83,0.00,13.42,0.00,0.00,0.00,4.0,95830.0,95347.0,0.0,0.0,0.5,0.0,64.135,0.000,0.0,655043.5
2026-09-01T03:21:08,0.2,5014,1547350,1531095,0.3,0.00,0.64,0.00,2.55,0.00,0.00,0.00,4.0,95830.0,95347.0,0.0,0.0,0.5,0.0,64.150,0.000,0.0,662334.0
2026-09-01T03:21:09,0.2,5013,1547350,1531096,0.3,0.00,0.61,0.00,2.42,0.00,0.00,0.00,4.0,95830.0,95347.0,0.0,0.0,0.5,0.0,64.168,0.000,0.0,676319.5
2026-09-01T03:21:11,0.2,5012,1547350,1531097,0.3,0.00,0.73,0.00,2.92,0.00,0.00,0.00,4.0,95830.0,95347.0,0.0,0.0,0.5,0.0,64.154,0.000,0.0,669319.0
2026-09-01T03:21:12,0.2,5012,1547350,1531097,0.3,0.00,0.66,0.00,2.64,0.00,0.00,0.00,4.0,95830.0,95347.0,0.0,0.0,0.5,0.0,64.139,0.000,0.0,658907.0
2026-09-01T03:21:14,0.2,5012,1547350,1531097,0.3,0.00,0.59,0.00,2.38,0.00,0.00,0.00,4.0,95830.0,95347.0,0.0,0.0,0.5,0.0,64.126,0.000,0.0,690516.0
2026-09-01T03:21:15,0.2,5011,1547350,1531098,0.3,0.00,1.14,0.00,4.58,0.00,0.00,0.00,4.0,95830.0,95347.0,0.0,0.0,0.5,0.0,64.140,0.000,0.0,674329.0
2026-09-01T03:21:16,0.2,5011,1547350,1531098,0.3,0.00,0.57,0.00,2.27,0.00,1.00,0.00,4.0,95830.0,95347.0,0.0,0.0,0.5,0.0,64.142,0.000,0.0,657861.5
2026-09-01T03:21:18,0.2,5010,1547350,1531099,0.3,0.00,0.59,0.00,2.37,0.00,0.00,0.00,4.0,95830.0,95347.0,0.0,0.0,0.5,0.0,64.166,0.000,0.0,666420.0
2026-09-01T03:21:19,0.2,5011,1547350,1531098,0.3,0.00,0.85,0.00,3.39,0.00,0.00,0.00,4.0,95830.0,95347.0,0.0,0.0,0.5,0.0,64.121,0.000,0.0,678341.0
2026-09-01T03:21:21,0.2,5011,1547350,1531098,0.3,0.00,0.71,0.00,2.86,0.00,0.00,0.00,4.0,95830.0,95347.0,0.0,0.0,0.5,0.0,64.157,0.000,0.0,646983.0
2026-09-01T03:21:23,0.2,5011,1547350,1531098,0.3,0.00,0.49,0.00,1.97,0.00,0.00,0.00,4.0,95830.0,95347.0,0.0,0.0,0.5,0.0,64.126,0.000,0.0,651218.5
2026-09-01T03:21:24,0.2,5012,1547350,1531097,0.3,0.00,0.56,0.00,2.24,0.00,0.00,0.00,4.0,95830.0,95347.0,0.0,0.0,0.5,0.0,64.126,0.000,0.0,644945.5
2026-09-01T03:21:27,0.2,5011,1547350,1531097,0.3,0.00,0.49,0.00,1.94,0.00,0.00,0.00,4.0,95830.0,95347.0,0.0,0.0,0.5,0.0,64.130,0.000,0.0,675729.5
2026-09-01T03:21:27,0.2,5012,1547350,1531096,0.3,0.00,1.28,0.00,5.12,0.00,0.00,0.00,4.0,95830.0,95347.0,0.0,0.0,0.5,0.0,64.132,0.000,0.0,657462.0
2026-09-01T03:21:29,0.2,5013,1547350,1531096,0.3,0.00,0.99,0.00,5.94,0.00,0.00,0.00,4.0,95830.0,95347.0,0.0,0.0,0.5,0.0,64.153,0.000,0.0,667911.5
2026-09-01T03:21:31,0.2,5013,1547350,1531096,0.3,0.00,0.50,0.00,2.01,0.00,0.00,0.00,4.0,95830.0,95347.0,0.0,0.0,0.5,0.0,64.126,0.000,0.0,645480.0
2026-09-01T03:21:33,0.2,5013,1547350,1531095,0.3,0.00,0.50,0.00,2.01,0.00,0.00,0.00,4.0,95830.0,95347.0,0.0,0.0,0.5,0.0,64.133,0.000,0.0,645851.5
2026-09-01T03:21:35,0.2,5013,1547350,1531096,0.3,0.00,3.43,0.00,22.31,0.00,0.14,0.00,4.0,95830.0,95347.0,0.0,0.0,0.5,0.0,64.131,0.000,0.0,646994.5
2026-09-01T03:21:37,0.2,5012,1547350,1531097,0.3,0.00,0.50,0.00,1.98,0.00,0.00,0.00,4.0,95830.0,95347.0,0.0,0.0,0.5,0.0,64.150,0.000,0.0,668292.5
2026-09-01T03:21:38,0.2,5012,1547350,1531097,0.3,0.00,1.00,0.00,4.00,0.00,0.00,0.00,4.0,95830.0,95347.0,0.0,0.0,0.5,0.0,64.177,0.000,0.0,653950.0
2026-09-01T03:21:40,0.2,5011,1547350,1531097,0.3,0.00,0.49,0.00,1.97,0.00,0.00,0.00,4.0,95830.0,95347.0,0.0,0.0,0.5,0.0,64.135,0.000,0.0,650404.0
2026-09-01T03:21:42,0.2,5011,1547350,1531098,0.3,0.00,0.56,0.00,2.24,0.00,0.00,0.06,4.0,95830.0,95347.0,0.0,0.0,0.5,0.0,64.165,0.000,0.0,654271.5
2026-09-01T03:21:44,0.2,5012,1547350,1531097,0.3,0.00,1.00,0.00,3.99,0.00,0.00,0.00,4.0,95830.0,95347.0,0.0,0.0,0.5,0.0,64.168,0.000,0.0,654387.0
2026-09-01T03:21:45,0.2,5012,1547350,1531096,0.3,0.00,0.99,0.00,3.96,0.00,0.00,0.00,4.0,95830.0,95347.0,0.0,0.0,0.5,0.0,64.144,0.000,0.0,649281.5
2026-09-01T03:21:47,0.2,5013,1547350,1531096,0.3,0.00,0.59,0.00,2.37,0.00,0.00,0.00,4.0,95830.0,95347.0,0.0,0.0,0.5,0.0,64.127,0.000,0.0,721936.0
2026-09-01T03:21:48,0.2,5013,1547350,1531096,0.3,0.00,0.76,0.00,3.02,0.00,0.00,0.00,4.0,95830.0,95347.0,0.0,0.0,0.5,0.0,64.125,0.000,0.0,646567.0
2026-09-01T03:21:50,0.2,5012,1547350,1531097,0.3,0.00,0.50,0.00,1.99,0.00,0.00,0.00,4.0,95830.0,95347.0,0.0,0.0,0.5,0.0,64.118,0.000,0.0,655791.5
2026-09-01T03:21:52,0.3,5012,1547350,1531097,0.3,0.00,0.67,0.00,2.70,0.00,0.00,0.00,4.0,95830.0,95347.0,0.0,0.0,0.5,0.0,64.144,0.000,0.0,682987.5
2026-09-01T03:21:53,0.2,5012,1547350,1531097,0.3,0.00,0.61,0.00,2.42,0.00,0.00,0.00,4.0,95830.0,95347.0,0.0,0.0,0.5,0.0,64.171,0.000,0.0,654843.0
2026-09-01T03:21:55,0.2,5012,1547350,1531096,0.3,0.00,0.62,0.00,2.48,0.00,0.00,0.00,4.0,95830.0,95347.0,0.0,0.0,0.5,0.0,64.138,0.000,0.0,666846.5
2026-09-01T03:21:56,0.2,5013,1547350,1531096,0.3,0.00,0.69,0.00,2.76,0.00,0.00,0.00,4.0,95830.0,95347.0,0.0,0.0,0.5,0.0,64.141,0.000,0.0,672916.5
2026-09-01T03:21:58,0.2,5013,1547350,1531096,0.3,0.00,0.70,0.00,2.81,0.00,1.00,0.00,4.0,95830.0,95347.0,0.0,0.0,0.5,0.0,64.188,0.000,0.0,672859.0
2026-09-01T03:21:59,0.2,5014,1547350,1531095,0.3,0.00,1.85,0.00,7.38,0.00,0.00,0.00,4.0,95830.0,95347.0,0.0,0.0,0.5,0.0,64.151,0.000,0.0,652779.5
2026-09-01T03:22:01,0.3,5020,1547350,1531089,0.3,0.00,0.65,0.00,2.61,0.00,0.00,0.00,4.0,95830.0,95347.0,0.0,0.0,0.5,0.0,64.166,0.000,0.0,657211.0
2026-09-01T03:22:03,0.2,5020,1547350,1531089,0.3,0.00,0.61,0.00,2.43,0.00,0.00,0.00,4.0,95830.0,95347.0,0.0,0.0,0.5,0.0,64.160,0.000,0.0,658158.0
2026-09-01T03:22:04,0.2,5020,1547350,1531089,0.3,0.00,0.60,0.00,2.41,0.00,0.00,0.00,4.0,95830.0,95347.0,0.0,0.0,0.5,0.0,64.191,0.000,0.0,665798.5
2026-09-01T03:22:06,0.2,5019,1547350,1531089,0.3,0.00,3.19,0.00,26.82,0.00,0.00,0.00,4.0,95830.0,95347.0,0.0,0.0,0.5,0.0,64.144,0.000,0.0,661271.0
2026-09-01T03:22:08,0.2,5021,1547350,1531088,0.3,0.00,0.61,0.00,2.42,0.00,0.00,0.00,4.0,95830.0,95347.0,0.0,0.0,0.5,0.0,64.156,0.000,0.0,698060.5
2026-09-01T03:22:09,0.2,5022,1547350,1531087,0.3,0.00,0.65,0.00,2.60,0.00,0.00,0.00,4.0,95830.0,95347.0,0.0,0.0,0.5,0.0,64.181,0.000,0.0,657247.5
2026-09-01T03:22:11,0.2,5018,1547350,1531091,0.3,0.00,0.60,0.00,2.40,0.00,0.00,0.00,4.0,95830.0,95347.0,0.0,0.0,0.5,0.0,64.165,0.000,0.0,644852.0
2026-09-01T03:22:12,0.2,5020,1547350,1531089,0.3,0.00,0.62,0.00,2.46,0.00,0.00,0.00,4.0,95830.0,95347.0,0.0,0.0,0.5,0.0,64.152,0.000,0.0,673353.5
2026-09-01T03:22:14,0.2,5020,1547350,1531089,0.3,0.00,0.63,0.00,2.52,0.00,0.00,0.00,4.0,95830.0,95347.0,0.0,0.0,0.5,0.0,64.186,0.000,0.0,659047.5
2026-09-01T03:22:16,0.2,5019,1547350,1531089,0.3,0.00,0.61,0.00,2.46,0.00,0.00,0.00,4.0,95830.0,95347.0,0.0,0.0,0.5,0.0,64.190,0.000,0.0,671847.5
2026-09-01T03:22:17,0.2,5021,1547350,1531088,0.3,0.00,0.80,0.00,3.19,0.00,0.00,0.00,4.0,95830.0,95347.0,0.0,0.0,0.5,0.0,64.195,0.000,0.0,671847.5
2026-09-01T03:22:18,0.2,5020,1547350,1531089,0.3,0.00,0.92,0.00,3.69,0.00,0.00,0.00,4.0,95830.0,95347.0,0.0,0.0,0.5,0.0,64.172,0.000,0.0,680802.0
2026-09-01T03:22:19,0.2,5020,1547350,1531089,0.3,0.00,0.81,0.00,3.25,0.00,1.00,0.08,4.0,95830.0,95347.0,0.0,0.0,0.5,0.0,64.200,0.000,0.0,683675.0
2026-09-01T03:22:20,0.2,5019,1547350,1531089,0.3,0.00,0.93,0.00,3.73,0.00,0.00,0.00,4.0,95830.0,95347.0,0.0,0.0,0.5,0.0,64.222,0.000,0.0,678752.5
2026-09-01T03:22:22,0.2,5018,1547350,1531090,0.3,0.00,0.56,0.00,2.26,0.00,0.00,0.00,4.0,95830.0,95347.0,0.0,0.0,0.5,0.0,64.130,0.000,0.0,644704.0
2026-09-01T03:22:24,0.2,5023,1547350,1531086,0.3,0.00,0.52,0.00,2.07,0.00,0.00,0.00,4.0,95830.0,95347.0,0.0,0.0,0.5,0.0,64.188,0.000,0.0,655029.0
2026-09-01T03:22:26,0.3,5083,1547350,1531025,0.3,0.00,0.58,0.00,2.31,0.00,0.00,0.00,4.0,95830.0,95347.0,0.0,0.0,0.5,0.0,64.213,0.000,0.0,998832.0
2026-09-01T03:22:28,0.2,5085,1547350,1531023,0.3,0.00,0.53,0.00,2.10,0.00,0.00,0.00,4.0,95830.0,95347.0,0.0,0.0,0.5,0.0,64.216,0.000,0.0,998832.0
2026-09-01T03:22:28,0.2,5086,1547350,1531022,0.3,0.00,1.25,0.00,5.00,0.00,0.00,0.00,4.0,95830.0,95347.0,0.0,0.0,0.5,0.0,64.178,0.000,0.0,696481.5
2026-09-01T03:22:29,0.2,5086,1547350,1531023,0.3,0.00,1.11,0.00,4.45,0.00,0.00,0.00,4.0,95830.0,95347.0,0.0,0.0,0.5,0.0,64.194,0.000,0.0,696481.5
2026-09-01T03:22:30,0.2,5086,1547350,1531023,0.3,0.00,1.00,0.00,3.99,0.00,0.00,0.00,4.0,95830.0,95347.0,0.0,0.0,0.5,0.0,64.219,0.000,0.0,709325.5
2026-09-01T03:22:31,0.2,5087,1547350,1531022,0.3,0.00,2.67,0.00,16.04,0.00,0.00,0.00,4.0,95830.0,95347.0,0.0,0.0,0.5,0.0,64.163,0.000,0.0,652189.0
2026-09-01T03:22:33,0.2,5088,1547350,1531021,0.3,0.00,0.56,0.00,2.24,0.00,0.00,0.00,4.0,95830.0,95347.0,0.0,0.0,0.5,0.0,64.201,0.000,0.0,652189.0
2026-09-01T03:22:34,0.2,5088,1547350,1531021,0.3,0.00,1.25,0.00,4.99,0.00,0.00,0.00,4.0,95830.0,95347.0,0.0,0.0,0.5,0.0,64.206,0.000,0.0,728887.0
2026-09-01T03:22:34,0.2,5087,1547350,1531021,0.3,0.00,1.38,0.00,5.52,0.00,0.00,0.00,4.0,95830.0,95347.0,0.0,0.0,0.5,0.0,64.166,0.000,0.0,657230.0
2026-09-01T03:22:36,0.2,5087,1547350,1531022,0.3,0.00,5.22,0.00,27.40,0.00,0.12,0.00,4.0,95830.0,95347.0,0.0,0.0,0.5,0.0,64.173,0.000,0.0,657230.0
2026-09-01T03:22:37,0.2,5087,1547350,1531022,0.3,0.00,1.04,0.00,4.15,0.00,0.00,0.00,4.0,95830.0,95347.0,0.0,0.0,0.5,0.0,64.208,0.000,0.0,733382.0
2026-09-01T03:22:38,0.2,5087,1547350,1531022,0.3,0.00,1.24,0.00,4.95,0.00,0.00,0.00,4.0,95830.0,95347.0,0.0,0.0,0.5,0.0,64.178,0.000,0.0,688030.0
2026-09-01T03:22:39,1.4,5087,1547350,1531022,0.3,0.00,0.82,0.00,3.26,0.00,0.00,0.00,4.0,95830.0,95347.0,0.0,0.0,0.5,0.0,64.185,0.000,0.0,671431.0
2026-09-01T03:22:40,0.2,5087,1547350,1531022,0.3,0.00,1.01,0.00,4.04,0.00,0.00,0.00,4.0,95830.0,95347.0,0.0,0.0,0.5,0.0,64.195,0.000,0.0,671431.0
2026-09-01T03:22:41,0.2,5089,1547350,1531020,0.3,0.00,0.99,0.00,3.97,0.00,0.00,0.00,4.0,95830.0,95347.0,0.0,0.0,0.5,0.0,64.227,0.000,0.0,684099.5
2026-09-01T03:22:42,0.2,5089,1547350,1531020,0.3,0.00,0.79,0.00,3.15,0.00,0.00,0.00,4.0,95830.0,95347.0,0.0,0.0,0.5,0.0,64.215,0.000,0.0,684099.5
2026-09-01T03:22:43,0.2,5089,1547350,1531020,0.3,0.00,1.25,0.00,5.00,0.00,0.00,0.00,4.0,95830.0,95347.0,0.0,0.0,0.5,0.0,64.243,0.000,0.0,705326.5
2026-09-01T03:22:44,0.2,5090,1547350,1531019,0.3,0.00,0.85,0.00,3.41,0.00,0.00,0.00,4.0,95830.0,95347.0,0.0,0.0,0.5,0.0,64.215,0.000,0.0,656765.5
2026-09-01T03:22:46,0.2,5091,1547350,1531018,0.3,0.00,0.63,0.00,2.54,0.00,0.00,0.00,4.0,95830.0,95347.0,0.0,0.0,0.5,0.0,64.209,0.000,0.0,656765.5
2026-09-01T03:22:46,0.2,5091,1547350,1531018,0.3,0.00,2.97,0.00,11.87,0.00,0.00,0.00,4.0,95830.0,95347.0,0.0,0.0,0.5,0.0,64.192,0.000,0.0,671553.5
2026-09-01T03:22:48,0.2,5091,1547350,1531018,0.3,0.00,0.56,0.00,2.23,0.00,0.00,0.00,4.0,95830.0,95347.0,0.0,0.0,0.5,0.0,64.242,0.000,0.0,652441.0
2026-09-01T03:22:50,0.2,5091,1547350,1531018,0.3,0.00,0.50,0.00,2.01,0.00,0.00,0.00,4.0,95830.0,95347.0,0.0,0.0,0.5,0.0,64.204,0.000,0.0,645721.0
2026-09-01T03:22:52,0.2,5092,1547350,1531017,0.3,0.00,0.49,0.00,1.96,0.00,1.00,0.00,4.0,95830.0,95347.0,0.0,0.0,0.5,0.0,64.216,0.000,0.0,665338.5
2026-09-01T03:22:53,0.2,5092,1547350,1531017,0.3,0.00,0.75,0.00,3.01,0.00,0.00,0.00,4.0,95830.0,95347.0,0.0,0.0,0.5,0.0,64.209,0.000,0.0,685844.5
2026-09-01T03:22:55,0.2,5094,1547350,1531015,0.3,0.00,0.66,0.00,2.65,0.00,0.00,0.00,4.0,95830.0,95347.0,0.0,0.0,0.5,0.0,64.213,0.000,0.0,660950.0
2026-09-01T03:22:57,0.2,5093,1547350,1531015,0.3,0.00,0.59,0.00,2.38,0.00,0.00,0.00,4.0,95830.0,95347.0,0.0,0.0,0.5,0.0,64.252,0.000,0.0,677880.5
2026-09-01T03:22:58,0.2,5094,1547350,1531015,0.3,0.00,1.01,0.00,4.04,0.00,0.00,0.00,4.0,95830.0,95347.0,0.0,0.0,0.5,0.0,64.255,0.000,0.0,671652.0
2026-09-01T03:22:59,0.2,5094,1547350,1531014,0.3,0.00,0.81,0.00,3.24,0.00,0.00,0.00,4.0,95830.0,95347.0,0.0,0.0,0.5,0.0,64.226,0.000,0.0,670859.5
2026-09-01T03:23:00,0.2,5095,1547350,1531014,0.3,0.00,0.77,0.00,3.06,0.00,0.00,0.00,4.0,95830.0,95347.0,0.0,0.0,0.5,0.0,64.238,0.000,0.0,670859.5
2026-09-01T03:23:01,0.4,5101,1547350,1531008,0.3,0.00,2.29,0.00,9.14,0.00,0.00,0.11,4.0,95830.0,95347.0,0.0,0.0,0.5,0.0,64.224,0.000,0.0,701453.0
2026-09-01T03:23:02,0.2,5101,1547350,1531008,0.3,0.00,1.09,0.00,4.37,0.00,0.00,0.00,4.0,95830.0,95347.0,0.0,0.0,0.5,0.0,64.233,0.000,0.0,701453.0
2026-09-01T03:23:03,0.2,5102,1547350,1531007,0.3,0.00,1.38,0.00,5.52,0.00,0.00,0.00,4.0,95830.0,95347.0,0.0,0.0,0.5,0.0,64.231,0.000,0.0,694716.5
2026-09-01T03:23:04,0.2,5102,1547350,1531007,0.3,0.00,0.72,0.00,2.87,0.00,0.00,0.00,4.0,95830.0,95347.0,0.0,0.0,0.5,0.0,64.244,0.000,0.0,668204.5
2026-09-01T03:23:06,0.2,5102,1547350,1531007,0.3,0.00,1.24,0.00,13.36,0.00,0.00,0.00,4.0,95830.0,95347.0,0.0,0.0,0.5,0.0,64.186,0.000,0.0,667567.0
2026-09-01T03:23:07,0.2,5101,1547350,1531007,0.3,0.00,1.18,0.00,4.72,0.00,0.00,0.00,4.0,95830.0,95347.0,0.0,0.0,0.5,0.0,64.219,0.000,0.0,671280.0
2026-09-01T03:23:09,0.2,5101,1547350,1531008,0.3,0.00,0.75,0.00,2.98,0.00,0.00,0.00,4.0,95830.0,95347.0,0.0,0.0,0.5,0.0,64.242,0.000,0.0,662414.5
2026-09-01T03:23:10,0.2,5101,1547350,1531008,0.3,0.00,0.65,0.00,2.60,0.00,0.00,0.00,4.0,95830.0,95347.0,0.0,0.0,0.5,0.0,64.243,0.000,0.0,659065.0
2026-09-01T03:23:12,0.2,5101,1547350,1531008,0.3,0.00,0.60,0.00,2.40,0.00,0.00,0.00,4.0,95830.0,95347.0,0.0,0.0,0.5,0.0,64.257,0.000,0.0,667151.0
2026-09-01T03:23:14,0.2,5101,1547350,1531008,0.3,0.00,0.64,0.00,2.57,0.00,1.00,0.00,4.0,95830.0,95347.0,0.0,0.0,0.5,0.0,64.250,0.000,0.0,658211.0
2026-09-01T03:23:15,0.2,5100,1547350,1531009,0.3,0.00,0.60,0.00,2.40,0.00,0.00,0.00,4.0,95830.0,95347.0,0.0,0.0,0.5,0.0,64.212,0.000,0.0,667107.5
2026-09-01T03:23:17,0.2,5101,1547350,1531008,0.3,0.00,0.61,0.00,2.46,0.00,0.00,0.06,4.0,95830.0,95347.0,0.0,0.0,0.5,0.0,64.239,0.000,0.0,693598.5
2026-09-01T03:23:18,0.2,5100,1547350,1531009,0.3,0.00,0.80,0.00,3.20,0.00,0.00,0.00,4.0,95830.0,95347.0,0.0,0.0,0.5,0.0,64.243,0.000,0.0,658529.5
2026-09-01T03:23:20,0.2,5100,1547350,1531009,0.3,0.00,0.56,0.00,2.26,0.00,0.00,0.00,4.0,95830.0,95347.0,0.0,0.0,0.5,0.0,64.192,0.000,0.0,675750.0
2026-09-01T03:23:21,0.2,5199,1547350,1530910,0.3,0.00,0.96,0.00,3.85,0.00,0.00,0.00,4.0,95830.0,95347.0,0.0,0.0,0.5,0.0,64.237,0.000,0.0,675750.0
2026-09-01T03:23:22,0.2,5200,1547350,1530909,0.3,0.00,1.02,0.00,4.10,0.00,0.00,0.00,4.0,95830.0,95347.0,0.0,0.0,0.5,0.0,64.261,0.000,0.0,683320.0
2026-09-01T03:23:23,0.2,5200,1547350,1530909,0.3,0.00,0.64,0.00,2.55,0.00,0.00,0.00,4.0,95830.0,95347.0,0.0,0.0,0.5,0.0,64.237,0.000,0.0,683320.0
2026-09-01T03:23:24,0.2,5201,1547350,1530908,0.3,0.00,1.19,0.00,4.75,0.00,0.00,0.00,4.0,95830.0,95347.0,0.0,0.0,0.5,0.0,64.238,0.000,0.0,995567.0
2026-09-01T03:23:26,0.6,5174,1547350,1530927,0.3,0.00,0.62,0.00,2.48,0.00,0.00,0.00,528.0,95830.0,94824.0,1.0,0.0,0.5,0.5,73.587,0.000,0.0,995567.0
2026-09-01T03:23:26,0.6,5187,1547350,1530657,0.3,0.00,3.07,0.00,12.27,0.00,0.00,0.00,2200.0,95830.0,93152.0,0.0,0.0,0.5,0.0,79.044,0.001,0.0,3676303.5
2026-09-01T03:23:31,0.2,5190,1547350,1530655,0.3,0.00,1.28,0.00,5.95,0.00,0.00,0.00,2200.0,95830.0,93152.0,0.0,0.0,0.5,0.0,79.069,0.000,0.0,645485.0
2026-09-01T03:23:32,0.2,5191,1547350,1530654,0.3,0.00,0.69,0.00,2.76,0.00,0.00,0.00,2200.0,95830.0,93152.0,0.0,0.0,0.5,0.0,79.090,0.000,0.0,663077.0
2026-09-01T03:23:34,0.2,5191,1547350,1530654,0.3,0.00,0.59,0.00,2.34,0.00,1.00,0.00,2200.0,95830.0,93152.0,0.0,0.0,0.5,0.0,79.059,0.000,0.0,679441.5
2026-09-01T03:23:35,0.2,5191,1547350,1530653,0.3,0.00,0.93,0.00,3.71,0.00,0.00,0.00,2200.0,95830.0,93152.0,0.0,0.0,0.5,0.0,79.091,0.000,0.0,679441.5
2026-09-01T03:23:36,0.2,5191,1547350,1530654,0.3,0.00,3.78,0.00,39.70,0.00,0.00,0.00,2200.0,95830.0,93152.0,0.0,0.0,0.5,0.0,79.158,0.000,0.0,701369.5
2026-09-01T03:23:37,0.2,5191,1547350,1530654,0.3,0.00,1.64,0.00,9.87,0.00,0.00,0.00,2200.0,95830.0,93152.0,0.0,0.0,0.5,0.0,79.105,0.000,0.0,701369.5
2026-09-01T03:23:38,0.2,5191,1547350,1530654,0.3,0.00,1.36,0.00,5.46,0.00,0.00,0.00,2200.0,95830.0,93152.0,0.0,0.0,0.5,0.0,79.096,0.000,0.0,713358.0
2026-09-01T03:23:39,0.2,5192,1547350,1530653,0.3,0.00,0.60,0.00,2.39,0.00,0.00,0.00,2200.0,95830.0,93152.0,0.0,0.0,0.5,0.0,79.070,0.000,0.0,713358.0
2026-09-01T03:23:40,0.3,5194,1547350,1530651,0.3,0.00,3.02,0.00,12.08,0.00,0.00,0.00,2200.0,95830.0,93152.0,0.0,0.0,0.5,0.0,79.171,0.000,0.0,718726.5
2026-09-01T03:23:40,0.2,5205,1547350,1530640,0.3,0.00,1.28,0.00,5.13,0.00,0.00,0.00,2200.0,95830.0,93152.0,0.0,0.0,0.5,0.0,79.238,0.000,0.0,718726.5
2026-09-01T03:23:41,0.3,5212,1547350,1530630,0.3,0.00,1.42,0.00,5.67,0.00,0.00,0.00,2418.0,95830.0,92934.0,0.0,0.0,0.5,0.0,79.343,0.000,0.0,2433142.0
2026-09-01T03:23:43,0.2,5214,1547350,1530629,0.3,0.00,1.19,0.00,4.75,0.00,0.00,0.00,2418.0,95830.0,92934.0,0.0,0.0,0.5,0.0,79.349,0.000,0.0,2433142.0
2026-09-01T03:23:43,0.2,5213,1547350,1530630,0.3,0.00,1.58,0.00,6.32,0.00,0.00,0.00,2418.0,95830.0,92934.0,0.0,0.0,0.5,0.0,79.328,0.000,0.0,688231.5
2026-09-01T03:23:45,0.2,5213,1547350,1530630,0.3,0.00,0.75,0.00,3.00,0.00,0.00,0.00,2418.0,95830.0,92934.0,0.0,0.0,0.5,0.0,79.293,0.000,0.0,688231.5
2026-09-01T03:23:45,0.2,5214,1547350,1530629,0.3,0.00,3.00,0.00,12.01,0.00,0.00,0.00,2418.0,95830.0,92934.0,0.0,0.0,0.5,0.0,79.282,0.000,0.0,732325.5
2026-09-01T03:23:48,0.2,5210,1547350,1530633,0.3,0.00,0.32,0.00,1.30,0.00,0.00,0.00,2418.0,95830.0,92934.0,0.0,0.0,0.5,0.0,79.317,0.000,0.0,638554.5
2026-09-01T03:23:49,0.2,5210,1547350,1530632,0.3,0.00,1.81,0.00,7.22,0.00,0.00,0.00,2418.0,95830.0,92934.0,0.0,0.0,0.5,0.0,79.352,0.000,0.0,638554.5
2026-09-01T03:23:49,0.3,5212,1547350,1530631,0.3,0.00,1.59,0.00,6.36,0.00,0.00,0.00,2418.0,95830.0,92934.0,0.0,0.0,0.5,0.0,79.321,0.000,0.0,638554.5
2026-09-01T03:23:50,0.2,5212,1547350,1530631,0.3,0.00,1.83,0.00,7.34,0.00,0.00,0.18,2418.0,95830.0,92934.0,0.0,0.0,0.5,0.0,79.263,0.000,0.0,735891.5
2026-09-01T03:23:51,0.2,5212,1547350,1530631,0.3,0.00,1.32,0.00,5.28,0.00,1.00,0.00,2418.0,95830.0,92934.0,0.0,0.0,0.5,0.0,79.325,0.000,0.0,687584.0
2026-09-01T03:23:52,0.2,5212,1547350,1530631,0.3,0.00,0.87,0.00,3.50,0.00,0.00,0.00,2418.0,95830.0,92934.0,0.0,0.0,0.5,0.0,79.329,0.000,0.0,687584.0
2026-09-01T03:23:52,0.3,5213,1547350,1530630,0.3,0.00,3.04,0.00,12.16,0.00,0.00,0.00,2418.0,95830.0,92934.0,0.0,0.0,0.5,0.0,79.355,0.000,0.0,781623.0
2026-09-01T03:23:53,0.2,5213,1547350,1530630,0.3,0.00,1.60,0.00,6.40,0.00,0.00,0.00,2418.0,95830.0,92934.0,0.0,0.0,0.5,0.0,79.401,0.000,0.0,781623.0
2026-09-01T03:23:54,0.2,5213,1547350,1530629,0.3,0.00,0.96,0.00,3.82,0.00,0.00,0.00,2418.0,95830.0,92934.0,0.0,0.0,0.5,0.0,79.392,0.000,0.0,708144.0
2026-09-01T03:23:55,0.2,5212,1547350,1530630,0.3,0.00,0.98,0.00,3.93,0.00,0.00,0.00,2418.0,95830.0,92934.0,0.0,0.0,0.5,0.0,79.402,0.000,0.0,708144.0
2026-09-01T03:23:55,0.2,5227,1547350,1530616,0.3,0.00,2.61,0.00,10.44,0.00,0.00,0.00,2506.0,95830.0,92846.0,0.0,0.0,0.5,0.0,79.563,0.000,0.0,1614535.5
2026-09-01T03:24:00,0.2,5228,1547350,1530615,0.3,0.00,0.19,0.00,0.77,0.00,0.00,0.00,2506.0,95830.0,92846.0,0.0,0.0,0.5,0.0,79.541,0.000,0.0,1614535.5
2026-09-01T03:24:01,0.4,5233,1547350,1530609,0.3,0.00,1.02,0.00,4.09,0.00,0.00,0.00,2506.0,95830.0,92846.0,0.0,0.0,0.5,0.0,79.589,0.000,0.0,674888.0
2026-09-01T03:24:03,0.3,5424,1547350,1530409,0.4,0.00,1.46,0.00,5.84,0.00,0.00,0.00,2506.0,95830.0,92846.0,0.0,0.0,0.5,2.0,80.379,0.000,0.0,674888.0
2026-09-01T03:24:03,0.5,5678,1547350,1530154,0.4,0.00,1.38,0.00,5.50,0.00,0.00,0.00,2506.0,95830.0,92846.0,0.0,0.0,0.5,0.0,80.429,0.004,0.0,997718.0
2026-09-01T03:24:04,0.3,5681,1547350,1530151,0.4,0.00,2.31,0.00,9.26,0.00,0.00,0.00,2608.0,95830.0,92744.0,0.0,0.0,0.5,0.0,79.636,0.004,0.0,997718.0
2026-09-01T03:24:05,0.5,5691,1547350,1530142,0.4,0.00,1.02,0.00,4.08,0.00,0.00,0.00,2624.0,95830.0,92727.0,0.0,0.0,0.5,2.0,79.888,0.002,0.0,5632357.0
2026-09-01T03:24:05,1.2,5702,1547350,1530130,0.4,0.00,3.44,0.00,13.75,0.00,0.00,0.00,2624.0,95830.0,92727.0,0.0,0.0,0.5,1.5,80.349,0.002,0.0,5632357.0
2026-09-01T03:24:05,0.7,5751,1547350,1530082,0.4,0.00,3.62,0.00,14.49,0.00,0.00,0.00,2624.0,95830.0,92727.0,0.0,0.0,0.5,0.5,80.986,0.002,0.0,5667385.0
2026-09-01T03:24:06,1.2,5982,1547350,1529842,0.4,0.00,1.72,0.00,6.87,0.00,0.00,0.00,2608.0,95830.0,92744.0,0.0,0.0,0.5,0.5,80.632,0.002,0.0,10986858.0
2026-09-01T03:24:06,0.7,5974,1547350,1529778,0.4,0.00,3.56,0.00,14.23,0.00,0.00,0.00,2608.0,95830.0,92744.0,0.0,0.5,0.5,0.5,80.555,0.002,0.0,10986858.0
2026-09-01T03:24:07,0.3,5976,1547350,1529776,0.4,0.00,6.26,0.00,60.54,0.00,0.33,0.00,10261.0,95830.0,85090.0,1.0,0.0,0.5,0.0,79.643,0.001,0.0,51033361.0
2026-09-01T03:24:08,0.2,6109,1547350,1529642,0.4,0.00,1.25,0.00,5.01,0.00,0.00,0.00,10415.0,95830.0,84936.0,0.0,0.0,0.5,0.0,85.061,0.000,0.0,661436.5
2026-09-01T03:24:10,0.3,6201,1547350,1529549,0.4,0.00,0.60,0.00,2.38,0.00,0.00,0.00,10451.0,95830.0,84900.0,0.0,0.0,0.5,0.0,90.781,0.000,0.0,661436.5
2026-09-01T03:24:11,0.2,6218,1547350,1529532,0.4,0.00,1.45,0.00,5.78,0.00,0.00,0.14,10453.0,95830.0,84898.0,0.0,0.0,0.5,0.0,82.770,0.025,0.0,1791248.0
2026-09-01T03:24:12,0.9,6229,1547350,1529522,0.4,0.00,1.35,0.00,5.41,0.00,0.00,0.00,10465.0,95830.0,84886.0,68.0,7.0,0.5,39.5,113.166,0.025,0.0,1791248.0
2026-09-01T03:24:12,1.3,6228,1547350,1529522,0.4,0.00,2.72,0.00,10.90,0.00,0.00,0.00,10465.0,95830.0,84886.0,68.0,7.0,0.5,39.5,134.929,0.025,0.0,1791248.0
2026-09-01T03:24:12,0.6,6229,1547350,1529522,0.4,0.00,2.60,0.00,10.39,0.00,0.00,0.00,10465.0,95830.0,84886.0,68.0,0.0,0.5,0.0,132.227,0.254,0.2,39749779.5
2026-09-01T03:24:13,0.9,6231,1547350,1529519,0.4,0.00,3.61,0.00,14.44,0.00,0.00,0.36,10509.0,95830.0,84842.0,41.0,0.0,0.5,0.0,99.982,0.254,0.2,39749779.5
2026-09-01T03:24:13,0.4,6232,1547350,1529519,0.4,0.00,1.33,0.00,5.33,0.00,0.00,0.00,10509.0,95830.0,84842.0,41.0,0.0,0.5,0.0,95.202,0.099,0.1,10254713.5
2026-09-01T03:24:14,0.9,6237,1547350,1529513,0.4,0.00,3.38,0.00,13.51,0.00,0.00,0.00,10577.0,95830.0,84774.0,21.0,6.0,0.5,30.5,100.090,0.099,0.1,10254713.5
2026-09-01T03:24:14,1.3,6241,1547350,1529510,0.4,0.00,2.45,0.00,9.80,0.00,0.00,0.00,10577.0,95830.0,84774.0,21.0,9.0,0.5,43.0,125.675,0.099,0.1,10254713.5
2026-09-01T03:24:14,1.0,6243,1547350,1529507,0.4,0.00,3.52,0.00,14.08,0.00,0.00,0.00,10577.0,95830.0,84774.0,21.0,1.0,0.5,7.0,129.230,0.256,0.2,31754538.0
2026-09-01T03:24:15,1.0,6255,1547350,1529495,0.4,0.00,1.89,0.00,7.56,0.00,0.00,0.00,10577.0,95830.0,84774.0,14.0,3.5,0.5,20.5,129.748,0.256,0.2,31754538.0
2026-09-01T03:24:15,1.0,6298,1547350,1529452,0.4,0.00,2.97,0.00,11.87,0.00,0.00,0.00,10577.0,95830.0,84774.0,14.0,3.0,0.5,15.0,120.985,0.256,0.2,31754538.0
2026-09-01T03:24:16,1.3,6302,1547350,1529448,0.4,0.00,2.71,0.00,10.84,0.00,0.00,0.00,10579.0,95830.0,84772.0,49.0,7.0,0.5,39.5,132.241,0.260,0.2,27584341.0
2026-09-01T03:24:16,0.5,6304,1547350,1529447,0.4,0.00,1.88,0.00,7.53,0.00,0.00,0.00,10579.0,95830.0,84772.0,49.0,0.0,0.5,0.0,116.834,0.260,0.2,27584341.0
2026-09-01T03:24:16,0.8,6306,1547350,1529444,0.4,0.00,3.53,0.00,14.13,0.00,0.00,0.00,10579.0,95830.0,84772.0,42.0,0.0,0.5,0.0,103.194,0.098,0.1,9958352.5
2026-09-01T03:24:17,1.4,6308,1547350,1529443,0.4,0.00,1.76,0.00,7.05,0.00,0.00,0.00,10579.0,95830.0,84772.0,42.0,6.5,0.5,27.0,129.108,0.098,0.1,9958352.5
2026-09-01T03:24:17,1.3,6308,1547350,1529442,0.4,0.00,3.39,0.00,13.56,0.00,0.00,0.00,10579.0,95830.0,84772.0,42.0,7.0,0.5,38.0,133.359,0.098,0.1,9958352.5
2026-09-01T03:24:17,0.9,6309,1547350,1529441,0.4,0.00,3.56,0.00,14.23,0.00,1.00,0.00,10579.0,95830.0,84772.0,80.0,0.5,0.5,3.5,139.476,0.289,0.2,40736262.5
2026-09-01T03:24:18,1.0,6312,1547350,1529438,0.4,0.00,2.23,0.00,8.93,0.00,0.00,0.00,10579.0,95830.0,84772.0,80.0,4.5,0.5,24.5,125.979,0.289,0.2,40736262.5
2026-09-01T03:24:18,1.3,6315,1547350,1529435,0.4,0.00,2.28,0.00,9.13,0.00,0.00,0.00,10579.0,95830.0,84772.0,80.0,4.0,0.5,15.5,128.619,0.289,0.2,40736262.5
2026-09-01T03:24:19,1.3,6316,1547350,1529434,0.4,0.00,2.23,0.00,8.91,0.00,0.00,0.00,10579.0,95830.0,84772.0,80.0,7.0,0.5,40.0,146.136,0.330,0.2,43212926.5
2026-09-01T03:24:19,0.9,6318,1547350,1529433,0.4,0.00,3.57,0.00,14.29,0.00,0.00,0.00,10579.0,95830.0,84772.0,80.0,7.0,0.5,38.5,142.869,0.330,0.2,43212926.5
2026-09-01T03:24:19,1.4,6319,1547350,1529432,0.4,0.00,2.79,0.00,11.17,0.00,0.00,0.00,10579.0,95830.0,84772.0,80.0,8.5,0.5,38.0,145.656,0.330,0.2,43212926.5
2026-09-01T03:24:20,1.4,6322,1547350,1529428,0.4,0.00,2.79,0.00,11.14,0.00,0.00,0.00,10579.0,95830.0,84772.0,76.0,7.0,0.5,39.5,144.256,0.330,0.2,43212926.5
2026-09-01T03:24:20,0.6,6323,1547350,1529428,0.4,0.00,2.38,0.00,9.52,0.00,0.00,0.00,10579.0,95830.0,84772.0,76.0,0.0,0.5,0.0,130.974,0.257,0.2,36812479.0
2026-09-01T03:24:21,1.3,6326,1547350,1529425,0.4,0.00,3.47,0.00,13.89,0.00,0.00,0.35,10579.0,95830.0,84772.0,49.0,7.0,0.5,37.5,132.367,0.257,0.2,36812479.0
2026-09-01T03:24:21,1.3,6328,1547350,1529422,0.4,0.00,2.29,0.00,9.17,0.00,0.00,0.00,10579.0,95830.0,84772.0,49.0,7.0,0.5,38.0,140.221,0.257,0.2,36812479.0
2026-09-01T03:24:21,1.4,6330,1547350,1529421,0.4,0.00,3.47,0.00,13.89,0.00,0.00,0.00,10579.0,95830.0,84772.0,49.0,7.0,0.5,38.5,158.749,0.351,0.2,56360198.5
2026-09-01T03:24:22,0.7,6330,1547350,1529420,0.4,0.00,3.50,0.00,13.99,0.00,0.00,0.00,10579.0,95830.0,84772.0,65.0,0.0,0.5,0.0,131.127,0.351,0.2,56360198.5
2026-09-01T03:24:22,0.9,6331,1547350,1529419,0.4,0.00,2.32,0.00,9.28,0.00,0.00,0.00,10579.0,95830.0,84772.0,65.0,4.0,0.5,23.5,119.410,0.351,0.2,56360198.5
2026-09-01T03:24:22,1.4,6332,1547350,1529418,0.4,0.00,2.54,0.00,10.15,0.00,0.00,0.00,10579.0,95830.0,84772.0,65.0,4.5,0.5,18.0,128.300,0.205,0.1,23403232.5
2026-09-01T03:24:23,1.3,6331,1547350,1529419,0.4,0.00,3.66,0.00,14.65,0.00,0.00,0.37,10579.0,95830.0,84772.0,80.0,7.0,0.5,39.5,147.591,0.205,0.1,23403232.5
2026-09-01T03:24:23,1.3,6332,1547350,1529419,0.4,0.00,3.01,0.00,12.05,0.00,0.00,0.00,10579.0,95830.0,84772.0,80.0,7.0,0.5,38.5,151.879,0.205,0.1,23403232.5
2026-09-01T03:24:23,0.4,6331,1547350,1529419,0.4,0.00,2.49,0.00,9.98,0.00,0.00,0.00,10579.0,95830.0,84772.0,80.0,0.0,0.5,2.0,127.226,0.237,0.1,37150958.0
2026-09-01T03:24:24,1.0,6332,1547350,1529419,0.4,0.00,3.55,0.00,14.18,0.00,0.00,0.00,10579.0,95830.0,84772.0,0.0,2.0,0.5,13.5,115.079,0.237,0.1,37150958.0
2026-09-01T03:24:24,1.4,6333,1547350,1529417,0.4,0.00,2.15,0.00,8.60,0.00,0.00,0.00,10579.0,95830.0,84772.0,0.0,7.0,0.5,38.5,129.600,0.237,0.1,37150958.0
2026-09-01T03:24:24,1.4,6335,1547350,1529416,0.4,0.00,3.45,0.00,13.79,0.00,1.00,0.00,10579.0,95830.0,84772.0,0.0,7.0,0.5,39.0,149.558,0.316,0.2,40168260.5
2026-09-01T03:24:25,1.3,6336,1547350,1529415,0.4,0.00,3.50,0.00,13.99,0.00,0.00,0.00,10579.0,95830.0,84772.0,76.0,7.0,0.5,38.5,151.649,0.316,0.2,40168260.5
2026-09-01T03:24:25,1.4,6336,1547350,1529415,0.4,0.00,3.27,0.00,13.07,0.00,0.00,0.00,10579.0,95830.0,84772.0,76.0,7.0,0.5,38.0,155.546,0.316,0.2,40168260.5
2026-09-01T03:24:25,0.4,6336,1547350,1529415,0.4,0.00,2.64,0.00,10.55,0.00,0.00,0.00,10579.0,95830.0,84772.0,76.0,0.0,0.5,0.0,128.852,0.316,0.2,40168260.5
2026-09-01T03:24:26,1.3,6338,1547350,1529412,0.4,0.00,3.09,0.00,12.35,0.00,0.00,0.00,10581.0,95830.0,84770.0,75.0,7.0,0.5,40.0,131.423,0.271,0.2,38056232.0
2026-09-01T03:24:26,1.3,6338,1547350,1529412,0.4,0.00,3.47,0.00,13.89,0.00,0.00,0.00,10581.0,95830.0,84770.0,75.0,7.5,0.5,40.5,135.831,0.271,0.2,38056232.0
2026-09-01T03:24:26,0.9,6338,1547350,1529412,0.4,0.00,3.53,0.00,14.13,0.00,0.00,0.00,10581.0,95830.0,84770.0,75.0,1.5,0.5,6.5,143.500,0.271,0.2,38056232.0
2026-09-01T03:24:27,1.3,6340,1547350,1529410,0.4,0.00,2.94,0.00,11.76,0.00,0.00,0.00,10581.0,95830.0,84770.0,81.0,5.0,0.5,29.0,144.401,0.271,0.2,38056232.0
2026-09-01T03:24:27,0.5,6341,1547350,1529410,0.4,0.00,2.05,0.00,8.21,0.00,0.00,0.00,10581.0,95830.0,84770.0,81.0,3.5,0.5,15.0,119.126,0.229,0.1,32389434.0
2026-09-01T03:24:27,1.5,6342,1547350,1529409,0.4,0.00,3.38,0.00,13.51,0.00,0.00,0.00,10581.0,95830.0,84770.0,81.0,7.5,0.5,39.5,127.778,0.229,0.1,32389434.0
2026-09-01T03:24:28,0.3,6341,1547350,1529409,0.4,0.00,2.09,0.00,8.37,0.00,0.00,0.00,10581.0,95830.0,84770.0,7.0,0.0,0.5,0.0,113.620,0.229,0.1,32352700.5
2026-09-01T03:24:28,1.5,6345,1547350,1529405,0.4,0.00,3.44,0.00,13.75,0.00,0.00,0.00,10581.0,95830.0,84770.0,7.0,0.0,0.5,1.5,108.133,0.171,0.1,19296758.0
2026-09-01T03:24:29,1.1,6345,1547350,1529406,0.4,0.00,2.16,0.00,8.64,0.00,0.00,0.00,10581.0,95830.0,84770.0,84.0,4.0,0.5,24.0,133.275,0.171,0.1,19306751.5
2026-09-01T03:24:29,0.9,6347,1547350,1529404,0.4,0.00,1.85,0.00,7.39,0.00,0.00,0.00,10581.0,95830.0,84770.0,84.0,7.5,0.5,40.0,133.754,0.171,0.1,19306751.5
2026-09-01T03:24:29,1.3,6350,1547350,1529400,0.4,0.00,3.48,0.00,13.94,0.00,0.00,0.00,10581.0,95830.0,84770.0,84.0,7.0,0.5,40.0,145.874,0.327,0.2,42549825.5
2026-09-01T03:24:30,1.3,6350,1547350,1529400,0.4,0.00,2.45,0.00,9.80,0.00,0.00,0.00,10581.0,95830.0,84770.0,80.0,7.5,0.5,41.0,159.669,0.327,0.2,42549825.5
2026-09-01T03:24:30,1.3,6350,1547350,1529400,0.4,0.00,3.52,0.00,14.08,0.00,0.00,0.00,10581.0,95830.0,84770.0,80.0,7.5,0.5,40.5,160.866,0.327,0.2,42687467.0
2026-09-01T03:24:30,1.4,6351,1547350,1529399,0.4,0.00,3.53,0.00,14.13,0.00,0.00,0.00,10581.0,95830.0,84770.0,80.0,7.5,0.5,40.5,161.389,0.327,0.2,42687467.0
2026-09-01T03:24:31,1.1,6350,1547350,1529400,0.4,0.00,1.67,0.00,6.67,0.00,0.00,0.00,10581.0,95830.0,84770.0,81.0,6.5,0.5,25.5,146.595,0.349,0.2,51258377.5
2026-09-01T03:24:31,0.6,6352,1547350,1529398,0.4,0.00,2.23,0.00,8.93,0.00,0.00,0.00,10581.0,95830.0,84770.0,81.0,0.0,0.5,0.0,115.396,0.349,0.2,51116504.5
2026-09-01T03:24:32,1.4,6354,1547350,1529397,0.4,0.00,2.34,0.00,9.37,0.00,1.00,0.00,10581.0,95830.0,84770.0,0.0,7.5,0.5,41.0,131.305,0.349,0.2,51116504.5
2026-09-01T03:24:32,0.9,6353,1547350,1529397,0.4,0.00,3.42,0.00,13.70,0.00,0.00,0.00,10581.0,95830.0,84770.0,0.0,0.5,0.5,4.5,124.225,0.215,0.1,29612883.5
2026-09-01T03:24:32,1.4,6354,1547350,1529396,0.4,0.00,3.70,0.00,14.81,0.00,0.00,0.00,10581.0,95830.0,84770.0,72.0,0.5,0.5,2.5,125.003,0.215,0.1,29616472.0
2026-09-01T03:24:33,0.8,6353,1547350,1529397,0.4,0.00,1.82,0.00,7.27,0.00,0.00,0.00,10581.0,95830.0,84770.0,72.0,9.5,0.5,43.5,135.034,0.215,0.1,29616472.0
2026-09-01T03:24:33,1.0,6354,1547350,1529396,0.4,0.00,3.60,0.00,14.39,0.00,0.00,0.00,10581.0,95830.0,84770.0,72.0,3.0,0.5,18.0,129.925,0.238,0.2,29182550.5
2026-09-01T03:24:34,1.3,6355,1547350,1529396,0.4,0.00,13.57,0.00,54.30,0.00,0.00,0.00,10581.0,95830.0,84770.0,36.0,7.0,0.5,39.0,149.173,0.238,0.2,29212225.0
2026-09-01T03:24:34,1.5,6355,1547350,1529396,0.4,0.00,3.61,0.00,14.44,0.00,0.00,0.00,10581.0,95830.0,84770.0,36.0,7.0,0.5,39.5,146.644,0.238,0.2,29212225.0
2026-09-01T03:24:34,0.4,6355,1547350,1529395,0.4,0.00,2.82,0.00,11.30,0.00,0.00,0.00,10581.0,95830.0,84770.0,36.0,0.0,0.5,0.0,128.718,0.238,0.2,29212225.0
2026-09-01T03:24:35,1.3,6355,1547350,1529395,0.4,0.00,3.61,0.00,14.44,0.00,0.00,0.00,10581.0,95830.0,84770.0,0.0,8.5,0.5,39.0,133.530,0.282,0.2,39188523.0
2026-09-01T03:24:35,1.3,6356,1547350,1529394,0.4,0.00,2.53,0.00,10.13,0.00,0.00,0.00,10581.0,95830.0,84770.0,0.0,7.0,0.5,38.0,140.210,0.282,0.2,39200529.5
2026-09-01T03:24:35,1.3,6357,1547350,1529393,0.4,0.00,3.46,0.00,13.84,0.00,0.00,0.00,10581.0,95830.0,84770.0,0.0,7.0,0.5,40.0,161.833,0.282,0.2,39200529.5
2026-09-01T03:24:36,1.0,6357,1547350,1529394,0.4,0.00,3.34,0.00,13.38,0.00,0.00,0.00,10581.0,95830.0,84770.0,77.0,2.0,0.5,12.5,145.603,0.316,0.2,48678487.0
2026-09-01T03:24:36,1.0,6357,1547350,1529393,0.4,0.00,2.06,0.00,8.25,0.00,0.00,0.21,10581.0,95830.0,84770.0,77.0,2.0,0.5,12.5,133.447,0.316,0.2,48650826.5
2026-09-01T03:24:36,1.4,6358,1547350,1529393,0.4,0.00,2.56,0.00,10.26,0.00,0.00,0.00,10581.0,95830.0,84770.0,77.0,8.0,0.5,30.5,136.234,0.316,0.2,48650826.5
2026-09-01T03:24:37,1.4,6356,1547350,1529394,0.4,0.00,9.26,0.00,87.96,0.00,0.25,0.00,10581.0,95830.0,84770.0,61.0,7.0,0.5,39.5,149.585,0.333,0.2,43187978.5
2026-09-01T03:24:37,1.3,6357,1547350,1529394,0.4,0.00,3.42,0.00,13.70,0.00,0.00,0.00,10581.0,95830.0,84770.0,61.0,7.5,0.5,40.5,163.591,0.333,0.2,43187978.5
2026-09-01T03:24:38,1.3,6356,1547350,1529394,0.4,0.00,2.35,0.00,9.41,0.00,0.00,0.00,10581.0,95830.0,84770.0,79.0,7.5,0.5,40.5,161.423,0.333,0.2,43219959.5
2026-09-01T03:24:38,0.9,6356,1547350,1529394,0.4,0.00,2.59,0.00,10.36,0.00,0.00,0.00,10581.0,95830.0,84770.0,79.0,3.0,0.5,18.5,146.683,0.325,0.2,51175373.0
2026-09-01T03:24:38,1.3,6357,1547350,1529393,0.4,0.00,3.31,0.00,13.25,0.00,0.00,0.00,10581.0,95830.0,84770.0,79.0,5.5,0.5,22.0,147.715,0.325,0.2,51175373.0
2026-09-01T03:24:39,1.3,6358,1547350,1529392,0.4,0.00,6.94,0.00,41.67,0.00,0.00,0.00,10581.0,95830.0,84770.0,78.0,7.0,0.5,39.5,145.525,0.325,0.2,51155966.0
2026-09-01T03:24:39,1.0,6358,1547350,1529393,0.4,0.00,2.35,0.00,9.41,0.00,0.00,0.00,10581.0,95830.0,84770.0,78.0,0.5,0.5,3.0,145.606,0.331,0.2,44594148.5
2026-09-01T03:24:40,1.1,6357,1547350,1529393,0.4,0.00,1.65,0.00,6.61,0.00,0.00,0.00,10581.0,95830.0,84770.0,76.0,6.0,0.5,34.5,131.223,0.331,0.2,44594148.5
2026-09-01T03:24:40,1.4,6360,1547350,1529391,0.4,0.00,3.03,0.00,12.12,0.00,0.00,0.00,10581.0,95830.0,84770.0,76.0,9.5,0.5,43.5,138.224,0.331,0.2,44569266.5
2026-09-01T03:24:40,1.5,6360,1547350,1529390,0.4,0.00,3.46,0.00,13.84,0.00,0.00,0.35,10581.0,95830.0,84770.0,76.0,2.5,0.5,14.5,130.951,0.246,0.2,34276332.5
2026-09-01T03:24:41,0.9,6361,1547350,1529390,0.4,0.00,2.27,0.00,9.07,0.00,0.00,0.00,10581.0,95830.0,84770.0,29.0,6.5,0.5,26.5,148.672,0.246,0.2,34276332.5
2026-09-01T03:24:41,1.3,6361,1547350,1529390,0.4,0.00,3.03,0.00,12.12,0.00,0.00,0.00,10581.0,95830.0,84770.0,29.0,7.5,0.5,40.5,148.526,0.246,0.2,34312695.5
2026-09-01T03:24:41,1.4,6361,1547350,1529390,0.4,0.00,3.47,0.00,13.89,0.00,0.00,0.00,10581.0,95830.0,84770.0,29.0,7.5,0.5,40.5,157.795,0.246,0.2,34312695.5
2026-09-01T03:24:42,0.6,6362,1547350,1529388,0.4,0.00,2.21,0.00,8.83,0.00,0.00,0.00,10581.0,95830.0,84770.0,81.0,0.0,0.5,0.0,131.738,0.299,0.2,43293029.0
2026-09-01T03:24:42,1.0,6362,1547350,1529388,0.4,0.00,3.40,0.00,13.61,0.00,0.00,0.00,10581.0,95830.0,84770.0,81.0,1.5,0.5,10.5,119.543,0.299,0.2,43277289.0
2026-09-01T03:24:42,1.3,6364,1547350,1529387,0.4,0.00,2.49,0.00,9.95,0.00,0.00,0.00,10581.0,95830.0,84770.0,81.0,7.5,0.5,33.5,133.696,0.299,0.2,43277289.0
2026-09-01T03:24:43,1.4,6363,1547350,1529387,0.4,0.00,3.53,0.00,14.13,0.00,1.00,0.35,10581.0,95830.0,84770.0,67.0,7.5,0.5,40.5,150.815,0.299,0.2,43277289.0
2026-09-01T03:24:43,0.5,6364,1547350,1529387,0.4,0.00,2.16,0.00,8.62,0.00,0.00,0.00,10581.0,95830.0,84770.0,67.0,0.0,0.5,0.0,135.368,0.240,0.2,30958807.0
2026-09-01T03:24:43,1.0,6364,1547350,1529386,0.4,0.00,3.55,0.00,14.18,0.00,0.00,0.00,10581.0,95830.0,84770.0,58.0,2.0,0.5,13.0,120.084,0.240,0.2,30958807.0
2026-09-01T03:24:44,1.3,6366,1547350,1529385,0.4,0.00,4.31,0.00,17.24,0.00,0.00,0.00,10581.0,95830.0,84770.0,58.0,7.0,0.5,30.0,129.914,0.240,0.2,30958807.0
2026-09-01T03:24:44,1.3,6366,1547350,1529384,0.4,0.00,3.47,0.00,13.89,0.00,0.00,0.00,10581.0,95830.0,84770.0,58.0,7.0,0.5,39.5,151.215,0.330,0.2,41456434.0
2026-09-01T03:24:45,1.4,6366,1547350,1529384,0.4,0.00,3.51,0.00,14.04,0.00,0.00,0.00,10581.0,95830.0,84770.0,58.0,7.0,0.5,40.0,160.246,0.330,0.2,41456434.0
2026-09-01T03:24:45,1.3,6367,1547350,1529384,0.4,0.00,2.35,0.00,9.39,0.00,0.00,0.00,10581.0,95830.0,84770.0,80.0,7.0,0.5,40.0,160.489,0.330,0.2,41456434.0
2026-09-01T03:24:45,1.3,6367,1547350,1529384,0.4,0.00,3.55,0.00,14.18,0.00,0.00,0.00,10581.0,95830.0,84770.0,80.0,7.0,0.5,40.0,160.879,0.330,0.2,41456434.0
2026-09-01T03:24:46,1.3,6367,1547350,1529384,0.4,0.00,3.53,0.00,14.13,0.00,0.00,0.00,10581.0,95830.0,84770.0,80.0,7.0,0.5,40.0,161.299,0.396,0.2,61737604.0
2026-09-01T03:24:46,0.8,6366,1547350,1529385,0.4,0.00,2.08,0.00,8.32,0.00,0.00,0.00,10581.0,95830.0,84770.0,80.0,0.5,0.5,3.0,137.856,0.396,0.2,61737604.0
2026-09-01T03:24:46,1.3,6367,1547350,1529383,0.4,0.00,3.06,0.00,12.23,0.00,0.00,0.00,10581.0,95830.0,84770.0,80.0,5.5,0.5,21.0,140.917,0.396,0.2,61737604.0
2026-09-01T03:24:47,0.9,6367,1547350,1529383,0.4,0.00,3.46,0.00,13.84,0.00,0.00,0.00,10581.0,95830.0,84770.0,79.0,2.5,0.5,15.5,130.569,0.247,0.2,31491677.0
2026-09-01T03:24:47,1.3,6366,1547350,1529384,0.4,0.00,2.19,0.00,8.75,0.00,0.00,0.00,10581.0,95830.0,84770.0,79.0,7.0,0.5,40.0,151.508,0.247,0.2,31491677.0
2026-09-01T03:24:47,0.9,6368,1547350,1529383,0.4,0.00,3.28,0.00,13.11,0.00,0.00,0.00,10581.0,95830.0,84770.0,79.0,7.0,0.5,40.0,132.669,0.247,0.2,31491677.0
2026-09-01T03:24:48,1.3,6367,1547350,1529383,0.4,0.00,3.47,0.00,13.89,0.00,0.00,0.00,10581.0,95830.0,84770.0,14.0,8.0,0.5,33.0,147.401,0.319,0.2,48740046.5
2026-09-01T03:24:48,1.3,6368,1547350,1529382,0.4,0.00,2.48,0.00,9.90,0.00,0.00,0.00,10581.0,95830.0,84770.0,14.0,7.0,0.5,38.0,147.584,0.319,0.2,48740046.5
2026-09-01T03:24:48,1.0,6369,1547350,1529381,0.4,0.00,3.48,0.00,13.94,0.00,0.00,0.00,10581.0,95830.0,84770.0,49.0,4.0,0.5,15.5,149.223,0.308,0.2,42116546.0
2026-09-01T03:24:49,0.8,6370,1547350,1529381,0.4,0.00,1.22,0.00,4.90,0.00,0.00,0.00,10581.0,95830.0,84770.0,49.0,2.0,0.5,12.5,119.287,0.308,0.2,42116546.0
2026-09-01T03:24:49,1.3,6369,1547350,1529381,0.4,0.00,3.50,0.00,13.99,0.00,0.00,0.00,10581.0,95830.0,84770.0,49.0,8.0,0.5,34.5,137.019,0.308,0.2,42116546.0
2026-09-01T03:24:50,0.5,6368,1547350,1529382,0.4,0.00,1.90,0.00,7.59,0.00,0.00,0.00,10581.0,95830.0,84770.0,69.0,7.5,0.5,31.0,129.304,0.148,0.1,15965020.5
2026-09-01T03:24:51,0.8,6369,1547350,1529381,0.4,0.00,1.72,0.00,6.87,0.00,0.00,0.00,10581.0,95830.0,84770.0,0.0,0.0,0.5,0.0,104.819,0.148,0.1,15965020.5
2026-09-01T03:24:51,1.3,6370,1547350,1529380,0.4,0.00,2.40,0.00,9.62,0.00,1.00,0.00,10581.0,95830.0,84770.0,0.0,7.0,0.5,40.5,139.698,0.148,0.1,15965020.5
2026-09-01T03:24:51,1.0,6370,1547350,1529381,0.4,0.00,3.23,0.00,12.90,0.00,0.00,0.00,10581.0,95830.0,84770.0,0.0,3.5,0.5,20.0,146.309,0.231,0.1,32159064.0
2026-09-01T03:24:52,1.1,6370,1547350,1529380,0.4,0.00,2.39,0.00,9.57,0.00,0.00,0.00,10581.0,95830.0,84770.0,46.0,2.0,0.5,9.0,135.281,0.231,0.1,32159064.0
2026-09-01T03:24:52,0.9,6376,1547350,1529375,0.4,0.00,2.16,0.00,8.66,0.00,0.00,0.00,10581.0,95830.0,84770.0,46.0,2.5,0.5,11.0,127.921,0.231,0.1,32159064.0
2026-09-01T03:24:53,1.4,6376,1547350,1529375,0.4,0.00,2.53,0.00,10.10,0.00,0.00,0.00,10581.0,95830.0,84770.0,84.0,8.0,0.5,42.0,136.263,0.268,0.2,28654680.5
2026-09-01T03:24:53,1.3,6375,1547350,1529375,0.4,0.00,2.42,0.00,9.69,0.00,0.00,0.00,10581.0,95830.0,84770.0,84.0,7.0,0.5,39.5,146.827,0.268,0.2,28654680.5
2026-09-01T03:24:53,1.4,6374,1547350,1529376,0.4,0.00,3.53,0.00,14.13,0.00,0.00,0.00,10581.0,95830.0,84770.0,84.0,6.0,0.5,33.5,160.187,0.268,0.2,28654680.5
2026-09-01T03:24:54,0.5,6375,1547350,1529375,0.4,0.00,2.37,0.00,9.48,0.00,0.00,0.00,10581.0,95830.0,84770.0,0.0,0.0,0.5,0.0,119.901,0.234,0.1,36411669.5
2026-09-01T03:24:54,0.9,6375,1547350,1529375,0.4,0.00,2.30,0.00,9.20,0.00,0.00,0.00,10581.0,95830.0,84770.0,0.0,2.5,0.5,16.0,107.115,0.234,0.1,36411669.5
2026-09-01T03:24:55,1.3,6375,1547350,1529375,0.4,0.00,2.63,0.00,10.53,0.00,0.00,0.00,10581.0,95830.0,84770.0,79.0,7.0,0.5,39.5,134.572,0.234,0.1,36411669.5
2026-09-01T03:24:55,1.4,6375,1547350,1529375,0.4,0.00,2.14,0.00,8.57,0.00,0.00,0.00,10581.0,95830.0,84770.0,79.0,7.0,0.5,40.0,150.422,0.331,0.2,42088891.0
2026-09-01T03:24:55,1.4,6376,1547350,1529374,0.4,0.00,4.08,0.00,16.33,0.00,0.00,0.00,10581.0,95830.0,84770.0,79.0,7.5,0.5,40.5,166.050,0.331,0.2,42088891.0
2026-09-01T03:24:55,1.1,6376,1547350,1529375,0.4,0.00,3.86,0.00,15.44,0.00,0.00,0.00,10581.0,95830.0,84770.0,79.0,1.5,0.5,9.5,149.862,0.331,0.2,42088891.0
2026-09-01T03:24:56,1.3,6376,1547350,1529375,0.4,0.00,2.72,0.00,10.90,0.00,0.00,0.00,10581.0,95830.0,84770.0,19.0,8.5,0.5,38.5,150.683,0.331,0.2,42088891.0
2026-09-01T03:24:56,1.0,6376,1547350,1529374,0.4,0.00,3.83,0.00,15.33,0.00,0.00,0.00,10581.0,95830.0,84770.0,19.0,8.0,0.5,35.5,139.648,0.305,0.2,40869290.5
2026-09-01T03:24:57,1.2,6377,1547350,1529374,0.4,0.00,1.64,0.00,6.58,0.00,0.00,0.00,10581.0,95830.0,84770.0,71.0,8.5,0.5,39.5,133.087,0.305,0.2,40869290.5
2026-09-01T03:24:57,1.2,6380,1547350,1529371,0.4,0.00,2.28,0.00,9.13,0.00,0.00,0.00,10581.0,95830.0,84770.0,71.0,7.0,0.5,33.5,142.045,0.305,0.2,40869290.5
2026-09-01T03:24:57,0.5,6380,1547350,1529371,0.4,0.00,3.41,0.00,13.65,0.00,0.00,0.00,10581.0,95830.0,84770.0,71.0,0.0,0.5,0.0,130.208,0.194,0.1,17821417.5
2026-09-01T03:24:58,1.0,6382,1547350,1529368,0.4,0.00,3.92,0.00,15.69,0.00,0.00,0.00,10581.0,95830.0,84770.0,0.0,2.0,0.5,12.5,127.489,0.194,0.1,17821417.5
2026-09-01T03:24:58,1.3,6383,1547350,1529367,0.4,0.00,2.49,0.00,9.95,0.00,0.00,0.00,10581.0,95830.0,84770.0,0.0,6.5,0.5,26.5,127.022,0.194,0.1,17821417.5
2026-09-01T03:24:58,1.0,6383,1547350,1529367,0.4,0.00,4.00,0.00,16.00,0.00,0.00,0.00,10581.0,95830.0,84770.0,0.0,3.0,0.5,18.5,140.556,0.194,0.1,17821417.5
2026-09-01T03:24:59,1.3,6386,1547350,1529364,0.4,0.00,3.02,0.00,12.08,0.00,0.00,0.00,10581.0,95830.0,84770.0,37.0,7.0,0.5,30.5,143.155,0.268,0.2,30858680.0
2026-09-01T03:24:59,1.1,6386,1547350,1529364,0.4,0.00,3.02,0.00,12.08,0.00,1.00,0.00,10581.0,95830.0,84770.0,37.0,2.0,0.5,12.0,139.718,0.268,0.2,30858680.0
2026-09-01T03:24:59,1.3,6387,1547350,1529364,0.4,0.00,4.00,0.00,16.00,0.00,0.00,0.00,10581.0,95830.0,84770.0,37.0,7.5,0.5,34.5,143.392,0.268,0.2,30858680.0
2026-09-01T03:25:00,1.4,6386,1547350,1529364,0.4,0.00,4.07,0.00,16.26,0.00,0.00,0.00,10581.0,95830.0,84770.0,37.0,7.0,0.5,38.5,152.233,0.268,0.2,30858680.0
2026-09-01T03:25:00,1.3,6388,1547350,1529362,0.4,0.00,4.27,0.00,17.09,0.00,0.00,0.00,10583.0,95830.0,84768.0,77.0,7.0,0.5,38.5,148.797,0.330,0.2,47227786.0
2026-09-01T03:25:00,0.9,6389,1547350,1529362,0.4,0.00,3.03,0.00,12.12,0.00,0.00,0.00,10583.0,95830.0,84768.0,77.0,4.5,0.5,27.0,147.317,0.330,0.2,47227786.0
2026-09-01T03:25:00,1.3,6390,1547350,1529360,0.4,0.00,4.05,0.00,16.19,0.00,0.00,0.00,10583.0,95830.0,84768.0,77.0,5.5,0.5,22.5,148.954,0.330,0.2,47227786.0
2026-09-01T03:25:01,0.5,6391,1547350,1529359,0.4,0.00,3.15,0.00,12.62,0.00,0.00,0.00,10583.0,95830.0,84768.0,58.0,0.0,0.5,0.0,129.532,0.330,0.2,47227786.0
2026-09-01T03:25:01,1.3,6392,1547350,1529358,0.4,0.00,2.61,0.00,10.44,0.00,0.00,0.00,10583.0,95830.0,84768.0,58.0,7.5,0.5,40.5,138.110,0.248,0.2,30319619.5
2026-09-01T03:25:01,1.7,6396,1547350,1529354,0.4,0.00,3.89,0.00,15.56,0.00,0.00,0.00,10583.0,95830.0,84768.0,58.0,7.5,0.5,40.5,141.954,0.248,0.2,30319619.5
2026-09-01T03:25:02,1.4,6396,1547350,1529354,0.4,0.00,3.02,0.00,12.08,0.00,0.00,0.00,10583.0,95830.0,84768.0,58.0,7.5,0.5,41.0,164.195,0.248,0.2,30319619.5
2026-09-01T03:25:02,1.4,6395,1547350,1529355,0.4,0.00,4.05,0.00,16.19,0.00,0.00,0.00,10583.0,95830.0,84768.0,81.0,7.5,0.5,41.0,164.700,0.248,0.2,30319619.5
2026-09-01T03:25:02,0.7,6401,1547350,1529350,0.4,0.00,2.33,0.00,9.32,0.00,0.00,0.00,10583.0,95830.0,84768.0,81.0,0.5,0.5,2.5,140.701,0.317,0.2,53826271.5
2026-09-01T03:25:03,1.0,6401,1547350,1529349,0.4,0.00,4.00,0.00,16.00,0.00,0.00,0.00,10583.0,95830.0,84768.0,41.0,7.5,0.5,31.0,131.226,0.317,0.2,53826271.5
2026-09-01T03:25:03,0.8,6402,1547350,1529349,0.4,0.00,1.43,0.00,5.71,0.00,0.00,0.00,10583.0,95830.0,84768.0,41.0,0.0,0.5,0.0,128.187,0.317,0.2,53826271.5
2026-09-01T03:25:03,1.5,6401,1547350,1529349,0.4,0.00,4.00,0.00,16.00,0.00,0.00,0.00,10583.0,95830.0,84768.0,41.0,7.0,0.5,29.5,132.269,0.245,0.2,26397062.5
2026-09-01T03:25:04,0.3,6401,1547350,1529349,0.4,0.00,3.39,0.00,13.56,0.00,0.00,0.00,10583.0,95830.0,84768.0,59.0,0.0,0.5,0.0,111.709,0.245,0.2,26397062.5
2026-09-01T03:25:04,1.3,6401,1547350,1529349,0.4,0.00,2.87,0.00,11.49,0.00,0.00,0.00,10583.0,95830.0,84768.0,59.0,5.5,0.5,21.0,128.539,0.245,0.2,26397062.5
2026-09-01T03:25:04,1.4,6401,1547350,1529349,0.4,0.00,7.84,0.00,31.37,0.00,0.00,0.00,10583.0,95830.0,84768.0,59.0,7.0,0.5,40.0,133.909,0.245,0.2,26397062.5
2026-09-01T03:25:05,1.0,6402,1547350,1529349,0.4,0.00,3.80,0.00,15.21,0.00,0.00,0.00,10583.0,95830.0,84768.0,81.0,3.5,0.5,20.5,132.813,0.210,0.1,28327799.0
2026-09-01T03:25:05,1.1,6402,1547350,1529349,0.4,0.00,3.97,0.00,15.87,0.00,0.00,0.00,10583.0,95830.0,84768.0,81.0,5.5,0.5,24.5,141.103,0.210,0.1,28327799.0
2026-09-01T03:25:05,1.5,6404,1547350,1529347,0.4,0.00,3.47,0.00,13.89,0.00,1.00,0.00,10583.0,95830.0,84768.0,81.0,8.0,0.5,37.0,129.357,0.210,0.1,28327799.0
2026-09-01T03:25:06,1.0,6405,1547350,1529345,0.4,0.00,2.69,0.00,10.75,0.00,0.00,0.00,10583.0,95830.0,84768.0,81.0,3.5,0.5,14.5,135.486,0.210,0.1,28327799.0
2026-09-01T03:25:06,1.5,6405,1547350,1529345,0.4,0.00,3.98,0.00,15.94,0.00,0.00,0.00,10583.0,95830.0,84768.0,29.0,7.0,0.5,39.5,139.603,0.278,0.2,32356906.0
2026-09-01T03:25:06,0.9,6406,1547350,1529344,0.4,0.00,2.31,0.00,9.26,0.00,0.00,0.00,10583.0,95830.0,84768.0,29.0,6.5,0.5,29.0,149.497,0.278,0.2,32356906.0
2026-09-01T03:25:07,0.5,6406,1547350,1529344,0.4,0.00,2.73,0.00,10.93,0.00,0.00,0.27,10583.0,95830.0,84768.0,29.0,0.0,0.5,0.0,125.123,0.278,0.2,32356906.0
2026-09-01T03:25:07,1.1,6405,1547350,1529345,0.4,0.00,32.26,0.00,225.81,0.00,0.00,0.00,10583.0,95830.0,84768.0,27.0,3.0,0.5,17.0,129.664,0.189,0.1,20057394.0
2026-09-01T03:25:07,1.3,6405,1547350,1529345,0.4,0.00,2.48,0.00,9.93,0.00,0.00,0.00,10583.0,95830.0,84768.0,27.0,8.0,0.5,35.5,128.966,0.189,0.1,20057394.0
2026-09-01T03:25:08,1.3,6405,1547350,1529345,0.4,0.00,2.52,0.00,10.08,0.00,0.00,0.25,10583.0,95830.0,84768.0,79.0,7.0,0.5,38.5,154.165,0.189,0.1,20057394.0
2026-09-01T03:25:08,1.3,6404,1547350,1529346,0.4,0.00,3.70,0.00,14.81,0.00,0.00,0.00,10583.0,95830.0,84768.0,79.0,7.0,0.5,40.0,158.710,0.189,0.1,20057394.0
2026-09-01T03:25:08,1.4,6404,1547350,1529346,0.4,0.00,3.76,0.00,15.04,0.00,0.00,0.00,10583.0,95830.0,84768.0,79.0,7.0,0.5,40.0,161.341,0.383,0.2,56050530.5
2026-09-01T03:25:08,1.1,6404,1547350,1529346,0.4,0.00,4.02,0.00,16.06,0.00,0.00,0.00,10583.0,95830.0,84768.0,79.0,5.5,0.5,30.5,151.868,0.383,0.2,56050530.5
2026-09-01T03:25:09,1.3,6404,1547350,1529346,0.4,0.00,3.24,0.00,12.94,0.00,0.00,0.00,10583.0,95830.0,84768.0,61.0,4.5,0.5,18.0,153.270,0.383,0.2,56050530.5
2026-09-01T03:25:09,0.7,6404,1547350,1529347,0.4,0.00,2.24,0.00,8.95,0.00,1.00,0.00,10583.0,95830.0,84768.0,61.0,3.0,0.5,17.5,130.113,0.215,0.1,27906036.0
2026-09-01T03:25:09,1.3,6403,1547350,1529347,0.4,0.00,3.91,0.00,15.62,0.00,0.00,0.00,10583.0,95830.0,84768.0,61.0,9.0,0.5,38.5,140.005,0.215,0.1,27906036.0
2026-09-01T03:25:10,0.6,6404,1547350,1529346,0.4,0.00,3.36,0.00,13.42,0.00,0.00,0.00,10663.0,95830.0,84688.0,77.0,2.5,0.5,14.5,118.791,0.215,0.1,27906036.0
2026-09-01T03:25:10,1.4,6406,1547350,1529344,0.4,0.00,3.17,0.00,12.70,0.00,0.00,0.00,10663.0,95830.0,84688.0,77.0,8.5,0.5,41.5,136.016,0.215,0.1,27906036.0
2026-09-01T03:25:10,1.3,6407,1547350,1529344,0.4,0.00,3.79,0.00,15.15,0.00,0.00,0.00,10663.0,95830.0,84688.0,77.0,6.5,0.5,37.5,140.254,0.280,0.2,34422380.0
2026-09-01T03:25:11,1.3,6407,1547350,1529343,0.4,0.00,3.95,0.00,15.81,0.00,0.00,0.00,10663.0,95830.0,84688.0,77.0,6.5,0.5,37.5,150.058,0.280,0.2,34422380.0
2026-09-01T03:25:11,0.6,6408,1547350,1529342,0.4,0.00,2.92,0.00,11.66,0.00,0.00,0.00,10663.0,95830.0,84688.0,75.0,1.5,0.5,8.0,138.117,0.280,0.2,34422380.0
2026-09-01T03:25:11,1.4,6407,1547350,1529343,0.4,0.00,3.97,0.00,15.87,0.00,0.00,0.00,10663.0,95830.0,84688.0,75.0,2.5,0.5,10.5,140.178,0.280,0.2,34422380.0
2026-09-01T03:25:11,1.4,6407,1547350,1529343,0.4,0.00,4.05,0.00,16.19,0.00,0.00,0.00,10663.0,95830.0,84688.0,75.0,8.5,0.5,41.0,141.025,0.281,0.2,39259010.5
2026-09-01T03:25:12,1.5,6405,1547350,1529345,0.4,0.00,4.07,0.00,16.26,0.00,0.00,0.00,10663.0,95830.0,84688.0,78.0,7.0,0.5,38.5,147.020,0.281,0.2,39259010.5
2026-09-01T03:25:12,1.4,6406,1547350,1529344,0.4,0.00,3.95,0.00,15.81,0.00,0.00,0.00,10663.0,95830.0,84688.0,78.0,7.0,0.5,39.0,163.262,0.281,0.2,39259010.5
2026-09-01T03:25:12,1.3,6406,1547350,1529344,0.4,0.00,4.00,0.00,16.00,0.00,0.00,0.00,10663.0,95830.0,84688.0,78.0,7.0,0.5,39.5,161.584,0.281,0.2,39259010.5
2026-09-01T03:25:12,1.0,6406,1547350,1529344,0.4,0.00,4.88,0.00,19.51,0.00,0.00,0.00,10663.0,95830.0,84688.0,78.0,7.0,0.5,39.5,151.046,0.347,0.2,54278786.5
2026-09-01T03:25:13,1.4,6418,1547350,1529333,0.4,0.00,3.31,0.00,13.25,0.00,0.00,0.00,10663.0,95830.0,84688.0,32.0,7.5,0.5,31.5,150.220,0.347,0.2,54278786.5
2026-09-01T03:25:13,0.4,6418,1547350,1529333,0.4,0.00,2.49,0.00,9.98,0.00,0.00,0.25,10663.0,95830.0,84688.0,32.0,0.0,0.5,0.0,121.553,0.347,0.2,54278786.5
2026-09-01T03:25:13,1.3,6416,1547350,1529334,0.4,0.00,2.70,0.00,10.78,0.00,0.00,0.00,10663.0,95830.0,84688.0,32.0,6.5,0.5,37.0,132.671,0.218,0.1,24734884.0
2026-09-01T03:25:14,1.0,6417,1547350,1529333,0.4,0.00,4.02,0.00,16.06,0.00,0.00,0.00,10663.0,95830.0,84688.0,74.0,7.0,0.5,38.5,132.065,0.218,0.1,24734884.0
2026-09-01T03:25:14,1.4,6417,1547350,1529333,0.4,0.00,2.66,0.00,10.64,0.00,0.00,0.00,10663.0,95830.0,84688.0,74.0,9.5,0.5,43.0,154.150,0.218,0.1,24734884.0
2026-09-01T03:25:14,1.3,6419,1547350,1529332,0.4,0.00,3.94,0.00,15.75,0.00,0.00,0.00,10663.0,95830.0,84688.0,74.0,7.0,0.5,39.0,152.952,0.218,0.1,24734884.0
2026-09-01T03:25:15,0.7,6419,1547350,1529331,0.4,0.00,6.06,0.00,24.24,0.00,0.00,0.00,10663.0,95830.0,84688.0,76.0,0.0,0.5,1.5,141.320,0.275,0.2,38614032.5
2026-09-01T03:25:15,1.0,6419,1547350,1529332,0.4,0.00,2.50,0.00,10.00,0.00,1.00,0.00,10663.0,95830.0,84688.0,76.0,6.0,0.5,25.0,130.125,0.275,0.2,38614032.5
2026-09-01T03:25:15,1.1,6418,1547350,1529332,0.4,0.00,4.08,0.00,16.33,0.00,0.00,0.00,10663.0,95830.0,84688.0,76.0,6.5,0.5,26.5,121.245,0.275,0.2,38614032.5
2026-09-01T03:25:16,1.0,6419,1547350,1529332,0.4,0.00,2.80,0.00,11.20,0.00,0.00,0.00,10663.0,95830.0,84688.0,32.0,8.0,0.5,34.5,130.152,0.209,0.1,22113395.0
2026-09-01T03:25:16,1.3,6418,1547350,1529332,0.4,0.00,2.28,0.00,9.13,0.00,0.00,0.00,10663.0,95830.0,84688.0,32.0,9.0,0.5,42.5,145.245,0.209,0.1,22113395.0
2026-09-01T03:25:16,1.4,6420,1547350,1529331,0.4,0.00,3.92,0.00,15.69,0.00,0.00,0.39,10663.0,95830.0,84688.0,32.0,7.0,0.5,39.5,156.469,0.209,0.1,22113395.0
2026-09-01T03:25:17,1.3,6419,1547350,1529332,0.4,0.00,4.05,0.00,16.19,0.00,0.00,0.00,10663.0,95830.0,84688.0,79.0,7.0,0.5,40.5,162.454,0.209,0.1,22113395.0
2026-09-01T03:25:17,1.1,6418,1547350,1529333,0.4,0.00,2.77,0.00,11.08,0.00,0.00,0.00,10663.0,95830.0,84688.0,79.0,7.5,0.5,32.0,153.510,0.354,0.2,48501264.0
2026-09-01T03:25:17,1.3,6418,1547350,1529332,0.4,0.00,2.11,0.00,8.44,0.00,0.00,0.00,10663.0,95830.0,84688.0,79.0,7.5,0.5,41.0,154.083,0.354,0.2,48501264.0
2026-09-01T03:25:18,0.9,6417,1547350,1529333,0.4,0.00,4.00,0.00,16.00,0.00,0.00,0.00,10663.0,95830.0,84688.0,80.0,1.0,0.5,6.0,145.893,0.354,0.2,48501264.0
2026-09-01T03:25:18,1.2,6417,1547350,1529334,0.4,0.00,2.35,0.00,9.39,0.00,0.00,0.00,10663.0,95830.0,84688.0,80.0,2.0,0.5,10.0,141.753,0.354,0.2,48501264.0
2026-09-01T03:25:18,1.0,6417,1547350,1529333,0.4,0.00,3.73,0.00,14.93,0.00,0.00,0.00,10663.0,95830.0,84688.0,80.0,7.0,0.5,17.0,131.854,0.264,0.2,33691886.5
2026-09-01T03:25:19,0.9,6416,1547350,1529334,0.4,0.00,2.75,0.00,10.99,0.00,0.00,0.00,10663.0,95830.0,84688.0,34.0,0.0,0.5,0.0,123.066,0.264,0.2,33691886.5
2026-09-01T03:25:19,1.3,6417,1547350,1529334,0.4,0.00,2.05,0.00,8.20,0.00,0.00,0.00,10663.0,95830.0,84688.0,34.0,10.0,0.5,44.5,135.860,0.264,0.2,33691886.5
2026-09-01T03:25:19,1.3,6417,1547350,1529333,0.4,0.00,3.76,0.00,15.04,0.00,0.00,0.00,10663.0,95830.0,84688.0,34.0,7.5,0.5,40.5,148.388,0.264,0.2,33691886.5
2026-09-01T03:25:20,1.4,6416,1547350,1529334,0.4,0.00,3.95,0.00,15.81,0.00,0.00,0.40,10663.0,95830.0,84688.0,81.0,7.5,0.5,40.5,150.402,0.314,0.2,41066431.0
2026-09-01T03:25:20,0.7,6417,1547350,1529334,0.4,0.00,2.17,0.00,8.70,0.00,0.00,0.00,10663.0,95830.0,84688.0,81.0,0.0,0.5,0.0,140.132,0.314,0.2,41066431.0
2026-09-01T03:25:20,1.1,6416,1547350,1529334,0.4,0.00,3.86,0.00,15.44,0.00,0.00,0.00,10663.0,95830.0,84688.0,81.0,1.0,0.5,6.0,129.535,0.314,0.2,41055140.0
2026-09-01T03:25:21,1.0,6416,1547350,1529335,0.4,0.00,2.87,0.00,11.49,0.00,0.00,0.00,10663.0,95830.0,84688.0,12.0,0.0,0.5,2.0,121.692,0.185,0.1,20594921.0
2026-09-01T03:25:21,1.1,6416,1547350,1529334,0.4,0.00,2.50,0.00,10.00,0.00,1.00,0.00,10663.0,95830.0,84688.0,12.0,2.0,0.5,9.5,127.609,0.185,0.1,20594921.0
2026-09-01T03:25:22,1.1,6415,1547350,1529335,0.4,0.00,2.57,0.00,10.28,0.00,0.00,0.00,10663.0,95830.0,84688.0,68.0,7.5,0.5,34.0,130.276,0.185,0.1,20603339.5
2026-09-01T03:25:22,1.3,6416,1547350,1529335,0.4,0.00,2.96,0.00,11.83,0.00,0.00,0.00,10663.0,95830.0,84688.0,68.0,7.0,0.5,38.5,144.330,0.185,0.1,20603339.5
2026-09-01T03:25:22,1.4,6417,1547350,1529334,0.4,0.00,3.61,0.00,14.44,0.00,0.00,0.00,10663.0,95830.0,84688.0,68.0,7.0,0.5,38.0,144.955,0.284,0.2,33018692.0
2026-09-01T03:25:23,1.0,6418,1547350,1529333,0.4,0.00,3.15,0.00,12.62,0.00,0.00,0.00,10663.0,95830.0,84688.0,68.0,8.5,0.5,37.5,144.103,0.284,0.2,33018692.0
2026-09-01T03:25:23,0.8,6430,1547350,1529320,0.4,0.00,4.15,0.00,16.60,0.00,0.00,0.00,10663.0,95830.0,84688.0,75.0,0.0,0.5,0.0,130.054,0.284,0.2,33029916.5
2026-09-01T03:25:23,1.4,6430,1547350,1529321,0.4,0.00,2.22,0.00,8.87,0.00,0.00,0.00,10663.0,95830.0,84688.0,75.0,9.0,0.5,39.5,136.132,0.284,0.2,33029916.5
2026-09-01T03:25:23,1.4,6429,1547350,1529321,0.4,0.00,3.94,0.00,15.75,0.00,0.00,0.00,10663.0,95830.0,84688.0,75.0,7.0,0.5,38.5,143.567,0.262,0.2,32957869.0
2026-09-01T03:25:24,1.4,6429,1547350,1529321,0.4,0.00,3.86,0.00,15.44,0.00,0.00,0.39,10663.0,95830.0,84688.0,81.0,7.0,0.5,39.0,147.993,0.262,0.2,32957869.0
2026-09-01T03:25:24,1.0,6429,1547350,1529321,0.4,0.00,3.94,0.00,15.75,0.00,0.00,0.00,10663.0,95830.0,84688.0,81.0,3.0,0.5,16.5,153.127,0.262,0.2,33019028.5
2026-09-01T03:25:24,1.4,6430,1547350,1529320,0.4,0.00,3.75,0.00,14.98,0.00,0.00,0.00,10663.0,95830.0,84688.0,81.0,7.5,0.5,33.0,153.946,0.262,0.2,33019028.5
2026-09-01T03:25:25,1.1,6430,1547350,1529320,0.4,0.00,3.75,0.00,14.98,0.00,0.00,0.37,10663.0,95830.0,84688.0,81.0,1.5,0.5,9.5,140.679,0.291,0.2,40909821.0
2026-09-01T03:25:25,1.0,6430,1547350,1529321,0.4,0.00,3.40,0.00,13.61,0.00,0.00,0.00,10663.0,95830.0,84688.0,81.0,0.5,0.5,2.5,137.262,0.291,0.2,40909821.0
2026-09-01T03:25:25,1.5,6430,1547350,1529321,0.4,0.00,2.54,0.00,10.18,0.00,0.00,0.00,10663.0,95830.0,84688.0,81.0,8.0,0.5,37.0,131.599,0.291,0.2,40855866.0
2026-09-01T03:25:26,0.4,6428,1547350,1529322,0.4,0.00,3.44,0.00,13.75,0.00,0.00,0.00,10663.0,95830.0,84688.0,81.0,1.0,0.5,6.5,121.541,0.291,0.2,40855866.0
2026-09-01T03:25:26,1.4,6428,1547350,1529322,0.4,0.00,4.02,0.00,16.06,0.00,0.00,0.00,10663.0,95830.0,84688.0,13.0,8.0,0.5,41.5,129.328,0.214,0.1,20296147.0
2026-09-01T03:25:26,0.9,6427,1547350,1529323,0.4,0.00,3.86,0.00,15.44,0.00,0.00,0.00,10663.0,95830.0,84688.0,13.0,3.5,0.5,21.5,131.778,0.214,0.1,20296147.0
2026-09-01T03:25:26,1.5,6427,1547350,1529324,0.4,0.00,3.65,0.00,14.60,0.00,0.00,0.00,10663.0,95830.0,84688.0,13.0,3.5,0.5,19.0,136.769,0.214,0.1,20309952.0
2026-09-01T03:25:27,1.1,6427,1547350,1529323,0.4,0.00,2.51,0.00,10.05,0.00,1.00,0.00,10663.0,95830.0,84688.0,38.0,3.5,0.5,19.5,131.894,0.255,0.2,29448224.5
2026-09-01T03:25:27,1.0,6429,1547350,1529322,0.4,0.00,2.25,0.00,9.01,0.00,0.00,0.00,10663.0,95830.0,84688.0,38.0,7.0,0.5,30.0,144.810,0.255,0.2,29448224.5
2026-09-01T03:25:27,1.3,6429,1547350,1529321,0.4,0.00,4.29,0.00,17.17,0.00,0.00,0.00,10663.0,95830.0,84688.0,38.0,7.5,0.5,40.5,154.007,0.255,0.2,29448224.5
2026-09-01T03:25:28,1.4,6429,1547350,1529321,0.4,0.00,4.22,0.00,16.88,0.00,0.00,0.00,10663.0,95830.0,84688.0,38.0,7.5,0.5,40.5,153.971,0.255,0.2,29448095.0
2026-09-01T03:25:28,1.4,6428,1547350,1529322,0.4,0.00,4.20,0.00,16.81,0.00,0.00,0.00,10663.0,95830.0,84688.0,81.0,7.5,0.5,41.0,165.339,0.382,0.2,61081135.0
2026-09-01T03:25:28,1.4,6428,1547350,1529322,0.4,0.00,3.25,0.00,12.99,0.00,0.00,0.00,10663.0,95830.0,84688.0,81.0,7.5,0.5,41.0,163.993,0.382,0.2,61081135.0
2026-09-01T03:25:28,1.3,6428,1547350,1529322,0.4,0.00,4.15,0.00,16.60,0.00,0.00,0.00,10663.0,95830.0,84688.0,81.0,7.5,0.5,41.0,164.401,0.382,0.2,61081135.0
2026-09-01T03:25:29,1.3,6427,1547350,1529323,0.4,0.00,4.00,0.00,16.00,0.00,0.00,0.00,10663.0,95830.0,84688.0,82.0,7.5,0.5,40.5,164.121,0.382,0.2,61097187.0
2026-09-01T03:25:29,1.1,6428,1547350,1529323,0.4,0.00,3.94,0.00,15.75,0.00,0.00,0.00,10663.0,95830.0,84688.0,82.0,5.5,0.5,31.5,152.325,0.355,0.2,53110228.5
2026-09-01T03:25:29,1.3,6427,1547350,1529323,0.4,0.00,2.24,0.00,8.97,0.00,0.00,0.00,10663.0,95830.0,84688.0,82.0,5.0,0.5,18.5,154.367,0.355,0.2,53110228.5
2026-09-01T03:25:30,1.4,6427,1547350,1529323,0.4,0.00,4.13,0.00,16.53,0.00,0.00,0.00,10663.0,95830.0,84688.0,82.0,7.0,0.5,39.5,154.003,0.355,0.2,53110228.5
2026-09-01T03:25:30,1.3,6426,1547350,1529324,0.4,0.00,4.13,0.00,16.53,0.00,0.00,0.00,10663.0,95830.0,84688.0,81.0,7.0,0.5,39.5,153.315,0.355,0.2,53101872.5
2026-09-01T03:25:30,1.3,6429,1547350,1529321,0.4,0.00,2.90,0.00,11.59,0.00,0.00,0.00,10663.0,95830.0,84688.0,81.0,7.0,0.5,39.5,162.976,0.396,0.2,60928510.0
2026-09-01T03:25:30,1.0,6429,1547350,1529322,0.4,0.00,3.47,0.00,13.89,0.00,0.00,0.35,10663.0,95830.0,84688.0,81.0,4.5,0.5,24.5,152.870,0.396,0.2,60928510.0
2026-09-01T03:25:31,1.4,6428,1547350,1529322,0.4,0.00,3.53,0.00,14.13,0.00,0.00,0.00,10663.0,95830.0,84688.0,49.0,6.0,0.5,25.0,151.762,0.396,0.2,60928510.0
2026-09-01T03:25:31,0.9,6428,1547350,1529322,0.4,0.00,3.42,0.00,13.70,0.00,0.00,0.00,10663.0,95830.0,84688.0,49.0,5.0,0.5,20.0,144.094,0.396,0.2,60882245.5
2026-09-01T03:25:31,1.3,6428,1547350,1529322,0.4,0.00,3.89,0.00,15.56,0.00,0.00,0.00,10663.0,95830.0,84688.0,49.0,7.0,0.5,39.5,146.036,0.286,0.2,35979068.0
2026-09-01T03:25:32,1.4,6428,1547350,1529322,0.4,0.00,3.98,0.00,15.94,0.00,1.00,0.00,10663.0,95830.0,84688.0,49.0,7.0,0.5,39.5,153.450,0.286,0.2,35979068.0
2026-09-01T03:25:32,0.8,6428,1547350,1529322,0.4,0.00,3.94,0.00,15.75,0.00,0.00,0.00,10663.0,95830.0,84688.0,79.0,0.0,0.5,1.0,139.847,0.286,0.2,36019049.0
2026-09-01T03:25:32,1.4,6428,1547350,1529322,0.4,0.00,1.95,0.00,7.81,0.00,0.00,0.00,10663.0,95830.0,84688.0,79.0,6.0,0.5,25.5,142.776,0.283,0.2,39906164.0
2026-09-01T03:25:33,1.5,6427,1547350,1529323,0.4,0.00,3.89,0.00,15.56,0.00,0.00,0.00,10663.0,95830.0,84688.0,82.0,5.5,0.5,32.5,132.195,0.283,0.2,39906164.0
2026-09-01T03:25:33,0.9,6438,1547350,1529312,0.4,0.00,2.63,0.00,10.53,0.00,0.00,0.00,10663.0,95830.0,84688.0,82.0,5.5,0.5,28.0,145.338,0.283,0.2,39876857.0
2026-09-01T03:25:33,1.4,6438,1547350,1529312,0.4,0.00,2.58,0.00,10.31,0.00,0.00,0.00,10663.0,95830.0,84688.0,82.0,6.0,0.5,23.0,145.426,0.289,0.2,34883920.5
2026-09-01T03:25:34,1.0,6438,1547350,1529312,0.4,0.00,4.15,0.00,16.60,0.00,0.00,0.00,10663.0,95830.0,84688.0,81.0,4.0,0.5,22.0,141.112,0.289,0.2,34883920.5
2026-09-01T03:25:34,1.3,6439,1547350,1529312,0.4,0.00,3.07,0.00,12.27,0.00,0.00,0.00,10663.0,95830.0,84688.0,81.0,6.0,0.5,26.0,147.419,0.289,0.2,34883920.5
2026-09-01T03:25:34,1.4,6441,1547350,1529309,0.4,0.00,3.13,0.00,12.54,0.00,0.00,0.00,10663.0,95830.0,84688.0,81.0,7.0,0.5,39.0,152.149,0.289,0.2,34958657.0
2026-09-01T03:25:34,1.3,6441,1547350,1529309,0.4,0.00,3.92,0.00,15.69,0.00,0.00,0.00,10663.0,95830.0,84688.0,81.0,7.0,0.5,40.0,151.456,0.337,0.2,48648800.0
2026-09-01T03:25:35,0.7,6442,1547350,1529309,0.4,0.00,3.07,0.00,12.27,0.00,0.00,0.00,10663.0,95830.0,84688.0,80.0,4.5,0.5,25.5,141.900,0.337,0.2,48648800.0
2026-09-01T03:25:35,1.3,6441,1547350,1529309,0.4,0.00,24.90,0.00,116.18,0.00,0.17,0.00,10663.0,95830.0,84688.0,80.0,9.0,0.5,39.5,143.744,0.337,0.2,48648800.0
2026-09-01T03:25:35,0.6,6442,1547350,1529308,0.4,0.00,2.60,0.00,10.42,0.00,0.00,0.00,10663.0,95830.0,84688.0,80.0,0.0,0.5,0.0,120.876,0.337,0.2,48588716.0
2026-09-01T03:25:36,1.3,6444,1547350,1529307,0.4,0.00,4.02,0.00,16.06,0.00,0.00,0.40,10663.0,95830.0,84688.0,0.0,7.0,0.5,31.5,135.478,0.206,0.1,24406310.5
2026-09-01T03:25:36,0.9,6442,1547350,1529308,0.4,0.00,4.02,0.00,16.06,0.00,0.00,0.00,10663.0,95830.0,84688.0,0.0,2.5,0.5,14.0,121.631,0.206,0.1,24406310.5
2026-09-01T03:25:36,1.0,6444,1547350,1529306,0.4,0.00,2.44,0.00,9.78,0.00,0.00,0.00,10663.0,95830.0,84688.0,0.0,3.5,0.5,19.5,137.567,0.206,0.1,24390888.0
2026-09-01T03:25:37,1.3,6444,1547350,1529306,0.4,0.00,2.79,0.00,11.17,0.00,0.00,0.00,10663.0,95830.0,84688.0,39.0,8.0,0.5,32.0,138.575,0.206,0.1,24390888.0
2026-09-01T03:25:37,1.5,6446,1547350,1529305,0.4,0.00,4.81,0.00,19.23,0.00,0.00,0.00,10663.0,95830.0,84688.0,39.0,7.0,0.5,40.0,142.440,0.272,0.2,33431847.5
2026-09-01T03:25:37,1.3,6445,1547350,1529305,0.4,0.00,7.56,0.00,98.24,0.00,0.00,0.00,10663.0,95830.0,84688.0,39.0,7.5,0.5,40.0,156.806,0.272,0.2,33431847.5
2026-09-01T03:25:38,1.0,6444,1547350,1529306,0.4,0.00,4.12,0.00,16.46,0.00,0.00,0.00,10663.0,95830.0,84688.0,80.0,3.5,0.5,21.0,151.998,0.272,0.2,33443560.5
2026-09-01T03:25:38,0.8,6444,1547350,1529306,0.4,0.00,1.42,0.00,5.68,0.00,0.00,0.00,10663.0,95830.0,84688.0,80.0,0.0,0.5,0.0,125.928,0.258,0.2,36729223.0
2026-09-01T03:25:39,1.3,6443,1547350,1529307,0.4,0.00,3.66,0.00,14.65,0.00,0.00,0.00,10663.0,95830.0,84688.0,80.0,7.0,0.5,29.0,130.611,0.258,0.2,36729223.0
2026-09-01T03:25:39,0.6,6443,1547350,1529308,0.4,0.00,3.15,0.00,12.62,0.00,0.00,0.00,10663.0,95830.0,84688.0,58.0,5.5,0.5,31.0,117.768,0.258,0.2,36718796.5
2026-09-01T03:25:39,1.4,6443,1547350,1529307,0.4,0.00,3.82,0.00,15.27,0.00,0.00,0.00,10663.0,95830.0,84688.0,58.0,7.0,0.5,31.0,134.649,0.258,0.2,36718796.5
2026-09-01T03:25:39,1.3,6443,1547350,1529307,0.4,0.00,3.94,0.00,15.75,0.00,1.00,0.00,10663.0,95830.0,84688.0,58.0,7.0,0.5,39.0,141.967,0.265,0.2,33067859.0
2026-09-01T03:25:40,1.4,6444,1547350,1529306,0.4,0.00,3.98,0.00,15.94,0.00,0.00,0.00,10663.0,95830.0,84688.0,58.0,7.0,0.5,38.5,145.122,0.265,0.2,33067859.0
2026-09-01T03:25:40,1.0,6444,1547350,1529306,0.4,0.00,3.98,0.00,15.94,0.00,0.00,0.00,10663.0,95830.0,84688.0,77.0,6.5,0.5,36.0,149.190,0.265,0.2,33068357.5
2026-09-01T03:25:40,1.3,6445,1547350,1529306,0.4,0.00,2.46,0.00,9.85,0.00,0.00,0.00,10663.0,95830.0,84688.0,77.0,8.0,0.5,40.5,150.429,0.265,0.2,33068357.5
2026-09-01T03:25:41,0.6,6445,1547350,1529305,0.4,0.00,2.85,0.00,11.40,0.00,0.00,0.00,10663.0,95830.0,84688.0,77.0,4.0,0.5,23.0,128.778,0.261,0.2,36962476.0
2026-09-01T03:25:41,1.4,6445,1547350,1529305,0.4,0.00,4.15,0.00,16.60,0.00,0.00,0.00,10663.0,95830.0,84688.0,46.0,0.0,0.5,35.0,141.706,0.261,0.2,36962476.0
2026-09-01T03:25:41,0.6,6445,1547350,1529305,0.4,0.00,2.42,0.00,9.69,0.00,0.00,0.00,10663.0,95830.0,84688.0,46.0,0.0,0.5,0.0,117.561,0.261,0.2,37027507.5
2026-09-01T03:25:42,1.3,6444,1547350,1529306,0.4,0.00,3.86,0.00,15.44,0.00,0.00,0.00,10663.0,95830.0,84688.0,46.0,6.0,0.5,24.0,134.742,0.261,0.2,37027507.5
2026-09-01T03:25:42,1.0,6444,1547350,1529306,0.4,0.00,3.68,0.00,14.71,0.00,0.00,0.00,10663.0,95830.0,84688.0,48.0,7.0,0.5,40.5,126.583,0.237,0.2,32117257.5
2026-09-01T03:25:42,1.3,6444,1547350,1529307,0.4,0.00,4.41,0.00,17.62,0.00,0.00,0.00,10663.0,95830.0,84688.0,48.0,8.0,0.5,34.5,143.603,0.237,0.2,32117257.5
2026-09-01T03:25:42,0.9,6444,1547350,1529306,0.4,0.00,2.92,0.00,11.70,0.00,0.00,0.00,10663.0,95830.0,84688.0,48.0,7.0,0.5,38.5,141.281,0.237,0.2,32077002.5
2026-09-01T03:25:43,1.0,6445,1547350,1529306,0.4,0.00,3.95,0.00,15.81,0.00,0.00,0.00,10663.0,95830.0,84688.0,7.0,9.0,0.5,41.5,136.242,0.237,0.2,32077002.5
2026-09-01T03:25:43,0.9,6445,1547350,1529305,0.4,0.00,2.70,0.00,10.81,0.00,0.00,0.00,10663.0,95830.0,84688.0,7.0,7.0,0.5,32.5,126.599,0.237,0.2,25680976.0
2026-09-01T03:25:43,1.0,6452,1547350,1529298,0.4,0.00,2.54,0.00,10.18,0.00,0.00,0.00,10663.0,95830.0,84688.0,7.0,6.0,0.5,28.0,136.255,0.237,0.2,25632237.0
2026-09-01T03:25:44,1.0,6453,1547350,1529297,0.4,0.00,2.09,0.00,8.35,0.00,0.00,0.00,10663.0,95830.0,84688.0,56.0,3.5,0.5,21.5,131.908,0.237,0.2,25632237.0
2026-09-01T03:25:44,1.1,6454,1547350,1529296,0.4,0.00,3.83,0.00,15.33,0.00,0.00,0.00,10663.0,95830.0,84688.0,56.0,4.0,0.5,23.0,133.091,0.227,0.2,22912931.5
2026-09-01T03:25:44,1.6,6453,1547350,1529297,0.4,0.00,2.61,0.00,10.44,0.00,0.00,0.00,10663.0,95830.0,84688.0,56.0,3.0,0.5,16.5,132.080,0.227,0.2,22935364.0
2026-09-01T03:25:45,1.0,6453,1547350,1529298,0.4,0.00,2.79,0.00,11.14,0.00,0.00,0.00,10663.0,95830.0,84688.0,33.0,8.0,0.5,35.0,145.792,0.227,0.2,22935364.0
2026-09-01T03:25:45,1.5,6452,1547350,1529298,0.4,0.00,3.73,0.00,14.93,0.00,0.00,0.37,10663.0,95830.0,84688.0,33.0,5.0,0.5,29.0,147.156,0.227,0.2,22935364.0
2026-09-01T03:25:45,0.5,6453,1547350,1529297,0.4,0.00,10.00,0.00,53.33,0.00,0.33,0.00,10663.0,95830.0,84688.0,33.0,0.0,0.5,0.0,130.358,0.254,0.2,29315172.5
2026-09-01T03:25:46,1.4,6453,1547350,1529297,0.4,0.00,4.02,0.00,16.06,0.00,0.00,0.00,10663.0,95830.0,84688.0,64.0,7.5,0.5,32.0,141.123,0.254,0.2,29372854.0
2026-09-01T03:25:46,1.3,6453,1547350,1529298,0.4,0.00,3.88,0.00,15.50,0.00,0.00,0.00,10663.0,95830.0,84688.0,64.0,7.0,0.5,38.0,141.836,0.254,0.2,29372854.0
2026-09-01T03:25:46,1.1,6453,1547350,1529298,0.4,0.00,2.86,0.00,11.43,0.00,0.00,0.00,10663.0,95830.0,84688.0,64.0,1.0,0.5,6.5,144.726,0.254,0.2,29372854.0
2026-09-01T03:25:47,1.4,6453,1547350,1529297,0.4,0.00,3.16,0.00,12.66,0.00,0.00,0.00,10663.0,95830.0,84688.0,64.0,8.5,0.5,43.0,151.632,0.334,0.2,45339644.5
2026-09-01T03:25:47,1.1,6454,1547350,1529296,0.4,0.00,4.00,0.00,16.00,0.00,0.00,0.00,10663.0,95830.0,84688.0,86.0,2.0,0.5,10.5,139.789,0.334,0.2,45301663.0
2026-09-01T03:25:47,0.8,6455,1547350,1529295,0.4,0.00,2.24,0.00,8.97,0.00,0.00,0.00,10663.0,95830.0,84688.0,86.0,0.0,0.5,0.0,128.676,0.334,0.2,45301663.0
2026-09-01T03:25:48,1.1,6455,1547350,1529295,0.4,0.00,2.38,0.00,9.50,0.00,0.00,0.00,10663.0,95830.0,84688.0,48.0,3.0,0.5,19.0,124.121,0.202,0.1,22886940.5
2026-09-01T03:25:48,1.3,6455,1547350,1529295,0.4,0.00,2.45,0.00,9.80,0.00,0.00,0.00,10663.0,95830.0,84688.0,48.0,7.0,0.5,38.5,133.573,0.202,0.1,22885219.5
2026-09-01T03:25:48,1.4,6455,1547350,1529295,0.4,0.00,3.64,0.00,14.55,0.00,0.00,0.00,10663.0,95830.0,84688.0,48.0,7.0,0.5,38.0,155.967,0.202,0.1,22885219.5
2026-09-01T03:25:49,0.9,6453,1547350,1529297,0.4,0.00,3.98,0.00,15.94,0.00,0.00,0.00,10663.0,95830.0,84688.0,41.0,6.0,0.5,25.5,150.728,0.202,0.1,22885219.5
2026-09-01T03:25:49,1.3,6453,1547350,1529297,0.4,0.00,2.59,0.00,10.36,0.00,0.00,0.00,10663.0,95830.0,84688.0,41.0,7.0,0.5,39.5,152.573,0.344,0.2,47123546.5
2026-09-01T03:25:49,1.4,6453,1547350,1529298,0.4,0.00,2.69,0.00,10.75,0.00,0.00,0.00,10663.0,95830.0,84688.0,41.0,7.0,0.5,39.5,153.304,0.344,0.2,47123546.5
2026-09-01T03:25:50,1.0,6452,1547350,1529299,0.4,0.00,3.83,0.00,15.33,0.00,0.00,0.00,10663.0,95830.0,84688.0,61.0,5.5,0.5,30.5,153.150,0.344,0.2,47123546.5
2026-09-01T03:25:50,0.8,6452,1547350,1529298,0.4,0.00,3.29,0.00,13.16,0.00,0.00,0.00,10663.0,95830.0,84688.0,61.0,0.5,0.5,2.5,135.494,0.245,0.2,29068207.5
2026-09-01T03:25:51,1.1,6452,1547350,1529298,0.4,0.00,1.78,0.00,7.13,0.00,0.00,0.00,10663.0,95830.0,84688.0,61.0,1.5,0.5,8.5,126.363,0.245,0.2,29068207.5
2026-09-01T03:25:51,1.3,6452,1547350,1529298,0.4,0.00,3.98,0.00,15.94,0.00,1.00,0.00,10663.0,95830.0,84688.0,17.0,9.0,0.5,42.5,137.093,0.245,0.2,29068207.5
2026-09-01T03:25:51,1.4,6452,1547350,1529299,0.4,0.00,3.94,0.00,15.75,0.00,0.00,0.00,10663.0,95830.0,84688.0,17.0,7.0,0.5,40.0,156.685,0.245,0.2,29068207.5
2026-09-01T03:25:51,1.4,6451,1547350,1529299,0.4,0.00,2.62,0.00,10.47,0.00,0.00,0.00,10663.0,95830.0,84688.0,17.0,7.0,0.5,39.5,164.003,0.338,0.2,48490725.0
2026-09-01T03:25:52,0.9,6451,1547350,1529300,0.4,0.00,4.05,0.00,16.19,0.00,0.00,0.00,10663.0,95830.0,84688.0,79.0,6.5,0.5,36.0,153.997,0.338,0.2,48490725.0
2026-09-01T03:25:52,1.4,6450,1547350,1529300,0.4,0.00,3.33,0.00,13.33,0.00,0.00,0.00,10663.0,95830.0,84688.0,79.0,8.5,0.5,42.0,155.282,0.338,0.2,48490725.0
2026-09-01T03:25:52,1.3,6450,1547350,1529300,0.4,0.00,2.74,0.00,10.96,0.00,0.00,0.27,10663.0,95830.0,84688.0,79.0,7.0,0.5,40.5,156.001,0.338,0.2,48490725.0
2026-09-01T03:25:53,1.3,6450,1547350,1529301,0.4,0.00,3.97,0.00,15.87,0.00,0.00,0.00,10663.0,95830.0,84688.0,79.0,7.5,0.5,41.0,159.957,0.350,0.2,50667063.0
2026-09-01T03:25:53,1.3,6449,1547350,1529301,0.4,0.00,3.89,0.00,15.56,0.00,0.00,0.39,10663.0,95830.0,84688.0,81.0,7.5,0.5,40.5,163.933,0.350,0.2,50667063.0
2026-09-01T03:25:53,0.7,6451,1547350,1529300,0.4,0.00,3.06,0.00,12.23,0.00,0.00,0.00,10663.0,95830.0,84688.0,81.0,3.5,0.5,20.0,141.899,0.350,0.2,50667063.0
2026-09-01T03:25:53,1.3,6450,1547350,1529300,0.4,0.00,4.46,0.00,17.86,0.00,0.00,0.00,10663.0,95830.0,84688.0,81.0,9.5,0.5,42.0,144.777,0.350,0.2,50667063.0
2026-09-01T03:25:54,1.4,6450,1547350,1529300,0.4,0.00,3.88,0.00,15.50,0.00,0.00,0.00,10663.0,95830.0,84688.0,84.0,7.0,0.5,40.0,145.118,0.282,0.2,38159902.0
2026-09-01T03:25:54,1.3,6450,1547350,1529300,0.4,0.00,4.00,0.00,16.00,0.00,0.00,0.00,10663.0,95830.0,84688.0,84.0,7.5,0.5,39.5,148.497,0.282,0.2,38159902.0
2026-09-01T03:25:54,1.3,6451,1547350,1529300,0.4,0.00,4.00,0.00,16.00,0.00,0.00,0.00,10663.0,95830.0,84688.0,84.0,7.0,0.5,40.0,169.044,0.282,0.2,38159902.0
2026-09-01T03:25:54,1.4,6450,1547350,1529301,0.4,0.00,3.42,0.00,13.70,0.00,0.00,0.00,10663.0,95830.0,84688.0,84.0,7.5,0.5,40.0,165.923,0.282,0.2,38159902.0
2026-09-01T03:25:55,1.1,6450,1547350,1529300,0.4,0.00,2.73,0.00,10.93,0.00,0.00,0.00,10663.0,95830.0,84688.0,80.0,5.0,0.5,27.5,153.585,0.348,0.2,59232452.5
2026-09-01T03:25:55,1.3,6449,1547350,1529302,0.4,0.00,3.19,0.00,12.78,0.00,0.00,0.00,10663.0,95830.0,84688.0,80.0,7.5,0.5,40.5,156.469,0.348,0.2,59232452.5
2026-09-01T03:25:55,1.3,6449,1547350,1529301,0.4,0.00,3.21,0.00,12.82,0.00,0.00,0.00,10663.0,95830.0,84688.0,80.0,7.5,0.5,40.5,156.214,0.348,0.2,59232452.5
2026-09-01T03:25:56,0.9,6450,1547350,1529300,0.4,0.00,4.05,0.00,16.19,0.00,0.00,0.00,10663.0,95830.0,84688.0,81.0,5.5,0.5,32.5,145.596,0.348,0.2,59232452.5
2026-09-01T03:25:56,1.3,6451,1547350,1529300,0.4,0.00,3.60,0.00,14.39,0.00,1.00,0.36,10663.0,95830.0,84688.0,81.0,0.5,0.5,5.0,141.098,0.301,0.2,39714252.5
2026-09-01T03:25:56,1.0,6450,1547350,1529300,0.4,0.00,2.11,0.00,8.42,0.00,0.00,0.00,10663.0,95830.0,84688.0,81.0,8.5,0.5,38.5,142.418,0.301,0.2,39714252.5
2026-09-01T03:25:57,0.6,6451,1547350,1529299,0.4,0.00,3.28,0.00,13.11,0.00,0.00,0.00,10663.0,95830.0,84688.0,77.0,2.0,0.5,13.0,133.673,0.301,0.2,39714252.5
2026-09-01T03:25:57,1.3,6451,1547350,1529300,0.4,0.00,4.08,0.00,16.33,0.00,0.00,0.00,10663.0,95830.0,84688.0,77.0,2.0,0.5,43.0,136.570,0.301,0.2,39714252.5
2026-09-01T03:25:57,1.4,6451,1547350,1529299,0.4,0.00,2.93,0.00,11.73,0.00,0.00,0.00,10663.0,95830.0,84688.0,77.0,7.0,0.5,39.5,146.178,0.301,0.2,38904627.0
2026-09-01T03:25:58,1.1,6451,1547350,1529299,0.4,0.00,4.12,0.00,16.46,0.00,0.00,0.00,10663.0,95830.0,84688.0,77.0,2.0,0.5,13.0,149.358,0.301,0.2,38904627.0
2026-09-01T03:25:58,1.3,6450,1547350,1529300,0.4,0.00,3.50,0.00,13.99,0.00,0.00,0.00,10663.0,95830.0,84688.0,82.0,8.5,0.5,37.5,157.904,0.301,0.2,38904627.0
2026-09-01T03:25:58,1.3,6450,1547350,1529300,0.4,0.00,3.94,0.00,15.75,0.00,0.00,0.00,10663.0,95830.0,84688.0,82.0,7.5,0.5,40.5,158.204,0.301,0.2,38904627.0
2026-09-01T03:25:58,1.4,6450,1547350,1529300,0.4,0.00,2.92,0.00,11.70,0.00,0.00,0.00,10663.0,95830.0,84688.0,82.0,7.5,0.5,41.0,158.212,0.347,0.2,49474762.5
2026-09-01T03:25:59,1.3,6450,1547350,1529300,0.4,0.00,3.82,0.00,15.27,0.00,0.00,0.00,10663.0,95830.0,84688.0,82.0,7.5,0.5,40.5,167.479,0.347,0.2,49474762.5
2026-09-01T03:25:59,1.4,6450,1547350,1529300,0.4,0.00,3.92,0.00,15.69,0.00,0.00,0.00,10663.0,95830.0,84688.0,82.0,7.5,0.5,40.5,166.794,0.347,0.2,49474762.5
2026-09-01T03:25:59,1.4,6450,1547350,1529300,0.4,0.00,3.94,0.00,15.75,0.00,0.00,0.00,10663.0,95830.0,84688.0,82.0,7.5,0.5,40.5,167.512,0.347,0.2,49474762.5
2026-09-01T03:26:00,0.9,6449,1547350,1529301,0.4,0.00,3.37,0.00,13.47,0.00,0.00,0.00,10663.0,95830.0,84688.0,82.0,5.5,0.5,30.0,152.819,0.342,0.2,53528822.5
2026-09-01T03:26:00,1.5,6453,1547350,1529298,0.4,0.00,4.02,0.00,16.06,0.00,0.00,0.00,10663.0,95830.0,84688.0,60.0,6.5,0.5,31.5,144.435,0.342,0.2,53528822.5
2026-09-01T03:26:00,0.8,6453,1547350,1529297,0.4,0.00,2.83,0.00,11.33,0.00,0.00,0.00,10663.0,95830.0,84688.0,60.0,4.0,0.5,22.5,132.552,0.342,0.2,53528822.5
2026-09-01T03:26:00,1.0,6454,1547350,1529296,0.4,0.00,2.67,0.00,10.67,0.00,0.00,0.00,10663.0,95830.0,84688.0,60.0,6.5,0.5,27.0,138.222,0.342,0.2,53528822.5
2026-09-01T03:26:01,1.6,6454,1547350,1529297,0.4,0.00,3.88,0.00,15.50,0.00,0.00,0.00,10663.0,95830.0,84688.0,54.0,7.0,0.5,31.5,136.621,0.218,0.2,19324965.5
2026-09-01T03:26:01,1.1,6456,1547350,1529294,0.4,0.00,2.72,0.00,10.87,0.00,0.00,0.00,10663.0,95830.0,84688.0,54.0,6.0,0.5,32.0,135.654,0.218,0.2,19324965.5
2026-09-01T03:26:02,1.3,6457,1547350,1529293,0.4,0.00,2.36,0.00,9.43,0.00,0.00,0.00,10663.0,95830.0,84688.0,54.0,4.5,0.5,18.5,149.501,0.218,0.2,19324965.5
2026-09-01T03:26:02,1.5,6456,1547350,1529294,0.4,0.00,4.00,0.00,16.00,0.00,1.00,0.00,10663.0,95830.0,84688.0,37.0,7.0,0.5,39.5,152.453,0.218,0.2,19324965.5
2026-09-01T03:26:02,1.0,6457,1547350,1529293,0.4,0.00,3.51,0.00,14.04,0.00,0.00,0.00,10663.0,95830.0,84688.0,37.0,2.0,0.5,10.5,150.924,0.305,0.2,36201488.0
2026-09-01T03:26:02,1.3,6458,1547350,1529293,0.4,0.00,2.81,0.00,11.24,0.00,0.00,0.00,10663.0,95830.0,84688.0,37.0,7.0,0.5,40.5,158.113,0.305,0.2,36201488.0
2026-09-01T03:26:03,1.3,6457,1547350,1529293,0.4,0.00,4.07,0.00,16.26,0.00,0.00,0.41,10663.0,95830.0,84688.0,81.0,7.5,0.5,40.5,159.049,0.305,0.2,36201488.0
2026-09-01T03:26:03,1.3,6457,1547350,1529293,0.4,0.00,2.64,0.00,10.55,0.00,0.00,0.00,10663.0,95830.0,84688.0,81.0,7.5,0.5,40.5,167.896,0.305,0.2,36201488.0
2026-09-01T03:26:03,1.4,6457,1547350,1529294,0.4,0.00,3.14,0.00,12.58,0.00,0.00,0.00,10663.0,95830.0,84688.0,81.0,7.5,0.5,40.5,168.213,0.403,0.2,63300249.0
2026-09-01T03:26:04,1.3,6457,1547350,1529293,0.4,0.00,4.10,0.00,16.39,0.00,0.00,0.00,10663.0,95830.0,84688.0,81.0,7.5,0.5,40.5,166.538,0.403,0.2,63300249.0
2026-09-01T03:26:04,0.6,6457,1547350,1529294,0.4,0.00,2.93,0.00,11.73,0.00,0.00,0.00,10663.0,95830.0,84688.0,81.0,3.0,0.5,16.5,143.698,0.403,0.2,63300249.0
2026-09-01T03:26:04,1.4,6456,1547350,1529294,0.4,0.00,3.66,0.00,14.65,0.00,0.00,0.00,10663.0,95830.0,84688.0,81.0,9.5,0.5,43.0,146.495,0.403,0.2,63300249.0
2026-09-01T03:26:05,1.4,6456,1547350,1529294,0.4,0.00,3.65,0.00,14.60,0.00,0.00,0.00,10663.0,95830.0,84688.0,81.0,7.0,0.5,40.0,146.291,0.290,0.2,41377062.5
2026-09-01T03:26:05,1.5,6456,1547350,1529294,0.4,0.00,5.00,0.00,20.00,0.00,0.00,0.00,10663.0,95830.0,84688.0,80.0,7.5,0.5,40.0,147.495,0.290,0.2,41377062.5
2026-09-01T03:26:05,0.4,6455,1547350,1529295,0.4,0.00,3.61,0.00,14.44,0.00,0.00,0.00,10663.0,95830.0,84688.0,80.0,4.0,0.5,22.5,145.986,0.290,0.2,41377062.5
2026-09-01T03:26:05,1.3,6456,1547350,1529294,0.4,0.00,3.85,0.00,15.38,0.00,0.00,0.00,10663.0,95830.0,84688.0,80.0,8.5,0.5,39.5,145.016,0.290,0.2,41377062.5
2026-09-01T03:26:05,1.4,6456,1547350,1529295,0.4,0.00,4.07,0.00,16.26,0.00,0.00,0.00,10663.0,95830.0,84688.0,80.0,7.0,0.5,40.0,145.294,0.281,0.2,39194134.5
2026-09-01T03:26:06,0.6,6458,1547350,1529293,0.4,0.00,6.27,0.00,37.62,0.00,0.00,0.00,10663.0,95830.0,84688.0,80.0,4.5,0.5,26.0,130.249,0.281,0.2,39194134.5
2026-09-01T03:26:06,1.0,6458,1547350,1529292,0.4,0.00,4.03,0.00,16.13,0.00,0.00,0.00,10663.0,95830.0,84688.0,80.0,1.0,0.5,8.0,129.761,0.281,0.2,39194134.5
2026-09-01T03:26:07,1.3,6458,1547350,1529292,0.4,0.00,1.73,0.00,6.91,0.00,0.00,0.00,10663.0,95830.0,84688.0,55.0,6.0,0.5,27.5,147.081,0.210,0.1,24586082.5
2026-09-01T03:26:07,1.4,6459,1547350,1529292,0.4,0.00,4.08,0.00,16.33,0.00,1.00,0.00,10663.0,95830.0,84688.0,55.0,7.0,0.5,40.0,151.632,0.210,0.1,24586082.5
2026-09-01T03:26:07,1.3,6458,1547350,1529292,0.4,0.00,26.52,0.00,195.08,0.00,0.00,0.00,10663.0,95830.0,84688.0,55.0,7.0,0.5,39.5,168.316,0.210,0.1,24586082.5
2026-09-01T03:26:07,1.0,6458,1547350,1529292,0.4,0.00,2.90,0.00,11.59,0.00,0.00,0.00,10663.0,95830.0,84688.0,55.0,6.5,0.5,35.5,154.827,0.210,0.1,24586082.5
2026-09-01T03:26:08,1.3,6458,1547350,1529292,0.4,0.00,2.79,0.00,11.14,0.00,0.00,0.28,10663.0,95830.0,84688.0,71.0,8.0,0.5,41.0,158.649,0.351,0.2,55283474.5
2026-09-01T03:26:08,1.4,6457,1547350,1529293,0.4,0.00,3.26,0.00,13.03,0.00,0.00,0.00,10663.0,95830.0,84688.0,71.0,7.0,0.5,40.0,158.679,0.351,0.2,55283474.5
2026-09-01T03:26:09,1.1,6458,1547350,1529292,0.4,0.00,2.53,0.00,10.10,0.00,0.00,0.00,10663.0,95830.0,84688.0,80.0,7.0,0.5,40.0,157.337,0.351,0.2,55283474.5
2026-09-01T03:26:09,1.3,6457,1547350,1529293,0.4,0.00,2.85,0.00,11.40,0.00,0.00,0.00,10663.0,95830.0,84688.0,80.0,7.0,0.5,28.5,158.756,0.346,0.2,48710219.5
2026-09-01T03:26:09,1.1,6457,1547350,1529293,0.4,0.00,4.10,0.00,16.39,0.00,0.00,0.00,10663.0,95830.0,84688.0,80.0,7.5,0.5,40.5,149.758,0.346,0.2,48710219.5
2026-09-01T03:26:10,1.4,6459,1547350,1529292,0.4,0.00,2.16,0.00,8.64,0.00,0.00,0.00,10663.0,95830.0,84688.0,80.0,1.5,0.5,8.5,161.271,0.346,0.2,48710219.5
2026-09-01T03:26:10,1.0,6459,1547350,1529292,0.4,0.00,4.39,0.00,17.54,0.00,1.00,0.00,10663.0,95830.0,84688.0,17.0,9.0,0.5,43.0,147.198,0.346,0.2,48710219.5
2026-09-01T03:26:10,1.4,6459,1547350,1529291,0.4,0.00,3.91,0.00,15.62,0.00,0.00,0.00,10663.0,95830.0,84688.0,17.0,7.0,0.5,39.5,149.254,0.293,0.2,37091161.5
2026-09-01T03:26:10,1.1,6458,1547350,1529292,0.4,0.00,3.30,0.00,13.20,0.00,0.00,0.00,10663.0,95830.0,84688.0,17.0,5.0,0.5,20.5,146.981,0.293,0.2,37091161.5
2026-09-01T03:26:11,1.4,6458,1547350,1529292,0.4,0.00,2.97,0.00,11.87,0.00,0.00,0.00,10663.0,95830.0,84688.0,41.0,5.0,0.5,28.0,151.316,0.293,0.2,37091161.5
2026-09-01T03:26:11,0.9,6458,1547350,1529292,0.4,0.00,3.64,0.00,14.55,0.00,0.00,0.00,10663.0,95830.0,84688.0,41.0,5.5,0.5,22.0,148.726,0.293,0.2,37091161.5
2026-09-01T03:26:11,1.1,6458,1547350,1529293,0.4,0.00,4.15,0.00,16.60,0.00,0.00,0.00,10663.0,95830.0,84688.0,41.0,4.5,0.5,17.5,138.327,0.257,0.2,31854242.5
2026-09-01T03:26:12,1.5,6455,1547350,1529296,0.4,0.00,3.42,0.00,13.70,0.00,0.00,0.00,10663.0,95830.0,84688.0,41.0,7.5,0.5,41.0,150.754,0.257,0.2,31854242.5
2026-09-01T03:26:12,1.1,6455,1547350,1529296,0.4,0.00,4.03,0.00,16.13,0.00,0.00,0.00,10663.0,95830.0,84688.0,82.0,5.0,0.5,30.5,148.988,0.257,0.2,31854242.5
2026-09-01T03:26:12,1.3,6455,1547350,1529296,0.4,0.00,2.92,0.00,11.66,0.00,0.00,0.00,10663.0,95830.0,84688.0,82.0,7.0,0.5,39.5,149.785,0.257,0.2,31854242.5
2026-09-01T03:26:12,1.4,6455,1547350,1529295,0.4,0.00,3.75,0.00,14.98,0.00,0.00,0.00,10663.0,95830.0,84688.0,82.0,7.0,0.5,40.0,157.508,0.336,0.2,44283242.0
2026-09-01T03:26:13,1.3,6455,1547350,1529295,0.4,0.00,3.83,0.00,15.33,0.00,0.00,0.00,10663.0,95830.0,84688.0,80.0,7.0,0.5,40.0,157.280,0.336,0.2,44283242.0
2026-09-01T03:26:13,1.3,6455,1547350,1529296,0.4,0.00,4.18,0.00,16.74,0.00,0.00,0.00,10663.0,95830.0,84688.0,80.0,7.0,0.5,40.0,168.243,0.336,0.2,44283242.0
2026-09-01T03:26:13,1.0,6454,1547350,1529296,0.4,0.00,4.00,0.00,16.00,0.00,0.00,0.40,10663.0,95830.0,84688.0,80.0,3.5,0.5,20.5,153.578,0.336,0.2,44283242.0
2026-09-01T03:26:14,1.1,6454,1547350,1529296,0.4,0.00,2.07,0.00,8.28,0.00,0.00,0.00,10663.0,95830.0,84688.0,72.0,3.5,0.5,14.5,146.935,0.310,0.2,41924208.5
2026-09-01T03:26:14,1.3,6456,1547350,1529294,0.4,0.00,2.14,0.00,8.55,0.00,0.00,0.00,10663.0,95830.0,84688.0,72.0,8.0,0.5,41.5,153.482,0.310,0.2,41924208.5
2026-09-01T03:26:14,1.1,6456,1547350,1529294,0.4,0.00,3.01,0.00,12.05,0.00,0.00,0.00,10663.0,95830.0,84688.0,72.0,5.5,0.5,31.5,149.870,0.310,0.2,41924208.5
2026-09-01T03:26:15,1.4,6456,1547350,1529294,0.4,0.00,3.28,0.00,13.11,0.00,0.00,0.00,10663.0,95830.0,84688.0,39.0,6.0,0.5,32.0,157.362,0.310,0.2,41924208.5
2026-09-01T03:26:15,1.0,6457,1547350,1529293,0.4,0.00,3.48,0.00,13.94,0.00,1.00,0.00,10663.0,95830.0,84688.0,39.0,5.0,0.5,19.5,150.709,0.294,0.2,37902288.5
2026-09-01T03:26:15,1.1,6457,1547350,1529293,0.4,0.00,4.02,0.00,16.06,0.00,0.00,0.00,10663.0,95830.0,84688.0,39.0,1.5,0.5,9.0,142.793,0.294,0.2,37902288.5
2026-09-01T03:26:16,1.4,6457,1547350,1529293,0.4,0.00,3.19,0.00,12.78,0.00,0.00,0.00,10663.0,95830.0,84688.0,39.0,9.5,0.5,43.0,152.981,0.294,0.2,37902288.5
2026-09-01T03:26:16,1.4,6457,1547350,1529293,0.4,0.00,4.35,0.00,17.39,0.00,0.00,0.00,10663.0,95830.0,84688.0,86.0,7.5,0.5,40.5,162.796,0.294,0.2,37902288.5
2026-09-01T03:26:16,1.4,6456,1547350,1529294,0.4,0.00,8.33,0.00,33.33,0.00,0.00,0.00,10663.0,95830.0,84688.0,86.0,7.5,0.5,40.5,160.425,0.350,0.2,49469324.0
2026-09-01T03:26:16,1.4,6456,1547350,1529295,0.4,0.00,4.10,0.00,16.39,0.00,0.00,0.00,10663.0,95830.0,84688.0,86.0,7.5,0.5,40.5,172.614,0.350,0.2,49469324.0
2026-09-01T03:26:17,1.3,6455,1547350,1529295,0.4,0.00,4.12,0.00,16.46,0.00,0.00,0.00,10663.0,95830.0,84688.0,86.0,7.5,0.5,40.5,169.182,0.350,0.2,49469324.0
2026-09-01T03:26:17,1.4,6456,1547350,1529294,0.4,0.00,4.07,0.00,16.26,0.00,0.00,0.00,10663.0,95830.0,84688.0,81.0,7.5,0.5,40.5,169.969,0.350,0.2,49469324.0
2026-09-01T03:26:17,0.7,6456,1547350,1529294,0.4,0.00,3.13,0.00,12.54,0.00,0.00,0.00,10663.0,95830.0,84688.0,81.0,1.5,0.5,9.0,148.630,0.302,0.2,47750344.5
2026-09-01T03:26:17,1.3,6456,1547350,1529294,0.4,0.00,3.02,0.00,12.08,0.00,0.00,0.30,10663.0,95830.0,84688.0,81.0,8.0,0.5,41.0,149.768,0.302,0.2,47750344.5
2026-09-01T03:26:18,1.4,6457,1547350,1529294,0.4,0.00,3.68,0.00,14.71,0.00,0.00,0.00,10663.0,95830.0,84688.0,79.0,7.0,0.5,39.5,148.596,0.302,0.2,47750344.5
2026-09-01T03:26:18,1.3,6456,1547350,1529294,0.4,0.00,3.88,0.00,15.50,0.00,0.00,0.00,10663.0,95830.0,84688.0,79.0,7.0,0.5,39.5,169.043,0.387,0.2,55074705.0
2026-09-01T03:26:18,1.2,6456,1547350,1529294,0.4,0.00,2.02,0.00,8.08,0.00,0.00,0.00,10663.0,95830.0,84688.0,79.0,1.0,0.5,7.5,156.010,0.387,0.2,55074705.0
2026-09-01T03:26:19,1.0,6456,1547350,1529294,0.4,0.00,2.92,0.00,11.70,0.00,0.00,0.00,10663.0,95830.0,84688.0,79.0,8.0,0.5,37.5,146.428,0.387,0.2,55074705.0
2026-09-01T03:26:19,1.3,6456,1547350,1529295,0.4,0.00,2.89,0.00,11.56,0.00,0.00,0.00,10663.0,95830.0,84688.0,79.0,8.5,0.5,41.5,148.577,0.280,0.2,32757675.5
2026-09-01T03:26:19,1.3,6456,1547350,1529294,0.4,0.00,3.03,0.00,12.12,0.00,0.00,0.00,10663.0,95830.0,84688.0,79.0,7.0,0.5,39.5,158.457,0.280,0.2,32757675.5
2026-09-01T03:26:20,1.6,6456,1547350,1529295,0.4,0.00,3.72,0.00,14.87,0.00,0.00,0.00,10663.0,95830.0,84688.0,79.0,5.0,0.5,29.0,160.637,0.280,0.2,32757675.5
2026-09-01T03:26:20,0.9,6456,1547350,1529294,0.4,0.00,2.75,0.00,11.02,0.00,1.00,0.00,10663.0,95830.0,84688.0,79.0,5.5,0.5,21.5,159.212,0.280,0.2,32757675.5
2026-09-01T03:26:20,1.3,6456,1547350,1529295,0.4,0.00,2.70,0.00,10.78,0.00,0.00,0.00,10663.0,95830.0,84688.0,79.0,7.0,0.5,40.5,157.970,0.346,0.2,54660487.5
2026-09-01T03:26:21,0.6,6456,1547350,1529294,0.4,0.00,2.86,0.00,11.43,0.00,0.00,0.00,10663.0,95830.0,84688.0,81.0,0.0,0.5,0.0,141.120,0.346,0.2,54660487.5
2026-09-01T03:26:21,1.3,6456,1547350,1529294,0.4,0.00,4.24,0.00,16.95,0.00,0.00,0.00,10663.0,95830.0,84688.0,81.0,7.0,0.5,30.0,145.637,0.346,0.2,54660487.5
2026-09-01T03:26:21,1.3,6455,1547350,1529295,0.4,0.00,3.36,0.00,13.42,0.00,0.00,0.00,10663.0,95830.0,84688.0,81.0,7.5,0.5,40.5,145.912,0.346,0.2,54660487.5
2026-09-01T03:26:22,0.9,6455,1547350,1529295,0.4,0.00,4.07,0.00,16.26,0.00,0.00,0.41,10663.0,95830.0,84688.0,81.0,2.5,0.5,16.0,139.455,0.243,0.2,32516233.5
2026-09-01T03:26:22,1.4,6455,1547350,1529295,0.4,0.00,3.66,0.00,14.65,0.00,0.00,0.00,10663.0,95830.0,84688.0,81.0,7.0,0.5,32.5,156.734,0.243,0.2,32516233.5
2026-09-01T03:26:22,1.3,6455,1547350,1529295,0.4,0.00,4.00,0.00,16.00,0.00,0.00,0.00,10663.0,95830.0,84688.0,81.0,7.0,0.5,40.0,156.246,0.243,0.2,32516233.5
2026-09-01T03:26:23,0.7,6454,1547350,1529296,0.4,0.00,2.52,0.00,10.08,0.00,0.00,0.00,10663.0,95830.0,84688.0,81.0,2.0,0.5,11.5,137.636,0.243,0.2,32516233.5
2026-09-01T03:26:23,1.4,6455,1547350,1529295,0.4,0.00,3.72,0.00,14.87,0.00,0.00,0.00,10663.0,95830.0,84688.0,23.0,9.0,0.5,43.0,146.050,0.303,0.2,41508605.0
2026-09-01T03:26:23,1.1,6454,1547350,1529296,0.4,0.00,4.05,0.00,16.19,0.00,0.00,0.00,10663.0,95830.0,84688.0,23.0,7.5,0.5,40.5,137.072,0.303,0.2,41508605.0
2026-09-01T03:26:23,1.1,6457,1547350,1529294,0.4,0.00,2.38,0.00,9.52,0.00,0.00,0.00,10663.0,95830.0,84688.0,23.0,9.0,0.5,42.5,148.041,0.303,0.2,41508605.0
2026-09-01T03:26:24,1.3,6457,1547350,1529293,0.4,0.00,2.92,0.00,11.70,0.00,0.00,0.00,10663.0,95830.0,84688.0,85.0,9.0,0.5,42.0,148.224,0.268,0.2,32001111.5
2026-09-01T03:26:24,0.6,6463,1547350,1529287,0.4,0.00,2.99,0.00,11.98,0.00,0.00,0.00,10663.0,95830.0,84688.0,85.0,2.5,0.5,15.5,134.925,0.268,0.2,32001111.5
2026-09-01T03:26:24,1.4,6464,1547350,1529287,0.4,0.00,3.01,0.00,12.05,0.00,0.00,0.00,10663.0,95830.0,84688.0,85.0,9.0,0.5,42.0,145.996,0.268,0.2,32001111.5
2026-09-01T03:26:25,0.7,6463,1547350,1529287,0.4,0.00,3.07,0.00,12.27,0.00,0.00,0.00,10663.0,95830.0,84688.0,84.0,0.0,0.5,0.0,126.726,0.268,0.2,32001111.5
2026-09-01T03:26:25,1.0,6464,1547350,1529287,0.4,0.00,4.31,0.00,17.24,0.00,0.00,0.00,10663.0,95830.0,84688.0,84.0,8.5,0.5,37.0,138.625,0.185,0.1,20517312.0
2026-09-01T03:26:25,1.3,6465,1547350,1529286,0.4,0.00,2.26,0.00,9.05,0.00,0.00,0.00,10663.0,95830.0,84688.0,84.0,8.5,0.5,41.5,141.207,0.185,0.1,20517312.0
2026-09-01T03:26:26,1.4,6464,1547350,1529287,0.4,0.00,4.00,0.00,16.00,0.00,0.00,0.00,10663.0,95830.0,84688.0,83.0,7.0,0.5,38.5,156.019,0.185,0.1,20517312.0
2026-09-01T03:26:26,1.3,6463,1547350,1529287,0.4,0.00,3.98,0.00,15.94,0.00,0.00,0.00,10663.0,95830.0,84688.0,83.0,7.0,0.5,39.5,161.696,0.185,0.1,20517312.0
2026-09-01T03:26:26,1.2,6464,1547350,1529286,0.4,0.00,3.77,0.00,15.09,0.00,1.00,0.00,10663.0,95830.0,84688.0,83.0,4.0,0.5,24.0,154.215,0.347,0.2,51708226.0
2026-09-01T03:26:27,1.3,6464,1547350,1529287,0.4,0.00,2.28,0.00,9.13,0.00,0.00,0.00,10663.0,95830.0,84688.0,48.0,6.5,0.5,27.5,155.032,0.347,0.2,51708226.0
2026-09-01T03:26:27,0.6,6463,1547350,1529287,0.4,0.00,3.19,0.00,12.78,0.00,0.00,0.00,10663.0,95830.0,84688.0,48.0,4.5,0.5,26.5,137.728,0.347,0.2,51708226.0
2026-09-01T03:26:27,1.1,6464,1547350,1529286,0.4,0.00,4.17,0.00,16.67,0.00,0.00,0.00,10663.0,95830.0,84688.0,48.0,8.5,0.5,37.5,128.632,0.347,0.2,51708226.0
2026-09-01T03:26:28,1.3,6464,1547350,1529286,0.4,0.00,2.79,0.00,11.14,0.00,0.00,0.00,10663.0,95830.0,84688.0,48.0,1.0,0.5,5.5,136.569,0.245,0.2,25668466.0
2026-09-01T03:26:28,1.3,6464,1547350,1529286,0.4,0.00,4.03,0.00,16.13,0.00,0.00,0.00,10663.0,95830.0,84688.0,11.0,7.0,0.5,39.5,150.635,0.245,0.2,25668466.0
2026-09-01T03:26:28,0.7,6464,1547350,1529286,0.4,0.00,2.76,0.00,11.05,0.00,0.00,0.00,10663.0,95830.0,84688.0,11.0,4.5,0.5,27.0,143.721,0.245,0.2,25668466.0
2026-09-01T03:26:29,1.4,6465,1547350,1529286,0.4,0.00,3.40,0.00,13.61,0.00,0.00,0.00,10663.0,95830.0,84688.0,11.0,8.5,0.5,37.5,148.406,0.245,0.2,25668466.0
2026-09-01T03:26:29,1.1,6466,1547350,1529284,0.4,0.00,3.94,0.00,15.75,0.00,0.00,0.00,10663.0,95830.0,84688.0,75.0,3.0,0.5,19.0,143.184,0.273,0.2,35402696.5
2026-09-01T03:26:29,1.0,6466,1547350,1529285,0.4,0.00,2.03,0.00,8.11,0.00,0.00,0.00,10663.0,95830.0,84688.0,75.0,3.5,0.5,20.5,146.966,0.273,0.2,35402696.5
2026-09-01T03:26:30,1.1,6465,1547350,1529285,0.4,0.00,2.62,0.00,10.47,0.00,0.00,0.00,10663.0,95830.0,84688.0,55.0,3.5,0.5,20.5,137.367,0.273,0.2,35402696.5
2026-09-01T03:26:30,1.3,6465,1547350,1529285,0.4,0.00,3.82,0.00,15.27,0.00,0.00,0.00,10663.0,95830.0,84688.0,55.0,7.0,0.5,30.0,150.741,0.273,0.2,35402696.5
2026-09-01T03:26:30,1.4,6467,1547350,1529283,0.4,0.00,4.20,0.00,16.81,0.00,0.00,0.00,10663.0,95830.0,84688.0,55.0,7.0,0.5,38.0,156.348,0.281,0.2,34457039.5
2026-09-01T03:26:30,1.5,6468,1547350,1529282,0.4,0.00,4.07,0.00,16.26,0.00,0.00,0.00,10663.0,95830.0,84688.0,55.0,7.0,0.5,38.0,155.820,0.281,0.2,34457039.5
2026-09-01T03:26:31,1.0,6467,1547350,1529283,0.4,0.00,3.88,0.00,15.50,0.00,0.00,0.00,10755.0,95830.0,84596.0,76.0,5.5,0.5,31.5,153.575,0.281,0.2,34457039.5
2026-09-01T03:26:31,1.3,6467,1547350,1529283,0.4,0.00,3.12,0.00,12.50,0.00,0.00,0.00,10755.0,95830.0,84596.0,76.0,4.0,0.5,16.0,156.990,0.281,0.2,34457039.5
2026-09-01T03:26:31,1.4,6467,1547350,1529283,0.4,0.00,3.98,0.00,15.94,0.00,0.00,0.00,10755.0,95830.0,84596.0,76.0,8.5,0.5,41.5,157.109,0.334,0.2,46377472.0
2026-09-01T03:26:32,1.1,6468,1547350,1529282,0.4,0.00,24.92,0.00,112.15,0.00,0.12,0.00,10755.0,95830.0,84596.0,76.0,7.0,0.5,38.5,150.968,0.334,0.2,46377472.0
2026-09-01T03:26:32,1.4,6468,1547350,1529282,0.4,0.00,3.39,0.00,13.56,0.00,0.00,0.00,10755.0,95830.0,84596.0,77.0,8.5,0.5,40.5,145.362,0.334,0.2,46377472.0
2026-09-01T03:26:32,1.0,6469,1547350,1529281,0.4,0.00,2.70,0.00,10.78,0.00,0.00,0.00,10755.0,95830.0,84596.0,77.0,1.5,0.5,7.5,148.267,0.334,0.2,46377472.0
2026-09-01T03:26:33,1.3,6470,1547350,1529280,0.4,0.00,3.08,0.00,12.31,0.00,0.00,0.00,10755.0,95830.0,84596.0,77.0,7.0,0.5,39.0,158.185,0.301,0.2,39751055.0
2026-09-01T03:26:33,1.4,6469,1547350,1529281,0.4,0.00,3.94,0.00,15.75,0.00,0.00,0.00,10755.0,95830.0,84596.0,78.0,7.0,0.5,39.0,160.922,0.301,0.2,39751055.0
2026-09-01T03:26:33,1.3,6470,1547350,1529281,0.4,0.00,4.07,0.00,16.26,0.00,0.00,0.00,10755.0,95830.0,84596.0,78.0,7.5,0.5,40.5,169.841,0.301,0.2,39751055.0
2026-09-01T03:26:33,1.3,6471,1547350,1529279,0.4,0.00,4.02,0.00,16.06,0.00,0.00,0.00,10755.0,95830.0,84596.0,78.0,7.0,0.5,39.0,155.030,0.343,0.2,55634858.5
2026-09-01T03:26:34,1.2,6471,1547350,1529279,0.4,0.00,1.72,0.00,6.88,0.00,0.00,0.00,10755.0,95830.0,84596.0,78.0,2.0,0.5,13.0,157.574,0.343,0.2,55634858.5
2026-09-01T03:26:34,1.3,6471,1547350,1529279,0.4,0.00,4.03,0.00,16.13,0.00,0.00,0.00,10755.0,95830.0,84596.0,78.0,7.0,0.5,39.0,156.817,0.343,0.2,55634858.5
2026-09-01T03:26:34,1.4,6480,1547350,1529270,0.4,0.00,4.07,0.00,16.26,0.00,0.00,0.00,10755.0,95830.0,84596.0,78.0,7.0,0.5,38.5,155.751,0.343,0.2,55634858.5
2026-09-01T03:26:35,1.4,6480,1547350,1529270,0.4,0.00,3.25,0.00,12.99,0.00,0.00,0.00,10755.0,95830.0,84596.0,75.0,6.5,0.5,37.5,167.727,0.384,0.2,58936379.5
2026-09-01T03:26:35,1.4,6480,1547350,1529271,0.4,0.00,4.13,0.00,16.53,0.00,0.00,0.00,10755.0,95830.0,84596.0,75.0,7.0,0.5,39.0,165.163,0.384,0.2,58936379.5
2026-09-01T03:26:35,1.4,6481,1547350,1529269,0.4,0.00,4.13,0.00,16.53,0.00,0.00,0.00,10755.0,95830.0,84596.0,75.0,7.5,0.5,40.0,166.591,0.384,0.2,58936379.5
2026-09-01T03:26:35,1.0,6481,1547350,1529269,0.4,0.00,3.98,0.00,15.94,0.00,1.00,0.00,10755.0,95830.0,84596.0,75.0,5.5,0.5,31.0,157.020,0.384,0.2,58936379.5
2026-09-01T03:26:36,1.1,6481,1547350,1529270,0.4,0.00,2.80,0.00,11.20,0.00,0.00,0.00,10755.0,95830.0,84596.0,62.0,5.0,0.5,19.5,147.217,0.295,0.2,40749099.0
2026-09-01T03:26:36,1.3,6481,1547350,1529269,0.4,0.00,3.02,0.00,12.08,0.00,0.00,0.00,10755.0,95830.0,84596.0,62.0,8.0,0.5,32.5,149.959,0.295,0.2,40749099.0
2026-09-01T03:26:36,1.3,6481,1547350,1529269,0.4,0.00,4.12,0.00,16.46,0.00,0.00,0.00,10755.0,95830.0,84596.0,62.0,7.0,0.5,40.0,158.280,0.295,0.2,40749099.0
2026-09-01T03:26:37,1.3,6482,1547350,1529268,0.4,0.00,8.88,0.00,47.34,0.00,0.00,0.00,10755.0,95830.0,84596.0,76.0,7.0,0.5,38.0,158.439,0.295,0.2,40749099.0
2026-09-01T03:26:37,1.5,6482,1547350,1529268,0.4,0.00,4.07,0.00,16.26,0.00,0.00,0.00,10755.0,95830.0,84596.0,76.0,4.0,0.5,24.0,163.930,0.396,0.2,58026686.5
2026-09-01T03:26:37,0.5,6482,1547350,1529268,0.4,0.00,3.41,0.00,13.65,0.00,0.00,0.34,10755.0,95830.0,84596.0,76.0,0.0,0.5,0.0,146.060,0.396,0.2,58026686.5
2026-09-01T03:26:38,1.3,6481,1547350,1529269,0.4,0.00,19.61,0.00,141.46,0.00,0.00,0.00,10755.0,95830.0,84596.0,76.0,7.0,0.5,39.0,148.142,0.396,0.2,58026686.5
2026-09-01T03:26:38,1.3,6480,1547350,1529271,0.4,0.00,2.25,0.00,8.99,0.00,0.00,0.00,10755.0,95830.0,84596.0,78.0,7.0,0.5,39.0,160.488,0.292,0.2,40612180.5
2026-09-01T03:26:38,1.3,6480,1547350,1529270,0.4,0.00,4.00,0.00,16.00,0.00,0.00,0.00,10755.0,95830.0,84596.0,78.0,7.0,0.5,39.5,169.242,0.292,0.2,40612180.5
2026-09-01T03:26:39,1.4,6480,1547350,1529270,0.4,0.00,3.08,0.00,12.31,0.00,0.00,0.00,10755.0,95830.0,84596.0,78.0,7.0,0.5,40.0,168.579,0.292,0.2,40612180.5
2026-09-01T03:26:39,1.3,6480,1547350,1529271,0.4,0.00,3.58,0.00,14.34,0.00,0.00,0.00,10755.0,95830.0,84596.0,80.0,7.5,0.5,40.0,169.177,0.292,0.2,40612180.5
2026-09-01T03:26:39,1.5,6479,1547350,1529271,0.4,0.00,4.88,0.00,19.51,0.00,0.00,0.00,10755.0,95830.0,84596.0,80.0,2.0,0.5,11.5,156.464,0.351,0.2,55291967.0
2026-09-01T03:26:40,1.0,6479,1547350,1529271,0.4,0.00,1.94,0.00,7.75,0.00,0.00,0.00,10755.0,95830.0,84596.0,80.0,7.0,0.5,40.0,157.006,0.351,0.2,55291967.0
2026-09-01T03:26:40,1.1,6479,1547350,1529271,0.4,0.00,4.12,0.00,16.46,0.00,1.00,0.00,10755.0,95830.0,84596.0,80.0,3.0,0.5,17.5,145.994,0.351,0.2,55291967.0
2026-09-01T03:26:40,1.0,6478,1547350,1529272,0.4,0.00,4.18,0.00,16.74,0.00,0.00,0.00,10755.0,95830.0,84596.0,80.0,1.5,0.5,8.5,145.334,0.351,0.2,55291967.0
2026-09-01T03:26:40,1.3,6478,1547350,1529272,0.4,0.00,2.92,0.00,11.70,0.00,0.00,0.00,10755.0,95830.0,84596.0,80.0,9.0,0.5,42.5,149.088,0.300,0.2,36025085.0
2026-09-01T03:26:41,0.9,6477,1547350,1529273,0.4,0.00,3.46,0.00,13.84,0.00,0.00,0.00,10755.0,95830.0,84596.0,60.0,5.0,0.5,30.0,138.457,0.300,0.2,36025085.0
2026-09-01T03:26:41,1.4,6477,1547350,1529273,0.4,0.00,4.10,0.00,16.39,0.00,0.00,0.00,10755.0,95830.0,84596.0,60.0,8.0,0.5,41.5,150.594,0.300,0.2,36025085.0
2026-09-01T03:26:41,1.3,6476,1547350,1529274,0.4,0.00,4.00,0.00,16.00,0.00,0.00,0.00,10755.0,95830.0,84596.0,60.0,7.5,0.5,40.5,162.541,0.300,0.2,36025085.0
2026-09-01T03:26:42,0.6,6478,1547350,1529272,0.4,0.00,2.49,0.00,9.98,0.00,0.00,0.00,10755.0,95830.0,84596.0,60.0,0.0,0.5,0.0,135.098,0.225,0.1,29260607.0
2026-09-01T03:26:42,1.3,6478,1547350,1529273,0.4,0.00,3.89,0.00,15.56,0.00,0.00,0.00,10755.0,95830.0,84596.0,0.0,9.5,0.5,42.5,144.024,0.225,0.1,29260607.0
2026-09-01T03:26:42,1.3,6477,1547350,1529274,0.4,0.00,7.97,0.00,31.87,0.00,0.00,0.00,10755.0,95830.0,84596.0,0.0,7.5,0.5,40.5,144.418,0.225,0.1,29260607.0
2026-09-01T03:26:42,1.3,6477,1547350,1529273,0.4,0.00,4.24,0.00,16.95,0.00,0.00,0.00,10755.0,95830.0,84596.0,0.0,7.5,0.5,40.5,165.647,0.225,0.1,29260607.0
2026-09-01T03:26:43,1.3,6476,1547350,1529274,0.4,0.00,2.63,0.00,10.53,0.00,0.00,0.00,10755.0,95830.0,84596.0,81.0,7.5,0.5,40.5,170.981,0.403,0.3,58427271.5
2026-09-01T03:26:43,1.4,6476,1547350,1529275,0.4,0.00,4.07,0.00,16.26,0.00,0.00,0.00,10755.0,95830.0,84596.0,81.0,7.5,0.5,40.5,168.634,0.403,0.3,58427271.5
2026-09-01T03:26:43,0.6,6476,1547350,1529275,0.4,0.00,2.85,0.00,11.40,0.00,0.00,0.00,10755.0,95830.0,84596.0,81.0,0.5,0.5,3.5,144.343,0.403,0.3,58427271.5
2026-09-01T03:26:44,1.6,6475,1547350,1529275,0.4,0.00,3.39,0.00,13.56,0.00,0.00,0.00,10755.0,95830.0,84596.0,74.0,7.0,0.5,37.0,136.853,0.238,0.2,30951500.0
2026-09-01T03:26:44,1.0,6476,1547350,1529274,0.4,0.00,2.67,0.00,10.67,0.00,0.00,0.00,10755.0,95830.0,84596.0,74.0,9.0,0.5,43.0,138.331,0.238,0.2,30951500.0
2026-09-01T03:26:44,1.6,6476,1547350,1529274,0.4,0.00,4.08,0.00,16.33,0.00,0.00,0.00,10755.0,95830.0,84596.0,74.0,0.5,0.5,2.5,137.537,0.238,0.2,30951500.0
2026-09-01T03:26:45,0.7,6486,1547350,1529264,0.4,0.00,2.08,0.00,8.33,0.00,0.00,0.00,10755.0,95830.0,84596.0,5.0,6.5,0.5,26.5,151.594,0.238,0.2,30951500.0
2026-09-01T03:26:45,1.3,6486,1547350,1529265,0.4,0.00,4.24,0.00,16.95,0.00,0.00,0.00,10755.0,95830.0,84596.0,5.0,7.0,0.5,39.5,149.574,0.299,0.2,38136828.0
2026-09-01T03:26:45,1.1,6485,1547350,1529265,0.4,0.00,5.00,0.00,20.00,0.00,0.00,0.00,10755.0,95830.0,84596.0,5.0,3.5,0.5,20.5,150.415,0.299,0.2,38136828.0
2026-09-01T03:26:46,1.1,6485,1547350,1529265,0.4,0.00,2.11,0.00,8.46,0.00,0.00,0.00,10755.0,95830.0,84596.0,5.0,2.0,0.5,12.0,145.613,0.299,0.2,38136828.0
2026-09-01T03:26:46,1.3,6486,1547350,1529264,0.4,0.00,4.03,0.00,16.13,0.00,0.00,0.00,10757.0,95830.0,84594.0,61.0,8.5,0.5,37.5,149.276,0.299,0.2,38136828.0
2026-09-01T03:26:46,1.0,6486,1547350,1529264,0.4,0.00,4.07,0.00,16.26,0.00,0.00,0.00,10757.0,95830.0,84594.0,61.0,7.0,0.5,39.5,149.461,0.271,0.2,33701282.5
2026-09-01T03:26:46,1.1,6485,1547350,1529265,0.4,0.00,3.48,0.00,13.94,0.00,1.00,0.00,10757.0,95830.0,84594.0,61.0,8.0,0.5,36.5,143.505,0.271,0.2,33701282.5
2026-09-01T03:26:47,1.1,6485,1547350,1529265,0.4,0.00,2.51,0.00,10.05,0.00,0.00,0.00,10757.0,95830.0,84594.0,73.0,5.5,0.5,29.5,137.351,0.271,0.2,33701282.5
2026-09-01T03:26:47,1.3,6485,1547350,1529265,0.4,0.00,2.94,0.00,11.76,0.00,0.00,0.00,10757.0,95830.0,84594.0,73.0,5.5,0.5,22.0,150.901,0.271,0.2,33701282.5
2026-09-01T03:26:47,1.3,6485,1547350,1529265,0.4,0.00,4.22,0.00,16.88,0.00,0.00,0.42,10757.0,95830.0,84594.0,73.0,7.5,0.5,40.5,162.143,0.298,0.2,39159431.5
2026-09-01T03:26:48,1.4,6485,1547350,1529265,0.4,0.00,5.71,0.00,22.86,0.00,0.00,0.00,10757.0,95830.0,84594.0,81.0,7.5,0.5,40.5,160.344,0.298,0.2,39159431.5
2026-09-01T03:26:48,0.6,6485,1547350,1529265,0.4,0.00,2.70,0.00,10.78,0.00,0.00,0.00,10757.0,95830.0,84594.0,81.0,0.5,0.5,2.5,146.695,0.298,0.2,39159431.5
2026-09-01T03:26:48,1.4,6485,1547350,1529266,0.4,0.00,3.68,0.00,14.71,0.00,0.00,0.00,10757.0,95830.0,84594.0,81.0,7.5,0.5,40.5,146.620,0.287,0.2,40490602.5
2026-09-01T03:26:49,0.7,6487,1547350,1529264,0.4,0.00,2.09,0.00,8.37,0.00,0.00,0.00,10757.0,95830.0,84594.0,81.0,0.0,0.5,0.0,144.222,0.287,0.2,40490602.5
2026-09-01T03:26:49,1.1,6487,1547350,1529263,0.4,0.00,2.50,0.00,10.00,0.00,0.00,0.00,10757.0,95830.0,84594.0,81.0,3.5,0.5,21.0,132.755,0.287,0.2,40490602.5
2026-09-01T03:26:49,1.1,6489,1547350,1529261,0.4,0.00,4.02,0.00,16.06,0.00,0.00,0.00,10757.0,95830.0,84594.0,81.0,2.0,0.5,11.5,132.912,0.181,0.1,17866884.0
2026-09-01T03:26:50,1.3,6490,1547350,1529260,0.4,0.00,2.76,0.00,11.05,0.00,0.00,0.00,10757.0,95830.0,84594.0,62.0,9.0,0.5,39.0,150.270,0.181,0.1,17866884.0
2026-09-01T03:26:50,1.4,6489,1547350,1529261,0.4,0.00,4.22,0.00,16.88,0.00,0.00,0.00,10757.0,95830.0,84594.0,62.0,7.0,0.5,40.0,153.083,0.181,0.1,17866884.0
2026-09-01T03:26:50,1.3,6489,1547350,1529261,0.4,0.00,4.26,0.00,17.02,0.00,0.00,0.00,10757.0,95830.0,84594.0,62.0,7.5,0.5,40.0,159.270,0.181,0.1,17866884.0
2026-09-01T03:26:51,0.8,6489,1547350,1529261,0.4,0.00,2.35,0.00,9.41,0.00,0.00,0.00,10757.0,95830.0,84594.0,80.0,2.0,0.5,13.5,143.897,0.293,0.2,40588957.0
2026-09-01T03:26:51,1.3,6489,1547350,1529261,0.4,0.00,4.02,0.00,16.06,0.00,0.00,0.00,10757.0,95830.0,84594.0,80.0,1.5,0.5,7.5,147.445,0.293,0.2,40588957.0
2026-09-01T03:26:51,1.4,6490,1547350,1529261,0.4,0.00,3.88,0.00,15.50,0.00,0.00,0.00,10757.0,95830.0,84594.0,80.0,7.0,0.5,39.5,146.180,0.293,0.2,40588957.0
2026-09-01T03:26:52,0.4,6489,1547350,1529262,0.4,0.00,2.54,0.00,10.18,0.00,0.00,0.00,10757.0,95830.0,84594.0,29.0,0.0,0.5,0.0,132.542,0.293,0.2,40588957.0
2026-09-01T03:26:52,1.3,6489,1547350,1529261,0.4,0.00,4.08,0.00,16.33,0.00,0.00,0.00,10757.0,95830.0,84594.0,29.0,7.0,0.5,30.0,140.196,0.264,0.2,33953893.0
2026-09-01T03:26:52,1.3,6489,1547350,1529261,0.4,0.00,3.80,0.00,15.21,0.00,0.00,0.38,10757.0,95830.0,84594.0,29.0,7.0,0.5,40.0,139.555,0.264,0.2,33953893.0
2026-09-01T03:26:52,1.4,6489,1547350,1529262,0.4,0.00,4.02,0.00,16.06,0.00,0.00,0.00,10757.0,95830.0,84594.0,29.0,7.0,0.5,40.0,163.563,0.264,0.2,33953893.0
2026-09-01T03:26:53,0.7,6488,1547350,1529262,0.4,0.00,2.17,0.00,8.70,0.00,0.00,0.22,10757.0,95830.0,84594.0,80.0,0.0,0.5,1.0,144.264,0.264,0.2,33953893.0
2026-09-01T03:26:53,1.3,6487,1547350,1529263,0.4,0.00,4.07,0.00,16.26,0.00,0.00,0.00,10757.0,95830.0,84594.0,80.0,6.5,0.5,27.0,146.698,0.302,0.2,43726611.0
2026-09-01T03:26:53,1.3,6487,1547350,1529263,0.4,0.00,7.91,0.00,31.62,0.00,0.50,0.00,10757.0,95830.0,84594.0,80.0,7.5,0.5,40.5,147.120,0.302,0.2,43726611.0
2026-09-01T03:26:54,1.4,6487,1547350,1529263,0.4,0.00,3.09,0.00,12.35,0.00,0.00,0.31,10757.0,95830.0,84594.0,81.0,7.5,0.5,40.5,156.032,0.302,0.2,43726611.0
2026-09-01T03:26:54,1.4,6487,1547350,1529263,0.4,0.00,3.95,0.00,15.81,0.00,0.00,0.00,10757.0,95830.0,84594.0,81.0,7.5,0.5,40.5,167.083,0.302,0.2,43726611.0
2026-09-01T03:26:54,0.6,6488,1547350,1529262,0.4,0.00,2.87,0.00,11.46,0.00,0.00,0.00,10757.0,95830.0,84594.0,81.0,0.0,0.5,0.0,142.783,0.295,0.2,46375659.5
2026-09-01T03:26:55,1.1,6487,1547350,1529263,0.4,0.00,2.28,0.00,9.13,0.00,0.00,0.00,10757.0,95830.0,84594.0,43.0,6.5,0.5,37.0,136.020,0.295,0.2,46375659.5
2026-09-01T03:26:55,1.3,6491,1547350,1529259,0.4,0.00,3.53,0.00,14.13,0.00,0.00,0.00,10757.0,95830.0,84594.0,43.0,3.0,0.5,14.0,138.442,0.295,0.2,46375659.5
2026-09-01T03:26:55,1.4,6491,1547350,1529259,0.4,0.00,3.55,0.00,14.18,0.00,0.00,0.00,10757.0,95830.0,84594.0,43.0,7.5,0.5,41.0,163.012,0.295,0.2,46375659.5
2026-09-01T03:26:56,1.4,6491,1547350,1529259,0.4,0.00,3.91,0.00,15.62,0.00,0.00,0.00,10757.0,95830.0,84594.0,43.0,7.5,0.5,40.5,161.151,0.353,0.2,47286000.0
2026-09-01T03:26:56,1.3,6491,1547350,1529260,0.4,0.00,4.20,0.00,16.81,0.00,0.00,0.00,10757.0,95830.0,84594.0,81.0,7.0,0.5,40.5,171.602,0.353,0.2,47286000.0
2026-09-01T03:26:56,1.3,6492,1547350,1529259,0.4,0.00,4.27,0.00,17.09,0.00,0.00,0.00,10757.0,95830.0,84594.0,81.0,7.5,0.5,40.5,169.911,0.353,0.2,47286000.0
2026-09-01T03:26:56,1.3,6491,1547350,1529259,0.4,0.00,3.94,0.00,15.75,0.00,0.00,0.00,10757.0,95830.0,84594.0,81.0,7.5,0.5,40.5,169.791,0.353,0.2,47286000.0
2026-09-01T03:26:57,1.3,6491,1547350,1529259,0.4,0.00,3.07,0.00,12.27,0.00,0.00,0.00,10757.0,95830.0,84594.0,81.0,7.5,0.5,40.5,168.231,0.403,0.2,63529733.5
2026-09-01T03:26:57,0.6,6491,1547350,1529259,0.4,0.00,3.38,0.00,13.51,0.00,0.00,0.00,10757.0,95830.0,84594.0,81.0,0.5,0.5,2.5,145.117,0.403,0.2,63529733.5
2026-09-01T03:26:57,1.3,6491,1547350,1529259,0.4,0.00,3.64,0.00,14.55,0.00,0.00,0.00,10757.0,95830.0,84594.0,81.0,5.0,0.5,19.5,147.716,0.403,0.2,63529733.5
2026-09-01T03:26:57,1.3,6491,1547350,1529259,0.4,0.00,4.17,0.00,16.67,0.00,0.00,0.00,10757.0,95830.0,84594.0,81.0,7.0,0.5,40.0,147.585,0.403,0.2,63529733.5
2026-09-01T03:26:58,1.2,6492,1547350,1529259,0.4,0.00,2.33,0.00,9.32,0.00,0.00,0.00,10757.0,95830.0,84594.0,80.0,4.0,0.5,24.0,159.512,0.277,0.2,39278272.5
2026-09-01T03:26:58,1.3,6493,1547350,1529258,0.4,0.00,3.80,0.00,15.21,0.00,0.00,0.00,10757.0,95830.0,84594.0,80.0,6.0,0.5,27.0,158.803,0.277,0.2,39278272.5
2026-09-01T03:26:58,1.3,6493,1547350,1529258,0.4,0.00,4.20,0.00,16.81,0.00,0.00,0.00,10757.0,95830.0,84594.0,80.0,7.0,0.5,40.5,159.023,0.277,0.2,39278272.5
2026-09-01T03:26:59,1.3,6493,1547350,1529257,0.4,0.00,2.98,0.00,11.90,0.00,0.00,0.00,10757.0,95830.0,84594.0,81.0,7.5,0.5,40.5,160.794,0.277,0.2,39278272.5
2026-09-01T03:26:59,1.6,6492,1547350,1529258,0.4,0.00,3.86,0.00,15.44,0.00,0.00,0.00,10757.0,95830.0,84594.0,81.0,7.5,0.5,40.5,158.248,0.355,0.2,51298461.0
2026-09-01T03:26:59,1.0,6492,1547350,1529258,0.4,0.00,5.46,0.00,21.86,0.00,0.00,0.00,10757.0,95830.0,84594.0,81.0,6.5,0.5,25.5,159.670,0.355,0.2,51298461.0
2026-09-01T03:27:00,1.3,6492,1547350,1529258,0.4,0.00,4.07,0.00,16.26,0.00,0.00,0.00,10757.0,95830.0,84594.0,81.0,7.0,0.5,40.0,159.038,0.355,0.2,51298461.0
2026-09-01T03:27:00,1.3,6492,1547350,1529258,0.4,0.00,3.66,0.00,14.65,0.00,0.00,0.00,10757.0,95830.0,84594.0,80.0,7.0,0.5,40.0,158.878,0.355,0.2,51298461.0
2026-09-01T03:27:00,1.3,6492,1547350,1529259,0.4,0.00,4.00,0.00,16.00,0.00,1.00,0.40,10757.0,95830.0,84594.0,80.0,7.0,0.5,39.5,170.142,0.367,0.2,58890506.0
2026-09-01T03:27:00,1.3,6492,1547350,1529259,0.4,0.00,4.10,0.00,16.39,0.00,0.00,0.00,10757.0,95830.0,84594.0,80.0,7.5,0.5,40.5,168.573,0.367,0.2,58890506.0
2026-09-01T03:27:01,1.4,6491,1547350,1529259,0.4,0.00,3.75,0.00,14.98,0.00,0.00,0.00,10757.0,95830.0,84594.0,80.0,7.5,0.5,40.5,169.952,0.367,0.2,58890506.0
2026-09-01T03:27:01,1.1,6491,1547350,1529260,0.4,0.00,4.07,0.00,16.26,0.00,0.00,0.00,10757.0,95830.0,84594.0,81.0,7.5,0.5,41.0,158.763,0.367,0.2,58890506.0
2026-09-01T03:27:01,1.3,6491,1547350,1529259,0.4,0.00,4.24,0.00,16.95,0.00,0.00,0.00,10757.0,95830.0,84594.0,81.0,3.0,0.5,15.5,161.450,0.367,0.2,58890506.0
2026-09-01T03:27:01,1.4,6497,1547350,1529253,0.4,0.00,4.10,0.00,16.39,0.00,0.00,0.00,10757.0,95830.0,84594.0,81.0,7.5,0.5,40.5,149.324,0.318,0.2,43896438.0
2026-09-01T03:27:02,1.5,6497,1547350,1529253,0.4,0.00,2.58,0.00,10.31,0.00,0.00,0.00,10757.0,95830.0,84594.0,30.0,3.0,0.5,16.5,150.892,0.318,0.2,43896438.0
2026-09-01T03:27:02,0.9,6500,1547350,1529251,0.4,0.00,2.66,0.00,10.64,0.00,0.00,0.00,10757.0,95830.0,84594.0,30.0,9.5,0.5,42.5,146.840,0.318,0.2,43896438.0
2026-09-01T03:27:03,1.1,6499,1547350,1529251,0.4,0.00,2.11,0.00,8.42,0.00,0.00,0.00,10757.0,95830.0,84594.0,30.0,1.0,0.5,7.0,139.743,0.236,0.2,25980226.5
2026-09-01T03:27:03,1.3,6500,1547350,1529251,0.4,0.00,3.62,0.00,14.49,0.00,0.00,0.00,10757.0,95830.0,84594.0,14.0,9.0,0.5,42.0,151.865,0.236,0.2,25980226.5
2026-09-01T03:27:03,1.3,6500,1547350,1529250,0.4,0.00,3.94,0.00,15.75,0.00,0.00,0.00,10757.0,95830.0,84594.0,14.0,6.5,0.5,37.5,149.464,0.236,0.2,25980226.5
2026-09-01T03:27:03,1.3,6500,1547350,1529250,0.4,0.00,4.03,0.00,16.13,0.00,0.00,0.00,10757.0,95830.0,84594.0,14.0,7.0,0.5,39.5,156.258,0.236,0.2,25980226.5
2026-09-01T03:27:04,1.3,6500,1547350,1529250,0.4,0.00,3.97,0.00,15.87,0.00,0.00,0.00,10757.0,95830.0,84594.0,14.0,7.0,0.5,38.0,167.032,0.236,0.2,25980226.5
2026-09-01T03:27:04,1.3,6499,1547350,1529252,0.4,0.00,4.10,0.00,16.39,0.00,0.00,0.00,10757.0,95830.0,84594.0,76.0,7.0,0.5,40.0,165.706,0.383,0.2,55666794.5
2026-09-01T03:27:04,0.7,6499,1547350,1529252,0.4,0.00,3.82,0.00,15.27,0.00,0.00,0.00,10757.0,95830.0,84594.0,76.0,6.5,0.5,28.5,132.876,0.383,0.2,55666794.5
2026-09-01T03:27:05,1.0,6498,1547350,1529252,0.4,0.00,11.94,0.00,47.75,0.00,0.11,0.00,10757.0,95830.0,84594.0,57.0,7.0,0.5,39.5,132.134,0.252,0.2,36187519.5
2026-09-01T03:27:05,1.3,6499,1547350,1529252,0.4,0.00,4.12,0.00,16.46,0.00,0.00,0.00,10757.0,95830.0,84594.0,57.0,7.0,0.5,40.0,141.594,0.252,0.2,36187519.5
2026-09-01T03:27:05,1.4,6504,1547350,1529246,0.4,0.00,4.15,0.00,16.60,0.00,0.00,0.00,10757.0,95830.0,84594.0,57.0,7.0,0.5,40.0,165.324,0.252,0.2,36187519.5
2026-09-01T03:27:06,1.4,6505,1547350,1529245,0.4,0.00,3.89,0.00,15.56,0.00,0.00,0.00,10757.0,95830.0,84594.0,57.0,7.0,0.5,40.0,167.789,0.252,0.2,36187519.5
2026-09-01T03:27:06,1.4,6504,1547350,1529246,0.4,0.00,3.95,0.00,15.81,0.00,0.00,0.00,10757.0,95830.0,84594.0,80.0,7.0,0.5,40.0,168.201,0.252,0.2,36187519.5
2026-09-01T03:27:06,1.4,6504,1547350,1529247,0.4,0.00,4.10,0.00,16.39,0.00,1.00,0.00,10757.0,95830.0,84594.0,80.0,7.0,0.5,39.5,168.660,0.396,0.2,62103316.0
2026-09-01T03:27:06,1.5,6504,1547350,1529246,0.4,0.00,4.20,0.00,16.81,0.00,0.00,0.00,10757.0,95830.0,84594.0,80.0,3.5,0.5,20.0,157.824,0.396,0.2,62103316.0
2026-09-01T03:27:07,1.0,6504,1547350,1529246,0.4,0.00,2.34,0.00,9.35,0.00,0.00,0.00,10757.0,95830.0,84594.0,60.0,7.0,0.5,39.5,159.088,0.396,0.2,62103316.0
2026-09-01T03:27:07,1.4,6503,1547350,1529247,0.4,0.00,3.98,0.00,15.94,0.00,0.00,0.00,10757.0,95830.0,84594.0,60.0,7.0,0.5,40.0,158.583,0.396,0.2,62103316.0
2026-09-01T03:27:07,1.4,6503,1547350,1529247,0.4,0.00,4.05,0.00,16.19,0.00,0.00,0.00,10757.0,95830.0,84594.0,60.0,7.0,0.5,39.5,159.174,0.341,0.2,49407957.0
2026-09-01T03:27:07,1.3,6503,1547350,1529247,0.4,0.00,4.00,0.00,16.00,0.00,0.00,0.00,10757.0,95830.0,84594.0,60.0,7.0,0.5,40.0,168.049,0.341,0.2,49407957.0
2026-09-01T03:27:08,0.6,6504,1547350,1529246,0.4,0.00,9.52,0.00,100.00,0.00,0.00,0.00,10757.0,95830.0,84594.0,80.0,0.5,0.5,4.5,146.060,0.341,0.2,49407957.0
2026-09-01T03:27:08,1.3,6504,1547350,1529246,0.4,0.00,3.80,0.00,15.21,0.00,0.00,0.00,10757.0,95830.0,84594.0,80.0,8.0,0.5,42.0,149.245,0.341,0.2,49407957.0
2026-09-01T03:27:08,1.7,6507,1547350,1529244,0.4,0.00,7.91,0.00,31.62,0.00,0.00,0.00,10757.0,95830.0,84594.0,80.0,2.5,0.5,15.0,139.724,0.268,0.2,36701322.5
2026-09-01T03:27:09,1.4,6508,1547350,1529243,0.4,0.00,3.31,0.00,13.25,0.00,0.00,0.00,10757.0,95830.0,84594.0,73.0,8.5,0.5,36.5,153.999,0.268,0.2,36701322.5
2026-09-01T03:27:09,0.6,6508,1547350,1529242,0.4,0.00,2.81,0.00,11.24,0.00,0.00,0.00,10757.0,95830.0,84594.0,73.0,0.0,0.5,0.5,136.854,0.268,0.2,36701322.5
2026-09-01T03:27:09,1.3,6508,1547350,1529242,0.4,0.00,4.13,0.00,16.53,0.00,0.00,0.00,10757.0,95830.0,84594.0,73.0,6.0,0.5,24.0,148.329,0.268,0.2,36701322.5
2026-09-01T03:27:10,0.5,6508,1547350,1529243,0.4,0.00,254.67,0.00,1570.09,0.00,0.17,0.00,10757.0,95830.0,84594.0,1.0,1.5,0.5,6.5,121.546,0.204,0.1,23829325.0
2026-09-01T03:27:10,1.3,6508,1547350,1529242,0.4,0.00,3.80,0.00,15.21,0.00,0.00,0.00,10757.0,95830.0,84594.0,1.0,9.5,0.5,43.5,138.346,0.204,0.1,23829325.0
2026-09-01T03:27:10,1.0,6507,1547350,1529243,0.4,0.00,4.07,0.00,16.26,0.00,0.00,0.00,10757.0,95830.0,84594.0,1.0,7.0,0.5,39.5,132.260,0.204,0.1,23829325.0
2026-09-01T03:27:11,1.3,6507,1547350,1529243,0.4,0.00,3.12,0.00,12.46,0.00,0.00,0.00,10757.0,95830.0,84594.0,1.0,9.5,0.5,44.0,150.659,0.204,0.1,23829325.0
2026-09-01T03:27:11,1.4,6506,1547350,1529244,0.4,0.00,3.73,0.00,14.93,0.00,0.00,0.00,10757.0,95830.0,84594.0,88.0,7.5,0.5,40.5,160.194,0.325,0.2,41284589.5
2026-09-01T03:27:11,1.3,6505,1547350,1529245,0.4,0.00,4.20,0.00,16.81,0.00,0.00,0.00,10757.0,95830.0,84594.0,88.0,7.5,0.5,40.5,160.805,0.325,0.2,41284589.5
2026-09-01T03:27:11,1.4,6505,1547350,1529245,0.4,0.00,4.33,0.00,17.32,0.00,0.00,0.00,10757.0,95830.0,84594.0,88.0,7.5,0.5,40.5,167.806,0.325,0.2,41284589.5
2026-09-01T03:27:12,1.6,6504,1547350,1529246,0.4,0.00,4.07,0.00,16.26,0.00,0.00,0.00,10757.0,95830.0,84594.0,88.0,7.0,0.5,39.0,166.887,0.325,0.2,41284589.5
2026-09-01T03:27:12,0.4,6506,1547350,1529244,0.4,0.00,2.90,0.00,11.59,0.00,0.00,0.00,10757.0,95830.0,84594.0,81.0,0.5,0.5,2.5,144.028,0.297,0.2,46731814.5
2026-09-01T03:27:12,1.0,6507,1547350,1529243,0.4,0.00,3.95,0.00,15.81,0.00,0.00,0.00,10757.0,95830.0,84594.0,81.0,5.0,0.5,27.0,135.417,0.297,0.2,46731814.5
2026-09-01T03:27:13,1.1,6506,1547350,1529244,0.4,0.00,2.63,0.00,10.53,0.00,0.00,0.00,10757.0,95830.0,84594.0,81.0,2.5,0.5,15.5,126.157,0.297,0.2,46731814.5
2026-09-01T03:27:13,1.3,6506,1547350,1529244,0.4,0.00,2.92,0.00,11.66,0.00,0.00,0.00,10757.0,95830.0,84594.0,50.0,7.5,0.5,34.0,152.259,0.297,0.2,46731814.5
2026-09-01T03:27:13,1.3,6505,1547350,1529245,0.4,0.00,4.31,0.00,17.24,0.00,0.00,0.00,10757.0,95830.0,84594.0,50.0,7.0,0.5,40.0,150.471,0.299,0.2,38977949.5
2026-09-01T03:27:13,1.3,6505,1547350,1529245,0.4,0.00,4.00,0.00,16.00,0.00,0.00,0.00,10757.0,95830.0,84594.0,50.0,7.0,0.5,39.5,158.145,0.299,0.2,38977949.5
2026-09-01T03:27:14,1.3,6505,1547350,1529245,0.4,0.00,2.58,0.00,10.31,0.00,0.00,0.00,10757.0,95830.0,84594.0,79.0,7.0,0.5,39.5,168.254,0.299,0.2,38977949.5
2026-09-01T03:27:14,1.0,6504,1547350,1529246,0.4,0.00,3.80,0.00,15.21,0.00,0.00,0.00,10757.0,95830.0,84594.0,79.0,4.5,0.5,18.5,152.875,0.336,0.2,48306151.0
2026-09-01T03:27:15,0.7,6505,1547350,1529245,0.4,0.00,1.79,0.00,7.14,0.00,1.00,0.00,10757.0,95830.0,84594.0,79.0,0.0,0.5,0.0,130.213,0.336,0.2,48306151.0
2026-09-01T03:27:15,1.5,6505,1547350,1529246,0.4,0.00,3.37,0.00,13.47,0.00,0.00,0.00,10757.0,95830.0,84594.0,38.0,7.5,0.5,10.5,130.770,0.336,0.2,48306151.0
2026-09-01T03:27:15,1.0,6506,1547350,1529244,0.4,0.00,2.75,0.00,10.99,0.00,0.00,0.27,10757.0,95830.0,84594.0,38.0,8.5,0.5,39.5,134.686,0.336,0.2,48306151.0
2026-09-01T03:27:16,1.3,6511,1547350,1529239,0.4,0.00,3.69,0.00,14.76,0.00,0.00,0.00,10757.0,95830.0,84594.0,38.0,7.5,0.5,41.0,161.482,0.248,0.2,31548151.0
2026-09-01T03:27:16,0.8,6511,1547350,1529239,0.4,0.00,2.50,0.00,10.00,0.00,0.00,0.00,10757.0,95830.0,84594.0,81.0,1.5,0.5,8.5,148.630,0.248,0.2,31548151.0
2026-09-01T03:27:16,1.3,6510,1547350,1529240,0.4,0.00,4.33,0.00,17.32,0.00,0.00,0.00,10757.0,95830.0,84594.0,81.0,4.5,0.5,19.5,151.006,0.248,0.2,31548151.0
2026-09-01T03:27:16,1.3,6510,1547350,1529240,0.4,0.00,4.07,0.00,16.26,0.00,0.00,0.00,10757.0,95830.0,84594.0,81.0,7.0,0.5,40.5,151.548,0.248,0.2,31548151.0
2026-09-01T03:27:17,1.0,6510,1547350,1529241,0.4,0.00,3.95,0.00,15.81,0.00,0.00,0.00,10757.0,95830.0,84594.0,82.0,4.5,0.5,27.0,141.645,0.253,0.2,35404155.0
2026-09-01T03:27:17,1.4,6510,1547350,1529241,0.4,0.00,3.62,0.00,14.49,0.00,0.00,0.00,10757.0,95830.0,84594.0,82.0,7.0,0.5,39.5,147.120,0.253,0.2,35404155.0
2026-09-01T03:27:17,1.1,6509,1547350,1529241,0.4,0.00,2.01,0.00,8.03,0.00,0.00,0.00,10757.0,95830.0,84594.0,82.0,9.0,0.5,43.0,149.469,0.253,0.2,35404155.0
2026-09-01T03:27:18,1.0,6510,1547350,1529240,0.4,0.00,3.98,0.00,15.94,0.00,0.00,0.40,10757.0,95830.0,84594.0,86.0,4.0,0.5,24.5,147.562,0.253,0.2,35404155.0
2026-09-01T03:27:18,1.4,6509,1547350,1529241,0.4,0.00,4.13,0.00,16.53,0.00,0.00,0.00,10757.0,95830.0,84594.0,86.0,6.5,0.5,26.0,150.306,0.305,0.2,36315657.0
2026-09-01T03:27:18,1.2,6509,1547350,1529242,0.4,0.00,4.13,0.00,16.53,0.00,0.00,0.00,10757.0,95830.0,84594.0,86.0,7.5,0.5,40.5,163.193,0.305,0.2,36315657.0
2026-09-01T03:27:18,1.4,6508,1547350,1529242,0.4,0.00,4.13,0.00,16.53,0.00,0.00,0.00,10757.0,95830.0,84594.0,86.0,7.5,0.5,40.5,160.467,0.305,0.2,36315657.0
2026-09-01T03:27:19,1.0,6507,1547350,1529243,0.4,0.00,4.29,0.00,17.17,0.00,0.00,0.00,10757.0,95830.0,84594.0,81.0,5.5,0.5,31.0,163.023,0.305,0.2,36302758.0
2026-09-01T03:27:19,1.3,6507,1547350,1529243,0.4,0.00,2.95,0.00,11.80,0.00,0.00,0.00,10757.0,95830.0,84594.0,81.0,5.5,0.5,21.5,161.085,0.350,0.2,50264134.5
2026-09-01T03:27:19,1.5,6506,1547350,1529244,0.4,0.00,3.66,0.00,14.65,0.00,0.00,0.00,10757.0,95830.0,84594.0,81.0,7.5,0.5,40.5,148.087,0.350,0.2,50264134.5
2026-09-01T03:27:20,1.1,6509,1547350,1529242,0.4,0.00,1.60,0.00,6.41,0.00,0.00,0.00,10757.0,95830.0,84594.0,14.0,7.0,0.5,40.0,159.451,0.350,0.2,50276893.5
2026-09-01T03:27:20,1.3,6509,1547350,1529242,0.4,0.00,4.03,0.00,16.13,0.00,0.00,0.00,10757.0,95830.0,84594.0,14.0,7.0,0.5,40.0,159.145,0.344,0.2,49385628.0
2026-09-01T03:27:20,1.3,6509,1547350,1529241,0.4,0.00,4.02,0.00,16.06,0.00,0.00,0.00,10757.0,95830.0,84594.0,14.0,7.0,0.5,39.5,171.403,0.344,0.2,49385628.0
2026-09-01T03:27:21,1.4,6508,1547350,1529243,0.4,0.00,3.97,0.00,15.87,0.00,0.00,0.00,10757.0,95830.0,84594.0,80.0,7.0,0.5,39.5,164.585,0.344,0.2,49385628.0
2026-09-01T03:27:21,0.4,6508,1547350,1529243,0.4,0.00,2.80,0.00,11.20,0.00,0.00,0.00,10757.0,95830.0,84594.0,80.0,2.0,0.5,11.0,143.081,0.344,0.2,49399287.0
2026-09-01T03:27:21,1.4,6508,1547350,1529242,0.4,0.00,4.17,0.00,16.67,0.00,0.00,0.00,10757.0,95830.0,84594.0,80.0,1.0,0.5,4.0,146.395,0.283,0.2,40567295.0
2026-09-01T03:27:21,0.9,6507,1547350,1529243,0.4,0.00,3.85,0.00,15.38,0.00,0.00,0.00,10757.0,95830.0,84594.0,82.0,0.5,0.5,4.5,139.911,0.283,0.2,40567295.0
2026-09-01T03:27:22,1.3,6507,1547350,1529243,0.4,0.00,1.69,0.00,6.78,0.00,0.00,0.00,10757.0,95830.0,84594.0,82.0,7.0,0.5,40.0,153.126,0.283,0.2,40608806.0
2026-09-01T03:27:22,1.0,6508,1547350,1529242,0.4,0.00,4.13,0.00,16.53,0.00,1.00,0.00,10757.0,95830.0,84594.0,82.0,6.0,0.5,35.0,141.515,0.270,0.2,37553000.0
2026-09-01T03:27:23,1.3,6507,1547350,1529244,0.4,0.00,3.69,0.00,14.76,0.00,0.00,0.00,10757.0,95830.0,84594.0,29.0,8.0,0.5,41.0,163.380,0.270,0.2,37553000.0
2026-09-01T03:27:23,0.7,6507,1547350,1529243,0.4,0.00,2.18,0.00,8.71,0.00,0.00,0.00,10757.0,95830.0,84594.0,29.0,5.5,0.5,31.5,138.868,0.270,0.2,37553000.0
2026-09-01T03:27:23,1.2,6508,1547350,1529243,0.4,0.00,4.13,0.00,16.53,0.00,0.00,0.00,10757.0,95830.0,84594.0,29.0,7.5,0.5,33.5,152.358,0.270,0.2,37498412.5
2026-09-01T03:27:24,1.6,6508,1547350,1529242,0.4,0.00,4.18,0.00,16.74,0.00,0.00,0.00,10757.0,95830.0,84594.0,80.0,2.5,0.5,15.0,133.307,0.268,0.2,34597285.5
2026-09-01T03:27:24,0.9,6509,1547350,1529242,0.4,0.00,2.49,0.00,9.98,0.00,0.00,0.00,10757.0,95830.0,84594.0,80.0,7.0,0.5,26.5,150.267,0.268,0.2,34597285.5
2026-09-01T03:27:24,1.1,6508,1547350,1529242,0.4,0.00,3.83,0.00,15.33,0.00,0.00,0.00,10757.0,95830.0,84594.0,80.0,7.5,0.5,40.5,146.163,0.268,0.2,34597285.5
2026-09-01T03:27:24,1.4,6508,1547350,1529243,0.4,0.00,3.08,0.00,12.31,0.00,0.00,0.00,10757.0,95830.0,84594.0,80.0,7.0,0.5,29.0,149.094,0.268,0.2,34596869.0
2026-09-01T03:27:25,0.9,6508,1547350,1529242,0.4,0.00,3.02,0.00,12.08,0.00,0.00,0.00,10757.0,95830.0,84594.0,58.0,3.0,0.5,19.0,147.617,0.261,0.2,28239931.5
2026-09-01T03:27:25,1.3,6508,1547350,1529243,0.4,0.00,3.83,0.00,15.33,0.00,0.00,0.00,10757.0,95830.0,84594.0,58.0,7.5,0.5,40.5,148.977,0.261,0.2,28239931.5
2026-09-01T03:27:25,0.7,6507,1547350,1529243,0.4,0.00,3.01,0.00,12.05,0.00,0.00,0.00,10757.0,95830.0,84594.0,58.0,5.0,0.5,28.0,132.237,0.261,0.2,28239931.5
2026-09-01T03:27:26,1.4,6519,1547350,1529232,0.4,0.00,15.75,0.00,62.99,0.00,0.00,0.00,10757.0,95830.0,84594.0,0.0,8.0,0.5,35.5,152.006,0.261,0.2,28289200.0
2026-09-01T03:27:26,0.7,6518,1547350,1529232,0.4,0.00,2.67,0.00,10.70,0.00,0.00,0.00,10757.0,95830.0,84594.0,0.0,5.5,0.5,33.0,126.784,0.223,0.1,32297030.5
2026-09-01T03:27:26,1.3,6518,1547350,1529232,0.4,0.00,4.24,0.00,16.95,0.00,0.00,0.00,10757.0,95830.0,84594.0,0.0,7.0,0.5,31.5,145.087,0.223,0.1,32297030.5
2026-09-01T03:27:27,0.9,6518,1547350,1529232,0.4,0.00,4.18,0.00,16.74,0.00,0.00,0.00,10757.0,95830.0,84594.0,80.0,1.5,0.5,8.5,127.700,0.223,0.1,32232640.0
2026-09-01T03:27:27,1.1,6517,1547350,1529233,0.4,0.00,2.27,0.00,9.09,0.00,0.00,0.00,10757.0,95830.0,84594.0,80.0,5.0,0.5,20.0,141.940,0.233,0.2,28158811.5
2026-09-01T03:27:27,1.3,6518,1547350,1529233,0.4,0.00,2.92,0.00,11.70,0.00,0.00,0.29,10757.0,95830.0,84594.0,80.0,6.5,0.5,27.0,142.781,0.233,0.2,28158811.5
2026-09-01T03:27:28,1.1,6517,1547350,1529233,0.4,0.00,3.75,0.00,14.98,0.00,1.00,0.00,10757.0,95830.0,84594.0,81.0,1.0,0.5,7.0,152.837,0.233,0.2,28158811.5
2026-09-01T03:27:28,1.3,6518,1547350,1529232,0.4,0.00,2.77,0.00,11.08,0.00,0.00,0.00,10757.0,95830.0,84594.0,81.0,9.5,0.5,44.0,154.534,0.233,0.2,28190522.0
2026-09-01T03:27:28,1.3,6517,1547350,1529233,0.4,0.00,4.07,0.00,16.26,0.00,0.00,0.00,10757.0,95830.0,84594.0,81.0,7.5,0.5,40.5,158.709,0.354,0.2,47357742.0
2026-09-01T03:27:29,0.7,6518,1547350,1529232,0.4,0.00,3.02,0.00,12.08,0.00,0.00,0.00,10757.0,95830.0,84594.0,81.0,4.5,0.5,17.0,147.332,0.354,0.2,47357742.0
2026-09-01T03:27:29,1.3,6519,1547350,1529231,0.4,0.00,3.13,0.00,12.54,0.00,0.00,0.00,10757.0,95830.0,84594.0,34.0,8.0,0.5,41.0,151.115,0.354,0.2,47357742.0
2026-09-01T03:27:29,1.1,6518,1547350,1529232,0.4,0.00,4.20,0.00,16.81,0.00,0.00,0.00,10757.0,95830.0,84594.0,34.0,2.0,0.5,10.0,137.168,0.354,0.2,47347830.0
2026-09-01T03:27:29,1.4,6518,1547350,1529233,0.4,0.00,3.08,0.00,12.31,0.00,0.00,0.00,10757.0,95830.0,84594.0,34.0,9.0,0.5,42.5,157.436,0.260,0.2,32440635.5
2026-09-01T03:27:30,0.6,6517,1547350,1529233,0.4,0.00,3.07,0.00,12.27,0.00,0.00,0.00,10757.0,95830.0,84594.0,18.0,4.0,0.5,15.0,137.683,0.260,0.2,32440635.5
2026-09-01T03:27:30,1.1,6519,1547350,1529232,0.4,0.00,4.15,0.00,16.60,0.00,0.00,0.00,10757.0,95830.0,84594.0,18.0,3.5,0.5,15.5,132.516,0.260,0.2,32440635.5
2026-09-01T03:27:30,1.3,6518,1547350,1529232,0.4,0.00,3.25,0.00,12.99,0.00,0.00,0.00,10757.0,95830.0,84594.0,18.0,8.0,0.5,35.5,140.619,0.260,0.2,32446757.5
2026-09-01T03:27:31,1.4,6519,1547350,1529231,0.4,0.00,4.00,0.00,16.00,0.00,0.00,0.00,10757.0,95830.0,84594.0,42.0,4.0,0.5,16.0,146.143,0.211,0.1,25541499.5
2026-09-01T03:27:31,0.8,6520,1547350,1529231,0.4,0.00,4.51,0.00,18.06,0.00,0.00,0.00,10757.0,95830.0,84594.0,42.0,7.5,0.5,38.0,152.776,0.211,0.1,25541499.5
2026-09-01T03:27:31,0.6,6520,1547350,1529230,0.4,0.00,3.26,0.00,13.03,0.00,0.00,0.00,10757.0,95830.0,84594.0,42.0,0.0,0.5,1.0,133.538,0.211,0.1,25541499.5
2026-09-01T03:27:32,1.3,6520,1547350,1529230,0.4,0.00,4.13,0.00,16.53,0.00,0.00,0.00,10757.0,95830.0,84594.0,42.0,7.0,0.5,28.5,141.369,0.211,0.1,25526736.5
2026-09-01T03:27:32,1.3,6520,1547350,1529230,0.4,0.00,2.79,0.00,11.14,0.00,0.00,0.00,10757.0,95830.0,84594.0,81.0,7.5,0.5,40.5,150.850,0.302,0.2,38361563.0
2026-09-01T03:27:32,1.3,6520,1547350,1529230,0.4,0.00,3.83,0.00,15.33,0.00,0.00,0.00,10757.0,95830.0,84594.0,81.0,7.5,0.5,41.0,169.268,0.302,0.2,38361563.0
2026-09-01T03:27:32,1.4,6520,1547350,1529231,0.4,0.00,3.33,0.00,13.33,0.00,0.00,0.00,10757.0,95830.0,84594.0,81.0,7.5,0.5,40.5,166.337,0.302,0.2,38361563.0
2026-09-01T03:27:33,0.4,6521,1547350,1529229,0.4,0.00,3.34,0.00,13.38,0.00,0.00,0.00,10757.0,95830.0,84594.0,15.0,3.0,0.5,12.0,147.934,0.302,0.2,38366988.0
2026-09-01T03:27:33,1.4,6520,1547350,1529230,0.4,0.00,4.00,0.00,16.00,0.00,0.00,0.00,10757.0,95830.0,84594.0,15.0,8.0,0.5,42.0,149.728,0.293,0.2,42175328.5
2026-09-01T03:27:33,1.4,6520,1547350,1529230,0.4,0.00,3.88,0.00,15.50,0.00,0.00,0.00,10757.0,95830.0,84594.0,15.0,7.5,0.5,40.5,149.079,0.293,0.2,42175328.5
2026-09-01T03:27:33,1.3,6520,1547350,1529231,0.4,0.00,3.92,0.00,15.69,0.00,0.00,0.00,10757.0,95830.0,84594.0,15.0,7.5,0.5,41.0,152.457,0.293,0.2,42175328.5
2026-09-01T03:27:34,1.0,6520,1547350,1529230,0.4,0.00,4.07,0.00,16.26,0.00,0.00,0.00,10757.0,95830.0,84594.0,76.0,6.5,0.5,38.0,161.278,0.293,0.2,42175328.5
2026-09-01T03:27:34,1.4,6520,1547350,1529230,0.4,0.00,5.35,0.00,21.39,0.00,0.00,0.00,10757.0,95830.0,84594.0,76.0,3.0,0.5,13.5,161.493,0.293,0.2,42220921.0
2026-09-01T03:27:34,1.4,6520,1547350,1529231,0.4,0.00,4.00,0.00,16.00,0.00,1.00,0.00,10757.0,95830.0,84594.0,76.0,7.5,0.5,40.5,161.559,0.356,0.2,51896041.0
2026-09-01T03:27:34,1.3,6519,1547350,1529231,0.4,0.00,3.88,0.00,15.50,0.00,0.00,0.00,10757.0,95830.0,84594.0,76.0,7.5,0.5,40.5,161.900,0.356,0.2,51896041.0
2026-09-01T03:27:35,1.3,6520,1547350,1529230,0.4,0.00,4.22,0.00,16.88,0.00,0.00,0.00,10757.0,95830.0,84594.0,81.0,7.5,0.5,40.5,173.818,0.356,0.2,51896041.0
2026-09-01T03:27:35,0.8,6519,1547350,1529231,0.4,0.00,1.81,0.00,7.25,0.00,0.00,0.18,10757.0,95830.0,84594.0,81.0,0.0,0.5,0.0,148.111,0.294,0.2,46083995.5
2026-09-01T03:27:35,1.3,6519,1547350,1529231,0.4,0.00,3.95,0.00,15.81,0.00,0.00,0.00,10757.0,95830.0,84594.0,81.0,7.5,0.5,34.5,147.799,0.294,0.2,46083995.5
2026-09-01T03:27:36,1.4,6519,1547350,1529232,0.4,0.00,4.76,0.00,19.05,0.00,0.00,0.48,10757.0,95830.0,84594.0,80.0,7.0,0.5,40.0,147.040,0.294,0.2,46083995.5
2026-09-01T03:27:36,1.4,6527,1547350,1529223,0.4,0.00,3.12,0.00,12.46,0.00,0.00,0.00,10757.0,95830.0,84594.0,80.0,7.0,0.5,40.0,153.958,0.294,0.2,46083995.5
2026-09-01T03:27:36,1.4,6528,1547350,1529223,0.4,0.00,4.05,0.00,16.19,0.00,0.00,0.00,10757.0,95830.0,84594.0,80.0,7.0,0.5,39.5,169.739,0.381,0.2,55268032.5
2026-09-01T03:27:36,1.3,6528,1547350,1529223,0.4,0.00,12.10,0.00,64.52,0.00,0.00,0.00,10757.0,95830.0,84594.0,80.0,7.0,0.5,40.0,170.093,0.381,0.2,55268032.5
2026-09-01T03:27:37,0.5,6528,1547350,1529222,0.4,0.00,2.25,0.00,8.99,0.00,0.00,0.00,10757.0,95830.0,84594.0,58.0,0.0,0.5,0.0,138.359,0.381,0.2,55268032.5
2026-09-01T03:27:37,1.3,6527,1547350,1529223,0.4,0.00,4.05,0.00,16.19,0.00,0.00,0.00,10757.0,95830.0,84594.0,58.0,8.5,0.5,42.0,139.098,0.381,0.2,55268032.5
2026-09-01T03:27:37,1.4,6527,1547350,1529223,0.4,0.00,4.00,0.00,16.00,0.00,0.00,0.00,10757.0,95830.0,84594.0,58.0,7.0,0.5,40.0,133.180,0.261,0.2,37497939.0
2026-09-01T03:27:38,0.6,6529,1547350,1529222,0.4,0.00,3.10,0.00,12.38,0.00,0.00,0.00,10757.0,95830.0,84594.0,27.0,0.5,0.5,2.5,135.782,0.261,0.2,37497939.0
2026-09-01T03:27:38,1.1,6528,1547350,1529223,0.4,0.00,14.42,0.00,223.56,0.00,0.17,0.00,10757.0,95830.0,84594.0,27.0,2.0,0.5,11.5,134.372,0.261,0.2,37497939.0
2026-09-01T03:27:38,1.3,6527,1547350,1529223,0.4,0.00,3.88,0.00,15.50,0.00,0.00,0.00,10757.0,95830.0,84594.0,27.0,9.0,0.5,39.5,144.416,0.261,0.2,37497939.0
2026-09-01T03:27:39,1.0,6527,1547350,1529223,0.4,0.00,3.77,0.00,15.09,0.00,0.00,0.00,10757.0,95830.0,84594.0,79.0,7.0,0.5,38.5,151.051,0.219,0.1,24571703.0
2026-09-01T03:27:39,1.4,6527,1547350,1529223,0.4,0.00,3.41,0.00,13.65,0.00,0.00,0.00,10757.0,95830.0,84594.0,79.0,10.5,0.5,44.5,152.740,0.219,0.1,24571703.0
2026-09-01T03:27:39,1.5,6528,1547350,1529223,0.4,0.00,4.17,0.00,16.67,0.00,0.00,0.42,10757.0,95830.0,84594.0,79.0,7.5,0.5,41.0,150.810,0.219,0.1,24571703.0
2026-09-01T03:27:40,1.0,6528,1547350,1529222,0.4,0.00,2.68,0.00,10.72,0.00,0.00,0.00,10757.0,95830.0,84594.0,79.0,10.0,0.5,45.0,155.553,0.311,0.2,41982210.5
2026-09-01T03:27:40,0.7,6529,1547350,1529222,0.4,0.00,2.49,0.00,9.95,0.00,0.00,0.00,10757.0,95830.0,84594.0,15.0,0.0,0.5,0.0,137.159,0.311,0.2,41982210.5
2026-09-01T03:27:40,1.3,6528,1547350,1529223,0.4,0.00,3.56,0.00,14.23,0.00,0.00,0.00,10757.0,95830.0,84594.0,15.0,7.5,0.5,30.5,146.794,0.311,0.2,41982210.5
2026-09-01T03:27:41,1.4,6528,1547350,1529223,0.4,0.00,3.75,0.00,14.98,0.00,0.00,0.00,10757.0,95830.0,84594.0,15.0,7.5,0.5,40.5,147.459,0.311,0.2,41982210.5
2026-09-01T03:27:41,0.8,6529,1547350,1529221,0.4,0.00,2.19,0.00,8.77,0.00,0.00,0.00,10757.0,95830.0,84594.0,81.0,0.0,0.5,0.0,151.430,0.227,0.1,29954211.0
2026-09-01T03:27:41,1.4,6528,1547350,1529222,0.4,0.00,4.07,0.00,16.26,0.00,0.00,0.00,10757.0,95830.0,84594.0,81.0,8.0,0.5,36.5,150.921,0.227,0.1,29954211.0
2026-09-01T03:27:41,1.2,6528,1547350,1529222,0.4,0.00,8.58,0.00,34.33,0.00,0.00,0.00,10757.0,95830.0,84594.0,81.0,7.5,0.5,40.5,151.359,0.227,0.1,29954211.0
2026-09-01T03:27:42,1.1,6528,1547350,1529223,0.4,0.00,3.97,0.00,15.87,0.00,0.00,0.00,10757.0,95830.0,84594.0,81.0,4.0,0.5,23.0,148.567,0.227,0.1,29954211.0
2026-09-01T03:27:42,1.1,6528,1547350,1529222,0.4,0.00,2.86,0.00,11.43,0.00,0.00,0.00,10757.0,95830.0,84594.0,81.0,6.5,0.5,26.5,149.576,0.293,0.2,38239131.0
2026-09-01T03:27:42,1.1,6528,1547350,1529222,0.4,0.00,3.48,0.00,13.94,0.00,0.00,0.00,10757.0,95830.0,84594.0,81.0,6.0,0.5,28.5,139.438,0.293,0.2,38239131.0
2026-09-01T03:27:43,1.4,6528,1547350,1529222,0.4,0.00,3.08,0.00,12.31,0.00,0.00,0.00,10757.0,95830.0,84594.0,57.0,6.0,0.5,24.5,155.605,0.293,0.2,38239131.0
2026-09-01T03:27:43,1.3,6530,1547350,1529221,0.4,0.00,3.15,0.00,12.62,0.00,0.00,0.00,10757.0,95830.0,84594.0,57.0,7.5,0.5,40.5,156.685,0.293,0.2,38239131.0
2026-09-01T03:27:43,0.6,6529,1547350,1529221,0.4,0.00,2.75,0.00,11.02,0.00,0.00,0.00,10757.0,95830.0,84594.0,57.0,3.0,0.5,18.0,149.977,0.255,0.2,32944341.5
2026-09-01T03:27:44,1.4,6529,1547350,1529221,0.4,0.00,4.10,0.00,16.39,0.00,0.00,0.00,10757.0,95830.0,84594.0,57.0,10.0,0.5,43.0,147.127,0.255,0.2,32944341.5
2026-09-01T03:27:44,0.6,6530,1547350,1529220,0.4,0.00,3.41,0.00,13.65,0.00,0.00,0.00,10757.0,95830.0,84594.0,0.0,2.0,0.5,11.5,128.273,0.255,0.2,32944341.5
2026-09-01T03:27:44,1.3,6530,1547350,1529221,0.4,0.00,4.46,0.00,17.86,0.00,0.00,0.00,10757.0,95830.0,84594.0,0.0,4.0,0.5,15.0,136.851,0.255,0.2,32944341.5
2026-09-01T03:27:44,1.4,6529,1547350,1529221,0.4,0.00,3.97,0.00,15.87,0.00,0.00,0.00,10757.0,95830.0,84594.0,0.0,8.5,0.5,42.0,153.409,0.297,0.2,35241843.0
2026-09-01T03:27:45,0.9,6529,1547350,1529222,0.4,0.00,3.86,0.00,15.44,0.00,0.00,0.00,10757.0,95830.0,84594.0,81.0,6.5,0.5,37.5,146.817,0.297,0.2,35241843.0
2026-09-01T03:27:45,1.4,6528,1547350,1529222,0.4,0.00,2.55,0.00,10.20,0.00,1.00,0.00,10757.0,95830.0,84594.0,81.0,9.0,0.5,40.5,152.451,0.297,0.2,35241843.0
2026-09-01T03:27:45,1.0,6530,1547350,1529220,0.4,0.00,3.53,0.00,14.13,0.00,0.00,0.00,10757.0,95830.0,84594.0,81.0,1.5,0.5,10.5,146.541,0.297,0.2,35241843.0
2026-09-01T03:27:46,0.9,6530,1547350,1529221,0.4,0.00,3.86,0.00,15.44,0.00,0.00,0.00,10757.0,95830.0,84594.0,80.0,6.0,0.5,33.0,144.941,0.234,0.2,28603969.0
2026-09-01T03:27:46,1.3,6529,1547350,1529221,0.4,0.00,2.27,0.00,9.09,0.00,0.00,0.00,10757.0,95830.0,84594.0,80.0,9.5,0.5,41.0,148.469,0.234,0.2,28603969.0
2026-09-01T03:27:46,1.4,6528,1547350,1529222,0.4,0.00,4.13,0.00,16.53,0.00,0.00,0.00,10757.0,95830.0,84594.0,80.0,7.0,0.5,40.0,156.763,0.234,0.2,28603969.0
2026-09-01T03:27:47,1.4,6528,1547350,1529222,0.4,0.00,4.08,0.00,16.33,0.00,0.00,0.00,10757.0,95830.0,84594.0,80.0,7.5,0.5,40.0,157.761,0.234,0.2,28603969.0
2026-09-01T03:27:47,1.4,6528,1547350,1529223,0.4,0.00,4.15,0.00,16.60,0.00,0.00,0.00,10757.0,95830.0,84594.0,80.0,7.0,0.5,40.0,172.732,0.395,0.3,56710910.5
2026-09-01T03:27:47,1.4,6528,1547350,1529222,0.4,0.00,3.53,0.00,14.13,0.00,0.00,0.00,10757.0,95830.0,84594.0,80.0,7.0,0.5,40.0,171.015,0.395,0.3,56710910.5
2026-09-01T03:27:47,1.1,6528,1547350,1529222,0.4,0.00,8.30,0.00,33.20,0.00,0.00,0.00,10757.0,95830.0,84594.0,80.0,7.0,0.5,39.5,158.594,0.395,0.3,56710910.5
2026-09-01T03:27:48,1.4,6526,1547350,1529224,0.4,0.00,2.89,0.00,11.56,0.00,0.00,0.00,10757.0,95830.0,84594.0,80.0,1.5,0.5,9.5,162.214,0.395,0.3,56710910.5
2026-09-01T03:27:48,0.8,6527,1547350,1529223,0.4,0.00,2.35,0.00,9.41,0.00,0.00,0.00,10757.0,95830.0,84594.0,19.0,0.0,0.5,0.5,139.400,0.261,0.2,35645638.0
2026-09-01T03:27:48,1.4,6527,1547350,1529223,0.4,0.00,4.03,0.00,16.13,0.00,0.00,0.00,10757.0,95830.0,84594.0,19.0,6.5,0.5,27.0,147.897,0.261,0.2,35645638.0
2026-09-01T03:27:49,1.0,6528,1547350,1529222,0.4,0.00,4.05,0.00,16.19,0.00,0.00,0.00,10757.0,95830.0,84594.0,19.0,7.5,0.5,41.0,141.070,0.261,0.2,35645638.0
2026-09-01T03:27:49,1.4,6529,1547350,1529221,0.4,0.00,2.53,0.00,10.10,0.00,0.00,0.00,10757.0,95830.0,84594.0,82.0,8.0,0.5,40.5,166.532,0.261,0.2,35645638.0
2026-09-01T03:27:49,1.3,6528,1547350,1529222,0.4,0.00,2.87,0.00,11.49,0.00,0.00,0.00,10757.0,95830.0,84594.0,82.0,7.5,0.5,40.5,163.416,0.362,0.2,47982172.5
2026-09-01T03:27:50,1.3,6528,1547350,1529222,0.4,0.00,3.91,0.00,15.62,0.00,0.00,0.00,10757.0,95830.0,84594.0,82.0,7.5,0.5,41.0,174.178,0.362,0.2,47982172.5
2026-09-01T03:27:50,1.3,6527,1547350,1529223,0.4,0.00,3.62,0.00,14.49,0.00,0.00,0.00,10757.0,95830.0,84594.0,82.0,7.5,0.5,40.5,173.453,0.362,0.2,47982172.5
2026-09-01T03:27:50,1.4,6527,1547350,1529223,0.4,0.00,3.95,0.00,15.81,0.00,0.00,0.00,10757.0,95830.0,84594.0,82.0,7.5,0.5,40.5,173.940,0.362,0.2,47982172.5
2026-09-01T03:27:50,1.1,6527,1547350,1529223,0.4,0.00,2.65,0.00,10.58,0.00,0.00,0.00,10757.0,95830.0,84594.0,82.0,7.5,0.5,40.0,161.633,0.376,0.2,59156088.5
2026-09-01T03:27:51,1.4,6528,1547350,1529222,0.4,0.00,2.96,0.00,11.83,0.00,0.00,0.00,10757.0,95830.0,84594.0,80.0,1.5,0.5,8.0,162.801,0.376,0.2,59156088.5
2026-09-01T03:27:51,1.3,6530,1547350,1529221,0.4,0.00,3.52,0.00,14.08,0.00,0.00,0.00,10757.0,95830.0,84594.0,80.0,7.0,0.5,39.0,161.815,0.376,0.2,59156088.5
2026-09-01T03:27:51,1.4,6529,1547350,1529221,0.4,0.00,4.13,0.00,16.53,0.00,0.00,0.00,10757.0,95830.0,84594.0,80.0,7.5,0.5,40.5,161.941,0.376,0.2,59156088.5
2026-09-01T03:27:52,1.3,6529,1547350,1529221,0.4,0.00,4.15,0.00,16.60,0.00,0.00,0.00,10757.0,95830.0,84594.0,80.0,7.5,0.5,40.5,173.313,0.370,0.2,53728681.0
2026-09-01T03:27:52,1.0,6528,1547350,1529222,0.4,0.00,4.00,0.00,16.00,0.00,0.00,0.00,10757.0,95830.0,84594.0,81.0,6.0,0.5,35.5,159.838,0.370,0.2,53728681.0
2026-09-01T03:27:52,1.4,6529,1547350,1529222,0.4,0.00,2.88,0.00,11.53,0.00,0.00,0.00,10757.0,95830.0,84594.0,81.0,4.0,0.5,15.5,163.498,0.370,0.2,53728681.0
2026-09-01T03:27:52,1.4,6528,1547350,1529222,0.4,0.00,8.20,0.00,32.79,0.00,0.50,0.00,10757.0,95830.0,84594.0,81.0,8.5,0.5,41.5,163.440,0.370,0.2,53728681.0
2026-09-01T03:27:53,1.3,6528,1547350,1529222,0.4,0.00,4.10,0.00,16.39,0.00,0.00,0.00,10757.0,95830.0,84594.0,80.0,7.0,0.5,40.0,152.565,0.302,0.2,45144040.5
2026-09-01T03:27:53,1.0,6528,1547350,1529222,0.4,0.00,2.28,0.00,9.11,0.00,0.00,0.00,10757.0,95830.0,84594.0,80.0,7.5,0.5,31.0,159.023,0.302,0.2,45144040.5
2026-09-01T03:27:53,1.3,6528,1547350,1529222,0.4,0.00,3.76,0.00,15.04,0.00,0.00,0.00,10757.0,95830.0,84594.0,80.0,7.0,0.5,40.0,158.246,0.302,0.2,45144040.5
2026-09-01T03:27:54,1.4,6528,1547350,1529223,0.4,0.00,4.00,0.00,16.00,0.00,0.00,0.00,10757.0,95830.0,84594.0,80.0,7.0,0.5,40.0,155.524,0.302,0.2,45144040.5
2026-09-01T03:27:54,0.5,6529,1547350,1529221,0.4,0.00,2.68,0.00,10.72,0.00,0.00,0.00,10757.0,95830.0,84594.0,80.0,0.5,0.5,2.5,142.584,0.267,0.2,37763475.0
2026-09-01T03:27:54,1.3,6528,1547350,1529222,0.4,0.00,4.24,0.00,16.95,0.00,0.00,0.00,10757.0,95830.0,84594.0,80.0,9.5,0.5,44.0,145.992,0.267,0.2,37763475.0
2026-09-01T03:27:54,1.4,6528,1547350,1529222,0.4,0.00,4.00,0.00,16.00,0.00,0.00,0.00,10757.0,95830.0,84594.0,80.0,7.5,0.5,40.0,145.571,0.267,0.2,37763475.0
2026-09-01T03:27:55,0.7,6529,1547350,1529221,0.4,0.00,2.66,0.00,10.64,0.00,0.00,0.00,10757.0,95830.0,84594.0,62.0,0.0,0.5,0.0,140.231,0.267,0.2,37763475.0
2026-09-01T03:27:55,1.3,6529,1547350,1529222,0.4,0.00,3.95,0.00,15.81,0.00,0.00,0.00,10757.0,95830.0,84594.0,62.0,7.0,0.5,29.5,149.908,0.298,0.2,37955956.0
2026-09-01T03:27:55,1.3,6529,1547350,1529222,0.4,0.00,3.79,0.00,15.15,0.00,0.00,0.00,10757.0,95830.0,84594.0,62.0,7.5,0.5,40.5,150.133,0.298,0.2,37955956.0
2026-09-01T03:27:56,0.9,6527,1547350,1529223,0.4,0.00,2.80,0.00,11.20,0.00,0.00,0.00,10757.0,95830.0,84594.0,77.0,0.5,0.5,2.5,155.012,0.298,0.2,37955956.0
2026-09-01T03:27:56,1.3,6528,1547350,1529222,0.4,0.00,2.61,0.00,10.44,0.00,0.00,0.26,10757.0,95830.0,84594.0,77.0,7.0,0.5,29.5,155.504,0.301,0.2,41646152.0
2026-09-01T03:27:56,1.3,6528,1547350,1529222,0.4,0.00,4.07,0.00,16.26,0.00,0.00,0.00,10757.0,95830.0,84594.0,77.0,7.5,0.5,41.0,155.737,0.301,0.2,41646152.0
2026-09-01T03:27:57,1.4,6527,1547350,1529223,0.4,0.00,4.15,0.00,16.60,0.00,0.00,0.00,10757.0,95830.0,84594.0,77.0,7.5,0.5,41.0,156.030,0.301,0.2,41646152.0
2026-09-01T03:27:57,1.1,6527,1547350,1529223,0.4,0.00,4.20,0.00,16.81,0.00,0.00,0.00,10757.0,95830.0,84594.0,82.0,1.5,0.5,8.0,161.171,0.301,0.2,41646152.0
2026-09-01T03:27:57,1.3,6527,1547350,1529223,0.4,0.00,2.51,0.00,10.05,0.00,0.00,0.00,10757.0,95830.0,84594.0,82.0,9.0,0.5,43.5,163.404,0.350,0.2,50899350.0
2026-09-01T03:27:57,1.1,6528,1547350,1529223,0.4,0.00,7.84,0.00,31.37,0.00,0.00,0.00,10757.0,95830.0,84594.0,82.0,5.5,0.5,32.5,152.279,0.350,0.2,50899350.0
2026-09-01T03:27:58,1.3,6529,1547350,1529222,0.4,0.00,3.57,0.00,14.29,0.00,0.00,0.00,10757.0,95830.0,84594.0,35.0,8.0,0.5,42.0,158.032,0.350,0.2,50899350.0
2026-09-01T03:27:58,1.3,6528,1547350,1529222,0.4,0.00,2.64,0.00,10.55,0.00,0.00,0.00,10757.0,95830.0,84594.0,35.0,7.5,0.5,40.5,163.743,0.350,0.2,50899350.0
2026-09-01T03:27:58,1.5,6528,1547350,1529223,0.4,0.00,4.00,0.00,16.00,0.00,0.00,0.00,10757.0,95830.0,84594.0,35.0,6.5,0.5,36.0,164.700,0.348,0.2,49555905.0
2026-09-01T03:27:59,0.4,6528,1547350,1529222,0.4,0.00,3.42,0.00,13.70,0.00,0.00,0.34,10757.0,95830.0,84594.0,2.0,0.0,0.5,1.0,146.663,0.348,0.2,49555905.0
2026-09-01T03:27:59,1.4,6528,1547350,1529222,0.4,0.00,3.09,0.00,12.35,0.00,1.00,0.00,10757.0,95830.0,84594.0,2.0,7.5,0.5,40.5,151.162,0.348,0.2,49555905.0
2026-09-01T03:27:59,0.9,6529,1547350,1529221,0.4,0.00,4.31,0.00,17.24,0.00,0.00,0.00,10757.0,95830.0,84594.0,2.0,2.5,0.5,15.0,138.673,0.348,0.2,49555905.0
2026-09-01T03:27:59,1.5,6528,1547350,1529222,0.4,0.00,4.15,0.00,16.60,0.00,0.00,0.00,10757.0,95830.0,84594.0,2.0,8.0,0.5,34.5,145.515,0.232,0.2,25985438.0
2026-09-01T03:28:00,1.0,6529,1547350,1529221,0.4,0.00,3.61,0.00,14.44,0.00,0.00,0.00,10757.0,95830.0,84594.0,26.0,8.0,0.5,38.0,152.233,0.232,0.2,25985438.0
2026-09-01T03:28:00,1.4,6530,1547350,1529221,0.4,0.00,2.53,0.00,10.10,0.00,0.00,0.00,10757.0,95830.0,84594.0,26.0,7.5,0.5,40.5,162.079,0.232,0.2,25985438.0
2026-09-01T03:28:00,1.3,6529,1547350,1529221,0.4,0.00,4.07,0.00,16.26,0.00,0.00,0.00,10757.0,95830.0,84594.0,26.0,7.5,0.5,40.5,173.690,0.353,0.2,51397617.0
2026-09-01T03:28:01,1.1,6529,1547350,1529221,0.4,0.00,2.40,0.00,9.62,0.00,0.00,0.00,10757.0,95830.0,84594.0,81.0,4.5,0.5,26.5,158.044,0.353,0.2,51397617.0
2026-09-01T03:28:01,1.3,6529,1547350,1529221,0.4,0.00,2.82,0.00,11.30,0.00,0.00,0.00,10757.0,95830.0,84594.0,81.0,7.0,0.5,40.0,160.228,0.353,0.2,51397617.0
2026-09-01T03:28:02,1.0,6533,1547350,1529217,0.4,0.00,2.75,0.00,11.02,0.00,0.00,0.00,10757.0,95830.0,84594.0,81.0,0.5,0.5,3.0,136.312,0.353,0.2,51397617.0
2026-09-01T03:28:02,1.4,6533,1547350,1529217,0.4,0.00,4.05,0.00,16.19,0.00,0.00,0.00,10757.0,95830.0,84594.0,33.0,8.5,0.5,42.0,153.755,0.272,0.2,33901678.5
2026-09-01T03:28:02,1.3,6533,1547350,1529217,0.4,0.00,2.71,0.00,10.84,0.00,0.00,0.00,10757.0,95830.0,84594.0,33.0,7.5,0.5,40.5,152.835,0.272,0.2,33901678.5
2026-09-01T03:28:03,0.7,6534,1547350,1529216,0.4,0.00,20.15,0.00,80.60,0.00,0.12,0.00,10757.0,95830.0,84594.0,33.0,1.5,0.5,9.0,150.478,0.272,0.2,33901678.5
2026-09-01T03:28:03,1.3,6534,1547350,1529216,0.4,0.00,3.95,0.00,15.81,0.00,0.00,0.00,10757.0,95830.0,84594.0,17.0,9.0,0.5,42.5,150.718,0.281,0.2,39201867.0
2026-09-01T03:28:03,1.4,6534,1547350,1529216,0.4,0.00,2.90,0.00,11.59,0.00,0.00,0.00,10757.0,95830.0,84594.0,17.0,7.5,0.5,41.0,150.547,0.281,0.2,39201867.0
2026-09-01T03:28:03,1.6,6535,1547350,1529216,0.4,0.00,4.08,0.00,16.33,0.00,0.00,0.41,10757.0,95830.0,84594.0,17.0,6.0,0.5,34.0,159.004,0.281,0.2,39201867.0
2026-09-01T03:28:04,1.0,6534,1547350,1529216,0.4,0.00,2.75,0.00,10.99,0.00,0.00,0.00,10757.0,95830.0,84594.0,33.0,5.5,0.5,26.0,147.495,0.281,0.2,39201867.0
2026-09-01T03:28:04,0.8,6534,1547350,1529216,0.4,0.00,2.51,0.00,10.03,0.00,0.00,0.00,10757.0,95830.0,84594.0,33.0,2.0,0.5,11.5,138.403,0.277,0.2,37306482.0
2026-09-01T03:28:04,1.3,6533,1547350,1529218,0.4,0.00,3.41,0.00,13.65,0.00,0.00,0.00,10757.0,95830.0,84594.0,33.0,9.0,0.5,41.5,154.345,0.277,0.2,37306482.0
2026-09-01T03:28:05,1.0,6533,1547350,1529218,0.4,0.00,4.17,0.00,16.67,0.00,0.00,0.00,10757.0,95830.0,84594.0,81.0,0.0,0.5,2.5,140.531,0.229,0.2,26101826.5
2026-09-01T03:28:05,1.0,6533,1547350,1529218,0.4,0.00,2.16,0.00,8.64,0.00,0.00,0.00,10757.0,95830.0,84594.0,81.0,4.0,0.5,24.5,138.460,0.229,0.2,26101826.5
2026-09-01T03:28:05,1.0,6535,1547350,1529216,0.4,0.00,2.77,0.00,11.08,0.00,0.00,0.00,10757.0,95830.0,84594.0,53.0,0.5,0.5,4.0,140.830,0.229,0.2,26101826.5
2026-09-01T03:28:06,1.0,6537,1547350,1529214,0.4,0.00,1.56,0.00,6.26,0.00,0.00,0.00,10757.0,95830.0,84594.0,53.0,4.0,0.5,17.0,141.541,0.234,0.2,27363469.5
2026-09-01T03:28:06,0.5,6537,1547350,1529213,0.4,0.00,3.62,0.00,14.49,0.00,0.00,0.00,10757.0,95830.0,84594.0,53.0,0.0,0.5,0.0,128.365,0.234,0.2,27363469.5
2026-09-01T03:28:07,1.4,6537,1547350,1529213,0.4,0.00,3.89,0.00,15.56,0.00,0.00,0.00,10757.0,95830.0,84594.0,0.0,8.0,0.5,38.0,141.621,0.234,0.2,27363469.5
2026-09-01T03:28:07,1.1,6537,1547350,1529213,0.4,0.00,4.13,0.00,16.53,0.00,0.00,0.41,10757.0,95830.0,84594.0,0.0,2.5,0.5,15.5,139.368,0.247,0.2,30928889.5
2026-09-01T03:28:07,1.3,6538,1547350,1529213,0.4,0.00,2.89,0.00,11.56,0.00,0.00,0.00,10757.0,95830.0,84594.0,0.0,8.0,0.5,34.5,150.536,0.247,0.2,30928889.5
2026-09-01T03:28:08,1.1,6538,1547350,1529213,0.4,0.00,3.85,0.00,15.38,0.00,0.00,0.00,10757.0,95830.0,84594.0,78.0,2.0,0.5,11.5,151.937,0.247,0.2,30928889.5
2026-09-01T03:28:08,1.1,6536,1547350,1529214,0.4,0.00,20.68,0.00,239.29,0.00,0.07,0.15,10757.0,95830.0,84594.0,78.0,7.5,0.5,6.5,148.880,0.287,0.2,38501013.5
2026-09-01T03:28:08,1.4,6536,1547350,1529214,0.4,0.00,4.00,0.00,16.00,0.00,0.00,0.00,10757.0,95830.0,84594.0,78.0,7.5,0.5,37.0,149.282,0.287,0.2,38501013.5
2026-09-01T03:28:09,1.0,6537,1547350,1529214,0.4,0.00,3.64,0.00,14.55,0.00,1.00,0.00,10757.0,95830.0,84594.0,74.0,6.5,0.5,35.5,145.402,0.287,0.2,38501013.5
2026-09-01T03:28:09,1.3,6537,1547350,1529213,0.4,0.00,4.93,0.00,19.70,0.00,0.00,0.00,10757.0,95830.0,84594.0,74.0,3.5,0.5,15.0,146.952,0.287,0.2,38501013.5
2026-09-01T03:28:09,1.0,6536,1547350,1529214,0.4,0.00,4.12,0.00,16.46,0.00,0.00,0.00,10757.0,95830.0,84594.0,74.0,4.5,0.5,25.5,147.043,0.278,0.2,35359580.0
2026-09-01T03:28:10,1.1,6536,1547350,1529214,0.4,0.00,2.78,0.00,11.11,0.00,0.00,0.00,10757.0,95830.0,84594.0,74.0,2.5,0.5,15.5,145.977,0.278,0.2,35359580.0
2026-09-01T03:28:10,1.3,6535,1547350,1529215,0.4,0.00,2.75,0.00,11.02,0.00,0.00,0.00,10757.0,95830.0,84594.0,49.0,8.0,0.5,34.5,150.623,0.278,0.2,35359580.0
2026-09-01T03:28:10,1.4,6536,1547350,1529215,0.4,0.00,3.19,0.00,12.78,0.00,0.00,0.00,10757.0,95830.0,84594.0,49.0,7.0,0.5,38.0,154.483,0.278,0.2,35359580.0
2026-09-01T03:28:10,1.5,6537,1547350,1529213,0.4,0.00,4.78,0.00,19.14,0.00,0.00,0.00,10757.0,95830.0,84594.0,49.0,6.5,0.5,37.0,159.108,0.336,0.2,43958946.5
2026-09-01T03:28:11,0.8,6537,1547350,1529213,0.4,0.00,3.66,0.00,14.65,0.00,0.00,0.00,10757.0,95830.0,84594.0,76.0,0.0,0.5,0.5,151.599,0.336,0.2,43958946.5
2026-09-01T03:28:11,0.9,6537,1547350,1529213,0.4,0.00,1.71,0.00,6.85,0.00,0.00,0.00,10757.0,95830.0,84594.0,76.0,0.0,0.5,0.0,130.736,0.336,0.2,43958946.5
2026-09-01T03:28:11,1.2,6537,1547350,1529214,0.4,0.00,4.35,0.00,17.39,0.00,0.00,0.00,10757.0,95830.0,84594.0,76.0,6.0,0.5,26.5,135.525,0.210,0.1,24314984.0
2026-09-01T03:28:12,1.2,6532,1547350,1529218,0.4,0.00,4.13,0.00,16.53,0.00,0.00,0.00,10757.0,95830.0,84594.0,53.0,2.0,0.5,12.0,141.418,0.210,0.1,24314984.0
2026-09-01T03:28:12,1.4,6531,1547350,1529219,0.4,0.00,2.31,0.00,9.24,0.00,0.00,0.23,10757.0,95830.0,84594.0,53.0,8.5,0.5,39.0,156.965,0.210,0.1,24314984.0
2026-09-01T03:28:12,1.4,6531,1547350,1529220,0.4,0.00,3.97,0.00,15.87,0.00,0.00,0.00,10757.0,95830.0,84594.0,53.0,7.5,0.5,40.5,162.037,0.210,0.1,24314984.0
2026-09-01T03:28:13,1.3,6531,1547350,1529219,0.4,0.00,4.03,0.00,16.13,0.00,0.00,0.00,10757.0,95830.0,84594.0,81.0,7.5,0.5,40.5,164.233,0.351,0.2,51057276.0
2026-09-01T03:28:13,1.4,6531,1547350,1529220,0.4,0.00,4.20,0.00,16.81,0.00,0.00,0.00,10757.0,95830.0,84594.0,81.0,7.5,0.5,40.5,172.357,0.351,0.2,51057276.0
2026-09-01T03:28:13,1.3,6530,1547350,1529220,0.4,0.00,3.62,0.00,14.49,0.00,0.00,0.00,10757.0,95830.0,84594.0,81.0,7.5,0.5,40.5,172.799,0.351,0.2,51057276.0
2026-09-01T03:28:13,1.3,6530,1547350,1529221,0.4,0.00,4.13,0.00,16.53,0.00,0.00,0.00,10757.0,95830.0,84594.0,81.0,7.5,0.5,40.5,172.910,0.351,0.2,51057276.0
2026-09-01T03:28:14,1.0,6530,1547350,1529221,0.4,0.00,2.92,0.00,11.66,0.00,0.00,0.00,10757.0,95830.0,84594.0,81.0,4.5,0.5,25.5,155.042,0.347,0.2,54538851.5
2026-09-01T03:28:14,1.3,6528,1547350,1529222,0.4,0.00,2.39,0.00,9.55,0.00,0.00,0.00,10757.0,95830.0,84594.0,81.0,1.5,0.5,6.5,156.019,0.347,0.2,54538851.5
2026-09-01T03:28:14,1.3,6530,1547350,1529221,0.4,0.00,4.20,0.00,16.81,0.00,0.00,0.00,10757.0,95830.0,84594.0,81.0,9.0,0.5,42.0,155.488,0.347,0.2,54538851.5
2026-09-01T03:28:15,1.0,6530,1547350,1529220,0.4,0.00,4.03,0.00,16.13,0.00,0.00,0.00,10757.0,95830.0,84594.0,80.0,7.0,0.5,40.0,150.867,0.347,0.2,54538851.5
2026-09-01T03:28:15,1.4,6530,1547350,1529220,0.4,0.00,2.36,0.00,9.43,0.00,0.00,0.00,10757.0,95830.0,84594.0,80.0,9.5,0.5,44.0,162.166,0.328,0.2,43521757.0
2026-09-01T03:28:15,1.1,6529,1547350,1529221,0.4,0.00,4.07,0.00,16.26,0.00,0.00,0.00,10757.0,95830.0,84594.0,80.0,4.5,0.5,24.5,153.539,0.328,0.2,43521757.0
2026-09-01T03:28:16,1.3,6530,1547350,1529221,0.4,0.00,2.15,0.00,8.60,0.00,0.00,0.00,10757.0,95830.0,84594.0,49.0,7.5,0.5,40.5,162.919,0.328,0.2,43521757.0
2026-09-01T03:28:16,1.3,6529,1547350,1529221,0.4,0.00,2.52,0.00,10.08,0.00,0.00,0.00,10757.0,95830.0,84594.0,49.0,7.5,0.5,40.5,163.648,0.348,0.2,50027643.0
2026-09-01T03:28:16,1.3,6529,1547350,1529221,0.4,0.00,4.17,0.00,16.67,0.00,1.00,0.00,10757.0,95830.0,84594.0,49.0,7.5,0.5,41.0,169.412,0.348,0.2,50027643.0
2026-09-01T03:28:17,0.6,6529,1547350,1529221,0.4,0.00,3.44,0.00,13.75,0.00,0.00,0.00,10757.0,95830.0,84594.0,81.0,1.5,0.5,10.5,149.209,0.348,0.2,50027643.0
2026-09-01T03:28:17,1.3,6530,1547350,1529221,0.4,0.00,2.75,0.00,10.99,0.00,0.00,0.00,10757.0,95830.0,84594.0,81.0,9.0,0.5,42.5,149.786,0.282,0.2,39747760.5
2026-09-01T03:28:18,0.8,6528,1547350,1529222,0.4,0.00,2.17,0.00,8.70,0.00,0.00,0.00,10757.0,95830.0,84594.0,81.0,2.5,0.5,15.0,141.929,0.282,0.2,39747760.5
2026-09-01T03:28:18,1.4,6529,1547350,1529221,0.4,0.00,4.17,0.00,16.67,0.00,0.00,0.00,10757.0,95830.0,84594.0,30.0,0.5,0.5,3.0,150.199,0.282,0.2,39747760.5
2026-09-01T03:28:18,1.1,6528,1547350,1529222,0.4,0.00,3.25,0.00,12.99,0.00,0.00,0.00,10757.0,95830.0,84594.0,30.0,7.0,0.5,40.0,138.004,0.282,0.2,39747760.5
2026-09-01T03:28:18,1.3,6529,1547350,1529222,0.4,0.00,3.24,0.00,12.94,0.00,0.00,0.00,10757.0,95830.0,84594.0,30.0,1.5,0.5,8.0,152.370,0.249,0.2,31098494.5
2026-09-01T03:28:19,0.9,6528,1547350,1529222,0.4,0.00,4.13,0.00,16.53,0.00,0.00,0.00,10757.0,95830.0,84594.0,84.0,6.5,0.5,37.0,149.569,0.249,0.2,31098494.5
2026-09-01T03:28:19,1.5,6528,1547350,1529222,0.4,0.00,3.17,0.00,12.70,0.00,0.00,0.00,10757.0,95830.0,84594.0,84.0,3.0,0.5,13.0,152.773,0.249,0.2,31098494.5
2026-09-01T03:28:19,0.9,6528,1547350,1529222,0.4,0.00,4.33,0.00,17.32,0.00,0.00,0.00,10757.0,95830.0,84594.0,84.0,8.0,0.5,41.5,151.049,0.249,0.2,31098494.5
2026-09-01T03:28:19,1.4,6529,1547350,1529222,0.4,0.00,4.24,0.00,16.95,0.00,0.00,0.00,10757.0,95830.0,84594.0,84.0,2.0,0.5,13.5,151.639,0.292,0.2,40376348.5
2026-09-01T03:28:20,1.3,6529,1547350,1529221,0.4,0.00,3.57,0.00,14.29,0.00,0.00,0.00,10757.0,95830.0,84594.0,74.0,7.5,0.5,40.5,164.713,0.292,0.2,40376348.5
2026-09-01T03:28:20,1.3,6529,1547350,1529221,0.4,0.00,4.18,0.00,16.74,0.00,0.00,0.00,10757.0,95830.0,84594.0,74.0,7.5,0.5,41.0,163.665,0.292,0.2,40376348.5
2026-09-01T03:28:20,1.0,6529,1547350,1529221,0.4,0.00,3.51,0.00,14.04,0.00,0.00,0.00,10757.0,95830.0,84594.0,74.0,4.0,0.5,22.0,163.357,0.292,0.2,40376348.5
2026-09-01T03:28:20,1.3,6529,1547350,1529221,0.4,0.00,4.18,0.00,16.74,0.00,0.00,0.00,10757.0,95830.0,84594.0,74.0,8.0,0.5,31.0,164.203,0.347,0.2,48105593.0
2026-09-01T03:28:21,1.3,6529,1547350,1529221,0.4,0.00,4.15,0.00,16.60,0.00,0.00,0.00,10757.0,95830.0,84594.0,79.0,7.0,0.5,39.5,163.856,0.347,0.2,48105593.0
2026-09-01T03:28:21,1.3,6529,1547350,1529221,0.4,0.00,4.08,0.00,16.33,0.00,0.00,0.00,10757.0,95830.0,84594.0,79.0,7.5,0.5,40.0,163.358,0.347,0.2,48105593.0
2026-09-01T03:28:21,1.3,6529,1547350,1529221,0.4,0.00,3.42,0.00,13.70,0.00,0.00,0.00,10757.0,95830.0,84594.0,79.0,7.0,0.5,40.0,175.275,0.347,0.2,48105593.0
2026-09-01T03:28:22,0.5,6530,1547350,1529221,0.4,0.00,2.95,0.00,11.80,0.00,0.00,0.00,10757.0,95830.0,84594.0,79.0,0.0,0.5,0.0,148.719,0.287,0.2,45288761.0
2026-09-01T03:28:22,1.3,6530,1547350,1529220,0.4,0.00,4.22,0.00,16.88,0.00,0.00,0.00,10757.0,95830.0,84594.0,0.0,9.0,0.5,40.5,149.683,0.287,0.2,45288761.0
2026-09-01T03:28:22,1.1,6529,1547350,1529221,0.4,0.00,3.60,0.00,14.39,0.00,0.00,0.00,10757.0,95830.0,84594.0,0.0,2.5,0.5,15.5,138.630,0.287,0.2,45288761.0
2026-09-01T03:28:22,1.4,6528,1547350,1529222,0.4,0.00,2.91,0.00,11.63,0.00,0.00,0.00,10757.0,95830.0,84594.0,0.0,8.0,0.5,35.5,155.489,0.287,0.2,45288761.0
2026-09-01T03:28:23,1.4,6529,1547350,1529221,0.4,0.00,4.17,0.00,16.67,0.00,0.00,0.00,10757.0,95830.0,84594.0,81.0,7.0,0.5,40.5,162.757,0.344,0.2,45459988.0
2026-09-01T03:28:23,1.3,6528,1547350,1529222,0.4,0.00,4.15,0.00,16.60,0.00,0.00,0.00,10757.0,95830.0,84594.0,81.0,7.0,0.5,40.5,162.981,0.344,0.2,45459988.0
2026-09-01T03:28:23,1.4,6528,1547350,1529222,0.4,0.00,3.33,0.00,13.33,0.00,0.00,0.00,10757.0,95830.0,84594.0,81.0,7.5,0.5,40.5,174.659,0.344,0.2,45459988.0
2026-09-01T03:28:23,1.3,6528,1547350,1529222,0.4,0.00,4.15,0.00,16.60,0.00,1.00,0.00,10757.0,95830.0,84594.0,81.0,7.5,0.5,40.5,173.130,0.344,0.2,45459988.0
2026-09-01T03:28:24,1.4,6528,1547350,1529223,0.4,0.00,4.00,0.00,16.00,0.00,0.00,0.00,10757.0,95830.0,84594.0,81.0,7.5,0.5,40.5,173.382,0.403,0.2,63334193.0
2026-09-01T03:28:24,1.1,6527,1547350,1529223,0.4,0.00,4.07,0.00,16.26,0.00,0.00,0.00,10757.0,95830.0,84594.0,81.0,5.0,0.5,29.0,161.445,0.403,0.2,63334193.0
2026-09-01T03:28:24,1.0,6527,1547350,1529224,0.4,0.00,2.98,0.00,11.90,0.00,0.00,0.00,10757.0,95830.0,84594.0,81.0,8.5,0.5,36.0,155.052,0.403,0.2,63334193.0
2026-09-01T03:28:25,1.1,6525,1547350,1529225,0.4,0.00,2.07,0.00,8.30,0.00,0.00,0.00,10757.0,95830.0,84594.0,72.0,1.5,0.5,9.5,142.695,0.232,0.2,25108063.5
2026-09-01T03:28:25,1.1,6527,1547350,1529223,0.4,0.00,2.83,0.00,11.33,0.00,0.00,0.00,10757.0,95830.0,84594.0,72.0,3.0,0.5,17.5,142.050,0.232,0.2,25108063.5
2026-09-01T03:28:25,1.5,6528,1547350,1529222,0.4,0.00,3.15,0.00,12.62,0.00,0.00,0.00,10757.0,95830.0,84594.0,72.0,2.0,0.5,11.5,139.789,0.232,0.2,25108063.5
2026-09-01T03:28:26,1.0,6529,1547350,1529222,0.4,0.00,2.67,0.00,10.70,0.00,0.00,0.00,10757.0,95830.0,84594.0,23.0,8.5,0.5,39.0,153.746,0.285,0.2,32039905.5
2026-09-01T03:28:26,0.7,6530,1547350,1529221,0.4,0.00,2.08,0.00,8.33,0.00,0.00,0.00,10757.0,95830.0,84594.0,23.0,2.0,0.5,9.0,136.756,0.285,0.2,32039905.5
2026-09-01T03:28:27,1.3,6530,1547350,1529221,0.4,0.00,3.95,0.00,15.81,0.00,0.00,0.00,10757.0,95830.0,84594.0,23.0,9.0,0.5,42.5,149.195,0.285,0.2,32039905.5
2026-09-01T03:28:27,1.4,6529,1547350,1529221,0.4,0.00,4.29,0.00,17.17,0.00,0.00,0.00,10757.0,95830.0,84594.0,85.0,7.5,0.5,41.0,149.328,0.285,0.2,32039905.5
2026-09-01T03:28:27,1.3,6529,1547350,1529221,0.4,0.00,2.86,0.00,11.43,0.00,0.00,0.00,10757.0,95830.0,84594.0,85.0,7.5,0.5,41.0,165.860,0.302,0.2,44086154.0
2026-09-01T03:28:27,1.3,6528,1547350,1529222,0.4,0.00,4.03,0.00,16.13,0.00,0.00,0.00,10757.0,95830.0,84594.0,85.0,7.5,0.5,40.5,175.042,0.302,0.2,44086154.0
2026-09-01T03:28:28,1.3,6528,1547350,1529222,0.4,0.00,3.73,0.00,14.93,0.00,0.00,0.00,10757.0,95830.0,84594.0,81.0,7.5,0.5,40.5,173.639,0.302,0.2,44086154.0
2026-09-01T03:28:28,1.1,6528,1547350,1529222,0.4,0.00,3.86,0.00,15.44,0.00,0.00,0.00,10757.0,95830.0,84594.0,81.0,4.0,0.5,23.0,161.820,0.302,0.2,44086154.0
2026-09-01T03:28:28,1.3,6528,1547350,1529222,0.4,0.00,2.70,0.00,10.78,0.00,0.00,0.00,10757.0,95830.0,84594.0,81.0,6.5,0.5,27.0,163.409,0.347,0.2,50367070.0
2026-09-01T03:28:29,1.0,6529,1547350,1529222,0.4,0.00,4.08,0.00,16.33,0.00,0.00,0.00,10757.0,95830.0,84594.0,81.0,3.0,0.5,17.0,152.607,0.347,0.2,50367070.0
2026-09-01T03:28:29,1.3,6529,1547350,1529222,0.4,0.00,3.07,0.00,12.27,0.00,0.00,0.00,10757.0,95830.0,84594.0,34.0,7.5,0.5,33.0,153.251,0.347,0.2,50367070.0
2026-09-01T03:28:29,0.7,6529,1547350,1529221,0.4,0.00,2.86,0.00,11.43,0.00,0.00,0.00,10757.0,95830.0,84594.0,34.0,0.0,0.5,0.0,139.508,0.347,0.2,50367070.0
2026-09-01T03:28:29,1.3,6529,1547350,1529222,0.4,0.00,4.15,0.00,16.60,0.00,0.00,0.00,10757.0,95830.0,84594.0,34.0,7.5,0.5,33.5,143.811,0.241,0.2,29305391.5
2026-09-01T03:28:30,1.6,6527,1547350,1529223,0.4,0.00,3.86,0.00,15.44,0.00,0.00,0.00,10757.0,95830.0,84594.0,80.0,4.0,0.5,23.0,139.826,0.241,0.2,29305391.5
2026-09-01T03:28:30,1.1,6529,1547350,1529221,0.4,0.00,2.18,0.00,8.73,0.00,0.00,0.00,10757.0,95830.0,84594.0,80.0,7.5,0.5,41.0,164.680,0.241,0.2,29305391.5
2026-09-01T03:28:30,1.3,6529,1547350,1529221,0.4,0.00,4.02,0.00,16.06,0.00,0.00,0.00,10757.0,95830.0,84594.0,80.0,7.5,0.5,40.5,164.153,0.241,0.2,29305391.5
2026-09-01T03:28:31,1.0,6529,1547350,1529221,0.4,0.00,3.95,0.00,15.81,0.00,0.00,0.00,10757.0,95830.0,84594.0,82.0,7.5,0.5,41.0,165.236,0.333,0.2,47899121.5
2026-09-01T03:28:31,1.2,6529,1547350,1529221,0.4,0.00,3.18,0.00,12.74,0.00,0.00,0.00,10757.0,95830.0,84594.0,82.0,9.5,0.5,43.5,165.336,0.333,0.2,47899121.5
2026-09-01T03:28:31,1.3,6529,1547350,1529221,0.4,0.00,2.20,0.00,8.79,0.00,1.00,0.00,10757.0,95830.0,84594.0,82.0,7.5,0.5,40.5,165.524,0.333,0.2,47899121.5
2026-09-01T03:28:32,0.7,6529,1547350,1529221,0.4,0.00,3.33,0.00,13.33,0.00,0.00,0.00,10757.0,95830.0,84594.0,81.0,5.5,0.5,32.0,158.810,0.296,0.2,45210252.0
2026-09-01T03:28:32,1.1,6529,1547350,1529221,0.4,0.00,4.08,0.00,16.33,0.00,0.00,0.00,10757.0,95830.0,84594.0,81.0,7.5,0.5,38.0,145.383,0.296,0.2,45210252.0
2026-09-01T03:28:32,1.5,6529,1547350,1529222,0.4,0.00,3.00,0.00,12.01,0.00,0.00,0.00,10757.0,95830.0,84594.0,81.0,3.5,0.5,14.0,148.429,0.296,0.2,45210252.0
2026-09-01T03:28:33,1.4,6529,1547350,1529221,0.4,0.00,3.75,0.00,14.98,0.00,0.00,0.00,10757.0,95830.0,84594.0,81.0,7.0,0.5,39.5,154.012,0.296,0.2,45210252.0
2026-09-01T03:28:33,0.5,6528,1547350,1529222,0.4,0.00,2.99,0.00,11.98,0.00,0.00,0.00,10757.0,95830.0,84594.0,82.0,0.0,0.5,0.0,137.524,0.229,0.2,28776504.5
2026-09-01T03:28:33,1.0,6526,1547350,1529224,0.4,0.00,2.74,0.00,10.96,0.00,0.00,0.00,10757.0,95830.0,84594.0,82.0,7.0,0.5,28.5,131.928,0.229,0.2,28776504.5
2026-09-01T03:28:34,1.3,6527,1547350,1529223,0.4,0.00,3.06,0.00,12.23,0.00,0.00,0.00,10757.0,95830.0,84594.0,82.0,9.0,0.5,42.5,133.862,0.229,0.2,28776504.5
2026-09-01T03:28:34,0.5,6528,1547350,1529222,0.4,0.00,2.76,0.00,11.05,0.00,0.00,0.00,10757.0,95830.0,84594.0,18.0,0.0,0.5,0.0,134.493,0.192,0.1,21271642.5
2026-09-01T03:28:34,1.1,6528,1547350,1529222,0.4,0.00,2.65,0.00,10.61,0.00,0.00,0.00,10757.0,95830.0,84594.0,18.0,5.0,0.5,28.0,133.903,0.192,0.1,21271642.5
2026-09-01T03:28:35,1.4,6528,1547350,1529223,0.4,0.00,2.85,0.00,11.40,0.00,0.00,0.00,10757.0,95830.0,84594.0,56.0,6.0,0.5,24.0,141.092,0.192,0.1,21271642.5
2026-09-01T03:28:35,0.6,6528,1547350,1529223,0.4,0.00,2.79,0.00,11.14,0.00,0.00,0.00,10757.0,95830.0,84594.0,56.0,0.0,0.5,1.0,142.381,0.230,0.2,25890881.0
2026-09-01T03:28:35,1.3,6528,1547350,1529222,0.4,0.00,4.12,0.00,16.46,0.00,0.00,0.00,10757.0,95830.0,84594.0,56.0,6.0,0.5,24.0,146.933,0.230,0.2,25890881.0
2026-09-01T03:28:36,1.1,6528,1547350,1529223,0.4,0.00,3.64,0.00,14.55,0.00,0.00,0.00,10757.0,95830.0,84594.0,56.0,7.5,0.5,41.0,141.440,0.230,0.2,25890881.0
2026-09-01T03:28:36,1.3,6527,1547350,1529223,0.4,0.00,4.08,0.00,16.33,0.00,0.00,0.00,10757.0,95830.0,84594.0,82.0,9.0,0.5,40.5,150.349,0.230,0.2,25890881.0
2026-09-01T03:28:36,1.4,6527,1547350,1529223,0.4,0.00,4.08,0.00,16.33,0.00,0.00,0.00,10757.0,95830.0,84594.0,82.0,7.5,0.5,40.5,168.233,0.346,0.2,44418431.5
2026-09-01T03:28:36,1.3,6528,1547350,1529223,0.4,0.00,4.10,0.00,16.39,0.00,0.00,0.00,10757.0,95830.0,84594.0,82.0,7.5,0.5,41.0,163.965,0.346,0.2,44418431.5
2026-09-01T03:28:37,1.3,6529,1547350,1529222,0.4,0.00,3.29,0.00,13.16,0.00,0.00,0.00,10757.0,95830.0,84594.0,82.0,7.5,0.5,40.5,174.411,0.346,0.2,44418431.5
2026-09-01T03:28:37,1.5,6529,1547350,1529222,0.4,0.00,4.12,0.00,16.46,0.00,0.00,0.41,10757.0,95830.0,84594.0,82.0,7.5,0.5,40.5,174.496,0.346,0.2,44418431.5
2026-09-01T03:28:37,1.5,6529,1547350,1529221,0.4,0.00,2.90,0.00,11.59,0.00,0.00,0.00,10757.0,95830.0,84594.0,82.0,7.5,0.5,40.0,162.019,0.353,0.2,55040176.5
2026-09-01T03:28:38,0.9,6527,1547350,1529223,0.4,0.00,2.76,0.00,11.05,0.00,0.00,0.00,10757.0,95830.0,84594.0,82.0,1.5,0.5,9.0,164.303,0.353,0.2,55040176.5
2026-09-01T03:28:38,1.3,6527,1547350,1529223,0.4,0.00,4.13,0.00,16.53,0.00,0.00,0.00,10757.0,95830.0,84594.0,18.0,7.5,0.5,41.0,164.139,0.353,0.2,55040176.5
2026-09-01T03:28:38,1.4,6527,1547350,1529223,0.4,0.00,3.85,0.00,15.38,0.00,0.00,0.00,10757.0,95830.0,84594.0,18.0,7.5,0.5,40.5,163.348,0.353,0.2,55040176.5
2026-09-01T03:28:38,1.3,6527,1547350,1529223,0.4,0.00,20.96,0.00,287.43,0.00,0.14,0.00,10757.0,95830.0,84594.0,18.0,7.5,0.5,40.5,166.988,0.409,0.3,60450864.0
2026-09-01T03:28:39,0.5,6527,1547350,1529223,0.4,0.00,3.38,0.00,13.51,0.00,0.00,0.00,10757.0,95830.0,84594.0,81.0,1.0,0.5,5.5,150.433,0.409,0.3,60450864.0
2026-09-01T03:28:39,1.4,6528,1547350,1529223,0.4,0.00,8.23,0.00,49.38,0.00,0.00,0.00,10757.0,95830.0,84594.0,81.0,3.5,0.5,14.5,152.190,0.409,0.3,60450864.0
2026-09-01T03:28:39,1.0,6528,1547350,1529222,0.4,0.00,2.75,0.00,11.02,0.00,0.00,0.28,10757.0,95830.0,84594.0,81.0,1.0,0.5,7.0,141.213,0.409,0.3,60450864.0
2026-09-01T03:28:40,1.4,6528,1547350,1529222,0.4,0.00,4.33,0.00,17.32,0.00,0.00,0.00,10757.0,95830.0,84594.0,81.0,9.0,0.5,43.5,154.173,0.241,0.2,27867583.0
2026-09-01T03:28:40,0.7,6529,1547350,1529222,0.4,0.00,3.17,0.00,12.70,0.00,0.00,0.00,10757.0,95830.0,84594.0,87.0,0.5,0.5,2.5,140.466,0.241,0.2,27867583.0
2026-09-01T03:28:40,1.4,6528,1547350,1529223,0.4,0.00,4.08,0.00,16.33,0.00,0.00,0.00,10757.0,95830.0,84594.0,87.0,6.0,0.5,25.5,151.722,0.241,0.2,27867583.0
2026-09-01T03:28:40,0.5,6528,1547350,1529222,0.4,0.00,3.09,0.00,12.35,0.00,0.00,0.00,10757.0,95830.0,84594.0,87.0,5.5,0.5,31.0,130.596,0.241,0.2,27867583.0
2026-09-01T03:28:41,1.4,6528,1547350,1529222,0.4,0.00,4.67,0.00,18.69,0.00,0.00,0.00,10757.0,95830.0,84594.0,87.0,7.5,0.5,33.0,137.102,0.196,0.1,21456013.0
2026-09-01T03:28:41,0.5,6529,1547350,1529221,0.4,0.00,3.33,0.00,13.33,0.00,0.00,0.00,10757.0,95830.0,84594.0,0.0,2.0,0.5,12.0,129.364,0.196,0.1,21456013.0
2026-09-01T03:28:41,1.0,6529,1547350,1529221,0.4,0.00,3.34,0.00,13.38,0.00,0.00,0.00,10757.0,95830.0,84594.0,0.0,7.5,0.5,34.5,131.424,0.196,0.1,21456013.0
2026-09-01T03:28:42,1.3,6530,1547350,1529221,0.4,0.00,2.42,0.00,9.69,0.00,0.00,0.00,10757.0,95830.0,84594.0,39.0,7.0,0.5,39.5,141.931,0.220,0.1,25114081.5
2026-09-01T03:28:42,0.7,6529,1547350,1529221,0.4,0.00,3.47,0.00,13.89,0.00,1.00,0.00,10757.0,95830.0,84594.0,39.0,3.0,0.5,17.0,140.954,0.220,0.1,25114081.5
2026-09-01T03:28:42,1.3,6529,1547350,1529222,0.4,0.00,3.39,0.00,13.56,0.00,0.00,0.00,10757.0,95830.0,84594.0,39.0,2.0,0.5,9.0,156.517,0.220,0.1,25114081.5
2026-09-01T03:28:42,1.3,6529,1547350,1529221,0.4,0.00,4.08,0.00,16.33,0.00,0.00,0.00,10757.0,95830.0,84594.0,39.0,7.5,0.5,40.5,154.408,0.220,0.1,25114081.5
2026-09-01T03:28:43,1.4,6529,1547350,1529221,0.4,0.00,4.13,0.00,16.53,0.00,0.00,0.00,10757.0,95830.0,84594.0,81.0,7.5,0.5,41.0,159.918,0.306,0.2,43587522.0
2026-09-01T03:28:43,0.9,6529,1547350,1529221,0.4,0.00,4.10,0.00,16.39,0.00,0.00,0.00,10757.0,95830.0,84594.0,81.0,4.5,0.5,25.0,157.665,0.306,0.2,43587522.0
2026-09-01T03:28:43,1.3,6530,1547350,1529220,0.4,0.00,2.69,0.00,10.75,0.00,0.00,0.00,10757.0,95830.0,84594.0,81.0,4.0,0.5,16.5,160.296,0.306,0.2,43587522.0
2026-09-01T03:28:44,1.1,6530,1547350,1529220,0.4,0.00,4.07,0.00,16.26,0.00,0.00,0.00,10757.0,95830.0,84594.0,82.0,6.0,0.5,34.5,147.037,0.306,0.2,43587522.0
2026-09-01T03:28:44,1.0,6530,1547350,1529220,0.4,0.00,8.17,0.00,43.60,0.00,0.00,0.27,10757.0,95830.0,84594.0,82.0,4.0,0.5,21.0,146.678,0.249,0.2,32724154.0
2026-09-01T03:28:44,1.2,6531,1547350,1529220,0.4,0.00,2.34,0.00,9.35,0.00,0.00,0.00,10757.0,95830.0,84594.0,82.0,6.5,0.5,32.0,137.804,0.249,0.2,32724154.0
2026-09-01T03:28:45,1.3,6530,1547350,1529220,0.4,0.00,2.79,0.00,11.14,0.00,0.00,0.00,10757.0,95830.0,84594.0,64.0,6.0,0.5,22.5,151.227,0.249,0.2,32724154.0
2026-09-01T03:28:45,1.3,6530,1547350,1529220,0.4,0.00,3.94,0.00,15.75,0.00,0.00,0.00,10757.0,95830.0,84594.0,64.0,7.0,0.5,39.0,167.061,0.346,0.2,45380772.0
2026-09-01T03:28:45,1.4,6530,1547350,1529220,0.4,0.00,2.75,0.00,11.02,0.00,0.00,0.00,10757.0,95830.0,84594.0,64.0,7.5,0.5,40.5,164.484,0.346,0.2,45380772.0
2026-09-01T03:28:46,1.3,6531,1547350,1529220,0.4,0.00,4.03,0.00,16.13,0.00,0.00,0.00,10757.0,95830.0,84594.0,64.0,7.5,0.5,40.0,172.573,0.346,0.2,45380772.0
2026-09-01T03:28:46,1.4,6530,1547350,1529220,0.4,0.00,4.12,0.00,16.46,0.00,0.00,0.00,10757.0,95830.0,84594.0,80.0,7.0,0.5,40.0,172.958,0.346,0.2,45380772.0
2026-09-01T03:28:46,1.4,6530,1547350,1529220,0.4,0.00,4.03,0.00,16.13,0.00,0.00,0.00,10757.0,95830.0,84594.0,80.0,7.0,0.5,38.0,173.578,0.398,0.2,62973157.0
2026-09-01T03:28:47,0.5,6530,1547350,1529220,0.4,0.00,2.31,0.00,9.24,0.00,0.00,0.00,10757.0,95830.0,84594.0,80.0,0.0,0.5,0.0,137.191,0.398,0.2,62973157.0
2026-09-01T03:28:47,1.1,6530,1547350,1529220,0.4,0.00,2.99,0.00,11.94,0.00,0.00,0.00,10757.0,95830.0,84594.0,0.0,2.0,0.5,10.5,129.870,0.398,0.2,62973157.0
2026-09-01T03:28:47,1.1,6530,1547350,1529220,0.4,0.00,2.55,0.00,10.20,0.00,0.00,0.00,10757.0,95830.0,84594.0,0.0,8.0,0.5,38.0,127.853,0.151,0.1,14217648.5
2026-09-01T03:28:47,1.5,6531,1547350,1529220,0.4,0.00,4.15,0.00,16.60,0.00,0.00,0.00,10757.0,95830.0,84594.0,0.0,8.0,0.5,40.5,151.363,0.151,0.1,14217648.5
2026-09-01T03:28:48,1.0,6530,1547350,1529221,0.4,0.00,4.13,0.00,16.53,0.00,0.00,0.00,10757.0,95830.0,84594.0,81.0,2.0,0.5,11.0,146.627,0.151,0.1,14217648.5
2026-09-01T03:28:48,1.1,6530,1547350,1529221,0.4,0.00,3.42,0.00,13.70,0.00,1.00,0.00,10757.0,95830.0,84594.0,81.0,1.5,0.5,8.0,141.066,0.151,0.1,14217648.5
2026-09-01T03:28:48,1.4,6531,1547350,1529220,0.4,0.00,2.79,0.00,11.17,0.00,0.00,0.00,10757.0,95830.0,84594.0,81.0,9.0,0.5,42.0,148.981,0.281,0.2,31007825.5
2026-09-01T03:28:49,0.6,6532,1547350,1529219,0.4,0.00,3.11,0.00,12.42,0.00,0.00,0.31,10757.0,95830.0,84594.0,14.0,3.5,0.5,13.5,138.723,0.281,0.2,31007825.5
2026-09-01T03:28:49,1.3,6532,1547350,1529218,0.4,0.00,4.10,0.00,16.39,0.00,0.00,0.00,10757.0,95830.0,84594.0,14.0,8.0,0.5,41.5,152.555,0.281,0.2,31007825.5
2026-09-01T03:28:49,0.8,6533,1547350,1529218,0.4,0.00,2.00,0.00,7.98,0.00,0.00,0.00,10757.0,95830.0,84594.0,14.0,0.0,0.5,1.0,134.191,0.188,0.1,24248595.0
2026-09-01T03:28:50,1.3,6532,1547350,1529218,0.4,0.00,3.94,0.00,15.75,0.00,0.00,0.00,10757.0,95830.0,84594.0,57.0,6.5,0.5,28.5,147.880,0.188,0.1,24248595.0
2026-09-01T03:28:50,0.5,6533,1547350,1529218,0.4,0.00,3.42,0.00,13.70,0.00,0.00,0.00,10757.0,95830.0,84594.0,57.0,0.0,0.5,0.0,130.885,0.188,0.1,24248595.0
2026-09-01T03:28:50,1.3,6533,1547350,1529218,0.4,0.00,3.73,0.00,14.93,0.00,0.00,0.00,10757.0,95830.0,84594.0,57.0,8.0,0.5,36.5,140.563,0.188,0.1,24248595.0
2026-09-01T03:28:51,1.4,6532,1547350,1529218,0.4,0.00,4.17,0.00,16.67,0.00,0.00,0.00,10757.0,95830.0,84594.0,57.0,7.0,0.5,39.5,151.383,0.288,0.2,36596047.0
2026-09-01T03:28:51,1.3,6532,1547350,1529219,0.4,0.00,4.10,0.00,16.39,0.00,0.00,0.00,10757.0,95830.0,84594.0,79.0,7.0,0.5,40.0,155.139,0.288,0.2,36596047.0
2026-09-01T03:28:51,0.7,6531,1547350,1529219,0.4,0.00,3.53,0.00,14.13,0.00,0.00,0.00,10757.0,95830.0,84594.0,79.0,1.0,0.5,4.5,147.535,0.288,0.2,36596047.0
2026-09-01T03:28:51,1.0,6530,1547350,1529220,0.4,0.00,2.57,0.00,10.28,0.00,0.00,0.00,10757.0,95830.0,84594.0,79.0,9.0,0.5,41.0,139.778,0.244,0.2,31954500.0
2026-09-01T03:28:52,1.4,6530,1547350,1529220,0.4,0.00,2.07,0.00,8.28,0.00,0.00,0.00,10757.0,95830.0,84594.0,24.0,8.5,0.5,41.5,144.816,0.244,0.2,31954500.0
2026-09-01T03:28:52,1.0,6529,1547350,1529221,0.4,0.00,4.08,0.00,16.33,0.00,0.00,0.00,10757.0,95830.0,84594.0,24.0,8.5,0.5,37.5,156.542,0.244,0.2,31954500.0
2026-09-01T03:28:53,1.3,6529,1547350,1529221,0.4,0.00,2.19,0.00,8.75,0.00,0.00,0.00,10757.0,95830.0,84594.0,24.0,7.5,0.5,40.5,163.555,0.329,0.2,42902033.0
2026-09-01T03:28:53,1.3,6529,1547350,1529221,0.4,0.00,3.85,0.00,15.38,0.00,0.00,0.38,10757.0,95830.0,84594.0,81.0,7.5,0.5,40.5,163.833,0.329,0.2,42902033.0
2026-09-01T03:28:53,1.3,6528,1547350,1529222,0.4,0.00,3.34,0.00,13.38,0.00,0.00,0.00,10757.0,95830.0,84594.0,81.0,7.0,0.5,38.5,174.826,0.329,0.2,42902033.0
2026-09-01T03:28:53,0.5,6528,1547350,1529222,0.4,0.00,3.14,0.00,12.58,0.00,0.00,0.00,10757.0,95830.0,84594.0,81.0,0.0,0.5,2.0,147.889,0.329,0.2,42902033.0
2026-09-01T03:28:54,1.4,6528,1547350,1529222,0.4,0.00,3.89,0.00,15.56,0.00,0.00,0.00,10757.0,95830.0,84594.0,41.0,5.5,0.5,31.0,145.716,0.292,0.2,41758792.0
2026-09-01T03:28:54,0.4,6530,1547350,1529221,0.4,0.00,3.53,0.00,14.13,0.00,0.00,0.00,10757.0,95830.0,84594.0,41.0,0.0,0.5,0.0,128.147,0.292,0.2,41758792.0
2026-09-01T03:28:54,1.4,6530,1547350,1529220,0.4,0.00,3.53,0.00,14.13,0.00,0.00,0.00,10757.0,95830.0,84594.0,41.0,7.0,0.5,31.5,137.141,0.292,0.2,41758792.0
2026-09-01T03:28:55,0.6,6532,1547350,1529219,0.4,0.00,3.62,0.00,14.49,0.00,1.00,0.00,10757.0,95830.0,84594.0,41.0,0.0,0.5,0.0,127.656,0.292,0.2,41758792.0
2026-09-01T03:28:55,1.2,6531,1547350,1529219,0.4,0.00,4.15,0.00,16.60,0.00,0.00,0.00,10757.0,95830.0,84594.0,0.0,9.0,0.5,42.0,154.730,0.214,0.1,25820505.5
2026-09-01T03:28:55,1.2,6530,1547350,1529220,0.4,0.00,2.07,0.00,8.26,0.00,0.00,0.00,10757.0,95830.0,84594.0,0.0,6.5,0.5,36.0,141.764,0.214,0.1,25820505.5
2026-09-01T03:28:56,1.3,6531,1547350,1529220,0.4,0.00,4.02,0.00,16.06,0.00,0.00,0.00,10757.0,95830.0,84594.0,0.0,7.5,0.5,41.0,164.135,0.214,0.1,25820505.5
2026-09-01T03:28:56,1.4,6530,1547350,1529220,0.4,0.00,4.07,0.00,16.26,0.00,0.00,0.00,10757.0,95830.0,84594.0,82.0,7.0,0.5,39.5,161.810,0.214,0.1,25820505.5
2026-09-01T03:28:56,0.6,6530,1547350,1529220,0.4,0.00,2.81,0.00,11.24,0.00,0.00,0.00,10757.0,95830.0,84594.0,82.0,0.0,0.5,0.0,141.360,0.281,0.2,40051774.0
2026-09-01T03:28:56,1.5,6530,1547350,1529221,0.4,0.00,3.95,0.00,15.81,0.00,0.00,0.00,10757.0,95830.0,84594.0,82.0,9.5,0.5,43.0,140.980,0.281,0.2,40051774.0
2026-09-01T03:28:57,1.0,6529,1547350,1529221,0.4,0.00,2.79,0.00,11.17,0.00,0.00,0.00,10757.0,95830.0,84594.0,16.0,9.0,0.5,42.5,144.447,0.281,0.2,40051774.0
2026-09-01T03:28:57,1.4,6529,1547350,1529221,0.4,0.00,3.08,0.00,12.31,0.00,0.00,0.00,10757.0,95830.0,84594.0,16.0,7.0,0.5,40.0,166.548,0.309,0.2,43398963.5
2026-09-01T03:28:57,1.3,6530,1547350,1529220,0.4,0.00,3.12,0.00,12.50,0.00,0.00,0.00,10757.0,95830.0,84594.0,16.0,7.0,0.5,39.5,166.637,0.309,0.2,43398963.5
2026-09-01T03:28:58,1.3,6529,1547350,1529221,0.4,0.00,3.77,0.00,15.09,0.00,0.00,0.00,10757.0,95830.0,84594.0,79.0,7.0,0.5,39.5,172.399,0.309,0.2,43398963.5
2026-09-01T03:28:58,1.3,6529,1547350,1529221,0.4,0.00,3.85,0.00,15.38,0.00,0.00,0.00,10757.0,95830.0,84594.0,79.0,7.0,0.5,39.5,172.754,0.309,0.2,43398963.5
2026-09-01T03:28:58,1.4,6528,1547350,1529222,0.4,0.00,3.88,0.00,15.50,0.00,0.00,0.00,10757.0,95830.0,84594.0,79.0,7.0,0.5,40.0,171.504,0.384,0.2,60206087.0
2026-09-01T03:28:59,0.5,6529,1547350,1529221,0.4,0.00,2.92,0.00,11.70,0.00,0.00,0.00,10757.0,95830.0,84594.0,79.0,2.0,0.5,12.5,148.391,0.384,0.2,60206087.0
2026-09-01T03:28:59,1.3,6528,1547350,1529222,0.4,0.00,3.68,0.00,14.71,0.00,0.00,0.00,10757.0,95830.0,84594.0,25.0,9.0,0.5,43.0,152.107,0.384,0.2,60206087.0
2026-09-01T03:28:59,1.4,6527,1547350,1529223,0.4,0.00,3.97,0.00,15.87,0.00,0.00,0.00,10757.0,95830.0,84594.0,25.0,7.5,0.5,41.0,152.417,0.384,0.2,60206087.0
2026-09-01T03:28:59,1.3,6528,1547350,1529222,0.4,0.00,2.67,0.00,10.67,0.00,0.00,0.00,10757.0,95830.0,84594.0,25.0,7.5,0.5,40.5,168.793,0.313,0.2,45691047.0
2026-09-01T03:29:00,0.6,6528,1547350,1529222,0.4,0.00,3.09,0.00,12.35,0.00,0.00,0.00,10757.0,95830.0,84594.0,81.0,3.5,0.5,21.0,153.022,0.313,0.2,45691047.0
2026-09-01T03:29:00,1.3,6528,1547350,1529222,0.4,0.00,3.76,0.00,15.04,0.00,0.00,0.00,10757.0,95830.0,84594.0,81.0,9.5,0.5,44.0,153.640,0.313,0.2,45691047.0
2026-09-01T03:29:00,1.0,6528,1547350,1529222,0.4,0.00,2.99,0.00,11.98,0.00,0.00,0.00,10757.0,95830.0,84594.0,81.0,7.5,0.5,41.0,139.774,0.313,0.2,45691047.0
2026-09-01T03:29:01,1.9,6535,1547350,1529215,0.4,0.00,4.10,0.00,16.39,0.00,1.00,0.00,10757.0,95830.0,84594.0,81.0,9.0,0.5,43.5,154.429,0.238,0.2,28659958.0
2026-09-01T03:29:01,1.4,6534,1547350,1529216,0.4,0.00,3.92,0.00,15.69,0.00,0.00,0.00,10757.0,95830.0,84594.0,5.0,7.0,0.5,40.5,162.311,0.238,0.2,28659958.0
2026-09-01T03:29:01,1.1,6534,1547350,1529217,0.4,0.00,3.76,0.00,15.04,0.00,0.00,0.00,10757.0,95830.0,84594.0,5.0,2.5,0.5,11.5,164.653,0.238,0.2,28659958.0
2026-09-01T03:29:02,1.3,6533,1547350,1529217,0.4,0.00,1.53,0.00,6.13,0.00,0.00,0.00,10757.0,95830.0,84594.0,23.0,8.5,0.5,42.0,164.681,0.352,0.2,51057866.0
2026-09-01T03:29:02,1.3,6534,1547350,1529216,0.4,0.00,2.86,0.00,11.43,0.00,0.00,0.00,10757.0,95830.0,84594.0,23.0,7.5,0.5,41.0,173.540,0.352,0.2,51057866.0
2026-09-01T03:29:03,1.3,6534,1547350,1529216,0.4,0.00,2.27,0.00,9.07,0.00,0.00,0.00,10757.0,95830.0,84594.0,23.0,7.5,0.5,40.5,174.796,0.352,0.2,51057866.0
2026-09-01T03:29:03,1.0,6534,1547350,1529216,0.4,0.00,3.61,0.00,14.44,0.00,0.00,0.00,10757.0,95830.0,84594.0,81.0,5.0,0.5,29.0,161.381,0.349,0.2,54694742.0
2026-09-01T03:29:03,1.4,6535,1547350,1529216,0.4,0.00,3.66,0.00,14.65,0.00,0.00,0.00,10757.0,95830.0,84594.0,81.0,7.5,0.5,40.5,164.050,0.349,0.2,54694742.0
2026-09-01T03:29:03,1.3,6534,1547350,1529216,0.4,0.00,2.90,0.00,11.59,0.00,0.00,0.00,10757.0,95830.0,84594.0,81.0,7.0,0.5,40.5,164.484,0.349,0.2,54694742.0
2026-09-01T03:29:04,1.3,6534,1547350,1529216,0.4,0.00,3.68,0.00,14.71,0.00,0.00,0.37,10757.0,95830.0,84594.0,81.0,7.5,0.5,41.0,167.683,0.349,0.2,54694742.0
2026-09-01T03:29:04,1.1,6536,1547350,1529215,0.4,0.00,4.17,0.00,16.67,0.00,0.00,0.00,10757.0,95830.0,84594.0,81.0,7.5,0.5,41.0,163.597,0.358,0.2,51898415.5
2026-09-01T03:29:04,1.3,6535,1547350,1529215,0.4,0.00,2.65,0.00,10.61,0.00,0.00,0.00,10757.0,95830.0,84594.0,81.0,8.0,0.5,36.0,163.673,0.358,0.2,51898415.5
2026-09-01T03:29:05,1.4,6537,1547350,1529214,0.4,0.00,8.62,0.00,34.48,0.00,0.00,0.00,10757.0,95830.0,84594.0,81.0,7.0,0.5,40.0,162.794,0.358,0.2,51898415.5
2026-09-01T03:29:05,1.3,6537,1547350,1529214,0.4,0.00,4.13,0.00,16.53,0.00,0.00,0.00,10757.0,95830.0,84594.0,80.0,7.0,0.5,38.0,163.822,0.358,0.2,51898415.5
2026-09-01T03:29:05,1.4,6537,1547350,1529213,0.4,0.00,4.00,0.00,16.00,0.00,0.00,0.00,10757.0,95830.0,84594.0,80.0,7.0,0.5,39.0,171.430,0.380,0.2,55539471.0
2026-09-01T03:29:05,1.4,6539,1547350,1529212,0.4,0.00,3.46,0.00,13.84,0.00,0.00,0.00,10757.0,95830.0,84594.0,80.0,7.0,0.5,38.5,171.092,0.380,0.2,55539471.0
2026-09-01T03:29:06,1.3,6539,1547350,1529211,0.4,0.00,3.52,0.00,14.08,0.00,0.00,0.00,10757.0,95830.0,84594.0,78.0,7.5,0.5,40.5,172.662,0.380,0.2,55539471.0
2026-09-01T03:29:06,1.4,6539,1547350,1529211,0.4,0.00,3.80,0.00,15.21,0.00,0.00,0.00,10757.0,95830.0,84594.0,78.0,7.5,0.5,40.5,172.484,0.380,0.2,55539471.0
2026-09-01T03:29:06,0.5,6538,1547350,1529212,0.4,0.00,2.19,0.00,8.75,0.00,0.00,0.00,10757.0,95830.0,84594.0,78.0,0.5,0.5,2.5,144.094,0.281,0.2,44570791.0
2026-09-01T03:29:07,1.3,6538,1547350,1529213,0.4,0.00,4.17,0.00,16.67,0.00,0.00,0.00,10757.0,95830.0,84594.0,78.0,0.0,0.5,0.0,146.142,0.281,0.2,44570791.0
2026-09-01T03:29:07,0.6,6538,1547350,1529212,0.4,0.00,3.44,0.00,13.75,0.00,1.00,0.00,10757.0,95830.0,84594.0,0.0,1.0,0.5,7.5,123.192,0.281,0.2,44570791.0
2026-09-01T03:29:07,1.3,6538,1547350,1529212,0.4,0.00,2.98,0.00,11.90,0.00,0.00,0.00,10757.0,95830.0,84594.0,0.0,5.0,0.5,19.0,150.174,0.281,0.2,44570791.0
2026-09-01T03:29:07,1.1,6537,1547350,1529213,0.4,0.00,3.95,0.00,15.81,0.00,0.00,0.00,10757.0,95830.0,84594.0,0.0,7.0,0.5,40.5,141.748,0.264,0.2,33213844.0
2026-09-01T03:29:08,1.1,6538,1547350,1529213,0.4,0.00,2.62,0.00,10.47,0.00,0.00,0.00,10757.0,95830.0,84594.0,81.0,9.5,0.5,42.5,153.033,0.264,0.2,33213844.0
2026-09-01T03:29:08,1.0,6538,1547350,1529212,0.4,0.00,1.96,0.00,7.83,0.00,0.00,0.00,10757.0,95830.0,84594.0,81.0,8.5,0.5,38.5,138.078,0.264,0.2,33213844.0
2026-09-01T03:29:09,1.3,6538,1547350,1529212,0.4,0.00,11.36,0.00,143.94,0.00,0.00,0.00,10757.0,95830.0,84594.0,3.0,9.0,0.5,40.0,149.615,0.257,0.2,25651354.0
2026-09-01T03:29:09,1.0,6539,1547350,1529212,0.4,0.00,3.66,0.00,14.65,0.00,0.00,0.00,10757.0,95830.0,84594.0,3.0,7.5,0.5,40.5,149.021,0.257,0.2,25651354.0
2026-09-01T03:29:10,1.2,6538,1547350,1529212,0.4,0.00,0.93,0.00,3.70,0.00,0.00,0.00,10757.0,95830.0,84594.0,77.0,7.0,0.5,39.5,163.561,0.352,0.2,55506332.0
2026-09-01T03:29:11,1.1,6537,1547350,1529214,0.4,0.00,0.88,0.00,3.51,0.00,0.00,0.00,10757.0,95830.0,84594.0,46.0,7.5,0.5,41.0,165.522,0.346,0.2,48391805.5
2026-09-01T03:29:12,1.0,6536,1547350,1529214,0.4,0.00,1.13,0.00,4.51,0.00,0.00,0.00,10757.0,95830.0,84594.0,40.0,4.0,0.5,22.0,150.989,0.346,0.2,48391805.5
2026-09-01T03:29:13,1.2,6536,1547350,1529215,0.4,0.00,1.02,0.00,4.07,0.00,0.00,0.00,10757.0,95830.0,84594.0,80.0,7.0,0.5,38.5,166.440,0.327,0.2,45853866.0
2026-09-01T03:29:14,1.1,6536,1547350,1529214,0.4,0.00,0.89,0.00,3.57,0.00,0.00,0.00,10757.0,95830.0,84594.0,62.0,6.5,0.5,34.5,150.891,0.298,0.2,41145634.0
2026-09-01T03:29:15,1.0,6535,1547350,1529215,0.4,0.00,2.21,0.00,8.84,0.00,0.00,0.00,10757.0,95830.0,84594.0,39.0,5.0,0.5,19.5,148.185,0.298,0.2,41145634.0
2026-09-01T03:29:16,1.0,6536,1547350,1529214,0.4,0.00,0.94,0.00,3.75,0.00,0.00,0.00,10757.0,95830.0,84594.0,54.0,7.0,0.5,38.0,149.774,0.258,0.2,26145138.5
2026-09-01T03:29:17,1.0,6536,1547350,1529214,0.4,0.00,1.04,0.00,4.18,0.00,0.00,0.00,10757.0,95830.0,84594.0,56.0,7.5,0.5,40.0,154.073,0.258,0.2,26145138.5
2026-09-01T03:29:18,0.9,6537,1547350,1529214,0.4,0.00,0.91,0.00,3.66,0.00,1.00,0.00,10757.0,95830.0,84594.0,87.0,9.0,0.5,42.5,146.587,0.263,0.2,30475705.0
2026-09-01T03:29:19,1.0,6536,1547350,1529215,0.4,0.00,1.13,0.00,4.54,0.00,0.00,0.00,10757.0,95830.0,84594.0,80.0,3.5,0.5,21.5,150.010,0.263,0.2,30475705.0
2026-09-01T03:29:20,1.0,6535,1547350,1529215,0.4,0.00,1.01,0.00,4.02,0.00,0.00,0.00,10757.0,95830.0,84594.0,30.0,6.5,0.5,32.5,142.745,0.287,0.2,39068526.0
2026-09-01T03:29:21,1.0,6535,1547350,1529215,0.4,0.00,0.90,0.00,3.58,0.00,0.00,0.00,10757.0,95830.0,84594.0,58.0,1.0,0.5,7.0,147.673,0.254,0.2,26864540.5
2026-09-01T03:29:22,1.0,6535,1547350,1529215,0.4,0.00,1.06,0.00,4.26,0.00,0.00,0.00,10757.0,95830.0,84594.0,20.0,7.0,0.5,39.5,155.398,0.254,0.2,26864540.5
2026-09-01T03:29:23,1.1,6536,1547350,1529214,0.4,0.00,0.86,0.00,3.43,0.00,0.00,0.00,10757.0,95830.0,84594.0,63.0,4.5,0.5,27.0,145.517,0.285,0.2,36439512.0
2026-09-01T03:29:24,1.0,6537,1547350,1529213,0.4,0.00,1.32,0.00,5.26,0.00,0.00,0.00,10757.0,95830.0,84594.0,54.0,7.0,0.5,39.5,158.299,0.285,0.2,36439512.0
2026-09-01T03:29:25,1.1,6538,1547350,1529212,0.4,0.00,1.00,0.00,4.00,0.00,0.00,0.00,10757.0,95830.0,84594.0,36.0,7.0,0.5,39.5,164.838,0.362,0.2,49482810.5
2026-09-01T03:29:26,1.1,6538,1547350,1529212,0.4,0.00,1.01,0.00,4.02,0.00,0.00,0.00,10757.0,95830.0,84594.0,49.0,7.0,0.5,39.5,163.550,0.362,0.2,49482810.5
2026-09-01T03:29:27,1.1,6539,1547350,1529212,0.4,0.00,0.99,0.00,3.97,0.00,0.00,0.00,10757.0,95830.0,84594.0,81.0,6.0,0.5,22.0,165.055,0.338,0.2,47506284.0
2026-09-01T03:29:28,1.0,6538,1547350,1529213,0.4,0.00,1.01,0.00,4.04,0.00,0.00,0.00,10757.0,95830.0,84594.0,66.0,9.5,0.5,41.0,145.351,0.259,0.2,34627382.0
2026-09-01T03:29:29,1.0,6537,1547350,1529213,0.4,0.00,0.99,0.00,3.98,0.00,0.00,0.00,10757.0,95830.0,84594.0,15.0,1.5,0.5,10.5,157.229,0.259,0.2,34627382.0
2026-09-01T03:29:30,0.8,6537,1547350,1529214,0.4,0.00,0.81,0.00,3.25,0.00,0.00,0.00,10757.0,95830.0,84594.0,5.0,0.0,0.5,2.0,145.581,0.246,0.2,29798053.5
2026-09-01T03:29:31,1.1,6536,1547350,1529214,0.4,0.00,1.14,0.00,4.56,0.00,0.00,0.00,10757.0,95830.0,84594.0,0.0,2.5,0.5,11.0,140.455,0.246,0.2,29798053.5
2026-09-01T03:29:32,0.8,6537,1547350,1529214,0.4,0.00,1.06,0.00,4.25,0.00,0.00,0.11,10757.0,95830.0,84594.0,0.0,1.5,0.5,7.5,133.666,0.237,0.2,24619430.0
2026-09-01T03:29:33,0.8,6537,1547350,1529213,0.4,0.00,1.05,0.00,4.21,0.00,0.00,0.00,10757.0,95830.0,84594.0,62.0,3.0,0.5,12.5,137.325,0.237,0.2,24619430.0
2026-09-01T03:29:34,1.0,6537,1547350,1529213,0.4,0.00,0.93,0.00,3.71,0.00,0.00,0.00,10757.0,95830.0,84594.0,63.0,8.5,0.5,35.5,142.959,0.213,0.1,22142630.5
2026-09-01T03:29:35,1.0,6537,1547350,1529213,0.4,0.00,5.36,0.00,21.43,0.00,0.17,0.00,10757.0,95830.0,84594.0,5.0,7.5,0.5,25.0,157.036,0.307,0.2,38634705.5
2026-09-01T03:29:36,1.1,6538,1547350,1529213,0.4,0.00,1.25,0.00,4.98,0.00,0.00,0.00,10757.0,95830.0,84594.0,53.0,6.0,0.5,23.5,153.748,0.307,0.2,38634705.5
2026-09-01T03:29:37,1.0,6539,1547350,1529212,0.4,0.00,1.00,0.00,4.00,0.00,0.00,0.00,10757.0,95830.0,84594.0,67.0,7.0,0.5,40.0,154.040,0.282,0.2,36512840.5
2026-09-01T03:29:38,1.1,6539,1547350,1529211,0.4,0.00,1.01,0.00,4.04,0.00,0.00,0.00,10757.0,95830.0,84594.0,48.0,1.0,0.5,7.5,151.885,0.267,0.2,36525484.5
2026-09-01T03:29:39,1.1,6538,1547350,1529212,0.4,0.00,4.92,0.00,37.36,0.00,0.00,0.00,10757.0,95830.0,84594.0,16.0,2.5,0.5,16.0,154.070,0.303,0.2,36947516.0
2026-09-01T03:29:40,1.1,6537,1547350,1529213,0.4,0.00,1.00,0.00,4.01,0.00,0.00,0.00,10757.0,95830.0,84594.0,79.0,4.5,0.5,18.0,160.607,0.303,0.2,36947516.0
2026-09-01T03:29:41,1.1,6538,1547350,1529213,0.4,0.00,0.85,0.00,3.38,0.00,0.00,0.08,10757.0,95830.0,84594.0,63.0,7.0,0.5,39.0,160.858,0.309,0.2,38953431.5
2026-09-01T03:29:42,0.9,6537,1547350,1529213,0.4,0.00,1.23,0.00,4.90,0.00,0.00,0.00,10757.0,95830.0,84594.0,2.0,9.5,0.5,43.5,147.809,0.309,0.2,38953431.5
2026-09-01T03:29:43,0.9,6538,1547350,1529213,0.4,0.00,0.98,0.00,3.94,0.00,0.00,0.00,10757.0,95830.0,84594.0,19.0,0.0,0.5,0.5,137.970,0.213,0.1,24495680.0
2026-09-01T03:29:44,1.2,6537,1547350,1529213,0.4,0.00,1.02,0.00,4.07,0.00,0.00,0.00,10757.0,95830.0,84594.0,78.0,7.0,0.5,38.5,164.078,0.213,0.1,24495680.0
2026-09-01T03:29:45,0.9,6538,1547350,1529213,0.4,0.00,1.00,0.00,4.00,0.00,0.00,0.00,10757.0,95830.0,84594.0,52.0,3.0,0.5,18.0,147.257,0.305,0.2,41198486.5
2026-09-01T03:29:46,1.1,6537,1547350,1529213,0.4,0.00,2.89,0.00,15.43,0.00,0.33,0.00,10757.0,95830.0,84594.0,17.0,9.0,0.5,41.5,154.796,0.280,0.2,30921845.5
2026-09-01T03:29:47,1.0,6537,1547350,1529213,0.4,0.00,1.02,0.00,4.07,0.00,0.00,0.00,10757.0,95830.0,84594.0,51.0,7.0,0.5,26.5,148.237,0.263,0.2,30182162.0
2026-09-01T03:29:48,1.1,6537,1547350,1529213,0.4,0.00,1.03,0.00,4.13,0.00,0.00,0.00,10757.0,95830.0,84594.0,77.0,4.5,0.5,18.5,161.069,0.326,0.2,47148428.0
2026-09-01T03:29:49,0.8,6537,1547350,1529213,0.4,0.00,0.93,0.00,3.70,0.00,0.00,0.00,10757.0,95830.0,84594.0,44.0,7.0,0.5,30.5,137.481,0.217,0.1,26537351.5
2026-09-01T03:29:50,0.9,6537,1547350,1529213,0.4,0.00,1.03,0.00,4.11,0.00,0.00,0.00,10757.0,95830.0,84594.0,45.0,5.5,0.5,29.5,139.650,0.217,0.1,26537351.5
2026-09-01T03:29:51,1.0,6537,1547350,1529214,0.4,0.00,1.04,0.00,4.18,0.00,0.00,0.00,10757.0,95830.0,84594.0,22.0,4.5,0.5,25.5,145.044,0.220,0.1,25529160.5
2026-09-01T03:29:52,1.1,6537,1547350,1529214,0.4,0.00,0.99,0.00,3.98,0.00,0.00,0.00,10757.0,95830.0,84594.0,77.0,6.5,0.5,26.5,158.306,0.220,0.1,25529160.5
2026-09-01T03:29:53,1.1,6537,1547350,1529213,0.4,0.00,0.93,0.00,3.71,0.00,0.00,0.00,10757.0,95830.0,84594.0,36.0,7.0,0.5,40.0,161.236,0.313,0.2,38881838.0
2026-09-01T03:29:54,0.7,6538,1547350,1529212,0.4,0.00,1.09,0.00,4.35,0.00,0.00,0.00,10757.0,95830.0,84594.0,16.0,7.0,0.5,33.0,142.903,0.313,0.2,38881838.0
2026-09-01T03:29:55,1.0,6539,1547350,1529211,0.4,0.00,1.00,0.00,4.00,0.00,0.00,0.00,10757.0,95830.0,84594.0,25.0,7.0,0.5,40.0,155.386,0.244,0.2,29813779.5
2026-09-01T03:29:56,1.0,6539,1547350,1529211,0.4,0.00,1.00,0.00,4.01,0.00,0.00,0.00,10757.0,95830.0,84594.0,77.0,8.0,0.5,38.0,154.094,0.244,0.2,29813779.5
2026-09-01T03:29:57,1.1,6539,1547350,1529211,0.4,0.00,1.00,0.00,4.01,0.00,0.00,0.00,10757.0,95830.0,84594.0,36.0,2.0,0.5,11.5,154.998,0.274,0.2,32425721.0
2026-09-01T03:29:58,1.1,6540,1547350,1529211,0.4,0.00,1.01,0.00,4.03,0.00,0.00,0.00,10757.0,95830.0,84594.0,78.0,9.5,0.5,43.0,164.846,0.274,0.2,32425721.0
2026-09-01T03:29:59,1.1,6540,1547350,1529211,0.4,0.00,0.86,0.00,3.44,0.00,0.00,0.00,10757.0,95830.0,84594.0,37.0,7.0,0.5,40.5,160.100,0.325,0.2,46472056.5
2026-09-01T03:30:00,1.1,6539,1547350,1529211,0.4,0.00,1.15,0.00,4.59,0.00,0.00,0.00,10757.0,95830.0,84594.0,80.0,4.5,0.5,17.5,161.641,0.325,0.2,46472056.5
2026-09-01T03:30:01,1.0,6547,1547350,1529204,0.4,0.00,1.02,0.00,4.08,0.00,0.00,0.00,10757.0,95830.0,84594.0,0.0,5.0,0.5,27.5,141.649,0.279,0.2,37602199.0
2026-09-01T03:30:02,1.0,6547,1547350,1529204,0.4,0.00,0.92,0.00,3.69,0.00,0.00,0.00,10757.0,95830.0,84594.0,56.0,8.0,0.5,32.0,148.932,0.259,0.2,27672458.0
2026-09-01T03:30:03,1.2,6547,1547350,1529203,0.4,0.00,1.09,0.00,4.38,0.00,0.00,0.00,10757.0,95830.0,84594.0,77.0,7.0,0.5,38.5,173.297,0.259,0.2,27672458.0
2026-09-01T03:30:04,1.0,6546,1547350,1529205,0.4,0.00,0.86,0.00,3.43,0.00,0.00,0.00,10757.0,95830.0,84594.0,61.0,5.0,0.5,19.0,148.786,0.321,0.2,43053336.0
2026-09-01T03:30:05,1.0,6546,1547350,1529204,0.4,0.00,1.22,0.00,4.87,0.00,0.00,0.00,10757.0,95830.0,84594.0,80.0,4.5,0.5,24.5,156.470,0.321,0.2,43053336.0
2026-09-01T03:30:06,1.0,6546,1547350,1529204,0.4,0.00,1.77,0.00,7.07,0.00,0.50,0.00,10757.0,95830.0,84594.0,48.0,8.0,0.5,36.5,148.685,0.257,0.2,27457902.5
2026-09-01T03:30:07,0.9,6545,1547350,1529205,0.4,0.00,1.13,0.00,4.51,0.00,0.00,0.00,10757.0,95830.0,84594.0,0.0,7.0,0.5,40.0,149.309,0.257,0.2,27457902.5
2026-09-01T03:30:08,1.2,6546,1547350,1529204,0.4,0.00,1.01,0.00,4.04,0.00,0.00,0.10,10757.0,95830.0,84594.0,80.0,7.5,0.5,40.0,174.224,0.322,0.2,47606002.5
2026-09-01T03:30:09,1.1,6547,1547350,1529204,0.4,0.00,1.78,0.00,23.15,0.00,0.00,0.00,10757.0,95830.0,84594.0,79.0,5.0,0.5,29.0,151.773,0.299,0.2,42377315.0
2026-09-01T03:30:10,1.1,6547,1547350,1529204,0.4,0.00,1.03,0.00,4.12,0.00,0.00,0.00,10757.0,95830.0,84594.0,68.0,1.5,0.5,7.0,146.493,0.299,0.2,42377315.0
2026-09-01T03:30:11,1.0,6544,1547350,1529206,0.4,0.00,0.99,0.00,3.95,0.00,0.00,0.00,10757.0,95830.0,84594.0,56.0,3.5,0.5,21.0,140.189,0.243,0.2,24999750.5
2026-09-01T03:30:12,1.2,6544,1547350,1529206,0.4,0.00,1.11,0.00,4.44,0.00,0.00,0.00,10757.0,95830.0,84594.0,79.0,7.0,0.5,39.0,158.000,0.243,0.2,24999750.5
2026-09-01T03:30:13,1.1,6544,1547350,1529207,0.4,0.00,1.00,0.00,4.02,0.00,0.00,0.00,10757.0,95830.0,84594.0,54.0,5.5,0.5,24.0,163.660,0.350,0.2,49590885.0
2026-09-01T03:30:14,1.1,6544,1547350,1529206,0.4,0.00,1.00,0.00,3.98,0.00,0.00,0.00,10757.0,95830.0,84594.0,81.0,2.5,0.5,14.5,154.583,0.287,0.2,37747913.5
2026-09-01T03:30:15,1.2,6543,1547350,1529207,0.4,0.00,1.01,0.00,4.06,0.00,0.00,0.00,10757.0,95830.0,84594.0,79.0,7.0,0.5,39.0,173.250,0.287,0.2,37747913.5
2026-09-01T03:30:16,0.9,6543,1547350,1529207,0.4,0.00,0.99,0.00,3.96,0.00,0.00,0.00,10757.0,95830.0,84594.0,80.0,7.0,0.5,40.0,149.829,0.334,0.2,51561955.0
2026-09-01T03:30:17,1.0,6544,1547350,1529206,0.4,0.00,2.00,0.00,8.01,0.00,0.00,0.00,10757.0,95830.0,84594.0,22.0,7.0,0.5,33.0,149.498,0.334,0.2,51561955.0
2026-09-01T03:30:18,1.2,6543,1547350,1529207,0.4,0.00,1.00,0.00,4.00,0.00,0.00,0.00,10757.0,95830.0,84594.0,76.0,6.5,0.5,37.0,169.921,0.311,0.2,43089343.5
2026-09-01T03:30:19,1.1,6544,1547350,1529206,0.4,0.00,1.00,0.00,4.00,0.00,0.00,0.00,10757.0,95830.0,84594.0,78.0,7.0,0.5,39.5,161.719,0.333,0.2,52052262.5
2026-09-01T03:30:20,1.0,6545,1547350,1529205,0.4,0.00,1.01,0.00,4.04,0.00,0.00,0.00,10757.0,95830.0,84594.0,73.0,6.5,0.5,26.0,154.236,0.333,0.2,52052262.5
2026-09-01T03:30:21,0.9,6544,1547350,1529206,0.4,0.00,0.93,0.00,3.74,0.00,0.00,0.00,10757.0,95830.0,84594.0,32.0,9.0,0.5,41.0,143.322,0.230,0.2,27154900.5
2026-09-01T03:30:22,1.0,6544,1547350,1529206,0.4,0.00,1.06,0.00,4.24,0.00,0.00,0.00,10757.0,95830.0,84594.0,89.0,6.0,0.5,26.5,146.959,0.230,0.2,27154900.5
2026-09-01T03:30:23,1.1,6544,1547350,1529206,0.4,0.00,1.00,0.00,4.01,0.00,0.00,0.00,10757.0,95830.0,84594.0,78.0,6.0,0.5,24.0,160.656,0.296,0.2,37232670.0
2026-09-01T03:30:24,1.0,6544,1547350,1529206,0.4,0.00,1.00,0.00,4.00,0.00,0.00,0.00,10757.0,95830.0,84594.0,86.0,6.0,0.5,23.5,144.346,0.231,0.2,26910263.5
2026-09-01T03:30:25,1.1,6545,1547350,1529206,0.4,0.00,1.01,0.00,4.05,0.00,1.00,0.00,10757.0,95830.0,84594.0,18.0,7.0,0.5,38.5,162.825,0.231,0.2,26910263.5
2026-09-01T03:30:26,0.9,6544,1547350,1529206,0.4,0.00,0.98,0.00,3.94,0.00,0.00,0.00,10757.0,95830.0,84594.0,50.0,7.0,0.5,38.5,153.960,0.303,0.2,38930810.5
2026-09-01T03:30:27,1.2,6543,1547350,1529207,0.4,0.00,1.00,0.00,4.00,0.00,0.00,0.00,10757.0,95830.0,84594.0,80.0,7.0,0.5,39.5,175.509,0.303,0.2,38930810.5
2026-09-01T03:30:28,0.6,6544,1547350,1529206,0.4,0.00,1.00,0.00,3.99,0.00,0.00,0.00,10757.0,95830.0,84594.0,0.0,0.0,0.5,0.0,91.579,0.153,0.1,25762580.0
2026-09-01T03:30:29,0.2,6545,1547350,1529206,0.4,0.00,1.00,0.00,4.02,0.00,0.00,0.00,10757.0,95830.0,84594.0,0.0,0.0,0.5,0.0,91.499,0.153,0.1,25762580.0
2026-09-01T03:30:30,0.5,6584,1547350,1529167,0.4,0.00,1.01,0.00,4.03,0.00,0.00,0.00,10757.0,95830.0,84594.0,0.0,0.0,0.5,0.0,91.186,0.000,0.0,722857.0
2026-09-01T03:30:31,0.5,6660,1547350,1529090,0.4,0.00,0.97,0.00,3.88,0.00,0.00,0.00,10757.0,95830.0,84594.0,0.0,10.0,0.5,48.0,134.030,0.076,0.1,36371614.0
2026-09-01T03:30:32,1.2,6911,1547350,1528839,0.4,0.00,6.11,0.00,28.51,0.00,0.00,0.00,12927.0,95830.0,82424.0,91.0,2.5,0.5,40.0,231.415,0.076,0.1,36371614.0
2026-09-01T03:30:33,0.4,6950,1547350,1528801,0.4,0.00,0.88,0.00,3.53,0.00,0.00,0.09,12927.0,95830.0,82424.0,0.0,0.0,0.5,0.0,91.352,0.172,0.1,72117813.0
2026-09-01T03:30:34,0.2,6950,1547350,1528800,0.4,0.00,1.12,0.00,4.46,0.00,0.00,0.00,12927.0,95830.0,82424.0,0.0,0.0,0.5,0.0,90.965,0.000,0.0,668581.5
2026-09-01T03:30:35,0.2,6951,1547350,1528800,0.4,0.00,0.84,0.00,3.36,0.00,0.00,0.08,12927.0,95830.0,82424.0,0.0,0.0,0.5,0.0,90.870,0.000,0.0,668581.5
2026-09-01T03:30:36,0.2,6950,1547350,1528801,0.4,0.00,1.48,0.00,5.93,0.00,0.00,0.00,12927.0,95830.0,82424.0,0.0,0.0,0.5,0.0,90.600,0.000,0.0,702387.5
2026-09-01T03:30:37,0.2,6950,1547350,1528801,0.4,0.00,0.91,0.00,3.65,0.00,0.00,0.00,12927.0,95830.0,82424.0,0.0,0.0,0.5,0.0,90.454,0.000,0.0,711186.5
2026-09-01T03:30:38,0.2,6951,1547350,1528799,0.4,0.00,0.77,0.00,3.09,0.00,0.00,0.00,12927.0,95830.0,82424.0,0.0,0.0,0.5,0.0,90.222,0.000,0.0,668271.5
2026-09-01T03:30:40,0.2,6951,1547350,1528799,0.4,0.00,1.64,0.00,21.35,0.00,0.50,0.00,12927.0,95830.0,82424.0,0.0,0.0,0.5,0.0,90.186,0.000,0.0,668271.5
2026-09-01T03:30:40,0.3,6951,1547350,1528800,0.4,0.00,2.62,0.00,10.47,0.00,0.00,0.00,12927.0,95830.0,82424.0,0.0,0.0,0.5,0.0,90.123,0.000,0.0,715595.0
2026-09-01T03:30:41,0.2,6951,1547350,1528799,0.4,0.00,0.88,0.00,3.53,0.00,0.00,0.00,12927.0,95830.0,82424.0,0.0,0.0,0.5,0.0,89.900,0.000,0.0,672429.0
2026-09-01T03:30:42,0.2,6952,1547350,1528799,0.4,0.00,1.78,0.00,7.12,0.00,0.00,0.00,12927.0,95830.0,82424.0,0.0,0.0,0.5,0.0,89.726,0.000,0.0,667098.0
2026-09-01T03:30:44,0.3,6953,1547350,1528797,0.4,0.00,0.68,0.00,2.71,0.00,0.00,0.00,12927.0,95830.0,82424.0,0.0,0.0,0.5,0.0,89.658,0.000,0.0,667098.0
2026-09-01T03:30:44,0.6,6954,1547350,1528796,0.4,0.00,2.43,0.00,9.73,0.00,0.00,0.00,12927.0,95830.0,82424.0,0.0,0.0,0.5,0.0,89.475,0.000,0.0,738778.0
2026-09-01T03:30:45,0.2,6955,1547350,1528796,0.4,0.00,0.85,0.00,3.38,0.00,0.00,0.00,12927.0,95830.0,82424.0,0.0,0.0,0.5,0.0,89.434,0.000,0.0,679904.5
2026-09-01T03:30:46,0.2,6956,1547350,1528795,0.4,0.00,1.74,0.00,10.46,0.00,0.00,0.09,12927.0,95830.0,82424.0,0.0,0.0,0.5,0.0,89.223,0.000,0.0,666535.0
2026-09-01T03:30:48,0.2,6975,1547350,1528775,0.5,0.00,0.79,0.00,3.15,0.00,0.00,0.00,12927.0,95830.0,82424.0,0.0,0.5,0.5,3.5,89.457,0.000,0.0,666535.0
2026-09-01T03:30:48,0.3,6975,1547350,1528775,0.5,0.00,2.19,0.00,8.77,0.00,0.00,0.22,12927.0,95830.0,82424.0,0.0,0.0,0.5,0.0,89.424,0.005,0.0,7904350.5
2026-09-01T03:30:49,0.2,6976,1547350,1528775,0.5,0.00,0.97,0.00,3.86,0.00,0.00,0.00,12931.0,95830.0,82420.0,0.0,0.0,0.5,0.0,89.096,0.005,0.0,7904350.5
2026-09-01T03:30:50,0.2,6976,1547350,1528774,0.5,0.00,0.86,0.00,3.45,0.00,0.00,0.00,12931.0,95830.0,82420.0,0.0,0.0,0.5,0.0,88.935,0.000,0.0,682710.0
2026-09-01T03:30:51,0.3,6985,1547350,1528765,0.5,0.00,1.44,0.00,5.75,0.00,0.00,0.00,12931.0,95830.0,82420.0,0.0,0.0,0.5,0.0,88.889,0.000,0.0,682710.0
2026-09-01T03:30:52,0.2,6980,1547350,1528771,0.5,0.00,0.86,0.00,3.43,0.00,0.00,0.00,12931.0,95830.0,82420.0,0.0,0.0,0.5,0.0,88.797,0.000,0.0,703461.0
2026-09-01T03:30:53,0.2,6980,1547350,1528771,0.5,0.00,0.99,0.00,3.96,0.00,0.00,0.00,12931.0,95830.0,82420.0,0.0,0.0,0.5,0.0,88.706,0.000,0.0,632109.0
