timestamp,cpu_util_pct,ram_used_mb,ram_total_mb,ram_avail_mb,ram_used_pct,disk_r_s,disk_w_s,disk_rkB_s,disk_wkB_s,disk_r_await_ms,disk_w_await_ms,disk_util_pct,gpu_mem_used_mb,gpu_mem_total_mb,gpu_mem_free_mb,gpu_util_pct,dcgmi_power_w,dcgmi_gpu_util_pct,dcgmi_mem_copy_util_pct,dcgmi_gr_active,dcgmi_sm_active,dcgmi_pcie_tx_bytes,dcgmi_pcie_rx_bytes
2026-09-01T07:49:40,0.2,4879,1547350,1531281,0.3,0.00,0.00,0.00,0.00,0.00,0.00,0.00,6774.0,95830.0,88578.0,0.0,0.0,0.5,0.0,80.958,0.000,0.0,0.0
2026-09-01T07:49:41,0.2,4881,1547350,1531279,0.3,0.00,1.88,0.00,7.52,0.00,0.00,0.00,6774.0,95830.0,88578.0,0.0,0.0,0.5,0.0,80.956,0.000,0.0,0.0
2026-09-01T07:49:42,0.2,4882,1547350,1531278,0.3,0.00,1.06,0.00,4.23,0.00,1.00,0.00,6774.0,95830.0,88578.0,0.0,0.0,0.5,0.0,80.906,0.000,0.0,0.0
2026-09-01T07:49:43,0.2,4883,1547350,1531277,0.3,0.00,0.96,0.00,3.84,0.00,0.00,0.00,6774.0,95830.0,88578.0,0.0,0.0,0.5,0.0,80.939,0.000,0.0,602794.5
2026-09-01T07:49:44,1.7,4883,1547350,1531276,0.3,0.00,1.04,0.00,4.16,0.00,0.00,0.00,6774.0,95830.0,88578.0,0.0,0.0,0.5,0.0,80.964,0.000,0.0,685941.0
2026-09-01T07:49:45,0.2,4886,1547350,1531274,0.3,0.00,1.99,0.00,7.97,0.00,0.00,0.00,6774.0,95830.0,88578.0,0.0,0.0,0.5,0.0,80.939,0.000,0.0,685941.0
2026-09-01T07:49:46,0.2,4886,1547350,1531274,0.3,0.00,1.00,0.00,4.00,0.00,0.00,0.00,6774.0,95830.0,88578.0,0.0,0.0,0.5,0.0,80.934,0.000,0.0,687285.5
2026-09-01T07:49:47,0.2,4886,1547350,1531274,0.3,0.00,1.00,0.00,3.98,0.00,0.00,0.00,6774.0,95830.0,88578.0,0.0,0.0,0.5,0.0,80.957,0.000,0.0,687285.5
2026-09-01T07:49:48,0.2,4887,1547350,1531273,0.3,0.00,1.00,0.00,4.00,0.00,0.00,0.00,6774.0,95830.0,88578.0,0.0,0.0,0.5,0.0,81.005,0.000,0.0,689526.0
2026-09-01T07:49:49,0.2,4889,1547350,1531271,0.3,0.00,1.00,0.00,3.98,0.00,0.00,0.00,6774.0,95830.0,88578.0,0.0,0.0,0.5,0.0,80.974,0.000,0.0,683141.0
2026-09-01T07:49:50,0.2,4889,1547350,1531271,0.3,0.00,1.00,0.00,4.01,0.00,0.00,0.00,6774.0,95830.0,88578.0,0.0,0.0,0.5,0.0,80.983,0.000,0.0,657646.0
2026-09-01T07:49:51,0.2,4890,1547350,1531269,0.3,0.00,1.00,0.00,4.00,0.00,0.00,0.00,6774.0,95830.0,88578.0,0.0,0.0,0.5,0.0,80.900,0.000,0.0,720069.0
2026-09-01T07:49:52,0.2,4892,1547350,1531268,0.3,0.00,0.99,0.00,3.97,0.00,0.00,0.00,6774.0,95830.0,88578.0,0.0,0.0,0.5,0.0,80.972,0.000,0.0,720069.0
2026-09-01T07:49:53,0.2,4892,1547350,1531268,0.3,0.00,1.00,0.00,4.00,0.00,0.00,0.00,6774.0,95830.0,88578.0,0.0,0.0,0.5,0.0,80.945,0.000,0.0,687850.0
2026-09-01T07:49:54,0.2,4891,1547350,1531268,0.3,0.00,1.00,0.00,3.99,0.00,0.00,0.00,6774.0,95830.0,88578.0,0.0,0.0,0.5,0.0,80.975,0.000,0.0,687850.0
2026-09-01T07:49:55,0.2,4892,1547350,1531268,0.3,0.00,1.00,0.00,4.00,0.00,0.00,0.00,6774.0,95830.0,88578.0,0.0,0.0,0.5,0.0,81.023,0.000,0.0,698994.0
2026-09-01T07:49:56,0.2,4892,1547350,1531268,0.3,0.00,1.00,0.00,4.00,0.00,0.00,0.00,6774.0,95830.0,88578.0,0.0,0.0,0.5,0.0,80.962,0.000,0.0,694128.0
2026-09-01T07:49:57,0.2,4892,1547350,1531267,0.3,0.00,5.99,0.00,84.33,0.00,0.17,0.00,6774.0,95830.0,88578.0,0.0,0.0,0.5,0.0,80.966,0.000,0.0,686744.5
2026-09-01T07:49:58,0.2,4893,1547350,1531267,0.3,0.00,1.00,0.00,3.99,0.00,0.00,0.00,6774.0,95830.0,88578.0,0.0,0.0,0.5,0.0,80.965,0.000,0.0,740421.5
2026-09-01T07:49:59,0.2,4893,1547350,1531267,0.3,0.00,0.99,0.00,3.98,0.00,0.00,0.00,6774.0,95830.0,88578.0,0.0,0.0,0.5,0.0,80.964,0.000,0.0,678648.5
2026-09-01T07:50:00,0.2,4893,1547350,1531267,0.3,0.00,1.03,0.00,4.10,0.00,0.00,0.00,6774.0,95830.0,88578.0,0.0,0.0,0.5,0.0,80.990,0.000,0.0,688564.0
2026-09-01T07:50:01,0.3,4897,1547350,1531263,0.3,0.00,0.96,0.00,3.85,0.00,0.00,0.00,6774.0,95830.0,88578.0,0.0,0.0,0.5,0.0,80.996,0.000,0.0,688564.0
2026-09-01T07:50:02,0.2,4897,1547350,1531263,0.3,0.00,1.01,0.00,4.06,0.00,0.00,0.00,6774.0,95830.0,88578.0,0.0,0.0,0.5,0.0,80.994,0.000,0.0,720212.0
2026-09-01T07:50:03,0.2,4897,1547350,1531263,0.3,0.00,1.00,0.00,3.98,0.00,0.00,0.00,6774.0,95830.0,88578.0,0.0,0.0,0.5,0.0,80.960,0.000,0.0,661967.5
2026-09-01T07:50:04,0.2,4897,1547350,1531262,0.3,0.00,1.08,0.00,4.34,0.00,0.00,0.00,6774.0,95830.0,88578.0,0.0,0.0,0.5,0.0,80.977,0.000,0.0,735301.5
2026-09-01T07:50:05,0.2,4897,1547350,1531263,0.3,0.00,0.91,0.00,3.66,0.00,0.00,0.00,6774.0,95830.0,88578.0,0.0,0.0,0.5,0.0,80.969,0.000,0.0,687319.5
2026-09-01T07:50:06,0.2,4898,1547350,1531262,0.3,0.00,0.97,0.00,3.89,0.00,0.00,0.00,6774.0,95830.0,88578.0,0.0,0.0,0.5,0.0,80.996,0.000,0.0,689934.0
2026-09-01T07:50:07,0.2,4898,1547350,1531262,0.3,0.00,1.00,0.00,4.00,0.00,0.00,0.00,6774.0,95830.0,88578.0,0.0,0.0,0.5,0.0,80.948,0.000,0.0,685190.0
2026-09-01T07:50:08,0.2,4899,1547350,1531261,0.3,0.00,0.92,0.00,3.67,0.00,0.00,0.09,6774.0,95830.0,88578.0,0.0,0.0,0.5,0.0,80.975,0.000,0.0,683420.0
2026-09-01T07:50:09,0.2,4900,1547350,1531259,0.3,0.00,0.90,0.00,3.58,0.00,0.00,0.00,6774.0,95830.0,88578.0,0.0,0.0,0.5,0.0,80.966,0.000,0.0,686891.5
2026-09-01T07:50:10,0.2,4900,1547350,1531260,0.3,0.00,1.89,0.00,7.56,0.00,0.00,0.00,6774.0,95830.0,88578.0,0.0,0.0,0.5,0.0,80.984,0.000,0.0,686891.5
2026-09-01T07:50:11,0.3,4898,1547350,1531261,0.3,0.00,1.13,0.00,4.53,0.00,0.00,0.00,6774.0,95830.0,88578.0,0.0,0.0,0.5,0.0,80.999,0.000,0.0,701861.0
2026-09-01T07:50:12,0.2,4899,1547350,1531260,0.3,0.00,1.25,0.00,5.00,0.00,0.00,0.00,6774.0,95830.0,88578.0,0.0,0.0,0.5,0.0,81.001,0.000,0.0,701861.0
2026-09-01T07:50:13,0.2,4898,1547350,1531261,0.3,0.00,0.98,0.00,3.93,0.00,0.00,0.00,6774.0,95830.0,88578.0,0.0,0.0,0.5,0.0,81.056,0.000,0.0,689841.5
2026-09-01T07:50:14,0.2,4898,1547350,1531262,0.3,0.00,0.91,0.00,3.64,0.00,0.00,0.00,6774.0,95830.0,88578.0,0.0,0.0,0.5,0.0,81.011,0.000,0.0,672350.5
2026-09-01T07:50:15,0.2,4898,1547350,1531261,0.3,0.00,0.85,0.00,3.38,0.00,0.00,0.00,6774.0,95830.0,88578.0,0.0,0.0,0.5,0.0,81.055,0.000,0.0,678876.0
2026-09-01T07:50:16,0.2,4899,1547350,1531260,0.3,0.00,0.91,0.00,3.63,0.00,0.00,0.00,6774.0,95830.0,88578.0,0.0,0.0,0.5,0.0,81.097,0.000,0.0,667572.5
2026-09-01T07:50:17,0.2,4901,1547350,1531259,0.3,0.00,0.77,0.00,3.10,0.00,0.00,0.00,6774.0,95830.0,88578.0,0.0,0.0,0.5,0.0,81.067,0.000,0.0,688130.5
2026-09-01T07:50:19,0.2,4902,1547350,1531258,0.3,0.00,0.82,0.00,3.29,0.00,1.00,0.00,6774.0,95830.0,88578.0,0.0,0.0,0.5,0.0,81.066,0.000,0.0,688130.5
2026-09-01T07:50:19,0.2,4902,1547350,1531258,0.3,0.00,1.29,0.00,5.15,0.00,0.00,0.00,6774.0,95830.0,88578.0,0.0,0.0,0.5,0.0,81.013,0.000,0.0,679900.0
2026-09-01T07:50:21,0.2,4903,1547350,1531257,0.3,0.00,0.81,0.00,3.23,0.00,0.00,0.00,6774.0,95830.0,88578.0,0.0,0.0,0.5,0.0,81.065,0.000,0.0,679900.0
2026-09-01T07:50:21,0.2,4903,1547350,1531256,0.3,0.00,1.56,0.00,6.23,0.00,0.00,0.00,6774.0,95830.0,88578.0,0.0,0.0,0.5,0.0,81.094,0.000,0.0,696966.5
2026-09-01T07:50:22,0.2,4904,1547350,1531256,0.3,0.00,0.88,0.00,3.51,0.00,0.00,0.00,6774.0,95830.0,88578.0,0.0,0.0,0.5,0.0,81.053,0.000,0.0,696966.5
2026-09-01T07:50:23,0.2,4904,1547350,1531256,0.3,0.00,1.48,0.00,5.93,0.00,0.00,0.00,6774.0,95830.0,88578.0,0.0,0.0,0.5,0.0,81.087,0.000,0.0,710517.5
2026-09-01T07:50:24,0.2,4904,1547350,1531256,0.3,0.00,0.86,0.00,3.43,0.00,0.00,0.09,6774.0,95830.0,88578.0,0.0,0.0,0.5,0.0,81.040,0.000,0.0,710517.5
2026-09-01T07:50:25,0.2,4904,1547350,1531256,0.3,0.00,1.41,0.00,5.66,0.00,0.00,0.00,6774.0,95830.0,88578.0,0.0,0.0,0.5,0.0,81.024,0.000,0.0,860119.0
2026-09-01T07:50:26,0.2,4903,1547350,1531256,0.3,0.00,2.82,0.00,11.27,0.00,0.00,0.00,6774.0,95830.0,88578.0,0.0,0.0,0.5,0.0,81.094,0.000,0.0,682971.0
2026-09-01T07:50:27,0.2,4904,1547350,1531256,0.3,0.00,4.00,0.00,42.04,0.00,0.00,0.00,6774.0,95830.0,88578.0,0.0,0.0,0.5,0.0,81.148,0.000,0.0,668491.5
2026-09-01T07:50:28,0.2,4904,1547350,1531255,0.3,0.00,0.75,0.00,3.00,0.00,0.00,0.00,6774.0,95830.0,88578.0,0.0,0.0,0.5,0.0,81.097,0.000,0.0,667295.5
2026-09-01T07:50:29,0.2,4904,1547350,1531255,0.3,0.00,0.78,0.00,3.10,0.00,0.00,0.00,6774.0,95830.0,88578.0,0.0,0.0,0.5,0.0,81.129,0.000,0.0,669695.0
2026-09-01T07:50:31,0.2,4905,1547350,1531254,0.3,0.00,0.64,0.00,2.56,0.00,0.00,0.00,6774.0,95830.0,88578.0,0.0,0.0,0.5,0.0,81.129,0.000,0.0,663180.5
2026-09-01T07:50:32,0.2,4906,1547350,1531254,0.3,0.00,0.77,0.00,3.07,0.00,0.00,0.00,6774.0,95830.0,88578.0,0.0,0.0,0.5,0.0,81.106,0.000,0.0,663180.5
2026-09-01T07:50:33,0.2,4906,1547350,1531254,0.3,0.00,1.39,0.00,5.55,0.00,0.00,0.00,6774.0,95830.0,88578.0,0.0,0.0,0.5,0.0,81.125,0.000,0.0,697224.0
2026-09-01T07:50:34,0.2,4907,1547350,1531252,0.3,0.00,0.74,0.00,2.94,0.00,0.00,0.07,6774.0,95830.0,88578.0,0.0,0.0,0.5,0.0,81.160,0.000,0.0,657149.0
2026-09-01T07:50:36,0.2,4907,1547350,1531252,0.3,0.00,4.00,0.00,18.65,0.00,0.17,0.00,6774.0,95830.0,88578.0,0.0,0.0,0.5,0.0,81.206,0.000,0.0,663270.0
2026-09-01T07:50:37,0.2,4907,1547350,1531252,0.3,0.00,0.74,0.00,2.97,0.00,0.00,0.00,6774.0,95830.0,88578.0,0.0,0.0,0.5,0.0,81.140,0.000,0.0,644649.5
2026-09-01T07:50:38,0.2,4909,1547350,1531251,0.3,0.00,0.74,0.00,2.94,0.00,0.00,0.00,6774.0,95830.0,88578.0,0.0,0.0,0.5,0.0,81.166,0.000,0.0,644649.5
2026-09-01T07:50:39,0.2,4908,1547350,1531251,0.3,0.00,1.03,0.00,4.11,0.00,0.00,0.00,6774.0,95830.0,88578.0,0.0,0.0,0.5,0.0,81.138,0.000,0.0,686860.0
2026-09-01T07:50:41,0.2,4910,1547350,1531250,0.3,0.00,1.48,0.00,8.89,0.00,0.00,0.00,6774.0,95830.0,88578.0,0.0,0.0,0.5,0.0,81.118,0.000,0.0,671578.5
2026-09-01T07:50:42,0.2,4911,1547350,1531249,0.3,0.00,0.73,0.00,2.91,0.00,0.00,0.00,6774.0,95830.0,88578.0,0.0,0.0,0.5,0.0,81.133,0.000,0.0,675151.0
2026-09-01T07:50:43,0.2,4910,1547350,1531249,0.3,0.00,0.83,0.00,3.32,0.00,0.00,0.00,6774.0,95830.0,88578.0,0.0,0.0,0.5,0.0,81.081,0.000,0.0,667098.5
2026-09-01T07:50:45,0.2,4911,1547350,1531249,0.3,0.00,0.69,0.00,2.77,0.00,0.00,0.07,6774.0,95830.0,88578.0,0.0,0.0,0.5,0.0,81.200,0.000,0.0,698267.5
2026-09-01T07:50:46,0.2,4912,1547350,1531248,0.3,0.00,1.62,0.00,6.49,0.00,0.00,0.00,6774.0,95830.0,88578.0,0.0,0.0,0.5,0.0,81.165,0.000,0.0,686478.5
2026-09-01T07:50:47,0.2,4913,1547350,1531246,0.3,0.00,0.85,0.00,3.41,0.00,0.00,0.00,6774.0,95830.0,88578.0,0.0,0.0,0.5,0.0,81.177,0.000,0.0,686478.5
2026-09-01T07:50:48,0.2,4913,1547350,1531247,0.3,0.00,2.50,0.00,10.00,0.00,0.00,0.00,6774.0,95830.0,88578.0,0.0,0.0,0.5,0.0,81.187,0.000,0.0,694533.5
2026-09-01T07:50:49,0.2,4914,1547350,1531246,0.3,0.00,0.69,0.00,2.77,0.00,0.00,0.00,6774.0,95830.0,88578.0,0.0,0.0,0.5,0.0,81.139,0.000,0.0,655389.0
2026-09-01T07:50:51,0.2,4914,1547350,1531246,0.3,0.00,0.55,0.00,2.20,0.00,1.00,0.00,6774.0,95830.0,88578.0,0.0,0.0,0.5,0.0,81.198,0.000,0.0,654731.0
2026-09-01T07:50:52,0.2,4915,1547350,1531244,0.3,0.00,0.67,0.00,2.67,0.00,0.00,0.00,6774.0,95830.0,88578.0,0.0,0.0,0.5,0.0,81.146,0.000,0.0,639184.0
2026-09-01T07:50:54,0.2,4915,1547350,1531245,0.3,0.00,0.67,0.00,2.67,0.00,0.00,0.00,6774.0,95830.0,88578.0,0.0,0.0,0.5,0.0,81.141,0.000,0.0,639184.0
2026-09-01T07:50:55,0.2,4916,1547350,1531244,0.3,0.00,1.28,0.00,5.12,0.00,0.00,0.00,6774.0,95830.0,88578.0,0.0,0.0,0.5,0.0,81.181,0.000,0.0,690895.0
2026-09-01T07:50:56,0.2,4918,1547350,1531241,0.3,0.00,4.41,0.00,37.83,0.00,0.00,0.00,6774.0,95830.0,88578.0,0.0,0.0,0.5,0.0,81.140,0.000,0.0,655784.5
2026-09-01T07:50:58,0.2,4919,1547350,1531241,0.3,0.00,0.53,0.00,2.14,0.00,0.00,0.00,6774.0,95830.0,88578.0,0.0,0.0,0.5,0.0,81.202,0.000,0.0,651756.5
2026-09-01T07:51:00,0.2,4918,1547350,1531242,0.3,0.00,0.63,0.00,2.54,0.00,0.00,0.00,6774.0,95830.0,88578.0,0.0,0.0,0.5,0.0,81.192,0.000,0.0,655592.5
2026-09-01T07:51:01,0.3,4923,1547350,1531237,0.3,0.00,0.62,0.00,2.49,0.00,0.00,0.00,6774.0,95830.0,88578.0,0.0,0.0,0.5,0.0,81.231,0.000,0.0,694741.0
2026-09-01T07:51:02,0.2,4924,1547350,1531236,0.3,0.00,1.18,0.00,4.73,0.00,0.00,0.00,6774.0,95830.0,88578.0,0.0,0.0,0.5,0.0,81.178,0.000,0.0,666287.5
2026-09-01T07:51:04,0.2,4923,1547350,1531236,0.3,0.00,0.70,0.00,2.78,0.00,0.00,0.00,6774.0,95830.0,88578.0,0.0,0.0,0.5,0.0,81.194,0.000,0.0,666287.5
2026-09-01T07:51:04,0.2,4924,1547350,1531236,0.3,0.00,1.35,0.00,5.41,0.00,0.00,0.00,6774.0,95830.0,88578.0,0.0,0.0,0.5,0.0,81.216,0.000,0.0,674592.0
2026-09-01T07:51:06,0.2,4923,1547350,1531237,0.3,0.00,0.55,0.00,2.21,0.00,0.00,0.00,6774.0,95830.0,88578.0,0.0,0.0,0.5,0.0,81.197,0.000,0.0,674592.0
2026-09-01T07:51:07,0.2,4923,1547350,1531237,0.3,0.00,1.21,0.00,4.85,0.00,0.00,0.00,6774.0,95830.0,88578.0,0.0,0.0,0.5,0.0,81.230,0.000,0.0,716974.0
2026-09-01T07:51:08,0.2,4922,1547350,1531237,0.3,0.00,0.97,0.00,3.88,0.00,0.00,0.00,6774.0,95830.0,88578.0,0.0,0.0,0.5,0.0,81.139,0.000,0.0,656241.0
2026-09-01T07:51:09,0.2,4923,1547350,1531237,0.3,0.00,0.69,0.00,2.74,0.00,0.00,0.00,6774.0,95830.0,88578.0,0.0,0.0,0.5,0.0,81.244,0.000,0.0,674363.5
2026-09-01T07:51:11,0.2,4919,1547350,1531241,0.3,0.00,0.77,0.00,3.08,0.00,1.00,0.00,6774.0,95830.0,88578.0,0.0,0.0,0.5,0.0,81.225,0.000,0.0,645758.5
2026-09-01T07:51:12,0.2,4920,1547350,1531240,0.3,0.00,1.68,0.00,6.71,0.00,0.00,0.00,6774.0,95830.0,88578.0,0.0,0.0,0.5,0.0,81.213,0.000,0.0,734522.0
2026-09-01T07:51:13,0.2,4920,1547350,1531239,0.3,0.00,0.87,0.00,3.49,0.00,0.00,0.00,6774.0,95830.0,88578.0,0.0,0.0,0.5,0.0,81.207,0.000,0.0,670011.5
2026-09-01T07:51:14,0.2,4920,1547350,1531240,0.3,0.00,0.77,0.00,3.10,0.00,0.00,0.08,6774.0,95830.0,88578.0,0.0,0.0,0.5,0.0,81.165,0.000,0.0,707630.5
2026-09-01T07:51:16,0.2,4921,1547350,1531239,0.3,0.00,0.76,0.00,3.05,0.00,0.00,0.08,6774.0,95830.0,88578.0,0.0,0.0,0.5,0.0,81.268,0.000,0.0,670822.5
2026-09-01T07:51:17,0.2,4922,1547350,1531238,0.3,0.00,0.70,0.00,2.78,0.00,0.00,0.00,6774.0,95830.0,88578.0,0.0,0.0,0.5,0.0,81.241,0.000,0.0,658397.5
2026-09-01T07:51:18,0.2,4922,1547350,1531237,0.3,0.00,0.75,0.00,2.99,0.00,0.00,0.00,6774.0,95830.0,88578.0,0.0,0.0,0.5,0.0,81.270,0.000,0.0,658397.5
2026-09-01T07:51:19,0.2,4921,1547350,1531238,0.3,0.00,1.46,0.00,5.84,0.00,0.00,0.00,6774.0,95830.0,88578.0,0.0,0.0,0.5,0.0,81.216,0.000,0.0,733533.5
2026-09-01T07:51:20,0.2,4922,1547350,1531238,0.3,0.00,2.08,0.00,8.32,0.00,0.00,0.00,6774.0,95830.0,88578.0,0.0,0.0,0.5,0.0,81.275,0.000,0.0,674533.0
2026-09-01T07:51:21,0.2,4922,1547350,1531238,0.3,0.00,0.73,0.00,2.91,0.00,0.00,0.00,6774.0,95830.0,88578.0,0.0,0.0,0.5,0.0,81.263,0.000,0.0,674533.0
2026-09-01T07:51:22,0.2,4922,1547350,1531238,0.3,0.00,1.25,0.00,5.00,0.00,0.00,0.00,6774.0,95830.0,88578.0,0.0,0.0,0.5,0.0,81.267,0.000,0.0,702988.5
2026-09-01T07:51:23,0.2,4921,1547350,1531239,0.3,0.00,0.81,0.00,3.24,0.00,0.00,0.00,6774.0,95830.0,88578.0,0.0,0.0,0.5,0.0,81.284,0.000,0.0,672608.5
2026-09-01T07:51:24,0.2,4922,1547350,1531238,0.3,0.00,0.85,0.00,3.40,0.00,0.00,0.00,6774.0,95830.0,88578.0,0.0,0.0,0.5,0.0,81.261,0.000,0.0,672608.5
2026-09-01T07:51:25,0.2,4922,1547350,1531238,0.3,0.00,1.19,0.00,4.77,0.00,0.00,0.00,6774.0,95830.0,88578.0,0.0,0.0,0.5,0.0,81.261,0.000,0.0,681338.5
2026-09-01T07:51:26,0.2,4923,1547350,1531237,0.3,0.00,0.91,0.00,3.65,0.00,0.00,0.00,6774.0,95830.0,88578.0,0.0,0.0,0.5,0.0,81.295,0.000,0.0,686207.5
2026-09-01T07:51:28,0.2,4924,1547350,1531235,0.3,0.00,3.61,0.00,21.32,0.00,0.20,0.00,6774.0,95830.0,88578.0,0.0,0.0,0.5,0.0,81.278,0.000,0.0,676472.0
2026-09-01T07:51:29,0.2,4925,1547350,1531235,0.3,0.00,0.74,0.00,2.95,0.00,0.00,0.00,6774.0,95830.0,88578.0,0.0,0.0,0.5,0.0,81.300,0.000,0.0,671432.0
2026-09-01T07:51:30,0.2,4925,1547350,1531235,0.3,0.00,0.65,0.00,2.60,0.00,0.00,0.00,6774.0,95830.0,88578.0,0.0,0.0,0.5,0.0,81.277,0.000,0.0,660663.5
2026-09-01T07:51:32,0.2,4926,1547350,1531234,0.3,0.00,4.64,0.00,18.58,0.00,0.00,0.00,6774.0,95830.0,88578.0,0.0,0.0,0.5,0.0,81.316,0.000,0.0,660663.5
2026-09-01T07:51:33,0.2,4927,1547350,1531233,0.3,0.00,1.08,0.00,4.32,0.00,0.00,0.11,6774.0,95830.0,88578.0,0.0,0.0,0.5,0.0,81.334,0.000,0.0,701426.0
2026-09-01T07:51:33,0.2,4926,1547350,1531234,0.3,0.00,1.24,0.00,4.98,0.00,0.00,0.00,6774.0,95830.0,88578.0,0.0,0.0,0.5,0.0,81.392,0.000,0.0,703244.0
2026-09-01T07:51:35,0.2,4926,1547350,1531233,0.3,0.00,0.60,0.00,2.41,0.00,0.00,0.00,6774.0,95830.0,88578.0,0.0,0.0,0.5,0.0,81.316,0.000,0.0,682428.5
2026-09-01T07:51:36,0.2,4926,1547350,1531234,0.3,0.00,1.36,0.00,5.46,0.00,0.00,0.00,6774.0,95830.0,88578.0,0.0,0.0,0.5,0.0,81.337,0.000,0.0,682428.5
2026-09-01T07:51:37,0.2,4929,1547350,1531230,0.3,0.00,1.41,0.00,5.65,0.00,0.00,0.00,6774.0,95830.0,88578.0,0.0,0.0,0.5,0.0,81.367,0.000,0.0,709365.5
2026-09-01T07:51:38,0.2,4930,1547350,1531229,0.3,0.00,0.64,0.00,2.55,0.00,0.00,0.00,6774.0,95830.0,88578.0,0.0,0.0,0.5,0.0,81.398,0.000,0.0,709365.5
2026-09-01T07:51:39,0.2,4930,1547350,1531230,0.3,0.00,1.80,0.00,7.18,0.00,0.00,0.00,6774.0,95830.0,88578.0,0.0,0.0,0.5,0.0,81.370,0.000,0.0,730078.0
2026-09-01T07:51:40,0.2,4930,1547350,1531230,0.3,0.00,0.84,0.00,3.38,0.00,0.00,0.00,6774.0,95830.0,88578.0,0.0,0.0,0.5,0.0,81.351,0.000,0.0,672631.5
2026-09-01T07:51:41,0.2,4930,1547350,1531230,0.3,0.00,0.90,0.00,3.62,0.00,0.00,0.00,6774.0,95830.0,88578.0,0.0,0.0,0.5,0.0,81.332,0.000,0.0,672631.5
2026-09-01T07:51:42,0.2,4930,1547350,1531230,0.3,0.00,2.55,0.00,13.58,0.00,0.33,0.00,6774.0,95830.0,88578.0,0.0,0.0,0.5,0.0,81.312,0.000,0.0,692284.5
2026-09-01T07:51:43,0.2,4930,1547350,1531230,0.3,0.00,1.31,0.00,5.22,0.00,0.00,0.00,6774.0,95830.0,88578.0,0.0,0.0,0.5,0.0,81.398,0.000,0.0,661830.0
2026-09-01T07:51:45,0.2,4930,1547350,1531230,0.3,0.00,0.63,0.00,2.50,0.00,0.00,0.00,6774.0,95830.0,88578.0,0.0,0.0,0.5,0.0,81.358,0.000,0.0,661889.5
2026-09-01T07:51:46,0.2,4931,1547350,1531229,0.3,0.00,0.68,0.00,2.73,0.00,0.00,0.00,6774.0,95830.0,88578.0,0.0,0.0,0.5,0.0,81.326,0.000,0.0,662868.5
2026-09-01T07:51:48,0.2,4934,1547350,1531226,0.3,0.00,0.64,0.00,2.55,0.00,0.00,0.00,6774.0,95830.0,88578.0,0.0,0.0,0.5,0.0,81.301,0.000,0.0,658010.5
2026-09-01T07:51:49,0.2,4934,1547350,1531226,0.3,0.00,0.61,0.00,2.42,0.00,0.00,0.00,6774.0,95830.0,88578.0,0.0,0.0,0.5,0.0,81.331,0.000,0.0,654585.5
2026-09-01T07:51:51,0.2,4935,1547350,1531225,0.3,0.00,0.65,0.00,2.58,0.00,0.00,0.00,6774.0,95830.0,88578.0,0.0,0.0,0.5,0.0,81.408,0.000,0.0,684420.0
2026-09-01T07:51:52,0.2,4935,1547350,1531225,0.3,0.00,0.80,0.00,3.21,0.00,0.00,0.00,6774.0,95830.0,88578.0,0.0,0.0,0.5,0.0,81.403,0.000,0.0,684420.0
2026-09-01T07:51:52,0.3,4935,1547350,1531225,0.3,0.00,2.43,0.00,9.71,0.00,0.00,0.00,6774.0,95830.0,88578.0,0.0,0.0,0.5,0.0,81.340,0.000,0.0,790626.0
2026-09-01T07:51:53,0.2,4935,1547350,1531225,0.3,0.00,1.23,0.00,4.90,0.00,0.00,0.00,6774.0,95830.0,88578.0,0.0,0.0,0.5,0.0,81.403,0.000,0.0,664400.0
2026-09-01T07:51:54,0.2,4935,1547350,1531225,0.3,0.00,0.82,0.00,3.28,0.00,0.00,0.00,6774.0,95830.0,88578.0,0.0,0.0,0.5,0.0,81.366,0.000,0.0,742376.5
2026-09-01T07:51:56,0.2,4936,1547350,1531224,0.3,0.00,0.71,0.00,2.85,0.00,0.00,0.00,6774.0,95830.0,88578.0,0.0,0.0,0.5,0.0,81.312,0.000,0.0,656692.5
2026-09-01T07:51:58,0.2,4937,1547350,1531223,0.3,0.00,3.19,0.00,27.33,0.00,0.00,0.00,6774.0,95830.0,88578.0,0.0,0.0,0.5,0.0,81.328,0.000,0.0,665028.0
2026-09-01T07:52:00,0.2,4936,1547350,1531224,0.3,0.00,0.63,0.00,2.51,0.00,0.00,0.00,6774.0,95830.0,88578.0,0.0,0.0,0.5,0.0,81.346,0.000,0.0,655436.5
2026-09-01T07:52:01,0.3,4941,1547350,1531219,0.3,0.00,0.61,0.00,2.45,0.00,0.00,0.00,6774.0,95830.0,88578.0,0.0,0.0,0.5,0.0,81.373,0.000,0.0,661970.5
2026-09-01T07:52:03,0.2,4941,1547350,1531219,0.3,0.00,0.72,0.00,2.88,0.00,1.00,0.00,6774.0,95830.0,88578.0,0.0,0.0,0.5,0.0,81.335,0.000,0.0,661970.5
2026-09-01T07:52:03,0.2,4941,1547350,1531219,0.3,0.00,1.22,0.00,4.86,0.00,0.00,0.00,6774.0,95830.0,88578.0,0.0,0.0,0.5,0.0,81.340,0.000,0.0,716059.0
2026-09-01T07:52:05,0.2,4941,1547350,1531219,0.3,0.00,0.81,0.00,3.22,0.00,0.00,0.00,6774.0,95830.0,88578.0,0.0,0.0,0.5,0.0,81.352,0.000,0.0,716059.0
2026-09-01T07:52:06,0.2,4941,1547350,1531219,0.3,0.00,1.02,0.00,4.07,0.00,0.00,0.00,6774.0,95830.0,88578.0,0.0,0.0,0.5,0.0,81.374,0.000,0.0,684378.5
2026-09-01T07:52:08,0.2,4940,1547350,1531220,0.3,0.00,0.56,0.00,2.24,0.00,0.00,0.00,6774.0,95830.0,88578.0,0.0,0.0,0.5,0.0,81.361,0.000,0.0,689515.5
2026-09-01T07:52:08,0.3,4941,1547350,1531219,0.3,0.00,1.65,0.00,6.60,0.00,0.00,0.00,6774.0,95830.0,88578.0,0.0,0.0,0.5,0.0,81.403,0.000,0.0,662126.5
2026-09-01T07:52:10,0.2,4941,1547350,1531219,0.3,0.00,0.62,0.00,2.46,0.00,0.00,0.00,6774.0,95830.0,88578.0,0.0,0.0,0.5,0.0,81.349,0.000,0.0,653326.5
2026-09-01T07:52:11,0.2,4937,1547350,1531223,0.3,0.00,0.64,0.00,2.57,0.00,0.00,0.00,6774.0,95830.0,88578.0,0.0,0.0,0.5,0.0,81.374,0.000,0.0,653326.5
2026-09-01T07:52:12,0.3,4937,1547350,1531223,0.3,0.00,2.16,0.00,8.66,0.00,0.00,0.00,6774.0,95830.0,88578.0,0.0,0.0,0.5,0.0,81.403,0.000,0.0,694615.0
2026-09-01T07:52:13,0.2,4937,1547350,1531223,0.3,0.00,0.64,0.00,2.57,0.00,0.00,0.00,6774.0,95830.0,88578.0,0.0,0.0,0.5,0.0,81.381,0.000,0.0,670750.0
2026-09-01T07:52:14,0.2,4937,1547350,1531223,0.3,0.00,1.00,0.00,4.01,0.00,0.00,0.00,6774.0,95830.0,88578.0,0.0,0.0,0.5,0.0,81.329,0.000,0.0,674811.5
2026-09-01T07:52:15,1.4,4937,1547350,1531222,0.3,0.00,0.86,0.00,3.42,0.00,0.00,0.00,6774.0,95830.0,88578.0,0.0,0.0,0.5,0.0,81.331,0.000,0.0,675809.5
2026-09-01T07:52:17,0.2,4938,1547350,1531221,0.3,0.00,0.76,0.00,3.04,0.00,0.00,0.08,6774.0,95830.0,88578.0,0.0,0.0,0.5,0.0,81.397,0.000,0.0,668091.5
2026-09-01T07:52:18,0.2,4940,1547350,1531220,0.3,0.00,1.53,0.00,6.12,0.00,0.00,0.00,6774.0,95830.0,88578.0,0.0,0.0,0.5,0.0,81.405,0.000,0.0,686824.5
2026-09-01T07:52:19,0.3,4940,1547350,1531220,0.3,0.00,1.17,0.00,4.66,0.00,0.00,0.00,6774.0,95830.0,88578.0,0.0,0.0,0.5,0.0,81.352,0.000,0.0,676480.5
2026-09-01T07:52:20,0.2,4941,1547350,1531219,0.3,0.00,0.70,0.00,2.81,0.00,0.00,0.00,6774.0,95830.0,88578.0,0.0,0.0,0.5,0.0,81.362,0.000,0.0,662136.0
2026-09-01T07:52:22,0.2,4939,1547350,1531221,0.3,0.00,0.85,0.00,3.38,0.00,0.00,0.00,6774.0,95830.0,88578.0,0.0,0.0,0.5,0.0,81.308,0.000,0.0,683339.0
2026-09-01T07:52:23,0.2,4941,1547350,1531219,0.3,0.00,0.66,0.00,2.63,0.00,0.00,0.00,6774.0,95830.0,88578.0,0.0,0.0,0.5,0.0,81.350,0.000,0.0,663241.5
2026-09-01T07:52:25,0.2,4942,1547350,1531217,0.3,0.00,0.68,0.00,2.71,0.00,0.00,0.00,6774.0,95830.0,88578.0,0.0,0.0,0.5,0.0,81.322,0.000,0.0,685799.0
2026-09-01T07:52:26,0.2,4943,1547350,1531217,0.3,0.00,0.75,0.00,3.01,0.00,0.00,0.00,6774.0,95830.0,88578.0,0.0,0.0,0.5,0.0,81.311,0.000,0.0,685799.0
2026-09-01T07:52:27,0.2,4942,1547350,1531218,0.3,0.00,2.93,0.00,30.01,0.00,0.50,0.00,6774.0,95830.0,88578.0,0.0,0.0,0.5,0.0,81.317,0.000,0.0,695154.5
2026-09-01T07:52:28,0.2,4942,1547350,1531218,0.3,0.00,1.19,0.00,4.78,0.00,0.00,0.00,6774.0,95830.0,88578.0,0.0,0.0,0.5,0.0,81.341,0.000,0.0,702506.0
2026-09-01T07:52:30,0.2,4943,1547350,1531217,0.3,0.00,0.66,0.00,2.65,0.00,0.00,0.00,6774.0,95830.0,88578.0,0.0,0.0,0.5,0.0,81.336,0.000,0.0,667706.0
2026-09-01T07:52:31,0.2,4944,1547350,1531216,0.3,0.00,0.67,0.00,2.66,0.00,0.00,0.00,6774.0,95830.0,88578.0,0.0,0.0,0.5,0.0,81.340,0.000,0.0,680351.0
2026-09-01T07:52:33,0.2,4944,1547350,1531216,0.3,0.00,0.75,0.00,2.99,0.00,0.00,0.00,6774.0,95830.0,88578.0,0.0,0.0,0.5,0.0,81.315,0.000,0.0,747415.0
2026-09-01T07:52:33,0.2,4945,1547350,1531215,0.3,0.00,6.91,0.00,32.26,0.00,0.00,0.00,6774.0,95830.0,88578.0,0.0,0.0,0.5,0.0,81.331,0.000,0.0,747415.0
2026-09-01T07:52:34,0.2,4945,1547350,1531215,0.3,0.00,1.83,0.00,7.34,0.00,0.00,0.00,6774.0,95830.0,88578.0,0.0,0.0,0.5,0.0,81.332,0.000,0.0,711066.0
2026-09-01T07:52:36,0.2,4947,1547350,1531213,0.3,0.00,0.60,0.00,2.40,0.00,0.00,0.00,6774.0,95830.0,88578.0,0.0,0.0,0.5,0.0,81.358,0.000,0.0,653471.0
2026-09-01T07:52:37,0.2,4947,1547350,1531212,0.3,0.00,0.76,0.00,3.03,0.00,1.00,0.00,6774.0,95830.0,88578.0,0.0,0.0,0.5,0.0,81.326,0.000,0.0,659179.0
2026-09-01T07:52:39,0.2,4948,1547350,1531212,0.3,0.00,0.54,0.00,2.15,0.00,0.00,0.00,6774.0,95830.0,88578.0,0.0,0.0,0.5,0.0,81.356,0.000,0.0,785723.0
2026-09-01T07:52:40,0.2,4947,1547350,1531213,0.3,0.00,0.78,0.00,3.13,0.00,0.00,0.00,6774.0,95830.0,88578.0,0.0,0.0,0.5,0.0,81.380,0.000,0.0,785723.0
2026-09-01T07:52:41,0.2,4947,1547350,1531213,0.3,0.00,1.44,0.00,5.76,0.00,0.00,0.00,6774.0,95830.0,88578.0,0.0,0.0,0.5,0.0,81.374,0.000,0.0,767504.0
2026-09-01T07:52:41,0.2,4947,1547350,1531213,0.3,0.00,1.47,0.00,5.87,0.00,0.00,0.00,6774.0,95830.0,88578.0,0.0,0.0,0.5,0.0,81.329,0.000,0.0,651990.0
2026-09-01T07:52:43,0.2,4946,1547350,1531213,0.3,0.00,1.20,0.00,4.81,0.00,0.00,0.00,6774.0,95830.0,88578.0,0.0,0.0,0.5,0.0,81.331,0.000,0.0,652634.5
2026-09-01T07:52:45,0.2,4948,1547350,1531212,0.3,0.00,0.58,0.00,2.32,0.00,0.00,0.00,6774.0,95830.0,88578.0,0.0,0.0,0.5,0.0,81.336,0.000,0.0,714694.5
2026-09-01T07:52:46,0.2,4947,1547350,1531213,0.3,0.00,1.18,0.00,4.73,0.00,0.00,0.00,6774.0,95830.0,88578.0,0.0,0.0,0.5,0.0,81.308,0.000,0.0,714694.5
2026-09-01T07:52:47,0.2,4947,1547350,1531213,0.3,0.00,1.01,0.00,4.02,0.00,0.00,0.00,6774.0,95830.0,88578.0,0.0,0.0,0.5,0.0,81.323,0.000,0.0,688120.5
2026-09-01T07:52:48,0.2,4947,1547350,1531213,0.3,0.00,1.47,0.00,8.84,0.00,0.00,0.00,6774.0,95830.0,88578.0,0.0,0.0,0.5,0.0,81.326,0.000,0.0,700331.5
2026-09-01T07:52:49,0.2,4947,1547350,1531213,0.3,0.00,0.96,0.00,3.85,0.00,0.00,0.00,6774.0,95830.0,88578.0,0.0,0.0,0.5,0.0,81.319,0.000,0.0,700331.5
2026-09-01T07:52:50,0.2,4948,1547350,1531212,0.3,0.00,0.98,0.00,3.93,0.00,0.00,0.00,6774.0,95830.0,88578.0,0.0,0.0,0.5,0.0,81.330,0.000,0.0,675452.0
2026-09-01T07:52:52,0.2,4948,1547350,1531212,0.3,0.00,0.62,0.00,2.48,0.00,0.00,0.06,6774.0,95830.0,88578.0,0.0,0.0,0.5,0.0,81.329,0.000,0.0,675452.0
2026-09-01T07:52:52,0.2,4948,1547350,1531212,0.3,0.00,1.64,0.00,6.56,0.00,0.00,0.00,6774.0,95830.0,88578.0,0.0,0.0,0.5,0.0,81.307,0.000,0.0,673405.0
2026-09-01T07:52:54,0.2,4948,1547350,1531211,0.3,0.00,0.57,0.00,2.26,0.00,0.00,0.00,6774.0,95830.0,88578.0,0.0,0.0,0.5,0.0,81.331,0.000,0.0,654925.5
2026-09-01T07:52:56,0.2,4948,1547350,1531212,0.3,0.00,0.61,0.00,2.43,0.00,0.00,0.00,6774.0,95830.0,88578.0,0.0,0.0,0.5,0.0,81.295,0.000,0.0,700322.0
2026-09-01T07:52:57,0.2,4948,1547350,1531212,0.3,0.00,5.71,0.00,48.98,0.00,0.14,0.00,6774.0,95830.0,88578.0,0.0,0.0,0.5,0.0,81.328,0.000,0.0,657723.5
2026-09-01T07:52:59,0.2,4952,1547350,1531207,0.3,0.00,0.56,0.00,2.23,0.00,0.00,0.00,6774.0,95830.0,88578.0,0.0,0.0,0.5,0.0,81.307,0.000,0.0,652382.5
2026-09-01T07:53:00,0.2,4961,1547350,1531199,0.3,0.00,0.61,0.00,2.46,0.00,0.00,0.00,6774.0,95830.0,88578.0,0.0,0.0,0.5,0.0,81.317,0.000,0.0,649903.0
2026-09-01T07:53:02,0.3,4960,1547350,1531200,0.3,0.00,0.62,0.00,2.48,0.00,0.00,0.00,6774.0,95830.0,88578.0,0.0,0.0,0.5,0.0,81.369,0.000,0.0,649908.5
2026-09-01T07:53:04,0.2,4960,1547350,1531199,0.3,0.00,0.49,0.00,1.98,0.00,0.00,0.00,6774.0,95830.0,88578.0,0.0,0.0,0.5,0.0,81.327,0.000,0.0,649908.5
2026-09-01T07:53:05,0.2,4961,1547350,1531199,0.3,0.00,1.29,0.00,5.14,0.00,0.00,0.00,6774.0,95830.0,88578.0,0.0,0.0,0.5,0.0,81.346,0.000,0.0,687718.5
2026-09-01T07:53:06,0.2,4961,1547350,1531199,0.3,0.00,0.97,0.00,3.86,0.00,0.00,0.00,6774.0,95830.0,88578.0,0.0,0.0,0.5,0.0,81.317,0.000,0.0,686266.5
2026-09-01T07:53:07,0.2,4961,1547350,1531198,0.3,0.00,1.00,0.00,3.99,0.00,0.00,0.00,6774.0,95830.0,88578.0,0.0,0.0,0.5,0.0,81.392,0.000,0.0,673063.0
2026-09-01T07:53:08,0.2,4961,1547350,1531199,0.3,0.00,0.83,0.00,3.31,0.00,0.00,0.00,6774.0,95830.0,88578.0,0.0,0.0,0.5,0.0,81.392,0.000,0.0,674091.5
2026-09-01T07:53:10,0.2,4967,1547350,1531193,0.3,0.00,0.63,0.00,2.51,0.00,0.00,0.00,6774.0,95830.0,88578.0,0.0,0.0,0.5,0.0,81.316,0.000,0.0,648603.0
2026-09-01T07:53:11,0.2,4962,1547350,1531198,0.3,0.00,0.69,0.00,2.77,0.00,0.00,0.00,6774.0,95830.0,88578.0,0.0,0.0,0.5,0.0,81.318,0.000,0.0,648603.0
2026-09-01T07:53:12,0.2,4963,1547350,1531197,0.3,0.00,1.75,0.00,6.99,0.00,0.00,0.00,6774.0,95830.0,88578.0,0.0,0.0,0.5,0.0,81.328,0.000,0.0,778545.0
2026-09-01T07:53:13,0.3,4964,1547350,1531196,0.3,0.00,0.80,0.00,3.22,0.00,0.00,0.00,6774.0,95830.0,88578.0,0.0,0.0,0.5,0.0,81.326,0.000,0.0,682951.5
2026-09-01T07:53:14,0.2,4965,1547350,1531195,0.3,0.00,0.92,0.00,3.69,0.00,0.00,0.00,6774.0,95830.0,88578.0,0.0,0.0,0.5,0.0,81.331,0.000,0.0,685120.0
2026-09-01T07:53:15,0.2,4965,1547350,1531195,0.3,0.00,0.99,0.00,3.94,0.00,0.00,0.00,6774.0,95830.0,88578.0,0.0,0.0,0.5,0.0,81.350,0.000,0.0,685120.0
2026-09-01T07:53:16,0.3,4965,1547350,1531194,0.3,0.00,1.54,0.00,6.14,0.00,1.00,0.00,6774.0,95830.0,88578.0,0.0,0.0,0.5,0.0,81.335,0.000,0.0,701510.5
2026-09-01T07:53:17,0.2,4966,1547350,1531194,0.3,0.00,0.74,0.00,2.96,0.00,0.00,0.00,6774.0,95830.0,88578.0,0.0,0.0,0.5,0.0,81.356,0.000,0.0,669267.0
2026-09-01T07:53:18,0.2,4965,1547350,1531194,0.3,0.00,0.78,0.00,3.11,0.00,0.00,0.00,6774.0,95830.0,88578.0,0.0,0.0,0.5,0.0,81.395,0.000,0.0,662703.5
2026-09-01T07:53:20,0.2,4968,1547350,1531191,0.3,0.00,1.43,0.00,5.71,0.00,0.00,0.00,6774.0,95830.0,88578.0,0.0,0.0,0.5,0.0,81.341,0.000,0.0,672288.5
2026-09-01T07:53:21,0.2,4969,1547350,1531191,0.3,0.00,0.85,0.00,3.42,0.00,0.00,0.00,6774.0,95830.0,88578.0,0.0,0.0,0.5,0.0,81.346,0.000,0.0,672288.5
2026-09-01T07:53:21,0.2,4968,1547350,1531192,0.3,0.00,1.97,0.00,7.89,0.00,0.00,0.20,6774.0,95830.0,88578.0,0.0,0.0,0.5,0.0,81.319,0.000,0.0,734074.0
2026-09-01T07:53:22,0.3,4971,1547350,1531189,0.3,0.00,1.03,0.00,4.11,0.00,0.00,0.00,6774.0,95830.0,88578.0,0.0,0.0,0.5,0.0,81.386,0.000,0.0,667693.0
2026-09-01T07:53:24,0.2,4971,1547350,1531189,0.3,0.00,0.65,0.00,2.61,0.00,0.00,0.00,6774.0,95830.0,88578.0,0.0,0.0,0.5,0.0,81.397,0.000,0.0,667693.0
2026-09-01T07:53:24,0.2,4971,1547350,1531189,0.3,0.00,1.75,0.00,7.01,0.00,0.00,0.00,6774.0,95830.0,88578.0,0.0,0.0,0.5,0.0,81.422,0.000,0.0,715821.5
2026-09-01T07:53:25,0.2,4971,1547350,1531189,0.3,0.00,1.23,0.00,4.93,0.00,0.00,0.12,6774.0,95830.0,88578.0,0.0,0.0,0.5,0.0,81.376,0.000,0.0,663545.0
2026-09-01T07:53:27,0.2,4971,1547350,1531189,0.3,0.00,0.68,0.00,2.72,0.00,0.00,0.00,6774.0,95830.0,88578.0,0.0,0.0,0.5,0.0,81.415,0.000,0.0,663170.0
2026-09-01T07:53:28,0.2,4971,1547350,1531188,0.3,0.00,3.76,0.00,31.23,0.00,0.00,0.00,6774.0,95830.0,88578.0,0.0,0.0,0.5,0.0,81.404,0.000,0.0,662341.5
2026-09-01T07:53:30,0.2,4973,1547350,1531187,0.3,0.00,1.40,0.00,5.60,0.00,0.00,0.00,6774.0,95830.0,88578.0,0.0,0.0,0.5,0.0,81.348,0.000,0.0,692998.5
2026-09-01T07:53:31,0.2,4974,1547350,1531185,0.3,0.00,0.61,0.00,2.46,0.00,0.00,0.00,6774.0,95830.0,88578.0,0.0,0.0,0.5,0.0,81.388,0.000,0.0,659081.5
2026-09-01T07:53:33,0.2,4975,1547350,1531185,0.3,0.00,0.61,0.00,2.43,0.00,0.00,0.00,6774.0,95830.0,88578.0,0.0,0.0,0.5,0.0,81.405,0.000,0.0,645776.5
2026-09-01T07:53:35,0.2,4975,1547350,1531185,0.3,0.00,3.43,0.00,18.31,0.00,0.17,0.00,6774.0,95830.0,88578.0,0.0,0.0,0.5,0.0,81.365,0.000,0.0,654455.0
2026-09-01T07:53:36,0.2,4975,1547350,1531184,0.3,0.00,0.62,0.00,2.47,0.00,0.00,0.00,6774.0,95830.0,88578.0,0.0,0.0,0.5,0.0,81.379,0.000,0.0,682435.5
2026-09-01T07:53:37,0.2,4976,1547350,1531184,0.3,0.00,0.85,0.00,3.40,0.00,0.00,0.00,6774.0,95830.0,88578.0,0.0,0.0,0.5,0.0,81.412,0.000,0.0,653524.5
2026-09-01T07:53:39,0.2,4977,1547350,1531183,0.3,0.00,0.58,0.00,2.34,0.00,0.00,0.00,6774.0,95830.0,88578.0,0.0,0.0,0.5,0.0,81.381,0.000,0.0,672998.5
2026-09-01T07:53:40,0.2,4981,1547350,1531179,0.3,0.00,0.99,0.00,3.94,0.00,0.00,0.00,6774.0,95830.0,88578.0,0.0,0.0,0.5,0.0,81.331,0.000,0.0,663445.5
2026-09-01T07:53:42,0.2,4982,1547350,1531178,0.3,0.00,0.64,0.00,2.56,0.00,0.00,0.00,6774.0,95830.0,88578.0,0.0,0.0,0.5,0.0,81.390,0.000,0.0,678487.5
2026-09-01T07:53:43,0.2,4983,1547350,1531177,0.3,0.00,0.80,0.00,3.21,0.00,0.00,0.00,6774.0,95830.0,88578.0,0.0,0.0,0.5,0.0,81.410,0.000,0.0,681502.0
2026-09-01T07:53:44,0.2,4983,1547350,1531176,0.3,0.00,0.83,0.00,3.32,0.00,0.00,0.00,6774.0,95830.0,88578.0,0.0,0.0,0.5,0.0,81.362,0.000,0.0,662322.0
2026-09-01T07:53:45,0.2,4984,1547350,1531176,0.3,0.00,1.90,0.00,7.60,0.00,0.00,0.00,6774.0,95830.0,88578.0,0.0,0.0,0.5,0.0,81.373,0.000,0.0,662322.0
2026-09-01T07:53:46,0.2,4983,1547350,1531176,0.3,0.00,2.40,0.00,9.62,0.00,0.00,0.00,6774.0,95830.0,88578.0,0.0,0.0,0.5,0.0,81.380,0.000,0.0,684754.0
2026-09-01T07:53:47,0.2,4985,1547350,1531175,0.3,0.00,0.58,0.00,2.34,0.00,0.00,0.00,6774.0,95830.0,88578.0,0.0,0.0,0.5,0.0,81.382,0.000,0.0,684941.0
2026-09-01T07:53:49,0.2,4985,1547350,1531175,0.3,0.00,0.61,0.00,2.44,0.00,0.00,0.06,6774.0,95830.0,88578.0,0.0,0.0,0.5,0.0,81.373,0.000,0.0,650049.0
2026-09-01T07:53:51,0.2,4985,1547350,1531175,0.3,0.00,1.19,0.00,7.16,0.00,0.50,0.00,6774.0,95830.0,88578.0,0.0,0.0,0.5,0.0,81.334,0.000,0.0,650049.0
2026-09-01T07:53:51,0.2,4985,1547350,1531175,0.3,0.00,1.24,0.00,4.98,0.00,0.00,0.00,6774.0,95830.0,88578.0,0.0,0.0,0.5,0.0,81.385,0.000,0.0,702595.0
2026-09-01T07:53:52,0.2,4986,1547350,1531174,0.3,0.00,0.91,0.00,3.62,0.00,0.00,0.00,6774.0,95830.0,88578.0,0.0,0.0,0.5,0.0,81.401,0.000,0.0,645515.5
2026-09-01T07:53:54,0.2,4985,1547350,1531175,0.3,0.00,0.69,0.00,2.76,0.00,0.00,0.00,6774.0,95830.0,88578.0,0.0,0.0,0.5,0.0,81.358,0.000,0.0,707034.5
2026-09-01T07:53:55,0.2,4985,1547350,1531175,0.3,0.00,0.97,0.00,3.89,0.00,0.00,0.00,6774.0,95830.0,88578.0,0.0,0.0,0.5,0.0,81.329,0.000,0.0,707034.5
2026-09-01T07:53:55,0.2,4985,1547350,1531175,0.3,0.00,2.14,0.00,8.57,0.00,0.00,0.00,6774.0,95830.0,88578.0,0.0,0.0,0.5,0.0,81.361,0.000,0.0,772770.5
2026-09-01T07:53:56,0.3,4984,1547350,1531175,0.3,0.00,2.11,0.00,8.46,0.00,0.00,0.00,6774.0,95830.0,88578.0,0.0,0.0,0.5,0.0,81.397,0.000,0.0,774008.0
2026-09-01T07:53:57,0.2,4985,1547350,1531175,0.3,0.00,0.79,0.00,3.18,0.00,0.00,0.00,6774.0,95830.0,88578.0,0.0,0.0,0.5,0.0,81.373,0.000,0.0,774008.0
2026-09-01T07:53:58,0.2,4984,1547350,1531176,0.3,0.00,14.99,0.00,131.69,0.00,0.00,0.00,6774.0,95830.0,88578.0,0.0,0.0,0.5,0.0,81.322,0.000,0.0,713442.5
2026-09-01T07:53:59,0.2,4984,1547350,1531175,0.3,0.00,1.01,0.00,4.03,0.00,0.00,0.00,6774.0,95830.0,88578.0,0.0,0.0,0.5,0.0,81.343,0.000,0.0,713442.5
2026-09-01T07:53:59,0.2,4985,1547350,1531175,0.3,0.00,1.77,0.00,7.09,0.00,0.00,0.00,6774.0,95830.0,88578.0,0.0,0.0,0.5,0.0,81.309,0.000,0.0,699167.0
2026-09-01T07:54:01,0.2,4989,1547350,1531171,0.3,0.00,0.69,0.00,2.76,0.00,0.00,0.00,6774.0,95830.0,88578.0,0.0,0.0,0.5,0.0,81.331,0.000,0.0,699167.0
2026-09-01T07:54:02,0.3,4989,1547350,1531170,0.3,0.00,1.05,0.00,4.21,0.00,0.00,0.00,6774.0,95830.0,88578.0,0.0,0.0,0.5,0.0,81.360,0.000,0.0,663586.5
2026-09-01T07:54:04,0.2,4991,1547350,1531169,0.3,0.00,0.50,0.00,2.00,0.00,0.00,0.00,6774.0,95830.0,88578.0,0.0,0.0,0.5,0.0,81.362,0.000,0.0,644443.5
2026-09-01T07:54:06,0.2,4990,1547350,1531169,0.3,0.00,0.49,0.00,1.96,0.00,1.00,0.00,6774.0,95830.0,88578.0,0.0,0.0,0.5,0.0,81.302,0.000,0.0,650670.5
2026-09-01T07:54:08,0.2,4990,1547350,1531169,0.3,0.00,0.50,0.00,1.99,0.00,0.00,0.00,6774.0,95830.0,88578.0,0.0,0.0,0.5,0.0,81.339,0.000,0.0,687354.0
2026-09-01T07:54:08,0.2,4991,1547350,1531169,0.3,0.00,1.23,0.00,4.90,0.00,0.00,0.00,6774.0,95830.0,88578.0,0.0,0.0,0.5,0.0,81.323,0.000,0.0,651053.5
2026-09-01T07:54:10,0.2,4991,1547350,1531169,0.3,0.00,0.55,0.00,2.18,0.00,0.00,0.00,6774.0,95830.0,88578.0,0.0,0.0,0.5,0.0,81.312,0.000,0.0,651053.5
2026-09-01T07:54:11,0.2,4988,1547350,1531172,0.3,0.00,0.99,0.00,3.97,0.00,0.00,0.00,6774.0,95830.0,88578.0,0.0,0.0,0.5,0.0,81.300,0.000,0.0,695145.5
2026-09-01T07:54:12,0.2,4988,1547350,1531172,0.3,0.00,0.84,0.00,3.35,0.00,0.00,0.00,6774.0,95830.0,88578.0,0.0,0.0,0.5,0.0,81.275,0.000,0.0,646205.5
2026-09-01T07:54:14,0.2,4988,1547350,1531171,0.3,0.00,0.57,0.00,2.30,0.00,0.00,0.00,6774.0,95830.0,88578.0,0.0,0.0,0.5,0.0,81.316,0.000,0.0,683813.0
2026-09-01T07:54:15,0.2,4988,1547350,1531172,0.3,0.00,0.84,0.00,3.38,0.00,0.00,0.00,6774.0,95830.0,88578.0,0.0,0.0,0.5,0.0,81.321,0.000,0.0,659948.5
2026-09-01T07:54:17,0.2,4988,1547350,1531172,0.3,0.00,0.85,0.00,3.41,0.00,0.00,0.00,6774.0,95830.0,88578.0,0.0,0.0,0.5,0.0,81.331,0.000,0.0,659948.5
2026-09-01T07:54:18,0.2,4989,1547350,1531171,0.3,0.00,0.99,0.00,3.96,0.00,0.00,0.00,6774.0,95830.0,88578.0,0.0,0.0,0.5,0.0,81.285,0.000,0.0,680470.5
2026-09-01T07:54:19,0.2,4990,1547350,1531170,0.3,0.00,0.87,0.00,3.48,0.00,0.00,0.00,6774.0,95830.0,88578.0,0.0,0.0,0.5,0.0,81.339,0.000,0.0,680470.5
2026-09-01T07:54:20,0.2,4990,1547350,1531170,0.3,0.00,0.99,0.00,3.95,0.00,0.00,0.00,6774.0,95830.0,88578.0,0.0,0.0,0.5,0.0,81.322,0.000,0.0,699720.0
2026-09-01T07:54:21,0.2,4991,1547350,1531169,0.3,0.00,0.66,0.00,2.66,0.00,0.00,0.00,6774.0,95830.0,88578.0,0.0,0.0,0.5,0.0,81.282,0.000,0.0,667502.0
2026-09-01T07:54:23,0.2,4992,1547350,1531168,0.3,0.00,0.75,0.00,3.01,0.00,0.00,0.00,6774.0,95830.0,88578.0,0.0,0.0,0.5,0.0,81.327,0.000,0.0,665024.5
2026-09-01T07:54:24,0.2,4992,1547350,1531168,0.3,0.00,0.75,0.00,3.00,0.00,0.00,0.08,6774.0,95830.0,88578.0,0.0,0.0,0.5,0.0,81.338,0.000,0.0,657478.5
2026-09-01T07:54:26,0.2,4992,1547350,1531168,0.3,0.00,0.61,0.00,2.43,0.00,0.00,0.00,6774.0,95830.0,88578.0,0.0,0.0,0.5,0.0,81.362,0.000,0.0,667661.0
2026-09-01T07:54:27,0.2,4992,1547350,1531167,0.3,0.00,1.66,0.00,6.62,0.00,0.00,0.00,6774.0,95830.0,88578.0,0.0,0.0,0.5,0.0,81.323,0.000,0.0,657987.5
2026-09-01T07:54:28,0.2,4993,1547350,1531167,0.3,0.00,4.71,0.00,24.12,0.00,0.12,0.00,6774.0,95830.0,88578.0,0.0,0.0,0.5,0.0,81.354,0.000,0.0,637255.0
2026-09-01T07:54:30,0.2,4993,1547350,1531166,0.3,0.00,0.66,0.00,2.64,0.00,0.00,0.00,6774.0,95830.0,88578.0,0.0,0.0,0.5,0.0,81.346,0.000,0.0,677528.5
2026-09-01T07:54:32,0.2,4995,1547350,1531165,0.3,0.00,4.52,0.00,20.66,0.00,0.00,0.00,6774.0,95830.0,88578.0,0.0,0.0,0.5,0.0,81.300,0.000,0.0,665642.5
2026-09-01T07:54:33,0.2,4996,1547350,1531164,0.3,0.00,0.66,0.00,2.62,0.00,0.00,0.00,6774.0,95830.0,88578.0,0.0,0.0,0.5,0.0,81.356,0.000,0.0,665642.5
2026-09-01T07:54:34,0.2,4996,1547350,1531164,0.3,0.00,2.16,0.00,8.66,0.00,0.00,0.00,6774.0,95830.0,88578.0,0.0,0.0,0.5,0.0,81.324,0.000,0.0,757224.5
2026-09-01T07:54:34,0.2,4995,1547350,1531165,0.3,0.00,2.57,0.00,10.28,0.00,0.00,0.00,6774.0,95830.0,88578.0,0.0,0.0,0.5,0.0,81.292,0.000,0.0,757224.5
2026-09-01T07:54:35,0.2,4995,1547350,1531165,0.3,0.00,1.65,0.00,6.59,0.00,1.00,0.00,6774.0,95830.0,88578.0,0.0,0.0,0.5,0.0,81.302,0.000,0.0,772190.0
2026-09-01T07:54:35,0.2,4995,1547350,1531165,0.3,0.00,1.26,0.00,5.06,0.00,0.00,0.00,6774.0,95830.0,88578.0,0.0,0.0,0.5,0.0,81.305,0.000,0.0,682522.5
2026-09-01T07:54:36,0.2,4601,1547350,1531595,0.3,0.00,1.09,0.00,4.37,0.00,0.00,0.00,4.0,95830.0,95347.0,28.0,0.0,0.5,0.0,83.219,0.001,0.0,8751419.5
2026-09-01T07:54:38,0.5,4609,1547350,1531586,0.3,0.00,0.54,0.00,2.15,0.00,0.00,0.00,4.0,95830.0,95347.0,0.0,0.0,0.5,0.0,70.409,0.000,0.0,670463.0
2026-09-01T07:54:40,0.2,4610,1547350,1531586,0.3,0.00,0.60,0.00,2.38,0.00,0.00,0.00,4.0,95830.0,95347.0,0.0,0.0,0.5,0.0,65.680,0.000,0.0,648193.5
2026-09-01T07:54:42,0.2,4612,1547350,1531584,0.3,0.00,0.99,0.00,3.97,0.00,0.00,0.00,4.0,95830.0,95347.0,0.0,0.0,0.5,0.0,65.645,0.000,0.0,648193.5
2026-09-01T07:54:43,0.2,4612,1547350,1531584,0.3,0.00,1.23,0.00,4.91,0.00,0.00,0.00,4.0,95830.0,95347.0,0.0,0.0,0.5,0.0,65.591,0.000,0.0,673490.5
2026-09-01T07:54:44,0.2,4612,1547350,1531584,0.3,0.00,0.58,0.00,2.33,0.00,0.00,0.00,4.0,95830.0,95347.0,0.0,0.0,0.5,0.0,65.647,0.000,0.0,773820.0
2026-09-01T07:54:45,0.2,4611,1547350,1531585,0.3,0.00,1.45,0.00,5.81,0.00,0.00,0.15,4.0,95830.0,95347.0,0.0,0.0,0.5,0.0,65.638,0.000,0.0,773820.0
2026-09-01T07:54:46,0.2,4611,1547350,1531584,0.3,0.00,1.12,0.00,4.49,0.00,0.00,0.00,4.0,95830.0,95347.0,0.0,0.0,0.5,0.0,65.583,0.000,0.0,772206.0
2026-09-01T07:54:46,0.3,4612,1547350,1531584,0.3,0.00,1.70,0.00,6.80,0.00,0.00,0.00,4.0,95830.0,95347.0,0.0,0.0,0.5,0.0,65.589,0.000,0.0,772206.0
2026-09-01T07:54:47,0.3,4613,1547350,1531583,0.3,0.00,1.79,0.00,7.17,0.00,0.00,0.00,4.0,95830.0,95347.0,0.0,0.0,0.5,0.0,65.602,0.000,0.0,697342.0
2026-09-01T07:54:48,0.2,4613,1547350,1531583,0.3,0.00,0.76,0.00,3.02,0.00,0.00,0.00,4.0,95830.0,95347.0,0.0,0.0,0.5,0.0,65.581,0.000,0.0,675963.0
2026-09-01T07:54:50,0.2,4613,1547350,1531583,0.3,0.00,0.83,0.00,3.33,0.00,0.00,0.00,4.0,95830.0,95347.0,0.0,0.0,0.5,0.0,65.584,0.000,0.0,728163.5
2026-09-01T07:54:51,0.2,4613,1547350,1531583,0.3,0.00,0.71,0.00,2.84,0.00,0.00,0.00,4.0,95830.0,95347.0,0.0,0.0,0.5,0.0,65.596,0.000,0.0,657522.0
2026-09-01T07:54:52,0.2,4614,1547350,1531582,0.3,0.00,0.79,0.00,3.18,0.00,0.00,0.00,4.0,95830.0,95347.0,0.0,0.0,0.5,0.0,65.547,0.000,0.0,742628.5
2026-09-01T07:54:53,0.2,4614,1547350,1531582,0.3,0.00,0.83,0.00,3.30,0.00,0.00,0.00,4.0,95830.0,95347.0,0.0,0.0,0.5,0.0,65.531,0.000,0.0,742628.5
2026-09-01T07:54:54,0.2,4614,1547350,1531582,0.3,0.00,1.26,0.00,5.04,0.00,0.00,0.00,4.0,95830.0,95347.0,0.0,0.0,0.5,0.0,65.507,0.000,0.0,685318.0
2026-09-01T07:54:56,0.2,4613,1547350,1531583,0.3,0.00,0.62,0.00,2.47,0.00,0.00,0.00,4.0,95830.0,95347.0,0.0,0.0,0.5,0.0,65.516,0.000,0.0,651030.0
2026-09-01T07:54:58,0.2,4615,1547350,1531581,0.3,0.00,5.03,0.00,39.08,0.00,0.11,0.00,4.0,95830.0,95347.0,0.0,0.0,0.5,0.0,65.418,0.000,0.0,650743.0
2026-09-01T07:54:59,0.2,4615,1547350,1531581,0.3,0.00,0.54,0.00,2.15,0.00,0.00,0.05,4.0,95830.0,95347.0,0.0,0.0,0.5,0.0,65.428,0.000,0.0,653885.5
2026-09-01T07:55:01,0.3,4621,1547350,1531575,0.3,0.00,0.58,0.00,2.30,0.00,0.00,0.00,4.0,95830.0,95347.0,0.0,0.0,0.5,0.0,65.389,0.000,0.0,664662.5
2026-09-01T07:55:03,0.2,4621,1547350,1531575,0.3,0.00,0.68,0.00,2.74,0.00,0.00,0.07,4.0,95830.0,95347.0,0.0,0.0,0.5,0.0,65.414,0.000,0.0,664662.5
2026-09-01T07:55:04,0.2,4622,1547350,1531574,0.3,0.00,1.18,0.00,4.71,0.00,0.00,0.00,4.0,95830.0,95347.0,0.0,0.0,0.5,0.0,65.419,0.000,0.0,698325.5
2026-09-01T07:55:05,0.2,4621,1547350,1531574,0.3,0.00,0.74,0.00,2.97,0.00,0.00,0.00,4.0,95830.0,95347.0,0.0,0.0,0.5,0.0,65.397,0.000,0.0,658650.0
2026-09-01T07:55:07,0.2,4622,1547350,1531574,0.3,0.00,0.49,0.00,1.98,0.00,0.00,0.00,4.0,95830.0,95347.0,0.0,0.0,0.5,0.0,65.362,0.000,0.0,646483.0
2026-09-01T07:55:09,0.2,4623,1547350,1531573,0.3,0.00,0.60,0.00,2.42,0.00,0.00,0.00,4.0,95830.0,95347.0,0.0,0.0,0.5,0.0,65.352,0.000,0.0,663030.0
2026-09-01T07:55:11,0.2,4621,1547350,1531575,0.3,0.00,0.50,0.00,2.00,0.00,0.00,0.00,4.0,95830.0,95347.0,0.0,0.0,0.5,0.0,65.331,0.000,0.0,671221.0
2026-09-01T07:55:12,0.2,4620,1547350,1531576,0.3,0.00,0.64,0.00,2.55,0.00,0.00,0.00,4.0,95830.0,95347.0,0.0,0.0,0.5,0.0,65.343,0.000,0.0,643671.5
2026-09-01T07:55:14,0.2,4620,1547350,1531576,0.3,0.00,0.49,0.00,1.96,0.00,0.00,0.00,4.0,95830.0,95347.0,0.0,0.0,0.5,0.0,65.319,0.000,0.0,662609.0
2026-09-01T07:55:15,0.2,4620,1547350,1531576,0.3,0.00,0.87,0.00,3.48,0.00,0.00,0.00,4.0,95830.0,95347.0,0.0,0.0,0.5,0.0,65.367,0.000,0.0,674144.5
2026-09-01T07:55:17,0.2,4621,1547350,1531575,0.3,0.00,0.62,0.00,2.48,0.00,1.00,0.00,4.0,95830.0,95347.0,0.0,0.0,0.5,0.0,65.346,0.000,0.0,658028.0
2026-09-01T07:55:18,0.2,4621,1547350,1531574,0.3,0.00,0.66,0.00,2.63,0.00,0.00,0.00,4.0,95830.0,95347.0,0.0,0.0,0.5,0.0,65.314,0.000,0.0,658028.0
2026-09-01T07:55:19,0.2,4621,1547350,1531574,0.3,0.00,1.01,0.00,4.03,0.00,0.00,0.00,4.0,95830.0,95347.0,0.0,0.0,0.5,0.0,65.316,0.000,0.0,717652.0
2026-09-01T07:55:21,0.2,4622,1547350,1531573,0.3,0.00,0.60,0.00,2.40,0.00,0.00,0.06,4.0,95830.0,95347.0,0.0,0.0,0.5,0.0,65.292,0.000,0.0,653643.5
2026-09-01T07:55:23,0.2,4622,1547350,1531574,0.3,0.00,0.64,0.00,2.55,0.00,0.00,0.00,4.0,95830.0,95347.0,0.0,0.0,0.5,0.0,65.281,0.000,0.0,658479.0
2026-09-01T07:55:24,0.2,4622,1547350,1531574,0.3,0.00,0.62,0.00,2.47,0.00,0.00,0.00,4.0,95830.0,95347.0,0.0,0.0,0.5,0.0,65.270,0.000,0.0,658479.0
2026-09-01T07:55:25,0.2,4623,1547350,1531573,0.3,0.00,1.48,0.00,5.93,0.00,0.00,0.00,4.0,95830.0,95347.0,0.0,0.0,0.5,0.0,65.282,0.000,0.0,687161.0
2026-09-01T07:55:27,0.2,4623,1547350,1531572,0.3,0.00,0.64,0.00,2.57,0.00,0.00,0.00,4.0,95830.0,95347.0,0.0,0.0,0.5,0.0,65.222,0.000,0.0,661750.5
2026-09-01T07:55:28,0.2,4624,1547350,1531572,0.3,0.00,2.71,0.00,20.35,0.00,0.00,0.00,4.0,95830.0,95347.0,0.0,0.0,0.5,0.0,65.201,0.000,0.0,672019.0
2026-09-01T07:55:30,0.2,4624,1547350,1531572,0.3,0.00,0.62,0.00,2.48,0.00,0.00,0.00,4.0,95830.0,95347.0,0.0,0.0,0.5,0.0,65.168,0.000,0.0,672019.0
2026-09-01T07:55:30,0.2,4623,1547350,1531572,0.3,0.00,2.55,0.00,10.20,0.00,0.00,0.00,4.0,95830.0,95347.0,0.0,0.0,0.5,0.0,65.194,0.000,0.0,720234.5
2026-09-01T07:55:31,0.2,4624,1547350,1531571,0.3,0.00,0.99,0.00,3.97,0.00,0.00,0.00,4.0,95830.0,95347.0,0.0,0.0,0.5,0.0,65.158,0.000,0.0,680909.5
2026-09-01T07:55:32,0.2,4624,1547350,1531572,0.3,0.00,0.84,0.00,3.34,0.00,0.00,0.00,4.0,95830.0,95347.0,0.0,0.0,0.5,0.0,65.156,0.000,0.0,689705.5
2026-09-01T07:55:33,0.2,4623,1547350,1531572,0.3,0.00,7.00,0.00,36.00,0.00,0.14,0.00,4.0,95830.0,95347.0,0.0,0.0,0.5,0.0,65.168,0.000,0.0,689705.5
2026-09-01T07:55:34,0.2,4624,1547350,1531572,0.3,0.00,1.61,0.00,6.45,0.00,0.00,0.00,4.0,95830.0,95347.0,0.0,0.0,0.5,0.0,65.154,0.000,0.0,757880.5
2026-09-01T07:55:35,0.2,4624,1547350,1531571,0.3,0.00,1.24,0.00,4.95,0.00,0.00,0.00,4.0,95830.0,95347.0,0.0,0.0,0.5,0.0,65.143,0.000,0.0,757880.5
2026-09-01T07:55:35,0.2,4624,1547350,1531571,0.3,0.00,1.23,0.00,4.90,0.00,0.00,0.00,4.0,95830.0,95347.0,0.0,0.0,0.5,0.0,65.136,0.000,0.0,686126.0
2026-09-01T07:55:37,0.2,4625,1547350,1531571,0.3,0.00,0.86,0.00,3.45,0.00,0.00,0.00,4.0,95830.0,95347.0,0.0,0.0,0.5,0.0,65.126,0.000,0.0,665543.0
2026-09-01T07:55:38,0.2,4625,1547350,1531571,0.3,0.00,0.61,0.00,2.44,0.00,0.00,0.00,4.0,95830.0,95347.0,0.0,0.0,0.5,0.0,65.088,0.000,0.0,652487.0
2026-09-01T07:55:40,0.2,4625,1547350,1531571,0.3,0.00,0.54,0.00,2.18,0.00,0.00,0.00,4.0,95830.0,95347.0,0.0,0.0,0.5,0.0,65.130,0.000,0.0,637482.5
2026-09-01T07:55:42,0.2,4625,1547350,1531571,0.3,0.00,0.64,0.00,2.57,0.00,0.00,0.00,4.0,95830.0,95347.0,0.0,0.0,0.5,0.0,65.090,0.000,0.0,637482.5
2026-09-01T07:55:42,0.2,4625,1547350,1531571,0.3,0.00,1.25,0.00,5.00,0.00,0.00,0.00,4.0,95830.0,95347.0,0.0,0.0,0.5,0.0,65.089,0.000,0.0,715677.5
2026-09-01T07:55:43,0.2,4625,1547350,1531570,0.3,0.00,2.32,0.00,9.27,0.00,0.00,0.00,4.0,95830.0,95347.0,0.0,0.0,0.5,0.0,65.110,0.000,0.0,715677.5
2026-09-01T07:55:44,0.2,4625,1547350,1531571,0.3,0.00,1.25,0.00,5.00,0.00,0.00,0.00,4.0,95830.0,95347.0,0.0,0.0,0.5,0.0,65.096,0.000,0.0,705250.0
2026-09-01T07:55:45,0.2,4626,1547350,1531570,0.3,0.00,0.84,0.00,3.35,0.00,0.00,0.00,4.0,95830.0,95347.0,0.0,0.0,0.5,0.0,65.095,0.000,0.0,691856.5
2026-09-01T07:55:47,0.2,4626,1547350,1531570,0.3,0.00,0.50,0.00,2.01,0.00,0.00,0.00,4.0,95830.0,95347.0,0.0,0.0,0.5,0.0,65.123,0.000,0.0,676695.0
2026-09-01T07:55:48,0.2,4626,1547350,1531570,0.3,0.00,0.95,0.00,3.78,0.00,0.00,0.00,4.0,95830.0,95347.0,0.0,0.0,0.5,0.0,65.114,0.000,0.0,662598.0
2026-09-01T07:55:50,0.2,4627,1547350,1531569,0.3,0.00,0.56,0.00,2.22,0.00,1.00,0.00,4.0,95830.0,95347.0,0.0,0.0,0.5,0.0,65.099,0.000,0.0,657995.0
2026-09-01T07:55:52,0.2,4627,1547350,1531569,0.3,0.00,0.64,0.00,2.55,0.00,0.00,0.00,4.0,95830.0,95347.0,0.0,0.0,0.5,0.0,65.108,0.000,0.0,651225.5
2026-09-01T07:55:54,0.2,4627,1547350,1531568,0.3,0.00,0.54,0.00,2.18,0.00,0.00,0.00,4.0,95830.0,95347.0,0.0,0.0,0.5,0.0,65.092,0.000,0.0,668558.0
2026-09-01T07:55:55,0.2,4629,1547350,1531567,0.3,0.00,0.62,0.00,2.47,0.00,0.00,0.00,4.0,95830.0,95347.0,0.0,0.0,0.5,0.0,65.096,0.000,0.0,650871.0
2026-09-01T07:55:57,0.2,4629,1547350,1531567,0.3,0.00,0.49,0.00,1.97,0.00,0.00,0.00,4.0,95830.0,95347.0,0.0,0.0,0.5,0.0,65.073,0.000,0.0,717319.0
2026-09-01T07:55:58,0.2,4629,1547350,1531567,0.3,0.00,11.73,0.00,91.26,0.00,0.00,0.00,4.0,95830.0,95347.0,0.0,0.0,0.5,0.0,65.097,0.000,0.0,656336.0
2026-09-01T07:56:00,0.2,4629,1547350,1531567,0.3,0.00,1.09,0.00,5.70,0.00,0.00,0.00,4.0,95830.0,95347.0,0.0,0.0,0.5,0.0,65.064,0.000,0.0,660362.0
2026-09-01T07:56:02,0.3,4636,1547350,1531560,0.3,0.00,0.55,0.00,2.20,0.00,0.00,0.00,4.0,95830.0,95347.0,0.0,0.0,0.5,0.0,65.072,0.000,0.0,661092.5
2026-09-01T07:56:03,0.2,4635,1547350,1531561,0.3,0.00,0.62,0.00,2.48,0.00,0.00,0.00,4.0,95830.0,95347.0,0.0,0.0,0.5,0.0,65.001,0.000,0.0,647506.0
2026-09-01T07:56:05,0.2,4635,1547350,1531561,0.3,0.00,0.50,0.00,2.00,0.00,0.00,0.00,4.0,95830.0,95347.0,0.0,0.0,0.5,0.0,65.032,0.000,0.0,654480.5
2026-09-01T07:56:07,0.2,4635,1547350,1531561,0.3,0.00,0.50,0.00,1.99,0.00,1.00,0.00,4.0,95830.0,95347.0,0.0,0.0,0.5,0.0,64.999,0.000,0.0,655672.5
2026-09-01T07:56:09,0.2,4634,1547350,1531561,0.3,0.00,0.50,0.00,1.99,0.00,0.00,0.00,4.0,95830.0,95347.0,0.0,0.0,0.5,0.0,64.994,0.000,0.0,681647.5
2026-09-01T07:56:10,0.2,4635,1547350,1531561,0.3,0.00,0.99,0.00,3.96,0.00,0.00,0.00,4.0,95830.0,95347.0,0.0,0.0,0.5,0.0,65.011,0.000,0.0,691668.5
2026-09-01T07:56:12,0.2,4630,1547350,1531566,0.3,0.00,0.49,0.00,1.97,0.00,0.00,0.00,4.0,95830.0,95347.0,0.0,0.0,0.5,0.0,64.999,0.000,0.0,691668.5
2026-09-01T07:56:13,0.2,4630,1547350,1531566,0.3,0.00,1.63,0.00,6.54,0.00,0.00,0.00,4.0,95830.0,95347.0,0.0,0.0,0.5,0.0,64.971,0.000,0.0,689531.0
2026-09-01T07:56:14,0.2,4631,1547350,1531565,0.3,0.00,0.72,0.00,2.90,0.00,0.00,0.00,4.0,95830.0,95347.0,0.0,0.0,0.5,0.0,64.953,0.000,0.0,689531.0
2026-09-01T07:56:15,0.2,4631,1547350,1531565,0.3,0.00,0.98,0.00,3.92,0.00,0.00,0.10,4.0,95830.0,95347.0,0.0,0.0,0.5,0.0,64.961,0.000,0.0,710310.5
2026-09-01T07:56:17,0.2,4631,1547350,1531565,0.3,0.00,0.85,0.00,3.42,0.00,0.00,0.00,4.0,95830.0,95347.0,0.0,0.0,0.5,0.0,64.959,0.000,0.0,661587.5
2026-09-01T07:56:18,0.2,4631,1547350,1531565,0.3,0.00,0.88,0.00,3.53,0.00,0.00,0.00,4.0,95830.0,95347.0,0.0,0.0,0.5,0.0,64.923,0.000,0.0,666457.0
2026-09-01T07:56:19,0.2,4631,1547350,1531564,0.3,0.00,0.60,0.00,2.41,0.00,0.00,0.00,4.0,95830.0,95347.0,0.0,0.0,0.5,0.0,64.922,0.000,0.0,714599.5
2026-09-01T07:56:21,0.2,4632,1547350,1531563,0.3,0.00,0.73,0.00,2.93,0.00,0.00,0.07,4.0,95830.0,95347.0,0.0,0.0,0.5,0.0,64.888,0.000,0.0,668806.0
2026-09-01T07:56:22,0.2,4633,1547350,1531563,0.3,0.00,0.83,0.00,3.33,0.00,0.00,0.00,4.0,95830.0,95347.0,0.0,0.0,0.5,0.0,64.895,0.000,0.0,668806.0
2026-09-01T07:56:22,0.3,4633,1547350,1531563,0.3,0.00,1.61,0.00,6.42,0.00,0.00,0.00,4.0,95830.0,95347.0,0.0,0.0,0.5,0.0,64.924,0.000,0.0,743477.5
2026-09-01T07:56:24,0.2,4634,1547350,1531561,0.3,0.00,0.98,0.00,3.91,0.00,0.00,0.00,4.0,95830.0,95347.0,0.0,0.0,0.5,0.0,64.899,0.000,0.0,670471.5
2026-09-01T07:56:25,0.2,4636,1547350,1531560,0.3,0.00,0.63,0.00,2.51,0.00,0.00,0.00,4.0,95830.0,95347.0,0.0,0.0,0.5,0.0,64.879,0.000,0.0,676701.5
2026-09-01T07:56:26,0.2,4636,1547350,1531560,0.3,0.00,1.06,0.00,4.25,0.00,0.00,0.00,4.0,95830.0,95347.0,0.0,0.0,0.5,0.0,64.880,0.000,0.0,703519.5
2026-09-01T07:56:27,0.2,4637,1547350,1531559,0.3,0.00,0.76,0.00,3.05,0.00,0.00,0.00,4.0,95830.0,95347.0,0.0,0.0,0.5,0.0,64.875,0.000,0.0,703519.5
2026-09-01T07:56:28,0.2,4638,1547350,1531558,0.3,0.00,0.99,0.00,3.96,0.00,0.00,0.00,4.0,95830.0,95347.0,0.0,0.0,0.5,0.0,64.891,0.000,0.0,714222.5
2026-09-01T07:56:29,0.2,4638,1547350,1531557,0.3,0.00,8.26,0.00,50.28,0.00,0.17,0.00,4.0,95830.0,95347.0,0.0,0.0,0.5,0.0,64.876,0.000,0.0,676817.5
2026-09-01T07:56:31,0.2,4640,1547350,1531556,0.3,0.00,0.61,0.00,2.43,0.00,0.00,0.00,4.0,95830.0,95347.0,0.0,0.0,0.5,0.0,64.875,0.000,0.0,669840.5
2026-09-01T07:56:32,0.2,4640,1547350,1531556,0.3,0.00,0.89,0.00,3.55,0.00,0.00,0.00,4.0,95830.0,95347.0,0.0,0.0,0.5,0.0,64.864,0.000,0.0,663750.0
2026-09-01T07:56:34,0.2,4642,1547350,1531554,0.3,0.00,0.57,0.00,2.28,0.00,0.00,0.00,4.0,95830.0,95347.0,0.0,0.0,0.5,0.0,64.855,0.000,0.0,657129.5
2026-09-01T07:56:35,0.2,4643,1547350,1531553,0.3,0.00,4.32,0.00,17.29,0.00,0.00,0.00,4.0,95830.0,95347.0,0.0,0.0,0.5,0.0,64.882,0.000,0.0,657129.5
2026-09-01T07:56:36,0.2,4644,1547350,1531552,0.3,0.00,1.28,0.00,5.13,0.00,0.00,0.00,4.0,95830.0,95347.0,0.0,0.0,0.5,0.0,64.855,0.000,0.0,675596.0
2026-09-01T07:56:38,0.2,4643,1547350,1531552,0.3,0.00,0.61,0.00,2.44,0.00,0.00,0.00,4.0,95830.0,95347.0,0.0,0.0,0.5,0.0,64.851,0.000,0.0,658193.5
2026-09-01T07:56:39,0.2,4643,1547350,1531552,0.3,0.00,0.65,0.00,2.60,0.00,0.00,0.00,4.0,95830.0,95347.0,0.0,0.0,0.5,0.0,64.883,0.000,0.0,656083.0
2026-09-01T07:56:41,0.2,4644,1547350,1531552,0.3,0.00,0.59,0.00,2.35,0.00,1.00,0.00,4.0,95830.0,95347.0,0.0,0.0,0.5,0.0,64.866,0.000,0.0,659793.5
2026-09-01T07:56:43,0.2,4644,1547350,1531551,0.3,0.00,0.62,0.00,2.50,0.00,0.00,0.00,4.0,95830.0,95347.0,0.0,0.0,0.5,0.0,64.880,0.000,0.0,689902.5
2026-09-01T07:56:44,0.2,4646,1547350,1531550,0.3,0.00,0.59,0.00,2.37,0.00,0.00,0.00,4.0,95830.0,95347.0,0.0,0.0,0.5,0.0,64.825,0.000,0.0,735712.0
2026-09-01T07:56:45,0.2,4647,1547350,1531549,0.3,0.00,1.84,0.00,7.35,0.00,0.00,0.00,4.0,95830.0,95347.0,0.0,0.0,0.5,0.0,64.892,0.000,0.0,663027.5
2026-09-01T07:56:47,0.2,4648,1547350,1531548,0.3,0.00,0.61,0.00,2.43,0.00,0.00,0.00,4.0,95830.0,95347.0,0.0,0.0,0.5,0.0,64.881,0.000,0.0,660027.5
2026-09-01T07:56:49,0.2,4650,1547350,1531546,0.3,0.00,0.54,0.00,2.18,0.00,0.00,0.00,4.0,95830.0,95347.0,0.0,0.0,0.5,0.0,64.895,0.000,0.0,663343.5
2026-09-01T07:56:50,0.2,4652,1547350,1531544,0.3,0.00,0.68,0.00,2.74,0.00,0.00,0.07,4.0,95830.0,95347.0,0.0,0.0,0.5,0.0,64.885,0.000,0.0,663343.5
2026-09-01T07:56:51,0.2,4653,1547350,1531543,0.3,0.00,1.02,0.00,4.09,0.00,0.00,0.00,4.0,95830.0,95347.0,0.0,0.0,0.5,0.0,64.864,0.000,0.0,698321.0
2026-09-01T07:56:53,0.2,4653,1547350,1531542,0.3,0.00,0.74,0.00,2.94,0.00,0.00,0.00,4.0,95830.0,95347.0,0.0,0.0,0.5,0.0,64.873,0.000,0.0,698321.0
2026-09-01T07:56:53,0.2,4653,1547350,1531543,0.3,0.00,1.52,0.00,6.10,0.00,0.00,0.00,4.0,95830.0,95347.0,0.0,0.0,0.5,0.0,64.886,0.000,0.0,677403.5
2026-09-01T07:56:55,0.2,4654,1547350,1531542,0.3,0.00,0.55,0.00,2.19,0.00,0.00,0.00,4.0,95830.0,95347.0,0.0,0.0,0.5,0.0,64.870,0.000,0.0,675485.5
2026-09-01T07:56:56,0.2,4724,1547350,1531471,0.3,0.00,0.86,0.00,3.43,0.00,0.00,0.00,4.0,95830.0,95347.0,0.0,0.0,0.5,0.0,64.882,0.000,0.0,675485.5
2026-09-01T07:56:57,0.2,4733,1547350,1531463,0.3,0.00,1.01,0.00,4.04,0.00,0.00,0.00,4.0,95830.0,95347.0,0.0,0.0,0.5,0.0,64.886,0.000,0.0,675005.5
2026-09-01T07:56:59,0.2,4738,1547350,1531458,0.3,0.00,0.70,0.00,2.79,0.00,0.00,0.00,4.0,95830.0,95347.0,0.0,0.0,0.5,0.0,64.876,0.000,0.0,689774.0
2026-09-01T07:57:00,0.2,4738,1547350,1531457,0.3,0.00,5.92,0.00,50.34,0.00,0.14,0.08,4.0,95830.0,95347.0,0.0,0.0,0.5,0.0,64.872,0.000,0.0,649247.5
2026-09-01T07:57:02,0.3,4827,1547350,1531368,0.3,0.00,0.55,0.00,2.21,0.00,0.00,0.00,4.0,95830.0,95347.0,0.0,0.0,0.5,0.0,64.883,0.000,0.0,659123.0
2026-09-01T07:57:03,0.3,4829,1547350,1531366,0.3,0.00,0.62,0.00,2.46,0.00,0.00,0.00,4.0,95830.0,95347.0,0.0,0.0,0.5,0.0,64.884,0.000,0.0,646096.5
2026-09-01T07:57:05,0.2,4833,1547350,1531363,0.3,0.00,1.00,0.00,6.03,0.00,0.00,0.05,4.0,95830.0,95347.0,0.0,0.0,0.5,0.0,64.863,0.000,0.0,680078.5
2026-09-01T07:57:07,0.2,4833,1547350,1531362,0.3,0.00,0.54,0.00,2.15,0.00,0.00,0.00,4.0,95830.0,95347.0,0.0,0.0,0.5,0.0,64.868,0.000,0.0,680078.5
2026-09-01T07:57:08,0.2,4838,1547350,1531358,0.3,0.00,1.30,0.00,5.22,0.00,0.00,0.00,4.0,95830.0,95347.0,0.0,0.0,0.5,0.0,64.857,0.000,0.0,678132.0
2026-09-01T07:57:10,0.2,4838,1547350,1531357,0.3,0.00,0.55,0.00,2.20,0.00,0.00,0.00,4.0,95830.0,95347.0,0.0,0.0,0.5,0.0,64.853,0.000,0.0,651153.5
2026-09-01T07:57:11,0.2,4835,1547350,1531361,0.3,0.00,0.60,0.00,2.40,0.00,0.00,0.00,4.0,95830.0,95347.0,0.0,0.0,0.5,0.0,64.841,0.000,0.0,659980.0
2026-09-01T07:57:13,0.2,4834,1547350,1531362,0.3,0.00,0.63,0.00,2.51,0.00,0.00,0.00,4.0,95830.0,95347.0,0.0,0.0,0.5,0.0,64.859,0.000,0.0,645892.5
2026-09-01T07:57:15,0.2,4835,1547350,1531361,0.3,0.00,0.45,0.00,1.82,0.00,0.00,0.00,4.0,95830.0,95347.0,0.0,0.0,0.5,0.0,64.879,0.000,0.0,654545.5
2026-09-01T07:57:17,0.2,4835,1547350,1531360,0.3,0.00,0.62,0.00,2.49,0.00,0.00,0.00,4.0,95830.0,95347.0,0.0,0.0,0.5,0.0,64.875,0.000,0.0,658032.5
2026-09-01T07:57:18,0.2,4837,1547350,1531359,0.3,0.00,0.60,0.00,2.42,0.00,0.00,0.00,4.0,95830.0,95347.0,0.0,0.0,0.5,0.0,64.847,0.000,0.0,649909.5
2026-09-01T07:57:20,0.2,4838,1547350,1531358,0.3,0.00,0.59,0.00,2.36,0.00,0.00,0.00,4.0,95830.0,95347.0,0.0,0.0,0.5,0.0,64.869,0.000,0.0,669075.0
2026-09-01T07:57:22,0.2,4838,1547350,1531358,0.3,0.00,0.69,0.00,2.75,0.00,0.00,0.00,4.0,95830.0,95347.0,0.0,0.0,0.5,0.0,64.834,0.000,0.0,689845.0
2026-09-01T07:57:23,0.2,4839,1547350,1531357,0.3,0.00,0.84,0.00,3.38,0.00,0.00,0.00,4.0,95830.0,95347.0,0.0,0.0,0.5,0.0,64.858,0.000,0.0,689845.0
2026-09-01T07:57:24,0.2,4839,1547350,1531357,0.3,0.00,1.02,0.00,4.07,0.00,0.00,0.00,4.0,95830.0,95347.0,0.0,0.0,0.5,0.0,64.842,0.000,0.0,723509.0
2026-09-01T07:57:25,0.2,4839,1547350,1531356,0.3,0.00,1.18,0.00,4.72,0.00,0.00,0.00,4.0,95830.0,95347.0,0.0,0.0,0.5,0.0,64.846,0.000,0.0,723494.0
2026-09-01T07:57:26,0.2,4840,1547350,1531355,0.3,0.00,0.85,0.00,3.40,0.00,0.00,0.00,4.0,95830.0,95347.0,0.0,0.0,0.5,0.0,64.788,0.000,0.0,723494.0
2026-09-01T07:57:26,0.2,4840,1547350,1531355,0.3,0.00,1.73,0.00,6.93,0.00,1.00,0.00,4.0,95830.0,95347.0,0.0,0.0,0.5,0.0,64.825,0.000,0.0,790223.0
2026-09-01T07:57:27,0.2,4840,1547350,1531356,0.3,0.00,1.56,0.00,6.26,0.00,0.00,0.00,4.0,95830.0,95347.0,0.0,0.0,0.5,0.0,64.835,0.000,0.0,790223.0
2026-09-01T07:57:28,0.3,4841,1547350,1531354,0.3,0.00,1.79,0.00,7.14,0.00,0.00,0.00,4.0,95830.0,95347.0,0.0,0.0,0.5,0.0,64.814,0.000,0.0,730120.0
2026-09-01T07:57:28,0.2,4841,1547350,1531354,0.3,0.00,1.03,0.00,4.11,0.00,0.00,0.00,4.0,95830.0,95347.0,0.0,0.0,0.5,0.0,64.805,0.000,0.0,655033.5
2026-09-01T07:57:30,0.2,4842,1547350,1531354,0.3,0.00,1.04,0.00,11.65,0.00,0.00,0.00,4.0,95830.0,95347.0,0.0,0.0,0.5,0.0,64.828,0.000,0.0,655033.5
2026-09-01T07:57:31,0.2,4842,1547350,1531354,0.3,0.00,1.08,0.00,4.32,0.00,0.00,0.00,4.0,95830.0,95347.0,0.0,0.0,0.5,0.0,64.820,0.000,0.0,674285.0
2026-09-01T07:57:33,0.2,4843,1547350,1531353,0.3,0.00,0.69,0.00,2.76,0.00,0.00,0.00,4.0,95830.0,95347.0,0.0,0.0,0.5,0.0,64.806,0.000,0.0,661773.0
2026-09-01T07:57:34,0.2,4844,1547350,1531352,0.3,0.00,0.65,0.00,2.58,0.00,0.00,0.00,4.0,95830.0,95347.0,0.0,0.0,0.5,0.0,64.803,0.000,0.0,715490.0
2026-09-01T07:57:35,0.2,4843,1547350,1531353,0.3,0.00,1.15,0.00,4.60,0.00,0.00,0.00,4.0,95830.0,95347.0,0.0,0.0,0.5,0.0,64.792,0.000,0.0,670252.0
2026-09-01T07:57:37,0.2,4844,1547350,1531352,0.3,0.00,4.30,0.00,19.64,0.00,0.14,0.00,4.0,95830.0,95347.0,0.0,0.0,0.5,0.0,64.784,0.000,0.0,670252.0
2026-09-01T07:57:37,0.2,4844,1547350,1531352,0.3,0.00,1.69,0.00,6.77,0.00,0.00,0.00,4.0,95830.0,95347.0,0.0,0.0,0.5,0.0,64.791,0.000,0.0,683342.0
2026-09-01T07:57:39,0.2,4844,1547350,1531352,0.3,0.00,0.63,0.00,2.51,0.00,0.00,0.00,4.0,95830.0,95347.0,0.0,0.0,0.5,0.0,64.796,0.000,0.0,683342.0
2026-09-01T07:57:40,0.2,4843,1547350,1531352,0.3,0.00,1.15,0.00,4.59,0.00,0.00,0.00,4.0,95830.0,95347.0,0.0,0.0,0.5,0.0,64.761,0.000,0.0,675301.5
2026-09-01T07:57:41,0.2,4844,1547350,1531352,0.3,0.00,1.47,0.00,5.89,0.00,0.00,0.00,4.0,95830.0,95347.0,0.0,0.0,0.5,0.0,64.757,0.000,0.0,675301.5
2026-09-01T07:57:42,0.2,4845,1547350,1531351,0.3,0.00,0.97,0.00,3.86,0.00,0.00,0.00,4.0,95830.0,95347.0,0.0,0.0,0.5,0.0,64.764,0.000,0.0,696696.0
2026-09-01T07:57:44,0.2,4846,1547350,1531350,0.3,0.00,0.55,0.00,2.21,0.00,0.00,0.00,4.0,95830.0,95347.0,0.0,0.0,0.5,0.0,64.772,0.000,0.0,696696.0
2026-09-01T07:57:45,0.2,4845,1547350,1531351,0.3,0.00,0.88,0.00,3.53,0.00,0.00,0.00,4.0,95830.0,95347.0,0.0,0.0,0.5,0.0,64.742,0.000,0.0,666641.0
2026-09-01T07:57:47,0.2,4846,1547350,1531350,0.3,0.00,1.20,0.00,4.82,0.00,0.00,0.00,4.0,95830.0,95347.0,0.0,0.0,0.5,0.0,64.757,0.000,0.0,657841.5
2026-09-01T07:57:49,0.2,4846,1547350,1531349,0.3,0.00,0.62,0.00,2.47,0.00,0.00,0.00,4.0,95830.0,95347.0,0.0,0.0,0.5,0.0,64.754,0.000,0.0,665603.0
2026-09-01T07:57:50,0.2,4846,1547350,1531350,0.3,0.00,0.72,0.00,2.88,0.00,0.00,0.00,4.0,95830.0,95347.0,0.0,0.0,0.5,0.0,64.766,0.000,0.0,651173.0
2026-09-01T07:57:52,0.2,4847,1547350,1531349,0.3,0.00,0.50,0.00,1.98,0.00,0.00,0.00,4.0,95830.0,95347.0,0.0,0.0,0.5,0.0,64.735,0.000,0.0,647400.5
2026-09-01T07:57:54,0.2,4847,1547350,1531348,0.3,0.00,0.49,0.00,1.98,0.00,0.00,0.00,4.0,95830.0,95347.0,0.0,0.0,0.5,0.0,64.742,0.000,0.0,684760.0
2026-09-01T07:57:55,0.2,4848,1547350,1531348,0.3,0.00,0.99,0.00,3.96,0.00,0.00,0.00,4.0,95830.0,95347.0,0.0,0.0,0.5,0.0,64.722,0.000,0.0,647557.0
2026-09-01T07:57:57,0.2,4848,1547350,1531347,0.3,0.00,0.56,0.00,2.22,0.00,0.00,0.00,4.0,95830.0,95347.0,0.0,0.0,0.5,0.0,64.709,0.000,0.0,650789.5
2026-09-01T07:57:59,0.2,4849,1547350,1531347,0.3,0.00,0.53,0.00,2.14,0.00,0.00,0.00,4.0,95830.0,95347.0,0.0,0.0,0.5,0.0,64.726,0.000,0.0,646873.5
2026-09-01T07:58:01,0.2,4854,1547350,1531342,0.3,0.00,4.00,0.00,33.75,0.00,0.12,0.00,4.0,95830.0,95347.0,0.0,0.0,0.5,0.0,64.707,0.000,0.0,648979.0
2026-09-01T07:58:03,0.2,4854,1547350,1531342,0.3,0.00,0.51,0.00,2.04,0.00,0.00,0.00,4.0,95830.0,95347.0,0.0,0.0,0.5,0.0,64.710,0.000,0.0,688108.0
2026-09-01T07:58:05,0.2,4852,1547350,1531343,0.3,0.00,0.48,0.00,1.93,0.00,0.00,0.00,4.0,95830.0,95347.0,0.0,0.0,0.5,0.0,64.718,0.000,0.0,656392.0
2026-09-01T07:58:07,0.2,4853,1547350,1531343,0.3,0.00,0.50,0.00,2.00,0.00,0.00,0.00,4.0,95830.0,95347.0,0.0,0.0,0.5,0.0,64.688,0.000,0.0,670603.5
2026-09-01T07:58:08,0.2,4853,1547350,1531343,0.3,0.00,0.72,0.00,2.90,0.00,0.00,0.00,4.0,95830.0,95347.0,0.0,0.0,0.5,0.0,64.677,0.000,0.0,656216.5
2026-09-01T07:58:10,0.2,4855,1547350,1531341,0.3,0.00,0.49,0.00,1.98,0.00,0.00,0.00,4.0,95830.0,95347.0,0.0,0.0,0.5,0.0,64.641,0.000,0.0,652795.5
2026-09-01T07:58:12,0.2,4851,1547350,1531345,0.3,0.00,0.88,0.00,5.28,0.00,0.00,0.00,4.0,95830.0,95347.0,0.0,0.0,0.5,0.0,64.671,0.000,0.0,630820.0
2026-09-01T07:58:14,0.2,4851,1547350,1531345,0.3,0.00,0.51,0.00,2.02,0.00,0.00,0.00,4.0,95830.0,95347.0,0.0,0.0,0.5,0.0,64.659,0.000,0.0,660958.0
2026-09-01T07:58:16,0.2,4852,1547350,1531344,0.3,0.00,0.50,0.00,2.02,0.00,0.00,0.00,4.0,95830.0,95347.0,0.0,0.0,0.5,0.0,64.650,0.000,0.0,647676.0
2026-09-01T07:58:18,0.2,4852,1547350,1531344,0.3,0.00,0.49,0.00,1.97,0.00,0.00,0.00,4.0,95830.0,95347.0,0.0,0.0,0.5,0.0,64.654,0.000,0.0,646980.0
2026-09-01T07:58:20,0.2,4852,1547350,1531344,0.3,0.00,0.53,0.00,2.10,0.00,0.00,0.00,4.0,95830.0,95347.0,0.0,0.0,0.5,0.0,64.684,0.000,0.0,653999.5
2026-09-01T07:58:22,0.2,4852,1547350,1531344,0.3,0.00,0.68,0.00,2.73,0.00,0.00,0.00,4.0,95830.0,95347.0,0.0,0.0,0.5,0.0,64.661,0.000,0.0,653999.5
2026-09-01T07:58:22,0.2,4852,1547350,1531344,0.3,0.00,1.30,0.00,5.19,0.00,0.00,0.00,4.0,95830.0,95347.0,0.0,0.0,0.5,0.0,64.640,0.000,0.0,787119.0
2026-09-01T07:58:23,0.2,4852,1547350,1531343,0.3,0.00,1.23,0.00,4.93,0.00,0.00,0.00,4.0,95830.0,95347.0,0.0,0.0,0.5,0.0,64.663,0.000,0.0,674837.0
2026-09-01T07:58:25,0.2,4853,1547350,1531343,0.3,0.00,0.65,0.00,2.60,0.00,1.00,0.00,4.0,95830.0,95347.0,0.0,0.0,0.5,0.0,64.669,0.000,0.0,652045.0
2026-09-01T07:58:27,0.2,4853,1547350,1531343,0.3,0.00,0.55,0.00,2.18,0.00,0.00,0.00,4.0,95830.0,95347.0,0.0,0.0,0.5,0.0,64.663,0.000,0.0,651753.5
2026-09-01T07:58:28,0.2,4853,1547350,1531343,0.3,0.00,0.95,0.00,3.80,0.00,0.00,0.00,4.0,95830.0,95347.0,0.0,0.0,0.5,0.0,64.647,0.000,0.0,695385.0
2026-09-01T07:58:29,0.2,4853,1547350,1531343,0.3,0.00,8.67,0.00,39.03,0.00,0.07,0.00,4.0,95830.0,95347.0,0.0,0.0,0.5,0.0,64.644,0.000,0.0,660892.5
2026-09-01T07:58:31,0.2,4853,1547350,1531343,0.3,0.00,0.83,0.00,3.33,0.00,0.00,0.00,4.0,95830.0,95347.0,0.0,0.0,0.5,0.0,64.648,0.000,0.0,690743.0
2026-09-01T07:58:32,0.2,4853,1547350,1531343,0.3,0.00,0.85,0.00,3.39,0.00,0.00,0.00,4.0,95830.0,95347.0,0.0,0.0,0.5,0.0,64.636,0.000,0.0,763956.0
2026-09-01T07:58:33,0.2,4854,1547350,1531342,0.3,0.00,7.06,0.00,28.24,0.00,0.00,0.00,4.0,95830.0,95347.0,0.0,0.0,0.5,0.0,64.644,0.000,0.0,670906.5
2026-09-01T07:58:34,0.2,4855,1547350,1531341,0.3,0.00,0.62,0.00,2.47,0.00,0.00,0.00,4.0,95830.0,95347.0,0.0,0.0,0.5,0.0,64.630,0.000,0.0,654711.0
2026-09-01T07:58:36,0.2,4855,1547350,1531341,0.3,0.00,0.60,0.00,2.41,0.00,0.00,0.06,4.0,95830.0,95347.0,0.0,0.0,0.5,0.0,64.644,0.000,0.0,660807.0
2026-09-01T07:58:37,0.3,4855,1547350,1531341,0.3,0.00,1.14,0.00,4.56,0.00,0.00,0.00,4.0,95830.0,95347.0,0.0,0.0,0.5,0.0,64.644,0.000,0.0,660807.0
2026-09-01T07:58:38,0.2,4855,1547350,1531340,0.3,0.00,2.28,0.00,9.10,0.00,0.00,0.00,4.0,95830.0,95347.0,0.0,0.0,0.5,0.0,64.633,0.000,0.0,678549.5
2026-09-01T07:58:39,0.2,4854,1547350,1531342,0.3,0.00,0.54,0.00,2.17,0.00,0.00,0.00,4.0,95830.0,95347.0,0.0,0.0,0.5,0.0,64.630,0.000,0.0,638222.0
2026-09-01T07:58:42,0.2,4855,1547350,1531341,0.3,0.00,0.46,0.00,1.85,0.00,1.00,0.00,4.0,95830.0,95347.0,0.0,0.0,0.5,0.0,64.651,0.000,0.0,685003.5
2026-09-01T07:58:43,0.2,4855,1547350,1531341,0.3,0.00,1.63,0.00,6.52,0.00,0.00,0.00,4.0,95830.0,95347.0,0.0,0.0,0.5,0.0,64.647,0.000,0.0,671438.5
2026-09-01T07:58:45,0.2,4855,1547350,1531340,0.3,0.00,0.90,0.00,3.58,0.00,0.00,0.00,4.0,95830.0,95347.0,0.0,0.0,0.5,0.0,64.655,0.000,0.0,658651.0
2026-09-01T07:58:46,0.2,4856,1547350,1531340,0.3,0.00,0.59,0.00,2.34,0.00,0.00,0.00,4.0,95830.0,95347.0,0.0,0.0,0.5,0.0,64.631,0.000,0.0,658651.0
2026-09-01T07:58:47,0.2,4856,1547350,1531340,0.3,0.00,0.99,0.00,3.97,0.00,0.00,0.00,4.0,95830.0,95347.0,0.0,0.0,0.5,0.0,64.635,0.000,0.0,665054.0
2026-09-01T07:58:49,0.2,4857,1547350,1531339,0.3,0.00,0.63,0.00,2.52,0.00,0.00,0.00,4.0,95830.0,95347.0,0.0,0.0,0.5,0.0,64.650,0.000,0.0,651866.5
2026-09-01T07:58:51,0.2,4858,1547350,1531338,0.3,0.00,0.49,0.00,1.95,0.00,0.00,0.00,4.0,95830.0,95347.0,0.0,0.0,0.5,0.0,64.642,0.000,0.0,716238.5
2026-09-01T07:58:52,0.2,4859,1547350,1531337,0.3,0.00,0.73,0.00,2.90,0.00,0.00,0.00,4.0,95830.0,95347.0,0.0,0.0,0.5,0.0,64.639,0.000,0.0,708668.0
2026-09-01T07:58:54,0.2,4859,1547350,1531337,0.3,0.00,0.82,0.00,3.29,0.00,0.00,0.00,4.0,95830.0,95347.0,0.0,0.0,0.5,0.0,64.623,0.000,0.0,666999.0
2026-09-01T07:58:55,0.2,4859,1547350,1531337,0.3,0.00,0.81,0.00,3.24,0.00,0.00,0.00,4.0,95830.0,95347.0,0.0,0.0,0.5,0.0,64.638,0.000,0.0,648072.5
2026-09-01T07:58:57,0.2,4860,1547350,1531336,0.3,0.00,0.45,0.00,1.79,0.00,0.00,0.04,4.0,95830.0,95347.0,0.0,0.0,0.5,0.0,64.646,0.000,0.0,640664.5
2026-09-01T07:58:59,0.2,4860,1547350,1531336,0.3,0.00,0.48,0.00,1.93,0.00,0.00,0.00,4.0,95830.0,95347.0,0.0,0.0,0.5,0.0,64.636,0.000,0.0,655355.5
2026-09-01T07:59:01,0.2,4864,1547350,1531332,0.3,0.00,4.10,0.00,32.53,0.00,0.12,0.00,4.0,95830.0,95347.0,0.0,0.0,0.5,0.0,64.644,0.000,0.0,636055.0
2026-09-01T07:59:03,0.2,4865,1547350,1531331,0.3,0.00,0.47,0.00,1.88,0.00,0.00,0.00,4.0,95830.0,95347.0,0.0,0.0,0.5,0.0,64.656,0.000,0.0,701454.5
2026-09-01T07:59:04,0.2,4864,1547350,1531332,0.3,0.00,0.80,0.00,3.20,0.00,0.00,0.08,4.0,95830.0,95347.0,0.0,0.0,0.5,0.0,64.630,0.000,0.0,701454.5
2026-09-01T07:59:05,0.2,4864,1547350,1531332,0.3,0.00,1.92,0.00,7.66,0.00,0.00,0.00,4.0,95830.0,95347.0,0.0,0.0,0.5,0.0,64.620,0.000,0.0,674120.0
2026-09-01T07:59:07,0.2,4864,1547350,1531332,0.3,0.00,0.47,0.00,1.89,0.00,0.00,0.00,4.0,95830.0,95347.0,0.0,0.0,0.5,0.0,64.618,0.000,0.0,691174.0
2026-09-01T07:59:08,0.2,4865,1547350,1531331,0.3,0.00,1.60,0.00,6.41,0.00,0.00,0.00,4.0,95830.0,95347.0,0.0,0.0,0.5,0.0,64.638,0.000,0.0,654416.0
2026-09-01T07:59:10,0.2,4866,1547350,1531330,0.3,0.00,0.49,0.00,1.94,0.00,0.00,0.00,4.0,95830.0,95347.0,0.0,0.0,0.5,0.0,64.629,0.000,0.0,644227.0
2026-09-01T07:59:12,0.2,4860,1547350,1531335,0.3,0.00,0.51,0.00,2.02,0.00,0.00,0.00,4.0,95830.0,95347.0,0.0,0.0,0.5,0.0,64.626,0.000,0.0,652334.0
2026-09-01T07:59:13,0.2,4860,1547350,1531335,0.3,0.00,1.13,0.00,6.80,0.00,0.00,0.00,4.0,95830.0,95347.0,0.0,0.0,0.5,0.0,64.627,0.000,0.0,691362.5
2026-09-01T07:59:14,0.2,4860,1547350,1531336,0.3,0.00,0.99,0.00,3.96,0.00,0.00,0.00,4.0,95830.0,95347.0,0.0,0.0,0.5,0.0,64.629,0.000,0.0,663755.5
2026-09-01T07:59:16,0.2,4860,1547350,1531336,0.3,0.00,0.68,0.00,2.70,0.00,0.00,0.00,4.0,95830.0,95347.0,0.0,0.0,0.5,0.0,64.620,0.000,0.0,700225.0
2026-09-01T07:59:17,0.2,4860,1547350,1531336,0.3,0.00,1.27,0.00,5.10,0.00,0.00,0.00,4.0,95830.0,95347.0,0.0,0.0,0.5,0.0,64.611,0.000,0.0,647187.5
2026-09-01T07:59:19,0.2,4860,1547350,1531336,0.3,0.00,0.50,0.00,2.02,0.00,0.00,0.00,4.0,95830.0,95347.0,0.0,0.0,0.5,0.0,64.630,0.000,0.0,654714.5
2026-09-01T07:59:21,0.2,4860,1547350,1531335,0.3,0.00,0.49,0.00,1.95,0.00,0.00,0.00,4.0,95830.0,95347.0,0.0,0.0,0.5,0.0,64.618,0.000,0.0,652035.0
2026-09-01T07:59:23,0.2,4861,1547350,1531335,0.3,0.00,0.54,0.00,2.15,0.00,0.00,0.00,4.0,95830.0,95347.0,0.0,0.0,0.5,0.0,64.612,0.000,0.0,652470.0
2026-09-01T07:59:24,0.2,4861,1547350,1531335,0.3,0.00,0.61,0.00,2.43,0.00,0.00,0.00,4.0,95830.0,95347.0,0.0,0.0,0.5,0.0,64.617,0.000,0.0,654861.5
2026-09-01T07:59:26,0.2,4860,1547350,1531336,0.3,0.00,0.64,0.00,2.56,0.00,0.00,0.00,4.0,95830.0,95347.0,0.0,0.0,0.5,0.0,64.595,0.000,0.0,683419.5
2026-09-01T07:59:27,0.2,4861,1547350,1531335,0.3,0.00,0.96,0.00,3.85,0.00,0.00,0.00,4.0,95830.0,95347.0,0.0,0.0,0.5,0.0,64.600,0.000,0.0,669829.5
2026-09-01T07:59:28,0.2,4861,1547350,1531334,0.3,0.00,0.62,0.00,2.46,0.00,0.00,0.00,4.0,95830.0,95347.0,0.0,0.0,0.5,0.0,64.597,0.000,0.0,658350.0
2026-09-01T07:59:30,0.2,4862,1547350,1531334,0.3,0.00,1.29,0.00,14.19,0.00,0.50,0.00,4.0,95830.0,95347.0,0.0,0.0,0.5,0.0,64.612,0.000,0.0,658497.0
2026-09-01T07:59:32,0.2,4861,1547350,1531335,0.3,0.00,0.59,0.00,2.36,0.00,0.00,0.00,4.0,95830.0,95347.0,0.0,0.0,0.5,0.0,64.603,0.000,0.0,656690.0
2026-09-01T07:59:33,0.2,4862,1547350,1531334,0.3,0.00,0.63,0.00,2.51,0.00,0.00,0.00,4.0,95830.0,95347.0,0.0,0.0,0.5,0.0,64.561,0.000,0.0,656690.0
2026-09-01T07:59:34,0.2,4862,1547350,1531334,0.3,0.00,9.43,0.00,50.31,0.00,0.00,0.00,4.0,95830.0,95347.0,0.0,0.0,0.5,0.0,64.575,0.000,0.0,679919.5
2026-09-01T07:59:35,0.2,4862,1547350,1531333,0.3,0.00,0.87,0.00,3.47,0.00,0.00,0.00,4.0,95830.0,95347.0,0.0,0.0,0.5,0.0,64.564,0.000,0.0,686791.5
2026-09-01T07:59:37,0.2,4864,1547350,1531332,0.3,0.00,0.61,0.00,2.44,0.00,0.00,0.06,4.0,95830.0,95347.0,0.0,0.0,0.5,0.0,64.561,0.000,0.0,632997.5
2026-09-01T07:59:39,0.2,4864,1547350,1531332,0.3,0.00,1.01,0.00,4.02,0.00,0.50,0.00,4.0,95830.0,95347.0,0.0,0.0,0.5,0.0,64.561,0.000,0.0,671464.0
2026-09-01T07:59:40,0.2,4865,1547350,1531331,0.3,0.00,0.62,0.00,2.50,0.00,0.00,0.00,4.0,95830.0,95347.0,0.0,0.0,0.5,0.0,64.566,0.000,0.0,658186.5
2026-09-01T07:59:42,0.2,4865,1547350,1531331,0.3,0.00,0.60,0.00,2.41,0.00,0.00,0.00,4.0,95830.0,95347.0,0.0,0.0,0.5,0.0,64.550,0.000,0.0,690526.5
2026-09-01T07:59:43,0.2,4865,1547350,1531331,0.3,0.00,1.19,0.00,4.77,0.00,0.00,0.00,4.0,95830.0,95347.0,0.0,0.0,0.5,0.0,64.559,0.000,0.0,691407.0
2026-09-01T07:59:44,0.2,4866,1547350,1531330,0.3,0.00,1.64,0.00,6.55,0.00,0.00,0.00,4.0,95830.0,95347.0,0.0,0.0,0.5,0.0,64.527,0.000,0.0,695810.0
2026-09-01T07:59:46,0.2,4866,1547350,1531330,0.3,0.00,0.52,0.00,2.06,0.00,0.00,0.00,4.0,95830.0,95347.0,0.0,0.0,0.5,0.0,64.503,0.000,0.0,666334.5
2026-09-01T07:59:48,0.2,4867,1547350,1531329,0.3,0.00,0.61,0.00,2.46,0.00,0.00,0.00,4.0,95830.0,95347.0,0.0,0.0,0.5,0.0,64.523,0.000,0.0,664798.0
2026-09-01T07:59:49,0.2,4867,1547350,1531329,0.3,0.00,1.14,0.00,4.57,0.00,0.00,0.00,4.0,95830.0,95347.0,0.0,0.0,0.5,0.0,64.482,0.000,0.0,664798.0
2026-09-01T07:59:50,0.2,4867,1547350,1531329,0.3,0.00,1.43,0.00,5.71,0.00,0.00,0.00,4.0,95830.0,95347.0,0.0,0.0,0.5,0.0,64.528,0.000,0.0,669635.0
2026-09-01T07:59:53,0.3,4868,1547350,1531328,0.3,0.00,0.32,0.00,1.29,0.00,0.00,0.00,4.0,95830.0,95347.0,0.0,0.0,0.5,0.0,64.505,0.000,0.0,636333.5
2026-09-01T07:59:55,0.2,4868,1547350,1531328,0.3,0.00,0.53,0.00,2.13,0.00,0.00,0.05,4.0,95830.0,95347.0,0.0,0.0,0.5,0.0,64.508,0.000,0.0,647134.5
2026-09-01T07:59:57,0.2,4867,1547350,1531328,0.3,0.00,0.51,0.00,2.03,0.00,0.00,0.00,4.0,95830.0,95347.0,0.0,0.0,0.5,0.0,64.486,0.000,0.0,645966.5
2026-09-01T07:59:59,0.2,4869,1547350,1531327,0.3,0.00,0.48,0.00,1.93,0.00,0.00,0.00,4.0,95830.0,95347.0,0.0,0.0,0.5,0.0,64.484,0.000,0.0,646554.0
2026-09-01T08:00:01,0.3,4883,1547350,1531313,0.3,0.00,3.94,0.00,32.23,0.00,0.12,0.00,4.0,95830.0,95347.0,0.0,0.0,0.5,0.0,64.475,0.000,0.0,641734.0
2026-09-01T08:00:04,0.2,4888,1547350,1531308,0.3,0.00,0.39,0.00,1.56,0.00,0.00,0.00,4.0,95830.0,95347.0,0.0,0.0,0.5,0.0,64.457,0.000,0.0,638212.0
2026-09-01T08:00:05,0.2,4888,1547350,1531307,0.3,0.00,0.58,0.00,2.33,0.00,0.00,0.00,4.0,95830.0,95347.0,0.0,0.0,0.5,0.0,64.500,0.000,0.0,638212.0
2026-09-01T08:00:06,0.2,4889,1547350,1531307,0.3,0.00,1.15,0.00,4.61,0.00,0.00,0.12,4.0,95830.0,95347.0,0.0,0.0,0.5,0.0,64.431,0.000,0.0,738305.5
2026-09-01T08:00:08,0.2,4889,1547350,1531307,0.3,0.00,0.67,0.00,2.67,0.00,0.00,0.00,4.0,95830.0,95347.0,0.0,0.0,0.5,0.0,64.448,0.000,0.0,641516.5
2026-09-01T08:00:10,0.2,4889,1547350,1531307,0.3,0.00,0.44,0.00,1.77,0.00,0.00,0.00,4.0,95830.0,95347.0,0.0,0.0,0.5,0.0,64.472,0.000,0.0,668177.5
2026-09-01T08:00:11,0.2,4887,1547350,1531308,0.3,0.00,1.04,0.00,4.14,0.00,0.00,0.00,4.0,95830.0,95347.0,0.0,0.0,0.5,0.0,64.460,0.000,0.0,673942.0
2026-09-01T08:00:13,0.2,4888,1547350,1531308,0.3,0.00,0.49,0.00,1.97,0.00,0.00,0.00,4.0,95830.0,95347.0,0.0,0.0,0.5,0.0,64.393,0.000,0.0,642513.0
2026-09-01T08:00:15,0.2,4887,1547350,1531309,0.3,0.00,0.44,0.00,1.75,0.00,0.00,0.00,4.0,95830.0,95347.0,0.0,0.0,0.5,0.0,64.436,0.000,0.0,646609.0
2026-09-01T08:00:17,0.2,4887,1547350,1531309,0.3,0.00,0.56,0.00,2.25,0.00,0.00,0.00,4.0,95830.0,95347.0,0.0,0.0,0.5,0.0,64.445,0.000,0.0,662451.5
2026-09-01T08:00:20,0.2,4888,1547350,1531308,0.3,0.00,0.83,0.00,4.98,0.00,0.00,0.00,4.0,95830.0,95347.0,0.0,0.0,0.5,0.0,64.400,0.000,0.0,683765.0
2026-09-01T08:00:20,0.2,4887,1547350,1531308,0.3,0.00,1.29,0.00,5.17,0.00,0.00,0.00,4.0,95830.0,95347.0,0.0,0.0,0.5,0.0,64.386,0.000,0.0,654840.5
2026-09-01T08:00:22,0.2,4887,1547350,1531308,0.3,0.00,0.52,0.00,2.08,0.00,0.00,0.00,4.0,95830.0,95347.0,0.0,0.0,0.5,0.0,64.380,0.000,0.0,683870.5
2026-09-01T08:00:23,0.2,4888,1547350,1531308,0.3,0.00,0.85,0.00,3.40,0.00,0.00,0.09,4.0,95830.0,95347.0,0.0,0.0,0.5,0.0,64.412,0.000,0.0,756346.5
2026-09-01T08:00:25,0.2,4887,1547350,1531309,0.3,0.00,0.71,0.00,2.82,0.00,0.00,0.00,4.0,95830.0,95347.0,0.0,0.0,0.5,0.0,64.343,0.000,0.0,675279.0
2026-09-01T08:00:26,0.2,4887,1547350,1531309,0.3,0.00,1.00,0.00,4.00,0.00,0.00,0.00,4.0,95830.0,95347.0,0.0,0.0,0.5,0.0,64.350,0.000,0.0,675279.0
2026-09-01T08:00:27,0.2,4887,1547350,1531309,0.3,0.00,0.99,0.00,3.97,0.00,1.00,0.00,4.0,95830.0,95347.0,0.0,0.0,0.5,0.0,64.369,0.000,0.0,693116.0
2026-09-01T08:00:28,0.2,4888,1547350,1531308,0.3,0.00,1.00,0.00,4.00,0.00,0.00,0.00,4.0,95830.0,95347.0,0.0,0.0,0.5,0.0,64.357,0.000,0.0,661925.5
2026-09-01T08:00:29,0.2,4889,1547350,1531307,0.3,0.00,0.95,0.00,3.79,0.00,0.00,0.00,4.0,95830.0,95347.0,0.0,0.0,0.5,0.0,64.335,0.000,0.0,661925.5
2026-09-01T08:00:29,0.2,4888,1547350,1531308,0.3,0.00,1.76,0.00,7.03,0.00,0.00,0.00,4.0,95830.0,95347.0,0.0,0.0,0.5,0.0,64.328,0.000,0.0,711332.0
2026-09-01T08:00:31,0.2,4889,1547350,1531307,0.3,0.00,5.08,0.00,26.98,0.00,0.00,0.00,4.0,95830.0,95347.0,0.0,0.0,0.5,0.0,64.310,0.000,0.0,712375.0
2026-09-01T08:00:32,0.2,4889,1547350,1531307,0.3,0.00,1.00,0.00,3.99,0.00,0.00,0.00,4.0,95830.0,95347.0,0.0,0.0,0.5,0.0,64.338,0.000,0.0,659299.5
2026-09-01T08:00:34,0.2,4889,1547350,1531306,0.3,0.00,0.62,0.00,2.48,0.00,0.00,0.00,4.0,95830.0,95347.0,0.0,0.0,0.5,0.0,64.338,0.000,0.0,658310.5
2026-09-01T08:00:35,0.2,4890,1547350,1531306,0.3,0.00,3.73,0.00,14.93,0.00,0.17,0.00,4.0,95830.0,95347.0,0.0,0.0,0.5,0.0,64.324,0.000,0.0,665519.0
2026-09-01T08:00:37,0.2,4890,1547350,1531305,0.3,0.00,0.79,0.00,3.16,0.00,0.00,0.00,4.0,95830.0,95347.0,0.0,0.0,0.5,0.0,64.296,0.000,0.0,657022.0
2026-09-01T08:00:38,0.2,4891,1547350,1531305,0.3,0.00,0.57,0.00,2.27,0.00,0.00,0.06,4.0,95830.0,95347.0,0.0,0.0,0.5,0.0,64.306,0.000,0.0,665885.0
2026-09-01T08:00:40,0.2,4891,1547350,1531305,0.3,0.00,1.61,0.00,6.45,0.00,0.00,0.00,4.0,95830.0,95347.0,0.0,0.0,0.5,0.0,64.319,0.000,0.0,673611.0
2026-09-01T08:00:41,0.2,4891,1547350,1531305,0.3,0.00,0.72,0.00,2.88,0.00,0.00,0.00,4.0,95830.0,95347.0,0.0,0.0,0.5,0.0,64.303,0.000,0.0,685233.0
2026-09-01T08:00:43,0.2,4893,1547350,1531303,0.3,0.00,0.62,0.00,2.49,0.00,0.00,0.00,4.0,95830.0,95347.0,0.0,0.0,0.5,0.0,64.301,0.000,0.0,685796.5
2026-09-01T08:00:44,0.2,4893,1547350,1531303,0.3,0.00,0.71,0.00,2.84,0.00,0.00,0.00,4.0,95830.0,95347.0,0.0,0.0,0.5,0.0,64.310,0.000,0.0,685796.5
2026-09-01T08:00:45,0.2,4893,1547350,1531302,0.3,0.00,1.33,0.00,5.32,0.00,0.00,0.00,4.0,95830.0,95347.0,0.0,0.0,0.5,0.0,64.277,0.000,0.0,717010.5
2026-09-01T08:00:46,0.2,4893,1547350,1531302,0.3,0.00,1.22,0.00,4.88,0.00,0.00,0.00,4.0,95830.0,95347.0,0.0,0.0,0.5,0.0,64.323,0.000,0.0,666153.0
2026-09-01T08:00:48,0.2,4893,1547350,1531302,0.3,0.00,0.81,0.00,3.24,0.00,0.00,0.00,4.0,95830.0,95347.0,0.0,0.0,0.5,0.0,64.298,0.000,0.0,657545.5
2026-09-01T08:00:49,0.2,4893,1547350,1531303,0.3,0.00,0.55,0.00,2.18,0.00,0.00,0.00,4.0,95830.0,95347.0,0.0,0.0,0.5,0.0,64.252,0.000,0.0,651874.5
2026-09-01T08:00:51,0.2,4893,1547350,1531302,0.3,0.00,1.26,0.00,5.03,0.00,0.00,0.00,4.0,95830.0,95347.0,0.0,0.0,0.5,0.0,64.279,0.000,0.0,651874.5
2026-09-01T08:00:52,0.2,4893,1547350,1531303,0.3,0.00,0.99,0.00,3.96,0.00,0.00,0.00,4.0,95830.0,95347.0,0.0,0.0,0.5,0.0,64.278,0.000,0.0,722971.5
2026-09-01T08:00:52,0.3,4893,1547350,1531303,0.3,0.00,2.17,0.00,8.70,0.00,0.00,0.00,4.0,95830.0,95347.0,0.0,0.0,0.5,0.0,64.276,0.000,0.0,722971.5
2026-09-01T08:00:53,0.2,4893,1547350,1531303,0.3,0.00,1.63,0.00,6.54,0.00,1.00,0.00,4.0,95830.0,95347.0,0.0,0.0,0.5,0.0,64.239,0.000,0.0,627190.0
2026-09-01T08:01:00,0.1,4892,1547350,1531304,0.3,0.00,0.15,0.00,0.60,0.00,0.00,0.00,4.0,95830.0,95347.0,0.0,0.0,0.5,0.0,64.240,0.000,0.0,627190.0
2026-09-01T08:01:00,0.2,4893,1547350,1531303,0.3,0.00,6.11,0.00,70.90,0.00,0.00,0.12,4.0,95830.0,95347.0,0.0,0.0,0.5,0.0,64.207,0.000,0.0,691340.0
2026-09-01T08:01:02,0.3,4902,1547350,1531294,0.3,0.00,0.62,0.00,2.50,0.00,0.00,0.00,4.0,95830.0,95347.0,0.0,0.0,0.5,0.0,64.218,0.000,0.0,657581.0
2026-09-01T08:01:04,0.2,4902,1547350,1531294,0.3,0.00,0.50,0.00,1.99,0.00,0.00,0.00,4.0,95830.0,95347.0,0.0,0.0,0.5,0.0,64.221,0.000,0.0,670241.0
2026-09-01T08:01:05,0.2,4902,1547350,1531293,0.3,0.00,0.83,0.00,3.33,0.00,0.00,0.00,4.0,95830.0,95347.0,0.0,0.0,0.5,0.0,64.240,0.000,0.0,670228.0
2026-09-01T08:01:07,0.2,4902,1547350,1531294,0.3,0.00,0.82,0.00,3.27,0.00,0.00,0.00,4.0,95830.0,95347.0,0.0,0.0,0.5,0.0,64.239,0.000,0.0,632196.0
2026-09-01T08:01:09,0.2,4902,1547350,1531294,0.3,0.00,0.49,0.00,1.98,0.00,0.00,0.00,4.0,95830.0,95347.0,0.0,0.0,0.5,0.0,64.250,0.000,0.0,721393.0
2026-09-01T08:01:10,0.2,4902,1547350,1531294,0.3,0.00,0.99,0.00,3.96,0.00,0.00,0.00,4.0,95830.0,95347.0,0.0,0.0,0.5,0.0,64.227,0.000,0.0,646869.0
2026-09-01T08:01:12,0.2,4899,1547350,1531296,0.3,0.00,0.99,0.00,3.97,0.00,0.00,0.00,4.0,95830.0,95347.0,0.0,0.0,0.5,0.0,64.191,0.000,0.0,676585.0
2026-09-01T08:01:14,0.2,4899,1547350,1531297,0.3,0.00,0.46,0.00,1.84,0.00,0.00,0.00,4.0,95830.0,95347.0,0.0,0.0,0.5,0.0,64.188,0.000,0.0,629440.0
2026-09-01T08:01:16,0.2,4898,1547350,1531297,0.3,0.00,0.52,0.00,2.08,0.00,0.00,0.00,4.0,95830.0,95347.0,0.0,0.0,0.5,0.0,64.186,0.000,0.0,692369.5
2026-09-01T08:01:17,0.2,4898,1547350,1531298,0.3,0.00,0.86,0.00,3.44,0.00,0.00,0.00,4.0,95830.0,95347.0,0.0,0.0,0.5,0.0,64.217,0.000,0.0,648313.0
2026-09-01T08:01:19,0.2,4898,1547350,1531297,0.3,0.00,0.50,0.00,2.01,0.00,0.00,0.00,4.0,95830.0,95347.0,0.0,0.0,0.5,0.0,64.200,0.000,0.0,654206.5
2026-09-01T08:01:21,0.2,4899,1547350,1531297,0.3,0.00,0.50,0.00,1.99,0.00,0.00,0.00,4.0,95830.0,95347.0,0.0,0.0,0.5,0.0,64.199,0.000,0.0,660590.5
2026-09-01T08:01:22,0.2,4899,1547350,1531297,0.3,0.00,0.71,0.00,2.86,0.00,0.00,0.00,4.0,95830.0,95347.0,0.0,0.0,0.5,0.0,64.216,0.000,0.0,615961.0
2026-09-01T08:01:29,0.2,4898,1547350,1531297,0.3,0.00,0.29,0.00,1.72,0.00,0.50,0.00,4.0,95830.0,95347.0,0.0,0.0,0.5,0.0,64.226,0.000,0.0,642989.5
2026-09-01T08:01:31,0.2,4899,1547350,1531296,0.3,0.00,6.97,0.00,52.79,0.00,0.07,0.00,4.0,95830.0,95347.0,0.0,0.0,0.5,0.0,64.209,0.000,0.0,657864.0
2026-09-01T08:01:33,0.2,4899,1547350,1531297,0.3,0.00,0.66,0.00,2.65,0.00,0.00,0.00,4.0,95830.0,95347.0,0.0,0.0,0.5,0.0,64.178,0.000,0.0,710694.5
2026-09-01T08:01:34,0.2,4899,1547350,1531297,0.3,0.00,0.59,0.00,2.37,0.00,0.00,0.00,4.0,95830.0,95347.0,0.0,0.0,0.5,0.0,64.200,0.000,0.0,710694.5
2026-09-01T08:01:36,0.2,4899,1547350,1531296,0.3,0.00,0.80,0.00,3.21,0.00,0.00,0.00,4.0,95830.0,95347.0,0.0,0.0,0.5,0.0,64.204,0.000,0.0,674786.0
2026-09-01T08:01:37,0.2,4900,1547350,1531296,0.3,0.00,0.63,0.00,2.50,0.00,0.00,0.06,4.0,95830.0,95347.0,0.0,0.0,0.5,0.0,64.222,0.000,0.0,653827.0
2026-09-01T08:01:39,0.2,4900,1547350,1531295,0.3,0.00,0.65,0.00,2.60,0.00,0.00,0.00,4.0,95830.0,95347.0,0.0,0.0,0.5,0.0,64.160,0.000,0.0,650999.5
2026-09-01T08:01:41,0.2,4900,1547350,1531295,0.3,0.00,0.57,0.00,2.27,0.00,0.00,0.00,4.0,95830.0,95347.0,0.0,0.0,0.5,0.0,64.181,0.000,0.0,729556.0
2026-09-01T08:01:42,0.2,4900,1547350,1531296,0.3,0.00,1.74,0.00,6.96,0.00,0.00,0.00,4.0,95830.0,95347.0,0.0,0.0,0.5,0.0,64.180,0.000,0.0,729556.0
2026-09-01T08:01:43,0.2,4899,1547350,1531296,0.3,0.00,1.77,0.00,7.07,0.00,0.00,0.00,4.0,95830.0,95347.0,0.0,0.0,0.5,0.0,64.185,0.000,0.0,678935.0
2026-09-01T08:01:49,0.2,4901,1547350,1531295,0.3,0.00,0.17,0.00,0.67,0.00,0.00,0.00,4.0,95830.0,95347.0,0.0,0.0,0.5,0.0,64.201,0.000,0.0,620057.0
2026-09-01T08:01:50,0.2,4901,1547350,1531295,0.3,0.00,0.66,0.00,2.65,0.00,0.00,0.00,4.0,95830.0,95347.0,0.0,0.0,0.5,0.0,64.174,0.000,0.0,658185.5
2026-09-01T08:01:52,0.2,4901,1547350,1531295,0.3,0.00,0.61,0.00,2.46,0.00,0.00,0.00,4.0,95830.0,95347.0,0.0,0.0,0.5,0.0,64.177,0.000,0.0,641891.5
2026-09-01T08:01:53,0.2,4901,1547350,1531295,0.3,0.00,0.72,0.00,2.88,0.00,0.00,0.00,4.0,95830.0,95347.0,0.0,0.0,0.5,0.0,64.174,0.000,0.0,690795.0
2026-09-01T08:01:55,0.2,4902,1547350,1531294,0.3,0.00,0.49,0.00,1.97,0.00,1.00,0.00,4.0,95830.0,95347.0,0.0,0.0,0.5,0.0,64.195,0.000,0.0,638995.0
2026-09-01T08:01:57,0.2,4902,1547350,1531293,0.3,0.00,0.50,0.00,1.99,0.00,0.00,0.00,4.0,95830.0,95347.0,0.0,0.0,0.5,0.0,64.189,0.000,0.0,638995.0
2026-09-01T08:01:58,0.2,4902,1547350,1531293,0.3,0.00,1.00,0.00,4.00,0.00,0.00,0.00,4.0,95830.0,95347.0,0.0,0.0,0.5,0.0,64.194,0.000,0.0,718444.0
2026-09-01T08:01:59,0.2,4902,1547350,1531294,0.3,0.00,1.22,0.00,4.87,0.00,0.00,0.00,4.0,95830.0,95347.0,0.0,0.0,0.5,0.0,64.216,0.000,0.0,718444.0
2026-09-01T08:02:00,0.3,4906,1547350,1531290,0.3,0.00,8.49,0.00,60.51,0.00,0.00,0.00,4.0,95830.0,95347.0,0.0,0.0,0.5,0.0,64.154,0.000,0.0,630742.0
2026-09-01T08:02:05,0.2,4907,1547350,1531289,0.3,0.00,0.17,0.00,0.70,0.00,0.00,0.00,4.0,95830.0,95347.0,0.0,0.0,0.5,0.0,64.163,0.000,0.0,662200.0
2026-09-01T08:02:13,0.2,4901,1547350,1531294,0.3,0.00,0.27,0.00,1.09,0.00,0.00,0.00,4.0,95830.0,95347.0,0.0,0.0,0.5,0.0,64.151,0.000,0.0,613777.5
2026-09-01T08:02:15,0.2,4901,1547350,1531295,0.3,0.00,0.53,0.00,2.12,0.00,0.00,0.00,4.0,95830.0,95347.0,0.0,0.0,0.5,0.0,64.188,0.000,0.0,613777.5
2026-09-01T08:02:15,0.2,4901,1547350,1531295,0.3,0.00,1.64,0.00,6.56,0.00,0.00,0.00,4.0,95830.0,95347.0,0.0,0.0,0.5,0.0,64.159,0.000,0.0,668609.5
2026-09-01T08:02:18,0.2,4901,1547350,1531295,0.3,0.00,0.45,0.00,1.80,0.00,0.00,0.00,4.0,95830.0,95347.0,0.0,0.0,0.5,0.0,64.181,0.000,0.0,648918.5
2026-09-01T08:02:19,0.2,4900,1547350,1531296,0.3,0.00,0.63,0.00,2.53,0.00,0.00,0.00,4.0,95830.0,95347.0,0.0,0.0,0.5,0.0,64.159,0.000,0.0,692325.5
2026-09-01T08:02:20,0.2,4901,1547350,1531295,0.3,0.00,1.04,0.00,4.15,0.00,0.00,0.00,4.0,95830.0,95347.0,0.0,0.0,0.5,0.0,64.148,0.000,0.0,652768.5
2026-09-01T08:02:22,0.2,4900,1547350,1531295,0.3,0.00,0.46,0.00,1.84,0.00,0.00,0.00,4.0,95830.0,95347.0,0.0,0.0,0.5,0.0,64.221,0.000,0.0,646201.0
2026-09-01T08:02:24,0.2,4900,1547350,1531296,0.3,0.00,0.52,0.00,2.10,0.00,0.00,0.00,4.0,95830.0,95347.0,0.0,0.0,0.5,0.0,64.157,0.000,0.0,620500.5
2026-09-01T08:02:29,0.2,4899,1547350,1531296,0.3,0.00,0.23,0.00,0.90,0.00,0.00,0.00,4.0,95830.0,95347.0,0.0,0.0,0.5,0.0,64.135,0.000,0.0,676999.5
2026-09-01T08:02:30,0.2,4900,1547350,1531296,0.3,0.00,0.58,0.00,2.31,0.00,0.00,0.00,4.0,95830.0,95347.0,0.0,0.0,0.5,0.0,64.170,0.000,0.0,663788.5
2026-09-01T08:02:32,0.2,4899,1547350,1531296,0.3,0.00,4.32,0.00,43.83,0.00,0.14,0.00,4.0,95830.0,95347.0,0.0,0.0,0.5,0.0,64.178,0.000,0.0,656360.0
2026-09-01T08:02:33,0.2,4899,1547350,1531297,0.3,0.00,5.08,0.00,26.14,0.00,0.14,0.00,4.0,95830.0,95347.0,0.0,0.0,0.5,0.0,64.195,0.000,0.0,657681.0
2026-09-01T08:02:35,0.2,4899,1547350,1531297,0.3,0.00,0.67,0.00,2.69,0.00,0.00,0.00,4.0,95830.0,95347.0,0.0,0.0,0.5,0.0,64.207,0.000,0.0,676997.0
2026-09-01T08:02:36,0.2,4898,1547350,1531298,0.3,0.00,0.84,0.00,3.38,0.00,0.00,0.00,4.0,95830.0,95347.0,0.0,0.0,0.5,0.0,64.219,0.000,0.0,665888.0
2026-09-01T08:02:38,0.2,4899,1547350,1531297,0.3,0.00,0.60,0.00,2.41,0.00,0.00,0.00,4.0,95830.0,95347.0,0.0,0.0,0.5,0.0,64.163,0.000,0.0,658363.0
2026-09-01T08:02:39,0.2,4899,1547350,1531297,0.3,0.00,0.64,0.00,2.56,0.00,0.00,0.00,4.0,95830.0,95347.0,0.0,0.0,0.5,0.0,64.207,0.000,0.0,661420.0
2026-09-01T08:02:41,0.2,4899,1547350,1531297,0.3,0.00,0.69,0.00,2.77,0.00,0.00,0.00,4.0,95830.0,95347.0,0.0,0.0,0.5,0.0,64.203,0.000,0.0,680364.5
2026-09-01T08:02:42,0.2,4899,1547350,1531297,0.3,0.00,0.58,0.00,2.32,0.00,0.00,0.00,4.0,95830.0,95347.0,0.0,0.0,0.5,0.0,64.180,0.000,0.0,655578.5
2026-09-01T08:02:44,0.2,4899,1547350,1531296,0.3,0.00,1.20,0.00,4.81,0.00,0.00,0.00,4.0,95830.0,95347.0,0.0,0.0,0.5,0.0,64.183,0.000,0.0,682645.0
2026-09-01T08:02:46,0.2,4899,1547350,1531297,0.3,0.00,0.60,0.00,2.41,0.00,0.00,0.00,4.0,95830.0,95347.0,0.0,0.0,0.5,0.0,64.202,0.000,0.0,660436.5
2026-09-01T08:02:47,0.2,4900,1547350,1531296,0.3,0.00,0.60,0.00,2.40,0.00,0.00,0.00,4.0,95830.0,95347.0,0.0,0.0,0.5,0.0,64.174,0.000,0.0,651382.0
2026-09-01T08:02:49,0.2,4900,1547350,1531295,0.3,0.00,1.16,0.00,4.66,0.00,0.00,0.00,4.0,95830.0,95347.0,0.0,0.0,0.5,0.0,64.171,0.000,0.0,651382.0
2026-09-01T08:02:50,0.2,4901,1547350,1531295,0.3,0.00,1.57,0.00,6.29,0.00,0.00,0.00,4.0,95830.0,95347.0,0.0,0.0,0.5,0.0,64.239,0.000,0.0,681685.5
2026-09-01T08:02:51,0.2,4901,1547350,1531295,0.3,0.00,0.63,0.00,2.51,0.00,0.00,0.00,4.0,95830.0,95347.0,0.0,0.0,0.5,0.0,64.201,0.000,0.0,681685.5
2026-09-01T08:02:52,0.2,4901,1547350,1531295,0.3,0.00,1.44,0.00,5.76,0.00,0.00,0.00,4.0,95830.0,95347.0,0.0,0.0,0.5,0.0,64.182,0.000,0.0,742985.0
2026-09-01T08:02:52,0.3,4901,1547350,1531295,0.3,0.00,2.00,0.00,7.98,0.00,0.00,0.00,4.0,95830.0,95347.0,0.0,0.0,0.5,0.0,64.169,0.000,0.0,796454.5
2026-09-01T08:02:54,0.2,4901,1547350,1531295,0.3,0.00,0.98,0.00,3.92,0.00,0.00,0.00,4.0,95830.0,95347.0,0.0,0.0,0.5,0.0,64.155,0.000,0.0,666835.0
2026-09-01T08:02:55,0.2,4901,1547350,1531295,0.3,0.00,0.62,0.00,2.49,0.00,0.00,0.00,4.0,95830.0,95347.0,0.0,0.0,0.5,0.0,64.160,0.000,0.0,659515.5
2026-09-01T08:02:57,0.2,4901,1547350,1531295,0.3,0.00,0.61,0.00,2.43,0.00,0.00,0.00,4.0,95830.0,95347.0,0.0,0.0,0.5,0.0,64.195,0.000,0.0,662106.5
2026-09-01T08:02:59,0.2,4902,1547350,1531294,0.3,0.00,0.45,0.00,1.81,0.00,0.00,0.00,4.0,95830.0,95347.0,0.0,0.0,0.5,0.0,64.169,0.000,0.0,647438.5
2026-09-01T08:03:01,0.2,4905,1547350,1531290,0.3,0.00,1.11,0.00,12.44,0.00,0.50,0.00,4.0,95830.0,95347.0,0.0,0.0,0.5,0.0,64.163,0.000,0.0,665170.0
2026-09-01T08:03:02,0.2,4906,1547350,1531289,0.3,0.00,1.39,0.00,3.49,0.00,0.00,0.00,4.0,95830.0,95347.0,0.0,0.0,0.5,0.0,64.208,0.000,0.0,674201.0
2026-09-01T08:03:04,0.2,4907,1547350,1531289,0.3,0.00,1.25,0.00,4.98,0.00,0.00,0.00,4.0,95830.0,95347.0,0.0,0.0,0.5,0.0,64.181,0.000,0.0,664114.5
2026-09-01T08:03:06,0.2,4907,1547350,1531288,0.3,0.00,0.50,0.00,1.98,0.00,0.00,0.00,4.0,95830.0,95347.0,0.0,0.0,0.5,0.0,64.210,0.000,0.0,704018.0
2026-09-01T08:03:07,0.2,4908,1547350,1531288,0.3,0.00,1.01,0.00,4.04,0.00,0.00,0.00,4.0,95830.0,95347.0,0.0,0.0,0.5,0.0,64.201,0.000,0.0,642616.0
2026-09-01T08:03:09,0.2,4908,1547350,1531288,0.3,0.00,0.45,0.00,1.79,0.00,0.00,0.00,4.0,95830.0,95347.0,0.0,0.0,0.5,0.0,64.168,0.000,0.0,707316.0
2026-09-01T08:03:10,0.2,4908,1547350,1531288,0.3,0.00,0.98,0.00,3.91,0.00,0.00,0.00,4.0,95830.0,95347.0,0.0,0.0,0.5,0.0,64.198,0.000,0.0,707316.0
2026-09-01T08:03:11,0.3,4904,1547350,1531291,0.3,0.00,1.30,0.00,5.20,0.00,0.00,0.00,4.0,95830.0,95347.0,0.0,0.0,0.5,0.0,64.192,0.000,0.0,674723.0
2026-09-01T08:03:13,0.2,4906,1547350,1531290,0.3,0.00,0.50,0.00,1.99,0.00,0.00,0.00,4.0,95830.0,95347.0,0.0,0.0,0.5,0.0,64.143,0.000,0.0,646197.5
2026-09-01T08:03:15,0.2,4906,1547350,1531290,0.3,0.00,0.50,0.00,1.99,0.00,0.00,0.00,4.0,95830.0,95347.0,0.0,0.0,0.5,0.0,64.189,0.000,0.0,681533.0
2026-09-01T08:03:16,0.2,4906,1547350,1531290,0.3,0.00,0.98,0.00,3.94,0.00,0.00,0.00,4.0,95830.0,95347.0,0.0,0.0,0.5,0.0,64.221,0.000,0.0,662113.5
2026-09-01T08:03:17,0.2,4905,1547350,1531291,0.3,0.00,0.70,0.00,2.81,0.00,0.00,0.00,4.0,95830.0,95347.0,0.0,0.0,0.5,0.0,64.218,0.000,0.0,651167.0
2026-09-01T08:03:19,0.2,4905,1547350,1531291,0.3,0.00,0.49,0.00,1.96,0.00,0.00,0.00,4.0,95830.0,95347.0,0.0,0.0,0.5,0.0,64.156,0.000,0.0,690571.5
2026-09-01T08:03:21,0.2,4905,1547350,1531291,0.3,0.00,0.84,0.00,3.35,0.00,0.00,0.00,4.0,95830.0,95347.0,0.0,0.0,0.5,0.0,64.142,0.000,0.0,659258.0
2026-09-01T08:03:23,0.2,4905,1547350,1531290,0.3,0.00,0.50,0.00,1.99,0.00,0.00,0.05,4.0,95830.0,95347.0,0.0,0.0,0.5,0.0,64.186,0.000,0.0,668285.5
2026-09-01T08:03:24,0.2,4906,1547350,1531290,0.3,0.00,0.62,0.00,2.49,0.00,0.00,0.00,4.0,95830.0,95347.0,0.0,0.0,0.5,0.0,64.175,0.000,0.0,693176.0
2026-09-01T08:03:25,0.2,4905,1547350,1531290,0.3,0.00,0.82,0.00,3.29,0.00,0.00,0.00,4.0,95830.0,95347.0,0.0,0.0,0.5,0.0,64.182,0.000,0.0,653684.0
2026-09-01T08:03:27,0.2,4905,1547350,1531290,0.3,0.00,0.52,0.00,2.10,0.00,1.00,0.00,4.0,95830.0,95347.0,0.0,0.0,0.5,0.0,64.202,0.000,0.0,653805.5
2026-09-01T08:03:29,0.2,4905,1547350,1531291,0.3,0.00,0.55,0.00,2.22,0.00,0.00,0.00,4.0,95830.0,95347.0,0.0,0.0,0.5,0.0,64.192,0.000,0.0,653805.5
2026-09-01T08:03:30,0.2,4905,1547350,1531291,0.3,0.00,1.78,0.00,7.13,0.00,0.00,0.00,4.0,95830.0,95347.0,0.0,0.0,0.5,0.0,64.193,0.000,0.0,792562.5
2026-09-01T08:03:30,0.2,4904,1547350,1531292,0.3,0.00,1.55,0.00,6.18,0.00,0.00,0.00,4.0,95830.0,95347.0,0.0,0.0,0.5,0.0,64.188,0.000,0.0,725248.0
2026-09-01T08:03:32,0.2,4905,1547350,1531291,0.3,0.00,4.31,0.00,46.46,0.00,0.00,0.00,4.0,95830.0,95347.0,0.0,0.0,0.5,0.0,64.186,0.000,0.0,675746.0
2026-09-01T08:03:33,0.2,4904,1547350,1531291,0.3,0.00,0.95,0.00,3.80,0.00,0.00,0.00,4.0,95830.0,95347.0,0.0,0.0,0.5,0.0,64.180,0.000,0.0,658022.0
2026-09-01T08:03:35,0.2,4904,1547350,1531292,0.3,0.00,4.18,0.00,19.13,0.00,0.14,0.00,4.0,95830.0,95347.0,0.0,0.0,0.5,0.0,64.227,0.000,0.0,661595.5
2026-09-01T08:03:36,0.2,4904,1547350,1531292,0.3,0.00,0.60,0.00,2.39,0.00,0.00,0.00,4.0,95830.0,95347.0,0.0,0.0,0.5,0.0,64.213,0.000,0.0,667268.5
2026-09-01T08:03:38,0.2,4905,1547350,1531291,0.3,0.00,0.60,0.00,2.41,0.00,0.00,0.00,4.0,95830.0,95347.0,0.0,0.0,0.5,0.0,64.192,0.000,0.0,657175.0
2026-09-01T08:03:39,0.2,4905,1547350,1531291,0.3,0.00,0.73,0.00,2.91,0.00,0.00,0.00,4.0,95830.0,95347.0,0.0,0.0,0.5,0.0,64.204,0.000,0.0,728651.0
2026-09-01T08:03:41,0.2,4906,1547350,1531290,0.3,0.00,0.61,0.00,2.44,0.00,0.00,0.00,4.0,95830.0,95347.0,0.0,0.0,0.5,0.0,64.178,0.000,0.0,658030.5
2026-09-01T08:03:43,0.2,4905,1547350,1531290,0.3,0.00,0.64,0.00,2.55,0.00,0.00,0.00,4.0,95830.0,95347.0,0.0,0.0,0.5,0.0,64.194,0.000,0.0,687164.0
2026-09-01T08:03:44,0.2,4906,1547350,1531290,0.3,0.00,0.61,0.00,2.43,0.00,0.00,0.00,4.0,95830.0,95347.0,0.0,0.0,0.5,0.0,64.181,0.000,0.0,687164.0
2026-09-01T08:03:45,0.2,4906,1547350,1531290,0.3,0.00,2.48,0.00,9.90,0.00,0.00,0.12,4.0,95830.0,95347.0,0.0,0.0,0.5,0.0,64.188,0.000,0.0,675817.5
2026-09-01T08:03:47,0.2,4905,1547350,1531291,0.3,0.00,0.57,0.00,2.28,0.00,0.00,0.00,4.0,95830.0,95347.0,0.0,0.0,0.5,0.0,64.159,0.000,0.0,664802.5
2026-09-01T08:03:48,0.2,4904,1547350,1531291,0.3,0.00,0.79,0.00,3.16,0.00,0.00,0.00,4.0,95830.0,95347.0,0.0,0.0,0.5,0.0,64.179,0.000,0.0,658670.5
2026-09-01T08:03:50,0.2,4905,1547350,1531290,0.3,0.00,1.11,0.00,4.42,0.00,0.00,0.00,4.0,95830.0,95347.0,0.0,0.0,0.5,0.0,64.200,0.000,0.0,658502.5
2026-09-01T08:03:51,0.2,4905,1547350,1531291,0.3,0.00,0.62,0.00,2.49,0.00,0.00,0.00,4.0,95830.0,95347.0,0.0,0.0,0.5,0.0,64.223,0.000,0.0,675328.5
2026-09-01T08:03:53,0.2,4906,1547350,1531290,0.3,0.00,0.82,0.00,3.27,0.00,0.00,0.00,4.0,95830.0,95347.0,0.0,0.0,0.5,0.0,64.169,0.000,0.0,669860.5
2026-09-01T08:03:55,0.2,4906,1547350,1531290,0.3,0.00,0.49,0.00,1.96,0.00,0.00,0.00,4.0,95830.0,95347.0,0.0,0.0,0.5,0.0,64.208,0.000,0.0,680582.0
2026-09-01T08:03:57,0.2,4906,1547350,1531290,0.3,0.00,0.50,0.00,2.00,0.00,0.00,0.00,4.0,95830.0,95347.0,0.0,0.0,0.5,0.0,64.171,0.000,0.0,653647.0
2026-09-01T08:03:59,0.2,4906,1547350,1531290,0.3,0.00,0.56,0.00,2.22,0.00,1.00,0.06,4.0,95830.0,95347.0,0.0,0.0,0.5,0.0,64.204,0.000,0.0,647113.5
2026-09-01T08:04:00,0.2,4912,1547350,1531284,0.3,0.00,0.55,0.00,2.21,0.00,0.00,0.00,4.0,95830.0,95347.0,0.0,0.0,0.5,0.0,64.180,0.000,0.0,711978.5
2026-09-01T08:04:02,0.3,4912,1547350,1531283,0.3,0.00,1.61,0.00,17.66,0.00,0.00,0.00,4.0,95830.0,95347.0,0.0,0.0,0.5,0.0,64.246,0.000,0.0,650993.0
2026-09-01T08:04:04,0.2,4912,1547350,1531284,0.3,0.00,0.46,0.00,1.85,0.00,0.00,0.00,4.0,95830.0,95347.0,0.0,0.0,0.5,0.0,64.195,0.000,0.0,692631.0
2026-09-01T08:04:04,0.3,4913,1547350,1531283,0.3,0.00,1.57,0.00,6.28,0.00,0.00,0.16,4.0,95830.0,95347.0,0.0,0.0,0.5,0.0,64.216,0.000,0.0,692631.0
2026-09-01T08:04:05,0.2,4913,1547350,1531283,0.3,0.00,1.00,0.00,4.01,0.00,0.00,0.00,4.0,95830.0,95347.0,0.0,0.0,0.5,0.0,64.207,0.000,0.0,724843.5
2026-09-01T08:04:06,0.2,4912,1547350,1531284,0.3,0.00,2.17,0.00,8.68,0.00,0.00,0.00,4.0,95830.0,95347.0,0.0,0.0,0.5,0.0,64.198,0.000,0.0,654619.0
2026-09-01T08:04:08,0.2,4912,1547350,1531284,0.3,0.00,0.50,0.00,2.02,0.00,0.00,0.00,4.0,95830.0,95347.0,0.0,0.0,0.5,0.0,64.213,0.000,0.0,654619.0
2026-09-01T08:04:08,0.3,4911,1547350,1531285,0.3,0.00,1.69,0.00,6.76,0.00,0.00,0.00,4.0,95830.0,95347.0,0.0,0.0,0.5,0.0,64.159,0.000,0.0,760182.0
2026-09-01T08:04:09,0.2,4911,1547350,1531285,0.3,0.00,2.00,0.00,8.00,0.00,0.00,0.00,4.0,95830.0,95347.0,0.0,0.0,0.5,0.0,64.235,0.000,0.0,648854.5
2026-09-01T08:04:11,0.2,4907,1547350,1531289,0.3,0.00,0.50,0.00,1.98,0.00,0.00,0.00,4.0,95830.0,95347.0,0.0,0.0,0.5,0.0,64.229,0.000,0.0,649759.0
2026-09-01T08:04:13,0.2,4906,1547350,1531289,0.3,0.00,0.50,0.00,2.00,0.00,0.00,0.00,4.0,95830.0,95347.0,0.0,0.0,0.5,0.0,64.195,0.000,0.0,631935.0
2026-09-01T08:04:15,0.2,4906,1547350,1531289,0.3,0.00,0.50,0.00,1.99,0.00,0.00,0.00,4.0,95830.0,95347.0,0.0,0.0,0.5,0.0,64.209,0.000,0.0,715545.0
2026-09-01T08:04:16,0.2,4907,1547350,1531289,0.3,0.00,1.25,0.00,5.00,0.00,0.00,0.12,4.0,95830.0,95347.0,0.0,0.0,0.5,0.0,64.221,0.000,0.0,651956.0
2026-09-01T08:04:18,0.2,4907,1547350,1531289,0.3,0.00,0.50,0.00,2.00,0.00,0.00,0.00,4.0,95830.0,95347.0,0.0,0.0,0.5,0.0,64.192,0.000,0.0,675756.5
2026-09-01T08:04:20,0.2,4906,1547350,1531289,0.3,0.00,0.76,0.00,3.04,0.00,0.00,0.00,4.0,95830.0,95347.0,0.0,0.0,0.5,0.0,64.188,0.000,0.0,646314.0
2026-09-01T08:04:21,0.2,4907,1547350,1531289,0.3,0.00,0.52,0.00,2.07,0.00,0.00,0.00,4.0,95830.0,95347.0,0.0,0.0,0.5,0.0,64.207,0.000,0.0,646314.0
2026-09-01T08:04:22,0.3,4906,1547350,1531290,0.3,0.00,2.09,0.00,8.35,0.00,0.00,0.00,4.0,95830.0,95347.0,0.0,0.0,0.5,0.0,64.200,0.000,0.0,671319.0
2026-09-01T08:04:24,0.2,4906,1547350,1531290,0.3,0.00,0.50,0.00,2.00,0.00,1.00,0.00,4.0,95830.0,95347.0,0.0,0.0,0.5,0.0,64.184,0.000,0.0,641691.5
2026-09-01T08:04:26,0.2,4905,1547350,1531291,0.3,0.00,0.43,0.00,1.71,0.00,0.00,0.00,4.0,95830.0,95347.0,0.0,0.0,0.5,0.0,64.178,0.000,0.0,731515.0
2026-09-01T08:04:28,0.2,4905,1547350,1531291,0.3,0.00,0.59,0.00,2.37,0.00,0.00,0.06,4.0,95830.0,95347.0,0.0,0.0,0.5,0.0,64.184,0.000,0.0,731515.0
2026-09-01T08:04:29,0.2,4906,1547350,1531290,0.3,0.00,1.02,0.00,4.07,0.00,0.00,0.00,4.0,95830.0,95347.0,0.0,0.0,0.5,0.0,64.235,0.000,0.0,704137.0
2026-09-01T08:04:30,0.2,4905,1547350,1531290,0.3,0.00,1.08,0.00,4.31,0.00,0.00,0.00,4.0,95830.0,95347.0,0.0,0.0,0.5,0.0,64.210,0.000,0.0,663221.5
2026-09-01T08:04:31,0.2,4905,1547350,1531291,0.3,0.00,2.17,0.00,8.70,0.00,0.00,0.00,4.0,95830.0,95347.0,0.0,0.0,0.5,0.0,64.231,0.000,0.0,670426.0
2026-09-01T08:04:32,0.2,4907,1547350,1531289,0.3,0.00,4.19,0.00,46.98,0.00,0.00,0.08,4.0,95830.0,95347.0,0.0,0.0,0.5,0.0,64.237,0.000,0.0,669467.0
2026-09-01T08:04:34,0.2,4908,1547350,1531288,0.3,0.00,0.65,0.00,2.62,0.00,0.00,0.00,4.0,95830.0,95347.0,0.0,0.0,0.5,0.0,64.215,0.000,0.0,716347.0
2026-09-01T08:04:35,0.2,4907,1547350,1531288,0.3,0.00,0.95,0.00,3.82,0.00,0.00,0.00,4.0,95830.0,95347.0,0.0,0.0,0.5,0.0,64.180,0.000,0.0,716347.0
2026-09-01T08:04:36,0.2,4908,1547350,1531288,0.3,0.00,6.17,0.00,37.04,0.00,0.25,0.00,4.0,95830.0,95347.0,0.0,0.0,0.5,0.0,64.216,0.000,0.0,694693.5
2026-09-01T08:04:37,0.2,4908,1547350,1531288,0.3,0.00,0.61,0.00,2.44,0.00,0.00,0.00,4.0,95830.0,95347.0,0.0,0.0,0.5,0.0,64.169,0.000,0.0,694693.5
2026-09-01T08:04:38,0.3,4907,1547350,1531289,0.3,0.00,2.39,0.00,9.55,0.00,0.00,0.00,4.0,95830.0,95347.0,0.0,0.0,0.5,0.0,64.194,0.000,0.0,692472.5
2026-09-01T08:04:39,0.2,4906,1547350,1531289,0.3,0.00,0.63,0.00,2.53,0.00,0.00,0.00,4.0,95830.0,95347.0,0.0,0.0,0.5,0.0,64.219,0.000,0.0,692472.5
2026-09-01T08:04:40,0.2,4907,1547350,1531289,0.3,0.00,1.55,0.00,6.20,0.00,0.00,0.00,4.0,95830.0,95347.0,0.0,0.0,0.5,0.0,64.184,0.000,0.0,697137.5
2026-09-01T08:04:41,0.2,4906,1547350,1531290,0.3,0.00,2.20,0.00,11.75,0.00,0.00,0.00,4.0,95830.0,95347.0,0.0,0.0,0.5,0.0,64.213,0.000,0.0,689261.0
2026-09-01T08:04:42,0.2,4906,1547350,1531290,0.3,0.00,1.25,0.00,4.98,0.00,0.00,0.00,4.0,95830.0,95347.0,0.0,0.0,0.5,0.0,64.200,0.000,0.0,739758.5
2026-09-01T08:04:44,0.2,4907,1547350,1531288,0.3,0.00,0.62,0.00,2.50,0.00,0.00,0.00,4.0,95830.0,95347.0,0.0,0.0,0.5,0.0,64.228,0.000,0.0,739758.5
2026-09-01T08:04:45,0.2,4907,1547350,1531289,0.3,0.00,0.82,0.00,3.29,0.00,0.00,0.00,4.0,95830.0,95347.0,0.0,0.0,0.5,0.0,64.267,0.000,0.0,665952.5
2026-09-01T08:04:47,0.2,4906,1547350,1531290,0.3,0.00,0.62,0.00,2.50,0.00,0.00,0.00,4.0,95830.0,95347.0,0.0,0.0,0.5,0.0,64.209,0.000,0.0,773678.5
2026-09-01T08:04:48,0.2,4906,1547350,1531290,0.3,0.00,0.63,0.00,2.50,0.00,0.00,0.00,4.0,95830.0,95347.0,0.0,0.0,0.5,0.0,64.228,0.000,0.0,654050.5
2026-09-01T08:04:50,0.2,4906,1547350,1531290,0.3,0.00,0.53,0.00,2.14,0.00,0.00,0.00,4.0,95830.0,95347.0,0.0,0.0,0.5,0.0,64.224,0.000,0.0,647103.0
2026-09-01T08:04:52,0.2,4906,1547350,1531290,0.3,0.00,1.14,0.00,6.85,0.00,0.00,0.00,4.0,95830.0,95347.0,0.0,0.0,0.5,0.0,64.238,0.000,0.0,661577.0
2026-09-01T08:04:53,0.2,4906,1547350,1531290,0.3,0.00,0.61,0.00,2.44,0.00,0.00,0.00,4.0,95830.0,95347.0,0.0,0.0,0.5,0.0,64.215,0.000,0.0,688581.5
2026-09-01T08:04:54,0.2,4905,1547350,1531291,0.3,0.00,1.00,0.00,4.00,0.00,0.00,0.00,4.0,95830.0,95347.0,0.0,0.0,0.5,0.0,64.246,0.000,0.0,659910.0
2026-09-01T08:04:56,0.2,4906,1547350,1531290,0.3,0.00,0.56,0.00,2.25,0.00,0.00,0.00,4.0,95830.0,95347.0,0.0,0.0,0.5,0.0,64.208,0.000,0.0,692137.5
2026-09-01T08:04:57,0.2,4905,1547350,1531291,0.3,0.00,0.81,0.00,3.22,0.00,1.00,0.00,4.0,95830.0,95347.0,0.0,0.0,0.5,0.0,64.246,0.000,0.0,645448.0
2026-09-01T08:04:59,0.2,4905,1547350,1531291,0.3,0.00,0.55,0.00,2.20,0.00,0.00,0.00,4.0,95830.0,95347.0,0.0,0.0,0.5,0.0,64.243,0.000,0.0,665926.0
2026-09-01T08:05:01,0.3,4910,1547350,1531286,0.3,0.00,0.61,0.00,2.45,0.00,0.00,0.00,4.0,95830.0,95347.0,0.0,0.0,0.5,0.0,64.259,0.000,0.0,665926.0
2026-09-01T08:05:02,0.2,4910,1547350,1531285,0.3,0.00,2.48,0.00,35.27,0.00,0.00,0.00,4.0,95830.0,95347.0,0.0,0.0,0.5,0.0,64.246,0.000,0.0,657039.5
2026-09-01T08:05:04,0.2,4910,1547350,1531285,0.3,0.00,0.55,0.00,2.21,0.00,0.00,0.00,4.0,95830.0,95347.0,0.0,0.0,0.5,0.0,64.237,0.000,0.0,663064.0
2026-09-01T08:05:06,0.2,4911,1547350,1531285,0.3,0.00,0.50,0.00,2.01,0.00,0.00,0.00,4.0,95830.0,95347.0,0.0,0.0,0.5,0.0,64.276,0.000,0.0,644257.0
2026-09-01T08:05:08,0.2,4911,1547350,1531285,0.3,0.00,0.50,0.00,1.99,0.00,0.00,0.00,4.0,95830.0,95347.0,0.0,0.0,0.5,0.0,64.204,0.000,0.0,690903.5
2026-09-01T08:05:08,0.2,4911,1547350,1531285,0.3,0.00,1.48,0.00,5.91,0.00,0.00,0.00,4.0,95830.0,95347.0,0.0,0.0,0.5,0.0,64.218,0.000,0.0,651901.0
2026-09-01T08:05:10,0.2,4910,1547350,1531285,0.3,0.00,0.50,0.00,2.01,0.00,0.00,0.00,4.0,95830.0,95347.0,0.0,0.0,0.5,0.0,64.246,0.000,0.0,651901.0
2026-09-01T08:05:11,0.3,4907,1547350,1531289,0.3,0.00,1.67,0.00,6.67,0.00,0.00,0.00,4.0,95830.0,95347.0,0.0,0.0,0.5,0.0,64.276,0.000,0.0,723236.5
2026-09-01T08:05:12,0.2,4908,1547350,1531288,0.3,0.00,1.64,0.00,6.55,0.00,0.00,0.00,4.0,95830.0,95347.0,0.0,0.0,0.5,0.0,64.222,0.000,0.0,663090.5
2026-09-01T08:05:14,0.2,4907,1547350,1531288,0.3,0.00,0.56,0.00,2.25,0.00,0.00,0.00,4.0,95830.0,95347.0,0.0,0.0,0.5,0.0,64.275,0.000,0.0,646293.0
2026-09-01T08:05:16,0.2,4907,1547350,1531288,0.3,0.00,0.48,0.00,1.91,0.00,0.00,0.00,4.0,95830.0,95347.0,0.0,0.0,0.5,0.0,64.263,0.000,0.0,646274.5
2026-09-01T08:05:18,0.2,4907,1547350,1531289,0.3,0.00,0.52,0.00,2.09,0.00,0.00,0.00,4.0,95830.0,95347.0,0.0,0.0,0.5,0.0,64.243,0.000,0.0,661796.5
2026-09-01T08:05:19,0.2,4907,1547350,1531289,0.3,0.00,0.80,0.00,3.20,0.00,0.00,0.00,4.0,95830.0,95347.0,0.0,0.0,0.5,0.0,64.246,0.000,0.0,661796.5
2026-09-01T08:05:20,0.2,4906,1547350,1531289,0.3,0.00,1.82,0.00,7.27,0.00,0.00,0.00,4.0,95830.0,95347.0,0.0,0.0,0.5,0.0,64.230,0.000,0.0,730736.5
2026-09-01T08:05:21,0.2,4907,1547350,1531289,0.3,0.00,0.69,0.00,2.77,0.00,0.00,0.07,4.0,95830.0,95347.0,0.0,0.0,0.5,0.0,64.237,0.000,0.0,640473.5
2026-09-01T08:05:23,0.2,4907,1547350,1531288,0.3,0.00,0.49,0.00,1.96,0.00,0.00,0.00,4.0,95830.0,95347.0,0.0,0.0,0.5,0.0,64.260,0.000,0.0,663526.5
2026-09-01T08:05:25,0.2,4907,1547350,1531289,0.3,0.00,0.63,0.00,2.54,0.00,1.00,0.00,4.0,95830.0,95347.0,0.0,0.0,0.5,0.0,64.181,0.000,0.0,641329.5
2026-09-01T08:05:27,0.2,4908,1547350,1531288,0.3,0.00,0.45,0.00,1.80,0.00,0.00,0.00,4.0,95830.0,95347.0,0.0,0.0,0.5,0.0,64.274,0.000,0.0,654245.0
2026-09-01T08:05:29,0.2,4907,1547350,1531289,0.3,0.00,0.56,0.00,2.26,0.00,0.00,0.00,4.0,95830.0,95347.0,0.0,0.0,0.5,0.0,64.213,0.000,0.0,648413.5
2026-09-01T08:05:30,0.2,4907,1547350,1531289,0.3,0.00,0.60,0.00,2.40,0.00,0.00,0.00,4.0,95830.0,95347.0,0.0,0.0,0.5,0.0,64.288,0.000,0.0,649671.0
2026-09-01T08:05:32,0.2,4907,1547350,1531289,0.3,0.00,9.17,0.00,39.40,0.00,0.06,0.00,4.0,95830.0,95347.0,0.0,0.0,0.5,0.0,64.261,0.000,0.0,661740.5
2026-09-01T08:05:34,0.2,4907,1547350,1531289,0.3,0.00,0.60,0.00,2.39,0.00,0.00,0.00,4.0,95830.0,95347.0,0.0,0.0,0.5,0.0,64.228,0.000,0.0,654690.0
2026-09-01T08:05:35,0.2,4907,1547350,1531289,0.3,0.00,0.65,0.00,2.60,0.00,0.00,0.00,4.0,95830.0,95347.0,0.0,0.0,0.5,0.0,64.253,0.000,0.0,655413.0
2026-09-01T08:05:37,0.2,4907,1547350,1531289,0.3,0.00,0.61,0.00,2.43,0.00,0.00,0.00,4.0,95830.0,95347.0,0.0,0.0,0.5,0.0,64.233,0.000,0.0,704240.5
2026-09-01T08:05:39,0.2,4907,1547350,1531288,0.3,0.00,0.61,0.00,2.43,0.00,0.00,0.00,4.0,95830.0,95347.0,0.0,0.0,0.5,0.0,64.271,0.000,0.0,676361.0
2026-09-01T08:05:40,0.2,4907,1547350,1531288,0.3,0.00,1.00,0.00,3.98,0.00,0.00,0.00,4.0,95830.0,95347.0,0.0,0.0,0.5,0.0,64.261,0.000,0.0,703499.0
2026-09-01T08:05:41,0.2,4908,1547350,1531288,0.3,0.00,0.58,0.00,2.31,0.00,0.00,0.00,4.0,95830.0,95347.0,0.0,0.0,0.5,0.0,64.260,0.000,0.0,662981.5
2026-09-01T08:05:43,0.2,4909,1547350,1531287,0.3,0.00,1.81,0.00,9.64,0.00,0.00,0.00,4.0,95830.0,95347.0,0.0,0.0,0.5,0.0,64.281,0.000,0.0,658183.5
2026-09-01T08:05:45,0.2,4907,1547350,1531289,0.3,0.00,0.61,0.00,2.42,0.00,0.00,0.00,4.0,95830.0,95347.0,0.0,0.0,0.5,0.0,64.265,0.000,0.0,657822.0
2026-09-01T08:05:46,0.2,4907,1547350,1531289,0.3,0.00,0.62,0.00,2.46,0.00,0.00,0.00,4.0,95830.0,95347.0,0.0,0.0,0.5,0.0,64.242,0.000,0.0,665419.5
2026-09-01T08:05:48,0.2,4908,1547350,1531288,0.3,0.00,0.57,0.00,2.28,0.00,0.00,0.00,4.0,95830.0,95347.0,0.0,0.0,0.5,0.0,64.255,0.000,0.0,656473.0
2026-09-01T08:05:50,0.2,4908,1547350,1531288,0.3,0.00,0.60,0.00,2.42,0.00,0.00,0.00,4.0,95830.0,95347.0,0.0,0.0,0.5,0.0,64.291,0.000,0.0,691866.0
2026-09-01T08:05:51,0.2,4907,1547350,1531289,0.3,0.00,1.23,0.00,4.90,0.00,0.00,0.00,4.0,95830.0,95347.0,0.0,0.0,0.5,0.0,64.271,0.000,0.0,656107.0
2026-09-01T08:05:52,0.2,4906,1547350,1531289,0.3,0.00,1.04,0.00,4.18,0.00,0.00,0.00,4.0,95830.0,95347.0,0.0,0.0,0.5,0.0,64.258,0.000,0.0,651754.0
2026-09-01T08:05:54,0.2,4906,1547350,1531290,0.3,0.00,0.59,0.00,2.34,0.00,1.00,0.00,4.0,95830.0,95347.0,0.0,0.0,0.5,0.0,64.275,0.000,0.0,651268.5
2026-09-01T08:05:56,0.2,4906,1547350,1531289,0.3,0.00,0.56,0.00,2.22,0.00,0.00,0.00,4.0,95830.0,95347.0,0.0,0.0,0.5,0.0,64.282,0.000,0.0,652468.5
2026-09-01T08:05:58,0.2,4907,1547350,1531289,0.3,0.00,0.49,0.00,1.97,0.00,0.00,0.00,4.0,95830.0,95347.0,0.0,0.0,0.5,0.0,64.309,0.000,0.0,660796.0
2026-09-01T08:06:00,0.2,4907,1547350,1531288,0.3,0.00,0.63,0.00,2.53,0.00,0.00,0.00,4.0,95830.0,95347.0,0.0,0.0,0.5,0.0,64.303,0.000,0.0,656643.0
2026-09-01T08:06:01,0.2,4914,1547350,1531282,0.3,0.00,0.54,0.00,2.17,0.00,0.00,0.00,4.0,95830.0,95347.0,0.0,0.0,0.5,0.0,64.311,0.000,0.0,646474.0
2026-09-01T08:06:03,0.2,4913,1547350,1531283,0.3,0.00,1.08,0.00,11.91,0.00,0.00,0.00,4.0,95830.0,95347.0,0.0,0.0,0.5,0.0,64.273,0.000,0.0,670835.0
2026-09-01T08:06:05,0.2,4913,1547350,1531283,0.3,0.00,0.64,0.00,2.58,0.00,0.00,0.00,4.0,95830.0,95347.0,0.0,0.0,0.5,0.0,64.251,0.000,0.0,711957.5
2026-09-01T08:06:06,0.2,4913,1547350,1531283,0.3,0.00,0.81,0.00,3.23,0.00,0.00,0.00,4.0,95830.0,95347.0,0.0,0.0,0.5,0.0,64.261,0.000,0.0,656512.0
2026-09-01T08:06:08,0.2,4913,1547350,1531283,0.3,0.00,0.50,0.00,2.00,0.00,0.00,0.00,4.0,95830.0,95347.0,0.0,0.0,0.5,0.0,64.281,0.000,0.0,649021.5
2026-09-01T08:06:10,0.2,4913,1547350,1531282,0.3,0.00,0.50,0.00,1.99,0.00,0.00,0.05,4.0,95830.0,95347.0,0.0,0.0,0.5,0.0,64.276,0.000,0.0,664081.5
2026-09-01T08:06:11,0.2,4911,1547350,1531285,0.3,0.00,0.71,0.00,2.86,0.00,0.00,0.00,4.0,95830.0,95347.0,0.0,0.0,0.5,0.0,64.253,0.000,0.0,668297.5
2026-09-01T08:06:13,0.2,4910,1547350,1531286,0.3,0.00,0.70,0.00,2.81,0.00,0.00,0.00,4.0,95830.0,95347.0,0.0,0.0,0.5,0.0,64.254,0.000,0.0,626250.0
2026-09-01T08:06:16,0.1,4910,1547350,1531286,0.3,0.00,0.31,0.00,1.24,0.00,0.00,0.00,4.0,95830.0,95347.0,0.0,0.0,0.5,0.0,64.288,0.000,0.0,661462.0
2026-09-01T08:06:18,0.2,4910,1547350,1531286,0.3,0.00,1.00,0.00,3.98,0.00,0.00,0.00,4.0,95830.0,95347.0,0.0,0.0,0.5,0.0,64.273,0.000,0.0,654928.5
2026-09-01T08:06:20,0.2,4909,1547350,1531287,0.3,0.00,0.50,0.00,1.99,0.00,0.00,0.00,4.0,95830.0,95347.0,0.0,0.0,0.5,0.0,64.260,0.000,0.0,648161.5
2026-09-01T08:06:22,0.2,4910,1547350,1531286,0.3,0.00,0.49,0.00,1.97,0.00,0.00,0.00,4.0,95830.0,95347.0,0.0,0.0,0.5,0.0,64.288,0.000,0.0,669992.0
2026-09-01T08:06:23,0.2,4910,1547350,1531286,0.3,0.00,0.88,0.00,3.53,0.00,0.00,0.00,4.0,95830.0,95347.0,0.0,0.0,0.5,0.0,64.268,0.000,0.0,647376.0
2026-09-01T08:06:25,0.2,4910,1547350,1531286,0.3,0.00,0.48,0.00,1.91,0.00,0.00,0.00,4.0,95830.0,95347.0,0.0,0.0,0.5,0.0,64.292,0.000,0.0,675816.5
2026-09-01T08:06:27,0.2,4910,1547350,1531286,0.3,0.00,0.81,0.00,3.22,0.00,0.00,0.00,4.0,95830.0,95347.0,0.0,0.0,0.5,0.0,64.285,0.000,0.0,650980.5
2026-09-01T08:06:28,0.2,4911,1547350,1531285,0.3,0.00,0.56,0.00,2.23,0.00,1.00,0.00,4.0,95830.0,95347.0,0.0,0.0,0.5,0.0,64.288,0.000,0.0,651397.5
2026-09-01T08:06:30,0.2,4910,1547350,1531285,0.3,0.00,0.49,0.00,1.98,0.00,0.00,0.00,4.0,95830.0,95347.0,0.0,0.0,0.5,0.0,64.293,0.000,0.0,675380.5
2026-09-01T08:06:32,0.2,4909,1547350,1531287,0.3,0.00,0.83,0.00,3.33,0.00,0.00,0.00,4.0,95830.0,95347.0,0.0,0.0,0.5,0.0,64.282,0.000,0.0,678127.0
2026-09-01T08:06:33,0.2,4909,1547350,1531287,0.3,0.00,0.76,0.00,3.06,0.00,0.00,0.00,4.0,95830.0,95347.0,0.0,0.0,0.5,0.0,64.308,0.000,0.0,678127.0
2026-09-01T08:06:33,0.2,4909,1547350,1531287,0.3,0.00,27.09,0.00,233.99,0.00,0.00,0.00,4.0,95830.0,95347.0,0.0,0.0,0.5,0.0,64.249,0.000,0.0,708407.5
2026-09-01T08:06:35,0.2,4909,1547350,1531287,0.3,0.00,0.62,0.00,2.50,0.00,0.00,0.00,4.0,95830.0,95347.0,0.0,0.0,0.5,0.0,64.236,0.000,0.0,660802.0
2026-09-01T08:06:37,0.2,4910,1547350,1531286,0.3,0.00,0.64,0.00,2.55,0.00,1.00,0.00,4.0,95830.0,95347.0,0.0,0.0,0.5,0.0,64.256,0.000,0.0,650277.5
2026-09-01T08:06:38,0.2,4909,1547350,1531286,0.3,0.00,0.55,0.00,2.21,0.00,0.00,0.00,4.0,95830.0,95347.0,0.0,0.0,0.5,0.0,64.240,0.000,0.0,685492.0
2026-09-01T08:06:40,0.2,4909,1547350,1531286,0.3,0.00,0.60,0.00,2.41,0.00,0.00,0.00,4.0,95830.0,95347.0,0.0,0.0,0.5,0.0,64.251,0.000,0.0,685467.0
2026-09-01T08:06:41,0.2,4908,1547350,1531288,0.3,0.00,0.98,0.00,3.94,0.00,0.00,0.00,4.0,95830.0,95347.0,0.0,0.0,0.5,0.0,64.258,0.000,0.0,664400.0
2026-09-01T08:06:43,0.2,4908,1547350,1531288,0.3,0.00,0.63,0.00,2.51,0.00,0.00,0.00,4.0,95830.0,95347.0,0.0,0.0,0.5,0.0,64.223,0.000,0.0,741935.5
2026-09-01T08:06:43,0.2,4908,1547350,1531288,0.3,0.00,2.51,0.00,10.04,0.00,0.00,0.00,4.0,95830.0,95347.0,0.0,0.0,0.5,0.0,64.260,0.000,0.0,667232.5
2026-09-01T08:06:45,0.2,4907,1547350,1531288,0.3,0.00,0.62,0.00,2.48,0.00,0.00,0.00,4.0,95830.0,95347.0,0.0,0.0,0.5,0.0,64.237,0.000,0.0,658656.0
2026-09-01T08:06:47,0.2,4907,1547350,1531289,0.3,0.00,0.63,0.00,2.51,0.00,0.00,0.00,4.0,95830.0,95347.0,0.0,0.0,0.5,0.0,64.275,0.000,0.0,674123.0
2026-09-01T08:06:48,0.2,4908,1547350,1531288,0.3,0.00,0.70,0.00,2.79,0.00,0.00,0.00,4.0,95830.0,95347.0,0.0,0.0,0.5,0.0,64.225,0.000,0.0,651741.0
2026-09-01T08:06:50,0.2,4908,1547350,1531288,0.3,0.00,1.27,0.00,7.63,0.00,0.00,0.00,4.0,95830.0,95347.0,0.0,0.0,0.5,0.0,64.272,0.000,0.0,653355.0
2026-09-01T08:06:51,0.2,4908,1547350,1531288,0.3,0.00,0.95,0.00,3.81,0.00,0.00,0.00,4.0,95830.0,95347.0,0.0,0.0,0.5,0.0,64.221,0.000,0.0,653355.0
2026-09-01T08:06:51,0.2,4908,1547350,1531288,0.3,0.00,1.55,0.00,6.19,0.00,0.00,0.00,4.0,95830.0,95347.0,0.0,0.0,0.5,0.0,64.248,0.000,0.0,790549.5
2026-09-01T08:06:52,0.2,4907,1547350,1531288,0.3,0.00,1.31,0.00,5.22,0.00,0.00,0.00,4.0,95830.0,95347.0,0.0,0.0,0.5,0.0,64.249,0.000,0.0,647492.5
2026-09-01T08:06:54,0.2,4908,1547350,1531288,0.3,0.00,0.99,0.00,3.98,0.00,0.00,0.00,4.0,95830.0,95347.0,0.0,0.0,0.5,0.0,64.224,0.000,0.0,647492.5
2026-09-01T08:06:55,0.2,4908,1547350,1531287,0.3,0.00,1.00,0.00,4.02,0.00,0.00,0.00,4.0,95830.0,95347.0,0.0,0.0,0.5,0.0,64.219,0.000,0.0,674507.5
2026-09-01T08:06:57,0.2,4908,1547350,1531288,0.3,0.00,0.62,0.00,2.49,0.00,0.00,0.00,4.0,95830.0,95347.0,0.0,0.0,0.5,0.0,64.239,0.000,0.0,651564.0
2026-09-01T08:06:59,0.2,4908,1547350,1531288,0.3,0.00,0.55,0.00,2.21,0.00,0.00,0.00,4.0,95830.0,95347.0,0.0,0.0,0.5,0.0,64.183,0.000,0.0,657522.0
2026-09-01T08:07:00,0.2,4907,1547350,1531289,0.3,0.00,0.71,0.00,2.84,0.00,1.00,0.00,4.0,95830.0,95347.0,0.0,0.0,0.5,0.0,64.207,0.000,0.0,657522.0
2026-09-01T08:07:01,0.3,4909,1547350,1531286,0.3,0.00,1.18,0.00,4.71,0.00,0.00,0.12,4.0,95830.0,95347.0,0.0,0.0,0.5,0.0,64.190,0.000,0.0,701599.0
2026-09-01T08:07:02,0.2,4911,1547350,1531284,0.3,0.00,0.73,0.00,2.93,0.00,0.00,0.00,4.0,95830.0,95347.0,0.0,0.0,0.5,0.0,64.200,0.000,0.0,674356.0
2026-09-01T08:07:03,0.2,4910,1547350,1531285,0.3,0.00,1.63,0.00,18.78,0.00,0.00,0.00,4.0,95830.0,95347.0,0.0,0.0,0.5,0.0,64.183,0.000,0.0,647521.5
2026-09-01T08:07:05,0.2,4911,1547350,1531284,0.3,0.00,0.50,0.00,1.98,0.00,0.00,0.00,4.0,95830.0,95347.0,0.0,0.0,0.5,0.0,64.156,0.000,0.0,646497.5
2026-09-01T08:07:07,0.2,4911,1547350,1531284,0.3,0.00,0.50,0.00,1.98,0.00,0.00,0.00,4.0,95830.0,95347.0,0.0,0.0,0.5,0.0,64.193,0.000,0.0,646256.0
2026-09-01T08:07:09,0.2,4911,1547350,1531284,0.3,0.00,0.56,0.00,2.22,0.00,0.00,0.00,4.0,95830.0,95347.0,0.0,0.0,0.5,0.0,64.233,0.000,0.0,646256.0
2026-09-01T08:07:10,0.2,4910,1547350,1531286,0.3,0.00,0.81,0.00,3.26,0.00,0.00,0.00,4.0,95830.0,95347.0,0.0,0.0,0.5,0.0,64.139,0.000,0.0,666369.5
2026-09-01T08:07:12,0.2,4908,1547350,1531288,0.3,0.00,0.50,0.00,2.01,0.00,0.00,0.00,4.0,95830.0,95347.0,0.0,0.0,0.5,0.0,64.177,0.000,0.0,678520.0
2026-09-01T08:07:14,0.2,4908,1547350,1531288,0.3,0.00,0.75,0.00,2.98,0.00,0.00,0.00,4.0,95830.0,95347.0,0.0,0.0,0.5,0.0,64.156,0.000,0.0,648265.0
2026-09-01T08:07:16,0.2,4907,1547350,1531289,0.3,0.00,0.52,0.00,2.10,0.00,0.00,0.00,4.0,95830.0,95347.0,0.0,0.0,0.5,0.0,64.132,0.000,0.0,638302.5
2026-09-01T08:07:18,0.2,4908,1547350,1531288,0.3,0.00,0.49,0.00,1.97,0.00,0.00,0.00,4.0,95830.0,95347.0,0.0,0.0,0.5,0.0,64.139,0.000,0.0,648243.0
2026-09-01T08:07:20,0.2,4908,1547350,1531288,0.3,0.00,0.90,0.00,3.62,0.00,0.00,0.00,4.0,95830.0,95347.0,0.0,0.0,0.5,0.0,64.145,0.000,0.0,645986.5
2026-09-01T08:07:22,0.2,4907,1547350,1531289,0.3,0.00,0.49,0.00,1.98,0.00,0.00,0.00,4.0,95830.0,95347.0,0.0,0.0,0.5,0.0,64.134,0.000,0.0,644853.0
2026-09-01T08:07:24,0.2,4907,1547350,1531288,0.3,0.00,0.47,0.00,1.90,0.00,0.00,0.00,4.0,95830.0,95347.0,0.0,0.0,0.5,0.0,64.132,0.000,0.0,667790.0
2026-09-01T08:07:26,0.2,4907,1547350,1531289,0.3,0.00,0.67,0.00,2.68,0.00,0.00,0.00,4.0,95830.0,95347.0,0.0,0.0,0.5,0.0,64.169,0.000,0.0,647026.0
2026-09-01T08:07:27,0.2,4907,1547350,1531289,0.3,0.00,0.94,0.00,3.75,0.00,0.00,0.00,4.0,95830.0,95347.0,0.0,0.0,0.5,0.0,64.129,0.000,0.0,684915.5
2026-09-01T08:07:28,0.2,4907,1547350,1531289,0.3,0.00,0.70,0.00,2.81,0.00,0.00,0.00,4.0,95830.0,95347.0,0.0,0.0,0.5,0.0,64.128,0.000,0.0,675733.0
2026-09-01T08:07:29,0.2,4907,1547350,1531289,0.3,0.00,0.76,0.00,3.03,0.00,0.00,0.00,4.0,95830.0,95347.0,0.0,0.0,0.5,0.0,64.104,0.000,0.0,650964.5
2026-09-01T08:07:31,0.2,4907,1547350,1531288,0.3,0.00,0.59,0.00,2.37,0.00,0.00,0.00,4.0,95830.0,95347.0,0.0,0.0,0.5,0.0,64.089,0.000,0.0,650964.5
2026-09-01T08:07:32,0.2,4907,1547350,1531289,0.3,0.00,1.71,0.00,6.83,0.00,1.00,0.00,4.0,95830.0,95347.0,0.0,0.0,0.5,0.0,64.072,0.000,0.0,692558.5
2026-09-01T08:07:33,0.2,4907,1547350,1531289,0.3,0.00,0.59,0.00,2.37,0.00,0.00,0.00,4.0,95830.0,95347.0,0.0,0.0,0.5,0.0,64.097,0.000,0.0,692558.5
2026-09-01T08:07:34,0.2,4907,1547350,1531288,0.3,0.00,9.99,0.00,106.99,0.00,0.00,0.00,4.0,95830.0,95347.0,0.0,0.0,0.5,0.0,64.112,0.000,0.0,710958.5
2026-09-01T08:07:35,0.2,4907,1547350,1531289,0.3,0.00,6.99,0.00,27.97,0.00,0.00,0.00,4.0,95830.0,95347.0,0.0,0.0,0.5,0.0,64.091,0.000,0.0,669499.0
2026-09-01T08:07:37,0.2,4907,1547350,1531289,0.3,0.00,0.60,0.00,2.40,0.00,1.00,0.06,4.0,95830.0,95347.0,0.0,0.0,0.5,0.0,64.076,0.000,0.0,669499.0
2026-09-01T08:07:37,0.2,4907,1547350,1531289,0.3,0.00,1.80,0.00,7.18,0.00,0.00,0.00,4.0,95830.0,95347.0,0.0,0.0,0.5,0.0,64.138,0.000,0.0,726067.0
2026-09-01T08:07:39,0.2,4907,1547350,1531288,0.3,0.00,0.60,0.00,2.41,0.00,0.00,0.00,4.0,95830.0,95347.0,0.0,0.0,0.5,0.0,64.070,0.000,0.0,726067.0
2026-09-01T08:07:39,0.3,4907,1547350,1531289,0.3,0.00,2.21,0.00,8.83,0.00,0.00,0.00,4.0,95830.0,95347.0,0.0,0.0,0.5,0.0,64.080,0.000,0.0,693849.0
2026-09-01T08:07:41,0.2,4908,1547350,1531288,0.3,0.00,0.66,0.00,2.63,0.00,0.00,0.00,4.0,95830.0,95347.0,0.0,0.0,0.5,0.0,64.127,0.000,0.0,659715.5
2026-09-01T08:07:42,0.2,4908,1547350,1531288,0.3,0.00,0.60,0.00,2.40,0.00,0.00,0.00,4.0,95830.0,95347.0,0.0,0.0,0.5,0.0,64.087,0.000,0.0,660799.0
2026-09-01T08:07:44,0.2,4907,1547350,1531288,0.3,0.00,0.60,0.00,2.39,0.00,0.00,0.00,4.0,95830.0,95347.0,0.0,0.0,0.5,0.0,64.083,0.000,0.0,654786.5
2026-09-01T08:07:46,0.2,4907,1547350,1531289,0.3,0.00,1.32,0.00,5.29,0.00,0.00,0.00,4.0,95830.0,95347.0,0.0,0.0,0.5,0.0,64.100,0.000,0.0,700332.5
2026-09-01T08:07:47,0.2,4907,1547350,1531289,0.3,0.00,0.97,0.00,3.87,0.00,0.00,0.00,4.0,95830.0,95347.0,0.0,0.0,0.5,0.0,64.156,0.000,0.0,667269.0
2026-09-01T08:07:48,0.2,4908,1547350,1531288,0.3,0.00,0.64,0.00,2.56,0.00,0.00,0.00,4.0,95830.0,95347.0,0.0,0.0,0.5,0.0,64.067,0.000,0.0,667269.0
2026-09-01T08:07:49,0.3,4908,1547350,1531287,0.3,0.00,2.14,0.00,8.57,0.00,0.00,0.00,4.0,95830.0,95347.0,0.0,0.0,0.5,0.0,64.063,0.000,0.0,695535.0
2026-09-01T08:07:50,0.2,4908,1547350,1531288,0.3,0.00,1.11,0.00,6.64,0.00,0.00,0.00,4.0,95830.0,95347.0,0.0,0.0,0.5,0.0,64.055,0.000,0.0,661625.0
2026-09-01T08:07:52,0.2,4907,1547350,1531289,0.3,0.00,0.64,0.00,2.55,0.00,0.00,0.00,4.0,95830.0,95347.0,0.0,0.0,0.5,0.0,64.075,0.000,0.0,659881.5
2026-09-01T08:07:54,0.2,4907,1547350,1531288,0.3,0.00,0.61,0.00,2.45,0.00,0.00,0.06,4.0,95830.0,95347.0,0.0,0.0,0.5,0.0,64.094,0.000,0.0,659881.5
2026-09-01T08:07:55,0.2,4907,1547350,1531289,0.3,0.00,1.01,0.00,4.02,0.00,0.00,0.00,4.0,95830.0,95347.0,0.0,0.0,0.5,0.0,64.109,0.000,0.0,669708.0
2026-09-01T08:07:56,0.2,4907,1547350,1531289,0.3,0.00,1.25,0.00,5.01,0.00,0.00,0.06,4.0,95830.0,95347.0,0.0,0.0,0.5,0.0,64.110,0.000,0.0,657886.5
2026-09-01T08:07:58,0.2,4908,1547350,1531288,0.3,0.00,0.62,0.00,2.46,0.00,0.00,0.00,4.0,95830.0,95347.0,0.0,0.0,0.5,0.0,64.061,0.000,0.0,657983.0
2026-09-01T08:08:00,0.2,4908,1547350,1531288,0.3,0.00,0.55,0.00,2.19,0.00,0.00,0.00,4.0,95830.0,95347.0,0.0,0.0,0.5,0.0,64.046,0.000,0.0,646844.5
2026-09-01T08:08:02,0.2,4911,1547350,1531284,0.3,0.00,0.55,0.00,2.18,0.00,1.00,0.00,4.0,95830.0,95347.0,0.0,0.0,0.5,0.0,64.078,0.000,0.0,654339.5
2026-09-01T08:08:03,0.2,4912,1547350,1531284,0.3,0.00,1.24,0.00,12.74,0.00,0.00,0.00,4.0,95830.0,95347.0,0.0,0.0,0.5,0.0,64.096,0.000,0.0,650275.5
2026-09-01T08:08:05,0.2,4912,1547350,1531283,0.3,0.00,0.52,0.00,2.09,0.00,0.00,0.00,4.0,95830.0,95347.0,0.0,0.0,0.5,0.0,64.075,0.000,0.0,650275.5
2026-09-01T08:08:06,0.2,4911,1547350,1531285,0.3,0.00,1.10,0.00,4.39,0.00,0.00,0.00,4.0,95830.0,95347.0,0.0,0.0,0.5,0.0,64.048,0.000,0.0,691952.0
2026-09-01T08:08:07,0.2,4911,1547350,1531284,0.3,0.00,0.98,0.00,3.91,0.00,0.00,0.00,4.0,95830.0,95347.0,0.0,0.0,0.5,0.0,64.047,0.000,0.0,691952.0
2026-09-01T08:08:08,0.2,4912,1547350,1531284,0.3,0.00,1.30,0.00,5.22,0.00,0.00,0.00,4.0,95830.0,95347.0,0.0,0.0,0.5,0.0,64.035,0.000,0.0,751509.0
2026-09-01T08:08:09,0.2,4911,1547350,1531284,0.3,0.00,1.24,0.00,4.95,0.00,0.00,0.00,4.0,95830.0,95347.0,0.0,0.0,0.5,0.0,64.033,0.000,0.0,651418.5
2026-09-01T08:08:10,0.2,4911,1547350,1531284,0.3,0.00,0.57,0.00,2.28,0.00,0.00,0.00,4.0,95830.0,95347.0,0.0,0.0,0.5,0.0,64.037,0.000,0.0,661363.0
2026-09-01T08:08:12,0.2,4908,1547350,1531288,0.3,0.00,0.52,0.00,2.10,0.00,0.00,0.00,4.0,95830.0,95347.0,0.0,0.0,0.5,0.0,64.059,0.000,0.0,645320.0
2026-09-01T08:08:14,0.2,4907,1547350,1531288,0.3,0.00,0.56,0.00,2.22,0.00,0.00,0.00,4.0,95830.0,95347.0,0.0,0.0,0.5,0.0,64.051,0.000,0.0,645320.0
2026-09-01T08:08:15,0.2,4907,1547350,1531289,0.3,0.00,1.01,0.00,4.03,0.00,0.00,0.00,4.0,95830.0,95347.0,0.0,0.0,0.5,0.0,64.026,0.000,0.0,693152.5
2026-09-01T08:08:16,0.2,4907,1547350,1531289,0.3,0.00,0.98,0.00,3.91,0.00,0.00,0.00,4.0,95830.0,95347.0,0.0,0.0,0.5,0.0,64.029,0.000,0.0,650992.5
2026-09-01T08:08:18,0.2,4907,1547350,1531289,0.3,0.00,0.50,0.00,1.99,0.00,0.00,0.00,4.0,95830.0,95347.0,0.0,0.0,0.5,0.0,64.034,0.000,0.0,650992.5
2026-09-01T08:08:19,0.2,4907,1547350,1531289,0.3,0.00,1.71,0.00,6.85,0.00,0.00,0.00,4.0,95830.0,95347.0,0.0,0.0,0.5,0.0,64.062,0.000,0.0,734386.0
2026-09-01T08:08:20,0.2,4906,1547350,1531289,0.3,0.00,1.00,0.00,4.00,0.00,0.00,0.00,4.0,95830.0,95347.0,0.0,0.0,0.5,0.0,64.040,0.000,0.0,645933.0
2026-09-01T08:08:22,0.2,4906,1547350,1531289,0.3,0.00,0.50,0.00,1.99,0.00,0.00,0.00,4.0,95830.0,95347.0,0.0,0.0,0.5,0.0,64.066,0.000,0.0,675100.5
2026-09-01T08:08:23,0.2,4907,1547350,1531289,0.3,0.00,0.79,0.00,3.16,0.00,0.00,0.00,4.0,95830.0,95347.0,0.0,0.0,0.5,0.0,64.021,0.000,0.0,648939.5
2026-09-01T08:08:24,0.2,4907,1547350,1531289,0.3,0.00,0.70,0.00,2.82,0.00,0.00,0.00,4.0,95830.0,95347.0,0.0,0.0,0.5,0.0,64.040,0.000,0.0,679482.0
2026-09-01T08:08:26,0.2,4907,1547350,1531289,0.3,0.00,1.28,0.00,5.11,0.00,0.00,0.00,4.0,95830.0,95347.0,0.0,0.0,0.5,0.0,64.037,0.000,0.0,649011.0
2026-09-01T08:08:27,0.2,4906,1547350,1531289,0.3,0.00,0.68,0.00,2.72,0.00,1.00,0.00,4.0,95830.0,95347.0,0.0,0.0,0.5,0.0,64.047,0.000,0.0,654077.0
2026-09-01T08:08:29,0.2,4906,1547350,1531290,0.3,0.00,0.50,0.00,2.00,0.00,0.00,0.00,4.0,95830.0,95347.0,0.0,0.0,0.5,0.0,64.001,0.000,0.0,643183.0
2026-09-01T08:08:31,0.2,4906,1547350,1531290,0.3,0.00,2.96,0.00,13.79,0.00,0.00,0.00,4.0,95830.0,95347.0,0.0,0.0,0.5,0.0,64.055,0.000,0.0,646063.0
2026-09-01T08:08:33,0.2,4906,1547350,1531290,0.3,0.00,1.00,0.00,10.30,0.00,0.00,0.00,4.0,95830.0,95347.0,0.0,0.0,0.5,0.0,64.053,0.000,0.0,673645.0
2026-09-01T08:08:35,0.2,4905,1547350,1531291,0.3,0.00,0.60,0.00,2.39,0.00,0.00,0.06,4.0,95830.0,95347.0,0.0,0.0,0.5,0.0,64.039,0.000,0.0,698756.5
2026-09-01T08:08:36,0.2,4904,1547350,1531291,0.3,0.00,1.14,0.00,4.55,0.00,0.00,0.00,4.0,95830.0,95347.0,0.0,0.0,0.5,0.0,64.035,0.000,0.0,698756.5
2026-09-01T08:08:37,0.2,4905,1547350,1531291,0.3,0.00,1.32,0.00,5.28,0.00,0.00,0.00,4.0,95830.0,95347.0,0.0,0.0,0.5,0.0,64.047,0.000,0.0,710620.0
2026-09-01T08:08:38,0.2,4905,1547350,1531290,0.3,0.00,0.65,0.00,2.58,0.00,0.00,0.00,4.0,95830.0,95347.0,0.0,0.0,0.5,0.0,64.052,0.000,0.0,662999.5
2026-09-01T08:08:40,0.2,4905,1547350,1531291,0.3,0.00,0.61,0.00,2.44,0.00,1.00,0.00,4.0,95830.0,95347.0,0.0,0.0,0.5,0.0,64.041,0.000,0.0,649069.0
2026-09-01T08:08:42,0.2,4906,1547350,1531290,0.3,0.00,0.53,0.00,2.12,0.00,0.00,0.00,4.0,95830.0,95347.0,0.0,0.0,0.5,0.0,64.057,0.000,0.0,673102.0
2026-09-01T08:08:43,0.2,4905,1547350,1531291,0.3,0.00,0.88,0.00,3.51,0.00,0.00,0.00,4.0,95830.0,95347.0,0.0,0.0,0.5,0.0,64.040,0.000,0.0,658531.5
2026-09-01T08:08:45,0.2,4907,1547350,1531289,0.3,0.00,0.64,0.00,2.55,0.00,0.00,0.00,4.0,95830.0,95347.0,0.0,0.0,0.5,0.0,64.025,0.000,0.0,656744.5
2026-09-01T08:08:46,0.2,4906,1547350,1531289,0.3,0.00,1.10,0.00,4.41,0.00,0.00,0.00,4.0,95830.0,95347.0,0.0,0.0,0.5,0.0,64.055,0.000,0.0,642271.0
2026-09-01T08:08:48,0.2,4906,1547350,1531290,0.3,0.00,0.60,0.00,2.40,0.00,0.00,0.06,4.0,95830.0,95347.0,0.0,0.0,0.5,0.0,64.043,0.000,0.0,731346.0
2026-09-01T08:08:50,0.2,4907,1547350,1531289,0.3,0.00,0.63,0.00,2.53,0.00,0.00,0.00,4.0,95830.0,95347.0,0.0,0.0,0.5,0.0,64.032,0.000,0.0,687418.0
2026-09-01T08:08:51,0.2,4906,1547350,1531289,0.3,0.00,0.55,0.00,2.20,0.00,0.00,0.00,4.0,95830.0,95347.0,0.0,0.0,0.5,0.0,64.014,0.000,0.0,664577.0
2026-09-01T08:08:53,0.2,4906,1547350,1531290,0.3,0.00,0.60,0.00,2.41,0.00,0.00,0.00,4.0,95830.0,95347.0,0.0,0.0,0.5,0.0,64.007,0.000,0.0,686752.0
2026-09-01T08:08:55,0.2,4906,1547350,1531289,0.3,0.00,0.64,0.00,2.54,0.00,0.00,0.00,4.0,95830.0,95347.0,0.0,0.0,0.5,0.0,64.015,0.000,0.0,660659.0
2026-09-01T08:08:56,0.2,4906,1547350,1531290,0.3,0.00,1.65,0.00,8.81,0.00,0.00,0.00,4.0,95830.0,95347.0,0.0,0.0,0.5,0.0,64.007,0.000,0.0,677893.5
2026-09-01T08:08:57,0.2,4906,1547350,1531290,0.3,0.00,0.97,0.00,3.86,0.00,0.00,0.00,4.0,95830.0,95347.0,0.0,0.0,0.5,0.0,64.058,0.000,0.0,656743.5
2026-09-01T08:08:59,0.2,4905,1547350,1531291,0.3,0.00,0.55,0.00,2.21,0.00,0.00,0.00,4.0,95830.0,95347.0,0.0,0.0,0.5,0.0,64.037,0.000,0.0,660767.0
2026-09-01T08:09:03,0.2,4910,1547350,1531286,0.3,0.00,0.72,0.00,5.75,0.00,0.00,0.00,4.0,95830.0,95347.0,0.0,0.0,0.5,0.0,64.020,0.000,0.0,623842.0
2026-09-01T08:09:05,0.2,4910,1547350,1531286,0.3,0.00,0.60,0.00,2.40,0.00,1.00,0.00,4.0,95830.0,95347.0,0.0,0.0,0.5,0.0,64.024,0.000,0.0,650074.5
2026-09-01T08:09:07,0.2,4910,1547350,1531286,0.3,0.00,0.50,0.00,1.99,0.00,0.00,0.00,4.0,95830.0,95347.0,0.0,0.0,0.5,0.0,63.990,0.000,0.0,647738.0
2026-09-01T08:09:09,0.2,4910,1547350,1531286,0.3,0.00,0.50,0.00,1.98,0.00,0.00,0.00,4.0,95830.0,95347.0,0.0,0.0,0.5,0.0,64.010,0.000,0.0,652692.5
2026-09-01T08:09:11,0.2,4906,1547350,1531290,0.3,0.00,0.44,0.00,1.77,0.00,0.00,0.00,4.0,95830.0,95347.0,0.0,0.0,0.5,0.0,63.993,0.000,0.0,639452.0
2026-09-01T08:09:13,0.2,4906,1547350,1531290,0.3,0.00,0.51,0.00,2.02,0.00,0.00,0.00,4.0,95830.0,95347.0,0.0,0.0,0.5,0.0,64.020,0.000,0.0,662665.0
2026-09-01T08:09:15,0.2,4906,1547350,1531290,0.3,0.00,0.49,0.00,1.98,0.00,0.00,0.00,4.0,95830.0,95347.0,0.0,0.0,0.5,0.0,63.978,0.000,0.0,645964.0
2026-09-01T08:09:17,0.2,4905,1547350,1531291,0.3,0.00,0.50,0.00,1.99,0.00,0.00,0.00,4.0,95830.0,95347.0,0.0,0.0,0.5,0.0,63.996,0.000,0.0,645072.0
2026-09-01T08:09:19,0.2,4905,1547350,1531291,0.3,0.00,0.50,0.00,1.99,0.00,0.00,0.00,4.0,95830.0,95347.0,0.0,0.0,0.5,0.0,64.004,0.000,0.0,646148.0
2026-09-01T08:09:22,0.2,4905,1547350,1531290,0.3,0.00,0.46,0.00,1.83,0.00,0.00,0.00,4.0,95830.0,95347.0,0.0,0.0,0.5,0.0,64.004,0.000,0.0,629788.5
2026-09-01T08:09:24,0.2,4906,1547350,1531290,0.3,0.00,0.48,0.00,1.93,0.00,0.00,0.00,4.0,95830.0,95347.0,0.0,0.0,0.5,0.0,64.008,0.000,0.0,661392.0
2026-09-01T08:09:26,0.2,4905,1547350,1531290,0.3,0.00,0.50,0.00,1.98,0.00,0.00,0.00,4.0,95830.0,95347.0,0.0,0.0,0.5,0.0,64.017,0.000,0.0,641080.5
2026-09-01T08:09:28,0.2,4906,1547350,1531290,0.3,0.00,0.85,0.00,3.38,0.00,0.00,0.00,4.0,95830.0,95347.0,0.0,0.0,0.5,0.0,63.995,0.000,0.0,665309.5
2026-09-01T08:09:30,0.2,4905,1547350,1531290,0.3,0.00,0.50,0.00,1.99,0.00,0.00,0.00,4.0,95830.0,95347.0,0.0,0.0,0.5,0.0,63.975,0.000,0.0,648431.5
2026-09-01T08:09:32,0.2,4905,1547350,1531291,0.3,0.00,2.66,0.00,10.63,0.00,0.17,0.04,4.0,95830.0,95347.0,0.0,0.0,0.5,0.0,63.962,0.000,0.0,645458.0
2026-09-01T08:09:34,0.2,4905,1547350,1531291,0.3,0.00,1.00,0.00,10.01,0.00,0.00,0.00,4.0,95830.0,95347.0,0.0,0.0,0.5,0.0,63.951,0.000,0.0,648745.0
2026-09-01T08:09:36,0.2,4905,1547350,1531291,0.3,0.00,0.57,0.00,2.28,0.00,0.00,0.00,4.0,95830.0,95347.0,0.0,0.0,0.5,0.0,63.975,0.000,0.0,657985.5
2026-09-01T08:09:38,0.2,4905,1547350,1531291,0.3,0.00,0.66,0.00,2.65,0.00,0.00,0.00,4.0,95830.0,95347.0,0.0,0.0,0.5,0.0,63.981,0.000,0.0,661224.0
2026-09-01T08:09:39,0.2,4905,1547350,1531291,0.3,0.00,0.60,0.00,2.41,0.00,0.00,0.00,4.0,95830.0,95347.0,0.0,0.0,0.5,0.0,63.962,0.000,0.0,656018.0
2026-09-01T08:09:41,0.2,4905,1547350,1531290,0.3,0.00,0.66,0.00,2.63,0.00,0.00,0.00,4.0,95830.0,95347.0,0.0,0.0,0.5,0.0,63.963,0.000,0.0,657631.5
2026-09-01T08:09:42,0.2,4905,1547350,1531290,0.3,0.00,1.20,0.00,4.80,0.00,0.00,0.00,4.0,95830.0,95347.0,0.0,0.0,0.5,0.0,63.960,0.000,0.0,660729.5
2026-09-01T08:09:44,0.2,4906,1547350,1531290,0.3,0.00,0.59,0.00,2.37,0.00,0.00,0.00,4.0,95830.0,95347.0,0.0,0.0,0.5,0.0,64.000,0.000,0.0,655674.0
2026-09-01T08:09:46,0.2,4906,1547350,1531290,0.3,0.00,0.65,0.00,2.61,0.00,0.00,0.00,4.0,95830.0,95347.0,0.0,0.0,0.5,0.0,63.975,0.000,0.0,651056.0
2026-09-01T08:09:48,0.2,4905,1547350,1531291,0.3,0.00,0.54,0.00,2.16,0.00,0.00,0.05,4.0,95830.0,95347.0,0.0,0.0,0.5,0.0,63.954,0.000,0.0,667482.0
2026-09-01T08:09:49,0.2,4905,1547350,1531290,0.3,0.00,0.61,0.00,2.45,0.00,0.00,0.00,4.0,95830.0,95347.0,0.0,0.0,0.5,0.0,63.970,0.000,0.0,657774.5
2026-09-01T08:09:51,0.2,4906,1547350,1531290,0.3,0.00,0.63,0.00,2.51,0.00,0.00,0.00,4.0,95830.0,95347.0,0.0,0.0,0.5,0.0,63.998,0.000,0.0,650892.5
2026-09-01T08:09:53,0.2,4906,1547350,1531290,0.3,0.00,0.55,0.00,2.22,0.00,0.00,0.00,4.0,95830.0,95347.0,0.0,0.0,0.5,0.0,64.145,0.000,0.0,680617.5
2026-09-01T08:09:54,0.2,4906,1547350,1531290,0.3,0.00,1.21,0.00,4.85,0.00,0.00,0.00,4.0,95830.0,95347.0,0.0,0.0,0.5,0.0,64.127,0.000,0.0,677236.0
2026-09-01T08:09:56,0.2,4905,1547350,1531291,0.3,0.00,0.63,0.00,2.51,0.00,0.00,0.00,4.0,95830.0,95347.0,0.0,0.0,0.5,0.0,64.127,0.000,0.0,669368.0
2026-09-01T08:09:57,0.2,4905,1547350,1531291,0.3,0.00,0.61,0.00,2.45,0.00,0.00,0.00,4.0,95830.0,95347.0,0.0,0.0,0.5,0.0,64.124,0.000,0.0,647861.5
2026-09-01T08:09:59,0.2,4906,1547350,1531290,0.3,0.00,0.64,0.00,2.54,0.00,0.00,0.00,4.0,95830.0,95347.0,0.0,0.0,0.5,0.0,64.113,0.000,0.0,684923.5
2026-09-01T08:10:01,0.2,4910,1547350,1531286,0.3,0.00,0.62,0.00,2.46,0.00,1.00,0.00,4.0,95830.0,95347.0,0.0,0.0,0.5,0.0,64.127,0.000,0.0,656757.0
2026-09-01T08:10:02,0.3,4911,1547350,1531285,0.3,0.00,0.58,0.00,2.31,0.00,0.00,0.00,4.0,95830.0,95347.0,0.0,0.0,0.5,0.0,64.137,0.000,0.0,651302.5
2026-09-01T08:10:04,0.2,4910,1547350,1531286,0.3,0.00,1.80,0.00,20.42,0.00,0.00,0.00,4.0,95830.0,95347.0,0.0,0.0,0.5,0.0,64.137,0.000,0.0,649012.5
2026-09-01T08:10:06,0.2,4910,1547350,1531286,0.3,0.00,0.54,0.00,2.15,0.00,0.00,0.00,4.0,95830.0,95347.0,0.0,0.0,0.5,0.0,64.123,0.000,0.0,640449.0
2026-09-01T08:10:08,0.2,4909,1547350,1531287,0.3,0.00,0.50,0.00,2.00,0.00,0.00,0.00,4.0,95830.0,95347.0,0.0,0.0,0.5,0.0,64.116,0.000,0.0,652090.0
2026-09-01T08:10:10,0.2,4909,1547350,1531286,0.3,0.00,0.49,0.00,1.96,0.00,0.00,0.05,4.0,95830.0,95347.0,0.0,0.0,0.5,0.0,64.122,0.000,0.0,648890.5
2026-09-01T08:10:12,0.2,4906,1547350,1531290,0.3,0.00,0.50,0.00,2.02,0.00,0.00,0.00,4.0,95830.0,95347.0,0.0,0.0,0.5,0.0,64.130,0.000,0.0,646873.0
2026-09-01T08:10:14,0.2,4906,1547350,1531290,0.3,0.00,0.49,0.00,1.96,0.00,0.00,0.00,4.0,95830.0,95347.0,0.0,0.0,0.5,0.0,64.118,0.000,0.0,648490.0
2026-09-01T08:10:16,0.2,4905,1547350,1531290,0.3,0.00,0.50,0.00,1.99,0.00,0.00,0.00,4.0,95830.0,95347.0,0.0,0.0,0.5,0.0,64.132,0.000,0.0,643845.5
2026-09-01T08:10:18,0.2,4905,1547350,1531291,0.3,0.00,0.45,0.00,1.82,0.00,0.00,0.00,4.0,95830.0,95347.0,0.0,0.0,0.5,0.0,64.132,0.000,0.0,656014.5
2026-09-01T08:10:20,0.2,4904,1547350,1531292,0.3,0.00,0.54,0.00,2.15,0.00,0.00,0.00,4.0,95830.0,95347.0,0.0,0.0,0.5,0.0,64.141,0.000,0.0,646332.0
2026-09-01T08:10:22,0.2,4904,1547350,1531291,0.3,0.00,0.50,0.00,2.01,0.00,0.00,0.00,4.0,95830.0,95347.0,0.0,0.0,0.5,0.0,64.138,0.000,0.0,682112.0
2026-09-01T08:10:24,0.2,4905,1547350,1531291,0.3,0.00,0.98,0.00,3.93,0.00,0.00,0.00,4.0,95830.0,95347.0,0.0,0.0,0.5,0.0,64.108,0.000,0.0,667773.0
2026-09-01T08:10:26,0.2,4905,1547350,1531291,0.3,0.00,0.51,0.00,2.03,0.00,0.00,0.00,4.0,95830.0,95347.0,0.0,0.0,0.5,0.0,64.112,0.000,0.0,645616.5
2026-09-01T08:10:28,0.2,4905,1547350,1531290,0.3,0.00,0.46,0.00,1.83,0.00,0.00,0.00,4.0,95830.0,95347.0,0.0,0.0,0.5,0.0,64.112,0.000,0.0,648182.5
2026-09-01T08:10:30,0.2,4905,1547350,1531291,0.3,0.00,0.52,0.00,2.10,0.00,0.00,0.00,4.0,95830.0,95347.0,0.0,0.0,0.5,0.0,64.113,0.000,0.0,660217.5
2026-09-01T08:10:32,0.2,4905,1547350,1531290,0.3,0.00,0.50,0.00,2.00,0.00,0.00,0.00,4.0,95830.0,95347.0,0.0,0.0,0.5,0.0,64.117,0.000,0.0,642386.5
2026-09-01T08:10:34,0.2,4905,1547350,1531291,0.3,0.00,4.64,0.00,25.92,0.00,0.09,0.00,4.0,95830.0,95347.0,0.0,0.0,0.5,0.0,64.118,0.000,0.0,647259.0
2026-09-01T08:10:36,0.2,4905,1547350,1531291,0.3,0.00,0.50,0.00,2.01,0.00,0.00,0.00,4.0,95830.0,95347.0,0.0,0.0,0.5,0.0,64.108,0.000,0.0,658911.5
2026-09-01T08:10:38,0.2,4905,1547350,1531291,0.3,0.00,0.66,0.00,2.64,0.00,0.00,0.00,4.0,95830.0,95347.0,0.0,0.0,0.5,0.0,64.123,0.000,0.0,658668.5
2026-09-01T08:10:40,0.2,4905,1547350,1531291,0.3,0.00,1.22,0.00,4.86,0.00,0.50,0.00,4.0,95830.0,95347.0,0.0,0.0,0.5,0.0,64.120,0.000,0.0,655916.5
2026-09-01T08:10:41,0.2,4905,1547350,1531291,0.3,0.00,0.65,0.00,2.59,0.00,0.00,0.00,4.0,95830.0,95347.0,0.0,0.0,0.5,0.0,64.143,0.000,0.0,656324.5
2026-09-01T08:10:43,0.2,4905,1547350,1531291,0.3,0.00,0.59,0.00,2.38,0.00,0.00,0.00,4.0,95830.0,95347.0,0.0,0.0,0.5,0.0,64.128,0.000,0.0,655939.0
2026-09-01T08:10:45,0.2,4905,1547350,1531291,0.3,0.00,1.11,0.00,4.42,0.00,0.00,0.00,4.0,95830.0,95347.0,0.0,0.0,0.5,0.0,64.122,0.000,0.0,655067.0
2026-09-01T08:10:46,0.2,4905,1547350,1531290,0.3,0.00,0.65,0.00,2.58,0.00,0.00,0.00,4.0,95830.0,95347.0,0.0,0.0,0.5,0.0,64.127,0.000,0.0,701127.5
2026-09-01T08:10:48,0.2,4905,1547350,1531291,0.3,0.00,0.60,0.00,2.41,0.00,0.00,0.00,4.0,95830.0,95347.0,0.0,0.0,0.5,0.0,64.142,0.000,0.0,653337.5
2026-09-01T08:10:50,0.2,4905,1547350,1531291,0.3,0.00,0.54,0.00,2.17,0.00,0.00,0.00,4.0,95830.0,95347.0,0.0,0.0,0.5,0.0,64.133,0.000,0.0,657047.5
2026-09-01T08:10:51,0.2,4904,1547350,1531291,0.3,0.00,0.64,0.00,2.57,0.00,0.00,0.00,4.0,95830.0,95347.0,0.0,0.0,0.5,0.0,64.127,0.000,0.0,666121.5
2026-09-01T08:10:53,0.2,4905,1547350,1531291,0.3,0.00,0.60,0.00,2.42,0.00,0.00,0.06,4.0,95830.0,95347.0,0.0,0.0,0.5,0.0,64.107,0.000,0.0,657520.5
2026-09-01T08:10:55,0.2,4904,1547350,1531292,0.3,0.00,0.55,0.00,2.18,0.00,0.00,0.00,4.0,95830.0,95347.0,0.0,0.0,0.5,0.0,64.139,0.000,0.0,656895.0
2026-09-01T08:10:56,0.2,4904,1547350,1531292,0.3,0.00,0.63,0.00,2.54,0.00,0.00,0.00,4.0,95830.0,95347.0,0.0,0.0,0.5,0.0,64.132,0.000,0.0,657232.0
2026-09-01T08:10:58,0.2,4904,1547350,1531292,0.3,0.00,0.61,0.00,2.43,0.00,0.00,0.06,4.0,95830.0,95347.0,0.0,0.0,0.5,0.0,64.151,0.000,0.0,656013.0
2026-09-01T08:11:00,0.2,4904,1547350,1531292,0.3,0.00,1.12,0.00,4.47,0.00,0.00,0.00,4.0,95830.0,95347.0,0.0,0.0,0.5,0.0,64.126,0.000,0.0,658855.0
2026-09-01T08:11:01,0.3,4909,1547350,1531286,0.3,0.00,0.61,0.00,2.46,0.00,0.00,0.00,4.0,95830.0,95347.0,0.0,0.0,0.5,0.0,64.123,0.000,0.0,658351.0
2026-09-01T08:11:03,0.2,4909,1547350,1531287,0.3,0.00,0.62,0.00,2.49,0.00,0.00,0.00,4.0,95830.0,95347.0,0.0,0.0,0.5,0.0,64.141,0.000,0.0,648311.5
2026-09-01T08:11:05,0.2,4915,1547350,1531281,0.3,0.00,2.94,0.00,15.95,0.00,0.17,0.00,4.0,95830.0,95347.0,0.0,0.0,0.5,0.0,64.138,0.000,0.0,646481.5
2026-09-01T08:11:07,0.2,4914,1547350,1531282,0.3,0.00,0.50,0.00,1.99,0.00,0.00,0.05,4.0,95830.0,95347.0,0.0,0.0,0.5,0.0,64.130,0.000,0.0,646598.5
2026-09-01T08:11:09,0.2,4914,1547350,1531282,0.3,0.00,0.48,0.00,1.91,0.00,0.00,0.00,4.0,95830.0,95347.0,0.0,0.0,0.5,0.0,64.132,0.000,0.0,646481.0
2026-09-01T08:11:11,0.2,4912,1547350,1531284,0.3,0.00,1.04,0.00,6.24,0.00,0.00,0.00,4.0,95830.0,95347.0,0.0,0.0,0.5,0.0,64.126,0.000,0.0,651803.0
2026-09-01T08:11:13,0.2,4912,1547350,1531284,0.3,0.00,0.49,0.00,1.97,0.00,0.00,0.00,4.0,95830.0,95347.0,0.0,0.0,0.5,0.0,64.118,0.000,0.0,650386.5
2026-09-01T08:11:15,0.2,4918,1547350,1531278,0.3,0.00,0.49,0.00,1.97,0.00,0.00,0.00,4.0,95830.0,95347.0,0.0,0.0,0.5,0.0,64.127,0.000,0.0,652848.0
2026-09-01T08:11:17,0.2,4918,1547350,1531277,0.3,0.00,0.50,0.00,1.98,0.00,0.00,0.00,4.0,95830.0,95347.0,0.0,0.0,0.5,0.0,64.112,0.000,0.0,639329.5
2026-09-01T08:11:19,0.2,4918,1547350,1531277,0.3,0.00,0.45,0.00,1.80,0.00,0.00,0.00,4.0,95830.0,95347.0,0.0,0.0,0.5,0.0,64.140,0.000,0.0,650524.0
2026-09-01T08:11:21,0.2,4918,1547350,1531277,0.3,0.00,0.50,0.00,2.00,0.00,0.00,0.00,4.0,95830.0,95347.0,0.0,0.0,0.5,0.0,64.156,0.000,0.0,645713.0
2026-09-01T08:11:23,0.2,4918,1547350,1531277,0.3,0.00,0.50,0.00,1.98,0.00,0.00,0.00,4.0,95830.0,95347.0,0.0,0.0,0.5,0.0,64.117,0.000,0.0,661637.0
2026-09-01T08:11:25,0.2,4920,1547350,1531276,0.3,0.00,0.50,0.00,2.00,0.00,0.00,0.00,4.0,95830.0,95347.0,0.0,0.0,0.5,0.0,64.152,0.000,0.0,652563.5
2026-09-01T08:11:27,0.2,4919,1547350,1531276,0.3,0.00,0.49,0.00,1.94,0.00,0.00,0.00,4.0,95830.0,95347.0,0.0,0.0,0.5,0.0,64.139,0.000,0.0,631300.0
2026-09-01T08:11:30,0.2,4920,1547350,1531276,0.3,0.00,0.43,0.00,1.70,0.00,0.00,0.00,4.0,95830.0,95347.0,0.0,0.0,0.5,0.0,64.141,0.000,0.0,654779.0
2026-09-01T08:11:32,0.2,4920,1547350,1531276,0.3,0.00,0.49,0.00,1.98,0.00,0.00,0.00,4.0,95830.0,95347.0,0.0,0.0,0.5,0.0,64.132,0.000,0.0,644444.5
2026-09-01T08:11:34,0.2,4920,1547350,1531276,0.3,0.00,0.50,0.00,2.00,0.00,0.00,0.00,4.0,95830.0,95347.0,0.0,0.0,0.5,0.0,64.138,0.000,0.0,659597.0
2026-09-01T08:11:36,0.2,4920,1547350,1531276,0.3,0.00,4.45,0.00,40.31,0.00,0.10,0.04,4.0,95830.0,95347.0,0.0,0.0,0.5,0.0,64.143,0.000,0.0,661267.0
2026-09-01T08:11:38,0.2,4920,1547350,1531275,0.3,0.00,0.50,0.00,2.02,0.00,0.00,0.00,4.0,95830.0,95347.0,0.0,0.0,0.5,0.0,64.152,0.000,0.0,716565.5
2026-09-01T08:11:40,0.2,4920,1547350,1531276,0.3,0.00,0.65,0.00,2.60,0.00,0.00,0.00,4.0,95830.0,95347.0,0.0,0.0,0.5,0.0,64.151,0.000,0.0,657198.5
2026-09-01T08:11:41,0.2,4920,1547350,1531276,0.3,0.00,1.26,0.00,5.04,0.00,0.00,0.00,4.0,95830.0,95347.0,0.0,0.0,0.5,0.0,64.154,0.000,0.0,659050.0
2026-09-01T08:11:43,0.2,4920,1547350,1531275,0.3,0.00,0.60,0.00,2.41,0.00,0.00,0.00,4.0,95830.0,95347.0,0.0,0.0,0.5,0.0,64.163,0.000,0.0,656192.0
2026-09-01T08:11:44,0.2,4921,1547350,1531274,0.3,0.00,0.65,0.00,2.60,0.00,0.00,0.00,4.0,95830.0,95347.0,0.0,0.0,0.5,0.0,64.144,0.000,0.0,635312.0
2026-09-01T08:11:46,0.2,4921,1547350,1531275,0.3,0.00,1.09,0.00,4.35,0.00,0.00,0.00,4.0,95830.0,95347.0,0.0,0.0,0.5,0.0,64.141,0.000,0.0,679239.0
2026-09-01T08:11:48,0.2,4921,1547350,1531275,0.3,0.00,0.60,0.00,2.41,0.00,0.00,0.00,4.0,95830.0,95347.0,0.0,0.0,0.5,0.0,64.140,0.000,0.0,665637.5
2026-09-01T08:11:49,0.2,4921,1547350,1531275,0.3,0.00,0.64,0.00,2.57,0.00,1.00,0.00,4.0,95830.0,95347.0,0.0,0.0,0.5,0.0,64.151,0.000,0.0,656808.5
2026-09-01T08:11:51,0.2,4920,1547350,1531276,0.3,0.00,0.54,0.00,2.16,0.00,0.00,0.00,4.0,95830.0,95347.0,0.0,0.0,0.5,0.0,64.135,0.000,0.0,674740.0
2026-09-01T08:11:53,0.2,4920,1547350,1531276,0.3,0.00,0.62,0.00,2.48,0.00,0.00,0.00,4.0,95830.0,95347.0,0.0,0.0,0.5,0.0,64.126,0.000,0.0,656346.5
2026-09-01T08:11:54,0.2,4920,1547350,1531275,0.3,0.00,0.63,0.00,2.52,0.00,0.00,0.00,4.0,95830.0,95347.0,0.0,0.0,0.5,0.0,64.157,0.000,0.0,658512.5
2026-09-01T08:11:56,0.2,4920,1547350,1531276,0.3,0.00,0.62,0.00,2.47,0.00,0.00,0.00,4.0,95830.0,95347.0,0.0,0.0,0.5,0.0,64.160,0.000,0.0,656878.0
2026-09-01T08:11:58,0.2,4920,1547350,1531276,0.3,0.00,0.62,0.00,2.50,0.00,0.00,0.00,4.0,95830.0,95347.0,0.0,0.0,0.5,0.0,64.166,0.000,0.0,657017.0
2026-09-01T08:11:59,0.2,4920,1547350,1531276,0.3,0.00,0.62,0.00,2.48,0.00,0.00,0.00,4.0,95830.0,95347.0,0.0,0.0,0.5,0.0,64.147,0.000,0.0,651973.5
2026-09-01T08:12:01,0.2,4923,1547350,1531273,0.3,0.00,1.09,0.00,4.36,0.00,0.00,0.00,4.0,95830.0,95347.0,0.0,0.0,0.5,0.0,64.156,0.000,0.0,658331.5
2026-09-01T08:12:03,0.2,4923,1547350,1531273,0.3,0.00,0.62,0.00,2.48,0.00,0.00,0.00,4.0,95830.0,95347.0,0.0,0.0,0.5,0.0,64.150,0.000,0.0,673357.0
2026-09-01T08:12:04,0.2,4923,1547350,1531272,0.3,0.00,0.62,0.00,2.48,0.00,0.00,0.00,4.0,95830.0,95347.0,0.0,0.0,0.5,0.0,64.169,0.000,0.0,646485.5
2026-09-01T08:12:06,0.2,4923,1547350,1531273,0.3,0.00,0.97,0.00,9.95,0.00,0.00,0.00,4.0,95830.0,95347.0,0.0,0.0,0.5,0.0,64.181,0.000,0.0,658784.0
2026-09-01T08:12:08,0.2,4924,1547350,1531272,0.3,0.00,0.57,0.00,2.27,0.00,0.00,0.00,4.0,95830.0,95347.0,0.0,0.0,0.5,0.0,64.152,0.000,0.0,650467.5
2026-09-01T08:12:10,0.2,4923,1547350,1531273,0.3,0.00,0.47,0.00,1.87,0.00,0.00,0.00,4.0,95830.0,95347.0,0.0,0.0,0.5,0.0,64.154,0.000,0.0,647240.0
2026-09-01T08:12:12,0.2,4920,1547350,1531276,0.3,0.00,1.06,0.00,6.37,0.00,0.00,0.00,4.0,95830.0,95347.0,0.0,0.0,0.5,0.0,64.174,0.000,0.0,646871.0
2026-09-01T08:12:14,0.2,4919,1547350,1531277,0.3,0.00,0.49,0.00,1.97,0.00,0.00,0.00,4.0,95830.0,95347.0,0.0,0.0,0.5,0.0,64.140,0.000,0.0,639822.5
2026-09-01T08:12:17,0.2,4919,1547350,1531277,0.3,0.00,0.44,0.00,1.78,0.00,0.00,0.00,4.0,95830.0,95347.0,0.0,0.0,0.5,0.0,64.174,0.000,0.0,664180.5
2026-09-01T08:12:19,0.2,4919,1547350,1531277,0.3,0.00,0.50,0.00,2.00,0.00,0.00,0.00,4.0,95830.0,95347.0,0.0,0.0,0.5,0.0,64.156,0.000,0.0,646110.5
2026-09-01T08:12:21,0.2,4919,1547350,1531277,0.3,0.00,0.47,0.00,1.89,0.00,0.00,0.00,4.0,95830.0,95347.0,0.0,0.0,0.5,0.0,64.166,0.000,0.0,646980.0
2026-09-01T08:12:23,0.2,4918,1547350,1531277,0.3,0.00,0.52,0.00,2.10,0.00,1.00,0.00,4.0,95830.0,95347.0,0.0,0.0,0.5,0.0,64.152,0.000,0.0,646746.5
2026-09-01T08:12:25,0.2,4918,1547350,1531278,0.3,0.00,0.50,0.00,1.99,0.00,0.00,0.00,4.0,95830.0,95347.0,0.0,0.0,0.5,0.0,64.152,0.000,0.0,641700.5
2026-09-01T08:12:27,0.2,4918,1547350,1531278,0.3,0.00,0.45,0.00,1.79,0.00,0.00,0.00,4.0,95830.0,95347.0,0.0,0.0,0.5,0.0,64.174,0.000,0.0,646746.0
2026-09-01T08:12:29,0.2,4918,1547350,1531278,0.3,0.00,0.50,0.00,2.00,0.00,0.00,0.00,4.0,95830.0,95347.0,0.0,0.0,0.5,0.0,64.191,0.000,0.0,645816.5
2026-09-01T08:12:31,0.2,4918,1547350,1531278,0.3,0.00,0.48,0.00,1.91,0.00,0.00,0.00,4.0,95830.0,95347.0,0.0,0.0,0.5,0.0,64.152,0.000,0.0,647379.0
2026-09-01T08:12:33,0.2,4919,1547350,1531277,0.3,0.00,3.11,0.00,12.44,0.00,0.00,0.00,4.0,95830.0,95347.0,0.0,0.0,0.5,0.0,64.150,0.000,0.0,645834.5
2026-09-01T08:12:35,0.2,4919,1547350,1531277,0.3,0.00,1.45,0.00,11.59,0.00,0.00,0.00,4.0,95830.0,95347.0,0.0,0.0,0.5,0.0,64.164,0.000,0.0,641922.0
2026-09-01T08:12:37,0.2,4919,1547350,1531277,0.3,0.00,0.43,0.00,1.70,0.00,0.00,0.00,4.0,95830.0,95347.0,0.0,0.0,0.5,0.0,64.169,0.000,0.0,650745.0
2026-09-01T08:12:39,0.2,4919,1547350,1531277,0.3,0.00,0.50,0.00,1.98,0.00,1.00,0.00,4.0,95830.0,95347.0,0.0,0.0,0.5,0.0,64.145,0.000,0.0,656988.0
2026-09-01T08:12:41,0.2,4918,1547350,1531277,0.3,0.00,0.69,0.00,2.75,0.00,0.00,0.00,4.0,95830.0,95347.0,0.0,0.0,0.5,0.0,64.154,0.000,0.0,657211.0
2026-09-01T08:12:43,0.2,4919,1547350,1531277,0.3,0.00,1.08,0.00,4.33,0.00,0.00,0.00,4.0,95830.0,95347.0,0.0,0.0,0.5,0.0,64.168,0.000,0.0,659983.0
2026-09-01T08:12:44,0.2,4919,1547350,1531277,0.3,0.00,0.60,0.00,2.41,0.00,0.00,0.00,4.0,95830.0,95347.0,0.0,0.0,0.5,0.0,64.177,0.000,0.0,656901.5
2026-09-01T08:12:46,0.2,4919,1547350,1531277,0.3,0.00,0.65,0.00,2.60,0.00,0.00,0.00,4.0,95830.0,95347.0,0.0,0.0,0.5,0.0,64.172,0.000,0.0,657715.5
2026-09-01T08:12:47,0.2,4919,1547350,1531277,0.3,0.00,1.20,0.00,4.81,0.00,0.00,0.00,4.0,95830.0,95347.0,0.0,0.0,0.5,0.0,64.154,0.000,0.0,656175.0
2026-09-01T08:12:49,0.2,4918,1547350,1531278,0.3,0.00,0.64,0.00,2.57,0.00,0.00,0.00,4.0,95830.0,95347.0,0.0,0.0,0.5,0.0,64.159,0.000,0.0,665795.0
2026-09-01T08:12:51,0.2,4918,1547350,1531278,0.3,0.00,0.60,0.00,2.42,0.00,0.00,0.00,4.0,95830.0,95347.0,0.0,0.0,0.5,0.0,64.172,0.000,0.0,656711.5
2026-09-01T08:12:52,0.2,4918,1547350,1531278,0.3,0.00,0.60,0.00,2.41,0.00,0.00,0.00,4.0,95830.0,95347.0,0.0,0.0,0.5,0.0,64.169,0.000,0.0,658336.0
2026-09-01T08:12:54,0.2,4918,1547350,1531278,0.3,0.00,0.64,0.00,2.58,0.00,0.00,0.00,4.0,95830.0,95347.0,0.0,0.0,0.5,0.0,64.153,0.000,0.0,675592.5
2026-09-01T08:12:55,0.2,4919,1547350,1531277,0.3,0.00,0.61,0.00,2.44,0.00,0.00,0.00,4.0,95830.0,95347.0,0.0,0.0,0.5,0.0,64.178,0.000,0.0,665566.5
2026-09-01T08:12:57,0.2,4918,1547350,1531277,0.3,0.00,0.55,0.00,2.20,0.00,0.00,0.00,4.0,95830.0,95347.0,0.0,0.0,0.5,0.0,64.178,0.000,0.0,657339.0
2026-09-01T08:12:59,0.2,4918,1547350,1531278,0.3,0.00,0.65,0.00,2.60,0.00,0.00,0.00,4.0,95830.0,95347.0,0.0,0.0,0.5,0.0,64.173,0.000,0.0,658521.0
2026-09-01T08:13:01,0.2,4918,1547350,1531277,0.3,0.00,0.59,0.00,2.37,0.00,0.00,0.00,4.0,95830.0,95347.0,0.0,0.0,0.5,0.0,64.192,0.000,0.0,656542.5
2026-09-01T08:13:02,0.2,4925,1547350,1531270,0.3,0.00,1.26,0.00,7.54,0.00,0.00,0.00,4.0,95830.0,95347.0,0.0,0.0,0.5,0.0,64.184,0.000,0.0,657062.0
2026-09-01T08:13:04,0.2,4925,1547350,1531270,0.3,0.00,0.62,0.00,2.46,0.00,0.00,0.00,4.0,95830.0,95347.0,0.0,0.0,0.5,0.0,64.175,0.000,0.0,650993.5
2026-09-01T08:13:06,0.2,4926,1547350,1531270,0.3,0.00,1.10,0.00,11.32,0.00,0.50,0.00,4.0,95830.0,95347.0,0.0,0.0,0.5,0.0,64.175,0.000,0.0,655456.0
2026-09-01T08:13:07,0.2,4926,1547350,1531270,0.3,0.00,0.55,0.00,2.20,0.00,0.00,0.00,4.0,95830.0,95347.0,0.0,0.0,0.5,0.0,64.182,0.000,0.0,650028.0
2026-09-01T08:13:09,0.2,4926,1547350,1531270,0.3,0.00,0.55,0.00,2.20,0.00,0.00,0.00,4.0,95830.0,95347.0,0.0,0.0,0.5,0.0,64.186,0.000,0.0,666265.0
2026-09-01T08:13:11,0.2,4923,1547350,1531272,0.3,0.00,0.55,0.00,2.21,0.00,0.00,0.00,4.0,95830.0,95347.0,0.0,0.0,0.5,0.0,64.161,0.000,0.0,641834.0
2026-09-01T08:13:13,0.2,4923,1547350,1531273,0.3,0.00,0.41,0.00,1.66,0.00,0.00,0.00,4.0,95830.0,95347.0,0.0,0.0,0.5,0.0,64.196,0.000,0.0,646463.5
2026-09-01T08:13:15,0.2,4923,1547350,1531272,0.3,0.00,0.50,0.00,1.98,0.00,0.00,0.00,4.0,95830.0,95347.0,0.0,0.0,0.5,0.0,64.171,0.000,0.0,642858.5
2026-09-01T08:13:17,0.2,4923,1547350,1531273,0.3,0.00,1.00,0.00,5.99,0.00,0.00,0.00,4.0,95830.0,95347.0,0.0,0.0,0.5,0.0,64.161,0.000,0.0,666053.5
2026-09-01T08:13:19,0.2,4922,1547350,1531273,0.3,0.00,0.50,0.00,1.98,0.00,0.00,0.00,4.0,95830.0,95347.0,0.0,0.0,0.5,0.0,64.222,0.000,0.0,646064.5
2026-09-01T08:13:21,0.2,4923,1547350,1531273,0.3,0.00,0.50,0.00,1.98,0.00,0.00,0.00,4.0,95830.0,95347.0,0.0,0.0,0.5,0.0,64.153,0.000,0.0,641234.0
2026-09-01T08:13:24,0.2,4923,1547350,1531273,0.3,0.00,0.45,0.00,1.79,0.00,0.00,0.00,4.0,95830.0,95347.0,0.0,0.0,0.5,0.0,64.191,0.000,0.0,647111.0
2026-09-01T08:13:26,0.2,4922,1547350,1531274,0.3,0.00,0.49,0.00,1.97,0.00,0.00,0.00,4.0,95830.0,95347.0,0.0,0.0,0.5,0.0,64.213,0.000,0.0,647130.5
2026-09-01T08:13:28,0.2,4922,1547350,1531274,0.3,0.00,0.50,0.00,2.00,0.00,0.00,0.00,4.0,95830.0,95347.0,0.0,0.0,0.5,0.0,64.208,0.000,0.0,645705.5
2026-09-01T08:13:30,0.2,4922,1547350,1531273,0.3,0.00,0.50,0.00,1.99,0.00,0.00,0.00,4.0,95830.0,95347.0,0.0,0.0,0.5,0.0,64.195,0.000,0.0,655386.0
2026-09-01T08:13:32,0.2,4922,1547350,1531274,0.3,0.00,0.50,0.00,2.00,0.00,0.00,0.00,4.0,95830.0,95347.0,0.0,0.0,0.5,0.0,64.181,0.000,0.0,634562.0
2026-09-01T08:13:34,0.2,4921,1547350,1531275,0.3,0.00,2.98,0.00,13.91,0.00,0.17,0.00,4.0,95830.0,95347.0,0.0,0.0,0.5,0.0,64.201,0.000,0.0,658908.5
2026-09-01T08:13:36,0.2,4921,1547350,1531275,0.3,0.00,1.49,0.00,11.89,0.00,0.00,0.00,4.0,95830.0,95347.0,0.0,0.0,0.5,0.0,64.186,0.000,0.0,654522.0
2026-09-01T08:13:38,0.2,4921,1547350,1531274,0.3,0.00,0.45,0.00,1.79,0.00,0.00,0.00,4.0,95830.0,95347.0,0.0,0.0,0.5,0.0,64.181,0.000,0.0,645938.5
2026-09-01T08:13:40,0.2,4921,1547350,1531275,0.3,0.00,0.49,0.00,1.97,0.00,0.00,0.00,4.0,95830.0,95347.0,0.0,0.0,0.5,0.0,64.219,0.000,0.0,662906.0
2026-09-01T08:13:42,0.2,4921,1547350,1531275,0.3,0.00,0.60,0.00,2.39,0.00,0.00,0.00,4.0,95830.0,95347.0,0.0,0.0,0.5,0.0,64.177,0.000,0.0,690693.5
2026-09-01T08:13:43,0.2,4920,1547350,1531276,0.3,0.00,1.30,0.00,5.20,0.00,0.00,0.00,4.0,95830.0,95347.0,0.0,0.0,0.5,0.0,64.174,0.000,0.0,656838.5
2026-09-01T08:13:45,0.2,4920,1547350,1531276,0.3,0.00,0.60,0.00,2.40,0.00,0.00,0.00,4.0,95830.0,95347.0,0.0,0.0,0.5,0.0,64.216,0.000,0.0,720804.0
2026-09-01T08:13:47,0.2,4920,1547350,1531276,0.3,0.00,0.59,0.00,2.38,0.00,0.00,0.00,4.0,95830.0,95347.0,0.0,0.0,0.5,0.0,64.194,0.000,0.0,654762.0
2026-09-01T08:13:48,0.2,4920,1547350,1531275,0.3,0.00,0.63,0.00,2.53,0.00,0.00,0.00,4.0,95830.0,95347.0,0.0,0.0,0.5,0.0,64.171,0.000,0.0,660765.0
2026-09-01T08:13:50,0.2,4920,1547350,1531275,0.3,0.00,1.24,0.00,4.98,0.00,0.00,0.00,4.0,95830.0,95347.0,0.0,0.0,0.5,0.0,64.235,0.000,0.0,656523.5
2026-09-01T08:13:51,0.2,4920,1547350,1531275,0.3,0.00,0.64,0.00,2.58,0.00,0.00,0.00,4.0,95830.0,95347.0,0.0,0.0,0.5,0.0,64.165,0.000,0.0,653349.0
2026-09-01T08:13:53,0.2,4920,1547350,1531276,0.3,0.00,0.56,0.00,2.23,0.00,0.00,0.00,4.0,95830.0,95347.0,0.0,0.0,0.5,0.0,64.195,0.000,0.0,658015.0
2026-09-01T08:13:55,0.2,4920,1547350,1531276,0.3,0.00,0.59,0.00,2.37,0.00,1.00,0.00,4.0,95830.0,95347.0,0.0,0.0,0.5,0.0,64.203,0.000,0.0,657196.5
2026-09-01T08:13:56,0.2,4920,1547350,1531276,0.3,0.00,0.64,0.00,2.55,0.00,0.00,0.00,4.0,95830.0,95347.0,0.0,0.0,0.5,0.0,64.230,0.000,0.0,654325.0
2026-09-01T08:13:58,0.2,4919,1547350,1531277,0.3,0.00,0.60,0.00,2.39,0.00,0.00,0.00,4.0,95830.0,95347.0,0.0,0.0,0.5,0.0,64.194,0.000,0.0,660820.5
2026-09-01T08:14:00,0.2,4919,1547350,1531277,0.3,0.00,0.62,0.00,2.49,0.00,0.00,0.00,4.0,95830.0,95347.0,0.0,0.0,0.5,0.0,64.189,0.000,0.0,665848.0
2026-09-01T08:14:01,0.2,4926,1547350,1531270,0.3,0.00,0.63,0.00,2.51,0.00,0.00,0.00,4.0,95830.0,95347.0,0.0,0.0,0.5,0.0,64.222,0.000,0.0,660588.0
2026-09-01T08:14:03,0.3,4925,1547350,1531271,0.3,0.00,0.56,0.00,2.26,0.00,0.00,0.00,4.0,95830.0,95347.0,0.0,0.0,0.5,0.0,64.196,0.000,0.0,680859.5
2026-09-01T08:14:05,0.2,4925,1547350,1531271,0.3,0.00,1.20,0.00,4.81,0.00,0.00,0.00,4.0,95830.0,95347.0,0.0,0.0,0.5,0.0,64.221,0.000,0.0,649578.0
2026-09-01T08:14:07,0.2,4925,1547350,1531271,0.3,0.00,1.48,0.00,11.85,0.00,0.00,0.05,4.0,95830.0,95347.0,0.0,0.0,0.5,0.0,64.183,0.000,0.0,641681.0
2026-09-01T08:14:09,0.2,4925,1547350,1531271,0.3,0.00,0.45,0.00,1.80,0.00,0.00,0.05,4.0,95830.0,95347.0,0.0,0.0,0.5,0.0,64.186,0.000,0.0,632463.0
2026-09-01T08:14:11,0.2,4925,1547350,1531271,0.3,0.00,0.56,0.00,2.23,0.00,0.00,0.00,4.0,95830.0,95347.0,0.0,0.0,0.5,0.0,64.203,0.000,0.0,668472.0
2026-09-01T08:14:13,0.2,4922,1547350,1531274,0.3,0.00,0.49,0.00,1.98,0.00,0.00,0.00,4.0,95830.0,95347.0,0.0,0.0,0.5,0.0,64.190,0.000,0.0,645833.0
2026-09-01T08:14:15,0.2,4922,1547350,1531274,0.3,0.00,0.50,0.00,1.99,0.00,0.00,0.00,4.0,95830.0,95347.0,0.0,0.0,0.5,0.0,64.209,0.000,0.0,649315.0
2026-09-01T08:14:17,0.2,4922,1547350,1531274,0.3,0.00,0.50,0.00,1.99,0.00,0.00,0.00,4.0,95830.0,95347.0,0.0,0.0,0.5,0.0,64.225,0.000,0.0,659227.0
2026-09-01T08:14:19,0.2,4921,1547350,1531274,0.3,0.00,1.00,0.00,5.98,0.00,0.00,0.00,4.0,95830.0,95347.0,0.0,0.0,0.5,0.0,64.204,0.000,0.0,650459.5
2026-09-01T08:14:21,0.2,4921,1547350,1531275,0.3,0.00,0.49,0.00,1.97,0.00,0.00,0.00,4.0,95830.0,95347.0,0.0,0.0,0.5,0.0,64.228,0.000,0.0,671152.5
2026-09-01T08:14:23,0.2,4921,1547350,1531274,0.3,0.00,0.51,0.00,2.02,0.00,0.00,0.00,4.0,95830.0,95347.0,0.0,0.0,0.5,0.0,64.209,0.000,0.0,657110.0
2026-09-01T08:14:25,0.2,4921,1547350,1531275,0.3,0.00,0.49,0.00,1.96,0.00,0.00,0.00,4.0,95830.0,95347.0,0.0,0.0,0.5,0.0,64.181,0.000,0.0,646247.0
2026-09-01T08:14:27,0.2,4921,1547350,1531275,0.3,0.00,0.50,0.00,1.99,0.00,1.00,0.00,4.0,95830.0,95347.0,0.0,0.0,0.5,0.0,64.210,0.000,0.0,633104.5
2026-09-01T08:14:29,0.2,4921,1547350,1531275,0.3,0.00,0.50,0.00,1.99,0.00,0.00,0.00,4.0,95830.0,95347.0,0.0,0.0,0.5,0.0,64.211,0.000,0.0,662712.5
2026-09-01T08:14:31,0.2,4921,1547350,1531275,0.3,0.00,0.50,0.00,1.98,0.00,0.00,0.00,4.0,95830.0,95347.0,0.0,0.0,0.5,0.0,64.229,0.000,0.0,643998.5
2026-09-01T08:14:33,0.2,4920,1547350,1531275,0.3,0.00,0.49,0.00,1.96,0.00,0.00,0.00,4.0,95830.0,95347.0,0.0,0.0,0.5,0.0,64.244,0.000,0.0,641836.0
2026-09-01T08:14:35,0.2,4920,1547350,1531275,0.3,0.00,2.72,0.00,12.68,0.00,0.00,0.00,4.0,95830.0,95347.0,0.0,0.0,0.5,0.0,64.203,0.000,0.0,646723.5
2026-09-01T08:14:37,0.2,4919,1547350,1531277,0.3,0.00,0.99,0.00,10.64,0.00,0.50,0.00,4.0,95830.0,95347.0,0.0,0.0,0.5,0.0,64.208,0.000,0.0,646871.0
2026-09-01T08:14:39,0.2,4920,1547350,1531276,0.3,0.00,0.50,0.00,1.99,0.00,0.00,0.00,4.0,95830.0,95347.0,0.0,0.0,0.5,0.0,64.244,0.000,0.0,645276.5
2026-09-01T08:14:41,0.2,4920,1547350,1531276,0.3,0.00,0.50,0.00,2.01,0.00,0.00,0.00,4.0,95830.0,95347.0,0.0,0.0,0.5,0.0,64.230,0.000,0.0,661521.5
2026-09-01T08:14:43,0.2,4920,1547350,1531275,0.3,0.00,0.52,0.00,2.08,0.00,0.00,0.00,4.0,95830.0,95347.0,0.0,0.0,0.5,0.0,64.251,0.000,0.0,655633.0
2026-09-01T08:14:45,0.2,4919,1547350,1531276,0.3,0.00,1.29,0.00,5.14,0.00,0.00,0.00,4.0,95830.0,95347.0,0.0,0.0,0.5,0.0,64.249,0.000,0.0,656625.5
2026-09-01T08:14:46,0.2,4920,1547350,1531275,0.3,0.00,0.60,0.00,2.40,0.00,0.00,0.00,4.0,95830.0,95347.0,0.0,0.0,0.5,0.0,64.209,0.000,0.0,728452.5
2026-09-01T08:14:48,0.2,4920,1547350,1531276,0.3,0.00,0.60,0.00,2.40,0.00,0.00,0.00,4.0,95830.0,95347.0,0.0,0.0,0.5,0.0,64.199,0.000,0.0,654693.5
2026-09-01T08:14:50,0.2,4919,1547350,1531276,0.3,0.00,0.61,0.00,2.44,0.00,0.00,0.06,4.0,95830.0,95347.0,0.0,0.0,0.5,0.0,64.221,0.000,0.0,675448.0
2026-09-01T08:14:51,0.2,4919,1547350,1531277,0.3,0.00,0.57,0.00,2.30,0.00,0.00,0.00,4.0,95830.0,95347.0,0.0,0.0,0.5,0.0,64.225,0.000,0.0,659555.0
2026-09-01T08:14:53,0.2,4919,1547350,1531277,0.3,0.00,0.61,0.00,2.44,0.00,0.00,0.00,4.0,95830.0,95347.0,0.0,0.0,0.5,0.0,64.261,0.000,0.0,650856.5
2026-09-01T08:14:55,0.2,4920,1547350,1531276,0.3,0.00,1.14,0.00,4.55,0.00,0.00,0.00,4.0,95830.0,95347.0,0.0,0.0,0.5,0.0,64.251,0.000,0.0,658824.5
2026-09-01T08:14:56,0.2,4920,1547350,1531276,0.3,0.00,0.61,0.00,2.43,0.00,0.00,0.00,4.0,95830.0,95347.0,0.0,0.0,0.5,0.0,64.261,0.000,0.0,672687.5
2026-09-01T08:14:58,0.2,4919,1547350,1531276,0.3,0.00,0.61,0.00,2.43,0.00,0.00,0.00,4.0,95830.0,95347.0,0.0,0.0,0.5,0.0,64.216,0.000,0.0,679150.0
2026-09-01T08:15:00,0.2,4921,1547350,1531275,0.3,0.00,1.18,0.00,4.74,0.00,0.00,0.00,4.0,95830.0,95347.0,0.0,0.0,0.5,0.0,64.281,0.000,0.0,696631.0
2026-09-01T08:15:01,0.3,4926,1547350,1531270,0.3,0.00,0.76,0.00,3.05,0.00,0.00,0.00,4.0,95830.0,95347.0,0.0,0.0,0.5,0.0,64.228,0.000,0.0,693413.0
2026-09-01T08:15:02,0.2,4927,1547350,1531268,0.3,0.00,0.99,0.00,3.97,0.00,0.00,0.00,4.0,95830.0,95347.0,0.0,0.0,0.5,0.0,64.234,0.000,0.0,660371.0
2026-09-01T08:15:04,0.2,4927,1547350,1531269,0.3,0.00,0.63,0.00,2.51,0.00,0.00,0.00,4.0,95830.0,95347.0,0.0,0.0,0.5,0.0,64.198,0.000,0.0,697983.0
2026-09-01T08:15:05,0.2,4927,1547350,1531269,0.3,0.00,0.61,0.00,2.45,0.00,1.00,0.00,4.0,95830.0,95347.0,0.0,0.0,0.5,0.0,64.223,0.000,0.0,674887.5
2026-09-01T08:15:07,0.2,4927,1547350,1531269,0.3,0.00,3.30,0.00,18.17,0.00,0.00,0.00,4.0,95830.0,95347.0,0.0,0.0,0.5,0.0,64.231,0.000,0.0,657592.5
2026-09-01T08:15:09,0.2,4927,1547350,1531268,0.3,0.00,0.56,0.00,2.22,0.00,0.00,0.00,4.0,95830.0,95347.0,0.0,0.0,0.5,0.0,64.254,0.000,0.0,650768.5
2026-09-01T08:15:11,0.2,4927,1547350,1531269,0.3,0.00,1.22,0.00,4.88,0.00,0.00,0.00,4.0,95830.0,95347.0,0.0,0.0,0.5,0.0,64.227,0.000,0.0,653840.5
2026-09-01T08:15:12,0.2,4926,1547350,1531270,0.3,0.00,0.56,0.00,2.23,0.00,0.00,0.06,4.0,95830.0,95347.0,0.0,0.0,0.5,0.0,64.213,0.000,0.0,657141.0
2026-09-01T08:15:14,0.2,4926,1547350,1531270,0.3,0.00,0.56,0.00,2.22,0.00,0.00,0.00,4.0,95830.0,95347.0,0.0,0.0,0.5,0.0,64.242,0.000,0.0,652361.0
2026-09-01T08:15:16,0.2,4925,1547350,1531271,0.3,0.00,0.46,0.00,1.85,0.00,0.00,0.00,4.0,95830.0,95347.0,0.0,0.0,0.5,0.0,64.245,0.000,0.0,645976.0
2026-09-01T08:15:18,0.2,4926,1547350,1531270,0.3,0.00,0.54,0.00,2.14,0.00,0.00,0.00,4.0,95830.0,95347.0,0.0,0.0,0.5,0.0,64.251,0.000,0.0,641714.0
2026-09-01T08:15:20,0.2,4925,1547350,1531270,0.3,0.00,0.45,0.00,1.79,0.00,0.00,0.00,4.0,95830.0,95347.0,0.0,0.0,0.5,0.0,64.230,0.000,0.0,630762.0
2026-09-01T08:15:23,0.2,4925,1547350,1531271,0.3,0.00,0.41,0.00,1.64,0.00,0.00,0.00,4.0,95830.0,95347.0,0.0,0.0,0.5,0.0,64.259,0.000,0.0,651060.0
2026-09-01T08:15:26,0.2,4926,1547350,1531269,0.3,0.00,0.66,0.00,3.98,0.00,0.00,0.03,4.0,95830.0,95347.0,0.0,0.0,0.5,0.0,64.201,0.000,0.0,704988.5
2026-09-01T08:15:29,0.2,4926,1547350,1531269,0.3,0.00,0.37,0.00,1.46,0.00,0.00,0.00,4.0,95830.0,95347.0,0.0,0.0,0.5,0.0,64.245,0.000,0.0,625006.5
2026-09-01T08:15:33,0.2,4931,1547350,1531265,0.3,0.00,1.75,0.00,7.99,0.00,0.14,0.00,4.0,95830.0,95347.0,0.0,0.0,0.5,0.0,64.239,0.000,0.0,631146.0
2026-09-01T08:15:36,0.3,4932,1547350,1531264,0.3,0.00,0.52,0.00,5.16,0.00,0.00,0.03,4.0,95830.0,95347.0,0.0,0.0,0.5,0.0,64.265,0.000,0.0,626425.0
2026-09-01T08:15:39,0.2,4936,1547350,1531260,0.3,0.00,0.40,0.00,1.62,0.00,0.00,0.00,4.0,95830.0,95347.0,0.0,0.0,0.5,0.0,64.251,0.000,0.0,634525.5
2026-09-01T08:15:42,0.2,4935,1547350,1531260,0.3,0.00,0.72,0.00,2.90,0.00,0.00,0.00,4.0,95830.0,95347.0,0.0,0.0,0.5,0.0,64.264,0.000,0.0,635156.5
2026-09-01T08:15:44,0.2,4936,1547350,1531260,0.3,0.00,0.41,0.00,1.65,0.00,0.00,0.00,4.0,95830.0,95347.0,0.0,0.0,0.5,0.0,64.276,0.000,0.0,662355.0
2026-09-01T08:15:46,0.2,4936,1547350,1531260,0.3,0.00,0.43,0.00,1.72,0.00,0.00,0.00,4.0,95830.0,95347.0,0.0,0.0,0.5,0.0,64.251,0.000,0.0,654532.0
2026-09-01T08:15:48,0.2,4936,1547350,1531259,0.3,0.00,0.50,0.00,1.99,0.00,0.00,0.00,4.0,95830.0,95347.0,0.0,0.0,0.5,0.0,64.254,0.000,0.0,640341.0
2026-09-01T08:15:50,0.2,4937,1547350,1531259,0.3,0.00,0.75,0.00,2.99,0.00,0.00,0.00,4.0,95830.0,95347.0,0.0,0.0,0.5,0.0,64.261,0.000,0.0,661967.5
2026-09-01T08:15:52,0.2,4941,1547350,1531255,0.3,0.00,0.43,0.00,1.72,0.00,1.00,0.00,4.0,95830.0,95347.0,0.0,0.0,0.5,0.0,64.268,0.000,0.0,659027.5
2026-09-01T08:15:53,0.2,4940,1547350,1531256,0.3,0.00,0.74,0.00,2.98,0.00,0.00,0.00,4.0,95830.0,95347.0,0.0,0.0,0.5,0.0,64.258,0.000,0.0,659027.5
2026-09-01T08:15:54,0.2,4940,1547350,1531256,0.3,0.00,1.44,0.00,5.75,0.00,0.00,0.00,4.0,95830.0,95347.0,0.0,0.0,0.5,0.0,64.254,0.000,0.0,680715.5
2026-09-01T08:15:56,0.2,4951,1547350,1531245,0.3,0.00,0.91,0.00,3.66,0.00,0.00,0.00,4.0,95830.0,95347.0,0.0,0.0,0.5,0.0,75.504,0.001,0.0,7201274.5
2026-09-01T08:15:58,0.7,5189,1547350,1530999,0.3,0.00,0.62,0.00,2.46,0.00,0.00,0.00,4.0,95830.0,95347.0,0.0,0.0,0.5,0.0,78.342,0.000,0.0,2438258.5
2026-09-01T08:16:02,0.7,5314,1547350,1530874,0.3,0.00,0.52,0.00,2.10,0.00,0.00,0.00,4.0,95830.0,95347.0,0.0,0.5,0.5,31.5,79.167,0.000,0.0,168882505.0
2026-09-01T08:16:04,1.3,5330,1547350,1530858,0.3,0.00,0.50,0.00,1.98,0.00,0.00,0.00,4.0,95830.0,95347.0,0.0,0.0,0.5,0.0,78.349,0.000,0.0,649887095.0
2026-09-01T08:16:06,1.7,5396,1547350,1530757,0.3,0.00,2.49,0.00,38.65,0.00,0.00,0.00,4.0,95830.0,95347.0,0.0,0.0,0.5,0.5,78.612,0.000,0.0,801380.0
2026-09-01T08:16:09,0.7,5409,1547350,1530742,0.3,0.00,143.83,0.00,1857.31,0.00,0.05,0.38,4.0,95830.0,95347.0,0.0,0.0,0.5,0.5,78.767,0.001,0.0,651974.0
2026-09-01T08:16:11,1.3,5547,1547350,1530605,0.4,0.00,36.02,0.00,482.55,0.00,0.05,0.04,4.0,95830.0,95347.0,0.0,0.0,0.5,0.0,78.822,0.053,0.0,1277492.5
2026-09-01T08:16:14,1.5,5598,1547350,1530553,0.4,0.00,530.73,0.00,6412.34,0.00,0.05,0.57,4.0,95830.0,95347.0,0.0,17.5,0.5,48.0,224.850,0.402,0.4,6150975.0
2026-09-01T08:16:16,2.2,5733,1547350,1530419,0.4,0.00,0.51,0.00,2.05,0.00,0.00,0.00,4.0,95830.0,95347.0,0.0,15.0,0.5,47.0,231.475,0.468,0.4,9875342.5
2026-09-01T08:16:17,1.6,5615,1547350,1530537,0.4,0.52,20.18,2.07,577.08,1.00,0.05,0.10,4.0,95830.0,95347.0,0.0,20.5,0.5,48.5,147.740,0.234,0.2,4125562.5
2026-09-01T08:16:18,1.3,5615,1547350,1530537,0.4,0.00,1.15,0.00,4.61,0.00,0.00,0.00,4.0,95830.0,95347.0,0.0,16.0,0.5,47.5,161.823,0.331,0.3,6009070.0
2026-09-01T08:16:21,0.9,5613,1547350,1530538,0.4,0.00,0.44,0.00,1.78,0.00,1.00,0.00,4.0,95830.0,95347.0,0.0,0.0,0.5,0.0,171.799,0.414,0.4,7527830.0
2026-09-01T08:16:23,1.1,5616,1547350,1530535,0.4,0.00,0.39,0.00,1.55,0.00,0.00,0.04,4.0,95830.0,95347.0,0.0,15.5,0.5,48.0,229.718,0.453,0.4,7722508.5
2026-09-01T08:16:25,1.2,5616,1547350,1530535,0.4,0.00,0.55,0.00,2.21,0.00,0.00,0.00,4.0,95830.0,95347.0,0.0,0.0,0.5,0.0,154.676,0.395,0.4,7296143.5
2026-09-01T08:16:28,0.8,5616,1547350,1530536,0.4,0.00,0.68,0.00,4.07,0.00,0.00,0.00,4.0,95830.0,95347.0,0.0,0.0,0.5,0.0,81.212,0.000,0.0,642477.0
2026-09-01T08:16:30,0.2,5616,1547350,1530536,0.4,0.00,0.50,0.00,2.00,0.00,0.00,0.00,4.0,95830.0,95347.0,0.0,0.0,0.5,0.0,81.040,0.000,0.0,649302.5
2026-09-01T08:16:32,0.2,5616,1547350,1530536,0.4,0.00,0.61,0.00,2.43,0.00,0.00,0.00,4.0,95830.0,95347.0,0.0,0.0,0.5,0.0,80.914,0.000,0.0,719624.5
2026-09-01T08:16:32,0.2,5615,1547350,1530536,0.4,0.00,6.64,0.00,44.25,0.00,0.00,0.00,4.0,95830.0,95347.0,0.0,0.0,0.5,0.0,80.791,0.000,0.0,642664.0
2026-09-01T08:16:35,0.2,5616,1547350,1530536,0.4,0.00,0.49,0.00,1.96,0.00,0.00,0.00,4.0,95830.0,95347.0,0.0,0.0,0.5,0.0,80.528,0.000,0.0,638597.5
2026-09-01T08:16:37,0.2,5617,1547350,1530534,0.4,0.00,72.94,0.00,1443.17,0.00,0.26,0.11,4.0,95830.0,95347.0,0.0,0.0,0.5,0.0,80.215,0.000,0.0,663804.0
2026-09-01T08:16:39,0.2,5618,1547350,1530533,0.4,0.00,1.12,0.00,3.37,0.00,0.00,0.00,4.0,95830.0,95347.0,0.0,0.0,0.5,0.0,80.103,0.000,0.0,640273.5
2026-09-01T08:16:42,0.2,5618,1547350,1530534,0.4,0.00,0.36,0.00,1.44,0.00,1.00,0.00,4.0,95830.0,95347.0,0.0,0.0,0.5,0.0,80.040,0.000,0.0,689017.5
2026-09-01T08:16:42,0.2,5619,1547350,1530533,0.4,0.00,171.12,0.00,1461.68,0.00,0.08,0.00,4.0,95830.0,95347.0,0.0,0.0,0.5,0.0,79.930,0.000,0.0,673044.0
2026-09-01T08:16:44,0.2,5619,1547350,1530532,0.4,0.00,0.59,0.00,2.36,0.00,0.00,0.00,4.0,95830.0,95347.0,0.0,0.0,0.5,0.0,79.823,0.000,0.0,638018.0
2026-09-01T08:16:46,0.2,5620,1547350,1530531,0.4,0.00,0.48,0.00,1.94,0.00,0.00,0.00,4.0,95830.0,95347.0,0.0,0.0,0.5,0.0,79.837,0.000,0.0,658359.5
2026-09-01T08:16:48,0.2,5620,1547350,1530531,0.4,0.00,1.28,0.00,5.14,0.00,0.50,0.00,4.0,95830.0,95347.0,0.0,0.0,0.5,0.0,79.634,0.000,0.0,653126.5
2026-09-01T08:16:49,0.2,5620,1547350,1530531,0.4,0.00,0.60,0.00,2.40,0.00,0.00,0.00,4.0,95830.0,95347.0,0.0,0.0,0.5,0.0,79.583,0.000,0.0,657302.0
2026-09-01T08:16:51,0.2,5620,1547350,1530531,0.4,0.00,0.71,0.00,2.82,0.00,0.00,0.00,4.0,95830.0,95347.0,0.0,0.0,0.5,0.0,79.582,0.000,0.0,655034.0
2026-09-01T08:16:52,0.2,5620,1547350,1530532,0.4,0.00,0.62,0.00,2.46,0.00,0.00,0.00,4.0,95830.0,95347.0,0.0,0.0,0.5,0.0,79.560,0.000,0.0,666247.5
2026-09-01T08:16:54,0.2,5621,1547350,1530531,0.4,0.00,0.61,0.00,2.45,0.00,0.00,0.00,4.0,95830.0,95347.0,0.0,0.0,0.5,0.0,79.535,0.000,0.0,659521.0
2026-09-01T08:16:55,0.2,5622,1547350,1530530,0.4,0.00,0.73,0.00,2.91,0.00,0.00,0.00,4.0,95830.0,95347.0,0.0,0.0,0.5,0.0,79.522,0.000,0.0,742151.0
2026-09-01T08:16:57,0.2,5622,1547350,1530529,0.4,0.00,0.69,0.00,2.75,0.00,0.00,0.00,4.0,95830.0,95347.0,0.0,0.0,0.5,0.0,79.419,0.000,0.0,663244.0
2026-09-01T08:16:58,0.2,5623,1547350,1530529,0.4,0.00,0.63,0.00,2.54,0.00,0.00,0.00,4.0,95830.0,95347.0,0.0,0.0,0.5,0.0,79.366,0.000,0.0,657207.0
2026-09-01T08:17:00,0.2,5624,1547350,1530528,0.4,0.00,0.61,0.00,2.44,0.00,0.00,0.00,4.0,95830.0,95347.0,0.0,0.0,0.5,0.0,79.279,0.000,0.0,673070.5
2026-09-01T08:17:01,0.3,5628,1547350,1530523,0.4,0.00,0.98,0.00,3.94,0.00,0.00,0.00,4.0,95830.0,95347.0,0.0,0.0,0.5,0.0,79.309,0.000,0.0,659585.5
2026-09-01T08:17:03,0.2,5629,1547350,1530523,0.4,0.00,1.19,0.00,4.78,0.00,0.00,0.00,4.0,95830.0,95347.0,0.0,0.0,0.5,0.0,79.292,0.000,0.0,644638.5
2026-09-01T08:17:05,0.2,5629,1547350,1530523,0.4,0.00,0.50,0.00,2.02,0.00,0.00,0.00,4.0,95830.0,95347.0,0.0,0.0,0.5,0.0,79.302,0.000,0.0,653923.0
2026-09-01T08:17:07,0.2,5629,1547350,1530522,0.4,0.00,5.66,0.00,50.96,0.00,0.10,0.00,4.0,95830.0,95347.0,0.0,0.0,0.5,0.0,79.284,0.000,0.0,644032.0
2026-09-01T08:17:09,0.2,5629,1547350,1530523,0.4,0.00,1.47,0.00,17.65,0.00,0.00,0.00,4.0,95830.0,95347.0,0.0,0.0,0.5,0.0,79.305,0.000,0.0,658197.0
2026-09-01T08:17:10,0.2,5629,1547350,1530523,0.4,0.00,0.62,0.00,2.46,0.00,0.00,0.00,4.0,95830.0,95347.0,0.0,0.0,0.5,0.0,79.340,0.000,0.0,748859.0
2026-09-01T08:17:12,0.2,5627,1547350,1530525,0.4,0.00,0.70,0.00,2.80,0.00,0.00,0.00,4.0,95830.0,95347.0,0.0,0.0,0.5,0.0,79.322,0.000,0.0,649597.0
2026-09-01T08:17:13,0.6,5629,1547350,1530522,0.4,0.00,0.56,0.00,2.24,0.00,0.00,0.00,4.0,95830.0,95347.0,0.0,0.0,0.5,0.0,79.330,0.000,0.0,649597.0
2026-09-01T08:17:14,1.3,5630,1547350,1530522,0.4,0.00,4.52,0.00,27.15,0.00,0.00,0.00,4.0,95830.0,95347.0,0.0,0.0,0.5,0.0,79.343,0.000,0.0,741845.0
2026-09-01T08:17:15,1.3,5628,1547350,1530523,0.4,0.00,1.28,0.00,5.10,0.00,0.00,0.00,4.0,95830.0,95347.0,0.0,0.0,0.5,0.0,79.378,0.000,0.0,649459.5
2026-09-01T08:17:17,0.4,5628,1547350,1530524,0.4,0.00,0.50,0.00,2.00,0.00,0.00,0.00,4.0,95830.0,95347.0,0.0,0.0,0.5,0.0,79.481,0.000,0.0,645985.5
2026-09-01T08:17:19,0.2,5627,1547350,1530524,0.4,0.00,0.50,0.00,2.00,0.00,0.00,0.00,4.0,95830.0,95347.0,0.0,0.0,0.5,0.0,79.531,0.000,0.0,653962.0
2026-09-01T08:17:20,0.2,5629,1547350,1530523,0.4,0.00,0.55,0.00,2.18,0.00,0.00,0.05,4.0,95830.0,95347.0,0.0,0.0,0.5,0.0,79.572,0.000,0.0,661977.5
2026-09-01T08:17:23,0.2,5629,1547350,1530523,0.4,0.00,0.45,0.00,1.78,0.00,0.00,0.00,4.0,95830.0,95347.0,0.0,0.0,0.5,0.0,79.574,0.000,0.0,646593.5
2026-09-01T08:17:25,0.2,5630,1547350,1530522,0.4,0.00,0.49,0.00,1.95,0.00,0.00,0.00,4.0,95830.0,95347.0,0.0,0.0,0.5,0.0,79.584,0.000,0.0,630330.5
2026-09-01T08:17:27,0.2,5631,1547350,1530520,0.4,0.00,0.50,0.00,2.01,0.00,0.00,0.00,4.0,95830.0,95347.0,0.0,0.0,0.5,0.0,79.572,0.000,0.0,659532.5
2026-09-01T08:17:29,0.2,5632,1547350,1530520,0.4,0.00,0.50,0.00,2.02,0.00,1.00,0.00,4.0,95830.0,95347.0,0.0,0.0,0.5,0.0,79.591,0.000,0.0,638313.0
2026-09-01T08:17:31,0.2,5632,1547350,1530520,0.4,0.00,0.41,0.00,1.65,0.00,0.00,0.00,4.0,95830.0,95347.0,0.0,0.0,0.5,0.0,79.588,0.000,0.0,666463.0
2026-09-01T08:17:32,0.2,5631,1547350,1530520,0.4,0.00,0.89,0.00,3.56,0.00,0.00,0.00,4.0,95830.0,95347.0,0.0,0.0,0.5,0.0,79.602,0.000,0.0,646875.5
2026-09-01T08:17:34,0.2,5633,1547350,1530519,0.4,0.00,2.71,0.00,12.64,0.00,0.00,0.00,4.0,95830.0,95347.0,0.0,0.0,0.5,0.0,79.594,0.000,0.0,657516.0
2026-09-01T08:17:36,0.2,5634,1547350,1530518,0.4,0.00,0.54,0.00,2.16,0.00,0.00,0.05,4.0,95830.0,95347.0,0.0,0.0,0.5,0.0,79.642,0.000,0.0,673066.0
2026-09-01T08:17:37,0.2,5636,1547350,1530515,0.4,0.00,26.88,0.00,239.70,0.00,0.13,0.00,4.0,95830.0,95347.0,0.0,0.0,0.5,0.0,79.715,0.000,0.0,641887.0
2026-09-01T08:17:40,0.2,5636,1547350,1530516,0.4,0.00,1.85,0.00,4.40,0.00,0.00,0.00,4.0,95830.0,95347.0,0.0,0.0,0.5,0.0,79.755,0.000,0.0,641887.0
2026-09-01T08:17:40,0.2,5636,1547350,1530516,0.4,0.00,1.41,0.00,5.64,0.00,0.00,0.00,4.0,95830.0,95347.0,0.0,0.0,0.5,0.0,79.802,0.000,0.0,668643.5
2026-09-01T08:17:42,0.2,5636,1547350,1530515,0.4,0.00,0.56,0.00,2.23,0.00,0.00,0.00,4.0,95830.0,95347.0,0.0,0.0,0.5,0.0,79.829,0.000,0.0,676144.5
2026-09-01T08:17:44,0.2,5637,1547350,1530515,0.4,0.00,1.00,0.00,3.98,0.00,0.50,0.00,4.0,95830.0,95347.0,0.0,0.0,0.5,0.0,79.825,0.000,0.0,673371.0
2026-09-01T08:17:46,0.2,5637,1547350,1530515,0.4,0.00,0.56,0.00,2.24,0.00,0.00,0.00,4.0,95830.0,95347.0,0.0,0.0,0.5,0.0,79.834,0.000,0.0,653990.0
2026-09-01T08:17:47,0.2,5640,1547350,1530511,0.4,0.00,0.64,0.00,2.54,0.00,0.00,0.00,4.0,95830.0,95347.0,0.0,0.0,0.5,0.0,79.843,0.000,0.0,651436.5
2026-09-01T08:17:49,0.3,5641,1547350,1530510,0.4,0.00,8.59,0.00,77.89,0.00,0.07,0.00,4.0,95830.0,95347.0,0.0,0.0,0.5,0.0,79.838,0.000,0.0,660214.0
2026-09-01T08:17:51,0.2,5642,1547350,1530510,0.4,0.00,0.69,0.00,2.76,0.00,0.00,0.00,4.0,95830.0,95347.0,0.0,0.0,0.5,0.0,79.836,0.000,0.0,665716.5
2026-09-01T08:17:52,0.2,5643,1547350,1530509,0.4,0.00,0.75,0.00,3.02,0.00,0.00,0.00,4.0,95830.0,95347.0,0.0,0.0,0.5,0.0,79.837,0.000,0.0,663608.0
2026-09-01T08:17:54,0.2,5643,1547350,1530509,0.4,0.00,0.52,0.00,2.07,0.00,1.00,0.00,4.0,95830.0,95347.0,0.0,0.0,0.5,0.0,79.849,0.000,0.0,639989.0
2026-09-01T08:17:56,0.2,5644,1547350,1530508,0.4,0.00,0.57,0.00,2.27,0.00,0.00,0.00,4.0,95830.0,95347.0,0.0,0.0,0.5,0.0,79.843,0.000,0.0,658188.5
2026-09-01T08:17:57,0.2,5644,1547350,1530508,0.4,0.00,0.68,0.00,2.73,0.00,0.00,0.00,4.0,95830.0,95347.0,0.0,0.0,0.5,0.0,79.844,0.000,0.0,658188.5
2026-09-01T08:17:58,0.3,5644,1547350,1530508,0.4,0.00,1.65,0.00,6.60,0.00,0.00,0.00,4.0,95830.0,95347.0,0.0,0.0,0.5,0.0,79.887,0.000,0.0,674077.5
2026-09-01T08:18:00,0.2,5646,1547350,1530506,0.4,0.00,0.52,0.00,2.09,0.00,0.00,0.05,4.0,95830.0,95347.0,0.0,0.0,0.5,0.0,79.903,0.000,0.0,668067.0
2026-09-01T08:18:01,0.3,5650,1547350,1530502,0.4,0.00,0.70,0.00,2.81,0.00,0.00,0.00,4.0,95830.0,95347.0,0.0,0.0,0.5,0.0,79.947,0.000,0.0,673655.0
2026-09-01T08:18:03,0.2,5650,1547350,1530501,0.4,0.00,0.65,0.00,2.58,0.00,0.00,0.00,4.0,95830.0,95347.0,0.0,0.0,0.5,0.0,79.960,0.000,0.0,673655.0
2026-09-01T08:18:04,0.2,5650,1547350,1530502,0.4,0.00,0.81,0.00,3.23,0.00,0.00,0.00,4.0,95830.0,95347.0,0.0,0.0,0.5,0.0,80.010,0.000,0.0,663713.5
2026-09-01T08:18:05,0.2,5653,1547350,1530499,0.4,0.00,1.24,0.00,4.97,0.00,0.00,0.00,4.0,95830.0,95347.0,0.0,0.0,0.5,0.0,80.071,0.000,0.0,684037.0
2026-09-01T08:18:06,0.2,5653,1547350,1530499,0.4,0.00,1.20,0.00,4.80,0.00,0.00,0.12,4.0,95830.0,95347.0,0.0,0.0,0.5,0.0,80.103,0.000,0.0,664810.0
2026-09-01T08:18:08,0.2,5652,1547350,1530500,0.4,0.00,3.16,0.00,36.39,0.00,0.00,0.00,4.0,95830.0,95347.0,0.0,0.0,0.5,0.0,80.112,0.000,0.0,654046.0
2026-09-01T08:18:10,0.2,5652,1547350,1530500,0.4,0.00,1.65,0.00,3.02,0.00,0.00,0.00,4.0,95830.0,95347.0,0.0,0.0,0.5,0.0,80.126,0.000,0.0,655255.5
2026-09-01T08:18:11,0.2,5650,1547350,1530502,0.4,0.00,0.62,0.00,2.48,0.00,0.00,0.00,4.0,95830.0,95347.0,0.0,0.0,0.5,0.0,80.150,0.000,0.0,674818.5
2026-09-01T08:18:13,0.2,5650,1547350,1530502,0.4,0.00,0.62,0.00,2.48,0.00,0.00,0.00,4.0,95830.0,95347.0,0.0,0.0,0.5,0.0,80.206,0.000,0.0,649864.5
2026-09-01T08:18:15,0.2,5650,1547350,1530502,0.4,0.00,0.55,0.00,2.19,0.00,1.00,0.00,4.0,95830.0,95347.0,0.0,0.0,0.5,0.0,80.157,0.000,0.0,655064.0
2026-09-01T08:18:16,0.2,5650,1547350,1530501,0.4,0.00,0.69,0.00,2.76,0.00,0.00,0.00,4.0,95830.0,95347.0,0.0,0.0,0.5,0.0,80.164,0.000,0.0,655064.0
2026-09-01T08:18:17,0.2,5651,1547350,1530501,0.4,0.00,1.54,0.00,6.15,0.00,0.00,0.00,4.0,95830.0,95347.0,0.0,0.0,0.5,0.0,80.178,0.000,0.0,715125.5
2026-09-01T08:18:18,0.2,5651,1547350,1530501,0.4,0.00,0.92,0.00,3.67,0.00,0.00,0.00,4.0,95830.0,95347.0,0.0,0.0,0.5,0.0,80.223,0.000,0.0,646629.0
2026-09-01T08:18:20,0.2,5652,1547350,1530499,0.4,0.00,0.99,0.00,3.97,0.00,0.00,0.00,4.0,95830.0,95347.0,0.0,0.0,0.5,0.0,80.239,0.000,0.0,652630.5
2026-09-01T08:18:22,0.2,5652,1547350,1530499,0.4,0.00,0.59,0.00,2.35,0.00,0.00,0.00,4.0,95830.0,95347.0,0.0,0.0,0.5,0.0,80.269,0.000,0.0,681931.5
2026-09-01T08:18:23,0.2,5652,1547350,1530500,0.4,0.00,0.59,0.00,2.34,0.00,0.00,0.00,4.0,95830.0,95347.0,0.0,0.0,0.5,0.0,80.256,0.000,0.0,652182.5
2026-09-01T08:18:25,0.2,5653,1547350,1530499,0.4,0.00,0.65,0.00,2.60,0.00,0.00,0.00,4.0,95830.0,95347.0,0.0,0.0,0.5,0.0,80.269,0.000,0.0,652182.5
2026-09-01T08:18:26,0.2,5652,1547350,1530500,0.4,0.00,1.02,0.00,4.10,0.00,0.00,0.00,4.0,95830.0,95347.0,0.0,0.0,0.5,0.0,80.265,0.000,0.0,669295.0
2026-09-01T08:18:28,0.2,5653,1547350,1530498,0.4,0.00,0.55,0.00,2.21,0.00,0.00,0.00,4.0,95830.0,95347.0,0.0,0.0,0.5,0.0,80.295,0.000,0.0,669295.0
2026-09-01T08:18:28,0.3,5654,1547350,1530498,0.4,0.00,2.06,0.00,8.23,0.00,0.00,0.00,4.0,95830.0,95347.0,0.0,0.0,0.5,0.0,80.285,0.000,0.0,676603.0
2026-09-01T08:18:30,0.2,5654,1547350,1530497,0.4,0.00,0.47,0.00,1.87,0.00,0.00,0.00,4.0,95830.0,95347.0,0.0,0.0,0.5,0.0,80.326,0.000,0.0,692113.0
2026-09-01T08:18:31,0.2,5655,1547350,1530497,0.4,0.00,1.01,0.00,4.02,0.00,0.00,0.00,4.0,95830.0,95347.0,0.0,0.0,0.5,0.0,80.328,0.000,0.0,653529.0
2026-09-01T08:18:33,0.2,5656,1547350,1530495,0.4,0.00,0.50,0.00,1.98,0.00,0.00,0.00,4.0,95830.0,95347.0,0.0,0.0,0.5,0.0,80.341,0.000,0.0,644832.0
2026-09-01T08:18:35,0.2,5658,1547350,1530494,0.4,0.00,2.44,0.00,9.76,0.00,0.00,0.00,4.0,95830.0,95347.0,0.0,0.0,0.5,0.0,80.330,0.000,0.0,679159.0
2026-09-01T08:18:36,0.2,5657,1547350,1530495,0.4,0.00,1.10,0.00,4.38,0.00,0.00,0.00,4.0,95830.0,95347.0,0.0,0.0,0.5,0.0,80.383,0.000,0.0,647144.0
2026-09-01T08:18:38,0.2,5658,1547350,1530493,0.4,0.00,1.39,0.00,17.19,0.00,0.33,0.00,4.0,95830.0,95347.0,0.0,0.0,0.5,0.0,80.412,0.000,0.0,660763.5
2026-09-01T08:18:40,0.2,5660,1547350,1530492,0.4,0.00,1.94,0.00,10.33,0.00,0.00,0.00,4.0,95830.0,95347.0,0.0,0.0,0.5,0.0,80.477,0.000,0.0,645399.0
2026-09-01T08:18:42,0.2,5661,1547350,1530491,0.4,0.00,0.47,0.00,1.88,0.00,0.00,0.00,4.0,95830.0,95347.0,0.0,0.0,0.5,0.0,80.537,0.000,0.0,688948.5
2026-09-01T08:18:43,0.2,5663,1547350,1530489,0.4,0.00,0.77,0.00,3.07,0.00,0.00,0.00,4.0,95830.0,95347.0,0.0,0.0,0.5,0.0,80.519,0.000,0.0,652911.5
2026-09-01T08:18:45,0.2,5665,1547350,1530486,0.4,0.00,1.42,0.00,5.69,0.00,0.00,0.00,4.0,95830.0,95347.0,0.0,0.0,0.5,0.0,80.546,0.000,0.0,649007.5
2026-09-01T08:18:47,0.2,5666,1547350,1530486,0.4,0.00,0.48,0.00,1.93,0.00,0.00,0.00,4.0,95830.0,95347.0,0.0,0.0,0.5,0.0,80.564,0.000,0.0,663515.0
2026-09-01T08:18:49,0.2,5667,1547350,1530484,0.4,0.00,0.53,0.00,2.12,0.00,0.00,0.00,4.0,95830.0,95347.0,0.0,0.0,0.5,0.0,80.556,0.000,0.0,642953.5
2026-09-01T08:18:51,0.3,5669,1547350,1530483,0.4,0.00,0.45,0.00,1.81,0.00,0.00,0.00,4.0,95830.0,95347.0,0.0,17.5,0.5,49.0,191.159,0.241,0.2,3812209.0
2026-09-01T08:18:52,1.1,5679,1547350,1530472,0.4,0.00,0.68,0.00,2.71,0.00,0.00,0.00,4.0,95830.0,95347.0,0.0,17.5,0.5,48.0,225.762,0.486,0.4,6881317.5
2026-09-01T08:18:54,1.2,5680,1547350,1530472,0.4,0.00,0.82,0.00,3.27,0.00,0.00,0.00,4.0,95830.0,95347.0,0.0,15.0,0.5,48.0,229.880,0.478,0.4,10085469.5
2026-09-01T08:18:56,1.2,5682,1547350,1530470,0.4,0.00,0.55,0.00,2.21,0.00,0.00,0.00,4.0,95830.0,95347.0,0.0,15.0,0.5,47.0,230.031,0.473,0.4,9019506.5
2026-09-01T08:18:57,1.2,5682,1547350,1530469,0.4,0.00,0.57,0.00,2.28,0.00,0.00,0.00,4.0,95830.0,95347.0,0.0,15.0,0.5,48.0,230.901,0.478,0.4,8563131.0
2026-09-01T08:18:59,1.2,5686,1547350,1530466,0.4,0.00,0.52,0.00,2.09,0.00,0.00,0.00,4.0,95830.0,95347.0,0.0,15.0,0.5,48.0,231.191,0.478,0.4,8640953.5
2026-09-01T08:19:00,1.3,5686,1547350,1530466,0.4,0.00,0.83,0.00,3.33,0.00,0.00,0.00,4.0,95830.0,95347.0,0.0,15.0,0.5,47.5,230.119,0.478,0.4,8640953.5
2026-09-01T08:19:01,1.5,5692,1547350,1530459,0.4,0.00,1.17,0.00,4.68,0.00,1.00,0.00,4.0,95830.0,95347.0,0.0,15.0,0.5,48.0,230.282,0.478,0.4,8656991.5
2026-09-01T08:19:03,1.2,5693,1547350,1530459,0.4,0.00,0.61,0.00,2.44,0.00,0.00,0.00,4.0,95830.0,95347.0,0.0,15.0,0.5,48.0,230.211,0.476,0.4,8534277.5
2026-09-01T08:19:05,1.3,5693,1547350,1530459,0.4,0.00,0.46,0.00,1.83,0.00,0.00,0.00,4.0,95830.0,95347.0,0.0,15.0,0.5,48.0,230.990,0.478,0.4,8522479.5
2026-09-01T08:19:06,1.3,5692,1547350,1530460,0.4,0.00,1.15,0.00,4.60,0.00,0.00,0.00,4.0,95830.0,95347.0,0.0,15.0,0.5,47.5,230.423,0.478,0.4,8508284.0
2026-09-01T08:19:08,1.3,5691,1547350,1530461,0.4,0.00,0.56,0.00,2.26,0.00,0.00,0.00,4.0,95830.0,95347.0,0.0,15.0,0.5,47.5,230.416,0.475,0.4,8497212.0
2026-09-01T08:19:09,1.3,5692,1547350,1530459,0.4,0.00,3.50,0.00,25.70,0.00,0.00,0.12,4.0,95830.0,95347.0,0.0,15.0,0.5,48.0,229.865,0.475,0.4,8497212.0
2026-09-01T08:19:10,1.3,5692,1547350,1530460,0.4,0.00,0.86,0.00,3.45,0.00,0.00,0.00,4.0,95830.0,95347.0,0.0,15.0,0.5,47.5,230.625,0.477,0.4,8872910.0
2026-09-01T08:19:11,1.3,5692,1547350,1530460,0.4,0.00,0.62,0.00,2.46,0.00,0.00,0.00,4.0,95830.0,95347.0,0.0,15.0,0.5,48.0,229.934,0.476,0.4,8588602.0
2026-09-01T08:19:13,1.3,5692,1547350,1530460,0.4,0.00,0.61,0.00,2.46,0.00,0.00,0.00,4.0,95830.0,95347.0,0.0,15.0,0.5,48.0,230.419,0.476,0.4,8588602.0
2026-09-01T08:19:13,1.4,5691,1547350,1530461,0.4,0.00,2.26,0.00,9.05,0.00,0.00,0.00,4.0,95830.0,95347.0,0.0,15.0,0.5,48.0,230.775,0.478,0.4,8761053.5
2026-09-01T08:19:14,1.3,5694,1547350,1530457,0.4,0.00,1.01,0.00,4.05,0.00,0.00,0.00,4.0,95830.0,95347.0,0.0,15.0,0.5,48.0,230.438,0.478,0.4,8603010.0
2026-09-01T08:19:16,1.3,5702,1547350,1530450,0.4,0.00,1.00,0.00,5.98,0.00,0.00,0.00,4.0,95830.0,95347.0,0.0,15.0,0.5,48.0,231.334,0.479,0.4,8499403.5
2026-09-01T08:19:17,1.3,5702,1547350,1530449,0.4,0.00,0.99,0.00,3.95,0.00,0.00,0.00,4.0,95830.0,95347.0,0.0,14.5,0.5,48.0,229.941,0.477,0.4,8558461.0
2026-09-01T08:19:19,1.3,5701,1547350,1530451,0.4,0.00,0.56,0.00,2.22,0.00,0.00,0.00,4.0,95830.0,95347.0,0.0,15.0,0.5,47.5,229.920,0.477,0.4,8432706.5
2026-09-01T08:19:21,1.3,5701,1547350,1530451,0.4,0.00,0.70,0.00,2.79,0.00,0.00,0.00,4.0,95830.0,95347.0,0.0,15.0,0.5,48.0,230.596,0.478,0.4,9233895.5
2026-09-01T08:19:22,1.3,5701,1547350,1530450,0.4,0.00,0.99,0.00,3.96,0.00,0.00,0.00,4.0,95830.0,95347.0,0.0,15.0,0.5,48.0,231.258,0.478,0.4,9233895.5
2026-09-01T08:19:22,1.3,5701,1547350,1530450,0.4,0.00,1.24,0.00,4.95,0.00,0.00,0.00,4.0,95830.0,95347.0,0.0,14.5,0.5,48.0,230.278,0.477,0.4,8670700.5
2026-09-01T08:19:25,1.3,5701,1547350,1530451,0.4,0.00,0.47,0.00,1.86,0.00,1.00,0.05,4.0,95830.0,95347.0,0.0,14.5,0.5,47.5,230.371,0.475,0.4,8479906.5
2026-09-01T08:19:27,1.3,5704,1547350,1530447,0.4,0.00,0.48,0.00,1.93,0.00,0.00,0.00,4.0,95830.0,95347.0,0.0,15.0,0.5,48.0,230.952,0.478,0.4,8517334.5
2026-09-01T08:19:29,1.3,5704,1547350,1530448,0.4,0.00,0.49,0.00,1.96,0.00,0.00,0.00,4.0,95830.0,95347.0,0.0,14.5,0.5,47.5,230.165,0.477,0.4,8540643.0
2026-09-01T08:19:30,1.3,5704,1547350,1530448,0.4,0.00,0.99,0.00,3.97,0.00,0.00,0.00,4.0,95830.0,95347.0,0.0,14.5,0.5,47.0,229.799,0.475,0.4,8338392.5
2026-09-01T08:19:32,1.3,5703,1547350,1530449,0.4,0.00,0.56,0.00,2.23,0.00,0.00,0.00,4.0,95830.0,95347.0,0.0,14.5,0.5,48.0,230.166,0.475,0.4,8338392.5
2026-09-01T08:19:32,1.3,5703,1547350,1530449,0.4,0.00,10.62,0.00,49.56,0.00,0.00,0.00,4.0,95830.0,95347.0,0.0,14.5,0.5,47.5,230.015,0.477,0.4,8821734.5
2026-09-01T08:19:34,1.3,5702,1547350,1530449,0.4,0.00,0.50,0.00,2.00,0.00,0.00,0.00,4.0,95830.0,95347.0,0.0,19.5,0.5,50.0,185.067,0.398,0.4,6928736.0
2026-09-01T08:19:37,1.1,5707,1547350,1530444,0.4,0.00,0.39,0.00,1.57,0.00,0.00,0.00,4.0,95830.0,95347.0,0.0,15.0,0.5,48.0,230.009,0.482,0.4,7793815.0
2026-09-01T08:19:38,1.2,5707,1547350,1530445,0.4,0.00,1.74,0.00,21.45,0.00,0.00,0.00,4.0,95830.0,95347.0,0.0,0.0,0.5,0.0,152.313,0.327,0.3,6082498.0
2026-09-01T08:19:40,0.9,5707,1547350,1530444,0.4,0.00,0.56,0.00,2.26,0.00,0.00,0.00,4.0,95830.0,95347.0,0.0,19.5,0.5,50.0,168.289,0.327,0.3,6082498.0
2026-09-01T08:19:41,1.2,5707,1547350,1530445,0.4,0.00,2.40,0.00,9.61,0.00,0.33,0.00,4.0,95830.0,95347.0,0.0,15.0,0.5,48.0,230.257,0.477,0.4,7612983.5
2026-09-01T08:19:43,1.2,5709,1547350,1530443,0.4,0.00,0.48,0.00,1.94,0.00,0.00,0.00,4.0,95830.0,95347.0,0.0,15.0,0.5,48.0,230.702,0.477,0.4,8857890.5
2026-09-01T08:19:47,1.0,5717,1547350,1530435,0.4,0.00,0.63,0.00,2.51,0.00,0.00,0.00,4.0,95830.0,95347.0,0.0,0.0,0.5,0.0,86.099,0.072,0.1,1808493.0
2026-09-01T08:19:49,0.2,5717,1547350,1530434,0.4,0.00,0.47,0.00,1.89,0.00,0.00,0.00,4.0,95830.0,95347.0,0.0,0.0,0.5,0.0,85.260,0.000,0.0,664088.5
2026-09-01T08:19:50,0.2,5718,1547350,1530434,0.4,0.00,0.63,0.00,2.50,0.00,0.00,0.00,4.0,95830.0,95347.0,0.0,0.0,0.5,0.0,85.058,0.000,0.0,664088.5
2026-09-01T08:19:51,0.2,5717,1547350,1530435,0.4,0.00,1.14,0.00,4.57,0.00,0.00,0.00,4.0,95830.0,95347.0,0.0,0.0,0.5,0.0,84.567,0.000,0.0,680135.5
2026-09-01T08:19:53,0.2,5717,1547350,1530434,0.4,0.00,0.75,0.00,2.98,0.00,0.00,0.00,4.0,95830.0,95347.0,0.0,0.0,0.5,0.0,84.145,0.000,0.0,662709.0
2026-09-01T08:19:55,0.3,5718,1547350,1530433,0.4,0.00,0.46,0.00,1.84,0.00,0.00,0.00,4.0,95830.0,95347.0,0.0,0.0,0.5,0.0,83.859,0.000,0.0,641866.5
2026-09-01T08:19:56,0.2,5720,1547350,1530432,0.4,0.00,0.60,0.00,2.39,0.00,0.00,0.00,4.0,95830.0,95347.0,0.0,0.0,0.5,0.0,83.820,0.000,0.0,651481.0
2026-09-01T08:19:58,0.2,5720,1547350,1530432,0.4,0.00,0.64,0.00,2.57,0.00,0.00,0.00,4.0,95830.0,95347.0,0.0,0.0,0.5,0.0,83.546,0.000,0.0,661629.0
2026-09-01T08:20:00,0.2,5720,1547350,1530432,0.4,0.00,0.60,0.00,2.42,0.00,0.00,0.00,4.0,95830.0,95347.0,0.0,0.0,0.5,0.0,83.251,0.000,0.0,657890.5
2026-09-01T08:20:01,0.3,5727,1547350,1530424,0.4,0.00,0.58,0.00,2.31,0.00,0.00,0.00,4.0,95830.0,95347.0,0.0,0.0,0.5,0.0,82.959,0.000,0.0,649459.0
2026-09-01T08:20:03,0.2,5728,1547350,1530424,0.4,0.00,0.60,0.00,2.39,0.00,0.00,0.00,4.0,95830.0,95347.0,0.0,0.0,0.5,0.0,82.834,0.000,0.0,655677.0
2026-09-01T08:20:05,0.2,5729,1547350,1530423,0.4,0.00,0.57,0.00,2.29,0.00,0.00,0.00,4.0,95830.0,95347.0,0.0,0.0,0.5,0.0,82.623,0.000,0.0,635135.0
2026-09-01T08:20:07,0.2,5734,1547350,1530418,0.4,0.00,0.49,0.00,1.94,0.00,0.00,0.00,4.0,95830.0,95347.0,0.0,0.0,0.5,0.0,82.437,0.000,0.0,666171.5
2026-09-01T08:20:08,0.2,5733,1547350,1530419,0.4,0.00,2.28,0.00,18.97,0.00,0.00,0.00,4.0,95830.0,95347.0,0.0,0.0,0.5,0.0,82.360,0.000,0.0,655083.5
2026-09-01T08:20:10,0.2,5733,1547350,1530419,0.4,0.00,0.57,0.00,2.26,0.00,0.00,0.00,4.0,95830.0,95347.0,0.0,0.0,0.5,0.0,82.232,0.000,0.0,687591.5
2026-09-01T08:20:11,0.2,5730,1547350,1530422,0.4,0.00,1.20,0.00,4.79,0.00,1.00,0.00,4.0,95830.0,95347.0,0.0,0.0,0.5,0.0,82.108,0.000,0.0,683292.0
2026-09-01T08:20:13,0.2,5730,1547350,1530422,0.4,0.00,0.50,0.00,2.01,0.00,0.00,0.00,4.0,95830.0,95347.0,0.0,0.0,0.5,0.0,81.974,0.000,0.0,657424.0
2026-09-01T08:20:14,0.2,5730,1547350,1530422,0.4,0.00,0.69,0.00,2.76,0.00,0.00,0.00,4.0,95830.0,95347.0,0.0,0.0,0.5,0.0,81.868,0.000,0.0,659760.5
2026-09-01T08:20:16,0.2,5730,1547350,1530422,0.4,0.00,0.72,0.00,2.87,0.00,0.00,0.00,4.0,95830.0,95347.0,0.0,0.0,0.5,0.0,81.829,0.000,0.0,708341.0
2026-09-01T08:20:17,0.2,5729,1547350,1530422,0.4,0.00,0.85,0.00,3.42,0.00,0.00,0.09,4.0,95830.0,95347.0,0.0,0.0,0.5,0.0,81.847,0.000,0.0,656858.5
2026-09-01T08:20:18,0.2,5741,1547350,1530410,0.4,0.00,1.23,0.00,4.92,0.00,0.00,0.00,4.0,95830.0,95347.0,0.0,0.0,0.5,0.0,81.776,0.000,0.0,649303.0
2026-09-01T08:20:20,0.2,5741,1547350,1530410,0.4,0.00,0.50,0.00,1.98,0.00,0.00,0.00,4.0,95830.0,95347.0,0.0,0.0,0.5,0.0,81.626,0.000,0.0,639745.5
2026-09-01T08:20:23,0.2,5743,1547350,1530409,0.4,0.00,0.45,0.00,1.79,0.00,0.00,0.00,4.0,95830.0,95347.0,0.0,0.0,0.5,0.0,81.613,0.000,0.0,678817.0
2026-09-01T08:20:24,0.2,5743,1547350,1530409,0.4,0.00,0.81,0.00,3.24,0.00,0.00,0.00,4.0,95830.0,95347.0,0.0,0.0,0.5,0.0,81.608,0.000,0.0,644751.5
2026-09-01T08:20:26,0.2,5743,1547350,1530408,0.4,0.00,0.50,0.00,1.99,0.00,0.00,0.00,4.0,95830.0,95347.0,0.0,0.0,0.5,0.0,81.588,0.000,0.0,640169.5
2026-09-01T08:20:28,0.2,5746,1547350,1530405,0.4,0.00,0.45,0.00,1.80,0.00,0.00,0.00,4.0,95830.0,95347.0,0.0,0.0,0.5,0.0,81.626,0.000,0.0,674016.0
2026-09-01T08:20:30,0.2,5746,1547350,1530406,0.4,0.00,0.50,0.00,1.99,0.00,0.00,0.00,4.0,95830.0,95347.0,0.0,0.0,0.5,0.0,81.613,0.000,0.0,678222.0
2026-09-01T08:20:33,0.2,5745,1547350,1530407,0.4,0.00,2.51,0.00,11.73,0.00,0.17,0.00,4.0,95830.0,95347.0,0.0,0.0,0.5,0.0,81.753,0.000,0.0,640733.0
2026-09-01T08:20:35,0.2,5745,1547350,1530406,0.4,0.00,0.50,0.00,1.98,0.00,0.00,0.00,4.0,95830.0,95347.0,0.0,0.0,0.5,0.0,81.712,0.000,0.0,673297.5
2026-09-01T08:20:36,0.2,5745,1547350,1530406,0.4,0.00,0.82,0.00,3.28,0.00,0.00,0.00,4.0,95830.0,95347.0,0.0,0.0,0.5,0.0,81.791,0.000,0.0,647300.0
2026-09-01T08:20:38,0.2,5745,1547350,1530407,0.4,0.00,0.49,0.00,1.97,0.00,0.00,0.00,4.0,95830.0,95347.0,0.0,0.0,0.5,0.0,81.822,0.000,0.0,647014.0
2026-09-01T08:20:40,0.2,5746,1547350,1530406,0.4,0.00,1.00,0.00,14.57,0.00,0.00,0.00,4.0,95830.0,95347.0,0.0,0.0,0.5,0.0,81.842,0.000,0.0,735813.0
2026-09-01T08:20:42,0.2,5747,1547350,1530405,0.4,0.00,0.49,0.00,1.98,0.00,0.00,0.00,4.0,95830.0,95347.0,0.0,0.0,0.5,0.0,81.846,0.000,0.0,692940.0
2026-09-01T08:20:43,0.2,5746,1547350,1530405,0.4,0.00,2.44,0.00,9.77,0.00,0.00,0.08,4.0,95830.0,95347.0,0.0,0.0,0.5,0.0,81.843,0.000,0.0,652491.5
2026-09-01T08:20:45,0.2,5747,1547350,1530405,0.4,0.00,0.56,0.00,2.22,0.00,0.00,0.00,4.0,95830.0,95347.0,0.0,0.0,0.5,0.0,81.868,0.000,0.0,652491.5
2026-09-01T08:20:45,0.2,5746,1547350,1530406,0.4,0.00,1.94,0.00,7.77,0.00,0.00,0.00,4.0,95830.0,95347.0,0.0,0.0,0.5,0.0,81.850,0.000,0.0,777717.0
2026-09-01T08:20:46,0.2,5747,1547350,1530405,0.4,0.00,1.05,0.00,4.19,0.00,0.00,0.00,4.0,95830.0,95347.0,0.0,0.0,0.5,0.0,81.966,0.000,0.0,650973.5
2026-09-01T08:20:49,0.2,5747,1547350,1530405,0.4,0.00,0.86,0.00,5.14,0.00,0.00,0.00,4.0,95830.0,95347.0,0.0,0.0,0.5,0.0,81.821,0.000,0.0,650033.5
2026-09-01T08:20:51,0.2,5746,1547350,1530405,0.4,0.00,0.50,0.00,1.99,0.00,0.00,0.00,4.0,95830.0,95347.0,0.0,0.0,0.5,0.0,81.873,0.000,0.0,648687.0
2026-09-01T08:20:52,0.2,5747,1547350,1530405,0.4,0.00,0.59,0.00,2.38,0.00,1.00,0.00,4.0,95830.0,95347.0,0.0,0.0,0.5,0.0,81.832,0.000,0.0,653842.5
2026-09-01T08:20:54,0.2,5747,1547350,1530405,0.4,0.00,0.61,0.00,2.44,0.00,0.00,0.00,4.0,95830.0,95347.0,0.0,0.0,0.5,0.0,81.871,0.000,0.0,636677.5
2026-09-01T08:20:55,0.2,5748,1547350,1530404,0.4,0.00,0.69,0.00,2.76,0.00,0.00,0.00,4.0,95830.0,95347.0,0.0,0.0,0.5,0.0,81.829,0.000,0.0,636677.5
2026-09-01T08:20:56,0.2,5748,1547350,1530404,0.4,0.00,1.02,0.00,4.08,0.00,0.00,0.00,4.0,95830.0,95347.0,0.0,0.0,0.5,0.0,81.815,0.000,0.0,680519.5
2026-09-01T08:20:58,0.2,5749,1547350,1530403,0.4,0.00,0.60,0.00,2.39,0.00,0.00,0.00,4.0,95830.0,95347.0,0.0,0.0,0.5,0.0,81.843,0.000,0.0,662315.5
2026-09-01T08:21:00,0.2,5749,1547350,1530403,0.4,0.00,0.63,0.00,2.53,0.00,0.00,0.00,4.0,95830.0,95347.0,0.0,0.0,0.5,0.0,81.872,0.000,0.0,652793.0
2026-09-01T08:21:01,0.3,5757,1547350,1530395,0.4,0.00,0.64,0.00,2.57,0.00,0.00,0.00,4.0,95830.0,95347.0,0.0,0.0,0.5,0.0,81.840,0.000,0.0,667754.5
2026-09-01T08:21:03,0.2,5757,1547350,1530395,0.4,0.00,0.56,0.00,2.23,0.00,0.00,0.00,4.0,95830.0,95347.0,0.0,0.0,0.5,0.0,81.904,0.000,0.0,650806.0
2026-09-01T08:21:05,0.2,5757,1547350,1530395,0.4,0.00,0.59,0.00,2.38,0.00,0.00,0.00,4.0,95830.0,95347.0,0.0,0.0,0.5,0.0,81.901,0.000,0.0,655617.5
2026-09-01T08:21:06,0.2,5757,1547350,1530395,0.4,0.00,0.60,0.00,2.39,0.00,0.00,0.00,4.0,95830.0,95347.0,0.0,0.0,0.5,0.0,81.913,0.000,0.0,655617.5
2026-09-01T08:21:07,0.3,5757,1547350,1530394,0.4,0.00,1.51,0.00,6.03,0.00,0.00,0.00,4.0,95830.0,95347.0,0.0,0.0,0.5,0.0,81.945,0.000,0.0,672720.0
2026-09-01T08:21:09,0.2,5756,1547350,1530395,0.4,0.00,6.31,0.00,42.83,0.00,0.08,0.00,4.0,95830.0,95347.0,0.0,0.0,0.5,0.0,82.061,0.000,0.0,752451.5
2026-09-01T08:21:11,0.2,5758,1547350,1530394,0.4,0.00,0.63,0.00,2.50,0.00,0.00,0.00,4.0,95830.0,95347.0,0.0,0.0,0.5,0.0,82.027,0.000,0.0,672641.5
2026-09-01T08:21:12,0.2,5755,1547350,1530397,0.4,0.00,0.62,0.00,2.49,0.00,0.00,0.00,4.0,95830.0,95347.0,0.0,0.0,0.5,0.0,82.154,0.000,0.0,652495.0
2026-09-01T08:21:14,0.2,5755,1547350,1530397,0.4,0.00,0.54,0.00,2.16,0.00,0.00,0.00,4.0,95830.0,95347.0,0.0,0.0,0.5,0.0,81.982,0.000,0.0,648741.0
2026-09-01T08:21:16,0.2,5754,1547350,1530398,0.4,0.00,0.56,0.00,2.24,0.00,0.00,0.00,4.0,95830.0,95347.0,0.0,0.0,0.5,0.0,82.032,0.000,0.0,661954.0
2026-09-01T08:21:17,0.2,5755,1547350,1530397,0.4,0.00,0.80,0.00,3.20,0.00,0.00,0.00,4.0,95830.0,95347.0,0.0,0.0,0.5,0.0,82.182,0.000,0.0,645801.5
2026-09-01T08:21:19,0.2,5757,1547350,1530395,0.4,0.00,0.51,0.00,2.03,0.00,0.00,0.00,4.0,95830.0,95347.0,0.0,0.0,0.5,0.0,82.257,0.000,0.0,662883.5
2026-09-01T08:21:20,0.2,5757,1547350,1530395,0.4,0.00,1.33,0.00,5.31,0.00,0.00,0.07,4.0,95830.0,95347.0,0.0,0.0,0.5,0.0,82.309,0.000,0.0,668067.0
2026-09-01T08:21:22,0.2,5757,1547350,1530395,0.4,0.00,0.75,0.00,3.01,0.00,0.00,0.00,4.0,95830.0,95347.0,0.0,0.0,0.5,0.0,82.430,0.000,0.0,642700.5
2026-09-01T08:21:24,0.2,5757,1547350,1530395,0.4,0.00,0.45,0.00,1.82,0.00,0.00,0.00,4.0,95830.0,95347.0,0.0,0.0,0.5,0.0,82.382,0.000,0.0,642700.5
2026-09-01T08:21:25,0.2,5760,1547350,1530391,0.4,0.00,1.05,0.00,4.20,0.00,0.00,0.00,4.0,95830.0,95347.0,0.0,0.0,0.5,0.0,82.289,0.000,0.0,663607.0
2026-09-01T08:21:27,0.3,5822,1547350,1530330,0.4,0.00,0.63,0.00,2.51,0.00,0.00,0.00,4.0,95830.0,95347.0,0.0,0.0,0.5,0.0,82.398,0.000,0.0,929702.0
2026-09-01T08:21:29,0.2,5822,1547350,1530329,0.4,0.00,0.46,0.00,1.83,0.00,1.00,0.00,4.0,95830.0,95347.0,0.0,0.0,0.5,0.0,82.393,0.000,0.0,929702.0
2026-09-01T08:21:30,0.2,5824,1547350,1530327,0.4,0.00,1.15,0.00,4.60,0.00,0.00,0.00,4.0,95830.0,95347.0,0.0,0.0,0.5,0.0,82.448,0.000,0.0,706988.0
2026-09-01T08:21:31,0.2,5823,1547350,1530328,0.4,0.00,0.92,0.00,3.68,0.00,0.00,0.00,4.0,95830.0,95347.0,0.0,0.0,0.5,0.0,82.435,0.000,0.0,677831.0
2026-09-01T08:21:32,0.2,5824,1547350,1530328,0.4,0.00,0.79,0.00,3.18,0.00,0.00,0.00,4.0,95830.0,95347.0,0.0,0.0,0.5,0.0,82.380,0.000,0.0,646824.0
2026-09-01T08:21:34,0.2,5824,1547350,1530328,0.4,0.00,0.55,0.00,2.21,0.00,0.00,0.00,4.0,95830.0,95347.0,0.0,0.0,0.5,0.0,82.340,0.000,0.0,646824.0
2026-09-01T08:21:35,0.2,5824,1547350,1530328,0.4,0.00,1.34,0.00,5.37,0.00,0.00,0.00,4.0,95830.0,95347.0,0.0,0.0,0.5,0.0,82.384,0.000,0.0,673246.5
2026-09-01T08:21:36,0.2,5824,1547350,1530328,0.4,0.00,3.17,0.00,12.68,0.00,0.00,0.00,4.0,95830.0,95347.0,0.0,0.0,0.5,0.0,82.447,0.000,0.0,719266.0
2026-09-01T08:21:37,0.2,5825,1547350,1530327,0.4,0.00,0.95,0.00,3.81,0.00,0.00,0.00,4.0,95830.0,95347.0,0.0,0.0,0.5,0.0,82.453,0.000,0.0,654306.5
2026-09-01T08:21:39,0.2,5825,1547350,1530327,0.4,0.00,0.65,0.00,2.58,0.00,0.00,0.06,4.0,95830.0,95347.0,0.0,0.0,0.5,0.0,82.477,0.000,0.0,654306.5
2026-09-01T08:21:40,1.6,5826,1547350,1530326,0.4,0.00,1.98,0.00,20.83,0.00,0.00,0.00,4.0,95830.0,95347.0,0.0,0.0,0.5,0.0,82.460,0.000,0.0,674748.5
2026-09-01T08:21:41,0.2,5826,1547350,1530326,0.4,0.00,0.82,0.00,3.28,0.00,1.00,0.00,4.0,95830.0,95347.0,0.0,0.0,0.5,0.0,82.424,0.000,0.0,674748.5
2026-09-01T08:21:42,0.2,5826,1547350,1530326,0.4,0.00,1.26,0.00,5.05,0.00,0.00,0.00,4.0,95830.0,95347.0,0.0,0.0,0.5,0.0,82.448,0.000,0.0,682959.0
2026-09-01T08:21:44,0.2,5827,1547350,1530325,0.4,0.00,0.67,0.00,2.67,0.00,0.00,0.00,4.0,95830.0,95347.0,0.0,0.0,0.5,0.0,82.441,0.000,0.0,682959.0
2026-09-01T08:21:44,0.2,5828,1547350,1530324,0.4,0.00,1.34,0.00,5.35,0.00,0.00,0.00,4.0,95830.0,95347.0,0.0,0.0,0.5,0.0,82.501,0.000,0.0,699096.5
2026-09-01T08:21:45,0.2,5828,1547350,1530323,0.4,0.00,3.00,0.00,16.00,0.00,0.00,0.00,4.0,95830.0,95347.0,0.0,0.0,0.5,0.0,82.438,0.000,0.0,660221.0
2026-09-01T08:21:47,0.2,5828,1547350,1530323,0.4,0.00,0.56,0.00,2.23,0.00,0.00,0.00,4.0,95830.0,95347.0,0.0,0.0,0.5,0.0,82.427,0.000,0.0,700813.0
2026-09-01T08:21:48,0.2,5829,1547350,1530323,0.4,0.00,0.81,0.00,3.24,0.00,0.00,0.00,4.0,95830.0,95347.0,0.0,0.0,0.5,0.0,82.440,0.000,0.0,651788.5
2026-09-01T08:21:50,0.2,5829,1547350,1530323,0.4,0.00,0.68,0.00,2.72,0.00,0.00,0.00,4.0,95830.0,95347.0,0.0,0.0,0.5,0.0,82.499,0.000,0.0,650727.5
2026-09-01T08:21:52,0.2,5829,1547350,1530323,0.4,0.00,1.00,0.00,6.02,0.00,0.00,0.00,4.0,95830.0,95347.0,0.0,0.0,0.5,0.0,82.378,0.000,0.0,650629.0
2026-09-01T08:21:53,0.2,5830,1547350,1530322,0.4,0.00,0.61,0.00,2.45,0.00,0.00,0.00,4.0,95830.0,95347.0,0.0,0.0,0.5,0.0,82.495,0.000,0.0,660109.0
2026-09-01T08:21:55,0.2,5830,1547350,1530321,0.4,0.00,0.59,0.00,2.38,0.00,0.00,0.00,4.0,95830.0,95347.0,0.0,0.0,0.5,0.0,82.546,0.000,0.0,652221.5
2026-09-01T08:21:57,0.2,5830,1547350,1530322,0.4,0.00,0.66,0.00,2.65,0.00,0.00,0.00,4.0,95830.0,95347.0,0.0,0.0,0.5,0.0,82.480,0.000,0.0,657449.5
2026-09-01T08:21:58,0.2,5831,1547350,1530321,0.4,0.00,0.59,0.00,2.38,0.00,0.00,0.00,4.0,95830.0,95347.0,0.0,0.0,0.5,0.0,82.436,0.000,0.0,667483.0
2026-09-01T08:21:59,0.2,5831,1547350,1530321,0.4,0.00,0.94,0.00,3.74,0.00,0.00,0.00,4.0,95830.0,95347.0,0.0,0.0,0.5,0.0,82.486,0.000,0.0,669385.0
2026-09-01T08:22:01,0.2,5835,1547350,1530317,0.4,0.00,0.63,0.00,2.54,0.00,0.00,0.00,4.0,95830.0,95347.0,0.0,0.0,0.5,0.0,82.526,0.000,0.0,655875.0
2026-09-01T08:22:03,0.2,5835,1547350,1530317,0.4,0.00,0.63,0.00,2.51,0.00,0.00,0.00,4.0,95830.0,95347.0,0.0,0.0,0.5,0.0,82.509,0.000,0.0,656138.5
2026-09-01T08:22:04,0.2,5835,1547350,1530317,0.4,0.00,0.68,0.00,2.72,0.00,0.00,0.00,4.0,95830.0,95347.0,0.0,0.0,0.5,0.0,82.466,0.000,0.0,664188.0
2026-09-01T08:22:06,0.2,5835,1547350,1530317,0.4,0.00,0.63,0.00,2.50,0.00,1.00,0.00,4.0,95830.0,95347.0,0.0,0.0,0.5,0.0,82.496,0.000,0.0,674928.0
2026-09-01T08:22:07,0.2,5835,1547350,1530316,0.4,0.00,0.55,0.00,2.19,0.00,0.00,0.00,4.0,95830.0,95347.0,0.0,0.0,0.5,0.0,82.502,0.000,0.0,651721.5
2026-09-01T08:22:09,0.2,5836,1547350,1530316,0.4,0.00,0.61,0.00,2.44,0.00,0.00,0.00,4.0,95830.0,95347.0,0.0,0.0,0.5,0.0,82.535,0.000,0.0,651721.5
2026-09-01T08:22:10,0.2,5836,1547350,1530316,0.4,0.00,2.72,0.00,29.21,0.00,0.00,0.00,4.0,95830.0,95347.0,0.0,0.0,0.5,0.0,82.530,0.000,0.0,697090.0
2026-09-01T08:22:11,0.2,5834,1547350,1530318,0.4,0.00,0.60,0.00,2.41,0.00,0.00,0.00,4.0,95830.0,95347.0,0.0,0.0,0.5,0.0,82.553,0.000,0.0,654355.0
2026-09-01T08:22:13,0.2,5833,1547350,1530318,0.4,0.00,0.64,0.00,2.55,0.00,0.00,0.00,4.0,95830.0,95347.0,0.0,0.0,0.5,0.0,82.633,0.000,0.0,655735.0
2026-09-01T08:22:15,0.2,5834,1547350,1530318,0.4,0.00,0.60,0.00,2.38,0.00,0.00,0.00,4.0,95830.0,95347.0,0.0,0.0,0.5,0.0,82.642,0.000,0.0,650889.0
2026-09-01T08:22:16,0.2,5834,1547350,1530318,0.4,0.00,0.56,0.00,2.24,0.00,0.00,0.00,4.0,95830.0,95347.0,0.0,0.0,0.5,0.0,82.641,0.000,0.0,653210.5
2026-09-01T08:22:18,0.2,5835,1547350,1530317,0.4,0.00,0.63,0.00,2.54,0.00,0.00,0.00,4.0,95830.0,95347.0,0.0,0.0,0.5,0.0,82.790,0.000,0.0,656352.5
2026-09-01T08:22:20,0.2,5836,1547350,1530316,0.4,0.00,0.54,0.00,2.16,0.00,0.00,0.05,4.0,95830.0,95347.0,0.0,0.0,0.5,0.0,82.754,0.000,0.0,649725.0
2026-09-01T08:22:22,0.2,5836,1547350,1530315,0.4,0.00,1.23,0.00,4.92,0.00,0.00,0.00,4.0,95830.0,95347.0,0.0,0.0,0.5,0.0,82.881,0.000,0.0,651946.5
2026-09-01T08:22:23,0.2,5934,1547350,1530217,0.4,0.00,0.55,0.00,2.20,0.00,0.00,0.00,4.0,95830.0,95347.0,0.0,0.0,0.5,0.0,82.873,0.000,0.0,679650.0
2026-09-01T08:22:24,0.2,5936,1547350,1530216,0.4,0.00,0.98,0.00,3.91,0.00,0.00,0.00,4.0,95830.0,95347.0,0.0,0.0,0.5,0.0,82.859,0.000,0.0,661200.0
2026-09-01T08:22:26,0.2,5935,1547350,1530216,0.4,0.00,0.56,0.00,2.23,0.00,0.00,0.00,4.0,95830.0,95347.0,0.0,0.0,0.5,0.0,82.885,0.000,0.0,661200.0
2026-09-01T08:22:27,0.2,5936,1547350,1530216,0.4,0.00,2.34,0.00,9.35,0.00,0.00,0.00,4.0,95830.0,95347.0,0.0,0.0,0.5,0.0,82.905,0.000,0.0,715389.5
2026-09-01T08:22:28,0.2,5935,1547350,1530216,0.4,0.00,0.93,0.00,3.70,0.00,0.00,0.00,4.0,95830.0,95347.0,0.0,0.0,0.5,0.0,82.829,0.000,0.0,715389.5
2026-09-01T08:22:28,0.2,5935,1547350,1530217,0.4,0.00,2.27,0.00,9.07,0.00,0.00,0.00,4.0,95830.0,95347.0,0.0,0.0,0.5,0.0,83.038,0.000,0.0,731651.0
2026-09-01T08:22:29,0.8,5911,1547350,1530229,0.4,0.00,1.09,0.00,4.37,0.00,0.00,0.00,4.0,95830.0,95347.0,0.0,0.0,0.5,0.5,92.347,0.000,0.0,731651.0
2026-09-01T08:22:30,0.4,5925,1547350,1529962,0.4,0.00,12.17,0.00,56.80,0.00,0.17,0.00,2200.0,95830.0,93152.0,0.0,0.0,0.5,0.0,97.491,0.001,0.0,4176136.5
2026-09-01T08:22:34,0.2,5927,1547350,1529961,0.4,0.00,0.22,0.00,0.87,0.00,0.00,0.00,2200.0,95830.0,93152.0,0.0,0.0,0.5,0.0,97.335,0.000,0.0,669753.5
2026-09-01T08:22:35,0.2,5926,1547350,1529962,0.4,0.00,1.10,0.00,4.41,0.00,0.00,0.00,2200.0,95830.0,93152.0,0.0,0.0,0.5,0.0,97.505,0.000,0.0,655349.0
2026-09-01T08:22:36,0.2,5926,1547350,1529962,0.4,0.00,0.81,0.00,3.22,0.00,0.00,0.00,2200.0,95830.0,93152.0,0.0,0.0,0.5,0.0,97.512,0.000,0.0,652615.5
2026-09-01T08:22:38,0.2,5929,1547350,1529959,0.4,0.00,0.51,0.00,2.04,0.00,0.00,0.00,2200.0,95830.0,93152.0,0.0,0.0,0.5,0.0,97.609,0.000,0.0,664082.0
2026-09-01T08:22:39,0.2,5929,1547350,1529959,0.4,0.00,1.00,0.00,4.00,0.00,0.00,0.00,2200.0,95830.0,93152.0,0.0,0.0,0.5,0.0,97.575,0.000,0.0,664082.0
2026-09-01T08:22:40,0.2,5928,1547350,1529959,0.4,0.00,2.58,0.00,10.31,0.00,0.00,0.00,2200.0,95830.0,93152.0,0.0,0.0,0.5,0.0,97.536,0.000,0.0,664082.0
2026-09-01T08:22:40,0.2,5930,1547350,1529958,0.4,0.00,5.55,0.00,48.98,0.00,0.00,0.00,2200.0,95830.0,93152.0,0.0,0.0,0.5,0.0,97.460,0.000,0.0,740825.5
2026-09-01T08:22:41,0.2,5929,1547350,1529959,0.4,0.00,0.99,0.00,3.94,0.00,1.00,0.00,2200.0,95830.0,93152.0,0.0,0.0,0.5,0.0,97.498,0.000,0.0,740825.5
2026-09-01T08:22:42,0.2,5929,1547350,1529959,0.4,0.00,2.68,0.00,10.71,0.00,0.00,0.00,2200.0,95830.0,93152.0,0.0,0.0,0.5,0.0,97.549,0.000,0.0,691077.5
2026-09-01T08:22:43,0.2,5930,1547350,1529958,0.4,0.00,0.64,0.00,2.57,0.00,0.00,0.00,2200.0,95830.0,93152.0,0.0,0.0,0.5,0.0,97.573,0.000,0.0,691077.5
2026-09-01T08:22:44,0.3,5933,1547350,1529954,0.4,0.00,2.03,0.00,8.13,0.00,0.00,0.00,2200.0,95830.0,93152.0,0.0,0.0,0.5,0.0,97.597,0.000,0.0,812957.0
2026-09-01T08:22:45,0.2,5943,1547350,1529945,0.4,0.00,1.01,0.00,4.03,0.00,0.00,0.00,2200.0,95830.0,93152.0,0.0,0.0,0.5,0.0,97.639,0.000,0.0,812957.0
2026-09-01T08:22:45,0.3,5952,1547350,1529934,0.4,0.00,2.27,0.00,9.09,0.00,0.00,0.00,2418.0,95830.0,92934.0,2.0,0.0,0.5,0.0,97.726,0.000,0.0,2282237.5
2026-09-01T08:22:47,0.2,5951,1547350,1529934,0.4,0.00,0.54,0.00,2.17,0.00,0.00,0.00,2418.0,95830.0,92934.0,0.0,0.0,0.5,0.0,97.706,0.000,0.0,2282237.5
2026-09-01T08:22:48,0.2,5951,1547350,1529935,0.4,0.00,3.15,0.00,12.62,0.00,0.00,0.00,2418.0,95830.0,92934.0,0.0,0.0,0.5,0.0,97.810,0.000,0.0,709644.5
2026-09-01T08:22:49,0.2,5950,1547350,1529935,0.4,0.00,1.35,0.00,5.40,0.00,0.00,0.00,2418.0,95830.0,92934.0,0.0,0.0,0.5,0.0,97.715,0.000,0.0,660253.5
2026-09-01T08:22:50,0.2,5951,1547350,1529934,0.4,0.00,0.56,0.00,2.24,0.00,0.00,0.00,2418.0,95830.0,92934.0,0.0,0.0,0.5,0.0,97.758,0.000,0.0,682277.0
2026-09-01T08:22:51,0.2,5952,1547350,1529934,0.4,0.00,1.67,0.00,6.67,0.00,0.00,0.00,2418.0,95830.0,92934.0,0.0,0.0,0.5,0.0,97.814,0.000,0.0,682277.0
2026-09-01T08:22:52,0.2,5951,1547350,1529935,0.4,0.00,1.11,0.00,4.45,0.00,0.00,0.00,2418.0,95830.0,92934.0,0.0,0.0,0.5,0.0,97.820,0.000,0.0,673041.0
2026-09-01T08:22:54,0.2,5952,1547350,1529934,0.4,0.00,0.59,0.00,2.37,0.00,0.00,0.06,2418.0,95830.0,92934.0,0.0,0.0,0.5,0.0,97.829,0.000,0.0,673041.0
2026-09-01T08:22:54,0.3,5951,1547350,1529935,0.4,0.00,1.41,0.00,5.65,0.00,0.00,0.00,2418.0,95830.0,92934.0,0.0,0.0,0.5,0.0,97.761,0.000,0.0,719961.0
2026-09-01T08:22:55,0.3,5952,1547350,1529934,0.4,0.00,1.74,0.00,6.96,0.00,0.00,0.00,2418.0,95830.0,92934.0,0.0,0.0,0.5,0.0,97.728,0.000,0.0,719961.0
2026-09-01T08:22:55,0.2,5963,1547350,1529922,0.4,0.00,1.63,0.00,6.51,0.00,0.00,0.00,2418.0,95830.0,92934.0,0.0,0.0,0.5,0.0,97.782,0.000,0.0,3765524.0
2026-09-01T08:22:56,0.2,5965,1547350,1529920,0.4,0.00,1.41,0.00,5.63,0.00,0.00,0.00,2470.0,95830.0,92882.0,0.0,0.0,0.5,0.0,97.867,0.000,0.0,660442.0
2026-09-01T08:22:57,0.2,5964,1547350,1529921,0.4,0.00,1.67,0.00,9.99,0.00,0.00,0.00,2470.0,95830.0,92882.0,0.0,0.0,0.5,0.0,97.844,0.000,0.0,664347.5
2026-09-01T08:22:59,0.2,6153,1547350,1529722,0.4,0.00,0.67,0.00,2.67,0.00,0.00,0.00,2470.0,95830.0,92882.0,0.0,0.0,0.5,0.0,97.942,0.000,0.0,664347.5
2026-09-01T08:23:00,0.5,6408,1547350,1529467,0.4,0.00,0.99,0.00,3.96,0.00,1.00,0.00,2572.0,95830.0,92780.0,3.0,0.0,0.5,0.0,98.452,0.003,0.0,870345.0
2026-09-01T08:23:01,0.2,6413,1547350,1529462,0.4,0.00,1.48,0.00,5.93,0.00,0.00,0.00,2572.0,95830.0,92780.0,0.0,0.0,0.5,0.0,98.013,0.001,0.0,5223793.0
2026-09-01T08:23:02,0.8,6438,1547350,1529438,0.4,0.00,0.90,0.00,3.61,0.00,0.00,0.00,2591.0,95830.0,92760.0,0.0,0.0,0.5,1.5,98.620,0.001,0.0,5223793.0
2026-09-01T08:23:02,0.7,6486,1547350,1529390,0.4,0.00,3.08,0.00,12.31,0.00,0.00,0.00,2591.0,95830.0,92760.0,0.0,0.0,0.5,0.0,99.065,0.001,0.0,5223793.0
2026-09-01T08:23:02,0.8,6653,1547350,1529214,0.4,0.00,2.11,0.00,8.42,0.00,0.00,0.00,2591.0,95830.0,92760.0,0.0,0.0,0.5,1.0,99.107,0.002,0.0,12164728.0
2026-09-01T08:23:03,1.3,6721,1547350,1529147,0.4,0.00,2.20,0.00,8.79,0.00,0.00,0.00,3093.0,95830.0,92258.0,2.0,0.0,0.5,0.0,98.738,0.002,0.0,12164728.0
2026-09-01T08:23:03,1.0,6708,1547350,1529086,0.4,0.00,3.36,0.00,13.42,0.00,0.00,0.00,13743.0,95830.0,81608.0,0.0,0.0,0.5,0.0,97.990,0.001,0.0,103046155.5
2026-09-01T08:23:05,0.2,6796,1547350,1528996,0.4,0.00,0.59,0.00,2.37,0.00,0.00,0.00,13911.0,95830.0,81440.0,0.0,0.0,0.5,0.0,98.001,0.000,0.0,707624.5
2026-09-01T08:23:07,0.3,6890,1547350,1528902,0.4,0.00,0.54,0.00,2.16,0.00,0.00,0.00,14001.0,95830.0,81350.0,0.0,0.0,0.5,0.0,119.029,0.064,0.1,2220507.0
2026-09-01T08:23:08,0.2,6911,1547350,1528880,0.4,0.00,1.06,0.00,4.23,0.00,0.00,0.00,14001.0,95830.0,81350.0,0.0,0.0,0.5,0.0,104.667,0.064,0.1,2220507.0
2026-09-01T08:23:09,0.8,6922,1547350,1528870,0.4,0.00,1.19,0.00,4.75,0.00,0.00,0.00,14001.0,95830.0,81350.0,0.0,7.0,0.5,29.5,145.990,0.114,0.1,11757736.0
2026-09-01T08:23:09,1.3,6922,1547350,1528869,0.4,0.00,2.38,0.00,9.50,0.00,0.00,0.00,14017.0,95830.0,81334.0,59.0,10.0,0.5,39.5,188.811,0.114,0.1,11757736.0
2026-09-01T08:23:09,1.0,6924,1547350,1528867,0.4,0.00,3.29,0.00,13.16,0.00,0.00,0.00,14017.0,95830.0,81334.0,59.0,4.5,0.5,20.0,179.599,0.114,0.1,11757736.0
2026-09-01T08:23:10,1.3,6968,1547350,1528823,0.5,0.00,2.35,0.00,9.41,0.00,0.00,0.24,14061.0,95830.0,81290.0,40.0,11.5,0.5,42.0,180.839,0.344,0.3,29497140.0
2026-09-01T08:23:10,0.3,6969,1547350,1528822,0.5,0.00,7.59,0.00,47.41,0.00,0.00,0.00,14061.0,95830.0,81290.0,1.0,0.0,0.5,0.0,103.519,0.016,0.0,2362311.0
2026-09-01T08:23:11,1.0,6969,1547350,1528823,0.5,0.00,1.63,0.00,6.54,0.00,0.00,0.00,14061.0,95830.0,81290.0,1.0,8.5,0.5,32.0,136.464,0.016,0.0,2362311.0
2026-09-01T08:23:12,1.3,6971,1547350,1528820,0.5,0.00,2.16,0.00,8.64,0.00,1.00,0.00,14129.0,95830.0,81222.0,12.0,2.0,0.5,6.0,160.346,0.016,0.0,2362311.0
2026-09-01T08:23:12,1.0,6977,1547350,1528814,0.5,0.00,1.74,0.00,6.97,0.00,0.00,0.00,14129.0,95830.0,81222.0,12.0,1.5,0.5,6.5,179.678,0.301,0.2,18661657.5
2026-09-01T08:23:12,0.9,6982,1547350,1528810,0.5,0.00,3.48,0.00,13.94,0.00,0.00,0.00,14129.0,95830.0,81222.0,12.0,3.0,0.5,9.0,162.591,0.301,0.2,18661657.5
2026-09-01T08:23:13,1.3,6981,1547350,1528810,0.5,0.00,3.12,0.00,12.46,0.00,0.00,0.00,14129.0,95830.0,81222.0,18.0,15.5,0.5,38.0,179.634,0.301,0.2,18661657.5
2026-09-01T08:23:13,0.8,6982,1547350,1528809,0.5,0.00,2.69,0.00,10.75,0.00,0.00,0.00,14129.0,95830.0,81222.0,18.0,0.0,0.5,1.0,161.871,0.301,0.2,18661657.5
2026-09-01T08:23:13,1.3,6987,1547350,1528804,0.5,0.00,3.29,0.00,13.16,0.00,0.00,0.00,14129.0,95830.0,81222.0,18.0,10.5,0.5,43.5,188.961,0.276,0.2,17461681.0
2026-09-01T08:23:14,1.3,6991,1547350,1528801,0.5,0.00,3.40,0.00,13.61,0.00,0.00,0.00,14131.0,95830.0,81220.0,87.0,9.5,0.5,40.5,186.084,0.276,0.2,17461681.0
2026-09-01T08:23:14,0.9,6994,1547350,1528798,0.5,0.00,2.51,0.00,10.05,0.00,0.00,0.00,14131.0,95830.0,81220.0,87.0,0.0,0.5,1.5,188.023,0.276,0.2,17461681.0
2026-09-01T08:23:14,1.2,6994,1547350,1528797,0.5,0.00,3.55,0.00,14.18,0.00,0.00,0.00,14131.0,95830.0,81220.0,87.0,13.5,0.5,43.0,183.339,0.276,0.2,17461681.0
2026-09-01T08:23:15,0.5,6994,1547350,1528797,0.5,0.00,1.64,0.00,6.57,0.00,0.00,0.00,14131.0,95830.0,81220.0,60.0,0.0,0.5,0.0,147.178,0.226,0.2,19089247.5
2026-09-01T08:23:15,1.3,6998,1547350,1528793,0.5,0.00,3.34,0.00,13.38,0.00,0.00,0.00,14131.0,95830.0,81220.0,60.0,12.5,0.5,44.5,151.126,0.226,0.2,19089247.5
2026-09-01T08:23:16,1.1,6996,1547350,1528796,0.5,0.00,3.32,0.00,13.29,0.00,0.00,0.00,14131.0,95830.0,81220.0,86.0,2.0,0.5,8.5,184.186,0.226,0.2,19089247.5
2026-09-01T08:23:16,0.9,6996,1547350,1528795,0.5,0.00,1.58,0.00,6.32,0.00,0.00,0.00,14131.0,95830.0,81220.0,86.0,4.5,0.5,18.5,165.953,0.302,0.2,22278672.0
2026-09-01T08:23:17,1.3,7044,1547350,1528747,0.5,0.00,2.18,0.00,8.73,0.00,0.00,0.00,14131.0,95830.0,81220.0,46.0,11.0,0.5,43.5,183.792,0.302,0.2,22278672.0
2026-09-01T08:23:17,1.3,7047,1547350,1528745,0.5,0.00,2.36,0.00,9.43,0.00,0.00,0.00,14131.0,95830.0,81220.0,46.0,10.0,0.5,41.5,185.879,0.302,0.2,22278672.0
2026-09-01T08:23:17,1.3,7047,1547350,1528744,0.5,0.00,3.36,0.00,13.42,0.00,0.00,0.00,14131.0,95830.0,81220.0,46.0,9.5,0.5,40.5,203.645,0.413,0.3,35031179.0
2026-09-01T08:23:18,0.7,7046,1547350,1528745,0.5,0.00,3.40,0.00,13.61,0.00,0.00,0.00,14131.0,95830.0,81220.0,81.0,3.0,0.5,10.5,168.787,0.413,0.3,35031179.0
2026-09-01T08:23:18,1.3,7048,1547350,1528743,0.5,0.00,2.31,0.00,9.24,0.00,0.00,0.00,14131.0,95830.0,81220.0,81.0,14.0,0.5,45.5,171.867,0.413,0.3,35031179.0
2026-09-01T08:23:18,1.3,7051,1547350,1528741,0.5,0.00,3.33,0.00,13.33,0.00,0.00,0.00,14131.0,95830.0,81220.0,81.0,9.5,0.5,41.0,172.347,0.278,0.2,22245765.0
2026-09-01T08:23:19,1.3,7051,1547350,1528740,0.5,0.00,3.44,0.00,13.75,0.00,0.00,0.00,14131.0,95830.0,81220.0,82.0,10.0,0.5,43.0,208.886,0.278,0.2,22245765.0
2026-09-01T08:23:19,1.3,7052,1547350,1528740,0.5,0.00,2.33,0.00,9.30,0.00,0.00,0.00,14131.0,95830.0,81220.0,82.0,9.5,0.5,41.0,207.055,0.278,0.2,22245765.0
2026-09-01T08:23:19,1.3,7052,1547350,1528739,0.5,0.00,3.29,0.00,13.16,0.00,0.00,0.00,14131.0,95830.0,81220.0,82.0,10.0,0.5,41.5,205.202,0.415,0.3,40077504.0
2026-09-01T08:23:20,1.0,7053,1547350,1528739,0.5,0.00,3.33,0.00,13.33,0.00,0.00,0.00,14131.0,95830.0,81220.0,83.0,8.0,0.5,25.5,187.882,0.415,0.3,40077504.0
2026-09-01T08:23:20,1.3,7052,1547350,1528739,0.5,0.00,1.40,0.00,5.59,0.00,1.00,0.00,14131.0,95830.0,81220.0,83.0,10.5,0.5,43.5,189.867,0.343,0.3,27978664.0
2026-09-01T08:23:21,1.3,7051,1547350,1528740,0.5,0.00,3.47,0.00,13.89,0.00,0.00,0.00,14131.0,95830.0,81220.0,88.0,10.0,0.5,42.0,204.350,0.343,0.3,27978664.0
2026-09-01T08:23:21,1.3,7052,1547350,1528739,0.5,0.00,2.65,0.00,10.61,0.00,0.00,0.00,14131.0,95830.0,81220.0,88.0,9.5,0.5,40.5,207.570,0.343,0.3,27978664.0
2026-09-01T08:23:21,1.3,7052,1547350,1528740,0.5,0.00,3.51,0.00,14.04,0.00,0.00,0.35,14131.0,95830.0,81220.0,88.0,10.5,0.5,43.5,207.252,0.343,0.3,27978664.0
2026-09-01T08:23:22,0.4,7051,1547350,1528740,0.5,0.00,1.62,0.00,6.46,0.00,0.00,0.00,14131.0,95830.0,81220.0,87.0,0.0,0.5,0.0,150.369,0.282,0.2,27489024.5
2026-09-01T08:23:22,1.3,7056,1547350,1528735,0.5,0.00,3.37,0.00,13.47,0.00,0.00,0.00,14131.0,95830.0,81220.0,87.0,14.0,0.5,45.5,150.031,0.282,0.2,27489024.5
2026-09-01T08:23:23,0.4,7058,1547350,1528733,0.5,0.00,2.44,0.00,9.76,0.00,0.00,0.00,14131.0,95830.0,81220.0,91.0,0.0,0.5,0.0,134.666,0.282,0.2,27489024.5
2026-09-01T08:23:23,1.2,7057,1547350,1528734,0.5,0.00,2.53,0.00,10.10,0.00,0.00,0.00,14131.0,95830.0,81220.0,91.0,14.5,0.5,47.0,156.924,0.215,0.2,12015390.0
2026-09-01T08:23:23,0.9,7059,1547350,1528733,0.5,0.00,3.51,0.00,14.04,0.00,0.00,0.00,14131.0,95830.0,81220.0,91.0,0.5,0.5,2.0,155.144,0.215,0.2,12015390.0
2026-09-01T08:23:24,1.0,7061,1547350,1528730,0.5,0.00,2.60,0.00,10.42,0.00,0.00,0.00,14131.0,95830.0,81220.0,86.0,6.5,0.5,25.0,166.589,0.215,0.2,12015390.0
2026-09-01T08:23:24,1.3,7066,1547350,1528725,0.5,0.00,2.04,0.00,8.15,0.00,0.00,0.00,14131.0,95830.0,81220.0,86.0,13.0,0.5,45.0,177.668,0.297,0.2,21569601.5
2026-09-01T08:23:25,1.3,7068,1547350,1528724,0.5,0.00,3.53,0.00,14.13,0.00,0.00,0.00,14133.0,95830.0,81218.0,90.0,10.0,0.5,43.0,193.327,0.297,0.2,21569601.5
2026-09-01T08:23:25,0.9,7068,1547350,1528724,0.5,0.00,3.41,0.00,13.65,0.00,0.00,0.34,14133.0,95830.0,81218.0,90.0,9.0,0.5,37.5,173.576,0.297,0.2,21569601.5
2026-09-01T08:23:25,1.3,7068,1547350,1528723,0.5,0.00,2.30,0.00,9.22,0.00,0.00,0.00,14133.0,95830.0,81218.0,90.0,15.0,0.5,46.5,189.003,0.339,0.3,26360523.0
2026-09-01T08:23:26,1.4,7070,1547350,1528721,0.5,0.00,3.33,0.00,13.33,0.00,0.00,0.00,14133.0,95830.0,81218.0,85.0,10.0,0.5,41.5,192.405,0.339,0.3,26360523.0
2026-09-01T08:23:26,0.7,7071,1547350,1528720,0.5,0.00,1.76,0.00,7.03,0.00,0.00,0.00,14133.0,95830.0,81218.0,85.0,0.0,0.5,0.0,165.722,0.339,0.3,26360523.0
2026-09-01T08:23:26,1.3,7071,1547350,1528720,0.5,0.00,3.40,0.00,13.61,0.00,0.00,0.00,14133.0,95830.0,81218.0,85.0,7.5,0.5,23.5,170.473,0.280,0.2,22963334.5
2026-09-01T08:23:27,1.3,7073,1547350,1528719,0.5,0.00,3.51,0.00,14.04,0.00,0.00,0.00,14133.0,95830.0,81218.0,47.0,10.0,0.5,42.0,179.154,0.280,0.2,22963334.5
2026-09-01T08:23:27,0.9,7073,1547350,1528718,0.5,0.00,2.39,0.00,9.57,0.00,0.00,0.00,14133.0,95830.0,81218.0,47.0,9.0,0.5,38.0,188.014,0.280,0.2,22963334.5
2026-09-01T08:23:28,1.4,7075,1547350,1528716,0.5,0.00,2.51,0.00,10.03,0.00,0.00,0.00,14133.0,95830.0,81218.0,1.0,14.5,0.5,47.5,189.075,0.347,0.3,28889644.5
2026-09-01T08:23:28,1.3,7076,1547350,1528716,0.5,0.00,3.05,0.00,12.20,0.00,0.00,0.00,14133.0,95830.0,81218.0,1.0,9.5,0.5,40.5,188.136,0.347,0.3,28889644.5
2026-09-01T08:23:28,1.0,7077,1547350,1528714,0.5,0.00,2.33,0.00,9.30,0.00,0.00,0.00,14133.0,95830.0,81218.0,1.0,2.5,0.5,32.0,190.796,0.347,0.3,28889644.5
2026-09-01T08:23:29,1.3,7077,1547350,1528714,0.5,0.00,3.44,0.00,13.75,0.00,1.00,0.00,14133.0,95830.0,81218.0,64.0,11.0,0.5,44.0,190.048,0.342,0.3,27687159.0
2026-09-01T08:23:29,0.6,7080,1547350,1528711,0.5,0.00,1.90,0.00,7.60,0.00,0.00,0.00,14133.0,95830.0,81218.0,64.0,0.0,0.5,0.0,167.047,0.342,0.3,27687159.0
2026-09-01T08:23:29,1.3,7079,1547350,1528712,0.5,0.00,3.34,0.00,13.38,0.00,0.00,0.00,14133.0,95830.0,81218.0,64.0,9.5,0.5,37.0,145.846,0.184,0.1,13900395.5
2026-09-01T08:23:30,1.1,7082,1547350,1528709,0.5,0.00,1.56,0.00,6.24,0.00,0.00,0.00,14133.0,95830.0,81218.0,62.0,14.5,0.5,47.0,187.475,0.184,0.1,13900395.5
2026-09-01T08:23:30,1.3,7083,1547350,1528709,0.5,0.00,3.33,0.00,13.33,0.00,0.00,0.00,14133.0,95830.0,81218.0,62.0,10.0,0.5,43.5,190.898,0.184,0.1,13900395.5
2026-09-01T08:23:31,0.9,7084,1547350,1528708,0.5,0.00,3.33,0.00,13.33,0.00,0.00,0.00,14133.0,95830.0,81218.0,87.0,6.5,0.5,28.5,178.864,0.344,0.3,28713871.5
2026-09-01T08:23:31,1.3,7087,1547350,1528705,0.5,0.00,1.97,0.00,7.87,0.00,0.00,0.00,14133.0,95830.0,81218.0,87.0,13.0,0.5,40.5,181.377,0.344,0.3,28713871.5
2026-09-01T08:23:32,0.8,7087,1547350,1528704,0.5,0.00,3.27,0.00,13.07,0.00,0.00,0.00,14133.0,95830.0,81218.0,87.0,9.5,0.5,40.5,157.680,0.344,0.3,28713871.5
2026-09-01T08:23:32,1.3,7089,1547350,1528702,0.5,0.00,3.13,0.00,12.54,0.00,0.00,0.00,14133.0,95830.0,81218.0,81.0,11.5,0.5,35.5,192.642,0.333,0.3,22276897.0
2026-09-01T08:23:32,1.4,7090,1547350,1528702,0.5,0.00,2.67,0.00,10.67,0.00,0.00,0.00,14133.0,95830.0,81218.0,81.0,10.0,0.5,43.5,184.315,0.333,0.3,22276897.0
2026-09-01T08:23:33,0.4,7090,1547350,1528702,0.5,0.00,2.60,0.00,10.42,0.00,0.00,0.00,14133.0,95830.0,81218.0,43.0,0.0,0.5,0.0,168.639,0.333,0.3,22276897.0
2026-09-01T08:23:33,1.3,7091,1547350,1528701,0.5,0.00,3.44,0.00,13.75,0.00,0.00,0.00,14133.0,95830.0,81218.0,43.0,7.5,0.5,23.0,168.546,0.260,0.2,20244777.0
2026-09-01T08:23:33,1.3,7092,1547350,1528699,0.5,0.00,3.00,0.00,12.01,0.00,0.00,0.00,14133.0,95830.0,81218.0,43.0,10.0,0.5,43.0,171.489,0.260,0.2,20244777.0
2026-09-01T08:23:34,0.9,7092,1547350,1528699,0.5,0.00,27.40,0.00,109.59,0.00,0.12,0.00,14133.0,95830.0,81218.0,43.0,10.0,0.5,42.0,181.332,0.260,0.2,20244777.0
2026-09-01T08:23:34,1.3,7093,1547350,1528698,0.5,0.00,3.08,0.00,12.31,0.00,0.00,0.00,14133.0,95830.0,81218.0,84.0,11.5,0.5,36.0,188.903,0.338,0.3,27308213.5
2026-09-01T08:23:34,0.9,7093,1547350,1528699,0.5,0.00,2.56,0.00,10.23,0.00,0.00,0.00,14133.0,95830.0,81218.0,84.0,9.0,0.5,38.0,166.069,0.338,0.3,27308213.5
2026-09-01T08:23:35,1.3,7094,1547350,1528697,0.5,0.00,2.86,0.00,11.43,0.00,0.00,0.00,14133.0,95830.0,81218.0,2.0,0.0,0.5,1.0,191.256,0.338,0.3,27308213.5
2026-09-01T08:23:35,1.0,7096,1547350,1528696,0.5,0.00,3.33,0.00,13.33,0.00,0.00,0.00,14133.0,95830.0,81218.0,2.0,10.5,0.5,43.0,168.539,0.297,0.2,22597462.5
2026-09-01T08:23:35,1.3,7096,1547350,1528696,0.5,0.00,2.50,0.00,10.00,0.00,0.00,0.00,14133.0,95830.0,81218.0,2.0,8.0,0.5,25.5,194.765,0.297,0.2,22597462.5
2026-09-01T08:23:36,1.3,7095,1547350,1528696,0.5,0.00,3.44,0.00,13.75,0.00,0.00,0.00,14133.0,95830.0,81218.0,87.0,10.5,0.5,43.5,192.247,0.297,0.2,22597462.5
2026-09-01T08:23:36,1.0,7094,1547350,1528697,0.5,0.00,1.67,0.00,6.68,0.00,0.00,0.00,14133.0,95830.0,81218.0,87.0,7.5,0.5,24.0,192.358,0.341,0.3,26870328.0
2026-09-01T08:23:36,0.9,7094,1547350,1528698,0.5,0.00,3.40,0.00,13.61,0.00,0.00,0.00,14133.0,95830.0,81218.0,87.0,0.0,0.5,1.0,170.803,0.341,0.3,26870328.0
2026-09-01T08:23:37,1.3,7093,1547350,1528698,0.5,0.00,3.09,0.00,12.35,0.00,0.00,0.31,14133.0,95830.0,81218.0,2.0,11.0,0.5,43.5,193.479,0.341,0.3,26870328.0
2026-09-01T08:23:37,0.8,7093,1547350,1528698,0.5,0.00,2.18,0.00,8.73,0.00,0.00,0.00,14133.0,95830.0,81218.0,2.0,0.0,0.5,1.0,172.566,0.281,0.2,21278315.0
2026-09-01T08:23:38,1.3,7093,1547350,1528698,0.5,0.00,2.86,0.00,11.43,0.00,0.00,0.00,14133.0,95830.0,81218.0,90.0,14.5,0.5,45.0,194.775,0.281,0.2,21278315.0
2026-09-01T08:23:38,1.0,7093,1547350,1528698,0.5,0.00,3.44,0.00,13.75,0.00,0.00,0.00,14133.0,95830.0,81218.0,90.0,6.5,0.5,20.5,195.048,0.281,0.2,21278315.0
2026-09-01T08:23:39,1.2,7093,1547350,1528698,0.5,0.00,1.60,0.00,6.40,0.00,0.00,0.00,14133.0,95830.0,81218.0,90.0,10.0,0.5,43.0,191.904,0.360,0.3,26444992.0
2026-09-01T08:23:39,0.6,7094,1547350,1528697,0.5,0.00,3.51,0.00,14.04,0.00,0.00,0.00,14133.0,95830.0,81218.0,86.0,0.0,0.5,0.0,170.255,0.360,0.3,26444992.0
2026-09-01T08:23:39,1.3,7096,1547350,1528696,0.5,0.00,2.16,0.00,8.66,0.00,0.00,0.00,14133.0,95830.0,81218.0,86.0,11.0,0.5,43.5,171.789,0.360,0.3,26444992.0
2026-09-01T08:23:40,1.3,7096,1547350,1528696,0.5,0.00,3.39,0.00,13.56,0.00,1.00,0.00,14133.0,95830.0,81218.0,86.0,10.5,0.5,43.5,174.419,0.287,0.2,23116153.0
2026-09-01T08:23:40,1.3,7095,1547350,1528696,0.5,0.00,6.39,0.00,108.63,0.00,0.00,0.00,14133.0,95830.0,81218.0,87.0,10.0,0.5,43.5,212.266,0.287,0.2,23116153.0
2026-09-01T08:23:40,1.3,7096,1547350,1528695,0.5,0.00,3.50,0.00,8.74,0.00,0.00,0.00,14133.0,95830.0,81218.0,87.0,10.0,0.5,43.5,212.188,0.287,0.2,23116153.0
2026-09-01T08:23:41,1.3,7097,1547350,1528694,0.5,0.00,3.36,0.00,13.42,0.00,0.00,0.00,14133.0,95830.0,81218.0,87.0,10.5,0.5,43.5,212.552,0.432,0.3,41575496.0
2026-09-01T08:23:41,0.6,7097,1547350,1528694,0.5,0.00,1.83,0.00,7.34,0.00,0.00,0.00,14133.0,95830.0,81218.0,87.0,0.5,0.5,1.5,165.549,0.432,0.3,41575496.0
2026-09-01T08:23:42,1.2,7098,1547350,1528693,0.5,0.00,3.31,0.00,13.25,0.00,0.00,0.00,14133.0,95830.0,81218.0,96.0,14.5,0.5,48.0,167.898,0.432,0.3,41575496.0
2026-09-01T08:23:42,1.4,7098,1547350,1528694,0.5,0.00,3.47,0.00,13.89,0.00,0.00,0.00,14133.0,95830.0,81218.0,96.0,3.5,0.5,16.5,182.442,0.246,0.2,20611583.5
2026-09-01T08:23:42,1.0,7099,1547350,1528693,0.5,0.00,1.65,0.00,6.60,0.00,0.00,0.00,14133.0,95830.0,81218.0,96.0,10.0,0.5,36.0,183.838,0.246,0.2,20611583.5
2026-09-01T08:23:43,0.4,7098,1547350,1528693,0.5,0.00,2.60,0.00,10.42,0.00,0.00,0.00,14133.0,95830.0,81218.0,72.0,0.0,0.5,0.0,137.229,0.246,0.2,20611583.5
2026-09-01T08:23:43,1.3,7099,1547350,1528692,0.5,0.00,2.36,0.00,9.43,0.00,0.00,0.00,14133.0,95830.0,81218.0,72.0,12.5,0.5,45.0,155.731,0.234,0.2,13719759.0
2026-09-01T08:23:44,1.5,7098,1547350,1528693,0.5,0.00,6.67,0.00,26.67,0.00,0.00,0.33,14133.0,95830.0,81218.0,90.0,2.5,0.5,11.5,176.166,0.234,0.2,13719759.0
2026-09-01T08:23:44,1.0,7098,1547350,1528693,0.5,0.00,1.66,0.00,6.63,0.00,0.00,0.00,14133.0,95830.0,81218.0,90.0,12.0,0.5,44.0,186.425,0.234,0.2,13719759.0
2026-09-01T08:23:45,1.0,7098,1547350,1528694,0.5,0.00,2.52,0.00,10.08,0.00,0.00,0.00,14133.0,95830.0,81218.0,42.0,7.0,0.5,22.5,182.228,0.303,0.2,20690213.0
2026-09-01T08:23:45,1.3,7098,1547350,1528694,0.5,0.00,3.44,0.00,13.75,0.00,0.00,0.00,14133.0,95830.0,81218.0,42.0,10.0,0.5,41.5,190.817,0.303,0.2,20690213.0
2026-09-01T08:23:45,0.9,7099,1547350,1528693,0.5,0.00,2.40,0.00,9.59,0.00,0.00,0.00,14133.0,95830.0,81218.0,42.0,2.0,0.5,9.5,184.679,0.303,0.2,20690213.0
2026-09-01T08:23:46,1.0,7099,1547350,1528692,0.5,0.00,2.79,0.00,11.17,0.00,0.00,0.00,14133.0,95830.0,81218.0,19.0,4.5,0.5,17.0,167.276,0.278,0.2,22526689.0
2026-09-01T08:23:46,1.3,7101,1547350,1528691,0.5,0.00,1.80,0.00,7.18,0.00,0.00,0.00,14133.0,95830.0,81218.0,19.0,11.5,0.5,43.5,179.425,0.278,0.2,22526689.0
2026-09-01T08:23:47,0.6,7101,1547350,1528691,0.5,0.00,1.81,0.00,7.22,0.00,0.00,0.18,14133.0,95830.0,81218.0,83.0,0.0,0.5,0.0,160.501,0.278,0.2,22526689.0
2026-09-01T08:23:47,1.3,7102,1547350,1528689,0.5,0.00,2.20,0.00,8.79,0.00,1.00,0.00,14133.0,95830.0,81218.0,83.0,12.5,0.5,45.0,165.353,0.301,0.2,21083306.5
2026-09-01T08:23:48,1.3,7102,1547350,1528689,0.5,0.00,3.42,0.00,13.70,0.00,0.00,0.00,14133.0,95830.0,81218.0,83.0,9.5,0.5,40.5,190.434,0.301,0.2,21083306.5
2026-09-01T08:23:48,0.9,7102,1547350,1528690,0.5,0.00,3.18,0.00,12.74,0.00,0.00,0.00,14133.0,95830.0,81218.0,81.0,4.5,0.5,14.0,191.389,0.301,0.2,21083306.5
2026-09-01T08:23:48,1.0,7101,1547350,1528690,0.5,0.00,2.05,0.00,8.21,0.00,0.00,0.00,14133.0,95830.0,81218.0,81.0,12.5,0.5,44.0,169.194,0.272,0.2,22860507.0
2026-09-01T08:23:49,1.3,7101,1547350,1528690,0.5,0.00,3.39,0.00,13.56,0.00,0.00,0.00,14133.0,95830.0,81218.0,2.0,14.5,0.5,43.5,172.744,0.272,0.2,22860507.0
2026-09-01T08:23:49,1.0,7101,1547350,1528690,0.5,0.00,6.56,0.00,26.23,0.00,0.00,0.00,14133.0,95830.0,81218.0,2.0,3.5,0.5,15.5,175.677,0.272,0.2,22860507.0
2026-09-01T08:23:49,1.3,7103,1547350,1528689,0.5,0.00,1.80,0.00,7.18,0.00,0.00,0.00,14133.0,95830.0,81218.0,2.0,9.0,0.5,28.0,190.968,0.355,0.3,24722953.5
2026-09-01T08:23:50,0.4,7104,1547350,1528688,0.5,0.00,2.35,0.00,9.39,0.00,0.00,0.00,14133.0,95830.0,81218.0,56.0,0.0,0.5,0.0,149.643,0.355,0.3,24722953.5
2026-09-01T08:23:50,1.3,7104,1547350,1528687,0.5,0.00,2.36,0.00,9.46,0.00,0.00,0.00,14133.0,95830.0,81218.0,56.0,5.0,0.5,16.0,157.349,0.355,0.3,24722953.5
2026-09-01T08:23:51,1.3,7105,1547350,1528687,0.5,0.00,3.42,0.00,13.70,0.00,0.00,0.00,14133.0,95830.0,81218.0,93.0,9.5,0.5,40.5,187.771,0.258,0.2,20734195.0
2026-09-01T08:23:51,1.2,7105,1547350,1528686,0.5,0.00,1.65,0.00,6.60,0.00,0.00,0.00,14133.0,95830.0,81218.0,93.0,10.5,0.5,43.5,206.411,0.258,0.2,20734195.0
2026-09-01T08:23:52,0.6,7105,1547350,1528686,0.5,0.00,1.86,0.00,7.45,0.00,0.00,0.00,14133.0,95830.0,81218.0,87.0,0.0,0.5,0.0,169.607,0.258,0.2,20734195.0
2026-09-01T08:23:52,1.3,7106,1547350,1528686,0.5,0.00,3.45,0.00,13.79,0.00,0.00,0.00,14133.0,95830.0,81218.0,87.0,11.5,0.5,34.5,169.553,0.295,0.2,24376225.0
2026-09-01T08:23:52,0.5,7108,1547350,1528683,0.5,0.00,2.30,0.00,9.22,0.00,0.00,0.00,14133.0,95830.0,81218.0,87.0,0.0,0.5,1.0,145.363,0.295,0.2,24376225.0
2026-09-01T08:23:53,1.3,7108,1547350,1528683,0.5,0.00,3.44,0.00,13.75,0.00,0.00,0.00,14133.0,95830.0,81218.0,2.0,14.5,0.5,47.5,169.416,0.295,0.2,24376225.0
2026-09-01T08:23:53,0.4,7109,1547350,1528682,0.5,0.00,2.11,0.00,8.44,0.00,0.00,0.00,14133.0,95830.0,81218.0,2.0,0.0,0.5,0.0,149.173,0.152,0.1,10957696.5
2026-09-01T08:23:54,1.3,7110,1547350,1528682,0.5,0.00,3.42,0.00,13.70,0.00,0.00,0.00,14133.0,95830.0,81218.0,2.0,4.0,0.5,13.5,164.947,0.152,0.1,10957696.5
2026-09-01T08:23:54,1.3,7109,1547350,1528682,0.5,0.00,3.33,0.00,13.33,0.00,0.00,0.00,14133.0,95830.0,81218.0,27.0,10.0,0.5,43.0,178.030,0.152,0.1,10957696.5
2026-09-01T08:23:54,0.9,7108,1547350,1528683,0.5,0.00,2.44,0.00,9.78,0.00,0.00,0.00,14133.0,95830.0,81218.0,27.0,7.0,0.5,30.5,191.285,0.352,0.3,29083789.5
2026-09-01T08:23:55,1.3,7110,1547350,1528681,0.5,0.00,3.44,0.00,13.75,0.00,0.00,0.00,14133.0,95830.0,81218.0,27.0,3.5,0.5,11.0,191.231,0.352,0.3,29083789.5
2026-09-01T08:23:55,0.4,7109,1547350,1528682,0.5,0.00,2.35,0.00,9.39,0.00,0.00,0.00,14133.0,95830.0,81218.0,22.0,2.5,0.5,7.5,161.173,0.352,0.3,29083789.5
2026-09-01T08:23:55,1.4,7110,1547350,1528682,0.5,0.00,1.88,0.00,7.52,0.00,1.00,0.00,14133.0,95830.0,81218.0,22.0,15.5,0.5,48.5,159.306,0.241,0.2,14167725.5
2026-09-01T08:23:56,1.3,7109,1547350,1528682,0.5,0.00,3.80,0.00,15.21,0.00,0.00,0.00,14133.0,95830.0,81218.0,97.0,10.5,0.5,43.5,178.896,0.241,0.2,14167725.5
2026-09-01T08:23:56,1.0,7109,1547350,1528682,0.5,0.00,3.97,0.00,15.87,0.00,0.00,0.00,14133.0,95830.0,81218.0,97.0,10.0,0.5,41.5,193.669,0.241,0.2,14167725.5
2026-09-01T08:23:56,1.3,7112,1547350,1528680,0.5,0.00,2.25,0.00,9.01,0.00,0.00,0.00,14133.0,95830.0,81218.0,97.0,14.5,0.5,47.0,192.305,0.241,0.2,14167725.5
2026-09-01T08:23:57,1.3,7113,1547350,1528679,0.5,0.00,3.98,0.00,15.94,0.00,0.00,0.00,14133.0,95830.0,81218.0,94.0,10.0,0.5,41.5,192.419,0.365,0.3,31038363.5
2026-09-01T08:23:57,0.8,7114,1547350,1528677,0.5,0.00,3.45,0.00,13.79,0.00,0.00,0.00,14133.0,95830.0,81218.0,94.0,3.0,0.5,13.0,178.788,0.365,0.3,31038363.5
2026-09-01T08:23:57,1.3,7115,1547350,1528677,0.5,0.00,3.00,0.00,12.01,0.00,0.00,0.00,14133.0,95830.0,81218.0,94.0,13.5,0.5,45.5,177.838,0.365,0.3,31038363.5
2026-09-01T08:23:58,0.6,7115,1547350,1528677,0.5,0.00,2.87,0.00,11.46,0.00,0.00,0.00,14133.0,95830.0,81218.0,9.0,4.5,0.5,14.5,149.049,0.365,0.3,31038363.5
2026-09-01T08:23:58,1.3,7114,1547350,1528677,0.5,0.00,3.86,0.00,15.44,0.00,0.00,0.00,14133.0,95830.0,81218.0,9.0,5.0,0.5,21.0,161.662,0.245,0.2,16494813.5
2026-09-01T08:23:58,1.2,7114,1547350,1528677,0.5,0.00,1.82,0.00,7.27,0.00,0.00,0.00,14133.0,95830.0,81218.0,9.0,12.0,0.5,43.0,179.320,0.245,0.2,16494813.5
2026-09-01T08:23:59,0.9,7113,1547350,1528678,0.5,0.00,4.00,0.00,16.00,0.00,0.00,0.00,14133.0,95830.0,81218.0,86.0,2.0,0.5,10.0,177.869,0.245,0.2,16494813.5
2026-09-01T08:23:59,1.3,7113,1547350,1528678,0.5,0.00,3.66,0.00,14.65,0.00,0.00,0.37,14133.0,95830.0,81218.0,86.0,13.5,0.5,43.0,181.639,0.245,0.2,16494813.5
2026-09-01T08:23:59,0.4,7113,1547350,1528678,0.5,0.00,2.65,0.00,10.58,0.00,0.00,0.00,14133.0,95830.0,81218.0,86.0,1.5,0.5,5.0,144.213,0.223,0.2,14565611.0
2026-09-01T08:24:00,1.0,7116,1547350,1528675,0.5,0.00,2.62,0.00,10.47,0.00,0.00,0.00,14133.0,95830.0,81218.0,10.0,14.0,0.5,46.5,163.539,0.223,0.2,14565611.0
2026-09-01T08:24:00,1.3,7115,1547350,1528676,0.5,0.00,3.86,0.00,15.44,0.00,0.00,0.00,14133.0,95830.0,81218.0,10.0,10.0,0.5,43.0,170.644,0.223,0.2,14565611.0
2026-09-01T08:24:00,1.4,7116,1547350,1528676,0.5,0.00,3.17,0.00,12.70,0.00,0.00,0.00,14133.0,95830.0,81218.0,10.0,9.0,0.5,39.0,191.376,0.223,0.2,14565611.0
2026-09-01T08:24:01,0.4,7115,1547350,1528676,0.5,0.00,3.31,0.00,13.25,0.00,0.00,0.00,14133.0,95830.0,81218.0,2.0,0.0,0.5,1.0,174.096,0.316,0.2,26121896.5
2026-09-01T08:24:01,1.2,7114,1547350,1528677,0.5,0.00,3.70,0.00,14.81,0.00,0.00,0.00,14133.0,95830.0,81218.0,2.0,12.0,0.5,44.0,177.109,0.316,0.2,26121896.5
2026-09-01T08:24:01,1.8,7122,1547350,1528670,0.5,0.00,3.04,0.00,12.16,0.00,0.00,0.00,14133.0,95830.0,81218.0,2.0,10.0,0.5,43.0,176.696,0.316,0.2,26121896.5
2026-09-01T08:24:02,0.6,7122,1547350,1528670,0.5,0.00,2.73,0.00,10.93,0.00,0.00,0.00,14133.0,95830.0,81218.0,0.0,0.0,0.5,0.0,178.610,0.316,0.2,26121896.5
2026-09-01T08:24:02,1.3,7122,1547350,1528670,0.5,0.00,3.86,0.00,15.44,0.00,0.00,0.00,14133.0,95830.0,81218.0,0.0,10.0,0.5,31.0,177.665,0.317,0.2,22691865.5
2026-09-01T08:24:02,1.3,7123,1547350,1528668,0.5,0.00,2.73,0.00,10.93,0.00,0.00,0.00,14133.0,95830.0,81218.0,0.0,6.5,0.5,29.5,176.005,0.317,0.2,22691865.5
2026-09-01T08:24:03,1.1,7128,1547350,1528663,0.5,0.00,2.09,0.00,8.35,0.00,0.00,0.00,14133.0,95830.0,81218.0,41.0,6.5,0.5,20.5,192.156,0.317,0.2,22691865.5
2026-09-01T08:24:03,0.6,7128,1547350,1528663,0.5,0.00,2.63,0.00,10.53,0.00,0.00,0.00,14133.0,95830.0,81218.0,41.0,1.5,0.5,8.0,161.106,0.264,0.2,21159314.5
2026-09-01T08:24:03,1.4,7128,1547350,1528663,0.5,0.00,3.77,0.00,15.09,0.00,1.00,0.00,14133.0,95830.0,81218.0,41.0,14.0,0.5,46.5,175.302,0.264,0.2,21159314.5
2026-09-01T08:24:04,1.3,7130,1547350,1528661,0.5,0.00,4.02,0.00,16.06,0.00,0.00,0.00,14133.0,95830.0,81218.0,93.0,10.0,0.5,42.5,178.731,0.264,0.2,21159314.5
2026-09-01T08:24:04,1.0,7129,1547350,1528662,0.5,0.00,3.97,0.00,15.87,0.00,0.00,0.00,14133.0,95830.0,81218.0,93.0,1.5,0.5,6.0,181.508,0.264,0.2,21159314.5
2026-09-01T08:24:04,1.3,7129,1547350,1528662,0.5,0.00,5.01,0.00,20.05,0.00,0.00,0.00,14133.0,95830.0,81218.0,93.0,6.0,0.5,25.5,177.377,0.325,0.2,24241280.0
2026-09-01T08:24:05,1.0,7130,1547350,1528661,0.5,0.00,2.40,0.00,9.59,0.00,0.00,0.00,14133.0,95830.0,81218.0,51.0,8.5,0.5,26.5,180.919,0.325,0.2,24241280.0
2026-09-01T08:24:05,1.3,7129,1547350,1528662,0.5,0.00,3.88,0.00,15.50,0.00,0.00,0.00,14133.0,95830.0,81218.0,51.0,11.5,0.5,41.5,196.974,0.325,0.2,24241280.0
2026-09-01T08:24:05,1.1,7129,1547350,1528662,0.5,0.00,2.92,0.00,11.66,0.00,0.00,0.00,14133.0,95830.0,81218.0,51.0,8.0,0.5,35.0,176.887,0.325,0.2,24241280.0
2026-09-01T08:24:06,1.3,7130,1547350,1528662,0.5,0.00,3.86,0.00,15.44,0.00,0.00,0.00,14133.0,95830.0,81218.0,51.0,13.0,0.5,46.0,191.659,0.368,0.3,26373723.5
2026-09-01T08:24:06,1.0,7129,1547350,1528662,0.5,0.00,3.89,0.00,15.56,0.00,0.00,0.00,14133.0,95830.0,81218.0,28.0,4.5,0.5,20.0,174.581,0.368,0.3,26373723.5
2026-09-01T08:24:06,1.3,7129,1547350,1528663,0.5,0.00,3.60,0.00,14.39,0.00,0.00,0.00,14133.0,95830.0,81218.0,28.0,11.0,0.5,34.0,190.340,0.368,0.3,26373723.5
2026-09-01T08:24:06,1.3,7129,1547350,1528663,0.5,0.00,3.27,0.00,13.07,0.00,0.00,0.00,14133.0,95830.0,81218.0,28.0,10.0,0.5,41.5,195.334,0.368,0.3,26373723.5
2026-09-01T08:24:07,1.4,7128,1547350,1528663,0.5,0.00,3.56,0.00,14.23,0.00,0.00,0.00,14133.0,95830.0,81218.0,83.0,3.5,0.5,16.5,189.952,0.347,0.3,29894907.0
2026-09-01T08:24:07,1.0,7128,1547350,1528663,0.5,0.00,1.55,0.00,6.19,0.00,0.00,0.00,14133.0,95830.0,81218.0,83.0,11.5,0.5,35.0,192.732,0.347,0.3,29894907.0
2026-09-01T08:24:08,1.4,7129,1547350,1528662,0.5,0.00,3.86,0.00,15.44,0.00,0.00,0.00,14133.0,95830.0,81218.0,83.0,9.5,0.5,41.0,192.814,0.347,0.3,29894907.0
2026-09-01T08:24:08,1.3,7129,1547350,1528662,0.5,0.00,3.92,0.00,15.69,0.00,0.00,0.00,14133.0,95830.0,81218.0,84.0,10.0,0.5,42.0,192.534,0.347,0.3,29894907.0
2026-09-01T08:24:08,1.3,7129,1547350,1528662,0.5,0.00,3.77,0.00,15.09,0.00,0.00,0.00,14133.0,95830.0,81218.0,84.0,9.5,0.5,40.5,207.273,0.400,0.3,34702338.5
2026-09-01T08:24:08,1.0,7130,1547350,1528662,0.5,0.00,3.00,0.00,12.01,0.00,0.00,0.00,14133.0,95830.0,81218.0,84.0,10.0,0.5,41.5,189.164,0.400,0.3,34702338.5
2026-09-01T08:24:09,1.3,7129,1547350,1528663,0.5,0.00,2.74,0.00,10.96,0.00,0.00,0.00,14133.0,95830.0,81218.0,83.0,15.0,0.5,48.0,193.171,0.400,0.3,34702338.5
2026-09-01T08:24:09,0.6,7131,1547350,1528661,0.5,0.00,3.75,0.00,14.98,0.00,0.00,0.00,14133.0,95830.0,81218.0,83.0,5.0,0.5,22.5,159.871,0.238,0.2,18060792.0
2026-09-01T08:24:09,1.3,7131,1547350,1528661,0.5,0.00,2.61,0.00,10.44,0.00,0.00,0.00,14133.0,95830.0,81218.0,83.0,13.5,0.5,40.5,173.294,0.238,0.2,18060792.0
2026-09-01T08:24:10,1.0,7131,1547350,1528661,0.5,0.00,3.83,0.00,15.33,0.00,1.00,0.00,14133.0,95830.0,81218.0,81.0,10.5,0.5,43.5,163.195,0.238,0.2,18060792.0
2026-09-01T08:24:10,1.1,7131,1547350,1528661,0.5,0.00,2.82,0.00,11.30,0.00,0.00,0.00,14133.0,95830.0,81218.0,81.0,7.5,0.5,32.5,179.538,0.308,0.2,20725987.5
2026-09-01T08:24:11,1.3,7130,1547350,1528661,0.5,0.00,4.98,0.00,58.87,0.00,0.00,0.00,14133.0,95830.0,81218.0,35.0,13.5,0.5,46.0,186.532,0.308,0.2,20725987.5
2026-09-01T08:24:11,1.1,7130,1547350,1528662,0.5,0.00,3.97,0.00,15.87,0.00,0.00,0.00,14133.0,95830.0,81218.0,35.0,10.0,0.5,42.5,177.486,0.308,0.2,20725987.5
2026-09-01T08:24:11,1.5,7129,1547350,1528662,0.5,0.00,2.31,0.00,9.24,0.00,0.00,0.00,14133.0,95830.0,81218.0,35.0,14.0,0.5,44.0,195.475,0.359,0.3,28339503.5
2026-09-01T08:24:12,0.9,7130,1547350,1528661,0.5,0.00,3.89,0.00,15.56,0.00,0.00,0.00,14133.0,95830.0,81218.0,35.0,9.5,0.5,41.0,173.950,0.359,0.3,28339503.5
2026-09-01T08:24:12,1.3,7130,1547350,1528662,0.5,0.00,3.88,0.00,15.50,0.00,0.00,0.00,14133.0,95830.0,81218.0,82.0,11.5,0.5,36.0,184.302,0.359,0.3,28339503.5
2026-09-01T08:24:12,1.4,7130,1547350,1528661,0.5,0.00,3.69,0.00,14.76,0.00,0.00,0.00,14133.0,95830.0,81218.0,82.0,10.0,0.5,42.5,171.388,0.280,0.2,21888362.0
2026-09-01T08:24:13,0.9,7130,1547350,1528662,0.5,0.00,2.03,0.00,8.11,0.00,0.00,0.00,14213.0,95830.0,81138.0,7.0,0.5,0.5,43.0,191.555,0.280,0.2,21888362.0
2026-09-01T08:24:13,0.9,7129,1547350,1528662,0.5,0.00,3.82,0.00,15.27,0.00,0.00,0.38,14213.0,95830.0,81138.0,7.0,7.5,0.5,30.5,169.906,0.280,0.2,21888362.0
2026-09-01T08:24:13,1.3,7130,1547350,1528662,0.5,0.00,3.82,0.00,15.27,0.00,0.00,0.00,14213.0,95830.0,81138.0,7.0,4.5,0.5,14.5,175.996,0.280,0.2,21888362.0
2026-09-01T08:24:13,1.3,7130,1547350,1528661,0.5,0.00,3.26,0.00,13.03,0.00,0.00,0.00,14213.0,95830.0,81138.0,7.0,10.0,0.5,41.5,189.263,0.347,0.3,23392986.0
2026-09-01T08:24:14,1.1,7130,1547350,1528661,0.5,0.00,2.89,0.00,11.56,0.00,0.00,0.00,14213.0,95830.0,81138.0,83.0,6.5,0.5,28.5,186.037,0.347,0.3,23392986.0
2026-09-01T08:24:14,1.2,7131,1547350,1528660,0.5,0.00,4.00,0.00,16.00,0.00,0.00,0.00,14213.0,95830.0,81138.0,83.0,12.5,0.5,44.5,192.736,0.347,0.3,23392986.0
2026-09-01T08:24:14,1.4,7131,1547350,1528661,0.5,0.00,3.22,0.00,12.86,0.00,0.00,0.00,14213.0,95830.0,81138.0,83.0,9.5,0.5,40.5,193.841,0.347,0.3,23392986.0
2026-09-01T08:24:15,1.4,7130,1547350,1528661,0.5,0.00,3.92,0.00,15.69,0.00,0.00,0.00,14213.0,95830.0,81138.0,83.0,10.0,0.5,42.5,204.332,0.367,0.3,31115342.5
2026-09-01T08:24:15,1.3,7132,1547350,1528660,0.5,0.00,3.77,0.00,15.09,0.00,0.00,0.00,14213.0,95830.0,81138.0,85.0,10.0,0.5,43.0,209.871,0.367,0.3,31115342.5
2026-09-01T08:24:15,1.3,7131,1547350,1528660,0.5,0.00,3.98,0.00,15.94,0.00,0.00,0.00,14213.0,95830.0,81138.0,85.0,10.0,0.5,42.5,210.839,0.367,0.3,31115342.5
2026-09-01T08:24:15,1.3,7131,1547350,1528661,0.5,0.00,2.86,0.00,11.43,0.00,0.00,0.00,14213.0,95830.0,81138.0,85.0,10.0,0.5,42.5,210.620,0.367,0.3,31115342.5
2026-09-01T08:24:16,1.4,7131,1547350,1528661,0.5,0.00,3.86,0.00,15.44,0.00,0.00,0.00,14213.0,95830.0,81138.0,85.0,10.0,0.5,41.5,211.159,0.423,0.3,41360888.0
2026-09-01T08:24:16,0.9,7131,1547350,1528661,0.5,0.00,3.86,0.00,15.44,0.00,0.00,0.00,14213.0,95830.0,81138.0,85.0,10.5,0.5,43.5,192.085,0.423,0.3,41360888.0
2026-09-01T08:24:16,1.1,7131,1547350,1528661,0.5,0.00,2.66,0.00,10.64,0.00,1.00,0.00,14213.0,95830.0,81138.0,85.0,9.5,0.5,38.0,178.402,0.423,0.3,41360888.0
2026-09-01T08:24:17,1.2,7132,1547350,1528660,0.5,0.00,2.74,0.00,10.96,0.00,0.00,0.00,14213.0,95830.0,81138.0,76.0,4.5,0.5,14.0,182.893,0.423,0.3,41360888.0
2026-09-01T08:24:17,1.4,7132,1547350,1528660,0.5,0.00,4.00,0.00,16.00,0.00,0.00,0.00,14213.0,95830.0,81138.0,76.0,13.5,0.5,46.0,200.580,0.320,0.2,22319228.0
2026-09-01T08:24:17,1.3,7131,1547350,1528661,0.5,0.00,2.19,0.00,8.75,0.00,0.00,0.00,14213.0,95830.0,81138.0,76.0,10.5,0.5,43.5,215.171,0.320,0.2,22319228.0
2026-09-01T08:24:18,1.3,7131,1547350,1528661,0.5,0.00,3.95,0.00,15.81,0.00,0.00,0.00,14213.0,95830.0,81138.0,87.0,10.0,0.5,42.5,210.502,0.320,0.2,22319228.0
2026-09-01T08:24:18,0.9,7132,1547350,1528660,0.5,0.00,3.95,0.00,15.81,0.00,0.00,0.00,14213.0,95830.0,81138.0,87.0,3.5,0.5,15.5,191.584,0.378,0.3,36477337.5
2026-09-01T08:24:18,1.3,7131,1547350,1528660,0.5,0.00,3.29,0.00,13.16,0.00,0.00,0.00,14213.0,95830.0,81138.0,87.0,10.5,0.5,43.5,196.066,0.378,0.3,36477337.5
2026-09-01T08:24:19,1.3,7131,1547350,1528660,0.5,0.00,3.53,0.00,14.13,0.00,0.00,0.00,14213.0,95830.0,81138.0,87.0,10.5,0.5,43.5,196.929,0.378,0.3,36477337.5
2026-09-01T08:24:19,1.3,7131,1547350,1528660,0.5,0.00,3.89,0.00,15.56,0.00,0.00,0.00,14213.0,95830.0,81138.0,87.0,10.5,0.5,43.5,197.165,0.378,0.3,36477337.5
2026-09-01T08:24:19,1.0,7132,1547350,1528660,0.5,0.00,3.85,0.00,15.38,0.00,0.00,0.00,14213.0,95830.0,81138.0,87.0,5.5,0.5,18.0,195.385,0.359,0.3,30254356.0
2026-09-01T08:24:19,1.0,7131,1547350,1528660,0.5,0.00,2.65,0.00,10.61,0.00,0.00,0.00,14213.0,95830.0,81138.0,87.0,1.5,0.5,7.0,178.211,0.359,0.3,30254356.0
2026-09-01T08:24:20,1.3,7131,1547350,1528660,0.5,0.00,2.79,0.00,11.14,0.00,0.00,0.00,14213.0,95830.0,81138.0,14.0,15.0,0.5,48.0,181.295,0.359,0.3,30254356.0
2026-09-01T08:24:20,0.5,7130,1547350,1528661,0.5,0.00,2.69,0.00,10.75,0.00,0.00,0.00,14213.0,95830.0,81138.0,14.0,4.0,0.5,13.0,148.677,0.230,0.2,14229805.0
2026-09-01T08:24:21,1.4,7131,1547350,1528661,0.5,0.00,2.65,0.00,10.61,0.00,0.00,0.00,14213.0,95830.0,81138.0,14.0,13.5,0.5,46.0,169.344,0.230,0.2,14229805.0
2026-09-01T08:24:21,1.0,7131,1547350,1528660,0.5,0.00,3.94,0.00,15.75,0.00,0.00,0.00,14213.0,95830.0,81138.0,92.0,4.0,0.5,17.5,148.513,0.230,0.2,14229805.0
2026-09-01T08:24:21,1.3,7131,1547350,1528660,0.5,0.00,3.86,0.00,15.44,0.00,0.00,0.00,14213.0,95830.0,81138.0,92.0,11.5,0.5,35.5,170.259,0.230,0.2,14229805.0
2026-09-01T08:24:21,1.3,7131,1547350,1528661,0.5,0.00,3.62,0.00,14.49,0.00,0.00,0.00,14213.0,95830.0,81138.0,92.0,10.5,0.5,43.5,199.877,0.349,0.3,23694561.5
2026-09-01T08:24:22,1.3,7131,1547350,1528660,0.5,0.00,3.95,0.00,15.81,0.00,0.00,0.00,14213.0,95830.0,81138.0,92.0,10.5,0.5,44.0,197.545,0.349,0.3,23694561.5
2026-09-01T08:24:22,0.6,7130,1547350,1528661,0.5,0.00,2.46,0.00,9.85,0.00,0.00,0.00,14213.0,95830.0,81138.0,88.0,0.0,0.5,0.0,174.574,0.349,0.3,23694561.5
2026-09-01T08:24:22,1.3,7130,1547350,1528661,0.5,0.00,3.89,0.00,15.56,0.00,0.00,0.00,14213.0,95830.0,81138.0,88.0,10.5,0.5,43.0,178.183,0.349,0.3,23694561.5
2026-09-01T08:24:23,1.3,7131,1547350,1528661,0.5,0.00,3.30,0.00,13.20,0.00,0.00,0.00,14213.0,95830.0,81138.0,88.0,10.5,0.5,43.5,178.968,0.324,0.2,29460677.5
2026-09-01T08:24:23,1.3,7131,1547350,1528661,0.5,0.00,3.72,0.00,14.87,0.00,0.00,0.00,14213.0,95830.0,81138.0,87.0,10.5,0.5,43.0,201.085,0.324,0.2,29460677.5
2026-09-01T08:24:23,1.3,7131,1547350,1528660,0.5,0.00,3.88,0.00,15.50,0.00,0.00,0.00,14213.0,95830.0,81138.0,87.0,10.5,0.5,43.5,215.433,0.324,0.2,29460677.5
2026-09-01T08:24:23,1.0,7136,1547350,1528656,0.5,0.00,2.57,0.00,10.28,0.00,0.00,0.00,14213.0,95830.0,81138.0,87.0,9.0,0.5,38.0,196.499,0.324,0.2,29460677.5
2026-09-01T08:24:24,1.3,7135,1547350,1528656,0.5,0.00,3.66,0.00,14.65,0.00,0.00,0.00,14213.0,95830.0,81138.0,28.0,14.0,0.5,46.5,199.152,0.378,0.3,32296886.0
2026-09-01T08:24:24,0.9,7135,1547350,1528656,0.5,0.00,3.86,0.00,15.44,0.00,1.00,0.00,14213.0,95830.0,81138.0,28.0,4.0,0.5,17.5,182.950,0.378,0.3,32296886.0
2026-09-01T08:24:24,1.3,7136,1547350,1528656,0.5,0.00,3.83,0.00,15.33,0.00,0.00,0.00,14213.0,95830.0,81138.0,28.0,11.5,0.5,36.0,181.293,0.378,0.3,32296886.0
2026-09-01T08:24:25,0.6,7137,1547350,1528655,0.5,0.00,2.70,0.00,10.78,0.00,0.00,0.00,14213.0,95830.0,81138.0,0.0,0.0,0.5,0.0,162.316,0.378,0.3,32296886.0
2026-09-01T08:24:25,1.3,7136,1547350,1528655,0.5,0.00,3.98,0.00,15.94,0.00,0.00,0.40,14213.0,95830.0,81138.0,0.0,9.0,0.5,28.5,172.605,0.266,0.2,17180796.5
2026-09-01T08:24:25,0.4,7136,1547350,1528655,0.5,0.00,1.79,0.00,7.16,0.00,0.00,0.00,14213.0,95830.0,81138.0,0.0,0.0,0.5,0.0,146.797,0.266,0.2,17180796.5
2026-09-01T08:24:26,1.3,7138,1547350,1528653,0.5,0.00,3.92,0.00,15.69,0.00,0.00,0.00,14213.0,95830.0,81138.0,52.0,8.5,0.5,26.0,165.755,0.266,0.2,17180796.5
2026-09-01T08:24:26,0.9,7137,1547350,1528654,0.5,0.00,3.83,0.00,15.33,0.00,0.00,0.00,14213.0,95830.0,81138.0,52.0,3.5,0.5,15.0,147.235,0.175,0.1,11323125.0
2026-09-01T08:24:26,1.1,7136,1547350,1528655,0.5,0.00,3.56,0.00,14.23,0.00,0.00,0.00,14213.0,95830.0,81138.0,52.0,3.5,0.5,15.5,177.293,0.175,0.1,11323125.0
2026-09-01T08:24:27,1.3,7137,1547350,1528654,0.5,0.00,2.40,0.00,9.62,0.00,0.00,0.00,14213.0,95830.0,81138.0,31.0,12.5,0.5,38.5,181.734,0.175,0.1,11323125.0
2026-09-01T08:24:27,0.6,7137,1547350,1528654,0.5,0.00,2.65,0.00,10.61,0.00,0.00,0.00,14213.0,95830.0,81138.0,31.0,0.0,0.5,0.0,165.903,0.234,0.2,13658943.0
2026-09-01T08:24:27,1.4,7137,1547350,1528654,0.5,0.00,4.03,0.00,16.13,0.00,0.00,0.00,14213.0,95830.0,81138.0,31.0,9.5,0.5,29.0,174.517,0.234,0.2,13658943.0
2026-09-01T08:24:28,0.6,7138,1547350,1528653,0.5,0.00,2.84,0.00,11.36,0.00,0.00,0.00,14213.0,95830.0,81138.0,76.0,0.0,0.5,0.0,148.953,0.234,0.2,13658943.0
2026-09-01T08:24:28,1.0,7139,1547350,1528652,0.5,0.00,2.82,0.00,11.27,0.00,0.00,0.00,14213.0,95830.0,81138.0,76.0,7.5,0.5,27.0,165.191,0.239,0.2,13240569.5
2026-09-01T08:24:28,1.3,7139,1547350,1528652,0.5,0.00,3.23,0.00,12.90,0.00,0.00,0.00,14213.0,95830.0,81138.0,76.0,8.0,0.5,25.0,176.046,0.239,0.2,13240569.5
2026-09-01T08:24:29,1.3,7140,1547350,1528652,0.5,0.00,3.15,0.00,12.62,0.00,0.00,0.00,14213.0,95830.0,81138.0,76.0,10.0,0.5,42.5,195.998,0.239,0.2,13240569.5
2026-09-01T08:24:29,0.9,7139,1547350,1528653,0.5,0.00,3.75,0.00,14.98,0.00,0.00,0.00,14213.0,95830.0,81138.0,89.0,8.0,0.5,34.0,181.882,0.239,0.2,13240569.5
2026-09-01T08:24:29,1.3,7139,1547350,1528653,0.5,0.00,4.08,0.00,16.33,0.00,0.00,0.00,14213.0,95830.0,81138.0,89.0,5.0,0.5,16.5,199.281,0.373,0.3,26711087.0
2026-09-01T08:24:29,0.6,7139,1547350,1528653,0.5,0.00,2.60,0.00,10.39,0.00,0.00,0.00,14213.0,95830.0,81138.0,89.0,2.5,0.5,11.0,161.695,0.373,0.3,26711087.0
2026-09-01T08:24:30,1.3,7138,1547350,1528654,0.5,0.00,3.97,0.00,15.87,0.00,0.00,0.00,14213.0,95830.0,81138.0,22.0,2.5,0.5,8.5,177.832,0.373,0.3,26711087.0
2026-09-01T08:24:30,1.3,7137,1547350,1528654,0.5,0.00,4.00,0.00,16.00,0.00,0.00,0.00,14213.0,95830.0,81138.0,22.0,10.0,0.5,42.5,182.459,0.373,0.3,26711087.0
2026-09-01T08:24:30,1.3,7137,1547350,1528655,0.5,0.00,3.73,0.00,14.93,0.00,0.00,0.00,14213.0,95830.0,81138.0,22.0,10.0,0.5,43.0,201.838,0.322,0.2,26917756.0
2026-09-01T08:24:31,1.4,7137,1547350,1528654,0.5,0.00,3.17,0.00,12.70,0.00,0.00,0.00,14213.0,95830.0,81138.0,22.0,10.0,0.5,43.0,212.353,0.322,0.2,26917756.0
2026-09-01T08:24:31,1.0,7137,1547350,1528655,0.5,0.00,3.94,0.00,15.75,0.00,0.00,0.00,14213.0,95830.0,81138.0,85.0,2.5,0.5,11.0,193.232,0.322,0.2,26917756.0
2026-09-01T08:24:31,1.3,7137,1547350,1528654,0.5,0.00,2.73,0.00,10.93,0.00,0.00,0.00,14213.0,95830.0,81138.0,85.0,13.5,0.5,42.5,197.070,0.322,0.2,26917756.0
2026-09-01T08:24:32,1.3,7137,1547350,1528654,0.5,0.00,2.69,0.00,10.75,0.00,1.00,0.00,14213.0,95830.0,81138.0,85.0,10.5,0.5,43.5,191.906,0.376,0.3,32173383.5
2026-09-01T08:24:32,0.6,7138,1547350,1528654,0.5,0.00,3.02,0.00,12.08,0.00,0.00,0.00,14213.0,95830.0,81138.0,87.0,2.0,0.5,10.0,179.772,0.376,0.3,32173383.5
2026-09-01T08:24:32,1.3,7139,1547350,1528653,0.5,0.00,4.12,0.00,16.46,0.00,0.00,0.00,14213.0,95830.0,81138.0,87.0,2.0,0.5,6.0,182.067,0.376,0.3,32173383.5
2026-09-01T08:24:32,0.6,7139,1547350,1528652,0.5,0.00,2.92,0.00,11.66,0.00,0.00,0.00,14213.0,95830.0,81138.0,87.0,1.0,0.5,5.5,145.517,0.376,0.3,32173383.5
2026-09-01T08:24:33,1.3,7141,1547350,1528651,0.5,0.00,3.79,0.00,15.15,0.00,0.00,0.00,14213.0,95830.0,81138.0,11.0,3.0,0.5,10.0,167.755,0.207,0.2,11811822.0
2026-09-01T08:24:33,0.6,7141,1547350,1528650,0.5,0.00,2.90,0.00,11.59,0.00,0.00,0.00,14213.0,95830.0,81138.0,11.0,1.5,0.5,7.5,144.912,0.207,0.2,11811822.0
2026-09-01T08:24:33,1.4,7142,1547350,1528649,0.5,0.00,4.17,0.00,16.67,0.00,0.00,0.00,14213.0,95830.0,81138.0,11.0,2.5,0.5,8.0,167.216,0.207,0.2,11811822.0
2026-09-01T08:24:34,1.2,7148,1547350,1528643,0.5,0.00,3.75,0.00,14.98,0.00,0.00,0.00,14213.0,95830.0,81138.0,11.0,10.0,0.5,43.0,174.887,0.207,0.2,11811822.0
2026-09-01T08:24:34,0.5,7149,1547350,1528642,0.5,0.00,2.79,0.00,11.17,0.00,0.00,0.00,14213.0,95830.0,81138.0,91.0,4.5,0.5,20.0,160.642,0.208,0.2,16531774.5
2026-09-01T08:24:34,1.3,7149,1547350,1528643,0.5,0.00,3.88,0.00,15.50,0.00,0.00,0.00,14213.0,95830.0,81138.0,91.0,13.5,0.5,41.5,179.258,0.208,0.2,16531774.5
2026-09-01T08:24:35,1.1,7149,1547350,1528643,0.5,0.00,2.50,0.00,10.00,0.00,0.00,0.00,14213.0,95830.0,81138.0,88.0,10.5,0.5,43.0,169.698,0.208,0.2,16531774.5
2026-09-01T08:24:35,1.3,7148,1547350,1528643,0.5,0.00,22.73,0.00,116.88,0.00,0.00,0.00,14213.0,95830.0,81138.0,88.0,1.5,0.5,6.5,203.056,0.208,0.2,16531774.5
2026-09-01T08:24:35,1.3,7148,1547350,1528644,0.5,0.00,3.98,0.00,15.94,0.00,1.00,0.00,14213.0,95830.0,81138.0,88.0,15.0,0.5,47.5,199.477,0.373,0.3,29502493.0
2026-09-01T08:24:35,1.3,7147,1547350,1528645,0.5,0.00,3.10,0.00,12.38,0.00,0.00,0.00,14213.0,95830.0,81138.0,88.0,10.5,0.5,43.5,193.931,0.373,0.3,29502493.0
2026-09-01T08:24:36,0.5,7148,1547350,1528644,0.5,0.00,3.31,0.00,13.25,0.00,0.00,0.00,14213.0,95830.0,81138.0,87.0,7.5,0.5,32.5,179.809,0.373,0.3,29502493.0
2026-09-01T08:24:36,1.3,7148,1547350,1528643,0.5,0.00,4.07,0.00,16.26,0.00,0.00,0.00,14213.0,95830.0,81138.0,87.0,10.0,0.5,31.5,182.632,0.373,0.3,29502493.0
2026-09-01T08:24:36,1.3,7148,1547350,1528643,0.5,0.00,3.79,0.00,15.15,0.00,0.00,0.00,14213.0,95830.0,81138.0,87.0,11.0,0.5,43.0,181.986,0.321,0.2,27008452.5
2026-09-01T08:24:37,1.5,7149,1547350,1528642,0.5,0.00,3.37,0.00,13.47,0.00,0.00,0.34,14213.0,95830.0,81138.0,86.0,10.0,0.5,43.0,195.744,0.321,0.2,27008452.5
2026-09-01T08:24:37,0.9,7148,1547350,1528643,0.5,0.00,2.61,0.00,10.44,0.00,0.00,0.00,14213.0,95830.0,81138.0,86.0,2.0,0.5,10.0,198.951,0.321,0.2,27008452.5
2026-09-01T08:24:37,1.3,7148,1547350,1528643,0.5,0.00,3.60,0.00,14.39,0.00,0.00,0.00,14213.0,95830.0,81138.0,86.0,10.0,0.5,42.5,198.984,0.321,0.2,27008452.5
2026-09-01T08:24:38,1.2,7148,1547350,1528644,0.5,0.00,2.95,0.00,11.80,0.00,0.00,0.00,14213.0,95830.0,81138.0,86.0,10.0,0.5,43.0,208.620,0.355,0.3,29048529.0
2026-09-01T08:24:38,0.5,7148,1547350,1528643,0.5,0.00,2.35,0.00,9.39,0.00,0.00,0.00,14213.0,95830.0,81138.0,86.0,0.0,0.5,0.0,173.072,0.355,0.3,29048529.0
2026-09-01T08:24:38,1.4,7148,1547350,1528644,0.5,0.00,3.79,0.00,15.15,0.00,0.00,0.00,14213.0,95830.0,81138.0,86.0,7.0,0.5,22.5,176.726,0.290,0.2,23607448.0
2026-09-01T08:24:39,0.5,7149,1547350,1528643,0.5,0.00,2.11,0.00,8.44,0.00,0.00,0.00,14213.0,95830.0,81138.0,91.0,5.5,0.5,23.5,152.976,0.290,0.2,23607448.0
2026-09-01T08:24:39,1.3,7147,1547350,1528644,0.5,0.00,4.02,0.00,16.06,0.00,0.00,0.40,14213.0,95830.0,81138.0,91.0,0.0,0.5,0.0,185.202,0.290,0.2,23607448.0
2026-09-01T08:24:39,1.1,7147,1547350,1528644,0.5,0.00,3.97,0.00,15.87,0.00,0.00,0.40,14213.0,95830.0,81138.0,91.0,4.0,0.5,13.0,166.399,0.241,0.2,17879482.0
2026-09-01T08:24:40,1.4,7147,1547350,1528644,0.5,0.00,2.20,0.00,8.79,0.00,0.00,0.00,14213.0,95830.0,81138.0,26.0,11.5,0.5,40.5,191.931,0.241,0.2,17879482.0
2026-09-01T08:24:40,0.9,7147,1547350,1528645,0.5,0.00,3.39,0.00,13.56,0.00,0.00,0.00,14213.0,95830.0,81138.0,26.0,14.0,0.5,46.5,180.907,0.241,0.2,17879482.0
2026-09-01T08:24:41,0.7,7148,1547350,1528643,0.5,0.00,1.94,0.00,7.77,0.00,0.00,0.00,14213.0,95830.0,81138.0,26.0,0.0,0.5,0.0,160.471,0.228,0.2,13729254.0
2026-09-01T08:24:41,1.3,7149,1547350,1528643,0.5,0.00,7.94,0.00,140.87,0.00,0.00,0.00,14213.0,95830.0,81138.0,0.0,15.5,0.5,47.0,174.710,0.228,0.2,13729254.0
2026-09-01T08:24:41,1.3,7148,1547350,1528643,0.5,0.00,4.00,0.00,16.00,0.00,0.00,0.00,14213.0,95830.0,81138.0,0.0,10.5,0.5,43.5,180.977,0.228,0.2,13729254.0
2026-09-01T08:24:41,1.3,7148,1547350,1528643,0.5,0.00,4.07,0.00,16.26,0.00,0.00,0.00,14213.0,95830.0,81138.0,0.0,10.5,0.5,43.0,200.478,0.228,0.2,13729254.0
2026-09-01T08:24:42,0.5,7149,1547350,1528643,0.5,0.00,2.38,0.00,9.50,0.00,0.00,0.00,14213.0,95830.0,81138.0,25.0,1.5,0.5,5.0,180.224,0.319,0.2,25774261.0
2026-09-01T08:24:42,1.3,7149,1547350,1528642,0.5,0.00,4.02,0.00,16.06,0.00,0.00,0.00,14213.0,95830.0,81138.0,25.0,14.0,0.5,47.5,183.061,0.319,0.2,25774261.0
2026-09-01T08:24:42,1.3,7149,1547350,1528642,0.5,0.00,3.95,0.00,15.81,0.00,0.00,0.00,14213.0,95830.0,81138.0,25.0,10.0,0.5,41.5,181.608,0.319,0.2,25774261.0
2026-09-01T08:24:43,1.1,7149,1547350,1528643,0.5,0.00,2.51,0.00,10.03,0.00,0.00,0.00,14213.0,95830.0,81138.0,51.0,6.0,0.5,25.5,187.315,0.319,0.2,25774261.0
2026-09-01T08:24:43,1.3,7150,1547350,1528642,0.5,0.00,3.76,0.00,15.04,0.00,1.00,0.00,14213.0,95830.0,81138.0,51.0,8.5,0.5,26.0,199.457,0.373,0.3,27214798.0
2026-09-01T08:24:43,1.0,7150,1547350,1528642,0.5,0.00,4.63,0.00,18.52,0.00,0.00,0.00,14213.0,95830.0,81138.0,51.0,2.0,0.5,7.0,178.765,0.373,0.3,27214798.0
2026-09-01T08:24:43,1.3,7151,1547350,1528641,0.5,0.00,3.68,0.00,14.71,0.00,0.00,0.00,14213.0,95830.0,81138.0,51.0,13.5,0.5,46.0,179.939,0.373,0.3,27214798.0
2026-09-01T08:24:44,0.5,7155,1547350,1528636,0.5,0.00,2.76,0.00,11.05,0.00,0.00,0.00,14213.0,95830.0,81138.0,32.0,0.0,0.5,0.5,162.643,0.373,0.3,27214798.0
2026-09-01T08:24:44,1.3,7154,1547350,1528638,0.5,0.00,4.03,0.00,16.13,0.00,0.00,0.00,14213.0,95830.0,81138.0,32.0,15.0,0.5,48.0,169.626,0.247,0.2,15027976.5
2026-09-01T08:24:44,0.4,7154,1547350,1528638,0.5,0.00,3.25,0.00,12.99,0.00,0.00,0.00,14213.0,95830.0,81138.0,32.0,4.0,0.5,13.0,155.359,0.247,0.2,15027976.5
2026-09-01T08:24:45,1.3,7153,1547350,1528638,0.5,0.00,2.62,0.00,10.50,0.00,0.00,0.00,14213.0,95830.0,81138.0,94.0,15.0,0.5,47.0,186.964,0.247,0.2,15027976.5
2026-09-01T08:24:45,1.3,7153,1547350,1528639,0.5,0.00,3.89,0.00,15.56,0.00,0.00,0.00,14213.0,95830.0,81138.0,94.0,8.5,0.5,36.0,183.779,0.266,0.2,20277889.0
2026-09-01T08:24:45,1.1,7153,1547350,1528638,0.5,0.00,7.26,0.00,29.06,0.00,0.00,0.00,14213.0,95830.0,81138.0,94.0,13.0,0.5,45.5,196.982,0.266,0.2,20277889.0
2026-09-01T08:24:46,0.5,7154,1547350,1528638,0.5,0.00,2.40,0.00,9.59,0.00,0.00,0.00,14213.0,95830.0,81138.0,38.0,0.0,0.5,0.0,163.829,0.266,0.2,20277889.0
2026-09-01T08:24:46,1.8,7217,1547350,1528574,0.5,0.00,3.98,0.00,15.94,0.00,0.00,0.40,14213.0,95830.0,81138.0,38.0,14.0,0.5,43.0,181.623,0.266,0.2,20277889.0
2026-09-01T08:24:46,2.1,6560,1547350,1529275,0.4,0.00,3.66,0.00,14.65,0.00,0.00,0.00,14213.0,95830.0,81138.0,38.0,10.5,0.5,44.5,184.569,0.319,0.2,28833686.0
2026-09-01T08:24:47,2.2,6510,1547350,1529325,0.4,0.00,2.53,0.00,10.13,0.00,0.00,0.25,14213.0,95830.0,81138.0,87.0,12.0,0.5,93.5,212.236,0.319,0.2,28833686.0
2026-09-01T08:24:47,0.7,6510,1547350,1529325,0.4,0.00,2.75,0.00,10.99,0.00,0.00,0.00,14213.0,95830.0,81138.0,87.0,1.0,0.5,26.0,186.541,0.319,0.2,28833686.0
2026-09-01T08:24:47,1.4,6510,1547350,1529325,0.4,0.00,4.12,0.00,16.46,0.00,0.00,0.00,14213.0,95830.0,81138.0,87.0,8.5,0.5,26.0,189.269,0.319,0.2,28833686.0
2026-09-01T08:24:48,1.1,6509,1547350,1529326,0.4,0.00,3.16,0.00,12.66,0.00,0.00,0.00,14213.0,95830.0,81138.0,59.0,7.0,0.5,29.5,168.873,0.289,0.2,29796932.0
2026-09-01T08:24:48,1.3,6509,1547350,1529326,0.4,0.00,1.93,0.00,7.72,0.00,0.00,0.00,14213.0,95830.0,81138.0,59.0,10.5,0.5,44.0,201.377,0.289,0.2,29796932.0
2026-09-01T08:24:48,1.0,6509,1547350,1529326,0.4,0.00,3.69,0.00,14.76,0.00,0.00,0.37,14213.0,95830.0,81138.0,59.0,5.0,0.5,22.5,180.829,0.289,0.2,29796932.0
2026-09-01T08:24:49,1.3,6510,1547350,1529326,0.4,0.00,3.24,0.00,12.94,0.00,0.00,0.00,14213.0,95830.0,81138.0,52.0,8.5,0.5,26.0,198.482,0.365,0.3,29057887.0
2026-09-01T08:24:49,1.3,6510,1547350,1529326,0.4,0.00,3.91,0.00,15.62,0.00,0.00,0.00,14213.0,95830.0,81138.0,52.0,10.0,0.5,42.5,191.726,0.365,0.3,29057887.0
2026-09-01T08:24:49,0.8,6509,1547350,1529327,0.4,0.00,3.92,0.00,15.69,0.00,1.00,0.00,14213.0,95830.0,81138.0,52.0,0.5,0.5,3.0,170.210,0.365,0.3,29057887.0
2026-09-01T08:24:50,1.3,6509,1547350,1529327,0.4,0.00,1.98,0.00,7.91,0.00,0.00,0.00,14213.0,95830.0,81138.0,42.0,6.5,0.5,21.0,167.697,0.300,0.2,24334968.0
2026-09-01T08:24:50,1.3,6509,1547350,1529327,0.4,0.00,4.00,0.00,16.00,0.00,0.00,0.00,14213.0,95830.0,81138.0,42.0,10.0,0.5,41.5,167.398,0.300,0.2,24334968.0
2026-09-01T08:24:50,1.0,6509,1547350,1529327,0.4,0.00,4.02,0.00,16.06,0.00,0.00,0.00,14213.0,95830.0,81138.0,42.0,9.0,0.5,37.5,163.281,0.300,0.2,24334968.0
2026-09-01T08:24:51,1.4,6509,1547350,1529326,0.4,0.00,2.67,0.00,10.67,0.00,0.00,0.00,14213.0,95830.0,81138.0,42.0,13.5,0.5,46.5,182.348,0.300,0.2,24334968.0
2026-09-01T08:24:51,0.6,6510,1547350,1529326,0.4,0.00,3.14,0.00,12.58,0.00,0.00,0.00,14213.0,95830.0,81138.0,25.0,2.5,0.5,9.0,153.899,0.277,0.2,20023128.5
2026-09-01T08:24:51,1.3,6510,1547350,1529326,0.4,0.00,2.58,0.00,10.31,0.00,0.00,0.00,14213.0,95830.0,81138.0,25.0,7.0,0.5,29.5,147.668,0.277,0.2,20023128.5
2026-09-01T08:24:52,1.0,6509,1547350,1529326,0.4,0.00,2.49,0.00,9.95,0.00,0.00,0.00,14213.0,95830.0,81138.0,59.0,6.0,0.5,19.0,164.178,0.277,0.2,20023128.5
2026-09-01T08:24:52,1.0,6508,1547350,1529327,0.4,0.00,3.88,0.00,15.50,0.00,0.00,0.00,14213.0,95830.0,81138.0,59.0,4.5,0.5,20.5,165.150,0.277,0.2,20023128.5
2026-09-01T08:24:52,1.4,6507,1547350,1529328,0.4,0.00,3.33,0.00,13.33,0.00,0.00,0.00,14213.0,95830.0,81138.0,59.0,10.5,0.5,33.0,169.424,0.321,0.3,20635149.0
2026-09-01T08:24:53,0.5,6507,1547350,1529328,0.4,0.00,2.64,0.00,10.55,0.00,0.00,0.00,14213.0,95830.0,81138.0,68.0,0.0,0.5,0.0,149.552,0.321,0.3,20635149.0
2026-09-01T08:24:53,1.3,6507,1547350,1529329,0.4,0.00,3.73,0.00,14.93,0.00,0.00,0.00,14213.0,95830.0,81138.0,68.0,8.5,0.5,26.0,157.636,0.321,0.3,20635149.0
2026-09-01T08:24:53,1.0,6507,1547350,1529328,0.4,0.00,3.82,0.00,15.27,0.00,0.00,0.00,14213.0,95830.0,81138.0,68.0,3.0,0.5,13.5,148.903,0.321,0.3,20635149.0
2026-09-01T08:24:53,1.3,6507,1547350,1529328,0.4,0.00,3.86,0.00,15.44,0.00,0.00,0.39,14213.0,95830.0,81138.0,68.0,13.5,0.5,41.5,174.821,0.262,0.2,17252573.5
2026-09-01T08:24:54,1.3,6507,1547350,1529328,0.4,0.00,3.45,0.00,13.79,0.00,0.00,0.00,14213.0,95830.0,81138.0,83.0,10.0,0.5,42.5,188.129,0.262,0.2,17252573.5
2026-09-01T08:24:54,1.3,6508,1547350,1529327,0.4,0.00,3.44,0.00,13.75,0.00,0.00,0.00,14213.0,95830.0,81138.0,83.0,10.0,0.5,42.5,184.637,0.262,0.2,17252573.5
2026-09-01T08:24:54,0.5,6508,1547350,1529327,0.4,0.00,3.40,0.00,13.61,0.00,0.00,0.00,14213.0,95830.0,81138.0,83.0,2.5,0.5,10.5,166.059,0.262,0.2,17252573.5
2026-09-01T08:24:55,1.5,6509,1547350,1529327,0.4,0.00,3.26,0.00,13.03,0.00,0.00,0.00,14213.0,95830.0,81138.0,19.0,15.0,0.5,47.5,151.904,0.280,0.2,22477041.5
2026-09-01T08:24:55,0.9,6511,1547350,1529325,0.4,0.00,2.56,0.00,10.26,0.00,0.00,0.00,14213.0,95830.0,81138.0,19.0,15.0,0.5,47.5,158.780,0.280,0.2,22477041.5
2026-09-01T08:24:55,0.8,6510,1547350,1529325,0.4,0.00,1.97,0.00,7.87,0.00,0.00,0.00,14213.0,95830.0,81138.0,19.0,1.0,0.5,3.0,158.002,0.280,0.2,22477041.5
2026-09-01T08:24:56,1.3,6509,1547350,1529326,0.4,0.00,3.98,0.00,15.94,0.00,0.00,0.00,14213.0,95830.0,81138.0,6.0,14.5,0.5,47.5,176.343,0.323,0.3,21218971.5
2026-09-01T08:24:56,1.4,6510,1547350,1529326,0.4,0.00,3.97,0.00,15.87,0.00,0.00,0.00,14213.0,95830.0,81138.0,6.0,10.0,0.5,43.0,172.940,0.323,0.3,21218971.5
2026-09-01T08:24:56,1.4,6509,1547350,1529326,0.4,0.00,4.12,0.00,16.46,0.00,0.00,0.00,14213.0,95830.0,81138.0,6.0,10.0,0.5,43.0,190.266,0.323,0.3,21218971.5
2026-09-01T08:24:57,0.4,6511,1547350,1529324,0.4,0.00,2.70,0.00,10.81,0.00,0.00,0.00,14213.0,95830.0,81138.0,6.0,0.0,0.5,0.0,157.988,0.323,0.3,21218971.5
2026-09-01T08:24:57,1.4,6512,1547350,1529324,0.4,0.00,4.12,0.00,16.46,0.00,0.00,0.00,14213.0,95830.0,81138.0,37.0,10.5,0.5,32.0,161.249,0.284,0.2,23776740.0
2026-09-01T08:24:57,1.3,6511,1547350,1529324,0.4,0.00,4.12,0.00,16.46,0.00,0.00,0.00,14213.0,95830.0,81138.0,37.0,11.0,0.5,43.5,160.113,0.284,0.2,23776740.0
2026-09-01T08:24:57,1.5,6512,1547350,1529324,0.4,0.00,4.29,0.00,17.17,0.00,1.00,0.00,14213.0,95830.0,81138.0,37.0,8.0,0.5,34.0,166.448,0.284,0.2,23776740.0
2026-09-01T08:24:58,0.9,6511,1547350,1529325,0.4,0.00,2.86,0.00,11.43,0.00,0.00,0.00,14213.0,95830.0,81138.0,68.0,4.5,0.5,15.0,184.576,0.284,0.2,23776740.0
2026-09-01T08:24:58,1.4,6510,1547350,1529325,0.4,0.00,4.26,0.00,17.02,0.00,0.00,0.00,14213.0,95830.0,81138.0,68.0,13.5,0.5,46.0,183.508,0.366,0.3,30924413.0
2026-09-01T08:24:58,0.6,6511,1547350,1529324,0.4,0.00,2.90,0.00,11.59,0.00,0.00,0.00,14213.0,95830.0,81138.0,68.0,5.5,0.5,18.0,170.775,0.366,0.3,30924413.0
2026-09-01T08:24:59,1.1,6511,1547350,1529324,0.4,0.00,2.19,0.00,8.77,0.00,0.00,0.00,14213.0,95830.0,81138.0,36.0,12.5,0.5,44.0,151.322,0.366,0.3,30924413.0
2026-09-01T08:24:59,1.3,6512,1547350,1529324,0.4,0.00,3.47,0.00,13.89,0.00,0.00,0.00,14213.0,95830.0,81138.0,36.0,14.5,0.5,46.0,162.374,0.240,0.2,13193868.5
2026-09-01T08:24:59,1.4,6512,1547350,1529324,0.4,0.00,4.20,0.00,16.81,0.00,0.00,0.00,14213.0,95830.0,81138.0,36.0,10.5,0.5,43.5,184.644,0.240,0.2,13193868.5
2026-09-01T08:24:59,1.3,6512,1547350,1529324,0.4,0.00,3.88,0.00,15.50,0.00,0.00,0.00,14213.0,95830.0,81138.0,36.0,10.5,0.5,43.5,183.263,0.240,0.2,13193868.5
2026-09-01T08:25:00,0.6,6512,1547350,1529324,0.4,0.00,2.96,0.00,11.83,0.00,0.00,0.00,14213.0,95830.0,81138.0,87.0,0.0,0.5,1.5,168.157,0.240,0.2,13193868.5
2026-09-01T08:25:00,1.2,6512,1547350,1529324,0.4,0.00,4.18,0.00,16.74,0.00,0.00,0.00,14213.0,95830.0,81138.0,87.0,7.5,0.5,24.0,170.563,0.322,0.2,26730242.5
2026-09-01T08:25:00,0.6,6512,1547350,1529323,0.4,0.00,2.58,0.00,10.34,0.00,0.00,0.00,14213.0,95830.0,81138.0,87.0,0.0,0.5,0.0,129.483,0.322,0.2,26730242.5
2026-09-01T08:25:01,1.1,6513,1547350,1529323,0.4,0.00,2.48,0.00,9.90,0.00,0.00,0.00,14213.0,95830.0,81138.0,2.0,9.5,0.5,29.5,132.151,0.322,0.2,26730242.5
2026-09-01T08:25:01,1.1,6518,1547350,1529318,0.4,0.00,2.82,0.00,11.30,0.00,0.00,0.00,14213.0,95830.0,81138.0,2.0,11.5,0.5,35.0,149.439,0.190,0.1,10900094.0
2026-09-01T08:25:01,1.2,6519,1547350,1529316,0.4,0.00,4.18,0.00,16.74,0.00,0.00,0.00,14213.0,95830.0,81138.0,2.0,11.0,0.5,41.0,164.975,0.190,0.1,10900094.0
2026-09-01T08:25:02,1.3,6519,1547350,1529316,0.4,0.00,3.39,0.00,13.56,0.00,0.00,0.00,14213.0,95830.0,81138.0,82.0,2.5,0.5,8.0,170.056,0.190,0.1,10900094.0
2026-09-01T08:25:02,1.3,6519,1547350,1529316,0.4,0.00,4.18,0.00,16.74,0.00,0.00,0.00,14213.0,95830.0,81138.0,82.0,14.0,0.5,45.5,186.069,0.190,0.1,10900094.0
2026-09-01T08:25:02,1.3,6519,1547350,1529317,0.4,0.00,3.91,0.00,15.62,0.00,0.00,0.00,14213.0,95830.0,81138.0,82.0,10.0,0.5,42.0,182.976,0.344,0.3,29700133.0
2026-09-01T08:25:03,0.8,6519,1547350,1529316,0.4,0.00,2.49,0.00,9.98,0.00,0.00,0.00,14213.0,95830.0,81138.0,83.0,0.5,0.5,3.0,166.604,0.344,0.3,29700133.0
2026-09-01T08:25:03,1.4,6520,1547350,1529316,0.4,0.00,4.27,0.00,17.09,0.00,0.00,0.00,14213.0,95830.0,81138.0,83.0,7.5,0.5,24.0,170.750,0.344,0.3,29700133.0
2026-09-01T08:25:03,1.2,6520,1547350,1529316,0.4,0.00,4.29,0.00,17.17,0.00,0.00,0.00,14213.0,95830.0,81138.0,83.0,12.0,0.5,43.0,170.579,0.344,0.3,29700133.0
2026-09-01T08:25:03,1.5,6520,1547350,1529316,0.4,0.00,3.94,0.00,15.75,0.00,0.00,0.00,14213.0,95830.0,81138.0,83.0,9.5,0.5,41.0,169.086,0.344,0.3,29700133.0
2026-09-01T08:25:04,0.5,6520,1547350,1529316,0.4,0.00,3.55,0.00,14.18,0.00,0.00,0.00,14213.0,95830.0,81138.0,82.0,0.5,0.5,3.0,169.139,0.302,0.2,24392801.0
2026-09-01T08:25:04,1.3,6518,1547350,1529317,0.4,0.00,4.35,0.00,17.39,0.00,0.00,0.00,14213.0,95830.0,81138.0,82.0,7.0,0.5,21.5,170.103,0.302,0.2,24392801.0
2026-09-01T08:25:04,1.4,6518,1547350,1529317,0.4,0.00,4.24,0.00,16.95,0.00,0.00,0.00,14213.0,95830.0,81138.0,82.0,13.5,0.5,46.0,161.048,0.302,0.2,24392801.0
2026-09-01T08:25:04,0.5,6519,1547350,1529317,0.4,0.00,3.53,0.00,14.13,0.00,1.00,0.35,14213.0,95830.0,81138.0,82.0,0.0,0.5,0.0,153.210,0.189,0.1,13444716.0
2026-09-01T08:25:05,1.3,6519,1547350,1529317,0.4,0.00,2.74,0.00,10.96,0.00,0.00,0.00,14213.0,95830.0,81138.0,0.0,1.0,0.5,3.5,159.564,0.189,0.1,13444716.0
2026-09-01T08:25:05,1.4,6519,1547350,1529317,0.4,0.00,4.15,0.00,16.60,0.00,0.00,0.00,14213.0,95830.0,81138.0,0.0,14.5,0.5,47.5,159.279,0.189,0.1,13444716.0
2026-09-01T08:25:05,0.9,6519,1547350,1529317,0.4,0.00,4.26,0.00,17.02,0.00,0.00,0.00,14213.0,95830.0,81138.0,0.0,8.5,0.5,37.5,162.227,0.189,0.1,13444716.0
2026-09-01T08:25:06,1.3,6519,1547350,1529316,0.4,0.00,3.44,0.00,13.75,0.00,0.00,0.00,14213.0,95830.0,81138.0,0.0,13.5,0.5,46.0,186.416,0.379,0.3,26187344.0
2026-09-01T08:25:06,1.3,6518,1547350,1529317,0.4,0.00,8.03,0.00,32.13,0.00,0.00,0.00,14213.0,95830.0,81138.0,92.0,10.5,0.5,43.5,186.998,0.379,0.3,26187344.0
2026-09-01T08:25:06,1.0,6518,1547350,1529317,0.4,0.00,4.13,0.00,16.53,0.00,0.00,0.41,14213.0,95830.0,81138.0,92.0,5.0,0.5,16.0,170.138,0.379,0.3,26187344.0
2026-09-01T08:25:06,1.4,6518,1547350,1529318,0.4,0.00,3.53,0.00,14.13,0.00,0.00,0.00,14213.0,95830.0,81138.0,92.0,13.0,0.5,46.0,191.738,0.379,0.3,26187344.0
2026-09-01T08:25:07,0.7,6516,1547350,1529319,0.4,0.00,2.75,0.00,11.02,0.00,0.00,0.00,14213.0,95830.0,81138.0,10.0,5.0,0.5,16.5,153.532,0.271,0.2,21979305.0
2026-09-01T08:25:07,1.3,6517,1547350,1529318,0.4,0.00,4.08,0.00,16.33,0.00,0.00,0.00,14213.0,95830.0,81138.0,10.0,10.5,0.5,43.5,174.472,0.271,0.2,21979305.0
2026-09-01T08:25:07,1.3,6516,1547350,1529319,0.4,0.00,2.18,0.00,8.71,0.00,0.00,0.00,14213.0,95830.0,81138.0,10.0,10.5,0.5,43.5,176.107,0.271,0.2,21979305.0
2026-09-01T08:25:08,1.3,6516,1547350,1529319,0.4,0.00,2.93,0.00,11.73,0.00,0.00,0.00,14213.0,95830.0,81138.0,87.0,10.5,0.5,43.5,205.669,0.424,0.3,36092361.0
2026-09-01T08:25:08,1.4,6516,1547350,1529319,0.4,0.00,4.15,0.00,16.60,0.00,0.00,0.00,14213.0,95830.0,81138.0,87.0,10.5,0.5,43.5,198.572,0.424,0.3,36092361.0
2026-09-01T08:25:08,0.6,6516,1547350,1529320,0.4,0.00,2.91,0.00,11.63,0.00,0.00,0.00,14213.0,95830.0,81138.0,87.0,0.0,0.5,0.0,160.793,0.424,0.3,36092361.0
2026-09-01T08:25:09,1.3,6516,1547350,1529320,0.4,0.00,2.40,0.00,9.62,0.00,0.00,0.00,14213.0,95830.0,81138.0,82.0,11.0,0.5,44.0,163.004,0.277,0.2,20768404.5
2026-09-01T08:25:09,1.3,6515,1547350,1529320,0.4,0.00,4.00,0.00,16.00,0.00,0.00,0.00,14213.0,95830.0,81138.0,82.0,10.5,0.5,44.0,165.739,0.277,0.2,20768404.5
2026-09-01T08:25:09,0.8,6516,1547350,1529320,0.4,0.00,3.27,0.00,13.07,0.00,0.00,0.00,14213.0,95830.0,81138.0,82.0,5.5,0.5,23.5,174.472,0.277,0.2,20768404.5
2026-09-01T08:25:10,1.4,6516,1547350,1529320,0.4,0.00,3.75,0.00,14.98,0.00,0.00,0.00,14213.0,95830.0,81138.0,82.0,14.5,0.5,47.0,177.513,0.277,0.2,20768404.5
2026-09-01T08:25:10,0.7,6517,1547350,1529318,0.4,0.00,2.65,0.00,10.61,0.00,0.00,0.00,14213.0,95830.0,81138.0,94.0,1.5,0.5,5.0,146.516,0.253,0.2,19712890.0
2026-09-01T08:25:10,1.4,6518,1547350,1529317,0.4,0.00,3.83,0.00,15.33,0.00,0.00,0.00,14213.0,95830.0,81138.0,94.0,14.5,0.5,47.5,161.920,0.253,0.2,19712890.0
2026-09-01T08:25:10,1.2,6517,1547350,1529318,0.4,0.00,3.60,0.00,14.39,0.00,0.00,0.00,14213.0,95830.0,81138.0,89.0,13.5,0.5,44.5,154.382,0.253,0.2,19712890.0
2026-09-01T08:25:11,0.9,6517,1547350,1529319,0.4,0.00,5.06,0.00,67.45,0.00,0.33,0.00,14213.0,95830.0,81138.0,89.0,1.5,0.5,7.5,154.126,0.300,0.2,15335934.0
2026-09-01T08:25:11,1.3,6516,1547350,1529320,0.4,0.00,3.10,0.00,12.38,0.00,0.00,0.00,14213.0,95830.0,81138.0,89.0,16.5,0.5,49.5,177.434,0.300,0.2,15335934.0
2026-09-01T08:25:12,1.2,6515,1547350,1529320,0.4,0.00,2.90,0.00,11.59,0.00,0.00,0.29,14213.0,95830.0,81138.0,84.0,1.5,0.5,6.0,169.915,0.300,0.2,15335934.0
2026-09-01T08:25:12,1.3,6516,1547350,1529319,0.4,0.00,4.33,0.00,17.32,0.00,0.00,0.43,14213.0,95830.0,81138.0,84.0,14.0,0.5,47.5,171.739,0.300,0.2,15335934.0
2026-09-01T08:25:12,1.3,6516,1547350,1529319,0.4,0.00,4.07,0.00,16.26,0.00,0.00,0.00,14213.0,95830.0,81138.0,84.0,10.5,0.5,43.5,185.604,0.342,0.3,22980723.0
2026-09-01T08:25:12,1.3,6516,1547350,1529319,0.4,0.00,4.22,0.00,16.88,0.00,0.00,0.00,14213.0,95830.0,81138.0,84.0,10.5,0.5,43.5,182.760,0.342,0.3,22980723.0
2026-09-01T08:25:13,0.6,6515,1547350,1529321,0.4,0.00,2.88,0.00,11.53,0.00,0.00,0.00,14213.0,95830.0,81138.0,50.0,0.0,0.5,0.0,166.715,0.342,0.3,22980723.0
2026-09-01T08:25:13,1.3,6516,1547350,1529320,0.4,0.00,3.95,0.00,15.81,0.00,0.00,0.00,14213.0,95830.0,81138.0,50.0,13.0,0.5,38.5,167.268,0.342,0.3,22980723.0
2026-09-01T08:25:13,1.4,6517,1547350,1529319,0.4,0.00,3.75,0.00,14.98,0.00,0.00,0.00,14213.0,95830.0,81138.0,50.0,10.0,0.5,42.0,167.115,0.307,0.2,25394665.5
2026-09-01T08:25:14,1.1,6517,1547350,1529319,0.4,0.00,4.18,0.00,16.74,0.00,0.00,0.00,14213.0,95830.0,81138.0,73.0,8.5,0.5,36.5,172.487,0.307,0.2,25394665.5
2026-09-01T08:25:14,1.3,6516,1547350,1529320,0.4,0.00,2.65,0.00,10.61,0.00,0.00,0.00,14213.0,95830.0,81138.0,73.0,5.0,0.5,16.5,185.751,0.307,0.2,25394665.5
2026-09-01T08:25:14,1.3,6517,1547350,1529319,0.4,0.00,4.03,0.00,16.13,0.00,0.00,0.00,14213.0,95830.0,81138.0,73.0,10.5,0.5,43.5,186.049,0.307,0.2,25394665.5
2026-09-01T08:25:14,1.4,6524,1547350,1529312,0.4,0.00,4.00,0.00,16.00,0.00,0.00,0.00,14213.0,95830.0,81138.0,73.0,10.5,0.5,43.5,177.807,0.372,0.3,34137634.0
2026-09-01T08:25:15,0.5,6524,1547350,1529311,0.4,0.00,2.94,0.00,11.76,0.00,0.00,0.00,14213.0,95830.0,81138.0,30.0,0.0,0.5,0.0,163.872,0.372,0.3,34137634.0
2026-09-01T08:25:15,1.3,6524,1547350,1529311,0.4,0.00,4.08,0.00,16.33,0.00,0.00,0.00,14213.0,95830.0,81138.0,30.0,14.0,0.5,44.0,165.201,0.372,0.3,34137634.0
2026-09-01T08:25:15,1.3,6523,1547350,1529312,0.4,0.00,3.86,0.00,15.44,0.00,0.00,0.00,14213.0,95830.0,81138.0,30.0,10.0,0.5,43.0,165.454,0.372,0.3,34137634.0
2026-09-01T08:25:15,1.3,6522,1547350,1529313,0.4,0.00,4.13,0.00,16.53,0.00,0.00,0.00,14213.0,95830.0,81138.0,30.0,10.0,0.5,43.0,185.548,0.307,0.2,25778692.5
2026-09-01T08:25:16,0.5,6523,1547350,1529312,0.4,0.00,2.42,0.00,9.69,0.00,0.00,0.00,14213.0,95830.0,81138.0,85.0,3.0,0.5,13.0,165.778,0.307,0.2,25778692.5
2026-09-01T08:25:16,1.4,6524,1547350,1529312,0.4,0.00,4.24,0.00,16.95,0.00,0.00,0.00,14213.0,95830.0,81138.0,85.0,14.0,0.5,46.5,163.416,0.307,0.2,25778692.5
2026-09-01T08:25:16,0.5,6523,1547350,1529313,0.4,0.00,3.07,0.00,12.27,0.00,0.00,0.00,14213.0,95830.0,81138.0,85.0,0.5,0.5,3.0,134.191,0.307,0.2,25778692.5
2026-09-01T08:25:17,1.3,6523,1547350,1529313,0.4,0.00,3.65,0.00,14.60,0.00,0.00,0.00,14213.0,95830.0,81138.0,6.0,12.5,0.5,45.0,158.505,0.210,0.2,11756026.0
2026-09-01T08:25:17,1.4,6523,1547350,1529312,0.4,0.00,4.10,0.00,16.39,0.00,0.00,0.00,14213.0,95830.0,81138.0,6.0,10.0,0.5,42.0,168.649,0.210,0.2,11756026.0
2026-09-01T08:25:17,1.3,6524,1547350,1529312,0.4,0.00,3.86,0.00,15.44,0.00,1.00,0.00,14213.0,95830.0,81138.0,6.0,9.5,0.5,40.0,179.928,0.210,0.2,11756026.0
2026-09-01T08:25:17,1.4,6523,1547350,1529312,0.4,0.00,4.12,0.00,16.46,0.00,0.00,0.00,14213.0,95830.0,81138.0,83.0,10.0,0.5,43.0,179.982,0.210,0.2,11756026.0
2026-09-01T08:25:18,1.1,6523,1547350,1529312,0.4,0.00,2.20,0.00,8.81,0.00,0.00,0.00,14213.0,95830.0,81138.0,83.0,2.5,0.5,9.0,185.417,0.368,0.3,31485223.5
2026-09-01T08:25:18,1.3,6523,1547350,1529313,0.4,0.00,4.02,0.00,16.06,0.00,0.00,0.00,14213.0,95830.0,81138.0,83.0,10.0,0.5,42.5,186.486,0.368,0.3,31485223.5
2026-09-01T08:25:19,0.5,6523,1547350,1529312,0.4,0.00,2.81,0.00,11.24,0.00,0.00,0.00,14213.0,95830.0,81138.0,33.0,0.0,0.5,0.0,153.931,0.368,0.3,31485223.5
2026-09-01T08:25:19,1.4,6523,1547350,1529312,0.4,0.00,2.69,0.00,10.75,0.00,0.00,0.00,14213.0,95830.0,81138.0,33.0,5.0,0.5,16.0,153.774,0.368,0.3,31485223.5
2026-09-01T08:25:19,1.3,6525,1547350,1529311,0.4,0.00,4.18,0.00,16.74,0.00,0.00,0.00,14213.0,95830.0,81138.0,33.0,10.0,0.5,42.0,153.466,0.272,0.2,21336968.0
2026-09-01T08:25:19,1.3,6524,1547350,1529311,0.4,0.00,4.12,0.00,16.46,0.00,0.00,0.00,14213.0,95830.0,81138.0,33.0,10.5,0.5,43.0,174.036,0.272,0.2,21336968.0
2026-09-01T08:25:20,1.0,6525,1547350,1529310,0.4,0.00,4.03,0.00,16.13,0.00,0.00,0.00,14213.0,95830.0,81138.0,86.0,10.0,0.5,41.0,185.952,0.272,0.2,21336968.0
2026-09-01T08:25:20,1.3,6524,1547350,1529312,0.4,0.00,3.51,0.00,14.04,0.00,0.00,0.00,14213.0,95830.0,81138.0,86.0,3.0,0.5,10.5,184.999,0.272,0.2,21336968.0
2026-09-01T08:25:20,1.3,6525,1547350,1529311,0.4,0.00,4.13,0.00,16.53,0.00,0.00,0.00,14213.0,95830.0,81138.0,86.0,9.5,0.5,41.0,181.169,0.361,0.3,30161577.5
2026-09-01T08:25:21,0.6,6524,1547350,1529312,0.4,0.00,3.08,0.00,12.31,0.00,0.00,0.00,14213.0,95830.0,81138.0,86.0,2.5,0.5,12.0,150.401,0.361,0.3,30161577.5
2026-09-01T08:25:21,1.4,6524,1547350,1529311,0.4,0.00,3.16,0.00,12.66,0.00,0.00,0.00,14213.0,95830.0,81138.0,24.0,14.0,0.5,46.5,168.192,0.361,0.3,30161577.5
2026-09-01T08:25:21,1.4,6524,1547350,1529312,0.4,0.00,4.02,0.00,16.06,0.00,0.00,0.00,14213.0,95830.0,81138.0,24.0,9.5,0.5,41.0,168.192,0.361,0.3,30161577.5
2026-09-01T08:25:21,0.8,6524,1547350,1529311,0.4,0.00,3.97,0.00,15.87,0.00,0.00,0.00,14213.0,95830.0,81138.0,24.0,9.5,0.5,40.0,161.499,0.250,0.2,20505109.5
2026-09-01T08:25:22,1.3,6525,1547350,1529310,0.4,0.00,4.12,0.00,16.46,0.00,0.00,0.00,14213.0,95830.0,81138.0,9.0,14.5,0.5,47.5,176.246,0.250,0.2,20505109.5
2026-09-01T08:25:22,0.6,6525,1547350,1529311,0.4,0.00,2.36,0.00,9.46,0.00,0.00,0.00,14213.0,95830.0,81138.0,9.0,0.0,0.5,0.0,150.251,0.250,0.2,20505109.5
2026-09-01T08:25:22,1.4,6523,1547350,1529312,0.4,0.00,3.95,0.00,15.81,0.00,0.00,0.00,14213.0,95830.0,81138.0,9.0,12.5,0.5,37.0,166.204,0.250,0.2,20505109.5
2026-09-01T08:25:22,1.0,6525,1547350,1529311,0.4,0.00,4.10,0.00,16.39,0.00,0.00,0.00,14213.0,95830.0,81138.0,9.0,8.5,0.5,35.5,152.607,0.277,0.2,17672937.0
2026-09-01T08:25:23,1.3,6525,1547350,1529310,0.4,0.00,3.03,0.00,12.12,0.00,0.00,0.00,14213.0,95830.0,81138.0,71.0,13.0,0.5,44.0,169.394,0.277,0.2,17672937.0
2026-09-01T08:25:23,0.7,6525,1547350,1529310,0.4,0.00,2.83,0.00,11.33,0.00,0.00,0.00,14213.0,95830.0,81138.0,71.0,6.5,0.5,29.0,152.056,0.277,0.2,17672937.0
2026-09-01T08:25:23,1.3,6525,1547350,1529311,0.4,0.00,4.12,0.00,16.46,0.00,0.00,0.00,14213.0,95830.0,81138.0,71.0,13.0,0.5,41.5,167.214,0.277,0.2,17672937.0
2026-09-01T08:25:24,1.3,6524,1547350,1529311,0.4,0.00,4.02,0.00,16.06,0.00,0.00,0.00,14213.0,95830.0,81138.0,83.0,10.0,0.5,42.5,170.091,0.312,0.2,22024191.5
2026-09-01T08:25:24,1.3,6524,1547350,1529312,0.4,0.00,3.50,0.00,13.99,0.00,1.00,0.00,14213.0,95830.0,81138.0,83.0,10.0,0.5,42.0,177.020,0.312,0.2,22024191.5
2026-09-01T08:25:24,1.5,6524,1547350,1529312,0.4,0.00,4.05,0.00,16.19,0.00,0.00,0.00,14213.0,95830.0,81138.0,83.0,10.0,0.5,41.0,192.762,0.312,0.2,22024191.5
2026-09-01T08:25:24,0.5,6523,1547350,1529312,0.4,0.00,3.46,0.00,13.84,0.00,0.00,0.35,14213.0,95830.0,81138.0,83.0,2.0,0.5,9.0,165.236,0.312,0.2,22024191.5
2026-09-01T08:25:25,1.3,6524,1547350,1529312,0.4,0.00,2.94,0.00,11.76,0.00,0.00,0.00,14213.0,95830.0,81138.0,18.0,13.5,0.5,46.0,167.936,0.307,0.2,25515421.5
2026-09-01T08:25:25,1.4,6523,1547350,1529313,0.4,0.00,4.05,0.00,16.19,0.00,0.00,0.00,14213.0,95830.0,81138.0,18.0,10.0,0.5,42.5,169.286,0.307,0.2,25515421.5
2026-09-01T08:25:26,1.1,6523,1547350,1529313,0.4,0.00,1.88,0.00,7.53,0.00,0.00,0.00,14213.0,95830.0,81138.0,12.0,15.0,0.5,47.5,183.716,0.307,0.2,25515421.5
2026-09-01T08:25:26,1.1,6522,1547350,1529313,0.4,0.00,2.15,0.00,8.60,0.00,0.00,0.00,14213.0,95830.0,81138.0,12.0,2.0,0.5,8.5,170.781,0.338,0.3,27132839.0
2026-09-01T08:25:26,1.3,6522,1547350,1529314,0.4,0.00,3.85,0.00,15.38,0.00,0.00,0.00,14213.0,95830.0,81138.0,12.0,14.5,0.5,47.5,188.361,0.338,0.3,27132839.0
2026-09-01T08:25:27,0.5,6522,1547350,1529313,0.4,0.00,3.12,0.00,12.46,0.00,0.00,0.00,14213.0,95830.0,81138.0,86.0,0.0,0.5,1.5,151.691,0.338,0.3,27132839.0
2026-09-01T08:25:27,1.2,6525,1547350,1529311,0.4,0.00,3.40,0.00,13.61,0.00,0.00,0.00,14213.0,95830.0,81138.0,86.0,3.0,0.5,10.0,168.166,0.338,0.3,27132839.0
2026-09-01T08:25:27,1.4,6524,1547350,1529311,0.4,0.00,4.18,0.00,16.74,0.00,0.00,0.00,14213.0,95830.0,81138.0,86.0,14.0,0.5,46.5,165.852,0.300,0.2,24334027.0
2026-09-01T08:25:27,1.4,6524,1547350,1529311,0.4,0.00,4.00,0.00,16.00,0.00,0.00,0.00,14213.0,95830.0,81138.0,86.0,10.5,0.5,43.5,181.861,0.300,0.2,24334027.0
2026-09-01T08:25:28,1.1,6524,1547350,1529312,0.4,0.00,4.24,0.00,16.95,0.00,0.00,0.00,14213.0,95830.0,81138.0,87.0,10.5,0.5,43.5,187.854,0.300,0.2,24334027.0
2026-09-01T08:25:28,1.3,6525,1547350,1529311,0.4,0.00,2.69,0.00,10.75,0.00,0.00,0.00,14213.0,95830.0,81138.0,87.0,11.0,0.5,33.0,187.763,0.300,0.2,24334027.0
2026-09-01T08:25:28,1.4,6525,1547350,1529310,0.4,0.00,3.09,0.00,12.35,0.00,0.00,0.00,14213.0,95830.0,81138.0,87.0,11.5,0.5,44.0,187.268,0.378,0.3,32044911.5
2026-09-01T08:25:29,0.7,6525,1547350,1529310,0.4,0.00,2.82,0.00,11.27,0.00,0.00,0.00,14213.0,95830.0,81138.0,87.0,4.0,0.5,17.0,161.471,0.378,0.3,32044911.5
2026-09-01T08:25:29,1.3,6525,1547350,1529310,0.4,0.00,4.07,0.00,16.26,0.00,0.00,0.00,14213.0,95830.0,81138.0,87.0,1.5,0.5,5.0,171.099,0.378,0.3,32044911.5
2026-09-01T08:25:29,1.4,6526,1547350,1529310,0.4,0.00,4.10,0.00,16.39,0.00,0.00,0.00,14213.0,95830.0,81138.0,87.0,15.5,0.5,48.5,170.957,0.378,0.3,32044911.5
2026-09-01T08:25:29,1.3,6525,1547350,1529310,0.4,0.00,4.07,0.00,16.26,0.00,0.00,0.00,14213.0,95830.0,81138.0,87.0,10.0,0.5,43.0,176.083,0.322,0.2,25748486.5
2026-09-01T08:25:30,0.5,6525,1547350,1529311,0.4,0.00,2.52,0.00,10.08,0.00,0.00,0.00,14213.0,95830.0,81138.0,86.0,0.0,0.5,0.0,158.622,0.322,0.2,25748486.5
2026-09-01T08:25:30,1.3,6524,1547350,1529311,0.4,0.00,4.22,0.00,16.88,0.00,0.00,0.00,14213.0,95830.0,81138.0,86.0,7.0,0.5,22.0,161.757,0.322,0.2,25748486.5
2026-09-01T08:25:30,0.7,6525,1547350,1529311,0.4,0.00,2.65,0.00,10.58,0.00,0.00,0.00,14213.0,95830.0,81138.0,86.0,5.5,0.5,17.5,131.011,0.149,0.1,9852305.5
2026-09-01T08:25:31,1.3,6524,1547350,1529311,0.4,0.00,4.29,0.00,17.17,0.00,0.00,0.00,14213.0,95830.0,81138.0,35.0,14.0,0.5,47.0,157.448,0.149,0.1,9852305.5
2026-09-01T08:25:31,1.3,6524,1547350,1529311,0.4,0.00,3.91,0.00,15.62,0.00,0.00,0.00,14213.0,95830.0,81138.0,35.0,10.0,0.5,43.0,170.945,0.149,0.1,9852305.5
2026-09-01T08:25:31,0.9,6524,1547350,1529312,0.4,0.00,3.95,0.00,15.81,0.00,1.00,0.00,14213.0,95830.0,81138.0,35.0,6.0,0.5,27.0,160.337,0.149,0.1,9852305.5
2026-09-01T08:25:31,1.3,6524,1547350,1529312,0.4,0.00,18.80,0.00,75.19,0.00,0.00,0.00,14213.0,95830.0,81138.0,35.0,12.0,0.5,44.0,190.296,0.362,0.3,23942053.5
2026-09-01T08:25:32,1.3,6524,1547350,1529312,0.4,0.00,4.00,0.00,16.00,0.00,0.00,0.00,14213.0,95830.0,81138.0,88.0,10.0,0.5,43.0,186.873,0.362,0.3,23942053.5
2026-09-01T08:25:32,1.3,6523,1547350,1529312,0.4,0.00,4.20,0.00,16.81,0.00,0.00,0.00,14213.0,95830.0,81138.0,88.0,10.0,0.5,43.0,186.965,0.362,0.3,23942053.5
2026-09-01T08:25:32,1.4,6523,1547350,1529312,0.4,0.00,3.97,0.00,15.87,0.00,0.00,0.00,14213.0,95830.0,81138.0,88.0,10.0,0.5,43.0,202.445,0.362,0.3,23942053.5
2026-09-01T08:25:32,1.3,6523,1547350,1529312,0.4,0.00,3.97,0.00,15.87,0.00,0.00,0.40,14213.0,95830.0,81138.0,88.0,8.5,0.5,37.5,199.335,0.362,0.3,23942053.5
2026-09-01T08:25:33,0.5,6524,1547350,1529311,0.4,0.00,2.49,0.00,9.98,0.00,0.00,0.00,14213.0,95830.0,81138.0,75.0,5.5,0.5,17.5,163.243,0.330,0.2,32083522.0
2026-09-01T08:25:33,1.3,6524,1547350,1529312,0.4,0.00,4.07,0.00,16.26,0.00,0.00,0.00,14213.0,95830.0,81138.0,75.0,13.0,0.5,46.0,166.165,0.330,0.2,32083522.0
2026-09-01T08:25:33,1.0,6524,1547350,1529312,0.4,0.00,3.55,0.00,14.18,0.00,0.00,0.00,14213.0,95830.0,81138.0,75.0,3.5,0.5,12.0,148.592,0.330,0.2,32083522.0
2026-09-01T08:25:34,1.3,6524,1547350,1529312,0.4,0.00,2.92,0.00,11.66,0.00,0.00,0.00,14213.0,95830.0,81138.0,24.0,13.0,0.5,46.0,171.913,0.330,0.2,32083522.0
2026-09-01T08:25:34,1.3,6523,1547350,1529312,0.4,0.00,4.05,0.00,16.19,0.00,0.00,0.00,14213.0,95830.0,81138.0,24.0,10.5,0.5,43.5,185.533,0.364,0.3,26642147.5
2026-09-01T08:25:34,1.4,6523,1547350,1529312,0.4,0.00,4.00,0.00,16.00,0.00,0.00,0.00,14213.0,95830.0,81138.0,24.0,10.0,0.5,43.0,185.901,0.364,0.3,26642147.5
2026-09-01T08:25:35,0.7,6523,1547350,1529313,0.4,0.00,3.10,0.00,12.38,0.00,0.00,0.00,14213.0,95830.0,81138.0,24.0,0.0,0.5,0.0,177.513,0.364,0.3,26642147.5
2026-09-01T08:25:35,1.3,6524,1547350,1529312,0.4,0.00,3.10,0.00,12.38,0.00,0.00,0.00,14213.0,95830.0,81138.0,0.0,10.0,0.5,42.0,178.018,0.364,0.3,26642147.5
2026-09-01T08:25:35,1.3,6523,1547350,1529312,0.4,0.00,4.00,0.00,16.00,0.00,0.00,0.00,14213.0,95830.0,81138.0,0.0,10.5,0.5,43.5,178.560,0.346,0.3,29391670.0
2026-09-01T08:25:35,0.7,6525,1547350,1529310,0.4,0.00,2.79,0.00,11.17,0.00,0.00,0.28,14213.0,95830.0,81138.0,0.0,2.5,0.5,12.0,170.857,0.346,0.3,29391670.0
2026-09-01T08:25:36,1.3,6525,1547350,1529311,0.4,0.00,4.13,0.00,16.53,0.00,0.00,0.00,14213.0,95830.0,81138.0,24.0,13.5,0.5,46.0,172.926,0.346,0.3,29391670.0
2026-09-01T08:25:36,1.1,6525,1547350,1529311,0.4,0.00,3.86,0.00,15.44,0.00,0.00,0.00,14213.0,95830.0,81138.0,24.0,4.5,0.5,19.0,155.097,0.346,0.3,29391670.0
2026-09-01T08:25:36,1.3,6524,1547350,1529311,0.4,0.00,4.20,0.00,16.81,0.00,1.00,0.42,14213.0,95830.0,81138.0,24.0,12.0,0.5,37.0,161.863,0.267,0.2,16808517.5
2026-09-01T08:25:36,1.3,6525,1547350,1529311,0.4,0.00,7.97,0.00,31.87,0.00,0.00,0.00,14213.0,95830.0,81138.0,24.0,10.5,0.5,42.0,188.362,0.267,0.2,16808517.5
2026-09-01T08:25:37,1.3,6526,1547350,1529309,0.4,0.00,3.83,0.00,15.33,0.00,0.00,0.00,14213.0,95830.0,81138.0,84.0,9.5,0.5,40.0,185.332,0.267,0.2,16808517.5
2026-09-01T08:25:37,0.9,6526,1547350,1529309,0.4,0.00,3.97,0.00,15.87,0.00,0.00,0.00,14213.0,95830.0,81138.0,84.0,2.0,0.5,8.5,182.019,0.267,0.2,16808517.5
2026-09-01T08:25:37,1.4,6525,1547350,1529310,0.4,0.00,2.75,0.00,10.99,0.00,0.00,0.00,14213.0,95830.0,81138.0,84.0,14.5,0.5,47.5,185.711,0.361,0.3,30719104.5
2026-09-01T08:25:38,1.3,6524,1547350,1529311,0.4,0.00,4.15,0.00,16.60,0.00,0.00,0.00,14213.0,95830.0,81138.0,84.0,10.0,0.5,42.5,186.704,0.361,0.3,30719104.5
2026-09-01T08:25:38,1.1,6524,1547350,1529312,0.4,0.00,3.42,0.00,13.70,0.00,0.00,0.00,14213.0,95830.0,81138.0,85.0,5.0,0.5,21.5,183.090,0.361,0.3,30719104.5
2026-09-01T08:25:38,1.4,6524,1547350,1529311,0.4,0.00,2.90,0.00,11.59,0.00,0.00,0.00,14213.0,95830.0,81138.0,85.0,5.5,0.5,21.5,170.905,0.327,0.2,26460985.0
2026-09-01T08:25:39,1.1,6526,1547350,1529309,0.4,0.00,2.03,0.00,8.13,0.00,0.00,0.00,14213.0,95830.0,81138.0,67.0,10.5,0.5,41.5,171.654,0.327,0.2,26460985.0
2026-09-01T08:25:39,1.3,6526,1547350,1529310,0.4,0.00,3.53,0.00,14.13,0.00,0.00,0.00,14213.0,95830.0,81138.0,67.0,10.0,0.5,41.5,187.058,0.327,0.2,26460985.0
2026-09-01T08:25:39,1.1,6525,1547350,1529310,0.4,0.00,4.05,0.00,16.19,0.00,0.00,0.00,14213.0,95830.0,81138.0,67.0,7.5,0.5,33.0,170.286,0.327,0.2,26460985.0
2026-09-01T08:25:39,1.4,6526,1547350,1529309,0.4,0.00,4.81,0.00,19.23,0.00,0.00,0.00,14213.0,95830.0,81138.0,67.0,6.0,0.5,19.0,187.511,0.348,0.3,27631159.0
2026-09-01T08:25:40,1.3,6528,1547350,1529307,0.4,0.00,3.85,0.00,15.38,0.00,0.00,0.00,14213.0,95830.0,81138.0,87.0,10.0,0.5,41.5,185.462,0.348,0.3,27631159.0
2026-09-01T08:25:40,1.0,6527,1547350,1529308,0.4,0.00,3.46,0.00,13.84,0.00,0.00,0.00,14213.0,95830.0,81138.0,87.0,7.0,0.5,21.5,181.842,0.348,0.3,27631159.0
2026-09-01T08:25:40,1.1,6527,1547350,1529308,0.4,0.00,2.50,0.00,10.00,0.00,0.00,0.00,14213.0,95830.0,81138.0,87.0,9.0,0.5,31.5,170.313,0.348,0.3,27631159.0
2026-09-01T08:25:41,1.3,6527,1547350,1529309,0.4,0.00,3.76,0.00,15.04,0.00,0.00,0.00,14213.0,95830.0,81138.0,50.0,12.5,0.5,44.5,173.996,0.327,0.3,23105983.0
2026-09-01T08:25:41,1.4,6527,1547350,1529308,0.4,0.00,8.77,0.00,108.19,0.00,0.00,0.00,14213.0,95830.0,81138.0,50.0,10.0,0.5,42.0,188.418,0.327,0.3,23105983.0
2026-09-01T08:25:41,0.6,6528,1547350,1529308,0.4,0.00,2.63,0.00,10.53,0.00,0.00,0.00,14213.0,95830.0,81138.0,50.0,0.0,0.5,0.0,166.856,0.327,0.3,23105983.0
2026-09-01T08:25:42,1.3,6527,1547350,1529308,0.4,0.00,7.78,0.00,46.69,0.00,0.00,0.00,14213.0,95830.0,81138.0,0.0,11.0,0.5,43.5,170.895,0.302,0.2,24318483.0
2026-09-01T08:25:42,1.3,6528,1547350,1529308,0.4,0.00,2.64,0.00,10.55,0.00,0.00,0.00,14213.0,95830.0,81138.0,0.0,10.5,0.5,43.5,173.788,0.302,0.2,24318483.0
2026-09-01T08:25:42,1.3,6528,1547350,1529308,0.4,0.00,3.97,0.00,15.87,0.00,1.00,0.00,14213.0,95830.0,81138.0,0.0,10.5,0.5,43.5,195.868,0.302,0.2,24318483.0
2026-09-01T08:25:43,1.0,6527,1547350,1529309,0.4,0.00,3.66,0.00,14.65,0.00,0.00,0.00,14213.0,95830.0,81138.0,0.0,3.5,0.5,16.5,185.565,0.302,0.2,24318483.0
2026-09-01T08:25:43,1.3,6527,1547350,1529308,0.4,0.00,2.75,0.00,10.99,0.00,0.00,0.00,14213.0,95830.0,81138.0,85.0,13.0,0.5,40.0,188.657,0.377,0.3,32283773.0
2026-09-01T08:25:43,1.0,6526,1547350,1529309,0.4,0.00,3.92,0.00,15.69,0.00,0.00,0.00,14213.0,95830.0,81138.0,85.0,7.5,0.5,32.5,170.385,0.377,0.3,32283773.0
2026-09-01T08:25:44,1.3,6528,1547350,1529308,0.4,0.00,3.05,0.00,12.20,0.00,0.00,0.00,14213.0,95830.0,81138.0,85.0,6.0,0.5,18.5,183.469,0.377,0.3,32283773.0
2026-09-01T08:25:44,0.8,6527,1547350,1529308,0.4,0.00,3.95,0.00,15.81,0.00,0.00,0.00,14213.0,95830.0,81138.0,37.0,2.5,0.5,12.0,166.106,0.377,0.3,32283773.0
2026-09-01T08:25:44,1.3,6528,1547350,1529308,0.4,0.00,3.68,0.00,14.71,0.00,0.00,0.00,14213.0,95830.0,81138.0,37.0,12.0,0.5,37.0,171.301,0.302,0.2,19880821.0
2026-09-01T08:25:44,1.1,6528,1547350,1529307,0.4,0.00,4.05,0.00,16.19,0.00,0.00,0.00,14213.0,95830.0,81138.0,37.0,3.5,0.5,14.5,165.181,0.302,0.2,19880821.0
2026-09-01T08:25:45,1.3,6528,1547350,1529308,0.4,0.00,2.79,0.00,11.17,0.00,0.00,0.00,14305.0,95830.0,81046.0,29.0,12.5,0.5,37.5,174.762,0.302,0.2,19880821.0
2026-09-01T08:25:45,1.3,6529,1547350,1529306,0.4,0.00,3.45,0.00,13.79,0.00,0.00,0.00,14305.0,95830.0,81046.0,29.0,11.5,0.5,43.5,186.984,0.302,0.2,19880821.0
2026-09-01T08:25:45,1.4,6539,1547350,1529296,0.4,0.00,4.41,0.00,17.62,0.00,0.00,0.00,14305.0,95830.0,81046.0,29.0,10.5,0.5,44.0,187.779,0.367,0.3,29981173.5
2026-09-01T08:25:45,0.6,6540,1547350,1529296,0.4,0.00,3.34,0.00,13.38,0.00,0.00,0.00,14305.0,95830.0,81046.0,29.0,0.5,0.5,3.0,175.043,0.367,0.3,29981173.5
2026-09-01T08:25:46,1.4,6541,1547350,1529295,0.4,0.00,4.02,0.00,16.06,0.00,0.00,0.00,14305.0,95830.0,81046.0,6.0,6.5,0.5,45.0,165.465,0.367,0.3,29981173.5
2026-09-01T08:25:46,0.5,6541,1547350,1529294,0.4,0.00,2.63,0.00,10.53,0.00,0.00,0.00,14305.0,95830.0,81046.0,6.0,2.0,0.5,8.5,139.178,0.367,0.3,29981173.5
2026-09-01T08:25:46,1.3,6541,1547350,1529294,0.4,0.00,4.08,0.00,16.33,0.00,0.00,0.00,14305.0,95830.0,81046.0,6.0,4.0,0.5,13.0,162.049,0.224,0.2,13664073.0
2026-09-01T08:25:47,1.4,6541,1547350,1529294,0.4,0.00,3.89,0.00,15.56,0.00,0.00,0.00,14305.0,95830.0,81046.0,6.0,14.0,0.5,46.0,171.415,0.224,0.2,13664073.0
2026-09-01T08:25:47,1.4,6541,1547350,1529294,0.4,0.00,8.47,0.00,33.90,0.00,0.00,0.00,14305.0,95830.0,81046.0,92.0,10.5,0.5,43.5,193.311,0.224,0.2,13664073.0
2026-09-01T08:25:47,0.6,6541,1547350,1529295,0.4,0.00,2.75,0.00,10.99,0.00,0.00,0.00,14305.0,95830.0,81046.0,92.0,3.0,0.5,13.0,169.562,0.224,0.2,13664073.0
2026-09-01T08:25:48,1.3,6540,1547350,1529295,0.4,0.00,4.24,0.00,16.95,0.00,0.00,0.00,14305.0,95830.0,81046.0,92.0,2.5,0.5,8.0,171.725,0.329,0.2,27978117.0
2026-09-01T08:25:48,1.4,6540,1547350,1529296,0.4,0.00,4.07,0.00,16.26,0.00,0.00,0.00,14305.0,95830.0,81046.0,16.0,10.0,0.5,43.0,170.394,0.329,0.2,27978117.0
2026-09-01T08:25:48,1.4,6539,1547350,1529296,0.4,0.00,3.64,0.00,14.55,0.00,0.00,0.00,14305.0,95830.0,81046.0,16.0,10.0,0.5,43.0,177.231,0.329,0.2,27978117.0
2026-09-01T08:25:48,1.4,6539,1547350,1529296,0.4,0.00,4.15,0.00,16.60,0.00,1.00,0.00,14305.0,95830.0,81046.0,16.0,10.0,0.5,42.5,196.174,0.329,0.2,27978117.0
2026-09-01T08:25:49,0.5,6539,1547350,1529296,0.4,0.00,3.12,0.00,12.50,0.00,0.00,0.00,14305.0,95830.0,81046.0,16.0,0.0,0.5,0.0,166.558,0.328,0.2,32024190.5
2026-09-01T08:25:49,1.1,6540,1547350,1529296,0.4,0.00,2.80,0.00,11.20,0.00,0.00,0.00,14305.0,95830.0,81046.0,69.0,10.5,0.5,39.5,152.246,0.328,0.2,32024190.5
2026-09-01T08:25:50,0.8,6541,1547350,1529294,0.4,0.00,1.29,0.00,5.14,0.00,0.00,0.00,14305.0,95830.0,81046.0,94.0,0.0,0.5,0.0,145.768,0.251,0.2,14849375.5
2026-09-01T08:25:50,1.3,6540,1547350,1529295,0.4,0.00,3.17,0.00,12.70,0.00,0.00,0.00,14305.0,95830.0,81046.0,94.0,8.5,0.5,27.0,167.339,0.251,0.2,14849375.5
2026-09-01T08:25:50,1.0,6540,1547350,1529295,0.4,0.00,3.70,0.00,14.81,0.00,0.00,0.00,14305.0,95830.0,81046.0,94.0,13.0,0.5,45.5,145.608,0.251,0.2,14849375.5
2026-09-01T08:25:51,1.3,6540,1547350,1529296,0.4,0.00,3.92,0.00,15.69,0.00,0.00,0.00,14305.0,95830.0,81046.0,94.0,2.5,0.5,11.0,163.236,0.251,0.2,14849375.5
2026-09-01T08:25:51,0.7,6540,1547350,1529295,0.4,0.00,2.42,0.00,9.66,0.00,0.00,0.00,14305.0,95830.0,81046.0,22.0,0.0,0.5,0.0,159.448,0.273,0.2,17055009.5
2026-09-01T08:25:51,1.1,6540,1547350,1529295,0.4,0.00,2.74,0.00,10.96,0.00,0.00,0.00,14305.0,95830.0,81046.0,22.0,5.0,0.5,15.5,157.727,0.273,0.2,17055009.5
2026-09-01T08:25:52,1.3,6540,1547350,1529296,0.4,0.00,2.15,0.00,8.58,0.00,0.00,0.00,14305.0,95830.0,81046.0,31.0,13.0,0.5,45.0,178.672,0.273,0.2,17055009.5
2026-09-01T08:25:52,1.0,6540,1547350,1529296,0.4,0.00,3.77,0.00,15.09,0.00,0.00,0.00,14305.0,95830.0,81046.0,31.0,2.5,0.5,12.0,171.498,0.310,0.2,23396368.0
2026-09-01T08:25:52,1.3,6539,1547350,1529296,0.4,0.00,3.50,0.00,13.99,0.00,0.00,0.00,14305.0,95830.0,81046.0,31.0,15.0,0.5,44.5,183.738,0.310,0.2,23396368.0
2026-09-01T08:25:53,1.3,6540,1547350,1529295,0.4,0.00,3.94,0.00,15.75,0.00,0.00,0.00,14305.0,95830.0,81046.0,89.0,11.5,0.5,44.5,190.038,0.310,0.2,23396368.0
2026-09-01T08:25:53,1.3,6540,1547350,1529295,0.4,0.00,3.00,0.00,12.01,0.00,0.00,0.00,14305.0,95830.0,81046.0,89.0,10.5,0.5,43.5,192.525,0.310,0.2,23396368.0
2026-09-01T08:25:53,1.3,6540,1547350,1529295,0.4,0.00,4.00,0.00,16.00,0.00,0.00,0.00,14305.0,95830.0,81046.0,89.0,10.5,0.5,43.5,208.849,0.432,0.3,35942026.0
2026-09-01T08:25:54,1.0,6540,1547350,1529295,0.4,0.00,3.68,0.00,14.71,0.00,0.00,0.00,14305.0,95830.0,81046.0,89.0,3.5,0.5,16.0,187.908,0.432,0.3,35942026.0
2026-09-01T08:25:54,1.3,6541,1547350,1529294,0.4,0.00,2.92,0.00,11.70,0.00,0.00,0.00,14305.0,95830.0,81046.0,32.0,13.5,0.5,40.5,191.176,0.432,0.3,35942026.0
2026-09-01T08:25:54,1.1,6542,1547350,1529294,0.4,0.00,4.02,0.00,16.06,0.00,0.00,0.00,14305.0,95830.0,81046.0,32.0,2.5,0.5,8.5,172.148,0.432,0.3,35942026.0
2026-09-01T08:25:54,1.3,6541,1547350,1529295,0.4,0.00,3.57,0.00,14.29,0.00,0.00,0.00,14305.0,95830.0,81046.0,32.0,15.5,0.5,48.5,175.557,0.325,0.3,19904547.5
2026-09-01T08:25:55,0.6,6541,1547350,1529295,0.4,0.00,3.12,0.00,12.50,0.00,0.00,0.00,14305.0,95830.0,81046.0,13.0,3.5,0.5,11.0,153.149,0.325,0.3,19904547.5
2026-09-01T08:25:55,1.3,6541,1547350,1529295,0.4,0.00,3.36,0.00,13.42,0.00,0.00,0.00,14305.0,95830.0,81046.0,13.0,14.0,0.5,47.0,167.691,0.325,0.3,19904547.5
2026-09-01T08:25:55,1.3,6541,1547350,1529295,0.4,0.00,4.27,0.00,17.09,0.00,0.00,0.00,14305.0,95830.0,81046.0,13.0,10.5,0.5,43.5,170.291,0.325,0.3,19904547.5
2026-09-01T08:25:56,0.8,6543,1547350,1529292,0.4,0.00,2.35,0.00,9.41,0.00,1.00,0.00,14305.0,95830.0,81046.0,9.0,1.5,0.5,4.5,171.730,0.241,0.2,16957921.0
2026-09-01T08:25:56,1.3,6544,1547350,1529291,0.4,0.00,2.82,0.00,11.30,0.00,0.00,0.00,14305.0,95830.0,81046.0,9.0,10.0,0.5,42.5,175.309,0.241,0.2,16957921.0
2026-09-01T08:25:56,0.6,6544,1547350,1529292,0.4,0.00,2.71,0.00,10.84,0.00,0.00,0.00,14305.0,95830.0,81046.0,9.0,0.0,0.5,0.0,161.911,0.241,0.2,16957921.0
2026-09-01T08:25:57,1.4,6544,1547350,1529291,0.4,0.00,3.85,0.00,15.38,0.00,0.00,0.00,14305.0,95830.0,81046.0,80.0,13.0,0.5,40.0,168.466,0.241,0.2,16957921.0
2026-09-01T08:25:57,0.5,6544,1547350,1529292,0.4,0.00,2.71,0.00,10.84,0.00,0.00,0.00,14305.0,95830.0,81046.0,80.0,0.0,0.5,0.0,129.245,0.221,0.2,16479433.5
2026-09-01T08:25:57,1.4,6543,1547350,1529292,0.4,0.00,4.13,0.00,16.53,0.00,0.00,0.00,14305.0,95830.0,81046.0,80.0,10.5,0.5,33.5,151.806,0.221,0.2,16479433.5
2026-09-01T08:25:57,1.3,6543,1547350,1529292,0.4,0.00,4.03,0.00,16.13,0.00,0.00,0.00,14305.0,95830.0,81046.0,80.0,11.0,0.5,43.5,163.821,0.221,0.2,16479433.5
2026-09-01T08:25:58,0.8,6543,1547350,1529293,0.4,0.00,3.75,0.00,14.98,0.00,0.00,0.00,14307.0,95830.0,81044.0,87.0,2.5,0.5,11.0,160.279,0.221,0.2,16479433.5
2026-09-01T08:25:58,1.3,6543,1547350,1529293,0.4,0.00,2.83,0.00,11.33,0.00,0.00,0.28,14307.0,95830.0,81044.0,87.0,14.5,0.5,46.0,171.888,0.335,0.3,22680177.0
2026-09-01T08:25:58,0.6,6542,1547350,1529293,0.4,0.00,2.87,0.00,11.49,0.00,0.00,0.00,14307.0,95830.0,81044.0,87.0,0.0,0.5,1.5,139.278,0.335,0.3,22680177.0
2026-09-01T08:25:59,1.3,6542,1547350,1529294,0.4,0.00,4.18,0.00,16.74,0.00,0.00,0.00,14307.0,95830.0,81044.0,38.0,6.0,0.5,19.0,158.939,0.335,0.3,22680177.0
2026-09-01T08:25:59,0.6,6543,1547350,1529293,0.4,0.00,2.78,0.00,11.11,0.00,0.00,0.00,14307.0,95830.0,81044.0,38.0,1.0,0.5,4.0,135.499,0.335,0.3,22680177.0
2026-09-01T08:25:59,1.3,6543,1547350,1529292,0.4,0.00,4.02,0.00,16.06,0.00,0.00,0.00,14307.0,95830.0,81044.0,38.0,6.0,0.5,19.5,165.552,0.202,0.2,11032676.0
2026-09-01T08:26:00,1.3,6544,1547350,1529292,0.4,0.00,4.02,0.00,16.06,0.00,0.00,0.00,14307.0,95830.0,81044.0,38.0,10.5,0.5,44.0,171.631,0.202,0.2,11032676.0
2026-09-01T08:26:00,1.1,6543,1547350,1529292,0.4,0.00,4.00,0.00,16.00,0.00,0.00,0.00,14307.0,95830.0,81044.0,88.0,2.0,0.5,10.0,179.440,0.202,0.2,11032676.0
2026-09-01T08:26:00,1.4,6545,1547350,1529290,0.4,0.00,2.55,0.00,10.20,0.00,0.00,0.00,14307.0,95830.0,81044.0,88.0,14.5,0.5,45.5,188.792,0.202,0.2,11032676.0
2026-09-01T08:26:00,1.4,6544,1547350,1529291,0.4,0.00,4.10,0.00,16.39,0.00,0.00,0.00,14307.0,95830.0,81044.0,88.0,10.0,0.5,43.0,188.192,0.380,0.3,32443088.0
2026-09-01T08:26:01,1.3,6545,1547350,1529291,0.4,0.00,3.79,0.00,15.15,0.00,0.00,0.00,14307.0,95830.0,81044.0,86.0,10.0,0.5,43.0,188.255,0.380,0.3,32443088.0
2026-09-01T08:26:01,0.6,6544,1547350,1529291,0.4,0.00,2.82,0.00,11.27,0.00,0.00,0.00,14307.0,95830.0,81044.0,86.0,1.0,0.5,5.0,169.931,0.380,0.3,32443088.0
2026-09-01T08:26:01,1.7,6547,1547350,1529288,0.4,0.00,3.95,0.00,15.81,0.00,0.00,0.00,14307.0,95830.0,81044.0,86.0,5.5,0.5,18.0,162.951,0.380,0.3,32443088.0
2026-09-01T08:26:02,0.6,6548,1547350,1529288,0.4,0.00,3.52,0.00,14.08,0.00,0.00,0.00,14307.0,95830.0,81044.0,86.0,0.0,0.5,0.0,138.444,0.229,0.2,17962008.5
2026-09-01T08:26:02,1.4,6547,1547350,1529288,0.4,0.00,4.15,0.00,16.60,0.00,0.00,0.00,14307.0,95830.0,81044.0,0.0,6.5,0.5,26.0,152.789,0.229,0.2,17962008.5
2026-09-01T08:26:02,1.0,6547,1547350,1529288,0.4,0.00,2.40,0.00,9.59,0.00,1.00,0.00,14307.0,95830.0,81044.0,0.0,11.5,0.5,42.5,168.106,0.229,0.2,17962008.5
2026-09-01T08:26:03,1.1,6547,1547350,1529289,0.4,0.00,2.67,0.00,10.67,0.00,0.00,0.00,14307.0,95830.0,81044.0,85.0,9.5,0.5,40.0,170.047,0.309,0.2,20571566.5
2026-09-01T08:26:03,1.3,6547,1547350,1529288,0.4,0.00,2.45,0.00,9.80,0.00,0.00,0.00,14307.0,95830.0,81044.0,85.0,14.0,0.5,47.5,188.988,0.309,0.2,20571566.5
2026-09-01T08:26:03,0.8,6547,1547350,1529288,0.4,0.00,3.97,0.00,15.87,0.00,0.00,0.00,14307.0,95830.0,81044.0,85.0,8.5,0.5,37.0,167.330,0.309,0.2,20571566.5
2026-09-01T08:26:04,1.3,6548,1547350,1529287,0.4,0.00,4.26,0.00,17.02,0.00,0.00,0.00,14307.0,95830.0,81044.0,85.0,3.5,0.5,11.0,171.029,0.309,0.2,20571566.5
2026-09-01T08:26:04,1.4,6548,1547350,1529288,0.4,0.00,4.07,0.00,16.26,0.00,0.00,0.00,14307.0,95830.0,81044.0,22.0,9.5,0.5,39.5,181.579,0.348,0.3,27695125.5
2026-09-01T08:26:04,1.1,6548,1547350,1529288,0.4,0.00,2.68,0.00,10.72,0.00,0.00,0.27,14307.0,95830.0,81044.0,22.0,3.0,0.5,14.5,177.346,0.348,0.3,27695125.5
2026-09-01T08:26:04,1.3,6548,1547350,1529288,0.4,0.00,3.73,0.00,14.93,0.00,0.00,0.00,14307.0,95830.0,81044.0,22.0,13.5,0.5,42.0,185.208,0.348,0.3,27695125.5
2026-09-01T08:26:05,1.3,6548,1547350,1529288,0.4,0.00,4.07,0.00,16.26,0.00,0.00,0.00,14307.0,95830.0,81044.0,84.0,10.0,0.5,43.0,186.046,0.348,0.3,27695125.5
2026-09-01T08:26:05,1.3,6546,1547350,1529290,0.4,0.00,3.68,0.00,14.71,0.00,0.00,0.00,14307.0,95830.0,81044.0,84.0,9.0,0.5,39.5,182.589,0.321,0.2,25887744.0
2026-09-01T08:26:05,1.1,6547,1547350,1529288,0.4,0.00,2.53,0.00,10.13,0.00,0.00,0.00,14307.0,95830.0,81044.0,84.0,3.5,0.5,12.5,188.034,0.321,0.2,25887744.0
2026-09-01T08:26:06,1.3,6549,1547350,1529286,0.4,0.00,3.83,0.00,15.33,0.00,0.00,0.00,14307.0,95830.0,81044.0,84.0,10.5,0.5,43.5,188.098,0.321,0.2,25887744.0
2026-09-01T08:26:06,1.1,6549,1547350,1529286,0.4,0.00,3.85,0.00,15.38,0.00,0.00,0.00,14307.0,95830.0,81044.0,94.0,4.0,0.5,18.5,184.764,0.321,0.2,25887744.0
2026-09-01T08:26:06,1.3,6549,1547350,1529286,0.4,0.00,2.62,0.00,10.50,0.00,0.00,0.00,14307.0,95830.0,81044.0,94.0,11.5,0.5,36.5,187.738,0.380,0.3,28949083.0
2026-09-01T08:26:06,1.3,6549,1547350,1529287,0.4,0.00,3.86,0.00,15.44,0.00,0.00,0.00,14307.0,95830.0,81044.0,94.0,10.5,0.5,43.0,188.017,0.380,0.3,28949083.0
2026-09-01T08:26:07,1.4,6549,1547350,1529287,0.4,0.00,4.10,0.00,16.39,0.00,0.00,0.00,14307.0,95830.0,81044.0,86.0,10.5,0.5,43.5,187.622,0.380,0.3,28949083.0
2026-09-01T08:26:07,1.3,6549,1547350,1529286,0.4,0.00,3.13,0.00,12.54,0.00,0.00,0.00,14307.0,95830.0,81044.0,86.0,10.5,0.5,43.5,204.803,0.380,0.3,28949083.0
2026-09-01T08:26:07,0.8,6551,1547350,1529285,0.4,0.00,3.98,0.00,15.94,0.00,0.00,0.00,14307.0,95830.0,81044.0,86.0,1.5,0.5,6.0,174.068,0.340,0.2,33050146.5
2026-09-01T08:26:08,1.4,6549,1547350,1529286,0.4,0.00,2.68,0.00,10.72,0.00,0.00,0.00,14307.0,95830.0,81044.0,12.0,9.0,0.5,28.5,176.337,0.340,0.2,33050146.5
2026-09-01T08:26:08,1.3,6550,1547350,1529286,0.4,0.00,4.13,0.00,16.53,0.00,0.00,0.00,14307.0,95830.0,81044.0,12.0,11.0,0.5,44.0,176.786,0.340,0.2,33050146.5
2026-09-01T08:26:08,1.3,6549,1547350,1529286,0.4,0.00,3.61,0.00,14.44,0.00,0.00,0.00,14307.0,95830.0,81044.0,12.0,10.0,0.5,43.0,184.448,0.340,0.2,33050146.5
2026-09-01T08:26:09,0.6,6548,1547350,1529287,0.4,0.00,2.82,0.00,11.27,0.00,0.00,0.00,14307.0,95830.0,81044.0,12.0,5.5,0.5,24.5,168.677,0.329,0.2,27577235.5
2026-09-01T08:26:09,1.4,6549,1547350,1529286,0.4,0.00,4.12,0.00,16.46,0.00,0.00,0.00,14307.0,95830.0,81044.0,49.0,0.0,0.5,0.0,172.048,0.329,0.2,27577235.5
2026-09-01T08:26:09,1.3,6548,1547350,1529287,0.4,0.00,3.11,0.00,12.42,0.00,0.00,0.00,14307.0,95830.0,81044.0,49.0,10.5,0.5,43.5,169.501,0.329,0.2,27577235.5
2026-09-01T08:26:09,0.7,6548,1547350,1529287,0.4,0.00,3.00,0.00,12.01,0.00,1.00,0.00,14307.0,95830.0,81044.0,49.0,0.0,0.5,1.5,161.579,0.329,0.2,27577235.5
2026-09-01T08:26:10,1.3,6548,1547350,1529287,0.4,0.00,3.98,0.00,15.94,0.00,0.00,0.00,14307.0,95830.0,81044.0,3.0,7.0,0.5,22.5,172.451,0.320,0.2,22263258.5
2026-09-01T08:26:10,1.4,6549,1547350,1529286,0.4,0.00,3.72,0.00,14.87,0.00,0.00,0.00,14307.0,95830.0,81044.0,3.0,12.5,0.5,45.0,172.720,0.320,0.2,22263258.5
2026-09-01T08:26:10,1.3,6548,1547350,1529287,0.4,0.00,4.03,0.00,16.13,0.00,0.00,0.00,14307.0,95830.0,81044.0,3.0,10.0,0.5,43.0,186.048,0.320,0.2,22263258.5
2026-09-01T08:26:10,1.3,6548,1547350,1529288,0.4,0.00,4.02,0.00,16.06,0.00,0.00,0.00,14307.0,95830.0,81044.0,3.0,10.5,0.5,43.0,206.755,0.320,0.2,22263258.5
2026-09-01T08:26:11,1.0,6548,1547350,1529288,0.4,0.00,4.00,0.00,16.00,0.00,0.00,0.00,14307.0,95830.0,81044.0,86.0,10.0,0.5,43.0,183.191,0.366,0.3,35318953.5
2026-09-01T08:26:11,1.3,6547,1547350,1529288,0.4,0.00,2.50,0.00,10.00,0.00,0.00,0.00,14307.0,95830.0,81044.0,86.0,14.5,0.5,47.0,187.825,0.366,0.3,35318953.5
2026-09-01T08:26:11,1.4,6547,1547350,1529288,0.4,0.00,16.13,0.00,195.56,0.00,0.00,0.00,14307.0,95830.0,81044.0,86.0,10.5,0.5,43.5,187.942,0.366,0.3,35318953.5
2026-09-01T08:26:12,0.8,6547,1547350,1529288,0.4,0.00,2.99,0.00,11.94,0.00,0.00,0.00,14307.0,95830.0,81044.0,88.0,3.0,0.5,14.5,175.999,0.366,0.3,35318953.5
2026-09-01T08:26:12,1.4,6548,1547350,1529287,0.4,0.00,3.89,0.00,15.56,0.00,0.00,0.00,14307.0,95830.0,81044.0,88.0,3.0,0.5,10.0,173.305,0.336,0.3,24356173.5
2026-09-01T08:26:12,1.0,6548,1547350,1529287,0.4,0.00,7.14,0.00,28.57,0.00,0.00,0.00,14307.0,95830.0,81044.0,88.0,5.5,0.5,25.0,154.204,0.336,0.3,24356173.5
2026-09-01T08:26:12,1.3,6547,1547350,1529288,0.4,0.00,4.08,0.00,16.33,0.00,0.00,0.00,14307.0,95830.0,81044.0,88.0,8.0,0.5,25.5,163.428,0.336,0.3,24356173.5
2026-09-01T08:26:13,0.5,6546,1547350,1529290,0.4,0.00,3.32,0.00,13.29,0.00,0.00,0.00,14307.0,95830.0,81044.0,51.0,8.0,0.5,28.0,153.473,0.336,0.3,24356173.5
2026-09-01T08:26:13,1.3,6547,1547350,1529289,0.4,0.00,3.01,0.00,12.05,0.00,0.00,0.00,14307.0,95830.0,81044.0,51.0,12.5,0.5,39.0,157.435,0.251,0.2,14994651.5
2026-09-01T08:26:13,1.3,6546,1547350,1529289,0.4,0.00,4.22,0.00,16.88,0.00,0.00,0.00,14307.0,95830.0,81044.0,51.0,10.5,0.5,43.0,171.219,0.251,0.2,14994651.5
2026-09-01T08:26:14,1.3,6547,1547350,1529289,0.4,0.00,4.20,0.00,16.81,0.00,0.00,0.00,14307.0,95830.0,81044.0,51.0,10.5,0.5,44.0,187.593,0.251,0.2,14994651.5
2026-09-01T08:26:14,1.3,6546,1547350,1529289,0.4,0.00,4.15,0.00,16.60,0.00,0.00,0.00,14307.0,95830.0,81044.0,88.0,10.5,0.5,43.5,204.947,0.251,0.2,14994651.5
2026-09-01T08:26:14,1.4,6547,1547350,1529289,0.4,0.00,3.52,0.00,14.08,0.00,0.00,0.00,14307.0,95830.0,81044.0,88.0,10.5,0.5,43.5,204.052,0.434,0.3,42118753.0
2026-09-01T08:26:14,0.6,6546,1547350,1529289,0.4,0.00,3.14,0.00,12.58,0.00,1.00,0.00,14307.0,95830.0,81044.0,88.0,9.5,0.5,41.0,171.407,0.434,0.3,42118753.0
2026-09-01T08:26:15,1.3,6546,1547350,1529289,0.4,0.00,4.02,0.00,16.06,0.00,0.00,0.00,14307.0,95830.0,81044.0,54.0,11.5,0.5,44.0,173.303,0.434,0.3,42118753.0
2026-09-01T08:26:15,1.3,6546,1547350,1529289,0.4,0.00,3.68,0.00,14.71,0.00,0.00,0.00,14307.0,95830.0,81044.0,54.0,10.0,0.5,42.5,171.935,0.434,0.3,42118753.0
2026-09-01T08:26:15,1.0,6546,1547350,1529289,0.4,0.00,3.27,0.00,13.07,0.00,0.00,0.00,14307.0,95830.0,81044.0,54.0,2.5,0.5,9.0,186.507,0.281,0.2,23541969.5
2026-09-01T08:26:16,1.3,6549,1547350,1529287,0.4,0.00,2.22,0.00,8.89,0.00,0.00,0.00,14307.0,95830.0,81044.0,91.0,10.0,0.5,41.5,185.094,0.281,0.2,23541969.5
2026-09-01T08:26:16,1.4,6548,1547350,1529287,0.4,0.00,4.00,0.00,16.00,0.00,0.00,0.00,14307.0,95830.0,81044.0,91.0,10.0,0.5,43.0,181.435,0.281,0.2,23541969.5
2026-09-01T08:26:16,0.5,6547,1547350,1529288,0.4,0.00,2.60,0.00,10.42,0.00,0.00,0.00,14307.0,95830.0,81044.0,91.0,0.0,0.5,0.0,165.519,0.281,0.2,23541969.5
2026-09-01T08:26:17,1.3,6547,1547350,1529288,0.4,0.00,4.07,0.00,16.26,0.00,0.00,0.00,14307.0,95830.0,81044.0,91.0,14.0,0.5,46.5,166.895,0.326,0.2,26689865.0
2026-09-01T08:26:17,1.4,6549,1547350,1529287,0.4,0.00,3.97,0.00,15.87,0.00,0.00,0.00,14307.0,95830.0,81044.0,93.0,10.0,0.5,41.5,167.431,0.326,0.2,26689865.0
2026-09-01T08:26:17,0.8,6548,1547350,1529288,0.4,0.00,2.62,0.00,10.50,0.00,0.00,0.00,14307.0,95830.0,81044.0,93.0,0.0,0.5,0.5,158.775,0.326,0.2,26689865.0
2026-09-01T08:26:17,1.3,6547,1547350,1529288,0.4,0.00,3.83,0.00,15.33,0.00,0.00,0.00,14307.0,95830.0,81044.0,93.0,9.5,0.5,29.0,171.719,0.326,0.2,26689865.0
2026-09-01T08:26:18,1.4,6547,1547350,1529288,0.4,0.00,4.13,0.00,16.53,0.00,0.00,0.00,14307.0,95830.0,81044.0,92.0,10.0,0.5,42.5,172.265,0.320,0.2,25043085.0
2026-09-01T08:26:18,1.3,6547,1547350,1529289,0.4,0.00,4.00,0.00,16.00,0.00,0.00,0.00,14307.0,95830.0,81044.0,92.0,9.5,0.5,40.0,178.995,0.320,0.2,25043085.0
2026-09-01T08:26:18,0.5,6547,1547350,1529288,0.4,0.00,3.14,0.00,12.58,0.00,0.00,0.00,14307.0,95830.0,81044.0,92.0,2.5,0.5,11.0,168.869,0.320,0.2,25043085.0
2026-09-01T08:26:19,1.3,6548,1547350,1529288,0.4,0.00,3.95,0.00,15.81,0.00,0.00,0.00,14307.0,95830.0,81044.0,92.0,14.0,0.5,46.5,170.367,0.320,0.2,25043085.0
2026-09-01T08:26:19,1.3,6547,1547350,1529288,0.4,0.00,3.94,0.00,15.75,0.00,0.00,0.00,14307.0,95830.0,81044.0,93.0,10.0,0.5,42.0,171.272,0.311,0.2,26059848.5
2026-09-01T08:26:19,1.0,6547,1547350,1529289,0.4,0.00,2.82,0.00,11.30,0.00,0.00,0.00,14307.0,95830.0,81044.0,93.0,3.0,0.5,14.0,173.668,0.311,0.2,26059848.5
2026-09-01T08:26:19,1.3,6545,1547350,1529290,0.4,0.00,3.56,0.00,14.23,0.00,0.00,0.00,14307.0,95830.0,81044.0,93.0,14.0,0.5,41.5,187.296,0.311,0.2,26059848.5
2026-09-01T08:26:20,1.5,6545,1547350,1529290,0.4,0.00,4.13,0.00,16.53,0.00,0.00,0.00,14307.0,95830.0,81044.0,86.0,4.5,0.5,19.5,170.105,0.311,0.2,26059848.5
2026-09-01T08:26:20,0.9,6546,1547350,1529289,0.4,0.00,1.52,0.00,6.10,0.00,0.00,0.00,14307.0,95830.0,81044.0,86.0,0.5,0.5,3.5,167.630,0.295,0.2,21647509.5
2026-09-01T08:26:21,1.3,6546,1547350,1529290,0.4,0.00,3.37,0.00,13.47,0.00,0.00,0.00,14307.0,95830.0,81044.0,86.0,14.5,0.5,47.5,174.776,0.295,0.2,21647509.5
2026-09-01T08:26:21,1.4,6545,1547350,1529291,0.4,0.00,4.15,0.00,16.60,0.00,0.00,0.00,14307.0,95830.0,81044.0,95.0,10.0,0.5,43.0,188.125,0.365,0.3,25379733.0
2026-09-01T08:26:21,0.7,6545,1547350,1529291,0.4,0.00,2.70,0.00,10.78,0.00,0.00,0.00,14307.0,95830.0,81044.0,95.0,0.0,0.5,1.5,165.495,0.365,0.3,25379733.0
2026-09-01T08:26:21,1.3,6546,1547350,1529290,0.4,0.00,4.08,0.00,16.33,0.00,1.00,0.00,14307.0,95830.0,81044.0,95.0,8.0,0.5,24.5,172.474,0.365,0.3,25379733.0
2026-09-01T08:26:22,1.0,6545,1547350,1529290,0.4,0.00,4.05,0.00,16.19,0.00,0.00,0.00,14307.0,95830.0,81044.0,88.0,12.0,0.5,44.0,154.617,0.365,0.3,25379733.0
2026-09-01T08:26:22,1.4,6546,1547350,1529290,0.4,0.00,4.00,0.00,16.00,0.00,0.00,0.00,14307.0,95830.0,81044.0,88.0,14.5,0.5,47.0,166.755,0.271,0.2,18303541.0
2026-09-01T08:26:22,0.6,6546,1547350,1529289,0.4,0.00,2.85,0.00,11.40,0.00,0.00,0.00,14307.0,95830.0,81044.0,88.0,4.0,0.5,19.0,154.793,0.271,0.2,18303541.0
2026-09-01T08:26:23,1.3,6546,1547350,1529289,0.4,0.00,4.13,0.00,16.53,0.00,0.00,0.00,14307.0,95830.0,81044.0,88.0,14.0,0.5,46.5,158.669,0.271,0.2,18303541.0
2026-09-01T08:26:23,1.3,6546,1547350,1529289,0.4,0.00,3.32,0.00,13.29,0.00,0.00,0.00,14307.0,95830.0,81044.0,93.0,7.0,0.5,30.0,152.130,0.240,0.2,18672578.5
2026-09-01T08:26:23,1.0,6547,1547350,1529288,0.4,0.00,2.03,0.00,8.13,0.00,0.00,0.00,14307.0,95830.0,81044.0,93.0,14.5,0.5,47.5,173.200,0.240,0.2,18672578.5
2026-09-01T08:26:24,0.5,6547,1547350,1529289,0.4,0.00,3.47,0.00,13.89,0.00,0.00,0.00,14307.0,95830.0,81044.0,95.0,0.5,0.5,2.0,143.935,0.240,0.2,18672578.5
2026-09-01T08:26:24,1.1,6547,1547350,1529288,0.4,0.00,3.83,0.00,15.33,0.00,0.00,0.00,14307.0,95830.0,81044.0,95.0,13.0,0.5,45.0,156.125,0.228,0.2,12928934.5
2026-09-01T08:26:24,1.3,6546,1547350,1529289,0.4,0.00,2.12,0.00,8.49,0.00,0.00,0.00,14307.0,95830.0,81044.0,95.0,14.5,0.5,46.5,164.275,0.228,0.2,12928934.5
2026-09-01T08:26:25,1.3,6546,1547350,1529289,0.4,0.00,4.07,0.00,16.26,0.00,0.00,0.00,14307.0,95830.0,81044.0,95.0,10.0,0.5,42.5,187.135,0.228,0.2,12928934.5
2026-09-01T08:26:25,0.8,6547,1547350,1529289,0.4,0.00,3.61,0.00,14.44,0.00,0.00,0.00,14307.0,95830.0,81044.0,93.0,2.0,0.5,8.5,172.767,0.228,0.2,12928934.5
2026-09-01T08:26:25,1.4,6547,1547350,1529288,0.4,0.00,2.62,0.00,10.50,0.00,0.00,0.00,14307.0,95830.0,81044.0,93.0,7.5,0.5,23.5,174.361,0.334,0.3,23695363.5
2026-09-01T08:26:26,1.3,6548,1547350,1529288,0.4,0.00,2.34,0.00,9.37,0.00,0.00,0.00,14307.0,95830.0,81044.0,87.0,9.5,0.5,40.5,172.705,0.334,0.3,23695363.5
2026-09-01T08:26:26,0.9,6548,1547350,1529287,0.4,0.00,4.12,0.00,16.46,0.00,0.00,0.00,14307.0,95830.0,81044.0,87.0,4.5,0.5,20.0,178.672,0.334,0.3,23695363.5
2026-09-01T08:26:26,1.3,6549,1547350,1529286,0.4,0.00,2.96,0.00,11.83,0.00,0.00,0.00,14307.0,95830.0,81044.0,87.0,7.0,0.5,22.0,179.207,0.337,0.3,27511862.5
2026-09-01T08:26:27,1.3,6549,1547350,1529287,0.4,0.00,4.00,0.00,16.00,0.00,0.00,0.00,14307.0,95830.0,81044.0,87.0,12.0,0.5,43.0,180.251,0.337,0.3,27511862.5
2026-09-01T08:26:27,0.6,6549,1547350,1529287,0.4,0.00,3.19,0.00,12.78,0.00,0.00,0.00,14307.0,95830.0,81044.0,86.0,1.0,0.5,4.5,159.408,0.337,0.3,27511862.5
2026-09-01T08:26:27,1.3,6551,1547350,1529285,0.4,0.00,3.09,0.00,12.35,0.00,0.00,0.00,14307.0,95830.0,81044.0,86.0,12.5,0.5,45.0,170.194,0.337,0.3,27511862.5
2026-09-01T08:26:27,1.0,6550,1547350,1529285,0.4,0.00,3.94,0.00,15.75,0.00,0.00,0.00,14307.0,95830.0,81044.0,86.0,9.5,0.5,40.0,155.299,0.286,0.2,24090639.5
2026-09-01T08:26:28,1.3,6551,1547350,1529285,0.4,0.00,3.42,0.00,13.70,0.00,0.00,0.00,14307.0,95830.0,81044.0,80.0,4.0,0.5,14.0,176.684,0.286,0.2,24090639.5
2026-09-01T08:26:28,1.3,6551,1547350,1529285,0.4,0.00,4.13,0.00,16.53,0.00,0.00,0.00,14307.0,95830.0,81044.0,80.0,10.5,0.5,43.5,189.280,0.286,0.2,24090639.5
2026-09-01T08:26:28,1.3,6550,1547350,1529285,0.4,0.00,3.09,0.00,12.35,0.00,0.00,0.00,14307.0,95830.0,81044.0,80.0,10.5,0.5,43.5,188.509,0.286,0.2,24090639.5
2026-09-01T08:26:29,0.5,6550,1547350,1529285,0.4,0.00,2.99,0.00,11.94,0.00,0.00,0.00,14307.0,95830.0,81044.0,80.0,0.0,0.5,0.0,167.974,0.306,0.2,27726937.5
2026-09-01T08:26:29,1.4,6550,1547350,1529286,0.4,0.00,4.17,0.00,16.67,0.00,1.00,0.00,14307.0,95830.0,81044.0,77.0,8.5,0.5,26.5,171.740,0.306,0.2,27726937.5
2026-09-01T08:26:29,1.1,6549,1547350,1529287,0.4,0.00,3.15,0.00,12.62,0.00,0.00,0.00,14307.0,95830.0,81044.0,77.0,6.5,0.5,28.0,153.129,0.306,0.2,27726937.5
2026-09-01T08:26:29,1.2,6549,1547350,1529287,0.4,0.00,3.51,0.00,14.04,0.00,0.00,0.00,14307.0,95830.0,81044.0,77.0,8.5,0.5,26.5,171.817,0.306,0.2,27726937.5
2026-09-01T08:26:30,1.3,6549,1547350,1529287,0.4,0.00,4.18,0.00,16.74,0.00,0.00,0.00,14307.0,95830.0,81044.0,53.0,11.5,0.5,44.5,187.914,0.383,0.3,27968141.5
2026-09-01T08:26:30,1.4,6548,1547350,1529287,0.4,0.00,4.08,0.00,16.33,0.00,0.00,0.00,14307.0,95830.0,81044.0,53.0,10.5,0.5,43.5,182.990,0.383,0.3,27968141.5
2026-09-01T08:26:30,1.0,6548,1547350,1529287,0.4,0.00,2.11,0.00,8.46,0.00,0.00,0.00,14307.0,95830.0,81044.0,53.0,11.5,0.5,35.5,188.087,0.383,0.3,27968141.5
2026-09-01T08:26:31,1.4,6548,1547350,1529288,0.4,0.00,3.92,0.00,15.69,0.00,0.00,0.00,14307.0,95830.0,81044.0,71.0,10.5,0.5,44.0,188.261,0.383,0.3,27968141.5
2026-09-01T08:26:31,1.3,6548,1547350,1529288,0.4,0.00,4.03,0.00,16.13,0.00,0.00,0.00,14307.0,95830.0,81044.0,71.0,10.5,0.5,43.5,194.306,0.387,0.3,33316618.0
2026-09-01T08:26:31,1.1,6548,1547350,1529287,0.4,0.00,2.60,0.00,10.42,0.00,0.00,0.00,14307.0,95830.0,81044.0,71.0,4.0,0.5,18.0,189.098,0.387,0.3,33316618.0
2026-09-01T08:26:32,1.3,6547,1547350,1529288,0.4,0.00,2.10,0.00,8.39,0.00,0.00,0.00,14307.0,95830.0,81044.0,36.0,12.5,0.5,38.5,189.074,0.387,0.3,33316618.0
2026-09-01T08:26:32,1.1,6547,1547350,1529288,0.4,0.00,3.76,0.00,15.04,0.00,0.00,0.00,14307.0,95830.0,81044.0,36.0,10.5,0.5,44.0,171.042,0.333,0.3,27664407.5
2026-09-01T08:26:32,1.3,6547,1547350,1529289,0.4,0.00,2.77,0.00,11.08,0.00,0.00,0.00,14307.0,95830.0,81044.0,36.0,4.0,0.5,17.0,190.240,0.333,0.3,27664407.5
2026-09-01T08:26:33,1.4,6547,1547350,1529289,0.4,0.00,4.20,0.00,16.81,0.00,0.00,0.00,14307.0,95830.0,81044.0,78.0,10.0,0.5,43.0,188.450,0.333,0.3,27664407.5
2026-09-01T08:26:33,1.1,6546,1547350,1529289,0.4,0.00,25.42,0.00,118.64,0.00,0.00,0.00,14307.0,95830.0,81044.0,78.0,10.5,0.5,43.5,170.627,0.333,0.3,27664407.5
2026-09-01T08:26:33,1.3,6547,1547350,1529289,0.4,0.00,3.15,0.00,12.62,0.00,0.00,0.32,14307.0,95830.0,81044.0,78.0,2.5,0.5,8.5,191.940,0.362,0.3,26118783.5
2026-09-01T08:26:33,1.3,6546,1547350,1529289,0.4,0.00,3.97,0.00,15.87,0.00,0.00,0.00,14307.0,95830.0,81044.0,78.0,9.0,0.5,39.0,187.848,0.362,0.3,26118783.5
2026-09-01T08:26:34,0.7,6546,1547350,1529290,0.4,0.00,2.80,0.00,11.20,0.00,0.00,0.00,14307.0,95830.0,81044.0,78.0,0.0,0.5,0.5,162.018,0.362,0.3,26118783.5
2026-09-01T08:26:34,1.3,6546,1547350,1529289,0.4,0.00,4.02,0.00,16.06,0.00,0.00,0.00,14307.0,95830.0,81044.0,78.0,13.0,0.5,46.0,172.354,0.362,0.3,26118783.5
2026-09-01T08:26:34,1.4,6546,1547350,1529289,0.4,0.00,3.82,0.00,15.27,0.00,1.00,0.00,14307.0,95830.0,81044.0,78.0,10.5,0.5,43.5,172.117,0.323,0.2,25756178.5
2026-09-01T08:26:35,1.2,6546,1547350,1529290,0.4,0.00,4.07,0.00,16.26,0.00,0.00,0.00,14307.0,95830.0,81044.0,78.0,10.5,0.5,43.5,182.310,0.323,0.2,25756178.5
2026-09-01T08:26:35,1.4,6545,1547350,1529290,0.4,0.00,4.03,0.00,16.13,0.00,0.00,0.00,14307.0,95830.0,81044.0,87.0,10.5,0.5,43.5,207.063,0.323,0.2,25756178.5
2026-09-01T08:26:35,0.5,6546,1547350,1529290,0.4,0.00,2.40,0.00,9.59,0.00,0.00,0.00,14307.0,95830.0,81044.0,87.0,0.0,0.5,0.0,161.906,0.323,0.2,25756178.5
2026-09-01T08:26:35,1.3,6545,1547350,1529291,0.4,0.00,3.92,0.00,15.69,0.00,0.00,0.00,14307.0,95830.0,81044.0,87.0,12.5,0.5,44.5,163.489,0.288,0.2,23754370.5
2026-09-01T08:26:36,1.3,6545,1547350,1529291,0.4,0.00,4.10,0.00,16.39,0.00,0.00,0.00,14307.0,95830.0,81044.0,89.0,9.5,0.5,41.5,161.203,0.288,0.2,23754370.5
2026-09-01T08:26:36,1.0,6546,1547350,1529290,0.4,0.00,4.08,0.00,16.33,0.00,0.00,0.00,14307.0,95830.0,81044.0,89.0,2.0,0.5,9.0,172.292,0.288,0.2,23754370.5
2026-09-01T08:26:36,1.4,6546,1547350,1529290,0.4,0.00,2.59,0.00,10.36,0.00,0.00,0.00,14307.0,95830.0,81044.0,89.0,14.5,0.5,47.0,186.781,0.288,0.2,23754370.5
2026-09-01T08:26:37,1.3,6546,1547350,1529289,0.4,0.00,4.29,0.00,17.17,0.00,0.00,0.00,14307.0,95830.0,81044.0,89.0,10.0,0.5,43.0,187.566,0.367,0.3,31371858.0
2026-09-01T08:26:37,1.0,6546,1547350,1529289,0.4,0.00,4.15,0.00,16.60,0.00,0.00,0.00,14307.0,95830.0,81044.0,86.0,1.5,0.5,7.0,169.337,0.367,0.3,31371858.0
2026-09-01T08:26:37,1.3,6547,1547350,1529288,0.4,0.00,2.54,0.00,10.18,0.00,0.00,0.00,14307.0,95830.0,81044.0,86.0,14.5,0.5,47.0,186.804,0.367,0.3,31371858.0
2026-09-01T08:26:37,1.3,6548,1547350,1529288,0.4,0.00,4.07,0.00,16.26,0.00,0.00,0.00,14307.0,95830.0,81044.0,86.0,10.0,0.5,42.5,185.986,0.367,0.3,31371858.0
2026-09-01T08:26:38,1.1,6548,1547350,1529288,0.4,0.00,3.76,0.00,15.04,0.00,0.00,0.00,14307.0,95830.0,81044.0,85.0,7.5,0.5,33.5,177.570,0.332,0.2,28174651.0
2026-09-01T08:26:38,1.4,6547,1547350,1529288,0.4,0.00,2.82,0.00,11.30,0.00,0.00,0.00,14307.0,95830.0,81044.0,85.0,12.0,0.5,45.0,184.929,0.332,0.2,28174651.0
2026-09-01T08:26:38,1.3,6548,1547350,1529288,0.4,0.00,4.05,0.00,16.19,0.00,0.00,0.00,14307.0,95830.0,81044.0,85.0,10.0,0.5,42.5,185.649,0.332,0.2,28174651.0
2026-09-01T08:26:39,1.3,6548,1547350,1529287,0.4,0.00,3.64,0.00,14.55,0.00,0.00,0.00,14307.0,95830.0,81044.0,85.0,10.0,0.5,43.0,185.627,0.332,0.2,28174651.0
2026-09-01T08:26:39,1.1,6548,1547350,1529287,0.4,0.00,4.17,0.00,16.67,0.00,0.00,0.00,14307.0,95830.0,81044.0,86.0,3.0,0.5,14.5,184.004,0.410,0.3,34910411.5
2026-09-01T08:26:39,1.1,6547,1547350,1529288,0.4,0.00,2.67,0.00,10.67,0.00,0.00,0.00,14307.0,95830.0,81044.0,86.0,3.0,0.5,14.0,169.918,0.410,0.3,34910411.5
2026-09-01T08:26:40,1.3,6547,1547350,1529288,0.4,0.00,2.53,0.00,10.13,0.00,0.00,0.00,14307.0,95830.0,81044.0,86.0,13.0,0.5,41.5,173.325,0.410,0.3,34910411.5
2026-09-01T08:26:40,1.3,6547,1547350,1529288,0.4,0.00,3.56,0.00,14.23,0.00,0.00,0.00,14307.0,95830.0,81044.0,83.0,10.5,0.5,43.5,188.851,0.410,0.3,34910411.5
2026-09-01T08:26:40,1.1,6547,1547350,1529289,0.4,0.00,2.53,0.00,10.13,0.00,0.00,0.00,14307.0,95830.0,81044.0,83.0,1.5,0.5,6.0,185.991,0.321,0.2,23829651.5
2026-09-01T08:26:41,1.3,6547,1547350,1529289,0.4,0.00,2.89,0.00,11.56,0.00,0.00,0.00,14307.0,95830.0,81044.0,95.0,14.5,0.5,47.5,186.472,0.321,0.2,23829651.5
2026-09-01T08:26:41,1.3,6546,1547350,1529289,0.4,0.00,4.10,0.00,16.39,0.00,0.00,0.00,14307.0,95830.0,81044.0,95.0,10.5,0.5,43.5,176.095,0.321,0.2,23829651.5
2026-09-01T08:26:41,0.5,6547,1547350,1529288,0.4,0.00,2.78,0.00,11.11,0.00,0.00,0.00,14307.0,95830.0,81044.0,95.0,0.0,0.5,0.0,160.932,0.321,0.2,23829651.5
2026-09-01T08:26:42,1.3,6546,1547350,1529289,0.4,0.00,29.66,0.00,211.86,0.00,0.14,0.00,14307.0,95830.0,81044.0,95.0,5.5,0.5,17.5,164.629,0.290,0.2,21898399.0
2026-09-01T08:26:42,0.7,6547,1547350,1529289,0.4,0.00,2.69,0.00,10.75,0.00,0.00,0.00,14307.0,95830.0,81044.0,90.0,1.5,0.5,6.5,129.781,0.290,0.2,21898399.0
2026-09-01T08:26:42,1.3,6547,1547350,1529288,0.4,0.00,4.08,0.00,16.33,0.00,0.00,0.00,14307.0,95830.0,81044.0,90.0,4.5,0.5,15.0,164.496,0.290,0.2,21898399.0
2026-09-01T08:26:42,1.4,6547,1547350,1529288,0.4,0.00,3.86,0.00,15.44,0.00,0.00,0.00,14307.0,95830.0,81044.0,90.0,10.5,0.5,44.0,173.541,0.290,0.2,21898399.0
2026-09-01T08:26:43,1.1,6547,1547350,1529289,0.4,0.00,4.02,0.00,16.06,0.00,0.00,0.00,14307.0,95830.0,81044.0,87.0,10.5,0.5,43.5,181.691,0.270,0.2,22408851.5
2026-09-01T08:26:43,1.3,6546,1547350,1529289,0.4,0.00,8.62,0.00,45.98,0.00,0.00,0.00,14307.0,95830.0,81044.0,87.0,15.0,0.5,48.0,188.989,0.270,0.2,22408851.5
2026-09-01T08:26:43,1.1,6546,1547350,1529289,0.4,0.00,3.31,0.00,13.25,0.00,0.00,0.00,14307.0,95830.0,81044.0,87.0,9.5,0.5,40.0,170.312,0.270,0.2,22408851.5
2026-09-01T08:26:44,1.3,6546,1547350,1529289,0.4,0.00,3.95,0.00,15.81,0.00,0.00,0.00,14307.0,95830.0,81044.0,87.0,3.5,0.5,12.0,174.474,0.270,0.2,22408851.5
2026-09-01T08:26:44,1.3,6546,1547350,1529290,0.4,0.00,4.18,0.00,16.74,0.00,0.00,0.00,14307.0,95830.0,81044.0,90.0,9.5,0.5,40.5,188.711,0.368,0.3,25485329.5
2026-09-01T08:26:44,1.3,6548,1547350,1529288,0.4,0.00,3.61,0.00,14.44,0.00,0.00,0.00,14307.0,95830.0,81044.0,90.0,10.0,0.5,43.0,187.548,0.368,0.3,25485329.5
2026-09-01T08:26:44,0.6,6547,1547350,1529288,0.4,0.00,2.38,0.00,9.52,0.00,0.00,0.00,14307.0,95830.0,81044.0,90.0,1.5,0.5,6.5,167.236,0.368,0.3,25485329.5
2026-09-01T08:26:45,1.3,6548,1547350,1529288,0.4,0.00,3.79,0.00,15.15,0.00,0.00,0.00,14307.0,95830.0,81044.0,13.0,5.5,0.5,18.0,171.969,0.368,0.3,25485329.5
2026-09-01T08:26:45,0.5,6547,1547350,1529289,0.4,0.00,3.26,0.00,13.03,0.00,0.00,0.00,14307.0,95830.0,81044.0,13.0,0.0,0.5,0.0,128.079,0.221,0.2,17251565.5
2026-09-01T08:26:45,1.2,6547,1547350,1529288,0.4,0.00,2.69,0.00,10.75,0.00,0.00,0.00,14307.0,95830.0,81044.0,13.0,14.0,0.5,43.5,154.685,0.221,0.2,17251565.5
2026-09-01T08:26:46,1.4,6547,1547350,1529289,0.4,0.00,4.12,0.00,16.46,0.00,1.00,0.00,14307.0,95830.0,81044.0,87.0,10.5,0.5,43.5,159.013,0.221,0.2,17251565.5
2026-09-01T08:26:46,1.3,6546,1547350,1529289,0.4,0.00,4.15,0.00,16.60,0.00,0.00,0.00,14307.0,95830.0,81044.0,87.0,10.5,0.5,43.5,178.691,0.221,0.2,17251565.5
2026-09-01T08:26:46,0.5,6548,1547350,1529288,0.4,0.00,2.42,0.00,9.69,0.00,0.00,0.00,14307.0,95830.0,81044.0,87.0,0.0,0.5,1.0,161.961,0.293,0.2,23739196.0
2026-09-01T08:26:47,1.4,6547,1547350,1529288,0.4,0.00,4.10,0.00,16.39,0.00,0.00,0.00,14307.0,95830.0,81044.0,87.0,2.5,0.5,8.0,163.847,0.293,0.2,23739196.0
2026-09-01T08:26:47,1.4,6546,1547350,1529289,0.4,0.00,4.26,0.00,17.02,0.00,0.00,0.00,14307.0,95830.0,81044.0,16.0,10.5,0.5,43.5,162.761,0.293,0.2,23739196.0
2026-09-01T08:26:47,1.4,6546,1547350,1529289,0.4,0.00,4.00,0.00,16.00,0.00,0.00,0.00,14307.0,95830.0,81044.0,16.0,10.5,0.5,43.5,196.236,0.293,0.2,23739196.0
2026-09-01T08:26:47,1.3,6546,1547350,1529289,0.4,0.00,2.61,0.00,10.44,0.00,0.00,0.00,14307.0,95830.0,81044.0,16.0,10.5,0.5,43.5,200.180,0.429,0.3,37370790.5
2026-09-01T08:26:48,0.5,6547,1547350,1529288,0.4,0.00,3.62,0.00,14.49,0.00,0.00,0.00,14307.0,95830.0,81044.0,87.0,3.0,0.5,14.0,170.867,0.429,0.3,37370790.5
2026-09-01T08:26:48,1.3,6547,1547350,1529288,0.4,0.00,3.92,0.00,15.69,0.00,0.00,0.00,14307.0,95830.0,81044.0,87.0,3.0,0.5,10.5,173.768,0.429,0.3,37370790.5
2026-09-01T08:26:48,1.3,6547,1547350,1529288,0.4,0.00,5.62,0.00,22.47,0.00,0.00,0.00,14307.0,95830.0,81044.0,87.0,10.0,0.5,43.0,173.122,0.429,0.3,37370790.5
2026-09-01T08:26:49,1.4,6547,1547350,1529289,0.4,0.00,4.20,0.00,16.81,0.00,0.00,0.00,14307.0,95830.0,81044.0,87.0,10.0,0.5,42.5,189.075,0.332,0.3,27661006.5
2026-09-01T08:26:49,1.3,6546,1547350,1529289,0.4,0.00,4.02,0.00,16.06,0.00,0.00,0.00,14307.0,95830.0,81044.0,85.0,10.0,0.5,42.5,201.962,0.332,0.3,27661006.5
2026-09-01T08:26:49,1.3,6547,1547350,1529289,0.4,0.00,4.08,0.00,16.33,0.00,0.00,0.00,14307.0,95830.0,81044.0,85.0,10.0,0.5,43.0,202.073,0.332,0.3,27661006.5
2026-09-01T08:26:49,1.4,6547,1547350,1529289,0.4,0.00,3.66,0.00,14.65,0.00,0.00,0.00,14307.0,95830.0,81044.0,85.0,10.0,0.5,43.0,202.762,0.332,0.3,27661006.5
2026-09-01T08:26:50,1.3,6546,1547350,1529289,0.4,0.00,4.24,0.00,16.95,0.00,0.00,0.00,14307.0,95830.0,81044.0,85.0,10.0,0.5,43.0,202.885,0.426,0.3,41435265.5
2026-09-01T08:26:50,0.7,6547,1547350,1529289,0.4,0.00,3.18,0.00,12.74,0.00,0.00,0.00,14307.0,95830.0,81044.0,86.0,1.5,0.5,7.0,173.097,0.426,0.3,41435265.5
2026-09-01T08:26:50,1.3,6547,1547350,1529289,0.4,0.00,3.73,0.00,14.93,0.00,0.00,0.00,14307.0,95830.0,81044.0,86.0,6.0,0.5,19.0,173.835,0.426,0.3,41435265.5
2026-09-01T08:26:50,1.3,6546,1547350,1529289,0.4,0.00,3.46,0.00,13.84,0.00,0.00,0.00,14307.0,95830.0,81044.0,86.0,10.0,0.5,43.0,173.840,0.426,0.3,41435265.5
2026-09-01T08:26:51,0.8,6547,1547350,1529289,0.4,0.00,3.94,0.00,15.75,0.00,0.00,0.00,14307.0,95830.0,81044.0,86.0,14.0,0.5,44.5,171.135,0.289,0.2,22247296.5
2026-09-01T08:26:52,1.3,6546,1547350,1529289,0.4,0.00,1.14,0.00,4.55,0.00,0.00,0.00,14307.0,95830.0,81044.0,86.0,10.0,0.5,43.0,171.212,0.289,0.2,22247296.5
2026-09-01T08:26:52,1.3,6546,1547350,1529290,0.4,0.00,2.75,0.00,10.99,0.00,0.00,0.00,14307.0,95830.0,81044.0,87.0,10.0,0.5,43.0,203.465,0.289,0.2,22247296.5
2026-09-01T08:26:52,1.3,6547,1547350,1529288,0.4,0.00,3.94,0.00,15.75,0.00,0.00,0.00,14307.0,95830.0,81044.0,87.0,10.0,0.5,43.0,201.343,0.289,0.2,22247296.5
2026-09-01T08:26:52,1.0,6546,1547350,1529289,0.4,0.00,3.65,0.00,14.60,0.00,0.00,0.00,14307.0,95830.0,81044.0,87.0,7.5,0.5,33.0,184.677,0.414,0.3,39951836.5
2026-09-01T08:26:53,1.3,6546,1547350,1529290,0.4,0.00,3.86,0.00,15.44,0.00,1.00,0.00,14307.0,95830.0,81044.0,66.0,6.5,0.5,21.0,188.564,0.414,0.3,39951836.5
2026-09-01T08:26:53,1.4,6545,1547350,1529291,0.4,0.00,4.03,0.00,16.13,0.00,0.00,0.00,14307.0,95830.0,81044.0,66.0,13.0,0.5,45.5,188.724,0.414,0.3,39951836.5
2026-09-01T08:26:53,1.3,6544,1547350,1529291,0.4,0.00,4.15,0.00,16.60,0.00,0.00,0.00,14307.0,95830.0,81044.0,66.0,10.5,0.5,44.0,188.929,0.414,0.3,39951836.5
2026-09-01T08:26:53,1.4,6545,1547350,1529291,0.4,0.00,4.67,0.00,18.69,0.00,0.00,0.00,14307.0,95830.0,81044.0,66.0,10.5,0.5,43.5,197.209,0.414,0.3,39951836.5
2026-09-01T08:26:54,0.6,6546,1547350,1529290,0.4,0.00,3.45,0.00,13.79,0.00,0.00,0.00,14307.0,95830.0,81044.0,87.0,3.0,0.5,13.0,170.584,0.310,0.2,27524867.0
2026-09-01T08:26:54,1.5,6546,1547350,1529289,0.4,0.00,4.13,0.00,16.53,0.00,0.00,0.00,14307.0,95830.0,81044.0,87.0,12.0,0.5,39.5,155.276,0.310,0.2,27524867.0
2026-09-01T08:26:54,1.0,6547,1547350,1529289,0.4,0.00,2.48,0.00,9.93,0.00,0.00,0.00,14307.0,95830.0,81044.0,87.0,5.0,0.5,16.5,160.411,0.310,0.2,27524867.0
2026-09-01T08:26:55,1.3,6547,1547350,1529289,0.4,0.00,4.05,0.00,16.19,0.00,0.00,0.00,14307.0,95830.0,81044.0,87.0,15.0,0.5,47.5,182.522,0.310,0.2,27524867.0
2026-09-01T08:26:55,0.7,6546,1547350,1529289,0.4,0.00,2.96,0.00,11.83,0.00,0.00,0.00,14307.0,95830.0,81044.0,95.0,4.0,0.5,17.5,166.946,0.276,0.2,18259602.5
2026-09-01T08:26:55,1.3,6547,1547350,1529288,0.4,0.00,4.03,0.00,16.13,0.00,0.00,0.00,14307.0,95830.0,81044.0,95.0,0.5,0.5,2.5,173.142,0.276,0.2,18259602.5
2026-09-01T08:26:55,1.0,6546,1547350,1529290,0.4,0.00,3.62,0.00,14.49,0.00,0.00,0.00,14307.0,95830.0,81044.0,95.0,3.0,0.5,10.0,153.935,0.276,0.2,18259602.5
2026-09-01T08:26:56,1.3,6547,1547350,1529289,0.4,0.00,2.70,0.00,10.81,0.00,0.00,0.00,14307.0,95830.0,81044.0,20.0,14.0,0.5,48.0,178.585,0.276,0.2,18259602.5
2026-09-01T08:26:56,0.6,6546,1547350,1529289,0.4,0.00,2.14,0.00,8.55,0.00,0.00,0.00,14307.0,95830.0,81044.0,20.0,4.0,0.5,12.5,150.368,0.292,0.2,18741359.5
2026-09-01T08:26:57,1.3,6546,1547350,1529289,0.4,0.00,3.65,0.00,14.60,0.00,0.00,0.00,14307.0,95830.0,81044.0,20.0,14.0,0.5,46.5,171.071,0.292,0.2,18741359.5
2026-09-01T08:26:57,1.4,6546,1547350,1529290,0.4,0.00,3.95,0.00,15.81,0.00,0.00,0.00,14307.0,95830.0,81044.0,93.0,10.5,0.5,43.5,168.702,0.292,0.2,18741359.5
2026-09-01T08:26:57,1.3,6545,1547350,1529290,0.4,0.00,3.50,0.00,13.99,0.00,0.00,0.00,14307.0,95830.0,81044.0,93.0,4.0,0.5,13.5,189.603,0.292,0.2,18741359.5
2026-09-01T08:26:58,1.1,6545,1547350,1529290,0.4,0.00,2.36,0.00,9.46,0.00,0.00,0.00,14307.0,95830.0,81044.0,93.0,13.5,0.5,46.5,189.514,0.388,0.3,30052965.5
2026-09-01T08:26:58,1.0,6546,1547350,1529289,0.4,0.00,4.12,0.00,16.46,0.00,0.00,0.00,14307.0,95830.0,81044.0,93.0,3.5,0.5,17.0,170.613,0.388,0.3,30052965.5
2026-09-01T08:26:58,1.3,6550,1547350,1529285,0.4,0.00,4.02,0.00,16.06,0.00,0.00,0.40,14307.0,95830.0,81044.0,93.0,13.0,0.5,39.0,174.126,0.388,0.3,30052965.5
2026-09-01T08:26:58,1.0,6551,1547350,1529285,0.4,0.00,2.60,0.00,10.39,0.00,0.00,0.00,14307.0,95830.0,81044.0,93.0,11.0,0.5,33.5,170.393,0.388,0.3,30052965.5
2026-09-01T08:26:59,1.3,6551,1547350,1529284,0.4,0.00,2.74,0.00,10.96,0.00,0.00,0.00,14309.0,95830.0,81042.0,67.0,11.0,0.5,44.0,189.903,0.321,0.2,22390923.0
2026-09-01T08:26:59,1.3,6552,1547350,1529284,0.4,0.00,4.00,0.00,16.00,0.00,0.00,0.00,14309.0,95830.0,81042.0,67.0,10.5,0.5,43.5,186.352,0.321,0.2,22390923.0
2026-09-01T08:26:59,1.1,6551,1547350,1529285,0.4,0.00,2.67,0.00,10.70,0.00,0.00,0.00,14309.0,95830.0,81042.0,67.0,3.0,0.5,10.5,188.272,0.321,0.2,22390923.0
2026-09-01T08:27:00,1.3,6551,1547350,1529285,0.4,0.00,2.02,0.00,8.06,0.00,0.00,0.00,14309.0,95830.0,81042.0,21.0,8.5,0.5,36.0,186.798,0.378,0.3,30620384.5
2026-09-01T08:27:00,0.6,6552,1547350,1529284,0.4,0.00,2.87,0.00,11.49,0.00,0.00,0.00,14309.0,95830.0,81042.0,21.0,0.0,0.5,0.0,152.255,0.378,0.3,30620384.5
2026-09-01T08:27:01,1.3,6553,1547350,1529283,0.4,0.00,3.28,0.00,13.11,0.00,1.00,0.00,14309.0,95830.0,81042.0,21.0,13.5,0.5,46.0,172.099,0.378,0.3,30620384.5
2026-09-01T08:27:01,1.3,6552,1547350,1529283,0.4,0.00,3.83,0.00,15.33,0.00,0.00,0.00,14309.0,95830.0,81042.0,92.0,10.5,0.5,44.0,169.010,0.378,0.3,30620384.5
2026-09-01T08:27:01,1.3,6551,1547350,1529284,0.4,0.00,4.03,0.00,16.13,0.00,0.00,0.00,14309.0,95830.0,81042.0,92.0,10.5,0.5,43.5,184.999,0.320,0.2,25895262.5
2026-09-01T08:27:01,1.6,6558,1547350,1529278,0.4,0.00,2.85,0.00,11.40,0.00,0.00,0.00,14309.0,95830.0,81042.0,92.0,10.5,0.5,43.5,203.934,0.320,0.2,25895262.5
2026-09-01T08:27:02,0.6,6558,1547350,1529277,0.4,0.00,2.76,0.00,11.05,0.00,0.00,0.00,14309.0,95830.0,81042.0,48.0,0.0,0.5,0.0,170.502,0.320,0.2,25895262.5
2026-09-01T08:27:02,1.3,6558,1547350,1529277,0.4,0.00,3.91,0.00,15.62,0.00,0.00,0.00,14309.0,95830.0,81042.0,48.0,13.5,0.5,41.0,171.400,0.320,0.2,25895262.5
2026-09-01T08:27:02,0.7,6558,1547350,1529277,0.4,0.00,2.21,0.00,8.83,0.00,0.00,0.00,14309.0,95830.0,81042.0,48.0,0.0,0.5,2.0,142.226,0.249,0.2,20986960.5
2026-09-01T08:27:03,1.3,6559,1547350,1529276,0.4,0.00,3.92,0.00,15.69,0.00,0.00,0.00,14309.0,95830.0,81042.0,27.0,15.0,0.5,47.5,168.442,0.249,0.2,20986960.5
2026-09-01T08:27:03,1.3,6558,1547350,1529277,0.4,0.00,3.34,0.00,13.38,0.00,0.00,0.00,14309.0,95830.0,81042.0,27.0,10.5,0.5,43.5,165.338,0.249,0.2,20986960.5
2026-09-01T08:27:03,0.5,6559,1547350,1529276,0.4,0.00,2.56,0.00,10.23,0.00,0.00,0.00,14309.0,95830.0,81042.0,27.0,0.0,0.5,0.0,157.154,0.249,0.2,20986960.5
2026-09-01T08:27:04,1.3,6559,1547350,1529276,0.4,0.00,4.00,0.00,16.00,0.00,0.00,0.00,14309.0,95830.0,81042.0,60.0,9.5,0.5,30.0,162.889,0.289,0.2,18635021.0
2026-09-01T08:27:04,1.3,6559,1547350,1529276,0.4,0.00,4.15,0.00,16.60,0.00,0.00,0.00,14309.0,95830.0,81042.0,60.0,10.0,0.5,43.0,163.103,0.289,0.2,18635021.0
2026-09-01T08:27:04,1.3,6559,1547350,1529276,0.4,0.00,3.98,0.00,15.94,0.00,0.00,0.00,14309.0,95830.0,81042.0,60.0,10.5,0.5,43.0,189.591,0.289,0.2,18635021.0
2026-09-01T08:27:05,1.3,6559,1547350,1529277,0.4,0.00,2.73,0.00,10.93,0.00,0.00,0.00,14309.0,95830.0,81042.0,60.0,10.0,0.5,43.0,203.802,0.289,0.2,18635021.0
2026-09-01T08:27:05,1.3,6560,1547350,1529276,0.4,0.00,4.03,0.00,16.13,0.00,0.00,0.00,14309.0,95830.0,81042.0,86.0,10.0,0.5,43.0,203.420,0.427,0.3,41621695.0
2026-09-01T08:27:05,0.6,6560,1547350,1529276,0.4,0.00,2.98,0.00,11.90,0.00,0.00,0.00,14309.0,95830.0,81042.0,86.0,2.0,0.5,6.5,168.654,0.427,0.3,41621695.0
2026-09-01T08:27:05,1.3,6560,1547350,1529276,0.4,0.00,3.50,0.00,13.99,0.00,0.00,0.00,14309.0,95830.0,81042.0,86.0,15.5,0.5,48.5,171.794,0.427,0.3,41621695.0
2026-09-01T08:27:06,1.3,6559,1547350,1529276,0.4,0.00,4.13,0.00,16.53,0.00,0.00,0.00,14309.0,95830.0,81042.0,86.0,10.5,0.5,43.5,171.833,0.427,0.3,41621695.0
2026-09-01T08:27:06,1.4,6560,1547350,1529275,0.4,0.00,4.12,0.00,16.46,0.00,0.00,0.00,14309.0,95830.0,81042.0,87.0,10.5,0.5,43.5,180.912,0.326,0.2,28599802.0
2026-09-01T08:27:06,0.9,6560,1547350,1529276,0.4,0.00,3.98,0.00,15.94,0.00,0.00,0.00,14309.0,95830.0,81042.0,87.0,1.5,0.5,8.0,188.933,0.326,0.2,28599802.0
2026-09-01T08:27:06,1.4,6559,1547350,1529276,0.4,0.00,2.96,0.00,11.83,0.00,0.00,0.00,14309.0,95830.0,81042.0,87.0,15.0,0.5,46.5,188.716,0.326,0.2,28599802.0
2026-09-01T08:27:07,1.3,6559,1547350,1529276,0.4,0.00,4.05,0.00,16.19,0.00,0.00,0.00,14309.0,95830.0,81042.0,87.0,10.5,0.5,43.5,187.964,0.326,0.2,28599802.0
2026-09-01T08:27:07,0.9,6560,1547350,1529276,0.4,0.00,3.86,0.00,15.44,0.00,0.00,0.00,14309.0,95830.0,81042.0,87.0,2.5,0.5,11.5,168.474,0.304,0.2,23227123.5
2026-09-01T08:27:07,1.3,6560,1547350,1529276,0.4,0.00,4.03,0.00,16.13,0.00,0.00,0.00,14309.0,95830.0,81042.0,87.0,13.0,0.5,40.0,185.970,0.304,0.2,23227123.5
2026-09-01T08:27:08,1.3,6560,1547350,1529276,0.4,0.00,3.09,0.00,12.35,0.00,0.00,0.00,14309.0,95830.0,81042.0,87.0,10.5,0.5,43.5,188.924,0.304,0.2,23227123.5
2026-09-01T08:27:08,1.3,6559,1547350,1529276,0.4,0.00,2.21,0.00,8.85,0.00,0.00,0.00,14309.0,95830.0,81042.0,87.0,10.5,0.5,43.5,207.802,0.442,0.3,38073281.5
2026-09-01T08:27:08,1.0,6559,1547350,1529276,0.4,0.00,3.75,0.00,14.98,0.00,1.00,0.00,14309.0,95830.0,81042.0,87.0,9.5,0.5,41.0,185.204,0.442,0.3,38073281.5
2026-09-01T08:27:09,1.3,6559,1547350,1529277,0.4,0.00,3.23,0.00,12.90,0.00,0.00,0.00,14309.0,95830.0,81042.0,87.0,14.5,0.5,47.5,187.394,0.442,0.3,38073281.5
2026-09-01T08:27:09,0.8,6559,1547350,1529277,0.4,0.00,4.17,0.00,16.67,0.00,0.00,0.00,14309.0,95830.0,81042.0,95.0,5.0,0.5,21.0,168.852,0.442,0.3,38073281.5
2026-09-01T08:27:09,1.3,6558,1547350,1529277,0.4,0.00,4.02,0.00,16.06,0.00,0.00,0.00,14309.0,95830.0,81042.0,95.0,10.0,0.5,30.5,170.638,0.293,0.2,18248951.0
2026-09-01T08:27:09,0.8,6558,1547350,1529277,0.4,0.00,3.24,0.00,12.94,0.00,0.00,0.00,14309.0,95830.0,81042.0,95.0,1.0,0.5,5.0,165.098,0.293,0.2,18248951.0
2026-09-01T08:27:10,1.3,6558,1547350,1529277,0.4,0.00,3.98,0.00,15.94,0.00,0.00,0.00,14309.0,95830.0,81042.0,95.0,13.0,0.5,40.0,167.321,0.293,0.2,18248951.0
2026-09-01T08:27:10,1.3,6558,1547350,1529278,0.4,0.00,4.00,0.00,16.00,0.00,0.00,0.00,14309.0,95830.0,81042.0,80.0,11.0,0.5,44.0,185.941,0.293,0.2,18248951.0
2026-09-01T08:27:10,0.8,6558,1547350,1529278,0.4,0.00,4.00,0.00,16.00,0.00,0.00,0.00,14309.0,95830.0,81042.0,80.0,5.0,0.5,21.5,169.401,0.274,0.2,22009442.5
2026-09-01T08:27:11,1.4,6558,1547350,1529277,0.4,0.00,2.18,0.00,8.73,0.00,0.00,0.00,14309.0,95830.0,81042.0,80.0,15.5,0.5,49.0,175.708,0.274,0.2,22009442.5
2026-09-01T08:27:11,1.3,6558,1547350,1529277,0.4,0.00,3.88,0.00,15.50,0.00,0.00,0.00,14309.0,95830.0,81042.0,9.0,10.5,0.5,43.5,176.083,0.274,0.2,22009442.5
2026-09-01T08:27:11,1.0,6558,1547350,1529277,0.4,0.00,2.65,0.00,10.61,0.00,0.00,0.00,14309.0,95830.0,81042.0,9.0,9.5,0.5,39.5,183.761,0.357,0.3,28521703.5
2026-09-01T08:27:12,1.5,6559,1547350,1529277,0.4,0.00,2.82,0.00,11.30,0.00,0.00,0.00,14309.0,95830.0,81042.0,9.0,14.5,0.5,47.5,185.228,0.357,0.3,28521703.5
2026-09-01T08:27:12,1.5,6558,1547350,1529277,0.4,0.00,16.53,0.00,169.42,0.00,0.00,0.41,14309.0,95830.0,81042.0,9.0,10.5,0.5,44.0,181.962,0.357,0.3,28521703.5
2026-09-01T08:27:12,0.4,6559,1547350,1529276,0.4,0.00,3.51,0.00,14.04,0.00,0.00,0.00,14309.0,95830.0,81042.0,9.0,2.5,0.5,11.5,151.617,0.357,0.3,28521703.5
2026-09-01T08:27:12,1.3,6559,1547350,1529277,0.4,0.00,3.77,0.00,15.09,0.00,0.00,0.00,14309.0,95830.0,81042.0,9.0,3.0,0.5,48.0,175.843,0.320,0.3,19498056.5
2026-09-01T08:27:13,1.0,6559,1547350,1529277,0.4,0.00,3.97,0.00,15.87,0.00,0.00,0.00,14309.0,95830.0,81042.0,9.0,6.5,0.5,28.5,157.404,0.320,0.3,19498056.5
2026-09-01T08:27:13,1.3,6559,1547350,1529277,0.4,0.00,3.66,0.00,14.65,0.00,0.00,0.00,14309.0,95830.0,81042.0,96.0,8.0,0.5,25.0,171.550,0.320,0.3,19498056.5
2026-09-01T08:27:13,1.0,6558,1547350,1529277,0.4,0.00,3.97,0.00,15.87,0.00,0.00,0.00,14309.0,95830.0,81042.0,96.0,4.5,0.5,20.5,172.723,0.320,0.3,19498056.5
2026-09-01T08:27:14,1.3,6559,1547350,1529277,0.4,0.00,2.24,0.00,8.95,0.00,0.00,0.00,14309.0,95830.0,81042.0,96.0,12.0,0.5,44.5,190.314,0.329,0.3,22396715.0
2026-09-01T08:27:14,1.4,6560,1547350,1529275,0.4,0.00,7.58,0.00,30.30,0.00,0.50,0.00,14309.0,95830.0,81042.0,67.0,10.0,0.5,42.5,186.172,0.329,0.3,22396715.0
2026-09-01T08:27:14,1.0,6560,1547350,1529276,0.4,0.00,3.94,0.00,15.75,0.00,0.00,0.00,14309.0,95830.0,81042.0,67.0,10.0,0.5,41.0,180.018,0.329,0.3,22396715.0
2026-09-01T08:27:14,1.3,6561,1547350,1529275,0.4,0.00,2.67,0.00,10.70,0.00,0.00,0.00,14309.0,95830.0,81042.0,67.0,16.5,0.5,50.0,187.789,0.329,0.3,22396715.0
2026-09-01T08:27:15,1.3,6560,1547350,1529275,0.4,0.00,4.08,0.00,16.33,0.00,0.00,0.00,14309.0,95830.0,81042.0,100.0,10.5,0.5,43.0,185.677,0.372,0.3,30744257.0
2026-09-01T08:27:15,0.5,6559,1547350,1529276,0.4,0.00,3.19,0.00,12.78,0.00,0.00,0.00,14309.0,95830.0,81042.0,100.0,0.0,0.5,1.0,160.483,0.372,0.3,30744257.0
2026-09-01T08:27:15,1.3,6559,1547350,1529277,0.4,0.00,4.00,0.00,16.00,0.00,0.00,0.00,14309.0,95830.0,81042.0,100.0,7.5,0.5,24.0,171.571,0.372,0.3,30744257.0
2026-09-01T08:27:16,0.5,6559,1547350,1529277,0.4,0.00,2.72,0.00,10.87,0.00,0.00,0.00,14309.0,95830.0,81042.0,92.0,0.0,0.5,1.5,139.293,0.372,0.3,30744257.0
2026-09-01T08:27:16,1.3,6559,1547350,1529276,0.4,0.00,3.73,0.00,14.93,0.00,0.00,0.00,14309.0,95830.0,81042.0,92.0,7.0,0.5,22.0,165.264,0.209,0.2,11268208.5
2026-09-01T08:27:16,1.5,6560,1547350,1529275,0.4,0.00,3.80,0.00,15.21,0.00,0.00,0.00,14309.0,95830.0,81042.0,92.0,12.0,0.5,45.0,164.201,0.209,0.2,11268208.5
2026-09-01T08:27:17,0.4,6560,1547350,1529276,0.4,0.00,3.14,0.00,12.58,0.00,0.00,0.00,14309.0,95830.0,81042.0,92.0,1.5,0.5,7.0,160.085,0.209,0.2,11268208.5
2026-09-01T08:27:17,1.3,6560,1547350,1529275,0.4,0.00,4.05,0.00,16.19,0.00,0.00,0.00,14309.0,95830.0,81042.0,14.0,3.0,0.5,9.0,169.353,0.209,0.2,11268208.5
2026-09-01T08:27:17,1.3,6559,1547350,1529276,0.4,0.00,3.94,0.00,15.75,0.00,0.00,0.00,14309.0,95830.0,81042.0,14.0,10.0,0.5,42.5,168.554,0.310,0.2,24577662.0
2026-09-01T08:27:17,0.7,6560,1547350,1529276,0.4,0.00,3.12,0.00,12.50,0.00,0.00,0.00,14309.0,95830.0,81042.0,14.0,6.5,0.5,28.5,158.620,0.310,0.2,24577662.0
2026-09-01T08:27:18,1.3,6560,1547350,1529275,0.4,0.00,3.72,0.00,14.87,0.00,0.00,0.00,14309.0,95830.0,81042.0,14.0,0.0,0.5,0.0,175.339,0.310,0.2,24577662.0
2026-09-01T08:27:18,1.3,6560,1547350,1529276,0.4,0.00,3.75,0.00,14.98,0.00,0.00,0.00,14309.0,95830.0,81042.0,0.0,11.0,0.5,43.5,175.238,0.310,0.2,24577662.0
2026-09-01T08:27:18,0.7,6559,1547350,1529276,0.4,0.00,2.92,0.00,11.66,0.00,0.00,0.00,14309.0,95830.0,81042.0,0.0,8.5,0.5,37.0,164.445,0.246,0.2,20185798.0
2026-09-01T08:27:19,1.3,6559,1547350,1529277,0.4,0.00,3.26,0.00,13.03,0.00,0.00,0.00,14309.0,95830.0,81042.0,0.0,10.5,0.5,33.0,173.046,0.246,0.2,20185798.0
2026-09-01T08:27:19,1.0,6559,1547350,1529276,0.4,0.00,4.12,0.00,16.46,0.00,0.00,0.00,14309.0,95830.0,81042.0,66.0,11.5,0.5,43.5,154.164,0.246,0.2,20185798.0
2026-09-01T08:27:19,1.3,6559,1547350,1529276,0.4,0.00,4.08,0.00,16.33,0.00,0.00,0.00,14309.0,95830.0,81042.0,66.0,2.0,0.5,9.0,177.642,0.246,0.2,20185798.0
2026-09-01T08:27:19,1.1,6560,1547350,1529276,0.4,0.00,3.92,0.00,15.69,0.00,0.00,0.00,14309.0,95830.0,81042.0,66.0,7.5,0.5,33.0,170.054,0.336,0.3,23378174.0
2026-09-01T08:27:20,1.4,6560,1547350,1529276,0.4,0.00,2.23,0.00,8.91,0.00,0.00,0.00,14309.0,95830.0,81042.0,66.0,6.5,0.5,21.0,193.859,0.336,0.3,23378174.0
2026-09-01T08:27:20,1.1,6561,1547350,1529275,0.4,0.00,4.02,0.00,16.06,0.00,0.00,0.00,14309.0,95830.0,81042.0,66.0,13.0,0.5,27.0,171.673,0.336,0.3,23378174.0
2026-09-01T08:27:20,1.0,6561,1547350,1529275,0.4,0.00,2.92,0.00,11.70,0.00,0.00,0.00,14309.0,95830.0,81042.0,66.0,9.0,0.5,33.5,174.138,0.306,0.2,19503200.0
2026-09-01T08:27:21,1.4,6561,1547350,1529275,0.4,0.00,2.45,0.00,9.80,0.00,0.00,0.00,14309.0,95830.0,81042.0,67.0,6.5,0.5,21.0,173.344,0.306,0.2,19503200.0
2026-09-01T08:27:21,1.0,6559,1547350,1529276,0.4,0.00,3.94,0.00,15.75,0.00,1.00,0.00,14309.0,95830.0,81042.0,67.0,12.5,0.5,45.0,172.903,0.306,0.2,19503200.0
2026-09-01T08:27:21,1.2,6559,1547350,1529276,0.4,0.00,3.01,0.00,12.05,0.00,0.00,0.00,14309.0,95830.0,81042.0,67.0,12.0,0.5,45.0,188.059,0.378,0.3,27829577.0
2026-09-01T08:27:22,1.0,6559,1547350,1529276,0.4,0.00,1.66,0.00,6.62,0.00,0.00,0.00,14309.0,95830.0,81042.0,90.0,10.5,0.5,43.5,175.456,0.378,0.3,27829577.0
2026-09-01T08:27:22,1.3,6560,1547350,1529276,0.4,0.00,3.85,0.00,15.38,0.00,0.00,0.38,14309.0,95830.0,81042.0,90.0,2.0,0.5,8.0,187.555,0.378,0.3,27829577.0
2026-09-01T08:27:22,1.3,6559,1547350,1529276,0.4,0.00,3.91,0.00,15.62,0.00,0.00,0.00,14309.0,95830.0,81042.0,90.0,14.0,0.5,47.0,187.538,0.378,0.3,27829577.0
2026-09-01T08:27:23,1.4,6559,1547350,1529277,0.4,0.00,4.10,0.00,16.39,0.00,0.00,0.00,14309.0,95830.0,81042.0,87.0,10.5,0.5,33.5,186.024,0.369,0.3,30922519.5
2026-09-01T08:27:23,0.6,6560,1547350,1529275,0.4,0.00,2.85,0.00,11.40,0.00,0.00,0.00,14309.0,95830.0,81042.0,87.0,0.0,0.5,0.0,168.620,0.369,0.3,30922519.5
2026-09-01T08:27:23,1.3,6560,1547350,1529276,0.4,0.00,4.02,0.00,16.06,0.00,0.00,0.00,14309.0,95830.0,81042.0,87.0,10.5,0.5,44.0,171.681,0.369,0.3,30922519.5
2026-09-01T08:27:24,1.4,6560,1547350,1529276,0.4,0.00,3.61,0.00,14.44,0.00,0.00,0.00,14309.0,95830.0,81042.0,87.0,10.5,0.5,43.5,171.365,0.369,0.3,30922519.5
2026-09-01T08:27:24,1.1,6559,1547350,1529276,0.4,0.00,4.00,0.00,16.00,0.00,0.00,0.00,14309.0,95830.0,81042.0,87.0,4.5,0.5,20.5,168.246,0.280,0.2,22882701.5
2026-09-01T08:27:24,1.3,6558,1547350,1529277,0.4,0.00,3.79,0.00,15.15,0.00,0.00,0.00,14309.0,95830.0,81042.0,87.0,12.0,0.5,36.5,189.204,0.280,0.2,22882701.5
2026-09-01T08:27:24,1.1,6558,1547350,1529277,0.4,0.00,4.00,0.00,16.00,0.00,0.00,0.00,14309.0,95830.0,81042.0,87.0,3.5,0.5,12.0,174.214,0.280,0.2,22882701.5
2026-09-01T08:27:25,1.3,6558,1547350,1529278,0.4,0.00,1.68,0.00,6.70,0.00,0.00,0.00,14309.0,95830.0,81042.0,24.0,7.0,0.5,30.5,183.403,0.359,0.3,25606320.0
2026-09-01T08:27:25,0.5,6560,1547350,1529275,0.4,0.00,3.29,0.00,13.16,0.00,0.00,0.00,14309.0,95830.0,81042.0,24.0,0.0,0.5,0.0,153.058,0.359,0.3,25606320.0
2026-09-01T08:27:26,1.3,6560,1547350,1529275,0.4,0.00,2.90,0.00,11.59,0.00,0.00,0.00,14309.0,95830.0,81042.0,24.0,10.0,0.5,43.0,171.916,0.359,0.3,25606320.0
2026-09-01T08:27:26,0.8,6560,1547350,1529276,0.4,0.00,2.58,0.00,10.34,0.00,0.00,0.00,14309.0,95830.0,81042.0,86.0,0.5,0.5,1.5,145.528,0.215,0.2,17103832.5
2026-09-01T08:27:26,1.4,6559,1547350,1529276,0.4,0.00,3.98,0.00,15.94,0.00,0.00,0.00,14309.0,95830.0,81042.0,86.0,15.0,0.5,47.5,180.247,0.215,0.2,17103832.5
2026-09-01T08:27:27,1.3,6559,1547350,1529276,0.4,0.00,2.61,0.00,10.44,0.00,0.00,0.00,14309.0,95830.0,81042.0,86.0,10.0,0.5,43.0,178.543,0.215,0.2,17103832.5
2026-09-01T08:27:27,1.4,6559,1547350,1529277,0.4,0.00,3.92,0.00,15.69,0.00,0.00,0.00,14309.0,95830.0,81042.0,86.0,10.0,0.5,43.0,196.963,0.215,0.2,17103832.5
2026-09-01T08:27:27,1.1,6558,1547350,1529277,0.4,0.00,4.41,0.00,17.62,0.00,0.00,0.00,14309.0,95830.0,81042.0,86.0,3.0,0.5,12.5,185.402,0.388,0.3,33334643.5
2026-09-01T08:27:27,1.5,6558,1547350,1529277,0.4,0.00,2.70,0.00,10.78,0.00,0.00,0.00,14309.0,95830.0,81042.0,86.0,3.5,0.5,15.0,172.644,0.388,0.3,33334643.5
2026-09-01T08:27:28,1.0,6558,1547350,1529277,0.4,0.00,2.50,0.00,10.00,0.00,0.00,0.00,14309.0,95830.0,81042.0,30.0,13.0,0.5,41.0,172.321,0.388,0.3,33334643.5
2026-09-01T08:27:28,0.6,6559,1547350,1529277,0.4,0.00,3.14,0.00,12.58,0.00,0.00,0.00,14309.0,95830.0,81042.0,30.0,1.0,0.5,3.5,156.188,0.388,0.3,33334643.5
2026-09-01T08:27:28,1.0,6558,1547350,1529277,0.4,0.00,4.10,0.00,16.39,0.00,0.00,0.00,14309.0,95830.0,81042.0,30.0,2.5,0.5,10.0,155.603,0.259,0.2,13448881.0
2026-09-01T08:27:29,1.3,6558,1547350,1529277,0.4,0.00,2.67,0.00,10.67,0.00,0.00,0.00,14309.0,95830.0,81042.0,20.0,13.5,0.5,46.5,159.260,0.259,0.2,13448881.0
2026-09-01T08:27:29,1.4,6559,1547350,1529277,0.4,0.00,3.21,0.00,12.82,0.00,0.00,0.00,14309.0,95830.0,81042.0,20.0,10.0,0.5,43.0,180.252,0.259,0.2,13448881.0
2026-09-01T08:27:29,0.5,6560,1547350,1529276,0.4,0.00,2.84,0.00,11.36,0.00,1.00,0.00,14309.0,95830.0,81042.0,20.0,0.0,0.5,0.0,157.911,0.259,0.2,13448881.0
2026-09-01T08:27:30,1.3,6560,1547350,1529276,0.4,0.00,3.68,0.00,14.71,0.00,0.00,0.00,14309.0,95830.0,81042.0,56.0,9.0,0.5,28.0,167.310,0.291,0.2,20165548.5
2026-09-01T08:27:30,1.3,6560,1547350,1529276,0.4,0.00,3.92,0.00,15.69,0.00,0.00,0.00,14309.0,95830.0,81042.0,56.0,10.5,0.5,43.5,167.976,0.291,0.2,20165548.5
2026-09-01T08:27:30,1.3,6559,1547350,1529276,0.4,0.00,3.89,0.00,15.56,0.00,0.00,0.00,14309.0,95830.0,81042.0,56.0,10.5,0.5,43.5,186.755,0.291,0.2,20165548.5
2026-09-01T08:27:30,1.4,6560,1547350,1529276,0.4,0.00,4.12,0.00,16.46,0.00,0.00,0.00,14309.0,95830.0,81042.0,56.0,10.5,0.5,44.0,207.242,0.291,0.2,20165548.5
2026-09-01T08:27:31,0.9,6559,1547350,1529276,0.4,0.00,3.88,0.00,15.50,0.00,0.00,0.00,14309.0,95830.0,81042.0,79.0,9.0,0.5,39.5,185.065,0.388,0.3,37430989.5
2026-09-01T08:27:31,1.4,6559,1547350,1529276,0.4,0.00,3.75,0.00,14.98,0.00,0.00,0.00,14309.0,95830.0,81042.0,79.0,13.5,0.5,46.5,186.698,0.388,0.3,37430989.5
2026-09-01T08:27:31,1.3,6559,1547350,1529276,0.4,0.00,3.80,0.00,15.21,0.00,0.00,0.00,14309.0,95830.0,81042.0,79.0,10.5,0.5,43.5,186.201,0.388,0.3,37430989.5
2026-09-01T08:27:32,0.7,6559,1547350,1529276,0.4,0.00,2.10,0.00,8.39,0.00,0.00,0.00,14309.0,95830.0,81042.0,16.0,2.0,0.5,8.0,169.179,0.279,0.2,24416552.0
2026-09-01T08:27:32,1.3,6560,1547350,1529276,0.4,0.00,3.98,0.00,15.94,0.00,0.00,0.00,14309.0,95830.0,81042.0,16.0,14.5,0.5,47.0,168.962,0.279,0.2,24416552.0
2026-09-01T08:27:32,1.4,6559,1547350,1529276,0.4,0.00,4.00,0.00,16.00,0.00,0.00,0.00,14309.0,95830.0,81042.0,16.0,10.5,0.5,43.5,168.981,0.279,0.2,24416552.0
2026-09-01T08:27:32,1.3,6560,1547350,1529276,0.4,0.00,4.00,0.00,16.00,0.00,0.00,0.00,14309.0,95830.0,81042.0,16.0,10.5,0.5,43.5,181.240,0.279,0.2,24416552.0
2026-09-01T08:27:33,1.3,6560,1547350,1529276,0.4,0.00,3.68,0.00,14.71,0.00,0.00,0.00,14309.0,95830.0,81042.0,87.0,10.5,0.5,43.5,203.626,0.442,0.3,38080475.5
2026-09-01T08:27:33,0.6,6560,1547350,1529275,0.4,0.00,2.58,0.00,10.31,0.00,0.00,0.00,14309.0,95830.0,81042.0,87.0,1.5,0.5,6.5,165.802,0.442,0.3,38080475.5
2026-09-01T08:27:33,1.3,6560,1547350,1529276,0.4,0.00,4.10,0.00,16.39,0.00,0.00,0.00,14309.0,95830.0,81042.0,87.0,14.5,0.5,47.5,162.198,0.442,0.3,38080475.5
2026-09-01T08:27:34,0.4,6559,1547350,1529276,0.4,0.00,2.44,0.00,9.78,0.00,0.00,0.00,14309.0,95830.0,81042.0,40.0,0.0,0.5,0.0,132.381,0.163,0.1,10935143.5
2026-09-01T08:27:34,1.3,6560,1547350,1529276,0.4,0.00,4.12,0.00,16.46,0.00,0.00,0.00,14309.0,95830.0,81042.0,40.0,13.5,0.5,42.0,169.526,0.163,0.1,10935143.5
2026-09-01T08:27:34,1.4,6560,1547350,1529276,0.4,0.00,23.72,0.00,110.67,0.00,0.00,0.00,14309.0,95830.0,81042.0,40.0,10.0,0.5,41.5,167.635,0.163,0.1,10935143.5
2026-09-01T08:27:35,1.3,6559,1547350,1529276,0.4,0.00,3.08,0.00,12.31,0.00,1.00,0.00,14309.0,95830.0,81042.0,40.0,10.0,0.5,43.0,187.077,0.163,0.1,10935143.5
2026-09-01T08:27:35,0.6,6560,1547350,1529275,0.4,0.00,3.08,0.00,12.31,0.00,0.00,0.00,14309.0,95830.0,81042.0,86.0,3.5,0.5,15.5,169.057,0.308,0.2,25724888.5
2026-09-01T08:27:35,1.3,6560,1547350,1529276,0.4,0.00,3.92,0.00,15.69,0.00,0.00,0.00,14309.0,95830.0,81042.0,86.0,14.5,0.5,47.5,168.739,0.308,0.2,25724888.5
2026-09-01T08:27:35,0.6,6559,1547350,1529277,0.4,0.00,3.23,0.00,12.90,0.00,0.00,0.00,14309.0,95830.0,81042.0,86.0,1.0,0.5,5.5,140.792,0.308,0.2,25724888.5
2026-09-01T08:27:36,1.3,6559,1547350,1529276,0.4,0.00,4.17,0.00,16.67,0.00,0.00,0.00,14309.0,95830.0,81042.0,34.0,5.5,0.5,17.0,152.157,0.308,0.2,25724888.5
2026-09-01T08:27:36,1.4,6560,1547350,1529276,0.4,0.00,3.80,0.00,15.21,0.00,0.00,0.00,14309.0,95830.0,81042.0,34.0,10.0,0.5,43.0,173.250,0.316,0.2,20913155.5
2026-09-01T08:27:36,1.4,6560,1547350,1529276,0.4,0.00,4.05,0.00,16.19,0.00,0.00,0.00,14309.0,95830.0,81042.0,34.0,10.0,0.5,43.0,176.850,0.316,0.2,20913155.5
2026-09-01T08:27:37,0.4,6560,1547350,1529276,0.4,0.00,2.66,0.00,10.64,0.00,0.00,0.00,14309.0,95830.0,81042.0,34.0,0.0,0.5,0.0,159.668,0.316,0.2,20913155.5
2026-09-01T08:27:37,1.3,6559,1547350,1529276,0.4,0.00,4.15,0.00,16.60,0.00,0.00,0.00,14309.0,95830.0,81042.0,0.0,11.0,0.5,33.5,162.312,0.316,0.2,20913155.5
2026-09-01T08:27:37,1.4,6557,1547350,1529278,0.4,0.00,4.07,0.00,16.26,0.00,0.00,0.00,14309.0,95830.0,81042.0,0.0,11.0,0.5,43.5,163.097,0.296,0.2,24448902.5
2026-09-01T08:27:37,0.8,6558,1547350,1529278,0.4,0.00,3.79,0.00,15.15,0.00,0.00,0.00,14309.0,95830.0,81042.0,0.0,5.5,0.5,24.5,166.444,0.296,0.2,24448902.5
2026-09-01T08:27:38,1.3,6565,1547350,1529271,0.4,0.00,2.35,0.00,9.39,0.00,0.00,0.00,14309.0,95830.0,81042.0,23.0,13.5,0.5,46.0,180.436,0.296,0.2,24448902.5
2026-09-01T08:27:38,1.3,6564,1547350,1529271,0.4,0.00,3.68,0.00,14.71,0.00,0.00,0.00,14309.0,95830.0,81042.0,23.0,10.0,0.5,43.0,173.976,0.296,0.2,24448902.5
2026-09-01T08:27:38,0.4,6565,1547350,1529271,0.4,0.00,2.85,0.00,11.40,0.00,0.00,0.00,14309.0,95830.0,81042.0,23.0,0.0,0.5,0.0,157.260,0.225,0.2,18354234.5
2026-09-01T08:27:39,1.2,6565,1547350,1529271,0.4,0.00,2.87,0.00,11.49,0.00,0.00,0.00,14309.0,95830.0,81042.0,0.0,16.0,0.5,48.5,156.824,0.225,0.2,18354234.5
2026-09-01T08:27:39,1.3,6564,1547350,1529272,0.4,0.00,3.38,0.00,13.51,0.00,0.00,0.00,14309.0,95830.0,81042.0,0.0,10.0,0.5,43.0,162.132,0.225,0.2,18354234.5
2026-09-01T08:27:39,0.8,6564,1547350,1529271,0.4,0.00,3.18,0.00,12.74,0.00,0.00,0.00,14309.0,95830.0,81042.0,0.0,5.5,0.5,23.5,176.436,0.321,0.2,24898954.5
2026-09-01T08:27:40,1.3,6564,1547350,1529272,0.4,0.00,2.45,0.00,9.80,0.00,0.00,0.00,14309.0,95830.0,81042.0,47.0,15.0,0.5,48.0,175.451,0.321,0.2,24898954.5
2026-09-01T08:27:40,1.3,6564,1547350,1529271,0.4,0.00,3.05,0.00,12.20,0.00,0.00,0.00,14309.0,95830.0,81042.0,47.0,10.0,0.5,43.0,170.356,0.321,0.2,24898954.5
2026-09-01T08:27:41,0.7,6563,1547350,1529272,0.4,0.00,1.54,0.00,6.15,0.00,0.00,0.00,14309.0,95830.0,81042.0,14.0,12.5,0.5,39.5,159.925,0.305,0.2,21916099.0
2026-09-01T08:27:41,0.5,6564,1547350,1529272,0.4,0.00,2.58,0.00,10.34,0.00,0.00,0.00,14309.0,95830.0,81042.0,2.0,0.0,0.5,0.0,143.002,0.305,0.2,21916099.0
2026-09-01T08:27:42,0.9,6564,1547350,1529271,0.4,0.00,10.27,0.00,115.53,0.00,0.12,0.00,14309.0,95830.0,81042.0,82.0,0.0,0.5,0.0,153.226,0.223,0.2,14578864.5
2026-09-01T08:27:43,1.0,6564,1547350,1529272,0.4,0.00,0.77,0.00,3.07,0.00,0.00,0.00,14309.0,95830.0,81042.0,82.0,10.5,0.5,43.5,174.964,0.223,0.2,14578864.5
2026-09-01T08:27:44,1.0,6564,1547350,1529272,0.4,0.00,1.84,0.00,7.37,0.00,0.00,0.00,14309.0,95830.0,81042.0,87.0,10.0,0.5,43.0,179.542,0.223,0.2,14578864.5
2026-09-01T08:27:44,1.3,6565,1547350,1529270,0.4,0.00,3.45,0.00,13.79,0.00,0.00,0.00,14309.0,95830.0,81042.0,87.0,4.0,0.5,12.5,181.141,0.349,0.3,29711598.0
2026-09-01T08:27:44,0.6,6565,1547350,1529270,0.4,0.00,6.41,0.00,25.64,0.00,0.00,0.00,14309.0,95830.0,81042.0,87.0,4.0,0.5,17.5,142.460,0.349,0.3,29711598.0
2026-09-01T08:27:45,1.3,6567,1547350,1529268,0.4,0.00,2.19,0.00,8.77,0.00,0.00,0.00,14309.0,95830.0,81042.0,35.0,12.5,0.5,39.0,166.005,0.349,0.3,29711598.0
2026-09-01T08:27:45,0.9,6567,1547350,1529268,0.4,0.00,3.03,0.00,12.12,0.00,0.00,0.00,14309.0,95830.0,81042.0,35.0,6.5,0.5,29.5,153.412,0.233,0.2,20172501.0
2026-09-01T08:27:46,1.2,6567,1547350,1529268,0.4,0.00,1.61,0.00,6.43,0.00,0.00,0.00,14309.0,95830.0,81042.0,8.0,10.5,0.5,43.5,178.961,0.233,0.2,20172501.0
2026-09-01T08:27:46,1.3,6568,1547350,1529268,0.4,0.00,2.93,0.00,11.73,0.00,0.00,0.00,14309.0,95830.0,81042.0,8.0,10.5,0.5,43.5,192.402,0.233,0.2,20172501.0
2026-09-01T08:27:46,0.6,6568,1547350,1529268,0.4,0.00,2.85,0.00,11.40,0.00,0.00,0.00,14309.0,95830.0,81042.0,8.0,6.5,0.5,28.0,166.513,0.323,0.2,27176104.0
2026-09-01T08:27:47,1.3,6569,1547350,1529267,0.4,0.00,2.46,0.00,9.85,0.00,0.00,0.00,14309.0,95830.0,81042.0,56.0,9.5,0.5,30.0,167.147,0.323,0.2,27176104.0
2026-09-01T08:27:47,1.2,6569,1547350,1529267,0.4,0.00,2.86,0.00,11.43,0.00,0.00,0.00,14309.0,95830.0,81042.0,56.0,10.0,0.5,43.0,179.003,0.323,0.2,27176104.0
2026-09-01T08:27:48,0.5,6569,1547350,1529267,0.4,0.00,1.57,0.00,6.30,0.00,0.00,0.16,14309.0,95830.0,81042.0,84.0,0.0,0.5,0.0,143.613,0.266,0.2,22101235.0
2026-09-01T08:27:48,1.3,6569,1547350,1529267,0.4,0.00,2.81,0.00,11.24,0.00,0.00,0.00,14309.0,95830.0,81042.0,84.0,14.0,0.5,44.0,145.665,0.266,0.2,22101235.0
2026-09-01T08:27:49,0.9,6568,1547350,1529267,0.4,0.00,1.27,0.00,5.09,0.00,0.00,0.00,14309.0,95830.0,81042.0,84.0,12.0,0.5,44.0,171.370,0.322,0.2,22674413.5
2026-09-01T08:27:49,0.5,6569,1547350,1529267,0.4,0.00,7.92,0.00,42.22,0.00,0.33,0.00,14309.0,95830.0,81042.0,0.0,5.0,0.5,16.0,143.440,0.322,0.2,22674413.5
2026-09-01T08:27:50,1.3,6570,1547350,1529266,0.4,0.00,1.76,0.00,7.04,0.00,0.00,0.00,14309.0,95830.0,81042.0,0.0,10.0,0.5,42.5,159.919,0.322,0.2,22674413.5
2026-09-01T08:27:50,0.7,6569,1547350,1529267,0.4,0.00,2.53,0.00,10.10,0.00,0.00,0.00,14309.0,95830.0,81042.0,2.0,3.0,0.5,9.5,162.691,0.223,0.2,18234161.0
2026-09-01T08:27:51,0.8,6568,1547350,1529267,0.4,0.00,1.64,0.00,6.57,0.00,0.00,0.00,14309.0,95830.0,81042.0,83.0,0.0,0.5,0.5,138.751,0.231,0.2,14877855.0
2026-09-01T08:27:52,0.8,6566,1547350,1529269,0.4,0.00,0.82,0.00,3.28,0.00,0.00,0.00,14309.0,95830.0,81042.0,4.0,2.5,0.5,8.0,141.549,0.231,0.2,14877855.0
2026-09-01T08:27:53,0.9,6567,1547350,1529268,0.4,0.00,1.25,0.00,5.01,0.00,0.00,0.00,14309.0,95830.0,81042.0,4.0,2.5,0.5,10.5,140.637,0.262,0.2,16923767.5
2026-09-01T08:27:53,1.0,6568,1547350,1529267,0.4,0.00,2.01,0.00,8.05,0.00,0.00,0.00,14309.0,95830.0,81042.0,81.0,0.0,0.5,1.5,156.160,0.262,0.2,16923767.5
2026-09-01T08:27:54,1.3,6568,1547350,1529268,0.4,0.00,1.77,0.00,7.08,0.00,0.00,0.00,14309.0,95830.0,81042.0,81.0,9.0,0.5,37.5,172.996,0.262,0.2,16923767.5
2026-09-01T08:27:55,0.4,6568,1547350,1529267,0.4,0.00,2.08,0.00,8.32,0.00,0.00,0.00,14309.0,95830.0,81042.0,0.0,0.0,0.5,0.0,132.994,0.204,0.2,13303080.0
2026-09-01T08:27:55,1.2,6569,1547350,1529267,0.4,0.00,2.45,0.00,9.80,0.00,0.00,0.00,14309.0,95830.0,81042.0,0.0,13.0,0.5,45.5,145.681,0.204,0.2,13303080.0
2026-09-01T08:27:55,1.3,6568,1547350,1529267,0.4,0.00,3.12,0.00,12.46,0.00,0.00,0.00,14309.0,95830.0,81042.0,0.0,10.5,0.5,43.5,170.663,0.204,0.2,13303080.0
2026-09-01T08:27:56,0.9,6568,1547350,1529267,0.4,0.00,1.41,0.00,5.66,0.00,0.00,0.00,14309.0,95830.0,81042.0,12.0,13.0,0.5,45.0,171.222,0.329,0.3,23887551.0
2026-09-01T08:27:56,0.7,6568,1547350,1529267,0.4,0.00,2.91,0.00,11.63,0.00,0.00,0.00,14309.0,95830.0,81042.0,12.0,0.0,0.5,0.0,142.630,0.329,0.3,23887551.0
2026-09-01T08:27:57,1.3,6569,1547350,1529266,0.4,0.00,1.83,0.00,7.33,0.00,0.00,0.00,14309.0,95830.0,81042.0,79.0,10.0,0.5,43.0,176.700,0.329,0.3,23887551.0
2026-09-01T08:27:57,1.3,6568,1547350,1529267,0.4,0.00,2.58,0.00,10.31,0.00,0.00,0.00,14309.0,95830.0,81042.0,79.0,10.0,0.5,43.0,204.358,0.349,0.3,29635946.0
2026-09-01T08:27:58,1.2,6569,1547350,1529266,0.4,0.00,2.83,0.00,11.33,0.00,0.00,0.00,14309.0,95830.0,81042.0,84.0,10.0,0.5,42.0,201.531,0.349,0.3,29635946.0
2026-09-01T08:27:58,0.4,6569,1547350,1529266,0.4,0.00,1.59,0.00,6.37,0.00,0.00,0.00,14309.0,95830.0,81042.0,84.0,0.0,0.5,0.0,142.644,0.349,0.3,29635946.0
2026-09-01T08:27:59,1.3,6569,1547350,1529267,0.4,0.00,2.96,0.00,11.83,0.00,0.00,0.00,14309.0,95830.0,81042.0,93.0,10.0,0.5,43.0,147.192,0.276,0.2,25157702.5
2026-09-01T08:27:59,1.2,6569,1547350,1529267,0.4,0.00,2.27,0.00,9.07,0.00,0.00,0.00,14309.0,95830.0,81042.0,93.0,10.0,0.5,43.0,194.301,0.276,0.2,25157702.5
2026-09-01T08:27:59,0.8,6568,1547350,1529267,0.4,0.00,2.64,0.00,10.55,0.00,1.00,0.00,14309.0,95830.0,81042.0,27.0,0.0,0.5,0.0,163.125,0.286,0.2,27731853.5
2026-09-01T08:28:00,1.2,6569,1547350,1529267,0.4,0.00,1.55,0.00,6.18,0.00,0.00,0.00,14309.0,95830.0,81042.0,27.0,10.5,0.5,43.5,165.596,0.286,0.2,27731853.5
2026-09-01T08:28:01,0.5,6576,1547350,1529259,0.4,0.00,1.17,0.00,4.67,0.00,0.00,0.00,14309.0,95830.0,81042.0,0.0,0.0,0.5,0.0,125.469,0.178,0.1,12350662.5
2026-09-01T08:28:01,1.3,6576,1547350,1529259,0.4,0.00,3.16,0.00,12.66,0.00,0.00,0.00,14309.0,95830.0,81042.0,0.0,15.0,0.5,47.5,134.487,0.178,0.1,12350662.5
2026-09-01T08:28:02,1.3,6576,1547350,1529260,0.4,0.00,2.72,0.00,10.90,0.00,0.00,0.27,14309.0,95830.0,81042.0,84.0,10.0,0.5,42.0,177.836,0.178,0.1,12350662.5
2026-09-01T08:28:02,0.8,6575,1547350,1529261,0.4,0.00,2.34,0.00,9.35,0.00,0.00,0.00,14309.0,95830.0,81042.0,0.0,0.0,0.5,0.0,121.379,0.251,0.2,21718773.5
2026-09-01T08:28:03,0.5,6575,1547350,1529261,0.4,0.00,0.94,0.00,3.76,0.00,0.00,0.00,14309.0,95830.0,81042.0,0.0,0.5,0.5,4.0,123.905,0.251,0.2,21718773.5
2026-09-01T08:28:03,1.2,6574,1547350,1529262,0.4,0.00,2.68,0.00,10.72,0.00,0.00,0.00,14309.0,95830.0,81042.0,0.0,14.0,0.5,43.0,160.571,0.251,0.2,21718773.5
2026-09-01T08:28:04,1.0,6574,1547350,1529262,0.4,0.00,2.26,0.00,9.03,0.00,0.00,0.00,14309.0,95830.0,81042.0,74.0,1.5,0.5,5.5,165.004,0.306,0.2,15989050.5
2026-09-01T08:28:04,0.9,6573,1547350,1529262,0.4,0.00,3.40,0.00,13.61,0.00,0.00,0.00,14309.0,95830.0,81042.0,74.0,5.5,0.5,23.5,163.175,0.306,0.2,15989050.5
2026-09-01T08:28:05,1.3,6575,1547350,1529261,0.4,0.00,2.75,0.00,11.02,0.00,0.00,0.00,14309.0,95830.0,81042.0,86.0,11.5,0.5,43.0,183.807,0.306,0.2,15989050.5
2026-09-01T08:28:05,1.3,6575,1547350,1529260,0.4,0.00,2.18,0.00,8.73,0.00,0.00,0.00,14309.0,95830.0,81042.0,86.0,10.0,0.5,43.0,180.269,0.348,0.3,29276543.0
2026-09-01T08:28:05,1.3,6575,1547350,1529260,0.4,0.00,3.25,0.00,12.99,0.00,0.00,0.00,14309.0,95830.0,81042.0,86.0,10.0,0.5,41.5,201.671,0.348,0.3,29276543.0
2026-09-01T08:28:06,1.3,6575,1547350,1529260,0.4,0.00,3.30,0.00,13.20,0.00,0.00,0.00,14309.0,95830.0,81042.0,86.0,7.5,0.5,31.5,177.353,0.348,0.3,29276543.0
2026-09-01T08:28:06,0.9,6575,1547350,1529260,0.4,0.00,1.72,0.00,6.87,0.00,0.00,0.00,14309.0,95830.0,81042.0,86.0,14.0,0.5,46.5,181.186,0.351,0.3,29430396.0
2026-09-01T08:28:06,1.0,6574,1547350,1529261,0.4,0.00,3.04,0.00,12.16,0.00,0.00,0.00,14309.0,95830.0,81042.0,84.0,2.0,0.5,9.0,173.417,0.351,0.3,29430396.0
2026-09-01T08:28:07,1.2,6574,1547350,1529261,0.4,0.00,1.79,0.00,7.14,0.00,0.00,0.00,14309.0,95830.0,81042.0,84.0,10.5,0.5,32.5,178.902,0.351,0.3,29430396.0
2026-09-01T08:28:07,1.3,6575,1547350,1529260,0.4,0.00,3.12,0.00,12.46,0.00,0.00,0.00,14309.0,95830.0,81042.0,84.0,10.0,0.5,42.5,180.395,0.348,0.3,29541893.0
2026-09-01T08:28:08,0.5,6573,1547350,1529262,0.4,0.00,1.73,0.00,6.93,0.00,0.00,0.00,14309.0,95830.0,81042.0,85.0,0.0,0.5,0.0,143.153,0.348,0.3,29541893.0
2026-09-01T08:28:08,1.3,6573,1547350,1529262,0.4,0.00,2.40,0.00,9.62,0.00,0.00,0.00,14309.0,95830.0,81042.0,85.0,14.0,0.5,46.5,145.088,0.203,0.2,14970503.0
2026-09-01T08:28:09,0.5,6573,1547350,1529263,0.4,0.00,1.66,0.00,6.64,0.00,0.00,0.00,14309.0,95830.0,81042.0,93.0,0.0,0.5,0.0,144.984,0.203,0.2,14970503.0
2026-09-01T08:28:09,0.8,6571,1547350,1529264,0.4,0.00,3.02,0.00,12.08,0.00,0.00,0.00,14309.0,95830.0,81042.0,86.0,0.0,0.5,0.5,160.462,0.200,0.2,11221997.5
2026-09-01T08:28:10,1.3,6571,1547350,1529264,0.4,0.00,1.35,0.00,5.41,0.00,0.00,0.00,14309.0,95830.0,81042.0,86.0,11.5,0.5,44.0,179.050,0.200,0.2,11221997.5
2026-09-01T08:28:10,0.8,6573,1547350,1529262,0.4,0.00,2.70,0.00,10.78,0.00,1.00,0.00,14309.0,95830.0,81042.0,71.0,13.0,0.5,40.0,175.199,0.330,0.3,28271530.5
2026-09-01T08:28:11,1.0,6577,1547350,1529258,0.4,0.00,1.16,0.00,4.63,0.00,0.00,0.00,14309.0,95830.0,81042.0,71.0,0.0,0.5,0.0,156.404,0.330,0.3,28271530.5
2026-09-01T08:28:12,0.2,6577,1547350,1529259,0.4,0.00,5.58,0.00,52.30,0.00,0.00,0.00,14309.0,95830.0,81042.0,94.0,0.0,0.5,0.0,127.144,0.105,0.1,6243071.5
2026-09-01T08:28:12,1.2,6577,1547350,1529259,0.4,0.00,2.54,0.00,10.18,0.00,0.00,0.25,14309.0,95830.0,81042.0,94.0,14.0,0.5,46.0,143.618,0.105,0.1,6243071.5
2026-09-01T08:28:13,0.4,6578,1547350,1529258,0.4,0.00,1.62,0.00,6.47,0.00,0.00,0.00,14309.0,95830.0,81042.0,92.0,0.0,0.5,0.0,145.125,0.105,0.1,6243071.5
2026-09-01T08:28:13,1.3,6578,1547350,1529258,0.4,0.00,3.14,0.00,12.58,0.00,0.00,0.00,14309.0,95830.0,81042.0,92.0,5.0,0.5,15.5,148.011,0.264,0.2,18195562.0
2026-09-01T08:28:14,0.3,6579,1547350,1529256,0.4,0.00,1.55,0.00,6.19,0.00,0.00,0.00,14309.0,95830.0,81042.0,92.0,0.0,0.5,0.0,134.874,0.264,0.2,18195562.0
2026-09-01T08:28:14,1.2,6579,1547350,1529256,0.4,0.00,2.93,0.00,11.73,0.00,0.00,0.00,14309.0,95830.0,81042.0,92.0,5.5,0.5,18.5,135.251,0.165,0.1,11075148.0
2026-09-01T08:28:15,0.9,6579,1547350,1529257,0.4,0.00,2.97,0.00,11.87,0.00,0.00,0.00,14309.0,95830.0,81042.0,90.0,9.5,0.5,40.0,169.357,0.165,0.1,11075148.0
2026-09-01T08:28:15,1.2,6580,1547350,1529256,0.4,0.00,1.67,0.00,6.67,0.00,0.00,0.00,14309.0,95830.0,81042.0,90.0,11.0,0.5,34.5,176.296,0.165,0.1,11075148.0
2026-09-01T08:28:16,0.9,6579,1547350,1529257,0.4,0.00,2.79,0.00,11.17,0.00,0.00,0.00,14309.0,95830.0,81042.0,86.0,0.0,0.5,0.0,173.606,0.283,0.2,24247262.0
2026-09-01T08:28:16,1.3,6579,1547350,1529257,0.4,0.00,1.63,0.00,6.54,0.00,0.00,0.00,14309.0,95830.0,81042.0,86.0,10.5,0.5,44.0,174.107,0.283,0.2,24247262.0
2026-09-01T08:28:17,0.9,6578,1547350,1529258,0.4,0.00,2.74,0.00,10.96,0.00,0.00,0.00,14309.0,95830.0,81042.0,84.0,0.0,0.5,0.0,174.695,0.326,0.2,26525930.0
2026-09-01T08:28:17,1.3,6578,1547350,1529258,0.4,0.00,1.50,0.00,6.00,0.00,0.00,0.00,14309.0,95830.0,81042.0,84.0,0.0,0.5,0.5,154.232,0.326,0.2,26525930.0
2026-09-01T08:28:18,0.9,6579,1547350,1529256,0.4,0.00,1.86,0.00,7.43,0.00,0.00,0.00,14309.0,95830.0,81042.0,1.0,15.0,0.5,46.0,166.899,0.326,0.2,26525930.0
2026-09-01T08:28:18,1.0,6578,1547350,1529257,0.4,0.00,2.33,0.00,9.32,0.00,0.00,0.00,14309.0,95830.0,81042.0,1.0,13.5,0.5,46.0,160.379,0.276,0.2,14287078.5
2026-09-01T08:28:19,0.5,6578,1547350,1529258,0.4,0.00,3.12,0.00,12.50,0.00,0.00,0.31,14309.0,95830.0,81042.0,34.0,12.5,0.5,44.0,158.490,0.276,0.2,14287078.5
2026-09-01T08:28:19,1.2,6578,1547350,1529257,0.4,0.00,1.19,0.00,4.77,0.00,0.00,0.00,14309.0,95830.0,81042.0,34.0,10.0,0.5,42.5,156.670,0.272,0.2,21958273.0
2026-09-01T08:28:20,0.9,6578,1547350,1529257,0.4,0.00,3.08,0.00,12.31,0.00,1.00,0.00,14309.0,95830.0,81042.0,86.0,4.0,0.5,18.0,175.434,0.272,0.2,21958273.0
2026-09-01T08:28:20,1.3,6579,1547350,1529257,0.4,0.00,1.60,0.00,6.41,0.00,0.00,0.00,14309.0,95830.0,81042.0,86.0,13.5,0.5,46.0,176.795,0.272,0.2,21958273.0
2026-09-01T08:28:21,1.2,6578,1547350,1529258,0.4,0.00,6.15,0.00,24.62,0.00,0.00,0.00,14309.0,95830.0,81042.0,83.0,9.5,0.5,39.5,186.664,0.351,0.3,30326592.5
2026-09-01T08:28:21,0.9,6578,1547350,1529258,0.4,0.00,1.42,0.00,5.67,0.00,0.00,0.00,14309.0,95830.0,81042.0,83.0,10.5,0.5,41.5,174.748,0.351,0.3,30326592.5
2026-09-01T08:28:22,0.7,6577,1547350,1529258,0.4,0.00,2.36,0.00,9.43,0.00,0.00,0.00,14309.0,95830.0,81042.0,83.0,1.0,0.5,4.0,143.109,0.226,0.2,17215303.0
2026-09-01T08:28:22,1.2,6578,1547350,1529258,0.4,0.00,2.56,0.00,10.23,0.00,0.00,0.00,14309.0,95830.0,81042.0,83.0,14.5,0.5,47.5,173.559,0.226,0.2,17215303.0
2026-09-01T08:28:23,0.7,6577,1547350,1529258,0.4,0.00,2.67,0.00,10.67,0.00,0.00,0.00,14309.0,95830.0,81042.0,87.0,0.0,0.5,0.0,151.510,0.271,0.2,22476916.5
2026-09-01T08:28:23,1.3,6578,1547350,1529257,0.4,0.00,1.10,0.00,4.39,0.00,0.00,0.00,14309.0,95830.0,81042.0,87.0,10.0,0.5,41.5,151.504,0.271,0.2,22476916.5
2026-09-01T08:28:24,0.5,6577,1547350,1529258,0.4,0.00,1.07,0.00,4.29,0.00,0.00,0.00,14309.0,95830.0,81042.0,83.0,0.0,0.5,0.0,128.198,0.215,0.2,18702852.0
2026-09-01T08:28:25,0.9,6576,1547350,1529259,0.4,0.00,1.52,0.00,6.09,0.00,0.00,0.00,14309.0,95830.0,81042.0,0.0,0.0,0.5,1.0,130.504,0.215,0.2,18702852.0
2026-09-01T08:28:25,1.3,6576,1547350,1529259,0.4,0.00,2.60,0.00,10.42,0.00,0.00,0.00,14309.0,95830.0,81042.0,0.0,10.0,0.5,42.5,177.403,0.215,0.2,18702852.0
2026-09-01T08:28:26,1.2,6577,1547350,1529258,0.4,0.00,2.74,0.00,10.96,0.00,0.00,0.00,14309.0,95830.0,81042.0,85.0,10.0,0.5,41.0,183.583,0.349,0.3,26703664.0
2026-09-01T08:28:26,1.2,6579,1547350,1529257,0.4,0.00,2.29,0.00,9.17,0.00,0.00,0.00,14309.0,95830.0,81042.0,85.0,10.0,0.5,43.0,202.365,0.349,0.3,26703664.0
2026-09-01T08:28:27,0.6,6578,1547350,1529257,0.4,0.00,2.72,0.00,10.87,0.00,0.00,0.00,14309.0,95830.0,81042.0,87.0,0.0,0.5,0.0,156.781,0.258,0.2,24408519.0
2026-09-01T08:28:27,1.2,6578,1547350,1529257,0.4,0.00,1.54,0.00,6.15,0.00,0.00,0.00,14309.0,95830.0,81042.0,87.0,11.0,0.5,43.5,158.059,0.258,0.2,24408519.0
2026-09-01T08:28:28,0.9,6578,1547350,1529258,0.4,0.00,2.48,0.00,9.90,0.00,0.00,0.00,14309.0,95830.0,81042.0,85.0,0.0,0.5,1.5,170.646,0.311,0.2,25660751.5
2026-09-01T08:28:28,1.2,6578,1547350,1529258,0.4,0.00,1.43,0.00,5.72,0.00,0.00,0.00,14309.0,95830.0,81042.0,85.0,11.5,0.5,42.0,170.117,0.311,0.2,25660751.5
2026-09-01T08:28:29,0.2,6579,1547350,1529256,0.4,0.00,1.19,0.00,4.76,0.00,0.00,0.00,14309.0,95830.0,81042.0,77.0,0.0,0.5,0.0,97.417,0.137,0.1,10333080.5
2026-09-01T08:28:30,1.2,6578,1547350,1529258,0.4,0.00,1.59,0.00,6.37,0.00,0.00,0.16,14309.0,95830.0,81042.0,0.0,10.0,0.5,41.5,142.960,0.137,0.1,10333080.5
2026-09-01T08:28:30,0.5,6577,1547350,1529258,0.4,0.00,2.01,0.00,8.05,0.00,0.00,0.00,14309.0,95830.0,81042.0,0.0,0.5,0.5,3.5,159.432,0.137,0.1,10333080.5
2026-09-01T08:28:31,0.7,6578,1547350,1529258,0.4,0.00,12.71,0.00,50.85,0.00,0.17,0.00,14309.0,95830.0,81042.0,3.0,0.0,0.5,1.5,125.714,0.236,0.2,16494944.0
2026-09-01T08:28:31,1.3,6577,1547350,1529258,0.4,0.00,1.71,0.00,6.85,0.00,0.00,0.00,14309.0,95830.0,81042.0,3.0,13.0,0.5,45.5,157.072,0.236,0.2,16494944.0
2026-09-01T08:28:32,0.6,6577,1547350,1529259,0.4,0.00,3.22,0.00,12.86,0.00,0.00,0.00,14309.0,95830.0,81042.0,87.0,0.0,0.5,0.0,155.128,0.236,0.2,16494944.0
2026-09-01T08:28:32,1.2,6577,1547350,1529259,0.4,0.00,1.74,0.00,6.97,0.00,0.00,0.00,14309.0,95830.0,81042.0,87.0,10.5,0.5,42.0,162.460,0.291,0.2,20622760.0
2026-09-01T08:28:33,1.3,6578,1547350,1529257,0.4,0.00,2.63,0.00,10.53,0.00,0.00,0.00,14309.0,95830.0,81042.0,86.0,10.0,0.5,43.0,174.852,0.291,0.2,20622760.0
2026-09-01T08:28:33,0.7,6577,1547350,1529258,0.4,0.00,1.59,0.00,6.35,0.00,0.00,0.00,14309.0,95830.0,81042.0,86.0,0.0,0.5,0.0,156.229,0.291,0.2,20622760.0
2026-09-01T08:28:34,1.3,6577,1547350,1529258,0.4,0.00,3.17,0.00,12.70,0.00,0.00,0.32,14309.0,95830.0,81042.0,9.0,14.5,0.5,47.5,159.560,0.294,0.2,24592727.0
2026-09-01T08:28:34,0.6,6577,1547350,1529258,0.4,0.00,1.67,0.00,6.69,0.00,0.00,0.00,14309.0,95830.0,81042.0,9.0,0.0,0.5,0.0,149.297,0.294,0.2,24592727.0
2026-09-01T08:28:34,1.3,6577,1547350,1529259,0.4,0.00,3.13,0.00,12.54,0.00,0.00,0.00,14309.0,95830.0,81042.0,9.0,12.0,0.5,44.0,155.793,0.294,0.2,24592727.0
2026-09-01T08:28:35,1.3,6576,1547350,1529259,0.4,0.00,2.84,0.00,11.36,0.00,0.00,0.00,14309.0,95830.0,81042.0,44.0,10.5,0.5,43.5,172.188,0.285,0.2,23938091.0
2026-09-01T08:28:35,0.8,6578,1547350,1529258,0.4,0.00,1.91,0.00,7.63,0.00,0.00,0.00,14309.0,95830.0,81042.0,44.0,8.5,0.5,26.0,177.076,0.285,0.2,23938091.0
2026-09-01T08:28:36,0.4,6578,1547350,1529257,0.4,0.00,1.85,0.00,7.38,0.00,0.00,0.00,14309.0,95830.0,81042.0,52.0,0.0,0.5,0.0,128.232,0.145,0.1,9238142.5
2026-09-01T08:28:36,0.8,6578,1547350,1529257,0.4,0.00,2.55,0.00,10.20,0.00,0.00,0.26,14309.0,95830.0,81042.0,52.0,9.5,0.5,37.0,137.599,0.145,0.1,9238142.5
2026-09-01T08:28:37,1.2,6578,1547350,1529257,0.4,0.00,1.79,0.00,7.16,0.00,1.00,0.00,14309.0,95830.0,81042.0,74.0,10.0,0.5,40.5,174.368,0.298,0.2,19685573.0
2026-09-01T08:28:37,1.3,6578,1547350,1529258,0.4,0.00,1.77,0.00,7.09,0.00,0.00,0.00,14309.0,95830.0,81042.0,74.0,10.5,0.5,43.5,191.292,0.298,0.2,19685573.0
2026-09-01T08:28:38,1.3,6578,1547350,1529258,0.4,0.00,3.73,0.00,14.93,0.00,0.00,0.00,14309.0,95830.0,81042.0,87.0,10.5,0.5,43.5,203.300,0.298,0.2,19685573.0
2026-09-01T08:28:38,1.3,6578,1547350,1529257,0.4,0.00,2.67,0.00,10.70,0.00,0.00,0.00,14309.0,95830.0,81042.0,87.0,10.5,0.5,43.5,203.035,0.298,0.2,19685573.0
2026-09-01T08:28:38,0.5,6578,1547350,1529258,0.4,0.00,2.37,0.00,9.48,0.00,0.00,0.00,14309.0,95830.0,81042.0,87.0,0.0,0.5,1.5,161.347,0.319,0.2,33353779.0
2026-09-01T08:28:39,1.3,6578,1547350,1529258,0.4,0.00,3.01,0.00,12.05,0.00,0.00,0.00,14309.0,95830.0,81042.0,3.0,14.5,0.5,48.0,162.164,0.319,0.2,33353779.0
2026-09-01T08:28:39,1.2,6578,1547350,1529257,0.4,0.00,2.43,0.00,9.73,0.00,0.00,0.00,14309.0,95830.0,81042.0,3.0,10.5,0.5,43.5,178.499,0.319,0.2,33353779.0
2026-09-01T08:28:40,1.0,6577,1547350,1529258,0.4,0.00,3.28,0.00,13.11,0.00,0.00,0.00,14309.0,95830.0,81042.0,87.0,8.5,0.5,36.5,180.028,0.357,0.3,30287096.0
2026-09-01T08:28:40,1.2,6577,1547350,1529258,0.4,0.00,1.59,0.00,6.35,0.00,0.00,0.00,14309.0,95830.0,81042.0,87.0,10.0,0.5,43.0,182.333,0.357,0.3,30287096.0
2026-09-01T08:28:41,1.2,6579,1547350,1529257,0.4,0.00,2.05,0.00,8.21,0.00,0.00,0.00,14309.0,95830.0,81042.0,85.0,10.0,0.5,42.0,204.341,0.357,0.3,30287096.0
2026-09-01T08:28:41,0.9,6579,1547350,1529257,0.4,0.00,6.78,0.00,27.12,0.00,0.00,0.00,14309.0,95830.0,81042.0,85.0,6.0,0.5,20.0,182.109,0.378,0.3,29420167.0
2026-09-01T08:28:42,0.7,6578,1547350,1529257,0.4,0.00,1.27,0.00,5.08,0.00,0.00,0.00,14309.0,95830.0,81042.0,92.0,0.0,0.5,0.0,134.379,0.378,0.3,29420167.0
2026-09-01T08:28:42,1.3,6578,1547350,1529257,0.4,0.00,16.02,0.00,156.75,0.00,0.14,0.00,14309.0,95830.0,81042.0,92.0,11.0,0.5,43.0,157.281,0.378,0.3,29420167.0
2026-09-01T08:28:42,1.3,6578,1547350,1529257,0.4,0.00,3.12,0.00,12.46,0.00,0.00,0.00,14309.0,95830.0,81042.0,92.0,10.5,0.5,43.5,179.846,0.280,0.2,23084065.5
2026-09-01T08:28:43,0.4,6578,1547350,1529257,0.4,0.00,2.23,0.00,8.93,0.00,0.00,0.00,14309.0,95830.0,81042.0,87.0,0.0,0.5,0.0,151.405,0.280,0.2,23084065.5
2026-09-01T08:28:43,1.3,6578,1547350,1529258,0.4,0.00,2.84,0.00,11.36,0.00,0.00,0.28,14309.0,95830.0,81042.0,87.0,13.5,0.5,46.0,154.419,0.280,0.2,23084065.5
2026-09-01T08:28:44,0.7,6577,1547350,1529259,0.4,0.00,3.02,0.00,12.08,0.00,0.00,0.00,14309.0,95830.0,81042.0,43.0,1.0,0.5,3.5,140.595,0.164,0.1,11110367.0
2026-09-01T08:28:44,1.3,6577,1547350,1529259,0.4,0.00,2.88,0.00,11.53,0.00,0.00,0.29,14309.0,95830.0,81042.0,43.0,16.0,0.5,31.5,173.014,0.164,0.1,11110367.0
2026-09-01T08:28:44,0.4,6577,1547350,1529258,0.4,0.00,1.98,0.00,7.92,0.00,0.00,0.00,14309.0,95830.0,81042.0,43.0,0.0,0.5,0.0,138.130,0.164,0.1,11110367.0
2026-09-01T08:28:45,0.9,6577,1547350,1529259,0.4,0.00,2.79,0.00,11.17,0.00,0.00,0.00,14309.0,95830.0,81042.0,0.0,1.5,0.5,7.0,138.353,0.241,0.2,14732640.5
2026-09-01T08:28:45,0.8,6576,1547350,1529259,0.4,0.00,1.65,0.00,6.59,0.00,0.00,0.00,14309.0,95830.0,81042.0,60.0,0.0,0.5,0.0,148.656,0.241,0.2,14732640.5
2026-09-01T08:28:46,1.0,6576,1547350,1529259,0.4,0.00,1.25,0.00,5.01,0.00,0.00,0.00,14309.0,95830.0,81042.0,60.0,0.0,0.5,1.0,151.069,0.230,0.2,13971406.0
2026-09-01T08:28:47,1.3,6575,1547350,1529260,0.4,0.00,2.82,0.00,11.27,0.00,0.00,0.00,14309.0,95830.0,81042.0,60.0,14.0,0.5,43.0,183.552,0.230,0.2,13971406.0
2026-09-01T08:28:47,1.3,6576,1547350,1529259,0.4,0.00,3.15,0.00,12.62,0.00,0.00,0.00,14309.0,95830.0,81042.0,86.0,10.0,0.5,43.0,183.577,0.230,0.2,13971406.0
2026-09-01T08:28:47,1.3,6576,1547350,1529260,0.4,0.00,2.45,0.00,9.80,0.00,0.00,0.25,14309.0,95830.0,81042.0,86.0,10.0,0.5,43.0,206.904,0.424,0.3,35792019.0
2026-09-01T08:28:48,0.7,6575,1547350,1529261,0.4,0.00,3.04,0.00,12.16,0.00,0.00,0.00,14309.0,95830.0,81042.0,84.0,0.0,0.5,1.5,175.221,0.424,0.3,35792019.0
2026-09-01T08:28:48,0.9,6575,1547350,1529261,0.4,0.00,1.74,0.00,6.94,0.00,0.00,0.00,14309.0,95830.0,81042.0,84.0,2.0,0.5,10.0,148.268,0.238,0.2,18528421.0
2026-09-01T08:28:49,1.2,6575,1547350,1529260,0.4,0.00,2.16,0.00,8.62,0.00,0.00,0.00,14309.0,95830.0,81042.0,44.0,13.5,0.5,46.5,181.011,0.238,0.2,18528421.0
2026-09-01T08:28:49,1.2,6575,1547350,1529261,0.4,0.00,1.90,0.00,7.59,0.00,0.00,0.00,14309.0,95830.0,81042.0,44.0,10.5,0.5,43.0,198.979,0.238,0.2,18528421.0
2026-09-01T08:28:50,0.7,6582,1547350,1529253,0.4,0.00,2.80,0.00,11.20,0.00,0.00,0.00,14309.0,95830.0,81042.0,44.0,2.5,0.5,11.5,175.872,0.346,0.3,28350753.0
2026-09-01T08:28:50,1.3,6582,1547350,1529253,0.4,0.00,3.15,0.00,12.62,0.00,0.00,0.00,14309.0,95830.0,81042.0,23.0,14.0,0.5,46.5,179.948,0.346,0.3,28350753.0
2026-09-01T08:28:50,0.3,6583,1547350,1529253,0.4,0.00,1.89,0.00,7.55,0.00,0.00,0.00,14309.0,95830.0,81042.0,23.0,0.0,0.5,0.0,151.844,0.346,0.3,28350753.0
2026-09-01T08:28:51,1.3,6582,1547350,1529253,0.4,0.00,3.17,0.00,12.70,0.00,0.00,0.00,14309.0,95830.0,81042.0,22.0,14.0,0.5,47.0,160.029,0.284,0.2,19515581.0
2026-09-01T08:28:51,1.0,6582,1547350,1529254,0.4,0.00,4.02,0.00,16.10,0.00,0.50,0.00,14309.0,95830.0,81042.0,22.0,8.0,0.5,25.5,183.041,0.284,0.2,19515581.0
2026-09-01T08:28:52,1.2,6581,1547350,1529254,0.4,0.00,1.60,0.00,6.40,0.00,0.00,0.00,14309.0,95830.0,81042.0,51.0,10.0,0.5,43.0,181.863,0.361,0.3,30908760.0
2026-09-01T08:28:52,1.2,6582,1547350,1529253,0.4,0.00,2.07,0.00,8.30,0.00,0.00,0.00,14309.0,95830.0,81042.0,51.0,10.0,0.5,43.0,206.743,0.361,0.3,30908760.0
2026-09-01T08:28:53,0.8,6581,1547350,1529254,0.4,0.00,3.12,0.00,12.46,0.00,0.00,0.00,14309.0,95830.0,81042.0,86.0,0.0,0.5,0.5,161.514,0.258,0.2,25022924.0
2026-09-01T08:28:53,1.3,6581,1547350,1529254,0.4,0.00,1.45,0.00,5.79,0.00,0.00,0.00,14309.0,95830.0,81042.0,86.0,14.5,0.5,47.5,163.573,0.258,0.2,25022924.0
2026-09-01T08:28:54,0.3,6581,1547350,1529254,0.4,0.00,1.09,0.00,4.36,0.00,0.00,0.00,14309.0,95830.0,81042.0,77.0,0.0,0.5,0.0,109.096,0.148,0.1,10488250.5
2026-09-01T08:28:55,1.3,6581,1547350,1529254,0.4,0.00,2.65,0.00,10.58,0.00,0.00,0.00,14309.0,95830.0,81042.0,82.0,13.5,0.5,43.5,144.673,0.148,0.1,10488250.5
2026-09-01T08:28:55,0.8,6581,1547350,1529255,0.4,0.00,2.92,0.00,11.70,0.00,0.00,0.00,14309.0,95830.0,81042.0,82.0,0.5,0.5,3.5,168.125,0.148,0.1,10488250.5
2026-09-01T08:28:55,1.2,6581,1547350,1529254,0.4,0.00,2.02,0.00,8.06,0.00,0.00,0.20,14309.0,95830.0,81042.0,82.0,12.5,0.5,45.5,176.192,0.329,0.3,23916837.0
2026-09-01T08:28:56,0.3,6582,1547350,1529253,0.4,0.00,1.47,0.00,5.87,0.00,0.00,0.00,14309.0,95830.0,81042.0,91.0,0.0,0.5,0.0,139.519,0.329,0.3,23916837.0
2026-09-01T08:28:56,1.3,6583,1547350,1529253,0.4,0.00,6.47,0.00,38.83,0.00,0.00,0.00,14309.0,95830.0,81042.0,91.0,12.0,0.5,44.5,136.555,0.329,0.3,23916837.0
2026-09-01T08:28:57,0.4,6581,1547350,1529254,0.4,0.00,1.91,0.00,7.65,0.00,0.00,0.00,14309.0,95830.0,81042.0,89.0,0.0,0.5,0.0,135.248,0.112,0.1,7986461.5
2026-09-01T08:28:57,1.2,6581,1547350,1529254,0.4,0.00,2.67,0.00,10.67,0.00,0.00,0.00,14309.0,95830.0,81042.0,89.0,16.0,0.5,48.5,148.855,0.112,0.1,7986461.5
2026-09-01T08:28:58,1.3,6582,1547350,1529254,0.4,0.00,2.80,0.00,11.20,0.00,0.00,0.00,14309.0,95830.0,81042.0,86.0,10.5,0.5,43.5,173.805,0.112,0.1,7986461.5
2026-09-01T08:28:59,0.9,6582,1547350,1529253,0.4,0.00,1.25,0.00,5.01,0.00,0.00,0.00,14309.0,95830.0,81042.0,86.0,11.0,0.5,43.5,175.798,0.367,0.3,27545875.0
2026-09-01T08:28:59,0.9,6581,1547350,1529254,0.4,0.00,1.40,0.00,5.60,0.00,0.00,0.00,14309.0,95830.0,81042.0,82.0,2.0,0.5,7.0,173.692,0.367,0.3,27545875.0
2026-09-01T08:29:00,0.9,6589,1547350,1529246,0.4,0.00,3.15,0.00,12.62,0.00,0.00,0.00,14309.0,95830.0,81042.0,64.0,2.0,0.5,6.5,168.728,0.241,0.2,15219625.5
2026-09-01T08:29:00,0.7,6596,1547350,1529240,0.4,0.00,1.26,0.00,5.05,0.00,0.00,0.00,14309.0,95830.0,81042.0,64.0,0.0,0.5,0.0,127.883,0.241,0.2,15219625.5
2026-09-01T08:29:01,1.1,6595,1547350,1529241,0.4,0.00,1.99,0.00,7.95,0.00,0.00,0.00,14309.0,95830.0,81042.0,0.0,2.0,0.5,10.0,140.148,0.178,0.1,11818913.5
2026-09-01T08:29:01,0.9,6595,1547350,1529241,0.4,0.00,1.69,0.00,6.77,0.00,1.00,0.00,14309.0,95830.0,81042.0,0.0,9.5,0.5,30.0,178.371,0.178,0.1,11818913.5
2026-09-01T08:29:02,0.3,6596,1547350,1529240,0.4,0.00,1.83,0.00,7.31,0.00,0.00,0.00,14309.0,95830.0,81042.0,0.0,0.0,0.5,0.0,98.240,0.117,0.1,7597693.0
2026-09-01T08:29:03,0.7,6596,1547350,1529239,0.4,0.00,1.05,0.00,4.19,0.00,0.00,0.10,14309.0,95830.0,81042.0,0.0,8.0,0.5,35.0,142.014,0.117,0.1,7597693.0
2026-09-01T08:29:04,1.3,6596,1547350,1529240,0.4,0.00,1.56,0.00,6.22,0.00,0.00,0.00,14309.0,95830.0,81042.0,0.0,15.0,0.5,48.0,180.809,0.117,0.1,7597693.0
2026-09-01T08:29:04,0.5,6597,1547350,1529238,0.4,0.00,1.99,0.00,7.95,0.00,0.00,0.00,14309.0,95830.0,81042.0,0.0,0.0,0.5,0.0,136.086,0.232,0.2,15552646.0
2026-09-01T08:29:04,1.2,6596,1547350,1529239,0.4,0.00,2.95,0.00,11.80,0.00,0.00,0.00,14309.0,95830.0,81042.0,0.0,13.0,0.5,39.0,154.859,0.232,0.2,15552646.0
2026-09-01T08:29:05,0.7,6596,1547350,1529239,0.4,0.00,2.92,0.00,11.66,0.00,0.00,0.00,14309.0,95830.0,81042.0,78.0,1.5,0.5,6.5,161.733,0.232,0.2,15552646.0
2026-09-01T08:29:05,1.3,6596,1547350,1529240,0.4,0.00,1.58,0.00,6.31,0.00,0.00,0.00,14309.0,95830.0,81042.0,78.0,13.0,0.5,40.0,161.455,0.307,0.2,22186847.0
2026-09-01T08:29:06,0.4,6596,1547350,1529240,0.4,0.00,1.84,0.00,7.37,0.00,0.00,0.00,14309.0,95830.0,81042.0,80.0,0.0,0.5,0.0,136.637,0.307,0.2,22186847.0
2026-09-01T08:29:06,1.2,6597,1547350,1529239,0.4,0.00,2.00,0.00,8.00,0.00,0.00,0.20,14309.0,95830.0,81042.0,80.0,11.5,0.5,34.5,137.759,0.164,0.1,11198576.5
2026-09-01T08:29:07,0.9,6595,1547350,1529240,0.4,0.00,2.77,0.00,11.08,0.00,0.00,0.00,14309.0,95830.0,81042.0,69.0,11.0,0.5,43.0,151.532,0.164,0.1,11198576.5
2026-09-01T08:29:07,1.3,6596,1547350,1529240,0.4,0.00,3.77,0.00,15.09,0.00,0.00,0.00,14309.0,95830.0,81042.0,69.0,10.0,0.5,30.5,186.582,0.164,0.1,11198576.5
2026-09-01T08:29:08,0.7,6596,1547350,1529240,0.4,0.00,2.38,0.00,9.52,0.00,0.00,0.24,14309.0,95830.0,81042.0,69.0,1.5,0.5,8.0,152.318,0.164,0.1,11198576.5
2026-09-01T08:29:08,1.4,6597,1547350,1529239,0.4,0.00,4.00,0.00,16.00,0.00,0.00,0.00,14309.0,95830.0,81042.0,16.0,3.5,0.5,11.0,175.044,0.263,0.2,16947268.0
2026-09-01T08:29:08,0.8,6596,1547350,1529239,0.4,0.00,2.98,0.00,11.90,0.00,0.00,0.00,14309.0,95830.0,81042.0,16.0,5.5,0.5,25.0,143.852,0.263,0.2,16947268.0
2026-09-01T08:29:09,1.4,6596,1547350,1529239,0.4,0.00,2.28,0.00,9.11,0.00,0.00,0.00,14309.0,95830.0,81042.0,16.0,10.5,0.5,43.5,180.184,0.263,0.2,16947268.0
2026-09-01T08:29:09,0.9,6596,1547350,1529240,0.4,0.00,3.92,0.00,15.69,0.00,0.00,0.00,14309.0,95830.0,81042.0,87.0,0.0,0.5,0.0,164.678,0.269,0.2,21117649.0
2026-09-01T08:29:09,1.3,6595,1547350,1529240,0.4,0.00,1.82,0.00,7.29,0.00,0.00,0.00,14309.0,95830.0,81042.0,87.0,10.5,0.5,43.0,177.863,0.269,0.2,21117649.0
2026-09-01T08:29:10,1.3,6596,1547350,1529240,0.4,0.00,3.56,0.00,14.23,0.00,0.00,0.00,14309.0,95830.0,81042.0,87.0,10.5,0.5,43.5,178.066,0.269,0.2,21117649.0
2026-09-01T08:29:10,0.6,6597,1547350,1529239,0.4,0.00,3.44,0.00,13.75,0.00,0.00,0.00,14309.0,95830.0,81042.0,87.0,2.5,0.5,8.5,163.997,0.269,0.2,21117649.0
2026-09-01T08:29:10,1.3,6597,1547350,1529238,0.4,0.00,3.97,0.00,15.87,0.00,0.00,0.00,14309.0,95830.0,81042.0,87.0,14.5,0.5,47.0,173.748,0.317,0.2,22110111.5
2026-09-01T08:29:10,0.9,6597,1547350,1529239,0.4,0.00,3.45,0.00,13.79,0.00,0.00,0.00,14309.0,95830.0,81042.0,87.0,5.5,0.5,24.0,153.849,0.317,0.2,22110111.5
2026-09-01T08:29:11,1.5,6593,1547350,1529242,0.4,0.00,3.60,0.00,14.39,0.00,1.00,0.00,14309.0,95830.0,81042.0,46.0,12.5,0.5,45.0,169.119,0.317,0.2,22110111.5
2026-09-01T08:29:11,1.1,6593,1547350,1529243,0.4,0.00,4.07,0.00,16.26,0.00,0.00,0.00,14309.0,95830.0,81042.0,46.0,3.5,0.5,15.0,170.881,0.317,0.2,22110111.5
2026-09-01T08:29:11,1.4,6594,1547350,1529241,0.4,0.00,2.62,0.00,10.50,0.00,0.00,0.00,14309.0,95830.0,81042.0,46.0,10.0,0.5,43.5,190.868,0.317,0.2,22092835.0
2026-09-01T08:29:12,1.3,6593,1547350,1529242,0.4,0.00,3.34,0.00,13.38,0.00,0.00,0.33,14309.0,95830.0,81042.0,46.0,10.0,0.5,43.0,189.925,0.317,0.2,22092835.0
2026-09-01T08:29:12,1.1,6593,1547350,1529242,0.4,0.00,2.53,0.00,10.10,0.00,0.00,0.00,14309.0,95830.0,81042.0,86.0,6.0,0.5,26.0,188.256,0.317,0.2,22092835.0
2026-09-01T08:29:12,1.4,6593,1547350,1529243,0.4,0.00,3.12,0.00,12.46,0.00,0.00,0.00,14309.0,95830.0,81042.0,86.0,13.5,0.5,46.0,188.712,0.362,0.3,28845512.0
2026-09-01T08:29:13,1.0,6593,1547350,1529243,0.4,0.00,7.49,0.00,112.36,0.00,0.00,0.00,14309.0,95830.0,81042.0,86.0,6.0,0.5,27.0,169.752,0.362,0.3,28845512.0
2026-09-01T08:29:13,1.2,6593,1547350,1529242,0.4,0.00,4.00,0.00,16.00,0.00,0.00,0.00,14309.0,95830.0,81042.0,54.0,13.0,0.5,46.0,182.605,0.362,0.3,28845512.0
2026-09-01T08:29:13,1.1,6594,1547350,1529242,0.4,0.00,3.73,0.00,14.93,0.00,0.00,0.00,14309.0,95830.0,81042.0,54.0,4.5,0.5,20.5,169.368,0.362,0.3,28845512.0
2026-09-01T08:29:13,1.3,6595,1547350,1529241,0.4,0.00,3.12,0.00,12.46,0.00,0.00,0.00,14309.0,95830.0,81042.0,54.0,10.0,0.5,31.5,182.047,0.312,0.2,19952856.0
2026-09-01T08:29:14,1.0,6595,1547350,1529240,0.4,0.00,3.56,0.00,14.23,0.00,0.00,0.00,14309.0,95830.0,81042.0,88.0,2.5,0.5,11.5,173.304,0.312,0.2,19952856.0
2026-09-01T08:29:14,1.3,6595,1547350,1529241,0.4,0.00,3.91,0.00,15.62,0.00,0.00,0.39,14309.0,95830.0,81042.0,88.0,14.0,0.5,43.0,174.314,0.312,0.2,19952856.0
2026-09-01T08:29:14,0.8,6596,1547350,1529240,0.4,0.00,2.36,0.00,9.46,0.00,0.00,0.00,14309.0,95830.0,81042.0,88.0,0.0,0.5,1.0,156.760,0.312,0.2,19952856.0
2026-09-01T08:29:15,1.4,6596,1547350,1529240,0.4,0.00,4.13,0.00,16.53,0.00,0.00,0.00,14309.0,95830.0,81042.0,56.0,9.0,0.5,28.0,177.200,0.278,0.2,18499399.5
2026-09-01T08:29:15,1.0,6596,1547350,1529240,0.4,0.00,3.52,0.00,14.08,0.00,0.00,0.00,14309.0,95830.0,81042.0,56.0,2.5,0.5,11.5,158.486,0.278,0.2,18499399.5
2026-09-01T08:29:15,1.3,6597,1547350,1529238,0.4,0.00,4.05,0.00,16.19,0.00,0.00,0.00,14309.0,95830.0,81042.0,56.0,14.0,0.5,43.0,170.671,0.278,0.2,18499399.5
2026-09-01T08:29:16,1.3,6596,1547350,1529240,0.4,0.00,1.83,0.00,7.33,0.00,0.00,0.00,14309.0,95830.0,81042.0,56.0,10.0,0.5,43.0,188.547,0.278,0.2,18499399.5
2026-09-01T08:29:17,1.0,6596,1547350,1529240,0.4,0.00,1.00,0.00,3.99,0.00,0.00,0.00,14309.0,95830.0,81042.0,86.0,5.0,0.5,17.0,175.411,0.324,0.2,24375240.0
2026-09-01T08:29:18,1.0,6595,1547350,1529240,0.4,0.00,1.01,0.00,4.02,0.00,0.00,0.00,14309.0,95830.0,81042.0,34.0,6.0,0.5,26.0,173.001,0.324,0.2,24375240.0
2026-09-01T08:29:19,1.2,6595,1547350,1529240,0.4,0.00,1.00,0.00,4.00,0.00,0.00,0.00,14309.0,95830.0,81042.0,52.0,10.5,0.5,43.0,207.787,0.376,0.3,30360811.5
2026-09-01T08:29:20,1.1,6595,1547350,1529241,0.4,0.00,1.00,0.00,3.99,0.00,1.00,0.10,14309.0,95830.0,81042.0,86.0,15.0,0.5,48.0,191.775,0.369,0.3,30454134.0
2026-09-01T08:29:21,1.2,6595,1547350,1529241,0.4,0.00,1.00,0.00,4.01,0.00,0.00,0.00,14309.0,95830.0,81042.0,96.0,10.0,0.5,42.0,203.215,0.369,0.3,30454134.0
2026-09-01T08:29:22,0.9,6595,1547350,1529240,0.4,0.00,1.01,0.00,4.02,0.00,0.00,0.00,14309.0,95830.0,81042.0,84.0,7.0,0.5,31.5,157.858,0.333,0.2,29455703.0
2026-09-01T08:29:23,1.1,6595,1547350,1529240,0.4,0.00,0.99,0.00,3.97,0.00,0.00,0.00,14309.0,95830.0,81042.0,76.0,9.0,0.5,38.0,188.179,0.333,0.2,29455703.0
2026-09-01T08:29:24,1.0,6596,1547350,1529239,0.4,0.00,1.00,0.00,4.01,0.00,0.00,0.00,14309.0,95830.0,81042.0,76.0,14.0,0.5,46.5,182.843,0.358,0.3,26148642.5
2026-09-01T08:29:25,0.9,6597,1547350,1529238,0.4,0.00,1.00,0.00,4.00,0.00,0.00,0.00,14309.0,95830.0,81042.0,93.0,10.0,0.5,43.0,166.854,0.358,0.3,26148642.5
2026-09-01T08:29:26,1.1,6596,1547350,1529240,0.4,0.00,0.99,0.00,3.96,0.00,0.00,0.00,14309.0,95830.0,81042.0,86.0,10.0,0.5,43.0,181.428,0.330,0.2,27241386.5
2026-09-01T08:29:27,1.0,6596,1547350,1529240,0.4,0.00,0.95,0.00,3.78,0.00,0.00,0.09,14309.0,95830.0,81042.0,95.0,14.5,0.5,47.5,184.358,0.330,0.2,27241386.5
2026-09-01T08:29:28,0.8,6595,1547350,1529240,0.4,0.00,2.14,0.00,12.86,0.00,0.00,0.00,14309.0,95830.0,81042.0,95.0,2.0,0.5,10.5,159.661,0.297,0.2,18405638.0
2026-09-01T08:29:29,1.1,6595,1547350,1529241,0.4,0.00,1.00,0.00,4.00,0.00,0.00,0.10,14309.0,95830.0,81042.0,89.0,6.5,0.5,29.0,174.875,0.309,0.2,20604647.5
2026-09-01T08:29:30,1.0,6594,1547350,1529241,0.4,0.00,1.00,0.00,4.00,0.00,0.00,0.00,14309.0,95830.0,81042.0,95.0,8.0,0.5,35.5,176.130,0.323,0.3,20593184.5
2026-09-01T08:29:31,1.0,6595,1547350,1529241,0.4,0.00,0.94,0.00,3.76,0.00,0.00,0.00,14309.0,95830.0,81042.0,51.0,16.0,0.5,49.5,177.511,0.339,0.3,25576573.5
2026-09-01T08:29:32,1.0,6594,1547350,1529241,0.4,0.00,0.80,0.00,3.19,0.00,0.00,0.00,14309.0,95830.0,81042.0,45.0,14.0,0.5,46.5,180.356,0.326,0.2,26333725.5
2026-09-01T08:29:33,0.8,6595,1547350,1529240,0.4,0.00,6.64,0.00,30.97,0.00,0.17,0.00,14309.0,95830.0,81042.0,0.0,11.5,0.5,44.5,146.894,0.213,0.2,15629875.0
2026-09-01T08:29:34,1.0,6595,1547350,1529240,0.4,0.00,1.10,0.00,4.40,0.00,0.00,0.00,14309.0,95830.0,81042.0,87.0,9.5,0.5,40.0,155.811,0.213,0.2,15629875.0
2026-09-01T08:29:35,1.0,6595,1547350,1529240,0.4,0.00,1.02,0.00,4.08,0.00,0.00,0.00,14309.0,95830.0,81042.0,23.0,14.0,0.5,46.5,183.138,0.314,0.2,20132435.5
2026-09-01T08:29:36,1.0,6595,1547350,1529241,0.4,0.00,1.00,0.00,4.00,0.00,0.00,0.00,14309.0,95830.0,81042.0,87.0,10.5,0.5,44.0,176.124,0.314,0.2,20132435.5
2026-09-01T08:29:37,0.5,6596,1547350,1529240,0.4,0.00,0.88,0.00,3.53,0.00,0.00,0.00,14309.0,95830.0,81042.0,42.0,0.0,0.5,0.0,139.825,0.137,0.1,9899441.5
2026-09-01T08:29:38,1.2,6596,1547350,1529240,0.4,0.00,1.42,0.00,5.68,0.00,0.00,0.14,14309.0,95830.0,81042.0,86.0,10.0,0.5,43.0,175.786,0.137,0.1,9899441.5
2026-09-01T08:29:39,1.0,6596,1547350,1529239,0.4,0.00,0.86,0.00,3.43,0.00,0.00,0.00,14309.0,95830.0,81042.0,24.0,15.0,0.5,47.5,176.197,0.369,0.3,29456103.0
2026-09-01T08:29:40,0.8,6597,1547350,1529239,0.4,0.00,1.18,0.00,4.73,0.00,0.00,0.00,14309.0,95830.0,81042.0,29.0,13.5,0.5,46.0,164.772,0.369,0.3,29456103.0
2026-09-01T08:29:41,0.9,6597,1547350,1529239,0.4,0.00,0.68,0.00,2.72,0.00,0.00,0.00,14309.0,95830.0,81042.0,32.0,10.0,0.5,43.0,160.786,0.249,0.2,18936109.0
2026-09-01T08:29:42,0.9,6595,1547350,1529240,0.4,0.00,1.18,0.00,4.70,0.00,0.00,0.00,14309.0,95830.0,81042.0,2.0,11.5,0.5,44.5,177.601,0.249,0.2,18936109.0
2026-09-01T08:29:43,0.9,6595,1547350,1529240,0.4,0.00,8.95,0.00,71.57,0.00,0.11,0.00,14309.0,95830.0,81042.0,24.0,10.0,0.5,43.0,170.457,0.291,0.2,24491891.5
2026-09-01T08:29:44,0.4,6595,1547350,1529240,0.4,0.00,1.30,0.00,5.18,0.00,0.00,0.00,14309.0,95830.0,81042.0,0.0,0.0,0.5,0.0,147.912,0.291,0.2,24491891.5
2026-09-01T08:29:45,1.0,6594,1547350,1529241,0.4,0.00,0.98,0.00,3.93,0.00,0.00,0.00,14309.0,95830.0,81042.0,0.0,0.0,0.5,0.0,182.089,0.229,0.2,15703912.0
2026-09-01T08:29:46,0.9,6595,1547350,1529241,0.4,0.00,0.98,0.00,3.93,0.00,0.00,0.00,14309.0,95830.0,81042.0,86.0,0.0,0.5,0.0,166.959,0.258,0.2,19877591.0
2026-09-01T08:29:47,1.0,6593,1547350,1529242,0.4,0.00,0.75,0.00,2.99,0.00,0.00,0.00,14309.0,95830.0,81042.0,18.0,13.5,0.5,46.5,176.573,0.323,0.3,20587448.5
2026-09-01T08:29:48,0.7,6594,1547350,1529242,0.4,0.00,2.10,0.00,8.39,0.00,0.00,0.00,14309.0,95830.0,81042.0,14.0,2.0,0.5,7.0,163.272,0.323,0.3,20587448.5
2026-09-01T08:29:49,1.0,6592,1547350,1529243,0.4,0.00,1.70,0.00,6.79,0.00,0.00,0.00,14309.0,95830.0,81042.0,38.0,5.0,0.5,17.0,182.753,0.291,0.2,22734393.5
2026-09-01T08:29:50,1.0,6593,1547350,1529243,0.4,0.00,1.05,0.00,4.20,0.00,0.00,0.00,14309.0,95830.0,81042.0,6.0,0.5,0.5,3.0,189.481,0.291,0.2,22734393.5
2026-09-01T08:29:51,1.2,6592,1547350,1529243,0.4,0.00,0.99,0.00,3.95,0.00,0.00,0.00,14309.0,95830.0,81042.0,86.0,10.5,0.5,43.0,207.160,0.382,0.3,33012564.5
2026-09-01T08:29:52,1.0,6592,1547350,1529244,0.4,0.00,0.99,0.00,3.98,0.00,0.00,0.00,14309.0,95830.0,81042.0,95.0,1.5,0.5,5.5,171.365,0.293,0.2,21516515.5
2026-09-01T08:29:53,0.9,6592,1547350,1529243,0.4,0.00,0.87,0.00,3.47,0.00,0.00,0.00,14309.0,95830.0,81042.0,3.0,12.5,0.5,37.5,178.123,0.293,0.2,21516515.5
2026-09-01T08:29:54,1.0,6594,1547350,1529241,0.4,0.00,1.05,0.00,4.19,0.00,0.00,0.00,14309.0,95830.0,81042.0,33.0,10.0,0.5,43.0,180.915,0.317,0.2,21941493.0
2026-09-01T08:29:55,0.7,6593,1547350,1529242,0.4,0.00,0.94,0.00,3.75,0.00,0.00,0.00,14309.0,95830.0,81042.0,21.0,0.0,0.5,0.0,143.478,0.216,0.2,17668514.0
2026-09-01T08:29:56,1.2,6593,1547350,1529242,0.4,0.00,1.32,0.00,5.28,0.00,0.00,0.00,14309.0,95830.0,81042.0,5.0,10.0,0.5,43.0,156.647,0.216,0.2,17668514.0
2026-09-01T08:29:57,0.9,6594,1547350,1529242,0.4,0.00,0.94,0.00,3.75,0.00,0.00,0.00,14309.0,95830.0,81042.0,14.0,15.0,0.5,48.0,171.313,0.318,0.2,24517631.5
2026-09-01T08:29:58,0.8,6593,1547350,1529242,0.4,0.00,0.98,0.00,3.92,0.00,0.00,0.00,14309.0,95830.0,81042.0,3.0,0.0,0.5,0.0,157.686,0.234,0.2,19262588.5
2026-09-01T08:29:59,0.8,6594,1547350,1529242,0.4,0.00,2.03,0.00,8.11,0.00,0.00,0.00,14309.0,95830.0,81042.0,67.0,0.0,0.5,1.0,145.072,0.235,0.2,15590549.5
2026-09-01T08:30:00,1.0,6596,1547350,1529240,0.4,0.00,0.89,0.00,3.56,0.00,0.00,0.00,14309.0,95830.0,81042.0,2.0,15.0,0.5,47.5,178.411,0.235,0.2,15590549.5
2026-09-01T08:30:01,0.9,6601,1547350,1529235,0.4,0.00,1.14,0.00,4.57,0.00,0.00,0.00,14309.0,95830.0,81042.0,28.0,10.0,0.5,43.0,159.132,0.281,0.2,19514723.0
2026-09-01T08:30:02,1.0,6601,1547350,1529235,0.4,0.00,0.99,0.00,3.96,0.00,1.00,0.00,14309.0,95830.0,81042.0,94.0,10.0,0.5,43.5,184.762,0.344,0.3,28346135.0
2026-09-01T08:30:03,0.7,6599,1547350,1529237,0.4,0.00,1.02,0.00,4.10,0.00,0.00,0.00,14309.0,95830.0,81042.0,0.0,0.0,0.5,0.0,138.049,0.186,0.1,18308698.0
2026-09-01T08:30:04,1.0,6598,1547350,1529237,0.4,0.00,0.86,0.00,3.43,0.00,0.00,0.00,14309.0,95830.0,81042.0,93.0,10.5,0.5,43.0,185.760,0.339,0.3,22024735.5
2026-09-01T08:30:05,0.8,6599,1547350,1529237,0.4,0.00,1.05,0.00,4.21,0.00,0.00,0.00,14309.0,95830.0,81042.0,93.0,4.0,0.5,13.0,152.135,0.245,0.2,19057089.5
2026-09-01T08:30:06,0.8,6598,1547350,1529238,0.4,0.00,0.91,0.00,3.64,0.00,0.00,0.00,14309.0,95830.0,81042.0,79.0,1.5,0.5,5.5,135.823,0.218,0.2,12809448.5
2026-09-01T08:30:07,1.2,6598,1547350,1529238,0.4,0.00,0.97,0.00,3.88,0.00,0.00,0.00,14309.0,95830.0,81042.0,88.0,10.5,0.5,43.5,188.423,0.218,0.2,12809448.5
2026-09-01T08:30:08,0.5,6598,1547350,1529238,0.4,0.00,1.02,0.00,4.08,0.00,0.00,0.00,14309.0,95830.0,81042.0,0.0,12.0,0.5,45.5,131.476,0.257,0.2,19373371.5
2026-09-01T08:30:09,0.9,6598,1547350,1529238,0.4,0.00,1.31,0.00,5.24,0.00,0.00,0.00,14309.0,95830.0,81042.0,27.0,0.0,0.5,0.0,167.882,0.257,0.2,19373371.5
2026-09-01T08:30:10,1.2,6598,1547350,1529237,0.4,0.00,0.97,0.00,3.86,0.00,0.00,0.00,14309.0,95830.0,81042.0,87.0,8.0,0.5,35.0,202.877,0.350,0.3,32778503.0
2026-09-01T08:30:11,0.7,6597,1547350,1529239,0.4,0.00,1.04,0.00,4.17,0.00,0.00,0.00,14309.0,95830.0,81042.0,87.0,10.5,0.5,43.0,153.097,0.350,0.3,32778503.0
2026-09-01T08:30:12,1.1,6597,1547350,1529239,0.4,0.00,0.99,0.00,3.94,0.00,0.00,0.00,14309.0,95830.0,81042.0,83.0,13.5,0.5,41.5,186.583,0.296,0.2,23453931.5
2026-09-01T08:30:13,0.9,6597,1547350,1529238,0.4,0.00,0.98,0.00,3.91,0.00,0.00,0.00,14309.0,95830.0,81042.0,85.0,4.0,0.5,18.5,159.144,0.268,0.2,21177625.5
2026-09-01T08:30:14,1.2,6597,1547350,1529239,0.4,0.00,4.03,0.00,33.27,0.00,0.00,0.00,14309.0,95830.0,81042.0,86.0,10.0,0.5,43.0,190.637,0.268,0.2,21177625.5
2026-09-01T08:30:15,0.8,6597,1547350,1529238,0.4,0.00,0.98,0.00,3.93,0.00,0.00,0.00,14309.0,95830.0,81042.0,85.0,3.0,0.5,13.0,167.582,0.324,0.2,26159327.5
2026-09-01T08:30:16,0.9,6596,1547350,1529239,0.4,0.00,0.69,0.00,2.75,0.00,0.00,0.00,14309.0,95830.0,81042.0,53.0,8.0,0.5,24.5,167.294,0.279,0.2,16982839.5
2026-09-01T08:30:17,1.3,6596,1547350,1529239,0.4,0.00,1.85,0.00,7.39,0.00,0.00,0.00,14309.0,95830.0,81042.0,84.0,10.0,0.5,42.0,178.397,0.279,0.2,16982839.5
2026-09-01T08:30:18,1.2,6597,1547350,1529239,0.4,0.00,1.05,0.00,4.18,0.00,0.00,0.00,14309.0,95830.0,81042.0,86.0,10.0,0.5,43.0,205.177,0.428,0.3,40953241.5
2026-09-01T08:30:19,0.8,6597,1547350,1529238,0.4,0.00,0.91,0.00,3.63,0.00,0.00,0.09,14309.0,95830.0,81042.0,25.0,2.5,0.5,12.5,153.881,0.229,0.2,16382859.0
2026-09-01T08:30:20,0.9,6597,1547350,1529238,0.4,0.00,1.10,0.00,4.41,0.00,0.00,0.00,14309.0,95830.0,81042.0,19.0,2.0,0.5,9.5,170.598,0.229,0.2,16382859.0
2026-09-01T08:30:21,1.0,6598,1547350,1529237,0.4,0.00,0.98,0.00,3.93,0.00,1.00,0.00,14309.0,95830.0,81042.0,87.0,7.5,0.5,31.5,177.601,0.311,0.2,25056325.0
2026-09-01T08:30:22,0.8,6599,1547350,1529236,0.4,0.00,1.00,0.00,4.01,0.00,0.00,0.00,14309.0,95830.0,81042.0,84.0,0.0,0.5,1.5,160.902,0.311,0.2,25056325.0
2026-09-01T08:30:23,1.0,6599,1547350,1529237,0.4,0.00,0.99,0.00,3.95,0.00,0.00,0.00,14309.0,95830.0,81042.0,0.0,14.0,0.5,44.5,181.048,0.294,0.2,22185955.5
2026-09-01T08:30:24,1.0,6599,1547350,1529236,0.4,0.00,0.89,0.00,3.56,0.00,0.00,0.00,14309.0,95830.0,81042.0,51.0,10.0,0.5,42.0,179.576,0.323,0.2,25676915.0
2026-09-01T08:30:25,1.0,6600,1547350,1529236,0.4,0.00,0.98,0.00,3.94,0.00,0.00,0.00,14309.0,95830.0,81042.0,8.0,10.5,0.5,43.5,181.317,0.330,0.3,25021845.0
2026-09-01T08:30:26,0.6,6599,1547350,1529237,0.4,0.00,0.99,0.00,3.97,0.00,0.00,0.00,14309.0,95830.0,81042.0,0.0,0.0,0.5,0.0,91.459,0.056,0.0,6043669.0
2026-09-01T08:30:27,0.2,6600,1547350,1529235,0.4,0.00,0.98,0.00,3.93,0.00,0.00,0.00,14309.0,95830.0,81042.0,0.0,0.0,0.5,0.0,91.011,0.000,0.0,676835.5
2026-09-01T08:30:28,0.1,6618,1547350,1529218,0.4,0.00,1.17,0.00,4.68,0.00,0.00,0.00,14309.0,95830.0,81042.0,0.0,0.0,0.5,0.0,90.695,0.000,0.0,687172.0
2026-09-01T08:30:29,0.3,6639,1547350,1529197,0.4,0.00,1.73,0.00,10.36,0.00,0.00,0.00,14309.0,95830.0,81042.0,0.0,0.0,0.5,0.0,90.333,0.000,0.0,673404.5
2026-09-01T08:30:30,0.4,6639,1547350,1529197,0.4,0.00,0.90,0.00,3.59,0.00,0.00,0.00,14309.0,95830.0,81042.0,0.0,0.0,0.5,0.0,90.191,0.000,0.0,673404.5
2026-09-01T08:30:31,1.2,6916,1547350,1528919,0.4,0.00,1.81,0.00,7.22,0.00,0.00,0.00,15911.0,95830.0,79440.0,64.0,2.5,0.5,39.5,196.461,0.179,0.2,88131062.0
2026-09-01T08:30:32,0.4,6919,1547350,1528916,0.4,0.00,0.76,0.00,3.04,0.00,0.00,0.00,15917.0,95830.0,79434.0,0.0,0.0,0.5,0.0,90.174,0.022,0.0,5949711.5
2026-09-01T08:30:33,0.2,6919,1547350,1528917,0.4,0.00,4.78,0.00,22.29,0.00,0.17,0.00,15917.0,95830.0,79434.0,0.0,0.0,0.5,0.0,89.567,0.000,0.0,658560.5
2026-09-01T08:30:35,0.2,6919,1547350,1528917,0.4,0.00,0.52,0.00,2.10,0.00,0.00,0.00,15917.0,95830.0,79434.0,0.0,0.0,0.5,0.0,89.235,0.000,0.0,672927.0
2026-09-01T08:30:36,0.2,6918,1547350,1528918,0.4,0.00,0.96,0.00,3.84,0.00,0.00,0.00,15917.0,95830.0,79434.0,0.0,0.0,0.5,0.0,89.035,0.000,0.0,680474.5
2026-09-01T08:30:37,0.2,6918,1547350,1528917,0.4,0.00,0.88,0.00,3.51,0.00,0.00,0.00,15917.0,95830.0,79434.0,0.0,0.0,0.5,0.0,88.722,0.000,0.0,678270.0
2026-09-01T08:30:39,0.2,6920,1547350,1528916,0.4,0.00,0.84,0.00,3.34,0.00,0.00,0.00,15917.0,95830.0,79434.0,0.0,0.0,0.5,0.0,88.530,0.000,0.0,713734.5
2026-09-01T08:30:40,0.2,6920,1547350,1528916,0.4,0.00,0.71,0.00,2.85,0.00,0.00,0.00,15917.0,95830.0,79434.0,0.0,0.0,0.5,0.0,88.421,0.000,0.0,713734.5
2026-09-01T08:30:40,0.3,6919,1547350,1528916,0.4,0.00,3.33,0.00,13.33,0.00,0.00,0.00,15917.0,95830.0,79434.0,0.0,0.0,0.5,0.0,88.316,0.000,0.0,712773.5
2026-09-01T08:30:41,0.2,6919,1547350,1528916,0.4,0.00,0.81,0.00,3.25,0.00,0.00,0.00,15917.0,95830.0,79434.0,0.0,0.0,0.5,0.0,88.154,0.000,0.0,670027.0
2026-09-01T08:30:43,0.2,6921,1547350,1528914,0.4,0.00,6.68,0.00,67.61,0.00,0.12,0.00,15917.0,95830.0,79434.0,0.0,0.0,0.5,0.0,87.974,0.000,0.0,675379.0
2026-09-01T08:30:44,0.4,6923,1547350,1528912,0.4,0.00,0.93,0.00,3.71,0.00,0.00,0.00,15917.0,95830.0,79434.0,0.0,0.0,0.5,0.0,87.948,0.000,0.0,675379.0
2026-09-01T08:30:44,0.3,6922,1547350,1528913,0.4,0.00,4.82,0.00,19.28,0.00,0.00,0.00,15917.0,95830.0,79434.0,0.0,0.0,0.5,0.0,87.965,0.000,0.0,716921.0
2026-09-01T08:30:45,0.2,6923,1547350,1528912,0.4,0.00,0.78,0.00,3.13,0.00,0.00,0.00,15917.0,95830.0,79434.0,0.0,0.0,0.5,0.0,87.656,0.000,0.0,667514.5
2026-09-01T08:30:47,0.2,6923,1547350,1528913,0.4,0.00,0.87,0.00,3.47,0.00,0.00,0.00,15917.0,95830.0,79434.0,0.0,0.0,0.5,0.0,87.629,0.000,0.0,667514.5
2026-09-01T08:30:47,0.3,6923,1547350,1528913,0.4,0.00,1.58,0.00,6.33,0.00,0.00,0.00,15917.0,95830.0,79434.0,0.0,0.0,0.5,0.0,87.644,0.000,0.0,705937.0
2026-09-01T08:30:48,0.2,6941,1547350,1528894,0.4,0.00,0.94,0.00,3.76,0.00,0.00,0.00,15917.0,95830.0,79434.0,0.0,0.0,0.5,1.0,87.609,0.000,0.0,705937.0
2026-09-01T08:30:49,0.2,6943,1547350,1528893,0.4,0.00,2.00,0.00,8.00,0.00,0.00,0.00,15917.0,95830.0,79434.0,0.0,0.0,0.5,0.0,87.478,0.002,0.0,2170404.5
2026-09-01T08:30:50,0.3,6944,1547350,1528892,0.4,0.00,2.74,0.00,16.44,0.00,0.00,0.14,15917.0,95830.0,79434.0,0.0,0.0,0.5,0.0,87.428,0.002,0.0,2170404.5
2026-09-01T08:30:50,0.3,6945,1547350,1528891,0.4,0.00,2.92,0.00,11.66,0.00,0.00,0.00,15917.0,95830.0,79434.0,0.0,0.0,0.5,0.0,87.385,0.002,0.0,2170404.5
2026-09-01T08:30:51,0.2,6947,1547350,1528889,0.4,0.00,1.03,0.00,4.12,0.00,0.00,0.00,15917.0,95830.0,79434.0,0.0,0.0,0.5,0.0,87.419,0.000,0.0,747775.0
2026-09-01T08:30:52,0.2,6953,1547350,1528882,0.4,0.00,1.06,0.00,4.25,0.00,0.00,0.00,15917.0,95830.0,79434.0,0.0,0.0,0.5,0.0,87.276,0.000,0.0,747775.0
2026-09-01T08:30:53,0.2,6947,1547350,1528888,0.4,0.00,0.80,0.00,3.19,0.00,0.00,0.00,15917.0,95830.0,79434.0,0.0,0.0,0.5,0.0,87.255,0.000,0.0,664609.5
2026-09-01T08:30:54,0.2,6947,1547350,1528889,0.4,0.00,0.72,0.00,2.89,0.00,0.00,0.00,15917.0,95830.0,79434.0,0.0,0.0,0.5,0.0,87.139,0.001,0.0,1736816.5
2026-09-01T08:30:56,0.2,6946,1547350,1528889,0.4,0.00,0.73,0.00,2.91,0.00,0.00,0.00,15917.0,95830.0,79434.0,0.0,0.0,0.5,0.0,87.132,0.001,0.0,1828924.5
2026-09-01T08:30:57,0.2,6752,1547350,1529339,0.4,0.00,0.62,0.00,2.50,0.00,0.00,0.00,14249.0,95830.0,81102.0,0.0,0.0,0.5,0.0,87.070,0.000,0.0,674360.0
2026-09-01T08:30:58,1.2,6752,1547350,1529339,0.4,0.00,1.30,0.00,5.19,0.00,0.00,0.00,14249.0,95830.0,81102.0,0.0,0.0,0.5,0.0,87.109,0.000,0.0,674360.0
