timestamp,cpu_util_pct,ram_used_mb,ram_total_mb,ram_avail_mb,ram_used_pct,disk_r_s,disk_w_s,disk_rkB_s,disk_wkB_s,disk_r_await_ms,disk_w_await_ms,disk_util_pct,gpu_mem_used_mb,gpu_mem_total_mb,gpu_mem_free_mb,gpu_util_pct,dcgmi_power_w,dcgmi_gpu_util_pct,dcgmi_mem_copy_util_pct,dcgmi_gr_active,dcgmi_sm_active,dcgmi_pcie_tx_bytes,dcgmi_pcie_rx_bytes
2026-08-31T15:44:09,0.2,4347,1547350,1531820,0.3,0.00,0.00,0.00,0.00,0.00,0.00,0.00,1.0,95830.0,95350.0,0.0,0.0,0.5,0.0,64.198,0.000,0.0,0.0
2026-08-31T15:44:11,0.2,4347,1547350,1531821,0.3,0.00,1.72,0.00,6.89,0.00,0.00,0.09,1.0,95830.0,95350.0,0.0,0.0,0.5,0.0,64.281,0.000,0.0,0.0
2026-08-31T15:44:12,1.2,4347,1547350,1531821,0.3,0.00,0.66,0.00,2.64,0.00,0.00,0.00,1.0,95830.0,95350.0,0.0,0.0,0.5,0.0,64.243,0.000,0.0,0.0
2026-08-31T15:44:12,0.3,4350,1547350,1531818,0.3,0.00,2.67,0.00,10.67,0.00,0.00,0.00,1.0,95830.0,95350.0,0.0,0.0,0.5,0.0,64.212,0.000,0.0,600334.5
2026-08-31T15:44:14,0.2,4353,1547350,1531815,0.3,0.00,0.89,0.00,3.56,0.00,0.00,0.09,1.0,95830.0,95350.0,0.0,0.0,0.5,0.0,64.256,0.000,0.0,653061.0
2026-08-31T15:44:15,0.2,4356,1547350,1531812,0.3,0.00,0.83,0.00,3.34,0.00,0.00,0.00,1.0,95830.0,95350.0,0.0,0.0,0.5,0.0,64.306,0.000,0.0,693983.0
2026-08-31T15:44:16,0.2,4356,1547350,1531811,0.3,0.00,0.73,0.00,2.90,0.00,0.00,0.00,1.0,95830.0,95350.0,0.0,0.0,0.5,0.0,64.312,0.000,0.0,693983.0
2026-08-31T15:44:17,0.2,4357,1547350,1531811,0.3,0.00,23.34,0.00,169.66,0.00,0.08,0.00,1.0,95830.0,95350.0,0.0,0.0,0.5,0.0,64.208,0.000,0.0,690668.5
2026-08-31T15:44:18,0.2,4356,1547350,1531811,0.3,0.00,0.62,0.00,2.50,0.00,0.00,0.00,1.0,95830.0,95350.0,0.0,0.0,0.5,0.0,64.192,0.000,0.0,658502.5
2026-08-31T15:44:20,0.2,4356,1547350,1531811,0.3,0.00,0.63,0.00,2.53,0.00,0.00,0.00,1.0,95830.0,95350.0,0.0,0.0,0.5,0.0,64.219,0.000,0.0,735386.0
2026-08-31T15:44:21,0.2,4358,1547350,1531810,0.3,0.00,0.75,0.00,3.00,0.00,0.00,0.00,1.0,95830.0,95350.0,0.0,0.0,0.5,0.0,64.203,0.000,0.0,735386.0
2026-08-31T15:44:22,0.3,4358,1547350,1531810,0.3,0.00,2.64,0.00,10.55,0.00,0.00,0.00,1.0,95830.0,95350.0,0.0,0.0,0.5,0.0,64.223,0.000,0.0,695746.5
2026-08-31T15:44:23,0.2,4358,1547350,1531809,0.3,0.00,0.64,0.00,2.58,0.00,0.00,0.00,1.0,95830.0,95350.0,0.0,0.0,0.5,0.0,64.228,0.000,0.0,677470.5
2026-08-31T15:44:24,0.2,4359,1547350,1531809,0.3,0.00,0.97,0.00,3.86,0.00,0.00,0.00,1.0,95830.0,95350.0,0.0,0.0,0.5,0.0,64.270,0.000,0.0,661436.0
2026-08-31T15:44:26,0.2,4359,1547350,1531808,0.3,0.00,0.65,0.00,2.58,0.00,1.00,0.06,1.0,95830.0,95350.0,0.0,0.0,0.5,0.0,64.234,0.000,0.0,675930.5
2026-08-31T15:44:27,0.2,4358,1547350,1531809,0.3,0.00,0.92,0.00,3.67,0.00,0.00,0.00,1.0,95830.0,95350.0,0.0,0.0,0.5,0.0,64.235,0.000,0.0,715242.5
2026-08-31T15:44:28,0.2,4358,1547350,1531809,0.3,0.00,0.64,0.00,2.56,0.00,0.00,0.00,1.0,95830.0,95350.0,0.0,0.0,0.5,0.0,64.183,0.000,0.0,715242.5
2026-08-31T15:44:29,0.2,4358,1547350,1531809,0.3,0.00,1.16,0.00,4.64,0.00,0.00,0.00,1.0,95830.0,95350.0,0.0,0.0,0.5,0.0,64.163,0.000,0.0,691472.5
2026-08-31T15:44:31,0.2,4359,1547350,1531808,0.3,0.00,0.76,0.00,3.05,0.00,0.00,0.00,1.0,95830.0,95350.0,0.0,0.0,0.5,0.0,64.192,0.000,0.0,670383.5
2026-08-31T15:44:32,0.2,4360,1547350,1531808,0.3,0.00,1.76,0.00,7.04,0.00,0.00,0.00,1.0,95830.0,95350.0,0.0,0.0,0.5,0.0,64.202,0.000,0.0,662546.5
2026-08-31T15:44:33,0.2,4361,1547350,1531807,0.3,0.00,0.97,0.00,3.89,0.00,0.00,0.00,1.0,95830.0,95350.0,0.0,0.0,0.5,0.0,64.210,0.000,0.0,662546.5
2026-08-31T15:44:34,0.2,4361,1547350,1531807,0.3,0.00,1.12,0.00,4.48,0.00,0.00,0.11,1.0,95830.0,95350.0,0.0,0.0,0.5,0.0,64.198,0.000,0.0,778179.5
2026-08-31T15:44:34,0.2,4361,1547350,1531806,0.3,0.00,3.25,0.00,12.99,0.00,0.00,0.00,1.0,95830.0,95350.0,0.0,0.0,0.5,0.0,64.211,0.000,0.0,692128.5
2026-08-31T15:44:35,0.2,4362,1547350,1531806,0.3,0.00,0.78,0.00,3.11,0.00,0.00,0.00,1.0,95830.0,95350.0,0.0,0.0,0.5,0.0,64.177,0.000,0.0,692128.5
2026-08-31T15:44:36,0.2,4362,1547350,1531806,0.3,0.00,1.27,0.00,5.06,0.00,0.00,0.00,1.0,95830.0,95350.0,0.0,0.0,0.5,0.0,64.197,0.000,0.0,775324.5
2026-08-31T15:44:37,0.2,4362,1547350,1531805,0.3,0.00,7.27,0.00,33.94,0.00,0.00,0.00,1.0,95830.0,95350.0,0.0,0.0,0.5,0.0,64.197,0.000,0.0,683320.0
2026-08-31T15:44:38,0.2,4363,1547350,1531805,0.3,0.00,0.71,0.00,2.86,0.00,0.00,0.00,1.0,95830.0,95350.0,0.0,0.0,0.5,0.0,64.200,0.000,0.0,696034.5
2026-08-31T15:44:39,0.2,4363,1547350,1531805,0.3,0.00,1.00,0.00,4.00,0.00,0.00,0.00,1.0,95830.0,95350.0,0.0,0.0,0.5,0.0,64.216,0.000,0.0,696034.5
2026-08-31T15:44:40,0.2,4363,1547350,1531804,0.3,0.00,1.48,0.00,5.93,0.00,1.00,0.00,1.0,95830.0,95350.0,0.0,0.0,0.5,0.0,64.199,0.000,0.0,739680.5
2026-08-31T15:44:41,0.2,4363,1547350,1531805,0.3,0.00,1.57,0.00,6.27,0.00,0.00,0.00,1.0,95830.0,95350.0,0.0,0.0,0.5,0.0,64.186,0.000,0.0,739680.5
2026-08-31T15:44:41,0.2,4363,1547350,1531805,0.3,0.00,3.05,0.00,12.20,0.00,0.00,0.00,1.0,95830.0,95350.0,0.0,0.0,0.5,0.0,64.189,0.000,0.0,739624.5
2026-08-31T15:44:42,0.2,4363,1547350,1531804,0.3,0.00,2.13,0.00,8.53,0.00,0.00,0.00,1.0,95830.0,95350.0,0.0,0.0,0.5,0.0,64.197,0.000,0.0,691318.0
2026-08-31T15:44:43,0.2,4364,1547350,1531804,0.3,0.00,0.96,0.00,3.84,0.00,0.00,0.10,1.0,95830.0,95350.0,0.0,0.0,0.5,0.0,64.204,0.000,0.0,691318.0
2026-08-31T15:44:44,0.2,4364,1547350,1531804,0.3,0.00,1.10,0.00,4.40,0.00,0.00,0.00,1.0,95830.0,95350.0,0.0,0.0,0.5,0.0,64.207,0.000,0.0,725838.0
2026-08-31T15:44:45,0.2,4364,1547350,1531804,0.3,0.00,1.02,0.00,4.09,0.00,0.00,0.00,1.0,95830.0,95350.0,0.0,0.0,0.5,0.0,64.192,0.000,0.0,725838.0
2026-08-31T15:44:46,0.2,4363,1547350,1531804,0.3,0.00,1.04,0.00,4.16,0.00,0.00,0.00,1.0,95830.0,95350.0,0.0,0.0,0.5,0.0,64.194,0.000,0.0,727155.0
2026-08-31T15:44:46,0.2,4364,1547350,1531804,0.3,0.00,3.40,0.00,13.61,0.00,0.00,0.00,1.0,95830.0,95350.0,0.0,0.0,0.5,0.0,64.172,0.000,0.0,745752.5
2026-08-31T15:44:48,0.2,4364,1547350,1531804,0.3,0.00,6.86,0.00,59.07,0.00,0.11,0.00,1.0,95830.0,95350.0,0.0,0.0,0.5,0.0,64.194,0.000,0.0,666070.5
2026-08-31T15:44:49,0.2,4366,1547350,1531802,0.3,0.00,0.76,0.00,3.03,0.00,0.00,0.00,1.0,95830.0,95350.0,0.0,0.0,0.5,0.0,64.160,0.000,0.0,683367.5
2026-08-31T15:44:50,0.2,4365,1547350,1531803,0.3,0.00,0.94,0.00,3.76,0.00,0.00,0.00,1.0,95830.0,95350.0,0.0,0.0,0.5,0.0,64.174,0.000,0.0,683367.5
2026-08-31T15:44:51,0.2,4365,1547350,1531803,0.3,0.00,1.46,0.00,5.85,0.00,0.00,0.15,1.0,95830.0,95350.0,0.0,0.0,0.5,0.0,64.198,0.000,0.0,787431.5
2026-08-31T15:44:51,0.2,4365,1547350,1531802,0.3,0.00,1.47,0.00,5.87,0.00,0.00,0.00,1.0,95830.0,95350.0,0.0,0.0,0.5,0.0,64.209,0.000,0.0,661089.5
2026-08-31T15:44:53,0.2,4366,1547350,1531802,0.3,0.00,0.76,0.00,3.02,0.00,0.00,0.00,1.0,95830.0,95350.0,0.0,0.0,0.5,0.0,64.186,0.000,0.0,661089.5
2026-08-31T15:44:53,0.3,4366,1547350,1531801,0.3,0.00,2.69,0.00,10.75,0.00,0.00,0.00,1.0,95830.0,95350.0,0.0,0.0,0.5,0.0,64.160,0.000,0.0,661089.5
2026-08-31T15:44:54,0.3,4367,1547350,1531801,0.3,0.00,2.06,0.00,8.23,0.00,0.00,0.00,1.0,95830.0,95350.0,0.0,0.0,0.5,0.0,64.163,0.000,0.0,754248.5
2026-08-31T15:44:55,0.2,4367,1547350,1531801,0.3,0.00,0.95,0.00,3.80,0.00,0.00,0.00,1.0,95830.0,95350.0,0.0,0.0,0.5,0.0,64.174,0.000,0.0,672427.5
2026-08-31T15:44:56,0.2,4367,1547350,1531800,0.3,0.00,0.73,0.00,2.93,0.00,0.00,0.00,1.0,95830.0,95350.0,0.0,0.0,0.5,0.0,64.174,0.000,0.0,672427.5
2026-08-31T15:44:57,0.2,4368,1547350,1531800,0.3,0.00,1.34,0.00,5.35,0.00,0.00,0.00,1.0,95830.0,95350.0,0.0,0.0,0.5,0.0,64.183,0.000,0.0,721504.5
2026-08-31T15:44:58,0.2,4367,1547350,1531800,0.3,0.00,1.16,0.00,4.65,0.00,0.00,0.00,1.0,95830.0,95350.0,0.0,0.0,0.5,0.0,64.166,0.000,0.0,721504.5
2026-08-31T15:44:58,0.2,4368,1547350,1531799,0.3,0.00,1.04,0.00,4.16,0.00,0.00,0.00,1.0,95830.0,95350.0,0.0,0.0,0.5,0.0,64.166,0.000,0.0,720171.5
2026-08-31T15:44:59,0.2,4368,1547350,1531799,0.3,0.00,1.03,0.00,4.14,0.00,0.00,0.00,1.0,95830.0,95350.0,0.0,0.0,0.5,0.0,64.189,0.000,0.0,720171.5
2026-08-31T15:45:00,0.2,4368,1547350,1531799,0.3,0.00,1.11,0.00,4.45,0.00,0.00,0.00,1.0,95830.0,95350.0,0.0,0.0,0.5,0.0,64.174,0.000,0.0,683774.5
2026-08-31T15:45:02,0.3,4373,1547350,1531795,0.3,0.00,1.52,0.00,6.08,0.00,0.00,0.00,1.0,95830.0,95350.0,0.0,0.0,0.5,0.0,64.187,0.000,0.0,682930.0
2026-08-31T15:45:03,0.2,4372,1547350,1531796,0.3,0.00,0.83,0.00,3.33,0.00,0.00,0.00,1.0,95830.0,95350.0,0.0,0.0,0.5,0.0,64.186,0.000,0.0,662117.0
2026-08-31T15:45:04,0.2,4372,1547350,1531795,0.3,0.00,0.67,0.00,2.66,0.00,0.00,0.00,1.0,95830.0,95350.0,0.0,0.0,0.5,0.0,64.181,0.000,0.0,661785.0
2026-08-31T15:45:06,0.2,4374,1547350,1531794,0.3,0.00,0.75,0.00,2.99,0.00,0.00,0.00,1.0,95830.0,95350.0,0.0,0.0,0.5,0.0,64.160,0.000,0.0,691067.5
2026-08-31T15:45:07,0.2,4374,1547350,1531794,0.3,0.00,0.81,0.00,3.24,0.00,0.00,0.00,1.0,95830.0,95350.0,0.0,0.0,0.5,0.0,64.185,0.000,0.0,733247.5
2026-08-31T15:45:08,0.2,4374,1547350,1531793,0.3,0.00,0.79,0.00,3.15,0.00,1.00,0.08,1.0,95830.0,95350.0,0.0,0.0,0.5,0.0,64.169,0.000,0.0,723315.5
2026-08-31T15:45:10,0.2,4375,1547350,1531792,0.3,0.00,0.65,0.00,2.59,0.00,0.00,0.00,1.0,95830.0,95350.0,0.0,0.0,0.5,0.0,64.208,0.000,0.0,670628.5
2026-08-31T15:45:11,0.2,4374,1547350,1531793,0.3,0.00,0.87,0.00,3.47,0.00,0.00,0.00,1.0,95830.0,95350.0,0.0,0.0,0.5,0.0,64.207,0.000,0.0,670628.5
2026-08-31T15:45:12,0.3,4371,1547350,1531796,0.3,0.00,1.11,0.00,4.44,0.00,0.00,0.00,1.0,95830.0,95350.0,0.0,0.0,0.5,0.0,64.209,0.000,0.0,758287.5
2026-08-31T15:45:12,0.3,4372,1547350,1531796,0.3,0.00,5.25,0.00,31.50,0.00,0.00,0.26,1.0,95830.0,95350.0,0.0,0.0,0.5,0.0,64.213,0.000,0.0,758287.5
2026-08-31T15:45:13,0.3,4371,1547350,1531796,0.3,0.00,2.31,0.00,9.24,0.00,0.00,0.00,1.0,95830.0,95350.0,0.0,0.0,0.5,0.0,64.198,0.000,0.0,758287.5
2026-08-31T15:45:13,0.3,4371,1547350,1531797,0.3,0.00,2.59,0.00,10.36,0.00,0.00,0.00,1.0,95830.0,95350.0,0.0,0.0,0.5,0.0,64.169,0.000,0.0,774144.0
2026-08-31T15:45:14,0.2,4370,1547350,1531797,0.3,0.00,1.65,0.00,6.61,0.00,0.00,0.00,1.0,95830.0,95350.0,0.0,0.0,0.5,0.0,64.154,0.000,0.0,701225.0
2026-08-31T15:45:15,0.2,4372,1547350,1531796,0.3,0.00,0.72,0.00,2.88,0.00,0.00,0.00,1.0,95830.0,95350.0,0.0,0.0,0.5,0.0,64.166,0.000,0.0,660382.5
2026-08-31T15:45:17,0.2,4372,1547350,1531796,0.3,0.00,0.61,0.00,2.45,0.00,0.00,0.00,1.0,95830.0,95350.0,0.0,0.0,0.5,0.0,64.189,0.000,0.0,654392.0
2026-08-31T15:45:18,0.2,4373,1547350,1531795,0.3,0.00,1.87,0.00,15.56,0.00,0.00,0.00,1.0,95830.0,95350.0,0.0,0.0,0.5,0.0,64.194,0.000,0.0,765697.5
2026-08-31T15:45:19,0.2,4373,1547350,1531795,0.3,0.00,1.09,0.00,4.34,0.00,0.00,0.00,1.0,95830.0,95350.0,0.0,0.0,0.5,0.0,64.183,0.000,0.0,799485.0
2026-08-31T15:45:24,0.2,4372,1547350,1531795,0.3,0.00,0.21,0.00,0.85,0.00,0.00,0.02,1.0,95830.0,95350.0,0.0,0.0,0.5,0.0,64.167,0.000,0.0,621800.5
2026-08-31T15:45:25,0.2,4373,1547350,1531795,0.3,0.00,0.95,0.00,3.80,0.00,0.00,0.00,1.0,95830.0,95350.0,0.0,0.0,0.5,0.0,64.180,0.000,0.0,621800.5
2026-08-31T15:45:25,0.3,4373,1547350,1531795,0.3,0.00,2.27,0.00,9.09,0.00,0.00,0.00,1.0,95830.0,95350.0,0.0,0.0,0.5,0.0,64.172,0.000,0.0,751885.5
2026-08-31T15:45:26,0.2,4373,1547350,1531795,0.3,0.00,1.35,0.00,5.38,0.00,0.00,0.00,1.0,95830.0,95350.0,0.0,0.0,0.5,0.0,64.151,0.000,0.0,751885.5
2026-08-31T15:45:27,0.3,4372,1547350,1531796,0.3,0.00,2.30,0.00,9.20,0.00,1.00,0.00,1.0,95830.0,95350.0,0.0,0.0,0.5,0.0,64.166,0.000,0.0,742044.5
2026-08-31T15:45:28,0.2,4372,1547350,1531796,0.3,0.00,1.00,0.00,3.98,0.00,0.00,0.00,1.0,95830.0,95350.0,0.0,0.0,0.5,0.0,64.167,0.000,0.0,663761.0
2026-08-31T15:45:29,0.2,4372,1547350,1531795,0.3,0.00,0.73,0.00,2.92,0.00,0.00,0.00,1.0,95830.0,95350.0,0.0,0.0,0.5,0.0,64.200,0.000,0.0,679481.0
2026-08-31T15:45:30,0.2,4372,1547350,1531795,0.3,0.00,0.93,0.00,3.70,0.00,0.00,0.00,1.0,95830.0,95350.0,0.0,0.0,0.5,0.0,64.189,0.000,0.0,679481.0
2026-08-31T15:45:31,0.2,4372,1547350,1531796,0.3,0.00,1.10,0.00,4.39,0.00,0.00,0.00,1.0,95830.0,95350.0,0.0,0.0,0.5,0.0,64.172,0.000,0.0,702597.5
2026-08-31T15:45:32,0.3,4371,1547350,1531796,0.3,0.00,1.18,0.00,4.71,0.00,0.00,0.00,1.0,95830.0,95350.0,0.0,0.0,0.5,0.0,64.165,0.000,0.0,702597.5
2026-08-31T15:45:33,0.2,4372,1547350,1531796,0.3,0.00,1.31,0.00,5.22,0.00,0.00,0.00,1.0,95830.0,95350.0,0.0,0.0,0.5,0.0,64.190,0.000,0.0,765215.0
2026-08-31T15:45:33,0.3,4373,1547350,1531795,0.3,0.00,15.38,0.00,61.54,0.00,0.00,0.00,1.0,95830.0,95350.0,0.0,0.0,0.5,0.0,64.184,0.000,0.0,683210.0
2026-08-31T15:45:34,0.2,4372,1547350,1531796,0.3,0.00,0.86,0.00,3.46,0.00,0.00,0.00,1.0,95830.0,95350.0,0.0,0.0,0.5,0.0,64.185,0.000,0.0,683210.0
2026-08-31T15:45:36,0.2,4372,1547350,1531795,0.3,0.00,0.67,0.00,2.70,0.00,0.00,0.00,1.0,95830.0,95350.0,0.0,0.0,0.5,0.0,64.189,0.000,0.0,678116.0
2026-08-31T15:45:37,0.2,4372,1547350,1531796,0.3,0.00,0.84,0.00,3.36,0.00,1.00,0.00,1.0,95830.0,95350.0,0.0,0.0,0.5,0.0,64.197,0.000,0.0,678116.0
2026-08-31T15:45:37,0.3,4373,1547350,1531795,0.3,0.00,1.78,0.00,7.12,0.00,0.00,0.00,1.0,95830.0,95350.0,0.0,0.0,0.5,0.0,64.192,0.000,0.0,793328.5
2026-08-31T15:45:38,0.2,4372,1547350,1531795,0.3,0.00,1.15,0.00,4.59,0.00,0.00,0.00,1.0,95830.0,95350.0,0.0,0.0,0.5,0.0,64.192,0.000,0.0,793328.5
2026-08-31T15:45:39,0.3,4373,1547350,1531795,0.3,0.00,2.31,0.00,9.24,0.00,0.00,0.23,1.0,95830.0,95350.0,0.0,0.0,0.5,0.0,64.180,0.000,0.0,753497.5
2026-08-31T15:45:40,0.2,4373,1547350,1531795,0.3,0.00,1.13,0.00,4.52,0.00,0.00,0.00,1.0,95830.0,95350.0,0.0,0.0,0.5,0.0,64.188,0.000,0.0,753497.5
2026-08-31T15:45:40,0.3,4373,1547350,1531794,0.3,0.00,3.38,0.00,13.51,0.00,0.00,0.00,1.0,95830.0,95350.0,0.0,0.0,0.5,0.0,64.203,0.000,0.0,753497.5
2026-08-31T15:45:40,0.2,4373,1547350,1531795,0.3,0.00,3.15,0.00,12.62,0.00,0.00,0.00,1.0,95830.0,95350.0,0.0,0.0,0.5,0.0,64.193,0.000,0.0,887516.5
2026-08-31T15:45:41,0.2,4373,1547350,1531795,0.3,0.00,1.89,0.00,7.56,0.00,0.00,0.00,1.0,95830.0,95350.0,0.0,0.0,0.5,0.0,64.192,0.000,0.0,735683.0
2026-08-31T15:45:46,0.2,4374,1547350,1531794,0.3,0.00,0.55,0.00,2.20,0.00,0.00,0.00,1.0,95830.0,95350.0,0.0,0.0,0.5,0.0,64.179,0.000,0.0,615683.0
2026-08-31T15:45:48,0.2,4374,1547350,1531794,0.3,0.00,0.63,0.00,2.50,0.00,0.00,0.00,1.0,95830.0,95350.0,0.0,0.0,0.5,0.0,64.174,0.000,0.0,615683.0
2026-08-31T15:45:48,0.2,4374,1547350,1531793,0.3,0.00,29.23,0.00,245.30,0.00,0.07,0.00,1.0,95830.0,95350.0,0.0,0.0,0.5,0.0,64.150,0.000,0.0,615683.0
2026-08-31T15:45:49,0.2,4374,1547350,1531793,0.3,0.00,1.94,0.00,7.77,0.00,0.00,0.00,1.0,95830.0,95350.0,0.0,0.0,0.5,0.0,64.165,0.000,0.0,775919.5
2026-08-31T15:45:49,0.2,4374,1547350,1531794,0.3,0.00,1.80,0.00,7.21,0.00,0.00,0.00,1.0,95830.0,95350.0,0.0,0.0,0.5,0.0,64.168,0.000,0.0,775919.5
2026-08-31T15:45:50,0.2,4373,1547350,1531794,0.3,0.00,2.04,0.00,8.18,0.00,0.00,0.00,1.0,95830.0,95350.0,0.0,0.0,0.5,0.0,64.184,0.000,0.0,791633.0
2026-08-31T15:45:50,0.2,4374,1547350,1531793,0.3,0.00,1.63,0.00,6.50,0.00,0.00,0.16,1.0,95830.0,95350.0,0.0,0.0,0.5,0.0,64.195,0.000,0.0,692894.5
2026-08-31T15:45:52,0.2,4374,1547350,1531794,0.3,0.00,0.73,0.00,2.92,0.00,1.00,0.00,1.0,95830.0,95350.0,0.0,0.0,0.5,0.0,64.150,0.000,0.0,692894.5
2026-08-31T15:45:52,0.2,4374,1547350,1531793,0.3,0.00,1.68,0.00,6.72,0.00,0.00,0.00,1.0,95830.0,95350.0,0.0,0.0,0.5,0.0,64.189,0.000,0.0,731493.0
2026-08-31T15:45:53,0.2,4374,1547350,1531793,0.3,0.00,1.72,0.00,6.86,0.00,0.00,0.00,1.0,95830.0,95350.0,0.0,0.0,0.5,0.0,64.166,0.000,0.0,684635.0
2026-08-31T15:45:54,0.2,4374,1547350,1531793,0.3,0.00,1.03,0.00,4.12,0.00,0.00,0.00,1.0,95830.0,95350.0,0.0,0.0,0.5,0.0,64.165,0.000,0.0,684635.0
2026-08-31T15:45:54,0.3,4374,1547350,1531794,0.3,0.00,3.12,0.00,12.46,0.00,0.00,0.00,1.0,95830.0,95350.0,0.0,0.0,0.5,0.0,64.193,0.000,0.0,739442.5
2026-08-31T15:45:55,0.2,4374,1547350,1531794,0.3,0.00,0.89,0.00,3.56,0.00,0.00,0.00,1.0,95830.0,95350.0,0.0,0.0,0.5,0.0,64.174,0.000,0.0,739442.5
2026-08-31T15:45:56,0.2,4373,1547350,1531794,0.3,0.00,0.99,0.00,3.98,0.00,0.00,0.00,1.0,95830.0,95350.0,0.0,0.0,0.5,0.0,64.183,0.000,0.0,705936.0
2026-08-31T15:45:57,0.2,4374,1547350,1531794,0.3,0.00,1.66,0.00,6.66,0.00,0.00,0.00,1.0,95830.0,95350.0,0.0,0.0,0.5,0.0,64.171,0.000,0.0,705936.0
2026-08-31T15:45:58,0.2,4374,1547350,1531793,0.3,0.00,1.46,0.00,5.82,0.00,0.00,0.00,1.0,95830.0,95350.0,0.0,0.0,0.5,0.0,64.167,0.000,0.0,753602.0
2026-08-31T15:45:58,0.2,4373,1547350,1531794,0.3,0.00,2.94,0.00,11.76,0.00,0.00,0.00,1.0,95830.0,95350.0,0.0,0.0,0.5,0.0,64.171,0.000,0.0,753602.0
2026-08-31T15:45:59,0.3,4373,1547350,1531794,0.3,0.00,0.98,0.00,3.91,0.00,0.00,0.00,1.0,95830.0,95350.0,0.0,0.0,0.5,0.0,64.151,0.000,0.0,622117.0
2026-08-31T15:46:08,0.5,4449,1547350,1531719,0.3,0.00,0.22,0.00,1.33,0.00,0.00,0.00,1.0,95830.0,95350.0,0.0,0.0,0.5,0.0,64.157,0.000,0.0,622117.0
2026-08-31T15:46:09,0.2,4450,1547350,1531718,0.3,0.00,1.41,0.00,5.66,0.00,0.00,0.00,1.0,95830.0,95350.0,0.0,0.0,0.5,0.0,64.138,0.000,0.0,774365.0
2026-08-31T15:46:09,0.9,4450,1547350,1531718,0.3,0.00,3.00,0.00,12.01,0.00,0.00,0.00,1.0,95830.0,95350.0,0.0,0.0,0.5,0.0,64.135,0.000,0.0,774365.0
2026-08-31T15:46:10,1.2,4451,1547350,1531716,0.3,0.00,1455.04,0.00,17267.99,0.00,0.08,1.80,1.0,95830.0,95350.0,0.0,0.0,0.5,0.0,64.150,0.000,0.0,726381.0
2026-08-31T15:46:11,1.3,4461,1547350,1531706,0.3,0.00,101.35,0.00,1370.50,0.00,0.12,0.23,1.0,95830.0,95350.0,0.0,0.0,0.5,0.0,64.183,0.000,0.0,726381.0
2026-08-31T15:46:12,1.1,4476,1547350,1531691,0.3,0.00,1.20,0.00,4.80,0.00,0.00,0.00,1.0,95830.0,95350.0,0.0,0.0,0.5,0.0,64.165,0.000,0.0,701006.5
2026-08-31T15:46:14,1.2,4497,1547350,1531671,0.3,0.00,3.08,0.00,42.86,0.00,0.17,0.00,1.0,95830.0,95350.0,0.0,0.0,0.5,0.0,64.165,0.000,0.0,640087.5
2026-08-31T15:46:15,1.2,4527,1547350,1531640,0.3,0.00,0.65,0.00,2.61,0.00,0.00,0.00,1.0,95830.0,95350.0,0.0,0.0,0.5,0.0,64.172,0.000,0.0,640087.5
2026-08-31T15:46:16,1.2,4528,1547350,1531640,0.3,0.00,30.74,0.00,319.67,0.00,0.03,0.00,1.0,95830.0,95350.0,0.0,0.0,0.5,0.0,64.159,0.000,0.0,700073.5
2026-08-31T15:46:17,0.8,4393,1547350,1531774,0.3,0.00,9.52,0.00,829.63,0.00,0.11,0.11,1.0,95830.0,95350.0,0.0,0.0,0.5,0.0,64.193,0.000,0.0,615760.0
2026-08-31T15:46:23,0.2,4391,1547350,1531777,0.3,0.00,13.54,0.00,135.54,0.00,0.16,0.03,1.0,95830.0,95350.0,0.0,0.0,0.5,0.0,64.150,0.000,0.0,615760.0
2026-08-31T15:46:24,0.2,4390,1547350,1531777,0.3,0.00,1.23,0.00,4.91,0.00,0.00,0.00,1.0,95830.0,95350.0,0.0,0.0,0.5,0.0,64.160,0.000,0.0,680987.0
2026-08-31T15:46:33,0.2,4388,1547350,1531779,0.3,0.00,0.68,0.00,5.90,0.00,0.17,0.00,1.0,95830.0,95350.0,0.0,0.0,0.5,0.0,64.164,0.000,0.0,611001.5
2026-08-31T15:46:35,0.2,4389,1547350,1531779,0.3,0.00,0.56,0.00,2.23,0.00,0.00,0.00,1.0,95830.0,95350.0,0.0,0.0,0.5,0.0,64.169,0.000,0.0,638492.0
2026-08-31T15:46:37,0.2,4389,1547350,1531778,0.3,0.00,0.41,0.00,1.62,0.00,0.00,0.00,1.0,95830.0,95350.0,0.0,0.0,0.5,0.0,64.180,0.000,0.0,638492.0
2026-08-31T15:46:38,0.2,4388,1547350,1531779,0.3,0.00,1.79,0.00,7.16,0.00,0.00,0.00,1.0,95830.0,95350.0,0.0,0.0,0.5,0.0,64.161,0.000,0.0,709556.5
2026-08-31T15:46:39,0.2,4388,1547350,1531779,0.3,0.00,1.26,0.00,5.05,0.00,0.00,0.00,1.0,95830.0,95350.0,0.0,0.0,0.5,0.0,64.148,0.000,0.0,709556.5
2026-08-31T15:46:39,0.2,4388,1547350,1531780,0.3,0.00,65.07,0.00,2050.46,0.00,0.37,0.13,1.0,95830.0,95350.0,0.0,0.0,0.5,0.0,64.146,0.000,0.0,777309.5
2026-08-31T15:46:40,0.3,4388,1547350,1531780,0.3,0.00,1.69,0.00,6.77,0.00,1.00,0.00,1.0,95830.0,95350.0,0.0,0.0,0.5,0.0,64.180,0.000,0.0,777309.5
2026-08-31T15:46:41,0.2,4385,1547350,1531783,0.3,0.00,1.05,0.00,4.19,0.00,0.00,0.00,1.0,95830.0,95350.0,0.0,0.0,0.5,0.0,64.162,0.000,0.0,703562.0
2026-08-31T15:46:42,0.2,4384,1547350,1531784,0.3,0.00,1.25,0.00,5.01,0.00,0.00,0.00,1.0,95830.0,95350.0,0.0,0.0,0.5,0.0,64.148,0.000,0.0,703562.0
2026-08-31T15:46:42,0.2,4385,1547350,1531782,0.3,0.00,1.82,0.00,7.27,0.00,0.00,0.00,1.0,95830.0,95350.0,0.0,0.0,0.5,0.0,64.157,0.000,0.0,748685.5
2026-08-31T15:46:46,0.2,4385,1547350,1531783,0.3,0.00,23.14,0.00,196.97,0.00,0.14,0.03,1.0,95830.0,95350.0,0.0,0.0,0.5,0.0,64.141,0.000,0.0,636418.5
2026-08-31T15:46:46,0.3,4384,1547350,1531783,0.3,0.00,1.63,0.00,6.54,0.00,0.00,0.00,1.0,95830.0,95350.0,0.0,0.0,0.5,0.0,64.174,0.000,0.0,636418.5
2026-08-31T15:46:47,0.2,4383,1547350,1531784,0.3,0.00,1.12,0.00,4.46,0.00,0.00,0.00,1.0,95830.0,95350.0,0.0,0.0,0.5,0.0,64.162,0.000,0.0,710294.5
2026-08-31T15:46:48,0.3,4383,1547350,1531785,0.3,0.00,2.38,0.00,9.52,0.00,0.00,0.00,1.0,95830.0,95350.0,0.0,0.0,0.5,0.0,64.152,0.000,0.0,720925.5
2026-08-31T15:46:49,0.2,4382,1547350,1531785,0.3,0.00,6.16,0.00,80.47,0.00,0.14,0.00,1.0,95830.0,95350.0,0.0,0.0,0.5,0.0,64.169,0.000,0.0,720925.5
2026-08-31T15:46:50,0.2,4382,1547350,1531786,0.3,0.00,2.18,0.00,8.73,0.00,0.00,0.00,1.0,95830.0,95350.0,0.0,0.0,0.5,0.0,64.172,0.000,0.0,733687.0
2026-08-31T15:46:50,0.3,4382,1547350,1531786,0.3,0.00,2.50,0.00,10.00,0.00,0.00,0.00,1.0,95830.0,95350.0,0.0,0.0,0.5,0.0,64.136,0.000,0.0,690783.5
2026-08-31T15:46:51,0.2,4383,1547350,1531785,0.3,0.00,0.95,0.00,3.80,0.00,0.00,0.00,1.0,95830.0,95350.0,0.0,0.0,0.5,0.0,64.154,0.000,0.0,690783.5
2026-08-31T15:46:52,0.2,4381,1547350,1531786,0.3,0.00,1.19,0.00,4.77,0.00,0.00,0.00,1.0,95830.0,95350.0,0.0,0.0,0.5,0.0,64.159,0.000,0.0,702901.5
2026-08-31T15:46:53,0.2,4382,1547350,1531786,0.3,0.00,0.87,0.00,3.47,0.00,0.00,0.00,1.0,95830.0,95350.0,0.0,0.0,0.5,0.0,64.171,0.000,0.0,668569.5
2026-08-31T15:46:54,0.2,4383,1547350,1531784,0.3,0.00,0.78,0.00,3.11,0.00,0.00,0.00,1.0,95830.0,95350.0,0.0,0.0,0.5,0.0,64.156,0.000,0.0,679976.0
2026-08-31T15:46:55,0.2,4383,1547350,1531785,0.3,0.00,0.99,0.00,3.98,0.00,0.00,0.00,1.0,95830.0,95350.0,0.0,0.0,0.5,0.0,64.189,0.000,0.0,679976.0
2026-08-31T15:46:56,0.2,4382,1547350,1531785,0.3,0.00,1.13,0.00,4.52,0.00,0.00,0.00,1.0,95830.0,95350.0,0.0,0.0,0.5,0.0,64.159,0.000,0.0,710962.5
2026-08-31T15:46:58,0.2,4383,1547350,1531785,0.3,0.00,0.76,0.00,3.04,0.00,0.00,0.00,1.0,95830.0,95350.0,0.0,0.0,0.5,0.0,64.178,0.000,0.0,670632.0
2026-08-31T15:46:59,0.2,4383,1547350,1531785,0.3,0.00,0.70,0.00,2.81,0.00,0.00,0.00,1.0,95830.0,95350.0,0.0,0.0,0.5,0.0,64.157,0.000,0.0,661069.5
2026-08-31T15:47:00,0.2,4387,1547350,1531781,0.3,0.00,0.71,0.00,2.85,0.00,0.00,0.00,1.0,95830.0,95350.0,0.0,0.0,0.5,0.0,64.153,0.000,0.0,661069.5
2026-08-31T15:47:01,0.3,4387,1547350,1531780,0.3,0.00,1.27,0.00,5.09,0.00,0.00,0.00,1.0,95830.0,95350.0,0.0,0.0,0.5,0.0,64.152,0.000,0.0,708593.5
2026-08-31T15:47:02,0.2,4389,1547350,1531779,0.3,0.00,0.79,0.00,3.17,0.00,0.00,0.00,1.0,95830.0,95350.0,0.0,0.0,0.5,0.0,64.148,0.000,0.0,670228.5
2026-08-31T15:47:04,0.2,4390,1547350,1531778,0.3,0.00,0.76,0.00,3.05,0.00,0.00,0.00,1.0,95830.0,95350.0,0.0,0.0,0.5,0.0,64.154,0.000,0.0,668339.5
2026-08-31T15:47:05,0.2,4389,1547350,1531778,0.3,0.00,0.73,0.00,2.90,0.00,0.00,0.00,1.0,95830.0,95350.0,0.0,0.0,0.5,0.0,64.148,0.000,0.0,668006.0
2026-08-31T15:47:06,0.2,4389,1547350,1531779,0.3,0.00,0.74,0.00,2.97,0.00,1.00,0.00,1.0,95830.0,95350.0,0.0,0.0,0.5,0.0,64.178,0.000,0.0,720299.0
2026-08-31T15:47:08,0.2,4389,1547350,1531779,0.3,0.00,0.78,0.00,3.12,0.00,0.00,0.00,1.0,95830.0,95350.0,0.0,0.0,0.5,0.0,64.142,0.000,0.0,670216.0
2026-08-31T15:47:09,0.2,4390,1547350,1531778,0.3,0.00,0.70,0.00,2.81,0.00,0.00,0.00,1.0,95830.0,95350.0,0.0,0.0,0.5,0.0,64.150,0.000,0.0,708705.5
2026-08-31T15:47:10,0.2,4389,1547350,1531778,0.3,0.00,1.06,0.00,4.25,0.00,0.00,0.00,1.0,95830.0,95350.0,0.0,0.0,0.5,0.0,64.158,0.000,0.0,708705.5
2026-08-31T15:47:11,0.3,4385,1547350,1531782,0.3,0.00,1.48,0.00,5.93,0.00,0.00,0.00,1.0,95830.0,95350.0,0.0,0.0,0.5,0.0,64.205,0.000,0.0,735874.5
2026-08-31T15:47:11,0.3,4386,1547350,1531782,0.3,0.00,1.64,0.00,6.56,0.00,0.00,0.00,1.0,95830.0,95350.0,0.0,0.0,0.5,0.0,64.150,0.000,0.0,698168.5
2026-08-31T15:47:13,0.2,4386,1547350,1531781,0.3,0.00,0.70,0.00,2.80,0.00,0.00,0.00,1.0,95830.0,95350.0,0.0,0.0,0.5,0.0,64.155,0.000,0.0,671016.5
2026-08-31T15:47:14,0.2,4387,1547350,1531781,0.3,0.00,0.70,0.00,2.81,0.00,0.00,0.00,1.0,95830.0,95350.0,0.0,0.0,0.5,0.0,64.167,0.000,0.0,658855.0
2026-08-31T15:47:16,0.2,4386,1547350,1531781,0.3,0.00,1.36,0.00,5.44,0.00,0.00,0.00,1.0,95830.0,95350.0,0.0,0.0,0.5,0.0,64.146,0.000,0.0,654986.5
2026-08-31T15:47:17,0.2,4387,1547350,1531781,0.3,0.00,0.60,0.00,2.39,0.00,0.00,0.00,1.0,95830.0,95350.0,0.0,0.0,0.5,0.0,64.168,0.000,0.0,653277.0
2026-08-31T15:47:18,0.2,4388,1547350,1531780,0.3,0.00,32.54,0.00,231.10,0.00,0.12,0.00,1.0,95830.0,95350.0,0.0,0.0,0.5,0.0,64.148,0.000,0.0,693178.0
2026-08-31T15:47:20,0.2,4387,1547350,1531780,0.3,0.00,1.86,0.00,7.43,0.00,0.00,0.00,1.0,95830.0,95350.0,0.0,0.0,0.5,0.0,64.122,0.000,0.0,655897.5
2026-08-31T15:47:21,0.2,4388,1547350,1531780,0.3,0.00,0.71,0.00,2.86,0.00,0.00,0.00,1.0,95830.0,95350.0,0.0,0.0,0.5,0.0,64.149,0.000,0.0,655897.5
2026-08-31T15:47:22,0.2,4388,1547350,1531780,0.3,0.00,1.24,0.00,4.96,0.00,0.00,0.00,1.0,95830.0,95350.0,0.0,0.0,0.5,0.0,64.154,0.000,0.0,685304.0
2026-08-31T15:47:24,0.2,4387,1547350,1531781,0.3,0.00,0.66,0.00,2.63,0.00,0.00,0.00,1.0,95830.0,95350.0,0.0,0.0,0.5,0.0,64.150,0.000,0.0,701997.0
2026-08-31T15:47:25,0.2,4387,1547350,1531781,0.3,0.00,1.12,0.00,4.47,0.00,0.00,0.00,1.0,95830.0,95350.0,0.0,0.0,0.5,0.0,64.175,0.000,0.0,701997.0
2026-08-31T15:47:26,0.2,4387,1547350,1531781,0.3,0.00,1.26,0.00,5.04,0.00,0.00,0.00,1.0,95830.0,95350.0,0.0,0.0,0.5,0.0,64.198,0.000,0.0,958725.0
2026-08-31T15:47:26,0.3,4386,1547350,1531782,0.3,0.00,1.52,0.00,6.09,0.00,0.00,0.00,1.0,95830.0,95350.0,0.0,0.0,0.5,0.0,64.154,0.000,0.0,958725.0
2026-08-31T15:47:27,0.2,4386,1547350,1531782,0.3,0.00,1.36,0.00,5.46,0.00,0.00,0.00,1.0,95830.0,95350.0,0.0,0.0,0.5,0.0,64.174,0.000,0.0,713819.5
2026-08-31T15:47:29,0.2,4386,1547350,1531781,0.3,0.00,0.62,0.00,2.46,0.00,1.00,0.00,1.0,95830.0,95350.0,0.0,0.0,0.5,0.0,64.181,0.000,0.0,691852.5
2026-08-31T15:47:30,0.2,4387,1547350,1531780,0.3,0.00,0.98,0.00,3.91,0.00,0.00,0.00,1.0,95830.0,95350.0,0.0,0.0,0.5,0.0,64.146,0.000,0.0,691852.5
2026-08-31T15:47:30,0.2,4388,1547350,1531780,0.3,0.00,1.58,0.00,6.33,0.00,0.00,0.16,1.0,95830.0,95350.0,0.0,0.0,0.5,0.0,64.153,0.000,0.0,703630.5
2026-08-31T15:47:31,0.2,4387,1547350,1531780,0.3,0.00,0.83,0.00,3.31,0.00,0.00,0.00,1.0,95830.0,95350.0,0.0,0.0,0.5,0.0,64.164,0.000,0.0,703630.5
2026-08-31T15:47:32,0.2,4388,1547350,1531780,0.3,0.00,1.23,0.00,4.93,0.00,0.00,0.00,1.0,95830.0,95350.0,0.0,0.0,0.5,0.0,64.153,0.000,0.0,714021.0
2026-08-31T15:47:33,0.2,4388,1547350,1531779,0.3,0.00,1.37,0.00,5.47,0.00,0.00,0.00,1.0,95830.0,95350.0,0.0,0.0,0.5,0.0,64.141,0.000,0.0,714021.0
2026-08-31T15:47:33,0.3,4388,1547350,1531780,0.3,0.00,2.10,0.00,8.40,0.00,0.00,0.00,1.0,95830.0,95350.0,0.0,0.0,0.5,0.0,64.175,0.000,0.0,706718.5
2026-08-31T15:47:35,0.2,4388,1547350,1531780,0.3,0.00,0.76,0.00,3.02,0.00,0.00,0.00,1.0,95830.0,95350.0,0.0,0.0,0.5,0.0,64.174,0.000,0.0,706718.5
2026-08-31T15:47:35,0.3,4387,1547350,1531780,0.3,0.00,2.31,0.00,9.24,0.00,0.00,0.00,1.0,95830.0,95350.0,0.0,0.0,0.5,0.0,64.182,0.000,0.0,706718.5
2026-08-31T15:47:35,0.2,4387,1547350,1531780,0.3,0.00,17.12,0.00,68.49,0.00,0.00,0.00,1.0,95830.0,95350.0,0.0,0.0,0.5,0.0,64.165,0.000,0.0,810511.0
2026-08-31T15:47:36,0.3,4387,1547350,1531780,0.3,0.00,1.88,0.00,7.53,0.00,0.00,0.00,1.0,95830.0,95350.0,0.0,0.0,0.5,0.0,64.151,0.000,0.0,810511.0
2026-08-31T15:47:37,0.2,4388,1547350,1531780,0.3,0.00,1.76,0.00,7.04,0.00,0.00,0.00,1.0,95830.0,95350.0,0.0,0.0,0.5,0.0,64.155,0.000,0.0,810511.0
2026-08-31T15:47:37,0.3,4388,1547350,1531780,0.3,0.00,2.40,0.00,9.59,0.00,0.00,0.00,1.0,95830.0,95350.0,0.0,0.0,0.5,0.0,64.160,0.000,0.0,778403.5
2026-08-31T15:47:38,0.2,4387,1547350,1531781,0.3,0.00,1.38,0.00,5.52,0.00,0.00,0.00,1.0,95830.0,95350.0,0.0,0.0,0.5,0.0,64.165,0.000,0.0,778403.5
2026-08-31T15:47:39,0.2,4387,1547350,1531781,0.3,0.00,1.11,0.00,4.44,0.00,0.00,0.00,1.0,95830.0,95350.0,0.0,0.0,0.5,0.0,64.147,0.000,0.0,691335.5
2026-08-31T15:47:40,0.2,4386,1547350,1531781,0.3,0.00,0.98,0.00,3.91,0.00,0.00,0.00,1.0,95830.0,95350.0,0.0,0.0,0.5,0.0,64.137,0.000,0.0,691335.5
2026-08-31T15:47:40,0.2,4386,1547350,1531782,0.3,0.00,1.76,0.00,7.05,0.00,1.00,0.00,1.0,95830.0,95350.0,0.0,0.0,0.5,0.0,64.133,0.000,0.0,837051.0
2026-08-31T15:47:41,0.2,4386,1547350,1531782,0.3,0.00,3.06,0.00,12.23,0.00,0.00,0.00,1.0,95830.0,95350.0,0.0,0.0,0.5,0.0,64.174,0.000,0.0,691567.5
2026-08-31T15:47:42,0.2,4386,1547350,1531782,0.3,0.00,0.95,0.00,3.78,0.00,0.00,0.00,1.0,95830.0,95350.0,0.0,0.0,0.5,0.0,64.189,0.000,0.0,691567.5
2026-08-31T15:47:42,0.2,4387,1547350,1531780,0.3,0.00,2.18,0.00,8.71,0.00,0.00,0.00,1.0,95830.0,95350.0,0.0,0.0,0.5,0.0,64.195,0.000,0.0,728665.0
2026-08-31T15:47:43,0.2,4388,1547350,1531780,0.3,0.00,0.87,0.00,3.50,0.00,0.00,0.00,1.0,95830.0,95350.0,0.0,0.0,0.5,0.0,64.159,0.000,0.0,679054.5
2026-08-31T15:47:45,0.2,4387,1547350,1531780,0.3,0.00,0.88,0.00,3.50,0.00,0.00,0.00,1.0,95830.0,95350.0,0.0,0.0,0.5,0.0,64.153,0.000,0.0,679054.5
2026-08-31T15:47:45,0.2,4388,1547350,1531780,0.3,0.00,2.55,0.00,10.20,0.00,0.00,0.00,1.0,95830.0,95350.0,0.0,0.0,0.5,0.0,64.159,0.000,0.0,711707.0
2026-08-31T15:47:46,0.2,4388,1547350,1531780,0.3,0.00,1.25,0.00,4.99,0.00,0.00,0.00,1.0,95830.0,95350.0,0.0,0.0,0.5,0.0,64.145,0.000,0.0,711707.0
2026-08-31T15:47:47,0.2,4387,1547350,1531780,0.3,0.00,2.64,0.00,10.55,0.00,0.00,0.26,1.0,95830.0,95350.0,0.0,0.0,0.5,0.0,64.170,0.000,0.0,711707.0
2026-08-31T15:47:47,0.3,4387,1547350,1531780,0.3,0.00,3.12,0.00,12.50,0.00,0.00,0.00,1.0,95830.0,95350.0,0.0,0.0,0.5,0.0,64.160,0.000,0.0,744380.0
2026-08-31T15:47:48,0.2,4388,1547350,1531780,0.3,0.00,0.85,0.00,3.38,0.00,0.00,0.00,1.0,95830.0,95350.0,0.0,0.0,0.5,0.0,64.136,0.000,0.0,688002.5
2026-08-31T15:47:49,0.2,4388,1547350,1531780,0.3,0.00,6.18,0.00,57.92,0.00,0.12,0.00,1.0,95830.0,95350.0,0.0,0.0,0.5,0.0,64.138,0.000,0.0,688002.5
2026-08-31T15:47:50,0.3,4388,1547350,1531780,0.3,0.00,2.04,0.00,8.16,0.00,0.00,0.00,1.0,95830.0,95350.0,0.0,0.0,0.5,0.0,64.155,0.000,0.0,693574.5
2026-08-31T15:47:51,0.2,4387,1547350,1531780,0.3,0.00,2.13,0.00,8.50,0.00,0.00,0.00,1.0,95830.0,95350.0,0.0,0.0,0.5,0.0,64.154,0.000,0.0,693574.5
2026-08-31T15:47:51,0.3,4387,1547350,1531781,0.3,0.00,2.33,0.00,9.32,0.00,0.00,0.00,1.0,95830.0,95350.0,0.0,0.0,0.5,0.0,64.163,0.000,0.0,693574.5
2026-08-31T15:47:52,0.2,4386,1547350,1531781,0.3,0.00,1.64,0.00,6.58,0.00,0.00,0.00,1.0,95830.0,95350.0,0.0,0.0,0.5,0.0,64.163,0.000,0.0,834211.5
2026-08-31T15:47:53,0.2,4387,1547350,1531781,0.3,0.00,1.13,0.00,4.53,0.00,0.00,0.00,1.0,95830.0,95350.0,0.0,0.0,0.5,0.0,64.161,0.000,0.0,834211.5
2026-08-31T15:47:54,0.2,4387,1547350,1531780,0.3,0.00,1.19,0.00,4.76,0.00,0.00,0.00,1.0,95830.0,95350.0,0.0,0.0,0.5,0.0,64.171,0.000,0.0,691720.5
2026-08-31T15:47:55,0.2,4387,1547350,1531780,0.3,0.00,0.87,0.00,3.46,0.00,0.00,0.00,1.0,95830.0,95350.0,0.0,0.0,0.5,0.0,64.143,0.000,0.0,683680.0
2026-08-31T15:47:56,0.2,4387,1547350,1531780,0.3,0.00,0.88,0.00,3.50,0.00,0.00,0.00,1.0,95830.0,95350.0,0.0,0.0,0.5,0.0,64.145,0.000,0.0,683680.0
2026-08-31T15:47:56,0.3,4388,1547350,1531780,0.3,0.00,1.74,0.00,6.97,0.00,0.00,0.00,1.0,95830.0,95350.0,0.0,0.0,0.5,0.0,64.153,0.000,0.0,683680.0
2026-08-31T15:47:57,0.3,4388,1547350,1531780,0.3,0.00,2.97,0.00,11.87,0.00,0.00,0.00,1.0,95830.0,95350.0,0.0,0.0,0.5,0.0,64.181,0.000,0.0,818354.0
2026-08-31T15:47:57,0.2,4388,1547350,1531780,0.3,0.00,2.01,0.00,8.03,0.00,0.00,0.00,1.0,95830.0,95350.0,0.0,0.0,0.5,0.0,64.170,0.000,0.0,818354.0
2026-08-31T15:47:58,0.2,4387,1547350,1531780,0.3,0.00,1.28,0.00,5.12,0.00,0.00,0.00,1.0,95830.0,95350.0,0.0,0.0,0.5,0.0,64.184,0.000,0.0,727112.0
2026-08-31T15:47:59,0.2,4386,1547350,1531781,0.3,0.00,1.79,0.00,7.17,0.00,0.00,0.00,1.0,95830.0,95350.0,0.0,0.0,0.5,0.0,64.150,0.000,0.0,727112.0
2026-08-31T15:47:59,0.2,4387,1547350,1531781,0.3,0.00,1.46,0.00,5.86,0.00,0.00,0.00,1.0,95830.0,95350.0,0.0,0.0,0.5,0.0,64.157,0.000,0.0,749550.5
2026-08-31T15:48:00,0.2,4387,1547350,1531780,0.3,0.00,1.51,0.00,6.04,0.00,0.00,0.00,1.0,95830.0,95350.0,0.0,0.0,0.5,0.0,64.156,0.000,0.0,749550.5
2026-08-31T15:48:00,0.2,4392,1547350,1531775,0.3,0.00,2.02,0.00,8.06,0.00,0.00,0.00,1.0,95830.0,95350.0,0.0,0.0,0.5,0.0,64.147,0.000,0.0,701290.0
2026-08-31T15:48:02,0.3,4394,1547350,1531774,0.3,0.00,0.84,0.00,3.36,0.00,0.00,0.08,1.0,95830.0,95350.0,0.0,0.0,0.5,0.0,64.156,0.000,0.0,675952.0
2026-08-31T15:48:03,0.2,4394,1547350,1531773,0.3,0.00,0.86,0.00,3.44,0.00,0.00,0.00,1.0,95830.0,95350.0,0.0,0.0,0.5,0.0,64.126,0.000,0.0,692921.0
2026-08-31T15:48:04,0.2,4394,1547350,1531774,0.3,0.00,0.98,0.00,3.91,0.00,1.00,0.00,1.0,95830.0,95350.0,0.0,0.0,0.5,0.0,64.154,0.000,0.0,684581.5
2026-08-31T15:48:05,0.2,4394,1547350,1531774,0.3,0.00,0.75,0.00,2.99,0.00,0.00,0.00,1.0,95830.0,95350.0,0.0,0.0,0.5,0.0,64.151,0.000,0.0,684581.5
2026-08-31T15:48:06,0.2,4394,1547350,1531774,0.3,0.00,2.95,0.00,11.80,0.00,0.00,0.00,1.0,95830.0,95350.0,0.0,0.0,0.5,0.0,64.149,0.000,0.0,684581.5
2026-08-31T15:48:06,0.2,4394,1547350,1531773,0.3,0.00,1.92,0.00,7.68,0.00,0.00,0.00,1.0,95830.0,95350.0,0.0,0.0,0.5,0.0,64.130,0.000,0.0,808900.0
2026-08-31T15:48:07,0.3,4394,1547350,1531774,0.3,0.00,1.31,0.00,5.25,0.00,0.00,0.00,1.0,95830.0,95350.0,0.0,0.0,0.5,0.0,64.166,0.000,0.0,673070.0
2026-08-31T15:48:08,0.2,4393,1547350,1531774,0.3,0.00,0.81,0.00,3.24,0.00,0.00,0.00,1.0,95830.0,95350.0,0.0,0.0,0.5,0.0,64.154,0.000,0.0,673070.0
2026-08-31T15:48:09,0.2,4394,1547350,1531774,0.3,0.00,1.89,0.00,7.55,0.00,0.00,0.00,1.0,95830.0,95350.0,0.0,0.0,0.5,0.0,64.160,0.000,0.0,766167.0
2026-08-31T15:48:09,0.2,4393,1547350,1531774,0.3,0.00,1.58,0.00,6.34,0.00,0.00,0.00,1.0,95830.0,95350.0,0.0,0.0,0.5,0.0,64.163,0.000,0.0,766167.0
2026-08-31T15:48:10,0.2,4395,1547350,1531773,0.3,0.00,1.15,0.00,4.60,0.00,0.00,0.00,1.0,95830.0,95350.0,0.0,0.0,0.5,0.0,64.162,0.000,0.0,698515.5
2026-08-31T15:48:11,0.2,4391,1547350,1531777,0.3,0.00,1.00,0.00,4.00,0.00,0.00,0.00,1.0,95830.0,95350.0,0.0,0.0,0.5,0.0,64.133,0.000,0.0,654394.5
2026-08-31T15:48:13,0.2,4391,1547350,1531777,0.3,0.00,0.55,0.00,2.21,0.00,0.00,0.00,1.0,95830.0,95350.0,0.0,0.0,0.5,0.0,64.138,0.000,0.0,654394.5
2026-08-31T15:48:14,0.2,4391,1547350,1531777,0.3,0.00,1.38,0.00,5.52,0.00,0.00,0.00,1.0,95830.0,95350.0,0.0,0.0,0.5,0.0,64.123,0.000,0.0,740857.5
2026-08-31T15:48:14,0.2,4390,1547350,1531778,0.3,0.00,1.79,0.00,7.17,0.00,0.00,0.00,1.0,95830.0,95350.0,0.0,0.0,0.5,0.0,64.159,0.000,0.0,740857.5
2026-08-31T15:48:15,0.2,4390,1547350,1531778,0.3,0.00,1.65,0.00,6.59,0.00,0.00,0.00,1.0,95830.0,95350.0,0.0,0.0,0.5,0.0,64.178,0.000,0.0,749017.0
2026-08-31T15:48:16,0.2,4391,1547350,1531777,0.3,0.00,1.22,0.00,4.89,0.00,0.00,0.00,1.0,95830.0,95350.0,0.0,0.0,0.5,0.0,64.156,0.000,0.0,653158.5
2026-08-31T15:48:17,0.2,4390,1547350,1531778,0.3,0.00,0.60,0.00,2.40,0.00,0.00,0.00,1.0,95830.0,95350.0,0.0,0.0,0.5,0.0,64.135,0.000,0.0,653158.5
2026-08-31T15:48:18,0.2,4390,1547350,1531778,0.3,0.00,1.38,0.00,5.52,0.00,0.00,0.00,1.0,95830.0,95350.0,0.0,0.0,0.5,0.0,64.171,0.000,0.0,744355.0
2026-08-31T15:48:19,0.2,4389,1547350,1531778,0.3,0.00,1.36,0.00,15.68,0.00,0.00,0.00,1.0,95830.0,95350.0,0.0,0.0,0.5,0.0,64.157,0.000,0.0,744355.0
2026-08-31T15:48:20,0.3,4389,1547350,1531779,0.3,0.00,2.63,0.00,10.53,0.00,0.00,0.00,1.0,95830.0,95350.0,0.0,0.0,0.5,0.0,64.158,0.000,0.0,744355.0
2026-08-31T15:48:20,0.2,4389,1547350,1531778,0.3,0.00,1.64,0.00,6.55,0.00,0.00,0.00,1.0,95830.0,95350.0,0.0,0.0,0.5,0.0,64.159,0.000,0.0,740721.0
2026-08-31T15:48:21,0.2,4388,1547350,1531780,0.3,0.00,2.94,0.00,15.66,0.00,0.33,0.00,1.0,95830.0,95350.0,0.0,0.0,0.5,0.0,64.120,0.000,0.0,722437.0
2026-08-31T15:48:22,0.2,4389,1547350,1531778,0.3,0.00,0.98,0.00,3.94,0.00,0.00,0.00,1.0,95830.0,95350.0,0.0,0.0,0.5,0.0,64.133,0.000,0.0,666436.0
2026-08-31T15:48:24,0.2,4389,1547350,1531779,0.3,0.00,0.64,0.00,2.55,0.00,0.00,0.00,1.0,95830.0,95350.0,0.0,0.0,0.5,0.0,64.148,0.000,0.0,690227.5
2026-08-31T15:48:25,0.2,4389,1547350,1531779,0.3,0.00,1.21,0.00,4.83,0.00,0.00,0.00,1.0,95830.0,95350.0,0.0,0.0,0.5,0.0,64.160,0.000,0.0,690227.5
2026-08-31T15:48:25,0.2,4388,1547350,1531779,0.3,0.00,1.65,0.00,6.61,0.00,0.00,0.00,1.0,95830.0,95350.0,0.0,0.0,0.5,0.0,64.146,0.000,0.0,757609.5
2026-08-31T15:48:26,0.2,4388,1547350,1531779,0.3,0.00,1.73,0.00,6.91,0.00,0.00,0.00,1.0,95830.0,95350.0,0.0,0.0,0.5,0.0,64.159,0.000,0.0,757609.5
2026-08-31T15:48:27,0.2,4390,1547350,1531778,0.3,0.00,1.10,0.00,4.40,0.00,0.00,0.00,1.0,95830.0,95350.0,0.0,0.0,0.5,0.0,64.120,0.000,0.0,716444.5
2026-08-31T15:48:28,0.2,4389,1547350,1531778,0.3,0.00,1.11,0.00,4.43,0.00,0.00,0.00,1.0,95830.0,95350.0,0.0,0.0,0.5,0.0,64.138,0.000,0.0,667221.0
2026-08-31T15:48:30,0.2,4390,1547350,1531778,0.3,0.00,0.60,0.00,2.41,0.00,0.00,0.00,1.0,95830.0,95350.0,0.0,0.0,0.5,0.0,64.159,0.000,0.0,670445.5
2026-08-31T15:48:31,0.2,4390,1547350,1531778,0.3,0.00,1.01,0.00,4.05,0.00,0.00,0.00,1.0,95830.0,95350.0,0.0,0.0,0.5,0.0,64.150,0.000,0.0,670445.5
2026-08-31T15:48:31,0.2,4389,1547350,1531778,0.3,0.00,1.22,0.00,4.90,0.00,0.00,0.00,1.0,95830.0,95350.0,0.0,0.0,0.5,0.0,64.168,0.000,0.0,756803.5
2026-08-31T15:48:32,0.2,4389,1547350,1531779,0.3,0.00,11.66,0.00,46.62,0.00,0.00,0.00,1.0,95830.0,95350.0,0.0,0.0,0.5,0.0,64.133,0.000,0.0,671799.0
2026-08-31T15:48:33,0.2,4389,1547350,1531779,0.3,0.00,0.76,0.00,3.03,0.00,0.00,0.00,1.0,95830.0,95350.0,0.0,0.0,0.5,0.0,64.142,0.000,0.0,672582.0
2026-08-31T15:48:34,0.2,4388,1547350,1531779,0.3,0.00,0.81,0.00,3.22,0.00,0.00,0.00,1.0,95830.0,95350.0,0.0,0.0,0.5,0.0,64.124,0.000,0.0,672582.0
2026-08-31T15:48:35,0.2,4389,1547350,1531779,0.3,0.00,1.04,0.00,4.14,0.00,1.00,0.00,1.0,95830.0,95350.0,0.0,0.0,0.5,0.0,64.137,0.000,0.0,699116.5
2026-08-31T15:48:36,0.3,4388,1547350,1531779,0.3,0.00,1.19,0.00,4.78,0.00,0.00,0.00,1.0,95830.0,95350.0,0.0,0.0,0.5,0.0,64.146,0.000,0.0,699116.5
2026-08-31T15:48:37,0.2,4388,1547350,1531779,0.3,0.00,1.24,0.00,4.95,0.00,0.00,0.00,1.0,95830.0,95350.0,0.0,0.0,0.5,0.0,64.145,0.000,0.0,750627.0
2026-08-31T15:48:38,0.2,4389,1547350,1531778,0.3,0.00,1.16,0.00,4.65,0.00,0.00,0.00,1.0,95830.0,95350.0,0.0,0.0,0.5,0.0,64.148,0.000,0.0,750627.0
2026-08-31T15:48:38,0.2,4390,1547350,1531778,0.3,0.00,2.28,0.00,9.13,0.00,0.00,0.00,1.0,95830.0,95350.0,0.0,0.0,0.5,0.0,64.147,0.000,0.0,736652.5
2026-08-31T15:48:39,0.2,4389,1547350,1531779,0.3,0.00,0.98,0.00,3.93,0.00,0.00,0.00,1.0,95830.0,95350.0,0.0,0.0,0.5,0.0,64.132,0.000,0.0,736652.5
2026-08-31T15:48:40,0.2,4390,1547350,1531778,0.3,0.00,1.75,0.00,6.99,0.00,0.00,0.00,1.0,95830.0,95350.0,0.0,0.0,0.5,0.0,64.154,0.000,0.0,753808.0
2026-08-31T15:48:41,0.2,4390,1547350,1531778,0.3,0.00,1.45,0.00,5.79,0.00,0.00,0.00,1.0,95830.0,95350.0,0.0,0.0,0.5,0.0,64.123,0.000,0.0,753808.0
2026-08-31T15:48:41,0.2,4390,1547350,1531778,0.3,0.00,1.35,0.00,5.40,0.00,0.00,0.00,1.0,95830.0,95350.0,0.0,0.0,0.5,0.0,64.138,0.000,0.0,755765.5
2026-08-31T15:48:42,0.2,4390,1547350,1531778,0.3,0.00,2.92,0.00,11.67,0.00,0.00,0.00,1.0,95830.0,95350.0,0.0,0.0,0.5,0.0,64.151,0.000,0.0,670592.5
2026-08-31T15:48:44,0.2,4389,1547350,1531778,0.3,0.00,0.79,0.00,3.16,0.00,0.00,0.00,1.0,95830.0,95350.0,0.0,0.0,0.5,0.0,64.131,0.000,0.0,670821.5
2026-08-31T15:48:45,0.2,4390,1547350,1531778,0.3,0.00,0.77,0.00,3.08,0.00,0.00,0.00,1.0,95830.0,95350.0,0.0,0.0,0.5,0.0,64.139,0.000,0.0,670821.5
2026-08-31T15:48:46,0.2,4390,1547350,1531778,0.3,0.00,1.42,0.00,5.67,0.00,0.00,0.00,1.0,95830.0,95350.0,0.0,0.0,0.5,0.0,64.141,0.000,0.0,731092.5
2026-08-31T15:48:46,0.2,4390,1547350,1531778,0.3,0.00,1.59,0.00,6.37,0.00,0.00,0.16,1.0,95830.0,95350.0,0.0,0.0,0.5,0.0,64.145,0.000,0.0,731092.5
2026-08-31T15:48:47,0.2,4390,1547350,1531777,0.3,0.00,1.36,0.00,5.46,0.00,0.00,0.00,1.0,95830.0,95350.0,0.0,0.0,0.5,0.0,64.139,0.000,0.0,729915.0
2026-08-31T15:48:48,0.2,4390,1547350,1531778,0.3,0.00,1.50,0.00,6.02,0.00,0.00,0.00,1.0,95830.0,95350.0,0.0,0.0,0.5,0.0,64.117,0.000,0.0,700369.0
2026-08-31T15:48:49,0.2,4390,1547350,1531778,0.3,0.00,0.75,0.00,3.01,0.00,0.00,0.00,1.0,95830.0,95350.0,0.0,0.0,0.5,0.0,64.134,0.000,0.0,700369.0
2026-08-31T15:48:49,0.2,4390,1547350,1531778,0.3,0.00,24.44,0.00,179.23,0.00,0.08,0.00,1.0,95830.0,95350.0,0.0,0.0,0.5,0.0,64.135,0.000,0.0,701067.5
2026-08-31T15:48:51,0.2,4389,1547350,1531779,0.3,0.00,0.75,0.00,3.00,0.00,0.00,0.00,1.0,95830.0,95350.0,0.0,0.0,0.5,0.0,64.151,0.000,0.0,674778.5
2026-08-31T15:48:52,0.2,4389,1547350,1531778,0.3,0.00,0.82,0.00,3.27,0.00,0.00,0.00,1.0,95830.0,95350.0,0.0,0.0,0.5,0.0,64.153,0.000,0.0,674778.5
2026-08-31T15:48:53,0.2,4389,1547350,1531778,0.3,0.00,1.20,0.00,4.79,0.00,1.00,0.00,1.0,95830.0,95350.0,0.0,0.0,0.5,0.0,64.118,0.000,0.0,756141.5
2026-08-31T15:48:53,0.3,4388,1547350,1531779,0.3,0.00,1.58,0.00,6.32,0.00,0.00,0.00,1.0,95830.0,95350.0,0.0,0.0,0.5,0.0,64.150,0.000,0.0,683438.5
2026-08-31T15:48:55,0.2,4388,1547350,1531779,0.3,0.00,0.73,0.00,2.91,0.00,0.00,0.00,1.0,95830.0,95350.0,0.0,0.0,0.5,0.0,64.140,0.000,0.0,683438.5
2026-08-31T15:48:56,0.2,4390,1547350,1531778,0.3,0.00,1.23,0.00,4.91,0.00,0.00,0.00,1.0,95830.0,95350.0,0.0,0.0,0.5,0.0,64.145,0.000,0.0,683379.5
2026-08-31T15:48:57,0.2,4389,1547350,1531778,0.3,0.00,0.74,0.00,2.94,0.00,0.00,0.00,1.0,95830.0,95350.0,0.0,0.0,0.5,0.0,64.127,0.000,0.0,692664.0
2026-08-31T15:48:58,0.2,4390,1547350,1531777,0.3,0.00,2.29,0.00,9.15,0.00,0.00,0.00,1.0,95830.0,95350.0,0.0,0.0,0.5,0.0,64.152,0.000,0.0,692664.0
2026-08-31T15:48:59,0.2,4390,1547350,1531777,0.3,0.00,1.18,0.00,4.71,0.00,0.00,0.00,1.0,95830.0,95350.0,0.0,0.0,0.5,0.0,64.156,0.000,0.0,726569.0
2026-08-31T15:48:59,0.2,4390,1547350,1531777,0.3,0.00,1.45,0.00,5.80,0.00,0.00,0.00,1.0,95830.0,95350.0,0.0,0.0,0.5,0.0,64.151,0.000,0.0,726569.0
2026-08-31T15:49:00,0.2,4390,1547350,1531777,0.3,0.00,1.25,0.00,4.99,0.00,0.00,0.00,1.0,95830.0,95350.0,0.0,0.0,0.5,0.0,64.172,0.000,0.0,757368.5
2026-08-31T15:49:01,0.4,4393,1547350,1531775,0.3,0.00,1.59,0.00,6.35,0.00,0.00,0.00,1.0,95830.0,95350.0,0.0,0.0,0.5,0.0,64.160,0.000,0.0,757368.5
2026-08-31T15:49:02,0.2,4394,1547350,1531773,0.3,0.00,1.12,0.00,4.50,0.00,0.00,0.00,1.0,95830.0,95350.0,0.0,0.0,0.5,0.0,64.181,0.000,0.0,808216.0
2026-08-31T15:49:02,0.2,4395,1547350,1531772,0.3,0.00,1.41,0.00,5.63,0.00,0.00,0.00,1.0,95830.0,95350.0,0.0,0.0,0.5,0.0,64.129,0.000,0.0,712805.0
2026-08-31T15:49:04,0.2,4396,1547350,1531771,0.3,0.00,0.79,0.00,3.17,0.00,0.00,0.00,1.0,95830.0,95350.0,0.0,0.0,0.5,0.0,64.149,0.000,0.0,665710.5
2026-08-31T15:49:05,0.2,4396,1547350,1531772,0.3,0.00,0.66,0.00,2.62,0.00,0.00,0.00,1.0,95830.0,95350.0,0.0,0.0,0.5,0.0,64.138,0.000,0.0,652244.5
2026-08-31T15:49:06,0.2,4395,1547350,1531772,0.3,0.00,0.86,0.00,3.43,0.00,0.00,0.00,1.0,95830.0,95350.0,0.0,0.0,0.5,0.0,64.144,0.000,0.0,652244.5
2026-08-31T15:49:07,0.3,4395,1547350,1531772,0.3,0.00,1.90,0.00,7.62,0.00,0.00,0.00,1.0,95830.0,95350.0,0.0,0.0,0.5,0.0,64.177,0.000,0.0,707013.5
2026-08-31T15:49:08,0.2,4395,1547350,1531773,0.3,0.00,0.66,0.00,2.65,0.00,0.00,0.00,1.0,95830.0,95350.0,0.0,0.0,0.5,0.0,64.140,0.000,0.0,707013.5
2026-08-31T15:49:09,0.3,4396,1547350,1531772,0.3,0.00,1.43,0.00,5.73,0.00,0.00,0.00,1.0,95830.0,95350.0,0.0,0.0,0.5,0.0,64.156,0.000,0.0,701746.0
2026-08-31T15:49:10,0.2,4396,1547350,1531771,0.3,0.00,0.87,0.00,3.48,0.00,0.00,0.00,1.0,95830.0,95350.0,0.0,0.0,0.5,0.0,64.153,0.000,0.0,692614.5
2026-08-31T15:49:12,0.2,4392,1547350,1531775,0.3,0.00,0.60,0.00,2.39,0.00,0.00,0.00,1.0,95830.0,95350.0,0.0,0.0,0.5,0.0,64.151,0.000,0.0,674095.0
2026-08-31T15:49:13,0.2,4392,1547350,1531775,0.3,0.00,0.91,0.00,3.62,0.00,0.00,0.09,1.0,95830.0,95350.0,0.0,0.0,0.5,0.0,64.138,0.000,0.0,659064.0
2026-08-31T15:49:15,0.2,4393,1547350,1531774,0.3,0.00,0.58,0.00,2.31,0.00,1.00,0.00,1.0,95830.0,95350.0,0.0,0.0,0.5,0.0,64.134,0.000,0.0,656484.0
2026-08-31T15:49:16,0.2,4393,1547350,1531775,0.3,0.00,0.64,0.00,2.56,0.00,0.00,0.06,1.0,95830.0,95350.0,0.0,0.0,0.5,0.0,64.157,0.000,0.0,682210.0
2026-08-31T15:49:18,0.2,4392,1547350,1531775,0.3,0.00,0.85,0.00,3.38,0.00,0.00,0.00,1.0,95830.0,95350.0,0.0,0.0,0.5,0.0,64.160,0.000,0.0,671287.5
2026-08-31T15:49:19,0.2,4393,1547350,1531774,0.3,0.00,1.79,0.00,13.71,0.00,0.00,0.00,1.0,95830.0,95350.0,0.0,0.0,0.5,0.0,64.146,0.000,0.0,671287.5
2026-08-31T15:49:20,0.2,4393,1547350,1531774,0.3,0.00,1.00,0.00,4.00,0.00,0.00,0.00,1.0,95830.0,95350.0,0.0,0.0,0.5,0.0,64.144,0.000,0.0,779495.5
2026-08-31T15:49:21,0.2,4394,1547350,1531774,0.3,0.00,0.99,0.00,3.97,0.00,0.00,0.00,1.0,95830.0,95350.0,0.0,0.0,0.5,0.0,64.144,0.000,0.0,665726.5
2026-08-31T15:49:22,0.2,4394,1547350,1531774,0.3,0.00,0.84,0.00,3.36,0.00,0.00,0.08,1.0,95830.0,95350.0,0.0,0.0,0.5,0.0,64.110,0.000,0.0,659964.5
2026-08-31T15:49:24,0.2,4395,1547350,1531773,0.3,0.00,0.55,0.00,2.19,0.00,0.00,0.00,1.0,95830.0,95350.0,0.0,0.0,0.5,0.0,64.145,0.000,0.0,659964.5
2026-08-31T15:49:25,0.2,4395,1547350,1531772,0.3,0.00,1.62,0.00,6.46,0.00,0.00,0.00,1.0,95830.0,95350.0,0.0,0.0,0.5,0.0,64.150,0.000,0.0,690691.0
2026-08-31T15:49:26,0.2,4395,1547350,1531772,0.3,0.00,0.71,0.00,2.86,0.00,0.00,0.00,1.0,95830.0,95350.0,0.0,0.0,0.5,0.0,64.142,0.000,0.0,662091.0
2026-08-31T15:49:28,0.2,4395,1547350,1531773,0.3,0.00,1.24,0.00,7.42,0.00,0.00,0.00,1.0,95830.0,95350.0,0.0,0.0,0.5,0.0,64.130,0.000,0.0,654793.0
2026-08-31T15:49:29,0.2,4395,1547350,1531772,0.3,0.00,0.62,0.00,2.49,0.00,0.00,0.00,1.0,95830.0,95350.0,0.0,0.0,0.5,0.0,64.124,0.000,0.0,656051.0
2026-08-31T15:49:31,0.2,4395,1547350,1531772,0.3,0.00,0.62,0.00,2.46,0.00,0.00,0.00,1.0,95830.0,95350.0,0.0,0.0,0.5,0.0,64.135,0.000,0.0,656051.0
2026-08-31T15:49:32,0.2,4395,1547350,1531772,0.3,0.00,1.20,0.00,4.81,0.00,0.00,0.00,1.0,95830.0,95350.0,0.0,0.0,0.5,0.0,64.153,0.000,0.0,682512.5
2026-08-31T15:49:34,0.2,4397,1547350,1531771,0.3,0.00,3.67,0.00,14.68,0.00,0.17,0.00,1.0,95830.0,95350.0,0.0,0.0,0.5,0.0,64.156,0.000,0.0,673738.0
2026-08-31T15:49:35,0.2,4396,1547350,1531772,0.3,0.00,0.73,0.00,2.91,0.00,0.00,0.00,1.0,95830.0,95350.0,0.0,0.0,0.5,0.0,64.138,0.000,0.0,668692.0
2026-08-31T15:49:36,0.2,4395,1547350,1531772,0.3,0.00,0.83,0.00,3.32,0.00,0.00,0.00,1.0,95830.0,95350.0,0.0,0.0,0.5,0.0,64.148,0.000,0.0,664960.5
2026-08-31T15:49:38,0.2,4395,1547350,1531772,0.3,0.00,0.68,0.00,2.73,0.00,0.00,0.00,1.0,95830.0,95350.0,0.0,0.0,0.5,0.0,64.124,0.000,0.0,687967.5
2026-08-31T15:49:39,0.2,4395,1547350,1531773,0.3,0.00,0.70,0.00,2.81,0.00,0.00,0.00,1.0,95830.0,95350.0,0.0,0.0,0.5,0.0,64.139,0.000,0.0,674696.5
2026-08-31T15:49:40,0.2,4394,1547350,1531773,0.3,0.00,1.03,0.00,4.11,0.00,0.00,0.00,1.0,95830.0,95350.0,0.0,0.0,0.5,0.0,64.136,0.000,0.0,705299.0
2026-08-31T15:49:41,0.2,4394,1547350,1531773,0.3,0.00,0.87,0.00,3.47,0.00,0.00,0.09,1.0,95830.0,95350.0,0.0,0.0,0.5,0.0,64.127,0.000,0.0,675751.5
2026-08-31T15:49:42,0.2,4394,1547350,1531774,0.3,0.00,0.96,0.00,3.84,0.00,0.00,0.00,1.0,95830.0,95350.0,0.0,0.0,0.5,0.0,64.138,0.000,0.0,675751.5
2026-08-31T15:49:43,0.2,4393,1547350,1531774,0.3,0.00,1.36,0.00,5.43,0.00,0.00,0.00,1.0,95830.0,95350.0,0.0,0.0,0.5,0.0,64.139,0.000,0.0,763135.0
2026-08-31T15:49:44,0.2,4395,1547350,1531773,0.3,0.00,5.10,0.00,20.41,0.00,0.00,0.00,1.0,95830.0,95350.0,0.0,0.0,0.5,0.0,64.138,0.000,0.0,648723.0
2026-08-31T15:49:45,0.2,4395,1547350,1531773,0.3,0.00,0.90,0.00,3.62,0.00,0.00,0.00,1.0,95830.0,95350.0,0.0,0.0,0.5,0.0,64.135,0.000,0.0,710766.5
2026-08-31T15:49:46,0.2,4395,1547350,1531772,0.3,0.00,0.89,0.00,3.56,0.00,0.00,0.00,1.0,95830.0,95350.0,0.0,0.0,0.5,0.0,64.127,0.000,0.0,710766.5
2026-08-31T15:49:47,0.2,4395,1547350,1531772,0.3,0.00,0.94,0.00,3.77,0.00,1.00,0.00,1.0,95830.0,95350.0,0.0,0.0,0.5,0.0,64.149,0.000,0.0,720758.0
2026-08-31T15:49:47,0.3,4395,1547350,1531773,0.3,0.00,1.54,0.00,6.15,0.00,0.00,0.00,1.0,95830.0,95350.0,0.0,0.0,0.5,0.0,64.120,0.000,0.0,720758.0
2026-08-31T15:49:48,0.2,4394,1547350,1531773,0.3,0.00,1.05,0.00,4.22,0.00,0.00,0.00,1.0,95830.0,95350.0,0.0,0.0,0.5,0.0,64.145,0.000,0.0,772770.5
2026-08-31T15:49:49,0.2,4395,1547350,1531773,0.3,0.00,1.20,0.00,4.80,0.00,0.00,0.00,1.0,95830.0,95350.0,0.0,0.0,0.5,0.0,64.156,0.000,0.0,759566.5
2026-08-31T15:49:50,0.3,4395,1547350,1531772,0.3,0.00,23.39,0.00,178.36,0.00,0.00,0.00,1.0,95830.0,95350.0,0.0,0.0,0.5,0.0,64.150,0.000,0.0,759566.5
2026-08-31T15:49:50,0.3,4395,1547350,1531772,0.3,0.00,5.87,0.00,14.66,0.00,0.00,0.00,1.0,95830.0,95350.0,0.0,0.0,0.5,0.0,64.142,0.000,0.0,759566.5
2026-08-31T15:49:50,0.3,4395,1547350,1531772,0.3,0.00,3.15,0.00,12.62,0.00,0.00,0.00,1.0,95830.0,95350.0,0.0,0.0,0.5,0.0,64.136,0.000,0.0,910921.5
2026-08-31T15:49:51,0.2,4395,1547350,1531773,0.3,0.00,2.06,0.00,8.23,0.00,0.00,0.00,1.0,95830.0,95350.0,0.0,0.0,0.5,0.0,64.147,0.000,0.0,910921.5
2026-08-31T15:49:51,0.2,4395,1547350,1531773,0.3,0.00,1.46,0.00,5.83,0.00,0.00,0.00,1.0,95830.0,95350.0,0.0,0.0,0.5,0.0,64.126,0.000,0.0,749554.5
2026-08-31T15:49:53,0.2,4394,1547350,1531773,0.3,0.00,0.87,0.00,3.48,0.00,0.00,0.00,1.0,95830.0,95350.0,0.0,0.0,0.5,0.0,64.125,0.000,0.0,749554.5
2026-08-31T15:49:53,0.2,4394,1547350,1531773,0.3,0.00,1.75,0.00,7.01,0.00,0.00,0.00,1.0,95830.0,95350.0,0.0,0.0,0.5,0.0,64.138,0.000,0.0,749554.5
2026-08-31T15:49:53,0.2,4394,1547350,1531774,0.3,0.00,2.92,0.00,11.70,0.00,0.00,0.00,1.0,95830.0,95350.0,0.0,0.0,0.5,0.0,64.142,0.000,0.0,820133.5
2026-08-31T15:49:54,0.2,4395,1547350,1531773,0.3,0.00,1.38,0.00,5.53,0.00,1.00,0.00,1.0,95830.0,95350.0,0.0,0.0,0.5,0.0,64.154,0.000,0.0,658092.5
2026-08-31T15:49:55,0.2,4394,1547350,1531773,0.3,0.00,0.91,0.00,3.66,0.00,0.00,0.00,1.0,95830.0,95350.0,0.0,0.0,0.5,0.0,64.141,0.000,0.0,658092.5
2026-08-31T15:49:56,0.3,4395,1547350,1531773,0.3,0.00,1.38,0.00,5.52,0.00,0.00,0.00,1.0,95830.0,95350.0,0.0,0.0,0.5,0.0,64.146,0.000,0.0,734832.5
2026-08-31T15:49:57,0.3,4394,1547350,1531773,0.3,0.00,1.52,0.00,6.08,0.00,0.00,0.00,1.0,95830.0,95350.0,0.0,0.0,0.5,0.0,64.124,0.000,0.0,734832.5
2026-08-31T15:49:57,0.2,4394,1547350,1531773,0.3,0.00,1.91,0.00,7.63,0.00,0.00,0.00,1.0,95830.0,95350.0,0.0,0.0,0.5,0.0,64.126,0.000,0.0,782624.0
2026-08-31T15:49:58,0.2,4394,1547350,1531773,0.3,0.00,1.56,0.00,6.26,0.00,0.00,0.00,1.0,95830.0,95350.0,0.0,0.0,0.5,0.0,64.139,0.000,0.0,673932.5
2026-08-31T15:49:59,0.2,4395,1547350,1531773,0.3,0.00,1.56,0.00,6.24,0.00,0.00,0.00,1.0,95830.0,95350.0,0.0,0.0,0.5,0.0,64.138,0.000,0.0,676152.0
2026-08-31T15:50:00,0.2,4395,1547350,1531773,0.3,0.00,0.94,0.00,3.74,0.00,0.00,0.00,1.0,95830.0,95350.0,0.0,0.0,0.5,0.0,64.133,0.000,0.0,680233.5
2026-08-31T15:50:02,0.3,4399,1547350,1531768,0.3,0.00,0.75,0.00,3.02,0.00,0.00,0.00,1.0,95830.0,95350.0,0.0,0.0,0.5,0.0,64.127,0.000,0.0,680233.5
2026-08-31T15:50:02,0.3,4400,1547350,1531768,0.3,0.00,2.86,0.00,11.43,0.00,0.00,0.00,1.0,95830.0,95350.0,0.0,0.0,0.5,0.0,64.147,0.000,0.0,741742.0
2026-08-31T15:50:03,0.2,4399,1547350,1531768,0.3,1.02,1.02,8.20,4.10,0.00,0.00,0.00,1.0,95830.0,95350.0,0.0,0.0,0.5,0.0,64.148,0.000,0.0,682615.0
2026-08-31T15:50:04,0.2,4399,1547350,1531768,0.3,0.00,0.95,0.00,3.82,0.00,0.00,0.00,1.0,95830.0,95350.0,0.0,0.0,0.5,0.0,64.151,0.000,0.0,682615.0
2026-08-31T15:50:04,0.3,4400,1547350,1531767,0.3,0.00,1.88,0.00,7.50,0.00,0.00,0.00,1.0,95830.0,95350.0,0.0,0.0,0.5,0.0,64.148,0.000,0.0,740050.0
2026-08-31T15:50:06,0.2,4399,1547350,1531768,0.3,0.00,0.69,0.00,2.77,0.00,0.00,0.00,1.0,95830.0,95350.0,0.0,0.0,0.5,0.0,64.120,0.000,0.0,735006.5
2026-08-31T15:50:07,0.2,4399,1547350,1531769,0.3,0.00,0.72,0.00,2.88,0.00,0.00,0.00,1.0,95830.0,95350.0,0.0,0.0,0.5,0.0,64.140,0.000,0.0,679767.0
2026-08-31T15:50:08,0.2,4399,1547350,1531769,0.3,0.00,0.98,0.00,3.94,0.00,0.00,0.00,1.0,95830.0,95350.0,0.0,0.0,0.5,0.0,64.130,0.000,0.0,679767.0
2026-08-31T15:50:09,0.2,4398,1547350,1531770,0.3,0.00,1.21,0.00,4.83,0.00,0.00,0.00,1.0,95830.0,95350.0,0.0,0.0,0.5,0.0,64.136,0.000,0.0,739142.0
2026-08-31T15:50:10,0.2,4397,1547350,1531770,0.3,0.00,1.00,0.00,3.99,0.00,0.00,0.00,1.0,95830.0,95350.0,0.0,0.0,0.5,0.0,64.141,0.000,0.0,665951.0
2026-08-31T15:50:11,0.2,4394,1547350,1531773,0.3,0.00,0.78,0.00,3.10,0.00,0.00,0.00,1.0,95830.0,95350.0,0.0,0.0,0.5,0.0,64.127,0.000,0.0,680668.5
2026-08-31T15:50:12,0.2,4395,1547350,1531773,0.3,0.00,0.90,0.00,3.62,0.00,0.00,0.09,1.0,95830.0,95350.0,0.0,0.0,0.5,0.0,64.137,0.000,0.0,680668.5
2026-08-31T15:50:13,0.2,4396,1547350,1531772,0.3,0.00,1.28,0.00,5.12,0.00,1.00,0.00,1.0,95830.0,95350.0,0.0,0.0,0.5,0.0,64.131,0.000,0.0,730730.0
2026-08-31T15:50:14,0.2,4395,1547350,1531773,0.3,0.00,1.19,0.00,4.75,0.00,0.00,0.00,1.0,95830.0,95350.0,0.0,0.0,0.5,0.0,64.130,0.000,0.0,675713.5
2026-08-31T15:50:15,0.2,4396,1547350,1531772,0.3,0.00,0.98,0.00,3.91,0.00,0.00,0.00,1.0,95830.0,95350.0,0.0,0.0,0.5,0.0,64.112,0.000,0.0,675713.5
2026-08-31T15:50:16,0.2,4396,1547350,1531772,0.3,0.00,0.85,0.00,3.42,0.00,0.00,0.00,1.0,95830.0,95350.0,0.0,0.0,0.5,0.0,64.132,0.000,0.0,676161.0
2026-08-31T15:50:18,0.2,4395,1547350,1531773,0.3,0.00,0.83,0.00,3.31,0.00,0.00,0.00,1.0,95830.0,95350.0,0.0,0.0,0.5,0.0,64.125,0.000,0.0,676161.0
2026-08-31T15:50:18,0.2,4395,1547350,1531772,0.3,0.00,1.24,0.00,4.96,0.00,0.00,0.00,1.0,95830.0,95350.0,0.0,0.0,0.5,0.0,64.121,0.000,0.0,679013.0
2026-08-31T15:50:20,0.2,4396,1547350,1531772,0.3,0.00,1.21,0.00,11.83,0.00,0.00,0.00,1.0,95830.0,95350.0,0.0,0.0,0.5,0.0,64.134,0.000,0.0,676995.5
2026-08-31T15:50:21,0.2,4395,1547350,1531773,0.3,0.00,0.83,0.00,3.33,0.00,0.00,0.00,1.0,95830.0,95350.0,0.0,0.0,0.5,0.0,64.139,0.000,0.0,676995.5
2026-08-31T15:50:22,0.2,4395,1547350,1531773,0.3,0.00,1.72,0.00,6.86,0.00,0.00,0.00,1.0,95830.0,95350.0,0.0,0.0,0.5,0.0,64.130,0.000,0.0,740858.0
2026-08-31T15:50:23,0.2,4395,1547350,1531772,0.3,0.00,1.25,0.00,5.01,0.00,0.00,0.00,1.0,95830.0,95350.0,0.0,0.0,0.5,0.0,64.133,0.000,0.0,660388.5
2026-08-31T15:50:24,0.2,4396,1547350,1531772,0.3,0.00,0.61,0.00,2.46,0.00,0.00,0.00,1.0,95830.0,95350.0,0.0,0.0,0.5,0.0,64.132,0.000,0.0,689629.0
2026-08-31T15:50:26,0.2,4395,1547350,1531773,0.3,0.00,0.57,0.00,2.29,0.00,0.00,0.00,1.0,95830.0,95350.0,0.0,0.0,0.5,0.0,64.127,0.000,0.0,680688.0
2026-08-31T15:50:27,0.2,4395,1547350,1531773,0.3,0.00,0.68,0.00,2.70,0.00,0.00,0.00,1.0,95830.0,95350.0,0.0,0.0,0.5,0.0,64.132,0.000,0.0,680688.0
2026-08-31T15:50:28,0.2,4396,1547350,1531771,0.3,0.00,1.64,0.00,6.57,0.00,0.00,0.00,1.0,95830.0,95350.0,0.0,0.0,0.5,0.0,64.113,0.000,0.0,694220.0
2026-08-31T15:50:29,0.2,4396,1547350,1531772,0.3,0.00,0.71,0.00,2.83,0.00,0.00,0.00,1.0,95830.0,95350.0,0.0,0.0,0.5,0.0,64.129,0.000,0.0,694220.0
2026-08-31T15:50:30,0.2,4395,1547350,1531772,0.3,0.00,1.25,0.00,5.02,0.00,0.00,0.00,1.0,95830.0,95350.0,0.0,0.0,0.5,0.0,64.103,0.000,0.0,719111.5
2026-08-31T15:50:31,0.2,4395,1547350,1531773,0.3,0.00,1.31,0.00,5.24,0.00,0.00,0.00,1.0,95830.0,95350.0,0.0,0.0,0.5,0.0,64.136,0.000,0.0,719111.5
2026-08-31T15:50:32,0.2,4395,1547350,1531772,0.3,0.00,1.16,0.00,4.63,0.00,0.00,0.00,1.0,95830.0,95350.0,0.0,0.0,0.5,0.0,64.148,0.000,0.0,738949.0
2026-08-31T15:50:32,0.2,4395,1547350,1531773,0.3,0.00,1.60,0.00,6.40,0.00,0.00,0.00,1.0,95830.0,95350.0,0.0,0.0,0.5,0.0,64.140,0.000,0.0,658025.5
2026-08-31T15:50:34,0.2,4395,1547350,1531773,0.3,0.00,0.57,0.00,2.27,0.00,0.00,0.00,1.0,95830.0,95350.0,0.0,0.0,0.5,0.0,64.132,0.000,0.0,658025.5
2026-08-31T15:50:35,0.2,4395,1547350,1531773,0.3,0.00,6.89,0.00,35.43,0.00,0.14,0.00,1.0,95830.0,95350.0,0.0,0.0,0.5,0.0,64.135,0.000,0.0,669801.0
2026-08-31T15:50:37,0.2,4395,1547350,1531772,0.3,0.00,0.64,0.00,2.54,0.00,0.00,0.00,1.0,95830.0,95350.0,0.0,0.0,0.5,0.0,64.134,0.000,0.0,676828.0
2026-08-31T15:50:38,0.2,4395,1547350,1531773,0.3,0.00,0.98,0.00,3.91,0.00,0.00,0.00,1.0,95830.0,95350.0,0.0,0.0,0.5,0.0,64.124,0.000,0.0,676828.0
2026-08-31T15:50:38,0.3,4395,1547350,1531772,0.3,0.00,1.62,0.00,6.48,0.00,0.00,0.00,1.0,95830.0,95350.0,0.0,0.0,0.5,0.0,64.135,0.000,0.0,708168.0
2026-08-31T15:50:40,0.2,4395,1547350,1531772,0.3,0.00,0.86,0.00,3.42,0.00,0.00,0.00,1.0,95830.0,95350.0,0.0,0.0,0.5,0.0,64.125,0.000,0.0,708168.0
2026-08-31T15:50:41,0.2,4395,1547350,1531773,0.3,0.00,1.14,0.00,4.57,0.00,0.00,0.00,1.0,95830.0,95350.0,0.0,0.0,0.5,0.0,64.123,0.000,0.0,716419.5
2026-08-31T15:50:41,0.2,4395,1547350,1531773,0.3,0.00,1.39,0.00,5.54,0.00,0.00,0.00,1.0,95830.0,95350.0,0.0,0.0,0.5,0.0,64.126,0.000,0.0,716419.5
2026-08-31T15:50:42,0.2,4395,1547350,1531772,0.3,0.00,2.15,0.00,8.58,0.00,0.00,0.00,1.0,95830.0,95350.0,0.0,0.0,0.5,0.0,64.151,0.000,0.0,716419.5
2026-08-31T15:50:42,0.2,4394,1547350,1531773,0.3,0.00,3.15,0.00,12.62,0.00,0.00,0.00,1.0,95830.0,95350.0,0.0,0.0,0.5,0.0,64.144,0.000,0.0,752597.0
2026-08-31T15:50:43,0.2,4394,1547350,1531773,0.3,0.00,0.96,0.00,3.84,0.00,0.00,0.00,1.0,95830.0,95350.0,0.0,0.0,0.5,0.0,64.118,0.000,0.0,752597.0
2026-08-31T15:50:44,0.2,4394,1547350,1531773,0.3,0.00,1.09,0.00,4.36,0.00,0.00,0.00,1.0,95830.0,95350.0,0.0,0.0,0.5,0.0,64.126,0.000,0.0,695079.0
2026-08-31T15:50:45,0.2,4395,1547350,1531773,0.3,0.00,2.11,0.00,8.43,0.00,0.33,0.00,1.0,95830.0,95350.0,0.0,0.0,0.5,0.0,64.144,0.000,0.0,695079.0
2026-08-31T15:50:46,0.2,4395,1547350,1531773,0.3,0.00,1.68,0.00,6.72,0.00,0.00,0.00,1.0,95830.0,95350.0,0.0,0.0,0.5,0.0,64.128,0.000,0.0,691991.5
2026-08-31T15:50:47,0.2,4394,1547350,1531774,0.3,0.00,0.70,0.00,2.81,0.00,0.00,0.00,1.0,95830.0,95350.0,0.0,0.0,0.5,0.0,64.136,0.000,0.0,670764.0
2026-08-31T15:50:48,0.2,4394,1547350,1531774,0.3,0.00,0.99,0.00,3.97,0.00,0.00,0.00,1.0,95830.0,95350.0,0.0,0.0,0.5,0.0,64.136,0.000,0.0,670764.0
2026-08-31T15:50:49,0.2,4394,1547350,1531774,0.3,0.00,2.05,0.00,8.20,0.00,0.00,0.00,1.0,95830.0,95350.0,0.0,0.0,0.5,0.0,64.127,0.000,0.0,743458.5
2026-08-31T15:50:50,0.2,4393,1547350,1531774,0.3,0.00,1.01,0.00,4.02,0.00,0.00,0.00,1.0,95830.0,95350.0,0.0,0.0,0.5,0.0,64.106,0.000,0.0,743458.5
2026-08-31T15:50:50,0.3,4394,1547350,1531774,0.3,0.00,17.54,0.00,147.87,0.00,0.00,0.00,1.0,95830.0,95350.0,0.0,0.0,0.5,0.0,64.106,0.000,0.0,743458.5
2026-08-31T15:50:51,0.2,4395,1547350,1531773,0.3,0.00,2.14,0.00,8.57,0.00,0.00,0.00,1.0,95830.0,95350.0,0.0,0.0,0.5,0.0,64.125,0.000,0.0,738183.0
2026-08-31T15:50:52,0.2,4395,1547350,1531773,0.3,0.00,0.86,0.00,3.45,0.00,0.00,0.00,1.0,95830.0,95350.0,0.0,0.0,0.5,0.0,64.129,0.000,0.0,738183.0
2026-08-31T15:50:52,0.3,4395,1547350,1531772,0.3,0.00,1.81,0.00,7.25,0.00,0.00,0.00,1.0,95830.0,95350.0,0.0,0.0,0.5,0.0,64.128,0.000,0.0,733226.5
2026-08-31T15:50:53,0.2,4395,1547350,1531773,0.3,0.00,1.01,0.00,4.05,0.00,0.00,0.00,1.0,95830.0,95350.0,0.0,0.0,0.5,0.0,64.129,0.000,0.0,733226.5
2026-08-31T15:50:54,0.3,4394,1547350,1531773,0.3,0.00,2.95,0.00,11.80,0.00,0.00,0.00,1.0,95830.0,95350.0,0.0,0.0,0.5,0.0,64.136,0.000,0.0,733226.5
2026-08-31T15:50:54,0.3,4395,1547350,1531773,0.3,0.00,1.96,0.00,7.83,0.00,1.00,0.00,1.0,95830.0,95350.0,0.0,0.0,0.5,0.0,64.134,0.000,0.0,837609.5
2026-08-31T15:50:55,0.2,4395,1547350,1531773,0.3,0.00,2.04,0.00,8.15,0.00,0.00,0.00,1.0,95830.0,95350.0,0.0,0.0,0.5,0.0,64.126,0.000,0.0,667994.5
2026-08-31T15:50:56,0.2,4395,1547350,1531773,0.3,0.00,0.73,0.00,2.93,0.00,0.00,0.00,1.0,95830.0,95350.0,0.0,0.0,0.5,0.0,64.127,0.000,0.0,667994.5
2026-08-31T15:50:57,0.2,4395,1547350,1531773,0.3,0.00,1.93,0.00,7.74,0.00,0.00,0.19,1.0,95830.0,95350.0,0.0,0.0,0.5,0.0,64.118,0.000,0.0,697530.0
2026-08-31T15:50:58,0.2,4395,1547350,1531772,0.3,0.00,0.69,0.00,2.77,0.00,0.00,0.00,1.0,95830.0,95350.0,0.0,0.0,0.5,0.0,64.132,0.000,0.0,724506.0
2026-08-31T15:51:00,0.2,4395,1547350,1531772,0.3,0.00,0.73,0.00,2.92,0.00,0.00,0.00,1.0,95830.0,95350.0,0.0,0.0,0.5,0.0,64.124,0.000,0.0,657537.0
2026-08-31T15:51:01,0.3,4403,1547350,1531765,0.3,0.00,0.65,0.00,2.60,0.00,0.00,0.00,1.0,95830.0,95350.0,0.0,0.0,0.5,0.0,64.126,0.000,0.0,682209.5
2026-08-31T15:51:03,0.2,4404,1547350,1531764,0.3,0.00,0.67,0.00,2.70,0.00,0.00,0.00,1.0,95830.0,95350.0,0.0,0.0,0.5,0.0,64.114,0.000,0.0,682209.5
2026-08-31T15:51:03,0.2,4403,1547350,1531765,0.3,0.00,1.19,0.00,4.75,0.00,0.00,0.00,1.0,95830.0,95350.0,0.0,0.0,0.5,0.0,64.133,0.000,0.0,746658.5
2026-08-31T15:51:04,0.2,4402,1547350,1531765,0.3,0.00,1.47,0.00,5.87,0.00,0.00,0.00,1.0,95830.0,95350.0,0.0,0.0,0.5,0.0,64.145,0.000,0.0,746658.5
2026-08-31T15:51:05,0.2,4402,1547350,1531766,0.3,0.00,0.87,0.00,3.46,0.00,0.00,0.00,1.0,95830.0,95350.0,0.0,0.0,0.5,0.0,64.142,0.000,0.0,743640.0
2026-08-31T15:51:07,0.2,4402,1547350,1531765,0.3,0.00,0.74,0.00,2.96,0.00,0.00,0.00,1.0,95830.0,95350.0,0.0,0.0,0.5,0.0,64.133,0.000,0.0,743640.0
2026-08-31T15:51:07,0.3,4402,1547350,1531765,0.3,0.00,2.67,0.00,10.67,0.00,0.00,0.00,1.0,95830.0,95350.0,0.0,0.0,0.5,0.0,64.146,0.000,0.0,726809.0
2026-08-31T15:51:08,0.2,4402,1547350,1531766,0.3,0.00,0.69,0.00,2.76,0.00,0.00,0.00,1.0,95830.0,95350.0,0.0,0.0,0.5,0.0,64.126,0.000,0.0,661260.0
2026-08-31T15:51:10,0.2,4402,1547350,1531766,0.3,0.00,1.28,0.00,5.13,0.00,0.00,0.00,1.0,95830.0,95350.0,0.0,0.0,0.5,0.0,64.110,0.000,0.0,659404.5
2026-08-31T15:51:12,0.2,4400,1547350,1531767,0.3,0.00,0.61,0.00,2.44,0.00,0.00,0.00,1.0,95830.0,95350.0,0.0,0.0,0.5,0.0,64.139,0.000,0.0,659404.5
2026-08-31T15:51:12,0.2,4400,1547350,1531768,0.3,0.00,1.82,0.00,7.27,0.00,0.00,0.00,1.0,95830.0,95350.0,0.0,0.0,0.5,0.0,64.136,0.000,0.0,681395.5
2026-08-31T15:51:14,0.2,4400,1547350,1531767,0.3,0.00,0.61,0.00,2.43,0.00,0.00,0.00,1.0,95830.0,95350.0,0.0,0.0,0.5,0.0,64.136,0.000,0.0,658677.0
2026-08-31T15:51:15,0.2,4401,1547350,1531767,0.3,0.00,0.60,0.00,2.39,0.00,0.00,0.00,1.0,95830.0,95350.0,0.0,0.0,0.5,0.0,64.126,0.000,0.0,653730.5
2026-08-31T15:51:17,0.2,4401,1547350,1531767,0.3,0.00,0.64,0.00,2.56,0.00,0.00,0.00,1.0,95830.0,95350.0,0.0,0.0,0.5,0.0,64.140,0.000,0.0,660246.5
2026-08-31T15:51:19,0.2,4401,1547350,1531766,0.3,0.00,0.62,0.00,2.49,0.00,0.00,0.00,1.0,95830.0,95350.0,0.0,0.0,0.5,0.0,64.134,0.000,0.0,660246.5
2026-08-31T15:51:19,0.2,4400,1547350,1531767,0.3,0.00,2.51,0.00,10.03,0.00,1.00,0.00,1.0,95830.0,95350.0,0.0,0.0,0.5,0.0,64.149,0.000,0.0,719331.5
2026-08-31T15:51:20,0.2,4400,1547350,1531767,0.3,0.00,2.06,0.00,15.81,0.00,0.00,0.00,1.0,95830.0,95350.0,0.0,0.0,0.5,0.0,64.125,0.000,0.0,663749.5
2026-08-31T15:51:22,0.2,4401,1547350,1531767,0.3,0.00,0.72,0.00,2.88,0.00,0.00,0.00,1.0,95830.0,95350.0,0.0,0.0,0.5,0.0,64.139,0.000,0.0,663749.5
2026-08-31T15:51:23,0.2,4400,1547350,1531768,0.3,0.00,1.58,0.00,6.34,0.00,0.00,0.00,1.0,95830.0,95350.0,0.0,0.0,0.5,0.0,64.143,0.000,0.0,706015.0
2026-08-31T15:51:23,0.2,4400,1547350,1531768,0.3,0.00,1.01,0.00,4.03,0.00,0.00,0.00,1.0,95830.0,95350.0,0.0,0.0,0.5,0.0,64.146,0.000,0.0,687084.5
2026-08-31T15:51:25,0.2,4400,1547350,1531768,0.3,0.00,0.71,0.00,2.85,0.00,0.00,0.00,1.0,95830.0,95350.0,0.0,0.0,0.5,0.0,64.154,0.000,0.0,687084.5
2026-08-31T15:51:26,0.2,4400,1547350,1531768,0.3,0.00,1.61,0.00,6.45,0.00,0.00,0.00,1.0,95830.0,95350.0,0.0,0.0,0.5,0.0,64.144,0.000,0.0,677377.5
2026-08-31T15:51:27,0.2,4401,1547350,1531767,0.3,0.00,0.57,0.00,2.28,0.00,0.00,0.00,1.0,95830.0,95350.0,0.0,0.0,0.5,0.0,64.145,0.000,0.0,657351.0
2026-08-31T15:51:29,0.2,4400,1547350,1531767,0.3,0.00,0.62,0.00,2.46,0.00,0.00,0.06,1.0,95830.0,95350.0,0.0,0.0,0.5,0.0,64.141,0.000,0.0,657351.0
2026-08-31T15:51:30,0.3,4400,1547350,1531768,0.3,0.00,1.55,0.00,6.21,0.00,0.00,0.00,1.0,95830.0,95350.0,0.0,0.0,0.5,0.0,64.141,0.000,0.0,701892.5
2026-08-31T15:51:31,0.2,4399,1547350,1531768,0.3,0.00,2.92,0.00,11.70,0.00,0.00,0.00,1.0,95830.0,95350.0,0.0,0.0,0.5,0.0,64.133,0.000,0.0,701892.5
2026-08-31T15:51:32,0.2,4399,1547350,1531768,0.3,0.00,0.85,0.00,3.38,0.00,0.00,0.00,1.0,95830.0,95350.0,0.0,0.0,0.5,0.0,64.140,0.000,0.0,669519.0
2026-08-31T15:51:33,0.2,4399,1547350,1531769,0.3,0.00,0.71,0.00,2.86,0.00,0.00,0.00,1.0,95830.0,95350.0,0.0,0.0,0.5,0.0,64.124,0.000,0.0,670221.0
2026-08-31T15:51:35,0.2,4399,1547350,1531769,0.3,0.00,0.61,0.00,2.46,0.00,0.00,0.00,1.0,95830.0,95350.0,0.0,0.0,0.5,0.0,64.130,0.000,0.0,715064.5
2026-08-31T15:51:36,0.2,4398,1547350,1531770,0.3,0.00,3.29,0.00,13.18,0.00,0.25,0.00,1.0,95830.0,95350.0,0.0,0.0,0.5,0.0,64.129,0.000,0.0,657191.5
2026-08-31T15:51:38,0.2,4399,1547350,1531768,0.3,0.00,0.55,0.00,2.22,0.00,0.00,0.00,1.0,95830.0,95350.0,0.0,0.0,0.5,0.0,64.126,0.000,0.0,660252.5
2026-08-31T15:51:39,0.2,4399,1547350,1531769,0.3,0.00,0.71,0.00,2.84,0.00,0.00,0.00,1.0,95830.0,95350.0,0.0,0.0,0.5,0.0,64.135,0.000,0.0,660252.5
2026-08-31T15:51:40,0.3,4400,1547350,1531768,0.3,0.00,1.09,0.00,4.37,0.00,0.00,0.00,1.0,95830.0,95350.0,0.0,0.0,0.5,0.0,64.136,0.000,0.0,694067.0
2026-08-31T15:51:41,0.2,4399,1547350,1531769,0.3,0.00,3.77,0.00,15.09,0.00,0.00,0.00,1.0,95830.0,95350.0,0.0,0.0,0.5,0.0,64.145,0.000,0.0,670820.5
2026-08-31T15:51:42,0.2,4399,1547350,1531769,0.3,0.00,0.81,0.00,3.22,0.00,0.00,0.00,1.0,95830.0,95350.0,0.0,0.0,0.5,0.0,64.140,0.000,0.0,670820.5
2026-08-31T15:51:43,0.2,4398,1547350,1531769,0.3,0.00,1.11,0.00,4.45,0.00,0.00,0.11,1.0,95830.0,95350.0,0.0,0.0,0.5,0.0,64.145,0.000,0.0,692301.5
2026-08-31T15:51:45,0.2,4397,1547350,1531770,0.3,0.00,0.80,0.00,3.21,0.00,0.00,0.00,1.0,95830.0,95350.0,0.0,0.0,0.5,0.0,64.127,0.000,0.0,692301.5
2026-08-31T15:51:45,0.2,4398,1547350,1531770,0.3,0.00,1.34,0.00,5.36,0.00,0.00,0.00,1.0,95830.0,95350.0,0.0,0.0,0.5,0.0,64.116,0.000,0.0,704810.5
2026-08-31T15:51:46,0.2,4398,1547350,1531770,0.3,0.00,2.42,0.00,9.66,0.00,0.00,0.00,1.0,95830.0,95350.0,0.0,0.0,0.5,0.0,64.139,0.000,0.0,688248.0
2026-08-31T15:51:47,0.2,4397,1547350,1531770,0.3,0.00,0.83,0.00,3.31,0.00,0.00,0.00,1.0,95830.0,95350.0,0.0,0.0,0.5,0.0,64.126,0.000,0.0,649326.5
2026-08-31T15:51:49,0.2,4397,1547350,1531771,0.3,0.00,0.75,0.00,2.99,0.00,0.00,0.00,1.0,95830.0,95350.0,0.0,0.0,0.5,0.0,64.129,0.000,0.0,714518.5
2026-08-31T15:51:50,0.2,4397,1547350,1531770,0.3,0.00,0.88,0.00,3.53,0.00,0.00,0.00,1.0,95830.0,95350.0,0.0,0.0,0.5,0.0,64.102,0.000,0.0,714518.5
2026-08-31T15:51:51,0.2,4397,1547350,1531770,0.3,0.00,9.56,0.00,72.88,0.00,0.12,0.00,1.0,95830.0,95350.0,0.0,0.0,0.5,0.0,64.147,0.000,0.0,689958.5
2026-08-31T15:51:52,0.2,4397,1547350,1531770,0.3,0.00,0.72,0.00,2.88,0.00,0.00,0.00,1.0,95830.0,95350.0,0.0,0.0,0.5,0.0,64.124,0.000,0.0,673521.5
2026-08-31T15:51:53,0.2,4398,1547350,1531770,0.3,0.00,0.82,0.00,3.27,0.00,0.00,0.00,1.0,95830.0,95350.0,0.0,0.0,0.5,0.0,64.133,0.000,0.0,672652.5
2026-08-31T15:51:55,0.2,4398,1547350,1531770,0.3,0.00,0.70,0.00,2.80,0.00,0.00,0.00,1.0,95830.0,95350.0,0.0,0.0,0.5,0.0,64.101,0.000,0.0,663757.5
2026-08-31T15:51:56,0.2,4399,1547350,1531769,0.3,0.00,0.76,0.00,3.05,0.00,0.00,0.00,1.0,95830.0,95350.0,0.0,0.0,0.5,0.0,64.136,0.000,0.0,643849.5
2026-08-31T15:51:57,0.2,4399,1547350,1531769,0.3,0.00,0.67,0.00,2.68,0.00,0.00,0.00,1.0,95830.0,95350.0,0.0,0.0,0.5,0.0,64.148,0.000,0.0,698991.0
2026-08-31T15:51:59,0.2,4399,1547350,1531769,0.3,0.00,0.74,0.00,2.98,0.00,0.00,0.00,1.0,95830.0,95350.0,0.0,0.0,0.5,0.0,64.134,0.000,0.0,684795.5
2026-08-31T15:52:00,0.2,4399,1547350,1531769,0.3,0.00,0.74,0.00,2.94,0.00,0.00,0.00,1.0,95830.0,95350.0,0.0,0.0,0.5,0.0,64.137,0.000,0.0,684795.5
2026-08-31T15:52:01,0.3,4402,1547350,1531765,0.3,0.00,1.09,0.00,4.36,0.00,0.00,0.11,1.0,95830.0,95350.0,0.0,0.0,0.5,0.0,64.130,0.000,0.0,664776.0
2026-08-31T15:52:02,0.2,4403,1547350,1531765,0.3,0.00,0.74,0.00,2.97,0.00,0.00,0.00,1.0,95830.0,95350.0,0.0,0.0,0.5,0.0,64.125,0.000,0.0,664776.0
2026-08-31T15:52:03,0.2,4404,1547350,1531763,0.3,0.00,1.32,0.00,5.28,0.00,0.00,0.00,1.0,95830.0,95350.0,0.0,0.0,0.5,0.0,64.153,0.000,0.0,713408.5
2026-08-31T15:52:04,0.2,4404,1547350,1531764,0.3,0.00,1.19,0.00,4.75,0.00,0.00,0.00,1.0,95830.0,95350.0,0.0,0.0,0.5,0.0,64.144,0.000,0.0,677037.0
2026-08-31T15:52:05,0.3,4402,1547350,1531765,0.3,0.00,0.75,0.00,2.98,0.00,0.00,0.00,1.0,95830.0,95350.0,0.0,0.0,0.5,0.0,64.127,0.000,0.0,660928.5
2026-08-31T15:52:08,0.2,4402,1547350,1531766,0.3,0.00,0.39,0.00,1.54,0.00,0.00,0.00,1.0,95830.0,95350.0,0.0,0.0,0.5,0.0,64.095,0.000,0.0,661457.0
2026-08-31T15:52:09,0.2,4402,1547350,1531765,0.3,0.00,0.87,0.00,3.48,0.00,0.00,0.00,1.0,95830.0,95350.0,0.0,0.0,0.5,0.0,64.123,0.000,0.0,661457.0
2026-08-31T15:52:10,0.2,4403,1547350,1531765,0.3,0.00,1.01,0.00,4.02,0.00,1.00,0.00,1.0,95830.0,95350.0,0.0,0.0,0.5,0.0,64.103,0.000,0.0,669815.5
2026-08-31T15:52:12,0.2,4475,1547350,1531692,0.3,0.00,1.07,0.00,4.27,0.00,0.00,0.00,1.0,95830.0,95350.0,0.0,0.0,0.5,0.0,64.123,0.000,0.0,661062.0
2026-08-31T15:52:13,0.2,4489,1547350,1531679,0.3,0.00,0.68,0.00,2.72,0.00,0.00,0.00,1.0,95830.0,95350.0,0.0,0.0,0.5,0.0,64.093,0.000,0.0,678796.0
2026-08-31T15:52:15,0.2,4490,1547350,1531677,0.3,0.00,0.59,0.00,2.37,0.00,0.00,0.00,1.0,95830.0,95350.0,0.0,0.0,0.5,0.0,64.117,0.000,0.0,662487.5
2026-08-31T15:52:17,0.3,4572,1547350,1531595,0.3,0.00,0.59,0.00,2.35,0.00,0.00,0.00,1.0,95830.0,95350.0,0.0,0.0,0.5,0.0,64.126,0.000,0.0,651603.0
2026-08-31T15:52:19,0.2,4572,1547350,1531595,0.3,0.00,0.60,0.00,2.39,0.00,0.00,0.00,1.0,95830.0,95350.0,0.0,0.0,0.5,0.0,64.123,0.000,0.0,651603.0
2026-08-31T15:52:19,0.2,4572,1547350,1531595,0.3,0.00,1.50,0.00,6.01,0.00,0.00,0.00,1.0,95830.0,95350.0,0.0,0.0,0.5,0.0,64.126,0.000,0.0,691311.0
2026-08-31T15:52:20,0.2,4574,1547350,1531594,0.3,0.00,1.68,0.00,14.68,0.00,0.00,0.00,1.0,95830.0,95350.0,0.0,0.0,0.5,0.0,64.118,0.000,0.0,675709.0
2026-08-31T15:52:22,0.2,4576,1547350,1531591,0.3,0.00,0.83,0.00,3.31,0.00,0.00,0.00,1.0,95830.0,95350.0,0.0,0.0,0.5,0.0,64.122,0.000,0.0,663588.5
2026-08-31T15:52:23,0.2,4579,1547350,1531589,0.3,0.00,0.62,0.00,2.46,0.00,0.00,0.00,1.0,95830.0,95350.0,0.0,0.0,0.5,0.0,64.120,0.000,0.0,660424.0
2026-08-31T15:52:25,0.2,4579,1547350,1531588,0.3,0.00,0.61,0.00,2.42,0.00,0.00,0.00,1.0,95830.0,95350.0,0.0,0.0,0.5,0.0,64.108,0.000,0.0,665341.5
2026-08-31T15:52:26,0.2,4579,1547350,1531588,0.3,0.00,0.82,0.00,3.29,0.00,0.00,0.00,1.0,95830.0,95350.0,0.0,0.0,0.5,0.0,64.112,0.000,0.0,732203.5
2026-08-31T15:52:28,0.2,4579,1547350,1531588,0.3,0.00,0.55,0.00,2.18,0.00,0.00,0.00,1.0,95830.0,95350.0,0.0,0.0,0.5,0.0,64.112,0.000,0.0,645404.0
2026-08-31T15:52:29,0.2,4580,1547350,1531587,0.3,0.00,0.66,0.00,2.64,0.00,0.00,0.00,1.0,95830.0,95350.0,0.0,0.0,0.5,0.0,64.130,0.000,0.0,664779.5
2026-08-31T15:52:31,0.2,4581,1547350,1531586,0.3,0.00,0.60,0.00,2.41,0.00,0.00,0.06,1.0,95830.0,95350.0,0.0,0.0,0.5,0.0,64.134,0.000,0.0,657543.5
2026-08-31T15:52:33,0.2,4581,1547350,1531586,0.3,0.00,3.72,0.00,17.36,0.00,0.17,0.06,1.0,95830.0,95350.0,0.0,0.0,0.5,0.0,64.138,0.000,0.0,658017.0
2026-08-31T15:52:34,0.2,4581,1547350,1531586,0.3,0.00,0.63,0.00,2.54,0.00,0.00,0.00,1.0,95830.0,95350.0,0.0,0.0,0.5,0.0,64.121,0.000,0.0,641958.0
2026-08-31T15:52:36,0.2,4581,1547350,1531587,0.3,0.00,0.76,0.00,3.03,0.00,0.00,0.00,1.0,95830.0,95350.0,0.0,0.0,0.5,0.0,64.134,0.000,0.0,641958.0
2026-08-31T15:52:36,0.2,4581,1547350,1531586,0.3,0.00,1.29,0.00,5.15,0.00,0.00,0.00,1.0,95830.0,95350.0,0.0,0.0,0.5,0.0,64.116,0.000,0.0,708483.5
2026-08-31T15:52:38,0.2,4583,1547350,1531584,0.3,0.00,0.85,0.00,3.38,0.00,0.00,0.00,1.0,95830.0,95350.0,0.0,0.0,0.5,0.0,64.144,0.000,0.0,691582.5
2026-08-31T15:52:39,0.2,4584,1547350,1531583,0.3,0.00,0.73,0.00,2.91,0.00,0.00,0.00,1.0,95830.0,95350.0,0.0,0.0,0.5,0.0,64.124,0.000,0.0,691582.5
2026-08-31T15:52:39,0.3,4584,1547350,1531583,0.3,0.00,2.08,0.00,8.32,0.00,0.00,0.00,1.0,95830.0,95350.0,0.0,0.0,0.5,0.0,64.144,0.000,0.0,747353.0
2026-08-31T15:52:40,0.2,4584,1547350,1531583,0.3,0.00,1.87,0.00,7.48,0.00,0.00,0.00,1.0,95830.0,95350.0,0.0,0.0,0.5,0.0,64.103,0.000,0.0,670829.5
2026-08-31T15:52:41,0.2,4585,1547350,1531582,0.3,0.00,0.82,0.00,3.28,0.00,0.00,0.00,1.0,95830.0,95350.0,0.0,0.0,0.5,0.0,64.124,0.000,0.0,691631.5
2026-08-31T15:52:42,0.2,4586,1547350,1531582,0.3,0.00,0.76,0.00,3.06,0.00,0.00,0.00,1.0,95830.0,95350.0,0.0,0.0,0.5,0.0,64.129,0.000,0.0,691631.5
2026-08-31T15:52:43,0.3,4586,1547350,1531581,0.3,0.00,5.22,0.00,27.83,0.00,0.00,0.00,1.0,95830.0,95350.0,0.0,0.0,0.5,0.0,64.130,0.000,0.0,752869.0
2026-08-31T15:52:44,0.2,4586,1547350,1531581,0.3,0.00,0.90,0.00,3.58,0.00,0.00,0.00,1.0,95830.0,95350.0,0.0,0.0,0.5,0.0,64.123,0.000,0.0,752869.0
2026-08-31T15:52:45,0.3,4586,1547350,1531581,0.3,0.00,2.27,0.00,9.07,0.00,0.00,0.00,1.0,95830.0,95350.0,0.0,0.0,0.5,0.0,64.122,0.000,0.0,721707.5
2026-08-31T15:52:46,0.2,4587,1547350,1531580,0.3,0.00,0.86,0.00,3.43,0.00,0.00,0.09,1.0,95830.0,95350.0,0.0,0.0,0.5,0.0,64.125,0.000,0.0,675738.5
2026-08-31T15:52:47,0.2,4587,1547350,1531581,0.3,0.00,0.86,0.00,3.46,0.00,1.00,0.00,1.0,95830.0,95350.0,0.0,0.0,0.5,0.0,64.102,0.000,0.0,675738.5
2026-08-31T15:52:47,0.2,4586,1547350,1531581,0.3,0.00,4.31,0.00,17.24,0.00,0.00,0.00,1.0,95830.0,95350.0,0.0,0.0,0.5,0.0,64.115,0.000,0.0,700407.0
2026-08-31T15:52:49,0.2,4588,1547350,1531580,0.3,0.00,0.75,0.00,2.99,0.00,0.00,0.00,1.0,95830.0,95350.0,0.0,0.0,0.5,0.0,64.105,0.000,0.0,700407.0
2026-08-31T15:52:49,0.3,4588,1547350,1531579,0.3,0.00,2.61,0.00,10.44,0.00,0.00,0.00,1.0,95830.0,95350.0,0.0,0.0,0.5,0.0,64.082,0.000,0.0,734391.5
2026-08-31T15:52:50,0.2,4588,1547350,1531579,0.3,0.00,0.89,0.00,3.56,0.00,0.00,0.00,1.0,95830.0,95350.0,0.0,0.0,0.5,0.0,64.110,0.000,0.0,734391.5
2026-08-31T15:52:51,0.2,4587,1547350,1531580,0.3,0.00,14.23,0.00,118.90,0.00,0.00,0.00,1.0,95830.0,95350.0,0.0,0.0,0.5,0.0,64.131,0.000,0.0,766243.5
2026-08-31T15:52:51,0.3,4587,1547350,1531580,0.3,0.00,5.19,0.00,12.99,0.00,0.00,0.00,1.0,95830.0,95350.0,0.0,0.0,0.5,0.0,64.144,0.000,0.0,706955.0
2026-08-31T15:52:52,0.2,4587,1547350,1531580,0.3,0.00,0.78,0.00,3.12,0.00,0.00,0.00,1.0,95830.0,95350.0,0.0,0.0,0.5,0.0,64.114,0.000,0.0,670811.5
2026-08-31T15:52:54,0.2,4588,1547350,1531580,0.3,0.00,0.82,0.00,3.27,0.00,0.00,0.00,1.0,95830.0,95350.0,0.0,0.0,0.5,0.0,64.125,0.000,0.0,670811.5
2026-08-31T15:52:55,0.2,4588,1547350,1531579,0.3,0.00,1.05,0.00,4.20,0.00,0.00,0.00,1.0,95830.0,95350.0,0.0,0.0,0.5,0.0,64.120,0.000,0.0,687318.5
2026-08-31T15:52:56,0.2,4589,1547350,1531578,0.3,0.00,0.82,0.00,3.27,0.00,0.00,0.00,1.0,95830.0,95350.0,0.0,0.0,0.5,0.0,64.132,0.000,0.0,687318.5
2026-08-31T15:52:56,0.3,4591,1547350,1531577,0.3,0.00,1.77,0.00,7.07,0.00,0.00,0.00,1.0,95830.0,95350.0,0.0,0.0,0.5,0.0,64.120,0.000,0.0,741348.0
2026-08-31T15:52:58,0.2,4590,1547350,1531578,0.3,0.00,0.81,0.00,3.22,0.00,1.00,0.00,1.0,95830.0,95350.0,0.0,0.0,0.5,0.0,64.125,0.000,0.0,661088.0
2026-08-31T15:52:59,0.2,4591,1547350,1531577,0.3,0.00,0.64,0.00,2.55,0.00,0.00,0.00,1.0,95830.0,95350.0,0.0,0.0,0.5,0.0,64.109,0.000,0.0,652634.5
2026-08-31T15:53:00,0.2,4591,1547350,1531577,0.3,0.00,0.99,0.00,3.97,0.00,0.00,0.00,1.0,95830.0,95350.0,0.0,0.0,0.5,0.0,64.127,0.000,0.0,701658.5
2026-08-31T15:53:02,0.3,4595,1547350,1531572,0.3,0.00,0.74,0.00,2.96,0.00,0.00,0.00,1.0,95830.0,95350.0,0.0,0.0,0.5,0.0,64.117,0.000,0.0,670233.5
2026-08-31T15:53:03,0.2,4596,1547350,1531572,0.3,0.00,0.76,0.00,3.03,0.00,0.00,0.00,1.0,95830.0,95350.0,0.0,0.0,0.5,0.0,64.115,0.000,0.0,670233.5
2026-08-31T15:53:03,0.2,4597,1547350,1531571,0.3,0.00,1.81,0.00,7.23,0.00,0.00,0.00,1.0,95830.0,95350.0,0.0,0.0,0.5,0.0,64.139,0.000,0.0,703573.5
2026-08-31T15:53:05,0.2,4597,1547350,1531571,0.3,0.00,0.71,0.00,2.82,0.00,0.00,0.00,1.0,95830.0,95350.0,0.0,0.0,0.5,0.0,64.116,0.000,0.0,665104.0
2026-08-31T15:53:06,0.2,4597,1547350,1531570,0.3,0.00,0.68,0.00,2.74,0.00,0.00,0.00,1.0,95830.0,95350.0,0.0,0.0,0.5,0.0,64.127,0.000,0.0,660926.5
2026-08-31T15:53:08,0.2,4598,1547350,1531569,0.3,0.00,0.70,0.00,2.80,0.00,0.00,0.00,1.0,95830.0,95350.0,0.0,0.0,0.5,0.0,64.106,0.000,0.0,644025.0
2026-08-31T15:53:09,0.2,4599,1547350,1531569,0.3,0.00,0.66,0.00,2.65,0.00,0.00,0.00,1.0,95830.0,95350.0,0.0,0.0,0.5,0.0,64.135,0.000,0.0,709115.5
2026-08-31T15:53:11,0.2,4599,1547350,1531569,0.3,0.00,0.72,0.00,2.88,0.00,0.00,0.00,1.0,95830.0,95350.0,0.0,0.0,0.5,0.0,64.117,0.000,0.0,661455.5
2026-08-31T15:53:12,0.2,4596,1547350,1531571,0.3,0.00,0.67,0.00,2.70,0.00,0.00,0.00,1.0,95830.0,95350.0,0.0,0.0,0.5,0.0,64.118,0.000,0.0,661417.5
2026-08-31T15:53:14,0.2,4596,1547350,1531572,0.3,0.00,0.64,0.00,2.57,0.00,0.00,0.00,1.0,95830.0,95350.0,0.0,0.0,0.5,0.0,64.097,0.000,0.0,661382.5
2026-08-31T15:53:15,0.2,4597,1547350,1531571,0.3,0.00,0.60,0.00,2.40,0.00,0.00,0.00,1.0,95830.0,95350.0,0.0,0.0,0.5,0.0,64.103,0.000,0.0,654116.5
2026-08-31T15:53:17,0.2,4597,1547350,1531571,0.3,0.00,0.64,0.00,2.55,0.00,0.00,0.00,1.0,95830.0,95350.0,0.0,0.0,0.5,0.0,64.120,0.000,0.0,657697.0
2026-08-31T15:53:19,0.2,4597,1547350,1531571,0.3,0.00,1.23,0.00,4.94,0.00,0.00,0.00,1.0,95830.0,95350.0,0.0,0.0,0.5,0.0,64.084,0.000,0.0,661604.5
2026-08-31T15:53:20,0.2,4597,1547350,1531571,0.3,0.00,0.60,0.00,2.41,0.00,0.00,0.00,1.0,95830.0,95350.0,0.0,0.0,0.5,0.0,64.096,0.000,0.0,668280.0
2026-08-31T15:53:22,0.2,4597,1547350,1531570,0.3,0.00,2.61,0.00,15.32,0.00,0.00,0.00,1.0,95830.0,95350.0,0.0,0.0,0.5,0.0,64.123,0.000,0.0,659900.5
2026-08-31T15:53:23,0.2,4597,1547350,1531570,0.3,0.00,0.60,0.00,2.41,0.00,1.00,0.00,1.0,95830.0,95350.0,0.0,0.0,0.5,0.0,64.112,0.000,0.0,649459.0
2026-08-31T15:53:25,0.2,4598,1547350,1531569,0.3,0.00,0.63,0.00,2.50,0.00,0.00,0.00,1.0,95830.0,95350.0,0.0,0.0,0.5,0.0,64.093,0.000,0.0,649459.0
2026-08-31T15:53:26,0.2,4598,1547350,1531569,0.3,0.00,1.27,0.00,5.06,0.00,0.00,0.00,1.0,95830.0,95350.0,0.0,0.0,0.5,0.0,64.108,0.000,0.0,734047.5
2026-08-31T15:53:27,0.2,4599,1547350,1531568,0.3,0.00,1.24,0.00,4.95,0.00,0.00,0.00,1.0,95830.0,95350.0,0.0,0.0,0.5,0.0,64.106,0.000,0.0,662129.5
2026-08-31T15:53:28,0.2,4599,1547350,1531569,0.3,0.00,0.60,0.00,2.41,0.00,0.00,0.00,1.0,95830.0,95350.0,0.0,0.0,0.5,0.0,64.111,0.000,0.0,651765.5
2026-08-31T15:53:30,0.2,4599,1547350,1531569,0.3,0.00,0.59,0.00,2.35,0.00,0.00,0.00,1.0,95830.0,95350.0,0.0,0.0,0.5,0.0,64.110,0.000,0.0,683635.0
2026-08-31T15:53:31,0.2,4599,1547350,1531569,0.3,0.00,1.12,0.00,4.48,0.00,0.00,0.00,1.0,95830.0,95350.0,0.0,0.0,0.5,0.0,64.115,0.000,0.0,669846.0
2026-08-31T15:53:32,0.2,4599,1547350,1531568,0.3,0.00,0.62,0.00,2.47,0.00,0.00,0.00,1.0,95830.0,95350.0,0.0,0.0,0.5,0.0,64.133,0.000,0.0,660882.5
2026-08-31T15:53:34,0.2,4598,1547350,1531569,0.3,0.00,0.81,0.00,3.25,0.00,0.00,0.00,1.0,95830.0,95350.0,0.0,0.0,0.5,0.0,64.132,0.000,0.0,660882.5
2026-08-31T15:53:35,0.2,4599,1547350,1531568,0.3,0.00,6.32,0.00,29.50,0.00,0.00,0.00,1.0,95830.0,95350.0,0.0,0.0,0.5,0.0,64.132,0.000,0.0,672982.5
2026-08-31T15:53:36,0.2,4599,1547350,1531569,0.3,0.00,0.62,0.00,2.50,0.00,0.00,0.00,1.0,95830.0,95350.0,0.0,0.0,0.5,0.0,64.108,0.000,0.0,681646.5
2026-08-31T15:53:38,0.2,4600,1547350,1531568,0.3,0.00,0.62,0.00,2.50,0.00,0.00,0.00,1.0,95830.0,95350.0,0.0,0.0,0.5,0.0,64.108,0.000,0.0,676669.0
2026-08-31T15:53:39,0.2,4599,1547350,1531568,0.3,0.00,0.62,0.00,2.46,0.00,0.00,0.00,1.0,95830.0,95350.0,0.0,0.0,0.5,0.0,64.109,0.000,0.0,676669.0
2026-08-31T15:53:40,0.2,4601,1547350,1531566,0.3,0.00,1.56,0.00,6.23,0.00,0.00,0.00,1.0,95830.0,95350.0,0.0,0.0,0.5,0.0,64.103,0.000,0.0,682293.0
2026-08-31T15:53:42,0.2,4602,1547350,1531566,0.3,0.00,0.56,0.00,2.22,0.00,1.00,0.00,1.0,95830.0,95350.0,0.0,0.0,0.5,0.0,64.095,0.000,0.0,707215.0
2026-08-31T15:53:43,0.2,4602,1547350,1531566,0.3,0.00,0.84,0.00,3.35,0.00,0.00,0.00,1.0,95830.0,95350.0,0.0,0.0,0.5,0.0,64.111,0.000,0.0,677830.0
2026-08-31T15:53:44,0.2,4602,1547350,1531566,0.3,0.00,1.56,0.00,6.25,0.00,0.00,0.08,1.0,95830.0,95350.0,0.0,0.0,0.5,0.0,64.120,0.000,0.0,677830.0
2026-08-31T15:53:45,0.2,4602,1547350,1531566,0.3,0.00,1.57,0.00,6.30,0.00,0.00,0.00,1.0,95830.0,95350.0,0.0,0.0,0.5,0.0,64.117,0.000,0.0,722328.0
2026-08-31T15:53:46,0.2,4603,1547350,1531564,0.3,0.00,0.76,0.00,3.04,0.00,0.00,0.00,1.0,95830.0,95350.0,0.0,0.0,0.5,0.0,64.120,0.000,0.0,722328.0
2026-08-31T15:53:47,0.2,4604,1547350,1531564,0.3,0.00,1.82,0.00,7.27,0.00,0.00,0.00,1.0,95830.0,95350.0,0.0,0.0,0.5,0.0,64.112,0.000,0.0,701719.0
2026-08-31T15:53:48,0.2,4604,1547350,1531564,0.3,0.00,0.76,0.00,3.02,0.00,0.00,0.00,1.0,95830.0,95350.0,0.0,0.0,0.5,0.0,64.106,0.000,0.0,670040.0
2026-08-31T15:53:49,0.2,4604,1547350,1531564,0.3,0.00,3.08,0.00,12.32,0.00,0.00,0.00,1.0,95830.0,95350.0,0.0,0.0,0.5,0.0,64.100,0.000,0.0,670040.0
2026-08-31T15:53:50,0.3,4604,1547350,1531564,0.3,0.00,2.46,0.00,9.83,0.00,0.00,0.00,1.0,95830.0,95350.0,0.0,0.0,0.5,0.0,64.099,0.000,0.0,835867.0
2026-08-31T15:53:51,0.2,4605,1547350,1531563,0.3,0.00,5.23,0.00,42.84,0.00,0.12,0.00,1.0,95830.0,95350.0,0.0,0.0,0.5,0.0,64.082,0.000,0.0,669832.5
2026-08-31T15:53:53,0.2,4606,1547350,1531562,0.3,0.00,0.93,0.00,3.71,0.00,0.00,0.00,1.0,95830.0,95350.0,0.0,0.0,0.5,0.0,64.127,0.000,0.0,648687.5
2026-08-31T15:53:54,0.2,4606,1547350,1531562,0.3,0.00,0.70,0.00,2.80,0.00,0.00,0.00,1.0,95830.0,95350.0,0.0,0.0,0.5,0.0,64.105,0.000,0.0,687011.0
2026-08-31T15:53:55,0.2,4607,1547350,1531560,0.3,0.00,0.76,0.00,3.03,0.00,0.00,0.08,1.0,95830.0,95350.0,0.0,0.0,0.5,0.0,64.116,0.000,0.0,714749.0
2026-08-31T15:53:57,0.2,4607,1547350,1531560,0.3,0.00,0.75,0.00,3.01,0.00,0.00,0.00,1.0,95830.0,95350.0,0.0,0.0,0.5,0.0,64.096,0.000,0.0,693368.0
2026-08-31T15:53:58,0.2,4607,1547350,1531560,0.3,0.00,0.73,0.00,2.93,0.00,0.00,0.00,1.0,95830.0,95350.0,0.0,0.0,0.5,0.0,64.112,0.000,0.0,693368.0
2026-08-31T15:53:58,0.2,4608,1547350,1531560,0.3,0.00,1.85,0.00,7.39,0.00,0.00,0.00,1.0,95830.0,95350.0,0.0,0.0,0.5,0.0,64.106,0.000,0.0,721542.5
2026-08-31T15:53:59,0.2,4608,1547350,1531559,0.3,0.00,1.06,0.00,4.23,0.00,0.00,0.00,1.0,95830.0,95350.0,0.0,0.0,0.5,0.0,64.045,0.000,0.0,662309.5
2026-08-31T15:54:01,0.2,4612,1547350,1531556,0.3,0.00,0.74,0.00,2.94,0.00,0.00,0.00,1.0,95830.0,95350.0,0.0,0.0,0.5,0.0,64.090,0.000,0.0,676190.5
2026-08-31T15:54:02,0.3,4612,1547350,1531556,0.3,0.00,0.76,0.00,3.04,0.00,0.00,0.00,1.0,95830.0,95350.0,0.0,0.0,0.5,0.0,64.117,0.000,0.0,688215.0
2026-08-31T15:54:04,0.2,4614,1547350,1531554,0.3,0.00,0.69,0.00,2.75,0.00,0.00,0.00,1.0,95830.0,95350.0,0.0,0.0,0.5,0.0,64.108,0.000,0.0,671428.0
2026-08-31T15:54:05,0.2,4614,1547350,1531554,0.3,0.00,0.70,0.00,2.79,0.00,0.00,0.00,1.0,95830.0,95350.0,0.0,0.0,0.5,0.0,64.094,0.000,0.0,690272.0
2026-08-31T15:54:06,0.2,4614,1547350,1531554,0.3,0.00,0.98,0.00,3.91,0.00,0.00,0.10,1.0,95830.0,95350.0,0.0,0.0,0.5,0.0,64.096,0.000,0.0,688722.5
2026-08-31T15:54:07,0.2,4614,1547350,1531554,0.3,0.00,0.75,0.00,3.00,0.00,0.00,0.00,1.0,95830.0,95350.0,0.0,0.0,0.5,0.0,64.115,0.000,0.0,688722.5
2026-08-31T15:54:08,0.2,4613,1547350,1531554,0.3,0.00,1.51,0.00,6.04,0.00,0.00,0.00,1.0,95830.0,95350.0,0.0,0.0,0.5,0.0,64.107,0.000,0.0,715388.0
2026-08-31T15:54:09,0.2,4613,1547350,1531554,0.3,0.00,0.72,0.00,2.88,0.00,0.00,0.00,1.0,95830.0,95350.0,0.0,0.0,0.5,0.0,64.125,0.000,0.0,665521.0
2026-08-31T15:54:11,0.2,4612,1547350,1531556,0.3,0.00,0.61,0.00,2.45,0.00,0.00,0.00,1.0,95830.0,95350.0,0.0,0.0,0.5,0.0,64.106,0.000,0.0,658688.5
2026-08-31T15:54:13,0.2,4613,1547350,1531555,0.3,0.00,0.66,0.00,2.64,0.00,0.00,0.00,1.0,95830.0,95350.0,0.0,0.0,0.5,0.0,64.106,0.000,0.0,678673.5
2026-08-31T15:54:14,0.2,4614,1547350,1531554,0.3,0.00,0.77,0.00,3.07,0.00,1.00,0.00,1.0,95830.0,95350.0,0.0,0.0,0.5,0.0,64.120,0.000,0.0,661436.0
2026-08-31T15:54:15,0.2,4616,1547350,1531552,0.3,0.00,0.62,0.00,2.47,0.00,0.00,0.00,1.0,95830.0,95350.0,0.0,0.0,0.5,0.0,64.143,0.000,0.0,679216.5
2026-08-31T15:54:17,0.2,4615,1547350,1531552,0.3,0.00,0.86,0.00,3.43,0.00,0.00,0.00,1.0,95830.0,95350.0,0.0,0.0,0.5,0.0,64.096,0.000,0.0,670585.5
2026-08-31T15:54:18,0.2,4615,1547350,1531552,0.3,0.00,0.61,0.00,2.44,0.00,0.00,0.00,1.0,95830.0,95350.0,0.0,0.0,0.5,0.0,64.093,0.000,0.0,668858.5
2026-08-31T15:54:20,0.2,4616,1547350,1531552,0.3,0.00,1.33,0.00,5.31,0.00,0.00,0.00,1.0,95830.0,95350.0,0.0,0.0,0.5,0.0,64.112,0.000,0.0,649255.5
2026-08-31T15:54:22,0.2,4615,1547350,1531552,0.3,0.00,6.96,0.00,29.18,0.00,0.08,0.00,1.0,95830.0,95350.0,0.0,0.0,0.5,0.0,64.118,0.000,0.0,665936.5
2026-08-31T15:54:23,0.2,4615,1547350,1531552,0.3,0.00,0.61,0.00,2.44,0.00,0.00,0.00,1.0,95830.0,95350.0,0.0,0.0,0.5,0.0,64.103,0.000,0.0,665936.5
2026-08-31T15:54:24,0.2,4615,1547350,1531552,0.3,0.00,2.44,0.00,9.78,0.00,0.00,0.24,1.0,95830.0,95350.0,0.0,0.0,0.5,0.0,64.115,0.000,0.0,810487.0
2026-08-31T15:54:24,0.3,4615,1547350,1531553,0.3,0.00,2.32,0.00,9.28,0.00,0.00,0.00,1.0,95830.0,95350.0,0.0,0.0,0.5,0.0,64.108,0.000,0.0,691853.0
2026-08-31T15:54:25,0.2,4616,1547350,1531552,0.3,0.00,0.78,0.00,3.14,0.00,0.00,0.00,1.0,95830.0,95350.0,0.0,0.0,0.5,0.0,64.097,0.000,0.0,654810.5
2026-08-31T15:54:27,0.2,4617,1547350,1531550,0.3,0.00,0.58,0.00,2.32,0.00,0.00,0.00,1.0,95830.0,95350.0,0.0,0.0,0.5,0.0,64.096,0.000,0.0,664209.0
2026-08-31T15:54:29,0.2,4618,1547350,1531550,0.3,0.00,0.63,0.00,2.50,0.00,0.00,0.00,1.0,95830.0,95350.0,0.0,0.0,0.5,0.0,64.083,0.000,0.0,664172.0
2026-08-31T15:54:30,0.2,4619,1547350,1531548,0.3,0.00,0.57,0.00,2.28,0.00,0.00,0.00,1.0,95830.0,95350.0,0.0,0.0,0.5,0.0,64.105,0.000,0.0,651906.5
2026-08-31T15:54:32,0.2,4619,1547350,1531548,0.3,0.00,0.59,0.00,2.34,0.00,0.00,0.00,1.0,95830.0,95350.0,0.0,0.0,0.5,0.0,64.109,0.000,0.0,651906.5
2026-08-31T15:54:33,0.2,4619,1547350,1531549,0.3,0.00,2.26,0.00,9.03,0.00,0.00,0.00,1.0,95830.0,95350.0,0.0,0.0,0.5,0.0,64.091,0.000,0.0,733958.0
2026-08-31T15:54:34,0.2,4619,1547350,1531549,0.3,0.00,1.04,0.00,4.17,0.00,0.00,0.00,1.0,95830.0,95350.0,0.0,0.0,0.5,0.0,64.085,0.000,0.0,677879.5
2026-08-31T15:54:35,0.2,4620,1547350,1531548,0.3,0.00,3.35,0.00,13.42,0.00,0.17,0.00,1.0,95830.0,95350.0,0.0,0.0,0.5,0.0,64.106,0.000,0.0,653041.5
2026-08-31T15:54:37,0.2,4620,1547350,1531547,0.3,0.00,0.63,0.00,2.54,0.00,0.00,0.00,1.0,95830.0,95350.0,0.0,0.0,0.5,0.0,64.060,0.000,0.0,658838.0
2026-08-31T15:54:39,0.2,4622,1547350,1531545,0.3,0.00,0.54,0.00,2.14,0.00,0.00,0.00,1.0,95830.0,95350.0,0.0,0.0,0.5,0.0,64.126,0.000,0.0,691329.5
2026-08-31T15:54:40,0.2,4623,1547350,1531545,0.3,0.00,0.99,0.00,3.98,0.00,0.00,0.00,1.0,95830.0,95350.0,0.0,0.0,0.5,0.0,64.095,0.000,0.0,645980.5
2026-08-31T15:54:42,0.2,4623,1547350,1531545,0.3,0.00,0.41,0.00,1.65,0.00,0.00,0.00,1.0,95830.0,95350.0,0.0,0.0,0.5,0.0,64.097,0.000,0.0,653021.0
2026-08-31T15:54:44,0.2,4624,1547350,1531544,0.3,0.00,0.50,0.00,1.99,0.00,0.00,0.00,1.0,95830.0,95350.0,0.0,0.0,0.5,0.0,64.090,0.000,0.0,660351.0
2026-08-31T15:54:46,0.2,4624,1547350,1531543,0.3,0.00,1.60,0.00,6.38,0.00,0.00,0.00,1.0,95830.0,95350.0,0.0,0.0,0.5,0.0,64.074,0.000,0.0,666440.5
2026-08-31T15:54:47,0.2,4626,1547350,1531542,0.3,0.00,0.71,0.00,2.86,0.00,0.00,0.00,1.0,95830.0,95350.0,0.0,0.0,0.5,0.0,64.087,0.000,0.0,676405.5
2026-08-31T15:54:48,0.2,4633,1547350,1531535,0.3,0.00,0.94,0.00,3.75,0.00,0.00,0.00,1.0,95830.0,95350.0,0.0,0.0,0.5,0.0,64.112,0.000,0.0,677248.0
2026-08-31T15:54:49,0.3,4640,1547350,1531527,0.3,0.00,0.73,0.00,2.90,0.00,0.00,0.00,1.0,95830.0,95350.0,0.0,0.0,0.5,0.0,64.067,0.000,0.0,648512.0
2026-08-31T15:54:51,0.2,4640,1547350,1531528,0.3,0.00,3.40,0.00,16.99,0.00,0.00,0.08,1.0,95830.0,95350.0,0.0,0.0,0.5,0.0,64.084,0.000,0.0,721398.5
2026-08-31T15:54:52,0.2,4640,1547350,1531527,0.3,0.00,6.19,0.00,50.44,0.00,0.14,0.00,1.0,95830.0,95350.0,0.0,0.0,0.5,0.0,64.105,0.000,0.0,703148.5
2026-08-31T15:54:53,0.2,4641,1547350,1531527,0.3,0.00,0.73,0.00,2.94,0.00,0.00,0.07,1.0,95830.0,95350.0,0.0,0.0,0.5,0.0,64.081,0.000,0.0,677174.5
2026-08-31T15:54:54,0.2,4642,1547350,1531526,0.3,0.00,0.74,0.00,2.94,0.00,0.00,0.00,1.0,95830.0,95350.0,0.0,0.0,0.5,0.0,64.047,0.000,0.0,644040.5
2026-08-31T15:54:56,0.2,4641,1547350,1531527,0.3,0.00,0.75,0.00,3.01,0.00,0.00,0.00,1.0,95830.0,95350.0,0.0,0.0,0.5,0.0,64.081,0.000,0.0,687741.5
2026-08-31T15:54:57,0.2,4641,1547350,1531527,0.3,0.00,0.64,0.00,2.58,0.00,0.00,0.00,1.0,95830.0,95350.0,0.0,0.0,0.5,0.0,64.106,0.000,0.0,671243.5
2026-08-31T15:54:58,0.2,4642,1547350,1531526,0.3,0.00,0.95,0.00,3.80,0.00,0.00,0.00,1.0,95830.0,95350.0,0.0,0.0,0.5,0.0,64.097,0.000,0.0,704465.5
2026-08-31T15:55:00,0.2,4642,1547350,1531526,0.3,0.00,0.77,0.00,3.09,0.00,0.00,0.00,1.0,95830.0,95350.0,0.0,0.0,0.5,0.0,64.075,0.000,0.0,704465.5
2026-08-31T15:55:00,0.2,4641,1547350,1531527,0.3,0.00,2.91,0.00,11.63,0.00,0.00,0.00,1.0,95830.0,95350.0,0.0,0.0,0.5,0.0,64.114,0.000,0.0,724722.5
2026-08-31T15:55:01,0.3,4645,1547350,1531522,0.3,0.00,0.67,0.00,2.70,0.00,0.00,0.00,1.0,95830.0,95350.0,0.0,0.0,0.5,0.0,64.109,0.000,0.0,661732.5
2026-08-31T15:55:03,0.2,4647,1547350,1531520,0.3,0.00,0.74,0.00,2.95,0.00,0.00,0.00,1.0,95830.0,95350.0,0.0,0.0,0.5,0.0,64.094,0.000,0.0,680810.5
2026-08-31T15:55:04,0.2,4648,1547350,1531520,0.3,0.00,0.75,0.00,3.00,0.00,0.00,0.00,1.0,95830.0,95350.0,0.0,0.0,0.5,0.0,64.110,0.000,0.0,747376.5
2026-08-31T15:55:06,0.2,4648,1547350,1531519,0.3,0.00,0.72,0.00,2.89,0.00,0.00,0.00,1.0,95830.0,95350.0,0.0,0.0,0.5,0.0,64.080,0.000,0.0,682664.5
2026-08-31T15:55:07,0.2,4649,1547350,1531519,0.3,0.00,0.89,0.00,3.57,0.00,0.00,0.00,1.0,95830.0,95350.0,0.0,0.0,0.5,0.0,64.100,0.000,0.0,714915.0
2026-08-31T15:55:08,0.2,4648,1547350,1531519,0.3,0.00,1.13,0.00,4.52,0.00,0.00,0.00,1.0,95830.0,95350.0,0.0,0.0,0.5,0.0,64.113,0.000,0.0,714915.0
2026-08-31T15:55:08,0.3,4649,1547350,1531519,0.3,0.00,1.88,0.00,7.50,0.00,1.00,0.00,1.0,95830.0,95350.0,0.0,0.0,0.5,0.0,64.109,0.000,0.0,707751.0
2026-08-31T15:55:10,0.2,4650,1547350,1531518,0.3,0.00,0.68,0.00,2.74,0.00,0.00,0.00,1.0,95830.0,95350.0,0.0,0.0,0.5,0.0,64.072,0.000,0.0,660910.0
2026-08-31T15:55:11,0.2,4647,1547350,1531520,0.3,0.00,0.66,0.00,2.65,0.00,0.00,0.00,1.0,95830.0,95350.0,0.0,0.0,0.5,0.0,64.082,0.000,0.0,654036.5
2026-08-31T15:55:13,0.2,4647,1547350,1531521,0.3,0.00,0.58,0.00,2.34,0.00,0.00,0.00,1.0,95830.0,95350.0,0.0,0.0,0.5,0.0,64.100,0.000,0.0,675650.5
2026-08-31T15:55:14,0.2,4648,1547350,1531519,0.3,0.00,0.95,0.00,3.81,0.00,0.00,0.00,1.0,95830.0,95350.0,0.0,0.0,0.5,0.0,64.103,0.000,0.0,677808.5
2026-08-31T15:55:15,0.2,4649,1547350,1531519,0.3,0.00,0.62,0.00,2.48,0.00,0.00,0.00,1.0,95830.0,95350.0,0.0,0.0,0.5,0.0,64.108,0.000,0.0,652926.0
2026-08-31T15:55:17,0.2,4649,1547350,1531519,0.3,0.00,0.61,0.00,2.43,0.00,0.00,0.00,1.0,95830.0,95350.0,0.0,0.0,0.5,0.0,64.111,0.000,0.0,669771.5
2026-08-31T15:55:19,0.2,4649,1547350,1531519,0.3,0.00,0.58,0.00,2.32,0.00,0.00,0.00,1.0,95830.0,95350.0,0.0,0.0,0.5,0.0,64.067,0.000,0.0,660589.5
2026-08-31T15:55:20,0.2,4649,1547350,1531518,0.3,0.00,0.60,0.00,2.41,0.00,0.00,0.00,1.0,95830.0,95350.0,0.0,0.0,0.5,0.0,64.096,0.000,0.0,654035.5
2026-08-31T15:55:22,0.2,4649,1547350,1531519,0.3,0.00,1.77,0.00,12.67,0.00,0.00,0.00,1.0,95830.0,95350.0,0.0,0.0,0.5,0.0,64.108,0.000,0.0,654067.5
2026-08-31T15:55:24,0.2,4648,1547350,1531520,0.3,0.00,0.60,0.00,2.39,0.00,0.00,0.06,1.0,95830.0,95350.0,0.0,0.0,0.5,0.0,64.081,0.000,0.0,682338.0
2026-08-31T15:55:25,0.2,4648,1547350,1531519,0.3,0.00,0.60,0.00,2.38,0.00,0.00,0.00,1.0,95830.0,95350.0,0.0,0.0,0.5,0.0,64.097,0.000,0.0,654496.0
2026-08-31T15:55:27,0.2,4649,1547350,1531518,0.3,0.00,1.18,0.00,4.71,0.00,0.00,0.06,1.0,95830.0,95350.0,0.0,0.0,0.5,0.0,64.112,0.000,0.0,659895.5
2026-08-31T15:55:29,0.2,4650,1547350,1531518,0.3,0.00,0.59,0.00,2.34,0.00,0.00,0.00,1.0,95830.0,95350.0,0.0,0.0,0.5,0.0,64.115,0.000,0.0,665086.0
2026-08-31T15:55:31,0.2,4651,1547350,1531517,0.3,0.00,0.62,0.00,2.46,0.00,0.00,0.00,1.0,95830.0,95350.0,0.0,0.0,0.5,0.0,64.111,0.000,0.0,666875.5
2026-08-31T15:55:32,0.2,4650,1547350,1531517,0.3,0.00,3.56,0.00,16.62,0.00,0.17,0.00,1.0,95830.0,95350.0,0.0,0.0,0.5,0.0,64.096,0.000,0.0,648568.0
2026-08-31T15:55:34,0.2,4652,1547350,1531516,0.3,0.00,0.59,0.00,2.38,0.00,0.00,0.00,1.0,95830.0,95350.0,0.0,0.0,0.5,0.0,64.094,0.000,0.0,643793.5
2026-08-31T15:55:36,0.2,4652,1547350,1531516,0.3,0.00,0.61,0.00,2.42,0.00,0.00,0.00,1.0,95830.0,95350.0,0.0,0.0,0.5,0.0,64.082,0.000,0.0,672929.0
2026-08-31T15:55:37,0.2,4652,1547350,1531516,0.3,0.00,0.66,0.00,2.63,0.00,0.00,0.00,1.0,95830.0,95350.0,0.0,0.0,0.5,0.0,64.087,0.000,0.0,696559.5
2026-08-31T15:55:39,0.2,4652,1547350,1531516,0.3,0.00,0.59,0.00,2.34,0.00,0.00,0.00,1.0,95830.0,95350.0,0.0,0.0,0.5,0.0,64.106,0.000,0.0,673051.5
2026-08-31T15:55:40,0.2,4653,1547350,1531515,0.3,0.00,0.63,0.00,2.52,0.00,0.00,0.00,1.0,95830.0,95350.0,0.0,0.0,0.5,0.0,64.070,0.000,0.0,697205.0
2026-08-31T15:55:42,0.2,4653,1547350,1531515,0.3,0.00,0.63,0.00,2.51,0.00,0.00,0.00,1.0,95830.0,95350.0,0.0,0.0,0.5,0.0,64.119,0.000,0.0,657692.0
2026-08-31T15:55:44,0.2,4652,1547350,1531515,0.3,0.00,0.60,0.00,2.42,0.00,0.00,0.00,1.0,95830.0,95350.0,0.0,0.0,0.5,0.0,64.108,0.000,0.0,684448.5
2026-08-31T15:55:45,0.2,4654,1547350,1531513,0.3,0.00,0.62,0.00,2.50,0.00,0.00,0.00,1.0,95830.0,95350.0,0.0,0.0,0.5,0.0,64.124,0.000,0.0,661445.5
2026-08-31T15:55:47,0.2,4654,1547350,1531514,0.3,0.00,1.35,0.00,5.39,0.00,0.00,0.00,1.0,95830.0,95350.0,0.0,0.0,0.5,0.0,64.101,0.000,0.0,665475.0
2026-08-31T15:55:48,0.2,4654,1547350,1531513,0.3,0.00,0.76,0.00,3.05,0.00,0.00,0.00,1.0,95830.0,95350.0,0.0,0.0,0.5,0.0,64.101,0.000,0.0,647835.5
2026-08-31T15:55:49,0.2,4655,1547350,1531512,0.3,0.00,0.79,0.00,3.17,0.00,0.00,0.00,1.0,95830.0,95350.0,0.0,0.0,0.5,0.0,64.076,0.000,0.0,714518.0
2026-08-31T15:55:50,0.2,4655,1547350,1531512,0.3,0.00,0.85,0.00,3.38,0.00,1.00,0.08,1.0,95830.0,95350.0,0.0,0.0,0.5,0.0,64.068,0.000,0.0,676587.0
2026-08-31T15:55:52,0.2,4656,1547350,1531512,0.3,0.00,7.02,0.00,50.70,0.00,0.00,0.00,1.0,95830.0,95350.0,0.0,0.0,0.5,0.0,64.076,0.000,0.0,665886.0
2026-08-31T15:55:53,0.2,4655,1547350,1531512,0.3,0.00,0.73,0.00,2.93,0.00,0.00,0.07,1.0,95830.0,95350.0,0.0,0.0,0.5,0.0,64.056,0.000,0.0,665886.0
2026-08-31T15:55:53,0.3,4656,1547350,1531512,0.3,0.00,2.79,0.00,11.17,0.00,0.00,0.00,1.0,95830.0,95350.0,0.0,0.0,0.5,0.0,64.079,0.000,0.0,730702.5
2026-08-31T15:55:54,0.2,4656,1547350,1531512,0.3,0.00,0.99,0.00,3.96,0.00,0.00,0.00,1.0,95830.0,95350.0,0.0,0.0,0.5,0.0,64.099,0.000,0.0,730702.5
2026-08-31T15:55:55,0.2,4655,1547350,1531512,0.3,0.00,1.98,0.00,7.94,0.00,0.00,0.00,1.0,95830.0,95350.0,0.0,0.0,0.5,0.0,64.097,0.000,0.0,713599.5
2026-08-31T15:55:56,0.2,4656,1547350,1531512,0.3,0.00,0.78,0.00,3.11,0.00,0.00,0.00,1.0,95830.0,95350.0,0.0,0.0,0.5,0.0,64.059,0.000,0.0,670966.5
2026-08-31T15:55:58,0.2,4656,1547350,1531512,0.3,0.00,2.15,0.00,8.59,0.00,0.00,0.00,1.0,95830.0,95350.0,0.0,0.0,0.5,0.0,64.087,0.000,0.0,676619.0
2026-08-31T15:55:59,0.2,4655,1547350,1531513,0.3,0.00,1.00,0.00,4.01,0.00,0.00,0.00,1.0,95830.0,95350.0,0.0,0.0,0.5,0.0,64.091,0.000,0.0,676808.5
2026-08-31T15:56:00,0.2,4656,1547350,1531511,0.3,0.00,0.77,0.00,3.07,0.00,0.00,0.00,1.0,95830.0,95350.0,0.0,0.0,0.5,0.0,64.075,0.000,0.0,670430.0
2026-08-31T15:56:01,0.2,4660,1547350,1531508,0.3,0.00,0.74,0.00,2.95,0.00,1.00,0.00,1.0,95830.0,95350.0,0.0,0.0,0.5,0.0,64.059,0.000,0.0,673002.5
2026-08-31T15:56:03,0.2,4660,1547350,1531507,0.3,0.00,0.73,0.00,2.93,0.00,0.00,0.00,1.0,95830.0,95350.0,0.0,0.0,0.5,0.0,64.082,0.000,0.0,664793.0
2026-08-31T15:56:04,0.2,4661,1547350,1531507,0.3,0.00,0.75,0.00,3.01,0.00,0.00,0.00,1.0,95830.0,95350.0,0.0,0.0,0.5,0.0,64.088,0.000,0.0,674814.0
2026-08-31T15:56:05,0.2,4662,1547350,1531506,0.3,0.00,0.77,0.00,3.09,0.00,0.00,0.00,1.0,95830.0,95350.0,0.0,0.0,0.5,0.0,64.090,0.000,0.0,679536.5
2026-08-31T15:56:07,0.2,4663,1547350,1531504,0.3,0.00,0.71,0.00,2.86,0.00,0.00,0.07,1.0,95830.0,95350.0,0.0,0.0,0.5,0.0,64.100,0.000,0.0,665199.0
2026-08-31T15:56:08,0.2,4663,1547350,1531504,0.3,0.00,0.72,0.00,2.86,0.00,0.00,0.00,1.0,95830.0,95350.0,0.0,0.0,0.5,0.0,64.096,0.000,0.0,665134.5
2026-08-31T15:56:10,0.2,4664,1547350,1531504,0.3,0.00,0.69,0.00,2.78,0.00,0.00,0.00,1.0,95830.0,95350.0,0.0,0.0,0.5,0.0,64.090,0.000,0.0,671102.0
2026-08-31T15:56:11,0.2,4659,1547350,1531508,0.3,0.00,0.66,0.00,2.62,0.00,0.00,0.00,1.0,95830.0,95350.0,0.0,0.0,0.5,0.0,64.067,0.000,0.0,705349.5
2026-08-31T15:56:13,1.1,4661,1547350,1531507,0.3,0.00,0.67,0.00,2.68,0.00,0.00,0.00,1.0,95830.0,95350.0,0.0,0.0,0.5,0.0,64.090,0.000,0.0,654243.0
2026-08-31T15:56:14,0.2,4662,1547350,1531506,0.3,0.00,0.58,0.00,2.33,0.00,0.00,0.00,1.0,95830.0,95350.0,0.0,0.0,0.5,0.0,64.117,0.000,0.0,662068.5
2026-08-31T15:56:16,0.2,4662,1547350,1531506,0.3,0.00,0.60,0.00,2.41,0.00,0.00,0.00,1.0,95830.0,95350.0,0.0,0.0,0.5,0.0,64.091,0.000,0.0,693216.0
2026-08-31T15:56:17,0.2,4662,1547350,1531506,0.3,0.00,0.66,0.00,2.66,0.00,0.00,0.00,1.0,95830.0,95350.0,0.0,0.0,0.5,0.0,64.095,0.000,0.0,655455.5
2026-08-31T15:56:19,0.2,4662,1547350,1531506,0.3,0.00,0.59,0.00,2.36,0.00,0.00,0.00,1.0,95830.0,95350.0,0.0,0.0,0.5,0.0,64.089,0.000,0.0,660930.5
2026-08-31T15:56:21,0.2,4664,1547350,1531503,0.3,0.00,0.60,0.00,2.40,0.00,0.00,0.00,1.0,95830.0,95350.0,0.0,0.0,0.5,0.0,64.070,0.000,0.0,667517.0
2026-08-31T15:56:22,0.2,4666,1547350,1531502,0.3,0.00,4.58,0.00,22.22,0.00,0.14,0.00,1.0,95830.0,95350.0,0.0,0.0,0.5,0.0,64.125,0.000,0.0,650995.0
2026-08-31T15:56:24,0.2,4665,1547350,1531503,0.3,0.00,0.54,0.00,2.17,0.00,0.00,0.00,1.0,95830.0,95350.0,0.0,0.0,0.5,0.0,64.063,0.000,0.0,669562.5
2026-08-31T15:56:26,0.2,4666,1547350,1531502,0.3,0.00,0.60,0.00,2.40,0.00,0.00,0.06,1.0,95830.0,95350.0,0.0,0.0,0.5,0.0,64.079,0.000,0.0,657528.5
2026-08-31T15:56:27,0.2,4666,1547350,1531501,0.3,0.00,1.33,0.00,5.31,0.00,0.00,0.00,1.0,95830.0,95350.0,0.0,0.0,0.5,0.0,64.065,0.000,0.0,686802.0
2026-08-31T15:56:29,0.2,4666,1547350,1531502,0.3,0.00,0.59,0.00,2.38,0.00,0.00,0.00,1.0,95830.0,95350.0,0.0,0.0,0.5,0.0,64.083,0.000,0.0,666381.5
2026-08-31T15:56:31,0.2,4666,1547350,1531501,0.3,0.00,0.63,0.00,2.53,0.00,0.00,0.00,1.0,95830.0,95350.0,0.0,0.0,0.5,0.0,64.081,0.000,0.0,656054.0
2026-08-31T15:56:32,0.2,4666,1547350,1531501,0.3,0.00,0.61,0.00,2.44,0.00,0.00,0.00,1.0,95830.0,95350.0,0.0,0.0,0.5,0.0,64.067,0.000,0.0,652760.0
2026-08-31T15:56:34,0.2,4667,1547350,1531501,0.3,0.00,3.29,0.00,13.14,0.00,0.00,0.00,1.0,95830.0,95350.0,0.0,0.0,0.5,0.0,64.106,0.000,0.0,657225.0
2026-08-31T15:56:36,0.2,4668,1547350,1531500,0.3,0.00,0.64,0.00,2.56,0.00,0.00,0.00,1.0,95830.0,95350.0,0.0,0.0,0.5,0.0,64.087,0.000,0.0,679254.5
2026-08-31T15:56:37,0.2,4668,1547350,1531500,0.3,0.00,0.61,0.00,2.42,0.00,0.00,0.00,1.0,95830.0,95350.0,0.0,0.0,0.5,0.0,64.076,0.000,0.0,651452.5
2026-08-31T15:56:39,0.2,4668,1547350,1531500,0.3,0.00,0.55,0.00,2.19,0.00,1.00,0.00,1.0,95830.0,95350.0,0.0,0.0,0.5,0.0,64.084,0.000,0.0,714855.0
2026-08-31T15:56:41,0.2,4667,1547350,1531500,0.3,0.00,0.55,0.00,2.21,0.00,0.00,0.00,1.0,95830.0,95350.0,0.0,0.0,0.5,0.0,64.085,0.000,0.0,653569.5
2026-08-31T15:56:43,0.2,4667,1547350,1531500,0.3,0.00,1.09,0.00,4.37,0.00,0.00,0.05,1.0,95830.0,95350.0,0.0,0.0,0.5,0.0,64.091,0.000,0.0,651046.5
2026-08-31T15:56:45,0.2,4669,1547350,1531499,0.3,0.00,0.55,0.00,2.22,0.00,0.00,0.00,1.0,95830.0,95350.0,0.0,0.0,0.5,0.0,64.096,0.000,0.0,718164.0
2026-08-31T15:56:46,0.2,4669,1547350,1531498,0.3,0.00,0.55,0.00,2.20,0.00,0.00,0.00,1.0,95830.0,95350.0,0.0,0.0,0.5,0.0,64.086,0.000,0.0,657375.5
2026-08-31T15:56:48,0.2,4670,1547350,1531498,0.3,0.00,0.65,0.00,2.61,0.00,0.00,0.00,1.0,95830.0,95350.0,0.0,0.0,0.5,0.0,64.069,0.000,0.0,771353.5
2026-08-31T15:56:49,0.2,4670,1547350,1531498,0.3,0.00,0.76,0.00,3.04,0.00,0.00,0.00,1.0,95830.0,95350.0,0.0,0.0,0.5,0.0,64.043,0.000,0.0,674008.0
2026-08-31T15:56:50,0.2,4670,1547350,1531498,0.3,0.00,0.79,0.00,3.16,0.00,0.00,0.00,1.0,95830.0,95350.0,0.0,0.0,0.5,0.0,64.046,0.000,0.0,670562.0
2026-08-31T15:56:52,0.2,4670,1547350,1531498,0.3,0.00,0.69,0.00,2.76,0.00,0.00,0.00,1.0,95830.0,95350.0,0.0,0.0,0.5,0.0,64.087,0.000,0.0,667009.0
2026-08-31T15:56:53,0.2,4670,1547350,1531497,0.3,0.00,6.75,0.00,46.14,0.00,0.11,0.00,1.0,95830.0,95350.0,0.0,0.0,0.5,0.0,64.091,0.000,0.0,660244.5
2026-08-31T15:56:55,0.2,4671,1547350,1531497,0.3,0.00,0.68,0.00,2.70,0.00,0.00,0.00,1.0,95830.0,95350.0,0.0,0.0,0.5,0.0,64.095,0.000,0.0,677905.0
2026-08-31T15:56:56,0.2,4673,1547350,1531495,0.3,0.00,0.73,0.00,2.90,0.00,0.00,0.00,1.0,95830.0,95350.0,0.0,0.0,0.5,0.0,64.094,0.000,0.0,663832.0
2026-08-31T15:56:57,0.2,4674,1547350,1531494,0.3,0.00,0.77,0.00,3.08,0.00,0.00,0.00,1.0,95830.0,95350.0,0.0,0.0,0.5,0.0,64.067,0.000,0.0,742881.0
2026-08-31T15:56:59,0.2,4674,1547350,1531494,0.3,0.00,1.28,0.00,7.70,0.00,0.00,0.00,1.0,95830.0,95350.0,0.0,0.0,0.5,0.0,64.070,0.000,0.0,660709.0
2026-08-31T15:57:00,0.2,4674,1547350,1531493,0.3,0.00,0.78,0.00,3.11,0.00,0.00,0.00,1.0,95830.0,95350.0,0.0,0.0,0.5,0.0,64.059,0.000,0.0,669435.5
2026-08-31T15:57:02,0.3,4680,1547350,1531488,0.3,0.00,0.73,0.00,2.93,0.00,0.00,0.00,1.0,95830.0,95350.0,0.0,0.0,0.5,0.0,64.078,0.000,0.0,670442.0
2026-08-31T15:57:03,0.2,4679,1547350,1531488,0.3,0.00,0.72,0.00,2.88,0.00,0.00,0.00,1.0,95830.0,95350.0,0.0,0.0,0.5,0.0,64.092,0.000,0.0,657544.5
2026-08-31T15:57:05,0.2,4679,1547350,1531489,0.3,0.00,0.64,0.00,2.57,0.00,0.00,0.00,1.0,95830.0,95350.0,0.0,0.0,0.5,0.0,64.085,0.000,0.0,666272.5
2026-08-31T15:57:06,0.2,4679,1547350,1531488,0.3,0.00,0.69,0.00,2.78,0.00,0.00,0.00,1.0,95830.0,95350.0,0.0,0.0,0.5,0.0,64.100,0.000,0.0,660718.0
2026-08-31T15:57:08,0.2,4680,1547350,1531487,0.3,0.00,0.66,0.00,2.64,0.00,0.00,0.00,1.0,95830.0,95350.0,0.0,0.0,0.5,0.0,64.105,0.000,0.0,716550.0
2026-08-31T15:57:09,0.2,4680,1547350,1531487,0.3,0.00,0.54,0.00,2.14,0.00,0.00,0.00,1.0,95830.0,95350.0,0.0,0.0,0.5,0.0,64.092,0.000,0.0,667418.0
2026-08-31T15:57:11,0.2,4678,1547350,1531490,0.3,0.00,0.60,0.00,2.41,0.00,0.00,0.00,1.0,95830.0,95350.0,0.0,0.0,0.5,0.0,64.082,0.000,0.0,655766.0
2026-08-31T15:57:13,0.2,4678,1547350,1531490,0.3,0.00,0.66,0.00,2.64,0.00,0.00,0.00,1.0,95830.0,95350.0,0.0,0.0,0.5,0.0,64.101,0.000,0.0,659380.5
2026-08-31T15:57:14,0.2,4680,1547350,1531487,0.3,0.00,0.57,0.00,2.28,0.00,0.00,0.00,1.0,95830.0,95350.0,0.0,0.0,0.5,0.0,64.111,0.000,0.0,656072.5
2026-08-31T15:57:16,0.2,4680,1547350,1531487,0.3,0.00,0.69,0.00,2.76,0.00,0.00,0.00,1.0,95830.0,95350.0,0.0,0.0,0.5,0.0,64.077,0.000,0.0,663093.5
2026-08-31T15:57:17,0.2,4681,1547350,1531487,0.3,0.00,0.61,0.00,2.44,0.00,0.00,0.00,1.0,95830.0,95350.0,0.0,0.0,0.5,0.0,64.068,0.000,0.0,662592.0
2026-08-31T15:57:19,0.2,4680,1547350,1531487,0.3,0.00,0.59,0.00,2.36,0.00,0.00,0.00,1.0,95830.0,95350.0,0.0,0.0,0.5,0.0,64.082,0.000,0.0,650782.0
2026-08-31T15:57:21,0.2,4681,1547350,1531487,0.3,0.00,0.57,0.00,2.30,0.00,0.00,0.00,1.0,95830.0,95350.0,0.0,0.0,0.5,0.0,64.073,0.000,0.0,676061.5
2026-08-31T15:57:22,0.2,4683,1547350,1531485,0.3,0.00,1.25,0.00,11.21,0.00,0.50,0.00,1.0,95830.0,95350.0,0.0,0.0,0.5,0.0,64.088,0.000,0.0,684887.5
2026-08-31T15:57:24,0.2,4684,1547350,1531484,0.3,0.00,0.59,0.00,2.38,0.00,0.00,0.00,1.0,95830.0,95350.0,0.0,0.0,0.5,0.0,64.094,0.000,0.0,657511.0
2026-08-31T15:57:26,0.2,4685,1547350,1531483,0.3,0.00,0.64,0.00,2.55,0.00,0.00,0.00,1.0,95830.0,95350.0,0.0,0.0,0.5,0.0,64.077,0.000,0.0,657837.0
2026-08-31T15:57:27,0.2,4686,1547350,1531482,0.3,0.00,0.62,0.00,2.47,0.00,0.00,0.00,1.0,95830.0,95350.0,0.0,0.0,0.5,0.0,64.093,0.000,0.0,658484.0
2026-08-31T15:57:29,0.2,4686,1547350,1531481,0.3,0.00,0.63,0.00,2.51,0.00,0.00,0.00,1.0,95830.0,95350.0,0.0,0.0,0.5,0.0,64.111,0.000,0.0,657815.0
2026-08-31T15:57:31,0.2,4687,1547350,1531480,0.3,0.00,0.55,0.00,2.18,0.00,0.00,0.00,1.0,95830.0,95350.0,0.0,0.0,0.5,0.0,64.087,0.000,0.0,681014.0
2026-08-31T15:57:32,0.2,4688,1547350,1531479,0.3,0.00,0.61,0.00,2.46,0.00,0.00,0.00,1.0,95830.0,95350.0,0.0,0.0,0.5,0.0,64.094,0.000,0.0,659341.5
2026-08-31T15:57:34,0.2,4690,1547350,1531478,0.3,0.00,4.33,0.00,24.75,0.00,0.14,0.00,1.0,95830.0,95350.0,0.0,0.0,0.5,0.0,64.070,0.000,0.0,657827.5
2026-08-31T15:57:36,0.2,4690,1547350,1531478,0.3,0.00,0.62,0.00,2.49,0.00,0.00,0.00,1.0,95830.0,95350.0,0.0,0.0,0.5,0.0,64.072,0.000,0.0,658133.0
2026-08-31T15:57:37,0.2,4690,1547350,1531478,0.3,0.00,0.56,0.00,2.22,0.00,0.00,0.00,1.0,95830.0,95350.0,0.0,0.0,0.5,0.0,64.100,0.000,0.0,650910.0
2026-08-31T15:57:39,0.2,4690,1547350,1531478,0.3,0.00,0.61,0.00,2.45,0.00,0.00,0.00,1.0,95830.0,95350.0,0.0,0.0,0.5,0.0,64.100,0.000,0.0,635048.5
2026-08-31T15:57:41,0.2,4690,1547350,1531477,0.3,0.00,0.55,0.00,2.19,0.00,0.00,0.00,1.0,95830.0,95350.0,0.0,0.0,0.5,0.0,64.111,0.000,0.0,670133.5
2026-08-31T15:57:43,0.2,4691,1547350,1531477,0.3,0.00,0.51,0.00,2.02,0.00,0.00,0.00,1.0,95830.0,95350.0,0.0,0.0,0.5,0.0,64.107,0.000,0.0,651802.5
2026-08-31T15:57:45,0.2,4692,1547350,1531476,0.3,0.00,0.87,0.00,3.50,0.00,0.00,0.00,1.0,95830.0,95350.0,0.0,0.0,0.5,0.0,64.062,0.000,0.0,646960.5
2026-08-31T15:57:47,0.2,4692,1547350,1531476,0.3,0.00,0.56,0.00,2.23,0.00,0.00,0.00,1.0,95830.0,95350.0,0.0,0.0,0.5,0.0,64.085,0.000,0.0,647145.5
2026-08-31T15:57:49,0.2,4693,1547350,1531474,0.3,0.00,0.53,0.00,2.12,0.00,0.00,0.00,1.0,95830.0,95350.0,0.0,0.0,0.5,0.0,64.083,0.000,0.0,647145.5
2026-08-31T15:57:50,0.2,4693,1547350,1531474,0.3,0.00,1.35,0.00,5.41,0.00,0.00,0.00,1.0,95830.0,95350.0,0.0,0.0,0.5,0.0,64.094,0.000,0.0,730708.5
2026-08-31T15:57:50,0.2,4693,1547350,1531475,0.3,0.00,1.45,0.00,5.79,0.00,0.00,0.00,1.0,95830.0,95350.0,0.0,0.0,0.5,0.0,64.044,0.000,0.0,707862.0
2026-08-31T15:57:52,0.2,4693,1547350,1531474,0.3,0.00,0.75,0.00,2.99,0.00,0.00,0.00,1.0,95830.0,95350.0,0.0,0.0,0.5,0.0,64.064,0.000,0.0,671423.0
2026-08-31T15:57:53,0.2,4693,1547350,1531475,0.3,0.00,6.13,0.00,60.20,0.00,0.12,0.00,1.0,95830.0,95350.0,0.0,0.0,0.5,0.0,64.070,0.000,0.0,670648.5
2026-08-31T15:57:54,0.2,4694,1547350,1531474,0.3,0.00,0.71,0.00,2.86,0.00,0.00,0.00,1.0,95830.0,95350.0,0.0,0.0,0.5,0.0,64.087,0.000,0.0,670580.0
2026-08-31T15:57:56,0.2,4695,1547350,1531473,0.3,0.00,1.53,0.00,6.14,0.00,0.00,0.00,1.0,95830.0,95350.0,0.0,0.0,0.5,0.0,64.108,0.000,0.0,667423.0
2026-08-31T15:57:57,0.2,4695,1547350,1531472,0.3,0.00,0.74,0.00,2.97,0.00,0.00,0.00,1.0,95830.0,95350.0,0.0,0.0,0.5,0.0,64.082,0.000,0.0,673947.5
2026-08-31T15:57:58,0.2,4696,1547350,1531471,0.3,0.00,0.73,0.00,2.92,0.00,0.00,0.00,1.0,95830.0,95350.0,0.0,0.0,0.5,0.0,64.082,0.000,0.0,665506.0
2026-08-31T15:58:00,0.2,4696,1547350,1531471,0.3,0.00,0.75,0.00,3.00,0.00,0.00,0.00,1.0,95830.0,95350.0,0.0,0.0,0.5,0.0,64.103,0.000,0.0,665715.5
2026-08-31T15:58:01,0.2,4701,1547350,1531467,0.3,0.00,0.69,0.00,2.77,0.00,0.00,0.00,1.0,95830.0,95350.0,0.0,0.0,0.5,0.0,64.070,0.000,0.0,665346.0
2026-08-31T15:58:03,0.3,4701,1547350,1531467,0.3,0.00,0.70,0.00,2.79,0.00,0.00,0.00,1.0,95830.0,95350.0,0.0,0.0,0.5,0.0,64.096,0.000,0.0,661733.5
2026-08-31T15:58:04,0.2,4702,1547350,1531466,0.3,0.00,0.66,0.00,2.66,0.00,0.00,0.00,1.0,95830.0,95350.0,0.0,0.0,0.5,0.0,64.058,0.000,0.0,654049.5
2026-08-31T15:58:06,0.2,4702,1547350,1531466,0.3,0.00,1.64,0.00,6.56,0.00,0.00,0.00,1.0,95830.0,95350.0,0.0,0.0,0.5,0.0,64.066,0.000,0.0,660092.5
2026-08-31T15:58:08,0.2,4702,1547350,1531466,0.3,0.00,0.59,0.00,2.36,0.00,0.00,0.00,1.0,95830.0,95350.0,0.0,0.0,0.5,0.0,64.066,0.000,0.0,656880.0
2026-08-31T15:58:09,0.2,4702,1547350,1531465,0.3,0.00,0.66,0.00,2.62,0.00,1.00,0.00,1.0,95830.0,95350.0,0.0,0.0,0.5,0.0,64.041,0.000,0.0,668594.0
2026-08-31T15:58:11,0.2,4703,1547350,1531464,0.3,0.00,0.57,0.00,2.28,0.00,0.00,0.00,1.0,95830.0,95350.0,0.0,0.0,0.5,0.0,64.095,0.000,0.0,661088.0
2026-08-31T15:58:12,0.2,4703,1547350,1531464,0.3,0.00,0.64,0.00,2.55,0.00,0.00,0.00,1.0,95830.0,95350.0,0.0,0.0,0.5,0.0,64.084,0.000,0.0,661383.0
2026-08-31T15:58:14,0.2,4703,1547350,1531464,0.3,0.00,0.65,0.00,2.58,0.00,0.00,0.00,1.0,95830.0,95350.0,0.0,0.0,0.5,0.0,64.072,0.000,0.0,660622.5
2026-08-31T15:58:16,0.2,4704,1547350,1531463,0.3,0.00,0.55,0.00,2.20,0.00,0.00,0.00,1.0,95830.0,95350.0,0.0,0.0,0.5,0.0,64.105,0.000,0.0,651334.5
2026-08-31T15:58:17,0.2,4705,1547350,1531463,0.3,0.00,0.60,0.00,2.39,0.00,0.00,0.00,1.0,95830.0,95350.0,0.0,0.0,0.5,0.0,64.103,0.000,0.0,659166.5
2026-08-31T15:58:19,0.2,4704,1547350,1531463,0.3,0.00,0.64,0.00,2.55,0.00,0.00,0.06,1.0,95830.0,95350.0,0.0,0.0,0.5,0.0,64.117,0.000,0.0,657384.0
2026-08-31T15:58:21,0.2,4705,1547350,1531462,0.3,0.00,0.62,0.00,2.50,0.00,0.00,0.00,1.0,95830.0,95350.0,0.0,0.0,0.5,0.0,64.092,0.000,0.0,658294.0
2026-08-31T15:58:22,0.2,4706,1547350,1531462,0.3,0.00,0.62,0.00,2.50,0.00,0.00,0.00,1.0,95830.0,95350.0,0.0,0.0,0.5,0.0,64.123,0.000,0.0,657853.5
2026-08-31T15:58:24,0.2,4706,1547350,1531462,0.3,0.00,6.10,0.00,27.76,0.00,0.10,0.00,1.0,95830.0,95350.0,0.0,0.0,0.5,0.0,64.106,0.000,0.0,659746.0
2026-08-31T15:58:25,0.2,4707,1547350,1531460,0.3,0.00,0.62,0.00,2.46,0.00,0.00,0.00,1.0,95830.0,95350.0,0.0,0.0,0.5,0.0,64.114,0.000,0.0,665338.0
2026-08-31T15:58:27,0.2,4708,1547350,1531460,0.3,0.00,0.56,0.00,2.23,0.00,0.00,0.00,1.0,95830.0,95350.0,0.0,0.0,0.5,0.0,64.136,0.000,0.0,657539.5
2026-08-31T15:58:29,0.2,4708,1547350,1531460,0.3,0.00,0.60,0.00,2.41,0.00,0.00,0.00,1.0,95830.0,95350.0,0.0,0.0,0.5,0.0,64.112,0.000,0.0,658503.5
2026-08-31T15:58:30,0.2,4708,1547350,1531460,0.3,0.00,0.63,0.00,2.53,0.00,0.00,0.00,1.0,95830.0,95350.0,0.0,0.0,0.5,0.0,64.100,0.000,0.0,652743.0
2026-08-31T15:58:32,0.2,4708,1547350,1531459,0.3,0.00,0.55,0.00,2.22,0.00,0.00,0.00,1.0,95830.0,95350.0,0.0,0.0,0.5,0.0,64.109,0.000,0.0,655227.5
2026-08-31T15:58:34,0.2,4709,1547350,1531459,0.3,0.00,0.62,0.00,2.47,0.00,0.00,0.06,1.0,95830.0,95350.0,0.0,0.0,0.5,0.0,64.097,0.000,0.0,659558.5
2026-08-31T15:58:36,0.2,4709,1547350,1531459,0.3,0.00,4.38,0.00,17.53,0.00,0.00,0.00,1.0,95830.0,95350.0,0.0,0.0,0.5,0.0,64.118,0.000,0.0,650615.5
2026-08-31T15:58:37,0.2,4708,1547350,1531459,0.3,0.00,0.54,0.00,2.18,0.00,0.00,0.00,1.0,95830.0,95350.0,0.0,0.0,0.5,0.0,64.129,0.000,0.0,639859.5
2026-08-31T15:58:39,0.2,4710,1547350,1531458,0.3,0.00,0.61,0.00,2.44,0.00,0.00,0.00,1.0,95830.0,95350.0,0.0,0.0,0.5,0.0,64.126,0.000,0.0,669464.5
2026-08-31T15:58:41,0.2,4711,1547350,1531457,0.3,0.00,0.57,0.00,2.27,0.00,0.00,0.00,1.0,95830.0,95350.0,0.0,0.0,0.5,0.0,64.097,0.000,0.0,644286.5
2026-08-31T15:58:43,0.2,4711,1547350,1531456,0.3,0.00,0.42,0.00,1.69,0.00,0.00,0.00,1.0,95830.0,95350.0,0.0,0.0,0.5,0.0,64.114,0.000,0.0,679936.0
2026-08-31T15:58:45,0.2,4712,1547350,1531456,0.3,0.00,0.53,0.00,2.11,0.00,1.00,0.00,1.0,95830.0,95350.0,0.0,0.0,0.5,0.0,64.132,0.000,0.0,648031.0
2026-08-31T15:58:47,0.2,4712,1547350,1531456,0.3,0.00,1.01,0.00,4.03,0.00,0.00,0.00,1.0,95830.0,95350.0,0.0,0.0,0.5,0.0,64.081,0.000,0.0,655360.0
2026-08-31T15:58:49,0.2,4712,1547350,1531455,0.3,0.00,0.50,0.00,1.99,0.00,0.00,0.00,1.0,95830.0,95350.0,0.0,0.0,0.5,0.0,64.117,0.000,0.0,649270.0
2026-08-31T15:58:51,0.2,4712,1547350,1531455,0.3,0.00,0.57,0.00,2.26,0.00,0.00,0.00,1.0,95830.0,95350.0,0.0,0.0,0.5,0.0,64.108,0.000,0.0,699338.0
2026-08-31T15:58:52,0.2,4712,1547350,1531455,0.3,0.00,0.67,0.00,2.67,0.00,0.00,0.00,1.0,95830.0,95350.0,0.0,0.0,0.5,0.0,64.096,0.000,0.0,667401.5
2026-08-31T15:58:54,0.2,4712,1547350,1531456,0.3,0.00,4.52,0.00,36.52,0.00,0.00,0.00,1.0,95830.0,95350.0,0.0,0.0,0.5,0.0,64.106,0.000,0.0,660915.0
2026-08-31T15:58:55,0.2,4712,1547350,1531455,0.3,0.00,0.68,0.00,2.70,0.00,0.00,0.00,1.0,95830.0,95350.0,0.0,0.0,0.5,0.0,64.138,0.000,0.0,640052.0
2026-08-31T15:58:57,0.2,4712,1547350,1531456,0.3,0.00,1.19,0.00,4.74,0.00,0.00,0.00,1.0,95830.0,95350.0,0.0,0.0,0.5,0.0,64.114,0.000,0.0,674042.0
2026-08-31T15:58:58,0.2,4713,1547350,1531455,0.3,0.00,0.68,0.00,2.72,0.00,0.00,0.00,1.0,95830.0,95350.0,0.0,0.0,0.5,0.0,64.129,0.000,0.0,653477.5
2026-08-31T15:59:00,0.2,4717,1547350,1531450,0.3,0.00,0.58,0.00,2.33,0.00,0.00,0.00,1.0,95830.0,95350.0,0.0,0.0,0.5,0.0,64.112,0.000,0.0,657729.0
2026-08-31T15:59:02,0.2,4718,1547350,1531449,0.3,0.00,0.60,0.00,2.40,0.00,0.00,0.00,1.0,95830.0,95350.0,0.0,0.0,0.5,0.0,64.151,0.000,0.0,660347.5
2026-08-31T15:59:03,0.2,4719,1547350,1531448,0.3,0.00,0.66,0.00,2.64,0.00,1.00,0.00,1.0,95830.0,95350.0,0.0,0.0,0.5,0.0,64.132,0.000,0.0,658894.0
2026-08-31T15:59:05,0.2,4719,1547350,1531448,0.3,0.00,0.60,0.00,2.39,0.00,0.00,0.00,1.0,95830.0,95350.0,0.0,0.0,0.5,0.0,64.095,0.000,0.0,656804.0
2026-08-31T15:59:07,0.2,4720,1547350,1531447,0.3,0.00,0.62,0.00,2.49,0.00,0.00,0.00,1.0,95830.0,95350.0,0.0,0.0,0.5,0.0,64.123,0.000,0.0,657676.0
2026-08-31T15:59:08,0.3,4721,1547350,1531447,0.3,0.00,0.54,0.00,2.16,0.00,0.00,0.00,1.0,95830.0,95350.0,0.0,0.0,0.5,0.0,64.105,0.000,0.0,645678.0
2026-08-31T15:59:10,0.2,4722,1547350,1531446,0.3,0.00,0.56,0.00,2.26,0.00,0.00,0.00,1.0,95830.0,95350.0,0.0,0.0,0.5,0.0,64.111,0.000,0.0,645678.0
2026-08-31T15:59:11,0.3,4719,1547350,1531448,0.3,0.00,1.60,0.00,6.41,0.00,0.00,0.00,1.0,95830.0,95350.0,0.0,0.0,0.5,0.0,64.126,0.000,0.0,689347.0
2026-08-31T15:59:13,0.2,4721,1547350,1531447,0.3,0.00,1.66,0.00,6.63,0.00,0.00,0.00,1.0,95830.0,95350.0,0.0,0.0,0.5,0.0,64.118,0.000,0.0,689347.0
2026-08-31T15:59:13,0.2,4721,1547350,1531447,0.3,0.00,1.32,0.00,5.27,0.00,0.00,0.00,1.0,95830.0,95350.0,0.0,0.0,0.5,0.0,64.109,0.000,0.0,677029.5
2026-08-31T15:59:15,0.2,4721,1547350,1531447,0.3,0.00,0.60,0.00,2.41,0.00,0.00,0.00,1.0,95830.0,95350.0,0.0,0.0,0.5,0.0,64.131,0.000,0.0,661571.5
2026-08-31T15:59:17,0.2,4721,1547350,1531447,0.3,0.00,0.65,0.00,2.62,0.00,0.00,0.00,1.0,95830.0,95350.0,0.0,0.0,0.5,0.0,64.092,0.000,0.0,647612.0
2026-08-31T15:59:18,0.2,4721,1547350,1531446,0.3,0.00,0.54,0.00,2.16,0.00,0.00,0.00,1.0,95830.0,95350.0,0.0,0.0,0.5,0.0,64.128,0.000,0.0,692912.5
2026-08-31T15:59:20,0.2,4722,1547350,1531446,0.3,0.00,0.61,0.00,2.43,0.00,0.00,0.00,1.0,95830.0,95350.0,0.0,0.0,0.5,0.0,64.109,0.000,0.0,692912.5
2026-08-31T15:59:21,0.2,4721,1547350,1531447,0.3,0.00,1.24,0.00,4.95,0.00,0.00,0.00,1.0,95830.0,95350.0,0.0,0.0,0.5,0.0,64.112,0.000,0.0,668773.5
2026-08-31T15:59:23,0.2,4721,1547350,1531446,0.3,0.00,0.62,0.00,2.49,0.00,0.00,0.06,1.0,95830.0,95350.0,0.0,0.0,0.5,0.0,64.124,0.000,0.0,670770.0
2026-08-31T15:59:24,0.2,4721,1547350,1531446,0.3,0.00,1.38,0.00,12.79,0.00,0.00,0.00,1.0,95830.0,95350.0,0.0,0.0,0.5,0.0,64.124,0.000,0.0,670770.0
2026-08-31T15:59:25,0.2,4722,1547350,1531446,0.3,0.00,0.81,0.00,3.25,0.00,0.00,0.00,1.0,95830.0,95350.0,0.0,0.0,0.5,0.0,64.110,0.000,0.0,665481.0
2026-08-31T15:59:27,0.2,4722,1547350,1531445,0.3,0.00,0.56,0.00,2.25,0.00,0.00,0.00,1.0,95830.0,95350.0,0.0,0.0,0.5,0.0,64.114,0.000,0.0,657696.5
2026-08-31T15:59:29,0.2,4722,1547350,1531445,0.3,0.00,0.63,0.00,2.51,0.00,1.00,0.00,1.0,95830.0,95350.0,0.0,0.0,0.5,0.0,64.147,0.000,0.0,664685.0
2026-08-31T15:59:30,0.2,4724,1547350,1531443,0.3,0.00,0.60,0.00,2.41,0.00,0.00,0.00,1.0,95830.0,95350.0,0.0,0.0,0.5,0.0,64.131,0.000,0.0,651172.0
2026-08-31T15:59:32,0.2,4725,1547350,1531442,0.3,0.00,3.41,0.00,15.89,0.00,0.00,0.00,1.0,95830.0,95350.0,0.0,0.0,0.5,0.0,64.120,0.000,0.0,648962.0
2026-08-31T15:59:34,0.2,4726,1547350,1531442,0.3,0.00,0.49,0.00,1.97,0.00,0.00,0.00,1.0,95830.0,95350.0,0.0,0.0,0.5,0.0,64.077,0.000,0.0,646053.0
2026-08-31T15:59:36,0.2,4727,1547350,1531441,0.3,0.00,0.58,0.00,2.32,0.00,0.00,0.00,1.0,95830.0,95350.0,0.0,0.0,0.5,0.0,64.114,0.000,0.0,646053.0
2026-08-31T15:59:37,0.2,4727,1547350,1531441,0.3,0.00,1.11,0.00,4.43,0.00,0.00,0.00,1.0,95830.0,95350.0,0.0,0.0,0.5,0.0,64.132,0.000,0.0,710542.5
2026-08-31T15:59:38,0.2,4727,1547350,1531440,0.3,0.00,0.72,0.00,2.88,0.00,0.00,0.00,1.0,95830.0,95350.0,0.0,0.0,0.5,0.0,64.148,0.000,0.0,653485.5
2026-08-31T15:59:40,0.2,4726,1547350,1531441,0.3,0.00,0.61,0.00,2.42,0.00,0.00,0.00,1.0,95830.0,95350.0,0.0,0.0,0.5,0.0,64.105,0.000,0.0,635838.5
2026-08-31T15:59:42,0.2,4726,1547350,1531442,0.3,0.00,0.51,0.00,2.04,0.00,0.00,0.00,1.0,95830.0,95350.0,0.0,0.0,0.5,0.0,64.121,0.000,0.0,635838.5
2026-08-31T15:59:43,0.2,4727,1547350,1531441,0.3,0.00,2.36,0.00,9.42,0.00,0.00,0.12,1.0,95830.0,95350.0,0.0,0.0,0.5,0.0,64.107,0.000,0.0,709029.0
2026-08-31T15:59:44,0.2,4726,1547350,1531442,0.3,0.00,1.00,0.00,3.98,0.00,0.00,0.00,1.0,95830.0,95350.0,0.0,0.0,0.5,0.0,64.145,0.000,0.0,659661.5
2026-08-31T15:59:46,0.2,4727,1547350,1531441,0.3,0.00,0.49,0.00,1.97,0.00,0.00,0.00,1.0,95830.0,95350.0,0.0,0.0,0.5,0.0,64.120,0.000,0.0,647650.5
2026-08-31T15:59:48,0.2,4727,1547350,1531441,0.3,0.00,1.00,0.00,4.02,0.00,0.50,0.00,1.0,95830.0,95350.0,0.0,0.0,0.5,0.0,64.088,0.000,0.0,674444.5
2026-08-31T15:59:49,0.2,4727,1547350,1531440,0.3,0.00,0.55,0.00,2.20,0.00,0.00,0.00,1.0,95830.0,95350.0,0.0,0.0,0.5,0.0,64.120,0.000,0.0,656194.5
2026-08-31T15:59:51,0.2,4728,1547350,1531439,0.3,0.00,0.51,0.00,2.03,0.00,0.00,0.00,1.0,95830.0,95350.0,0.0,0.0,0.5,0.0,64.103,0.000,0.0,657335.5
2026-08-31T15:59:53,0.2,4728,1547350,1531440,0.3,0.00,0.75,0.00,3.01,0.00,0.00,0.00,1.0,95830.0,95350.0,0.0,0.0,0.5,0.0,64.111,0.000,0.0,686926.5
2026-08-31T15:59:54,0.2,4728,1547350,1531440,0.3,0.00,8.63,0.00,54.55,0.00,0.09,0.00,1.0,95830.0,95350.0,0.0,0.0,0.5,0.0,64.130,0.000,0.0,686926.5
2026-08-31T15:59:54,0.2,4728,1547350,1531439,0.3,0.00,1.88,0.00,7.50,0.00,0.00,0.00,1.0,95830.0,95350.0,0.0,0.0,0.5,0.0,64.132,0.000,0.0,720729.0
2026-08-31T15:59:55,0.2,4729,1547350,1531439,0.3,0.00,1.17,0.00,4.66,0.00,0.00,0.00,1.0,95830.0,95350.0,0.0,0.0,0.5,0.0,64.133,0.000,0.0,720729.0
2026-08-31T15:59:56,0.2,4728,1547350,1531439,0.3,0.00,1.26,0.00,5.05,0.00,0.00,0.00,1.0,95830.0,95350.0,0.0,0.0,0.5,0.0,64.109,0.000,0.0,696197.5
2026-08-31T15:59:58,0.2,4731,1547350,1531436,0.3,0.00,1.32,0.00,5.28,0.00,0.00,0.00,1.0,95830.0,95350.0,0.0,0.0,0.5,0.0,64.108,0.000,0.0,661260.5
2026-08-31T15:59:59,0.2,4731,1547350,1531436,0.3,0.00,0.66,0.00,2.65,0.00,0.00,0.00,1.0,95830.0,95350.0,0.0,0.0,0.5,0.0,64.118,0.000,0.0,674209.5
2026-08-31T16:00:01,0.3,4737,1547350,1531430,0.3,0.00,0.72,0.00,2.87,0.00,0.00,0.00,1.0,95830.0,95350.0,0.0,0.0,0.5,0.0,64.128,0.000,0.0,671403.5
2026-08-31T16:00:02,0.2,4740,1547350,1531428,0.3,0.00,0.69,0.00,2.77,0.00,0.00,0.00,1.0,95830.0,95350.0,0.0,0.0,0.5,0.0,64.144,0.000,0.0,676820.0
2026-08-31T16:00:04,0.2,4740,1547350,1531427,0.3,0.00,0.61,0.00,2.45,0.00,0.00,0.00,1.0,95830.0,95350.0,0.0,0.0,0.5,0.0,64.141,0.000,0.0,663887.5
2026-08-31T16:00:05,0.2,4740,1547350,1531428,0.3,0.00,0.64,0.00,2.55,0.00,0.00,0.00,1.0,95830.0,95350.0,0.0,0.0,0.5,0.0,64.144,0.000,0.0,655156.0
2026-08-31T16:00:07,0.2,4740,1547350,1531428,0.3,0.00,0.66,0.00,2.63,0.00,0.00,0.00,1.0,95830.0,95350.0,0.0,0.0,0.5,0.0,64.130,0.000,0.0,665891.5
2026-08-31T16:00:08,0.2,4740,1547350,1531428,0.3,0.00,0.77,0.00,3.08,0.00,0.00,0.00,1.0,95830.0,95350.0,0.0,0.0,0.5,0.0,64.138,0.000,0.0,699966.5
2026-08-31T16:00:10,0.2,4741,1547350,1531426,0.3,0.00,0.63,0.00,2.50,0.00,0.00,0.00,1.0,95830.0,95350.0,0.0,0.0,0.5,0.0,64.111,0.000,0.0,675625.0
2026-08-31T16:00:11,0.2,4738,1547350,1531430,0.3,0.00,0.62,0.00,2.48,0.00,0.00,0.00,1.0,95830.0,95350.0,0.0,0.0,0.5,0.0,64.124,0.000,0.0,653669.5
2026-08-31T16:00:13,0.2,4739,1547350,1531429,0.3,0.00,0.73,0.00,2.91,0.00,0.00,0.07,1.0,95830.0,95350.0,0.0,0.0,0.5,0.0,64.113,0.000,0.0,669232.5
2026-08-31T16:00:14,0.2,4739,1547350,1531429,0.3,0.00,0.61,0.00,2.46,0.00,0.00,0.00,1.0,95830.0,95350.0,0.0,0.0,0.5,0.0,64.103,0.000,0.0,658534.0
2026-08-31T16:00:16,0.2,4740,1547350,1531428,0.3,0.00,0.62,0.00,2.47,0.00,0.00,0.00,1.0,95830.0,95350.0,0.0,0.0,0.5,0.0,64.097,0.000,0.0,654692.0
2026-08-31T16:00:17,0.2,4740,1547350,1531428,0.3,0.00,0.62,0.00,2.50,0.00,0.00,0.00,1.0,95830.0,95350.0,0.0,0.0,0.5,0.0,64.131,0.000,0.0,708569.0
2026-08-31T16:00:19,0.2,4740,1547350,1531428,0.3,0.00,2.47,0.00,9.89,0.00,0.33,0.00,1.0,95830.0,95350.0,0.0,0.0,0.5,0.0,64.133,0.000,0.0,660068.5
2026-08-31T16:00:20,0.2,4739,1547350,1531428,0.3,0.00,0.61,0.00,2.45,0.00,0.00,0.06,1.0,95830.0,95350.0,0.0,0.0,0.5,0.0,64.124,0.000,0.0,651193.0
2026-08-31T16:00:22,0.2,4740,1547350,1531427,0.3,0.00,0.57,0.00,2.27,0.00,0.00,0.00,1.0,95830.0,95350.0,0.0,0.0,0.5,0.0,64.138,0.000,0.0,656887.5
2026-08-31T16:00:24,0.2,4741,1547350,1531427,0.3,0.00,1.76,0.00,13.51,0.00,0.00,0.00,1.0,95830.0,95350.0,0.0,0.0,0.5,0.0,64.124,0.000,0.0,651326.5
2026-08-31T16:00:26,0.2,4740,1547350,1531428,0.3,0.00,0.56,0.00,2.25,0.00,0.00,0.00,1.0,95830.0,95350.0,0.0,0.0,0.5,0.0,64.132,0.000,0.0,652477.5
2026-08-31T16:00:27,0.2,4739,1547350,1531428,0.3,0.00,0.56,0.00,2.23,0.00,0.00,0.00,1.0,95830.0,95350.0,0.0,0.0,0.5,0.0,64.118,0.000,0.0,665345.0
2026-08-31T16:00:29,0.2,4740,1547350,1531428,0.3,0.00,0.82,0.00,3.29,0.00,0.00,0.00,1.0,95830.0,95350.0,0.0,0.0,0.5,0.0,64.130,0.000,0.0,676224.5
2026-08-31T16:00:30,0.2,4740,1547350,1531428,0.3,0.00,0.64,0.00,2.55,0.00,0.00,0.00,1.0,95830.0,95350.0,0.0,0.0,0.5,0.0,64.121,0.000,0.0,676224.5
2026-08-31T16:00:31,0.2,4740,1547350,1531428,0.3,0.00,2.19,0.00,8.77,0.00,0.00,0.00,1.0,95830.0,95350.0,0.0,0.0,0.5,0.0,64.103,0.000,0.0,811767.5
2026-08-31T16:00:31,0.2,4741,1547350,1531427,0.3,0.00,1.25,0.00,4.99,0.00,0.00,0.00,1.0,95830.0,95350.0,0.0,0.0,0.5,0.0,64.132,0.000,0.0,666825.0
2026-08-31T16:00:33,0.2,4741,1547350,1531427,0.3,0.00,0.71,0.00,2.84,0.00,0.00,0.00,1.0,95830.0,95350.0,0.0,0.0,0.5,0.0,64.106,0.000,0.0,646482.0
2026-08-31T16:00:35,0.2,4741,1547350,1531427,0.3,0.00,2.88,0.00,11.53,0.00,0.17,0.00,1.0,95830.0,95350.0,0.0,0.0,0.5,0.0,64.111,0.000,0.0,646070.5
2026-08-31T16:00:37,0.2,4742,1547350,1531425,0.3,0.00,0.52,0.00,2.08,0.00,0.00,0.00,1.0,95830.0,95350.0,0.0,0.0,0.5,0.0,64.118,0.000,0.0,647305.0
2026-08-31T16:00:39,0.2,4742,1547350,1531425,0.3,0.00,0.50,0.00,1.99,0.00,0.00,0.00,1.0,95830.0,95350.0,0.0,0.0,0.5,0.0,64.123,0.000,0.0,653532.5
2026-08-31T16:00:41,0.2,4742,1547350,1531425,0.3,0.00,0.49,0.00,1.95,0.00,0.00,0.00,1.0,95830.0,95350.0,0.0,0.0,0.5,0.0,64.144,0.000,0.0,675084.5
2026-08-31T16:00:42,0.2,4744,1547350,1531424,0.3,0.00,0.84,0.00,3.37,0.00,0.00,0.08,1.0,95830.0,95350.0,0.0,0.0,0.5,0.0,64.114,0.000,0.0,650478.5
2026-08-31T16:00:44,0.2,4744,1547350,1531423,0.3,0.00,0.83,0.00,3.31,0.00,0.00,0.00,1.0,95830.0,95350.0,0.0,0.0,0.5,0.0,64.153,0.000,0.0,643598.0
2026-08-31T16:00:46,0.2,4744,1547350,1531423,0.3,0.00,0.50,0.00,1.99,0.00,0.00,0.00,1.0,95830.0,95350.0,0.0,0.0,0.5,0.0,64.087,0.000,0.0,655202.5
2026-08-31T16:00:48,0.2,4744,1547350,1531424,0.3,0.00,0.68,0.00,2.72,0.00,0.00,0.00,1.0,95830.0,95350.0,0.0,0.0,0.5,0.0,64.120,0.000,0.0,691577.5
2026-08-31T16:00:49,0.2,4744,1547350,1531424,0.3,0.00,1.69,0.00,6.76,0.00,0.00,0.00,1.0,95830.0,95350.0,0.0,0.0,0.5,0.0,64.148,0.000,0.0,647117.5
2026-08-31T16:00:51,0.2,4744,1547350,1531424,0.3,0.00,0.55,0.00,2.18,0.00,0.00,0.00,1.0,95830.0,95350.0,0.0,0.0,0.5,0.0,64.156,0.000,0.0,689064.0
2026-08-31T16:00:53,0.2,4744,1547350,1531424,0.3,0.00,0.50,0.00,1.98,0.00,0.00,0.00,1.0,95830.0,95350.0,0.0,0.0,0.5,0.0,64.108,0.000,0.0,682249.5
2026-08-31T16:00:54,0.2,4745,1547350,1531423,0.3,0.00,7.89,0.00,65.39,0.00,0.14,0.00,1.0,95830.0,95350.0,0.0,0.0,0.5,0.0,64.136,0.000,0.0,668150.0
2026-08-31T16:00:56,0.2,4745,1547350,1531423,0.3,0.00,0.60,0.00,2.40,0.00,0.00,0.00,1.0,95830.0,95350.0,0.0,0.0,0.5,0.0,64.117,0.000,0.0,668150.0
2026-08-31T16:00:56,0.2,4745,1547350,1531423,0.3,0.00,1.36,0.00,5.43,0.00,0.00,0.00,1.0,95830.0,95350.0,0.0,0.0,0.5,0.0,64.107,0.000,0.0,693648.5
2026-08-31T16:00:58,0.2,4746,1547350,1531422,0.3,0.00,0.70,0.00,2.81,0.00,0.00,0.00,1.0,95830.0,95350.0,0.0,0.0,0.5,0.0,64.108,0.000,0.0,662462.0
2026-08-31T16:00:59,0.2,4746,1547350,1531421,0.3,0.00,1.32,0.00,5.29,0.00,0.00,0.00,1.0,95830.0,95350.0,0.0,0.0,0.5,0.0,64.162,0.000,0.0,656720.0
2026-08-31T16:01:01,0.3,4753,1547350,1531415,0.3,0.00,0.59,0.00,2.37,0.00,0.00,0.00,1.0,95830.0,95350.0,0.0,0.0,0.5,0.0,64.100,0.000,0.0,642073.0
2026-08-31T16:01:03,0.3,4756,1547350,1531412,0.3,0.00,0.60,0.00,2.39,0.00,0.00,0.00,1.0,95830.0,95350.0,0.0,0.0,0.5,0.0,64.140,0.000,0.0,671778.0
2026-08-31T16:01:04,0.2,4758,1547350,1531410,0.3,0.00,0.64,0.00,2.57,0.00,0.00,0.00,1.0,95830.0,95350.0,0.0,0.0,0.5,0.0,64.126,0.000,0.0,657526.0
2026-08-31T16:01:06,0.2,4759,1547350,1531409,0.3,0.00,0.55,0.00,2.19,0.00,0.00,0.00,1.0,95830.0,95350.0,0.0,0.0,0.5,0.0,64.123,0.000,0.0,642419.5
2026-08-31T16:01:07,0.2,4760,1547350,1531408,0.3,0.00,0.74,0.00,2.94,0.00,0.00,0.00,1.0,95830.0,95350.0,0.0,0.0,0.5,0.0,64.125,0.000,0.0,681477.5
2026-08-31T16:01:09,0.2,4759,1547350,1531408,0.3,0.00,0.60,0.00,2.40,0.00,0.00,0.00,1.0,95830.0,95350.0,0.0,0.0,0.5,0.0,64.139,0.000,0.0,667601.5
2026-08-31T16:01:11,0.2,4758,1547350,1531410,0.3,0.00,0.60,0.00,2.41,0.00,0.00,0.00,1.0,95830.0,95350.0,0.0,0.0,0.5,0.0,64.124,0.000,0.0,670990.5
2026-08-31T16:01:12,0.2,4757,1547350,1531411,0.3,0.00,0.64,0.00,2.58,0.00,0.00,0.00,1.0,95830.0,95350.0,0.0,0.0,0.5,0.0,64.127,0.000,0.0,665375.0
2026-08-31T16:01:14,0.2,4757,1547350,1531410,0.3,0.00,0.61,0.00,2.43,0.00,0.00,0.00,1.0,95830.0,95350.0,0.0,0.0,0.5,0.0,64.116,0.000,0.0,650618.5
2026-08-31T16:01:16,0.2,4757,1547350,1531410,0.3,0.00,0.55,0.00,2.20,0.00,0.00,0.00,1.0,95830.0,95350.0,0.0,0.0,0.5,0.0,64.151,0.000,0.0,650618.5
2026-08-31T16:01:16,0.2,4759,1547350,1531408,0.3,0.00,1.23,0.00,4.94,0.00,1.00,0.00,1.0,95830.0,95350.0,0.0,0.0,0.5,0.0,64.143,0.000,0.0,674972.5
2026-08-31T16:01:18,0.2,4760,1547350,1531408,0.3,0.00,0.63,0.00,2.51,0.00,0.00,0.00,1.0,95830.0,95350.0,0.0,0.0,0.5,0.0,64.142,0.000,0.0,692084.0
2026-08-31T16:01:19,0.2,4759,1547350,1531408,0.3,0.00,0.98,0.00,3.91,0.00,0.00,0.00,1.0,95830.0,95350.0,0.0,0.0,0.5,0.0,64.151,0.000,0.0,692084.0
2026-08-31T16:01:20,0.3,4760,1547350,1531408,0.3,0.00,5.00,0.00,20.00,0.00,0.00,0.00,1.0,95830.0,95350.0,0.0,0.0,0.5,0.0,64.142,0.000,0.0,694743.5
2026-08-31T16:01:21,0.2,4759,1547350,1531408,0.3,0.00,0.62,0.00,2.50,0.00,0.00,0.00,1.0,95830.0,95350.0,0.0,0.0,0.5,0.0,64.145,0.000,0.0,659059.0
2026-08-31T16:01:23,0.2,4759,1547350,1531409,0.3,0.00,0.62,0.00,2.48,0.00,0.00,0.00,1.0,95830.0,95350.0,0.0,0.0,0.5,0.0,64.145,0.000,0.0,657394.0
2026-08-31T16:01:25,0.2,4759,1547350,1531409,0.3,0.00,1.10,0.00,10.44,0.00,0.00,0.00,1.0,95830.0,95350.0,0.0,0.0,0.5,0.0,64.134,0.000,0.0,696287.0
2026-08-31T16:01:26,0.2,4759,1547350,1531409,0.3,0.00,0.69,0.00,2.77,0.00,0.00,0.00,1.0,95830.0,95350.0,0.0,0.0,0.5,0.0,64.133,0.000,0.0,672414.5
2026-08-31T16:01:27,0.2,4760,1547350,1531407,0.3,0.00,0.83,0.00,3.33,0.00,0.00,0.00,1.0,95830.0,95350.0,0.0,0.0,0.5,0.0,64.123,0.000,0.0,633665.0
2026-08-31T16:01:29,0.2,4761,1547350,1531406,0.3,0.00,0.51,0.00,2.02,0.00,0.00,0.00,1.0,95830.0,95350.0,0.0,0.0,0.5,0.0,64.144,0.000,0.0,655828.5
2026-08-31T16:01:32,0.2,4761,1547350,1531407,0.3,0.00,0.41,0.00,1.65,0.00,0.00,0.00,1.0,95830.0,95350.0,0.0,0.0,0.5,0.0,64.144,0.000,0.0,703020.5
2026-08-31T16:01:34,0.2,4762,1547350,1531406,0.3,0.00,0.50,0.00,1.99,0.00,0.00,0.00,1.0,95830.0,95350.0,0.0,0.0,0.5,0.0,64.145,0.000,0.0,663968.5
2026-08-31T16:01:36,0.2,4762,1547350,1531406,0.3,0.00,3.00,0.00,13.98,0.00,0.17,0.00,1.0,95830.0,95350.0,0.0,0.0,0.5,0.0,64.158,0.000,0.0,646481.0
2026-08-31T16:01:38,0.2,4762,1547350,1531406,0.3,0.00,0.50,0.00,2.00,0.00,0.00,0.00,1.0,95830.0,95350.0,0.0,0.0,0.5,0.0,64.163,0.000,0.0,646993.5
2026-08-31T16:01:40,0.2,4762,1547350,1531406,0.3,0.00,0.49,0.00,1.97,0.00,0.00,0.05,1.0,95830.0,95350.0,0.0,0.0,0.5,0.0,64.128,0.000,0.0,644409.0
2026-08-31T16:01:42,0.2,4762,1547350,1531406,0.3,0.00,0.45,0.00,1.80,0.00,0.00,0.00,1.0,95830.0,95350.0,0.0,0.0,0.5,0.0,64.138,0.000,0.0,648978.0
2026-08-31T16:01:44,0.2,4762,1547350,1531405,0.3,0.00,0.50,0.00,1.98,0.00,0.00,0.00,1.0,95830.0,95350.0,0.0,0.0,0.5,0.0,64.127,0.000,0.0,645583.5
2026-08-31T16:01:46,0.2,4762,1547350,1531406,0.3,0.00,0.99,0.00,3.97,0.00,0.00,0.00,1.0,95830.0,95350.0,0.0,0.0,0.5,0.0,64.162,0.000,0.0,645163.5
2026-08-31T16:01:48,0.2,4762,1547350,1531406,0.3,0.00,0.51,0.00,2.03,0.00,0.00,0.00,1.0,95830.0,95350.0,0.0,0.0,0.5,0.0,64.136,0.000,0.0,646315.5
2026-08-31T16:01:50,0.2,4762,1547350,1531405,0.3,0.00,0.49,0.00,1.95,0.00,0.00,0.00,1.0,95830.0,95350.0,0.0,0.0,0.5,0.0,64.152,0.000,0.0,645721.0
2026-08-31T16:01:52,0.2,4762,1547350,1531406,0.3,0.00,0.49,0.00,1.98,0.00,0.00,0.00,1.0,95830.0,95350.0,0.0,0.0,0.5,0.0,64.129,0.000,0.0,647173.0
2026-08-31T16:01:54,0.2,4762,1547350,1531406,0.3,0.00,4.94,0.00,45.68,0.00,0.10,0.00,1.0,95830.0,95350.0,0.0,0.0,0.5,0.0,64.151,0.000,0.0,747422.5
2026-08-31T16:01:56,0.2,4761,1547350,1531406,0.3,0.00,1.31,0.00,5.25,0.00,0.00,0.00,1.0,95830.0,95350.0,0.0,0.0,0.5,0.0,64.151,0.000,0.0,665763.5
2026-08-31T16:01:57,0.2,4762,1547350,1531406,0.3,0.00,0.65,0.00,2.60,0.00,0.00,0.00,1.0,95830.0,95350.0,0.0,0.0,0.5,0.0,64.172,0.000,0.0,661572.0
2026-08-31T16:01:59,0.2,4762,1547350,1531405,0.3,0.00,0.67,0.00,2.70,0.00,0.00,0.00,1.0,95830.0,95350.0,0.0,0.0,0.5,0.0,64.163,0.000,0.0,661600.0
2026-08-31T16:02:00,0.2,4767,1547350,1531401,0.3,0.00,1.30,0.00,5.21,0.00,0.00,0.00,1.0,95830.0,95350.0,0.0,0.0,0.5,0.0,64.158,0.000,0.0,656048.0
2026-08-31T16:02:02,0.2,4766,1547350,1531401,0.3,0.00,0.54,0.00,2.16,0.00,0.00,0.00,1.0,95830.0,95350.0,0.0,0.0,0.5,0.0,64.177,0.000,0.0,655434.5
2026-08-31T16:02:04,0.2,4766,1547350,1531401,0.3,0.00,0.68,0.00,2.72,0.00,0.00,0.00,1.0,95830.0,95350.0,0.0,0.0,0.5,0.0,64.132,0.000,0.0,689937.5
2026-08-31T16:02:05,0.2,4766,1547350,1531401,0.3,0.00,0.58,0.00,2.32,0.00,0.00,0.00,1.0,95830.0,95350.0,0.0,0.0,0.5,0.0,64.163,0.000,0.0,657864.5
2026-08-31T16:02:07,0.2,4766,1547350,1531402,0.3,0.00,0.60,0.00,2.41,0.00,0.00,0.00,1.0,95830.0,95350.0,0.0,0.0,0.5,0.0,64.140,0.000,0.0,661558.5
2026-08-31T16:02:08,0.2,4766,1547350,1531402,0.3,0.00,0.66,0.00,2.66,0.00,0.00,0.07,1.0,95830.0,95350.0,0.0,0.0,0.5,0.0,64.138,0.000,0.0,667804.5
2026-08-31T16:02:10,0.2,4765,1547350,1531402,0.3,0.00,0.59,0.00,2.35,0.00,1.00,0.00,1.0,95830.0,95350.0,0.0,0.0,0.5,0.0,64.183,0.000,0.0,652665.5
2026-08-31T16:02:12,0.2,4761,1547350,1531406,0.3,0.00,0.54,0.00,2.16,0.00,0.00,0.00,1.0,95830.0,95350.0,0.0,0.0,0.5,0.0,64.154,0.000,0.0,656425.5
2026-08-31T16:02:13,0.2,4762,1547350,1531405,0.3,0.00,0.66,0.00,2.62,0.00,0.00,0.07,1.0,95830.0,95350.0,0.0,0.0,0.5,0.0,64.136,0.000,0.0,684248.5
2026-08-31T16:02:15,0.2,4761,1547350,1531407,0.3,0.00,0.61,0.00,2.42,0.00,0.00,0.06,1.0,95830.0,95350.0,0.0,0.0,0.5,0.0,64.160,0.000,0.0,667331.5
2026-08-31T16:02:17,0.2,4761,1547350,1531406,0.3,0.00,0.62,0.00,2.46,0.00,0.00,0.00,1.0,95830.0,95350.0,0.0,0.0,0.5,0.0,64.160,0.000,0.0,659554.0
2026-08-31T16:02:18,0.2,4761,1547350,1531406,0.3,0.00,0.63,0.00,2.52,0.00,0.00,0.00,1.0,95830.0,95350.0,0.0,0.0,0.5,0.0,64.153,0.000,0.0,690540.0
2026-08-31T16:02:20,0.2,4762,1547350,1531406,0.3,0.00,0.61,0.00,2.42,0.00,0.00,0.00,1.0,95830.0,95350.0,0.0,0.0,0.5,0.0,64.217,0.000,0.0,666327.5
2026-08-31T16:02:22,0.2,4761,1547350,1531407,0.3,0.00,0.58,0.00,2.32,0.00,0.00,0.00,1.0,95830.0,95350.0,0.0,0.0,0.5,0.0,64.162,0.000,0.0,650826.0
2026-08-31T16:02:23,0.2,4761,1547350,1531406,0.3,0.00,0.60,0.00,2.42,0.00,0.00,0.00,1.0,95830.0,95350.0,0.0,0.0,0.5,0.0,64.138,0.000,0.0,663620.0
2026-08-31T16:02:25,0.2,4761,1547350,1531407,0.3,0.00,1.83,0.00,12.78,0.00,0.00,0.00,1.0,95830.0,95350.0,0.0,0.0,0.5,0.0,64.157,0.000,0.0,659068.0
2026-08-31T16:02:27,0.2,4761,1547350,1531407,0.3,0.00,1.22,0.00,7.33,0.00,0.00,0.00,1.0,95830.0,95350.0,0.0,0.0,0.5,0.0,64.126,0.000,0.0,653895.5
2026-08-31T16:02:28,0.2,4761,1547350,1531407,0.3,0.00,0.57,0.00,2.26,0.00,0.00,0.00,1.0,95830.0,95350.0,0.0,0.0,0.5,0.0,64.142,0.000,0.0,658162.5
2026-08-31T16:02:30,0.2,4761,1547350,1531407,0.3,0.00,0.54,0.00,2.17,0.00,0.00,0.00,1.0,95830.0,95350.0,0.0,0.0,0.5,0.0,64.172,0.000,0.0,654340.5
2026-08-31T16:02:32,0.2,4760,1547350,1531407,0.3,0.00,3.00,0.00,13.99,0.00,0.17,0.00,1.0,95830.0,95350.0,0.0,0.0,0.5,0.0,64.150,0.000,0.0,650287.0
2026-08-31T16:02:34,0.2,4760,1547350,1531408,0.3,0.00,0.56,0.00,2.24,0.00,0.00,0.00,1.0,95830.0,95350.0,0.0,0.0,0.5,0.0,64.145,0.000,0.0,651107.5
2026-08-31T16:02:36,0.2,4761,1547350,1531407,0.3,0.00,0.50,0.00,1.99,0.00,0.00,0.00,1.0,95830.0,95350.0,0.0,0.0,0.5,0.0,64.170,0.000,0.0,641725.0
2026-08-31T16:02:38,0.2,4761,1547350,1531407,0.3,0.00,0.44,0.00,1.77,0.00,0.00,0.00,1.0,95830.0,95350.0,0.0,0.0,0.5,0.0,64.192,0.000,0.0,645576.5
2026-08-31T16:02:40,0.2,4760,1547350,1531407,0.3,0.00,0.50,0.00,2.00,0.00,0.00,0.00,1.0,95830.0,95350.0,0.0,0.0,0.5,0.0,64.168,0.000,0.0,647122.0
2026-08-31T16:02:42,0.2,4760,1547350,1531408,0.3,0.00,0.99,0.00,3.96,0.00,0.00,0.00,1.0,95830.0,95350.0,0.0,0.0,0.5,0.0,64.166,0.000,0.0,646189.5
2026-08-31T16:02:44,0.2,4760,1547350,1531408,0.3,0.00,0.50,0.00,1.99,0.00,0.00,0.00,1.0,95830.0,95350.0,0.0,0.0,0.5,0.0,64.139,0.000,0.0,631227.0
2026-08-31T16:02:46,0.2,4760,1547350,1531408,0.3,0.00,0.50,0.00,2.00,0.00,0.00,0.05,1.0,95830.0,95350.0,0.0,0.0,0.5,0.0,64.160,0.000,0.0,697030.0
2026-08-31T16:02:48,0.2,4760,1547350,1531407,0.3,0.00,0.49,0.00,1.97,0.00,0.00,0.00,1.0,95830.0,95350.0,0.0,0.0,0.5,0.0,64.138,0.000,0.0,691083.0
2026-08-31T16:02:50,0.2,4760,1547350,1531407,0.3,0.00,0.70,0.00,2.79,0.00,0.00,0.00,1.0,95830.0,95350.0,0.0,0.0,0.5,0.0,64.162,0.000,0.0,652774.5
2026-08-31T16:02:52,0.2,4761,1547350,1531407,0.3,0.00,0.50,0.00,1.99,0.00,0.00,0.00,1.0,95830.0,95350.0,0.0,0.0,0.5,0.0,64.150,0.000,0.0,651095.0
2026-08-31T16:02:54,0.2,4761,1547350,1531407,0.3,0.00,0.50,0.00,1.99,0.00,0.00,0.00,1.0,95830.0,95350.0,0.0,0.0,0.5,0.0,64.164,0.000,0.0,657757.5
2026-08-31T16:02:56,0.2,4761,1547350,1531406,0.3,0.00,3.51,0.00,28.34,0.00,0.14,0.00,1.0,95830.0,95350.0,0.0,0.0,0.5,0.0,64.160,0.000,0.0,658584.0
2026-08-31T16:02:58,0.2,4761,1547350,1531406,0.3,0.00,1.19,0.00,4.78,0.00,0.00,0.00,1.0,95830.0,95350.0,0.0,0.0,0.5,0.0,64.155,0.000,0.0,662321.0
2026-08-31T16:02:59,0.2,4761,1547350,1531406,0.3,0.00,0.68,0.00,2.72,0.00,0.00,0.00,1.0,95830.0,95350.0,0.0,0.0,0.5,0.0,64.147,0.000,0.0,663393.5
2026-08-31T16:03:01,0.2,4764,1547350,1531403,0.3,0.00,0.65,0.00,2.59,0.00,0.00,0.00,1.0,95830.0,95350.0,0.0,0.0,0.5,0.0,64.138,0.000,0.0,663369.5
2026-08-31T16:03:02,0.3,4765,1547350,1531403,0.3,0.00,1.33,0.00,5.33,0.00,0.00,0.00,1.0,95830.0,95350.0,0.0,0.0,0.5,0.0,64.136,0.000,0.0,675690.0
2026-08-31T16:03:04,0.2,4765,1547350,1531403,0.3,0.00,0.65,0.00,2.61,0.00,0.00,0.00,1.0,95830.0,95350.0,0.0,0.0,0.5,0.0,64.154,0.000,0.0,662304.0
2026-08-31T16:03:05,0.2,4764,1547350,1531403,0.3,0.00,0.60,0.00,2.40,0.00,0.00,0.00,1.0,95830.0,95350.0,0.0,0.0,0.5,0.0,64.151,0.000,0.0,668957.0
2026-08-31T16:03:07,0.2,4764,1547350,1531403,0.3,0.00,0.67,0.00,2.67,0.00,0.00,0.00,1.0,95830.0,95350.0,0.0,0.0,0.5,0.0,64.166,0.000,0.0,651778.0
2026-08-31T16:03:09,0.2,4764,1547350,1531403,0.3,0.00,0.53,0.00,2.13,0.00,0.00,0.00,1.0,95830.0,95350.0,0.0,0.0,0.5,0.0,64.139,0.000,0.0,659396.0
2026-08-31T16:03:10,0.2,4765,1547350,1531403,0.3,0.00,0.61,0.00,2.42,0.00,0.00,0.00,1.0,95830.0,95350.0,0.0,0.0,0.5,0.0,64.175,0.000,0.0,655805.5
2026-08-31T16:03:12,0.2,4761,1547350,1531407,0.3,0.00,0.66,0.00,2.65,0.00,0.00,0.00,1.0,95830.0,95350.0,0.0,0.0,0.5,0.0,64.137,0.000,0.0,657532.5
2026-08-31T16:03:13,0.2,4759,1547350,1531408,0.3,0.00,0.58,0.00,2.34,0.00,0.00,0.00,1.0,95830.0,95350.0,0.0,0.0,0.5,0.0,64.176,0.000,0.0,676865.5
2026-08-31T16:03:15,0.2,4759,1547350,1531409,0.3,0.00,0.65,0.00,2.59,0.00,0.00,0.00,1.0,95830.0,95350.0,0.0,0.0,0.5,0.0,64.156,0.000,0.0,669599.5
2026-08-31T16:03:17,0.2,4760,1547350,1531408,0.3,0.00,0.61,0.00,2.44,0.00,0.00,0.00,1.0,95830.0,95350.0,0.0,0.0,0.5,0.0,64.137,0.000,0.0,653939.5
2026-08-31T16:03:19,0.2,4759,1547350,1531409,0.3,0.00,0.54,0.00,2.16,0.00,1.00,0.00,1.0,95830.0,95350.0,0.0,0.0,0.5,0.0,64.151,0.000,0.0,655982.5
2026-08-31T16:03:20,0.2,4759,1547350,1531408,0.3,0.00,0.65,0.00,2.58,0.00,0.00,0.00,1.0,95830.0,95350.0,0.0,0.0,0.5,0.0,64.180,0.000,0.0,642842.0
2026-08-31T16:03:22,0.2,4759,1547350,1531409,0.3,0.00,0.62,0.00,2.47,0.00,0.00,0.00,1.0,95830.0,95350.0,0.0,0.0,0.5,0.0,64.160,0.000,0.0,677135.5
2026-08-31T16:03:24,0.2,4759,1547350,1531409,0.3,0.00,0.54,0.00,2.17,0.00,0.00,0.00,1.0,95830.0,95350.0,0.0,0.0,0.5,0.0,64.155,0.000,0.0,636592.5
2026-08-31T16:03:25,0.2,4759,1547350,1531409,0.3,0.00,1.91,0.00,13.69,0.00,0.00,0.00,1.0,95830.0,95350.0,0.0,0.0,0.5,0.0,64.166,0.000,0.0,737424.5
2026-08-31T16:03:27,0.2,4759,1547350,1531409,0.3,0.00,0.61,0.00,2.44,0.00,0.00,0.00,1.0,95830.0,95350.0,0.0,0.0,0.5,0.0,64.179,0.000,0.0,654519.5
2026-08-31T16:03:29,0.2,4758,1547350,1531409,0.3,0.00,1.09,0.00,6.51,0.00,0.00,0.00,1.0,95830.0,95350.0,0.0,0.0,0.5,0.0,64.141,0.000,0.0,662174.0
2026-08-31T16:03:30,0.2,4759,1547350,1531409,0.3,0.00,0.63,0.00,2.50,0.00,0.00,0.00,1.0,95830.0,95350.0,0.0,0.0,0.5,0.0,64.148,0.000,0.0,728279.5
2026-08-31T16:03:32,0.2,4758,1547350,1531410,0.3,0.00,0.56,0.00,2.25,0.00,0.00,0.00,1.0,95830.0,95350.0,0.0,0.0,0.5,0.0,64.172,0.000,0.0,684405.0
2026-08-31T16:03:34,0.2,4758,1547350,1531410,0.3,0.00,2.94,0.00,11.76,0.00,0.17,0.00,1.0,95830.0,95350.0,0.0,0.0,0.5,0.0,64.167,0.000,0.0,669300.5
2026-08-31T16:03:36,0.2,4758,1547350,1531410,0.3,0.00,0.49,0.00,1.98,0.00,0.00,0.00,1.0,95830.0,95350.0,0.0,0.0,0.5,0.0,64.127,0.000,0.0,651126.0
2026-08-31T16:03:38,0.2,4759,1547350,1531409,0.3,0.00,1.11,0.00,6.67,0.00,0.00,0.00,1.0,95830.0,95350.0,0.0,0.0,0.5,0.0,64.184,0.000,0.0,631596.5
2026-08-31T16:03:40,0.2,4759,1547350,1531409,0.3,0.00,0.49,0.00,1.98,0.00,0.00,0.00,1.0,95830.0,95350.0,0.0,0.0,0.5,0.0,64.183,0.000,0.0,660567.5
2026-08-31T16:03:42,0.2,4759,1547350,1531408,0.3,0.00,0.50,0.00,2.01,0.00,0.00,0.00,1.0,95830.0,95350.0,0.0,0.0,0.5,0.0,64.157,0.000,0.0,648080.0
2026-08-31T16:03:44,0.2,4759,1547350,1531409,0.3,0.00,0.96,0.00,3.86,0.00,0.00,0.00,1.0,95830.0,95350.0,0.0,0.0,0.5,0.0,64.167,0.000,0.0,646226.5
2026-08-31T16:03:46,0.2,4758,1547350,1531409,0.3,0.00,0.50,0.00,1.99,0.00,0.00,0.05,1.0,95830.0,95350.0,0.0,0.0,0.5,0.0,64.174,0.000,0.0,646577.0
2026-08-31T16:03:48,0.2,4758,1547350,1531409,0.3,0.00,0.50,0.00,1.98,0.00,0.00,0.00,1.0,95830.0,95350.0,0.0,0.0,0.5,0.0,64.157,0.000,0.0,647040.0
2026-08-31T16:03:50,0.2,4758,1547350,1531410,0.3,0.00,0.51,0.00,2.03,0.00,0.00,0.00,1.0,95830.0,95350.0,0.0,0.0,0.5,0.0,64.167,0.000,0.0,631184.5
2026-08-31T16:03:52,0.2,4758,1547350,1531410,0.3,0.00,0.49,0.00,1.96,0.00,0.00,0.00,1.0,95830.0,95350.0,0.0,0.0,0.5,0.0,64.174,0.000,0.0,655852.0
2026-08-31T16:03:54,0.2,4758,1547350,1531409,0.3,0.00,0.46,0.00,1.83,0.00,0.00,0.00,1.0,95830.0,95350.0,0.0,0.0,0.5,0.0,64.125,0.000,0.0,646703.5
2026-08-31T16:03:56,0.2,4758,1547350,1531409,0.3,0.00,3.86,0.00,28.21,0.00,0.12,0.00,1.0,95830.0,95350.0,0.0,0.0,0.5,0.0,64.165,0.000,0.0,648308.5
2026-08-31T16:03:58,0.2,4759,1547350,1531409,0.3,0.00,0.57,0.00,2.27,0.00,0.00,0.00,1.0,95830.0,95350.0,0.0,0.0,0.5,0.0,64.162,0.000,0.0,665683.5
2026-08-31T16:04:00,0.2,4759,1547350,1531409,0.3,0.00,0.65,0.00,2.59,0.00,0.00,0.00,1.0,95830.0,95350.0,0.0,0.0,0.5,0.0,64.170,0.000,0.0,641765.0
2026-08-31T16:04:01,0.3,4762,1547350,1531406,0.3,0.00,0.74,0.00,2.96,0.00,0.00,0.00,1.0,95830.0,95350.0,0.0,0.0,0.5,0.0,64.182,0.000,0.0,681669.0
2026-08-31T16:04:03,0.2,4762,1547350,1531406,0.3,0.00,0.61,0.00,2.43,0.00,0.00,0.00,1.0,95830.0,95350.0,0.0,0.0,0.5,0.0,64.160,0.000,0.0,658096.0
2026-08-31T16:04:04,0.2,4762,1547350,1531405,0.3,0.00,1.15,0.00,4.61,0.00,0.00,0.00,1.0,95830.0,95350.0,0.0,0.0,0.5,0.0,64.161,0.000,0.0,655703.5
2026-08-31T16:04:06,0.2,4762,1547350,1531406,0.3,0.00,0.59,0.00,2.35,0.00,0.00,0.00,1.0,95830.0,95350.0,0.0,0.0,0.5,0.0,64.177,0.000,0.0,733382.0
2026-08-31T16:04:08,0.2,4762,1547350,1531406,0.3,0.00,0.62,0.00,2.48,0.00,0.00,0.00,1.0,95830.0,95350.0,0.0,0.0,0.5,0.0,64.177,0.000,0.0,653634.0
2026-08-31T16:04:09,0.2,4761,1547350,1531406,0.3,0.00,0.61,0.00,2.45,0.00,0.00,0.00,1.0,95830.0,95350.0,0.0,0.0,0.5,0.0,64.177,0.000,0.0,664148.0
2026-08-31T16:04:11,0.2,4758,1547350,1531410,0.3,0.00,0.62,0.00,2.48,0.00,0.00,0.00,1.0,95830.0,95350.0,0.0,0.0,0.5,0.0,64.167,0.000,0.0,654239.5
2026-08-31T16:04:12,0.2,4757,1547350,1531411,0.3,0.00,0.66,0.00,2.65,0.00,0.00,0.00,1.0,95830.0,95350.0,0.0,0.0,0.5,0.0,64.158,0.000,0.0,656479.5
2026-08-31T16:04:14,0.2,4757,1547350,1531410,0.3,0.00,0.54,0.00,2.18,0.00,0.00,0.00,1.0,95830.0,95350.0,0.0,0.0,0.5,0.0,64.153,0.000,0.0,639787.0
2026-08-31T16:04:16,0.2,4758,1547350,1531410,0.3,0.00,0.60,0.00,2.39,0.00,0.00,0.00,1.0,95830.0,95350.0,0.0,0.0,0.5,0.0,64.135,0.000,0.0,676507.5
2026-08-31T16:04:17,0.2,4757,1547350,1531411,0.3,0.00,0.66,0.00,2.65,0.00,0.00,0.00,1.0,95830.0,95350.0,0.0,0.0,0.5,0.0,64.142,0.000,0.0,690381.5
2026-08-31T16:04:19,0.2,4757,1547350,1531410,0.3,0.00,0.58,0.00,2.32,0.00,0.00,0.00,1.0,95830.0,95350.0,0.0,0.0,0.5,0.0,64.162,0.000,0.0,654719.5
2026-08-31T16:04:21,0.2,4757,1547350,1531410,0.3,0.00,0.56,0.00,2.24,0.00,0.00,0.00,1.0,95830.0,95350.0,0.0,0.0,0.5,0.0,64.174,0.000,0.0,656520.0
2026-08-31T16:04:22,0.2,4757,1547350,1531411,0.3,0.00,0.65,0.00,2.58,0.00,1.00,0.00,1.0,95830.0,95350.0,0.0,0.0,0.5,0.0,64.187,0.000,0.0,686978.5
2026-08-31T16:04:24,0.2,4758,1547350,1531410,0.3,0.00,0.59,0.00,2.37,0.00,0.00,0.00,1.0,95830.0,95350.0,0.0,0.0,0.5,0.0,64.174,0.000,0.0,652775.5
2026-08-31T16:04:26,0.2,4757,1547350,1531410,0.3,0.00,3.25,0.00,15.98,0.00,0.00,0.00,1.0,95830.0,95350.0,0.0,0.0,0.5,0.0,64.170,0.000,0.0,646444.5
2026-08-31T16:04:28,0.2,4757,1547350,1531411,0.3,0.00,0.56,0.00,2.24,0.00,0.00,0.00,1.0,95830.0,95350.0,0.0,0.0,0.5,0.0,64.168,0.000,0.0,660316.5
2026-08-31T16:04:29,0.2,4757,1547350,1531410,0.3,0.00,0.63,0.00,2.51,0.00,0.00,0.00,1.0,95830.0,95350.0,0.0,0.0,0.5,0.0,64.166,0.000,0.0,651172.0
2026-08-31T16:04:31,0.2,4757,1547350,1531411,0.3,0.00,0.55,0.00,2.18,0.00,0.00,0.00,1.0,95830.0,95350.0,0.0,0.0,0.5,0.0,64.171,0.000,0.0,661837.0
2026-08-31T16:04:33,0.2,4757,1547350,1531411,0.3,0.00,0.56,0.00,2.23,0.00,0.00,0.00,1.0,95830.0,95350.0,0.0,0.0,0.5,0.0,64.189,0.000,0.0,660020.5
2026-08-31T16:04:35,0.2,4757,1547350,1531411,0.3,0.00,3.97,0.00,19.86,0.00,0.12,0.00,1.0,95830.0,95350.0,0.0,0.0,0.5,0.0,64.168,0.000,0.0,631347.0
2026-08-31T16:04:37,0.2,4757,1547350,1531411,0.3,0.00,0.49,0.00,1.97,0.00,0.00,0.00,1.0,95830.0,95350.0,0.0,0.0,0.5,0.0,64.159,0.000,0.0,663248.0
2026-08-31T16:04:39,0.2,4757,1547350,1531411,0.3,0.00,0.50,0.00,2.00,0.00,0.00,0.00,1.0,95830.0,95350.0,0.0,0.0,0.5,0.0,64.169,0.000,0.0,656828.5
2026-08-31T16:04:41,0.2,4757,1547350,1531411,0.3,0.00,0.49,0.00,1.96,0.00,0.00,0.00,1.0,95830.0,95350.0,0.0,0.0,0.5,0.0,64.156,0.000,0.0,645846.0
2026-08-31T16:04:43,0.2,4756,1547350,1531412,0.3,0.00,0.51,0.00,2.03,0.00,0.00,0.00,1.0,95830.0,95350.0,0.0,0.0,0.5,0.0,64.171,0.000,0.0,645599.5
2026-08-31T16:04:45,0.2,4756,1547350,1531412,0.3,0.00,0.94,0.00,3.75,0.00,0.00,0.00,1.0,95830.0,95350.0,0.0,0.0,0.5,0.0,64.186,0.000,0.0,646464.5
2026-08-31T16:04:47,0.2,4756,1547350,1531411,0.3,0.00,0.52,0.00,2.08,0.00,0.00,0.00,1.0,95830.0,95350.0,0.0,0.0,0.5,0.0,64.180,0.000,0.0,647258.5
2026-08-31T16:04:49,0.2,4756,1547350,1531411,0.3,0.00,0.48,0.00,1.93,0.00,0.00,0.00,1.0,95830.0,95350.0,0.0,0.0,0.5,0.0,64.194,0.000,0.0,638435.5
2026-08-31T16:04:51,0.2,4756,1547350,1531412,0.3,0.00,0.46,0.00,1.85,0.00,0.00,0.00,1.0,95830.0,95350.0,0.0,0.0,0.5,0.0,64.215,0.000,0.0,645851.0
2026-08-31T16:04:53,0.2,4756,1547350,1531412,0.3,0.00,0.50,0.00,2.02,0.00,0.00,0.00,1.0,95830.0,95350.0,0.0,0.0,0.5,0.0,64.159,0.000,0.0,645846.5
2026-08-31T16:04:55,0.2,4756,1547350,1531412,0.3,0.00,3.33,0.00,30.01,0.00,0.00,0.00,1.0,95830.0,95350.0,0.0,0.0,0.5,0.0,64.154,0.000,0.0,652065.0
2026-08-31T16:04:57,0.2,4755,1547350,1531413,0.3,0.00,0.51,0.00,2.04,0.00,0.00,0.00,1.0,95830.0,95350.0,0.0,0.0,0.5,0.0,64.168,0.000,0.0,651013.5
2026-08-31T16:04:59,0.2,4755,1547350,1531412,0.3,0.00,0.59,0.00,2.35,0.00,0.00,0.00,1.0,95830.0,95350.0,0.0,0.0,0.5,0.0,64.181,0.000,0.0,636651.0
2026-08-31T16:05:01,0.2,4761,1547350,1531407,0.3,0.00,0.55,0.00,2.19,0.00,1.00,0.00,1.0,95830.0,95350.0,0.0,0.0,0.5,0.0,64.162,0.000,0.0,692547.5
2026-08-31T16:05:02,0.2,4761,1547350,1531406,0.3,0.00,0.73,0.00,2.93,0.00,0.00,0.00,1.0,95830.0,95350.0,0.0,0.0,0.5,0.0,64.172,0.000,0.0,663396.5
2026-08-31T16:05:04,0.2,4762,1547350,1531406,0.3,0.00,0.67,0.00,2.70,0.00,0.00,0.00,1.0,95830.0,95350.0,0.0,0.0,0.5,0.0,64.174,0.000,0.0,659724.0
2026-08-31T16:05:05,0.2,4763,1547350,1531405,0.3,0.00,1.83,0.00,7.31,0.00,0.00,0.00,1.0,95830.0,95350.0,0.0,0.0,0.5,0.0,64.161,0.000,0.0,661611.0
2026-08-31T16:05:07,0.2,4762,1547350,1531406,0.3,0.00,0.65,0.00,2.58,0.00,0.00,0.00,1.0,95830.0,95350.0,0.0,0.0,0.5,0.0,64.222,0.000,0.0,658162.0
2026-08-31T16:05:08,0.2,4762,1547350,1531406,0.3,0.00,0.66,0.00,2.64,0.00,0.00,0.00,1.0,95830.0,95350.0,0.0,0.0,0.5,0.0,64.186,0.000,0.0,659396.0
2026-08-31T16:05:10,0.2,4762,1547350,1531406,0.3,0.00,0.59,0.00,2.34,0.00,0.00,0.00,1.0,95830.0,95350.0,0.0,0.0,0.5,0.0,64.189,0.000,0.0,653798.5
2026-08-31T16:05:12,0.2,4757,1547350,1531410,0.3,0.00,0.55,0.00,2.19,0.00,0.00,0.00,1.0,95830.0,95350.0,0.0,0.0,0.5,0.0,64.171,0.000,0.0,658344.5
2026-08-31T16:05:13,0.2,4758,1547350,1531410,0.3,0.00,0.66,0.00,2.64,0.00,0.00,0.00,1.0,95830.0,95350.0,0.0,0.0,0.5,0.0,64.138,0.000,0.0,659376.0
2026-08-31T16:05:15,0.2,4758,1547350,1531409,0.3,0.00,0.59,0.00,2.38,0.00,0.00,0.00,1.0,95830.0,95350.0,0.0,0.0,0.5,0.0,64.169,0.000,0.0,656668.0
2026-08-31T16:05:17,0.2,4759,1547350,1531409,0.3,0.00,0.64,0.00,2.56,0.00,0.00,0.00,1.0,95830.0,95350.0,0.0,0.0,0.5,0.0,64.178,0.000,0.0,663338.5
2026-08-31T16:05:18,0.2,4758,1547350,1531410,0.3,0.00,0.62,0.00,2.49,0.00,0.00,0.00,1.0,95830.0,95350.0,0.0,0.0,0.5,0.0,64.165,0.000,0.0,659741.5
2026-08-31T16:05:20,0.2,4759,1547350,1531409,0.3,0.00,0.59,0.00,2.37,0.00,0.00,0.00,1.0,95830.0,95350.0,0.0,0.0,0.5,0.0,64.169,0.000,0.0,650019.0
2026-08-31T16:05:22,0.2,4759,1547350,1531409,0.3,0.00,0.56,0.00,2.25,0.00,0.00,0.00,1.0,95830.0,95350.0,0.0,0.0,0.5,0.0,64.150,0.000,0.0,672126.5
2026-08-31T16:05:23,0.2,4758,1547350,1531410,0.3,0.00,0.63,0.00,2.52,0.00,0.00,0.00,1.0,95830.0,95350.0,0.0,0.0,0.5,0.0,64.166,0.000,0.0,657853.0
2026-08-31T16:05:25,0.2,4758,1547350,1531409,0.3,0.00,0.60,0.00,2.40,0.00,0.00,0.00,1.0,95830.0,95350.0,0.0,0.0,0.5,0.0,64.179,0.000,0.0,656419.0
2026-08-31T16:05:27,0.2,4758,1547350,1531410,0.3,0.00,6.17,0.00,29.99,0.00,0.09,0.00,1.0,95830.0,95350.0,0.0,0.0,0.5,0.0,64.182,0.000,0.0,657364.5
2026-08-31T16:05:28,0.2,4757,1547350,1531410,0.3,0.00,0.63,0.00,2.53,0.00,0.00,0.00,1.0,95830.0,95350.0,0.0,0.0,0.5,0.0,64.177,0.000,0.0,656249.0
2026-08-31T16:05:30,0.2,4758,1547350,1531410,0.3,0.00,0.60,0.00,2.41,0.00,0.00,0.00,1.0,95830.0,95350.0,0.0,0.0,0.5,0.0,64.207,0.000,0.0,657643.5
2026-08-31T16:05:32,0.2,4758,1547350,1531410,0.3,0.00,0.55,0.00,2.18,0.00,0.00,0.00,1.0,95830.0,95350.0,0.0,0.0,0.5,0.0,64.197,0.000,0.0,657374.0
2026-08-31T16:05:33,0.2,4758,1547350,1531410,0.3,0.00,0.64,0.00,2.55,0.00,0.00,0.00,1.0,95830.0,95350.0,0.0,0.0,0.5,0.0,64.151,0.000,0.0,655857.0
2026-08-31T16:05:35,0.2,4757,1547350,1531410,0.3,0.00,3.79,0.00,17.31,0.00,0.14,0.00,1.0,95830.0,95350.0,0.0,0.0,0.5,0.0,64.185,0.000,0.0,648686.0
2026-08-31T16:05:37,0.2,4757,1547350,1531411,0.3,0.00,0.55,0.00,2.18,0.00,0.00,0.00,1.0,95830.0,95350.0,0.0,0.0,0.5,0.0,64.171,0.000,0.0,650469.0
2026-08-31T16:05:39,0.2,4757,1547350,1531410,0.3,0.00,0.56,0.00,2.23,0.00,0.00,0.06,1.0,95830.0,95350.0,0.0,0.0,0.5,0.0,64.165,0.000,0.0,667457.5
2026-08-31T16:05:41,0.2,4758,1547350,1531410,0.3,0.00,0.55,0.00,2.20,0.00,0.00,0.00,1.0,95830.0,95350.0,0.0,0.0,0.5,0.0,64.154,0.000,0.0,655559.0
2026-08-31T16:05:43,0.2,4757,1547350,1531411,0.3,0.00,0.50,0.00,1.98,0.00,0.00,0.00,1.0,95830.0,95350.0,0.0,0.0,0.5,0.0,64.180,0.000,0.0,673798.5
2026-08-31T16:05:45,0.2,4757,1547350,1531410,0.3,0.00,0.50,0.00,1.99,0.00,0.00,0.00,1.0,95830.0,95350.0,0.0,0.0,0.5,0.0,64.194,0.000,0.0,651489.0
2026-08-31T16:05:47,0.2,4758,1547350,1531410,0.3,0.00,0.92,0.00,3.67,0.00,0.00,0.00,1.0,95830.0,95350.0,0.0,0.0,0.5,0.0,64.189,0.000,0.0,649466.0
2026-08-31T16:05:49,0.2,4758,1547350,1531410,0.3,0.00,0.55,0.00,2.18,0.00,0.00,0.00,1.0,95830.0,95350.0,0.0,0.0,0.5,0.0,64.184,0.000,0.0,645830.0
2026-08-31T16:05:51,0.2,4757,1547350,1531411,0.3,0.00,0.49,0.00,1.96,0.00,0.00,0.00,1.0,95830.0,95350.0,0.0,0.0,0.5,0.0,64.174,0.000,0.0,646593.5
2026-08-31T16:05:53,0.2,4757,1547350,1531410,0.3,0.00,0.49,0.00,1.98,0.00,0.00,0.00,1.0,95830.0,95350.0,0.0,0.0,0.5,0.0,64.162,0.000,0.0,647651.5
2026-08-31T16:05:55,0.2,4758,1547350,1531410,0.3,0.00,0.50,0.00,1.99,0.00,0.00,0.00,1.0,95830.0,95350.0,0.0,0.0,0.5,0.0,64.198,0.000,0.0,642537.0
2026-08-31T16:05:57,0.2,4759,1547350,1531409,0.3,0.00,2.93,0.00,23.65,0.00,0.14,0.00,1.0,95830.0,95350.0,0.0,0.0,0.5,0.0,64.164,0.000,0.0,644605.0
2026-08-31T16:05:59,0.2,4760,1547350,1531408,0.3,0.00,0.50,0.00,2.00,0.00,0.00,0.00,1.0,95830.0,95350.0,0.0,0.0,0.5,0.0,64.191,0.000,0.0,650274.0
2026-08-31T16:06:01,0.3,4764,1547350,1531404,0.3,0.00,0.60,0.00,2.40,0.00,0.00,0.00,1.0,95830.0,95350.0,0.0,0.0,0.5,0.0,64.150,0.000,0.0,656148.0
2026-08-31T16:06:03,0.2,4764,1547350,1531404,0.3,0.00,0.61,0.00,2.44,0.00,0.00,0.00,1.0,95830.0,95350.0,0.0,0.0,0.5,0.0,64.200,0.000,0.0,669795.5
2026-08-31T16:06:04,0.2,4764,1547350,1531404,0.3,0.00,0.67,0.00,2.66,0.00,0.00,0.00,1.0,95830.0,95350.0,0.0,0.0,0.5,0.0,64.194,0.000,0.0,686959.0
2026-08-31T16:06:06,0.2,4764,1547350,1531404,0.3,0.00,0.66,0.00,2.62,0.00,0.00,0.00,1.0,95830.0,95350.0,0.0,0.0,0.5,0.0,64.177,0.000,0.0,660074.0
2026-08-31T16:06:07,0.2,4764,1547350,1531404,0.3,0.00,0.60,0.00,2.40,0.00,0.00,0.00,1.0,95830.0,95350.0,0.0,0.0,0.5,0.0,64.201,0.000,0.0,661435.0
2026-08-31T16:06:09,0.2,4763,1547350,1531405,0.3,0.00,0.66,0.00,2.64,0.00,0.00,0.00,1.0,95830.0,95350.0,0.0,0.0,0.5,0.0,64.184,0.000,0.0,661587.0
2026-08-31T16:06:10,0.2,4763,1547350,1531405,0.3,0.00,0.59,0.00,2.35,0.00,0.00,0.00,1.0,95830.0,95350.0,0.0,0.0,0.5,0.0,64.172,0.000,0.0,655879.5
2026-08-31T16:06:12,0.2,4760,1547350,1531408,0.3,0.00,1.83,0.00,7.34,0.00,0.00,0.00,1.0,95830.0,95350.0,0.0,0.0,0.5,0.0,64.157,0.000,0.0,653583.0
2026-08-31T16:06:14,0.2,4760,1547350,1531408,0.3,0.00,0.65,0.00,2.60,0.00,0.00,0.00,1.0,95830.0,95350.0,0.0,0.0,0.5,0.0,64.195,0.000,0.0,659425.0
2026-08-31T16:06:15,0.2,4759,1547350,1531408,0.3,0.00,0.60,0.00,2.39,0.00,1.00,0.00,1.0,95830.0,95350.0,0.0,0.0,0.5,0.0,64.170,0.000,0.0,657378.5
2026-08-31T16:06:17,0.2,4759,1547350,1531409,0.3,0.00,0.57,0.00,2.26,0.00,0.00,0.00,1.0,95830.0,95350.0,0.0,0.0,0.5,0.0,64.157,0.000,0.0,650731.5
2026-08-31T16:06:19,0.2,4759,1547350,1531408,0.3,0.00,0.62,0.00,2.49,0.00,0.00,0.00,1.0,95830.0,95350.0,0.0,0.0,0.5,0.0,64.175,0.000,0.0,660384.0
2026-08-31T16:06:20,0.2,4759,1547350,1531408,0.3,0.00,0.60,0.00,2.39,0.00,0.00,0.00,1.0,95830.0,95350.0,0.0,0.0,0.5,0.0,64.168,0.000,0.0,654243.5
2026-08-31T16:06:22,0.2,4759,1547350,1531408,0.3,0.00,0.65,0.00,2.62,0.00,0.00,0.00,1.0,95830.0,95350.0,0.0,0.0,0.5,0.0,64.191,0.000,0.0,664774.5
2026-08-31T16:06:23,0.2,4759,1547350,1531409,0.3,0.00,0.78,0.00,3.12,0.00,0.00,0.00,1.0,95830.0,95350.0,0.0,0.0,0.5,0.0,64.225,0.000,0.0,664774.5
2026-08-31T16:06:24,0.2,4759,1547350,1531409,0.3,0.00,1.65,0.00,6.59,0.00,0.00,0.00,1.0,95830.0,95350.0,0.0,0.0,0.5,0.0,64.170,0.000,0.0,694770.0
2026-08-31T16:06:25,0.2,4759,1547350,1531408,0.3,0.00,0.62,0.00,2.50,0.00,0.00,0.00,1.0,95830.0,95350.0,0.0,0.0,0.5,0.0,64.169,0.000,0.0,672402.0
2026-08-31T16:06:27,0.2,4758,1547350,1531409,0.3,0.00,1.28,0.00,11.23,0.00,0.00,0.00,1.0,95830.0,95350.0,0.0,0.0,0.5,0.0,64.163,0.000,0.0,656714.5
2026-08-31T16:06:29,0.2,4759,1547350,1531408,0.3,0.00,0.54,0.00,2.17,0.00,0.00,0.00,1.0,95830.0,95350.0,0.0,0.0,0.5,0.0,64.198,0.000,0.0,657449.5
2026-08-31T16:06:30,0.2,4759,1547350,1531409,0.3,0.00,0.62,0.00,2.48,0.00,0.00,0.00,1.0,95830.0,95350.0,0.0,0.0,0.5,0.0,64.179,0.000,0.0,681288.5
2026-08-31T16:06:32,0.2,4760,1547350,1531408,0.3,0.00,4.33,0.00,17.33,0.00,0.14,0.06,1.0,95830.0,95350.0,0.0,0.0,0.5,0.0,64.168,0.000,0.0,663372.5
2026-08-31T16:06:33,0.2,4759,1547350,1531409,0.3,0.00,0.70,0.00,2.79,0.00,0.00,0.00,1.0,95830.0,95350.0,0.0,0.0,0.5,0.0,64.177,0.000,0.0,696464.5
2026-08-31T16:06:34,0.2,4759,1547350,1531408,0.3,0.00,1.01,0.00,4.04,0.00,0.00,0.00,1.0,95830.0,95350.0,0.0,0.0,0.5,0.0,64.197,0.000,0.0,656828.0
2026-08-31T16:06:36,0.2,4759,1547350,1531408,0.3,0.00,0.56,0.00,2.23,0.00,0.00,0.00,1.0,95830.0,95350.0,0.0,0.0,0.5,0.0,64.173,0.000,0.0,655422.5
2026-08-31T16:06:38,0.2,4759,1547350,1531409,0.3,0.00,0.52,0.00,2.09,0.00,0.00,0.00,1.0,95830.0,95350.0,0.0,0.0,0.5,0.0,64.199,0.000,0.0,636826.5
2026-08-31T16:06:40,0.2,4758,1547350,1531410,0.3,0.00,0.58,0.00,2.31,0.00,0.00,0.00,1.0,95830.0,95350.0,0.0,0.0,0.5,0.0,64.178,0.000,0.0,667198.5
2026-08-31T16:06:42,0.2,4758,1547350,1531410,0.3,0.00,1.51,0.00,8.04,0.00,0.00,0.00,1.0,95830.0,95350.0,0.0,0.0,0.5,0.0,64.169,0.000,0.0,645963.0
2026-08-31T16:06:44,0.2,4757,1547350,1531410,0.3,0.00,0.50,0.00,1.98,0.00,0.00,0.00,1.0,95830.0,95350.0,0.0,0.0,0.5,0.0,64.156,0.000,0.0,670878.5
2026-08-31T16:06:46,0.2,4757,1547350,1531410,0.3,0.00,0.49,0.00,1.95,0.00,0.00,0.00,1.0,95830.0,95350.0,0.0,0.0,0.5,0.0,64.167,0.000,0.0,645965.0
2026-08-31T16:06:48,0.2,4757,1547350,1531410,0.3,0.00,0.48,0.00,1.94,0.00,0.00,0.00,1.0,95830.0,95350.0,0.0,0.0,0.5,0.0,64.160,0.000,0.0,645538.0
2026-08-31T16:06:50,0.2,4758,1547350,1531410,0.3,0.00,0.51,0.00,2.03,0.00,0.00,0.00,1.0,95830.0,95350.0,0.0,0.0,0.5,0.0,64.184,0.000,0.0,649107.0
2026-08-31T16:06:52,0.2,4757,1547350,1531411,0.3,0.00,0.50,0.00,2.00,0.00,0.00,0.00,1.0,95830.0,95350.0,0.0,0.0,0.5,0.0,64.182,0.000,0.0,644930.0
2026-08-31T16:06:54,0.2,4758,1547350,1531410,0.3,0.00,0.50,0.00,2.01,0.00,0.00,0.00,1.0,95830.0,95350.0,0.0,0.0,0.5,0.0,64.145,0.000,0.0,646739.5
2026-08-31T16:06:56,0.2,4757,1547350,1531411,0.3,0.00,3.39,0.00,28.83,0.00,0.14,0.00,1.0,95830.0,95350.0,0.0,0.0,0.5,0.0,64.176,0.000,0.0,657856.5
2026-08-31T16:06:58,0.2,4758,1547350,1531410,0.3,0.00,0.45,0.00,1.79,0.00,0.00,0.00,1.0,95830.0,95350.0,0.0,0.0,0.5,0.0,64.174,0.000,0.0,641812.5
2026-08-31T16:07:00,0.2,4758,1547350,1531409,0.3,0.00,0.50,0.00,2.00,0.00,0.00,0.00,1.0,95830.0,95350.0,0.0,0.0,0.5,0.0,64.151,0.000,0.0,646809.5
2026-08-31T16:07:02,0.3,4765,1547350,1531402,0.3,0.00,0.54,0.00,2.14,0.00,0.00,0.00,1.0,95830.0,95350.0,0.0,0.0,0.5,0.0,64.180,0.000,0.0,691263.0
2026-08-31T16:07:04,0.2,4764,1547350,1531403,0.3,0.00,0.63,0.00,2.51,0.00,0.00,0.00,1.0,95830.0,95350.0,0.0,0.0,0.5,0.0,64.161,0.000,0.0,661057.5
2026-08-31T16:07:05,0.2,4764,1547350,1531403,0.3,0.00,0.74,0.00,2.95,0.00,0.00,0.00,1.0,95830.0,95350.0,0.0,0.0,0.5,0.0,64.178,0.000,0.0,665693.0
2026-08-31T16:07:07,0.2,4765,1547350,1531403,0.3,0.00,0.65,0.00,2.61,0.00,0.00,0.00,1.0,95830.0,95350.0,0.0,0.0,0.5,0.0,64.213,0.000,0.0,661605.5
2026-08-31T16:07:08,0.2,4764,1547350,1531404,0.3,0.00,1.24,0.00,4.95,0.00,0.00,0.00,1.0,95830.0,95350.0,0.0,0.0,0.5,0.0,64.171,0.000,0.0,660949.0
2026-08-31T16:07:10,0.2,4764,1547350,1531404,0.3,0.00,0.64,0.00,2.55,0.00,0.00,0.00,1.0,95830.0,95350.0,0.0,0.0,0.5,0.0,64.162,0.000,0.0,656369.5
2026-08-31T16:07:11,0.2,4760,1547350,1531408,0.3,0.00,0.73,0.00,2.91,0.00,0.00,0.00,1.0,95830.0,95350.0,0.0,0.0,0.5,0.0,64.157,0.000,0.0,666069.5
2026-08-31T16:07:13,0.2,4761,1547350,1531407,0.3,0.00,1.22,0.00,4.87,0.00,0.00,0.00,1.0,95830.0,95350.0,0.0,0.0,0.5,0.0,64.178,0.000,0.0,665360.5
2026-08-31T16:07:14,0.2,4761,1547350,1531407,0.3,0.00,0.83,0.00,3.31,0.00,1.00,0.00,1.0,95830.0,95350.0,0.0,0.0,0.5,0.0,64.173,0.000,0.0,665360.5
2026-08-31T16:07:14,0.2,4761,1547350,1531407,0.3,0.00,2.67,0.00,10.67,0.00,0.00,0.00,1.0,95830.0,95350.0,0.0,0.0,0.5,0.0,64.162,0.000,0.0,705143.0
2026-08-31T16:07:16,0.2,4760,1547350,1531407,0.3,0.00,0.62,0.00,2.46,0.00,0.00,0.00,1.0,95830.0,95350.0,0.0,0.0,0.5,0.0,64.121,0.000,0.0,657389.5
2026-08-31T16:07:18,0.2,4760,1547350,1531408,0.3,0.00,0.61,0.00,2.43,0.00,0.00,0.00,1.0,95830.0,95350.0,0.0,0.0,0.5,0.0,64.144,0.000,0.0,676661.5
2026-08-31T16:07:19,0.2,4761,1547350,1531407,0.3,0.00,0.71,0.00,2.86,0.00,0.00,0.00,1.0,95830.0,95350.0,0.0,0.0,0.5,0.0,64.144,0.000,0.0,666424.0
2026-08-31T16:07:21,0.2,4762,1547350,1531406,0.3,0.00,0.62,0.00,2.46,0.00,0.00,0.00,1.0,95830.0,95350.0,0.0,0.0,0.5,0.0,64.198,0.000,0.0,666424.0
2026-08-31T16:07:21,0.2,4761,1547350,1531406,0.3,0.00,1.51,0.00,6.02,0.00,0.00,0.00,1.0,95830.0,95350.0,0.0,0.0,0.5,0.0,64.162,0.000,0.0,728641.5
2026-08-31T16:07:22,0.2,4761,1547350,1531406,0.3,0.00,1.62,0.00,6.46,0.00,0.00,0.00,1.0,95830.0,95350.0,0.0,0.0,0.5,0.0,64.148,0.000,0.0,662378.0
2026-08-31T16:07:24,0.2,4762,1547350,1531405,0.3,0.00,0.52,0.00,2.08,0.00,0.00,0.05,1.0,95830.0,95350.0,0.0,0.0,0.5,0.0,64.162,0.000,0.0,651324.5
2026-08-31T16:07:25,0.2,4762,1547350,1531406,0.3,0.00,0.69,0.00,2.78,0.00,0.00,0.00,1.0,95830.0,95350.0,0.0,0.0,0.5,0.0,64.152,0.000,0.0,651324.5
2026-08-31T16:07:26,0.2,4762,1547350,1531406,0.3,0.00,6.10,0.00,30.49,0.00,0.00,0.00,1.0,95830.0,95350.0,0.0,0.0,0.5,0.0,64.180,0.000,0.0,673439.0
2026-08-31T16:07:28,0.2,4762,1547350,1531406,0.3,0.00,0.62,0.00,2.46,0.00,0.00,0.00,1.0,95830.0,95350.0,0.0,0.0,0.5,0.0,64.126,0.000,0.0,641332.5
2026-08-31T16:07:30,0.2,4764,1547350,1531403,0.3,0.00,0.56,0.00,2.22,0.00,0.00,0.00,1.0,95830.0,95350.0,0.0,0.0,0.5,0.0,64.179,0.000,0.0,673222.0
2026-08-31T16:07:32,0.2,4765,1547350,1531402,0.3,0.00,0.55,0.00,2.20,0.00,0.00,0.00,1.0,95830.0,95350.0,0.0,0.0,0.5,0.0,64.153,0.000,0.0,659423.5
2026-08-31T16:07:33,0.2,4766,1547350,1531402,0.3,0.00,3.71,0.00,14.84,0.00,0.17,0.00,1.0,95830.0,95350.0,0.0,0.0,0.5,0.0,64.181,0.000,0.0,644423.5
2026-08-31T16:07:35,0.2,4766,1547350,1531401,0.3,0.00,0.50,0.00,2.00,0.00,0.00,0.00,1.0,95830.0,95350.0,0.0,0.0,0.5,0.0,64.193,0.000,0.0,652940.5
2026-08-31T16:07:37,0.2,4766,1547350,1531401,0.3,0.00,0.56,0.00,2.25,0.00,0.00,0.00,1.0,95830.0,95350.0,0.0,0.0,0.5,0.0,64.170,0.000,0.0,684691.5
2026-08-31T16:07:39,0.2,4766,1547350,1531401,0.3,0.00,0.49,0.00,1.98,0.00,0.00,0.00,1.0,95830.0,95350.0,0.0,0.0,0.5,0.0,64.184,0.000,0.0,645693.5
2026-08-31T16:07:41,0.2,4766,1547350,1531402,0.3,0.00,0.61,0.00,2.46,0.00,0.00,0.00,1.0,95830.0,95350.0,0.0,0.0,0.5,0.0,64.153,0.000,0.0,767701.5
2026-08-31T16:07:42,0.2,4766,1547350,1531402,0.3,0.00,0.70,0.00,2.79,0.00,0.00,0.00,1.0,95830.0,95350.0,0.0,0.0,0.5,0.0,64.166,0.000,0.0,691845.5
2026-08-31T16:07:43,0.2,4765,1547350,1531402,0.3,0.00,1.91,0.00,7.65,0.00,0.00,0.00,1.0,95830.0,95350.0,0.0,0.0,0.5,0.0,64.195,0.000,0.0,663977.5
2026-08-31T16:07:45,0.2,4767,1547350,1531401,0.3,0.00,0.48,0.00,1.92,0.00,0.00,0.00,1.0,95830.0,95350.0,0.0,0.0,0.5,0.0,64.168,0.000,0.0,652017.5
2026-08-31T16:07:47,0.2,4766,1547350,1531402,0.3,0.00,0.53,0.00,2.13,0.00,0.00,0.00,1.0,95830.0,95350.0,0.0,0.0,0.5,0.0,64.141,0.000,0.0,648300.0
2026-08-31T16:07:49,0.2,4768,1547350,1531400,0.3,0.00,0.92,0.00,5.52,0.00,0.00,0.00,1.0,95830.0,95350.0,0.0,0.0,0.5,0.0,64.161,0.000,0.0,675145.5
2026-08-31T16:07:50,0.2,4768,1547350,1531400,0.3,0.00,0.92,0.00,3.69,0.00,0.00,0.00,1.0,95830.0,95350.0,0.0,0.0,0.5,0.0,64.189,0.000,0.0,661077.5
2026-08-31T16:07:52,0.2,4768,1547350,1531400,0.3,0.00,0.74,0.00,2.95,0.00,0.00,0.00,1.0,95830.0,95350.0,0.0,0.0,0.5,0.0,64.171,0.000,0.0,661077.5
2026-08-31T16:07:53,0.2,4769,1547350,1531399,0.3,0.00,1.16,0.00,4.62,0.00,1.00,0.00,1.0,95830.0,95350.0,0.0,0.0,0.5,0.0,64.160,0.000,0.0,677787.0
2026-08-31T16:07:55,0.2,4770,1547350,1531398,0.3,0.00,0.42,0.00,1.67,0.00,0.00,0.00,1.0,95830.0,95350.0,0.0,0.0,0.5,0.0,64.157,0.000,0.0,677787.0
2026-08-31T16:07:55,0.2,4770,1547350,1531397,0.3,0.00,2.11,0.00,8.44,0.00,0.00,0.00,1.0,95830.0,95350.0,0.0,0.0,0.5,0.0,64.164,0.000,0.0,677894.0
2026-08-31T16:07:57,0.2,4771,1547350,1531397,0.3,0.00,3.62,0.00,29.23,0.00,0.00,0.00,1.0,95830.0,95350.0,0.0,0.0,0.5,0.0,64.163,0.000,0.0,681951.0
2026-08-31T16:07:58,0.2,4772,1547350,1531396,0.3,0.00,0.89,0.00,3.56,0.00,0.00,0.00,1.0,95830.0,95350.0,0.0,0.0,0.5,0.0,64.159,0.000,0.0,654398.0
2026-08-31T16:08:00,0.2,4772,1547350,1531396,0.3,0.00,0.51,0.00,2.04,0.00,0.00,0.00,1.0,95830.0,95350.0,0.0,0.0,0.5,0.0,64.135,0.000,0.0,646072.0
2026-08-31T16:08:02,0.2,4779,1547350,1531389,0.3,0.00,0.57,0.00,2.29,0.00,0.00,0.00,1.0,95830.0,95350.0,0.0,0.0,0.5,0.0,64.162,0.000,0.0,660054.5
2026-08-31T16:08:04,0.2,4779,1547350,1531388,0.3,0.00,0.56,0.00,2.24,0.00,0.00,0.00,1.0,95830.0,95350.0,0.0,0.0,0.5,0.0,64.172,0.000,0.0,661098.5
2026-08-31T16:08:05,0.2,4781,1547350,1531387,0.3,0.00,0.76,0.00,3.02,0.00,0.00,0.00,1.0,95830.0,95350.0,0.0,0.0,0.5,0.0,64.197,0.000,0.0,668762.5
2026-08-31T16:08:07,0.2,4782,1547350,1531386,0.3,0.00,0.60,0.00,2.40,0.00,0.00,0.00,1.0,95830.0,95350.0,0.0,0.0,0.5,0.0,64.172,0.000,0.0,653347.0
2026-08-31T16:08:08,0.2,4784,1547350,1531384,0.3,0.00,0.66,0.00,2.62,0.00,0.00,0.00,1.0,95830.0,95350.0,0.0,0.0,0.5,0.0,64.167,0.000,0.0,666238.0
2026-08-31T16:08:10,0.2,4784,1547350,1531384,0.3,0.00,1.67,0.00,6.67,0.00,0.00,0.00,1.0,95830.0,95350.0,0.0,0.0,0.5,0.0,64.162,0.000,0.0,663259.5
2026-08-31T16:08:11,0.2,4781,1547350,1531386,0.3,0.00,0.60,0.00,2.40,0.00,1.00,0.00,1.0,95830.0,95350.0,0.0,0.0,0.5,0.0,64.184,0.000,0.0,663595.5
2026-08-31T16:08:13,0.2,4784,1547350,1531384,0.3,0.00,0.61,0.00,2.42,0.00,0.00,0.00,1.0,95830.0,95350.0,0.0,0.0,0.5,0.0,64.157,0.000,0.0,658825.5
2026-08-31T16:08:15,0.2,4786,1547350,1531382,0.3,0.00,0.65,0.00,2.60,0.00,0.00,0.00,1.0,95830.0,95350.0,0.0,0.0,0.5,0.0,64.169,0.000,0.0,666634.0
2026-08-31T16:08:16,0.2,4785,1547350,1531383,0.3,0.00,0.82,0.00,3.28,0.00,0.00,0.00,1.0,95830.0,95350.0,0.0,0.0,0.5,0.0,64.168,0.000,0.0,666075.5
2026-08-31T16:08:17,0.2,4786,1547350,1531382,0.3,0.00,0.61,0.00,2.44,0.00,0.00,0.00,1.0,95830.0,95350.0,0.0,0.0,0.5,0.0,64.160,0.000,0.0,656222.5
2026-08-31T16:08:19,0.2,4785,1547350,1531382,0.3,0.00,0.71,0.00,2.86,0.00,0.00,0.00,1.0,95830.0,95350.0,0.0,0.0,0.5,0.0,64.147,0.000,0.0,658030.0
2026-08-31T16:08:20,0.2,4786,1547350,1531382,0.3,0.00,0.61,0.00,2.44,0.00,0.00,0.00,1.0,95830.0,95350.0,0.0,0.0,0.5,0.0,64.170,0.000,0.0,761531.0
2026-08-31T16:08:22,0.2,4787,1547350,1531381,0.3,0.00,0.61,0.00,2.46,0.00,0.00,0.00,1.0,95830.0,95350.0,0.0,0.0,0.5,0.0,64.168,0.000,0.0,654830.0
2026-08-31T16:08:24,0.2,4791,1547350,1531377,0.3,0.00,0.63,0.00,2.52,0.00,0.00,0.00,1.0,95830.0,95350.0,0.0,0.0,0.5,0.0,64.180,0.000,0.0,662642.5
2026-08-31T16:08:25,0.2,4790,1547350,1531378,0.3,0.00,1.26,0.00,5.04,0.00,0.00,0.00,1.0,95830.0,95350.0,0.0,0.0,0.5,0.0,64.165,0.000,0.0,669426.5
2026-08-31T16:08:26,0.2,4789,1547350,1531379,0.3,0.00,0.95,0.00,3.80,0.00,0.00,0.00,1.0,95830.0,95350.0,0.0,0.0,0.5,0.0,64.145,0.000,0.0,665885.0
2026-08-31T16:08:28,0.2,4788,1547350,1531379,0.3,0.00,1.26,0.00,11.06,0.00,0.00,0.00,1.0,95830.0,95350.0,0.0,0.0,0.5,0.0,64.133,0.000,0.0,676828.0
2026-08-31T16:08:29,0.2,4789,1547350,1531378,0.3,0.00,0.80,0.00,3.19,0.00,0.00,0.00,1.0,95830.0,95350.0,0.0,0.0,0.5,0.0,64.140,0.000,0.0,687712.0
2026-08-31T16:08:30,0.2,4789,1547350,1531379,0.3,0.00,0.80,0.00,3.18,0.00,0.00,0.00,1.0,95830.0,95350.0,0.0,0.0,0.5,0.0,64.154,0.000,0.0,648567.0
2026-08-31T16:08:32,0.2,4789,1547350,1531379,0.3,0.00,0.58,0.00,2.31,0.00,0.00,0.00,1.0,95830.0,95350.0,0.0,0.0,0.5,0.0,64.129,0.000,0.0,658588.5
2026-08-31T16:08:34,0.2,4790,1547350,1531377,0.3,0.00,0.71,0.00,2.82,0.00,0.00,0.00,1.0,95830.0,95350.0,0.0,0.0,0.5,0.0,64.146,0.000,0.0,681518.5
2026-08-31T16:08:36,0.2,4792,1547350,1531376,0.3,0.00,3.00,0.00,14.00,0.00,0.17,0.00,1.0,95830.0,95350.0,0.0,0.0,0.5,0.0,64.148,0.000,0.0,656582.5
2026-08-31T16:08:37,0.3,4794,1547350,1531374,0.3,0.00,0.81,0.00,3.24,0.00,0.00,0.00,1.0,95830.0,95350.0,0.0,0.0,0.5,0.0,64.178,0.000,0.0,656582.5
2026-08-31T16:08:38,0.2,4795,1547350,1531373,0.3,0.00,0.99,0.00,3.97,0.00,0.00,0.00,1.0,95830.0,95350.0,0.0,0.0,0.5,0.0,64.138,0.000,0.0,676294.0
2026-08-31T16:08:39,0.2,4794,1547350,1531373,0.3,0.00,1.23,0.00,4.92,0.00,0.00,0.00,1.0,95830.0,95350.0,0.0,0.0,0.5,0.0,64.182,0.000,0.0,654252.0
2026-08-31T16:08:41,0.2,4795,1547350,1531373,0.3,0.00,0.56,0.00,2.23,0.00,0.00,0.00,1.0,95830.0,95350.0,0.0,0.0,0.5,0.0,64.145,0.000,0.0,640616.5
2026-08-31T16:08:44,0.2,4795,1547350,1531372,0.3,0.00,0.41,0.00,1.65,0.00,0.00,0.00,1.0,95830.0,95350.0,0.0,0.0,0.5,0.0,64.147,0.000,0.0,736860.5
2026-08-31T16:08:46,0.2,4797,1547350,1531371,0.3,0.00,0.92,0.00,3.68,0.00,0.00,0.00,1.0,95830.0,95350.0,0.0,0.0,0.5,0.0,64.157,0.000,0.0,665819.5
2026-08-31T16:08:47,0.2,4798,1547350,1531370,0.3,0.00,0.97,0.00,3.87,0.00,0.00,0.00,1.0,95830.0,95350.0,0.0,0.0,0.5,0.0,64.163,0.000,0.0,700954.5
2026-08-31T16:08:48,0.2,4798,1547350,1531369,0.3,0.00,0.70,0.00,2.81,0.00,0.00,0.07,1.0,95830.0,95350.0,0.0,0.0,0.5,0.0,64.168,0.000,0.0,687923.0
2026-08-31T16:08:50,0.2,4798,1547350,1531369,0.3,0.00,0.50,0.00,1.99,0.00,0.00,0.00,1.0,95830.0,95350.0,0.0,0.0,0.5,0.0,64.172,0.000,0.0,641612.5
2026-08-31T16:08:52,0.2,4799,1547350,1531369,0.3,0.00,0.49,0.00,1.97,0.00,0.00,0.00,1.0,95830.0,95350.0,0.0,0.0,0.5,0.0,64.149,0.000,0.0,654511.5
2026-08-31T16:08:54,0.2,4799,1547350,1531369,0.3,0.00,0.49,0.00,1.98,0.00,1.00,0.00,1.0,95830.0,95350.0,0.0,0.0,0.5,0.0,64.158,0.000,0.0,654511.5
2026-08-31T16:08:55,0.2,4799,1547350,1531368,0.3,0.00,4.52,0.00,27.15,0.00,0.00,0.00,1.0,95830.0,95350.0,0.0,0.0,0.5,0.0,64.167,0.000,0.0,708801.0
2026-08-31T16:08:56,0.2,4799,1547350,1531369,0.3,0.00,0.78,0.00,3.12,0.00,0.00,0.00,1.0,95830.0,95350.0,0.0,0.0,0.5,0.0,64.162,0.000,0.0,708801.0
2026-08-31T16:08:57,0.2,4799,1547350,1531369,0.3,0.00,7.79,0.00,63.40,0.00,0.00,0.00,1.0,95830.0,95350.0,0.0,0.0,0.5,0.0,64.148,0.000,0.0,692719.0
2026-08-31T16:08:58,0.2,4798,1547350,1531369,0.3,0.00,0.73,0.00,2.93,0.00,0.00,0.00,1.0,95830.0,95350.0,0.0,0.0,0.5,0.0,64.165,0.000,0.0,653621.0
2026-08-31T16:09:00,0.2,4799,1547350,1531369,0.3,0.00,0.69,0.00,2.75,0.00,0.00,0.07,1.0,95830.0,95350.0,0.0,0.0,0.5,0.0,64.180,0.000,0.0,684400.0
2026-08-31T16:09:02,0.2,4803,1547350,1531365,0.3,0.00,0.56,0.00,2.22,0.00,0.00,0.00,1.0,95830.0,95350.0,0.0,0.0,0.5,0.0,64.216,0.000,0.0,684400.0
2026-08-31T16:09:02,0.3,4805,1547350,1531363,0.3,0.00,2.24,0.00,8.95,0.00,0.00,0.00,1.0,95830.0,95350.0,0.0,0.0,0.5,0.0,64.145,0.000,0.0,740212.5
2026-08-31T16:09:03,0.2,4805,1547350,1531363,0.3,0.00,1.00,0.00,4.00,0.00,0.00,0.00,1.0,95830.0,95350.0,0.0,0.0,0.5,0.0,64.156,0.000,0.0,653525.5
2026-08-31T16:09:05,0.2,4804,1547350,1531363,0.3,0.00,0.60,0.00,2.39,0.00,0.00,0.00,1.0,95830.0,95350.0,0.0,0.0,0.5,0.0,64.192,0.000,0.0,653525.5
2026-08-31T16:09:05,0.2,4805,1547350,1531363,0.3,0.00,1.24,0.00,4.94,0.00,0.00,0.00,1.0,95830.0,95350.0,0.0,0.0,0.5,0.0,64.182,0.000,0.0,714982.5
2026-08-31T16:09:07,0.2,4804,1547350,1531363,0.3,0.00,0.74,0.00,2.96,0.00,0.00,0.00,1.0,95830.0,95350.0,0.0,0.0,0.5,0.0,64.182,0.000,0.0,714982.5
2026-08-31T16:09:07,0.2,4803,1547350,1531364,0.3,0.00,1.48,0.00,5.93,0.00,0.00,0.00,1.0,95830.0,95350.0,0.0,0.0,0.5,0.0,64.172,0.000,0.0,670320.5
2026-08-31T16:09:09,0.2,4804,1547350,1531363,0.3,0.00,0.65,0.00,2.60,0.00,0.00,0.00,1.0,95830.0,95350.0,0.0,0.0,0.5,0.0,64.150,0.000,0.0,675518.5
2026-08-31T16:09:10,0.2,4803,1547350,1531364,0.3,0.00,0.69,0.00,2.75,0.00,1.00,0.00,1.0,95830.0,95350.0,0.0,0.0,0.5,0.0,64.136,0.000,0.0,664806.0
2026-08-31T16:09:12,0.2,4803,1547350,1531365,0.3,0.00,0.67,0.00,2.67,0.00,0.00,0.00,1.0,95830.0,95350.0,0.0,0.0,0.5,0.0,64.121,0.000,0.0,639365.5
2026-08-31T16:09:14,0.2,4804,1547350,1531364,0.3,0.00,0.55,0.00,2.22,0.00,0.00,0.00,1.0,95830.0,95350.0,0.0,0.0,0.5,0.0,64.163,0.000,0.0,639365.5
2026-08-31T16:09:15,0.2,4803,1547350,1531364,0.3,0.00,1.29,0.00,5.17,0.00,0.00,0.00,1.0,95830.0,95350.0,0.0,0.0,0.5,0.0,64.156,0.000,0.0,662886.0
2026-08-31T16:09:16,0.2,4804,1547350,1531364,0.3,0.00,1.10,0.00,4.40,0.00,0.00,0.00,1.0,95830.0,95350.0,0.0,0.0,0.5,0.0,64.179,0.000,0.0,638711.5
2026-08-31T16:09:18,0.2,4804,1547350,1531364,0.3,0.00,0.64,0.00,2.54,0.00,0.00,0.00,1.0,95830.0,95350.0,0.0,0.0,0.5,0.0,64.193,0.000,0.0,681457.0
2026-08-31T16:09:20,0.2,4804,1547350,1531363,0.3,0.00,0.63,0.00,2.51,0.00,0.00,0.00,1.0,95830.0,95350.0,0.0,0.0,0.5,0.0,64.171,0.000,0.0,657371.0
2026-08-31T16:09:21,0.2,4804,1547350,1531364,0.3,0.00,0.62,0.00,2.48,0.00,0.00,0.00,1.0,95830.0,95350.0,0.0,0.0,0.5,0.0,64.170,0.000,0.0,637017.0
2026-08-31T16:09:23,0.2,4803,1547350,1531364,0.3,0.00,0.59,0.00,2.38,0.00,0.00,0.00,1.0,95830.0,95350.0,0.0,0.0,0.5,0.0,64.186,0.000,0.0,707365.0
2026-08-31T16:09:24,0.2,4803,1547350,1531364,0.3,0.00,0.95,0.00,3.81,0.00,0.00,0.00,1.0,95830.0,95350.0,0.0,0.0,0.5,0.0,64.163,0.000,0.0,659088.0
2026-08-31T16:09:26,0.2,4804,1547350,1531364,0.3,0.00,1.16,0.00,4.63,0.00,0.00,0.00,1.0,95830.0,95350.0,0.0,0.0,0.5,0.0,64.204,0.000,0.0,661409.5
2026-08-31T16:09:27,0.2,4803,1547350,1531364,0.3,0.00,1.65,0.00,11.79,0.00,0.00,0.00,1.0,95830.0,95350.0,0.0,0.0,0.5,0.0,64.186,0.000,0.0,648138.5
2026-08-31T16:09:29,0.2,4804,1547350,1531364,0.3,0.00,0.50,0.00,2.01,0.00,0.00,0.05,1.0,95830.0,95350.0,0.0,0.0,0.5,0.0,64.164,0.000,0.0,689783.5
2026-08-31T16:09:30,0.2,4804,1547350,1531364,0.3,0.00,0.99,0.00,3.97,0.00,0.00,0.10,1.0,95830.0,95350.0,0.0,0.0,0.5,0.0,64.150,0.000,0.0,646991.5
2026-08-31T16:09:32,0.2,4803,1547350,1531365,0.3,0.00,1.81,0.00,7.25,0.00,0.33,0.00,1.0,95830.0,95350.0,0.0,0.0,0.5,0.0,64.135,0.000,0.0,646991.5
2026-08-31T16:09:33,0.2,4803,1547350,1531364,0.3,0.00,0.96,0.00,3.85,0.00,0.00,0.00,1.0,95830.0,95350.0,0.0,0.0,0.5,0.0,64.145,0.000,0.0,676908.5
2026-08-31T16:09:35,0.2,4804,1547350,1531363,0.3,0.00,0.57,0.00,2.29,0.00,0.00,0.00,1.0,95830.0,95350.0,0.0,0.0,0.5,0.0,64.161,0.000,0.0,651727.5
2026-08-31T16:09:37,0.2,4804,1547350,1531363,0.3,0.00,2.16,0.00,10.81,0.00,0.00,0.00,1.0,95830.0,95350.0,0.0,0.0,0.5,0.0,64.185,0.000,0.0,650757.5
2026-08-31T16:09:39,0.2,4805,1547350,1531363,0.3,0.00,0.51,0.00,2.02,0.00,0.00,0.00,1.0,95830.0,95350.0,0.0,0.0,0.5,0.0,64.197,0.000,0.0,666836.0
2026-08-31T16:09:41,0.2,4805,1547350,1531363,0.3,0.00,0.55,0.00,2.20,0.00,0.00,0.00,1.0,95830.0,95350.0,0.0,0.0,0.5,0.0,64.180,0.000,0.0,654850.5
2026-08-31T16:09:43,0.3,4852,1547350,1531315,0.3,0.00,0.49,0.00,1.97,0.00,0.00,0.00,4.0,95830.0,95347.0,0.0,0.0,0.5,0.0,64.200,0.000,0.0,7682986.5
2026-08-31T16:09:44,0.2,4854,1547350,1531314,0.3,0.00,0.99,0.00,3.97,0.00,0.00,0.00,4.0,95830.0,95347.0,0.0,0.0,0.5,0.0,64.197,0.000,0.0,7682986.5
2026-08-31T16:09:44,0.2,4855,1547350,1531312,0.3,0.00,1.45,0.00,5.79,0.00,0.00,0.00,4.0,95830.0,95347.0,0.0,0.0,0.5,0.0,64.175,0.000,0.0,693873.0
2026-08-31T16:09:46,0.2,4855,1547350,1531313,0.3,0.00,1.43,0.00,5.71,0.00,0.00,0.00,4.0,95830.0,95347.0,0.0,0.0,0.5,0.0,64.178,0.000,0.0,669057.5
2026-08-31T16:09:47,0.2,4854,1547350,1531314,0.3,0.00,0.69,0.00,2.76,0.00,0.00,0.00,4.0,95830.0,95347.0,0.0,0.0,0.5,0.0,64.177,0.000,0.0,658256.0
2026-08-31T16:09:49,0.2,4856,1547350,1531312,0.3,0.00,0.52,0.00,2.10,0.00,0.00,0.00,4.0,95830.0,95347.0,0.0,0.0,0.5,0.0,64.180,0.000,0.0,658256.0
2026-08-31T16:09:50,0.3,4857,1547350,1531311,0.3,0.00,1.60,0.00,6.39,0.00,0.00,0.00,4.0,95830.0,95347.0,0.0,0.0,0.5,0.0,64.178,0.000,0.0,712668.5
2026-08-31T16:09:50,0.2,4858,1547350,1531310,0.3,0.00,1.34,0.00,5.35,0.00,0.00,0.00,4.0,95830.0,95347.0,0.0,0.0,0.5,0.0,64.175,0.000,0.0,712668.5
2026-08-31T16:09:51,0.2,4858,1547350,1531310,0.3,0.00,2.99,0.00,11.98,0.00,1.00,0.00,4.0,95830.0,95347.0,0.0,0.0,0.5,0.0,64.143,0.000,0.0,721482.0
2026-08-31T16:09:52,0.2,4857,1547350,1531310,0.3,0.00,0.85,0.00,3.40,0.00,0.00,0.00,4.0,95830.0,95347.0,0.0,0.0,0.5,0.0,64.153,0.000,0.0,721482.0
2026-08-31T16:09:53,0.2,4858,1547350,1531310,0.3,0.00,1.32,0.00,5.28,0.00,0.00,0.00,4.0,95830.0,95347.0,0.0,0.0,0.5,0.0,64.153,0.000,0.0,728811.0
2026-08-31T16:09:54,0.2,4858,1547350,1531310,0.3,0.00,0.86,0.00,3.45,0.00,0.00,0.00,4.0,95830.0,95347.0,0.0,0.0,0.5,0.0,64.205,0.000,0.0,728811.0
2026-08-31T16:09:54,0.2,4858,1547350,1531310,0.3,0.00,1.93,0.00,7.74,0.00,0.00,0.00,4.0,95830.0,95347.0,0.0,0.0,0.5,0.0,64.186,0.000,0.0,747013.0
2026-08-31T16:09:55,0.3,4864,1547350,1531304,0.3,0.00,2.61,0.00,10.44,0.00,0.00,0.00,4.0,95830.0,95347.0,0.0,0.0,0.5,0.0,64.167,0.000,0.0,747013.0
2026-08-31T16:09:56,0.2,4870,1547350,1531297,0.3,0.00,0.97,0.00,3.87,0.00,0.00,0.00,4.0,95830.0,95347.0,0.0,0.0,0.5,0.0,64.169,0.000,0.0,762270.0
2026-08-31T16:09:56,0.6,4974,1547350,1531184,0.3,0.00,4.54,0.00,27.21,0.00,0.00,0.00,746.0,95830.0,94606.0,0.0,0.0,0.5,0.0,78.898,0.001,0.0,4901994.5
2026-08-31T16:09:58,0.2,4978,1547350,1531179,0.3,0.00,3.18,0.00,26.12,0.00,0.00,0.00,746.0,95830.0,94606.0,0.0,0.0,0.5,0.0,78.850,0.000,0.0,681918.0
2026-08-31T16:10:00,0.2,4980,1547350,1531177,0.3,0.00,0.68,0.00,2.71,0.00,0.00,0.00,746.0,95830.0,94606.0,0.0,0.0,0.5,0.0,78.928,0.000,0.0,681993.5
2026-08-31T16:10:01,0.2,4981,1547350,1531177,0.3,0.00,1.27,0.00,5.08,0.00,0.00,0.00,746.0,95830.0,94606.0,0.0,0.0,0.5,0.0,79.017,0.000,0.0,681993.5
2026-08-31T16:10:01,0.2,4987,1547350,1531170,0.3,0.00,2.00,0.00,8.00,0.00,0.00,0.00,746.0,95830.0,94606.0,0.0,0.0,0.5,0.0,78.976,0.000,0.0,745291.0
2026-08-31T16:10:02,0.4,4989,1547350,1531169,0.3,0.00,1.07,0.00,4.29,0.00,0.00,0.00,746.0,95830.0,94606.0,0.0,0.0,0.5,0.0,78.883,0.000,0.0,684226.5
2026-08-31T16:10:03,0.2,4989,1547350,1531169,0.3,0.00,1.25,0.00,4.98,0.00,1.00,0.00,746.0,95830.0,94606.0,0.0,0.0,0.5,0.0,78.969,0.000,0.0,684226.5
2026-08-31T16:10:03,0.2,4989,1547350,1531168,0.3,0.00,1.94,0.00,7.75,0.00,0.00,0.00,746.0,95830.0,94606.0,0.0,0.0,0.5,0.0,79.035,0.000,0.0,754936.0
2026-08-31T16:10:04,0.2,4990,1547350,1531168,0.3,0.00,1.31,0.00,5.23,0.00,0.00,0.00,746.0,95830.0,94606.0,0.0,0.0,0.5,0.0,78.971,0.000,0.0,649493.5
2026-08-31T16:10:06,0.2,4991,1547350,1531167,0.3,0.00,0.57,0.00,2.30,0.00,0.00,0.00,746.0,95830.0,94606.0,0.0,0.0,0.5,0.0,78.959,0.000,0.0,649493.5
2026-08-31T16:10:06,0.2,4991,1547350,1531167,0.3,0.00,1.86,0.00,7.45,0.00,0.00,0.00,746.0,95830.0,94606.0,0.0,0.0,0.5,0.0,78.994,0.000,0.0,649493.5
2026-08-31T16:10:07,0.2,4991,1547350,1531166,0.3,0.00,2.01,0.00,8.05,0.00,0.00,0.00,746.0,95830.0,94606.0,0.0,0.0,0.5,0.0,78.950,0.000,0.0,709897.5
2026-08-31T16:10:08,0.2,4991,1547350,1531167,0.3,0.00,0.74,0.00,2.95,0.00,0.00,0.00,746.0,95830.0,94606.0,0.0,0.0,0.5,0.0,78.996,0.000,0.0,709897.5
2026-08-31T16:10:09,0.3,4990,1547350,1531167,0.3,0.00,1.96,0.00,7.86,0.00,0.00,0.00,746.0,95830.0,94606.0,0.0,0.0,0.5,0.0,79.036,0.000,0.0,709897.5
2026-08-31T16:10:09,0.3,4989,1547350,1531168,0.3,0.00,2.78,0.00,11.11,0.00,0.00,0.00,746.0,95830.0,94606.0,0.0,0.0,0.5,0.0,79.041,0.000,0.0,863787.0
2026-08-31T16:10:10,0.2,4989,1547350,1531169,0.3,0.00,2.09,0.00,8.37,0.00,0.00,0.00,746.0,95830.0,94606.0,0.0,0.0,0.5,0.0,78.999,0.000,0.0,863787.0
2026-08-31T16:10:11,1.6,4991,1547350,1531166,0.3,0.00,1.00,0.00,3.99,0.00,0.00,0.00,746.0,95830.0,94606.0,0.0,0.0,0.5,0.0,79.066,0.000,0.0,670212.5
2026-08-31T16:10:12,0.3,4991,1547350,1531167,0.3,0.00,0.99,0.00,3.94,0.00,0.00,0.00,746.0,95830.0,94606.0,0.0,0.0,0.5,0.0,79.013,0.000,0.0,687637.5
2026-08-31T16:10:13,0.2,4991,1547350,1531167,0.3,0.00,1.45,0.00,5.81,0.00,0.00,0.00,746.0,95830.0,94606.0,0.0,0.0,0.5,0.0,79.049,0.000,0.0,687637.5
2026-08-31T16:10:14,0.2,4989,1547350,1531169,0.3,0.00,1.58,0.00,6.31,0.00,0.00,0.00,746.0,95830.0,94606.0,0.0,0.0,0.5,0.0,79.102,0.000,0.0,769005.0
2026-08-31T16:10:14,0.3,4990,1547350,1531168,0.3,0.00,1.96,0.00,7.84,0.00,0.00,0.00,746.0,95830.0,94606.0,0.0,0.0,0.5,0.0,79.161,0.000,0.0,663393.5
2026-08-31T16:10:16,0.2,4990,1547350,1531168,0.3,0.00,0.67,0.00,2.67,0.00,0.00,0.00,746.0,95830.0,94606.0,0.0,0.0,0.5,0.0,79.169,0.000,0.0,663393.5
2026-08-31T16:10:16,0.2,4991,1547350,1531167,0.3,0.00,1.43,0.00,5.72,0.00,0.00,0.00,746.0,95830.0,94606.0,0.0,0.0,0.5,0.0,79.197,0.000,0.0,689900.0
2026-08-31T16:10:18,0.2,4990,1547350,1531167,0.3,0.00,0.60,0.00,2.41,0.00,0.00,0.00,746.0,95830.0,94606.0,0.0,0.0,0.5,0.0,79.245,0.000,0.0,712384.0
2026-08-31T16:10:20,0.2,4992,1547350,1531165,0.3,0.00,0.68,0.00,2.71,0.00,0.00,0.00,746.0,95830.0,94606.0,0.0,0.0,0.5,0.0,79.159,0.000,0.0,659572.5
2026-08-31T16:10:21,0.2,4993,1547350,1531165,0.3,0.00,0.64,0.00,2.56,0.00,1.00,0.00,746.0,95830.0,94606.0,0.0,0.0,0.5,0.0,79.260,0.000,0.0,659440.5
2026-08-31T16:10:23,0.2,4993,1547350,1531165,0.3,0.00,0.58,0.00,2.31,0.00,0.00,0.00,746.0,95830.0,94606.0,0.0,0.0,0.5,0.0,79.226,0.000,0.0,700521.5
2026-08-31T16:10:24,0.2,4994,1547350,1531164,0.3,0.00,0.70,0.00,2.79,0.00,0.00,0.00,746.0,95830.0,94606.0,0.0,0.0,0.5,0.0,79.255,0.000,0.0,674060.0
2026-08-31T16:10:26,0.2,4994,1547350,1531163,0.3,0.00,0.59,0.00,2.35,0.00,0.00,0.06,746.0,95830.0,94606.0,0.0,0.0,0.5,0.0,79.282,0.000,0.0,687332.5
2026-08-31T16:10:27,0.2,4994,1547350,1531164,0.3,0.00,1.00,0.00,3.99,0.00,0.00,0.00,746.0,95830.0,94606.0,0.0,0.0,0.5,0.0,79.297,0.000,0.0,659988.0
2026-08-31T16:10:28,0.2,4992,1547350,1531165,0.3,0.00,2.44,0.00,20.77,0.00,0.00,0.00,746.0,95830.0,94606.0,0.0,0.0,0.5,0.0,79.231,0.000,0.0,665385.5
2026-08-31T16:10:30,0.2,4993,1547350,1531164,0.3,0.00,0.74,0.00,2.98,0.00,0.00,0.00,746.0,95830.0,94606.0,0.0,0.0,0.5,0.0,79.237,0.000,0.0,665385.5
2026-08-31T16:10:30,0.2,4994,1547350,1531164,0.3,0.00,1.14,0.00,4.55,0.00,0.00,0.00,746.0,95830.0,94606.0,0.0,0.0,0.5,0.0,79.300,0.000,0.0,698176.5
2026-08-31T16:10:32,0.2,4994,1547350,1531163,0.3,0.00,0.87,0.00,3.50,0.00,0.00,0.00,746.0,95830.0,94606.0,0.0,0.0,0.5,0.0,79.309,0.000,0.0,685731.5
2026-08-31T16:10:33,0.2,4994,1547350,1531163,0.3,0.00,6.38,0.00,25.52,0.00,0.00,0.00,746.0,95830.0,94606.0,0.0,0.0,0.5,0.0,79.305,0.000,0.0,666805.0
2026-08-31T16:10:34,0.2,4995,1547350,1531163,0.3,0.00,0.75,0.00,3.01,0.00,0.00,0.00,746.0,95830.0,94606.0,0.0,0.0,0.5,0.0,79.293,0.000,0.0,653865.5
2026-08-31T16:10:36,0.2,4995,1547350,1531163,0.3,0.00,0.62,0.00,2.50,0.00,1.00,0.00,746.0,95830.0,94606.0,0.0,0.0,0.5,0.0,79.326,0.000,0.0,653782.0
2026-08-31T16:10:37,0.2,4995,1547350,1531163,0.3,0.00,0.61,0.00,2.43,0.00,0.00,0.00,746.0,95830.0,94606.0,0.0,0.0,0.5,0.0,79.398,0.000,0.0,635253.5
2026-08-31T16:10:39,0.2,4995,1547350,1531163,0.3,0.00,0.56,0.00,2.22,0.00,0.00,0.00,746.0,95830.0,94606.0,0.0,0.0,0.5,0.0,79.477,0.000,0.0,671738.0
2026-08-31T16:10:41,0.2,4995,1547350,1531163,0.3,0.00,0.61,0.00,2.45,0.00,0.00,0.00,746.0,95830.0,94606.0,0.0,0.0,0.5,0.0,79.404,0.000,0.0,657453.5
2026-08-31T16:10:42,0.2,4995,1547350,1531163,0.3,0.00,0.62,0.00,2.49,0.00,0.00,0.00,746.0,95830.0,94606.0,0.0,0.0,0.5,0.0,79.545,0.000,0.0,692494.0
2026-08-31T16:10:44,0.2,4996,1547350,1531162,0.3,0.00,1.67,0.00,6.70,0.00,0.00,0.00,746.0,95830.0,94606.0,0.0,0.0,0.5,0.0,79.506,0.000,0.0,654251.5
2026-08-31T16:10:46,0.2,4996,1547350,1531162,0.3,0.00,0.62,0.00,2.50,0.00,0.00,0.00,746.0,95830.0,94606.0,0.0,0.0,0.5,0.0,79.433,0.000,0.0,655843.5
2026-08-31T16:10:47,0.2,4995,1547350,1531162,0.3,0.00,0.61,0.00,2.44,0.00,0.00,0.00,746.0,95830.0,94606.0,0.0,0.0,0.5,0.0,79.507,0.000,0.0,655843.5
2026-08-31T16:10:48,0.2,4995,1547350,1531163,0.3,0.00,1.64,0.00,6.58,0.00,0.00,0.00,746.0,95830.0,94606.0,0.0,0.0,0.5,0.0,79.477,0.000,0.0,674176.0
2026-08-31T16:10:50,0.2,4996,1547350,1531162,0.3,0.00,0.56,0.00,2.25,0.00,0.00,0.00,746.0,95830.0,94606.0,0.0,0.0,0.5,0.0,79.517,0.000,0.0,680864.0
2026-08-31T16:10:51,0.2,4999,1547350,1531159,0.3,0.00,0.81,0.00,3.22,0.00,0.00,0.00,746.0,95830.0,94606.0,0.0,0.0,0.5,0.0,79.480,0.000,0.0,680864.0
2026-08-31T16:10:51,0.3,5095,1547350,1531062,0.3,0.00,2.27,0.00,9.07,0.00,0.00,0.00,746.0,95830.0,94606.0,0.0,0.0,0.5,0.0,79.439,0.000,0.0,724467.5
2026-08-31T16:10:52,0.2,5096,1547350,1531062,0.3,0.00,1.28,0.00,5.11,0.00,0.00,0.00,746.0,95830.0,94606.0,0.0,0.0,0.5,0.0,79.459,0.000,0.0,655256.0
2026-08-31T16:10:54,0.2,5097,1547350,1531060,0.3,0.00,0.54,0.00,2.17,0.00,0.00,0.00,746.0,95830.0,94606.0,0.0,0.0,0.5,0.0,79.522,0.000,0.0,655256.0
2026-08-31T16:10:54,0.3,5097,1547350,1531061,0.3,0.00,2.32,0.00,9.28,0.00,0.00,0.00,746.0,95830.0,94606.0,0.0,0.0,0.5,0.0,79.482,0.000,0.0,686056.0
2026-08-31T16:10:56,0.3,4994,1547350,1530908,0.3,0.00,0.58,0.00,2.31,0.00,0.00,0.00,2350.0,95830.0,93002.0,0.0,0.0,0.5,0.0,79.664,0.001,0.0,5198558.0
2026-08-31T16:10:58,0.4,4994,1547350,1530908,0.3,0.00,3.88,0.00,33.26,0.00,0.14,0.00,2350.0,95830.0,93002.0,0.0,0.0,0.5,0.0,79.593,0.000,0.0,678962.0
2026-08-31T16:10:59,0.2,4994,1547350,1530908,0.3,0.00,0.98,0.00,3.90,0.00,0.00,0.00,2350.0,95830.0,93002.0,0.0,0.0,0.5,0.0,79.553,0.000,0.0,651308.0
2026-08-31T16:11:01,0.2,4999,1547350,1530903,0.3,0.00,0.49,0.00,1.95,0.00,0.00,0.00,2350.0,95830.0,93002.0,0.0,0.0,0.5,0.0,80.392,0.001,0.0,711161.0
2026-08-31T16:11:03,1.2,5733,1547350,1530159,0.4,0.00,0.91,0.00,5.46,0.00,0.00,0.00,4248.0,95830.0,91104.0,9.0,1.0,0.5,2.5,92.666,0.027,0.0,1952420.0
2026-08-31T16:11:06,5.5,5750,1547350,1530141,0.4,0.00,0.39,0.00,1.57,0.00,0.00,0.00,4258.0,95830.0,91094.0,6.0,0.0,0.5,0.0,88.148,0.028,0.0,4793866.0
2026-08-31T16:11:07,0.6,5747,1547350,1530144,0.4,0.00,0.74,0.00,2.97,0.00,0.00,0.00,4258.0,95830.0,91094.0,0.0,0.0,0.5,0.0,79.736,0.000,0.0,656734.0
2026-08-31T16:11:08,0.2,5750,1547350,1530142,0.4,0.00,0.72,0.00,2.89,0.00,0.00,0.00,4258.0,95830.0,91094.0,0.0,0.0,0.5,0.0,79.725,0.000,0.0,686250.0
2026-08-31T16:11:09,0.5,5743,1547350,1530405,0.4,0.00,0.99,0.00,3.94,0.00,0.00,0.00,4258.0,95830.0,91094.0,0.0,0.0,0.5,1.0,79.771,0.000,0.0,686250.0
