timestamp,cpu_util_pct,ram_used_mb,ram_total_mb,ram_avail_mb,ram_used_pct,disk_r_s,disk_w_s,disk_rkB_s,disk_wkB_s,disk_r_await_ms,disk_w_await_ms,disk_util_pct,gpu_mem_used_mb,gpu_mem_total_mb,gpu_mem_free_mb,gpu_util_pct,dcgmi_power_w,dcgmi_gpu_util_pct,dcgmi_mem_copy_util_pct,dcgmi_gr_active,dcgmi_sm_active,dcgmi_pcie_tx_bytes,dcgmi_pcie_rx_bytes
2026-08-31T16:14:51,0.2,4348,1547350,1531819,0.3,0.00,0.00,0.00,0.00,0.00,0.00,0.00,1.0,95830.0,95350.0,0.0,0.0,0.5,0.0,64.193,0.000,0.0,0.0
2026-08-31T16:14:52,0.2,4351,1547350,1531817,0.3,0.00,1.60,0.00,6.40,0.00,0.00,0.00,1.0,95830.0,95350.0,0.0,0.0,0.5,0.0,64.231,0.000,0.0,0.0
2026-08-31T16:14:53,1.8,4355,1547350,1531812,0.3,0.00,1.11,0.00,4.46,0.00,0.00,0.00,1.0,95830.0,95350.0,0.0,0.0,0.5,0.0,64.232,0.000,0.0,0.0
2026-08-31T16:14:54,0.2,4358,1547350,1531810,0.3,0.00,1.15,0.00,4.61,0.00,0.00,0.00,1.0,95830.0,95350.0,0.0,0.0,0.5,0.0,64.202,0.000,0.0,601417.5
2026-08-31T16:14:55,0.2,4361,1547350,1531806,0.3,0.00,1.01,0.00,4.04,0.00,0.00,0.00,1.0,95830.0,95350.0,0.0,0.0,0.5,0.0,64.183,0.000,0.0,601417.5
2026-08-31T16:14:56,0.2,4363,1547350,1531805,0.3,0.00,0.99,0.00,3.97,0.00,0.00,0.00,1.0,95830.0,95350.0,0.0,0.0,0.5,0.0,64.211,0.000,0.0,694157.5
2026-08-31T16:14:56,0.2,4363,1547350,1531804,0.3,0.00,1.10,0.00,4.38,0.00,0.00,0.00,1.0,95830.0,95350.0,0.0,0.0,0.5,0.0,64.184,0.000,0.0,695675.0
2026-08-31T16:14:58,0.2,4364,1547350,1531804,0.3,0.00,0.74,0.00,2.97,0.00,1.00,0.00,1.0,95830.0,95350.0,0.0,0.0,0.5,0.0,64.206,0.000,0.0,655385.5
2026-08-31T16:14:59,0.2,4364,1547350,1531803,0.3,0.00,2.39,0.00,29.52,0.00,0.00,0.00,1.0,95830.0,95350.0,0.0,0.0,0.5,0.0,64.213,0.000,0.0,665207.5
2026-08-31T16:15:01,0.3,4369,1547350,1531799,0.3,0.00,0.66,0.00,2.65,0.00,0.00,0.00,1.0,95830.0,95350.0,0.0,0.0,0.5,0.0,64.209,0.000,0.0,665207.5
2026-08-31T16:15:01,0.2,4370,1547350,1531798,0.3,0.00,1.96,0.00,7.86,0.00,0.00,0.00,1.0,95830.0,95350.0,0.0,0.0,0.5,0.0,64.215,0.000,0.0,679172.0
2026-08-31T16:15:03,0.2,4371,1547350,1531796,0.3,0.00,0.66,0.00,2.65,0.00,0.00,0.00,1.0,95830.0,95350.0,0.0,0.0,0.5,0.0,64.200,0.000,0.0,721865.0
2026-08-31T16:15:04,0.2,4371,1547350,1531797,0.3,0.00,1.00,0.00,4.01,0.00,0.00,0.00,1.0,95830.0,95350.0,0.0,0.0,0.5,0.0,64.216,0.000,0.0,658910.5
2026-08-31T16:15:06,0.2,4371,1547350,1531796,0.3,0.00,0.56,0.00,2.25,0.00,0.00,0.00,1.0,95830.0,95350.0,0.0,0.0,0.5,0.0,64.193,0.000,0.0,669463.5
2026-08-31T16:15:07,0.2,4371,1547350,1531796,0.3,0.00,0.85,0.00,3.41,0.00,0.00,0.00,1.0,95830.0,95350.0,0.0,0.0,0.5,0.0,64.225,0.000,0.0,647905.5
2026-08-31T16:15:08,0.2,4371,1547350,1531796,0.3,0.00,0.72,0.00,2.89,0.00,0.00,0.00,1.0,95830.0,95350.0,0.0,0.0,0.5,0.0,64.195,0.000,0.0,677666.5
2026-08-31T16:15:10,0.2,4373,1547350,1531795,0.3,0.00,0.58,0.00,2.34,0.00,0.00,0.00,1.0,95830.0,95350.0,0.0,0.0,0.5,0.0,64.186,0.000,0.0,655538.0
2026-08-31T16:15:12,0.2,4373,1547350,1531795,0.3,0.00,0.59,0.00,2.37,0.00,0.00,0.00,1.0,95830.0,95350.0,0.0,0.0,0.5,0.0,64.198,0.000,0.0,660556.5
2026-08-31T16:15:13,0.2,4374,1547350,1531794,0.3,0.00,0.63,0.00,2.52,0.00,0.00,0.00,1.0,95830.0,95350.0,0.0,0.0,0.5,0.0,64.198,0.000,0.0,660556.5
2026-08-31T16:15:14,0.2,4373,1547350,1531795,0.3,0.00,2.98,0.00,11.90,0.00,0.00,0.00,1.0,95830.0,95350.0,0.0,0.0,0.5,0.0,64.197,0.000,0.0,746909.5
2026-08-31T16:15:15,0.2,4373,1547350,1531795,0.3,0.00,2.14,0.00,8.57,0.00,0.00,0.00,1.0,95830.0,95350.0,0.0,0.0,0.5,0.0,64.184,0.000,0.0,746909.5
2026-08-31T16:15:15,0.3,4373,1547350,1531795,0.3,0.00,2.31,0.00,9.24,0.00,0.00,0.00,1.0,95830.0,95350.0,0.0,0.0,0.5,0.0,64.209,0.000,0.0,737322.0
2026-08-31T16:15:16,0.2,4373,1547350,1531795,0.3,0.00,0.87,0.00,3.50,0.00,1.00,0.09,1.0,95830.0,95350.0,0.0,0.0,0.5,0.0,64.192,0.000,0.0,737322.0
2026-08-31T16:15:17,0.2,4373,1547350,1531795,0.3,0.00,2.05,0.00,8.21,0.00,0.00,0.00,1.0,95830.0,95350.0,0.0,0.0,0.5,0.0,64.195,0.000,0.0,816614.0
2026-08-31T16:15:17,0.3,4373,1547350,1531795,0.3,0.00,1.47,0.00,5.88,0.00,0.00,0.00,1.0,95830.0,95350.0,0.0,0.0,0.5,0.0,64.215,0.000,0.0,743027.5
2026-08-31T16:15:18,0.2,4374,1547350,1531794,0.3,0.00,0.87,0.00,3.47,0.00,0.00,0.00,1.0,95830.0,95350.0,0.0,0.0,0.5,0.0,64.239,0.000,0.0,670396.5
2026-08-31T16:15:20,0.2,4374,1547350,1531793,0.3,0.00,1.61,0.00,6.45,0.00,0.00,0.00,1.0,95830.0,95350.0,0.0,0.0,0.5,0.0,64.222,0.000,0.0,670396.5
2026-08-31T16:15:20,0.2,4375,1547350,1531793,0.3,0.00,1.59,0.00,6.36,0.00,0.00,0.00,1.0,95830.0,95350.0,0.0,0.0,0.5,0.0,64.214,0.000,0.0,732252.0
2026-08-31T16:15:21,0.2,4376,1547350,1531792,0.3,0.00,1.73,0.00,6.92,0.00,0.00,0.00,1.0,95830.0,95350.0,0.0,0.0,0.5,0.0,64.210,0.000,0.0,732252.0
2026-08-31T16:15:22,0.2,4376,1547350,1531792,0.3,0.00,1.66,0.00,6.63,0.00,0.00,0.00,1.0,95830.0,95350.0,0.0,0.0,0.5,0.0,64.186,0.000,0.0,802758.0
2026-08-31T16:15:22,0.2,4375,1547350,1531793,0.3,0.00,2.94,0.00,11.76,0.00,0.00,0.00,1.0,95830.0,95350.0,0.0,0.0,0.5,0.0,64.196,0.000,0.0,802758.0
2026-08-31T16:15:22,0.3,4375,1547350,1531793,0.3,0.00,3.22,0.00,12.86,0.00,0.00,0.00,1.0,95830.0,95350.0,0.0,0.0,0.5,0.0,64.202,0.000,0.0,802758.0
2026-08-31T16:15:23,0.3,4375,1547350,1531793,0.3,0.00,2.04,0.00,8.18,0.00,0.00,0.00,1.0,95830.0,95350.0,0.0,0.0,0.5,0.0,64.216,0.000,0.0,871223.0
2026-08-31T16:15:24,0.2,4374,1547350,1531794,0.3,0.00,1.19,0.00,4.77,0.00,0.00,0.00,1.0,95830.0,95350.0,0.0,0.0,0.5,0.0,64.183,0.000,0.0,871223.0
2026-08-31T16:15:25,0.2,4374,1547350,1531794,0.3,0.00,1.00,0.00,4.00,0.00,0.00,0.00,1.0,95830.0,95350.0,0.0,0.0,0.5,0.0,64.196,0.000,0.0,699790.0
2026-08-31T16:15:25,0.2,4374,1547350,1531793,0.3,0.00,1.15,0.00,4.61,0.00,0.00,0.00,1.0,95830.0,95350.0,0.0,0.0,0.5,0.0,64.200,0.000,0.0,699790.0
2026-08-31T16:15:27,0.2,4374,1547350,1531793,0.3,0.00,0.88,0.00,3.51,0.00,0.00,0.00,1.0,95830.0,95350.0,0.0,0.0,0.5,0.0,64.218,0.000,0.0,699037.0
2026-08-31T16:15:28,0.2,4374,1547350,1531794,0.3,0.00,1.01,0.00,4.02,0.00,0.00,0.00,1.0,95830.0,95350.0,0.0,0.0,0.5,0.0,64.221,0.000,0.0,673848.0
2026-08-31T16:15:29,0.2,4374,1547350,1531794,0.3,0.00,0.84,0.00,3.35,0.00,0.00,0.00,1.0,95830.0,95350.0,0.0,0.0,0.5,0.0,64.227,0.000,0.0,675412.0
2026-08-31T16:15:30,0.2,4375,1547350,1531792,0.3,0.00,2.80,0.00,27.27,0.00,0.25,0.00,1.0,95830.0,95350.0,0.0,0.0,0.5,0.0,64.193,0.000,0.0,682447.0
2026-08-31T16:15:32,0.2,4376,1547350,1531792,0.3,0.00,0.69,0.00,2.75,0.00,0.00,0.00,1.0,95830.0,95350.0,0.0,0.0,0.5,0.0,64.184,0.000,0.0,750078.5
2026-08-31T16:15:33,0.2,4376,1547350,1531792,0.3,0.00,0.95,0.00,3.80,0.00,0.00,0.00,1.0,95830.0,95350.0,0.0,0.0,0.5,0.0,64.206,0.000,0.0,750078.5
2026-08-31T16:15:33,0.3,4376,1547350,1531792,0.3,0.00,2.44,0.00,9.76,0.00,0.00,0.00,1.0,95830.0,95350.0,0.0,0.0,0.5,0.0,64.184,0.000,0.0,714094.0
2026-08-31T16:15:34,0.2,4376,1547350,1531792,0.3,0.00,0.82,0.00,3.27,0.00,0.00,0.00,1.0,95830.0,95350.0,0.0,0.0,0.5,0.0,64.183,0.000,0.0,714094.0
2026-08-31T16:15:35,0.3,4377,1547350,1531791,0.3,0.00,2.95,0.00,11.80,0.00,0.00,0.00,1.0,95830.0,95350.0,0.0,0.0,0.5,0.0,64.178,0.000,0.0,714094.0
2026-08-31T16:15:36,0.2,4377,1547350,1531790,0.3,0.00,6.40,0.00,29.85,0.00,0.00,0.00,1.0,95830.0,95350.0,0.0,0.0,0.5,0.0,64.218,0.000,0.0,786320.0
2026-08-31T16:15:37,0.2,4378,1547350,1531790,0.3,0.00,1.03,0.00,4.13,0.00,0.00,0.00,1.0,95830.0,95350.0,0.0,0.0,0.5,0.0,64.207,0.000,0.0,659185.0
2026-08-31T16:15:38,0.2,4377,1547350,1531791,0.3,0.00,0.78,0.00,3.14,0.00,0.00,0.00,1.0,95830.0,95350.0,0.0,0.0,0.5,0.0,64.189,0.000,0.0,659185.0
2026-08-31T16:15:39,0.2,4378,1547350,1531790,0.3,0.00,1.42,0.00,5.68,0.00,0.00,0.00,1.0,95830.0,95350.0,0.0,0.0,0.5,0.0,64.177,0.000,0.0,714664.5
2026-08-31T16:15:39,0.2,4378,1547350,1531789,0.3,0.00,1.01,0.00,4.04,0.00,1.00,0.00,1.0,95830.0,95350.0,0.0,0.0,0.5,0.0,64.169,0.000,0.0,714664.5
2026-08-31T16:15:41,0.2,4378,1547350,1531789,0.3,0.00,0.97,0.00,3.89,0.00,0.00,0.00,1.0,95830.0,95350.0,0.0,0.0,0.5,0.0,64.215,0.000,0.0,717430.5
2026-08-31T16:15:42,0.2,4379,1547350,1531789,0.3,0.00,0.99,0.00,3.96,0.00,0.00,0.00,1.0,95830.0,95350.0,0.0,0.0,0.5,0.0,64.207,0.000,0.0,683190.5
2026-08-31T16:15:43,0.2,4379,1547350,1531789,0.3,0.00,0.77,0.00,3.08,0.00,0.00,0.00,1.0,95830.0,95350.0,0.0,0.0,0.5,0.0,64.181,0.000,0.0,683190.5
2026-08-31T16:15:44,0.2,4379,1547350,1531789,0.3,0.00,1.45,0.00,5.78,0.00,0.00,0.00,1.0,95830.0,95350.0,0.0,0.0,0.5,0.0,64.189,0.000,0.0,683044.5
2026-08-31T16:15:45,0.2,4379,1547350,1531788,0.3,0.00,1.33,0.00,5.34,0.00,0.00,0.07,1.0,95830.0,95350.0,0.0,0.0,0.5,0.0,64.210,0.000,0.0,659404.0
2026-08-31T16:15:47,0.2,4380,1547350,1531788,0.3,0.00,0.66,0.00,2.63,0.00,0.00,0.00,1.0,95830.0,95350.0,0.0,0.0,0.5,0.0,64.180,0.000,0.0,682570.0
2026-08-31T16:15:48,0.2,4380,1547350,1531788,0.3,0.00,0.71,0.00,2.85,0.00,0.00,0.00,1.0,95830.0,95350.0,0.0,0.0,0.5,0.0,64.186,0.000,0.0,685909.0
2026-08-31T16:15:49,0.2,4380,1547350,1531787,0.3,0.00,0.90,0.00,3.58,0.00,0.00,0.00,1.0,95830.0,95350.0,0.0,0.0,0.5,0.0,64.206,0.000,0.0,664093.5
2026-08-31T16:15:51,0.2,4381,1547350,1531787,0.3,0.00,1.10,0.00,4.40,0.00,0.00,0.00,1.0,95830.0,95350.0,0.0,0.0,0.5,0.0,64.192,0.000,0.0,639273.0
2026-08-31T16:15:52,0.2,4381,1547350,1531787,0.3,0.00,0.81,0.00,3.24,0.00,0.00,0.00,1.0,95830.0,95350.0,0.0,0.0,0.5,0.0,64.201,0.000,0.0,639273.0
2026-08-31T16:15:53,0.2,4380,1547350,1531788,0.3,0.00,1.15,0.00,4.60,0.00,0.00,0.00,1.0,95830.0,95350.0,0.0,0.0,0.5,0.0,64.204,0.000,0.0,787964.5
2026-08-31T16:15:53,0.2,4380,1547350,1531788,0.3,0.00,2.59,0.00,10.36,0.00,0.00,0.26,1.0,95830.0,95350.0,0.0,0.0,0.5,0.0,64.205,0.000,0.0,787964.5
2026-08-31T16:15:54,0.2,4381,1547350,1531787,0.3,0.00,1.66,0.00,6.63,0.00,0.00,0.00,1.0,95830.0,95350.0,0.0,0.0,0.5,0.0,64.213,0.000,0.0,758474.0
2026-08-31T16:15:55,0.3,4382,1547350,1531786,0.3,0.00,1.65,0.00,6.61,0.00,0.00,0.00,1.0,95830.0,95350.0,0.0,0.0,0.5,0.0,64.200,0.000,0.0,663911.5
2026-08-31T16:15:56,0.2,4382,1547350,1531786,0.3,0.00,0.62,0.00,2.49,0.00,0.00,0.00,1.0,95830.0,95350.0,0.0,0.0,0.5,0.0,64.181,0.000,0.0,661068.0
2026-08-31T16:15:58,0.2,4382,1547350,1531786,0.3,0.00,0.62,0.00,2.46,0.00,0.00,0.00,1.0,95830.0,95350.0,0.0,0.0,0.5,0.0,64.210,0.000,0.0,658027.0
2026-08-31T16:15:59,0.2,4382,1547350,1531786,0.3,0.00,0.64,0.00,2.55,0.00,0.00,0.00,1.0,95830.0,95350.0,0.0,0.0,0.5,0.0,64.219,0.000,0.0,658027.0
2026-08-31T16:16:00,0.2,4382,1547350,1531786,0.3,0.00,5.12,0.00,69.05,0.00,0.25,0.00,1.0,95830.0,95350.0,0.0,0.0,0.5,0.0,64.234,0.000,0.0,706206.5
2026-08-31T16:16:01,0.3,4386,1547350,1531782,0.3,0.00,1.01,0.00,4.04,0.00,0.00,0.00,1.0,95830.0,95350.0,0.0,0.0,0.5,0.0,64.180,0.000,0.0,617986.5
2026-08-31T16:16:06,0.6,4511,1547350,1531657,0.3,0.00,0.19,0.00,0.77,0.00,0.00,0.00,1.0,95830.0,95350.0,0.0,0.0,0.5,0.0,64.175,0.000,0.0,617986.5
2026-08-31T16:16:07,1.3,4442,1547350,1531726,0.3,0.00,1.09,0.00,4.38,0.00,0.00,0.00,1.0,95830.0,95350.0,0.0,0.0,0.5,0.0,64.185,0.000,0.0,718309.5
2026-08-31T16:16:08,0.5,4449,1547350,1531719,0.3,0.00,1.25,0.00,5.01,0.00,0.00,0.00,1.0,95830.0,95350.0,0.0,0.0,0.5,0.0,64.209,0.000,0.0,718309.5
2026-08-31T16:16:09,0.2,4449,1547350,1531718,0.3,0.00,1.54,0.00,6.14,0.00,0.00,0.00,1.0,95830.0,95350.0,0.0,0.0,0.5,0.0,64.212,0.000,0.0,796870.5
2026-08-31T16:16:09,1.1,4452,1547350,1531716,0.3,0.00,19.18,0.00,947.24,0.00,0.12,0.00,1.0,95830.0,95350.0,0.0,0.0,0.5,0.0,64.201,0.000,0.0,796870.5
2026-08-31T16:16:10,1.3,4460,1547350,1531708,0.3,0.00,147.87,0.00,3410.40,0.00,0.19,0.25,1.0,95830.0,95350.0,0.0,0.0,0.5,0.0,64.203,0.000,0.0,718403.0
2026-08-31T16:16:11,1.2,4535,1547350,1531632,0.3,0.00,0.69,0.00,2.76,0.00,0.00,0.00,1.0,95830.0,95350.0,0.0,0.0,0.5,0.0,64.222,0.000,0.0,669443.5
2026-08-31T16:16:13,1.2,4485,1547350,1531683,0.3,0.00,3.28,0.00,53.48,0.00,0.20,0.00,1.0,95830.0,95350.0,0.0,0.0,0.5,0.0,64.202,0.000,0.0,693361.5
2026-08-31T16:16:13,1.4,4455,1547350,1531713,0.3,0.00,597.29,0.00,7494.92,0.00,0.10,0.34,1.0,95830.0,95350.0,0.0,0.0,0.5,0.0,64.185,0.000,0.0,693361.5
2026-08-31T16:16:15,1.2,4515,1547350,1531652,0.3,0.00,0.85,0.00,3.38,0.00,0.00,0.00,1.0,95830.0,95350.0,0.0,0.0,0.5,0.0,64.219,0.000,0.0,709776.0
2026-08-31T16:16:15,1.3,4526,1547350,1531642,0.3,0.00,1.67,0.00,6.69,0.00,0.00,0.00,1.0,95830.0,95350.0,0.0,0.0,0.5,0.0,64.204,0.000,0.0,709776.0
2026-08-31T16:16:16,1.3,4608,1547350,1531560,0.3,0.00,46.04,0.00,292.82,0.00,0.04,0.00,1.0,95830.0,95350.0,0.0,0.0,0.5,0.0,64.200,0.000,0.0,860550.0
2026-08-31T16:16:16,1.3,4516,1547350,1531652,0.3,0.00,14.23,0.00,323.17,0.00,0.00,0.20,1.0,95830.0,95350.0,0.0,0.0,0.5,0.0,64.195,0.000,0.0,860550.0
2026-08-31T16:16:17,0.6,4381,1547350,1531787,0.3,0.00,22.61,0.00,1948.49,0.00,0.11,0.00,1.0,95830.0,95350.0,0.0,0.0,0.5,0.0,64.171,0.000,0.0,775369.5
2026-08-31T16:16:18,0.3,4381,1547350,1531787,0.3,0.00,0.60,0.00,2.40,0.00,0.00,0.00,1.0,95830.0,95350.0,0.0,0.0,0.5,0.0,64.194,0.000,0.0,680482.0
2026-08-31T16:16:19,0.2,4380,1547350,1531788,0.3,0.00,2.14,0.00,8.57,0.00,0.00,0.00,1.0,95830.0,95350.0,0.0,0.0,0.5,0.0,64.198,0.000,0.0,691896.5
2026-08-31T16:16:20,0.2,4381,1547350,1531787,0.3,0.00,0.88,0.00,3.50,0.00,0.00,0.00,1.0,95830.0,95350.0,0.0,0.0,0.5,0.0,64.212,0.000,0.0,691896.5
2026-08-31T16:16:21,0.2,4380,1547350,1531788,0.3,0.00,1.83,0.00,7.33,0.00,0.00,0.00,1.0,95830.0,95350.0,0.0,0.0,0.5,0.0,64.212,0.000,0.0,761245.5
2026-08-31T16:16:21,0.2,4380,1547350,1531788,0.3,0.00,3.11,0.00,18.66,0.00,0.00,0.00,1.0,95830.0,95350.0,0.0,0.0,0.5,0.0,64.210,0.000,0.0,761245.5
2026-08-31T16:16:21,0.3,4379,1547350,1531789,0.3,0.00,3.34,0.00,13.38,0.00,1.00,0.00,1.0,95830.0,95350.0,0.0,0.0,0.5,0.0,64.204,0.000,0.0,778363.0
2026-08-31T16:16:22,0.2,4379,1547350,1531789,0.3,0.00,1.05,0.00,4.22,0.00,0.00,0.00,1.0,95830.0,95350.0,0.0,0.0,0.5,0.0,64.207,0.000,0.0,778363.0
2026-08-31T16:16:23,0.4,4379,1547350,1531789,0.3,0.00,3.22,0.00,12.86,0.00,0.00,0.00,1.0,95830.0,95350.0,0.0,0.0,0.5,0.0,64.215,0.000,0.0,778363.0
2026-08-31T16:16:23,0.2,4380,1547350,1531788,0.3,0.00,2.42,0.00,9.66,0.00,0.00,0.00,1.0,95830.0,95350.0,0.0,0.0,0.5,0.0,64.222,0.000,0.0,829755.5
2026-08-31T16:16:24,0.2,4380,1547350,1531788,0.3,0.00,2.25,0.00,9.01,0.00,0.00,0.00,1.0,95830.0,95350.0,0.0,0.0,0.5,0.0,64.206,0.000,0.0,829755.5
2026-08-31T16:16:24,0.2,4379,1547350,1531789,0.3,0.00,1.41,0.00,5.64,0.00,0.00,0.00,1.0,95830.0,95350.0,0.0,0.0,0.5,0.0,64.219,0.000,0.0,632612.0
2026-08-31T16:16:31,0.2,4379,1547350,1531789,0.3,0.00,10.91,0.00,139.31,0.00,0.19,0.02,1.0,95830.0,95350.0,0.0,0.0,0.5,0.0,64.221,0.000,0.0,653658.0
2026-08-31T16:16:31,0.2,4378,1547350,1531790,0.3,0.00,10.20,0.00,68.03,0.00,0.17,0.00,1.0,95830.0,95350.0,0.0,0.0,0.5,0.0,64.189,0.000,0.0,691305.0
2026-08-31T16:16:32,0.2,4378,1547350,1531789,0.3,0.00,1.03,0.00,4.12,0.00,0.00,0.00,1.0,95830.0,95350.0,0.0,0.0,0.5,0.0,64.183,0.000,0.0,691305.0
2026-08-31T16:16:32,0.2,4378,1547350,1531789,0.3,0.00,3.19,0.00,12.78,0.00,0.00,0.00,1.0,95830.0,95350.0,0.0,0.0,0.5,0.0,64.184,0.000,0.0,691305.0
2026-08-31T16:16:33,0.3,4378,1547350,1531790,0.3,0.00,3.21,0.00,12.82,0.00,0.00,0.00,1.0,95830.0,95350.0,0.0,0.0,0.5,0.0,64.195,0.000,0.0,877472.0
2026-08-31T16:16:33,0.2,4378,1547350,1531790,0.3,0.00,2.07,0.00,8.28,0.00,0.00,0.00,1.0,95830.0,95350.0,0.0,0.0,0.5,0.0,64.203,0.000,0.0,672903.0
2026-08-31T16:16:35,0.2,4377,1547350,1531791,0.3,0.00,0.65,0.00,2.61,0.00,0.00,0.00,1.0,95830.0,95350.0,0.0,0.0,0.5,0.0,64.186,0.000,0.0,672903.0
2026-08-31T16:16:35,0.2,4377,1547350,1531791,0.3,0.00,2.24,0.00,8.97,0.00,0.00,0.00,1.0,95830.0,95350.0,0.0,0.0,0.5,0.0,64.224,0.000,0.0,718675.0
2026-08-31T16:16:36,0.2,4378,1547350,1531790,0.3,0.00,50.59,0.00,1778.82,0.00,0.30,0.12,1.0,95830.0,95350.0,0.0,0.0,0.5,0.0,64.203,0.000,0.0,712582.0
2026-08-31T16:16:37,0.2,4378,1547350,1531790,0.3,0.00,1.15,0.00,4.60,0.00,0.00,0.00,1.0,95830.0,95350.0,0.0,0.0,0.5,0.0,64.178,0.000,0.0,712582.0
2026-08-31T16:16:37,0.2,4377,1547350,1531790,0.3,0.00,1.98,0.00,7.92,0.00,0.00,0.00,1.0,95830.0,95350.0,0.0,0.0,0.5,0.0,64.185,0.000,0.0,741465.5
2026-08-31T16:16:38,0.2,4378,1547350,1531789,0.3,0.00,1.18,0.00,4.70,0.00,0.00,0.00,1.0,95830.0,95350.0,0.0,0.0,0.5,0.0,64.189,0.000,0.0,741465.5
2026-08-31T16:16:39,0.2,4378,1547350,1531790,0.3,0.00,1.12,0.00,4.48,0.00,0.00,0.00,1.0,95830.0,95350.0,0.0,0.0,0.5,0.0,64.206,0.000,0.0,709825.5
2026-08-31T16:16:40,0.2,4376,1547350,1531792,0.3,0.00,0.92,0.00,3.66,0.00,0.00,0.00,1.0,95830.0,95350.0,0.0,0.0,0.5,0.0,64.192,0.000,0.0,709825.5
2026-08-31T16:16:41,0.3,4376,1547350,1531792,0.3,0.00,1.44,0.00,5.77,0.00,0.00,0.00,1.0,95830.0,95350.0,0.0,0.0,0.5,0.0,64.206,0.000,0.0,719493.5
2026-08-31T16:16:42,0.2,4377,1547350,1531791,0.3,0.00,51.52,0.00,521.21,0.00,0.20,0.00,1.0,95830.0,95350.0,0.0,0.0,0.5,0.0,64.216,0.000,0.0,612384.5
2026-08-31T16:16:51,0.2,4378,1547350,1531789,0.3,0.00,1.14,0.00,5.47,0.00,0.00,0.00,1.0,95830.0,95350.0,0.0,0.0,0.5,0.0,64.201,0.000,0.0,612384.5
2026-08-31T16:16:52,0.2,4378,1547350,1531790,0.3,0.00,2.19,0.00,8.75,0.00,0.00,0.00,1.0,95830.0,95350.0,0.0,0.0,0.5,0.0,64.189,0.000,0.0,683031.5
2026-08-31T16:16:53,0.2,4377,1547350,1531791,0.3,0.00,0.75,0.00,3.00,0.00,0.00,0.00,1.0,95830.0,95350.0,0.0,0.0,0.5,0.0,64.206,0.000,0.0,674357.0
2026-08-31T16:16:54,0.2,4377,1547350,1531790,0.3,0.00,0.93,0.00,3.72,0.00,1.00,0.00,1.0,95830.0,95350.0,0.0,0.0,0.5,0.0,64.221,0.000,0.0,681222.5
2026-08-31T16:16:56,0.2,4378,1547350,1531790,0.3,0.00,0.54,0.00,2.17,0.00,0.00,0.00,1.0,95830.0,95350.0,0.0,0.0,0.5,0.0,64.204,0.000,0.0,664234.0
2026-08-31T16:16:57,0.2,4376,1547350,1531791,0.3,0.00,0.93,0.00,3.71,0.00,0.00,0.00,1.0,95830.0,95350.0,0.0,0.0,0.5,0.0,64.204,0.000,0.0,664234.0
2026-08-31T16:16:58,0.2,4376,1547350,1531791,0.3,0.00,1.53,0.00,6.11,0.00,0.00,0.00,1.0,95830.0,95350.0,0.0,0.0,0.5,0.0,64.207,0.000,0.0,707782.0
2026-08-31T16:16:59,0.2,4376,1547350,1531791,0.3,0.00,1.08,0.00,4.32,0.00,0.00,0.00,1.0,95830.0,95350.0,0.0,0.0,0.5,0.0,64.186,0.000,0.0,724317.5
2026-08-31T16:17:00,0.2,4382,1547350,1531786,0.3,0.00,8.83,0.00,94.70,0.00,0.00,0.00,1.0,95830.0,95350.0,0.0,0.0,0.5,0.0,64.219,0.000,0.0,616373.0
2026-08-31T16:17:06,0.2,4383,1547350,1531785,0.3,0.00,0.15,0.00,0.60,0.00,0.00,0.00,1.0,95830.0,95350.0,0.0,0.0,0.5,0.0,64.226,0.000,0.0,616373.0
2026-08-31T16:17:07,0.2,4378,1547350,1531789,0.3,0.00,1.74,0.00,10.43,0.00,0.00,0.00,1.0,95830.0,95350.0,0.0,0.0,0.5,0.0,64.231,0.000,0.0,617090.0
2026-08-31T16:17:18,0.4,4378,1547350,1531789,0.3,0.00,0.10,0.00,0.39,0.00,1.00,0.00,1.0,95830.0,95350.0,0.0,0.0,0.5,0.0,64.215,0.000,0.0,617090.0
2026-08-31T16:17:18,0.2,4379,1547350,1531789,0.3,0.00,1.93,0.00,7.74,0.00,0.00,0.00,1.0,95830.0,95350.0,0.0,0.0,0.5,0.0,64.181,0.000,0.0,661100.0
2026-08-31T16:17:21,0.3,4379,1547350,1531789,0.3,0.00,0.41,0.00,1.64,0.00,0.00,0.00,1.0,95830.0,95350.0,0.0,0.0,0.5,0.0,64.188,0.000,0.0,661100.0
2026-08-31T16:17:21,0.2,4378,1547350,1531789,0.3,0.00,2.07,0.00,8.28,0.00,0.00,0.21,1.0,95830.0,95350.0,0.0,0.0,0.5,0.0,64.195,0.000,0.0,774363.0
2026-08-31T16:17:22,0.2,4378,1547350,1531789,0.3,0.00,1.78,0.00,7.12,0.00,0.00,0.00,1.0,95830.0,95350.0,0.0,0.0,0.5,0.0,64.200,0.000,0.0,774363.0
2026-08-31T16:17:23,0.2,4378,1547350,1531789,0.3,0.00,1.98,0.00,7.93,0.00,0.00,0.00,1.0,95830.0,95350.0,0.0,0.0,0.5,0.0,64.209,0.000,0.0,706069.5
2026-08-31T16:17:24,0.2,4379,1547350,1531789,0.3,0.00,0.72,0.00,2.88,0.00,0.00,0.00,1.0,95830.0,95350.0,0.0,0.0,0.5,0.0,64.177,0.000,0.0,706069.5
2026-08-31T16:17:25,0.2,4379,1547350,1531789,0.3,0.00,1.65,0.00,6.59,0.00,0.00,0.00,1.0,95830.0,95350.0,0.0,0.0,0.5,0.0,64.193,0.000,0.0,714375.5
2026-08-31T16:17:26,0.2,4378,1547350,1531789,0.3,0.00,3.21,0.00,12.83,0.00,0.00,0.00,1.0,95830.0,95350.0,0.0,0.0,0.5,0.0,64.183,0.000,0.0,626402.0
2026-08-31T16:17:29,0.2,4378,1547350,1531790,0.3,0.00,0.28,0.00,1.10,0.00,0.00,0.00,1.0,95830.0,95350.0,0.0,0.0,0.5,0.0,64.174,0.000,0.0,680244.5
2026-08-31T16:17:30,0.2,4378,1547350,1531789,0.3,0.00,0.99,0.00,3.96,0.00,0.00,0.00,1.0,95830.0,95350.0,0.0,0.0,0.5,0.0,64.188,0.000,0.0,680244.5
2026-08-31T16:17:31,0.3,4378,1547350,1531789,0.3,0.00,95.39,0.00,738.49,0.00,0.14,0.00,1.0,95830.0,95350.0,0.0,0.0,0.5,0.0,64.206,0.000,0.0,748153.0
2026-08-31T16:17:32,0.2,4378,1547350,1531789,0.3,0.00,1.00,0.00,4.00,0.00,0.00,0.00,1.0,95830.0,95350.0,0.0,0.0,0.5,0.0,64.197,0.000,0.0,748153.0
2026-08-31T16:17:33,0.2,4378,1547350,1531790,0.3,0.00,5.83,0.00,23.34,0.00,0.00,0.00,1.0,95830.0,95350.0,0.0,0.0,0.5,0.0,64.199,0.000,0.0,706225.5
2026-08-31T16:17:34,0.2,4379,1547350,1531789,0.3,0.00,0.88,0.00,3.51,0.00,0.00,0.00,1.0,95830.0,95350.0,0.0,0.0,0.5,0.0,64.196,0.000,0.0,691580.5
2026-08-31T16:17:35,0.2,4379,1547350,1531789,0.3,0.00,0.99,0.00,3.95,0.00,0.00,0.00,1.0,95830.0,95350.0,0.0,0.0,0.5,0.0,64.181,0.000,0.0,684322.5
2026-08-31T16:17:36,0.2,4378,1547350,1531789,0.3,0.00,0.87,0.00,3.50,0.00,0.00,0.00,1.0,95830.0,95350.0,0.0,0.0,0.5,0.0,64.198,0.000,0.0,712299.5
2026-08-31T16:17:37,0.2,4378,1547350,1531790,0.3,0.00,0.86,0.00,3.44,0.00,0.00,0.00,1.0,95830.0,95350.0,0.0,0.0,0.5,0.0,64.178,0.000,0.0,674455.0
2026-08-31T16:17:38,0.2,4379,1547350,1531789,0.3,0.00,0.85,0.00,3.42,0.00,0.00,0.00,1.0,95830.0,95350.0,0.0,0.0,0.5,0.0,64.195,0.000,0.0,674455.0
2026-08-31T16:17:39,0.2,4379,1547350,1531789,0.3,0.00,0.98,0.00,3.94,0.00,0.00,0.00,1.0,95830.0,95350.0,0.0,0.0,0.5,0.0,64.184,0.000,0.0,680780.5
2026-08-31T16:17:40,0.2,4379,1547350,1531789,0.3,0.00,1.18,0.00,4.73,0.00,1.00,0.00,1.0,95830.0,95350.0,0.0,0.0,0.5,0.0,64.194,0.000,0.0,721914.0
2026-08-31T16:17:41,0.2,4379,1547350,1531788,0.3,0.00,0.75,0.00,3.00,0.00,0.00,0.00,1.0,95830.0,95350.0,0.0,0.0,0.5,0.0,64.201,0.000,0.0,665506.0
2026-08-31T16:17:43,0.2,4379,1547350,1531789,0.3,0.00,1.57,0.00,6.27,0.00,0.00,0.00,1.0,95830.0,95350.0,0.0,0.0,0.5,0.0,64.204,0.000,0.0,648464.5
2026-08-31T16:17:44,0.2,4379,1547350,1531789,0.3,0.00,0.83,0.00,3.32,0.00,0.00,0.08,1.0,95830.0,95350.0,0.0,0.0,0.5,0.0,64.213,0.000,0.0,708012.0
2026-08-31T16:17:45,0.2,4379,1547350,1531789,0.3,0.00,0.73,0.00,2.94,0.00,0.00,0.00,1.0,95830.0,95350.0,0.0,0.0,0.5,0.0,64.211,0.000,0.0,667604.0
2026-08-31T16:17:47,0.2,4379,1547350,1531789,0.3,0.00,0.74,0.00,2.95,0.00,0.00,0.00,1.0,95830.0,95350.0,0.0,0.0,0.5,0.0,64.219,0.000,0.0,667761.5
2026-08-31T16:17:48,0.2,4379,1547350,1531788,0.3,0.00,7.77,0.00,68.38,0.00,0.10,0.00,1.0,95830.0,95350.0,0.0,0.0,0.5,0.0,64.183,0.000,0.0,648694.0
2026-08-31T16:17:49,0.2,4380,1547350,1531788,0.3,0.00,0.71,0.00,2.86,0.00,0.00,0.00,1.0,95830.0,95350.0,0.0,0.0,0.5,0.0,64.175,0.000,0.0,687220.0
2026-08-31T16:17:51,0.2,4381,1547350,1531787,0.3,0.00,0.74,0.00,2.96,0.00,0.00,0.00,1.0,95830.0,95350.0,0.0,0.0,0.5,0.0,64.189,0.000,0.0,664937.0
2026-08-31T16:17:52,0.2,4380,1547350,1531787,0.3,0.00,0.71,0.00,2.82,0.00,0.00,0.00,1.0,95830.0,95350.0,0.0,0.0,0.5,0.0,64.210,0.000,0.0,684774.0
2026-08-31T16:17:53,0.2,4380,1547350,1531788,0.3,0.00,1.05,0.00,4.19,0.00,0.00,0.00,1.0,95830.0,95350.0,0.0,0.0,0.5,0.0,64.204,0.000,0.0,684774.0
2026-08-31T16:17:54,0.2,4379,1547350,1531788,0.3,0.00,1.60,0.00,6.40,0.00,0.00,0.00,1.0,95830.0,95350.0,0.0,0.0,0.5,0.0,64.189,0.000,0.0,727143.5
2026-08-31T16:17:54,0.2,4379,1547350,1531788,0.3,0.00,1.15,0.00,4.59,0.00,0.00,0.00,1.0,95830.0,95350.0,0.0,0.0,0.5,0.0,64.184,0.000,0.0,676105.0
2026-08-31T16:17:56,0.2,4380,1547350,1531787,0.3,0.00,0.76,0.00,3.05,0.00,0.00,0.00,1.0,95830.0,95350.0,0.0,0.0,0.5,0.0,64.190,0.000,0.0,681815.0
2026-08-31T16:17:57,0.2,4381,1547350,1531787,0.3,0.00,0.75,0.00,2.98,0.00,0.00,0.00,1.0,95830.0,95350.0,0.0,0.0,0.5,0.0,64.187,0.000,0.0,671644.5
2026-08-31T16:17:59,0.2,4382,1547350,1531786,0.3,0.00,1.29,0.00,5.16,0.00,0.50,0.00,1.0,95830.0,95350.0,0.0,0.0,0.5,0.0,64.213,0.000,0.0,652973.0
2026-08-31T16:18:00,0.2,4382,1547350,1531785,0.3,0.00,0.61,0.00,2.42,0.00,0.00,0.00,1.0,95830.0,95350.0,0.0,0.0,0.5,0.0,64.211,0.000,0.0,687835.5
2026-08-31T16:18:01,0.3,4389,1547350,1531778,0.3,0.00,4.90,0.00,69.54,0.00,0.00,0.00,1.0,95830.0,95350.0,0.0,0.0,0.5,0.0,64.210,0.000,0.0,664116.5
2026-08-31T16:18:03,0.2,4389,1547350,1531779,0.3,0.00,0.66,0.00,2.63,0.00,0.00,0.00,1.0,95830.0,95350.0,0.0,0.0,0.5,0.0,64.180,0.000,0.0,649149.0
2026-08-31T16:18:05,0.2,4389,1547350,1531779,0.3,0.00,0.60,0.00,2.39,0.00,0.00,0.00,1.0,95830.0,95350.0,0.0,0.0,0.5,0.0,64.216,0.000,0.0,649149.0
2026-08-31T16:18:05,0.2,4390,1547350,1531778,0.3,0.00,1.82,0.00,7.30,0.00,0.00,0.00,1.0,95830.0,95350.0,0.0,0.0,0.5,0.0,64.225,0.000,0.0,824087.0
2026-08-31T16:18:06,0.2,4389,1547350,1531779,0.3,0.00,1.57,0.00,6.30,0.00,0.00,0.00,1.0,95830.0,95350.0,0.0,0.0,0.5,0.0,64.178,0.000,0.0,642073.5
2026-08-31T16:18:07,0.2,4389,1547350,1531778,0.3,0.00,0.60,0.00,2.41,0.00,0.00,0.00,1.0,95830.0,95350.0,0.0,0.0,0.5,0.0,64.207,0.000,0.0,642073.5
2026-08-31T16:18:08,0.2,4388,1547350,1531779,0.3,0.00,1.72,0.00,6.86,0.00,0.00,0.00,1.0,95830.0,95350.0,0.0,0.0,0.5,0.0,64.201,0.000,0.0,718572.5
2026-08-31T16:18:09,0.2,4388,1547350,1531779,0.3,0.00,1.04,0.00,4.17,0.00,0.00,0.00,1.0,95830.0,95350.0,0.0,0.0,0.5,0.0,64.180,0.000,0.0,718572.5
2026-08-31T16:18:10,0.3,4389,1547350,1531778,0.3,0.00,1.57,0.00,6.29,0.00,0.00,0.00,1.0,95830.0,95350.0,0.0,0.0,0.5,0.0,64.189,0.000,0.0,763276.5
2026-08-31T16:18:10,0.2,4389,1547350,1531779,0.3,0.00,1.17,0.00,4.68,0.00,0.00,0.00,1.0,95830.0,95350.0,0.0,0.0,0.5,0.0,64.180,0.000,0.0,658654.5
2026-08-31T16:18:12,0.2,4386,1547350,1531782,0.3,0.00,0.66,0.00,2.65,0.00,0.00,0.00,1.0,95830.0,95350.0,0.0,0.0,0.5,0.0,64.169,0.000,0.0,658654.5
2026-08-31T16:18:12,0.2,4386,1547350,1531782,0.3,0.00,2.09,0.00,8.35,0.00,1.00,0.00,1.0,95830.0,95350.0,0.0,0.0,0.5,0.0,64.185,0.000,0.0,774578.5
2026-08-31T16:18:13,0.2,4386,1547350,1531782,0.3,0.00,1.34,0.00,5.37,0.00,0.00,0.00,1.0,95830.0,95350.0,0.0,0.0,0.5,0.0,64.204,0.000,0.0,681993.5
2026-08-31T16:18:14,0.2,4387,1547350,1531781,0.3,0.00,0.90,0.00,3.59,0.00,0.00,0.00,1.0,95830.0,95350.0,0.0,0.0,0.5,0.0,64.210,0.000,0.0,681993.5
2026-08-31T16:18:15,0.2,4387,1547350,1531781,0.3,0.00,1.73,0.00,6.91,0.00,0.00,0.00,1.0,95830.0,95350.0,0.0,0.0,0.5,0.0,64.227,0.000,0.0,766869.5
2026-08-31T16:18:16,0.2,4386,1547350,1531781,0.3,0.00,1.30,0.00,5.18,0.00,0.00,0.13,1.0,95830.0,95350.0,0.0,0.0,0.5,0.0,64.178,0.000,0.0,766869.5
2026-08-31T16:18:16,0.3,4386,1547350,1531782,0.3,0.00,2.43,0.00,9.71,0.00,0.00,0.00,1.0,95830.0,95350.0,0.0,0.0,0.5,0.0,64.180,0.000,0.0,829312.0
2026-08-31T16:18:16,0.3,4386,1547350,1531782,0.3,0.00,2.41,0.00,9.64,0.00,0.00,0.00,1.0,95830.0,95350.0,0.0,0.0,0.5,0.0,64.188,0.000,0.0,678880.5
2026-08-31T16:18:18,0.2,4386,1547350,1531781,0.3,0.00,0.78,0.00,3.13,0.00,0.00,0.00,1.0,95830.0,95350.0,0.0,0.0,0.5,0.0,64.189,0.000,0.0,678880.5
2026-08-31T16:18:18,0.2,4386,1547350,1531782,0.3,0.00,2.40,0.00,9.59,0.00,0.00,0.00,1.0,95830.0,95350.0,0.0,0.0,0.5,0.0,64.183,0.000,0.0,678880.5
2026-08-31T16:18:19,0.3,4386,1547350,1531782,0.3,0.00,4.75,0.00,28.50,0.00,0.00,0.00,1.0,95830.0,95350.0,0.0,0.0,0.5,0.0,64.187,0.000,0.0,768613.5
2026-08-31T16:18:19,0.3,4384,1547350,1531783,0.3,0.00,1.54,0.00,6.16,0.00,0.00,0.00,1.0,95830.0,95350.0,0.0,0.0,0.5,0.0,64.198,0.000,0.0,768613.5
2026-08-31T16:18:20,0.2,4384,1547350,1531784,0.3,0.00,2.26,0.00,9.05,0.00,0.00,0.00,1.0,95830.0,95350.0,0.0,0.0,0.5,0.0,64.189,0.000,0.0,768613.5
2026-08-31T16:18:20,0.3,4384,1547350,1531784,0.3,0.00,2.83,0.00,11.33,0.00,0.00,0.00,1.0,95830.0,95350.0,0.0,0.0,0.5,0.0,64.215,0.000,0.0,812372.5
2026-08-31T16:18:21,0.2,4384,1547350,1531783,0.3,0.00,1.20,0.00,4.78,0.00,0.00,0.00,1.0,95830.0,95350.0,0.0,0.0,0.5,0.0,64.194,0.000,0.0,700914.5
2026-08-31T16:18:22,0.2,4385,1547350,1531783,0.3,0.00,1.04,0.00,4.17,0.00,0.00,0.00,1.0,95830.0,95350.0,0.0,0.0,0.5,0.0,64.178,0.000,0.0,692588.0
2026-08-31T16:18:23,0.2,4385,1547350,1531782,0.3,0.00,0.97,0.00,3.88,0.00,0.00,0.00,1.0,95830.0,95350.0,0.0,0.0,0.5,0.0,64.174,0.000,0.0,692588.0
2026-08-31T16:18:23,0.2,4385,1547350,1531783,0.3,0.00,1.59,0.00,6.35,0.00,0.00,0.00,1.0,95830.0,95350.0,0.0,0.0,0.5,0.0,64.193,0.000,0.0,765444.0
2026-08-31T16:18:24,0.2,4385,1547350,1531783,0.3,0.00,2.61,0.00,10.43,0.00,0.50,0.00,1.0,95830.0,95350.0,0.0,0.0,0.5,0.0,64.202,0.000,0.0,684345.0
2026-08-31T16:18:25,0.2,4384,1547350,1531784,0.3,0.00,1.10,0.00,4.42,0.00,0.00,0.00,1.0,95830.0,95350.0,0.0,0.0,0.5,0.0,64.239,0.000,0.0,684345.0
2026-08-31T16:18:26,0.2,4384,1547350,1531784,0.3,0.00,2.19,0.00,8.77,0.00,0.00,0.00,1.0,95830.0,95350.0,0.0,0.0,0.5,0.0,64.195,0.000,0.0,727891.0
2026-08-31T16:18:27,0.2,4384,1547350,1531783,0.3,0.00,0.88,0.00,3.51,0.00,0.00,0.09,1.0,95830.0,95350.0,0.0,0.0,0.5,0.0,64.217,0.000,0.0,748312.0
2026-08-31T16:18:28,0.2,4385,1547350,1531783,0.3,0.00,0.87,0.00,3.48,0.00,0.00,0.00,1.0,95830.0,95350.0,0.0,0.0,0.5,0.0,64.189,0.000,0.0,748312.0
2026-08-31T16:18:29,0.2,4385,1547350,1531783,0.3,0.00,4.01,0.00,16.04,0.00,0.00,0.00,1.0,95830.0,95350.0,0.0,0.0,0.5,0.0,64.182,0.000,0.0,718780.5
2026-08-31T16:18:29,0.2,4384,1547350,1531784,0.3,0.00,1.18,0.00,4.73,0.00,0.00,0.12,1.0,95830.0,95350.0,0.0,0.0,0.5,0.0,64.189,0.000,0.0,718780.5
2026-08-31T16:18:30,0.3,4385,1547350,1531783,0.3,0.00,3.24,0.00,12.94,0.00,0.00,0.00,1.0,95830.0,95350.0,0.0,0.0,0.5,0.0,64.192,0.000,0.0,718780.5
2026-08-31T16:18:30,0.2,4384,1547350,1531784,0.3,0.00,2.11,0.00,8.44,0.00,0.00,0.00,1.0,95830.0,95350.0,0.0,0.0,0.5,0.0,64.195,0.000,0.0,753355.0
2026-08-31T16:18:31,0.2,4384,1547350,1531784,0.3,0.00,7.21,0.00,103.50,0.00,0.14,0.00,1.0,95830.0,95350.0,0.0,0.0,0.5,0.0,64.201,0.000,0.0,682939.5
2026-08-31T16:18:33,0.2,4384,1547350,1531784,0.3,0.00,0.71,0.00,2.84,0.00,0.00,0.00,1.0,95830.0,95350.0,0.0,0.0,0.5,0.0,64.212,0.000,0.0,687175.5
2026-08-31T16:18:34,0.2,4384,1547350,1531784,0.3,0.00,0.96,0.00,3.83,0.00,0.00,0.00,1.0,95830.0,95350.0,0.0,0.0,0.5,0.0,64.209,0.000,0.0,687175.5
2026-08-31T16:18:34,0.2,4384,1547350,1531784,0.3,0.00,7.82,0.00,31.30,0.00,0.00,0.00,1.0,95830.0,95350.0,0.0,0.0,0.5,0.0,64.209,0.000,0.0,749174.0
2026-08-31T16:18:35,0.3,4384,1547350,1531784,0.3,0.00,2.73,0.00,10.93,0.00,0.00,0.00,1.0,95830.0,95350.0,0.0,0.0,0.5,0.0,64.238,0.000,0.0,749174.0
2026-08-31T16:18:35,0.2,4384,1547350,1531784,0.3,0.00,2.14,0.00,8.57,0.00,0.00,0.00,1.0,95830.0,95350.0,0.0,0.0,0.5,0.0,64.219,0.000,0.0,729538.0
2026-08-31T16:18:36,0.2,4384,1547350,1531783,0.3,0.00,1.02,0.00,4.07,0.00,0.00,0.00,1.0,95830.0,95350.0,0.0,0.0,0.5,0.0,64.195,0.000,0.0,729538.0
2026-08-31T16:18:37,0.2,4384,1547350,1531783,0.3,0.00,1.40,0.00,5.59,0.00,0.00,0.00,1.0,95830.0,95350.0,0.0,0.0,0.5,0.0,64.195,0.000,0.0,739528.0
2026-08-31T16:18:37,0.3,4384,1547350,1531783,0.3,0.00,2.92,0.00,11.70,0.00,0.00,0.00,1.0,95830.0,95350.0,0.0,0.0,0.5,0.0,64.200,0.000,0.0,710977.5
2026-08-31T16:18:39,0.2,4384,1547350,1531784,0.3,0.00,0.74,0.00,2.97,0.00,0.00,0.00,1.0,95830.0,95350.0,0.0,0.0,0.5,0.0,64.216,0.000,0.0,673463.0
2026-08-31T16:18:40,0.2,4384,1547350,1531784,0.3,0.00,0.85,0.00,3.39,0.00,0.00,0.00,1.0,95830.0,95350.0,0.0,0.0,0.5,0.0,64.201,0.000,0.0,673463.0
2026-08-31T16:18:40,0.3,4384,1547350,1531784,0.3,0.00,2.92,0.00,11.70,0.00,0.00,0.00,1.0,95830.0,95350.0,0.0,0.0,0.5,0.0,64.165,0.000,0.0,797824.0
2026-08-31T16:18:41,0.2,4384,1547350,1531784,0.3,0.00,1.49,0.00,5.95,0.00,0.00,0.00,1.0,95830.0,95350.0,0.0,0.0,0.5,0.0,64.208,0.000,0.0,693664.0
2026-08-31T16:18:42,0.2,4383,1547350,1531785,0.3,2.99,1.00,11.96,3.99,0.00,0.00,0.00,1.0,95830.0,95350.0,0.0,0.0,0.5,0.0,64.219,0.000,0.0,693664.0
2026-08-31T16:18:42,0.2,4383,1547350,1531784,0.3,0.00,1.52,0.00,6.09,0.00,0.00,0.00,1.0,95830.0,95350.0,0.0,0.0,0.5,0.0,64.190,0.000,0.0,749451.0
2026-08-31T16:18:43,0.3,4384,1547350,1531784,0.3,0.00,1.89,0.00,7.56,0.00,1.00,0.00,1.0,95830.0,95350.0,0.0,0.0,0.5,0.0,64.194,0.000,0.0,749451.0
2026-08-31T16:18:44,0.2,4383,1547350,1531784,0.3,0.00,1.55,0.00,6.19,0.00,0.00,0.00,1.0,95830.0,95350.0,0.0,0.0,0.5,0.0,64.186,0.000,0.0,792057.5
2026-08-31T16:18:44,0.2,4384,1547350,1531784,0.3,0.00,2.99,0.00,11.98,0.00,0.00,0.00,1.0,95830.0,95350.0,0.0,0.0,0.5,0.0,64.203,0.000,0.0,672066.0
2026-08-31T16:18:46,0.2,4384,1547350,1531784,0.3,0.00,0.74,0.00,2.96,0.00,0.00,0.00,1.0,95830.0,95350.0,0.0,0.0,0.5,0.0,64.185,0.000,0.0,677221.5
2026-08-31T16:18:47,0.2,4384,1547350,1531783,0.3,0.00,0.84,0.00,3.36,0.00,0.00,0.00,1.0,95830.0,95350.0,0.0,0.0,0.5,0.0,64.213,0.000,0.0,676402.0
2026-08-31T16:18:48,0.2,4384,1547350,1531783,0.3,0.00,0.85,0.00,3.41,0.00,0.00,0.00,1.0,95830.0,95350.0,0.0,0.0,0.5,0.0,64.186,0.000,0.0,671797.0
2026-08-31T16:18:49,0.2,4383,1547350,1531784,0.3,0.00,0.67,0.00,2.66,0.00,0.00,0.00,1.0,95830.0,95350.0,0.0,0.0,0.5,0.0,64.197,0.000,0.0,671797.0
2026-08-31T16:18:50,0.3,4384,1547350,1531784,0.3,0.00,2.37,0.00,9.48,0.00,0.00,0.00,1.0,95830.0,95350.0,0.0,0.0,0.5,0.0,64.184,0.000,0.0,671797.0
2026-08-31T16:18:50,0.2,4383,1547350,1531784,0.3,0.00,2.77,0.00,11.08,0.00,0.00,0.00,1.0,95830.0,95350.0,0.0,0.0,0.5,0.0,64.175,0.000,0.0,900031.5
2026-08-31T16:18:51,0.2,4384,1547350,1531784,0.3,0.00,1.76,0.00,7.04,0.00,0.00,0.00,1.0,95830.0,95350.0,0.0,0.0,0.5,0.0,64.219,0.000,0.0,651575.0
2026-08-31T16:18:52,0.2,4384,1547350,1531784,0.3,0.00,0.65,0.00,2.59,0.00,0.00,0.00,1.0,95830.0,95350.0,0.0,0.0,0.5,0.0,64.217,0.000,0.0,651575.0
2026-08-31T16:18:53,0.2,4383,1547350,1531785,0.3,0.00,1.33,0.00,5.31,0.00,0.00,0.00,1.0,95830.0,95350.0,0.0,0.0,0.5,0.0,64.186,0.000,0.0,763379.0
2026-08-31T16:18:53,0.3,4383,1547350,1531784,0.3,0.00,2.44,0.00,9.78,0.00,0.00,0.00,1.0,95830.0,95350.0,0.0,0.0,0.5,0.0,64.212,0.000,0.0,763379.0
2026-08-31T16:18:54,0.2,4384,1547350,1531784,0.3,0.00,1.80,0.00,7.18,0.00,0.00,0.00,1.0,95830.0,95350.0,0.0,0.0,0.5,0.0,64.224,0.000,0.0,758186.0
2026-08-31T16:18:55,0.2,4384,1547350,1531784,0.3,0.00,1.32,0.00,5.30,0.00,0.00,0.00,1.0,95830.0,95350.0,0.0,0.0,0.5,0.0,64.213,0.000,0.0,758186.0
2026-08-31T16:18:56,0.2,4384,1547350,1531784,0.3,0.00,1.19,0.00,4.75,0.00,0.00,0.00,1.0,95830.0,95350.0,0.0,0.0,0.5,0.0,64.168,0.000,0.0,697269.0
2026-08-31T16:18:57,0.2,4384,1547350,1531784,0.3,0.00,1.00,0.00,4.00,0.00,0.00,0.00,1.0,95830.0,95350.0,0.0,0.0,0.5,0.0,64.174,0.000,0.0,671003.0
2026-08-31T16:18:58,0.2,4383,1547350,1531785,0.3,0.00,0.85,0.00,3.38,0.00,0.00,0.00,1.0,95830.0,95350.0,0.0,0.0,0.5,0.0,64.181,0.000,0.0,671003.0
2026-08-31T16:18:58,0.2,4383,1547350,1531785,0.3,0.00,1.80,0.00,7.18,0.00,0.00,0.00,1.0,95830.0,95350.0,0.0,0.0,0.5,0.0,64.197,0.000,0.0,778825.5
2026-08-31T16:18:59,0.2,4384,1547350,1531784,0.3,0.00,1.57,0.00,6.27,0.00,1.00,0.00,1.0,95830.0,95350.0,0.0,0.0,0.5,0.0,64.203,0.000,0.0,778825.5
2026-08-31T16:18:59,0.2,4384,1547350,1531784,0.3,0.00,5.08,0.00,20.30,0.00,0.00,0.00,1.0,95830.0,95350.0,0.0,0.0,0.5,0.0,64.185,0.000,0.0,703743.5
2026-08-31T16:19:01,0.2,4389,1547350,1531778,0.3,0.00,0.69,0.00,2.77,0.00,0.00,0.00,1.0,95830.0,95350.0,0.0,0.0,0.5,0.0,64.184,0.000,0.0,680903.5
2026-08-31T16:19:02,0.3,4391,1547350,1531777,0.3,0.00,2.49,0.00,21.18,0.00,0.00,0.00,1.0,95830.0,95350.0,0.0,0.0,0.5,0.0,64.188,0.000,0.0,680903.5
2026-08-31T16:19:03,0.2,4392,1547350,1531776,0.3,0.00,1.56,0.00,6.26,0.00,0.00,0.16,1.0,95830.0,95350.0,0.0,0.0,0.5,0.0,64.216,0.000,0.0,699873.5
2026-08-31T16:19:04,0.2,4392,1547350,1531775,0.3,0.00,0.84,0.00,3.36,0.00,0.00,0.00,1.0,95830.0,95350.0,0.0,0.0,0.5,0.0,64.189,0.000,0.0,699873.5
2026-08-31T16:19:05,0.2,4391,1547350,1531776,0.3,0.00,1.22,0.00,4.87,0.00,0.00,0.12,1.0,95830.0,95350.0,0.0,0.0,0.5,0.0,64.194,0.000,0.0,721202.5
2026-08-31T16:19:06,0.2,4391,1547350,1531777,0.3,0.00,0.73,0.00,2.94,0.00,0.00,0.00,1.0,95830.0,95350.0,0.0,0.0,0.5,0.0,64.178,0.000,0.0,721202.5
2026-08-31T16:19:07,0.2,4391,1547350,1531776,0.3,0.00,1.16,0.00,4.65,0.00,0.00,0.00,1.0,95830.0,95350.0,0.0,0.0,0.5,0.0,64.193,0.000,0.0,705264.5
2026-08-31T16:19:08,0.2,4391,1547350,1531776,0.3,0.00,0.66,0.00,2.65,0.00,0.00,0.00,1.0,95830.0,95350.0,0.0,0.0,0.5,0.0,64.166,0.000,0.0,705264.5
2026-08-31T16:19:09,0.2,4391,1547350,1531777,0.3,0.00,1.51,0.00,6.04,0.00,0.00,0.00,1.0,95830.0,95350.0,0.0,0.0,0.5,0.0,64.195,0.000,0.0,728990.0
2026-08-31T16:19:10,0.3,4391,1547350,1531777,0.3,0.00,1.60,0.00,6.40,0.00,0.00,0.00,1.0,95830.0,95350.0,0.0,0.0,0.5,0.0,64.204,0.000,0.0,728990.0
2026-08-31T16:19:10,0.2,4390,1547350,1531777,0.3,0.00,1.49,0.00,5.95,0.00,0.00,0.00,1.0,95830.0,95350.0,0.0,0.0,0.5,0.0,64.167,0.000,0.0,714921.0
2026-08-31T16:19:11,0.3,4389,1547350,1531779,0.3,0.00,1.09,0.00,4.34,0.00,0.00,0.00,1.0,95830.0,95350.0,0.0,0.0,0.5,0.0,64.198,0.000,0.0,714921.0
2026-08-31T16:19:12,0.3,4388,1547350,1531779,0.3,0.00,2.27,0.00,9.09,0.00,0.00,0.00,1.0,95830.0,95350.0,0.0,0.0,0.5,0.0,64.230,0.000,0.0,822293.5
2026-08-31T16:19:13,0.2,4389,1547350,1531779,0.3,0.00,1.00,0.00,4.00,0.00,0.00,0.00,1.0,95830.0,95350.0,0.0,0.0,0.5,0.0,64.189,0.000,0.0,658147.0
2026-08-31T16:19:14,0.2,4388,1547350,1531780,0.3,0.00,0.63,0.00,2.53,0.00,1.00,0.00,1.0,95830.0,95350.0,0.0,0.0,0.5,0.0,64.189,0.000,0.0,651881.0
2026-08-31T16:19:16,0.2,4388,1547350,1531780,0.3,0.00,0.61,0.00,2.44,0.00,0.00,0.00,1.0,95830.0,95350.0,0.0,0.0,0.5,0.0,64.213,0.000,0.0,651881.0
2026-08-31T16:19:16,0.2,4388,1547350,1531780,0.3,0.00,2.33,0.00,9.32,0.00,0.00,0.00,1.0,95830.0,95350.0,0.0,0.0,0.5,0.0,64.231,0.000,0.0,718284.5
2026-08-31T16:19:18,0.2,4387,1547350,1531781,0.3,0.00,0.73,0.00,2.91,0.00,0.00,0.00,1.0,95830.0,95350.0,0.0,0.0,0.5,0.0,64.204,0.000,0.0,668684.0
2026-08-31T16:19:19,0.2,4388,1547350,1531780,0.3,0.00,0.69,0.00,2.76,0.00,0.00,0.00,1.0,95830.0,95350.0,0.0,0.0,0.5,0.0,64.203,0.000,0.0,668684.0
2026-08-31T16:19:20,0.2,4388,1547350,1531780,0.3,0.00,1.55,0.00,6.18,0.00,0.00,0.00,1.0,95830.0,95350.0,0.0,0.0,0.5,0.0,64.191,0.000,0.0,743223.5
2026-08-31T16:19:21,0.2,4387,1547350,1531780,0.3,0.00,1.54,0.00,6.14,0.00,0.00,0.00,1.0,95830.0,95350.0,0.0,0.0,0.5,0.0,64.207,0.000,0.0,743223.5
2026-08-31T16:19:21,0.2,4388,1547350,1531780,0.3,0.00,1.25,0.00,5.01,0.00,0.00,0.13,1.0,95830.0,95350.0,0.0,0.0,0.5,0.0,64.183,0.000,0.0,711063.5
2026-08-31T16:19:22,0.2,4387,1547350,1531780,0.3,0.00,1.15,0.00,4.62,0.00,0.00,0.00,1.0,95830.0,95350.0,0.0,0.0,0.5,0.0,64.186,0.000,0.0,711063.5
2026-08-31T16:19:23,0.2,4388,1547350,1531780,0.3,0.00,1.18,0.00,4.71,0.00,0.00,0.00,1.0,95830.0,95350.0,0.0,0.0,0.5,0.0,64.213,0.000,0.0,723934.5
2026-08-31T16:19:24,0.2,4388,1547350,1531780,0.3,0.00,1.14,0.00,4.56,0.00,0.00,0.00,1.0,95830.0,95350.0,0.0,0.0,0.5,0.0,64.186,0.000,0.0,723934.5
2026-08-31T16:19:25,0.2,4386,1547350,1531781,0.3,0.00,2.33,0.00,9.32,0.00,0.00,0.00,1.0,95830.0,95350.0,0.0,0.0,0.5,0.0,64.174,0.000,0.0,796224.5
2026-08-31T16:19:26,0.2,4386,1547350,1531782,0.3,0.00,1.00,0.00,3.98,0.00,0.00,0.00,1.0,95830.0,95350.0,0.0,0.0,0.5,0.0,64.177,0.000,0.0,796224.5
2026-08-31T16:19:27,0.2,4386,1547350,1531782,0.3,0.00,1.28,0.00,5.12,0.00,0.00,0.00,1.0,95830.0,95350.0,0.0,0.0,0.5,0.0,64.173,0.000,0.0,691723.5
2026-08-31T16:19:28,0.2,4386,1547350,1531782,0.3,0.00,0.72,0.00,2.90,0.00,0.00,0.00,1.0,95830.0,95350.0,0.0,0.0,0.5,0.0,64.180,0.000,0.0,721097.5
2026-08-31T16:19:29,0.2,4386,1547350,1531781,0.3,0.00,0.77,0.00,3.07,0.00,0.00,0.00,1.0,95830.0,95350.0,0.0,0.0,0.5,0.0,64.187,0.000,0.0,686212.5
2026-08-31T16:19:30,0.2,4387,1547350,1531781,0.3,0.00,1.15,0.00,4.61,0.00,0.00,0.00,1.0,95830.0,95350.0,0.0,0.0,0.5,0.0,64.188,0.000,0.0,686212.5
2026-08-31T16:19:31,0.2,4386,1547350,1531781,0.3,0.00,1.01,0.00,4.04,0.00,0.00,0.00,1.0,95830.0,95350.0,0.0,0.0,0.5,0.0,64.177,0.000,0.0,699506.0
2026-08-31T16:19:32,0.2,4386,1547350,1531781,0.3,0.00,6.86,0.00,87.43,0.00,0.17,0.00,1.0,95830.0,95350.0,0.0,0.0,0.5,0.0,64.191,0.000,0.0,684320.5
2026-08-31T16:19:33,0.2,4386,1547350,1531781,0.3,0.00,0.77,0.00,3.07,0.00,0.00,0.00,1.0,95830.0,95350.0,0.0,0.0,0.5,0.0,64.165,0.000,0.0,684320.5
2026-08-31T16:19:34,0.2,4386,1547350,1531782,0.3,0.00,1.84,0.00,7.35,0.00,0.00,0.00,1.0,95830.0,95350.0,0.0,0.0,0.5,0.0,64.184,0.000,0.0,727893.5
2026-08-31T16:19:35,0.2,4386,1547350,1531782,0.3,0.00,5.23,0.00,23.92,0.00,0.00,0.00,1.0,95830.0,95350.0,0.0,0.0,0.5,0.0,64.195,0.000,0.0,662678.5
2026-08-31T16:19:36,0.2,4386,1547350,1531781,0.3,0.00,0.75,0.00,3.01,0.00,0.00,0.00,1.0,95830.0,95350.0,0.0,0.0,0.5,0.0,64.178,0.000,0.0,662678.5
2026-08-31T16:19:37,0.2,4386,1547350,1531782,0.3,0.00,1.44,0.00,5.77,0.00,0.00,0.00,1.0,95830.0,95350.0,0.0,0.0,0.5,0.0,64.163,0.000,0.0,759415.0
2026-08-31T16:19:38,0.2,4386,1547350,1531782,0.3,0.00,1.49,0.00,5.94,0.00,0.00,0.00,1.0,95830.0,95350.0,0.0,0.0,0.5,0.0,64.217,0.000,0.0,675020.5
2026-08-31T16:19:39,0.2,4386,1547350,1531782,0.3,0.00,0.75,0.00,3.02,0.00,1.00,0.00,1.0,95830.0,95350.0,0.0,0.0,0.5,0.0,64.204,0.000,0.0,675020.5
2026-08-31T16:19:40,0.3,4386,1547350,1531782,0.3,0.00,2.95,0.00,11.80,0.00,0.00,0.00,1.0,95830.0,95350.0,0.0,0.0,0.5,0.0,64.182,0.000,0.0,711247.5
2026-08-31T16:19:41,0.2,4386,1547350,1531782,0.3,0.00,0.73,0.00,2.92,0.00,0.00,0.00,1.0,95830.0,95350.0,0.0,0.0,0.5,0.0,64.209,0.000,0.0,711247.5
2026-08-31T16:19:41,0.2,4386,1547350,1531781,0.3,0.00,1.93,0.00,7.71,0.00,0.00,0.00,1.0,95830.0,95350.0,0.0,0.0,0.5,0.0,64.212,0.000,0.0,774814.0
2026-08-31T16:19:42,0.2,4386,1547350,1531782,0.3,0.00,2.20,0.00,8.79,0.00,0.00,0.22,1.0,95830.0,95350.0,0.0,0.0,0.5,0.0,64.197,0.000,0.0,774814.0
2026-08-31T16:19:43,0.2,4385,1547350,1531783,0.3,0.00,1.16,0.00,4.64,0.00,0.00,0.00,1.0,95830.0,95350.0,0.0,0.0,0.5,0.0,64.196,0.000,0.0,705402.5
2026-08-31T16:19:44,0.2,4386,1547350,1531781,0.3,0.00,1.17,0.00,4.68,0.00,0.00,0.00,1.0,95830.0,95350.0,0.0,0.0,0.5,0.0,64.203,0.000,0.0,705402.5
2026-08-31T16:19:44,0.2,4387,1547350,1531781,0.3,0.00,1.23,0.00,4.90,0.00,0.00,0.00,1.0,95830.0,95350.0,0.0,0.0,0.5,0.0,64.215,0.000,0.0,705197.0
2026-08-31T16:19:46,0.2,4387,1547350,1531781,0.3,0.00,1.69,0.00,6.78,0.00,0.00,0.00,1.0,95830.0,95350.0,0.0,0.0,0.5,0.0,64.178,0.000,0.0,705197.0
2026-08-31T16:19:47,0.2,4386,1547350,1531782,0.3,0.00,1.04,0.00,4.17,0.00,0.00,0.00,1.0,95830.0,95350.0,0.0,0.0,0.5,0.0,64.206,0.000,0.0,717776.5
2026-08-31T16:19:48,0.2,4385,1547350,1531782,0.3,0.00,0.94,0.00,3.75,0.00,0.00,0.00,1.0,95830.0,95350.0,0.0,0.0,0.5,0.0,64.178,0.000,0.0,662305.5
2026-08-31T16:19:49,0.2,4386,1547350,1531782,0.3,0.00,0.60,0.00,2.39,0.00,0.00,0.00,1.0,95830.0,95350.0,0.0,0.0,0.5,0.0,64.197,0.000,0.0,677487.0
2026-08-31T16:19:50,0.2,4385,1547350,1531782,0.3,0.00,0.95,0.00,3.81,0.00,0.00,0.00,1.0,95830.0,95350.0,0.0,0.0,0.5,0.0,64.184,0.000,0.0,661729.5
2026-08-31T16:19:52,0.2,4385,1547350,1531783,0.3,0.00,0.55,0.00,2.21,0.00,0.00,0.00,1.0,95830.0,95350.0,0.0,0.0,0.5,0.0,64.172,0.000,0.0,657373.0
2026-08-31T16:19:54,0.2,4386,1547350,1531782,0.3,0.00,0.70,0.00,2.80,0.00,0.00,0.00,1.0,95830.0,95350.0,0.0,0.0,0.5,0.0,64.187,0.000,0.0,657373.0
2026-08-31T16:19:54,0.2,4386,1547350,1531782,0.3,0.00,1.74,0.00,6.96,0.00,0.00,0.00,1.0,95830.0,95350.0,0.0,0.0,0.5,0.0,64.172,0.000,0.0,710012.5
2026-08-31T16:19:56,0.2,4385,1547350,1531783,0.3,0.00,0.66,0.00,2.63,0.00,0.00,0.00,1.0,95830.0,95350.0,0.0,0.0,0.5,0.0,64.197,0.000,0.0,686251.0
2026-08-31T16:19:57,0.2,4385,1547350,1531782,0.3,0.00,1.06,0.00,4.25,0.00,0.00,0.00,1.0,95830.0,95350.0,0.0,0.0,0.5,0.0,64.196,0.000,0.0,671243.0
2026-08-31T16:19:58,0.2,4385,1547350,1531782,0.3,0.00,0.63,0.00,2.51,0.00,1.00,0.00,1.0,95830.0,95350.0,0.0,0.0,0.5,0.0,64.214,0.000,0.0,657986.5
2026-08-31T16:20:00,0.2,4386,1547350,1531782,0.3,0.00,0.66,0.00,2.64,0.00,0.00,0.00,1.0,95830.0,95350.0,0.0,0.0,0.5,0.0,64.189,0.000,0.0,657986.5
2026-08-31T16:20:00,0.2,4386,1547350,1531782,0.3,0.00,1.50,0.00,6.01,0.00,0.00,0.15,1.0,95830.0,95350.0,0.0,0.0,0.5,0.0,64.174,0.000,0.0,709861.0
2026-08-31T16:20:02,0.2,4391,1547350,1531777,0.3,0.00,1.48,0.00,15.14,0.00,0.00,0.00,1.0,95830.0,95350.0,0.0,0.0,0.5,0.0,64.176,0.000,0.0,655314.0
2026-08-31T16:20:03,0.2,4390,1547350,1531778,0.3,0.00,0.60,0.00,2.41,0.00,0.00,0.00,1.0,95830.0,95350.0,0.0,0.0,0.5,0.0,64.191,0.000,0.0,669576.5
2026-08-31T16:20:05,0.2,4390,1547350,1531777,0.3,0.00,0.83,0.00,3.33,0.00,0.00,0.00,1.0,95830.0,95350.0,0.0,0.0,0.5,0.0,64.197,0.000,0.0,689739.5
2026-08-31T16:20:06,0.2,4390,1547350,1531777,0.3,0.00,1.64,0.00,6.57,0.00,0.00,0.00,1.0,95830.0,95350.0,0.0,0.0,0.5,0.0,64.201,0.000,0.0,658831.0
2026-08-31T16:20:07,0.2,4391,1547350,1531777,0.3,0.00,0.70,0.00,2.81,0.00,0.00,0.00,1.0,95830.0,95350.0,0.0,0.0,0.5,0.0,64.216,0.000,0.0,758507.5
2026-08-31T16:20:08,0.2,4390,1547350,1531778,0.3,0.00,0.98,0.00,3.93,0.00,0.00,0.00,1.0,95830.0,95350.0,0.0,0.0,0.5,0.0,64.197,0.000,0.0,758507.5
2026-08-31T16:20:09,0.2,4389,1547350,1531778,0.3,0.00,1.23,0.00,4.94,0.00,0.00,0.00,1.0,95830.0,95350.0,0.0,0.0,0.5,0.0,64.191,0.000,0.0,700476.5
2026-08-31T16:20:10,0.2,4389,1547350,1531778,0.3,0.00,0.72,0.00,2.86,0.00,0.00,0.00,1.0,95830.0,95350.0,0.0,0.0,0.5,0.0,64.186,0.000,0.0,669757.5
2026-08-31T16:20:12,0.2,4387,1547350,1531781,0.3,0.00,0.55,0.00,2.21,0.00,0.00,0.00,1.0,95830.0,95350.0,0.0,0.0,0.5,0.0,64.197,0.000,0.0,658324.0
2026-08-31T16:20:14,0.2,4387,1547350,1531781,0.3,0.00,0.63,0.00,2.50,0.00,0.00,0.00,1.0,95830.0,95350.0,0.0,0.0,0.5,0.0,64.228,0.000,0.0,658027.0
2026-08-31T16:20:15,0.2,4387,1547350,1531781,0.3,0.00,0.62,0.00,2.49,0.00,0.00,0.00,1.0,95830.0,95350.0,0.0,0.0,0.5,0.0,64.219,0.000,0.0,658027.0
2026-08-31T16:20:16,0.2,4387,1547350,1531781,0.3,0.00,1.38,0.00,5.50,0.00,0.00,0.00,1.0,95830.0,95350.0,0.0,0.0,0.5,0.0,64.213,0.000,0.0,672513.0
2026-08-31T16:20:18,0.2,4386,1547350,1531781,0.3,0.00,0.60,0.00,2.40,0.00,0.00,0.00,1.0,95830.0,95350.0,0.0,0.0,0.5,0.0,64.227,0.000,0.0,672513.0
2026-08-31T16:20:19,0.2,4388,1547350,1531780,0.3,0.00,1.13,0.00,4.54,0.00,0.00,0.00,1.0,95830.0,95350.0,0.0,0.0,0.5,0.0,64.227,0.000,0.0,721253.0
2026-08-31T16:20:20,0.2,4388,1547350,1531780,0.3,0.00,1.02,0.00,4.09,0.00,1.00,0.00,1.0,95830.0,95350.0,0.0,0.0,0.5,0.0,64.181,0.000,0.0,721253.0
2026-08-31T16:20:21,0.3,4388,1547350,1531780,0.3,0.00,1.22,0.00,4.87,0.00,0.00,0.00,1.0,95830.0,95350.0,0.0,0.0,0.5,0.0,64.194,0.000,0.0,701613.5
2026-08-31T16:20:22,0.2,4387,1547350,1531780,0.3,0.00,0.78,0.00,3.12,0.00,0.00,0.00,1.0,95830.0,95350.0,0.0,0.0,0.5,0.0,64.203,0.000,0.0,674870.5
2026-08-31T16:20:23,0.2,4387,1547350,1531781,0.3,0.00,0.77,0.00,3.10,0.00,0.00,0.00,1.0,95830.0,95350.0,0.0,0.0,0.5,0.0,64.201,0.000,0.0,667615.5
2026-08-31T16:20:24,0.2,4386,1547350,1531782,0.3,0.00,0.90,0.00,3.59,0.00,0.00,0.00,1.0,95830.0,95350.0,0.0,0.0,0.5,0.0,64.219,0.000,0.0,684827.5
2026-08-31T16:20:26,0.2,4386,1547350,1531781,0.3,0.00,0.78,0.00,3.14,0.00,0.00,0.00,1.0,95830.0,95350.0,0.0,0.0,0.5,0.0,64.202,0.000,0.0,679575.5
2026-08-31T16:20:27,0.2,4387,1547350,1531781,0.3,0.00,1.95,0.00,7.81,0.00,0.00,0.00,1.0,95830.0,95350.0,0.0,0.0,0.5,0.0,64.193,0.000,0.0,679963.0
2026-08-31T16:20:28,0.2,4387,1547350,1531781,0.3,0.00,0.77,0.00,3.08,0.00,0.00,0.00,1.0,95830.0,95350.0,0.0,0.0,0.5,0.0,64.228,0.000,0.0,673519.0
2026-08-31T16:20:29,0.2,4386,1547350,1531782,0.3,0.00,0.78,0.00,3.11,0.00,0.00,0.08,1.0,95830.0,95350.0,0.0,0.0,0.5,0.0,64.201,0.000,0.0,686243.0
2026-08-31T16:20:30,0.2,4386,1547350,1531782,0.3,0.00,0.96,0.00,3.85,0.00,0.00,0.00,1.0,95830.0,95350.0,0.0,0.0,0.5,0.0,64.198,0.000,0.0,686243.0
2026-08-31T16:20:31,0.3,4386,1547350,1531781,0.3,0.00,2.04,0.00,8.15,0.00,0.00,0.00,1.0,95830.0,95350.0,0.0,0.0,0.5,0.0,64.212,0.000,0.0,777941.0
2026-08-31T16:20:31,0.2,4386,1547350,1531782,0.3,0.00,1.45,0.00,5.80,0.00,0.00,0.00,1.0,95830.0,95350.0,0.0,0.0,0.5,0.0,64.212,0.000,0.0,777941.0
2026-08-31T16:20:32,0.2,4387,1547350,1531781,0.3,0.00,9.88,0.00,57.41,0.00,0.12,0.00,1.0,95830.0,95350.0,0.0,0.0,0.5,0.0,64.200,0.000,0.0,717270.5
2026-08-31T16:20:33,0.2,4387,1547350,1531781,0.3,0.00,1.22,0.00,4.87,0.00,0.00,0.00,1.0,95830.0,95350.0,0.0,0.0,0.5,0.0,64.222,0.000,0.0,717270.5
2026-08-31T16:20:34,0.2,4386,1547350,1531781,0.3,0.00,1.52,0.00,6.10,0.00,0.00,0.00,1.0,95830.0,95350.0,0.0,0.0,0.5,0.0,64.210,0.000,0.0,753747.5
2026-08-31T16:20:34,0.2,4387,1547350,1531781,0.3,0.00,1.86,0.00,7.42,0.00,0.00,0.00,1.0,95830.0,95350.0,0.0,0.0,0.5,0.0,64.207,0.000,0.0,753747.5
2026-08-31T16:20:35,0.2,4387,1547350,1531781,0.3,0.00,1.46,0.00,5.83,0.00,0.00,0.00,1.0,95830.0,95350.0,0.0,0.0,0.5,0.0,64.177,0.000,0.0,726601.5
2026-08-31T16:20:36,0.2,4387,1547350,1531781,0.3,0.00,1.05,0.00,4.19,0.00,0.00,0.00,1.0,95830.0,95350.0,0.0,0.0,0.5,0.0,64.183,0.000,0.0,726601.5
2026-08-31T16:20:36,0.2,4386,1547350,1531782,0.3,0.00,1.46,0.00,5.86,0.00,0.00,0.00,1.0,95830.0,95350.0,0.0,0.0,0.5,0.0,64.195,0.000,0.0,737827.0
2026-08-31T16:20:37,0.2,4386,1547350,1531782,0.3,0.00,2.89,0.00,17.34,0.00,0.00,0.00,1.0,95830.0,95350.0,0.0,0.0,0.5,0.0,64.174,0.000,0.0,737827.0
2026-08-31T16:20:38,0.2,4385,1547350,1531783,0.3,0.00,1.25,0.00,5.01,0.00,0.00,0.00,1.0,95830.0,95350.0,0.0,0.0,0.5,0.0,64.174,0.000,0.0,751746.0
2026-08-31T16:20:39,0.2,4386,1547350,1531782,0.3,0.00,1.92,0.00,7.66,0.00,0.00,0.00,1.0,95830.0,95350.0,0.0,0.0,0.5,0.0,64.192,0.000,0.0,670022.5
2026-08-31T16:20:40,0.2,4386,1547350,1531782,0.3,0.00,0.85,0.00,3.39,0.00,0.00,0.00,1.0,95830.0,95350.0,0.0,0.0,0.5,0.0,64.192,0.000,0.0,670022.5
2026-08-31T16:20:40,0.2,4386,1547350,1531781,0.3,0.00,1.48,0.00,5.93,0.00,0.00,0.00,1.0,95830.0,95350.0,0.0,0.0,0.5,0.0,64.208,0.000,0.0,708403.0
2026-08-31T16:20:41,0.2,4387,1547350,1531780,0.3,0.00,0.99,0.00,3.98,0.00,0.00,0.00,1.0,95830.0,95350.0,0.0,0.0,0.5,0.0,64.203,0.000,0.0,708403.0
2026-08-31T16:20:42,0.2,4387,1547350,1531781,0.3,0.00,3.81,0.00,15.24,0.00,0.00,0.00,1.0,95830.0,95350.0,0.0,0.0,0.5,0.0,64.189,0.000,0.0,691457.0
2026-08-31T16:20:44,0.2,4387,1547350,1531780,0.3,0.00,0.60,0.00,2.41,0.00,0.00,0.00,1.0,95830.0,95350.0,0.0,0.0,0.5,0.0,64.233,0.000,0.0,680454.0
2026-08-31T16:20:45,0.2,4388,1547350,1531780,0.3,0.00,0.99,0.00,3.97,0.00,1.00,0.00,1.0,95830.0,95350.0,0.0,0.0,0.5,0.0,64.221,0.000,0.0,679721.5
2026-08-31T16:20:46,0.2,4387,1547350,1531780,0.3,0.00,0.74,0.00,2.96,0.00,0.00,0.00,1.0,95830.0,95350.0,0.0,0.0,0.5,0.0,64.213,0.000,0.0,679721.5
2026-08-31T16:20:47,0.3,4388,1547350,1531780,0.3,0.00,1.17,0.00,4.69,0.00,0.00,0.00,1.0,95830.0,95350.0,0.0,0.0,0.5,0.0,64.195,0.000,0.0,698815.0
2026-08-31T16:20:48,0.2,4387,1547350,1531780,0.3,0.00,1.01,0.00,4.03,0.00,0.00,0.00,1.0,95830.0,95350.0,0.0,0.0,0.5,0.0,64.214,0.000,0.0,664688.0
2026-08-31T16:20:49,0.2,4387,1547350,1531780,0.3,0.00,0.67,0.00,2.66,0.00,0.00,0.00,1.0,95830.0,95350.0,0.0,0.0,0.5,0.0,64.192,0.000,0.0,664688.0
2026-08-31T16:20:50,0.2,4387,1547350,1531780,0.3,0.00,2.65,0.00,10.61,0.00,0.00,0.27,1.0,95830.0,95350.0,0.0,0.0,0.5,0.0,64.200,0.000,0.0,698355.0
2026-08-31T16:20:51,0.2,4387,1547350,1531781,0.3,0.00,0.61,0.00,2.43,0.00,0.00,0.00,1.0,95830.0,95350.0,0.0,0.0,0.5,0.0,64.202,0.000,0.0,653506.0
2026-08-31T16:20:53,0.2,4387,1547350,1531781,0.3,0.00,0.62,0.00,2.47,0.00,0.00,0.00,1.0,95830.0,95350.0,0.0,0.0,0.5,0.0,64.228,0.000,0.0,684329.0
2026-08-31T16:20:54,0.2,4387,1547350,1531781,0.3,0.00,1.00,0.00,4.00,0.00,0.00,0.00,1.0,95830.0,95350.0,0.0,0.0,0.5,0.0,64.189,0.000,0.0,684329.0
2026-08-31T16:20:55,0.2,4387,1547350,1531781,0.3,0.00,1.32,0.00,5.28,0.00,0.00,0.00,1.0,95830.0,95350.0,0.0,0.0,0.5,0.0,64.196,0.000,0.0,711224.0
2026-08-31T16:20:56,0.2,4387,1547350,1531781,0.3,0.00,1.01,0.00,4.02,0.00,0.00,0.00,1.0,95830.0,95350.0,0.0,0.0,0.5,0.0,64.215,0.000,0.0,666845.5
2026-08-31T16:20:57,0.2,4386,1547350,1531781,0.3,0.00,0.82,0.00,3.29,0.00,0.00,0.00,1.0,95830.0,95350.0,0.0,0.0,0.5,0.0,64.222,0.000,0.0,688511.0
2026-08-31T16:20:58,0.2,4387,1547350,1531781,0.3,0.00,0.82,0.00,3.28,0.00,0.00,0.00,1.0,95830.0,95350.0,0.0,0.0,0.5,0.0,64.213,0.000,0.0,683654.0
2026-08-31T16:21:00,0.2,4388,1547350,1531780,0.3,0.00,0.70,0.00,2.80,0.00,0.00,0.00,1.0,95830.0,95350.0,0.0,0.0,0.5,0.0,64.203,0.000,0.0,669186.5
2026-08-31T16:21:01,0.2,4386,1547350,1531781,0.3,0.00,0.85,0.00,3.38,0.00,0.00,0.00,1.0,95830.0,95350.0,0.0,0.0,0.5,0.0,64.232,0.000,0.0,669186.5
2026-08-31T16:21:02,0.4,4390,1547350,1531777,0.3,0.00,1.22,0.00,4.86,0.00,0.00,0.00,1.0,95830.0,95350.0,0.0,0.0,0.5,0.0,64.225,0.000,0.0,681845.5
2026-08-31T16:21:03,0.2,4392,1547350,1531776,0.3,0.00,1.37,0.00,22.26,0.00,0.50,0.00,1.0,95830.0,95350.0,0.0,0.0,0.5,0.0,64.197,0.000,0.0,683400.0
2026-08-31T16:21:04,0.2,4392,1547350,1531776,0.3,0.00,0.90,0.00,3.62,0.00,0.00,0.09,1.0,95830.0,95350.0,0.0,0.0,0.5,0.0,64.228,0.000,0.0,694291.5
2026-08-31T16:21:06,0.2,4392,1547350,1531776,0.3,0.00,0.61,0.00,2.43,0.00,0.00,0.00,1.0,95830.0,95350.0,0.0,0.0,0.5,0.0,64.227,0.000,0.0,647851.0
2026-08-31T16:21:07,0.2,4392,1547350,1531776,0.3,0.00,0.83,0.00,3.31,0.00,0.00,0.00,1.0,95830.0,95350.0,0.0,0.0,0.5,0.0,64.188,0.000,0.0,647851.0
2026-08-31T16:21:08,0.2,4392,1547350,1531776,0.3,0.00,1.97,0.00,7.89,0.00,0.00,0.00,1.0,95830.0,95350.0,0.0,0.0,0.5,0.0,64.203,0.000,0.0,679246.5
2026-08-31T16:21:10,0.2,4392,1547350,1531775,0.3,0.00,0.61,0.00,2.43,0.00,0.00,0.00,1.0,95830.0,95350.0,0.0,0.0,0.5,0.0,64.187,0.000,0.0,717567.5
2026-08-31T16:21:10,0.2,4392,1547350,1531775,0.3,0.00,1.24,0.00,4.96,0.00,0.00,0.00,1.0,95830.0,95350.0,0.0,0.0,0.5,0.0,64.201,0.000,0.0,666238.0
2026-08-31T16:21:12,0.2,4389,1547350,1531778,0.3,0.00,0.64,0.00,2.54,0.00,0.00,0.00,1.0,95830.0,95350.0,0.0,0.0,0.5,0.0,64.189,0.000,0.0,654180.0
2026-08-31T16:21:14,0.2,4389,1547350,1531778,0.3,0.00,0.61,0.00,2.42,0.00,0.00,0.00,1.0,95830.0,95350.0,0.0,0.0,0.5,0.0,64.196,0.000,0.0,667219.5
2026-08-31T16:21:15,0.2,4388,1547350,1531779,0.3,0.00,0.64,0.00,2.55,0.00,0.00,0.00,1.0,95830.0,95350.0,0.0,0.0,0.5,0.0,64.204,0.000,0.0,667219.5
2026-08-31T16:21:16,0.2,4389,1547350,1531778,0.3,0.00,1.59,0.00,6.37,0.00,0.00,0.00,1.0,95830.0,95350.0,0.0,0.0,0.5,0.0,64.197,0.000,0.0,699937.0
2026-08-31T16:21:17,0.2,4389,1547350,1531778,0.3,0.00,0.96,0.00,3.85,0.00,0.00,0.00,1.0,95830.0,95350.0,0.0,0.0,0.5,0.0,64.215,0.000,0.0,699937.0
2026-08-31T16:21:17,0.2,4388,1547350,1531779,0.3,0.00,1.69,0.00,6.75,0.00,0.00,0.00,1.0,95830.0,95350.0,0.0,0.0,0.5,0.0,64.185,0.000,0.0,703091.5
2026-08-31T16:21:18,0.2,4388,1547350,1531780,0.3,0.00,1.00,0.00,3.98,0.00,0.00,0.00,1.0,95830.0,95350.0,0.0,0.0,0.5,0.0,64.192,0.000,0.0,685087.5
2026-08-31T16:21:20,0.2,4387,1547350,1531780,0.3,0.00,0.63,0.00,2.51,0.00,0.00,0.00,1.0,95830.0,95350.0,0.0,0.0,0.5,0.0,64.212,0.000,0.0,665862.5
2026-08-31T16:21:21,0.2,4388,1547350,1531780,0.3,0.00,0.70,0.00,2.79,0.00,0.00,0.00,1.0,95830.0,95350.0,0.0,0.0,0.5,0.0,64.177,0.000,0.0,668124.0
2026-08-31T16:21:23,0.2,4388,1547350,1531780,0.3,0.00,0.83,0.00,3.31,0.00,0.00,0.00,1.0,95830.0,95350.0,0.0,0.0,0.5,0.0,64.185,0.000,0.0,668124.0
2026-08-31T16:21:24,0.2,4387,1547350,1531780,0.3,0.00,1.15,0.00,4.61,0.00,0.00,0.00,1.0,95830.0,95350.0,0.0,0.0,0.5,0.0,64.189,0.000,0.0,690804.5
2026-08-31T16:21:25,0.2,4388,1547350,1531780,0.3,0.00,0.88,0.00,3.51,0.00,0.00,0.00,1.0,95830.0,95350.0,0.0,0.0,0.5,0.0,64.209,0.000,0.0,690804.5
2026-08-31T16:21:25,0.2,4388,1547350,1531780,0.3,0.00,1.72,0.00,6.90,0.00,1.00,0.00,1.0,95830.0,95350.0,0.0,0.0,0.5,0.0,64.201,0.000,0.0,832444.5
2026-08-31T16:21:26,0.2,4387,1547350,1531780,0.3,0.00,1.18,0.00,4.71,0.00,0.00,0.00,1.0,95830.0,95350.0,0.0,0.0,0.5,0.0,64.192,0.000,0.0,832444.5
2026-08-31T16:21:27,0.2,4386,1547350,1531781,0.3,0.00,1.15,0.00,4.60,0.00,0.00,0.00,1.0,95830.0,95350.0,0.0,0.0,0.5,0.0,64.201,0.000,0.0,698913.0
2026-08-31T16:21:28,0.2,4386,1547350,1531781,0.3,0.00,1.95,0.00,11.70,0.00,0.00,0.00,1.0,95830.0,95350.0,0.0,0.0,0.5,0.0,64.197,0.000,0.0,698913.0
2026-08-31T16:21:29,0.2,4385,1547350,1531783,0.3,0.00,1.14,0.00,4.55,0.00,0.00,0.00,1.0,95830.0,95350.0,0.0,0.0,0.5,0.0,64.200,0.000,0.0,714534.0
2026-08-31T16:21:30,0.2,4386,1547350,1531782,0.3,0.00,0.78,0.00,3.11,0.00,0.00,0.00,1.0,95830.0,95350.0,0.0,0.0,0.5,0.0,64.191,0.000,0.0,714534.0
2026-08-31T16:21:31,0.2,4386,1547350,1531781,0.3,0.00,1.38,0.00,5.52,0.00,0.00,0.00,1.0,95830.0,95350.0,0.0,0.0,0.5,0.0,64.194,0.000,0.0,696393.5
2026-08-31T16:21:32,0.2,4386,1547350,1531781,0.3,0.00,14.64,0.00,113.64,0.00,0.11,0.00,1.0,95830.0,95350.0,0.0,0.0,0.5,0.0,64.201,0.000,0.0,677900.5
2026-08-31T16:21:33,0.2,4386,1547350,1531782,0.3,0.00,5.94,0.00,23.76,0.00,0.00,0.00,1.0,95830.0,95350.0,0.0,0.0,0.5,0.0,64.220,0.000,0.0,677900.5
2026-08-31T16:21:34,0.3,4385,1547350,1531783,0.3,0.00,1.68,0.00,6.73,0.00,1.00,0.00,1.0,95830.0,95350.0,0.0,0.0,0.5,0.0,64.203,0.000,0.0,719160.0
2026-08-31T16:21:35,0.2,4384,1547350,1531783,0.3,0.00,0.96,0.00,3.83,0.00,0.00,0.00,1.0,95830.0,95350.0,0.0,0.0,0.5,0.0,64.215,0.000,0.0,719160.0
2026-08-31T16:21:35,0.2,4385,1547350,1531783,0.3,0.00,2.02,0.00,8.08,0.00,0.00,0.00,1.0,95830.0,95350.0,0.0,0.0,0.5,0.0,64.202,0.000,0.0,696277.0
2026-08-31T16:21:37,0.2,4385,1547350,1531782,0.3,0.00,0.69,0.00,2.75,0.00,0.00,0.00,1.0,95830.0,95350.0,0.0,0.0,0.5,0.0,64.197,0.000,0.0,696277.0
2026-08-31T16:21:37,0.2,4385,1547350,1531782,0.3,0.00,1.99,0.00,7.97,0.00,0.00,0.00,1.0,95830.0,95350.0,0.0,0.0,0.5,0.0,64.207,0.000,0.0,842413.5
2026-08-31T16:21:38,0.2,4386,1547350,1531782,0.3,0.00,1.48,0.00,5.93,0.00,0.00,0.00,1.0,95830.0,95350.0,0.0,0.0,0.5,0.0,64.198,0.000,0.0,842413.5
2026-08-31T16:21:39,0.2,4386,1547350,1531781,0.3,0.00,1.26,0.00,5.05,0.00,0.00,0.00,1.0,95830.0,95350.0,0.0,0.0,0.5,0.0,64.169,0.000,0.0,735618.5
2026-08-31T16:21:40,0.2,4386,1547350,1531782,0.3,0.00,1.06,0.00,4.24,0.00,0.00,0.00,1.0,95830.0,95350.0,0.0,0.0,0.5,0.0,64.193,0.000,0.0,659158.0
2026-08-31T16:21:41,0.2,4386,1547350,1531781,0.3,0.00,0.77,0.00,3.09,0.00,0.00,0.00,1.0,95830.0,95350.0,0.0,0.0,0.5,0.0,64.186,0.000,0.0,659158.0
2026-08-31T16:21:42,0.3,4386,1547350,1531782,0.3,0.00,1.88,0.00,7.50,0.00,0.00,0.00,1.0,95830.0,95350.0,0.0,0.0,0.5,0.0,64.188,0.000,0.0,761193.5
2026-08-31T16:21:42,0.2,4386,1547350,1531782,0.3,0.00,1.47,0.00,5.89,0.00,0.00,0.00,1.0,95830.0,95350.0,0.0,0.0,0.5,0.0,64.192,0.000,0.0,664599.5
2026-08-31T16:21:44,0.2,4385,1547350,1531782,0.3,0.00,2.23,0.00,11.87,0.00,0.00,0.00,1.0,95830.0,95350.0,0.0,0.0,0.5,0.0,64.190,0.000,0.0,675309.5
2026-08-31T16:21:45,0.2,4385,1547350,1531783,0.3,0.00,0.76,0.00,3.02,0.00,0.00,0.00,1.0,95830.0,95350.0,0.0,0.0,0.5,0.0,64.196,0.000,0.0,669116.5
2026-08-31T16:21:46,0.2,4385,1547350,1531783,0.3,0.00,0.74,0.00,2.96,0.00,0.00,0.00,1.0,95830.0,95350.0,0.0,0.0,0.5,0.0,64.196,0.000,0.0,663524.0
2026-08-31T16:21:48,0.2,4385,1547350,1531783,0.3,0.00,0.66,0.00,2.63,0.00,0.00,0.00,1.0,95830.0,95350.0,0.0,0.0,0.5,0.0,64.200,0.000,0.0,663524.0
2026-08-31T16:21:49,0.2,4385,1547350,1531782,0.3,0.00,1.22,0.00,4.87,0.00,0.00,0.00,1.0,95830.0,95350.0,0.0,0.0,0.5,0.0,64.207,0.000,0.0,711410.0
2026-08-31T16:21:49,0.2,4385,1547350,1531783,0.3,0.00,1.61,0.00,6.43,0.00,0.00,0.00,1.0,95830.0,95350.0,0.0,0.0,0.5,0.0,64.177,0.000,0.0,711410.0
2026-08-31T16:21:50,0.2,4385,1547350,1531783,0.3,0.00,1.10,0.00,4.38,0.00,1.00,0.00,1.0,95830.0,95350.0,0.0,0.0,0.5,0.0,64.203,0.000,0.0,682926.5
2026-08-31T16:21:52,0.2,4385,1547350,1531782,0.3,0.00,0.67,0.00,2.68,0.00,0.00,0.00,1.0,95830.0,95350.0,0.0,0.0,0.5,0.0,64.215,0.000,0.0,682926.5
2026-08-31T16:21:52,0.3,4385,1547350,1531783,0.3,0.00,1.83,0.00,7.33,0.00,0.00,0.00,1.0,95830.0,95350.0,0.0,0.0,0.5,0.0,64.209,0.000,0.0,711534.5
2026-08-31T16:21:54,0.2,4386,1547350,1531782,0.3,0.00,0.55,0.00,2.22,0.00,0.00,0.00,1.0,95830.0,95350.0,0.0,0.0,0.5,0.0,64.219,0.000,0.0,651044.0
2026-08-31T16:21:56,0.2,4386,1547350,1531782,0.3,0.00,0.60,0.00,2.39,0.00,0.00,0.06,1.0,95830.0,95350.0,0.0,0.0,0.5,0.0,64.227,0.000,0.0,656169.0
2026-08-31T16:21:57,0.2,4387,1547350,1531781,0.3,0.00,0.65,0.00,2.61,0.00,0.00,0.07,1.0,95830.0,95350.0,0.0,0.0,0.5,0.0,64.173,0.000,0.0,659252.0
2026-08-31T16:21:59,0.2,4387,1547350,1531781,0.3,0.00,0.61,0.00,2.42,0.00,0.00,0.00,1.0,95830.0,95350.0,0.0,0.0,0.5,0.0,64.201,0.000,0.0,655897.0
2026-08-31T16:22:00,0.2,4387,1547350,1531781,0.3,0.00,0.64,0.00,2.57,0.00,0.00,0.00,1.0,95830.0,95350.0,0.0,0.0,0.5,0.0,64.187,0.000,0.0,658194.5
2026-08-31T16:22:02,0.3,4390,1547350,1531777,0.3,0.00,0.61,0.00,2.45,0.00,0.00,0.06,1.0,95830.0,95350.0,0.0,0.0,0.5,0.0,64.192,0.000,0.0,656300.0
2026-08-31T16:22:04,0.2,4389,1547350,1531778,0.3,0.00,4.16,0.00,20.23,0.00,0.00,0.00,1.0,95830.0,95350.0,0.0,0.0,0.5,0.0,64.190,0.000,0.0,687838.0
2026-08-31T16:22:05,0.2,4389,1547350,1531778,0.3,0.00,1.00,0.00,3.99,0.00,0.00,0.10,1.0,95830.0,95350.0,0.0,0.0,0.5,0.0,64.192,0.000,0.0,664633.0
2026-08-31T16:22:06,0.2,4389,1547350,1531778,0.3,0.00,0.72,0.00,2.88,0.00,0.00,0.00,1.0,95830.0,95350.0,0.0,0.0,0.5,0.0,64.186,0.000,0.0,680042.0
2026-08-31T16:22:07,0.2,4389,1547350,1531779,0.3,0.00,0.84,0.00,3.36,0.00,1.00,0.00,1.0,95830.0,95350.0,0.0,0.0,0.5,0.0,64.186,0.000,0.0,680042.0
2026-08-31T16:22:08,0.2,4389,1547350,1531779,0.3,0.00,2.27,0.00,9.07,0.00,0.00,0.00,1.0,95830.0,95350.0,0.0,0.0,0.5,0.0,64.175,0.000,0.0,680042.0
2026-08-31T16:22:08,0.3,4389,1547350,1531779,0.3,0.00,2.45,0.00,9.80,0.00,0.00,0.00,1.0,95830.0,95350.0,0.0,0.0,0.5,0.0,64.184,0.000,0.0,769699.5
2026-08-31T16:22:09,0.2,4389,1547350,1531778,0.3,0.00,1.23,0.00,4.94,0.00,0.00,0.00,1.0,95830.0,95350.0,0.0,0.0,0.5,0.0,64.210,0.000,0.0,769699.5
2026-08-31T16:22:09,0.2,4389,1547350,1531779,0.3,0.00,2.26,0.00,9.05,0.00,0.00,0.00,1.0,95830.0,95350.0,0.0,0.0,0.5,0.0,64.236,0.000,0.0,753767.5
2026-08-31T16:22:10,0.2,4389,1547350,1531779,0.3,0.00,1.36,0.00,5.46,0.00,0.00,0.00,1.0,95830.0,95350.0,0.0,0.0,0.5,0.0,64.210,0.000,0.0,753767.5
2026-08-31T16:22:11,0.2,4386,1547350,1531782,0.3,0.00,0.99,0.00,3.94,0.00,0.00,0.00,1.0,95830.0,95350.0,0.0,0.0,0.5,0.0,64.228,0.000,0.0,675977.5
2026-08-31T16:22:13,0.2,4386,1547350,1531781,0.3,0.00,0.61,0.00,2.45,0.00,0.00,0.00,1.0,95830.0,95350.0,0.0,0.0,0.5,0.0,64.224,0.000,0.0,661990.0
2026-08-31T16:22:14,0.2,4386,1547350,1531781,0.3,0.00,1.15,0.00,4.61,0.00,0.00,0.00,1.0,95830.0,95350.0,0.0,0.0,0.5,0.0,64.197,0.000,0.0,691294.0
2026-08-31T16:22:15,0.2,4386,1547350,1531781,0.3,0.00,1.46,0.00,5.86,0.00,0.00,0.00,1.0,95830.0,95350.0,0.0,0.0,0.5,0.0,64.201,0.000,0.0,692385.5
2026-08-31T16:22:16,0.2,4386,1547350,1531782,0.3,0.00,1.01,0.00,4.02,0.00,0.00,0.00,1.0,95830.0,95350.0,0.0,0.0,0.5,0.0,64.198,0.000,0.0,692385.5
2026-08-31T16:22:17,0.2,4387,1547350,1531781,0.3,0.00,0.85,0.00,3.39,0.00,0.00,0.00,1.0,95830.0,95350.0,0.0,0.0,0.5,0.0,64.229,0.000,0.0,665091.0
2026-08-31T16:22:19,0.2,4387,1547350,1531781,0.3,0.00,0.81,0.00,3.22,0.00,0.00,0.00,1.0,95830.0,95350.0,0.0,0.0,0.5,0.0,64.213,0.000,0.0,666436.0
2026-08-31T16:22:20,0.2,4387,1547350,1531781,0.3,0.00,0.62,0.00,2.49,0.00,0.00,0.00,1.0,95830.0,95350.0,0.0,0.0,0.5,0.0,64.193,0.000,0.0,663035.0
2026-08-31T16:22:22,0.2,4387,1547350,1531781,0.3,0.00,0.72,0.00,2.87,0.00,0.00,0.00,1.0,95830.0,95350.0,0.0,0.0,0.5,0.0,64.207,0.000,0.0,665517.5
2026-08-31T16:22:23,0.2,4386,1547350,1531782,0.3,0.00,0.63,0.00,2.52,0.00,0.00,0.00,1.0,95830.0,95350.0,0.0,0.0,0.5,0.0,64.200,0.000,0.0,667937.0
2026-08-31T16:22:24,0.2,4386,1547350,1531781,0.3,0.00,0.89,0.00,3.55,0.00,0.00,0.09,1.0,95830.0,95350.0,0.0,0.0,0.5,0.0,64.202,0.000,0.0,667937.0
2026-08-31T16:22:25,0.2,4386,1547350,1531782,0.3,0.00,1.33,0.00,5.32,0.00,0.00,0.00,1.0,95830.0,95350.0,0.0,0.0,0.5,0.0,64.221,0.000,0.0,728706.5
2026-08-31T16:22:26,0.2,4386,1547350,1531782,0.3,0.00,0.88,0.00,3.51,0.00,1.00,0.00,1.0,95830.0,95350.0,0.0,0.0,0.5,0.0,64.222,0.000,0.0,680567.5
2026-08-31T16:22:27,0.2,4386,1547350,1531781,0.3,0.00,0.98,0.00,3.93,0.00,0.00,0.00,1.0,95830.0,95350.0,0.0,0.0,0.5,0.0,64.222,0.000,0.0,754104.5
2026-08-31T16:22:28,0.2,4386,1547350,1531782,0.3,0.00,0.98,0.00,3.93,0.00,0.00,0.10,1.0,95830.0,95350.0,0.0,0.0,0.5,0.0,64.221,0.000,0.0,683180.5
2026-08-31T16:22:29,0.2,4387,1547350,1531781,0.3,0.00,1.59,0.00,6.37,0.00,0.00,0.00,1.0,95830.0,95350.0,0.0,0.0,0.5,0.0,64.207,0.000,0.0,683180.5
2026-08-31T16:22:30,0.2,4386,1547350,1531781,0.3,0.00,1.29,0.00,5.17,0.00,0.00,0.00,1.0,95830.0,95350.0,0.0,0.0,0.5,0.0,64.200,0.000,0.0,766470.5
2026-08-31T16:22:31,0.3,4387,1547350,1531781,0.3,0.00,1.78,0.00,7.13,0.00,0.00,0.00,1.0,95830.0,95350.0,0.0,0.0,0.5,0.0,64.206,0.000,0.0,766470.5
2026-08-31T16:22:31,0.2,4387,1547350,1531781,0.3,0.00,2.11,0.00,8.46,0.00,0.00,0.00,1.0,95830.0,95350.0,0.0,0.0,0.5,0.0,64.217,0.000,0.0,832425.5
2026-08-31T16:22:33,0.2,4386,1547350,1531782,0.3,0.00,4.83,0.00,56.41,0.00,0.00,0.00,1.0,95830.0,95350.0,0.0,0.0,0.5,0.0,64.201,0.000,0.0,671613.0
2026-08-31T16:22:34,0.2,4386,1547350,1531781,0.3,0.00,0.69,0.00,2.77,0.00,0.00,0.00,1.0,95830.0,95350.0,0.0,0.0,0.5,0.0,64.210,0.000,0.0,659274.5
2026-08-31T16:22:35,0.2,4385,1547350,1531782,0.3,0.00,4.80,0.00,22.40,0.00,0.17,0.00,1.0,95830.0,95350.0,0.0,0.0,0.5,0.0,64.213,0.000,0.0,659274.5
2026-08-31T16:22:36,0.2,4385,1547350,1531782,0.3,0.00,1.26,0.00,5.06,0.00,0.00,0.00,1.0,95830.0,95350.0,0.0,0.0,0.5,0.0,64.194,0.000,0.0,764344.5
2026-08-31T16:22:36,0.3,4385,1547350,1531782,0.3,0.00,2.98,0.00,11.90,0.00,0.00,0.00,1.0,95830.0,95350.0,0.0,0.0,0.5,0.0,64.228,0.000,0.0,685049.5
2026-08-31T16:22:38,0.2,4385,1547350,1531783,0.3,0.00,0.80,0.00,3.21,0.00,0.00,0.00,1.0,95830.0,95350.0,0.0,0.0,0.5,0.0,64.221,0.000,0.0,670226.0
2026-08-31T16:22:39,0.2,4386,1547350,1531782,0.3,0.00,0.70,0.00,2.80,0.00,0.00,0.00,1.0,95830.0,95350.0,0.0,0.0,0.5,0.0,64.237,0.000,0.0,681209.5
2026-08-31T16:22:41,0.2,4386,1547350,1531782,0.3,0.00,0.67,0.00,2.70,0.00,0.00,0.00,1.0,95830.0,95350.0,0.0,0.0,0.5,0.0,64.218,0.000,0.0,671019.0
2026-08-31T16:22:42,0.2,4385,1547350,1531782,0.3,0.00,0.73,0.00,2.91,0.00,0.00,0.00,1.0,95830.0,95350.0,0.0,0.0,0.5,0.0,64.196,0.000,0.0,665173.0
2026-08-31T16:22:43,0.2,4385,1547350,1531782,0.3,0.00,0.76,0.00,3.03,0.00,0.00,0.00,1.0,95830.0,95350.0,0.0,0.0,0.5,0.0,64.252,0.000,0.0,668376.0
2026-08-31T16:22:45,0.2,4385,1547350,1531782,0.3,0.00,2.28,0.00,12.16,0.00,0.00,0.08,1.0,95830.0,95350.0,0.0,0.0,0.5,0.0,64.263,0.000,0.0,644992.0
2026-08-31T16:22:46,0.2,4385,1547350,1531782,0.3,0.00,0.65,0.00,2.58,0.00,0.00,0.00,1.0,95830.0,95350.0,0.0,0.0,0.5,0.0,64.204,0.000,0.0,709777.0
2026-08-31T16:22:47,0.2,4384,1547350,1531783,0.3,0.00,1.15,0.00,4.62,0.00,0.00,0.00,1.0,95830.0,95350.0,0.0,0.0,0.5,0.0,64.219,0.000,0.0,670836.5
2026-08-31T16:22:48,0.2,4385,1547350,1531783,0.3,0.00,0.75,0.00,3.00,0.00,0.00,0.00,1.0,95830.0,95350.0,0.0,0.0,0.5,0.0,64.219,0.000,0.0,670836.5
2026-08-31T16:22:49,0.2,4386,1547350,1531781,0.3,0.00,1.48,0.00,5.93,0.00,0.00,0.00,1.0,95830.0,95350.0,0.0,0.0,0.5,0.0,64.207,0.000,0.0,729717.0
2026-08-31T16:22:50,0.2,4386,1547350,1531782,0.3,0.00,0.96,0.00,3.83,0.00,0.00,0.00,1.0,95830.0,95350.0,0.0,0.0,0.5,0.0,64.207,0.000,0.0,653863.0
2026-08-31T16:22:52,0.3,4387,1547350,1531781,0.3,0.00,0.61,0.00,2.44,0.00,1.00,0.00,1.0,95830.0,95350.0,0.0,0.0,0.5,0.0,64.220,0.000,0.0,644915.0
2026-08-31T16:22:54,0.2,4386,1547350,1531781,0.3,0.00,0.43,0.00,1.72,0.00,0.00,0.00,1.0,95830.0,95350.0,0.0,0.0,0.5,0.0,64.234,0.000,0.0,644915.0
2026-08-31T16:22:55,0.2,4386,1547350,1531781,0.3,0.00,1.77,0.00,7.07,0.00,0.00,0.00,1.0,95830.0,95350.0,0.0,0.0,0.5,0.0,64.212,0.000,0.0,748158.5
2026-08-31T16:22:55,0.3,4387,1547350,1531781,0.3,0.00,1.57,0.00,6.30,0.00,0.00,0.00,1.0,95830.0,95350.0,0.0,0.0,0.5,0.0,64.224,0.000,0.0,748158.5
2026-08-31T16:22:56,0.2,4387,1547350,1531781,0.3,0.00,1.24,0.00,4.96,0.00,0.00,0.00,1.0,95830.0,95350.0,0.0,0.0,0.5,0.0,64.227,0.000,0.0,685730.5
2026-08-31T16:22:58,0.2,4459,1547350,1531708,0.3,0.00,0.56,0.00,2.25,0.00,0.00,0.00,1.0,95830.0,95350.0,0.0,0.0,0.5,0.0,64.216,0.000,0.0,663804.5
2026-08-31T16:22:59,0.2,4468,1547350,1531700,0.3,0.00,0.62,0.00,2.50,0.00,0.00,0.00,1.0,95830.0,95350.0,0.0,0.0,0.5,0.0,64.239,0.000,0.0,652471.0
2026-08-31T16:23:01,0.2,4476,1547350,1531692,0.3,0.00,0.54,0.00,2.16,0.00,0.00,0.00,1.0,95830.0,95350.0,0.0,0.0,0.5,0.0,64.192,0.000,0.0,657370.5
2026-08-31T16:23:03,0.3,4557,1547350,1531611,0.3,0.00,0.66,0.00,2.65,0.00,0.00,0.00,1.0,95830.0,95350.0,0.0,0.0,0.5,0.0,64.237,0.000,0.0,657370.5
2026-08-31T16:23:03,0.5,4558,1547350,1531609,0.3,0.00,4.19,0.00,43.99,0.00,0.00,0.00,1.0,95830.0,95350.0,0.0,0.0,0.5,0.0,64.211,0.000,0.0,686187.5
2026-08-31T16:23:05,0.2,4560,1547350,1531607,0.3,0.00,0.62,0.00,2.48,0.00,0.00,0.00,1.0,95830.0,95350.0,0.0,0.0,0.5,0.0,64.207,0.000,0.0,683927.0
2026-08-31T16:23:06,0.2,4561,1547350,1531606,0.3,0.00,0.99,0.00,3.98,0.00,0.00,0.00,1.0,95830.0,95350.0,0.0,0.0,0.5,0.0,64.205,0.000,0.0,658743.0
2026-08-31T16:23:08,0.2,4562,1547350,1531605,0.3,0.00,0.64,0.00,2.55,0.00,0.00,0.00,1.0,95830.0,95350.0,0.0,0.0,0.5,0.0,64.239,0.000,0.0,658743.0
2026-08-31T16:23:08,0.2,4565,1547350,1531602,0.3,0.00,1.56,0.00,6.23,0.00,0.00,0.00,1.0,95830.0,95350.0,0.0,0.0,0.5,0.0,64.233,0.000,0.0,694351.5
2026-08-31T16:23:10,0.2,4566,1547350,1531601,0.3,0.00,0.64,0.00,2.57,0.00,0.00,0.00,1.0,95830.0,95350.0,0.0,0.0,0.5,0.0,64.229,0.000,0.0,657515.5
2026-08-31T16:23:11,0.2,4566,1547350,1531601,0.3,0.00,0.67,0.00,2.67,0.00,0.00,0.00,1.0,95830.0,95350.0,0.0,0.0,0.5,0.0,64.239,0.000,0.0,657515.5
2026-08-31T16:23:12,0.3,4565,1547350,1531603,0.3,0.00,2.27,0.00,9.07,0.00,0.00,0.00,1.0,95830.0,95350.0,0.0,0.0,0.5,0.0,64.207,0.000,0.0,714260.5
2026-08-31T16:23:13,0.2,4565,1547350,1531602,0.3,0.00,0.73,0.00,2.93,0.00,1.00,0.00,1.0,95830.0,95350.0,0.0,0.0,0.5,0.0,64.238,0.000,0.0,673907.0
2026-08-31T16:23:15,0.2,4566,1547350,1531602,0.3,0.00,0.65,0.00,2.60,0.00,0.00,0.00,1.0,95830.0,95350.0,0.0,0.0,0.5,0.0,64.227,0.000,0.0,658333.5
2026-08-31T16:23:16,0.2,4567,1547350,1531601,0.3,0.00,1.36,0.00,5.43,0.00,0.00,0.00,1.0,95830.0,95350.0,0.0,0.0,0.5,0.0,64.242,0.000,0.0,669094.5
2026-08-31T16:23:18,0.2,4568,1547350,1531599,0.3,0.00,0.64,0.00,2.55,0.00,0.00,0.00,1.0,95830.0,95350.0,0.0,0.0,0.5,0.0,64.224,0.000,0.0,659889.5
2026-08-31T16:23:19,0.2,4569,1547350,1531598,0.3,0.00,0.61,0.00,2.46,0.00,0.00,0.00,1.0,95830.0,95350.0,0.0,0.0,0.5,0.0,64.258,0.000,0.0,656056.5
2026-08-31T16:23:21,0.2,4570,1547350,1531597,0.3,0.00,0.55,0.00,2.20,0.00,0.00,0.00,1.0,95830.0,95350.0,0.0,0.0,0.5,0.0,64.206,0.000,0.0,655593.5
2026-08-31T16:23:22,0.2,4570,1547350,1531598,0.3,0.00,0.76,0.00,3.06,0.00,0.00,0.00,1.0,95830.0,95350.0,0.0,0.0,0.5,0.0,64.233,0.000,0.0,655593.5
2026-08-31T16:23:24,0.2,4572,1547350,1531596,0.3,0.00,0.91,0.00,3.64,0.00,0.00,0.00,1.0,95830.0,95350.0,0.0,0.0,0.5,0.0,64.239,0.000,0.0,704155.0
2026-08-31T16:23:24,0.2,4572,1547350,1531596,0.3,0.00,1.19,0.00,4.77,0.00,0.00,0.12,1.0,95830.0,95350.0,0.0,0.0,0.5,0.0,64.224,0.000,0.0,676155.0
2026-08-31T16:23:26,0.3,4571,1547350,1531596,0.3,0.00,0.86,0.00,3.45,0.00,0.00,0.00,1.0,95830.0,95350.0,0.0,0.0,0.5,0.0,64.242,0.000,0.0,676155.0
2026-08-31T16:23:26,0.2,4572,1547350,1531595,0.3,0.00,1.19,0.00,4.75,0.00,0.00,0.00,1.0,95830.0,95350.0,0.0,0.0,0.5,0.0,64.221,0.000,0.0,773787.0
2026-08-31T16:23:27,0.3,4572,1547350,1531595,0.3,0.00,3.28,0.00,13.11,0.00,0.00,0.00,1.0,95830.0,95350.0,0.0,0.0,0.5,0.0,64.212,0.000,0.0,773787.0
2026-08-31T16:23:27,0.3,4572,1547350,1531595,0.3,0.00,2.34,0.00,9.35,0.00,0.00,0.00,1.0,95830.0,95350.0,0.0,0.0,0.5,0.0,64.215,0.000,0.0,773787.0
2026-08-31T16:23:28,0.2,4572,1547350,1531595,0.3,0.00,1.79,0.00,7.17,0.00,0.00,0.00,1.0,95830.0,95350.0,0.0,0.0,0.5,0.0,64.231,0.000,0.0,816552.5
2026-08-31T16:23:28,0.2,4573,1547350,1531595,0.3,0.00,1.36,0.00,5.46,0.00,0.00,0.00,1.0,95830.0,95350.0,0.0,0.0,0.5,0.0,64.215,0.000,0.0,816552.5
2026-08-31T16:23:30,0.2,4574,1547350,1531593,0.3,0.00,0.88,0.00,3.54,0.00,0.00,0.00,1.0,95830.0,95350.0,0.0,0.0,0.5,0.0,64.224,0.000,0.0,699612.0
2026-08-31T16:23:30,0.2,4575,1547350,1531593,0.3,0.00,1.32,0.00,5.29,0.00,0.00,0.00,1.0,95830.0,95350.0,0.0,0.0,0.5,0.0,64.254,0.000,0.0,682551.0
2026-08-31T16:23:32,0.2,4574,1547350,1531594,0.3,0.00,1.63,0.00,6.50,0.00,0.00,0.00,1.0,95830.0,95350.0,0.0,0.0,0.5,0.0,64.222,0.000,0.0,686561.0
2026-08-31T16:23:33,0.2,4575,1547350,1531593,0.3,0.00,0.84,0.00,3.36,0.00,0.00,0.00,1.0,95830.0,95350.0,0.0,0.0,0.5,0.0,64.213,0.000,0.0,686561.0
2026-08-31T16:23:34,0.2,4574,1547350,1531593,0.3,0.00,12.33,0.00,101.46,0.00,0.09,0.00,1.0,95830.0,95350.0,0.0,0.0,0.5,0.0,64.225,0.000,0.0,685717.0
2026-08-31T16:23:35,0.2,4575,1547350,1531593,0.3,0.00,0.89,0.00,3.56,0.00,0.00,0.00,1.0,95830.0,95350.0,0.0,0.0,0.5,0.0,64.265,0.000,0.0,685717.0
2026-08-31T16:23:35,0.2,4574,1547350,1531593,0.3,0.00,1.38,0.00,5.52,0.00,0.00,0.00,1.0,95830.0,95350.0,0.0,0.0,0.5,0.0,64.208,0.000,0.0,705222.0
2026-08-31T16:23:37,0.2,4574,1547350,1531593,0.3,0.00,4.80,0.00,19.18,0.00,0.17,0.00,1.0,95830.0,95350.0,0.0,0.0,0.5,0.0,64.235,0.000,0.0,705222.0
2026-08-31T16:23:37,0.2,4575,1547350,1531593,0.3,0.00,1.30,0.00,5.19,0.00,0.00,0.13,1.0,95830.0,95350.0,0.0,0.0,0.5,0.0,64.220,0.000,0.0,693048.5
2026-08-31T16:23:39,0.2,4576,1547350,1531592,0.3,0.00,0.84,0.00,3.37,0.00,0.00,0.00,1.0,95830.0,95350.0,0.0,0.0,0.5,0.0,64.263,0.000,0.0,662381.5
2026-08-31T16:23:40,0.2,4577,1547350,1531591,0.3,0.00,0.98,0.00,3.93,0.00,0.00,0.00,1.0,95830.0,95350.0,0.0,0.0,0.5,0.0,64.219,0.000,0.0,782362.0
2026-08-31T16:23:41,0.2,4577,1547350,1531590,0.3,0.00,0.97,0.00,3.89,0.00,0.00,0.00,1.0,95830.0,95350.0,0.0,0.0,0.5,0.0,64.226,0.000,0.0,684103.0
2026-08-31T16:23:42,0.2,4578,1547350,1531590,0.3,0.00,0.76,0.00,3.04,0.00,0.00,0.00,1.0,95830.0,95350.0,0.0,0.0,0.5,0.0,64.201,0.000,0.0,684103.0
2026-08-31T16:23:43,0.2,4577,1547350,1531590,0.3,0.00,1.16,0.00,4.66,0.00,0.00,0.00,1.0,95830.0,95350.0,0.0,0.0,0.5,0.0,64.241,0.000,0.0,705065.0
2026-08-31T16:23:44,0.2,4577,1547350,1531590,0.3,0.00,0.75,0.00,2.98,0.00,0.00,0.00,1.0,95830.0,95350.0,0.0,0.0,0.5,0.0,64.278,0.000,0.0,717342.5
2026-08-31T16:23:46,0.2,4577,1547350,1531590,0.3,0.00,0.75,0.00,2.99,0.00,0.00,0.07,1.0,95830.0,95350.0,0.0,0.0,0.5,0.0,64.274,0.000,0.0,717342.5
2026-08-31T16:23:46,0.2,4578,1547350,1531590,0.3,0.00,2.95,0.00,11.82,0.00,0.00,0.00,1.0,95830.0,95350.0,0.0,0.0,0.5,0.0,64.237,0.000,0.0,690614.0
2026-08-31T16:23:48,0.2,4578,1547350,1531590,0.3,0.00,0.74,0.00,2.95,0.00,0.00,0.00,1.0,95830.0,95350.0,0.0,0.0,0.5,0.0,64.215,0.000,0.0,671029.0
2026-08-31T16:23:49,0.2,4580,1547350,1531588,0.3,0.00,0.75,0.00,2.99,0.00,0.00,0.00,1.0,95830.0,95350.0,0.0,0.0,0.5,0.0,64.213,0.000,0.0,671029.0
2026-08-31T16:23:50,0.2,4579,1547350,1531588,0.3,0.00,1.42,0.00,5.68,0.00,0.00,0.00,1.0,95830.0,95350.0,0.0,0.0,0.5,0.0,64.254,0.000,0.0,683404.0
2026-08-31T16:23:51,0.2,4579,1547350,1531588,0.3,0.00,1.37,0.00,8.24,0.00,0.50,0.00,1.0,95830.0,95350.0,0.0,0.0,0.5,0.0,64.275,0.000,0.0,661452.0
2026-08-31T16:23:53,0.2,4581,1547350,1531587,0.3,0.00,0.62,0.00,2.49,0.00,0.00,0.00,1.0,95830.0,95350.0,0.0,0.0,0.5,0.0,64.246,0.000,0.0,661412.5
2026-08-31T16:23:54,0.2,4582,1547350,1531585,0.3,0.00,0.62,0.00,2.50,0.00,0.00,0.00,1.0,95830.0,95350.0,0.0,0.0,0.5,0.0,64.240,0.000,0.0,655701.5
2026-08-31T16:23:56,0.2,4582,1547350,1531585,0.3,0.00,0.66,0.00,2.65,0.00,0.00,0.00,1.0,95830.0,95350.0,0.0,0.0,0.5,0.0,64.258,0.000,0.0,657533.5
2026-08-31T16:23:57,0.2,4583,1547350,1531585,0.3,0.00,0.60,0.00,2.38,0.00,0.00,0.00,1.0,95830.0,95350.0,0.0,0.0,0.5,0.0,64.220,0.000,0.0,682140.0
2026-08-31T16:23:59,0.2,4584,1547350,1531584,0.3,0.00,0.66,0.00,2.63,0.00,0.00,0.00,1.0,95830.0,95350.0,0.0,0.0,0.5,0.0,64.216,0.000,0.0,664678.0
2026-08-31T16:24:01,0.2,4583,1547350,1531584,0.3,0.00,0.60,0.00,2.40,0.00,0.00,0.06,1.0,95830.0,95350.0,0.0,0.0,0.5,0.0,64.243,0.000,0.0,700301.5
2026-08-31T16:24:02,0.3,4590,1547350,1531578,0.3,0.00,0.59,0.00,2.36,0.00,0.00,0.00,1.0,95830.0,95350.0,0.0,0.0,0.5,0.0,64.219,0.000,0.0,659785.0
2026-08-31T16:24:04,0.2,4589,1547350,1531579,0.3,0.00,1.26,0.00,12.92,0.00,0.00,0.00,1.0,95830.0,95350.0,0.0,0.0,0.5,0.0,64.227,0.000,0.0,657040.5
2026-08-31T16:24:06,0.2,4590,1547350,1531578,0.3,0.00,0.62,0.00,2.49,0.00,0.00,0.00,1.0,95830.0,95350.0,0.0,0.0,0.5,0.0,64.213,0.000,0.0,677612.0
2026-08-31T16:24:07,0.2,4589,1547350,1531579,0.3,0.00,0.55,0.00,2.20,0.00,0.00,0.00,1.0,95830.0,95350.0,0.0,0.0,0.5,0.0,64.251,0.000,0.0,650750.0
2026-08-31T16:24:09,0.2,4590,1547350,1531578,0.3,0.00,0.64,0.00,2.55,0.00,0.00,0.00,1.0,95830.0,95350.0,0.0,0.0,0.5,0.0,64.212,0.000,0.0,666796.0
2026-08-31T16:24:11,0.2,4590,1547350,1531578,0.3,0.00,0.61,0.00,2.44,0.00,0.00,0.00,1.0,95830.0,95350.0,0.0,0.0,0.5,0.0,64.221,0.000,0.0,654330.5
2026-08-31T16:24:12,0.2,4586,1547350,1531582,0.3,0.00,0.54,0.00,2.18,0.00,0.00,0.00,1.0,95830.0,95350.0,0.0,0.0,0.5,0.0,64.294,0.000,0.0,696461.0
2026-08-31T16:24:13,0.2,4586,1547350,1531581,0.3,0.00,1.29,0.00,5.14,0.00,0.00,0.00,1.0,95830.0,95350.0,0.0,0.0,0.5,0.0,64.263,0.000,0.0,696461.0
2026-08-31T16:24:14,0.2,4586,1547350,1531581,0.3,0.00,1.03,0.00,4.10,0.00,0.00,0.00,1.0,95830.0,95350.0,0.0,0.0,0.5,0.0,64.250,0.000,0.0,681868.0
2026-08-31T16:24:16,0.2,4587,1547350,1531581,0.3,0.00,0.61,0.00,2.45,0.00,0.00,0.00,1.0,95830.0,95350.0,0.0,0.0,0.5,0.0,64.281,0.000,0.0,661268.0
2026-08-31T16:24:17,0.2,4587,1547350,1531581,0.3,0.00,0.61,0.00,2.44,0.00,0.00,0.00,1.0,95830.0,95350.0,0.0,0.0,0.5,0.0,64.257,0.000,0.0,691609.5
2026-08-31T16:24:18,0.2,4588,1547350,1531580,0.3,0.00,1.00,0.00,4.00,0.00,0.00,0.00,1.0,95830.0,95350.0,0.0,0.0,0.5,0.0,64.268,0.000,0.0,640193.5
2026-08-31T16:24:20,0.2,4587,1547350,1531580,0.3,0.00,0.63,0.00,2.53,0.00,1.00,0.00,1.0,95830.0,95350.0,0.0,0.0,0.5,0.0,64.233,0.000,0.0,700480.5
2026-08-31T16:24:21,0.2,4587,1547350,1531581,0.3,0.00,0.97,0.00,3.88,0.00,0.00,0.00,1.0,95830.0,95350.0,0.0,0.0,0.5,0.0,64.254,0.000,0.0,700480.5
2026-08-31T16:24:22,0.2,4587,1547350,1531580,0.3,0.00,2.37,0.00,9.49,0.00,0.00,0.00,1.0,95830.0,95350.0,0.0,0.0,0.5,0.0,64.270,0.000,0.0,672976.0
2026-08-31T16:24:24,0.2,4588,1547350,1531580,0.3,0.00,0.54,0.00,2.16,0.00,0.00,0.00,1.0,95830.0,95350.0,0.0,0.0,0.5,0.0,64.270,0.000,0.0,651147.0
2026-08-31T16:24:26,0.2,4589,1547350,1531579,0.3,0.00,0.54,0.00,2.15,0.00,0.00,0.00,1.0,95830.0,95350.0,0.0,0.0,0.5,0.0,64.274,0.000,0.0,661950.5
2026-08-31T16:24:27,0.2,4589,1547350,1531579,0.3,0.00,0.73,0.00,2.91,0.00,0.00,0.00,1.0,95830.0,95350.0,0.0,0.0,0.5,0.0,64.263,0.000,0.0,661950.5
2026-08-31T16:24:28,0.2,4588,1547350,1531579,0.3,0.00,1.81,0.00,7.22,0.00,0.00,0.18,1.0,95830.0,95350.0,0.0,0.0,0.5,0.0,64.252,0.000,0.0,750593.5
2026-08-31T16:24:29,0.2,4588,1547350,1531579,0.3,0.00,0.78,0.00,3.13,0.00,0.00,0.00,1.0,95830.0,95350.0,0.0,0.0,0.5,0.0,64.293,0.000,0.0,721267.0
2026-08-31T16:24:30,0.2,4589,1547350,1531579,0.3,0.00,0.97,0.00,3.86,0.00,0.00,0.00,1.0,95830.0,95350.0,0.0,0.0,0.5,0.0,64.269,0.000,0.0,670839.5
2026-08-31T16:24:31,0.2,4589,1547350,1531578,0.3,0.00,0.80,0.00,3.18,0.00,0.00,0.00,1.0,95830.0,95350.0,0.0,0.0,0.5,0.0,64.253,0.000,0.0,670839.5
2026-08-31T16:24:32,0.2,4590,1547350,1531578,0.3,0.00,9.54,0.00,43.60,0.00,0.14,0.00,1.0,95830.0,95350.0,0.0,0.0,0.5,0.0,64.246,0.000,0.0,697319.0
2026-08-31T16:24:33,0.2,4591,1547350,1531577,0.3,0.00,0.77,0.00,3.08,0.00,0.00,0.00,1.0,95830.0,95350.0,0.0,0.0,0.5,0.0,64.238,0.000,0.0,697319.0
2026-08-31T16:24:34,0.2,4592,1547350,1531576,0.3,0.00,4.09,0.00,30.65,0.00,0.00,0.00,1.0,95830.0,95350.0,0.0,0.0,0.5,0.0,64.289,0.000,0.0,716986.0
2026-08-31T16:24:35,0.2,4591,1547350,1531576,0.3,0.00,0.77,0.00,3.08,0.00,0.00,0.00,1.0,95830.0,95350.0,0.0,0.0,0.5,0.0,64.276,0.000,0.0,670245.5
2026-08-31T16:24:37,0.2,4591,1547350,1531577,0.3,0.00,0.71,0.00,2.84,0.00,0.00,0.00,1.0,95830.0,95350.0,0.0,0.0,0.5,0.0,64.263,0.000,0.0,670245.5
2026-08-31T16:24:37,0.3,4592,1547350,1531576,0.3,0.00,2.86,0.00,11.43,0.00,0.00,0.00,1.0,95830.0,95350.0,0.0,0.0,0.5,0.0,64.274,0.000,0.0,697571.5
2026-08-31T16:24:39,0.2,4593,1547350,1531574,0.3,0.00,0.60,0.00,2.39,0.00,0.00,0.00,1.0,95830.0,95350.0,0.0,0.0,0.5,0.0,64.240,0.000,0.0,692074.5
2026-08-31T16:24:39,0.2,4593,1547350,1531575,0.3,0.00,1.50,0.00,6.00,0.00,0.00,0.00,1.0,95830.0,95350.0,0.0,0.0,0.5,0.0,64.254,0.000,0.0,730470.5
2026-08-31T16:24:41,0.2,4593,1547350,1531574,0.3,0.00,0.66,0.00,2.66,0.00,0.00,0.00,1.0,95830.0,95350.0,0.0,0.0,0.5,0.0,64.255,0.000,0.0,667825.5
2026-08-31T16:24:42,0.2,4593,1547350,1531575,0.3,0.00,1.51,0.00,6.03,0.00,0.00,0.00,1.0,95830.0,95350.0,0.0,0.0,0.5,0.0,64.270,0.000,0.0,657356.5
2026-08-31T16:24:44,0.2,4594,1547350,1531574,0.3,0.00,0.59,0.00,2.36,0.00,0.00,0.00,1.0,95830.0,95350.0,0.0,0.0,0.5,0.0,64.275,0.000,0.0,665516.0
2026-08-31T16:24:45,0.2,4595,1547350,1531573,0.3,0.00,0.73,0.00,2.93,0.00,0.00,0.00,1.0,95830.0,95350.0,0.0,0.0,0.5,0.0,64.261,0.000,0.0,656440.5
2026-08-31T16:24:47,0.2,4594,1547350,1531573,0.3,0.00,0.67,0.00,2.67,0.00,0.00,0.00,1.0,95830.0,95350.0,0.0,0.0,0.5,0.0,64.247,0.000,0.0,656440.5
2026-08-31T16:24:47,0.2,4595,1547350,1531573,0.3,0.00,1.38,0.00,5.53,0.00,0.00,0.00,1.0,95830.0,95350.0,0.0,0.0,0.5,0.0,64.266,0.000,0.0,684007.5
2026-08-31T16:24:49,0.2,4596,1547350,1531572,0.3,0.00,0.62,0.00,2.47,0.00,0.00,0.00,1.0,95830.0,95350.0,0.0,0.0,0.5,0.0,64.278,0.000,0.0,659410.5
2026-08-31T16:24:51,0.2,4595,1547350,1531572,0.3,0.00,0.61,0.00,2.43,0.00,1.00,0.00,1.0,95830.0,95350.0,0.0,0.0,0.5,0.0,64.279,0.000,0.0,656190.0
2026-08-31T16:24:52,0.2,4596,1547350,1531572,0.3,0.00,1.26,0.00,7.55,0.00,0.00,0.00,1.0,95830.0,95350.0,0.0,0.0,0.5,0.0,64.296,0.000,0.0,666760.0
2026-08-31T16:24:54,0.2,4596,1547350,1531572,0.3,0.00,0.69,0.00,2.76,0.00,0.00,0.00,1.0,95830.0,95350.0,0.0,0.0,0.5,0.0,64.277,0.000,0.0,666760.0
2026-08-31T16:24:55,0.2,4595,1547350,1531573,0.3,0.00,0.98,0.00,3.90,0.00,0.00,0.00,1.0,95830.0,95350.0,0.0,0.0,0.5,0.0,64.294,0.000,0.0,705890.0
2026-08-31T16:24:56,0.2,4594,1547350,1531574,0.3,0.00,0.73,0.00,2.93,0.00,0.00,0.00,1.0,95830.0,95350.0,0.0,0.0,0.5,0.0,64.269,0.000,0.0,705890.0
2026-08-31T16:24:57,0.2,4594,1547350,1531573,0.3,0.00,1.24,0.00,4.96,0.00,0.00,0.00,1.0,95830.0,95350.0,0.0,0.0,0.5,0.0,64.249,0.000,0.0,691949.5
2026-08-31T16:24:58,0.2,4595,1547350,1531573,0.3,0.00,0.71,0.00,2.86,0.00,0.00,0.00,1.0,95830.0,95350.0,0.0,0.0,0.5,0.0,64.263,0.000,0.0,661926.0
2026-08-31T16:25:00,0.2,4596,1547350,1531572,0.3,0.00,0.62,0.00,2.46,0.00,0.00,0.00,1.0,95830.0,95350.0,0.0,0.0,0.5,0.0,64.278,0.000,0.0,655120.5
2026-08-31T16:25:02,0.3,4600,1547350,1531568,0.3,0.00,0.62,0.00,2.48,0.00,0.00,0.00,1.0,95830.0,95350.0,0.0,0.0,0.5,0.0,64.294,0.000,0.0,666437.5
2026-08-31T16:25:03,0.2,4600,1547350,1531568,0.3,0.00,0.81,0.00,3.24,0.00,0.00,0.00,1.0,95830.0,95350.0,0.0,0.0,0.5,0.0,64.306,0.000,0.0,659255.5
2026-08-31T16:25:05,0.2,4603,1547350,1531565,0.3,0.00,1.73,0.00,14.41,0.00,0.00,0.06,1.0,95830.0,95350.0,0.0,0.0,0.5,0.0,64.260,0.000,0.0,685873.0
2026-08-31T16:25:06,0.2,4602,1547350,1531566,0.3,0.00,0.80,0.00,3.20,0.00,0.00,0.00,1.0,95830.0,95350.0,0.0,0.0,0.5,0.0,64.284,0.000,0.0,665347.5
2026-08-31T16:25:07,0.2,4602,1547350,1531566,0.3,0.00,0.63,0.00,2.51,0.00,0.00,0.00,1.0,95830.0,95350.0,0.0,0.0,0.5,0.0,64.302,0.000,0.0,658184.5
2026-08-31T16:25:09,0.2,4602,1547350,1531565,0.3,0.00,0.61,0.00,2.44,0.00,0.00,0.00,1.0,95830.0,95350.0,0.0,0.0,0.5,0.0,64.267,0.000,0.0,658016.0
2026-08-31T16:25:11,0.2,4599,1547350,1531569,0.3,0.00,0.63,0.00,2.53,0.00,0.00,0.00,1.0,95830.0,95350.0,0.0,0.0,0.5,0.0,64.275,0.000,0.0,691730.5
2026-08-31T16:25:12,0.2,4600,1547350,1531567,0.3,0.00,0.62,0.00,2.47,0.00,0.00,0.00,1.0,95830.0,95350.0,0.0,0.0,0.5,0.0,64.267,0.000,0.0,691730.5
2026-08-31T16:25:13,0.2,4600,1547350,1531567,0.3,0.00,1.57,0.00,6.30,0.00,0.00,0.00,1.0,95830.0,95350.0,0.0,0.0,0.5,0.0,64.274,0.000,0.0,788105.5
2026-08-31T16:25:13,0.2,4600,1547350,1531567,0.3,0.00,2.27,0.00,9.09,0.00,1.00,0.23,1.0,95830.0,95350.0,0.0,0.0,0.5,0.0,64.258,0.000,0.0,788105.5
2026-08-31T16:25:14,0.2,4600,1547350,1531567,0.3,0.00,1.02,0.00,4.09,0.00,0.00,0.00,1.0,95830.0,95350.0,0.0,0.0,0.5,0.0,64.262,0.000,0.0,684276.5
2026-08-31T16:25:16,0.2,4601,1547350,1531567,0.3,0.00,0.55,0.00,2.21,0.00,0.00,0.00,1.0,95830.0,95350.0,0.0,0.0,0.5,0.0,64.263,0.000,0.0,651736.5
2026-08-31T16:25:18,0.2,4602,1547350,1531566,0.3,0.00,0.55,0.00,2.21,0.00,0.00,0.00,1.0,95830.0,95350.0,0.0,0.0,0.5,0.0,64.281,0.000,0.0,659118.5
2026-08-31T16:25:20,0.2,4602,1547350,1531565,0.3,0.00,0.56,0.00,2.23,0.00,0.00,0.00,1.0,95830.0,95350.0,0.0,0.0,0.5,0.0,64.292,0.000,0.0,650611.5
2026-08-31T16:25:22,0.2,4603,1547350,1531565,0.3,0.00,0.54,0.00,2.15,0.00,0.00,0.00,1.0,95830.0,95350.0,0.0,0.0,0.5,0.0,64.258,0.000,0.0,677704.5
2026-08-31T16:25:23,0.2,4604,1547350,1531564,0.3,0.00,1.00,0.00,3.98,0.00,0.00,0.00,1.0,95830.0,95350.0,0.0,0.0,0.5,0.0,64.301,0.000,0.0,677704.5
2026-08-31T16:25:23,0.2,4603,1547350,1531565,0.3,0.00,1.30,0.00,5.18,0.00,0.00,0.00,1.0,95830.0,95350.0,0.0,0.0,0.5,0.0,64.272,0.000,0.0,717708.0
2026-08-31T16:25:25,0.2,4602,1547350,1531565,0.3,0.00,0.55,0.00,2.20,0.00,0.00,0.00,1.0,95830.0,95350.0,0.0,0.0,0.5,0.0,64.280,0.000,0.0,670684.5
2026-08-31T16:25:27,0.2,4604,1547350,1531564,0.3,0.00,0.50,0.00,1.98,0.00,0.00,0.05,1.0,95830.0,95350.0,0.0,0.0,0.5,0.0,64.293,0.000,0.0,659713.0
2026-08-31T16:25:28,0.2,4605,1547350,1531562,0.3,0.00,1.57,0.00,9.45,0.00,0.00,0.00,1.0,95830.0,95350.0,0.0,0.0,0.5,0.0,64.312,0.000,0.0,691338.0
2026-08-31T16:25:29,0.2,4607,1547350,1531561,0.3,0.00,1.11,0.00,4.44,0.00,0.00,0.00,1.0,95830.0,95350.0,0.0,0.0,0.5,0.0,64.341,0.000,0.0,699501.0
2026-08-31T16:25:31,0.3,4606,1547350,1531562,0.3,0.00,0.54,0.00,2.16,0.00,0.00,0.05,1.0,95830.0,95350.0,0.0,0.0,0.5,0.0,64.305,0.000,0.0,656806.5
2026-08-31T16:25:32,0.2,4606,1547350,1531561,0.3,0.00,0.87,0.00,3.47,0.00,0.00,0.00,1.0,95830.0,95350.0,0.0,0.0,0.5,0.0,64.264,0.000,0.0,670799.5
2026-08-31T16:25:34,0.2,4607,1547350,1531561,0.3,0.00,5.38,0.00,24.58,0.00,0.14,0.00,1.0,95830.0,95350.0,0.0,0.0,0.5,0.0,64.255,0.000,0.0,669550.0
2026-08-31T16:25:35,0.2,4608,1547350,1531560,0.3,0.00,1.36,0.00,14.31,0.00,0.00,0.00,1.0,95830.0,95350.0,0.0,0.0,0.5,0.0,64.298,0.000,0.0,669550.0
2026-08-31T16:25:36,0.2,4608,1547350,1531559,0.3,0.00,1.20,0.00,4.80,0.00,0.00,0.00,1.0,95830.0,95350.0,0.0,0.0,0.5,0.0,64.329,0.000,0.0,740084.0
2026-08-31T16:25:36,0.4,4618,1547350,1531550,0.3,0.00,2.11,0.00,8.44,0.00,0.00,0.00,1.0,95830.0,95350.0,0.0,0.0,0.5,0.0,64.296,0.000,0.0,729784.5
2026-08-31T16:25:38,0.3,4623,1547350,1531544,0.3,0.00,0.73,0.00,2.94,0.00,0.00,0.00,1.0,95830.0,95350.0,0.0,0.0,0.5,0.0,64.311,0.000,0.0,684593.0
2026-08-31T16:25:39,0.2,4624,1547350,1531544,0.3,0.00,0.84,0.00,3.35,0.00,0.00,0.00,1.0,95830.0,95350.0,0.0,0.0,0.5,0.0,64.280,0.000,0.0,684593.0
2026-08-31T16:25:40,0.2,4624,1547350,1531544,0.3,0.00,1.58,0.00,6.31,0.00,0.00,0.00,1.0,95830.0,95350.0,0.0,0.0,0.5,0.0,64.281,0.000,0.0,708067.5
2026-08-31T16:25:41,0.2,4625,1547350,1531543,0.3,0.00,0.73,0.00,2.92,0.00,0.00,0.00,1.0,95830.0,95350.0,0.0,0.0,0.5,0.0,64.308,0.000,0.0,665706.0
2026-08-31T16:25:42,0.2,4624,1547350,1531543,0.3,0.00,0.75,0.00,3.00,0.00,0.00,0.00,1.0,95830.0,95350.0,0.0,0.0,0.5,0.0,64.288,0.000,0.0,705029.0
2026-08-31T16:25:44,0.2,4625,1547350,1531543,0.3,0.00,1.49,0.00,5.97,0.00,0.00,0.07,1.0,95830.0,95350.0,0.0,0.0,0.5,0.0,64.292,0.000,0.0,704619.0
2026-08-31T16:25:45,0.2,4625,1547350,1531543,0.3,0.00,0.64,0.00,2.58,0.00,0.00,0.00,1.0,95830.0,95350.0,0.0,0.0,0.5,0.0,64.278,0.000,0.0,671623.0
2026-08-31T16:25:47,0.2,4625,1547350,1531543,0.3,0.00,0.75,0.00,2.99,0.00,0.00,0.00,1.0,95830.0,95350.0,0.0,0.0,0.5,0.0,64.275,0.000,0.0,666443.0
2026-08-31T16:25:48,0.2,4624,1547350,1531543,0.3,0.00,0.67,0.00,2.67,0.00,0.00,0.00,1.0,95830.0,95350.0,0.0,0.0,0.5,0.0,64.297,0.000,0.0,699322.5
2026-08-31T16:25:49,0.2,4625,1547350,1531543,0.3,0.00,0.96,0.00,3.84,0.00,0.00,0.00,1.0,95830.0,95350.0,0.0,0.0,0.5,0.0,64.297,0.000,0.0,693951.5
2026-08-31T16:25:50,0.2,4626,1547350,1531542,0.3,0.00,1.03,0.00,4.10,0.00,0.00,0.00,1.0,95830.0,95350.0,0.0,0.0,0.5,0.0,64.303,0.000,0.0,667465.5
2026-08-31T16:25:52,0.2,4627,1547350,1531541,0.3,0.00,0.67,0.00,2.70,0.00,0.00,0.00,1.0,95830.0,95350.0,0.0,0.0,0.5,0.0,64.293,0.000,0.0,662449.0
2026-08-31T16:25:53,0.2,4626,1547350,1531542,0.3,0.00,0.80,0.00,3.19,0.00,1.00,0.00,1.0,95830.0,95350.0,0.0,0.0,0.5,0.0,64.305,0.000,0.0,661445.0
2026-08-31T16:25:54,0.2,4626,1547350,1531541,0.3,0.00,0.61,0.00,2.44,0.00,0.00,0.00,1.0,95830.0,95350.0,0.0,0.0,0.5,0.0,64.297,0.000,0.0,676142.5
2026-08-31T16:25:55,0.2,4626,1547350,1531541,0.3,0.00,0.93,0.00,3.71,0.00,0.00,0.00,1.0,95830.0,95350.0,0.0,0.0,0.5,0.0,64.305,0.000,0.0,671400.5
2026-08-31T16:25:57,0.2,4626,1547350,1531542,0.3,0.00,0.77,0.00,3.10,0.00,0.00,0.00,1.0,95830.0,95350.0,0.0,0.0,0.5,0.0,64.291,0.000,0.0,671400.5
2026-08-31T16:25:57,0.3,4627,1547350,1531541,0.3,0.00,2.04,0.00,8.16,0.00,0.00,0.00,1.0,95830.0,95350.0,0.0,0.0,0.5,0.0,64.317,0.000,0.0,671400.5
2026-08-31T16:25:58,0.2,4627,1547350,1531540,0.3,0.00,2.65,0.00,10.61,0.00,0.00,0.00,1.0,95830.0,95350.0,0.0,0.0,0.5,0.0,64.310,0.000,0.0,731396.5
2026-08-31T16:25:59,0.2,4627,1547350,1531540,0.3,0.00,0.62,0.00,2.47,0.00,0.00,0.00,1.0,95830.0,95350.0,0.0,0.0,0.5,0.0,64.294,0.000,0.0,650986.0
2026-08-31T16:26:01,0.2,4634,1547350,1531534,0.3,0.00,0.54,0.00,2.17,0.00,0.00,0.00,1.0,95830.0,95350.0,0.0,0.0,0.5,0.0,64.316,0.000,0.0,654560.0
2026-08-31T16:26:03,0.2,4633,1547350,1531534,0.3,0.00,0.65,0.00,2.59,0.00,0.00,0.06,1.0,95830.0,95350.0,0.0,0.0,0.5,0.0,64.305,0.000,0.0,720420.5
2026-08-31T16:26:04,0.2,4634,1547350,1531534,0.3,0.00,0.84,0.00,3.36,0.00,0.00,0.00,1.0,95830.0,95350.0,0.0,0.0,0.5,0.0,64.300,0.000,0.0,658323.5
2026-08-31T16:26:06,0.2,4634,1547350,1531533,0.3,0.00,3.34,0.00,17.55,0.00,0.00,0.00,1.0,95830.0,95350.0,0.0,0.0,0.5,0.0,64.263,0.000,0.0,654343.5
2026-08-31T16:26:07,0.2,4634,1547350,1531533,0.3,0.00,0.59,0.00,2.36,0.00,0.00,0.00,1.0,95830.0,95350.0,0.0,0.0,0.5,0.0,64.284,0.000,0.0,654829.5
2026-08-31T16:26:09,0.2,4635,1547350,1531533,0.3,0.00,0.65,0.00,2.61,0.00,0.00,0.00,1.0,95830.0,95350.0,0.0,0.0,0.5,0.0,64.305,0.000,0.0,652792.5
2026-08-31T16:26:11,0.2,4634,1547350,1531533,0.3,0.00,0.54,0.00,2.17,0.00,0.00,0.00,1.0,95830.0,95350.0,0.0,0.0,0.5,0.0,64.273,0.000,0.0,660935.0
2026-08-31T16:26:12,0.2,4636,1547350,1531532,0.3,0.00,0.61,0.00,2.42,0.00,0.00,0.00,1.0,95830.0,95350.0,0.0,0.0,0.5,0.0,64.307,0.000,0.0,657153.0
2026-08-31T16:26:14,0.2,4634,1547350,1531533,0.3,0.00,0.64,0.00,2.57,0.00,1.00,0.00,1.0,95830.0,95350.0,0.0,0.0,0.5,0.0,64.311,0.000,0.0,651747.5
2026-08-31T16:26:16,0.2,4634,1547350,1531533,0.3,0.00,0.54,0.00,2.17,0.00,0.00,0.00,1.0,95830.0,95350.0,0.0,0.0,0.5,0.0,64.298,0.000,0.0,657704.5
2026-08-31T16:26:17,0.2,4634,1547350,1531534,0.3,0.00,0.61,0.00,2.44,0.00,0.00,0.00,1.0,95830.0,95350.0,0.0,0.0,0.5,0.0,64.318,0.000,0.0,655418.0
2026-08-31T16:26:19,0.2,4635,1547350,1531533,0.3,0.00,0.64,0.00,2.55,0.00,0.00,0.00,1.0,95830.0,95350.0,0.0,0.0,0.5,0.0,64.303,0.000,0.0,655418.0
2026-08-31T16:26:20,0.2,4638,1547350,1531529,0.3,0.00,1.17,0.00,4.67,0.00,0.00,0.00,1.0,95830.0,95350.0,0.0,0.0,0.5,0.0,64.296,0.000,0.0,675688.5
2026-08-31T16:26:22,0.2,4638,1547350,1531529,0.3,0.00,0.56,0.00,2.24,0.00,0.00,0.00,1.0,95830.0,95350.0,0.0,0.0,0.5,0.0,64.323,0.000,0.0,657495.5
2026-08-31T16:26:23,0.2,4639,1547350,1531529,0.3,0.00,0.61,0.00,2.44,0.00,0.00,0.00,1.0,95830.0,95350.0,0.0,0.0,0.5,0.0,64.278,0.000,0.0,655756.0
2026-08-31T16:26:25,0.2,4639,1547350,1531529,0.3,0.00,0.63,0.00,2.52,0.00,0.00,0.00,1.0,95830.0,95350.0,0.0,0.0,0.5,0.0,64.280,0.000,0.0,653344.0
2026-08-31T16:26:27,0.2,4639,1547350,1531529,0.3,0.00,0.55,0.00,2.20,0.00,0.00,0.00,1.0,95830.0,95350.0,0.0,0.0,0.5,0.0,64.315,0.000,0.0,696837.5
2026-08-31T16:26:28,0.2,4639,1547350,1531529,0.3,0.00,0.59,0.00,2.38,0.00,0.00,0.00,1.0,95830.0,95350.0,0.0,0.0,0.5,0.0,64.271,0.000,0.0,655511.0
2026-08-31T16:26:30,0.2,4639,1547350,1531529,0.3,0.00,0.67,0.00,2.69,0.00,0.00,0.00,1.0,95830.0,95350.0,0.0,0.0,0.5,0.0,64.302,0.000,0.0,667384.0
2026-08-31T16:26:31,0.2,4639,1547350,1531528,0.3,0.00,0.71,0.00,2.82,0.00,0.00,0.00,1.0,95830.0,95350.0,0.0,0.0,0.5,0.0,64.301,0.000,0.0,675278.0
2026-08-31T16:26:33,0.2,4640,1547350,1531528,0.3,0.00,0.77,0.00,3.07,0.00,0.00,0.00,1.0,95830.0,95350.0,0.0,0.0,0.5,0.0,64.319,0.000,0.0,673725.0
2026-08-31T16:26:34,0.2,4640,1547350,1531527,0.3,0.00,0.78,0.00,3.10,0.00,0.00,0.00,1.0,95830.0,95350.0,0.0,0.0,0.5,0.0,64.337,0.000,0.0,687794.5
2026-08-31T16:26:35,0.2,4640,1547350,1531528,0.3,0.00,8.33,0.00,67.31,0.00,0.08,0.00,1.0,95830.0,95350.0,0.0,0.0,0.5,0.0,64.308,0.000,0.0,705356.0
2026-08-31T16:26:37,0.2,4641,1547350,1531527,0.3,0.00,0.69,0.00,2.77,0.00,0.00,0.00,1.0,95830.0,95350.0,0.0,0.0,0.5,0.0,64.294,0.000,0.0,670637.0
2026-08-31T16:26:38,0.2,4640,1547350,1531528,0.3,0.00,0.75,0.00,2.99,0.00,0.00,0.00,1.0,95830.0,95350.0,0.0,0.0,0.5,0.0,64.307,0.000,0.0,670624.0
2026-08-31T16:26:39,0.2,4641,1547350,1531527,0.3,0.00,0.71,0.00,2.84,0.00,1.00,0.00,1.0,95830.0,95350.0,0.0,0.0,0.5,0.0,64.304,0.000,0.0,662787.0
2026-08-31T16:26:41,0.2,4642,1547350,1531526,0.3,0.00,0.71,0.00,2.83,0.00,0.00,0.00,1.0,95830.0,95350.0,0.0,0.0,0.5,0.0,64.328,0.000,0.0,663571.0
2026-08-31T16:26:42,0.2,4642,1547350,1531526,0.3,0.00,0.69,0.00,2.76,0.00,0.00,0.00,1.0,95830.0,95350.0,0.0,0.0,0.5,0.0,64.305,0.000,0.0,663571.0
2026-08-31T16:26:43,0.2,4642,1547350,1531526,0.3,0.00,1.87,0.00,7.49,0.00,0.00,0.00,1.0,95830.0,95350.0,0.0,0.0,0.5,0.0,64.317,0.000,0.0,712339.0
2026-08-31T16:26:44,0.2,4642,1547350,1531526,0.3,0.00,0.86,0.00,3.46,0.00,0.00,0.00,1.0,95830.0,95350.0,0.0,0.0,0.5,0.0,64.303,0.000,0.0,663902.0
2026-08-31T16:26:45,0.2,4642,1547350,1531525,0.3,0.00,1.35,0.00,5.39,0.00,0.00,0.00,1.0,95830.0,95350.0,0.0,0.0,0.5,0.0,64.331,0.000,0.0,660514.0
2026-08-31T16:26:47,0.2,4642,1547350,1531526,0.3,0.00,0.67,0.00,2.70,0.00,0.00,0.00,1.0,95830.0,95350.0,0.0,0.0,0.5,0.0,64.323,0.000,0.0,660514.0
2026-08-31T16:26:48,0.2,4642,1547350,1531525,0.3,0.00,1.43,0.00,5.72,0.00,0.00,0.00,1.0,95830.0,95350.0,0.0,0.0,0.5,0.0,64.323,0.000,0.0,718476.0
2026-08-31T16:26:49,0.2,4641,1547350,1531526,0.3,0.00,1.00,0.00,4.00,0.00,0.00,0.00,1.0,95830.0,95350.0,0.0,0.0,0.5,0.0,64.323,0.000,0.0,677994.5
2026-08-31T16:26:50,0.2,4641,1547350,1531526,0.3,0.00,0.84,0.00,3.36,0.00,0.00,0.00,1.0,95830.0,95350.0,0.0,0.0,0.5,0.0,64.320,0.000,0.0,666067.0
2026-08-31T16:26:52,0.2,4641,1547350,1531526,0.3,0.00,0.60,0.00,2.40,0.00,0.00,0.00,1.0,95830.0,95350.0,0.0,0.0,0.5,0.0,64.265,0.000,0.0,681655.0
2026-08-31T16:26:53,0.2,4642,1547350,1531525,0.3,0.00,0.66,0.00,2.64,0.00,0.00,0.00,1.0,95830.0,95350.0,0.0,0.0,0.5,0.0,64.309,0.000,0.0,661105.0
2026-08-31T16:26:55,0.2,4644,1547350,1531524,0.3,0.00,0.66,0.00,2.62,0.00,0.00,0.00,1.0,95830.0,95350.0,0.0,0.0,0.5,0.0,64.294,0.000,0.0,661282.5
2026-08-31T16:26:56,0.2,4645,1547350,1531523,0.3,0.00,0.60,0.00,2.40,0.00,0.00,0.00,1.0,95830.0,95350.0,0.0,0.0,0.5,0.0,64.309,0.000,0.0,654493.5
2026-08-31T16:26:58,0.2,4644,1547350,1531523,0.3,0.00,0.66,0.00,2.64,0.00,0.00,0.00,1.0,95830.0,95350.0,0.0,0.0,0.5,0.0,64.268,0.000,0.0,668185.0
2026-08-31T16:26:59,0.2,4645,1547350,1531523,0.3,0.00,0.60,0.00,2.40,0.00,0.00,0.00,1.0,95830.0,95350.0,0.0,0.0,0.5,0.0,64.315,0.000,0.0,647667.0
2026-08-31T16:27:01,0.3,4648,1547350,1531519,0.3,0.00,0.65,0.00,2.60,0.00,0.00,0.00,1.0,95830.0,95350.0,0.0,0.0,0.5,0.0,64.298,0.000,0.0,670101.5
2026-08-31T16:27:03,0.2,4649,1547350,1531519,0.3,0.00,0.60,0.00,2.41,0.00,0.00,0.00,1.0,95830.0,95350.0,0.0,0.0,0.5,0.0,64.311,0.000,0.0,657382.5
2026-08-31T16:27:04,1.1,4651,1547350,1531517,0.3,0.00,0.65,0.00,2.61,0.00,1.00,0.07,1.0,95830.0,95350.0,0.0,0.0,0.5,0.0,64.331,0.000,0.0,651942.5
2026-08-31T16:27:06,0.2,4651,1547350,1531516,0.3,0.00,1.77,0.00,14.78,0.00,0.00,0.00,1.0,95830.0,95350.0,0.0,0.0,0.5,0.0,64.334,0.000,0.0,654492.5
2026-08-31T16:27:08,0.2,4651,1547350,1531517,0.3,0.00,0.54,0.00,2.18,0.00,0.00,0.00,1.0,95830.0,95350.0,0.0,0.0,0.5,0.0,64.287,0.000,0.0,657018.5
2026-08-31T16:27:09,0.2,4652,1547350,1531516,0.3,0.00,0.66,0.00,2.63,0.00,0.00,0.00,1.0,95830.0,95350.0,0.0,0.0,0.5,0.0,64.299,0.000,0.0,658517.0
2026-08-31T16:27:11,0.2,4651,1547350,1531516,0.3,0.00,0.60,0.00,2.40,0.00,0.00,0.00,1.0,95830.0,95350.0,0.0,0.0,0.5,0.0,64.302,0.000,0.0,657397.5
2026-08-31T16:27:13,0.2,4652,1547350,1531516,0.3,0.00,0.54,0.00,2.18,0.00,0.00,0.00,1.0,95830.0,95350.0,0.0,0.0,0.5,0.0,64.291,0.000,0.0,654509.5
2026-08-31T16:27:14,0.2,4653,1547350,1531514,0.3,0.00,0.63,0.00,2.53,0.00,0.00,0.00,1.0,95830.0,95350.0,0.0,0.0,0.5,0.0,64.305,0.000,0.0,657739.5
2026-08-31T16:27:16,0.2,4653,1547350,1531514,0.3,0.00,0.61,0.00,2.45,0.00,0.00,0.00,1.0,95830.0,95350.0,0.0,0.0,0.5,0.0,64.263,0.000,0.0,657358.5
2026-08-31T16:27:18,0.2,4653,1547350,1531514,0.3,0.00,0.61,0.00,2.45,0.00,0.00,0.00,1.0,95830.0,95350.0,0.0,0.0,0.5,0.0,64.283,0.000,0.0,668064.5
2026-08-31T16:27:19,0.2,4654,1547350,1531513,0.3,0.00,0.62,0.00,2.49,0.00,0.00,0.00,1.0,95830.0,95350.0,0.0,0.0,0.5,0.0,64.322,0.000,0.0,656295.5
2026-08-31T16:27:21,0.2,4654,1547350,1531514,0.3,0.00,0.56,0.00,2.23,0.00,0.00,0.00,1.0,95830.0,95350.0,0.0,0.0,0.5,0.0,64.306,0.000,0.0,653314.0
2026-08-31T16:27:23,0.2,4654,1547350,1531514,0.3,0.00,0.54,0.00,2.18,0.00,0.00,0.00,1.0,95830.0,95350.0,0.0,0.0,0.5,0.0,64.303,0.000,0.0,650023.5
2026-08-31T16:27:25,0.2,4655,1547350,1531512,0.3,0.00,0.56,0.00,2.24,0.00,0.00,0.00,1.0,95830.0,95350.0,0.0,0.0,0.5,0.0,64.284,0.000,0.0,651088.0
2026-08-31T16:27:27,0.2,4654,1547350,1531513,0.3,0.00,0.45,0.00,1.78,0.00,0.00,0.00,1.0,95830.0,95350.0,0.0,0.0,0.5,0.0,64.285,0.000,0.0,642124.0
2026-08-31T16:27:29,0.2,4654,1547350,1531513,0.3,0.00,0.50,0.00,2.01,0.00,0.00,0.00,1.0,95830.0,95350.0,0.0,0.0,0.5,0.0,64.298,0.000,0.0,645840.5
2026-08-31T16:27:31,0.2,4654,1547350,1531513,0.3,0.00,0.57,0.00,2.28,0.00,0.00,0.00,1.0,95830.0,95350.0,0.0,0.0,0.5,0.0,64.299,0.000,0.0,672215.0
2026-08-31T16:27:32,0.2,4655,1547350,1531513,0.3,0.00,4.54,0.00,21.18,0.00,0.17,0.00,1.0,95830.0,95350.0,0.0,0.0,0.5,0.0,64.299,0.000,0.0,670804.0
2026-08-31T16:27:33,0.2,4655,1547350,1531512,0.3,0.00,0.78,0.00,3.13,0.00,0.00,0.00,1.0,95830.0,95350.0,0.0,0.0,0.5,0.0,64.274,0.000,0.0,671017.0
2026-08-31T16:27:35,0.2,4656,1547350,1531511,0.3,0.00,0.68,0.00,2.73,0.00,0.00,0.00,1.0,95830.0,95350.0,0.0,0.0,0.5,0.0,64.309,0.000,0.0,665522.0
2026-08-31T16:27:36,0.2,4656,1547350,1531511,0.3,0.00,2.38,0.00,17.45,0.00,0.00,0.00,1.0,95830.0,95350.0,0.0,0.0,0.5,0.0,64.296,0.000,0.0,662754.0
2026-08-31T16:27:37,0.2,4656,1547350,1531511,0.3,0.00,2.13,0.00,11.34,0.00,0.00,0.00,1.0,95830.0,95350.0,0.0,0.0,0.5,0.0,64.282,0.000,0.0,668375.5
2026-08-31T16:27:39,0.2,4657,1547350,1531511,0.3,0.00,0.68,0.00,2.70,0.00,0.00,0.00,1.0,95830.0,95350.0,0.0,0.0,0.5,0.0,64.314,0.000,0.0,664448.5
2026-08-31T16:27:40,0.2,4657,1547350,1531511,0.3,0.00,0.77,0.00,3.07,0.00,0.00,0.00,1.0,95830.0,95350.0,0.0,0.0,0.5,0.0,64.291,0.000,0.0,670398.0
2026-08-31T16:27:41,0.2,4658,1547350,1531510,0.3,0.00,1.50,0.00,5.98,0.00,0.50,0.00,1.0,95830.0,95350.0,0.0,0.0,0.5,0.0,64.279,0.000,0.0,661466.0
2026-08-31T16:27:43,0.2,4657,1547350,1531510,0.3,0.00,0.64,0.00,2.57,0.00,0.00,0.00,1.0,95830.0,95350.0,0.0,0.0,0.5,0.0,64.314,0.000,0.0,681019.5
2026-08-31T16:27:44,0.2,4657,1547350,1531510,0.3,0.00,0.76,0.00,3.02,0.00,0.00,0.00,1.0,95830.0,95350.0,0.0,0.0,0.5,0.0,64.278,0.000,0.0,663508.5
2026-08-31T16:27:46,0.2,4658,1547350,1531510,0.3,0.00,0.65,0.00,2.60,0.00,0.00,0.07,1.0,95830.0,95350.0,0.0,0.0,0.5,0.0,64.266,0.000,0.0,658192.5
2026-08-31T16:27:47,0.2,4659,1547350,1531508,0.3,0.00,0.63,0.00,2.52,0.00,0.00,0.00,1.0,95830.0,95350.0,0.0,0.0,0.5,0.0,64.265,0.000,0.0,670054.5
2026-08-31T16:27:49,0.2,4659,1547350,1531508,0.3,0.00,0.70,0.00,2.81,0.00,0.00,0.00,1.0,95830.0,95350.0,0.0,0.0,0.5,0.0,64.294,0.000,0.0,663685.0
2026-08-31T16:27:50,0.2,4660,1547350,1531508,0.3,0.00,0.67,0.00,2.68,0.00,0.00,0.00,1.0,95830.0,95350.0,0.0,0.0,0.5,0.0,64.279,0.000,0.0,667584.0
2026-08-31T16:27:52,0.2,4660,1547350,1531507,0.3,0.00,0.65,0.00,2.62,0.00,0.00,0.00,1.0,95830.0,95350.0,0.0,0.0,0.5,0.0,64.310,0.000,0.0,649173.5
2026-08-31T16:27:54,0.2,4661,1547350,1531507,0.3,0.00,0.54,0.00,2.15,0.00,0.00,0.00,1.0,95830.0,95350.0,0.0,0.0,0.5,0.0,64.284,0.000,0.0,691055.0
2026-08-31T16:27:55,0.2,4662,1547350,1531506,0.3,0.00,0.66,0.00,2.66,0.00,0.00,0.00,1.0,95830.0,95350.0,0.0,0.0,0.5,0.0,64.285,0.000,0.0,659372.5
2026-08-31T16:27:57,0.2,4661,1547350,1531506,0.3,0.00,0.59,0.00,2.37,0.00,0.00,0.00,1.0,95830.0,95350.0,0.0,0.0,0.5,0.0,64.282,0.000,0.0,664984.0
2026-08-31T16:27:58,0.2,4662,1547350,1531506,0.3,0.00,0.65,0.00,2.59,0.00,0.00,0.00,1.0,95830.0,95350.0,0.0,0.0,0.5,0.0,64.291,0.000,0.0,654399.0
2026-08-31T16:28:00,0.2,4662,1547350,1531506,0.3,0.00,0.61,0.00,2.43,0.00,0.00,0.00,1.0,95830.0,95350.0,0.0,0.0,0.5,0.0,64.249,0.000,0.0,658850.0
2026-08-31T16:28:02,0.3,4666,1547350,1531501,0.3,0.00,0.60,0.00,2.41,0.00,0.00,0.00,1.0,95830.0,95350.0,0.0,0.0,0.5,0.0,64.288,0.000,0.0,658671.5
2026-08-31T16:28:04,0.2,4667,1547350,1531500,0.3,0.00,0.57,0.00,2.27,0.00,0.00,0.00,1.0,95830.0,95350.0,0.0,0.0,0.5,0.0,64.273,0.000,0.0,656340.5
2026-08-31T16:28:05,0.2,4668,1547350,1531500,0.3,0.00,1.82,0.00,15.15,0.00,0.00,0.00,1.0,95830.0,95350.0,0.0,0.0,0.5,0.0,64.284,0.000,0.0,658794.0
2026-08-31T16:28:07,0.2,4670,1547350,1531498,0.3,0.00,0.61,0.00,2.44,0.00,0.00,0.00,1.0,95830.0,95350.0,0.0,0.0,0.5,0.0,64.274,0.000,0.0,650537.5
2026-08-31T16:28:09,0.2,4672,1547350,1531496,0.3,0.00,0.58,0.00,2.32,0.00,1.00,0.00,1.0,95830.0,95350.0,0.0,0.0,0.5,0.0,64.307,0.000,0.0,657515.5
2026-08-31T16:28:10,0.2,4671,1547350,1531496,0.3,0.00,0.61,0.00,2.44,0.00,0.00,0.00,1.0,95830.0,95350.0,0.0,0.0,0.5,0.0,64.297,0.000,0.0,657689.5
2026-08-31T16:28:12,0.2,4666,1547350,1531501,0.3,0.00,0.61,0.00,2.43,0.00,0.00,0.00,1.0,95830.0,95350.0,0.0,0.0,0.5,0.0,64.257,0.000,0.0,657325.5
2026-08-31T16:28:13,0.2,4667,1547350,1531501,0.3,0.00,1.22,0.00,4.90,0.00,0.00,0.00,1.0,95830.0,95350.0,0.0,0.0,0.5,0.0,64.308,0.000,0.0,653372.0
2026-08-31T16:28:15,0.2,4668,1547350,1531499,0.3,0.00,0.56,0.00,2.24,0.00,0.00,0.00,1.0,95830.0,95350.0,0.0,0.0,0.5,0.0,64.304,0.000,0.0,655011.0
2026-08-31T16:28:17,0.2,4670,1547350,1531498,0.3,0.00,0.62,0.00,2.47,0.00,0.00,0.00,1.0,95830.0,95350.0,0.0,0.0,0.5,0.0,64.301,0.000,0.0,653184.0
2026-08-31T16:28:19,0.2,4671,1547350,1531496,0.3,0.00,0.54,0.00,2.14,0.00,0.00,0.00,1.0,95830.0,95350.0,0.0,0.0,0.5,0.0,64.302,0.000,0.0,648956.0
2026-08-31T16:28:21,0.2,4672,1547350,1531496,0.3,0.00,0.56,0.00,2.25,0.00,0.00,0.00,1.0,95830.0,95350.0,0.0,0.0,0.5,0.0,64.302,0.000,0.0,651734.0
2026-08-31T16:28:22,0.2,4673,1547350,1531494,0.3,0.00,0.56,0.00,2.24,0.00,0.00,0.00,1.0,95830.0,95350.0,0.0,0.0,0.5,0.0,64.246,0.000,0.0,649254.0
2026-08-31T16:28:24,0.2,4674,1547350,1531494,0.3,0.00,0.50,0.00,1.98,0.00,0.00,0.00,1.0,95830.0,95350.0,0.0,0.0,0.5,0.0,64.288,0.000,0.0,648119.5
2026-08-31T16:28:26,0.2,4674,1547350,1531494,0.3,0.00,0.55,0.00,2.19,0.00,0.00,0.00,1.0,95830.0,95350.0,0.0,0.0,0.5,0.0,64.268,0.000,0.0,652289.5
2026-08-31T16:28:28,0.2,4675,1547350,1531492,0.3,0.00,0.47,0.00,1.88,0.00,0.00,0.00,1.0,95830.0,95350.0,0.0,0.0,0.5,0.0,64.284,0.000,0.0,645949.5
2026-08-31T16:28:30,0.2,4676,1547350,1531492,0.3,0.00,0.53,0.00,2.10,0.00,0.00,0.00,1.0,95830.0,95350.0,0.0,0.0,0.5,0.0,64.281,0.000,0.0,661666.5
2026-08-31T16:28:32,0.2,4676,1547350,1531492,0.3,0.00,0.51,0.00,2.04,0.00,0.00,0.00,1.0,95830.0,95350.0,0.0,0.0,0.5,0.0,64.297,0.000,0.0,658903.5
2026-08-31T16:28:34,0.2,4676,1547350,1531492,0.3,0.00,4.05,0.00,18.91,0.00,0.17,0.00,1.0,95830.0,95350.0,0.0,0.0,0.5,0.0,64.260,0.000,0.0,656404.0
2026-08-31T16:28:35,0.2,4676,1547350,1531492,0.3,0.00,2.68,0.00,27.16,0.00,0.00,0.00,1.0,95830.0,95350.0,0.0,0.0,0.5,0.0,64.284,0.000,0.0,674418.5
2026-08-31T16:28:36,0.2,4676,1547350,1531491,0.3,0.00,1.55,0.00,3.86,0.00,0.00,0.00,1.0,95830.0,95350.0,0.0,0.0,0.5,0.0,64.257,0.000,0.0,670969.0
2026-08-31T16:28:38,0.2,4677,1547350,1531490,0.3,0.00,1.50,0.00,5.99,0.00,0.00,0.00,1.0,95830.0,95350.0,0.0,0.0,0.5,0.0,64.265,0.000,0.0,662299.0
2026-08-31T16:28:39,0.2,4679,1547350,1531488,0.3,0.00,0.63,0.00,2.51,0.00,0.00,0.00,1.0,95830.0,95350.0,0.0,0.0,0.5,0.0,64.252,0.000,0.0,664279.0
2026-08-31T16:28:41,0.2,4679,1547350,1531489,0.3,0.00,0.67,0.00,2.70,0.00,1.00,0.00,1.0,95830.0,95350.0,0.0,0.0,0.5,0.0,64.285,0.000,0.0,664279.0
2026-08-31T16:28:42,0.2,4679,1547350,1531489,0.3,0.00,1.17,0.00,4.69,0.00,0.00,0.00,1.0,95830.0,95350.0,0.0,0.0,0.5,0.0,64.276,0.000,0.0,686471.5
2026-08-31T16:28:43,0.2,4680,1547350,1531488,0.3,0.00,1.98,0.00,10.57,0.00,0.00,0.00,1.0,95830.0,95350.0,0.0,0.0,0.5,0.0,64.304,0.000,0.0,664564.5
2026-08-31T16:28:45,0.2,4681,1547350,1531487,0.3,0.00,0.66,0.00,2.65,0.00,0.00,0.00,1.0,95830.0,95350.0,0.0,0.0,0.5,0.0,64.286,0.000,0.0,685091.5
2026-08-31T16:28:46,0.2,4680,1547350,1531487,0.3,0.00,0.66,0.00,2.62,0.00,0.00,0.00,1.0,95830.0,95350.0,0.0,0.0,0.5,0.0,64.294,0.000,0.0,675944.5
2026-08-31T16:28:48,0.2,4681,1547350,1531487,0.3,0.00,0.69,0.00,2.75,0.00,0.00,0.00,1.0,95830.0,95350.0,0.0,0.0,0.5,0.0,64.286,0.000,0.0,672847.5
2026-08-31T16:28:49,0.2,4681,1547350,1531486,0.3,0.00,0.65,0.00,2.59,0.00,0.00,0.00,1.0,95830.0,95350.0,0.0,0.0,0.5,0.0,64.269,0.000,0.0,660415.0
2026-08-31T16:28:51,0.2,4682,1547350,1531486,0.3,0.00,0.66,0.00,2.63,0.00,0.00,0.00,1.0,95830.0,95350.0,0.0,0.0,0.5,0.0,64.298,0.000,0.0,660368.5
2026-08-31T16:28:52,0.2,4682,1547350,1531486,0.3,0.00,0.66,0.00,2.63,0.00,0.00,0.00,1.0,95830.0,95350.0,0.0,0.0,0.5,0.0,64.282,0.000,0.0,673006.0
2026-08-31T16:28:54,0.2,4682,1547350,1531485,0.3,0.00,0.45,0.00,1.79,0.00,0.00,0.00,1.0,95830.0,95350.0,0.0,0.0,0.5,0.0,64.275,0.000,0.0,643135.5
2026-08-31T16:28:56,0.2,4683,1547350,1531485,0.3,0.00,0.62,0.00,2.50,0.00,0.00,0.00,1.0,95830.0,95350.0,0.0,0.0,0.5,0.0,64.236,0.000,0.0,674850.0
2026-08-31T16:28:58,0.2,4684,1547350,1531484,0.3,0.00,0.65,0.00,2.61,0.00,0.00,0.00,1.0,95830.0,95350.0,0.0,0.0,0.5,0.0,64.258,0.000,0.0,665143.0
2026-08-31T16:28:59,0.2,4683,1547350,1531485,0.3,0.00,0.53,0.00,2.14,0.00,0.00,0.00,1.0,95830.0,95350.0,0.0,0.0,0.5,0.0,64.263,0.000,0.0,664046.0
2026-08-31T16:29:01,0.3,4689,1547350,1531479,0.3,0.00,0.62,0.00,2.46,0.00,0.00,0.00,1.0,95830.0,95350.0,0.0,0.0,0.5,0.0,64.261,0.000,0.0,656212.0
2026-08-31T16:29:03,0.2,4689,1547350,1531479,0.3,0.00,0.64,0.00,2.57,0.00,0.00,0.00,1.0,95830.0,95350.0,0.0,0.0,0.5,0.0,64.242,0.000,0.0,661759.0
2026-08-31T16:29:05,0.2,4690,1547350,1531477,0.3,0.00,0.54,0.00,2.18,0.00,0.00,0.00,1.0,95830.0,95350.0,0.0,0.0,0.5,0.0,64.266,0.000,0.0,650940.0
2026-08-31T16:29:06,0.2,4692,1547350,1531476,0.3,0.00,3.69,0.00,20.59,0.00,0.17,0.00,1.0,95830.0,95350.0,0.0,0.0,0.5,0.0,64.281,0.000,0.0,656969.0
2026-08-31T16:29:08,0.2,4693,1547350,1531475,0.3,0.00,0.63,0.00,2.53,0.00,0.00,0.00,1.0,95830.0,95350.0,0.0,0.0,0.5,0.0,64.241,0.000,0.0,661098.0
2026-08-31T16:29:09,0.2,4694,1547350,1531474,0.3,0.00,0.59,0.00,2.36,0.00,0.00,0.00,1.0,95830.0,95350.0,0.0,0.0,0.5,0.0,64.278,0.000,0.0,650037.5
2026-08-31T16:29:11,0.2,4689,1547350,1531478,0.3,0.00,0.57,0.00,2.27,0.00,0.00,0.00,1.0,95830.0,95350.0,0.0,0.0,0.5,0.0,64.259,0.000,0.0,657714.5
2026-08-31T16:29:13,0.2,4690,1547350,1531478,0.3,0.00,0.62,0.00,2.50,0.00,0.00,0.00,1.0,95830.0,95350.0,0.0,0.0,0.5,0.0,64.275,0.000,0.0,663473.5
2026-08-31T16:29:15,0.2,4691,1547350,1531477,0.3,0.00,1.12,0.00,4.48,0.00,0.00,0.00,1.0,95830.0,95350.0,0.0,0.0,0.5,0.0,64.288,0.000,0.0,635483.5
2026-08-31T16:29:16,0.2,4691,1547350,1531476,0.3,0.00,0.60,0.00,2.39,0.00,0.00,0.06,1.0,95830.0,95350.0,0.0,0.0,0.5,0.0,64.283,0.000,0.0,668040.5
2026-08-31T16:29:18,0.2,4690,1547350,1531477,0.3,0.00,0.57,0.00,2.26,0.00,0.00,0.00,1.0,95830.0,95350.0,0.0,0.0,0.5,0.0,64.254,0.000,0.0,656244.0
2026-08-31T16:29:20,0.2,4692,1547350,1531476,0.3,0.00,0.61,0.00,2.44,0.00,0.00,0.00,1.0,95830.0,95350.0,0.0,0.0,0.5,0.0,64.236,0.000,0.0,651473.0
2026-08-31T16:29:21,0.2,4691,1547350,1531476,0.3,0.00,0.55,0.00,2.21,0.00,0.00,0.00,1.0,95830.0,95350.0,0.0,0.0,0.5,0.0,64.290,0.000,0.0,651427.0
2026-08-31T16:29:23,0.2,4692,1547350,1531476,0.3,0.00,0.55,0.00,2.19,0.00,0.00,0.00,1.0,95830.0,95350.0,0.0,0.0,0.5,0.0,64.281,0.000,0.0,634226.5
2026-08-31T16:29:25,0.2,4692,1547350,1531476,0.3,0.00,0.48,0.00,1.92,0.00,0.00,0.00,1.0,95830.0,95350.0,0.0,0.0,0.5,0.0,64.288,0.000,0.0,664818.5
2026-08-31T16:29:27,0.2,4693,1547350,1531475,0.3,0.00,0.52,0.00,2.07,0.00,1.00,0.00,1.0,95830.0,95350.0,0.0,0.0,0.5,0.0,64.260,0.000,0.0,651162.0
2026-08-31T16:29:29,0.2,4693,1547350,1531475,0.3,0.00,0.50,0.00,1.98,0.00,0.00,0.00,1.0,95830.0,95350.0,0.0,0.0,0.5,0.0,64.282,0.000,0.0,695309.5
2026-08-31T16:29:32,0.2,4694,1547350,1531474,0.3,0.00,0.45,0.00,1.81,0.00,0.00,0.00,1.0,95830.0,95350.0,0.0,0.0,0.5,0.0,64.268,0.000,0.0,646721.0
2026-08-31T16:29:33,0.2,4693,1547350,1531475,0.3,0.00,0.51,0.00,2.03,0.00,0.00,0.00,1.0,95830.0,95350.0,0.0,0.0,0.5,0.0,64.293,0.000,0.0,667166.0
2026-08-31T16:29:35,0.2,4693,1547350,1531474,0.3,0.00,3.70,0.00,17.27,0.00,0.00,0.00,1.0,95830.0,95350.0,0.0,0.0,0.5,0.0,64.285,0.000,0.0,679021.5
2026-08-31T16:29:36,0.2,4694,1547350,1531474,0.3,0.00,2.20,0.00,16.15,0.00,0.00,0.00,1.0,95830.0,95350.0,0.0,0.0,0.5,0.0,64.239,0.000,0.0,664224.0
2026-08-31T16:29:38,0.2,4696,1547350,1531472,0.3,0.00,0.74,0.00,2.97,0.00,0.00,0.00,1.0,95830.0,95350.0,0.0,0.0,0.5,0.0,64.243,0.000,0.0,675528.0
2026-08-31T16:29:39,0.2,4695,1547350,1531472,0.3,0.00,1.31,0.00,7.88,0.00,0.00,0.00,1.0,95830.0,95350.0,0.0,0.0,0.5,0.0,64.255,0.000,0.0,659330.5
2026-08-31T16:29:41,0.2,4695,1547350,1531472,0.3,0.00,0.68,0.00,2.72,0.00,0.00,0.00,1.0,95830.0,95350.0,0.0,0.0,0.5,0.0,64.230,0.000,0.0,669361.5
2026-08-31T16:29:42,0.2,4695,1547350,1531472,0.3,0.00,0.65,0.00,2.59,0.00,1.00,0.00,1.0,95830.0,95350.0,0.0,0.0,0.5,0.0,64.252,0.000,0.0,625460.0
2026-08-31T16:29:47,0.1,4695,1547350,1531473,0.3,0.00,0.63,0.00,3.38,0.00,0.00,0.00,1.0,95830.0,95350.0,0.0,0.0,0.5,0.0,64.269,0.000,0.0,614181.5
2026-08-31T16:29:52,0.1,4695,1547350,1531473,0.3,0.00,0.20,0.00,0.82,0.00,0.00,0.00,1.0,95830.0,95350.0,0.0,0.0,0.5,0.0,64.283,0.000,0.0,667886.5
2026-08-31T16:29:54,0.2,4695,1547350,1531473,0.3,0.00,0.58,0.00,2.34,0.00,0.00,0.00,1.0,95830.0,95350.0,0.0,0.0,0.5,0.0,64.245,0.000,0.0,699984.5
2026-08-31T16:29:55,0.2,4696,1547350,1531472,0.3,0.00,0.63,0.00,2.53,0.00,0.00,0.00,1.0,95830.0,95350.0,0.0,0.0,0.5,0.0,64.273,0.000,0.0,657376.0
2026-08-31T16:29:57,0.2,4696,1547350,1531472,0.3,0.00,0.62,0.00,2.48,0.00,0.00,0.00,1.0,95830.0,95350.0,0.0,0.0,0.5,0.0,64.218,0.000,0.0,679973.0
2026-08-31T16:29:59,0.2,4697,1547350,1531471,0.3,0.00,0.60,0.00,2.39,0.00,0.00,0.00,1.0,95830.0,95350.0,0.0,0.0,0.5,0.0,64.263,0.000,0.0,661844.5
2026-08-31T16:30:00,0.2,4698,1547350,1531470,0.3,0.00,0.65,0.00,2.58,0.00,0.00,0.00,1.0,95830.0,95350.0,0.0,0.0,0.5,0.0,64.217,0.000,0.0,651897.5
2026-08-31T16:30:02,0.2,4700,1547350,1531467,0.3,0.00,0.53,0.00,2.14,0.00,0.00,0.00,1.0,95830.0,95350.0,0.0,0.0,0.5,0.0,64.249,0.000,0.0,659388.0
2026-08-31T16:30:04,0.2,4700,1547350,1531467,0.3,0.00,0.62,0.00,2.48,0.00,0.00,0.00,1.0,95830.0,95350.0,0.0,0.0,0.5,0.0,64.249,0.000,0.0,675480.5
2026-08-31T16:30:05,0.2,4701,1547350,1531467,0.3,0.00,0.63,0.00,2.54,0.00,0.00,0.00,1.0,95830.0,95350.0,0.0,0.0,0.5,0.0,64.252,0.000,0.0,651597.0
2026-08-31T16:30:07,0.2,4701,1547350,1531466,0.3,0.00,2.14,0.00,14.16,0.00,0.00,0.00,1.0,95830.0,95350.0,0.0,0.0,0.5,0.0,64.256,0.000,0.0,674990.0
2026-08-31T16:30:09,0.2,4704,1547350,1531463,0.3,0.00,0.50,0.00,1.98,0.00,0.00,0.00,1.0,95830.0,95350.0,0.0,0.0,0.5,0.0,64.220,0.000,0.0,650765.0
2026-08-31T16:30:11,0.2,4702,1547350,1531465,0.3,0.00,0.99,0.00,3.97,0.00,0.00,0.00,1.0,95830.0,95350.0,0.0,0.0,0.5,0.0,64.257,0.000,0.0,691371.5
2026-08-31T16:30:12,0.2,4702,1547350,1531465,0.3,0.00,1.03,0.00,4.10,0.00,0.00,0.00,1.0,95830.0,95350.0,0.0,0.0,0.5,0.0,64.258,0.000,0.0,682387.5
2026-08-31T16:30:13,0.2,4703,1547350,1531465,0.3,0.00,0.95,0.00,3.78,0.00,1.00,0.00,1.0,95830.0,95350.0,0.0,0.0,0.5,0.0,64.257,0.000,0.0,697320.5
2026-08-31T16:30:14,0.2,4703,1547350,1531465,0.3,0.00,0.73,0.00,2.93,0.00,0.00,0.00,1.0,95830.0,95350.0,0.0,0.0,0.5,0.0,64.234,0.000,0.0,653066.5
2026-08-31T16:30:16,0.2,4704,1547350,1531464,0.3,0.00,0.58,0.00,2.31,0.00,0.00,0.00,1.0,95830.0,95350.0,0.0,0.0,0.5,0.0,64.246,0.000,0.0,656170.0
2026-08-31T16:30:18,0.2,4704,1547350,1531463,0.3,0.00,0.59,0.00,2.37,0.00,0.00,0.00,1.0,95830.0,95350.0,0.0,0.0,0.5,0.0,64.204,0.000,0.0,655356.5
2026-08-31T16:30:20,0.2,4704,1547350,1531464,0.3,0.00,1.11,0.00,4.42,0.00,0.00,0.00,1.0,95830.0,95350.0,0.0,0.0,0.5,0.0,64.270,0.000,0.0,646219.0
2026-08-31T16:30:22,0.2,4704,1547350,1531463,0.3,0.00,0.49,0.00,1.97,0.00,0.00,0.00,1.0,95830.0,95350.0,0.0,0.0,0.5,0.0,64.263,0.000,0.0,646219.0
2026-08-31T16:30:23,0.2,4705,1547350,1531463,0.3,0.00,1.02,0.00,4.07,0.00,0.00,0.00,1.0,95830.0,95350.0,0.0,0.0,0.5,0.0,64.248,0.000,0.0,695074.5
2026-08-31T16:30:24,0.2,4705,1547350,1531463,0.3,0.00,0.82,0.00,3.29,0.00,0.00,0.00,1.0,95830.0,95350.0,0.0,0.0,0.5,0.0,64.229,0.000,0.0,661741.5
2026-08-31T16:30:26,0.2,4704,1547350,1531464,0.3,0.00,0.55,0.00,2.21,0.00,0.00,0.00,1.0,95830.0,95350.0,0.0,0.0,0.5,0.0,64.227,0.000,0.0,670510.0
2026-08-31T16:30:27,0.2,4704,1547350,1531463,0.3,0.00,0.71,0.00,2.84,0.00,0.00,0.00,1.0,95830.0,95350.0,0.0,0.0,0.5,0.0,64.237,0.000,0.0,652191.0
2026-08-31T16:30:29,0.2,4704,1547350,1531464,0.3,0.00,0.55,0.00,2.19,0.00,0.00,0.00,1.0,95830.0,95350.0,0.0,0.0,0.5,0.0,64.245,0.000,0.0,657549.0
2026-08-31T16:30:31,0.2,4705,1547350,1531462,0.3,0.00,0.56,0.00,2.24,0.00,0.00,0.00,1.0,95830.0,95350.0,0.0,0.0,0.5,0.0,64.273,0.000,0.0,679678.0
2026-08-31T16:30:33,0.2,4707,1547350,1531460,0.3,0.00,0.50,0.00,1.98,0.00,0.00,0.00,1.0,95830.0,95350.0,0.0,0.0,0.5,0.0,64.260,0.000,0.0,645524.0
2026-08-31T16:30:35,0.2,4708,1547350,1531460,0.3,0.00,0.49,0.00,1.97,0.00,0.00,0.00,1.0,95830.0,95350.0,0.0,0.0,0.5,0.0,64.258,0.000,0.0,654977.0
2026-08-31T16:30:36,0.2,4708,1547350,1531459,0.3,0.00,5.59,0.00,28.59,0.00,0.11,0.00,1.0,95830.0,95350.0,0.0,0.0,0.5,0.0,64.204,0.000,0.0,662467.0
2026-08-31T16:30:38,0.2,4709,1547350,1531459,0.3,0.00,0.74,0.00,2.95,0.00,0.00,0.00,1.0,95830.0,95350.0,0.0,0.0,0.5,0.0,64.223,0.000,0.0,662467.0
2026-08-31T16:30:39,0.2,4709,1547350,1531458,0.3,0.00,1.00,0.00,4.00,0.00,0.00,0.00,1.0,95830.0,95350.0,0.0,0.0,0.5,0.0,64.262,0.000,0.0,747188.5
2026-08-31T16:30:39,0.2,4710,1547350,1531458,0.3,0.00,1.88,0.00,7.50,0.00,0.00,0.00,1.0,95830.0,95350.0,0.0,0.0,0.5,0.0,64.243,0.000,0.0,668051.5
2026-08-31T16:30:40,0.2,4709,1547350,1531459,0.3,0.00,1.73,0.00,6.91,0.00,0.00,0.00,1.0,95830.0,95350.0,0.0,0.0,0.5,0.0,64.242,0.000,0.0,709666.0
2026-08-31T16:30:42,0.2,4710,1547350,1531457,0.3,0.00,0.61,0.00,2.42,0.00,0.00,0.00,1.0,95830.0,95350.0,0.0,0.0,0.5,0.0,64.266,0.000,0.0,709666.0
2026-08-31T16:30:43,0.2,4711,1547350,1531457,0.3,0.00,1.47,0.00,5.87,0.00,0.00,0.00,1.0,95830.0,95350.0,0.0,0.0,0.5,0.0,64.239,0.000,0.0,711078.0
2026-08-31T16:30:44,0.2,4711,1547350,1531457,0.3,0.00,0.84,0.00,3.38,0.00,0.00,0.00,1.0,95830.0,95350.0,0.0,0.0,0.5,0.0,64.254,0.000,0.0,656837.0
2026-08-31T16:30:46,0.2,4711,1547350,1531457,0.3,0.00,1.32,0.00,5.27,0.00,0.00,0.00,1.0,95830.0,95350.0,0.0,0.0,0.5,0.0,64.213,0.000,0.0,655311.5
2026-08-31T16:30:47,0.2,4712,1547350,1531456,0.3,0.00,0.60,0.00,2.39,0.00,0.00,0.00,1.0,95830.0,95350.0,0.0,0.0,0.5,0.0,64.261,0.000,0.0,696288.0
2026-08-31T16:30:48,0.2,4711,1547350,1531457,0.3,0.00,1.00,0.00,3.98,0.00,0.00,0.00,1.0,95830.0,95350.0,0.0,0.0,0.5,0.0,64.190,0.000,0.0,658060.0
2026-08-31T16:30:50,0.2,4711,1547350,1531456,0.3,0.00,0.60,0.00,2.41,0.00,1.00,0.00,1.0,95830.0,95350.0,0.0,0.0,0.5,0.0,64.237,0.000,0.0,664778.0
2026-08-31T16:30:51,0.2,4712,1547350,1531456,0.3,0.00,1.65,0.00,9.88,0.00,0.00,0.00,1.0,95830.0,95350.0,0.0,0.0,0.5,0.0,64.212,0.000,0.0,676379.0
2026-08-31T16:30:52,0.2,4711,1547350,1531457,0.3,0.00,0.85,0.00,3.40,0.00,0.00,0.00,1.0,95830.0,95350.0,0.0,0.0,0.5,0.0,64.222,0.000,0.0,676379.0
2026-08-31T16:30:53,0.2,4711,1547350,1531456,0.3,0.00,2.40,0.00,9.59,0.00,0.00,0.00,1.0,95830.0,95350.0,0.0,0.0,0.5,0.0,64.225,0.000,0.0,715372.5
2026-08-31T16:30:54,0.2,4712,1547350,1531456,0.3,0.00,0.76,0.00,3.05,0.00,0.00,0.00,1.0,95830.0,95350.0,0.0,0.0,0.5,0.0,64.208,0.000,0.0,652609.5
2026-08-31T16:30:55,0.2,4713,1547350,1531455,0.3,0.00,0.78,0.00,3.11,0.00,0.00,0.00,1.0,95830.0,95350.0,0.0,0.0,0.5,0.0,64.230,0.000,0.0,685614.5
2026-08-31T16:30:57,0.2,4715,1547350,1531453,0.3,0.00,0.60,0.00,2.42,0.00,0.00,0.00,1.0,95830.0,95350.0,0.0,0.0,0.5,0.0,64.237,0.000,0.0,686466.5
2026-08-31T16:30:58,0.2,4716,1547350,1531451,0.3,0.00,0.99,0.00,3.94,0.00,0.00,0.00,1.0,95830.0,95350.0,0.0,0.0,0.5,0.0,64.206,0.000,0.0,690881.0
2026-08-31T16:30:59,0.2,4717,1547350,1531451,0.3,0.00,0.72,0.00,2.90,0.00,0.00,0.00,1.0,95830.0,95350.0,0.0,0.0,0.5,0.0,64.245,0.000,0.0,667589.0
2026-08-31T16:31:01,0.2,4722,1547350,1531445,0.3,0.00,0.61,0.00,2.42,0.00,0.00,0.00,1.0,95830.0,95350.0,0.0,0.0,0.5,0.0,64.233,0.000,0.0,657858.5
2026-08-31T16:31:03,0.2,4724,1547350,1531444,0.3,0.00,0.57,0.00,2.28,0.00,0.00,0.00,1.0,95830.0,95350.0,0.0,0.0,0.5,0.0,64.223,0.000,0.0,640045.0
2026-08-31T16:31:04,0.2,4724,1547350,1531444,0.3,0.00,0.61,0.00,2.42,0.00,0.00,0.00,1.0,95830.0,95350.0,0.0,0.0,0.5,0.0,64.203,0.000,0.0,681305.5
2026-08-31T16:31:06,0.2,4725,1547350,1531443,0.3,0.00,2.46,0.00,23.71,0.00,0.00,0.00,1.0,95830.0,95350.0,0.0,0.0,0.5,0.0,64.220,0.000,0.0,652752.0
2026-08-31T16:31:07,0.2,4725,1547350,1531443,0.3,0.00,0.69,0.00,2.77,0.00,0.00,0.00,1.0,95830.0,95350.0,0.0,0.0,0.5,0.0,64.228,0.000,0.0,666066.0
2026-08-31T16:31:09,0.2,4725,1547350,1531443,0.3,0.00,0.63,0.00,2.51,0.00,0.00,0.00,1.0,95830.0,95350.0,0.0,0.0,0.5,0.0,64.263,0.000,0.0,658176.5
2026-08-31T16:31:11,0.2,4721,1547350,1531446,0.3,0.00,0.61,0.00,2.45,0.00,0.00,0.00,1.0,95830.0,95350.0,0.0,0.0,0.5,0.0,64.212,0.000,0.0,649368.5
2026-08-31T16:31:13,0.2,4722,1547350,1531446,0.3,0.00,0.53,0.00,2.10,0.00,0.00,0.00,1.0,95830.0,95350.0,0.0,0.0,0.5,0.0,64.249,0.000,0.0,649248.0
2026-08-31T16:31:14,0.2,4721,1547350,1531446,0.3,0.00,0.53,0.00,2.12,0.00,1.00,0.00,1.0,95830.0,95350.0,0.0,0.0,0.5,0.0,64.263,0.000,0.0,665513.0
2026-08-31T16:31:16,0.2,4721,1547350,1531447,0.3,0.00,0.81,0.00,3.22,0.00,0.00,0.00,1.0,95830.0,95350.0,0.0,0.0,0.5,0.0,64.233,0.000,0.0,647381.0
2026-08-31T16:31:18,0.2,4722,1547350,1531445,0.3,0.00,0.46,0.00,1.85,0.00,0.00,0.05,1.0,95830.0,95350.0,0.0,0.0,0.5,0.0,64.204,0.000,0.0,656463.0
2026-08-31T16:31:19,0.2,4723,1547350,1531445,0.3,0.00,0.68,0.00,2.74,0.00,0.00,0.00,1.0,95830.0,95350.0,0.0,0.0,0.5,0.0,64.185,0.000,0.0,660879.0
2026-08-31T16:31:21,0.2,4722,1547350,1531445,0.3,0.00,0.56,0.00,2.23,0.00,0.00,0.00,1.0,95830.0,95350.0,0.0,0.0,0.5,0.0,64.189,0.000,0.0,668277.5
2026-08-31T16:31:23,0.2,4723,1547350,1531445,0.3,0.00,1.19,0.00,4.76,0.00,0.00,0.00,1.0,95830.0,95350.0,0.0,0.0,0.5,0.0,64.221,0.000,0.0,669403.0
2026-08-31T16:31:25,0.2,4723,1547350,1531444,0.3,0.00,0.50,0.00,2.01,0.00,0.00,0.00,1.0,95830.0,95350.0,0.0,0.0,0.5,0.0,64.224,0.000,0.0,647402.5
2026-08-31T16:31:27,0.2,4724,1547350,1531444,0.3,0.00,0.51,0.00,2.03,0.00,0.00,0.00,1.0,95830.0,95350.0,0.0,0.0,0.5,0.0,64.192,0.000,0.0,650858.5
2026-08-31T16:31:29,0.2,4724,1547350,1531444,0.3,0.00,0.49,0.00,1.97,0.00,0.00,0.00,1.0,95830.0,95350.0,0.0,0.0,0.5,0.0,64.217,0.000,0.0,667339.5
2026-08-31T16:31:31,0.2,4723,1547350,1531445,0.3,0.00,0.54,0.00,2.18,0.00,0.00,0.00,1.0,95830.0,95350.0,0.0,0.0,0.5,0.0,64.230,0.000,0.0,652327.5
2026-08-31T16:31:33,0.2,4723,1547350,1531445,0.3,0.00,2.95,0.00,13.75,0.00,0.17,0.00,1.0,95830.0,95350.0,0.0,0.0,0.5,0.0,64.250,0.000,0.0,652327.5
2026-08-31T16:31:34,0.2,4724,1547350,1531444,0.3,0.00,1.03,0.00,4.10,0.00,0.00,0.00,1.0,95830.0,95350.0,0.0,0.0,0.5,0.0,64.189,0.000,0.0,705357.0
2026-08-31T16:31:35,0.2,4724,1547350,1531443,0.3,0.00,0.89,0.00,3.57,0.00,0.00,0.00,1.0,95830.0,95350.0,0.0,0.0,0.5,0.0,64.204,0.000,0.0,651895.5
2026-08-31T16:31:37,0.2,4725,1547350,1531443,0.3,0.00,1.67,0.00,12.22,0.00,0.00,0.00,1.0,95830.0,95350.0,0.0,0.0,0.5,0.0,64.200,0.000,0.0,659759.0
2026-08-31T16:31:38,0.2,4725,1547350,1531443,0.3,0.00,0.56,0.00,2.24,0.00,0.00,0.00,1.0,95830.0,95350.0,0.0,0.0,0.5,0.0,64.226,0.000,0.0,637309.0
2026-08-31T16:31:40,0.2,4726,1547350,1531442,0.3,0.00,0.62,0.00,2.48,0.00,0.00,0.06,1.0,95830.0,95350.0,0.0,0.0,0.5,0.0,64.234,0.000,0.0,676334.0
2026-08-31T16:31:42,0.2,4726,1547350,1531441,0.3,0.00,0.62,0.00,2.47,0.00,0.00,0.00,1.0,95830.0,95350.0,0.0,0.0,0.5,0.0,64.191,0.000,0.0,663792.0
2026-08-31T16:31:43,0.2,4727,1547350,1531441,0.3,0.00,1.82,0.00,7.29,0.00,0.00,0.00,1.0,95830.0,95350.0,0.0,0.0,0.5,0.0,64.185,0.000,0.0,657243.5
2026-08-31T16:31:45,0.2,4728,1547350,1531439,0.3,0.00,0.64,0.00,2.57,0.00,0.00,0.00,1.0,95830.0,95350.0,0.0,0.0,0.5,0.0,64.218,0.000,0.0,642583.5
2026-08-31T16:31:46,0.2,4729,1547350,1531439,0.3,0.00,0.61,0.00,2.43,0.00,0.00,0.00,1.0,95830.0,95350.0,0.0,0.0,0.5,0.0,64.195,0.000,0.0,681793.5
2026-08-31T16:31:48,0.2,4729,1547350,1531439,0.3,0.00,0.64,0.00,2.56,0.00,0.00,0.00,1.0,95830.0,95350.0,0.0,0.0,0.5,0.0,64.194,0.000,0.0,666195.0
2026-08-31T16:31:49,0.2,4729,1547350,1531438,0.3,0.00,1.52,0.00,6.06,0.00,0.00,0.00,1.0,95830.0,95350.0,0.0,0.0,0.5,0.0,64.195,0.000,0.0,709345.5
2026-08-31T16:31:50,0.2,4730,1547350,1531438,0.3,0.00,0.73,0.00,2.93,0.00,0.00,0.00,1.0,95830.0,95350.0,0.0,0.0,0.5,0.0,64.190,0.000,0.0,663552.5
2026-08-31T16:31:52,0.2,4730,1547350,1531437,0.3,0.00,0.60,0.00,2.40,0.00,0.00,0.00,1.0,95830.0,95350.0,0.0,0.0,0.5,0.0,64.183,0.000,0.0,677732.5
2026-08-31T16:31:53,0.2,4730,1547350,1531438,0.3,0.00,2.88,0.00,11.52,0.00,0.33,0.00,1.0,95830.0,95350.0,0.0,0.0,0.5,0.0,64.197,0.000,0.0,689131.5
2026-08-31T16:31:54,0.2,4730,1547350,1531438,0.3,0.00,0.61,0.00,2.44,0.00,0.00,0.00,1.0,95830.0,95350.0,0.0,0.0,0.5,0.0,64.192,0.000,0.0,689131.5
2026-08-31T16:31:55,0.2,4730,1547350,1531438,0.3,0.00,0.89,0.00,3.54,0.00,0.00,0.00,1.0,95830.0,95350.0,0.0,0.0,0.5,0.0,64.195,0.000,0.0,671305.0
2026-08-31T16:31:57,0.2,4730,1547350,1531437,0.3,0.00,0.63,0.00,2.53,0.00,0.00,0.00,1.0,95830.0,95350.0,0.0,0.0,0.5,0.0,64.210,0.000,0.0,652341.5
2026-08-31T16:31:59,0.2,4732,1547350,1531436,0.3,0.00,0.62,0.00,2.48,0.00,0.00,0.00,1.0,95830.0,95350.0,0.0,0.0,0.5,0.0,64.201,0.000,0.0,665151.5
2026-08-31T16:32:00,0.2,4732,1547350,1531436,0.3,0.00,0.61,0.00,2.46,0.00,0.00,0.00,1.0,95830.0,95350.0,0.0,0.0,0.5,0.0,64.206,0.000,0.0,655613.5
2026-08-31T16:32:02,0.3,4740,1547350,1531427,0.3,0.00,0.63,0.00,2.51,0.00,0.00,0.00,1.0,95830.0,95350.0,0.0,0.0,0.5,0.0,64.174,0.000,0.0,651612.0
2026-08-31T16:32:04,0.3,4742,1547350,1531426,0.3,0.00,0.54,0.00,2.17,0.00,0.00,0.00,1.0,95830.0,95350.0,0.0,0.0,0.5,0.0,64.210,0.000,0.0,721915.0
2026-08-31T16:32:05,0.2,4743,1547350,1531425,0.3,0.00,0.98,0.00,3.90,0.00,0.00,0.10,1.0,95830.0,95350.0,0.0,0.0,0.5,0.0,64.181,0.000,0.0,692837.0
2026-08-31T16:32:06,0.2,4743,1547350,1531424,0.3,0.00,0.72,0.00,2.88,0.00,0.00,0.00,1.0,95830.0,95350.0,0.0,0.0,0.5,0.0,64.160,0.000,0.0,658190.0
2026-08-31T16:32:08,0.2,4742,1547350,1531425,0.3,0.00,1.19,0.00,15.46,0.00,0.00,0.00,1.0,95830.0,95350.0,0.0,0.0,0.5,0.0,64.177,0.000,0.0,650154.0
2026-08-31T16:32:10,0.2,4742,1547350,1531426,0.3,0.00,0.51,0.00,2.06,0.00,0.00,0.00,1.0,95830.0,95350.0,0.0,0.0,0.5,0.0,64.190,0.000,0.0,662073.5
2026-08-31T16:32:11,0.2,4741,1547350,1531427,0.3,0.00,0.61,0.00,2.42,0.00,0.00,0.00,1.0,95830.0,95350.0,0.0,0.0,0.5,0.0,64.183,0.000,0.0,635162.5
2026-08-31T16:32:14,0.2,4741,1547350,1531427,0.3,0.00,0.46,0.00,1.83,0.00,0.00,0.00,1.0,95830.0,95350.0,0.0,0.0,0.5,0.0,64.203,0.000,0.0,662114.5
2026-08-31T16:32:15,0.2,4741,1547350,1531427,0.3,0.00,0.55,0.00,2.20,0.00,0.00,0.06,1.0,95830.0,95350.0,0.0,0.0,0.5,0.0,64.199,0.000,0.0,662114.5
2026-08-31T16:32:16,0.2,4742,1547350,1531426,0.3,0.00,1.00,0.00,4.01,0.00,0.00,0.00,1.0,95830.0,95350.0,0.0,0.0,0.5,0.0,64.190,0.000,0.0,680040.0
2026-08-31T16:32:18,0.2,4741,1547350,1531426,0.3,0.00,0.79,0.00,3.17,0.00,1.00,0.00,1.0,95830.0,95350.0,0.0,0.0,0.5,0.0,64.142,0.000,0.0,647928.0
2026-08-31T16:32:20,0.2,4742,1547350,1531426,0.3,0.00,0.46,0.00,1.84,0.00,0.00,0.00,1.0,95830.0,95350.0,0.0,0.0,0.5,0.0,64.146,0.000,0.0,676395.0
2026-08-31T16:32:21,0.2,4742,1547350,1531425,0.3,0.00,0.79,0.00,3.16,0.00,0.00,0.00,1.0,95830.0,95350.0,0.0,0.0,0.5,0.0,64.169,0.000,0.0,668663.5
2026-08-31T16:32:23,0.2,4742,1547350,1531425,0.3,0.00,0.64,0.00,2.55,0.00,0.00,0.00,1.0,95830.0,95350.0,0.0,0.0,0.5,0.0,64.184,0.000,0.0,637151.0
2026-08-31T16:32:25,0.2,4743,1547350,1531425,0.3,0.00,0.92,0.00,3.70,0.00,0.00,0.00,1.0,95830.0,95350.0,0.0,0.0,0.5,0.0,64.204,0.000,0.0,659061.5
2026-08-31T16:32:27,0.2,4743,1547350,1531425,0.3,0.00,0.48,0.00,1.93,0.00,0.00,0.00,1.0,95830.0,95350.0,0.0,0.0,0.5,0.0,64.180,0.000,0.0,645236.5
2026-08-31T16:32:29,0.2,4743,1547350,1531424,0.3,0.00,0.45,0.00,1.79,0.00,0.00,0.00,1.0,95830.0,95350.0,0.0,0.0,0.5,0.0,64.196,0.000,0.0,629185.5
2026-08-31T16:32:31,0.2,4743,1547350,1531425,0.3,0.00,0.55,0.00,2.18,0.00,0.00,0.00,1.0,95830.0,95350.0,0.0,0.0,0.5,0.0,64.172,0.000,0.0,672234.5
2026-08-31T16:32:33,0.2,4743,1547350,1531424,0.3,0.00,0.51,0.00,2.03,0.00,0.00,0.00,1.0,95830.0,95350.0,0.0,0.0,0.5,0.0,64.159,0.000,0.0,651718.5
2026-08-31T16:32:35,0.2,4743,1547350,1531424,0.3,0.00,2.96,0.00,11.82,0.00,0.17,0.00,1.0,95830.0,95350.0,0.0,0.0,0.5,0.0,64.184,0.000,0.0,657900.0
2026-08-31T16:32:37,0.2,4742,1547350,1531425,0.3,0.00,7.08,0.00,29.84,0.00,0.07,0.00,1.0,95830.0,95350.0,0.0,0.0,0.5,0.0,64.158,0.000,0.0,653963.5
2026-08-31T16:32:39,0.2,4743,1547350,1531424,0.3,0.00,0.58,0.00,2.33,0.00,0.00,0.00,1.0,95830.0,95350.0,0.0,0.0,0.5,0.0,64.147,0.000,0.0,658326.5
2026-08-31T16:32:40,0.2,4744,1547350,1531424,0.3,0.00,0.68,0.00,2.74,0.00,0.00,0.00,1.0,95830.0,95350.0,0.0,0.0,0.5,0.0,64.162,0.000,0.0,671628.5
2026-08-31T16:32:42,0.2,4744,1547350,1531424,0.3,0.00,0.65,0.00,2.58,0.00,0.00,0.00,1.0,95830.0,95350.0,0.0,0.0,0.5,0.0,64.182,0.000,0.0,656069.0
2026-08-31T16:32:43,0.2,4744,1547350,1531423,0.3,0.00,0.66,0.00,2.65,0.00,0.00,0.00,1.0,95830.0,95350.0,0.0,0.0,0.5,0.0,64.186,0.000,0.0,651038.0
2026-08-31T16:32:45,0.2,4745,1547350,1531422,0.3,0.00,1.62,0.00,6.49,0.00,0.00,0.00,1.0,95830.0,95350.0,0.0,0.0,0.5,0.0,64.163,0.000,0.0,659408.5
2026-08-31T16:32:47,0.2,4745,1547350,1531422,0.3,0.00,0.60,0.00,2.39,0.00,0.00,0.00,1.0,95830.0,95350.0,0.0,0.0,0.5,0.0,64.184,0.000,0.0,654548.5
2026-08-31T16:32:48,0.2,4746,1547350,1531421,0.3,0.00,0.66,0.00,2.65,0.00,0.00,0.00,1.0,95830.0,95350.0,0.0,0.0,0.5,0.0,64.165,0.000,0.0,658482.0
2026-08-31T16:32:50,0.2,4746,1547350,1531422,0.3,0.00,0.59,0.00,2.35,0.00,0.00,0.00,1.0,95830.0,95350.0,0.0,0.0,0.5,0.0,64.164,0.000,0.0,662093.0
2026-08-31T16:32:52,0.2,4746,1547350,1531421,0.3,0.00,0.60,0.00,2.41,0.00,0.00,0.00,1.0,95830.0,95350.0,0.0,0.0,0.5,0.0,64.163,0.000,0.0,655163.5
2026-08-31T16:32:53,0.2,4746,1547350,1531422,0.3,0.00,0.66,0.00,2.62,0.00,0.00,0.00,1.0,95830.0,95350.0,0.0,0.0,0.5,0.0,64.160,0.000,0.0,650482.5
2026-08-31T16:32:55,0.2,4746,1547350,1531422,0.3,0.00,1.06,0.00,4.26,0.00,0.00,0.00,1.0,95830.0,95350.0,0.0,0.0,0.5,0.0,64.160,0.000,0.0,656580.0
2026-08-31T16:32:57,0.2,4745,1547350,1531422,0.3,0.00,0.61,0.00,2.44,0.00,0.00,0.00,1.0,95830.0,95350.0,0.0,0.0,0.5,0.0,64.185,0.000,0.0,668040.5
2026-08-31T16:32:58,0.2,4745,1547350,1531422,0.3,0.00,0.66,0.00,2.62,0.00,1.00,0.00,1.0,95830.0,95350.0,0.0,0.0,0.5,0.0,64.162,0.000,0.0,661053.5
2026-08-31T16:33:00,0.2,4746,1547350,1531422,0.3,0.00,0.60,0.00,2.39,0.00,0.00,0.00,1.0,95830.0,95350.0,0.0,0.0,0.5,0.0,64.153,0.000,0.0,659653.5
2026-08-31T16:33:01,0.3,4749,1547350,1531418,0.3,0.00,0.64,0.00,2.57,0.00,0.00,0.00,1.0,95830.0,95350.0,0.0,0.0,0.5,0.0,64.166,0.000,0.0,654538.0
2026-08-31T16:33:03,0.2,4750,1547350,1531418,0.3,0.00,0.61,0.00,2.45,0.00,0.00,0.00,1.0,95830.0,95350.0,0.0,0.0,0.5,0.0,64.160,0.000,0.0,659724.0
2026-08-31T16:33:05,0.2,4751,1547350,1531416,0.3,0.00,0.58,0.00,2.31,0.00,0.00,0.00,1.0,95830.0,95350.0,0.0,0.0,0.5,0.0,64.141,0.000,0.0,651890.5
2026-08-31T16:33:06,0.2,4750,1547350,1531417,0.3,0.00,0.59,0.00,2.35,0.00,0.00,0.00,1.0,95830.0,95350.0,0.0,0.0,0.5,0.0,64.143,0.000,0.0,657840.0
2026-08-31T16:33:08,0.2,4751,1547350,1531417,0.3,0.00,1.24,0.00,11.14,0.00,0.00,0.00,1.0,95830.0,95350.0,0.0,0.0,0.5,0.0,64.154,0.000,0.0,658148.5
2026-08-31T16:33:10,0.2,4750,1547350,1531417,0.3,0.00,0.56,0.00,2.22,0.00,0.00,0.00,1.0,95830.0,95350.0,0.0,0.0,0.5,0.0,64.175,0.000,0.0,645965.5
2026-08-31T16:33:12,0.2,4747,1547350,1531421,0.3,0.00,0.54,0.00,2.14,0.00,0.00,0.00,1.0,95830.0,95350.0,0.0,0.0,0.5,0.0,64.135,0.000,0.0,650628.0
2026-08-31T16:33:14,0.2,4747,1547350,1531421,0.3,0.00,0.57,0.00,2.28,0.00,0.00,0.00,1.0,95830.0,95350.0,0.0,0.0,0.5,0.0,64.162,0.000,0.0,648045.5
2026-08-31T16:33:15,0.2,4746,1547350,1531422,0.3,0.00,0.52,0.00,2.10,0.00,0.00,0.00,1.0,95830.0,95350.0,0.0,0.0,0.5,0.0,64.155,0.000,0.0,654682.5
2026-08-31T16:33:17,0.2,4746,1547350,1531422,0.3,0.00,0.57,0.00,2.27,0.00,0.00,0.00,1.0,95830.0,95350.0,0.0,0.0,0.5,0.0,64.138,0.000,0.0,639739.5
2026-08-31T16:33:19,0.1,4745,1547350,1531422,0.3,0.00,0.54,0.00,2.14,0.00,0.00,0.00,1.0,95830.0,95350.0,0.0,0.0,0.5,0.0,64.176,0.000,0.0,643920.0
2026-08-31T16:33:22,0.2,4746,1547350,1531422,0.3,0.00,0.37,0.00,1.48,0.00,0.00,0.04,1.0,95830.0,95350.0,0.0,0.0,0.5,0.0,64.155,0.000,0.0,661030.5
2026-08-31T16:33:24,0.2,4746,1547350,1531421,0.3,0.00,0.48,0.00,1.93,0.00,0.00,0.00,1.0,95830.0,95350.0,0.0,0.0,0.5,0.0,64.150,0.000,0.0,642853.5
2026-08-31T16:33:26,0.2,4746,1547350,1531421,0.3,0.00,0.90,0.00,3.61,0.00,0.00,0.00,1.0,95830.0,95350.0,0.0,0.0,0.5,0.0,64.145,0.000,0.0,664874.5
2026-08-31T16:33:28,0.2,4746,1547350,1531422,0.3,0.00,0.49,0.00,1.97,0.00,1.00,0.00,1.0,95830.0,95350.0,0.0,0.0,0.5,0.0,64.168,0.000,0.0,661117.5
2026-08-31T16:33:30,0.2,4746,1547350,1531422,0.3,0.00,0.50,0.00,1.99,0.00,0.00,0.00,1.0,95830.0,95350.0,0.0,0.0,0.5,0.0,64.145,0.000,0.0,651601.5
2026-08-31T16:33:32,0.2,4746,1547350,1531421,0.3,0.00,2.99,0.00,13.94,0.00,0.00,0.00,1.0,95830.0,95350.0,0.0,0.0,0.5,0.0,64.144,0.000,0.0,642820.0
2026-08-31T16:33:34,0.2,4746,1547350,1531421,0.3,0.00,0.50,0.00,2.02,0.00,0.00,0.00,1.0,95830.0,95350.0,0.0,0.0,0.5,0.0,64.151,0.000,0.0,653255.5
2026-08-31T16:33:36,0.2,4746,1547350,1531421,0.3,0.00,0.45,0.00,1.79,0.00,0.00,0.00,1.0,95830.0,95350.0,0.0,0.0,0.5,0.0,64.169,0.000,0.0,647126.5
2026-08-31T16:33:38,0.2,4746,1547350,1531422,0.3,0.00,1.45,0.00,10.41,0.00,0.33,0.00,1.0,95830.0,95350.0,0.0,0.0,0.5,0.0,64.135,0.000,0.0,652899.0
2026-08-31T16:33:40,0.2,4746,1547350,1531422,0.3,0.00,0.59,0.00,2.38,0.00,0.00,0.06,1.0,95830.0,95350.0,0.0,0.0,0.5,0.0,64.130,0.000,0.0,653796.5
2026-08-31T16:33:42,0.2,4746,1547350,1531422,0.3,0.00,1.21,0.00,4.85,0.00,0.00,0.00,1.0,95830.0,95350.0,0.0,0.0,0.5,0.0,64.142,0.000,0.0,694091.5
2026-08-31T16:33:43,0.2,4745,1547350,1531422,0.3,0.00,0.66,0.00,2.62,0.00,0.00,0.00,1.0,95830.0,95350.0,0.0,0.0,0.5,0.0,64.122,0.000,0.0,659347.5
2026-08-31T16:33:45,0.2,4745,1547350,1531422,0.3,0.00,0.60,0.00,2.39,0.00,0.00,0.00,1.0,95830.0,95350.0,0.0,0.0,0.5,0.0,64.141,0.000,0.0,654688.0
2026-08-31T16:33:46,0.2,4746,1547350,1531422,0.3,0.00,1.33,0.00,5.34,0.00,0.00,0.00,1.0,95830.0,95350.0,0.0,0.0,0.5,0.0,64.119,0.000,0.0,665420.0
2026-08-31T16:33:48,0.2,4745,1547350,1531422,0.3,0.00,0.58,0.00,2.30,0.00,0.00,0.00,1.0,95830.0,95350.0,0.0,0.0,0.5,0.0,64.156,0.000,0.0,656110.0
2026-08-31T16:33:50,0.2,4745,1547350,1531422,0.3,0.00,0.68,0.00,2.74,0.00,0.00,0.00,1.0,95830.0,95350.0,0.0,0.0,0.5,0.0,64.126,0.000,0.0,648435.0
2026-08-31T16:33:51,0.2,4745,1547350,1531422,0.3,0.00,0.54,0.00,2.14,0.00,0.00,0.00,1.0,95830.0,95350.0,0.0,0.0,0.5,0.0,64.136,0.000,0.0,662082.0
2026-08-31T16:33:53,0.2,4746,1547350,1531421,0.3,0.00,0.60,0.00,2.40,0.00,0.00,0.00,1.0,95830.0,95350.0,0.0,0.0,0.5,0.0,64.155,0.000,0.0,657518.0
2026-08-31T16:33:55,0.2,4746,1547350,1531422,0.3,0.00,0.66,0.00,2.62,0.00,0.00,0.00,1.0,95830.0,95350.0,0.0,0.0,0.5,0.0,64.143,0.000,0.0,662611.0
2026-08-31T16:33:56,0.2,4746,1547350,1531421,0.3,0.00,0.59,0.00,2.37,0.00,0.00,0.00,1.0,95830.0,95350.0,0.0,0.0,0.5,0.0,64.168,0.000,0.0,664975.0
2026-08-31T16:33:58,0.2,4746,1547350,1531421,0.3,0.00,1.22,0.00,4.87,0.00,0.00,0.00,1.0,95830.0,95350.0,0.0,0.0,0.5,0.0,64.140,0.000,0.0,665405.0
2026-08-31T16:34:00,0.2,4746,1547350,1531421,0.3,0.00,0.64,0.00,2.54,0.00,0.00,0.06,1.0,95830.0,95350.0,0.0,0.0,0.5,0.0,64.153,0.000,0.0,662782.0
2026-08-31T16:34:01,0.2,4753,1547350,1531414,0.3,0.00,0.60,0.00,2.39,0.00,1.00,0.00,1.0,95830.0,95350.0,0.0,0.0,0.5,0.0,64.115,0.000,0.0,657847.5
2026-08-31T16:34:03,0.2,4754,1547350,1531414,0.3,0.00,0.65,0.00,2.59,0.00,0.00,0.00,1.0,95830.0,95350.0,0.0,0.0,0.5,0.0,64.156,0.000,0.0,659137.5
2026-08-31T16:34:04,0.2,4754,1547350,1531414,0.3,0.00,0.62,0.00,2.50,0.00,0.00,0.00,1.0,95830.0,95350.0,0.0,0.0,0.5,0.0,64.163,0.000,0.0,657046.5
2026-08-31T16:34:06,0.2,4755,1547350,1531413,0.3,0.00,0.56,0.00,2.24,0.00,0.00,0.00,1.0,95830.0,95350.0,0.0,0.0,0.5,0.0,64.128,0.000,0.0,650336.5
2026-08-31T16:34:08,0.2,4755,1547350,1531413,0.3,0.00,3.66,0.00,18.59,0.00,0.00,0.00,1.0,95830.0,95350.0,0.0,0.0,0.5,0.0,64.147,0.000,0.0,657542.0
2026-08-31T16:34:09,0.2,4754,1547350,1531413,0.3,0.00,0.61,0.00,2.45,0.00,0.00,0.00,1.0,95830.0,95350.0,0.0,0.0,0.5,0.0,64.139,0.000,0.0,658281.0
2026-08-31T16:34:11,0.2,4751,1547350,1531416,0.3,0.00,0.60,0.00,2.42,0.00,0.00,0.06,1.0,95830.0,95350.0,0.0,0.0,0.5,0.0,64.159,0.000,0.0,635467.0
2026-08-31T16:34:13,0.2,4751,1547350,1531417,0.3,0.00,0.57,0.00,2.28,0.00,0.00,0.00,1.0,95830.0,95350.0,0.0,0.0,0.5,0.0,64.141,0.000,0.0,667755.0
2026-08-31T16:34:15,0.2,4751,1547350,1531417,0.3,0.00,0.55,0.00,2.21,0.00,0.00,0.00,1.0,95830.0,95350.0,0.0,0.0,0.5,0.0,64.115,0.000,0.0,650616.5
2026-08-31T16:34:17,0.2,4749,1547350,1531418,0.3,0.00,0.44,0.00,1.75,0.00,0.00,0.00,1.0,95830.0,95350.0,0.0,0.0,0.5,0.0,64.123,0.000,0.0,628752.0
2026-08-31T16:34:19,0.2,4750,1547350,1531417,0.3,0.00,0.56,0.00,2.24,0.00,0.00,0.00,1.0,95830.0,95350.0,0.0,0.0,0.5,0.0,64.111,0.000,0.0,668015.5
2026-08-31T16:34:21,0.2,4750,1547350,1531418,0.3,0.00,0.55,0.00,2.21,0.00,0.00,0.00,1.0,95830.0,95350.0,0.0,0.0,0.5,0.0,64.111,0.000,0.0,644078.5
2026-08-31T16:34:23,0.2,4750,1547350,1531418,0.3,0.00,0.46,0.00,1.83,0.00,0.00,0.00,1.0,95830.0,95350.0,0.0,0.0,0.5,0.0,64.088,0.000,0.0,643256.0
2026-08-31T16:34:25,0.2,4750,1547350,1531418,0.3,0.00,0.47,0.00,1.88,0.00,1.00,0.00,1.0,95830.0,95350.0,0.0,0.0,0.5,0.0,64.133,0.000,0.0,646119.5
2026-08-31T16:34:27,0.2,4750,1547350,1531418,0.3,0.00,0.49,0.00,1.96,0.00,0.00,0.00,1.0,95830.0,95350.0,0.0,0.0,0.5,0.0,64.137,0.000,0.0,648964.5
2026-08-31T16:34:29,0.2,4750,1547350,1531418,0.3,0.00,1.03,0.00,6.20,0.00,0.00,0.00,1.0,95830.0,95350.0,0.0,0.0,0.5,0.0,64.157,0.000,0.0,636609.5
2026-08-31T16:34:31,0.2,4750,1547350,1531418,0.3,0.00,0.49,0.00,1.97,0.00,0.00,0.00,1.0,95830.0,95350.0,0.0,0.0,0.5,0.0,64.115,0.000,0.0,651350.5
2026-08-31T16:34:33,0.2,4749,1547350,1531419,0.3,0.00,2.50,0.00,13.35,0.00,0.00,0.00,1.0,95830.0,95350.0,0.0,0.0,0.5,0.0,64.126,0.000,0.0,683463.0
2026-08-31T16:34:35,0.2,4749,1547350,1531418,0.3,0.00,0.51,0.00,2.05,0.00,0.00,0.00,1.0,95830.0,95350.0,0.0,0.0,0.5,0.0,64.128,0.000,0.0,655930.5
2026-08-31T16:34:38,0.2,4749,1547350,1531418,0.3,0.00,0.86,0.00,8.77,0.00,0.50,0.00,1.0,95830.0,95350.0,0.0,0.0,0.5,0.0,64.124,0.000,0.0,642512.5
2026-08-31T16:34:39,0.2,4749,1547350,1531418,0.3,0.00,0.51,0.00,2.05,0.00,0.00,0.00,1.0,95830.0,95350.0,0.0,0.0,0.5,0.0,64.124,0.000,0.0,649106.0
2026-08-31T16:34:41,0.2,4749,1547350,1531418,0.3,0.00,0.58,0.00,2.31,0.00,0.00,0.00,1.0,95830.0,95350.0,0.0,0.0,0.5,0.0,64.117,0.000,0.0,780071.5
2026-08-31T16:34:43,0.2,4749,1547350,1531419,0.3,0.00,1.28,0.00,5.11,0.00,0.00,0.00,1.0,95830.0,95350.0,0.0,0.0,0.5,0.0,64.154,0.000,0.0,661946.0
2026-08-31T16:34:44,0.2,4749,1547350,1531419,0.3,0.00,0.60,0.00,2.41,0.00,0.00,0.00,1.0,95830.0,95350.0,0.0,0.0,0.5,0.0,64.105,0.000,0.0,654230.5
2026-08-31T16:34:46,0.2,4749,1547350,1531418,0.3,0.00,0.67,0.00,2.66,0.00,0.00,0.00,1.0,95830.0,95350.0,0.0,0.0,0.5,0.0,64.150,0.000,0.0,653189.0
2026-08-31T16:34:48,0.2,4749,1547350,1531419,0.3,0.00,1.08,0.00,4.31,0.00,0.00,0.00,1.0,95830.0,95350.0,0.0,0.0,0.5,0.0,64.126,0.000,0.0,691669.5
2026-08-31T16:34:50,0.2,4750,1547350,1531418,0.3,0.00,0.59,0.00,2.36,0.00,0.00,0.00,1.0,95830.0,95350.0,0.0,0.0,0.5,0.0,64.148,0.000,0.0,657039.0
2026-08-31T16:34:51,0.2,4749,1547350,1531418,0.3,0.00,0.67,0.00,2.69,0.00,0.00,0.00,1.0,95830.0,95350.0,0.0,0.0,0.5,0.0,64.108,0.000,0.0,654262.5
2026-08-31T16:34:53,0.2,4749,1547350,1531418,0.3,0.00,0.59,0.00,2.34,0.00,0.00,0.00,1.0,95830.0,95350.0,0.0,0.0,0.5,0.0,64.120,0.000,0.0,687314.5
2026-08-31T16:34:54,0.2,4750,1547350,1531418,0.3,0.00,0.60,0.00,2.42,0.00,0.00,0.00,1.0,95830.0,95350.0,0.0,0.0,0.5,0.0,64.109,0.000,0.0,654679.5
2026-08-31T16:34:56,0.2,4749,1547350,1531419,0.3,0.00,0.66,0.00,2.64,0.00,0.00,0.00,1.0,95830.0,95350.0,0.0,0.0,0.5,0.0,64.070,0.000,0.0,661780.5
2026-08-31T16:34:58,0.2,4748,1547350,1531420,0.3,0.00,0.59,0.00,2.36,0.00,0.00,0.00,1.0,95830.0,95350.0,0.0,0.0,0.5,0.0,64.108,0.000,0.0,657414.0
2026-08-31T16:34:59,0.2,4748,1547350,1531419,0.3,0.00,0.63,0.00,2.53,0.00,0.00,0.00,1.0,95830.0,95350.0,0.0,0.0,0.5,0.0,64.117,0.000,0.0,656592.0
2026-08-31T16:35:01,0.2,4752,1547350,1531416,0.3,0.00,0.62,0.00,2.46,0.00,0.00,0.00,1.0,95830.0,95350.0,0.0,0.0,0.5,0.0,64.136,0.000,0.0,663328.0
2026-08-31T16:35:03,0.3,4753,1547350,1531415,0.3,0.00,0.57,0.00,2.30,0.00,0.00,0.00,1.0,95830.0,95350.0,0.0,0.0,0.5,0.0,64.149,0.000,0.0,665092.5
2026-08-31T16:35:04,0.2,4754,1547350,1531414,0.3,0.00,1.17,0.00,4.68,0.00,0.50,0.00,1.0,95830.0,95350.0,0.0,0.0,0.5,0.0,64.102,0.000,0.0,654231.5
2026-08-31T16:35:06,0.2,4753,1547350,1531414,0.3,0.00,0.61,0.00,2.44,0.00,0.00,0.00,1.0,95830.0,95350.0,0.0,0.0,0.5,0.0,64.120,0.000,0.0,662486.0
2026-08-31T16:35:08,0.2,4753,1547350,1531414,0.3,0.00,4.47,0.00,21.52,0.00,0.00,0.00,1.0,95830.0,95350.0,0.0,0.0,0.5,0.0,64.120,0.000,0.0,650443.5
2026-08-31T16:35:09,0.2,4753,1547350,1531414,0.3,0.00,0.63,0.00,2.52,0.00,0.00,0.00,1.0,95830.0,95350.0,0.0,0.0,0.5,0.0,64.137,0.000,0.0,656746.5
2026-08-31T16:35:11,0.2,4753,1547350,1531415,0.3,0.00,0.61,0.00,2.46,0.00,0.00,0.00,1.0,95830.0,95350.0,0.0,0.0,0.5,0.0,64.106,0.000,0.0,639868.0
2026-08-31T16:35:13,0.2,4749,1547350,1531418,0.3,0.00,0.60,0.00,2.39,0.00,0.00,0.00,1.0,95830.0,95350.0,0.0,0.0,0.5,0.0,64.124,0.000,0.0,671044.5
2026-08-31T16:35:14,0.2,4749,1547350,1531419,0.3,0.00,0.56,0.00,2.25,0.00,0.00,0.00,1.0,95830.0,95350.0,0.0,0.0,0.5,0.0,64.133,0.000,0.0,674208.0
2026-08-31T16:35:16,0.2,4748,1547350,1531419,0.3,0.00,0.54,0.00,2.16,0.00,0.00,0.00,1.0,95830.0,95350.0,0.0,0.0,0.5,0.0,64.129,0.000,0.0,650584.5
2026-08-31T16:35:18,0.2,4748,1547350,1531420,0.3,0.00,0.53,0.00,2.10,0.00,0.00,0.00,1.0,95830.0,95350.0,0.0,0.0,0.5,0.0,64.096,0.000,0.0,650770.0
2026-08-31T16:35:20,0.2,4748,1547350,1531420,0.3,0.00,0.60,0.00,2.41,0.00,0.00,0.00,1.0,95830.0,95350.0,0.0,0.0,0.5,0.0,64.082,0.000,0.0,643548.0
2026-08-31T16:35:22,0.2,4748,1547350,1531420,0.3,0.00,0.55,0.00,2.20,0.00,0.00,0.00,1.0,95830.0,95350.0,0.0,0.0,0.5,0.0,64.111,0.000,0.0,667849.5
2026-08-31T16:35:24,0.2,4748,1547350,1531419,0.3,0.00,0.50,0.00,2.01,0.00,1.00,0.00,1.0,95830.0,95350.0,0.0,0.0,0.5,0.0,64.128,0.000,0.0,646868.0
2026-08-31T16:35:26,0.2,4748,1547350,1531419,0.3,0.00,0.48,0.00,1.91,0.00,0.00,0.00,1.0,95830.0,95350.0,0.0,0.0,0.5,0.0,64.132,0.000,0.0,659061.5
2026-08-31T16:35:28,0.2,4748,1547350,1531420,0.3,0.00,0.51,0.00,2.04,0.00,0.00,0.00,1.0,95830.0,95350.0,0.0,0.0,0.5,0.0,64.144,0.000,0.0,653357.0
2026-08-31T16:35:30,0.2,4748,1547350,1531420,0.3,0.00,0.50,0.00,1.98,0.00,0.00,0.00,1.0,95830.0,95350.0,0.0,0.0,0.5,0.0,64.139,0.000,0.0,647323.5
2026-08-31T16:35:32,0.2,4747,1547350,1531420,0.3,0.00,0.45,0.00,1.78,0.00,0.00,0.00,1.0,95830.0,95350.0,0.0,0.0,0.5,0.0,64.130,0.000,0.0,636506.0
2026-08-31T16:35:34,0.2,4747,1547350,1531420,0.3,0.00,3.24,0.00,12.95,0.00,0.00,0.00,1.0,95830.0,95350.0,0.0,0.0,0.5,0.0,64.149,0.000,0.0,646094.0
2026-08-31T16:35:36,0.2,4748,1547350,1531420,0.3,0.00,0.49,0.00,1.95,0.00,0.00,0.00,1.0,95830.0,95350.0,0.0,0.0,0.5,0.0,64.106,0.000,0.0,645081.0
2026-08-31T16:35:38,0.2,4748,1547350,1531419,0.3,0.00,0.99,0.00,8.65,0.00,0.00,0.00,1.0,95830.0,95350.0,0.0,0.0,0.5,0.0,64.121,0.000,0.0,666907.0
2026-08-31T16:35:40,0.2,4748,1547350,1531419,0.3,0.00,0.49,0.00,1.98,0.00,1.00,0.00,1.0,95830.0,95350.0,0.0,0.0,0.5,0.0,64.108,0.000,0.0,646611.0
2026-08-31T16:35:42,0.2,4748,1547350,1531420,0.3,0.00,0.51,0.00,2.03,0.00,0.00,0.00,1.0,95830.0,95350.0,0.0,0.0,0.5,0.0,64.115,0.000,0.0,703479.5
2026-08-31T16:35:44,0.2,4747,1547350,1531420,0.3,0.00,0.60,0.00,2.39,0.00,0.00,0.00,1.0,95830.0,95350.0,0.0,0.0,0.5,0.0,64.122,0.000,0.0,680322.0
2026-08-31T16:35:45,0.2,4747,1547350,1531420,0.3,0.00,1.43,0.00,5.71,0.00,0.00,0.07,1.0,95830.0,95350.0,0.0,0.0,0.5,0.0,64.139,0.000,0.0,660283.0
2026-08-31T16:35:47,0.2,4747,1547350,1531420,0.3,0.00,0.64,0.00,2.56,0.00,0.00,0.00,1.0,95830.0,95350.0,0.0,0.0,0.5,0.0,64.132,0.000,0.0,661934.0
2026-08-31T16:35:48,0.2,4747,1547350,1531420,0.3,0.00,0.68,0.00,2.70,0.00,0.00,0.00,1.0,95830.0,95350.0,0.0,0.0,0.5,0.0,64.140,0.000,0.0,695752.5
2026-08-31T16:35:50,0.2,4747,1547350,1531420,0.3,0.00,1.19,0.00,4.74,0.00,0.00,0.00,1.0,95830.0,95350.0,0.0,0.0,0.5,0.0,64.123,0.000,0.0,677536.5
2026-08-31T16:35:51,0.2,4748,1547350,1531420,0.3,0.00,0.68,0.00,2.74,0.00,0.00,0.00,1.0,95830.0,95350.0,0.0,0.0,0.5,0.0,64.120,0.000,0.0,653228.5
2026-08-31T16:35:53,0.2,4748,1547350,1531420,0.3,0.00,0.50,0.00,1.99,0.00,0.00,0.00,1.0,95830.0,95350.0,0.0,0.0,0.5,0.0,64.079,0.000,0.0,729244.5
2026-08-31T16:35:55,0.2,4748,1547350,1531420,0.3,0.00,0.59,0.00,2.36,0.00,0.00,0.00,1.0,95830.0,95350.0,0.0,0.0,0.5,0.0,64.105,0.000,0.0,660576.0
2026-08-31T16:35:57,0.2,4748,1547350,1531420,0.3,0.00,0.60,0.00,2.40,0.00,0.00,0.00,1.0,95830.0,95350.0,0.0,0.0,0.5,0.0,64.125,0.000,0.0,656853.5
2026-08-31T16:35:58,0.2,4748,1547350,1531419,0.3,0.00,0.65,0.00,2.59,0.00,0.00,0.00,1.0,95830.0,95350.0,0.0,0.0,0.5,0.0,64.121,0.000,0.0,659725.0
2026-08-31T16:36:00,0.2,4748,1547350,1531419,0.3,0.00,0.60,0.00,2.39,0.00,0.00,0.00,1.0,95830.0,95350.0,0.0,0.0,0.5,0.0,64.105,0.000,0.0,665298.5
2026-08-31T16:36:01,0.3,4754,1547350,1531414,0.3,0.00,0.65,0.00,2.60,0.00,0.00,0.00,1.0,95830.0,95350.0,0.0,0.0,0.5,0.0,64.109,0.000,0.0,684895.0
2026-08-31T16:36:03,0.2,4754,1547350,1531414,0.3,0.00,0.60,0.00,2.40,0.00,0.00,0.00,1.0,95830.0,95350.0,0.0,0.0,0.5,0.0,64.097,0.000,0.0,656782.0
2026-08-31T16:36:05,0.2,4753,1547350,1531415,0.3,0.00,1.07,0.00,4.28,0.00,0.00,0.00,1.0,95830.0,95350.0,0.0,0.0,0.5,0.0,64.130,0.000,0.0,651701.0
2026-08-31T16:36:07,0.2,4753,1547350,1531414,0.3,0.00,0.56,0.00,2.26,0.00,1.00,0.00,1.0,95830.0,95350.0,0.0,0.0,0.5,0.0,64.106,0.000,0.0,665589.0
2026-08-31T16:36:08,0.2,4753,1547350,1531415,0.3,0.00,1.92,0.00,12.14,0.00,0.00,0.00,1.0,95830.0,95350.0,0.0,0.0,0.5,0.0,64.114,0.000,0.0,658966.0
2026-08-31T16:36:10,0.2,4754,1547350,1531414,0.3,0.00,0.60,0.00,2.42,0.00,0.00,0.00,1.0,95830.0,95350.0,0.0,0.0,0.5,0.0,64.115,0.000,0.0,657367.5
2026-08-31T16:36:12,0.2,4750,1547350,1531418,0.3,0.00,0.64,0.00,2.57,0.00,0.00,0.00,1.0,95830.0,95350.0,0.0,0.0,0.5,0.0,64.060,0.000,0.0,693626.5
2026-08-31T16:36:13,0.2,4750,1547350,1531417,0.3,0.00,0.60,0.00,2.41,0.00,0.00,0.00,1.0,95830.0,95350.0,0.0,0.0,0.5,0.0,64.097,0.000,0.0,654402.0
2026-08-31T16:36:15,0.2,4751,1547350,1531416,0.3,0.00,0.55,0.00,2.19,0.00,0.00,0.00,1.0,95830.0,95350.0,0.0,0.0,0.5,0.0,64.118,0.000,0.0,648965.5
2026-08-31T16:36:17,0.2,4751,1547350,1531417,0.3,0.00,0.53,0.00,2.12,0.00,0.00,0.00,1.0,95830.0,95350.0,0.0,0.0,0.5,0.0,64.104,0.000,0.0,637043.5
2026-08-31T16:36:19,0.2,4751,1547350,1531416,0.3,0.00,0.55,0.00,2.19,0.00,0.00,0.00,1.0,95830.0,95350.0,0.0,0.0,0.5,0.0,64.118,0.000,0.0,672344.0
2026-08-31T16:36:20,0.2,4749,1547350,1531418,0.3,0.00,0.59,0.00,2.36,0.00,0.00,0.00,1.0,95830.0,95350.0,0.0,0.0,0.5,0.0,64.135,0.000,0.0,650908.0
2026-08-31T16:36:22,0.2,4749,1547350,1531419,0.3,0.00,0.53,0.00,2.11,0.00,0.00,0.00,1.0,95830.0,95350.0,0.0,0.0,0.5,0.0,64.111,0.000,0.0,653299.0
2026-08-31T16:36:24,0.2,4749,1547350,1531419,0.3,0.00,0.53,0.00,2.13,0.00,0.00,0.05,1.0,95830.0,95350.0,0.0,0.0,0.5,0.0,64.110,0.000,0.0,650258.5
2026-08-31T16:36:26,0.2,4749,1547350,1531419,0.3,0.00,0.53,0.00,2.14,0.00,0.00,0.00,1.0,95830.0,95350.0,0.0,0.0,0.5,0.0,64.096,0.000,0.0,648822.0
2026-08-31T16:36:28,0.2,4748,1547350,1531419,0.3,0.00,0.54,0.00,2.18,0.00,0.00,0.05,1.0,95830.0,95350.0,0.0,0.0,0.5,0.0,64.082,0.000,0.0,645578.0
2026-08-31T16:36:30,0.2,4748,1547350,1531419,0.3,0.00,0.45,0.00,1.80,0.00,0.00,0.00,1.0,95830.0,95350.0,0.0,0.0,0.5,0.0,64.112,0.000,0.0,645987.0
2026-08-31T16:36:32,0.2,4748,1547350,1531420,0.3,0.00,0.56,0.00,2.25,0.00,0.00,0.00,1.0,95830.0,95350.0,0.0,0.0,0.5,0.0,64.114,0.000,0.0,692807.5
2026-08-31T16:36:34,0.2,4747,1547350,1531420,0.3,0.00,0.49,0.00,1.96,0.00,0.00,0.00,1.0,95830.0,95350.0,0.0,0.0,0.5,0.0,64.116,0.000,0.0,636910.0
2026-08-31T16:36:36,0.2,4748,1547350,1531420,0.3,0.00,2.87,0.00,14.78,0.00,0.14,0.00,1.0,95830.0,95350.0,0.0,0.0,0.5,0.0,64.127,0.000,0.0,646334.0
2026-08-31T16:36:38,0.2,4748,1547350,1531420,0.3,0.00,0.98,0.00,8.79,0.00,0.00,0.00,1.0,95830.0,95350.0,0.0,0.0,0.5,0.0,64.082,0.000,0.0,645862.0
2026-08-31T16:36:40,0.2,4748,1547350,1531420,0.3,0.00,0.50,0.00,2.00,0.00,0.00,0.00,1.0,95830.0,95350.0,0.0,0.0,0.5,0.0,64.124,0.000,0.0,657354.0
2026-08-31T16:36:42,0.2,4748,1547350,1531420,0.3,0.00,0.51,0.00,2.03,0.00,0.00,0.00,1.0,95830.0,95350.0,0.0,0.0,0.5,0.0,64.119,0.000,0.0,653053.5
2026-08-31T16:36:44,0.2,4749,1547350,1531419,0.3,0.00,0.56,0.00,2.24,0.00,0.00,0.00,1.0,95830.0,95350.0,0.0,0.0,0.5,0.0,64.136,0.000,0.0,659193.5
2026-08-31T16:36:46,0.2,4748,1547350,1531419,0.3,0.00,1.36,0.00,5.43,0.00,0.00,0.00,1.0,95830.0,95350.0,0.0,0.0,0.5,0.0,64.125,0.000,0.0,706960.0
2026-08-31T16:36:47,0.2,4748,1547350,1531419,0.3,0.00,0.68,0.00,2.71,0.00,0.00,0.00,1.0,95830.0,95350.0,0.0,0.0,0.5,0.0,64.112,0.000,0.0,668023.0
2026-08-31T16:36:49,0.2,4749,1547350,1531418,0.3,0.00,0.65,0.00,2.60,0.00,0.00,0.00,1.0,95830.0,95350.0,0.0,0.0,0.5,0.0,64.123,0.000,0.0,641429.5
2026-08-31T16:36:50,0.2,4749,1547350,1531419,0.3,0.00,0.66,0.00,2.63,0.00,1.00,0.00,1.0,95830.0,95350.0,0.0,0.0,0.5,0.0,64.130,0.000,0.0,680964.0
2026-08-31T16:36:52,0.2,4749,1547350,1531419,0.3,0.00,1.31,0.00,5.23,0.00,0.00,0.00,1.0,95830.0,95350.0,0.0,0.0,0.5,0.0,64.130,0.000,0.0,676656.0
2026-08-31T16:36:53,0.2,4750,1547350,1531418,0.3,0.00,0.61,0.00,2.43,0.00,0.00,0.00,1.0,95830.0,95350.0,0.0,0.0,0.5,0.0,64.135,0.000,0.0,644565.0
2026-08-31T16:36:55,0.2,4750,1547350,1531417,0.3,0.00,0.60,0.00,2.41,0.00,0.00,0.00,1.0,95830.0,95350.0,0.0,0.0,0.5,0.0,64.135,0.000,0.0,671001.0
2026-08-31T16:36:57,0.2,4750,1547350,1531417,0.3,0.00,0.65,0.00,2.59,0.00,0.00,0.00,1.0,95830.0,95350.0,0.0,0.0,0.5,0.0,64.109,0.000,0.0,668167.5
2026-08-31T16:36:58,0.2,4750,1547350,1531418,0.3,0.00,0.57,0.00,2.30,0.00,0.00,0.00,1.0,95830.0,95350.0,0.0,0.0,0.5,0.0,64.092,0.000,0.0,670195.5
2026-08-31T16:37:00,0.2,4750,1547350,1531417,0.3,0.00,0.69,0.00,2.77,0.00,0.00,0.00,1.0,95830.0,95350.0,0.0,0.0,0.5,0.0,64.122,0.000,0.0,658045.5
2026-08-31T16:37:02,0.2,4756,1547350,1531411,0.3,0.00,0.50,0.00,1.99,0.00,0.00,0.00,1.0,95830.0,95350.0,0.0,0.0,0.5,0.0,64.124,0.000,0.0,659706.5
2026-08-31T16:37:04,0.2,4757,1547350,1531410,0.3,0.00,0.54,0.00,2.15,0.00,0.00,0.00,1.0,95830.0,95350.0,0.0,0.0,0.5,0.0,64.126,0.000,0.0,661750.5
2026-08-31T16:37:05,0.2,4756,1547350,1531411,0.3,0.00,0.56,0.00,2.25,0.00,0.00,0.00,1.0,95830.0,95350.0,0.0,0.0,0.5,0.0,64.126,0.000,0.0,648003.0
2026-08-31T16:37:07,0.2,4755,1547350,1531412,0.3,0.00,0.60,0.00,2.39,0.00,0.00,0.00,1.0,95830.0,95350.0,0.0,0.0,0.5,0.0,64.112,0.000,0.0,707957.5
2026-08-31T16:37:09,0.2,4756,1547350,1531412,0.3,0.00,1.88,0.00,13.80,0.00,0.00,0.06,1.0,95830.0,95350.0,0.0,0.0,0.5,0.0,64.119,0.000,0.0,663076.5
2026-08-31T16:37:10,0.2,4755,1547350,1531412,0.3,0.00,0.58,0.00,2.32,0.00,0.00,0.00,1.0,95830.0,95350.0,0.0,0.0,0.5,0.0,64.102,0.000,0.0,647505.0
2026-08-31T16:37:12,0.2,4753,1547350,1531414,0.3,0.00,1.15,0.00,4.61,0.00,0.00,0.00,1.0,95830.0,95350.0,0.0,0.0,0.5,0.0,64.085,0.000,0.0,657985.5
2026-08-31T16:37:14,0.2,4755,1547350,1531413,0.3,0.00,0.63,0.00,2.52,0.00,0.00,0.00,1.0,95830.0,95350.0,0.0,0.0,0.5,0.0,64.115,0.000,0.0,697049.5
2026-08-31T16:37:15,0.2,4754,1547350,1531414,0.3,0.00,0.57,0.00,2.30,0.00,0.00,0.00,1.0,95830.0,95350.0,0.0,0.0,0.5,0.0,64.073,0.000,0.0,665265.5
2026-08-31T16:37:17,0.2,4754,1547350,1531414,0.3,0.00,0.57,0.00,2.29,0.00,1.00,0.00,1.0,95830.0,95350.0,0.0,0.0,0.5,0.0,64.121,0.000,0.0,668198.5
2026-08-31T16:37:19,0.2,4753,1547350,1531414,0.3,0.00,0.57,0.00,2.28,0.00,0.00,0.00,1.0,95830.0,95350.0,0.0,0.0,0.5,0.0,64.085,0.000,0.0,657845.0
2026-08-31T16:37:21,0.2,4753,1547350,1531414,0.3,0.00,0.60,0.00,2.40,0.00,0.00,0.00,1.0,95830.0,95350.0,0.0,0.0,0.5,0.0,64.100,0.000,0.0,645965.5
2026-08-31T16:37:23,0.2,4753,1547350,1531414,0.3,0.00,0.50,0.00,2.01,0.00,0.00,0.00,1.0,95830.0,95350.0,0.0,0.0,0.5,0.0,64.139,0.000,0.0,661173.5
2026-08-31T16:37:24,0.2,4753,1547350,1531415,0.3,0.00,0.54,0.00,2.17,0.00,0.00,0.00,1.0,95830.0,95350.0,0.0,0.0,0.5,0.0,64.123,0.000,0.0,663666.5
2026-08-31T16:37:27,0.2,4753,1547350,1531415,0.3,0.00,0.49,0.00,1.98,0.00,0.00,0.00,1.0,95830.0,95350.0,0.0,0.0,0.5,0.0,64.127,0.000,0.0,646891.5
2026-08-31T16:37:28,0.2,4753,1547350,1531415,0.3,0.00,0.55,0.00,2.21,0.00,0.00,0.00,1.0,95830.0,95350.0,0.0,0.0,0.5,0.0,64.110,0.000,0.0,650285.5
2026-08-31T16:37:30,0.2,4752,1547350,1531415,0.3,0.00,0.56,0.00,2.26,0.00,0.00,0.00,1.0,95830.0,95350.0,0.0,0.0,0.5,0.0,64.105,0.000,0.0,653056.0
2026-08-31T16:37:32,0.2,4752,1547350,1531416,0.3,0.00,3.23,0.00,12.92,0.00,0.00,0.00,1.0,95830.0,95350.0,0.0,0.0,0.5,0.0,64.108,0.000,0.0,645594.5
2026-08-31T16:37:34,0.2,4752,1547350,1531415,0.3,0.00,0.50,0.00,2.01,0.00,0.00,0.00,1.0,95830.0,95350.0,0.0,0.0,0.5,0.0,64.108,0.000,0.0,656365.5
2026-08-31T16:37:36,0.2,4752,1547350,1531416,0.3,0.00,0.55,0.00,2.19,0.00,0.00,0.00,1.0,95830.0,95350.0,0.0,0.0,0.5,0.0,64.094,0.000,0.0,645733.5
2026-08-31T16:37:38,0.2,4751,1547350,1531417,0.3,0.00,0.50,0.00,2.01,0.00,0.00,0.00,1.0,95830.0,95350.0,0.0,0.0,0.5,0.0,64.120,0.000,0.0,646852.5
2026-08-31T16:37:40,0.2,4751,1547350,1531416,0.3,0.00,0.99,0.00,8.62,0.00,0.50,0.00,1.0,95830.0,95350.0,0.0,0.0,0.5,0.0,64.138,0.000,0.0,664488.0
2026-08-31T16:37:42,0.2,4751,1547350,1531416,0.3,0.00,1.47,0.00,5.86,0.00,0.00,0.00,1.0,95830.0,95350.0,0.0,0.0,0.5,0.0,64.083,0.000,0.0,662288.5
2026-08-31T16:37:44,0.2,4751,1547350,1531417,0.3,0.00,0.49,0.00,1.96,0.00,0.00,0.00,1.0,95830.0,95350.0,0.0,0.0,0.5,0.0,64.129,0.000,0.0,658653.0
2026-08-31T16:37:46,0.2,4751,1547350,1531416,0.3,0.00,0.60,0.00,2.39,0.00,0.00,0.00,1.0,95830.0,95350.0,0.0,0.0,0.5,0.0,64.095,0.000,0.0,663172.0
2026-08-31T16:37:47,0.2,4750,1547350,1531418,0.3,0.00,0.72,0.00,2.86,0.00,0.00,0.00,1.0,95830.0,95350.0,0.0,0.0,0.5,0.0,64.073,0.000,0.0,663749.0
2026-08-31T16:37:48,0.2,4749,1547350,1531418,0.3,0.00,0.70,0.00,2.79,0.00,0.00,0.00,1.0,95830.0,95350.0,0.0,0.0,0.5,0.0,64.079,0.000,0.0,672889.5
2026-08-31T16:37:50,0.2,4750,1547350,1531418,0.3,0.00,0.66,0.00,2.64,0.00,0.00,0.00,1.0,95830.0,95350.0,0.0,0.0,0.5,0.0,64.103,0.000,0.0,665525.5
2026-08-31T16:37:51,0.2,4750,1547350,1531418,0.3,0.00,0.65,0.00,2.58,0.00,0.00,0.00,1.0,95830.0,95350.0,0.0,0.0,0.5,0.0,64.120,0.000,0.0,638894.0
2026-08-31T16:37:53,0.2,4750,1547350,1531418,0.3,0.00,1.31,0.00,5.25,0.00,0.00,0.00,1.0,95830.0,95350.0,0.0,0.0,0.5,0.0,64.076,0.000,0.0,681674.5
2026-08-31T16:37:55,0.2,4750,1547350,1531418,0.3,0.00,0.60,0.00,2.41,0.00,0.00,0.00,1.0,95830.0,95350.0,0.0,0.0,0.5,0.0,64.090,0.000,0.0,655410.5
2026-08-31T16:37:56,0.2,4750,1547350,1531417,0.3,0.00,0.67,0.00,2.67,0.00,0.00,0.00,1.0,95830.0,95350.0,0.0,0.0,0.5,0.0,64.133,0.000,0.0,681114.5
2026-08-31T16:37:58,0.2,4750,1547350,1531418,0.3,0.00,0.59,0.00,2.37,0.00,0.00,0.00,1.0,95830.0,95350.0,0.0,0.0,0.5,0.0,64.126,0.000,0.0,676198.5
2026-08-31T16:37:59,0.2,4749,1547350,1531418,0.3,0.00,0.60,0.00,2.39,0.00,0.00,0.00,1.0,95830.0,95350.0,0.0,0.0,0.5,0.0,64.129,0.000,0.0,658158.5
2026-08-31T16:38:01,0.3,4755,1547350,1531413,0.3,0.00,0.67,0.00,2.70,0.00,0.00,0.00,1.0,95830.0,95350.0,0.0,0.0,0.5,0.0,64.138,0.000,0.0,686211.5
2026-08-31T16:38:03,0.2,4755,1547350,1531412,0.3,0.00,0.59,0.00,2.35,0.00,0.00,0.00,1.0,95830.0,95350.0,0.0,0.0,0.5,0.0,64.085,0.000,0.0,682728.5
2026-08-31T16:38:04,0.2,4757,1547350,1531411,0.3,0.00,0.65,0.00,2.59,0.00,1.00,0.00,1.0,95830.0,95350.0,0.0,0.0,0.5,0.0,64.103,0.000,0.0,657981.5
2026-08-31T16:38:06,0.2,4757,1547350,1531411,0.3,0.00,0.61,0.00,2.42,0.00,0.00,0.00,1.0,95830.0,95350.0,0.0,0.0,0.5,0.0,64.114,0.000,0.0,700622.0
2026-08-31T16:38:08,0.2,4755,1547350,1531413,0.3,0.00,0.54,0.00,2.14,0.00,0.00,0.00,1.0,95830.0,95350.0,0.0,0.0,0.5,0.0,64.121,0.000,0.0,659888.5
2026-08-31T16:38:09,0.2,4754,1547350,1531413,0.3,0.00,1.31,0.00,11.83,0.00,0.00,0.00,1.0,95830.0,95350.0,0.0,0.0,0.5,0.0,64.106,0.000,0.0,639259.5
2026-08-31T16:38:11,0.2,4752,1547350,1531416,0.3,0.00,0.67,0.00,2.66,0.00,0.00,0.00,1.0,95830.0,95350.0,0.0,0.0,0.5,0.0,64.134,0.000,0.0,743503.0
2026-08-31T16:38:12,0.2,4753,1547350,1531415,0.3,0.00,0.64,0.00,2.57,0.00,0.00,0.00,1.0,95830.0,95350.0,0.0,0.0,0.5,0.0,64.124,0.000,0.0,688705.0
2026-08-31T16:38:14,0.2,4753,1547350,1531415,0.3,0.00,1.61,0.00,6.46,0.00,0.00,0.00,1.0,95830.0,95350.0,0.0,0.0,0.5,0.0,64.113,0.000,0.0,688705.0
2026-08-31T16:38:14,0.2,4752,1547350,1531415,0.3,0.00,2.41,0.00,9.64,0.00,0.00,0.00,1.0,95830.0,95350.0,0.0,0.0,0.5,0.0,64.137,0.000,0.0,690780.5
2026-08-31T16:38:16,0.2,4753,1547350,1531415,0.3,0.00,0.55,0.00,2.22,0.00,0.00,0.00,1.0,95830.0,95350.0,0.0,0.0,0.5,0.0,64.058,0.000,0.0,680801.0
2026-08-31T16:38:18,0.2,4752,1547350,1531415,0.3,0.00,0.55,0.00,2.20,0.00,0.00,0.00,1.0,95830.0,95350.0,0.0,0.0,0.5,0.0,64.119,0.000,0.0,670812.5
2026-08-31T16:38:19,0.2,4752,1547350,1531416,0.3,0.00,1.01,0.00,4.03,0.00,0.00,0.10,1.0,95830.0,95350.0,0.0,0.0,0.5,0.0,64.099,0.000,0.0,670812.5
2026-08-31T16:38:19,0.3,4753,1547350,1531415,0.3,0.00,2.48,0.00,9.90,0.00,0.00,0.00,1.0,95830.0,95350.0,0.0,0.0,0.5,0.0,64.076,0.000,0.0,727296.5
2026-08-31T16:38:21,0.2,4752,1547350,1531415,0.3,0.00,0.54,0.00,2.18,0.00,0.00,0.00,1.0,95830.0,95350.0,0.0,0.0,0.5,0.0,64.079,0.000,0.0,666282.5
2026-08-31T16:38:22,0.2,4752,1547350,1531415,0.3,0.00,0.99,0.00,3.97,0.00,0.00,0.00,1.0,95830.0,95350.0,0.0,0.0,0.5,0.0,64.098,0.000,0.0,666984.5
2026-08-31T16:38:24,0.2,4752,1547350,1531416,0.3,0.00,0.56,0.00,2.24,0.00,0.00,0.00,1.0,95830.0,95350.0,0.0,0.0,0.5,0.0,64.127,0.000,0.0,651453.0
2026-08-31T16:38:26,0.2,4753,1547350,1531415,0.3,0.00,0.49,0.00,1.96,0.00,0.00,0.00,1.0,95830.0,95350.0,0.0,0.0,0.5,0.0,64.112,0.000,0.0,686510.0
2026-08-31T16:38:27,0.2,4753,1547350,1531415,0.3,0.00,1.01,0.00,4.04,0.00,0.00,0.00,1.0,95830.0,95350.0,0.0,0.0,0.5,0.0,64.124,0.000,0.0,648563.5
2026-08-31T16:38:28,0.2,4753,1547350,1531414,0.3,0.00,0.59,0.00,2.34,0.00,1.00,0.00,1.0,95830.0,95350.0,0.0,0.0,0.5,0.0,64.117,0.000,0.0,675670.0
2026-08-31T16:38:30,0.2,4755,1547350,1531412,0.3,0.00,0.56,0.00,2.24,0.00,0.00,0.06,1.0,95830.0,95350.0,0.0,0.0,0.5,0.0,64.103,0.000,0.0,653506.0
2026-08-31T16:38:32,0.2,4757,1547350,1531411,0.3,0.00,0.64,0.00,2.57,0.00,0.00,0.00,1.0,95830.0,95350.0,0.0,0.0,0.5,0.0,64.132,0.000,0.0,654818.0
2026-08-31T16:38:34,0.2,4756,1547350,1531411,0.3,0.00,2.99,0.00,13.95,0.00,0.00,0.00,1.0,95830.0,95350.0,0.0,0.0,0.5,0.0,64.111,0.000,0.0,646611.5
2026-08-31T16:38:36,0.2,4756,1547350,1531412,0.3,0.00,0.50,0.00,2.00,0.00,0.00,0.00,1.0,95830.0,95350.0,0.0,0.0,0.5,0.0,64.108,0.000,0.0,653471.0
2026-08-31T16:38:38,0.2,4756,1547350,1531411,0.3,0.00,0.50,0.00,1.99,0.00,0.00,0.00,1.0,95830.0,95350.0,0.0,0.0,0.5,0.0,64.136,0.000,0.0,647258.5
2026-08-31T16:38:39,0.2,4756,1547350,1531412,0.3,0.00,1.23,0.00,11.37,0.00,0.00,0.00,1.0,95830.0,95350.0,0.0,0.0,0.5,0.0,64.114,0.000,0.0,647258.5
2026-08-31T16:38:40,0.2,4756,1547350,1531411,0.3,0.00,2.44,0.00,6.09,0.00,0.50,0.00,1.0,95830.0,95350.0,0.0,0.0,0.5,0.0,64.117,0.000,0.0,751732.5
2026-08-31T16:38:41,0.2,4756,1547350,1531411,0.3,0.00,1.27,0.00,5.08,0.00,0.00,0.00,1.0,95830.0,95350.0,0.0,0.0,0.5,0.0,64.112,0.000,0.0,646055.0
2026-08-31T16:38:43,0.2,4756,1547350,1531411,0.3,0.00,0.49,0.00,1.98,0.00,0.00,0.00,1.0,95830.0,95350.0,0.0,0.0,0.5,0.0,64.133,0.000,0.0,693136.5
2026-08-31T16:38:44,0.2,4757,1547350,1531411,0.3,0.00,3.79,0.00,20.20,0.00,0.00,0.00,1.0,95830.0,95350.0,0.0,0.0,0.5,0.0,64.127,0.000,0.0,693136.5
2026-08-31T16:38:45,0.2,4756,1547350,1531411,0.3,0.00,0.99,0.00,3.97,0.00,0.00,0.00,1.0,95830.0,95350.0,0.0,0.0,0.5,0.0,64.093,0.000,0.0,681704.5
2026-08-31T16:38:47,0.2,4756,1547350,1531411,0.3,0.00,0.51,0.00,2.04,0.00,0.00,0.00,1.0,95830.0,95350.0,0.0,0.0,0.5,0.0,64.123,0.000,0.0,661780.5
2026-08-31T16:38:48,0.2,4758,1547350,1531410,0.3,0.00,0.73,0.00,2.90,0.00,0.00,0.00,1.0,95830.0,95350.0,0.0,0.0,0.5,0.0,64.104,0.000,0.0,660393.5
2026-08-31T16:38:50,0.2,4758,1547350,1531409,0.3,0.00,0.68,0.00,2.73,0.00,0.00,0.00,1.0,95830.0,95350.0,0.0,0.0,0.5,0.0,64.113,0.000,0.0,660393.5
2026-08-31T16:38:50,0.2,4758,1547350,1531409,0.3,0.00,1.07,0.00,4.29,0.00,0.00,0.00,1.0,95830.0,95350.0,0.0,0.0,0.5,0.0,64.120,0.000,0.0,692339.0
2026-08-31T16:38:52,0.2,4759,1547350,1531409,0.3,0.00,0.98,0.00,3.90,0.00,0.00,0.00,1.0,95830.0,95350.0,0.0,0.0,0.5,0.0,64.106,0.000,0.0,692339.0
2026-08-31T16:38:52,0.2,4760,1547350,1531408,0.3,0.00,1.79,0.00,7.17,0.00,0.00,0.00,1.0,95830.0,95350.0,0.0,0.0,0.5,0.0,64.090,0.000,0.0,692339.0
2026-08-31T16:38:52,0.2,4761,1547350,1531407,0.3,0.00,2.60,0.00,10.42,0.00,0.00,0.00,1.0,95830.0,95350.0,0.0,0.0,0.5,0.0,64.119,0.000,0.0,707559.0
2026-08-31T16:38:54,0.2,4760,1547350,1531407,0.3,0.00,1.01,0.00,6.08,0.00,0.00,0.00,1.0,95830.0,95350.0,0.0,0.0,0.5,0.0,64.114,0.000,0.0,707559.0
2026-08-31T16:38:55,0.2,4761,1547350,1531407,0.3,0.00,1.43,0.00,5.73,0.00,0.00,0.00,1.0,95830.0,95350.0,0.0,0.0,0.5,0.0,64.073,0.000,0.0,678752.5
2026-08-31T16:38:57,0.2,4761,1547350,1531406,0.3,0.00,0.61,0.00,2.42,0.00,1.00,0.00,1.0,95830.0,95350.0,0.0,0.0,0.5,0.0,64.094,0.000,0.0,690263.5
2026-08-31T16:38:58,0.2,4762,1547350,1531405,0.3,0.00,1.00,0.00,4.00,0.00,0.00,0.00,1.0,95830.0,95350.0,0.0,0.0,0.5,0.0,64.109,0.000,0.0,657794.0
2026-08-31T16:38:59,0.2,4763,1547350,1531405,0.3,0.00,0.62,0.00,2.49,0.00,0.00,0.00,1.0,95830.0,95350.0,0.0,0.0,0.5,0.0,64.089,0.000,0.0,667620.0
2026-08-31T16:39:01,0.3,4767,1547350,1531400,0.3,0.00,0.87,0.00,3.47,0.00,0.00,0.09,1.0,95830.0,95350.0,0.0,0.0,0.5,0.0,64.112,0.000,0.0,674572.5
2026-08-31T16:39:02,0.2,4768,1547350,1531400,0.3,0.00,0.68,0.00,2.72,0.00,0.00,0.00,1.0,95830.0,95350.0,0.0,0.0,0.5,0.0,64.101,0.000,0.0,635951.5
2026-08-31T16:39:04,0.2,4769,1547350,1531398,0.3,0.00,0.55,0.00,2.21,0.00,0.00,0.00,1.0,95830.0,95350.0,0.0,0.0,0.5,0.0,64.082,0.000,0.0,674849.0
2026-08-31T16:39:05,0.2,4770,1547350,1531397,0.3,0.00,0.63,0.00,2.54,0.00,0.00,0.00,1.0,95830.0,95350.0,0.0,0.0,0.5,0.0,64.100,0.000,0.0,657361.5
2026-08-31T16:39:07,0.2,4772,1547350,1531396,0.3,0.00,0.61,0.00,2.43,0.00,0.00,0.00,1.0,95830.0,95350.0,0.0,0.0,0.5,0.0,64.089,0.000,0.0,691581.0
2026-08-31T16:39:08,0.2,4772,1547350,1531396,0.3,0.00,1.22,0.00,4.89,0.00,0.00,0.00,1.0,95830.0,95350.0,0.0,0.0,0.5,0.0,64.120,0.000,0.0,657211.0
2026-08-31T16:39:10,0.2,4774,1547350,1531394,0.3,0.00,1.70,0.00,13.61,0.00,0.00,0.00,1.0,95830.0,95350.0,0.0,0.0,0.5,0.0,64.090,0.000,0.0,662988.0
2026-08-31T16:39:11,0.2,4773,1547350,1531394,0.3,0.00,0.61,0.00,2.44,0.00,0.00,0.00,1.0,95830.0,95350.0,0.0,0.0,0.5,0.0,64.112,0.000,0.0,657674.0
2026-08-31T16:39:13,0.2,4775,1547350,1531393,0.3,0.00,0.54,0.00,2.18,0.00,0.00,0.00,1.0,95830.0,95350.0,0.0,0.0,0.5,0.0,64.075,0.000,0.0,647660.0
2026-08-31T16:39:15,0.2,4776,1547350,1531391,0.3,0.00,0.63,0.00,2.51,0.00,0.00,0.00,1.0,95830.0,95350.0,0.0,0.0,0.5,0.0,64.106,0.000,0.0,657677.0
2026-08-31T16:39:17,0.2,4775,1547350,1531392,0.3,0.00,0.55,0.00,2.19,0.00,0.00,0.00,1.0,95830.0,95350.0,0.0,0.0,0.5,0.0,64.103,0.000,0.0,659515.5
2026-08-31T16:39:18,0.2,4775,1547350,1531392,0.3,0.00,0.62,0.00,2.46,0.00,0.00,0.00,1.0,95830.0,95350.0,0.0,0.0,0.5,0.0,64.101,0.000,0.0,660770.5
2026-08-31T16:39:20,0.2,4776,1547350,1531392,0.3,0.00,1.12,0.00,4.47,0.00,0.50,0.00,1.0,95830.0,95350.0,0.0,0.0,0.5,0.0,64.107,0.000,0.0,660525.5
2026-08-31T16:39:22,0.2,4776,1547350,1531392,0.3,0.00,0.50,0.00,1.99,0.00,0.00,0.00,1.0,95830.0,95350.0,0.0,0.0,0.5,0.0,64.125,0.000,0.0,666281.0
2026-08-31T16:39:24,0.2,4778,1547350,1531390,0.3,0.00,0.59,0.00,2.37,0.00,0.00,0.06,1.0,95830.0,95350.0,0.0,0.0,0.5,0.0,64.079,0.000,0.0,652894.0
2026-08-31T16:39:25,0.2,4779,1547350,1531389,0.3,0.00,0.58,0.00,2.33,0.00,0.00,0.00,1.0,95830.0,95350.0,0.0,0.0,0.5,0.0,64.065,0.000,0.0,679172.0
2026-08-31T16:39:26,0.2,4779,1547350,1531389,0.3,0.00,0.95,0.00,3.78,0.00,0.00,0.00,1.0,95830.0,95350.0,0.0,0.0,0.5,0.0,64.061,0.000,0.0,679172.0
2026-08-31T16:39:27,0.1,4779,1547350,1531389,0.3,0.00,1.37,0.00,5.47,0.00,0.00,0.00,1.0,95830.0,95350.0,0.0,0.0,0.5,0.0,64.106,0.000,0.0,638300.0
2026-08-31T16:39:32,0.1,4777,1547350,1531390,0.3,0.00,0.23,0.00,0.90,0.00,0.00,0.00,1.0,95830.0,95350.0,0.0,0.0,0.5,0.0,64.077,0.000,0.0,652928.5
2026-08-31T16:39:34,0.1,4778,1547350,1531389,0.3,0.00,2.88,0.00,11.53,0.00,0.00,0.00,1.0,95830.0,95350.0,0.0,0.0,0.5,0.0,64.109,0.000,0.0,638789.0
2026-08-31T16:39:36,0.1,4779,1547350,1531389,0.3,0.00,0.37,0.00,1.46,0.00,0.00,0.00,1.0,95830.0,95350.0,0.0,0.0,0.5,0.0,64.078,0.000,0.0,626459.0
2026-08-31T16:39:39,0.1,4779,1547350,1531389,0.3,0.00,2.73,0.00,17.04,0.00,0.12,0.00,1.0,95830.0,95350.0,0.0,0.0,0.5,0.0,64.104,0.000,0.0,647520.5
2026-08-31T16:39:41,0.2,4779,1547350,1531388,0.3,0.00,0.49,0.00,1.96,0.00,0.00,0.00,1.0,95830.0,95350.0,0.0,0.0,0.5,0.0,64.119,0.000,0.0,645392.0
2026-08-31T16:39:43,0.2,4780,1547350,1531388,0.3,0.00,0.51,0.00,2.03,0.00,0.00,0.00,1.0,95830.0,95350.0,0.0,0.0,0.5,0.0,64.100,0.000,0.0,638723.0
2026-08-31T16:39:45,0.2,4783,1547350,1531384,0.3,0.00,0.98,0.00,3.94,0.00,0.00,0.00,1.0,95830.0,95350.0,0.0,0.0,0.5,0.0,64.114,0.000,0.0,693138.0
2026-08-31T16:39:47,0.2,4784,1547350,1531384,0.3,0.00,0.81,0.00,3.24,0.00,0.00,0.00,1.0,95830.0,95350.0,0.0,0.0,0.5,0.0,64.124,0.000,0.0,652055.0
2026-08-31T16:39:48,0.2,4784,1547350,1531384,0.3,0.00,0.61,0.00,2.44,0.00,0.00,0.00,1.0,95830.0,95350.0,0.0,0.0,0.5,0.0,64.049,0.000,0.0,642740.0
2026-08-31T16:39:51,0.2,4784,1547350,1531383,0.3,0.00,0.88,0.00,3.53,0.00,0.00,0.00,1.0,95830.0,95350.0,0.0,0.0,0.5,0.0,64.113,0.000,0.0,667509.0
2026-08-31T16:39:52,0.2,4785,1547350,1531383,0.3,0.00,0.61,0.00,2.45,0.00,0.00,0.00,1.0,95830.0,95350.0,0.0,0.0,0.5,0.0,64.084,0.000,0.0,655056.0
2026-08-31T16:39:53,0.2,4785,1547350,1531382,0.3,0.00,0.75,0.00,3.02,0.00,0.00,0.00,1.0,95830.0,95350.0,0.0,0.0,0.5,0.0,64.108,0.000,0.0,668897.5
2026-08-31T16:39:55,0.2,4785,1547350,1531382,0.3,0.00,0.71,0.00,2.86,0.00,0.00,0.00,1.0,95830.0,95350.0,0.0,0.0,0.5,0.0,64.080,0.000,0.0,671442.0
2026-08-31T16:39:56,0.2,4786,1547350,1531382,0.3,0.00,1.36,0.00,5.44,0.00,0.00,0.00,1.0,95830.0,95350.0,0.0,0.0,0.5,0.0,64.106,0.000,0.0,665822.5
2026-08-31T16:39:58,0.2,4785,1547350,1531382,0.3,0.00,0.66,0.00,2.65,0.00,0.00,0.00,1.0,95830.0,95350.0,0.0,0.0,0.5,0.0,64.097,0.000,0.0,680198.5
2026-08-31T16:39:59,0.2,4786,1547350,1531381,0.3,0.00,0.87,0.00,3.50,0.00,1.00,0.00,1.0,95830.0,95350.0,0.0,0.0,0.5,0.0,64.077,0.000,0.0,683209.5
2026-08-31T16:40:00,0.2,4786,1547350,1531381,0.3,0.00,1.02,0.00,4.07,0.00,0.00,0.00,1.0,95830.0,95350.0,0.0,0.0,0.5,0.0,64.083,0.000,0.0,683209.5
2026-08-31T16:40:01,0.3,4792,1547350,1531376,0.3,0.00,1.11,0.00,4.43,0.00,0.00,0.11,1.0,95830.0,95350.0,0.0,0.0,0.5,0.0,64.089,0.000,0.0,704178.5
2026-08-31T16:40:02,0.2,4792,1547350,1531375,0.3,0.00,0.98,0.00,3.91,0.00,0.00,0.00,1.0,95830.0,95350.0,0.0,0.0,0.5,0.0,64.112,0.000,0.0,701181.5
2026-08-31T16:40:03,0.2,4793,1547350,1531375,0.3,0.00,1.15,0.00,4.62,0.00,0.00,0.00,1.0,95830.0,95350.0,0.0,0.0,0.5,0.0,64.091,0.000,0.0,684835.0
2026-08-31T16:40:04,0.2,4791,1547350,1531376,0.3,0.00,0.87,0.00,3.48,0.00,0.00,0.00,1.0,95830.0,95350.0,0.0,0.0,0.5,0.0,64.081,0.000,0.0,753113.5
2026-08-31T16:40:05,0.2,4791,1547350,1531377,0.3,0.00,0.89,0.00,3.55,0.00,0.00,0.00,1.0,95830.0,95350.0,0.0,0.0,0.5,0.0,64.079,0.000,0.0,669998.5
2026-08-31T16:40:07,0.2,4791,1547350,1531376,0.3,0.00,0.64,0.00,2.57,0.00,0.00,0.00,1.0,95830.0,95350.0,0.0,0.0,0.5,0.0,64.118,0.000,0.0,676768.5
2026-08-31T16:40:08,0.2,4791,1547350,1531376,0.3,0.00,0.98,0.00,3.94,0.00,0.00,0.00,1.0,95830.0,95350.0,0.0,0.0,0.5,0.0,64.102,0.000,0.0,668951.0
2026-08-31T16:40:09,0.2,4791,1547350,1531376,0.3,0.00,0.75,0.00,3.00,0.00,0.00,0.00,1.0,95830.0,95350.0,0.0,0.0,0.5,0.0,64.117,0.000,0.0,679284.0
2026-08-31T16:40:10,0.2,4788,1547350,1531380,0.3,0.00,1.53,0.00,14.11,0.00,0.00,0.00,1.0,95830.0,95350.0,0.0,0.0,0.5,0.0,64.105,0.000,0.0,679284.0
2026-08-31T16:40:11,0.3,4789,1547350,1531379,0.3,0.00,1.31,0.00,5.23,0.00,0.00,0.00,1.0,95830.0,95350.0,0.0,0.0,0.5,0.0,64.107,0.000,0.0,707652.5
2026-08-31T16:40:12,0.2,4788,1547350,1531379,0.3,0.00,0.81,0.00,3.24,0.00,0.00,0.00,1.0,95830.0,95350.0,0.0,0.0,0.5,0.0,64.081,0.000,0.0,654833.5
2026-08-31T16:40:14,0.2,4788,1547350,1531379,0.3,0.00,0.62,0.00,2.48,0.00,0.00,0.00,1.0,95830.0,95350.0,0.0,0.0,0.5,0.0,64.078,0.000,0.0,660920.5
2026-08-31T16:40:15,0.2,4789,1547350,1531378,0.3,0.00,0.70,0.00,2.79,0.00,0.00,0.00,1.0,95830.0,95350.0,0.0,0.0,0.5,0.0,64.114,0.000,0.0,661611.5
2026-08-31T16:40:17,0.2,4790,1547350,1531378,0.3,0.00,0.64,0.00,2.55,0.00,0.00,0.00,1.0,95830.0,95350.0,0.0,0.0,0.5,0.0,64.073,0.000,0.0,657509.5
2026-08-31T16:40:18,0.2,4789,1547350,1531378,0.3,0.00,0.63,0.00,2.50,0.00,0.00,0.00,1.0,95830.0,95350.0,0.0,0.0,0.5,0.0,64.123,0.000,0.0,657509.5
2026-08-31T16:40:19,0.2,4789,1547350,1531379,0.3,0.00,1.17,0.00,4.67,0.00,0.00,0.00,1.0,95830.0,95350.0,0.0,0.0,0.5,0.0,64.090,0.000,0.0,702256.5
2026-08-31T16:40:21,0.2,4788,1547350,1531379,0.3,0.00,1.00,0.00,4.01,0.00,0.50,0.00,1.0,95830.0,95350.0,0.0,0.0,0.5,0.0,64.083,0.000,0.0,651156.5
2026-08-31T16:40:23,0.2,4789,1547350,1531379,0.3,0.00,0.56,0.00,2.23,0.00,0.00,0.00,1.0,95830.0,95350.0,0.0,0.0,0.5,0.0,64.076,0.000,0.0,651037.0
2026-08-31T16:40:25,0.2,4789,1547350,1531379,0.3,0.00,0.51,0.00,2.03,0.00,0.00,0.00,1.0,95830.0,95350.0,0.0,0.0,0.5,0.0,64.086,0.000,0.0,650729.0
2026-08-31T16:40:27,0.2,4788,1547350,1531379,0.3,0.00,0.59,0.00,2.37,0.00,0.00,0.00,1.0,95830.0,95350.0,0.0,0.0,0.5,0.0,64.106,0.000,0.0,646096.5
2026-08-31T16:40:29,0.2,4788,1547350,1531379,0.3,0.00,0.50,0.00,1.98,0.00,0.00,0.00,1.0,95830.0,95350.0,0.0,0.0,0.5,0.0,64.106,0.000,0.0,691841.0
2026-08-31T16:40:30,0.2,4787,1547350,1531380,0.3,0.00,0.97,0.00,3.87,0.00,0.00,0.00,1.0,95830.0,95350.0,0.0,0.0,0.5,0.0,64.079,0.000,0.0,643294.5
2026-08-31T16:40:32,0.2,4788,1547350,1531380,0.3,0.00,2.74,0.00,12.81,0.00,0.00,0.00,1.0,95830.0,95350.0,0.0,0.0,0.5,0.0,64.120,0.000,0.0,647868.0
2026-08-31T16:40:34,0.2,4789,1547350,1531379,0.3,0.00,0.62,0.00,2.49,0.00,0.00,0.00,1.0,95830.0,95350.0,0.0,0.0,0.5,0.0,64.067,0.000,0.0,658004.5
2026-08-31T16:40:36,0.2,4789,1547350,1531379,0.3,0.00,0.49,0.00,1.98,0.00,0.00,0.00,1.0,95830.0,95350.0,0.0,0.0,0.5,0.0,64.073,0.000,0.0,665159.5
2026-08-31T16:40:37,0.2,4789,1547350,1531378,0.3,0.00,0.81,0.00,3.25,0.00,0.00,0.08,1.0,95830.0,95350.0,0.0,0.0,0.5,0.0,64.066,0.000,0.0,654842.0
2026-08-31T16:40:38,0.2,4789,1547350,1531378,0.3,0.00,0.64,0.00,2.56,0.00,1.00,0.00,1.0,95830.0,95350.0,0.0,0.0,0.5,0.0,64.065,0.000,0.0,654842.0
2026-08-31T16:40:39,0.2,4789,1547350,1531378,0.3,0.00,0.98,0.00,3.90,0.00,0.00,0.00,1.0,95830.0,95350.0,0.0,0.0,0.5,0.0,64.089,0.000,0.0,700250.5
2026-08-31T16:40:41,0.2,4790,1547350,1531378,0.3,0.00,2.00,0.00,18.97,0.00,0.00,0.00,1.0,95830.0,95350.0,0.0,0.0,0.5,0.0,64.121,0.000,0.0,646304.0
2026-08-31T16:40:43,0.2,4789,1547350,1531378,0.3,0.00,0.50,0.00,2.01,0.00,0.00,0.00,1.0,95830.0,95350.0,0.0,0.0,0.5,0.0,64.118,0.000,0.0,646479.5
2026-08-31T16:40:46,0.2,4789,1547350,1531378,0.3,0.00,0.47,0.00,1.90,0.00,0.00,0.00,1.0,95830.0,95350.0,0.0,0.0,0.5,0.0,64.084,0.000,0.0,646830.0
2026-08-31T16:40:47,0.2,4790,1547350,1531378,0.3,0.00,0.52,0.00,2.06,0.00,0.00,0.00,1.0,95830.0,95350.0,0.0,0.0,0.5,0.0,64.117,0.000,0.0,646613.5
2026-08-31T16:40:49,0.4,4838,1547350,1531330,0.3,0.00,0.50,0.00,2.02,0.00,0.00,0.00,1.0,95830.0,95350.0,0.0,0.0,0.5,0.0,64.086,0.000,0.0,6984351.0
2026-08-31T16:40:50,0.2,4837,1547350,1531330,0.3,0.00,1.24,0.00,4.95,0.00,0.00,0.00,4.0,95830.0,95347.0,0.0,0.0,0.5,0.0,64.129,0.000,0.0,6984351.0
2026-08-31T16:40:51,0.2,4838,1547350,1531329,0.3,0.00,2.25,0.00,13.48,0.00,0.00,0.00,4.0,95830.0,95347.0,0.0,0.0,0.5,0.0,64.106,0.000,0.0,691998.5
2026-08-31T16:40:52,0.2,4838,1547350,1531330,0.3,0.00,0.98,0.00,3.93,0.00,0.00,0.00,4.0,95830.0,95347.0,0.0,0.0,0.5,0.0,64.108,0.000,0.0,675145.5
2026-08-31T16:40:54,0.2,4838,1547350,1531330,0.3,0.00,0.72,0.00,2.88,0.00,0.00,0.00,4.0,95830.0,95347.0,0.0,0.0,0.5,0.0,64.111,0.000,0.0,675145.5
2026-08-31T16:40:54,0.2,4839,1547350,1531329,0.3,0.00,1.43,0.00,5.71,0.00,0.00,0.00,4.0,95830.0,95347.0,0.0,0.0,0.5,0.0,64.106,0.000,0.0,717343.5
2026-08-31T16:40:56,0.2,4843,1547350,1531325,0.3,0.00,0.60,0.00,2.40,0.00,0.00,0.00,4.0,95830.0,95347.0,0.0,0.0,0.5,0.0,64.119,0.000,0.0,717343.5
2026-08-31T16:40:57,0.2,4844,1547350,1531323,0.3,0.00,1.20,0.00,4.80,0.00,0.00,0.00,4.0,95830.0,95347.0,0.0,0.0,0.5,0.0,64.101,0.000,0.0,772474.5
2026-08-31T16:40:57,0.2,4845,1547350,1531323,0.3,0.00,5.22,0.00,20.89,0.00,0.00,0.00,4.0,95830.0,95347.0,0.0,0.0,0.5,0.0,64.118,0.000,0.0,772474.5
2026-08-31T16:40:58,0.2,4845,1547350,1531323,0.3,0.00,2.14,0.00,8.57,0.00,1.00,0.00,4.0,95830.0,95347.0,0.0,0.0,0.5,0.0,64.123,0.000,0.0,776013.0
2026-08-31T16:40:59,0.2,4844,1547350,1531323,0.3,0.00,1.03,0.00,4.10,0.00,0.00,0.00,4.0,95830.0,95347.0,0.0,0.0,0.5,0.0,64.101,0.000,0.0,688155.5
2026-08-31T16:41:00,0.2,4845,1547350,1531323,0.3,0.00,0.91,0.00,3.66,0.00,0.00,0.00,4.0,95830.0,95347.0,0.0,0.0,0.5,0.0,64.088,0.000,0.0,688155.5
2026-08-31T16:41:00,0.2,4853,1547350,1531315,0.3,0.00,3.28,0.00,13.11,0.00,0.00,0.00,4.0,95830.0,95347.0,0.0,0.0,0.5,0.0,64.051,0.000,0.0,736416.5
2026-08-31T16:41:01,0.3,4954,1547350,1531206,0.3,0.00,1.01,0.00,4.03,0.00,0.00,0.00,4.0,95830.0,95347.0,0.0,0.0,0.5,0.0,67.488,0.000,0.0,736416.5
2026-08-31T16:41:02,0.5,4968,1547350,1531189,0.3,0.00,1.19,0.00,4.75,0.00,0.00,0.00,1136.0,95830.0,94216.0,0.0,0.0,0.5,0.0,78.880,0.001,0.0,11483946.0
2026-08-31T16:41:03,0.2,4971,1547350,1531186,0.3,0.00,0.73,0.00,2.92,0.00,0.00,0.00,1136.0,95830.0,94216.0,0.0,0.0,0.5,0.0,78.969,0.000,0.0,669292.5
2026-08-31T16:41:05,0.2,4975,1547350,1531182,0.3,0.00,0.64,0.00,2.56,0.00,0.00,0.00,1136.0,95830.0,94216.0,0.0,0.0,0.5,0.0,78.965,0.000,0.0,669292.5
2026-08-31T16:41:05,0.2,4976,1547350,1531181,0.3,0.00,2.37,0.00,9.48,0.00,0.00,0.24,1136.0,95830.0,94216.0,0.0,0.0,0.5,0.0,78.979,0.000,0.0,775645.5
2026-08-31T16:41:06,0.2,4976,1547350,1531181,0.3,0.00,1.42,0.00,5.68,0.00,0.00,0.00,1136.0,95830.0,94216.0,0.0,0.0,0.5,0.0,78.920,0.000,0.0,775645.5
2026-08-31T16:41:07,0.2,4976,1547350,1531181,0.3,0.00,0.96,0.00,3.82,0.00,0.00,0.00,1136.0,95830.0,94216.0,0.0,0.0,0.5,0.0,78.978,0.000,0.0,696793.5
2026-08-31T16:41:08,0.2,4977,1547350,1531180,0.3,0.00,1.22,0.00,4.87,0.00,0.00,0.00,1136.0,95830.0,94216.0,0.0,0.0,0.5,0.0,78.909,0.000,0.0,696793.5
2026-08-31T16:41:08,0.2,4977,1547350,1531180,0.3,0.00,1.73,0.00,6.91,0.00,0.00,0.00,1136.0,95830.0,94216.0,0.0,0.0,0.5,0.0,79.019,0.000,0.0,705383.5
2026-08-31T16:41:10,0.2,4977,1547350,1531181,0.3,0.00,0.81,0.00,3.23,0.00,0.00,0.00,1136.0,95830.0,94216.0,0.0,0.0,0.5,0.0,78.997,0.000,0.0,705383.5
2026-08-31T16:41:10,0.2,4977,1547350,1531181,0.3,0.00,1.49,0.00,5.98,0.00,0.00,0.00,1136.0,95830.0,94216.0,0.0,0.0,0.5,0.0,79.058,0.000,0.0,695111.0
2026-08-31T16:41:12,0.3,4975,1547350,1531182,0.3,0.00,2.91,0.00,17.47,0.00,0.00,0.00,1136.0,95830.0,94216.0,0.0,0.0,0.5,0.0,79.065,0.000,0.0,658758.0
2026-08-31T16:41:13,0.2,4975,1547350,1531182,0.3,0.00,0.85,0.00,3.40,0.00,1.00,0.00,1136.0,95830.0,94216.0,0.0,0.0,0.5,0.0,79.189,0.000,0.0,658758.0
2026-08-31T16:41:14,0.2,4976,1547350,1531181,0.3,0.00,1.26,0.00,5.06,0.00,0.00,0.00,1136.0,95830.0,94216.0,0.0,0.0,0.5,0.0,79.151,0.000,0.0,750330.5
2026-08-31T16:41:14,0.3,4977,1547350,1531181,0.3,0.00,2.56,0.00,10.23,0.00,0.00,0.00,1136.0,95830.0,94216.0,0.0,0.0,0.5,0.0,79.045,0.000,0.0,750330.5
2026-08-31T16:41:15,2.0,4977,1547350,1531180,0.3,0.00,1.22,0.00,4.90,0.00,0.00,0.00,1136.0,95830.0,94216.0,0.0,0.0,0.5,0.0,79.122,0.000,0.0,680148.0
2026-08-31T16:41:16,0.2,4978,1547350,1531180,0.3,0.00,0.68,0.00,2.72,0.00,0.00,0.00,1136.0,95830.0,94216.0,0.0,0.0,0.5,0.0,79.229,0.000,0.0,654940.5
2026-08-31T16:41:18,0.2,4979,1547350,1531179,0.3,0.00,0.63,0.00,2.51,0.00,0.00,0.00,1136.0,95830.0,94216.0,0.0,0.0,0.5,0.0,79.188,0.000,0.0,654940.5
2026-08-31T16:41:19,0.3,4978,1547350,1531179,0.3,0.00,1.32,0.00,5.28,0.00,0.00,0.00,1136.0,95830.0,94216.0,0.0,0.0,0.5,0.0,79.153,0.000,0.0,709136.5
2026-08-31T16:41:20,0.2,4980,1547350,1531178,0.3,0.00,0.98,0.00,3.93,0.00,0.00,0.00,1136.0,95830.0,94216.0,0.0,0.0,0.5,0.0,79.158,0.000,0.0,694673.5
2026-08-31T16:41:21,0.2,4981,1547350,1531177,0.3,0.00,0.83,0.00,3.31,0.00,0.00,0.00,1136.0,95830.0,94216.0,0.0,0.0,0.5,0.0,79.197,0.000,0.0,694673.5
2026-08-31T16:41:22,0.2,4981,1547350,1531177,0.3,0.00,1.25,0.00,4.98,0.00,0.00,0.00,1136.0,95830.0,94216.0,0.0,0.0,0.5,0.0,79.222,0.000,0.0,679193.0
2026-08-31T16:41:23,0.2,4981,1547350,1531177,0.3,0.00,0.70,0.00,2.81,0.00,0.00,0.00,1136.0,95830.0,94216.0,0.0,0.0,0.5,0.0,79.205,0.000,0.0,650812.5
2026-08-31T16:41:25,0.2,4981,1547350,1531176,0.3,0.00,0.62,0.00,2.49,0.00,0.00,0.00,1136.0,95830.0,94216.0,0.0,0.0,0.5,0.0,79.224,0.000,0.0,684403.0
2026-08-31T16:41:26,0.2,4981,1547350,1531176,0.3,0.00,0.64,0.00,2.55,0.00,0.00,0.00,1136.0,95830.0,94216.0,0.0,0.0,0.5,0.0,79.254,0.000,0.0,653293.0
2026-08-31T16:41:28,0.2,4982,1547350,1531175,0.3,0.00,1.21,0.00,7.27,0.00,0.00,0.00,1136.0,95830.0,94216.0,0.0,0.0,0.5,0.0,79.256,0.000,0.0,656056.5
2026-08-31T16:41:29,0.2,4983,1547350,1531174,0.3,0.00,0.64,0.00,2.57,0.00,0.00,0.00,1136.0,95830.0,94216.0,0.0,0.0,0.5,0.0,79.298,0.000,0.0,676922.0
2026-08-31T16:41:31,0.2,4983,1547350,1531174,0.3,0.00,0.60,0.00,2.41,0.00,0.00,0.00,1136.0,95830.0,94216.0,0.0,0.0,0.5,0.0,79.332,0.000,0.0,662162.0
2026-08-31T16:41:32,0.2,4983,1547350,1531174,0.3,0.00,4.80,0.00,22.40,0.00,0.17,0.00,1136.0,95830.0,94216.0,0.0,0.0,0.5,0.0,79.334,0.000,0.0,656921.5
2026-08-31T16:41:34,0.2,4984,1547350,1531174,0.3,0.00,0.64,0.00,2.57,0.00,0.00,0.00,1136.0,95830.0,94216.0,0.0,0.0,0.5,0.0,79.392,0.000,0.0,652781.0
2026-08-31T16:41:36,0.2,4984,1547350,1531173,0.3,0.00,0.54,0.00,2.18,0.00,0.00,0.05,1136.0,95830.0,94216.0,0.0,0.0,0.5,0.0,79.442,0.000,0.0,664327.5
2026-08-31T16:41:37,0.2,4985,1547350,1531172,0.3,0.00,0.71,0.00,2.83,0.00,0.00,0.00,1136.0,95830.0,94216.0,0.0,0.0,0.5,0.0,79.436,0.000,0.0,664327.5
2026-08-31T16:41:38,0.2,4985,1547350,1531173,0.3,0.00,1.66,0.00,6.63,0.00,0.00,0.00,1136.0,95830.0,94216.0,0.0,0.0,0.5,0.0,79.420,0.000,0.0,773905.5
2026-08-31T16:41:38,0.2,4985,1547350,1531173,0.3,0.00,2.05,0.00,8.20,0.00,0.00,0.00,1136.0,95830.0,94216.0,0.0,0.0,0.5,0.0,79.457,0.000,0.0,773905.5
2026-08-31T16:41:39,0.2,4985,1547350,1531172,0.3,0.00,1.88,0.00,7.50,0.00,0.00,0.00,1136.0,95830.0,94216.0,0.0,0.0,0.5,0.0,79.432,0.000,0.0,692176.0
2026-08-31T16:41:40,0.2,4985,1547350,1531172,0.3,0.00,1.42,0.00,13.14,0.00,0.00,0.00,1136.0,95830.0,94216.0,0.0,0.0,0.5,0.0,79.477,0.000,0.0,671703.5
2026-08-31T16:41:42,0.2,4985,1547350,1531172,0.3,0.00,0.53,0.00,2.11,0.00,0.00,0.00,1136.0,95830.0,94216.0,0.0,0.0,0.5,0.0,79.533,0.000,0.0,649016.5
2026-08-31T16:41:44,0.2,4985,1547350,1531172,0.3,0.00,1.06,0.00,4.23,0.00,0.00,0.00,1136.0,95830.0,94216.0,0.0,0.0,0.5,0.0,79.426,0.000,0.0,694895.0
2026-08-31T16:41:45,0.2,4986,1547350,1531172,0.3,0.00,1.21,0.00,4.85,0.00,0.00,0.00,1136.0,95830.0,94216.0,0.0,0.0,0.5,0.0,79.468,0.000,0.0,649449.0
2026-08-31T16:41:47,0.2,4986,1547350,1531171,0.3,0.00,0.46,0.00,1.83,0.00,0.00,0.00,1136.0,95830.0,94216.0,0.0,0.0,0.5,0.0,79.460,0.000,0.0,647166.5
2026-08-31T16:41:49,0.2,4986,1547350,1531171,0.3,0.00,0.49,0.00,1.95,0.00,0.00,0.00,1136.0,95830.0,94216.0,0.0,0.0,0.5,0.0,79.461,0.000,0.0,636256.5
2026-08-31T16:41:51,0.2,4986,1547350,1531171,0.3,0.00,0.52,0.00,2.10,0.00,0.00,0.00,1136.0,95830.0,94216.0,0.0,0.0,0.5,0.0,79.498,0.000,0.0,674666.5
2026-08-31T16:41:52,0.2,4987,1547350,1531171,0.3,0.00,0.70,0.00,2.81,0.00,1.00,0.00,1136.0,95830.0,94216.0,0.0,0.0,0.5,0.0,79.465,0.000,0.0,665556.5
2026-08-31T16:41:54,0.2,4986,1547350,1531172,0.3,0.00,0.69,0.00,2.78,0.00,0.00,0.07,1136.0,95830.0,94216.0,0.0,0.0,0.5,0.0,79.523,0.000,0.0,663053.5
2026-08-31T16:41:55,0.2,4987,1547350,1531171,0.3,0.00,0.73,0.00,2.93,0.00,0.00,0.00,1136.0,95830.0,94216.0,0.0,0.0,0.5,0.0,79.540,0.000,0.0,659622.5
2026-08-31T16:41:57,0.2,4987,1547350,1531171,0.3,0.00,0.70,0.00,2.78,0.00,0.00,0.00,1136.0,95830.0,94216.0,0.0,0.0,0.5,0.0,79.638,0.000,0.0,654926.5
2026-08-31T16:41:58,0.2,4992,1547350,1531165,0.3,0.00,0.64,0.00,2.58,0.00,0.00,0.00,1136.0,95830.0,94216.0,0.0,0.0,0.5,0.0,79.641,0.000,0.0,654926.5
2026-08-31T16:41:59,0.3,5087,1547350,1531070,0.3,0.00,7.54,0.00,30.15,0.00,0.00,0.00,1136.0,95830.0,94216.0,0.0,0.0,0.5,0.0,79.650,0.000,0.0,693082.0
2026-08-31T16:42:00,0.2,5087,1547350,1531070,0.3,0.00,0.69,0.00,2.75,0.00,0.00,0.00,1136.0,95830.0,94216.0,0.0,0.0,0.5,0.0,79.643,0.000,0.0,693082.0
2026-08-31T16:42:01,0.3,5090,1547350,1531068,0.3,0.00,1.21,0.00,4.85,0.00,0.00,0.00,1136.0,95830.0,94216.0,0.0,0.0,0.5,0.0,79.673,0.000,0.0,746211.5
2026-08-31T16:42:01,0.2,5091,1547350,1531067,0.3,0.00,2.65,0.00,10.61,0.00,0.00,0.00,1136.0,95830.0,94216.0,0.0,0.0,0.5,0.0,79.698,0.000,0.0,663055.0
2026-08-31T16:42:03,0.3,5179,1547350,1530815,0.3,0.00,0.71,0.00,2.83,0.00,0.00,0.00,1136.0,95830.0,94216.0,0.0,0.0,0.5,0.0,79.689,0.000,0.0,663055.0
2026-08-31T16:42:03,1.2,4988,1547350,1530913,0.3,0.00,2.99,0.00,11.98,0.00,0.00,0.00,3263.0,95830.0,92088.0,0.0,0.0,0.5,0.5,80.050,0.000,0.0,663055.0
2026-08-31T16:42:03,0.3,4990,1547350,1530912,0.3,0.00,2.10,0.00,8.40,0.00,0.00,0.00,3263.0,95830.0,92088.0,0.0,0.0,0.5,0.0,80.041,0.001,0.0,6113437.0
2026-08-31T16:42:04,0.3,4989,1547350,1530912,0.3,0.00,1.56,0.00,6.24,0.00,0.00,0.00,2740.0,95830.0,92612.0,0.0,0.0,0.5,0.0,79.681,0.001,0.0,6113437.0
2026-08-31T16:42:05,0.2,4989,1547350,1530912,0.3,0.00,1.02,0.00,4.06,0.00,0.00,0.00,2740.0,95830.0,92612.0,0.0,0.0,0.5,0.0,79.696,0.000,0.0,793576.0
2026-08-31T16:42:06,0.2,4990,1547350,1530912,0.3,0.00,1.00,0.00,4.01,0.00,0.00,0.10,2740.0,95830.0,92612.0,0.0,0.0,0.5,0.0,79.715,0.000,0.0,711031.0
2026-08-31T16:42:08,0.7,5388,1547350,1530504,0.3,0.00,0.55,0.00,2.18,0.00,0.00,0.00,4676.0,95830.0,90676.0,13.0,0.0,0.5,0.0,137.222,0.092,0.1,2614630.0
2026-08-31T16:42:09,2.1,5407,1547350,1530485,0.3,0.00,0.99,0.00,3.95,0.00,1.00,0.00,10256.0,95830.0,85096.0,62.0,13.5,0.5,31.0,155.926,0.092,0.1,2614630.0
2026-08-31T16:42:09,2.4,5411,1547350,1530480,0.3,0.00,5.15,0.00,20.62,0.00,0.00,0.00,11142.0,95830.0,84210.0,71.0,17.0,0.5,36.0,200.842,0.368,0.3,6138653.0
2026-08-31T16:42:11,2.6,5418,1547350,1530473,0.4,0.00,1.63,0.00,12.24,0.00,0.00,0.00,11142.0,95830.0,84210.0,59.0,17.0,0.5,37.0,197.727,0.354,0.3,6070924.0
2026-08-31T16:42:13,2.5,5430,1547350,1530461,0.4,0.00,0.55,0.00,2.18,0.00,0.00,0.00,11142.0,95830.0,84210.0,74.0,16.5,0.5,34.0,201.959,0.363,0.3,6445838.0
2026-08-31T16:42:14,2.5,5438,1547350,1530453,0.4,0.00,0.64,0.00,2.58,0.00,0.00,0.00,15380.0,95830.0,79972.0,74.0,5.0,0.5,11.0,186.803,0.335,0.3,5120327.5
2026-08-31T16:42:16,1.9,5486,1547350,1530406,0.4,0.00,0.60,0.00,2.42,0.00,0.00,0.00,21696.0,95830.0,73656.0,67.0,17.5,0.5,36.5,204.045,0.329,0.3,6397053.5
2026-08-31T16:42:18,2.2,5486,1547350,1530406,0.4,0.00,0.59,0.00,2.36,0.00,0.00,0.00,21696.0,95830.0,73656.0,100.0,13.0,0.5,29.5,209.199,0.387,0.4,5470082.5
2026-08-31T16:42:19,2.1,5487,1547350,1530404,0.4,0.00,0.64,0.00,2.57,0.00,0.00,0.00,21696.0,95830.0,73656.0,65.0,14.5,0.5,30.5,205.642,0.390,0.4,5459698.0
2026-08-31T16:42:21,2.0,5489,1547350,1530402,0.4,0.00,0.65,0.00,2.59,0.00,0.00,0.00,21696.0,95830.0,73656.0,62.0,19.0,0.5,42.5,212.776,0.390,0.4,5459698.0
2026-08-31T16:42:21,1.8,5497,1547350,1530394,0.4,0.00,1.80,0.00,7.19,0.00,0.00,0.00,30940.0,95830.0,64412.0,0.0,17.0,0.5,31.0,181.476,0.331,0.3,6148845.0
2026-08-31T16:42:22,1.9,5498,1547350,1530393,0.4,0.00,1.30,0.00,5.21,0.00,0.00,0.00,30940.0,95830.0,64412.0,72.0,16.0,0.5,37.0,200.498,0.370,0.4,6232792.0
2026-08-31T16:42:24,2.5,5499,1547350,1530392,0.4,0.00,0.58,0.00,2.33,0.00,0.00,0.00,30940.0,95830.0,64412.0,73.0,16.0,0.5,33.0,197.948,0.370,0.4,6232792.0
2026-08-31T16:42:24,2.9,5498,1547350,1530393,0.4,0.00,1.59,0.00,6.38,0.00,0.00,0.00,30940.0,95830.0,64412.0,74.0,16.5,0.5,37.0,197.827,0.351,0.3,6037739.5
2026-08-31T16:42:27,2.2,5502,1547350,1530390,0.4,0.00,0.48,0.00,1.94,0.00,0.00,0.00,30940.0,95830.0,64412.0,74.0,24.5,0.5,50.0,185.863,0.351,0.3,6037739.5
2026-08-31T16:42:27,2.4,5502,1547350,1530389,0.4,0.00,2.00,0.00,8.02,0.00,0.00,0.00,30972.0,95830.0,64380.0,83.0,16.5,0.5,36.5,209.613,0.322,0.3,6470715.0
2026-08-31T16:42:27,2.8,5503,1547350,1530388,0.4,0.00,2.15,0.00,8.58,0.00,0.00,0.00,30972.0,95830.0,64380.0,67.0,16.5,0.5,37.0,207.510,0.383,0.4,5658129.0
2026-08-31T16:42:29,2.4,5502,1547350,1530389,0.4,0.00,1.29,0.00,7.73,0.00,0.50,0.00,30994.0,95830.0,64358.0,74.0,0.0,0.5,0.0,118.496,0.239,0.2,56669106.0
2026-08-31T16:42:32,0.5,5506,1547350,1530386,0.4,0.00,0.35,0.00,1.40,0.00,0.00,0.00,30994.0,95830.0,64358.0,0.0,0.0,0.5,0.0,82.538,0.000,0.0,644814.5
2026-08-31T16:42:32,0.5,5511,1547350,1530380,0.4,0.00,2.09,0.00,8.35,0.00,0.00,0.00,30994.0,95830.0,64358.0,0.0,0.0,0.5,0.0,82.285,0.000,0.0,686557.5
2026-08-31T16:42:33,0.2,5512,1547350,1530379,0.4,0.00,0.97,0.00,3.86,0.00,0.00,0.00,30994.0,95830.0,64358.0,0.0,0.0,0.5,0.0,82.165,0.000,0.0,686557.5
2026-08-31T16:42:34,0.2,5513,1547350,1530378,0.4,0.00,5.86,0.00,23.44,0.00,0.00,0.00,30994.0,95830.0,64358.0,0.0,0.0,0.5,0.0,81.797,0.000,0.0,745684.0
2026-08-31T16:42:35,1.0,5498,1547350,1530649,0.4,0.00,1.45,0.00,5.78,0.00,0.00,0.00,30994.0,95830.0,64358.0,0.0,0.0,0.5,0.0,81.724,0.000,0.0,745684.0
