timestamp,cpu_util_pct,ram_used_mb,ram_total_mb,ram_avail_mb,ram_used_pct,disk_r_s,disk_w_s,disk_rkB_s,disk_wkB_s,disk_r_await_ms,disk_w_await_ms,disk_util_pct,gpu_mem_used_mb,gpu_mem_total_mb,gpu_mem_free_mb,gpu_util_pct,dcgmi_power_w,dcgmi_gpu_util_pct,dcgmi_mem_copy_util_pct,dcgmi_gr_active,dcgmi_sm_active,dcgmi_pcie_tx_bytes,dcgmi_pcie_rx_bytes
2026-09-01T04:34:27,0.2,4815,1547350,1531259,0.3,0.00,0.00,0.00,0.00,0.00,0.00,0.00,3960.0,95830.0,91392.0,0.0,0.0,0.5,0.0,81.761,0.000,0.0,0.0
2026-09-01T04:34:28,0.2,4816,1547350,1531258,0.3,0.00,1.31,0.00,5.23,0.00,0.00,0.00,3960.0,95830.0,91392.0,0.0,0.0,0.5,0.0,81.755,0.000,0.0,0.0
2026-09-01T04:34:30,0.2,4818,1547350,1531256,0.3,0.00,0.54,0.00,2.16,0.00,0.00,0.00,3960.0,95830.0,91392.0,0.0,0.0,0.5,0.0,81.781,0.000,0.0,600282.0
2026-09-01T04:34:31,0.2,4819,1547350,1531255,0.3,0.00,4.26,0.00,19.87,0.00,0.17,0.00,3960.0,95830.0,91392.0,0.0,0.0,0.5,0.0,81.794,0.000,0.0,691946.0
2026-09-01T04:34:33,1.4,4822,1547350,1531252,0.3,0.00,0.77,0.00,3.09,0.00,0.00,0.00,3960.0,95830.0,91392.0,0.0,0.0,0.5,0.0,81.821,0.000,0.0,691946.0
2026-09-01T04:34:34,0.2,4825,1547350,1531249,0.3,0.00,1.17,0.00,4.68,0.00,0.00,0.00,3960.0,95830.0,91392.0,0.0,0.0,0.5,0.0,81.840,0.000,0.0,741311.0
2026-09-01T04:34:34,0.3,4827,1547350,1531247,0.3,0.00,1.62,0.00,6.49,0.00,0.00,0.00,3960.0,95830.0,91392.0,0.0,0.0,0.5,0.0,81.827,0.000,0.0,741311.0
2026-09-01T04:34:35,0.3,4829,1547350,1531245,0.3,0.00,1.51,0.00,6.04,0.00,0.00,0.15,3960.0,95830.0,91392.0,0.0,0.0,0.5,0.0,81.822,0.000,0.0,754970.5
2026-09-01T04:34:35,0.2,4829,1547350,1531244,0.3,0.00,3.67,0.00,33.03,0.00,0.00,0.00,3960.0,95830.0,91392.0,0.0,0.0,0.5,0.0,81.838,0.000,0.0,754970.5
2026-09-01T04:34:36,0.3,4829,1547350,1531245,0.3,0.00,1.72,0.00,6.86,0.00,0.00,0.00,3960.0,95830.0,91392.0,0.0,0.0,0.5,0.0,81.835,0.000,0.0,748092.5
2026-09-01T04:34:37,0.2,4829,1547350,1531245,0.3,0.00,1.69,0.00,6.75,0.00,0.00,0.00,3960.0,95830.0,91392.0,0.0,0.0,0.5,0.0,81.844,0.000,0.0,748092.5
2026-09-01T04:34:38,0.2,4829,1547350,1531245,0.3,0.00,0.99,0.00,3.98,0.00,0.00,0.00,3960.0,95830.0,91392.0,0.0,0.0,0.5,0.0,81.849,0.000,0.0,699405.0
2026-09-01T04:34:39,0.2,4830,1547350,1531243,0.3,0.00,0.98,0.00,3.93,0.00,0.00,0.00,3960.0,95830.0,91392.0,0.0,0.0,0.5,0.0,81.882,0.000,0.0,688403.5
2026-09-01T04:34:40,0.2,4831,1547350,1531243,0.3,0.00,0.89,0.00,3.58,0.00,0.00,0.00,3960.0,95830.0,91392.0,0.0,0.0,0.5,0.0,81.939,0.000,0.0,688403.5
2026-09-01T04:34:41,0.2,4832,1547350,1531242,0.3,0.00,0.96,0.00,3.85,0.00,0.00,0.00,3960.0,95830.0,91392.0,0.0,0.0,0.5,0.0,81.917,0.000,0.0,711953.0
2026-09-01T04:34:42,0.2,4833,1547350,1531241,0.3,0.00,2.67,0.00,10.69,0.00,0.33,0.09,3960.0,95830.0,91392.0,0.0,0.0,0.5,0.0,81.863,0.000,0.0,711953.0
2026-09-01T04:34:43,0.2,4833,1547350,1531240,0.3,0.00,1.29,0.00,5.15,0.00,0.00,0.00,3960.0,95830.0,91392.0,0.0,0.0,0.5,0.0,81.885,0.000,0.0,695847.5
2026-09-01T04:34:44,0.2,4833,1547350,1531240,0.3,0.00,0.83,0.00,3.31,0.00,0.00,0.00,3960.0,95830.0,91392.0,0.0,0.0,0.5,0.0,81.928,0.000,0.0,685841.5
2026-09-01T04:34:45,0.2,4834,1547350,1531240,0.3,0.00,0.83,0.00,3.34,0.00,0.00,0.00,3960.0,95830.0,91392.0,0.0,0.0,0.5,0.0,81.923,0.000,0.0,685841.5
2026-09-01T04:34:46,0.2,4835,1547350,1531239,0.3,0.00,1.82,0.00,7.27,0.00,0.00,0.00,3960.0,95830.0,91392.0,0.0,0.0,0.5,0.0,81.917,0.000,0.0,838331.0
2026-09-01T04:34:47,0.2,4835,1547350,1531239,0.3,0.00,1.02,0.00,4.07,0.00,0.00,0.00,3960.0,95830.0,91392.0,0.0,0.0,0.5,0.0,81.921,0.000,0.0,652549.5
2026-09-01T04:34:48,0.2,4835,1547350,1531239,0.3,0.00,1.01,0.00,4.04,0.00,0.00,0.10,3960.0,95830.0,91392.0,0.0,0.0,0.5,0.0,81.875,0.000,0.0,676862.5
2026-09-01T04:34:49,0.2,4835,1547350,1531239,0.3,0.00,0.81,0.00,3.25,0.00,0.00,0.00,3960.0,95830.0,91392.0,0.0,0.0,0.5,0.0,81.958,0.000,0.0,670663.0
2026-09-01T04:34:50,0.2,4836,1547350,1531238,0.3,0.00,0.71,0.00,2.83,0.00,0.00,0.00,3960.0,95830.0,91392.0,0.0,0.0,0.5,0.0,81.942,0.000,0.0,674377.5
2026-09-01T04:34:51,0.2,4837,1547350,1531237,0.3,0.00,0.83,0.00,3.32,0.00,0.00,0.00,3960.0,95830.0,91392.0,0.0,0.0,0.5,0.0,81.954,0.000,0.0,666925.5
2026-09-01T04:34:53,0.2,4838,1547350,1531236,0.3,0.00,0.79,0.00,3.15,0.00,0.00,0.00,3960.0,95830.0,91392.0,0.0,0.0,0.5,0.0,81.967,0.000,0.0,690941.5
2026-09-01T04:34:54,0.2,4838,1547350,1531235,0.3,0.00,1.09,0.00,4.37,0.00,0.00,0.00,3960.0,95830.0,91392.0,0.0,0.0,0.5,0.0,82.036,0.000,0.0,690941.5
2026-09-01T04:34:55,0.2,4839,1547350,1531235,0.3,0.00,1.09,0.00,4.35,0.00,0.00,0.00,3960.0,95830.0,91392.0,0.0,0.0,0.5,0.0,81.983,0.000,0.0,704421.0
2026-09-01T04:34:56,0.2,4838,1547350,1531235,0.3,0.00,0.80,0.00,3.21,0.00,0.00,0.00,3960.0,95830.0,91392.0,0.0,0.0,0.5,0.0,82.019,0.000,0.0,704421.0
2026-09-01T04:34:57,0.2,4838,1547350,1531236,0.3,0.00,2.56,0.00,10.24,0.00,0.00,0.00,3960.0,95830.0,91392.0,0.0,0.0,0.5,0.0,82.003,0.000,0.0,693278.5
2026-09-01T04:34:58,0.2,4838,1547350,1531236,0.3,0.00,0.93,0.00,3.72,0.00,0.00,0.00,3960.0,95830.0,91392.0,0.0,0.0,0.5,0.0,81.976,0.000,0.0,679452.0
2026-09-01T04:34:59,0.2,4839,1547350,1531235,0.3,0.00,0.81,0.00,3.25,0.00,0.00,0.00,3960.0,95830.0,91392.0,0.0,0.0,0.5,0.0,82.012,0.000,0.0,679452.0
2026-09-01T04:35:00,0.2,4839,1547350,1531235,0.3,0.00,1.35,0.00,5.41,0.00,0.00,0.00,3960.0,95830.0,91392.0,0.0,0.0,0.5,0.0,82.072,0.000,0.0,732203.0
2026-09-01T04:35:00,0.2,4839,1547350,1531235,0.3,0.00,1.47,0.00,5.88,0.00,1.00,0.00,3960.0,95830.0,91392.0,0.0,0.0,0.5,0.0,82.080,0.000,0.0,732203.0
2026-09-01T04:35:01,0.4,4845,1547350,1531228,0.3,0.00,1.62,0.00,6.47,0.00,0.00,0.00,3960.0,95830.0,91392.0,0.0,0.0,0.5,0.0,82.076,0.000,0.0,747097.5
2026-09-01T04:35:02,0.2,4846,1547350,1531228,0.3,0.00,1.34,0.00,5.34,0.00,0.00,0.00,3960.0,95830.0,91392.0,0.0,0.0,0.5,0.0,82.090,0.000,0.0,679895.0
2026-09-01T04:35:03,0.2,4846,1547350,1531228,0.3,0.00,0.79,0.00,3.15,0.00,0.00,0.00,3960.0,95830.0,91392.0,0.0,0.0,0.5,0.0,82.135,0.000,0.0,666315.0
2026-09-01T04:35:04,0.2,4845,1547350,1531228,0.3,0.00,0.72,0.00,2.89,0.00,0.00,0.00,3960.0,95830.0,91392.0,0.0,0.0,0.5,0.0,82.128,0.000,0.0,708083.0
2026-09-01T04:35:05,0.2,4845,1547350,1531229,0.3,0.00,6.62,0.00,59.60,0.00,0.00,0.00,3960.0,95830.0,91392.0,0.0,0.0,0.5,0.0,82.183,0.000,0.0,674476.5
2026-09-01T04:35:07,0.2,4844,1547350,1531229,0.3,0.00,0.79,0.00,3.16,0.00,0.00,0.00,3960.0,95830.0,91392.0,0.0,0.0,0.5,0.0,82.186,0.000,0.0,718163.5
2026-09-01T04:35:08,0.2,4845,1547350,1531228,0.3,0.00,0.85,0.00,3.38,0.00,0.00,0.00,3960.0,95830.0,91392.0,0.0,0.0,0.5,0.0,82.197,0.000,0.0,693832.0
2026-09-01T04:35:09,0.2,4845,1547350,1531229,0.3,0.00,0.72,0.00,2.89,0.00,0.00,0.07,3960.0,95830.0,91392.0,0.0,0.0,0.5,0.0,82.259,0.000,0.0,656249.0
2026-09-01T04:35:11,0.2,4844,1547350,1531229,0.3,0.00,0.73,0.00,2.91,0.00,0.00,0.00,3960.0,95830.0,91392.0,0.0,0.0,0.5,0.0,82.277,0.000,0.0,670172.5
2026-09-01T04:35:12,0.2,4845,1547350,1531229,0.3,0.00,0.72,0.00,2.88,0.00,0.00,0.00,3960.0,95830.0,91392.0,0.0,0.0,0.5,0.0,82.293,0.000,0.0,656959.0
2026-09-01T04:35:14,0.2,4847,1547350,1531226,0.3,0.00,0.63,0.00,2.53,0.00,0.00,0.00,3960.0,95830.0,91392.0,0.0,0.0,0.5,0.0,82.272,0.000,0.0,687345.0
2026-09-01T04:35:15,0.2,4848,1547350,1531226,0.3,0.00,1.02,0.00,4.07,0.00,0.00,0.00,3960.0,95830.0,91392.0,0.0,0.0,0.5,0.0,82.306,0.000,0.0,673714.5
2026-09-01T04:35:16,0.2,4849,1547350,1531225,0.3,0.00,0.75,0.00,3.01,0.00,1.00,0.00,3960.0,95830.0,91392.0,0.0,0.0,0.5,0.0,82.302,0.000,0.0,669101.0
2026-09-01T04:35:17,0.2,4848,1547350,1531226,0.3,0.00,0.65,0.00,2.61,0.00,0.00,0.00,3960.0,95830.0,91392.0,0.0,0.0,0.5,0.0,82.317,0.000,0.0,691195.5
2026-09-01T04:35:18,0.2,4849,1547350,1531225,0.3,0.00,1.10,0.00,4.41,0.00,0.00,0.00,3960.0,95830.0,91392.0,0.0,0.0,0.5,0.0,82.306,0.000,0.0,691195.5
2026-09-01T04:35:19,0.2,4849,1547350,1531225,0.3,0.00,1.43,0.00,5.71,0.00,0.00,0.00,3960.0,95830.0,91392.0,0.0,0.0,0.5,0.0,82.299,0.000,0.0,678736.5
2026-09-01T04:35:20,0.2,4850,1547350,1531224,0.3,0.00,0.73,0.00,2.90,0.00,0.00,0.00,3960.0,95830.0,91392.0,0.0,0.0,0.5,0.0,82.329,0.000,0.0,678736.5
2026-09-01T04:35:21,0.2,4849,1547350,1531224,0.3,0.00,1.10,0.00,4.42,0.00,0.00,0.00,3960.0,95830.0,91392.0,0.0,0.0,0.5,0.0,82.323,0.000,0.0,704368.5
2026-09-01T04:35:22,0.2,4850,1547350,1531224,0.3,0.00,1.28,0.00,5.12,0.00,0.00,0.00,3960.0,95830.0,91392.0,0.0,0.0,0.5,0.0,82.344,0.000,0.0,704368.5
2026-09-01T04:35:23,0.2,4850,1547350,1531223,0.3,0.00,1.40,0.00,5.60,0.00,0.00,0.00,3960.0,95830.0,91392.0,0.0,0.0,0.5,0.0,82.336,0.000,0.0,684292.5
2026-09-01T04:35:24,0.2,4851,1547350,1531223,0.3,0.00,0.65,0.00,2.60,0.00,0.00,0.00,3960.0,95830.0,91392.0,0.0,0.0,0.5,0.0,82.333,0.000,0.0,654074.0
2026-09-01T04:35:26,0.2,4850,1547350,1531223,0.3,0.00,0.60,0.00,2.39,0.00,0.00,0.06,3960.0,95830.0,91392.0,0.0,0.0,0.5,0.0,82.334,0.000,0.0,651614.5
2026-09-01T04:35:28,0.2,4852,1547350,1531222,0.3,0.00,1.79,0.00,7.17,0.00,0.00,0.00,3960.0,95830.0,91392.0,0.0,0.0,0.5,0.0,82.326,0.000,0.0,697678.0
2026-09-01T04:35:29,0.2,4852,1547350,1531221,0.3,0.00,0.73,0.00,2.91,0.00,0.00,0.00,3960.0,95830.0,91392.0,0.0,0.0,0.5,0.0,82.330,0.000,0.0,697678.0
2026-09-01T04:35:30,0.2,4852,1547350,1531222,0.3,0.00,2.14,0.00,8.55,0.00,0.00,0.00,3960.0,95830.0,91392.0,0.0,0.0,0.5,0.0,82.331,0.000,0.0,757715.0
2026-09-01T04:35:31,0.2,4852,1547350,1531221,0.3,0.00,0.93,0.00,3.73,0.00,0.00,0.00,3960.0,95830.0,91392.0,0.0,0.0,0.5,0.0,82.331,0.000,0.0,650309.5
2026-09-01T04:35:32,0.2,4853,1547350,1531220,0.3,0.00,1.05,0.00,4.21,0.00,0.00,0.00,3960.0,95830.0,91392.0,0.0,0.0,0.5,0.0,82.302,0.000,0.0,696169.5
2026-09-01T04:35:33,0.2,4853,1547350,1531220,0.3,0.00,3.64,0.00,14.56,0.00,0.17,0.06,3960.0,95830.0,91392.0,0.0,0.0,0.5,0.0,82.355,0.000,0.0,658369.0
2026-09-01T04:35:35,0.2,4854,1547350,1531220,0.3,0.00,0.66,0.00,2.65,0.00,0.00,0.00,3960.0,95830.0,91392.0,0.0,0.0,0.5,0.0,82.308,0.000,0.0,654635.0
2026-09-01T04:35:36,0.2,4854,1547350,1531220,0.3,0.00,1.20,0.00,12.91,0.00,0.00,0.00,3960.0,95830.0,91392.0,0.0,0.0,0.5,0.0,82.315,0.000,0.0,654635.0
2026-09-01T04:35:37,0.2,4855,1547350,1531219,0.3,0.00,1.42,0.00,5.68,0.00,0.00,0.00,3960.0,95830.0,91392.0,0.0,0.0,0.5,0.0,82.350,0.000,0.0,684645.5
2026-09-01T04:35:39,0.2,4855,1547350,1531219,0.3,0.00,0.68,0.00,2.72,0.00,0.00,0.00,3960.0,95830.0,91392.0,0.0,0.0,0.5,0.0,82.346,0.000,0.0,684645.5
2026-09-01T04:35:39,0.2,4855,1547350,1531219,0.3,0.00,2.51,0.00,10.05,0.00,0.00,0.00,3960.0,95830.0,91392.0,0.0,0.0,0.5,0.0,82.337,0.000,0.0,722795.5
2026-09-01T04:35:41,0.2,4855,1547350,1531219,0.3,0.00,0.62,0.00,2.48,0.00,0.00,0.00,3960.0,95830.0,91392.0,0.0,0.0,0.5,0.0,82.338,0.000,0.0,722795.5
2026-09-01T04:35:41,0.3,4855,1547350,1531219,0.3,0.00,1.67,0.00,6.67,0.00,0.00,0.00,3960.0,95830.0,91392.0,0.0,0.0,0.5,0.0,82.339,0.000,0.0,721168.0
2026-09-01T04:35:42,0.2,4856,1547350,1531218,0.3,0.00,1.03,0.00,4.10,0.00,0.00,0.00,3960.0,95830.0,91392.0,0.0,0.0,0.5,0.0,82.345,0.000,0.0,653519.0
2026-09-01T04:35:44,0.2,4855,1547350,1531219,0.3,0.00,1.88,0.00,7.50,0.00,0.00,0.00,3960.0,95830.0,91392.0,0.0,0.0,0.5,0.0,82.392,0.000,0.0,656871.0
2026-09-01T04:35:45,0.2,4855,1547350,1531219,0.3,0.00,0.59,0.00,2.36,0.00,0.00,0.00,3960.0,95830.0,91392.0,0.0,0.0,0.5,0.0,82.329,0.000,0.0,649449.5
2026-09-01T04:35:47,0.2,4856,1547350,1531218,0.3,0.00,0.59,0.00,2.35,0.00,0.00,0.00,3960.0,95830.0,91392.0,0.0,0.0,0.5,0.0,82.338,0.000,0.0,652935.0
2026-09-01T04:35:49,0.2,4856,1547350,1531218,0.3,0.00,0.49,0.00,1.95,0.00,0.00,0.00,3960.0,95830.0,91392.0,0.0,0.0,0.5,0.0,82.312,0.000,0.0,650477.5
2026-09-01T04:35:51,0.2,4858,1547350,1531216,0.3,0.00,0.61,0.00,2.44,0.00,1.00,0.00,3960.0,95830.0,91392.0,0.0,0.0,0.5,0.0,82.311,0.000,0.0,658929.5
2026-09-01T04:35:53,0.2,4858,1547350,1531216,0.3,0.00,0.60,0.00,2.41,0.00,0.00,0.00,3960.0,95830.0,91392.0,0.0,0.0,0.5,0.0,82.367,0.000,0.0,652190.0
2026-09-01T04:35:54,0.2,4860,1547350,1531213,0.3,0.00,0.63,0.00,2.53,0.00,0.00,0.00,3960.0,95830.0,91392.0,0.0,0.0,0.5,0.0,82.340,0.000,0.0,658247.5
2026-09-01T04:35:56,0.2,4860,1547350,1531214,0.3,0.00,0.62,0.00,2.48,0.00,0.00,0.00,3960.0,95830.0,91392.0,0.0,0.0,0.5,0.0,82.330,0.000,0.0,658247.5
2026-09-01T04:35:57,0.2,4860,1547350,1531213,0.3,0.00,1.21,0.00,4.85,0.00,0.00,0.00,3960.0,95830.0,91392.0,0.0,0.0,0.5,0.0,82.322,0.000,0.0,701693.0
2026-09-01T04:35:57,0.2,4861,1547350,1531213,0.3,0.00,1.35,0.00,5.39,0.00,0.00,0.00,3960.0,95830.0,91392.0,0.0,0.0,0.5,0.0,82.360,0.000,0.0,657485.5
2026-09-01T04:35:59,0.2,4861,1547350,1531212,0.3,0.00,1.20,0.00,4.80,0.00,0.00,0.00,3960.0,95830.0,91392.0,0.0,0.0,0.5,0.0,82.324,0.000,0.0,657485.5
2026-09-01T04:36:00,0.2,4861,1547350,1531212,0.3,0.00,1.30,0.00,5.22,0.00,0.00,0.13,3960.0,95830.0,91392.0,0.0,0.0,0.5,0.0,82.409,0.000,0.0,679029.0
2026-09-01T04:36:02,0.3,4865,1547350,1531208,0.3,0.00,0.54,0.00,2.15,0.00,0.00,0.00,3960.0,95830.0,91392.0,0.0,0.0,0.5,0.0,82.335,0.000,0.0,648064.5
2026-09-01T04:36:03,0.2,4866,1547350,1531208,0.3,0.00,0.71,0.00,2.82,0.00,0.00,0.07,3960.0,95830.0,91392.0,0.0,0.0,0.5,0.0,82.341,0.000,0.0,648064.5
2026-09-01T04:36:04,0.2,4865,1547350,1531208,0.3,0.00,1.25,0.00,5.00,0.00,0.00,0.00,3960.0,95830.0,91392.0,0.0,0.0,0.5,0.0,82.369,0.000,0.0,689932.0
2026-09-01T04:36:05,0.2,4866,1547350,1531208,0.3,0.00,0.86,0.00,3.45,0.00,0.00,0.00,3960.0,95830.0,91392.0,0.0,0.0,0.5,0.0,82.320,0.000,0.0,661600.0
2026-09-01T04:36:07,0.2,4867,1547350,1531207,0.3,0.00,1.09,0.00,11.68,0.00,0.00,0.00,3960.0,95830.0,91392.0,0.0,0.0,0.5,0.0,82.324,0.000,0.0,650207.0
2026-09-01T04:36:09,0.2,4868,1547350,1531206,0.3,0.00,0.54,0.00,2.17,0.00,0.00,0.00,3960.0,95830.0,91392.0,0.0,0.0,0.5,0.0,82.373,0.000,0.0,643542.5
2026-09-01T04:36:11,0.2,4867,1547350,1531207,0.3,0.00,0.50,0.00,2.00,0.00,0.00,0.00,3960.0,95830.0,91392.0,0.0,0.0,0.5,0.0,82.350,0.000,0.0,688944.5
2026-09-01T04:36:12,0.2,4868,1547350,1531206,0.3,0.00,0.69,0.00,2.77,0.00,0.00,0.00,3960.0,95830.0,91392.0,0.0,0.0,0.5,0.0,82.314,0.000,0.0,672414.0
2026-09-01T04:36:13,0.2,4868,1547350,1531206,0.3,0.00,0.81,0.00,3.26,0.00,0.00,0.00,3960.0,95830.0,91392.0,0.0,0.0,0.5,0.0,82.329,0.000,0.0,672414.0
2026-09-01T04:36:14,0.2,4867,1547350,1531207,0.3,0.00,1.05,0.00,4.19,0.00,0.00,0.00,3960.0,95830.0,91392.0,0.0,0.0,0.5,0.0,82.409,0.000,0.0,670491.0
2026-09-01T04:36:16,0.2,4868,1547350,1531206,0.3,0.00,0.53,0.00,2.11,0.00,0.00,0.00,3960.0,95830.0,91392.0,0.0,0.0,0.5,0.0,82.328,0.000,0.0,667304.0
2026-09-01T04:36:17,0.2,4868,1547350,1531206,0.3,0.00,0.76,0.00,3.05,0.00,1.00,0.00,3960.0,95830.0,91392.0,0.0,0.0,0.5,0.0,82.353,0.000,0.0,666713.5
2026-09-01T04:36:19,0.2,4868,1547350,1531206,0.3,0.00,0.83,0.00,3.31,0.00,0.00,0.00,3960.0,95830.0,91392.0,0.0,0.0,0.5,0.0,82.329,0.000,0.0,666713.5
2026-09-01T04:36:19,0.2,4868,1547350,1531206,0.3,0.00,1.87,0.00,7.46,0.00,0.00,0.00,3960.0,95830.0,91392.0,0.0,0.0,0.5,0.0,82.386,0.000,0.0,702602.0
2026-09-01T04:36:20,0.2,4868,1547350,1531206,0.3,0.00,0.86,0.00,3.42,0.00,0.00,0.00,3960.0,95830.0,91392.0,0.0,0.0,0.5,0.0,82.313,0.000,0.0,702602.0
2026-09-01T04:36:21,0.2,4867,1547350,1531207,0.3,0.00,1.04,0.00,4.16,0.00,0.00,0.00,3960.0,95830.0,91392.0,0.0,0.0,0.5,0.0,82.365,0.000,0.0,662894.5
2026-09-01T04:36:24,0.2,4869,1547350,1531205,0.3,0.00,0.42,0.00,1.68,0.00,0.00,0.04,3960.0,95830.0,91392.0,0.0,0.0,0.5,0.0,82.352,0.000,0.0,649163.5
2026-09-01T04:36:25,0.2,4868,1547350,1531206,0.3,0.00,0.68,0.00,2.71,0.00,0.00,0.00,3960.0,95830.0,91392.0,0.0,0.0,0.5,0.0,82.365,0.000,0.0,693546.0
2026-09-01T04:36:27,0.2,4869,1547350,1531205,0.3,0.00,0.50,0.00,1.98,0.00,0.00,0.00,3960.0,95830.0,91392.0,0.0,0.0,0.5,0.0,82.364,0.000,0.0,693546.0
2026-09-01T04:36:28,0.2,4870,1547350,1531204,0.3,0.00,1.31,0.00,5.26,0.00,0.00,0.00,3960.0,95830.0,91392.0,0.0,0.0,0.5,0.0,82.416,0.000,0.0,673892.0
2026-09-01T04:36:29,0.2,4870,1547350,1531203,0.3,0.00,0.69,0.00,2.76,0.00,0.00,0.00,3960.0,95830.0,91392.0,0.0,0.0,0.5,0.0,82.327,0.000,0.0,688897.0
2026-09-01T04:36:31,0.2,4870,1547350,1531204,0.3,0.00,0.75,0.00,2.99,0.00,0.00,0.00,3960.0,95830.0,91392.0,0.0,0.0,0.5,0.0,82.373,0.000,0.0,646378.0
2026-09-01T04:36:32,0.2,4870,1547350,1531204,0.3,0.00,0.62,0.00,2.49,0.00,0.00,0.00,3960.0,95830.0,91392.0,0.0,0.0,0.5,0.0,82.310,0.000,0.0,648449.5
2026-09-01T04:36:34,0.2,4870,1547350,1531204,0.3,0.00,3.53,0.00,18.15,0.00,0.14,0.00,3960.0,95830.0,91392.0,0.0,0.0,0.5,0.0,82.313,0.000,0.0,632212.5
2026-09-01T04:36:36,0.2,4871,1547350,1531203,0.3,0.00,0.59,0.00,2.36,0.00,0.00,0.00,3960.0,95830.0,91392.0,0.0,0.0,0.5,0.0,82.329,0.000,0.0,632212.5
2026-09-01T04:36:36,0.3,4870,1547350,1531204,0.3,0.00,6.90,0.00,94.83,0.00,0.00,0.00,3960.0,95830.0,91392.0,0.0,0.0,0.5,0.0,82.317,0.000,0.0,755592.5
2026-09-01T04:36:38,0.2,4869,1547350,1531204,0.3,0.00,0.82,0.00,3.26,0.00,0.00,0.00,3960.0,95830.0,91392.0,0.0,0.0,0.5,0.0,82.323,0.000,0.0,738466.0
2026-09-01T04:36:39,0.2,4869,1547350,1531204,0.3,0.00,0.87,0.00,3.48,0.00,0.00,0.00,3960.0,95830.0,91392.0,0.0,0.0,0.5,0.0,82.362,0.000,0.0,669709.0
2026-09-01T04:36:40,0.2,4870,1547350,1531204,0.3,0.00,0.85,0.00,3.38,0.00,0.00,0.00,3960.0,95830.0,91392.0,0.0,0.0,0.5,0.0,82.368,0.000,0.0,676037.0
2026-09-01T04:36:41,0.2,4872,1547350,1531202,0.3,0.00,0.85,0.00,3.39,0.00,0.00,0.00,3960.0,95830.0,91392.0,0.0,0.0,0.5,0.0,82.312,0.000,0.0,667520.0
2026-09-01T04:36:42,0.2,4871,1547350,1531203,0.3,0.00,0.75,0.00,3.01,0.00,0.00,0.00,3960.0,95830.0,91392.0,0.0,0.0,0.5,0.0,82.338,0.000,0.0,669970.5
2026-09-01T04:36:44,0.2,4872,1547350,1531202,0.3,0.00,0.84,0.00,3.36,0.00,0.00,0.00,3960.0,95830.0,91392.0,0.0,0.0,0.5,0.0,82.334,0.000,0.0,669970.5
2026-09-01T04:36:44,0.2,4872,1547350,1531202,0.3,0.00,1.17,0.00,4.68,0.00,0.00,0.12,3960.0,95830.0,91392.0,0.0,0.0,0.5,0.0,82.322,0.000,0.0,723160.0
2026-09-01T04:36:45,0.2,4871,1547350,1531203,0.3,0.00,3.15,0.00,12.61,0.00,0.00,0.00,3960.0,95830.0,91392.0,0.0,0.0,0.5,0.0,82.322,0.000,0.0,723160.0
2026-09-01T04:36:46,0.3,4872,1547350,1531202,0.3,0.00,1.93,0.00,7.74,0.00,0.00,0.00,3960.0,95830.0,91392.0,0.0,0.0,0.5,0.0,82.345,0.000,0.0,705374.5
2026-09-01T04:36:47,0.2,4872,1547350,1531202,0.3,0.00,0.75,0.00,3.01,0.00,0.00,0.00,3960.0,95830.0,91392.0,0.0,0.0,0.5,0.0,82.341,0.000,0.0,705374.5
2026-09-01T04:36:48,0.2,4873,1547350,1531201,0.3,0.00,1.03,0.00,4.13,0.00,0.00,0.00,3960.0,95830.0,91392.0,0.0,0.0,0.5,0.0,82.327,0.000,0.0,673289.0
2026-09-01T04:36:50,0.2,4874,1547350,1531200,0.3,0.00,0.69,0.00,2.75,0.00,0.00,0.07,3960.0,95830.0,91392.0,0.0,0.0,0.5,0.0,82.385,0.000,0.0,673289.0
2026-09-01T04:36:50,0.2,4874,1547350,1531200,0.3,0.00,1.59,0.00,6.36,0.00,0.00,0.00,3960.0,95830.0,91392.0,0.0,0.0,0.5,0.0,82.404,0.000,0.0,727851.5
2026-09-01T04:36:51,0.3,4873,1547350,1531200,0.3,0.00,1.94,0.00,7.77,0.00,0.00,0.00,3960.0,95830.0,91392.0,0.0,0.0,0.5,0.0,82.347,0.000,0.0,648074.5
2026-09-01T04:36:52,0.2,4873,1547350,1531200,0.3,0.00,0.73,0.00,2.92,0.00,1.00,0.00,3960.0,95830.0,91392.0,0.0,0.0,0.5,0.0,82.334,0.000,0.0,707307.0
2026-09-01T04:36:53,0.2,4874,1547350,1531200,0.3,0.00,1.01,0.00,4.02,0.00,0.00,0.00,3960.0,95830.0,91392.0,0.0,0.0,0.5,0.0,82.341,0.000,0.0,718364.0
2026-09-01T04:36:54,1.6,4874,1547350,1531199,0.3,0.00,0.93,0.00,3.73,0.00,0.00,0.00,3960.0,95830.0,91392.0,0.0,0.0,0.5,0.0,82.413,0.000,0.0,671995.5
2026-09-01T04:36:56,0.2,4875,1547350,1531199,0.3,0.00,0.70,0.00,2.82,0.00,0.00,0.00,3960.0,95830.0,91392.0,0.0,0.0,0.5,0.0,82.347,0.000,0.0,696710.0
2026-09-01T04:36:57,0.2,4876,1547350,1531198,0.3,0.00,0.74,0.00,2.95,0.00,0.00,0.00,3960.0,95830.0,91392.0,0.0,0.0,0.5,0.0,82.349,0.000,0.0,668749.5
2026-09-01T04:36:58,0.2,4877,1547350,1531197,0.3,0.00,1.01,0.00,4.04,0.00,0.00,0.00,3960.0,95830.0,91392.0,0.0,0.0,0.5,0.0,82.326,0.000,0.0,679435.5
2026-09-01T04:36:59,0.2,4878,1547350,1531196,0.3,0.00,0.78,0.00,3.12,0.00,0.00,0.00,3960.0,95830.0,91392.0,0.0,0.0,0.5,0.0,82.379,0.000,0.0,662871.5
2026-09-01T04:37:01,0.3,4885,1547350,1531189,0.3,0.00,0.77,0.00,3.09,0.00,0.00,0.00,3960.0,95830.0,91392.0,0.0,0.0,0.5,0.0,82.385,0.000,0.0,674262.0
2026-09-01T04:37:02,0.2,4886,1547350,1531188,0.3,0.00,0.69,0.00,2.77,0.00,0.00,0.00,3960.0,95830.0,91392.0,0.0,0.0,0.5,0.0,82.369,0.000,0.0,659416.5
2026-09-01T04:37:04,0.2,4887,1547350,1531187,0.3,0.00,0.64,0.00,2.55,0.00,0.00,0.00,3960.0,95830.0,91392.0,0.0,0.0,0.5,0.0,82.392,0.000,0.0,667822.5
2026-09-01T04:37:05,0.2,4888,1547350,1531185,0.3,0.00,0.68,0.00,2.71,0.00,0.00,0.00,3960.0,95830.0,91392.0,0.0,0.0,0.5,0.0,82.419,0.000,0.0,667822.5
2026-09-01T04:37:06,0.2,4888,1547350,1531185,0.3,0.00,8.06,0.00,59.48,0.00,0.00,0.00,3960.0,95830.0,91392.0,0.0,0.0,0.5,0.0,82.374,0.000,0.0,673296.5
2026-09-01T04:37:07,0.2,4889,1547350,1531185,0.3,0.00,0.75,0.00,3.02,0.00,1.00,0.00,3960.0,95830.0,91392.0,0.0,0.0,0.5,0.0,82.431,0.000,0.0,683272.0
2026-09-01T04:37:09,0.2,4890,1547350,1531184,0.3,0.00,0.58,0.00,2.32,0.00,0.00,0.00,3960.0,95830.0,91392.0,0.0,0.0,0.5,0.0,82.354,0.000,0.0,654913.5
2026-09-01T04:37:11,0.2,4886,1547350,1531180,0.3,0.00,1.33,0.00,5.33,0.00,0.00,0.00,3960.0,95830.0,91392.0,0.0,0.0,0.5,0.0,82.420,0.000,0.0,676557.0
2026-09-01T04:37:12,0.2,4885,1547350,1531181,0.3,0.00,0.76,0.00,3.06,0.00,0.00,0.00,3960.0,95830.0,91392.0,0.0,0.0,0.5,0.0,82.448,0.000,0.0,685572.5
2026-09-01T04:37:13,0.2,4886,1547350,1531180,0.3,0.00,1.34,0.00,5.34,0.00,0.00,0.00,3960.0,95830.0,91392.0,0.0,0.0,0.5,0.0,82.406,0.000,0.0,685572.5
2026-09-01T04:37:14,0.2,4887,1547350,1531178,0.3,0.00,1.11,0.00,4.44,0.00,0.00,0.00,3960.0,95830.0,91392.0,0.0,0.0,0.5,0.0,82.379,0.000,0.0,684989.5
2026-09-01T04:37:15,0.2,4888,1547350,1531177,0.3,0.00,0.63,0.00,2.53,0.00,0.00,0.00,3960.0,95830.0,91392.0,0.0,0.0,0.5,0.0,82.334,0.000,0.0,651843.0
2026-09-01T04:37:17,0.2,4889,1547350,1531177,0.3,0.00,0.65,0.00,2.59,0.00,0.00,0.00,3960.0,95830.0,91392.0,0.0,0.0,0.5,0.0,82.340,0.000,0.0,649727.0
2026-09-01T04:37:19,0.2,4888,1547350,1531177,0.3,0.00,0.55,0.00,2.19,0.00,0.00,0.00,3960.0,95830.0,91392.0,0.0,0.0,0.5,0.0,82.382,0.000,0.0,649727.0
2026-09-01T04:37:19,0.3,4889,1547350,1531177,0.3,0.00,1.21,0.00,4.85,0.00,0.00,0.00,3960.0,95830.0,91392.0,0.0,0.0,0.5,0.0,82.340,0.000,0.0,692257.5
2026-09-01T04:37:20,0.2,4889,1547350,1531177,0.3,0.00,1.18,0.00,4.73,0.00,0.00,0.00,3960.0,95830.0,91392.0,0.0,0.0,0.5,0.0,82.334,0.000,0.0,648856.5
2026-09-01T04:37:24,0.1,4889,1547350,1531177,0.3,0.00,0.26,0.00,1.04,0.00,0.00,0.00,3960.0,95830.0,91392.0,0.0,0.0,0.5,0.0,82.305,0.000,0.0,625140.0
2026-09-01T04:37:27,0.1,4889,1547350,1531176,0.3,0.00,0.37,0.00,1.49,0.00,0.00,0.00,3960.0,95830.0,91392.0,0.0,0.0,0.5,0.0,82.347,0.000,0.0,619256.0
2026-09-01T04:37:31,0.1,4890,1547350,1531176,0.3,0.00,1.28,0.00,5.98,0.00,0.17,0.00,3960.0,95830.0,91392.0,0.0,0.0,0.5,0.0,82.323,0.000,0.0,661056.0
2026-09-01T04:37:33,0.2,4889,1547350,1531177,0.3,0.00,0.74,0.00,2.97,0.00,0.00,0.00,3960.0,95830.0,91392.0,0.0,0.0,0.5,0.0,82.350,0.000,0.0,661056.0
2026-09-01T04:37:34,0.2,4889,1547350,1531177,0.3,0.00,1.04,0.00,4.14,0.00,0.00,0.00,3960.0,95830.0,91392.0,0.0,0.0,0.5,0.0,82.344,0.000,0.0,686739.5
2026-09-01T04:37:35,0.2,4890,1547350,1531176,0.3,0.00,0.63,0.00,2.51,0.00,0.00,0.00,3960.0,95830.0,91392.0,0.0,0.0,0.5,0.0,82.329,0.000,0.0,686739.5
2026-09-01T04:37:36,0.2,4890,1547350,1531176,0.3,0.00,8.16,0.00,40.21,0.00,0.00,0.00,3960.0,95830.0,91392.0,0.0,0.0,0.5,0.0,82.334,0.000,0.0,686553.0
2026-09-01T04:37:38,0.2,4890,1547350,1531176,0.3,0.00,0.70,0.00,2.78,0.00,0.00,0.00,3960.0,95830.0,91392.0,0.0,0.0,0.5,0.0,82.325,0.000,0.0,686553.0
2026-09-01T04:37:38,0.2,4891,1547350,1531175,0.3,0.00,1.29,0.00,5.15,0.00,0.00,0.00,3960.0,95830.0,91392.0,0.0,0.0,0.5,0.0,82.321,0.000,0.0,702005.5
2026-09-01T04:37:40,0.2,4891,1547350,1531174,0.3,0.00,0.86,0.00,3.43,0.00,0.00,0.00,3960.0,95830.0,91392.0,0.0,0.0,0.5,0.0,82.357,0.000,0.0,736339.0
2026-09-01T04:37:41,0.2,4892,1547350,1531174,0.3,0.00,1.58,0.00,9.49,0.00,0.00,0.00,3960.0,95830.0,91392.0,0.0,0.0,0.5,0.0,82.396,0.000,0.0,705480.0
2026-09-01T04:37:42,0.2,4892,1547350,1531174,0.3,0.00,1.10,0.00,4.41,0.00,0.00,0.00,3960.0,95830.0,91392.0,0.0,0.0,0.5,0.0,82.359,0.000,0.0,673093.5
2026-09-01T04:37:43,0.2,4891,1547350,1531174,0.3,0.00,0.71,0.00,2.82,0.00,0.00,0.00,3960.0,95830.0,91392.0,0.0,0.0,0.5,0.0,82.385,0.000,0.0,656302.5
2026-09-01T04:37:45,0.2,4892,1547350,1531174,0.3,0.00,0.68,0.00,2.70,0.00,0.00,0.00,3960.0,95830.0,91392.0,0.0,0.0,0.5,0.0,82.343,0.000,0.0,734292.0
2026-09-01T04:37:46,0.2,4892,1547350,1531174,0.3,0.00,0.86,0.00,3.45,0.00,0.00,0.00,3960.0,95830.0,91392.0,0.0,0.0,0.5,0.0,82.310,0.000,0.0,683436.5
2026-09-01T04:37:47,0.2,4892,1547350,1531173,0.3,0.00,2.14,0.00,8.55,0.00,0.33,0.00,3960.0,95830.0,91392.0,0.0,0.0,0.5,0.0,82.319,0.000,0.0,683436.5
2026-09-01T04:37:48,0.2,4893,1547350,1531173,0.3,0.00,1.51,0.00,6.04,0.00,0.00,0.00,3960.0,95830.0,91392.0,0.0,0.0,0.5,0.0,82.356,0.000,0.0,740728.0
2026-09-01T04:37:48,0.2,4893,1547350,1531173,0.3,0.00,1.58,0.00,6.32,0.00,0.00,0.00,3960.0,95830.0,91392.0,0.0,0.0,0.5,0.0,82.334,0.000,0.0,740728.0
2026-09-01T04:37:49,0.2,4893,1547350,1531173,0.3,0.00,1.13,0.00,4.54,0.00,0.00,0.00,3960.0,95830.0,91392.0,0.0,0.0,0.5,0.0,82.314,0.000,0.0,745427.0
2026-09-01T04:37:50,0.2,4892,1547350,1531174,0.3,0.00,1.87,0.00,7.48,0.00,0.00,0.19,3960.0,95830.0,91392.0,0.0,0.0,0.5,0.0,82.369,0.000,0.0,690043.0
2026-09-01T04:37:51,0.2,4894,1547350,1531172,0.3,0.00,0.93,0.00,3.72,0.00,0.00,0.00,3960.0,95830.0,91392.0,0.0,0.0,0.5,0.0,82.305,0.000,0.0,690043.0
2026-09-01T04:37:52,0.3,4894,1547350,1531172,0.3,0.00,1.50,0.00,6.00,0.00,0.00,0.00,3960.0,95830.0,91392.0,0.0,0.0,0.5,0.0,82.346,0.000,0.0,716777.0
2026-09-01T04:37:52,0.2,4894,1547350,1531172,0.3,0.00,1.35,0.00,5.38,0.00,0.00,0.00,3960.0,95830.0,91392.0,0.0,0.0,0.5,0.0,82.357,0.000,0.0,716777.0
2026-09-01T04:37:53,0.2,4893,1547350,1531173,0.3,0.00,1.22,0.00,4.86,0.00,0.00,0.00,3960.0,95830.0,91392.0,0.0,0.0,0.5,0.0,82.384,0.000,0.0,697536.5
2026-09-01T04:37:54,0.2,4895,1547350,1531171,0.3,0.00,0.85,0.00,3.40,0.00,0.00,0.00,3960.0,95830.0,91392.0,0.0,0.0,0.5,0.0,82.344,0.000,0.0,697536.5
2026-09-01T04:37:55,0.2,4895,1547350,1531171,0.3,0.00,0.96,0.00,3.82,0.00,0.00,0.00,3960.0,95830.0,91392.0,0.0,0.0,0.5,0.0,82.311,0.000,0.0,672453.5
2026-09-01T04:37:57,0.2,4896,1547350,1531170,0.3,0.00,0.77,0.00,3.06,0.00,0.00,0.00,3960.0,95830.0,91392.0,0.0,0.0,0.5,0.0,82.428,0.000,0.0,696611.5
2026-09-01T04:37:58,0.2,4895,1547350,1531170,0.3,0.00,0.66,0.00,2.62,0.00,0.00,0.00,3960.0,95830.0,91392.0,0.0,0.0,0.5,0.0,82.404,0.000,0.0,667093.5
2026-09-01T04:38:00,0.2,4896,1547350,1531170,0.3,0.00,0.72,0.00,2.89,0.00,0.00,0.00,3960.0,95830.0,91392.0,0.0,0.0,0.5,0.0,82.364,0.000,0.0,661540.5
2026-09-01T04:38:01,0.3,4900,1547350,1531166,0.3,0.00,0.70,0.00,2.80,0.00,0.00,0.00,3960.0,95830.0,91392.0,0.0,0.0,0.5,0.0,82.370,0.000,0.0,661540.5
2026-09-01T04:38:02,0.3,4903,1547350,1531163,0.3,0.00,1.27,0.00,5.07,0.00,0.00,0.00,3960.0,95830.0,91392.0,0.0,0.0,0.5,0.0,82.392,0.000,0.0,747423.0
2026-09-01T04:38:02,0.2,4904,1547350,1531162,0.3,0.00,1.60,0.00,6.39,0.00,0.00,0.00,3960.0,95830.0,91392.0,0.0,0.0,0.5,0.0,82.422,0.000,0.0,747423.0
2026-09-01T04:38:03,0.2,4903,1547350,1531163,0.3,0.00,1.52,0.00,6.08,0.00,0.00,0.00,3960.0,95830.0,91392.0,0.0,0.0,0.5,0.0,82.390,0.000,0.0,743371.0
2026-09-01T04:38:04,0.3,4904,1547350,1531162,0.3,0.00,1.83,0.00,7.31,0.00,0.00,0.00,3960.0,95830.0,91392.0,0.0,0.0,0.5,0.0,82.356,0.000,0.0,639218.5
2026-09-01T04:38:05,0.2,4905,1547350,1531161,0.3,0.00,0.57,0.00,2.28,0.00,1.00,0.00,3960.0,95830.0,91392.0,0.0,0.0,0.5,0.0,82.358,0.000,0.0,694767.5
2026-09-01T04:38:06,0.2,4906,1547350,1531160,0.3,0.00,0.97,0.00,3.87,0.00,0.00,0.00,3960.0,95830.0,91392.0,0.0,0.0,0.5,0.0,82.325,0.000,0.0,694767.5
2026-09-01T04:38:07,0.2,4907,1547350,1531159,0.3,0.00,5.15,0.00,48.03,0.00,0.00,0.00,3960.0,95830.0,91392.0,0.0,0.0,0.5,0.0,82.357,0.000,0.0,701618.5
2026-09-01T04:38:08,0.2,4907,1547350,1531159,0.3,0.00,0.70,0.00,2.79,0.00,0.00,0.00,3960.0,95830.0,91392.0,0.0,0.0,0.5,0.0,82.352,0.000,0.0,656966.5
2026-09-01T04:38:10,0.2,4906,1547350,1531160,0.3,0.00,0.65,0.00,2.58,0.00,0.00,0.00,3960.0,95830.0,91392.0,0.0,0.0,0.5,0.0,82.341,0.000,0.0,652416.5
2026-09-01T04:38:12,0.2,4904,1547350,1531162,0.3,0.00,1.22,0.00,4.88,0.00,0.00,0.00,3960.0,95830.0,91392.0,0.0,0.0,0.5,0.0,82.349,0.000,0.0,672858.0
2026-09-01T04:38:13,0.2,4905,1547350,1531161,0.3,0.00,0.61,0.00,2.42,0.00,0.00,0.00,3960.0,95830.0,91392.0,0.0,0.0,0.5,0.0,82.338,0.000,0.0,648122.0
2026-09-01T04:38:15,0.2,4905,1547350,1531161,0.3,0.00,0.59,0.00,2.36,0.00,0.00,0.00,3960.0,95830.0,91392.0,0.0,0.0,0.5,0.0,82.353,0.000,0.0,676049.5
2026-09-01T04:38:17,0.2,4906,1547350,1531160,0.3,0.00,0.59,0.00,2.34,0.00,0.00,0.00,3960.0,95830.0,91392.0,0.0,0.0,0.5,0.0,82.365,0.000,0.0,658045.5
2026-09-01T04:38:18,0.2,4906,1547350,1531160,0.3,0.00,0.61,0.00,2.44,0.00,0.00,0.00,3960.0,95830.0,91392.0,0.0,0.0,0.5,0.0,82.319,0.000,0.0,658409.0
2026-09-01T04:38:20,0.2,4906,1547350,1531160,0.3,0.00,0.81,0.00,3.24,0.00,0.00,0.00,3960.0,95830.0,91392.0,0.0,0.0,0.5,0.0,82.386,0.000,0.0,658409.0
2026-09-01T04:38:20,0.2,4907,1547350,1531159,0.3,0.00,2.35,0.00,9.39,0.00,0.00,0.00,3960.0,95830.0,91392.0,0.0,0.0,0.5,0.0,82.320,0.000,0.0,688335.0
2026-09-01T04:38:22,0.2,4907,1547350,1531158,0.3,0.00,0.64,0.00,2.57,0.00,0.00,0.06,3960.0,95830.0,91392.0,0.0,0.0,0.5,0.0,82.426,0.000,0.0,686541.5
2026-09-01T04:38:23,0.2,4908,1547350,1531158,0.3,0.00,0.81,0.00,3.24,0.00,0.00,0.00,3960.0,95830.0,91392.0,0.0,0.0,0.5,0.0,82.344,0.000,0.0,655428.5
2026-09-01T04:38:24,0.2,4908,1547350,1531157,0.3,0.00,0.63,0.00,2.51,0.00,0.00,0.00,3960.0,95830.0,91392.0,0.0,0.0,0.5,0.0,82.433,0.000,0.0,655428.5
2026-09-01T04:38:25,0.2,4909,1547350,1531157,0.3,0.00,1.41,0.00,5.63,0.00,0.00,0.00,3960.0,95830.0,91392.0,0.0,0.0,0.5,0.0,82.349,0.000,0.0,682954.0
2026-09-01T04:38:26,0.2,4908,1547350,1531157,0.3,0.00,0.78,0.00,3.14,0.00,0.00,0.00,3960.0,95830.0,91392.0,0.0,0.0,0.5,0.0,82.432,0.000,0.0,678234.0
2026-09-01T04:38:27,0.2,4908,1547350,1531157,0.3,0.00,0.93,0.00,3.72,0.00,0.00,0.00,3960.0,95830.0,91392.0,0.0,0.0,0.5,0.0,82.375,0.000,0.0,678234.0
2026-09-01T04:38:28,0.2,4909,1547350,1531157,0.3,0.00,1.67,0.00,6.68,0.00,0.00,0.00,3960.0,95830.0,91392.0,0.0,0.0,0.5,0.0,82.375,0.000,0.0,683947.5
2026-09-01T04:38:30,0.2,4910,1547350,1531156,0.3,0.00,0.57,0.00,2.26,0.00,1.00,0.00,3960.0,95830.0,91392.0,0.0,0.0,0.5,0.0,82.378,0.000,0.0,650489.0
2026-09-01T04:38:32,0.2,4910,1547350,1531156,0.3,0.00,0.55,0.00,2.21,0.00,0.00,0.00,3960.0,95830.0,91392.0,0.0,0.0,0.5,0.0,82.353,0.000,0.0,653898.0
2026-09-01T04:38:33,0.2,4910,1547350,1531156,0.3,0.00,4.21,0.00,16.85,0.00,0.00,0.00,3960.0,95830.0,91392.0,0.0,0.0,0.5,0.0,82.412,0.000,0.0,648271.5
2026-09-01T04:38:35,0.2,4911,1547350,1531155,0.3,0.00,0.53,0.00,2.11,0.00,0.00,0.00,3960.0,95830.0,91392.0,0.0,0.0,0.5,0.0,82.353,0.000,0.0,664364.0
2026-09-01T04:38:36,0.2,4911,1547350,1531155,0.3,0.00,0.77,0.00,3.08,0.00,0.00,0.00,3960.0,95830.0,91392.0,0.0,0.0,0.5,0.0,82.362,0.000,0.0,681940.0
2026-09-01T04:38:37,0.2,4911,1547350,1531155,0.3,0.00,1.64,0.00,18.91,0.00,0.00,0.00,3960.0,95830.0,91392.0,0.0,0.0,0.5,0.0,82.338,0.000,0.0,682307.0
2026-09-01T04:38:39,0.3,4911,1547350,1531155,0.3,0.00,0.87,0.00,3.48,0.00,0.00,0.00,3960.0,95830.0,91392.0,0.0,0.0,0.5,0.0,82.383,0.000,0.0,682307.0
2026-09-01T04:38:39,0.2,4912,1547350,1531154,0.3,0.00,1.23,0.00,4.90,0.00,0.00,0.00,3960.0,95830.0,91392.0,0.0,0.0,0.5,0.0,82.360,0.000,0.0,693378.0
2026-09-01T04:38:40,0.2,4911,1547350,1531154,0.3,0.00,1.22,0.00,4.90,0.00,0.00,0.00,3960.0,95830.0,91392.0,0.0,0.0,0.5,0.0,82.320,0.000,0.0,693378.0
2026-09-01T04:38:41,0.2,4911,1547350,1531154,0.3,0.00,1.34,0.00,5.37,0.00,0.00,0.00,3960.0,95830.0,91392.0,0.0,0.0,0.5,0.0,82.361,0.000,0.0,713938.0
2026-09-01T04:38:42,0.2,4912,1547350,1531154,0.3,0.00,0.90,0.00,3.59,0.00,0.00,0.00,3960.0,95830.0,91392.0,0.0,0.0,0.5,0.0,82.376,0.000,0.0,692574.0
2026-09-01T04:38:43,0.2,4912,1547350,1531154,0.3,0.00,4.95,0.00,19.80,0.00,0.20,0.10,3960.0,95830.0,91392.0,0.0,0.0,0.5,0.0,82.333,0.000,0.0,646853.0
2026-09-01T04:38:44,0.2,4912,1547350,1531154,0.3,0.00,0.74,0.00,2.96,0.00,0.00,0.00,3960.0,95830.0,91392.0,0.0,0.0,0.5,0.0,82.392,0.000,0.0,686778.5
2026-09-01T04:38:46,0.2,4911,1547350,1531154,0.3,0.00,0.85,0.00,3.41,0.00,0.00,0.00,3960.0,95830.0,91392.0,0.0,0.0,0.5,0.0,82.332,0.000,0.0,685736.0
2026-09-01T04:38:47,0.2,4912,1547350,1531154,0.3,0.00,0.85,0.00,3.42,0.00,0.00,0.00,3960.0,95830.0,91392.0,0.0,0.0,0.5,0.0,82.341,0.000,0.0,685736.0
2026-09-01T04:38:48,0.2,4911,1547350,1531154,0.3,0.00,1.40,0.00,5.62,0.00,0.00,0.00,3960.0,95830.0,91392.0,0.0,0.0,0.5,0.0,82.326,0.000,0.0,704801.5
2026-09-01T04:38:49,0.2,4911,1547350,1531155,0.3,0.00,0.72,0.00,2.90,0.00,0.00,0.00,3960.0,95830.0,91392.0,0.0,0.0,0.5,0.0,82.364,0.000,0.0,704801.5
2026-09-01T04:38:50,0.2,4912,1547350,1531154,0.3,0.00,1.04,0.00,4.15,0.00,0.00,0.00,3960.0,95830.0,91392.0,0.0,0.0,0.5,0.0,82.352,0.000,0.0,727237.5
2026-09-01T04:38:51,0.2,4913,1547350,1531153,0.3,0.00,1.01,0.00,4.06,0.00,0.00,0.00,3960.0,95830.0,91392.0,0.0,0.0,0.5,0.0,82.342,0.000,0.0,656694.0
2026-09-01T04:38:53,0.2,4913,1547350,1531153,0.3,0.00,0.61,0.00,2.43,0.00,0.00,0.00,3960.0,95830.0,91392.0,0.0,0.0,0.5,0.0,82.315,0.000,0.0,672631.5
2026-09-01T04:38:54,0.2,4913,1547350,1531153,0.3,0.00,0.83,0.00,3.34,0.00,0.00,0.00,3960.0,95830.0,91392.0,0.0,0.0,0.5,0.0,82.333,0.000,0.0,658744.5
2026-09-01T04:38:55,0.2,4913,1547350,1531152,0.3,0.00,0.84,0.00,3.38,0.00,0.00,0.00,3960.0,95830.0,91392.0,0.0,0.0,0.5,0.0,82.363,0.000,0.0,677499.0
2026-09-01T04:38:56,0.2,4913,1547350,1531152,0.3,0.00,0.75,0.00,3.02,0.00,0.00,0.00,3960.0,95830.0,91392.0,0.0,0.0,0.5,0.0,82.367,0.000,0.0,686302.5
2026-09-01T04:38:57,0.2,4914,1547350,1531152,0.3,0.00,1.10,0.00,4.40,0.00,0.00,0.11,3960.0,95830.0,91392.0,0.0,0.0,0.5,0.0,82.343,0.000,0.0,686302.5
2026-09-01T04:38:58,0.2,4914,1547350,1531152,0.3,0.00,1.61,0.00,6.42,0.00,0.00,0.00,3960.0,95830.0,91392.0,0.0,0.0,0.5,0.0,82.410,0.000,0.0,737498.0
2026-09-01T04:38:58,0.2,4915,1547350,1531151,0.3,0.00,1.77,0.00,7.07,0.00,0.00,0.00,3960.0,95830.0,91392.0,0.0,0.0,0.5,0.0,82.386,0.000,0.0,737498.0
2026-09-01T04:38:59,0.2,4915,1547350,1531151,0.3,0.00,1.23,0.00,4.93,0.00,0.00,0.00,3960.0,95830.0,91392.0,0.0,0.0,0.5,0.0,82.326,0.000,0.0,669552.0
2026-09-01T04:39:01,0.2,4918,1547350,1531148,0.3,0.00,0.61,0.00,2.45,0.00,1.00,0.00,3960.0,95830.0,91392.0,0.0,0.0,0.5,0.0,82.322,0.000,0.0,687781.5
2026-09-01T04:39:02,0.3,4919,1547350,1531147,0.3,0.00,0.66,0.00,2.63,0.00,0.00,0.00,3960.0,95830.0,91392.0,0.0,0.0,0.5,0.0,82.344,0.000,0.0,653234.5
2026-09-01T04:39:04,0.2,4920,1547350,1531146,0.3,0.00,0.60,0.00,2.41,0.00,0.00,0.00,3960.0,95830.0,91392.0,0.0,0.0,0.5,0.0,82.356,0.000,0.0,661267.5
2026-09-01T04:39:06,0.2,4920,1547350,1531146,0.3,0.00,0.57,0.00,2.27,0.00,0.00,0.00,3960.0,95830.0,91392.0,0.0,0.0,0.5,0.0,82.325,0.000,0.0,678511.5
2026-09-01T04:39:07,0.2,4920,1547350,1531145,0.3,0.00,1.11,0.00,4.42,0.00,0.00,0.00,3960.0,95830.0,91392.0,0.0,0.0,0.5,0.0,82.308,0.000,0.0,636498.0
2026-09-01T04:39:08,0.2,4920,1547350,1531146,0.3,0.00,1.23,0.00,14.45,0.00,0.00,0.00,3960.0,95830.0,91392.0,0.0,0.0,0.5,0.0,82.332,0.000,0.0,672930.0
2026-09-01T04:39:10,0.2,4920,1547350,1531146,0.3,0.00,0.62,0.00,2.47,0.00,0.00,0.00,3960.0,95830.0,91392.0,0.0,0.0,0.5,0.0,82.343,0.000,0.0,650963.0
2026-09-01T04:39:12,0.2,4917,1547350,1531149,0.3,0.00,0.56,0.00,2.24,0.00,0.00,0.00,3960.0,95830.0,91392.0,0.0,0.0,0.5,0.0,82.315,0.000,0.0,650962.0
2026-09-01T04:39:13,0.2,4918,1547350,1531148,0.3,0.00,0.64,0.00,2.56,0.00,0.00,0.00,3960.0,95830.0,91392.0,0.0,0.0,0.5,0.0,82.319,0.000,0.0,650962.0
2026-09-01T04:39:14,0.3,4918,1547350,1531147,0.3,0.00,2.21,0.00,8.83,0.00,0.00,0.00,3960.0,95830.0,91392.0,0.0,0.0,0.5,0.0,82.329,0.000,0.0,741691.5
2026-09-01T04:39:14,0.2,4918,1547350,1531147,0.3,0.00,1.67,0.00,6.67,0.00,0.00,0.00,3960.0,95830.0,91392.0,0.0,0.0,0.5,0.0,82.332,0.000,0.0,741691.5
2026-09-01T04:39:15,0.2,4918,1547350,1531148,0.3,0.00,1.56,0.00,6.26,0.00,0.00,0.00,3960.0,95830.0,91392.0,0.0,0.0,0.5,0.0,82.381,0.000,0.0,711285.0
2026-09-01T04:39:16,0.2,4918,1547350,1531148,0.3,0.00,0.97,0.00,3.88,0.00,0.00,0.00,3960.0,95830.0,91392.0,0.0,0.0,0.5,0.0,82.317,0.000,0.0,662360.0
2026-09-01T04:39:17,0.2,4918,1547350,1531148,0.3,0.00,0.66,0.00,2.63,0.00,0.00,0.00,3960.0,95830.0,91392.0,0.0,0.0,0.5,0.0,82.320,0.000,0.0,656643.0
2026-09-01T04:39:19,0.2,4919,1547350,1531147,0.3,0.00,1.78,0.00,7.13,0.00,0.00,0.00,3960.0,95830.0,91392.0,0.0,0.0,0.5,0.0,82.291,0.000,0.0,645801.5
2026-09-01T04:39:21,0.2,4918,1547350,1531147,0.3,0.00,0.52,0.00,2.07,0.00,0.00,0.00,3960.0,95830.0,91392.0,0.0,0.0,0.5,0.0,82.341,0.000,0.0,651219.5
2026-09-01T04:39:23,0.3,4601,1547350,1531497,0.3,0.00,0.69,0.00,2.74,0.00,0.00,0.00,4.0,95830.0,95347.0,2.0,0.0,0.5,0.0,83.872,0.001,0.0,9339792.0
2026-09-01T04:39:24,0.4,4597,1547350,1531503,0.3,0.00,0.54,0.00,2.15,0.00,0.00,0.00,4.0,95830.0,95347.0,0.0,0.0,0.5,0.0,79.588,0.000,0.0,671818.0
2026-09-01T04:39:25,0.2,4597,1547350,1531503,0.3,0.00,0.98,0.00,3.90,0.00,1.00,0.00,4.0,95830.0,95347.0,0.0,0.0,0.5,0.0,68.985,0.000,0.0,671818.0
2026-09-01T04:39:26,0.2,4597,1547350,1531503,0.3,0.00,0.98,0.00,3.93,0.00,0.00,0.00,4.0,95830.0,95347.0,0.0,0.0,0.5,0.0,66.190,0.000,0.0,702153.0
2026-09-01T04:39:27,0.2,4597,1547350,1531503,0.3,0.00,1.45,0.00,5.79,0.00,0.00,0.00,4.0,95830.0,95347.0,0.0,0.0,0.5,0.0,66.193,0.000,0.0,702153.0
2026-09-01T04:39:28,0.2,4597,1547350,1531502,0.3,0.00,1.16,0.00,4.62,0.00,0.00,0.00,4.0,95830.0,95347.0,0.0,0.0,0.5,0.0,66.184,0.000,0.0,815620.0
2026-09-01T04:39:29,0.2,4598,1547350,1531502,0.3,0.00,1.00,0.00,4.00,0.00,0.00,0.00,4.0,95830.0,95347.0,0.0,0.0,0.5,0.0,66.191,0.000,0.0,661799.5
2026-09-01T04:39:30,0.2,4598,1547350,1531502,0.3,0.00,0.84,0.00,3.36,0.00,0.00,0.00,4.0,95830.0,95347.0,0.0,0.0,0.5,0.0,66.132,0.000,0.0,672406.0
2026-09-01T04:39:32,0.2,4598,1547350,1531502,0.3,0.00,0.73,0.00,2.92,0.00,0.00,0.00,4.0,95830.0,95347.0,0.0,0.0,0.5,0.0,66.096,0.000,0.0,677481.5
2026-09-01T04:39:33,0.2,4597,1547350,1531502,0.3,0.00,0.76,0.00,3.02,0.00,0.00,0.00,4.0,95830.0,95347.0,0.0,0.0,0.5,0.0,66.021,0.000,0.0,674747.0
2026-09-01T04:39:34,0.2,4598,1547350,1531502,0.3,0.00,4.40,0.00,20.54,0.00,0.00,0.00,4.0,95830.0,95347.0,0.0,0.0,0.5,0.0,66.002,0.000,0.0,693049.0
2026-09-01T04:39:35,0.2,4598,1547350,1531502,0.3,0.00,0.98,0.00,3.93,0.00,0.00,0.00,4.0,95830.0,95347.0,0.0,0.0,0.5,0.0,65.946,0.000,0.0,649726.0
2026-09-01T04:39:37,0.2,4597,1547350,1531502,0.3,0.00,0.93,0.00,10.88,0.00,0.00,0.00,4.0,95830.0,95347.0,0.0,0.0,0.5,0.0,65.933,0.000,0.0,646491.0
2026-09-01T04:39:39,0.2,4599,1547350,1531501,0.3,0.00,0.49,0.00,1.97,0.00,1.00,0.00,4.0,95830.0,95347.0,0.0,0.0,0.5,0.0,65.934,0.000,0.0,678246.5
2026-09-01T04:39:41,0.2,4598,1547350,1531502,0.3,0.00,0.73,0.00,2.93,0.00,0.00,0.00,4.0,95830.0,95347.0,0.0,0.0,0.5,0.0,65.931,0.000,0.0,656413.5
2026-09-01T04:39:42,0.2,4599,1547350,1531501,0.3,0.00,0.73,0.00,2.91,0.00,0.00,0.00,4.0,95830.0,95347.0,0.0,0.0,0.5,0.0,65.924,0.000,0.0,669031.0
2026-09-01T04:39:43,0.2,4599,1547350,1531501,0.3,0.00,0.78,0.00,3.12,0.00,0.00,0.00,4.0,95830.0,95347.0,0.0,0.0,0.5,0.0,65.939,0.000,0.0,669031.0
2026-09-01T04:39:44,0.2,4599,1547350,1531500,0.3,0.00,2.78,0.00,11.13,0.00,0.00,0.00,4.0,95830.0,95347.0,0.0,0.0,0.5,0.0,65.946,0.000,0.0,708685.0
2026-09-01T04:39:45,0.2,4599,1547350,1531500,0.3,0.00,1.01,0.00,4.02,0.00,0.00,0.00,4.0,95830.0,95347.0,0.0,0.0,0.5,0.0,65.922,0.000,0.0,670265.0
2026-09-01T04:39:47,0.2,4601,1547350,1531499,0.3,0.00,0.60,0.00,2.40,0.00,0.00,0.00,4.0,95830.0,95347.0,0.0,0.0,0.5,0.0,65.915,0.000,0.0,678549.0
2026-09-01T04:39:48,0.2,4602,1547350,1531498,0.3,0.00,0.75,0.00,2.99,0.00,0.00,0.00,4.0,95830.0,95347.0,0.0,0.0,0.5,0.0,65.886,0.000,0.0,667076.0
2026-09-01T04:39:50,0.2,4602,1547350,1531497,0.3,0.00,1.70,0.00,6.80,0.00,0.00,0.00,4.0,95830.0,95347.0,0.0,0.0,0.5,0.0,65.809,0.000,0.0,669260.0
2026-09-01T04:39:51,0.2,4602,1547350,1531498,0.3,0.00,0.91,0.00,3.65,0.00,0.00,0.00,4.0,95830.0,95347.0,0.0,0.0,0.5,0.0,65.822,0.000,0.0,698704.0
2026-09-01T04:39:52,0.2,4602,1547350,1531498,0.3,0.00,0.85,0.00,3.40,0.00,0.00,0.00,4.0,95830.0,95347.0,0.0,0.0,0.5,0.0,65.788,0.000,0.0,698704.0
2026-09-01T04:39:53,0.2,4602,1547350,1531497,0.3,0.00,0.97,0.00,3.88,0.00,0.00,0.00,4.0,95830.0,95347.0,0.0,0.0,0.5,0.0,65.709,0.000,0.0,702204.5
2026-09-01T04:39:54,0.2,4603,1547350,1531496,0.3,0.00,0.98,0.00,3.92,0.00,0.00,0.00,4.0,95830.0,95347.0,0.0,0.0,0.5,0.0,65.689,0.000,0.0,664432.5
2026-09-01T04:39:56,0.2,4604,1547350,1531496,0.3,0.00,0.69,0.00,2.75,0.00,0.00,0.00,4.0,95830.0,95347.0,0.0,0.0,0.5,0.0,65.928,0.000,0.0,667496.0
2026-09-01T04:39:57,0.2,4604,1547350,1531496,0.3,0.00,0.74,0.00,2.97,0.00,0.00,0.00,4.0,95830.0,95347.0,0.0,0.0,0.5,0.0,65.912,0.000,0.0,684218.5
2026-09-01T04:39:59,0.2,4605,1547350,1531495,0.3,0.00,0.64,0.00,2.56,0.00,0.00,0.00,4.0,95830.0,95347.0,0.0,0.0,0.5,0.0,65.836,0.000,0.0,655306.0
2026-09-01T04:40:00,0.2,4606,1547350,1531494,0.3,0.00,0.61,0.00,2.43,0.00,0.00,0.00,4.0,95830.0,95347.0,0.0,0.0,0.5,0.0,65.756,0.000,0.0,659568.5
2026-09-01T04:40:02,0.4,4613,1547350,1531487,0.3,0.00,1.15,0.00,4.60,0.00,0.00,0.00,4.0,95830.0,95347.0,0.0,0.0,0.5,0.0,65.718,0.000,0.0,673962.0
2026-09-01T04:40:03,0.2,4612,1547350,1531488,0.3,0.00,1.06,0.00,4.24,0.00,1.00,0.00,4.0,95830.0,95347.0,0.0,0.0,0.5,0.0,65.688,0.000,0.0,678664.0
2026-09-01T04:40:05,0.2,4612,1547350,1531488,0.3,0.00,0.65,0.00,2.58,0.00,0.00,0.00,4.0,95830.0,95347.0,0.0,0.0,0.5,0.0,65.688,0.000,0.0,661091.0
2026-09-01T04:40:06,0.2,4611,1547350,1531489,0.3,0.00,0.58,0.00,2.33,0.00,0.00,0.00,4.0,95830.0,95347.0,0.0,0.0,0.5,0.0,65.676,0.000,0.0,652215.5
2026-09-01T04:40:08,0.2,4612,1547350,1531488,0.3,0.00,2.53,0.00,19.47,0.00,0.00,0.00,4.0,95830.0,95347.0,0.0,0.0,0.5,0.0,65.665,0.000,0.0,652215.5
2026-09-01T04:40:09,0.2,4612,1547350,1531488,0.3,0.00,1.30,0.00,5.18,0.00,0.00,0.00,4.0,95830.0,95347.0,0.0,0.0,0.5,0.0,65.661,0.000,0.0,705854.5
2026-09-01T04:40:10,0.2,4612,1547350,1531488,0.3,0.00,1.64,0.00,6.58,0.00,0.00,0.16,4.0,95830.0,95347.0,0.0,0.0,0.5,0.0,65.678,0.000,0.0,671926.0
2026-09-01T04:40:11,0.2,4612,1547350,1531488,0.3,0.00,0.70,0.00,2.81,0.00,0.00,0.00,4.0,95830.0,95347.0,0.0,0.0,0.5,0.0,65.648,0.000,0.0,694504.5
2026-09-01T04:40:12,0.3,4611,1547350,1531489,0.3,0.00,1.01,0.00,4.02,0.00,0.00,0.00,4.0,95830.0,95347.0,0.0,0.0,0.5,0.0,65.662,0.000,0.0,694504.5
2026-09-01T04:40:13,0.2,4611,1547350,1531489,0.3,0.00,1.32,0.00,5.30,0.00,0.00,0.00,4.0,95830.0,95347.0,0.0,0.0,0.5,0.0,65.651,0.000,0.0,712980.5
2026-09-01T04:40:14,0.2,4611,1547350,1531489,0.3,0.00,0.95,0.00,3.79,0.00,0.00,0.00,4.0,95830.0,95347.0,0.0,0.0,0.5,0.0,65.656,0.000,0.0,666943.5
2026-09-01T04:40:15,0.2,4612,1547350,1531488,0.3,0.00,1.39,0.00,5.57,0.00,0.00,0.07,4.0,95830.0,95347.0,0.0,0.0,0.5,0.0,65.683,0.000,0.0,666943.5
2026-09-01T04:40:16,0.2,4612,1547350,1531488,0.3,0.00,2.01,0.00,8.05,0.00,0.00,0.00,4.0,95830.0,95347.0,0.0,0.0,0.5,0.0,65.674,0.000,0.0,710146.5
2026-09-01T04:40:18,0.2,4612,1547350,1531488,0.3,0.00,0.53,0.00,2.10,0.00,0.00,0.00,4.0,95830.0,95347.0,0.0,0.0,0.5,0.0,65.693,0.000,0.0,652346.0
2026-09-01T04:40:19,0.2,4612,1547350,1531488,0.3,0.00,0.72,0.00,2.88,0.00,0.00,0.00,4.0,95830.0,95347.0,0.0,0.0,0.5,0.0,65.677,0.000,0.0,664958.0
2026-09-01T04:40:21,0.2,4613,1547350,1531487,0.3,0.00,1.26,0.00,5.04,0.00,0.00,0.00,4.0,95830.0,95347.0,0.0,0.0,0.5,0.0,65.672,0.000,0.0,682698.0
2026-09-01T04:40:22,0.2,4613,1547350,1531487,0.3,0.00,0.96,0.00,3.84,0.00,1.00,0.00,4.0,95830.0,95347.0,0.0,0.0,0.5,0.0,65.629,0.000,0.0,655377.0
2026-09-01T04:40:23,0.2,4612,1547350,1531488,0.3,0.00,0.95,0.00,3.81,0.00,0.00,0.00,4.0,95830.0,95347.0,0.0,0.0,0.5,0.0,65.635,0.000,0.0,655377.0
2026-09-01T04:40:23,0.2,4612,1547350,1531487,0.3,0.00,1.35,0.00,5.41,0.00,0.00,0.00,4.0,95830.0,95347.0,0.0,0.0,0.5,0.0,65.637,0.000,0.0,701045.5
2026-09-01T04:40:25,0.2,4612,1547350,1531488,0.3,0.00,0.62,0.00,2.48,0.00,0.00,0.06,4.0,95830.0,95347.0,0.0,0.0,0.5,0.0,65.571,0.000,0.0,665365.0
2026-09-01T04:40:27,0.2,4612,1547350,1531487,0.3,0.00,0.69,0.00,2.78,0.00,0.00,0.00,4.0,95830.0,95347.0,0.0,0.0,0.5,0.0,65.487,0.000,0.0,645495.5
2026-09-01T04:40:28,0.2,4614,1547350,1531486,0.3,0.00,0.56,0.00,2.24,0.00,0.00,0.06,4.0,95830.0,95347.0,0.0,0.0,0.5,0.0,65.457,0.000,0.0,658311.5
2026-09-01T04:40:30,0.2,4614,1547350,1531486,0.3,0.00,0.50,0.00,1.98,0.00,0.00,0.00,4.0,95830.0,95347.0,0.0,0.0,0.5,0.0,65.466,0.000,0.0,647002.0
2026-09-01T04:40:32,0.2,4614,1547350,1531485,0.3,0.00,0.50,0.00,1.99,0.00,0.00,0.00,4.0,95830.0,95347.0,0.0,0.0,0.5,0.0,65.433,0.000,0.0,638162.5
2026-09-01T04:40:35,0.2,4615,1547350,1531485,0.3,0.00,0.45,0.00,1.81,0.00,0.00,0.05,4.0,95830.0,95347.0,0.0,0.0,0.5,0.0,65.415,0.000,0.0,645299.5
2026-09-01T04:40:37,0.2,4615,1547350,1531485,0.3,0.00,50.88,0.00,320.94,0.00,0.04,0.05,4.0,95830.0,95347.0,0.0,0.0,0.5,0.0,65.416,0.000,0.0,645986.0
2026-09-01T04:40:39,0.2,4615,1547350,1531484,0.3,0.00,3.44,0.00,38.61,0.00,0.14,0.00,4.0,95830.0,95347.0,0.0,0.0,0.5,0.0,65.430,0.000,0.0,675942.0
2026-09-01T04:40:40,0.2,4615,1547350,1531484,0.3,0.00,0.85,0.00,3.39,0.00,0.00,0.00,4.0,95830.0,95347.0,0.0,0.0,0.5,0.0,65.422,0.000,0.0,648042.5
2026-09-01T04:40:42,0.2,4614,1547350,1531486,0.3,0.00,0.52,0.00,2.09,0.00,0.00,0.00,4.0,95830.0,95347.0,0.0,0.0,0.5,0.0,65.428,0.000,0.0,667812.0
2026-09-01T04:40:43,0.2,4615,1547350,1531484,0.3,0.00,0.71,0.00,2.82,0.00,0.00,0.00,4.0,95830.0,95347.0,0.0,0.0,0.5,0.0,65.419,0.000,0.0,664795.0
2026-09-01T04:40:44,0.2,4616,1547350,1531483,0.3,0.00,0.76,0.00,3.04,0.00,0.00,0.00,4.0,95830.0,95347.0,0.0,0.0,0.5,0.0,65.419,0.000,0.0,663427.5
2026-09-01T04:40:46,0.2,4617,1547350,1531483,0.3,0.00,1.32,0.00,5.28,0.00,0.00,0.00,4.0,95830.0,95347.0,0.0,0.0,0.5,0.0,65.413,0.000,0.0,666187.0
2026-09-01T04:40:47,0.2,4618,1547350,1531482,0.3,0.00,0.75,0.00,2.98,0.00,0.00,0.07,4.0,95830.0,95347.0,0.0,0.0,0.5,0.0,65.409,0.000,0.0,661260.5
2026-09-01T04:40:49,0.2,4617,1547350,1531482,0.3,0.00,0.73,0.00,2.90,0.00,0.00,0.00,4.0,95830.0,95347.0,0.0,0.0,0.5,0.0,65.424,0.000,0.0,661260.5
2026-09-01T04:40:49,0.2,4617,1547350,1531482,0.3,0.00,2.72,0.00,10.87,0.00,0.00,0.00,4.0,95830.0,95347.0,0.0,0.0,0.5,0.0,65.395,0.000,0.0,772075.5
2026-09-01T04:40:50,0.2,4617,1547350,1531482,0.3,0.00,1.21,0.00,4.83,0.00,0.00,0.00,4.0,95830.0,95347.0,0.0,0.0,0.5,0.0,65.417,0.000,0.0,772075.5
2026-09-01T04:40:51,0.3,4617,1547350,1531482,0.3,0.00,1.20,0.00,4.80,0.00,0.00,0.00,4.0,95830.0,95347.0,0.0,0.0,0.5,0.0,65.383,0.000,0.0,701471.5
2026-09-01T04:40:52,0.2,4618,1547350,1531482,0.3,0.00,0.82,0.00,3.29,0.00,0.00,0.00,4.0,95830.0,95347.0,0.0,0.0,0.5,0.0,65.394,0.000,0.0,701471.5
2026-09-01T04:40:53,0.2,4618,1547350,1531482,0.3,0.00,1.52,0.00,6.06,0.00,0.00,0.00,4.0,95830.0,95347.0,0.0,0.0,0.5,0.0,65.403,0.000,0.0,699622.5
2026-09-01T04:40:54,0.2,4618,1547350,1531482,0.3,0.00,1.00,0.00,4.01,0.00,0.00,0.00,4.0,95830.0,95347.0,0.0,0.0,0.5,0.0,65.436,0.000,0.0,648062.0
2026-09-01T04:40:55,0.2,4618,1547350,1531481,0.3,0.00,1.23,0.00,7.38,0.00,0.00,0.00,4.0,95830.0,95347.0,0.0,0.0,0.5,0.0,65.424,0.000,0.0,667005.5
2026-09-01T04:40:57,0.2,4619,1547350,1531481,0.3,0.00,0.59,0.00,2.36,0.00,0.00,0.00,4.0,95830.0,95347.0,0.0,0.0,0.5,0.0,65.400,0.000,0.0,698566.0
2026-09-01T04:40:58,0.2,4619,1547350,1531481,0.3,0.00,0.96,0.00,3.84,0.00,0.00,0.00,4.0,95830.0,95347.0,0.0,0.0,0.5,0.0,65.427,0.000,0.0,656553.5
2026-09-01T04:40:59,0.2,4619,1547350,1531481,0.3,0.00,0.68,0.00,2.70,0.00,0.00,0.00,4.0,95830.0,95347.0,0.0,0.0,0.5,0.0,65.423,0.000,0.0,656553.5
2026-09-01T04:41:00,0.2,4619,1547350,1531481,0.3,0.00,1.64,0.00,6.57,0.00,0.00,0.00,4.0,95830.0,95347.0,0.0,0.0,0.5,0.0,65.393,0.000,0.0,753131.5
2026-09-01T04:41:01,0.3,4619,1547350,1531481,0.3,0.00,1.85,0.00,7.38,0.00,0.00,0.00,4.0,95830.0,95347.0,0.0,0.0,0.5,0.0,65.422,0.000,0.0,753131.5
2026-09-01T04:41:01,0.4,4626,1547350,1531474,0.3,0.00,1.17,0.00,4.66,0.00,1.00,0.00,4.0,95830.0,95347.0,0.0,0.0,0.5,0.0,65.423,0.000,0.0,682942.5
2026-09-01T04:41:03,0.2,4627,1547350,1531473,0.3,0.00,0.65,0.00,2.58,0.00,0.00,0.00,4.0,95830.0,95347.0,0.0,0.0,0.5,0.0,65.425,0.000,0.0,682942.5
2026-09-01T04:41:04,0.1,4628,1547350,1531472,0.3,0.00,0.93,0.00,3.74,0.00,0.00,0.00,4.0,95830.0,95347.0,0.0,0.0,0.5,0.0,65.409,0.000,0.0,664545.0
2026-09-01T04:41:06,0.2,4629,1547350,1531470,0.3,0.00,0.57,0.00,2.27,0.00,0.00,0.06,4.0,95830.0,95347.0,0.0,0.0,0.5,0.0,65.370,0.000,0.0,664545.0
2026-09-01T04:41:07,0.2,4629,1547350,1531471,0.3,0.00,0.98,0.00,3.91,0.00,0.00,0.00,4.0,95830.0,95347.0,0.0,0.0,0.5,0.0,65.421,0.000,0.0,745402.5
2026-09-01T04:41:08,0.2,4630,1547350,1531470,0.3,0.00,5.98,0.00,85.53,0.00,0.00,0.00,4.0,95830.0,95347.0,0.0,0.0,0.5,0.0,65.400,0.000,0.0,683805.0
2026-09-01T04:41:09,0.2,4631,1547350,1531469,0.3,0.00,0.61,0.00,2.45,0.00,0.00,0.00,4.0,95830.0,95347.0,0.0,0.0,0.5,0.0,65.362,0.000,0.0,661438.0
2026-09-01T04:41:11,0.2,4632,1547350,1531467,0.3,0.00,0.58,0.00,2.33,0.00,0.00,0.00,4.0,95830.0,95347.0,0.0,0.0,0.5,0.0,65.332,0.000,0.0,656629.0
2026-09-01T04:41:13,0.2,4633,1547350,1531467,0.3,0.00,0.61,0.00,2.44,0.00,0.00,0.00,4.0,95830.0,95347.0,0.0,0.0,0.5,0.0,65.316,0.000,0.0,666421.5
2026-09-01T04:41:14,0.2,4633,1547350,1531467,0.3,0.00,0.83,0.00,3.31,0.00,0.00,0.00,4.0,95830.0,95347.0,0.0,0.0,0.5,0.0,65.316,0.000,0.0,665349.0
2026-09-01T04:41:16,0.2,4633,1547350,1531467,0.3,0.00,0.60,0.00,2.39,0.00,0.00,0.00,4.0,95830.0,95347.0,0.0,0.0,0.5,0.0,65.286,0.000,0.0,712357.0
2026-09-01T04:41:17,0.2,4633,1547350,1531466,0.3,0.00,2.03,0.00,8.11,0.00,0.00,0.00,4.0,95830.0,95347.0,0.0,0.0,0.5,0.0,65.281,0.000,0.0,658014.5
2026-09-01T04:41:18,0.2,4634,1547350,1531466,0.3,0.00,0.64,0.00,2.54,0.00,0.00,0.00,4.0,95830.0,95347.0,0.0,0.0,0.5,0.0,65.284,0.000,0.0,650620.0
2026-09-01T04:41:20,0.2,4634,1547350,1531466,0.3,0.00,0.53,0.00,2.14,0.00,0.00,0.00,4.0,95830.0,95347.0,0.0,0.0,0.5,0.0,65.258,0.000,0.0,649817.0
2026-09-01T04:41:22,0.2,4634,1547350,1531466,0.3,0.00,0.54,0.00,2.17,0.00,1.00,0.05,4.0,95830.0,95347.0,0.0,0.0,0.5,0.0,65.231,0.000,0.0,651308.0
2026-09-01T04:41:23,0.2,4634,1547350,1531465,0.3,0.00,0.64,0.00,2.56,0.00,0.00,0.00,4.0,95830.0,95347.0,0.0,0.0,0.5,0.0,65.201,0.000,0.0,685276.0
2026-09-01T04:41:25,0.2,4636,1547350,1531464,0.3,0.00,0.70,0.00,2.81,0.00,0.00,0.00,4.0,95830.0,95347.0,0.0,0.0,0.5,0.0,65.218,0.000,0.0,646626.5
2026-09-01T04:41:27,0.2,4635,1547350,1531464,0.3,0.00,0.49,0.00,1.97,0.00,0.00,0.00,4.0,95830.0,95347.0,0.0,0.0,0.5,0.0,65.201,0.000,0.0,648209.0
2026-09-01T04:41:29,0.2,4637,1547350,1531463,0.3,0.00,0.45,0.00,1.79,0.00,0.00,0.00,4.0,95830.0,95347.0,0.0,0.0,0.5,0.0,65.165,0.000,0.0,645767.5
2026-09-01T04:41:31,0.2,4639,1547350,1531461,0.3,0.00,0.62,0.00,2.48,0.00,0.00,0.00,4.0,95830.0,95347.0,0.0,0.0,0.5,0.0,65.187,0.000,0.0,673011.5
2026-09-01T04:41:32,0.2,4639,1547350,1531461,0.3,0.00,4.86,0.00,22.21,0.00,0.00,0.00,4.0,95830.0,95347.0,0.0,0.0,0.5,0.0,65.184,0.000,0.0,676153.5
2026-09-01T04:41:33,0.2,4641,1547350,1531459,0.3,0.00,0.76,0.00,3.06,0.00,0.00,0.00,4.0,95830.0,95347.0,0.0,0.0,0.5,0.0,65.145,0.000,0.0,643841.0
2026-09-01T04:41:36,0.2,4714,1547350,1531385,0.3,0.00,0.45,0.00,1.80,0.00,0.00,0.00,4.0,95830.0,95347.0,0.0,0.0,0.5,0.0,65.141,0.000,0.0,646214.5
2026-09-01T04:41:38,0.2,4728,1547350,1531372,0.3,0.00,1.46,0.00,13.91,0.00,0.00,0.00,4.0,95830.0,95347.0,0.0,0.0,0.5,0.0,65.162,0.000,0.0,638405.0
2026-09-01T04:41:40,0.2,4728,1547350,1531372,0.3,0.00,0.45,0.00,1.81,0.00,0.00,0.00,4.0,95830.0,95347.0,0.0,0.0,0.5,0.0,65.142,0.000,0.0,650882.5
2026-09-01T04:41:42,0.3,4810,1547350,1531289,0.3,0.00,1.00,0.00,4.01,0.00,0.50,0.00,4.0,95830.0,95347.0,0.0,0.0,0.5,0.0,65.139,0.000,0.0,665520.0
2026-09-01T04:41:43,0.2,4811,1547350,1531288,0.3,0.00,0.86,0.00,3.42,0.00,0.00,0.00,4.0,95830.0,95347.0,0.0,0.0,0.5,0.0,65.141,0.000,0.0,726448.0
2026-09-01T04:41:45,0.2,4813,1547350,1531286,0.3,0.00,0.61,0.00,2.45,0.00,0.00,0.00,4.0,95830.0,95347.0,0.0,0.0,0.5,0.0,65.132,0.000,0.0,656360.0
2026-09-01T04:41:46,0.2,4816,1547350,1531284,0.3,0.00,0.79,0.00,3.15,0.00,0.00,0.00,4.0,95830.0,95347.0,0.0,0.0,0.5,0.0,65.160,0.000,0.0,668201.5
2026-09-01T04:41:48,0.2,4818,1547350,1531282,0.3,0.00,0.67,0.00,2.66,0.00,0.00,0.00,4.0,95830.0,95347.0,0.0,0.0,0.5,0.0,65.139,0.000,0.0,641107.0
2026-09-01T04:41:49,0.2,4818,1547350,1531282,0.3,0.00,0.73,0.00,2.93,0.00,0.00,0.00,4.0,95830.0,95347.0,0.0,0.0,0.5,0.0,65.124,0.000,0.0,641107.0
2026-09-01T04:41:50,0.2,4818,1547350,1531282,0.3,0.00,1.21,0.00,4.85,0.00,0.00,0.00,4.0,95830.0,95347.0,0.0,0.0,0.5,0.0,65.131,0.000,0.0,736020.0
2026-09-01T04:41:51,0.2,4818,1547350,1531281,0.3,0.00,1.01,0.00,4.03,0.00,0.00,0.00,4.0,95830.0,95347.0,0.0,0.0,0.5,0.0,65.101,0.000,0.0,686686.5
2026-09-01T04:41:52,0.2,4819,1547350,1531281,0.3,0.00,0.64,0.00,2.57,0.00,0.00,0.00,4.0,95830.0,95347.0,0.0,0.0,0.5,0.0,65.111,0.000,0.0,720416.5
2026-09-01T04:41:53,0.2,4820,1547350,1531280,0.3,0.00,1.20,0.00,4.80,0.00,0.00,0.00,4.0,95830.0,95347.0,0.0,0.0,0.5,0.0,65.108,0.000,0.0,667803.0
2026-09-01T04:41:55,0.2,4821,1547350,1531279,0.3,0.00,0.57,0.00,2.29,0.00,0.00,0.00,4.0,95830.0,95347.0,0.0,0.0,0.5,0.0,65.090,0.000,0.0,663374.0
2026-09-01T04:41:56,0.2,4821,1547350,1531278,0.3,0.00,0.69,0.00,2.76,0.00,0.00,0.00,4.0,95830.0,95347.0,0.0,0.0,0.5,0.0,65.073,0.000,0.0,636609.0
2026-09-01T04:41:58,0.2,4821,1547350,1531278,0.3,0.00,0.61,0.00,2.42,0.00,0.00,0.00,4.0,95830.0,95347.0,0.0,0.0,0.5,0.0,65.060,0.000,0.0,692178.0
2026-09-01T04:41:59,0.2,4824,1547350,1531276,0.3,0.00,0.74,0.00,2.95,0.00,0.00,0.07,4.0,95830.0,95347.0,0.0,0.0,0.5,0.0,65.067,0.000,0.0,691320.5
2026-09-01T04:42:00,0.2,4824,1547350,1531276,0.3,0.00,0.98,0.00,3.93,0.00,0.00,0.00,4.0,95830.0,95347.0,0.0,0.0,0.5,0.0,65.036,0.000,0.0,700800.0
2026-09-01T04:42:02,0.3,4830,1547350,1531270,0.3,0.00,0.76,0.00,3.03,0.00,0.00,0.08,4.0,95830.0,95347.0,0.0,0.0,0.5,0.0,65.037,0.000,0.0,718185.0
2026-09-01T04:42:03,0.2,4831,1547350,1531269,0.3,0.00,2.47,0.00,9.87,0.00,0.00,0.08,4.0,95830.0,95347.0,0.0,0.0,0.5,0.0,65.066,0.000,0.0,718185.0
2026-09-01T04:42:04,0.2,4831,1547350,1531268,0.3,0.00,1.30,0.00,5.20,0.00,0.00,0.00,4.0,95830.0,95347.0,0.0,0.0,0.5,0.0,65.045,0.000,0.0,722822.0
2026-09-01T04:42:05,0.2,4833,1547350,1531267,0.3,0.00,0.97,0.00,3.89,0.00,1.00,0.00,4.0,95830.0,95347.0,0.0,0.0,0.5,0.0,65.010,0.000,0.0,683119.5
2026-09-01T04:42:06,0.2,4833,1547350,1531267,0.3,0.00,0.84,0.00,3.35,0.00,0.00,0.00,4.0,95830.0,95347.0,0.0,0.0,0.5,0.0,65.018,0.000,0.0,660201.5
2026-09-01T04:42:07,0.2,4833,1547350,1531267,0.3,0.00,0.72,0.00,2.90,0.00,0.00,0.00,4.0,95830.0,95347.0,0.0,0.0,0.5,0.0,65.001,0.000,0.0,664250.0
2026-09-01T04:42:09,0.2,4833,1547350,1531266,0.3,0.00,8.15,0.00,41.35,0.00,0.00,0.00,4.0,95830.0,95347.0,0.0,0.0,0.5,0.0,64.984,0.000,0.0,675721.0
2026-09-01T04:42:10,0.2,4833,1547350,1531267,0.3,0.00,0.70,0.00,2.80,0.00,0.00,0.00,4.0,95830.0,95347.0,0.0,0.0,0.5,0.0,64.981,0.000,0.0,661419.5
2026-09-01T04:42:12,0.2,4829,1547350,1531271,0.3,0.00,0.70,0.00,2.81,0.00,1.00,0.00,4.0,95830.0,95347.0,0.0,0.0,0.5,0.0,64.966,0.000,0.0,755239.5
2026-09-01T04:42:13,0.2,4828,1547350,1531272,0.3,0.00,0.71,0.00,2.84,0.00,0.00,0.00,4.0,95830.0,95347.0,0.0,0.0,0.5,0.0,64.960,0.000,0.0,675956.5
2026-09-01T04:42:14,0.2,4829,1547350,1531271,0.3,0.00,1.00,0.00,4.00,0.00,0.00,0.00,4.0,95830.0,95347.0,0.0,0.0,0.5,0.0,64.979,0.000,0.0,664782.0
2026-09-01T04:42:16,0.2,4828,1547350,1531271,0.3,0.00,0.55,0.00,2.19,0.00,0.00,0.00,4.0,95830.0,95347.0,0.0,0.0,0.5,0.0,64.940,0.000,0.0,664782.0
2026-09-01T04:42:17,0.2,4829,1547350,1531271,0.3,0.00,1.22,0.00,4.90,0.00,0.00,0.00,4.0,95830.0,95347.0,0.0,0.0,0.5,0.0,64.942,0.000,0.0,676786.5
2026-09-01T04:42:18,0.2,4829,1547350,1531271,0.3,0.00,1.63,0.00,6.51,0.00,0.00,0.00,4.0,95830.0,95347.0,0.0,0.0,0.5,0.0,64.923,0.000,0.0,675693.5
2026-09-01T04:42:19,0.2,4830,1547350,1531270,0.3,0.00,0.83,0.00,3.31,0.00,0.00,0.00,4.0,95830.0,95347.0,0.0,0.0,0.5,0.0,64.931,0.000,0.0,650919.5
2026-09-01T04:42:21,0.2,4830,1547350,1531270,0.3,0.00,0.49,0.00,1.97,0.00,0.00,0.00,4.0,95830.0,95347.0,0.0,0.0,0.5,0.0,64.918,0.000,0.0,676176.5
2026-09-01T04:42:22,0.2,4831,1547350,1531269,0.3,0.00,0.83,0.00,3.31,0.00,0.00,0.00,4.0,95830.0,95347.0,0.0,0.0,0.5,0.0,64.921,0.000,0.0,645243.0
2026-09-01T04:42:24,0.2,4831,1547350,1531268,0.3,0.00,0.50,0.00,2.01,0.00,0.00,0.00,4.0,95830.0,95347.0,0.0,0.0,0.5,0.0,64.905,0.000,0.0,647109.5
2026-09-01T04:42:26,0.2,4831,1547350,1531268,0.3,0.00,0.50,0.00,1.98,0.00,0.00,0.00,4.0,95830.0,95347.0,0.0,0.0,0.5,0.0,64.888,0.000,0.0,680235.5
2026-09-01T04:42:27,0.2,4831,1547350,1531268,0.3,0.00,1.02,0.00,4.07,0.00,0.00,0.00,4.0,95830.0,95347.0,0.0,0.0,0.5,0.0,64.905,0.000,0.0,670119.0
2026-09-01T04:42:29,0.2,4831,1547350,1531268,0.3,0.00,0.48,0.00,1.91,0.00,0.00,0.05,4.0,95830.0,95347.0,0.0,0.0,0.5,0.0,64.912,0.000,0.0,647626.0
2026-09-01T04:42:31,0.2,4832,1547350,1531268,0.3,0.00,0.49,0.00,1.97,0.00,0.00,0.00,4.0,95830.0,95347.0,0.0,0.0,0.5,0.0,64.887,0.000,0.0,685231.0
2026-09-01T04:42:32,0.2,4831,1547350,1531268,0.3,0.00,7.43,0.00,29.72,0.00,0.14,0.00,4.0,95830.0,95347.0,0.0,0.0,0.5,0.0,64.901,0.000,0.0,652760.5
2026-09-01T04:42:34,0.2,4832,1547350,1531268,0.3,0.00,0.51,0.00,2.03,0.00,0.00,0.00,4.0,95830.0,95347.0,0.0,0.0,0.5,0.0,64.910,0.000,0.0,646444.0
2026-09-01T04:42:37,0.2,4833,1547350,1531267,0.3,0.00,0.41,0.00,1.66,0.00,0.00,0.00,4.0,95830.0,95347.0,0.0,0.0,0.5,0.0,64.900,0.000,0.0,657239.0
2026-09-01T04:42:39,0.2,4834,1547350,1531266,0.3,0.00,2.00,0.00,12.97,0.00,0.00,0.00,4.0,95830.0,95347.0,0.0,0.0,0.5,0.0,64.892,0.000,0.0,646749.5
2026-09-01T04:42:41,0.2,4834,1547350,1531266,0.3,0.00,0.49,0.00,1.97,0.00,0.00,0.00,4.0,95830.0,95347.0,0.0,0.0,0.5,0.0,64.889,0.000,0.0,645459.0
2026-09-01T04:42:43,0.2,4834,1547350,1531266,0.3,0.00,1.01,0.00,4.02,0.00,0.00,0.00,4.0,95830.0,95347.0,0.0,0.0,0.5,0.0,64.908,0.000,0.0,648695.0
2026-09-01T04:42:45,0.2,4834,1547350,1531266,0.3,0.00,0.51,0.00,2.02,0.00,0.00,0.00,4.0,95830.0,95347.0,0.0,0.0,0.5,0.0,64.879,0.000,0.0,690576.5
2026-09-01T04:42:46,0.2,4834,1547350,1531265,0.3,0.00,0.98,0.00,3.94,0.00,0.00,0.00,4.0,95830.0,95347.0,0.0,0.0,0.5,0.0,64.886,0.000,0.0,653603.5
2026-09-01T04:42:47,0.2,4836,1547350,1531264,0.3,0.00,0.65,0.00,2.61,0.00,0.00,0.00,4.0,95830.0,95347.0,0.0,0.0,0.5,0.0,64.883,0.000,0.0,663230.0
2026-09-01T04:42:49,0.2,4836,1547350,1531263,0.3,0.00,0.59,0.00,2.37,0.00,0.00,0.00,4.0,95830.0,95347.0,0.0,0.0,0.5,0.0,64.878,0.000,0.0,658981.0
2026-09-01T04:42:51,0.2,4836,1547350,1531264,0.3,0.00,0.65,0.00,2.59,0.00,0.00,0.00,4.0,95830.0,95347.0,0.0,0.0,0.5,0.0,64.885,0.000,0.0,668380.0
2026-09-01T04:42:52,0.2,4837,1547350,1531263,0.3,0.00,0.62,0.00,2.46,0.00,0.00,0.00,4.0,95830.0,95347.0,0.0,0.0,0.5,0.0,64.848,0.000,0.0,661112.0
2026-09-01T04:42:54,0.2,4838,1547350,1531262,0.3,0.00,0.60,0.00,2.41,0.00,0.00,0.00,4.0,95830.0,95347.0,0.0,0.0,0.5,0.0,64.859,0.000,0.0,654663.0
2026-09-01T04:42:55,0.2,4838,1547350,1531261,0.3,0.00,0.65,0.00,2.58,0.00,0.00,0.00,4.0,95830.0,95347.0,0.0,0.0,0.5,0.0,64.825,0.000,0.0,651195.0
2026-09-01T04:42:57,0.2,4838,1547350,1531262,0.3,0.00,0.58,0.00,2.32,0.00,0.00,0.00,4.0,95830.0,95347.0,0.0,0.0,0.5,0.0,64.822,0.000,0.0,651195.0
2026-09-01T04:42:58,0.2,4838,1547350,1531262,0.3,0.00,1.05,0.00,4.21,0.00,1.00,0.00,4.0,95830.0,95347.0,0.0,0.0,0.5,0.0,64.816,0.000,0.0,693920.5
2026-09-01T04:42:59,0.2,4838,1547350,1531262,0.3,0.00,0.83,0.00,3.33,0.00,0.00,0.00,4.0,95830.0,95347.0,0.0,0.0,0.5,0.0,64.826,0.000,0.0,662713.0
2026-09-01T04:43:01,0.2,4843,1547350,1531361,0.3,0.00,0.61,0.00,2.44,0.00,0.00,0.00,4.0,95830.0,95347.0,0.0,0.0,0.5,0.0,64.822,0.000,0.0,654494.5
2026-09-01T04:43:02,0.3,4843,1547350,1531360,0.3,0.00,0.65,0.00,2.58,0.00,0.00,0.00,4.0,95830.0,95347.0,0.0,0.0,0.5,0.0,64.824,0.000,0.0,661017.5
2026-09-01T04:43:04,0.2,4843,1547350,1531360,0.3,0.00,1.64,0.00,9.87,0.00,0.00,0.00,4.0,95830.0,95347.0,0.0,0.0,0.5,0.0,64.780,0.000,0.0,707736.5
2026-09-01T04:43:05,0.2,4843,1547350,1531360,0.3,0.00,0.61,0.00,2.44,0.00,0.00,0.00,4.0,95830.0,95347.0,0.0,0.0,0.5,0.0,64.769,0.000,0.0,664992.5
2026-09-01T04:43:07,0.2,4843,1547350,1531361,0.3,0.00,0.84,0.00,3.36,0.00,0.00,0.00,4.0,95830.0,95347.0,0.0,0.0,0.5,0.0,64.787,0.000,0.0,666395.5
2026-09-01T04:43:08,0.2,4843,1547350,1531361,0.3,0.00,0.68,0.00,2.72,0.00,0.00,0.00,4.0,95830.0,95347.0,0.0,0.0,0.5,0.0,64.760,0.000,0.0,665536.5
2026-09-01T04:43:10,0.2,4844,1547350,1531360,0.3,0.00,1.26,0.00,13.24,0.00,0.00,0.00,4.0,95830.0,95347.0,0.0,0.0,0.5,0.0,64.746,0.000,0.0,658046.0
2026-09-01T04:43:11,0.2,4844,1547350,1531360,0.3,0.00,0.62,0.00,2.46,0.00,0.00,0.00,4.0,95830.0,95347.0,0.0,0.0,0.5,0.0,64.767,0.000,0.0,658046.0
2026-09-01T04:43:12,0.3,4841,1547350,1531363,0.3,0.00,1.24,0.00,4.97,0.00,0.00,0.00,4.0,95830.0,95347.0,0.0,0.0,0.5,0.0,64.755,0.000,0.0,713685.0
2026-09-01T04:43:12,0.3,4842,1547350,1531361,0.3,0.00,2.15,0.00,8.60,0.00,0.00,0.00,4.0,95830.0,95347.0,0.0,0.0,0.5,0.0,64.772,0.000,0.0,713825.5
2026-09-01T04:43:14,0.2,4843,1547350,1531361,0.3,0.00,0.52,0.00,2.06,0.00,0.00,0.05,4.0,95830.0,95347.0,0.0,0.0,0.5,0.0,64.754,0.000,0.0,713825.5
2026-09-01T04:43:15,0.2,4844,1547350,1531360,0.3,0.00,1.64,0.00,6.57,0.00,0.00,0.00,4.0,95830.0,95347.0,0.0,0.0,0.5,0.0,64.725,0.000,0.0,672850.5
2026-09-01T04:43:17,0.2,4842,1547350,1531361,0.3,0.00,0.50,0.00,1.98,0.00,0.00,0.00,4.0,95830.0,95347.0,0.0,0.0,0.5,0.0,64.730,0.000,0.0,649475.5
2026-09-01T04:43:19,0.2,4842,1547350,1531361,0.3,0.00,1.13,0.00,4.51,0.00,0.00,0.00,4.0,95830.0,95347.0,0.0,0.0,0.5,0.0,64.695,0.000,0.0,686834.5
2026-09-01T04:43:20,0.2,4843,1547350,1531361,0.3,0.00,0.73,0.00,2.93,0.00,0.00,0.00,4.0,95830.0,95347.0,0.0,0.0,0.5,0.0,64.706,0.000,0.0,648560.0
2026-09-01T04:43:22,0.2,4844,1547350,1531360,0.3,0.00,0.65,0.00,2.60,0.00,0.00,0.00,4.0,95830.0,95347.0,0.0,0.0,0.5,0.0,64.734,0.000,0.0,648560.0
2026-09-01T04:43:23,0.2,4844,1547350,1531360,0.3,0.00,0.97,0.00,3.87,0.00,1.00,0.00,4.0,95830.0,95347.0,0.0,0.0,0.5,0.0,64.695,0.000,0.0,684339.0
2026-09-01T04:43:25,0.2,4844,1547350,1531359,0.3,0.00,0.57,0.00,2.29,0.00,0.00,0.00,4.0,95830.0,95347.0,0.0,0.0,0.5,0.0,64.702,0.000,0.0,725555.5
2026-09-01T04:43:27,0.2,4844,1547350,1531360,0.3,0.00,0.49,0.00,1.97,0.00,0.00,0.00,4.0,95830.0,95347.0,0.0,0.0,0.5,0.0,64.692,0.000,0.0,768562.5
2026-09-01T04:43:28,0.2,4844,1547350,1531359,0.3,0.00,0.80,0.00,3.19,0.00,0.00,0.00,4.0,95830.0,95347.0,0.0,0.0,0.5,0.0,64.672,0.000,0.0,678794.0
2026-09-01T04:43:29,0.2,4845,1547350,1531359,0.3,0.00,0.95,0.00,3.81,0.00,0.00,0.00,4.0,95830.0,95347.0,0.0,0.0,0.5,0.0,64.701,0.000,0.0,678794.0
2026-09-01T04:43:29,0.2,4845,1547350,1531359,0.3,0.00,2.04,0.00,8.16,0.00,0.00,0.00,4.0,95830.0,95347.0,0.0,0.0,0.5,0.0,64.686,0.000,0.0,731464.5
2026-09-01T04:43:30,0.2,4845,1547350,1531359,0.3,0.00,0.99,0.00,3.96,0.00,0.00,0.00,4.0,95830.0,95347.0,0.0,0.0,0.5,0.0,64.680,0.000,0.0,653014.0
2026-09-01T04:43:33,0.2,4845,1547350,1531359,0.3,0.00,0.44,0.00,1.77,0.00,0.00,0.00,4.0,95830.0,95347.0,0.0,0.0,0.5,0.0,64.661,0.000,0.0,646861.5
2026-09-01T04:43:35,0.2,4846,1547350,1531358,0.3,0.00,2.95,0.00,13.79,0.00,0.00,0.00,4.0,95830.0,95347.0,0.0,0.0,0.5,0.0,64.666,0.000,0.0,645762.5
2026-09-01T04:43:37,0.2,4846,1547350,1531358,0.3,0.00,0.51,0.00,2.02,0.00,0.00,0.00,4.0,95830.0,95347.0,0.0,0.0,0.5,0.0,64.655,0.000,0.0,646109.5
2026-09-01T04:43:39,0.2,4846,1547350,1531358,0.3,0.00,0.48,0.00,1.93,0.00,0.00,0.00,4.0,95830.0,95347.0,0.0,0.0,0.5,0.0,64.645,0.000,0.0,666587.0
2026-09-01T04:43:40,0.2,4847,1547350,1531357,0.3,0.00,1.97,0.00,17.75,0.00,0.33,0.00,4.0,95830.0,95347.0,0.0,0.0,0.5,0.0,64.654,0.000,0.0,646362.5
2026-09-01T04:43:42,0.2,4847,1547350,1531357,0.3,0.00,0.50,0.00,2.00,0.00,0.00,0.00,4.0,95830.0,95347.0,0.0,0.0,0.5,0.0,64.671,0.000,0.0,683254.5
2026-09-01T04:43:43,0.2,4847,1547350,1531357,0.3,0.00,0.78,0.00,3.14,0.00,0.00,0.00,4.0,95830.0,95347.0,0.0,0.0,0.5,0.0,64.641,0.000,0.0,630971.0
2026-09-01T04:43:45,0.2,4847,1547350,1531356,0.3,0.00,1.00,0.00,4.01,0.00,0.00,0.00,4.0,95830.0,95347.0,0.0,0.0,0.5,0.0,64.650,0.000,0.0,681669.0
2026-09-01T04:43:47,0.2,4847,1547350,1531357,0.3,0.00,0.87,0.00,3.47,0.00,0.00,0.00,4.0,95830.0,95347.0,0.0,0.0,0.5,0.0,64.641,0.000,0.0,680814.0
2026-09-01T04:43:48,0.2,4846,1547350,1531358,0.3,0.00,0.74,0.00,2.97,0.00,0.00,0.00,4.0,95830.0,95347.0,0.0,0.0,0.5,0.0,64.624,0.000,0.0,680814.0
2026-09-01T04:43:49,0.2,4847,1547350,1531357,0.3,0.00,1.07,0.00,4.30,0.00,0.00,0.00,4.0,95830.0,95347.0,0.0,0.0,0.5,0.0,64.657,0.000,0.0,705459.0
2026-09-01T04:43:50,0.2,4847,1547350,1531357,0.3,0.00,1.89,0.00,7.55,0.00,0.00,0.00,4.0,95830.0,95347.0,0.0,0.0,0.5,0.0,64.636,0.000,0.0,705459.0
2026-09-01T04:43:51,0.2,4847,1547350,1531357,0.3,0.00,0.98,0.00,3.93,0.00,0.00,0.00,4.0,95830.0,95347.0,0.0,0.0,0.5,0.0,64.634,0.000,0.0,682522.5
2026-09-01T04:43:52,0.2,4846,1547350,1531357,0.3,0.00,0.70,0.00,2.81,0.00,0.00,0.00,4.0,95830.0,95347.0,0.0,0.0,0.5,0.0,64.650,0.000,0.0,656123.5
2026-09-01T04:43:54,0.2,4847,1547350,1531357,0.3,0.00,0.64,0.00,2.54,0.00,0.00,0.00,4.0,95830.0,95347.0,0.0,0.0,0.5,0.0,64.641,0.000,0.0,657554.5
2026-09-01T04:43:56,0.2,4848,1547350,1531356,0.3,0.00,0.61,0.00,2.43,0.00,0.00,0.06,4.0,95830.0,95347.0,0.0,0.0,0.5,0.0,64.646,0.000,0.0,671834.5
2026-09-01T04:43:57,0.2,4847,1547350,1531356,0.3,0.00,0.77,0.00,3.08,0.00,0.00,0.00,4.0,95830.0,95347.0,0.0,0.0,0.5,0.0,64.649,0.000,0.0,658333.0
2026-09-01T04:43:59,0.2,4848,1547350,1531356,0.3,0.00,0.58,0.00,2.34,0.00,0.00,0.00,4.0,95830.0,95347.0,0.0,0.0,0.5,0.0,64.651,0.000,0.0,673307.0
2026-09-01T04:44:00,0.2,4848,1547350,1531356,0.3,0.00,0.85,0.00,3.41,0.00,0.00,0.00,4.0,95830.0,95347.0,0.0,0.0,0.5,0.0,64.622,0.000,0.0,666893.0
2026-09-01T04:44:01,0.3,4852,1547350,1531351,0.3,0.00,0.60,0.00,2.41,0.00,1.00,0.00,4.0,95830.0,95347.0,0.0,0.0,0.5,0.0,64.622,0.000,0.0,637983.0
2026-09-01T04:44:03,0.2,4851,1547350,1531352,0.3,0.00,0.63,0.00,2.52,0.00,0.00,0.00,4.0,95830.0,95347.0,0.0,0.0,0.5,0.0,64.636,0.000,0.0,675212.0
2026-09-01T04:44:05,0.2,4851,1547350,1531353,0.3,0.00,0.62,0.00,2.46,0.00,0.00,0.00,4.0,95830.0,95347.0,0.0,0.0,0.5,0.0,64.642,0.000,0.0,662451.0
2026-09-01T04:44:06,0.2,4851,1547350,1531352,0.3,0.00,0.61,0.00,2.46,0.00,0.00,0.00,4.0,95830.0,95347.0,0.0,0.0,0.5,0.0,64.627,0.000,0.0,746602.0
2026-09-01T04:44:07,0.2,4851,1547350,1531352,0.3,0.00,0.92,0.00,3.68,0.00,0.00,0.00,4.0,95830.0,95347.0,0.0,0.0,0.5,0.0,64.651,0.000,0.0,665360.5
2026-09-01T04:44:09,0.2,4851,1547350,1531353,0.3,0.00,0.83,0.00,3.31,0.00,0.00,0.00,4.0,95830.0,95347.0,0.0,0.0,0.5,0.0,64.653,0.000,0.0,685029.5
2026-09-01T04:44:10,0.2,4854,1547350,1531350,0.3,0.00,4.57,0.00,23.97,0.00,0.00,0.00,4.0,95830.0,95347.0,0.0,0.0,0.5,0.0,64.633,0.000,0.0,635187.0
2026-09-01T04:44:12,0.2,4853,1547350,1531351,0.3,0.00,0.55,0.00,2.20,0.00,0.00,0.00,4.0,95830.0,95347.0,0.0,0.0,0.5,0.0,64.656,0.000,0.0,650640.0
2026-09-01T04:44:14,0.2,4853,1547350,1531350,0.3,0.00,0.56,0.00,2.23,0.00,0.00,0.00,4.0,95830.0,95347.0,0.0,0.0,0.5,0.0,64.632,0.000,0.0,672783.0
2026-09-01T04:44:16,0.2,4854,1547350,1531350,0.3,0.00,0.54,0.00,2.17,0.00,0.00,0.00,4.0,95830.0,95347.0,0.0,0.0,0.5,0.0,64.639,0.000,0.0,676812.0
2026-09-01T04:44:17,0.2,4853,1547350,1531351,0.3,0.00,0.98,0.00,3.93,0.00,0.00,0.00,4.0,95830.0,95347.0,0.0,0.0,0.5,0.0,64.629,0.000,0.0,676812.0
2026-09-01T04:44:18,0.2,4853,1547350,1531351,0.3,0.00,0.83,0.00,3.34,0.00,0.00,0.00,4.0,95830.0,95347.0,0.0,0.0,0.5,0.0,64.626,0.000,0.0,661893.0
2026-09-01T04:44:20,0.2,4854,1547350,1531350,0.3,0.00,0.51,0.00,2.04,0.00,1.00,0.00,4.0,95830.0,95347.0,0.0,0.0,0.5,0.0,64.620,0.000,0.0,650793.0
2026-09-01T04:44:22,0.2,4854,1547350,1531349,0.3,0.00,0.60,0.00,2.41,0.00,0.00,0.00,4.0,95830.0,95347.0,0.0,0.0,0.5,0.0,64.623,0.000,0.0,655318.0
2026-09-01T04:44:24,0.2,4858,1547350,1531346,0.3,0.00,0.49,0.00,1.96,0.00,0.00,0.00,4.0,95830.0,95347.0,0.0,0.0,0.5,0.0,64.612,0.000,0.0,653182.0
2026-09-01T04:44:25,0.2,4858,1547350,1531346,0.3,0.00,0.57,0.00,2.27,0.00,0.00,0.00,4.0,95830.0,95347.0,0.0,0.0,0.5,0.0,64.618,0.000,0.0,633456.0
2026-09-01T04:44:28,0.3,4858,1547350,1531346,0.3,0.00,0.33,0.00,1.33,0.00,0.00,0.00,4.0,95830.0,95347.0,0.0,0.0,0.5,0.0,64.633,0.000,0.0,641958.0
2026-09-01T04:44:30,0.2,4859,1547350,1531344,0.3,0.00,0.50,0.00,1.99,0.00,0.00,0.05,4.0,95830.0,95347.0,0.0,0.0,0.5,0.0,64.638,0.000,0.0,647278.0
2026-09-01T04:44:32,0.2,4858,1547350,1531345,0.3,0.00,0.50,0.00,1.98,0.00,0.00,0.00,4.0,95830.0,95347.0,0.0,0.0,0.5,0.0,64.621,0.000,0.0,646330.5
2026-09-01T04:44:35,0.2,4862,1547350,1531342,0.3,0.00,0.48,0.00,1.90,0.00,0.00,0.00,4.0,95830.0,95347.0,0.0,0.0,0.5,0.0,64.617,0.000,0.0,727974.0
2026-09-01T04:44:36,0.4,4872,1547350,1531331,0.3,0.00,5.77,0.00,26.95,0.00,0.00,0.00,4.0,95830.0,95347.0,0.0,0.0,0.5,0.0,64.608,0.000,0.0,648720.0
2026-09-01T04:44:38,0.2,4877,1547350,1531326,0.3,0.00,0.51,0.00,2.03,0.00,0.00,0.00,4.0,95830.0,95347.0,0.0,0.0,0.5,0.0,64.647,0.000,0.0,665008.0
2026-09-01T04:44:39,0.2,4878,1547350,1531326,0.3,0.00,1.28,0.00,13.49,0.00,0.50,0.00,4.0,95830.0,95347.0,0.0,0.0,0.5,0.0,64.633,0.000,0.0,682239.0
2026-09-01T04:44:41,0.2,4877,1547350,1531326,0.3,0.00,0.70,0.00,2.79,0.00,0.00,0.00,4.0,95830.0,95347.0,0.0,0.0,0.5,0.0,64.639,0.000,0.0,677691.0
2026-09-01T04:44:42,0.2,4878,1547350,1531326,0.3,0.00,1.39,0.00,5.54,0.00,0.00,0.00,4.0,95830.0,95347.0,0.0,0.0,0.5,0.0,64.634,0.000,0.0,636566.5
2026-09-01T04:44:44,0.2,4878,1547350,1531326,0.3,0.00,0.47,0.00,1.88,0.00,0.00,0.00,4.0,95830.0,95347.0,0.0,0.0,0.5,0.0,64.635,0.000,0.0,691895.0
2026-09-01T04:44:45,0.2,4881,1547350,1531322,0.3,0.00,0.99,0.00,3.97,0.00,0.00,0.00,4.0,95830.0,95347.0,0.0,0.0,0.5,0.0,64.644,0.000,0.0,645846.5
2026-09-01T04:44:47,0.2,4882,1547350,1531322,0.3,0.00,1.01,0.00,4.03,0.00,0.00,0.00,4.0,95830.0,95347.0,0.0,0.0,0.5,0.0,64.623,0.000,0.0,658195.0
2026-09-01T04:44:49,0.2,4881,1547350,1531323,0.3,0.00,0.58,0.00,2.32,0.00,0.00,0.00,4.0,95830.0,95347.0,0.0,0.0,0.5,0.0,64.625,0.000,0.0,662102.5
2026-09-01T04:44:50,0.2,4881,1547350,1531322,0.3,0.00,0.81,0.00,3.22,0.00,0.00,0.00,4.0,95830.0,95347.0,0.0,0.0,0.5,0.0,64.631,0.000,0.0,665700.5
2026-09-01T04:44:52,0.2,4881,1547350,1531323,0.3,0.00,1.19,0.00,4.75,0.00,0.00,0.06,4.0,95830.0,95347.0,0.0,0.0,0.5,0.0,64.611,0.000,0.0,693136.5
2026-09-01T04:44:53,0.2,4882,1547350,1531322,0.3,0.00,1.02,0.00,4.07,0.00,0.00,0.10,4.0,95830.0,95347.0,0.0,0.0,0.5,0.0,64.627,0.000,0.0,654220.5
2026-09-01T04:44:55,0.2,4886,1547350,1531318,0.3,0.00,0.53,0.00,2.13,0.00,0.00,0.00,4.0,95830.0,95347.0,0.0,0.0,0.5,0.0,64.642,0.000,0.0,663051.5
2026-09-01T04:44:56,0.2,4886,1547350,1531318,0.3,0.00,0.60,0.00,2.40,0.00,0.00,0.00,4.0,95830.0,95347.0,0.0,0.0,0.5,0.0,64.606,0.000,0.0,663051.5
2026-09-01T04:44:57,0.3,4887,1547350,1531317,0.3,0.00,1.67,0.00,6.67,0.00,0.00,0.00,4.0,95830.0,95347.0,0.0,0.0,0.5,0.0,64.621,0.000,0.0,702740.0
2026-09-01T04:44:58,0.2,4887,1547350,1531317,0.3,0.00,0.91,0.00,3.66,0.00,0.00,0.00,4.0,95830.0,95347.0,0.0,0.0,0.5,0.0,64.639,0.000,0.0,681654.0
2026-09-01T04:45:00,0.2,4887,1547350,1531317,0.3,0.00,0.60,0.00,2.39,0.00,0.00,0.00,4.0,95830.0,95347.0,0.0,0.0,0.5,0.0,64.633,0.000,0.0,670842.0
2026-09-01T04:45:01,0.2,4890,1547350,1531314,0.3,0.00,0.85,0.00,3.38,0.00,0.00,0.00,4.0,95830.0,95347.0,0.0,0.0,0.5,0.0,64.647,0.000,0.0,695703.5
2026-09-01T04:45:02,0.3,4890,1547350,1531314,0.3,0.00,0.64,0.00,2.57,0.00,0.00,0.00,4.0,95830.0,95347.0,0.0,0.0,0.5,0.0,64.620,0.000,0.0,677032.5
2026-09-01T04:45:04,0.2,4891,1547350,1531313,0.3,0.00,0.94,0.00,3.75,0.00,1.00,0.00,4.0,95830.0,95347.0,0.0,0.0,0.5,0.0,64.632,0.000,0.0,657718.5
2026-09-01T04:45:05,0.2,4892,1547350,1531312,0.3,0.00,0.55,0.00,2.20,0.00,0.00,0.00,4.0,95830.0,95347.0,0.0,0.0,0.5,0.0,64.633,0.000,0.0,651781.0
2026-09-01T04:45:07,0.2,4893,1547350,1531311,0.3,0.00,0.61,0.00,2.45,0.00,0.00,0.00,4.0,95830.0,95347.0,0.0,0.0,0.5,0.0,64.623,0.000,0.0,691815.0
2026-09-01T04:45:08,0.2,4891,1547350,1531313,0.3,0.00,0.97,0.00,3.86,0.00,0.00,0.10,4.0,95830.0,95347.0,0.0,0.0,0.5,0.0,64.636,0.000,0.0,691815.0
2026-09-01T04:45:09,0.2,4891,1547350,1531313,0.3,0.00,1.01,0.00,4.04,0.00,0.00,0.00,4.0,95830.0,95347.0,0.0,0.0,0.5,0.0,64.620,0.000,0.0,671019.0
2026-09-01T04:45:11,0.2,4892,1547350,1531312,0.3,0.00,2.24,0.00,15.70,0.00,0.00,0.00,4.0,95830.0,95347.0,0.0,0.0,0.5,0.0,64.631,0.000,0.0,692389.5
2026-09-01T04:45:12,0.2,4889,1547350,1531315,0.3,0.00,1.95,0.00,11.72,0.00,0.00,0.00,4.0,95830.0,95347.0,0.0,0.0,0.5,0.0,64.632,0.000,0.0,666081.5
2026-09-01T04:45:13,0.2,4887,1547350,1531317,0.3,0.00,0.86,0.00,3.43,0.00,0.00,0.00,4.0,95830.0,95347.0,0.0,0.0,0.5,0.0,64.611,0.000,0.0,661444.0
2026-09-01T04:45:15,0.2,4892,1547350,1531311,0.3,0.00,0.55,0.00,2.18,0.00,0.00,0.00,4.0,95830.0,95347.0,0.0,0.0,0.5,0.0,64.642,0.000,0.0,675336.0
2026-09-01T04:45:16,0.2,4893,1547350,1531311,0.3,0.00,0.71,0.00,2.86,0.00,0.00,0.00,4.0,95830.0,95347.0,0.0,0.0,0.5,0.0,64.615,0.000,0.0,667001.5
2026-09-01T04:45:18,0.2,4895,1547350,1531309,0.3,0.00,0.62,0.00,2.46,0.00,0.00,0.00,4.0,95830.0,95347.0,0.0,0.0,0.5,0.0,64.614,0.000,0.0,658008.5
2026-09-01T04:45:19,0.2,4895,1547350,1531309,0.3,0.00,0.60,0.00,2.41,0.00,0.00,0.00,4.0,95830.0,95347.0,0.0,0.0,0.5,0.0,64.606,0.000,0.0,654871.0
2026-09-01T04:45:21,0.2,4895,1547350,1531309,0.3,0.00,0.56,0.00,2.26,0.00,0.00,0.00,4.0,95830.0,95347.0,0.0,0.0,0.5,0.0,64.643,0.000,0.0,646945.0
2026-09-01T04:45:23,0.2,4895,1547350,1531309,0.3,0.00,0.55,0.00,2.21,0.00,0.00,0.00,4.0,95830.0,95347.0,0.0,0.0,0.5,0.0,64.613,0.000,0.0,664590.0
2026-09-01T04:45:25,0.2,4895,1547350,1531308,0.3,0.00,0.65,0.00,2.60,0.00,0.00,0.00,4.0,95830.0,95347.0,0.0,0.0,0.5,0.0,64.659,0.000,0.0,664590.0
2026-09-01T04:45:25,0.2,4899,1547350,1531304,0.3,0.00,2.33,0.00,13.99,0.00,0.50,0.00,4.0,95830.0,95347.0,0.0,0.0,0.5,0.0,64.627,0.000,0.0,633450.0
2026-09-01T04:45:30,0.2,4900,1547350,1531304,0.3,0.00,0.21,0.00,0.86,0.00,0.00,0.00,4.0,95830.0,95347.0,0.0,0.0,0.5,0.0,64.639,0.000,0.0,633450.0
2026-09-01T04:45:31,0.2,4900,1547350,1531304,0.3,0.00,0.97,0.00,3.86,0.00,0.00,0.00,4.0,95830.0,95347.0,0.0,0.0,0.5,0.0,64.660,0.000,0.0,684472.0
2026-09-01T04:45:32,0.2,4900,1547350,1531304,0.3,0.00,5.08,0.00,20.34,0.00,0.00,0.00,4.0,95830.0,95347.0,0.0,0.0,0.5,0.0,64.638,0.000,0.0,665590.0
2026-09-01T04:45:34,0.2,4901,1547350,1531303,0.3,0.00,0.58,0.00,2.32,0.00,0.00,0.00,4.0,95830.0,95347.0,0.0,0.0,0.5,0.0,64.630,0.000,0.0,667753.5
2026-09-01T04:45:36,0.2,4901,1547350,1531303,0.3,0.00,0.67,0.00,2.66,0.00,0.00,0.00,4.0,95830.0,95347.0,0.0,0.0,0.5,0.0,64.615,0.000,0.0,676596.0
2026-09-01T04:45:37,0.2,4901,1547350,1531302,0.3,0.00,0.72,0.00,2.89,0.00,0.00,0.00,4.0,95830.0,95347.0,0.0,0.0,0.5,0.0,64.623,0.000,0.0,648970.0
2026-09-01T04:45:39,0.2,4901,1547350,1531302,0.3,0.00,0.60,0.00,2.41,0.00,0.00,0.00,4.0,95830.0,95347.0,0.0,0.0,0.5,0.0,64.643,0.000,0.0,648542.0
2026-09-01T04:45:41,0.2,4902,1547350,1531302,0.3,0.00,1.01,0.00,13.37,0.00,0.00,0.00,4.0,95830.0,95347.0,0.0,0.0,0.5,0.0,64.626,0.000,0.0,659357.0
2026-09-01T04:45:43,0.2,4901,1547350,1531302,0.3,0.00,0.81,0.00,3.22,0.00,0.00,0.00,4.0,95830.0,95347.0,0.0,0.0,0.5,0.0,64.612,0.000,0.0,646083.5
2026-09-01T04:45:45,0.2,4900,1547350,1531303,0.3,0.00,0.59,0.00,2.37,0.00,1.00,0.00,4.0,95830.0,95347.0,0.0,0.0,0.5,0.0,64.648,0.000,0.0,666432.5
2026-09-01T04:45:46,0.2,4901,1547350,1531303,0.3,0.00,0.64,0.00,2.56,0.00,0.00,0.00,4.0,95830.0,95347.0,0.0,0.0,0.5,0.0,64.640,0.000,0.0,707810.0
2026-09-01T04:45:48,0.2,4901,1547350,1531302,0.3,0.00,1.03,0.00,4.12,0.00,0.00,0.05,4.0,95830.0,95347.0,0.0,0.0,0.5,0.0,64.634,0.000,0.0,658127.0
2026-09-01T04:45:50,0.2,4901,1547350,1531302,0.3,0.00,0.72,0.00,2.89,0.00,0.00,0.00,4.0,95830.0,95347.0,0.0,0.0,0.5,0.0,64.613,0.000,0.0,673646.5
2026-09-01T04:45:51,0.2,4901,1547350,1531302,0.3,0.00,0.93,0.00,3.70,0.00,0.00,0.00,4.0,95830.0,95347.0,0.0,0.0,0.5,0.0,64.639,0.000,0.0,621888.5
2026-09-01T04:45:55,0.2,4903,1547350,1531301,0.3,0.00,0.22,0.00,0.87,0.00,0.00,0.00,4.0,95830.0,95347.0,0.0,0.0,0.5,0.0,64.622,0.000,0.0,659907.0
2026-09-01T04:45:57,0.2,4902,1547350,1531302,0.3,0.00,0.57,0.00,2.29,0.00,0.00,0.00,4.0,95830.0,95347.0,0.0,0.0,0.5,0.0,64.629,0.000,0.0,674471.5
2026-09-01T04:45:59,0.2,4901,1547350,1531302,0.3,0.00,0.67,0.00,2.68,0.00,0.00,0.00,4.0,95830.0,95347.0,0.0,0.0,0.5,0.0,64.641,0.000,0.0,687043.0
2026-09-01T04:46:00,0.2,4901,1547350,1531302,0.3,0.00,0.94,0.00,3.77,0.00,0.00,0.00,4.0,95830.0,95347.0,0.0,0.0,0.5,0.0,64.611,0.000,0.0,649375.5
2026-09-01T04:46:02,0.2,4904,1547350,1531299,0.3,0.00,0.50,0.00,1.99,0.00,0.00,0.00,4.0,95830.0,95347.0,0.0,0.0,0.5,0.0,64.598,0.000,0.0,654838.0
2026-09-01T04:46:03,0.1,4965,1547350,1531239,0.3,0.00,0.56,0.00,2.22,0.00,0.00,0.00,4.0,95830.0,95347.0,0.0,0.0,0.5,0.0,64.625,0.000,0.0,621543.0
2026-09-01T04:46:08,0.9,4974,1547350,1531230,0.3,0.00,0.23,0.00,0.93,0.00,0.00,0.00,4.0,95830.0,95347.0,0.0,0.0,0.5,0.0,64.614,0.000,0.0,623845.5
2026-09-01T04:46:13,1.0,4989,1547350,1531215,0.3,0.00,94.29,0.00,1143.03,0.00,0.10,0.09,4.0,95830.0,95347.0,0.0,0.0,0.5,0.0,64.627,0.000,0.0,749960.0
2026-09-01T04:46:14,1.3,5018,1547350,1531186,0.3,0.00,221.11,0.00,2733.95,0.00,0.05,0.00,4.0,95830.0,95347.0,0.0,0.0,0.5,0.0,64.626,0.000,0.0,645348.5
2026-09-01T04:46:15,1.2,5056,1547350,1531148,0.3,0.00,0.66,0.00,2.63,0.00,0.00,0.00,4.0,95830.0,95347.0,0.0,0.0,0.5,0.0,64.624,0.000,0.0,706361.0
2026-09-01T04:46:16,1.2,4917,1547350,1531287,0.3,0.00,33.91,0.00,954.78,0.00,0.05,0.17,4.0,95830.0,95347.0,0.0,0.0,0.5,0.0,64.623,0.000,0.0,818023.0
2026-09-01T04:46:21,0.3,4916,1547350,1531288,0.3,0.00,0.66,0.00,2.62,0.00,0.00,0.02,4.0,95830.0,95347.0,0.0,0.0,0.5,0.0,64.621,0.000,0.0,619759.0
2026-09-01T04:46:22,0.2,4915,1547350,1531289,0.3,0.00,0.78,0.00,3.10,0.00,1.00,0.00,4.0,95830.0,95347.0,0.0,0.0,0.5,0.0,64.620,0.000,0.0,674607.0
2026-09-01T04:46:24,0.2,4914,1547350,1531290,0.3,0.00,0.67,0.00,2.68,0.00,0.00,0.00,4.0,95830.0,95347.0,0.0,0.0,0.5,0.0,64.591,0.000,0.0,764528.5
2026-09-01T04:46:25,0.2,4914,1547350,1531289,0.3,0.00,0.66,0.00,2.62,0.00,0.00,0.00,4.0,95830.0,95347.0,0.0,0.0,0.5,0.0,64.621,0.000,0.0,653986.0
2026-09-01T04:46:27,0.2,4916,1547350,1531288,0.3,0.00,0.45,0.00,1.81,0.00,0.00,0.00,4.0,95830.0,95347.0,0.0,0.0,0.5,0.0,64.611,0.000,0.0,641240.0
2026-09-01T04:46:29,0.2,4915,1547350,1531289,0.3,0.00,1.10,0.00,4.38,0.00,0.00,0.00,4.0,95830.0,95347.0,0.0,0.0,0.5,0.0,64.603,0.000,0.0,738572.5
2026-09-01T04:46:31,0.2,4915,1547350,1531289,0.3,0.00,0.63,0.00,2.53,0.00,0.00,0.00,4.0,95830.0,95347.0,0.0,0.0,0.5,0.0,64.582,0.000,0.0,738572.5
2026-09-01T04:46:35,0.2,4915,1547350,1531289,0.3,0.00,1.35,0.00,9.91,0.00,0.00,0.00,4.0,95830.0,95347.0,0.0,0.0,0.5,0.0,64.565,0.000,0.0,631702.5
2026-09-01T04:46:37,0.2,4915,1547350,1531289,0.3,0.00,0.72,0.00,2.88,0.00,1.00,0.00,4.0,95830.0,95347.0,0.0,0.0,0.5,0.0,64.584,0.000,0.0,616429.0
2026-09-01T04:46:44,0.2,4916,1547350,1531288,0.3,0.00,25.32,0.00,418.07,0.00,0.11,0.03,4.0,95830.0,95347.0,0.0,0.0,0.5,0.0,64.577,0.000,0.0,652511.5
2026-09-01T04:46:45,0.2,4916,1547350,1531288,0.3,0.00,0.87,0.00,3.49,0.00,0.00,0.00,4.0,95830.0,95347.0,0.0,0.0,0.5,0.0,64.596,0.000,0.0,650271.5
2026-09-01T04:46:47,0.2,4915,1547350,1531289,0.3,0.00,0.47,0.00,1.88,0.00,0.00,0.00,4.0,95830.0,95347.0,0.0,0.0,0.5,0.0,64.555,0.000,0.0,653010.5
2026-09-01T04:46:49,0.2,4915,1547350,1531289,0.3,0.00,0.59,0.00,2.36,0.00,1.00,0.00,4.0,95830.0,95347.0,0.0,0.0,0.5,0.0,64.602,0.000,0.0,676829.0
2026-09-01T04:46:50,0.2,4915,1547350,1531289,0.3,0.00,1.38,0.00,5.51,0.00,0.00,0.00,4.0,95830.0,95347.0,0.0,0.0,0.5,0.0,64.548,0.000,0.0,643853.5
2026-09-01T04:46:52,0.2,4915,1547350,1531288,0.3,0.00,0.55,0.00,2.21,0.00,0.00,0.00,4.0,95830.0,95347.0,0.0,0.0,0.5,0.0,64.590,0.000,0.0,643853.5
2026-09-01T04:46:52,0.2,4915,1547350,1531289,0.3,0.00,1.77,0.00,7.09,0.00,0.00,0.00,4.0,95830.0,95347.0,0.0,0.0,0.5,0.0,64.552,0.000,0.0,649876.5
2026-09-01T04:46:57,0.2,4915,1547350,1531289,0.3,0.00,0.23,0.00,0.92,0.00,0.00,0.00,4.0,95830.0,95347.0,0.0,0.0,0.5,0.0,64.525,0.000,0.0,652908.5
2026-09-01T04:46:58,0.2,4919,1547350,1531285,0.3,0.00,1.04,0.00,4.17,0.00,0.00,0.00,4.0,95830.0,95347.0,0.0,0.0,0.5,0.0,64.528,0.000,0.0,661248.5
2026-09-01T04:46:59,0.2,4918,1547350,1531285,0.3,0.00,0.72,0.00,2.87,0.00,0.00,0.00,4.0,95830.0,95347.0,0.0,0.0,0.5,0.0,64.501,0.000,0.0,680834.5
2026-09-01T04:47:01,0.3,4926,1547350,1531278,0.3,0.00,0.68,0.00,2.71,0.00,0.00,0.00,4.0,95830.0,95347.0,0.0,0.0,0.5,0.0,64.510,0.000,0.0,657893.0
2026-09-01T04:47:02,0.2,4926,1547350,1531278,0.3,0.00,0.70,0.00,2.79,0.00,0.00,0.00,4.0,95830.0,95347.0,0.0,0.0,0.5,0.0,64.569,0.000,0.0,671448.0
2026-09-01T04:47:03,0.2,4926,1547350,1531278,0.3,0.00,0.71,0.00,2.82,0.00,0.00,0.00,4.0,95830.0,95347.0,0.0,0.0,0.5,0.0,64.530,0.000,0.0,670797.5
2026-09-01T04:47:05,0.2,4925,1547350,1531279,0.3,0.00,0.80,0.00,3.18,0.00,0.00,0.00,4.0,95830.0,95347.0,0.0,0.0,0.5,0.0,64.540,0.000,0.0,733125.5
2026-09-01T04:47:06,0.2,4924,1547350,1531279,0.3,0.00,0.68,0.00,2.74,0.00,0.00,0.00,4.0,95830.0,95347.0,0.0,0.0,0.5,0.0,64.517,0.000,0.0,657858.0
2026-09-01T04:47:08,0.2,4925,1547350,1531279,0.3,0.00,0.55,0.00,2.20,0.00,0.00,0.00,4.0,95830.0,95347.0,0.0,0.0,0.5,0.0,64.514,0.000,0.0,653404.5
2026-09-01T04:47:10,0.2,4924,1547350,1531279,0.3,0.00,0.67,0.00,2.67,0.00,0.00,0.00,4.0,95830.0,95347.0,0.0,0.0,0.5,0.0,64.523,0.000,0.0,662344.0
2026-09-01T04:47:11,0.2,4920,1547350,1531283,0.3,0.00,20.53,0.00,159.08,0.00,0.12,0.00,4.0,95830.0,95347.0,0.0,0.0,0.5,0.0,64.486,0.000,0.0,648543.5
2026-09-01T04:47:13,0.2,4920,1547350,1531284,0.3,0.00,0.54,0.00,2.17,0.00,0.00,0.05,4.0,95830.0,95347.0,0.0,0.0,0.5,0.0,64.522,0.000,0.0,667657.0
2026-09-01T04:47:15,0.2,4920,1547350,1531284,0.3,0.00,1.24,0.00,4.94,0.00,0.00,0.00,4.0,95830.0,95347.0,0.0,0.0,0.5,0.0,64.474,0.000,0.0,664919.5
2026-09-01T04:47:16,0.2,4920,1547350,1531284,0.3,0.00,0.52,0.00,2.08,0.00,0.00,0.00,4.0,95830.0,95347.0,0.0,0.0,0.5,0.0,64.459,0.000,0.0,642784.5
2026-09-01T04:47:18,0.2,4920,1547350,1531284,0.3,0.00,0.59,0.00,2.36,0.00,0.00,0.00,4.0,95830.0,95347.0,0.0,0.0,0.5,0.0,64.447,0.000,0.0,671833.0
2026-09-01T04:47:20,0.2,4919,1547350,1531285,0.3,0.00,0.61,0.00,2.45,0.00,0.00,0.00,4.0,95830.0,95347.0,0.0,0.0,0.5,0.0,64.448,0.000,0.0,811035.0
2026-09-01T04:47:21,0.2,4919,1547350,1531285,0.3,0.00,0.85,0.00,3.38,0.00,0.00,0.00,4.0,95830.0,95347.0,0.0,0.0,0.5,0.0,64.447,0.000,0.0,671422.5
2026-09-01T04:47:22,0.2,4918,1547350,1531286,0.3,0.00,0.72,0.00,2.89,0.00,0.00,0.00,4.0,95830.0,95347.0,0.0,0.0,0.5,0.0,64.461,0.000,0.0,658001.0
2026-09-01T04:47:24,0.2,4919,1547350,1531285,0.3,0.00,0.60,0.00,2.40,0.00,0.00,0.00,4.0,95830.0,95347.0,0.0,0.0,0.5,0.0,64.447,0.000,0.0,666126.0
2026-09-01T04:47:26,0.2,4919,1547350,1531284,0.3,0.00,1.23,0.00,7.37,0.00,0.00,0.00,4.0,95830.0,95347.0,0.0,0.0,0.5,0.0,64.423,0.000,0.0,651176.5
2026-09-01T04:47:28,0.2,4921,1547350,1531283,0.3,0.00,0.49,0.00,1.97,0.00,0.00,0.00,4.0,95830.0,95347.0,0.0,0.0,0.5,0.0,64.430,0.000,0.0,644263.5
2026-09-01T04:47:29,0.2,4922,1547350,1531282,0.3,0.00,0.56,0.00,2.25,0.00,0.00,0.00,4.0,95830.0,95347.0,0.0,0.0,0.5,0.0,64.471,0.000,0.0,685461.5
2026-09-01T04:47:31,0.2,4922,1547350,1531282,0.3,0.00,1.66,0.00,6.63,0.00,0.00,0.00,4.0,95830.0,95347.0,0.0,0.0,0.5,0.0,64.433,0.000,0.0,658011.5
2026-09-01T04:47:32,0.2,4922,1547350,1531282,0.3,0.00,0.64,0.00,2.54,0.00,0.00,0.00,4.0,95830.0,95347.0,0.0,0.0,0.5,0.0,64.433,0.000,0.0,658011.5
2026-09-01T04:47:33,0.4,4921,1547350,1531282,0.3,0.00,1.32,0.00,5.30,0.00,1.00,0.00,4.0,95830.0,95347.0,0.0,0.0,0.5,0.0,64.434,0.000,0.0,695539.5
2026-09-01T04:47:35,0.2,4921,1547350,1531283,0.3,0.00,0.53,0.00,2.10,0.00,0.00,0.00,4.0,95830.0,95347.0,0.0,0.0,0.5,0.0,64.430,0.000,0.0,695539.5
2026-09-01T04:47:35,0.3,4922,1547350,1531282,0.3,0.00,10.89,0.00,43.57,0.00,0.00,0.00,4.0,95830.0,95347.0,0.0,0.0,0.5,0.0,64.422,0.000,0.0,704341.0
2026-09-01T04:47:37,0.2,4921,1547350,1531283,0.3,0.00,0.52,0.00,2.06,0.00,0.00,0.00,4.0,95830.0,95347.0,0.0,0.0,0.5,0.0,64.411,0.000,0.0,666340.0
2026-09-01T04:47:39,0.2,4922,1547350,1531282,0.3,0.00,0.68,0.00,2.72,0.00,0.00,0.00,4.0,95830.0,95347.0,0.0,0.0,0.5,0.0,64.430,0.000,0.0,688739.0
2026-09-01T04:47:40,0.2,4922,1547350,1531281,0.3,0.00,1.02,0.00,4.07,0.00,0.00,0.00,4.0,95830.0,95347.0,0.0,0.0,0.5,0.0,64.407,0.000,0.0,651887.5
2026-09-01T04:47:42,0.2,4923,1547350,1531281,0.3,0.00,2.46,0.00,27.59,0.00,0.00,0.00,4.0,95830.0,95347.0,0.0,0.0,0.5,0.0,64.382,0.000,0.0,650782.0
2026-09-01T04:47:44,0.2,4923,1547350,1531280,0.3,0.00,0.50,0.00,1.98,0.00,0.00,0.00,4.0,95830.0,95347.0,0.0,0.0,0.5,0.0,64.389,0.000,0.0,680146.0
2026-09-01T04:47:45,0.2,4923,1547350,1531280,0.3,0.00,1.65,0.00,6.61,0.00,0.00,0.00,4.0,95830.0,95347.0,0.0,0.0,0.5,0.0,64.374,0.000,0.0,664109.0
2026-09-01T04:47:46,0.2,4923,1547350,1531281,0.3,0.00,0.70,0.00,2.82,0.00,0.00,0.00,4.0,95830.0,95347.0,0.0,0.0,0.5,0.0,64.365,0.000,0.0,674265.0
2026-09-01T04:47:48,0.2,4923,1547350,1531281,0.3,0.00,0.50,0.00,2.00,0.00,0.00,0.00,4.0,95830.0,95347.0,0.0,0.0,0.5,0.0,64.406,0.000,0.0,664211.0
2026-09-01T04:47:50,0.2,4923,1547350,1531281,0.3,0.00,0.48,0.00,1.94,0.00,1.00,0.00,4.0,95830.0,95347.0,0.0,0.0,0.5,0.0,64.397,0.000,0.0,698257.5
2026-09-01T04:47:51,0.2,4922,1547350,1531281,0.3,0.00,1.07,0.00,4.29,0.00,0.00,0.00,4.0,95830.0,95347.0,0.0,0.0,0.5,0.0,64.418,0.000,0.0,718894.5
2026-09-01T04:47:53,0.2,4922,1547350,1531281,0.3,0.00,0.59,0.00,2.38,0.00,0.00,0.00,4.0,95830.0,95347.0,0.0,0.0,0.5,0.0,64.388,0.000,0.0,701706.5
2026-09-01T04:47:54,0.2,4922,1547350,1531282,0.3,0.00,0.94,0.00,3.75,0.00,0.00,0.00,4.0,95830.0,95347.0,0.0,0.0,0.5,0.0,64.379,0.000,0.0,661260.5
2026-09-01T04:47:56,0.2,4922,1547350,1531282,0.3,0.00,0.61,0.00,2.42,0.00,0.00,0.00,4.0,95830.0,95347.0,0.0,0.0,0.5,0.0,64.374,0.000,0.0,655727.0
2026-09-01T04:47:57,0.2,4922,1547350,1531282,0.3,0.00,0.66,0.00,2.63,0.00,0.00,0.00,4.0,95830.0,95347.0,0.0,0.0,0.5,0.0,64.385,0.000,0.0,655727.0
2026-09-01T04:47:58,0.2,4921,1547350,1531282,0.3,0.00,1.00,0.00,3.98,0.00,0.00,0.00,4.0,95830.0,95347.0,0.0,0.0,0.5,0.0,64.385,0.000,0.0,714000.5
2026-09-01T04:47:59,0.2,4922,1547350,1531282,0.3,0.00,1.18,0.00,4.72,0.00,0.00,0.00,4.0,95830.0,95347.0,0.0,0.0,0.5,0.0,64.377,0.000,0.0,663222.5
2026-09-01T04:48:01,0.2,4924,1547350,1531280,0.3,0.00,1.23,0.00,4.91,0.00,0.00,0.00,4.0,95830.0,95347.0,0.0,0.0,0.5,0.0,64.371,0.000,0.0,691358.5
2026-09-01T04:48:02,0.2,4924,1547350,1531280,0.3,0.00,0.91,0.00,3.65,0.00,0.00,0.00,4.0,95830.0,95347.0,0.0,0.0,0.5,0.0,64.371,0.000,0.0,682967.0
2026-09-01T04:48:03,0.2,4925,1547350,1531278,0.3,0.00,0.64,0.00,2.56,0.00,0.00,0.00,4.0,95830.0,95347.0,0.0,0.0,0.5,0.0,64.407,0.000,0.0,659028.0
2026-09-01T04:48:05,0.2,4925,1547350,1531278,0.3,0.00,0.57,0.00,2.27,0.00,0.00,0.00,4.0,95830.0,95347.0,0.0,0.0,0.5,0.0,64.374,0.000,0.0,661620.0
2026-09-01T04:48:07,0.2,4925,1547350,1531279,0.3,0.00,0.61,0.00,2.45,0.00,0.00,0.00,4.0,95830.0,95347.0,0.0,0.0,0.5,0.0,64.359,0.000,0.0,674151.5
2026-09-01T04:48:08,0.2,4924,1547350,1531279,0.3,0.00,0.83,0.00,3.32,0.00,0.00,0.00,4.0,95830.0,95347.0,0.0,0.0,0.5,0.0,64.389,0.000,0.0,650893.0
2026-09-01T04:48:10,0.2,4925,1547350,1531279,0.3,0.00,0.55,0.00,2.21,0.00,0.00,0.00,4.0,95830.0,95347.0,0.0,0.0,0.5,0.0,64.380,0.000,0.0,664235.0
2026-09-01T04:48:12,0.2,4920,1547350,1531284,0.3,0.00,1.24,0.00,18.00,0.00,0.00,0.00,4.0,95830.0,95347.0,0.0,0.0,0.5,0.0,64.376,0.000,0.0,661641.0
2026-09-01T04:48:13,0.2,4919,1547350,1531285,0.3,0.00,0.71,0.00,2.86,0.00,0.00,0.00,4.0,95830.0,95347.0,0.0,0.0,0.5,0.0,64.351,0.000,0.0,655629.5
2026-09-01T04:48:15,0.2,4919,1547350,1531285,0.3,0.00,0.55,0.00,2.22,0.00,1.00,0.00,4.0,95830.0,95347.0,0.0,0.0,0.5,0.0,64.352,0.000,0.0,653601.5
2026-09-01T04:48:16,0.2,4919,1547350,1531284,0.3,0.00,0.60,0.00,2.41,0.00,0.00,0.00,4.0,95830.0,95347.0,0.0,0.0,0.5,0.0,64.339,0.000,0.0,654388.5
2026-09-01T04:48:18,0.2,4919,1547350,1531285,0.3,0.00,0.54,0.00,2.18,0.00,0.00,0.00,4.0,95830.0,95347.0,0.0,0.0,0.5,0.0,64.362,0.000,0.0,651175.5
2026-09-01T04:48:20,0.2,4920,1547350,1531284,0.3,0.00,0.57,0.00,2.28,0.00,0.00,0.00,4.0,95830.0,95347.0,0.0,0.0,0.5,0.0,64.353,0.000,0.0,677636.0
2026-09-01T04:48:21,0.2,4919,1547350,1531284,0.3,0.00,0.97,0.00,3.89,0.00,0.00,0.00,4.0,95830.0,95347.0,0.0,0.0,0.5,0.0,64.363,0.000,0.0,677636.0
2026-09-01T04:48:21,0.2,4919,1547350,1531285,0.3,0.00,4.65,0.00,27.91,0.00,0.00,0.00,4.0,95830.0,95347.0,0.0,0.0,0.5,0.0,64.338,0.000,0.0,731098.0
2026-09-01T04:48:23,0.2,4919,1547350,1531285,0.3,0.00,0.56,0.00,2.25,0.00,0.00,0.00,4.0,95830.0,95347.0,0.0,0.0,0.5,0.0,64.364,0.000,0.0,643992.0
2026-09-01T04:48:25,0.2,4920,1547350,1531284,0.3,0.00,0.50,0.00,1.99,0.00,0.00,0.00,4.0,95830.0,95347.0,0.0,0.0,0.5,0.0,64.398,0.000,0.0,651152.0
2026-09-01T04:48:27,0.2,4919,1547350,1531284,0.3,0.00,0.54,0.00,2.18,0.00,0.00,0.00,4.0,95830.0,95347.0,0.0,0.0,0.5,0.0,64.361,0.000,0.0,662408.0
2026-09-01T04:48:28,0.2,4919,1547350,1531285,0.3,0.00,0.70,0.00,2.81,0.00,0.00,0.00,4.0,95830.0,95347.0,0.0,0.0,0.5,0.0,64.355,0.000,0.0,658671.5
2026-09-01T04:48:30,0.2,4919,1547350,1531285,0.3,0.00,0.56,0.00,2.26,0.00,0.00,0.00,4.0,95830.0,95347.0,0.0,0.0,0.5,0.0,64.367,0.000,0.0,650722.0
2026-09-01T04:48:32,0.2,4919,1547350,1531284,0.3,0.00,4.30,0.00,17.21,0.00,0.12,0.00,4.0,95830.0,95347.0,0.0,0.0,0.5,0.0,64.352,0.000,0.0,650722.0
2026-09-01T04:48:33,0.2,4919,1547350,1531284,0.3,0.00,1.03,0.00,4.11,0.00,0.00,0.00,4.0,95830.0,95347.0,0.0,0.0,0.5,0.0,64.359,0.000,0.0,727568.5
2026-09-01T04:48:34,0.2,4919,1547350,1531285,0.3,0.00,1.01,0.00,4.06,0.00,0.00,0.00,4.0,95830.0,95347.0,0.0,0.0,0.5,0.0,64.331,0.000,0.0,644325.5
2026-09-01T04:48:36,0.2,4919,1547350,1531285,0.3,0.00,0.50,0.00,1.99,0.00,0.00,0.00,4.0,95830.0,95347.0,0.0,0.0,0.5,0.0,64.341,0.000,0.0,682273.5
2026-09-01T04:48:37,0.2,4919,1547350,1531284,0.3,0.00,0.83,0.00,3.33,0.00,0.00,0.00,4.0,95830.0,95347.0,0.0,0.0,0.5,0.0,64.355,0.000,0.0,631583.5
2026-09-01T04:48:39,0.2,4921,1547350,1531283,0.3,0.00,0.48,0.00,1.92,0.00,0.00,0.00,4.0,95830.0,95347.0,0.0,0.0,0.5,0.0,64.304,0.000,0.0,663592.0
2026-09-01T04:48:41,0.2,4921,1547350,1531283,0.3,0.00,7.66,0.00,64.32,0.00,0.07,0.00,4.0,95830.0,95347.0,0.0,0.0,0.5,0.0,64.343,0.000,0.0,645976.0
2026-09-01T04:48:43,0.2,4920,1547350,1531283,0.3,0.00,0.49,0.00,1.97,0.00,0.00,0.00,4.0,95830.0,95347.0,0.0,0.0,0.5,0.0,64.332,0.000,0.0,690812.5
2026-09-01T04:48:44,0.2,4920,1547350,1531283,0.3,0.00,0.87,0.00,3.47,0.00,0.00,0.00,4.0,95830.0,95347.0,0.0,0.0,0.5,0.0,64.371,0.000,0.0,670000.5
2026-09-01T04:48:47,0.2,4921,1547350,1531283,0.3,0.00,0.48,0.00,1.93,0.00,0.00,0.00,4.0,95830.0,95347.0,0.0,0.0,0.5,0.0,64.329,0.000,0.0,675136.5
2026-09-01T04:48:48,0.2,4921,1547350,1531283,0.3,0.00,0.63,0.00,2.53,0.00,0.00,0.00,4.0,95830.0,95347.0,0.0,0.0,0.5,0.0,64.320,0.000,0.0,650357.5
2026-09-01T04:48:50,0.2,4921,1547350,1531283,0.3,0.00,0.59,0.00,2.35,0.00,0.00,0.00,4.0,95830.0,95347.0,0.0,0.0,0.5,0.0,64.346,0.000,0.0,652500.0
2026-09-01T04:48:52,0.2,4921,1547350,1531282,0.3,0.00,0.51,0.00,2.05,0.00,1.00,0.00,4.0,95830.0,95347.0,0.0,0.0,0.5,0.0,64.352,0.000,0.0,661655.0
2026-09-01T04:48:54,0.2,4922,1547350,1531282,0.3,0.00,0.54,0.00,2.14,0.00,0.00,0.00,4.0,95830.0,95347.0,0.0,0.0,0.5,0.0,64.331,0.000,0.0,669247.5
2026-09-01T04:48:55,0.2,4921,1547350,1531283,0.3,0.00,0.68,0.00,2.72,0.00,0.00,0.07,4.0,95830.0,95347.0,0.0,0.0,0.5,0.0,64.334,0.000,0.0,669247.5
2026-09-01T04:48:56,0.2,4921,1547350,1531282,0.3,0.00,1.37,0.00,5.46,0.00,0.00,0.00,4.0,95830.0,95347.0,0.0,0.0,0.5,0.0,64.315,0.000,0.0,699319.0
2026-09-01T04:48:57,0.2,4922,1547350,1531282,0.3,0.00,1.01,0.00,4.03,0.00,0.00,0.00,4.0,95830.0,95347.0,0.0,0.0,0.5,0.0,64.301,0.000,0.0,666117.0
2026-09-01T04:48:58,0.2,4922,1547350,1531282,0.3,0.00,0.68,0.00,2.70,0.00,0.00,0.00,4.0,95830.0,95347.0,0.0,0.0,0.5,0.0,64.308,0.000,0.0,679150.0
2026-09-01T04:49:00,0.2,4923,1547350,1531281,0.3,0.00,0.61,0.00,2.46,0.00,0.00,0.00,4.0,95830.0,95347.0,0.0,0.0,0.5,0.0,64.344,0.000,0.0,650159.0
2026-09-01T04:49:02,0.3,4925,1547350,1531279,0.3,0.00,0.61,0.00,2.43,0.00,0.00,0.00,4.0,95830.0,95347.0,0.0,0.0,0.5,0.0,64.355,0.000,0.0,691251.5
2026-09-01T04:49:02,0.2,4925,1547350,1531279,0.3,0.00,2.51,0.00,10.03,0.00,0.00,0.00,4.0,95830.0,95347.0,0.0,0.0,0.5,0.0,64.332,0.000,0.0,676175.0
2026-09-01T04:49:04,0.2,4925,1547350,1531279,0.3,0.00,0.85,0.00,3.41,0.00,0.00,0.00,4.0,95830.0,95347.0,0.0,0.0,0.5,0.0,64.298,0.000,0.0,695204.0
2026-09-01T04:49:05,0.2,4925,1547350,1531279,0.3,0.00,0.62,0.00,2.46,0.00,0.00,0.00,4.0,95830.0,95347.0,0.0,0.0,0.5,0.0,64.350,0.000,0.0,680877.5
2026-09-01T04:49:07,0.2,4925,1547350,1531279,0.3,0.00,0.64,0.00,2.58,0.00,0.00,0.00,4.0,95830.0,95347.0,0.0,0.0,0.5,0.0,64.310,0.000,0.0,682115.5
2026-09-01T04:49:09,0.1,4924,1547350,1531280,0.3,0.00,0.52,0.00,2.10,0.00,0.00,0.00,4.0,95830.0,95347.0,0.0,0.0,0.5,0.0,64.371,0.000,0.0,651947.5
2026-09-01T04:49:10,0.2,4920,1547350,1531284,0.3,0.00,0.56,0.00,2.23,0.00,0.00,0.00,4.0,95830.0,95347.0,0.0,0.0,0.5,0.0,64.312,0.000,0.0,668136.5
2026-09-01T04:49:12,0.2,4920,1547350,1531283,0.3,0.00,1.95,0.00,17.51,0.00,0.00,0.00,4.0,95830.0,95347.0,0.0,0.0,0.5,0.0,64.338,0.000,0.0,685343.5
2026-09-01T04:49:13,0.2,4921,1547350,1531283,0.3,0.00,0.77,0.00,3.08,0.00,0.00,0.00,4.0,95830.0,95347.0,0.0,0.0,0.5,0.0,64.339,0.000,0.0,658014.5
2026-09-01T04:49:15,0.2,4920,1547350,1531283,0.3,0.00,0.59,0.00,2.35,0.00,0.00,0.00,4.0,95830.0,95347.0,0.0,0.0,0.5,0.0,64.298,0.000,0.0,676975.0
2026-09-01T04:49:17,0.2,4920,1547350,1531284,0.3,0.00,0.60,0.00,2.39,0.00,0.00,0.00,4.0,95830.0,95347.0,0.0,0.0,0.5,0.0,64.302,0.000,0.0,655927.5
2026-09-01T04:49:18,0.2,4920,1547350,1531284,0.3,0.00,0.62,0.00,2.46,0.00,1.00,0.00,4.0,95830.0,95347.0,0.0,0.0,0.5,0.0,64.287,0.000,0.0,661282.5
2026-09-01T04:49:20,0.2,4920,1547350,1531284,0.3,0.00,0.73,0.00,2.91,0.00,0.00,0.00,4.0,95830.0,95347.0,0.0,0.0,0.5,0.0,64.296,0.000,0.0,667359.0
2026-09-01T04:49:21,0.2,4921,1547350,1531282,0.3,0.00,0.54,0.00,2.18,0.00,0.00,0.05,4.0,95830.0,95347.0,0.0,0.0,0.5,0.0,64.312,0.000,0.0,675521.0
2026-09-01T04:49:23,0.2,4921,1547350,1531283,0.3,0.00,0.83,0.00,3.32,0.00,0.00,0.00,4.0,95830.0,95347.0,0.0,0.0,0.5,0.0,64.312,0.000,0.0,675150.5
2026-09-01T04:49:24,0.2,4921,1547350,1531283,0.3,0.00,0.61,0.00,2.45,0.00,0.00,0.00,4.0,95830.0,95347.0,0.0,0.0,0.5,0.0,64.326,0.000,0.0,651485.5
2026-09-01T04:49:26,0.2,4920,1547350,1531284,0.3,0.00,0.50,0.00,1.98,0.00,0.00,0.00,4.0,95830.0,95347.0,0.0,0.0,0.5,0.0,64.303,0.000,0.0,663021.5
2026-09-01T04:49:28,0.2,4920,1547350,1531284,0.3,0.00,0.71,0.00,2.82,0.00,0.00,0.07,4.0,95830.0,95347.0,0.0,0.0,0.5,0.0,64.287,0.000,0.0,733979.5
2026-09-01T04:49:29,0.2,4921,1547350,1531283,0.3,0.00,1.00,0.00,3.98,0.00,0.00,0.00,4.0,95830.0,95347.0,0.0,0.0,0.5,0.0,64.281,0.000,0.0,650759.5
2026-09-01T04:49:31,0.2,4920,1547350,1531284,0.3,0.00,0.49,0.00,1.96,0.00,0.00,0.00,4.0,95830.0,95347.0,0.0,0.0,0.5,0.0,64.305,0.000,0.0,651341.0
2026-09-01T04:49:33,0.2,4920,1547350,1531284,0.3,0.00,5.06,0.00,20.24,0.00,0.11,0.00,4.0,95830.0,95347.0,0.0,0.0,0.5,0.0,64.311,0.000,0.0,652061.5
2026-09-01T04:49:35,0.2,4919,1547350,1531284,0.3,0.00,0.50,0.00,2.02,0.00,0.00,0.00,4.0,95830.0,95347.0,0.0,0.0,0.5,0.0,64.294,0.000,0.0,657921.0
2026-09-01T04:49:36,0.2,4919,1547350,1531285,0.3,0.00,0.74,0.00,2.95,0.00,0.00,0.00,4.0,95830.0,95347.0,0.0,0.0,0.5,0.0,64.286,0.000,0.0,652792.5
2026-09-01T04:49:38,0.2,4919,1547350,1531285,0.3,0.00,0.52,0.00,2.09,0.00,0.00,0.00,4.0,95830.0,95347.0,0.0,0.0,0.5,0.0,64.301,0.000,0.0,666066.5
2026-09-01T04:49:39,0.2,4919,1547350,1531285,0.3,0.00,0.80,0.00,3.18,0.00,0.00,0.00,4.0,95830.0,95347.0,0.0,0.0,0.5,0.0,64.280,0.000,0.0,648978.5
2026-09-01T04:49:41,0.2,4919,1547350,1531285,0.3,0.00,3.95,0.00,38.02,0.00,0.12,0.05,4.0,95830.0,95347.0,0.0,0.0,0.5,0.0,64.271,0.000,0.0,687888.0
2026-09-01T04:49:43,0.2,4918,1547350,1531286,0.3,0.00,1.00,0.00,4.02,0.00,0.00,0.00,4.0,95830.0,95347.0,0.0,0.0,0.5,0.0,64.269,0.000,0.0,651006.5
2026-09-01T04:49:45,0.2,4918,1547350,1531286,0.3,0.00,0.51,0.00,2.04,0.00,0.00,0.00,4.0,95830.0,95347.0,0.0,0.0,0.5,0.0,64.264,0.000,0.0,651578.0
2026-09-01T04:49:47,0.2,4917,1547350,1531286,0.3,0.00,0.61,0.00,2.46,0.00,0.00,0.00,4.0,95830.0,95347.0,0.0,0.0,0.5,0.0,64.235,0.000,0.0,690543.0
2026-09-01T04:49:48,0.2,4917,1547350,1531287,0.3,0.00,0.98,0.00,3.93,0.00,0.00,0.00,4.0,95830.0,95347.0,0.0,0.0,0.5,0.0,64.279,0.000,0.0,654714.5
2026-09-01T04:49:50,0.2,4917,1547350,1531287,0.3,0.00,0.50,0.00,2.01,0.00,0.00,0.00,4.0,95830.0,95347.0,0.0,0.0,0.5,0.0,64.272,0.000,0.0,646777.5
2026-09-01T04:49:52,0.2,4917,1547350,1531287,0.3,0.00,0.55,0.00,2.21,0.00,0.00,0.06,4.0,95830.0,95347.0,0.0,0.0,0.5,0.0,64.287,0.000,0.0,654058.0
2026-09-01T04:49:54,0.2,4916,1547350,1531287,0.3,0.00,0.50,0.00,1.99,0.00,0.00,0.00,4.0,95830.0,95347.0,0.0,0.0,0.5,0.0,64.308,0.000,0.0,651229.0
2026-09-01T04:49:55,0.2,4917,1547350,1531287,0.3,0.00,0.62,0.00,2.49,0.00,0.00,0.00,4.0,95830.0,95347.0,0.0,0.0,0.5,0.0,64.243,0.000,0.0,669002.0
2026-09-01T04:49:57,0.2,4916,1547350,1531288,0.3,0.00,0.59,0.00,2.35,0.00,0.00,0.00,4.0,95830.0,95347.0,0.0,0.0,0.5,0.0,64.305,0.000,0.0,662489.5
2026-09-01T04:49:59,0.2,4916,1547350,1531288,0.3,0.00,0.60,0.00,2.39,0.00,0.00,0.00,4.0,95830.0,95347.0,0.0,0.0,0.5,0.0,64.262,0.000,0.0,662490.0
2026-09-01T04:50:00,0.2,4916,1547350,1531288,0.3,0.00,0.65,0.00,2.61,0.00,0.00,0.00,4.0,95830.0,95347.0,0.0,0.0,0.5,0.0,64.287,0.000,0.0,650700.5
2026-09-01T04:50:02,0.2,4922,1547350,1531281,0.3,0.00,0.55,0.00,2.19,0.00,0.00,0.00,4.0,95830.0,95347.0,0.0,0.0,0.5,0.0,64.290,0.000,0.0,664350.0
2026-09-01T04:50:04,0.2,4922,1547350,1531281,0.3,0.00,0.60,0.00,2.38,0.00,0.00,0.00,4.0,95830.0,95347.0,0.0,0.0,0.5,0.0,64.270,0.000,0.0,658770.5
2026-09-01T04:50:05,0.2,4923,1547350,1531281,0.3,0.00,0.64,0.00,2.58,0.00,0.00,0.06,4.0,95830.0,95347.0,0.0,0.0,0.5,0.0,64.257,0.000,0.0,658770.5
2026-09-01T04:50:06,0.2,4923,1547350,1531281,0.3,0.00,1.55,0.00,6.18,0.00,0.00,0.00,4.0,95830.0,95347.0,0.0,0.0,0.5,0.0,64.262,0.000,0.0,724308.0
2026-09-01T04:50:07,0.2,4923,1547350,1531280,0.3,0.00,1.24,0.00,4.95,0.00,0.00,0.00,4.0,95830.0,95347.0,0.0,0.0,0.5,0.0,64.268,0.000,0.0,714431.5
2026-09-01T04:50:08,0.2,4923,1547350,1531281,0.3,0.00,0.63,0.00,2.54,0.00,0.00,0.00,4.0,95830.0,95347.0,0.0,0.0,0.5,0.0,64.251,0.000,0.0,668619.5
2026-09-01T04:50:10,0.2,4923,1547350,1531281,0.3,0.00,1.23,0.00,4.91,0.00,0.00,0.06,4.0,95830.0,95347.0,0.0,0.0,0.5,0.0,64.295,0.000,0.0,656205.0
2026-09-01T04:50:12,0.2,4919,1547350,1531284,0.3,0.00,1.64,0.00,13.14,0.00,0.33,0.00,4.0,95830.0,95347.0,0.0,0.0,0.5,0.0,64.258,0.000,0.0,651076.5
2026-09-01T04:50:13,0.2,4920,1547350,1531284,0.3,0.00,0.70,0.00,2.79,0.00,0.00,0.00,4.0,95830.0,95347.0,0.0,0.0,0.5,0.0,64.237,0.000,0.0,662154.0
2026-09-01T04:50:15,0.2,4920,1547350,1531284,0.3,0.00,0.53,0.00,2.12,0.00,0.00,0.05,4.0,95830.0,95347.0,0.0,0.0,0.5,0.0,64.269,0.000,0.0,634460.5
2026-09-01T04:50:17,0.2,4919,1547350,1531284,0.3,0.00,0.58,0.00,2.32,0.00,0.00,0.00,4.0,95830.0,95347.0,0.0,0.0,0.5,0.0,64.277,0.000,0.0,680360.0
2026-09-01T04:50:18,0.2,4919,1547350,1531284,0.3,0.00,0.96,0.00,3.83,0.00,0.00,0.00,4.0,95830.0,95347.0,0.0,0.0,0.5,0.0,64.259,0.000,0.0,682826.5
2026-09-01T04:50:19,0.2,4920,1547350,1531284,0.3,0.00,0.57,0.00,2.29,0.00,0.00,0.00,4.0,95830.0,95347.0,0.0,0.0,0.5,0.0,64.252,0.000,0.0,645571.5
2026-09-01T04:50:22,0.2,4919,1547350,1531284,0.3,0.00,0.46,0.00,1.86,0.00,0.00,0.05,4.0,95830.0,95347.0,0.0,0.0,0.5,0.0,64.257,0.000,0.0,654081.5
2026-09-01T04:50:23,0.2,4920,1547350,1531284,0.3,0.00,0.61,0.00,2.46,0.00,0.00,0.00,4.0,95830.0,95347.0,0.0,0.0,0.5,0.0,64.300,0.000,0.0,654037.5
2026-09-01T04:50:25,0.2,4919,1547350,1531285,0.3,0.00,0.51,0.00,2.03,0.00,0.00,0.05,4.0,95830.0,95347.0,0.0,0.0,0.5,0.0,64.284,0.000,0.0,645206.0
2026-09-01T04:50:27,0.2,4919,1547350,1531284,0.3,0.00,0.61,0.00,2.42,0.00,0.00,0.00,4.0,95830.0,95347.0,0.0,0.0,0.5,0.0,64.255,0.000,0.0,714428.5
2026-09-01T04:50:29,0.2,4920,1547350,1531284,0.3,0.00,0.50,0.00,2.01,0.00,0.00,0.00,4.0,95830.0,95347.0,0.0,0.0,0.5,0.0,64.264,0.000,0.0,647288.5
2026-09-01T04:50:30,0.2,4921,1547350,1531283,0.3,0.00,0.62,0.00,2.47,0.00,0.00,0.00,4.0,95830.0,95347.0,0.0,0.0,0.5,0.0,64.258,0.000,0.0,675674.5
2026-09-01T04:50:32,0.2,4920,1547350,1531283,0.3,0.00,0.49,0.00,1.95,0.00,0.00,0.00,4.0,95830.0,95347.0,0.0,0.0,0.5,0.0,64.267,0.000,0.0,664269.0
2026-09-01T04:50:34,0.2,4919,1547350,1531284,0.3,0.00,4.37,0.00,22.49,0.00,0.14,0.00,4.0,95830.0,95347.0,0.0,0.0,0.5,0.0,64.297,0.000,0.0,633842.0
2026-09-01T04:50:36,0.2,4919,1547350,1531284,0.3,0.00,0.50,0.00,1.99,0.00,0.00,0.00,4.0,95830.0,95347.0,0.0,0.0,0.5,0.0,64.284,0.000,0.0,678619.5
2026-09-01T04:50:37,0.2,4919,1547350,1531284,0.3,0.00,0.78,0.00,3.13,0.00,0.00,0.00,4.0,95830.0,95347.0,0.0,0.0,0.5,0.0,64.279,0.000,0.0,678619.5
2026-09-01T04:50:39,0.2,4919,1547350,1531284,0.3,0.00,0.87,0.00,3.47,0.00,0.00,0.09,4.0,95830.0,95347.0,0.0,0.0,0.5,0.0,64.271,0.000,0.0,721312.5
2026-09-01T04:50:39,0.2,4918,1547350,1531285,0.3,0.00,3.44,0.00,13.76,0.00,0.00,0.00,4.0,95830.0,95347.0,0.0,0.0,0.5,0.0,64.260,0.000,0.0,677246.5
2026-09-01T04:50:41,0.2,4919,1547350,1531285,0.3,0.00,0.86,0.00,3.45,0.00,0.00,0.00,4.0,95830.0,95347.0,0.0,0.0,0.5,0.0,64.279,0.000,0.0,653457.0
2026-09-01T04:50:43,0.2,4920,1547350,1531284,0.3,0.00,3.39,0.00,33.52,0.00,0.12,0.00,4.0,95830.0,95347.0,0.0,0.0,0.5,0.0,64.283,0.000,0.0,638917.5
2026-09-01T04:50:45,0.2,4919,1547350,1531285,0.3,0.00,0.99,0.00,3.96,0.00,0.00,0.00,4.0,95830.0,95347.0,0.0,0.0,0.5,0.0,64.254,0.000,0.0,651647.0
2026-09-01T04:50:47,0.2,4919,1547350,1531285,0.3,0.00,0.45,0.00,1.81,0.00,0.00,0.00,4.0,95830.0,95347.0,0.0,0.0,0.5,0.0,64.292,0.000,0.0,673657.0
2026-09-01T04:50:48,0.2,4918,1547350,1531285,0.3,0.00,0.79,0.00,3.16,0.00,0.00,0.00,4.0,95830.0,95347.0,0.0,0.0,0.5,0.0,64.241,0.000,0.0,690522.0
2026-09-01T04:50:49,0.2,4917,1547350,1531286,0.3,0.00,1.01,0.00,4.06,0.00,0.00,0.00,4.0,95830.0,95347.0,0.0,0.0,0.5,0.0,64.276,0.000,0.0,652759.0
2026-09-01T04:50:52,0.2,4917,1547350,1531287,0.3,0.00,0.44,0.00,1.76,0.00,0.00,0.00,4.0,95830.0,95347.0,0.0,0.0,0.5,0.0,64.254,0.000,0.0,671056.5
2026-09-01T04:50:53,0.2,4917,1547350,1531287,0.3,0.00,0.99,0.00,3.98,0.00,0.00,0.00,4.0,95830.0,95347.0,0.0,0.0,0.5,0.0,64.280,0.000,0.0,680226.5
2026-09-01T04:50:54,0.2,4918,1547350,1531286,0.3,0.00,0.73,0.00,2.90,0.00,0.00,0.00,4.0,95830.0,95347.0,0.0,0.0,0.5,0.0,64.316,0.000,0.0,637329.5
2026-09-01T04:50:56,0.2,4919,1547350,1531285,0.3,0.00,0.44,0.00,1.75,0.00,0.00,0.00,4.0,95830.0,95347.0,0.0,0.0,0.5,0.0,64.296,0.000,0.0,659128.0
2026-09-01T04:50:58,0.2,4919,1547350,1531285,0.3,0.00,0.74,0.00,2.94,0.00,0.00,0.00,4.0,95830.0,95347.0,0.0,0.0,0.5,0.0,64.272,0.000,0.0,679085.0
2026-09-01T04:50:59,0.2,4918,1547350,1531286,0.3,0.00,0.77,0.00,3.10,0.00,0.00,0.00,4.0,95830.0,95347.0,0.0,0.0,0.5,0.0,64.278,0.000,0.0,679085.0
2026-09-01T04:50:59,0.2,4918,1547350,1531285,0.3,0.00,2.36,0.00,9.46,0.00,0.00,0.00,4.0,95830.0,95347.0,0.0,0.0,0.5,0.0,64.280,0.000,0.0,707223.0
2026-09-01T04:51:01,0.3,4920,1547350,1531283,0.3,0.00,0.62,0.00,2.49,0.00,1.00,0.00,4.0,95830.0,95347.0,0.0,0.0,0.5,0.0,64.292,0.000,0.0,641463.0
2026-09-01T04:51:03,0.2,4920,1547350,1531284,0.3,0.00,0.61,0.00,2.44,0.00,0.00,0.00,4.0,95830.0,95347.0,0.0,0.0,0.5,0.0,64.256,0.000,0.0,695251.0
2026-09-01T04:51:04,0.2,4920,1547350,1531283,0.3,0.00,0.58,0.00,2.33,0.00,0.00,0.00,4.0,95830.0,95347.0,0.0,0.0,0.5,0.0,64.273,0.000,0.0,664557.0
2026-09-01T04:51:06,0.2,4921,1547350,1531283,0.3,0.00,0.60,0.00,2.39,0.00,0.00,0.00,4.0,95830.0,95347.0,0.0,0.0,0.5,0.0,64.239,0.000,0.0,684622.5
2026-09-01T04:51:07,0.2,4922,1547350,1531282,0.3,0.00,1.03,0.00,4.10,0.00,0.00,0.00,4.0,95830.0,95347.0,0.0,0.0,0.5,0.0,64.282,0.000,0.0,659123.0
2026-09-01T04:51:09,0.2,4921,1547350,1531282,0.3,0.00,0.56,0.00,2.24,0.00,0.00,0.00,4.0,95830.0,95347.0,0.0,0.0,0.5,0.0,64.272,0.000,0.0,690841.0
2026-09-01T04:51:10,0.2,4921,1547350,1531282,0.3,0.00,1.19,0.00,4.78,0.00,0.00,0.00,4.0,95830.0,95347.0,0.0,0.0,0.5,0.0,64.250,0.000,0.0,665902.0
2026-09-01T04:51:11,0.2,4919,1547350,1531285,0.3,0.00,1.25,0.00,5.00,0.00,0.00,0.00,4.0,95830.0,95347.0,0.0,0.0,0.5,0.0,64.275,0.000,0.0,658667.5
2026-09-01T04:51:13,0.2,4918,1547350,1531286,0.3,0.00,3.80,0.00,21.42,0.00,0.00,0.00,4.0,95830.0,95347.0,0.0,0.0,0.5,0.0,64.299,0.000,0.0,715326.5
2026-09-01T04:51:14,0.2,4919,1547350,1531285,0.3,0.00,1.30,0.00,5.18,0.00,0.00,0.00,4.0,95830.0,95347.0,0.0,0.0,0.5,0.0,64.261,0.000,0.0,649787.0
2026-09-01T04:51:16,0.2,4918,1547350,1531285,0.3,0.00,0.55,0.00,2.20,0.00,0.00,0.00,4.0,95830.0,95347.0,0.0,0.0,0.5,0.0,64.255,0.000,0.0,699402.0
2026-09-01T04:51:17,0.2,4918,1547350,1531285,0.3,0.00,0.70,0.00,2.82,0.00,0.00,0.07,4.0,95830.0,95347.0,0.0,0.0,0.5,0.0,64.286,0.000,0.0,699402.0
2026-09-01T04:51:18,0.2,4918,1547350,1531286,0.3,0.00,0.77,0.00,3.10,0.00,0.00,0.00,4.0,95830.0,95347.0,0.0,0.0,0.5,0.0,64.248,0.000,0.0,656622.5
2026-09-01T04:51:20,0.2,4919,1547350,1531285,0.3,0.00,0.56,0.00,2.25,0.00,1.00,0.00,4.0,95830.0,95347.0,0.0,0.0,0.5,0.0,64.282,0.000,0.0,720000.5
2026-09-01T04:51:21,0.2,4919,1547350,1531285,0.3,0.00,0.83,0.00,3.32,0.00,0.00,0.00,4.0,95830.0,95347.0,0.0,0.0,0.5,0.0,64.288,0.000,0.0,648945.5
2026-09-01T04:51:23,0.2,4918,1547350,1531286,0.3,0.00,0.51,0.00,2.02,0.00,0.00,0.05,4.0,95830.0,95347.0,0.0,0.0,0.5,0.0,64.288,0.000,0.0,654362.5
2026-09-01T04:51:25,0.2,4918,1547350,1531286,0.3,0.00,0.50,0.00,2.00,0.00,0.00,0.00,4.0,95830.0,95347.0,0.0,0.0,0.5,0.0,64.279,0.000,0.0,642501.0
2026-09-01T04:51:27,0.2,4917,1547350,1531286,0.3,0.00,0.49,0.00,1.96,0.00,0.00,0.00,4.0,95830.0,95347.0,0.0,0.0,0.5,0.0,64.325,0.000,0.0,645820.5
2026-09-01T04:51:29,0.2,4917,1547350,1531286,0.3,0.00,0.69,0.00,2.75,0.00,0.00,0.00,4.0,95830.0,95347.0,0.0,0.0,0.5,0.0,64.283,0.000,0.0,668620.5
2026-09-01T04:51:31,0.2,4917,1547350,1531287,0.3,0.00,1.51,0.00,6.03,0.00,0.00,0.05,4.0,95830.0,95347.0,0.0,0.0,0.5,0.0,64.277,0.000,0.0,646484.0
2026-09-01T04:51:33,0.2,4917,1547350,1531286,0.3,0.00,0.49,0.00,1.97,0.00,0.00,0.00,4.0,95830.0,95347.0,0.0,0.0,0.5,0.0,64.276,0.000,0.0,653246.5
2026-09-01T04:51:35,0.2,4918,1547350,1531286,0.3,0.00,0.49,0.00,1.97,0.00,0.00,0.00,4.0,95830.0,95347.0,0.0,0.0,0.5,0.0,64.275,0.000,0.0,645914.5
2026-09-01T04:51:37,0.2,4918,1547350,1531286,0.3,0.00,2.71,0.00,10.83,0.00,0.00,0.05,4.0,95830.0,95347.0,0.0,0.0,0.5,0.0,64.275,0.000,0.0,645914.5
2026-09-01T04:51:37,0.2,4917,1547350,1531286,0.3,0.00,1.37,0.00,5.49,0.00,0.00,0.00,4.0,95830.0,95347.0,0.0,0.0,0.5,0.0,64.331,0.000,0.0,704804.0
2026-09-01T04:51:40,0.2,4917,1547350,1531287,0.3,0.00,0.44,0.00,1.74,0.00,0.00,0.00,4.0,95830.0,95347.0,0.0,0.0,0.5,0.0,64.292,0.000,0.0,686713.5
2026-09-01T04:51:41,0.2,4917,1547350,1531287,0.3,0.00,3.07,0.00,12.30,0.00,0.33,0.00,4.0,95830.0,95347.0,0.0,0.0,0.5,0.0,64.275,0.000,0.0,646113.5
2026-09-01T04:51:43,0.2,4916,1547350,1531287,0.3,0.00,4.57,0.00,43.38,0.00,0.00,0.05,4.0,95830.0,95347.0,0.0,0.0,0.5,0.0,64.262,0.000,0.0,643356.0
2026-09-01T04:51:45,0.2,4917,1547350,1531287,0.3,0.00,0.44,0.00,1.77,0.00,0.00,0.00,4.0,95830.0,95347.0,0.0,0.0,0.5,0.0,64.286,0.000,0.0,631845.5
2026-09-01T04:51:47,0.2,4916,1547350,1531287,0.3,0.00,0.99,0.00,3.96,0.00,0.00,0.00,4.0,95830.0,95347.0,0.0,0.0,0.5,0.0,64.273,0.000,0.0,661161.5
2026-09-01T04:51:49,0.2,4917,1547350,1531286,0.3,0.00,0.48,0.00,1.93,0.00,0.00,0.00,4.0,95830.0,95347.0,0.0,0.0,0.5,0.0,64.297,0.000,0.0,646696.5
2026-09-01T04:51:51,0.2,4917,1547350,1531286,0.3,0.00,0.51,0.00,2.03,0.00,0.00,0.00,4.0,95830.0,95347.0,0.0,0.0,0.5,0.0,64.297,0.000,0.0,665881.5
2026-09-01T04:51:53,0.2,4917,1547350,1531287,0.3,0.00,0.65,0.00,2.58,0.00,1.00,0.00,4.0,95830.0,95347.0,0.0,0.0,0.5,0.0,64.306,0.000,0.0,679581.5
2026-09-01T04:51:54,0.2,4917,1547350,1531286,0.3,0.00,0.85,0.00,3.41,0.00,0.00,0.00,4.0,95830.0,95347.0,0.0,0.0,0.5,0.0,64.300,0.000,0.0,679581.5
2026-09-01T04:51:55,0.2,4917,1547350,1531287,0.3,0.00,0.92,0.00,3.68,0.00,0.00,0.09,4.0,95830.0,95347.0,0.0,0.0,0.5,0.0,64.289,0.000,0.0,682022.0
2026-09-01T04:51:56,0.2,4917,1547350,1531287,0.3,0.00,1.00,0.00,3.99,0.00,0.00,0.00,4.0,95830.0,95347.0,0.0,0.0,0.5,0.0,64.272,0.000,0.0,722500.5
2026-09-01T04:51:57,0.2,4917,1547350,1531287,0.3,0.00,0.81,0.00,3.25,0.00,0.00,0.00,4.0,95830.0,95347.0,0.0,0.0,0.5,0.0,64.291,0.000,0.0,653353.0
2026-09-01T04:51:59,0.2,4917,1547350,1531287,0.3,0.00,0.69,0.00,2.74,0.00,0.00,0.00,4.0,95830.0,95347.0,0.0,0.0,0.5,0.0,64.307,0.000,0.0,653353.0
2026-09-01T04:51:59,0.2,4918,1547350,1531286,0.3,0.00,1.21,0.00,4.83,0.00,0.00,0.00,4.0,95830.0,95347.0,0.0,0.0,0.5,0.0,64.299,0.000,0.0,684548.5
2026-09-01T04:52:01,0.2,4917,1547350,1531287,0.3,0.00,0.74,0.00,2.94,0.00,0.00,0.00,4.0,95830.0,95347.0,0.0,0.0,0.5,0.0,64.285,0.000,0.0,684548.5
2026-09-01T04:52:01,0.4,4923,1547350,1531281,0.3,0.00,1.43,0.00,5.72,0.00,0.00,0.00,4.0,95830.0,95347.0,0.0,0.0,0.5,0.0,64.312,0.000,0.0,745955.0
2026-09-01T04:52:02,0.2,4923,1547350,1531281,0.3,0.00,1.32,0.00,5.30,0.00,0.00,0.00,4.0,95830.0,95347.0,0.0,0.0,0.5,0.0,64.326,0.000,0.0,658043.5
2026-09-01T04:52:04,0.2,4922,1547350,1531281,0.3,0.00,0.72,0.00,2.87,0.00,0.00,0.00,4.0,95830.0,95347.0,0.0,0.0,0.5,0.0,64.314,0.000,0.0,658043.5
2026-09-01T04:52:04,0.2,4924,1547350,1531280,0.3,0.00,1.19,0.00,4.75,0.00,0.00,0.00,4.0,95830.0,95347.0,0.0,0.0,0.5,0.0,64.315,0.000,0.0,706938.0
2026-09-01T04:52:06,0.2,4924,1547350,1531280,0.3,0.00,0.65,0.00,2.62,0.00,0.00,0.00,4.0,95830.0,95347.0,0.0,0.0,0.5,0.0,64.293,0.000,0.0,666178.0
2026-09-01T04:52:08,0.2,4923,1547350,1531280,0.3,0.00,0.62,0.00,2.50,0.00,0.00,0.00,4.0,95830.0,95347.0,0.0,0.0,0.5,0.0,64.295,0.000,0.0,665503.0
2026-09-01T04:52:09,0.2,4924,1547350,1531280,0.3,0.00,0.59,0.00,2.37,0.00,0.00,0.00,4.0,95830.0,95347.0,0.0,0.0,0.5,0.0,64.297,0.000,0.0,655980.5
2026-09-01T04:52:11,0.2,4919,1547350,1531285,0.3,0.00,0.63,0.00,2.53,0.00,0.00,0.00,4.0,95830.0,95347.0,0.0,0.0,0.5,0.0,64.312,0.000,0.0,665251.5
2026-09-01T04:52:12,0.2,4919,1547350,1531285,0.3,0.00,2.21,0.00,18.44,0.00,0.00,0.00,4.0,95830.0,95347.0,0.0,0.0,0.5,0.0,64.293,0.000,0.0,688060.0
2026-09-01T04:52:13,0.2,4919,1547350,1531285,0.3,0.00,0.78,0.00,3.13,0.00,1.00,0.00,4.0,95830.0,95347.0,0.0,0.0,0.5,0.0,64.341,0.000,0.0,656875.0
2026-09-01T04:52:15,0.2,4920,1547350,1531284,0.3,0.00,0.57,0.00,2.29,0.00,0.00,0.00,4.0,95830.0,95347.0,0.0,0.0,0.5,0.0,64.340,0.000,0.0,656875.0
2026-09-01T04:52:16,0.2,4919,1547350,1531284,0.3,0.00,2.83,0.00,11.32,0.00,0.00,0.00,4.0,95830.0,95347.0,0.0,0.0,0.5,0.0,64.296,0.000,0.0,658720.0
2026-09-01T04:52:19,0.1,4919,1547350,1531285,0.3,0.00,0.37,0.00,1.49,0.00,0.00,0.00,4.0,95830.0,95347.0,0.0,0.0,0.5,0.0,64.270,0.000,0.0,645387.5
2026-09-01T04:52:21,0.2,4920,1547350,1531284,0.3,0.00,0.52,0.00,2.08,0.00,0.00,0.00,4.0,95830.0,95347.0,0.0,0.0,0.5,0.0,64.317,0.000,0.0,659256.0
2026-09-01T04:52:22,0.2,4920,1547350,1531284,0.3,0.00,0.63,0.00,2.53,0.00,0.00,0.00,4.0,95830.0,95347.0,0.0,0.0,0.5,0.0,64.327,0.000,0.0,659256.0
2026-09-01T04:52:23,0.2,4920,1547350,1531284,0.3,0.00,1.28,0.00,5.12,0.00,0.00,0.00,4.0,95830.0,95347.0,0.0,0.0,0.5,0.0,64.337,0.000,0.0,679254.0
2026-09-01T04:52:25,0.2,4920,1547350,1531284,0.3,0.00,0.53,0.00,2.11,0.00,0.00,0.00,4.0,95830.0,95347.0,0.0,0.0,0.5,0.0,64.309,0.000,0.0,650218.0
2026-09-01T04:52:27,0.2,4919,1547350,1531285,0.3,0.00,0.56,0.00,2.23,0.00,0.00,0.00,4.0,95830.0,95347.0,0.0,0.0,0.5,0.0,64.306,0.000,0.0,657722.5
2026-09-01T04:52:28,0.2,4918,1547350,1531286,0.3,0.00,0.63,0.00,2.51,0.00,0.00,0.00,4.0,95830.0,95347.0,0.0,0.0,0.5,0.0,64.326,0.000,0.0,646594.0
2026-09-01T04:52:30,0.2,4918,1547350,1531286,0.3,0.00,0.55,0.00,2.22,0.00,0.00,0.00,4.0,95830.0,95347.0,0.0,0.0,0.5,0.0,64.281,0.000,0.0,646441.5
2026-09-01T04:52:32,0.2,4918,1547350,1531285,0.3,0.00,3.22,0.00,15.05,0.00,0.00,0.05,4.0,95830.0,95347.0,0.0,0.0,0.5,0.0,64.319,0.000,0.0,665873.5
2026-09-01T04:52:34,0.2,4919,1547350,1531285,0.3,0.00,0.57,0.00,2.27,0.00,0.00,0.00,4.0,95830.0,95347.0,0.0,0.0,0.5,0.0,64.297,0.000,0.0,665873.5
2026-09-01T04:52:34,0.2,4919,1547350,1531285,0.3,0.00,1.40,0.00,5.62,0.00,1.00,0.00,4.0,95830.0,95347.0,0.0,0.0,0.5,0.0,64.329,0.000,0.0,690737.5
2026-09-01T04:52:36,0.2,4918,1547350,1531285,0.3,0.00,0.73,0.00,2.91,0.00,0.00,0.00,4.0,95830.0,95347.0,0.0,0.0,0.5,0.0,64.317,0.000,0.0,701174.0
2026-09-01T04:52:37,0.1,4918,1547350,1531285,0.3,0.00,1.56,0.00,6.26,0.00,0.00,0.00,4.0,95830.0,95347.0,0.0,0.0,0.5,0.0,64.296,0.000,0.0,646076.5
2026-09-01T04:52:39,0.2,4919,1547350,1531285,0.3,0.00,0.49,0.00,1.97,0.00,0.00,0.00,4.0,95830.0,95347.0,0.0,0.0,0.5,0.0,64.314,0.000,0.0,655543.5
2026-09-01T04:52:41,0.2,4919,1547350,1531285,0.3,0.00,0.46,0.00,1.85,0.00,0.00,0.00,4.0,95830.0,95347.0,0.0,0.0,0.5,0.0,64.325,0.000,0.0,646370.5
2026-09-01T04:52:43,0.2,4918,1547350,1531285,0.3,0.00,4.76,0.00,35.41,0.00,0.00,0.00,4.0,95830.0,95347.0,0.0,0.0,0.5,0.0,64.335,0.000,0.0,808728.5
2026-09-01T04:52:44,0.2,4919,1547350,1531285,0.3,0.00,1.05,0.00,4.19,0.00,0.00,0.00,4.0,95830.0,95347.0,0.0,0.0,0.5,0.0,64.305,0.000,0.0,725860.0
2026-09-01T04:52:45,0.2,4918,1547350,1531286,0.3,0.00,0.87,0.00,3.49,0.00,1.00,0.00,4.0,95830.0,95347.0,0.0,0.0,0.5,0.0,64.299,0.000,0.0,728572.0
2026-09-01T04:52:47,0.2,4919,1547350,1531285,0.3,0.00,0.51,0.00,2.02,0.00,0.00,0.00,4.0,95830.0,95347.0,0.0,0.0,0.5,0.0,64.319,0.000,0.0,692114.5
2026-09-01T04:52:48,0.2,4919,1547350,1531285,0.3,0.00,2.44,0.00,14.63,0.00,0.00,0.00,4.0,95830.0,95347.0,0.0,0.0,0.5,0.0,64.338,0.000,0.0,652368.5
2026-09-01T04:52:50,0.2,4918,1547350,1531285,0.3,0.00,0.48,0.00,1.90,0.00,0.00,0.00,4.0,95830.0,95347.0,0.0,0.0,0.5,0.0,64.326,0.000,0.0,657523.0
2026-09-01T04:52:51,0.2,4918,1547350,1531286,0.3,0.00,0.75,0.00,2.98,0.00,0.00,0.00,4.0,95830.0,95347.0,0.0,0.0,0.5,0.0,64.346,0.000,0.0,690243.0
2026-09-01T04:52:53,0.2,4918,1547350,1531286,0.3,0.00,0.57,0.00,2.30,0.00,0.00,0.00,4.0,95830.0,95347.0,0.0,0.0,0.5,0.0,64.362,0.000,0.0,690243.0
2026-09-01T04:52:54,0.2,4918,1547350,1531286,0.3,0.00,1.62,0.00,6.47,0.00,0.00,0.00,4.0,95830.0,95347.0,0.0,0.0,0.5,0.0,64.327,0.000,0.0,747717.5
2026-09-01T04:52:55,0.2,4918,1547350,1531286,0.3,0.00,1.01,0.00,4.02,0.00,0.00,0.00,4.0,95830.0,95347.0,0.0,0.0,0.5,0.0,64.344,0.000,0.0,659410.5
2026-09-01T04:52:56,0.2,4918,1547350,1531286,0.3,0.00,0.69,0.00,2.76,0.00,0.00,0.00,4.0,95830.0,95347.0,0.0,0.0,0.5,0.0,64.324,0.000,0.0,648155.5
2026-09-01T04:52:58,0.2,4918,1547350,1531285,0.3,0.00,0.50,0.00,2.00,0.00,0.00,0.00,4.0,95830.0,95347.0,0.0,0.0,0.5,0.0,64.290,0.000,0.0,655943.0
2026-09-01T04:53:00,0.2,4920,1547350,1531284,0.3,0.00,0.58,0.00,2.32,0.00,0.00,0.00,4.0,95830.0,95347.0,0.0,0.0,0.5,0.0,64.316,0.000,0.0,656881.5
2026-09-01T04:53:01,0.3,4924,1547350,1531279,0.3,0.00,0.65,0.00,2.58,0.00,0.00,0.00,4.0,95830.0,95347.0,0.0,0.0,0.5,0.0,64.329,0.000,0.0,654577.5
2026-09-01T04:53:03,0.2,4925,1547350,1531279,0.3,0.00,0.63,0.00,2.51,0.00,0.00,0.00,4.0,95830.0,95347.0,0.0,0.0,0.5,0.0,64.333,0.000,0.0,654577.5
2026-09-01T04:53:04,0.2,4925,1547350,1531279,0.3,0.00,1.42,0.00,5.67,0.00,0.00,0.00,4.0,95830.0,95347.0,0.0,0.0,0.5,0.0,64.335,0.000,0.0,751026.5
2026-09-01T04:53:04,0.3,4924,1547350,1531279,0.3,0.00,2.40,0.00,9.59,0.00,0.00,0.00,4.0,95830.0,95347.0,0.0,0.0,0.5,0.0,64.358,0.000,0.0,751026.5
2026-09-01T04:53:05,0.2,4924,1547350,1531280,0.3,0.00,0.85,0.00,3.41,0.00,0.00,0.00,4.0,95830.0,95347.0,0.0,0.0,0.5,0.0,64.321,0.000,0.0,689857.0
2026-09-01T04:53:07,0.2,4922,1547350,1531281,0.3,0.00,0.87,0.00,3.50,0.00,0.00,0.00,4.0,95830.0,95347.0,0.0,0.0,0.5,0.0,64.343,0.000,0.0,645716.5
2026-09-01T04:53:08,0.2,4922,1547350,1531282,0.3,0.00,0.63,0.00,2.53,0.00,0.00,0.00,4.0,95830.0,95347.0,0.0,0.0,0.5,0.0,64.328,0.000,0.0,675865.0
2026-09-01T04:53:10,0.2,4923,1547350,1531281,0.3,0.00,0.58,0.00,2.33,0.00,1.00,0.00,4.0,95830.0,95347.0,0.0,0.0,0.5,0.0,64.319,0.000,0.0,663027.0
2026-09-01T04:53:11,0.2,4920,1547350,1531284,0.3,0.00,0.74,0.00,2.94,0.00,0.00,0.00,4.0,95830.0,95347.0,0.0,0.0,0.5,0.0,64.344,0.000,0.0,709661.0
2026-09-01T04:53:13,0.2,4919,1547350,1531285,0.3,0.00,1.83,0.00,16.78,0.00,0.00,0.00,4.0,95830.0,95347.0,0.0,0.0,0.5,0.0,64.353,0.000,0.0,657222.0
2026-09-01T04:53:14,0.2,4920,1547350,1531284,0.3,0.00,0.64,0.00,2.57,0.00,0.00,0.00,4.0,95830.0,95347.0,0.0,0.0,0.5,0.0,64.350,0.000,0.0,657527.5
2026-09-01T04:53:16,0.2,4920,1547350,1531284,0.3,0.00,0.60,0.00,2.41,0.00,0.00,0.06,4.0,95830.0,95347.0,0.0,0.0,0.5,0.0,64.309,0.000,0.0,658356.0
2026-09-01T04:53:18,0.2,4919,1547350,1531285,0.3,0.00,0.63,0.00,2.53,0.00,0.00,0.00,4.0,95830.0,95347.0,0.0,0.0,0.5,0.0,64.335,0.000,0.0,656744.5
2026-09-01T04:53:19,0.2,4919,1547350,1531285,0.3,0.00,1.22,0.00,4.87,0.00,0.00,0.00,4.0,95830.0,95347.0,0.0,0.0,0.5,0.0,64.356,0.000,0.0,660805.5
2026-09-01T04:53:21,0.2,4918,1547350,1531286,0.3,0.00,0.55,0.00,2.21,0.00,0.00,0.00,4.0,95830.0,95347.0,0.0,0.0,0.5,0.0,64.326,0.000,0.0,649178.0
2026-09-01T04:53:23,0.2,4919,1547350,1531284,0.3,0.00,0.64,0.00,2.54,0.00,0.00,0.00,4.0,95830.0,95347.0,0.0,0.0,0.5,0.0,64.335,0.000,0.0,655429.5
2026-09-01T04:53:24,0.2,4919,1547350,1531284,0.3,0.00,0.60,0.00,2.42,0.00,0.00,0.00,4.0,95830.0,95347.0,0.0,0.0,0.5,0.0,64.349,0.000,0.0,705124.5
2026-09-01T04:53:25,0.2,4919,1547350,1531285,0.3,0.00,1.20,0.00,4.82,0.00,0.00,0.00,4.0,95830.0,95347.0,0.0,0.0,0.5,0.0,64.365,0.000,0.0,659328.5
2026-09-01T04:53:27,0.2,4919,1547350,1531285,0.3,0.00,0.49,0.00,1.98,0.00,0.00,0.00,4.0,95830.0,95347.0,0.0,0.0,0.5,0.0,64.328,0.000,0.0,652804.0
2026-09-01T04:53:31,0.2,4920,1547350,1531284,0.3,0.00,0.26,0.00,1.02,0.00,0.00,0.00,4.0,95830.0,95347.0,0.0,0.0,0.5,0.0,64.352,0.000,0.0,631693.5
2026-09-01T04:53:33,0.2,4920,1547350,1531284,0.3,0.00,0.59,0.00,2.37,0.00,0.00,0.00,4.0,95830.0,95347.0,0.0,0.0,0.5,0.0,64.340,0.000,0.0,663027.5
2026-09-01T04:53:34,0.2,4920,1547350,1531284,0.3,0.00,3.73,0.00,17.42,0.00,0.17,0.00,4.0,95830.0,95347.0,0.0,0.0,0.5,0.0,64.365,0.000,0.0,659498.0
2026-09-01T04:53:36,0.2,4919,1547350,1531285,0.3,0.00,0.54,0.00,2.15,0.00,0.00,0.05,4.0,95830.0,95347.0,0.0,0.0,0.5,0.0,64.367,0.000,0.0,646111.0
2026-09-01T04:53:38,0.2,4920,1547350,1531284,0.3,0.00,1.10,0.00,6.63,0.00,0.00,0.00,4.0,95830.0,95347.0,0.0,0.0,0.5,0.0,64.352,0.000,0.0,650480.5
2026-09-01T04:53:40,0.2,4921,1547350,1531283,0.3,0.00,0.51,0.00,2.04,0.00,0.00,0.00,4.0,95830.0,95347.0,0.0,0.0,0.5,0.0,64.312,0.000,0.0,645331.0
2026-09-01T04:53:42,0.2,4921,1547350,1531283,0.3,0.00,0.49,0.00,1.95,0.00,0.00,0.00,4.0,95830.0,95347.0,0.0,0.0,0.5,0.0,64.346,0.000,0.0,633012.0
2026-09-01T04:53:44,0.2,4921,1547350,1531283,0.3,0.00,5.02,0.00,42.92,0.00,0.10,0.00,4.0,95830.0,95347.0,0.0,0.0,0.5,0.0,64.355,0.000,0.0,667627.0
2026-09-01T04:53:46,0.2,4921,1547350,1531283,0.3,0.00,0.49,0.00,1.95,0.00,0.00,0.00,4.0,95830.0,95347.0,0.0,0.0,0.5,0.0,64.344,0.000,0.0,663495.0
2026-09-01T04:53:48,0.2,4920,1547350,1531284,0.3,0.00,0.50,0.00,1.99,0.00,0.00,0.00,4.0,95830.0,95347.0,0.0,0.0,0.5,0.0,64.350,0.000,0.0,646237.5
2026-09-01T04:53:50,0.2,4921,1547350,1531283,0.3,0.00,1.02,0.00,6.10,0.00,0.00,0.00,4.0,95830.0,95347.0,0.0,0.0,0.5,0.0,64.371,0.000,0.0,646646.5
2026-09-01T04:53:52,0.2,4920,1547350,1531283,0.3,0.00,0.44,0.00,1.76,0.00,0.00,0.00,4.0,95830.0,95347.0,0.0,0.0,0.5,0.0,64.352,0.000,0.0,647666.0
2026-09-01T04:53:54,0.2,4921,1547350,1531283,0.3,0.00,0.50,0.00,2.00,0.00,0.00,0.00,4.0,95830.0,95347.0,0.0,0.0,0.5,0.0,64.358,0.000,0.0,646237.0
2026-09-01T04:53:56,0.2,4921,1547350,1531283,0.3,0.00,0.50,0.00,1.99,0.00,0.00,0.00,4.0,95830.0,95347.0,0.0,0.0,0.5,0.0,64.350,0.000,0.0,645847.0
2026-09-01T04:53:58,0.2,4921,1547350,1531283,0.3,0.00,0.49,0.00,1.97,0.00,0.00,0.00,4.0,95830.0,95347.0,0.0,0.0,0.5,0.0,64.340,0.000,0.0,659826.0
2026-09-01T04:54:00,0.2,4921,1547350,1531283,0.3,0.00,0.51,0.00,2.04,0.00,0.00,0.00,4.0,95830.0,95347.0,0.0,0.0,0.5,0.0,64.352,0.000,0.0,637766.5
2026-09-01T04:54:02,0.3,4927,1547350,1531277,0.3,0.00,0.65,0.00,2.59,0.00,0.00,0.00,4.0,95830.0,95347.0,0.0,0.0,0.5,0.0,64.338,0.000,0.0,719674.0
2026-09-01T04:54:03,0.2,4927,1547350,1531276,0.3,0.00,0.68,0.00,2.72,0.00,0.00,0.00,4.0,95830.0,95347.0,0.0,0.0,0.5,0.0,64.358,0.000,0.0,687391.5
2026-09-01T04:54:05,0.2,4928,1547350,1531276,0.3,0.00,0.67,0.00,2.67,0.00,0.00,0.00,4.0,95830.0,95347.0,0.0,0.0,0.5,0.0,64.368,0.000,0.0,661461.5
2026-09-01T04:54:06,0.2,4926,1547350,1531278,0.3,0.00,0.60,0.00,2.38,0.00,0.00,0.00,4.0,95830.0,95347.0,0.0,0.0,0.5,0.0,64.356,0.000,0.0,651320.0
2026-09-01T04:54:08,0.2,4927,1547350,1531276,0.3,0.00,0.61,0.00,2.43,0.00,0.00,0.00,4.0,95830.0,95347.0,0.0,0.0,0.5,0.0,64.341,0.000,0.0,670242.0
2026-09-01T04:54:10,0.2,4927,1547350,1531277,0.3,0.00,0.64,0.00,2.54,0.00,0.00,0.00,4.0,95830.0,95347.0,0.0,0.0,0.5,0.0,64.353,0.000,0.0,662693.0
2026-09-01T04:54:11,0.2,4921,1547350,1531283,0.3,0.00,0.61,0.00,2.43,0.00,0.00,0.00,4.0,95830.0,95347.0,0.0,0.0,0.5,0.0,64.350,0.000,0.0,670906.5
2026-09-01T04:54:13,0.2,4921,1547350,1531283,0.3,0.00,5.20,0.00,27.42,0.00,0.11,0.00,4.0,95830.0,95347.0,0.0,0.0,0.5,0.0,64.360,0.000,0.0,656548.0
2026-09-01T04:54:15,0.2,4921,1547350,1531283,0.3,0.00,0.61,0.00,2.42,0.00,0.00,0.00,4.0,95830.0,95347.0,0.0,0.0,0.5,0.0,64.353,0.000,0.0,663253.5
2026-09-01T04:54:16,0.2,4920,1547350,1531284,0.3,0.00,0.68,0.00,2.71,0.00,0.00,0.00,4.0,95830.0,95347.0,0.0,0.0,0.5,0.0,64.361,0.000,0.0,653354.5
2026-09-01T04:54:18,0.2,4921,1547350,1531283,0.3,0.00,0.57,0.00,2.29,0.00,0.00,0.00,4.0,95830.0,95347.0,0.0,0.0,0.5,0.0,64.359,0.000,0.0,681533.5
2026-09-01T04:54:20,0.2,4920,1547350,1531283,0.3,0.00,0.59,0.00,2.36,0.00,0.00,0.00,4.0,95830.0,95347.0,0.0,0.0,0.5,0.0,64.369,0.000,0.0,671825.0
2026-09-01T04:54:21,0.2,4921,1547350,1531282,0.3,0.00,0.64,0.00,2.57,0.00,0.00,0.00,4.0,95830.0,95347.0,0.0,0.0,0.5,0.0,64.363,0.000,0.0,650623.0
2026-09-01T04:54:23,0.2,4921,1547350,1531283,0.3,0.00,0.55,0.00,2.20,0.00,0.00,0.00,4.0,95830.0,95347.0,0.0,0.0,0.5,0.0,64.365,0.000,0.0,657228.0
2026-09-01T04:54:25,0.2,4921,1547350,1531283,0.3,0.00,1.20,0.00,4.81,0.00,0.00,0.00,4.0,95830.0,95347.0,0.0,0.0,0.5,0.0,64.384,0.000,0.0,657369.5
2026-09-01T04:54:26,0.2,4921,1547350,1531283,0.3,0.00,0.63,0.00,2.52,0.00,0.00,0.00,4.0,95830.0,95347.0,0.0,0.0,0.5,0.0,64.362,0.000,0.0,647791.0
2026-09-01T04:54:28,0.2,4920,1547350,1531284,0.3,0.00,0.50,0.00,2.01,0.00,0.00,0.00,4.0,95830.0,95347.0,0.0,0.0,0.5,0.0,64.364,0.000,0.0,711534.5
2026-09-01T04:54:30,0.2,4920,1547350,1531284,0.3,0.00,0.62,0.00,2.47,0.00,0.00,0.00,4.0,95830.0,95347.0,0.0,0.0,0.5,0.0,64.358,0.000,0.0,678780.0
2026-09-01T04:54:31,0.2,4920,1547350,1531284,0.3,0.00,0.62,0.00,2.48,0.00,0.00,0.00,4.0,95830.0,95347.0,0.0,0.0,0.5,0.0,64.356,0.000,0.0,683003.0
2026-09-01T04:54:34,0.2,4920,1547350,1531284,0.3,0.00,0.49,0.00,1.97,0.00,1.00,0.00,4.0,95830.0,95347.0,0.0,0.0,0.5,0.0,64.354,0.000,0.0,652351.5
2026-09-01T04:54:35,0.2,4919,1547350,1531284,0.3,0.00,3.42,0.00,13.68,0.00,0.00,0.00,4.0,95830.0,95347.0,0.0,0.0,0.5,0.0,64.368,0.000,0.0,697567.5
2026-09-01T04:54:37,0.2,4920,1547350,1531284,0.3,0.00,0.53,0.00,2.13,0.00,0.00,0.00,4.0,95830.0,95347.0,0.0,0.0,0.5,0.0,64.355,0.000,0.0,646633.5
2026-09-01T04:54:39,0.2,4920,1547350,1531284,0.3,0.00,0.50,0.00,2.01,0.00,0.00,0.00,4.0,95830.0,95347.0,0.0,0.0,0.5,0.0,64.355,0.000,0.0,646108.0
2026-09-01T04:54:41,0.2,4921,1547350,1531283,0.3,0.00,1.05,0.00,4.19,0.00,0.00,0.00,4.0,95830.0,95347.0,0.0,0.0,0.5,0.0,64.365,0.000,0.0,651067.0
2026-09-01T04:54:43,0.2,4919,1547350,1531284,0.3,0.00,0.55,0.00,2.19,0.00,0.00,0.00,4.0,95830.0,95347.0,0.0,0.0,0.5,0.0,64.365,0.000,0.0,646234.5
2026-09-01T04:54:45,0.2,4919,1547350,1531284,0.3,0.00,4.69,0.00,42.23,0.00,0.11,0.00,4.0,95830.0,95347.0,0.0,0.0,0.5,0.0,64.375,0.000,0.0,632084.5
2026-09-01T04:54:47,0.2,4920,1547350,1531284,0.3,0.00,0.49,0.00,1.97,0.00,0.00,0.00,4.0,95830.0,95347.0,0.0,0.0,0.5,0.0,64.362,0.000,0.0,679303.0
2026-09-01T04:54:49,0.2,4919,1547350,1531285,0.3,0.00,0.50,0.00,1.99,0.00,0.00,0.00,4.0,95830.0,95347.0,0.0,0.0,0.5,0.0,64.400,0.000,0.0,689522.0
2026-09-01T04:54:51,0.2,4920,1547350,1531284,0.3,0.00,0.50,0.00,2.02,0.00,0.00,0.00,4.0,95830.0,95347.0,0.0,0.0,0.5,0.0,64.364,0.000,0.0,664500.0
2026-09-01T04:54:53,0.2,4919,1547350,1531285,0.3,0.00,0.47,0.00,1.87,0.00,0.00,0.00,4.0,95830.0,95347.0,0.0,0.0,0.5,0.0,64.358,0.000,0.0,647520.5
2026-09-01T04:54:55,0.2,4920,1547350,1531284,0.3,0.00,1.02,0.00,6.13,0.00,0.00,0.00,4.0,95830.0,95347.0,0.0,0.0,0.5,0.0,64.346,0.000,0.0,652335.0
2026-09-01T04:54:57,0.2,4919,1547350,1531284,0.3,0.00,0.50,0.00,1.99,0.00,0.00,0.00,4.0,95830.0,95347.0,0.0,0.0,0.5,0.0,64.358,0.000,0.0,646371.5
2026-09-01T04:54:59,0.2,4919,1547350,1531284,0.3,0.00,0.50,0.00,2.01,0.00,0.00,0.00,4.0,95830.0,95347.0,0.0,0.0,0.5,0.0,64.347,0.000,0.0,667114.0
2026-09-01T04:55:01,0.2,4925,1547350,1531279,0.3,0.00,0.50,0.00,2.00,0.00,0.00,0.00,4.0,95830.0,95347.0,0.0,0.0,0.5,0.0,64.358,0.000,0.0,653214.5
2026-09-01T04:55:03,0.2,4926,1547350,1531278,0.3,0.00,0.60,0.00,2.39,0.00,0.00,0.00,4.0,95830.0,95347.0,0.0,0.0,0.5,0.0,64.344,0.000,0.0,656169.5
2026-09-01T04:55:04,0.2,4926,1547350,1531278,0.3,0.00,0.55,0.00,2.19,0.00,0.00,0.00,4.0,95830.0,95347.0,0.0,0.0,0.5,0.0,64.371,0.000,0.0,657794.5
2026-09-01T04:55:06,0.2,4926,1547350,1531278,0.3,0.00,0.66,0.00,2.65,0.00,0.00,0.00,4.0,95830.0,95347.0,0.0,0.0,0.5,0.0,64.351,0.000,0.0,655917.5
2026-09-01T04:55:08,0.2,4926,1547350,1531278,0.3,0.00,0.59,0.00,2.35,0.00,0.00,0.00,4.0,95830.0,95347.0,0.0,0.0,0.5,0.0,64.337,0.000,0.0,659070.5
2026-09-01T04:55:09,0.2,4925,1547350,1531278,0.3,0.00,0.60,0.00,2.41,0.00,0.00,0.00,4.0,95830.0,95347.0,0.0,0.0,0.5,0.0,64.353,0.000,0.0,655892.5
2026-09-01T04:55:11,0.2,4923,1547350,1531280,0.3,0.00,0.64,0.00,2.57,0.00,0.00,0.06,4.0,95830.0,95347.0,0.0,0.0,0.5,0.0,64.341,0.000,0.0,661103.0
2026-09-01T04:55:12,0.2,4924,1547350,1531280,0.3,0.00,0.62,0.00,2.49,0.00,1.00,0.00,4.0,95830.0,95347.0,0.0,0.0,0.5,0.0,64.344,0.000,0.0,636999.5
2026-09-01T04:55:14,0.2,4923,1547350,1531281,0.3,0.00,1.86,0.00,14.88,0.00,0.00,0.06,4.0,95830.0,95347.0,0.0,0.0,0.5,0.0,64.340,0.000,0.0,676692.0
2026-09-01T04:55:16,0.2,4923,1547350,1531281,0.3,0.00,0.62,0.00,2.48,0.00,0.00,0.00,4.0,95830.0,95347.0,0.0,0.0,0.5,0.0,64.329,0.000,0.0,668305.5
2026-09-01T04:55:17,0.2,4922,1547350,1531281,0.3,0.00,0.60,0.00,2.39,0.00,0.00,0.00,4.0,95830.0,95347.0,0.0,0.0,0.5,0.0,64.324,0.000,0.0,659432.0
2026-09-01T04:55:19,0.2,4922,1547350,1531282,0.3,0.00,0.58,0.00,2.32,0.00,0.00,0.00,4.0,95830.0,95347.0,0.0,0.0,0.5,0.0,64.344,0.000,0.0,667960.0
2026-09-01T04:55:21,0.2,4921,1547350,1531282,0.3,0.00,0.60,0.00,2.41,0.00,0.00,0.00,4.0,95830.0,95347.0,0.0,0.0,0.5,0.0,64.326,0.000,0.0,660927.5
2026-09-01T04:55:22,0.2,4922,1547350,1531282,0.3,0.00,0.61,0.00,2.42,0.00,0.00,0.00,4.0,95830.0,95347.0,0.0,0.0,0.5,0.0,64.352,0.000,0.0,657015.0
2026-09-01T04:55:24,0.2,4921,1547350,1531282,0.3,0.00,0.62,0.00,2.47,0.00,0.00,0.00,4.0,95830.0,95347.0,0.0,0.0,0.5,0.0,64.323,0.000,0.0,654425.5
2026-09-01T04:55:26,0.2,4921,1547350,1531283,0.3,0.00,1.15,0.00,4.58,0.00,0.00,0.00,4.0,95830.0,95347.0,0.0,0.0,0.5,0.0,64.365,0.000,0.0,656860.5
2026-09-01T04:55:27,0.2,4921,1547350,1531283,0.3,0.00,0.60,0.00,2.40,0.00,0.00,0.00,4.0,95830.0,95347.0,0.0,0.0,0.5,0.0,64.338,0.000,0.0,651054.5
2026-09-01T04:55:29,0.2,4921,1547350,1531283,0.3,0.00,0.58,0.00,2.31,0.00,0.00,0.00,4.0,95830.0,95347.0,0.0,0.0,0.5,0.0,64.334,0.000,0.0,657379.5
2026-09-01T04:55:31,0.2,4921,1547350,1531283,0.3,0.00,3.66,0.00,17.06,0.00,0.17,0.00,4.0,95830.0,95347.0,0.0,0.0,0.5,0.0,64.332,0.000,0.0,659329.5
2026-09-01T04:55:32,0.2,4921,1547350,1531283,0.3,0.00,0.61,0.00,2.44,0.00,0.00,0.00,4.0,95830.0,95347.0,0.0,0.0,0.5,0.0,64.322,0.000,0.0,648715.5
2026-09-01T04:55:34,0.2,4921,1547350,1531283,0.3,0.00,0.49,0.00,1.96,0.00,0.00,0.00,4.0,95830.0,95347.0,0.0,0.0,0.5,0.0,64.314,0.000,0.0,674084.5
2026-09-01T04:55:36,0.2,4920,1547350,1531284,0.3,0.00,0.57,0.00,2.27,0.00,0.00,0.00,4.0,95830.0,95347.0,0.0,0.0,0.5,0.0,64.323,0.000,0.0,658086.5
2026-09-01T04:55:38,0.2,4920,1547350,1531283,0.3,0.00,0.55,0.00,2.20,0.00,0.00,0.00,4.0,95830.0,95347.0,0.0,0.0,0.5,0.0,64.326,0.000,0.0,646089.0
2026-09-01T04:55:40,0.2,4921,1547350,1531283,0.3,0.00,0.49,0.00,1.96,0.00,0.00,0.00,4.0,95830.0,95347.0,0.0,0.0,0.5,0.0,64.312,0.000,0.0,651165.0
2026-09-01T04:55:42,0.2,4921,1547350,1531283,0.3,0.00,1.48,0.00,5.91,0.00,0.00,0.00,4.0,95830.0,95347.0,0.0,0.0,0.5,0.0,64.324,0.000,0.0,646230.0
2026-09-01T04:55:45,0.2,4920,1547350,1531283,0.3,0.00,2.90,0.00,26.07,0.00,0.14,0.00,4.0,95830.0,95347.0,0.0,0.0,0.5,0.0,64.279,0.000,0.0,642696.5
2026-09-01T04:55:47,0.2,4921,1547350,1531283,0.3,0.00,0.51,0.00,2.04,0.00,0.00,0.00,4.0,95830.0,95347.0,0.0,0.0,0.5,0.0,64.319,0.000,0.0,696392.0
2026-09-01T04:55:49,0.2,4920,1547350,1531284,0.3,0.00,0.50,0.00,1.99,0.00,0.00,0.00,4.0,95830.0,95347.0,0.0,0.0,0.5,0.0,64.268,0.000,0.0,654073.5
2026-09-01T04:55:51,0.2,4920,1547350,1531284,0.3,0.00,0.49,0.00,1.98,0.00,0.00,0.00,4.0,95830.0,95347.0,0.0,0.0,0.5,0.0,64.301,0.000,0.0,646500.5
2026-09-01T04:55:53,0.2,4920,1547350,1531284,0.3,0.00,0.49,0.00,1.98,0.00,0.00,0.00,4.0,95830.0,95347.0,0.0,0.0,0.5,0.0,64.295,0.000,0.0,646614.5
2026-09-01T04:55:55,0.2,4920,1547350,1531283,0.3,0.00,0.49,0.00,1.96,0.00,0.00,0.00,4.0,95830.0,95347.0,0.0,0.0,0.5,0.0,64.285,0.000,0.0,647242.0
2026-09-01T04:55:57,0.2,4919,1547350,1531285,0.3,0.00,0.50,0.00,1.99,0.00,0.00,0.00,4.0,95830.0,95347.0,0.0,0.0,0.5,0.0,64.303,0.000,0.0,649330.0
2026-09-01T04:55:59,0.2,4920,1547350,1531284,0.3,0.00,0.51,0.00,2.04,0.00,0.00,0.00,4.0,95830.0,95347.0,0.0,0.0,0.5,0.0,64.270,0.000,0.0,641652.0
2026-09-01T04:56:01,0.2,4925,1547350,1531279,0.3,0.00,0.44,0.00,1.77,0.00,0.00,0.00,4.0,95830.0,95347.0,0.0,0.0,0.5,0.0,64.282,0.000,0.0,646734.0
2026-09-01T04:56:03,0.3,4925,1547350,1531279,0.3,0.00,0.98,0.00,5.90,0.00,0.00,0.00,4.0,95830.0,95347.0,0.0,0.0,0.5,0.0,64.298,0.000,0.0,655585.0
2026-09-01T04:56:04,0.2,4925,1547350,1531279,0.3,0.00,0.71,0.00,2.84,0.00,0.00,0.07,4.0,95830.0,95347.0,0.0,0.0,0.5,0.0,64.290,0.000,0.0,655409.5
2026-09-01T04:56:06,0.2,4925,1547350,1531279,0.3,0.00,0.59,0.00,2.34,0.00,0.00,0.00,4.0,95830.0,95347.0,0.0,0.0,0.5,0.0,64.293,0.000,0.0,659372.5
2026-09-01T04:56:08,0.2,4924,1547350,1531280,0.3,0.00,0.60,0.00,2.41,0.00,0.00,0.00,4.0,95830.0,95347.0,0.0,0.0,0.5,0.0,64.282,0.000,0.0,657027.0
2026-09-01T04:56:09,0.2,4923,1547350,1531280,0.3,0.00,0.65,0.00,2.59,0.00,0.00,0.00,4.0,95830.0,95347.0,0.0,0.0,0.5,0.0,64.279,0.000,0.0,668333.5
2026-09-01T04:56:11,0.2,4923,1547350,1531281,0.3,0.00,0.60,0.00,2.40,0.00,1.00,0.00,4.0,95830.0,95347.0,0.0,0.0,0.5,0.0,64.245,0.000,0.0,702840.0
2026-09-01T04:56:12,0.2,4921,1547350,1531283,0.3,0.00,0.64,0.00,2.57,0.00,0.00,0.00,4.0,95830.0,95347.0,0.0,0.0,0.5,0.0,64.228,0.000,0.0,657525.0
2026-09-01T04:56:14,0.2,4921,1547350,1531283,0.3,0.00,4.24,0.00,22.74,0.00,0.00,0.00,4.0,95830.0,95347.0,0.0,0.0,0.5,0.0,64.255,0.000,0.0,656206.0
2026-09-01T04:56:16,0.2,4921,1547350,1531282,0.3,0.00,0.59,0.00,2.36,0.00,0.00,0.00,4.0,95830.0,95347.0,0.0,0.0,0.5,0.0,64.270,0.000,0.0,660555.0
2026-09-01T04:56:17,0.2,4921,1547350,1531282,0.3,0.00,0.64,0.00,2.57,0.00,0.00,0.00,4.0,95830.0,95347.0,0.0,0.0,0.5,0.0,64.279,0.000,0.0,686353.0
2026-09-01T04:56:19,0.2,4922,1547350,1531282,0.3,0.00,0.62,0.00,2.47,0.00,0.00,0.00,4.0,95830.0,95347.0,0.0,0.0,0.5,0.0,64.249,0.000,0.0,656883.0
2026-09-01T04:56:21,0.2,4921,1547350,1531282,0.3,0.00,0.54,0.00,2.15,0.00,0.00,0.00,4.0,95830.0,95347.0,0.0,0.0,0.5,0.0,64.260,0.000,0.0,657720.0
2026-09-01T04:56:23,0.2,4920,1547350,1531284,0.3,0.00,0.56,0.00,2.25,0.00,0.00,0.00,4.0,95830.0,95347.0,0.0,0.0,0.5,0.0,64.276,0.000,0.0,654033.0
2026-09-01T04:56:24,0.2,4920,1547350,1531284,0.3,0.00,0.65,0.00,2.60,0.00,0.00,0.00,4.0,95830.0,95347.0,0.0,0.0,0.5,0.0,64.236,0.000,0.0,639276.0
2026-09-01T04:56:26,0.2,4920,1547350,1531284,0.3,0.00,0.54,0.00,2.14,0.00,0.00,0.00,4.0,95830.0,95347.0,0.0,0.0,0.5,0.0,64.222,0.000,0.0,668050.0
2026-09-01T04:56:28,0.2,4920,1547350,1531284,0.3,0.00,0.62,0.00,2.49,0.00,0.00,0.00,4.0,95830.0,95347.0,0.0,0.0,0.5,0.0,64.247,0.000,0.0,661985.5
2026-09-01T04:56:29,0.2,4921,1547350,1531283,0.3,0.00,0.63,0.00,2.51,0.00,0.00,0.00,4.0,95830.0,95347.0,0.0,0.0,0.5,0.0,64.237,0.000,0.0,661134.5
2026-09-01T04:56:31,0.2,4921,1547350,1531283,0.3,0.00,0.55,0.00,2.20,0.00,1.00,0.00,4.0,95830.0,95347.0,0.0,0.0,0.5,0.0,64.237,0.000,0.0,656582.5
2026-09-01T04:56:33,0.2,4921,1547350,1531283,0.3,0.00,3.66,0.00,14.65,0.00,0.00,0.00,4.0,95830.0,95347.0,0.0,0.0,0.5,0.0,64.219,0.000,0.0,657999.5
2026-09-01T04:56:34,0.2,4920,1547350,1531284,0.3,0.00,0.62,0.00,2.49,0.00,0.00,0.00,4.0,95830.0,95347.0,0.0,0.0,0.5,0.0,64.251,0.000,0.0,647658.0
2026-09-01T04:56:36,0.2,4919,1547350,1531284,0.3,0.00,0.51,0.00,2.03,0.00,0.00,0.00,4.0,95830.0,95347.0,0.0,0.0,0.5,0.0,64.272,0.000,0.0,663390.0
2026-09-01T04:56:38,0.2,4919,1547350,1531284,0.3,0.00,1.09,0.00,6.52,0.00,0.00,0.00,4.0,95830.0,95347.0,0.0,0.0,0.5,0.0,64.236,0.000,0.0,677423.5
2026-09-01T04:56:40,0.2,4919,1547350,1531285,0.3,0.00,0.55,0.00,2.22,0.00,0.00,0.00,4.0,95830.0,95347.0,0.0,0.0,0.5,0.0,64.197,0.000,0.0,668769.5
2026-09-01T04:56:42,0.2,4919,1547350,1531284,0.3,0.00,0.49,0.00,1.96,0.00,0.00,0.00,4.0,95830.0,95347.0,0.0,0.0,0.5,0.0,64.193,0.000,0.0,632216.5
2026-09-01T04:56:44,0.2,4919,1547350,1531285,0.3,0.00,4.54,0.00,34.06,0.00,0.11,0.00,4.0,95830.0,95347.0,0.0,0.0,0.5,0.0,64.225,0.000,0.0,656924.5
2026-09-01T04:56:46,0.2,4919,1547350,1531285,0.3,0.00,0.45,0.00,1.81,0.00,0.00,0.00,4.0,95830.0,95347.0,0.0,0.0,0.5,0.0,64.227,0.000,0.0,646361.5
2026-09-01T04:56:48,0.2,4917,1547350,1531286,0.3,0.00,0.49,0.00,1.97,0.00,0.00,0.00,4.0,95830.0,95347.0,0.0,0.0,0.5,0.0,64.206,0.000,0.0,645601.0
2026-09-01T04:56:50,0.2,4917,1547350,1531286,0.3,0.00,0.50,0.00,1.98,0.00,0.00,0.00,4.0,95830.0,95347.0,0.0,0.0,0.5,0.0,64.216,0.000,0.0,648327.5
2026-09-01T04:56:52,0.2,4917,1547350,1531287,0.3,0.00,0.49,0.00,1.98,0.00,0.00,0.00,4.0,95830.0,95347.0,0.0,0.0,0.5,0.0,64.231,0.000,0.0,652450.0
2026-09-01T04:56:54,0.2,4918,1547350,1531286,0.3,0.00,0.50,0.00,1.99,0.00,0.00,0.00,4.0,95830.0,95347.0,0.0,0.0,0.5,0.0,64.192,0.000,0.0,639284.5
2026-09-01T04:56:56,0.2,4919,1547350,1531285,0.3,0.00,0.45,0.00,1.81,0.00,0.00,0.00,4.0,95830.0,95347.0,0.0,0.0,0.5,0.0,64.213,0.000,0.0,645854.5
2026-09-01T04:56:58,0.2,4918,1547350,1531285,0.3,0.00,0.49,0.00,1.98,0.00,0.00,0.00,4.0,95830.0,95347.0,0.0,0.0,0.5,0.0,64.201,0.000,0.0,677300.5
2026-09-01T04:57:00,0.2,4923,1547350,1531281,0.3,0.00,0.49,0.00,1.95,0.00,0.00,0.00,4.0,95830.0,95347.0,0.0,0.0,0.5,0.0,64.189,0.000,0.0,654299.5
2026-09-01T04:57:03,0.2,4923,1547350,1531281,0.3,0.00,0.44,0.00,1.78,0.00,0.00,0.00,4.0,95830.0,95347.0,0.0,0.0,0.5,0.0,64.204,0.000,0.0,645585.0
2026-09-01T04:57:05,0.2,4924,1547350,1531280,0.3,0.00,0.52,0.00,2.07,0.00,0.00,0.00,4.0,95830.0,95347.0,0.0,0.0,0.5,0.0,64.211,0.000,0.0,653815.5
2026-09-01T04:57:06,0.2,4924,1547350,1531280,0.3,0.00,0.59,0.00,2.38,0.00,1.00,0.00,4.0,95830.0,95347.0,0.0,0.0,0.5,0.0,64.178,0.000,0.0,666465.0
2026-09-01T04:57:08,0.2,4924,1547350,1531279,0.3,0.00,0.73,0.00,2.93,0.00,0.00,0.00,4.0,95830.0,95347.0,0.0,0.0,0.5,0.0,64.160,0.000,0.0,657206.0
2026-09-01T04:57:09,0.2,4924,1547350,1531280,0.3,0.00,1.22,0.00,4.86,0.00,0.00,0.00,4.0,95830.0,95347.0,0.0,0.0,0.5,0.0,64.195,0.000,0.0,642444.0
2026-09-01T04:57:11,0.2,4921,1547350,1531283,0.3,0.00,0.56,0.00,2.24,0.00,0.00,0.00,4.0,95830.0,95347.0,0.0,0.0,0.5,0.0,64.205,0.000,0.0,674091.0
2026-09-01T04:57:13,0.2,4921,1547350,1531283,0.3,0.00,0.69,0.00,2.77,0.00,0.00,0.00,4.0,95830.0,95347.0,0.0,0.0,0.5,0.0,64.181,0.000,0.0,669401.5
2026-09-01T04:57:14,0.2,4921,1547350,1531282,0.3,0.00,1.18,0.00,12.14,0.00,0.00,0.00,4.0,95830.0,95347.0,0.0,0.0,0.5,0.0,64.188,0.000,0.0,667326.0
2026-09-01T04:57:16,0.2,4921,1547350,1531283,0.3,0.00,0.63,0.00,2.54,0.00,0.00,0.00,4.0,95830.0,95347.0,0.0,0.0,0.5,0.0,64.166,0.000,0.0,671022.5
2026-09-01T04:57:18,0.2,4920,1547350,1531284,0.3,0.00,0.56,0.00,2.26,0.00,0.00,0.00,4.0,95830.0,95347.0,0.0,0.0,0.5,0.0,64.178,0.000,0.0,660230.5
2026-09-01T04:57:19,0.2,4919,1547350,1531285,0.3,0.00,0.61,0.00,2.45,0.00,0.00,0.00,4.0,95830.0,95347.0,0.0,0.0,0.5,0.0,64.197,0.000,0.0,659658.0
2026-09-01T04:57:21,0.2,4920,1547350,1531284,0.3,0.00,0.62,0.00,2.49,0.00,0.00,0.00,4.0,95830.0,95347.0,0.0,0.0,0.5,0.0,64.189,0.000,0.0,653963.0
2026-09-01T04:57:23,0.2,4920,1547350,1531284,0.3,0.00,0.52,0.00,2.07,0.00,0.00,0.00,4.0,95830.0,95347.0,0.0,0.0,0.5,0.0,64.171,0.000,0.0,652476.0
2026-09-01T04:57:24,0.2,4920,1547350,1531284,0.3,0.00,0.59,0.00,2.36,0.00,0.00,0.00,4.0,95830.0,95347.0,0.0,0.0,0.5,0.0,64.169,0.000,0.0,724064.5
2026-09-01T04:57:26,0.2,4919,1547350,1531284,0.3,0.00,0.60,0.00,2.41,0.00,0.00,0.00,4.0,95830.0,95347.0,0.0,0.0,0.5,0.0,64.170,0.000,0.0,651586.0
2026-09-01T04:57:28,0.2,4919,1547350,1531284,0.3,0.00,0.56,0.00,2.25,0.00,0.00,0.00,4.0,95830.0,95347.0,0.0,0.0,0.5,0.0,64.174,0.000,0.0,659324.0
2026-09-01T04:57:30,0.2,4919,1547350,1531284,0.3,0.00,0.62,0.00,2.49,0.00,0.00,0.00,4.0,95830.0,95347.0,0.0,0.0,0.5,0.0,64.175,0.000,0.0,657246.0
2026-09-01T04:57:31,0.2,4919,1547350,1531285,0.3,0.00,0.61,0.00,2.44,0.00,0.00,0.00,4.0,95830.0,95347.0,0.0,0.0,0.5,0.0,64.177,0.000,0.0,650763.5
2026-09-01T04:57:33,0.2,4919,1547350,1531285,0.3,0.00,0.56,0.00,2.23,0.00,0.00,0.00,4.0,95830.0,95347.0,0.0,0.0,0.5,0.0,64.157,0.000,0.0,657077.0
2026-09-01T04:57:35,0.2,4919,1547350,1531285,0.3,0.00,3.74,0.00,17.45,0.00,0.17,0.00,4.0,95830.0,95347.0,0.0,0.0,0.5,0.0,64.166,0.000,0.0,656226.5
2026-09-01T04:57:36,0.2,4919,1547350,1531285,0.3,0.00,0.53,0.00,2.12,0.00,0.00,0.05,4.0,95830.0,95347.0,0.0,0.0,0.5,0.0,64.142,0.000,0.0,647388.0
2026-09-01T04:57:38,0.2,4918,1547350,1531285,0.3,0.00,0.56,0.00,2.25,0.00,0.00,0.00,4.0,95830.0,95347.0,0.0,0.0,0.5,0.0,64.156,0.000,0.0,653247.0
2026-09-01T04:57:40,0.2,4918,1547350,1531286,0.3,0.00,1.13,0.00,6.78,0.00,0.00,0.00,4.0,95830.0,95347.0,0.0,0.0,0.5,0.0,64.139,0.000,0.0,652353.0
2026-09-01T04:57:42,0.2,4918,1547350,1531286,0.3,0.00,0.54,0.00,2.15,0.00,0.00,0.00,4.0,95830.0,95347.0,0.0,0.0,0.5,0.0,64.123,0.000,0.0,643035.0
2026-09-01T04:57:44,0.2,4917,1547350,1531286,0.3,0.00,1.49,0.00,5.95,0.00,0.33,0.00,4.0,95830.0,95347.0,0.0,0.0,0.5,0.0,64.124,0.000,0.0,646328.5
2026-09-01T04:57:46,0.2,4918,1547350,1531286,0.3,0.00,3.95,0.00,30.86,0.00,0.00,0.05,4.0,95830.0,95347.0,0.0,0.0,0.5,0.0,64.150,0.000,0.0,648608.0
2026-09-01T04:57:48,0.2,4919,1547350,1531285,0.3,0.00,0.49,0.00,1.97,0.00,0.00,0.00,4.0,95830.0,95347.0,0.0,0.0,0.5,0.0,64.154,0.000,0.0,647409.5
2026-09-01T04:57:50,0.2,4918,1547350,1531285,0.3,0.00,0.50,0.00,2.01,0.00,0.00,0.00,4.0,95830.0,95347.0,0.0,0.0,0.5,0.0,64.142,0.000,0.0,645997.0
2026-09-01T04:57:52,0.2,4917,1547350,1531286,0.3,0.00,0.42,0.00,1.67,0.00,0.00,0.00,4.0,95830.0,95347.0,0.0,0.0,0.5,0.0,64.082,0.000,0.0,641208.5
2026-09-01T04:57:54,0.2,4917,1547350,1531287,0.3,0.00,0.50,0.00,2.00,0.00,0.00,0.00,4.0,95830.0,95347.0,0.0,0.0,0.5,0.0,64.090,0.000,0.0,632208.0
2026-09-01T04:57:56,0.2,4917,1547350,1531287,0.3,0.00,0.49,0.00,1.96,0.00,0.00,0.00,4.0,95830.0,95347.0,0.0,0.0,0.5,0.0,64.125,0.000,0.0,661410.5
2026-09-01T04:57:58,0.2,4917,1547350,1531287,0.3,0.00,0.50,0.00,1.99,0.00,0.00,0.00,4.0,95830.0,95347.0,0.0,0.0,0.5,0.0,64.099,0.000,0.0,645850.5
2026-09-01T04:58:00,0.2,4917,1547350,1531287,0.3,0.00,0.50,0.00,1.98,0.00,0.00,0.00,4.0,95830.0,95347.0,0.0,0.0,0.5,0.0,64.128,0.000,0.0,660382.5
2026-09-01T04:58:02,0.2,4921,1547350,1531282,0.3,0.00,0.49,0.00,1.98,0.00,0.00,0.05,4.0,95830.0,95347.0,0.0,0.0,0.5,0.0,64.114,0.000,0.0,645812.5
2026-09-01T04:58:04,0.2,4923,1547350,1531281,0.3,0.00,0.49,0.00,1.97,0.00,0.00,0.00,4.0,95830.0,95347.0,0.0,0.0,0.5,0.0,64.141,0.000,0.0,647658.5
2026-09-01T04:58:06,0.2,4923,1547350,1531281,0.3,0.00,0.52,0.00,2.07,0.00,1.00,0.00,4.0,95830.0,95347.0,0.0,0.0,0.5,0.0,64.141,0.000,0.0,658669.5
2026-09-01T04:58:08,0.2,4923,1547350,1531281,0.3,0.00,0.61,0.00,2.45,0.00,0.00,0.00,4.0,95830.0,95347.0,0.0,0.0,0.5,0.0,64.129,0.000,0.0,669242.5
2026-09-01T04:58:10,0.2,4922,1547350,1531282,0.3,0.00,1.27,0.00,5.08,0.00,0.00,0.00,4.0,95830.0,95347.0,0.0,0.0,0.5,0.0,64.089,0.000,0.0,654719.0
2026-09-01T04:58:11,0.2,4918,1547350,1531285,0.3,0.00,0.65,0.00,2.61,0.00,0.00,0.00,4.0,95830.0,95347.0,0.0,0.0,0.5,0.0,64.092,0.000,0.0,653046.0
2026-09-01T04:58:13,0.2,4919,1547350,1531285,0.3,0.00,0.55,0.00,2.20,0.00,0.00,0.00,4.0,95830.0,95347.0,0.0,0.0,0.5,0.0,64.143,0.000,0.0,667283.0
2026-09-01T04:58:15,0.2,4918,1547350,1531285,0.3,0.00,0.59,0.00,2.35,0.00,0.00,0.00,4.0,95830.0,95347.0,0.0,0.0,0.5,0.0,64.111,0.000,0.0,654955.5
2026-09-01T04:58:16,0.2,4918,1547350,1531285,0.3,0.00,1.95,0.00,17.54,0.00,0.00,0.00,4.0,95830.0,95347.0,0.0,0.0,0.5,0.0,64.098,0.000,0.0,683006.0
2026-09-01T04:58:18,0.2,4918,1547350,1531285,0.3,0.00,0.57,0.00,2.27,0.00,0.00,0.00,4.0,95830.0,95347.0,0.0,0.0,0.5,0.0,64.100,0.000,0.0,683178.0
2026-09-01T04:58:20,0.2,4918,1547350,1531286,0.3,0.00,0.57,0.00,2.29,0.00,0.00,0.00,4.0,95830.0,95347.0,0.0,0.0,0.5,0.0,64.079,0.000,0.0,657263.5
2026-09-01T04:58:21,0.2,4919,1547350,1531285,0.3,0.00,0.64,0.00,2.58,0.00,0.00,0.00,4.0,95830.0,95347.0,0.0,0.0,0.5,0.0,64.106,0.000,0.0,639345.0
2026-09-01T04:58:23,0.2,4917,1547350,1531287,0.3,0.00,0.54,0.00,2.17,0.00,0.00,0.00,4.0,95830.0,95347.0,0.0,0.0,0.5,0.0,64.097,0.000,0.0,667901.0
2026-09-01T04:58:25,0.2,4917,1547350,1531287,0.3,0.00,0.62,0.00,2.46,0.00,0.00,0.00,4.0,95830.0,95347.0,0.0,0.0,0.5,0.0,64.088,0.000,0.0,657054.5
2026-09-01T04:58:26,0.2,4917,1547350,1531286,0.3,0.00,0.64,0.00,2.54,0.00,0.00,0.00,4.0,95830.0,95347.0,0.0,0.0,0.5,0.0,64.091,0.000,0.0,658365.5
2026-09-01T04:58:28,0.2,4917,1547350,1531287,0.3,0.00,0.59,0.00,2.36,0.00,0.00,0.00,4.0,95830.0,95347.0,0.0,0.0,0.5,0.0,64.096,0.000,0.0,660013.5
2026-09-01T04:58:30,0.2,4918,1547350,1531286,0.3,0.00,0.56,0.00,2.24,0.00,0.00,0.00,4.0,95830.0,95347.0,0.0,0.0,0.5,0.0,64.102,0.000,0.0,680681.0
2026-09-01T04:58:31,0.2,4918,1547350,1531286,0.3,0.00,0.63,0.00,2.53,0.00,0.00,0.00,4.0,95830.0,95347.0,0.0,0.0,0.5,0.0,64.117,0.000,0.0,659492.5
2026-09-01T04:58:33,0.2,4918,1547350,1531286,0.3,0.00,0.56,0.00,2.25,0.00,1.00,0.00,4.0,95830.0,95347.0,0.0,0.0,0.5,0.0,64.061,0.000,0.0,651186.5
2026-09-01T04:58:35,0.2,4918,1547350,1531286,0.3,0.00,0.60,0.00,2.42,0.00,0.00,0.00,4.0,95830.0,95347.0,0.0,0.0,0.5,0.0,64.064,0.000,0.0,651480.5
2026-09-01T04:58:37,0.2,4918,1547350,1531286,0.3,0.00,3.30,0.00,13.20,0.00,0.00,0.00,4.0,95830.0,95347.0,0.0,0.0,0.5,0.0,64.071,0.000,0.0,649650.5
2026-09-01T04:58:38,0.2,4918,1547350,1531285,0.3,0.00,0.56,0.00,2.22,0.00,0.00,0.00,4.0,95830.0,95347.0,0.0,0.0,0.5,0.0,64.117,0.000,0.0,652011.5
2026-09-01T04:58:40,0.2,4919,1547350,1531285,0.3,0.00,0.55,0.00,2.18,0.00,0.00,0.00,4.0,95830.0,95347.0,0.0,0.0,0.5,0.0,64.085,0.000,0.0,654576.0
2026-09-01T04:58:42,0.2,4918,1547350,1531286,0.3,0.00,0.55,0.00,2.19,0.00,0.00,0.00,4.0,95830.0,95347.0,0.0,0.0,0.5,0.0,64.084,0.000,0.0,655275.0
2026-09-01T04:58:44,0.2,4918,1547350,1531285,0.3,0.00,0.50,0.00,1.98,0.00,0.00,0.00,4.0,95830.0,95347.0,0.0,0.0,0.5,0.0,64.120,0.000,0.0,648308.5
2026-09-01T04:58:46,0.2,4918,1547350,1531286,0.3,0.00,6.03,0.00,47.71,0.00,0.08,0.00,4.0,95830.0,95347.0,0.0,0.0,0.5,0.0,64.118,0.000,0.0,650926.5
2026-09-01T04:58:48,0.2,4919,1547350,1531285,0.3,0.00,0.50,0.00,1.99,0.00,0.00,0.00,4.0,95830.0,95347.0,0.0,0.0,0.5,0.0,64.103,0.000,0.0,643443.0
2026-09-01T04:58:50,0.2,4919,1547350,1531285,0.3,0.00,0.44,0.00,1.77,0.00,0.00,0.00,4.0,95830.0,95347.0,0.0,0.0,0.5,0.0,64.115,0.000,0.0,683835.5
2026-09-01T04:58:52,0.2,4918,1547350,1531286,0.3,0.00,0.50,0.00,1.99,0.00,0.00,0.00,4.0,95830.0,95347.0,0.0,0.0,0.5,0.0,64.090,0.000,0.0,646366.0
2026-09-01T04:58:54,0.2,4918,1547350,1531286,0.3,0.00,0.50,0.00,1.98,0.00,0.00,0.00,4.0,95830.0,95347.0,0.0,0.0,0.5,0.0,64.102,0.000,0.0,666339.5
2026-09-01T04:58:56,0.2,4918,1547350,1531286,0.3,0.00,0.50,0.00,1.99,0.00,0.00,0.00,4.0,95830.0,95347.0,0.0,0.0,0.5,0.0,64.098,0.000,0.0,646718.0
2026-09-01T04:58:58,0.2,4918,1547350,1531286,0.3,0.00,0.50,0.00,2.01,0.00,0.00,0.00,4.0,95830.0,95347.0,0.0,0.0,0.5,0.0,64.076,0.000,0.0,647668.5
2026-09-01T04:59:00,0.2,4917,1547350,1531286,0.3,0.00,0.48,0.00,1.94,0.00,1.00,0.00,4.0,95830.0,95347.0,0.0,0.0,0.5,0.0,64.127,0.000,0.0,673471.0
2026-09-01T04:59:02,0.2,4922,1547350,1531281,0.3,0.00,0.50,0.00,2.00,0.00,0.00,0.00,4.0,95830.0,95347.0,0.0,0.0,0.5,0.0,64.099,0.000,0.0,643528.5
2026-09-01T04:59:04,0.2,4922,1547350,1531281,0.3,0.00,0.48,0.00,1.91,0.00,0.00,0.05,4.0,95830.0,95347.0,0.0,0.0,0.5,0.0,64.126,0.000,0.0,649769.5
2026-09-01T04:59:06,0.2,4922,1547350,1531281,0.3,0.00,0.52,0.00,2.08,0.00,0.00,0.00,4.0,95830.0,95347.0,0.0,0.0,0.5,0.0,64.113,0.000,0.0,649777.0
2026-09-01T04:59:08,0.2,4922,1547350,1531281,0.3,0.00,0.55,0.00,2.18,0.00,0.00,0.00,4.0,95830.0,95347.0,0.0,0.0,0.5,0.0,64.123,0.000,0.0,649896.0
2026-09-01T04:59:10,0.2,4921,1547350,1531282,0.3,0.00,0.54,0.00,2.17,0.00,0.00,0.00,4.0,95830.0,95347.0,0.0,0.0,0.5,0.0,64.078,0.000,0.0,663243.0
2026-09-01T04:59:12,0.2,4919,1547350,1531284,0.3,0.00,0.68,0.00,2.73,0.00,0.00,0.00,4.0,95830.0,95347.0,0.0,0.0,0.5,0.0,64.123,0.000,0.0,667366.5
2026-09-01T04:59:13,0.2,4920,1547350,1531284,0.3,0.00,0.65,0.00,2.58,0.00,0.00,0.00,4.0,95830.0,95347.0,0.0,0.0,0.5,0.0,64.081,0.000,0.0,659384.5
2026-09-01T04:59:15,0.2,4920,1547350,1531284,0.3,0.00,0.60,0.00,2.41,0.00,0.00,0.00,4.0,95830.0,95347.0,0.0,0.0,0.5,0.0,64.112,0.000,0.0,658007.5
2026-09-01T04:59:16,0.2,4919,1547350,1531284,0.3,0.00,1.94,0.00,16.82,0.00,0.00,0.00,4.0,95830.0,95347.0,0.0,0.0,0.5,0.0,64.063,0.000,0.0,659311.0
2026-09-01T04:59:18,0.2,4919,1547350,1531285,0.3,0.00,0.60,0.00,2.41,0.00,0.00,0.00,4.0,95830.0,95347.0,0.0,0.0,0.5,0.0,64.151,0.000,0.0,652957.5
2026-09-01T04:59:20,0.2,4919,1547350,1531285,0.3,0.00,0.55,0.00,2.18,0.00,0.00,0.00,4.0,95830.0,95347.0,0.0,0.0,0.5,0.0,64.157,0.000,0.0,661808.5
2026-09-01T04:59:21,0.2,4920,1547350,1531284,0.3,0.00,0.79,0.00,3.17,0.00,0.00,0.00,4.0,95830.0,95347.0,0.0,0.0,0.5,0.0,64.121,0.000,0.0,684286.0
2026-09-01T04:59:23,0.2,4920,1547350,1531284,0.3,0.00,0.67,0.00,2.67,0.00,0.00,0.00,4.0,95830.0,95347.0,0.0,0.0,0.5,0.0,64.106,0.000,0.0,675220.0
2026-09-01T04:59:24,0.2,4920,1547350,1531284,0.3,0.00,0.68,0.00,2.73,0.00,0.00,0.00,4.0,95830.0,95347.0,0.0,0.0,0.5,0.0,64.132,0.000,0.0,700512.5
2026-09-01T04:59:26,0.2,4920,1547350,1531284,0.3,0.00,0.64,0.00,2.57,0.00,0.00,0.00,4.0,95830.0,95347.0,0.0,0.0,0.5,0.0,64.125,0.000,0.0,667907.0
2026-09-01T04:59:27,0.2,4920,1547350,1531284,0.3,0.00,0.61,0.00,2.42,0.00,0.00,0.00,4.0,95830.0,95347.0,0.0,0.0,0.5,0.0,64.140,0.000,0.0,657223.5
2026-09-01T04:59:29,0.2,4921,1547350,1531283,0.3,0.00,0.70,0.00,2.79,0.00,1.00,0.07,4.0,95830.0,95347.0,0.0,0.0,0.5,0.0,64.167,0.000,0.0,659183.5
2026-09-01T04:59:30,0.2,4921,1547350,1531283,0.3,0.00,0.56,0.00,2.23,0.00,0.00,0.00,4.0,95830.0,95347.0,0.0,0.0,0.5,0.0,64.133,0.000,0.0,657396.0
2026-09-01T04:59:32,0.2,4920,1547350,1531283,0.3,0.00,4.23,0.00,22.54,0.00,0.00,0.00,4.0,95830.0,95347.0,0.0,0.0,0.5,0.0,64.125,0.000,0.0,657372.5
2026-09-01T04:59:34,0.2,4921,1547350,1531283,0.3,0.00,0.55,0.00,2.21,0.00,0.00,0.00,4.0,95830.0,95347.0,0.0,0.0,0.5,0.0,64.136,0.000,0.0,656070.0
2026-09-01T04:59:35,0.2,4921,1547350,1531282,0.3,0.00,0.55,0.00,2.21,0.00,0.00,0.00,4.0,95830.0,95347.0,0.0,0.0,0.5,0.0,64.163,0.000,0.0,652661.5
2026-09-01T04:59:37,0.2,4921,1547350,1531282,0.3,0.00,0.56,0.00,2.22,0.00,0.00,0.00,4.0,95830.0,95347.0,0.0,0.0,0.5,0.0,64.154,0.000,0.0,660476.5
2026-09-01T04:59:39,0.2,4921,1547350,1531282,0.3,0.00,0.54,0.00,2.15,0.00,0.00,0.05,4.0,95830.0,95347.0,0.0,0.0,0.5,0.0,64.148,0.000,0.0,646122.0
2026-09-01T04:59:41,0.2,4921,1547350,1531283,0.3,0.00,0.49,0.00,1.97,0.00,0.00,0.00,4.0,95830.0,95347.0,0.0,0.0,0.5,0.0,64.130,0.000,0.0,679519.0
2026-09-01T04:59:42,0.2,4921,1547350,1531283,0.3,0.00,2.10,0.00,8.40,0.00,0.00,0.00,4.0,95830.0,95347.0,0.0,0.0,0.5,0.0,64.184,0.000,0.0,655800.5
2026-09-01T04:59:44,0.2,4923,1547350,1531281,0.3,0.00,0.48,0.00,1.92,0.00,1.00,0.00,4.0,95830.0,95347.0,0.0,0.0,0.5,0.0,64.139,0.000,0.0,647023.5
2026-09-01T04:59:46,0.2,4924,1547350,1531280,0.3,0.00,5.55,0.00,39.12,0.00,0.00,0.00,4.0,95830.0,95347.0,0.0,0.0,0.5,0.0,64.154,0.000,0.0,647023.5
2026-09-01T04:59:47,0.3,4923,1547350,1531281,0.3,0.00,2.28,0.00,9.13,0.00,0.00,0.00,4.0,95830.0,95347.0,0.0,0.0,0.5,0.0,64.177,0.000,0.0,688458.5
2026-09-01T04:59:48,0.2,4924,1547350,1531280,0.3,0.00,1.65,0.00,8.80,0.00,0.33,0.00,4.0,95830.0,95347.0,0.0,0.0,0.5,0.0,64.157,0.000,0.0,645996.0
2026-09-01T04:59:50,0.2,4924,1547350,1531280,0.3,0.00,0.51,0.00,2.02,0.00,0.00,0.00,4.0,95830.0,95347.0,0.0,0.0,0.5,0.0,64.180,0.000,0.0,650908.5
2026-09-01T04:59:52,0.2,4924,1547350,1531280,0.3,0.00,0.50,0.00,2.00,0.00,0.00,0.00,4.0,95830.0,95347.0,0.0,0.0,0.5,0.0,64.188,0.000,0.0,647391.0
2026-09-01T04:59:54,0.2,4923,1547350,1531280,0.3,0.00,0.49,0.00,1.96,0.00,0.00,0.00,4.0,95830.0,95347.0,0.0,0.0,0.5,0.0,64.186,0.000,0.0,646759.5
2026-09-01T04:59:57,0.2,4925,1547350,1531279,0.3,0.00,0.49,0.00,1.97,0.00,0.00,0.00,4.0,95830.0,95347.0,0.0,0.0,0.5,0.0,64.182,0.000,0.0,658183.0
2026-09-01T04:59:58,0.2,4925,1547350,1531279,0.3,0.00,0.64,0.00,2.57,0.00,0.00,0.00,4.0,95830.0,95347.0,0.0,0.0,0.5,0.0,64.167,0.000,0.0,660423.5
2026-09-01T05:00:00,0.2,4934,1547350,1531270,0.3,0.00,0.61,0.00,2.42,0.00,0.00,0.00,4.0,95830.0,95347.0,0.0,0.0,0.5,0.0,64.177,0.000,0.0,646560.5
2026-09-01T05:00:02,0.3,4934,1547350,1531270,0.3,0.00,0.54,0.00,2.16,0.00,0.00,0.00,4.0,95830.0,95347.0,0.0,0.0,0.5,0.0,64.182,0.000,0.0,673123.0
2026-09-01T05:00:03,0.2,4936,1547350,1531268,0.3,0.00,0.57,0.00,2.28,0.00,0.00,0.00,4.0,95830.0,95347.0,0.0,0.0,0.5,0.0,64.216,0.000,0.0,646370.0
2026-09-01T05:00:05,0.2,4936,1547350,1531268,0.3,0.00,0.46,0.00,1.84,0.00,0.00,0.00,4.0,95830.0,95347.0,0.0,0.0,0.5,0.0,64.201,0.000,0.0,661106.5
2026-09-01T05:00:07,0.2,4935,1547350,1531268,0.3,0.00,0.77,0.00,3.10,0.00,0.00,0.00,4.0,95830.0,95347.0,0.0,0.0,0.5,0.0,64.132,0.000,0.0,648210.5
2026-09-01T05:00:09,0.2,4937,1547350,1531267,0.3,0.00,0.50,0.00,1.98,0.00,0.00,0.00,4.0,95830.0,95347.0,0.0,0.0,0.5,0.0,64.196,0.000,0.0,659079.5
2026-09-01T05:00:10,0.2,4936,1547350,1531268,0.3,0.00,0.66,0.00,2.64,0.00,0.00,0.00,4.0,95830.0,95347.0,0.0,0.0,0.5,0.0,64.209,0.000,0.0,658646.5
2026-09-01T05:00:12,0.2,4937,1547350,1531267,0.3,0.00,0.67,0.00,2.68,0.00,0.00,0.00,4.0,95830.0,95347.0,0.0,0.0,0.5,0.0,64.168,0.000,0.0,659089.0
2026-09-01T05:00:13,0.2,4937,1547350,1531267,0.3,0.00,0.67,0.00,2.70,0.00,0.00,0.00,4.0,95830.0,95347.0,0.0,0.0,0.5,0.0,64.134,0.000,0.0,659089.0
2026-09-01T05:00:14,0.2,4937,1547350,1531267,0.3,0.00,1.23,0.00,4.93,0.00,0.00,0.00,4.0,95830.0,95347.0,0.0,0.0,0.5,0.0,64.227,0.000,0.0,726471.5
2026-09-01T05:00:15,0.2,4937,1547350,1531267,0.3,0.00,1.32,0.00,5.28,0.00,0.00,0.00,4.0,95830.0,95347.0,0.0,0.0,0.5,0.0,64.196,0.000,0.0,657706.0
2026-09-01T05:00:17,0.2,4937,1547350,1531267,0.3,0.00,4.25,0.00,23.98,0.00,0.14,0.00,4.0,95830.0,95347.0,0.0,0.0,0.5,0.0,64.183,0.000,0.0,664795.5
2026-09-01T05:00:18,0.2,4938,1547350,1531266,0.3,0.00,1.22,0.00,4.88,0.00,0.00,0.00,4.0,95830.0,95347.0,0.0,0.0,0.5,0.0,64.203,0.000,0.0,692155.0
2026-09-01T05:00:19,0.2,4938,1547350,1531266,0.3,0.00,1.02,0.00,4.06,0.00,0.00,0.00,4.0,95830.0,95347.0,0.0,0.0,0.5,0.0,64.218,0.000,0.0,692155.0
2026-09-01T05:00:20,0.3,4938,1547350,1531265,0.3,0.00,1.74,0.00,6.96,0.00,0.00,0.00,4.0,95830.0,95347.0,0.0,0.0,0.5,0.0,64.154,0.000,0.0,684217.0
2026-09-01T05:00:21,0.2,4938,1547350,1531266,0.3,0.00,0.61,0.00,2.45,0.00,0.00,0.00,4.0,95830.0,95347.0,0.0,0.0,0.5,0.0,64.188,0.000,0.0,679444.5
2026-09-01T05:00:23,0.2,4939,1547350,1531265,0.3,0.00,0.63,0.00,2.51,0.00,0.00,0.06,4.0,95830.0,95347.0,0.0,0.0,0.5,0.0,64.183,0.000,0.0,676824.5
2026-09-01T05:00:24,0.2,4939,1547350,1531265,0.3,0.00,0.99,0.00,3.95,0.00,0.00,0.00,4.0,95830.0,95347.0,0.0,0.0,0.5,0.0,64.216,0.000,0.0,674233.5
2026-09-01T05:00:26,0.2,4939,1547350,1531265,0.3,0.00,0.55,0.00,2.21,0.00,0.00,0.00,4.0,95830.0,95347.0,0.0,0.0,0.5,0.0,64.183,0.000,0.0,655215.0
2026-09-01T05:00:27,0.2,4939,1547350,1531264,0.3,0.00,0.68,0.00,2.72,0.00,0.00,0.00,4.0,95830.0,95347.0,0.0,0.0,0.5,0.0,64.224,0.000,0.0,732695.5
2026-09-01T05:00:28,0.2,4940,1547350,1531263,0.3,0.00,0.83,0.00,3.33,0.00,0.00,0.00,4.0,95830.0,95347.0,0.0,0.0,0.5,0.0,64.226,0.000,0.0,732695.5
2026-09-01T05:00:29,0.2,4940,1547350,1531264,0.3,0.00,1.24,0.00,4.98,0.00,0.00,0.00,4.0,95830.0,95347.0,0.0,0.0,0.5,0.0,64.208,0.000,0.0,702443.5
2026-09-01T05:00:30,0.2,4940,1547350,1531264,0.3,0.00,0.84,0.00,3.37,0.00,0.00,0.00,4.0,95830.0,95347.0,0.0,0.0,0.5,0.0,64.196,0.000,0.0,642058.0
2026-09-01T05:00:33,0.2,4941,1547350,1531263,0.3,0.00,0.45,0.00,1.81,0.00,0.00,0.00,4.0,95830.0,95347.0,0.0,0.0,0.5,0.0,64.209,0.000,0.0,661622.0
2026-09-01T05:00:34,0.2,4942,1547350,1531261,0.3,0.00,3.69,0.00,14.77,0.00,0.17,0.00,4.0,95830.0,95347.0,0.0,0.0,0.5,0.0,64.219,0.000,0.0,661622.0
2026-09-01T05:00:35,0.2,4943,1547350,1531261,0.3,0.00,1.59,0.00,6.35,0.00,0.00,0.16,4.0,95830.0,95347.0,0.0,0.0,0.5,0.0,64.209,0.000,0.0,685082.5
2026-09-01T05:00:36,0.2,4943,1547350,1531260,0.3,0.00,0.72,0.00,2.89,0.00,0.00,0.00,4.0,95830.0,95347.0,0.0,0.0,0.5,0.0,64.199,0.000,0.0,670653.0
2026-09-01T05:00:38,0.2,4944,1547350,1531260,0.3,0.00,0.80,0.00,3.20,0.00,0.00,0.00,4.0,95830.0,95347.0,0.0,0.0,0.5,0.0,64.223,0.000,0.0,658973.5
2026-09-01T05:00:39,0.2,4945,1547350,1531259,0.3,0.00,0.51,0.00,2.05,0.00,0.00,0.00,4.0,95830.0,95347.0,0.0,0.0,0.5,0.0,64.234,0.000,0.0,689843.0
2026-09-01T05:00:41,0.2,4946,1547350,1531258,0.3,0.00,0.55,0.00,2.18,0.00,0.00,0.00,4.0,95830.0,95347.0,0.0,0.0,0.5,0.0,64.254,0.000,0.0,697721.0
2026-09-01T05:00:43,0.2,4945,1547350,1531259,0.3,0.00,1.23,0.00,4.93,0.00,0.00,0.00,4.0,95830.0,95347.0,0.0,0.0,0.5,0.0,64.249,0.000,0.0,645992.0
2026-09-01T05:00:45,0.2,4946,1547350,1531258,0.3,0.00,0.49,0.00,1.96,0.00,0.00,0.00,4.0,95830.0,95347.0,0.0,0.0,0.5,0.0,64.227,0.000,0.0,631133.5
2026-09-01T05:00:47,0.2,4946,1547350,1531258,0.3,0.00,3.74,0.00,33.14,0.00,0.00,0.00,4.0,95830.0,95347.0,0.0,0.0,0.5,0.0,64.227,0.000,0.0,671469.0
2026-09-01T05:00:49,0.2,4946,1547350,1531257,0.3,0.00,1.04,0.00,4.17,0.00,0.50,0.00,4.0,95830.0,95347.0,0.0,0.0,0.5,0.0,64.223,0.000,0.0,654273.0
2026-09-01T05:00:51,0.2,4946,1547350,1531257,0.3,0.00,0.49,0.00,1.97,0.00,0.00,0.00,4.0,95830.0,95347.0,0.0,0.0,0.5,0.0,64.200,0.000,0.0,645461.5
2026-09-01T05:00:53,0.2,4948,1547350,1531256,0.3,0.00,0.50,0.00,2.00,0.00,0.00,0.00,4.0,95830.0,95347.0,0.0,0.0,0.5,0.0,64.214,0.000,0.0,647389.5
2026-09-01T05:00:55,0.2,4949,1547350,1531255,0.3,0.00,0.98,0.00,5.85,0.00,0.00,0.00,4.0,95830.0,95347.0,0.0,0.0,0.5,0.0,64.258,0.000,0.0,645443.0
2026-09-01T05:00:57,0.2,4949,1547350,1531255,0.3,0.00,0.49,0.00,1.96,0.00,0.00,0.00,4.0,95830.0,95347.0,0.0,0.0,0.5,0.0,64.252,0.000,0.0,675968.5
2026-09-01T05:00:58,0.2,4948,1547350,1531256,0.3,0.00,1.02,0.00,4.07,0.00,0.00,0.00,4.0,95830.0,95347.0,0.0,0.0,0.5,0.0,64.272,0.000,0.0,665528.5
2026-09-01T05:01:00,0.2,4949,1547350,1531255,0.3,0.00,0.50,0.00,2.00,0.00,0.00,0.00,4.0,95830.0,95347.0,0.0,0.0,0.5,0.0,64.246,0.000,0.0,643628.5
2026-09-01T05:01:02,0.2,4955,1547350,1531249,0.3,0.00,0.46,0.00,1.85,0.00,0.00,0.00,4.0,95830.0,95347.0,0.0,0.0,0.5,0.0,64.204,0.000,0.0,645109.0
2026-09-01T05:01:04,0.2,4955,1547350,1531249,0.3,0.00,0.49,0.00,1.95,0.00,0.00,0.00,4.0,95830.0,95347.0,0.0,0.0,0.5,0.0,64.242,0.000,0.0,647499.5
2026-09-01T05:01:06,0.2,4954,1547350,1531249,0.3,0.00,0.49,0.00,1.95,0.00,0.00,0.00,4.0,95830.0,95347.0,0.0,0.0,0.5,0.0,64.293,0.000,0.0,641710.0
2026-09-01T05:01:08,0.2,4954,1547350,1531250,0.3,0.00,0.43,0.00,1.70,0.00,0.00,0.00,4.0,95830.0,95347.0,0.0,0.0,0.5,0.0,64.270,0.000,0.0,668339.0
2026-09-01T05:01:10,0.2,4953,1547350,1531251,0.3,0.00,0.69,0.00,2.75,0.00,0.00,0.00,4.0,95830.0,95347.0,0.0,0.0,0.5,0.0,64.257,0.000,0.0,665514.0
2026-09-01T05:01:11,0.2,4954,1547350,1531249,0.3,0.00,0.66,0.00,2.66,0.00,0.00,0.00,4.0,95830.0,95347.0,0.0,0.0,0.5,0.0,64.215,0.000,0.0,700940.5
2026-09-01T05:01:12,0.2,4955,1547350,1531249,0.3,0.00,1.01,0.00,4.04,0.00,0.00,0.00,4.0,95830.0,95347.0,0.0,0.0,0.5,0.0,64.266,0.000,0.0,700940.5
2026-09-01T05:01:13,0.2,4955,1547350,1531248,0.3,0.00,1.26,0.00,5.03,0.00,0.00,0.00,4.0,95830.0,95347.0,0.0,0.0,0.5,0.0,64.290,0.000,0.0,680836.5
2026-09-01T05:01:15,0.2,4955,1547350,1531249,0.3,0.00,0.64,0.00,2.56,0.00,0.00,0.06,4.0,95830.0,95347.0,0.0,0.0,0.5,0.0,64.294,0.000,0.0,660936.0
2026-09-01T05:01:16,0.2,4956,1547350,1531248,0.3,0.00,1.19,0.00,13.73,0.00,0.50,0.00,4.0,95830.0,95347.0,0.0,0.0,0.5,0.0,64.311,0.000,0.0,654101.0
2026-09-01T05:01:18,0.2,4955,1547350,1531248,0.3,0.00,0.64,0.00,2.54,0.00,0.00,0.00,4.0,95830.0,95347.0,0.0,0.0,0.5,0.0,64.270,0.000,0.0,661787.5
2026-09-01T05:01:20,0.2,4957,1547350,1531247,0.3,0.00,0.61,0.00,2.45,0.00,0.00,0.00,4.0,95830.0,95347.0,0.0,0.0,0.5,0.0,64.273,0.000,0.0,660456.5
2026-09-01T05:01:21,0.2,4958,1547350,1531246,0.3,0.00,0.75,0.00,2.99,0.00,0.00,0.00,4.0,95830.0,95347.0,0.0,0.0,0.5,0.0,64.270,0.000,0.0,668299.5
2026-09-01T05:01:23,0.2,4958,1547350,1531246,0.3,0.00,0.53,0.00,2.11,0.00,0.00,0.00,4.0,95830.0,95347.0,0.0,0.0,0.5,0.0,64.271,0.000,0.0,681142.5
2026-09-01T05:01:25,0.2,4958,1547350,1531246,0.3,0.00,1.23,0.00,4.94,0.00,0.00,0.00,4.0,95830.0,95347.0,0.0,0.0,0.5,0.0,64.237,0.000,0.0,661354.0
2026-09-01T05:01:26,0.2,4958,1547350,1531246,0.3,0.00,0.67,0.00,2.68,0.00,0.00,0.00,4.0,95830.0,95347.0,0.0,0.0,0.5,0.0,64.270,0.000,0.0,661354.0
2026-09-01T05:01:27,0.2,4959,1547350,1531245,0.3,0.00,0.90,0.00,3.60,0.00,0.00,0.00,4.0,95830.0,95347.0,0.0,0.0,0.5,0.0,64.284,0.000,0.0,672548.0
2026-09-01T05:01:29,0.2,4960,1547350,1531244,0.3,0.00,0.62,0.00,2.47,0.00,0.00,0.00,4.0,95830.0,95347.0,0.0,0.0,0.5,0.0,64.282,0.000,0.0,659995.5
2026-09-01T05:01:30,0.2,4959,1547350,1531245,0.3,0.00,0.63,0.00,2.53,0.00,0.00,0.00,4.0,95830.0,95347.0,0.0,0.0,0.5,0.0,64.288,0.000,0.0,654731.0
2026-09-01T05:01:31,0.2,4959,1547350,1531245,0.3,0.00,0.96,0.00,3.85,0.00,0.00,0.00,4.0,95830.0,95347.0,0.0,0.0,0.5,0.0,64.290,0.000,0.0,676796.5
2026-09-01T05:01:33,0.2,4959,1547350,1531245,0.3,0.00,0.57,0.00,2.29,0.00,0.00,0.00,4.0,95830.0,95347.0,0.0,0.0,0.5,0.0,64.278,0.000,0.0,692113.5
2026-09-01T05:01:34,0.2,4959,1547350,1531245,0.3,0.00,5.46,0.00,25.48,0.00,0.17,0.00,4.0,95830.0,95347.0,0.0,0.0,0.5,0.0,64.312,0.000,0.0,651624.0
2026-09-01T05:01:36,0.2,4959,1547350,1531245,0.3,0.00,0.56,0.00,2.25,0.00,0.00,0.00,4.0,95830.0,95347.0,0.0,0.0,0.5,0.0,64.309,0.000,0.0,669187.5
2026-09-01T05:01:38,0.2,4959,1547350,1531245,0.3,0.00,0.50,0.00,2.02,0.00,0.00,0.00,4.0,95830.0,95347.0,0.0,0.0,0.5,0.0,64.320,0.000,0.0,656448.5
2026-09-01T05:01:40,0.2,4959,1547350,1531245,0.3,0.00,0.60,0.00,2.41,0.00,0.00,0.00,4.0,95830.0,95347.0,0.0,0.0,0.5,0.0,64.303,0.000,0.0,659316.5
2026-09-01T05:01:41,0.2,4961,1547350,1531243,0.3,0.00,0.63,0.00,2.50,0.00,0.00,0.00,4.0,95830.0,95347.0,0.0,0.0,0.5,0.0,64.294,0.000,0.0,641922.5
2026-09-01T05:01:44,0.3,4963,1547350,1531241,0.3,0.00,0.41,0.00,1.64,0.00,0.00,0.00,4.0,95830.0,95347.0,0.0,0.0,0.5,0.0,64.317,0.000,0.0,654276.5
2026-09-01T05:01:45,0.2,4964,1547350,1531240,0.3,0.00,1.27,0.00,5.08,0.00,0.00,0.00,4.0,95830.0,95347.0,0.0,0.0,0.5,0.0,64.335,0.000,0.0,677280.0
2026-09-01T05:01:47,0.2,4964,1547350,1531239,0.3,0.00,4.85,0.00,43.00,0.00,0.14,0.07,4.0,95830.0,95347.0,0.0,0.0,0.5,0.0,64.303,0.000,0.0,651680.0
2026-09-01T05:01:48,0.2,4965,1547350,1531238,0.3,0.00,0.56,0.00,2.22,0.00,0.00,0.00,4.0,95830.0,95347.0,0.0,0.0,0.5,0.0,64.322,0.000,0.0,653802.5
2026-09-01T05:01:50,0.2,4966,1547350,1531238,0.3,0.00,1.10,0.00,4.40,0.00,0.00,0.00,4.0,95830.0,95347.0,0.0,0.0,0.5,0.0,64.284,0.000,0.0,644100.5
2026-09-01T05:01:52,0.2,4966,1547350,1531237,0.3,0.00,0.49,0.00,1.95,0.00,0.00,0.00,4.0,95830.0,95347.0,0.0,0.0,0.5,0.0,64.286,0.000,0.0,644100.5
2026-09-01T05:01:53,0.2,4967,1547350,1531237,0.3,0.00,1.56,0.00,6.25,0.00,0.00,0.00,4.0,95830.0,95347.0,0.0,0.0,0.5,0.0,64.322,0.000,0.0,740851.5
2026-09-01T05:01:53,0.3,4967,1547350,1531236,0.3,0.00,2.11,0.00,8.42,0.00,0.00,0.00,4.0,95830.0,95347.0,0.0,0.0,0.5,0.0,64.311,0.000,0.0,658198.0
2026-09-01T05:01:55,0.2,4969,1547350,1531235,0.3,0.00,1.08,0.00,6.46,0.00,0.00,0.00,4.0,95830.0,95347.0,0.0,0.0,0.5,0.0,64.281,0.000,0.0,650684.5
2026-09-01T05:01:57,0.2,4969,1547350,1531235,0.3,0.00,0.53,0.00,2.12,0.00,0.00,0.00,4.0,95830.0,95347.0,0.0,0.0,0.5,0.0,64.317,0.000,0.0,655479.0
2026-09-01T05:01:59,0.2,4969,1547350,1531235,0.3,0.00,0.51,0.00,2.03,0.00,0.00,0.00,4.0,95830.0,95347.0,0.0,0.0,0.5,0.0,64.335,0.000,0.0,692344.5
2026-09-01T05:02:00,0.2,4976,1547350,1531228,0.3,0.00,1.02,0.00,4.07,0.00,0.00,0.00,4.0,95830.0,95347.0,0.0,0.0,0.5,0.0,64.328,0.000,0.0,646492.0
2026-09-01T05:02:02,0.2,4979,1547350,1531225,0.3,0.00,0.48,0.00,1.94,0.00,1.00,0.00,4.0,95830.0,95347.0,0.0,0.0,0.5,0.0,64.306,0.000,0.0,684618.0
2026-09-01T05:02:03,0.2,4979,1547350,1531225,0.3,0.00,0.98,0.00,3.94,0.00,0.00,0.00,4.0,95830.0,95347.0,0.0,0.0,0.5,0.0,64.347,0.000,0.0,651769.0
2026-09-01T05:02:05,0.2,4979,1547350,1531225,0.3,0.00,0.51,0.00,2.04,0.00,0.00,0.00,4.0,95830.0,95347.0,0.0,0.0,0.5,0.0,64.329,0.000,0.0,644728.0
2026-09-01T05:02:07,0.2,4978,1547350,1531225,0.3,0.00,0.49,0.00,1.95,0.00,0.00,0.05,4.0,95830.0,95347.0,0.0,0.0,0.5,0.0,64.324,0.000,0.0,650188.5
2026-09-01T05:02:09,0.2,4978,1547350,1531226,0.3,0.00,0.50,0.00,1.99,0.00,0.00,0.00,4.0,95830.0,95347.0,0.0,0.0,0.5,0.0,64.306,0.000,0.0,764723.5
2026-09-01T05:02:10,0.2,4975,1547350,1531228,0.3,0.00,0.99,0.00,3.96,0.00,0.00,0.00,4.0,95830.0,95347.0,0.0,0.0,0.5,0.0,64.316,0.000,0.0,645980.0
2026-09-01T05:02:12,0.2,4975,1547350,1531229,0.3,0.00,0.53,0.00,2.14,0.00,0.00,0.00,4.0,95830.0,95347.0,0.0,0.0,0.5,0.0,64.334,0.000,0.0,665170.5
2026-09-01T05:02:14,0.2,4975,1547350,1531229,0.3,0.00,0.60,0.00,2.41,0.00,0.00,0.00,4.0,95830.0,95347.0,0.0,0.0,0.5,0.0,64.343,0.000,0.0,665170.5
2026-09-01T05:02:15,0.2,4975,1547350,1531229,0.3,0.00,1.32,0.00,5.26,0.00,0.00,0.00,4.0,95830.0,95347.0,0.0,0.0,0.5,0.0,64.315,0.000,0.0,706508.5
2026-09-01T05:02:15,0.2,4974,1547350,1531229,0.3,0.00,1.28,0.00,5.12,0.00,0.00,0.00,4.0,95830.0,95347.0,0.0,0.0,0.5,0.0,64.310,0.000,0.0,674786.5
2026-09-01T05:02:17,0.2,4975,1547350,1531229,0.3,0.00,1.78,0.00,16.04,0.00,0.00,0.00,4.0,95830.0,95347.0,0.0,0.0,0.5,0.0,64.358,0.000,0.0,668033.0
2026-09-01T05:02:19,0.2,4976,1547350,1531227,0.3,0.00,0.55,0.00,2.21,0.00,0.00,0.00,4.0,95830.0,95347.0,0.0,0.0,0.5,0.0,64.338,0.000,0.0,656225.5
2026-09-01T05:02:20,0.2,4976,1547350,1531227,0.3,0.00,0.65,0.00,2.61,0.00,0.00,0.00,4.0,95830.0,95347.0,0.0,0.0,0.5,0.0,64.351,0.000,0.0,660061.0
2026-09-01T05:02:22,0.2,4976,1547350,1531228,0.3,0.00,0.67,0.00,2.67,0.00,0.00,0.00,4.0,95830.0,95347.0,0.0,0.0,0.5,0.0,64.350,0.000,0.0,660061.0
2026-09-01T05:02:23,0.2,4977,1547350,1531227,0.3,0.00,1.23,0.00,4.94,0.00,0.00,0.00,4.0,95830.0,95347.0,0.0,0.0,0.5,0.0,64.322,0.000,0.0,709790.0
2026-09-01T05:02:24,0.2,4978,1547350,1531226,0.3,0.00,0.64,0.00,2.54,0.00,0.00,0.00,4.0,95830.0,95347.0,0.0,0.0,0.5,0.0,64.347,0.000,0.0,709790.0
2026-09-01T05:02:25,0.3,4978,1547350,1531226,0.3,0.00,1.60,0.00,6.40,0.00,0.00,0.00,4.0,95830.0,95347.0,0.0,0.0,0.5,0.0,64.358,0.000,0.0,708590.5
2026-09-01T05:02:26,0.2,4978,1547350,1531226,0.3,0.00,1.28,0.00,5.13,0.00,0.50,0.00,4.0,95830.0,95347.0,0.0,0.0,0.5,0.0,64.340,0.000,0.0,731264.0
2026-09-01T05:02:27,0.2,4979,1547350,1531224,0.3,0.00,0.94,0.00,3.76,0.00,0.00,0.00,4.0,95830.0,95347.0,0.0,0.0,0.5,0.0,64.356,0.000,0.0,654572.5
2026-09-01T05:02:29,0.2,4980,1547350,1531223,0.3,0.00,0.56,0.00,2.23,0.00,0.00,0.00,4.0,95830.0,95347.0,0.0,0.0,0.5,0.0,64.329,0.000,0.0,657224.0
2026-09-01T05:02:31,0.2,4981,1547350,1531223,0.3,0.00,0.61,0.00,2.45,0.00,0.00,0.00,4.0,95830.0,95347.0,0.0,0.0,0.5,0.0,64.326,0.000,0.0,657224.0
2026-09-01T05:02:32,0.2,4981,1547350,1531223,0.3,0.00,5.95,0.00,35.71,0.00,0.00,0.00,4.0,95830.0,95347.0,0.0,0.0,0.5,0.0,64.325,0.000,0.0,700741.0
2026-09-01T05:02:34,0.2,4981,1547350,1531222,0.3,0.00,0.63,0.00,2.52,0.00,0.00,0.00,4.0,95830.0,95347.0,0.0,0.0,0.5,0.0,64.349,0.000,0.0,695739.0
2026-09-01T05:02:35,0.2,4983,1547350,1531221,0.3,0.00,0.70,0.00,2.80,0.00,0.00,0.07,4.0,95830.0,95347.0,0.0,0.0,0.5,0.0,64.324,0.000,0.0,652606.0
2026-09-01T05:02:36,0.2,4984,1547350,1531220,0.3,0.00,0.71,0.00,2.84,0.00,0.00,0.00,4.0,95830.0,95347.0,0.0,0.0,0.5,0.0,64.359,0.000,0.0,666077.0
2026-09-01T05:02:38,0.2,4985,1547350,1531219,0.3,0.00,0.63,0.00,2.51,0.00,0.00,0.00,4.0,95830.0,95347.0,0.0,0.0,0.5,0.0,64.328,0.000,0.0,666077.0
2026-09-01T05:02:39,0.2,4986,1547350,1531218,0.3,0.00,1.64,0.00,6.58,0.00,0.00,0.00,4.0,95830.0,95347.0,0.0,0.0,0.5,0.0,64.344,0.000,0.0,676408.5
2026-09-01T05:02:40,0.2,4987,1547350,1531217,0.3,0.00,0.55,0.00,2.18,0.00,0.00,0.00,4.0,95830.0,95347.0,0.0,0.0,0.5,0.0,64.347,0.000,0.0,675363.5
2026-09-01T05:02:42,0.2,4989,1547350,1531215,0.3,0.00,1.22,0.00,4.87,0.00,0.50,0.00,4.0,95830.0,95347.0,0.0,0.0,0.5,0.0,64.329,0.000,0.0,643746.5
2026-09-01T05:02:44,0.2,4996,1547350,1531207,0.3,0.00,0.50,0.00,2.02,0.00,0.00,0.00,4.0,95830.0,95347.0,0.0,0.0,0.5,0.0,64.335,0.000,0.0,656054.5
2026-09-01T05:02:46,0.2,4998,1547350,1531206,0.3,0.00,0.56,0.00,2.23,0.00,0.00,0.00,4.0,95830.0,95347.0,0.0,0.0,0.5,0.0,64.312,0.000,0.0,713441.5
2026-09-01T05:02:48,0.2,4997,1547350,1531207,0.3,0.00,3.81,0.00,35.15,0.00,0.00,0.00,4.0,95830.0,95347.0,0.0,0.0,0.5,0.0,64.319,0.000,0.0,649507.0
2026-09-01T05:02:50,0.2,4998,1547350,1531206,0.3,0.00,0.48,0.00,1.93,0.00,0.00,0.00,4.0,95830.0,95347.0,0.0,0.0,0.5,0.0,64.351,0.000,0.0,652772.0
2026-09-01T05:02:51,0.2,4999,1547350,1531205,0.3,0.00,1.27,0.00,7.59,0.00,0.00,0.06,4.0,95830.0,95347.0,0.0,0.0,0.5,0.0,64.340,0.000,0.0,638993.5
2026-09-01T05:02:53,0.2,4998,1547350,1531205,0.3,0.00,0.50,0.00,1.99,0.00,0.00,0.00,4.0,95830.0,95347.0,0.0,0.0,0.5,0.0,64.341,0.000,0.0,661906.5
2026-09-01T05:02:55,0.2,4999,1547350,1531205,0.3,0.00,0.64,0.00,2.56,0.00,0.00,0.00,4.0,95830.0,95347.0,0.0,0.0,0.5,0.0,64.341,0.000,0.0,657214.0
2026-09-01T05:02:57,0.2,4999,1547350,1531205,0.3,0.00,0.53,0.00,2.14,0.00,0.00,0.00,4.0,95830.0,95347.0,0.0,0.0,0.5,0.0,64.329,0.000,0.0,661921.0
2026-09-01T05:02:59,0.2,5000,1547350,1531204,0.3,0.00,0.48,0.00,1.94,0.00,0.00,0.00,4.0,95830.0,95347.0,0.0,0.0,0.5,0.0,64.296,0.000,0.0,663251.5
2026-09-01T05:03:00,0.2,4999,1547350,1531205,0.3,0.00,0.76,0.00,3.06,0.00,0.00,0.00,4.0,95830.0,95347.0,0.0,0.0,0.5,0.0,64.350,0.000,0.0,637012.0
2026-09-01T05:03:02,0.2,5004,1547350,1531199,0.3,0.00,0.98,0.00,5.90,0.00,0.50,0.00,4.0,95830.0,95347.0,0.0,0.0,0.5,0.0,64.371,0.000,0.0,667594.5
2026-09-01T05:03:04,0.2,5005,1547350,1531198,0.3,0.00,0.69,0.00,2.76,0.00,0.00,0.00,4.0,95830.0,95347.0,0.0,0.0,0.5,0.0,64.360,0.000,0.0,667594.5
2026-09-01T05:03:04,0.2,5005,1547350,1531199,0.3,0.00,1.10,0.00,4.41,0.00,0.00,0.00,4.0,95830.0,95347.0,0.0,0.0,0.5,0.0,64.359,0.000,0.0,670263.5
2026-09-01T05:03:07,0.2,5006,1547350,1531198,0.3,0.00,0.48,0.00,1.92,0.00,0.00,0.00,4.0,95830.0,95347.0,0.0,0.0,0.5,0.0,64.358,0.000,0.0,692369.0
2026-09-01T05:03:08,0.2,5006,1547350,1531198,0.3,0.00,0.98,0.00,3.91,0.00,0.00,0.00,4.0,95830.0,95347.0,0.0,0.0,0.5,0.0,64.353,0.000,0.0,665754.0
2026-09-01T05:03:09,0.2,5006,1547350,1531197,0.3,0.00,0.79,0.00,3.18,0.00,0.00,0.00,4.0,95830.0,95347.0,0.0,0.0,0.5,0.0,64.349,0.000,0.0,660232.0
2026-09-01T05:03:10,0.2,5004,1547350,1531199,0.3,0.00,0.63,0.00,2.53,0.00,0.00,0.06,4.0,95830.0,95347.0,0.0,0.0,0.5,0.0,64.349,0.000,0.0,654817.5
2026-09-01T05:03:12,0.2,5004,1547350,1531200,0.3,0.00,0.50,0.00,2.02,0.00,0.00,0.00,4.0,95830.0,95347.0,0.0,0.0,0.5,0.0,64.364,0.000,0.0,674960.0
2026-09-01T05:03:14,0.2,5004,1547350,1531200,0.3,0.00,0.58,0.00,2.30,0.00,0.00,0.00,4.0,95830.0,95347.0,0.0,0.0,0.5,0.0,64.364,0.000,0.0,693558.5
2026-09-01T05:03:15,0.2,5004,1547350,1531200,0.3,0.00,1.00,0.00,3.98,0.00,0.00,0.10,4.0,95830.0,95347.0,0.0,0.0,0.5,0.0,64.357,0.000,0.0,693558.5
2026-09-01T05:03:16,0.2,5003,1547350,1531200,0.3,0.00,1.29,0.00,5.17,0.00,0.00,0.00,4.0,95830.0,95347.0,0.0,0.0,0.5,0.0,64.357,0.000,0.0,726732.0
2026-09-01T05:03:17,0.2,5003,1547350,1531201,0.3,0.00,1.29,0.00,5.16,0.00,0.00,0.00,4.0,95830.0,95347.0,0.0,0.0,0.5,0.0,64.354,0.000,0.0,726732.0
2026-09-01T05:03:17,0.2,5003,1547350,1531200,0.3,0.00,13.95,0.00,118.60,0.00,0.11,0.00,4.0,95830.0,95347.0,0.0,0.0,0.5,0.0,64.376,0.000,0.0,693021.5
2026-09-01T05:03:19,0.2,5003,1547350,1531201,0.3,0.00,0.65,0.00,2.61,0.00,0.00,0.00,4.0,95830.0,95347.0,0.0,0.0,0.5,0.0,64.381,0.000,0.0,658318.0
2026-09-01T05:03:21,0.2,5004,1547350,1531200,0.3,0.00,0.61,0.00,2.43,0.00,0.00,0.00,4.0,95830.0,95347.0,0.0,0.0,0.5,0.0,64.389,0.000,0.0,663041.5
2026-09-01T05:03:22,0.2,5004,1547350,1531200,0.3,0.00,0.60,0.00,2.39,0.00,0.00,0.00,4.0,95830.0,95347.0,0.0,0.0,0.5,0.0,64.347,0.000,0.0,663041.5
2026-09-01T05:03:23,0.2,5004,1547350,1531200,0.3,0.00,1.67,0.00,6.67,0.00,0.00,0.00,4.0,95830.0,95347.0,0.0,0.0,0.5,0.0,64.347,0.000,0.0,682134.0
2026-09-01T05:03:24,0.2,5003,1547350,1531201,0.3,0.00,0.62,0.00,2.48,0.00,0.00,0.00,4.0,95830.0,95347.0,0.0,0.0,0.5,0.0,64.361,0.000,0.0,682134.0
2026-09-01T05:03:25,0.2,5004,1547350,1531200,0.3,0.00,1.23,0.00,4.91,0.00,0.00,0.00,4.0,95830.0,95347.0,0.0,0.0,0.5,0.0,64.363,0.000,0.0,728343.0
2026-09-01T05:03:27,0.2,5005,1547350,1531199,0.3,0.00,0.64,0.00,2.55,0.00,0.00,0.00,4.0,95830.0,95347.0,0.0,0.0,0.5,0.0,64.366,0.000,0.0,647901.0
2026-09-01T05:03:28,0.2,5004,1547350,1531199,0.3,0.00,0.62,0.00,2.46,0.00,0.00,0.00,4.0,95830.0,95347.0,0.0,0.0,0.5,0.0,64.353,0.000,0.0,647901.0
2026-09-01T05:03:29,0.2,5004,1547350,1531199,0.3,0.00,1.20,0.00,4.80,0.00,0.00,0.00,4.0,95830.0,95347.0,0.0,0.0,0.5,0.0,64.341,0.000,0.0,760241.5
2026-09-01T05:03:30,0.2,5004,1547350,1531200,0.3,0.00,0.98,0.00,3.94,0.00,0.00,0.00,4.0,95830.0,95347.0,0.0,0.0,0.5,0.0,64.352,0.000,0.0,677057.5
2026-09-01T05:03:31,0.2,5004,1547350,1531199,0.3,0.00,1.31,0.00,5.22,0.00,0.00,0.00,4.0,95830.0,95347.0,0.0,0.0,0.5,0.0,64.329,0.000,0.0,677057.5
2026-09-01T05:03:32,0.2,5005,1547350,1531198,0.3,0.00,1.56,0.00,6.23,0.00,0.00,0.00,4.0,95830.0,95347.0,0.0,0.0,0.5,0.0,64.341,0.000,0.0,685869.0
2026-09-01T05:03:34,0.2,5004,1547350,1531199,0.3,0.00,3.75,0.00,14.99,0.00,0.14,0.00,4.0,95830.0,95347.0,0.0,0.0,0.5,0.0,64.357,0.000,0.0,651635.0
2026-09-01T05:03:35,0.2,5005,1547350,1531199,0.3,0.00,0.52,0.00,2.06,0.00,0.00,0.00,4.0,95830.0,95347.0,0.0,0.0,0.5,0.0,64.367,0.000,0.0,649224.0
2026-09-01T05:03:37,0.2,5005,1547350,1531199,0.3,0.00,0.55,0.00,2.19,0.00,0.00,0.00,4.0,95830.0,95347.0,0.0,0.0,0.5,0.0,64.357,0.000,0.0,653462.5
2026-09-01T05:03:39,0.2,5006,1547350,1531197,0.3,0.00,0.63,0.00,2.51,0.00,0.00,0.00,4.0,95830.0,95347.0,0.0,0.0,0.5,0.0,64.360,0.000,0.0,653462.5
2026-09-01T05:03:40,0.2,5006,1547350,1531197,0.3,0.00,0.99,0.00,3.95,0.00,0.00,0.00,4.0,95830.0,95347.0,0.0,0.0,0.5,0.0,64.359,0.000,0.0,679312.5
2026-09-01T05:03:41,0.2,5005,1547350,1531198,0.3,0.00,0.71,0.00,2.83,0.00,0.00,0.00,4.0,95830.0,95347.0,0.0,0.0,0.5,0.0,64.361,0.000,0.0,657888.5
2026-09-01T05:03:44,0.3,5007,1547350,1531197,0.3,0.00,0.84,0.00,3.38,0.00,0.00,0.00,4.0,95830.0,95347.0,0.0,0.0,0.5,0.0,64.367,0.000,0.0,649869.5
2026-09-01T05:03:46,0.2,5008,1547350,1531196,0.3,0.00,0.53,0.00,2.11,0.00,0.00,0.00,4.0,95830.0,95347.0,0.0,0.0,0.5,0.0,64.366,0.000,0.0,646888.5
2026-09-01T05:03:48,0.2,5008,1547350,1531196,0.3,0.00,5.55,0.00,37.57,0.00,0.09,0.05,4.0,95830.0,95347.0,0.0,0.0,0.5,0.0,64.358,0.000,0.0,675255.0
2026-09-01T05:03:49,0.2,5008,1547350,1531195,0.3,0.00,0.55,0.00,2.21,0.00,0.00,0.00,4.0,95830.0,95347.0,0.0,0.0,0.5,0.0,64.374,0.000,0.0,648076.0
2026-09-01T05:03:51,0.2,5009,1547350,1531195,0.3,0.00,0.50,0.00,2.00,0.00,0.00,0.00,4.0,95830.0,95347.0,0.0,0.0,0.5,0.0,64.364,0.000,0.0,650596.0
2026-09-01T05:03:54,0.2,5009,1547350,1531194,0.3,0.00,0.90,0.00,3.61,0.00,0.00,0.00,4.0,95830.0,95347.0,0.0,0.0,0.5,0.0,64.364,0.000,0.0,627610.0
2026-09-01T05:03:56,0.2,5011,1547350,1531193,0.3,0.00,0.45,0.00,1.78,0.00,0.00,0.00,4.0,95830.0,95347.0,0.0,0.0,0.5,0.0,64.364,0.000,0.0,654571.0
2026-09-01T05:03:58,0.2,5011,1547350,1531193,0.3,0.00,0.53,0.00,2.11,0.00,1.00,0.00,4.0,95830.0,95347.0,0.0,0.0,0.5,0.0,64.362,0.000,0.0,667759.0
2026-09-01T05:03:59,0.2,5010,1547350,1531194,0.3,0.00,0.76,0.00,3.03,0.00,0.00,0.00,4.0,95830.0,95347.0,0.0,0.0,0.5,0.0,64.344,0.000,0.0,649410.0
2026-09-01T05:04:01,0.3,5013,1547350,1531191,0.3,0.00,0.47,0.00,1.89,0.00,0.00,0.00,4.0,95830.0,95347.0,0.0,0.0,0.5,0.0,64.373,0.000,0.0,690014.5
2026-09-01T05:04:02,0.2,5013,1547350,1531191,0.3,0.00,1.07,0.00,4.29,0.00,0.00,0.00,4.0,95830.0,95347.0,0.0,0.0,0.5,0.0,64.364,0.000,0.0,653167.5
2026-09-01T05:04:04,0.2,5013,1547350,1531191,0.3,0.00,1.01,0.00,6.05,0.00,0.00,0.00,4.0,95830.0,95347.0,0.0,0.0,0.5,0.0,64.369,0.000,0.0,687662.5
2026-09-01T05:04:06,0.2,5014,1547350,1531190,0.3,0.00,0.49,0.00,1.97,0.00,0.00,0.00,4.0,95830.0,95347.0,0.0,0.0,0.5,0.0,64.366,0.000,0.0,661943.0
2026-09-01T05:04:08,0.2,5013,1547350,1531191,0.3,0.00,0.56,0.00,2.22,0.00,0.00,0.00,4.0,95830.0,95347.0,0.0,0.0,0.5,0.0,64.359,0.000,0.0,646494.5
2026-09-01T05:04:10,0.2,5013,1547350,1531190,0.3,0.00,0.49,0.00,1.98,0.00,0.00,0.00,4.0,95830.0,95347.0,0.0,0.0,0.5,0.0,64.377,0.000,0.0,646102.0
2026-09-01T05:04:12,0.2,5012,1547350,1531192,0.3,0.00,0.50,0.00,1.98,0.00,0.00,0.05,4.0,95830.0,95347.0,0.0,0.0,0.5,0.0,64.354,0.000,0.0,652485.5
2026-09-01T05:04:14,0.2,5013,1547350,1531191,0.3,0.00,0.50,0.00,2.01,0.00,0.00,0.05,4.0,95830.0,95347.0,0.0,0.0,0.5,0.0,64.353,0.000,0.0,654562.5
2026-09-01T05:04:15,0.2,5013,1547350,1531191,0.3,0.00,0.65,0.00,2.61,0.00,0.00,0.07,4.0,95830.0,95347.0,0.0,0.0,0.5,0.0,64.344,0.000,0.0,654562.5
2026-09-01T05:04:16,0.2,5014,1547350,1531190,0.3,0.00,1.02,0.00,4.08,0.00,0.00,0.00,4.0,95830.0,95347.0,0.0,0.0,0.5,0.0,64.361,0.000,0.0,687714.5
2026-09-01T05:04:18,0.2,5013,1547350,1531190,0.3,0.00,1.28,0.00,14.67,0.00,0.00,0.00,4.0,95830.0,95347.0,0.0,0.0,0.5,0.0,64.341,0.000,0.0,670092.5
2026-09-01T05:04:20,0.2,5013,1547350,1531191,0.3,0.00,0.60,0.00,2.41,0.00,0.00,0.00,4.0,95830.0,95347.0,0.0,0.0,0.5,0.0,64.363,0.000,0.0,655600.5
2026-09-01T05:04:22,0.2,5013,1547350,1531191,0.3,0.00,0.55,0.00,2.21,0.00,0.00,0.00,4.0,95830.0,95347.0,0.0,0.0,0.5,0.0,64.370,0.000,0.0,650477.0
2026-09-01T05:04:23,0.2,5012,1547350,1531192,0.3,0.00,0.63,0.00,2.52,0.00,1.00,0.00,4.0,95830.0,95347.0,0.0,0.0,0.5,0.0,64.366,0.000,0.0,661102.0
2026-09-01T05:04:25,0.2,5013,1547350,1531191,0.3,0.00,0.56,0.00,2.23,0.00,0.00,0.00,4.0,95830.0,95347.0,0.0,0.0,0.5,0.0,64.356,0.000,0.0,653559.0
2026-09-01T05:04:27,0.2,5012,1547350,1531192,0.3,0.00,0.60,0.00,2.41,0.00,0.00,0.00,4.0,95830.0,95347.0,0.0,0.0,0.5,0.0,64.351,0.000,0.0,668263.0
2026-09-01T05:04:28,0.2,5012,1547350,1531192,0.3,0.00,0.61,0.00,2.45,0.00,0.00,0.00,4.0,95830.0,95347.0,0.0,0.0,0.5,0.0,64.353,0.000,0.0,669404.5
2026-09-01T05:04:30,0.2,5013,1547350,1531191,0.3,0.00,0.62,0.00,2.48,0.00,0.00,0.00,4.0,95830.0,95347.0,0.0,0.0,0.5,0.0,64.365,0.000,0.0,688301.5
2026-09-01T05:04:31,0.2,5013,1547350,1531191,0.3,0.00,1.26,0.00,5.06,0.00,0.00,0.00,4.0,95830.0,95347.0,0.0,0.0,0.5,0.0,64.367,0.000,0.0,659751.0
2026-09-01T05:04:32,0.2,5013,1547350,1531191,0.3,0.00,0.64,0.00,2.55,0.00,0.00,0.00,4.0,95830.0,95347.0,0.0,0.0,0.5,0.0,64.376,0.000,0.0,673304.5
2026-09-01T05:04:33,0.2,5012,1547350,1531191,0.3,0.00,0.79,0.00,3.18,0.00,0.00,0.00,4.0,95830.0,95347.0,0.0,0.0,0.5,0.0,64.358,0.000,0.0,663559.0
2026-09-01T05:04:35,0.2,5013,1547350,1531191,0.3,0.00,3.75,0.00,17.50,0.00,0.00,0.00,4.0,95830.0,95347.0,0.0,0.0,0.5,0.0,64.349,0.000,0.0,661968.0
2026-09-01T05:04:37,0.2,5012,1547350,1531191,0.3,0.00,0.55,0.00,2.20,0.00,0.00,0.00,4.0,95830.0,95347.0,0.0,0.0,0.5,0.0,64.343,0.000,0.0,683025.5
2026-09-01T05:04:38,0.2,5013,1547350,1531191,0.3,0.00,0.63,0.00,2.53,0.00,1.00,0.00,4.0,95830.0,95347.0,0.0,0.0,0.5,0.0,64.348,0.000,0.0,675502.5
2026-09-01T05:04:40,0.2,5013,1547350,1531191,0.3,0.00,1.22,0.00,4.90,0.00,0.00,0.00,4.0,95830.0,95347.0,0.0,0.0,0.5,0.0,64.371,0.000,0.0,658701.5
2026-09-01T05:04:42,0.2,5013,1547350,1531190,0.3,0.00,0.60,0.00,2.40,0.00,0.00,0.00,4.0,95830.0,95347.0,0.0,0.0,0.5,0.0,64.388,0.000,0.0,658701.5
2026-09-01T05:04:42,0.2,5014,1547350,1531190,0.3,0.00,1.50,0.00,6.01,0.00,0.00,0.00,4.0,95830.0,95347.0,0.0,0.0,0.5,0.0,64.347,0.000,0.0,691839.5
2026-09-01T05:04:44,0.2,5015,1547350,1531189,0.3,0.00,1.33,0.00,5.33,0.00,0.00,0.00,4.0,95830.0,95347.0,0.0,0.0,0.5,0.0,64.362,0.000,0.0,657393.0
2026-09-01T05:04:45,0.2,5015,1547350,1531189,0.3,0.00,0.82,0.00,3.27,0.00,0.00,0.00,4.0,95830.0,95347.0,0.0,0.0,0.5,0.0,64.364,0.000,0.0,659818.0
2026-09-01T05:04:47,0.2,5015,1547350,1531189,0.3,0.00,0.51,0.00,2.05,0.00,0.00,0.00,4.0,95830.0,95347.0,0.0,0.0,0.5,0.0,64.362,0.000,0.0,651916.0
2026-09-01T05:04:49,0.2,5015,1547350,1531189,0.3,0.00,3.76,0.00,33.33,0.00,0.00,0.05,4.0,95830.0,95347.0,0.0,0.0,0.5,0.0,64.351,0.000,0.0,651664.5
2026-09-01T05:04:51,0.2,5015,1547350,1531189,0.3,0.00,0.55,0.00,2.21,0.00,0.00,0.00,4.0,95830.0,95347.0,0.0,0.0,0.5,0.0,64.355,0.000,0.0,658132.5
2026-09-01T05:04:53,0.2,5016,1547350,1531188,0.3,0.00,0.50,0.00,1.98,0.00,1.00,0.00,4.0,95830.0,95347.0,0.0,0.0,0.5,0.0,64.364,0.000,0.0,649146.5
2026-09-01T05:04:55,0.2,5017,1547350,1531187,0.3,0.00,1.12,0.00,4.47,0.00,0.00,0.00,4.0,95830.0,95347.0,0.0,0.0,0.5,0.0,64.356,0.000,0.0,649258.0
2026-09-01T05:04:56,0.2,5016,1547350,1531188,0.3,0.00,0.54,0.00,2.16,0.00,0.00,0.00,4.0,95830.0,95347.0,0.0,0.0,0.5,0.0,64.346,0.000,0.0,632555.5
2026-09-01T05:04:58,0.2,5016,1547350,1531188,0.3,0.00,0.49,0.00,1.97,0.00,0.00,0.00,4.0,95830.0,95347.0,0.0,0.0,0.5,0.0,64.364,0.000,0.0,738587.5
2026-09-01T05:05:00,0.2,5022,1547350,1531182,0.3,0.00,0.49,0.00,1.97,0.00,0.00,0.05,4.0,95830.0,95347.0,0.0,0.0,0.5,0.0,64.344,0.000,0.0,667260.5
2026-09-01T05:05:03,0.2,5022,1547350,1531182,0.3,0.00,0.42,0.00,1.70,0.00,0.00,0.00,4.0,95830.0,95347.0,0.0,0.0,0.5,0.0,64.338,0.000,0.0,646763.5
2026-09-01T05:05:05,0.2,5023,1547350,1531181,0.3,0.00,0.50,0.00,1.98,0.00,0.00,0.00,4.0,95830.0,95347.0,0.0,0.0,0.5,0.0,64.319,0.000,0.0,656888.0
2026-09-01T05:05:06,0.2,5022,1547350,1531182,0.3,0.00,0.79,0.00,3.16,0.00,0.00,0.00,4.0,95830.0,95347.0,0.0,0.0,0.5,0.0,64.341,0.000,0.0,656888.0
2026-09-01T05:05:07,0.2,5021,1547350,1531182,0.3,0.00,0.79,0.00,3.16,0.00,0.00,0.00,4.0,95830.0,95347.0,0.0,0.0,0.5,0.0,64.334,0.000,0.0,673810.0
2026-09-01T05:05:09,0.2,5022,1547350,1531182,0.3,0.00,0.80,0.00,3.20,0.00,0.00,0.00,4.0,95830.0,95347.0,0.0,0.0,0.5,0.0,64.360,0.000,0.0,692156.0
2026-09-01T05:05:10,0.2,5023,1547350,1531181,0.3,0.00,0.79,0.00,3.18,0.00,0.00,0.00,4.0,95830.0,95347.0,0.0,0.0,0.5,0.0,64.331,0.000,0.0,652018.5
2026-09-01T05:05:12,0.2,5021,1547350,1531183,0.3,0.00,0.50,0.00,1.99,0.00,0.00,0.00,4.0,95830.0,95347.0,0.0,0.0,0.5,0.0,64.348,0.000,0.0,640530.5
2026-09-01T05:05:14,0.2,5024,1547350,1531180,0.3,0.00,0.49,0.00,1.96,0.00,0.00,0.00,4.0,95830.0,95347.0,0.0,0.0,0.5,0.0,64.323,0.000,0.0,657698.5
2026-09-01T05:05:16,0.3,5086,1547350,1531118,0.3,0.00,1.19,0.00,7.15,0.00,0.00,0.00,4.0,95830.0,95347.0,0.0,0.0,0.5,0.0,64.340,0.000,0.0,1005226.5
2026-09-01T05:05:17,0.3,5086,1547350,1531117,0.3,0.00,0.58,0.00,2.31,0.00,0.00,0.00,4.0,95830.0,95347.0,0.0,0.0,0.5,0.0,64.320,0.000,0.0,1005226.5
2026-09-01T05:05:18,0.2,5087,1547350,1531117,0.3,0.00,3.12,0.00,28.04,0.00,0.33,0.00,4.0,95830.0,95347.0,0.0,0.0,0.5,0.0,64.316,0.000,0.0,730003.0
2026-09-01T05:05:19,0.2,5087,1547350,1531117,0.3,0.00,1.53,0.00,6.12,0.00,0.00,0.00,4.0,95830.0,95347.0,0.0,0.0,0.5,0.0,64.337,0.000,0.0,730003.0
2026-09-01T05:05:19,0.2,5087,1547350,1531116,0.3,0.00,1.82,0.00,7.27,0.00,0.00,0.00,4.0,95830.0,95347.0,0.0,0.0,0.5,0.0,64.341,0.000,0.0,720706.5
2026-09-01T05:05:20,0.2,5087,1547350,1531116,0.3,0.00,1.60,0.00,6.40,0.00,0.00,0.00,4.0,95830.0,95347.0,0.0,0.0,0.5,0.0,64.341,0.000,0.0,671247.0
2026-09-01T05:05:21,0.2,5088,1547350,1531116,0.3,0.00,0.73,0.00,2.91,0.00,0.00,0.00,4.0,95830.0,95347.0,0.0,0.0,0.5,0.0,64.326,0.000,0.0,671247.0
2026-09-01T05:05:22,0.2,5088,1547350,1531115,0.3,0.00,1.54,0.00,6.15,0.00,0.00,0.00,4.0,95830.0,95347.0,0.0,0.0,0.5,0.0,64.310,0.000,0.0,741278.5
2026-09-01T05:05:23,0.2,5089,1547350,1531115,0.3,0.00,1.02,0.00,4.07,0.00,0.00,0.00,4.0,95830.0,95347.0,0.0,0.0,0.5,0.0,64.361,0.000,0.0,677896.5
2026-09-01T05:05:24,0.2,5089,1547350,1531115,0.3,0.00,0.81,0.00,3.25,0.00,0.00,0.00,4.0,95830.0,95347.0,0.0,0.0,0.5,0.0,64.332,0.000,0.0,677896.5
2026-09-01T05:05:25,0.2,5089,1547350,1531115,0.3,0.00,1.26,0.00,5.05,0.00,0.00,0.00,4.0,95830.0,95347.0,0.0,0.0,0.5,0.0,64.325,0.000,0.0,796575.5
2026-09-01T05:05:26,0.2,5089,1547350,1531115,0.3,0.00,2.07,0.00,8.26,0.00,0.00,0.00,4.0,95830.0,95347.0,0.0,0.0,0.5,0.0,64.322,0.000,0.0,706225.0
2026-09-01T05:05:27,1.4,5089,1547350,1531114,0.3,0.00,0.76,0.00,3.02,0.00,0.00,0.00,4.0,95830.0,95347.0,0.0,0.0,0.5,0.0,64.318,0.000,0.0,673915.5
2026-09-01T05:05:28,0.2,5090,1547350,1531114,0.3,0.00,0.98,0.00,3.90,0.00,0.00,0.00,4.0,95830.0,95347.0,0.0,0.0,0.5,0.0,64.322,0.000,0.0,666248.5
2026-09-01T05:05:29,0.2,5090,1547350,1531113,0.3,0.00,0.71,0.00,2.82,0.00,0.00,0.07,4.0,95830.0,95347.0,0.0,0.0,0.5,0.0,64.331,0.000,0.0,666248.5
2026-09-01T05:05:30,0.2,5090,1547350,1531114,0.3,0.00,1.67,0.00,6.68,0.00,0.00,0.00,4.0,95830.0,95347.0,0.0,0.0,0.5,0.0,64.302,0.000,0.0,753566.0
2026-09-01T05:05:31,0.2,5091,1547350,1531113,0.3,0.00,1.69,0.00,6.76,0.00,0.00,0.00,4.0,95830.0,95347.0,0.0,0.0,0.5,0.0,64.320,0.000,0.0,668563.0
2026-09-01T05:05:32,0.2,5091,1547350,1531112,0.3,0.00,0.70,0.00,2.81,0.00,0.00,0.00,4.0,95830.0,95347.0,0.0,0.0,0.5,0.0,64.296,0.000,0.0,668563.0
2026-09-01T05:05:33,0.2,5092,1547350,1531112,0.3,0.00,0.82,0.00,3.28,0.00,0.00,0.00,4.0,95830.0,95347.0,0.0,0.0,0.5,0.0,64.308,0.000,0.0,663830.5
2026-09-01T05:05:34,0.2,5092,1547350,1531111,0.3,0.00,0.85,0.00,3.41,0.00,0.00,0.00,4.0,95830.0,95347.0,0.0,0.0,0.5,0.0,64.302,0.000,0.0,692786.5
2026-09-01T05:05:36,0.2,5093,1547350,1531111,0.3,0.00,3.67,0.00,17.15,0.00,0.17,0.00,4.0,95830.0,95347.0,0.0,0.0,0.5,0.0,64.340,0.000,0.0,655690.5
2026-09-01T05:05:38,0.2,5094,1547350,1531110,0.3,0.00,0.63,0.00,2.54,0.00,0.00,0.00,4.0,95830.0,95347.0,0.0,0.0,0.5,0.0,64.317,0.000,0.0,656584.5
2026-09-01T05:05:39,0.2,5094,1547350,1531110,0.3,0.00,0.55,0.00,2.20,0.00,0.00,0.00,4.0,95830.0,95347.0,0.0,0.0,0.5,0.0,64.303,0.000,0.0,661631.0
2026-09-01T05:05:41,0.2,5096,1547350,1531108,0.3,0.00,0.61,0.00,2.43,0.00,0.00,0.00,4.0,95830.0,95347.0,0.0,0.0,0.5,0.0,64.300,0.000,0.0,676833.5
2026-09-01T05:05:43,0.2,5096,1547350,1531108,0.3,0.00,0.65,0.00,2.61,0.00,0.00,0.00,4.0,95830.0,95347.0,0.0,0.0,0.5,0.0,64.303,0.000,0.0,671012.5
2026-09-01T05:05:44,0.2,5095,1547350,1531109,0.3,0.00,0.89,0.00,3.56,0.00,0.00,0.00,4.0,95830.0,95347.0,0.0,0.0,0.5,0.0,64.300,0.000,0.0,672057.5
2026-09-01T05:05:45,0.2,5095,1547350,1531109,0.3,0.00,2.16,0.00,8.63,0.00,0.33,0.00,4.0,95830.0,95347.0,0.0,0.0,0.5,0.0,64.309,0.000,0.0,656170.5
2026-09-01T05:05:47,0.2,5096,1547350,1531108,0.3,0.00,0.62,0.00,2.49,0.00,0.00,0.00,4.0,95830.0,95347.0,0.0,0.0,0.5,0.0,64.309,0.000,0.0,656170.5
2026-09-01T05:05:48,0.2,5096,1547350,1531107,0.3,0.00,0.89,0.00,3.56,0.00,0.00,0.00,4.0,95830.0,95347.0,0.0,0.0,0.5,0.0,64.282,0.000,0.0,686244.0
2026-09-01T05:05:49,0.2,5096,1547350,1531108,0.3,0.00,5.53,0.00,50.59,0.00,0.00,0.00,4.0,95830.0,95347.0,0.0,0.0,0.5,0.0,64.303,0.000,0.0,686244.0
2026-09-01T05:05:50,0.2,5096,1547350,1531107,0.3,0.00,1.01,0.00,4.03,0.00,0.00,0.10,4.0,95830.0,95347.0,0.0,0.0,0.5,0.0,64.287,0.000,0.0,676930.5
2026-09-01T05:05:51,0.2,5097,1547350,1531107,0.3,0.00,0.82,0.00,3.29,0.00,0.00,0.00,4.0,95830.0,95347.0,0.0,0.0,0.5,0.0,64.277,0.000,0.0,660108.0
2026-09-01T05:05:53,0.2,5097,1547350,1531107,0.3,0.00,0.54,0.00,2.18,0.00,0.00,0.00,4.0,95830.0,95347.0,0.0,0.0,0.5,0.0,64.296,0.000,0.0,649724.5
2026-09-01T05:05:55,0.2,5097,1547350,1531107,0.3,0.00,0.49,0.00,1.98,0.00,0.00,0.00,4.0,95830.0,95347.0,0.0,0.0,0.5,0.0,64.258,0.000,0.0,688238.5
2026-09-01T05:05:56,0.2,5097,1547350,1531107,0.3,0.00,3.11,0.00,12.44,0.00,0.00,0.00,4.0,95830.0,95347.0,0.0,0.0,0.5,0.0,64.266,0.000,0.0,652641.0
2026-09-01T05:05:58,0.2,5098,1547350,1531106,0.3,0.00,0.52,0.00,2.10,0.00,0.00,0.00,4.0,95830.0,95347.0,0.0,0.0,0.5,0.0,64.270,0.000,0.0,652179.5
2026-09-01T05:06:00,0.2,5098,1547350,1531106,0.3,0.00,0.54,0.00,2.17,0.00,1.00,0.00,4.0,95830.0,95347.0,0.0,0.0,0.5,0.0,64.270,0.000,0.0,632170.5
2026-09-01T05:06:02,0.2,5101,1547350,1531103,0.3,0.00,0.50,0.00,1.99,0.00,0.00,0.00,4.0,95830.0,95347.0,0.0,0.0,0.5,0.0,64.279,0.000,0.0,669371.0
2026-09-01T05:06:04,0.2,5101,1547350,1531102,0.3,0.00,0.49,0.00,1.97,0.00,0.00,0.00,4.0,95830.0,95347.0,0.0,0.0,0.5,0.0,64.271,0.000,0.0,726711.5
2026-09-01T05:06:05,0.2,5101,1547350,1531103,0.3,0.00,0.56,0.00,2.23,0.00,0.00,0.00,4.0,95830.0,95347.0,0.0,0.0,0.5,0.0,64.272,0.000,0.0,669408.0
2026-09-01T05:06:07,0.2,5101,1547350,1531103,0.3,0.00,0.49,0.00,1.95,0.00,0.00,0.00,4.0,95830.0,95347.0,0.0,0.0,0.5,0.0,64.302,0.000,0.0,669408.0
2026-09-01T05:06:08,0.2,5102,1547350,1531101,0.3,0.00,1.29,0.00,5.16,0.00,0.00,0.00,4.0,95830.0,95347.0,0.0,0.0,0.5,0.0,64.239,0.000,0.0,656078.0
2026-09-01T05:06:10,0.2,5105,1547350,1531099,0.3,0.00,0.45,0.00,1.81,0.00,0.00,0.00,4.0,95830.0,95347.0,0.0,0.0,0.5,0.0,64.269,0.000,0.0,710973.0
2026-09-01T05:06:11,0.3,5195,1547350,1531008,0.3,0.00,1.26,0.00,5.05,0.00,0.00,0.00,4.0,95830.0,95347.0,0.0,0.0,0.5,0.0,64.240,0.000,0.0,690076.0
2026-09-01T05:06:12,0.2,5197,1547350,1531007,0.3,0.00,1.00,0.00,4.00,0.00,0.00,0.00,4.0,95830.0,95347.0,0.0,0.0,0.5,0.0,64.233,0.000,0.0,646720.5
2026-09-01T05:06:14,0.2,5197,1547350,1531007,0.3,0.00,0.49,0.00,1.98,0.00,0.00,0.00,4.0,95830.0,95347.0,0.0,0.0,0.5,0.0,64.243,0.000,0.0,646720.5
2026-09-01T05:06:15,0.2,5197,1547350,1531007,0.3,0.00,1.54,0.00,6.15,0.00,0.00,0.00,4.0,95830.0,95347.0,0.0,0.0,0.5,0.0,64.251,0.000,0.0,721608.0
2026-09-01T05:06:16,0.2,5197,1547350,1531007,0.3,0.00,0.98,0.00,3.93,0.00,0.00,0.00,4.0,95830.0,95347.0,0.0,0.0,0.5,0.0,64.237,0.000,0.0,721608.0
2026-09-01T05:06:17,0.3,5197,1547350,1531007,0.3,0.00,3.44,0.00,20.65,0.00,0.00,0.00,4.0,95830.0,95347.0,0.0,0.0,0.5,0.0,65.212,0.000,0.0,868594.5
2026-09-01T05:06:18,0.6,5324,1547350,1530872,0.3,0.00,0.90,0.00,3.59,0.00,0.00,0.00,4.0,95830.0,95347.0,0.0,0.0,0.5,0.0,69.811,0.000,0.0,868594.5
2026-09-01T05:06:18,0.9,5190,1547350,1530749,0.3,0.00,17.86,0.00,95.66,0.00,0.14,0.00,2266.0,95830.0,93086.0,0.0,0.0,0.5,0.0,79.040,0.001,0.0,3498251.5
2026-09-01T05:06:24,0.2,5190,1547350,1530750,0.3,0.00,0.16,0.00,0.65,0.00,0.00,0.00,2266.0,95830.0,93086.0,0.0,0.0,0.5,0.0,79.097,0.000,0.0,686817.0
2026-09-01T05:06:25,0.2,5191,1547350,1530749,0.3,0.00,1.17,0.00,4.68,0.00,0.00,0.00,2266.0,95830.0,93086.0,0.0,0.0,0.5,0.0,79.095,0.000,0.0,672610.5
2026-09-01T05:06:26,0.2,5191,1547350,1530749,0.3,0.00,0.98,0.00,3.93,0.00,0.00,0.00,2266.0,95830.0,93086.0,0.0,0.0,0.5,0.0,79.066,0.000,0.0,667882.0
2026-09-01T05:06:28,0.2,5191,1547350,1530749,0.3,0.00,0.64,0.00,2.54,0.00,0.00,0.00,2266.0,95830.0,93086.0,0.0,0.0,0.5,0.0,79.101,0.000,0.0,664928.0
2026-09-01T05:06:29,0.3,5193,1547350,1530747,0.3,0.00,0.72,0.00,2.89,0.00,0.00,0.00,2266.0,95830.0,93086.0,0.0,0.0,0.5,0.0,79.144,0.000,0.0,664928.0
2026-09-01T05:06:30,0.2,5193,1547350,1530746,0.3,0.00,1.53,0.00,6.12,0.00,0.00,0.00,2266.0,95830.0,93086.0,0.0,0.0,0.5,0.0,79.124,0.000,0.0,748929.0
2026-09-01T05:06:30,0.2,5193,1547350,1530747,0.3,0.00,2.38,0.00,9.50,0.00,0.00,0.00,2266.0,95830.0,93086.0,0.0,0.0,0.5,0.0,79.056,0.000,0.0,748929.0
2026-09-01T05:06:31,0.2,5192,1547350,1530747,0.3,0.00,0.98,0.00,3.94,0.00,0.00,0.00,2266.0,95830.0,93086.0,0.0,0.0,0.5,0.0,79.068,0.000,0.0,688219.0
2026-09-01T05:06:32,0.2,5192,1547350,1530747,0.3,0.00,12.99,0.00,60.61,0.00,0.00,0.00,2266.0,95830.0,93086.0,0.0,0.0,0.5,0.0,79.078,0.000,0.0,755106.5
2026-09-01T05:06:32,0.2,5194,1547350,1530746,0.3,0.00,1.42,0.00,5.68,0.00,0.00,0.00,2266.0,95830.0,93086.0,0.0,0.0,0.5,0.0,79.077,0.000,0.0,755106.5
2026-09-01T05:06:33,0.2,5206,1547350,1530734,0.3,0.00,1.03,0.00,4.12,0.00,0.00,0.00,2266.0,95830.0,93086.0,0.0,0.0,0.5,0.0,79.142,0.000,0.0,720186.5
2026-09-01T05:06:34,0.3,5217,1547350,1530721,0.3,0.00,1.22,0.00,4.90,0.00,1.00,0.00,2874.0,95830.0,92478.0,0.0,0.0,0.5,0.0,79.236,0.001,0.0,10411582.0
2026-09-01T05:06:36,0.2,5218,1547350,1530720,0.3,0.00,0.69,0.00,2.75,0.00,0.00,0.00,2874.0,95830.0,92478.0,0.0,0.0,0.5,0.0,79.191,0.001,0.0,10411582.0
2026-09-01T05:06:36,0.2,5218,1547350,1530720,0.3,0.00,1.89,0.00,7.58,0.00,0.00,0.00,2874.0,95830.0,92478.0,0.0,0.0,0.5,0.0,79.077,0.000,0.0,770621.0
2026-09-01T05:06:37,0.2,5217,1547350,1530720,0.3,0.00,2.13,0.00,8.51,0.00,0.00,0.00,2874.0,95830.0,92478.0,0.0,0.0,0.5,0.0,79.227,0.000,0.0,770621.0
2026-09-01T05:06:37,0.2,5217,1547350,1530720,0.3,0.00,1.52,0.00,6.06,0.00,0.00,0.00,2874.0,95830.0,92478.0,0.0,0.0,0.5,0.0,79.270,0.000,0.0,708172.0
2026-09-01T05:06:39,0.2,5218,1547350,1530720,0.3,0.00,0.72,0.00,2.88,0.00,0.00,0.00,2874.0,95830.0,92478.0,0.0,0.0,0.5,0.0,79.231,0.000,0.0,708172.0
2026-09-01T05:06:39,0.2,5217,1547350,1530720,0.3,0.00,1.14,0.00,4.56,0.00,0.00,0.00,2874.0,95830.0,92478.0,0.0,0.0,0.5,0.0,79.311,0.000,0.0,733433.0
2026-09-01T05:06:40,0.2,5217,1547350,1530721,0.3,0.00,1.69,0.00,6.78,0.00,0.00,0.00,2874.0,95830.0,92478.0,0.0,0.0,0.5,0.0,79.357,0.000,0.0,733433.0
2026-09-01T05:06:40,0.2,5216,1547350,1530722,0.3,0.00,2.46,0.00,9.83,0.00,0.00,0.00,2874.0,95830.0,92478.0,0.0,0.0,0.5,0.0,79.279,0.000,0.0,733433.0
2026-09-01T05:06:41,0.3,5217,1547350,1530721,0.3,0.00,2.50,0.00,10.00,0.00,0.00,0.00,2874.0,95830.0,92478.0,0.0,0.0,0.5,0.0,79.250,0.000,0.0,773424.5
2026-09-01T05:06:41,0.2,5217,1547350,1530721,0.3,0.00,1.67,0.00,6.67,0.00,0.00,0.00,2874.0,95830.0,92478.0,0.0,0.0,0.5,0.0,79.309,0.000,0.0,773424.5
2026-09-01T05:06:42,0.3,5217,1547350,1530720,0.3,0.00,3.33,0.00,13.33,0.00,0.00,0.00,2874.0,95830.0,92478.0,0.0,0.0,0.5,0.0,79.292,0.000,0.0,756025.5
2026-09-01T05:06:43,0.2,5217,1547350,1530721,0.3,0.00,2.20,0.00,8.81,0.00,0.00,0.00,2874.0,95830.0,92478.0,0.0,0.0,0.5,0.0,79.316,0.000,0.0,660988.5
2026-09-01T05:06:44,0.2,5218,1547350,1530720,0.3,0.00,0.70,0.00,2.81,0.00,0.00,0.00,2874.0,95830.0,92478.0,0.0,0.0,0.5,0.0,79.270,0.000,0.0,660988.5
2026-09-01T05:06:45,0.2,5229,1547350,1530709,0.3,0.00,1.02,0.00,4.06,0.00,0.00,0.00,2892.0,95830.0,92460.0,0.0,0.0,0.5,0.0,79.317,0.000,0.0,2123914.0
2026-09-01T05:06:47,0.2,5230,1547350,1530708,0.3,0.00,0.65,0.00,2.58,0.00,0.00,0.00,2892.0,95830.0,92460.0,0.0,0.0,0.5,0.0,79.298,0.000,0.0,675760.5
2026-09-01T05:06:48,0.2,5230,1547350,1530708,0.3,0.00,1.67,0.00,6.67,0.00,0.50,0.00,2892.0,95830.0,92460.0,0.0,0.0,0.5,0.0,79.280,0.000,0.0,655410.0
2026-09-01T05:06:50,0.3,5699,1547350,1530228,0.4,0.00,2.64,0.00,23.59,0.00,0.00,0.00,3006.0,95830.0,92346.0,3.0,0.0,0.5,0.0,79.983,0.004,0.0,867487.0
2026-09-01T05:06:51,0.2,5701,1547350,1530226,0.4,0.00,2.73,0.00,10.93,0.00,0.00,0.00,3006.0,95830.0,92346.0,0.0,0.0,0.5,0.0,79.345,0.000,0.0,742177.5
2026-09-01T05:06:52,0.4,5713,1547350,1530215,0.4,0.00,0.77,0.00,3.07,0.00,0.00,0.00,3006.0,95830.0,92346.0,0.0,0.0,0.5,1.5,80.054,0.000,0.0,742177.5
2026-09-01T05:06:52,1.0,5725,1547350,1530202,0.4,0.00,3.19,0.00,12.78,0.00,0.00,0.00,3012.0,95830.0,92340.0,3.0,0.0,0.5,1.5,80.482,0.000,0.0,742177.5
2026-09-01T05:06:53,0.6,5774,1547350,1530153,0.4,0.00,3.40,0.00,13.61,0.00,0.00,0.00,3012.0,95830.0,92340.0,3.0,0.0,0.5,0.0,80.798,0.002,0.0,10675356.5
2026-09-01T05:06:53,0.7,5944,1547350,1529975,0.4,0.00,1.62,0.00,6.49,0.00,0.00,0.00,3113.0,95830.0,92238.0,0.0,0.0,0.5,1.0,80.534,0.002,0.0,10675356.5
2026-09-01T05:06:54,0.9,5998,1547350,1529850,0.4,0.00,1.99,0.00,7.95,0.00,0.00,0.00,10659.0,95830.0,84692.0,0.0,0.0,0.5,0.0,79.395,0.001,0.0,39910165.0
2026-09-01T05:06:56,0.2,6083,1547350,1529763,0.4,0.00,0.54,0.00,2.16,0.00,0.00,0.00,10813.0,95830.0,84538.0,0.0,0.0,0.5,0.0,79.430,0.000,0.0,672171.0
2026-09-01T05:06:57,0.3,6221,1547350,1529625,0.4,0.00,1.19,0.00,4.75,0.00,0.00,0.00,10849.0,95830.0,84502.0,0.0,0.0,0.5,0.0,79.568,0.025,0.0,1521138.5
2026-09-01T05:06:59,0.4,6251,1547350,1529595,0.4,0.00,0.65,0.00,2.59,0.00,0.00,0.06,10851.0,95830.0,84500.0,0.0,1.5,0.5,7.0,99.272,0.025,0.0,1521138.5
2026-09-01T05:06:59,1.3,6253,1547350,1529593,0.4,0.00,2.91,0.00,11.63,0.00,0.00,0.00,10863.0,95830.0,84488.0,80.0,7.0,0.5,38.5,122.849,0.025,0.0,1521138.5
2026-09-01T05:07:00,0.8,6254,1547350,1529591,0.4,0.00,3.44,0.00,13.75,0.00,1.00,0.00,10863.0,95830.0,84488.0,80.0,2.5,0.5,14.5,137.331,0.199,0.1,31734883.0
2026-09-01T05:07:00,0.6,6259,1547350,1529586,0.4,0.00,1.22,0.00,4.90,0.00,0.00,0.00,10863.0,95830.0,84488.0,76.0,0.0,0.5,0.0,103.231,0.199,0.1,31734883.0
2026-09-01T05:07:01,0.6,6267,1547350,1529578,0.4,0.00,2.06,0.00,8.23,0.00,0.00,0.00,10863.0,95830.0,84488.0,76.0,0.0,0.5,0.0,81.860,0.072,0.0,8231156.5
2026-09-01T05:07:01,1.1,6270,1547350,1529576,0.4,0.00,2.30,0.00,9.20,0.00,0.00,0.00,10863.0,95830.0,84488.0,0.0,8.5,0.5,41.0,100.975,0.072,0.0,8231156.5
2026-09-01T05:07:02,1.3,6273,1547350,1529572,0.4,0.00,2.43,0.00,9.73,0.00,0.00,0.00,10863.0,95830.0,84488.0,0.0,7.5,0.5,32.0,130.829,0.072,0.0,8231156.5
2026-09-01T05:07:02,0.5,6275,1547350,1529571,0.4,0.00,2.21,0.00,8.85,0.00,0.00,0.00,10863.0,95830.0,84488.0,3.0,0.0,0.5,1.5,113.780,0.195,0.1,23406127.5
2026-09-01T05:07:02,0.8,6323,1547350,1529523,0.4,0.00,3.41,0.00,13.65,0.00,0.00,0.00,10863.0,95830.0,84488.0,3.0,1.0,0.5,6.5,108.684,0.195,0.1,23406127.5
2026-09-01T05:07:03,1.0,6323,1547350,1529522,0.4,0.00,1.98,0.00,7.92,0.00,0.00,0.00,10863.0,95830.0,84488.0,3.0,5.5,0.5,21.5,124.419,0.195,0.1,23406127.5
2026-09-01T05:07:03,1.3,6328,1547350,1529517,0.4,0.00,2.79,0.00,11.17,0.00,0.00,0.00,10915.0,95830.0,84436.0,22.0,7.0,0.5,29.5,128.332,0.228,0.2,20953283.0
2026-09-01T05:07:04,0.9,6330,1547350,1529515,0.4,0.00,3.72,0.00,14.87,0.00,0.00,0.00,10915.0,95830.0,84436.0,22.0,2.5,0.5,16.0,130.711,0.228,0.2,20953283.0
2026-09-01T05:07:04,1.0,6334,1547350,1529511,0.4,0.00,2.56,0.00,10.23,0.00,0.00,0.00,10915.0,95830.0,84436.0,22.0,4.0,0.5,23.5,126.325,0.228,0.2,20953283.0
2026-09-01T05:07:04,1.3,6338,1547350,1529507,0.4,0.00,2.35,0.00,9.39,0.00,0.00,0.00,10917.0,95830.0,84434.0,43.0,3.0,0.5,12.0,128.085,0.237,0.2,28965601.5
2026-09-01T05:07:05,0.6,6339,1547350,1529507,0.4,0.00,2.97,0.00,11.87,0.00,0.00,0.30,10917.0,95830.0,84434.0,43.0,0.0,0.5,1.0,116.736,0.237,0.2,28965601.5
2026-09-01T05:07:05,1.0,6342,1547350,1529503,0.4,0.00,1.84,0.00,7.37,0.00,0.00,0.00,10917.0,95830.0,84434.0,2.0,7.5,0.5,34.5,108.937,0.160,0.1,21928220.5
2026-09-01T05:07:06,1.3,6345,1547350,1529501,0.4,0.00,2.24,0.00,8.97,0.00,0.00,0.00,10917.0,95830.0,84434.0,2.0,6.5,0.5,28.0,125.554,0.160,0.1,21928220.5
2026-09-01T05:07:06,0.7,6347,1547350,1529499,0.4,0.00,1.64,0.00,6.57,0.00,0.00,0.00,10917.0,95830.0,84434.0,65.0,0.5,0.5,2.5,120.885,0.160,0.1,21928220.5
2026-09-01T05:07:07,1.3,6349,1547350,1529497,0.4,0.00,3.36,0.00,13.42,0.00,0.00,0.00,10917.0,95830.0,84434.0,65.0,9.0,0.5,43.0,127.426,0.263,0.2,34423923.0
2026-09-01T05:07:07,1.3,6350,1547350,1529495,0.4,0.00,3.28,0.00,13.11,0.00,0.00,0.00,10917.0,95830.0,84434.0,65.0,7.0,0.5,39.5,135.644,0.263,0.2,34423923.0
2026-09-01T05:07:07,1.0,6350,1547350,1529495,0.4,0.00,2.72,0.00,10.90,0.00,0.00,0.00,10917.0,95830.0,84434.0,79.0,7.5,0.5,30.5,144.042,0.298,0.2,41621253.0
2026-09-01T05:07:08,0.6,6352,1547350,1529493,0.4,0.00,1.15,0.00,4.61,0.00,0.00,0.00,10917.0,95830.0,84434.0,0.0,0.0,0.5,0.0,107.870,0.298,0.2,41621253.0
2026-09-01T05:07:08,1.0,6353,1547350,1529492,0.4,0.00,3.53,0.00,14.13,0.00,0.00,0.00,10917.0,95830.0,84434.0,0.0,0.0,0.5,1.0,105.454,0.298,0.2,41621253.0
2026-09-01T05:07:09,1.3,6353,1547350,1529492,0.4,0.00,2.40,0.00,9.62,0.00,0.00,0.00,10917.0,95830.0,84434.0,0.0,7.0,0.5,40.5,138.745,0.196,0.1,24499943.5
2026-09-01T05:07:09,1.4,6352,1547350,1529493,0.4,0.00,2.24,0.00,8.95,0.00,0.00,0.00,10917.0,95830.0,84434.0,81.0,7.5,0.5,41.0,145.998,0.196,0.1,24499943.5
2026-09-01T05:07:10,0.6,6353,1547350,1529492,0.4,0.00,3.36,0.00,13.42,0.00,0.00,0.00,10917.0,95830.0,84434.0,81.0,0.0,0.5,0.0,121.192,0.199,0.1,30358749.5
2026-09-01T05:07:10,1.0,6352,1547350,1529493,0.4,0.00,1.40,0.00,5.61,0.00,1.00,0.00,10917.0,95830.0,84434.0,0.0,4.0,0.5,23.0,108.668,0.199,0.1,30358749.5
2026-09-01T05:07:11,1.3,6353,1547350,1529493,0.4,0.00,2.30,0.00,9.20,0.00,0.00,0.00,10917.0,95830.0,84434.0,0.0,7.0,0.5,39.5,130.993,0.199,0.1,30358749.5
2026-09-01T05:07:11,1.4,6349,1547350,1529497,0.4,0.00,2.19,0.00,8.77,0.00,0.00,0.00,10917.0,95830.0,84434.0,79.0,7.0,0.5,40.0,147.178,0.342,0.2,45844841.0
2026-09-01T05:07:12,0.5,6350,1547350,1529496,0.4,0.00,2.19,0.00,8.75,0.00,0.00,0.00,10917.0,95830.0,84434.0,79.0,0.0,0.5,0.0,128.772,0.342,0.2,45844841.0
2026-09-01T05:07:12,1.3,6350,1547350,1529495,0.4,0.00,3.23,0.00,12.90,0.00,0.00,0.00,10917.0,95830.0,84434.0,79.0,8.5,0.5,42.0,129.563,0.342,0.2,45844841.0
2026-09-01T05:07:12,1.4,6350,1547350,1529495,0.4,0.00,2.87,0.00,11.46,0.00,0.00,0.00,10917.0,95830.0,84434.0,84.0,7.5,0.5,40.5,137.494,0.251,0.2,34398923.5
2026-09-01T05:07:13,0.9,6349,1547350,1529496,0.4,0.00,3.15,0.00,12.62,0.00,0.00,0.00,10917.0,95830.0,84434.0,84.0,0.0,0.5,0.5,144.070,0.251,0.2,34398923.5
2026-09-01T05:07:13,1.0,6350,1547350,1529496,0.4,0.00,1.82,0.00,7.27,0.00,0.00,0.00,10917.0,95830.0,84434.0,82.0,0.0,0.5,0.0,126.512,0.220,0.1,30062361.0
2026-09-01T05:07:14,1.4,6351,1547350,1529494,0.4,0.00,2.27,0.00,9.07,0.00,0.00,0.00,10917.0,95830.0,84434.0,82.0,9.5,0.5,43.5,136.297,0.220,0.1,30062361.0
2026-09-01T05:07:14,0.4,6352,1547350,1529493,0.4,0.00,2.54,0.00,10.18,0.00,0.00,0.00,10917.0,95830.0,84434.0,82.0,0.0,0.5,0.0,113.381,0.220,0.1,30062361.0
2026-09-01T05:07:14,1.4,6352,1547350,1529494,0.4,0.00,3.45,0.00,13.79,0.00,0.00,0.00,10917.0,95830.0,84434.0,0.0,5.0,0.5,28.5,114.228,0.200,0.1,22922377.5
2026-09-01T05:07:15,0.9,6352,1547350,1529493,0.4,0.00,2.10,0.00,8.39,0.00,0.00,0.00,10917.0,95830.0,84434.0,0.0,9.0,0.5,43.0,136.701,0.200,0.1,22922377.5
2026-09-01T05:07:15,1.0,6354,1547350,1529492,0.4,0.00,2.04,0.00,8.16,0.00,0.00,0.00,10917.0,95830.0,84434.0,81.0,6.0,0.5,24.5,146.101,0.300,0.2,38660041.5
2026-09-01T05:07:16,1.3,6353,1547350,1529493,0.4,0.00,1.60,0.00,6.39,0.00,0.00,0.00,10917.0,95830.0,84434.0,81.0,7.5,0.5,41.0,146.219,0.300,0.2,38660041.5
2026-09-01T05:07:16,1.3,6352,1547350,1529493,0.4,0.00,2.15,0.00,8.60,0.00,0.00,0.00,10917.0,95830.0,84434.0,82.0,7.0,0.5,40.5,160.748,0.300,0.2,38660041.5
2026-09-01T05:07:17,1.3,6352,1547350,1529494,0.4,0.00,3.24,0.00,12.94,0.00,0.00,0.00,10917.0,95830.0,84434.0,82.0,7.5,0.5,41.0,161.882,0.404,0.2,63589216.5
2026-09-01T05:07:17,1.3,6352,1547350,1529493,0.4,0.00,3.28,0.00,13.11,0.00,0.00,0.00,10917.0,95830.0,84434.0,82.0,7.5,0.5,40.5,162.465,0.404,0.2,63589216.5
2026-09-01T05:07:18,0.5,6353,1547350,1529492,0.4,0.00,1.75,0.00,7.01,0.00,0.00,0.00,10917.0,95830.0,84434.0,81.0,0.0,0.5,0.0,127.857,0.404,0.2,63589216.5
2026-09-01T05:07:18,0.9,6354,1547350,1529491,0.4,0.00,3.32,0.00,13.29,0.00,0.00,0.00,10917.0,95830.0,84434.0,81.0,2.0,0.5,12.5,109.162,0.224,0.1,31544161.5
2026-09-01T05:07:18,1.3,6354,1547350,1529491,0.4,0.00,2.01,0.00,8.05,0.00,0.00,0.00,10917.0,95830.0,84434.0,25.0,7.5,0.5,40.5,133.719,0.224,0.1,31544161.5
2026-09-01T05:07:19,1.4,6354,1547350,1529492,0.4,0.00,2.40,0.00,9.59,0.00,0.00,0.24,10917.0,95830.0,84434.0,25.0,7.0,0.5,40.5,144.560,0.224,0.1,31544161.5
2026-09-01T05:07:19,1.3,6353,1547350,1529492,0.4,0.00,12.05,0.00,148.59,0.00,0.00,0.00,10917.0,95830.0,84434.0,25.0,7.5,0.5,40.5,163.903,0.224,0.1,31544161.5
2026-09-01T05:07:19,1.3,6353,1547350,1529493,0.4,0.00,3.15,0.00,12.62,0.00,1.00,0.00,10917.0,95830.0,84434.0,81.0,7.5,0.5,40.5,161.931,0.396,0.2,61336892.5
2026-09-01T05:07:20,0.6,6354,1547350,1529492,0.4,0.00,2.91,0.00,11.63,0.00,0.00,0.00,10917.0,95830.0,84434.0,81.0,0.0,0.5,0.5,137.180,0.396,0.2,61336892.5
2026-09-01T05:07:20,1.3,6354,1547350,1529491,0.4,0.00,3.66,0.00,14.65,0.00,0.00,0.00,10917.0,95830.0,84434.0,79.0,7.0,0.5,39.5,138.370,0.396,0.2,61336892.5
2026-09-01T05:07:21,0.6,6354,1547350,1529492,0.4,0.00,1.75,0.00,6.98,0.00,0.00,0.00,10917.0,95830.0,84434.0,79.0,0.5,0.5,2.5,129.389,0.189,0.1,25624224.0
2026-09-01T05:07:21,1.0,6354,1547350,1529492,0.4,0.00,4.26,0.00,17.02,0.00,0.00,0.00,10917.0,95830.0,84434.0,79.0,5.5,0.5,25.5,126.373,0.189,0.1,25624224.0
2026-09-01T05:07:21,1.3,6353,1547350,1529492,0.4,0.00,2.11,0.00,8.42,0.00,0.00,0.00,10917.0,95830.0,84434.0,50.0,7.5,0.5,40.5,134.064,0.189,0.1,25624224.0
2026-09-01T05:07:22,0.9,6354,1547350,1529492,0.4,0.00,3.98,0.00,15.94,0.00,0.00,0.00,10917.0,95830.0,84434.0,50.0,6.0,0.5,34.0,140.008,0.269,0.2,30131433.0
2026-09-01T05:07:22,1.3,6353,1547350,1529492,0.4,0.00,3.17,0.00,12.70,0.00,0.00,0.00,10917.0,95830.0,84434.0,50.0,2.5,0.5,11.5,153.767,0.269,0.2,30131433.0
2026-09-01T05:07:22,1.3,6353,1547350,1529492,0.4,0.00,4.00,0.00,16.00,0.00,0.00,0.40,10917.0,95830.0,84434.0,50.0,7.5,0.5,40.5,150.929,0.269,0.2,30131433.0
2026-09-01T05:07:22,1.3,6353,1547350,1529492,0.4,0.00,3.33,0.00,13.33,0.00,0.00,0.00,10917.0,95830.0,84434.0,81.0,7.5,0.5,40.5,151.526,0.269,0.2,30131433.0
2026-09-01T05:07:23,1.4,6354,1547350,1529491,0.4,0.00,4.00,0.00,16.00,0.00,0.00,0.00,10917.0,95830.0,84434.0,81.0,7.5,0.5,41.0,161.373,0.407,0.3,60909274.5
2026-09-01T05:07:23,0.5,6355,1547350,1529491,0.4,0.00,5.21,0.00,31.25,0.00,0.00,0.00,10917.0,95830.0,84434.0,81.0,0.0,0.5,0.0,127.752,0.407,0.3,60909274.5
2026-09-01T05:07:23,1.0,6354,1547350,1529491,0.4,0.00,2.87,0.00,11.46,0.00,0.00,0.00,10917.0,95830.0,84434.0,0.0,3.5,0.5,20.0,114.733,0.407,0.3,60909274.5
2026-09-01T05:07:24,1.5,6356,1547350,1529489,0.4,0.00,2.61,0.00,10.44,0.00,0.00,0.00,10917.0,95830.0,84434.0,0.0,7.0,0.5,26.5,129.792,0.185,0.1,19554080.5
2026-09-01T05:07:24,1.3,6356,1547350,1529489,0.4,0.00,3.45,0.00,13.79,0.00,0.00,0.00,10917.0,95830.0,84434.0,0.0,7.5,0.5,40.5,152.250,0.185,0.1,19554080.5
2026-09-01T05:07:24,1.3,6356,1547350,1529489,0.4,0.00,2.71,0.00,10.84,0.00,0.00,0.00,10917.0,95830.0,84434.0,81.0,7.5,0.5,40.5,159.040,0.185,0.1,19554080.5
2026-09-01T05:07:25,1.4,6356,1547350,1529490,0.4,0.00,3.83,0.00,15.33,0.00,0.00,0.00,10917.0,95830.0,84434.0,81.0,7.5,0.5,40.0,162.678,0.185,0.1,19554080.5
2026-09-01T05:07:25,0.9,6356,1547350,1529489,0.4,0.00,3.85,0.00,15.38,0.00,0.00,0.00,10917.0,95830.0,84434.0,81.0,5.5,0.5,32.0,150.623,0.357,0.2,56326969.5
2026-09-01T05:07:25,1.3,6357,1547350,1529488,0.4,0.00,2.77,0.00,11.08,0.00,0.00,0.00,10917.0,95830.0,84434.0,29.0,8.0,0.5,40.0,150.217,0.357,0.2,56326969.5
2026-09-01T05:07:26,1.4,6357,1547350,1529488,0.4,0.00,3.24,0.00,12.94,0.00,0.00,0.00,10917.0,95830.0,84434.0,29.0,6.5,0.5,37.5,148.901,0.357,0.2,56326969.5
2026-09-01T05:07:26,1.3,6358,1547350,1529487,0.4,0.00,3.98,0.00,15.94,0.00,0.00,0.00,10917.0,95830.0,84434.0,29.0,7.0,0.5,39.0,160.362,0.357,0.2,56326969.5
2026-09-01T05:07:26,1.1,6359,1547350,1529486,0.4,0.00,3.28,0.00,13.11,0.00,0.00,0.00,10917.0,95830.0,84434.0,29.0,6.0,0.5,33.5,147.174,0.336,0.2,48915756.0
2026-09-01T05:07:26,1.3,6360,1547350,1529486,0.4,0.00,3.85,0.00,15.38,0.00,1.00,0.00,10917.0,95830.0,84434.0,67.0,2.5,0.5,11.5,147.882,0.336,0.2,48915756.0
2026-09-01T05:07:27,1.0,6360,1547350,1529486,0.4,0.00,3.86,0.00,15.44,0.00,0.00,0.00,10917.0,95830.0,84434.0,67.0,3.5,0.5,21.5,135.139,0.336,0.2,48915756.0
2026-09-01T05:07:27,1.4,6360,1547350,1529485,0.4,0.00,3.40,0.00,13.61,0.00,0.00,0.00,10917.0,95830.0,84434.0,67.0,6.0,0.5,23.5,143.123,0.336,0.2,48915756.0
2026-09-01T05:07:27,1.1,6360,1547350,1529486,0.4,0.00,2.65,0.00,10.58,0.00,0.00,0.00,10917.0,95830.0,84434.0,82.0,6.0,0.5,34.0,139.277,0.283,0.2,36623084.5
2026-09-01T05:07:28,1.3,6362,1547350,1529483,0.4,0.00,3.55,0.00,14.18,0.00,0.00,0.00,10917.0,95830.0,84434.0,82.0,3.0,0.5,12.5,146.571,0.283,0.2,36623084.5
2026-09-01T05:07:28,1.4,6362,1547350,1529483,0.4,0.00,3.86,0.00,15.44,0.00,0.00,0.00,10917.0,95830.0,84434.0,82.0,7.0,0.5,40.5,149.968,0.283,0.2,36623084.5
2026-09-01T05:07:28,1.1,6363,1547350,1529483,0.4,0.00,3.82,0.00,15.27,0.00,0.00,0.38,10917.0,95830.0,84434.0,77.0,7.0,0.5,38.5,142.327,0.283,0.2,36623084.5
2026-09-01T05:07:29,1.3,6364,1547350,1529481,0.4,0.00,2.73,0.00,10.93,0.00,0.00,0.00,10917.0,95830.0,84434.0,77.0,7.5,0.5,32.0,150.028,0.326,0.2,43277146.0
2026-09-01T05:07:29,1.4,6365,1547350,1529480,0.4,0.00,3.92,0.00,15.69,0.00,0.00,0.00,10917.0,95830.0,84434.0,77.0,7.0,0.5,39.5,149.410,0.326,0.2,43277146.0
2026-09-01T05:07:29,1.4,6366,1547350,1529480,0.4,0.00,3.91,0.00,15.62,0.00,0.00,0.00,10917.0,95830.0,84434.0,77.0,6.5,0.5,36.0,142.008,0.326,0.2,43277146.0
2026-09-01T05:07:29,1.0,6365,1547350,1529481,0.4,0.00,2.58,0.00,10.31,0.00,0.00,0.00,10917.0,95830.0,84434.0,72.0,1.5,0.5,8.5,148.589,0.326,0.2,43277146.0
2026-09-01T05:07:30,1.3,6366,1547350,1529480,0.4,0.00,3.86,0.00,15.44,0.00,0.00,0.00,10917.0,95830.0,84434.0,72.0,8.5,0.5,42.0,149.056,0.333,0.2,48143145.0
2026-09-01T05:07:30,1.3,6366,1547350,1529480,0.4,0.00,3.76,0.00,15.04,0.00,0.00,0.00,10917.0,95830.0,84434.0,72.0,7.0,0.5,40.0,149.602,0.333,0.2,48143145.0
2026-09-01T05:07:30,0.9,6365,1547350,1529480,0.4,0.00,3.85,0.00,15.38,0.00,0.00,0.00,10917.0,95830.0,84434.0,75.0,6.5,0.5,37.5,148.747,0.333,0.2,48143145.0
2026-09-01T05:07:31,0.8,6368,1547350,1529477,0.4,0.00,1.92,0.00,7.68,0.00,0.00,0.00,10917.0,95830.0,84434.0,75.0,0.0,0.5,0.5,125.357,0.240,0.2,31827268.0
2026-09-01T05:07:31,1.3,6369,1547350,1529476,0.4,0.00,4.10,0.00,16.39,0.00,0.00,0.00,10917.0,95830.0,84434.0,75.0,6.0,0.5,23.0,127.728,0.240,0.2,31827268.0
2026-09-01T05:07:31,1.0,6369,1547350,1529477,0.4,0.00,2.72,0.00,10.87,0.00,0.00,0.00,10917.0,95830.0,84434.0,46.0,4.5,0.5,26.0,125.413,0.240,0.2,31827268.0
2026-09-01T05:07:32,1.3,6368,1547350,1529477,0.4,0.00,3.69,0.00,14.76,0.00,0.00,0.00,10917.0,95830.0,84434.0,46.0,5.0,0.5,19.0,149.028,0.240,0.2,31827268.0
2026-09-01T05:07:32,1.0,6369,1547350,1529476,0.4,0.00,4.00,0.00,16.00,0.00,0.00,0.00,10917.0,95830.0,84434.0,46.0,7.0,0.5,38.0,133.992,0.255,0.2,34534674.0
2026-09-01T05:07:32,1.3,6370,1547350,1529476,0.4,0.00,3.50,0.00,13.99,0.00,0.00,0.00,10917.0,95830.0,84434.0,46.0,7.0,0.5,39.5,138.421,0.255,0.2,34534674.0
2026-09-01T05:07:32,0.9,6370,1547350,1529475,0.4,0.00,3.30,0.00,13.20,0.00,0.00,0.00,10917.0,95830.0,84434.0,56.0,1.5,0.5,9.5,134.145,0.255,0.2,34534674.0
2026-09-01T05:07:33,1.3,6369,1547350,1529476,0.4,0.00,3.79,0.00,15.15,0.00,0.00,0.00,10917.0,95830.0,84434.0,56.0,8.5,0.5,36.5,144.234,0.255,0.2,34534674.0
2026-09-01T05:07:33,1.4,6369,1547350,1529477,0.4,0.00,3.89,0.00,15.56,0.00,0.00,0.00,10917.0,95830.0,84434.0,56.0,7.0,0.5,40.0,150.044,0.337,0.2,45069443.5
2026-09-01T05:07:33,1.4,6368,1547350,1529478,0.4,0.00,2.62,0.00,10.47,0.00,0.00,0.00,10917.0,95830.0,84434.0,80.0,7.0,0.5,39.0,159.830,0.337,0.2,45069443.5
2026-09-01T05:07:34,0.9,6368,1547350,1529478,0.4,0.00,21.58,0.00,86.33,0.00,0.17,0.00,10917.0,95830.0,84434.0,80.0,1.0,0.5,5.0,149.440,0.337,0.2,45069443.5
2026-09-01T05:07:34,1.4,6368,1547350,1529478,0.4,0.00,4.15,0.00,16.60,0.00,0.00,0.00,10917.0,95830.0,84434.0,80.0,1.0,0.5,4.5,136.254,0.257,0.2,34923132.0
2026-09-01T05:07:34,1.0,6368,1547350,1529477,0.4,0.00,2.11,0.00,8.44,0.00,0.00,0.00,10917.0,95830.0,84434.0,9.0,10.0,0.5,40.0,141.555,0.257,0.2,34923132.0
2026-09-01T05:07:35,1.4,6369,1547350,1529476,0.4,0.00,3.75,0.00,14.98,0.00,0.00,0.00,10917.0,95830.0,84434.0,9.0,7.0,0.5,40.0,152.383,0.257,0.2,34923132.0
2026-09-01T05:07:35,1.3,6369,1547350,1529476,0.4,0.00,3.88,0.00,15.50,0.00,0.00,0.00,10917.0,95830.0,84434.0,9.0,7.0,0.5,40.0,158.377,0.257,0.2,34923132.0
2026-09-01T05:07:35,1.4,6369,1547350,1529477,0.4,0.00,3.88,0.00,15.50,0.00,0.00,0.00,10917.0,95830.0,84434.0,81.0,7.0,0.5,39.0,162.268,0.405,0.3,58749742.5
2026-09-01T05:07:35,1.0,6370,1547350,1529476,0.4,0.00,2.81,0.00,11.24,0.00,0.00,0.00,10917.0,95830.0,84434.0,81.0,2.0,0.5,12.5,146.827,0.405,0.3,58749742.5
2026-09-01T05:07:36,1.5,6370,1547350,1529475,0.4,0.00,2.24,0.00,8.97,0.00,0.00,0.00,10917.0,95830.0,84434.0,81.0,2.0,0.5,11.0,138.273,0.405,0.3,58749742.5
2026-09-01T05:07:36,1.0,6371,1547350,1529475,0.4,0.00,2.27,0.00,9.09,0.00,0.00,0.00,10917.0,95830.0,84434.0,22.0,8.5,0.5,37.0,138.227,0.271,0.2,33969519.0
2026-09-01T05:07:37,1.4,6370,1547350,1529475,0.4,0.00,4.83,0.00,19.32,0.00,0.00,0.00,10917.0,95830.0,84434.0,22.0,7.0,0.5,39.5,149.963,0.271,0.2,33969519.0
2026-09-01T05:07:37,1.3,6370,1547350,1529475,0.4,0.00,3.83,0.00,15.33,0.00,0.00,0.00,10917.0,95830.0,84434.0,22.0,7.0,0.5,39.5,150.768,0.271,0.2,33969519.0
2026-09-01T05:07:37,0.6,6371,1547350,1529475,0.4,0.00,2.74,0.00,10.96,0.00,0.00,0.00,10917.0,95830.0,84434.0,16.0,0.0,0.5,0.0,132.667,0.271,0.2,33969519.0
2026-09-01T05:07:37,1.3,6372,1547350,1529473,0.4,0.00,3.53,0.00,14.13,0.00,0.00,0.00,10917.0,95830.0,84434.0,16.0,9.0,0.5,40.0,132.765,0.272,0.2,38838731.5
2026-09-01T05:07:38,0.5,6370,1547350,1529475,0.4,0.00,2.82,0.00,11.27,0.00,0.00,0.00,10917.0,95830.0,84434.0,16.0,0.0,0.5,0.0,110.566,0.272,0.2,38838731.5
2026-09-01T05:07:38,1.1,6371,1547350,1529475,0.4,0.00,3.68,0.00,14.71,0.00,1.00,0.00,10917.0,95830.0,84434.0,74.0,0.0,0.5,2.0,124.242,0.272,0.2,38838731.5
2026-09-01T05:07:38,1.4,6371,1547350,1529474,0.4,0.00,2.81,0.00,11.24,0.00,0.00,0.00,10917.0,95830.0,84434.0,74.0,9.0,0.5,41.5,127.059,0.272,0.2,38838731.5
2026-09-01T05:07:39,1.3,6370,1547350,1529475,0.4,0.00,3.95,0.00,15.81,0.00,0.00,0.00,10917.0,95830.0,84434.0,74.0,7.0,0.5,39.5,142.371,0.230,0.2,28618331.5
2026-09-01T05:07:39,1.4,6371,1547350,1529474,0.4,0.00,3.88,0.00,15.50,0.00,0.00,0.00,10917.0,95830.0,84434.0,81.0,7.0,0.5,38.5,163.409,0.230,0.2,28618331.5
2026-09-01T05:07:39,1.1,6370,1547350,1529475,0.4,0.00,1.95,0.00,7.78,0.00,0.00,0.00,10917.0,95830.0,84434.0,81.0,0.5,0.5,3.5,146.569,0.230,0.2,28618331.5
2026-09-01T05:07:40,1.0,6371,1547350,1529474,0.4,0.00,2.62,0.00,10.47,0.00,0.00,0.00,10917.0,95830.0,84434.0,81.0,7.5,0.5,34.0,136.817,0.290,0.2,41299571.0
2026-09-01T05:07:40,1.0,6373,1547350,1529473,0.4,0.00,2.99,0.00,11.98,0.00,0.00,0.00,10917.0,95830.0,84434.0,29.0,5.5,0.5,25.0,128.594,0.290,0.2,41299571.0
2026-09-01T05:07:41,1.3,6374,1547350,1529472,0.4,0.00,2.86,0.00,11.43,0.00,0.00,0.00,10917.0,95830.0,84434.0,29.0,7.0,0.5,40.5,141.826,0.290,0.2,41299571.0
2026-09-01T05:07:41,1.4,6374,1547350,1529471,0.4,0.00,2.65,0.00,10.58,0.00,0.00,0.00,10917.0,95830.0,84434.0,29.0,7.0,0.5,39.5,154.513,0.290,0.2,41299571.0
2026-09-01T05:07:41,1.3,6374,1547350,1529471,0.4,0.00,3.83,0.00,15.33,0.00,0.00,0.00,10917.0,95830.0,84434.0,76.0,7.0,0.5,39.0,157.585,0.336,0.2,44726137.0
2026-09-01T05:07:42,1.4,6375,1547350,1529471,0.4,0.00,3.25,0.00,12.99,0.00,0.00,0.00,10917.0,95830.0,84434.0,76.0,7.0,0.5,39.5,160.534,0.336,0.2,44726137.0
2026-09-01T05:07:42,1.3,6377,1547350,1529469,0.4,0.00,3.97,0.00,15.87,0.00,0.00,0.00,10917.0,95830.0,84434.0,76.0,7.0,0.5,39.0,160.279,0.336,0.2,44726137.0
2026-09-01T05:07:42,1.4,6377,1547350,1529469,0.4,0.00,3.72,0.00,14.87,0.00,0.00,0.00,10917.0,95830.0,84434.0,72.0,0.0,0.5,1.0,141.970,0.310,0.2,48649408.0
2026-09-01T05:07:42,0.7,6377,1547350,1529468,0.4,0.00,2.11,0.00,8.46,0.00,0.00,0.00,10917.0,95830.0,84434.0,72.0,8.0,0.5,35.0,133.741,0.310,0.2,48649408.0
2026-09-01T05:07:43,1.1,6380,1547350,1529466,0.4,0.00,2.79,0.00,11.17,0.00,0.00,0.00,10917.0,95830.0,84434.0,72.0,9.5,0.5,41.5,128.347,0.310,0.2,48649408.0
2026-09-01T05:07:43,1.0,6379,1547350,1529466,0.4,0.00,2.55,0.00,10.20,0.00,0.00,0.00,10917.0,95830.0,84434.0,16.0,9.0,0.5,39.5,129.917,0.234,0.2,22799388.5
2026-09-01T05:07:44,1.1,6380,1547350,1529466,0.4,0.00,5.59,0.00,22.35,0.00,0.00,0.00,10917.0,95830.0,84434.0,16.0,5.0,0.5,24.0,131.151,0.234,0.2,22799388.5
2026-09-01T05:07:44,1.3,6383,1547350,1529463,0.4,0.00,2.79,0.00,11.17,0.00,0.00,0.00,10917.0,95830.0,84434.0,16.0,6.0,0.5,23.0,144.042,0.234,0.2,22799388.5
2026-09-01T05:07:44,1.0,6384,1547350,1529462,0.4,0.00,3.86,0.00,15.44,0.00,0.00,0.00,10919.0,95830.0,84432.0,79.0,5.0,0.5,19.0,140.278,0.281,0.2,33829683.5
2026-09-01T05:07:45,1.3,6385,1547350,1529461,0.4,0.00,2.00,0.00,8.02,0.00,0.00,0.00,10919.0,95830.0,84432.0,79.0,7.5,0.5,40.5,148.128,0.281,0.2,33829683.5
2026-09-01T05:07:45,0.6,6387,1547350,1529459,0.4,0.00,2.99,0.00,11.94,0.00,1.00,0.00,10919.0,95830.0,84432.0,79.0,0.0,0.5,0.0,125.901,0.281,0.2,33829683.5
2026-09-01T05:07:45,1.3,6385,1547350,1529460,0.4,0.00,2.87,0.00,11.46,0.00,0.00,0.00,10919.0,95830.0,84432.0,0.0,7.5,0.5,34.0,139.419,0.281,0.2,33829683.5
2026-09-01T05:07:46,1.3,6385,1547350,1529460,0.4,0.00,3.83,0.00,15.33,0.00,0.00,0.00,10919.0,95830.0,84432.0,0.0,7.0,0.5,40.0,151.383,0.300,0.2,43679231.5
2026-09-01T05:07:46,1.0,6384,1547350,1529461,0.4,0.00,2.52,0.00,10.08,0.00,0.00,0.00,10919.0,95830.0,84432.0,0.0,4.0,0.5,22.5,153.164,0.300,0.2,43679231.5
2026-09-01T05:07:46,1.0,6385,1547350,1529461,0.4,0.00,2.80,0.00,11.20,0.00,0.00,0.00,10919.0,95830.0,84432.0,45.0,4.5,0.5,25.5,139.156,0.300,0.2,43679231.5
2026-09-01T05:07:47,1.4,6385,1547350,1529461,0.4,0.00,2.79,0.00,11.14,0.00,0.00,0.00,10919.0,95830.0,84432.0,45.0,5.5,0.5,20.5,140.762,0.300,0.2,43679231.5
2026-09-01T05:07:47,1.3,6386,1547350,1529460,0.4,0.00,3.75,0.00,14.98,0.00,0.00,0.00,10919.0,95830.0,84432.0,45.0,7.5,0.5,40.5,151.240,0.287,0.2,37097163.5
2026-09-01T05:07:47,0.5,6387,1547350,1529458,0.4,0.00,2.60,0.00,10.42,0.00,0.00,0.00,10919.0,95830.0,84432.0,81.0,1.0,0.5,7.0,135.238,0.287,0.2,37097163.5
2026-09-01T05:07:48,1.0,6387,1547350,1529458,0.4,0.00,3.86,0.00,15.44,0.00,0.00,0.00,10919.0,95830.0,84432.0,81.0,0.5,0.5,4.5,125.264,0.287,0.2,37097163.5
2026-09-01T05:07:48,1.3,6389,1547350,1529457,0.4,0.00,1.88,0.00,7.52,0.00,0.00,0.00,10919.0,95830.0,84432.0,87.0,7.0,0.5,40.0,140.811,0.218,0.1,26917247.5
2026-09-01T05:07:49,0.5,6390,1547350,1529455,0.4,0.00,2.53,0.00,10.13,0.00,0.00,0.00,10919.0,95830.0,84432.0,87.0,1.5,0.5,9.0,124.854,0.218,0.1,26917247.5
2026-09-01T05:07:49,1.4,6392,1547350,1529454,0.4,0.00,3.94,0.00,15.75,0.00,0.00,0.00,10919.0,95830.0,84432.0,87.0,9.0,0.5,42.0,124.665,0.218,0.1,26917247.5
2026-09-01T05:07:49,1.0,6393,1547350,1529452,0.4,0.00,17.72,0.00,191.14,0.00,0.00,0.00,10919.0,95830.0,84432.0,10.0,9.0,0.5,42.5,129.274,0.214,0.1,24799208.0
2026-09-01T05:07:50,1.3,6392,1547350,1529453,0.4,0.00,3.57,0.00,14.29,0.00,1.00,0.00,10919.0,95830.0,84432.0,10.0,7.5,0.5,40.5,153.188,0.214,0.1,24799208.0
2026-09-01T05:07:50,0.5,6392,1547350,1529453,0.4,0.00,2.55,0.00,10.20,0.00,0.00,0.00,10919.0,95830.0,84432.0,10.0,0.0,0.5,0.0,140.899,0.214,0.1,24799208.0
2026-09-01T05:07:50,1.3,6392,1547350,1529453,0.4,0.00,3.64,0.00,14.55,0.00,0.00,0.00,10919.0,95830.0,84432.0,36.0,7.0,0.5,39.5,136.720,0.266,0.2,37509180.5
2026-09-01T05:07:51,1.4,6392,1547350,1529453,0.4,0.00,3.00,0.00,12.01,0.00,0.00,0.00,10919.0,95830.0,84432.0,36.0,3.5,0.5,20.5,129.683,0.266,0.2,37509180.5
2026-09-01T05:07:51,0.6,6394,1547350,1529452,0.4,0.00,1.76,0.00,7.03,0.00,0.00,0.00,10919.0,95830.0,84432.0,36.0,3.0,0.5,12.5,130.322,0.266,0.2,37509180.5
2026-09-01T05:07:51,0.6,6395,1547350,1529450,0.4,0.00,2.67,0.00,10.70,0.00,0.00,0.00,10919.0,95830.0,84432.0,25.0,0.0,0.5,0.0,106.403,0.145,0.1,18418402.0
2026-09-01T05:07:52,1.1,6396,1547350,1529450,0.4,0.00,3.58,0.00,14.34,0.00,0.00,0.00,10919.0,95830.0,84432.0,25.0,6.5,0.5,28.5,127.524,0.145,0.1,18418402.0
2026-09-01T05:07:52,0.9,6396,1547350,1529450,0.4,0.00,2.65,0.00,10.61,0.00,0.00,0.00,10919.0,95830.0,84432.0,66.0,1.5,0.5,7.5,124.327,0.145,0.1,18418402.0
2026-09-01T05:07:53,1.3,6395,1547350,1529451,0.4,0.00,2.39,0.00,9.57,0.00,0.00,0.00,10919.0,95830.0,84432.0,66.0,6.0,0.5,25.5,134.663,0.243,0.2,25168935.0
2026-09-01T05:07:53,1.3,6395,1547350,1529450,0.4,0.00,3.89,0.00,15.56,0.00,0.00,0.00,10919.0,95830.0,84432.0,66.0,7.0,0.5,39.5,147.876,0.243,0.2,25168935.0
2026-09-01T05:07:53,1.4,6395,1547350,1529450,0.4,0.00,3.89,0.00,15.56,0.00,0.00,0.00,10919.0,95830.0,84432.0,81.0,7.0,0.5,40.5,166.052,0.243,0.2,25168935.0
2026-09-01T05:07:54,1.3,6396,1547350,1529449,0.4,0.00,2.06,0.00,8.25,0.00,0.00,0.00,10919.0,95830.0,84432.0,81.0,7.5,0.5,40.5,163.948,0.243,0.2,25168935.0
2026-09-01T05:07:54,1.0,6396,1547350,1529449,0.4,0.00,7.52,0.00,30.08,0.00,0.00,0.00,10919.0,95830.0,84432.0,81.0,7.5,0.5,40.5,152.136,0.364,0.2,56904753.0
2026-09-01T05:07:54,1.4,6396,1547350,1529450,0.4,0.00,3.24,0.00,12.94,0.00,0.00,0.00,10919.0,95830.0,84432.0,81.0,7.0,0.5,34.0,152.319,0.364,0.2,56904753.0
2026-09-01T05:07:54,1.4,6396,1547350,1529449,0.4,0.00,3.05,0.00,12.20,0.00,0.00,0.00,10919.0,95830.0,84432.0,68.0,7.0,0.5,39.5,152.339,0.364,0.2,56904753.0
2026-09-01T05:07:55,1.4,6396,1547350,1529450,0.4,0.00,3.79,0.00,15.15,0.00,0.00,0.00,10919.0,95830.0,84432.0,68.0,7.0,0.5,40.0,154.599,0.364,0.2,56949377.5
2026-09-01T05:07:55,1.0,6395,1547350,1529450,0.4,0.00,3.76,0.00,15.04,0.00,0.00,0.00,10919.0,95830.0,84432.0,68.0,6.5,0.5,36.5,150.537,0.344,0.2,50023477.5
2026-09-01T05:07:55,1.3,6396,1547350,1529449,0.4,0.00,4.63,0.00,18.52,0.00,0.00,0.00,10919.0,95830.0,84432.0,8.0,9.5,0.5,44.0,151.051,0.344,0.2,50023477.5
2026-09-01T05:07:56,1.1,6396,1547350,1529450,0.4,0.00,2.72,0.00,10.90,0.00,1.00,0.00,10919.0,95830.0,84432.0,8.0,1.5,0.5,9.5,146.514,0.344,0.2,49972933.5
2026-09-01T05:07:56,0.7,6396,1547350,1529450,0.4,0.00,1.60,0.00,6.39,0.00,0.00,0.00,10919.0,95830.0,84432.0,23.0,0.0,0.5,0.0,120.903,0.229,0.2,27833539.5
2026-09-01T05:07:57,1.4,6396,1547350,1529450,0.4,0.00,2.74,0.00,10.96,0.00,0.00,0.00,10919.0,95830.0,84432.0,23.0,5.5,0.5,23.0,128.656,0.229,0.2,27833539.5
2026-09-01T05:07:57,1.5,6396,1547350,1529449,0.4,0.00,3.88,0.00,15.50,0.00,0.00,0.00,10919.0,95830.0,84432.0,23.0,7.0,0.5,38.5,130.990,0.229,0.2,27844036.0
2026-09-01T05:07:57,1.3,6395,1547350,1529450,0.4,0.00,3.88,0.00,15.50,0.00,0.00,0.00,10919.0,95830.0,84432.0,23.0,7.0,0.5,40.0,144.459,0.229,0.2,27844036.0
2026-09-01T05:07:57,0.9,6396,1547350,1529449,0.4,0.00,3.86,0.00,15.44,0.00,0.00,0.00,10919.0,95830.0,84432.0,77.0,4.5,0.5,26.5,148.249,0.300,0.2,44397066.5
2026-09-01T05:07:58,1.3,6396,1547350,1529449,0.4,0.00,3.88,0.00,15.50,0.00,0.00,0.00,10919.0,95830.0,84432.0,77.0,4.5,0.5,17.5,150.102,0.300,0.2,44397066.5
2026-09-01T05:07:58,1.4,6396,1547350,1529450,0.4,0.00,3.50,0.00,13.99,0.00,0.00,0.00,10919.0,95830.0,84432.0,77.0,7.5,0.5,40.5,149.863,0.300,0.2,44509006.0
2026-09-01T05:07:58,1.4,6396,1547350,1529449,0.4,0.00,3.91,0.00,15.62,0.00,0.00,0.00,10919.0,95830.0,84432.0,77.0,7.0,0.5,38.5,153.050,0.300,0.2,44509006.0
2026-09-01T05:07:58,1.3,6397,1547350,1529448,0.4,0.00,3.10,0.00,12.38,0.00,0.00,0.00,10919.0,95830.0,84432.0,77.0,7.0,0.5,40.0,161.774,0.391,0.2,60199436.0
2026-09-01T05:07:59,1.0,6397,1547350,1529448,0.4,0.00,3.98,0.00,15.94,0.00,0.00,0.00,10919.0,95830.0,84432.0,77.0,7.0,0.5,39.0,150.036,0.391,0.2,60199436.0
2026-09-01T05:07:59,1.1,6397,1547350,1529448,0.4,0.00,5.71,0.00,22.86,0.00,0.00,0.00,10919.0,95830.0,84432.0,77.0,2.0,0.5,9.5,137.911,0.391,0.2,60070421.5
2026-09-01T05:07:59,1.4,6397,1547350,1529449,0.4,0.00,2.35,0.00,9.41,0.00,0.00,0.00,10919.0,95830.0,84432.0,80.0,8.5,0.5,41.5,141.874,0.266,0.2,32144713.0
2026-09-01T05:08:00,1.0,6397,1547350,1529449,0.4,0.00,4.00,0.00,16.00,0.00,0.00,0.00,10919.0,95830.0,84432.0,80.0,2.0,0.5,12.5,140.940,0.266,0.2,32144713.0
2026-09-01T05:08:00,1.4,6396,1547350,1529449,0.4,0.00,2.66,0.00,10.64,0.00,0.00,0.00,10919.0,95830.0,84432.0,80.0,8.0,0.5,34.5,155.350,0.266,0.2,32144713.0
2026-09-01T05:08:01,1.3,6395,1547350,1529450,0.4,0.00,2.29,0.00,9.15,0.00,0.00,0.00,10919.0,95830.0,84432.0,69.0,7.5,0.5,40.5,154.150,0.340,0.2,48749802.5
2026-09-01T05:08:01,0.7,6395,1547350,1529451,0.4,0.00,2.42,0.00,9.66,0.00,0.00,0.00,10919.0,95830.0,84432.0,69.0,3.0,0.5,13.0,141.593,0.340,0.2,48749802.5
2026-09-01T05:08:02,1.0,6399,1547350,1529446,0.4,0.00,1.85,0.00,7.39,0.00,0.00,0.00,10919.0,95830.0,84432.0,26.0,0.0,0.5,0.0,115.523,0.340,0.2,48749802.5
2026-09-01T05:08:02,1.1,6400,1547350,1529446,0.4,0.00,3.83,0.00,15.33,0.00,1.00,0.00,10919.0,95830.0,84432.0,26.0,3.0,0.5,17.5,122.908,0.148,0.1,15369376.5
2026-09-01T05:08:02,0.8,6399,1547350,1529446,0.4,0.00,2.51,0.00,10.05,0.00,0.00,0.25,10919.0,95830.0,84432.0,63.0,3.5,0.5,13.5,125.580,0.148,0.1,15369376.5
2026-09-01T05:08:03,1.3,6399,1547350,1529446,0.4,0.00,2.21,0.00,8.83,0.00,0.00,0.00,10919.0,95830.0,84432.0,63.0,8.0,0.5,40.5,133.481,0.148,0.1,15369376.5
2026-09-01T05:08:03,1.4,6400,1547350,1529445,0.4,0.00,3.39,0.00,13.56,0.00,0.00,0.00,10919.0,95830.0,84432.0,63.0,7.5,0.5,41.0,145.584,0.292,0.2,37970990.5
2026-09-01T05:08:03,1.3,6402,1547350,1529444,0.4,0.00,3.89,0.00,15.56,0.00,0.00,0.00,10919.0,95830.0,84432.0,81.0,5.5,0.5,32.0,152.276,0.292,0.2,37970990.5
2026-09-01T05:08:04,1.0,6401,1547350,1529444,0.4,0.00,2.31,0.00,9.24,0.00,0.00,0.00,10919.0,95830.0,84432.0,81.0,8.5,0.5,41.5,152.939,0.292,0.2,37970990.5
2026-09-01T05:08:04,1.3,6401,1547350,1529444,0.4,0.00,3.97,0.00,15.87,0.00,0.00,0.00,10919.0,95830.0,84432.0,81.0,7.0,0.5,40.0,152.822,0.292,0.2,37970990.5
2026-09-01T05:08:04,1.4,6403,1547350,1529442,0.4,0.00,3.66,0.00,14.65,0.00,0.00,0.00,10919.0,95830.0,84432.0,81.0,7.0,0.5,40.5,152.603,0.343,0.2,49787694.0
2026-09-01T05:08:05,0.7,6402,1547350,1529443,0.4,0.00,2.17,0.00,8.70,0.00,0.00,0.00,10919.0,95830.0,84432.0,81.0,1.0,0.5,4.5,138.909,0.343,0.2,49787694.0
2026-09-01T05:08:05,1.0,6404,1547350,1529442,0.4,0.00,3.89,0.00,15.56,0.00,0.00,0.00,10919.0,95830.0,84432.0,81.0,8.5,0.5,38.5,130.909,0.343,0.2,49787694.0
2026-09-01T05:08:05,0.9,6404,1547350,1529441,0.4,0.00,2.71,0.00,10.84,0.00,0.00,0.27,10919.0,95830.0,84432.0,25.0,6.0,0.5,10.0,128.736,0.196,0.1,22775014.5
2026-09-01T05:08:06,1.0,6403,1547350,1529442,0.4,0.00,2.32,0.00,9.28,0.00,0.00,0.00,10919.0,95830.0,84432.0,25.0,7.0,0.5,33.0,127.442,0.196,0.1,22775014.5
2026-09-01T05:08:06,1.1,6405,1547350,1529441,0.4,0.00,2.62,0.00,10.50,0.00,0.00,0.00,10919.0,95830.0,84432.0,25.0,5.0,0.5,22.5,130.419,0.196,0.1,22775014.5
2026-09-01T05:08:07,0.8,6408,1547350,1529437,0.4,0.00,1.81,0.00,7.23,0.00,0.00,0.00,10919.0,95830.0,84432.0,45.0,1.5,0.5,6.5,125.544,0.199,0.1,18542146.5
2026-09-01T05:08:07,1.1,6408,1547350,1529438,0.4,0.00,3.89,0.00,15.56,0.00,0.00,0.00,10919.0,95830.0,84432.0,45.0,8.5,0.5,39.0,130.993,0.199,0.1,18542146.5
2026-09-01T05:08:07,1.0,6407,1547350,1529438,0.4,0.00,2.50,0.00,10.00,0.00,0.00,0.00,10919.0,95830.0,84432.0,19.0,6.5,0.5,31.5,130.000,0.199,0.1,18542146.5
2026-09-01T05:08:08,1.1,6408,1547350,1529437,0.4,0.00,2.30,0.00,9.22,0.00,0.00,0.00,10919.0,95830.0,84432.0,19.0,7.0,0.5,32.5,125.613,0.208,0.1,20767630.0
2026-09-01T05:08:08,1.3,6409,1547350,1529436,0.4,0.00,3.07,0.00,12.27,0.00,0.00,0.00,10919.0,95830.0,84432.0,19.0,7.5,0.5,39.5,141.657,0.208,0.1,20767630.0
2026-09-01T05:08:08,1.1,6410,1547350,1529436,0.4,0.00,3.46,0.00,13.84,0.00,0.00,0.00,10919.0,95830.0,84432.0,79.0,2.0,0.5,12.5,149.528,0.208,0.1,20767630.0
2026-09-01T05:08:09,1.1,6411,1547350,1529434,0.4,0.00,1.81,0.00,7.26,0.00,1.00,0.00,10919.0,95830.0,84432.0,79.0,4.0,0.5,23.0,141.131,0.303,0.2,38808163.5
2026-09-01T05:08:09,1.4,6411,1547350,1529434,0.4,0.00,2.88,0.00,11.53,0.00,0.00,0.00,10919.0,95830.0,84432.0,79.0,6.5,0.5,25.5,143.657,0.303,0.2,38808163.5
2026-09-01T05:08:10,1.3,6413,1547350,1529432,0.4,0.00,2.66,0.00,10.64,0.00,0.00,0.00,10919.0,95830.0,84432.0,51.0,7.0,0.5,38.5,152.750,0.303,0.2,38808163.5
2026-09-01T05:08:10,1.4,6413,1547350,1529433,0.4,0.00,3.86,0.00,15.44,0.00,0.00,0.00,10919.0,95830.0,84432.0,51.0,7.5,0.5,41.0,159.858,0.303,0.2,38808163.5
2026-09-01T05:08:10,0.5,6412,1547350,1529433,0.4,0.00,2.95,0.00,11.80,0.00,0.00,0.00,10919.0,95830.0,84432.0,51.0,0.5,0.5,4.0,137.342,0.281,0.2,41651426.5
2026-09-01T05:08:11,1.3,6413,1547350,1529433,0.4,0.00,2.65,0.00,10.58,0.00,0.00,0.00,10919.0,95830.0,84432.0,8.0,8.5,0.5,42.0,141.303,0.281,0.2,41651426.5
2026-09-01T05:08:11,0.6,6412,1547350,1529433,0.4,0.00,2.92,0.00,11.66,0.00,0.00,0.00,10919.0,95830.0,84432.0,8.0,0.0,0.5,0.0,119.127,0.281,0.2,41651426.5
2026-09-01T05:08:11,0.9,6410,1547350,1529436,0.4,0.00,3.55,0.00,14.18,0.00,0.00,0.00,10919.0,95830.0,84432.0,57.0,0.0,0.5,0.0,114.829,0.205,0.1,23219648.0
2026-09-01T05:08:12,1.5,6409,1547350,1529436,0.4,0.00,1.88,0.00,7.50,0.00,0.00,0.00,10919.0,95830.0,84432.0,57.0,1.5,0.5,9.5,129.452,0.205,0.1,23219648.0
2026-09-01T05:08:12,0.9,6409,1547350,1529436,0.4,0.00,2.49,0.00,9.95,0.00,0.00,0.00,10919.0,95830.0,84432.0,57.0,8.0,0.5,37.0,133.431,0.205,0.1,23219648.0
2026-09-01T05:08:12,0.7,6409,1547350,1529436,0.4,0.00,3.85,0.00,15.38,0.00,0.00,0.00,10919.0,95830.0,84432.0,74.0,0.0,0.5,0.0,134.255,0.228,0.2,27089215.5
2026-09-01T05:08:13,1.0,6410,1547350,1529436,0.4,0.00,2.89,0.00,11.56,0.00,0.00,0.00,10919.0,95830.0,84432.0,74.0,9.0,0.5,9.0,136.335,0.228,0.2,27089215.5
2026-09-01T05:08:13,1.0,6409,1547350,1529437,0.4,0.00,2.47,0.00,9.88,0.00,0.00,0.00,10919.0,95830.0,84432.0,81.0,1.5,0.5,9.0,132.299,0.228,0.2,27089215.5
2026-09-01T05:08:14,1.3,6411,1547350,1529435,0.4,0.00,2.08,0.00,8.33,0.00,0.00,0.00,10919.0,95830.0,84432.0,81.0,8.5,0.5,39.0,142.808,0.286,0.2,34011102.5
2026-09-01T05:08:14,1.4,6410,1547350,1529436,0.4,0.00,3.76,0.00,15.04,0.00,0.00,0.00,10919.0,95830.0,84432.0,81.0,7.0,0.5,40.0,152.925,0.286,0.2,34011102.5
2026-09-01T05:08:14,1.3,6411,1547350,1529434,0.4,0.00,4.02,0.00,16.06,0.00,0.00,0.00,10919.0,95830.0,84432.0,81.0,7.0,0.5,40.0,154.264,0.286,0.2,34011102.5
2026-09-01T05:08:14,0.4,6411,1547350,1529435,0.4,0.00,3.08,0.00,12.31,0.00,0.00,0.00,10919.0,95830.0,84432.0,80.0,0.0,0.5,0.0,136.714,0.286,0.2,34011102.5
2026-09-01T05:08:15,1.4,6411,1547350,1529435,0.4,0.00,3.53,0.00,14.13,0.00,0.00,0.00,10919.0,95830.0,84432.0,80.0,8.5,0.5,36.0,138.521,0.270,0.2,38247940.5
2026-09-01T05:08:15,1.3,6413,1547350,1529432,0.4,0.00,3.82,0.00,15.27,0.00,0.00,0.00,10919.0,95830.0,84432.0,80.0,7.0,0.5,38.5,137.867,0.270,0.2,38247940.5
2026-09-01T05:08:15,1.3,6414,1547350,1529432,0.4,0.00,3.66,0.00,14.65,0.00,1.00,0.37,10919.0,95830.0,84432.0,77.0,7.0,0.5,38.5,146.608,0.270,0.2,38247940.5
2026-09-01T05:08:15,1.4,6412,1547350,1529434,0.4,0.00,4.65,0.00,18.60,0.00,0.00,0.00,10919.0,95830.0,84432.0,77.0,7.0,0.5,39.5,165.827,0.270,0.2,38247940.5
2026-09-01T05:08:16,1.3,6411,1547350,1529434,0.4,0.00,3.86,0.00,15.44,0.00,0.00,0.00,10919.0,95830.0,84432.0,77.0,7.0,0.5,38.5,162.669,0.270,0.2,38247940.5
2026-09-01T05:08:16,1.3,6412,1547350,1529434,0.4,0.00,4.10,0.00,16.39,0.00,0.00,0.00,10919.0,95830.0,84432.0,77.0,7.0,0.5,38.5,162.712,0.387,0.2,60947743.5
2026-09-01T05:08:16,1.3,6413,1547350,1529433,0.4,0.00,3.82,0.00,15.27,0.00,0.00,0.00,10919.0,95830.0,84432.0,77.0,7.0,0.5,38.5,162.246,0.387,0.2,60947743.5
2026-09-01T05:08:16,1.3,6413,1547350,1529433,0.4,0.00,3.86,0.00,15.44,0.00,0.00,0.00,10919.0,95830.0,84432.0,77.0,7.0,0.5,38.5,157.398,0.387,0.2,60947743.5
2026-09-01T05:08:17,0.5,6413,1547350,1529433,0.4,0.00,2.02,0.00,8.06,0.00,0.00,0.00,10919.0,95830.0,84432.0,77.0,0.0,0.5,0.0,129.875,0.233,0.1,36483416.0
2026-09-01T05:08:17,1.4,6411,1547350,1529434,0.4,0.00,3.72,0.00,14.87,0.00,0.00,0.00,10919.0,95830.0,84432.0,11.0,1.5,0.5,43.0,127.164,0.233,0.1,36483416.0
2026-09-01T05:08:18,0.4,6411,1547350,1529434,0.4,0.00,2.62,0.00,10.47,0.00,0.00,0.00,10919.0,95830.0,84432.0,11.0,1.0,0.5,5.5,107.524,0.233,0.1,36483416.0
2026-09-01T05:08:18,1.4,6412,1547350,1529433,0.4,0.00,3.76,0.00,15.04,0.00,0.00,0.00,10919.0,95830.0,84432.0,11.0,8.5,0.5,37.5,133.797,0.233,0.1,36483416.0
2026-09-01T05:08:18,1.4,6412,1547350,1529433,0.4,0.00,3.39,0.00,13.56,0.00,0.00,0.00,10919.0,95830.0,84432.0,11.0,7.0,0.5,40.0,132.297,0.268,0.2,34831805.5
2026-09-01T05:08:19,0.4,6412,1547350,1529433,0.4,0.00,2.36,0.00,9.46,0.00,0.00,0.00,10919.0,95830.0,84432.0,80.0,0.0,0.5,0.0,132.303,0.268,0.2,34831805.5
2026-09-01T05:08:19,1.4,6412,1547350,1529433,0.4,0.00,3.97,0.00,15.87,0.00,0.00,0.00,10919.0,95830.0,84432.0,80.0,0.0,0.5,1.0,133.024,0.268,0.2,34831805.5
2026-09-01T05:08:19,1.3,6411,1547350,1529435,0.4,0.00,3.88,0.00,15.50,0.00,0.00,0.00,10919.0,95830.0,84432.0,80.0,7.0,0.5,40.5,133.770,0.268,0.2,34831805.5
2026-09-01T05:08:19,1.0,6411,1547350,1529434,0.4,0.00,11.58,0.00,142.86,0.00,0.00,0.00,10919.0,95830.0,84432.0,81.0,5.0,0.5,27.5,148.508,0.234,0.1,33577838.5
2026-09-01T05:08:20,1.0,6411,1547350,1529435,0.4,0.00,2.44,0.00,9.76,0.00,0.00,0.00,10919.0,95830.0,84432.0,81.0,3.5,0.5,21.5,140.911,0.234,0.1,33577838.5
2026-09-01T05:08:20,1.4,6411,1547350,1529435,0.4,0.00,2.36,0.00,9.46,0.00,0.00,0.00,10919.0,95830.0,84432.0,53.0,7.0,0.5,26.5,144.584,0.234,0.1,33577838.5
2026-09-01T05:08:20,1.1,6410,1547350,1529436,0.4,0.00,3.98,0.00,15.94,0.00,1.00,0.00,10919.0,95830.0,84432.0,53.0,7.5,0.5,41.0,146.858,0.234,0.1,33577838.5
2026-09-01T05:08:21,1.3,6410,1547350,1529435,0.4,0.00,3.44,0.00,13.75,0.00,0.00,0.00,10919.0,95830.0,84432.0,53.0,7.0,0.5,32.5,145.649,0.293,0.2,33777846.5
2026-09-01T05:08:21,1.5,6410,1547350,1529435,0.4,0.00,4.15,0.00,16.60,0.00,0.00,0.00,10919.0,95830.0,84432.0,53.0,7.0,0.5,41.0,148.273,0.293,0.2,33777846.5
2026-09-01T05:08:21,0.5,6409,1547350,1529436,0.4,0.00,3.56,0.00,14.23,0.00,0.00,0.00,10919.0,95830.0,84432.0,57.0,5.0,0.5,28.5,131.375,0.293,0.2,33777846.5
2026-09-01T05:08:22,1.1,6411,1547350,1529434,0.4,0.00,3.04,0.00,12.16,0.00,0.00,0.00,10919.0,95830.0,84432.0,57.0,6.0,0.5,34.5,131.500,0.293,0.2,33777846.5
2026-09-01T05:08:22,1.3,6412,1547350,1529434,0.4,0.00,2.41,0.00,9.64,0.00,0.00,0.00,10919.0,95830.0,84432.0,57.0,4.0,0.5,16.5,141.839,0.263,0.2,34506152.5
2026-09-01T05:08:22,1.1,6411,1547350,1529434,0.4,0.00,4.15,0.00,16.60,0.00,0.00,0.00,10919.0,95830.0,84432.0,81.0,5.5,0.5,31.0,142.707,0.263,0.2,34506152.5
2026-09-01T05:08:23,1.2,6412,1547350,1529434,0.4,0.00,2.86,0.00,11.43,0.00,0.00,0.00,10919.0,95830.0,84432.0,81.0,5.0,0.5,19.0,139.785,0.263,0.2,34506152.5
2026-09-01T05:08:23,1.3,6412,1547350,1529433,0.4,0.00,4.00,0.00,16.00,0.00,0.00,0.00,10919.0,95830.0,84432.0,81.0,1.5,0.5,7.5,146.696,0.263,0.2,34506152.5
2026-09-01T05:08:23,1.3,6412,1547350,1529434,0.4,0.00,4.05,0.00,16.19,0.00,0.00,0.00,10919.0,95830.0,84432.0,81.0,7.0,0.5,39.5,144.889,0.279,0.2,32945763.0
2026-09-01T05:08:23,0.6,6411,1547350,1529434,0.4,0.00,2.76,0.00,11.05,0.00,0.00,0.00,10919.0,95830.0,84432.0,79.0,4.0,0.5,23.5,130.496,0.279,0.2,32945763.0
2026-09-01T05:08:24,1.0,6411,1547350,1529435,0.4,0.00,4.02,0.00,16.06,0.00,0.00,0.00,10919.0,95830.0,84432.0,79.0,6.5,0.5,26.5,128.216,0.279,0.2,32945763.0
2026-09-01T05:08:24,1.2,6410,1547350,1529435,0.4,0.00,2.04,0.00,8.15,0.00,0.00,0.20,10919.0,95830.0,84432.0,79.0,8.0,0.5,41.5,136.209,0.237,0.2,32065106.0
2026-09-01T05:08:25,0.5,6412,1547350,1529433,0.4,0.00,3.33,0.00,13.33,0.00,0.00,0.00,10919.0,95830.0,84432.0,83.0,6.5,0.5,35.5,133.543,0.237,0.2,32065106.0
2026-09-01T05:08:25,1.4,6411,1547350,1529434,0.4,0.00,7.78,0.00,46.69,0.00,0.00,0.00,10919.0,95830.0,84432.0,83.0,6.0,0.5,25.0,146.532,0.237,0.2,32065106.0
2026-09-01T05:08:25,1.4,6412,1547350,1529434,0.4,0.00,3.82,0.00,15.27,0.00,0.00,0.00,10919.0,95830.0,84432.0,83.0,7.0,0.5,40.0,139.918,0.237,0.2,32065106.0
2026-09-01T05:08:25,0.7,6412,1547350,1529434,0.4,0.00,2.86,0.00,11.43,0.00,0.00,0.00,10919.0,95830.0,84432.0,80.0,1.0,0.5,6.5,142.242,0.215,0.1,27055929.5
2026-09-01T05:08:26,1.3,6412,1547350,1529433,0.4,0.00,2.74,0.00,10.96,0.00,1.00,0.27,10919.0,95830.0,84432.0,80.0,8.5,0.5,42.5,137.653,0.215,0.1,27055929.5
2026-09-01T05:08:26,0.5,6413,1547350,1529432,0.4,0.00,3.42,0.00,13.70,0.00,0.00,0.00,10919.0,95830.0,84432.0,80.0,0.0,0.5,0.0,122.391,0.215,0.1,27055929.5
2026-09-01T05:08:26,1.4,6413,1547350,1529432,0.4,0.00,4.17,0.00,16.67,0.00,0.00,0.00,10919.0,95830.0,84432.0,0.0,9.0,0.5,40.5,139.085,0.215,0.1,27055929.5
2026-09-01T05:08:27,1.0,6413,1547350,1529432,0.4,0.00,4.31,0.00,17.24,0.00,0.00,0.43,10919.0,95830.0,84432.0,0.0,4.0,0.5,22.5,132.388,0.214,0.1,29347788.5
2026-09-01T05:08:27,1.3,6414,1547350,1529432,0.4,0.00,3.85,0.00,15.38,0.00,0.00,0.00,10919.0,95830.0,84432.0,0.0,7.0,0.5,39.5,136.633,0.214,0.1,29347788.5
2026-09-01T05:08:27,1.1,6413,1547350,1529433,0.4,0.00,3.70,0.00,14.81,0.00,0.00,0.00,10919.0,95830.0,84432.0,0.0,1.5,0.5,10.0,141.742,0.214,0.1,29347788.5
2026-09-01T05:08:27,1.3,6413,1547350,1529432,0.4,0.00,4.02,0.00,16.06,0.00,0.00,0.00,10919.0,95830.0,84432.0,20.0,8.5,0.5,38.0,142.423,0.214,0.1,29347788.5
2026-09-01T05:08:28,1.0,6414,1547350,1529432,0.4,0.00,4.17,0.00,16.67,0.00,0.00,0.00,10919.0,95830.0,84432.0,20.0,3.5,0.5,15.0,141.552,0.290,0.2,35823811.5
2026-09-01T05:08:28,1.4,6414,1547350,1529432,0.4,0.00,3.61,0.00,14.44,0.00,0.00,0.36,10919.0,95830.0,84432.0,20.0,8.5,0.5,42.0,144.334,0.290,0.2,35823811.5
2026-09-01T05:08:28,1.0,6413,1547350,1529432,0.4,0.00,4.15,0.00,16.60,0.00,0.00,0.00,10919.0,95830.0,84432.0,20.0,8.0,0.5,37.0,143.420,0.290,0.2,35823811.5
2026-09-01T05:08:28,1.3,6413,1547350,1529432,0.4,0.00,2.60,0.00,10.39,0.00,0.00,0.00,10919.0,95830.0,84432.0,21.0,7.0,0.5,41.0,152.704,0.290,0.2,35823811.5
2026-09-01T05:08:29,1.0,6413,1547350,1529433,0.4,0.00,3.01,0.00,12.05,0.00,0.00,0.30,10919.0,95830.0,84432.0,21.0,6.0,0.5,16.5,141.903,0.296,0.2,38156834.5
2026-09-01T05:08:29,1.1,6413,1547350,1529432,0.4,0.00,4.10,0.00,16.39,0.00,0.00,0.00,10919.0,95830.0,84432.0,46.0,6.5,0.5,28.0,144.353,0.296,0.2,38156834.5
2026-09-01T05:08:30,0.7,6414,1547350,1529431,0.4,0.00,1.52,0.00,6.08,0.00,0.00,0.00,10919.0,95830.0,84432.0,46.0,0.0,0.5,0.0,126.402,0.296,0.2,38156834.5
2026-09-01T05:08:30,1.3,6415,1547350,1529431,0.4,0.00,4.07,0.00,16.26,0.00,0.00,0.00,10919.0,95830.0,84432.0,46.0,7.5,0.5,33.0,128.940,0.219,0.2,22704123.5
2026-09-01T05:08:30,1.1,6416,1547350,1529429,0.4,0.00,3.94,0.00,15.75,0.00,0.00,0.00,10919.0,95830.0,84432.0,46.0,1.5,0.5,7.5,124.376,0.219,0.2,22704123.5
2026-09-01T05:08:30,1.0,6416,1547350,1529429,0.4,0.00,3.42,0.00,13.70,0.00,0.00,0.00,10979.0,95830.0,84372.0,75.0,8.5,0.5,37.5,143.347,0.219,0.2,22704123.5
2026-09-01T05:08:31,1.6,6416,1547350,1529429,0.4,0.00,3.06,0.00,12.23,0.00,0.00,0.00,10979.0,95830.0,84372.0,75.0,5.0,0.5,26.0,132.733,0.219,0.2,22704123.5
2026-09-01T05:08:31,1.0,6417,1547350,1529429,0.4,0.00,2.72,0.00,10.87,0.00,0.00,0.00,10979.0,95830.0,84372.0,75.0,6.0,0.5,25.5,143.159,0.245,0.2,25722196.5
2026-09-01T05:08:31,1.4,6417,1547350,1529429,0.4,0.00,4.31,0.00,17.24,0.00,0.00,0.00,10979.0,95830.0,84372.0,51.0,7.0,0.5,38.0,146.523,0.245,0.2,25722196.5
2026-09-01T05:08:32,1.3,6416,1547350,1529429,0.4,0.00,3.52,0.00,14.08,0.00,0.00,0.00,10979.0,95830.0,84372.0,51.0,7.0,0.5,38.0,146.489,0.245,0.2,25722196.5
2026-09-01T05:08:32,0.5,6416,1547350,1529430,0.4,0.00,2.76,0.00,11.05,0.00,1.00,0.00,10979.0,95830.0,84372.0,51.0,0.0,0.5,0.0,132.383,0.245,0.2,25722196.5
2026-09-01T05:08:32,1.4,6416,1547350,1529429,0.4,0.00,4.07,0.00,16.26,0.00,0.00,0.00,10979.0,95830.0,84372.0,0.0,8.5,0.5,40.5,136.038,0.259,0.2,36795489.0
2026-09-01T05:08:33,1.3,6416,1547350,1529430,0.4,0.00,4.00,0.00,16.00,0.00,0.00,0.00,10979.0,95830.0,84372.0,0.0,7.0,0.5,38.0,136.024,0.259,0.2,36795489.0
2026-09-01T05:08:33,1.3,6416,1547350,1529429,0.4,0.00,3.86,0.00,15.44,0.00,0.00,0.00,10979.0,95830.0,84372.0,0.0,7.0,0.5,39.5,151.887,0.259,0.2,36795489.0
2026-09-01T05:08:33,1.4,6416,1547350,1529429,0.4,0.00,4.02,0.00,16.06,0.00,0.00,0.00,10979.0,95830.0,84372.0,0.0,7.0,0.5,40.0,166.163,0.259,0.2,36795489.0
2026-09-01T05:08:33,1.1,6417,1547350,1529429,0.4,0.00,4.27,0.00,17.09,0.00,0.00,0.00,10979.0,95830.0,84372.0,80.0,4.5,0.5,18.0,155.316,0.347,0.2,50820423.5
2026-09-01T05:08:34,1.1,6416,1547350,1529429,0.4,0.00,1.81,0.00,7.22,0.00,0.00,0.00,10979.0,95830.0,84372.0,80.0,1.0,0.5,5.5,142.500,0.347,0.2,50820423.5
2026-09-01T05:08:34,1.0,6416,1547350,1529430,0.4,0.00,4.22,0.00,16.88,0.00,0.00,0.00,10979.0,95830.0,84372.0,80.0,8.5,0.5,38.5,133.404,0.347,0.2,50820423.5
2026-09-01T05:08:34,1.3,6415,1547350,1529430,0.4,0.00,2.77,0.00,11.08,0.00,0.00,0.00,10979.0,95830.0,84372.0,77.0,2.0,0.5,11.0,132.613,0.237,0.2,28635629.5
2026-09-01T05:08:35,1.1,6416,1547350,1529429,0.4,0.00,13.19,0.00,61.54,0.00,0.00,0.00,10979.0,95830.0,84372.0,77.0,8.5,0.5,39.5,148.846,0.237,0.2,28635629.5
2026-09-01T05:08:35,1.5,6415,1547350,1529430,0.4,0.00,4.13,0.00,16.53,0.00,0.00,0.41,10979.0,95830.0,84372.0,77.0,7.0,0.5,38.0,155.102,0.237,0.2,28635629.5
2026-09-01T05:08:35,1.3,6416,1547350,1529429,0.4,0.00,3.65,0.00,14.60,0.00,0.00,0.00,10979.0,95830.0,84372.0,76.0,6.5,0.5,37.0,152.935,0.237,0.2,28635629.5
2026-09-01T05:08:36,1.4,6417,1547350,1529428,0.4,0.00,3.24,0.00,12.94,0.00,0.00,0.00,10979.0,95830.0,84372.0,76.0,7.0,0.5,38.0,161.753,0.373,0.2,54073096.0
2026-09-01T05:08:36,1.3,6417,1547350,1529428,0.4,0.00,4.29,0.00,17.17,0.00,1.00,0.00,10979.0,95830.0,84372.0,76.0,7.0,0.5,39.0,162.118,0.373,0.2,54073096.0
2026-09-01T05:08:36,1.1,6417,1547350,1529428,0.4,0.00,4.00,0.00,16.00,0.00,0.00,0.00,10979.0,95830.0,84372.0,80.0,7.0,0.5,32.5,152.022,0.373,0.2,54073096.0
2026-09-01T05:08:37,0.8,6417,1547350,1529428,0.4,0.00,1.84,0.00,7.37,0.00,0.00,0.00,10979.0,95830.0,84372.0,80.0,0.0,0.5,1.5,132.183,0.265,0.2,37512097.0
2026-09-01T05:08:37,1.0,6417,1547350,1529429,0.4,0.00,3.89,0.00,15.56,0.00,0.00,0.00,10979.0,95830.0,84372.0,80.0,4.0,0.5,23.0,136.965,0.265,0.2,37512097.0
2026-09-01T05:08:37,1.3,6417,1547350,1529428,0.4,0.00,2.14,0.00,8.57,0.00,0.00,0.00,10979.0,95830.0,84372.0,46.0,7.0,0.5,39.5,144.857,0.265,0.2,37512097.0
2026-09-01T05:08:38,0.5,6417,1547350,1529429,0.4,0.00,2.55,0.00,10.20,0.00,0.00,0.00,10979.0,95830.0,84372.0,46.0,0.0,0.5,0.0,132.885,0.238,0.2,28756946.5
2026-09-01T05:08:38,1.4,6418,1547350,1529428,0.4,0.00,4.03,0.00,16.13,0.00,0.00,0.00,10979.0,95830.0,84372.0,46.0,8.5,0.5,37.5,147.745,0.238,0.2,28756946.5
2026-09-01T05:08:38,1.4,6419,1547350,1529427,0.4,0.00,4.12,0.00,16.46,0.00,0.00,0.00,10979.0,95830.0,84372.0,75.0,7.0,0.5,38.0,143.134,0.238,0.2,28756946.5
2026-09-01T05:08:39,1.3,6419,1547350,1529427,0.4,0.00,4.02,0.00,16.06,0.00,0.00,0.00,10979.0,95830.0,84372.0,75.0,7.0,0.5,38.5,145.148,0.238,0.2,28756946.5
2026-09-01T05:08:39,1.3,6418,1547350,1529427,0.4,0.00,3.92,0.00,15.69,0.00,0.00,0.00,10979.0,95830.0,84372.0,75.0,7.0,0.5,39.5,163.807,0.384,0.2,59207507.0
2026-09-01T05:08:39,1.0,6418,1547350,1529428,0.4,0.00,3.80,0.00,15.21,0.00,0.00,0.00,10979.0,95830.0,84372.0,60.0,6.0,0.5,21.5,154.685,0.384,0.2,59207507.0
2026-09-01T05:08:39,1.3,6417,1547350,1529428,0.4,0.00,2.62,0.00,10.47,0.00,0.00,0.00,10979.0,95830.0,84372.0,60.0,7.5,0.5,40.5,156.799,0.384,0.2,59207507.0
2026-09-01T05:08:40,1.3,6417,1547350,1529428,0.4,0.00,2.87,0.00,11.46,0.00,0.00,0.00,10979.0,95830.0,84372.0,60.0,7.0,0.5,40.0,157.726,0.384,0.2,59207507.0
2026-09-01T05:08:40,1.1,6417,1547350,1529428,0.4,0.00,3.86,0.00,15.44,0.00,0.00,0.00,10979.0,95830.0,84372.0,60.0,6.5,0.5,36.0,155.363,0.306,0.2,42136290.5
2026-09-01T05:08:40,1.3,6418,1547350,1529428,0.4,0.00,3.08,0.00,12.31,0.00,0.00,0.00,10979.0,95830.0,84372.0,72.0,3.0,0.5,13.0,157.105,0.306,0.2,42136290.5
2026-09-01T05:08:41,1.3,6417,1547350,1529428,0.4,0.00,3.33,0.00,13.33,0.00,0.00,0.00,10979.0,95830.0,84372.0,72.0,7.5,0.5,40.5,156.340,0.306,0.2,42136290.5
2026-09-01T05:08:41,1.1,6416,1547350,1529429,0.4,0.00,3.73,0.00,14.93,0.00,0.00,0.00,10979.0,95830.0,84372.0,72.0,7.0,0.5,39.0,144.257,0.306,0.2,42136290.5
2026-09-01T05:08:41,1.2,6416,1547350,1529430,0.4,0.00,4.17,0.00,16.67,0.00,0.00,0.00,10979.0,95830.0,84372.0,21.0,2.5,0.5,10.5,159.201,0.346,0.2,47076170.0
2026-09-01T05:08:42,0.7,6417,1547350,1529429,0.4,0.00,2.92,0.00,11.66,0.00,0.00,0.00,10979.0,95830.0,84372.0,21.0,1.5,0.5,8.5,131.103,0.346,0.2,47076170.0
2026-09-01T05:08:42,1.1,6417,1547350,1529429,0.4,0.00,3.40,0.00,13.61,0.00,1.00,0.00,10979.0,95830.0,84372.0,21.0,7.5,0.5,34.5,135.885,0.346,0.2,47076170.0
2026-09-01T05:08:42,1.3,6419,1547350,1529426,0.4,0.00,2.43,0.00,9.71,0.00,0.00,0.00,10981.0,95830.0,84370.0,39.0,7.5,0.5,39.5,136.882,0.233,0.2,27599636.5
2026-09-01T05:08:43,1.3,6421,1547350,1529424,0.4,0.00,3.98,0.00,15.94,0.00,0.00,0.00,10981.0,95830.0,84370.0,39.0,7.0,0.5,39.5,159.187,0.233,0.2,27599636.5
2026-09-01T05:08:43,1.0,6422,1547350,1529423,0.4,0.00,3.17,0.00,12.70,0.00,0.00,0.00,10981.0,95830.0,84370.0,39.0,3.5,0.5,18.5,152.529,0.233,0.2,27599636.5
2026-09-01T05:08:43,1.4,6422,1547350,1529423,0.4,0.00,3.61,0.00,14.44,0.00,0.00,0.00,10981.0,95830.0,84370.0,39.0,8.0,0.5,33.0,156.368,0.233,0.2,27599636.5
2026-09-01T05:08:43,1.3,6421,1547350,1529424,0.4,0.00,3.70,0.00,14.81,0.00,0.00,0.00,10981.0,95830.0,84370.0,66.0,7.5,0.5,41.0,156.937,0.346,0.2,49348353.5
2026-09-01T05:08:44,1.3,6420,1547350,1529425,0.4,0.00,2.89,0.00,11.56,0.00,0.00,0.00,10981.0,95830.0,84370.0,66.0,7.5,0.5,40.5,158.644,0.346,0.2,49348353.5
2026-09-01T05:08:44,1.3,6420,1547350,1529426,0.4,0.00,4.03,0.00,16.13,0.00,0.00,0.00,10981.0,95830.0,84370.0,66.0,7.5,0.5,40.5,166.748,0.346,0.2,49348353.5
2026-09-01T05:08:44,1.3,6420,1547350,1529425,0.4,0.00,4.26,0.00,17.02,0.00,0.00,0.00,10981.0,95830.0,84370.0,81.0,7.5,0.5,40.5,166.879,0.403,0.2,63726845.5
2026-09-01T05:08:45,1.2,6420,1547350,1529426,0.4,0.00,1.87,0.00,7.49,0.00,0.00,0.19,10981.0,95830.0,84370.0,81.0,6.0,0.5,34.5,155.746,0.403,0.2,63726845.5
2026-09-01T05:08:45,1.5,6421,1547350,1529425,0.4,0.00,3.91,0.00,15.62,0.00,0.00,0.00,10981.0,95830.0,84370.0,81.0,6.5,0.5,31.5,144.110,0.403,0.2,63726845.5
2026-09-01T05:08:45,0.7,6424,1547350,1529422,0.4,0.00,5.26,0.00,21.05,0.00,0.00,0.00,10981.0,95830.0,84370.0,63.0,3.5,0.5,21.0,126.610,0.207,0.1,23655994.0
2026-09-01T05:08:46,1.0,6424,1547350,1529422,0.4,0.00,2.15,0.00,8.60,0.00,0.00,0.00,10981.0,95830.0,84370.0,63.0,6.5,0.5,29.5,124.382,0.207,0.1,23655994.0
2026-09-01T05:08:46,1.2,6424,1547350,1529421,0.4,0.00,3.25,0.00,12.99,0.00,0.00,0.00,10981.0,95830.0,84370.0,49.0,6.0,0.5,24.5,124.602,0.207,0.1,23655994.0
2026-09-01T05:08:46,1.3,6425,1547350,1529420,0.4,0.00,3.10,0.00,12.38,0.00,0.00,0.00,10981.0,95830.0,84370.0,49.0,2.0,0.5,10.5,142.685,0.207,0.1,23655994.0
2026-09-01T05:08:47,0.7,6428,1547350,1529418,0.4,0.00,3.24,0.00,12.94,0.00,0.00,0.00,10981.0,95830.0,84370.0,49.0,2.5,0.5,14.5,132.831,0.222,0.2,21104607.5
2026-09-01T05:08:47,1.3,6428,1547350,1529418,0.4,0.00,3.97,0.00,15.87,0.00,1.00,0.00,10981.0,95830.0,84370.0,49.0,1.5,0.5,6.0,136.430,0.222,0.2,21104607.5
2026-09-01T05:08:47,1.1,6428,1547350,1529418,0.4,0.00,2.75,0.00,11.02,0.00,0.00,0.28,10981.0,95830.0,84370.0,82.0,3.5,0.5,19.0,145.326,0.222,0.2,21104607.5
2026-09-01T05:08:48,1.3,6426,1547350,1529420,0.4,0.00,2.17,0.00,8.68,0.00,0.00,0.00,10981.0,95830.0,84370.0,82.0,7.0,0.5,31.0,154.591,0.314,0.2,41174231.0
2026-09-01T05:08:48,1.3,6425,1547350,1529421,0.4,0.00,3.94,0.00,15.75,0.00,0.00,0.00,10981.0,95830.0,84370.0,82.0,7.0,0.5,40.0,155.243,0.314,0.2,41174231.0
2026-09-01T05:08:48,1.3,6424,1547350,1529421,0.4,0.00,2.76,0.00,11.05,0.00,0.00,0.00,10981.0,95830.0,84370.0,80.0,7.0,0.5,40.0,166.525,0.314,0.2,41174231.0
2026-09-01T05:08:49,1.4,6424,1547350,1529421,0.4,0.00,3.45,0.00,13.79,0.00,0.00,0.00,10981.0,95830.0,84370.0,80.0,7.5,0.5,40.5,165.691,0.314,0.2,41174231.0
2026-09-01T05:08:49,1.4,6425,1547350,1529421,0.4,0.00,3.98,0.00,15.94,0.00,0.00,0.00,10981.0,95830.0,84370.0,80.0,7.5,0.5,40.5,166.841,0.400,0.2,62679830.0
2026-09-01T05:08:49,0.8,6424,1547350,1529421,0.4,0.00,4.03,0.00,16.13,0.00,0.00,0.00,10981.0,95830.0,84370.0,82.0,7.5,0.5,41.0,151.230,0.400,0.2,62679830.0
2026-09-01T05:08:50,1.4,6424,1547350,1529421,0.4,0.00,4.05,0.00,16.19,0.00,0.00,0.00,10981.0,95830.0,84370.0,82.0,7.5,0.5,33.0,155.075,0.400,0.2,62679830.0
2026-09-01T05:08:50,1.4,6425,1547350,1529421,0.4,0.00,21.81,0.00,236.76,0.00,0.00,0.00,10981.0,95830.0,84370.0,82.0,7.5,0.5,41.0,155.322,0.400,0.2,62679830.0
2026-09-01T05:08:50,1.3,6424,1547350,1529421,0.4,0.00,4.13,0.00,16.53,0.00,0.00,0.00,10981.0,95830.0,84370.0,82.0,7.5,0.5,40.5,155.095,0.342,0.2,54359080.5
2026-09-01T05:08:50,1.4,6424,1547350,1529421,0.4,0.00,4.15,0.00,16.60,0.00,1.00,0.00,10981.0,95830.0,84370.0,81.0,7.5,0.5,41.0,167.666,0.342,0.2,54359080.5
2026-09-01T05:08:51,1.3,6424,1547350,1529422,0.4,0.00,3.98,0.00,15.94,0.00,0.00,0.00,10981.0,95830.0,84370.0,81.0,7.5,0.5,40.5,167.519,0.342,0.2,54359080.5
2026-09-01T05:08:51,1.0,6423,1547350,1529422,0.4,0.00,3.13,0.00,12.54,0.00,0.00,0.00,10981.0,95830.0,84370.0,81.0,5.0,0.5,28.5,145.380,0.342,0.2,54359080.5
2026-09-01T05:08:51,1.0,6424,1547350,1529422,0.4,0.00,2.43,0.00,9.71,0.00,0.00,0.00,10981.0,95830.0,84370.0,0.0,0.0,0.5,0.0,148.235,0.312,0.2,45494536.5
2026-09-01T05:08:52,1.1,6424,1547350,1529422,0.4,0.00,3.86,0.00,15.44,0.00,0.00,0.00,10981.0,95830.0,84370.0,0.0,7.5,0.5,41.0,138.555,0.312,0.2,45494536.5
2026-09-01T05:08:52,1.4,6423,1547350,1529422,0.4,0.00,3.64,0.00,14.55,0.00,0.00,0.00,10981.0,95830.0,84370.0,0.0,0.0,0.5,1.5,145.208,0.312,0.2,45494536.5
2026-09-01T05:08:52,1.0,6423,1547350,1529423,0.4,0.00,2.35,0.00,9.41,0.00,0.00,0.00,10981.0,95830.0,84370.0,3.0,7.0,0.5,39.5,143.159,0.278,0.2,35390041.5
2026-09-01T05:08:53,1.4,6423,1547350,1529422,0.4,0.00,2.72,0.00,10.87,0.00,0.00,0.00,10981.0,95830.0,84370.0,3.0,7.0,0.5,40.0,153.644,0.278,0.2,35390041.5
2026-09-01T05:08:53,1.3,6423,1547350,1529422,0.4,0.00,3.64,0.00,14.55,0.00,0.00,0.00,10981.0,95830.0,84370.0,3.0,7.0,0.5,40.0,156.979,0.278,0.2,35390041.5
2026-09-01T05:08:53,1.4,6422,1547350,1529423,0.4,0.00,3.75,0.00,14.98,0.00,0.00,0.00,10981.0,95830.0,84370.0,80.0,4.0,0.5,15.0,153.264,0.278,0.2,35390041.5
2026-09-01T05:08:54,1.1,6422,1547350,1529424,0.4,0.00,2.32,0.00,9.28,0.00,0.00,0.00,10981.0,95830.0,84370.0,80.0,8.0,0.5,40.5,157.382,0.347,0.2,50262024.0
2026-09-01T05:08:54,1.3,6423,1547350,1529423,0.4,0.00,3.44,0.00,13.75,0.00,0.00,0.00,10981.0,95830.0,84370.0,80.0,7.0,0.5,40.0,157.589,0.347,0.2,50262024.0
2026-09-01T05:08:54,1.1,6424,1547350,1529422,0.4,0.00,2.31,0.00,9.24,0.00,0.00,0.00,10981.0,95830.0,84370.0,69.0,4.5,0.5,17.5,160.874,0.347,0.2,50262024.0
2026-09-01T05:08:55,1.4,6423,1547350,1529422,0.4,0.00,3.86,0.00,15.44,0.00,0.00,0.00,10981.0,95830.0,84370.0,69.0,7.5,0.5,40.5,157.685,0.346,0.2,48579309.5
2026-09-01T05:08:55,0.6,6424,1547350,1529422,0.4,0.00,2.44,0.00,9.78,0.00,0.00,0.00,10981.0,95830.0,84370.0,69.0,1.0,0.5,5.0,135.293,0.346,0.2,48579309.5
2026-09-01T05:08:55,1.3,6424,1547350,1529422,0.4,0.00,3.82,0.00,15.27,0.00,0.00,0.00,10981.0,95830.0,84370.0,10.0,9.0,0.5,43.0,146.077,0.346,0.2,48579309.5
2026-09-01T05:08:56,1.3,6424,1547350,1529422,0.4,0.00,7.63,0.00,30.53,0.00,0.00,0.00,10981.0,95830.0,84370.0,10.0,7.0,0.5,39.0,144.900,0.346,0.2,48579309.5
2026-09-01T05:08:56,1.1,6423,1547350,1529422,0.4,0.00,3.48,0.00,13.94,0.00,1.00,0.00,10981.0,95830.0,84370.0,10.0,3.5,0.5,20.5,147.715,0.257,0.2,35968049.0
2026-09-01T05:08:56,1.3,6423,1547350,1529423,0.4,0.00,3.02,0.00,12.08,0.00,0.00,0.00,10981.0,95830.0,84370.0,10.0,7.0,0.5,29.5,156.096,0.257,0.2,35968049.0
2026-09-01T05:08:56,1.4,6423,1547350,1529422,0.4,0.00,3.75,0.00,14.98,0.00,0.00,0.00,10981.0,95830.0,84370.0,59.0,7.0,0.5,40.0,155.745,0.257,0.2,35968049.0
2026-09-01T05:08:57,1.3,6422,1547350,1529423,0.4,0.00,4.31,0.00,17.24,0.00,0.00,0.43,10981.0,95830.0,84370.0,59.0,7.0,0.5,39.5,157.160,0.257,0.2,35968049.0
2026-09-01T05:08:57,1.0,6423,1547350,1529423,0.4,0.00,3.65,0.00,14.60,0.00,0.00,0.00,10981.0,95830.0,84370.0,59.0,6.0,0.5,35.0,156.746,0.356,0.2,52313367.5
2026-09-01T05:08:57,1.5,6422,1547350,1529423,0.4,0.00,3.52,0.00,14.08,0.00,0.00,0.35,10981.0,95830.0,84370.0,59.0,6.5,0.5,32.0,154.922,0.356,0.2,52313367.5
2026-09-01T05:08:58,0.8,6422,1547350,1529423,0.4,0.00,2.47,0.00,9.88,0.00,0.00,0.00,10981.0,95830.0,84370.0,31.0,8.5,0.5,37.0,135.579,0.356,0.2,52313367.5
2026-09-01T05:08:58,0.5,6422,1547350,1529424,0.4,0.00,2.69,0.00,10.75,0.00,0.00,0.00,10981.0,95830.0,84370.0,31.0,2.0,0.5,10.5,129.464,0.188,0.1,19997975.0
2026-09-01T05:08:58,1.4,6423,1547350,1529423,0.4,0.00,4.17,0.00,16.67,0.00,0.00,0.00,10981.0,95830.0,84370.0,31.0,8.5,0.5,42.0,131.548,0.188,0.1,19997975.0
2026-09-01T05:08:58,1.0,6422,1547350,1529423,0.4,0.00,4.02,0.00,16.06,0.00,0.00,0.00,10981.0,95830.0,84370.0,23.0,5.0,0.5,18.5,140.216,0.188,0.1,19997975.0
2026-09-01T05:08:59,1.4,6424,1547350,1529421,0.4,0.00,2.22,0.00,8.89,0.00,0.00,0.00,10981.0,95830.0,84370.0,23.0,7.5,0.5,40.5,159.212,0.188,0.1,19997975.0
2026-09-01T05:08:59,1.3,6423,1547350,1529422,0.4,0.00,4.13,0.00,16.53,0.00,0.00,0.00,10981.0,95830.0,84370.0,23.0,7.5,0.5,40.5,158.299,0.339,0.2,45412501.0
2026-09-01T05:08:59,1.3,6423,1547350,1529422,0.4,0.00,4.15,0.00,16.60,0.00,0.00,0.00,10981.0,95830.0,84370.0,81.0,7.0,0.5,40.5,163.555,0.339,0.2,45412501.0
2026-09-01T05:09:00,1.3,6424,1547350,1529422,0.4,0.00,4.00,0.00,16.00,0.00,0.00,0.00,10981.0,95830.0,84370.0,81.0,7.5,0.5,40.5,167.957,0.339,0.2,45412501.0
2026-09-01T05:09:00,0.9,6425,1547350,1529421,0.4,0.00,3.41,0.00,13.65,0.00,0.00,0.00,10981.0,95830.0,84370.0,81.0,5.0,0.5,28.5,153.762,0.339,0.2,45412501.0
2026-09-01T05:09:00,1.4,6424,1547350,1529422,0.4,0.00,4.02,0.00,16.06,0.00,0.00,0.00,10981.0,95830.0,84370.0,81.0,5.0,0.5,19.5,154.615,0.338,0.2,48389414.0
2026-09-01T05:09:01,0.5,6424,1547350,1529422,0.4,0.00,5.70,0.00,22.79,0.00,0.00,0.00,10981.0,95830.0,84370.0,39.0,0.0,0.5,1.0,131.221,0.338,0.2,48389414.0
2026-09-01T05:09:01,1.3,6424,1547350,1529421,0.4,0.00,3.30,0.00,13.20,0.00,1.00,0.00,10981.0,95830.0,84370.0,39.0,7.5,0.5,39.5,141.532,0.338,0.2,48389414.0
2026-09-01T05:09:01,1.7,6431,1547350,1529414,0.4,0.00,2.75,0.00,11.02,0.00,0.00,0.00,10981.0,95830.0,84370.0,39.0,7.0,0.5,40.0,145.999,0.274,0.2,38454490.5
2026-09-01T05:09:01,1.1,6432,1547350,1529414,0.4,0.00,4.15,0.00,16.60,0.00,0.00,0.00,10981.0,95830.0,84370.0,80.0,3.5,0.5,18.5,152.728,0.274,0.2,38454490.5
2026-09-01T05:09:02,1.3,6432,1547350,1529414,0.4,0.00,3.88,0.00,15.50,0.00,0.00,0.00,10981.0,95830.0,84370.0,80.0,8.0,0.5,35.0,154.935,0.274,0.2,38454490.5
2026-09-01T05:09:02,0.6,6432,1547350,1529414,0.4,0.00,3.41,0.00,13.65,0.00,0.00,0.00,10981.0,95830.0,84370.0,80.0,2.5,0.5,15.5,138.040,0.274,0.2,38454490.5
2026-09-01T05:09:02,1.4,6432,1547350,1529413,0.4,0.00,4.08,0.00,16.33,0.00,0.00,0.00,10981.0,95830.0,84370.0,11.0,9.0,0.5,43.0,139.505,0.248,0.2,30395639.0
2026-09-01T05:09:03,0.7,6432,1547350,1529413,0.4,0.00,3.80,0.00,15.21,0.00,0.00,0.00,10981.0,95830.0,84370.0,11.0,0.0,0.5,0.0,128.114,0.248,0.2,30395639.0
2026-09-01T05:09:03,1.3,6433,1547350,1529413,0.4,0.00,2.20,0.00,8.79,0.00,0.00,0.00,10981.0,95830.0,84370.0,11.0,6.5,0.5,25.0,146.440,0.248,0.2,30395639.0
2026-09-01T05:09:03,1.3,6433,1547350,1529412,0.4,0.00,3.97,0.00,15.87,0.00,0.00,0.00,10981.0,95830.0,84370.0,11.0,7.5,0.5,40.5,144.952,0.248,0.2,30395639.0
2026-09-01T05:09:03,1.3,6432,1547350,1529413,0.4,0.00,4.13,0.00,16.53,0.00,0.00,0.00,10981.0,95830.0,84370.0,82.0,7.5,0.5,40.5,151.344,0.304,0.2,48085820.5
2026-09-01T05:09:04,1.4,6432,1547350,1529414,0.4,0.00,3.98,0.00,15.94,0.00,0.00,0.00,10981.0,95830.0,84370.0,82.0,7.5,0.5,40.5,171.535,0.304,0.2,48085820.5
2026-09-01T05:09:04,1.3,6431,1547350,1529414,0.4,0.00,3.88,0.00,15.50,0.00,0.00,0.00,10981.0,95830.0,84370.0,82.0,7.5,0.5,40.5,169.236,0.304,0.2,48085820.5
2026-09-01T05:09:04,1.3,6431,1547350,1529414,0.4,0.00,3.83,0.00,15.33,0.00,0.00,0.00,10981.0,95830.0,84370.0,81.0,7.5,0.5,40.5,169.389,0.304,0.2,48085820.5
2026-09-01T05:09:04,1.1,6431,1547350,1529415,0.4,0.00,3.79,0.00,15.15,0.00,0.00,0.00,10981.0,95830.0,84370.0,81.0,6.5,0.5,37.5,156.111,0.344,0.2,52523599.5
2026-09-01T05:09:05,1.4,6430,1547350,1529415,0.4,0.00,2.76,0.00,11.05,0.00,0.00,0.00,10981.0,95830.0,84370.0,81.0,9.0,0.5,42.5,158.189,0.344,0.2,52523599.5
2026-09-01T05:09:05,1.2,6431,1547350,1529414,0.4,0.00,4.17,0.00,16.67,0.00,0.00,0.00,10981.0,95830.0,84370.0,81.0,7.0,0.5,40.0,157.747,0.344,0.2,52523599.5
2026-09-01T05:09:05,1.3,6430,1547350,1529415,0.4,0.00,3.94,0.00,15.75,0.00,0.00,0.00,10981.0,95830.0,84370.0,80.0,7.0,0.5,40.0,157.519,0.344,0.2,52523599.5
2026-09-01T05:09:06,1.4,6430,1547350,1529416,0.4,0.00,4.13,0.00,16.53,0.00,0.00,0.00,10981.0,95830.0,84370.0,80.0,7.0,0.5,40.0,170.430,0.402,0.3,59435116.5
2026-09-01T05:09:06,1.3,6431,1547350,1529415,0.4,0.00,3.75,0.00,14.98,0.00,1.00,0.00,10981.0,95830.0,84370.0,80.0,7.0,0.5,40.0,168.066,0.402,0.3,59435116.5
2026-09-01T05:09:06,0.7,6431,1547350,1529414,0.4,0.00,2.85,0.00,11.40,0.00,0.00,0.00,10981.0,95830.0,84370.0,80.0,3.0,0.5,16.0,144.808,0.402,0.3,59435116.5
2026-09-01T05:09:06,1.1,6431,1547350,1529414,0.4,0.00,4.24,0.00,16.95,0.00,0.00,0.00,10981.0,95830.0,84370.0,32.0,7.0,0.5,32.0,137.446,0.402,0.3,59435116.5
2026-09-01T05:09:07,1.3,6432,1547350,1529413,0.4,0.00,1.78,0.00,7.12,0.00,0.00,0.00,10981.0,95830.0,84370.0,32.0,7.5,0.5,40.0,145.483,0.278,0.2,36399859.5
2026-09-01T05:09:07,1.3,6432,1547350,1529414,0.4,0.00,4.03,0.00,16.13,0.00,0.00,0.00,10981.0,95830.0,84370.0,79.0,7.0,0.5,39.5,159.138,0.278,0.2,36399859.5
2026-09-01T05:09:08,1.4,6431,1547350,1529415,0.4,0.00,3.97,0.00,15.87,0.00,0.00,0.00,10981.0,95830.0,84370.0,79.0,7.5,0.5,39.5,170.176,0.278,0.2,36399859.5
2026-09-01T05:09:08,1.0,6432,1547350,1529414,0.4,0.00,2.49,0.00,9.95,0.00,0.00,0.00,10981.0,95830.0,84370.0,79.0,3.5,0.5,19.5,153.117,0.278,0.2,36399859.5
2026-09-01T05:09:08,1.4,6432,1547350,1529413,0.4,0.00,3.85,0.00,15.38,0.00,0.00,0.00,10981.0,95830.0,84370.0,79.0,6.5,0.5,26.5,156.082,0.335,0.2,48543682.0
2026-09-01T05:09:08,1.3,6434,1547350,1529412,0.4,0.00,4.00,0.00,16.00,0.00,0.00,0.00,10981.0,95830.0,84370.0,53.0,7.0,0.5,39.5,155.698,0.335,0.2,48543682.0
2026-09-01T05:09:09,1.3,6433,1547350,1529412,0.4,0.00,4.05,0.00,16.19,0.00,0.00,0.00,10981.0,95830.0,84370.0,53.0,7.0,0.5,39.5,160.826,0.335,0.2,48543682.0
2026-09-01T05:09:09,1.4,6433,1547350,1529413,0.4,0.00,2.93,0.00,11.73,0.00,0.00,0.00,10981.0,95830.0,84370.0,53.0,7.0,0.5,40.0,167.564,0.335,0.2,48543682.0
2026-09-01T05:09:09,1.4,6432,1547350,1529413,0.4,0.00,4.27,0.00,17.09,0.00,0.00,0.00,10981.0,95830.0,84370.0,80.0,7.0,0.5,40.0,167.389,0.395,0.2,62032351.5
2026-09-01T05:09:09,1.5,6433,1547350,1529413,0.4,0.00,4.02,0.00,16.06,0.00,0.00,0.00,10981.0,95830.0,84370.0,80.0,7.0,0.5,39.5,154.835,0.395,0.2,62032351.5
2026-09-01T05:09:10,1.0,6435,1547350,1529411,0.4,0.00,2.40,0.00,9.59,0.00,0.00,0.00,10981.0,95830.0,84370.0,80.0,9.0,0.5,43.0,157.353,0.395,0.2,62032351.5
2026-09-01T05:09:10,1.4,6434,1547350,1529412,0.4,0.00,4.15,0.00,16.60,0.00,0.00,0.00,10981.0,95830.0,84370.0,80.0,7.0,0.5,39.5,158.111,0.395,0.2,62032351.5
2026-09-01T05:09:10,1.1,6435,1547350,1529411,0.4,0.00,4.13,0.00,16.53,0.00,0.00,0.00,10981.0,95830.0,84370.0,79.0,7.0,0.5,39.5,145.852,0.291,0.2,41543867.5
2026-09-01T05:09:11,1.3,6435,1547350,1529410,0.4,0.00,3.33,0.00,13.33,0.00,0.00,0.00,10981.0,95830.0,84370.0,79.0,8.5,0.5,42.5,158.006,0.291,0.2,41543867.5
2026-09-01T05:09:11,1.5,6435,1547350,1529411,0.4,0.00,2.87,0.00,11.49,0.00,1.00,0.00,10981.0,95830.0,84370.0,79.0,6.5,0.5,35.5,146.315,0.291,0.2,41543867.5
2026-09-01T05:09:11,1.0,6432,1547350,1529413,0.4,0.00,2.59,0.00,10.36,0.00,0.00,0.00,10983.0,95830.0,84368.0,71.0,3.0,0.5,13.5,160.754,0.344,0.2,45147034.5
2026-09-01T05:09:12,1.5,6433,1547350,1529413,0.4,0.00,4.07,0.00,16.26,0.00,0.00,0.00,10983.0,95830.0,84368.0,71.0,7.5,0.5,40.5,144.930,0.344,0.2,45147034.5
2026-09-01T05:09:12,1.1,6433,1547350,1529413,0.4,0.00,2.56,0.00,10.26,0.00,0.00,0.00,10983.0,95830.0,84368.0,71.0,1.0,0.5,7.5,151.423,0.344,0.2,45147034.5
2026-09-01T05:09:12,0.7,6434,1547350,1529412,0.4,0.00,3.42,0.00,13.70,0.00,0.00,0.00,10983.0,95830.0,84368.0,86.0,1.0,0.5,5.5,134.579,0.344,0.2,45147034.5
2026-09-01T05:09:13,1.3,6434,1547350,1529412,0.4,0.00,4.02,0.00,16.06,0.00,0.00,0.00,10983.0,95830.0,84368.0,86.0,5.0,0.5,19.0,138.341,0.243,0.2,29923298.0
2026-09-01T05:09:13,1.3,6434,1547350,1529412,0.4,0.00,2.36,0.00,9.46,0.00,0.00,0.00,10983.0,95830.0,84368.0,86.0,7.0,0.5,39.5,148.762,0.243,0.2,29923298.0
2026-09-01T05:09:13,1.4,6433,1547350,1529413,0.4,0.00,4.00,0.00,16.00,0.00,0.00,0.40,10983.0,95830.0,84368.0,80.0,7.0,0.5,40.0,164.311,0.243,0.2,29923298.0
2026-09-01T05:09:14,0.6,6433,1547350,1529413,0.4,0.00,3.32,0.00,13.29,0.00,0.00,0.00,10983.0,95830.0,84368.0,80.0,1.5,0.5,10.5,146.043,0.243,0.2,29923298.0
2026-09-01T05:09:14,1.3,6433,1547350,1529412,0.4,0.00,2.75,0.00,10.99,0.00,0.00,0.00,10983.0,95830.0,84368.0,80.0,8.0,0.5,40.5,147.489,0.316,0.2,46385499.0
2026-09-01T05:09:14,0.6,6433,1547350,1529413,0.4,0.00,3.14,0.00,12.58,0.00,0.00,0.00,10983.0,95830.0,84368.0,56.0,5.0,0.5,28.0,125.266,0.316,0.2,46385499.0
2026-09-01T05:09:14,1.5,6432,1547350,1529414,0.4,0.00,4.31,0.00,17.24,0.00,0.00,0.00,10983.0,95830.0,84368.0,56.0,0.0,0.5,0.0,142.575,0.316,0.2,46385499.0
2026-09-01T05:09:15,1.0,6432,1547350,1529413,0.4,0.00,3.64,0.00,14.55,0.00,0.00,0.00,10983.0,95830.0,84368.0,56.0,1.0,0.5,7.5,139.893,0.316,0.2,46385499.0
2026-09-01T05:09:15,1.3,6433,1547350,1529412,0.4,0.00,3.53,0.00,14.13,0.00,0.00,0.00,10983.0,95830.0,84368.0,56.0,9.0,0.5,43.5,148.156,0.249,0.2,30963074.0
2026-09-01T05:09:15,1.0,6433,1547350,1529412,0.4,0.00,4.08,0.00,16.33,0.00,0.00,0.00,10983.0,95830.0,84368.0,81.0,7.0,0.5,40.5,147.609,0.249,0.2,30963074.0
2026-09-01T05:09:16,1.3,6433,1547350,1529413,0.4,0.00,3.92,0.00,15.69,0.00,0.00,0.00,10983.0,95830.0,84368.0,81.0,6.5,0.5,27.5,157.123,0.249,0.2,30963074.0
2026-09-01T05:09:16,0.5,6432,1547350,1529413,0.4,0.00,2.49,0.00,9.98,0.00,0.00,0.00,10983.0,95830.0,84368.0,81.0,0.0,0.5,0.0,128.013,0.249,0.2,30963074.0
2026-09-01T05:09:16,1.0,6432,1547350,1529414,0.4,0.00,4.12,0.00,16.46,0.00,0.00,0.00,10983.0,95830.0,84368.0,38.0,5.0,0.5,19.0,129.531,0.192,0.1,23492562.5
2026-09-01T05:09:16,1.4,6431,1547350,1529414,0.4,0.00,3.37,0.00,13.47,0.00,0.00,0.34,10983.0,95830.0,84368.0,38.0,3.5,0.5,20.0,131.930,0.192,0.1,23492562.5
2026-09-01T05:09:17,1.1,6432,1547350,1529414,0.4,0.00,4.29,0.00,17.17,0.00,1.00,0.00,10983.0,95830.0,84368.0,38.0,7.0,0.5,40.0,142.560,0.192,0.1,23492562.5
2026-09-01T05:09:17,1.3,6432,1547350,1529414,0.4,0.00,2.79,0.00,11.14,0.00,0.00,0.00,10983.0,95830.0,84368.0,38.0,1.5,0.5,9.0,149.799,0.192,0.1,23492562.5
2026-09-01T05:09:17,1.4,6431,1547350,1529414,0.4,0.00,4.15,0.00,16.60,0.00,0.00,0.00,10983.0,95830.0,84368.0,83.0,9.5,0.5,40.5,160.142,0.345,0.2,45971703.0
2026-09-01T05:09:18,1.4,6431,1547350,1529414,0.4,0.00,3.76,0.00,15.04,0.00,0.00,0.00,10983.0,95830.0,84368.0,83.0,7.5,0.5,40.5,159.518,0.345,0.2,45971703.0
2026-09-01T05:09:18,0.6,6430,1547350,1529415,0.4,0.00,2.26,0.00,9.05,0.00,0.00,0.00,10983.0,95830.0,84368.0,83.0,0.5,0.5,2.5,138.665,0.345,0.2,45971703.0
2026-09-01T05:09:18,1.4,6430,1547350,1529416,0.4,0.00,3.82,0.00,15.27,0.00,0.00,0.00,10983.0,95830.0,84368.0,0.0,9.5,0.5,43.0,129.955,0.207,0.1,28216731.5
2026-09-01T05:09:19,0.8,6430,1547350,1529416,0.4,0.00,2.56,0.00,10.26,0.00,0.00,0.26,10983.0,95830.0,84368.0,0.0,9.5,0.5,43.0,138.246,0.207,0.1,28216731.5
2026-09-01T05:09:19,1.4,6429,1547350,1529416,0.4,0.00,2.56,0.00,10.26,0.00,0.00,0.26,10983.0,95830.0,84368.0,0.0,9.5,0.5,43.0,150.570,0.207,0.1,28216731.5
2026-09-01T05:09:19,1.4,6431,1547350,1529415,0.4,0.00,3.12,0.00,12.46,0.00,0.00,0.00,10983.0,95830.0,84368.0,78.0,7.0,0.5,39.0,156.029,0.207,0.1,28216731.5
2026-09-01T05:09:20,1.3,6432,1547350,1529413,0.4,0.00,3.82,0.00,15.27,0.00,0.00,0.00,10983.0,95830.0,84368.0,78.0,7.0,0.5,38.5,158.380,0.335,0.2,44894538.0
2026-09-01T05:09:20,1.0,6432,1547350,1529413,0.4,0.00,12.38,0.00,130.03,0.00,0.00,0.00,10983.0,95830.0,84368.0,78.0,2.0,0.5,11.0,152.696,0.335,0.2,44894538.0
2026-09-01T05:09:20,1.4,6432,1547350,1529413,0.4,0.00,2.91,0.00,11.63,0.00,0.00,0.00,11055.0,95830.0,84296.0,22.0,8.5,0.5,36.5,157.172,0.335,0.2,44894538.0
2026-09-01T05:09:21,1.3,6432,1547350,1529414,0.4,0.00,4.02,0.00,16.06,0.00,0.00,0.00,11055.0,95830.0,84296.0,22.0,7.5,0.5,40.5,158.270,0.335,0.2,44894538.0
2026-09-01T05:09:21,1.1,6432,1547350,1529414,0.4,0.00,3.98,0.00,15.94,0.00,0.00,0.00,11055.0,95830.0,84296.0,22.0,4.0,0.5,23.0,147.252,0.297,0.2,41652363.0
2026-09-01T05:09:21,1.3,6431,1547350,1529414,0.4,0.00,3.03,0.00,12.12,0.00,0.00,0.00,11055.0,95830.0,84296.0,22.0,6.5,0.5,26.5,155.049,0.297,0.2,41652363.0
2026-09-01T05:09:21,0.5,6430,1547350,1529415,0.4,0.00,3.36,0.00,13.42,0.00,0.00,0.00,11055.0,95830.0,84296.0,53.0,0.0,0.5,0.0,137.245,0.297,0.2,41652363.0
2026-09-01T05:09:22,1.4,6430,1547350,1529416,0.4,0.00,4.22,0.00,16.88,0.00,1.00,0.00,11055.0,95830.0,84296.0,53.0,9.0,0.5,39.5,138.678,0.297,0.2,41652363.0
2026-09-01T05:09:22,1.3,6430,1547350,1529416,0.4,0.00,3.32,0.00,13.29,0.00,0.00,0.00,11055.0,95830.0,84296.0,53.0,7.5,0.5,40.5,148.502,0.302,0.2,39417979.0
2026-09-01T05:09:22,1.3,6429,1547350,1529416,0.4,0.00,4.02,0.00,16.06,0.00,0.00,0.00,11055.0,95830.0,84296.0,81.0,7.5,0.5,40.5,152.536,0.302,0.2,39417979.0
2026-09-01T05:09:22,1.4,6430,1547350,1529416,0.4,0.00,3.86,0.00,15.44,0.00,0.00,0.00,11055.0,95830.0,84296.0,81.0,7.5,0.5,40.5,167.205,0.302,0.2,39417979.0
2026-09-01T05:09:23,0.5,6430,1547350,1529415,0.4,0.00,3.32,0.00,13.29,0.00,0.00,0.00,11055.0,95830.0,84296.0,81.0,0.0,0.5,0.0,143.055,0.302,0.2,39417979.0
2026-09-01T05:09:23,1.3,6430,1547350,1529416,0.4,0.00,2.12,0.00,8.47,0.00,0.00,0.21,11055.0,95830.0,84296.0,73.0,7.0,0.5,38.0,141.219,0.280,0.2,40435600.0
2026-09-01T05:09:24,1.3,6431,1547350,1529414,0.4,0.00,3.97,0.00,15.87,0.00,0.00,0.00,11055.0,95830.0,84296.0,73.0,7.0,0.5,38.5,142.884,0.280,0.2,40435600.0
2026-09-01T05:09:24,1.4,6431,1547350,1529415,0.4,0.00,4.10,0.00,16.39,0.00,0.00,0.00,11055.0,95830.0,84296.0,73.0,7.0,0.5,38.0,164.679,0.280,0.2,40435600.0
2026-09-01T05:09:24,1.4,6432,1547350,1529414,0.4,0.00,2.64,0.00,10.55,0.00,0.00,0.00,11055.0,95830.0,84296.0,73.0,7.0,0.5,38.5,165.367,0.280,0.2,40435600.0
2026-09-01T05:09:24,1.4,6432,1547350,1529413,0.4,0.00,3.85,0.00,15.38,0.00,0.00,0.38,11055.0,95830.0,84296.0,77.0,5.5,0.5,32.5,162.465,0.379,0.2,59546432.5
2026-09-01T05:09:25,0.5,6431,1547350,1529415,0.4,0.00,3.18,0.00,12.74,0.00,0.00,0.00,11055.0,95830.0,84296.0,77.0,0.0,0.5,0.0,141.562,0.379,0.2,59546432.5
2026-09-01T05:09:25,1.1,6431,1547350,1529414,0.4,0.00,3.46,0.00,13.84,0.00,0.00,0.00,11055.0,95830.0,84296.0,77.0,2.5,0.5,14.0,135.030,0.379,0.2,59546432.5
2026-09-01T05:09:25,1.3,6432,1547350,1529414,0.4,0.00,3.27,0.00,13.07,0.00,0.00,0.00,11055.0,95830.0,84296.0,28.0,8.5,0.5,35.0,133.782,0.379,0.2,59546432.5
2026-09-01T05:09:26,0.6,6432,1547350,1529414,0.4,0.00,3.08,0.00,12.31,0.00,0.00,0.00,11055.0,95830.0,84296.0,28.0,0.0,0.5,0.0,132.198,0.168,0.1,18394963.5
2026-09-01T05:09:26,1.3,6433,1547350,1529413,0.4,0.00,2.62,0.00,10.50,0.00,0.00,0.00,11055.0,95830.0,84296.0,28.0,7.0,0.5,38.5,149.141,0.168,0.1,18394963.5
2026-09-01T05:09:26,1.3,6433,1547350,1529413,0.4,0.00,3.91,0.00,15.62,0.00,0.00,0.00,11055.0,95830.0,84296.0,77.0,7.0,0.5,38.5,148.530,0.168,0.1,18394963.5
2026-09-01T05:09:27,1.3,6434,1547350,1529412,0.4,0.00,3.89,0.00,15.56,0.00,0.00,0.00,11055.0,95830.0,84296.0,77.0,7.0,0.5,39.0,164.022,0.168,0.1,18394963.5
2026-09-01T05:09:27,1.4,6433,1547350,1529413,0.4,0.00,4.02,0.00,16.06,0.00,0.00,0.00,11055.0,95830.0,84296.0,77.0,7.0,0.5,38.0,166.162,0.383,0.2,55686358.0
2026-09-01T05:09:27,1.3,6433,1547350,1529413,0.4,0.00,3.11,0.00,12.42,0.00,0.00,0.00,11055.0,95830.0,84296.0,77.0,7.0,0.5,39.0,166.502,0.383,0.2,55686358.0
2026-09-01T05:09:27,1.4,6433,1547350,1529413,0.4,0.00,4.22,0.00,16.88,0.00,1.00,0.00,11055.0,95830.0,84296.0,78.0,7.0,0.5,39.0,166.288,0.383,0.2,55686358.0
2026-09-01T05:09:28,1.1,6433,1547350,1529413,0.4,0.00,3.95,0.00,15.81,0.00,0.00,0.00,11055.0,95830.0,84296.0,78.0,7.0,0.5,31.5,157.315,0.329,0.2,47528093.0
2026-09-01T05:09:28,1.1,6433,1547350,1529412,0.4,0.00,1.86,0.00,7.43,0.00,0.00,0.00,11055.0,95830.0,84296.0,80.0,6.0,0.5,22.0,148.493,0.329,0.2,47528093.0
2026-09-01T05:09:29,1.3,6432,1547350,1529413,0.4,0.00,1.78,0.00,7.10,0.00,0.00,0.00,11055.0,95830.0,84296.0,80.0,7.0,0.5,39.5,158.008,0.329,0.2,47528093.0
2026-09-01T05:09:29,0.8,6433,1547350,1529412,0.4,0.00,2.42,0.00,9.66,0.00,0.00,0.00,11055.0,95830.0,84296.0,80.0,0.0,0.5,0.0,137.230,0.273,0.2,38715468.0
2026-09-01T05:09:29,1.4,6432,1547350,1529413,0.4,0.00,4.24,0.00,16.95,0.00,0.00,0.00,11055.0,95830.0,84296.0,0.0,6.5,0.5,28.0,150.818,0.273,0.2,38715468.0
2026-09-01T05:09:30,1.0,6433,1547350,1529413,0.4,0.00,4.27,0.00,17.09,0.00,0.00,0.00,11055.0,95830.0,84296.0,0.0,6.5,0.5,36.0,134.405,0.273,0.2,38715468.0
2026-09-01T05:09:30,1.3,6434,1547350,1529412,0.4,0.00,4.07,0.00,16.26,0.00,0.00,0.00,11055.0,95830.0,84296.0,0.0,9.5,0.5,42.5,144.775,0.273,0.2,38715468.0
2026-09-01T05:09:30,1.0,6433,1547350,1529412,0.4,0.00,3.19,0.00,12.78,0.00,0.00,0.00,11055.0,95830.0,84296.0,0.0,7.0,0.5,39.5,152.112,0.273,0.2,35970821.5
2026-09-01T05:09:30,1.3,6433,1547350,1529412,0.4,0.00,3.12,0.00,12.50,0.00,0.00,0.00,11055.0,95830.0,84296.0,79.0,9.5,0.5,44.0,155.298,0.273,0.2,35970821.5
2026-09-01T05:09:31,1.3,6432,1547350,1529413,0.4,0.00,3.80,0.00,15.21,0.00,0.00,0.00,11055.0,95830.0,84296.0,79.0,7.5,0.5,40.5,160.732,0.273,0.2,35970821.5
2026-09-01T05:09:31,1.3,6432,1547350,1529414,0.4,0.00,3.41,0.00,13.65,0.00,0.00,0.00,11055.0,95830.0,84296.0,79.0,7.5,0.5,40.5,166.030,0.273,0.2,35970821.5
2026-09-01T05:09:31,1.4,6432,1547350,1529413,0.4,0.00,8.03,0.00,48.19,0.00,0.00,0.00,11055.0,95830.0,84296.0,81.0,7.5,0.5,40.5,171.398,0.409,0.3,60112738.0
2026-09-01T05:09:31,1.3,6432,1547350,1529414,0.4,0.00,4.27,0.00,17.09,0.00,0.00,0.00,11055.0,95830.0,84296.0,81.0,7.5,0.5,40.5,171.965,0.409,0.3,60112738.0
2026-09-01T05:09:32,1.4,6431,1547350,1529414,0.4,0.00,4.17,0.00,16.67,0.00,0.00,0.00,11055.0,95830.0,84296.0,81.0,7.5,0.5,40.5,166.699,0.409,0.3,60112738.0
2026-09-01T05:09:32,0.5,6433,1547350,1529413,0.4,0.00,3.62,0.00,14.49,0.00,0.00,0.00,11055.0,95830.0,84296.0,81.0,3.5,0.5,20.5,150.026,0.409,0.3,60112738.0
2026-09-01T05:09:32,1.1,6434,1547350,1529412,0.4,0.00,3.89,0.00,15.56,0.00,0.00,0.00,11055.0,95830.0,84296.0,11.0,8.0,0.5,35.0,140.458,0.244,0.2,32797830.5
2026-09-01T05:09:33,1.3,6434,1547350,1529412,0.4,0.00,2.99,0.00,11.98,0.00,1.00,0.00,11055.0,95830.0,84296.0,11.0,5.0,0.5,19.5,142.134,0.244,0.2,32797830.5
2026-09-01T05:09:33,1.3,6433,1547350,1529412,0.4,0.00,4.08,0.00,16.33,0.00,0.00,0.00,11055.0,95830.0,84296.0,11.0,7.0,0.5,40.0,153.530,0.244,0.2,32797830.5
2026-09-01T05:09:33,1.3,6433,1547350,1529413,0.4,0.00,3.41,0.00,13.65,0.00,0.00,0.00,11055.0,95830.0,84296.0,11.0,7.0,0.5,39.5,160.056,0.244,0.2,32797830.5
2026-09-01T05:09:33,1.4,6433,1547350,1529413,0.4,0.00,2.90,0.00,11.59,0.00,0.00,0.00,11055.0,95830.0,84296.0,79.0,7.0,0.5,39.5,169.072,0.391,0.2,57755784.5
2026-09-01T05:09:34,0.8,6432,1547350,1529414,0.4,0.00,3.42,0.00,13.70,0.00,0.00,0.00,11055.0,95830.0,84296.0,79.0,0.5,0.5,3.5,148.159,0.391,0.2,57755784.5
2026-09-01T05:09:34,1.6,6431,1547350,1529414,0.4,0.00,2.71,0.00,10.84,0.00,0.00,0.00,11055.0,95830.0,84296.0,52.0,6.5,0.5,26.0,141.977,0.391,0.2,57755784.5
2026-09-01T05:09:34,0.8,6431,1547350,1529414,0.4,0.00,2.92,0.00,11.70,0.00,0.00,0.00,11055.0,95830.0,84296.0,52.0,9.0,0.5,40.0,130.750,0.201,0.1,21984571.0
2026-09-01T05:09:35,1.3,6431,1547350,1529415,0.4,0.00,2.69,0.00,10.75,0.00,0.00,0.27,11055.0,95830.0,84296.0,52.0,9.0,0.5,43.0,155.196,0.201,0.1,21984571.0
2026-09-01T05:09:35,0.6,6430,1547350,1529415,0.4,0.00,2.25,0.00,9.01,0.00,0.00,0.00,11055.0,95830.0,84296.0,56.0,0.0,0.5,0.0,135.892,0.201,0.1,21984571.0
2026-09-01T05:09:36,1.5,6430,1547350,1529415,0.4,0.00,4.07,0.00,16.26,0.00,0.00,0.00,11055.0,95830.0,84296.0,56.0,7.0,0.5,29.5,135.506,0.240,0.2,28118783.5
2026-09-01T05:09:36,1.1,6431,1547350,1529414,0.4,0.00,2.78,0.00,11.11,0.00,0.00,0.00,11055.0,95830.0,84296.0,56.0,7.5,0.5,32.0,130.055,0.240,0.2,28118783.5
2026-09-01T05:09:36,1.0,6431,1547350,1529414,0.4,0.00,15.87,0.00,74.07,0.00,0.17,0.00,11055.0,95830.0,84296.0,22.0,9.0,0.5,41.0,153.953,0.240,0.2,28118783.5
2026-09-01T05:09:37,1.4,6431,1547350,1529414,0.4,0.00,4.29,0.00,17.17,0.00,0.00,0.00,11055.0,95830.0,84296.0,22.0,7.5,0.5,41.0,151.602,0.240,0.2,28118783.5
2026-09-01T05:09:37,1.4,6431,1547350,1529415,0.4,0.00,4.07,0.00,16.26,0.00,0.00,0.00,11055.0,95830.0,84296.0,22.0,7.5,0.5,40.5,163.779,0.332,0.2,43693716.0
2026-09-01T05:09:37,1.4,6430,1547350,1529415,0.4,0.00,3.41,0.00,13.65,0.00,0.00,0.00,11055.0,95830.0,84296.0,22.0,7.5,0.5,41.0,167.642,0.332,0.2,43693716.0
2026-09-01T05:09:37,1.0,6430,1547350,1529416,0.4,0.00,2.44,0.00,9.76,0.00,0.00,0.00,11055.0,95830.0,84296.0,81.0,2.0,0.5,13.0,159.916,0.332,0.2,43693716.0
2026-09-01T05:09:38,1.3,6430,1547350,1529416,0.4,0.00,4.03,0.00,16.13,0.00,0.00,0.00,11055.0,95830.0,84296.0,81.0,7.0,0.5,38.0,159.214,0.332,0.2,43693716.0
2026-09-01T05:09:38,1.1,6432,1547350,1529414,0.4,0.00,2.80,0.00,11.20,0.00,0.00,0.00,11055.0,95830.0,84296.0,81.0,5.5,0.5,30.5,150.031,0.310,0.2,45349641.0
2026-09-01T05:09:38,1.4,6432,1547350,1529413,0.4,0.00,3.12,0.00,12.50,0.00,0.00,0.00,11055.0,95830.0,84296.0,61.0,8.0,0.5,40.5,147.286,0.310,0.2,45349641.0
2026-09-01T05:09:39,0.9,6432,1547350,1529414,0.4,0.00,2.24,0.00,8.97,0.00,0.00,0.00,11055.0,95830.0,84296.0,61.0,8.0,0.5,36.5,137.650,0.310,0.2,45349641.0
2026-09-01T05:09:39,1.4,6432,1547350,1529414,0.4,0.00,2.70,0.00,10.78,0.00,0.00,0.00,11055.0,95830.0,84296.0,31.0,8.0,0.5,41.0,151.210,0.282,0.2,31257809.0
2026-09-01T05:09:40,1.3,6432,1547350,1529414,0.4,0.00,3.02,0.00,12.08,0.00,0.00,0.00,11055.0,95830.0,84296.0,31.0,7.0,0.5,40.0,158.009,0.282,0.2,31257809.0
2026-09-01T05:09:40,0.5,6432,1547350,1529413,0.4,0.00,3.14,0.00,12.58,0.00,0.00,0.00,11055.0,95830.0,84296.0,31.0,0.0,0.5,0.0,142.059,0.282,0.2,31257809.0
2026-09-01T05:09:40,1.4,6432,1547350,1529413,0.4,0.00,3.10,0.00,12.38,0.00,0.00,0.00,11055.0,95830.0,84296.0,31.0,5.0,0.5,19.0,136.888,0.282,0.2,31257809.0
2026-09-01T05:09:40,0.5,6431,1547350,1529414,0.4,0.00,3.28,0.00,13.11,0.00,0.00,0.00,11055.0,95830.0,84296.0,38.0,5.5,0.5,30.0,120.229,0.196,0.1,26629592.5
2026-09-01T05:09:41,1.3,6432,1547350,1529414,0.4,0.00,3.79,0.00,15.15,0.00,0.00,0.00,11055.0,95830.0,84296.0,38.0,7.0,0.5,30.5,135.085,0.196,0.1,26629592.5
2026-09-01T05:09:41,1.4,6434,1547350,1529412,0.4,0.00,3.05,0.00,12.20,0.00,0.00,0.00,11055.0,95830.0,84296.0,38.0,7.0,0.5,40.0,146.431,0.196,0.1,26629592.5
2026-09-01T05:09:41,1.3,6431,1547350,1529415,0.4,0.00,4.08,0.00,16.33,0.00,0.00,0.00,11055.0,95830.0,84296.0,79.0,7.0,0.5,39.5,161.270,0.196,0.1,26629592.5
2026-09-01T05:09:42,0.8,6431,1547350,1529414,0.4,0.00,3.09,0.00,12.35,0.00,0.00,0.00,11055.0,95830.0,84296.0,79.0,5.0,0.5,28.5,147.442,0.294,0.2,42497716.0
2026-09-01T05:09:42,1.3,6431,1547350,1529415,0.4,0.00,4.12,0.00,16.46,0.00,0.00,0.00,11055.0,95830.0,84296.0,79.0,8.5,0.5,40.0,150.141,0.294,0.2,42497716.0
2026-09-01T05:09:42,1.0,6431,1547350,1529414,0.4,0.00,3.02,0.00,12.08,0.00,0.00,0.00,11055.0,95830.0,84296.0,79.0,7.0,0.5,39.5,138.425,0.294,0.2,42497716.0
2026-09-01T05:09:43,1.3,6430,1547350,1529415,0.4,0.00,3.44,0.00,13.75,0.00,1.00,0.00,11055.0,95830.0,84296.0,79.0,1.0,0.5,43.0,156.941,0.294,0.2,42497716.0
2026-09-01T05:09:43,1.3,6430,1547350,1529415,0.4,0.00,3.97,0.00,15.87,0.00,0.00,0.00,11055.0,95830.0,84296.0,79.0,7.5,0.5,40.5,161.048,0.345,0.2,50651952.0
2026-09-01T05:09:43,1.4,6429,1547350,1529416,0.4,0.00,3.09,0.00,12.35,0.00,0.00,0.00,11055.0,95830.0,84296.0,79.0,7.5,0.5,40.5,161.822,0.345,0.2,50651952.0
2026-09-01T05:09:43,0.9,6429,1547350,1529416,0.4,0.00,3.85,0.00,15.38,0.00,0.00,0.38,11055.0,95830.0,84296.0,81.0,6.0,0.5,35.0,158.746,0.345,0.2,50651952.0
2026-09-01T05:09:44,1.3,6430,1547350,1529416,0.4,0.00,2.73,0.00,10.93,0.00,0.00,0.00,11055.0,95830.0,84296.0,81.0,4.0,0.5,16.5,160.966,0.345,0.2,50651952.0
2026-09-01T05:09:44,1.4,6430,1547350,1529415,0.4,0.00,4.08,0.00,16.33,0.00,0.00,0.00,11055.0,95830.0,84296.0,81.0,7.5,0.5,40.5,160.593,0.354,0.2,51914621.0
2026-09-01T05:09:44,1.3,6430,1547350,1529415,0.4,0.00,3.76,0.00,15.04,0.00,0.00,0.00,11055.0,95830.0,84296.0,81.0,7.5,0.5,40.5,173.150,0.354,0.2,51914621.0
2026-09-01T05:09:45,1.0,6430,1547350,1529416,0.4,0.00,2.81,0.00,11.24,0.00,0.00,0.00,11055.0,95830.0,84296.0,81.0,7.5,0.5,40.5,157.678,0.354,0.2,51914621.0
2026-09-01T05:09:45,1.4,6431,1547350,1529415,0.4,0.00,2.81,0.00,11.24,0.00,0.00,0.00,11055.0,95830.0,84296.0,81.0,3.5,0.5,39.5,160.424,0.354,0.2,51914621.0
2026-09-01T05:09:45,1.5,6431,1547350,1529415,0.4,0.00,3.83,0.00,15.33,0.00,0.00,0.00,11055.0,95830.0,84296.0,81.0,7.0,0.5,40.0,159.911,0.347,0.2,50929609.0
2026-09-01T05:09:45,1.3,6430,1547350,1529415,0.4,0.00,4.05,0.00,16.19,0.00,0.00,0.40,11055.0,95830.0,84296.0,80.0,7.0,0.5,40.0,156.578,0.347,0.2,50929609.0
2026-09-01T05:09:46,0.6,6431,1547350,1529415,0.4,0.00,3.04,0.00,12.16,0.00,0.00,0.00,11055.0,95830.0,84296.0,80.0,3.0,0.5,12.0,144.738,0.347,0.2,50929609.0
2026-09-01T05:09:46,1.4,6431,1547350,1529415,0.4,0.00,2.89,0.00,11.56,0.00,0.00,0.00,11055.0,95830.0,84296.0,80.0,8.0,0.5,41.5,147.732,0.347,0.2,50929609.0
2026-09-01T05:09:46,1.3,6430,1547350,1529415,0.4,0.00,4.00,0.00,16.00,0.00,0.00,0.00,11055.0,95830.0,84296.0,81.0,7.0,0.5,40.5,147.948,0.301,0.2,43739644.0
2026-09-01T05:09:47,1.1,6430,1547350,1529415,0.4,0.00,7.75,0.00,31.01,0.00,0.00,0.00,11055.0,95830.0,84296.0,81.0,2.5,0.5,14.5,155.635,0.301,0.2,43739644.0
2026-09-01T05:09:47,1.4,6431,1547350,1529414,0.4,0.00,3.82,0.00,15.27,0.00,0.00,0.00,11055.0,95830.0,84296.0,81.0,7.0,0.5,40.0,162.085,0.301,0.2,43739644.0
2026-09-01T05:09:47,1.3,6431,1547350,1529415,0.4,0.00,2.96,0.00,11.83,0.00,1.00,0.00,11055.0,95830.0,84296.0,81.0,7.0,0.5,39.5,161.764,0.301,0.2,43739644.0
2026-09-01T05:09:47,1.3,6430,1547350,1529416,0.4,0.00,4.12,0.00,16.46,0.00,0.00,0.00,11055.0,95830.0,84296.0,80.0,7.5,0.5,40.5,163.285,0.349,0.2,50593987.0
2026-09-01T05:09:48,1.4,6429,1547350,1529416,0.4,0.00,4.08,0.00,16.33,0.00,0.00,0.00,11055.0,95830.0,84296.0,80.0,7.5,0.5,40.5,172.867,0.349,0.2,50593987.0
2026-09-01T05:09:48,1.3,6429,1547350,1529416,0.4,0.00,3.86,0.00,15.44,0.00,0.00,0.00,11055.0,95830.0,84296.0,80.0,7.5,0.5,40.5,171.305,0.349,0.2,50593987.0
2026-09-01T05:09:48,1.3,6429,1547350,1529416,0.4,0.00,3.72,0.00,14.87,0.00,0.00,0.00,11055.0,95830.0,84296.0,81.0,4.5,0.5,25.0,166.270,0.349,0.2,50593987.0
2026-09-01T05:09:49,0.7,6431,1547350,1529414,0.4,0.00,2.46,0.00,9.83,0.00,0.00,0.00,11055.0,95830.0,84296.0,81.0,0.0,0.5,0.0,143.943,0.289,0.2,44336080.5
2026-09-01T05:09:49,1.3,6430,1547350,1529416,0.4,0.00,3.62,0.00,14.49,0.00,0.00,0.00,11055.0,95830.0,84296.0,81.0,7.5,0.5,40.5,147.879,0.289,0.2,44336080.5
2026-09-01T05:09:49,1.4,6431,1547350,1529415,0.4,0.00,3.24,0.00,12.94,0.00,0.00,0.00,11055.0,95830.0,84296.0,81.0,7.5,0.5,40.5,148.351,0.289,0.2,44336080.5
2026-09-01T05:09:49,1.3,6431,1547350,1529415,0.4,0.00,4.15,0.00,16.60,0.00,0.00,0.00,11055.0,95830.0,84296.0,81.0,7.5,0.5,40.5,163.771,0.289,0.2,44336080.5
2026-09-01T05:09:50,1.0,6431,1547350,1529414,0.4,0.00,4.03,0.00,16.13,0.00,0.00,0.00,11055.0,95830.0,84296.0,81.0,5.5,0.5,31.0,163.319,0.354,0.2,51004336.0
2026-09-01T05:09:50,1.4,6432,1547350,1529414,0.4,0.00,3.85,0.00,15.38,0.00,0.00,0.00,11055.0,95830.0,84296.0,81.0,5.5,0.5,32.0,158.713,0.354,0.2,51004336.0
2026-09-01T05:09:50,0.6,6432,1547350,1529414,0.4,0.00,23.81,0.00,258.50,0.00,0.00,0.00,11055.0,95830.0,84296.0,64.0,0.0,0.5,0.0,139.196,0.354,0.2,51004336.0
2026-09-01T05:09:51,1.0,6432,1547350,1529414,0.4,0.00,4.03,0.00,16.13,0.00,1.00,0.00,11055.0,95830.0,84296.0,64.0,1.5,0.5,8.5,132.157,0.354,0.2,51004336.0
2026-09-01T05:09:51,1.4,6431,1547350,1529414,0.4,0.00,2.92,0.00,11.66,0.00,0.00,0.00,11055.0,95830.0,84296.0,64.0,9.5,0.5,43.5,141.627,0.241,0.2,25253411.5
2026-09-01T05:09:51,1.4,6431,1547350,1529415,0.4,0.00,3.61,0.00,14.44,0.00,0.00,0.00,11055.0,95830.0,84296.0,64.0,7.0,0.5,40.0,152.442,0.241,0.2,25253411.5
2026-09-01T05:09:51,1.0,6432,1547350,1529414,0.4,0.00,4.17,0.00,16.67,0.00,0.00,0.00,11055.0,95830.0,84296.0,80.0,1.5,0.5,9.0,144.185,0.241,0.2,25253411.5
2026-09-01T05:09:52,1.0,6432,1547350,1529414,0.4,0.00,2.51,0.00,10.03,0.00,0.00,0.00,11055.0,95830.0,84296.0,80.0,4.5,0.5,19.0,149.485,0.241,0.2,25253411.5
2026-09-01T05:09:52,1.3,6432,1547350,1529414,0.4,0.00,4.00,0.00,16.00,0.00,0.00,0.00,11055.0,95830.0,84296.0,80.0,7.0,0.5,39.5,149.473,0.305,0.2,44372636.0
2026-09-01T05:09:52,1.3,6431,1547350,1529414,0.4,0.00,4.00,0.00,16.00,0.00,0.00,0.00,11055.0,95830.0,84296.0,79.0,7.0,0.5,40.0,155.168,0.305,0.2,44372636.0
2026-09-01T05:09:53,0.6,6431,1547350,1529414,0.4,0.00,2.33,0.00,9.32,0.00,0.00,0.00,11055.0,95830.0,84296.0,79.0,0.0,0.5,0.0,140.664,0.305,0.2,44372636.0
2026-09-01T05:09:53,1.3,6431,1547350,1529415,0.4,0.00,4.12,0.00,16.46,0.00,0.00,0.00,11055.0,95830.0,84296.0,79.0,7.0,0.5,40.0,142.748,0.305,0.2,44372636.0
2026-09-01T05:09:53,1.3,6431,1547350,1529415,0.4,0.00,3.29,0.00,13.16,0.00,0.00,0.00,11055.0,95830.0,84296.0,80.0,7.0,0.5,39.5,151.882,0.282,0.2,41155055.5
2026-09-01T05:09:54,1.3,6431,1547350,1529414,0.4,0.00,2.62,0.00,10.50,0.00,0.00,0.00,11055.0,95830.0,84296.0,80.0,7.0,0.5,39.0,167.712,0.282,0.2,41155055.5
2026-09-01T05:09:54,1.3,6431,1547350,1529414,0.4,0.00,3.08,0.00,12.31,0.00,0.00,0.31,11055.0,95830.0,84296.0,80.0,7.0,0.5,38.0,168.567,0.282,0.2,41155055.5
2026-09-01T05:09:54,1.2,6433,1547350,1529412,0.4,0.00,2.25,0.00,9.01,0.00,0.00,0.00,11055.0,95830.0,84296.0,76.0,7.0,0.5,39.0,168.937,0.386,0.2,60331550.0
2026-09-01T05:09:55,1.4,6433,1547350,1529412,0.4,0.00,3.80,0.00,15.21,0.00,0.00,0.00,11055.0,95830.0,84296.0,76.0,7.0,0.5,37.5,167.416,0.386,0.2,60331550.0
2026-09-01T05:09:55,0.5,6432,1547350,1529413,0.4,0.00,3.48,0.00,13.94,0.00,0.00,0.00,11055.0,95830.0,84296.0,76.0,0.0,0.5,0.0,141.537,0.386,0.2,60331550.0
2026-09-01T05:09:55,1.4,6432,1547350,1529413,0.4,0.00,3.28,0.00,13.11,0.00,0.00,0.00,11055.0,95830.0,84296.0,0.0,9.0,0.5,43.0,143.373,0.386,0.2,60331550.0
2026-09-01T05:09:56,1.3,6432,1547350,1529413,0.4,0.00,4.00,0.00,16.00,0.00,0.00,0.00,11055.0,95830.0,84296.0,0.0,7.0,0.5,39.5,143.723,0.264,0.2,37984880.0
2026-09-01T05:09:56,1.4,6432,1547350,1529413,0.4,0.00,4.05,0.00,16.19,0.00,0.00,0.00,11055.0,95830.0,84296.0,0.0,7.0,0.5,40.0,151.201,0.264,0.2,37984880.0
2026-09-01T05:09:56,1.4,6432,1547350,1529414,0.4,0.00,4.17,0.00,16.67,0.00,0.00,0.00,11055.0,95830.0,84296.0,0.0,7.0,0.5,40.0,172.095,0.264,0.2,37984880.0
2026-09-01T05:09:56,1.1,6432,1547350,1529414,0.4,0.00,3.64,0.00,14.55,0.00,1.00,0.00,11055.0,95830.0,84296.0,80.0,5.5,0.5,32.5,157.536,0.264,0.2,37984880.0
2026-09-01T05:09:57,1.1,6431,1547350,1529414,0.4,0.00,3.08,0.00,12.31,0.00,0.00,0.00,11055.0,95830.0,84296.0,80.0,4.0,0.5,20.5,150.044,0.309,0.2,45499082.0
2026-09-01T05:09:57,1.3,6431,1547350,1529415,0.4,0.00,6.51,0.00,26.06,0.00,0.00,0.00,11055.0,95830.0,84296.0,80.0,8.0,0.5,34.0,153.137,0.309,0.2,45499082.0
2026-09-01T05:09:57,1.4,6431,1547350,1529414,0.4,0.00,3.73,0.00,14.93,0.00,0.00,0.00,11055.0,95830.0,84296.0,80.0,7.0,0.5,40.0,153.494,0.309,0.2,45499082.0
2026-09-01T05:09:57,1.0,6430,1547350,1529415,0.4,0.00,4.08,0.00,16.33,0.00,0.00,0.00,11055.0,95830.0,84296.0,80.0,2.5,0.5,13.5,148.901,0.309,0.2,45499082.0
2026-09-01T05:09:58,1.3,6430,1547350,1529416,0.4,0.00,3.51,0.00,14.04,0.00,0.00,0.00,11055.0,95830.0,84296.0,80.0,8.0,0.5,35.5,163.774,0.337,0.2,45844131.5
2026-09-01T05:09:58,1.3,6431,1547350,1529415,0.4,0.00,4.12,0.00,16.46,0.00,0.00,0.00,11055.0,95830.0,84296.0,80.0,7.0,0.5,40.0,158.418,0.337,0.2,45844131.5
2026-09-01T05:09:58,0.6,6431,1547350,1529414,0.4,0.00,2.35,0.00,9.41,0.00,0.00,0.00,11055.0,95830.0,84296.0,80.0,2.0,0.5,10.5,144.290,0.337,0.2,45844131.5
2026-09-01T05:09:59,1.2,6433,1547350,1529413,0.4,0.00,4.15,0.00,16.60,0.00,0.00,0.00,11055.0,95830.0,84296.0,80.0,3.0,0.5,12.5,149.211,0.337,0.2,45844131.5
2026-09-01T05:09:59,0.8,6434,1547350,1529412,0.4,0.00,4.02,0.00,16.06,0.00,0.00,0.00,11055.0,95830.0,84296.0,80.0,0.0,0.5,0.0,126.430,0.222,0.1,30961243.0
2026-09-01T05:09:59,1.4,6434,1547350,1529412,0.4,0.00,2.36,0.00,9.43,0.00,0.00,0.00,11055.0,95830.0,84296.0,0.0,0.0,0.5,0.0,136.577,0.222,0.1,30961243.0
2026-09-01T05:09:59,1.4,6434,1547350,1529412,0.4,0.00,6.62,0.00,26.49,0.00,0.00,0.00,11055.0,95830.0,84296.0,0.0,7.0,0.5,40.5,148.954,0.222,0.1,30961243.0
2026-09-01T05:10:00,1.3,6434,1547350,1529411,0.4,0.00,4.12,0.00,16.46,0.00,0.00,0.00,11055.0,95830.0,84296.0,0.0,7.5,0.5,40.5,148.785,0.222,0.1,30961243.0
2026-09-01T05:10:00,1.3,6434,1547350,1529412,0.4,0.00,4.17,0.00,16.67,0.00,0.00,0.00,11055.0,95830.0,84296.0,0.0,7.5,0.5,40.5,173.772,0.222,0.1,30961243.0
2026-09-01T05:10:00,1.1,6432,1547350,1529413,0.4,0.00,2.73,0.00,10.93,0.00,0.00,0.00,11055.0,95830.0,84296.0,81.0,5.5,0.5,32.0,160.668,0.396,0.3,57777898.0
2026-09-01T05:10:01,1.0,6432,1547350,1529413,0.4,0.00,3.29,0.00,13.16,0.00,0.00,0.00,11055.0,95830.0,84296.0,81.0,3.5,0.5,21.0,149.060,0.396,0.3,57777898.0
2026-09-01T05:10:01,1.0,6432,1547350,1529413,0.4,0.00,2.90,0.00,11.59,0.00,0.00,0.29,11055.0,95830.0,84296.0,81.0,1.5,0.5,10.5,138.475,0.226,0.1,25925425.5
2026-09-01T05:10:01,1.7,6439,1547350,1529407,0.4,0.00,2.06,0.00,8.25,0.00,1.00,0.00,11055.0,95830.0,84296.0,21.0,7.5,0.5,35.0,150.397,0.226,0.1,25925425.5
2026-09-01T05:10:02,1.1,6439,1547350,1529407,0.4,0.00,3.51,0.00,14.04,0.00,0.00,0.00,11055.0,95830.0,84296.0,21.0,4.0,0.5,24.0,148.876,0.226,0.1,25925425.5
2026-09-01T05:10:02,0.9,6438,1547350,1529407,0.4,0.00,8.66,0.00,34.63,0.00,0.00,0.00,11055.0,95830.0,84296.0,21.0,1.5,0.5,8.0,146.457,0.271,0.2,33380444.0
2026-09-01T05:10:02,1.1,6439,1547350,1529407,0.4,0.00,2.67,0.00,10.67,0.00,0.00,0.00,11055.0,95830.0,84296.0,16.0,8.0,0.5,33.0,136.264,0.271,0.2,33380444.0
2026-09-01T05:10:03,1.3,6438,1547350,1529407,0.4,0.00,2.53,0.00,10.10,0.00,0.00,0.25,11055.0,95830.0,84296.0,16.0,9.0,0.5,41.5,149.632,0.271,0.2,33380444.0
2026-09-01T05:10:03,1.3,6439,1547350,1529406,0.4,0.00,4.07,0.00,16.26,0.00,0.00,0.00,11055.0,95830.0,84296.0,16.0,7.5,0.5,40.5,162.180,0.324,0.2,41517604.0
2026-09-01T05:10:03,1.3,6440,1547350,1529406,0.4,0.00,2.80,0.00,11.20,0.00,0.00,0.28,11055.0,95830.0,84296.0,81.0,7.5,0.5,41.0,166.156,0.324,0.2,41517604.0
2026-09-01T05:10:04,1.4,6439,1547350,1529407,0.4,0.00,3.98,0.00,15.94,0.00,0.00,0.00,11055.0,95830.0,84296.0,81.0,7.5,0.5,40.5,171.810,0.324,0.2,41517604.0
2026-09-01T05:10:04,1.4,6439,1547350,1529406,0.4,0.00,4.81,0.00,19.23,0.00,0.00,0.00,11055.0,95830.0,84296.0,81.0,7.5,0.5,40.5,168.927,0.324,0.2,41517604.0
2026-09-01T05:10:04,0.5,6439,1547350,1529406,0.4,0.00,2.26,0.00,9.03,0.00,0.00,0.00,11055.0,95830.0,84296.0,81.0,0.0,0.5,0.5,138.962,0.266,0.2,42010746.0
2026-09-01T05:10:04,1.4,6439,1547350,1529406,0.4,0.00,4.33,0.00,17.32,0.00,0.00,0.43,11055.0,95830.0,84296.0,1.0,1.0,0.5,4.0,141.605,0.266,0.2,42010746.0
2026-09-01T05:10:05,1.1,6439,1547350,1529406,0.4,0.00,4.15,0.00,16.60,0.00,0.00,0.00,11055.0,95830.0,84296.0,1.0,7.0,0.5,40.5,130.681,0.266,0.2,42010746.0
2026-09-01T05:10:05,1.0,6440,1547350,1529406,0.4,0.00,2.85,0.00,11.40,0.00,0.00,0.00,11055.0,95830.0,84296.0,1.0,7.0,0.5,32.0,145.218,0.266,0.2,42010746.0
2026-09-01T05:10:05,1.4,6440,1547350,1529405,0.4,0.00,2.90,0.00,11.59,0.00,0.00,0.00,11055.0,95830.0,84296.0,64.0,5.0,0.5,21.0,151.439,0.297,0.2,34718088.5
2026-09-01T05:10:06,0.9,6440,1547350,1529405,0.4,0.00,4.05,0.00,16.19,0.00,0.00,0.00,11055.0,95830.0,84296.0,64.0,7.0,0.5,40.5,139.363,0.297,0.2,34718088.5
2026-09-01T05:10:06,1.4,6439,1547350,1529407,0.4,0.00,4.13,0.00,16.53,0.00,0.00,0.00,11055.0,95830.0,84296.0,64.0,1.5,0.5,9.0,151.621,0.297,0.2,34718088.5
2026-09-01T05:10:06,1.3,6438,1547350,1529407,0.4,0.00,2.92,0.00,11.70,0.00,0.00,0.00,11055.0,95830.0,84296.0,64.0,7.5,0.5,40.5,162.143,0.297,0.2,34718088.5
2026-09-01T05:10:06,1.3,6438,1547350,1529407,0.4,0.00,4.07,0.00,16.26,0.00,0.00,0.00,11055.0,95830.0,84296.0,81.0,7.5,0.5,40.5,162.105,0.349,0.2,50478954.5
2026-09-01T05:10:07,1.4,6438,1547350,1529408,0.4,0.00,4.26,0.00,17.02,0.00,1.00,0.00,11055.0,95830.0,84296.0,81.0,7.5,0.5,40.5,172.115,0.349,0.2,50478954.5
2026-09-01T05:10:07,1.4,6440,1547350,1529406,0.4,0.00,4.27,0.00,17.09,0.00,0.00,0.00,11055.0,95830.0,84296.0,81.0,7.0,0.5,39.0,170.693,0.349,0.2,50478954.5
2026-09-01T05:10:07,0.6,6441,1547350,1529404,0.4,0.00,3.14,0.00,12.58,0.00,0.00,0.00,11055.0,95830.0,84296.0,54.0,5.0,0.5,27.0,147.189,0.349,0.2,50478954.5
2026-09-01T05:10:08,1.4,6441,1547350,1529405,0.4,0.00,4.02,0.00,16.06,0.00,0.00,0.00,11055.0,95830.0,84296.0,54.0,0.0,0.5,0.0,149.608,0.284,0.2,39801502.5
2026-09-01T05:10:08,1.3,6441,1547350,1529405,0.4,0.00,3.70,0.00,14.81,0.00,0.00,0.00,11055.0,95830.0,84296.0,54.0,7.0,0.5,38.5,149.001,0.284,0.2,39801502.5
2026-09-01T05:10:08,0.6,6441,1547350,1529404,0.4,0.00,2.93,0.00,11.73,0.00,0.00,0.00,11055.0,95830.0,84296.0,54.0,0.0,0.5,0.0,140.839,0.284,0.2,39801502.5
2026-09-01T05:10:08,1.4,6441,1547350,1529404,0.4,0.00,3.77,0.00,15.09,0.00,0.00,0.00,11055.0,95830.0,84296.0,0.0,6.0,0.5,26.0,145.593,0.284,0.2,39801502.5
2026-09-01T05:10:09,1.4,6441,1547350,1529405,0.4,0.00,3.89,0.00,15.56,0.00,0.00,0.00,11055.0,95830.0,84296.0,0.0,7.5,0.5,41.0,147.063,0.293,0.2,42853346.0
2026-09-01T05:10:09,0.8,6441,1547350,1529405,0.4,0.00,3.89,0.00,15.56,0.00,0.00,0.00,11055.0,95830.0,84296.0,0.0,7.0,0.5,40.5,140.997,0.293,0.2,42853346.0
2026-09-01T05:10:09,1.3,6440,1547350,1529405,0.4,0.00,2.26,0.00,9.05,0.00,0.00,0.00,11055.0,95830.0,84296.0,60.0,7.5,0.5,40.5,156.752,0.293,0.2,42853346.0
2026-09-01T05:10:10,0.6,6439,1547350,1529406,0.4,0.00,2.95,0.00,11.80,0.00,0.00,0.00,11055.0,95830.0,84296.0,60.0,4.0,0.5,22.5,131.805,0.223,0.1,31371771.0
2026-09-01T05:10:10,1.3,6439,1547350,1529407,0.4,0.00,4.08,0.00,16.33,0.00,0.00,0.00,11055.0,95830.0,84296.0,60.0,0.0,0.5,0.0,148.501,0.223,0.1,31371771.0
2026-09-01T05:10:10,1.1,6440,1547350,1529405,0.4,0.00,2.91,0.00,11.63,0.00,0.00,0.00,11055.0,95830.0,84296.0,81.0,7.5,0.5,40.5,135.820,0.223,0.1,31371771.0
2026-09-01T05:10:11,1.3,6440,1547350,1529406,0.4,0.00,3.57,0.00,14.29,0.00,0.00,0.00,11055.0,95830.0,84296.0,81.0,6.5,0.5,29.0,156.334,0.223,0.1,31371771.0
2026-09-01T05:10:11,1.1,6439,1547350,1529407,0.4,0.00,4.15,0.00,16.60,0.00,0.00,0.00,11055.0,95830.0,84296.0,81.0,7.5,0.5,41.0,148.390,0.303,0.2,39627400.5
2026-09-01T05:10:11,1.4,6439,1547350,1529406,0.4,0.00,3.08,0.00,12.31,0.00,0.00,0.00,11055.0,95830.0,84296.0,81.0,2.5,0.5,16.0,155.175,0.303,0.2,39627400.5
2026-09-01T05:10:11,1.2,6440,1547350,1529405,0.4,0.00,3.86,0.00,15.44,0.00,0.00,0.00,11055.0,95830.0,84296.0,69.0,7.0,0.5,39.0,147.945,0.303,0.2,39627400.5
2026-09-01T05:10:12,1.4,6440,1547350,1529405,0.4,0.00,2.87,0.00,11.46,0.00,0.00,0.00,11055.0,95830.0,84296.0,69.0,2.5,0.5,14.5,157.594,0.303,0.2,39627400.5
2026-09-01T05:10:12,0.9,6439,1547350,1529406,0.4,0.00,3.95,0.00,15.81,0.00,0.00,0.00,11055.0,95830.0,84296.0,69.0,2.0,0.5,12.5,143.635,0.273,0.2,36491507.0
2026-09-01T05:10:12,1.4,6440,1547350,1529406,0.4,0.00,2.32,0.00,9.28,0.00,0.00,0.00,11055.0,95830.0,84296.0,44.0,4.5,0.5,25.0,142.891,0.273,0.2,36491507.0
2026-09-01T05:10:13,1.1,6439,1547350,1529406,0.4,0.00,2.73,0.00,10.93,0.00,0.00,0.00,11055.0,95830.0,84296.0,44.0,3.5,0.5,20.0,131.484,0.273,0.2,36491507.0
2026-09-01T05:10:13,1.0,6440,1547350,1529406,0.4,0.00,2.72,0.00,10.90,0.00,0.00,0.00,11055.0,95830.0,84296.0,44.0,7.5,0.5,31.0,147.040,0.279,0.2,30091324.5
2026-09-01T05:10:13,0.5,6440,1547350,1529405,0.4,0.00,3.32,0.00,13.29,0.00,0.00,0.00,11055.0,95830.0,84296.0,40.0,0.0,0.5,0.0,139.727,0.279,0.2,30091324.5
2026-09-01T05:10:14,1.3,6440,1547350,1529405,0.4,0.00,3.31,0.00,13.25,0.00,1.00,0.00,11055.0,95830.0,84296.0,40.0,9.0,0.5,42.5,141.025,0.279,0.2,30091324.5
2026-09-01T05:10:14,0.6,6440,1547350,1529405,0.4,0.00,3.01,0.00,12.05,0.00,0.00,0.00,11055.0,95830.0,84296.0,40.0,6.0,0.5,23.0,135.724,0.184,0.1,21429562.5
2026-09-01T05:10:15,0.8,6441,1547350,1529405,0.4,0.00,1.72,0.00,6.87,0.00,0.00,0.00,11055.0,95830.0,84296.0,46.0,0.0,0.5,0.0,120.949,0.184,0.1,21429562.5
2026-09-01T05:10:15,1.3,6441,1547350,1529404,0.4,0.00,4.02,0.00,16.06,0.00,0.00,0.40,11055.0,95830.0,84296.0,46.0,8.5,0.5,39.0,132.605,0.184,0.1,21429562.5
2026-09-01T05:10:15,0.5,6441,1547350,1529405,0.4,0.00,2.44,0.00,9.76,0.00,0.00,0.00,11055.0,95830.0,84296.0,40.0,0.0,0.5,0.0,116.180,0.124,0.1,15293920.5
2026-09-01T05:10:16,1.4,6440,1547350,1529405,0.4,0.00,3.94,0.00,15.75,0.00,0.00,0.00,11055.0,95830.0,84296.0,40.0,6.5,0.5,26.5,142.343,0.124,0.1,15293920.5
2026-09-01T05:10:16,1.4,6439,1547350,1529406,0.4,0.00,4.17,0.00,16.67,0.00,0.00,0.00,11055.0,95830.0,84296.0,40.0,7.5,0.5,41.0,142.430,0.124,0.1,15293920.5
2026-09-01T05:10:16,1.0,6440,1547350,1529406,0.4,0.00,4.03,0.00,16.13,0.00,0.00,0.00,11055.0,95830.0,84296.0,40.0,4.0,0.5,24.0,151.902,0.124,0.1,15293920.5
2026-09-01T05:10:16,1.3,6443,1547350,1529403,0.4,0.00,2.81,0.00,11.24,0.00,0.00,0.00,11055.0,95830.0,84296.0,48.0,7.0,0.5,38.0,157.442,0.337,0.2,44571111.5
2026-09-01T05:10:17,1.4,6443,1547350,1529402,0.4,0.00,4.27,0.00,17.09,0.00,0.00,0.00,11055.0,95830.0,84296.0,48.0,7.0,0.5,38.5,155.750,0.337,0.2,44571111.5
2026-09-01T05:10:17,0.6,6444,1547350,1529401,0.4,0.00,3.42,0.00,13.70,0.00,0.00,0.00,11055.0,95830.0,84296.0,48.0,0.5,0.5,2.5,133.617,0.337,0.2,44571111.5
2026-09-01T05:10:17,1.4,6445,1547350,1529401,0.4,0.00,4.46,0.00,17.86,0.00,0.00,0.00,11055.0,95830.0,84296.0,48.0,6.0,0.5,26.0,145.909,0.337,0.2,44571111.5
2026-09-01T05:10:17,0.6,6445,1547350,1529401,0.4,0.00,2.99,0.00,11.98,0.00,0.00,0.00,11055.0,95830.0,84296.0,52.0,0.0,0.5,0.0,128.569,0.201,0.1,26884558.5
2026-09-01T05:10:18,1.3,6444,1547350,1529402,0.4,0.00,4.17,0.00,16.67,0.00,0.00,0.00,11055.0,95830.0,84296.0,52.0,7.5,0.5,32.0,137.172,0.201,0.1,26884558.5
2026-09-01T05:10:18,0.5,6443,1547350,1529402,0.4,0.00,3.40,0.00,13.61,0.00,0.00,0.00,11055.0,95830.0,84296.0,52.0,0.0,0.5,1.0,126.984,0.201,0.1,26884558.5
2026-09-01T05:10:18,1.4,6444,1547350,1529402,0.4,0.00,3.25,0.00,12.99,0.00,0.00,0.00,11055.0,95830.0,84296.0,2.0,9.5,0.5,42.5,140.393,0.201,0.1,26884558.5
2026-09-01T05:10:19,1.0,6444,1547350,1529402,0.4,0.00,4.13,0.00,16.53,0.00,0.00,0.00,11055.0,95830.0,84296.0,2.0,2.0,0.5,12.5,138.062,0.241,0.2,30217920.5
2026-09-01T05:10:19,1.5,6444,1547350,1529402,0.4,0.00,3.02,0.00,12.08,0.00,0.00,0.00,11055.0,95830.0,84296.0,2.0,1.5,0.5,7.5,150.202,0.241,0.2,30217920.5
2026-09-01T05:10:19,1.1,6444,1547350,1529402,0.4,0.00,2.50,0.00,10.00,0.00,0.00,0.00,11055.0,95830.0,84296.0,15.0,7.0,0.5,38.0,150.216,0.241,0.2,30217920.5
2026-09-01T05:10:20,1.4,6444,1547350,1529401,0.4,0.00,2.82,0.00,11.30,0.00,0.00,0.00,11055.0,95830.0,84296.0,15.0,7.0,0.5,39.0,162.803,0.323,0.2,40565479.5
2026-09-01T05:10:20,1.3,6444,1547350,1529402,0.4,0.00,4.10,0.00,16.39,0.00,0.00,0.00,11055.0,95830.0,84296.0,15.0,7.5,0.5,40.5,165.981,0.323,0.2,40565479.5
2026-09-01T05:10:20,1.4,6445,1547350,1529401,0.4,0.00,4.02,0.00,16.06,0.00,0.00,0.00,11055.0,95830.0,84296.0,15.0,7.0,0.5,38.5,168.632,0.323,0.2,40565479.5
2026-09-01T05:10:20,1.0,6445,1547350,1529400,0.4,0.00,14.39,0.00,199.64,0.00,0.25,0.00,11055.0,95830.0,84296.0,77.0,4.0,0.5,24.0,157.274,0.323,0.2,40565479.5
2026-09-01T05:10:21,1.3,6445,1547350,1529401,0.4,0.00,3.05,0.00,12.20,0.00,0.00,0.00,11055.0,95830.0,84296.0,77.0,6.0,0.5,26.5,159.466,0.341,0.2,49792664.5
2026-09-01T05:10:21,1.3,6445,1547350,1529401,0.4,0.00,4.07,0.00,16.26,0.00,0.00,0.00,11055.0,95830.0,84296.0,77.0,7.0,0.5,40.0,159.339,0.341,0.2,49792664.5
2026-09-01T05:10:21,0.7,6444,1547350,1529401,0.4,0.00,2.35,0.00,9.39,0.00,0.00,0.00,11055.0,95830.0,84296.0,80.0,0.0,0.5,0.0,143.186,0.341,0.2,49792664.5
2026-09-01T05:10:22,1.3,6445,1547350,1529400,0.4,0.00,4.03,0.00,16.13,0.00,0.00,0.00,11055.0,95830.0,84296.0,80.0,9.5,0.5,43.5,148.330,0.341,0.2,49792664.5
2026-09-01T05:10:22,1.4,6446,1547350,1529400,0.4,0.00,4.00,0.00,16.00,0.00,0.00,0.00,11055.0,95830.0,84296.0,80.0,7.0,0.5,38.5,147.413,0.286,0.2,41039341.5
2026-09-01T05:10:22,1.4,6446,1547350,1529400,0.4,0.00,4.24,0.00,16.95,0.00,0.00,0.42,11055.0,95830.0,84296.0,80.0,7.0,0.5,39.0,159.441,0.286,0.2,41039341.5
2026-09-01T05:10:22,1.4,6445,1547350,1529400,0.4,0.00,3.55,0.00,14.18,0.00,0.00,0.00,11055.0,95830.0,84296.0,78.0,7.0,0.5,39.0,170.171,0.286,0.2,41039341.5
2026-09-01T05:10:23,0.7,6446,1547350,1529399,0.4,0.00,2.85,0.00,11.40,0.00,0.00,0.00,11055.0,95830.0,84296.0,78.0,2.0,0.5,13.0,146.683,0.286,0.2,41039341.5
2026-09-01T05:10:23,1.2,6446,1547350,1529399,0.4,0.00,4.17,0.00,16.67,0.00,0.00,0.00,11055.0,95830.0,84296.0,78.0,9.0,0.5,42.0,147.624,0.287,0.2,40950279.5
2026-09-01T05:10:23,1.4,6446,1547350,1529399,0.4,0.00,3.53,0.00,14.13,0.00,0.00,0.00,11055.0,95830.0,84296.0,84.0,7.0,0.5,40.0,147.576,0.287,0.2,40950279.5
2026-09-01T05:10:24,1.3,6447,1547350,1529398,0.4,0.00,4.13,0.00,16.53,0.00,0.00,0.00,11055.0,95830.0,84296.0,84.0,7.0,0.5,40.0,153.281,0.287,0.2,40950279.5
2026-09-01T05:10:24,1.3,6446,1547350,1529399,0.4,0.00,4.00,0.00,16.00,0.00,0.00,0.00,11055.0,95830.0,84296.0,84.0,7.0,0.5,38.0,169.207,0.287,0.2,40950279.5
2026-09-01T05:10:24,1.4,6446,1547350,1529400,0.4,0.00,4.13,0.00,16.53,0.00,0.00,0.00,11055.0,95830.0,84296.0,84.0,7.0,0.5,38.0,158.096,0.340,0.2,57626479.0
2026-09-01T05:10:24,1.1,6445,1547350,1529400,0.4,0.00,2.48,0.00,9.93,0.00,0.00,0.25,11055.0,95830.0,84296.0,76.0,8.5,0.5,41.5,157.803,0.340,0.2,57626479.0
2026-09-01T05:10:25,1.4,6446,1547350,1529400,0.4,0.00,3.10,0.00,12.38,0.00,0.00,0.00,11055.0,95830.0,84296.0,76.0,7.0,0.5,38.5,157.929,0.340,0.2,57626479.0
2026-09-01T05:10:25,0.8,6447,1547350,1529399,0.4,0.00,3.53,0.00,14.13,0.00,0.00,0.00,11055.0,95830.0,84296.0,76.0,4.5,0.5,25.5,150.768,0.295,0.2,41606845.5
2026-09-01T05:10:25,1.3,6447,1547350,1529399,0.4,0.00,2.46,0.00,9.83,0.00,1.00,0.00,11055.0,95830.0,84296.0,51.0,9.0,0.5,43.0,149.953,0.295,0.2,41606845.5
2026-09-01T05:10:26,0.6,6446,1547350,1529400,0.4,0.00,3.34,0.00,13.38,0.00,0.00,0.00,11055.0,95830.0,84296.0,51.0,1.5,0.5,8.5,130.678,0.295,0.2,41606845.5
2026-09-01T05:10:26,1.3,6446,1547350,1529399,0.4,0.00,3.98,0.00,15.94,0.00,0.00,0.00,11055.0,95830.0,84296.0,51.0,3.5,0.5,15.0,143.437,0.295,0.2,41606845.5
2026-09-01T05:10:26,1.4,6446,1547350,1529399,0.4,0.00,2.91,0.00,11.63,0.00,0.00,0.00,11055.0,95830.0,84296.0,83.0,7.0,0.5,40.5,146.215,0.286,0.2,37548125.0
2026-09-01T05:10:27,0.5,6446,1547350,1529399,0.4,0.00,3.65,0.00,14.60,0.00,0.00,0.00,11055.0,95830.0,84296.0,83.0,4.0,0.5,22.5,146.514,0.286,0.2,37548125.0
2026-09-01T05:10:27,1.4,6446,1547350,1529399,0.4,0.00,4.17,0.00,16.67,0.00,0.00,0.00,11055.0,95830.0,84296.0,83.0,9.5,0.5,42.0,151.596,0.286,0.2,37548125.0
2026-09-01T05:10:27,1.1,6444,1547350,1529402,0.4,0.00,4.22,0.00,16.88,0.00,0.00,0.00,11055.0,95830.0,84296.0,80.0,2.5,0.5,15.0,138.561,0.286,0.2,37548125.0
2026-09-01T05:10:28,1.3,6443,1547350,1529402,0.4,0.00,2.52,0.00,10.08,0.00,0.00,0.00,11055.0,95830.0,84296.0,80.0,8.5,0.5,35.5,154.144,0.273,0.2,32232207.5
2026-09-01T05:10:28,1.0,6443,1547350,1529402,0.4,0.00,4.15,0.00,16.60,0.00,0.00,0.00,11055.0,95830.0,84296.0,80.0,6.5,0.5,36.0,148.870,0.273,0.2,32232207.5
2026-09-01T05:10:28,1.3,6444,1547350,1529402,0.4,0.00,3.75,0.00,14.98,0.00,0.00,0.00,11055.0,95830.0,84296.0,80.0,3.0,0.5,13.0,151.241,0.273,0.2,32232207.5
2026-09-01T05:10:28,1.1,6445,1547350,1529401,0.4,0.00,2.92,0.00,11.70,0.00,0.00,0.00,11055.0,95830.0,84296.0,84.0,2.5,0.5,11.5,151.463,0.273,0.2,32232207.5
2026-09-01T05:10:29,1.3,6444,1547350,1529401,0.4,0.00,2.46,0.00,9.83,0.00,0.00,0.00,11055.0,95830.0,84296.0,84.0,8.5,0.5,42.0,165.430,0.300,0.2,39419861.5
2026-09-01T05:10:29,1.1,6444,1547350,1529401,0.4,0.00,4.02,0.00,16.06,0.00,0.00,0.00,11055.0,95830.0,84296.0,84.0,3.0,0.5,18.0,149.619,0.300,0.2,39419861.5
2026-09-01T05:10:29,1.3,6444,1547350,1529401,0.4,0.00,3.08,0.00,12.31,0.00,0.00,0.00,11055.0,95830.0,84296.0,36.0,7.5,0.5,32.0,158.169,0.300,0.2,39419861.5
2026-09-01T05:10:30,1.3,6444,1547350,1529401,0.4,0.00,4.26,0.00,17.02,0.00,0.00,0.00,11055.0,95830.0,84296.0,36.0,7.5,0.5,40.5,161.888,0.300,0.2,39472887.0
2026-09-01T05:10:30,1.3,6443,1547350,1529402,0.4,0.00,3.08,0.00,12.31,0.00,0.00,0.00,11055.0,95830.0,84296.0,36.0,7.5,0.5,40.0,161.966,0.350,0.2,51010439.0
2026-09-01T05:10:30,1.1,6443,1547350,1529402,0.4,0.00,3.85,0.00,15.38,0.00,0.00,0.00,11055.0,95830.0,84296.0,81.0,7.5,0.5,40.5,161.573,0.350,0.2,51010439.0
2026-09-01T05:10:31,1.1,6444,1547350,1529401,0.4,0.00,2.95,0.00,11.80,0.00,0.00,0.00,11055.0,95830.0,84296.0,81.0,8.0,0.5,34.5,149.990,0.350,0.2,51010439.0
2026-09-01T05:10:31,1.3,6444,1547350,1529401,0.4,0.00,3.08,0.00,12.31,0.00,0.00,0.00,11055.0,95830.0,84296.0,81.0,3.0,0.5,12.5,151.641,0.350,0.2,51001078.0
2026-09-01T05:10:31,1.3,6444,1547350,1529402,0.4,0.00,4.05,0.00,16.19,0.00,1.00,0.00,11055.0,95830.0,84296.0,81.0,8.5,0.5,42.0,156.040,0.292,0.2,37177700.5
2026-09-01T05:10:31,1.1,6444,1547350,1529402,0.4,0.00,3.31,0.00,13.25,0.00,0.00,0.00,11055.0,95830.0,84296.0,81.0,3.0,0.5,18.0,164.698,0.292,0.2,37177700.5
2026-09-01T05:10:32,1.1,6444,1547350,1529401,0.4,0.00,2.06,0.00,8.25,0.00,0.00,0.00,11055.0,95830.0,84296.0,81.0,8.0,0.5,34.0,152.619,0.292,0.2,37150343.5
2026-09-01T05:10:32,1.4,6446,1547350,1529399,0.4,0.00,3.83,0.00,15.33,0.00,0.00,0.00,11055.0,95830.0,84296.0,71.0,6.5,0.5,35.5,145.806,0.281,0.2,35082508.0
2026-09-01T05:10:33,1.1,6446,1547350,1529400,0.4,0.00,14.49,0.00,66.25,0.00,0.00,0.00,11055.0,95830.0,84296.0,71.0,4.0,0.5,15.5,148.948,0.281,0.2,35082508.0
2026-09-01T05:10:33,0.6,6447,1547350,1529398,0.4,0.00,3.46,0.00,13.84,0.00,0.00,0.00,11055.0,95830.0,84296.0,71.0,6.5,0.5,0.0,139.973,0.281,0.2,35080726.0
2026-09-01T05:10:33,1.3,6448,1547350,1529398,0.4,0.00,4.03,0.00,16.13,0.00,0.00,0.00,11055.0,95830.0,84296.0,61.0,7.5,0.5,30.5,144.609,0.281,0.2,35080726.0
2026-09-01T05:10:33,1.3,6448,1547350,1529398,0.4,0.00,2.84,0.00,11.36,0.00,0.00,0.00,11055.0,95830.0,84296.0,61.0,7.0,0.5,39.5,149.653,0.282,0.2,35210491.0
2026-09-01T05:10:34,0.6,6448,1547350,1529398,0.4,0.00,2.86,0.00,11.43,0.00,0.00,0.00,11055.0,95830.0,84296.0,61.0,4.0,0.5,23.5,147.356,0.282,0.2,35210491.0
2026-09-01T05:10:34,1.4,6447,1547350,1529398,0.4,0.00,3.79,0.00,15.15,0.00,0.00,0.00,11055.0,95830.0,84296.0,61.0,0.0,0.5,0.0,150.330,0.282,0.2,35225825.0
2026-09-01T05:10:34,1.3,6447,1547350,1529399,0.4,0.00,3.47,0.00,13.89,0.00,0.00,0.00,11055.0,95830.0,84296.0,80.0,7.0,0.5,38.0,149.320,0.282,0.2,35225825.0
2026-09-01T05:10:35,1.3,6447,1547350,1529399,0.4,0.00,4.13,0.00,16.53,0.00,1.00,0.00,11055.0,95830.0,84296.0,80.0,7.0,0.5,38.5,164.500,0.299,0.2,43526708.5
2026-09-01T05:10:35,1.3,6448,1547350,1529398,0.4,0.00,2.58,0.00,10.34,0.00,0.00,0.00,11055.0,95830.0,84296.0,80.0,7.0,0.5,38.0,166.870,0.299,0.2,43526708.5
2026-09-01T05:10:35,1.0,6448,1547350,1529398,0.4,0.00,4.13,0.00,16.53,0.00,0.00,0.00,11055.0,95830.0,84296.0,76.0,5.5,0.5,30.0,155.133,0.299,0.2,43526958.5
2026-09-01T05:10:36,1.4,6448,1547350,1529398,0.4,0.00,3.00,0.00,12.01,0.00,0.00,0.00,11055.0,95830.0,84296.0,76.0,5.0,0.5,19.0,159.214,0.299,0.2,43526958.5
2026-09-01T05:10:36,1.0,6448,1547350,1529398,0.4,0.00,4.20,0.00,16.81,0.00,0.00,0.00,11055.0,95830.0,84296.0,76.0,7.5,0.5,39.5,147.530,0.297,0.2,41419580.5
2026-09-01T05:10:36,1.3,6447,1547350,1529398,0.4,0.00,3.48,0.00,13.94,0.00,0.00,0.00,11055.0,95830.0,84296.0,76.0,7.0,0.5,31.0,150.856,0.297,0.2,41419580.5
2026-09-01T05:10:36,1.0,6448,1547350,1529397,0.4,0.00,3.57,0.00,14.29,0.00,0.00,0.00,11055.0,95830.0,84296.0,62.0,7.0,0.5,40.0,150.546,0.297,0.2,41527981.5
2026-09-01T05:10:37,1.4,6448,1547350,1529398,0.4,0.00,4.22,0.00,16.88,0.00,0.00,0.00,11055.0,95830.0,84296.0,62.0,2.0,0.5,9.5,152.671,0.297,0.2,41527981.5
2026-09-01T05:10:37,1.3,6448,1547350,1529398,0.4,0.00,4.27,0.00,17.09,0.00,0.00,0.00,11055.0,95830.0,84296.0,62.0,9.5,0.5,43.0,163.409,0.297,0.2,41527981.5
2026-09-01T05:10:37,1.0,6448,1547350,1529398,0.4,0.00,3.98,0.00,15.94,0.00,0.00,0.00,11055.0,95830.0,84296.0,79.0,7.0,0.5,39.5,148.013,0.328,0.2,46548312.5
2026-09-01T05:10:38,1.3,6448,1547350,1529398,0.4,0.00,2.56,0.00,10.26,0.00,0.00,0.00,11055.0,95830.0,84296.0,79.0,1.5,0.5,9.5,157.848,0.328,0.2,46415909.0
2026-09-01T05:10:38,1.4,6448,1547350,1529398,0.4,0.00,4.02,0.00,16.06,0.00,0.00,0.00,11055.0,95830.0,84296.0,79.0,7.0,0.5,39.5,157.618,0.328,0.2,46415909.0
2026-09-01T05:10:38,1.3,6447,1547350,1529398,0.4,0.00,4.27,0.00,17.09,0.00,0.00,0.43,11055.0,95830.0,84296.0,79.0,7.0,0.5,40.0,157.346,0.327,0.2,47059049.5
2026-09-01T05:10:38,1.3,6447,1547350,1529398,0.4,0.00,4.02,0.00,16.06,0.00,0.00,0.00,11055.0,95830.0,84296.0,79.0,7.0,0.5,39.5,174.441,0.327,0.2,47059049.5
2026-09-01T05:10:39,1.4,6448,1547350,1529398,0.4,0.00,3.17,0.00,12.70,0.00,0.00,0.00,11055.0,95830.0,84296.0,79.0,7.5,0.5,40.5,171.958,0.327,0.2,47257351.5
2026-09-01T05:10:39,1.3,6447,1547350,1529399,0.4,0.00,3.91,0.00,15.62,0.00,0.00,0.00,11055.0,95830.0,84296.0,79.0,7.5,0.5,40.5,172.645,0.327,0.2,47257351.5
2026-09-01T05:10:39,1.3,6447,1547350,1529398,0.4,0.00,3.80,0.00,15.21,0.00,0.00,0.00,11055.0,95830.0,84296.0,79.0,7.5,0.5,40.5,172.339,0.402,0.2,63518249.0
2026-09-01T05:10:39,1.3,6448,1547350,1529398,0.4,0.00,2.92,0.00,11.70,0.00,0.00,0.00,11055.0,95830.0,84296.0,81.0,7.5,0.5,40.0,172.034,0.402,0.2,63518249.0
2026-09-01T05:10:40,1.1,6447,1547350,1529398,0.4,0.00,2.85,0.00,11.40,0.00,0.00,0.00,11055.0,95830.0,84296.0,81.0,3.0,0.5,17.5,157.579,0.402,0.2,63331090.0
2026-09-01T05:10:40,1.3,6446,1547350,1529399,0.4,0.00,2.81,0.00,11.24,0.00,0.00,0.00,11055.0,95830.0,84296.0,81.0,7.0,0.5,30.0,160.935,0.334,0.2,48013673.5
2026-09-01T05:10:41,0.7,6446,1547350,1529400,0.4,0.00,2.35,0.00,9.41,0.00,0.00,0.00,11055.0,95830.0,84296.0,70.0,4.5,0.5,17.0,133.623,0.334,0.2,48013673.5
2026-09-01T05:10:41,1.3,6447,1547350,1529399,0.4,0.00,3.98,0.00,15.94,0.00,0.00,0.00,11055.0,95830.0,84296.0,70.0,8.0,0.5,39.0,140.706,0.334,0.2,48013673.5
2026-09-01T05:10:41,1.3,6446,1547350,1529399,0.4,0.00,4.12,0.00,16.46,0.00,0.00,0.00,11055.0,95830.0,84296.0,70.0,7.0,0.5,39.0,144.580,0.334,0.2,48038759.0
2026-09-01T05:10:41,1.4,6445,1547350,1529400,0.4,0.00,4.12,0.00,16.46,0.00,0.00,0.00,11055.0,95830.0,84296.0,78.0,7.0,0.5,39.0,151.671,0.280,0.2,39376917.0
2026-09-01T05:10:42,1.4,6444,1547350,1529401,0.4,0.00,3.85,0.00,15.38,0.00,0.00,0.00,11055.0,95830.0,84296.0,78.0,7.0,0.5,38.0,169.056,0.280,0.2,39376917.0
2026-09-01T05:10:42,0.6,6444,1547350,1529401,0.4,0.00,2.70,0.00,10.78,0.00,1.00,0.00,11055.0,95830.0,84296.0,78.0,0.0,0.5,0.0,145.234,0.280,0.2,39376917.0
2026-09-01T05:10:42,1.4,6445,1547350,1529400,0.4,0.00,4.17,0.00,16.67,0.00,0.00,0.00,11055.0,95830.0,84296.0,52.0,7.0,0.5,40.0,149.475,0.273,0.2,37312830.5
2026-09-01T05:10:43,1.4,6445,1547350,1529400,0.4,0.00,2.60,0.00,10.42,0.00,0.00,0.00,11055.0,95830.0,84296.0,52.0,7.5,0.5,40.5,150.657,0.273,0.2,37312830.5
2026-09-01T05:10:43,1.4,6446,1547350,1529400,0.4,0.00,4.05,0.00,16.19,0.00,0.00,0.00,11055.0,95830.0,84296.0,52.0,7.5,0.5,40.5,166.870,0.273,0.2,37312830.5
2026-09-01T05:10:43,1.3,6445,1547350,1529400,0.4,0.00,8.20,0.00,32.79,0.00,0.00,0.00,11055.0,95830.0,84296.0,52.0,7.0,0.5,38.0,172.703,0.273,0.2,37312830.5
2026-09-01T05:10:43,0.5,6445,1547350,1529401,0.4,0.00,3.41,0.00,13.65,0.00,0.00,0.00,11055.0,95830.0,84296.0,76.0,0.0,0.5,1.5,147.300,0.282,0.2,44709470.0
2026-09-01T05:10:44,1.3,6445,1547350,1529400,0.4,0.00,3.92,0.00,15.69,0.00,0.00,0.00,11055.0,95830.0,84296.0,76.0,7.5,0.5,40.5,150.757,0.282,0.2,44709470.0
2026-09-01T05:10:44,1.4,6446,1547350,1529400,0.4,0.00,4.10,0.00,16.39,0.00,0.00,0.00,11055.0,95830.0,84296.0,76.0,7.0,0.5,38.5,150.296,0.282,0.2,44709470.0
2026-09-01T05:10:44,1.2,6446,1547350,1529399,0.4,0.00,4.13,0.00,16.53,0.00,0.00,0.00,11055.0,95830.0,84296.0,76.0,7.5,0.5,40.5,158.309,0.282,0.2,44709470.0
2026-09-01T05:10:44,1.4,6447,1547350,1529399,0.4,0.00,4.02,0.00,16.06,0.00,0.00,0.00,11055.0,95830.0,84296.0,81.0,7.0,0.5,39.5,171.749,0.396,0.3,58218021.5
2026-09-01T05:10:45,1.1,6447,1547350,1529399,0.4,0.00,2.31,0.00,9.24,0.00,0.00,0.00,11055.0,95830.0,84296.0,81.0,1.0,0.5,7.0,162.569,0.396,0.3,58218021.5
2026-09-01T05:10:45,0.8,6446,1547350,1529400,0.4,0.00,4.05,0.00,16.19,0.00,0.00,0.00,11055.0,95830.0,84296.0,81.0,0.0,0.5,1.5,146.843,0.396,0.3,58218021.5
2026-09-01T05:10:45,1.4,6447,1547350,1529399,0.4,0.00,3.58,0.00,14.34,0.00,0.00,0.00,11055.0,95830.0,84296.0,3.0,9.0,0.5,42.5,148.933,0.396,0.3,58218021.5
2026-09-01T05:10:46,1.4,6447,1547350,1529398,0.4,0.00,3.55,0.00,14.18,0.00,0.00,0.00,11055.0,95830.0,84296.0,3.0,7.0,0.5,39.5,153.848,0.278,0.2,34131941.0
2026-09-01T05:10:46,0.7,6448,1547350,1529398,0.4,0.00,2.78,0.00,11.11,0.00,0.00,0.00,11055.0,95830.0,84296.0,3.0,0.0,0.5,1.0,143.939,0.278,0.2,34131941.0
2026-09-01T05:10:46,1.3,6448,1547350,1529397,0.4,0.00,4.00,0.00,16.00,0.00,0.00,0.00,11055.0,95830.0,84296.0,3.0,6.0,0.5,23.0,150.210,0.278,0.2,34131941.0
2026-09-01T05:10:46,1.4,6448,1547350,1529397,0.4,0.00,3.56,0.00,14.23,0.00,0.00,0.00,11055.0,95830.0,84296.0,46.0,7.0,0.5,38.5,149.527,0.278,0.2,34131941.0
2026-09-01T05:10:47,0.9,6448,1547350,1529397,0.4,0.00,4.26,0.00,17.02,0.00,0.00,0.00,11055.0,95830.0,84296.0,46.0,3.5,0.5,19.0,148.176,0.250,0.2,34971560.5
2026-09-01T05:10:47,1.1,6450,1547350,1529396,0.4,0.00,2.54,0.00,10.15,0.00,0.00,0.00,11055.0,95830.0,84296.0,46.0,6.0,0.5,35.0,149.789,0.250,0.2,34971560.5
2026-09-01T05:10:47,1.2,6449,1547350,1529397,0.4,0.00,2.64,0.00,10.55,0.00,0.00,0.00,11055.0,95830.0,84296.0,70.0,7.0,0.5,35.0,143.499,0.250,0.2,34971560.5
2026-09-01T05:10:48,1.3,6447,1547350,1529399,0.4,0.00,2.92,0.00,11.70,0.00,1.00,0.00,11055.0,95830.0,84296.0,70.0,7.5,0.5,41.0,153.844,0.274,0.2,29287556.5
2026-09-01T05:10:48,1.3,6447,1547350,1529398,0.4,0.00,3.76,0.00,15.04,0.00,0.00,0.00,11055.0,95830.0,84296.0,70.0,7.5,0.5,40.5,157.567,0.274,0.2,29287556.5
2026-09-01T05:10:48,1.4,6447,1547350,1529399,0.4,0.00,3.98,0.00,15.94,0.00,0.00,0.00,11055.0,95830.0,84296.0,81.0,7.0,0.5,40.5,167.060,0.274,0.2,29287556.5
2026-09-01T05:10:49,1.0,6446,1547350,1529399,0.4,0.00,2.42,0.00,9.69,0.00,0.00,0.00,11055.0,95830.0,84296.0,81.0,3.5,0.5,20.5,156.870,0.274,0.2,29287556.5
2026-09-01T05:10:49,1.3,6446,1547350,1529400,0.4,0.00,4.05,0.00,16.19,0.00,0.00,0.00,11055.0,95830.0,84296.0,81.0,6.0,0.5,22.5,159.167,0.340,0.2,48592248.0
2026-09-01T05:10:49,1.1,6446,1547350,1529399,0.4,0.00,4.46,0.00,17.86,0.00,0.00,0.00,11055.0,95830.0,84296.0,81.0,7.5,0.5,40.5,148.798,0.340,0.2,48592248.0
2026-09-01T05:10:49,1.4,6446,1547350,1529400,0.4,0.00,3.62,0.00,14.49,0.00,0.00,0.00,11055.0,95830.0,84296.0,81.0,9.5,0.5,42.0,149.739,0.340,0.2,48592248.0
2026-09-01T05:10:50,1.3,6446,1547350,1529400,0.4,0.00,3.95,0.00,15.81,0.00,0.00,0.00,11055.0,95830.0,84296.0,81.0,7.5,0.5,40.5,166.416,0.340,0.2,48592248.0
2026-09-01T05:10:50,1.3,6446,1547350,1529400,0.4,0.00,4.20,0.00,16.81,0.00,0.00,0.00,11055.0,95830.0,84296.0,81.0,7.5,0.5,40.5,174.839,0.352,0.2,55274860.0
2026-09-01T05:10:50,1.3,6445,1547350,1529400,0.4,0.00,44.49,0.00,257.25,0.00,0.09,0.00,11055.0,95830.0,84296.0,81.0,7.5,0.5,40.5,173.175,0.352,0.2,55274860.0
2026-09-01T05:10:51,1.5,6446,1547350,1529399,0.4,0.00,9.71,0.00,24.27,0.00,0.00,0.00,11055.0,95830.0,84296.0,81.0,7.5,0.5,40.0,173.541,0.352,0.2,55274860.0
2026-09-01T05:10:51,1.3,6446,1547350,1529399,0.4,0.00,4.13,0.00,16.53,0.00,0.00,0.00,11055.0,95830.0,84296.0,81.0,7.5,0.5,40.5,173.853,0.352,0.2,55274860.0
2026-09-01T05:10:51,1.4,6446,1547350,1529400,0.4,0.00,4.00,0.00,16.00,0.00,0.00,0.00,11055.0,95830.0,84296.0,81.0,7.5,0.5,40.5,174.008,0.401,0.2,63518472.0
2026-09-01T05:10:51,1.2,6445,1547350,1529400,0.4,0.00,3.33,0.00,13.33,0.00,1.00,0.00,11055.0,95830.0,84296.0,81.0,0.5,0.5,2.5,152.880,0.401,0.2,63518472.0
2026-09-01T05:10:52,1.1,6445,1547350,1529401,0.4,0.00,2.19,0.00,8.75,0.00,0.00,0.00,11055.0,95830.0,84296.0,81.0,7.0,0.5,29.0,155.258,0.401,0.2,63518472.0
2026-09-01T05:10:52,1.3,6444,1547350,1529401,0.4,0.00,3.80,0.00,15.21,0.00,0.00,0.00,11055.0,95830.0,84296.0,81.0,7.0,0.5,40.0,155.144,0.300,0.2,42555203.5
2026-09-01T05:10:52,1.1,6444,1547350,1529402,0.4,0.00,3.48,0.00,13.94,0.00,0.00,0.35,11055.0,95830.0,84296.0,80.0,6.0,0.5,35.0,152.228,0.300,0.2,42555203.5
2026-09-01T05:10:53,1.3,6444,1547350,1529402,0.4,0.00,3.08,0.00,12.31,0.00,0.00,0.00,11055.0,95830.0,84296.0,80.0,3.5,0.5,14.0,154.877,0.300,0.2,42555203.5
2026-09-01T05:10:53,0.5,6443,1547350,1529402,0.4,0.00,3.51,0.00,14.04,0.00,0.00,0.00,11055.0,95830.0,84296.0,80.0,0.0,0.5,0.5,139.201,0.300,0.2,42555203.5
2026-09-01T05:10:53,1.0,6443,1547350,1529402,0.4,0.00,4.29,0.00,17.17,0.00,0.00,0.00,11055.0,95830.0,84296.0,1.0,7.0,0.5,29.0,129.137,0.202,0.1,22408090.5
2026-09-01T05:10:54,1.0,6444,1547350,1529402,0.4,0.00,2.92,0.00,11.66,0.00,0.00,0.00,11055.0,95830.0,84296.0,1.0,6.5,0.5,29.0,131.048,0.202,0.1,22408090.5
2026-09-01T05:10:54,1.4,6443,1547350,1529402,0.4,0.00,3.32,0.00,13.29,0.00,0.00,0.00,11055.0,95830.0,84296.0,1.0,6.0,0.5,24.5,145.686,0.202,0.1,22408090.5
2026-09-01T05:10:54,0.6,6443,1547350,1529402,0.4,0.00,2.95,0.00,11.80,0.00,0.00,0.00,11055.0,95830.0,84296.0,75.0,0.0,0.5,1.5,139.225,0.202,0.1,22408090.5
2026-09-01T05:10:55,1.1,6444,1547350,1529402,0.4,0.00,2.76,0.00,11.05,0.00,0.00,0.00,11055.0,95830.0,84296.0,75.0,7.0,0.5,36.5,136.171,0.224,0.2,24798582.0
2026-09-01T05:10:55,0.7,6443,1547350,1529402,0.4,0.00,2.90,0.00,11.59,0.00,0.00,0.00,11055.0,95830.0,84296.0,61.0,0.0,0.5,0.0,131.756,0.224,0.2,24798582.0
2026-09-01T05:10:56,1.4,6443,1547350,1529403,0.4,0.00,1.77,0.00,7.09,0.00,0.00,0.00,11055.0,95830.0,84296.0,61.0,3.0,0.5,11.5,132.568,0.224,0.2,24798582.0
2026-09-01T05:10:56,1.3,6443,1547350,1529403,0.4,0.00,3.50,0.00,13.99,0.00,0.00,0.00,11055.0,95830.0,84296.0,61.0,7.0,0.5,40.5,140.191,0.245,0.2,30969446.0
2026-09-01T05:10:56,0.6,6442,1547350,1529403,0.4,0.00,3.15,0.00,12.62,0.00,0.00,0.00,11055.0,95830.0,84296.0,61.0,2.5,0.5,15.0,136.674,0.245,0.2,30969446.0
2026-09-01T05:10:56,1.4,6441,1547350,1529404,0.4,0.00,4.69,0.00,18.78,0.00,0.00,0.00,11055.0,95830.0,84296.0,30.0,2.0,0.5,8.5,153.374,0.245,0.2,30969446.0
2026-09-01T05:10:57,1.1,6441,1547350,1529404,0.4,0.00,4.10,0.00,16.39,0.00,0.00,0.00,11055.0,95830.0,84296.0,30.0,5.5,0.5,20.5,145.204,0.245,0.2,30969446.0
2026-09-01T05:10:57,1.3,6441,1547350,1529404,0.4,0.00,2.02,0.00,8.08,0.00,0.00,0.00,11055.0,95830.0,84296.0,30.0,7.0,0.5,40.5,157.370,0.236,0.2,27976424.0
2026-09-01T05:10:58,0.5,6444,1547350,1529401,0.4,0.00,2.46,0.00,9.85,0.00,0.00,0.00,11055.0,95830.0,84296.0,81.0,0.0,0.5,0.0,130.689,0.236,0.2,27976424.0
2026-09-01T05:10:58,1.3,6445,1547350,1529401,0.4,0.00,3.65,0.00,14.60,0.00,1.00,0.00,11055.0,95830.0,84296.0,81.0,4.5,0.5,18.0,142.691,0.236,0.2,27976424.0
2026-09-01T05:10:58,1.0,6445,1547350,1529400,0.4,0.00,3.75,0.00,14.98,0.00,0.00,0.00,11055.0,95830.0,84296.0,81.0,3.5,0.5,19.0,129.403,0.235,0.1,33051562.5
2026-09-01T05:10:58,1.3,6445,1547350,1529401,0.4,0.00,8.23,0.00,49.38,0.00,0.00,0.00,11055.0,95830.0,84296.0,38.0,7.0,0.5,30.0,154.106,0.235,0.1,33051562.5
2026-09-01T05:10:59,1.4,6444,1547350,1529401,0.4,0.00,3.37,0.00,13.47,0.00,0.00,0.00,11055.0,95830.0,84296.0,38.0,7.0,0.5,40.0,161.204,0.235,0.1,33051562.5
2026-09-01T05:10:59,0.5,6444,1547350,1529401,0.4,0.00,3.30,0.00,13.20,0.00,0.00,0.00,11055.0,95830.0,84296.0,38.0,0.0,0.5,1.5,137.428,0.235,0.1,33051562.5
2026-09-01T05:10:59,1.1,6445,1547350,1529401,0.4,0.00,3.75,0.00,14.98,0.00,0.00,0.00,11055.0,95830.0,84296.0,44.0,3.0,0.5,18.5,141.706,0.247,0.2,29815010.0
2026-09-01T05:11:00,1.4,6445,1547350,1529401,0.4,0.00,2.36,0.00,9.46,0.00,0.00,0.24,11055.0,95830.0,84296.0,44.0,8.0,0.5,34.5,143.587,0.247,0.2,29815010.0
2026-09-01T05:11:00,1.4,6444,1547350,1529401,0.4,0.00,5.00,0.00,20.00,0.00,0.00,0.00,11055.0,95830.0,84296.0,44.0,7.0,0.5,40.0,159.844,0.247,0.2,29815010.0
2026-09-01T05:11:00,1.3,6444,1547350,1529401,0.4,0.00,4.15,0.00,16.60,0.00,0.00,0.00,11055.0,95830.0,84296.0,44.0,7.0,0.5,39.0,162.412,0.247,0.2,29815010.0
2026-09-01T05:11:01,0.4,6445,1547350,1529401,0.4,0.00,2.11,0.00,8.42,0.00,0.00,0.00,11055.0,95830.0,84296.0,80.0,0.0,0.5,0.0,133.781,0.249,0.2,37564318.0
2026-09-01T05:11:01,1.1,6447,1547350,1529399,0.4,0.00,4.07,0.00,16.26,0.00,0.00,0.00,11055.0,95830.0,84296.0,80.0,5.5,0.5,21.0,124.129,0.249,0.2,37564318.0
2026-09-01T05:11:01,1.0,6447,1547350,1529398,0.4,0.00,3.09,0.00,12.35,0.00,0.00,0.00,11055.0,95830.0,84296.0,80.0,6.0,0.5,26.5,120.133,0.249,0.2,37564318.0
2026-09-01T05:11:02,1.6,6453,1547350,1529392,0.4,0.00,2.30,0.00,9.22,0.00,0.00,0.00,11055.0,95830.0,84296.0,53.0,7.5,0.5,40.5,155.480,0.281,0.2,30515823.0
2026-09-01T05:11:02,1.3,6453,1547350,1529393,0.4,0.00,4.07,0.00,16.26,0.00,0.00,0.00,11055.0,95830.0,84296.0,53.0,7.5,0.5,40.5,156.455,0.281,0.2,30515823.0
2026-09-01T05:11:02,1.3,6452,1547350,1529393,0.4,0.00,4.29,0.00,17.17,0.00,0.00,0.00,11055.0,95830.0,84296.0,53.0,7.0,0.5,40.5,170.401,0.281,0.2,30515823.0
2026-09-01T05:11:02,1.4,6453,1547350,1529393,0.4,0.00,4.00,0.00,16.00,0.00,0.00,0.00,11055.0,95830.0,84296.0,81.0,7.5,0.5,40.5,173.074,0.281,0.2,30515823.0
2026-09-01T05:11:03,1.0,6452,1547350,1529393,0.4,0.00,3.64,0.00,14.55,0.00,0.00,0.00,11055.0,95830.0,84296.0,81.0,6.5,0.5,36.5,159.654,0.359,0.2,56396789.5
2026-09-01T05:11:03,1.4,6451,1547350,1529394,0.4,0.00,3.76,0.00,15.04,0.00,0.00,0.00,11055.0,95830.0,84296.0,81.0,3.5,0.5,14.5,162.069,0.359,0.2,56396789.5
2026-09-01T05:11:03,1.3,6452,1547350,1529394,0.4,0.00,4.00,0.00,16.00,0.00,0.00,0.00,11055.0,95830.0,84296.0,81.0,8.0,0.5,40.0,159.636,0.359,0.2,56396789.5
2026-09-01T05:11:03,0.5,6452,1547350,1529394,0.4,0.00,7.02,0.00,28.07,0.00,0.50,0.00,11055.0,95830.0,84296.0,80.0,1.0,0.5,5.5,138.737,0.359,0.2,56396789.5
2026-09-01T05:11:04,1.4,6451,1547350,1529394,0.4,0.00,3.26,0.00,13.03,0.00,0.00,0.00,11055.0,95830.0,84296.0,80.0,0.5,0.5,2.5,144.764,0.270,0.2,38049457.5
2026-09-01T05:11:04,1.1,6453,1547350,1529393,0.4,0.00,4.15,0.00,16.60,0.00,0.00,0.00,11055.0,95830.0,84296.0,80.0,3.5,0.5,15.5,147.338,0.270,0.2,38049457.5
2026-09-01T05:11:04,1.3,6453,1547350,1529393,0.4,0.00,1.90,0.00,7.60,0.00,0.00,0.00,11055.0,95830.0,84296.0,31.0,8.0,0.5,41.5,166.745,0.270,0.2,38049457.5
2026-09-01T05:11:05,1.3,6453,1547350,1529393,0.4,0.00,4.02,0.00,16.06,0.00,0.00,0.00,11055.0,95830.0,84296.0,31.0,7.5,0.5,40.5,164.765,0.348,0.2,49959727.0
2026-09-01T05:11:05,1.3,6452,1547350,1529394,0.4,0.00,4.13,0.00,16.53,0.00,0.00,0.00,11055.0,95830.0,84296.0,31.0,7.5,0.5,40.5,176.131,0.348,0.2,49959727.0
2026-09-01T05:11:05,1.0,6452,1547350,1529394,0.4,0.00,4.13,0.00,16.53,0.00,0.00,0.00,11055.0,95830.0,84296.0,31.0,7.5,0.5,40.0,159.831,0.348,0.2,49959727.0
2026-09-01T05:11:05,1.4,6453,1547350,1529392,0.4,0.00,3.53,0.00,14.13,0.00,0.00,0.00,11055.0,95830.0,84296.0,80.0,2.0,0.5,9.5,162.285,0.348,0.2,49959727.0
2026-09-01T05:11:06,1.3,6453,1547350,1529392,0.4,0.00,3.09,0.00,12.35,0.00,0.00,0.00,11055.0,95830.0,84296.0,80.0,7.0,0.5,40.0,161.571,0.345,0.2,50259215.5
2026-09-01T05:11:06,1.3,6454,1547350,1529392,0.4,0.00,4.08,0.00,16.33,0.00,0.00,0.00,11055.0,95830.0,84296.0,80.0,7.0,0.5,40.0,161.677,0.345,0.2,50259215.5
2026-09-01T05:11:06,1.3,6454,1547350,1529392,0.4,0.00,4.17,0.00,16.67,0.00,0.00,0.00,11055.0,95830.0,84296.0,80.0,7.0,0.5,40.0,170.685,0.345,0.2,50259215.5
2026-09-01T05:11:07,0.6,6453,1547350,1529393,0.4,0.00,2.85,0.00,11.40,0.00,0.00,0.28,11055.0,95830.0,84296.0,80.0,2.0,0.5,8.5,147.538,0.345,0.2,50259215.5
2026-09-01T05:11:07,1.1,6451,1547350,1529395,0.4,0.00,4.03,0.00,16.13,0.00,0.00,0.00,11055.0,95830.0,84296.0,80.0,7.0,0.5,32.5,139.985,0.240,0.2,33582783.0
2026-09-01T05:11:07,1.3,6450,1547350,1529395,0.4,0.00,3.00,0.00,12.01,0.00,0.00,0.00,11055.0,95830.0,84296.0,80.0,7.0,0.5,40.0,141.578,0.240,0.2,33582783.0
2026-09-01T05:11:07,1.1,6451,1547350,1529395,0.4,0.00,3.95,0.00,15.81,0.00,0.00,0.00,11055.0,95830.0,84296.0,80.0,3.5,0.5,20.0,144.111,0.240,0.2,33582783.0
2026-09-01T05:11:08,1.3,6450,1547350,1529396,0.4,0.00,3.18,0.00,12.74,0.00,0.00,0.00,11055.0,95830.0,84296.0,80.0,7.0,0.5,39.5,152.517,0.240,0.2,33582783.0
2026-09-01T05:11:08,1.4,6450,1547350,1529396,0.4,0.00,4.15,0.00,16.60,0.00,0.00,0.00,11055.0,95830.0,84296.0,80.0,5.0,0.5,29.5,158.867,0.323,0.2,42315415.0
2026-09-01T05:11:08,0.5,6451,1547350,1529394,0.4,0.00,3.52,0.00,14.08,0.00,0.00,0.00,11055.0,95830.0,84296.0,0.0,0.0,0.5,0.0,138.695,0.323,0.2,42315415.0
2026-09-01T05:11:09,1.3,6451,1547350,1529395,0.4,0.00,3.22,0.00,12.86,0.00,0.00,0.00,11055.0,95830.0,84296.0,0.0,7.0,0.5,39.5,150.996,0.323,0.2,42315415.0
2026-09-01T05:11:09,1.0,6452,1547350,1529393,0.4,0.00,4.07,0.00,16.26,0.00,1.00,0.00,11055.0,95830.0,84296.0,0.0,5.5,0.5,31.0,142.721,0.323,0.2,42315415.0
2026-09-01T05:11:09,1.3,6452,1547350,1529393,0.4,0.00,2.07,0.00,8.26,0.00,0.00,0.00,11055.0,95830.0,84296.0,81.0,8.0,0.5,40.5,166.574,0.281,0.2,36066591.0
2026-09-01T05:11:10,1.1,6451,1547350,1529394,0.4,0.00,3.64,0.00,14.55,0.00,0.00,0.00,11055.0,95830.0,84296.0,81.0,2.0,0.5,10.0,150.875,0.281,0.2,36066591.0
2026-09-01T05:11:10,1.3,6451,1547350,1529394,0.4,0.00,3.80,0.00,15.21,0.00,0.00,0.00,11055.0,95830.0,84296.0,81.0,9.0,0.5,42.0,164.912,0.281,0.2,36066591.0
2026-09-01T05:11:10,1.3,6451,1547350,1529395,0.4,0.00,3.80,0.00,15.21,0.00,0.00,0.38,11055.0,95830.0,84296.0,81.0,7.0,0.5,40.0,162.588,0.281,0.2,36066591.0
2026-09-01T05:11:10,0.4,6453,1547350,1529393,0.4,0.00,2.65,0.00,10.58,0.00,0.00,0.00,11055.0,95830.0,84296.0,80.0,0.0,0.5,0.0,135.990,0.217,0.1,30600648.5
2026-09-01T05:11:11,1.4,6454,1547350,1529391,0.4,0.00,2.48,0.00,9.93,0.00,0.00,0.00,11055.0,95830.0,84296.0,80.0,8.5,0.5,38.5,136.028,0.217,0.1,30600648.5
2026-09-01T05:11:11,1.2,6454,1547350,1529391,0.4,0.00,4.13,0.00,16.53,0.00,0.00,0.00,11055.0,95830.0,84296.0,80.0,7.0,0.5,40.0,135.596,0.217,0.1,30600648.5
2026-09-01T05:11:11,1.4,6454,1547350,1529391,0.4,0.00,4.15,0.00,16.60,0.00,0.00,0.00,11055.0,95830.0,84296.0,80.0,7.0,0.5,40.0,163.859,0.217,0.1,30600648.5
2026-09-01T05:11:12,1.4,6454,1547350,1529392,0.4,0.00,3.04,0.00,12.16,0.00,0.00,0.00,11055.0,95830.0,84296.0,80.0,7.0,0.5,39.5,172.432,0.391,0.2,57285428.5
2026-09-01T05:11:12,1.0,6453,1547350,1529392,0.4,0.00,4.37,0.00,17.47,0.00,0.00,0.00,11055.0,95830.0,84296.0,80.0,2.0,0.5,10.0,159.809,0.391,0.2,57285428.5
2026-09-01T05:11:12,1.1,6453,1547350,1529393,0.4,0.00,3.39,0.00,13.56,0.00,0.00,0.00,11055.0,95830.0,84296.0,20.0,6.0,0.5,22.5,152.866,0.391,0.2,57285428.5
2026-09-01T05:11:13,0.8,6453,1547350,1529392,0.4,0.00,1.67,0.00,6.68,0.00,0.00,0.00,11055.0,95830.0,84296.0,20.0,0.0,0.5,0.0,130.147,0.189,0.1,20440895.5
2026-09-01T05:11:13,1.3,6453,1547350,1529392,0.4,0.00,4.18,0.00,16.74,0.00,0.00,0.00,11055.0,95830.0,84296.0,20.0,9.0,0.5,42.5,145.250,0.189,0.1,20440895.5
2026-09-01T05:11:13,1.0,6453,1547350,1529392,0.4,0.00,4.85,0.00,19.42,0.00,0.00,0.00,11055.0,95830.0,84296.0,85.0,5.5,0.5,21.0,140.657,0.189,0.1,20440895.5
2026-09-01T05:11:14,1.1,6452,1547350,1529393,0.4,0.00,2.34,0.00,9.35,0.00,0.00,0.00,11055.0,95830.0,84296.0,85.0,4.0,0.5,24.0,146.518,0.189,0.1,20440895.5
2026-09-01T05:11:14,1.3,6452,1547350,1529393,0.4,0.00,4.00,0.00,16.00,0.00,0.00,0.00,11055.0,95830.0,84296.0,85.0,6.0,0.5,26.5,152.625,0.293,0.2,33673680.0
2026-09-01T05:11:14,1.4,6452,1547350,1529394,0.4,0.00,4.13,0.00,16.53,0.00,0.00,0.00,11055.0,95830.0,84296.0,85.0,7.5,0.5,40.5,158.544,0.293,0.2,33673680.0
2026-09-01T05:11:14,0.9,6451,1547350,1529394,0.4,0.00,4.29,0.00,17.17,0.00,0.00,0.00,11055.0,95830.0,84296.0,81.0,1.0,0.5,7.5,147.515,0.293,0.2,33673680.0
2026-09-01T05:11:15,1.3,6451,1547350,1529394,0.4,0.00,3.53,0.00,14.13,0.00,1.00,0.35,11055.0,95830.0,84296.0,81.0,8.0,0.5,36.5,162.140,0.293,0.2,33673680.0
2026-09-01T05:11:15,1.3,6451,1547350,1529395,0.4,0.00,3.88,0.00,15.50,0.00,0.00,0.00,11055.0,95830.0,84296.0,81.0,7.0,0.5,40.5,160.275,0.327,0.2,46743646.0
2026-09-01T05:11:15,1.4,6450,1547350,1529395,0.4,0.00,4.05,0.00,16.19,0.00,0.00,0.00,11055.0,95830.0,84296.0,81.0,6.5,0.5,36.0,156.403,0.327,0.2,46743646.0
2026-09-01T05:11:16,0.4,6451,1547350,1529394,0.4,0.00,2.51,0.00,10.03,0.00,0.00,0.00,11055.0,95830.0,84296.0,81.0,0.0,0.5,0.0,130.347,0.327,0.2,46743646.0
2026-09-01T05:11:16,1.3,6451,1547350,1529394,0.4,0.00,2.77,0.00,11.08,0.00,0.00,0.00,11055.0,95830.0,84296.0,81.0,5.5,0.5,21.0,131.975,0.194,0.1,26359575.5
2026-09-01T05:11:16,1.0,6451,1547350,1529395,0.4,0.00,4.07,0.00,16.26,0.00,0.00,0.00,11055.0,95830.0,84296.0,81.0,4.0,0.5,22.5,135.085,0.194,0.1,26359575.5
2026-09-01T05:11:17,1.5,6450,1547350,1529395,0.4,0.00,2.53,0.00,10.10,0.00,0.00,0.00,11055.0,95830.0,84296.0,81.0,6.0,0.5,33.5,152.567,0.194,0.1,26359575.5
2026-09-01T05:11:17,1.0,6450,1547350,1529395,0.4,0.00,2.67,0.00,10.67,0.00,0.00,0.00,11055.0,95830.0,84296.0,81.0,5.0,0.5,19.5,152.962,0.286,0.2,35656033.0
2026-09-01T05:11:17,1.0,6450,1547350,1529396,0.4,0.00,4.26,0.00,17.02,0.00,0.00,0.00,11055.0,95830.0,84296.0,79.0,4.0,0.5,24.0,151.363,0.286,0.2,35656033.0
2026-09-01T05:11:18,1.4,6450,1547350,1529395,0.4,0.00,2.30,0.00,9.20,0.00,0.00,0.00,11055.0,95830.0,84296.0,79.0,7.5,0.5,40.5,158.476,0.286,0.2,35656033.0
2026-09-01T05:11:18,1.4,6450,1547350,1529395,0.4,0.00,4.20,0.00,16.81,0.00,0.00,0.00,11055.0,95830.0,84296.0,79.0,7.5,0.5,40.5,162.968,0.286,0.2,35656033.0
2026-09-01T05:11:18,0.9,6451,1547350,1529394,0.4,0.00,4.13,0.00,16.53,0.00,0.00,0.00,11055.0,95830.0,84296.0,79.0,6.0,0.5,34.0,151.641,0.307,0.2,44691330.5
2026-09-01T05:11:18,1.3,6451,1547350,1529395,0.4,0.00,3.76,0.00,15.04,0.00,0.00,0.38,11055.0,95830.0,84296.0,68.0,1.5,0.5,10.0,149.541,0.307,0.2,44691330.5
2026-09-01T05:11:19,0.9,6451,1547350,1529395,0.4,0.00,2.10,0.00,8.40,0.00,0.00,0.00,11055.0,95830.0,84296.0,68.0,8.0,0.5,39.5,141.054,0.307,0.2,44691330.5
2026-09-01T05:11:19,1.3,6451,1547350,1529395,0.4,0.00,2.73,0.00,10.93,0.00,0.00,0.00,11055.0,95830.0,84296.0,68.0,9.0,0.5,43.0,152.434,0.294,0.2,36525947.0
2026-09-01T05:11:19,1.4,6451,1547350,1529395,0.4,0.00,4.29,0.00,17.17,0.00,0.00,0.00,11055.0,95830.0,84296.0,17.0,7.5,0.5,40.5,153.809,0.294,0.2,36525947.0
2026-09-01T05:11:20,0.5,6450,1547350,1529395,0.4,0.00,3.07,0.00,12.27,0.00,0.00,0.00,11055.0,95830.0,84296.0,17.0,3.0,0.5,19.0,141.170,0.294,0.2,36525947.0
2026-09-01T05:11:20,1.5,6451,1547350,1529395,0.4,0.00,4.31,0.00,17.24,0.00,0.00,0.00,11055.0,95830.0,84296.0,17.0,8.5,0.5,39.0,140.841,0.294,0.2,36525947.0
2026-09-01T05:11:20,0.9,6451,1547350,1529394,0.4,0.00,2.42,0.00,9.69,0.00,0.00,0.00,11055.0,95830.0,84296.0,78.0,5.5,0.5,31.0,134.716,0.215,0.1,26364912.5
2026-09-01T05:11:21,1.1,6453,1547350,1529393,0.4,0.00,8.88,0.00,116.86,0.00,0.33,0.00,11055.0,95830.0,84296.0,78.0,6.5,0.5,34.5,140.589,0.215,0.1,26364912.5
2026-09-01T05:11:21,1.3,6453,1547350,1529392,0.4,0.00,2.41,0.00,9.64,0.00,0.00,0.00,11055.0,95830.0,84296.0,78.0,4.0,0.5,15.5,155.018,0.215,0.1,26364912.5
2026-09-01T05:11:22,0.5,6453,1547350,1529393,0.4,0.00,2.21,0.00,8.85,0.00,0.00,0.00,11055.0,95830.0,84296.0,31.0,0.0,0.5,0.0,130.060,0.209,0.1,22780874.0
2026-09-01T05:11:22,1.1,6456,1547350,1529389,0.4,0.00,4.03,0.00,16.13,0.00,0.00,0.00,11055.0,95830.0,84296.0,31.0,8.0,0.5,36.0,134.310,0.209,0.1,22780874.0
2026-09-01T05:11:22,1.3,6456,1547350,1529390,0.4,0.00,3.12,0.00,12.50,0.00,0.00,0.00,11055.0,95830.0,84296.0,31.0,2.0,0.5,11.0,138.538,0.209,0.1,22780874.0
2026-09-01T05:11:22,0.9,6455,1547350,1529390,0.4,0.00,4.05,0.00,16.19,0.00,0.00,0.00,11055.0,95830.0,84296.0,22.0,3.0,0.5,17.5,138.298,0.209,0.1,22780874.0
2026-09-01T05:11:23,1.4,6455,1547350,1529390,0.4,0.00,3.53,0.00,14.13,0.00,0.00,0.00,11055.0,95830.0,84296.0,22.0,6.0,0.5,23.5,150.591,0.271,0.2,31098360.0
2026-09-01T05:11:23,1.4,6454,1547350,1529391,0.4,0.00,4.29,0.00,17.17,0.00,0.00,0.00,11055.0,95830.0,84296.0,22.0,7.0,0.5,39.5,161.589,0.271,0.2,31098360.0
2026-09-01T05:11:23,1.3,6456,1547350,1529390,0.4,0.00,4.03,0.00,16.13,0.00,0.00,0.00,11055.0,95830.0,84296.0,22.0,7.0,0.5,39.5,157.917,0.271,0.2,31098360.0
2026-09-01T05:11:23,1.3,6455,1547350,1529390,0.4,0.00,3.97,0.00,15.87,0.00,0.00,0.00,11055.0,95830.0,84296.0,79.0,7.0,0.5,39.5,171.935,0.271,0.2,31098360.0
2026-09-01T05:11:24,1.3,6455,1547350,1529391,0.4,0.00,3.53,0.00,14.13,0.00,0.00,0.00,11055.0,95830.0,84296.0,79.0,7.0,0.5,39.5,170.758,0.393,0.2,61894888.0
2026-09-01T05:11:24,1.4,6456,1547350,1529390,0.4,0.00,3.98,0.00,15.94,0.00,0.00,0.00,11055.0,95830.0,84296.0,79.0,7.0,0.5,39.5,171.084,0.393,0.2,61894888.0
2026-09-01T05:11:24,0.6,6456,1547350,1529390,0.4,0.00,3.33,0.00,13.33,0.00,0.00,0.00,11055.0,95830.0,84296.0,77.0,0.0,0.5,1.5,147.889,0.393,0.2,61894888.0
2026-09-01T05:11:25,1.1,6455,1547350,1529390,0.4,0.00,2.40,0.00,9.59,0.00,0.00,0.00,11055.0,95830.0,84296.0,77.0,5.5,0.5,31.5,139.113,0.393,0.2,61894888.0
2026-09-01T05:11:25,1.3,6455,1547350,1529390,0.4,0.00,4.00,0.00,16.00,0.00,0.00,0.00,11055.0,95830.0,84296.0,77.0,5.5,0.5,21.5,143.725,0.270,0.2,35117051.5
2026-09-01T05:11:25,1.3,6456,1547350,1529389,0.4,0.00,3.92,0.00,15.69,0.00,1.00,0.00,11055.0,95830.0,84296.0,77.0,7.0,0.5,40.5,159.546,0.270,0.2,35117051.5
2026-09-01T05:11:25,0.8,6456,1547350,1529390,0.4,0.00,4.07,0.00,16.26,0.00,0.00,0.00,11055.0,95830.0,84296.0,81.0,3.5,0.5,20.5,147.584,0.270,0.2,35117051.5
2026-09-01T05:11:26,0.7,6455,1547350,1529390,0.4,0.00,3.24,0.00,12.94,0.00,0.00,0.00,11055.0,95830.0,84296.0,81.0,1.5,0.5,10.0,134.017,0.206,0.1,27212546.5
2026-09-01T05:11:26,1.5,6455,1547350,1529390,0.4,0.00,2.27,0.00,9.07,0.00,0.00,0.00,11055.0,95830.0,84296.0,13.0,8.5,0.5,39.5,133.322,0.206,0.1,27212546.5
2026-09-01T05:11:27,0.8,6454,1547350,1529391,0.4,0.00,2.25,0.00,9.01,0.00,0.00,0.00,11055.0,95830.0,84296.0,13.0,5.0,0.5,25.0,132.080,0.206,0.1,27212546.5
2026-09-01T05:11:27,1.3,6455,1547350,1529391,0.4,0.00,3.83,0.00,15.33,0.00,0.00,0.00,11055.0,95830.0,84296.0,13.0,6.5,0.5,26.5,149.761,0.206,0.1,27212546.5
2026-09-01T05:11:27,1.0,6455,1547350,1529391,0.4,0.00,4.42,0.00,17.70,0.00,0.00,0.00,11055.0,95830.0,84296.0,13.0,7.0,0.5,39.5,143.909,0.241,0.2,26321502.0
2026-09-01T05:11:27,1.3,6455,1547350,1529391,0.4,0.00,3.55,0.00,14.18,0.00,0.00,0.00,11055.0,95830.0,84296.0,79.0,9.5,0.5,43.0,153.492,0.241,0.2,26321502.0
2026-09-01T05:11:28,1.3,6455,1547350,1529390,0.4,0.00,2.95,0.00,11.80,0.00,0.00,0.29,11055.0,95830.0,84296.0,79.0,7.0,0.5,40.0,162.435,0.241,0.2,26321502.0
2026-09-01T05:11:28,1.0,6455,1547350,1529390,0.4,0.00,4.10,0.00,16.39,0.00,0.00,0.00,11055.0,95830.0,84296.0,79.0,4.0,0.5,22.0,158.237,0.241,0.2,26321502.0
2026-09-01T05:11:28,1.3,6455,1547350,1529390,0.4,0.00,3.32,0.00,13.29,0.00,0.00,0.00,11055.0,95830.0,84296.0,44.0,6.5,0.5,28.5,162.841,0.345,0.2,45035786.0
2026-09-01T05:11:29,1.4,6454,1547350,1529391,0.4,0.00,4.78,0.00,19.14,0.00,0.00,0.00,11055.0,95830.0,84296.0,44.0,7.0,0.5,40.5,162.727,0.345,0.2,45035786.0
2026-09-01T05:11:29,1.4,6455,1547350,1529391,0.4,0.00,3.82,0.00,15.27,0.00,0.00,0.00,11055.0,95830.0,84296.0,44.0,7.0,0.5,40.5,163.059,0.345,0.2,45035786.0
2026-09-01T05:11:29,1.4,6454,1547350,1529392,0.4,0.00,3.95,0.00,15.81,0.00,0.00,0.00,11055.0,95830.0,84296.0,44.0,7.5,0.5,40.5,171.106,0.345,0.2,45035786.0
2026-09-01T05:11:29,0.9,6454,1547350,1529392,0.4,0.00,4.12,0.00,16.46,0.00,0.00,0.00,11055.0,95830.0,84296.0,81.0,7.5,0.5,40.5,163.455,0.345,0.2,45035786.0
2026-09-01T05:11:30,1.2,6454,1547350,1529391,0.4,0.00,4.90,0.00,19.61,0.00,0.00,0.00,11055.0,95830.0,84296.0,81.0,6.5,0.5,29.0,150.797,0.328,0.2,48248515.0
2026-09-01T05:11:30,1.4,6454,1547350,1529391,0.4,0.00,2.48,0.00,9.93,0.00,0.00,0.00,11055.0,95830.0,84296.0,81.0,8.5,0.5,35.0,140.229,0.328,0.2,48248515.0
2026-09-01T05:11:30,1.0,6454,1547350,1529391,0.4,0.00,2.67,0.00,10.67,0.00,0.00,0.00,11055.0,95830.0,84296.0,21.0,2.0,0.5,10.5,154.882,0.328,0.2,48248515.0
2026-09-01T05:11:31,1.3,6454,1547350,1529392,0.4,0.00,3.95,0.00,15.81,0.00,0.00,0.00,11055.0,95830.0,84296.0,21.0,7.5,0.5,40.5,159.424,0.328,0.2,48248515.0
2026-09-01T05:11:31,1.4,6454,1547350,1529392,0.4,0.00,3.72,0.00,14.87,0.00,1.00,0.00,11055.0,95830.0,84296.0,21.0,7.5,0.5,40.5,164.681,0.337,0.2,42641478.5
2026-09-01T05:11:31,1.3,6454,1547350,1529392,0.4,0.00,4.20,0.00,16.81,0.00,0.00,0.00,11055.0,95830.0,84296.0,21.0,7.5,0.5,40.5,174.109,0.337,0.2,42641478.5
2026-09-01T05:11:31,1.3,6454,1547350,1529391,0.4,0.00,3.36,0.00,13.42,0.00,0.00,0.00,11055.0,95830.0,84296.0,81.0,7.5,0.5,40.5,174.023,0.337,0.2,42641478.5
2026-09-01T05:11:32,1.1,6453,1547350,1529392,0.4,0.00,2.67,0.00,10.67,0.00,0.00,0.00,11055.0,95830.0,84296.0,81.0,6.5,0.5,36.0,164.560,0.350,0.2,55796199.0
2026-09-01T05:11:32,0.8,6458,1547350,1529388,0.4,0.00,2.07,0.00,8.26,0.00,0.00,0.00,11055.0,95830.0,84296.0,81.0,3.0,0.5,16.0,141.766,0.350,0.2,55796199.0
2026-09-01T05:11:32,0.9,6458,1547350,1529388,0.4,0.00,3.97,0.00,15.87,0.00,0.00,0.00,11055.0,95830.0,84296.0,32.0,8.0,0.5,35.5,127.712,0.350,0.2,55796199.0
2026-09-01T05:11:33,1.3,6458,1547350,1529388,0.4,0.00,2.58,0.00,10.34,0.00,0.00,0.00,11055.0,95830.0,84296.0,32.0,2.0,0.5,9.5,136.868,0.350,0.2,55796199.0
2026-09-01T05:11:33,0.6,6458,1547350,1529387,0.4,0.00,3.12,0.00,12.46,0.00,0.00,0.00,11055.0,95830.0,84296.0,32.0,1.0,0.5,7.0,137.894,0.168,0.1,17320969.0
2026-09-01T05:11:33,0.9,6458,1547350,1529387,0.4,0.00,3.97,0.00,15.87,0.00,0.00,0.00,11055.0,95830.0,84296.0,14.0,5.0,0.5,27.0,134.927,0.168,0.1,17320969.0
2026-09-01T05:11:34,1.3,6457,1547350,1529388,0.4,0.00,1.87,0.00,7.46,0.00,0.00,0.00,11055.0,95830.0,84296.0,14.0,7.5,0.5,40.5,144.595,0.168,0.1,17320969.0
2026-09-01T05:11:34,1.4,6457,1547350,1529388,0.4,0.00,25.64,0.00,119.66,0.00,0.17,0.00,11055.0,95830.0,84296.0,14.0,7.5,0.5,41.0,160.390,0.168,0.1,17320969.0
2026-09-01T05:11:34,1.5,6458,1547350,1529387,0.4,0.00,5.03,0.00,20.10,0.00,0.00,0.00,11055.0,95830.0,84296.0,82.0,7.5,0.5,40.5,161.396,0.333,0.2,46929119.0
2026-09-01T05:11:35,1.3,6458,1547350,1529388,0.4,0.00,2.92,0.00,11.66,0.00,0.00,0.00,11055.0,95830.0,84296.0,82.0,7.5,0.5,40.5,174.307,0.333,0.2,46929119.0
2026-09-01T05:11:35,1.1,6458,1547350,1529387,0.4,0.00,4.29,0.00,17.17,0.00,0.00,0.00,11055.0,95830.0,84296.0,82.0,2.5,0.5,15.5,162.596,0.333,0.2,46929119.0
2026-09-01T05:11:35,1.4,6458,1547350,1529387,0.4,0.00,2.88,0.00,11.53,0.00,0.00,0.00,11055.0,95830.0,84296.0,72.0,8.0,0.5,36.0,165.071,0.333,0.2,46929119.0
2026-09-01T05:11:36,1.1,6460,1547350,1529386,0.4,0.00,4.10,0.00,16.39,0.00,0.00,0.00,11055.0,95830.0,84296.0,72.0,3.5,0.5,19.0,151.350,0.305,0.2,43416820.5
2026-09-01T05:11:36,1.3,6459,1547350,1529386,0.4,0.00,2.67,0.00,10.67,0.00,0.00,0.00,11055.0,95830.0,84296.0,72.0,7.5,0.5,32.0,154.886,0.305,0.2,43416820.5
2026-09-01T05:11:36,0.6,6460,1547350,1529386,0.4,0.00,2.33,0.00,9.32,0.00,0.00,0.00,11055.0,95830.0,84296.0,0.0,4.0,0.5,16.5,133.685,0.305,0.2,43416820.5
2026-09-01T05:11:37,1.3,6459,1547350,1529387,0.4,0.00,4.15,0.00,16.60,0.00,0.00,0.00,11055.0,95830.0,84296.0,0.0,8.0,0.5,41.0,142.493,0.305,0.2,43416820.5
2026-09-01T05:11:37,1.4,6459,1547350,1529387,0.4,0.00,4.42,0.00,17.70,0.00,0.00,0.00,11055.0,95830.0,84296.0,0.0,7.0,0.5,40.5,146.569,0.271,0.2,35667422.5
2026-09-01T05:11:37,1.0,6458,1547350,1529387,0.4,0.00,4.44,0.00,17.78,0.00,0.00,0.00,11055.0,95830.0,84296.0,0.0,2.5,0.5,13.5,145.367,0.271,0.2,35667422.5
2026-09-01T05:11:37,1.0,6458,1547350,1529388,0.4,0.00,3.95,0.00,15.81,0.00,0.00,0.00,11055.0,95830.0,84296.0,75.0,9.0,0.5,43.0,153.821,0.271,0.2,35667422.5
2026-09-01T05:11:38,1.3,6458,1547350,1529388,0.4,0.00,1.86,0.00,7.45,0.00,0.00,0.00,11055.0,95830.0,84296.0,75.0,7.0,0.5,40.0,153.458,0.280,0.2,34377671.0
2026-09-01T05:11:38,1.3,6458,1547350,1529387,0.4,0.00,4.20,0.00,16.81,0.00,0.00,0.00,11055.0,95830.0,84296.0,75.0,7.0,0.5,40.0,165.677,0.280,0.2,34377671.0
2026-09-01T05:11:38,1.3,6458,1547350,1529387,0.4,0.00,4.07,0.00,16.26,0.00,0.00,0.00,11055.0,95830.0,84296.0,79.0,7.0,0.5,39.5,168.944,0.280,0.2,34377671.0
2026-09-01T05:11:39,1.0,6458,1547350,1529387,0.4,0.00,3.61,0.00,14.44,0.00,0.00,0.00,11055.0,95830.0,84296.0,79.0,1.0,0.5,5.0,157.532,0.280,0.2,34377671.0
2026-09-01T05:11:39,1.3,6459,1547350,1529387,0.4,0.00,3.97,0.00,15.87,0.00,0.00,0.00,11055.0,95830.0,84296.0,79.0,9.0,0.5,42.5,160.188,0.326,0.2,46605345.0
2026-09-01T05:11:39,1.4,6459,1547350,1529387,0.4,0.00,4.00,0.00,16.00,0.00,0.00,0.00,11055.0,95830.0,84296.0,79.0,7.0,0.5,40.0,160.207,0.326,0.2,46605345.0
2026-09-01T05:11:39,1.3,6459,1547350,1529387,0.4,0.00,8.89,0.00,53.33,0.00,0.50,0.00,11055.0,95830.0,84296.0,80.0,7.0,0.5,40.0,159.588,0.326,0.2,46605345.0
2026-09-01T05:11:40,1.3,6458,1547350,1529387,0.4,0.00,4.29,0.00,17.17,0.00,0.00,0.00,11055.0,95830.0,84296.0,80.0,7.0,0.5,39.5,170.296,0.326,0.2,46605345.0
2026-09-01T05:11:40,0.7,6459,1547350,1529386,0.4,0.00,1.84,0.00,7.37,0.00,0.00,0.00,11055.0,95830.0,84296.0,80.0,0.0,0.5,0.0,140.965,0.277,0.2,43302282.5
2026-09-01T05:11:40,1.4,6459,1547350,1529386,0.4,0.00,4.03,0.00,16.13,0.00,0.00,0.00,11055.0,95830.0,84296.0,0.0,6.0,0.5,26.5,144.663,0.277,0.2,43302282.5
2026-09-01T05:11:41,0.5,6459,1547350,1529386,0.4,0.00,2.39,0.00,9.57,0.00,0.00,0.00,11055.0,95830.0,84296.0,0.0,0.0,0.5,0.0,123.644,0.277,0.2,43302282.5
2026-09-01T05:11:41,1.4,6459,1547350,1529386,0.4,0.00,4.07,0.00,16.26,0.00,0.00,0.00,11055.0,95830.0,84296.0,0.0,8.0,0.5,41.5,140.560,0.277,0.2,43302282.5
2026-09-01T05:11:41,0.5,6459,1547350,1529387,0.4,0.00,2.11,0.00,8.44,0.00,0.00,0.00,11055.0,95830.0,84296.0,83.0,0.0,0.5,0.0,124.524,0.170,0.1,20052507.5
2026-09-01T05:11:42,1.3,6458,1547350,1529387,0.4,0.00,3.56,0.00,14.23,0.00,0.00,0.00,11055.0,95830.0,84296.0,83.0,7.0,0.5,30.5,141.757,0.170,0.1,20052507.5
2026-09-01T05:11:42,1.1,6458,1547350,1529388,0.4,0.00,4.35,0.00,17.39,0.00,0.00,0.00,11055.0,95830.0,84296.0,83.0,2.0,0.5,11.5,127.707,0.170,0.1,20052507.5
2026-09-01T05:11:42,1.4,6462,1547350,1529383,0.4,0.00,3.52,0.00,14.08,0.00,0.00,0.00,11055.0,95830.0,84296.0,23.0,8.0,0.5,39.0,153.440,0.170,0.1,20052507.5
2026-09-01T05:11:43,1.3,6462,1547350,1529383,0.4,0.00,4.13,0.00,16.53,0.00,0.00,0.00,11055.0,95830.0,84296.0,23.0,7.0,0.5,40.0,161.646,0.329,0.2,44223486.0
2026-09-01T05:11:43,1.3,6463,1547350,1529382,0.4,0.00,2.79,0.00,11.17,0.00,0.00,0.00,11055.0,95830.0,84296.0,23.0,7.0,0.5,39.5,167.677,0.329,0.2,44223486.0
2026-09-01T05:11:43,1.0,6463,1547350,1529382,0.4,0.00,4.00,0.00,16.00,0.00,0.00,0.00,11055.0,95830.0,84296.0,23.0,6.5,0.5,37.0,161.355,0.329,0.2,44223486.0
2026-09-01T05:11:43,1.5,6463,1547350,1529382,0.4,0.00,3.42,0.00,13.70,0.00,0.00,0.00,11055.0,95830.0,84296.0,74.0,0.0,0.5,0.0,142.834,0.245,0.2,33774665.0
2026-09-01T05:11:44,0.9,6464,1547350,1529382,0.4,0.00,2.15,0.00,8.58,0.00,0.00,0.00,11055.0,95830.0,84296.0,74.0,8.5,0.5,39.5,145.584,0.245,0.2,33774665.0
2026-09-01T05:11:44,1.3,6464,1547350,1529382,0.4,0.00,4.02,0.00,16.06,0.00,0.00,0.00,11055.0,95830.0,84296.0,74.0,7.0,0.5,39.5,156.168,0.245,0.2,33774665.0
2026-09-01T05:11:44,1.3,6464,1547350,1529382,0.4,0.00,8.55,0.00,34.19,0.00,0.00,0.00,11055.0,95830.0,84296.0,79.0,3.0,0.5,16.5,162.454,0.334,0.2,51046810.0
2026-09-01T05:11:45,1.0,6464,1547350,1529381,0.4,0.00,1.79,0.00,7.16,0.00,1.00,0.00,11055.0,95830.0,84296.0,79.0,7.0,0.5,29.0,149.264,0.334,0.2,51046810.0
2026-09-01T05:11:45,1.3,6464,1547350,1529382,0.4,0.00,3.44,0.00,13.75,0.00,0.00,0.00,11055.0,95830.0,84296.0,79.0,8.0,0.5,41.0,152.178,0.334,0.2,51046810.0
2026-09-01T05:11:45,1.2,6464,1547350,1529381,0.4,0.00,4.26,0.00,17.02,0.00,0.00,0.43,11055.0,95830.0,84296.0,26.0,7.0,0.5,40.0,151.377,0.334,0.2,51046810.0
2026-09-01T05:11:46,0.6,6464,1547350,1529381,0.4,0.00,3.08,0.00,12.31,0.00,0.00,0.00,11055.0,95830.0,84296.0,26.0,1.5,0.5,8.5,137.834,0.235,0.2,28950047.0
2026-09-01T05:11:46,1.3,6464,1547350,1529381,0.4,0.00,4.03,0.00,16.13,0.00,0.00,0.00,11055.0,95830.0,84296.0,26.0,8.5,0.5,42.0,150.331,0.235,0.2,28950047.0
2026-09-01T05:11:46,1.3,6464,1547350,1529382,0.4,0.00,4.08,0.00,16.33,0.00,0.00,0.00,11055.0,95830.0,84296.0,84.0,7.5,0.5,41.0,150.424,0.235,0.2,28950047.0
2026-09-01T05:11:47,1.4,6464,1547350,1529382,0.4,0.00,3.09,0.00,12.35,0.00,0.00,0.00,11055.0,95830.0,84296.0,84.0,7.0,0.5,40.5,167.993,0.235,0.2,28950047.0
2026-09-01T05:11:47,0.6,6463,1547350,1529382,0.4,0.00,2.42,0.00,9.69,0.00,0.00,0.00,11055.0,95830.0,84296.0,84.0,2.0,0.5,12.0,148.993,0.294,0.2,43790579.0
2026-09-01T05:11:47,1.3,6464,1547350,1529381,0.4,0.00,4.07,0.00,16.26,0.00,0.00,0.00,11055.0,95830.0,84296.0,4.0,9.5,0.5,43.5,150.147,0.294,0.2,43790579.0
2026-09-01T05:11:48,1.4,6463,1547350,1529382,0.4,0.00,4.08,0.00,16.33,0.00,0.00,0.00,11055.0,95830.0,84296.0,4.0,7.5,0.5,40.5,150.232,0.294,0.2,43790579.0
2026-09-01T05:11:48,1.3,6463,1547350,1529382,0.4,0.00,3.56,0.00,14.23,0.00,0.00,0.00,11055.0,95830.0,84296.0,4.0,7.5,0.5,40.5,158.932,0.294,0.2,43790579.0
2026-09-01T05:11:48,1.3,6463,1547350,1529383,0.4,0.00,4.13,0.00,16.53,0.00,0.00,0.00,11055.0,95830.0,84296.0,4.0,7.5,0.5,40.5,174.222,0.408,0.3,59651893.5
2026-09-01T05:11:48,1.4,6463,1547350,1529383,0.4,0.00,4.08,0.00,16.33,0.00,0.00,0.00,11055.0,95830.0,84296.0,81.0,7.5,0.5,40.5,170.550,0.408,0.3,59651893.5
2026-09-01T05:11:49,0.9,6463,1547350,1529383,0.4,0.00,2.75,0.00,10.99,0.00,0.00,0.00,11055.0,95830.0,84296.0,81.0,6.5,0.5,28.5,157.009,0.408,0.3,59651893.5
2026-09-01T05:11:49,1.4,6463,1547350,1529382,0.4,0.00,3.72,0.00,14.87,0.00,0.00,0.00,11055.0,95830.0,84296.0,81.0,7.0,0.5,40.5,157.128,0.408,0.3,59651893.5
2026-09-01T05:11:49,1.3,6463,1547350,1529382,0.4,0.00,4.00,0.00,16.00,0.00,0.00,0.00,11055.0,95830.0,84296.0,81.0,7.5,0.5,40.5,154.195,0.319,0.2,46029817.0
2026-09-01T05:11:49,0.7,6463,1547350,1529382,0.4,0.00,3.31,0.00,13.25,0.00,0.00,0.00,11055.0,95830.0,84296.0,81.0,0.0,0.5,0.0,154.785,0.319,0.2,46029817.0
2026-09-01T05:11:50,1.3,6465,1547350,1529381,0.4,0.00,2.94,0.00,11.76,0.00,0.00,0.00,11055.0,95830.0,84296.0,81.0,8.0,0.5,35.0,152.798,0.319,0.2,46029817.0
2026-09-01T05:11:50,1.3,6466,1547350,1529380,0.4,0.00,4.13,0.00,16.53,0.00,0.00,0.00,11055.0,95830.0,84296.0,81.0,7.0,0.5,38.5,151.183,0.319,0.2,46029817.0
2026-09-01T05:11:50,1.4,6468,1547350,1529377,0.4,0.00,3.94,0.00,15.75,0.00,0.00,0.00,11055.0,95830.0,84296.0,75.0,7.0,0.5,38.5,159.942,0.294,0.2,42464344.0
2026-09-01T05:11:51,1.3,6467,1547350,1529378,0.4,0.00,4.08,0.00,16.33,0.00,1.00,0.00,11055.0,95830.0,84296.0,75.0,7.0,0.5,38.0,169.532,0.294,0.2,42464344.0
2026-09-01T05:11:51,1.1,6468,1547350,1529378,0.4,0.00,43.64,0.00,330.91,0.00,0.08,0.00,11055.0,95830.0,84296.0,75.0,4.0,0.5,23.0,157.595,0.294,0.2,42464344.0
2026-09-01T05:11:51,1.6,6468,1547350,1529377,0.4,0.00,2.79,0.00,11.14,0.00,0.00,0.00,11055.0,95830.0,84296.0,55.0,4.0,0.5,22.5,149.904,0.294,0.2,42464344.0
2026-09-01T05:11:52,0.9,6468,1547350,1529377,0.4,0.00,2.73,0.00,10.93,0.00,0.00,0.27,11055.0,95830.0,84296.0,55.0,3.5,0.5,21.0,140.838,0.269,0.2,37410335.5
2026-09-01T05:11:52,1.0,6468,1547350,1529378,0.4,0.00,2.04,0.00,8.15,0.00,0.00,0.00,11055.0,95830.0,84296.0,55.0,2.0,0.5,8.5,143.725,0.269,0.2,37410335.5
2026-09-01T05:11:52,0.5,6467,1547350,1529379,0.4,0.00,3.50,0.00,13.99,0.00,0.00,0.00,11055.0,95830.0,84296.0,76.0,0.0,0.5,1.0,134.202,0.185,0.1,20802721.5
2026-09-01T05:11:53,1.0,6473,1547350,1529372,0.4,0.00,4.18,0.00,16.74,0.00,0.00,0.00,11055.0,95830.0,84296.0,76.0,2.5,0.5,13.5,134.674,0.185,0.1,20802721.5
2026-09-01T05:11:53,1.3,6473,1547350,1529372,0.4,0.00,2.61,0.00,10.44,0.00,0.00,0.00,11055.0,95830.0,84296.0,76.0,7.0,0.5,29.5,138.441,0.185,0.1,20802721.5
2026-09-01T05:11:53,0.6,6473,1547350,1529373,0.4,0.00,3.29,0.00,13.16,0.00,0.00,0.33,11055.0,95830.0,84296.0,76.0,4.0,0.5,23.0,132.380,0.185,0.1,20802721.5
2026-09-01T05:11:53,1.3,6472,1547350,1529373,0.4,0.00,4.20,0.00,16.81,0.00,0.00,0.00,11055.0,95830.0,84296.0,46.0,0.0,0.5,0.0,141.333,0.234,0.2,23872840.5
2026-09-01T05:11:54,1.3,6471,1547350,1529374,0.4,0.00,2.85,0.00,11.40,0.00,0.00,0.00,11055.0,95830.0,84296.0,46.0,7.5,0.5,41.0,152.049,0.234,0.2,23872840.5
2026-09-01T05:11:54,1.3,6472,1547350,1529374,0.4,0.00,3.80,0.00,15.21,0.00,0.00,0.00,11055.0,95830.0,84296.0,46.0,7.5,0.5,40.5,169.656,0.234,0.2,23872840.5
2026-09-01T05:11:54,1.3,6471,1547350,1529374,0.4,0.00,4.08,0.00,16.33,0.00,0.00,0.00,11055.0,95830.0,84296.0,81.0,7.5,0.5,40.5,173.987,0.234,0.2,23872840.5
2026-09-01T05:11:55,1.3,6471,1547350,1529374,0.4,0.00,2.53,0.00,10.13,0.00,0.00,0.00,11055.0,95830.0,84296.0,81.0,7.5,0.5,40.5,174.502,0.403,0.2,63132191.0
2026-09-01T05:11:55,1.1,6470,1547350,1529375,0.4,0.00,3.80,0.00,15.21,0.00,0.00,0.00,11055.0,95830.0,84296.0,81.0,4.5,0.5,25.5,162.020,0.403,0.2,63132191.0
2026-09-01T05:11:55,1.3,6471,1547350,1529374,0.4,0.00,2.72,0.00,10.87,0.00,0.00,0.00,11055.0,95830.0,84296.0,51.0,7.0,0.5,27.0,163.785,0.403,0.2,63132191.0
2026-09-01T05:11:56,1.4,6471,1547350,1529374,0.4,0.00,3.79,0.00,15.15,0.00,0.00,0.00,11055.0,95830.0,84296.0,51.0,7.0,0.5,37.5,161.047,0.403,0.2,63132191.0
2026-09-01T05:11:56,0.9,6471,1547350,1529375,0.4,0.00,2.77,0.00,11.08,0.00,0.00,0.00,11055.0,95830.0,84296.0,51.0,6.0,0.5,34.5,154.578,0.304,0.2,43034743.5
2026-09-01T05:11:56,1.0,6471,1547350,1529374,0.4,0.00,4.02,0.00,16.06,0.00,0.00,0.00,11055.0,95830.0,84296.0,17.0,7.0,0.5,34.0,146.629,0.304,0.2,43034743.5
2026-09-01T05:11:57,1.4,6472,1547350,1529374,0.4,0.00,2.80,0.00,11.20,0.00,0.00,0.00,11055.0,95830.0,84296.0,17.0,7.5,0.5,40.0,151.269,0.304,0.2,43034743.5
2026-09-01T05:11:57,1.1,6472,1547350,1529374,0.4,0.00,2.79,0.00,11.17,0.00,1.00,0.00,11055.0,95830.0,84296.0,17.0,6.5,0.5,35.5,153.244,0.304,0.2,43034743.5
2026-09-01T05:11:57,1.4,6472,1547350,1529374,0.4,0.00,4.03,0.00,16.13,0.00,0.00,0.00,11055.0,95830.0,84296.0,17.0,4.5,0.5,18.5,155.692,0.287,0.2,32391401.0
2026-09-01T05:11:57,0.5,6472,1547350,1529374,0.4,0.00,3.50,0.00,13.99,0.00,0.00,0.00,11055.0,95830.0,84296.0,37.0,7.0,0.5,35.0,142.695,0.287,0.2,32391401.0
2026-09-01T05:11:58,1.1,6471,1547350,1529374,0.4,0.00,2.79,0.00,11.17,0.00,0.00,0.00,11055.0,95830.0,84296.0,37.0,7.5,0.5,31.0,136.184,0.287,0.2,32391401.0
2026-09-01T05:11:58,1.3,6471,1547350,1529375,0.4,0.00,3.53,0.00,14.13,0.00,0.00,0.00,11055.0,95830.0,84296.0,37.0,7.5,0.5,32.0,142.537,0.287,0.2,32391401.0
2026-09-01T05:11:58,0.7,6470,1547350,1529375,0.4,0.00,2.79,0.00,11.14,0.00,0.00,0.00,11055.0,95830.0,84296.0,64.0,6.0,0.5,32.5,141.276,0.190,0.1,23040645.0
2026-09-01T05:11:59,1.1,6471,1547350,1529375,0.4,0.00,4.17,0.00,16.67,0.00,0.00,0.00,11055.0,95830.0,84296.0,64.0,7.0,0.5,30.5,143.088,0.190,0.1,23040645.0
2026-09-01T05:11:59,1.6,6471,1547350,1529375,0.4,0.00,2.90,0.00,11.59,0.00,0.00,0.00,11055.0,95830.0,84296.0,64.0,9.5,0.5,43.5,132.474,0.190,0.1,23040645.0
2026-09-01T05:11:59,1.0,6471,1547350,1529375,0.4,0.00,2.73,0.00,10.93,0.00,0.00,0.00,11055.0,95830.0,84296.0,87.0,1.5,0.5,9.0,158.126,0.190,0.1,23040645.0
2026-09-01T05:12:00,1.1,6471,1547350,1529375,0.4,0.00,8.66,0.00,34.63,0.00,0.00,0.00,11055.0,95830.0,84296.0,87.0,7.0,0.5,40.0,152.661,0.263,0.2,30982126.0
2026-09-01T05:12:00,1.1,6473,1547350,1529373,0.4,0.00,2.40,0.00,9.62,0.00,0.00,0.00,11055.0,95830.0,84296.0,87.0,3.0,0.5,13.5,152.419,0.263,0.2,30982126.0
2026-09-01T05:12:00,1.4,6474,1547350,1529372,0.4,0.00,2.99,0.00,11.98,0.00,0.00,0.00,11055.0,95830.0,84296.0,27.0,9.0,0.5,42.5,154.430,0.263,0.2,30982126.0
2026-09-01T05:12:01,1.2,6474,1547350,1529372,0.4,0.00,4.15,0.00,16.60,0.00,0.00,0.00,11055.0,95830.0,84296.0,27.0,3.5,0.5,14.0,154.899,0.302,0.2,32498963.5
2026-09-01T05:12:01,1.1,6473,1547350,1529372,0.4,0.00,2.07,0.00,8.26,0.00,0.00,0.00,11055.0,95830.0,84296.0,27.0,4.5,0.5,18.0,156.337,0.302,0.2,32498963.5
2026-09-01T05:12:02,1.7,6480,1547350,1529365,0.4,0.00,2.69,0.00,10.75,0.00,0.00,0.00,11055.0,95830.0,84296.0,36.0,7.5,0.5,40.5,151.785,0.302,0.2,32498963.5
2026-09-01T05:12:03,0.8,6480,1547350,1529365,0.4,0.00,0.90,0.00,3.62,0.00,0.00,0.00,11055.0,95830.0,84296.0,84.0,7.0,0.5,39.5,139.549,0.255,0.2,34398207.5
2026-09-01T05:12:04,0.8,6489,1547350,1529357,0.4,0.00,0.99,0.00,3.95,0.00,0.00,0.00,11055.0,95830.0,84296.0,14.0,1.5,0.5,7.5,131.754,0.169,0.1,17123822.0
2026-09-01T05:12:05,1.1,6490,1547350,1529356,0.4,0.00,0.94,0.00,3.76,0.00,0.00,0.00,11055.0,95830.0,84296.0,63.0,7.0,0.5,39.0,158.487,0.169,0.1,17123822.0
2026-09-01T05:12:06,1.1,6492,1547350,1529353,0.4,0.00,0.98,0.00,3.90,0.00,1.00,0.00,11055.0,95830.0,84296.0,67.0,8.0,0.5,40.5,152.768,0.281,0.2,31948253.5
2026-09-01T05:12:07,1.1,6491,1547350,1529354,0.4,0.00,1.08,0.00,4.32,0.00,0.00,0.00,11055.0,95830.0,84296.0,78.0,3.0,0.5,13.0,153.207,0.306,0.2,39595884.0
2026-09-01T05:12:08,1.1,6493,1547350,1529352,0.4,0.00,1.03,0.00,4.12,0.00,0.00,0.00,11055.0,95830.0,84296.0,84.0,7.0,0.5,28.0,153.969,0.306,0.2,39595884.0
2026-09-01T05:12:09,1.0,6494,1547350,1529352,0.4,0.00,0.99,0.00,3.96,0.00,0.00,0.00,11055.0,95830.0,84296.0,61.0,7.0,0.5,38.0,150.793,0.281,0.2,34413732.5
2026-09-01T05:12:10,1.2,6492,1547350,1529354,0.4,0.00,1.00,0.00,4.00,0.00,0.00,0.00,11055.0,95830.0,84296.0,76.0,3.0,0.5,18.0,159.961,0.281,0.2,34413732.5
2026-09-01T05:12:11,1.1,6492,1547350,1529354,0.4,0.00,1.98,0.00,11.90,0.00,0.00,0.00,11055.0,95830.0,84296.0,68.0,8.5,0.5,42.0,161.832,0.340,0.2,43493953.5
2026-09-01T05:12:12,1.0,6492,1547350,1529354,0.4,0.00,1.00,0.00,3.98,0.00,0.00,0.00,11055.0,95830.0,84296.0,48.0,1.5,0.5,7.5,153.364,0.280,0.2,37960195.5
2026-09-01T05:12:13,1.1,6488,1547350,1529357,0.4,0.00,0.98,0.00,3.92,0.00,0.00,0.00,11055.0,95830.0,84296.0,78.0,4.0,0.5,22.5,141.910,0.271,0.2,34569528.0
2026-09-01T05:12:14,1.1,6496,1547350,1529349,0.4,0.00,0.92,0.00,3.69,0.00,0.00,0.00,11055.0,95830.0,84296.0,58.0,9.0,0.5,38.5,155.964,0.271,0.2,34569528.0
2026-09-01T05:12:15,1.0,6496,1547350,1529350,0.4,0.00,1.07,0.00,4.29,0.00,0.00,0.00,11055.0,95830.0,84296.0,23.0,4.5,0.5,18.5,155.020,0.301,0.2,35708934.5
2026-09-01T05:12:16,0.9,6496,1547350,1529350,0.4,0.00,0.95,0.00,3.81,0.00,0.00,0.00,11055.0,95830.0,84296.0,45.0,4.5,0.5,27.0,136.158,0.217,0.1,24569603.0
2026-09-01T05:12:17,1.0,6496,1547350,1529349,0.4,0.00,1.11,0.00,4.42,0.00,0.00,0.00,11055.0,95830.0,84296.0,87.0,8.0,0.5,36.5,138.062,0.217,0.1,24569603.0
2026-09-01T05:12:18,1.1,6496,1547350,1529349,0.4,0.00,0.89,0.00,3.55,0.00,0.00,0.00,11055.0,95830.0,84296.0,53.0,4.5,0.5,25.0,162.048,0.283,0.2,35090073.5
2026-09-01T05:12:19,1.1,6497,1547350,1529349,0.4,0.00,1.15,0.00,4.59,0.00,0.00,0.00,11055.0,95830.0,84296.0,52.0,7.5,0.5,30.5,153.701,0.283,0.2,35090073.5
2026-09-01T05:12:20,1.0,6497,1547350,1529349,0.4,0.00,1.00,0.00,4.00,0.00,0.00,0.00,11055.0,95830.0,84296.0,84.0,7.0,0.5,40.0,149.755,0.293,0.2,35590334.0
2026-09-01T05:12:21,0.8,6496,1547350,1529350,0.4,0.00,0.96,0.00,3.85,0.00,0.00,0.00,11055.0,95830.0,84296.0,78.0,9.5,0.5,43.0,149.543,0.195,0.1,21696610.0
2026-09-01T05:12:22,1.1,6496,1547350,1529350,0.4,0.00,5.88,0.00,45.05,0.00,0.17,0.10,11055.0,95830.0,84296.0,31.0,7.5,0.5,41.0,164.202,0.195,0.1,21696610.0
2026-09-01T05:12:23,0.9,6495,1547350,1529350,0.4,0.00,1.01,0.00,4.03,0.00,0.00,0.00,11055.0,95830.0,84296.0,71.0,9.0,0.5,40.0,142.320,0.281,0.2,33283504.0
2026-09-01T05:12:24,1.1,6508,1547350,1529337,0.4,0.00,1.06,0.00,4.22,0.00,0.00,0.00,11055.0,95830.0,84296.0,80.0,3.5,0.5,13.5,155.622,0.281,0.2,33283504.0
2026-09-01T05:12:25,1.0,6508,1547350,1529337,0.4,0.00,0.84,0.00,3.37,0.00,0.00,0.00,11055.0,95830.0,84296.0,32.0,5.5,0.5,21.0,144.964,0.273,0.2,34735788.5
2026-09-01T05:12:26,1.0,6508,1547350,1529338,0.4,0.00,1.24,0.00,4.95,0.00,0.00,0.00,11055.0,95830.0,84296.0,80.0,9.0,0.5,40.5,143.475,0.273,0.2,34735788.5
2026-09-01T05:12:27,0.9,6508,1547350,1529338,0.4,0.00,0.88,0.00,3.51,0.00,0.00,0.00,11055.0,95830.0,84296.0,34.0,0.0,0.5,1.0,139.800,0.246,0.2,26085810.5
2026-09-01T05:12:28,1.2,6509,1547350,1529337,0.4,0.00,1.06,0.00,4.26,0.00,0.00,0.00,11055.0,95830.0,84296.0,29.0,7.0,0.5,39.0,150.879,0.246,0.2,26085810.5
2026-09-01T05:12:29,1.1,6508,1547350,1529337,0.4,0.00,1.08,0.00,4.31,0.00,0.00,0.00,11055.0,95830.0,84296.0,78.0,9.0,0.5,43.0,154.606,0.322,0.2,42702200.0
2026-09-01T05:12:30,0.7,6509,1547350,1529337,0.4,0.00,1.00,0.00,4.01,0.00,0.00,0.00,11055.0,95830.0,84296.0,85.0,3.0,0.5,18.0,133.809,0.322,0.2,42702200.0
2026-09-01T05:12:31,1.0,6509,1547350,1529337,0.4,0.00,1.00,0.00,3.99,0.00,0.00,0.00,11055.0,95830.0,84296.0,50.0,6.5,0.5,25.5,158.553,0.228,0.2,24373156.5
2026-09-01T05:12:32,0.9,6509,1547350,1529337,0.4,0.00,0.89,0.00,3.54,0.00,0.00,0.00,11055.0,95830.0,84296.0,45.0,2.5,0.5,14.5,141.707,0.216,0.1,24900346.0
2026-09-01T05:12:33,1.0,6509,1547350,1529336,0.4,0.00,1.15,0.00,4.60,0.00,0.00,0.00,11055.0,95830.0,84296.0,79.0,0.0,0.5,1.5,148.332,0.216,0.1,24900346.0
2026-09-01T05:12:34,1.1,6523,1547350,1529323,0.4,0.00,0.99,0.00,3.97,0.00,0.00,0.00,11055.0,95830.0,84296.0,60.0,7.5,0.5,40.5,161.612,0.289,0.2,33846629.0
2026-09-01T05:12:35,1.1,6522,1547350,1529323,0.4,0.00,1.00,0.00,4.00,0.00,0.00,0.00,11055.0,95830.0,84296.0,81.0,5.5,0.5,22.0,166.351,0.289,0.2,33846629.0
2026-09-01T05:12:36,1.0,6522,1547350,1529324,0.4,0.00,5.30,0.00,21.18,0.00,0.17,0.00,11055.0,95830.0,84296.0,49.0,9.5,0.5,42.5,146.841,0.263,0.2,32458364.0
2026-09-01T05:12:37,1.0,6520,1547350,1529325,0.4,0.00,1.10,0.00,4.39,0.00,0.00,0.00,11055.0,95830.0,84296.0,31.0,4.0,0.5,15.5,154.317,0.263,0.2,32458364.0
2026-09-01T05:12:38,1.2,6521,1547350,1529325,0.4,0.00,0.93,0.00,3.72,0.00,0.00,0.00,11055.0,95830.0,84296.0,76.0,6.5,0.5,37.0,170.798,0.330,0.2,48870226.0
2026-09-01T05:12:39,0.7,6522,1547350,1529324,0.4,0.00,1.15,0.00,4.59,0.00,0.00,0.00,11055.0,95830.0,84296.0,0.0,2.5,0.5,13.5,143.868,0.330,0.2,48870226.0
2026-09-01T05:12:40,1.1,6521,1547350,1529324,0.4,0.00,1.00,0.00,3.98,0.00,0.00,0.00,11055.0,95830.0,84296.0,15.0,7.5,0.5,40.5,164.753,0.274,0.2,34074520.5
2026-09-01T05:12:41,1.1,6522,1547350,1529324,0.4,0.00,1.98,0.00,7.91,0.00,0.00,0.00,11055.0,95830.0,84296.0,57.0,3.0,0.5,17.0,150.904,0.295,0.2,40450766.0
2026-09-01T05:12:42,1.0,6521,1547350,1529325,0.4,0.00,0.98,0.00,3.90,0.00,0.00,0.00,11055.0,95830.0,84296.0,78.0,8.5,0.5,38.5,150.639,0.295,0.2,40450766.0
2026-09-01T05:12:43,1.1,6520,1547350,1529326,0.4,0.00,1.04,0.00,4.16,0.00,0.00,0.00,11055.0,95830.0,84296.0,32.0,2.5,0.5,15.5,151.221,0.272,0.2,29784402.0
2026-09-01T05:12:44,1.0,6528,1547350,1529318,0.4,0.00,1.00,0.00,3.99,0.00,0.00,0.00,11055.0,95830.0,84296.0,68.0,7.5,0.5,39.5,150.400,0.287,0.2,38668283.5
2026-09-01T05:12:45,0.9,6528,1547350,1529317,0.4,0.00,0.90,0.00,3.60,0.00,0.00,0.00,11055.0,95830.0,84296.0,19.0,3.0,0.5,17.0,138.224,0.212,0.1,19122770.5
2026-09-01T05:12:46,1.0,6529,1547350,1529316,0.4,0.00,1.07,0.00,4.27,0.00,0.00,0.00,11055.0,95830.0,84296.0,67.0,4.5,0.5,23.5,146.711,0.212,0.1,19122770.5
2026-09-01T05:12:47,0.9,6528,1547350,1529317,0.4,0.00,1.80,0.00,7.19,0.00,0.00,0.00,11055.0,95830.0,84296.0,22.0,2.5,0.5,15.0,147.345,0.245,0.2,25991683.0
2026-09-01T05:12:48,1.2,6528,1547350,1529317,0.4,0.00,1.15,0.00,4.58,0.00,0.00,0.00,11055.0,95830.0,84296.0,80.0,7.0,0.5,39.5,172.606,0.245,0.2,25991683.0
2026-09-01T05:12:49,0.9,6529,1547350,1529316,0.4,0.00,0.97,0.00,3.89,0.00,0.00,0.00,11055.0,95830.0,84296.0,74.0,9.5,0.5,1.5,137.212,0.297,0.2,41169753.5
2026-09-01T05:12:50,1.0,6529,1547350,1529316,0.4,0.00,0.99,0.00,3.95,0.00,0.00,0.00,11055.0,95830.0,84296.0,29.0,7.0,0.5,34.5,144.587,0.226,0.2,22493165.0
2026-09-01T05:12:51,1.1,6529,1547350,1529316,0.4,0.00,1.08,0.00,4.30,0.00,0.00,0.00,11055.0,95830.0,84296.0,79.0,7.0,0.5,39.5,163.465,0.226,0.2,22493165.0
2026-09-01T05:12:52,1.1,6530,1547350,1529315,0.4,0.00,9.02,0.00,72.65,0.00,0.11,0.00,11055.0,95830.0,84296.0,79.0,2.0,0.5,13.0,163.717,0.353,0.2,54004526.0
2026-09-01T05:12:53,1.0,6531,1547350,1529315,0.4,0.00,1.01,0.00,4.05,0.00,0.00,0.00,11055.0,95830.0,84296.0,2.0,5.5,0.5,22.0,145.543,0.353,0.2,54004526.0
2026-09-01T05:12:54,1.0,6529,1547350,1529316,0.4,0.00,0.99,0.00,3.95,0.00,0.00,0.00,11055.0,95830.0,84296.0,77.0,7.0,0.5,38.0,163.957,0.281,0.2,39149312.5
2026-09-01T05:12:55,1.1,6535,1547350,1529311,0.4,0.00,1.00,0.00,4.00,0.00,0.00,0.00,11055.0,95830.0,84296.0,55.0,7.0,0.5,39.5,165.633,0.281,0.2,39149312.5
2026-09-01T05:12:56,1.0,6535,1547350,1529310,0.4,0.00,0.90,0.00,3.60,0.00,0.00,0.00,11055.0,95830.0,84296.0,84.0,5.0,0.5,20.0,147.911,0.295,0.2,39024506.5
2026-09-01T05:12:57,1.2,6535,1547350,1529310,0.4,0.00,1.13,0.00,4.54,0.00,0.00,0.00,11055.0,95830.0,84296.0,80.0,7.0,0.5,39.5,172.699,0.295,0.2,39024506.5
2026-09-01T05:12:58,1.2,6536,1547350,1529310,0.4,0.00,1.01,0.00,4.04,0.00,0.00,0.00,11055.0,95830.0,84296.0,80.0,7.0,0.5,39.5,173.662,0.393,0.2,61289577.5
2026-09-01T05:12:59,0.9,6535,1547350,1529310,0.4,0.00,0.98,0.00,3.93,0.00,0.00,0.00,11055.0,95830.0,84296.0,73.0,1.5,0.5,7.0,142.692,0.240,0.2,33147449.0
2026-09-01T05:13:00,0.9,6535,1547350,1529310,0.4,0.00,0.99,0.00,3.94,0.00,0.00,0.00,11055.0,95830.0,84296.0,32.0,0.0,0.5,0.0,143.115,0.246,0.2,29527275.5
2026-09-01T05:13:01,1.1,6540,1547350,1529305,0.4,0.00,1.02,0.00,4.08,0.00,0.00,0.00,11055.0,95830.0,84296.0,21.0,3.0,0.5,18.0,146.285,0.246,0.2,29527275.5
2026-09-01T05:13:02,1.1,6541,1547350,1529305,0.4,0.00,2.00,0.00,8.00,0.00,0.50,0.00,11055.0,95830.0,84296.0,76.0,7.0,0.5,29.0,163.088,0.281,0.2,33081016.0
2026-09-01T05:13:03,0.8,6540,1547350,1529306,0.4,0.00,1.01,0.00,4.04,0.00,0.00,0.00,11055.0,95830.0,84296.0,58.0,5.0,0.5,20.5,132.185,0.281,0.2,33081016.0
2026-09-01T05:13:04,1.0,6540,1547350,1529306,0.4,0.00,0.99,0.00,3.96,0.00,0.00,0.00,11055.0,95830.0,84296.0,10.0,7.0,0.5,38.0,156.462,0.237,0.2,29434439.5
2026-09-01T05:13:05,1.0,6540,1547350,1529305,0.4,0.00,1.00,0.00,3.98,0.00,0.00,0.00,11055.0,95830.0,84296.0,68.0,7.5,0.5,40.0,154.361,0.280,0.2,37618526.5
2026-09-01T05:13:06,1.0,6542,1547350,1529304,0.4,0.00,0.98,0.00,3.91,0.00,0.00,0.00,11055.0,95830.0,84296.0,78.0,0.0,0.5,0.0,94.175,0.142,0.1,23213373.0
2026-09-01T05:13:07,0.2,6542,1547350,1529304,0.4,0.00,0.94,0.00,3.75,0.00,0.00,0.00,11055.0,95830.0,84296.0,0.0,0.0,0.5,0.0,91.213,0.142,0.1,23213373.0
2026-09-01T05:13:08,0.2,6575,1547350,1529270,0.4,0.00,1.01,0.00,4.04,0.00,0.00,0.00,11055.0,95830.0,84296.0,0.0,0.0,0.5,0.0,90.968,0.000,0.0,716535.0
2026-09-01T05:13:09,0.3,6579,1547350,1529266,0.4,0.00,0.98,0.00,3.91,0.00,0.00,0.00,11055.0,95830.0,84296.0,0.0,0.0,0.5,0.0,90.719,0.000,0.0,667293.0
2026-09-01T05:13:10,1.1,6609,1547350,1529236,0.4,0.00,1.09,0.00,4.37,0.00,0.00,0.00,11653.0,95830.0,83698.0,0.0,6.5,0.5,28.5,137.667,0.000,0.0,667293.0
2026-09-01T05:13:11,1.0,6961,1547350,1528885,0.4,0.00,1.01,0.00,4.06,0.00,0.00,0.00,13465.0,95830.0,81886.0,90.0,0.5,0.5,11.0,188.315,0.299,0.3,128340742.0
2026-09-01T05:13:12,0.2,6962,1547350,1528883,0.4,0.00,1.89,0.00,11.36,0.00,0.00,0.00,13473.0,95830.0,81878.0,0.0,0.0,0.5,0.0,90.633,0.000,0.0,650969.5
2026-09-01T05:13:13,0.2,6961,1547350,1528884,0.4,0.00,0.87,0.00,3.47,0.00,0.00,0.00,13473.0,95830.0,81878.0,0.0,0.0,0.5,0.0,90.351,0.000,0.0,685759.0
2026-09-01T05:13:14,0.2,6961,1547350,1528885,0.4,0.00,1.11,0.00,4.44,0.00,0.00,0.00,13473.0,95830.0,81878.0,0.0,0.0,0.5,0.0,90.150,0.000,0.0,685759.0
2026-09-01T05:13:15,0.2,6968,1547350,1528877,0.5,0.00,0.93,0.00,3.72,0.00,0.00,0.00,13473.0,95830.0,81878.0,0.0,0.0,0.5,0.0,89.883,0.000,0.0,699744.0
2026-09-01T05:13:16,0.2,6968,1547350,1528877,0.5,0.00,0.85,0.00,3.41,0.00,0.00,0.00,13473.0,95830.0,81878.0,0.0,0.0,0.5,0.0,89.717,0.000,0.0,676670.5
2026-09-01T05:13:17,0.2,6969,1547350,1528877,0.5,0.00,0.86,0.00,3.43,0.00,0.00,0.00,13473.0,95830.0,81878.0,0.0,0.0,0.5,0.0,89.541,0.000,0.0,676670.5
2026-09-01T05:13:18,0.2,6969,1547350,1528877,0.5,0.00,1.87,0.00,7.49,0.00,0.00,0.00,13473.0,95830.0,81878.0,0.0,0.0,0.5,0.0,89.509,0.000,0.0,704461.0
2026-09-01T05:13:19,0.2,6969,1547350,1528877,0.5,0.00,0.86,0.00,3.45,0.00,0.00,0.09,13473.0,95830.0,81878.0,0.0,0.0,0.5,0.0,89.422,0.000,0.0,684766.0
2026-09-01T05:13:20,0.2,6969,1547350,1528877,0.5,0.00,0.90,0.00,3.61,0.00,0.00,0.00,13473.0,95830.0,81878.0,0.0,0.0,0.5,0.0,89.213,0.000,0.0,676058.5
2026-09-01T05:13:21,0.5,6970,1547350,1528875,0.5,0.00,1.08,0.00,4.33,0.00,0.00,0.00,13473.0,95830.0,81878.0,0.0,0.0,0.5,0.0,89.193,0.000,0.0,676058.5
2026-09-01T05:13:22,0.2,6971,1547350,1528874,0.5,0.00,2.62,0.00,34.03,0.00,0.50,0.00,13473.0,95830.0,81878.0,0.0,0.0,0.5,0.0,89.047,0.000,0.0,709660.5
2026-09-01T05:13:23,0.2,6971,1547350,1528874,0.5,0.00,0.91,0.00,3.65,0.00,0.00,0.00,13473.0,95830.0,81878.0,0.0,0.0,0.5,0.0,88.927,0.000,0.0,709660.5
2026-09-01T05:13:24,0.2,6970,1547350,1528875,0.5,0.00,1.10,0.00,4.42,0.00,0.00,0.00,13473.0,95830.0,81878.0,0.0,0.0,0.5,0.0,88.852,0.000,0.0,683669.0
2026-09-01T05:13:25,0.2,7017,1547350,1528828,0.5,0.00,0.74,0.00,2.97,0.00,0.00,0.00,13479.0,95830.0,81872.0,0.0,0.0,0.5,0.0,88.616,0.003,0.0,4509439.0
2026-09-01T05:13:26,0.2,7017,1547350,1528828,0.5,0.00,0.81,0.00,3.23,0.00,0.00,0.00,13479.0,95830.0,81872.0,3.0,0.0,0.5,0.0,88.711,0.002,0.0,2458424.0
2026-09-01T05:13:28,0.2,6723,1547350,1529122,0.4,0.00,0.79,0.00,3.15,0.00,0.00,0.00,13479.0,95830.0,81872.0,0.0,0.0,0.5,1.0,88.635,0.000,0.0,703672.0
2026-09-01T05:13:28,1.0,6717,1547350,1529384,0.4,0.00,1.14,0.00,4.57,0.00,0.00,0.00,11745.0,95830.0,83606.0,0.0,0.0,0.5,0.0,88.596,0.000,0.0,703672.0
