timestamp,cpu_util_pct,ram_used_mb,ram_total_mb,ram_avail_mb,ram_used_pct,disk_r_s,disk_w_s,disk_rkB_s,disk_wkB_s,disk_r_await_ms,disk_w_await_ms,disk_util_pct,gpu_mem_used_mb,gpu_mem_total_mb,gpu_mem_free_mb,gpu_util_pct,dcgmi_power_w,dcgmi_gpu_util_pct,dcgmi_mem_copy_util_pct,dcgmi_gr_active,dcgmi_sm_active,dcgmi_pcie_tx_bytes,dcgmi_pcie_rx_bytes
2026-08-31T19:43:53,0.2,5059,1547350,1531064,0.3,0.00,0.00,0.00,0.00,0.00,0.00,0.00,3960.0,95830.0,91392.0,0.0,0.0,0.5,0.0,80.474,0.000,0.0,0.0
2026-08-31T19:43:54,0.2,5062,1547350,1531061,0.3,0.00,1.98,0.00,7.91,0.00,0.00,0.00,3960.0,95830.0,91392.0,0.0,0.0,0.5,0.0,80.481,0.000,0.0,0.0
2026-08-31T19:43:55,0.2,5063,1547350,1531060,0.3,0.00,1.00,0.00,4.00,0.00,0.00,0.00,3960.0,95830.0,91392.0,0.0,0.0,0.5,0.0,80.464,0.000,0.0,601656.0
2026-08-31T19:43:56,0.2,5065,1547350,1531059,0.3,0.00,4.24,0.00,57.73,0.00,0.25,0.00,3960.0,95830.0,91392.0,0.0,0.0,0.5,0.0,80.472,0.000,0.0,601656.0
2026-08-31T19:43:57,0.2,5065,1547350,1531058,0.3,0.00,0.95,0.00,3.79,0.00,0.00,0.00,3960.0,95830.0,91392.0,0.0,0.0,0.5,0.0,80.481,0.000,0.0,689313.0
2026-08-31T19:43:58,0.2,5066,1547350,1531058,0.3,0.00,0.99,0.00,3.98,0.00,0.00,0.00,3960.0,95830.0,91392.0,0.0,0.0,0.5,0.0,80.532,0.000,0.0,686294.5
2026-08-31T19:43:59,1.6,5066,1547350,1531057,0.3,0.00,1.01,0.00,4.02,0.00,0.00,0.00,3960.0,95830.0,91392.0,0.0,0.0,0.5,0.0,80.452,0.000,0.0,686294.5
2026-08-31T19:44:00,0.2,5068,1547350,1531056,0.3,0.00,1.08,0.00,4.33,0.00,0.00,0.00,3960.0,95830.0,91392.0,0.0,0.0,0.5,0.0,80.523,0.000,0.0,689245.0
2026-08-31T19:44:01,0.3,5071,1547350,1531053,0.3,0.00,0.92,0.00,3.68,0.00,0.00,0.00,3960.0,95830.0,91392.0,0.0,0.0,0.5,0.0,80.444,0.000,0.0,695711.0
2026-08-31T19:44:02,0.2,5073,1547350,1531050,0.3,0.00,1.00,0.00,3.99,0.00,0.00,0.00,3960.0,95830.0,91392.0,0.0,0.0,0.5,0.0,80.471,0.000,0.0,695711.0
2026-08-31T19:44:03,0.2,5075,1547350,1531049,0.3,0.00,0.95,0.00,3.80,0.00,0.00,0.00,3960.0,95830.0,91392.0,0.0,0.0,0.5,0.0,80.502,0.000,0.0,690748.0
2026-08-31T19:44:04,0.2,5074,1547350,1531049,0.3,0.00,1.13,0.00,4.52,0.00,0.00,0.00,3960.0,95830.0,91392.0,0.0,0.0,0.5,0.0,80.504,0.000,0.0,690748.0
2026-08-31T19:44:05,0.2,5075,1547350,1531048,0.3,0.00,0.93,0.00,3.73,0.00,0.00,0.00,3960.0,95830.0,91392.0,0.0,0.0,0.5,0.0,80.514,0.000,0.0,714636.0
2026-08-31T19:44:06,0.2,5076,1547350,1531048,0.3,0.00,1.01,0.00,4.03,0.00,0.00,0.00,3960.0,95830.0,91392.0,0.0,0.0,0.5,0.0,80.559,0.000,0.0,714636.0
2026-08-31T19:44:07,0.2,5076,1547350,1531048,0.3,0.00,1.00,0.00,4.01,0.00,0.00,0.00,3960.0,95830.0,91392.0,0.0,0.0,0.5,0.0,80.510,0.000,0.0,690823.5
2026-08-31T19:44:08,0.2,5075,1547350,1531049,0.3,0.00,1.00,0.00,4.01,0.00,0.00,0.00,3960.0,95830.0,91392.0,0.0,0.0,0.5,0.0,80.511,0.000,0.0,674311.5
2026-08-31T19:44:09,0.2,5076,1547350,1531047,0.3,0.00,1.00,0.00,3.98,0.00,0.00,0.00,3960.0,95830.0,91392.0,0.0,0.0,0.5,0.0,80.555,0.000,0.0,674311.5
2026-08-31T19:44:10,0.2,5076,1547350,1531048,0.3,0.00,1.00,0.00,4.00,0.00,0.00,0.00,3960.0,95830.0,91392.0,0.0,0.0,0.5,0.0,80.556,0.000,0.0,680152.5
2026-08-31T19:44:11,0.2,5075,1547350,1531049,0.3,0.00,0.98,0.00,3.91,0.00,0.00,0.00,3960.0,95830.0,91392.0,0.0,0.0,0.5,0.0,80.579,0.000,0.0,680152.5
2026-08-31T19:44:12,0.2,5075,1547350,1531048,0.3,0.00,1.02,0.00,4.08,0.00,0.00,0.00,3960.0,95830.0,91392.0,0.0,0.0,0.5,0.0,80.615,0.000,0.0,739075.5
2026-08-31T19:44:13,0.2,5075,1547350,1531048,0.3,0.00,1.00,0.00,4.00,0.00,0.00,0.00,3960.0,95830.0,91392.0,0.0,0.0,0.5,0.0,80.590,0.000,0.0,650925.5
2026-08-31T19:44:14,0.2,5076,1547350,1531047,0.3,0.00,0.97,0.00,3.87,0.00,0.00,0.00,3960.0,95830.0,91392.0,0.0,0.0,0.5,0.0,80.615,0.000,0.0,650925.5
2026-08-31T19:44:15,0.2,5076,1547350,1531047,0.3,0.00,1.03,0.00,4.12,0.00,1.00,0.00,3960.0,95830.0,91392.0,0.0,0.0,0.5,0.0,80.657,0.000,0.0,706554.5
2026-08-31T19:44:16,0.2,5076,1547350,1531047,0.3,0.00,0.98,0.00,3.92,0.00,0.00,0.00,3960.0,95830.0,91392.0,0.0,0.0,0.5,0.0,80.684,0.000,0.0,664426.5
2026-08-31T19:44:18,0.2,5076,1547350,1531047,0.3,0.00,0.94,0.00,3.75,0.00,0.00,0.09,3960.0,95830.0,91392.0,0.0,0.0,0.5,0.0,80.708,0.000,0.0,680626.5
2026-08-31T19:44:19,0.2,5077,1547350,1531047,0.3,0.00,0.82,0.00,3.28,0.00,0.00,0.00,3960.0,95830.0,91392.0,0.0,0.0,0.5,0.0,80.686,0.000,0.0,656343.0
2026-08-31T19:44:20,0.2,5078,1547350,1531046,0.3,0.00,0.83,0.00,3.32,0.00,0.00,0.00,3960.0,95830.0,91392.0,0.0,0.0,0.5,0.0,80.679,0.000,0.0,709094.0
2026-08-31T19:44:21,0.2,5078,1547350,1531045,0.3,0.00,2.61,0.00,10.44,0.00,0.00,0.00,3960.0,95830.0,91392.0,0.0,0.0,0.5,0.0,80.718,0.000,0.0,686279.0
2026-08-31T19:44:22,0.2,5080,1547350,1531044,0.3,0.00,0.90,0.00,3.59,0.00,0.00,0.00,3960.0,95830.0,91392.0,0.0,0.0,0.5,0.0,80.704,0.000,0.0,686279.0
2026-08-31T19:44:23,0.2,5080,1547350,1531043,0.3,0.00,1.89,0.00,7.58,0.00,0.00,0.00,3960.0,95830.0,91392.0,0.0,0.0,0.5,0.0,80.749,0.000,0.0,732799.5
2026-08-31T19:44:23,0.2,5080,1547350,1531043,0.3,0.00,1.45,0.00,5.79,0.00,0.00,0.00,3960.0,95830.0,91392.0,0.0,0.0,0.5,0.0,80.670,0.000,0.0,732799.5
2026-08-31T19:44:24,0.2,5080,1547350,1531043,0.3,0.00,0.98,0.00,3.92,0.00,0.00,0.00,3960.0,95830.0,91392.0,0.0,0.0,0.5,0.0,80.691,0.000,0.0,711223.0
2026-08-31T19:44:26,0.2,5081,1547350,1531042,0.3,0.00,0.88,0.00,3.52,0.00,0.00,0.00,3960.0,95830.0,91392.0,0.0,0.0,0.5,0.0,80.744,0.000,0.0,711223.0
2026-08-31T19:44:26,0.3,5081,1547350,1531042,0.3,0.00,13.78,0.00,136.62,0.00,0.08,0.00,3960.0,95830.0,91392.0,0.0,0.0,0.5,0.0,80.669,0.000,0.0,701223.5
2026-08-31T19:44:27,0.2,5081,1547350,1531042,0.3,0.00,1.11,0.00,4.45,0.00,0.00,0.00,3960.0,95830.0,91392.0,0.0,0.0,0.5,0.0,80.715,0.000,0.0,701223.5
2026-08-31T19:44:28,0.2,5081,1547350,1531042,0.3,0.00,0.91,0.00,3.63,0.00,0.00,0.00,3960.0,95830.0,91392.0,0.0,0.0,0.5,0.0,80.701,0.000,0.0,714520.5
2026-08-31T19:44:29,0.2,5082,1547350,1531041,0.3,0.00,1.00,0.00,3.98,0.00,0.00,0.00,3960.0,95830.0,91392.0,0.0,0.0,0.5,0.0,80.677,0.000,0.0,714520.5
2026-08-31T19:44:30,0.2,5082,1547350,1531041,0.3,0.00,1.00,0.00,4.00,0.00,0.00,0.00,3960.0,95830.0,91392.0,0.0,0.0,0.5,0.0,80.782,0.000,0.0,686502.5
2026-08-31T19:44:31,0.2,5082,1547350,1531041,0.3,0.00,5.99,0.00,27.97,0.00,0.17,0.00,3960.0,95830.0,91392.0,0.0,0.0,0.5,0.0,80.707,0.000,0.0,693628.5
2026-08-31T19:44:33,0.2,5082,1547350,1531041,0.3,0.00,0.85,0.00,3.40,0.00,0.00,0.00,3960.0,95830.0,91392.0,0.0,0.0,0.5,0.0,80.764,0.000,0.0,670555.5
2026-08-31T19:44:34,0.2,5082,1547350,1531041,0.3,0.00,0.71,0.00,2.84,0.00,0.00,0.07,3960.0,95830.0,91392.0,0.0,0.0,0.5,0.0,80.720,0.000,0.0,661026.0
2026-08-31T19:44:35,0.2,5082,1547350,1531041,0.3,0.00,0.78,0.00,3.14,0.00,0.00,0.00,3960.0,95830.0,91392.0,0.0,0.0,0.5,0.0,80.715,0.000,0.0,668908.5
2026-08-31T19:44:37,0.2,5083,1547350,1531040,0.3,0.00,0.77,0.00,3.08,0.00,0.00,0.00,3960.0,95830.0,91392.0,0.0,0.0,0.5,0.0,80.749,0.000,0.0,667700.5
2026-08-31T19:44:38,0.2,5083,1547350,1531040,0.3,0.00,0.70,0.00,2.78,0.00,0.00,0.00,3960.0,95830.0,91392.0,0.0,0.0,0.5,0.0,80.747,0.000,0.0,660752.5
2026-08-31T19:44:39,0.2,5085,1547350,1531039,0.3,0.00,0.74,0.00,2.95,0.00,0.00,0.00,3960.0,95830.0,91392.0,0.0,0.0,0.5,0.0,80.775,0.000,0.0,697789.0
2026-08-31T19:44:41,0.2,5086,1547350,1531037,0.3,0.00,0.79,0.00,3.16,0.00,0.00,0.00,3960.0,95830.0,91392.0,0.0,0.0,0.5,0.0,80.779,0.000,0.0,666898.0
2026-08-31T19:44:42,0.2,5088,1547350,1531035,0.3,0.00,1.42,0.00,5.68,0.00,0.00,0.00,3960.0,95830.0,91392.0,0.0,0.0,0.5,0.0,80.785,0.000,0.0,689912.0
2026-08-31T19:44:43,0.2,5089,1547350,1531035,0.3,0.00,1.26,0.00,5.05,0.00,0.00,0.00,3960.0,95830.0,91392.0,0.0,0.0,0.5,0.0,80.786,0.000,0.0,673658.0
2026-08-31T19:44:44,0.2,5089,1547350,1531034,0.3,0.00,0.73,0.00,2.94,0.00,0.00,0.00,3960.0,95830.0,91392.0,0.0,0.0,0.5,0.0,80.850,0.000,0.0,668823.0
2026-08-31T19:44:46,0.2,5091,1547350,1531032,0.3,0.00,0.73,0.00,2.94,0.00,0.00,0.00,3960.0,95830.0,91392.0,0.0,0.0,0.5,0.0,80.825,0.000,0.0,695417.0
2026-08-31T19:44:47,0.2,5090,1547350,1531033,0.3,0.00,0.86,0.00,3.45,0.00,0.00,0.00,3960.0,95830.0,91392.0,0.0,0.0,0.5,0.0,80.896,0.000,0.0,679198.0
2026-08-31T19:44:48,0.2,5091,1547350,1531032,0.3,0.00,0.73,0.00,2.90,0.00,0.00,0.00,3960.0,95830.0,91392.0,0.0,0.0,0.5,0.0,80.876,0.000,0.0,662887.5
2026-08-31T19:44:49,0.2,5092,1547350,1531032,0.3,0.00,0.82,0.00,3.29,0.00,0.00,0.00,3960.0,95830.0,91392.0,0.0,0.0,0.5,0.0,80.878,0.000,0.0,662887.5
2026-08-31T19:44:50,0.2,5092,1547350,1531031,0.3,0.00,1.28,0.00,5.12,0.00,1.00,0.00,3960.0,95830.0,91392.0,0.0,0.0,0.5,0.0,80.921,0.000,0.0,696894.0
2026-08-31T19:44:51,0.2,5093,1547350,1531031,0.3,0.00,0.76,0.00,3.04,0.00,0.00,0.08,3960.0,95830.0,91392.0,0.0,0.0,0.5,0.0,80.897,0.000,0.0,659148.0
2026-08-31T19:44:52,0.2,5092,1547350,1531032,0.3,0.00,3.11,0.00,16.58,0.00,0.00,0.00,3960.0,95830.0,91392.0,0.0,0.0,0.5,0.0,80.941,0.000,0.0,692358.0
2026-08-31T19:44:54,0.2,5092,1547350,1531031,0.3,0.00,0.71,0.00,2.84,0.00,0.00,0.00,3960.0,95830.0,91392.0,0.0,0.0,0.5,0.0,80.930,0.000,0.0,651901.0
2026-08-31T19:44:56,0.2,5094,1547350,1531029,0.3,0.00,0.59,0.00,2.38,0.00,0.00,0.00,3960.0,95830.0,91392.0,0.0,0.0,0.5,0.0,80.931,0.000,0.0,667709.0
2026-08-31T19:44:57,0.2,5095,1547350,1531029,0.3,0.00,5.91,0.00,48.10,0.00,0.00,0.00,3960.0,95830.0,91392.0,0.0,0.0,0.5,0.0,80.911,0.000,0.0,667709.0
2026-08-31T19:44:57,0.2,5095,1547350,1531029,0.3,0.00,4.07,0.00,10.18,0.00,0.00,0.00,3960.0,95830.0,91392.0,0.0,0.0,0.5,0.0,80.944,0.000,0.0,768261.5
2026-08-31T19:44:58,0.3,5094,1547350,1531029,0.3,0.00,1.81,0.00,7.22,0.00,0.00,0.00,3960.0,95830.0,91392.0,0.0,0.0,0.5,0.0,80.956,0.000,0.0,768261.5
2026-08-31T19:44:59,0.2,5094,1547350,1531029,0.3,0.00,1.23,0.00,4.93,0.00,0.00,0.00,3960.0,95830.0,91392.0,0.0,0.0,0.5,0.0,80.903,0.000,0.0,747560.0
2026-08-31T19:44:59,0.2,5094,1547350,1531030,0.3,0.00,1.22,0.00,4.88,0.00,1.00,0.00,3960.0,95830.0,91392.0,0.0,0.0,0.5,0.0,80.911,0.000,0.0,666902.0
2026-08-31T19:45:01,0.3,5098,1547350,1531026,0.3,0.00,0.62,0.00,2.48,0.00,0.00,0.00,3960.0,95830.0,91392.0,0.0,0.0,0.5,0.0,80.924,0.000,0.0,666902.0
2026-08-31T19:45:02,0.2,5100,1547350,1531024,0.3,0.00,1.74,0.00,6.97,0.00,0.00,0.00,3960.0,95830.0,91392.0,0.0,0.0,0.5,0.0,80.918,0.000,0.0,711504.5
2026-08-31T19:45:03,0.2,5100,1547350,1531024,0.3,0.00,0.60,0.00,2.41,0.00,0.00,0.00,3960.0,95830.0,91392.0,0.0,0.0,0.5,0.0,80.904,0.000,0.0,678516.0
2026-08-31T19:45:04,0.2,5100,1547350,1531023,0.3,0.00,1.00,0.00,3.98,0.00,0.00,0.00,3960.0,95830.0,91392.0,0.0,0.0,0.5,0.0,80.964,0.000,0.0,678516.0
2026-08-31T19:45:05,0.3,5101,1547350,1531023,0.3,0.00,1.26,0.00,5.05,0.00,0.00,0.00,3960.0,95830.0,91392.0,0.0,0.0,0.5,0.0,80.903,0.000,0.0,703349.0
2026-08-31T19:45:06,0.2,5101,1547350,1531022,0.3,0.00,0.69,0.00,2.78,0.00,0.00,0.00,3960.0,95830.0,91392.0,0.0,0.0,0.5,0.0,80.936,0.000,0.0,703349.0
2026-08-31T19:45:07,0.2,5102,1547350,1531021,0.3,0.00,1.68,0.00,6.72,0.00,0.00,0.00,3960.0,95830.0,91392.0,0.0,0.0,0.5,0.0,80.887,0.000,0.0,672983.5
2026-08-31T19:45:08,0.2,5102,1547350,1531022,0.3,0.00,0.74,0.00,2.96,0.00,0.00,0.00,3960.0,95830.0,91392.0,0.0,0.0,0.5,0.0,80.897,0.000,0.0,672983.5
2026-08-31T19:45:09,0.2,5101,1547350,1531022,0.3,0.00,1.82,0.00,7.27,0.00,0.00,0.00,3960.0,95830.0,91392.0,0.0,0.0,0.5,0.0,80.926,0.000,0.0,672983.5
2026-08-31T19:45:09,0.3,5101,1547350,1531022,0.3,0.00,2.36,0.00,9.46,0.00,0.00,0.00,3960.0,95830.0,91392.0,0.0,0.0,0.5,0.0,80.896,0.000,0.0,745013.5
2026-08-31T19:45:11,0.2,5101,1547350,1531023,0.3,0.00,0.72,0.00,2.89,0.00,0.00,0.07,3960.0,95830.0,91392.0,0.0,0.0,0.5,0.0,80.971,0.000,0.0,678477.5
2026-08-31T19:45:12,0.2,5101,1547350,1531023,0.3,0.00,0.85,0.00,3.40,0.00,0.00,0.00,3960.0,95830.0,91392.0,0.0,0.0,0.5,0.0,80.855,0.000,0.0,673081.0
2026-08-31T19:45:13,0.2,5102,1547350,1531022,0.3,0.00,0.88,0.00,3.53,0.00,0.00,0.00,3960.0,95830.0,91392.0,0.0,0.0,0.5,0.0,80.852,0.000,0.0,671816.5
2026-08-31T19:45:14,0.2,5103,1547350,1531020,0.3,0.00,0.75,0.00,3.00,0.00,0.00,0.00,3960.0,95830.0,91392.0,0.0,0.0,0.5,0.0,80.938,0.000,0.0,722751.0
2026-08-31T19:45:16,0.2,5103,1547350,1531020,0.3,0.00,0.78,0.00,3.12,0.00,0.00,0.00,3960.0,95830.0,91392.0,0.0,0.0,0.5,0.0,80.965,0.000,0.0,678211.0
2026-08-31T19:45:17,0.2,5104,1547350,1531020,0.3,0.00,0.78,0.00,3.12,0.00,0.00,0.00,3960.0,95830.0,91392.0,0.0,0.0,0.5,0.0,80.941,0.000,0.0,644364.5
2026-08-31T19:45:18,0.2,5104,1547350,1531019,0.3,0.00,0.76,0.00,3.04,0.00,0.00,0.00,3960.0,95830.0,91392.0,0.0,0.0,0.5,0.0,80.912,0.000,0.0,708821.5
2026-08-31T19:45:19,0.2,5104,1547350,1531019,0.3,0.00,0.87,0.00,3.48,0.00,0.00,0.00,3960.0,95830.0,91392.0,0.0,0.0,0.5,0.0,80.924,0.000,0.0,709684.5
2026-08-31T19:45:20,0.2,5104,1547350,1531019,0.3,0.00,1.16,0.00,4.62,0.00,0.00,0.00,3960.0,95830.0,91392.0,0.0,0.0,0.5,0.0,80.882,0.000,0.0,671029.5
2026-08-31T19:45:22,0.2,5104,1547350,1531019,0.3,0.00,0.75,0.00,3.00,0.00,1.00,0.00,3960.0,95830.0,91392.0,0.0,0.0,0.5,0.0,80.948,0.000,0.0,671029.5
2026-08-31T19:45:22,0.2,5104,1547350,1531019,0.3,0.00,1.48,0.00,5.93,0.00,0.00,0.00,3960.0,95830.0,91392.0,0.0,0.0,0.5,0.0,80.877,0.000,0.0,716256.0
2026-08-31T19:45:23,0.2,5104,1547350,1531020,0.3,0.00,3.64,0.00,14.55,0.00,0.00,0.00,3960.0,95830.0,91392.0,0.0,0.0,0.5,0.0,80.966,0.000,0.0,722581.5
2026-08-31T19:45:24,0.2,5104,1547350,1531019,0.3,0.00,0.85,0.00,3.39,0.00,0.00,0.00,3960.0,95830.0,91392.0,0.0,0.0,0.5,0.0,80.950,0.000,0.0,722581.5
2026-08-31T19:45:25,0.2,5103,1547350,1531020,0.3,0.00,2.93,0.00,11.73,0.00,0.00,0.00,3960.0,95830.0,91392.0,0.0,0.0,0.5,0.0,80.990,0.000,0.0,718913.0
2026-08-31T19:45:26,0.2,5104,1547350,1531019,0.3,0.00,0.95,0.00,3.81,0.00,0.00,0.00,3960.0,95830.0,91392.0,0.0,0.0,0.5,0.0,81.037,0.000,0.0,718913.0
2026-08-31T19:45:26,0.2,5104,1547350,1531020,0.3,0.00,3.64,0.00,14.55,0.00,0.00,0.00,3960.0,95830.0,91392.0,0.0,0.0,0.5,0.0,81.040,0.000,0.0,718913.0
2026-08-31T19:45:27,0.2,5104,1547350,1531019,0.3,0.00,5.48,0.00,41.13,0.00,0.00,0.00,3960.0,95830.0,91392.0,0.0,0.0,0.5,0.0,80.999,0.000,0.0,748855.5
2026-08-31T19:45:28,0.2,5104,1547350,1531019,0.3,0.00,1.00,0.00,4.02,0.00,0.00,0.00,3960.0,95830.0,91392.0,0.0,0.0,0.5,0.0,80.999,0.000,0.0,748855.5
2026-08-31T19:45:28,0.2,5104,1547350,1531020,0.3,0.00,1.69,0.00,6.78,0.00,0.00,0.00,3960.0,95830.0,91392.0,0.0,0.0,0.5,0.0,81.072,0.000,0.0,705381.5
2026-08-31T19:45:29,0.2,5103,1547350,1531020,0.3,0.00,0.97,0.00,3.87,0.00,0.00,0.00,3960.0,95830.0,91392.0,0.0,0.0,0.5,0.0,80.971,0.000,0.0,665397.5
2026-08-31T19:45:31,0.2,5103,1547350,1531020,0.3,0.00,0.65,0.00,2.59,0.00,0.00,0.00,3960.0,95830.0,91392.0,0.0,0.0,0.5,0.0,80.993,0.000,0.0,665397.5
2026-08-31T19:45:31,0.2,5104,1547350,1531019,0.3,0.00,1.48,0.00,5.93,0.00,0.00,0.00,3960.0,95830.0,91392.0,0.0,0.0,0.5,0.0,81.009,0.000,0.0,706101.0
2026-08-31T19:45:32,0.2,5104,1547350,1531019,0.3,0.00,0.99,0.00,3.94,0.00,0.00,0.00,3960.0,95830.0,91392.0,0.0,0.0,0.5,0.0,81.012,0.000,0.0,665932.0
2026-08-31T19:45:34,0.2,5104,1547350,1531019,0.3,0.00,3.37,0.00,13.49,0.00,0.17,0.00,3960.0,95830.0,91392.0,0.0,0.0,0.5,0.0,81.055,0.000,0.0,672859.0
2026-08-31T19:45:36,0.2,5105,1547350,1531018,0.3,0.00,0.64,0.00,2.56,0.00,0.00,0.00,3960.0,95830.0,91392.0,0.0,0.0,0.5,0.0,81.147,0.000,0.0,667099.0
2026-08-31T19:45:37,0.2,5105,1547350,1531019,0.3,0.00,1.02,0.00,4.07,0.00,0.00,0.00,3960.0,95830.0,91392.0,0.0,0.0,0.5,0.0,81.120,0.000,0.0,667099.0
2026-08-31T19:45:38,0.2,5105,1547350,1531019,0.3,0.00,0.98,0.00,3.92,0.00,0.00,0.10,3960.0,95830.0,91392.0,0.0,0.0,0.5,0.0,81.092,0.000,0.0,671957.5
2026-08-31T19:45:39,0.2,5105,1547350,1531018,0.3,0.00,0.59,0.00,2.36,0.00,0.00,0.00,3960.0,95830.0,91392.0,0.0,0.0,0.5,0.0,81.089,0.000,0.0,671957.5
2026-08-31T19:45:40,0.3,5105,1547350,1531018,0.3,0.00,1.81,0.00,7.25,0.00,0.00,0.00,3960.0,95830.0,91392.0,0.0,0.0,0.5,0.0,81.184,0.000,0.0,713497.0
2026-08-31T19:45:41,0.2,5104,1547350,1531019,0.3,0.00,0.68,0.00,2.72,0.00,0.00,0.00,3960.0,95830.0,91392.0,0.0,0.0,0.5,0.0,81.144,0.000,0.0,713497.0
2026-08-31T19:45:42,0.2,5106,1547350,1531018,0.3,0.00,1.31,0.00,5.24,0.00,0.00,0.00,3960.0,95830.0,91392.0,0.0,0.0,0.5,0.0,81.096,0.000,0.0,702804.5
2026-08-31T19:45:43,0.2,5106,1547350,1531017,0.3,0.00,1.94,0.00,7.77,0.00,0.00,0.00,3960.0,95830.0,91392.0,0.0,0.0,0.5,0.0,81.082,0.000,0.0,654328.0
2026-08-31T19:45:45,0.2,5107,1547350,1531017,0.3,0.00,0.64,0.00,2.54,0.00,0.00,0.00,3960.0,95830.0,91392.0,0.0,0.0,0.5,0.0,81.103,0.000,0.0,659062.0
2026-08-31T19:45:46,0.2,5107,1547350,1531017,0.3,0.00,0.61,0.00,2.42,0.00,0.00,0.00,3960.0,95830.0,91392.0,0.0,0.0,0.5,0.0,81.113,0.000,0.0,659062.0
2026-08-31T19:45:47,0.2,5107,1547350,1531016,0.3,0.00,1.69,0.00,6.77,0.00,0.00,0.00,3960.0,95830.0,91392.0,0.0,0.0,0.5,0.0,81.119,0.000,0.0,740910.0
2026-08-31T19:45:48,0.2,5107,1547350,1531016,0.3,0.00,1.69,0.00,6.78,0.00,0.00,0.17,3960.0,95830.0,91392.0,0.0,0.0,0.5,0.0,81.131,0.000,0.0,671672.0
2026-08-31T19:45:49,0.2,5108,1547350,1531016,0.3,0.00,0.71,0.00,2.82,0.00,0.00,0.07,3960.0,95830.0,91392.0,0.0,0.0,0.5,0.0,81.110,0.000,0.0,669614.5
2026-08-31T19:45:50,0.2,5108,1547350,1531015,0.3,0.00,0.69,0.00,2.78,0.00,0.00,0.00,3960.0,95830.0,91392.0,0.0,0.0,0.5,0.0,81.114,0.000,0.0,671020.0
2026-08-31T19:45:52,0.2,5109,1547350,1531014,0.3,0.00,0.64,0.00,2.57,0.00,1.00,0.00,3960.0,95830.0,91392.0,0.0,0.0,0.5,0.0,81.160,0.000,0.0,671020.0
2026-08-31T19:45:53,0.2,5110,1547350,1531014,0.3,0.00,1.97,0.00,7.87,0.00,0.00,0.00,3960.0,95830.0,91392.0,0.0,0.0,0.5,0.0,81.157,0.000,0.0,671020.0
2026-08-31T19:45:53,0.3,5108,1547350,1531015,0.3,0.00,2.45,0.00,9.80,0.00,0.00,0.00,3960.0,95830.0,91392.0,0.0,0.0,0.5,0.0,81.192,0.000,0.0,709309.0
2026-08-31T19:45:55,0.2,5109,1547350,1531015,0.3,0.00,0.56,0.00,2.23,0.00,0.00,0.00,3960.0,95830.0,91392.0,0.0,0.0,0.5,0.0,81.178,0.000,0.0,709309.0
2026-08-31T19:45:56,0.2,5109,1547350,1531014,0.3,0.00,1.06,0.00,4.22,0.00,0.00,0.00,3960.0,95830.0,91392.0,0.0,0.0,0.5,0.0,81.145,0.000,0.0,670837.5
2026-08-31T19:45:57,0.2,5109,1547350,1531014,0.3,0.00,6.82,0.00,55.50,0.00,0.00,0.00,3960.0,95830.0,91392.0,0.0,0.0,0.5,0.0,81.119,0.000,0.0,689447.0
2026-08-31T19:45:58,0.2,5110,1547350,1531013,0.3,0.00,1.97,0.00,7.87,0.00,0.00,0.00,3960.0,95830.0,91392.0,0.0,0.0,0.5,0.0,81.146,0.000,0.0,653534.0
2026-08-31T19:46:00,0.2,5111,1547350,1531012,0.3,0.00,0.67,0.00,2.69,0.00,0.00,0.00,3960.0,95830.0,91392.0,0.0,0.0,0.5,0.0,81.185,0.000,0.0,658919.5
2026-08-31T19:46:02,0.3,5115,1547350,1531009,0.3,0.00,0.55,0.00,2.20,0.00,0.00,0.00,3960.0,95830.0,91392.0,0.0,0.0,0.5,0.0,81.173,0.000,0.0,654489.5
2026-08-31T19:46:03,0.2,5115,1547350,1531009,0.3,0.00,0.64,0.00,2.55,0.00,0.00,0.00,3960.0,95830.0,91392.0,0.0,0.0,0.5,0.0,81.120,0.000,0.0,664834.5
2026-08-31T19:46:05,0.4,5166,1547350,1530958,0.3,0.00,0.61,0.00,2.44,0.00,0.00,0.00,3960.0,95830.0,91392.0,0.0,0.0,0.5,0.0,81.224,0.000,0.0,646798.0
2026-08-31T19:46:07,1.2,5243,1547350,1530880,0.3,0.00,0.50,0.00,1.99,0.00,0.00,0.00,3960.0,95830.0,91392.0,0.0,0.0,0.5,0.0,81.197,0.000,0.0,646798.0
2026-08-31T19:46:07,1.2,5186,1547350,1530937,0.3,0.00,2.26,0.00,9.05,0.00,1.00,0.00,3960.0,95830.0,91392.0,0.0,0.0,0.5,0.0,81.183,0.000,0.0,667775.0
2026-08-31T19:46:09,0.4,5184,1547350,1530940,0.3,0.00,356.04,0.00,4568.11,0.00,0.09,0.28,3960.0,95830.0,91392.0,0.0,0.0,0.5,0.0,81.122,0.000,0.0,700318.0
2026-08-31T19:46:10,1.3,5190,1547350,1530933,0.3,0.00,77.84,0.00,1281.97,0.00,0.11,0.16,3960.0,95830.0,91392.0,0.0,0.0,0.5,0.0,81.083,0.000,0.0,700318.0
2026-08-31T19:46:11,1.2,5189,1547350,1530935,0.3,0.00,1.02,0.00,4.09,0.00,1.00,0.00,3960.0,95830.0,91392.0,0.0,0.0,0.5,0.0,81.145,0.000,0.0,672259.5
2026-08-31T19:46:13,1.2,5212,1547350,1530912,0.3,0.00,1.55,0.00,6.21,0.00,0.00,0.00,3960.0,95830.0,91392.0,0.0,0.0,0.5,0.0,81.160,0.000,0.0,701174.0
2026-08-31T19:46:14,1.3,5191,1547350,1530932,0.3,0.00,60.89,0.00,727.27,0.00,0.04,0.09,3960.0,95830.0,91392.0,0.0,0.0,0.5,0.0,81.201,0.000,0.0,701174.0
2026-08-31T19:46:14,1.4,5192,1547350,1530932,0.3,0.00,320.24,0.00,4012.08,0.00,0.11,0.30,3960.0,95830.0,91392.0,0.0,0.0,0.5,0.0,81.178,0.000,0.0,701174.0
2026-08-31T19:46:15,1.2,5253,1547350,1530871,0.3,0.00,1.45,0.00,5.79,0.00,0.00,0.00,3960.0,95830.0,91392.0,0.0,0.0,0.5,0.0,81.188,0.000,0.0,709272.0
2026-08-31T19:46:16,1.2,5260,1547350,1530863,0.3,0.00,22.46,0.00,230.54,0.00,0.03,0.07,3960.0,95830.0,91392.0,0.0,0.0,0.5,0.0,81.188,0.000,0.0,709272.0
2026-08-31T19:46:17,0.8,5122,1547350,1531002,0.3,0.00,13.14,0.00,1132.12,0.00,0.11,0.29,3960.0,95830.0,91392.0,0.0,0.0,0.5,0.0,81.198,0.000,0.0,695721.5
2026-08-31T19:46:18,1.6,5123,1547350,1531000,0.3,0.00,0.89,0.00,3.57,0.00,0.00,0.00,3960.0,95830.0,91392.0,0.0,0.0,0.5,0.0,81.135,0.000,0.0,676246.0
2026-08-31T19:46:19,0.2,5123,1547350,1531001,0.3,0.00,0.76,0.00,3.05,0.00,0.00,0.00,3960.0,95830.0,91392.0,0.0,0.0,0.5,0.0,81.167,0.000,0.0,666500.5
2026-08-31T19:46:21,0.2,5123,1547350,1531000,0.3,0.00,0.70,0.00,2.79,0.00,0.00,0.00,3960.0,95830.0,91392.0,0.0,0.0,0.5,0.0,81.209,0.000,0.0,685168.5
2026-08-31T19:46:22,0.2,5124,1547350,1530999,0.3,0.00,0.87,0.00,3.49,0.00,1.00,0.09,3960.0,95830.0,91392.0,0.0,0.0,0.5,0.0,81.154,0.000,0.0,658485.5
2026-08-31T19:46:23,0.2,5124,1547350,1530999,0.3,0.00,0.77,0.00,3.07,0.00,0.00,0.00,3960.0,95830.0,91392.0,0.0,0.0,0.5,0.0,81.193,0.000,0.0,676690.5
2026-08-31T19:46:24,0.2,5123,1547350,1531000,0.3,0.00,1.95,0.00,7.79,0.00,0.00,0.00,3960.0,95830.0,91392.0,0.0,0.0,0.5,0.0,81.236,0.000,0.0,666904.0
2026-08-31T19:46:26,0.2,5124,1547350,1530999,0.3,0.00,0.65,0.00,2.59,0.00,0.00,0.00,3960.0,95830.0,91392.0,0.0,0.0,0.5,0.0,81.239,0.000,0.0,655685.5
2026-08-31T19:46:27,0.2,5123,1547350,1531000,0.3,0.00,39.70,0.00,476.78,0.00,0.17,0.07,3960.0,95830.0,91392.0,0.0,0.0,0.5,0.0,81.284,0.000,0.0,694621.5
2026-08-31T19:46:28,0.2,5124,1547350,1530999,0.3,0.00,0.76,0.00,3.05,0.00,1.00,0.00,3960.0,95830.0,91392.0,0.0,0.0,0.5,0.0,81.244,0.000,0.0,694621.5
2026-08-31T19:46:29,0.2,5124,1547350,1530999,0.3,0.00,2.29,0.00,9.14,0.00,0.00,0.00,3960.0,95830.0,91392.0,0.0,0.0,0.5,0.0,81.319,0.000,0.0,696833.0
2026-08-31T19:46:31,0.2,5124,1547350,1530999,0.3,0.00,0.74,0.00,2.95,0.00,0.00,0.00,3960.0,95830.0,91392.0,0.0,0.0,0.5,0.0,81.328,0.000,0.0,654601.0
2026-08-31T19:46:32,0.2,5125,1547350,1530998,0.3,0.00,0.64,0.00,2.56,0.00,0.00,0.00,3960.0,95830.0,91392.0,0.0,0.0,0.5,0.0,81.291,0.000,0.0,662670.5
2026-08-31T19:46:34,0.2,5126,1547350,1530998,0.3,0.00,0.67,0.00,2.68,0.00,0.00,0.00,3960.0,95830.0,91392.0,0.0,0.0,0.5,0.0,81.271,0.000,0.0,676487.5
2026-08-31T19:46:35,0.2,5126,1547350,1530998,0.3,0.00,6.08,0.00,44.58,0.00,0.00,0.00,3960.0,95830.0,91392.0,0.0,0.0,0.5,0.0,81.316,0.000,0.0,676487.5
2026-08-31T19:46:36,0.2,5126,1547350,1530998,0.3,0.00,0.96,0.00,3.85,0.00,0.00,0.00,3960.0,95830.0,91392.0,0.0,0.0,0.5,0.0,81.320,0.000,0.0,709361.5
2026-08-31T19:46:36,0.2,5125,1547350,1530999,0.3,0.00,1.70,0.00,6.81,0.00,0.00,0.00,3960.0,95830.0,91392.0,0.0,0.0,0.5,0.0,81.305,0.000,0.0,709361.5
2026-08-31T19:46:37,0.2,5127,1547350,1530997,0.3,0.00,1.05,0.00,4.21,0.00,0.00,0.00,3960.0,95830.0,91392.0,0.0,0.0,0.5,0.0,81.231,0.000,0.0,675647.5
2026-08-31T19:46:39,0.2,5128,1547350,1530995,0.3,0.00,0.62,0.00,2.47,0.00,0.00,0.00,3960.0,95830.0,91392.0,0.0,0.0,0.5,0.0,81.311,0.000,0.0,654324.5
2026-08-31T19:46:40,0.2,5127,1547350,1530996,0.3,0.00,78.46,0.00,1369.68,0.00,0.08,0.13,3960.0,95830.0,91392.0,0.0,0.0,0.5,0.0,81.279,0.000,0.0,653378.5
2026-08-31T19:46:42,0.2,5127,1547350,1530996,0.3,0.00,0.58,0.00,2.31,0.00,0.00,0.00,3960.0,95830.0,91392.0,0.0,0.0,0.5,0.0,81.332,0.000,0.0,653378.5
2026-08-31T19:46:43,0.3,5128,1547350,1530996,0.3,0.00,2.59,0.00,10.36,0.00,0.00,0.00,3960.0,95830.0,91392.0,0.0,0.0,0.5,0.0,81.343,0.000,0.0,730368.5
2026-08-31T19:46:43,0.2,5128,1547350,1530995,0.3,0.00,1.37,0.00,5.47,0.00,0.00,0.00,3960.0,95830.0,91392.0,0.0,0.0,0.5,0.0,81.306,0.000,0.0,643922.5
2026-08-31T19:46:45,0.2,5127,1547350,1530996,0.3,0.00,1.14,0.00,4.58,0.00,0.00,0.00,3960.0,95830.0,91392.0,0.0,0.0,0.5,0.0,81.324,0.000,0.0,705616.0
2026-08-31T19:46:46,0.2,5126,1547350,1530997,0.3,0.00,0.68,0.00,2.72,0.00,0.00,0.00,3960.0,95830.0,91392.0,0.0,0.0,0.5,0.0,81.285,0.000,0.0,635872.5
2026-08-31T19:46:48,0.2,5127,1547350,1530997,0.3,0.00,0.66,0.00,2.66,0.00,0.00,0.00,3960.0,95830.0,91392.0,0.0,0.0,0.5,0.0,81.362,0.000,0.0,718716.5
2026-08-31T19:46:49,0.2,5126,1547350,1530997,0.3,0.00,0.83,0.00,3.33,0.00,0.00,0.00,3960.0,95830.0,91392.0,0.0,0.0,0.5,0.0,81.328,0.000,0.0,718716.5
2026-08-31T19:46:50,0.2,5127,1547350,1530996,0.3,0.00,1.27,0.00,5.10,0.00,0.00,0.00,3960.0,95830.0,91392.0,0.0,0.0,0.5,0.0,81.306,0.000,0.0,679904.0
2026-08-31T19:46:51,0.2,5128,1547350,1530995,0.3,0.00,0.71,0.00,2.82,0.00,1.00,0.00,3960.0,95830.0,91392.0,0.0,0.0,0.5,0.0,81.320,0.000,0.0,679904.0
2026-08-31T19:46:52,0.2,5128,1547350,1530996,0.3,0.00,1.13,0.00,4.51,0.00,0.00,0.00,3960.0,95830.0,91392.0,0.0,0.0,0.5,0.0,81.347,0.000,0.0,681553.0
2026-08-31T19:46:54,0.2,5128,1547350,1530995,0.3,0.00,0.57,0.00,2.29,0.00,0.00,0.00,3960.0,95830.0,91392.0,0.0,0.0,0.5,0.0,81.309,0.000,0.0,681553.0
2026-08-31T19:46:55,0.2,5129,1547350,1530995,0.3,0.00,1.24,0.00,4.94,0.00,0.00,0.00,3960.0,95830.0,91392.0,0.0,0.0,0.5,0.0,81.359,0.000,0.0,678022.0
2026-08-31T19:46:56,0.2,5128,1547350,1530995,0.3,0.00,0.63,0.00,2.53,0.00,0.00,0.00,3960.0,95830.0,91392.0,0.0,0.0,0.5,0.0,81.356,0.000,0.0,648389.5
2026-08-31T19:46:58,0.2,5128,1547350,1530995,0.3,0.00,4.43,0.00,45.38,0.00,0.00,0.00,3960.0,95830.0,91392.0,0.0,0.0,0.5,0.0,81.353,0.000,0.0,688507.0
2026-08-31T19:46:59,0.2,5128,1547350,1530995,0.3,0.00,3.79,0.00,15.17,0.00,0.25,0.00,3960.0,95830.0,91392.0,0.0,0.0,0.5,0.0,81.321,0.000,0.0,644623.5
2026-08-31T19:47:01,0.3,5131,1547350,1530992,0.3,0.00,0.56,0.00,2.24,0.00,0.00,0.00,3960.0,95830.0,91392.0,0.0,0.0,0.5,0.0,81.340,0.000,0.0,674286.5
2026-08-31T19:47:03,0.2,5132,1547350,1530991,0.3,0.00,0.62,0.00,2.46,0.00,0.00,0.00,3960.0,95830.0,91392.0,0.0,0.0,0.5,0.0,81.316,0.000,0.0,673728.5
2026-08-31T19:47:04,0.2,5132,1547350,1530992,0.3,0.00,0.84,0.00,3.34,0.00,0.00,0.00,3960.0,95830.0,91392.0,0.0,0.0,0.5,0.0,81.322,0.000,0.0,673728.5
2026-08-31T19:47:05,0.2,5133,1547350,1530991,0.3,0.00,1.26,0.00,5.03,0.00,0.00,0.00,3960.0,95830.0,91392.0,0.0,0.0,0.5,0.0,81.338,0.000,0.0,673408.0
2026-08-31T19:47:06,0.2,5133,1547350,1530991,0.3,0.00,0.70,0.00,2.81,0.00,0.00,0.00,3960.0,95830.0,91392.0,0.0,0.0,0.5,0.0,81.317,0.000,0.0,679820.0
2026-08-31T19:47:07,0.2,5133,1547350,1530991,0.3,0.00,0.81,0.00,3.25,0.00,0.00,0.00,3960.0,95830.0,91392.0,0.0,0.0,0.5,0.0,81.339,0.000,0.0,673497.0
2026-08-31T19:47:09,0.2,5133,1547350,1530990,0.3,0.00,0.83,0.00,3.32,0.00,0.00,0.00,3960.0,95830.0,91392.0,0.0,0.0,0.5,0.0,81.309,0.000,0.0,673945.5
2026-08-31T19:47:10,0.2,5134,1547350,1530990,0.3,0.00,0.63,0.00,2.52,0.00,0.00,0.00,3960.0,95830.0,91392.0,0.0,0.0,0.5,0.0,81.306,0.000,0.0,688912.5
2026-08-31T19:47:11,0.2,5133,1547350,1530990,0.3,0.00,0.98,0.00,3.92,0.00,0.00,0.00,3960.0,95830.0,91392.0,0.0,0.0,0.5,0.0,81.344,0.000,0.0,688912.5
2026-08-31T19:47:12,0.3,5131,1547350,1530993,0.3,0.00,1.69,0.00,6.76,0.00,0.00,0.00,3960.0,95830.0,91392.0,0.0,0.0,0.5,0.0,81.322,0.000,0.0,722003.5
2026-08-31T19:47:12,0.2,5131,1547350,1530992,0.3,0.00,2.08,0.00,8.32,0.00,0.00,0.00,3960.0,95830.0,91392.0,0.0,0.0,0.5,0.0,81.311,0.000,0.0,722003.5
2026-08-31T19:47:13,0.2,5132,1547350,1530992,0.3,0.00,1.47,0.00,5.90,0.00,0.00,0.00,3960.0,95830.0,91392.0,0.0,0.0,0.5,0.0,81.312,0.000,0.0,713171.0
2026-08-31T19:47:14,0.2,5133,1547350,1530990,0.3,0.00,0.86,0.00,3.46,0.00,0.00,0.00,3960.0,95830.0,91392.0,0.0,0.0,0.5,0.0,81.356,0.000,0.0,687307.0
2026-08-31T19:47:15,0.2,5134,1547350,1530990,0.3,0.00,1.96,0.00,7.84,0.00,0.00,0.00,3960.0,95830.0,91392.0,0.0,0.0,0.5,0.0,81.395,0.000,0.0,687307.0
2026-08-31T19:47:16,0.2,5134,1547350,1530990,0.3,0.00,0.95,0.00,3.78,0.00,0.00,0.00,3960.0,95830.0,91392.0,0.0,0.0,0.5,0.0,81.375,0.000,0.0,675351.0
2026-08-31T19:47:17,0.3,5135,1547350,1530989,0.3,0.00,1.06,0.00,4.25,0.00,0.00,0.00,3960.0,95830.0,91392.0,0.0,0.0,0.5,0.0,81.363,0.000,0.0,728404.0
2026-08-31T19:47:18,0.2,5134,1547350,1530989,0.3,0.00,0.75,0.00,3.02,0.00,0.00,0.00,3960.0,95830.0,91392.0,0.0,0.0,0.5,0.0,81.309,0.000,0.0,679200.0
2026-08-31T19:47:20,0.2,5134,1547350,1530989,0.3,0.00,0.77,0.00,3.08,0.00,0.00,0.00,3960.0,95830.0,91392.0,0.0,0.0,0.5,0.0,81.321,0.000,0.0,664804.0
2026-08-31T19:47:21,0.3,5137,1547350,1530987,0.3,0.00,0.81,0.00,3.22,0.00,1.00,0.00,3960.0,95830.0,91392.0,0.0,0.0,0.5,0.0,81.309,0.000,0.0,664804.0
2026-08-31T19:47:22,0.2,5137,1547350,1530986,0.3,0.00,0.98,0.00,3.91,0.00,0.00,0.00,3960.0,95830.0,91392.0,0.0,0.0,0.5,0.0,81.299,0.000,0.0,729645.0
2026-08-31T19:47:23,0.2,5137,1547350,1530986,0.3,0.00,1.52,0.00,6.06,0.00,0.00,0.00,3960.0,95830.0,91392.0,0.0,0.0,0.5,0.0,81.368,0.000,0.0,676433.0
2026-08-31T19:47:24,0.2,5139,1547350,1530984,0.3,0.00,0.67,0.00,2.66,0.00,0.00,0.00,3960.0,95830.0,91392.0,0.0,0.0,0.5,0.0,81.350,0.000,0.0,672372.5
2026-08-31T19:47:25,0.2,5139,1547350,1530985,0.3,0.00,0.96,0.00,3.83,0.00,0.00,0.00,3960.0,95830.0,91392.0,0.0,0.0,0.5,0.0,81.376,0.000,0.0,672372.5
2026-08-31T19:47:26,0.2,5140,1547350,1530984,0.3,0.00,1.01,0.00,4.05,0.00,0.00,0.00,3960.0,95830.0,91392.0,0.0,0.0,0.5,0.0,81.363,0.000,0.0,683980.0
2026-08-31T19:47:27,0.2,5141,1547350,1530983,0.3,0.00,17.48,0.00,159.95,0.00,0.09,0.00,3960.0,95830.0,91392.0,0.0,0.0,0.5,0.0,81.347,0.000,0.0,663286.5
2026-08-31T19:47:29,0.2,5141,1547350,1530982,0.3,0.00,0.65,0.00,2.61,0.00,1.00,0.00,3960.0,95830.0,91392.0,0.0,0.0,0.5,0.0,81.309,0.000,0.0,659829.0
2026-08-31T19:47:30,0.2,5142,1547350,1530981,0.3,0.00,1.50,0.00,5.99,0.00,0.00,0.00,3960.0,95830.0,91392.0,0.0,0.0,0.5,0.0,81.321,0.000,0.0,655088.5
2026-08-31T19:47:32,0.2,5143,1547350,1530981,0.3,0.00,0.60,0.00,2.39,0.00,0.00,0.00,3960.0,95830.0,91392.0,0.0,0.0,0.5,0.0,81.314,0.000,0.0,656796.5
2026-08-31T19:47:34,0.2,5144,1547350,1530979,0.3,0.00,0.58,0.00,2.30,0.00,0.00,0.00,3960.0,95830.0,91392.0,0.0,0.0,0.5,0.0,81.322,0.000,0.0,653833.5
2026-08-31T19:47:35,0.2,5144,1547350,1530979,0.3,0.00,0.67,0.00,2.70,0.00,0.00,0.00,3960.0,95830.0,91392.0,0.0,0.0,0.5,0.0,81.323,0.000,0.0,664633.5
2026-08-31T19:47:37,0.2,5145,1547350,1530978,0.3,0.00,3.35,0.00,13.41,0.00,0.00,0.00,3960.0,95830.0,91392.0,0.0,0.0,0.5,0.0,81.319,0.000,0.0,673506.5
2026-08-31T19:47:38,0.2,5144,1547350,1530979,0.3,0.00,0.88,0.00,3.54,0.00,0.00,0.00,3960.0,95830.0,91392.0,0.0,0.0,0.5,0.0,81.315,0.000,0.0,673506.5
2026-08-31T19:47:38,0.3,5143,1547350,1530981,0.3,0.00,1.84,0.00,7.35,0.00,0.00,0.00,3960.0,95830.0,91392.0,0.0,0.0,0.5,0.0,81.320,0.000,0.0,705823.0
2026-08-31T19:47:40,0.2,5144,1547350,1530980,0.3,0.00,0.81,0.00,3.23,0.00,0.00,0.00,3960.0,95830.0,91392.0,0.0,0.0,0.5,0.0,81.313,0.000,0.0,705823.0
2026-08-31T19:47:40,0.2,5145,1547350,1530979,0.3,0.00,1.24,0.00,4.98,0.00,0.00,0.00,3960.0,95830.0,91392.0,0.0,0.0,0.5,0.0,81.325,0.000,0.0,677695.0
2026-08-31T19:47:42,0.2,5146,1547350,1530977,0.3,0.00,0.61,0.00,2.43,0.00,0.00,0.00,3960.0,95830.0,91392.0,0.0,0.0,0.5,0.0,81.358,0.000,0.0,658561.0
2026-08-31T19:47:43,0.2,5146,1547350,1530978,0.3,0.00,0.73,0.00,2.92,0.00,0.00,0.00,3960.0,95830.0,91392.0,0.0,0.0,0.5,0.0,81.338,0.000,0.0,662345.5
2026-08-31T19:47:45,0.2,5145,1547350,1530978,0.3,0.00,0.79,0.00,3.15,0.00,0.00,0.00,3960.0,95830.0,91392.0,0.0,0.0,0.5,0.0,81.311,0.000,0.0,674625.5
2026-08-31T19:47:46,0.2,5145,1547350,1530978,0.3,0.00,0.86,0.00,3.42,0.00,0.00,0.00,3960.0,95830.0,91392.0,0.0,0.0,0.5,0.0,81.312,0.000,0.0,674625.5
2026-08-31T19:47:46,0.2,5145,1547350,1530978,0.3,0.00,3.29,0.00,13.16,0.00,0.00,0.00,3960.0,95830.0,91392.0,0.0,0.0,0.5,0.0,81.322,0.000,0.0,775231.0
2026-08-31T19:47:47,0.3,5147,1547350,1530977,0.3,0.00,1.63,0.00,6.50,0.00,0.00,0.00,3960.0,95830.0,91392.0,0.0,0.0,0.5,0.0,81.314,0.000,0.0,659657.0
2026-08-31T19:47:49,0.2,5146,1547350,1530977,0.3,0.00,0.61,0.00,2.43,0.00,1.00,0.00,3960.0,95830.0,91392.0,0.0,0.0,0.5,0.0,81.325,0.000,0.0,669884.5
2026-08-31T19:47:51,0.2,5146,1547350,1530977,0.3,0.00,0.51,0.00,2.05,0.00,0.00,0.00,3960.0,95830.0,91392.0,0.0,0.0,0.5,0.0,81.362,0.000,0.0,664197.5
2026-08-31T19:47:52,0.2,5146,1547350,1530977,0.3,0.00,0.70,0.00,2.78,0.00,0.00,0.00,3960.0,95830.0,91392.0,0.0,0.0,0.5,0.0,81.494,0.000,0.0,654272.0
2026-08-31T19:47:54,0.2,5147,1547350,1530977,0.3,0.00,0.65,0.00,2.61,0.00,0.00,0.00,3960.0,95830.0,91392.0,0.0,0.0,0.5,0.0,81.353,0.000,0.0,732048.0
2026-08-31T19:47:55,0.2,5146,1547350,1530977,0.3,0.00,0.81,0.00,3.25,0.00,0.00,0.00,3960.0,95830.0,91392.0,0.0,0.0,0.5,0.0,81.332,0.000,0.0,732048.0
2026-08-31T19:47:55,0.3,5147,1547350,1530976,0.3,0.00,2.02,0.00,8.08,0.00,0.00,0.00,3960.0,95830.0,91392.0,0.0,0.0,0.5,0.0,81.340,0.000,0.0,709367.5
2026-08-31T19:47:56,0.2,5147,1547350,1530976,0.3,0.00,1.02,0.00,4.07,0.00,0.00,0.00,3960.0,95830.0,91392.0,0.0,0.0,0.5,0.0,81.411,0.000,0.0,682236.0
2026-08-31T19:47:57,0.2,5148,1547350,1530975,0.3,0.00,19.25,0.00,136.19,0.00,0.10,0.00,3960.0,95830.0,91392.0,0.0,0.0,0.5,0.0,81.335,0.000,0.0,676059.5
2026-08-31T19:47:59,0.2,5149,1547350,1530975,0.3,0.00,0.72,0.00,2.89,0.00,0.00,0.07,3960.0,95830.0,91392.0,0.0,0.0,0.5,0.0,81.357,0.000,0.0,676059.5
2026-08-31T19:47:59,0.2,5149,1547350,1530975,0.3,0.00,1.66,0.00,6.63,0.00,0.00,0.00,3960.0,95830.0,91392.0,0.0,0.0,0.5,0.0,81.369,0.000,0.0,696641.5
2026-08-31T19:48:00,0.2,5148,1547350,1530975,0.3,0.00,1.01,0.00,4.02,0.00,0.00,0.00,3960.0,95830.0,91392.0,0.0,0.0,0.5,0.0,81.349,0.000,0.0,686551.0
2026-08-31T19:48:02,0.3,5153,1547350,1530970,0.3,0.00,1.57,0.00,6.26,0.00,0.00,0.00,3960.0,95830.0,91392.0,0.0,0.0,0.5,0.0,81.351,0.000,0.0,671189.5
2026-08-31T19:48:03,0.2,5153,1547350,1530970,0.3,0.00,1.05,0.00,4.21,0.00,0.00,0.00,3960.0,95830.0,91392.0,0.0,0.0,0.5,0.0,81.345,0.000,0.0,671189.5
2026-08-31T19:48:04,0.2,5154,1547350,1530969,0.3,0.00,1.01,0.00,4.04,0.00,0.00,0.00,3960.0,95830.0,91392.0,0.0,0.0,0.5,0.0,81.406,0.000,0.0,668890.5
2026-08-31T19:48:05,0.2,5153,1547350,1530970,0.3,0.00,0.56,0.00,2.23,0.00,1.00,0.00,3960.0,95830.0,91392.0,0.0,0.0,0.5,0.0,81.448,0.000,0.0,671029.0
2026-08-31T19:48:07,0.2,5153,1547350,1530971,0.3,0.00,1.25,0.00,7.52,0.00,0.00,0.00,3960.0,95830.0,91392.0,0.0,0.0,0.5,0.0,81.380,0.000,0.0,659114.5
2026-08-31T19:48:08,0.2,5152,1547350,1530971,0.3,0.00,0.70,0.00,2.78,0.00,0.00,0.00,3960.0,95830.0,91392.0,0.0,0.0,0.5,0.0,81.443,0.000,0.0,645231.5
2026-08-31T19:48:11,0.2,5153,1547350,1530971,0.3,0.00,0.45,0.00,1.81,0.00,0.00,0.00,3960.0,95830.0,91392.0,0.0,0.0,0.5,0.0,81.404,0.000,0.0,645231.5
2026-08-31T19:48:11,0.3,5149,1547350,1530975,0.3,0.00,1.24,0.00,4.94,0.00,0.00,0.00,3960.0,95830.0,91392.0,0.0,0.0,0.5,0.0,81.452,0.000,0.0,687057.0
2026-08-31T19:48:13,0.2,5149,1547350,1530974,0.3,0.00,0.84,0.00,3.35,0.00,0.00,0.00,3960.0,95830.0,91392.0,0.0,0.0,0.5,0.0,81.425,0.000,0.0,713427.0
2026-08-31T19:48:14,0.2,5149,1547350,1530974,0.3,0.00,0.64,0.00,2.56,0.00,0.00,0.00,3960.0,95830.0,91392.0,0.0,0.0,0.5,0.0,81.415,0.000,0.0,659781.5
2026-08-31T19:48:16,0.2,5149,1547350,1530975,0.3,0.00,0.78,0.00,3.13,0.00,0.00,0.00,3960.0,95830.0,91392.0,0.0,0.0,0.5,0.0,81.475,0.000,0.0,664851.5
2026-08-31T19:48:17,0.2,5149,1547350,1530974,0.3,0.00,0.83,0.00,3.31,0.00,0.00,0.00,3960.0,95830.0,91392.0,0.0,0.0,0.5,0.0,81.486,0.000,0.0,664851.5
2026-08-31T19:48:18,0.2,5151,1547350,1530973,0.3,0.00,0.94,0.00,3.77,0.00,0.00,0.00,3960.0,95830.0,91392.0,0.0,0.0,0.5,0.0,81.501,0.000,0.0,686926.5
2026-08-31T19:48:19,0.2,5151,1547350,1530972,0.3,0.00,1.03,0.00,4.14,0.00,0.00,0.00,3960.0,95830.0,91392.0,0.0,0.0,0.5,0.0,81.500,0.000,0.0,686926.5
2026-08-31T19:48:20,0.2,5152,1547350,1530972,0.3,0.00,1.17,0.00,4.68,0.00,0.00,0.00,3960.0,95830.0,91392.0,0.0,0.0,0.5,0.0,81.512,0.000,0.0,734890.0
2026-08-31T19:48:20,0.2,5152,1547350,1530971,0.3,0.00,1.49,0.00,5.96,0.00,0.00,0.00,3960.0,95830.0,91392.0,0.0,0.0,0.5,0.0,81.501,0.000,0.0,665987.0
2026-08-31T19:48:22,0.2,5153,1547350,1530970,0.3,0.00,2.25,0.00,9.00,0.00,0.00,0.00,3960.0,95830.0,91392.0,0.0,0.0,0.5,0.0,81.501,0.000,0.0,697639.0
2026-08-31T19:48:23,0.2,5154,1547350,1530970,0.3,0.00,0.73,0.00,2.93,0.00,0.00,0.00,3960.0,95830.0,91392.0,0.0,0.0,0.5,0.0,81.496,0.000,0.0,660515.5
2026-08-31T19:48:25,0.2,5153,1547350,1530970,0.3,0.00,0.62,0.00,2.50,0.00,0.00,0.00,3960.0,95830.0,91392.0,0.0,0.0,0.5,0.0,81.518,0.000,0.0,709504.0
2026-08-31T19:48:26,0.2,5153,1547350,1530970,0.3,0.00,0.74,0.00,2.95,0.00,0.00,0.00,3960.0,95830.0,91392.0,0.0,0.0,0.5,0.0,81.492,0.000,0.0,709504.0
2026-08-31T19:48:27,0.2,5153,1547350,1530970,0.3,0.00,1.32,0.00,5.29,0.00,1.00,0.00,3960.0,95830.0,91392.0,0.0,0.0,0.5,0.0,81.534,0.000,0.0,678802.5
2026-08-31T19:48:28,0.2,5154,1547350,1530969,0.3,0.00,1.82,0.00,17.03,0.00,0.00,0.00,3960.0,95830.0,91392.0,0.0,0.0,0.5,0.0,81.565,0.000,0.0,650317.0
2026-08-31T19:48:30,0.2,5154,1547350,1530970,0.3,0.00,0.58,0.00,2.31,0.00,0.00,0.00,3960.0,95830.0,91392.0,0.0,0.0,0.5,0.0,81.513,0.000,0.0,655264.0
2026-08-31T19:48:32,0.2,5155,1547350,1530969,0.3,0.00,3.07,0.00,12.29,0.00,0.00,0.00,3960.0,95830.0,91392.0,0.0,0.0,0.5,0.0,81.558,0.000,0.0,658725.0
2026-08-31T19:48:33,0.2,5154,1547350,1530969,0.3,0.00,0.59,0.00,2.35,0.00,0.00,0.00,3960.0,95830.0,91392.0,0.0,0.0,0.5,0.0,81.532,0.000,0.0,658725.0
2026-08-31T19:48:34,0.2,5155,1547350,1530969,0.3,0.00,1.01,0.00,4.04,0.00,0.00,0.00,3960.0,95830.0,91392.0,0.0,0.0,0.5,0.0,81.508,0.000,0.0,668061.0
2026-08-31T19:48:35,0.2,5155,1547350,1530969,0.3,0.00,0.97,0.00,3.86,0.00,0.00,0.00,3960.0,95830.0,91392.0,0.0,0.0,0.5,0.0,81.558,0.000,0.0,668061.0
2026-08-31T19:48:36,0.2,5154,1547350,1530969,0.3,0.00,1.72,0.00,6.86,0.00,0.00,0.00,3960.0,95830.0,91392.0,0.0,0.0,0.5,0.0,81.524,0.000,0.0,723088.0
2026-08-31T19:48:37,0.2,5154,1547350,1530969,0.3,0.00,2.22,0.00,8.89,0.00,0.00,0.00,3960.0,95830.0,91392.0,0.0,0.0,0.5,0.0,81.585,0.000,0.0,663629.0
2026-08-31T19:48:39,0.2,5154,1547350,1530969,0.3,0.00,0.59,0.00,2.36,0.00,0.00,0.00,3960.0,95830.0,91392.0,0.0,0.0,0.5,0.0,81.579,0.000,0.0,654315.5
2026-08-31T19:48:40,0.2,5154,1547350,1530969,0.3,0.00,0.60,0.00,2.41,0.00,0.00,0.00,3960.0,95830.0,91392.0,0.0,0.0,0.5,0.0,81.603,0.000,0.0,653416.0
2026-08-31T19:48:42,0.2,5155,1547350,1530969,0.3,0.00,0.63,0.00,2.52,0.00,0.00,0.00,3960.0,95830.0,91392.0,0.0,0.0,0.5,0.0,81.575,0.000,0.0,675916.0
2026-08-31T19:48:43,0.2,5156,1547350,1530968,0.3,0.00,1.61,0.00,6.45,0.00,0.50,0.08,3960.0,95830.0,91392.0,0.0,0.0,0.5,0.0,81.572,0.000,0.0,639564.5
2026-08-31T19:48:45,0.1,5156,1547350,1530967,0.3,0.00,0.42,0.00,1.68,0.00,0.00,0.00,3960.0,95830.0,91392.0,0.0,0.0,0.5,0.0,81.567,0.000,0.0,655089.0
2026-08-31T19:48:47,0.3,5155,1547350,1530968,0.3,0.00,0.72,0.00,2.88,0.00,0.00,0.00,3960.0,95830.0,91392.0,0.0,0.0,0.5,0.0,81.582,0.000,0.0,655089.0
2026-08-31T19:48:47,0.2,5156,1547350,1530968,0.3,0.00,1.65,0.00,6.59,0.00,0.00,0.00,3960.0,95830.0,91392.0,0.0,0.0,0.5,0.0,81.583,0.000,0.0,759290.5
2026-08-31T19:48:48,0.2,5156,1547350,1530968,0.3,0.00,1.63,0.00,6.51,0.00,0.00,0.00,3960.0,95830.0,91392.0,0.0,0.0,0.5,0.0,81.552,0.000,0.0,672203.5
2026-08-31T19:48:49,0.2,5156,1547350,1530967,0.3,0.00,0.87,0.00,3.48,0.00,0.00,0.00,3978.0,95830.0,91373.0,0.0,0.5,0.5,3.0,82.300,0.001,0.0,6022120.5
2026-08-31T19:48:51,0.6,4593,1547350,1531564,0.3,0.00,0.61,0.00,2.44,0.00,0.00,0.00,4.0,95830.0,95347.0,0.0,0.0,0.5,0.0,83.023,0.001,0.0,4176254.0
2026-08-31T19:48:53,0.2,4594,1547350,1531563,0.3,0.00,0.55,0.00,2.18,0.00,0.00,0.00,4.0,95830.0,95347.0,0.0,0.0,0.5,0.0,65.905,0.000,0.0,652597.5
2026-08-31T19:48:54,0.2,4593,1547350,1531565,0.3,0.00,0.71,0.00,2.86,0.00,0.00,0.00,4.0,95830.0,95347.0,0.0,0.0,0.5,0.0,65.892,0.000,0.0,652597.5
2026-08-31T19:48:55,0.2,4593,1547350,1531564,0.3,0.00,1.23,0.00,4.91,0.00,0.00,0.00,4.0,95830.0,95347.0,0.0,0.0,0.5,0.0,65.836,0.000,0.0,686829.0
2026-08-31T19:48:57,0.2,4594,1547350,1531564,0.3,0.00,0.55,0.00,2.19,0.00,0.00,0.00,4.0,95830.0,95347.0,0.0,0.0,0.5,0.0,65.795,0.000,0.0,650618.5
2026-08-31T19:48:59,0.2,4594,1547350,1531564,0.3,0.00,7.81,0.00,54.41,0.00,0.07,0.00,4.0,95830.0,95347.0,0.0,0.0,0.5,0.0,65.796,0.000,0.0,662443.5
2026-08-31T19:49:00,0.2,4595,1547350,1531563,0.3,0.00,0.79,0.00,3.14,0.00,0.00,0.00,4.0,95830.0,95347.0,0.0,0.0,0.5,0.0,65.745,0.000,0.0,654350.5
2026-08-31T19:49:02,0.3,4606,1547350,1531552,0.3,0.00,0.57,0.00,2.29,0.00,0.00,0.00,4.0,95830.0,95347.0,0.0,0.0,0.5,0.0,65.719,0.000,0.0,654350.5
2026-08-31T19:49:03,0.2,4607,1547350,1531551,0.3,0.00,0.98,0.00,3.91,0.00,0.00,0.00,4.0,95830.0,95347.0,0.0,0.0,0.5,0.0,65.696,0.000,0.0,679305.5
2026-08-31T19:49:04,0.2,4606,1547350,1531551,0.3,0.00,0.81,0.00,3.24,0.00,0.00,0.00,4.0,95830.0,95347.0,0.0,0.0,0.5,0.0,65.692,0.000,0.0,766571.5
2026-08-31T19:49:05,0.2,4608,1547350,1531550,0.3,0.00,0.84,0.00,3.38,0.00,0.00,0.00,4.0,95830.0,95347.0,0.0,0.0,0.5,0.0,65.657,0.000,0.0,677055.0
2026-08-31T19:49:06,0.2,4607,1547350,1531550,0.3,0.00,0.96,0.00,3.85,0.00,0.00,0.00,4.0,95830.0,95347.0,0.0,0.0,0.5,0.0,65.665,0.000,0.0,652521.5
2026-08-31T19:49:08,0.2,4608,1547350,1531549,0.3,0.00,1.09,0.00,6.57,0.00,0.00,0.00,4.0,95830.0,95347.0,0.0,0.0,0.5,0.0,65.677,0.000,0.0,654601.0
2026-08-31T19:49:10,0.2,4608,1547350,1531549,0.3,0.00,0.57,0.00,2.29,0.00,0.00,0.06,4.0,95830.0,95347.0,0.0,0.0,0.5,0.0,65.684,0.000,0.0,653101.5
2026-08-31T19:49:12,0.2,4607,1547350,1531550,0.3,0.00,0.49,0.00,1.97,0.00,1.00,0.00,4.0,95830.0,95347.0,0.0,0.0,0.5,0.0,65.660,0.000,0.0,657526.5
2026-08-31T19:49:13,0.2,4607,1547350,1531550,0.3,0.00,0.78,0.00,3.12,0.00,0.00,0.00,4.0,95830.0,95347.0,0.0,0.0,0.5,0.0,65.655,0.000,0.0,644226.0
2026-08-31T19:49:15,0.2,4608,1547350,1531550,0.3,0.00,0.45,0.00,1.81,0.00,0.00,0.00,4.0,95830.0,95347.0,0.0,0.0,0.5,0.0,65.653,0.000,0.0,644226.0
2026-08-31T19:49:16,0.2,4608,1547350,1531550,0.3,0.00,2.03,0.00,8.13,0.00,0.00,0.00,4.0,95830.0,95347.0,0.0,0.0,0.5,0.0,65.644,0.000,0.0,761213.5
2026-08-31T19:49:16,0.2,4608,1547350,1531550,0.3,0.00,1.19,0.00,4.77,0.00,0.00,0.00,4.0,95830.0,95347.0,0.0,0.0,0.5,0.0,65.615,0.000,0.0,658069.5
2026-08-31T19:49:18,0.2,4609,1547350,1531549,0.3,0.00,0.66,0.00,2.66,0.00,0.00,0.00,4.0,95830.0,95347.0,0.0,0.0,0.5,0.0,65.596,0.000,0.0,673678.5
2026-08-31T19:49:19,0.2,4610,1547350,1531548,0.3,0.00,0.76,0.00,3.06,0.00,0.00,0.00,4.0,95830.0,95347.0,0.0,0.0,0.5,0.0,65.565,0.000,0.0,673678.5
2026-08-31T19:49:20,0.2,4610,1547350,1531548,0.3,0.00,1.86,0.00,7.45,0.00,0.00,0.00,4.0,95830.0,95347.0,0.0,0.0,0.5,0.0,65.512,0.000,0.0,694239.0
2026-08-31T19:49:21,0.2,4610,1547350,1531547,0.3,0.00,0.72,0.00,2.89,0.00,0.00,0.00,4.0,95830.0,95347.0,0.0,0.0,0.5,0.0,65.552,0.000,0.0,718395.5
2026-08-31T19:49:23,0.2,4610,1547350,1531548,0.3,0.00,0.60,0.00,2.40,0.00,0.00,0.00,4.0,95830.0,95347.0,0.0,0.0,0.5,0.0,65.522,0.000,0.0,656143.5
2026-08-31T19:49:24,0.2,4610,1547350,1531547,0.3,0.00,0.66,0.00,2.63,0.00,0.00,0.00,4.0,95830.0,95347.0,0.0,0.0,0.5,0.0,65.499,0.000,0.0,656143.5
2026-08-31T19:49:25,0.2,4610,1547350,1531547,0.3,0.00,1.36,0.00,5.42,0.00,0.00,0.00,4.0,95830.0,95347.0,0.0,0.0,0.5,0.0,65.496,0.000,0.0,700431.5
2026-08-31T19:49:27,0.2,4611,1547350,1531547,0.3,0.00,0.57,0.00,2.28,0.00,0.00,0.00,4.0,95830.0,95347.0,0.0,0.0,0.5,0.0,65.474,0.000,0.0,655236.0
2026-08-31T19:49:28,0.2,4611,1547350,1531546,0.3,0.00,3.71,0.00,26.27,0.00,0.00,0.00,4.0,95830.0,95347.0,0.0,0.0,0.5,0.0,65.450,0.000,0.0,644833.0
2026-08-31T19:49:31,0.1,4612,1547350,1531545,0.3,0.00,0.45,0.00,1.79,0.00,0.00,0.00,4.0,95830.0,95347.0,0.0,0.0,0.5,0.0,65.452,0.000,0.0,644833.0
2026-08-31T19:49:31,0.2,4613,1547350,1531545,0.3,0.00,1.54,0.00,6.14,0.00,0.00,0.00,4.0,95830.0,95347.0,0.0,0.0,0.5,0.0,65.439,0.000,0.0,738451.0
2026-08-31T19:49:32,0.3,4616,1547350,1531541,0.3,0.00,1.83,0.00,7.31,0.00,1.00,0.00,4.0,95830.0,95347.0,0.0,0.0,0.5,0.0,65.426,0.000,0.0,692492.5
2026-08-31T19:49:33,0.2,4616,1547350,1531541,0.3,0.00,5.12,0.00,20.46,0.00,0.00,0.00,4.0,95830.0,95347.0,0.0,0.0,0.5,0.0,65.406,0.000,0.0,665180.5
2026-08-31T19:49:34,0.2,4617,1547350,1531540,0.3,0.00,0.83,0.00,3.34,0.00,0.00,0.00,4.0,95830.0,95347.0,0.0,0.0,0.5,0.0,65.425,0.000,0.0,665180.5
2026-08-31T19:49:35,0.2,4617,1547350,1531540,0.3,0.00,2.15,0.00,8.58,0.00,0.00,0.00,4.0,95830.0,95347.0,0.0,0.0,0.5,0.0,65.415,0.000,0.0,771197.0
2026-08-31T19:49:36,0.2,4617,1547350,1531540,0.3,0.00,1.24,0.00,4.97,0.00,0.00,0.00,4.0,95830.0,95347.0,0.0,0.0,0.5,0.0,65.421,0.000,0.0,640716.5
2026-08-31T19:49:37,0.2,4618,1547350,1531540,0.3,0.00,0.58,0.00,2.34,0.00,0.00,0.00,4.0,95830.0,95347.0,0.0,0.0,0.5,0.0,65.438,0.000,0.0,640716.5
2026-08-31T19:49:38,0.3,4618,1547350,1531540,0.3,0.00,1.44,0.00,5.76,0.00,0.00,0.00,4.0,95830.0,95347.0,0.0,0.0,0.5,0.0,65.406,0.000,0.0,745590.5
2026-08-31T19:49:39,0.2,4619,1547350,1531538,0.3,0.00,3.34,0.00,13.36,0.00,0.00,0.00,4.0,95830.0,95347.0,0.0,0.0,0.5,0.0,65.418,0.000,0.0,668779.0
2026-08-31T19:49:40,0.2,4618,1547350,1531539,0.3,0.00,0.64,0.00,2.57,0.00,1.00,0.00,4.0,95830.0,95347.0,0.0,0.0,0.5,0.0,65.410,0.000,0.0,691079.0
2026-08-31T19:49:41,0.2,4618,1547350,1531539,0.3,0.00,0.91,0.00,3.62,0.00,0.00,0.00,4.0,95830.0,95347.0,0.0,0.0,0.5,0.0,65.403,0.000,0.0,650773.0
2026-08-31T19:49:43,0.2,4619,1547350,1531538,0.3,0.00,0.57,0.00,2.28,0.00,0.00,0.00,4.0,95830.0,95347.0,0.0,0.0,0.5,0.0,65.422,0.000,0.0,650773.0
2026-08-31T19:49:44,0.2,4619,1547350,1531539,0.3,0.00,2.47,0.00,9.89,0.00,0.00,0.12,4.0,95830.0,95347.0,0.0,0.0,0.5,0.0,65.407,0.000,0.0,708046.0
2026-08-31T19:49:44,0.2,4619,1547350,1531538,0.3,0.00,1.44,0.00,5.76,0.00,0.00,0.00,4.0,95830.0,95347.0,0.0,0.0,0.5,0.0,65.397,0.000,0.0,708046.0
2026-08-31T19:49:45,0.3,4619,1547350,1531538,0.3,0.00,1.88,0.00,7.53,0.00,0.00,0.00,4.0,95830.0,95347.0,0.0,0.0,0.5,0.0,65.391,0.000,0.0,681062.0
2026-08-31T19:49:47,0.2,4618,1547350,1531539,0.3,0.00,0.55,0.00,2.21,0.00,0.00,0.00,4.0,95830.0,95347.0,0.0,0.0,0.5,0.0,65.370,0.000,0.0,681062.0
2026-08-31T19:49:48,0.2,4619,1547350,1531538,0.3,0.00,1.03,0.00,4.12,0.00,0.00,0.10,4.0,95830.0,95347.0,0.0,0.0,0.5,0.0,65.340,0.000,0.0,682872.0
2026-08-31T19:49:49,0.2,4621,1547350,1531537,0.3,0.00,0.62,0.00,2.46,0.00,0.00,0.00,4.0,95830.0,95347.0,0.0,0.0,0.5,0.0,65.340,0.000,0.0,657604.0
2026-08-31T19:49:51,0.2,4620,1547350,1531537,0.3,0.00,0.62,0.00,2.48,0.00,0.00,0.00,4.0,95830.0,95347.0,0.0,0.0,0.5,0.0,65.347,0.000,0.0,659014.5
2026-08-31T19:49:53,0.2,4621,1547350,1531536,0.3,0.00,0.56,0.00,2.22,0.00,0.00,0.00,4.0,95830.0,95347.0,0.0,0.0,0.5,0.0,65.300,0.000,0.0,657531.0
2026-08-31T19:49:54,0.2,4622,1547350,1531536,0.3,0.00,0.61,0.00,2.46,0.00,0.00,0.00,4.0,95830.0,95347.0,0.0,0.0,0.5,0.0,65.273,0.000,0.0,675718.5
2026-08-31T19:49:56,0.2,4622,1547350,1531535,0.3,0.00,0.83,0.00,3.32,0.00,0.00,0.00,4.0,95830.0,95347.0,0.0,0.0,0.5,0.0,65.249,0.000,0.0,654196.5
2026-08-31T19:49:57,0.2,4622,1547350,1531535,0.3,0.00,0.55,0.00,2.19,0.00,0.00,0.00,4.0,95830.0,95347.0,0.0,0.0,0.5,0.0,65.243,0.000,0.0,668734.5
2026-08-31T19:49:59,0.2,4622,1547350,1531535,0.3,0.00,6.67,0.00,48.33,0.00,0.12,0.08,4.0,95830.0,95347.0,0.0,0.0,0.5,0.0,65.232,0.000,0.0,688037.0
2026-08-31T19:50:00,0.2,4622,1547350,1531535,0.3,0.00,0.69,0.00,2.76,0.00,0.00,0.00,4.0,95830.0,95347.0,0.0,0.0,0.5,0.0,65.215,0.000,0.0,643632.0
2026-08-31T19:50:02,0.2,4628,1547350,1531529,0.3,0.00,0.45,0.00,1.81,0.00,0.00,0.00,4.0,95830.0,95347.0,0.0,0.0,0.5,0.0,65.193,0.000,0.0,644543.5
2026-08-31T19:50:04,0.2,4628,1547350,1531529,0.3,0.00,1.10,0.00,4.41,0.00,0.00,0.00,4.0,95830.0,95347.0,0.0,0.0,0.5,0.0,65.212,0.000,0.0,655361.0
2026-08-31T19:50:06,0.2,4628,1547350,1531529,0.3,0.00,0.50,0.00,2.00,0.00,0.00,0.00,4.0,95830.0,95347.0,0.0,0.0,0.5,0.0,65.166,0.000,0.0,652723.0
2026-08-31T19:50:08,0.2,4628,1547350,1531529,0.3,0.00,0.50,0.00,1.99,0.00,0.00,0.00,4.0,95830.0,95347.0,0.0,0.0,0.5,0.0,65.177,0.000,0.0,658241.5
2026-08-31T19:50:10,0.2,4628,1547350,1531529,0.3,0.00,1.50,0.00,5.99,0.00,0.00,0.00,4.0,95830.0,95347.0,0.0,0.0,0.5,0.0,65.192,0.000,0.0,657289.0
2026-08-31T19:50:12,0.2,4625,1547350,1531532,0.3,0.00,0.66,0.00,2.65,0.00,0.00,0.00,4.0,95830.0,95347.0,0.0,0.0,0.5,0.0,65.159,0.000,0.0,690254.0
2026-08-31T19:50:13,0.2,4627,1547350,1531531,0.3,0.00,0.73,0.00,2.91,0.00,0.00,0.00,4.0,95830.0,95347.0,0.0,0.0,0.5,0.0,65.173,0.000,0.0,662976.5
2026-08-31T19:50:14,0.2,4627,1547350,1531530,0.3,0.00,0.73,0.00,2.92,0.00,0.00,0.00,4.0,95830.0,95347.0,0.0,0.0,0.5,0.0,65.159,0.000,0.0,691023.0
2026-08-31T19:50:15,0.3,4626,1547350,1531531,0.3,0.00,0.95,0.00,3.81,0.00,0.00,0.00,4.0,95830.0,95347.0,0.0,0.0,0.5,0.0,65.150,0.000,0.0,691023.0
2026-08-31T19:50:16,0.2,4625,1547350,1531532,0.3,0.00,1.11,0.00,4.43,0.00,0.00,0.00,4.0,95830.0,95347.0,0.0,0.0,0.5,0.0,65.177,0.000,0.0,705239.0
2026-08-31T19:50:17,0.2,4625,1547350,1531532,0.3,0.00,1.02,0.00,4.08,0.00,0.00,0.00,4.0,95830.0,95347.0,0.0,0.0,0.5,0.0,65.157,0.000,0.0,705239.0
2026-08-31T19:50:18,0.2,4626,1547350,1531531,0.3,0.00,1.58,0.00,6.32,0.00,1.00,0.00,4.0,95830.0,95347.0,0.0,0.0,0.5,0.0,65.163,0.000,0.0,722991.5
2026-08-31T19:50:19,0.2,4627,1547350,1531530,0.3,0.00,0.86,0.00,3.45,0.00,0.00,0.00,4.0,95830.0,95347.0,0.0,0.0,0.5,0.0,65.141,0.000,0.0,661787.0
2026-08-31T19:50:20,0.2,4628,1547350,1531529,0.3,0.00,0.75,0.00,3.00,0.00,0.00,0.00,4.0,95830.0,95347.0,0.0,0.0,0.5,0.0,65.157,0.000,0.0,677459.5
2026-08-31T19:50:22,0.2,4627,1547350,1531530,0.3,0.00,0.85,0.00,3.40,0.00,0.00,0.00,4.0,95830.0,95347.0,0.0,0.0,0.5,0.0,65.150,0.000,0.0,807459.0
2026-08-31T19:50:23,0.2,4628,1547350,1531529,0.3,0.00,0.86,0.00,3.43,0.00,0.00,0.00,4.0,95830.0,95347.0,0.0,0.0,0.5,0.0,65.142,0.000,0.0,807459.0
2026-08-31T19:50:23,0.2,4629,1547350,1531528,0.3,0.00,2.26,0.00,9.05,0.00,0.00,0.00,4.0,95830.0,95347.0,0.0,0.0,0.5,0.0,65.140,0.000,0.0,807459.0
2026-08-31T19:50:24,0.2,4628,1547350,1531529,0.3,0.00,2.79,0.00,11.17,0.00,0.00,0.00,4.0,95830.0,95347.0,0.0,0.0,0.5,0.0,65.122,0.000,0.0,836362.0
2026-08-31T19:50:24,0.2,4629,1547350,1531528,0.3,0.00,1.74,0.00,6.96,0.00,0.00,0.00,4.0,95830.0,95347.0,0.0,0.0,0.5,0.0,65.132,0.000,0.0,683456.0
2026-08-31T19:50:26,0.2,4631,1547350,1531526,0.3,0.00,0.73,0.00,2.91,0.00,0.00,0.00,4.0,95830.0,95347.0,0.0,0.0,0.5,0.0,65.129,0.000,0.0,714620.0
2026-08-31T19:50:27,0.2,4632,1547350,1531525,0.3,0.00,0.83,0.00,3.34,0.00,0.00,0.00,4.0,95830.0,95347.0,0.0,0.0,0.5,0.0,65.099,0.000,0.0,714620.0
2026-08-31T19:50:28,0.2,4633,1547350,1531524,0.3,0.00,1.17,0.00,4.68,0.00,0.00,0.00,4.0,95830.0,95347.0,0.0,0.0,0.5,0.0,65.089,0.000,0.0,698509.5
2026-08-31T19:50:29,0.2,4634,1547350,1531523,0.3,0.00,1.81,0.00,15.79,0.00,0.00,0.00,4.0,95830.0,95347.0,0.0,0.0,0.5,0.0,65.088,0.000,0.0,698509.5
2026-08-31T19:50:30,0.2,4634,1547350,1531523,0.3,0.00,1.19,0.00,4.76,0.00,0.00,0.00,4.0,95830.0,95347.0,0.0,0.0,0.5,0.0,65.120,0.000,0.0,719664.5
2026-08-31T19:50:31,0.2,4634,1547350,1531523,0.3,0.00,0.85,0.00,3.38,0.00,0.00,0.00,4.0,95830.0,95347.0,0.0,0.0,0.5,0.0,65.087,0.000,0.0,657741.5
2026-08-31T19:50:32,0.2,4635,1547350,1531522,0.3,0.00,0.60,0.00,2.40,0.00,0.00,0.00,4.0,95830.0,95347.0,0.0,0.0,0.5,0.0,65.081,0.000,0.0,657555.5
2026-08-31T19:50:34,0.2,4639,1547350,1531518,0.3,0.00,0.60,0.00,2.39,0.00,0.00,0.00,4.0,95830.0,95347.0,0.0,0.0,0.5,0.0,65.056,0.000,0.0,658365.0
2026-08-31T19:50:36,0.2,4639,1547350,1531518,0.3,0.00,3.81,0.00,17.79,0.00,0.17,0.00,4.0,95830.0,95347.0,0.0,0.0,0.5,0.0,65.040,0.000,0.0,658365.0
2026-08-31T19:50:36,0.2,4640,1547350,1531517,0.3,0.00,2.29,0.00,9.15,0.00,0.00,0.00,4.0,95830.0,95347.0,0.0,0.0,0.5,0.0,65.043,0.000,0.0,695569.5
2026-08-31T19:50:38,0.2,4641,1547350,1531516,0.3,0.00,0.60,0.00,2.42,0.00,0.00,0.00,4.0,95830.0,95347.0,0.0,0.0,0.5,0.0,65.008,0.000,0.0,695569.5
2026-08-31T19:50:38,0.2,4641,1547350,1531516,0.3,0.00,1.36,0.00,5.46,0.00,0.00,0.00,4.0,95830.0,95347.0,0.0,0.0,0.5,0.0,65.022,0.000,0.0,699343.5
2026-08-31T19:50:40,0.2,4641,1547350,1531516,0.3,0.00,1.23,0.00,4.94,0.00,0.00,0.06,4.0,95830.0,95347.0,0.0,0.0,0.5,0.0,64.992,0.000,0.0,669298.5
2026-08-31T19:50:42,0.2,4641,1547350,1531516,0.3,0.00,0.64,0.00,2.56,0.00,0.00,0.00,4.0,95830.0,95347.0,0.0,0.0,0.5,0.0,64.971,0.000,0.0,651867.0
2026-08-31T19:50:43,0.2,4642,1547350,1531515,0.3,0.00,0.55,0.00,2.18,0.00,0.00,0.00,4.0,95830.0,95347.0,0.0,0.0,0.5,0.0,64.977,0.000,0.0,658520.5
2026-08-31T19:50:45,0.2,4643,1547350,1531514,0.3,0.00,0.72,0.00,2.88,0.00,0.00,0.00,4.0,95830.0,95347.0,0.0,0.0,0.5,0.0,64.966,0.000,0.0,658520.5
2026-08-31T19:50:46,0.2,4643,1547350,1531514,0.3,0.00,2.49,0.00,9.96,0.00,0.00,0.00,4.0,95830.0,95347.0,0.0,0.0,0.5,0.0,64.972,0.000,0.0,798843.0
2026-08-31T19:50:47,0.2,4644,1547350,1531513,0.3,0.00,1.18,0.00,4.72,0.00,0.00,0.00,4.0,95830.0,95347.0,0.0,0.0,0.5,0.0,64.933,0.000,0.0,655385.5
2026-08-31T19:50:48,0.2,4644,1547350,1531514,0.3,0.00,0.55,0.00,2.22,0.00,0.00,0.00,4.0,95830.0,95347.0,0.0,0.0,0.5,0.0,64.922,0.000,0.0,658176.0
2026-08-31T19:50:50,0.2,4646,1547350,1531511,0.3,0.00,0.54,0.00,2.17,0.00,0.00,0.00,4.0,95830.0,95347.0,0.0,0.0,0.5,0.0,64.929,0.000,0.0,676382.5
2026-08-31T19:50:51,0.2,4647,1547350,1531510,0.3,0.00,0.83,0.00,3.31,0.00,0.00,0.00,4.0,95830.0,95347.0,0.0,0.0,0.5,0.0,64.927,0.000,0.0,676382.5
2026-08-31T19:50:53,0.2,4648,1547350,1531509,0.3,0.00,0.81,0.00,3.24,0.00,0.00,0.00,4.0,95830.0,95347.0,0.0,0.0,0.5,0.0,64.912,0.000,0.0,704315.0
2026-08-31T19:50:54,0.2,4649,1547350,1531508,0.3,0.00,1.02,0.00,4.06,0.00,0.00,0.00,4.0,95830.0,95347.0,0.0,0.0,0.5,0.0,64.928,0.000,0.0,668588.5
2026-08-31T19:50:55,0.2,4649,1547350,1531509,0.3,0.00,0.62,0.00,2.49,0.00,0.00,0.00,4.0,95830.0,95347.0,0.0,0.0,0.5,0.0,64.901,0.000,0.0,695149.0
2026-08-31T19:50:56,0.3,4720,1547350,1531437,0.3,0.00,1.38,0.00,5.52,0.00,0.00,0.00,4.0,95830.0,95347.0,0.0,0.0,0.5,0.0,64.910,0.000,0.0,695149.0
2026-08-31T19:50:57,0.2,4725,1547350,1531432,0.3,0.00,1.12,0.00,4.46,0.00,1.00,0.00,4.0,95830.0,95347.0,0.0,0.0,0.5,0.0,64.897,0.000,0.0,717655.5
2026-08-31T19:50:58,0.2,4730,1547350,1531427,0.3,0.00,0.84,0.00,3.36,0.00,0.00,0.00,4.0,95830.0,95347.0,0.0,0.0,0.5,0.0,64.905,0.000,0.0,717655.5
2026-08-31T19:50:59,0.3,4737,1547350,1531420,0.3,0.00,10.90,0.00,89.56,0.00,0.00,0.00,4.0,95830.0,95347.0,0.0,0.0,0.5,0.0,64.893,0.000,0.0,689768.5
2026-08-31T19:51:00,0.2,4737,1547350,1531420,0.3,0.00,0.83,0.00,3.31,0.00,0.00,0.00,4.0,95830.0,95347.0,0.0,0.0,0.5,0.0,64.894,0.000,0.0,655480.5
2026-08-31T19:51:01,0.3,4823,1547350,1531335,0.3,0.00,0.64,0.00,2.57,0.00,0.00,0.00,4.0,95830.0,95347.0,0.0,0.0,0.5,0.0,64.913,0.000,0.0,676818.0
2026-08-31T19:51:03,0.3,4825,1547350,1531332,0.3,0.00,0.81,0.00,3.22,0.00,0.00,0.00,4.0,95830.0,95347.0,0.0,0.0,0.5,0.0,64.904,0.000,0.0,660847.5
2026-08-31T19:51:04,0.2,4827,1547350,1531331,0.3,0.00,0.56,0.00,2.23,0.00,0.00,0.00,4.0,95830.0,95347.0,0.0,0.0,0.5,0.0,64.899,0.000,0.0,648859.0
2026-08-31T19:51:06,0.2,4827,1547350,1531331,0.3,0.00,1.01,0.00,4.03,0.00,0.00,0.00,4.0,95830.0,95347.0,0.0,0.0,0.5,0.0,64.913,0.000,0.0,648859.0
2026-08-31T19:51:07,0.3,4830,1547350,1531328,0.3,0.00,2.14,0.00,8.57,0.00,0.00,0.00,4.0,95830.0,95347.0,0.0,0.0,0.5,0.0,64.897,0.000,0.0,699355.0
2026-08-31T19:51:09,0.2,4831,1547350,1531326,0.3,0.00,0.50,0.00,2.00,0.00,0.00,0.05,4.0,95830.0,95347.0,0.0,0.0,0.5,0.0,64.884,0.000,0.0,649050.5
2026-08-31T19:51:11,0.2,4830,1547350,1531327,0.3,0.00,1.23,0.00,7.40,0.00,0.50,0.00,4.0,95830.0,95347.0,0.0,0.0,0.5,0.0,64.891,0.000,0.0,664522.5
2026-08-31T19:51:12,0.2,4827,1547350,1531330,0.3,0.00,0.71,0.00,2.84,0.00,0.00,0.07,4.0,95830.0,95347.0,0.0,0.0,0.5,0.0,64.881,0.000,0.0,647603.5
2026-08-31T19:51:14,0.2,4828,1547350,1531329,0.3,0.00,0.49,0.00,1.95,0.00,0.00,0.00,4.0,95830.0,95347.0,0.0,0.0,0.5,0.0,64.885,0.000,0.0,659754.5
2026-08-31T19:51:16,0.2,4829,1547350,1531328,0.3,0.00,0.64,0.00,2.58,0.00,0.00,0.00,4.0,95830.0,95347.0,0.0,0.0,0.5,0.0,64.874,0.000,0.0,655712.0
2026-08-31T19:51:17,0.2,4830,1547350,1531327,0.3,0.00,0.57,0.00,2.27,0.00,0.00,0.00,4.0,95830.0,95347.0,0.0,0.0,0.5,0.0,64.880,0.000,0.0,656558.0
2026-08-31T19:51:19,0.2,4831,1547350,1531326,0.3,0.00,0.61,0.00,2.43,0.00,0.00,0.00,4.0,95830.0,95347.0,0.0,0.0,0.5,0.0,64.876,0.000,0.0,695064.5
2026-08-31T19:51:20,0.2,4831,1547350,1531326,0.3,0.00,0.65,0.00,2.61,0.00,0.00,0.00,4.0,95830.0,95347.0,0.0,0.0,0.5,0.0,64.876,0.000,0.0,695064.5
2026-08-31T19:51:21,0.2,4832,1547350,1531325,0.3,0.00,2.54,0.00,10.18,0.00,0.00,0.00,4.0,95830.0,95347.0,0.0,0.0,0.5,0.0,64.885,0.000,0.0,701778.5
2026-08-31T19:51:22,0.2,4831,1547350,1531326,0.3,0.00,0.68,0.00,2.70,0.00,0.00,0.00,4.0,95830.0,95347.0,0.0,0.0,0.5,0.0,64.847,0.000,0.0,822952.5
2026-08-31T19:51:24,0.2,4832,1547350,1531325,0.3,0.00,0.80,0.00,3.20,0.00,0.00,0.00,4.0,95830.0,95347.0,0.0,0.0,0.5,0.0,64.823,0.000,0.0,694664.5
2026-08-31T19:51:25,0.2,4833,1547350,1531325,0.3,0.00,0.92,0.00,3.67,0.00,0.00,0.00,4.0,95830.0,95347.0,0.0,0.0,0.5,0.0,64.850,0.000,0.0,694664.5
2026-08-31T19:51:25,0.2,4833,1547350,1531324,0.3,0.00,1.52,0.00,6.08,0.00,0.00,0.00,4.0,95830.0,95347.0,0.0,0.0,0.5,0.0,64.864,0.000,0.0,732578.0
2026-08-31T19:51:26,0.3,4833,1547350,1531324,0.3,0.00,1.77,0.00,7.07,0.00,0.00,0.00,4.0,95830.0,95347.0,0.0,0.0,0.5,0.0,64.877,0.000,0.0,766319.5
2026-08-31T19:51:27,0.2,4833,1547350,1531324,0.3,0.00,0.70,0.00,2.80,0.00,0.00,0.00,4.0,95830.0,95347.0,0.0,0.0,0.5,0.0,64.887,0.000,0.0,653156.0
2026-08-31T19:51:29,0.2,4834,1547350,1531323,0.3,0.00,0.59,0.00,2.35,0.00,0.00,0.00,4.0,95830.0,95347.0,0.0,0.0,0.5,0.0,64.922,0.000,0.0,653156.0
2026-08-31T19:51:30,0.2,4835,1547350,1531322,0.3,0.00,3.60,0.00,25.81,0.00,0.00,0.00,4.0,95830.0,95347.0,0.0,0.0,0.5,0.0,64.904,0.000,0.0,679993.0
2026-08-31T19:51:31,0.2,4835,1547350,1531322,0.3,0.00,2.00,0.00,7.99,0.00,0.00,0.00,4.0,95830.0,95347.0,0.0,0.0,0.5,0.0,64.895,0.000,0.0,660641.5
2026-08-31T19:51:33,0.2,4836,1547350,1531321,0.3,0.00,0.65,0.00,2.61,0.00,1.00,0.00,4.0,95830.0,95347.0,0.0,0.0,0.5,0.0,64.899,0.000,0.0,660641.5
2026-08-31T19:51:34,0.2,4835,1547350,1531322,0.3,0.00,1.50,0.00,6.00,0.00,0.00,0.00,4.0,95830.0,95347.0,0.0,0.0,0.5,0.0,64.900,0.000,0.0,683665.5
2026-08-31T19:51:35,0.2,4837,1547350,1531320,0.3,0.00,0.67,0.00,2.67,0.00,0.00,0.00,4.0,95830.0,95347.0,0.0,0.0,0.5,0.0,64.913,0.000,0.0,683665.5
2026-08-31T19:51:36,0.2,4836,1547350,1531321,0.3,0.00,1.41,0.00,5.66,0.00,0.00,0.00,4.0,95830.0,95347.0,0.0,0.0,0.5,0.0,64.883,0.000,0.0,746759.5
2026-08-31T19:51:36,0.2,4837,1547350,1531320,0.3,0.00,6.58,0.00,26.32,0.00,0.00,0.00,4.0,95830.0,95347.0,0.0,0.0,0.5,0.0,64.886,0.000,0.0,659753.5
2026-08-31T19:51:38,0.2,4838,1547350,1531319,0.3,0.00,0.72,0.00,2.89,0.00,0.00,0.00,4.0,95830.0,95347.0,0.0,0.0,0.5,0.0,64.881,0.000,0.0,659753.5
2026-08-31T19:51:38,0.2,4837,1547350,1531320,0.3,0.00,2.24,0.00,8.95,0.00,0.00,0.00,4.0,95830.0,95347.0,0.0,0.0,0.5,0.0,64.891,0.000,0.0,718205.0
2026-08-31T19:51:39,0.2,4838,1547350,1531319,0.3,0.00,0.84,0.00,3.35,0.00,0.00,0.00,4.0,95830.0,95347.0,0.0,0.0,0.5,0.0,64.879,0.000,0.0,692393.0
2026-08-31T19:51:40,0.2,4839,1547350,1531319,0.3,0.00,0.99,0.00,3.98,0.00,0.00,0.00,4.0,95830.0,95347.0,0.0,0.0,0.5,0.0,64.874,0.000,0.0,657968.0
2026-08-31T19:51:42,0.2,4838,1547350,1531319,0.3,0.00,1.21,0.00,4.84,0.00,0.00,0.00,4.0,95830.0,95347.0,0.0,0.0,0.5,0.0,64.878,0.000,0.0,657968.0
2026-08-31T19:51:43,0.2,4839,1547350,1531318,0.3,0.00,1.02,0.00,4.07,0.00,0.00,0.00,4.0,95830.0,95347.0,0.0,0.0,0.5,0.0,64.883,0.000,0.0,688935.5
2026-08-31T19:51:45,0.2,4839,1547350,1531319,0.3,0.00,0.50,0.00,2.02,0.00,0.00,0.00,4.0,95830.0,95347.0,0.0,0.0,0.5,0.0,64.878,0.000,0.0,704803.5
2026-08-31T19:51:47,0.2,4839,1547350,1531318,0.3,0.00,1.24,0.00,4.95,0.00,0.00,0.00,4.0,95830.0,95347.0,0.0,0.0,0.5,0.0,64.858,0.000,0.0,674068.0
2026-08-31T19:51:48,0.2,4839,1547350,1531318,0.3,0.00,0.97,0.00,3.88,0.00,0.00,0.00,4.0,95830.0,95347.0,0.0,0.0,0.5,0.0,64.870,0.000,0.0,704301.5
2026-08-31T19:51:50,0.2,4839,1547350,1531318,0.3,0.00,0.55,0.00,2.22,0.00,1.00,0.00,4.0,95830.0,95347.0,0.0,0.0,0.5,0.0,64.877,0.000,0.0,647635.5
2026-08-31T19:51:51,0.2,4839,1547350,1531318,0.3,0.00,0.56,0.00,2.23,0.00,0.00,0.00,4.0,95830.0,95347.0,0.0,0.0,0.5,0.0,64.882,0.000,0.0,647635.5
2026-08-31T19:51:52,0.2,4840,1547350,1531317,0.3,0.00,1.55,0.00,6.21,0.00,0.00,0.00,4.0,95830.0,95347.0,0.0,0.0,0.5,0.0,64.844,0.000,0.0,678539.5
2026-08-31T19:51:54,0.2,4839,1547350,1531318,0.3,0.00,0.56,0.00,2.25,0.00,0.00,0.00,4.0,95830.0,95347.0,0.0,0.0,0.5,0.0,64.859,0.000,0.0,647935.5
2026-08-31T19:51:56,0.2,4841,1547350,1531316,0.3,0.00,0.48,0.00,1.94,0.00,0.00,0.00,4.0,95830.0,95347.0,0.0,0.0,0.5,0.0,64.855,0.000,0.0,645093.5
2026-08-31T19:51:58,0.2,4843,1547350,1531314,0.3,0.00,0.50,0.00,2.01,0.00,0.00,0.00,4.0,95830.0,95347.0,0.0,0.0,0.5,0.0,64.823,0.000,0.0,649498.0
2026-08-31T19:52:00,0.2,4843,1547350,1531314,0.3,0.00,4.00,0.00,32.77,0.00,0.00,0.00,4.0,95830.0,95347.0,0.0,0.0,0.5,0.0,64.806,0.000,0.0,645940.0
2026-08-31T19:52:02,0.2,4847,1547350,1531310,0.3,0.00,0.49,0.00,1.96,0.00,0.00,0.00,4.0,95830.0,95347.0,0.0,0.0,0.5,0.0,64.817,0.000,0.0,670825.0
2026-08-31T19:52:04,0.2,4848,1547350,1531309,0.3,0.00,0.51,0.00,2.03,0.00,0.00,0.00,4.0,95830.0,95347.0,0.0,0.0,0.5,0.0,64.787,0.000,0.0,700983.0
2026-08-31T19:52:05,0.2,4847,1547350,1531310,0.3,0.00,0.95,0.00,3.79,0.00,0.00,0.00,4.0,95830.0,95347.0,0.0,0.0,0.5,0.0,64.814,0.000,0.0,655427.5
2026-08-31T19:52:07,0.2,4848,1547350,1531309,0.3,0.00,0.50,0.00,2.00,0.00,0.00,0.05,4.0,95830.0,95347.0,0.0,0.0,0.5,0.0,64.781,0.000,0.0,712827.5
2026-08-31T19:52:08,0.2,4849,1547350,1531309,0.3,0.00,2.52,0.00,10.08,0.00,0.50,0.13,4.0,95830.0,95347.0,0.0,0.0,0.5,0.0,64.787,0.000,0.0,654499.0
2026-08-31T19:52:10,0.2,4848,1547350,1531309,0.3,0.00,0.47,0.00,1.87,0.00,0.00,0.00,4.0,95830.0,95347.0,0.0,0.0,0.5,0.0,64.775,0.000,0.0,640493.5
2026-08-31T19:52:12,0.2,4846,1547350,1531311,0.3,0.00,0.48,0.00,1.90,0.00,0.00,0.00,4.0,95830.0,95347.0,0.0,0.0,0.5,0.0,64.757,0.000,0.0,651114.0
2026-08-31T19:52:14,0.2,4846,1547350,1531311,0.3,0.00,0.50,0.00,1.98,0.00,0.00,0.00,4.0,95830.0,95347.0,0.0,0.0,0.5,0.0,64.761,0.000,0.0,645342.0
2026-08-31T19:52:16,0.2,4847,1547350,1531310,0.3,0.00,0.45,0.00,1.81,0.00,0.00,0.00,4.0,95830.0,95347.0,0.0,0.0,0.5,0.0,64.757,0.000,0.0,643827.0
2026-08-31T19:52:18,0.2,4847,1547350,1531310,0.3,0.00,1.47,0.00,5.87,0.00,0.00,0.00,4.0,95830.0,95347.0,0.0,0.0,0.5,0.0,64.744,0.000,0.0,655143.0
2026-08-31T19:52:20,0.2,4847,1547350,1531310,0.3,0.00,0.66,0.00,2.64,0.00,0.00,0.00,4.0,95830.0,95347.0,0.0,0.0,0.5,0.0,64.718,0.000,0.0,655143.0
2026-08-31T19:52:20,0.3,4847,1547350,1531310,0.3,0.00,1.23,0.00,4.91,0.00,0.00,0.00,4.0,95830.0,95347.0,0.0,0.0,0.5,0.0,64.731,0.000,0.0,753427.5
2026-08-31T19:52:21,0.2,4849,1547350,1531308,0.3,0.00,1.35,0.00,5.40,0.00,0.00,0.00,4.0,95830.0,95347.0,0.0,0.0,0.5,0.0,64.718,0.000,0.0,663940.0
2026-08-31T19:52:23,0.2,4849,1547350,1531308,0.3,0.00,0.60,0.00,2.41,0.00,0.00,0.00,4.0,95830.0,95347.0,0.0,0.0,0.5,0.0,64.708,0.000,0.0,656595.0
2026-08-31T19:52:24,0.2,4848,1547350,1531309,0.3,0.00,0.65,0.00,2.61,0.00,0.00,0.00,4.0,95830.0,95347.0,0.0,0.0,0.5,0.0,64.719,0.000,0.0,691998.0
2026-08-31T19:52:25,0.2,4848,1547350,1531309,0.3,0.00,1.15,0.00,4.60,0.00,0.00,0.12,4.0,95830.0,95347.0,0.0,0.0,0.5,0.0,64.689,0.000,0.0,670180.0
2026-08-31T19:52:27,0.2,4849,1547350,1531308,0.3,0.00,0.62,0.00,2.48,0.00,0.00,0.00,4.0,95830.0,95347.0,0.0,0.0,0.5,0.0,64.705,0.000,0.0,665730.0
2026-08-31T19:52:28,0.2,4849,1547350,1531308,0.3,0.00,0.83,0.00,3.31,0.00,0.00,0.00,4.0,95830.0,95347.0,0.0,0.0,0.5,0.0,64.693,0.000,0.0,665730.0
2026-08-31T19:52:29,0.3,4850,1547350,1531308,0.3,0.00,2.36,0.00,9.46,0.00,0.00,0.00,4.0,95830.0,95347.0,0.0,0.0,0.5,0.0,64.701,0.000,0.0,733585.5
2026-08-31T19:52:30,0.2,4849,1547350,1531309,0.3,0.00,2.18,0.00,13.47,0.00,0.33,0.07,4.0,95830.0,95347.0,0.0,0.0,0.5,0.0,64.700,0.000,0.0,666243.5
2026-08-31T19:52:31,0.2,4848,1547350,1531309,0.3,0.00,0.63,0.00,2.51,0.00,0.00,0.00,4.0,95830.0,95347.0,0.0,0.0,0.5,0.0,64.674,0.000,0.0,657814.5
2026-08-31T19:52:33,0.2,4849,1547350,1531309,0.3,0.00,3.57,0.00,16.65,0.00,0.00,0.06,4.0,95830.0,95347.0,0.0,0.0,0.5,0.0,64.675,0.000,0.0,715010.5
2026-08-31T19:52:34,0.2,4849,1547350,1531308,0.3,0.00,1.26,0.00,5.05,0.00,0.00,0.00,4.0,95830.0,95347.0,0.0,0.0,0.5,0.0,64.668,0.000,0.0,715010.5
2026-08-31T19:52:34,0.3,4850,1547350,1531307,0.3,0.00,2.44,0.00,9.78,0.00,0.00,0.00,4.0,95830.0,95347.0,0.0,0.0,0.5,0.0,64.668,0.000,0.0,700750.5
2026-08-31T19:52:36,0.2,4850,1547350,1531307,0.3,0.00,0.55,0.00,2.19,0.00,0.00,0.00,4.0,95830.0,95347.0,0.0,0.0,0.5,0.0,64.672,0.000,0.0,691597.5
2026-08-31T19:52:37,0.2,4850,1547350,1531307,0.3,0.00,1.05,0.00,4.20,0.00,0.00,0.00,4.0,95830.0,95347.0,0.0,0.0,0.5,0.0,64.666,0.000,0.0,667616.0
2026-08-31T19:52:39,0.2,4849,1547350,1531308,0.3,0.00,0.61,0.00,2.45,0.00,0.00,0.00,4.0,95830.0,95347.0,0.0,0.0,0.5,0.0,64.678,0.000,0.0,660037.0
2026-08-31T19:52:41,0.2,4849,1547350,1531308,0.3,0.00,0.49,0.00,1.98,0.00,0.00,0.00,4.0,95830.0,95347.0,0.0,0.0,0.5,0.0,64.648,0.000,0.0,646475.5
2026-08-31T19:52:42,0.2,4851,1547350,1531306,0.3,0.00,0.62,0.00,2.49,0.00,0.00,0.00,4.0,95830.0,95347.0,0.0,0.0,0.5,0.0,64.650,0.000,0.0,692561.5
2026-08-31T19:52:43,0.2,4851,1547350,1531306,0.3,0.00,2.46,0.00,9.83,0.00,0.00,0.00,4.0,95830.0,95347.0,0.0,0.0,0.5,0.0,64.644,0.000,0.0,669953.0
2026-08-31T19:52:45,0.2,4852,1547350,1531305,0.3,0.00,0.56,0.00,2.23,0.00,1.00,0.00,4.0,95830.0,95347.0,0.0,0.0,0.5,0.0,64.663,0.000,0.0,651127.0
2026-08-31T19:52:47,0.2,4852,1547350,1531305,0.3,0.00,0.49,0.00,1.98,0.00,0.00,0.00,4.0,95830.0,95347.0,0.0,0.0,0.5,0.0,64.654,0.000,0.0,670393.5
2026-08-31T19:52:48,0.2,4853,1547350,1531305,0.3,0.00,1.70,0.00,6.80,0.00,0.00,0.00,4.0,95830.0,95347.0,0.0,0.0,0.5,0.0,64.644,0.000,0.0,692807.5
2026-08-31T19:52:49,0.2,4854,1547350,1531303,0.3,0.00,0.94,0.00,3.76,0.00,0.00,0.00,4.0,95830.0,95347.0,0.0,0.0,0.5,0.0,64.634,0.000,0.0,683716.0
2026-08-31T19:52:50,0.2,4854,1547350,1531304,0.3,0.00,0.98,0.00,3.90,0.00,0.00,0.00,4.0,95830.0,95347.0,0.0,0.0,0.5,0.0,64.644,0.000,0.0,653336.5
2026-08-31T19:52:52,0.2,4854,1547350,1531303,0.3,0.00,0.51,0.00,2.04,0.00,0.00,0.00,4.0,95830.0,95347.0,0.0,0.0,0.5,0.0,64.638,0.000,0.0,655932.5
2026-08-31T19:52:54,0.2,4855,1547350,1531302,0.3,0.00,0.55,0.00,2.18,0.00,0.00,0.00,4.0,95830.0,95347.0,0.0,0.0,0.5,0.0,64.630,0.000,0.0,651739.5
2026-08-31T19:52:56,0.2,4856,1547350,1531301,0.3,0.00,0.50,0.00,2.02,0.00,0.00,0.00,4.0,95830.0,95347.0,0.0,0.0,0.5,0.0,64.632,0.000,0.0,645186.0
2026-08-31T19:52:58,0.2,4855,1547350,1531302,0.3,0.00,0.48,0.00,1.92,0.00,0.00,0.00,4.0,95830.0,95347.0,0.0,0.0,0.5,0.0,64.642,0.000,0.0,705649.0
2026-08-31T19:52:59,0.2,4856,1547350,1531301,0.3,0.00,0.87,0.00,3.48,0.00,0.00,0.00,4.0,95830.0,95347.0,0.0,0.0,0.5,0.0,64.642,0.000,0.0,701112.0
2026-08-31T19:53:01,0.2,4865,1547350,1531292,0.3,0.00,4.32,0.00,36.11,0.00,0.00,0.00,4.0,95830.0,95347.0,0.0,0.0,0.5,0.0,64.649,0.000,0.0,665875.0
2026-08-31T19:53:03,0.3,4863,1547350,1531295,0.3,0.00,0.62,0.00,2.47,0.00,0.00,0.00,4.0,95830.0,95347.0,0.0,0.0,0.5,0.0,64.619,0.000,0.0,688141.5
2026-08-31T19:53:05,0.2,4862,1547350,1531295,0.3,0.00,0.49,0.00,1.95,0.00,0.00,0.00,4.0,95830.0,95347.0,0.0,0.0,0.5,0.0,64.633,0.000,0.0,678321.5
2026-08-31T19:53:07,0.2,4861,1547350,1531296,0.3,0.00,0.52,0.00,2.09,0.00,1.00,0.00,4.0,95830.0,95347.0,0.0,0.0,0.5,0.0,64.639,0.000,0.0,658515.5
2026-08-31T19:53:08,0.2,4861,1547350,1531296,0.3,0.00,1.20,0.00,4.78,0.00,0.00,0.00,4.0,95830.0,95347.0,0.0,0.0,0.5,0.0,64.632,0.000,0.0,663554.0
2026-08-31T19:53:10,0.2,4862,1547350,1531296,0.3,0.00,0.55,0.00,2.21,0.00,0.00,0.00,4.0,95830.0,95347.0,0.0,0.0,0.5,0.0,64.625,0.000,0.0,708663.0
2026-08-31T19:53:11,0.2,4859,1547350,1531298,0.3,0.00,0.87,0.00,3.46,0.00,0.00,0.00,4.0,95830.0,95347.0,0.0,0.0,0.5,0.0,64.671,0.000,0.0,643088.0
2026-08-31T19:53:13,0.2,4859,1547350,1531298,0.3,0.00,0.49,0.00,1.95,0.00,0.00,0.00,4.0,95830.0,95347.0,0.0,0.0,0.5,0.0,64.618,0.000,0.0,690983.5
2026-08-31T19:53:14,0.2,4859,1547350,1531298,0.3,0.00,1.29,0.00,5.16,0.00,0.00,0.00,4.0,95830.0,95347.0,0.0,0.0,0.5,0.0,64.634,0.000,0.0,653156.0
2026-08-31T19:53:16,0.2,4859,1547350,1531298,0.3,0.00,0.49,0.00,1.97,0.00,0.00,0.00,4.0,95830.0,95347.0,0.0,0.0,0.5,0.0,64.654,0.000,0.0,661507.5
2026-08-31T19:53:18,0.2,4859,1547350,1531298,0.3,0.00,0.50,0.00,1.99,0.00,0.00,0.00,4.0,95830.0,95347.0,0.0,0.0,0.5,0.0,64.643,0.000,0.0,636653.5
2026-08-31T19:53:20,0.2,4858,1547350,1531299,0.3,0.00,2.02,0.00,8.09,0.00,0.00,0.00,4.0,95830.0,95347.0,0.0,0.0,0.5,0.0,64.648,0.000,0.0,713146.5
2026-08-31T19:53:21,0.2,4859,1547350,1531298,0.3,0.00,0.54,0.00,2.16,0.00,0.00,0.00,4.0,95830.0,95347.0,0.0,0.0,0.5,0.0,64.649,0.000,0.0,657681.0
2026-08-31T19:53:23,0.2,4859,1547350,1531298,0.3,0.00,0.80,0.00,3.22,0.00,0.00,0.00,4.0,95830.0,95347.0,0.0,0.0,0.5,0.0,64.610,0.000,0.0,742844.0
2026-08-31T19:53:24,0.2,4859,1547350,1531298,0.3,0.00,0.63,0.00,2.52,0.00,0.00,0.06,4.0,95830.0,95347.0,0.0,0.0,0.5,0.0,64.628,0.000,0.0,656909.0
2026-08-31T19:53:26,0.2,4859,1547350,1531298,0.3,0.00,0.65,0.00,2.59,0.00,0.00,0.00,4.0,95830.0,95347.0,0.0,0.0,0.5,0.0,64.639,0.000,0.0,655888.5
2026-08-31T19:53:27,0.2,4858,1547350,1531299,0.3,0.00,0.61,0.00,2.44,0.00,0.00,0.00,4.0,95830.0,95347.0,0.0,0.0,0.5,0.0,64.624,0.000,0.0,660918.5
2026-08-31T19:53:29,0.2,4859,1547350,1531298,0.3,0.00,0.60,0.00,2.39,0.00,0.00,0.00,4.0,95830.0,95347.0,0.0,0.0,0.5,0.0,64.636,0.000,0.0,660918.5
2026-08-31T19:53:30,0.2,4859,1547350,1531298,0.3,0.00,10.19,0.00,50.93,0.00,0.17,0.00,4.0,95830.0,95347.0,0.0,0.0,0.5,0.0,64.612,0.000,0.0,695968.0
2026-08-31T19:53:31,0.2,4859,1547350,1531298,0.3,0.00,0.85,0.00,3.41,0.00,0.00,0.00,4.0,95830.0,95347.0,0.0,0.0,0.5,0.0,64.623,0.000,0.0,657398.5
2026-08-31T19:53:33,0.2,4861,1547350,1531296,0.3,0.00,0.56,0.00,2.22,0.00,0.00,0.00,4.0,95830.0,95347.0,0.0,0.0,0.5,0.0,64.632,0.000,0.0,660781.0
2026-08-31T19:53:34,0.2,4861,1547350,1531296,0.3,0.00,3.67,0.00,17.10,0.00,0.00,0.00,4.0,95830.0,95347.0,0.0,0.0,0.5,0.0,64.632,0.000,0.0,654657.5
2026-08-31T19:53:36,0.2,4862,1547350,1531295,0.3,0.00,0.64,0.00,2.55,0.00,0.00,0.00,4.0,95830.0,95347.0,0.0,0.0,0.5,0.0,64.626,0.000,0.0,647713.0
2026-08-31T19:53:38,0.2,4863,1547350,1531294,0.3,0.00,0.53,0.00,2.13,0.00,0.00,0.00,4.0,95830.0,95347.0,0.0,0.0,0.5,0.0,64.625,0.000,0.0,700764.0
2026-08-31T19:53:39,0.2,4862,1547350,1531295,0.3,0.00,1.20,0.00,4.80,0.00,0.00,0.00,4.0,95830.0,95347.0,0.0,0.0,0.5,0.0,64.626,0.000,0.0,657291.5
2026-08-31T19:53:40,0.2,4862,1547350,1531295,0.3,0.00,0.57,0.00,2.29,0.00,0.00,0.00,4.0,95830.0,95347.0,0.0,0.0,0.5,0.0,64.614,0.000,0.0,658175.5
2026-08-31T19:53:42,0.2,4862,1547350,1531295,0.3,0.00,0.54,0.00,2.15,0.00,0.00,0.00,4.0,95830.0,95347.0,0.0,0.0,0.5,0.0,64.639,0.000,0.0,677450.0
2026-08-31T19:53:43,0.2,4862,1547350,1531295,0.3,0.00,0.99,0.00,3.98,0.00,0.00,0.00,4.0,95830.0,95347.0,0.0,0.0,0.5,0.0,64.607,0.000,0.0,657549.0
2026-08-31T19:53:45,0.2,4862,1547350,1531295,0.3,0.00,1.16,0.00,4.64,0.00,0.50,0.00,4.0,95830.0,95347.0,0.0,0.0,0.5,0.0,64.617,0.000,0.0,691769.5
2026-08-31T19:53:47,0.3,4864,1547350,1531293,0.3,0.00,0.56,0.00,2.23,0.00,0.00,0.00,4.0,95830.0,95347.0,0.0,0.0,0.5,0.0,64.612,0.000,0.0,636775.5
2026-08-31T19:53:49,0.2,4864,1547350,1531293,0.3,0.00,0.42,0.00,1.67,0.00,0.00,0.00,4.0,95830.0,95347.0,0.0,0.0,0.5,0.0,64.618,0.000,0.0,705572.0
2026-08-31T19:53:51,0.2,4866,1547350,1531292,0.3,0.00,0.62,0.00,2.47,0.00,0.00,0.06,4.0,95830.0,95347.0,0.0,0.0,0.5,0.0,64.606,0.000,0.0,642762.5
2026-08-31T19:53:53,0.2,4866,1547350,1531291,0.3,0.00,0.45,0.00,1.80,0.00,0.00,0.00,4.0,95830.0,95347.0,0.0,0.0,0.5,0.0,64.600,0.000,0.0,653542.0
2026-08-31T19:53:54,0.2,4874,1547350,1531283,0.3,0.00,1.35,0.00,5.40,0.00,0.00,0.00,4.0,95830.0,95347.0,0.0,0.0,0.5,0.0,64.590,0.000,0.0,651825.0
2026-08-31T19:53:56,0.3,4883,1547350,1531274,0.3,0.00,0.49,0.00,1.97,0.00,0.00,0.00,4.0,95830.0,95347.0,0.0,0.0,0.5,0.0,64.587,0.000,0.0,662255.5
2026-08-31T19:53:58,0.2,4883,1547350,1531274,0.3,0.00,0.49,0.00,1.97,0.00,0.00,0.00,4.0,95830.0,95347.0,0.0,0.0,0.5,0.0,64.587,0.000,0.0,691867.0
2026-08-31T19:53:59,0.2,4883,1547350,1531274,0.3,0.00,1.14,0.00,4.58,0.00,0.00,0.00,4.0,95830.0,95347.0,0.0,0.0,0.5,0.0,64.590,0.000,0.0,685017.0
2026-08-31T19:54:01,0.3,4886,1547350,1531271,0.3,0.00,4.70,0.00,38.93,0.00,0.00,0.00,4.0,95830.0,95347.0,0.0,0.0,0.5,0.0,64.585,0.000,0.0,646359.5
2026-08-31T19:54:03,0.2,4886,1547350,1531271,0.3,0.00,0.48,0.00,1.93,0.00,0.00,0.00,4.0,95830.0,95347.0,0.0,0.0,0.5,0.0,64.513,0.000,0.0,646359.5
2026-08-31T19:54:04,0.2,4887,1547350,1531270,0.3,0.00,1.04,0.00,4.16,0.00,1.00,0.00,4.0,95830.0,95347.0,0.0,0.0,0.5,0.0,64.543,0.000,0.0,665135.0
2026-08-31T19:54:06,0.2,4887,1547350,1531270,0.3,0.00,0.50,0.00,2.02,0.00,0.00,0.00,4.0,95830.0,95347.0,0.0,0.0,0.5,0.0,64.558,0.000,0.0,643878.5
2026-08-31T19:54:08,0.2,4887,1547350,1531270,0.3,0.00,0.44,0.00,1.77,0.00,0.00,0.00,4.0,95830.0,95347.0,0.0,0.0,0.5,0.0,64.535,0.000,0.0,650829.5
2026-08-31T19:54:10,0.2,4887,1547350,1531270,0.3,0.00,1.12,0.00,4.48,0.00,0.00,0.00,4.0,95830.0,95347.0,0.0,0.0,0.5,0.0,64.558,0.000,0.0,654108.5
2026-08-31T19:54:12,0.2,4884,1547350,1531273,0.3,0.00,0.50,0.00,1.98,0.00,0.00,0.00,4.0,95830.0,95347.0,0.0,0.0,0.5,0.0,64.527,0.000,0.0,686966.5
2026-08-31T19:54:13,0.2,4883,1547350,1531274,0.3,0.00,0.98,0.00,3.93,0.00,0.00,0.00,4.0,95830.0,95347.0,0.0,0.0,0.5,0.0,64.511,0.000,0.0,648193.5
2026-08-31T19:54:15,0.2,4883,1547350,1531274,0.3,0.00,0.50,0.00,2.00,0.00,0.00,0.00,4.0,95830.0,95347.0,0.0,0.0,0.5,0.0,64.526,0.000,0.0,713094.0
2026-08-31T19:54:16,0.2,4882,1547350,1531275,0.3,0.00,0.81,0.00,3.23,0.00,0.00,0.08,4.0,95830.0,95347.0,0.0,0.0,0.5,0.0,64.540,0.000,0.0,637740.5
2026-08-31T19:54:18,0.2,4882,1547350,1531275,0.3,0.00,0.44,0.00,1.76,0.00,0.00,0.04,4.0,95830.0,95347.0,0.0,0.0,0.5,0.0,64.534,0.000,0.0,652790.0
2026-08-31T19:54:20,0.2,4884,1547350,1531273,0.3,0.00,0.51,0.00,2.03,0.00,0.00,0.00,4.0,95830.0,95347.0,0.0,0.0,0.5,0.0,64.490,0.000,0.0,664412.5
2026-08-31T19:54:22,0.2,4884,1547350,1531273,0.3,0.00,0.78,0.00,3.12,0.00,0.00,0.00,4.0,95830.0,95347.0,0.0,0.0,0.5,0.0,64.510,0.000,0.0,664412.5
2026-08-31T19:54:22,0.2,4885,1547350,1531272,0.3,0.00,1.25,0.00,5.01,0.00,0.00,0.00,4.0,95830.0,95347.0,0.0,0.0,0.5,0.0,64.508,0.000,0.0,717745.5
2026-08-31T19:54:23,0.2,4885,1547350,1531272,0.3,0.00,1.24,0.00,4.94,0.00,0.00,0.12,4.0,95830.0,95347.0,0.0,0.0,0.5,0.0,64.510,0.000,0.0,661384.0
2026-08-31T19:54:25,0.2,4885,1547350,1531272,0.3,0.00,0.67,0.00,2.70,0.00,0.00,0.00,4.0,95830.0,95347.0,0.0,0.0,0.5,0.0,64.517,0.000,0.0,661384.0
2026-08-31T19:54:25,0.2,4885,1547350,1531272,0.3,0.00,3.29,0.00,19.74,0.00,0.00,0.00,4.0,95830.0,95347.0,0.0,0.0,0.5,0.0,64.525,0.000,0.0,690826.0
2026-08-31T19:54:27,0.2,4886,1547350,1531271,0.3,0.00,0.63,0.00,2.53,0.00,0.00,0.00,4.0,95830.0,95347.0,0.0,0.0,0.5,0.0,64.492,0.000,0.0,644580.5
2026-08-31T19:54:29,0.2,4887,1547350,1531270,0.3,0.00,0.50,0.00,2.02,0.00,0.00,0.00,4.0,95830.0,95347.0,0.0,0.0,0.5,0.0,64.493,0.000,0.0,686706.0
2026-08-31T19:54:30,0.2,4887,1547350,1531270,0.3,0.00,0.99,0.00,3.95,0.00,1.00,0.00,4.0,95830.0,95347.0,0.0,0.0,0.5,0.0,64.497,0.000,0.0,686706.0
2026-08-31T19:54:31,0.2,4888,1547350,1531269,0.3,0.00,11.04,0.00,48.47,0.00,0.00,0.00,4.0,95830.0,95347.0,0.0,0.0,0.5,0.0,64.492,0.000,0.0,680438.5
2026-08-31T19:54:32,0.2,4888,1547350,1531269,0.3,0.00,0.63,0.00,2.53,0.00,0.00,0.00,4.0,95830.0,95347.0,0.0,0.0,0.5,0.0,64.476,0.000,0.0,741622.0
2026-08-31T19:54:33,0.2,4888,1547350,1531269,0.3,0.00,1.08,0.00,4.32,0.00,0.00,0.00,4.0,95830.0,95347.0,0.0,0.0,0.5,0.0,64.490,0.000,0.0,670484.5
2026-08-31T19:54:35,0.2,4888,1547350,1531269,0.3,0.00,0.80,0.00,3.21,0.00,0.00,0.00,4.0,95830.0,95347.0,0.0,0.0,0.5,0.0,64.460,0.000,0.0,644605.0
2026-08-31T19:54:36,0.2,4888,1547350,1531269,0.3,0.00,2.41,0.00,9.65,0.00,0.00,0.00,4.0,95830.0,95347.0,0.0,0.0,0.5,0.0,64.477,0.000,0.0,676482.5
2026-08-31T19:54:38,0.2,4889,1547350,1531268,0.3,0.00,0.72,0.00,2.86,0.00,0.00,0.00,4.0,95830.0,95347.0,0.0,0.0,0.5,0.0,64.465,0.000,0.0,676482.5
2026-08-31T19:54:38,0.2,4889,1547350,1531268,0.3,0.00,1.14,0.00,4.57,0.00,0.00,0.00,4.0,95830.0,95347.0,0.0,0.0,0.5,0.0,64.453,0.000,0.0,688530.5
2026-08-31T19:54:40,0.2,4890,1547350,1531267,0.3,0.00,0.57,0.00,2.28,0.00,0.00,0.00,4.0,95830.0,95347.0,0.0,0.0,0.5,0.0,64.430,0.000,0.0,662445.0
2026-08-31T19:54:41,0.2,4890,1547350,1531267,0.3,0.00,1.66,0.00,6.62,0.00,0.50,0.00,4.0,95830.0,95347.0,0.0,0.0,0.5,0.0,64.481,0.000,0.0,666830.0
2026-08-31T19:54:43,0.2,4890,1547350,1531267,0.3,0.00,0.62,0.00,2.46,0.00,0.00,0.00,4.0,95830.0,95347.0,0.0,0.0,0.5,0.0,64.462,0.000,0.0,643194.0
2026-08-31T19:54:45,0.2,4891,1547350,1531266,0.3,0.00,0.64,0.00,2.55,0.00,0.00,0.00,4.0,95830.0,95347.0,0.0,0.0,0.5,0.0,64.461,0.000,0.0,643194.0
2026-08-31T19:54:45,0.2,4890,1547350,1531267,0.3,0.00,1.32,0.00,5.28,0.00,0.00,0.00,4.0,95830.0,95347.0,0.0,0.0,0.5,0.0,64.474,0.000,0.0,784973.5
2026-08-31T19:54:46,0.3,4890,1547350,1531267,0.3,0.00,2.35,0.00,9.41,0.00,0.00,0.00,4.0,95830.0,95347.0,0.0,0.0,0.5,0.0,64.469,0.000,0.0,784973.5
2026-08-31T19:54:47,0.2,4890,1547350,1531267,0.3,0.00,1.25,0.00,5.00,0.00,0.00,0.00,4.0,95830.0,95347.0,0.0,0.0,0.5,0.0,64.457,0.000,0.0,649109.5
2026-08-31T19:54:51,0.2,4891,1547350,1531266,0.3,0.00,0.22,0.00,0.89,0.00,0.00,0.00,4.0,95830.0,95347.0,0.0,0.0,0.5,0.0,64.442,0.000,0.0,649109.5
2026-08-31T19:54:52,0.2,4891,1547350,1531267,0.3,0.00,1.00,0.00,3.99,0.00,0.00,0.00,4.0,95830.0,95347.0,0.0,0.0,0.5,0.0,64.428,0.000,0.0,685261.5
2026-08-31T19:54:53,0.2,4891,1547350,1531266,0.3,0.00,0.82,0.00,3.27,0.00,0.00,0.00,4.0,95830.0,95347.0,0.0,0.0,0.5,0.0,64.453,0.000,0.0,646335.0
2026-08-31T19:54:55,0.2,4891,1547350,1531266,0.3,0.00,0.50,0.00,1.99,0.00,0.00,0.00,4.0,95830.0,95347.0,0.0,0.0,0.5,0.0,64.431,0.000,0.0,666665.0
2026-08-31T19:54:57,0.2,4891,1547350,1531266,0.3,0.00,1.39,0.00,5.55,0.00,0.00,0.00,4.0,95830.0,95347.0,0.0,0.0,0.5,0.0,64.420,0.000,0.0,657919.5
2026-08-31T19:54:59,0.2,4891,1547350,1531266,0.3,0.00,0.52,0.00,2.09,0.00,0.00,0.00,4.0,95830.0,95347.0,0.0,0.0,0.5,0.0,64.426,0.000,0.0,692197.0
2026-08-31T19:54:59,0.2,4892,1547350,1531265,0.3,0.00,1.43,0.00,5.71,0.00,0.00,0.14,4.0,95830.0,95347.0,0.0,0.0,0.5,0.0,64.391,0.000,0.0,657510.0
2026-08-31T19:55:01,0.3,4897,1547350,1531260,0.3,0.00,1.69,0.00,12.13,0.00,0.00,0.00,4.0,95830.0,95347.0,0.0,0.0,0.5,0.0,64.423,0.000,0.0,665000.5
2026-08-31T19:55:04,0.2,4897,1547350,1531260,0.3,0.00,0.38,0.00,1.50,0.00,0.00,0.04,4.0,95830.0,95347.0,0.0,0.0,0.5,0.0,64.407,0.000,0.0,629201.5
2026-08-31T19:55:06,0.2,4897,1547350,1531260,0.3,0.00,0.54,0.00,2.17,0.00,0.00,0.00,4.0,95830.0,95347.0,0.0,0.0,0.5,0.0,64.412,0.000,0.0,693176.5
2026-08-31T19:55:07,0.2,4896,1547350,1531261,0.3,0.00,1.06,0.00,4.24,0.00,1.00,0.00,4.0,95830.0,95347.0,0.0,0.0,0.5,0.0,64.428,0.000,0.0,667733.0
2026-08-31T19:55:08,0.2,4896,1547350,1531261,0.3,0.00,0.62,0.00,2.48,0.00,0.00,0.00,4.0,95830.0,95347.0,0.0,0.0,0.5,0.0,64.413,0.000,0.0,651315.0
2026-08-31T19:55:10,0.2,4895,1547350,1531262,0.3,0.00,0.50,0.00,2.01,0.00,0.00,0.00,4.0,95830.0,95347.0,0.0,0.0,0.5,0.0,64.416,0.000,0.0,647327.0
2026-08-31T19:55:12,0.2,4892,1547350,1531265,0.3,0.00,1.21,0.00,4.85,0.00,0.00,0.00,4.0,95830.0,95347.0,0.0,0.0,0.5,0.0,64.419,0.000,0.0,623895.5
2026-08-31T19:55:17,0.2,4892,1547350,1531265,0.3,0.00,0.18,0.00,0.72,0.00,0.00,0.02,4.0,95830.0,95347.0,0.0,0.0,0.5,0.0,64.344,0.000,0.0,646119.5
2026-08-31T19:55:19,0.2,4892,1547350,1531265,0.3,0.00,0.49,0.00,1.95,0.00,0.00,0.00,4.0,95830.0,95347.0,0.0,0.0,0.5,0.0,64.403,0.000,0.0,659317.5
2026-08-31T19:55:21,0.2,4891,1547350,1531266,0.3,0.00,0.50,0.00,2.00,0.00,0.00,0.00,4.0,95830.0,95347.0,0.0,0.0,0.5,0.0,64.377,0.000,0.0,659317.5
2026-08-31T19:55:22,0.2,4892,1547350,1531265,0.3,0.00,1.26,0.00,5.04,0.00,0.00,0.00,4.0,95830.0,95347.0,0.0,0.0,0.5,0.0,64.344,0.000,0.0,723134.5
2026-08-31T19:55:24,0.2,4892,1547350,1531265,0.3,0.00,0.71,0.00,2.83,0.00,0.00,0.00,4.0,95830.0,95347.0,0.0,0.0,0.5,0.0,64.362,0.000,0.0,638387.5
2026-08-31T19:55:26,0.2,4893,1547350,1531264,0.3,0.00,0.53,0.00,2.11,0.00,0.00,0.00,4.0,95830.0,95347.0,0.0,0.0,0.5,0.0,64.382,0.000,0.0,725077.5
2026-08-31T19:55:27,0.2,4892,1547350,1531265,0.3,0.00,1.66,0.00,9.98,0.00,0.00,0.00,4.0,95830.0,95347.0,0.0,0.0,0.5,0.0,64.352,0.000,0.0,667350.0
2026-08-31T19:55:29,0.2,4891,1547350,1531266,0.3,0.00,0.55,0.00,2.21,0.00,0.00,0.00,4.0,95830.0,95347.0,0.0,0.0,0.5,0.0,64.373,0.000,0.0,667369.5
2026-08-31T19:55:30,0.2,4892,1547350,1531265,0.3,0.00,0.87,0.00,3.48,0.00,0.00,0.00,4.0,95830.0,95347.0,0.0,0.0,0.5,0.0,64.382,0.000,0.0,662687.0
2026-08-31T19:55:31,0.2,4892,1547350,1531265,0.3,0.00,9.66,0.00,101.05,0.00,0.08,0.08,4.0,95830.0,95347.0,0.0,0.0,0.5,0.0,64.350,0.000,0.0,690803.0
2026-08-31T19:55:32,0.2,4892,1547350,1531265,0.3,0.00,4.56,0.00,24.33,0.00,0.17,0.00,4.0,95830.0,95347.0,0.0,0.0,0.5,0.0,64.388,0.000,0.0,690803.0
2026-08-31T19:55:37,0.2,4892,1547350,1531265,0.3,0.00,0.20,0.00,0.80,0.00,0.00,0.00,4.0,95830.0,95347.0,0.0,0.0,0.5,0.0,64.380,0.000,0.0,629309.0
2026-08-31T19:55:38,0.2,4892,1547350,1531265,0.3,0.00,0.84,0.00,3.36,0.00,0.00,0.00,4.0,95830.0,95347.0,0.0,0.0,0.5,0.0,64.349,0.000,0.0,655987.5
2026-08-31T19:55:41,0.2,4892,1547350,1531265,0.3,0.00,0.50,0.00,1.99,0.00,0.00,0.00,4.0,95830.0,95347.0,0.0,0.0,0.5,0.0,64.355,0.000,0.0,704267.0
2026-08-31T19:55:41,0.2,4891,1547350,1531266,0.3,0.00,1.22,0.00,4.90,0.00,0.00,0.00,4.0,95830.0,95347.0,0.0,0.0,0.5,0.0,64.390,0.000,0.0,666801.0
2026-08-31T19:55:43,0.2,4892,1547350,1531265,0.3,0.00,0.98,0.00,3.90,0.00,0.00,0.00,4.0,95830.0,95347.0,0.0,0.0,0.5,0.0,64.368,0.000,0.0,636793.0
2026-08-31T19:55:46,0.2,4892,1547350,1531265,0.3,0.00,0.46,0.00,1.84,0.00,0.00,0.00,4.0,95830.0,95347.0,0.0,0.0,0.5,0.0,64.352,0.000,0.0,636793.0
2026-08-31T19:55:46,0.2,4892,1547350,1531265,0.3,0.00,1.20,0.00,4.80,0.00,0.00,0.00,4.0,95830.0,95347.0,0.0,0.0,0.5,0.0,64.327,0.000,0.0,735153.0
2026-08-31T19:55:47,0.2,4893,1547350,1531265,0.3,0.00,1.01,0.00,4.04,0.00,0.00,0.00,4.0,95830.0,95347.0,0.0,0.0,0.5,0.0,64.391,0.000,0.0,618408.5
2026-08-31T19:55:53,0.2,4893,1547350,1531264,0.3,0.00,0.19,0.00,0.77,0.00,0.00,0.00,4.0,95830.0,95347.0,0.0,0.0,0.5,0.0,64.318,0.000,0.0,612552.0
2026-08-31T19:56:01,0.2,4898,1547350,1531259,0.3,0.00,0.25,0.00,2.54,0.00,0.50,0.00,4.0,95830.0,95347.0,0.0,0.0,0.5,0.0,64.344,0.000,0.0,642394.5
2026-08-31T19:56:03,0.2,4898,1547350,1531259,0.3,0.00,0.81,0.00,3.24,0.00,0.00,0.00,4.0,95830.0,95347.0,0.0,0.0,0.5,0.0,64.339,0.000,0.0,637863.0
2026-08-31T19:56:05,0.2,4899,1547350,1531258,0.3,0.00,0.59,0.00,2.36,0.00,0.00,0.00,4.0,95830.0,95347.0,0.0,0.0,0.5,0.0,64.374,0.000,0.0,648587.5
2026-08-31T19:56:07,0.2,4898,1547350,1531259,0.3,0.00,0.46,0.00,1.85,0.00,0.00,0.00,4.0,95830.0,95347.0,0.0,0.0,0.5,0.0,64.337,0.000,0.0,647505.0
2026-08-31T19:56:09,0.2,4897,1547350,1531260,0.3,0.00,0.43,0.00,1.73,0.00,0.00,0.00,4.0,95830.0,95347.0,0.0,0.0,0.5,0.0,64.328,0.000,0.0,646976.5
2026-08-31T19:56:11,0.2,4894,1547350,1531263,0.3,0.00,1.15,0.00,4.60,0.00,0.00,0.00,4.0,95830.0,95347.0,0.0,0.0,0.5,0.0,64.341,0.000,0.0,625376.5
2026-08-31T19:56:16,0.2,4893,1547350,1531264,0.3,0.00,0.22,0.00,0.89,0.00,0.00,0.02,4.0,95830.0,95347.0,0.0,0.0,0.5,0.0,64.315,0.000,0.0,663506.5
2026-08-31T19:56:17,0.2,4893,1547350,1531264,0.3,0.00,0.63,0.00,2.53,0.00,0.00,0.00,4.0,95830.0,95347.0,0.0,0.0,0.5,0.0,64.336,0.000,0.0,663506.5
2026-08-31T19:56:18,0.2,4892,1547350,1531265,0.3,0.00,1.26,0.00,5.05,0.00,0.00,0.00,4.0,95830.0,95347.0,0.0,0.0,0.5,0.0,64.350,0.000,0.0,668126.5
2026-08-31T19:56:20,0.2,4892,1547350,1531265,0.3,0.00,0.60,0.00,2.40,0.00,0.00,0.00,4.0,95830.0,95347.0,0.0,0.0,0.5,0.0,64.344,0.000,0.0,715174.5
2026-08-31T19:56:21,0.2,4892,1547350,1531265,0.3,0.00,0.96,0.00,3.86,0.00,0.00,0.00,4.0,95830.0,95347.0,0.0,0.0,0.5,0.0,64.354,0.000,0.0,651767.5
2026-08-31T19:56:22,0.2,4892,1547350,1531265,0.3,0.00,0.56,0.00,2.24,0.00,0.00,0.00,4.0,95830.0,95347.0,0.0,0.0,0.5,0.0,64.352,0.000,0.0,651767.5
2026-08-31T19:56:23,0.2,4892,1547350,1531265,0.3,0.00,1.28,0.00,5.11,0.00,0.00,0.00,4.0,95830.0,95347.0,0.0,0.0,0.5,0.0,64.339,0.000,0.0,683356.0
2026-08-31T19:56:25,0.2,4893,1547350,1531264,0.3,0.00,0.64,0.00,2.55,0.00,0.00,0.00,4.0,95830.0,95347.0,0.0,0.0,0.5,0.0,64.351,0.000,0.0,687513.0
2026-08-31T19:56:26,0.2,4892,1547350,1531265,0.3,0.00,0.67,0.00,2.68,0.00,0.00,0.00,4.0,95830.0,95347.0,0.0,0.0,0.5,0.0,64.347,0.000,0.0,653022.0
2026-08-31T19:56:28,0.2,4892,1547350,1531265,0.3,0.00,0.66,0.00,2.64,0.00,0.00,0.00,4.0,95830.0,95347.0,0.0,0.0,0.5,0.0,64.328,0.000,0.0,669522.0
2026-08-31T19:56:29,0.2,4892,1547350,1531265,0.3,0.00,0.65,0.00,2.61,0.00,1.00,0.00,4.0,95830.0,95347.0,0.0,0.0,0.5,0.0,64.332,0.000,0.0,671350.5
2026-08-31T19:56:31,0.2,4892,1547350,1531264,0.3,0.00,5.91,0.00,48.14,0.00,0.00,0.00,4.0,95830.0,95347.0,0.0,0.0,0.5,0.0,64.347,0.000,0.0,651920.0
2026-08-31T19:56:33,0.2,4893,1547350,1531264,0.3,0.00,0.61,0.00,2.42,0.00,0.00,0.00,4.0,95830.0,95347.0,0.0,0.0,0.5,0.0,64.325,0.000,0.0,663784.0
2026-08-31T19:56:34,0.2,4893,1547350,1531264,0.3,0.00,5.23,0.00,20.93,0.00,0.12,0.00,4.0,95830.0,95347.0,0.0,0.0,0.5,0.0,64.334,0.000,0.0,670044.5
2026-08-31T19:56:36,0.2,4894,1547350,1531263,0.3,0.00,0.57,0.00,2.28,0.00,0.00,0.00,4.0,95830.0,95347.0,0.0,0.0,0.5,0.0,64.356,0.000,0.0,654686.5
2026-08-31T19:56:37,0.2,4894,1547350,1531263,0.3,0.00,0.68,0.00,2.73,0.00,0.00,0.00,4.0,95830.0,95347.0,0.0,0.0,0.5,0.0,64.356,0.000,0.0,653573.0
2026-08-31T19:56:38,0.2,4894,1547350,1531263,0.3,0.00,0.99,0.00,3.97,0.00,0.00,0.00,4.0,95830.0,95347.0,0.0,0.0,0.5,0.0,64.335,0.000,0.0,653573.0
2026-08-31T19:56:39,0.2,4894,1547350,1531262,0.3,0.00,1.20,0.00,4.80,0.00,0.00,0.00,4.0,95830.0,95347.0,0.0,0.0,0.5,0.0,64.348,0.000,0.0,766383.0
2026-08-31T19:56:40,0.2,4894,1547350,1531263,0.3,0.00,1.46,0.00,5.84,0.00,0.00,0.00,4.0,95830.0,95347.0,0.0,0.0,0.5,0.0,64.344,0.000,0.0,660430.0
2026-08-31T19:56:42,0.2,4894,1547350,1531263,0.3,0.00,0.56,0.00,2.22,0.00,0.00,0.00,4.0,95830.0,95347.0,0.0,0.0,0.5,0.0,64.354,0.000,0.0,654748.0
2026-08-31T19:56:43,0.2,4894,1547350,1531263,0.3,0.00,1.29,0.00,5.17,0.00,0.00,0.00,4.0,95830.0,95347.0,0.0,0.0,0.5,0.0,64.333,0.000,0.0,660821.5
2026-08-31T19:56:45,0.2,4894,1547350,1531263,0.3,0.00,0.60,0.00,2.41,0.00,0.00,0.00,4.0,95830.0,95347.0,0.0,0.0,0.5,0.0,64.339,0.000,0.0,643857.5
2026-08-31T19:56:47,0.2,4895,1547350,1531262,0.3,0.00,0.55,0.00,2.19,0.00,0.00,0.00,4.0,95830.0,95347.0,0.0,0.0,0.5,0.0,64.351,0.000,0.0,704313.5
2026-08-31T19:56:48,0.2,4896,1547350,1531261,0.3,0.00,1.01,0.00,4.03,0.00,1.00,0.00,4.0,95830.0,95347.0,0.0,0.0,0.5,0.0,64.340,0.000,0.0,666842.0
2026-08-31T19:56:49,0.2,4896,1547350,1531261,0.3,0.00,0.63,0.00,2.54,0.00,0.00,0.00,4.0,95830.0,95347.0,0.0,0.0,0.5,0.0,64.335,0.000,0.0,666842.0
2026-08-31T19:56:50,0.5,4896,1547350,1531260,0.3,0.00,2.05,0.00,8.20,0.00,0.00,0.00,4.0,95830.0,95347.0,0.0,0.0,0.5,0.0,64.360,0.000,0.0,688635.0
2026-08-31T19:56:51,0.2,4896,1547350,1531261,0.3,0.00,0.66,0.00,2.63,0.00,0.00,0.07,4.0,95830.0,95347.0,0.0,0.0,0.5,0.0,64.339,0.000,0.0,712888.0
2026-08-31T19:56:52,0.2,4895,1547350,1531261,0.3,0.00,1.13,0.00,4.54,0.00,0.00,0.00,4.0,95830.0,95347.0,0.0,0.0,0.5,0.0,64.355,0.000,0.0,712888.0
2026-08-31T19:56:53,0.2,4896,1547350,1531261,0.3,0.00,1.27,0.00,5.08,0.00,0.00,0.00,4.0,95830.0,95347.0,0.0,0.0,0.5,0.0,64.341,0.000,0.0,684876.5
2026-08-31T19:56:55,0.2,4896,1547350,1531261,0.3,0.00,0.63,0.00,2.52,0.00,0.00,0.00,4.0,95830.0,95347.0,0.0,0.0,0.5,0.0,64.354,0.000,0.0,684876.5
2026-08-31T19:56:55,0.2,4896,1547350,1531261,0.3,0.00,1.24,0.00,4.96,0.00,0.00,0.00,4.0,95830.0,95347.0,0.0,0.0,0.5,0.0,64.350,0.000,0.0,723976.0
2026-08-31T19:56:56,0.2,4895,1547350,1531262,0.3,0.00,1.42,0.00,5.67,0.00,0.00,0.00,4.0,95830.0,95347.0,0.0,0.0,0.5,0.0,64.319,0.000,0.0,651175.5
2026-08-31T19:56:58,0.2,4896,1547350,1531261,0.3,0.00,0.52,0.00,2.09,0.00,0.00,0.00,4.0,95830.0,95347.0,0.0,0.0,0.5,0.0,64.345,0.000,0.0,656909.0
2026-08-31T19:57:00,0.2,4895,1547350,1531262,0.3,0.00,0.63,0.00,2.52,0.00,0.00,0.06,4.0,95830.0,95347.0,0.0,0.0,0.5,0.0,64.343,0.000,0.0,656909.0
2026-08-31T19:57:00,0.2,4898,1547350,1531258,0.3,0.00,1.21,0.00,4.83,0.00,0.00,0.00,4.0,95830.0,95347.0,0.0,0.0,0.5,0.0,64.386,0.000,0.0,686846.0
2026-08-31T19:57:02,0.3,4899,1547350,1531258,0.3,0.00,1.24,0.00,11.51,0.00,0.00,0.00,4.0,95830.0,95347.0,0.0,0.0,0.5,0.0,64.349,0.000,0.0,648976.5
2026-08-31T19:57:04,0.2,4899,1547350,1531258,0.3,0.00,1.24,0.00,4.95,0.00,0.00,0.00,4.0,95830.0,95347.0,0.0,0.0,0.5,0.0,64.370,0.000,0.0,659337.0
2026-08-31T19:57:05,0.2,4897,1547350,1531259,0.3,0.00,0.54,0.00,2.18,0.00,0.00,0.00,4.0,95830.0,95347.0,0.0,0.0,0.5,0.0,64.355,0.000,0.0,679823.5
2026-08-31T19:57:07,0.2,4897,1547350,1531259,0.3,0.00,0.62,0.00,2.47,0.00,0.00,0.00,4.0,95830.0,95347.0,0.0,0.0,0.5,0.0,64.351,0.000,0.0,683482.0
2026-08-31T19:57:08,0.2,4897,1547350,1531259,0.3,0.00,1.29,0.00,5.14,0.00,0.00,0.00,4.0,95830.0,95347.0,0.0,0.0,0.5,0.0,64.359,0.000,0.0,683482.0
2026-08-31T19:57:09,0.2,4898,1547350,1531259,0.3,0.00,1.01,0.00,4.03,0.00,0.00,0.00,4.0,95830.0,95347.0,0.0,0.0,0.5,0.0,64.337,0.000,0.0,700100.0
2026-08-31T19:57:10,0.2,4898,1547350,1531259,0.3,0.00,0.99,0.00,3.94,0.00,1.00,0.00,4.0,95830.0,95347.0,0.0,0.0,0.5,0.0,64.353,0.000,0.0,649190.5
2026-08-31T19:57:11,0.2,4893,1547350,1531264,0.3,0.00,0.62,0.00,2.49,0.00,0.00,0.00,4.0,95830.0,95347.0,0.0,0.0,0.5,0.0,64.325,0.000,0.0,643078.5
2026-08-31T19:57:14,0.2,4892,1547350,1531265,0.3,0.00,0.49,0.00,1.96,0.00,0.00,0.00,4.0,95830.0,95347.0,0.0,0.0,0.5,0.0,64.347,0.000,0.0,709247.5
2026-08-31T19:57:14,0.2,4893,1547350,1531264,0.3,0.00,2.49,0.00,14.96,0.00,0.00,0.00,4.0,95830.0,95347.0,0.0,0.0,0.5,0.0,64.368,0.000,0.0,687038.5
2026-08-31T19:57:16,0.2,4894,1547350,1531263,0.3,0.00,0.76,0.00,3.05,0.00,0.00,0.00,4.0,95830.0,95347.0,0.0,0.0,0.5,0.0,64.310,0.000,0.0,646779.5
2026-08-31T19:57:18,0.2,4894,1547350,1531263,0.3,0.00,0.52,0.00,2.08,0.00,0.00,0.00,4.0,95830.0,95347.0,0.0,0.0,0.5,0.0,64.371,0.000,0.0,690999.0
2026-08-31T19:57:19,0.2,4893,1547350,1531264,0.3,0.00,0.97,0.00,3.88,0.00,0.00,0.10,4.0,95830.0,95347.0,0.0,0.0,0.5,0.0,64.338,0.000,0.0,647068.0
2026-08-31T19:57:21,0.2,4894,1547350,1531263,0.3,0.00,0.50,0.00,2.01,0.00,0.00,0.00,4.0,95830.0,95347.0,0.0,0.0,0.5,0.0,64.338,0.000,0.0,631624.0
2026-08-31T19:57:23,0.2,4893,1547350,1531264,0.3,0.00,0.47,0.00,1.90,0.00,0.00,0.00,4.0,95830.0,95347.0,0.0,0.0,0.5,0.0,64.379,0.000,0.0,667955.5
2026-08-31T19:57:25,0.2,4893,1547350,1531264,0.3,0.00,0.53,0.00,2.11,0.00,0.00,0.00,4.0,95830.0,95347.0,0.0,0.0,0.5,0.0,64.374,0.000,0.0,664992.0
2026-08-31T19:57:26,0.2,4893,1547350,1531264,0.3,0.00,0.73,0.00,2.93,0.00,0.00,0.00,4.0,95830.0,95347.0,0.0,0.0,0.5,0.0,64.355,0.000,0.0,653597.5
2026-08-31T19:57:28,0.2,4893,1547350,1531264,0.3,0.00,0.65,0.00,2.58,0.00,0.00,0.00,4.0,95830.0,95347.0,0.0,0.0,0.5,0.0,64.368,0.000,0.0,673616.5
2026-08-31T19:57:29,0.2,4894,1547350,1531263,0.3,0.00,0.61,0.00,2.44,0.00,0.00,0.00,4.0,95830.0,95347.0,0.0,0.0,0.5,0.0,64.382,0.000,0.0,655464.5
2026-08-31T19:57:31,0.2,4893,1547350,1531264,0.3,0.00,0.64,0.00,2.54,0.00,0.00,0.00,4.0,95830.0,95347.0,0.0,0.0,0.5,0.0,64.352,0.000,0.0,655464.5
2026-08-31T19:57:31,0.3,4893,1547350,1531264,0.3,0.00,9.60,0.00,106.40,0.00,0.17,0.00,4.0,95830.0,95347.0,0.0,0.0,0.5,0.0,64.372,0.000,0.0,709246.5
2026-08-31T19:57:33,0.2,4893,1547350,1531264,0.3,0.00,0.61,0.00,2.44,0.00,0.00,0.00,4.0,95830.0,95347.0,0.0,0.0,0.5,0.0,64.366,0.000,0.0,682728.5
2026-08-31T19:57:34,0.2,4894,1547350,1531263,0.3,0.00,1.01,0.00,4.04,0.00,0.00,0.00,4.0,95830.0,95347.0,0.0,0.0,0.5,0.0,64.383,0.000,0.0,682728.5
2026-08-31T19:57:35,0.2,4894,1547350,1531263,0.3,0.00,6.62,0.00,29.80,0.00,0.12,0.00,4.0,95830.0,95347.0,0.0,0.0,0.5,0.0,64.376,0.000,0.0,674322.0
2026-08-31T19:57:37,0.2,4893,1547350,1531263,0.3,0.00,0.66,0.00,2.63,0.00,0.00,0.07,4.0,95830.0,95347.0,0.0,0.0,0.5,0.0,64.376,0.000,0.0,652058.5
2026-08-31T19:57:38,0.2,4894,1547350,1531263,0.3,0.00,0.59,0.00,2.35,0.00,0.00,0.00,4.0,95830.0,95347.0,0.0,0.0,0.5,0.0,64.390,0.000,0.0,668717.0
2026-08-31T19:57:40,0.2,4894,1547350,1531263,0.3,0.00,0.61,0.00,2.43,0.00,0.00,0.00,4.0,95830.0,95347.0,0.0,0.0,0.5,0.0,64.337,0.000,0.0,699139.5
2026-08-31T19:57:41,0.2,4895,1547350,1531262,0.3,0.00,0.83,0.00,3.32,0.00,0.00,0.00,4.0,95830.0,95347.0,0.0,0.0,0.5,0.0,64.357,0.000,0.0,669435.0
2026-08-31T19:57:43,0.2,4895,1547350,1531262,0.3,0.00,0.62,0.00,2.50,0.00,0.00,0.06,4.0,95830.0,95347.0,0.0,0.0,0.5,0.0,64.347,0.000,0.0,661272.0
2026-08-31T19:57:44,0.2,4895,1547350,1531262,0.3,0.00,0.63,0.00,2.54,0.00,0.00,0.00,4.0,95830.0,95347.0,0.0,0.0,0.5,0.0,64.386,0.000,0.0,688013.5
2026-08-31T19:57:45,0.2,4895,1547350,1531262,0.3,0.00,1.99,0.00,7.97,0.00,0.00,0.00,4.0,95830.0,95347.0,0.0,0.0,0.5,0.0,64.369,0.000,0.0,727260.5
2026-08-31T19:57:46,0.2,4895,1547350,1531262,0.3,0.00,1.15,0.00,4.61,0.00,0.00,0.00,4.0,95830.0,95347.0,0.0,0.0,0.5,0.0,64.367,0.000,0.0,659905.0
2026-08-31T19:57:48,0.2,4895,1547350,1531262,0.3,0.00,0.56,0.00,2.23,0.00,0.00,0.00,4.0,95830.0,95347.0,0.0,0.0,0.5,0.0,64.370,0.000,0.0,659905.0
2026-08-31T19:57:49,0.3,4895,1547350,1531262,0.3,0.00,2.34,0.00,9.37,0.00,0.00,0.00,4.0,95830.0,95347.0,0.0,0.0,0.5,0.0,64.390,0.000,0.0,768737.5
2026-08-31T19:57:49,0.2,4895,1547350,1531262,0.3,0.00,1.80,0.00,7.21,0.00,0.00,0.00,4.0,95830.0,95347.0,0.0,0.0,0.5,0.0,64.361,0.000,0.0,768737.5
2026-08-31T19:57:50,0.2,4895,1547350,1531262,0.3,0.00,2.20,0.00,8.79,0.00,0.00,0.00,4.0,95830.0,95347.0,0.0,0.0,0.5,0.0,64.350,0.000,0.0,730600.5
2026-08-31T19:57:51,0.2,4895,1547350,1531262,0.3,0.00,0.85,0.00,3.41,0.00,0.00,0.09,4.0,95830.0,95347.0,0.0,0.0,0.5,0.0,64.353,0.000,0.0,650749.5
2026-08-31T19:57:52,0.2,4894,1547350,1531263,0.3,0.00,0.61,0.00,2.45,0.00,0.00,0.00,4.0,95830.0,95347.0,0.0,0.0,0.5,0.0,64.360,0.000,0.0,650749.5
2026-08-31T19:57:53,0.2,4894,1547350,1531263,0.3,0.00,1.02,0.00,4.08,0.00,1.00,0.00,4.0,95830.0,95347.0,0.0,0.0,0.5,0.0,64.366,0.000,0.0,728554.5
2026-08-31T19:57:55,0.2,4894,1547350,1531263,0.3,0.00,0.82,0.00,3.29,0.00,0.00,0.00,4.0,95830.0,95347.0,0.0,0.0,0.5,0.0,64.381,0.000,0.0,645872.0
2026-08-31T19:57:57,0.2,4894,1547350,1531263,0.3,0.00,0.50,0.00,1.99,0.00,0.00,0.00,4.0,95830.0,95347.0,0.0,0.0,0.5,0.0,64.367,0.000,0.0,632603.0
2026-08-31T19:57:59,0.2,4895,1547350,1531262,0.3,0.00,0.50,0.00,2.00,0.00,0.00,0.00,4.0,95830.0,95347.0,0.0,0.0,0.5,0.0,64.365,0.000,0.0,660626.0
2026-08-31T19:58:00,0.2,4894,1547350,1531263,0.3,0.00,0.54,0.00,2.16,0.00,0.00,0.00,4.0,95830.0,95347.0,0.0,0.0,0.5,0.0,64.377,0.000,0.0,692647.5
2026-08-31T19:58:02,0.3,4898,1547350,1531259,0.3,0.00,2.52,0.00,19.33,0.00,0.00,0.00,4.0,95830.0,95347.0,0.0,0.0,0.5,0.0,64.353,0.000,0.0,665082.5
2026-08-31T19:58:03,0.2,4899,1547350,1531258,0.3,0.00,0.62,0.00,2.50,0.00,0.00,0.00,4.0,95830.0,95347.0,0.0,0.0,0.5,0.0,64.374,0.000,0.0,689864.0
2026-08-31T19:58:04,0.2,4898,1547350,1531259,0.3,0.00,1.01,0.00,4.04,0.00,0.00,0.00,4.0,95830.0,95347.0,0.0,0.0,0.5,0.0,64.374,0.000,0.0,647508.5
2026-08-31T19:58:06,0.2,4898,1547350,1531259,0.3,0.00,0.61,0.00,2.45,0.00,0.00,0.00,4.0,95830.0,95347.0,0.0,0.0,0.5,0.0,64.374,0.000,0.0,659320.0
2026-08-31T19:58:08,0.2,4898,1547350,1531259,0.3,0.00,0.49,0.00,1.95,0.00,0.00,0.00,4.0,95830.0,95347.0,0.0,0.0,0.5,0.0,64.375,0.000,0.0,659320.0
2026-08-31T19:58:09,0.2,4898,1547350,1531259,0.3,0.00,1.25,0.00,4.99,0.00,0.00,0.00,4.0,95830.0,95347.0,0.0,0.0,0.5,0.0,64.373,0.000,0.0,667571.5
2026-08-31T19:58:11,0.2,4895,1547350,1531262,0.3,0.00,0.99,0.00,3.95,0.00,0.00,0.00,4.0,95830.0,95347.0,0.0,0.0,0.5,0.0,64.375,0.000,0.0,665599.5
2026-08-31T19:58:12,0.2,4895,1547350,1531262,0.3,0.00,0.81,0.00,3.22,0.00,0.00,0.00,4.0,95830.0,95347.0,0.0,0.0,0.5,0.0,64.370,0.000,0.0,665599.5
2026-08-31T19:58:13,0.2,4894,1547350,1531263,0.3,0.00,0.74,0.00,2.95,0.00,0.00,0.00,4.0,95830.0,95347.0,0.0,0.0,0.5,0.0,64.373,0.000,0.0,691482.0
2026-08-31T19:58:14,0.2,4894,1547350,1531263,0.3,0.00,0.84,0.00,3.37,0.00,0.00,0.00,4.0,95830.0,95347.0,0.0,0.0,0.5,0.0,64.364,0.000,0.0,635611.0
2026-08-31T19:58:16,0.2,4894,1547350,1531263,0.3,0.00,1.36,0.00,5.43,0.00,0.50,0.00,4.0,95830.0,95347.0,0.0,0.0,0.5,0.0,64.362,0.000,0.0,682535.0
2026-08-31T19:58:18,0.2,4894,1547350,1531263,0.3,0.00,0.63,0.00,2.53,0.00,0.00,0.06,4.0,95830.0,95347.0,0.0,0.0,0.5,0.0,64.357,0.000,0.0,739379.0
2026-08-31T19:58:20,0.2,4894,1547350,1531263,0.3,0.00,0.50,0.00,2.02,0.00,0.00,0.00,4.0,95830.0,95347.0,0.0,0.0,0.5,0.0,64.388,0.000,0.0,670158.0
2026-08-31T19:58:21,0.2,4892,1547350,1531265,0.3,0.00,0.96,0.00,3.85,0.00,0.00,0.00,4.0,95830.0,95347.0,0.0,0.0,0.5,0.0,64.370,0.000,0.0,670158.0
2026-08-31T19:58:22,0.2,4893,1547350,1531264,0.3,0.00,1.00,0.00,4.01,0.00,0.00,0.00,4.0,95830.0,95347.0,0.0,0.0,0.5,0.0,64.373,0.000,0.0,715653.0
2026-08-31T19:58:23,0.2,4892,1547350,1531265,0.3,0.00,0.71,0.00,2.84,0.00,0.00,0.00,4.0,95830.0,95347.0,0.0,0.0,0.5,0.0,64.391,0.000,0.0,657551.0
2026-08-31T19:58:25,0.2,4892,1547350,1531264,0.3,0.00,0.62,0.00,2.46,0.00,0.00,0.00,4.0,95830.0,95347.0,0.0,0.0,0.5,0.0,64.394,0.000,0.0,645328.0
2026-08-31T19:58:27,0.2,4893,1547350,1531264,0.3,0.00,0.50,0.00,1.99,0.00,0.00,0.05,4.0,95830.0,95347.0,0.0,0.0,0.5,0.0,64.382,0.000,0.0,661445.0
2026-08-31T19:58:28,0.2,4893,1547350,1531264,0.3,0.00,0.82,0.00,3.29,0.00,0.00,0.00,4.0,95830.0,95347.0,0.0,0.0,0.5,0.0,64.380,0.000,0.0,683435.5
2026-08-31T19:58:29,0.2,4893,1547350,1531264,0.3,0.00,0.92,0.00,3.66,0.00,0.00,0.00,4.0,95830.0,95347.0,0.0,0.0,0.5,0.0,64.353,0.000,0.0,668842.0
2026-08-31T19:58:30,0.2,4894,1547350,1531263,0.3,0.00,0.71,0.00,2.82,0.00,0.00,0.00,4.0,95830.0,95347.0,0.0,0.0,0.5,0.0,64.373,0.000,0.0,668842.0
2026-08-31T19:58:31,0.2,4893,1547350,1531264,0.3,0.00,10.47,0.00,41.88,0.00,0.00,0.00,4.0,95830.0,95347.0,0.0,0.0,0.5,0.0,64.375,0.000,0.0,696070.5
2026-08-31T19:58:33,0.2,4893,1547350,1531264,0.3,0.00,1.84,0.00,14.43,0.00,0.33,0.00,4.0,95830.0,95347.0,0.0,0.0,0.5,0.0,64.380,0.000,0.0,651451.0
2026-08-31T19:58:34,0.2,4893,1547350,1531264,0.3,0.00,0.67,0.00,2.68,0.00,0.00,0.00,4.0,95830.0,95347.0,0.0,0.0,0.5,0.0,64.377,0.000,0.0,661777.5
2026-08-31T19:58:36,0.2,4893,1547350,1531264,0.3,0.00,0.59,0.00,2.35,0.00,0.00,0.00,4.0,95830.0,95347.0,0.0,0.0,0.5,0.0,64.362,0.000,0.0,684440.5
2026-08-31T19:58:37,0.2,4893,1547350,1531264,0.3,0.00,0.60,0.00,2.42,0.00,0.00,0.00,4.0,95830.0,95347.0,0.0,0.0,0.5,0.0,64.373,0.000,0.0,676961.0
2026-08-31T19:58:38,0.2,4892,1547350,1531264,0.3,0.00,0.98,0.00,3.91,0.00,0.00,0.00,4.0,95830.0,95347.0,0.0,0.0,0.5,0.0,64.387,0.000,0.0,664394.5
2026-08-31T19:58:40,0.2,4893,1547350,1531264,0.3,0.00,0.59,0.00,2.35,0.00,0.00,0.06,4.0,95830.0,95347.0,0.0,0.0,0.5,0.0,64.362,0.000,0.0,664394.5
2026-08-31T19:58:41,0.2,4894,1547350,1531263,0.3,0.00,1.49,0.00,5.94,0.00,0.00,0.00,4.0,95830.0,95347.0,0.0,0.0,0.5,0.0,64.380,0.000,0.0,711120.5
2026-08-31T19:58:42,0.2,4894,1547350,1531263,0.3,0.00,1.84,0.00,9.83,0.00,0.00,0.00,4.0,95830.0,95347.0,0.0,0.0,0.5,0.0,64.362,0.000,0.0,711120.5
2026-08-31T19:58:43,0.3,4894,1547350,1531263,0.3,0.00,2.58,0.00,10.31,0.00,0.00,0.00,4.0,95830.0,95347.0,0.0,0.0,0.5,0.0,64.374,0.000,0.0,696444.5
2026-08-31T19:58:45,0.2,4893,1547350,1531264,0.3,0.00,0.55,0.00,2.19,0.00,0.00,0.00,4.0,95830.0,95347.0,0.0,0.0,0.5,0.0,64.389,0.000,0.0,737863.0
2026-08-31T19:58:46,0.2,4893,1547350,1531264,0.3,0.00,0.71,0.00,2.86,0.00,0.00,0.00,4.0,95830.0,95347.0,0.0,0.0,0.5,0.0,64.376,0.000,0.0,737863.0
2026-08-31T19:58:47,0.2,4893,1547350,1531264,0.3,0.00,1.18,0.00,4.72,0.00,0.00,0.00,4.0,95830.0,95347.0,0.0,0.0,0.5,0.0,64.379,0.000,0.0,687766.0
2026-08-31T19:58:49,0.2,4893,1547350,1531264,0.3,0.00,0.56,0.00,2.24,0.00,0.00,0.00,4.0,95830.0,95347.0,0.0,0.0,0.5,0.0,64.373,0.000,0.0,649870.5
2026-08-31T19:58:50,0.2,4893,1547350,1531264,0.3,0.00,0.56,0.00,2.23,0.00,0.00,0.00,4.0,95830.0,95347.0,0.0,0.0,0.5,0.0,64.391,0.000,0.0,666465.5
2026-08-31T19:58:52,0.2,4892,1547350,1531265,0.3,0.00,0.62,0.00,2.49,0.00,0.00,0.00,4.0,95830.0,95347.0,0.0,0.0,0.5,0.0,64.386,0.000,0.0,693410.0
2026-08-31T19:58:53,0.2,4892,1547350,1531264,0.3,0.00,1.22,0.00,4.90,0.00,1.00,0.00,4.0,95830.0,95347.0,0.0,0.0,0.5,0.0,64.382,0.000,0.0,772965.5
2026-08-31T19:58:55,0.2,4892,1547350,1531265,0.3,0.00,0.56,0.00,2.22,0.00,0.00,0.00,4.0,95830.0,95347.0,0.0,0.0,0.5,0.0,64.383,0.000,0.0,772965.5
2026-08-31T19:58:56,0.3,4893,1547350,1531264,0.3,0.00,1.13,0.00,4.54,0.00,0.00,0.00,4.0,95830.0,95347.0,0.0,0.0,0.5,0.0,64.379,0.000,0.0,700263.0
2026-08-31T19:58:57,0.2,4893,1547350,1531264,0.3,0.00,1.04,0.00,4.16,0.00,0.00,0.00,4.0,95830.0,95347.0,0.0,0.0,0.5,0.0,64.380,0.000,0.0,666205.0
2026-08-31T19:58:58,0.2,4892,1547350,1531265,0.3,0.00,0.70,0.00,2.82,0.00,0.00,0.00,4.0,95830.0,95347.0,0.0,0.0,0.5,0.0,64.375,0.000,0.0,666205.0
2026-08-31T19:58:59,0.2,4893,1547350,1531264,0.3,0.00,1.01,0.00,4.05,0.00,0.00,0.00,4.0,95830.0,95347.0,0.0,0.0,0.5,0.0,64.398,0.000,0.0,665972.5
2026-08-31T19:59:01,0.2,4899,1547350,1531258,0.3,0.00,0.50,0.00,2.00,0.00,0.00,0.00,4.0,95830.0,95347.0,0.0,0.0,0.5,0.0,64.389,0.000,0.0,650776.0
2026-08-31T19:59:03,0.2,4901,1547350,1531256,0.3,0.00,2.93,0.00,15.15,0.00,0.00,0.00,4.0,95830.0,95347.0,0.0,0.0,0.5,0.0,64.384,0.000,0.0,692383.0
2026-08-31T19:59:04,0.2,4900,1547350,1531257,0.3,0.00,1.22,0.00,4.87,0.00,0.00,0.00,4.0,95830.0,95347.0,0.0,0.0,0.5,0.0,64.369,0.000,0.0,666919.5
2026-08-31T19:59:06,0.2,4901,1547350,1531256,0.3,0.00,0.56,0.00,2.26,0.00,0.00,0.00,4.0,95830.0,95347.0,0.0,0.0,0.5,0.0,64.382,0.000,0.0,653550.5
2026-08-31T19:59:08,0.2,4901,1547350,1531256,0.3,0.00,0.50,0.00,1.98,0.00,0.00,0.00,4.0,95830.0,95347.0,0.0,0.0,0.5,0.0,64.379,0.000,0.0,658188.0
2026-08-31T19:59:09,0.2,4901,1547350,1531256,0.3,0.00,0.69,0.00,2.76,0.00,0.00,0.00,4.0,95830.0,95347.0,0.0,0.0,0.5,0.0,64.381,0.000,0.0,647248.0
2026-08-31T19:59:11,0.2,4898,1547350,1531259,0.3,0.00,0.50,0.00,2.02,0.00,0.00,0.00,4.0,95830.0,95347.0,0.0,0.0,0.5,0.0,64.364,0.000,0.0,770000.5
2026-08-31T19:59:12,0.2,4897,1547350,1531260,0.3,0.00,1.55,0.00,6.22,0.00,0.00,0.00,4.0,95830.0,95347.0,0.0,0.0,0.5,0.0,64.377,0.000,0.0,658168.0
2026-08-31T19:59:14,0.2,4897,1547350,1531260,0.3,0.00,0.51,0.00,2.05,0.00,1.00,0.00,4.0,95830.0,95347.0,0.0,0.0,0.5,0.0,64.387,0.000,0.0,645245.0
2026-08-31T19:59:16,0.2,4896,1547350,1531261,0.3,0.00,0.50,0.00,1.99,0.00,0.00,0.05,4.0,95830.0,95347.0,0.0,0.0,0.5,0.0,64.385,0.000,0.0,641804.5
2026-08-31T19:59:18,0.2,4896,1547350,1531261,0.3,0.00,0.99,0.00,3.95,0.00,0.00,0.00,4.0,95830.0,95347.0,0.0,0.0,0.5,0.0,64.397,0.000,0.0,686723.0
2026-08-31T19:59:20,0.2,4897,1547350,1531260,0.3,0.00,0.66,0.00,2.62,0.00,0.00,0.00,4.0,95830.0,95347.0,0.0,0.0,0.5,0.0,64.368,0.000,0.0,653372.0
2026-08-31T19:59:21,0.2,4897,1547350,1531260,0.3,0.00,0.66,0.00,2.62,0.00,0.00,0.00,4.0,95830.0,95347.0,0.0,0.0,0.5,0.0,64.364,0.000,0.0,676864.5
2026-08-31T19:59:23,0.2,4897,1547350,1531260,0.3,0.00,0.56,0.00,2.24,0.00,0.00,0.00,4.0,95830.0,95347.0,0.0,0.0,0.5,0.0,64.362,0.000,0.0,645921.5
2026-08-31T19:59:25,0.2,4896,1547350,1531261,0.3,0.00,0.44,0.00,1.77,0.00,0.00,0.04,4.0,95830.0,95347.0,0.0,0.0,0.5,0.0,64.384,0.000,0.0,687615.5
2026-08-31T19:59:26,0.2,4895,1547350,1531262,0.3,0.00,1.02,0.00,4.07,0.00,0.00,0.00,4.0,95830.0,95347.0,0.0,0.0,0.5,0.0,64.394,0.000,0.0,687615.5
2026-08-31T19:59:27,0.2,4896,1547350,1531261,0.3,0.00,0.98,0.00,3.94,0.00,0.00,0.00,4.0,95830.0,95347.0,0.0,0.0,0.5,0.0,64.384,0.000,0.0,686187.0
2026-08-31T19:59:29,0.2,4896,1547350,1531261,0.3,0.00,0.56,0.00,2.25,0.00,0.00,0.00,4.0,95830.0,95347.0,0.0,0.0,0.5,0.0,64.404,0.000,0.0,675115.0
2026-08-31T19:59:30,0.2,4896,1547350,1531261,0.3,0.00,0.85,0.00,3.40,0.00,0.00,0.00,4.0,95830.0,95347.0,0.0,0.0,0.5,0.0,64.383,0.000,0.0,661033.5
2026-08-31T19:59:32,0.2,4896,1547350,1531261,0.3,0.00,0.65,0.00,2.60,0.00,0.00,0.00,4.0,95830.0,95347.0,0.0,0.0,0.5,0.0,64.374,0.000,0.0,670502.5
2026-08-31T19:59:33,0.2,4896,1547350,1531261,0.3,0.00,7.08,0.00,59.20,0.00,0.09,0.00,4.0,95830.0,95347.0,0.0,0.0,0.5,0.0,64.368,0.000,0.0,697105.0
2026-08-31T19:59:35,0.2,4896,1547350,1531261,0.3,0.00,0.58,0.00,2.33,0.00,0.00,0.00,4.0,95830.0,95347.0,0.0,0.0,0.5,0.0,64.364,0.000,0.0,655442.0
2026-08-31T19:59:37,0.2,4896,1547350,1531261,0.3,0.00,0.64,0.00,2.57,0.00,0.00,0.00,4.0,95830.0,95347.0,0.0,0.0,0.5,0.0,64.378,0.000,0.0,677037.0
2026-08-31T19:59:38,0.2,4895,1547350,1531262,0.3,0.00,0.82,0.00,3.29,0.00,0.00,0.08,4.0,95830.0,95347.0,0.0,0.0,0.5,0.0,64.373,0.000,0.0,665346.0
2026-08-31T19:59:39,0.2,4894,1547350,1531262,0.3,0.00,0.66,0.00,2.64,0.00,0.00,0.00,4.0,95830.0,95347.0,0.0,0.0,0.5,0.0,64.373,0.000,0.0,650638.0
2026-08-31T19:59:41,0.2,4894,1547350,1531263,0.3,0.00,0.54,0.00,2.16,0.00,0.00,0.00,4.0,95830.0,95347.0,0.0,0.0,0.5,0.0,64.374,0.000,0.0,650638.0
2026-08-31T19:59:42,0.2,4895,1547350,1531262,0.3,0.00,1.50,0.00,6.00,0.00,0.00,0.00,4.0,95830.0,95347.0,0.0,0.0,0.5,0.0,64.384,0.000,0.0,683000.5
2026-08-31T19:59:44,0.2,4895,1547350,1531262,0.3,0.00,1.90,0.00,10.12,0.00,0.33,0.00,4.0,95830.0,95347.0,0.0,0.0,0.5,0.0,64.379,0.000,0.0,651626.0
2026-08-31T19:59:45,0.2,4894,1547350,1531263,0.3,0.00,0.76,0.00,3.05,0.00,0.00,0.08,4.0,95830.0,95347.0,0.0,0.0,0.5,0.0,64.377,0.000,0.0,652814.0
2026-08-31T19:59:46,0.2,4895,1547350,1531262,0.3,0.00,0.67,0.00,2.67,0.00,0.00,0.00,4.0,95830.0,95347.0,0.0,0.0,0.5,0.0,64.380,0.000,0.0,694772.5
2026-08-31T19:59:48,0.2,4895,1547350,1531262,0.3,0.00,0.61,0.00,2.44,0.00,0.00,0.00,4.0,95830.0,95347.0,0.0,0.0,0.5,0.0,64.384,0.000,0.0,661588.5
2026-08-31T19:59:49,0.2,4895,1547350,1531262,0.3,0.00,0.73,0.00,2.93,0.00,0.00,0.00,4.0,95830.0,95347.0,0.0,0.0,0.5,0.0,64.368,0.000,0.0,676409.5
2026-08-31T19:59:51,0.2,4895,1547350,1531262,0.3,0.00,0.87,0.00,3.46,0.00,0.00,0.00,4.0,95830.0,95347.0,0.0,0.0,0.5,0.0,64.375,0.000,0.0,674047.0
2026-08-31T19:59:52,0.2,4896,1547350,1531261,0.3,0.00,0.90,0.00,3.60,0.00,0.00,0.00,4.0,95830.0,95347.0,0.0,0.0,0.5,0.0,64.367,0.000,0.0,666272.5
2026-08-31T19:59:53,0.2,4895,1547350,1531262,0.3,0.00,1.24,0.00,4.94,0.00,0.00,0.00,4.0,95830.0,95347.0,0.0,0.0,0.5,0.0,64.377,0.000,0.0,654977.0
2026-08-31T19:59:55,0.2,4895,1547350,1531262,0.3,0.00,0.55,0.00,2.21,0.00,0.00,0.00,4.0,95830.0,95347.0,0.0,0.0,0.5,0.0,64.379,0.000,0.0,750716.5
2026-08-31T19:59:56,0.2,4894,1547350,1531263,0.3,0.00,1.24,0.00,4.97,0.00,0.00,0.00,4.0,95830.0,95347.0,0.0,0.0,0.5,0.0,64.395,0.000,0.0,750716.5
2026-08-31T19:59:57,0.2,4894,1547350,1531263,0.3,0.00,1.01,0.00,4.05,0.00,0.00,0.00,4.0,95830.0,95347.0,0.0,0.0,0.5,0.0,64.385,0.000,0.0,747552.5
2026-08-31T19:59:57,0.2,4893,1547350,1531264,0.3,0.00,2.22,0.00,8.87,0.00,0.00,0.00,4.0,95830.0,95347.0,0.0,0.0,0.5,0.0,64.374,0.000,0.0,747552.5
2026-08-31T19:59:58,0.2,4894,1547350,1531263,0.3,0.00,1.25,0.00,5.00,0.00,0.00,0.00,4.0,95830.0,95347.0,0.0,0.0,0.5,0.0,64.370,0.000,0.0,679040.0
2026-08-31T20:00:00,0.2,4894,1547350,1531263,0.3,0.00,0.63,0.00,2.54,0.00,0.00,0.00,4.0,95830.0,95347.0,0.0,0.0,0.5,0.0,64.377,0.000,0.0,655741.0
2026-08-31T20:00:02,0.3,4900,1547350,1531257,0.3,0.00,0.54,0.00,2.18,0.00,0.00,0.00,4.0,95830.0,95347.0,0.0,0.0,0.5,0.0,64.373,0.000,0.0,661521.0
2026-08-31T20:00:03,0.2,4900,1547350,1531257,0.3,0.00,2.24,0.00,13.14,0.00,0.25,0.00,4.0,95830.0,95347.0,0.0,0.0,0.5,0.0,64.406,0.000,0.0,661521.0
2026-08-31T20:00:04,0.2,4900,1547350,1531257,0.3,0.00,1.61,0.00,6.44,0.00,0.00,0.00,4.0,95830.0,95347.0,0.0,0.0,0.5,0.0,64.377,0.000,0.0,684013.0
2026-08-31T20:00:05,0.2,4901,1547350,1531256,0.3,0.00,0.69,0.00,2.77,0.00,0.00,0.00,4.0,95830.0,95347.0,0.0,0.0,0.5,0.0,64.389,0.000,0.0,684013.0
2026-08-31T20:00:06,0.2,4901,1547350,1531256,0.3,0.00,1.27,0.00,5.08,0.00,0.00,0.00,4.0,95830.0,95347.0,0.0,0.0,0.5,0.0,64.409,0.000,0.0,675848.0
2026-08-31T20:00:08,0.2,4901,1547350,1531256,0.3,0.00,0.56,0.00,2.26,0.00,0.00,0.00,4.0,95830.0,95347.0,0.0,0.0,0.5,0.0,64.374,0.000,0.0,675848.0
2026-08-31T20:00:09,0.2,4900,1547350,1531257,0.3,0.00,0.98,0.00,3.93,0.00,0.00,0.00,4.0,95830.0,95347.0,0.0,0.0,0.5,0.0,64.374,0.000,0.0,702106.5
2026-08-31T20:00:10,0.2,4899,1547350,1531258,0.3,0.00,1.36,0.00,5.46,0.00,0.00,0.14,4.0,95830.0,95347.0,0.0,0.0,0.5,0.0,64.391,0.000,0.0,682429.5
2026-08-31T20:00:12,0.2,4898,1547350,1531259,0.3,0.00,0.50,0.00,2.02,0.00,0.00,0.00,4.0,95830.0,95347.0,0.0,0.0,0.5,0.0,64.376,0.000,0.0,682429.5
2026-08-31T20:00:13,0.2,4899,1547350,1531258,0.3,0.00,1.09,0.00,4.36,0.00,0.00,0.00,4.0,95830.0,95347.0,0.0,0.0,0.5,0.0,64.392,0.000,0.0,694206.0
2026-08-31T20:00:14,0.2,4898,1547350,1531259,0.3,0.00,0.98,0.00,3.91,0.00,0.00,0.00,4.0,95830.0,95347.0,0.0,0.0,0.5,0.0,64.400,0.000,0.0,678915.0
2026-08-31T20:00:15,0.2,4899,1547350,1531258,0.3,0.00,0.63,0.00,2.50,0.00,0.00,0.00,4.0,95830.0,95347.0,0.0,0.0,0.5,0.0,64.374,0.000,0.0,678915.0
2026-08-31T20:00:16,0.2,4897,1547350,1531260,0.3,0.00,1.09,0.00,4.35,0.00,0.00,0.11,4.0,95830.0,95347.0,0.0,0.0,0.5,0.0,64.368,0.000,0.0,682494.0
2026-08-31T20:00:18,0.2,4896,1547350,1531261,0.3,0.00,1.59,0.00,6.36,0.00,0.00,0.00,4.0,95830.0,95347.0,0.0,0.0,0.5,0.0,64.380,0.000,0.0,650279.0
2026-08-31T20:00:20,0.2,4897,1547350,1531260,0.3,0.00,0.50,0.00,2.00,0.00,0.00,0.00,4.0,95830.0,95347.0,0.0,0.0,0.5,0.0,64.337,0.000,0.0,688077.0
2026-08-31T20:00:21,0.2,4897,1547350,1531260,0.3,0.00,0.69,0.00,2.76,0.00,0.00,0.07,4.0,95830.0,95347.0,0.0,0.0,0.5,0.0,64.391,0.000,0.0,640718.5
2026-08-31T20:00:23,0.2,4897,1547350,1531260,0.3,0.00,0.50,0.00,1.99,0.00,1.00,0.00,4.0,95830.0,95347.0,0.0,0.0,0.5,0.0,64.382,0.000,0.0,667753.0
2026-08-31T20:00:25,0.2,4897,1547350,1531260,0.3,0.00,0.56,0.00,2.24,0.00,0.00,0.00,4.0,95830.0,95347.0,0.0,0.0,0.5,0.0,64.372,0.000,0.0,651441.5
2026-08-31T20:00:27,0.2,4897,1547350,1531260,0.3,0.00,0.50,0.00,2.00,0.00,0.00,0.00,4.0,95830.0,95347.0,0.0,0.0,0.5,0.0,64.362,0.000,0.0,670183.5
2026-08-31T20:00:29,0.2,4897,1547350,1531260,0.3,0.00,0.67,0.00,2.69,0.00,0.00,0.00,4.0,95830.0,95347.0,0.0,0.0,0.5,0.0,64.373,0.000,0.0,681779.5
2026-08-31T20:00:30,0.3,4897,1547350,1531260,0.3,0.00,0.77,0.00,3.10,0.00,0.00,0.00,4.0,95830.0,95347.0,0.0,0.0,0.5,0.0,64.378,0.000,0.0,639857.5
2026-08-31T20:00:32,0.2,4897,1547350,1531260,0.3,0.00,0.63,0.00,2.53,0.00,0.00,0.00,4.0,95830.0,95347.0,0.0,0.0,0.5,0.0,64.389,0.000,0.0,639857.5
2026-08-31T20:00:32,0.3,4896,1547350,1531261,0.3,0.00,2.39,0.00,9.55,0.00,0.00,0.00,4.0,95830.0,95347.0,0.0,0.0,0.5,0.0,64.370,0.000,0.0,773640.0
2026-08-31T20:00:33,0.2,4897,1547350,1531260,0.3,0.00,4.98,0.00,67.63,0.00,0.00,0.00,4.0,95830.0,95347.0,0.0,0.0,0.5,0.0,64.388,0.000,0.0,653751.0
2026-08-31T20:00:35,0.2,4897,1547350,1531260,0.3,0.00,3.97,0.00,18.54,0.00,0.17,0.00,4.0,95830.0,95347.0,0.0,0.0,0.5,0.0,64.372,0.000,0.0,697218.0
2026-08-31T20:00:36,0.2,4897,1547350,1531260,0.3,0.00,1.06,0.00,4.24,0.00,0.00,0.00,4.0,95830.0,95347.0,0.0,0.0,0.5,0.0,64.382,0.000,0.0,697218.0
2026-08-31T20:00:36,0.2,4896,1547350,1531261,0.3,0.00,1.62,0.00,6.49,0.00,0.00,0.00,4.0,95830.0,95347.0,0.0,0.0,0.5,0.0,64.380,0.000,0.0,793289.0
2026-08-31T20:00:37,0.2,4896,1547350,1531261,0.3,0.00,1.07,0.00,4.26,0.00,0.00,0.00,4.0,95830.0,95347.0,0.0,0.0,0.5,0.0,64.387,0.000,0.0,663406.5
2026-08-31T20:00:39,0.2,4897,1547350,1531260,0.3,0.00,0.64,0.00,2.56,0.00,0.00,0.00,4.0,95830.0,95347.0,0.0,0.0,0.5,0.0,64.378,0.000,0.0,663406.5
2026-08-31T20:00:39,0.2,4897,1547350,1531260,0.3,0.00,1.52,0.00,6.10,0.00,0.00,0.00,4.0,95830.0,95347.0,0.0,0.0,0.5,0.0,64.378,0.000,0.0,709904.5
2026-08-31T20:00:41,0.2,4897,1547350,1531260,0.3,0.00,0.61,0.00,2.44,0.00,0.00,0.00,4.0,95830.0,95347.0,0.0,0.0,0.5,0.0,64.389,0.000,0.0,651772.5
2026-08-31T20:00:43,0.2,4896,1547350,1531261,0.3,0.00,0.63,0.00,2.52,0.00,0.00,0.00,4.0,95830.0,95347.0,0.0,0.0,0.5,0.0,64.393,0.000,0.0,671982.0
2026-08-31T20:00:44,0.2,4897,1547350,1531260,0.3,0.00,0.70,0.00,2.80,0.00,0.00,0.00,4.0,95830.0,95347.0,0.0,0.0,0.5,0.0,64.380,0.000,0.0,671982.0
2026-08-31T20:00:45,0.2,4898,1547350,1531259,0.3,0.00,2.00,0.00,8.00,0.00,0.00,0.00,4.0,95830.0,95347.0,0.0,0.0,0.5,0.0,64.383,0.000,0.0,706337.0
2026-08-31T20:00:46,0.2,4897,1547350,1531260,0.3,0.00,1.66,0.00,6.62,0.00,0.00,0.00,4.0,95830.0,95347.0,0.0,0.0,0.5,0.0,64.394,0.000,0.0,690166.0
2026-08-31T20:00:47,0.2,4897,1547350,1531260,0.3,0.00,0.71,0.00,2.83,0.00,0.00,0.00,4.0,95830.0,95347.0,0.0,0.0,0.5,0.0,64.386,0.000,0.0,661227.5
2026-08-31T20:00:49,0.2,4897,1547350,1531260,0.3,0.00,0.64,0.00,2.57,0.00,0.00,0.00,4.0,95830.0,95347.0,0.0,0.0,0.5,0.0,64.362,0.000,0.0,661227.5
2026-08-31T20:00:50,0.2,4897,1547350,1531260,0.3,0.00,3.64,0.00,14.55,0.00,0.00,0.12,4.0,95830.0,95347.0,0.0,0.0,0.5,0.0,64.383,0.000,0.0,693813.5
2026-08-31T20:00:51,0.2,4897,1547350,1531260,0.3,0.00,0.60,0.00,2.40,0.00,0.00,0.00,4.0,95830.0,95347.0,0.0,0.0,0.5,0.0,64.378,0.000,0.0,740214.0
2026-08-31T20:00:53,0.2,4897,1547350,1531260,0.3,0.00,0.74,0.00,2.97,0.00,1.00,0.00,4.0,95830.0,95347.0,0.0,0.0,0.5,0.0,64.379,0.000,0.0,680246.0
2026-08-31T20:00:54,0.2,4897,1547350,1531260,0.3,0.00,0.80,0.00,3.22,0.00,0.00,0.00,4.0,95830.0,95347.0,0.0,0.0,0.5,0.0,64.400,0.000,0.0,653138.0
2026-08-31T20:00:55,0.2,4897,1547350,1531260,0.3,0.00,0.85,0.00,3.38,0.00,0.00,0.00,4.0,95830.0,95347.0,0.0,0.0,0.5,0.0,64.364,0.000,0.0,653138.0
2026-08-31T20:00:56,0.2,4897,1547350,1531260,0.3,0.00,0.99,0.00,3.98,0.00,0.00,0.00,4.0,95830.0,95347.0,0.0,0.0,0.5,0.0,64.401,0.000,0.0,726113.0
2026-08-31T20:00:57,0.2,4897,1547350,1531260,0.3,0.00,1.27,0.00,5.06,0.00,0.00,0.00,4.0,95830.0,95347.0,0.0,0.0,0.5,0.0,64.376,0.000,0.0,726113.0
2026-08-31T20:00:58,0.3,4898,1547350,1531259,0.3,0.00,1.22,0.00,4.89,0.00,0.00,0.00,4.0,95830.0,95347.0,0.0,0.0,0.5,0.0,64.382,0.000,0.0,741806.0
2026-08-31T20:00:59,0.2,4898,1547350,1531259,0.3,0.00,0.61,0.00,2.44,0.00,0.00,0.00,4.0,95830.0,95347.0,0.0,0.0,0.5,0.0,64.385,0.000,0.0,657707.0
2026-08-31T20:01:01,0.2,4900,1547350,1531257,0.3,0.00,0.70,0.00,2.79,0.00,0.00,0.00,4.0,95830.0,95347.0,0.0,0.0,0.5,0.0,64.373,0.000,0.0,651615.0
2026-08-31T20:01:03,0.3,4901,1547350,1531256,0.3,0.00,0.51,0.00,2.04,0.00,0.00,0.00,4.0,95830.0,95347.0,0.0,0.0,0.5,0.0,64.374,0.000,0.0,689665.5
2026-08-31T20:01:04,0.2,4903,1547350,1531254,0.3,0.00,1.88,0.00,19.27,0.00,0.00,0.00,4.0,95830.0,95347.0,0.0,0.0,0.5,0.0,64.377,0.000,0.0,652330.5
2026-08-31T20:01:05,0.2,4904,1547350,1531253,0.3,0.00,0.63,0.00,2.52,0.00,0.00,0.00,4.0,95830.0,95347.0,0.0,0.0,0.5,0.0,64.380,0.000,0.0,665682.0
2026-08-31T20:01:07,0.2,4903,1547350,1531254,0.3,0.00,0.70,0.00,2.79,0.00,0.00,0.00,4.0,95830.0,95347.0,0.0,0.0,0.5,0.0,64.384,0.000,0.0,704302.5
2026-08-31T20:01:08,0.2,4902,1547350,1531255,0.3,0.00,0.80,0.00,3.21,0.00,0.00,0.00,4.0,95830.0,95347.0,0.0,0.0,0.5,0.0,64.385,0.000,0.0,682084.5
2026-08-31T20:01:09,0.2,4903,1547350,1531254,0.3,0.00,1.01,0.00,4.06,0.00,0.00,0.00,4.0,95830.0,95347.0,0.0,0.0,0.5,0.0,64.388,0.000,0.0,682084.5
2026-08-31T20:01:10,0.2,4903,1547350,1531254,0.3,0.00,1.01,0.00,4.04,0.00,0.00,0.00,4.0,95830.0,95347.0,0.0,0.0,0.5,0.0,64.394,0.000,0.0,665485.0
2026-08-31T20:01:12,0.2,4899,1547350,1531258,0.3,0.00,0.55,0.00,2.18,0.00,0.00,0.00,4.0,95830.0,95347.0,0.0,0.0,0.5,0.0,64.360,0.000,0.0,665485.0
2026-08-31T20:01:12,0.3,4899,1547350,1531258,0.3,0.00,1.46,0.00,5.86,0.00,0.00,0.00,4.0,95830.0,95347.0,0.0,0.0,0.5,0.0,64.382,0.000,0.0,773610.0
2026-08-31T20:01:13,0.2,4899,1547350,1531258,0.3,0.00,1.13,0.00,4.52,0.00,0.00,0.00,4.0,95830.0,95347.0,0.0,0.0,0.5,0.0,64.394,0.000,0.0,649337.0
2026-08-31T20:01:15,0.2,4899,1547350,1531258,0.3,0.00,0.62,0.00,2.48,0.00,1.00,0.00,4.0,95830.0,95347.0,0.0,0.0,0.5,0.0,64.374,0.000,0.0,649337.0
2026-08-31T20:01:16,0.2,4899,1547350,1531258,0.3,0.00,0.96,0.00,3.84,0.00,0.00,0.00,4.0,95830.0,95347.0,0.0,0.0,0.5,0.0,64.362,0.000,0.0,666039.0
2026-08-31T20:01:18,0.2,4899,1547350,1531258,0.3,0.00,0.42,0.00,1.69,0.00,0.00,0.00,4.0,95830.0,95347.0,0.0,0.0,0.5,0.0,64.394,0.000,0.0,684918.5
2026-08-31T20:01:19,0.2,4899,1547350,1531258,0.3,0.00,0.99,0.00,3.96,0.00,0.00,0.10,4.0,95830.0,95347.0,0.0,0.0,0.5,0.0,64.372,0.000,0.0,661727.0
2026-08-31T20:01:21,0.2,4900,1547350,1531257,0.3,0.00,1.49,0.00,5.96,0.00,0.00,0.00,4.0,95830.0,95347.0,0.0,0.0,0.5,0.0,64.382,0.000,0.0,661727.0
2026-08-31T20:01:22,0.3,4900,1547350,1531257,0.3,0.00,2.06,0.00,8.25,0.00,0.00,0.00,4.0,95830.0,95347.0,0.0,0.0,0.5,0.0,64.364,0.000,0.0,682016.0
2026-08-31T20:01:24,0.2,4899,1547350,1531258,0.3,0.00,0.51,0.00,2.03,0.00,0.00,0.00,4.0,95830.0,95347.0,0.0,0.0,0.5,0.0,64.381,0.000,0.0,647022.0
2026-08-31T20:01:26,0.2,4899,1547350,1531258,0.3,0.00,0.50,0.00,1.99,0.00,0.00,0.00,4.0,95830.0,95347.0,0.0,0.0,0.5,0.0,64.376,0.000,0.0,650297.5
2026-08-31T20:01:28,0.2,4900,1547350,1531257,0.3,0.00,0.45,0.00,1.82,0.00,0.00,0.00,4.0,95830.0,95347.0,0.0,0.0,0.5,0.0,64.397,0.000,0.0,641213.5
2026-08-31T20:01:30,0.2,4900,1547350,1531257,0.3,0.00,0.54,0.00,2.18,0.00,0.00,0.00,4.0,95830.0,95347.0,0.0,0.0,0.5,0.0,64.376,0.000,0.0,677240.0
2026-08-31T20:01:31,0.2,4899,1547350,1531258,0.3,0.00,0.80,0.00,3.21,0.00,0.00,0.00,4.0,95830.0,95347.0,0.0,0.0,0.5,0.0,64.388,0.000,0.0,659388.5
2026-08-31T20:01:33,0.2,4898,1547350,1531259,0.3,0.00,0.56,0.00,2.25,0.00,0.00,0.00,4.0,95830.0,95347.0,0.0,0.0,0.5,0.0,64.377,0.000,0.0,692945.0
2026-08-31T20:01:34,0.2,4898,1547350,1531259,0.3,0.00,13.40,0.00,157.73,0.00,0.09,0.00,4.0,95830.0,95347.0,0.0,0.0,0.5,0.0,64.389,0.000,0.0,662350.0
2026-08-31T20:01:35,0.2,4898,1547350,1531259,0.3,0.00,3.59,0.00,14.35,0.00,0.00,0.00,4.0,95830.0,95347.0,0.0,0.0,0.5,0.0,64.353,0.000,0.0,657005.5
2026-08-31T20:01:37,0.2,4898,1547350,1531259,0.3,0.00,0.64,0.00,2.57,0.00,0.00,0.00,4.0,95830.0,95347.0,0.0,0.0,0.5,0.0,64.363,0.000,0.0,657130.5
2026-08-31T20:01:39,0.2,4898,1547350,1531258,0.3,0.00,0.59,0.00,2.36,0.00,1.00,0.00,4.0,95830.0,95347.0,0.0,0.0,0.5,0.0,64.395,0.000,0.0,658170.5
2026-08-31T20:01:40,0.2,4900,1547350,1531257,0.3,0.00,0.67,0.00,2.66,0.00,0.00,0.00,4.0,95830.0,95347.0,0.0,0.0,0.5,0.0,64.383,0.000,0.0,655665.0
2026-08-31T20:01:42,0.2,4899,1547350,1531258,0.3,0.00,0.58,0.00,2.31,0.00,0.00,0.00,4.0,95830.0,95347.0,0.0,0.0,0.5,0.0,64.411,0.000,0.0,647977.5
2026-08-31T20:01:44,0.2,4900,1547350,1531257,0.3,0.00,0.57,0.00,2.28,0.00,0.00,0.00,4.0,95830.0,95347.0,0.0,0.0,0.5,0.0,64.404,0.000,0.0,705204.5
2026-08-31T20:01:45,0.2,4900,1547350,1531257,0.3,0.00,0.64,0.00,2.55,0.00,0.00,0.00,4.0,95830.0,95347.0,0.0,0.0,0.5,0.0,64.373,0.000,0.0,705204.5
2026-08-31T20:01:46,0.3,4899,1547350,1531258,0.3,0.00,4.18,0.00,16.74,0.00,0.00,0.00,4.0,95830.0,95347.0,0.0,0.0,0.5,0.0,64.376,0.000,0.0,689949.5
2026-08-31T20:01:47,0.2,4899,1547350,1531258,0.3,0.00,0.73,0.00,2.93,0.00,0.00,0.00,4.0,95830.0,95347.0,0.0,0.0,0.5,0.0,64.379,0.000,0.0,658348.5
2026-08-31T20:01:49,0.2,4898,1547350,1531259,0.3,0.00,0.61,0.00,2.43,0.00,0.00,0.00,4.0,95830.0,95347.0,0.0,0.0,0.5,0.0,64.394,0.000,0.0,658348.5
2026-08-31T20:01:49,0.3,4898,1547350,1531259,0.3,0.00,2.31,0.00,9.26,0.00,0.00,0.00,4.0,95830.0,95347.0,0.0,0.0,0.5,0.0,64.378,0.000,0.0,736573.5
2026-08-31T20:01:50,0.2,4898,1547350,1531259,0.3,0.00,0.84,0.00,3.36,0.00,0.00,0.00,4.0,95830.0,95347.0,0.0,0.0,0.5,0.0,64.389,0.000,0.0,736573.5
2026-08-31T20:01:51,0.2,4897,1547350,1531260,0.3,0.00,4.72,0.00,28.30,0.00,0.00,0.00,4.0,95830.0,95347.0,0.0,0.0,0.5,0.0,64.375,0.000,0.0,802748.5
2026-08-31T20:01:51,0.3,4898,1547350,1531259,0.3,0.00,1.72,0.00,6.90,0.00,0.00,0.00,4.0,95830.0,95347.0,0.0,0.0,0.5,0.0,64.374,0.000,0.0,675132.0
2026-08-31T20:01:53,0.2,4897,1547350,1531260,0.3,0.00,0.82,0.00,3.29,0.00,0.00,0.00,4.0,95830.0,95347.0,0.0,0.0,0.5,0.0,64.363,0.000,0.0,661139.0
2026-08-31T20:01:54,0.2,4897,1547350,1531260,0.3,0.00,0.57,0.00,2.30,0.00,0.00,0.00,4.0,95830.0,95347.0,0.0,0.0,0.5,0.0,64.373,0.000,0.0,658488.5
2026-08-31T20:01:56,0.2,4898,1547350,1531259,0.3,0.00,0.60,0.00,2.41,0.00,0.00,0.00,4.0,95830.0,95347.0,0.0,0.0,0.5,0.0,64.368,0.000,0.0,658488.5
2026-08-31T20:01:56,0.3,4898,1547350,1531259,0.3,0.00,2.38,0.00,9.50,0.00,0.00,0.00,4.0,95830.0,95347.0,0.0,0.0,0.5,0.0,64.362,0.000,0.0,760891.0
2026-08-31T20:01:57,0.2,4897,1547350,1531260,0.3,0.00,1.00,0.00,3.99,0.00,0.00,0.00,4.0,95830.0,95347.0,0.0,0.0,0.5,0.0,64.374,0.000,0.0,660156.5
2026-08-31T20:01:59,0.2,4898,1547350,1531259,0.3,0.00,0.56,0.00,2.24,0.00,1.00,0.00,4.0,95830.0,95347.0,0.0,0.0,0.5,0.0,64.385,0.000,0.0,660156.5
2026-08-31T20:02:00,0.2,4899,1547350,1531258,0.3,0.00,1.45,0.00,5.81,0.00,0.00,0.00,4.0,95830.0,95347.0,0.0,0.0,0.5,0.0,64.382,0.000,0.0,747218.0
2026-08-31T20:02:00,0.2,4899,1547350,1531258,0.3,0.00,2.25,0.00,9.01,0.00,0.00,0.00,4.0,95830.0,95347.0,0.0,0.0,0.5,0.0,64.404,0.000,0.0,660517.0
2026-08-31T20:02:02,0.3,4903,1547350,1531254,0.3,0.00,0.58,0.00,2.34,0.00,0.00,0.00,4.0,95830.0,95347.0,0.0,0.0,0.5,0.0,64.376,0.000,0.0,665722.5
2026-08-31T20:02:04,0.2,4904,1547350,1531253,0.3,0.00,1.20,0.00,11.12,0.00,0.00,0.00,4.0,95830.0,95347.0,0.0,0.0,0.5,0.0,64.362,0.000,0.0,646822.5
2026-08-31T20:02:05,0.2,4903,1547350,1531254,0.3,0.00,0.63,0.00,2.53,0.00,0.00,0.00,4.0,95830.0,95347.0,0.0,0.0,0.5,0.0,64.373,0.000,0.0,691400.5
2026-08-31T20:02:07,0.2,4903,1547350,1531254,0.3,0.00,0.73,0.00,2.90,0.00,0.00,0.07,4.0,95830.0,95347.0,0.0,0.0,0.5,0.0,64.392,0.000,0.0,691550.5
2026-08-31T20:02:08,0.2,4904,1547350,1531253,0.3,0.00,0.96,0.00,3.85,0.00,0.00,0.00,4.0,95830.0,95347.0,0.0,0.0,0.5,0.0,64.383,0.000,0.0,691550.5
2026-08-31T20:02:08,0.2,4904,1547350,1531253,0.3,0.00,1.54,0.00,6.17,0.00,0.00,0.00,4.0,95830.0,95347.0,0.0,0.0,0.5,0.0,64.379,0.000,0.0,670917.5
2026-08-31T20:02:10,0.2,4904,1547350,1531253,0.3,0.00,0.51,0.00,2.02,0.00,0.00,0.00,4.0,95830.0,95347.0,0.0,0.0,0.5,0.0,64.374,0.000,0.0,649633.0
2026-08-31T20:02:12,0.2,4900,1547350,1531256,0.3,0.00,0.50,0.00,2.00,0.00,0.00,0.00,4.0,95830.0,95347.0,0.0,0.0,0.5,0.0,64.370,0.000,0.0,642270.5
2026-08-31T20:02:15,0.2,4900,1547350,1531257,0.3,0.00,0.41,0.00,1.65,0.00,0.00,0.00,4.0,95830.0,95347.0,0.0,0.0,0.5,0.0,64.389,0.000,0.0,653716.0
2026-08-31T20:02:16,0.2,4899,1547350,1531258,0.3,0.00,0.62,0.00,2.47,0.00,0.00,0.00,4.0,95830.0,95347.0,0.0,0.0,0.5,0.0,64.348,0.000,0.0,653716.0
2026-08-31T20:02:17,0.2,4899,1547350,1531258,0.3,0.00,1.29,0.00,5.17,0.00,0.00,0.00,4.0,95830.0,95347.0,0.0,0.0,0.5,0.0,64.371,0.000,0.0,704550.5
2026-08-31T20:02:18,0.2,4899,1547350,1531258,0.3,0.00,0.94,0.00,3.76,0.00,0.00,0.00,4.0,95830.0,95347.0,0.0,0.0,0.5,0.0,64.362,0.000,0.0,655895.0
2026-08-31T20:02:20,0.2,4899,1547350,1531258,0.3,0.00,0.51,0.00,2.02,0.00,0.00,0.00,4.0,95830.0,95347.0,0.0,0.0,0.5,0.0,64.383,0.000,0.0,646509.0
2026-08-31T20:02:22,0.2,4898,1547350,1531259,0.3,0.00,1.51,0.00,6.05,0.00,0.00,0.00,4.0,95830.0,95347.0,0.0,0.0,0.5,0.0,64.362,0.000,0.0,652915.5
2026-08-31T20:02:24,0.2,4899,1547350,1531258,0.3,0.00,0.45,0.00,1.81,0.00,1.00,0.00,4.0,95830.0,95347.0,0.0,0.0,0.5,0.0,64.376,0.000,0.0,658018.0
2026-08-31T20:02:26,0.2,4900,1547350,1531257,0.3,0.00,0.70,0.00,2.81,0.00,0.00,0.00,4.0,95830.0,95347.0,0.0,0.0,0.5,0.0,64.367,0.000,0.0,696092.5
2026-08-31T20:02:28,0.2,4900,1547350,1531257,0.3,0.00,0.50,0.00,2.01,0.00,0.00,0.00,4.0,95830.0,95347.0,0.0,0.0,0.5,0.0,64.353,0.000,0.0,644145.0
2026-08-31T20:02:30,0.2,4899,1547350,1531258,0.3,0.00,0.50,0.00,1.99,0.00,0.00,0.00,4.0,95830.0,95347.0,0.0,0.0,0.5,0.0,64.373,0.000,0.0,648334.0
2026-08-31T20:02:32,0.2,4898,1547350,1531259,0.3,0.00,2.97,0.00,13.85,0.00,0.00,0.00,4.0,95830.0,95347.0,0.0,0.0,0.5,0.0,64.365,0.000,0.0,649029.5
2026-08-31T20:02:33,0.2,4898,1547350,1531259,0.3,0.00,1.75,0.00,11.35,0.00,0.00,0.00,4.0,95830.0,95347.0,0.0,0.0,0.5,0.0,64.359,0.000,0.0,657457.5
2026-08-31T20:02:35,0.2,4898,1547350,1531259,0.3,0.00,0.62,0.00,2.48,0.00,0.00,0.06,4.0,95830.0,95347.0,0.0,0.0,0.5,0.0,64.372,0.000,0.0,658884.5
2026-08-31T20:02:37,0.2,4898,1547350,1531259,0.3,0.00,0.60,0.00,2.39,0.00,0.00,0.00,4.0,95830.0,95347.0,0.0,0.0,0.5,0.0,64.380,0.000,0.0,658814.5
2026-08-31T20:02:38,0.2,4898,1547350,1531259,0.3,0.00,0.63,0.00,2.50,0.00,0.00,0.00,4.0,95830.0,95347.0,0.0,0.0,0.5,0.0,64.369,0.000,0.0,738701.5
2026-08-31T20:02:39,0.2,4898,1547350,1531259,0.3,0.00,0.93,0.00,3.71,0.00,1.00,0.00,4.0,95830.0,95347.0,0.0,0.0,0.5,0.0,64.384,0.000,0.0,668331.0
2026-08-31T20:02:41,0.2,4899,1547350,1531258,0.3,0.00,0.59,0.00,2.36,0.00,0.00,0.00,4.0,95830.0,95347.0,0.0,0.0,0.5,0.0,64.364,0.000,0.0,661721.5
2026-08-31T20:02:43,0.2,4899,1547350,1531258,0.3,0.00,1.21,0.00,4.85,0.00,0.00,0.00,4.0,95830.0,95347.0,0.0,0.0,0.5,0.0,64.365,0.000,0.0,655402.0
2026-08-31T20:02:48,0.2,4898,1547350,1531259,0.3,0.00,0.20,0.00,0.79,0.00,0.00,0.00,4.0,95830.0,95347.0,0.0,0.0,0.5,0.0,64.368,0.000,0.0,621628.5
2026-08-31T20:02:49,0.2,4899,1547350,1531258,0.3,0.00,0.64,0.00,2.54,0.00,0.00,0.00,4.0,95830.0,95347.0,0.0,0.0,0.5,0.0,64.377,0.000,0.0,655859.5
2026-08-31T20:02:51,0.2,4898,1547350,1531259,0.3,0.00,0.55,0.00,2.22,0.00,0.00,0.00,4.0,95830.0,95347.0,0.0,0.0,0.5,0.0,64.388,0.000,0.0,660245.5
2026-08-31T20:02:53,0.2,4899,1547350,1531258,0.3,0.00,1.22,0.00,7.29,0.00,0.00,0.00,4.0,95830.0,95347.0,0.0,0.0,0.5,0.0,64.379,0.000,0.0,669929.0
2026-08-31T20:02:54,0.2,4898,1547350,1531259,0.3,0.00,0.63,0.00,2.53,0.00,0.00,0.00,4.0,95830.0,95347.0,0.0,0.0,0.5,0.0,64.383,0.000,0.0,652582.0
2026-08-31T20:02:56,0.2,4899,1547350,1531258,0.3,0.00,0.54,0.00,2.18,0.00,0.00,0.00,4.0,95830.0,95347.0,0.0,0.0,0.5,0.0,64.358,0.000,0.0,657592.5
2026-08-31T20:02:58,0.2,4899,1547350,1531258,0.3,0.00,0.61,0.00,2.46,0.00,0.00,0.00,4.0,95830.0,95347.0,0.0,0.0,0.5,0.0,64.367,0.000,0.0,656203.5
2026-08-31T20:02:59,0.2,4899,1547350,1531258,0.3,0.00,0.63,0.00,2.51,0.00,0.00,0.00,4.0,95830.0,95347.0,0.0,0.0,0.5,0.0,64.377,0.000,0.0,660051.5
2026-08-31T20:03:01,0.2,4905,1547350,1531252,0.3,0.00,0.62,0.00,2.48,0.00,0.00,0.00,4.0,95830.0,95347.0,0.0,0.0,0.5,0.0,64.361,0.000,0.0,700213.0
2026-08-31T20:03:03,0.2,4905,1547350,1531252,0.3,0.00,0.64,0.00,2.56,0.00,0.00,0.00,4.0,95830.0,95347.0,0.0,0.0,0.5,0.0,64.357,0.000,0.0,658194.0
2026-08-31T20:03:04,0.2,4905,1547350,1531252,0.3,0.00,2.42,0.00,18.42,0.00,0.00,0.00,4.0,95830.0,95347.0,0.0,0.0,0.5,0.0,64.385,0.000,0.0,651636.0
2026-08-31T20:03:06,0.2,4905,1547350,1531251,0.3,0.00,0.50,0.00,1.99,0.00,0.00,0.00,4.0,95830.0,95347.0,0.0,0.0,0.5,0.0,64.370,0.000,0.0,651896.5
2026-08-31T20:03:08,0.2,4905,1547350,1531252,0.3,0.00,0.55,0.00,2.20,0.00,1.00,0.00,4.0,95830.0,95347.0,0.0,0.0,0.5,0.0,64.376,0.000,0.0,651510.5
2026-08-31T20:03:10,0.2,4905,1547350,1531252,0.3,0.00,0.49,0.00,1.96,0.00,0.00,0.00,4.0,95830.0,95347.0,0.0,0.0,0.5,0.0,64.365,0.000,0.0,646420.0
2026-08-31T20:03:12,0.2,4902,1547350,1531255,0.3,0.00,0.50,0.00,2.00,0.00,0.00,0.00,4.0,95830.0,95347.0,0.0,0.0,0.5,0.0,64.400,0.000,0.0,645477.0
2026-08-31T20:03:14,0.2,4902,1547350,1531255,0.3,0.00,0.49,0.00,1.97,0.00,0.00,0.00,4.0,95830.0,95347.0,0.0,0.0,0.5,0.0,64.394,0.000,0.0,646468.0
2026-08-31T20:03:16,0.2,4901,1547350,1531256,0.3,0.00,0.50,0.00,2.00,0.00,0.00,0.00,4.0,95830.0,95347.0,0.0,0.0,0.5,0.0,64.362,0.000,0.0,659488.5
2026-08-31T20:03:18,0.2,4901,1547350,1531256,0.3,0.00,0.50,0.00,2.01,0.00,0.00,0.00,4.0,95830.0,95347.0,0.0,0.0,0.5,0.0,64.380,0.000,0.0,652781.0
2026-08-31T20:03:21,0.2,4901,1547350,1531256,0.3,0.00,0.43,0.00,1.71,0.00,0.00,0.00,4.0,95830.0,95347.0,0.0,0.0,0.5,0.0,64.359,0.000,0.0,640439.5
2026-08-31T20:03:22,0.2,4901,1547350,1531256,0.3,0.00,1.58,0.00,6.31,0.00,0.00,0.00,4.0,95830.0,95347.0,0.0,0.0,0.5,0.0,64.380,0.000,0.0,670203.0
2026-08-31T20:03:24,0.2,4901,1547350,1531256,0.3,0.00,0.49,0.00,1.97,0.00,0.00,0.00,4.0,95830.0,95347.0,0.0,0.0,0.5,0.0,64.387,0.000,0.0,647783.5
2026-08-31T20:03:26,0.2,4902,1547350,1531255,0.3,0.00,0.50,0.00,2.02,0.00,0.00,0.00,4.0,95830.0,95347.0,0.0,0.0,0.5,0.0,64.359,0.000,0.0,645748.0
2026-08-31T20:03:29,0.2,4901,1547350,1531256,0.3,0.00,0.49,0.00,1.97,0.00,0.00,0.00,4.0,95830.0,95347.0,0.0,0.0,0.5,0.0,64.359,0.000,0.0,657635.0
2026-08-31T20:03:31,0.2,4901,1547350,1531256,0.3,0.00,0.46,0.00,1.83,0.00,0.00,0.00,4.0,95830.0,95347.0,0.0,0.0,0.5,0.0,64.382,0.000,0.0,646036.5
2026-08-31T20:03:33,0.2,4902,1547350,1531255,0.3,0.00,2.84,0.00,11.35,0.00,0.17,0.00,4.0,95830.0,95347.0,0.0,0.0,0.5,0.0,64.365,0.000,0.0,649943.0
2026-08-31T20:03:35,0.2,4902,1547350,1531255,0.3,0.00,1.08,0.00,9.44,0.00,0.00,0.00,4.0,95830.0,95347.0,0.0,0.0,0.5,0.0,64.347,0.000,0.0,654559.5
2026-08-31T20:03:36,0.2,4902,1547350,1531255,0.3,0.00,0.57,0.00,2.30,0.00,0.00,0.00,4.0,95830.0,95347.0,0.0,0.0,0.5,0.0,64.369,0.000,0.0,659586.5
2026-08-31T20:03:38,0.2,4901,1547350,1531256,0.3,0.00,0.59,0.00,2.35,0.00,0.00,0.00,4.0,95830.0,95347.0,0.0,0.0,0.5,0.0,64.366,0.000,0.0,653673.0
2026-08-31T20:03:40,0.2,4900,1547350,1531257,0.3,0.00,0.65,0.00,2.60,0.00,0.00,0.00,4.0,95830.0,95347.0,0.0,0.0,0.5,0.0,64.390,0.000,0.0,658609.0
2026-08-31T20:03:41,0.2,4901,1547350,1531256,0.3,0.00,0.61,0.00,2.45,0.00,0.00,0.00,4.0,95830.0,95347.0,0.0,0.0,0.5,0.0,64.377,0.000,0.0,659559.0
2026-08-31T20:03:43,0.2,4901,1547350,1531256,0.3,0.00,0.64,0.00,2.55,0.00,0.00,0.00,4.0,95830.0,95347.0,0.0,0.0,0.5,0.0,64.385,0.000,0.0,656526.0
2026-08-31T20:03:44,0.2,4901,1547350,1531256,0.3,0.00,1.20,0.00,4.80,0.00,0.00,0.00,4.0,95830.0,95347.0,0.0,0.0,0.5,0.0,64.382,0.000,0.0,668864.0
2026-08-31T20:03:46,0.2,4901,1547350,1531256,0.3,0.00,0.54,0.00,2.18,0.00,0.00,0.00,4.0,95830.0,95347.0,0.0,0.0,0.5,0.0,64.362,0.000,0.0,650615.5
2026-08-31T20:03:48,0.2,4900,1547350,1531257,0.3,0.00,0.65,0.00,2.60,0.00,0.00,0.07,4.0,95830.0,95347.0,0.0,0.0,0.5,0.0,64.362,0.000,0.0,658138.5
2026-08-31T20:03:50,0.2,4900,1547350,1531257,0.3,0.00,0.60,0.00,2.41,0.00,0.00,0.00,4.0,95830.0,95347.0,0.0,0.0,0.5,0.0,64.379,0.000,0.0,661604.5
2026-08-31T20:03:51,0.2,4900,1547350,1531257,0.3,0.00,0.60,0.00,2.42,0.00,0.00,0.00,4.0,95830.0,95347.0,0.0,0.0,0.5,0.0,64.359,0.000,0.0,755841.5
2026-08-31T20:03:53,0.2,4900,1547350,1531257,0.3,0.00,0.63,0.00,2.52,0.00,0.00,0.00,4.0,95830.0,95347.0,0.0,0.0,0.5,0.0,64.347,0.000,0.0,658453.0
2026-08-31T20:03:54,0.2,4899,1547350,1531258,0.3,0.00,0.62,0.00,2.46,0.00,0.00,0.00,4.0,95830.0,95347.0,0.0,0.0,0.5,0.0,64.364,0.000,0.0,658476.5
2026-08-31T20:03:56,0.2,4901,1547350,1531256,0.3,0.00,0.64,0.00,2.56,0.00,0.00,0.00,4.0,95830.0,95347.0,0.0,0.0,0.5,0.0,64.346,0.000,0.0,658302.0
2026-08-31T20:03:58,0.2,4900,1547350,1531257,0.3,0.00,0.61,0.00,2.43,0.00,0.00,0.00,4.0,95830.0,95347.0,0.0,0.0,0.5,0.0,64.362,0.000,0.0,658526.5
2026-08-31T20:03:59,0.2,4900,1547350,1531257,0.3,0.00,1.86,0.00,9.89,0.00,0.33,0.00,4.0,95830.0,95347.0,0.0,0.0,0.5,0.0,64.356,0.000,0.0,657534.5
2026-08-31T20:04:01,0.2,4906,1547350,1531251,0.3,0.00,0.62,0.00,2.49,0.00,0.00,0.00,4.0,95830.0,95347.0,0.0,0.0,0.5,0.0,64.362,0.000,0.0,710116.0
2026-08-31T20:04:03,0.3,4906,1547350,1531251,0.3,0.00,0.55,0.00,2.21,0.00,0.00,0.00,4.0,95830.0,95347.0,0.0,0.0,0.5,0.0,64.358,0.000,0.0,665603.0
2026-08-31T20:04:04,0.2,4906,1547350,1531251,0.3,0.00,1.24,0.00,13.37,0.00,0.00,0.00,4.0,95830.0,95347.0,0.0,0.0,0.5,0.0,64.353,0.000,0.0,677118.5
2026-08-31T20:04:06,0.2,4906,1547350,1531251,0.3,0.00,0.62,0.00,2.46,0.00,0.00,0.00,4.0,95830.0,95347.0,0.0,0.0,0.5,0.0,64.334,0.000,0.0,633330.0
2026-08-31T20:04:08,0.2,4905,1547350,1531252,0.3,0.00,0.50,0.00,1.98,0.00,0.00,0.00,4.0,95830.0,95347.0,0.0,0.0,0.5,0.0,64.346,0.000,0.0,686161.0
2026-08-31T20:04:10,0.2,4906,1547350,1531251,0.3,0.00,0.54,0.00,2.17,0.00,0.00,0.00,4.0,95830.0,95347.0,0.0,0.0,0.5,0.0,64.382,0.000,0.0,688054.0
2026-08-31T20:04:12,0.2,4904,1547350,1531253,0.3,0.00,0.48,0.00,1.93,0.00,0.00,0.00,4.0,95830.0,95347.0,0.0,0.0,0.5,0.0,64.390,0.000,0.0,646507.0
2026-08-31T20:04:14,0.2,4903,1547350,1531254,0.3,0.00,0.52,0.00,2.07,0.00,0.00,0.00,4.0,95830.0,95347.0,0.0,0.0,0.5,0.0,64.358,0.000,0.0,648367.0
2026-08-31T20:04:16,0.2,4903,1547350,1531253,0.3,0.00,0.49,0.00,1.98,0.00,0.00,0.00,4.0,95830.0,95347.0,0.0,0.0,0.5,0.0,64.350,0.000,0.0,640966.5
2026-08-31T20:04:18,0.2,4904,1547350,1531253,0.3,0.00,0.45,0.00,1.80,0.00,0.00,0.00,4.0,95830.0,95347.0,0.0,0.0,0.5,0.0,64.323,0.000,0.0,647513.5
2026-08-31T20:04:20,0.2,4904,1547350,1531252,0.3,0.00,0.50,0.00,2.02,0.00,0.00,0.00,4.0,95830.0,95347.0,0.0,0.0,0.5,0.0,64.326,0.000,0.0,692809.0
2026-08-31T20:04:22,0.2,4904,1547350,1531253,0.3,0.00,0.47,0.00,1.89,0.00,0.00,0.00,4.0,95830.0,95347.0,0.0,0.0,0.5,0.0,64.368,0.000,0.0,646182.0
2026-08-31T20:04:24,0.2,4904,1547350,1531253,0.3,0.00,0.52,0.00,2.07,0.00,0.00,0.00,4.0,95830.0,95347.0,0.0,0.0,0.5,0.0,64.318,0.000,0.0,646912.0
2026-08-31T20:04:26,0.2,4904,1547350,1531253,0.3,0.00,0.50,0.00,1.99,0.00,0.00,0.00,4.0,95830.0,95347.0,0.0,0.0,0.5,0.0,64.350,0.000,0.0,645942.5
2026-08-31T20:04:28,0.2,4903,1547350,1531254,0.3,0.00,0.49,0.00,1.97,0.00,0.00,0.00,4.0,95830.0,95347.0,0.0,0.0,0.5,0.0,64.338,0.000,0.0,650019.5
2026-08-31T20:04:30,0.2,4903,1547350,1531254,0.3,0.00,1.00,0.00,4.01,0.00,0.00,0.00,4.0,95830.0,95347.0,0.0,0.0,0.5,0.0,64.300,0.000,0.0,645665.0
2026-08-31T20:04:32,0.2,4902,1547350,1531255,0.3,0.00,0.42,0.00,1.67,0.00,1.00,0.00,4.0,95830.0,95347.0,0.0,0.0,0.5,0.0,64.315,0.000,0.0,647416.0
2026-08-31T20:04:34,0.2,4902,1547350,1531255,0.3,0.00,8.45,0.00,55.91,0.00,0.06,0.00,4.0,95830.0,95347.0,0.0,0.0,0.5,0.0,64.330,0.000,0.0,649103.0
2026-08-31T20:04:36,0.2,4902,1547350,1531255,0.3,0.00,0.59,0.00,2.34,0.00,0.00,0.00,4.0,95830.0,95347.0,0.0,0.0,0.5,0.0,64.328,0.000,0.0,657724.0
2026-08-31T20:04:38,0.2,4902,1547350,1531255,0.3,0.00,0.62,0.00,2.50,0.00,0.00,0.06,4.0,95830.0,95347.0,0.0,0.0,0.5,0.0,64.342,0.000,0.0,694324.5
2026-08-31T20:04:39,0.2,4901,1547350,1531256,0.3,0.00,0.60,0.00,2.40,0.00,0.00,0.00,4.0,95830.0,95347.0,0.0,0.0,0.5,0.0,64.350,0.000,0.0,677141.0
2026-08-31T20:04:41,0.2,4902,1547350,1531255,0.3,0.00,0.64,0.00,2.57,0.00,0.00,0.00,4.0,95830.0,95347.0,0.0,0.0,0.5,0.0,64.337,0.000,0.0,648688.0
2026-08-31T20:04:43,0.2,4901,1547350,1531256,0.3,0.00,0.55,0.00,2.19,0.00,0.00,0.00,4.0,95830.0,95347.0,0.0,0.0,0.5,0.0,64.291,0.000,0.0,669716.5
2026-08-31T20:04:44,0.2,4901,1547350,1531256,0.3,0.00,0.61,0.00,2.44,0.00,0.00,0.00,4.0,95830.0,95347.0,0.0,0.0,0.5,0.0,64.297,0.000,0.0,655607.5
2026-08-31T20:04:46,0.2,4901,1547350,1531256,0.3,0.00,1.26,0.00,5.05,0.00,0.00,0.00,4.0,95830.0,95347.0,0.0,0.0,0.5,0.0,64.290,0.000,0.0,662767.5
2026-08-31T20:04:48,0.2,4901,1547350,1531256,0.3,0.00,0.61,0.00,2.45,0.00,0.00,0.00,4.0,95830.0,95347.0,0.0,0.0,0.5,0.0,64.305,0.000,0.0,656843.5
2026-08-31T20:04:49,0.2,4900,1547350,1531257,0.3,0.00,0.63,0.00,2.53,0.00,0.00,0.00,4.0,95830.0,95347.0,0.0,0.0,0.5,0.0,64.316,0.000,0.0,654974.0
2026-08-31T20:04:51,0.2,4900,1547350,1531257,0.3,0.00,0.61,0.00,2.45,0.00,0.00,0.00,4.0,95830.0,95347.0,0.0,0.0,0.5,0.0,64.283,0.000,0.0,659001.0
2026-08-31T20:04:53,0.2,4902,1547350,1531255,0.3,0.00,0.59,0.00,2.37,0.00,0.00,0.00,4.0,95830.0,95347.0,0.0,0.0,0.5,0.0,64.291,0.000,0.0,651867.5
2026-08-31T20:04:54,0.2,4901,1547350,1531256,0.3,0.00,0.58,0.00,2.33,0.00,0.00,0.00,4.0,95830.0,95347.0,0.0,0.0,0.5,0.0,64.299,0.000,0.0,656511.5
2026-08-31T20:04:56,0.2,4901,1547350,1531256,0.3,0.00,0.61,0.00,2.44,0.00,0.00,0.00,4.0,95830.0,95347.0,0.0,0.0,0.5,0.0,64.296,0.000,0.0,690445.0
2026-08-31T20:04:58,0.2,4900,1547350,1531257,0.3,0.00,0.56,0.00,2.23,0.00,0.00,0.00,4.0,95830.0,95347.0,0.0,0.0,0.5,0.0,64.297,0.000,0.0,649325.0
2026-08-31T20:04:59,0.2,4901,1547350,1531256,0.3,0.00,0.62,0.00,2.48,0.00,1.00,0.00,4.0,95830.0,95347.0,0.0,0.0,0.5,0.0,64.268,0.000,0.0,657696.0
2026-08-31T20:05:01,0.2,4905,1547350,1531252,0.3,0.00,1.85,0.00,9.85,0.00,0.00,0.00,4.0,95830.0,95347.0,0.0,0.0,0.5,0.0,64.250,0.000,0.0,662076.5
2026-08-31T20:05:03,0.3,4906,1547350,1531251,0.3,0.00,0.62,0.00,2.48,0.00,0.00,0.00,4.0,95830.0,95347.0,0.0,0.0,0.5,0.0,64.310,0.000,0.0,649321.5
2026-08-31T20:05:04,0.2,4906,1547350,1531251,0.3,0.00,3.30,0.00,16.80,0.00,0.00,0.06,4.0,95830.0,95347.0,0.0,0.0,0.5,0.0,64.263,0.000,0.0,663420.5
2026-08-31T20:05:06,0.2,4906,1547350,1531251,0.3,0.00,0.62,0.00,2.47,0.00,0.00,0.00,4.0,95830.0,95347.0,0.0,0.0,0.5,0.0,64.305,0.000,0.0,651332.0
2026-08-31T20:05:08,0.2,4906,1547350,1531251,0.3,0.00,0.51,0.00,2.06,0.00,0.00,0.00,4.0,95830.0,95347.0,0.0,0.0,0.5,0.0,64.256,0.000,0.0,685533.0
2026-08-31T20:05:10,0.2,4906,1547350,1531251,0.3,0.00,0.53,0.00,2.12,0.00,0.00,0.00,4.0,95830.0,95347.0,0.0,0.0,0.5,0.0,64.285,0.000,0.0,648079.0
2026-08-31T20:05:12,0.2,4903,1547350,1531254,0.3,0.00,0.50,0.00,2.00,0.00,0.00,0.00,4.0,95830.0,95347.0,0.0,0.0,0.5,0.0,64.225,0.000,0.0,645552.0
2026-08-31T20:05:14,0.2,4903,1547350,1531254,0.3,0.00,0.50,0.00,1.99,0.00,0.00,0.00,4.0,95830.0,95347.0,0.0,0.0,0.5,0.0,64.233,0.000,0.0,646315.0
2026-08-31T20:05:16,0.2,4902,1547350,1531255,0.3,0.00,0.49,0.00,1.98,0.00,0.00,0.05,4.0,95830.0,95347.0,0.0,0.0,0.5,0.0,64.234,0.000,0.0,650425.5
2026-08-31T20:05:18,0.2,4902,1547350,1531255,0.3,0.00,0.51,0.00,2.02,0.00,0.00,0.00,4.0,95830.0,95347.0,0.0,0.0,0.5,0.0,64.218,0.000,0.0,631890.0
2026-08-31T20:05:20,0.2,4902,1547350,1531255,0.3,0.00,0.49,0.00,1.94,0.00,0.00,0.00,4.0,95830.0,95347.0,0.0,0.0,0.5,0.0,64.223,0.000,0.0,664478.5
2026-08-31T20:05:22,0.2,4902,1547350,1531255,0.3,0.00,0.50,0.00,1.98,0.00,0.00,0.00,4.0,95830.0,95347.0,0.0,0.0,0.5,0.0,64.213,0.000,0.0,639578.5
2026-08-31T20:05:24,0.2,4902,1547350,1531255,0.3,0.00,0.45,0.00,1.80,0.00,1.00,0.00,4.0,95830.0,95347.0,0.0,0.0,0.5,0.0,64.236,0.000,0.0,646122.0
2026-08-31T20:05:26,0.2,4902,1547350,1531255,0.3,0.00,0.50,0.00,2.00,0.00,0.00,0.00,4.0,95830.0,95347.0,0.0,0.0,0.5,0.0,64.210,0.000,0.0,645922.0
2026-08-31T20:05:28,0.2,4902,1547350,1531255,0.3,0.00,0.50,0.00,2.00,0.00,0.00,0.00,4.0,95830.0,95347.0,0.0,0.0,0.5,0.0,64.251,0.000,0.0,632996.5
2026-08-31T20:05:30,0.2,4902,1547350,1531255,0.3,0.00,0.49,0.00,1.97,0.00,0.00,0.05,4.0,95830.0,95347.0,0.0,0.0,0.5,0.0,64.211,0.000,0.0,665682.0
2026-08-31T20:05:32,0.2,4902,1547350,1531255,0.3,0.00,0.99,0.00,3.95,0.00,0.00,0.00,4.0,95830.0,95347.0,0.0,0.0,0.5,0.0,64.191,0.000,0.0,646461.5
2026-08-31T20:05:34,0.2,4902,1547350,1531255,0.3,0.00,0.49,0.00,1.98,0.00,0.00,0.00,4.0,95830.0,95347.0,0.0,0.0,0.5,0.0,64.236,0.000,0.0,649101.5
2026-08-31T20:05:36,0.2,4902,1547350,1531255,0.3,0.00,5.10,0.00,43.09,0.00,0.00,0.00,4.0,95830.0,95347.0,0.0,0.0,0.5,0.0,64.227,0.000,0.0,664700.5
2026-08-31T20:05:38,0.2,4902,1547350,1531255,0.3,0.00,0.57,0.00,2.29,0.00,1.00,0.00,4.0,95830.0,95347.0,0.0,0.0,0.5,0.0,64.179,0.000,0.0,655152.5
2026-08-31T20:05:40,0.2,4901,1547350,1531256,0.3,0.00,0.55,0.00,2.19,0.00,0.00,0.00,4.0,95830.0,95347.0,0.0,0.0,0.5,0.0,64.174,0.000,0.0,656915.5
2026-08-31T20:05:41,0.2,4900,1547350,1531257,0.3,0.00,0.67,0.00,2.68,0.00,0.00,0.00,4.0,95830.0,95347.0,0.0,0.0,0.5,0.0,64.165,0.000,0.0,657725.0
2026-08-31T20:05:43,0.2,4901,1547350,1531256,0.3,0.00,0.58,0.00,2.32,0.00,0.00,0.00,4.0,95830.0,95347.0,0.0,0.0,0.5,0.0,64.189,0.000,0.0,665895.5
2026-08-31T20:05:45,0.2,4901,1547350,1531256,0.3,0.00,0.64,0.00,2.57,0.00,0.00,0.00,4.0,95830.0,95347.0,0.0,0.0,0.5,0.0,64.188,0.000,0.0,660477.0
2026-08-31T20:05:46,0.2,4901,1547350,1531256,0.3,0.00,1.26,0.00,5.05,0.00,0.00,0.00,4.0,95830.0,95347.0,0.0,0.0,0.5,0.0,64.121,0.000,0.0,655201.0
2026-08-31T20:05:48,0.2,4901,1547350,1531256,0.3,0.00,0.59,0.00,2.36,0.00,0.00,0.00,4.0,95830.0,95347.0,0.0,0.0,0.5,0.0,64.183,0.000,0.0,660239.0
2026-08-31T20:05:49,0.2,4901,1547350,1531256,0.3,0.00,0.62,0.00,2.48,0.00,0.00,0.00,4.0,95830.0,95347.0,0.0,0.0,0.5,0.0,64.182,0.000,0.0,663585.5
2026-08-31T20:05:51,0.2,4900,1547350,1531257,0.3,0.00,0.64,0.00,2.54,0.00,0.00,0.00,4.0,95830.0,95347.0,0.0,0.0,0.5,0.0,64.133,0.000,0.0,656431.0
2026-08-31T20:05:53,0.2,4900,1547350,1531257,0.3,0.00,0.63,0.00,2.50,0.00,0.00,0.00,4.0,95830.0,95347.0,0.0,0.0,0.5,0.0,64.178,0.000,0.0,652183.0
2026-08-31T20:05:54,0.2,4900,1547350,1531257,0.3,0.00,0.57,0.00,2.26,0.00,0.00,0.00,4.0,95830.0,95347.0,0.0,0.0,0.5,0.0,64.165,0.000,0.0,679574.0
2026-08-31T20:05:56,0.2,4900,1547350,1531257,0.3,0.00,0.59,0.00,2.37,0.00,0.00,0.00,4.0,95830.0,95347.0,0.0,0.0,0.5,0.0,64.181,0.000,0.0,656700.5
2026-08-31T20:05:58,0.2,4900,1547350,1531257,0.3,0.00,0.62,0.00,2.50,0.00,0.00,0.00,4.0,95830.0,95347.0,0.0,0.0,0.5,0.0,64.118,0.000,0.0,657870.5
2026-08-31T20:05:59,0.2,4901,1547350,1531256,0.3,0.00,0.60,0.00,2.41,0.00,0.00,0.00,4.0,95830.0,95347.0,0.0,0.0,0.5,0.0,64.105,0.000,0.0,652376.5
2026-08-31T20:06:01,0.2,4904,1547350,1531253,0.3,0.00,0.57,0.00,2.27,0.00,0.00,0.00,4.0,95830.0,95347.0,0.0,0.0,0.5,0.0,64.151,0.000,0.0,676313.0
2026-08-31T20:06:03,0.3,4904,1547350,1531253,0.3,0.00,1.24,0.00,7.44,0.00,0.00,0.00,4.0,95830.0,95347.0,0.0,0.0,0.5,0.0,64.154,0.000,0.0,654989.5
2026-08-31T20:06:05,0.2,4904,1547350,1531253,0.3,0.00,0.56,0.00,2.23,0.00,0.00,0.00,4.0,95830.0,95347.0,0.0,0.0,0.5,0.0,64.139,0.000,0.0,698782.5
2026-08-31T20:06:06,0.2,4904,1547350,1531253,0.3,0.00,1.22,0.00,11.88,0.00,0.50,0.00,4.0,95830.0,95347.0,0.0,0.0,0.5,0.0,64.181,0.000,0.0,657057.5
2026-08-31T20:06:08,0.2,4904,1547350,1531253,0.3,0.00,1.23,0.00,7.36,0.00,0.00,0.00,4.0,95830.0,95347.0,0.0,0.0,0.5,0.0,64.168,0.000,0.0,686016.0
2026-08-31T20:06:10,0.2,4904,1547350,1531253,0.3,0.00,0.56,0.00,2.22,0.00,0.00,0.00,4.0,95830.0,95347.0,0.0,0.0,0.5,0.0,64.117,0.000,0.0,684158.5
2026-08-31T20:06:12,0.2,4901,1547350,1531256,0.3,0.00,0.50,0.00,2.02,0.00,0.00,0.00,4.0,95830.0,95347.0,0.0,0.0,0.5,0.0,64.112,0.000,0.0,654703.0
2026-08-31T20:06:14,0.2,4900,1547350,1531257,0.3,0.00,0.49,0.00,1.96,0.00,0.00,0.00,4.0,95830.0,95347.0,0.0,0.0,0.5,0.0,64.104,0.000,0.0,660809.5
2026-08-31T20:06:16,0.2,4900,1547350,1531256,0.3,0.00,0.49,0.00,1.96,0.00,0.00,0.00,4.0,95830.0,95347.0,0.0,0.0,0.5,0.0,64.060,0.000,0.0,654499.0
2026-08-31T20:06:17,0.2,4901,1547350,1531256,0.3,0.00,0.56,0.00,2.22,0.00,0.00,0.00,4.0,95830.0,95347.0,0.0,0.0,0.5,0.0,64.067,0.000,0.0,646204.0
2026-08-31T20:06:20,0.2,4901,1547350,1531256,0.3,0.00,0.46,0.00,1.82,0.00,0.00,0.05,4.0,95830.0,95347.0,0.0,0.0,0.5,0.0,64.064,0.000,0.0,642224.0
2026-08-31T20:06:22,0.2,4901,1547350,1531256,0.3,0.00,0.50,0.00,1.99,0.00,0.00,0.00,4.0,95830.0,95347.0,0.0,0.0,0.5,0.0,64.092,0.000,0.0,631972.0
2026-08-31T20:06:24,0.2,4900,1547350,1531257,0.3,0.00,0.48,0.00,1.94,0.00,0.00,0.00,4.0,95830.0,95347.0,0.0,0.0,0.5,0.0,64.077,0.000,0.0,666199.0
2026-08-31T20:06:26,0.2,4900,1547350,1531257,0.3,0.00,0.50,0.00,2.01,0.00,0.00,0.00,4.0,95830.0,95347.0,0.0,0.0,0.5,0.0,64.076,0.000,0.0,651845.5
2026-08-31T20:06:28,0.2,4900,1547350,1531256,0.3,0.00,0.49,0.00,1.96,0.00,0.00,0.00,4.0,95830.0,95347.0,0.0,0.0,0.5,0.0,64.039,0.000,0.0,649140.0
2026-08-31T20:06:30,0.2,4901,1547350,1531256,0.3,0.00,0.47,0.00,1.86,0.00,0.00,0.00,4.0,95830.0,95347.0,0.0,0.0,0.5,0.0,64.061,0.000,0.0,635724.0
2026-08-31T20:06:32,0.2,4900,1547350,1531257,0.3,0.00,3.24,0.00,15.14,0.00,0.17,0.00,4.0,95830.0,95347.0,0.0,0.0,0.5,0.0,64.059,0.000,0.0,661903.0
2026-08-31T20:06:34,0.2,4900,1547350,1531257,0.3,0.00,0.49,0.00,1.95,0.00,0.00,0.00,4.0,95830.0,95347.0,0.0,0.0,0.5,0.0,64.067,0.000,0.0,662953.5
2026-08-31T20:06:36,0.2,4900,1547350,1531257,0.3,0.00,3.48,0.00,19.40,0.00,0.00,0.00,4.0,95830.0,95347.0,0.0,0.0,0.5,0.0,64.031,0.000,0.0,652504.5
2026-08-31T20:06:38,0.2,4900,1547350,1531257,0.3,0.00,1.00,0.00,3.98,0.00,0.00,0.00,4.0,95830.0,95347.0,0.0,0.0,0.5,0.0,64.037,0.000,0.0,654110.0
2026-08-31T20:06:39,0.2,4900,1547350,1531257,0.3,0.00,0.61,0.00,2.44,0.00,0.00,0.00,4.0,95830.0,95347.0,0.0,0.0,0.5,0.0,64.048,0.000,0.0,656379.0
2026-08-31T20:06:41,0.2,4900,1547350,1531257,0.3,0.00,0.59,0.00,2.38,0.00,0.00,0.00,4.0,95830.0,95347.0,0.0,0.0,0.5,0.0,64.047,0.000,0.0,685220.0
2026-08-31T20:06:42,0.2,4900,1547350,1531257,0.3,0.00,1.48,0.00,5.94,0.00,0.00,0.00,4.0,95830.0,95347.0,0.0,0.0,0.5,0.0,64.040,0.000,0.0,658609.0
2026-08-31T20:06:44,0.2,4900,1547350,1531257,0.3,0.00,0.61,0.00,2.43,0.00,0.00,0.00,4.0,95830.0,95347.0,0.0,0.0,0.5,0.0,64.052,0.000,0.0,670452.5
2026-08-31T20:06:46,0.2,4901,1547350,1531256,0.3,0.00,0.61,0.00,2.44,0.00,0.00,0.00,4.0,95830.0,95347.0,0.0,0.0,0.5,0.0,64.053,0.000,0.0,662912.5
2026-08-31T20:06:47,0.2,4901,1547350,1531256,0.3,0.00,0.63,0.00,2.53,0.00,1.00,0.00,4.0,95830.0,95347.0,0.0,0.0,0.5,0.0,64.038,0.000,0.0,656072.0
2026-08-31T20:06:49,0.2,4901,1547350,1531256,0.3,0.00,0.64,0.00,2.58,0.00,0.00,0.00,4.0,95830.0,95347.0,0.0,0.0,0.5,0.0,64.050,0.000,0.0,656655.5
2026-08-31T20:06:51,0.2,4901,1547350,1531256,0.3,0.00,0.55,0.00,2.21,0.00,0.00,0.00,4.0,95830.0,95347.0,0.0,0.0,0.5,0.0,64.059,0.000,0.0,659080.5
2026-08-31T20:06:52,0.2,4901,1547350,1531256,0.3,0.00,0.59,0.00,2.37,0.00,0.00,0.00,4.0,95830.0,95347.0,0.0,0.0,0.5,0.0,64.031,0.000,0.0,662371.0
2026-08-31T20:06:54,0.2,4901,1547350,1531256,0.3,0.00,0.64,0.00,2.55,0.00,0.00,0.00,4.0,95830.0,95347.0,0.0,0.0,0.5,0.0,64.070,0.000,0.0,661724.0
2026-08-31T20:06:56,0.2,4901,1547350,1531256,0.3,0.00,0.59,0.00,2.36,0.00,0.00,0.00,4.0,95830.0,95347.0,0.0,0.0,0.5,0.0,64.078,0.000,0.0,654274.0
2026-08-31T20:06:57,0.2,4901,1547350,1531256,0.3,0.00,0.56,0.00,2.25,0.00,0.00,0.00,4.0,95830.0,95347.0,0.0,0.0,0.5,0.0,64.052,0.000,0.0,659503.0
2026-08-31T20:06:59,0.2,4900,1547350,1531257,0.3,0.00,0.64,0.00,2.55,0.00,0.00,0.00,4.0,95830.0,95347.0,0.0,0.0,0.5,0.0,64.008,0.000,0.0,656209.0
2026-08-31T20:07:01,0.3,4907,1547350,1531250,0.3,0.00,0.56,0.00,2.26,0.00,0.00,0.00,4.0,95830.0,95347.0,0.0,0.0,0.5,0.0,64.021,0.000,0.0,656602.0
2026-08-31T20:07:02,0.2,4908,1547350,1531249,0.3,0.00,0.59,0.00,2.38,0.00,0.00,0.00,4.0,95830.0,95347.0,0.0,0.0,0.5,0.0,64.002,0.000,0.0,657004.0
2026-08-31T20:07:04,0.2,4908,1547350,1531249,0.3,0.00,1.26,0.00,5.03,0.00,0.00,0.00,4.0,95830.0,95347.0,0.0,0.0,0.5,0.0,64.014,0.000,0.0,694342.5
2026-08-31T20:07:06,0.2,4907,1547350,1531250,0.3,0.00,1.61,0.00,11.78,0.00,0.00,0.00,4.0,95830.0,95347.0,0.0,0.0,0.5,0.0,64.047,0.000,0.0,632260.5
2026-08-31T20:07:08,0.2,4907,1547350,1531250,0.3,0.00,1.12,0.00,6.70,0.00,0.00,0.00,4.0,95830.0,95347.0,0.0,0.0,0.5,0.0,64.023,0.000,0.0,660627.5
2026-08-31T20:07:10,0.2,4906,1547350,1531251,0.3,0.00,0.49,0.00,1.98,0.00,0.00,0.00,4.0,95830.0,95347.0,0.0,0.0,0.5,0.0,64.034,0.000,0.0,645513.0
2026-08-31T20:07:12,0.2,4902,1547350,1531255,0.3,0.00,0.50,0.00,2.00,0.00,0.00,0.00,4.0,95830.0,95347.0,0.0,0.0,0.5,0.0,64.021,0.000,0.0,646626.5
2026-08-31T20:07:14,0.2,4902,1547350,1531255,0.3,0.00,0.49,0.00,1.98,0.00,1.00,0.00,4.0,95830.0,95347.0,0.0,0.0,0.5,0.0,64.022,0.000,0.0,650919.5
2026-08-31T20:07:16,0.2,4902,1547350,1531255,0.3,0.00,0.56,0.00,2.23,0.00,0.00,0.00,4.0,95830.0,95347.0,0.0,0.0,0.5,0.0,64.013,0.000,0.0,647273.5
2026-08-31T20:07:18,0.2,4903,1547350,1531254,0.3,0.00,0.49,0.00,1.97,0.00,0.00,0.00,4.0,95830.0,95347.0,0.0,0.0,0.5,0.0,64.023,0.000,0.0,656499.5
2026-08-31T20:07:20,0.2,4903,1547350,1531254,0.3,0.00,0.50,0.00,1.99,0.00,0.00,0.00,4.0,95830.0,95347.0,0.0,0.0,0.5,0.0,64.025,0.000,0.0,646700.5
2026-08-31T20:07:22,0.2,4902,1547350,1531255,0.3,0.00,0.50,0.00,1.99,0.00,0.00,0.00,4.0,95830.0,95347.0,0.0,0.0,0.5,0.0,64.001,0.000,0.0,656964.0
2026-08-31T20:07:24,0.2,4902,1547350,1531255,0.3,0.00,0.49,0.00,1.98,0.00,0.00,0.00,4.0,95830.0,95347.0,0.0,0.0,0.5,0.0,64.033,0.000,0.0,649158.5
2026-08-31T20:07:26,0.2,4903,1547350,1531254,0.3,0.00,0.50,0.00,1.99,0.00,0.00,0.00,4.0,95830.0,95347.0,0.0,0.0,0.5,0.0,63.994,0.000,0.0,639494.0
2026-08-31T20:07:28,0.2,4902,1547350,1531255,0.3,0.00,0.45,0.00,1.79,0.00,0.00,0.00,4.0,95830.0,95347.0,0.0,0.0,0.5,0.0,64.031,0.000,0.0,645971.5
2026-08-31T20:07:30,0.2,4902,1547350,1531255,0.3,0.00,0.51,0.00,2.02,0.00,0.00,0.00,4.0,95830.0,95347.0,0.0,0.0,0.5,0.0,64.002,0.000,0.0,642231.0
2026-08-31T20:07:32,0.2,4902,1547350,1531255,0.3,0.00,0.44,0.00,1.77,0.00,0.00,0.00,4.0,95830.0,95347.0,0.0,0.0,0.5,0.0,63.996,0.000,0.0,652870.5
2026-08-31T20:07:34,0.2,4901,1547350,1531256,0.3,0.00,2.96,0.00,11.86,0.00,0.17,0.00,4.0,95830.0,95347.0,0.0,0.0,0.5,0.0,64.015,0.000,0.0,647006.0
2026-08-31T20:07:36,0.2,4901,1547350,1531256,0.3,0.00,0.98,0.00,8.62,0.00,0.00,0.00,4.0,95830.0,95347.0,0.0,0.0,0.5,0.0,64.031,0.000,0.0,644837.0
2026-08-31T20:07:38,0.2,4901,1547350,1531256,0.3,0.00,0.51,0.00,2.02,0.00,0.00,0.00,4.0,95830.0,95347.0,0.0,0.0,0.5,0.0,63.992,0.000,0.0,646262.0
2026-08-31T20:07:40,0.2,4901,1547350,1531256,0.3,0.00,1.00,0.00,4.00,0.00,0.00,0.00,4.0,95830.0,95347.0,0.0,0.0,0.5,0.0,64.007,0.000,0.0,664620.5
2026-08-31T20:07:42,0.2,4900,1547350,1531257,0.3,0.00,0.58,0.00,2.33,0.00,0.00,0.00,4.0,95830.0,95347.0,0.0,0.0,0.5,0.0,64.087,0.000,0.0,660940.0
2026-08-31T20:07:43,0.2,4901,1547350,1531256,0.3,0.00,0.62,0.00,2.46,0.00,0.00,0.00,4.0,95830.0,95347.0,0.0,0.0,0.5,0.0,64.049,0.000,0.0,655020.5
2026-08-31T20:07:45,0.2,4900,1547350,1531257,0.3,0.00,1.32,0.00,5.28,0.00,0.00,0.00,4.0,95830.0,95347.0,0.0,0.0,0.5,0.0,64.054,0.000,0.0,662087.0
2026-08-31T20:07:47,0.2,4900,1547350,1531257,0.3,0.00,0.55,0.00,2.19,0.00,0.00,0.00,4.0,95830.0,95347.0,0.0,0.0,0.5,0.0,64.064,0.000,0.0,651203.0
2026-08-31T20:07:49,0.2,4900,1547350,1531257,0.3,0.00,0.58,0.00,2.31,0.00,0.00,0.00,4.0,95830.0,95347.0,0.0,0.0,0.5,0.0,64.031,0.000,0.0,661088.5
2026-08-31T20:07:50,0.2,4901,1547350,1531256,0.3,0.00,0.66,0.00,2.65,0.00,0.00,0.00,4.0,95830.0,95347.0,0.0,0.0,0.5,0.0,64.014,0.000,0.0,686649.5
2026-08-31T20:07:52,0.2,4901,1547350,1531256,0.3,0.00,0.59,0.00,2.34,0.00,0.00,0.00,4.0,95830.0,95347.0,0.0,0.0,0.5,0.0,64.069,0.000,0.0,660781.5
2026-08-31T20:07:53,0.2,4901,1547350,1531256,0.3,0.00,0.68,0.00,2.71,0.00,0.00,0.00,4.0,95830.0,95347.0,0.0,0.0,0.5,0.0,64.031,0.000,0.0,656928.0
2026-08-31T20:07:55,0.2,4900,1547350,1531257,0.3,0.00,0.59,0.00,2.34,0.00,0.00,0.00,4.0,95830.0,95347.0,0.0,0.0,0.5,0.0,64.013,0.000,0.0,657971.0
2026-08-31T20:07:57,0.2,4900,1547350,1531257,0.3,0.00,0.62,0.00,2.49,0.00,1.00,0.00,4.0,95830.0,95347.0,0.0,0.0,0.5,0.0,64.029,0.000,0.0,654478.0
2026-08-31T20:07:58,0.2,4900,1547350,1531257,0.3,0.00,0.58,0.00,2.30,0.00,0.00,0.00,4.0,95830.0,95347.0,0.0,0.0,0.5,0.0,64.062,0.000,0.0,674858.5
2026-08-31T20:08:00,0.2,4900,1547350,1531257,0.3,0.00,0.60,0.00,2.40,0.00,0.00,0.00,4.0,95830.0,95347.0,0.0,0.0,0.5,0.0,64.030,0.000,0.0,657929.5
2026-08-31T20:08:02,0.3,4903,1547350,1531254,0.3,0.00,0.61,0.00,2.45,0.00,0.00,0.00,4.0,95830.0,95347.0,0.0,0.0,0.5,0.0,64.037,0.000,0.0,668048.0
2026-08-31T20:08:03,0.2,4904,1547350,1531253,0.3,0.00,0.57,0.00,2.27,0.00,0.00,0.00,4.0,95830.0,95347.0,0.0,0.0,0.5,0.0,64.089,0.000,0.0,657185.5
2026-08-31T20:08:05,0.2,4903,1547350,1531254,0.3,0.00,1.22,0.00,4.88,0.00,0.00,0.00,4.0,95830.0,95347.0,0.0,0.0,0.5,0.0,64.019,0.000,0.0,658124.0
2026-08-31T20:08:07,0.2,4904,1547350,1531253,0.3,0.00,1.23,0.00,11.08,0.00,0.00,0.00,4.0,95830.0,95347.0,0.0,0.0,0.5,0.0,63.992,0.000,0.0,654688.0
2026-08-31T20:08:08,0.2,4904,1547350,1531253,0.3,0.00,0.57,0.00,2.27,0.00,0.00,0.00,4.0,95830.0,95347.0,0.0,0.0,0.5,0.0,64.020,0.000,0.0,683390.5
2026-08-31T20:08:10,0.2,4905,1547350,1531252,0.3,0.00,0.61,0.00,2.43,0.00,0.00,0.00,4.0,95830.0,95347.0,0.0,0.0,0.5,0.0,64.032,0.000,0.0,658032.5
2026-08-31T20:08:12,0.2,4902,1547350,1531255,0.3,0.00,0.62,0.00,2.46,0.00,0.00,0.00,4.0,95830.0,95347.0,0.0,0.0,0.5,0.0,64.034,0.000,0.0,649938.0
2026-08-31T20:08:14,0.2,4901,1547350,1531256,0.3,0.00,0.50,0.00,1.98,0.00,0.00,0.00,4.0,95830.0,95347.0,0.0,0.0,0.5,0.0,64.014,0.000,0.0,662285.0
2026-08-31T20:08:15,0.2,4901,1547350,1531256,0.3,0.00,1.11,0.00,6.69,0.00,0.00,0.06,4.0,95830.0,95347.0,0.0,0.0,0.5,0.0,64.049,0.000,0.0,654825.0
2026-08-31T20:08:17,0.2,4901,1547350,1531256,0.3,0.00,0.52,0.00,2.09,0.00,0.00,0.00,4.0,95830.0,95347.0,0.0,0.0,0.5,0.0,64.019,0.000,0.0,646492.5
2026-08-31T20:08:19,0.2,4901,1547350,1531256,0.3,0.00,0.52,0.00,2.07,0.00,0.00,0.00,4.0,95830.0,95347.0,0.0,0.0,0.5,0.0,64.064,0.000,0.0,745416.5
2026-08-31T20:08:21,0.2,4901,1547350,1531256,0.3,0.00,0.50,0.00,1.98,0.00,0.00,0.00,4.0,95830.0,95347.0,0.0,0.0,0.5,0.0,64.064,0.000,0.0,744324.0
2026-08-31T20:08:24,0.2,4901,1547350,1531256,0.3,0.00,0.42,0.00,1.67,0.00,1.00,0.00,4.0,95830.0,95347.0,0.0,0.0,0.5,0.0,64.055,0.000,0.0,648154.5
2026-08-31T20:08:26,0.2,4901,1547350,1531256,0.3,0.00,0.50,0.00,2.00,0.00,0.00,0.00,4.0,95830.0,95347.0,0.0,0.0,0.5,0.0,64.029,0.000,0.0,647273.0
2026-08-31T20:08:28,0.2,4900,1547350,1531257,0.3,0.00,0.44,0.00,1.77,0.00,0.00,0.00,4.0,95830.0,95347.0,0.0,0.0,0.5,0.0,64.042,0.000,0.0,640580.0
2026-08-31T20:08:30,0.2,4901,1547350,1531256,0.3,0.00,0.50,0.00,2.01,0.00,0.00,0.00,4.0,95830.0,95347.0,0.0,0.0,0.5,0.0,64.040,0.000,0.0,645711.5
2026-08-31T20:08:32,0.2,4902,1547350,1531255,0.3,0.00,0.49,0.00,1.97,0.00,0.00,0.00,4.0,95830.0,95347.0,0.0,0.0,0.5,0.0,64.025,0.000,0.0,653967.5
2026-08-31T20:08:34,0.2,4901,1547350,1531256,0.3,0.00,0.50,0.00,1.99,0.00,0.00,0.00,4.0,95830.0,95347.0,0.0,0.0,0.5,0.0,64.066,0.000,0.0,646593.5
2026-08-31T20:08:36,0.2,4902,1547350,1531255,0.3,0.00,3.52,0.00,21.09,0.00,0.00,0.00,4.0,95830.0,95347.0,0.0,0.0,0.5,0.0,64.029,0.000,0.0,644754.0
2026-08-31T20:08:38,0.2,4902,1547350,1531255,0.3,0.00,0.48,0.00,1.93,0.00,0.00,0.05,4.0,95830.0,95347.0,0.0,0.0,0.5,0.0,64.069,0.000,0.0,653045.0
2026-08-31T20:08:40,0.2,4901,1547350,1531256,0.3,0.00,0.58,0.00,2.30,0.00,0.00,0.00,4.0,95830.0,95347.0,0.0,0.0,0.5,0.0,64.085,0.000,0.0,653045.0
2026-08-31T20:08:41,0.2,4902,1547350,1531255,0.3,0.00,1.39,0.00,5.58,0.00,0.00,0.00,4.0,95830.0,95347.0,0.0,0.0,0.5,0.0,64.047,0.000,0.0,672581.5
2026-08-31T20:08:42,0.2,4901,1547350,1531256,0.3,0.00,0.57,0.00,2.28,0.00,0.00,0.00,4.0,95830.0,95347.0,0.0,0.0,0.5,0.0,64.066,0.000,0.0,680701.5
2026-08-31T20:08:44,0.2,4902,1547350,1531255,0.3,0.00,0.66,0.00,2.64,0.00,1.00,0.00,4.0,95830.0,95347.0,0.0,0.0,0.5,0.0,64.053,0.000,0.0,676340.5
2026-08-31T20:08:45,0.2,4902,1547350,1531255,0.3,0.00,1.97,0.00,7.87,0.00,0.00,0.00,4.0,95830.0,95347.0,0.0,0.0,0.5,0.0,64.069,0.000,0.0,687219.5
2026-08-31T20:08:47,0.2,4902,1547350,1531255,0.3,0.00,0.60,0.00,2.41,0.00,0.00,0.00,4.0,95830.0,95347.0,0.0,0.0,0.5,0.0,64.103,0.000,0.0,669788.5
2026-08-31T20:08:48,0.2,4902,1547350,1531255,0.3,0.00,0.71,0.00,2.84,0.00,0.00,0.00,4.0,95830.0,95347.0,0.0,0.0,0.5,0.0,64.037,0.000,0.0,673888.5
2026-08-31T20:08:50,0.2,4904,1547350,1531253,0.3,0.00,0.62,0.00,2.46,0.00,0.00,0.00,4.0,95830.0,95347.0,0.0,0.0,0.5,0.0,64.043,0.000,0.0,657056.0
2026-08-31T20:08:51,0.2,4904,1547350,1531253,0.3,0.00,0.73,0.00,2.91,0.00,0.00,0.00,4.0,95830.0,95347.0,0.0,0.0,0.5,0.0,64.025,0.000,0.0,671997.5
2026-08-31T20:08:53,0.2,4904,1547350,1531253,0.3,0.00,0.56,0.00,2.22,0.00,0.00,0.00,4.0,95830.0,95347.0,0.0,0.0,0.5,0.0,64.037,0.000,0.0,648552.0
2026-08-31T20:08:55,0.2,4904,1547350,1531253,0.3,0.00,0.60,0.00,2.39,0.00,0.00,0.00,4.0,95830.0,95347.0,0.0,0.0,0.5,0.0,64.016,0.000,0.0,668517.5
2026-08-31T20:08:56,0.2,4905,1547350,1531252,0.3,0.00,0.64,0.00,2.56,0.00,0.00,0.00,4.0,95830.0,95347.0,0.0,0.0,0.5,0.0,64.052,0.000,0.0,661679.5
2026-08-31T20:08:58,0.2,4905,1547350,1531252,0.3,0.00,0.53,0.00,2.12,0.00,0.00,0.05,4.0,95830.0,95347.0,0.0,0.0,0.5,0.0,64.041,0.000,0.0,650184.0
2026-08-31T20:09:00,0.2,4905,1547350,1531252,0.3,0.00,0.63,0.00,2.50,0.00,0.00,0.00,4.0,95830.0,95347.0,0.0,0.0,0.5,0.0,64.063,0.000,0.0,650184.0
2026-08-31T20:09:01,0.4,4909,1547350,1531248,0.3,0.00,1.39,0.00,5.58,0.00,0.00,0.00,4.0,95830.0,95347.0,0.0,0.0,0.5,0.0,64.066,0.000,0.0,675593.5
2026-08-31T20:09:02,0.2,4911,1547350,1531246,0.3,0.00,0.55,0.00,2.19,0.00,0.00,0.00,4.0,95830.0,95347.0,0.0,0.0,0.5,0.0,64.060,0.000,0.0,698454.0
2026-08-31T20:09:04,0.2,4912,1547350,1531245,0.3,0.00,0.54,0.00,2.14,0.00,0.00,0.00,4.0,95830.0,95347.0,0.0,0.0,0.5,0.0,64.060,0.000,0.0,698454.0
2026-08-31T20:09:05,0.2,4912,1547350,1531245,0.3,0.00,1.21,0.00,4.85,0.00,0.00,0.00,4.0,95830.0,95347.0,0.0,0.0,0.5,0.0,64.049,0.000,0.0,678054.5
2026-08-31T20:09:07,0.2,4912,1547350,1531245,0.3,0.00,2.21,0.00,14.93,0.00,0.25,0.00,4.0,95830.0,95347.0,0.0,0.0,0.5,0.0,64.077,0.000,0.0,645607.5
2026-08-31T20:09:09,0.2,4911,1547350,1531246,0.3,0.00,0.50,0.00,1.99,0.00,0.00,0.00,4.0,95830.0,95347.0,0.0,0.0,0.5,0.0,64.072,0.000,0.0,654432.0
2026-08-31T20:09:11,0.2,4908,1547350,1531249,0.3,0.00,0.60,0.00,2.42,0.00,0.00,0.00,4.0,95830.0,95347.0,0.0,0.0,0.5,0.0,64.034,0.000,0.0,652486.5
2026-08-31T20:09:12,0.2,4908,1547350,1531249,0.3,0.00,0.56,0.00,2.25,0.00,0.00,0.00,4.0,95830.0,95347.0,0.0,0.0,0.5,0.0,64.072,0.000,0.0,673874.5
2026-08-31T20:09:14,0.2,4908,1547350,1531249,0.3,0.00,0.51,0.00,2.04,0.00,0.00,0.00,4.0,95830.0,95347.0,0.0,0.0,0.5,0.0,64.073,0.000,0.0,670260.0
2026-08-31T20:09:16,0.2,4908,1547350,1531249,0.3,0.00,0.74,0.00,2.95,0.00,0.00,0.00,4.0,95830.0,95347.0,0.0,0.0,0.5,0.0,64.061,0.000,0.0,670260.0
2026-08-31T20:09:16,0.2,4909,1547350,1531248,0.3,0.00,2.69,0.00,16.15,0.00,0.00,0.00,4.0,95830.0,95347.0,0.0,0.0,0.5,0.0,64.051,0.000,0.0,694234.0
2026-08-31T20:09:18,0.2,4913,1547350,1531244,0.3,0.00,0.85,0.00,3.41,0.00,0.00,0.00,4.0,95830.0,95347.0,0.0,0.0,0.5,0.0,64.059,0.000,0.0,651002.0
2026-08-31T20:09:20,0.2,4913,1547350,1531244,0.3,0.00,0.50,0.00,1.99,0.00,0.00,0.05,4.0,95830.0,95347.0,0.0,0.0,0.5,0.0,64.128,0.000,0.0,651742.0
2026-08-31T20:09:21,0.2,4914,1547350,1531243,0.3,0.00,0.56,0.00,2.23,0.00,0.00,0.00,4.0,95830.0,95347.0,0.0,0.0,0.5,0.0,64.132,0.000,0.0,645358.0
2026-08-31T20:09:23,0.2,4914,1547350,1531243,0.3,0.00,0.55,0.00,2.19,0.00,0.00,0.00,4.0,95830.0,95347.0,0.0,0.0,0.5,0.0,64.084,0.000,0.0,665789.0
2026-08-31T20:09:25,0.2,4914,1547350,1531243,0.3,0.00,0.56,0.00,2.22,0.00,0.00,0.00,4.0,95830.0,95347.0,0.0,0.0,0.5,0.0,64.143,0.000,0.0,646749.5
2026-08-31T20:09:27,0.2,4916,1547350,1531241,0.3,0.00,0.50,0.00,1.99,0.00,0.00,0.00,4.0,95830.0,95347.0,0.0,0.0,0.5,0.0,64.072,0.000,0.0,645502.0
2026-08-31T20:09:29,0.2,4916,1547350,1531241,0.3,0.00,0.49,0.00,1.96,0.00,0.00,0.00,4.0,95830.0,95347.0,0.0,0.0,0.5,0.0,64.093,0.000,0.0,647263.5
2026-08-31T20:09:31,0.2,4916,1547350,1531241,0.3,0.00,3.01,0.00,14.04,0.00,0.17,0.00,4.0,95830.0,95347.0,0.0,0.0,0.5,0.0,64.056,0.000,0.0,651622.5
2026-08-31T20:09:33,0.2,4917,1547350,1531240,0.3,0.00,0.65,0.00,2.58,0.00,0.00,0.00,4.0,95830.0,95347.0,0.0,0.0,0.5,0.0,64.087,0.000,0.0,651622.5
2026-08-31T20:09:34,0.2,4917,1547350,1531240,0.3,0.00,1.01,0.00,4.02,0.00,0.00,0.00,4.0,95830.0,95347.0,0.0,0.0,0.5,0.0,64.155,0.000,0.0,706590.5
2026-08-31T20:09:35,0.2,4917,1547350,1531240,0.3,0.00,1.04,0.00,4.15,0.00,0.00,0.00,4.0,95830.0,95347.0,0.0,0.0,0.5,0.0,64.112,0.000,0.0,657794.0
2026-08-31T20:09:36,0.2,4918,1547350,1531239,0.3,0.00,2.61,0.00,33.59,0.00,0.00,0.00,4.0,95830.0,95347.0,0.0,0.0,0.5,0.0,64.055,0.000,0.0,658952.5
2026-08-31T20:09:38,0.2,4918,1547350,1531239,0.3,0.00,0.50,0.00,2.00,0.00,0.00,0.00,4.0,95830.0,95347.0,0.0,0.0,0.5,0.0,64.070,0.000,0.0,658952.5
2026-08-31T20:09:39,0.3,4917,1547350,1531240,0.3,0.00,2.11,0.00,8.42,0.00,0.00,0.00,4.0,95830.0,95347.0,0.0,0.0,0.5,0.0,64.100,0.000,0.0,691034.5
2026-08-31T20:09:40,0.2,4917,1547350,1531240,0.3,0.00,0.65,0.00,2.59,0.00,0.00,0.00,4.0,95830.0,95347.0,0.0,0.0,0.5,0.0,64.126,0.000,0.0,649448.0
2026-08-31T20:09:42,0.2,4918,1547350,1531239,0.3,0.00,0.99,0.00,3.97,0.00,0.50,0.00,4.0,95830.0,95347.0,0.0,0.0,0.5,0.0,64.111,0.000,0.0,650423.0
2026-08-31T20:09:44,0.2,4919,1547350,1531238,0.3,0.00,0.61,0.00,2.44,0.00,0.00,0.00,4.0,95830.0,95347.0,0.0,0.0,0.5,0.0,64.088,0.000,0.0,666043.5
2026-08-31T20:09:45,0.2,4919,1547350,1531238,0.3,0.00,0.76,0.00,3.03,0.00,0.00,0.00,4.0,95830.0,95347.0,0.0,0.0,0.5,0.0,64.137,0.000,0.0,667934.0
2026-08-31T20:09:47,0.2,4919,1547350,1531238,0.3,0.00,1.33,0.00,5.32,0.00,0.00,0.00,4.0,95830.0,95347.0,0.0,0.0,0.5,0.0,64.108,0.000,0.0,662469.5
2026-08-31T20:09:48,0.2,4920,1547350,1531237,0.3,0.00,0.66,0.00,2.64,0.00,0.00,0.00,4.0,95830.0,95347.0,0.0,0.0,0.5,0.0,64.177,0.000,0.0,661464.5
2026-08-31T20:09:50,0.2,4920,1547350,1531237,0.3,0.00,0.76,0.00,3.04,0.00,0.00,0.00,4.0,95830.0,95347.0,0.0,0.0,0.5,0.0,64.096,0.000,0.0,661464.5
2026-08-31T20:09:50,0.2,4920,1547350,1531237,0.3,0.00,1.45,0.00,5.80,0.00,0.00,0.00,4.0,95830.0,95347.0,0.0,0.0,0.5,0.0,64.118,0.000,0.0,721288.0
2026-08-31T20:09:51,0.2,4922,1547350,1531235,0.3,0.00,0.96,0.00,3.84,0.00,0.00,0.00,4.0,95830.0,95347.0,0.0,0.0,0.5,0.0,64.086,0.000,0.0,721288.0
2026-08-31T20:09:52,0.2,4922,1547350,1531235,0.3,0.00,1.02,0.00,4.07,0.00,0.00,0.00,4.0,95830.0,95347.0,0.0,0.0,0.5,0.0,64.064,0.000,0.0,718082.5
2026-08-31T20:09:54,0.2,4923,1547350,1531234,0.3,0.00,0.65,0.00,2.58,0.00,0.00,0.00,4.0,95830.0,95347.0,0.0,0.0,0.5,0.0,64.119,0.000,0.0,684368.0
2026-08-31T20:09:55,0.2,4924,1547350,1531233,0.3,0.00,0.88,0.00,3.52,0.00,0.00,0.00,4.0,95830.0,95347.0,0.0,0.0,0.5,0.0,64.116,0.000,0.0,673564.5
2026-08-31T20:09:57,0.2,4925,1547350,1531232,0.3,0.00,0.59,0.00,2.35,0.00,0.00,0.00,4.0,95830.0,95347.0,0.0,0.0,0.5,0.0,64.121,0.000,0.0,692119.0
2026-08-31T20:09:57,0.3,4926,1547350,1531231,0.3,0.00,1.18,0.00,4.71,0.00,0.00,0.00,4.0,95830.0,95347.0,0.0,0.0,0.5,0.0,64.090,0.000,0.0,666456.5
2026-08-31T20:09:59,0.2,4926,1547350,1531231,0.3,0.00,0.62,0.00,2.48,0.00,0.00,0.00,4.0,95830.0,95347.0,0.0,0.0,0.5,0.0,64.133,0.000,0.0,653168.5
2026-08-31T20:10:01,0.2,4933,1547350,1531224,0.3,0.00,0.57,0.00,2.27,0.00,0.00,0.00,4.0,95830.0,95347.0,0.0,0.0,0.5,0.0,64.130,0.000,0.0,657644.5
2026-08-31T20:10:02,0.2,4934,1547350,1531223,0.3,0.00,0.60,0.00,2.41,0.00,0.00,0.00,4.0,95830.0,95347.0,0.0,0.0,0.5,0.0,64.120,0.000,0.0,658179.5
2026-08-31T20:10:04,0.2,4935,1547350,1531222,0.3,0.00,0.62,0.00,2.48,0.00,0.00,0.00,4.0,95830.0,95347.0,0.0,0.0,0.5,0.0,64.157,0.000,0.0,637457.5
2026-08-31T20:10:06,0.2,4934,1547350,1531223,0.3,0.00,0.68,0.00,2.73,0.00,0.00,0.00,4.0,95830.0,95347.0,0.0,0.0,0.5,0.0,64.086,0.000,0.0,680806.0
2026-08-31T20:10:07,0.2,4934,1547350,1531223,0.3,0.00,4.57,0.00,22.29,0.00,0.12,0.06,4.0,95830.0,95347.0,0.0,0.0,0.5,0.0,64.139,0.000,0.0,658533.5
2026-08-31T20:10:09,0.2,4935,1547350,1531222,0.3,0.00,0.63,0.00,2.51,0.00,0.00,0.00,4.0,95830.0,95347.0,0.0,0.0,0.5,0.0,64.186,0.000,0.0,649781.5
2026-08-31T20:10:11,0.2,4933,1547350,1531224,0.3,0.00,0.55,0.00,2.19,0.00,0.00,0.00,4.0,95830.0,95347.0,0.0,0.0,0.5,0.0,64.114,0.000,0.0,650844.5
2026-08-31T20:10:13,0.2,4933,1547350,1531224,0.3,0.00,0.54,0.00,2.16,0.00,0.00,0.00,4.0,95830.0,95347.0,0.0,0.0,0.5,0.0,64.175,0.000,0.0,652018.5
2026-08-31T20:10:14,0.2,4933,1547350,1531224,0.3,0.00,0.56,0.00,2.24,0.00,0.00,0.00,4.0,95830.0,95347.0,0.0,0.0,0.5,0.0,64.141,0.000,0.0,667006.5
2026-08-31T20:10:16,0.2,4933,1547350,1531224,0.3,0.00,0.82,0.00,3.27,0.00,0.00,0.00,4.0,95830.0,95347.0,0.0,0.0,0.5,0.0,64.156,0.000,0.0,658679.0
2026-08-31T20:10:17,0.2,4934,1547350,1531223,0.3,0.00,0.56,0.00,2.22,0.00,0.00,0.00,4.0,95830.0,95347.0,0.0,0.0,0.5,0.0,64.172,0.000,0.0,690307.5
2026-08-31T20:10:19,0.2,4934,1547350,1531223,0.3,0.00,0.50,0.00,2.01,0.00,0.00,0.00,4.0,95830.0,95347.0,0.0,0.0,0.5,0.0,64.207,0.000,0.0,645621.5
2026-08-31T20:10:21,0.2,4934,1547350,1531223,0.3,0.00,0.49,0.00,1.97,0.00,0.00,0.00,4.0,95830.0,95347.0,0.0,0.0,0.5,0.0,64.165,0.000,0.0,644529.5
2026-08-31T20:10:23,0.2,4935,1547350,1531222,0.3,0.00,1.00,0.00,6.00,0.00,0.00,0.00,4.0,95830.0,95347.0,0.0,0.0,0.5,0.0,64.155,0.000,0.0,650903.0
2026-08-31T20:10:25,0.2,4935,1547350,1531222,0.3,0.00,0.49,0.00,1.95,0.00,1.00,0.00,4.0,95830.0,95347.0,0.0,0.0,0.5,0.0,64.169,0.000,0.0,655193.5
2026-08-31T20:10:27,0.2,4934,1547350,1531223,0.3,0.00,0.83,0.00,3.34,0.00,0.00,0.00,4.0,95830.0,95347.0,0.0,0.0,0.5,0.0,64.179,0.000,0.0,656646.0
2026-08-31T20:10:28,0.2,4935,1547350,1531222,0.3,0.00,0.56,0.00,2.23,0.00,0.00,0.00,4.0,95830.0,95347.0,0.0,0.0,0.5,0.0,64.185,0.000,0.0,656646.0
2026-08-31T20:10:29,0.2,4935,1547350,1531222,0.3,0.00,1.01,0.00,4.03,0.00,0.00,0.00,4.0,95830.0,95347.0,0.0,0.0,0.5,0.0,64.202,0.000,0.0,696075.5
2026-08-31T20:10:31,0.2,4935,1547350,1531222,0.3,0.00,0.77,0.00,3.10,0.00,0.00,0.00,4.0,95830.0,95347.0,0.0,0.0,0.5,0.0,64.154,0.000,0.0,649375.0
2026-08-31T20:10:33,0.2,4935,1547350,1531222,0.3,0.00,3.06,0.00,14.30,0.00,0.00,0.00,4.0,95830.0,95347.0,0.0,0.0,0.5,0.0,64.197,0.000,0.0,642214.5
2026-08-31T20:10:35,0.2,4935,1547350,1531222,0.3,0.00,0.50,0.00,2.01,0.00,1.00,0.00,4.0,95830.0,95347.0,0.0,0.0,0.5,0.0,64.146,0.000,0.0,641486.0
2026-08-31T20:10:37,0.2,4935,1547350,1531222,0.3,0.00,0.88,0.00,9.28,0.00,0.00,0.00,4.0,95830.0,95347.0,0.0,0.0,0.5,0.0,64.158,0.000,0.0,646909.5
2026-08-31T20:10:39,0.2,4936,1547350,1531221,0.3,0.00,0.50,0.00,1.98,0.00,0.00,0.00,4.0,95830.0,95347.0,0.0,0.0,0.5,0.0,64.184,0.000,0.0,669608.5
2026-08-31T20:10:40,0.2,4936,1547350,1531221,0.3,0.00,0.77,0.00,3.10,0.00,0.00,0.00,4.0,95830.0,95347.0,0.0,0.0,0.5,0.0,64.168,0.000,0.0,647382.0
2026-08-31T20:10:43,0.2,4937,1547350,1531220,0.3,0.00,0.44,0.00,1.75,0.00,0.00,0.00,4.0,95830.0,95347.0,0.0,0.0,0.5,0.0,64.194,0.000,0.0,647918.5
2026-08-31T20:10:45,0.2,4938,1547350,1531219,0.3,0.00,1.01,0.00,4.02,0.00,0.00,0.00,4.0,95830.0,95347.0,0.0,0.0,0.5,0.0,64.174,0.000,0.0,651533.0
2026-08-31T20:10:46,0.2,4938,1547350,1531219,0.3,0.00,0.67,0.00,2.70,0.00,0.00,0.00,4.0,95830.0,95347.0,0.0,0.0,0.5,0.0,64.225,0.000,0.0,689306.5
2026-08-31T20:10:47,0.2,4940,1547350,1531217,0.3,0.00,0.83,0.00,3.33,0.00,0.00,0.00,4.0,95830.0,95347.0,0.0,0.0,0.5,0.0,64.117,0.000,0.0,685213.0
2026-08-31T20:10:49,0.2,4940,1547350,1531217,0.3,0.00,0.66,0.00,2.64,0.00,0.00,0.00,4.0,95830.0,95347.0,0.0,0.0,0.5,0.0,64.191,0.000,0.0,657461.5
2026-08-31T20:10:50,0.2,4940,1547350,1531217,0.3,0.00,0.66,0.00,2.65,0.00,0.00,0.00,4.0,95830.0,95347.0,0.0,0.0,0.5,0.0,64.210,0.000,0.0,768511.0
2026-08-31T20:10:51,0.2,4941,1547350,1531216,0.3,0.00,1.07,0.00,4.29,0.00,0.00,0.00,4.0,95830.0,95347.0,0.0,0.0,0.5,0.0,64.207,0.000,0.0,648908.0
2026-08-31T20:10:53,0.2,4941,1547350,1531216,0.3,0.00,0.63,0.00,2.54,0.00,0.00,0.00,4.0,95830.0,95347.0,0.0,0.0,0.5,0.0,64.202,0.000,0.0,648908.0
2026-08-31T20:10:54,0.2,4941,1547350,1531216,0.3,0.00,2.40,0.00,9.58,0.00,0.00,0.00,4.0,95830.0,95347.0,0.0,0.0,0.5,0.0,64.244,0.000,0.0,688828.0
2026-08-31T20:10:55,0.2,4942,1547350,1531215,0.3,0.00,0.65,0.00,2.61,0.00,0.00,0.00,4.0,95830.0,95347.0,0.0,0.0,0.5,0.0,64.191,0.000,0.0,668003.0
2026-08-31T20:10:57,0.2,4943,1547350,1531214,0.3,0.00,0.54,0.00,2.18,0.00,0.00,0.00,4.0,95830.0,95347.0,0.0,0.0,0.5,0.0,64.197,0.000,0.0,657836.5
2026-08-31T20:10:59,0.2,4943,1547350,1531214,0.3,0.00,0.61,0.00,2.42,0.00,0.00,0.00,4.0,95830.0,95347.0,0.0,0.0,0.5,0.0,64.203,0.000,0.0,658665.0
2026-08-31T20:11:00,0.2,4945,1547350,1531212,0.3,0.00,0.64,0.00,2.54,0.00,1.00,0.00,4.0,95830.0,95347.0,0.0,0.0,0.5,0.0,64.220,0.000,0.0,652050.0
2026-08-31T20:11:02,0.3,4952,1547350,1531205,0.3,0.00,0.54,0.00,2.17,0.00,0.00,0.00,4.0,95830.0,95347.0,0.0,0.0,0.5,0.0,64.183,0.000,0.0,685347.5
2026-08-31T20:11:04,0.2,4953,1547350,1531204,0.3,0.00,0.62,0.00,2.48,0.00,0.00,0.00,4.0,95830.0,95347.0,0.0,0.0,0.5,0.0,64.199,0.000,0.0,663531.5
2026-08-31T20:11:05,0.2,4953,1547350,1531204,0.3,0.00,0.82,0.00,3.29,0.00,0.00,0.00,4.0,95830.0,95347.0,0.0,0.0,0.5,0.0,64.201,0.000,0.0,666088.5
2026-08-31T20:11:07,0.2,4953,1547350,1531204,0.3,0.00,0.56,0.00,2.22,0.00,0.00,0.00,4.0,95830.0,95347.0,0.0,0.0,0.5,0.0,64.203,0.000,0.0,652621.5
2026-08-31T20:11:08,0.2,4953,1547350,1531204,0.3,0.00,4.95,0.00,31.25,0.00,0.00,0.00,4.0,95830.0,95347.0,0.0,0.0,0.5,0.0,64.188,0.000,0.0,656655.5
2026-08-31T20:11:10,0.2,4954,1547350,1531203,0.3,0.00,0.54,0.00,2.15,0.00,0.00,0.00,4.0,95830.0,95347.0,0.0,0.0,0.5,0.0,64.216,0.000,0.0,656655.5
2026-08-31T20:11:11,0.3,4954,1547350,1531203,0.3,0.00,1.83,0.00,7.34,0.00,0.00,0.00,4.0,95830.0,95347.0,0.0,0.0,0.5,0.0,64.193,0.000,0.0,753094.0
2026-08-31T20:11:11,0.3,4953,1547350,1531204,0.3,0.00,2.40,0.00,9.62,0.00,0.00,0.24,4.0,95830.0,95347.0,0.0,0.0,0.5,0.0,64.209,0.000,0.0,654381.5
2026-08-31T20:11:13,0.2,4955,1547350,1531202,0.3,0.00,0.50,0.00,1.98,0.00,0.00,0.00,4.0,95830.0,95347.0,0.0,0.0,0.5,0.0,64.220,0.000,0.0,664470.5
2026-08-31T20:11:15,0.2,4955,1547350,1531202,0.3,0.00,0.62,0.00,2.48,0.00,0.00,0.00,4.0,95830.0,95347.0,0.0,0.0,0.5,0.0,64.216,0.000,0.0,654533.0
2026-08-31T20:11:17,0.2,4954,1547350,1531203,0.3,0.00,0.50,0.00,2.00,0.00,0.00,0.00,4.0,95830.0,95347.0,0.0,0.0,0.5,0.0,64.225,0.000,0.0,684814.5
2026-08-31T20:11:18,0.2,4955,1547350,1531202,0.3,0.00,1.00,0.00,4.00,0.00,1.00,0.00,4.0,95830.0,95347.0,0.0,0.0,0.5,0.0,64.236,0.000,0.0,647177.0
2026-08-31T20:11:19,0.2,4957,1547350,1531200,0.3,0.00,0.57,0.00,2.29,0.00,0.00,0.00,4.0,95830.0,95347.0,0.0,0.0,0.5,0.0,64.227,0.000,0.0,690033.0
2026-08-31T20:11:21,0.2,4958,1547350,1531199,0.3,0.00,0.68,0.00,2.73,0.00,0.00,0.00,4.0,95830.0,95347.0,0.0,0.0,0.5,0.0,64.210,0.000,0.0,648558.0
2026-08-31T20:11:23,0.2,4958,1547350,1531199,0.3,0.00,0.49,0.00,1.96,0.00,0.00,0.00,4.0,95830.0,95347.0,0.0,0.0,0.5,0.0,64.252,0.000,0.0,645311.0
2026-08-31T20:11:25,0.2,4958,1547350,1531199,0.3,0.00,0.99,0.00,5.94,0.00,0.00,0.00,4.0,95830.0,95347.0,0.0,0.0,0.5,0.0,64.228,0.000,0.0,646086.5
2026-08-31T20:11:27,0.2,4958,1547350,1531199,0.3,0.00,0.49,0.00,1.96,0.00,0.00,0.05,4.0,95830.0,95347.0,0.0,0.0,0.5,0.0,64.235,0.000,0.0,654265.5
2026-08-31T20:11:29,0.2,4959,1547350,1531198,0.3,0.00,0.56,0.00,2.25,0.00,0.00,0.00,4.0,95830.0,95347.0,0.0,0.0,0.5,0.0,64.262,0.000,0.0,657139.5
2026-08-31T20:11:31,0.2,4958,1547350,1531199,0.3,0.00,0.51,0.00,2.02,0.00,0.00,0.00,4.0,95830.0,95347.0,0.0,0.0,0.5,0.0,64.210,0.000,0.0,648130.0
2026-08-31T20:11:33,0.2,4957,1547350,1531200,0.3,0.00,0.49,0.00,1.96,0.00,0.00,0.00,4.0,95830.0,95347.0,0.0,0.0,0.5,0.0,64.161,0.000,0.0,652383.5
2026-08-31T20:11:35,0.2,4957,1547350,1531200,0.3,0.00,2.98,0.00,13.92,0.00,0.17,0.05,4.0,95830.0,95347.0,0.0,0.0,0.5,0.0,64.165,0.000,0.0,663748.5
2026-08-31T20:11:37,0.2,4957,1547350,1531200,0.3,0.00,0.90,0.00,8.28,0.00,0.00,0.00,4.0,95830.0,95347.0,0.0,0.0,0.5,0.0,64.174,0.000,0.0,641530.0
2026-08-31T20:11:39,0.2,4957,1547350,1531200,0.3,0.00,0.50,0.00,2.01,0.00,0.00,0.00,4.0,95830.0,95347.0,0.0,0.0,0.5,0.0,64.227,0.000,0.0,657030.5
2026-08-31T20:11:40,0.2,4957,1547350,1531200,0.3,0.00,0.79,0.00,3.16,0.00,0.00,0.00,4.0,95830.0,95347.0,0.0,0.0,0.5,0.0,64.210,0.000,0.0,657030.5
2026-08-31T20:11:41,0.2,4956,1547350,1531201,0.3,0.00,1.04,0.00,4.18,0.00,0.00,0.00,4.0,95830.0,95347.0,0.0,0.0,0.5,0.0,64.212,0.000,0.0,667885.0
2026-08-31T20:11:43,0.2,4957,1547350,1531200,0.3,0.00,0.49,0.00,1.97,0.00,0.00,0.00,4.0,95830.0,95347.0,0.0,0.0,0.5,0.0,64.221,0.000,0.0,682131.5
2026-08-31T20:11:45,0.2,4957,1547350,1531200,0.3,0.00,0.98,0.00,3.94,0.00,0.00,0.00,4.0,95830.0,95347.0,0.0,0.0,0.5,0.0,64.217,0.000,0.0,705528.0
2026-08-31T20:11:47,0.2,4958,1547350,1531199,0.3,0.00,0.66,0.00,2.65,0.00,0.00,0.00,4.0,95830.0,95347.0,0.0,0.0,0.5,0.0,64.193,0.000,0.0,693814.5
2026-08-31T20:11:48,0.2,4959,1547350,1531198,0.3,0.00,0.72,0.00,2.87,0.00,0.00,0.00,4.0,95830.0,95347.0,0.0,0.0,0.5,0.0,64.231,0.000,0.0,693814.5
2026-08-31T20:11:49,0.2,4959,1547350,1531198,0.3,0.00,1.18,0.00,4.72,0.00,0.00,0.00,4.0,95830.0,95347.0,0.0,0.0,0.5,0.0,64.200,0.000,0.0,692848.5
2026-08-31T20:11:51,0.2,4960,1547350,1531197,0.3,0.00,0.68,0.00,2.74,0.00,0.00,0.00,4.0,95830.0,95347.0,0.0,0.0,0.5,0.0,64.195,0.000,0.0,692848.5
2026-08-31T20:11:51,0.3,4961,1547350,1531196,0.3,0.00,2.00,0.00,8.02,0.00,0.00,0.00,4.0,95830.0,95347.0,0.0,0.0,0.5,0.0,64.150,0.000,0.0,685978.0
2026-08-31T20:11:53,0.2,4961,1547350,1531196,0.3,0.00,0.54,0.00,2.18,0.00,0.00,0.00,4.0,95830.0,95347.0,0.0,0.0,0.5,0.0,64.168,0.000,0.0,675050.0
2026-08-31T20:11:54,0.2,4962,1547350,1531195,0.3,0.00,0.85,0.00,3.40,0.00,0.00,0.00,4.0,95830.0,95347.0,0.0,0.0,0.5,0.0,64.165,0.000,0.0,639451.0
2026-08-31T20:11:56,0.2,4962,1547350,1531195,0.3,0.00,1.30,0.00,5.19,0.00,0.50,0.00,4.0,95830.0,95347.0,0.0,0.0,0.5,0.0,64.172,0.000,0.0,677048.5
2026-08-31T20:11:58,0.2,4963,1547350,1531194,0.3,0.00,0.52,0.00,2.09,0.00,0.00,0.00,4.0,95830.0,95347.0,0.0,0.0,0.5,0.0,64.178,0.000,0.0,693274.5
2026-08-31T20:11:58,0.2,4963,1547350,1531193,0.3,0.00,1.27,0.00,5.10,0.00,0.00,0.00,4.0,95830.0,95347.0,0.0,0.0,0.5,0.0,64.172,0.000,0.0,660587.5
2026-08-31T20:12:00,0.2,4963,1547350,1531193,0.3,0.00,0.62,0.00,2.48,0.00,0.00,0.00,4.0,95830.0,95347.0,0.0,0.0,0.5,0.0,64.176,0.000,0.0,660587.5
2026-08-31T20:12:00,0.3,4964,1547350,1531193,0.3,0.00,2.55,0.00,10.20,0.00,0.00,0.00,4.0,95830.0,95347.0,0.0,0.0,0.5,0.0,64.175,0.000,0.0,739047.0
2026-08-31T20:12:02,0.3,4969,1547350,1531188,0.3,0.00,0.61,0.00,2.45,0.00,0.00,0.00,4.0,95830.0,95347.0,0.0,0.0,0.5,0.0,64.203,0.000,0.0,651172.0
2026-08-31T20:12:04,0.2,4972,1547350,1531185,0.3,0.00,0.57,0.00,2.30,0.00,0.00,0.00,4.0,95830.0,95347.0,0.0,0.0,0.5,0.0,64.145,0.000,0.0,651172.0
2026-08-31T20:12:04,0.2,4972,1547350,1531185,0.3,0.00,1.26,0.00,5.04,0.00,0.00,0.00,4.0,95830.0,95347.0,0.0,0.0,0.5,0.0,64.138,0.000,0.0,702691.0
2026-08-31T20:12:06,0.2,4972,1547350,1531185,0.3,0.00,0.59,0.00,2.37,0.00,0.00,0.00,4.0,95830.0,95347.0,0.0,0.0,0.5,0.0,64.169,0.000,0.0,663766.0
2026-08-31T20:12:08,0.2,4974,1547350,1531183,0.3,0.00,1.84,0.00,13.82,0.00,0.00,0.00,4.0,95830.0,95347.0,0.0,0.0,0.5,0.0,64.141,0.000,0.0,692915.5
2026-08-31T20:12:09,0.2,4975,1547350,1531182,0.3,0.00,0.65,0.00,2.58,0.00,0.00,0.00,4.0,95830.0,95347.0,0.0,0.0,0.5,0.0,64.192,0.000,0.0,661225.5
2026-08-31T20:12:11,0.2,4979,1547350,1531178,0.3,0.00,1.17,0.00,4.66,0.00,0.00,0.00,4.0,95830.0,95347.0,0.0,0.0,0.5,0.0,64.148,0.000,0.0,651915.0
2026-08-31T20:12:13,0.2,4979,1547350,1531178,0.3,0.00,0.51,0.00,2.03,0.00,0.00,0.00,4.0,95830.0,95347.0,0.0,0.0,0.5,0.0,64.158,0.000,0.0,652013.0
2026-08-31T20:12:14,0.2,4979,1547350,1531178,0.3,0.00,0.73,0.00,2.93,0.00,0.00,0.00,4.0,95830.0,95347.0,0.0,0.0,0.5,0.0,64.171,0.000,0.0,665515.0
2026-08-31T20:12:16,0.2,4979,1547350,1531178,0.3,0.00,0.61,0.00,2.43,0.00,0.00,0.00,4.0,95830.0,95347.0,0.0,0.0,0.5,0.0,64.176,0.000,0.0,688693.0
2026-08-31T20:12:18,0.2,4980,1547350,1531177,0.3,0.00,0.63,0.00,2.53,0.00,1.00,0.00,4.0,95830.0,95347.0,0.0,0.0,0.5,0.0,64.156,0.000,0.0,656154.5
2026-08-31T20:12:19,0.2,4980,1547350,1531177,0.3,0.00,0.69,0.00,2.76,0.00,0.00,0.00,4.0,95830.0,95347.0,0.0,0.0,0.5,0.0,64.135,0.000,0.0,665708.5
2026-08-31T20:12:21,0.2,4980,1547350,1531176,0.3,0.00,0.63,0.00,2.51,0.00,0.00,0.00,4.0,95830.0,95347.0,0.0,0.0,0.5,0.0,64.139,0.000,0.0,659658.0
2026-08-31T20:12:22,0.2,4981,1547350,1531176,0.3,0.00,0.59,0.00,2.37,0.00,0.00,0.00,4.0,95830.0,95347.0,0.0,0.0,0.5,0.0,64.144,0.000,0.0,666755.0
2026-08-31T20:12:24,0.2,4980,1547350,1531177,0.3,0.00,0.72,0.00,2.87,0.00,0.00,0.00,4.0,95830.0,95347.0,0.0,0.0,0.5,0.0,64.116,0.000,0.0,653766.5
2026-08-31T20:12:26,0.2,4981,1547350,1531176,0.3,0.00,0.51,0.00,2.03,0.00,0.00,0.00,4.0,95830.0,95347.0,0.0,0.0,0.5,0.0,64.219,0.000,0.0,664358.5
2026-08-31T20:12:27,0.2,4981,1547350,1531176,0.3,0.00,0.62,0.00,2.49,0.00,0.00,0.00,4.0,95830.0,95347.0,0.0,0.0,0.5,0.0,64.112,0.000,0.0,644809.5
2026-08-31T20:12:29,0.2,4982,1547350,1531175,0.3,0.00,0.51,0.00,2.02,0.00,0.00,0.00,4.0,95830.0,95347.0,0.0,0.0,0.5,0.0,64.202,0.000,0.0,644809.5
2026-08-31T20:12:30,0.2,4982,1547350,1531175,0.3,0.00,4.72,0.00,23.61,0.00,0.00,0.00,4.0,95830.0,95347.0,0.0,0.0,0.5,0.0,64.141,0.000,0.0,679527.0
2026-08-31T20:12:32,0.2,4982,1547350,1531175,0.3,0.00,0.69,0.00,2.78,0.00,0.00,0.00,4.0,95830.0,95347.0,0.0,0.0,0.5,0.0,64.184,0.000,0.0,697810.0
2026-08-31T20:12:33,0.2,4982,1547350,1531175,0.3,0.00,0.84,0.00,3.36,0.00,0.00,0.08,4.0,95830.0,95347.0,0.0,0.0,0.5,0.0,64.085,0.000,0.0,687832.5
2026-08-31T20:12:34,0.2,4982,1547350,1531175,0.3,0.00,1.20,0.00,4.81,0.00,0.00,0.00,4.0,95830.0,95347.0,0.0,0.0,0.5,0.0,64.146,0.000,0.0,653103.0
2026-08-31T20:12:36,0.2,4982,1547350,1531175,0.3,0.00,0.49,0.00,1.97,0.00,0.00,0.00,4.0,95830.0,95347.0,0.0,0.0,0.5,0.0,64.100,0.000,0.0,674767.0
2026-08-31T20:12:37,0.2,4982,1547350,1531175,0.3,0.00,3.22,0.00,12.89,0.00,0.25,0.00,4.0,95830.0,95347.0,0.0,0.0,0.5,0.0,64.132,0.000,0.0,662001.0
2026-08-31T20:12:39,0.2,4982,1547350,1531175,0.3,0.00,1.23,0.00,11.08,0.00,0.00,0.00,4.0,95830.0,95347.0,0.0,0.0,0.5,0.0,64.091,0.000,0.0,692232.0
2026-08-31T20:12:40,0.2,4982,1547350,1531175,0.3,0.00,0.59,0.00,2.37,0.00,0.00,0.00,4.0,95830.0,95347.0,0.0,0.0,0.5,0.0,64.120,0.000,0.0,692232.0
2026-08-31T20:12:41,0.2,4982,1547350,1531175,0.3,0.00,2.96,0.00,11.85,0.00,0.00,0.00,4.0,95830.0,95347.0,0.0,0.0,0.5,0.0,64.094,0.000,0.0,682483.5
2026-08-31T20:12:43,0.2,4981,1547350,1531176,0.3,0.00,0.50,0.00,1.99,0.00,0.00,0.00,4.0,95830.0,95347.0,0.0,0.0,0.5,0.0,64.150,0.000,0.0,668447.0
2026-08-31T20:12:45,0.2,4983,1547350,1531174,0.3,0.00,0.42,0.00,1.70,0.00,0.00,0.00,4.0,95830.0,95347.0,0.0,0.0,0.5,0.0,64.133,0.000,0.0,660715.5
2026-08-31T20:12:47,0.2,4984,1547350,1531173,0.3,0.00,0.50,0.00,2.01,0.00,0.00,0.00,4.0,95830.0,95347.0,0.0,0.0,0.5,0.0,64.064,0.000,0.0,684847.5
2026-08-31T20:12:48,0.2,4985,1547350,1531172,0.3,0.00,0.96,0.00,3.85,0.00,0.00,0.00,4.0,95830.0,95347.0,0.0,0.0,0.5,0.0,64.114,0.000,0.0,658906.0
2026-08-31T20:12:50,0.2,4984,1547350,1531173,0.3,0.00,0.77,0.00,3.07,0.00,0.00,0.00,4.0,95830.0,95347.0,0.0,0.0,0.5,0.0,64.085,0.000,0.0,658906.0
2026-08-31T20:12:50,0.2,4984,1547350,1531172,0.3,0.00,1.20,0.00,4.80,0.00,0.00,0.00,4.0,95830.0,95347.0,0.0,0.0,0.5,0.0,64.100,0.000,0.0,687429.5
2026-08-31T20:12:52,0.2,4985,1547350,1531172,0.3,0.00,0.65,0.00,2.59,0.00,0.00,0.00,4.0,95830.0,95347.0,0.0,0.0,0.5,0.0,64.052,0.000,0.0,677718.0
2026-08-31T20:12:54,0.2,4985,1547350,1531172,0.3,0.00,0.61,0.00,2.44,0.00,0.00,0.00,4.0,95830.0,95347.0,0.0,0.0,0.5,0.0,64.121,0.000,0.0,722706.5
2026-08-31T20:12:54,0.2,4985,1547350,1531171,0.3,0.00,1.17,0.00,4.66,0.00,0.00,0.00,4.0,95830.0,95347.0,0.0,0.0,0.5,0.0,64.095,0.000,0.0,670608.0
2026-08-31T20:12:56,0.2,4985,1547350,1531172,0.3,0.00,0.74,0.00,2.97,0.00,0.00,0.00,4.0,95830.0,95347.0,0.0,0.0,0.5,0.0,64.097,0.000,0.0,670608.0
2026-08-31T20:12:56,0.2,4985,1547350,1531172,0.3,0.00,1.54,0.00,6.15,0.00,0.00,0.00,4.0,95830.0,95347.0,0.0,0.0,0.5,0.0,64.136,0.000,0.0,704000.0
2026-08-31T20:12:58,0.2,4986,1547350,1531171,0.3,0.00,0.62,0.00,2.49,0.00,0.00,0.00,4.0,95830.0,95347.0,0.0,0.0,0.5,0.0,64.118,0.000,0.0,656975.5
2026-08-31T20:13:00,0.2,4985,1547350,1531172,0.3,0.00,0.56,0.00,2.24,0.00,1.00,0.00,4.0,95830.0,95347.0,0.0,0.0,0.5,0.0,64.089,0.000,0.0,658279.0
2026-08-31T20:13:01,0.4,4987,1547350,1531170,0.3,0.00,1.84,0.00,7.35,0.00,0.00,0.06,4.0,95830.0,95347.0,0.0,0.0,0.5,0.0,64.073,0.000,0.0,657863.5
2026-08-31T20:13:03,0.2,4990,1547350,1531167,0.3,0.00,0.73,0.00,2.91,0.00,0.00,0.00,4.0,95830.0,95347.0,0.0,0.0,0.5,0.0,64.084,0.000,0.0,657863.5
2026-08-31T20:13:04,0.2,4989,1547350,1531168,0.3,0.00,1.52,0.00,6.07,0.00,0.00,0.00,4.0,95830.0,95347.0,0.0,0.0,0.5,0.0,64.114,0.000,0.0,696123.5
2026-08-31T20:13:05,0.2,4990,1547350,1531167,0.3,0.00,0.64,0.00,2.55,0.00,0.00,0.00,4.0,95830.0,95347.0,0.0,0.0,0.5,0.0,64.081,0.000,0.0,672914.5
2026-08-31T20:13:07,0.3,4990,1547350,1531167,0.3,0.00,0.44,0.00,1.77,0.00,0.00,0.00,4.0,95830.0,95347.0,0.0,0.0,0.5,0.0,64.076,0.000,0.0,643286.0
2026-08-31T20:13:09,0.2,4991,1547350,1531166,0.3,0.00,1.26,0.00,16.66,0.00,0.00,0.00,4.0,95830.0,95347.0,0.0,0.0,0.5,0.0,64.091,0.000,0.0,717218.5
2026-08-31T20:13:11,0.2,4991,1547350,1531166,0.3,0.00,0.56,0.00,2.25,0.00,0.00,0.00,4.0,95830.0,95347.0,0.0,0.0,0.5,0.0,64.062,0.000,0.0,669214.5
2026-08-31T20:13:12,0.2,4991,1547350,1531166,0.3,0.00,1.18,0.00,4.73,0.00,0.00,0.00,4.0,95830.0,95347.0,0.0,0.0,0.5,0.0,64.052,0.000,0.0,657650.0
2026-08-31T20:13:14,0.2,4992,1547350,1531165,0.3,0.00,0.64,0.00,2.54,0.00,0.00,0.00,4.0,95830.0,95347.0,0.0,0.0,0.5,0.0,64.019,0.000,0.0,653052.5
2026-08-31T20:13:16,0.2,4992,1547350,1531165,0.3,0.00,0.56,0.00,2.23,0.00,0.00,0.00,4.0,95830.0,95347.0,0.0,0.0,0.5,0.0,64.071,0.000,0.0,657012.5
2026-08-31T20:13:18,0.2,4992,1547350,1531165,0.3,0.00,0.55,0.00,2.18,0.00,0.00,0.00,4.0,95830.0,95347.0,0.0,0.0,0.5,0.0,64.060,0.000,0.0,651884.0
2026-08-31T20:13:19,0.2,4992,1547350,1531165,0.3,0.00,0.69,0.00,2.78,0.00,0.00,0.00,4.0,95830.0,95347.0,0.0,0.0,0.5,0.0,64.055,0.000,0.0,664875.5
2026-08-31T20:13:21,0.2,4992,1547350,1531165,0.3,0.00,0.56,0.00,2.24,0.00,0.00,0.06,4.0,95830.0,95347.0,0.0,0.0,0.5,0.0,64.031,0.000,0.0,651604.5
2026-08-31T20:13:23,0.2,4991,1547350,1531166,0.3,0.00,0.49,0.00,1.97,0.00,0.00,0.00,4.0,95830.0,95347.0,0.0,0.0,0.5,0.0,64.034,0.000,0.0,720577.0
2026-08-31T20:13:24,0.2,4991,1547350,1531166,0.3,0.00,0.89,0.00,3.55,0.00,1.00,0.00,4.0,95830.0,95347.0,0.0,0.0,0.5,0.0,64.065,0.000,0.0,660968.5
2026-08-31T20:13:26,0.2,4991,1547350,1531166,0.3,0.00,0.54,0.00,2.16,0.00,0.00,0.00,4.0,95830.0,95347.0,0.0,0.0,0.5,0.0,64.044,0.000,0.0,644194.5
2026-08-31T20:13:28,0.2,4992,1547350,1531165,0.3,0.00,0.54,0.00,2.16,0.00,0.00,0.00,4.0,95830.0,95347.0,0.0,0.0,0.5,0.0,64.053,0.000,0.0,666664.5
2026-08-31T20:13:29,0.2,4991,1547350,1531166,0.3,0.00,0.70,0.00,2.81,0.00,0.00,0.00,4.0,95830.0,95347.0,0.0,0.0,0.5,0.0,64.055,0.000,0.0,646598.0
2026-08-31T20:13:31,0.2,4991,1547350,1531166,0.3,0.00,0.42,0.00,1.68,0.00,0.00,0.00,4.0,95830.0,95347.0,0.0,0.0,0.5,0.0,64.043,0.000,0.0,646658.5
2026-08-31T20:13:34,0.2,4992,1547350,1531165,0.3,0.00,53.05,0.00,335.15,0.00,0.05,0.05,4.0,95830.0,95347.0,0.0,0.0,0.5,0.0,64.078,0.000,0.0,643412.0
2026-08-31T20:13:36,0.2,4992,1547350,1531165,0.3,0.00,0.50,0.00,1.99,0.00,0.00,0.00,4.0,95830.0,95347.0,0.0,0.0,0.5,0.0,64.026,0.000,0.0,652386.0
2026-08-31T20:13:37,0.2,4993,1547350,1531164,0.3,0.00,0.59,0.00,2.36,0.00,0.00,0.00,4.0,95830.0,95347.0,0.0,0.0,0.5,0.0,64.014,0.000,0.0,707178.0
2026-08-31T20:13:39,0.2,4993,1547350,1531164,0.3,0.00,5.38,0.00,58.08,0.00,0.00,0.00,4.0,95830.0,95347.0,0.0,0.0,0.5,0.0,64.058,0.000,0.0,646102.5
2026-08-31T20:13:40,0.2,4993,1547350,1531164,0.3,0.00,0.59,0.00,2.36,0.00,0.00,0.06,4.0,95830.0,95347.0,0.0,0.0,0.5,0.0,64.052,0.000,0.0,651961.0
2026-08-31T20:13:42,0.2,4993,1547350,1531163,0.3,0.00,0.98,0.00,3.91,0.00,0.00,0.00,4.0,95830.0,95347.0,0.0,0.0,0.5,0.0,64.035,0.000,0.0,648764.5
2026-08-31T20:13:44,0.2,4994,1547350,1531163,0.3,0.00,0.51,0.00,2.03,0.00,0.00,0.00,4.0,95830.0,95347.0,0.0,0.0,0.5,0.0,64.012,0.000,0.0,645569.0
2026-08-31T20:13:46,0.2,4994,1547350,1531163,0.3,0.00,0.50,0.00,2.00,0.00,0.00,0.00,4.0,95830.0,95347.0,0.0,0.0,0.5,0.0,64.017,0.000,0.0,666751.0
2026-08-31T20:13:48,0.2,4993,1547350,1531163,0.3,0.00,0.48,0.00,1.91,0.00,0.00,0.00,4.0,95830.0,95347.0,0.0,0.0,0.5,0.0,64.028,0.000,0.0,666751.0
2026-08-31T20:13:49,0.3,4993,1547350,1531164,0.3,0.00,1.52,0.00,6.06,0.00,1.00,0.00,4.0,95830.0,95347.0,0.0,0.0,0.5,0.0,64.004,0.000,0.0,687036.0
2026-08-31T20:13:51,0.2,4993,1547350,1531164,0.3,0.00,0.62,0.00,2.50,0.00,0.00,0.00,4.0,95830.0,95347.0,0.0,0.0,0.5,0.0,64.012,0.000,0.0,639694.5
2026-08-31T20:13:52,0.2,4993,1547350,1531164,0.3,0.00,0.65,0.00,2.60,0.00,0.00,0.06,4.0,95830.0,95347.0,0.0,0.0,0.5,0.0,64.000,0.000,0.0,682013.0
2026-08-31T20:13:54,0.2,4995,1547350,1531162,0.3,0.00,0.60,0.00,2.42,0.00,0.00,0.00,4.0,95830.0,95347.0,0.0,0.0,0.5,0.0,64.025,0.000,0.0,690707.5
2026-08-31T20:13:55,0.2,4994,1547350,1531163,0.3,0.00,0.98,0.00,3.92,0.00,0.00,0.00,4.0,95830.0,95347.0,0.0,0.0,0.5,0.0,64.023,0.000,0.0,656820.5
2026-08-31T20:13:56,0.2,4995,1547350,1531161,0.3,0.00,0.63,0.00,2.51,0.00,0.00,0.00,4.0,95830.0,95347.0,0.0,0.0,0.5,0.0,64.016,0.000,0.0,656820.5
2026-08-31T20:13:57,0.3,4996,1547350,1531161,0.3,0.00,1.63,0.00,6.50,0.00,0.00,0.16,4.0,95830.0,95347.0,0.0,0.0,0.5,0.0,64.007,0.000,0.0,709409.5
2026-08-31T20:13:59,0.2,4996,1547350,1531161,0.3,0.00,0.62,0.00,2.46,0.00,0.00,0.00,4.0,95830.0,95347.0,0.0,0.0,0.5,0.0,64.002,0.000,0.0,656120.0
2026-08-31T20:14:00,0.2,4996,1547350,1531161,0.3,0.00,0.65,0.00,2.60,0.00,0.00,0.00,4.0,95830.0,95347.0,0.0,0.0,0.5,0.0,64.003,0.000,0.0,660119.0
2026-08-31T20:14:02,0.3,5001,1547350,1531156,0.3,0.00,0.62,0.00,2.46,0.00,0.00,0.00,4.0,95830.0,95347.0,0.0,0.0,0.5,0.0,64.011,0.000,0.0,654983.0
2026-08-31T20:14:03,0.2,5002,1547350,1531155,0.3,0.00,1.24,0.00,4.95,0.00,0.00,0.00,4.0,95830.0,95347.0,0.0,0.0,0.5,0.0,64.010,0.000,0.0,658686.5
2026-08-31T20:14:05,0.2,5003,1547350,1531154,0.3,0.00,0.60,0.00,2.40,0.00,0.00,0.00,4.0,95830.0,95347.0,0.0,0.0,0.5,0.0,63.987,0.000,0.0,658686.5
2026-08-31T20:14:06,0.2,5003,1547350,1531154,0.3,0.00,1.25,0.00,5.02,0.00,0.00,0.00,4.0,95830.0,95347.0,0.0,0.0,0.5,0.0,63.992,0.000,0.0,716851.5
2026-08-31T20:14:07,0.2,5003,1547350,1531154,0.3,0.00,1.02,0.00,4.09,0.00,0.00,0.00,4.0,95830.0,95347.0,0.0,0.0,0.5,0.0,64.015,0.000,0.0,672907.5
2026-08-31T20:14:08,0.2,5003,1547350,1531154,0.3,0.00,0.82,0.00,3.29,0.00,0.00,0.00,4.0,95830.0,95347.0,0.0,0.0,0.5,0.0,63.998,0.000,0.0,691663.0
2026-08-31T20:14:09,0.2,5002,1547350,1531155,0.3,0.00,6.67,0.00,77.78,0.00,0.17,0.00,4.0,95830.0,95347.0,0.0,0.0,0.5,0.0,63.986,0.000,0.0,691663.0
2026-08-31T20:14:10,0.2,5001,1547350,1531156,0.3,0.00,1.38,0.00,5.52,0.00,0.00,0.00,4.0,95830.0,95347.0,0.0,0.0,0.5,0.0,63.995,0.000,0.0,708923.5
2026-08-31T20:14:11,0.2,4998,1547350,1531159,0.3,0.00,0.83,0.00,3.31,0.00,0.00,0.08,4.0,95830.0,95347.0,0.0,0.0,0.5,0.0,63.999,0.000,0.0,650917.5
2026-08-31T20:14:13,0.2,4999,1547350,1531158,0.3,0.00,0.55,0.00,2.20,0.00,0.00,0.00,4.0,95830.0,95347.0,0.0,0.0,0.5,0.0,63.974,0.000,0.0,657486.5
2026-08-31T20:14:14,0.2,4998,1547350,1531159,0.3,0.00,1.27,0.00,5.08,0.00,0.00,0.00,4.0,95830.0,95347.0,0.0,0.0,0.5,0.0,63.995,0.000,0.0,659026.0
2026-08-31T20:14:16,0.2,4999,1547350,1531158,0.3,0.00,0.59,0.00,2.36,0.00,0.00,0.06,4.0,95830.0,95347.0,0.0,0.0,0.5,0.0,63.980,0.000,0.0,672431.5
2026-08-31T20:14:18,0.2,4999,1547350,1531158,0.3,0.00,0.57,0.00,2.26,0.00,0.00,0.00,4.0,95830.0,95347.0,0.0,0.0,0.5,0.0,63.966,0.000,0.0,646752.5
2026-08-31T20:14:19,0.2,4999,1547350,1531158,0.3,0.00,0.63,0.00,2.53,0.00,0.00,0.00,4.0,95830.0,95347.0,0.0,0.0,0.5,0.0,63.995,0.000,0.0,725989.5
2026-08-31T20:14:21,0.2,5001,1547350,1531156,0.3,0.00,0.56,0.00,2.25,0.00,0.00,0.06,4.0,95830.0,95347.0,0.0,0.0,0.5,0.0,63.979,0.000,0.0,688353.0
2026-08-31T20:14:23,0.2,5001,1547350,1531156,0.3,0.00,0.60,0.00,2.41,0.00,0.00,0.00,4.0,95830.0,95347.0,0.0,0.0,0.5,0.0,63.995,0.000,0.0,650768.5
2026-08-31T20:14:25,0.2,5001,1547350,1531156,0.3,0.00,0.56,0.00,2.24,0.00,0.00,0.00,4.0,95830.0,95347.0,0.0,0.0,0.5,0.0,64.000,0.000,0.0,689023.0
2026-08-31T20:14:26,0.2,5002,1547350,1531155,0.3,0.00,0.53,0.00,2.12,0.00,0.00,0.00,4.0,95830.0,95347.0,0.0,0.0,0.5,0.0,63.975,0.000,0.0,652171.0
2026-08-31T20:14:28,0.2,5002,1547350,1531154,0.3,0.00,0.56,0.00,2.24,0.00,0.00,0.00,4.0,95830.0,95347.0,0.0,0.0,0.5,0.0,63.954,0.000,0.0,647650.5
2026-08-31T20:14:30,0.2,5002,1547350,1531155,0.3,0.00,0.50,0.00,2.01,0.00,0.00,0.00,4.0,95830.0,95347.0,0.0,0.0,0.5,0.0,64.000,0.000,0.0,658817.5
2026-08-31T20:14:32,0.2,5003,1547350,1531154,0.3,0.00,0.62,0.00,2.48,0.00,0.00,0.00,4.0,95830.0,95347.0,0.0,0.0,0.5,0.0,63.995,0.000,0.0,658817.5
2026-08-31T20:14:32,0.2,5003,1547350,1531154,0.3,0.00,1.54,0.00,6.14,0.00,1.00,0.00,4.0,95830.0,95347.0,0.0,0.0,0.5,0.0,64.011,0.000,0.0,668769.5
2026-08-31T20:14:34,0.2,5004,1547350,1531153,0.3,0.00,3.82,0.00,17.47,0.00,0.00,0.00,4.0,95830.0,95347.0,0.0,0.0,0.5,0.0,64.007,0.000,0.0,679038.0
2026-08-31T20:14:36,0.2,5004,1547350,1531153,0.3,0.00,0.64,0.00,2.57,0.00,0.00,0.00,4.0,95830.0,95347.0,0.0,0.0,0.5,0.0,63.956,0.000,0.0,656079.0
2026-08-31T20:14:38,0.2,5003,1547350,1531154,0.3,0.00,0.45,0.00,1.80,0.00,0.00,0.04,4.0,95830.0,95347.0,0.0,0.0,0.5,0.0,64.011,0.000,0.0,647817.5
2026-08-31T20:14:40,0.2,5004,1547350,1531153,0.3,0.00,1.12,0.00,10.12,0.00,0.00,0.00,4.0,95830.0,95347.0,0.0,0.0,0.5,0.0,63.998,0.000,0.0,647817.5
2026-08-31T20:14:40,0.2,5010,1547350,1531147,0.3,0.00,2.12,0.00,8.47,0.00,0.00,0.00,4.0,95830.0,95347.0,0.0,0.0,0.5,0.0,64.004,0.000,0.0,685664.0
2026-08-31T20:14:42,0.3,5070,1547350,1531087,0.3,0.00,0.51,0.00,2.03,0.00,0.00,0.00,4.0,95830.0,95347.0,0.0,0.0,0.5,0.0,64.032,0.000,0.0,995225.5
2026-08-31T20:14:44,0.2,5070,1547350,1531087,0.3,0.00,1.03,0.00,4.10,0.00,0.50,0.00,4.0,95830.0,95347.0,0.0,0.0,0.5,0.0,64.031,0.000,0.0,995225.5
2026-08-31T20:14:45,0.2,5071,1547350,1531086,0.3,0.00,1.29,0.00,5.15,0.00,0.00,0.00,4.0,95830.0,95347.0,0.0,0.0,0.5,0.0,64.026,0.000,0.0,722406.5
2026-08-31T20:14:46,0.2,5071,1547350,1531086,0.3,0.00,1.02,0.00,4.08,0.00,0.00,0.00,4.0,95830.0,95347.0,0.0,0.0,0.5,0.0,64.043,0.000,0.0,806977.5
2026-08-31T20:14:47,0.3,5071,1547350,1531086,0.3,0.00,1.33,0.00,5.33,0.00,0.00,0.00,4.0,95830.0,95347.0,0.0,0.0,0.5,0.0,64.013,0.000,0.0,806977.5
2026-08-31T20:14:47,0.2,5071,1547350,1531086,0.3,0.00,1.39,0.00,5.56,0.00,0.00,0.00,4.0,95830.0,95347.0,0.0,0.0,0.5,0.0,64.021,0.000,0.0,677754.5
2026-08-31T20:14:49,0.2,5071,1547350,1531086,0.3,0.00,0.56,0.00,2.24,0.00,0.00,0.00,4.0,95830.0,95347.0,0.0,0.0,0.5,0.0,64.027,0.000,0.0,677754.5
2026-08-31T20:14:50,0.3,5071,1547350,1531086,0.3,0.00,1.32,0.00,5.28,0.00,0.00,0.00,4.0,95830.0,95347.0,0.0,0.0,0.5,0.0,64.013,0.000,0.0,747253.0
2026-08-31T20:14:51,0.2,5072,1547350,1531085,0.3,0.00,1.41,0.00,5.64,0.00,0.00,0.00,4.0,95830.0,95347.0,0.0,0.0,0.5,0.0,64.041,0.000,0.0,747253.0
2026-08-31T20:14:52,0.2,5071,1547350,1531086,0.3,0.00,1.10,0.00,4.41,0.00,0.00,0.00,4.0,95830.0,95347.0,0.0,0.0,0.5,0.0,64.004,0.000,0.0,704534.0
2026-08-31T20:14:52,0.3,5072,1547350,1531085,0.3,0.00,1.39,0.00,5.58,0.00,0.00,0.00,4.0,95830.0,95347.0,0.0,0.0,0.5,0.0,64.020,0.000,0.0,704534.0
2026-08-31T20:14:53,0.2,5073,1547350,1531084,0.3,0.00,1.54,0.00,6.15,0.00,0.00,0.00,4.0,95830.0,95347.0,0.0,0.0,0.5,0.0,63.995,0.000,0.0,735940.5
2026-08-31T20:14:54,1.6,5074,1547350,1531082,0.3,0.00,0.99,0.00,3.96,0.00,0.00,0.00,4.0,95830.0,95347.0,0.0,0.0,0.5,0.0,63.990,0.000,0.0,668458.0
2026-08-31T20:14:55,0.2,5075,1547350,1531082,0.3,0.00,0.85,0.00,3.39,0.00,0.00,0.00,4.0,95830.0,95347.0,0.0,0.0,0.5,0.0,63.990,0.000,0.0,689888.0
2026-08-31T20:14:57,0.2,5077,1547350,1531080,0.3,0.00,0.66,0.00,2.63,0.00,0.00,0.00,4.0,95830.0,95347.0,0.0,0.0,0.5,0.0,64.020,0.000,0.0,692109.5
2026-08-31T20:14:58,0.2,5077,1547350,1531080,0.3,0.00,1.23,0.00,4.91,0.00,0.00,0.00,4.0,95830.0,95347.0,0.0,0.0,0.5,0.0,64.002,0.000,0.0,692109.5
2026-08-31T20:14:59,0.2,5078,1547350,1531079,0.3,0.00,0.95,0.00,3.78,0.00,0.00,0.00,4.0,95830.0,95347.0,0.0,0.0,0.5,0.0,64.010,0.000,0.0,684905.0
2026-08-31T20:15:00,0.2,5079,1547350,1531078,0.3,0.00,0.86,0.00,3.45,0.00,0.00,0.00,4.0,95830.0,95347.0,0.0,0.0,0.5,0.0,64.033,0.000,0.0,684905.0
2026-08-31T20:15:00,0.3,5079,1547350,1531078,0.3,0.00,1.98,0.00,7.91,0.00,0.00,0.00,4.0,95830.0,95347.0,0.0,0.0,0.5,0.0,64.019,0.000,0.0,684905.0
2026-08-31T20:15:01,0.2,5081,1547350,1531076,0.3,0.00,1.81,0.00,7.26,0.00,0.00,0.00,4.0,95830.0,95347.0,0.0,0.0,0.5,0.0,64.024,0.000,0.0,737503.5
2026-08-31T20:15:02,0.3,5081,1547350,1531075,0.3,0.00,0.78,0.00,3.12,0.00,1.00,0.00,4.0,95830.0,95347.0,0.0,0.0,0.5,0.0,63.989,0.000,0.0,656307.5
2026-08-31T20:15:04,0.2,5082,1547350,1531075,0.3,0.00,0.66,0.00,2.65,0.00,0.00,0.00,4.0,95830.0,95347.0,0.0,0.0,0.5,0.0,64.046,0.000,0.0,662274.0
2026-08-31T20:15:05,0.2,5081,1547350,1531076,0.3,0.00,1.14,0.00,4.58,0.00,0.00,0.00,4.0,95830.0,95347.0,0.0,0.0,0.5,0.0,64.058,0.000,0.0,656176.5
2026-08-31T20:15:07,0.2,5082,1547350,1531075,0.3,0.00,0.57,0.00,2.29,0.00,0.00,0.00,4.0,95830.0,95347.0,0.0,0.0,0.5,0.0,64.042,0.000,0.0,649471.0
2026-08-31T20:15:09,0.2,5083,1547350,1531074,0.3,0.00,1.28,0.00,14.12,0.00,0.00,0.00,4.0,95830.0,95347.0,0.0,0.0,0.5,0.0,64.046,0.000,0.0,659404.0
2026-08-31T20:15:10,0.2,5083,1547350,1531074,0.3,0.00,0.61,0.00,2.44,0.00,0.00,0.00,4.0,95830.0,95347.0,0.0,0.0,0.5,0.0,64.036,0.000,0.0,698309.0
2026-08-31T20:15:11,0.2,5080,1547350,1531077,0.3,0.00,1.19,0.00,4.76,0.00,0.00,0.12,4.0,95830.0,95347.0,0.0,0.0,0.5,0.0,64.007,0.000,0.0,698266.5
2026-08-31T20:15:12,0.2,5080,1547350,1531077,0.3,0.00,0.83,0.00,3.31,0.00,0.00,0.00,4.0,95830.0,95347.0,0.0,0.0,0.5,0.0,64.000,0.000,0.0,669179.5
2026-08-31T20:15:14,0.2,5079,1547350,1531078,0.3,0.00,0.73,0.00,2.90,0.00,0.00,0.00,4.0,95830.0,95347.0,0.0,0.0,0.5,0.0,64.017,0.000,0.0,669179.5
2026-08-31T20:15:15,0.2,5079,1547350,1531078,0.3,0.00,2.40,0.00,14.41,0.00,0.00,0.00,4.0,95830.0,95347.0,0.0,0.0,0.5,0.0,63.999,0.000,0.0,866327.5
2026-08-31T20:15:15,0.2,5080,1547350,1531077,0.3,0.00,1.24,0.00,4.96,0.00,0.00,0.00,4.0,95830.0,95347.0,0.0,0.0,0.5,0.0,64.047,0.000,0.0,866327.5
2026-08-31T20:15:16,0.2,5080,1547350,1531077,0.3,0.00,1.64,0.00,6.57,0.00,0.00,0.00,4.0,95830.0,95347.0,0.0,0.0,0.5,0.0,64.004,0.000,0.0,691870.5
2026-08-31T20:15:17,0.2,5080,1547350,1531077,0.3,0.00,0.68,0.00,2.73,0.00,0.00,0.00,4.0,95830.0,95347.0,0.0,0.0,0.5,0.0,64.010,0.000,0.0,669917.0
2026-08-31T20:15:19,0.2,5080,1547350,1531077,0.3,0.00,0.67,0.00,2.67,0.00,0.00,0.00,4.0,95830.0,95347.0,0.0,0.0,0.5,0.0,64.011,0.000,0.0,676028.0
2026-08-31T20:15:21,0.2,5079,1547350,1531078,0.3,0.00,0.61,0.00,2.44,0.00,0.00,0.00,4.0,95830.0,95347.0,0.0,0.0,0.5,0.0,64.026,0.000,0.0,706654.5
2026-08-31T20:15:22,0.2,5078,1547350,1531079,0.3,0.00,0.99,0.00,3.95,0.00,0.00,0.00,4.0,95830.0,95347.0,0.0,0.0,0.5,0.0,64.001,0.000,0.0,651973.5
2026-08-31T20:15:23,0.2,5079,1547350,1531078,0.3,0.00,0.54,0.00,2.15,0.00,1.00,0.00,4.0,95830.0,95347.0,0.0,0.0,0.5,0.0,64.026,0.000,0.0,648723.5
2026-08-31T20:15:25,0.2,5078,1547350,1531079,0.3,0.00,0.56,0.00,2.24,0.00,0.00,0.00,4.0,95830.0,95347.0,0.0,0.0,0.5,0.0,64.014,0.000,0.0,657149.0
2026-08-31T20:15:27,0.2,5078,1547350,1531078,0.3,0.00,0.63,0.00,2.50,0.00,0.00,0.00,4.0,95830.0,95347.0,0.0,0.0,0.5,0.0,64.022,0.000,0.0,650257.0
2026-08-31T20:15:29,0.2,5079,1547350,1531078,0.3,0.00,0.55,0.00,2.21,0.00,0.00,0.00,4.0,95830.0,95347.0,0.0,0.0,0.5,0.0,64.082,0.000,0.0,659545.5
2026-08-31T20:15:30,0.2,5079,1547350,1531078,0.3,0.00,0.62,0.00,2.48,0.00,0.00,0.06,4.0,95830.0,95347.0,0.0,0.0,0.5,0.0,64.029,0.000,0.0,657477.0
2026-08-31T20:15:32,0.2,5079,1547350,1531078,0.3,0.00,0.68,0.00,2.73,0.00,0.00,0.00,4.0,95830.0,95347.0,0.0,0.0,0.5,0.0,64.032,0.000,0.0,651323.5
2026-08-31T20:15:34,0.2,5080,1547350,1531077,0.3,0.00,0.51,0.00,2.04,0.00,0.00,0.00,4.0,95830.0,95347.0,0.0,0.0,0.5,0.0,64.046,0.000,0.0,656812.0
2026-08-31T20:15:35,0.2,5179,1547350,1530978,0.3,0.00,4.28,0.00,19.56,0.00,0.00,0.00,4.0,95830.0,95347.0,0.0,0.0,0.5,0.0,64.021,0.000,0.0,656812.0
2026-08-31T20:15:36,0.2,5179,1547350,1530978,0.3,0.00,1.46,0.00,5.82,0.00,0.00,0.00,4.0,95830.0,95347.0,0.0,0.0,0.5,0.0,64.044,0.000,0.0,667579.5
2026-08-31T20:15:38,0.2,5180,1547350,1530977,0.3,0.00,0.52,0.00,2.10,0.00,0.00,0.00,4.0,95830.0,95347.0,0.0,0.0,0.5,0.0,64.034,0.000,0.0,667579.5
2026-08-31T20:15:39,0.2,5179,1547350,1530978,0.3,0.00,1.11,0.00,4.45,0.00,1.00,0.00,4.0,95830.0,95347.0,0.0,0.0,0.5,0.0,64.031,0.000,0.0,698294.0
2026-08-31T20:15:40,0.2,5180,1547350,1530977,0.3,0.00,4.28,0.00,32.62,0.00,0.00,0.00,4.0,95830.0,95347.0,0.0,0.0,0.5,0.0,64.043,0.000,0.0,698294.0
2026-08-31T20:15:40,0.2,5179,1547350,1530977,0.3,0.00,1.72,0.00,6.88,0.00,0.00,0.00,4.0,95830.0,95347.0,0.0,0.0,0.5,0.0,64.209,0.000,0.0,1238039.0
2026-08-31T20:15:41,1.0,5170,1547350,1530722,0.3,0.00,1.42,0.00,5.68,0.00,0.00,0.00,2200.0,95830.0,93152.0,1.0,0.0,0.5,0.0,78.996,0.001,0.0,4235436.0
2026-08-31T20:15:45,0.1,5170,1547350,1530723,0.3,0.00,0.48,0.00,1.92,0.00,0.00,0.00,2200.0,95830.0,93152.0,0.0,0.0,0.5,0.0,79.035,0.000,0.0,652678.0
2026-08-31T20:15:47,0.2,5170,1547350,1530722,0.3,0.00,0.68,0.00,2.74,0.00,0.00,0.00,2200.0,95830.0,93152.0,0.0,0.0,0.5,0.0,79.055,0.000,0.0,682011.5
2026-08-31T20:15:48,0.2,5169,1547350,1530723,0.3,0.00,0.60,0.00,2.39,0.00,0.00,0.00,2200.0,95830.0,93152.0,0.0,0.0,0.5,0.0,79.161,0.000,0.0,660280.0
2026-08-31T20:15:50,0.2,5175,1547350,1530718,0.3,0.00,0.51,0.00,2.05,0.00,0.00,0.00,2200.0,95830.0,93152.0,0.0,0.0,0.5,0.0,79.263,0.000,0.0,669688.5
2026-08-31T20:15:51,0.2,5175,1547350,1530718,0.3,0.00,1.41,0.00,5.63,0.00,0.00,0.00,2200.0,95830.0,93152.0,0.0,0.0,0.5,0.0,79.270,0.000,0.0,669688.5
2026-08-31T20:15:51,0.3,5175,1547350,1530718,0.3,0.00,1.93,0.00,7.72,0.00,0.00,0.00,2200.0,95830.0,93152.0,0.0,0.0,0.5,0.0,79.248,0.000,0.0,720766.5
2026-08-31T20:15:52,0.2,5176,1547350,1530717,0.3,0.00,1.02,0.00,4.08,0.00,0.00,0.00,2200.0,95830.0,93152.0,0.0,0.0,0.5,0.0,79.268,0.000,0.0,720766.5
2026-08-31T20:15:53,0.2,5176,1547350,1530717,0.3,0.00,1.41,0.00,5.63,0.00,0.00,0.00,2200.0,95830.0,93152.0,0.0,0.0,0.5,0.0,79.269,0.000,0.0,679578.0
2026-08-31T20:15:54,0.2,5177,1547350,1530716,0.3,0.00,0.86,0.00,3.43,0.00,0.00,0.00,2200.0,95830.0,93152.0,0.0,0.0,0.5,0.0,79.232,0.000,0.0,717550.5
2026-08-31T20:15:55,0.3,5188,1547350,1530705,0.3,0.00,1.04,0.00,4.18,0.00,0.00,0.00,2200.0,95830.0,93152.0,0.0,0.0,0.5,0.0,79.239,0.000,0.0,717550.5
2026-08-31T20:15:56,0.2,5196,1547350,1530695,0.3,0.00,1.60,0.00,6.41,0.00,0.00,0.00,2418.0,95830.0,92934.0,2.0,0.0,0.5,0.0,79.248,0.000,0.0,2391480.0
2026-08-31T20:15:58,0.2,5197,1547350,1530694,0.3,0.00,0.60,0.00,2.41,0.00,1.00,0.00,2418.0,95830.0,92934.0,0.0,0.0,0.5,0.0,79.255,0.000,0.0,2391480.0
2026-08-31T20:15:58,0.2,5196,1547350,1530695,0.3,0.00,1.59,0.00,6.38,0.00,0.00,0.00,2418.0,95830.0,92934.0,0.0,0.0,0.5,0.0,79.269,0.000,0.0,773769.0
2026-08-31T20:15:59,0.2,5197,1547350,1530694,0.3,0.00,1.97,0.00,7.87,0.00,0.00,0.00,2418.0,95830.0,92934.0,0.0,0.0,0.5,0.0,79.304,0.000,0.0,773769.0
2026-08-31T20:15:59,0.3,5198,1547350,1530693,0.3,0.00,3.13,0.00,12.54,0.00,0.00,0.00,2418.0,95830.0,92934.0,0.0,0.0,0.5,0.0,79.291,0.000,0.0,773769.0
2026-08-31T20:16:00,0.2,5197,1547350,1530693,0.3,0.00,2.04,0.00,8.18,0.00,0.00,0.00,2418.0,95830.0,92934.0,0.0,0.0,0.5,0.0,79.241,0.000,0.0,737588.5
2026-08-31T20:16:01,0.2,5198,1547350,1530693,0.3,0.00,1.00,0.00,4.00,0.00,0.00,0.00,2418.0,95830.0,92934.0,0.0,0.0,0.5,0.0,79.254,0.000,0.0,737588.5
2026-08-31T20:16:01,0.3,5202,1547350,1530688,0.3,0.00,2.62,0.00,10.50,0.00,0.00,0.00,2418.0,95830.0,92934.0,0.0,0.0,0.5,0.0,79.304,0.000,0.0,784578.0
2026-08-31T20:16:02,0.5,5203,1547350,1530687,0.3,0.00,1.41,0.00,5.63,0.00,0.00,0.00,2418.0,95830.0,92934.0,0.0,0.0,0.5,0.0,79.320,0.000,0.0,784578.0
2026-08-31T20:16:02,0.2,5204,1547350,1530687,0.3,0.00,1.62,0.00,6.48,0.00,0.00,0.00,2418.0,95830.0,92934.0,0.0,0.0,0.5,0.0,79.274,0.000,0.0,757806.5
2026-08-31T20:16:04,0.2,5201,1547350,1530690,0.3,0.00,0.69,0.00,2.76,0.00,0.00,0.00,2418.0,95830.0,92934.0,0.0,0.0,0.5,0.0,79.312,0.000,0.0,651848.5
2026-08-31T20:16:04,0.2,5224,1547350,1530666,0.3,0.00,1.52,0.00,6.06,0.00,0.00,0.00,2418.0,95830.0,92934.0,0.0,0.0,0.5,0.0,79.352,0.000,0.0,651848.5
2026-08-31T20:16:05,1.1,5253,1547350,1530638,0.3,0.00,2.18,0.00,8.71,0.00,0.00,0.00,2418.0,95830.0,92934.0,0.0,0.0,0.5,0.0,79.341,0.000,0.0,651848.5
2026-08-31T20:16:05,1.0,5254,1547350,1530637,0.3,0.00,2.27,0.00,9.07,0.00,0.00,0.00,2418.0,95830.0,92934.0,0.0,0.0,0.5,0.0,79.382,0.000,0.0,822937.0
2026-08-31T20:16:06,1.3,5267,1547350,1530623,0.3,0.00,3.40,0.00,13.61,0.00,0.00,0.00,2418.0,95830.0,92934.0,0.0,0.0,0.5,0.0,79.436,0.000,0.0,822937.0
2026-08-31T20:16:06,1.2,5271,1547350,1530619,0.3,0.00,2.41,0.00,9.64,0.00,0.00,0.00,2418.0,95830.0,92934.0,0.0,0.0,0.5,0.0,79.364,0.000,0.0,822937.0
2026-08-31T20:16:07,1.3,5329,1547350,1530561,0.3,0.00,1.45,0.00,5.78,0.00,0.00,0.00,2418.0,95830.0,92934.0,0.0,0.0,0.5,0.0,79.404,0.000,0.0,788213.5
2026-08-31T20:16:07,1.3,5277,1547350,1530613,0.3,0.00,1.58,0.00,6.33,0.00,0.00,0.00,2418.0,95830.0,92934.0,0.0,0.0,0.5,0.0,79.423,0.000,0.0,774845.0
2026-08-31T20:16:08,1.0,5279,1547350,1530611,0.3,0.00,3.37,0.00,13.47,0.00,0.00,0.00,2418.0,95830.0,92934.0,0.0,0.0,0.5,0.0,79.421,0.000,0.0,774845.0
2026-08-31T20:16:08,0.2,5279,1547350,1530611,0.3,0.00,1.09,0.00,4.36,0.00,0.00,0.00,2418.0,95830.0,92934.0,0.0,0.0,0.5,0.0,79.426,0.000,0.0,735219.0
2026-08-31T20:16:09,0.6,5279,1547350,1530611,0.3,0.00,1.26,0.00,5.06,0.00,0.00,0.00,2418.0,95830.0,92934.0,0.0,0.0,0.5,0.0,79.441,0.000,0.0,735219.0
2026-08-31T20:16:10,1.5,5305,1547350,1530585,0.3,0.00,989.53,0.00,12770.94,0.00,0.11,0.79,2418.0,95830.0,92934.0,0.0,0.0,0.5,0.0,79.509,0.000,0.0,731753.0
2026-08-31T20:16:11,1.3,5287,1547350,1530604,0.3,0.00,0.99,0.00,3.96,0.00,0.00,0.00,2418.0,95830.0,92934.0,0.0,0.0,0.5,0.0,79.480,0.000,0.0,731753.0
2026-08-31T20:16:11,1.2,5286,1547350,1530604,0.3,0.00,3.23,0.00,19.39,0.00,0.00,0.00,2418.0,95830.0,92934.0,0.0,0.0,0.5,0.0,79.476,0.000,0.0,808876.5
2026-08-31T20:16:12,1.3,5302,1547350,1530589,0.3,0.00,2.42,0.00,9.66,0.00,0.00,0.00,2418.0,95830.0,92934.0,0.0,0.0,0.5,0.0,79.489,0.000,0.0,808876.5
2026-08-31T20:16:12,1.3,5362,1547350,1530528,0.3,0.00,2.73,0.00,10.93,0.00,0.00,0.00,2418.0,95830.0,92934.0,0.0,0.0,0.5,0.0,79.508,0.000,0.0,808876.5
2026-08-31T20:16:13,1.3,5304,1547350,1530587,0.3,0.00,4.35,0.00,17.39,0.00,0.00,0.00,2418.0,95830.0,92934.0,0.0,0.0,0.5,0.0,79.513,0.000,0.0,805551.5
2026-08-31T20:16:13,1.3,5410,1547350,1530480,0.3,0.00,1147.87,0.00,14808.27,0.00,0.10,1.25,2420.0,95830.0,92932.0,0.0,0.0,0.5,0.0,79.403,0.000,0.0,1763536.5
2026-08-31T20:16:16,1.2,5359,1547350,1530532,0.3,0.00,9.01,0.00,90.38,0.00,0.03,0.03,2470.0,95830.0,92882.0,0.0,0.0,0.5,0.0,79.532,0.000,0.0,654855.5
2026-08-31T20:16:18,0.4,5223,1547350,1530668,0.3,0.00,6.02,0.00,520.41,0.00,0.11,0.13,2470.0,95830.0,92882.0,0.0,0.0,0.5,0.0,79.457,0.000,0.0,700789.5
2026-08-31T20:16:20,0.2,5410,1547350,1530470,0.3,0.00,0.58,0.00,2.32,0.00,0.00,0.00,2534.0,95830.0,92818.0,0.0,0.0,0.5,0.0,79.465,0.001,0.0,722209.0
2026-08-31T20:16:22,0.3,5665,1547350,1530215,0.4,0.00,0.48,0.00,1.91,0.00,0.00,0.00,2572.0,95830.0,92780.0,0.0,0.0,0.5,0.0,79.572,0.002,0.0,753258.0
2026-08-31T20:16:23,0.4,5668,1547350,1530212,0.4,0.00,0.80,0.00,3.21,0.00,0.00,0.00,2572.0,95830.0,92780.0,0.0,0.0,0.5,0.5,80.124,0.002,0.0,753258.0
2026-08-31T20:16:23,1.0,5676,1547350,1530204,0.4,0.00,3.15,0.00,12.62,0.00,0.00,0.00,3005.0,95830.0,92346.0,1.0,0.0,0.5,1.0,80.589,0.002,0.0,753258.0
2026-08-31T20:16:24,0.7,5724,1547350,1530156,0.4,0.00,3.37,0.00,13.47,0.00,0.00,0.00,3005.0,95830.0,92346.0,1.0,0.0,0.5,0.0,81.140,0.002,0.0,12881533.0
2026-08-31T20:16:24,0.6,5891,1547350,1529981,0.4,0.00,1.93,0.00,7.74,0.00,0.00,0.00,3093.0,95830.0,92258.0,2.0,0.0,0.5,0.0,80.584,0.002,0.0,12881533.0
2026-08-31T20:16:25,1.2,5952,1547350,1529920,0.4,0.00,2.17,0.00,8.68,0.00,0.00,0.00,3093.0,95830.0,92258.0,2.0,0.0,0.5,0.0,80.223,0.002,0.0,12881533.0
2026-08-31T20:16:25,0.7,5944,1547350,1529856,0.4,0.00,3.33,0.00,13.33,0.00,0.00,0.00,10227.0,95830.0,85124.0,0.0,0.0,0.5,0.0,79.666,0.001,0.0,43517899.0
2026-08-31T20:16:26,0.2,6031,1547350,1529767,0.4,0.00,0.62,0.00,2.49,0.00,1.00,0.06,10379.0,95830.0,84972.0,0.0,0.0,0.5,0.0,79.683,0.000,0.0,799640.0
2026-08-31T20:16:28,0.3,6168,1547350,1529630,0.4,0.00,0.63,0.00,2.51,0.00,0.00,0.00,10417.0,95830.0,84934.0,40.0,0.0,0.5,0.0,90.150,0.031,0.0,1758613.0
2026-08-31T20:16:29,0.2,6187,1547350,1529611,0.4,0.00,0.93,0.00,3.74,0.00,0.00,0.00,10417.0,95830.0,84934.0,0.0,0.0,0.5,0.0,79.537,0.000,0.0,929553.5
2026-08-31T20:16:30,0.6,6196,1547350,1529602,0.4,0.00,0.74,0.00,2.95,0.00,0.00,0.00,10427.0,95830.0,84924.0,0.0,7.0,0.5,39.0,117.018,0.000,0.0,929553.5
2026-08-31T20:16:31,1.5,6199,1547350,1529599,0.4,0.00,3.55,0.00,14.18,0.00,0.00,0.00,10427.0,95830.0,84924.0,0.0,6.0,0.5,34.0,138.700,0.000,0.0,929553.5
2026-08-31T20:16:31,0.9,6204,1547350,1529594,0.4,0.00,2.13,0.00,8.53,0.00,0.00,0.00,10473.0,95830.0,84878.0,1.0,8.5,0.5,38.5,141.557,0.299,0.2,43590280.5
2026-08-31T20:16:32,1.3,6208,1547350,1529590,0.4,0.00,16.71,0.00,111.42,0.00,0.00,0.00,10473.0,95830.0,84878.0,1.0,7.0,0.5,39.0,131.193,0.299,0.2,43590280.5
2026-08-31T20:16:32,0.3,6210,1547350,1529588,0.4,0.00,1.07,0.00,4.29,0.00,0.00,0.00,10473.0,95830.0,84878.0,0.0,0.0,0.5,0.0,89.198,0.107,0.1,17128208.0
2026-08-31T20:16:33,1.5,6212,1547350,1529586,0.4,0.00,3.33,0.00,13.33,0.00,0.00,0.33,10473.0,95830.0,84878.0,0.0,8.5,0.5,41.5,103.160,0.107,0.1,17128208.0
2026-08-31T20:16:33,1.0,6219,1547350,1529578,0.4,0.00,2.22,0.00,8.87,0.00,0.00,0.00,10541.0,95830.0,84810.0,10.0,7.5,0.5,41.0,128.368,0.107,0.1,17128208.0
2026-08-31T20:16:34,0.6,6221,1547350,1529577,0.4,0.00,3.00,0.00,12.01,0.00,0.00,0.00,10541.0,95830.0,84810.0,10.0,0.0,0.5,21.0,123.265,0.213,0.1,26524999.0
2026-08-31T20:16:34,1.0,6270,1547350,1529528,0.4,0.00,1.85,0.00,7.38,0.00,0.00,0.00,10541.0,95830.0,84810.0,50.0,1.0,0.5,4.0,111.182,0.213,0.1,26524999.0
2026-08-31T20:16:35,0.9,6271,1547350,1529527,0.4,0.00,2.14,0.00,8.57,0.00,0.00,0.00,10541.0,95830.0,84810.0,50.0,2.5,0.5,11.0,118.013,0.213,0.1,26524999.0
2026-08-31T20:16:35,1.3,6274,1547350,1529524,0.4,0.00,2.67,0.00,10.70,0.00,1.00,0.00,10541.0,95830.0,84810.0,50.0,8.5,0.5,41.0,129.949,0.232,0.2,21483662.5
2026-08-31T20:16:35,1.0,6276,1547350,1529522,0.4,0.00,3.44,0.00,13.75,0.00,0.00,0.00,10541.0,95830.0,84810.0,82.0,0.5,0.5,2.5,130.493,0.232,0.2,21483662.5
2026-08-31T20:16:36,0.9,6278,1547350,1529520,0.4,0.00,2.55,0.00,10.20,0.00,0.00,0.00,10541.0,95830.0,84810.0,82.0,1.5,0.5,8.5,128.143,0.232,0.2,21483662.5
2026-08-31T20:16:36,1.3,6280,1547350,1529518,0.4,0.00,2.31,0.00,9.24,0.00,0.00,0.00,10541.0,95830.0,84810.0,82.0,7.0,0.5,39.0,130.689,0.248,0.2,30331309.5
2026-08-31T20:16:37,0.6,6281,1547350,1529517,0.4,0.00,1.85,0.00,7.38,0.00,0.00,0.00,10543.0,95830.0,84808.0,60.0,0.0,0.5,0.0,124.574,0.248,0.2,30331309.5
2026-08-31T20:16:37,1.0,6283,1547350,1529515,0.4,0.00,145.06,0.00,4753.09,0.00,0.36,0.31,10543.0,95830.0,84808.0,60.0,2.0,0.5,8.5,112.149,0.248,0.2,30331309.5
2026-08-31T20:16:37,1.3,6285,1547350,1529513,0.4,0.00,1.82,0.00,7.29,0.00,0.00,0.00,10543.0,95830.0,84808.0,55.0,6.5,0.5,36.5,136.803,0.233,0.1,32661512.0
2026-08-31T20:16:38,0.5,6285,1547350,1529513,0.4,0.00,2.38,0.00,9.52,0.00,0.00,0.00,10543.0,95830.0,84808.0,55.0,0.0,0.5,0.0,115.526,0.233,0.1,32661512.0
2026-08-31T20:16:38,1.3,6288,1547350,1529510,0.4,0.00,3.36,0.00,13.42,0.00,0.00,0.00,10543.0,95830.0,84808.0,0.0,7.0,0.5,40.0,129.339,0.233,0.1,32661512.0
2026-08-31T20:16:39,1.4,6289,1547350,1529509,0.4,0.00,2.51,0.00,10.03,0.00,0.00,0.00,10543.0,95830.0,84808.0,0.0,7.0,0.5,40.0,138.775,0.255,0.2,35663694.5
2026-08-31T20:16:39,0.9,6294,1547350,1529504,0.4,0.00,3.52,0.00,14.08,0.00,0.00,0.00,10543.0,95830.0,84808.0,19.0,7.0,0.5,39.5,143.057,0.255,0.2,35663694.5
2026-08-31T20:16:40,1.3,6295,1547350,1529502,0.4,0.00,1.38,0.00,5.52,0.00,0.00,0.00,10543.0,95830.0,84808.0,19.0,7.0,0.5,39.0,143.549,0.302,0.2,42563077.0
2026-08-31T20:16:40,1.3,6297,1547350,1529501,0.4,0.00,236.67,0.00,3533.33,0.00,0.25,0.33,10543.0,95830.0,84808.0,19.0,7.5,0.5,40.5,155.078,0.302,0.2,42563077.0
2026-08-31T20:16:40,0.9,6297,1547350,1529501,0.4,0.00,3.17,0.00,12.70,0.00,0.00,0.00,10543.0,95830.0,84808.0,81.0,0.0,0.5,0.0,139.148,0.302,0.2,42563077.0
2026-08-31T20:16:41,0.9,6297,1547350,1529501,0.4,0.00,2.62,0.00,10.50,0.00,0.00,0.00,10543.0,95830.0,84808.0,81.0,0.0,0.5,1.5,124.471,0.235,0.1,32853288.0
2026-08-31T20:16:41,1.3,6298,1547350,1529500,0.4,0.00,2.48,0.00,9.90,0.00,0.00,0.00,10543.0,95830.0,84808.0,81.0,8.5,0.5,39.5,127.231,0.235,0.1,32853288.0
2026-08-31T20:16:41,1.3,6300,1547350,1529498,0.4,0.00,3.44,0.00,13.75,0.00,0.00,0.00,10543.0,95830.0,84808.0,79.0,7.0,0.5,38.5,145.567,0.235,0.1,32853288.0
2026-08-31T20:16:42,1.0,6300,1547350,1529498,0.4,0.00,157.68,0.00,1468.88,0.00,0.16,0.00,10543.0,95830.0,84808.0,79.0,0.0,0.5,1.5,139.773,0.321,0.2,46370272.5
2026-08-31T20:16:42,1.0,6299,1547350,1529499,0.4,0.00,2.23,0.00,8.91,0.00,0.00,0.00,10543.0,95830.0,84808.0,3.0,1.0,0.5,5.5,129.435,0.321,0.2,46370272.5
2026-08-31T20:16:43,1.3,6301,1547350,1529497,0.4,0.00,2.36,0.00,9.46,0.00,0.00,0.00,10543.0,95830.0,84808.0,3.0,7.5,0.5,32.0,130.416,0.321,0.2,46370272.5
2026-08-31T20:16:43,1.3,6302,1547350,1529496,0.4,0.00,3.25,0.00,12.99,0.00,0.00,0.00,10543.0,95830.0,84808.0,3.0,7.0,0.5,39.5,147.434,0.302,0.2,37108155.0
2026-08-31T20:16:43,1.3,6303,1547350,1529495,0.4,0.00,3.48,0.00,13.94,0.00,0.00,0.35,10543.0,95830.0,84808.0,79.0,7.0,0.5,39.5,161.209,0.302,0.2,37108155.0
2026-08-31T20:16:44,1.3,6303,1547350,1529495,0.4,0.00,2.39,0.00,9.57,0.00,0.00,0.00,10543.0,95830.0,84808.0,79.0,7.0,0.5,39.5,159.627,0.302,0.2,37108155.0
2026-08-31T20:16:44,0.9,6304,1547350,1529494,0.4,0.00,3.11,0.00,12.42,0.00,0.00,0.00,10543.0,95830.0,84808.0,79.0,0.0,0.5,0.0,142.300,0.318,0.2,50044763.0
2026-08-31T20:16:45,1.3,6304,1547350,1529494,0.4,0.00,1.84,0.00,7.35,0.00,0.00,0.00,10543.0,95830.0,84808.0,66.0,7.5,0.5,40.5,145.412,0.318,0.2,50044763.0
2026-08-31T20:16:45,1.3,6303,1547350,1529495,0.4,0.00,3.25,0.00,12.99,0.00,0.00,0.00,10543.0,95830.0,84808.0,66.0,7.5,0.5,40.5,146.017,0.318,0.2,50044763.0
2026-08-31T20:16:45,0.6,6303,1547350,1529495,0.4,0.00,2.99,0.00,11.98,0.00,0.00,0.00,10543.0,95830.0,84808.0,81.0,0.0,0.5,0.0,130.260,0.286,0.2,40450737.5
2026-08-31T20:16:46,1.4,6304,1547350,1529494,0.4,0.00,2.19,0.00,8.75,0.00,0.00,0.00,10543.0,95830.0,84808.0,81.0,8.0,0.5,35.0,132.347,0.286,0.2,40450737.5
2026-08-31T20:16:46,0.8,6304,1547350,1529494,0.4,0.00,3.51,0.00,14.04,0.00,1.00,0.00,10543.0,95830.0,84808.0,81.0,0.0,0.5,1.0,117.887,0.286,0.2,40450737.5
2026-08-31T20:16:46,1.3,6305,1547350,1529493,0.4,0.00,3.23,0.00,12.90,0.00,0.00,0.00,10543.0,95830.0,84808.0,2.0,7.5,0.5,40.5,149.827,0.304,0.2,38489926.0
2026-08-31T20:16:47,1.3,6306,1547350,1529492,0.4,0.00,2.35,0.00,9.41,0.00,0.00,0.00,10543.0,95830.0,84808.0,2.0,7.5,0.5,40.5,147.906,0.304,0.2,38489926.0
2026-08-31T20:16:47,1.4,6306,1547350,1529492,0.4,0.00,6.39,0.00,25.56,0.00,0.00,0.00,10543.0,95830.0,84808.0,2.0,7.5,0.5,40.5,164.069,0.304,0.2,38489926.0
2026-08-31T20:16:47,1.3,6306,1547350,1529492,0.4,0.00,3.26,0.00,13.03,0.00,0.00,0.00,10543.0,95830.0,84808.0,81.0,7.5,0.5,40.5,161.308,0.403,0.2,63456955.5
2026-08-31T20:16:48,0.4,6306,1547350,1529492,0.4,0.00,2.00,0.00,7.98,0.00,0.00,0.00,10543.0,95830.0,84808.0,81.0,0.0,0.5,0.0,129.341,0.403,0.2,63456955.5
2026-08-31T20:16:48,0.9,6307,1547350,1529491,0.4,0.00,3.23,0.00,12.90,0.00,0.00,0.00,10543.0,95830.0,84808.0,55.0,0.0,0.5,0.0,107.831,0.403,0.2,63456955.5
2026-08-31T20:16:49,1.3,6307,1547350,1529491,0.4,0.00,1.80,0.00,7.21,0.00,0.00,0.00,10543.0,95830.0,84808.0,55.0,8.0,0.5,34.5,135.021,0.183,0.1,21624419.5
2026-08-31T20:16:49,0.6,6308,1547350,1529491,0.4,0.00,3.33,0.00,13.33,0.00,0.00,0.00,10543.0,95830.0,84808.0,54.0,0.0,0.5,0.0,122.433,0.183,0.1,21624419.5
2026-08-31T20:16:50,1.4,6309,1547350,1529489,0.4,0.00,1.40,0.00,5.59,0.00,0.00,0.00,10543.0,95830.0,84808.0,54.0,7.0,0.5,30.0,122.672,0.193,0.1,25592114.5
2026-08-31T20:16:50,1.3,6311,1547350,1529487,0.4,0.00,3.31,0.00,13.25,0.00,0.00,0.00,10543.0,95830.0,84808.0,54.0,7.0,0.5,40.5,132.653,0.193,0.1,25592114.5
2026-08-31T20:16:50,1.3,6311,1547350,1529487,0.4,0.00,3.28,0.00,13.11,0.00,0.00,0.00,10545.0,95830.0,84806.0,81.0,7.5,0.5,40.5,163.623,0.193,0.1,25592114.5
2026-08-31T20:16:51,1.3,6311,1547350,1529487,0.4,0.00,2.33,0.00,9.32,0.00,0.00,0.00,10545.0,95830.0,84806.0,81.0,7.5,0.5,40.5,161.168,0.403,0.2,69343043.0
2026-08-31T20:16:51,1.4,6311,1547350,1529487,0.4,0.00,3.46,0.00,13.84,0.00,0.00,0.00,10545.0,95830.0,84806.0,81.0,7.5,0.5,40.5,161.108,0.403,0.2,69343043.0
2026-08-31T20:16:51,0.8,6311,1547350,1529487,0.4,0.00,3.23,0.00,12.90,0.00,0.00,0.00,10545.0,95830.0,84806.0,81.0,0.0,0.5,0.5,138.708,0.403,0.2,69343043.0
2026-08-31T20:16:52,1.0,6311,1547350,1529487,0.4,0.00,2.65,0.00,10.61,0.00,0.00,0.00,10545.0,95830.0,84806.0,81.0,3.5,0.5,20.5,127.038,0.238,0.2,30684424.5
2026-08-31T20:16:52,1.3,6311,1547350,1529487,0.4,0.00,2.16,0.00,8.66,0.00,0.00,0.00,10545.0,95830.0,84806.0,34.0,4.5,0.5,17.0,136.948,0.238,0.2,30684424.5
2026-08-31T20:16:53,1.4,6313,1547350,1529485,0.4,0.00,2.25,0.00,9.01,0.00,0.00,0.00,10545.0,95830.0,84806.0,34.0,7.5,0.5,41.0,152.792,0.238,0.2,30684424.5
2026-08-31T20:16:53,1.3,6314,1547350,1529484,0.4,0.00,2.10,0.00,8.39,0.00,0.00,0.00,10545.0,95830.0,84806.0,34.0,7.5,0.5,40.5,160.794,0.404,0.3,61607323.5
2026-08-31T20:16:53,0.8,6315,1547350,1529483,0.4,0.00,3.48,0.00,13.94,0.00,0.00,0.00,10545.0,95830.0,84806.0,81.0,6.5,0.5,36.5,141.996,0.404,0.3,61607323.5
2026-08-31T20:16:54,1.4,6315,1547350,1529483,0.4,0.00,3.27,0.00,13.07,0.00,0.00,0.00,10545.0,95830.0,84806.0,81.0,7.5,0.5,33.5,143.123,0.404,0.3,61607323.5
2026-08-31T20:16:54,1.4,6315,1547350,1529483,0.4,0.00,3.95,0.00,15.81,0.00,0.00,0.00,10545.0,95830.0,84806.0,81.0,7.0,0.5,40.0,137.760,0.404,0.3,61607323.5
2026-08-31T20:16:54,0.4,6316,1547350,1529482,0.4,0.00,2.87,0.00,11.46,0.00,0.00,0.00,10545.0,95830.0,84806.0,62.0,0.0,0.5,0.0,124.658,0.203,0.1,25875454.0
2026-08-31T20:16:55,1.3,6317,1547350,1529481,0.4,0.00,1.83,0.00,7.34,0.00,0.00,0.00,10545.0,95830.0,84806.0,62.0,7.5,0.5,32.5,124.627,0.203,0.1,25875454.0
2026-08-31T20:16:55,1.4,6316,1547350,1529482,0.4,0.00,4.00,0.00,16.00,0.00,0.00,0.00,10545.0,95830.0,84806.0,62.0,7.0,0.5,39.5,138.103,0.203,0.1,25875454.0
2026-08-31T20:16:55,1.1,6317,1547350,1529481,0.4,0.00,3.64,0.00,14.55,0.00,1.00,0.00,10545.0,95830.0,84806.0,79.0,4.5,0.5,25.0,148.732,0.203,0.1,25875454.0
2026-08-31T20:16:56,1.3,6318,1547350,1529480,0.4,0.00,2.67,0.00,10.67,0.00,0.00,0.00,10545.0,95830.0,84806.0,79.0,6.5,0.5,26.0,151.675,0.344,0.2,48395944.5
2026-08-31T20:16:56,1.1,6319,1547350,1529480,0.4,2.58,2.58,20.67,10.34,0.00,0.00,0.00,10545.0,95830.0,84806.0,79.0,6.0,0.5,34.5,139.750,0.344,0.2,48395944.5
2026-08-31T20:16:56,1.3,6318,1547350,1529480,0.4,0.00,3.61,0.00,14.44,0.00,0.00,0.00,10545.0,95830.0,84806.0,69.0,3.0,0.5,12.5,150.362,0.344,0.2,48395944.5
2026-08-31T20:16:57,1.4,6318,1547350,1529480,0.4,0.00,3.31,0.00,13.25,0.00,0.00,0.00,10545.0,95830.0,84806.0,69.0,7.5,0.5,41.0,151.375,0.344,0.2,48395944.5
2026-08-31T20:16:57,1.4,6319,1547350,1529480,0.4,0.00,3.70,0.00,14.81,0.00,0.00,0.00,10545.0,95830.0,84806.0,69.0,7.5,0.5,40.5,157.576,0.352,0.2,51472876.0
2026-08-31T20:16:57,1.3,6318,1547350,1529480,0.4,0.00,3.64,0.00,14.55,0.00,0.00,0.00,10545.0,95830.0,84806.0,82.0,7.5,0.5,41.0,162.716,0.352,0.2,51472876.0
2026-08-31T20:16:58,1.3,6318,1547350,1529480,0.4,0.00,2.79,0.00,11.17,0.00,0.00,0.00,10545.0,95830.0,84806.0,82.0,7.5,0.5,40.5,163.351,0.352,0.2,51472876.0
2026-08-31T20:16:58,1.0,6319,1547350,1529479,0.4,0.00,3.73,0.00,14.93,0.00,0.00,0.00,10545.0,95830.0,84806.0,82.0,7.5,0.5,40.0,152.008,0.352,0.2,51472876.0
2026-08-31T20:16:58,1.0,6319,1547350,1529479,0.4,0.00,3.77,0.00,15.09,0.00,0.00,0.00,10545.0,95830.0,84806.0,56.0,6.5,0.5,28.0,138.558,0.304,0.2,43994188.0
2026-08-31T20:16:59,1.3,6320,1547350,1529478,0.4,0.00,2.16,0.00,8.62,0.00,0.00,0.22,10545.0,95830.0,84806.0,56.0,9.5,0.5,38.0,143.157,0.304,0.2,43994188.0
2026-08-31T20:16:59,1.4,6320,1547350,1529478,0.4,0.00,3.95,0.00,15.81,0.00,0.00,0.00,10545.0,95830.0,84806.0,56.0,7.5,0.5,41.0,153.722,0.304,0.2,43994188.0
2026-08-31T20:16:59,1.2,6320,1547350,1529478,0.4,0.00,3.89,0.00,15.56,0.00,0.00,0.00,10545.0,95830.0,84806.0,56.0,7.5,0.5,40.5,162.016,0.304,0.2,43994188.0
2026-08-31T20:16:59,1.3,6320,1547350,1529478,0.4,0.00,3.39,0.00,13.56,0.00,0.00,0.00,10545.0,95830.0,84806.0,81.0,7.5,0.5,40.5,164.560,0.396,0.3,57049254.5
2026-08-31T20:17:00,1.1,6319,1547350,1529479,0.4,0.00,2.42,0.00,9.66,0.00,0.00,0.00,10545.0,95830.0,84806.0,81.0,3.5,0.5,20.0,152.938,0.396,0.3,57049254.5
2026-08-31T20:17:00,1.3,6320,1547350,1529478,0.4,0.00,3.60,0.00,14.39,0.00,0.00,0.00,10545.0,95830.0,84806.0,81.0,6.5,0.5,40.5,152.254,0.396,0.3,57049254.5
2026-08-31T20:17:00,1.3,6320,1547350,1529478,0.4,0.00,3.62,0.00,14.49,0.00,0.00,0.36,10545.0,95830.0,84806.0,81.0,7.0,0.5,40.5,151.538,0.396,0.3,57049254.5
2026-08-31T20:17:01,0.6,6320,1547350,1529478,0.4,0.00,2.09,0.00,8.37,0.00,0.00,0.00,10545.0,95830.0,84806.0,81.0,0.0,0.5,0.0,134.184,0.277,0.2,40101819.5
2026-08-31T20:17:01,1.3,6321,1547350,1529477,0.4,0.00,3.91,0.00,15.62,0.00,0.00,0.00,10545.0,95830.0,84806.0,81.0,7.0,0.5,40.0,137.699,0.277,0.2,40101819.5
2026-08-31T20:17:01,1.1,6330,1547350,1529468,0.4,0.00,3.85,0.00,15.38,0.00,0.00,0.00,10545.0,95830.0,84806.0,80.0,0.5,0.5,2.5,117.041,0.277,0.2,40101819.5
2026-08-31T20:17:02,1.3,6330,1547350,1529468,0.4,0.00,2.80,0.00,11.20,0.00,0.00,0.00,10545.0,95830.0,84806.0,80.0,7.0,0.5,40.5,137.627,0.277,0.2,40101819.5
2026-08-31T20:17:02,1.5,6330,1547350,1529468,0.4,0.00,3.88,0.00,15.50,0.00,0.00,0.00,10545.0,95830.0,84806.0,80.0,4.0,0.5,16.0,131.307,0.261,0.2,33637511.0
2026-08-31T20:17:02,1.0,6331,1547350,1529467,0.4,0.00,2.56,0.00,10.23,0.00,0.00,0.00,10545.0,95830.0,84806.0,32.0,8.0,0.5,41.0,153.487,0.261,0.2,33637511.0
2026-08-31T20:17:03,1.1,6331,1547350,1529467,0.4,0.00,2.82,0.00,11.30,0.00,0.00,0.00,10545.0,95830.0,84806.0,32.0,3.5,0.5,14.5,139.282,0.261,0.2,33637511.0
2026-08-31T20:17:03,1.0,6334,1547350,1529464,0.4,0.00,3.76,0.00,15.04,0.00,0.00,0.00,10545.0,95830.0,84806.0,32.0,4.0,0.5,20.5,137.546,0.261,0.2,33637511.0
2026-08-31T20:17:03,1.3,6334,1547350,1529464,0.4,0.00,3.03,0.00,12.12,0.00,1.00,0.00,10545.0,95830.0,84806.0,41.0,7.0,0.5,40.5,141.699,0.298,0.2,38839037.0
2026-08-31T20:17:04,1.3,6333,1547350,1529465,0.4,0.00,3.29,0.00,13.16,0.00,0.00,0.00,10545.0,95830.0,84806.0,41.0,7.5,0.5,41.0,150.380,0.298,0.2,38839037.0
2026-08-31T20:17:04,0.6,6334,1547350,1529464,0.4,0.00,2.60,0.00,10.42,0.00,0.00,0.00,10545.0,95830.0,84806.0,41.0,9.0,0.5,40.0,140.484,0.298,0.2,38839037.0
2026-08-31T20:17:04,1.3,6335,1547350,1529462,0.4,0.00,2.56,0.00,10.26,0.00,0.00,0.00,10545.0,95830.0,84806.0,0.0,7.0,0.5,39.0,139.815,0.300,0.2,42478284.0
2026-08-31T20:17:05,0.6,6336,1547350,1529462,0.4,0.00,2.00,0.00,7.98,0.00,0.00,0.00,10545.0,95830.0,84806.0,0.0,0.0,0.5,1.5,131.498,0.300,0.2,42478284.0
2026-08-31T20:17:05,1.3,6335,1547350,1529463,0.4,0.00,3.94,0.00,15.75,0.00,0.00,0.00,10545.0,95830.0,84806.0,0.0,7.0,0.5,39.0,140.631,0.300,0.2,42478284.0
2026-08-31T20:17:05,1.1,6335,1547350,1529463,0.4,0.00,3.26,0.00,13.03,0.00,0.00,0.00,10545.0,95830.0,84806.0,42.0,5.0,0.5,29.0,127.444,0.300,0.2,42478284.0
2026-08-31T20:17:06,1.4,6335,1547350,1529463,0.4,0.00,3.40,0.00,13.61,0.00,0.00,0.00,10545.0,95830.0,84806.0,42.0,7.5,0.5,40.0,145.577,0.245,0.2,30519031.0
2026-08-31T20:17:06,1.0,6336,1547350,1529462,0.4,0.00,3.92,0.00,15.69,0.00,0.00,0.00,10545.0,95830.0,84806.0,42.0,4.5,0.5,26.5,138.644,0.245,0.2,30519031.0
2026-08-31T20:17:06,1.4,6335,1547350,1529463,0.4,0.00,2.95,0.00,11.80,0.00,0.00,0.00,10545.0,95830.0,84806.0,53.0,7.5,0.5,41.0,145.032,0.245,0.2,30519031.0
2026-08-31T20:17:07,1.0,6336,1547350,1529462,0.4,0.00,3.24,0.00,12.94,0.00,0.00,0.00,10545.0,95830.0,84806.0,53.0,7.5,0.5,30.0,140.688,0.266,0.2,30858355.5
2026-08-31T20:17:07,1.3,6336,1547350,1529462,0.4,0.00,2.62,0.00,10.47,0.00,0.00,0.00,10545.0,95830.0,84806.0,53.0,7.0,0.5,40.0,153.813,0.266,0.2,30858355.5
2026-08-31T20:17:07,1.2,6335,1547350,1529463,0.4,0.00,3.92,0.00,15.69,0.00,0.00,0.00,10545.0,95830.0,84806.0,80.0,7.0,0.5,39.5,151.101,0.266,0.2,30858355.5
2026-08-31T20:17:08,1.1,6335,1547350,1529463,0.4,0.00,2.79,0.00,11.14,0.00,0.00,0.28,10545.0,95830.0,84806.0,80.0,2.0,0.5,9.5,146.703,0.335,0.2,47768988.0
2026-08-31T20:17:08,0.8,6337,1547350,1529461,0.4,0.00,1.66,0.00,6.66,0.00,0.00,0.00,10545.0,95830.0,84806.0,70.0,0.0,0.5,0.0,131.703,0.335,0.2,47768988.0
2026-08-31T20:17:08,1.4,6337,1547350,1529461,0.4,0.00,4.03,0.00,16.13,0.00,0.00,0.00,10545.0,95830.0,84806.0,70.0,8.0,0.5,33.5,133.531,0.335,0.2,47768988.0
2026-08-31T20:17:09,1.3,6337,1547350,1529461,0.4,0.00,3.75,0.00,14.98,0.00,0.00,0.00,10545.0,95830.0,84806.0,70.0,7.5,0.5,40.5,145.090,0.335,0.2,47768988.0
2026-08-31T20:17:09,1.3,6337,1547350,1529461,0.4,0.00,3.70,0.00,14.81,0.00,0.00,0.00,10545.0,95830.0,84806.0,70.0,7.5,0.5,41.0,149.067,0.304,0.2,42422097.0
2026-08-31T20:17:09,1.3,6337,1547350,1529461,0.4,0.00,3.94,0.00,15.75,0.00,0.00,0.00,10545.0,95830.0,84806.0,82.0,7.5,0.5,41.0,164.692,0.304,0.2,42422097.0
2026-08-31T20:17:10,1.3,6336,1547350,1529462,0.4,0.00,2.58,0.00,10.34,0.00,0.00,0.00,10545.0,95830.0,84806.0,82.0,7.5,0.5,40.5,161.310,0.304,0.2,42422097.0
2026-08-31T20:17:10,0.6,6336,1547350,1529462,0.4,0.00,2.99,0.00,11.94,0.00,0.00,0.00,10545.0,95830.0,84806.0,82.0,0.0,0.5,0.0,136.740,0.304,0.2,42422097.0
2026-08-31T20:17:10,1.1,6338,1547350,1529460,0.4,0.00,58.39,0.00,454.38,0.00,0.12,0.36,10545.0,95830.0,84806.0,0.0,1.0,0.5,6.5,130.885,0.280,0.2,37178299.0
2026-08-31T20:17:11,1.3,6337,1547350,1529461,0.4,0.00,2.15,0.00,8.58,0.00,0.00,0.00,10545.0,95830.0,84806.0,0.0,9.5,0.5,44.0,132.656,0.280,0.2,37178299.0
2026-08-31T20:17:11,0.5,6337,1547350,1529461,0.4,0.00,3.23,0.00,12.90,0.00,0.00,0.00,10545.0,95830.0,84806.0,0.0,0.0,0.5,0.0,130.782,0.280,0.2,37178299.0
2026-08-31T20:17:11,1.0,6335,1547350,1529463,0.4,0.00,3.94,0.00,15.75,0.00,0.00,0.00,10545.0,95830.0,84806.0,0.0,3.0,0.5,16.5,121.103,0.194,0.1,25708976.0
2026-08-31T20:17:12,1.2,6339,1547350,1529459,0.4,0.00,2.17,0.00,8.70,0.00,0.00,0.00,10545.0,95830.0,84806.0,0.0,5.5,0.5,27.5,125.602,0.194,0.1,25708976.0
2026-08-31T20:17:12,2.3,6340,1547350,1529458,0.4,0.00,2.21,0.00,8.85,0.00,0.00,0.00,10545.0,95830.0,84806.0,45.0,7.0,0.5,40.5,135.366,0.194,0.1,25708976.0
2026-08-31T20:17:12,2.4,6339,1547350,1529459,0.4,0.00,3.94,0.00,15.75,0.00,0.00,0.00,10545.0,95830.0,84806.0,45.0,7.5,0.5,41.0,154.933,0.326,0.2,41775314.5
2026-08-31T20:17:13,2.3,6339,1547350,1529459,0.4,0.00,10.20,0.00,54.42,0.00,0.00,0.00,10545.0,95830.0,84806.0,45.0,7.5,0.5,41.0,162.831,0.326,0.2,41775314.5
2026-08-31T20:17:13,2.4,6340,1547350,1529458,0.4,0.00,3.79,0.00,15.15,0.00,0.00,0.00,10545.0,95830.0,84806.0,45.0,7.5,0.5,40.5,161.022,0.326,0.2,41775314.5
2026-08-31T20:17:13,1.5,6341,1547350,1529457,0.4,0.00,3.12,0.00,12.50,0.00,0.00,0.00,10545.0,95830.0,84806.0,81.0,1.5,0.5,8.5,136.983,0.326,0.2,41775314.5
2026-08-31T20:17:14,2.1,6342,1547350,1529456,0.4,0.00,3.16,0.00,12.66,0.00,0.00,0.00,10545.0,95830.0,84806.0,81.0,7.0,0.5,32.0,125.955,0.245,0.2,34324143.5
2026-08-31T20:17:14,2.0,6345,1547350,1529453,0.4,0.00,3.44,0.00,13.75,0.00,0.00,0.00,10545.0,95830.0,84806.0,81.0,4.0,0.5,21.0,116.929,0.245,0.2,34324143.5
2026-08-31T20:17:14,1.4,6342,1547350,1529456,0.4,0.00,2.92,0.00,11.66,0.00,1.00,0.00,10545.0,95830.0,84806.0,42.0,6.5,0.5,27.5,143.241,0.245,0.2,34324143.5
2026-08-31T20:17:15,1.3,6342,1547350,1529455,0.4,0.00,2.71,0.00,10.84,0.00,0.00,0.00,10545.0,95830.0,84806.0,42.0,7.0,0.5,39.5,164.683,0.344,0.2,45839277.5
2026-08-31T20:17:15,1.4,6342,1547350,1529456,0.4,0.00,1.70,0.00,6.79,0.00,0.00,0.00,10545.0,95830.0,84806.0,81.0,7.0,0.5,39.5,162.272,0.344,0.2,45839277.5
2026-08-31T20:17:15,1.4,6342,1547350,1529456,0.4,0.00,3.97,0.00,15.87,0.00,0.00,0.00,10545.0,95830.0,84806.0,81.0,7.0,0.5,39.5,161.832,0.344,0.2,45839277.5
2026-08-31T20:17:16,1.1,6341,1547350,1529457,0.4,0.00,3.34,0.00,13.38,0.00,0.00,0.00,10545.0,95830.0,84806.0,81.0,5.5,0.5,21.0,152.010,0.338,0.2,48718012.5
2026-08-31T20:17:16,0.8,6341,1547350,1529457,0.4,0.00,1.78,0.00,7.13,0.00,0.00,0.00,10545.0,95830.0,84806.0,42.0,2.5,0.5,15.5,129.732,0.338,0.2,48718012.5
2026-08-31T20:17:17,1.2,6341,1547350,1529457,0.4,0.00,3.11,0.00,12.42,0.00,0.00,0.00,10545.0,95830.0,84806.0,42.0,10.0,0.5,44.0,119.966,0.338,0.2,48718012.5
2026-08-31T20:17:17,1.5,6341,1547350,1529457,0.4,0.00,3.21,0.00,12.82,0.00,0.00,0.00,10545.0,95830.0,84806.0,42.0,9.5,0.5,41.5,125.352,0.190,0.1,20505180.0
2026-08-31T20:17:17,0.7,6341,1547350,1529457,0.4,0.00,2.62,0.00,10.47,0.00,0.00,0.00,10545.0,95830.0,84806.0,83.0,7.0,0.5,31.0,125.311,0.190,0.1,20505180.0
2026-08-31T20:17:18,1.4,6342,1547350,1529456,0.4,0.00,4.78,0.00,19.14,0.00,0.00,0.00,10545.0,95830.0,84806.0,83.0,1.0,0.5,4.5,138.312,0.190,0.1,20505180.0
2026-08-31T20:17:18,1.0,6342,1547350,1529456,0.4,0.00,3.88,0.00,15.50,0.00,0.00,0.00,10545.0,95830.0,84806.0,83.0,7.0,0.5,39.5,138.752,0.249,0.2,30945222.5
2026-08-31T20:17:18,1.3,6341,1547350,1529457,0.4,0.00,2.47,0.00,9.88,0.00,0.00,0.00,10545.0,95830.0,84806.0,79.0,9.0,0.5,41.5,153.703,0.249,0.2,30945222.5
2026-08-31T20:17:19,0.6,6342,1547350,1529456,0.4,0.00,2.21,0.00,8.83,0.00,0.00,0.00,10545.0,95830.0,84806.0,79.0,3.0,0.5,12.5,133.262,0.249,0.2,30945222.5
2026-08-31T20:17:19,1.3,6342,1547350,1529456,0.4,0.00,2.50,0.00,10.00,0.00,0.00,0.00,10545.0,95830.0,84806.0,25.0,7.5,0.5,39.5,137.579,0.283,0.2,36812132.5
2026-08-31T20:17:20,1.4,6341,1547350,1529457,0.4,0.00,2.57,0.00,10.28,0.00,0.00,0.00,10545.0,95830.0,84806.0,25.0,7.0,0.5,38.0,150.100,0.283,0.2,36812132.5
2026-08-31T20:17:20,0.7,6342,1547350,1529456,0.4,0.00,2.31,0.00,9.26,0.00,0.00,0.00,10545.0,95830.0,84806.0,25.0,1.5,0.5,9.5,136.822,0.283,0.2,36812132.5
2026-08-31T20:17:20,1.4,6342,1547350,1529456,0.4,0.00,3.92,0.00,15.69,0.00,0.00,0.00,10545.0,95830.0,84806.0,19.0,2.0,0.5,8.0,139.115,0.267,0.2,37144602.5
2026-08-31T20:17:21,0.6,6341,1547350,1529457,0.4,0.00,3.22,0.00,12.86,0.00,0.00,0.00,10545.0,95830.0,84806.0,19.0,0.0,0.5,2.0,117.937,0.267,0.2,37144602.5
2026-08-31T20:17:21,1.3,6343,1547350,1529455,0.4,0.00,4.02,0.00,16.06,0.00,0.00,0.00,10545.0,95830.0,84806.0,19.0,5.0,0.5,18.5,133.430,0.267,0.2,37144602.5
2026-08-31T20:17:21,1.4,6343,1547350,1529455,0.4,0.00,3.83,0.00,15.33,0.00,0.00,0.00,10545.0,95830.0,84806.0,82.0,7.5,0.5,41.0,140.909,0.267,0.2,37144602.5
2026-08-31T20:17:21,1.4,6343,1547350,1529455,0.4,0.00,3.91,0.00,15.62,0.00,0.00,0.00,10545.0,95830.0,84806.0,82.0,7.0,0.5,39.0,158.200,0.295,0.2,42194441.0
2026-08-31T20:17:22,1.4,6344,1547350,1529454,0.4,0.00,2.86,0.00,11.43,0.00,0.00,0.00,10545.0,95830.0,84806.0,82.0,7.0,0.5,39.5,162.225,0.295,0.2,42194441.0
2026-08-31T20:17:22,1.4,6344,1547350,1529454,0.4,0.00,3.89,0.00,15.56,0.00,1.00,0.00,10545.0,95830.0,84806.0,82.0,7.0,0.5,39.5,162.822,0.295,0.2,42194441.0
2026-08-31T20:17:22,0.6,6344,1547350,1529454,0.4,0.00,2.87,0.00,11.49,0.00,0.00,0.00,10545.0,95830.0,84806.0,79.0,5.0,0.5,27.5,140.303,0.295,0.2,42194441.0
2026-08-31T20:17:23,1.2,6345,1547350,1529453,0.4,0.00,3.44,0.00,13.75,0.00,0.00,0.00,10545.0,95830.0,84806.0,79.0,1.5,0.5,8.0,131.133,0.262,0.2,34676223.5
2026-08-31T20:17:23,1.3,6344,1547350,1529454,0.4,0.00,1.99,0.00,7.95,0.00,0.00,0.00,10545.0,95830.0,84806.0,82.0,9.0,0.5,41.0,138.495,0.262,0.2,34676223.5
2026-08-31T20:17:24,0.5,6344,1547350,1529454,0.4,0.00,3.12,0.00,12.46,0.00,0.00,0.00,10545.0,95830.0,84806.0,82.0,1.5,0.5,8.5,126.559,0.262,0.2,34676223.5
2026-08-31T20:17:24,1.1,6344,1547350,1529454,0.4,0.00,3.38,0.00,13.51,0.00,0.00,0.00,10545.0,95830.0,84806.0,82.0,9.5,0.5,42.5,127.470,0.193,0.1,25745467.0
2026-08-31T20:17:24,1.4,6346,1547350,1529452,0.4,0.00,2.62,0.00,10.50,0.00,0.00,0.00,10545.0,95830.0,84806.0,13.0,1.0,0.5,6.5,128.643,0.193,0.1,25745467.0
2026-08-31T20:17:24,1.4,6346,1547350,1529452,0.4,0.00,3.97,0.00,15.87,0.00,0.00,0.00,10545.0,95830.0,84806.0,13.0,7.0,0.5,40.0,151.781,0.193,0.1,25745467.0
2026-08-31T20:17:25,0.3,6347,1547350,1529451,0.4,0.00,2.44,0.00,9.78,0.00,0.00,0.00,10545.0,95830.0,84806.0,13.0,0.0,0.5,1.0,125.921,0.218,0.1,30451895.0
2026-08-31T20:17:25,1.4,6347,1547350,1529451,0.4,0.00,2.28,0.00,9.11,0.00,0.00,0.00,10545.0,95830.0,84806.0,0.0,5.5,0.5,25.5,125.430,0.218,0.1,30451895.0
2026-08-31T20:17:26,1.4,6347,1547350,1529451,0.4,0.00,3.89,0.00,15.56,0.00,0.00,0.00,10545.0,95830.0,84806.0,0.0,7.0,0.5,39.0,131.061,0.218,0.1,30451895.0
2026-08-31T20:17:26,1.0,6347,1547350,1529451,0.4,0.00,3.80,0.00,15.21,0.00,0.00,0.00,10545.0,95830.0,84806.0,0.0,7.0,0.5,39.0,133.379,0.218,0.1,30451895.0
2026-08-31T20:17:26,1.0,6349,1547350,1529449,0.4,0.00,4.17,0.00,16.67,0.00,0.00,0.00,10545.0,95830.0,84806.0,63.0,7.5,0.5,31.5,139.349,0.290,0.2,36975826.0
2026-08-31T20:17:26,1.3,6349,1547350,1529449,0.4,0.00,2.61,0.00,10.44,0.00,0.00,0.00,10545.0,95830.0,84806.0,63.0,7.5,0.5,41.0,143.092,0.290,0.2,36975826.0
2026-08-31T20:17:27,0.6,6349,1547350,1529449,0.4,0.00,2.03,0.00,8.11,0.00,0.00,0.00,10545.0,95830.0,84806.0,63.0,1.0,0.5,3.5,130.612,0.290,0.2,36975826.0
2026-08-31T20:17:27,1.0,6351,1547350,1529447,0.4,0.00,4.03,0.00,16.13,0.00,0.00,0.00,10545.0,95830.0,84806.0,72.0,3.5,0.5,15.0,128.906,0.238,0.2,28928587.5
2026-08-31T20:17:28,1.4,6352,1547350,1529446,0.4,0.00,2.64,0.00,10.55,0.00,0.00,0.00,10545.0,95830.0,84806.0,72.0,8.0,0.5,41.5,131.997,0.238,0.2,28928587.5
2026-08-31T20:17:28,1.3,6351,1547350,1529447,0.4,0.00,3.62,0.00,14.49,0.00,0.00,0.00,10545.0,95830.0,84806.0,72.0,7.5,0.5,41.0,146.710,0.238,0.2,28928587.5
2026-08-31T20:17:28,1.0,6351,1547350,1529447,0.4,0.00,3.69,0.00,14.76,0.00,0.00,0.00,10545.0,95830.0,84806.0,72.0,2.0,0.5,10.5,142.146,0.238,0.2,28928587.5
2026-08-31T20:17:28,1.4,6351,1547350,1529447,0.4,0.00,3.76,0.00,15.04,0.00,0.00,0.00,10545.0,95830.0,84806.0,21.0,8.0,0.5,41.0,154.269,0.337,0.2,44700847.5
2026-08-31T20:17:29,1.4,6351,1547350,1529447,0.4,0.00,2.81,0.00,11.24,0.00,0.00,0.00,10545.0,95830.0,84806.0,21.0,7.0,0.5,38.5,152.644,0.337,0.2,44700847.5
2026-08-31T20:17:29,1.4,6352,1547350,1529446,0.4,0.00,3.92,0.00,15.69,0.00,1.00,0.00,10545.0,95830.0,84806.0,21.0,7.0,0.5,39.0,156.091,0.337,0.2,44700847.5
2026-08-31T20:17:29,0.9,6352,1547350,1529446,0.4,0.00,3.45,0.00,13.79,0.00,0.00,0.00,10545.0,95830.0,84806.0,53.0,4.5,0.5,26.5,149.064,0.337,0.2,44700847.5
2026-08-31T20:17:30,1.3,6351,1547350,1529447,0.4,0.00,3.77,0.00,15.09,0.00,0.00,0.00,10545.0,95830.0,84806.0,53.0,7.0,0.5,38.5,151.232,0.329,0.2,47595373.0
2026-08-31T20:17:30,1.0,6351,1547350,1529447,0.4,0.00,3.11,0.00,12.42,0.00,0.00,0.00,10545.0,95830.0,84806.0,53.0,10.0,0.5,44.0,144.332,0.329,0.2,47595373.0
2026-08-31T20:17:30,0.7,6351,1547350,1529447,0.4,0.00,1.59,0.00,6.36,0.00,0.00,0.00,10625.0,95830.0,84726.0,11.0,0.0,0.5,0.0,121.597,0.329,0.2,47595373.0
2026-08-31T20:17:31,1.4,6350,1547350,1529448,0.4,0.00,2.82,0.00,11.30,0.00,0.00,0.00,10625.0,95830.0,84726.0,11.0,8.0,0.5,34.5,128.689,0.224,0.1,29262071.0
2026-08-31T20:17:31,1.4,6351,1547350,1529447,0.4,0.00,4.08,0.00,16.33,0.00,0.00,0.00,10625.0,95830.0,84726.0,11.0,7.0,0.5,38.5,133.176,0.224,0.1,29262071.0
2026-08-31T20:17:31,1.3,6351,1547350,1529447,0.4,0.00,3.75,0.00,14.98,0.00,0.00,0.37,10625.0,95830.0,84726.0,77.0,7.0,0.5,38.0,145.344,0.224,0.1,29262071.0
2026-08-31T20:17:32,1.4,6352,1547350,1529446,0.4,0.00,3.94,0.00,15.75,0.00,0.00,0.00,10625.0,95830.0,84726.0,77.0,7.0,0.5,38.0,162.573,0.224,0.1,29262071.0
2026-08-31T20:17:32,1.0,6352,1547350,1529446,0.4,0.00,3.69,0.00,14.76,0.00,0.00,0.00,10625.0,95830.0,84726.0,77.0,5.5,0.5,30.5,151.071,0.326,0.2,48036172.5
2026-08-31T20:17:32,1.3,6351,1547350,1529446,0.4,7.78,3.89,46.69,15.56,0.00,0.00,0.39,10625.0,95830.0,84726.0,77.0,7.5,0.5,39.5,151.859,0.326,0.2,48036172.5
2026-08-31T20:17:33,1.3,6351,1547350,1529447,0.4,0.00,2.61,0.00,10.44,0.00,0.00,0.00,10625.0,95830.0,84726.0,32.0,7.0,0.5,39.0,153.167,0.326,0.2,48036172.5
2026-08-31T20:17:33,1.4,6352,1547350,1529446,0.4,0.00,2.97,0.00,11.87,0.00,0.00,0.00,10625.0,95830.0,84726.0,32.0,7.0,0.5,40.0,163.096,0.326,0.2,48036172.5
2026-08-31T20:17:33,1.3,6351,1547350,1529447,0.4,0.00,18.38,0.00,88.24,0.00,0.00,0.37,10625.0,95830.0,84726.0,32.0,7.5,0.5,40.5,164.087,0.395,0.2,60662892.5
2026-08-31T20:17:33,0.7,6352,1547350,1529446,0.4,0.00,2.92,0.00,11.70,0.00,1.00,0.00,10625.0,95830.0,84726.0,80.0,0.5,0.5,4.0,142.142,0.395,0.2,60662892.5
2026-08-31T20:17:34,1.1,6352,1547350,1529446,0.4,0.00,2.92,0.00,11.70,0.00,0.00,0.00,10625.0,95830.0,84726.0,80.0,3.5,0.5,19.5,133.597,0.395,0.2,60662892.5
2026-08-31T20:17:34,1.4,6351,1547350,1529447,0.4,0.00,3.51,0.00,14.04,0.00,0.00,0.00,10625.0,95830.0,84726.0,80.0,7.0,0.5,30.0,136.120,0.395,0.2,60662892.5
2026-08-31T20:17:34,1.0,6351,1547350,1529446,0.4,0.00,3.92,0.00,15.69,0.00,0.00,0.00,10625.0,95830.0,84726.0,60.0,5.0,0.5,19.0,147.478,0.245,0.2,28686227.0
2026-08-31T20:17:35,1.3,6352,1547350,1529446,0.4,0.00,1.98,0.00,7.92,0.00,0.00,0.00,10625.0,95830.0,84726.0,60.0,7.5,0.5,41.0,157.288,0.245,0.2,28686227.0
2026-08-31T20:17:35,1.3,6352,1547350,1529446,0.4,0.00,3.70,0.00,14.81,0.00,0.00,0.00,10625.0,95830.0,84726.0,82.0,7.5,0.5,41.0,154.091,0.245,0.2,28686227.0
2026-08-31T20:17:36,0.5,6352,1547350,1529446,0.4,0.00,2.14,0.00,8.55,0.00,0.00,0.00,10625.0,95830.0,84726.0,82.0,0.0,0.5,0.0,138.055,0.255,0.2,39536622.0
2026-08-31T20:17:36,1.1,6352,1547350,1529446,0.4,0.00,3.60,0.00,14.39,0.00,0.00,0.36,10625.0,95830.0,84726.0,82.0,2.0,0.5,12.5,126.995,0.255,0.2,39536622.0
2026-08-31T20:17:36,1.0,6352,1547350,1529446,0.4,0.00,2.89,0.00,11.56,0.00,0.00,0.00,10625.0,95830.0,84726.0,25.0,8.5,0.5,39.5,130.132,0.255,0.2,39536622.0
2026-08-31T20:17:37,1.4,6351,1547350,1529447,0.4,0.00,2.77,0.00,11.08,0.00,0.00,0.00,10625.0,95830.0,84726.0,25.0,9.0,0.5,42.5,147.779,0.288,0.2,31726256.5
2026-08-31T20:17:37,1.3,6352,1547350,1529446,0.4,0.00,3.23,0.00,12.90,0.00,0.00,0.00,10625.0,95830.0,84726.0,25.0,7.0,0.5,40.0,151.055,0.288,0.2,31726256.5
2026-08-31T20:17:37,1.1,6352,1547350,1529446,0.4,0.00,3.86,0.00,15.44,0.00,0.00,0.00,10625.0,95830.0,84726.0,80.0,1.5,0.5,9.5,143.995,0.288,0.2,31726256.5
2026-08-31T20:17:37,1.4,6353,1547350,1529445,0.4,0.00,3.39,0.00,13.56,0.00,0.00,0.00,10625.0,95830.0,84726.0,80.0,8.5,0.5,39.5,154.495,0.288,0.2,31726256.5
2026-08-31T20:17:38,1.3,6351,1547350,1529447,0.4,0.00,2.93,0.00,11.73,0.00,0.00,0.00,10625.0,95830.0,84726.0,80.0,7.5,0.5,40.5,154.722,0.343,0.2,49711357.0
2026-08-31T20:17:38,1.0,6353,1547350,1529445,0.4,0.00,3.64,0.00,14.55,0.00,0.00,0.00,10625.0,95830.0,84726.0,81.0,1.0,0.5,6.5,156.627,0.343,0.2,49711357.0
2026-08-31T20:17:39,1.4,6353,1547350,1529445,0.4,0.00,1.96,0.00,7.83,0.00,0.00,0.00,10625.0,95830.0,84726.0,81.0,7.5,0.5,40.5,156.352,0.343,0.2,49711357.0
2026-08-31T20:17:39,1.3,6352,1547350,1529446,0.4,0.00,3.03,0.00,12.12,0.00,0.00,0.00,10625.0,95830.0,84726.0,81.0,7.5,0.5,40.5,156.833,0.346,0.2,49715585.5
2026-08-31T20:17:39,1.0,6353,1547350,1529445,0.4,0.00,3.88,0.00,15.50,0.00,0.00,0.00,10625.0,95830.0,84726.0,81.0,4.0,0.5,22.0,155.594,0.346,0.2,49715585.5
2026-08-31T20:17:39,0.9,6353,1547350,1529445,0.4,0.00,3.08,0.00,12.31,0.00,0.00,0.00,10625.0,95830.0,84726.0,81.0,3.0,0.5,16.0,139.668,0.346,0.2,49715585.5
2026-08-31T20:17:40,1.1,6353,1547350,1529445,0.4,0.00,2.35,0.00,9.41,0.00,0.00,0.00,10625.0,95830.0,84726.0,81.0,3.5,0.5,19.0,127.710,0.234,0.2,27864752.0
2026-08-31T20:17:40,0.9,6353,1547350,1529445,0.4,0.00,61.11,0.00,559.72,0.00,0.14,0.00,10625.0,95830.0,84726.0,38.0,2.0,0.5,12.5,126.587,0.234,0.2,27864752.0
2026-08-31T20:17:41,1.1,6353,1547350,1529445,0.4,0.00,2.59,0.00,10.36,0.00,0.00,0.00,10625.0,95830.0,84726.0,38.0,8.0,0.5,33.0,133.145,0.234,0.2,27864752.0
2026-08-31T20:17:41,1.1,6353,1547350,1529445,0.4,0.00,2.82,0.00,11.30,0.00,0.00,0.28,10625.0,95830.0,84726.0,38.0,8.5,0.5,38.5,132.267,0.215,0.2,19897620.5
2026-08-31T20:17:41,1.0,6354,1547350,1529444,0.4,0.00,3.12,0.00,12.46,0.00,0.00,0.00,10625.0,95830.0,84726.0,77.0,0.0,0.5,0.0,128.917,0.215,0.2,19897620.5
2026-08-31T20:17:42,0.7,6354,1547350,1529444,0.4,0.00,1.68,0.00,6.72,0.00,0.00,0.00,10625.0,95830.0,84726.0,77.0,3.5,0.5,19.5,122.282,0.215,0.2,19897620.5
2026-08-31T20:17:42,1.1,6355,1547350,1529443,0.4,0.00,2.79,0.00,11.17,0.00,0.00,0.00,10625.0,95830.0,84726.0,39.0,7.5,0.5,30.5,127.292,0.182,0.1,17798963.5
2026-08-31T20:17:43,1.3,6355,1547350,1529443,0.4,0.00,2.52,0.00,10.08,0.00,0.00,0.00,10625.0,95830.0,84726.0,39.0,8.5,0.5,38.0,145.989,0.182,0.1,17798963.5
2026-08-31T20:17:43,1.4,6355,1547350,1529443,0.4,0.00,3.95,0.00,15.81,0.00,0.00,0.00,10625.0,95830.0,84726.0,39.0,5.5,0.5,30.5,140.262,0.182,0.1,17798963.5
2026-08-31T20:17:43,0.9,6356,1547350,1529442,0.4,0.00,9.71,0.00,38.83,0.00,0.00,0.00,10625.0,95830.0,84726.0,61.0,3.5,0.5,14.0,153.392,0.182,0.1,17798963.5
2026-08-31T20:17:44,0.5,6357,1547350,1529441,0.4,0.00,2.10,0.00,8.39,0.00,0.00,0.00,10625.0,95830.0,84726.0,61.0,0.0,0.5,0.0,118.724,0.226,0.1,30997512.0
2026-08-31T20:17:44,1.3,6356,1547350,1529442,0.4,0.00,3.89,0.00,15.56,0.00,1.00,0.00,10625.0,95830.0,84726.0,61.0,7.0,0.5,28.0,134.723,0.226,0.1,30997512.0
2026-08-31T20:17:44,1.4,6357,1547350,1529441,0.4,0.00,3.77,0.00,15.09,0.00,0.00,0.00,10625.0,95830.0,84726.0,56.0,7.0,0.5,40.0,132.883,0.226,0.1,30997512.0
2026-08-31T20:17:45,1.1,6357,1547350,1529441,0.4,0.00,3.79,0.00,15.15,0.00,0.00,0.00,10625.0,95830.0,84726.0,56.0,7.0,0.5,14.5,157.356,0.226,0.1,30997512.0
2026-08-31T20:17:45,1.4,6361,1547350,1529437,0.4,0.00,2.18,0.00,8.73,0.00,0.00,0.00,10625.0,95830.0,84726.0,56.0,8.0,0.5,34.5,154.474,0.350,0.2,47479076.5
2026-08-31T20:17:45,1.6,6361,1547350,1529437,0.4,0.00,3.95,0.00,15.81,0.00,0.00,0.00,10627.0,95830.0,84724.0,69.0,5.0,0.5,29.0,140.307,0.350,0.2,47479076.5
2026-08-31T20:17:46,0.8,6362,1547350,1529436,0.4,0.00,1.92,0.00,7.66,0.00,0.00,0.00,10627.0,95830.0,84724.0,69.0,6.5,0.5,30.5,140.762,0.350,0.2,47479076.5
2026-08-31T20:17:46,1.0,6363,1547350,1529435,0.4,0.00,3.50,0.00,13.99,0.00,0.00,0.00,10627.0,95830.0,84724.0,44.0,5.5,0.5,22.0,131.893,0.228,0.2,26803498.5
2026-08-31T20:17:46,1.4,6362,1547350,1529436,0.4,0.00,3.11,0.00,12.42,0.00,0.00,0.00,10627.0,95830.0,84724.0,44.0,8.0,0.5,37.0,144.168,0.228,0.2,26803498.5
2026-08-31T20:17:47,0.6,6362,1547350,1529436,0.4,0.00,2.49,0.00,9.98,0.00,0.00,0.00,10627.0,95830.0,84724.0,44.0,0.0,0.5,0.0,129.067,0.228,0.2,26803498.5
2026-08-31T20:17:47,1.1,6361,1547350,1529436,0.4,0.00,3.76,0.00,15.04,0.00,0.00,0.00,10627.0,95830.0,84724.0,45.0,4.5,0.5,23.5,127.302,0.206,0.1,23331714.5
2026-08-31T20:17:48,1.5,6362,1547350,1529436,0.4,0.00,2.51,0.00,10.03,0.00,0.00,0.00,10627.0,95830.0,84724.0,45.0,4.5,0.5,25.5,127.905,0.206,0.1,23331714.5
2026-08-31T20:17:48,0.9,6362,1547350,1529436,0.4,0.00,2.40,0.00,9.59,0.00,0.00,0.00,10627.0,95830.0,84724.0,45.0,3.5,0.5,14.5,141.439,0.206,0.1,23331714.5
2026-08-31T20:17:48,1.3,6362,1547350,1529436,0.4,0.00,3.88,0.00,15.50,0.00,0.00,0.00,10627.0,95830.0,84724.0,81.0,8.0,0.5,40.5,149.779,0.206,0.1,23331714.5
2026-08-31T20:17:48,1.4,6361,1547350,1529437,0.4,0.00,44.94,0.00,449.44,0.00,0.17,0.00,10627.0,95830.0,84724.0,81.0,7.0,0.5,40.0,151.704,0.336,0.2,44456675.5
2026-08-31T20:17:49,1.1,6360,1547350,1529438,0.4,0.00,3.79,0.00,15.15,0.00,0.00,0.00,10627.0,95830.0,84724.0,81.0,6.5,0.5,37.5,154.210,0.336,0.2,44456675.5
2026-08-31T20:17:49,1.3,6362,1547350,1529436,0.4,0.00,3.65,0.00,14.60,0.00,0.00,0.00,10627.0,95830.0,84724.0,81.0,1.5,0.5,7.0,154.905,0.336,0.2,44456675.5
2026-08-31T20:17:49,1.4,6362,1547350,1529436,0.4,0.00,3.95,0.00,15.81,0.00,0.00,0.40,10627.0,95830.0,84724.0,86.0,7.0,0.5,39.5,154.817,0.336,0.2,44456675.5
2026-08-31T20:17:50,1.3,6363,1547350,1529435,0.4,0.00,3.92,0.00,15.69,0.00,0.00,0.00,10627.0,95830.0,84724.0,86.0,7.0,0.5,39.5,154.456,0.332,0.2,47356481.0
2026-08-31T20:17:50,1.4,6362,1547350,1529436,0.4,0.00,2.76,0.00,11.05,0.00,0.00,0.00,10627.0,95830.0,84724.0,86.0,7.0,0.5,40.0,164.418,0.332,0.2,47356481.0
2026-08-31T20:17:50,1.3,6363,1547350,1529435,0.4,0.00,3.92,0.00,15.69,0.00,0.00,0.00,10627.0,95830.0,84724.0,86.0,7.0,0.5,39.5,165.012,0.332,0.2,47356481.0
2026-08-31T20:17:50,0.7,6363,1547350,1529435,0.4,0.00,3.94,0.00,15.75,0.00,0.00,0.00,10627.0,95830.0,84724.0,79.0,0.0,0.5,0.0,132.958,0.276,0.2,43657539.0
2026-08-31T20:17:51,1.4,6365,1547350,1529433,0.4,0.00,1.69,0.00,6.75,0.00,0.00,0.00,10627.0,95830.0,84724.0,79.0,2.0,0.5,8.5,131.644,0.276,0.2,43657539.0
2026-08-31T20:17:51,0.6,6366,1547350,1529432,0.4,0.00,3.17,0.00,12.70,0.00,0.00,0.00,10627.0,95830.0,84724.0,84.0,0.5,0.5,3.5,110.217,0.276,0.2,43657539.0
2026-08-31T20:17:52,1.3,6374,1547350,1529424,0.4,0.00,3.97,0.00,15.87,0.00,0.00,0.00,10627.0,95830.0,84724.0,84.0,4.0,0.5,15.5,137.906,0.276,0.2,43657539.0
2026-08-31T20:17:52,1.4,6373,1547350,1529425,0.4,0.00,3.07,0.00,12.27,0.00,0.00,0.00,10627.0,95830.0,84724.0,84.0,7.0,0.5,38.5,136.649,0.272,0.2,34873212.0
2026-08-31T20:17:52,0.5,6373,1547350,1529425,0.4,0.00,3.12,0.00,12.46,0.00,0.00,0.00,10627.0,95830.0,84724.0,39.0,0.0,0.5,0.0,130.029,0.272,0.2,34873212.0
2026-08-31T20:17:53,1.0,6374,1547350,1529424,0.4,0.00,2.72,0.00,10.90,0.00,0.00,0.00,10627.0,95830.0,84724.0,39.0,8.5,0.5,42.0,131.315,0.272,0.2,34873212.0
2026-08-31T20:17:53,1.4,6374,1547350,1529424,0.4,0.00,2.79,0.00,11.17,0.00,0.00,0.28,10627.0,95830.0,84724.0,39.0,7.0,0.5,40.0,136.181,0.222,0.1,30743371.0
2026-08-31T20:17:53,0.9,6374,1547350,1529424,0.4,0.00,3.83,0.00,15.33,0.00,0.00,0.00,10627.0,95830.0,84724.0,39.0,1.5,0.5,8.0,149.048,0.222,0.1,30743371.0
2026-08-31T20:17:53,1.0,6374,1547350,1529424,0.4,0.00,3.92,0.00,15.69,0.00,0.00,0.39,10627.0,95830.0,84724.0,16.0,1.0,0.5,6.0,142.154,0.222,0.1,30743371.0
2026-08-31T20:17:54,1.3,6375,1547350,1529423,0.4,0.00,2.14,0.00,8.57,0.00,0.00,0.00,10627.0,95830.0,84724.0,16.0,6.5,0.5,36.0,146.096,0.222,0.1,30743371.0
2026-08-31T20:17:54,0.6,6375,1547350,1529423,0.4,0.00,2.72,0.00,10.90,0.00,0.00,0.00,10627.0,95830.0,84724.0,1.0,0.0,0.5,0.5,134.214,0.238,0.2,29198540.5
2026-08-31T20:17:54,1.3,6373,1547350,1529425,0.4,0.00,4.27,0.00,17.09,0.00,0.00,0.00,10627.0,95830.0,84724.0,1.0,7.0,0.5,40.0,142.448,0.238,0.2,29198540.5
2026-08-31T20:17:55,1.3,6373,1547350,1529425,0.4,0.00,2.04,0.00,8.16,0.00,0.00,0.00,10627.0,95830.0,84724.0,1.0,7.5,0.5,40.5,148.618,0.238,0.2,29198540.5
2026-08-31T20:17:55,0.7,6372,1547350,1529426,0.4,0.00,2.87,0.00,11.49,0.00,1.00,0.00,10627.0,95830.0,84724.0,28.0,1.5,0.5,6.0,141.710,0.286,0.2,40859497.0
2026-08-31T20:17:56,1.4,6372,1547350,1529426,0.4,0.00,4.12,0.00,16.46,0.00,0.00,0.00,10627.0,95830.0,84724.0,28.0,3.0,0.5,18.0,135.624,0.286,0.2,40859497.0
2026-08-31T20:17:56,1.2,6372,1547350,1529426,0.4,0.00,1.88,0.00,7.53,0.00,0.00,0.00,10627.0,95830.0,84724.0,28.0,7.0,0.5,40.0,144.082,0.286,0.2,40859497.0
2026-08-31T20:17:56,1.0,6372,1547350,1529426,0.4,0.00,4.10,0.00,16.39,0.00,0.00,0.00,10627.0,95830.0,84724.0,80.0,2.0,0.5,12.0,146.303,0.283,0.2,36677061.5
2026-08-31T20:17:57,0.8,6373,1547350,1529425,0.4,0.00,3.68,0.00,14.71,0.00,0.00,0.00,10627.0,95830.0,84724.0,80.0,0.0,0.5,0.0,135.261,0.283,0.2,36677061.5
2026-08-31T20:17:57,1.3,6373,1547350,1529425,0.4,0.00,2.61,0.00,10.44,0.00,0.00,0.00,10627.0,95830.0,84724.0,80.0,10.0,0.5,45.0,139.410,0.283,0.2,36677061.5
2026-08-31T20:17:57,1.3,6373,1547350,1529425,0.4,0.00,4.03,0.00,16.13,0.00,0.00,0.00,10627.0,95830.0,84724.0,90.0,7.5,0.5,39.5,142.389,0.283,0.2,36677061.5
2026-08-31T20:17:58,0.6,6372,1547350,1529426,0.4,0.00,3.03,0.00,12.12,0.00,0.00,0.00,10627.0,95830.0,84724.0,90.0,0.0,0.5,0.0,140.361,0.217,0.1,25735241.0
2026-08-31T20:17:58,1.0,6372,1547350,1529426,0.4,0.00,3.15,0.00,12.62,0.00,0.00,0.00,10627.0,95830.0,84724.0,90.0,1.0,0.5,7.5,130.267,0.217,0.1,25735241.0
2026-08-31T20:17:58,1.4,6372,1547350,1529426,0.4,0.00,3.31,0.00,13.25,0.00,0.00,0.00,10627.0,95830.0,84724.0,15.0,9.5,0.5,43.0,134.425,0.217,0.1,25735241.0
2026-08-31T20:17:58,1.6,6373,1547350,1529425,0.4,0.00,4.18,0.00,16.74,0.00,0.00,0.00,10627.0,95830.0,84724.0,15.0,1.5,0.5,8.5,144.874,0.217,0.1,25735241.0
2026-08-31T20:17:59,1.0,6373,1547350,1529425,0.4,0.00,2.10,0.00,8.40,0.00,0.00,0.00,10627.0,95830.0,84724.0,15.0,7.0,0.5,38.0,158.757,0.305,0.2,39770153.5
2026-08-31T20:17:59,1.2,6375,1547350,1529423,0.4,0.00,3.88,0.00,15.50,0.00,0.00,0.00,10627.0,95830.0,84724.0,76.0,5.5,0.5,31.5,142.838,0.305,0.2,39770153.5
2026-08-31T20:18:00,1.3,6375,1547350,1529423,0.4,0.00,2.58,0.00,10.31,0.00,0.00,0.00,10627.0,95830.0,84724.0,76.0,7.5,0.5,41.0,158.089,0.305,0.2,39770153.5
2026-08-31T20:18:00,0.7,6374,1547350,1529423,0.4,0.00,2.60,0.00,10.39,0.00,0.00,0.00,10627.0,95830.0,84724.0,76.0,0.5,0.5,3.0,131.738,0.215,0.1,29135977.5
2026-08-31T20:18:00,1.4,6375,1547350,1529423,0.4,0.00,2.96,0.00,11.83,0.00,0.00,0.00,10627.0,95830.0,84724.0,6.0,3.0,0.5,18.0,133.899,0.215,0.1,29135977.5
2026-08-31T20:18:01,1.1,6376,1547350,1529422,0.4,0.00,2.79,0.00,11.17,0.00,0.00,0.00,10627.0,95830.0,84724.0,6.0,7.0,0.5,39.0,148.567,0.215,0.1,29135977.5
2026-08-31T20:18:01,0.9,6376,1547350,1529422,0.4,0.00,2.07,0.00,8.30,0.00,0.00,0.00,10627.0,95830.0,84724.0,6.0,2.0,0.5,8.0,133.520,0.251,0.2,30667896.0
2026-08-31T20:18:01,1.8,6379,1547350,1529419,0.4,0.00,3.94,0.00,15.75,0.00,0.00,0.00,10627.0,95830.0,84724.0,24.0,9.0,0.5,42.0,144.637,0.251,0.2,30667896.0
2026-08-31T20:18:02,1.0,6381,1547350,1529417,0.4,0.00,4.10,0.00,16.39,0.00,0.00,0.00,10627.0,95830.0,84724.0,24.0,3.5,0.5,21.0,132.750,0.251,0.2,30667896.0
2026-08-31T20:18:02,1.3,6382,1547350,1529416,0.4,0.00,3.15,0.00,12.62,0.00,0.00,0.32,10627.0,95830.0,84724.0,24.0,7.0,0.5,38.0,145.245,0.251,0.2,30667896.0
2026-08-31T20:18:02,0.6,6381,1547350,1529417,0.4,0.00,3.08,0.00,12.31,0.00,0.00,0.00,10627.0,95830.0,84724.0,76.0,0.0,0.5,1.0,132.092,0.239,0.2,29200336.0
2026-08-31T20:18:03,1.0,6381,1547350,1529417,0.4,0.00,3.95,0.00,15.81,0.00,1.00,0.00,10627.0,95830.0,84724.0,76.0,3.0,0.5,17.0,132.431,0.239,0.2,29200336.0
2026-08-31T20:18:03,1.0,6380,1547350,1529418,0.4,0.00,2.08,0.00,8.33,0.00,0.00,0.00,10627.0,95830.0,84724.0,76.0,1.0,0.5,5.5,121.422,0.239,0.2,29200336.0
2026-08-31T20:18:03,1.3,6380,1547350,1529418,0.4,0.00,3.95,0.00,15.81,0.00,0.00,0.00,10627.0,95830.0,84724.0,11.0,8.0,0.5,35.5,139.007,0.239,0.2,29200336.0
2026-08-31T20:18:04,0.6,6382,1547350,1529416,0.4,0.00,3.47,0.00,13.89,0.00,0.00,0.00,10627.0,95830.0,84724.0,11.0,2.5,0.5,14.0,132.510,0.197,0.1,20031152.0
2026-08-31T20:18:04,1.5,6380,1547350,1529417,0.4,0.00,3.91,0.00,15.62,0.00,0.00,0.00,10627.0,95830.0,84724.0,11.0,9.0,0.5,41.5,128.489,0.197,0.1,20031152.0
2026-08-31T20:18:04,0.8,6380,1547350,1529418,0.4,0.00,2.65,0.00,10.61,0.00,0.00,0.00,10627.0,95830.0,84724.0,17.0,4.5,0.5,18.0,139.794,0.197,0.1,20031152.0
2026-08-31T20:18:05,1.3,6381,1547350,1529417,0.4,0.00,2.11,0.00,8.42,0.00,0.00,0.00,10627.0,95830.0,84724.0,17.0,7.5,0.5,40.0,147.272,0.297,0.2,32952396.5
2026-08-31T20:18:05,0.8,6381,1547350,1529417,0.4,0.00,2.66,0.00,10.64,0.00,0.00,0.00,10627.0,95830.0,84724.0,17.0,0.0,0.5,0.0,136.809,0.297,0.2,32952396.5
2026-08-31T20:18:05,1.4,6382,1547350,1529416,0.4,0.00,4.12,0.00,16.46,0.00,0.00,0.00,10627.0,95830.0,84724.0,0.0,7.0,0.5,30.0,147.579,0.297,0.2,32952396.5
2026-08-31T20:18:06,1.3,6381,1547350,1529416,0.4,0.00,4.03,0.00,16.13,0.00,0.00,0.00,10627.0,95830.0,84724.0,0.0,7.0,0.5,39.0,144.516,0.297,0.2,32952396.5
2026-08-31T20:18:06,1.4,6381,1547350,1529416,0.4,0.00,4.15,0.00,16.60,0.00,0.00,0.00,10627.0,95830.0,84724.0,0.0,6.5,0.5,37.5,152.954,0.248,0.2,35259360.0
2026-08-31T20:18:06,0.9,6381,1547350,1529417,0.4,0.00,2.22,0.00,8.89,0.00,0.00,0.00,10627.0,95830.0,84724.0,3.0,8.5,0.5,42.0,150.252,0.248,0.2,35259360.0
2026-08-31T20:18:06,1.3,6382,1547350,1529416,0.4,0.00,4.29,0.00,17.17,0.00,0.00,0.00,10627.0,95830.0,84724.0,3.0,7.0,0.5,39.0,150.363,0.248,0.2,35259360.0
2026-08-31T20:18:07,1.4,6382,1547350,1529416,0.4,0.00,4.20,0.00,16.81,0.00,0.00,0.00,10627.0,95830.0,84724.0,3.0,7.0,0.5,39.5,156.091,0.248,0.2,35259360.0
2026-08-31T20:18:07,1.4,6382,1547350,1529416,0.4,0.00,2.67,0.00,10.67,0.00,0.00,0.00,10627.0,95830.0,84724.0,3.0,7.0,0.5,38.5,163.035,0.392,0.2,57427854.0
2026-08-31T20:18:07,0.7,6382,1547350,1529416,0.4,0.00,2.60,0.00,10.39,0.00,0.00,0.26,10627.0,95830.0,84724.0,77.0,0.0,0.5,0.0,140.059,0.392,0.2,57427854.0
2026-08-31T20:18:08,1.0,6381,1547350,1529417,0.4,0.00,4.02,0.00,16.06,0.00,0.00,0.40,10627.0,95830.0,84724.0,77.0,2.0,0.5,11.5,127.755,0.392,0.2,57427854.0
2026-08-31T20:18:08,1.1,6381,1547350,1529417,0.4,0.00,2.61,0.00,10.44,0.00,0.00,0.00,10627.0,95830.0,84724.0,77.0,7.5,0.5,31.5,131.664,0.170,0.1,17967982.0
2026-08-31T20:18:08,1.4,6381,1547350,1529417,0.4,0.00,2.82,0.00,11.27,0.00,0.00,0.00,10627.0,95830.0,84724.0,63.0,9.0,0.5,41.5,147.458,0.170,0.1,17967982.0
2026-08-31T20:18:09,0.9,6382,1547350,1529416,0.4,0.00,4.22,0.00,16.88,0.00,0.00,0.00,10627.0,95830.0,84724.0,63.0,4.0,0.5,24.0,133.494,0.170,0.1,17967982.0
2026-08-31T20:18:09,1.4,6382,1547350,1529416,0.4,0.00,3.31,0.00,13.25,0.00,0.00,0.00,10627.0,95830.0,84724.0,63.0,5.5,0.5,22.5,145.073,0.170,0.1,17967982.0
2026-08-31T20:18:09,1.4,6382,1547350,1529416,0.4,0.00,4.02,0.00,16.06,0.00,0.00,0.40,10627.0,95830.0,84724.0,78.0,7.0,0.5,38.5,155.288,0.323,0.2,41360290.5
2026-08-31T20:18:09,1.3,6382,1547350,1529416,0.4,0.00,4.12,0.00,16.46,0.00,0.00,0.00,10627.0,95830.0,84724.0,78.0,7.0,0.5,39.5,153.228,0.323,0.2,41360290.5
2026-08-31T20:18:10,1.3,6381,1547350,1529416,0.4,0.00,4.05,0.00,16.19,0.00,1.00,0.00,10627.0,95830.0,84724.0,78.0,7.0,0.5,38.0,163.919,0.323,0.2,41360290.5
2026-08-31T20:18:10,1.3,6381,1547350,1529417,0.4,0.00,2.77,0.00,11.08,0.00,0.00,0.00,10627.0,95830.0,84724.0,78.0,7.0,0.5,39.0,164.024,0.323,0.2,41360290.5
2026-08-31T20:18:10,1.0,6381,1547350,1529417,0.4,0.00,3.73,0.00,14.93,0.00,0.00,0.00,10627.0,95830.0,84724.0,78.0,6.0,0.5,32.5,148.719,0.323,0.2,54307150.0
2026-08-31T20:18:11,1.0,6383,1547350,1529415,0.4,0.00,48.19,0.00,413.65,0.00,0.08,0.00,10627.0,95830.0,84724.0,78.0,6.5,0.5,30.5,140.925,0.323,0.2,54307150.0
2026-08-31T20:18:11,1.0,6382,1547350,1529416,0.4,0.00,2.55,0.00,10.20,0.00,0.00,0.00,10627.0,95830.0,84724.0,78.0,4.0,0.5,22.0,132.977,0.323,0.2,54307150.0
2026-08-31T20:18:11,1.4,6383,1547350,1529415,0.4,0.00,2.79,0.00,11.17,0.00,0.00,0.00,10627.0,95830.0,84724.0,44.0,5.0,0.5,18.5,144.891,0.323,0.2,54307150.0
2026-08-31T20:18:12,1.6,6380,1547350,1529418,0.4,0.00,4.10,0.00,16.39,0.00,0.00,0.00,10627.0,95830.0,84724.0,44.0,7.5,0.5,40.0,144.626,0.282,0.2,33000552.0
2026-08-31T20:18:12,1.0,6380,1547350,1529418,0.4,0.00,3.68,0.00,14.71,0.00,0.00,0.00,10627.0,95830.0,84724.0,44.0,3.0,0.5,13.0,142.677,0.282,0.2,33000552.0
2026-08-31T20:18:12,1.3,6382,1547350,1529416,0.4,0.00,3.98,0.00,15.94,0.00,0.00,0.00,10627.0,95830.0,84724.0,44.0,8.5,0.5,41.0,156.140,0.282,0.2,33000552.0
2026-08-31T20:18:12,1.4,6382,1547350,1529416,0.4,0.00,4.05,0.00,16.19,0.00,0.00,0.00,10627.0,95830.0,84724.0,82.0,7.0,0.5,39.5,155.877,0.282,0.2,33047060.0
2026-08-31T20:18:13,1.3,6381,1547350,1529417,0.4,0.00,3.82,0.00,15.27,0.00,0.00,0.00,10627.0,95830.0,84724.0,82.0,7.0,0.5,39.5,164.574,0.341,0.2,49205141.0
2026-08-31T20:18:13,1.4,6381,1547350,1529417,0.4,0.00,4.02,0.00,16.06,0.00,0.00,0.00,10627.0,95830.0,84724.0,82.0,7.0,0.5,38.5,164.360,0.341,0.2,49205141.0
2026-08-31T20:18:13,1.1,6381,1547350,1529417,0.4,0.00,3.66,0.00,14.65,0.00,0.00,0.00,10627.0,95830.0,84724.0,82.0,7.0,0.5,39.0,152.608,0.341,0.2,49205141.0
2026-08-31T20:18:13,1.3,6382,1547350,1529416,0.4,0.00,3.68,0.00,14.71,0.00,0.00,0.00,10627.0,95830.0,84724.0,78.0,2.0,0.5,9.0,156.131,0.341,0.2,49238030.5
2026-08-31T20:18:14,1.4,6381,1547350,1529417,0.4,0.00,3.91,0.00,15.62,0.00,0.00,0.00,10627.0,95830.0,84724.0,78.0,7.0,0.5,40.0,157.034,0.339,0.2,47419686.0
2026-08-31T20:18:14,1.3,6381,1547350,1529417,0.4,0.00,2.81,0.00,11.24,0.00,0.00,0.00,10627.0,95830.0,84724.0,78.0,7.5,0.5,40.0,160.312,0.339,0.2,47419686.0
2026-08-31T20:18:14,0.5,6382,1547350,1529416,0.4,0.00,3.41,0.00,13.65,0.00,0.00,0.00,10627.0,95830.0,84724.0,81.0,1.5,0.5,8.5,143.752,0.339,0.2,47419686.0
2026-08-31T20:18:15,1.4,6382,1547350,1529416,0.4,0.00,4.17,0.00,16.67,0.00,0.00,0.00,10627.0,95830.0,84724.0,81.0,3.5,0.5,14.0,146.099,0.339,0.2,47453450.5
2026-08-31T20:18:15,1.3,6383,1547350,1529415,0.4,0.00,4.05,0.00,16.19,0.00,0.00,0.00,10627.0,95830.0,84724.0,81.0,7.0,0.5,39.5,146.380,0.302,0.2,43680183.5
2026-08-31T20:18:15,0.9,6383,1547350,1529415,0.4,0.00,2.82,0.00,11.27,0.00,0.00,0.00,10627.0,95830.0,84724.0,81.0,7.0,0.5,39.0,147.633,0.302,0.2,43680183.5
2026-08-31T20:18:15,1.4,6384,1547350,1529414,0.4,0.00,3.62,0.00,14.49,0.00,0.00,0.00,10627.0,95830.0,84724.0,78.0,1.0,0.5,6.0,151.251,0.302,0.2,43680183.5
2026-08-31T20:18:16,0.5,6384,1547350,1529414,0.4,0.00,3.18,0.00,12.74,0.00,0.00,0.00,10627.0,95830.0,84724.0,78.0,2.5,0.5,14.5,134.306,0.302,0.2,43645421.5
2026-08-31T20:18:16,1.2,6384,1547350,1529414,0.4,0.00,3.88,0.00,15.50,0.00,0.00,0.00,10627.0,95830.0,84724.0,66.0,7.0,0.5,33.0,138.298,0.232,0.2,26060783.5
2026-08-31T20:18:16,1.3,6385,1547350,1529413,0.4,0.00,2.08,0.00,8.33,0.00,0.00,0.00,10627.0,95830.0,84724.0,66.0,7.0,0.5,39.0,143.418,0.232,0.2,26060783.5
2026-08-31T20:18:17,1.4,6384,1547350,1529414,0.4,0.00,4.15,0.00,16.60,0.00,1.00,0.00,10627.0,95830.0,84724.0,66.0,7.5,0.5,40.5,159.058,0.232,0.2,26060783.5
2026-08-31T20:18:17,1.1,6383,1547350,1529415,0.4,0.00,3.24,0.00,12.94,0.00,0.00,0.00,10627.0,95830.0,84724.0,66.0,7.0,0.5,39.0,150.766,0.232,0.2,25997003.0
2026-08-31T20:18:17,1.3,6383,1547350,1529415,0.4,0.00,4.10,0.00,16.39,0.00,0.00,0.00,10627.0,95830.0,84724.0,27.0,7.5,0.5,31.5,154.942,0.328,0.2,45820127.0
2026-08-31T20:18:18,1.4,6383,1547350,1529415,0.4,0.00,4.10,0.00,16.39,0.00,0.00,0.00,10627.0,95830.0,84724.0,27.0,7.5,0.5,40.5,154.347,0.328,0.2,45820127.0
2026-08-31T20:18:18,1.3,6384,1547350,1529414,0.4,0.00,4.08,0.00,16.33,0.00,0.00,0.00,10627.0,95830.0,84724.0,27.0,7.5,0.5,40.0,158.405,0.328,0.2,45820127.0
2026-08-31T20:18:18,1.3,6384,1547350,1529414,0.4,0.00,2.77,0.00,11.08,0.00,0.00,0.00,10627.0,95830.0,84724.0,27.0,7.5,0.5,40.5,167.793,0.328,0.2,45841078.5
2026-08-31T20:18:18,1.4,6383,1547350,1529415,0.4,0.00,4.00,0.00,16.00,0.00,0.00,0.00,10627.0,95830.0,84724.0,81.0,7.5,0.5,40.5,166.861,0.398,0.2,62493561.5
2026-08-31T20:18:19,1.3,6383,1547350,1529415,0.4,0.00,3.64,0.00,14.55,0.00,0.00,0.00,10627.0,95830.0,84724.0,81.0,7.5,0.5,40.5,168.016,0.398,0.2,62493561.5
2026-08-31T20:18:19,1.1,6383,1547350,1529415,0.4,0.00,3.82,0.00,15.27,0.00,0.00,0.00,10627.0,95830.0,84724.0,81.0,7.0,0.5,39.0,159.606,0.398,0.2,62493561.5
2026-08-31T20:18:19,1.0,6385,1547350,1529413,0.4,0.00,9.09,0.00,45.45,0.00,0.00,0.00,10627.0,95830.0,84724.0,22.0,7.5,0.5,35.5,142.995,0.398,0.2,62471748.0
2026-08-31T20:18:20,1.0,6386,1547350,1529412,0.4,0.00,4.07,0.00,16.26,0.00,0.00,0.00,10627.0,95830.0,84724.0,22.0,4.0,0.5,16.0,133.389,0.259,0.2,32659983.0
2026-08-31T20:18:20,0.8,6386,1547350,1529412,0.4,0.00,1.82,0.00,7.29,0.00,0.00,0.00,10627.0,95830.0,84724.0,22.0,1.0,0.5,5.5,122.201,0.259,0.2,32659983.0
2026-08-31T20:18:20,1.0,6386,1547350,1529412,0.4,0.00,4.12,0.00,16.46,0.00,0.00,0.00,10627.0,95830.0,84724.0,11.0,6.5,0.5,30.0,127.280,0.259,0.2,32632630.5
2026-08-31T20:18:21,1.3,6387,1547350,1529411,0.4,0.00,3.10,0.00,12.38,0.00,0.00,0.00,10627.0,95830.0,84724.0,11.0,6.0,0.5,32.5,139.802,0.218,0.2,19216109.0
2026-08-31T20:18:21,0.7,6386,1547350,1529412,0.4,0.00,3.21,0.00,12.82,0.00,0.00,0.00,10627.0,95830.0,84724.0,11.0,0.0,0.5,0.0,129.164,0.218,0.2,19216109.0
2026-08-31T20:18:21,1.3,6386,1547350,1529412,0.4,0.00,4.17,0.00,16.67,0.00,0.00,0.00,10627.0,95830.0,84724.0,69.0,7.0,0.5,40.5,150.386,0.218,0.2,19216109.0
2026-08-31T20:18:22,1.0,6387,1547350,1529411,0.4,0.00,2.39,0.00,9.55,0.00,0.00,0.00,10627.0,95830.0,84724.0,69.0,5.5,0.5,30.5,138.578,0.218,0.2,19244343.5
2026-08-31T20:18:22,1.3,6388,1547350,1529410,0.4,0.00,2.79,0.00,11.17,0.00,1.00,0.00,10627.0,95830.0,84724.0,69.0,7.0,0.5,40.0,159.656,0.270,0.2,35650984.5
2026-08-31T20:18:22,1.4,6394,1547350,1529404,0.4,0.00,4.07,0.00,16.26,0.00,0.00,0.00,10627.0,95830.0,84724.0,79.0,7.0,0.5,39.5,156.169,0.270,0.2,35650984.5
2026-08-31T20:18:23,1.2,6393,1547350,1529405,0.4,0.00,3.79,0.00,15.15,0.00,0.00,0.00,10627.0,95830.0,84724.0,79.0,7.0,0.5,40.0,158.131,0.270,0.2,35650984.5
2026-08-31T20:18:23,1.3,6392,1547350,1529406,0.4,0.00,4.07,0.00,16.26,0.00,0.00,0.00,10627.0,95830.0,84724.0,79.0,7.5,0.5,40.5,165.991,0.270,0.2,35709073.0
2026-08-31T20:18:23,1.4,6392,1547350,1529406,0.4,0.00,2.61,0.00,10.44,0.00,0.00,0.00,10627.0,95830.0,84724.0,79.0,7.5,0.5,40.5,166.579,0.399,0.2,67974687.5
2026-08-31T20:18:23,1.0,6392,1547350,1529406,0.4,0.00,4.05,0.00,16.19,0.00,0.00,0.00,10627.0,95830.0,84724.0,81.0,0.5,0.5,3.0,146.274,0.399,0.2,67974687.5
2026-08-31T20:18:24,1.1,6392,1547350,1529406,0.4,0.00,2.09,0.00,8.35,0.00,0.00,0.00,10627.0,95830.0,84724.0,81.0,7.5,0.5,40.5,149.544,0.399,0.2,67877692.0
2026-08-31T20:18:24,1.1,6391,1547350,1529407,0.4,0.00,2.50,0.00,10.00,0.00,0.00,0.00,10627.0,95830.0,84724.0,81.0,2.0,0.5,11.5,144.726,0.271,0.2,38682553.5
2026-08-31T20:18:25,1.3,6392,1547350,1529406,0.4,0.00,3.05,0.00,12.20,0.00,0.00,0.00,10627.0,95830.0,84724.0,81.0,8.5,0.5,39.5,158.150,0.271,0.2,38682553.5
2026-08-31T20:18:25,1.3,6391,1547350,1529407,0.4,0.00,4.26,0.00,17.02,0.00,0.00,0.00,10627.0,95830.0,84724.0,81.0,7.0,0.5,40.0,157.514,0.271,0.2,38682553.5
2026-08-31T20:18:25,1.4,6390,1547350,1529408,0.4,0.00,3.28,0.00,13.11,0.00,0.00,0.00,10627.0,95830.0,84724.0,81.0,7.0,0.5,40.0,157.548,0.271,0.2,38740863.5
2026-08-31T20:18:25,1.2,6390,1547350,1529408,0.4,0.00,4.18,0.00,16.74,0.00,0.00,0.00,10627.0,95830.0,84724.0,80.0,7.0,0.5,40.0,167.933,0.392,0.2,57302961.0
2026-08-31T20:18:26,1.4,6390,1547350,1529408,0.4,0.00,4.29,0.00,17.17,0.00,0.00,0.00,10627.0,95830.0,84724.0,80.0,7.0,0.5,40.0,164.961,0.392,0.2,57302961.0
2026-08-31T20:18:26,0.5,6389,1547350,1529409,0.4,0.00,3.26,0.00,13.03,0.00,0.00,0.00,10627.0,95830.0,84724.0,80.0,1.0,0.5,3.5,143.102,0.392,0.2,57302961.0
2026-08-31T20:18:26,1.1,6391,1547350,1529407,0.4,0.00,3.97,0.00,15.87,0.00,0.00,0.00,10627.0,95830.0,84724.0,7.0,4.0,0.5,17.0,136.554,0.230,0.2,27056227.0
2026-08-31T20:18:27,1.3,6391,1547350,1529407,0.4,0.00,2.01,0.00,8.05,0.00,0.00,0.00,10627.0,95830.0,84724.0,7.0,7.5,0.5,40.0,139.720,0.230,0.2,27056227.0
2026-08-31T20:18:27,1.4,6391,1547350,1529407,0.4,0.00,4.10,0.00,16.39,0.00,0.00,0.00,10627.0,95830.0,84724.0,7.0,7.0,0.5,39.5,158.757,0.230,0.2,27056227.0
2026-08-31T20:18:27,1.3,6391,1547350,1529407,0.4,0.00,3.86,0.00,15.44,0.00,0.00,0.00,10627.0,95830.0,84724.0,79.0,7.0,0.5,40.0,160.478,0.230,0.2,27056227.0
2026-08-31T20:18:27,1.4,6390,1547350,1529408,0.4,0.00,3.92,0.00,15.69,0.00,0.00,0.00,10627.0,95830.0,84724.0,79.0,7.0,0.5,40.0,164.829,0.392,0.2,61059097.5
2026-08-31T20:18:28,0.6,6391,1547350,1529407,0.4,0.00,3.21,0.00,12.82,0.00,0.00,0.00,10627.0,95830.0,84724.0,79.0,0.0,0.5,0.0,143.982,0.392,0.2,61059097.5
2026-08-31T20:18:28,1.3,6392,1547350,1529406,0.4,0.00,3.12,0.00,12.50,0.00,0.00,0.00,10627.0,95830.0,84724.0,79.0,9.0,0.5,42.0,147.094,0.392,0.2,61059097.5
2026-08-31T20:18:28,1.4,6393,1547350,1529405,0.4,0.00,3.92,0.00,15.69,0.00,1.00,0.00,10627.0,95830.0,84724.0,84.0,7.0,0.5,39.0,145.652,0.392,0.2,61059097.5
2026-08-31T20:18:29,0.9,6393,1547350,1529405,0.4,0.00,4.05,0.00,16.19,0.00,0.00,0.00,10627.0,95830.0,84724.0,84.0,2.0,0.5,11.0,140.843,0.241,0.2,33736870.0
2026-08-31T20:18:29,1.5,6393,1547350,1529405,0.4,0.00,4.76,0.00,19.05,0.00,0.00,0.00,10627.0,95830.0,84724.0,84.0,2.0,0.5,40.5,159.517,0.241,0.2,33736870.0
2026-08-31T20:18:29,1.4,6393,1547350,1529405,0.4,0.00,3.60,0.00,14.39,0.00,0.00,0.00,10627.0,95830.0,84724.0,84.0,7.5,0.5,40.5,158.530,0.241,0.2,33736870.0
2026-08-31T20:18:30,0.5,6393,1547350,1529405,0.4,0.00,2.35,0.00,9.41,0.00,0.00,0.00,10627.0,95830.0,84724.0,81.0,0.0,0.5,0.0,135.576,0.241,0.2,33736870.0
2026-08-31T20:18:30,1.3,6392,1547350,1529406,0.4,0.00,4.18,0.00,16.74,0.00,0.00,0.00,10627.0,95830.0,84724.0,81.0,4.0,0.5,15.5,141.052,0.278,0.2,35271974.5
2026-08-31T20:18:30,1.3,6393,1547350,1529405,0.4,0.00,2.75,0.00,11.02,0.00,0.00,0.00,10627.0,95830.0,84724.0,81.0,7.0,0.5,40.0,140.131,0.278,0.2,35271974.5
2026-08-31T20:18:30,1.1,6393,1547350,1529405,0.4,0.00,3.77,0.00,15.09,0.00,0.00,0.00,10627.0,95830.0,84724.0,80.0,2.0,0.5,11.5,149.178,0.278,0.2,35271974.5
2026-08-31T20:18:31,1.3,6393,1547350,1529405,0.4,0.00,3.94,0.00,15.75,0.00,0.00,0.00,10627.0,95830.0,84724.0,80.0,8.5,0.5,39.0,157.808,0.278,0.2,35271974.5
2026-08-31T20:18:31,1.1,6393,1547350,1529405,0.4,0.00,3.80,0.00,15.21,0.00,0.00,0.00,10627.0,95830.0,84724.0,80.0,3.0,0.5,16.0,145.524,0.311,0.2,44493802.0
2026-08-31T20:18:31,1.4,6393,1547350,1529405,0.4,0.00,2.70,0.00,10.78,0.00,0.00,0.27,10627.0,95830.0,84724.0,32.0,8.0,0.5,35.0,148.868,0.311,0.2,44493802.0
2026-08-31T20:18:32,0.3,6393,1547350,1529405,0.4,0.00,3.95,0.00,15.81,0.00,0.00,0.00,10627.0,95830.0,84724.0,32.0,0.0,0.5,0.0,125.436,0.311,0.2,44493802.0
2026-08-31T20:18:32,1.1,6393,1547350,1529405,0.4,0.00,2.44,0.00,9.78,0.00,0.00,0.00,10627.0,95830.0,84724.0,32.0,2.5,0.5,14.0,128.019,0.311,0.2,44493802.0
2026-08-31T20:18:32,1.3,6392,1547350,1529406,0.4,0.00,2.99,0.00,11.98,0.00,0.00,0.00,10627.0,95830.0,84724.0,28.0,8.0,0.5,36.5,133.047,0.210,0.1,22515773.0
2026-08-31T20:18:33,0.8,6391,1547350,1529407,0.4,0.00,2.14,0.00,8.55,0.00,0.00,0.00,10627.0,95830.0,84724.0,28.0,2.0,0.5,10.5,135.012,0.210,0.1,22515773.0
2026-08-31T20:18:33,1.3,6391,1547350,1529407,0.4,0.00,4.10,0.00,16.39,0.00,0.00,0.00,10627.0,95830.0,84724.0,28.0,2.5,0.5,10.0,148.348,0.210,0.1,22515773.0
2026-08-31T20:18:33,1.4,6391,1547350,1529407,0.4,0.00,4.02,0.00,16.06,0.00,0.00,0.00,10627.0,95830.0,84724.0,81.0,7.0,0.5,39.5,146.527,0.210,0.1,22515773.0
2026-08-31T20:18:33,1.3,6392,1547350,1529406,0.4,0.00,3.98,0.00,15.94,0.00,0.00,0.00,10627.0,95830.0,84724.0,81.0,7.0,0.5,39.0,155.661,0.295,0.2,42531894.5
2026-08-31T20:18:34,1.4,6392,1547350,1529406,0.4,0.00,4.07,0.00,16.26,0.00,0.00,0.00,10627.0,95830.0,84724.0,81.0,7.0,0.5,39.0,168.553,0.295,0.2,42531894.5
2026-08-31T20:18:34,1.4,6392,1547350,1529406,0.4,0.00,4.07,0.00,16.26,0.00,0.00,0.00,10627.0,95830.0,84724.0,81.0,7.0,0.5,39.5,166.098,0.295,0.2,42531894.5
2026-08-31T20:18:34,0.6,6394,1547350,1529404,0.4,0.00,2.92,0.00,11.70,0.00,0.00,0.00,10627.0,95830.0,84724.0,79.0,0.5,0.5,4.0,143.946,0.295,0.2,42531894.5
2026-08-31T20:18:35,1.3,6394,1547350,1529404,0.4,0.00,20.92,0.00,83.68,0.00,0.20,0.00,10627.0,95830.0,84724.0,79.0,4.5,0.5,17.0,146.361,0.277,0.2,39153419.5
2026-08-31T20:18:35,0.5,6394,1547350,1529404,0.4,0.00,2.70,0.00,10.81,0.00,0.00,0.00,10627.0,95830.0,84724.0,79.0,0.0,0.5,1.5,121.106,0.277,0.2,39153419.5
2026-08-31T20:18:35,1.3,6395,1547350,1529403,0.4,0.00,3.11,0.00,12.42,0.00,0.00,0.00,10627.0,95830.0,84724.0,0.0,9.0,0.5,41.0,138.387,0.277,0.2,39153419.5
2026-08-31T20:18:35,1.4,6395,1547350,1529403,0.4,0.00,3.91,0.00,15.62,0.00,0.00,0.00,10627.0,95830.0,84724.0,0.0,7.0,0.5,37.5,137.673,0.277,0.2,39153419.5
2026-08-31T20:18:36,1.4,6395,1547350,1529403,0.4,0.00,4.93,0.00,19.70,0.00,0.00,0.00,10627.0,95830.0,84724.0,0.0,7.0,0.5,38.5,151.413,0.270,0.2,42105916.5
2026-08-31T20:18:36,0.9,6395,1547350,1529403,0.4,0.00,4.03,0.00,16.13,0.00,0.00,0.00,10627.0,95830.0,84724.0,0.0,7.0,0.5,39.0,151.633,0.270,0.2,42105916.5
2026-08-31T20:18:36,1.5,6398,1547350,1529400,0.4,0.00,3.36,0.00,13.42,0.00,0.00,0.00,10627.0,95830.0,84724.0,5.0,9.0,0.5,38.5,142.235,0.270,0.2,42105916.5
2026-08-31T20:18:37,1.0,6397,1547350,1529401,0.4,0.00,2.75,0.00,11.02,0.00,0.00,0.00,10627.0,95830.0,84724.0,5.0,9.5,0.5,43.5,146.060,0.270,0.2,42105916.5
2026-08-31T20:18:37,0.8,6395,1547350,1529403,0.4,0.00,3.33,0.00,13.33,0.00,0.00,0.00,10627.0,95830.0,84724.0,5.0,6.5,0.5,36.0,142.689,0.222,0.1,25258670.0
2026-08-31T20:18:37,1.3,6395,1547350,1529403,0.4,0.00,2.93,0.00,11.73,0.00,0.00,0.00,10627.0,95830.0,84724.0,2.0,8.5,0.5,36.5,149.071,0.222,0.1,25258670.0
2026-08-31T20:18:37,1.4,6395,1547350,1529403,0.4,0.00,4.29,0.00,17.17,0.00,0.00,0.00,10627.0,95830.0,84724.0,2.0,7.5,0.5,41.0,152.613,0.222,0.1,25258670.0
2026-08-31T20:18:38,1.3,6394,1547350,1529404,0.4,0.00,4.00,0.00,16.00,0.00,0.00,0.00,10627.0,95830.0,84724.0,2.0,7.5,0.5,40.0,153.779,0.222,0.1,25258670.0
2026-08-31T20:18:38,1.4,6396,1547350,1529402,0.4,0.00,3.80,0.00,15.21,0.00,0.00,0.00,10627.0,95830.0,84724.0,2.0,7.5,0.5,40.5,170.938,0.222,0.1,25258670.0
2026-08-31T20:18:38,1.3,6395,1547350,1529403,0.4,0.00,3.82,0.00,15.27,0.00,0.00,0.00,10627.0,95830.0,84724.0,81.0,7.5,0.5,40.5,169.201,0.405,0.3,61753802.0
2026-08-31T20:18:38,1.3,6395,1547350,1529403,0.4,0.00,4.00,0.00,16.00,0.00,0.00,0.00,10627.0,95830.0,84724.0,81.0,7.5,0.5,40.5,169.238,0.405,0.3,61753802.0
2026-08-31T20:18:39,1.1,6395,1547350,1529403,0.4,0.00,4.02,0.00,16.06,0.00,0.00,0.00,10627.0,95830.0,84724.0,81.0,5.0,0.5,28.0,157.719,0.405,0.3,61753802.0
2026-08-31T20:18:39,1.4,6398,1547350,1529400,0.4,0.00,2.66,0.00,10.64,0.00,0.00,0.00,10627.0,95830.0,84724.0,81.0,7.0,0.5,26.5,161.260,0.353,0.2,50388571.0
2026-08-31T20:18:39,1.4,6399,1547350,1529399,0.4,0.00,4.15,0.00,16.60,0.00,0.00,0.00,10627.0,95830.0,84724.0,53.0,7.0,0.5,40.0,161.169,0.353,0.2,50388571.0
2026-08-31T20:18:40,1.4,6399,1547350,1529399,0.4,0.00,3.98,0.00,15.94,0.00,1.00,0.00,10627.0,95830.0,84724.0,53.0,7.0,0.5,40.0,161.064,0.353,0.2,50388571.0
2026-08-31T20:18:40,1.3,6399,1547350,1529399,0.4,0.00,4.02,0.00,16.06,0.00,0.00,0.00,10627.0,95830.0,84724.0,53.0,7.0,0.5,40.0,172.224,0.353,0.2,50388571.0
2026-08-31T20:18:40,1.4,6398,1547350,1529400,0.4,0.00,3.53,0.00,14.13,0.00,0.00,0.00,10627.0,95830.0,84724.0,53.0,7.0,0.5,39.5,168.398,0.394,0.2,61983434.5
2026-08-31T20:18:40,0.6,6397,1547350,1529401,0.4,0.00,2.99,0.00,11.94,0.00,0.00,0.00,10627.0,95830.0,84724.0,79.0,0.5,0.5,3.5,145.395,0.394,0.2,61983434.5
2026-08-31T20:18:41,1.1,6398,1547350,1529400,0.4,0.00,24.19,0.00,235.89,0.00,0.00,0.00,10627.0,95830.0,84724.0,79.0,4.5,0.5,18.5,137.397,0.394,0.2,61983434.5
2026-08-31T20:18:41,1.3,6400,1547350,1529398,0.4,0.00,2.31,0.00,9.26,0.00,0.00,0.00,10627.0,95830.0,84724.0,79.0,8.0,0.5,32.0,139.462,0.225,0.2,24813174.0
2026-08-31T20:18:41,1.0,6400,1547350,1529398,0.4,0.00,4.26,0.00,17.02,0.00,0.00,0.00,10627.0,95830.0,84724.0,64.0,5.0,0.5,27.0,139.258,0.225,0.2,24813174.0
2026-08-31T20:18:42,1.1,6400,1547350,1529398,0.4,0.00,1.78,0.00,7.13,0.00,0.00,0.00,10627.0,95830.0,84724.0,64.0,9.0,0.5,40.5,149.215,0.225,0.2,24813174.0
2026-08-31T20:18:42,1.3,6399,1547350,1529399,0.4,0.00,3.41,0.00,13.65,0.00,0.00,0.00,10627.0,95830.0,84724.0,78.0,7.0,0.5,38.5,148.846,0.296,0.2,42178896.0
2026-08-31T20:18:42,1.3,6399,1547350,1529399,0.4,0.00,4.08,0.00,16.33,0.00,0.00,0.00,10627.0,95830.0,84724.0,78.0,7.0,0.5,38.0,163.118,0.296,0.2,42178896.0
2026-08-31T20:18:43,1.1,6399,1547350,1529399,0.4,0.00,3.52,0.00,14.08,0.00,0.00,0.00,10627.0,95830.0,84724.0,78.0,5.5,0.5,31.5,154.331,0.296,0.2,42178896.0
2026-08-31T20:18:43,1.4,6399,1547350,1529399,0.4,0.00,2.48,0.00,9.93,0.00,0.00,0.00,10627.0,95830.0,84724.0,78.0,5.0,0.5,19.0,157.566,0.296,0.2,42178896.0
2026-08-31T20:18:43,1.3,6398,1547350,1529400,0.4,0.00,3.65,0.00,14.60,0.00,0.00,0.00,10627.0,95830.0,84724.0,38.0,7.0,0.5,39.0,157.510,0.341,0.2,49573953.5
2026-08-31T20:18:44,0.9,6399,1547350,1529399,0.4,0.00,3.53,0.00,14.13,0.00,0.00,0.00,10627.0,95830.0,84724.0,38.0,6.0,0.5,33.0,150.415,0.341,0.2,49573953.5
2026-08-31T20:18:44,1.4,6402,1547350,1529396,0.4,0.00,3.85,0.00,15.38,0.00,0.00,0.00,10627.0,95830.0,84724.0,38.0,1.0,0.5,5.0,152.973,0.341,0.2,49573953.5
2026-08-31T20:18:44,1.4,6404,1547350,1529394,0.4,0.00,3.85,0.00,15.38,0.00,0.00,0.00,10627.0,95830.0,84724.0,83.0,8.5,0.5,39.0,152.721,0.341,0.2,49573953.5
2026-08-31T20:18:45,0.8,6405,1547350,1529393,0.4,0.00,3.29,0.00,13.16,0.00,0.00,0.00,10627.0,95830.0,84724.0,83.0,6.5,0.5,36.0,146.554,0.247,0.2,35153944.0
2026-08-31T20:18:45,1.3,6405,1547350,1529393,0.4,0.00,7.55,0.00,30.19,0.00,0.50,0.00,10627.0,95830.0,84724.0,83.0,0.0,0.5,1.0,154.221,0.247,0.2,35153944.0
2026-08-31T20:18:45,1.0,6406,1547350,1529392,0.4,0.00,2.99,0.00,11.94,0.00,0.00,0.00,10627.0,95830.0,84724.0,42.0,3.5,0.5,21.0,142.368,0.247,0.2,35153944.0
2026-08-31T20:18:45,1.3,6405,1547350,1529393,0.4,0.00,3.22,0.00,12.86,0.00,0.00,0.00,10627.0,95830.0,84724.0,42.0,7.0,0.5,30.5,153.533,0.247,0.2,35153944.0
2026-08-31T20:18:46,0.6,6406,1547350,1529392,0.4,0.00,3.61,0.00,14.44,0.00,0.00,0.00,10627.0,95830.0,84724.0,42.0,0.5,0.5,1.5,138.059,0.248,0.2,31478187.5
2026-08-31T20:18:46,1.3,6407,1547350,1529391,0.4,0.00,3.94,0.00,15.75,0.00,0.00,0.00,10627.0,95830.0,84724.0,42.0,9.5,0.5,43.5,138.844,0.248,0.2,31478187.5
2026-08-31T20:18:46,1.4,6406,1547350,1529392,0.4,0.00,3.53,0.00,14.13,0.00,0.00,0.00,10627.0,95830.0,84724.0,79.0,7.0,0.5,38.5,148.762,0.248,0.2,31478187.5
2026-08-31T20:18:47,1.4,6405,1547350,1529393,0.4,0.00,4.05,0.00,16.19,0.00,0.00,0.00,10627.0,95830.0,84724.0,79.0,6.5,0.5,37.5,151.858,0.248,0.2,31478187.5
2026-08-31T20:18:47,0.7,6406,1547350,1529392,0.4,0.00,4.41,0.00,17.62,0.00,0.00,0.00,10627.0,95830.0,84724.0,79.0,0.0,0.5,0.0,139.730,0.313,0.2,45392696.0
2026-08-31T20:18:47,1.3,6407,1547350,1529391,0.4,0.00,1.88,0.00,7.50,0.00,0.00,0.00,10627.0,95830.0,84724.0,50.0,7.0,0.5,40.0,143.871,0.313,0.2,45392696.0
2026-08-31T20:18:48,1.1,6407,1547350,1529391,0.4,0.00,4.05,0.00,16.19,0.00,0.00,0.00,10627.0,95830.0,84724.0,50.0,2.5,0.5,15.0,134.993,0.313,0.2,45392696.0
2026-08-31T20:18:48,1.4,6406,1547350,1529392,0.4,0.00,3.28,0.00,13.11,0.00,0.00,0.00,10627.0,95830.0,84724.0,50.0,8.5,0.5,36.5,144.957,0.313,0.2,45392696.0
2026-08-31T20:18:48,0.9,6407,1547350,1529391,0.4,0.00,2.81,0.00,11.24,0.00,0.00,0.00,10627.0,95830.0,84724.0,50.0,6.0,0.5,25.0,146.272,0.253,0.2,28061464.0
2026-08-31T20:18:48,1.3,6407,1547350,1529391,0.4,0.00,4.13,0.00,16.53,0.00,0.00,0.00,10627.0,95830.0,84724.0,50.0,7.5,0.5,40.5,147.292,0.253,0.2,28061464.0
2026-08-31T20:18:49,1.4,6406,1547350,1529392,0.4,0.00,4.12,0.00,16.46,0.00,0.00,0.00,10627.0,95830.0,84724.0,50.0,7.5,0.5,40.5,155.233,0.253,0.2,28061464.0
2026-08-31T20:18:49,1.3,6406,1547350,1529392,0.4,0.00,4.10,0.00,16.39,0.00,0.00,0.00,10627.0,95830.0,84724.0,50.0,7.5,0.5,40.5,163.792,0.253,0.2,28061464.0
2026-08-31T20:18:49,1.4,6405,1547350,1529393,0.4,0.00,3.88,0.00,15.50,0.00,0.00,0.00,10627.0,95830.0,84724.0,50.0,7.5,0.5,41.0,169.741,0.253,0.2,28061464.0
2026-08-31T20:18:50,0.6,6405,1547350,1529393,0.4,0.00,2.79,0.00,11.14,0.00,0.00,0.00,10627.0,95830.0,84724.0,82.0,0.5,0.5,2.0,145.621,0.314,0.2,53110708.5
2026-08-31T20:18:50,1.3,6405,1547350,1529393,0.4,0.00,4.08,0.00,16.33,0.00,0.00,0.00,10627.0,95830.0,84724.0,82.0,9.5,0.5,43.0,148.371,0.314,0.2,53110708.5
2026-08-31T20:18:50,1.0,6404,1547350,1529394,0.4,0.00,7.72,0.00,46.33,0.00,0.00,0.00,10627.0,95830.0,84724.0,82.0,1.5,0.5,8.5,135.804,0.314,0.2,53110708.5
2026-08-31T20:18:50,1.1,6406,1547350,1529392,0.4,0.00,3.12,0.00,12.46,0.00,0.00,0.00,10627.0,95830.0,84724.0,17.0,7.0,0.5,32.0,143.355,0.314,0.2,53110708.5
2026-08-31T20:18:51,1.4,6408,1547350,1529390,0.4,0.00,2.76,0.00,11.05,0.00,0.00,0.00,10627.0,95830.0,84724.0,17.0,7.0,0.5,38.0,149.565,0.302,0.2,35618707.5
2026-08-31T20:18:51,0.9,6407,1547350,1529391,0.4,0.00,4.05,0.00,16.19,0.00,0.00,0.00,10627.0,95830.0,84724.0,17.0,3.0,0.5,18.5,140.010,0.302,0.2,35618707.5
2026-08-31T20:18:51,1.3,6407,1547350,1529391,0.4,0.00,3.08,0.00,12.31,0.00,1.00,0.00,10627.0,95830.0,84724.0,37.0,6.0,0.5,23.5,150.263,0.302,0.2,35618707.5
2026-08-31T20:18:52,1.4,6407,1547350,1529391,0.4,0.00,3.89,0.00,15.56,0.00,0.00,0.00,10627.0,95830.0,84724.0,37.0,7.5,0.5,40.5,155.706,0.302,0.2,35618707.5
2026-08-31T20:18:52,1.3,6408,1547350,1529390,0.4,0.00,4.22,0.00,16.88,0.00,0.00,0.42,10627.0,95830.0,84724.0,37.0,7.5,0.5,40.5,157.113,0.323,0.2,45657150.0
2026-08-31T20:18:52,0.7,6407,1547350,1529391,0.4,0.00,4.48,0.00,17.94,0.00,0.00,0.00,10627.0,95830.0,84724.0,37.0,3.5,0.5,21.0,156.428,0.323,0.2,45657150.0
2026-08-31T20:18:52,1.4,6407,1547350,1529391,0.4,0.00,3.36,0.00,13.42,0.00,0.00,0.00,10627.0,95830.0,84724.0,42.0,8.0,0.5,38.5,152.406,0.323,0.2,45657150.0
2026-08-31T20:18:53,0.5,6407,1547350,1529391,0.4,0.00,2.58,0.00,10.31,0.00,0.00,0.00,10627.0,95830.0,84724.0,42.0,0.0,0.5,0.5,126.041,0.323,0.2,45657150.0
2026-08-31T20:18:53,1.4,6407,1547350,1529391,0.4,0.00,4.55,0.00,18.18,0.00,0.00,0.00,10627.0,95830.0,84724.0,42.0,7.5,0.5,34.0,132.036,0.194,0.1,22566226.5
2026-08-31T20:18:53,0.5,6407,1547350,1529391,0.4,0.00,3.09,0.00,12.35,0.00,0.00,0.00,10627.0,95830.0,84724.0,68.0,0.0,0.5,0.0,117.532,0.194,0.1,22566226.5
2026-08-31T20:18:54,1.3,6406,1547350,1529392,0.4,0.00,3.92,0.00,15.69,0.00,0.00,0.00,10627.0,95830.0,84724.0,68.0,6.0,0.5,24.5,131.428,0.194,0.1,22566226.5
2026-08-31T20:18:54,1.3,6407,1547350,1529391,0.4,0.00,3.92,0.00,15.69,0.00,0.00,0.00,10627.0,95830.0,84724.0,68.0,7.5,0.5,41.0,147.262,0.194,0.1,22566226.5
2026-08-31T20:18:54,1.4,6406,1547350,1529392,0.4,0.00,3.97,0.00,15.87,0.00,0.00,0.00,10627.0,95830.0,84724.0,68.0,7.5,0.5,41.0,168.804,0.304,0.2,44154876.5
2026-08-31T20:18:54,1.0,6406,1547350,1529392,0.4,0.00,2.65,0.00,10.61,0.00,0.00,0.00,10627.0,95830.0,84724.0,82.0,4.5,0.5,25.5,158.784,0.304,0.2,44154876.5
2026-08-31T20:18:55,1.4,6406,1547350,1529392,0.4,0.00,3.16,0.00,12.66,0.00,0.00,0.00,10627.0,95830.0,84724.0,82.0,6.5,0.5,25.5,161.454,0.304,0.2,44154876.5
2026-08-31T20:18:55,1.3,6406,1547350,1529392,0.4,0.00,3.98,0.00,15.94,0.00,0.00,0.00,10627.0,95830.0,84724.0,82.0,7.0,0.5,38.0,160.423,0.304,0.2,44154876.5
2026-08-31T20:18:55,1.1,6407,1547350,1529391,0.4,0.00,3.00,0.00,12.01,0.00,0.00,0.00,10719.0,95830.0,84632.0,76.0,6.5,0.5,36.5,148.993,0.302,0.2,41743161.0
2026-08-31T20:18:56,1.1,6408,1547350,1529390,0.4,0.00,3.23,0.00,12.90,0.00,0.00,0.00,10719.0,95830.0,84632.0,76.0,6.0,0.5,31.5,148.181,0.302,0.2,41743161.0
2026-08-31T20:18:56,1.3,6408,1547350,1529390,0.4,0.00,3.17,0.00,12.70,0.00,0.00,0.00,10719.0,95830.0,84632.0,76.0,5.5,0.5,21.5,150.977,0.302,0.2,41743161.0
2026-08-31T20:18:56,0.7,6408,1547350,1529390,0.4,0.00,2.31,0.00,9.24,0.00,0.00,0.23,10719.0,95830.0,84632.0,78.0,2.5,0.5,15.0,137.380,0.213,0.1,25326327.5
2026-08-31T20:18:57,1.4,6409,1547350,1529389,0.4,0.00,4.00,0.00,16.00,0.00,0.00,0.00,10719.0,95830.0,84632.0,78.0,9.0,0.5,42.5,144.359,0.213,0.1,25326327.5
2026-08-31T20:18:57,1.4,6409,1547350,1529389,0.4,0.00,4.39,0.00,17.54,0.00,0.00,0.00,10719.0,95830.0,84632.0,78.0,7.0,0.5,40.0,147.428,0.213,0.1,25326327.5
2026-08-31T20:18:57,1.3,6408,1547350,1529390,0.4,0.00,4.44,0.00,17.78,0.00,0.00,0.00,10719.0,95830.0,84632.0,78.0,7.0,0.5,38.0,157.744,0.213,0.1,25326327.5
2026-08-31T20:18:57,1.3,6407,1547350,1529391,0.4,0.00,2.63,0.00,10.53,0.00,0.00,0.00,10719.0,95830.0,84632.0,77.0,6.5,0.5,37.0,168.465,0.391,0.2,56600757.5
2026-08-31T20:18:58,1.3,6407,1547350,1529391,0.4,0.00,3.89,0.00,15.56,0.00,0.00,0.00,10719.0,95830.0,84632.0,77.0,7.0,0.5,38.0,165.798,0.391,0.2,56600757.5
2026-08-31T20:18:58,0.9,6407,1547350,1529391,0.4,0.00,4.15,0.00,16.60,0.00,1.00,0.00,10719.0,95830.0,84632.0,77.0,4.5,0.5,24.5,146.803,0.391,0.2,56600757.5
2026-08-31T20:18:58,1.3,6406,1547350,1529392,0.4,0.00,2.22,0.00,8.89,0.00,0.00,0.00,10719.0,95830.0,84632.0,49.0,9.5,0.5,43.0,151.680,0.391,0.2,56600757.5
2026-08-31T20:18:59,1.0,6406,1547350,1529392,0.4,0.00,4.26,0.00,17.02,0.00,0.00,0.00,10719.0,95830.0,84632.0,49.0,4.0,0.5,22.0,140.676,0.282,0.2,40351439.0
2026-08-31T20:18:59,1.4,6407,1547350,1529391,0.4,0.00,3.76,0.00,15.04,0.00,0.00,0.00,10719.0,95830.0,84632.0,49.0,7.0,0.5,28.5,145.365,0.282,0.2,40351439.0
2026-08-31T20:18:59,0.6,6406,1547350,1529392,0.4,0.00,2.52,0.00,10.08,0.00,0.00,0.00,10719.0,95830.0,84632.0,56.0,0.0,0.5,0.0,133.555,0.282,0.2,40351439.0
2026-08-31T20:19:00,1.3,6407,1547350,1529391,0.4,0.00,2.70,0.00,10.78,0.00,0.00,0.00,10719.0,95830.0,84632.0,56.0,7.5,0.5,41.0,147.470,0.233,0.2,25233360.0
2026-08-31T20:19:00,1.4,6406,1547350,1529392,0.4,0.00,3.83,0.00,15.33,0.00,0.00,0.00,10719.0,95830.0,84632.0,56.0,4.5,0.5,26.0,143.986,0.233,0.2,25233360.0
2026-08-31T20:19:00,0.8,6406,1547350,1529392,0.4,0.00,2.21,0.00,8.83,0.00,0.00,0.00,10719.0,95830.0,84632.0,52.0,0.0,0.5,0.0,151.981,0.233,0.2,25233360.0
2026-08-31T20:19:01,1.4,6406,1547350,1529392,0.4,0.00,3.82,0.00,15.27,0.00,0.00,0.00,10719.0,95830.0,84632.0,52.0,7.0,0.5,38.5,151.105,0.233,0.2,25233360.0
2026-08-31T20:19:01,1.3,6406,1547350,1529392,0.4,0.00,3.97,0.00,15.87,0.00,0.00,0.00,10719.0,95830.0,84632.0,52.0,7.0,0.5,39.0,154.213,0.315,0.2,45928448.5
2026-08-31T20:19:01,1.3,6405,1547350,1529393,0.4,0.00,4.07,0.00,16.26,0.00,0.00,0.00,10719.0,95830.0,84632.0,52.0,7.0,0.5,40.0,169.859,0.315,0.2,45928448.5
2026-08-31T20:19:01,1.7,6411,1547350,1529387,0.4,0.00,3.32,0.00,13.29,0.00,0.00,0.00,10719.0,95830.0,84632.0,80.0,7.0,0.5,40.0,168.957,0.315,0.2,45928448.5
2026-08-31T20:19:02,1.4,6411,1547350,1529387,0.4,0.00,4.02,0.00,16.06,0.00,0.00,0.00,10719.0,95830.0,84632.0,80.0,7.0,0.5,39.5,169.832,0.315,0.2,45928448.5
2026-08-31T20:19:02,1.1,6411,1547350,1529387,0.4,0.00,4.02,0.00,16.06,0.00,0.00,0.40,10719.0,95830.0,84632.0,80.0,7.0,0.5,39.5,159.373,0.343,0.2,57838927.5
2026-08-31T20:19:02,1.3,6410,1547350,1529388,0.4,0.00,4.13,0.00,16.53,0.00,0.00,0.00,10719.0,95830.0,84632.0,23.0,9.0,0.5,42.0,162.356,0.343,0.2,57838927.5
2026-08-31T20:19:03,1.1,6409,1547350,1529389,0.4,0.00,2.72,0.00,10.87,0.00,0.00,0.00,10719.0,95830.0,84632.0,23.0,7.0,0.5,40.0,151.460,0.343,0.2,57838927.5
2026-08-31T20:19:03,1.3,6409,1547350,1529389,0.4,0.00,3.25,0.00,12.99,0.00,0.00,0.00,10719.0,95830.0,84632.0,23.0,8.5,0.5,37.0,158.700,0.343,0.2,57838927.5
2026-08-31T20:19:03,1.1,6409,1547350,1529389,0.4,0.00,3.73,0.00,14.93,0.00,0.00,0.00,10719.0,95830.0,84632.0,80.0,7.0,0.5,40.0,150.590,0.309,0.2,40376128.5
2026-08-31T20:19:03,1.4,6410,1547350,1529388,0.4,0.00,2.87,0.00,11.49,0.00,0.00,0.00,10719.0,95830.0,84632.0,80.0,9.0,0.5,36.5,154.659,0.309,0.2,40376128.5
2026-08-31T20:19:04,1.1,6410,1547350,1529388,0.4,0.00,3.94,0.00,15.75,0.00,0.00,0.00,10719.0,95830.0,84632.0,80.0,4.0,0.5,21.5,149.267,0.309,0.2,40376128.5
2026-08-31T20:19:04,1.3,6411,1547350,1529387,0.4,0.00,2.77,0.00,11.08,0.00,0.00,0.00,10719.0,95830.0,84632.0,80.0,7.5,0.5,31.0,161.027,0.309,0.2,40376128.5
2026-08-31T20:19:04,1.3,6410,1547350,1529388,0.4,0.00,2.87,0.00,11.49,0.00,0.00,0.00,10719.0,95830.0,84632.0,62.0,7.5,0.5,41.0,162.992,0.358,0.2,49213673.0
2026-08-31T20:19:05,1.3,6410,1547350,1529388,0.4,0.00,2.92,0.00,11.66,0.00,0.00,0.00,10719.0,95830.0,84632.0,62.0,7.5,0.5,40.5,171.095,0.358,0.2,49213673.0
2026-08-31T20:19:05,1.3,6410,1547350,1529388,0.4,0.00,4.02,0.00,16.06,0.00,0.00,0.00,10719.0,95830.0,84632.0,62.0,7.5,0.5,41.0,172.514,0.358,0.2,49213673.0
2026-08-31T20:19:05,1.3,6410,1547350,1529388,0.4,0.00,3.32,0.00,13.29,0.00,0.00,0.00,10719.0,95830.0,84632.0,82.0,7.5,0.5,40.5,171.194,0.358,0.2,49213673.0
2026-08-31T20:19:06,0.7,6409,1547350,1529389,0.4,0.00,3.02,0.00,12.08,0.00,0.00,0.00,10719.0,95830.0,84632.0,82.0,0.0,0.5,1.5,148.373,0.294,0.2,46648311.5
2026-08-31T20:19:06,1.3,6409,1547350,1529389,0.4,0.00,3.88,0.00,15.50,0.00,1.00,0.00,10719.0,95830.0,84632.0,82.0,7.0,0.5,26.5,146.918,0.294,0.2,46648311.5
2026-08-31T20:19:06,0.5,6409,1547350,1529389,0.4,0.00,2.38,0.00,9.52,0.00,0.00,0.00,10719.0,95830.0,84632.0,64.0,0.0,0.5,0.0,121.862,0.294,0.2,46648311.5
2026-08-31T20:19:07,1.4,6408,1547350,1529390,0.4,0.00,3.58,0.00,14.34,0.00,0.00,0.00,10719.0,95830.0,84632.0,64.0,2.0,0.5,8.5,139.736,0.294,0.2,46648311.5
2026-08-31T20:19:07,1.4,6409,1547350,1529389,0.4,0.00,4.07,0.00,16.26,0.00,0.00,0.00,10719.0,95830.0,84632.0,64.0,7.5,0.5,40.5,141.265,0.279,0.2,34617095.0
2026-08-31T20:19:07,1.3,6407,1547350,1529391,0.4,0.00,3.72,0.00,14.87,0.00,0.00,0.00,10719.0,95830.0,84632.0,64.0,7.5,0.5,40.5,161.468,0.279,0.2,34617095.0
2026-08-31T20:19:08,1.3,6408,1547350,1529390,0.4,0.00,2.18,0.00,8.71,0.00,0.00,0.00,10719.0,95830.0,84632.0,81.0,7.5,0.5,40.5,171.543,0.279,0.2,34617095.0
2026-08-31T20:19:08,0.6,6408,1547350,1529390,0.4,0.00,2.67,0.00,10.67,0.00,0.00,0.00,10719.0,95830.0,84632.0,81.0,2.5,0.5,15.0,147.226,0.286,0.2,45172206.0
2026-08-31T20:19:08,1.1,6409,1547350,1529389,0.4,0.00,3.75,0.00,14.98,0.00,0.00,0.00,10719.0,95830.0,84632.0,3.0,8.5,0.5,38.0,136.592,0.286,0.2,45172206.0
2026-08-31T20:19:09,1.1,6408,1547350,1529389,0.4,0.00,3.12,0.00,12.50,0.00,0.00,0.00,10719.0,95830.0,84632.0,3.0,4.0,0.5,15.5,133.903,0.286,0.2,45172206.0
2026-08-31T20:19:09,1.4,6408,1547350,1529390,0.4,0.00,2.93,0.00,11.73,0.00,0.00,0.00,10719.0,95830.0,84632.0,3.0,7.0,0.5,28.5,151.184,0.286,0.2,45172206.0
2026-08-31T20:19:09,0.9,6407,1547350,1529391,0.4,0.00,4.12,0.00,16.46,0.00,0.00,0.00,10721.0,95830.0,84630.0,82.0,1.5,0.5,8.5,148.239,0.270,0.2,28117179.5
2026-08-31T20:19:10,0.8,6409,1547350,1529389,0.4,0.00,1.71,0.00,6.85,0.00,0.00,0.00,10721.0,95830.0,84630.0,82.0,2.0,0.5,11.5,136.650,0.270,0.2,28117179.5
2026-08-31T20:19:10,1.1,6409,1547350,1529389,0.4,0.00,3.82,0.00,15.27,0.00,0.00,0.00,10721.0,95830.0,84630.0,82.0,4.0,0.5,28.0,135.948,0.270,0.2,28117179.5
2026-08-31T20:19:10,1.4,6409,1547350,1529389,0.4,0.00,2.58,0.00,10.34,0.00,0.00,0.00,10721.0,95830.0,84630.0,56.0,6.0,0.5,24.0,142.510,0.270,0.2,28117179.5
2026-08-31T20:19:11,1.4,6408,1547350,1529390,0.4,0.00,4.17,0.00,16.67,0.00,0.00,0.00,10721.0,95830.0,84630.0,56.0,7.5,0.5,41.0,157.293,0.267,0.2,34035108.0
2026-08-31T20:19:11,1.3,6408,1547350,1529390,0.4,0.00,16.19,0.00,174.09,0.00,0.00,0.00,10721.0,95830.0,84630.0,56.0,7.5,0.5,41.0,163.197,0.267,0.2,34035108.0
2026-08-31T20:19:11,1.4,6407,1547350,1529391,0.4,0.00,3.95,0.00,15.81,0.00,0.00,0.00,10721.0,95830.0,84630.0,81.0,7.0,0.5,40.5,159.154,0.267,0.2,34035108.0
2026-08-31T20:19:12,1.1,6410,1547350,1529388,0.4,0.00,2.40,0.00,9.59,0.00,0.00,0.00,10721.0,95830.0,84630.0,81.0,7.0,0.5,39.5,160.923,0.267,0.2,34035108.0
2026-08-31T20:19:12,1.5,6408,1547350,1529390,0.4,0.00,4.13,0.00,16.53,0.00,1.00,0.00,10721.0,95830.0,84630.0,81.0,7.0,0.5,40.0,160.887,0.350,0.2,51147721.5
2026-08-31T20:19:12,1.5,6407,1547350,1529391,0.4,0.00,4.00,0.00,16.00,0.00,0.00,0.00,10721.0,95830.0,84630.0,81.0,7.0,0.5,40.0,156.428,0.350,0.2,51147721.5
2026-08-31T20:19:12,0.5,6407,1547350,1529391,0.4,0.00,2.81,0.00,11.24,0.00,0.00,0.00,10721.0,95830.0,84630.0,5.0,0.0,0.5,0.0,141.488,0.350,0.2,51147721.5
2026-08-31T20:19:13,1.1,6407,1547350,1529391,0.4,0.00,2.70,0.00,10.81,0.00,0.00,0.00,10721.0,95830.0,84630.0,5.0,1.5,0.5,7.5,129.740,0.350,0.2,51147721.5
2026-08-31T20:19:13,1.1,6409,1547350,1529389,0.4,0.00,4.03,0.00,16.13,0.00,0.00,0.00,10721.0,95830.0,84630.0,5.0,4.5,0.5,17.0,132.112,0.196,0.1,23308968.0
2026-08-31T20:19:13,1.3,6410,1547350,1529388,0.4,0.00,2.55,0.00,10.20,0.00,0.00,0.00,10721.0,95830.0,84630.0,34.0,8.0,0.5,40.5,151.269,0.196,0.1,23308968.0
2026-08-31T20:19:14,1.4,6409,1547350,1529389,0.4,0.00,4.20,0.00,16.81,0.00,0.00,0.00,10721.0,95830.0,84630.0,34.0,7.0,0.5,40.0,157.324,0.196,0.1,23308968.0
2026-08-31T20:19:14,1.0,6409,1547350,1529389,0.4,0.00,4.07,0.00,16.26,0.00,0.00,0.00,10721.0,95830.0,84630.0,34.0,4.5,0.5,27.0,149.189,0.196,0.1,23308968.0
2026-08-31T20:19:14,1.4,6409,1547350,1529389,0.4,0.00,4.05,0.00,16.19,0.00,0.00,0.00,10721.0,95830.0,84630.0,34.0,4.0,0.5,23.0,159.423,0.333,0.2,42400529.5
2026-08-31T20:19:14,0.4,6408,1547350,1529390,0.4,0.00,3.34,0.00,13.38,0.00,0.00,0.00,10721.0,95830.0,84630.0,46.0,0.0,0.5,0.0,138.654,0.333,0.2,42400529.5
2026-08-31T20:19:15,1.3,6408,1547350,1529390,0.4,0.00,3.89,0.00,15.56,0.00,0.00,0.00,10721.0,95830.0,84630.0,46.0,8.0,0.5,35.5,139.110,0.333,0.2,42400529.5
2026-08-31T20:19:15,1.3,6409,1547350,1529389,0.4,0.00,4.22,0.00,16.88,0.00,0.00,0.00,10721.0,95830.0,84630.0,46.0,7.0,0.5,40.0,147.924,0.333,0.2,42400529.5
2026-08-31T20:19:15,1.3,6409,1547350,1529389,0.4,0.00,4.13,0.00,16.53,0.00,0.00,0.00,10721.0,95830.0,84630.0,79.0,7.0,0.5,39.5,158.166,0.294,0.2,46296035.5
2026-08-31T20:19:16,0.6,6408,1547350,1529390,0.4,0.00,2.26,0.00,9.03,0.00,0.00,0.00,10721.0,95830.0,84630.0,79.0,0.0,0.5,0.0,147.197,0.294,0.2,46296035.5
2026-08-31T20:19:16,1.4,6408,1547350,1529390,0.4,0.00,4.03,0.00,16.13,0.00,0.00,0.00,10721.0,95830.0,84630.0,79.0,8.5,0.5,39.0,148.927,0.294,0.2,46296035.5
2026-08-31T20:19:16,0.9,6408,1547350,1529390,0.4,0.00,4.00,0.00,16.00,0.00,0.00,0.00,10721.0,95830.0,84630.0,15.0,6.5,0.5,25.5,145.808,0.224,0.1,27466277.5
2026-08-31T20:19:17,1.3,6408,1547350,1529390,0.4,0.00,1.75,0.00,7.02,0.00,0.00,0.00,10721.0,95830.0,84630.0,15.0,7.5,0.5,40.5,153.456,0.224,0.1,27466277.5
2026-08-31T20:19:17,1.3,6408,1547350,1529390,0.4,0.00,3.73,0.00,14.93,0.00,0.00,0.00,10721.0,95830.0,84630.0,15.0,7.5,0.5,41.0,154.709,0.224,0.1,27466277.5
2026-08-31T20:19:17,1.4,6407,1547350,1529391,0.4,0.00,3.88,0.00,15.50,0.00,0.00,0.00,10721.0,95830.0,84630.0,81.0,7.5,0.5,40.5,171.842,0.224,0.1,27466277.5
2026-08-31T20:19:18,0.3,6406,1547350,1529392,0.4,0.00,2.88,0.00,11.53,0.00,0.00,0.00,10721.0,95830.0,84630.0,81.0,0.0,0.5,0.0,135.553,0.259,0.2,40684304.5
2026-08-31T20:19:18,1.3,6408,1547350,1529390,0.4,0.00,2.49,0.00,9.98,0.00,0.00,0.00,10721.0,95830.0,84630.0,81.0,7.0,0.5,40.5,137.966,0.259,0.2,40684304.5
2026-08-31T20:19:18,1.2,6409,1547350,1529389,0.4,0.00,4.08,0.00,16.33,0.00,0.00,0.00,10721.0,95830.0,84630.0,81.0,1.5,0.5,7.5,135.549,0.259,0.2,40684304.5
2026-08-31T20:19:19,1.3,6409,1547350,1529389,0.4,0.00,2.34,0.00,9.37,0.00,0.00,0.00,10721.0,95830.0,84630.0,81.0,9.0,0.5,43.0,160.954,0.259,0.2,40684304.5
2026-08-31T20:19:19,1.3,6407,1547350,1529391,0.4,0.00,4.05,0.00,16.19,0.00,0.00,0.00,10721.0,95830.0,84630.0,81.0,7.0,0.5,39.5,159.690,0.346,0.2,47001178.0
2026-08-31T20:19:19,1.1,6407,1547350,1529391,0.4,0.00,2.76,0.00,11.05,0.00,0.00,0.00,10721.0,95830.0,84630.0,79.0,5.5,0.5,31.5,153.423,0.346,0.2,47001178.0
2026-08-31T20:19:20,1.3,6406,1547350,1529392,0.4,0.00,2.75,0.00,10.99,0.00,1.00,0.00,10721.0,95830.0,84630.0,79.0,7.5,0.5,40.5,159.826,0.346,0.2,47001178.0
2026-08-31T20:19:20,1.3,6407,1547350,1529391,0.4,0.00,4.31,0.00,17.24,0.00,0.00,0.00,10721.0,95830.0,84630.0,79.0,7.5,0.5,41.0,160.357,0.346,0.2,47001178.0
2026-08-31T20:19:20,0.9,6407,1547350,1529391,0.4,0.00,4.17,0.00,16.67,0.00,0.00,0.00,10721.0,95830.0,84630.0,82.0,1.0,0.5,6.5,152.345,0.286,0.2,41757176.5
2026-08-31T20:19:21,1.3,6407,1547350,1529391,0.4,0.00,2.11,0.00,8.46,0.00,0.00,0.00,10721.0,95830.0,84630.0,82.0,6.0,0.5,22.5,153.094,0.286,0.2,41757176.5
2026-08-31T20:19:21,1.3,6407,1547350,1529391,0.4,0.00,11.45,0.00,45.80,0.00,0.00,0.00,10721.0,95830.0,84630.0,82.0,7.0,0.5,40.0,152.397,0.286,0.2,41757176.5
2026-08-31T20:19:21,1.3,6407,1547350,1529391,0.4,0.00,3.83,0.00,15.33,0.00,0.00,0.00,10721.0,95830.0,84630.0,82.0,7.0,0.5,40.0,159.549,0.286,0.2,41757176.5
2026-08-31T20:19:21,1.3,6407,1547350,1529391,0.4,0.00,4.00,0.00,16.00,0.00,0.00,0.00,10721.0,95830.0,84630.0,80.0,7.5,0.5,40.5,173.964,0.398,0.3,57841762.0
2026-08-31T20:19:22,1.4,6407,1547350,1529392,0.4,0.00,4.12,0.00,16.46,0.00,0.00,0.00,10721.0,95830.0,84630.0,80.0,7.5,0.5,40.5,171.251,0.398,0.3,57841762.0
2026-08-31T20:19:22,1.3,6406,1547350,1529392,0.4,0.00,4.07,0.00,16.26,0.00,0.00,0.00,10721.0,95830.0,84630.0,80.0,7.5,0.5,40.5,171.845,0.398,0.3,57841762.0
2026-08-31T20:19:22,1.5,6406,1547350,1529392,0.4,0.00,4.15,0.00,16.60,0.00,0.00,0.00,10721.0,95830.0,84630.0,80.0,7.5,0.5,40.5,160.781,0.398,0.3,57841762.0
2026-08-31T20:19:22,1.1,6406,1547350,1529392,0.4,0.00,2.52,0.00,10.08,0.00,0.00,0.00,10721.0,95830.0,84630.0,81.0,9.0,0.5,42.5,162.788,0.352,0.2,50709568.5
2026-08-31T20:19:23,1.3,6405,1547350,1529393,0.4,0.00,4.08,0.00,16.33,0.00,0.00,0.00,10721.0,95830.0,84630.0,81.0,7.5,0.5,40.5,162.407,0.352,0.2,50709568.5
2026-08-31T20:19:23,1.3,6405,1547350,1529393,0.4,0.00,2.62,0.00,10.50,0.00,0.00,0.00,10721.0,95830.0,84630.0,81.0,7.5,0.5,40.5,171.720,0.352,0.2,50709568.5
2026-08-31T20:19:23,1.4,6404,1547350,1529394,0.4,0.00,3.73,0.00,14.93,0.00,0.00,0.00,10721.0,95830.0,84630.0,81.0,7.5,0.5,41.0,171.730,0.352,0.2,50709568.5
2026-08-31T20:19:24,0.9,6408,1547350,1529390,0.4,0.00,3.62,0.00,14.49,0.00,0.00,0.00,10721.0,95830.0,84630.0,81.0,1.5,0.5,10.0,148.118,0.328,0.2,51648479.0
2026-08-31T20:19:24,1.0,6406,1547350,1529392,0.4,0.00,2.80,0.00,11.20,0.00,0.00,0.28,10721.0,95830.0,84630.0,81.0,7.0,0.5,36.5,138.568,0.328,0.2,51648479.0
2026-08-31T20:19:24,1.0,6407,1547350,1529391,0.4,0.00,2.02,0.00,8.06,0.00,0.00,0.00,10721.0,95830.0,84630.0,73.0,5.5,0.5,27.0,140.096,0.328,0.2,51648479.0
2026-08-31T20:19:25,1.3,6408,1547350,1529390,0.4,0.00,3.37,0.00,13.47,0.00,0.00,0.00,10721.0,95830.0,84630.0,73.0,6.0,0.5,24.5,154.637,0.269,0.2,28005526.5
2026-08-31T20:19:25,1.4,6408,1547350,1529390,0.4,0.00,4.26,0.00,17.02,0.00,0.00,0.00,10721.0,95830.0,84630.0,73.0,7.0,0.5,40.0,159.545,0.269,0.2,28005526.5
2026-08-31T20:19:25,0.9,6407,1547350,1529391,0.4,0.00,4.13,0.00,16.53,0.00,0.00,0.00,10721.0,95830.0,84630.0,82.0,4.5,0.5,24.5,147.840,0.269,0.2,28005526.5
2026-08-31T20:19:26,1.3,6407,1547350,1529391,0.4,0.00,2.92,0.00,11.70,0.00,0.00,0.00,10721.0,95830.0,84630.0,82.0,3.5,0.5,15.0,156.475,0.269,0.2,28005526.5
2026-08-31T20:19:26,1.2,6407,1547350,1529391,0.4,0.00,4.00,0.00,16.00,0.00,0.00,0.00,10721.0,95830.0,84630.0,82.0,7.0,0.5,40.0,155.479,0.326,0.2,47277056.5
2026-08-31T20:19:26,1.4,6406,1547350,1529392,0.4,0.00,4.02,0.00,16.06,0.00,0.00,0.00,10721.0,95830.0,84630.0,82.0,7.0,0.5,39.5,155.004,0.326,0.2,47277056.5
2026-08-31T20:19:26,0.5,6407,1547350,1529391,0.4,0.00,2.30,0.00,9.20,0.00,1.00,0.00,10721.0,95830.0,84630.0,79.0,0.0,0.5,0.0,138.492,0.326,0.2,47277056.5
2026-08-31T20:19:27,1.3,6406,1547350,1529392,0.4,0.00,3.86,0.00,15.44,0.00,0.00,0.00,10721.0,95830.0,84630.0,79.0,4.5,0.5,19.0,140.584,0.326,0.2,47277056.5
2026-08-31T20:19:27,1.4,6407,1547350,1529391,0.4,0.00,4.07,0.00,16.26,0.00,0.00,0.00,10721.0,95830.0,84630.0,79.0,7.0,0.5,39.5,140.326,0.267,0.2,38336605.5
2026-08-31T20:19:27,1.3,6408,1547350,1529390,0.4,0.00,4.08,0.00,16.33,0.00,0.00,0.00,10721.0,95830.0,84630.0,79.0,7.0,0.5,40.0,160.136,0.267,0.2,38336605.5
2026-08-31T20:19:28,1.4,6408,1547350,1529390,0.4,0.00,3.17,0.00,12.70,0.00,0.00,0.00,10721.0,95830.0,84630.0,79.0,7.0,0.5,40.0,171.671,0.267,0.2,38336605.5
2026-08-31T20:19:28,1.3,6408,1547350,1529390,0.4,0.00,4.07,0.00,16.26,0.00,0.00,0.00,10721.0,95830.0,84630.0,79.0,7.0,0.5,40.0,170.109,0.267,0.2,38336605.5
2026-08-31T20:19:28,1.3,6408,1547350,1529390,0.4,0.00,2.72,0.00,10.90,0.00,0.00,0.00,10721.0,95830.0,84630.0,79.0,7.0,0.5,40.0,170.000,0.397,0.2,62184399.0
2026-08-31T20:19:28,1.1,6408,1547350,1529390,0.4,0.00,3.57,0.00,14.29,0.00,0.00,0.00,10721.0,95830.0,84630.0,80.0,7.0,0.5,40.0,158.210,0.397,0.2,62184399.0
2026-08-31T20:19:29,1.4,6407,1547350,1529391,0.4,0.00,2.82,0.00,11.30,0.00,0.00,0.00,10721.0,95830.0,84630.0,80.0,1.0,0.5,43.5,160.101,0.397,0.2,62184399.0
2026-08-31T20:19:29,1.3,6408,1547350,1529390,0.4,0.00,4.15,0.00,16.60,0.00,0.00,0.00,10721.0,95830.0,84630.0,80.0,7.0,0.5,39.5,160.431,0.397,0.2,62184399.0
2026-08-31T20:19:29,1.3,6407,1547350,1529391,0.4,0.00,4.02,0.00,16.06,0.00,0.00,0.00,10721.0,95830.0,84630.0,79.0,7.0,0.5,40.0,160.413,0.349,0.2,55621405.5
2026-08-31T20:19:30,1.3,6407,1547350,1529391,0.4,0.00,2.71,0.00,10.84,0.00,0.00,0.00,10721.0,95830.0,84630.0,79.0,7.0,0.5,40.0,170.440,0.349,0.2,55621405.5
2026-08-31T20:19:30,0.9,6407,1547350,1529391,0.4,0.00,3.83,0.00,15.33,0.00,0.00,0.00,10721.0,95830.0,84630.0,79.0,5.5,0.5,32.0,157.379,0.349,0.2,55621405.5
2026-08-31T20:19:30,0.9,6407,1547350,1529391,0.4,0.00,3.86,0.00,15.44,0.00,0.00,0.00,10721.0,95830.0,84630.0,22.0,5.5,0.5,25.0,140.293,0.229,0.1,28653717.5
2026-08-31T20:19:31,1.4,6407,1547350,1529391,0.4,0.00,2.51,0.00,10.03,0.00,0.00,0.00,10721.0,95830.0,84630.0,22.0,2.0,0.5,7.5,143.487,0.229,0.1,28653717.5
2026-08-31T20:19:31,1.3,6407,1547350,1529391,0.4,0.00,4.15,0.00,16.60,0.00,0.00,0.00,10721.0,95830.0,84630.0,22.0,9.0,0.5,40.0,153.089,0.229,0.1,28653717.5
2026-08-31T20:19:31,1.1,6406,1547350,1529392,0.4,0.00,4.13,0.00,16.53,0.00,0.00,0.00,10721.0,95830.0,84630.0,22.0,6.5,0.5,37.0,149.849,0.229,0.1,28653717.5
2026-08-31T20:19:31,1.1,6407,1547350,1529391,0.4,0.00,2.48,0.00,9.90,0.00,0.00,0.00,10721.0,95830.0,84630.0,74.0,9.0,0.5,41.0,149.163,0.304,0.2,39886512.0
2026-08-31T20:19:32,1.3,6408,1547350,1529390,0.4,0.00,2.82,0.00,11.30,0.00,0.00,0.00,10721.0,95830.0,84630.0,74.0,9.0,0.5,40.0,152.819,0.304,0.2,39886512.0
2026-08-31T20:19:32,1.1,6410,1547350,1529388,0.4,0.00,3.86,0.00,15.44,0.00,0.00,0.00,10721.0,95830.0,84630.0,74.0,6.0,0.5,34.0,150.575,0.304,0.2,39886512.0
2026-08-31T20:19:32,1.4,6410,1547350,1529388,0.4,0.00,3.76,0.00,15.04,0.00,0.00,0.00,10721.0,95830.0,84630.0,68.0,5.0,0.5,18.5,152.347,0.304,0.2,39886512.0
2026-08-31T20:19:33,1.3,6411,1547350,1529387,0.4,0.00,2.72,0.00,10.90,0.00,0.00,0.00,10721.0,95830.0,84630.0,68.0,7.0,0.5,38.0,161.211,0.343,0.2,45592597.5
2026-08-31T20:19:33,1.3,6412,1547350,1529386,0.4,0.00,4.07,0.00,16.26,0.00,0.00,0.00,10721.0,95830.0,84630.0,68.0,7.0,0.5,39.5,173.909,0.343,0.2,45592597.5
2026-08-31T20:19:33,1.5,6412,1547350,1529386,0.4,0.00,3.16,0.00,12.66,0.00,0.00,0.00,10721.0,95830.0,84630.0,81.0,5.0,0.5,27.5,160.192,0.343,0.2,45592597.5
2026-08-31T20:19:34,0.8,6412,1547350,1529386,0.4,0.00,2.33,0.00,9.30,0.00,0.00,0.00,10721.0,95830.0,84630.0,81.0,6.0,0.5,25.0,151.757,0.298,0.2,41823517.0
2026-08-31T20:19:34,1.1,6422,1547350,1529376,0.4,0.00,2.92,0.00,11.70,0.00,1.00,0.00,10721.0,95830.0,84630.0,81.0,8.0,0.5,36.5,141.754,0.298,0.2,41823517.0
2026-08-31T20:19:34,1.3,6421,1547350,1529377,0.4,0.00,2.19,0.00,8.77,0.00,0.00,0.00,10721.0,95830.0,84630.0,73.0,1.5,0.5,8.0,149.018,0.298,0.2,41823517.0
2026-08-31T20:19:35,1.6,6421,1547350,1529377,0.4,0.00,5.32,0.00,21.28,0.00,0.00,0.00,10721.0,95830.0,84630.0,73.0,7.0,0.5,39.5,154.226,0.298,0.2,41823517.0
2026-08-31T20:19:35,1.3,6421,1547350,1529377,0.4,0.00,3.88,0.00,15.50,0.00,0.00,0.00,10721.0,95830.0,84630.0,73.0,7.0,0.5,40.0,162.880,0.338,0.2,45500955.0
2026-08-31T20:19:35,1.4,6420,1547350,1529378,0.4,0.00,4.13,0.00,16.53,0.00,0.00,0.00,10721.0,95830.0,84630.0,73.0,7.0,0.5,40.0,171.436,0.338,0.2,45500955.0
2026-08-31T20:19:36,1.1,6420,1547350,1529378,0.4,0.00,18.58,0.00,74.30,0.00,0.00,0.00,10721.0,95830.0,84630.0,80.0,8.0,0.5,34.5,151.333,0.338,0.2,45500955.0
2026-08-31T20:19:36,0.9,6419,1547350,1529379,0.4,0.00,1.48,0.00,5.93,0.00,0.00,0.00,10721.0,95830.0,84630.0,18.0,8.0,0.5,36.0,134.046,0.251,0.2,32502474.5
2026-08-31T20:19:37,1.3,6419,1547350,1529379,0.4,0.00,2.28,0.00,9.13,0.00,0.00,0.00,10721.0,95830.0,84630.0,18.0,0.0,0.5,0.0,148.571,0.251,0.2,32502474.5
2026-08-31T20:19:37,1.4,6419,1547350,1529379,0.4,0.00,3.76,0.00,15.04,0.00,0.00,0.00,10721.0,95830.0,84630.0,18.0,7.0,0.5,40.0,154.994,0.251,0.2,32502474.5
2026-08-31T20:19:37,1.4,6418,1547350,1529380,0.4,0.00,4.12,0.00,16.46,0.00,0.00,0.00,10721.0,95830.0,84630.0,18.0,7.0,0.5,38.0,154.323,0.251,0.2,32502474.5
2026-08-31T20:19:37,1.4,6421,1547350,1529377,0.4,0.00,4.13,0.00,16.53,0.00,0.00,0.00,10721.0,95830.0,84630.0,76.0,7.0,0.5,40.0,173.501,0.251,0.2,32502474.5
2026-08-31T20:19:38,1.3,6421,1547350,1529377,0.4,0.00,4.44,0.00,17.78,0.00,0.00,0.00,10721.0,95830.0,84630.0,76.0,7.0,0.5,39.5,170.533,0.394,0.2,57935117.0
2026-08-31T20:19:38,1.1,6420,1547350,1529378,0.4,0.00,4.02,0.00,16.06,0.00,0.00,0.00,10721.0,95830.0,84630.0,76.0,7.0,0.5,39.0,158.239,0.394,0.2,57935117.0
2026-08-31T20:19:38,1.3,6421,1547350,1529377,0.4,0.00,2.26,0.00,9.05,0.00,0.00,0.00,10721.0,95830.0,84630.0,18.0,8.5,0.5,43.0,156.529,0.394,0.2,57935117.0
2026-08-31T20:19:39,0.6,6422,1547350,1529376,0.4,0.00,2.60,0.00,10.42,0.00,0.00,0.00,10721.0,95830.0,84630.0,18.0,0.5,0.5,21.0,139.144,0.242,0.2,33991445.0
2026-08-31T20:19:39,1.0,6422,1547350,1529376,0.4,0.00,4.00,0.00,16.00,0.00,0.00,0.00,10721.0,95830.0,84630.0,18.0,1.0,0.5,7.5,140.214,0.242,0.2,33991445.0
2026-08-31T20:19:39,1.3,6421,1547350,1529377,0.4,0.00,3.12,0.00,12.46,0.00,0.00,0.00,10721.0,95830.0,84630.0,88.0,4.5,0.5,27.0,133.942,0.242,0.2,33991445.0
2026-08-31T20:19:40,1.0,6420,1547350,1529378,0.4,0.00,2.25,0.00,8.99,0.00,0.00,0.00,10721.0,95830.0,84630.0,88.0,7.5,0.5,40.5,155.631,0.283,0.2,30874198.0
2026-08-31T20:19:40,1.4,6420,1547350,1529378,0.4,0.00,3.68,0.00,14.71,0.00,1.00,0.00,10721.0,95830.0,84630.0,88.0,7.0,0.5,40.5,163.239,0.283,0.2,30874198.0
2026-08-31T20:19:40,1.3,6422,1547350,1529376,0.4,0.00,3.89,0.00,15.56,0.00,0.00,0.00,10721.0,95830.0,84630.0,78.0,7.0,0.5,39.0,161.805,0.283,0.2,30874198.0
2026-08-31T20:19:41,1.4,6422,1547350,1529376,0.4,0.00,3.22,0.00,12.86,0.00,0.00,0.00,10721.0,95830.0,84630.0,78.0,7.0,0.5,40.0,170.530,0.283,0.2,30874198.0
2026-08-31T20:19:41,1.3,6422,1547350,1529377,0.4,0.00,4.17,0.00,16.67,0.00,0.00,0.00,10721.0,95830.0,84630.0,78.0,7.0,0.5,38.5,166.353,0.393,0.2,61585677.0
2026-08-31T20:19:41,0.7,6421,1547350,1529377,0.4,0.00,8.72,0.00,113.37,0.00,0.00,0.00,10721.0,95830.0,84630.0,78.0,3.0,0.5,12.0,146.714,0.393,0.2,61585677.0
2026-08-31T20:19:41,1.3,6421,1547350,1529377,0.4,0.00,3.98,0.00,15.94,0.00,0.00,0.00,10721.0,95830.0,84630.0,24.0,8.5,0.5,41.0,149.800,0.393,0.2,61585677.0
2026-08-31T20:19:42,1.4,6421,1547350,1529377,0.4,0.00,3.64,0.00,14.55,0.00,0.00,0.00,10721.0,95830.0,84630.0,24.0,7.0,0.5,37.5,148.669,0.393,0.2,61585677.0
2026-08-31T20:19:42,0.6,6421,1547350,1529377,0.4,0.00,3.09,0.00,12.35,0.00,0.00,0.00,10721.0,95830.0,84630.0,24.0,0.0,0.5,0.0,136.729,0.200,0.1,30376539.5
2026-08-31T20:19:42,1.3,6421,1547350,1529377,0.4,0.00,4.13,0.00,16.53,0.00,0.00,0.00,10721.0,95830.0,84630.0,24.0,9.0,0.5,43.0,148.844,0.200,0.1,30376539.5
2026-08-31T20:19:43,1.4,6420,1547350,1529378,0.4,0.00,3.24,0.00,12.94,0.00,0.00,0.00,10721.0,95830.0,84630.0,86.0,7.0,0.5,40.5,150.536,0.200,0.1,30376539.5
2026-08-31T20:19:43,0.7,6421,1547350,1529377,0.4,0.00,2.89,0.00,11.56,0.00,0.00,0.00,10721.0,95830.0,84630.0,86.0,0.0,0.5,1.5,141.213,0.200,0.1,30376539.5
2026-08-31T20:19:43,1.4,6420,1547350,1529378,0.4,0.00,4.24,0.00,16.95,0.00,0.00,0.00,10721.0,95830.0,84630.0,81.0,7.5,0.5,40.5,152.231,0.320,0.2,43269278.0
2026-08-31T20:19:44,0.8,6421,1547350,1529377,0.4,0.00,1.93,0.00,7.72,0.00,0.00,0.19,10721.0,95830.0,84630.0,81.0,0.0,0.5,0.0,135.980,0.320,0.2,43269278.0
2026-08-31T20:19:44,1.3,6422,1547350,1529376,0.4,0.00,4.02,0.00,16.06,0.00,0.00,0.00,10721.0,95830.0,84630.0,81.0,7.5,0.5,32.5,151.653,0.320,0.2,43269278.0
2026-08-31T20:19:44,1.5,6423,1547350,1529375,0.4,0.00,4.02,0.00,16.06,0.00,0.00,0.00,10721.0,95830.0,84630.0,81.0,4.5,0.5,24.5,142.584,0.320,0.2,43269278.0
2026-08-31T20:19:44,0.4,6429,1547350,1529369,0.4,0.00,3.66,0.00,14.65,0.00,0.00,0.00,10721.0,95830.0,84630.0,49.0,0.0,0.5,0.0,139.839,0.196,0.1,24788179.0
2026-08-31T20:19:45,1.3,6429,1547350,1529369,0.4,0.00,3.37,0.00,13.47,0.00,0.00,0.00,10721.0,95830.0,84630.0,49.0,8.0,0.5,36.0,151.684,0.196,0.1,24788179.0
2026-08-31T20:19:45,1.1,6427,1547350,1529371,0.4,0.00,4.15,0.00,16.60,0.00,1.00,0.00,10721.0,95830.0,84630.0,49.0,1.5,0.5,10.0,138.423,0.196,0.1,24788179.0
2026-08-31T20:19:45,1.3,6427,1547350,1529371,0.4,0.00,3.37,0.00,13.47,0.00,0.00,0.00,10721.0,95830.0,84630.0,85.0,9.0,0.5,42.5,154.942,0.196,0.1,24788179.0
2026-08-31T20:19:46,0.7,6427,1547350,1529371,0.4,0.00,2.26,0.00,9.03,0.00,0.00,0.00,10721.0,95830.0,84630.0,85.0,0.0,0.5,0.0,135.452,0.244,0.2,33142603.0
2026-08-31T20:19:46,1.3,6427,1547350,1529371,0.4,0.00,4.17,0.00,16.67,0.00,0.00,0.00,10721.0,95830.0,84630.0,85.0,6.5,0.5,24.0,149.174,0.244,0.2,33142603.0
2026-08-31T20:19:46,1.1,6427,1547350,1529371,0.4,0.00,8.10,0.00,32.39,0.00,0.00,0.00,10721.0,95830.0,84630.0,78.0,4.5,0.5,25.5,134.352,0.244,0.2,33142603.0
2026-08-31T20:19:47,1.2,6428,1547350,1529370,0.4,0.00,2.38,0.00,9.52,0.00,0.00,0.00,10721.0,95830.0,84630.0,78.0,4.0,0.5,22.0,153.427,0.244,0.2,33142603.0
2026-08-31T20:19:47,1.1,6429,1547350,1529369,0.4,0.00,3.19,0.00,12.78,0.00,0.00,0.00,10721.0,95830.0,84630.0,78.0,2.5,0.5,14.5,139.631,0.275,0.2,31467808.0
2026-08-31T20:19:47,1.3,6428,1547350,1529370,0.4,0.00,2.77,0.00,11.08,0.00,0.00,0.00,10721.0,95830.0,84630.0,29.0,8.0,0.5,35.0,154.919,0.275,0.2,31467808.0
2026-08-31T20:19:48,0.7,6427,1547350,1529371,0.4,0.00,2.87,0.00,11.49,0.00,0.00,0.00,10721.0,95830.0,84630.0,29.0,0.0,0.5,0.0,136.957,0.275,0.2,31467808.0
2026-08-31T20:19:48,1.4,6426,1547350,1529372,0.4,0.00,4.29,0.00,17.17,0.00,0.00,0.00,10721.0,95830.0,84630.0,29.0,8.0,0.5,39.0,143.960,0.275,0.2,31467808.0
2026-08-31T20:19:48,0.9,6426,1547350,1529372,0.4,0.00,3.52,0.00,14.08,0.00,0.00,0.00,10721.0,95830.0,84630.0,29.0,5.5,0.5,31.0,137.493,0.238,0.2,29143172.0
2026-08-31T20:19:48,1.1,6427,1547350,1529371,0.4,0.00,4.08,0.00,16.33,0.00,0.00,0.00,10721.0,95830.0,84630.0,62.0,6.0,0.5,30.0,144.221,0.238,0.2,29143172.0
2026-08-31T20:19:49,1.4,6427,1547350,1529371,0.4,0.00,2.70,0.00,10.81,0.00,0.00,0.00,10721.0,95830.0,84630.0,62.0,6.0,0.5,22.5,150.017,0.238,0.2,29143172.0
2026-08-31T20:19:49,0.5,6427,1547350,1529371,0.4,0.00,2.99,0.00,11.98,0.00,0.00,0.00,10721.0,95830.0,84630.0,62.0,0.0,0.5,0.0,139.659,0.238,0.2,29143172.0
2026-08-31T20:19:49,1.3,6427,1547350,1529371,0.4,0.00,4.15,0.00,16.60,0.00,0.00,0.00,10721.0,95830.0,84630.0,0.0,6.0,0.5,23.0,140.252,0.235,0.2,25438437.0
2026-08-31T20:19:50,1.5,6426,1547350,1529372,0.4,0.00,3.70,0.00,14.81,0.00,0.00,0.00,10721.0,95830.0,84630.0,0.0,7.5,0.5,40.5,149.987,0.235,0.2,25438437.0
2026-08-31T20:19:50,1.0,6426,1547350,1529372,0.4,0.00,4.13,0.00,16.53,0.00,0.00,0.00,10721.0,95830.0,84630.0,0.0,5.0,0.5,27.5,152.307,0.235,0.2,25438437.0
2026-08-31T20:19:50,1.3,6426,1547350,1529372,0.4,0.00,3.47,0.00,13.89,0.00,0.00,0.00,10721.0,95830.0,84630.0,0.0,6.0,0.5,25.0,165.202,0.235,0.2,25438437.0
2026-08-31T20:19:50,1.2,6426,1547350,1529373,0.4,0.00,3.95,0.00,15.81,0.00,0.00,0.00,10721.0,95830.0,84630.0,50.0,6.0,0.5,33.5,149.924,0.312,0.2,45144011.0
2026-08-31T20:19:51,1.2,6426,1547350,1529373,0.4,0.00,2.70,0.00,10.78,0.00,0.00,0.00,10721.0,95830.0,84630.0,50.0,4.5,0.5,18.0,154.031,0.312,0.2,45144011.0
2026-08-31T20:19:51,0.6,6425,1547350,1529373,0.4,0.00,2.95,0.00,11.80,0.00,0.00,0.29,10721.0,95830.0,84630.0,50.0,0.0,0.5,1.0,139.484,0.312,0.2,45144011.0
2026-08-31T20:19:51,1.3,6425,1547350,1529373,0.4,0.00,8.16,0.00,48.98,0.00,0.50,0.00,10721.0,95830.0,84630.0,2.0,6.0,0.5,23.0,139.310,0.312,0.2,45144011.0
2026-08-31T20:19:52,0.6,6426,1547350,1529372,0.4,0.00,3.47,0.00,13.89,0.00,0.00,0.00,10721.0,95830.0,84630.0,2.0,0.0,0.5,0.0,128.719,0.196,0.1,22393038.5
2026-08-31T20:19:52,1.3,6427,1547350,1529371,0.4,0.00,4.00,0.00,16.00,0.00,0.00,0.00,10721.0,95830.0,84630.0,2.0,8.5,0.5,37.5,134.045,0.196,0.1,22393038.5
2026-08-31T20:19:52,1.6,6427,1547350,1529371,0.4,0.00,4.08,0.00,16.33,0.00,0.00,0.00,10721.0,95830.0,84630.0,81.0,3.0,0.5,18.0,138.492,0.196,0.1,22393038.5
2026-08-31T20:19:52,0.9,6426,1547350,1529372,0.4,0.00,2.70,0.00,10.81,0.00,0.00,0.00,10721.0,95830.0,84630.0,81.0,8.0,0.5,33.5,151.771,0.196,0.1,22393038.5
2026-08-31T20:19:53,0.7,6427,1547350,1529371,0.4,0.00,3.24,0.00,12.94,0.00,0.00,0.00,10721.0,95830.0,84630.0,81.0,4.5,0.5,24.0,140.721,0.254,0.2,31299900.0
2026-08-31T20:19:53,1.3,6426,1547350,1529372,0.4,0.00,3.94,0.00,15.75,0.00,0.00,0.00,10721.0,95830.0,84630.0,81.0,9.5,0.5,43.0,142.340,0.254,0.2,31299900.0
2026-08-31T20:19:53,1.3,6427,1547350,1529372,0.4,0.00,4.18,0.00,16.74,0.00,0.00,0.00,10721.0,95830.0,84630.0,86.0,7.5,0.5,40.5,151.947,0.254,0.2,31299900.0
2026-08-31T20:19:54,1.4,6426,1547350,1529372,0.4,0.00,2.56,0.00,10.26,0.00,0.00,0.00,10721.0,95830.0,84630.0,86.0,7.5,0.5,40.5,166.132,0.254,0.2,31299900.0
2026-08-31T20:19:54,1.3,6425,1547350,1529373,0.4,0.00,4.15,0.00,16.60,0.00,0.00,0.00,10721.0,95830.0,84630.0,86.0,7.5,0.5,40.5,173.058,0.404,0.3,58987033.0
2026-08-31T20:19:54,1.0,6425,1547350,1529374,0.4,0.00,4.15,0.00,16.60,0.00,0.00,0.00,10721.0,95830.0,84630.0,86.0,3.0,0.5,16.5,161.595,0.404,0.3,58987033.0
2026-08-31T20:19:54,1.3,6424,1547350,1529374,0.4,0.00,3.15,0.00,12.62,0.00,0.00,0.00,10721.0,95830.0,84630.0,81.0,8.0,0.5,36.0,162.886,0.404,0.3,58987033.0
2026-08-31T20:19:55,1.3,6423,1547350,1529375,0.4,0.00,2.98,0.00,11.90,0.00,0.00,0.00,10721.0,95830.0,84630.0,81.0,7.5,0.5,41.0,157.962,0.404,0.3,58987033.0
2026-08-31T20:19:55,0.6,6424,1547350,1529374,0.4,0.00,3.30,0.00,13.20,0.00,0.00,0.00,10721.0,95830.0,84630.0,81.0,1.0,0.5,7.0,150.113,0.275,0.2,39609389.0
2026-08-31T20:19:55,1.4,6424,1547350,1529374,0.4,0.00,4.31,0.00,17.24,0.00,0.00,0.00,10721.0,95830.0,84630.0,14.0,5.0,0.5,20.5,151.786,0.275,0.2,39609389.0
2026-08-31T20:19:56,1.4,6425,1547350,1529373,0.4,0.00,3.08,0.00,12.31,0.00,0.00,0.00,10721.0,95830.0,84630.0,14.0,7.0,0.5,40.0,151.535,0.275,0.2,39609389.0
2026-08-31T20:19:56,1.3,6425,1547350,1529373,0.4,0.00,3.58,0.00,14.34,0.00,0.00,0.00,10721.0,95830.0,84630.0,14.0,7.0,0.5,40.0,163.059,0.275,0.2,39609389.0
2026-08-31T20:19:56,1.1,6425,1547350,1529373,0.4,0.00,3.97,0.00,15.87,0.00,0.00,0.00,10721.0,95830.0,84630.0,80.0,5.5,0.5,32.5,159.005,0.346,0.2,51033270.5
2026-08-31T20:19:57,1.3,6424,1547350,1529374,0.4,0.00,2.10,0.00,8.39,0.00,0.00,0.00,10721.0,95830.0,84630.0,80.0,7.5,0.5,40.0,160.159,0.346,0.2,51033270.5
2026-08-31T20:19:57,1.4,6424,1547350,1529374,0.4,0.00,4.12,0.00,16.46,0.00,0.00,0.00,10721.0,95830.0,84630.0,80.0,7.0,0.5,39.5,160.291,0.346,0.2,51033270.5
2026-08-31T20:19:57,1.4,6424,1547350,1529374,0.4,0.00,4.02,0.00,16.06,0.00,0.00,0.00,10721.0,95830.0,84630.0,80.0,7.0,0.5,40.0,164.114,0.346,0.2,51033270.5
2026-08-31T20:19:57,0.8,6424,1547350,1529374,0.4,0.00,3.70,0.00,14.81,0.00,0.00,0.00,10721.0,95830.0,84630.0,80.0,3.0,0.5,17.5,151.147,0.309,0.2,46332498.5
2026-08-31T20:19:58,1.3,6424,1547350,1529374,0.4,0.00,2.63,0.00,10.53,0.00,0.00,0.00,10721.0,95830.0,84630.0,80.0,2.5,0.5,10.5,152.591,0.309,0.2,46332498.5
2026-08-31T20:19:58,1.4,6425,1547350,1529373,0.4,0.00,4.26,0.00,17.02,0.00,0.00,0.00,10721.0,95830.0,84630.0,80.0,7.0,0.5,40.0,152.931,0.309,0.2,46332498.5
2026-08-31T20:19:58,1.1,6424,1547350,1529374,0.4,0.00,3.94,0.00,15.75,0.00,0.00,0.00,10721.0,95830.0,84630.0,80.0,3.0,0.5,16.5,161.063,0.350,0.2,47726771.0
2026-08-31T20:19:59,1.1,6423,1547350,1529375,0.4,0.00,1.46,0.00,5.84,0.00,1.00,0.00,10721.0,95830.0,84630.0,80.0,3.5,0.5,21.0,152.671,0.350,0.2,47726771.0
2026-08-31T20:19:59,1.3,6423,1547350,1529375,0.4,0.00,3.64,0.00,14.55,0.00,0.00,0.00,10721.0,95830.0,84630.0,60.0,7.5,0.5,40.5,154.329,0.350,0.2,47726771.0
2026-08-31T20:19:59,1.1,6423,1547350,1529375,0.4,0.00,4.05,0.00,16.19,0.00,0.00,0.00,10721.0,95830.0,84630.0,60.0,7.5,0.5,21.0,153.483,0.281,0.2,37806137.0
2026-08-31T20:20:00,1.4,6424,1547350,1529374,0.4,0.00,2.65,0.00,10.58,0.00,0.00,0.00,10721.0,95830.0,84630.0,60.0,8.0,0.5,31.5,164.779,0.281,0.2,37806137.0
2026-08-31T20:20:00,1.5,6424,1547350,1529374,0.4,0.00,3.85,0.00,15.38,0.00,0.00,0.00,10721.0,95830.0,84630.0,80.0,4.5,0.5,25.5,152.630,0.281,0.2,37806137.0
2026-08-31T20:20:00,1.3,6429,1547350,1529370,0.4,0.00,2.85,0.00,11.40,0.00,0.00,0.00,10721.0,95830.0,84630.0,80.0,7.0,0.5,28.5,163.800,0.281,0.2,37806137.0
2026-08-31T20:20:01,0.6,6429,1547350,1529369,0.4,0.00,2.48,0.00,9.93,0.00,0.00,0.00,10721.0,95830.0,84630.0,80.0,0.5,0.5,3.5,139.317,0.269,0.2,33590310.0
2026-08-31T20:20:01,1.3,6430,1547350,1529368,0.4,0.00,3.79,0.00,15.15,0.00,0.00,0.00,10721.0,95830.0,84630.0,80.0,4.5,0.5,18.0,150.649,0.269,0.2,33590310.0
2026-08-31T20:20:01,1.4,6430,1547350,1529368,0.4,0.00,4.13,0.00,16.53,0.00,0.00,0.00,10721.0,95830.0,84630.0,36.0,8.0,0.5,41.5,151.013,0.269,0.2,33590310.0
2026-08-31T20:20:02,1.3,6430,1547350,1529368,0.4,0.00,2.27,0.00,9.09,0.00,0.00,0.00,10721.0,95830.0,84630.0,36.0,7.5,0.5,40.5,176.465,0.269,0.2,33590310.0
2026-08-31T20:20:02,1.3,6430,1547350,1529368,0.4,0.00,3.91,0.00,15.62,0.00,0.00,0.00,10721.0,95830.0,84630.0,36.0,7.5,0.5,41.0,172.014,0.397,0.3,58250969.5
2026-08-31T20:20:02,0.5,6429,1547350,1529369,0.4,0.00,2.89,0.00,11.56,0.00,0.00,0.00,10721.0,95830.0,84630.0,82.0,0.0,0.5,0.0,138.002,0.397,0.3,58250969.5
2026-08-31T20:20:03,1.4,6429,1547350,1529369,0.4,0.00,2.73,0.00,10.93,0.00,0.00,0.00,10721.0,95830.0,84630.0,82.0,0.5,0.5,1.5,139.329,0.397,0.3,58250969.5
2026-08-31T20:20:03,1.3,6430,1547350,1529368,0.4,0.00,3.97,0.00,15.87,0.00,0.00,0.00,10721.0,95830.0,84630.0,82.0,9.5,0.5,44.0,137.805,0.397,0.3,58250969.5
2026-08-31T20:20:03,0.6,6430,1547350,1529368,0.4,0.00,3.05,0.00,12.20,0.00,0.00,0.00,10721.0,95830.0,84630.0,81.0,4.5,0.5,25.0,140.196,0.186,0.1,25811169.5
2026-08-31T20:20:04,1.3,6429,1547350,1529369,0.4,0.00,3.12,0.00,12.50,0.00,0.00,0.00,10721.0,95830.0,84630.0,81.0,9.0,0.5,40.0,152.377,0.186,0.1,25811169.5
2026-08-31T20:20:04,1.4,6430,1547350,1529368,0.4,0.00,3.13,0.00,12.54,0.00,0.00,0.00,10721.0,95830.0,84630.0,81.0,7.5,0.5,40.5,152.204,0.186,0.1,25811169.5
2026-08-31T20:20:04,1.3,6429,1547350,1529369,0.4,0.00,3.95,0.00,15.81,0.00,0.00,0.40,10721.0,95830.0,84630.0,81.0,7.5,0.5,40.5,172.227,0.186,0.1,25811169.5
2026-08-31T20:20:05,1.0,6428,1547350,1529370,0.4,0.00,4.18,0.00,16.74,0.00,0.00,0.00,10721.0,95830.0,84630.0,81.0,0.5,0.5,4.0,160.029,0.347,0.2,47211115.0
2026-08-31T20:20:05,0.8,6428,1547350,1529370,0.4,0.00,1.93,0.00,7.71,0.00,0.00,0.00,10721.0,95830.0,84630.0,81.0,8.0,0.5,35.5,135.868,0.347,0.2,47211115.0
2026-08-31T20:20:05,1.3,6429,1547350,1529369,0.4,0.00,4.10,0.00,16.39,0.00,0.00,0.00,10721.0,95830.0,84630.0,0.0,0.0,0.5,40.0,139.786,0.347,0.2,47211115.0
2026-08-31T20:20:06,1.4,6429,1547350,1529369,0.4,0.00,4.15,0.00,16.60,0.00,0.00,0.00,10721.0,95830.0,84630.0,0.0,7.5,0.5,41.0,152.446,0.347,0.2,47211115.0
2026-08-31T20:20:06,1.4,6428,1547350,1529370,0.4,0.00,3.47,0.00,13.89,0.00,0.00,0.00,10721.0,95830.0,84630.0,0.0,0.0,0.5,1.5,161.718,0.255,0.2,36471752.0
2026-08-31T20:20:06,0.9,6429,1547350,1529369,0.4,0.00,2.33,0.00,9.32,0.00,0.00,0.00,10721.0,95830.0,84630.0,89.0,10.0,0.5,44.5,158.100,0.255,0.2,36471752.0
2026-08-31T20:20:07,1.0,6429,1547350,1529369,0.4,0.00,3.68,0.00,14.71,0.00,0.00,0.00,10721.0,95830.0,84630.0,89.0,10.0,0.5,44.5,151.241,0.255,0.2,36471752.0
2026-08-31T20:20:07,1.0,6430,1547350,1529368,0.4,0.00,3.12,0.00,12.50,0.00,1.00,0.00,10721.0,95830.0,84630.0,89.0,6.0,0.5,25.0,155.204,0.292,0.2,29495175.0
2026-08-31T20:20:07,1.1,6431,1547350,1529367,0.4,0.00,2.58,0.00,10.31,0.00,0.00,0.00,10721.0,95830.0,84630.0,49.0,4.5,0.5,24.5,144.199,0.292,0.2,29495175.0
2026-08-31T20:20:07,1.3,6431,1547350,1529367,0.4,0.00,3.50,0.00,13.99,0.00,0.00,0.00,10721.0,95830.0,84630.0,49.0,7.5,0.5,40.5,154.036,0.292,0.2,29495175.0
2026-08-31T20:20:08,1.3,6431,1547350,1529367,0.4,0.00,3.03,0.00,12.12,0.00,0.00,0.00,10721.0,95830.0,84630.0,49.0,7.5,0.5,40.5,164.608,0.292,0.2,29495175.0
2026-08-31T20:20:08,0.7,6432,1547350,1529366,0.4,0.00,2.82,0.00,11.27,0.00,0.00,0.00,10721.0,95830.0,84630.0,49.0,0.0,0.5,0.0,155.081,0.264,0.2,36533305.5
2026-08-31T20:20:08,1.4,6431,1547350,1529367,0.4,0.00,4.08,0.00,16.33,0.00,0.00,0.00,10721.0,95830.0,84630.0,0.0,9.5,0.5,42.5,153.792,0.264,0.2,36533305.5
2026-08-31T20:20:09,1.3,6431,1547350,1529367,0.4,0.00,3.39,0.00,13.56,0.00,0.00,0.00,10721.0,95830.0,84630.0,0.0,7.0,0.5,40.0,152.715,0.264,0.2,36533305.5
2026-08-31T20:20:09,1.3,6431,1547350,1529367,0.4,0.00,2.64,0.00,10.55,0.00,0.00,0.00,10721.0,95830.0,84630.0,0.0,7.0,0.5,40.0,173.421,0.264,0.2,36533305.5
2026-08-31T20:20:09,1.4,6430,1547350,1529368,0.4,0.00,4.07,0.00,16.26,0.00,0.00,0.00,10721.0,95830.0,84630.0,80.0,7.5,0.5,40.0,171.341,0.396,0.2,63768717.5
2026-08-31T20:20:10,1.1,6430,1547350,1529368,0.4,0.00,4.29,0.00,17.17,0.00,0.00,0.43,10721.0,95830.0,84630.0,80.0,3.5,0.5,19.5,159.940,0.396,0.2,63768717.5
2026-08-31T20:20:10,1.3,6429,1547350,1529369,0.4,0.00,3.50,0.00,13.99,0.00,0.00,0.00,10721.0,95830.0,84630.0,80.0,8.0,0.5,33.0,163.894,0.396,0.2,63768717.5
2026-08-31T20:20:10,1.0,6429,1547350,1529369,0.4,0.00,3.97,0.00,15.87,0.00,0.00,0.00,10721.0,95830.0,84630.0,80.0,1.5,0.5,7.0,151.648,0.396,0.2,63768717.5
2026-08-31T20:20:10,0.9,6429,1547350,1529369,0.4,0.00,3.33,0.00,13.33,0.00,0.00,0.00,10721.0,95830.0,84630.0,14.0,0.0,0.5,0.0,145.812,0.230,0.2,25649003.0
2026-08-31T20:20:11,1.6,6426,1547350,1529372,0.4,0.00,2.33,0.00,9.32,0.00,0.00,0.00,10721.0,95830.0,84630.0,14.0,8.5,0.5,36.5,144.613,0.230,0.2,25649003.0
2026-08-31T20:20:11,1.3,6426,1547350,1529372,0.4,0.00,4.31,0.00,17.24,0.00,0.00,0.00,10721.0,95830.0,84630.0,14.0,7.5,0.5,41.0,150.665,0.230,0.2,25649003.0
2026-08-31T20:20:11,1.1,6425,1547350,1529373,0.4,0.00,11.54,0.00,151.92,0.00,0.00,0.00,10721.0,95830.0,84630.0,81.0,3.5,0.5,20.5,152.790,0.230,0.2,25649003.0
2026-08-31T20:20:12,1.3,6425,1547350,1529373,0.4,0.00,2.44,0.00,9.76,0.00,0.00,0.00,10721.0,95830.0,84630.0,81.0,7.0,0.5,40.0,163.212,0.352,0.2,48086213.5
2026-08-31T20:20:12,1.3,6425,1547350,1529373,0.4,0.00,3.97,0.00,15.87,0.00,0.00,0.00,10721.0,95830.0,84630.0,81.0,7.0,0.5,39.5,162.066,0.352,0.2,48086213.5
2026-08-31T20:20:12,1.3,6425,1547350,1529373,0.4,0.00,4.08,0.00,16.33,0.00,1.00,0.00,10721.0,95830.0,84630.0,79.0,7.0,0.5,39.5,162.550,0.352,0.2,48086213.5
2026-08-31T20:20:12,1.4,6425,1547350,1529373,0.4,0.00,4.22,0.00,16.88,0.00,0.00,0.00,10721.0,95830.0,84630.0,79.0,7.5,0.5,41.0,171.867,0.352,0.2,48086213.5
2026-08-31T20:20:13,1.3,6425,1547350,1529373,0.4,0.00,2.72,0.00,10.90,0.00,0.00,0.00,10721.0,95830.0,84630.0,79.0,7.5,0.5,40.5,172.625,0.400,0.2,63201185.5
2026-08-31T20:20:13,1.4,6425,1547350,1529373,0.4,0.00,3.79,0.00,15.15,0.00,0.00,0.00,10721.0,95830.0,84630.0,79.0,7.5,0.5,40.5,173.775,0.400,0.2,63201185.5
2026-08-31T20:20:13,1.3,6425,1547350,1529373,0.4,0.00,3.97,0.00,15.87,0.00,0.00,0.00,10721.0,95830.0,84630.0,81.0,7.5,0.5,40.5,174.139,0.400,0.2,63201185.5
2026-08-31T20:20:14,1.3,6424,1547350,1529374,0.4,0.00,4.05,0.00,16.19,0.00,0.00,0.00,10721.0,95830.0,84630.0,81.0,7.5,0.5,40.5,173.685,0.400,0.2,63201185.5
2026-08-31T20:20:14,1.1,6425,1547350,1529373,0.4,0.00,4.05,0.00,16.19,0.00,0.00,0.00,10721.0,95830.0,84630.0,81.0,3.5,0.5,20.0,160.877,0.343,0.2,53395800.5
2026-08-31T20:20:14,1.3,6425,1547350,1529373,0.4,0.00,2.36,0.00,9.46,0.00,0.00,0.00,10721.0,95830.0,84630.0,40.0,7.0,0.5,29.0,162.588,0.343,0.2,53395800.5
2026-08-31T20:20:15,0.8,6426,1547350,1529372,0.4,0.00,3.68,0.00,14.71,0.00,0.00,0.00,10721.0,95830.0,84630.0,40.0,0.0,0.5,0.5,143.022,0.343,0.2,53395800.5
2026-08-31T20:20:15,1.3,6428,1547350,1529370,0.4,0.00,3.22,0.00,12.86,0.00,0.00,0.00,10721.0,95830.0,84630.0,40.0,8.0,0.5,32.5,146.125,0.343,0.2,53395800.5
2026-08-31T20:20:15,1.3,6427,1547350,1529371,0.4,0.00,4.13,0.00,16.53,0.00,0.00,0.00,10721.0,95830.0,84630.0,40.0,7.0,0.5,39.5,157.148,0.302,0.2,37725239.5
2026-08-31T20:20:15,1.3,6427,1547350,1529371,0.4,0.00,3.97,0.00,15.87,0.00,0.00,0.00,10721.0,95830.0,84630.0,79.0,7.5,0.5,40.5,158.965,0.302,0.2,37725239.5
2026-08-31T20:20:16,1.3,6427,1547350,1529371,0.4,0.00,4.26,0.00,17.02,0.00,0.00,0.00,10721.0,95830.0,84630.0,79.0,7.5,0.5,40.0,165.857,0.302,0.2,37725239.5
2026-08-31T20:20:16,0.5,6425,1547350,1529373,0.4,0.00,2.98,0.00,11.90,0.00,0.00,0.00,10721.0,95830.0,84630.0,79.0,2.0,0.5,12.5,148.901,0.302,0.2,37725239.5
2026-08-31T20:20:16,1.4,6426,1547350,1529372,0.4,0.00,4.29,0.00,17.17,0.00,0.00,0.00,10721.0,95830.0,84630.0,79.0,9.0,0.5,43.0,152.345,0.298,0.2,41992012.0
2026-08-31T20:20:16,1.4,6425,1547350,1529373,0.4,0.00,4.17,0.00,16.67,0.00,0.00,0.00,10721.0,95830.0,84630.0,20.0,7.5,0.5,40.5,152.435,0.298,0.2,41992012.0
2026-08-31T20:20:17,0.7,6428,1547350,1529370,0.4,0.00,2.58,0.00,10.31,0.00,0.00,0.00,10721.0,95830.0,84630.0,20.0,0.0,0.5,0.0,141.758,0.298,0.2,41992012.0
2026-08-31T20:20:17,1.4,6428,1547350,1529370,0.4,0.00,8.20,0.00,32.79,0.00,0.00,0.00,10721.0,95830.0,84630.0,20.0,8.5,0.5,38.0,152.059,0.298,0.2,41992012.0
2026-08-31T20:20:17,1.4,6428,1547350,1529370,0.4,0.00,4.00,0.00,16.00,0.00,0.00,0.00,10721.0,95830.0,84630.0,76.0,7.5,0.5,40.5,152.373,0.298,0.2,42312294.0
2026-08-31T20:20:18,1.3,6427,1547350,1529371,0.4,0.00,3.88,0.00,15.50,0.00,0.00,0.00,10721.0,95830.0,84630.0,76.0,7.5,0.5,41.0,163.632,0.298,0.2,42312294.0
2026-08-31T20:20:18,1.4,6427,1547350,1529371,0.4,0.00,2.98,0.00,11.90,0.00,0.00,0.00,10721.0,95830.0,84630.0,76.0,7.5,0.5,40.5,170.784,0.298,0.2,42312294.0
2026-08-31T20:20:18,0.6,6428,1547350,1529370,0.4,0.00,3.19,0.00,12.78,0.00,0.00,0.00,10721.0,95830.0,84630.0,76.0,0.0,0.5,0.0,149.697,0.298,0.2,42312294.0
2026-08-31T20:20:18,1.4,6429,1547350,1529369,0.4,0.00,4.12,0.00,16.46,0.00,0.00,0.00,10721.0,95830.0,84630.0,54.0,9.0,0.5,38.0,149.843,0.299,0.2,42302556.5
2026-08-31T20:20:19,1.0,6430,1547350,1529368,0.4,0.00,2.92,0.00,11.70,0.00,0.00,0.00,10721.0,95830.0,84630.0,54.0,6.5,0.5,26.5,127.696,0.299,0.2,42302556.5
2026-08-31T20:20:19,1.1,6430,1547350,1529368,0.4,0.00,2.07,0.00,8.28,0.00,1.00,0.00,10721.0,95830.0,84630.0,31.0,8.5,0.5,42.5,150.067,0.299,0.2,42302556.5
2026-08-31T20:20:20,1.5,6430,1547350,1529368,0.4,0.00,3.85,0.00,15.38,0.00,0.00,0.00,10721.0,95830.0,84630.0,31.0,4.5,0.5,25.0,155.594,0.264,0.2,32627671.5
2026-08-31T20:20:20,1.0,6430,1547350,1529368,0.4,0.00,2.60,0.00,10.39,0.00,0.00,0.00,10721.0,95830.0,84630.0,31.0,7.0,0.5,27.0,168.292,0.264,0.2,32627671.5
2026-08-31T20:20:20,0.5,6430,1547350,1529368,0.4,0.00,2.81,0.00,11.24,0.00,0.00,0.00,10721.0,95830.0,84630.0,77.0,0.0,0.5,1.5,141.279,0.264,0.2,32627671.5
2026-08-31T20:20:21,1.4,6430,1547350,1529368,0.4,0.00,3.95,0.00,15.81,0.00,0.00,0.00,10721.0,95830.0,84630.0,77.0,5.0,0.5,28.5,143.969,0.235,0.2,25918339.0
2026-08-31T20:20:21,1.1,6430,1547350,1529368,0.4,0.00,2.55,0.00,10.20,0.00,0.00,0.00,10721.0,95830.0,84630.0,77.0,5.5,0.5,22.5,140.776,0.235,0.2,25918339.0
2026-08-31T20:20:21,1.4,6430,1547350,1529368,0.4,0.00,4.24,0.00,16.95,0.00,0.00,0.00,10721.0,95830.0,84630.0,77.0,7.0,0.5,40.0,154.446,0.235,0.2,25918339.0
2026-08-31T20:20:21,1.4,6429,1547350,1529369,0.4,0.00,4.29,0.00,17.17,0.00,0.00,0.00,10721.0,95830.0,84630.0,80.0,7.5,0.5,41.0,161.112,0.235,0.2,25918339.0
2026-08-31T20:20:22,1.4,6430,1547350,1529368,0.4,0.00,3.97,0.00,15.87,0.00,0.00,0.00,10721.0,95830.0,84630.0,80.0,7.0,0.5,39.5,170.625,0.235,0.2,25918339.0
2026-08-31T20:20:22,0.6,6429,1547350,1529369,0.4,0.00,3.03,0.00,12.12,0.00,0.00,0.30,10721.0,95830.0,84630.0,80.0,3.0,0.5,18.5,147.906,0.283,0.2,44518166.0
2026-08-31T20:20:22,1.4,6429,1547350,1529369,0.4,0.00,3.85,0.00,15.38,0.00,0.00,0.00,10721.0,95830.0,84630.0,0.0,10.0,0.5,44.5,150.957,0.283,0.2,44518166.0
2026-08-31T20:20:23,0.6,6430,1547350,1529368,0.4,0.00,2.49,0.00,9.98,0.00,0.00,0.00,10721.0,95830.0,84630.0,0.0,0.0,0.5,0.0,120.714,0.283,0.2,44565294.5
2026-08-31T20:20:23,1.4,6430,1547350,1529368,0.4,0.00,3.29,0.00,13.16,0.00,0.00,0.00,10721.0,95830.0,84630.0,0.0,5.5,0.5,21.5,145.863,0.283,0.2,44565294.5
2026-08-31T20:20:23,1.3,6429,1547350,1529369,0.4,0.00,4.00,0.00,16.00,0.00,0.00,0.40,10721.0,95830.0,84630.0,0.0,7.5,0.5,41.5,144.195,0.276,0.2,33808288.5
2026-08-31T20:20:23,1.4,6430,1547350,1529368,0.4,0.00,4.13,0.00,16.53,0.00,0.00,0.00,10721.0,95830.0,84630.0,83.0,7.5,0.5,41.0,160.867,0.276,0.2,33808288.5
2026-08-31T20:20:24,1.3,6429,1547350,1529369,0.4,0.00,3.92,0.00,15.69,0.00,0.00,0.00,10721.0,95830.0,84630.0,83.0,7.5,0.5,40.5,177.406,0.276,0.2,33808288.5
2026-08-31T20:20:24,1.4,6429,1547350,1529369,0.4,0.00,4.15,0.00,16.60,0.00,0.00,0.00,10721.0,95830.0,84630.0,83.0,7.5,0.5,40.5,173.127,0.276,0.2,33772619.5
2026-08-31T20:20:24,1.3,6429,1547350,1529369,0.4,0.00,4.31,0.00,17.24,0.00,0.00,0.00,10721.0,95830.0,84630.0,81.0,7.5,0.5,41.0,172.600,0.403,0.2,63685860.0
2026-08-31T20:20:24,1.3,6428,1547350,1529370,0.4,0.00,2.98,0.00,11.90,0.00,0.00,0.00,10721.0,95830.0,84630.0,81.0,7.5,0.5,40.5,173.500,0.403,0.2,63685860.0
2026-08-31T20:20:25,1.4,6428,1547350,1529370,0.4,0.00,4.76,0.00,19.05,0.00,0.00,0.00,10721.0,95830.0,84630.0,81.0,7.5,0.5,40.5,174.260,0.403,0.2,63685860.0
2026-08-31T20:20:25,1.4,6429,1547350,1529369,0.4,0.00,4.13,0.00,16.53,0.00,0.00,0.00,10721.0,95830.0,84630.0,81.0,7.5,0.5,40.5,169.272,0.403,0.2,63675917.0
2026-08-31T20:20:25,0.3,6431,1547350,1529367,0.4,0.00,2.58,0.00,10.34,0.00,0.00,0.00,10721.0,95830.0,84630.0,58.0,0.0,0.5,0.0,142.086,0.253,0.2,38974691.0
2026-08-31T20:20:26,1.5,6432,1547350,1529366,0.4,0.00,4.13,0.00,16.53,0.00,0.00,0.00,10721.0,95830.0,84630.0,58.0,9.0,0.5,42.0,142.806,0.253,0.2,38974691.0
2026-08-31T20:20:26,1.3,6431,1547350,1529367,0.4,0.00,2.60,0.00,10.39,0.00,0.00,0.00,10721.0,95830.0,84630.0,58.0,7.0,0.5,40.0,147.076,0.253,0.2,38937629.5
2026-08-31T20:20:26,0.9,6431,1547350,1529367,0.4,0.00,4.18,0.00,16.74,0.00,0.00,0.00,10721.0,95830.0,84630.0,58.0,7.0,0.5,40.0,152.519,0.253,0.2,38937629.5
2026-08-31T20:20:26,1.1,6431,1547350,1529367,0.4,0.00,4.10,0.00,16.39,0.00,0.00,0.00,10721.0,95830.0,84630.0,80.0,9.5,0.5,40.0,152.118,0.304,0.2,38955771.0
2026-08-31T20:20:27,1.4,6430,1547350,1529368,0.4,0.00,2.49,0.00,9.95,0.00,1.00,0.00,10721.0,95830.0,84630.0,80.0,9.0,0.5,42.5,148.429,0.304,0.2,38955771.0
2026-08-31T20:20:27,0.6,6430,1547350,1529368,0.4,0.00,3.53,0.00,14.13,0.00,0.00,0.00,10721.0,95830.0,84630.0,80.0,2.0,0.5,11.5,145.279,0.304,0.2,38959527.5
2026-08-31T20:20:27,1.0,6431,1547350,1529367,0.4,0.00,7.75,0.00,31.01,0.00,0.00,0.00,10721.0,95830.0,84630.0,23.0,5.5,0.5,24.0,141.082,0.304,0.2,38959527.5
2026-08-31T20:20:28,1.3,6431,1547350,1529367,0.4,0.00,3.29,0.00,13.16,0.00,0.00,0.00,10721.0,95830.0,84630.0,23.0,7.0,0.5,29.0,142.907,0.249,0.2,27843446.5
2026-08-31T20:20:28,0.6,6431,1547350,1529367,0.4,0.00,2.79,0.00,11.14,0.00,0.00,0.00,10721.0,95830.0,84630.0,23.0,6.0,0.5,34.0,142.202,0.249,0.2,27843446.5
2026-08-31T20:20:28,1.3,6430,1547350,1529368,0.4,0.00,4.15,0.00,16.60,0.00,0.00,0.00,10721.0,95830.0,84630.0,0.0,7.0,0.5,29.0,142.075,0.249,0.2,27865195.0
2026-08-31T20:20:29,0.5,6430,1547350,1529368,0.4,0.00,3.42,0.00,13.70,0.00,0.00,0.00,10721.0,95830.0,84630.0,0.0,4.0,0.5,22.5,130.434,0.249,0.2,27865195.0
2026-08-31T20:20:29,1.1,6430,1547350,1529368,0.4,0.00,3.94,0.00,15.75,0.00,0.00,0.00,10721.0,95830.0,84630.0,0.0,9.0,0.5,42.0,133.699,0.184,0.1,21507479.0
2026-08-31T20:20:29,1.3,6430,1547350,1529368,0.4,0.00,2.86,0.00,11.43,0.00,0.00,0.00,10721.0,95830.0,84630.0,0.0,2.5,0.5,10.5,141.389,0.184,0.1,21507479.0
2026-08-31T20:20:29,1.2,6430,1547350,1529368,0.4,0.00,3.39,0.00,13.56,0.00,0.00,0.00,10721.0,95830.0,84630.0,21.0,7.5,0.5,41.0,152.308,0.184,0.1,21474454.0
2026-08-31T20:20:30,1.3,6430,1547350,1529368,0.4,0.00,2.53,0.00,10.10,0.00,0.00,0.00,10721.0,95830.0,84630.0,21.0,9.5,0.5,44.0,163.691,0.184,0.1,21474454.0
2026-08-31T20:20:30,0.9,6430,1547350,1529368,0.4,0.00,3.61,0.00,14.44,0.00,0.00,0.00,10721.0,95830.0,84630.0,21.0,7.0,0.5,38.5,151.081,0.281,0.2,36766888.5
2026-08-31T20:20:30,1.3,6429,1547350,1529369,0.4,0.00,3.80,0.00,15.21,0.00,0.00,0.00,10721.0,95830.0,84630.0,77.0,1.0,0.5,6.5,151.805,0.281,0.2,36766888.5
2026-08-31T20:20:31,1.1,6430,1547350,1529368,0.4,0.00,4.05,0.00,16.19,0.00,0.00,0.00,10721.0,95830.0,84630.0,77.0,6.5,0.5,35.5,147.268,0.281,0.2,36863788.5
2026-08-31T20:20:31,1.3,6429,1547350,1529369,0.4,0.00,3.30,0.00,13.20,0.00,0.00,0.00,10721.0,95830.0,84630.0,77.0,3.5,0.5,14.0,153.614,0.281,0.2,36863788.5
2026-08-31T20:20:31,1.0,6429,1547350,1529369,0.4,0.00,4.10,0.00,16.39,0.00,0.00,0.00,10721.0,95830.0,84630.0,77.0,7.5,0.5,40.5,147.471,0.304,0.2,39594947.0
2026-08-31T20:20:31,1.4,6430,1547350,1529368,0.4,0.00,3.89,0.00,15.56,0.00,0.00,0.00,10721.0,95830.0,84630.0,81.0,3.0,0.5,18.0,149.630,0.304,0.2,39594947.0
2026-08-31T20:20:32,1.3,6429,1547350,1529369,0.4,0.00,3.94,0.00,15.75,0.00,0.00,0.00,10721.0,95830.0,84630.0,81.0,6.5,0.5,36.5,162.712,0.304,0.2,39539281.5
2026-08-31T20:20:32,0.7,6429,1547350,1529369,0.4,0.00,2.95,0.00,11.80,0.00,0.00,0.00,10721.0,95830.0,84630.0,81.0,0.0,0.5,0.5,139.022,0.304,0.2,39539281.5
2026-08-31T20:20:32,1.4,6430,1547350,1529368,0.4,0.00,25.42,0.00,118.64,0.00,0.17,0.00,10721.0,95830.0,84630.0,56.0,3.5,0.5,20.0,146.930,0.283,0.2,36244005.5
2026-08-31T20:20:33,0.5,6429,1547350,1529369,0.4,0.00,3.58,0.00,14.34,0.00,0.00,0.00,10721.0,95830.0,84630.0,56.0,0.0,0.5,0.0,131.348,0.283,0.2,36244005.5
2026-08-31T20:20:33,1.3,6429,1547350,1529369,0.4,0.00,2.64,0.00,10.55,0.00,0.00,0.00,10721.0,95830.0,84630.0,56.0,7.0,0.5,40.0,147.015,0.283,0.2,36212454.5
2026-08-31T20:20:33,1.3,6428,1547350,1529370,0.4,0.00,4.13,0.00,16.53,0.00,0.00,0.00,10721.0,95830.0,84630.0,56.0,7.0,0.5,40.0,151.135,0.283,0.2,36212454.5
2026-08-31T20:20:33,1.1,6429,1547350,1529369,0.4,0.00,4.10,0.00,16.39,0.00,0.00,0.00,10721.0,95830.0,84630.0,80.0,2.5,0.5,12.0,160.218,0.271,0.2,38474593.5
2026-08-31T20:20:34,1.1,6429,1547350,1529369,0.4,0.00,2.25,0.00,9.01,0.00,0.00,0.00,10721.0,95830.0,84630.0,80.0,7.0,0.5,19.0,151.746,0.271,0.2,38474593.5
2026-08-31T20:20:34,1.1,6430,1547350,1529368,0.4,0.00,3.94,0.00,15.75,0.00,0.00,0.00,10721.0,95830.0,84630.0,80.0,2.0,0.5,10.0,141.632,0.271,0.2,38475537.0
2026-08-31T20:20:34,1.3,6429,1547350,1529369,0.4,0.00,3.70,0.00,14.81,0.00,0.00,0.00,10721.0,95830.0,84630.0,20.0,9.5,0.5,43.5,157.274,0.271,0.2,38475537.0
2026-08-31T20:20:35,1.3,6430,1547350,1529368,0.4,0.00,2.29,0.00,9.15,0.00,0.00,0.00,10721.0,95830.0,84630.0,20.0,7.5,0.5,40.5,164.623,0.299,0.2,36320352.5
2026-08-31T20:20:35,1.4,6430,1547350,1529368,0.4,0.00,3.77,0.00,15.09,0.00,0.00,0.00,10721.0,95830.0,84630.0,20.0,7.5,0.5,40.5,176.309,0.299,0.2,36320352.5
2026-08-31T20:20:35,1.4,6430,1547350,1529368,0.4,0.00,4.12,0.00,16.46,0.00,0.00,0.00,10721.0,95830.0,84630.0,81.0,7.5,0.5,41.0,173.482,0.299,0.2,36297008.0
2026-08-31T20:20:36,0.9,6431,1547350,1529367,0.4,0.00,4.02,0.00,16.06,0.00,0.00,0.00,10721.0,95830.0,84630.0,81.0,2.0,0.5,11.0,161.725,0.299,0.2,36297008.0
2026-08-31T20:20:36,1.4,6431,1547350,1529367,0.4,0.00,3.46,0.00,13.84,0.00,0.00,0.00,10721.0,95830.0,84630.0,81.0,8.5,0.5,37.5,161.684,0.347,0.2,55471893.5
2026-08-31T20:20:36,1.0,6431,1547350,1529367,0.4,0.00,4.08,0.00,16.33,0.00,0.00,0.00,10721.0,95830.0,84630.0,43.0,3.5,0.5,21.5,149.179,0.347,0.2,55471893.5
2026-08-31T20:20:36,1.3,6430,1547350,1529368,0.4,0.00,2.80,0.00,11.20,0.00,0.00,0.00,10721.0,95830.0,84630.0,43.0,7.0,0.5,29.5,152.978,0.347,0.2,55556302.0
2026-08-31T20:20:37,1.1,6429,1547350,1529369,0.4,0.00,4.26,0.00,17.02,0.00,0.00,0.00,10721.0,95830.0,84630.0,43.0,8.5,0.5,37.0,153.331,0.284,0.2,34985436.0
2026-08-31T20:20:37,1.3,6430,1547350,1529368,0.4,0.00,2.02,0.00,8.06,0.00,0.00,0.00,10721.0,95830.0,84630.0,43.0,7.5,0.5,40.5,165.872,0.284,0.2,34985436.0
2026-08-31T20:20:37,1.4,6430,1547350,1529368,0.4,0.00,4.00,0.00,16.00,0.00,0.00,0.00,10721.0,95830.0,84630.0,81.0,7.5,0.5,40.5,163.452,0.284,0.2,34985436.0
2026-08-31T20:20:38,1.3,6429,1547350,1529369,0.4,0.00,4.08,0.00,16.33,0.00,0.00,0.00,10721.0,95830.0,84630.0,81.0,7.5,0.5,41.0,174.939,0.284,0.2,34921955.5
2026-08-31T20:20:38,1.0,6429,1547350,1529369,0.4,0.00,3.41,0.00,13.65,0.00,0.00,0.00,10721.0,95830.0,84630.0,81.0,3.5,0.5,20.5,161.932,0.345,0.2,53233413.5
2026-08-31T20:20:38,1.3,6428,1547350,1529370,0.4,0.00,3.44,0.00,13.75,0.00,0.00,0.00,10721.0,95830.0,84630.0,63.0,7.5,0.5,31.5,163.599,0.345,0.2,53233413.5
2026-08-31T20:20:39,1.4,6428,1547350,1529370,0.4,0.00,4.13,0.00,16.53,0.00,0.00,0.00,10721.0,95830.0,84630.0,63.0,7.0,0.5,40.0,163.303,0.345,0.2,53233413.5
2026-08-31T20:20:39,1.3,6427,1547350,1529371,0.4,0.00,2.75,0.00,11.02,0.00,1.00,0.00,10721.0,95830.0,84630.0,63.0,7.0,0.5,39.5,162.970,0.345,0.2,53249430.0
2026-08-31T20:20:39,1.3,6428,1547350,1529370,0.4,0.00,4.05,0.00,16.19,0.00,0.00,0.00,10721.0,95830.0,84630.0,63.0,5.5,0.5,30.0,168.014,0.386,0.2,57252085.0
2026-08-31T20:20:39,0.4,6429,1547350,1529369,0.4,0.00,3.36,0.00,13.42,0.00,0.00,0.00,10721.0,95830.0,84630.0,60.0,0.0,0.5,0.0,135.475,0.386,0.2,57252085.0
2026-08-31T20:20:40,1.0,6429,1547350,1529369,0.4,0.00,2.16,0.00,8.66,0.00,0.00,0.00,10721.0,95830.0,84630.0,60.0,1.5,0.5,8.5,127.159,0.386,0.2,57226937.5
2026-08-31T20:20:40,1.4,6430,1547350,1529368,0.4,0.00,3.48,0.00,13.94,0.00,0.00,0.00,10721.0,95830.0,84630.0,60.0,9.0,0.5,42.5,134.342,0.180,0.1,19634004.0
2026-08-31T20:20:40,1.0,6429,1547350,1529369,0.4,0.00,4.10,0.00,16.39,0.00,0.00,0.00,10721.0,95830.0,84630.0,17.0,6.0,0.5,34.0,144.858,0.180,0.1,19634004.0
2026-08-31T20:20:41,1.3,6429,1547350,1529369,0.4,0.00,3.27,0.00,13.07,0.00,0.00,0.00,10721.0,95830.0,84630.0,17.0,7.5,0.5,40.0,152.670,0.180,0.1,19634004.0
2026-08-31T20:20:41,1.6,6428,1547350,1529370,0.4,0.00,3.70,0.00,14.81,0.00,0.00,0.00,10721.0,95830.0,84630.0,17.0,7.0,0.5,40.0,150.732,0.180,0.1,19659923.5
2026-08-31T20:20:41,1.0,6429,1547350,1529369,0.4,0.00,2.71,0.00,10.84,0.00,0.00,0.00,10721.0,95830.0,84630.0,80.0,9.0,0.5,42.5,156.767,0.299,0.2,38936105.0
2026-08-31T20:20:42,1.3,6427,1547350,1529371,0.4,0.00,35.71,0.00,371.03,0.00,0.00,0.00,10721.0,95830.0,84630.0,80.0,3.0,0.5,17.0,150.673,0.299,0.2,38936105.0
2026-08-31T20:20:42,1.1,6429,1547350,1529369,0.4,0.00,2.39,0.00,9.55,0.00,0.00,0.00,10721.0,95830.0,84630.0,80.0,9.0,0.5,36.5,162.671,0.299,0.2,38936105.0
2026-08-31T20:20:42,1.3,6427,1547350,1529371,0.4,0.00,3.95,0.00,15.81,0.00,0.00,0.00,10721.0,95830.0,84630.0,73.0,7.0,0.5,40.0,163.347,0.299,0.2,38932881.0
2026-08-31T20:20:43,0.5,6428,1547350,1529370,0.4,0.00,6.85,0.00,27.40,0.00,0.00,0.00,10721.0,95830.0,84630.0,73.0,0.0,0.5,0.0,140.229,0.264,0.2,36360666.0
2026-08-31T20:20:43,1.4,6427,1547350,1529371,0.4,0.00,3.19,0.00,12.78,0.00,1.00,0.00,10721.0,95830.0,84630.0,73.0,8.5,0.5,37.5,151.036,0.264,0.2,36360666.0
2026-08-31T20:20:43,1.4,6427,1547350,1529371,0.4,0.00,3.95,0.00,15.81,0.00,0.00,0.00,10721.0,95830.0,84630.0,73.0,7.0,0.5,40.0,148.523,0.264,0.2,36360666.0
2026-08-31T20:20:43,0.5,6428,1547350,1529370,0.4,0.00,3.12,0.00,12.50,0.00,0.00,0.31,10721.0,95830.0,84630.0,80.0,0.5,0.5,2.5,143.227,0.264,0.2,36385366.5
2026-08-31T20:20:44,1.4,6428,1547350,1529370,0.4,0.00,3.88,0.00,15.50,0.00,0.00,0.00,10721.0,95830.0,84630.0,80.0,7.5,0.5,39.5,150.689,0.293,0.2,38382257.0
2026-08-31T20:20:44,1.3,6427,1547350,1529371,0.4,0.00,3.27,0.00,13.07,0.00,0.00,0.00,10721.0,95830.0,84630.0,80.0,7.0,0.5,40.0,150.675,0.293,0.2,38382257.0
2026-08-31T20:20:44,1.3,6427,1547350,1529371,0.4,0.00,4.02,0.00,16.06,0.00,0.00,0.00,10721.0,95830.0,84630.0,80.0,3.0,0.5,17.0,159.162,0.293,0.2,38382257.0
2026-08-31T20:20:45,0.8,6432,1547350,1529366,0.4,0.00,2.83,0.00,11.33,0.00,0.00,0.00,10721.0,95830.0,84630.0,80.0,0.5,0.5,4.5,149.562,0.273,0.2,35761878.5
2026-08-31T20:20:45,0.8,6433,1547350,1529365,0.4,0.00,1.56,0.00,6.26,0.00,0.00,0.00,10721.0,95830.0,84630.0,73.0,0.5,0.5,4.0,132.185,0.273,0.2,35761878.5
2026-08-31T20:20:46,1.4,6433,1547350,1529365,0.4,0.00,4.10,0.00,16.39,0.00,0.00,0.00,10721.0,95830.0,84630.0,73.0,4.5,0.5,19.0,138.021,0.273,0.2,35761878.5
2026-08-31T20:20:46,0.8,6433,1547350,1529365,0.4,0.00,3.97,0.00,15.87,0.00,0.00,0.00,10721.0,95830.0,84630.0,73.0,1.5,0.5,10.0,138.518,0.273,0.2,35761878.5
2026-08-31T20:20:46,1.7,6434,1547350,1529364,0.4,0.00,3.75,0.00,14.98,0.00,0.00,0.00,10721.0,95830.0,84630.0,73.0,8.0,0.5,35.0,145.745,0.214,0.1,25374801.0
2026-08-31T20:20:46,1.0,6434,1547350,1529364,0.4,0.00,2.81,0.00,11.24,0.00,0.00,0.00,10721.0,95830.0,84630.0,70.0,9.0,0.5,42.0,150.305,0.214,0.1,25374801.0
2026-08-31T20:20:47,1.3,6434,1547350,1529364,0.4,0.00,4.20,0.00,16.81,0.00,0.00,0.00,10721.0,95830.0,84630.0,70.0,9.0,0.5,42.0,150.225,0.214,0.1,25374801.0
2026-08-31T20:20:47,1.2,6433,1547350,1529365,0.4,0.00,6.45,0.00,25.81,0.00,0.00,0.00,10721.0,95830.0,84630.0,70.0,6.0,0.5,33.5,151.780,0.214,0.1,25374801.0
2026-08-31T20:20:47,1.4,6433,1547350,1529365,0.4,0.00,3.10,0.00,12.38,0.00,0.00,0.00,10721.0,95830.0,84630.0,70.0,5.5,0.5,20.5,165.251,0.214,0.1,25374801.0
2026-08-31T20:20:47,1.3,6433,1547350,1529365,0.4,0.00,4.35,0.00,17.39,0.00,0.00,0.00,10721.0,95830.0,84630.0,41.0,7.5,0.5,40.5,164.139,0.350,0.2,46531227.0
2026-08-31T20:20:48,1.4,6433,1547350,1529365,0.4,0.00,4.22,0.00,16.88,0.00,0.00,0.00,10721.0,95830.0,84630.0,41.0,7.5,0.5,40.5,162.195,0.350,0.2,46531227.0
2026-08-31T20:20:48,0.6,6435,1547350,1529363,0.4,0.00,5.57,0.00,22.28,0.00,0.00,0.00,10721.0,95830.0,84630.0,41.0,2.0,0.5,10.5,148.400,0.350,0.2,46531227.0
2026-08-31T20:20:48,1.3,6435,1547350,1529363,0.4,0.00,4.07,0.00,16.26,0.00,0.00,0.00,10721.0,95830.0,84630.0,41.0,1.0,0.5,3.5,148.876,0.350,0.2,46531227.0
2026-08-31T20:20:48,1.0,6434,1547350,1529364,0.4,0.00,4.18,0.00,16.74,0.00,0.00,0.00,10721.0,95830.0,84630.0,7.0,6.5,0.5,36.5,137.466,0.256,0.2,38162708.0
2026-08-31T20:20:49,1.3,6435,1547350,1529363,0.4,0.00,3.10,0.00,12.38,0.00,0.00,0.00,10721.0,95830.0,84630.0,7.0,8.0,0.5,41.5,152.151,0.256,0.2,38162708.0
2026-08-31T20:20:49,1.0,6434,1547350,1529364,0.4,0.00,2.82,0.00,11.30,0.00,0.00,0.00,10721.0,95830.0,84630.0,7.0,1.5,0.5,8.5,152.637,0.256,0.2,38162708.0
2026-08-31T20:20:49,1.3,6434,1547350,1529364,0.4,0.00,3.91,0.00,15.62,0.00,0.00,0.00,10721.0,95830.0,84630.0,17.0,9.5,0.5,42.5,151.945,0.256,0.2,38162708.0
2026-08-31T20:20:50,0.6,6434,1547350,1529364,0.4,0.00,3.39,0.00,13.56,0.00,0.00,0.00,10721.0,95830.0,84630.0,17.0,0.0,0.5,0.0,128.882,0.218,0.1,27785626.5
2026-08-31T20:20:50,0.9,6434,1547350,1529364,0.4,0.00,2.43,0.00,9.73,0.00,1.00,0.00,10721.0,95830.0,84630.0,17.0,8.0,0.5,32.5,139.323,0.218,0.1,27785626.5
2026-08-31T20:20:50,1.4,6434,1547350,1529364,0.4,0.00,3.79,0.00,15.15,0.00,0.00,0.00,10721.0,95830.0,84630.0,65.0,7.5,0.5,41.0,140.851,0.218,0.1,27785626.5
2026-08-31T20:20:51,1.3,6434,1547350,1529364,0.4,0.00,4.13,0.00,16.53,0.00,0.00,0.00,10721.0,95830.0,84630.0,65.0,7.5,0.5,40.5,156.809,0.218,0.1,27785626.5
2026-08-31T20:20:51,1.4,6433,1547350,1529365,0.4,0.00,3.97,0.00,15.87,0.00,0.00,0.00,10721.0,95830.0,84630.0,65.0,7.5,0.5,40.5,176.977,0.408,0.3,60956847.5
2026-08-31T20:20:51,0.6,6433,1547350,1529365,0.4,0.00,2.68,0.00,10.72,0.00,0.00,0.00,10721.0,95830.0,84630.0,65.0,4.5,0.5,26.5,151.010,0.408,0.3,60956847.5
2026-08-31T20:20:51,1.3,6433,1547350,1529365,0.4,0.00,4.12,0.00,16.46,0.00,0.00,0.00,10721.0,95830.0,84630.0,53.0,8.5,0.5,36.0,151.484,0.408,0.3,60956847.5
2026-08-31T20:20:52,0.9,6433,1547350,1529365,0.4,0.00,3.12,0.00,12.46,0.00,0.00,0.00,10721.0,95830.0,84630.0,53.0,7.0,0.5,40.0,133.783,0.408,0.3,60956847.5
2026-08-31T20:20:52,1.1,6433,1547350,1529365,0.4,0.00,3.23,0.00,12.90,0.00,0.00,0.00,10721.0,95830.0,84630.0,53.0,7.0,0.5,32.5,143.319,0.195,0.1,23710516.0
2026-08-31T20:20:52,1.3,6432,1547350,1529366,0.4,0.00,2.75,0.00,11.02,0.00,0.00,0.00,10721.0,95830.0,84630.0,65.0,9.0,0.5,41.5,146.145,0.195,0.1,23710516.0
2026-08-31T20:20:53,1.3,6432,1547350,1529366,0.4,0.00,4.03,0.00,16.13,0.00,0.00,0.00,10721.0,95830.0,84630.0,65.0,7.0,0.5,39.5,153.070,0.195,0.1,23710516.0
2026-08-31T20:20:53,0.7,6432,1547350,1529366,0.4,0.00,2.58,0.00,10.34,0.00,0.00,0.00,10721.0,95830.0,84630.0,65.0,0.5,0.5,3.0,145.230,0.195,0.1,23710516.0
2026-08-31T20:20:53,1.0,6433,1547350,1529365,0.4,0.00,3.98,0.00,15.94,0.00,0.00,0.00,10721.0,95830.0,84630.0,6.0,5.5,0.5,20.5,140.363,0.263,0.2,33020422.5
2026-08-31T20:20:54,1.4,6433,1547350,1529365,0.4,0.00,2.84,0.00,11.36,0.00,0.00,0.00,10721.0,95830.0,84630.0,6.0,7.0,0.5,30.5,142.148,0.263,0.2,33020422.5
2026-08-31T20:20:54,0.6,6433,1547350,1529365,0.4,0.00,2.82,0.00,11.27,0.00,0.00,0.00,10721.0,95830.0,84630.0,6.0,5.5,0.5,0.0,141.050,0.263,0.2,33020422.5
2026-08-31T20:20:54,1.5,6434,1547350,1529364,0.4,0.00,4.05,0.00,16.19,0.00,0.00,0.00,10721.0,95830.0,84630.0,0.0,7.5,0.5,29.5,140.562,0.263,0.2,33020422.5
2026-08-31T20:20:55,0.6,6435,1547350,1529363,0.4,0.00,3.26,0.00,13.03,0.00,0.00,0.00,10721.0,95830.0,84630.0,0.0,4.5,0.5,24.0,128.175,0.195,0.1,23626503.0
2026-08-31T20:20:55,1.3,6434,1547350,1529364,0.4,0.00,3.89,0.00,15.56,0.00,0.00,0.00,10721.0,95830.0,84630.0,0.0,9.0,0.5,42.0,153.067,0.195,0.1,23626503.0
2026-08-31T20:20:55,1.3,6434,1547350,1529364,0.4,0.00,2.46,0.00,9.85,0.00,0.00,0.00,10721.0,95830.0,84630.0,81.0,7.5,0.5,41.0,153.355,0.195,0.1,23626503.0
2026-08-31T20:20:55,1.0,6434,1547350,1529364,0.4,0.00,4.08,0.00,16.33,0.00,0.00,0.00,10721.0,95830.0,84630.0,81.0,7.0,0.5,38.0,157.602,0.195,0.1,23626503.0
2026-08-31T20:20:56,1.1,6434,1547350,1529364,0.4,0.00,3.75,0.00,14.98,0.00,0.00,0.00,10721.0,95830.0,84630.0,81.0,6.5,0.5,29.5,152.257,0.308,0.2,40870121.5
2026-08-31T20:20:56,1.4,6434,1547350,1529364,0.4,0.00,2.89,0.00,11.56,0.00,0.00,0.00,10721.0,95830.0,84630.0,81.0,6.0,0.5,23.5,154.346,0.308,0.2,40870121.5
2026-08-31T20:20:56,1.0,6434,1547350,1529364,0.4,0.00,4.00,0.00,16.00,0.00,0.00,0.00,10721.0,95830.0,84630.0,47.0,7.5,0.5,40.5,146.404,0.308,0.2,40870121.5
2026-08-31T20:20:57,1.3,6433,1547350,1529365,0.4,0.00,3.92,0.00,15.69,0.00,0.00,0.00,10721.0,95830.0,84630.0,47.0,1.0,0.5,5.5,154.643,0.308,0.2,40870121.5
2026-08-31T20:20:57,1.4,6432,1547350,1529366,0.4,0.00,4.08,0.00,16.33,0.00,0.00,0.00,10721.0,95830.0,84630.0,47.0,7.0,0.5,39.5,165.138,0.308,0.2,40870121.5
2026-08-31T20:20:57,1.4,6433,1547350,1529365,0.4,0.00,3.72,0.00,14.87,0.00,1.00,0.00,10721.0,95830.0,84630.0,47.0,7.0,0.5,40.0,161.179,0.349,0.2,46912290.0
2026-08-31T20:20:57,1.3,6433,1547350,1529365,0.4,0.00,4.42,0.00,17.70,0.00,0.00,0.00,10721.0,95830.0,84630.0,80.0,7.0,0.5,40.0,174.589,0.349,0.2,46912290.0
2026-08-31T20:20:58,1.3,6432,1547350,1529366,0.4,0.00,3.92,0.00,15.69,0.00,0.00,0.00,10721.0,95830.0,84630.0,80.0,7.0,0.5,40.0,172.178,0.349,0.2,46912290.0
2026-08-31T20:20:58,1.3,6432,1547350,1529366,0.4,0.00,8.16,0.00,48.98,0.00,0.00,0.00,10721.0,95830.0,84630.0,80.0,7.0,0.5,40.0,166.657,0.349,0.2,46975124.0
2026-08-31T20:20:58,0.5,6432,1547350,1529366,0.4,0.00,3.32,0.00,13.29,0.00,0.00,0.00,10721.0,95830.0,84630.0,80.0,3.0,0.5,18.5,151.435,0.287,0.2,45202697.5
2026-08-31T20:20:58,1.3,6432,1547350,1529366,0.4,0.00,4.02,0.00,16.06,0.00,0.00,0.00,10721.0,95830.0,84630.0,37.0,0.5,0.5,2.0,152.058,0.287,0.2,45202697.5
2026-08-31T20:20:59,0.5,6433,1547350,1529365,0.4,0.00,2.82,0.00,11.27,0.00,0.00,0.00,10721.0,95830.0,84630.0,37.0,0.0,0.5,21.5,123.545,0.287,0.2,45095317.5
2026-08-31T20:20:59,1.3,6435,1547350,1529363,0.4,0.00,2.60,0.00,10.39,0.00,0.00,0.00,10721.0,95830.0,84630.0,37.0,7.0,0.5,39.0,141.321,0.287,0.2,45095317.5
2026-08-31T20:20:59,1.3,6437,1547350,1529361,0.4,0.00,3.70,0.00,14.81,0.00,0.00,0.00,10721.0,95830.0,84630.0,78.0,7.0,0.5,39.0,139.358,0.260,0.2,32383276.5
2026-08-31T20:21:00,1.1,6436,1547350,1529362,0.4,0.00,4.22,0.00,16.88,0.00,0.00,0.00,10721.0,95830.0,84630.0,78.0,4.5,0.5,24.5,142.207,0.260,0.2,32383276.5
2026-08-31T20:21:00,0.9,6436,1547350,1529362,0.4,0.00,3.42,0.00,13.70,0.00,0.00,0.00,10721.0,95830.0,84630.0,78.0,2.5,0.5,15.0,146.490,0.260,0.2,32444641.0
2026-08-31T20:21:00,1.4,6437,1547350,1529361,0.4,0.00,2.58,0.00,10.34,0.00,0.00,0.00,10721.0,95830.0,84630.0,43.0,4.5,0.5,25.0,135.103,0.232,0.2,25791991.0
2026-08-31T20:21:01,0.9,6442,1547350,1529356,0.4,0.00,2.77,0.00,11.08,0.00,0.00,0.00,10721.0,95830.0,84630.0,43.0,2.0,0.5,11.5,136.365,0.232,0.2,25791991.0
2026-08-31T20:21:01,1.3,6443,1547350,1529355,0.4,0.00,2.09,0.00,8.37,0.00,0.00,0.00,10721.0,95830.0,84630.0,43.0,7.0,0.5,37.5,146.116,0.232,0.2,25728299.0
2026-08-31T20:21:01,0.9,6442,1547350,1529356,0.4,0.00,4.07,0.00,16.26,0.00,0.00,0.00,10721.0,95830.0,84630.0,75.0,3.0,0.5,16.5,143.324,0.232,0.2,25728299.0
2026-08-31T20:21:02,1.4,6440,1547350,1529358,0.4,0.00,4.08,0.00,16.33,0.00,0.00,0.00,10721.0,95830.0,84630.0,75.0,7.5,0.5,33.5,144.152,0.236,0.2,25674146.0
2026-08-31T20:21:02,1.3,6440,1547350,1529358,0.4,0.00,2.76,0.00,11.05,0.00,0.00,0.00,10721.0,95830.0,84630.0,75.0,7.0,0.5,39.5,160.876,0.236,0.2,25674146.0
2026-08-31T20:21:02,1.1,6442,1547350,1529356,0.4,0.00,4.18,0.00,16.74,0.00,0.00,0.00,10721.0,95830.0,84630.0,70.0,3.5,0.5,14.5,157.302,0.236,0.2,25666723.5
2026-08-31T20:21:03,1.0,6441,1547350,1529357,0.4,0.00,3.18,0.00,12.74,0.00,0.00,0.00,10721.0,95830.0,84630.0,70.0,4.5,0.5,22.5,150.871,0.236,0.2,25666723.5
2026-08-31T20:21:03,1.5,6442,1547350,1529357,0.4,0.00,3.13,0.00,12.54,0.00,0.00,0.00,10721.0,95830.0,84630.0,70.0,3.0,0.5,18.5,140.757,0.275,0.2,38396469.0
2026-08-31T20:21:03,1.1,6441,1547350,1529357,0.4,0.00,2.70,0.00,10.81,0.00,0.00,0.00,10721.0,95830.0,84630.0,67.0,2.0,0.5,12.5,144.042,0.275,0.2,38435283.5
2026-08-31T20:21:04,1.0,6440,1547350,1529358,0.4,0.00,2.66,0.00,10.64,0.00,0.00,0.00,10721.0,95830.0,84630.0,67.0,9.0,0.5,39.5,155.933,0.275,0.2,38435283.5
2026-08-31T20:21:04,1.4,6440,1547350,1529358,0.4,0.00,3.98,0.00,15.94,0.00,0.00,0.00,10721.0,95830.0,84630.0,67.0,7.0,0.5,39.0,162.882,0.275,0.2,38435283.5
2026-08-31T20:21:04,1.3,6442,1547350,1529356,0.4,0.00,3.94,0.00,15.75,0.00,1.00,0.00,10721.0,95830.0,84630.0,67.0,7.5,0.5,39.5,163.767,0.349,0.2,46000646.0
2026-08-31T20:21:04,1.4,6442,1547350,1529356,0.4,0.00,4.07,0.00,16.26,0.00,0.00,0.00,10721.0,95830.0,84630.0,79.0,7.0,0.5,39.0,174.985,0.349,0.2,46000646.0
2026-08-31T20:21:05,1.4,6443,1547350,1529355,0.4,0.00,4.26,0.00,17.02,0.00,0.00,0.00,10721.0,95830.0,84630.0,79.0,7.0,0.5,39.0,172.515,0.349,0.2,46035425.0
2026-08-31T20:21:05,1.3,6444,1547350,1529354,0.4,0.00,2.41,0.00,9.64,0.00,0.00,0.00,10721.0,95830.0,84630.0,79.0,7.0,0.5,39.0,171.808,0.387,0.2,61072887.0
2026-08-31T20:21:05,1.3,6444,1547350,1529354,0.4,0.00,2.59,0.00,10.36,0.00,0.00,0.00,10721.0,95830.0,84630.0,78.0,7.5,0.5,40.5,173.154,0.387,0.2,61072887.0
2026-08-31T20:21:06,1.0,6448,1547350,1529351,0.4,0.00,0.93,0.00,3.73,0.00,0.00,0.00,10721.0,95830.0,84630.0,39.0,1.5,0.5,8.5,134.720,0.252,0.2,32649078.5
2026-08-31T20:21:08,1.1,6447,1547350,1529351,0.4,0.00,0.87,0.00,3.49,0.00,0.00,0.00,10721.0,95830.0,84630.0,34.0,9.5,0.5,42.0,154.125,0.292,0.2,32754241.0
2026-08-31T20:21:08,1.2,6448,1547350,1529350,0.4,0.00,1.19,0.00,4.77,0.00,0.00,0.00,10721.0,95830.0,84630.0,78.0,7.5,0.5,40.5,177.172,0.292,0.2,32754241.0
2026-08-31T20:21:09,1.0,6446,1547350,1529352,0.4,0.00,1.04,0.00,4.15,0.00,0.00,0.00,10721.0,95830.0,84630.0,14.0,9.0,0.5,43.0,155.414,0.348,0.2,51911948.0
2026-08-31T20:21:10,0.8,6447,1547350,1529351,0.4,0.00,1.01,0.00,4.04,0.00,0.00,0.00,10721.0,95830.0,84630.0,80.0,2.0,0.5,10.5,130.244,0.348,0.2,51911948.0
2026-08-31T20:21:11,1.1,6444,1547350,1529354,0.4,0.00,0.98,0.00,3.94,0.00,0.00,0.00,10721.0,95830.0,84630.0,14.0,9.5,0.5,43.0,152.333,0.227,0.1,27824948.0
2026-08-31T20:21:13,1.1,6443,1547350,1529355,0.4,0.00,10.96,0.00,69.86,0.00,0.08,0.00,10721.0,95830.0,84630.0,79.0,7.0,0.5,38.5,160.572,0.345,0.2,45230728.0
2026-08-31T20:21:13,1.0,6443,1547350,1529355,0.4,0.00,1.11,0.00,4.43,0.00,0.00,0.00,10721.0,95830.0,84630.0,29.0,2.5,0.5,15.5,148.490,0.345,0.2,45230728.0
2026-08-31T20:21:14,1.0,6442,1547350,1529356,0.4,0.00,1.00,0.00,3.98,0.00,0.00,0.00,10721.0,95830.0,84630.0,1.0,9.5,0.5,43.5,149.808,0.271,0.2,34676002.5
2026-08-31T20:21:15,1.1,6443,1547350,1529355,0.4,0.00,1.01,0.00,4.02,0.00,0.00,0.00,10721.0,95830.0,84630.0,78.0,7.0,0.5,40.0,162.444,0.348,0.2,55183152.0
2026-08-31T20:21:17,1.0,6443,1547350,1529355,0.4,0.00,0.95,0.00,3.78,0.00,0.00,0.00,10721.0,95830.0,84630.0,75.0,3.5,0.5,15.0,152.306,0.348,0.2,55183152.0
2026-08-31T20:21:17,1.1,6443,1547350,1529355,0.4,0.00,1.06,0.00,4.24,0.00,0.00,0.00,10721.0,95830.0,84630.0,76.0,2.5,0.5,15.5,158.754,0.294,0.2,38531975.0
2026-08-31T20:21:18,0.9,6444,1547350,1529354,0.4,0.00,1.00,0.00,3.99,0.00,0.00,0.00,10721.0,95830.0,84630.0,78.0,3.0,0.5,16.5,144.562,0.236,0.2,27981131.0
2026-08-31T20:21:19,1.1,6443,1547350,1529355,0.4,0.00,0.98,0.00,3.93,0.00,0.00,0.00,10721.0,95830.0,84630.0,79.0,4.0,0.5,16.0,162.932,0.340,0.2,48908625.5
2026-08-31T20:21:20,1.2,6443,1547350,1529355,0.4,0.00,1.03,0.00,4.13,0.00,0.00,0.00,10721.0,95830.0,84630.0,79.0,7.0,0.5,39.0,171.531,0.340,0.2,48908625.5
2026-08-31T20:21:22,1.1,6443,1547350,1529355,0.4,0.00,0.94,0.00,3.74,0.00,0.00,0.09,10721.0,95830.0,84630.0,86.0,6.0,0.5,34.0,151.355,0.340,0.2,50740260.0
2026-08-31T20:21:22,1.2,6442,1547350,1529356,0.4,0.00,1.06,0.00,4.23,0.00,0.00,0.00,10721.0,95830.0,84630.0,80.0,7.0,0.5,40.0,169.543,0.340,0.2,50740260.0
2026-08-31T20:21:23,1.1,6443,1547350,1529355,0.4,0.00,1.00,0.00,4.00,0.00,0.00,0.00,10721.0,95830.0,84630.0,38.0,5.5,0.5,31.0,150.141,0.326,0.2,45620524.0
2026-08-31T20:21:24,1.2,6443,1547350,1529355,0.4,0.00,1.00,0.00,4.00,0.00,0.00,0.00,10721.0,95830.0,84630.0,80.0,7.0,0.5,38.5,170.592,0.382,0.2,55420337.5
2026-08-31T20:21:25,1.0,6442,1547350,1529356,0.4,0.00,1.02,0.00,4.07,0.00,0.00,0.00,10721.0,95830.0,84630.0,12.0,5.5,0.5,21.5,153.577,0.382,0.2,55420337.5
2026-08-31T20:21:27,0.9,6442,1547350,1529356,0.4,0.00,0.88,0.00,3.54,0.00,0.00,0.00,10721.0,95830.0,84630.0,61.0,4.0,0.5,22.0,137.784,0.259,0.2,33308084.0
2026-08-31T20:21:27,1.2,6441,1547350,1529357,0.4,0.00,1.13,0.00,4.51,0.00,0.00,0.00,10721.0,95830.0,84630.0,82.0,7.0,0.5,39.0,166.528,0.259,0.2,33308084.0
2026-08-31T20:21:29,1.1,6440,1547350,1529358,0.4,0.00,1.75,0.00,7.01,0.00,0.00,0.00,10721.0,95830.0,84630.0,19.0,7.0,0.5,38.5,161.950,0.329,0.2,46880026.5
2026-08-31T20:21:29,1.1,6441,1547350,1529357,0.4,0.00,1.14,0.00,4.58,0.00,1.00,0.00,10721.0,95830.0,84630.0,76.0,6.0,0.5,34.0,158.498,0.329,0.2,46880026.5
2026-08-31T20:21:30,0.8,6441,1547350,1529357,0.4,0.00,1.02,0.00,4.09,0.00,0.00,0.10,10721.0,95830.0,84630.0,54.0,4.0,0.5,21.5,136.837,0.221,0.1,24951981.0
2026-08-31T20:21:32,1.0,6441,1547350,1529357,0.4,0.00,0.88,0.00,3.52,0.00,0.00,0.00,10721.0,95830.0,84630.0,15.0,1.5,0.5,7.5,141.230,0.237,0.2,23980221.5
2026-08-31T20:21:32,1.1,6441,1547350,1529357,0.4,0.00,1.15,0.00,4.60,0.00,0.00,0.00,10721.0,95830.0,84630.0,19.0,9.5,0.5,42.5,152.469,0.237,0.2,23980221.5
2026-08-31T20:21:33,0.9,6442,1547350,1529356,0.4,0.00,0.98,0.00,3.94,0.00,0.00,0.00,10721.0,95830.0,84630.0,74.0,2.0,0.5,8.5,150.913,0.274,0.2,31640827.0
2026-08-31T20:21:34,0.9,6442,1547350,1529356,0.4,0.00,6.10,0.00,24.42,0.00,0.00,0.00,10721.0,95830.0,84630.0,43.0,4.0,0.5,22.0,140.829,0.274,0.2,31640827.0
2026-08-31T20:21:35,1.1,6443,1547350,1529355,0.4,0.00,1.01,0.00,4.04,0.00,0.00,0.00,10721.0,95830.0,84630.0,79.0,1.5,0.5,8.5,157.668,0.268,0.2,34015071.0
2026-08-31T20:21:36,1.0,6443,1547350,1529355,0.4,0.00,0.98,0.00,3.91,0.00,0.00,0.00,10721.0,95830.0,84630.0,17.0,9.0,0.5,39.5,145.818,0.240,0.2,26324644.0
2026-08-31T20:21:37,1.1,6443,1547350,1529355,0.4,0.00,1.01,0.00,4.05,0.00,0.00,0.00,10721.0,95830.0,84630.0,31.0,2.0,0.5,11.5,150.748,0.284,0.2,35992399.5
2026-08-31T20:21:38,1.0,6442,1547350,1529356,0.4,0.00,0.98,0.00,3.93,0.00,0.00,0.00,10721.0,95830.0,84630.0,85.0,9.0,0.5,40.0,143.217,0.249,0.2,24540929.0
2026-08-31T20:21:39,1.0,6443,1547350,1529355,0.4,0.00,1.02,0.00,4.07,0.00,1.00,0.00,10721.0,95830.0,84630.0,28.0,7.5,0.5,36.5,142.414,0.249,0.2,24540929.0
2026-08-31T20:21:40,1.0,6443,1547350,1529355,0.4,0.00,1.01,0.00,4.05,0.00,0.00,0.00,10721.0,95830.0,84630.0,84.0,1.0,0.5,7.5,158.562,0.264,0.2,26552870.0
2026-08-31T20:21:42,1.0,6442,1547350,1529356,0.4,0.00,0.89,0.00,3.55,0.00,0.00,0.00,10721.0,95830.0,84630.0,58.0,7.5,0.5,36.5,140.077,0.246,0.2,30376942.0
2026-08-31T20:21:42,1.1,6443,1547350,1529355,0.4,0.00,9.06,0.00,73.05,0.00,0.00,0.00,10721.0,95830.0,84630.0,27.0,8.5,0.5,41.0,155.615,0.246,0.2,30376942.0
2026-08-31T20:21:44,1.0,6443,1547350,1529355,0.4,0.00,0.87,0.00,3.49,0.00,0.00,0.00,10721.0,95830.0,84630.0,84.0,9.0,0.5,39.0,150.522,0.275,0.2,33189509.5
2026-08-31T20:21:44,1.2,6443,1547350,1529355,0.4,0.00,2.33,0.00,9.30,0.00,0.00,0.00,10721.0,95830.0,84630.0,75.0,7.0,0.5,39.0,158.608,0.275,0.2,33189509.5
2026-08-31T20:21:45,1.1,6444,1547350,1529355,0.4,0.00,1.02,0.00,4.07,0.00,0.00,0.00,10721.0,95830.0,84630.0,71.0,1.0,0.5,5.0,157.953,0.346,0.2,50679612.0
2026-08-31T20:21:46,0.9,6443,1547350,1529355,0.4,0.00,0.99,0.00,3.95,0.00,0.00,0.00,10721.0,95830.0,84630.0,77.0,7.0,0.5,39.0,141.281,0.219,0.1,29384682.0
2026-08-31T20:21:47,1.1,6443,1547350,1529355,0.4,0.00,1.00,0.00,3.99,0.00,0.00,0.00,10721.0,95830.0,84630.0,84.0,1.5,0.5,7.5,154.804,0.219,0.1,29384682.0
2026-08-31T20:21:48,0.8,6443,1547350,1529355,0.4,0.00,0.98,0.00,3.92,0.00,0.00,0.00,10721.0,95830.0,84630.0,41.0,2.0,0.5,11.5,136.163,0.220,0.2,21992159.5
2026-08-31T20:21:49,1.1,6443,1547350,1529355,0.4,0.00,2.04,0.00,8.15,0.00,0.00,0.00,10721.0,95830.0,84630.0,76.0,6.5,0.5,36.5,151.469,0.220,0.2,21992159.5
2026-08-31T20:21:50,0.9,6443,1547350,1529355,0.4,0.00,1.02,0.00,4.06,0.00,1.00,0.00,10721.0,95830.0,84630.0,69.0,0.0,0.5,0.0,152.779,0.286,0.2,33051557.5
2026-08-31T20:21:51,0.9,6442,1547350,1529356,0.4,0.00,0.99,0.00,3.94,0.00,0.00,0.00,10721.0,95830.0,84630.0,0.0,6.0,0.5,23.0,144.517,0.254,0.2,39730810.5
2026-08-31T20:21:52,1.1,6443,1547350,1529355,0.4,0.00,1.01,0.00,4.02,0.00,0.00,0.00,10721.0,95830.0,84630.0,85.0,7.0,0.5,39.0,165.900,0.254,0.2,39730810.5
2026-08-31T20:21:53,1.1,6443,1547350,1529355,0.4,0.00,1.00,0.00,3.99,0.00,0.00,0.00,10721.0,95830.0,84630.0,70.0,5.0,0.5,27.5,159.173,0.334,0.2,45007588.5
2026-08-31T20:21:54,0.9,6443,1547350,1529355,0.4,0.00,1.00,0.00,3.98,0.00,0.00,0.00,10721.0,95830.0,84630.0,80.0,4.0,0.5,24.0,148.626,0.242,0.2,36882336.5
2026-08-31T20:21:56,1.1,6444,1547350,1529354,0.4,0.00,0.90,0.00,3.58,0.00,0.00,0.00,10721.0,95830.0,84630.0,33.0,6.5,0.5,37.5,154.228,0.299,0.2,33179216.5
2026-08-31T20:21:57,1.1,6444,1547350,1529354,0.4,0.00,1.03,0.00,4.13,0.00,0.00,0.00,10721.0,95830.0,84630.0,79.0,5.5,0.5,31.5,150.818,0.299,0.2,33179216.5
2026-08-31T20:21:57,1.1,6444,1547350,1529354,0.4,0.00,1.10,0.00,4.39,0.00,0.00,0.00,10721.0,95830.0,84630.0,36.0,8.5,0.5,36.0,150.918,0.271,0.2,30806558.5
2026-08-31T20:21:59,1.0,6444,1547350,1529355,0.4,0.00,0.91,0.00,3.64,0.00,0.00,0.00,10721.0,95830.0,84630.0,57.0,4.0,0.5,22.0,144.274,0.236,0.2,26400532.0
2026-08-31T20:22:00,1.1,6444,1547350,1529354,0.4,0.00,1.97,0.00,11.83,0.00,0.00,0.00,10721.0,95830.0,84630.0,80.0,7.0,0.5,40.0,160.196,0.334,0.2,43202425.5
2026-08-31T20:22:00,0.9,6444,1547350,1529354,0.4,0.00,1.12,0.00,4.47,0.00,0.00,0.00,10721.0,95830.0,84630.0,41.0,7.5,0.5,41.0,150.245,0.246,0.2,27945450.0
2026-08-31T20:22:01,1.1,6450,1547350,1529348,0.4,0.00,0.98,0.00,3.93,0.00,0.00,0.00,10721.0,95830.0,84630.0,84.0,2.0,0.5,10.5,140.956,0.228,0.2,27012987.5
2026-08-31T20:22:02,1.0,6449,1547350,1529349,0.4,0.00,1.03,0.00,4.10,0.00,0.00,0.00,10721.0,95830.0,84630.0,39.0,3.0,0.5,18.0,143.713,0.228,0.2,27012987.5
2026-08-31T20:22:03,1.1,6449,1547350,1529349,0.4,0.00,1.00,0.00,4.00,0.00,0.00,0.00,10721.0,95830.0,84630.0,29.0,7.0,0.5,35.0,149.850,0.271,0.2,29687961.0
2026-08-31T20:22:04,1.1,6450,1547350,1529348,0.4,0.00,0.98,0.00,3.93,0.00,0.00,0.10,10721.0,95830.0,84630.0,36.0,7.5,0.5,31.5,167.713,0.325,0.2,41157866.5
2026-08-31T20:22:05,1.2,6451,1547350,1529347,0.4,0.00,1.02,0.00,4.08,0.00,0.00,0.00,10721.0,95830.0,84630.0,80.0,7.0,0.5,39.5,171.631,0.384,0.2,60179774.0
2026-08-31T20:22:06,1.1,6451,1547350,1529347,0.4,0.00,1.00,0.00,3.99,0.00,0.00,0.00,10721.0,95830.0,84630.0,76.0,4.5,0.5,25.0,161.560,0.384,0.2,60179774.0
2026-08-31T20:22:08,1.0,6449,1547350,1529349,0.4,0.00,0.92,0.00,3.67,0.00,0.00,0.00,10721.0,95830.0,84630.0,76.0,2.0,0.5,8.5,156.010,0.283,0.2,37115335.5
2026-08-31T20:22:08,1.2,6449,1547350,1529349,0.4,0.00,1.10,0.00,4.39,0.00,0.00,0.00,10721.0,95830.0,84630.0,45.0,6.5,0.5,28.0,152.735,0.283,0.2,37115335.5
2026-08-31T20:22:09,0.9,6449,1547350,1529349,0.4,0.00,1.00,0.00,4.00,0.00,0.00,0.00,10721.0,95830.0,84630.0,81.0,7.0,0.5,38.0,145.108,0.262,0.2,34265228.5
2026-08-31T20:22:10,1.0,6448,1547350,1529350,0.4,0.00,1.00,0.00,4.01,0.00,0.00,0.00,10721.0,95830.0,84630.0,78.0,3.0,0.5,18.5,153.460,0.277,0.2,33746564.5
2026-08-31T20:22:11,1.2,6447,1547350,1529351,0.4,0.00,1.00,0.00,3.99,0.00,0.00,0.00,10721.0,95830.0,84630.0,24.0,8.5,0.5,41.5,165.879,0.277,0.2,33746564.5
2026-08-31T20:22:13,1.1,6447,1547350,1529351,0.4,0.00,1.73,0.00,18.58,0.00,0.50,0.00,10721.0,95830.0,84630.0,85.0,7.0,0.5,39.0,158.790,0.327,0.2,44234298.5
2026-08-31T20:22:13,0.9,6448,1547350,1529350,0.4,0.00,1.19,0.00,4.77,0.00,0.00,0.00,10721.0,95830.0,84630.0,74.0,7.0,0.5,38.5,143.756,0.327,0.2,44234298.5
2026-08-31T20:22:14,1.1,6447,1547350,1529351,0.4,0.00,0.99,0.00,3.98,0.00,0.00,0.00,10721.0,95830.0,84630.0,77.0,1.5,0.5,7.5,160.779,0.281,0.2,35339257.5
2026-08-31T20:22:15,0.9,6446,1547350,1529352,0.4,0.00,1.00,0.00,4.01,0.00,0.00,0.00,10721.0,95830.0,84630.0,63.0,6.0,0.5,23.0,140.718,0.281,0.2,35339257.5
2026-08-31T20:22:16,0.9,6446,1547350,1529352,0.4,0.00,1.00,0.00,4.01,0.00,0.00,0.00,10721.0,95830.0,84630.0,80.0,6.0,0.5,35.0,139.742,0.223,0.2,22598542.5
2026-08-31T20:22:17,0.8,6445,1547350,1529353,0.4,0.00,1.00,0.00,4.01,0.00,0.00,0.00,10721.0,95830.0,84630.0,48.0,2.0,0.5,8.0,137.534,0.222,0.1,27333981.5
2026-08-31T20:22:18,1.0,6447,1547350,1529352,0.4,0.00,0.99,0.00,3.97,0.00,0.00,0.10,10721.0,95830.0,84630.0,60.0,2.5,0.5,15.0,149.576,0.283,0.2,34009888.0
2026-08-31T20:22:19,1.0,6447,1547350,1529351,0.4,0.00,1.00,0.00,4.00,0.00,0.00,0.00,10721.0,95830.0,84630.0,58.0,7.0,0.5,30.5,153.827,0.254,0.2,29922400.0
2026-08-31T20:22:20,1.1,6448,1547350,1529350,0.4,0.00,0.98,0.00,3.93,0.00,0.00,0.00,10721.0,95830.0,84630.0,78.0,4.5,0.5,26.5,154.587,0.254,0.2,29922400.0
2026-08-31T20:22:21,1.0,6447,1547350,1529351,0.4,0.00,1.02,0.00,4.08,0.00,0.00,0.00,10721.0,95830.0,84630.0,61.0,0.5,0.5,2.0,148.489,0.289,0.2,40658708.0
2026-08-31T20:22:23,1.0,6447,1547350,1529351,0.4,0.00,0.91,0.00,3.65,0.00,0.00,0.00,10721.0,95830.0,84630.0,38.0,4.0,0.5,23.0,142.814,0.241,0.2,23122146.0
2026-08-31T20:22:24,1.1,6447,1547350,1529351,0.4,0.00,1.00,0.00,4.00,0.00,0.00,0.00,10721.0,95830.0,84630.0,18.0,7.0,0.5,39.5,155.291,0.300,0.2,34740816.0
2026-08-31T20:22:24,1.2,6447,1547350,1529351,0.4,0.00,1.11,0.00,4.43,0.00,0.00,0.00,10721.0,95830.0,84630.0,77.0,7.0,0.5,40.0,173.998,0.300,0.2,34740816.0
2026-08-31T20:22:25,1.1,6447,1547350,1529351,0.4,0.00,1.00,0.00,4.00,0.00,0.00,0.00,10721.0,95830.0,84630.0,83.0,0.0,0.5,0.0,141.900,0.320,0.2,47919151.0
2026-08-31T20:22:26,1.0,6446,1547350,1529352,0.4,0.00,1.01,0.00,4.02,0.00,0.00,0.00,10721.0,95830.0,84630.0,28.0,8.0,0.5,41.5,151.664,0.320,0.2,47919151.0
2026-08-31T20:22:27,1.2,6446,1547350,1529352,0.4,0.00,1.00,0.00,3.98,0.00,0.00,0.00,10721.0,95830.0,84630.0,79.0,7.5,0.5,40.5,174.397,0.365,0.2,51854682.0
2026-08-31T20:22:28,0.9,6449,1547350,1529349,0.4,0.00,1.01,0.00,4.05,0.00,0.00,0.00,10721.0,95830.0,84630.0,81.0,0.0,0.5,0.0,134.183,0.200,0.1,26593883.5
2026-08-31T20:22:30,1.0,6449,1547350,1529349,0.4,0.00,0.89,0.00,3.56,0.00,1.00,0.00,10721.0,95830.0,84630.0,83.0,2.0,0.5,12.5,152.023,0.274,0.2,31887259.0
2026-08-31T20:22:30,1.0,6449,1547350,1529349,0.4,0.00,1.13,0.00,4.51,0.00,0.00,0.00,10721.0,95830.0,84630.0,18.0,3.0,0.5,16.5,153.665,0.274,0.2,31887259.0
2026-08-31T20:22:31,1.1,6449,1547350,1529349,0.4,0.00,0.98,0.00,3.94,0.00,0.00,0.00,10721.0,95830.0,84630.0,41.0,7.0,0.5,26.0,153.123,0.281,0.2,32873255.0
2026-08-31T20:22:32,1.0,6449,1547350,1529349,0.4,0.00,1.02,0.00,4.07,0.00,0.00,0.10,10721.0,95830.0,84630.0,68.0,7.0,0.5,39.5,146.206,0.281,0.2,32873255.0
2026-08-31T20:22:33,1.0,6449,1547350,1529349,0.4,0.00,1.00,0.00,4.02,0.00,0.00,0.00,10721.0,95830.0,84630.0,22.0,5.5,0.5,32.0,155.841,0.258,0.2,33651458.5
2026-08-31T20:22:34,0.9,6449,1547350,1529349,0.4,0.00,1.00,0.00,3.98,0.00,0.00,0.00,10721.0,95830.0,84630.0,23.0,4.0,0.5,22.0,140.637,0.258,0.2,33651458.5
2026-08-31T20:22:35,1.1,6449,1547350,1529349,0.4,0.00,7.00,0.00,36.00,0.00,0.00,0.00,10721.0,95830.0,84630.0,60.0,8.0,0.5,40.0,167.751,0.275,0.2,33950727.5
2026-08-31T20:22:36,1.0,6448,1547350,1529350,0.4,0.00,0.97,0.00,3.87,0.00,0.00,0.00,10721.0,95830.0,84630.0,80.0,0.0,0.5,0.0,91.419,0.130,0.1,21221169.5
2026-08-31T20:22:38,0.2,6448,1547350,1529350,0.4,0.00,0.92,0.00,3.66,0.00,1.00,0.00,10721.0,95830.0,84630.0,0.0,0.0,0.5,0.0,91.119,0.130,0.1,21221169.5
2026-08-31T20:22:38,0.2,6470,1547350,1529328,0.4,0.00,1.14,0.00,4.56,0.00,0.00,0.00,10721.0,95830.0,84630.0,0.0,0.0,0.5,0.0,90.928,0.000,0.0,750518.5
2026-08-31T20:22:40,0.3,6489,1547350,1529309,0.4,0.00,0.92,0.00,3.68,0.00,0.00,0.00,10721.0,95830.0,84630.0,0.0,0.0,0.5,0.0,90.628,0.000,0.0,679648.5
2026-08-31T20:23:18,0.2,6759,1547350,1529039,0.4,0.00,0.41,0.00,2.91,0.00,0.06,0.00,13203.0,95830.0,82148.0,54.0,5.0,0.5,41.5,198.850,0.000,0.0,0.0
2026-08-31T20:23:19,1.3,6835,1547350,1528962,0.4,0.00,2.58,0.00,10.31,0.00,0.00,0.00,13203.0,95830.0,82148.0,54.0,4.0,0.5,43.5,197.198,0.000,0.0,0.0
2026-08-31T20:23:19,0.8,6875,1547350,1528922,0.4,0.00,3.92,0.00,15.69,0.00,0.00,0.00,13203.0,95830.0,82148.0,54.0,0.0,0.5,2.0,164.409,0.000,0.0,0.0
2026-08-31T20:23:20,0.2,6878,1547350,1528919,0.4,0.00,1.36,0.00,5.45,0.00,0.00,0.00,13211.0,95830.0,82140.0,0.0,0.0,0.5,0.0,87.927,0.000,0.0,0.0
2026-08-31T20:23:20,0.2,6878,1547350,1528919,0.4,0.00,1.80,0.00,7.18,0.00,0.00,0.00,13211.0,95830.0,82140.0,0.0,0.0,0.5,0.0,87.826,0.000,0.0,0.0
2026-08-31T20:23:21,0.3,6882,1547350,1528915,0.4,3.20,1.60,32.00,6.40,0.50,0.00,0.00,13211.0,95830.0,82140.0,0.0,0.0,0.5,0.0,87.704,0.000,0.0,602387.0
2026-08-31T20:23:22,0.2,6882,1547350,1528915,0.4,35.81,0.90,282.90,3.58,0.10,0.00,0.18,13211.0,95830.0,82140.0,0.0,0.0,0.5,0.0,87.585,0.000,0.0,679890.5
2026-08-31T20:23:23,0.2,6885,1547350,1528912,0.4,7.91,0.99,43.52,3.96,0.12,0.00,0.10,13211.0,95830.0,82140.0,0.0,0.0,0.5,0.0,87.427,0.000,0.0,757873.5
2026-08-31T20:23:24,0.2,6886,1547350,1528911,0.4,8.91,0.89,67.74,3.57,0.10,0.00,0.18,13211.0,95830.0,82140.0,0.0,0.0,0.5,0.0,87.400,0.000,0.0,757873.5
2026-08-31T20:23:25,0.2,6886,1547350,1528911,0.4,0.00,1.66,0.00,6.64,0.00,0.00,0.00,13211.0,95830.0,82140.0,0.0,0.0,0.5,0.0,87.403,0.000,0.0,761853.0
2026-08-31T20:23:25,0.3,6885,1547350,1528912,0.4,25.93,1.85,192.59,7.41,0.07,0.00,0.19,13211.0,95830.0,82140.0,0.0,0.0,0.5,0.0,87.364,0.000,0.0,678187.0
2026-08-31T20:23:26,0.2,6886,1547350,1528911,0.4,8.94,0.89,121.65,3.58,0.10,0.00,0.00,13211.0,95830.0,82140.0,0.0,0.0,0.5,0.0,87.160,0.000,0.0,687817.5
2026-08-31T20:23:27,0.2,6888,1547350,1528909,0.4,25.00,1.00,232.00,4.00,0.16,0.00,0.10,13211.0,95830.0,82140.0,0.0,0.0,0.5,0.0,87.239,0.000,0.0,683027.0
2026-08-31T20:23:28,0.2,6888,1547350,1528909,0.4,0.00,1.06,0.00,4.24,0.00,0.00,0.00,13211.0,95830.0,82140.0,0.0,0.0,0.5,0.0,87.202,0.000,0.0,683027.0
2026-08-31T20:23:29,0.2,6889,1547350,1528909,0.4,0.00,1.70,0.00,6.79,0.00,0.00,0.00,13211.0,95830.0,82140.0,0.0,0.0,0.5,0.0,87.197,0.000,0.0,740367.5
2026-08-31T20:23:30,0.2,6889,1547350,1528908,0.4,0.00,1.23,0.00,4.93,0.00,0.00,0.00,13211.0,95830.0,82140.0,0.0,0.0,0.5,0.0,87.171,0.000,0.0,740367.5
2026-08-31T20:23:30,0.3,6889,1547350,1528908,0.4,0.00,2.38,0.00,9.52,0.00,0.00,0.00,13211.0,95830.0,82140.0,0.0,0.0,0.5,0.0,87.102,0.000,0.0,711259.0
2026-08-31T20:23:31,0.2,6890,1547350,1528907,0.4,0.97,0.97,11.59,3.86,0.00,0.00,0.00,13211.0,95830.0,82140.0,0.0,0.0,0.5,0.0,86.984,0.000,0.0,711259.0
2026-08-31T20:23:31,0.3,6890,1547350,1528907,0.4,0.00,14.71,0.00,58.82,0.00,0.17,0.00,13211.0,95830.0,82140.0,0.0,0.0,0.5,0.0,86.978,0.000,0.0,727814.5
2026-08-31T20:23:33,0.2,6890,1547350,1528907,0.4,0.00,0.88,0.00,3.50,0.00,0.00,0.00,13211.0,95830.0,82140.0,0.0,0.0,0.5,0.0,86.922,0.000,0.0,727814.5
2026-08-31T20:23:33,0.2,6890,1547350,1528907,0.4,0.00,2.00,0.00,7.98,0.00,0.00,0.00,13211.0,95830.0,82140.0,0.0,0.0,0.5,0.0,86.936,0.000,0.0,727814.5
2026-08-31T20:23:33,0.3,6890,1547350,1528907,0.4,0.00,3.23,0.00,12.90,0.00,0.00,0.00,13211.0,95830.0,82140.0,0.0,0.0,0.5,0.0,86.887,0.000,0.0,766045.5
2026-08-31T20:23:34,0.2,6890,1547350,1528907,0.4,0.00,1.32,0.00,5.26,0.00,0.00,0.00,13211.0,95830.0,82140.0,0.0,0.0,0.5,0.0,86.814,0.000,0.0,766045.5
2026-08-31T20:23:35,0.2,6890,1547350,1528907,0.4,0.00,2.03,0.00,8.13,0.00,0.00,0.00,13211.0,95830.0,82140.0,0.0,0.0,0.5,0.0,86.715,0.000,0.0,709145.0
2026-08-31T20:23:36,0.2,6892,1547350,1528905,0.4,0.00,0.85,0.00,3.40,0.00,0.00,0.00,13211.0,95830.0,82140.0,0.0,0.0,0.5,0.0,86.519,0.000,0.0,678969.0
2026-08-31T20:23:37,0.2,6892,1547350,1528905,0.4,0.00,1.74,0.00,10.46,0.00,0.00,0.00,13211.0,95830.0,82140.0,0.0,0.0,0.5,0.0,86.678,0.000,0.0,672368.5
2026-08-31T20:23:38,0.2,6892,1547350,1528905,0.4,0.00,0.97,0.00,3.87,0.00,0.00,0.00,13211.0,95830.0,82140.0,0.0,0.0,0.5,0.0,86.675,0.000,0.0,672801.5
2026-08-31T20:23:39,0.2,6892,1547350,1528905,0.4,0.00,0.75,0.00,3.01,0.00,0.00,0.00,13211.0,95830.0,82140.0,0.0,0.0,0.5,0.0,86.770,0.000,0.0,705494.5
2026-08-31T20:23:41,0.2,6893,1547350,1528904,0.4,4.83,0.80,57.92,3.22,0.33,0.00,0.16,13211.0,95830.0,82140.0,0.0,0.0,0.5,0.0,86.511,0.000,0.0,667479.0
2026-08-31T20:23:42,0.2,6893,1547350,1528904,0.4,0.00,2.34,0.00,12.47,0.00,0.33,0.00,13211.0,95830.0,82140.0,0.0,0.0,0.5,0.0,86.554,0.000,0.0,667479.0
2026-08-31T20:23:42,0.2,6894,1547350,1528903,0.4,0.00,8.03,0.00,132.42,0.00,0.00,0.00,13211.0,95830.0,82140.0,0.0,0.0,0.5,0.0,86.535,0.000,0.0,690916.5
2026-08-31T20:23:44,0.2,6896,1547350,1528901,0.4,0.00,0.71,0.00,2.86,0.00,0.00,0.00,13211.0,95830.0,82140.0,0.0,0.0,0.5,0.0,86.537,0.000,0.0,690916.5
2026-08-31T20:23:44,0.3,6896,1547350,1528900,0.4,0.00,2.18,0.00,8.73,0.00,0.00,0.00,13211.0,95830.0,82140.0,0.0,0.0,0.5,0.0,86.536,0.000,0.0,723666.5
2026-08-31T20:23:45,0.7,6880,1547350,1528917,0.4,36.20,1.51,3867.27,6.03,0.38,0.00,0.30,13211.0,95830.0,82140.0,0.0,0.0,0.5,0.0,86.580,0.000,0.0,684582.0
2026-08-31T20:23:46,0.2,6881,1547350,1528916,0.4,12.64,0.79,1383.89,3.16,0.56,0.00,0.08,13211.0,95830.0,82140.0,0.0,0.0,0.5,0.0,86.407,0.000,0.0,671540.0
2026-08-31T20:23:48,0.2,6880,1547350,1528917,0.4,1.99,0.66,55.74,2.65,0.00,0.00,0.07,13211.0,95830.0,82140.0,0.0,0.0,0.5,0.0,86.370,0.000,0.0,671540.0
2026-08-31T20:23:48,0.2,6880,1547350,1528917,0.4,0.00,2.87,0.00,11.49,0.00,0.00,0.00,13211.0,95830.0,82140.0,0.0,0.0,0.5,0.0,86.363,0.000,0.0,726632.0
2026-08-31T20:23:50,0.2,6887,1547350,1528910,0.4,0.00,0.64,0.00,2.56,0.00,0.00,0.00,13211.0,95830.0,82140.0,0.0,0.0,0.5,0.0,86.276,0.000,0.0,726632.0
2026-08-31T20:23:51,0.2,6887,1547350,1528910,0.4,0.00,1.12,0.00,4.47,0.00,0.00,0.00,13211.0,95830.0,82140.0,0.0,0.0,0.5,0.0,86.343,0.000,0.0,677902.5
2026-08-31T20:23:52,0.2,6888,1547350,1528909,0.4,0.00,0.68,0.00,2.70,0.00,0.00,0.00,13211.0,95830.0,82140.0,0.0,0.0,0.5,0.0,86.325,0.000,0.0,679906.0
2026-08-31T20:23:54,0.2,6888,1547350,1528909,0.4,0.00,0.68,0.00,2.72,0.00,0.00,0.00,13211.0,95830.0,82140.0,0.0,0.0,0.5,0.0,86.237,0.000,0.0,655689.0
2026-08-31T20:23:55,0.2,6888,1547350,1528909,0.4,0.00,0.65,0.00,2.60,0.00,0.00,0.00,13211.0,95830.0,82140.0,0.0,0.0,0.5,0.0,86.174,0.000,0.0,655689.0
2026-08-31T20:23:55,0.2,6888,1547350,1528909,0.4,0.00,2.62,0.00,10.47,0.00,0.00,0.00,13211.0,95830.0,82140.0,0.0,0.0,0.5,0.0,86.085,0.000,0.0,706907.5
2026-08-31T20:23:57,0.2,6888,1547350,1528909,0.4,0.00,0.65,0.00,2.61,0.00,0.00,0.07,13211.0,95830.0,82140.0,0.0,0.0,0.5,0.0,85.968,0.000,0.0,660612.0
2026-08-31T20:23:58,0.2,6888,1547350,1528909,0.4,0.00,0.77,0.00,3.09,0.00,0.00,0.00,13211.0,95830.0,82140.0,0.0,0.0,0.5,0.0,86.191,0.000,0.0,654917.5
2026-08-31T20:24:00,0.2,6892,1547350,1528904,0.4,0.00,1.18,0.00,4.72,0.00,0.50,0.00,13211.0,95830.0,82140.0,0.0,0.0,0.5,0.0,85.760,0.000,0.0,608710.5
2026-08-31T20:24:14,0.2,6892,1547350,1528904,0.4,0.00,1.39,0.00,29.27,0.00,0.16,0.00,13211.0,95830.0,82140.0,0.0,0.0,0.5,0.0,85.769,0.000,0.0,658711.0
2026-08-31T20:24:15,0.2,6893,1547350,1528904,0.4,0.00,0.76,0.00,3.03,0.00,0.00,0.00,13211.0,95830.0,82140.0,0.0,0.0,0.5,0.0,85.799,0.000,0.0,667294.5
2026-08-31T20:24:16,0.2,6893,1547350,1528903,0.4,0.00,0.82,0.00,3.28,0.00,0.00,0.00,13211.0,95830.0,82140.0,0.0,0.0,0.5,0.0,85.757,0.000,0.0,667294.5
2026-08-31T20:24:17,0.3,6894,1547350,1528903,0.4,0.00,1.24,0.00,4.97,0.00,0.00,0.00,13211.0,95830.0,82140.0,0.0,0.0,0.5,0.0,85.685,0.000,0.0,755750.0
2026-08-31T20:24:17,0.3,6893,1547350,1528904,0.4,0.00,3.21,0.00,12.82,0.00,0.00,0.00,13211.0,95830.0,82140.0,0.0,0.0,0.5,0.0,85.703,0.000,0.0,755750.0
2026-08-31T20:24:18,0.2,6894,1547350,1528902,0.4,0.00,3.58,0.00,14.34,0.00,0.00,0.00,13211.0,95830.0,82140.0,0.0,0.0,0.5,0.0,85.565,0.000,0.0,755750.0
2026-08-31T20:24:18,0.2,6894,1547350,1528902,0.4,0.00,1.42,0.00,5.70,0.00,0.00,0.00,13211.0,95830.0,82140.0,0.0,0.0,0.5,0.0,85.703,0.000,0.0,719748.0
2026-08-31T20:24:20,0.2,6894,1547350,1528903,0.4,0.00,0.59,0.00,2.36,0.00,1.00,0.00,13211.0,95830.0,82140.0,0.0,0.0,0.5,0.0,85.629,0.000,0.0,719748.0
2026-08-31T20:24:20,0.3,6893,1547350,1528903,0.4,0.00,1.97,0.00,7.87,0.00,0.00,0.00,13211.0,95830.0,82140.0,0.0,0.0,0.5,0.0,85.632,0.000,0.0,741150.5
2026-08-31T20:24:21,0.2,6895,1547350,1528902,0.4,0.00,2.14,0.00,8.55,0.00,0.00,0.00,13211.0,95830.0,82140.0,0.0,0.0,0.5,0.0,85.479,0.000,0.0,671561.5
2026-08-31T20:24:22,0.3,6913,1547350,1528884,0.4,0.00,0.64,0.00,2.56,0.00,0.00,0.00,13217.0,95830.0,82134.0,0.0,0.0,0.5,0.0,85.660,0.000,0.0,671561.5
2026-08-31T20:24:23,0.2,6913,1547350,1528884,0.4,0.00,3.45,0.00,13.79,0.00,0.00,0.00,13217.0,95830.0,82134.0,0.0,0.0,0.5,0.0,85.645,0.003,0.0,5422721.0
2026-08-31T20:24:23,0.2,6913,1547350,1528883,0.4,0.00,2.64,0.00,10.55,0.00,0.00,0.00,13217.0,95830.0,82134.0,0.0,0.0,0.5,0.0,85.483,0.003,0.0,5422721.0
2026-08-31T20:24:24,0.2,6913,1547350,1528883,0.4,0.00,2.30,0.00,9.22,0.00,0.00,0.00,13217.0,95830.0,82134.0,0.0,0.0,0.5,0.0,85.441,0.000,0.0,756859.5
2026-08-31T20:24:24,0.2,6914,1547350,1528882,0.4,0.00,1.13,0.00,4.54,0.00,0.00,0.00,13217.0,95830.0,82134.0,0.0,0.0,0.5,0.0,85.463,0.000,0.0,662891.0
2026-08-31T20:24:26,0.2,6923,1547350,1528874,0.4,0.00,0.66,0.00,2.65,0.00,0.00,0.00,13217.0,95830.0,82134.0,0.0,0.0,0.5,0.0,85.456,0.000,0.0,662891.0
2026-08-31T20:24:27,0.3,6917,1547350,1528879,0.4,0.00,1.88,0.00,7.53,0.00,0.00,0.00,13217.0,95830.0,82134.0,0.0,0.0,0.5,0.0,85.466,0.000,0.0,732344.5
2026-08-31T20:24:27,0.2,6917,1547350,1528879,0.4,0.00,2.07,0.00,8.28,0.00,0.00,0.00,13217.0,95830.0,82134.0,0.0,0.0,0.5,0.0,85.478,0.000,0.0,732344.5
2026-08-31T20:24:28,0.2,6918,1547350,1528879,0.4,0.00,1.27,0.00,5.07,0.00,0.00,0.00,13217.0,95830.0,82134.0,0.0,0.0,0.5,0.0,85.501,0.000,0.0,687516.0
2026-08-31T20:24:29,0.2,6917,1547350,1528879,0.4,0.00,0.76,0.00,3.03,0.00,0.00,0.00,13217.0,95830.0,82134.0,0.0,0.0,0.5,0.0,85.353,0.000,0.0,687516.0
2026-08-31T20:24:30,0.2,6916,1547350,1528880,0.4,0.00,0.98,0.00,3.93,0.00,0.00,0.00,13217.0,95830.0,82134.0,0.0,0.0,0.5,0.0,85.319,0.002,0.0,2243143.5
2026-08-31T20:24:31,0.3,6917,1547350,1528880,0.4,0.00,1.95,0.00,7.80,0.00,0.00,0.00,13217.0,95830.0,82134.0,0.0,0.0,0.5,0.0,85.330,0.002,0.0,2243143.5
2026-08-31T20:24:31,0.3,6917,1547350,1528879,0.4,0.00,1.43,0.00,5.73,0.00,0.00,0.00,13217.0,95830.0,82134.0,0.0,0.0,0.5,0.0,85.395,0.000,0.0,763531.0
2026-08-31T20:24:32,0.3,6918,1547350,1528878,0.4,0.00,3.25,0.00,12.99,0.00,0.00,0.00,13217.0,95830.0,82134.0,0.0,0.0,0.5,0.0,85.374,0.000,0.0,763531.0
2026-08-31T20:24:32,0.3,6918,1547350,1528878,0.4,0.00,1.67,0.00,6.68,0.00,0.00,0.00,13217.0,95830.0,82134.0,0.0,0.0,0.5,0.0,85.231,0.000,0.0,775424.0
2026-08-31T20:24:33,0.2,6918,1547350,1528878,0.4,0.00,2.46,0.00,9.83,0.00,0.00,0.00,13217.0,95830.0,82134.0,0.0,0.0,0.5,0.0,85.233,0.000,0.0,775424.0
2026-08-31T20:24:33,0.2,6919,1547350,1528877,0.4,0.00,20.83,0.00,97.22,0.00,0.17,0.00,13217.0,95830.0,82134.0,0.0,0.0,0.5,0.0,85.293,0.000,0.0,775424.0
2026-08-31T20:24:34,0.2,6919,1547350,1528877,0.4,0.00,1.65,0.00,6.61,0.00,0.00,0.00,13217.0,95830.0,82134.0,0.0,0.0,0.5,0.0,85.311,0.000,0.0,816880.0
2026-08-31T20:24:34,0.2,6918,1547350,1528879,0.4,0.00,3.42,0.00,13.70,0.00,0.00,0.00,13217.0,95830.0,82134.0,0.0,0.0,0.5,0.0,85.267,0.000,0.0,816880.0
2026-08-31T20:24:35,0.2,6918,1547350,1528878,0.4,0.00,1.17,0.00,4.69,0.00,0.00,0.00,13217.0,95830.0,82134.0,0.0,0.0,0.5,0.0,85.222,0.000,0.0,700768.0
2026-08-31T20:24:37,0.2,6621,1547350,1529431,0.4,0.00,0.54,0.00,2.14,0.00,0.00,0.00,13217.0,95830.0,82134.0,0.0,0.0,0.5,0.0,85.329,0.000,0.0,725276.5
2026-08-31T20:24:37,1.2,6621,1547350,1529432,0.4,0.00,1.23,0.00,4.93,0.00,0.00,0.00,11549.0,95830.0,83802.0,0.0,0.0,0.5,0.0,85.289,0.000,0.0,725276.5
