timestamp,cpu_util_pct,ram_used_mb,ram_total_mb,ram_avail_mb,ram_used_pct,disk_r_s,disk_w_s,disk_rkB_s,disk_wkB_s,disk_r_await_ms,disk_w_await_ms,disk_util_pct,gpu_mem_used_mb,gpu_mem_total_mb,gpu_mem_free_mb,gpu_util_pct,dcgmi_power_w,dcgmi_gpu_util_pct,dcgmi_mem_copy_util_pct,dcgmi_gr_active,dcgmi_sm_active,dcgmi_pcie_tx_bytes,dcgmi_pcie_rx_bytes
2026-09-09T00:11:43,0.1,3531,1547350,1532658,0.2,0.00,0.00,0.00,0.00,0.00,0.00,0.00,1.0,95830.0,95350.0,0.0,0.0,0.5,0.0,64.368,0.000,0.0,0.0
2026-09-09T00:11:44,0.2,3534,1547350,1532655,0.2,0.00,3.93,0.00,15.72,0.00,0.25,0.00,1.0,95830.0,95350.0,0.0,0.0,0.5,0.0,64.391,0.000,0.0,0.0
2026-09-09T00:11:45,0.2,3536,1547350,1532653,0.2,0.00,1.93,0.00,7.72,0.00,0.00,0.00,1.0,95830.0,95350.0,0.0,0.0,0.5,0.0,64.368,0.000,0.0,0.0
2026-09-09T00:11:46,0.2,3542,1547350,1532647,0.2,0.00,3.06,0.00,16.33,0.00,0.00,0.00,1.0,95830.0,95350.0,0.0,0.0,0.5,0.0,64.359,0.000,0.0,600273.0
2026-09-09T00:11:47,2.8,3549,1547350,1532640,0.2,0.00,2.04,0.00,8.16,0.00,0.00,0.00,1.0,95830.0,95350.0,0.0,0.0,0.5,0.0,64.379,0.000,0.0,683874.0
2026-09-09T00:11:48,0.2,3558,1547350,1532631,0.2,0.00,1.98,0.00,7.93,0.00,0.00,0.00,1.0,95830.0,95350.0,0.0,0.0,0.5,0.0,64.386,0.000,0.0,696365.5
2026-09-09T00:11:49,0.2,3561,1547350,1532629,0.2,0.00,1.98,0.00,7.92,0.00,0.00,0.00,1.0,95830.0,95350.0,0.0,0.0,0.5,0.0,64.391,0.000,0.0,691579.5
2026-09-09T00:11:50,0.2,3561,1547350,1532628,0.2,0.00,1.99,0.00,7.98,0.00,0.00,0.00,1.0,95830.0,95350.0,0.0,0.0,0.5,0.0,64.358,0.000,0.0,691579.5
2026-09-09T00:11:51,0.2,3562,1547350,1532627,0.2,0.00,2.02,0.00,8.10,0.00,0.00,0.00,1.0,95830.0,95350.0,0.0,0.0,0.5,0.0,64.373,0.000,0.0,718344.5
2026-09-09T00:11:52,0.2,3564,1547350,1532625,0.2,0.00,3.00,0.00,16.02,0.00,0.33,0.00,1.0,95830.0,95350.0,0.0,0.0,0.5,0.0,64.394,0.000,0.0,718344.5
2026-09-09T00:11:54,0.1,3565,1547350,1532625,0.2,0.00,1.25,0.00,4.99,0.00,0.00,0.00,1.0,95830.0,95350.0,0.0,0.0,0.5,0.0,64.386,0.000,0.0,655001.5
2026-09-09T00:11:56,0.1,3566,1547350,1532624,0.2,0.00,0.85,0.00,3.38,0.00,0.00,0.00,1.0,95830.0,95350.0,0.0,0.0,0.5,0.0,64.365,0.000,0.0,655001.5
2026-09-09T00:11:57,0.3,3566,1547350,1532623,0.2,0.00,3.10,0.00,12.40,0.00,0.00,0.00,1.0,95830.0,95350.0,0.0,0.0,0.5,0.0,64.373,0.000,0.0,744228.5
2026-09-09T00:11:58,0.2,3567,1547350,1532623,0.2,0.00,4.73,0.00,23.67,0.00,0.00,0.00,1.0,95830.0,95350.0,0.0,0.0,0.5,0.0,64.383,0.000,0.0,686717.0
2026-09-09T00:11:59,0.2,3570,1547350,1532619,0.2,0.00,2.13,0.00,8.54,0.00,0.00,0.00,1.0,95830.0,95350.0,0.0,0.0,0.5,0.0,64.373,0.000,0.0,686717.0
2026-09-09T00:11:59,0.2,3569,1547350,1532620,0.2,0.00,3.02,0.00,12.08,0.00,0.00,0.00,1.0,95830.0,95350.0,0.0,0.0,0.5,0.0,64.403,0.000,0.0,704572.5
2026-09-09T00:12:01,0.2,3574,1547350,1532615,0.2,0.00,1.70,0.00,6.80,0.00,0.00,0.00,1.0,95830.0,95350.0,0.0,0.0,0.5,0.0,64.374,0.000,0.0,704572.5
2026-09-09T00:12:02,0.3,3576,1547350,1532613,0.2,0.00,2.01,0.00,8.02,0.00,0.00,0.00,1.0,95830.0,95350.0,0.0,0.0,0.5,0.0,64.376,0.000,0.0,749603.0
2026-09-09T00:12:02,0.3,3576,1547350,1532614,0.2,0.00,6.56,0.00,26.23,0.00,0.00,0.00,1.0,95830.0,95350.0,0.0,0.0,0.5,0.0,64.380,0.000,0.0,749603.0
2026-09-09T00:12:03,0.3,3580,1547350,1532609,0.2,0.00,13.01,0.00,57.80,0.00,0.11,0.00,1.0,95830.0,95350.0,0.0,0.0,0.5,0.0,64.374,0.000,0.0,738314.5
2026-09-09T00:12:04,0.2,3580,1547350,1532609,0.2,0.00,1.93,0.00,7.74,0.00,0.50,0.10,1.0,95830.0,95350.0,0.0,0.0,0.5,0.0,64.372,0.000,0.0,704266.0
2026-09-09T00:12:05,0.2,3581,1547350,1532609,0.2,0.00,1.80,0.00,7.21,0.00,0.00,0.00,1.0,95830.0,95350.0,0.0,0.0,0.5,0.0,64.345,0.000,0.0,677631.0
2026-09-09T00:12:06,0.2,3583,1547350,1532607,0.2,0.00,1.90,0.00,7.62,0.00,0.00,0.00,1.0,95830.0,95350.0,0.0,0.0,0.5,0.0,64.344,0.000,0.0,677631.0
2026-09-09T00:12:07,0.1,3585,1547350,1532605,0.2,0.00,2.63,0.00,29.89,0.00,0.00,0.00,1.0,95830.0,95350.0,0.0,0.0,0.5,0.0,64.358,0.000,0.0,624921.0
2026-09-09T00:12:14,0.1,3581,1547350,1532608,0.2,0.00,0.72,0.00,4.02,0.00,0.00,0.00,1.0,95830.0,95350.0,0.0,0.0,0.5,0.0,64.373,0.000,0.0,619626.5
2026-09-09T00:12:19,0.0,3582,1547350,1532607,0.2,0.00,0.39,0.00,1.56,0.00,0.50,0.00,1.0,95830.0,95350.0,0.0,0.0,0.5,0.0,64.340,0.000,0.0,645194.5
2026-09-09T00:12:21,0.1,3583,1547350,1532606,0.2,0.00,1.44,0.00,7.69,0.00,0.00,0.00,1.0,95830.0,95350.0,0.0,0.0,0.5,0.0,64.380,0.000,0.0,614759.0
2026-09-09T00:12:28,0.0,3585,1547350,1532604,0.2,0.00,0.74,0.00,4.16,0.00,0.00,0.00,1.0,95830.0,95350.0,0.0,0.0,0.5,0.0,64.406,0.000,0.0,614247.5
2026-09-09T00:12:35,0.0,3585,1547350,1532604,0.2,0.00,0.29,0.00,1.16,0.00,0.00,0.00,1.0,95830.0,95350.0,0.0,0.0,0.5,0.0,64.394,0.000,0.0,640385.0
2026-09-09T00:12:37,0.1,3584,1547350,1532605,0.2,0.00,5.40,0.00,48.84,0.00,0.08,0.00,1.0,95830.0,95350.0,0.0,0.0,0.5,0.0,64.397,0.000,0.0,685106.5
2026-09-09T00:12:41,0.1,3585,1547350,1532605,0.2,0.00,0.77,0.00,4.13,0.00,0.00,0.00,1.0,95830.0,95350.0,0.0,0.0,0.5,0.0,64.357,0.000,0.0,646201.0
2026-09-09T00:12:49,0.0,3586,1547350,1532603,0.2,0.00,0.41,0.00,2.21,0.00,0.33,0.00,1.0,95830.0,95350.0,0.0,0.0,0.5,0.0,64.395,0.000,0.0,662503.0
2026-09-09T00:12:58,0.0,3587,1547350,1532602,0.2,0.00,0.44,0.00,2.67,0.00,0.00,0.01,1.0,95830.0,95350.0,0.0,0.0,0.5,0.0,64.356,0.000,0.0,614292.5
2026-09-09T00:13:04,0.1,3591,1547350,1532598,0.2,0.00,0.29,0.00,1.17,0.00,0.00,0.00,1.0,95830.0,95350.0,0.0,0.0,0.5,0.0,64.381,0.000,0.0,634745.5
2026-09-09T00:13:07,0.1,3592,1547350,1532597,0.2,0.00,4.98,0.00,27.19,0.00,0.08,0.00,1.0,95830.0,95350.0,0.0,0.0,0.5,0.0,64.377,0.000,0.0,635407.5
2026-09-09T00:13:10,0.1,3591,1547350,1532598,0.2,0.00,0.78,0.00,3.13,0.00,0.00,0.00,1.0,95830.0,95350.0,0.0,0.0,0.5,0.0,64.359,0.000,0.0,635619.0
2026-09-09T00:13:12,0.1,3588,1547350,1532601,0.2,0.00,1.90,0.00,9.12,0.00,0.20,0.00,1.0,95830.0,95350.0,0.0,0.0,0.5,0.0,64.368,0.000,0.0,628072.5
2026-09-09T00:13:18,0.0,3591,1547350,1532598,0.2,0.00,0.54,0.00,2.88,0.00,0.00,0.00,1.0,95830.0,95350.0,0.0,0.0,0.5,0.0,64.362,0.000,0.0,646819.5
2026-09-09T00:13:22,0.1,3592,1547350,1532597,0.2,0.00,0.68,0.00,3.63,0.00,0.00,0.00,1.0,95830.0,95350.0,0.0,0.0,0.5,0.0,64.386,0.000,0.0,625792.0
2026-09-09T00:13:24,0.1,3592,1547350,1532597,0.2,0.00,0.92,0.00,3.67,0.00,0.00,0.00,1.0,95830.0,95350.0,0.0,0.0,0.5,0.0,64.374,0.000,0.0,636918.5
2026-09-09T00:13:26,0.1,3590,1547350,1532599,0.2,0.00,1.18,0.00,4.73,0.00,0.00,0.00,1.0,95830.0,95350.0,0.0,0.0,0.5,0.0,64.384,0.000,0.0,665891.0
2026-09-09T00:13:28,0.1,3592,1547350,1532597,0.2,0.00,1.53,0.00,8.15,0.00,0.00,0.00,1.0,95830.0,95350.0,0.0,0.0,0.5,0.0,64.355,0.000,0.0,657359.5
2026-09-09T00:13:31,0.1,3592,1547350,1532597,0.2,0.00,0.80,0.00,3.20,0.00,0.00,0.00,1.0,95830.0,95350.0,0.0,0.0,0.5,0.0,64.368,0.000,0.0,753538.5
2026-09-09T00:13:32,0.1,3593,1547350,1532596,0.2,0.00,1.67,0.00,6.66,0.00,0.00,0.00,1.0,95830.0,95350.0,0.0,0.0,0.5,0.0,64.365,0.000,0.0,650339.0
2026-09-09T00:13:34,0.1,3593,1547350,1532596,0.2,0.00,1.96,0.00,9.80,0.00,0.25,0.00,1.0,95830.0,95350.0,0.0,0.0,0.5,0.0,64.358,0.000,0.0,675399.0
2026-09-09T00:13:36,0.1,3593,1547350,1532596,0.2,0.00,1.77,0.00,24.37,0.00,0.00,0.00,1.0,95830.0,95350.0,0.0,0.0,0.5,0.0,64.330,0.000,0.0,637711.5
2026-09-09T00:13:39,0.1,3597,1547350,1532593,0.2,0.40,0.81,1.61,3.23,0.00,0.00,0.00,1.0,95830.0,95350.0,0.0,0.0,0.5,0.0,64.334,0.000,0.0,631637.0
2026-09-09T00:13:42,0.1,3598,1547350,1532592,0.2,0.00,0.93,0.00,4.97,0.00,0.00,0.00,1.0,95830.0,95350.0,0.0,0.0,0.5,0.0,64.331,0.000,0.0,644295.5
2026-09-09T00:13:44,0.1,3597,1547350,1532592,0.2,0.00,1.02,0.00,4.07,0.00,0.00,0.00,1.0,95830.0,95350.0,0.0,0.0,0.5,0.0,64.328,0.000,0.0,712720.0
2026-09-09T00:13:45,0.1,3599,1547350,1532590,0.2,0.00,1.90,0.00,10.11,0.00,0.00,0.00,1.0,95830.0,95350.0,0.0,0.0,0.5,0.0,64.328,0.000,0.0,632446.0
2026-09-09T00:13:49,0.1,3599,1547350,1532590,0.2,0.00,0.51,0.00,2.05,0.00,0.50,0.00,1.0,95830.0,95350.0,0.0,0.0,0.5,0.0,64.341,0.000,0.0,635058.0
2026-09-09T00:13:51,0.1,3599,1547350,1532590,0.2,0.00,1.17,0.00,4.69,0.00,0.00,0.00,1.0,95830.0,95350.0,0.0,0.0,0.5,0.0,64.307,0.000,0.0,658015.5
2026-09-09T00:13:53,0.1,3600,1547350,1532589,0.2,0.00,2.41,0.00,14.43,0.00,0.00,0.00,1.0,95830.0,95350.0,0.0,0.0,0.5,0.0,64.346,0.000,0.0,658475.0
2026-09-09T00:13:54,0.1,3599,1547350,1532590,0.2,0.00,1.27,0.00,5.08,0.00,0.00,0.00,1.0,95830.0,95350.0,0.0,0.0,0.5,0.0,64.299,0.000,0.0,651878.0
2026-09-09T00:13:57,0.1,3599,1547350,1532590,0.2,0.00,0.62,0.00,2.48,0.00,0.00,0.00,1.0,95830.0,95350.0,0.0,0.0,0.5,0.0,64.332,0.000,0.0,654738.0
2026-09-09T00:13:59,0.1,3601,1547350,1532589,0.2,0.00,1.72,0.00,9.20,0.00,0.00,0.00,1.0,95830.0,95350.0,0.0,0.0,0.5,0.0,64.294,0.000,0.0,650160.0
2026-09-09T00:14:01,0.1,3604,1547350,1532585,0.2,0.00,1.13,0.00,4.53,0.00,0.00,0.06,1.0,95830.0,95350.0,0.0,0.0,0.5,0.0,64.304,0.000,0.0,625237.0
2026-09-09T00:14:05,0.1,3606,1547350,1532584,0.2,0.00,2.54,0.00,11.18,0.00,0.10,0.00,1.0,95830.0,95350.0,0.0,0.0,0.5,0.0,64.330,0.000,0.0,644307.5
2026-09-09T00:14:07,0.1,3606,1547350,1532584,0.2,0.00,5.11,0.00,25.94,0.00,0.08,0.04,1.0,95830.0,95350.0,0.0,0.0,0.5,0.0,64.282,0.000,0.0,631836.0
2026-09-09T00:14:10,0.1,3605,1547350,1532584,0.2,0.00,1.32,0.00,7.02,0.00,0.00,0.00,1.0,95830.0,95350.0,0.0,0.0,0.5,0.0,64.308,0.000,0.0,632239.0
2026-09-09T00:14:13,0.1,3604,1547350,1532585,0.2,0.00,0.65,0.00,2.58,0.00,0.00,0.00,1.0,95830.0,95350.0,0.0,0.0,0.5,0.0,64.281,0.000,0.0,624107.0
2026-09-09T00:14:17,0.1,3604,1547350,1532585,0.2,0.00,1.29,0.00,7.22,0.00,0.20,0.00,1.0,95830.0,95350.0,0.0,0.0,0.5,0.0,64.255,0.000,0.0,652572.0
2026-09-09T00:14:20,0.0,3606,1547350,1532583,0.2,0.00,0.83,0.00,4.42,0.00,0.00,0.00,1.0,95830.0,95350.0,0.0,0.0,0.5,0.0,64.254,0.000,0.0,650998.5
2026-09-09T00:14:24,0.1,3608,1547350,1532582,0.2,0.00,0.57,0.00,2.29,0.00,0.00,0.00,1.0,95830.0,95350.0,0.0,0.0,0.5,0.0,64.260,0.000,0.0,630885.0
2026-09-09T00:14:27,0.1,3607,1547350,1532582,0.2,0.00,0.79,0.00,4.24,0.00,0.00,0.03,1.0,95830.0,95350.0,0.0,0.0,0.5,0.0,64.250,0.000,0.0,628641.5
2026-09-09T00:14:30,0.1,3607,1547350,1532582,0.2,0.00,0.69,0.00,2.77,0.00,0.00,0.00,1.0,95830.0,95350.0,0.0,0.0,0.5,0.0,64.256,0.000,0.0,629626.5
2026-09-09T00:14:34,0.0,3607,1547350,1532582,0.2,0.00,0.94,0.00,4.99,0.00,0.00,0.00,1.0,95830.0,95350.0,0.0,0.0,0.5,0.0,64.231,0.000,0.0,666876.0
2026-09-09T00:14:37,0.1,3607,1547350,1532582,0.2,0.00,1.92,0.00,24.54,0.00,0.17,0.00,1.0,95830.0,95350.0,0.0,0.0,0.5,0.0,64.241,0.000,0.0,687659.5
2026-09-09T00:14:40,0.1,3607,1547350,1532582,0.2,0.00,1.69,0.00,8.10,0.00,0.00,0.00,1.0,95830.0,95350.0,0.0,0.0,0.5,0.0,64.216,0.000,0.0,627826.5
2026-09-09T00:14:43,0.0,3608,1547350,1532582,0.2,0.00,0.82,0.00,4.39,0.00,0.00,0.00,1.0,95830.0,95350.0,0.0,0.0,0.5,0.0,64.215,0.000,0.0,623068.5
2026-09-09T00:14:47,0.1,3609,1547350,1532580,0.2,0.00,0.54,0.00,2.15,0.00,0.00,0.00,1.0,95830.0,95350.0,0.0,0.0,0.5,0.0,64.216,0.000,0.0,659464.5
2026-09-09T00:14:50,0.1,3609,1547350,1532580,0.2,0.00,1.17,0.00,6.25,0.00,0.33,0.04,1.0,95830.0,95350.0,0.0,0.0,0.5,0.0,64.228,0.000,0.0,614204.5
2026-09-09T00:14:54,0.0,3609,1547350,1532580,0.2,0.00,0.93,0.00,5.61,0.00,0.00,0.02,1.0,95830.0,95350.0,0.0,0.0,0.5,0.0,64.192,0.000,0.0,632326.0
2026-09-09T00:14:58,0.0,3611,1547350,1532578,0.2,0.00,0.53,0.00,2.11,0.00,0.00,0.00,1.0,95830.0,95350.0,0.0,0.0,0.5,0.0,64.199,0.000,0.0,630779.5
2026-09-09T00:15:01,0.1,3615,1547350,1532574,0.2,0.00,0.98,0.00,5.24,0.00,0.00,0.03,1.0,95830.0,95350.0,0.0,0.0,0.5,0.0,64.209,0.000,0.0,671432.5
2026-09-09T00:15:06,0.0,3615,1547350,1532574,0.2,0.00,2.92,0.00,14.98,0.00,0.07,0.00,1.0,95830.0,95350.0,0.0,0.0,0.5,0.0,64.195,0.000,0.0,625390.5
2026-09-09T00:15:11,0.1,3615,1547350,1532574,0.2,0.00,1.16,0.00,5.43,0.00,0.17,0.00,1.0,95830.0,95350.0,0.0,0.0,0.5,0.0,64.184,0.000,0.0,646999.5
2026-09-09T00:15:14,0.1,3613,1547350,1532576,0.2,0.00,0.77,0.00,3.08,0.00,0.00,0.00,1.0,95830.0,95350.0,0.0,0.0,0.5,0.0,64.173,0.000,0.0,675035.5
2026-09-09T00:15:16,0.1,3613,1547350,1532576,0.2,0.00,0.74,0.00,2.98,0.00,0.00,0.00,1.0,95830.0,95350.0,0.0,0.0,0.5,0.0,64.217,0.000,0.0,697243.5
2026-09-09T00:15:18,0.1,3613,1547350,1532576,0.2,0.00,1.65,0.00,8.83,0.00,0.00,0.06,1.0,95830.0,95350.0,0.0,0.0,0.5,0.0,64.188,0.000,0.0,651520.5
2026-09-09T00:15:20,0.1,3612,1547350,1532577,0.2,0.00,1.26,0.00,5.02,0.00,0.00,0.00,1.0,95830.0,95350.0,0.0,0.0,0.5,0.0,64.168,0.000,0.0,637916.0
2026-09-09T00:15:30,0.1,3611,1547350,1532578,0.2,0.00,0.40,0.00,2.39,0.00,0.25,0.00,1.0,95830.0,95350.0,0.0,0.0,0.5,0.0,64.147,0.000,0.0,619749.5
2026-09-09T00:15:32,0.1,3612,1547350,1532577,0.2,0.00,1.10,0.00,4.39,0.00,0.00,0.00,1.0,95830.0,95350.0,0.0,0.0,0.5,0.0,64.157,0.000,0.0,675351.5
2026-09-09T00:15:34,0.1,3612,1547350,1532577,0.2,0.00,1.45,0.00,7.73,0.00,0.00,0.00,1.0,95830.0,95350.0,0.0,0.0,0.5,0.0,64.166,0.000,0.0,645447.0
2026-09-09T00:15:36,0.1,3612,1547350,1532577,0.2,0.00,0.75,0.00,3.00,0.00,0.00,0.00,1.0,95830.0,95350.0,0.0,0.0,0.5,0.0,64.158,0.000,0.0,639275.0
2026-09-09T00:15:39,0.1,3613,1547350,1532577,0.2,0.00,7.19,0.00,72.31,0.00,0.11,0.00,1.0,95830.0,95350.0,0.0,0.0,0.5,0.0,64.149,0.000,0.0,667722.0
2026-09-09T00:15:42,0.1,3612,1547350,1532577,0.2,0.00,0.55,0.00,2.19,0.00,0.00,0.00,1.0,95830.0,95350.0,0.0,0.0,0.5,0.0,64.185,0.000,0.0,702033.0
2026-09-09T00:15:45,0.1,3612,1547350,1532577,0.2,0.00,0.95,0.00,3.79,0.00,0.00,0.00,1.0,95830.0,95350.0,0.0,0.0,0.5,0.0,64.139,0.000,0.0,643044.5
2026-09-09T00:15:47,0.1,3612,1547350,1532577,0.2,0.00,1.98,0.00,9.92,0.00,0.00,0.05,1.0,95830.0,95350.0,0.0,0.0,0.5,0.0,64.155,0.000,0.0,635592.5
2026-09-09T00:15:50,0.1,3613,1547350,1532576,0.2,0.00,0.53,0.00,2.12,0.00,0.00,0.03,1.0,95830.0,95350.0,0.0,0.0,0.5,0.0,64.181,0.000,0.0,666269.0
2026-09-09T00:15:53,0.1,3612,1547350,1532577,0.2,0.00,0.97,0.00,5.15,0.00,0.00,0.00,1.0,95830.0,95350.0,0.0,0.0,0.5,0.0,64.162,0.000,0.0,650409.0
2026-09-09T00:15:55,0.1,3612,1547350,1532577,0.2,0.00,0.97,0.00,3.89,0.00,0.00,0.00,1.0,95830.0,95350.0,0.0,0.0,0.5,0.0,64.143,0.000,0.0,640161.5
2026-09-09T00:15:58,0.1,3611,1547350,1532578,0.2,0.00,1.75,0.00,10.49,0.00,0.25,0.00,1.0,95830.0,95350.0,0.0,0.0,0.5,0.0,64.153,0.000,0.0,634483.0
2026-09-09T00:16:00,0.1,3614,1547350,1532575,0.2,0.00,1.03,0.00,4.13,0.00,0.00,0.00,1.0,95830.0,95350.0,0.0,0.0,0.5,0.0,64.156,0.000,0.0,618988.0
2026-09-09T00:16:08,0.5,3708,1547350,1532481,0.2,0.00,29.06,0.00,415.55,0.00,0.06,0.01,1.0,95830.0,95350.0,0.0,0.0,0.5,0.0,64.132,0.000,0.0,621991.0
2026-09-09T00:16:12,0.8,3709,1547350,1532480,0.2,0.00,0.72,0.00,2.88,0.00,0.00,0.00,1.0,95830.0,95350.0,0.0,0.0,0.5,0.0,64.148,0.000,0.0,649490.0
2026-09-09T00:16:14,1.1,3746,1547350,1532443,0.2,0.00,2.62,0.00,50.21,0.00,0.00,0.00,1.0,95830.0,95350.0,0.0,0.0,0.5,0.0,64.139,0.000,0.0,652745.0
2026-09-09T00:16:16,1.1,3616,1547350,1532573,0.2,0.00,19.81,0.00,553.83,0.00,0.05,0.15,1.0,95830.0,95350.0,0.0,0.0,0.5,0.0,64.140,0.000,0.0,625164.5
2026-09-09T00:16:19,0.1,3613,1547350,1532576,0.2,0.00,0.54,0.00,2.17,0.00,0.50,0.00,1.0,95830.0,95350.0,0.0,0.0,0.5,0.0,64.156,0.000,0.0,630614.5
2026-09-09T00:16:24,0.0,3614,1547350,1532576,0.2,0.00,30.86,0.00,478.92,0.00,0.07,0.04,1.0,95830.0,95350.0,0.0,0.0,0.5,0.0,64.159,0.000,0.0,679909.5
2026-09-09T00:16:27,0.1,3613,1547350,1532576,0.2,0.00,0.62,0.00,2.49,0.00,0.00,0.00,1.0,95830.0,95350.0,0.0,0.0,0.5,0.0,64.144,0.000,0.0,681886.0
2026-09-09T00:16:29,0.1,3612,1547350,1532577,0.2,0.00,1.12,0.00,4.48,0.00,0.00,0.00,1.0,95830.0,95350.0,0.0,0.0,0.5,0.0,64.155,0.000,0.0,630630.5
2026-09-09T00:16:46,0.0,3606,1547350,1532583,0.2,0.00,5.25,0.00,68.14,0.00,0.14,0.01,1.0,95830.0,95350.0,0.0,0.0,0.5,0.0,64.117,0.000,0.0,604881.0
2026-09-09T00:16:53,0.1,3606,1547350,1532583,0.2,0.00,0.79,0.00,4.41,0.00,0.20,0.00,1.0,95830.0,95350.0,0.0,0.0,0.5,0.0,64.136,0.000,0.0,655912.5
2026-09-09T00:16:56,0.1,3606,1547350,1532583,0.2,0.00,0.55,0.00,2.22,0.00,0.00,0.00,1.0,95830.0,95350.0,0.0,0.0,0.5,0.0,64.135,0.000,0.0,636861.0
2026-09-09T00:16:59,0.1,3607,1547350,1532582,0.2,0.00,1.15,0.00,6.14,0.00,0.00,0.04,1.0,95830.0,95350.0,0.0,0.0,0.5,0.0,64.118,0.000,0.0,646039.5
2026-09-09T00:17:03,0.1,3613,1547350,1532576,0.2,0.00,0.46,0.00,1.84,0.00,0.00,0.00,1.0,95830.0,95350.0,0.0,0.0,0.5,0.0,64.111,0.000,0.0,624407.0
2026-09-09T00:17:08,0.1,3613,1547350,1532577,0.2,0.00,5.27,0.00,41.69,0.00,0.08,0.00,1.0,95830.0,95350.0,0.0,0.0,0.5,0.0,64.168,0.000,0.0,668914.0
2026-09-09T00:17:11,0.1,3610,1547350,1532579,0.2,0.00,1.36,0.00,6.55,0.00,0.20,0.00,1.0,95830.0,95350.0,0.0,0.0,0.5,0.0,64.117,0.000,0.0,639334.0
2026-09-09T00:17:15,0.1,3610,1547350,1532580,0.2,0.00,0.63,0.00,2.51,0.00,0.00,0.00,1.0,95830.0,95350.0,0.0,0.0,0.5,0.0,64.123,0.000,0.0,654287.0
2026-09-09T00:17:18,0.1,3610,1547350,1532579,0.2,0.00,0.91,0.00,4.83,0.00,0.00,0.00,1.0,95830.0,95350.0,0.0,0.0,0.5,0.0,64.124,0.000,0.0,644043.0
2026-09-09T00:17:23,0.0,3611,1547350,1532579,0.2,0.00,0.80,0.00,4.00,0.00,0.00,0.00,1.0,95830.0,95350.0,0.0,0.0,0.5,0.0,64.137,0.000,0.0,657469.5
2026-09-09T00:17:27,0.1,3611,1547350,1532578,0.2,0.00,0.73,0.00,3.90,0.00,0.33,0.00,1.0,95830.0,95350.0,0.0,0.0,0.5,0.0,64.135,0.000,0.0,657528.5
2026-09-09T00:17:31,0.1,3613,1547350,1532576,0.2,0.00,9.90,0.00,83.89,0.00,0.10,0.02,1.0,95830.0,95350.0,0.0,0.0,0.5,0.0,64.132,0.000,0.0,680158.5
2026-09-09T00:17:52,0.1,3614,1547350,1532575,0.2,0.00,0.24,0.00,1.16,0.00,0.00,0.00,1.0,95830.0,95350.0,0.0,0.0,0.5,0.0,64.148,0.000,0.0,654735.5
2026-09-09T00:17:56,0.1,3614,1547350,1532575,0.2,0.00,0.52,0.00,2.07,0.00,0.00,0.00,1.0,95830.0,95350.0,0.0,0.0,0.5,0.0,64.116,0.000,0.0,634412.0
2026-09-09T00:17:58,0.1,3614,1547350,1532575,0.2,0.00,1.43,0.00,7.16,0.00,0.25,0.00,1.0,95830.0,95350.0,0.0,0.0,0.5,0.0,64.130,0.000,0.0,658611.0
2026-09-09T00:18:02,0.1,3619,1547350,1532570,0.2,0.00,2.65,0.00,12.98,0.00,0.11,0.00,1.0,95830.0,95350.0,0.0,0.0,0.5,0.0,64.127,0.000,0.0,677309.5
2026-09-09T00:18:07,0.1,3620,1547350,1532570,0.2,0.00,0.38,0.00,1.53,0.00,0.00,0.00,1.0,95830.0,95350.0,0.0,0.0,0.5,0.0,64.135,0.000,0.0,691599.0
2026-09-09T00:18:10,0.1,3620,1547350,1532569,0.2,0.00,3.13,0.00,32.92,0.00,0.00,0.00,1.0,95830.0,95350.0,0.0,0.0,0.5,0.0,64.154,0.000,0.0,646427.5
2026-09-09T00:18:13,0.1,3617,1547350,1532572,0.2,0.00,0.51,0.00,2.03,0.00,0.00,0.00,1.0,95830.0,95350.0,0.0,0.0,0.5,0.0,64.147,0.000,0.0,652154.0
2026-09-09T00:18:31,0.1,3615,1547350,1532574,0.2,0.00,0.47,0.00,2.59,0.00,0.12,0.00,1.0,95830.0,95350.0,0.0,0.0,0.5,0.0,64.117,0.000,0.0,613569.0
2026-09-09T00:18:33,0.1,3616,1547350,1532574,0.2,0.00,1.01,0.00,5.40,0.00,0.00,0.00,1.0,95830.0,95350.0,0.0,0.0,0.5,0.0,64.133,0.000,0.0,0.0
2026-09-09T00:18:54,0.1,3616,1547350,1532573,0.2,0.00,0.80,0.00,6.04,0.00,0.06,0.00,1.0,95830.0,95350.0,0.0,0.0,0.5,0.0,64.126,0.000,0.0,588849.5
2026-09-09T00:18:57,0.1,3618,1547350,1532571,0.2,0.00,0.96,0.00,5.14,0.00,0.00,0.00,1.0,95830.0,95350.0,0.0,0.0,0.5,0.0,64.167,0.000,0.0,741782.5
2026-09-09T00:18:57,0.2,3623,1547350,1532566,0.2,0.00,12.28,0.00,60.03,0.00,0.11,0.00,1.0,95830.0,95350.0,0.0,0.0,0.5,0.0,64.129,0.000,0.0,615551.5
2026-09-09T00:19:04,0.1,3623,1547350,1532566,0.2,0.00,0.32,0.00,1.28,0.00,0.00,0.00,1.0,95830.0,95350.0,0.0,0.0,0.5,0.0,64.139,0.000,0.0,647257.0
2026-09-09T00:19:05,0.1,3621,1547350,1532568,0.2,0.00,2.76,0.00,13.26,0.00,0.20,0.00,1.0,95830.0,95350.0,0.0,0.0,0.5,0.0,64.139,0.000,0.0,635560.0
2026-09-09T00:19:08,0.1,3619,1547350,1532570,0.2,0.00,0.66,0.00,2.65,0.00,0.00,0.00,1.0,95830.0,95350.0,0.0,0.0,0.5,0.0,64.136,0.000,0.0,663469.5
2026-09-09T00:19:10,0.1,3620,1547350,1532569,0.2,0.00,2.00,0.00,24.72,0.00,0.00,0.00,1.0,95830.0,95350.0,0.0,0.0,0.5,0.0,64.136,0.000,0.0,750591.5
2026-09-09T00:19:12,0.1,3616,1547350,1532573,0.2,0.00,1.08,0.00,4.32,0.00,0.00,0.00,1.0,95830.0,95350.0,0.0,0.0,0.5,0.0,64.137,0.000,0.0,704287.5
2026-09-09T00:19:13,0.1,3616,1547350,1532574,0.2,0.00,4.85,0.00,25.87,0.00,0.00,0.00,1.0,95830.0,95350.0,0.0,0.0,0.5,0.0,64.160,0.000,0.0,641372.5
2026-09-09T00:19:15,0.1,3615,1547350,1532574,0.2,0.00,0.84,0.00,3.35,0.00,0.50,0.00,1.0,95830.0,95350.0,0.0,0.0,0.5,0.0,64.138,0.000,0.0,641185.0
2026-09-09T00:19:18,0.1,3615,1547350,1532574,0.2,0.00,1.11,0.00,5.94,0.00,0.00,0.00,1.0,95830.0,95350.0,0.0,0.0,0.5,0.0,64.135,0.000,0.0,631607.5
2026-09-09T00:19:21,0.1,3615,1547350,1532574,0.2,0.00,1.12,0.00,5.98,0.00,0.00,0.00,1.0,95830.0,95350.0,0.0,0.0,0.5,0.0,64.163,0.000,0.0,615471.0
2026-09-09T00:19:28,0.1,3616,1547350,1532573,0.2,0.00,0.44,0.00,2.34,0.00,0.00,0.00,1.0,95830.0,95350.0,0.0,0.0,0.5,0.0,64.154,0.000,0.0,639953.5
2026-09-09T00:19:30,0.1,3615,1547350,1532575,0.2,0.00,0.81,0.00,3.24,0.00,0.00,0.00,1.0,95830.0,95350.0,0.0,0.0,0.5,0.0,64.150,0.000,0.0,645298.0
2026-09-09T00:19:32,0.1,3613,1547350,1532576,0.2,0.00,1.10,0.00,4.38,0.00,0.00,0.00,1.0,95830.0,95350.0,0.0,0.0,0.5,0.0,64.197,0.000,0.0,661740.0
2026-09-09T00:19:35,0.1,3616,1547350,1532573,0.2,0.00,1.48,0.00,7.39,0.00,0.25,0.00,1.0,95830.0,95350.0,0.0,0.0,0.5,0.0,64.175,0.000,0.0,634269.5
2026-09-09T00:19:38,0.1,3617,1547350,1532573,0.2,0.00,0.69,0.00,2.76,0.00,0.00,0.00,1.0,95830.0,95350.0,0.0,0.0,0.5,0.0,64.165,0.000,0.0,631762.0
2026-09-09T00:19:40,0.1,3617,1547350,1532573,0.2,0.00,8.18,0.00,50.48,0.00,0.09,0.04,1.0,95830.0,95350.0,0.0,0.0,0.5,0.0,64.150,0.000,0.0,631762.0
2026-09-09T00:19:41,0.1,3617,1547350,1532572,0.2,0.00,3.14,0.00,16.74,0.00,0.00,0.00,1.0,95830.0,95350.0,0.0,0.0,0.5,0.0,64.166,0.000,0.0,655083.0
2026-09-09T00:19:44,0.1,3617,1547350,1532573,0.2,0.00,0.69,0.00,2.75,0.00,0.00,0.00,1.0,95830.0,95350.0,0.0,0.0,0.5,0.0,64.185,0.000,0.0,640542.0
2026-09-09T00:19:47,0.1,3618,1547350,1532572,0.2,0.00,1.12,0.00,5.95,0.00,0.00,0.00,1.0,95830.0,95350.0,0.0,0.0,0.5,0.0,64.172,0.000,0.0,677955.5
2026-09-09T00:19:49,0.1,3617,1547350,1532572,0.2,0.00,0.78,0.00,3.12,0.00,0.50,0.04,1.0,95830.0,95350.0,0.0,0.0,0.5,0.0,64.163,0.000,0.0,673542.5
2026-09-09T00:19:52,0.1,3616,1547350,1532573,0.2,0.00,0.72,0.00,4.34,0.00,0.00,0.00,1.0,95830.0,95350.0,0.0,0.0,0.5,0.0,64.156,0.000,0.0,798835.5
2026-09-09T00:19:56,0.1,3616,1547350,1532573,0.2,0.00,0.59,0.00,2.36,0.00,0.00,0.00,1.0,95830.0,95350.0,0.0,0.0,0.5,0.0,64.160,0.000,0.0,683595.5
2026-09-09T00:19:58,0.1,3616,1547350,1532573,0.2,0.00,1.11,0.00,5.93,0.00,0.00,0.00,1.0,95830.0,95350.0,0.0,0.0,0.5,0.0,64.178,0.000,0.0,626640.0
2026-09-09T00:20:02,0.1,3624,1547350,1532565,0.2,0.00,2.57,0.00,12.55,0.00,0.11,0.00,1.0,95830.0,95350.0,0.0,0.0,0.5,0.0,64.184,0.000,0.0,632163.0
2026-09-09T00:20:06,0.1,3625,1547350,1532565,0.2,0.00,0.52,0.00,2.08,0.00,0.00,0.00,1.0,95830.0,95350.0,0.0,0.0,0.5,0.0,64.177,0.000,0.0,626732.5
2026-09-09T00:20:08,0.1,3625,1547350,1532564,0.2,0.00,1.77,0.00,16.13,0.00,0.00,0.00,1.0,95830.0,95350.0,0.0,0.0,0.5,0.0,64.153,0.000,0.0,628869.5
2026-09-09T00:20:12,0.1,3622,1547350,1532568,0.2,0.00,0.58,0.00,2.33,0.00,0.00,0.00,1.0,95830.0,95350.0,0.0,0.0,0.5,0.0,64.190,0.000,0.0,821878.0
2026-09-09T00:20:14,0.1,3623,1547350,1532566,0.2,0.00,3.01,0.00,16.06,0.00,0.17,0.00,1.0,95830.0,95350.0,0.0,0.0,0.5,0.0,64.195,0.000,0.0,667884.5
2026-09-09T00:20:17,0.1,3623,1547350,1532566,0.2,0.00,0.56,0.00,2.25,0.00,0.00,0.00,1.0,95830.0,95350.0,0.0,0.0,0.5,0.0,64.190,0.000,0.0,663390.5
2026-09-09T00:20:21,0.1,3623,1547350,1532566,0.2,0.00,0.96,0.00,5.14,0.00,0.00,0.00,1.0,95830.0,95350.0,0.0,0.0,0.5,0.0,64.171,0.000,0.0,660974.5
2026-09-09T00:20:24,0.1,3623,1547350,1532566,0.2,0.00,0.55,0.00,2.22,0.00,0.00,0.00,1.0,95830.0,95350.0,0.0,0.0,0.5,0.0,64.180,0.000,0.0,641406.0
2026-09-09T00:20:28,0.1,3623,1547350,1532566,0.2,0.00,0.76,0.00,4.04,0.00,0.33,0.00,1.0,95830.0,95350.0,0.0,0.0,0.5,0.0,64.191,0.000,0.0,624281.0
2026-09-09T00:20:32,0.1,3623,1547350,1532566,0.2,0.00,0.80,0.00,4.26,0.00,0.00,0.00,1.0,95830.0,95350.0,0.0,0.0,0.5,0.0,64.189,0.000,0.0,632261.5
2026-09-09T00:20:35,0.1,3623,1547350,1532566,0.2,0.00,0.66,0.00,2.66,0.00,0.00,0.00,1.0,95830.0,95350.0,0.0,0.0,0.5,0.0,64.173,0.000,0.0,654531.0
2026-09-09T00:20:37,0.1,3623,1547350,1532566,0.2,0.00,1.20,0.00,4.81,0.00,0.00,0.00,1.0,95830.0,95350.0,0.0,0.0,0.5,0.0,64.209,0.000,0.0,654132.0
2026-09-09T00:20:40,0.1,3624,1547350,1532565,0.2,0.00,4.84,0.00,34.63,0.00,0.06,0.00,1.0,95830.0,95350.0,0.0,0.0,0.5,0.0,64.200,0.000,0.0,627933.5
2026-09-09T00:20:43,0.1,3623,1547350,1532567,0.2,0.00,0.59,0.00,2.37,0.00,0.00,0.00,1.0,95830.0,95350.0,0.0,0.0,0.5,0.0,64.184,0.000,0.0,672309.5
2026-09-09T00:20:45,0.1,3623,1547350,1532566,0.2,0.00,1.69,0.00,9.02,0.00,0.00,0.00,1.0,95830.0,95350.0,0.0,0.0,0.5,0.0,64.188,0.000,0.0,625587.0
2026-09-09T00:20:49,0.1,3625,1547350,1532564,0.2,0.00,0.81,0.00,4.34,0.00,0.33,0.03,1.0,95830.0,95350.0,0.0,0.0,0.5,0.0,64.167,0.000,0.0,633842.5
2026-09-09T00:20:52,0.1,3626,1547350,1532563,0.2,0.00,0.66,0.00,2.63,0.00,0.00,0.00,1.0,95830.0,95350.0,0.0,0.0,0.5,0.0,64.204,0.000,0.0,633335.5
2026-09-09T00:20:57,0.0,3625,1547350,1532564,0.2,0.00,0.64,0.00,3.40,0.00,0.00,0.00,1.0,95830.0,95350.0,0.0,0.0,0.5,0.0,64.228,0.000,0.0,646312.5
2026-09-09T00:21:01,0.1,3629,1547350,1532561,0.2,0.00,0.50,0.00,2.01,0.00,0.00,0.00,1.0,95830.0,95350.0,0.0,0.0,0.5,0.0,64.227,0.000,0.0,618145.0
2026-09-09T00:21:04,0.1,3628,1547350,1532561,0.2,0.00,2.46,0.00,10.93,0.00,0.11,0.00,1.0,95830.0,95350.0,0.0,0.0,0.5,0.0,64.213,0.000,0.0,650861.0
2026-09-09T00:21:08,0.1,3629,1547350,1532560,0.2,0.00,1.44,0.00,9.25,0.00,0.00,0.00,1.0,95830.0,95350.0,0.0,0.0,0.5,0.0,64.210,0.000,0.0,645527.5
2026-09-09T00:21:12,0.1,3627,1547350,1532562,0.2,0.00,1.45,0.00,8.12,0.00,0.20,0.00,1.0,95830.0,95350.0,0.0,0.0,0.5,0.0,64.219,0.000,0.0,624307.0
2026-09-09T00:21:17,0.1,3627,1547350,1532562,0.2,0.00,0.42,0.00,1.67,0.00,0.00,0.00,1.0,95830.0,95350.0,0.0,0.0,0.5,0.0,64.228,0.000,0.0,621736.5
2026-09-09T00:21:21,0.0,3627,1547350,1532562,0.2,0.00,0.84,0.00,5.04,0.00,0.00,0.00,1.0,95830.0,95350.0,0.0,0.0,0.5,0.0,64.243,0.000,0.0,622545.0
2026-09-09T00:21:26,0.0,3627,1547350,1532562,0.2,0.00,0.72,0.00,3.85,0.00,0.00,0.00,1.0,95830.0,95350.0,0.0,0.0,0.5,0.0,64.230,0.000,0.0,622317.5
2026-09-09T00:21:30,0.1,3628,1547350,1532561,0.2,0.00,0.70,0.00,3.75,0.00,0.00,0.00,1.0,95830.0,95350.0,0.0,0.0,0.5,0.0,64.239,0.000,0.0,622500.0
2026-09-09T00:21:34,0.1,3630,1547350,1532560,0.2,0.00,0.46,0.00,1.84,0.00,0.50,0.00,1.0,95830.0,95350.0,0.0,0.0,0.5,0.0,64.213,0.000,0.0,644040.0
2026-09-09T00:21:36,0.1,3630,1547350,1532560,0.2,0.00,1.19,0.00,4.78,0.00,0.00,0.00,1.0,95830.0,95350.0,0.0,0.0,0.5,0.0,64.231,0.000,0.0,740771.5
2026-09-09T00:21:37,0.1,3630,1547350,1532559,0.2,0.00,2.78,0.00,14.81,0.00,0.00,0.00,1.0,95830.0,95350.0,0.0,0.0,0.5,0.0,64.211,0.000,0.0,627648.0
2026-09-09T00:21:40,0.1,3629,1547350,1532560,0.2,0.00,1.80,0.00,21.71,0.00,0.00,0.00,1.0,95830.0,95350.0,0.0,0.0,0.5,0.0,64.234,0.000,0.0,637334.5
2026-09-09T00:21:43,0.1,3630,1547350,1532560,0.2,0.00,1.57,0.00,7.84,0.00,0.00,0.00,1.0,95830.0,95350.0,0.0,0.0,0.5,0.0,64.219,0.000,0.0,665983.0
2026-09-09T00:21:46,0.1,3630,1547350,1532559,0.2,0.00,0.68,0.00,2.71,0.00,0.00,0.00,1.0,95830.0,95350.0,0.0,0.0,0.5,0.0,64.249,0.000,0.0,746218.0
2026-09-09T00:21:49,0.1,3629,1547350,1532560,0.2,0.00,0.74,0.00,2.95,0.00,0.50,0.00,1.0,95830.0,95350.0,0.0,0.0,0.5,0.0,64.228,0.000,0.0,771590.0
2026-09-09T00:21:50,0.1,3630,1547350,1532560,0.2,0.00,3.00,0.00,16.02,0.00,0.00,0.00,1.0,95830.0,95350.0,0.0,0.0,0.5,0.0,64.226,0.000,0.0,771590.0
2026-09-09T00:21:51,0.1,3630,1547350,1532559,0.2,0.00,2.01,0.00,8.03,0.00,0.00,0.00,1.0,95830.0,95350.0,0.0,0.0,0.5,0.0,64.269,0.000,0.0,698797.5
2026-09-09T00:21:51,0.1,3630,1547350,1532560,0.2,0.00,2.17,0.00,8.70,0.00,0.00,0.00,1.0,95830.0,95350.0,0.0,0.0,0.5,0.0,64.220,0.000,0.0,698797.5
2026-09-09T00:21:52,0.1,3630,1547350,1532559,0.2,0.00,2.56,0.00,10.26,0.00,0.00,0.00,1.0,95830.0,95350.0,0.0,0.0,0.5,0.0,64.258,0.000,0.0,656084.0
2026-09-09T00:21:57,0.1,3630,1547350,1532559,0.2,0.00,0.68,0.00,3.63,0.00,0.00,0.00,1.0,95830.0,95350.0,0.0,0.0,0.5,0.0,64.209,0.000,0.0,662383.5
2026-09-09T00:21:59,0.1,3630,1547350,1532559,0.2,0.00,0.76,0.00,3.05,0.00,0.00,0.00,1.0,95830.0,95350.0,0.0,0.0,0.5,0.0,64.218,0.000,0.0,626594.5
2026-09-09T00:22:03,0.1,3632,1547350,1532557,0.2,0.00,2.34,0.00,10.42,0.00,0.11,0.00,1.0,95830.0,95350.0,0.0,0.0,0.5,0.0,64.234,0.000,0.0,625314.0
2026-09-09T00:22:06,0.1,3633,1547350,1532557,0.2,0.00,0.88,0.00,4.72,0.00,0.00,0.00,1.0,95830.0,95350.0,0.0,0.0,0.5,0.0,64.257,0.000,0.0,625626.5
2026-09-09T00:22:10,0.1,3629,1547350,1532560,0.2,0.00,1.62,0.00,10.09,0.00,0.00,0.00,1.0,95830.0,95350.0,0.0,0.0,0.5,0.0,64.265,0.000,0.0,626104.5
2026-09-09T00:22:14,0.1,3629,1547350,1532560,0.2,0.00,1.66,0.00,7.75,0.00,0.17,0.00,1.0,95830.0,95350.0,0.0,0.0,0.5,0.0,64.214,0.000,0.0,706714.5
2026-09-09T00:22:16,0.1,3628,1547350,1532561,0.2,0.00,0.88,0.00,3.51,0.00,0.00,0.04,1.0,95830.0,95350.0,0.0,0.0,0.5,0.0,64.263,0.000,0.0,643582.0
2026-09-09T00:22:21,0.1,3629,1547350,1532560,0.2,0.00,0.67,0.00,3.57,0.00,0.00,0.00,1.0,95830.0,95350.0,0.0,0.0,0.5,0.0,64.272,0.000,0.0,719831.0
2026-09-09T00:22:22,0.1,3628,1547350,1532561,0.2,0.00,1.51,0.00,6.04,0.00,0.00,0.00,1.0,95830.0,95350.0,0.0,0.0,0.5,0.0,64.237,0.000,0.0,648011.0
2026-09-09T00:22:25,0.1,3627,1547350,1532562,0.2,0.00,1.60,0.00,7.68,0.00,0.20,0.00,1.0,95830.0,95350.0,0.0,0.0,0.5,0.0,64.210,0.000,0.0,624228.0
2026-09-09T00:22:29,0.1,3628,1547350,1532561,0.2,0.00,1.01,0.00,4.04,0.00,0.00,0.00,1.0,95830.0,95350.0,0.0,0.0,0.5,0.0,64.275,0.000,0.0,647782.5
2026-09-09T00:22:32,0.1,3628,1547350,1532562,0.2,0.00,0.62,0.00,2.47,0.00,0.00,0.00,1.0,95830.0,95350.0,0.0,0.0,0.5,0.0,64.305,0.000,0.0,648006.5
2026-09-09T00:22:35,0.1,3628,1547350,1532562,0.2,0.00,1.57,0.00,6.27,0.00,0.00,0.00,1.0,95830.0,95350.0,0.0,0.0,0.5,0.0,64.303,0.000,0.0,633272.0
2026-09-09T00:22:38,0.1,3627,1547350,1532562,0.2,0.00,0.65,0.00,2.59,0.00,0.00,0.00,1.0,95830.0,95350.0,0.0,0.0,0.5,0.0,64.255,0.000,0.0,660092.0
2026-09-09T00:22:41,0.1,3628,1547350,1532562,0.2,0.00,2.39,0.00,23.87,0.00,0.12,0.00,1.0,95830.0,95350.0,0.0,0.0,0.5,0.0,64.291,0.000,0.0,630104.5
2026-09-09T00:22:45,0.1,3627,1547350,1532562,0.2,0.00,0.59,0.00,2.36,0.00,0.00,0.00,1.0,95830.0,95350.0,0.0,0.0,0.5,0.0,64.274,0.000,0.0,625866.0
2026-09-09T00:22:49,0.1,3628,1547350,1532561,0.2,0.00,1.18,0.00,4.73,0.00,0.00,0.00,1.0,95830.0,95350.0,0.0,0.0,0.5,0.0,64.257,0.000,0.0,635937.5
2026-09-09T00:22:51,0.1,3627,1547350,1532562,0.2,0.00,1.01,0.00,4.05,0.00,0.00,0.00,1.0,95830.0,95350.0,0.0,0.0,0.5,0.0,64.285,0.000,0.0,628060.5
2026-09-09T00:22:54,0.1,3627,1547350,1532563,0.2,0.00,1.18,0.00,4.71,0.00,0.25,0.00,1.0,95830.0,95350.0,0.0,0.0,0.5,0.0,64.263,0.000,0.0,626478.0
2026-09-09T00:22:58,0.1,3627,1547350,1532562,0.2,0.00,1.08,0.00,4.32,0.00,0.00,0.03,1.0,95830.0,95350.0,0.0,0.0,0.5,0.0,64.254,0.000,0.0,637255.5
2026-09-09T00:23:00,0.1,3627,1547350,1532562,0.2,0.00,0.89,0.00,3.56,0.00,0.00,0.00,1.0,95830.0,95350.0,0.0,0.0,0.5,0.0,64.252,0.000,0.0,631943.5
2026-09-09T00:23:03,0.1,3628,1547350,1532562,0.2,0.00,3.19,0.00,12.76,0.00,0.10,0.00,1.0,95830.0,95350.0,0.0,0.0,0.5,0.0,64.272,0.000,0.0,629355.5
2026-09-09T00:23:07,0.1,3628,1547350,1532561,0.2,0.00,0.48,0.00,1.93,0.00,0.00,0.02,1.0,95830.0,95350.0,0.0,0.0,0.5,0.0,64.229,0.000,0.0,655080.0
2026-09-09T00:23:09,0.1,3627,1547350,1532562,0.2,0.00,4.55,0.00,30.73,0.00,0.12,0.00,1.0,95830.0,95350.0,0.0,0.0,0.5,0.0,64.254,0.000,0.0,622653.0
2026-09-09T00:23:13,0.1,3628,1547350,1532561,0.2,0.00,0.47,0.00,1.87,0.00,0.00,0.00,1.0,95830.0,95350.0,0.0,0.0,0.5,0.0,64.278,0.000,0.0,627242.0
2026-09-09T00:23:18,0.1,3628,1547350,1532562,0.2,0.00,1.17,0.00,4.70,0.00,0.00,0.00,1.0,95830.0,95350.0,0.0,0.0,0.5,0.0,64.225,0.000,0.0,635894.0
2026-09-09T00:23:22,0.1,3626,1547350,1532563,0.2,0.00,0.94,0.00,3.74,0.00,0.00,0.00,1.0,95830.0,95350.0,0.0,0.0,0.5,0.0,64.225,0.000,0.0,622979.0
2026-09-09T00:23:26,0.0,3625,1547350,1532564,0.2,0.00,0.54,0.00,2.15,0.00,0.00,0.00,1.0,95830.0,95350.0,0.0,0.0,0.5,0.0,64.219,0.000,0.0,631465.0
2026-09-09T00:23:30,0.0,3626,1547350,1532564,0.2,0.00,0.65,0.00,5.19,0.00,0.33,0.02,1.0,95830.0,95350.0,0.0,0.0,0.5,0.0,64.191,0.000,0.0,626528.5
2026-09-09T00:23:35,0.0,3626,1547350,1532564,0.2,0.00,0.78,0.00,3.12,0.00,0.00,0.02,1.0,95830.0,95350.0,0.0,0.0,0.5,0.0,64.207,0.000,0.0,642616.5
2026-09-09T00:23:39,0.1,3627,1547350,1532562,0.2,0.00,1.11,0.00,4.44,0.00,0.00,0.00,1.0,95830.0,95350.0,0.0,0.0,0.5,0.0,64.181,0.000,0.0,655450.0
2026-09-09T00:23:43,0.1,3626,1547350,1532563,0.2,0.00,4.54,0.00,42.85,0.00,0.12,0.00,1.0,95830.0,95350.0,0.0,0.0,0.5,0.0,64.202,0.000,0.0,653400.5
2026-09-09T00:23:46,0.1,3626,1547350,1532563,0.2,0.00,1.07,0.00,4.29,0.00,0.00,0.03,1.0,95830.0,95350.0,0.0,0.0,0.5,0.0,64.193,0.000,0.0,646337.0
2026-09-09T00:23:49,0.1,3627,1547350,1532562,0.2,0.00,0.69,0.00,2.77,0.00,0.00,0.00,1.0,95830.0,95350.0,0.0,0.0,0.5,0.0,64.189,0.000,0.0,631745.0
2026-09-09T00:23:54,0.1,3627,1547350,1532562,0.2,0.00,1.16,0.00,4.63,0.00,0.00,0.00,1.0,95830.0,95350.0,0.0,0.0,0.5,0.0,64.177,0.000,0.0,694113.5
2026-09-09T00:23:55,0.1,3626,1547350,1532563,0.2,0.00,1.73,0.00,6.91,0.00,0.00,0.00,1.0,95830.0,95350.0,0.0,0.0,0.5,0.0,64.157,0.000,0.0,642214.0
2026-09-09T00:23:57,0.1,3626,1547350,1532563,0.2,0.00,1.79,0.00,7.15,0.00,0.25,0.00,1.0,95830.0,95350.0,0.0,0.0,0.5,0.0,64.191,0.000,0.0,653607.5
2026-09-09T00:24:00,0.1,3630,1547350,1532559,0.2,0.00,0.78,0.00,3.12,0.00,0.00,0.00,1.0,95830.0,95350.0,0.0,0.0,0.5,0.0,64.180,0.000,0.0,624308.0
2026-09-09T00:24:04,0.1,3629,1547350,1532560,0.2,0.00,2.24,0.00,8.98,0.00,0.10,0.00,1.0,95830.0,95350.0,0.0,0.0,0.5,0.0,64.170,0.000,0.0,677251.0
2026-09-09T00:24:05,0.1,3629,1547350,1532560,0.2,0.00,1.53,0.00,6.13,0.00,0.00,0.00,1.0,95830.0,95350.0,0.0,0.0,0.5,0.0,64.195,0.000,0.0,623222.0
2026-09-09T00:24:09,0.0,3627,1547350,1532563,0.2,0.00,1.48,0.00,10.60,0.00,0.17,0.00,1.0,95830.0,95350.0,0.0,0.0,0.5,0.0,64.163,0.000,0.0,624882.5
2026-09-09T00:24:13,0.1,3626,1547350,1532563,0.2,0.00,1.56,0.00,6.25,0.00,0.00,0.00,1.0,95830.0,95350.0,0.0,0.0,0.5,0.0,64.145,0.000,0.0,626441.0
2026-09-09T00:24:18,0.0,3627,1547350,1532563,0.2,0.00,0.91,0.00,3.63,0.00,0.00,0.00,1.0,95830.0,95350.0,0.0,0.0,0.5,0.0,64.155,0.000,0.0,643241.5
2026-09-09T00:24:23,0.0,3627,1547350,1532562,0.2,0.00,0.37,0.00,1.47,0.00,0.00,0.00,1.0,95830.0,95350.0,0.0,0.0,0.5,0.0,64.168,0.000,0.0,626200.0
2026-09-09T00:24:27,0.1,3627,1547350,1532562,0.2,0.00,1.28,0.00,5.12,0.00,0.20,0.03,1.0,95830.0,95350.0,0.0,0.0,0.5,0.0,64.163,0.000,0.0,738325.0
2026-09-09T00:24:28,0.1,3626,1547350,1532563,0.2,0.00,3.85,0.00,18.48,0.00,0.00,0.00,1.0,95830.0,95350.0,0.0,0.0,0.5,0.0,64.129,0.000,0.0,620553.5
2026-09-09T00:24:33,0.0,3625,1547350,1532564,0.2,0.00,0.45,0.00,1.82,0.00,0.00,0.00,1.0,95830.0,95350.0,0.0,0.0,0.5,0.0,64.171,0.000,0.0,628424.5
2026-09-09T00:24:36,0.1,3626,1547350,1532563,0.2,0.00,1.16,0.00,4.66,0.00,0.00,0.00,1.0,95830.0,95350.0,0.0,0.0,0.5,0.0,64.138,0.000,0.0,626641.0
2026-09-09T00:24:40,0.1,3627,1547350,1532562,0.2,0.00,2.59,0.00,24.40,0.00,0.09,0.00,1.0,95830.0,95350.0,0.0,0.0,0.5,0.0,64.153,0.000,0.0,643725.0
2026-09-09T00:24:44,0.1,3627,1547350,1532562,0.2,0.00,1.25,0.00,4.99,0.00,0.00,0.00,1.0,95830.0,95350.0,0.0,0.0,0.5,0.0,64.124,0.000,0.0,638539.5
2026-09-09T00:24:46,0.1,3626,1547350,1532563,0.2,0.00,0.82,0.00,3.29,0.00,0.50,0.00,1.0,95830.0,95350.0,0.0,0.0,0.5,0.0,64.144,0.000,0.0,634634.5
2026-09-09T00:24:49,0.1,3626,1547350,1532563,0.2,0.00,1.46,0.00,5.85,0.00,0.00,0.00,1.0,95830.0,95350.0,0.0,0.0,0.5,0.0,64.141,0.000,0.0,661097.5
2026-09-09T00:24:52,0.0,3626,1547350,1532564,0.2,0.00,0.60,0.00,2.40,0.00,0.00,0.00,1.0,95830.0,95350.0,0.0,0.0,0.5,0.0,64.142,0.000,0.0,661170.5
2026-09-09T00:24:56,0.1,3630,1547350,1532560,0.2,0.00,1.14,0.00,4.58,0.00,0.00,0.00,1.0,95830.0,95350.0,0.0,0.0,0.5,0.0,64.140,0.000,0.0,673484.5
2026-09-09T00:24:59,0.1,3629,1547350,1532560,0.2,0.00,1.66,0.00,6.64,0.00,0.00,0.00,1.0,95830.0,95350.0,0.0,0.0,0.5,0.0,64.124,0.000,0.0,698337.0
2026-09-09T00:25:04,0.1,3633,1547350,1532556,0.2,0.00,0.38,0.00,1.52,0.00,0.50,0.00,1.0,95830.0,95350.0,0.0,0.0,0.5,0.0,64.153,0.000,0.0,640175.0
2026-09-09T00:25:08,0.1,3633,1547350,1532556,0.2,0.00,2.58,0.00,11.28,0.00,0.09,0.00,1.0,95830.0,95350.0,0.0,0.0,0.5,0.0,64.132,0.000,0.0,643025.5
2026-09-09T00:25:12,0.1,3630,1547350,1532559,0.2,0.00,4.02,0.00,19.41,0.00,0.07,0.00,1.0,95830.0,95350.0,0.0,0.0,0.5,0.0,64.123,0.000,0.0,667024.5
2026-09-09T00:25:15,0.1,3630,1547350,1532560,0.2,0.00,0.85,0.00,3.39,0.00,0.00,0.00,1.0,95830.0,95350.0,0.0,0.0,0.5,0.0,64.121,0.000,0.0,689928.5
2026-09-09T00:25:17,0.1,3630,1547350,1532559,0.2,0.00,1.93,0.00,7.71,0.00,0.00,0.05,1.0,95830.0,95350.0,0.0,0.0,0.5,0.0,64.143,0.000,0.0,644084.0
2026-09-09T00:25:22,0.0,3630,1547350,1532560,0.2,0.00,0.48,0.00,1.91,0.00,0.50,0.00,1.0,95830.0,95350.0,0.0,0.0,0.5,0.0,64.139,0.000,0.0,682486.0
2026-09-09T00:25:25,0.1,3631,1547350,1532558,0.2,0.00,1.33,0.00,5.33,0.00,0.00,0.00,1.0,95830.0,95350.0,0.0,0.0,0.5,0.0,64.122,0.000,0.0,625268.0
2026-09-09T00:25:28,0.1,3633,1547350,1532557,0.2,0.00,1.32,0.00,5.28,0.00,0.00,0.00,1.0,95830.0,95350.0,0.0,0.0,0.5,0.0,64.123,0.000,0.0,647799.5
2026-09-09T00:25:31,0.1,3631,1547350,1532558,0.2,0.00,0.65,0.00,2.61,0.00,0.00,0.03,1.0,95830.0,95350.0,0.0,0.0,0.5,0.0,64.118,0.000,0.0,621322.5
2026-09-09T00:25:36,0.0,3631,1547350,1532558,0.2,0.00,1.07,0.00,5.13,0.00,0.20,0.00,1.0,95830.0,95350.0,0.0,0.0,0.5,0.0,64.132,0.000,0.0,635567.5
2026-09-09T00:25:38,0.1,3631,1547350,1532558,0.2,0.00,0.97,0.00,3.87,0.00,0.00,0.05,1.0,95830.0,95350.0,0.0,0.0,0.5,0.0,64.145,0.000,0.0,628934.5
2026-09-09T00:25:41,0.1,3632,1547350,1532557,0.2,0.00,6.95,0.00,61.13,0.00,0.11,0.00,1.0,95830.0,95350.0,0.0,0.0,0.5,0.0,64.124,0.000,0.0,629282.0
2026-09-09T00:25:44,0.1,3632,1547350,1532558,0.2,0.00,0.62,0.00,2.47,0.00,0.00,0.00,1.0,95830.0,95350.0,0.0,0.0,0.5,0.0,64.138,0.000,0.0,624843.5
2026-09-09T00:25:48,0.0,3632,1547350,1532557,0.2,0.00,0.76,0.00,4.07,0.00,0.00,0.00,1.0,95830.0,95350.0,0.0,0.0,0.5,0.0,64.117,0.000,0.0,627180.0
2026-09-09T00:25:51,0.1,3632,1547350,1532557,0.2,0.00,0.91,0.00,4.86,0.00,0.00,0.00,1.0,95830.0,95350.0,0.0,0.0,0.5,0.0,64.108,0.000,0.0,662014.0
2026-09-09T00:25:54,0.1,3631,1547350,1532558,0.2,0.00,0.68,0.00,2.72,0.00,0.00,0.00,1.0,95830.0,95350.0,0.0,0.0,0.5,0.0,64.117,0.000,0.0,658450.0
2026-09-09T00:25:58,0.1,3633,1547350,1532557,0.2,0.00,0.87,0.00,4.61,0.00,0.00,0.00,1.0,95830.0,95350.0,0.0,0.0,0.5,0.0,64.123,0.000,0.0,657252.5
2026-09-09T00:26:00,0.1,3636,1547350,1532553,0.2,0.00,0.78,0.00,3.11,0.00,0.00,0.00,1.0,95830.0,95350.0,0.0,0.0,0.5,0.0,64.117,0.000,0.0,635966.5
2026-09-09T00:26:05,0.1,3639,1547350,1532550,0.2,0.00,2.17,0.00,9.54,0.00,0.10,0.00,1.0,95830.0,95350.0,0.0,0.0,0.5,0.0,64.131,0.000,0.0,633418.5
2026-09-09T00:26:10,0.0,3635,1547350,1532554,0.2,0.00,0.58,0.00,3.10,0.00,0.00,0.00,1.0,95830.0,95350.0,0.0,0.0,0.5,0.0,64.118,0.000,0.0,635339.0
2026-09-09T00:26:14,0.1,3635,1547350,1532554,0.2,0.00,1.87,0.00,10.87,0.00,0.12,0.00,1.0,95830.0,95350.0,0.0,0.0,0.5,0.0,64.124,0.000,0.0,645322.5
2026-09-09T00:26:19,0.0,3635,1547350,1532554,0.2,0.00,0.69,0.00,3.67,0.00,0.00,0.02,1.0,95830.0,95350.0,0.0,0.0,0.5,0.0,64.125,0.000,0.0,628073.5
2026-09-09T00:26:22,0.1,3635,1547350,1532554,0.2,0.00,0.54,0.00,2.15,0.00,0.00,0.00,1.0,95830.0,95350.0,0.0,0.0,0.5,0.0,64.094,0.000,0.0,623845.5
2026-09-09T00:26:26,0.0,3635,1547350,1532554,0.2,0.00,0.79,0.00,4.20,0.00,0.33,0.03,1.0,95830.0,95350.0,0.0,0.0,0.5,0.0,64.095,0.000,0.0,625382.5
2026-09-09T00:26:30,0.0,3635,1547350,1532554,0.2,0.00,1.14,0.00,5.69,0.00,0.00,0.00,1.0,95830.0,95350.0,0.0,0.0,0.5,0.0,64.116,0.000,0.0,618396.0
2026-09-09T00:26:35,0.0,3634,1547350,1532555,0.2,0.00,0.74,0.00,4.42,0.00,0.00,0.00,1.0,95830.0,95350.0,0.0,0.0,0.5,0.0,64.118,0.000,0.0,622293.5
2026-09-09T00:26:40,0.0,3634,1547350,1532555,0.2,0.00,0.39,0.00,1.55,0.00,0.00,0.00,1.0,95830.0,95350.0,0.0,0.0,0.5,0.0,64.132,0.000,0.0,691672.0
2026-09-09T00:26:44,0.1,3634,1547350,1532555,0.2,0.00,4.26,0.00,39.89,0.00,0.07,0.00,1.0,95830.0,95350.0,0.0,0.0,0.5,0.0,64.113,0.000,0.0,689495.5
2026-09-09T00:26:47,0.1,3635,1547350,1532554,0.2,0.00,0.63,0.00,2.52,0.00,0.00,0.00,1.0,95830.0,95350.0,0.0,0.0,0.5,0.0,64.135,0.000,0.0,643724.5
2026-09-09T00:26:49,0.1,3635,1547350,1532555,0.2,0.00,1.13,0.00,6.01,0.00,0.00,0.00,1.0,95830.0,95350.0,0.0,0.0,0.5,0.0,64.139,0.000,0.0,759450.5
2026-09-09T00:26:51,0.1,3634,1547350,1532555,0.2,0.00,1.17,0.00,4.67,0.00,0.50,0.00,1.0,95830.0,95350.0,0.0,0.0,0.5,0.0,64.109,0.000,0.0,666383.0
2026-09-09T00:26:54,0.1,3633,1547350,1532556,0.2,0.00,1.01,0.00,5.37,0.00,0.00,0.00,1.0,95830.0,95350.0,0.0,0.0,0.5,0.0,64.133,0.000,0.0,646492.5
2026-09-09T00:26:58,0.1,3633,1547350,1532556,0.2,0.00,0.73,0.00,3.89,0.00,0.00,0.00,1.0,95830.0,95350.0,0.0,0.0,0.5,0.0,64.115,0.000,0.0,661594.0
2026-09-09T00:27:01,0.1,3635,1547350,1532554,0.2,0.00,0.67,0.00,2.66,0.00,0.00,0.00,1.0,95830.0,95350.0,0.0,0.0,0.5,0.0,64.103,0.000,0.0,668597.0
2026-09-09T00:27:04,0.1,3635,1547350,1532554,0.2,0.00,3.65,0.00,17.51,0.00,0.10,0.00,1.0,95830.0,95350.0,0.0,0.0,0.5,0.0,64.137,0.000,0.0,653107.0
2026-09-09T00:27:08,0.1,3636,1547350,1532553,0.2,0.00,0.46,0.00,1.86,0.00,0.00,0.00,1.0,95830.0,95350.0,0.0,0.0,0.5,0.0,64.113,0.000,0.0,618239.0
2026-09-09T00:27:13,0.1,3632,1547350,1532557,0.2,0.00,1.90,0.00,10.66,0.00,0.11,0.00,1.0,95830.0,95350.0,0.0,0.0,0.5,0.0,64.151,0.000,0.0,660002.0
2026-09-09T00:27:16,0.1,3633,1547350,1532556,0.2,0.00,0.78,0.00,3.13,0.00,0.00,0.00,1.0,95830.0,95350.0,0.0,0.0,0.5,0.0,64.118,0.000,0.0,666834.0
2026-09-09T00:27:18,0.1,3633,1547350,1532556,0.2,0.00,1.44,0.00,7.69,0.00,0.00,0.00,1.0,95830.0,95350.0,0.0,0.0,0.5,0.0,64.126,0.000,0.0,645633.5
2026-09-09T00:27:20,0.1,3632,1547350,1532557,0.2,0.00,0.96,0.00,3.85,0.00,0.00,0.00,1.0,95830.0,95350.0,0.0,0.0,0.5,0.0,64.129,0.000,0.0,621739.5
2026-09-09T00:27:24,0.0,3631,1547350,1532558,0.2,0.00,0.71,0.00,3.77,0.00,0.00,0.00,1.0,95830.0,95350.0,0.0,0.0,0.5,0.0,64.114,0.000,0.0,624697.5
2026-09-09T00:27:28,0.0,3632,1547350,1532558,0.2,0.00,0.74,0.00,3.96,0.00,0.00,0.00,1.0,95830.0,95350.0,0.0,0.0,0.5,0.0,64.129,0.000,0.0,641083.0
2026-09-09T00:27:31,0.1,3631,1547350,1532558,0.2,0.00,0.66,0.00,2.63,0.00,0.00,0.00,1.0,95830.0,95350.0,0.0,0.0,0.5,0.0,64.103,0.000,0.0,621437.5
2026-09-09T00:27:36,0.0,3632,1547350,1532557,0.2,0.00,0.88,0.00,4.40,0.00,0.25,0.00,1.0,95830.0,95350.0,0.0,0.0,0.5,0.0,64.141,0.000,0.0,619712.5
2026-09-09T00:27:40,0.0,3632,1547350,1532558,0.2,0.00,0.85,0.00,4.24,0.00,0.00,0.00,1.0,95830.0,95350.0,0.0,0.0,0.5,0.0,64.119,0.000,0.0,669556.0
2026-09-09T00:27:43,0.1,3631,1547350,1532558,0.2,0.00,6.30,0.00,58.56,0.00,0.12,0.00,1.0,95830.0,95350.0,0.0,0.0,0.5,0.0,64.118,0.000,0.0,628602.5
2026-09-09T00:27:47,0.1,3631,1547350,1532558,0.2,0.00,0.83,0.00,4.45,0.00,0.00,0.00,1.0,95830.0,95350.0,0.0,0.0,0.5,0.0,64.129,0.000,0.0,640900.5
2026-09-09T00:27:50,0.1,3631,1547350,1532558,0.2,0.00,0.63,0.00,2.52,0.00,0.00,0.00,1.0,95830.0,95350.0,0.0,0.0,0.5,0.0,64.130,0.000,0.0,646366.0
2026-09-09T00:27:53,0.1,3632,1547350,1532557,0.2,0.00,0.92,0.00,4.91,0.00,0.00,0.00,1.0,95830.0,95350.0,0.0,0.0,0.5,0.0,64.126,0.000,0.0,647686.5
2026-09-09T00:27:56,0.1,3632,1547350,1532558,0.2,0.00,0.89,0.00,4.74,0.00,0.00,0.03,1.0,95830.0,95350.0,0.0,0.0,0.5,0.0,64.124,0.000,0.0,673557.0
2026-09-09T00:27:58,0.1,3632,1547350,1532557,0.2,0.00,1.18,0.00,4.72,0.00,0.00,0.00,1.0,95830.0,95350.0,0.0,0.0,0.5,0.0,64.130,0.000,0.0,631893.0
2026-09-09T00:28:01,0.1,3637,1547350,1532552,0.2,0.00,0.66,0.00,2.63,0.00,0.00,0.00,1.0,95830.0,95350.0,0.0,0.0,0.5,0.0,64.120,0.000,0.0,685659.5
2026-09-09T00:28:02,0.1,3637,1547350,1532552,0.2,0.00,8.14,0.00,36.20,0.00,0.22,0.00,1.0,95830.0,95350.0,0.0,0.0,0.5,0.0,64.126,0.000,0.0,630263.5
2026-09-09T00:28:06,0.1,3637,1547350,1532553,0.2,0.00,0.58,0.00,2.33,0.00,0.00,0.00,1.0,95830.0,95350.0,0.0,0.0,0.5,0.0,64.143,0.000,0.0,632361.0
2026-09-09T00:28:10,0.0,3633,1547350,1532556,0.2,0.00,0.86,0.00,5.13,0.00,0.00,0.00,1.0,95830.0,95350.0,0.0,0.0,0.5,0.0,64.127,0.000,0.0,623333.5
2026-09-09T00:28:14,0.1,3634,1547350,1532556,0.2,0.00,1.17,0.00,9.08,0.00,0.00,0.00,1.0,95830.0,95350.0,0.0,0.0,0.5,0.0,64.118,0.000,0.0,649949.5
2026-09-09T00:28:16,0.1,3634,1547350,1532555,0.2,0.00,2.35,0.00,11.29,0.00,0.20,0.00,1.0,95830.0,95350.0,0.0,0.0,0.5,0.0,64.135,0.000,0.0,628810.0
2026-09-09T00:28:19,0.0,3635,1547350,1532555,0.2,0.00,0.87,0.00,4.63,0.00,0.00,0.00,1.0,95830.0,95350.0,0.0,0.0,0.5,0.0,64.118,0.000,0.0,639784.5
2026-09-09T00:28:24,0.1,3634,1547350,1532555,0.2,0.00,0.40,0.00,1.61,0.00,0.00,0.00,1.0,95830.0,95350.0,0.0,0.0,0.5,0.0,64.141,0.000,0.0,692662.5
2026-09-09T00:28:27,0.1,3634,1547350,1532555,0.2,0.00,1.39,0.00,7.40,0.00,0.00,0.00,1.0,95830.0,95350.0,0.0,0.0,0.5,0.0,64.157,0.000,0.0,623480.0
2026-09-09T00:28:31,0.0,3634,1547350,1532555,0.2,0.00,0.48,0.00,1.92,0.00,0.00,0.00,1.0,95830.0,95350.0,0.0,0.0,0.5,0.0,64.144,0.000,0.0,659438.0
2026-09-09T00:28:34,0.1,3633,1547350,1532557,0.2,0.00,1.03,0.00,5.48,0.00,0.00,0.00,1.0,95830.0,95350.0,0.0,0.0,0.5,0.0,64.139,0.000,0.0,647933.0
2026-09-09T00:28:38,0.1,3633,1547350,1532556,0.2,0.00,0.24,0.00,0.97,0.00,0.00,0.00,1.0,95830.0,95350.0,0.0,0.0,0.5,0.0,64.138,0.000,0.0,670812.5
2026-09-09T00:28:40,0.1,3633,1547350,1532556,0.2,0.00,1.57,0.00,7.86,0.00,0.25,0.00,1.0,95830.0,95350.0,0.0,0.0,0.5,0.0,64.129,0.000,0.0,691556.5
2026-09-09T00:28:41,0.3,3632,1547350,1532557,0.2,0.00,3.47,0.00,13.89,0.00,0.00,0.00,1.0,95830.0,95350.0,0.0,0.0,0.5,0.0,64.120,0.000,0.0,691556.5
2026-09-09T00:28:41,0.3,3632,1547350,1532557,0.2,0.00,3.94,0.00,15.78,0.00,0.00,0.00,1.0,95830.0,95350.0,0.0,0.0,0.5,0.0,64.129,0.000,0.0,848353.5
2026-09-09T00:28:42,0.2,3633,1547350,1532556,0.2,0.00,3.45,0.00,13.79,0.00,0.00,0.00,1.0,95830.0,95350.0,0.0,0.0,0.5,0.0,64.135,0.000,0.0,848353.5
2026-09-09T00:28:43,0.2,3633,1547350,1532556,0.2,0.00,2.11,0.00,8.42,0.00,0.00,0.11,1.0,95830.0,95350.0,0.0,0.0,0.5,0.0,64.129,0.000,0.0,713682.0
2026-09-09T00:28:44,0.2,3632,1547350,1532558,0.2,0.00,28.11,0.00,207.10,0.00,0.11,0.00,1.0,95830.0,95350.0,0.0,0.0,0.5,0.0,64.173,0.000,0.0,713682.0
2026-09-09T00:28:44,0.3,3632,1547350,1532557,0.2,0.00,5.52,0.00,29.47,0.00,0.00,0.00,1.0,95830.0,95350.0,0.0,0.0,0.5,0.0,64.125,0.000,0.0,909708.0
2026-09-09T00:28:45,0.3,3632,1547350,1532557,0.2,0.00,3.41,0.00,13.63,0.00,0.00,0.00,1.0,95830.0,95350.0,0.0,0.0,0.5,0.0,64.126,0.000,0.0,909708.0
2026-09-09T00:28:45,0.3,3632,1547350,1532557,0.2,0.00,4.51,0.00,18.06,0.00,0.00,0.00,1.0,95830.0,95350.0,0.0,0.0,0.5,0.0,64.142,0.000,0.0,909708.0
2026-09-09T00:28:46,0.3,3633,1547350,1532556,0.2,0.00,4.78,0.00,19.14,0.00,0.00,0.00,1.0,95830.0,95350.0,0.0,0.0,0.5,0.0,64.126,0.000,0.0,996512.5
2026-09-09T00:28:46,0.2,3633,1547350,1532557,0.2,0.00,2.91,0.00,11.63,0.00,0.50,0.15,1.0,95830.0,95350.0,0.0,0.0,0.5,0.0,64.129,0.000,0.0,996512.5
2026-09-09T00:28:47,0.3,3632,1547350,1532557,0.2,0.00,4.35,0.00,17.39,0.00,0.00,0.00,1.0,95830.0,95350.0,0.0,0.0,0.5,0.0,64.148,0.000,0.0,934006.5
2026-09-09T00:28:47,0.3,3633,1547350,1532556,0.2,0.00,4.08,0.00,16.33,0.00,0.00,0.00,1.0,95830.0,95350.0,0.0,0.0,0.5,0.0,64.139,0.000,0.0,934006.5
2026-09-09T00:28:48,0.3,3633,1547350,1532556,0.2,0.00,3.15,0.00,12.60,0.00,0.00,0.00,1.0,95830.0,95350.0,0.0,0.0,0.5,0.0,64.138,0.000,0.0,863059.0
2026-09-09T00:28:49,0.2,3635,1547350,1532555,0.2,0.00,2.82,0.00,11.30,0.00,0.00,0.00,1.0,95830.0,95350.0,0.0,0.0,0.5,0.0,64.128,0.000,0.0,863059.0
2026-09-09T00:28:49,0.3,3634,1547350,1532555,0.2,0.00,3.94,0.00,15.78,0.00,0.00,0.00,1.0,95830.0,95350.0,0.0,0.0,0.5,0.0,64.127,0.000,0.0,967199.0
2026-09-09T00:28:50,0.3,3632,1547350,1532557,0.2,0.00,3.57,0.00,14.26,0.00,0.00,0.00,1.0,95830.0,95350.0,0.0,0.0,0.5,0.0,64.138,0.000,0.0,967199.0
2026-09-09T00:28:50,0.3,3634,1547350,1532555,0.2,0.00,7.39,0.00,29.57,0.00,0.00,0.00,1.0,95830.0,95350.0,0.0,0.0,0.5,0.0,64.130,0.000,0.0,918699.5
2026-09-09T00:28:51,0.2,3632,1547350,1532557,0.2,0.00,3.72,0.00,14.90,0.00,0.00,0.19,1.0,95830.0,95350.0,0.0,0.0,0.5,0.0,64.128,0.000,0.0,918699.5
2026-09-09T00:28:51,0.4,3632,1547350,1532558,0.2,0.00,6.54,0.00,26.14,0.00,0.00,0.00,1.0,95830.0,95350.0,0.0,0.0,0.5,0.0,64.136,0.000,0.0,918699.5
2026-09-09T00:28:51,0.2,3632,1547350,1532558,0.2,0.00,5.22,0.00,20.89,0.00,0.50,0.00,1.0,95830.0,95350.0,0.0,0.0,0.5,0.0,64.169,0.000,0.0,861527.5
2026-09-09T00:28:52,0.3,3632,1547350,1532558,0.2,0.00,4.69,0.00,18.78,0.00,0.00,0.23,1.0,95830.0,95350.0,0.0,0.0,0.5,0.0,64.137,0.000,0.0,861527.5
2026-09-09T00:28:53,0.2,3633,1547350,1532557,0.2,0.00,2.33,0.00,9.32,0.00,0.00,0.00,1.0,95830.0,95350.0,0.0,0.0,0.5,0.0,64.126,0.000,0.0,783863.0
2026-09-09T00:28:53,0.3,3633,1547350,1532556,0.2,0.00,4.02,0.00,16.10,0.00,0.00,0.00,1.0,95830.0,95350.0,0.0,0.0,0.5,0.0,64.124,0.000,0.0,783863.0
2026-09-09T00:28:54,0.4,3633,1547350,1532556,0.2,0.00,5.65,0.00,22.60,0.00,0.00,0.00,1.0,95830.0,95350.0,0.0,0.0,0.5,0.0,64.130,0.000,0.0,783863.0
2026-09-09T00:28:54,0.2,3632,1547350,1532558,0.2,0.00,3.17,0.00,12.68,0.00,0.00,0.00,1.0,95830.0,95350.0,0.0,0.0,0.5,0.0,64.151,0.000,0.0,878723.5
2026-09-09T00:28:55,0.3,3632,1547350,1532557,0.2,0.00,5.06,0.00,20.25,0.00,0.00,0.00,1.0,95830.0,95350.0,0.0,0.0,0.5,0.0,64.137,0.000,0.0,878723.5
2026-09-09T00:28:55,0.2,3633,1547350,1532556,0.2,0.00,4.75,0.00,19.00,0.00,0.00,0.00,1.0,95830.0,95350.0,0.0,0.0,0.5,0.0,64.160,0.000,0.0,857407.5
2026-09-09T00:28:56,0.2,3633,1547350,1532556,0.2,0.00,2.40,0.00,9.60,0.00,0.00,0.00,1.0,95830.0,95350.0,0.0,0.0,0.5,0.0,64.142,0.000,0.0,695574.5
2026-09-09T00:28:57,0.2,3632,1547350,1532557,0.2,0.00,2.29,0.00,9.16,0.00,0.50,0.00,1.0,95830.0,95350.0,0.0,0.0,0.5,0.0,64.139,0.000,0.0,695574.5
2026-09-09T00:28:58,0.2,3633,1547350,1532556,0.2,0.00,2.07,0.00,8.29,0.00,0.00,0.00,1.0,95830.0,95350.0,0.0,0.0,0.5,0.0,64.131,0.000,0.0,755730.5
2026-09-09T00:28:59,0.1,3633,1547350,1532556,0.2,0.00,4.09,0.00,16.36,0.00,0.00,0.00,1.0,95830.0,95350.0,0.0,0.0,0.5,0.0,64.141,0.000,0.0,645467.5
2026-09-09T00:29:00,0.1,3635,1547350,1532554,0.2,0.00,3.13,0.00,12.51,0.00,0.00,0.00,1.0,95830.0,95350.0,0.0,0.0,0.5,0.0,64.126,0.000,0.0,685625.5
2026-09-09T00:29:02,0.2,3635,1547350,1532554,0.2,0.00,1.28,0.00,5.13,0.00,0.00,0.00,1.0,95830.0,95350.0,0.0,0.0,0.5,0.0,64.127,0.000,0.0,807245.0
2026-09-09T00:29:03,0.1,3635,1547350,1532554,0.2,0.00,1.40,0.00,5.62,0.00,0.00,0.00,1.0,95830.0,95350.0,0.0,0.0,0.5,0.0,64.130,0.000,0.0,673070.5
2026-09-09T00:29:04,0.2,3636,1547350,1532553,0.2,0.00,1.91,0.00,7.66,0.00,0.00,0.00,1.0,95830.0,95350.0,0.0,0.0,0.5,0.0,64.137,0.000,0.0,673070.5
2026-09-09T00:29:06,0.2,3636,1547350,1532553,0.2,0.00,1.73,0.00,6.93,0.00,0.00,0.00,1.0,95830.0,95350.0,0.0,0.0,0.5,0.0,64.126,0.000,0.0,684105.0
2026-09-09T00:29:07,0.2,3635,1547350,1532554,0.2,0.00,7.12,0.00,32.03,0.00,0.12,0.00,1.0,95830.0,95350.0,0.0,0.0,0.5,0.0,64.144,0.000,0.0,684105.0
2026-09-09T00:29:08,0.2,3636,1547350,1532553,0.2,0.00,1.93,0.00,7.74,0.00,0.00,0.00,1.0,95830.0,95350.0,0.0,0.0,0.5,0.0,64.123,0.000,0.0,718049.5
2026-09-09T00:29:09,0.1,3636,1547350,1532553,0.2,0.00,1.45,0.00,5.80,0.00,0.00,0.00,1.0,95830.0,95350.0,0.0,0.0,0.5,0.0,64.136,0.000,0.0,652171.0
2026-09-09T00:29:12,0.1,3631,1547350,1532558,0.2,0.00,2.80,0.00,19.92,0.00,0.12,0.00,1.0,95830.0,95350.0,0.0,0.0,0.5,0.0,64.144,0.000,0.0,615344.0
2026-09-09T00:29:18,0.0,3630,1547350,1532559,0.2,0.00,0.66,0.00,2.62,0.00,0.00,0.02,1.0,95830.0,95350.0,0.0,0.0,0.5,0.0,64.164,0.000,0.0,616223.5
2026-09-09T00:29:24,0.0,3630,1547350,1532559,0.2,0.00,0.66,0.00,2.63,0.00,0.25,0.00,1.0,95830.0,95350.0,0.0,0.0,0.5,0.0,64.130,0.000,0.0,620508.0
2026-09-09T00:29:30,0.0,3631,1547350,1532559,0.2,0.00,0.70,0.00,2.80,0.00,0.00,0.00,1.0,95830.0,95350.0,0.0,0.0,0.5,0.0,64.144,0.000,0.0,617164.0
2026-09-09T00:29:37,0.0,3631,1547350,1532559,0.2,0.00,0.58,0.00,2.32,0.00,0.00,0.00,1.0,95830.0,95350.0,0.0,0.0,0.5,0.0,64.162,0.000,0.0,614038.5
2026-09-09T00:29:43,0.0,3631,1547350,1532558,0.2,0.00,3.73,0.00,29.56,0.00,0.14,0.00,1.0,95830.0,95350.0,0.0,0.0,0.5,0.0,64.179,0.000,0.0,619535.5
2026-09-09T00:29:47,0.1,3632,1547350,1532557,0.2,0.00,1.14,0.00,4.57,0.00,0.00,0.00,1.0,95830.0,95350.0,0.0,0.0,0.5,0.0,64.184,0.000,0.0,632242.0
2026-09-09T00:29:50,0.1,3633,1547350,1532557,0.2,0.00,1.35,0.00,8.11,0.00,0.25,0.00,1.0,95830.0,95350.0,0.0,0.0,0.5,0.0,64.203,0.000,0.0,613163.5
2026-09-09T00:29:56,0.0,3634,1547350,1532555,0.2,0.00,0.67,0.00,2.69,0.00,0.00,0.00,1.0,95830.0,95350.0,0.0,0.0,0.5,0.0,64.166,0.000,0.0,624313.0
2026-09-09T00:30:01,0.1,3639,1547350,1532550,0.2,0.00,2.15,0.00,8.60,0.00,0.10,0.00,1.0,95830.0,95350.0,0.0,0.0,0.5,0.0,64.167,0.000,0.0,616490.0
2026-09-09T00:30:08,0.0,3638,1547350,1532551,0.2,0.00,0.57,0.00,2.26,0.00,0.00,0.01,1.0,95830.0,95350.0,0.0,0.0,0.5,0.0,64.162,0.000,0.0,612553.5
2026-09-09T00:30:15,0.0,3635,1547350,1532554,0.2,0.00,1.06,0.00,6.56,0.00,0.12,0.01,1.0,95830.0,95350.0,0.0,0.0,0.5,0.0,64.160,0.000,0.0,627455.0
2026-09-09T00:30:18,0.1,3635,1547350,1532554,0.2,0.00,0.68,0.00,2.72,0.00,0.00,0.03,1.0,95830.0,95350.0,0.0,0.0,0.5,0.0,64.155,0.000,0.0,615671.0
2026-09-09T00:30:24,0.1,3635,1547350,1532554,0.2,0.00,0.71,0.00,2.85,0.00,0.00,0.00,1.0,95830.0,95350.0,0.0,0.0,0.5,0.0,64.150,0.000,0.0,615671.0
2026-09-09T00:30:24,0.3,3635,1547350,1532554,0.2,0.00,4.03,0.00,16.13,0.00,0.00,0.00,1.0,95830.0,95350.0,0.0,0.0,0.5,0.0,64.165,0.000,0.0,790440.0
2026-09-09T00:30:25,0.3,3635,1547350,1532555,0.2,0.00,3.21,0.00,12.84,0.00,0.00,0.00,1.0,95830.0,95350.0,0.0,0.0,0.5,0.0,64.174,0.000,0.0,790440.0
2026-09-09T00:30:25,0.3,3634,1547350,1532555,0.2,0.00,5.63,0.00,22.54,0.00,0.00,0.00,1.0,95830.0,95350.0,0.0,0.0,0.5,0.0,64.136,0.000,0.0,818428.0
2026-09-09T00:30:26,0.2,3635,1547350,1532554,0.2,0.00,2.04,0.00,8.16,0.00,0.00,0.00,1.0,95830.0,95350.0,0.0,0.0,0.5,0.0,64.159,0.000,0.0,661785.5
2026-09-09T00:30:27,0.2,3636,1547350,1532553,0.2,0.00,1.79,0.00,7.17,0.00,0.50,0.00,1.0,95830.0,95350.0,0.0,0.0,0.5,0.0,64.178,0.000,0.0,710285.5
2026-09-09T00:30:28,0.2,3636,1547350,1532553,0.2,0.00,4.22,0.00,16.88,0.00,0.00,0.00,1.0,95830.0,95350.0,0.0,0.0,0.5,0.0,64.154,0.000,0.0,710285.5
2026-09-09T00:30:29,0.2,3637,1547350,1532553,0.2,0.00,2.67,0.00,10.70,0.00,0.00,0.00,1.0,95830.0,95350.0,0.0,0.0,0.5,0.0,64.167,0.000,0.0,705452.0
2026-09-09T00:30:30,0.2,3637,1547350,1532552,0.2,0.00,2.10,0.00,8.41,0.00,0.00,0.00,1.0,95830.0,95350.0,0.0,0.0,0.5,0.0,64.151,0.000,0.0,705452.0
2026-09-09T00:30:31,0.3,3637,1547350,1532552,0.2,0.00,2.96,0.00,11.85,0.00,0.00,0.00,1.0,95830.0,95350.0,0.0,0.0,0.5,0.0,64.163,0.000,0.0,827969.0
2026-09-09T00:30:32,0.2,3637,1547350,1532552,0.2,0.00,2.05,0.00,8.21,0.00,0.00,0.00,1.0,95830.0,95350.0,0.0,0.0,0.5,0.0,64.136,0.000,0.0,749529.5
2026-09-09T00:30:33,0.2,3637,1547350,1532553,0.2,0.00,3.28,0.00,13.13,0.00,0.00,0.00,1.0,95830.0,95350.0,0.0,0.0,0.5,0.0,64.141,0.000,0.0,765396.0
2026-09-09T00:30:34,0.2,3636,1547350,1532553,0.2,0.00,1.64,0.00,6.56,0.00,0.00,0.00,1.0,95830.0,95350.0,0.0,0.0,0.5,0.0,64.131,0.000,0.0,766886.0
2026-09-09T00:30:35,0.2,3635,1547350,1532554,0.2,0.00,1.61,0.00,6.46,0.00,0.50,0.00,1.0,95830.0,95350.0,0.0,0.0,0.5,0.0,64.175,0.000,0.0,721308.0
2026-09-09T00:30:37,0.2,3636,1547350,1532553,0.2,0.00,1.50,0.00,6.00,0.00,0.00,0.00,1.0,95830.0,95350.0,0.0,0.0,0.5,0.0,64.162,0.000,0.0,872439.5
2026-09-09T00:30:37,0.2,3636,1547350,1532553,0.2,0.00,4.23,0.00,16.91,0.00,0.00,0.00,1.0,95830.0,95350.0,0.0,0.0,0.5,0.0,64.170,0.000,0.0,779861.5
2026-09-09T00:30:38,0.2,3638,1547350,1532552,0.2,0.00,1.90,0.00,7.61,0.00,0.00,0.00,1.0,95830.0,95350.0,0.0,0.0,0.5,0.0,64.168,0.000,0.0,779861.5
2026-09-09T00:30:39,0.2,3636,1547350,1532553,0.2,0.00,6.01,0.00,24.02,0.00,0.00,0.00,1.0,95830.0,95350.0,0.0,0.0,0.5,0.0,64.174,0.000,0.0,732275.0
2026-09-09T00:30:40,0.1,3637,1547350,1532552,0.2,0.00,1.91,0.00,7.63,0.00,0.00,0.00,1.0,95830.0,95350.0,0.0,0.0,0.5,0.0,64.162,0.000,0.0,732275.0
2026-09-09T00:30:41,0.3,3636,1547350,1532553,0.2,0.00,3.41,0.00,13.65,0.00,0.00,0.00,1.0,95830.0,95350.0,0.0,0.0,0.5,0.0,64.163,0.000,0.0,701746.0
2026-09-09T00:30:42,0.2,3636,1547350,1532553,0.2,0.00,1.52,0.00,6.07,0.00,0.00,0.00,1.0,95830.0,95350.0,0.0,0.0,0.5,0.0,64.166,0.000,0.0,701746.0
2026-09-09T00:30:42,0.3,3637,1547350,1532553,0.2,0.00,3.29,0.00,13.16,0.00,0.00,0.00,1.0,95830.0,95350.0,0.0,0.0,0.5,0.0,64.134,0.000,0.0,823142.0
2026-09-09T00:30:43,0.2,3637,1547350,1532553,0.2,0.00,2.54,0.00,10.18,0.00,0.00,0.00,1.0,95830.0,95350.0,0.0,0.0,0.5,0.0,64.141,0.000,0.0,823142.0
2026-09-09T00:30:44,0.2,3637,1547350,1532553,0.2,0.00,3.74,0.00,14.95,0.00,0.50,0.00,1.0,95830.0,95350.0,0.0,0.0,0.5,0.0,64.148,0.000,0.0,782244.5
2026-09-09T00:30:44,0.3,3636,1547350,1532553,0.2,0.00,25.36,0.00,243.66,0.00,0.07,0.00,1.0,95830.0,95350.0,0.0,0.0,0.5,0.0,64.141,0.000,0.0,782244.5
2026-09-09T00:30:45,0.2,3636,1547350,1532553,0.2,0.00,6.05,0.00,24.18,0.00,0.00,0.00,1.0,95830.0,95350.0,0.0,0.0,0.5,0.0,64.147,0.000,0.0,701845.0
2026-09-09T00:30:46,0.2,3636,1547350,1532553,0.2,0.00,1.95,0.00,7.80,0.00,0.00,0.00,1.0,95830.0,95350.0,0.0,0.0,0.5,0.0,64.158,0.000,0.0,701845.0
2026-09-09T00:30:47,0.3,3637,1547350,1532552,0.2,0.00,4.99,0.00,19.95,0.00,0.00,0.00,1.0,95830.0,95350.0,0.0,0.0,0.5,0.0,64.116,0.000,0.0,752225.0
2026-09-09T00:30:47,0.2,3637,1547350,1532552,0.2,0.00,2.67,0.00,10.70,0.00,0.00,0.00,1.0,95830.0,95350.0,0.0,0.0,0.5,0.0,64.157,0.000,0.0,752225.0
2026-09-09T00:30:48,0.3,3636,1547350,1532554,0.2,0.00,2.59,0.00,10.35,0.00,0.00,0.00,1.0,95830.0,95350.0,0.0,0.0,0.5,0.0,64.120,0.000,0.0,724556.0
2026-09-09T00:30:49,0.1,3637,1547350,1532552,0.2,0.00,1.67,0.00,6.69,0.00,0.00,0.00,1.0,95830.0,95350.0,0.0,0.0,0.5,0.0,64.133,0.000,0.0,650993.5
2026-09-09T00:30:51,0.1,3635,1547350,1532554,0.2,0.00,2.81,0.00,11.22,0.00,0.25,0.00,1.0,95830.0,95350.0,0.0,0.0,0.5,0.0,64.156,0.000,0.0,649991.0
2026-09-09T00:30:53,0.1,3637,1547350,1532552,0.2,0.00,0.78,0.00,3.13,0.00,0.00,0.00,1.0,95830.0,95350.0,0.0,0.0,0.5,0.0,64.159,0.000,0.0,664965.5
2026-09-09T00:30:54,0.2,3637,1547350,1532553,0.2,0.00,2.65,0.00,10.58,0.00,0.00,0.00,1.0,95830.0,95350.0,0.0,0.0,0.5,0.0,64.136,0.000,0.0,664965.5
2026-09-09T00:30:55,0.3,3636,1547350,1532553,0.2,0.00,3.82,0.00,15.30,0.00,0.00,0.00,1.0,95830.0,95350.0,0.0,0.0,0.5,0.0,64.154,0.000,0.0,664965.5
2026-09-09T00:30:55,0.3,3636,1547350,1532553,0.2,0.00,5.00,0.00,20.00,0.00,0.00,0.00,1.0,95830.0,95350.0,0.0,0.0,0.5,0.0,64.203,0.000,0.0,823461.0
2026-09-09T00:30:56,0.2,3636,1547350,1532553,0.2,0.00,3.06,0.00,12.25,0.00,0.00,0.00,1.0,95830.0,95350.0,0.0,0.0,0.5,0.0,64.189,0.000,0.0,823461.0
2026-09-09T00:30:56,0.3,3637,1547350,1532552,0.2,0.00,6.62,0.00,26.49,0.00,0.00,0.00,1.0,95830.0,95350.0,0.0,0.0,0.5,0.0,64.132,0.000,0.0,750480.5
2026-09-09T00:30:57,0.2,3637,1547350,1532552,0.2,0.00,3.92,0.00,23.53,0.00,0.00,0.00,1.0,95830.0,95350.0,0.0,0.0,0.5,0.0,64.154,0.000,0.0,750480.5
2026-09-09T00:30:58,0.2,3638,1547350,1532551,0.2,0.00,2.88,0.00,11.53,0.00,0.00,0.00,1.0,95830.0,95350.0,0.0,0.0,0.5,0.0,64.159,0.000,0.0,774141.0
2026-09-09T00:30:58,0.3,3639,1547350,1532550,0.2,0.00,3.63,0.00,14.52,0.00,0.50,0.00,1.0,95830.0,95350.0,0.0,0.0,0.5,0.0,64.147,0.000,0.0,774141.0
2026-09-09T00:30:59,0.2,3640,1547350,1532549,0.2,0.00,2.28,0.00,9.10,0.00,0.00,0.00,1.0,95830.0,95350.0,0.0,0.0,0.5,0.0,64.126,0.000,0.0,706844.0
2026-09-09T00:31:00,0.2,3639,1547350,1532550,0.2,0.00,12.39,0.00,49.57,0.00,0.10,0.00,1.0,95830.0,95350.0,0.0,0.0,0.5,0.0,64.131,0.000,0.0,618072.5
2026-09-09T00:31:06,0.1,3638,1547350,1532551,0.2,0.00,0.65,0.00,2.61,0.00,0.00,0.00,1.0,95830.0,95350.0,0.0,0.0,0.5,0.0,64.126,0.000,0.0,615337.5
2026-09-09T00:31:12,0.0,3634,1547350,1532555,0.2,0.00,2.55,0.00,14.41,0.00,0.06,0.00,1.0,95830.0,95350.0,0.0,0.0,0.5,0.0,64.129,0.000,0.0,622718.5
2026-09-09T00:31:17,0.1,3635,1547350,1532555,0.2,0.00,1.14,0.00,4.57,0.00,0.00,0.00,1.0,95830.0,95350.0,0.0,0.0,0.5,0.0,64.129,0.000,0.0,613054.5
2026-09-09T00:31:24,0.0,3634,1547350,1532555,0.2,0.00,0.29,0.00,1.15,0.00,0.00,0.01,1.0,95830.0,95350.0,0.0,0.0,0.5,0.0,64.135,0.000,0.0,630254.0
2026-09-09T00:31:27,0.1,3634,1547350,1532555,0.2,0.00,1.34,0.00,5.37,0.00,0.25,0.00,1.0,95830.0,95350.0,0.0,0.0,0.5,0.0,64.120,0.000,0.0,623826.0
2026-09-09T00:31:30,0.0,3634,1547350,1532555,0.2,0.00,0.52,0.00,2.08,0.00,0.00,0.03,1.0,95830.0,95350.0,0.0,0.0,0.5,0.0,64.142,0.000,0.0,648268.5
2026-09-09T00:31:33,0.1,3634,1547350,1532555,0.2,0.00,1.42,0.00,5.68,0.00,0.00,0.00,1.0,95830.0,95350.0,0.0,0.0,0.5,0.0,64.130,0.000,0.0,637485.5
2026-09-09T00:31:40,0.0,3635,1547350,1532554,0.2,0.00,1.05,0.00,4.19,0.00,0.00,0.00,1.0,95830.0,95350.0,0.0,0.0,0.5,0.0,64.120,0.000,0.0,647566.0
2026-09-09T00:31:44,0.1,3635,1547350,1532554,0.2,0.00,6.03,0.00,45.22,0.00,0.12,0.00,1.0,95830.0,95350.0,0.0,0.0,0.5,0.0,64.168,0.000,0.0,637262.5
2026-09-09T00:31:49,0.0,3635,1547350,1532555,0.2,0.00,0.77,0.00,3.09,0.00,0.00,0.00,1.0,95830.0,95350.0,0.0,0.0,0.5,0.0,64.131,0.000,0.0,622070.5
2026-09-09T00:31:53,0.1,3633,1547350,1532556,0.2,0.00,1.27,0.00,5.07,0.00,0.20,0.00,1.0,95830.0,95350.0,0.0,0.0,0.5,0.0,64.134,0.000,0.0,643235.0
2026-09-09T00:31:55,0.1,3634,1547350,1532555,0.2,0.00,0.89,0.00,3.57,0.00,0.00,0.00,1.0,95830.0,95350.0,0.0,0.0,0.5,0.0,64.136,0.000,0.0,624515.0
2026-09-09T00:31:59,0.1,3635,1547350,1532554,0.2,0.00,1.01,0.00,6.03,0.00,0.00,0.00,1.0,95830.0,95350.0,0.0,0.0,0.5,0.0,64.142,0.000,0.0,670570.0
2026-09-09T00:32:00,0.1,3634,1547350,1532556,0.2,0.00,2.45,0.00,9.79,0.00,0.00,0.00,1.0,95830.0,95350.0,0.0,0.0,0.5,0.0,64.155,0.000,0.0,680311.5
2026-09-09T00:32:04,0.1,3640,1547350,1532549,0.2,0.00,2.95,0.00,11.79,0.00,0.10,0.00,1.0,95830.0,95350.0,0.0,0.0,0.5,0.0,64.112,0.000,0.0,656421.0
2026-09-09T00:32:08,0.1,3640,1547350,1532549,0.2,0.00,0.43,0.00,1.72,0.00,0.00,0.00,1.0,95830.0,95350.0,0.0,0.0,0.5,0.0,64.124,0.000,0.0,682415.0
2026-09-09T00:32:11,0.1,3640,1547350,1532549,0.2,0.00,1.58,0.00,6.31,0.00,0.25,0.00,1.0,95830.0,95350.0,0.0,0.0,0.5,0.0,64.152,0.000,0.0,681183.0
2026-09-09T00:32:12,0.1,3637,1547350,1532552,0.2,0.00,1.84,0.00,15.62,0.00,0.00,0.00,1.0,95830.0,95350.0,0.0,0.0,0.5,0.0,64.138,0.000,0.0,620617.5
2026-09-09T00:32:16,0.1,3637,1547350,1532552,0.2,0.00,1.59,0.00,7.43,0.00,0.00,0.00,1.0,95830.0,95350.0,0.0,0.0,0.5,0.0,64.136,0.000,0.0,620617.5
2026-09-09T00:32:17,0.3,3638,1547350,1532551,0.2,0.00,4.16,0.00,16.63,0.00,0.50,0.00,1.0,95830.0,95350.0,0.0,0.0,0.5,0.0,64.120,0.000,0.0,810129.5
2026-09-09T00:32:17,0.2,3638,1547350,1532551,0.2,0.00,2.90,0.00,11.61,0.00,0.00,0.00,1.0,95830.0,95350.0,0.0,0.0,0.5,0.0,64.114,0.000,0.0,810129.5
2026-09-09T00:32:18,0.3,3638,1547350,1532551,0.2,0.00,4.24,0.00,16.95,0.00,0.00,0.00,1.0,95830.0,95350.0,0.0,0.0,0.5,0.0,64.145,0.000,0.0,888079.0
2026-09-09T00:32:19,0.2,3636,1547350,1532553,0.2,0.00,2.85,0.00,11.41,0.00,0.00,0.00,1.0,95830.0,95350.0,0.0,0.0,0.5,0.0,64.138,0.000,0.0,888079.0
2026-09-09T00:32:19,0.4,3635,1547350,1532554,0.2,0.00,8.13,0.00,32.52,0.00,0.00,0.00,1.0,95830.0,95350.0,0.0,0.0,0.5,0.0,64.109,0.000,0.0,774426.5
2026-09-09T00:32:20,0.2,3634,1547350,1532555,0.2,0.00,2.23,0.00,8.94,0.00,0.00,0.00,1.0,95830.0,95350.0,0.0,0.0,0.5,0.0,64.136,0.000,0.0,774426.5
2026-09-09T00:32:21,0.2,3634,1547350,1532555,0.2,0.00,5.31,0.00,21.25,0.00,0.00,0.00,1.0,95830.0,95350.0,0.0,0.0,0.5,0.0,64.099,0.000,0.0,701304.0
2026-09-09T00:32:22,0.2,3635,1547350,1532554,0.2,0.00,2.06,0.00,8.26,0.00,0.00,0.10,1.0,95830.0,95350.0,0.0,0.0,0.5,0.0,64.103,0.000,0.0,657710.0
2026-09-09T00:32:23,0.2,3635,1547350,1532554,0.2,0.00,1.99,0.00,7.97,0.00,0.50,0.00,1.0,95830.0,95350.0,0.0,0.0,0.5,0.0,64.121,0.000,0.0,657710.0
2026-09-09T00:32:23,0.3,3635,1547350,1532554,0.2,0.00,3.63,0.00,14.52,0.00,0.00,0.00,1.0,95830.0,95350.0,0.0,0.0,0.5,0.0,64.151,0.000,0.0,794452.5
2026-09-09T00:32:24,0.2,3635,1547350,1532554,0.2,0.00,2.89,0.00,11.54,0.00,0.00,0.00,1.0,95830.0,95350.0,0.0,0.0,0.5,0.0,64.117,0.000,0.0,679601.5
2026-09-09T00:32:25,0.2,3637,1547350,1532553,0.2,0.00,2.02,0.00,8.06,0.00,0.00,0.00,1.0,95830.0,95350.0,0.0,0.0,0.5,0.0,64.153,0.000,0.0,679601.5
2026-09-09T00:32:25,0.3,3636,1547350,1532553,0.2,0.00,5.01,0.00,20.05,0.00,0.00,0.00,1.0,95830.0,95350.0,0.0,0.0,0.5,0.0,64.103,0.000,0.0,785083.5
2026-09-09T00:32:26,0.2,3637,1547350,1532553,0.2,0.00,4.51,0.00,18.06,0.00,0.00,0.00,1.0,95830.0,95350.0,0.0,0.0,0.5,0.0,64.112,0.000,0.0,785083.5
2026-09-09T00:32:27,0.3,3637,1547350,1532552,0.2,0.00,3.80,0.00,15.21,0.00,0.00,0.00,1.0,95830.0,95350.0,0.0,0.0,0.5,0.0,64.117,0.000,0.0,770649.5
2026-09-09T00:32:28,0.2,3637,1547350,1532552,0.2,0.00,2.13,0.00,8.54,0.00,0.00,0.00,1.0,95830.0,95350.0,0.0,0.0,0.5,0.0,64.114,0.000,0.0,686938.0
2026-09-09T00:32:29,0.2,3637,1547350,1532552,0.2,0.00,1.85,0.00,7.41,0.00,0.00,0.00,1.0,95830.0,95350.0,0.0,0.0,0.5,0.0,64.129,0.000,0.0,686938.0
2026-09-09T00:32:29,0.2,3636,1547350,1532553,0.2,0.00,3.25,0.00,13.01,0.00,0.00,0.00,1.0,95830.0,95350.0,0.0,0.0,0.5,0.0,64.114,0.000,0.0,764509.5
2026-09-09T00:32:30,0.2,3638,1547350,1532551,0.2,0.00,3.23,0.00,12.92,0.00,0.50,0.00,1.0,95830.0,95350.0,0.0,0.0,0.5,0.0,64.118,0.000,0.0,683891.0
2026-09-09T00:32:31,0.2,3637,1547350,1532552,0.2,0.00,3.42,0.00,13.70,0.00,0.00,0.00,1.0,95830.0,95350.0,0.0,0.0,0.5,0.0,64.107,0.000,0.0,685061.0
2026-09-09T00:32:32,0.2,3638,1547350,1532552,0.2,0.00,2.09,0.00,8.35,0.00,0.00,0.00,1.0,95830.0,95350.0,0.0,0.0,0.5,0.0,64.131,0.000,0.0,820256.5
2026-09-09T00:32:33,0.2,3638,1547350,1532552,0.2,0.00,1.48,0.00,5.92,0.00,0.00,0.00,1.0,95830.0,95350.0,0.0,0.0,0.5,0.0,64.128,0.000,0.0,802459.5
2026-09-09T00:32:35,0.2,3636,1547350,1532553,0.2,0.00,1.61,0.00,6.44,0.00,0.00,0.00,1.0,95830.0,95350.0,0.0,0.0,0.5,0.0,64.119,0.000,0.0,706124.5
2026-09-09T00:32:36,0.2,3637,1547350,1532552,0.2,0.00,1.55,0.00,6.22,0.00,0.00,0.00,1.0,95830.0,95350.0,0.0,0.0,0.5,0.0,64.159,0.000,0.0,687872.0
2026-09-09T00:32:37,0.2,3636,1547350,1532553,0.2,0.00,3.51,0.00,14.06,0.00,0.00,0.00,1.0,95830.0,95350.0,0.0,0.0,0.5,0.0,64.118,0.000,0.0,665093.5
2026-09-09T00:32:39,0.2,3637,1547350,1532552,0.2,0.00,1.34,0.00,5.34,0.00,0.50,0.00,1.0,95830.0,95350.0,0.0,0.0,0.5,0.0,64.121,0.000,0.0,665093.5
2026-09-09T00:32:39,0.3,3635,1547350,1532554,0.2,0.00,4.24,0.00,16.95,0.00,0.00,0.00,1.0,95830.0,95350.0,0.0,0.0,0.5,0.0,64.132,0.000,0.0,729644.0
2026-09-09T00:32:41,0.1,3636,1547350,1532553,0.2,0.00,1.37,0.00,5.48,0.00,0.00,0.00,1.0,95830.0,95350.0,0.0,0.0,0.5,0.0,64.130,0.000,0.0,668381.5
2026-09-09T00:32:46,0.2,3635,1547350,1532554,0.2,0.00,2.75,0.00,24.42,0.00,0.06,0.00,1.0,95830.0,95350.0,0.0,0.0,0.5,0.0,64.121,0.000,0.0,621234.0
2026-09-09T00:32:47,0.2,3636,1547350,1532554,0.2,0.00,2.45,0.00,9.82,0.00,0.00,0.00,1.0,95830.0,95350.0,0.0,0.0,0.5,0.0,64.127,0.000,0.0,867856.0
2026-09-09T00:32:48,0.2,3636,1547350,1532554,0.2,0.00,5.49,0.00,21.95,0.00,0.00,0.00,1.0,95830.0,95350.0,0.0,0.0,0.5,0.0,64.127,0.000,0.0,676782.5
2026-09-09T00:32:49,0.2,3636,1547350,1532553,0.2,0.00,1.65,0.00,6.60,0.00,0.00,0.00,1.0,95830.0,95350.0,0.0,0.0,0.5,0.0,64.121,0.000,0.0,676782.5
2026-09-09T00:32:50,0.2,3637,1547350,1532553,0.2,0.00,3.14,0.00,12.56,0.00,0.50,0.16,1.0,95830.0,95350.0,0.0,0.0,0.5,0.0,64.108,0.000,0.0,840580.5
2026-09-09T00:32:51,0.2,3638,1547350,1532552,0.2,0.00,2.57,0.00,10.28,0.00,0.00,0.00,1.0,95830.0,95350.0,0.0,0.0,0.5,0.0,64.112,0.000,0.0,840580.5
2026-09-09T00:32:51,0.4,3789,1547350,1532400,0.2,0.00,2.96,0.00,11.83,0.00,0.00,0.15,1.0,95830.0,95350.0,0.0,0.0,0.5,0.0,64.106,0.000,0.0,829312.0
2026-09-09T00:32:52,0.3,3801,1547350,1532388,0.2,0.00,3.52,0.00,14.08,0.00,0.00,0.18,1.0,95830.0,95350.0,0.0,0.0,0.5,0.0,64.148,0.000,0.0,736231.5
2026-09-09T00:32:53,0.3,3815,1547350,1532374,0.2,0.00,2.40,0.00,9.60,0.00,0.00,0.00,1.0,95830.0,95350.0,0.0,0.0,0.5,0.0,64.119,0.000,0.0,736231.5
2026-09-09T00:32:53,0.2,3816,1547350,1532373,0.2,0.00,2.64,0.00,10.55,0.00,0.00,0.00,1.0,95830.0,95350.0,0.0,0.0,0.5,0.0,64.132,0.000,0.0,777039.5
2026-09-09T00:32:54,0.5,3980,1547350,1532209,0.3,0.00,5.66,0.00,22.65,0.00,0.00,0.00,1.0,95830.0,95350.0,0.0,0.0,0.5,0.0,64.121,0.000,0.0,684202.5
2026-09-09T00:32:55,0.2,3983,1547350,1532206,0.3,0.00,1.66,0.00,6.62,0.00,0.00,0.00,1.0,95830.0,95350.0,0.0,0.0,0.5,0.0,64.143,0.000,0.0,684202.5
2026-09-09T00:32:56,0.3,3984,1547350,1532205,0.3,0.00,3.25,0.00,12.99,0.00,0.00,0.00,1.0,95830.0,95350.0,0.0,0.0,0.5,0.0,64.123,0.000,0.0,829837.0
2026-09-09T00:32:57,0.2,3986,1547350,1532204,0.3,0.00,1.83,0.00,7.34,0.00,0.50,0.00,1.0,95830.0,95350.0,0.0,0.0,0.5,0.0,64.108,0.000,0.0,829837.0
2026-09-09T00:32:58,0.2,3993,1547350,1532196,0.3,0.00,2.82,0.00,11.27,0.00,0.00,0.00,1.0,95830.0,95350.0,0.0,0.0,0.5,0.0,64.103,0.000,0.0,744351.0
2026-09-09T00:32:59,0.2,3997,1547350,1532192,0.3,0.00,1.91,0.00,7.66,0.00,0.00,0.00,1.0,95830.0,95350.0,0.0,0.0,0.5,0.0,64.166,0.000,0.0,744351.0
2026-09-09T00:33:00,0.2,3997,1547350,1532192,0.3,0.00,4.07,0.00,16.28,0.00,0.00,0.00,1.0,95830.0,95350.0,0.0,0.0,0.5,0.0,64.148,0.000,0.0,749195.0
2026-09-09T00:33:00,0.4,3998,1547350,1532192,0.3,0.00,5.95,0.00,23.81,0.00,0.00,0.00,1.0,95830.0,95350.0,0.0,0.0,0.5,0.0,64.120,0.000,0.0,749195.0
2026-09-09T00:33:01,0.2,4002,1547350,1532187,0.3,0.00,2.17,0.00,8.70,0.00,0.00,0.00,1.0,95830.0,95350.0,0.0,0.0,0.5,0.0,64.124,0.000,0.0,717702.0
2026-09-09T00:33:02,0.4,4002,1547350,1532187,0.3,0.00,2.13,0.00,8.54,0.00,0.00,0.00,1.0,95830.0,95350.0,0.0,0.0,0.5,0.0,64.112,0.000,0.0,687604.0
2026-09-09T00:33:03,0.2,4002,1547350,1532187,0.3,0.00,1.59,0.00,6.36,0.00,0.00,0.08,1.0,95830.0,95350.0,0.0,0.0,0.5,0.0,64.111,0.000,0.0,687604.0
2026-09-09T00:33:04,0.2,4003,1547350,1532186,0.3,0.00,3.16,0.00,12.66,0.00,0.00,0.00,1.0,95830.0,95350.0,0.0,0.0,0.5,0.0,64.129,0.000,0.0,756253.0
2026-09-09T00:33:04,0.3,4005,1547350,1532184,0.3,0.00,6.62,0.00,26.49,0.00,0.50,0.00,1.0,95830.0,95350.0,0.0,0.0,0.5,0.0,64.112,0.000,0.0,682891.0
2026-09-09T00:33:06,0.2,4007,1547350,1532183,0.3,0.00,7.75,0.00,37.21,0.00,0.10,0.08,1.0,95830.0,95350.0,0.0,0.0,0.5,0.0,64.122,0.000,0.0,671212.0
2026-09-09T00:33:07,0.2,4009,1547350,1532180,0.3,0.00,1.63,0.00,6.52,0.00,0.00,0.08,1.0,95830.0,95350.0,0.0,0.0,0.5,0.0,64.120,0.000,0.0,680841.0
2026-09-09T00:33:08,0.2,4009,1547350,1532180,0.3,0.00,1.61,0.00,6.44,0.00,0.00,0.00,1.0,95830.0,95350.0,0.0,0.0,0.5,0.0,64.128,0.000,0.0,680841.0
2026-09-09T00:33:09,0.2,4009,1547350,1532180,0.3,0.00,3.60,0.00,14.39,0.00,0.00,0.18,1.0,95830.0,95350.0,0.0,0.0,0.5,0.0,64.136,0.000,0.0,774082.0
2026-09-09T00:33:09,0.3,4009,1547350,1532180,0.3,0.00,4.56,0.00,18.22,0.00,0.00,0.00,1.0,95830.0,95350.0,0.0,0.0,0.5,0.0,64.120,0.000,0.0,774082.0
2026-09-09T00:33:10,0.2,4012,1547350,1532177,0.3,0.00,2.61,0.00,10.44,0.00,0.00,0.00,1.0,95830.0,95350.0,0.0,0.0,0.5,0.0,64.138,0.000,0.0,717842.0
2026-09-09T00:33:11,0.2,4012,1547350,1532177,0.3,0.00,5.00,0.00,20.00,0.00,0.25,0.00,1.0,95830.0,95350.0,0.0,0.0,0.5,0.0,64.110,0.000,0.0,717842.0
2026-09-09T00:33:11,0.3,4008,1547350,1532181,0.3,0.00,4.93,0.00,19.70,0.00,0.00,0.00,1.0,95830.0,95350.0,0.0,0.0,0.5,0.0,64.130,0.000,0.0,735746.5
2026-09-09T00:33:12,0.2,4010,1547350,1532180,0.3,0.00,2.19,0.00,8.74,0.00,0.00,0.11,1.0,95830.0,95350.0,0.0,0.0,0.5,0.0,64.118,0.000,0.0,735746.5
2026-09-09T00:33:13,0.2,4012,1547350,1532178,0.3,0.00,2.36,0.00,9.45,0.00,0.00,0.00,1.0,95830.0,95350.0,0.0,0.0,0.5,0.0,64.120,0.000,0.0,783742.0
2026-09-09T00:33:13,0.3,4012,1547350,1532177,0.3,0.00,3.97,0.00,15.87,0.00,0.00,0.00,1.0,95830.0,95350.0,0.0,0.0,0.5,0.0,64.136,0.000,0.0,783742.0
2026-09-09T00:33:14,0.3,4012,1547350,1532178,0.3,0.00,4.12,0.00,16.46,0.00,0.00,0.00,1.0,95830.0,95350.0,0.0,0.0,0.5,0.0,64.125,0.000,0.0,783742.0
2026-09-09T00:33:14,0.3,4012,1547350,1532178,0.3,0.00,5.17,0.00,20.67,0.00,0.00,0.00,1.0,95830.0,95350.0,0.0,0.0,0.5,0.0,64.114,0.000,0.0,828470.5
2026-09-09T00:33:15,0.3,4012,1547350,1532178,0.3,0.00,13.33,0.00,94.29,0.00,0.00,0.00,1.0,95830.0,95350.0,0.0,0.0,0.5,0.0,64.119,0.000,0.0,874021.0
2026-09-09T00:33:16,0.2,4014,1547350,1532176,0.3,0.00,4.42,0.00,17.69,0.00,0.17,0.00,1.0,95830.0,95350.0,0.0,0.0,0.5,0.0,64.142,0.000,0.0,731098.0
2026-09-09T00:33:18,0.1,4014,1547350,1532175,0.3,0.00,1.18,0.00,4.72,0.00,0.00,0.00,1.0,95830.0,95350.0,0.0,0.0,0.5,0.0,64.115,0.000,0.0,731098.0
2026-09-09T00:33:19,0.2,4014,1547350,1532175,0.3,0.00,2.37,0.00,9.49,0.00,0.00,0.00,1.0,95830.0,95350.0,0.0,0.0,0.5,0.0,64.129,0.000,0.0,677448.0
2026-09-09T00:33:20,0.2,4014,1547350,1532175,0.3,0.00,1.42,0.00,5.69,0.00,0.00,0.00,1.0,95830.0,95350.0,0.0,0.0,0.5,0.0,64.121,0.000,0.0,719999.0
2026-09-09T00:33:21,0.2,4016,1547350,1532173,0.3,0.00,1.39,0.00,5.56,0.00,0.00,0.00,1.0,95830.0,95350.0,0.0,0.0,0.5,0.0,64.117,0.000,0.0,719999.0
2026-09-09T00:33:22,0.2,4016,1547350,1532173,0.3,0.00,2.85,0.00,11.40,0.00,0.00,0.00,1.0,95830.0,95350.0,0.0,0.0,0.5,0.0,64.109,0.000,0.0,808942.0
2026-09-09T00:33:23,0.3,4016,1547350,1532173,0.3,0.00,9.03,0.00,36.10,0.00,0.20,0.00,1.0,95830.0,95350.0,0.0,0.0,0.5,0.0,64.126,0.000,0.0,665287.5
2026-09-09T00:33:24,0.2,4018,1547350,1532171,0.3,0.00,1.52,0.00,6.07,0.00,0.00,0.00,1.0,95830.0,95350.0,0.0,0.0,0.5,0.0,64.119,0.000,0.0,665287.5
2026-09-09T00:33:25,0.2,4019,1547350,1532170,0.3,0.00,3.63,0.00,14.52,0.00,0.00,0.00,1.0,95830.0,95350.0,0.0,0.0,0.5,0.0,64.119,0.000,0.0,733771.0
2026-09-09T00:33:26,0.1,4019,1547350,1532170,0.3,0.00,1.18,0.00,4.71,0.00,0.00,0.00,1.0,95830.0,95350.0,0.0,0.0,0.5,0.0,64.108,0.000,0.0,733771.0
2026-09-09T00:33:27,0.2,4019,1547350,1532170,0.3,0.00,2.76,0.00,11.05,0.00,0.00,0.00,1.0,95830.0,95350.0,0.0,0.0,0.5,0.0,64.108,0.000,0.0,691723.0
2026-09-09T00:33:28,0.2,4022,1547350,1532167,0.3,0.00,3.06,0.00,12.22,0.00,0.00,0.00,1.0,95830.0,95350.0,0.0,0.0,0.5,0.0,64.116,0.000,0.0,706564.0
2026-09-09T00:33:29,0.2,4022,1547350,1532167,0.3,0.00,1.91,0.00,7.65,0.00,0.00,0.00,1.0,95830.0,95350.0,0.0,0.0,0.5,0.0,64.108,0.000,0.0,667937.5
2026-09-09T00:33:31,0.2,4023,1547350,1532167,0.3,0.00,1.32,0.00,5.29,0.00,0.00,0.00,1.0,95830.0,95350.0,0.0,0.0,0.5,0.0,64.122,0.000,0.0,667937.5
2026-09-09T00:33:32,0.2,4022,1547350,1532168,0.3,0.00,2.22,0.00,8.88,0.00,0.50,0.00,1.0,95830.0,95350.0,0.0,0.0,0.5,0.0,64.103,0.000,0.0,672150.0
2026-09-09T00:33:34,0.2,4022,1547350,1532167,0.3,0.00,2.22,0.00,8.89,0.00,0.00,0.00,1.0,95830.0,95350.0,0.0,0.0,0.5,0.0,64.108,0.000,0.0,765843.5
2026-09-09T00:33:35,0.2,4023,1547350,1532166,0.3,0.00,1.10,0.00,4.39,0.00,0.00,0.00,1.0,95830.0,95350.0,0.0,0.0,0.5,0.0,64.122,0.000,0.0,1000264.0
2026-09-09T00:33:36,0.2,4023,1547350,1532166,0.3,0.00,1.75,0.00,7.01,0.00,0.00,0.00,1.0,95830.0,95350.0,0.0,0.0,0.5,0.0,64.112,0.000,0.0,729404.0
2026-09-09T00:33:38,0.2,4024,1547350,1532165,0.3,0.00,2.44,0.00,9.75,0.00,0.00,0.00,1.0,95830.0,95350.0,0.0,0.0,0.5,0.0,64.127,0.000,0.0,657072.5
2026-09-09T00:33:40,0.2,4026,1547350,1532163,0.3,0.00,1.20,0.00,4.78,0.00,0.00,0.00,1.0,95830.0,95350.0,0.0,0.0,0.5,0.0,64.126,0.000,0.0,670488.5
2026-09-09T00:33:41,0.2,4027,1547350,1532163,0.3,0.00,1.69,0.00,6.78,0.00,0.00,0.00,1.0,95830.0,95350.0,0.0,0.0,0.5,0.0,64.132,0.000,0.0,657833.5
2026-09-09T00:33:43,0.1,4028,1547350,1532161,0.3,0.00,1.19,0.00,4.76,0.00,0.00,0.00,1.0,95830.0,95350.0,0.0,0.0,0.5,0.0,64.130,0.000,0.0,650246.5
2026-09-09T00:33:44,0.2,4030,1547350,1532160,0.3,0.00,2.33,0.00,9.33,0.00,0.25,0.00,1.0,95830.0,95350.0,0.0,0.0,0.5,0.0,64.130,0.000,0.0,666437.0
2026-09-09T00:33:46,0.2,4032,1547350,1532157,0.3,0.00,8.19,0.00,77.24,0.00,0.07,0.06,1.0,95830.0,95350.0,0.0,0.0,0.5,0.0,64.129,0.000,0.0,657779.5
2026-09-09T00:33:48,0.2,4033,1547350,1532157,0.3,0.00,1.19,0.00,4.74,0.00,0.00,0.00,1.0,95830.0,95350.0,0.0,0.0,0.5,0.0,64.142,0.000,0.0,628711.0
2026-09-09T00:33:51,0.1,4032,1547350,1532157,0.3,0.00,1.18,0.00,4.73,0.00,0.00,0.00,1.0,95830.0,95350.0,0.0,0.0,0.5,0.0,64.122,0.000,0.0,641272.5
2026-09-09T00:33:53,0.2,4034,1547350,1532156,0.3,0.00,1.10,0.00,4.38,0.00,0.00,0.05,1.0,95830.0,95350.0,0.0,0.0,0.5,0.0,64.131,0.000,0.0,641272.5
2026-09-09T00:33:53,0.3,4034,1547350,1532155,0.3,0.00,5.33,0.00,21.33,0.00,0.00,0.00,1.0,95830.0,95350.0,0.0,0.0,0.5,0.0,64.113,0.000,0.0,735563.0
2026-09-09T00:33:54,0.2,4035,1547350,1532154,0.3,0.00,1.75,0.00,6.98,0.00,0.00,0.00,1.0,95830.0,95350.0,0.0,0.0,0.5,0.0,64.120,0.000,0.0,664209.5
2026-09-09T00:33:56,0.1,4036,1547350,1532153,0.3,0.00,3.14,0.00,12.58,0.00,0.20,0.00,1.0,95830.0,95350.0,0.0,0.0,0.5,0.0,64.120,0.000,0.0,663726.5
2026-09-09T00:33:58,0.2,4037,1547350,1532152,0.3,0.00,1.24,0.00,4.95,0.00,0.00,0.00,1.0,95830.0,95350.0,0.0,0.0,0.5,0.0,64.113,0.000,0.0,673979.5
2026-09-09T00:33:59,0.2,4037,1547350,1532153,0.3,0.00,3.34,0.00,13.37,0.00,0.00,0.00,1.0,95830.0,95350.0,0.0,0.0,0.5,0.0,64.112,0.000,0.0,619392.0
2026-09-09T00:34:05,0.1,4040,1547350,1532149,0.3,0.00,1.71,0.00,8.91,0.00,0.10,0.00,1.0,95830.0,95350.0,0.0,0.0,0.5,0.0,64.116,0.000,0.0,614574.0
2026-09-09T00:34:12,0.0,4040,1547350,1532149,0.3,0.00,0.67,0.00,5.48,0.00,0.00,0.00,1.0,95830.0,95350.0,0.0,0.0,0.5,0.0,64.113,0.000,0.0,616636.5
2026-09-09T00:34:21,0.0,4040,1547350,1532149,0.3,0.00,0.88,0.00,3.52,0.00,0.00,0.01,1.0,95830.0,95350.0,0.0,0.0,0.5,0.0,64.097,0.000,0.0,630169.0
2026-09-09T00:34:31,0.0,4041,1547350,1532149,0.3,0.00,0.62,0.00,2.47,0.00,0.17,0.00,1.0,95830.0,95350.0,0.0,0.0,0.5,0.0,64.132,0.000,0.0,649163.0
2026-09-09T00:34:35,0.1,4040,1547350,1532149,0.3,0.00,1.04,0.00,4.15,0.00,0.00,0.00,1.0,95830.0,95350.0,0.0,0.0,0.5,0.0,64.118,0.000,0.0,626758.0
2026-09-09T00:34:38,0.0,4041,1547350,1532149,0.3,0.00,1.13,0.00,4.52,0.00,0.00,0.00,1.0,95830.0,95350.0,0.0,0.0,0.5,0.0,64.106,0.000,0.0,613669.0
2026-09-09T00:34:46,0.0,4040,1547350,1532150,0.3,0.00,2.40,0.00,18.19,0.00,0.11,0.00,1.0,95830.0,95350.0,0.0,0.0,0.5,0.0,64.112,0.000,0.0,611171.5
2026-09-09T00:34:53,0.0,4040,1547350,1532149,0.3,0.00,0.58,0.00,2.31,0.00,0.00,0.00,1.0,95830.0,95350.0,0.0,0.0,0.5,0.0,64.161,0.000,0.0,675522.5
2026-09-09T00:34:55,0.1,4040,1547350,1532149,0.3,0.00,0.91,0.00,3.63,0.00,0.00,0.00,1.0,95830.0,95350.0,0.0,0.0,0.5,0.0,64.126,0.000,0.0,753729.5
2026-09-09T00:34:57,0.1,4041,1547350,1532148,0.3,0.00,3.07,0.00,12.26,0.00,0.20,0.00,1.0,95830.0,95350.0,0.0,0.0,0.5,0.0,64.100,0.000,0.0,628080.5
2026-09-09T00:35:00,0.1,4044,1547350,1532145,0.3,0.00,0.58,0.00,2.34,0.00,0.00,0.00,1.0,95830.0,95350.0,0.0,0.0,0.5,0.0,64.126,0.000,0.0,624060.5
2026-09-09T00:35:05,0.1,4043,1547350,1532146,0.3,0.00,2.44,0.00,10.76,0.00,0.10,0.00,1.0,95830.0,95350.0,0.0,0.0,0.5,0.0,64.118,0.000,0.0,679660.5
2026-09-09T00:35:06,0.1,4044,1547350,1532145,0.3,0.00,1.60,0.00,6.41,0.00,0.00,0.00,1.0,95830.0,95350.0,0.0,0.0,0.5,0.0,64.136,0.000,0.0,621683.5
2026-09-09T00:35:10,0.0,4042,1547350,1532147,0.3,0.00,0.92,0.00,5.54,0.00,0.00,0.00,1.0,95830.0,95350.0,0.0,0.0,0.5,0.0,64.104,0.000,0.0,621993.0
2026-09-09T00:35:15,0.1,4043,1547350,1532146,0.3,0.00,2.21,0.00,20.70,0.00,0.10,0.00,1.0,95830.0,95350.0,0.0,0.0,0.5,0.0,64.144,0.000,0.0,630563.5
2026-09-09T00:35:19,0.1,4045,1547350,1532145,0.3,0.00,0.43,0.00,1.71,0.00,0.00,0.00,1.0,95830.0,95350.0,0.0,0.0,0.5,0.0,64.124,0.000,0.0,695742.0
2026-09-09T00:35:20,0.3,4045,1547350,1532144,0.3,0.00,2.49,0.00,9.96,0.00,0.00,0.00,1.0,95830.0,95350.0,0.0,0.0,0.5,0.0,64.130,0.000,0.0,695742.0
2026-09-09T00:35:21,0.2,4046,1547350,1532143,0.3,0.00,5.35,0.00,21.42,0.00,0.00,0.00,1.0,95830.0,95350.0,0.0,0.0,0.5,0.0,64.116,0.000,0.0,785128.5
2026-09-09T00:35:22,0.2,4046,1547350,1532144,0.3,0.00,3.15,0.00,12.60,0.00,0.00,0.16,1.0,95830.0,95350.0,0.0,0.0,0.5,0.0,64.096,0.000,0.0,656650.0
2026-09-09T00:35:24,0.1,4046,1547350,1532143,0.3,0.00,0.79,0.00,3.18,0.00,0.00,0.00,1.0,95830.0,95350.0,0.0,0.0,0.5,0.0,64.118,0.000,0.0,636091.0
2026-09-09T00:35:29,0.1,4047,1547350,1532142,0.3,0.00,0.84,0.00,3.35,0.00,0.25,0.00,1.0,95830.0,95350.0,0.0,0.0,0.5,0.0,64.121,0.000,0.0,621154.0
2026-09-09T00:35:34,0.0,4049,1547350,1532141,0.3,0.00,0.99,0.00,3.97,0.00,0.00,0.00,1.0,95830.0,95350.0,0.0,0.0,0.5,0.0,64.129,0.000,0.0,642839.5
2026-09-09T00:35:36,0.1,4048,1547350,1532141,0.3,0.00,1.20,0.00,4.78,0.00,0.00,0.00,1.0,95830.0,95350.0,0.0,0.0,0.5,0.0,64.130,0.000,0.0,623526.0
2026-09-09T00:35:40,0.1,4049,1547350,1532141,0.3,0.00,1.00,0.00,3.99,0.00,0.00,0.00,1.0,95830.0,95350.0,0.0,0.0,0.5,0.0,64.109,0.000,0.0,643764.0
2026-09-09T00:35:42,0.1,4047,1547350,1532142,0.3,0.00,1.76,0.00,7.03,0.00,0.00,0.00,1.0,95830.0,95350.0,0.0,0.0,0.5,0.0,64.142,0.000,0.0,653195.5
2026-09-09T00:35:47,0.0,4047,1547350,1532142,0.3,0.00,4.08,0.00,32.63,0.00,0.14,0.00,1.0,95830.0,95350.0,0.0,0.0,0.5,0.0,64.117,0.000,0.0,641165.5
2026-09-09T00:35:49,0.1,4048,1547350,1532141,0.3,0.00,2.79,0.00,11.17,0.00,0.00,0.00,1.0,95830.0,95350.0,0.0,0.0,0.5,0.0,64.108,0.000,0.0,632486.5
2026-09-09T00:35:54,0.0,4050,1547350,1532139,0.3,0.00,0.40,0.00,1.60,0.00,0.00,0.00,1.0,95830.0,95350.0,0.0,0.0,0.5,0.0,64.118,0.000,0.0,670705.5
2026-09-09T00:35:55,0.1,4052,1547350,1532138,0.3,0.00,1.38,0.00,5.52,0.00,0.00,0.00,1.0,95830.0,95350.0,0.0,0.0,0.5,0.0,64.135,0.000,0.0,647678.0
2026-09-09T00:35:57,0.1,4052,1547350,1532137,0.3,0.00,2.40,0.00,9.58,0.00,0.00,0.00,1.0,95830.0,95350.0,0.0,0.0,0.5,0.0,64.116,0.000,0.0,621027.5
2026-09-09T00:36:01,0.1,4057,1547350,1532132,0.3,0.00,2.39,0.00,10.45,0.00,0.18,0.00,1.0,95830.0,95350.0,0.0,0.0,0.5,0.0,64.134,0.000,0.0,622750.0
2026-09-09T00:36:06,0.0,4059,1547350,1532131,0.3,0.00,0.96,0.00,3.83,0.00,0.00,0.00,1.0,95830.0,95350.0,0.0,0.0,0.5,0.0,64.127,0.000,0.0,648529.0
2026-09-09T00:36:10,0.1,4059,1547350,1532130,0.3,0.00,0.50,0.00,2.01,0.00,0.00,0.03,1.0,95830.0,95350.0,0.0,0.0,0.5,0.0,64.118,0.000,0.0,658468.5
2026-09-09T00:36:11,0.1,4057,1547350,1532132,0.3,0.00,3.99,0.00,15.98,0.00,0.00,0.00,1.0,95830.0,95350.0,0.0,0.0,0.5,0.0,64.126,0.000,0.0,656711.5
2026-09-09T00:36:15,0.0,4058,1547350,1532131,0.3,0.00,0.72,0.00,6.37,0.00,0.33,0.02,1.0,95830.0,95350.0,0.0,0.0,0.5,0.0,64.151,0.000,0.0,620140.0
2026-09-09T00:36:21,0.0,4058,1547350,1532131,0.3,0.00,1.04,0.00,4.15,0.00,0.00,0.00,1.0,95830.0,95350.0,0.0,0.0,0.5,0.0,64.125,0.000,0.0,626961.5
2026-09-09T00:36:24,0.1,4057,1547350,1532132,0.3,0.00,0.59,0.00,2.36,0.00,0.00,0.00,1.0,95830.0,95350.0,0.0,0.0,0.5,0.0,64.138,0.000,0.0,635485.0
2026-09-09T00:36:27,0.1,4057,1547350,1532132,0.3,0.00,1.51,0.00,6.05,0.00,0.00,0.00,1.0,95830.0,95350.0,0.0,0.0,0.5,0.0,64.135,0.000,0.0,617015.0
2026-09-09T00:36:32,0.0,4057,1547350,1532132,0.3,0.00,0.92,0.00,3.69,0.00,0.20,0.00,1.0,95830.0,95350.0,0.0,0.0,0.5,0.0,64.135,0.000,0.0,615448.0
2026-09-09T00:36:39,0.0,4057,1547350,1532133,0.3,0.00,0.63,0.00,2.52,0.00,0.00,0.00,1.0,95830.0,95350.0,0.0,0.0,0.5,0.0,64.117,0.000,0.0,616721.5
2026-09-09T00:36:44,0.0,4057,1547350,1532133,0.3,0.00,2.80,0.00,28.21,0.00,0.07,0.00,1.0,95830.0,95350.0,0.0,0.0,0.5,0.0,64.112,0.000,0.0,633092.5
2026-09-09T00:36:50,0.0,4060,1547350,1532129,0.3,0.00,0.68,0.00,2.73,0.00,0.00,0.00,1.0,95830.0,95350.0,0.0,0.0,0.5,0.0,64.144,0.000,0.0,628010.5
2026-09-09T00:36:53,0.1,4059,1547350,1532130,0.3,0.00,1.24,0.00,4.96,0.00,0.25,0.00,1.0,95830.0,95350.0,0.0,0.0,0.5,0.0,64.130,0.000,0.0,617489.0
2026-09-09T00:36:58,0.1,4059,1547350,1532131,0.3,0.00,0.82,0.00,3.26,0.00,0.00,0.00,1.0,95830.0,95350.0,0.0,0.0,0.5,0.0,64.144,0.000,0.0,639579.5
2026-09-09T00:37:01,0.1,4062,1547350,1532127,0.3,0.00,0.83,0.00,3.33,0.00,0.00,0.00,1.0,95830.0,95350.0,0.0,0.0,0.5,0.0,64.142,0.000,0.0,630218.0
2026-09-09T00:37:04,0.1,4063,1547350,1532127,0.3,0.00,0.65,0.00,2.62,0.00,0.00,0.00,1.0,95830.0,95350.0,0.0,0.0,0.5,0.0,64.144,0.000,0.0,661887.0
2026-09-09T00:37:05,0.1,4064,1547350,1532125,0.3,0.00,7.18,0.00,31.33,0.00,0.09,0.00,1.0,95830.0,95350.0,0.0,0.0,0.5,0.0,64.133,0.000,0.0,675351.5
2026-09-09T00:37:06,0.1,4063,1547350,1532126,0.3,0.00,1.53,0.00,6.14,0.00,0.00,0.00,1.0,95830.0,95350.0,0.0,0.0,0.5,0.0,64.154,0.000,0.0,642033.5
2026-09-09T00:37:11,0.1,4059,1547350,1532131,0.3,0.00,0.88,0.00,3.53,0.00,0.00,0.00,1.0,95830.0,95350.0,0.0,0.0,0.5,0.0,64.144,0.000,0.0,641097.5
2026-09-09T00:37:13,0.1,4059,1547350,1532130,0.3,0.00,0.87,0.00,3.48,0.00,0.00,0.00,1.0,95830.0,95350.0,0.0,0.0,0.5,0.0,64.152,0.000,0.0,625774.0
2026-09-09T00:37:17,0.1,4059,1547350,1532130,0.3,0.00,2.70,0.00,18.66,0.00,0.10,0.00,1.0,95830.0,95350.0,0.0,0.0,0.5,0.0,64.136,0.000,0.0,624928.5
2026-09-09T00:37:20,0.1,4060,1547350,1532130,0.3,0.00,1.22,0.00,4.88,0.00,0.00,0.00,1.0,95830.0,95350.0,0.0,0.0,0.5,0.0,64.138,0.000,0.0,621985.0
2026-09-09T00:37:25,0.0,4060,1547350,1532129,0.3,0.00,0.41,0.00,1.62,0.00,0.00,0.00,1.0,95830.0,95350.0,0.0,0.0,0.5,0.0,64.144,0.000,0.0,627163.5
2026-09-09T00:37:28,0.1,4061,1547350,1532128,0.3,0.00,1.35,0.00,5.42,0.00,0.00,0.00,1.0,95830.0,95350.0,0.0,0.0,0.5,0.0,64.147,0.000,0.0,630799.5
2026-09-09T00:37:31,0.1,4068,1547350,1532121,0.3,0.00,1.24,0.00,4.94,0.00,0.25,0.00,1.0,95830.0,95350.0,0.0,0.0,0.5,0.0,64.152,0.000,0.0,619753.5
2026-09-09T00:37:36,0.0,4069,1547350,1532121,0.3,0.00,0.41,0.00,1.66,0.00,0.00,0.00,1.0,95830.0,95350.0,0.0,0.0,0.5,0.0,64.144,0.000,0.0,625868.5
2026-09-09T00:37:41,0.0,4070,1547350,1532119,0.3,0.00,1.09,0.00,4.35,0.00,0.00,0.00,1.0,95830.0,95350.0,0.0,0.0,0.5,0.0,64.191,0.000,0.0,661855.5
2026-09-09T00:37:47,0.0,4071,1547350,1532118,0.3,0.00,3.12,0.00,22.96,0.00,0.11,0.00,1.0,95830.0,95350.0,0.0,0.0,0.5,0.0,64.197,0.000,0.0,695310.5
2026-09-09T00:37:51,0.1,4071,1547350,1532119,0.3,0.00,0.91,0.00,3.64,0.00,0.00,0.00,1.0,95830.0,95350.0,0.0,0.0,0.5,0.0,64.160,0.000,0.0,658504.0
2026-09-09T00:37:55,0.0,4070,1547350,1532119,0.3,0.00,0.97,0.00,3.88,0.00,0.00,0.00,1.0,95830.0,95350.0,0.0,0.0,0.5,0.0,64.178,0.000,0.0,632981.5
2026-09-09T00:37:59,0.1,4070,1547350,1532119,0.3,0.00,0.57,0.00,2.28,0.00,0.00,0.00,1.0,95830.0,95350.0,0.0,0.0,0.5,0.0,64.198,0.000,0.0,655479.0
2026-09-09T00:38:03,0.1,4075,1547350,1532115,0.3,0.00,2.61,0.00,10.42,0.00,0.10,0.03,1.0,95830.0,95350.0,0.0,0.0,0.5,0.0,64.173,0.000,0.0,671159.0
2026-09-09T00:38:05,0.1,4075,1547350,1532114,0.3,0.00,0.80,0.00,3.19,0.00,0.50,0.00,1.0,95830.0,95350.0,0.0,0.0,0.5,0.0,64.166,0.000,0.0,681587.0
2026-09-09T00:38:07,0.1,4074,1547350,1532115,0.3,0.00,3.48,0.00,13.91,0.00,0.00,0.00,1.0,95830.0,95350.0,0.0,0.0,0.5,0.0,64.179,0.000,0.0,633781.5
2026-09-09T00:38:09,0.1,4071,1547350,1532118,0.3,0.00,0.75,0.00,3.02,0.00,0.00,0.00,1.0,95830.0,95350.0,0.0,0.0,0.5,0.0,64.151,0.000,0.0,634933.5
2026-09-09T00:38:14,0.1,4074,1547350,1532115,0.3,0.00,1.36,0.00,5.44,0.00,0.17,0.00,1.0,95830.0,95350.0,0.0,0.0,0.5,0.0,64.175,0.000,0.0,674025.5
2026-09-09T00:38:16,0.1,4076,1547350,1532114,0.3,0.00,0.95,0.00,3.81,0.00,0.00,0.00,1.0,95830.0,95350.0,0.0,0.0,0.5,0.0,64.177,0.000,0.0,624267.5
2026-09-09T00:38:20,0.0,4075,1547350,1532115,0.3,0.00,3.25,0.00,14.39,0.00,0.07,0.00,1.0,95830.0,95350.0,0.0,0.0,0.5,0.0,64.199,0.000,0.0,617506.0
2026-09-09T00:38:26,0.0,4076,1547350,1532113,0.3,0.00,0.77,0.00,3.08,0.00,0.00,0.00,1.0,95830.0,95350.0,0.0,0.0,0.5,0.0,64.170,0.000,0.0,618196.0
2026-09-09T00:38:31,0.1,4077,1547350,1532112,0.3,0.00,0.80,0.00,3.19,0.00,0.00,0.00,1.0,95830.0,95350.0,0.0,0.0,0.5,0.0,64.164,0.000,0.0,619584.0
2026-09-09T00:38:35,0.0,4078,1547350,1532111,0.3,0.00,0.46,0.00,1.84,0.00,0.00,0.00,1.0,95830.0,95350.0,0.0,0.0,0.5,0.0,64.162,0.000,0.0,667556.5
2026-09-09T00:38:38,0.1,4078,1547350,1532111,0.3,0.00,0.73,0.00,2.94,0.00,0.00,0.00,1.0,95830.0,95350.0,0.0,0.0,0.5,0.0,64.156,0.000,0.0,626654.0
2026-09-09T00:38:43,0.0,4078,1547350,1532112,0.3,0.00,0.38,0.00,1.51,0.00,0.00,0.02,1.0,95830.0,95350.0,0.0,0.0,0.5,0.0,64.156,0.000,0.0,618120.5
2026-09-09T00:38:48,0.1,4079,1547350,1532110,0.3,0.00,2.93,0.00,30.60,0.00,0.07,0.00,1.0,95830.0,95350.0,0.0,0.0,0.5,0.0,64.176,0.000,0.0,651414.0
2026-09-09T00:38:50,0.1,4080,1547350,1532109,0.3,0.00,0.97,0.00,3.86,0.00,0.50,0.00,1.0,95830.0,95350.0,0.0,0.0,0.5,0.0,64.138,0.000,0.0,625352.5
2026-09-09T00:38:54,0.1,4081,1547350,1532108,0.3,0.00,0.52,0.00,2.08,0.00,0.00,0.00,1.0,95830.0,95350.0,0.0,0.0,0.5,0.0,64.142,0.000,0.0,624724.5
2026-09-09T00:38:58,0.1,4082,1547350,1532107,0.3,0.00,0.52,0.00,2.09,0.00,0.00,0.00,1.0,95830.0,95350.0,0.0,0.0,0.5,0.0,64.130,0.000,0.0,621772.0
2026-09-09T00:39:10,0.1,4084,1547350,1532105,0.3,0.00,0.40,0.00,1.60,0.00,0.00,0.00,1.0,95830.0,95350.0,0.0,0.0,0.5,0.0,64.146,0.000,0.0,614565.0
2026-09-09T00:39:15,0.1,4084,1547350,1532105,0.3,0.00,0.40,0.00,1.59,0.00,0.00,0.00,1.0,95830.0,95350.0,0.0,0.0,0.5,0.0,64.117,0.000,0.0,625611.0
2026-09-09T00:39:18,0.1,4085,1547350,1532104,0.3,0.00,1.81,0.00,10.27,0.00,0.00,0.00,1.0,95830.0,95350.0,0.0,0.0,0.5,0.0,64.154,0.000,0.0,636465.0
2026-09-09T00:39:22,0.1,4086,1547350,1532103,0.3,0.00,0.62,0.00,2.46,0.00,0.50,0.00,1.0,95830.0,95350.0,0.0,0.0,0.5,0.0,64.144,0.000,0.0,630798.0
2026-09-09T00:39:27,0.1,4090,1547350,1532100,0.3,0.00,0.39,0.00,1.56,0.00,0.00,0.00,1.0,95830.0,95350.0,0.0,0.0,0.5,0.0,64.137,0.000,0.0,630852.5
2026-09-09T00:39:29,0.1,4089,1547350,1532100,0.3,0.00,0.90,0.00,3.61,0.00,0.00,0.00,1.0,95830.0,95350.0,0.0,0.0,0.5,0.0,64.156,0.000,0.0,645097.5
2026-09-09T00:39:34,0.1,4109,1547350,1532080,0.3,0.00,1.81,0.00,9.66,0.00,0.11,0.00,1.0,95830.0,95350.0,0.0,0.0,0.5,0.0,64.132,0.000,0.0,646950.5
2026-09-09T00:39:39,0.1,4119,1547350,1532070,0.3,0.00,0.40,0.00,1.58,0.00,0.00,0.00,1.0,95830.0,95350.0,0.0,0.0,0.5,0.0,64.139,0.000,0.0,642461.5
2026-09-09T00:39:43,0.1,4120,1547350,1532070,0.3,0.00,0.75,0.00,3.01,0.00,0.00,0.00,1.0,95830.0,95350.0,0.0,0.0,0.5,0.0,64.118,0.000,0.0,741775.5
2026-09-09T00:39:46,0.1,4119,1547350,1532070,0.3,0.00,3.43,0.00,25.34,0.00,0.00,0.00,1.0,95830.0,95350.0,0.0,0.0,0.5,0.0,64.124,0.000,0.0,622015.5
2026-09-09T00:39:50,0.0,4120,1547350,1532069,0.3,0.00,0.70,0.00,2.82,0.00,0.33,0.00,1.0,95830.0,95350.0,0.0,0.0,0.5,0.0,64.132,0.000,0.0,646155.5
2026-09-09T00:39:55,0.0,4120,1547350,1532069,0.3,0.00,0.37,0.00,1.48,0.00,0.00,0.00,1.0,95830.0,95350.0,0.0,0.0,0.5,0.0,64.155,0.000,0.0,657284.0
2026-09-09T00:39:59,0.1,4121,1547350,1532069,0.3,0.00,0.59,0.00,2.36,0.00,0.00,0.03,1.0,95830.0,95350.0,0.0,0.0,0.5,0.0,64.148,0.000,0.0,623043.5
2026-09-09T00:40:03,0.1,4123,1547350,1532066,0.3,0.00,0.51,0.00,2.05,0.00,0.00,0.00,1.0,95830.0,95350.0,0.0,0.0,0.5,0.0,64.149,0.000,0.0,671024.5
2026-09-09T00:40:04,0.1,4123,1547350,1532066,0.3,0.00,2.83,0.00,11.33,0.00,0.00,0.00,1.0,95830.0,95350.0,0.0,0.0,0.5,0.0,64.143,0.000,0.0,646231.5
2026-09-09T00:40:06,0.1,4124,1547350,1532065,0.3,0.00,1.07,0.00,4.28,0.00,0.00,0.00,1.0,95830.0,95350.0,0.0,0.0,0.5,0.0,64.150,0.000,0.0,623513.0
2026-09-09T00:40:10,0.1,4121,1547350,1532069,0.3,0.00,0.50,0.00,2.00,0.00,0.00,0.00,1.0,95830.0,95350.0,0.0,0.0,0.5,0.0,64.135,0.000,0.0,660302.5
2026-09-09T00:40:13,0.1,4121,1547350,1532068,0.3,0.00,0.63,0.00,2.51,0.00,0.00,0.00,1.0,95830.0,95350.0,0.0,0.0,0.5,0.0,64.123,0.000,0.0,672723.0
2026-09-09T00:40:16,0.1,4119,1547350,1532070,0.3,0.00,0.77,0.00,3.08,0.00,0.00,0.00,1.0,95830.0,95350.0,0.0,0.0,0.5,0.0,64.118,0.000,0.0,656424.0
2026-09-09T00:40:19,0.1,4121,1547350,1532068,0.3,0.00,2.80,0.00,13.38,0.00,0.11,0.00,1.0,95830.0,95350.0,0.0,0.0,0.5,0.0,64.120,0.000,0.0,639500.5
2026-09-09T00:40:23,0.1,4122,1547350,1532067,0.3,0.00,0.46,0.00,1.85,0.00,0.00,0.00,1.0,95830.0,95350.0,0.0,0.0,0.5,0.0,64.132,0.000,0.0,661733.5
2026-09-09T00:40:27,0.1,4123,1547350,1532067,0.3,0.00,0.52,0.00,2.08,0.00,0.00,0.00,1.0,95830.0,95350.0,0.0,0.0,0.5,0.0,64.133,0.000,0.0,633470.5
2026-09-09T00:40:30,0.1,4124,1547350,1532065,0.3,0.00,0.78,0.00,3.14,0.00,0.00,0.00,1.0,95830.0,95350.0,0.0,0.0,0.5,0.0,64.128,0.000,0.0,632731.0
2026-09-09T00:40:33,0.1,4125,1547350,1532065,0.3,0.00,1.92,0.00,7.69,0.00,0.14,0.00,1.0,95830.0,95350.0,0.0,0.0,0.5,0.0,64.124,0.000,0.0,621511.5
2026-09-09T00:40:38,0.0,4122,1547350,1532067,0.3,0.00,0.43,0.00,1.71,0.00,0.00,0.00,1.0,95830.0,95350.0,0.0,0.0,0.5,0.0,64.138,0.000,0.0,637733.0
2026-09-09T00:40:40,0.1,4124,1547350,1532065,0.3,0.00,1.80,0.00,10.79,0.00,0.00,0.00,1.0,95830.0,95350.0,0.0,0.0,0.5,0.0,64.124,0.000,0.0,620987.5
2026-09-09T00:40:45,0.0,4125,1547350,1532065,0.3,0.00,0.91,0.00,3.66,0.00,0.00,0.02,1.0,95830.0,95350.0,0.0,0.0,0.5,0.0,64.142,0.000,0.0,620743.0
2026-09-09T00:40:49,0.1,4125,1547350,1532065,0.3,0.00,1.89,0.00,13.64,0.00,0.11,0.00,1.0,95830.0,95350.0,0.0,0.0,0.5,0.0,64.128,0.000,0.0,623609.5
2026-09-09T00:40:53,0.0,4125,1547350,1532065,0.3,0.00,0.51,0.00,2.02,0.00,0.00,0.00,1.0,95830.0,95350.0,0.0,0.0,0.5,0.0,64.151,0.000,0.0,661796.0
2026-09-09T00:40:57,0.1,4125,1547350,1532064,0.3,0.00,0.56,0.00,2.23,0.00,0.00,0.03,1.0,95830.0,95350.0,0.0,0.0,0.5,0.0,64.120,0.000,0.0,633094.0
2026-09-09T00:41:00,0.1,4130,1547350,1532059,0.3,0.00,0.73,0.00,2.93,0.00,0.00,0.00,1.0,95830.0,95350.0,0.0,0.0,0.5,0.0,64.132,0.000,0.0,663364.0
2026-09-09T00:41:04,0.1,4130,1547350,1532060,0.3,0.00,0.49,0.00,1.97,0.00,0.00,0.00,1.0,95830.0,95350.0,0.0,0.0,0.5,0.0,64.118,0.000,0.0,641384.5
2026-09-09T00:41:06,0.1,4130,1547350,1532059,0.3,0.00,0.89,0.00,3.54,0.00,0.00,0.00,1.0,95830.0,95350.0,0.0,0.0,0.5,0.0,64.130,0.000,0.0,648139.5
2026-09-09T00:41:08,0.1,4131,1547350,1532058,0.3,0.00,1.00,0.00,4.02,0.00,0.00,0.00,1.0,95830.0,95350.0,0.0,0.0,0.5,0.0,64.115,0.000,0.0,636497.5
2026-09-09T00:41:10,0.1,4127,1547350,1532062,0.3,0.00,0.84,0.00,3.35,0.00,0.00,0.00,1.0,95830.0,95350.0,0.0,0.0,0.5,0.0,64.103,0.000,0.0,623466.0
2026-09-09T00:41:14,0.1,4126,1547350,1532063,0.3,0.00,0.95,0.00,3.80,0.00,0.25,0.00,1.0,95830.0,95350.0,0.0,0.0,0.5,0.0,64.114,0.000,0.0,629826.5
2026-09-09T00:41:18,0.1,4126,1547350,1532063,0.3,0.00,1.53,0.00,10.27,0.00,0.00,0.00,1.0,95830.0,95350.0,0.0,0.0,0.5,0.0,64.124,0.000,0.0,629273.0
2026-09-09T00:41:21,0.1,4126,1547350,1532063,0.3,0.00,0.96,0.00,3.85,0.00,0.00,0.00,1.0,95830.0,95350.0,0.0,0.0,0.5,0.0,64.124,0.000,0.0,680423.5
2026-09-09T00:41:22,0.1,4126,1547350,1532063,0.3,0.00,1.67,0.00,6.67,0.00,0.00,0.00,1.0,95830.0,95350.0,0.0,0.0,0.5,0.0,64.145,0.000,0.0,652900.5
2026-09-09T00:41:25,0.1,4127,1547350,1532062,0.3,0.00,0.64,0.00,2.56,0.00,0.00,0.00,1.0,95830.0,95350.0,0.0,0.0,0.5,0.0,64.137,0.000,0.0,647582.5
2026-09-09T00:41:27,0.2,4127,1547350,1532063,0.3,0.00,1.40,0.00,5.60,0.00,0.00,0.07,1.0,95830.0,95350.0,0.0,0.0,0.5,0.0,64.126,0.000,0.0,647582.5
2026-09-09T00:41:27,0.3,4127,1547350,1532062,0.3,0.00,3.13,0.00,12.52,0.00,0.00,0.00,1.0,95830.0,95350.0,0.0,0.0,0.5,0.0,64.107,0.000,0.0,840545.5
2026-09-09T00:41:28,0.3,4129,1547350,1532061,0.3,0.00,4.33,0.00,17.32,0.00,0.00,0.00,1.0,95830.0,95350.0,0.0,0.0,0.5,0.0,64.124,0.000,0.0,840545.5
2026-09-09T00:41:29,0.2,4129,1547350,1532060,0.3,0.00,2.04,0.00,8.17,0.00,0.50,0.00,1.0,95830.0,95350.0,0.0,0.0,0.5,0.0,64.106,0.000,0.0,717945.0
2026-09-09T00:41:30,0.3,4130,1547350,1532059,0.3,0.00,2.41,0.00,9.64,0.00,0.00,0.00,1.0,95830.0,95350.0,0.0,0.0,0.5,0.0,64.129,0.000,0.0,753494.5
2026-09-09T00:41:31,0.2,4131,1547350,1532058,0.3,0.00,1.74,0.00,6.94,0.00,0.00,0.00,1.0,95830.0,95350.0,0.0,0.0,0.5,0.0,64.117,0.000,0.0,753494.5
2026-09-09T00:41:31,0.3,4131,1547350,1532058,0.3,0.00,10.69,0.00,48.85,0.00,0.00,0.00,1.0,95830.0,95350.0,0.0,0.0,0.5,0.0,64.130,0.000,0.0,789416.0
2026-09-09T00:41:32,0.2,4131,1547350,1532058,0.3,0.00,1.68,0.00,6.74,0.00,0.00,0.00,1.0,95830.0,95350.0,0.0,0.0,0.5,0.0,64.119,0.000,0.0,689745.5
2026-09-09T00:41:33,0.2,4131,1547350,1532059,0.3,0.00,2.13,0.00,8.50,0.00,0.00,0.00,1.0,95830.0,95350.0,0.0,0.0,0.5,0.0,64.137,0.000,0.0,689745.5
2026-09-09T00:41:34,0.2,4137,1547350,1532052,0.3,0.00,2.23,0.00,8.92,0.00,0.00,0.00,1.0,95830.0,95350.0,0.0,0.0,0.5,0.0,64.104,0.000,0.0,817542.5
2026-09-09T00:41:35,0.2,4140,1547350,1532050,0.3,0.00,2.21,0.00,8.84,0.00,0.50,0.00,1.0,95830.0,95350.0,0.0,0.0,0.5,0.0,64.120,0.000,0.0,691032.5
2026-09-09T00:41:36,0.2,4141,1547350,1532048,0.3,0.00,2.02,0.00,8.06,0.00,0.00,0.00,1.0,95830.0,95350.0,0.0,0.0,0.5,0.0,64.132,0.000,0.0,675290.0
2026-09-09T00:41:38,0.2,4144,1547350,1532046,0.3,0.00,1.39,0.00,5.56,0.00,0.00,0.00,1.0,95830.0,95350.0,0.0,0.0,0.5,0.0,64.129,0.000,0.0,765111.0
2026-09-09T00:41:39,0.1,4144,1547350,1532045,0.3,0.00,1.39,0.00,5.55,0.00,0.00,0.00,1.0,95830.0,95350.0,0.0,0.0,0.5,0.0,64.125,0.000,0.0,765111.0
2026-09-09T00:41:40,0.2,4145,1547350,1532044,0.3,0.00,3.24,0.00,12.97,0.00,0.00,0.00,1.0,95830.0,95350.0,0.0,0.0,0.5,0.0,64.124,0.000,0.0,744521.0
2026-09-09T00:41:41,0.2,4146,1547350,1532044,0.3,0.00,2.14,0.00,8.57,0.00,0.00,0.00,1.0,95830.0,95350.0,0.0,0.0,0.5,0.0,64.118,0.000,0.0,744521.0
2026-09-09T00:41:42,0.2,4146,1547350,1532043,0.3,0.00,2.21,0.00,8.84,0.00,0.00,0.11,1.0,95830.0,95350.0,0.0,0.0,0.5,0.0,64.125,0.000,0.0,679481.5
2026-09-09T00:41:43,0.2,4148,1547350,1532042,0.3,0.00,1.66,0.00,6.64,0.00,0.00,0.00,1.0,95830.0,95350.0,0.0,0.0,0.5,0.0,64.122,0.000,0.0,722209.5
2026-09-09T00:41:44,0.2,4148,1547350,1532041,0.3,0.00,2.00,0.00,8.02,0.00,0.00,0.00,1.0,95830.0,95350.0,0.0,0.0,0.5,0.0,64.117,0.000,0.0,730987.0
2026-09-09T00:41:45,0.1,4148,1547350,1532041,0.3,0.00,1.45,0.00,5.81,0.00,0.00,0.00,1.0,95830.0,95350.0,0.0,0.0,0.5,0.0,64.130,0.000,0.0,663513.5
2026-09-09T00:41:46,0.2,4150,1547350,1532039,0.3,0.00,3.75,0.00,21.02,0.00,0.20,0.00,1.0,95830.0,95350.0,0.0,0.0,0.5,0.0,64.120,0.000,0.0,663513.5
2026-09-09T00:41:47,0.2,4151,1547350,1532038,0.3,0.00,2.42,0.00,9.67,0.00,0.00,0.00,1.0,95830.0,95350.0,0.0,0.0,0.5,0.0,64.118,0.000,0.0,741796.5
2026-09-09T00:41:48,0.3,4152,1547350,1532037,0.3,0.00,3.72,0.00,14.87,0.00,0.00,0.00,1.0,95830.0,95350.0,0.0,0.0,0.5,0.0,64.111,0.000,0.0,663536.5
2026-09-09T00:41:49,0.2,4152,1547350,1532037,0.3,0.00,7.51,0.00,58.40,0.00,0.09,0.00,1.0,95830.0,95350.0,0.0,0.0,0.5,0.0,64.142,0.000,0.0,663536.5
2026-09-09T00:41:50,0.2,4151,1547350,1532038,0.3,0.00,3.31,0.00,13.22,0.00,0.00,0.00,1.0,95830.0,95350.0,0.0,0.0,0.5,0.0,64.112,0.000,0.0,726153.0
2026-09-09T00:41:51,0.2,4150,1547350,1532040,0.3,0.00,1.51,0.00,6.03,0.00,0.00,0.00,1.0,95830.0,95350.0,0.0,0.0,0.5,0.0,64.117,0.000,0.0,726153.0
2026-09-09T00:41:52,0.3,4151,1547350,1532039,0.3,0.00,4.95,0.00,19.80,0.00,0.00,0.00,1.0,95830.0,95350.0,0.0,0.0,0.5,0.0,64.114,0.000,0.0,737654.0
2026-09-09T00:41:53,0.2,4152,1547350,1532037,0.3,0.00,1.39,0.00,5.57,0.00,0.00,0.00,1.0,95830.0,95350.0,0.0,0.0,0.5,0.0,64.117,0.000,0.0,662493.5
2026-09-09T00:41:54,0.2,4152,1547350,1532038,0.3,0.00,1.41,0.00,5.65,0.00,0.00,0.00,1.0,95830.0,95350.0,0.0,0.0,0.5,0.0,64.145,0.000,0.0,663670.0
2026-09-09T00:41:56,0.1,4151,1547350,1532038,0.3,0.00,1.59,0.00,6.34,0.00,0.00,0.00,1.0,95830.0,95350.0,0.0,0.0,0.5,0.0,64.115,0.000,0.0,663670.0
2026-09-09T00:41:57,0.2,4151,1547350,1532038,0.3,0.00,7.03,0.00,28.10,0.00,0.17,0.00,1.0,95830.0,95350.0,0.0,0.0,0.5,0.0,64.136,0.000,0.0,700053.5
2026-09-09T00:41:58,0.1,4152,1547350,1532037,0.3,0.00,1.64,0.00,6.57,0.00,0.00,0.00,1.0,95830.0,95350.0,0.0,0.0,0.5,0.0,64.126,0.000,0.0,692862.5
2026-09-09T00:41:59,0.2,4153,1547350,1532036,0.3,0.00,1.81,0.00,7.23,0.00,0.00,0.00,1.0,95830.0,95350.0,0.0,0.0,0.5,0.0,64.133,0.000,0.0,638018.0
2026-09-09T00:42:01,0.1,4159,1547350,1532030,0.3,0.00,0.83,0.00,3.32,0.00,0.00,0.00,1.0,95830.0,95350.0,0.0,0.0,0.5,0.0,64.119,0.000,0.0,673186.0
2026-09-09T00:42:02,0.2,4160,1547350,1532029,0.3,0.00,1.86,0.00,7.43,0.00,0.00,0.00,1.0,95830.0,95350.0,0.0,0.0,0.5,0.0,64.126,0.000,0.0,673186.0
2026-09-09T00:42:03,0.3,4160,1547350,1532029,0.3,0.00,22.27,0.00,89.09,0.00,0.10,0.00,1.0,95830.0,95350.0,0.0,0.0,0.5,0.0,64.093,0.000,0.0,721213.0
2026-09-09T00:42:04,0.2,4161,1547350,1532028,0.3,0.00,1.72,0.00,6.87,0.00,0.00,0.00,1.0,95830.0,95350.0,0.0,0.0,0.5,0.0,64.111,0.000,0.0,672113.5
2026-09-09T00:42:06,0.1,4163,1547350,1532026,0.3,0.00,1.34,0.00,5.35,0.00,0.00,0.00,1.0,95830.0,95350.0,0.0,0.0,0.5,0.0,64.120,0.000,0.0,676124.5
2026-09-09T00:42:07,0.2,4164,1547350,1532025,0.3,0.00,1.68,0.00,6.73,0.00,0.00,0.00,1.0,95830.0,95350.0,0.0,0.0,0.5,0.0,64.111,0.000,0.0,701772.0
2026-09-09T00:42:08,0.2,4164,1547350,1532025,0.3,0.00,1.27,0.00,5.09,0.00,0.50,0.00,1.0,95830.0,95350.0,0.0,0.0,0.5,0.0,64.139,0.000,0.0,677342.5
2026-09-09T00:42:09,0.2,4165,1547350,1532025,0.3,0.00,2.17,0.00,8.69,0.00,0.00,0.00,1.0,95830.0,95350.0,0.0,0.0,0.5,0.0,64.114,0.000,0.0,677342.5
2026-09-09T00:42:10,0.2,4165,1547350,1532024,0.3,0.00,1.88,0.00,7.50,0.00,0.00,0.00,1.0,95830.0,95350.0,0.0,0.0,0.5,0.0,64.126,0.000,0.0,717865.5
2026-09-09T00:42:11,0.2,4164,1547350,1532025,0.3,0.00,3.50,0.00,14.01,0.00,0.00,0.00,1.0,95830.0,95350.0,0.0,0.0,0.5,0.0,64.118,0.000,0.0,673485.0
2026-09-09T00:42:12,1.2,4164,1547350,1532025,0.3,0.00,1.64,0.00,6.54,0.00,0.00,0.00,1.0,95830.0,95350.0,0.0,0.0,0.5,0.0,64.133,0.000,0.0,766632.0
2026-09-09T00:42:13,0.2,4164,1547350,1532025,0.3,0.00,1.52,0.00,6.06,0.00,0.00,0.00,1.0,95830.0,95350.0,0.0,0.0,0.5,0.0,64.127,0.000,0.0,694360.5
2026-09-09T00:42:16,0.1,4166,1547350,1532024,0.3,0.00,0.94,0.00,3.77,0.00,0.00,0.00,1.0,95830.0,95350.0,0.0,0.0,0.5,0.0,64.120,0.000,0.0,722251.0
2026-09-09T00:42:17,1.2,4167,1547350,1532022,0.3,0.00,1.44,0.00,5.78,0.00,0.00,0.00,1.0,95830.0,95350.0,0.0,0.0,0.5,0.0,64.138,0.000,0.0,664124.5
2026-09-09T00:42:19,0.1,4170,1547350,1532019,0.3,0.00,3.50,0.00,27.11,0.00,0.17,0.00,1.0,95830.0,95350.0,0.0,0.0,0.5,0.0,64.118,0.000,0.0,639219.5
2026-09-09T00:42:21,0.1,4173,1547350,1532016,0.3,0.00,0.95,0.00,3.81,0.00,0.00,0.00,1.0,95830.0,95350.0,0.0,0.0,0.5,0.0,64.124,0.000,0.0,664346.5
2026-09-09T00:42:22,0.1,4172,1547350,1532017,0.3,0.00,1.17,0.00,4.68,0.00,0.00,0.00,1.0,95830.0,95350.0,0.0,0.0,0.5,0.0,64.118,0.000,0.0,662197.0
2026-09-09T00:42:24,0.2,4173,1547350,1532016,0.3,0.00,1.37,0.00,5.48,0.00,0.00,0.00,1.0,95830.0,95350.0,0.0,0.0,0.5,0.0,64.119,0.000,0.0,659856.0
2026-09-09T00:42:25,0.1,4172,1547350,1532018,0.3,0.00,1.35,0.00,5.38,0.00,0.00,0.00,1.0,95830.0,95350.0,0.0,0.0,0.5,0.0,64.105,0.000,0.0,652434.5
2026-09-09T00:42:27,0.2,4173,1547350,1532016,0.3,0.00,1.01,0.00,4.06,0.00,0.00,0.00,1.0,95830.0,95350.0,0.0,0.0,0.5,0.0,64.126,0.000,0.0,647472.5
2026-09-09T00:42:29,0.1,4173,1547350,1532016,0.3,0.00,0.98,0.00,3.93,0.00,0.00,0.00,1.0,95830.0,95350.0,0.0,0.0,0.5,0.0,64.118,0.000,0.0,653347.5
2026-09-09T00:42:31,0.1,4174,1547350,1532015,0.3,0.00,1.21,0.00,4.82,0.00,0.00,0.00,1.0,95830.0,95350.0,0.0,0.0,0.5,0.0,64.124,0.000,0.0,642934.5
2026-09-09T00:42:33,0.1,4173,1547350,1532016,0.3,0.00,0.98,0.00,3.92,0.00,0.00,0.00,1.0,95830.0,95350.0,0.0,0.0,0.5,0.0,64.118,0.000,0.0,642934.5
2026-09-09T00:42:34,0.2,4174,1547350,1532015,0.3,0.00,8.37,0.00,33.47,0.00,0.25,0.00,1.0,95830.0,95350.0,0.0,0.0,0.5,0.0,64.117,0.000,0.0,734686.5
2026-09-09T00:42:35,0.2,4175,1547350,1532014,0.3,0.00,1.56,0.00,6.23,0.00,0.00,0.00,1.0,95830.0,95350.0,0.0,0.0,0.5,0.0,64.100,0.000,0.0,744472.0
2026-09-09T00:42:37,0.2,4175,1547350,1532015,0.3,0.00,1.03,0.00,4.10,0.00,0.00,0.00,1.0,95830.0,95350.0,0.0,0.0,0.5,0.0,64.117,0.000,0.0,690640.0
2026-09-09T00:42:39,0.1,4175,1547350,1532014,0.3,0.00,1.05,0.00,4.21,0.00,0.00,0.00,1.0,95830.0,95350.0,0.0,0.0,0.5,0.0,64.129,0.000,0.0,688300.5
2026-09-09T00:42:41,0.1,4175,1547350,1532014,0.3,0.00,0.88,0.00,3.51,0.00,0.00,0.00,1.0,95830.0,95350.0,0.0,0.0,0.5,0.0,64.117,0.000,0.0,703823.0
2026-09-09T00:42:42,0.2,4176,1547350,1532013,0.3,0.00,1.74,0.00,6.97,0.00,0.00,0.00,1.0,95830.0,95350.0,0.0,0.0,0.5,0.0,64.121,0.000,0.0,658304.5
2026-09-09T00:42:44,0.2,4177,1547350,1532013,0.3,0.00,2.37,0.00,9.48,0.00,0.00,0.00,1.0,95830.0,95350.0,0.0,0.0,0.5,0.0,64.093,0.000,0.0,635019.0
2026-09-09T00:42:48,0.1,4178,1547350,1532011,0.3,0.00,0.47,0.00,1.89,0.00,0.00,0.00,1.0,95830.0,95350.0,0.0,0.0,0.5,0.0,64.126,0.000,0.0,646960.5
2026-09-09T00:42:50,0.1,4179,1547350,1532010,0.3,0.00,6.38,0.00,67.75,0.00,0.08,0.00,1.0,95830.0,95350.0,0.0,0.0,0.5,0.0,64.119,0.000,0.0,661587.0
2026-09-09T00:42:52,0.2,4180,1547350,1532009,0.3,0.00,1.19,0.00,4.77,0.00,0.00,0.00,1.0,95830.0,95350.0,0.0,0.0,0.5,0.0,64.135,0.000,0.0,659103.0
2026-09-09T00:42:53,0.2,4180,1547350,1532009,0.3,0.00,2.00,0.00,8.01,0.00,0.50,0.00,1.0,95830.0,95350.0,0.0,0.0,0.5,0.0,64.130,0.000,0.0,659103.0
2026-09-09T00:42:53,0.3,4181,1547350,1532008,0.3,0.00,4.30,0.00,17.20,0.00,0.00,0.00,1.0,95830.0,95350.0,0.0,0.0,0.5,0.0,64.118,0.000,0.0,841423.0
2026-09-09T00:42:54,0.2,4181,1547350,1532009,0.3,0.00,3.80,0.00,15.21,0.00,0.00,0.00,1.0,95830.0,95350.0,0.0,0.0,0.5,0.0,64.126,0.000,0.0,623320.5
2026-09-09T00:42:59,0.0,4186,1547350,1532003,0.3,0.00,0.74,0.00,4.44,0.00,0.00,0.00,1.0,95830.0,95350.0,0.0,0.0,0.5,0.0,64.135,0.000,0.0,619038.5
2026-09-09T00:43:08,0.1,4187,1547350,1532002,0.3,0.00,0.24,0.00,0.95,0.00,0.00,0.00,1.0,95830.0,95350.0,0.0,0.0,0.5,0.0,64.114,0.000,0.0,624649.0
2026-09-09T00:43:14,0.0,4185,1547350,1532005,0.3,0.00,0.33,0.00,1.32,0.00,0.00,0.00,1.0,95830.0,95350.0,0.0,0.0,0.5,0.0,64.109,0.000,0.0,653007.0
2026-09-09T00:43:17,0.1,4186,1547350,1532003,0.3,0.00,1.41,0.00,9.99,0.00,0.20,0.00,1.0,95830.0,95350.0,0.0,0.0,0.5,0.0,64.112,0.000,0.0,634201.0
2026-09-09T00:43:23,0.0,4186,1547350,1532003,0.3,0.00,0.39,0.00,1.57,0.00,0.00,0.00,1.0,95830.0,95350.0,0.0,0.0,0.5,0.0,64.124,0.000,0.0,631228.5
2026-09-09T00:43:26,0.1,4186,1547350,1532003,0.3,0.00,0.67,0.00,2.66,0.00,0.00,0.00,1.0,95830.0,95350.0,0.0,0.0,0.5,0.0,64.142,0.000,0.0,613570.0
2026-09-09T00:43:33,0.0,4186,1547350,1532004,0.3,0.00,1.15,0.00,5.11,0.00,0.00,0.00,1.0,95830.0,95350.0,0.0,0.0,0.5,0.0,64.117,0.000,0.0,627640.5
2026-09-09T00:43:37,0.0,4186,1547350,1532004,0.3,0.00,0.49,0.00,1.97,0.00,0.50,0.02,1.0,95830.0,95350.0,0.0,0.0,0.5,0.0,64.120,0.000,0.0,617338.5
2026-09-09T00:43:45,0.0,4186,1547350,1532003,0.3,0.00,0.41,0.00,1.62,0.00,0.00,0.00,1.0,95830.0,95350.0,0.0,0.0,0.5,0.0,64.111,0.000,0.0,627308.5
2026-09-09T00:43:48,0.1,4187,1547350,1532003,0.3,0.00,4.67,0.00,25.99,0.00,0.06,0.00,1.0,95830.0,95350.0,0.0,0.0,0.5,0.0,64.105,0.000,0.0,656920.5
2026-09-09T00:43:56,0.0,4187,1547350,1532002,0.3,0.00,0.41,0.00,1.62,0.00,0.00,0.00,1.0,95830.0,95350.0,0.0,0.0,0.5,0.0,64.144,0.000,0.0,694125.0
2026-09-09T00:44:05,0.1,4193,1547350,1531997,0.3,0.00,0.21,0.00,0.83,0.00,0.00,0.00,1.0,95830.0,95350.0,0.0,0.0,0.5,0.0,64.113,0.000,0.0,619111.5
2026-09-09T00:44:09,0.1,4193,1547350,1531997,0.3,0.00,0.61,0.00,2.43,0.00,0.00,0.00,1.0,95830.0,95350.0,0.0,0.0,0.5,0.0,64.130,0.000,0.0,643956.0
2026-09-09T00:44:10,0.2,4193,1547350,1531996,0.3,0.00,1.22,0.00,4.88,0.00,0.00,0.00,1.0,95830.0,95350.0,0.0,0.0,0.5,0.0,64.129,0.000,0.0,643956.0
2026-09-09T00:44:11,0.3,4195,1547350,1531994,0.3,0.00,6.47,0.00,38.83,0.00,0.25,0.00,1.0,95830.0,95350.0,0.0,0.0,0.5,0.0,64.136,0.000,0.0,731406.0
2026-09-09T00:44:12,0.3,4191,1547350,1531998,0.3,0.00,3.01,0.00,12.03,0.00,0.00,0.00,1.0,95830.0,95350.0,0.0,0.0,0.5,0.0,64.165,0.000,0.0,731406.0
2026-09-09T00:44:12,0.2,4192,1547350,1531997,0.3,0.00,3.61,0.00,14.44,0.00,0.00,0.00,1.0,95830.0,95350.0,0.0,0.0,0.5,0.0,64.126,0.000,0.0,751381.5
2026-09-09T00:44:13,0.2,4192,1547350,1531997,0.3,0.00,2.29,0.00,9.14,0.00,0.00,0.00,1.0,95830.0,95350.0,0.0,0.0,0.5,0.0,64.133,0.000,0.0,751381.5
2026-09-09T00:44:14,0.2,4193,1547350,1531997,0.3,0.00,3.48,0.00,13.91,0.00,0.00,0.00,1.0,95830.0,95350.0,0.0,0.0,0.5,0.0,64.120,0.000,0.0,751381.5
2026-09-09T00:44:14,0.4,4194,1547350,1531995,0.3,0.00,5.01,0.00,20.05,0.00,0.00,0.00,1.0,95830.0,95350.0,0.0,0.0,0.5,0.0,64.138,0.000,0.0,761845.0
2026-09-09T00:44:15,0.2,4194,1547350,1531995,0.3,0.00,3.02,0.00,12.07,0.00,0.00,0.00,1.0,95830.0,95350.0,0.0,0.0,0.5,0.0,64.121,0.000,0.0,761845.0
2026-09-09T00:44:16,0.2,4195,1547350,1531995,0.3,0.00,1.95,0.00,7.80,0.00,0.00,0.10,1.0,95830.0,95350.0,0.0,0.0,0.5,0.0,64.140,0.000,0.0,780407.0
2026-09-09T00:44:16,0.3,4195,1547350,1531994,0.3,0.00,3.84,0.00,15.36,0.00,0.00,0.19,1.0,95830.0,95350.0,0.0,0.0,0.5,0.0,64.142,0.000,0.0,780407.0
2026-09-09T00:44:17,0.3,4195,1547350,1531994,0.3,0.00,3.64,0.00,14.57,0.00,0.00,0.00,1.0,95830.0,95350.0,0.0,0.0,0.5,0.0,64.139,0.000,0.0,780407.0
2026-09-09T00:44:17,0.5,4196,1547350,1531993,0.3,0.00,6.92,0.00,27.68,0.00,0.00,0.00,1.0,95830.0,95350.0,0.0,0.0,0.5,0.0,64.136,0.000,0.0,747876.0
2026-09-09T00:44:18,0.2,4197,1547350,1531992,0.3,0.00,1.92,0.00,7.68,0.00,0.00,0.00,1.0,95830.0,95350.0,0.0,0.0,0.5,0.0,64.140,0.000,0.0,747876.0
2026-09-09T00:44:19,0.2,4199,1547350,1531990,0.3,0.00,4.00,0.00,36.04,0.00,0.25,0.00,1.0,95830.0,95350.0,0.0,0.0,0.5,0.0,64.137,0.000,0.0,686532.5
2026-09-09T00:44:20,0.1,4201,1547350,1531988,0.3,0.00,1.79,0.00,7.15,0.00,0.00,0.00,1.0,95830.0,95350.0,0.0,0.0,0.5,0.0,64.127,0.000,0.0,686532.5
2026-09-09T00:44:21,0.2,4200,1547350,1531989,0.3,0.00,2.27,0.00,9.08,0.00,0.00,0.00,1.0,95830.0,95350.0,0.0,0.0,0.5,0.0,64.134,0.000,0.0,688894.5
2026-09-09T00:44:22,0.1,4200,1547350,1531989,0.3,0.00,1.60,0.00,6.41,0.00,0.00,0.00,1.0,95830.0,95350.0,0.0,0.0,0.5,0.0,64.123,0.000,0.0,673442.5
2026-09-09T00:44:24,0.2,4201,1547350,1531988,0.3,0.00,1.32,0.00,5.27,0.00,0.00,0.00,1.0,95830.0,95350.0,0.0,0.0,0.5,0.0,64.150,0.000,0.0,698193.5
2026-09-09T00:44:25,0.2,4205,1547350,1531985,0.3,0.00,1.93,0.00,7.73,0.00,0.00,0.00,1.0,95830.0,95350.0,0.0,0.0,0.5,0.0,64.135,0.000,0.0,698193.5
2026-09-09T00:44:25,0.3,4207,1547350,1531982,0.3,0.00,3.50,0.00,13.99,0.00,0.00,0.00,1.0,95830.0,95350.0,0.0,0.0,0.5,0.0,64.130,0.000,0.0,777233.5
2026-09-09T00:44:26,0.2,4208,1547350,1531981,0.3,0.00,3.23,0.00,12.92,0.00,0.00,0.16,1.0,95830.0,95350.0,0.0,0.0,0.5,0.0,64.148,0.000,0.0,777233.5
2026-09-09T00:44:27,0.2,4211,1547350,1531978,0.3,0.00,2.75,0.00,11.00,0.00,0.00,0.00,1.0,95830.0,95350.0,0.0,0.0,0.5,0.0,64.148,0.000,0.0,723015.0
2026-09-09T00:44:29,0.2,4213,1547350,1531976,0.3,0.00,0.97,0.00,3.89,0.00,0.50,0.00,1.0,95830.0,95350.0,0.0,0.0,0.5,0.0,64.117,0.000,0.0,692257.5
2026-09-09T00:44:30,0.2,4214,1547350,1531975,0.3,0.00,2.07,0.00,8.30,0.00,0.00,0.00,1.0,95830.0,95350.0,0.0,0.0,0.5,0.0,64.115,0.000,0.0,750243.5
2026-09-09T00:44:31,0.1,4214,1547350,1531975,0.3,0.00,5.19,0.00,20.76,0.00,0.00,0.00,1.0,95830.0,95350.0,0.0,0.0,0.5,0.0,64.121,0.000,0.0,723814.5
2026-09-09T00:44:33,0.2,4215,1547350,1531974,0.3,0.00,1.40,0.00,5.61,0.00,0.00,0.00,1.0,95830.0,95350.0,0.0,0.0,0.5,0.0,64.149,0.000,0.0,723814.5
2026-09-09T00:44:33,0.2,4216,1547350,1531973,0.3,0.00,3.62,0.00,14.49,0.00,0.00,0.00,1.0,95830.0,95350.0,0.0,0.0,0.5,0.0,64.130,0.000,0.0,746007.0
2026-09-09T00:44:34,0.2,4219,1547350,1531971,0.3,0.00,1.59,0.00,6.35,0.00,0.00,0.00,1.0,95830.0,95350.0,0.0,0.0,0.5,0.0,64.129,0.000,0.0,686341.0
2026-09-09T00:44:36,0.1,4219,1547350,1531970,0.3,0.00,1.78,0.00,7.13,0.00,0.00,0.00,1.0,95830.0,95350.0,0.0,0.0,0.5,0.0,64.141,0.000,0.0,652810.5
2026-09-09T00:44:38,0.2,4221,1547350,1531969,0.3,0.00,1.16,0.00,4.64,0.00,0.50,0.00,1.0,95830.0,95350.0,0.0,0.0,0.5,0.0,64.118,0.000,0.0,683176.0
2026-09-09T00:44:39,0.2,4221,1547350,1531968,0.3,0.00,2.19,0.00,8.74,0.00,0.00,0.00,1.0,95830.0,95350.0,0.0,0.0,0.5,0.0,64.120,0.000,0.0,677335.0
2026-09-09T00:44:40,0.1,4222,1547350,1531967,0.3,0.00,1.16,0.00,4.62,0.00,0.00,0.00,1.0,95830.0,95350.0,0.0,0.0,0.5,0.0,64.155,0.000,0.0,639092.5
2026-09-09T00:44:43,0.1,4223,1547350,1531966,0.3,0.00,1.70,0.00,6.80,0.00,0.00,0.04,1.0,95830.0,95350.0,0.0,0.0,0.5,0.0,64.132,0.000,0.0,644908.5
2026-09-09T00:44:45,0.1,4223,1547350,1531966,0.3,0.00,0.90,0.00,3.62,0.00,0.00,0.00,1.0,95830.0,95350.0,0.0,0.0,0.5,0.0,64.156,0.000,0.0,642238.0
2026-09-09T00:44:47,0.1,4224,1547350,1531965,0.3,0.00,1.33,0.00,5.31,0.00,0.00,0.00,1.0,95830.0,95350.0,0.0,0.0,0.5,0.0,64.162,0.000,0.0,635510.0
2026-09-09T00:44:50,0.1,4224,1547350,1531965,0.3,0.00,4.02,0.00,30.70,0.00,0.09,0.00,1.0,95830.0,95350.0,0.0,0.0,0.5,0.0,64.165,0.000,0.0,649236.5
2026-09-09T00:44:52,0.2,4227,1547350,1531962,0.3,0.00,1.28,0.00,5.12,0.00,0.00,0.00,1.0,95830.0,95350.0,0.0,0.0,0.5,0.0,64.172,0.000,0.0,656499.0
2026-09-09T00:44:54,0.1,4228,1547350,1531961,0.3,0.00,0.94,0.00,3.78,0.00,0.00,0.00,1.0,95830.0,95350.0,0.0,0.0,0.5,0.0,64.148,0.000,0.0,637361.5
2026-09-09T00:44:56,0.1,4228,1547350,1531961,0.3,0.00,0.88,0.00,3.53,0.00,0.00,0.00,1.0,95830.0,95350.0,0.0,0.0,0.5,0.0,64.158,0.000,0.0,641131.0
2026-09-09T00:44:58,0.1,4230,1547350,1531959,0.3,0.00,0.94,0.00,3.76,0.00,0.00,0.00,1.0,95830.0,95350.0,0.0,0.0,0.5,0.0,64.165,0.000,0.0,645571.5
2026-09-09T00:45:00,0.1,4233,1547350,1531957,0.3,0.00,0.89,0.00,3.56,0.00,0.00,0.00,1.0,95830.0,95350.0,0.0,0.0,0.5,0.0,64.138,0.000,0.0,638807.5
2026-09-09T00:45:03,0.2,4236,1547350,1531953,0.3,0.00,0.90,0.00,3.61,0.00,0.00,0.05,1.0,95830.0,95350.0,0.0,0.0,0.5,0.0,64.179,0.000,0.0,658787.0
2026-09-09T00:45:04,0.1,4237,1547350,1531952,0.3,0.00,1.07,0.00,4.29,0.00,0.50,0.00,1.0,95830.0,95350.0,0.0,0.0,0.5,0.0,64.148,0.000,0.0,652622.0
2026-09-09T00:45:06,0.2,4237,1547350,1531952,0.3,0.00,1.24,0.00,4.95,0.00,0.00,0.00,1.0,95830.0,95350.0,0.0,0.0,0.5,0.0,64.167,0.000,0.0,663328.0
2026-09-09T00:45:08,0.2,4237,1547350,1531952,0.3,0.00,1.34,0.00,5.36,0.00,0.00,0.00,1.0,95830.0,95350.0,0.0,0.0,0.5,0.0,64.133,0.000,0.0,659095.5
2026-09-09T00:45:09,0.1,4239,1547350,1531950,0.3,0.00,1.05,0.00,4.18,0.00,0.00,0.05,1.0,95830.0,95350.0,0.0,0.0,0.5,0.0,64.165,0.000,0.0,641532.5
2026-09-09T00:45:11,0.2,4239,1547350,1531950,0.3,0.00,1.09,0.00,4.35,0.00,0.00,0.00,1.0,95830.0,95350.0,0.0,0.0,0.5,0.0,64.171,0.000,0.0,672731.0
2026-09-09T00:45:13,0.2,4239,1547350,1531950,0.3,0.00,2.64,0.00,15.81,0.00,0.00,0.00,1.0,95830.0,95350.0,0.0,0.0,0.5,0.0,64.174,0.000,0.0,664717.5
2026-09-09T00:45:15,0.1,4238,1547350,1531951,0.3,0.00,0.99,0.00,3.96,0.00,0.00,0.00,1.0,95830.0,95350.0,0.0,0.0,0.5,0.0,64.141,0.000,0.0,645376.5
2026-09-09T00:45:17,0.1,4241,1547350,1531948,0.3,0.00,0.98,0.00,3.91,0.00,0.00,0.05,1.0,95830.0,95350.0,0.0,0.0,0.5,0.0,64.160,0.000,0.0,681952.0
2026-09-09T00:45:19,0.1,4242,1547350,1531947,0.3,0.00,0.94,0.00,3.74,0.00,0.00,0.00,1.0,95830.0,95350.0,0.0,0.0,0.5,0.0,64.136,0.000,0.0,652422.0
2026-09-09T00:45:21,0.1,4242,1547350,1531947,0.3,0.00,1.32,0.00,14.53,0.00,0.33,0.00,1.0,95830.0,95350.0,0.0,0.0,0.5,0.0,64.171,0.000,0.0,642412.5
2026-09-09T00:45:23,0.1,4244,1547350,1531945,0.3,0.00,1.01,0.00,4.02,0.00,0.00,0.00,1.0,95830.0,95350.0,0.0,0.0,0.5,0.0,64.166,0.000,0.0,664219.5
2026-09-09T00:45:25,0.2,4247,1547350,1531942,0.3,0.00,1.16,0.00,4.63,0.00,0.00,0.00,1.0,95830.0,95350.0,0.0,0.0,0.5,0.0,64.149,0.000,0.0,648811.5
2026-09-09T00:45:27,0.1,4248,1547350,1531941,0.3,0.00,0.93,0.00,3.73,0.00,0.00,0.00,1.0,95830.0,95350.0,0.0,0.0,0.5,0.0,64.146,0.000,0.0,649110.0
2026-09-09T00:45:29,0.1,4249,1547350,1531940,0.3,0.00,1.03,0.00,4.12,0.00,0.00,0.00,1.0,95830.0,95350.0,0.0,0.0,0.5,0.0,64.190,0.000,0.0,629035.5
2026-09-09T00:45:33,0.1,4250,1547350,1531939,0.3,0.00,2.02,0.00,9.23,0.00,0.14,0.00,1.0,95830.0,95350.0,0.0,0.0,0.5,0.0,64.177,0.000,0.0,625100.0
2026-09-09T00:45:36,0.1,4252,1547350,1531938,0.3,0.00,0.62,0.00,2.46,0.00,0.00,0.00,1.0,95830.0,95350.0,0.0,0.0,0.5,0.0,64.156,0.000,0.0,649460.5
2026-09-09T00:45:38,0.1,4253,1547350,1531937,0.3,0.00,1.21,0.00,4.84,0.00,0.00,0.00,1.0,95830.0,95350.0,0.0,0.0,0.5,0.0,64.184,0.000,0.0,637040.5
2026-09-09T00:45:40,0.1,4255,1547350,1531934,0.3,0.00,1.04,0.00,4.15,0.00,0.00,0.00,1.0,95830.0,95350.0,0.0,0.0,0.5,0.0,64.157,0.000,0.0,638928.5
2026-09-09T00:45:43,0.1,4256,1547350,1531933,0.3,0.00,2.10,0.00,8.39,0.00,0.00,0.04,1.0,95830.0,95350.0,0.0,0.0,0.5,0.0,64.203,0.000,0.0,642926.0
2026-09-09T00:45:45,0.1,4258,1547350,1531931,0.3,0.00,0.87,0.00,3.49,0.00,0.00,0.00,1.0,95830.0,95350.0,0.0,0.0,0.5,0.0,64.163,0.000,0.0,631444.0
2026-09-09T00:45:48,0.1,4258,1547350,1531931,0.3,0.00,0.61,0.00,2.44,0.00,0.00,0.00,1.0,95830.0,95350.0,0.0,0.0,0.5,0.0,64.180,0.000,0.0,627239.0
2026-09-09T00:45:51,0.1,4259,1547350,1531930,0.3,0.00,4.61,0.00,30.34,0.00,0.08,0.00,1.0,95830.0,95350.0,0.0,0.0,0.5,0.0,64.188,0.000,0.0,666679.0
2026-09-09T00:45:53,0.1,4260,1547350,1531930,0.3,0.00,0.82,0.00,3.26,0.00,0.00,0.00,1.0,95830.0,95350.0,0.0,0.0,0.5,0.0,64.194,0.000,0.0,678882.0
2026-09-09T00:45:56,0.1,4260,1547350,1531929,0.3,0.00,0.82,0.00,3.27,0.00,0.00,0.00,1.0,95830.0,95350.0,0.0,0.0,0.5,0.0,64.213,0.000,0.0,637266.0
2026-09-09T00:45:58,0.1,4261,1547350,1531928,0.3,0.00,0.87,0.00,3.47,0.00,0.50,0.04,1.0,95830.0,95350.0,0.0,0.0,0.5,0.0,64.183,0.000,0.0,671984.5
2026-09-09T00:46:00,0.1,4262,1547350,1531928,0.3,0.00,1.00,0.00,4.00,0.00,0.00,0.00,1.0,95830.0,95350.0,0.0,0.0,0.5,0.0,64.180,0.000,0.0,641958.0
2026-09-09T00:46:03,0.2,4266,1547350,1531924,0.3,0.00,0.80,0.00,3.21,0.00,0.00,0.00,1.0,95830.0,95350.0,0.0,0.0,0.5,0.0,64.196,0.000,0.0,642481.0
2026-09-09T00:46:05,0.2,4311,1547350,1531879,0.3,0.00,0.88,0.00,3.52,0.00,0.00,0.00,1.0,95830.0,95350.0,0.0,0.0,0.5,0.0,64.178,0.000,0.0,646372.5
2026-09-09T00:46:08,1.1,4339,1547350,1531850,0.3,0.00,0.67,0.00,2.70,0.00,0.00,0.00,1.0,95830.0,95350.0,0.0,0.0,0.5,0.0,64.166,0.000,0.0,639819.5
2026-09-09T00:46:10,0.2,4341,1547350,1531849,0.3,0.00,33.32,0.00,871.65,0.00,0.13,0.11,1.0,95830.0,95350.0,0.0,0.0,0.5,0.0,64.183,0.000,0.0,639819.5
2026-09-09T00:46:11,1.1,4367,1547350,1531822,0.3,0.00,613.80,0.00,9052.06,0.00,0.06,0.85,1.0,95830.0,95350.0,0.0,0.0,0.5,0.0,64.179,0.000,0.0,690639.0
2026-09-09T00:46:12,1.2,4347,1547350,1531842,0.3,0.00,1.74,0.00,6.95,0.00,0.50,0.00,1.0,95830.0,95350.0,0.0,0.0,0.5,0.0,64.208,0.000,0.0,670840.0
2026-09-09T00:46:13,1.1,4361,1547350,1531828,0.3,0.00,1.75,0.00,7.01,0.00,0.00,0.00,1.0,95830.0,95350.0,0.0,0.0,0.5,0.0,64.170,0.000,0.0,646432.0
2026-09-09T00:46:15,1.2,4349,1547350,1531840,0.3,0.00,854.83,0.00,11486.42,0.00,0.05,1.20,1.0,95830.0,95350.0,0.0,0.0,0.5,0.0,64.198,0.000,0.0,686126.5
2026-09-09T00:46:16,1.2,4350,1547350,1531840,0.3,0.00,1039.46,0.00,14007.98,0.00,0.05,1.26,1.0,95830.0,95350.0,0.0,0.0,0.5,0.0,64.166,0.000,0.0,686126.5
2026-09-09T00:46:18,1.1,4411,1547350,1531778,0.3,0.00,1.86,0.00,7.43,0.00,0.00,0.00,1.0,95830.0,95350.0,0.0,0.0,0.5,0.0,64.195,0.000,0.0,688195.5
2026-09-09T00:46:19,1.0,4276,1547350,1531913,0.3,0.00,20.35,0.00,565.76,0.00,0.05,0.10,1.0,95830.0,95350.0,0.0,0.0,0.5,0.0,64.202,0.000,0.0,654874.0
2026-09-09T00:46:22,0.2,4277,1547350,1531913,0.3,0.00,46.58,0.00,625.33,0.00,0.33,0.04,1.0,95830.0,95350.0,0.0,0.0,0.5,0.0,64.172,0.000,0.0,644304.0
2026-09-09T00:46:24,0.1,4276,1547350,1531913,0.3,0.00,1.08,0.00,4.31,0.00,0.00,0.05,1.0,95830.0,95350.0,0.0,0.0,0.5,0.0,64.171,0.000,0.0,651587.5
2026-09-09T00:46:25,0.1,4275,1547350,1531914,0.3,0.00,1.10,0.00,4.38,0.00,0.00,0.05,1.0,95830.0,95350.0,0.0,0.0,0.5,0.0,64.194,0.000,0.0,652589.5
2026-09-09T00:46:27,0.1,4276,1547350,1531913,0.3,0.00,1.14,0.00,4.54,0.00,0.00,0.00,1.0,95830.0,95350.0,0.0,0.0,0.5,0.0,64.174,0.000,0.0,668358.0
2026-09-09T00:46:28,0.2,4275,1547350,1531915,0.3,0.00,1.63,0.00,6.53,0.00,0.50,0.08,1.0,95830.0,95350.0,0.0,0.0,0.5,0.0,64.206,0.000,0.0,647754.0
2026-09-09T00:46:31,0.1,4275,1547350,1531914,0.3,0.00,0.84,0.00,3.37,0.00,0.00,0.00,1.0,95830.0,95350.0,0.0,0.0,0.5,0.0,64.154,0.000,0.0,638786.5
2026-09-09T00:46:33,0.1,4276,1547350,1531913,0.3,0.00,0.92,0.00,3.68,0.00,0.00,0.00,1.0,95830.0,95350.0,0.0,0.0,0.5,0.0,64.188,0.000,0.0,646996.5
2026-09-09T00:46:35,0.1,4278,1547350,1531911,0.3,0.00,1.00,0.00,3.99,0.00,0.00,0.00,1.0,95830.0,95350.0,0.0,0.0,0.5,0.0,64.174,0.000,0.0,694031.5
2026-09-09T00:46:37,0.2,4279,1547350,1531910,0.3,0.00,1.12,0.00,4.46,0.00,0.00,0.00,1.0,95830.0,95350.0,0.0,0.0,0.5,0.0,64.177,0.000,0.0,636090.0
2026-09-09T00:46:40,0.2,4282,1547350,1531907,0.3,0.00,0.71,0.00,2.83,0.00,0.00,0.00,1.0,95830.0,95350.0,0.0,0.0,0.5,0.0,64.166,0.000,0.0,676149.0
2026-09-09T00:46:41,0.2,4283,1547350,1531907,0.3,0.00,126.04,0.00,2040.07,0.00,0.12,0.33,1.0,95830.0,95350.0,0.0,0.0,0.5,0.0,64.147,0.000,0.0,665345.5
2026-09-09T00:46:42,0.2,4281,1547350,1531908,0.3,0.00,1.56,0.00,6.25,0.00,0.50,0.00,1.0,95830.0,95350.0,0.0,0.0,0.5,0.0,64.178,0.000,0.0,683422.0
2026-09-09T00:46:43,0.2,4283,1547350,1531906,0.3,0.00,1.98,0.00,7.91,0.00,0.00,0.10,1.0,95830.0,95350.0,0.0,0.0,0.5,0.0,64.184,0.000,0.0,659579.0
2026-09-09T00:46:45,0.1,4284,1547350,1531905,0.3,0.00,1.05,0.00,4.20,0.00,0.00,0.00,1.0,95830.0,95350.0,0.0,0.0,0.5,0.0,64.133,0.000,0.0,692756.5
2026-09-09T00:46:48,0.1,4285,1547350,1531905,0.3,0.00,0.74,0.00,2.94,0.00,0.00,0.00,1.0,95830.0,95350.0,0.0,0.0,0.5,0.0,64.142,0.000,0.0,638808.0
2026-09-09T00:46:50,0.1,4285,1547350,1531904,0.3,0.00,1.01,0.00,4.05,0.00,0.00,0.00,1.0,95830.0,95350.0,0.0,0.0,0.5,0.0,64.160,0.000,0.0,689998.5
2026-09-09T00:46:52,0.1,4285,1547350,1531904,0.3,0.00,3.52,0.00,29.49,0.00,0.00,0.04,1.0,95830.0,95350.0,0.0,0.0,0.5,0.0,64.178,0.000,0.0,644763.0
2026-09-09T00:46:54,0.1,4284,1547350,1531905,0.3,0.00,1.07,0.00,4.29,0.00,0.00,0.00,1.0,95830.0,95350.0,0.0,0.0,0.5,0.0,64.159,0.000,0.0,636585.0
2026-09-09T00:46:56,0.1,4285,1547350,1531904,0.3,0.00,0.81,0.00,3.23,0.00,0.00,0.04,1.0,95830.0,95350.0,0.0,0.0,0.5,0.0,64.142,0.000,0.0,654478.5
2026-09-09T00:46:58,0.2,4287,1547350,1531902,0.3,0.00,1.22,0.00,4.88,0.00,0.50,0.00,1.0,95830.0,95350.0,0.0,0.0,0.5,0.0,64.147,0.000,0.0,654478.5
2026-09-09T00:46:59,0.2,4287,1547350,1531902,0.3,0.00,2.13,0.00,8.51,0.00,0.00,0.00,1.0,95830.0,95350.0,0.0,0.0,0.5,0.0,64.156,0.000,0.0,686415.5
2026-09-09T00:47:01,0.1,4293,1547350,1531896,0.3,0.00,2.48,0.00,13.88,0.00,0.00,0.00,1.0,95830.0,95350.0,0.0,0.0,0.5,0.0,64.142,0.000,0.0,646215.0
2026-09-09T00:47:03,0.2,4293,1547350,1531896,0.3,0.00,0.88,0.00,3.52,0.00,0.00,0.00,1.0,95830.0,95350.0,0.0,0.0,0.5,0.0,64.154,0.000,0.0,653216.5
2026-09-09T00:47:05,0.2,4295,1547350,1531894,0.3,0.00,5.30,0.00,23.32,0.00,0.10,0.00,1.0,95830.0,95350.0,0.0,0.0,0.5,0.0,64.186,0.000,0.0,651642.5
2026-09-09T00:47:07,0.1,4297,1547350,1531893,0.3,0.00,0.95,0.00,3.79,0.00,0.00,0.00,1.0,95830.0,95350.0,0.0,0.0,0.5,0.0,64.149,0.000,0.0,652248.5
2026-09-09T00:47:09,0.2,4298,1547350,1531891,0.3,0.00,1.00,0.00,4.02,0.00,0.00,0.00,1.0,95830.0,95350.0,0.0,0.0,0.5,0.0,64.167,0.000,0.0,708634.5
2026-09-09T00:47:11,0.1,4299,1547350,1531891,0.3,0.00,1.09,0.00,4.37,0.00,0.00,0.00,1.0,95830.0,95350.0,0.0,0.0,0.5,0.0,64.144,0.000,0.0,673660.5
2026-09-09T00:47:12,0.2,4295,1547350,1531894,0.3,0.00,7.74,0.00,30.97,0.00,0.14,0.00,1.0,95830.0,95350.0,0.0,0.0,0.5,0.0,64.172,0.000,0.0,673660.5
2026-09-09T00:47:13,0.2,4295,1547350,1531894,0.3,0.00,2.16,0.00,8.64,0.00,0.00,0.00,1.0,95830.0,95350.0,0.0,0.0,0.5,0.0,64.146,0.000,0.0,728322.0
2026-09-09T00:47:14,0.2,4295,1547350,1531894,0.3,0.00,1.35,0.00,5.42,0.00,0.00,0.00,1.0,95830.0,95350.0,0.0,0.0,0.5,0.0,64.147,0.000,0.0,807589.5
2026-09-09T00:47:16,0.2,4298,1547350,1531891,0.3,0.00,1.34,0.00,5.34,0.00,0.00,0.00,1.0,95830.0,95350.0,0.0,0.0,0.5,0.0,64.143,0.000,0.0,807589.5
2026-09-09T00:47:16,0.3,4298,1547350,1531892,0.3,0.00,4.88,0.00,19.51,0.00,0.00,0.00,1.0,95830.0,95350.0,0.0,0.0,0.5,0.0,64.141,0.000,0.0,711977.0
2026-09-09T00:47:17,0.2,4299,1547350,1531891,0.3,0.00,3.69,0.00,14.76,0.00,0.00,0.00,1.0,95830.0,95350.0,0.0,0.0,0.5,0.0,64.141,0.000,0.0,650719.0
2026-09-09T00:47:19,0.1,4299,1547350,1531890,0.3,0.00,0.97,0.00,3.86,0.00,0.00,0.05,1.0,95830.0,95350.0,0.0,0.0,0.5,0.0,64.163,0.000,0.0,656516.5
2026-09-09T00:47:21,0.2,4299,1547350,1531890,0.3,0.00,17.58,0.00,149.70,0.00,0.14,0.00,1.0,95830.0,95350.0,0.0,0.0,0.5,0.0,64.137,0.000,0.0,650036.5
2026-09-09T00:47:23,0.1,4301,1547350,1531888,0.3,0.00,1.83,0.00,7.33,0.00,0.00,0.00,1.0,95830.0,95350.0,0.0,0.0,0.5,0.0,64.162,0.000,0.0,657271.5
2026-09-09T00:47:25,0.1,4302,1547350,1531887,0.3,0.00,0.98,0.00,3.93,0.00,0.00,0.00,1.0,95830.0,95350.0,0.0,0.0,0.5,0.0,64.137,0.000,0.0,670965.0
2026-09-09T00:47:26,0.2,4302,1547350,1531887,0.3,0.00,1.75,0.00,7.00,0.00,0.00,0.00,1.0,95830.0,95350.0,0.0,0.0,0.5,0.0,64.145,0.000,0.0,793463.0
2026-09-09T00:47:28,0.2,4302,1547350,1531887,0.3,0.00,1.58,0.00,6.33,0.00,0.00,0.00,1.0,95830.0,95350.0,0.0,0.0,0.5,0.0,64.143,0.000,0.0,717122.0
2026-09-09T00:47:29,0.1,4304,1547350,1531885,0.3,0.00,2.18,0.00,8.72,0.00,0.25,0.00,1.0,95830.0,95350.0,0.0,0.0,0.5,0.0,64.133,0.000,0.0,717122.0
2026-09-09T00:47:31,0.1,4303,1547350,1531886,0.3,0.00,1.61,0.00,6.45,0.00,0.00,0.00,1.0,95830.0,95350.0,0.0,0.0,0.5,0.0,64.129,0.000,0.0,657472.0
2026-09-09T00:47:33,0.2,4307,1547350,1531883,0.3,0.00,0.98,0.00,3.91,0.00,0.00,0.00,1.0,95830.0,95350.0,0.0,0.0,0.5,0.0,64.124,0.000,0.0,654788.0
2026-09-09T00:47:35,0.2,4308,1547350,1531881,0.3,0.00,2.19,0.00,8.76,0.00,0.00,0.00,1.0,95830.0,95350.0,0.0,0.0,0.5,0.0,64.138,0.000,0.0,646323.0
2026-09-09T00:47:36,0.1,4309,1547350,1531880,0.3,0.00,1.13,0.00,4.54,0.00,0.00,0.11,1.0,95830.0,95350.0,0.0,0.0,0.5,0.0,64.148,0.000,0.0,646993.0
2026-09-09T00:47:38,0.1,4312,1547350,1531878,0.3,0.00,0.99,0.00,3.95,0.00,0.00,0.00,1.0,95830.0,95350.0,0.0,0.0,0.5,0.0,64.142,0.000,0.0,656344.0
2026-09-09T00:47:40,0.2,4313,1547350,1531876,0.3,0.00,2.32,0.00,9.29,0.00,0.00,0.00,1.0,95830.0,95350.0,0.0,0.0,0.5,0.0,64.145,0.000,0.0,656960.0
2026-09-09T00:47:42,0.2,4312,1547350,1531877,0.3,0.00,1.27,0.00,5.07,0.00,0.50,0.06,1.0,95830.0,95350.0,0.0,0.0,0.5,0.0,64.142,0.000,0.0,638717.0
2026-09-09T00:47:44,0.1,4313,1547350,1531876,0.3,0.00,0.75,0.00,3.02,0.00,0.00,0.00,1.0,95830.0,95350.0,0.0,0.0,0.5,0.0,64.147,0.000,0.0,646526.5
2026-09-09T00:47:46,0.1,4315,1547350,1531874,0.3,0.00,2.73,0.00,10.93,0.00,0.00,0.00,1.0,95830.0,95350.0,0.0,0.0,0.5,0.0,64.133,0.000,0.0,654239.0
2026-09-09T00:47:48,0.1,4316,1547350,1531874,0.3,0.00,1.34,0.00,5.35,0.00,0.00,0.00,1.0,95830.0,95350.0,0.0,0.0,0.5,0.0,64.113,0.000,0.0,646601.0
2026-09-09T00:47:50,0.1,4317,1547350,1531872,0.3,0.00,7.71,0.00,74.86,0.00,0.12,0.05,1.0,95830.0,95350.0,0.0,0.0,0.5,0.0,64.159,0.000,0.0,646831.0
2026-09-09T00:47:53,0.1,4318,1547350,1531871,0.3,0.00,1.83,0.00,7.32,0.00,0.00,0.04,1.0,95830.0,95350.0,0.0,0.0,0.5,0.0,64.126,0.000,0.0,642972.0
2026-09-09T00:47:55,0.1,4318,1547350,1531871,0.3,0.00,0.69,0.00,2.75,0.00,0.00,0.00,1.0,95830.0,95350.0,0.0,0.0,0.5,0.0,64.133,0.000,0.0,640666.0
2026-09-09T00:47:58,0.1,4320,1547350,1531869,0.3,0.00,1.95,0.00,11.67,0.00,0.00,0.05,1.0,95830.0,95350.0,0.0,0.0,0.5,0.0,64.129,0.000,0.0,643427.5
2026-09-09T00:48:00,0.1,4325,1547350,1531864,0.3,0.00,0.81,0.00,3.24,0.00,0.00,0.00,1.0,95830.0,95350.0,0.0,0.0,0.5,0.0,64.118,0.000,0.0,640161.0
2026-09-09T00:48:02,0.2,4323,1547350,1531866,0.3,0.00,5.18,0.00,22.79,0.00,0.10,0.00,1.0,95830.0,95350.0,0.0,0.0,0.5,0.0,64.120,0.000,0.0,644633.0
2026-09-09T00:48:05,0.1,4324,1547350,1531865,0.3,0.00,0.71,0.00,2.84,0.00,0.00,0.00,1.0,95830.0,95350.0,0.0,0.0,0.5,0.0,64.132,0.000,0.0,656017.0
2026-09-09T00:48:06,0.2,4325,1547350,1531864,0.3,0.00,1.44,0.00,5.74,0.00,0.00,0.00,1.0,95830.0,95350.0,0.0,0.0,0.5,0.0,64.115,0.000,0.0,634646.5
2026-09-09T00:48:09,0.1,4325,1547350,1531864,0.3,0.00,1.32,0.00,5.28,0.00,0.25,0.00,1.0,95830.0,95350.0,0.0,0.0,0.5,0.0,64.124,0.000,0.0,638253.5
2026-09-09T00:48:12,0.1,4325,1547350,1531864,0.3,0.00,0.73,0.00,2.90,0.00,0.00,0.00,1.0,95830.0,95350.0,0.0,0.0,0.5,0.0,64.130,0.000,0.0,729599.0
2026-09-09T00:48:14,0.1,4324,1547350,1531865,0.3,0.00,3.80,0.00,17.36,0.00,0.00,0.00,1.0,95830.0,95350.0,0.0,0.0,0.5,0.0,64.136,0.000,0.0,638913.5
2026-09-09T00:48:16,0.1,4326,1547350,1531863,0.3,0.00,1.04,0.00,4.15,0.00,0.00,0.00,1.0,95830.0,95350.0,0.0,0.0,0.5,0.0,64.112,0.000,0.0,638913.5
2026-09-09T00:48:16,0.2,4326,1547350,1531863,0.3,0.00,2.61,0.00,10.43,0.00,0.50,0.00,1.0,95830.0,95350.0,0.0,0.0,0.5,0.0,64.108,0.000,0.0,677390.5
2026-09-09T00:48:18,0.1,4326,1547350,1531863,0.3,0.00,1.19,0.00,4.74,0.00,0.00,0.00,1.0,95830.0,95350.0,0.0,0.0,0.5,0.0,64.115,0.000,0.0,659812.5
2026-09-09T00:48:20,0.1,4325,1547350,1531864,0.3,0.00,2.06,0.00,8.23,0.00,0.00,0.00,1.0,95830.0,95350.0,0.0,0.0,0.5,0.0,64.114,0.000,0.0,678515.5
2026-09-09T00:48:21,0.2,4326,1547350,1531863,0.3,0.00,4.76,0.00,48.16,0.00,0.00,0.00,1.0,95830.0,95350.0,0.0,0.0,0.5,0.0,64.138,0.000,0.0,644192.0
2026-09-09T00:48:23,0.1,4327,1547350,1531862,0.3,0.00,0.83,0.00,3.32,0.00,0.00,0.00,1.0,95830.0,95350.0,0.0,0.0,0.5,0.0,64.134,0.000,0.0,654136.5
2026-09-09T00:48:25,0.1,4328,1547350,1531861,0.3,0.00,1.21,0.00,4.82,0.00,0.00,0.00,1.0,95830.0,95350.0,0.0,0.0,0.5,0.0,64.130,0.000,0.0,650136.5
2026-09-09T00:48:27,0.2,4329,1547350,1531860,0.3,0.00,2.19,0.00,8.75,0.00,0.00,0.00,1.0,95830.0,95350.0,0.0,0.0,0.5,0.0,64.127,0.000,0.0,703345.5
2026-09-09T00:48:29,0.1,4329,1547350,1531860,0.3,0.00,1.05,0.00,4.19,0.00,0.50,0.00,1.0,95830.0,95350.0,0.0,0.0,0.5,0.0,64.119,0.000,0.0,659504.0
2026-09-09T00:48:30,0.1,4330,1547350,1531859,0.3,0.00,2.46,0.00,9.85,0.00,0.00,0.00,1.0,95830.0,95350.0,0.0,0.0,0.5,0.0,64.115,0.000,0.0,628495.0
2026-09-09T00:48:33,0.1,4334,1547350,1531855,0.3,0.00,0.76,0.00,3.03,0.00,0.00,0.00,1.0,95830.0,95350.0,0.0,0.0,0.5,0.0,64.129,0.000,0.0,675022.5
2026-09-09T00:48:35,0.2,4336,1547350,1531853,0.3,0.00,1.15,0.00,4.59,0.00,0.00,0.00,1.0,95830.0,95350.0,0.0,0.0,0.5,0.0,64.120,0.000,0.0,660900.5
2026-09-09T00:48:36,0.1,4335,1547350,1531854,0.3,0.00,2.98,0.00,11.90,0.00,0.00,0.00,1.0,95830.0,95350.0,0.0,0.0,0.5,0.0,64.109,0.000,0.0,658377.0
2026-09-09T00:48:37,0.2,4337,1547350,1531853,0.3,0.00,1.41,0.00,5.66,0.00,0.00,0.00,1.0,95830.0,95350.0,0.0,0.0,0.5,0.0,64.128,0.000,0.0,647633.0
2026-09-09T00:48:40,0.1,4338,1547350,1531852,0.3,0.00,0.87,0.00,3.49,0.00,0.00,0.00,1.0,95830.0,95350.0,0.0,0.0,0.5,0.0,64.166,0.000,0.0,648160.5
2026-09-09T00:48:42,0.1,4338,1547350,1531851,0.3,0.00,1.90,0.00,7.58,0.00,0.25,0.00,1.0,95830.0,95350.0,0.0,0.0,0.5,0.0,64.115,0.000,0.0,677252.0
2026-09-09T00:48:43,0.2,4339,1547350,1531850,0.3,0.00,1.93,0.00,7.71,0.00,0.00,0.00,1.0,95830.0,95350.0,0.0,0.0,0.5,0.0,64.118,0.000,0.0,663370.5
2026-09-09T00:48:44,0.1,4339,1547350,1531850,0.3,0.00,1.44,0.00,5.77,0.00,0.00,0.00,1.0,95830.0,95350.0,0.0,0.0,0.5,0.0,64.105,0.000,0.0,633456.5
2026-09-09T00:48:46,0.1,4339,1547350,1531850,0.3,0.00,1.03,0.00,4.12,0.00,0.00,0.05,1.0,95830.0,95350.0,0.0,0.0,0.5,0.0,64.129,0.000,0.0,633456.5
2026-09-09T00:48:47,0.3,4340,1547350,1531849,0.3,0.00,8.26,0.00,33.06,0.00,0.00,0.00,1.0,95830.0,95350.0,0.0,0.0,0.5,0.0,64.138,0.000,0.0,673362.5
2026-09-09T00:48:50,0.1,4341,1547350,1531848,0.3,0.00,0.74,0.00,2.97,0.00,0.00,0.00,1.0,95830.0,95350.0,0.0,0.0,0.5,0.0,64.124,0.000,0.0,742258.5
2026-09-09T00:48:51,0.2,4340,1547350,1531849,0.3,0.00,11.21,0.00,100.88,0.00,0.07,0.00,1.0,95830.0,95350.0,0.0,0.0,0.5,0.0,64.125,0.000,0.0,656845.0
2026-09-09T00:48:52,0.1,4341,1547350,1531849,0.3,0.00,2.53,0.00,10.11,0.00,0.00,0.00,1.0,95830.0,95350.0,0.0,0.0,0.5,0.0,64.106,0.000,0.0,648832.5
2026-09-09T00:48:55,0.1,4341,1547350,1531848,0.3,0.00,0.83,0.00,3.32,0.00,0.50,0.00,1.0,95830.0,95350.0,0.0,0.0,0.5,0.0,64.109,0.000,0.0,643041.0
2026-09-09T00:48:57,0.3,4345,1547350,1531844,0.3,0.00,1.05,0.00,4.21,0.00,0.00,0.00,1.0,95830.0,95350.0,0.0,0.0,0.5,0.0,64.148,0.000,0.0,636671.5
2026-09-09T00:48:59,0.1,4348,1547350,1531841,0.3,0.00,1.48,0.00,5.91,0.00,0.00,0.00,1.0,95830.0,95350.0,0.0,0.0,0.5,0.0,64.138,0.000,0.0,660222.0
2026-09-09T00:49:01,0.2,4352,1547350,1531837,0.3,0.00,1.53,0.00,6.13,0.00,0.00,0.00,1.0,95830.0,95350.0,0.0,0.0,0.5,0.0,64.127,0.000,0.0,636692.0
2026-09-09T00:49:03,0.1,4352,1547350,1531837,0.3,0.00,0.82,0.00,3.28,0.00,0.00,0.00,1.0,95830.0,95350.0,0.0,0.0,0.5,0.0,64.116,0.000,0.0,663224.5
2026-09-09T00:49:05,0.1,4352,1547350,1531837,0.3,0.00,4.34,0.00,20.85,0.00,0.10,0.00,1.0,95830.0,95350.0,0.0,0.0,0.5,0.0,64.135,0.000,0.0,635499.5
2026-09-09T00:49:08,0.1,4353,1547350,1531836,0.3,0.00,0.71,0.00,2.84,0.00,0.00,0.00,1.0,95830.0,95350.0,0.0,0.0,0.5,0.0,64.111,0.000,0.0,644038.0
2026-09-09T00:49:10,0.1,4352,1547350,1531838,0.3,0.00,2.02,0.00,8.07,0.00,0.00,0.00,1.0,95830.0,95350.0,0.0,0.0,0.5,0.0,64.109,0.000,0.0,644215.5
2026-09-09T00:49:12,0.2,4352,1547350,1531837,0.3,0.00,1.00,0.00,3.99,0.00,0.00,0.00,1.0,95830.0,95350.0,0.0,0.0,0.5,0.0,64.125,0.000,0.0,656904.0
2026-09-09T00:49:14,0.2,4354,1547350,1531836,0.3,0.00,1.27,0.00,5.08,0.00,0.00,0.00,1.0,95830.0,95350.0,0.0,0.0,0.5,0.0,64.112,0.000,0.0,678159.5
2026-09-09T00:49:15,0.1,4354,1547350,1531835,0.3,0.00,5.71,0.00,22.84,0.00,0.14,0.00,1.0,95830.0,95350.0,0.0,0.0,0.5,0.0,64.142,0.000,0.0,722098.5
2026-09-09T00:49:17,0.1,4354,1547350,1531835,0.3,0.00,0.91,0.00,3.63,0.00,0.00,0.05,1.0,95830.0,95350.0,0.0,0.0,0.5,0.0,64.127,0.000,0.0,635991.0
2026-09-09T00:49:21,0.1,4355,1547350,1531834,0.3,0.00,6.72,0.00,38.19,0.00,0.08,0.00,1.0,95830.0,95350.0,0.0,0.0,0.5,0.0,64.100,0.000,0.0,643898.5
2026-09-09T00:49:23,0.2,4355,1547350,1531834,0.3,0.00,1.91,0.00,7.63,0.00,0.00,0.00,1.0,95830.0,95350.0,0.0,0.0,0.5,0.0,64.135,0.000,0.0,692030.0
2026-09-09T00:49:24,0.2,4355,1547350,1531834,0.3,0.00,2.52,0.00,10.09,0.00,0.50,0.00,1.0,95830.0,95350.0,0.0,0.0,0.5,0.0,64.121,0.000,0.0,679512.0
2026-09-09T00:49:25,0.2,4355,1547350,1531834,0.3,0.00,1.84,0.00,7.37,0.00,0.00,0.00,1.0,95830.0,95350.0,0.0,0.0,0.5,0.0,64.108,0.000,0.0,677394.0
2026-09-09T00:49:27,0.1,4355,1547350,1531834,0.3,0.00,1.18,0.00,4.73,0.00,0.00,0.00,1.0,95830.0,95350.0,0.0,0.0,0.5,0.0,64.123,0.000,0.0,647795.5
2026-09-09T00:49:29,0.1,4358,1547350,1531831,0.3,0.00,1.96,0.00,7.83,0.00,0.00,0.00,1.0,95830.0,95350.0,0.0,0.0,0.5,0.0,64.131,0.000,0.0,625298.5
2026-09-09T00:49:34,0.0,4359,1547350,1531830,0.3,0.00,1.06,0.00,4.23,0.00,0.00,0.00,1.0,95830.0,95350.0,0.0,0.0,0.5,0.0,64.141,0.000,0.0,609988.0
2026-09-09T00:49:44,0.0,4359,1547350,1531830,0.3,0.00,0.41,0.00,1.65,0.00,0.00,0.00,1.0,95830.0,95350.0,0.0,0.0,0.5,0.0,64.118,0.000,0.0,648374.0
2026-09-09T00:49:48,0.0,4359,1547350,1531830,0.3,0.00,4.34,0.00,38.04,0.00,0.11,0.00,1.0,95830.0,95350.0,0.0,0.0,0.5,0.0,64.120,0.000,0.0,610094.5
2026-09-09T00:49:59,0.0,4363,1547350,1531826,0.3,0.00,1.10,0.00,4.75,0.00,0.08,0.01,1.0,95830.0,95350.0,0.0,0.0,0.5,0.0,64.140,0.000,0.0,610824.0
2026-09-09T00:50:09,0.0,4360,1547350,1531830,0.3,0.00,0.84,0.00,4.21,0.00,0.12,0.01,1.0,95830.0,95350.0,0.0,0.0,0.5,0.0,64.114,0.000,0.0,614382.0
2026-09-09T00:50:17,0.0,4360,1547350,1531829,0.3,0.00,0.47,0.00,1.90,0.00,0.00,0.00,1.0,95830.0,95350.0,0.0,0.0,0.5,0.0,64.132,0.000,0.0,624326.5
2026-09-09T00:50:23,0.0,4360,1547350,1531829,0.3,0.00,1.09,0.00,8.73,0.00,0.00,0.00,1.0,95830.0,95350.0,0.0,0.0,0.5,0.0,64.148,0.000,0.0,613849.5
2026-09-09T00:50:29,0.0,4361,1547350,1531828,0.3,0.00,0.34,0.00,1.34,0.00,0.50,0.02,1.0,95830.0,95350.0,0.0,0.0,0.5,0.0,64.130,0.000,0.0,648071.5
2026-09-09T00:50:31,0.1,4360,1547350,1531829,0.3,0.00,2.00,0.00,7.98,0.00,0.00,0.00,1.0,95830.0,95350.0,0.0,0.0,0.5,0.0,64.112,0.000,0.0,647054.0
2026-09-09T00:50:33,0.1,4360,1547350,1531829,0.3,0.00,0.98,0.00,3.91,0.00,0.00,0.00,1.0,95830.0,95350.0,0.0,0.0,0.5,0.0,64.124,0.000,0.0,616168.0
2026-09-09T00:50:39,0.0,4361,1547350,1531828,0.3,0.00,0.95,0.00,3.78,0.00,0.00,0.00,1.0,95830.0,95350.0,0.0,0.0,0.5,0.0,64.117,0.000,0.0,623137.5
2026-09-09T00:50:47,0.0,4361,1547350,1531828,0.3,0.00,0.48,0.00,1.91,0.00,0.00,0.00,1.0,95830.0,95350.0,0.0,0.0,0.5,0.0,64.137,0.000,0.0,614703.0
2026-09-09T00:50:52,0.1,4362,1547350,1531827,0.3,0.00,0.43,0.00,1.73,0.00,0.50,0.00,1.0,95830.0,95350.0,0.0,0.0,0.5,0.0,64.133,0.000,0.0,614703.0
2026-09-09T00:50:53,0.2,4363,1547350,1531826,0.3,0.00,53.33,0.00,381.90,0.00,0.07,0.19,1.0,95830.0,95350.0,0.0,0.0,0.5,0.0,64.118,0.000,0.0,869996.5
2026-09-09T00:50:53,0.2,4363,1547350,1531826,0.3,0.00,4.05,0.00,16.19,0.00,0.00,0.00,1.0,95830.0,95350.0,0.0,0.0,0.5,0.0,64.126,0.000,0.0,869996.5
2026-09-09T00:50:53,0.4,4362,1547350,1531827,0.3,0.00,5.97,0.00,23.88,0.00,0.00,0.00,1.0,95830.0,95350.0,0.0,0.0,0.5,0.0,64.145,0.000,0.0,869996.5
2026-09-09T00:50:54,0.3,4363,1547350,1531827,0.3,0.00,6.43,0.00,25.72,0.00,0.00,0.32,1.0,95830.0,95350.0,0.0,0.0,0.5,0.0,64.139,0.000,0.0,869996.5
2026-09-09T00:50:54,0.3,4363,1547350,1531827,0.3,0.00,4.80,0.00,19.18,0.00,0.00,0.24,1.0,95830.0,95350.0,0.0,0.0,0.5,0.0,64.127,0.000,0.0,873183.5
2026-09-09T00:50:54,0.3,4362,1547350,1531827,0.3,0.00,6.35,0.00,25.40,0.00,0.50,0.00,1.0,95830.0,95350.0,0.0,0.0,0.5,0.0,64.121,0.000,0.0,873183.5
2026-09-09T00:50:55,0.4,4363,1547350,1531826,0.3,0.00,6.64,0.00,26.58,0.00,0.00,0.00,1.0,95830.0,95350.0,0.0,0.0,0.5,0.0,64.148,0.000,0.0,873183.5
2026-09-09T00:50:55,0.2,4363,1547350,1531826,0.3,0.00,3.54,0.00,14.16,0.00,0.00,0.00,1.0,95830.0,95350.0,0.0,0.0,0.5,0.0,64.146,0.000,0.0,861991.0
2026-09-09T00:50:56,0.3,4362,1547350,1531827,0.3,0.00,7.04,0.00,28.17,0.00,0.00,0.35,1.0,95830.0,95350.0,0.0,0.0,0.5,0.0,64.130,0.000,0.0,861991.0
2026-09-09T00:50:56,0.3,4362,1547350,1531827,0.3,0.00,6.67,0.00,26.67,0.00,0.00,0.00,1.0,95830.0,95350.0,0.0,0.0,0.5,0.0,64.107,0.000,0.0,861991.0
2026-09-09T00:50:56,0.3,4362,1547350,1531827,0.3,0.00,6.31,0.00,25.24,0.00,0.00,0.00,1.0,95830.0,95350.0,0.0,0.0,0.5,0.0,64.117,0.000,0.0,872840.5
2026-09-09T00:50:57,0.3,4362,1547350,1531827,0.3,0.00,5.32,0.00,21.28,0.00,0.00,0.00,1.0,95830.0,95350.0,0.0,0.0,0.5,0.0,64.120,0.000,0.0,661437.0
2026-09-09T00:50:58,0.1,4361,1547350,1531828,0.3,0.00,2.28,0.00,9.13,0.00,0.00,0.06,1.0,95830.0,95350.0,0.0,0.0,0.5,0.0,64.123,0.000,0.0,661437.0
2026-09-09T00:50:59,0.2,4361,1547350,1531828,0.3,0.00,3.07,0.00,12.29,0.00,0.00,0.00,1.0,95830.0,95350.0,0.0,0.0,0.5,0.0,64.119,0.000,0.0,687801.0
2026-09-09T00:51:00,0.2,4366,1547350,1531824,0.3,0.00,1.37,0.00,5.48,0.00,0.00,0.00,1.0,95830.0,95350.0,0.0,0.0,0.5,0.0,64.150,0.000,0.0,687801.0
2026-09-09T00:51:01,0.3,4364,1547350,1531825,0.3,0.00,2.11,0.00,8.44,0.00,0.50,0.00,1.0,95830.0,95350.0,0.0,0.0,0.5,0.0,64.135,0.000,0.0,673052.5
2026-09-09T00:51:03,0.1,4364,1547350,1531825,0.3,0.00,1.19,0.00,4.76,0.00,0.00,0.00,1.0,95830.0,95350.0,0.0,0.0,0.5,0.0,64.115,0.000,0.0,673052.5
2026-09-09T00:51:04,0.3,4364,1547350,1531826,0.3,0.00,21.69,0.00,95.44,0.00,0.10,0.00,1.0,95830.0,95350.0,0.0,0.0,0.5,0.0,64.123,0.000,0.0,796651.5
2026-09-09T00:51:05,0.2,4365,1547350,1531824,0.3,0.00,1.92,0.00,7.68,0.00,0.00,0.10,1.0,95830.0,95350.0,0.0,0.0,0.5,0.0,64.143,0.000,0.0,796651.5
2026-09-09T00:51:06,0.1,4366,1547350,1531823,0.3,0.00,2.10,0.00,8.39,0.00,0.00,0.00,1.0,95830.0,95350.0,0.0,0.0,0.5,0.0,64.151,0.000,0.0,679827.5
2026-09-09T00:51:07,0.2,4365,1547350,1531824,0.3,0.00,1.52,0.00,6.10,0.00,0.00,0.00,1.0,95830.0,95350.0,0.0,0.0,0.5,0.0,64.141,0.000,0.0,679827.5
2026-09-09T00:51:08,0.2,4365,1547350,1531824,0.3,0.00,2.54,0.00,10.18,0.00,0.00,0.00,1.0,95830.0,95350.0,0.0,0.0,0.5,0.0,64.128,0.000,0.0,697240.5
2026-09-09T00:51:10,0.1,4366,1547350,1531823,0.3,0.00,1.68,0.00,6.74,0.00,0.25,0.00,1.0,95830.0,95350.0,0.0,0.0,0.5,0.0,64.123,0.000,0.0,795961.0
2026-09-09T00:51:11,0.2,4364,1547350,1531825,0.3,0.00,2.47,0.00,9.86,0.00,0.00,0.00,1.0,95830.0,95350.0,0.0,0.0,0.5,0.0,64.129,0.000,0.0,795961.0
2026-09-09T00:51:12,0.2,4365,1547350,1531825,0.3,0.00,2.22,0.00,8.90,0.00,0.00,0.00,1.0,95830.0,95350.0,0.0,0.0,0.5,0.0,64.133,0.000,0.0,724469.0
2026-09-09T00:51:13,0.1,4365,1547350,1531824,0.3,0.00,1.34,0.00,5.34,0.00,0.00,0.00,1.0,95830.0,95350.0,0.0,0.0,0.5,0.0,64.138,0.000,0.0,693357.5
2026-09-09T00:51:15,0.1,4364,1547350,1531825,0.3,0.00,4.48,0.00,17.94,0.00,0.00,0.00,1.0,95830.0,95350.0,0.0,0.0,0.5,0.0,64.117,0.000,0.0,705992.5
2026-09-09T00:51:16,0.2,4364,1547350,1531825,0.3,0.00,1.46,0.00,5.84,0.00,0.00,0.00,1.0,95830.0,95350.0,0.0,0.0,0.5,0.0,64.129,0.000,0.0,705992.5
2026-09-09T00:51:17,0.2,4363,1547350,1531826,0.3,0.00,3.39,0.00,13.56,0.00,0.00,0.17,1.0,95830.0,95350.0,0.0,0.0,0.5,0.0,64.109,0.000,0.0,760118.0
2026-09-09T00:51:17,0.2,4363,1547350,1531826,0.3,0.00,2.59,0.00,10.35,0.00,0.50,0.00,1.0,95830.0,95350.0,0.0,0.0,0.5,0.0,64.142,0.000,0.0,656996.0
2026-09-09T00:51:18,0.2,4362,1547350,1531827,0.3,0.00,1.86,0.00,7.44,0.00,0.00,0.09,1.0,95830.0,95350.0,0.0,0.0,0.5,0.0,64.135,0.000,0.0,669736.0
2026-09-09T00:51:20,0.1,4362,1547350,1531827,0.3,0.00,2.33,0.00,9.30,0.00,0.00,0.00,1.0,95830.0,95350.0,0.0,0.0,0.5,0.0,64.129,0.000,0.0,681646.5
2026-09-09T00:51:22,0.1,4362,1547350,1531828,0.3,0.00,1.08,0.00,4.32,0.00,0.00,0.00,1.0,95830.0,95350.0,0.0,0.0,0.5,0.0,64.127,0.000,0.0,681646.5
2026-09-09T00:51:23,0.2,4363,1547350,1531826,0.3,0.00,5.30,0.00,57.62,0.00,0.00,0.00,1.0,95830.0,95350.0,0.0,0.0,0.5,0.0,64.137,0.000,0.0,720622.0
2026-09-09T00:51:24,0.2,4364,1547350,1531825,0.3,0.00,2.38,0.00,9.54,0.00,0.00,0.00,1.0,95830.0,95350.0,0.0,0.0,0.5,0.0,64.118,0.000,0.0,654584.0
2026-09-09T00:51:25,0.1,4364,1547350,1531826,0.3,0.00,2.92,0.00,11.67,0.00,0.20,0.00,1.0,95830.0,95350.0,0.0,0.0,0.5,0.0,64.135,0.000,0.0,731456.5
2026-09-09T00:51:26,0.1,4363,1547350,1531826,0.3,0.00,1.69,0.00,6.78,0.00,0.00,0.00,1.0,95830.0,95350.0,0.0,0.0,0.5,0.0,64.151,0.000,0.0,654991.5
2026-09-09T00:51:28,0.1,4363,1547350,1531826,0.3,0.00,1.10,0.00,4.42,0.00,0.00,0.00,1.0,95830.0,95350.0,0.0,0.0,0.5,0.0,64.129,0.000,0.0,684567.0
2026-09-09T00:51:30,0.1,4364,1547350,1531826,0.3,0.00,1.26,0.00,5.02,0.00,0.00,0.06,1.0,95830.0,95350.0,0.0,0.0,0.5,0.0,64.129,0.000,0.0,684567.0
2026-09-09T00:51:31,0.2,4363,1547350,1531826,0.3,0.00,2.93,0.00,11.73,0.00,0.00,0.00,1.0,95830.0,95350.0,0.0,0.0,0.5,0.0,64.132,0.000,0.0,683301.5
2026-09-09T00:51:32,0.1,4363,1547350,1531826,0.3,0.00,2.38,0.00,9.52,0.00,0.00,0.00,1.0,95830.0,95350.0,0.0,0.0,0.5,0.0,64.132,0.000,0.0,664170.5
2026-09-09T00:51:34,0.1,4363,1547350,1531826,0.3,0.00,1.51,0.00,6.05,0.00,0.00,0.00,1.0,95830.0,95350.0,0.0,0.0,0.5,0.0,64.127,0.000,0.0,682232.0
2026-09-09T00:51:35,0.1,4362,1547350,1531827,0.3,0.00,1.41,0.00,5.65,0.00,0.00,0.00,1.0,95830.0,95350.0,0.0,0.0,0.5,0.0,64.134,0.000,0.0,643453.5
2026-09-09T00:51:37,0.1,4362,1547350,1531827,0.3,0.00,1.70,0.00,6.79,0.00,0.25,0.00,1.0,95830.0,95350.0,0.0,0.0,0.5,0.0,64.148,0.000,0.0,643453.5
2026-09-09T00:51:38,0.2,4362,1547350,1531827,0.3,0.00,2.66,0.00,10.65,0.00,0.00,0.00,1.0,95830.0,95350.0,0.0,0.0,0.5,0.0,64.141,0.000,0.0,675570.0
2026-09-09T00:51:40,0.1,4363,1547350,1531826,0.3,0.00,1.14,0.00,4.55,0.00,0.00,0.00,1.0,95830.0,95350.0,0.0,0.0,0.5,0.0,64.117,0.000,0.0,692077.0
2026-09-09T00:51:41,0.2,4363,1547350,1531826,0.3,0.00,1.97,0.00,7.87,0.00,0.00,0.00,1.0,95830.0,95350.0,0.0,0.0,0.5,0.0,64.144,0.000,0.0,651307.0
2026-09-09T00:51:43,0.1,4363,1547350,1531826,0.3,0.00,1.67,0.00,6.66,0.00,0.00,0.00,1.0,95830.0,95350.0,0.0,0.0,0.5,0.0,64.116,0.000,0.0,671384.5
2026-09-09T00:51:44,0.1,4363,1547350,1531826,0.3,0.00,2.27,0.00,9.09,0.00,0.00,0.00,1.0,95830.0,95350.0,0.0,0.0,0.5,0.0,64.131,0.000,0.0,671384.5
2026-09-09T00:51:45,0.2,4363,1547350,1531827,0.3,0.00,2.08,0.00,8.31,0.00,0.00,0.00,1.0,95830.0,95350.0,0.0,0.0,0.5,0.0,64.127,0.000,0.0,708013.0
2026-09-09T00:51:46,0.2,4362,1547350,1531828,0.3,0.00,2.68,0.00,10.71,0.00,0.00,0.00,1.0,95830.0,95350.0,0.0,0.0,0.5,0.0,64.132,0.000,0.0,705321.0
2026-09-09T00:51:48,0.1,4362,1547350,1531827,0.3,0.00,1.77,0.00,7.10,0.00,0.25,0.00,1.0,95830.0,95350.0,0.0,0.0,0.5,0.0,64.121,0.000,0.0,772767.0
2026-09-09T00:51:49,0.2,4361,1547350,1531828,0.3,0.00,1.48,0.00,5.92,0.00,0.00,0.00,1.0,95830.0,95350.0,0.0,0.0,0.5,0.0,64.130,0.000,0.0,681139.5
2026-09-09T00:51:50,0.1,4361,1547350,1531828,0.3,0.00,1.92,0.00,7.69,0.00,0.00,0.10,1.0,95830.0,95350.0,0.0,0.0,0.5,0.0,64.141,0.000,0.0,652140.0
2026-09-09T00:51:52,0.1,4362,1547350,1531827,0.3,0.00,12.31,0.00,95.69,0.00,0.08,0.00,1.0,95830.0,95350.0,0.0,0.0,0.5,0.0,64.148,0.000,0.0,694807.5
2026-09-09T00:51:54,0.1,4362,1547350,1531827,0.3,0.00,2.28,0.00,9.13,0.00,0.00,0.00,1.0,95830.0,95350.0,0.0,0.0,0.5,0.0,64.158,0.000,0.0,661993.0
2026-09-09T00:51:56,0.1,4362,1547350,1531827,0.3,0.00,1.02,0.00,4.09,0.00,0.00,0.00,1.0,95830.0,95350.0,0.0,0.0,0.5,0.0,64.138,0.000,0.0,675744.0
2026-09-09T00:51:57,0.2,4362,1547350,1531827,0.3,0.00,1.64,0.00,6.56,0.00,0.00,0.00,1.0,95830.0,95350.0,0.0,0.0,0.5,0.0,64.127,0.000,0.0,752830.5
2026-09-09T00:51:58,0.2,4363,1547350,1531827,0.3,0.00,1.98,0.00,7.91,0.00,0.00,0.00,1.0,95830.0,95350.0,0.0,0.0,0.5,0.0,64.143,0.000,0.0,752830.5
2026-09-09T00:51:59,0.2,4362,1547350,1531827,0.3,0.00,5.62,0.00,22.47,0.00,0.20,0.00,1.0,95830.0,95350.0,0.0,0.0,0.5,0.0,64.121,0.000,0.0,695795.0
2026-09-09T00:52:01,0.2,4366,1547350,1531823,0.3,0.00,0.99,0.00,3.97,0.00,0.00,0.00,1.0,95830.0,95350.0,0.0,0.0,0.5,0.0,64.147,0.000,0.0,756867.0
2026-09-09T00:52:03,0.1,4367,1547350,1531822,0.3,0.00,1.15,0.00,4.59,0.00,0.00,0.00,1.0,95830.0,95350.0,0.0,0.0,0.5,0.0,64.144,0.000,0.0,813065.5
2026-09-09T00:52:04,0.1,4367,1547350,1531823,0.3,0.00,10.87,0.00,47.83,0.00,0.10,0.00,1.0,95830.0,95350.0,0.0,0.0,0.5,0.0,64.150,0.000,0.0,650734.5
2026-09-09T00:52:06,0.1,4366,1547350,1531823,0.3,0.00,0.94,0.00,3.76,0.00,0.00,0.05,1.0,95830.0,95350.0,0.0,0.0,0.5,0.0,64.152,0.000,0.0,701423.5
2026-09-09T00:52:08,0.2,4366,1547350,1531823,0.3,0.00,1.30,0.00,5.20,0.00,0.00,0.06,1.0,95830.0,95350.0,0.0,0.0,0.5,0.0,64.149,0.000,0.0,657829.5
2026-09-09T00:52:10,0.1,4364,1547350,1531825,0.3,0.00,1.84,0.00,7.38,0.00,0.00,0.00,1.0,95830.0,95350.0,0.0,0.0,0.5,0.0,64.118,0.000,0.0,635786.0
2026-09-09T00:52:13,0.1,4364,1547350,1531825,0.3,0.00,0.62,0.00,2.47,0.00,0.00,0.00,1.0,95830.0,95350.0,0.0,0.0,0.5,0.0,64.175,0.000,0.0,629249.0
2026-09-09T00:52:15,0.1,4364,1547350,1531825,0.3,0.00,0.91,0.00,3.62,0.00,0.00,0.00,1.0,95830.0,95350.0,0.0,0.0,0.5,0.0,64.153,0.000,0.0,644015.0
2026-09-09T00:52:17,0.1,4364,1547350,1531825,0.3,0.00,3.23,0.00,17.22,0.00,0.17,0.00,1.0,95830.0,95350.0,0.0,0.0,0.5,0.0,64.139,0.000,0.0,660870.0
2026-09-09T00:52:19,0.1,4364,1547350,1531825,0.3,0.00,1.25,0.00,5.01,0.00,0.00,0.00,1.0,95830.0,95350.0,0.0,0.0,0.5,0.0,64.152,0.000,0.0,660870.0
2026-09-09T00:52:19,0.2,4364,1547350,1531825,0.3,0.00,2.38,0.00,9.51,0.00,0.00,0.00,1.0,95830.0,95350.0,0.0,0.0,0.5,0.0,64.144,0.000,0.0,704660.0
2026-09-09T00:52:20,0.2,4364,1547350,1531825,0.3,0.00,2.76,0.00,11.03,0.00,0.00,0.00,1.0,95830.0,95350.0,0.0,0.0,0.5,0.0,64.168,0.000,0.0,630629.0
2026-09-09T00:52:26,0.0,4364,1547350,1531825,0.3,0.00,0.89,0.00,7.36,0.00,0.00,0.02,1.0,95830.0,95350.0,0.0,0.0,0.5,0.0,64.165,0.000,0.0,628206.5
2026-09-09T00:52:30,0.0,4364,1547350,1531826,0.3,0.00,1.34,0.00,5.36,0.00,0.20,0.00,1.0,95830.0,95350.0,0.0,0.0,0.5,0.0,64.154,0.000,0.0,624212.0
2026-09-09T00:52:35,0.0,4364,1547350,1531825,0.3,0.00,1.17,0.00,4.70,0.00,0.00,0.00,1.0,95830.0,95350.0,0.0,0.0,0.5,0.0,64.155,0.000,0.0,613958.0
2026-09-09T00:52:43,0.0,4363,1547350,1531826,0.3,0.00,0.24,0.00,0.96,0.00,0.00,0.00,1.0,95830.0,95350.0,0.0,0.0,0.5,0.0,64.148,0.000,0.0,673748.0
2026-09-09T00:52:46,0.1,4363,1547350,1531826,0.3,0.00,1.40,0.00,5.60,0.00,0.00,0.00,1.0,95830.0,95350.0,0.0,0.0,0.5,0.0,64.160,0.000,0.0,618459.5
2026-09-09T00:52:52,0.0,4363,1547350,1531826,0.3,0.00,3.74,0.00,29.38,0.00,0.08,0.00,1.0,95830.0,95350.0,0.0,0.0,0.5,0.0,64.189,0.000,0.0,613503.5
2026-09-09T00:53:01,0.1,4368,1547350,1531821,0.3,0.00,1.28,0.00,5.13,0.00,0.18,0.00,1.0,95830.0,95350.0,0.0,0.0,0.5,0.0,64.177,0.000,0.0,611403.0
2026-09-09T00:53:09,0.0,4364,1547350,1531825,0.3,0.00,0.49,0.00,1.94,0.00,0.00,0.00,1.0,95830.0,95350.0,0.0,0.0,0.5,0.0,64.167,0.000,0.0,622628.5
2026-09-09T00:53:14,0.1,4363,1547350,1531827,0.3,0.00,1.31,0.00,5.24,0.00,0.00,0.00,1.0,95830.0,95350.0,0.0,0.0,0.5,0.0,64.190,0.000,0.0,619165.0
2026-09-09T00:53:20,0.0,4363,1547350,1531827,0.3,0.00,0.60,0.00,3.58,0.00,0.00,0.00,1.0,95830.0,95350.0,0.0,0.0,0.5,0.0,64.202,0.000,0.0,634271.5
2026-09-09T00:53:26,0.0,4363,1547350,1531826,0.3,0.00,1.07,0.00,6.77,0.00,0.17,0.00,1.0,95830.0,95350.0,0.0,0.0,0.5,0.0,64.179,0.000,0.0,615276.5
2026-09-09T00:53:33,0.0,4365,1547350,1531824,0.3,0.00,0.74,0.00,2.97,0.00,0.00,0.00,1.0,95830.0,95350.0,0.0,0.0,0.5,0.0,64.194,0.000,0.0,633185.5
2026-09-09T00:53:38,0.0,4363,1547350,1531826,0.3,0.00,0.73,0.00,2.94,0.00,0.00,0.00,1.0,95830.0,95350.0,0.0,0.0,0.5,0.0,64.212,0.000,0.0,634338.0
2026-09-09T00:53:44,0.0,4364,1547350,1531825,0.3,0.00,0.71,0.00,2.85,0.00,0.00,0.00,1.0,95830.0,95350.0,0.0,0.0,0.5,0.0,64.201,0.000,0.0,641526.0
2026-09-09T00:53:49,0.1,4365,1547350,1531824,0.3,0.00,0.79,0.00,3.17,0.00,0.25,0.00,1.0,95830.0,95350.0,0.0,0.0,0.5,0.0,64.192,0.000,0.0,693011.5
2026-09-09T00:53:55,0.0,4365,1547350,1531824,0.3,0.00,3.21,0.00,27.37,0.00,0.11,0.00,1.0,95830.0,95350.0,0.0,0.0,0.5,0.0,64.217,0.000,0.0,693011.5
2026-09-09T00:53:56,0.2,4366,1547350,1531823,0.3,0.00,4.69,0.00,18.78,0.00,0.00,0.00,1.0,95830.0,95350.0,0.0,0.0,0.5,0.0,64.178,0.000,0.0,719448.5
2026-09-09T00:53:57,0.1,4366,1547350,1531823,0.3,0.00,1.32,0.00,5.29,0.00,0.00,0.07,1.0,95830.0,95350.0,0.0,0.0,0.5,0.0,64.174,0.000,0.0,719107.0
2026-09-09T00:53:59,0.1,4365,1547350,1531824,0.3,0.00,1.25,0.00,4.99,0.00,0.00,0.00,1.0,95830.0,95350.0,0.0,0.0,0.5,0.0,64.167,0.000,0.0,685533.0
2026-09-09T00:54:00,0.1,4365,1547350,1531824,0.3,0.00,2.09,0.00,8.37,0.00,0.00,0.00,1.0,95830.0,95350.0,0.0,0.0,0.5,0.0,64.203,0.000,0.0,685533.0
2026-09-09T00:54:01,0.2,4370,1547350,1531820,0.3,0.00,2.27,0.00,9.08,0.00,0.00,0.00,1.0,95830.0,95350.0,0.0,0.0,0.5,0.0,64.198,0.000,0.0,686670.5
2026-09-09T00:54:02,0.2,4370,1547350,1531820,0.3,0.00,8.55,0.00,37.30,0.00,0.09,0.00,1.0,95830.0,95350.0,0.0,0.0,0.5,0.0,64.178,0.000,0.0,673693.5
2026-09-09T00:54:03,0.2,4371,1547350,1531818,0.3,0.00,1.51,0.00,6.05,0.00,0.50,0.00,1.0,95830.0,95350.0,0.0,0.0,0.5,0.0,64.169,0.000,0.0,692100.5
2026-09-09T00:54:05,0.2,4371,1547350,1531819,0.3,0.00,1.39,0.00,5.58,0.00,0.00,0.00,1.0,95830.0,95350.0,0.0,0.0,0.5,0.0,64.198,0.000,0.0,676452.0
2026-09-09T00:54:06,0.1,4372,1547350,1531818,0.3,0.00,1.34,0.00,5.35,0.00,0.00,0.00,1.0,95830.0,95350.0,0.0,0.0,0.5,0.0,64.174,0.000,0.0,657696.5
2026-09-09T00:54:08,0.1,4373,1547350,1531817,0.3,0.00,2.45,0.00,9.80,0.00,0.00,0.00,1.0,95830.0,95350.0,0.0,0.0,0.5,0.0,64.195,0.000,0.0,690016.0
2026-09-09T00:54:10,0.1,4372,1547350,1531817,0.3,0.00,1.10,0.00,4.40,0.00,0.00,0.00,1.0,95830.0,95350.0,0.0,0.0,0.5,0.0,64.197,0.000,0.0,657371.0
2026-09-09T00:54:11,0.2,4368,1547350,1531821,0.3,0.00,1.21,0.00,4.85,0.00,0.00,0.00,1.0,95830.0,95350.0,0.0,0.0,0.5,0.0,64.192,0.000,0.0,711871.5
2026-09-09T00:54:13,0.1,4368,1547350,1531821,0.3,0.00,1.14,0.00,4.54,0.00,0.00,0.00,1.0,95830.0,95350.0,0.0,0.0,0.5,0.0,64.206,0.000,0.0,655584.5
2026-09-09T00:54:15,0.1,4368,1547350,1531822,0.3,0.00,3.36,0.00,13.43,0.00,0.17,0.00,1.0,95830.0,95350.0,0.0,0.0,0.5,0.0,64.161,0.000,0.0,732273.0
2026-09-09T00:54:17,0.1,4367,1547350,1531822,0.3,0.00,1.11,0.00,4.44,0.00,0.00,0.00,1.0,95830.0,95350.0,0.0,0.0,0.5,0.0,64.157,0.000,0.0,644961.5
2026-09-09T00:54:19,0.1,4367,1547350,1531823,0.3,0.00,0.99,0.00,3.96,0.00,0.00,0.05,1.0,95830.0,95350.0,0.0,0.0,0.5,0.0,64.149,0.000,0.0,659377.0
2026-09-09T00:54:20,0.1,4367,1547350,1531822,0.3,0.00,2.62,0.00,10.46,0.00,0.00,0.00,1.0,95830.0,95350.0,0.0,0.0,0.5,0.0,64.167,0.000,0.0,672232.5
2026-09-09T00:54:22,0.2,4366,1547350,1531823,0.3,0.00,1.33,0.00,5.32,0.00,0.00,0.00,1.0,95830.0,95350.0,0.0,0.0,0.5,0.0,64.166,0.000,0.0,707164.0
2026-09-09T00:54:23,0.1,4366,1547350,1531823,0.3,0.00,1.80,0.00,18.03,0.00,0.00,0.00,1.0,95830.0,95350.0,0.0,0.0,0.5,0.0,64.198,0.000,0.0,667027.5
2026-09-09T00:54:25,0.1,4366,1547350,1531824,0.3,0.00,2.31,0.00,13.87,0.00,0.25,0.00,1.0,95830.0,95350.0,0.0,0.0,0.5,0.0,64.172,0.000,0.0,653998.5
2026-09-09T00:54:27,0.1,4366,1547350,1531823,0.3,0.00,1.16,0.00,4.64,0.00,0.00,0.00,1.0,95830.0,95350.0,0.0,0.0,0.5,0.0,64.151,0.000,0.0,666437.5
2026-09-09T00:54:29,0.1,4365,1547350,1531824,0.3,0.00,1.06,0.00,4.26,0.00,0.00,0.00,1.0,95830.0,95350.0,0.0,0.0,0.5,0.0,64.174,0.000,0.0,645569.5
2026-09-09T00:54:31,0.1,4366,1547350,1531823,0.3,0.00,1.07,0.00,4.27,0.00,0.00,0.00,1.0,95830.0,95350.0,0.0,0.0,0.5,0.0,64.161,0.000,0.0,660795.0
2026-09-09T00:54:32,0.1,4366,1547350,1531823,0.3,0.00,2.38,0.00,9.52,0.00,0.00,0.00,1.0,95830.0,95350.0,0.0,0.0,0.5,0.0,64.143,0.000,0.0,675543.0
2026-09-09T00:54:34,0.1,4366,1547350,1531824,0.3,0.00,1.07,0.00,4.26,0.00,0.00,0.00,1.0,95830.0,95350.0,0.0,0.0,0.5,0.0,64.161,0.000,0.0,639769.0
2026-09-09T00:54:36,0.1,4364,1547350,1531825,0.3,0.00,1.05,0.00,4.21,0.00,0.00,0.05,1.0,95830.0,95350.0,0.0,0.0,0.5,0.0,64.158,0.000,0.0,668583.0
2026-09-09T00:54:38,0.1,4366,1547350,1531823,0.3,0.00,2.80,0.00,11.20,0.00,0.20,0.00,1.0,95830.0,95350.0,0.0,0.0,0.5,0.0,64.157,0.000,0.0,651603.0
2026-09-09T00:54:40,0.2,4366,1547350,1531823,0.3,0.00,1.14,0.00,4.58,0.00,0.00,0.06,1.0,95830.0,95350.0,0.0,0.0,0.5,0.0,64.172,0.000,0.0,651318.5
2026-09-09T00:54:41,0.1,4366,1547350,1531823,0.3,0.00,1.11,0.00,4.46,0.00,0.00,0.00,1.0,95830.0,95350.0,0.0,0.0,0.5,0.0,64.167,0.000,0.0,666372.0
2026-09-09T00:54:43,0.1,4366,1547350,1531823,0.3,0.00,2.08,0.00,8.34,0.00,0.00,0.00,1.0,95830.0,95350.0,0.0,0.0,0.5,0.0,64.169,0.000,0.0,649606.0
2026-09-09T00:54:45,0.1,4366,1547350,1531823,0.3,0.00,0.96,0.00,3.83,0.00,0.00,0.00,1.0,95830.0,95350.0,0.0,0.0,0.5,0.0,64.162,0.000,0.0,648289.5
2026-09-09T00:54:47,0.1,4366,1547350,1531823,0.3,0.00,1.07,0.00,4.26,0.00,0.00,0.00,1.0,95830.0,95350.0,0.0,0.0,0.5,0.0,64.134,0.000,0.0,655386.5
2026-09-09T00:54:49,0.1,4367,1547350,1531822,0.3,0.00,1.81,0.00,7.25,0.00,0.00,0.05,1.0,95830.0,95350.0,0.0,0.0,0.5,0.0,64.145,0.000,0.0,637322.5
2026-09-09T00:54:52,0.1,4366,1547350,1531823,0.3,0.00,0.92,0.00,3.68,0.00,0.00,0.00,1.0,95830.0,95350.0,0.0,0.0,0.5,0.0,64.153,0.000,0.0,642321.0
2026-09-09T00:54:54,0.1,4365,1547350,1531824,0.3,0.00,8.16,0.00,77.74,0.00,0.12,0.00,1.0,95830.0,95350.0,0.0,0.0,0.5,0.0,64.143,0.000,0.0,651103.0
2026-09-09T00:54:56,0.1,4366,1547350,1531823,0.3,0.00,1.85,0.00,7.39,0.00,0.00,0.00,1.0,95830.0,95350.0,0.0,0.0,0.5,0.0,64.139,0.000,0.0,676276.5
2026-09-09T00:54:58,0.1,4366,1547350,1531823,0.3,0.00,0.86,0.00,3.46,0.00,0.00,0.00,1.0,95830.0,95350.0,0.0,0.0,0.5,0.0,64.159,0.000,0.0,646224.0
2026-09-09T00:55:00,0.1,4366,1547350,1531823,0.3,0.00,2.11,0.00,8.44,0.00,0.00,0.00,1.0,95830.0,95350.0,0.0,0.0,0.5,0.0,64.126,0.000,0.0,651931.5
2026-09-09T00:55:02,0.2,4367,1547350,1531822,0.3,0.00,0.91,0.00,3.65,0.00,0.00,0.00,1.0,95830.0,95350.0,0.0,0.0,0.5,0.0,64.130,0.000,0.0,649681.0
2026-09-09T00:55:04,0.1,4366,1547350,1531823,0.3,0.00,0.92,0.00,3.68,0.00,0.50,0.00,1.0,95830.0,95350.0,0.0,0.0,0.5,0.0,64.148,0.000,0.0,639135.5
2026-09-09T00:55:07,0.1,4367,1547350,1531822,0.3,0.00,4.70,0.00,18.79,0.00,0.00,0.00,1.0,95830.0,95350.0,0.0,0.0,0.5,0.0,64.144,0.000,0.0,645520.5
2026-09-09T00:55:09,0.1,4367,1547350,1531822,0.3,0.00,0.96,0.00,3.83,0.00,0.50,0.00,1.0,95830.0,95350.0,0.0,0.0,0.5,0.0,64.158,0.000,0.0,638949.0
2026-09-09T00:55:11,0.1,4365,1547350,1531824,0.3,0.00,2.41,0.00,11.27,0.00,0.00,0.00,1.0,95830.0,95350.0,0.0,0.0,0.5,0.0,64.143,0.000,0.0,642488.5
2026-09-09T00:55:13,0.1,4365,1547350,1531824,0.3,0.00,0.95,0.00,3.80,0.00,0.00,0.00,1.0,95830.0,95350.0,0.0,0.0,0.5,0.0,64.153,0.000,0.0,644222.5
2026-09-09T00:55:16,0.1,4365,1547350,1531824,0.3,0.00,0.80,0.00,3.20,0.00,0.00,0.00,1.0,95830.0,95350.0,0.0,0.0,0.5,0.0,64.137,0.000,0.0,640764.5
2026-09-09T00:55:18,0.1,4365,1547350,1531824,0.3,0.00,1.91,0.00,7.66,0.00,0.00,0.00,1.0,95830.0,95350.0,0.0,0.0,0.5,0.0,64.130,0.000,0.0,636848.5
2026-09-09T00:55:21,0.1,4364,1547350,1531825,0.3,0.00,0.63,0.00,2.53,0.00,0.50,0.00,1.0,95830.0,95350.0,0.0,0.0,0.5,0.0,64.133,0.000,0.0,637300.0
2026-09-09T00:55:23,0.1,4364,1547350,1531825,0.3,0.00,2.11,0.00,8.43,0.00,0.00,0.00,1.0,95830.0,95350.0,0.0,0.0,0.5,0.0,64.152,0.000,0.0,646850.5
2026-09-09T00:55:25,0.1,4364,1547350,1531825,0.3,0.00,3.05,0.00,19.86,0.00,0.00,0.00,1.0,95830.0,95350.0,0.0,0.0,0.5,0.0,64.141,0.000,0.0,640611.0
2026-09-09T00:55:28,0.1,4364,1547350,1531825,0.3,0.00,0.76,0.00,3.06,0.00,0.00,0.00,1.0,95830.0,95350.0,0.0,0.0,0.5,0.0,64.136,0.000,0.0,640105.5
2026-09-09T00:55:30,0.1,4364,1547350,1531825,0.3,0.00,1.95,0.00,11.69,0.00,0.00,0.00,1.0,95830.0,95350.0,0.0,0.0,0.5,0.0,64.118,0.000,0.0,672257.5
2026-09-09T00:55:32,0.1,4363,1547350,1531826,0.3,0.00,0.91,0.00,3.65,0.00,0.00,0.00,1.0,95830.0,95350.0,0.0,0.0,0.5,0.0,64.127,0.000,0.0,637900.0
2026-09-09T00:55:34,0.1,4364,1547350,1531826,0.3,0.00,1.58,0.00,6.33,0.00,0.25,0.00,1.0,95830.0,95350.0,0.0,0.0,0.5,0.0,64.121,0.000,0.0,643189.5
2026-09-09T00:55:37,0.1,4364,1547350,1531826,0.3,0.00,0.89,0.00,3.56,0.00,0.00,0.00,1.0,95830.0,95350.0,0.0,0.0,0.5,0.0,64.138,0.000,0.0,632990.0
2026-09-09T00:55:39,0.1,4363,1547350,1531826,0.3,0.00,1.02,0.00,4.08,0.00,0.00,0.00,1.0,95830.0,95350.0,0.0,0.0,0.5,0.0,64.111,0.000,0.0,681209.0
2026-09-09T00:55:41,0.1,4363,1547350,1531827,0.3,0.00,2.00,0.00,7.99,0.00,0.00,0.00,1.0,95830.0,95350.0,0.0,0.0,0.5,0.0,64.139,0.000,0.0,637820.5
2026-09-09T00:55:44,0.1,4361,1547350,1531828,0.3,0.00,0.81,0.00,3.26,0.00,0.00,0.00,1.0,95830.0,95350.0,0.0,0.0,0.5,0.0,64.111,0.000,0.0,637515.0
2026-09-09T00:55:46,0.1,4363,1547350,1531826,0.3,0.00,1.62,0.00,6.46,0.00,0.00,0.00,1.0,95830.0,95350.0,0.0,0.0,0.5,0.0,64.149,0.000,0.0,641253.0
2026-09-09T00:55:48,0.1,4363,1547350,1531827,0.3,0.00,0.91,0.00,3.62,0.00,0.00,0.00,1.0,95830.0,95350.0,0.0,0.0,0.5,0.0,64.118,0.000,0.0,649218.0
2026-09-09T00:55:50,0.1,4363,1547350,1531827,0.3,0.00,0.91,0.00,3.65,0.00,0.50,0.00,1.0,95830.0,95350.0,0.0,0.0,0.5,0.0,64.133,0.000,0.0,640334.5
2026-09-09T00:55:53,0.1,4363,1547350,1531826,0.3,0.00,1.70,0.00,6.81,0.00,0.00,0.00,1.0,95830.0,95350.0,0.0,0.0,0.5,0.0,64.138,0.000,0.0,668964.0
2026-09-09T00:55:54,0.1,4364,1547350,1531826,0.3,0.00,9.08,0.00,92.62,0.00,0.07,0.00,1.0,95830.0,95350.0,0.0,0.0,0.5,0.0,64.149,0.000,0.0,640678.0
2026-09-09T00:55:57,0.1,4363,1547350,1531826,0.3,0.00,0.87,0.00,3.49,0.00,0.00,0.00,1.0,95830.0,95350.0,0.0,0.0,0.5,0.0,64.114,0.000,0.0,638550.5
2026-09-09T00:55:59,0.1,4364,1547350,1531826,0.3,0.00,1.62,0.00,6.48,0.00,0.00,0.00,1.0,95830.0,95350.0,0.0,0.0,0.5,0.0,64.129,0.000,0.0,640612.5
2026-09-09T00:56:02,0.2,4369,1547350,1531820,0.3,0.00,0.87,0.00,3.46,0.00,0.50,0.00,1.0,95830.0,95350.0,0.0,0.0,0.5,0.0,64.140,0.000,0.0,632742.5
2026-09-09T00:56:04,0.1,4369,1547350,1531821,0.3,0.00,3.51,0.00,14.02,0.00,0.00,0.00,1.0,95830.0,95350.0,0.0,0.0,0.5,0.0,64.148,0.000,0.0,627656.0
2026-09-09T00:56:08,0.1,4369,1547350,1531821,0.3,0.00,1.29,0.00,5.14,0.00,0.20,0.00,1.0,95830.0,95350.0,0.0,0.0,0.5,0.0,64.134,0.000,0.0,650408.0
2026-09-09T00:56:12,0.1,4369,1547350,1531821,0.3,0.00,0.59,0.00,2.38,0.00,0.00,0.00,1.0,95830.0,95350.0,0.0,0.0,0.5,0.0,64.121,0.000,0.0,632730.5
2026-09-09T00:56:14,0.1,4367,1547350,1531822,0.3,0.00,2.12,0.00,8.47,0.00,0.00,0.00,1.0,95830.0,95350.0,0.0,0.0,0.5,0.0,64.147,0.000,0.0,632538.5
2026-09-09T00:56:17,0.1,4368,1547350,1531821,0.3,0.00,0.72,0.00,2.88,0.00,0.00,0.00,1.0,95830.0,95350.0,0.0,0.0,0.5,0.0,64.117,0.000,0.0,633810.5
2026-09-09T00:56:20,0.1,4368,1547350,1531821,0.3,0.00,1.36,0.00,5.45,0.00,0.00,0.00,1.0,95830.0,95350.0,0.0,0.0,0.5,0.0,64.131,0.000,0.0,629613.5
2026-09-09T00:56:23,0.1,4369,1547350,1531820,0.3,0.00,0.74,0.00,2.96,0.00,0.50,0.00,1.0,95830.0,95350.0,0.0,0.0,0.5,0.0,64.122,0.000,0.0,643040.0
2026-09-09T00:56:25,0.1,4370,1547350,1531819,0.3,0.00,4.69,0.00,23.25,0.00,0.00,0.00,1.0,95830.0,95350.0,0.0,0.0,0.5,0.0,64.152,0.000,0.0,646073.5
2026-09-09T00:56:27,0.1,4370,1547350,1531820,0.3,0.00,0.94,0.00,3.74,0.00,0.00,0.00,1.0,95830.0,95350.0,0.0,0.0,0.5,0.0,64.130,0.000,0.0,699183.0
2026-09-09T00:56:29,0.1,4370,1547350,1531819,0.3,0.00,1.09,0.00,4.35,0.00,0.00,0.00,1.0,95830.0,95350.0,0.0,0.0,0.5,0.0,64.094,0.000,0.0,647549.5
2026-09-09T00:56:31,0.1,4369,1547350,1531820,0.3,0.00,1.90,0.00,11.37,0.00,0.25,0.00,1.0,95830.0,95350.0,0.0,0.0,0.5,0.0,64.123,0.000,0.0,644175.0
2026-09-09T00:56:33,0.1,4369,1547350,1531820,0.3,0.00,0.96,0.00,3.84,0.00,0.00,0.00,1.0,95830.0,95350.0,0.0,0.0,0.5,0.0,64.136,0.000,0.0,633139.0
2026-09-09T00:56:35,0.1,4368,1547350,1531821,0.3,0.00,0.96,0.00,3.85,0.00,0.00,0.05,1.0,95830.0,95350.0,0.0,0.0,0.5,0.0,64.115,0.000,0.0,725887.5
2026-09-09T00:56:38,0.1,4368,1547350,1531821,0.3,0.00,1.78,0.00,7.11,0.00,0.00,0.00,1.0,95830.0,95350.0,0.0,0.0,0.5,0.0,64.107,0.000,0.0,637644.0
2026-09-09T00:56:40,0.1,4368,1547350,1531821,0.3,0.00,0.85,0.00,3.39,0.00,0.00,0.00,1.0,95830.0,95350.0,0.0,0.0,0.5,0.0,64.127,0.000,0.0,642271.0
2026-09-09T00:56:42,0.1,4368,1547350,1531821,0.3,0.00,2.19,0.00,8.76,0.00,0.00,0.00,1.0,95830.0,95350.0,0.0,0.0,0.5,0.0,64.154,0.000,0.0,697440.5
2026-09-09T00:56:45,0.1,4368,1547350,1531822,0.3,0.00,0.86,0.00,3.44,0.00,0.00,0.00,1.0,95830.0,95350.0,0.0,0.0,0.5,0.0,64.123,0.000,0.0,639815.0
2026-09-09T00:56:47,0.1,4368,1547350,1531821,0.3,0.00,0.90,0.00,3.61,0.00,0.00,0.00,1.0,95830.0,95350.0,0.0,0.0,0.5,0.0,64.111,0.000,0.0,646153.5
2026-09-09T00:56:49,0.1,4368,1547350,1531822,0.3,0.00,1.79,0.00,7.15,0.00,0.25,0.00,1.0,95830.0,95350.0,0.0,0.0,0.5,0.0,64.098,0.000,0.0,642595.5
2026-09-09T00:56:51,0.1,4368,1547350,1531821,0.3,0.00,0.93,0.00,3.70,0.00,0.00,0.00,1.0,95830.0,95350.0,0.0,0.0,0.5,0.0,64.123,0.000,0.0,634938.0
2026-09-09T00:56:54,0.1,4368,1547350,1531821,0.3,0.00,5.66,0.00,55.20,0.00,0.06,0.00,1.0,95830.0,95350.0,0.0,0.0,0.5,0.0,64.121,0.000,0.0,646894.5
2026-09-09T00:56:56,0.1,4368,1547350,1531821,0.3,0.00,0.94,0.00,3.76,0.00,0.00,0.00,1.0,95830.0,95350.0,0.0,0.0,0.5,0.0,64.108,0.000,0.0,644768.5
2026-09-09T00:56:58,0.1,4368,1547350,1531821,0.3,0.00,1.99,0.00,7.95,0.00,0.00,0.05,1.0,95830.0,95350.0,0.0,0.0,0.5,0.0,64.139,0.000,0.0,635481.5
2026-09-09T00:57:01,0.1,4370,1547350,1531819,0.3,0.00,0.71,0.00,2.84,0.00,0.00,0.00,1.0,95830.0,95350.0,0.0,0.0,0.5,0.0,64.113,0.000,0.0,636074.0
2026-09-09T00:57:04,0.1,4371,1547350,1531818,0.3,0.00,0.77,0.00,3.08,0.00,0.50,0.04,1.0,95830.0,95350.0,0.0,0.0,0.5,0.0,64.119,0.000,0.0,643775.0
2026-09-09T00:57:06,0.1,4370,1547350,1531819,0.3,0.00,4.26,0.00,17.04,0.00,0.00,0.00,1.0,95830.0,95350.0,0.0,0.0,0.5,0.0,64.115,0.000,0.0,641044.0
2026-09-09T00:57:09,0.1,4370,1547350,1531819,0.3,0.00,0.73,0.00,2.93,0.00,0.00,0.00,1.0,95830.0,95350.0,0.0,0.0,0.5,0.0,64.124,0.000,0.0,637390.0
2026-09-09T00:57:11,0.1,4367,1547350,1531822,0.3,0.00,2.11,0.00,8.45,0.00,0.20,0.00,1.0,95830.0,95350.0,0.0,0.0,0.5,0.0,64.111,0.000,0.0,640060.5
2026-09-09T00:57:14,0.1,4366,1547350,1531823,0.3,0.00,0.79,0.00,3.15,0.00,0.00,0.00,1.0,95830.0,95350.0,0.0,0.0,0.5,0.0,64.129,0.000,0.0,637093.0
2026-09-09T00:57:16,0.1,4366,1547350,1531823,0.3,0.00,2.27,0.00,10.58,0.00,0.00,0.00,1.0,95830.0,95350.0,0.0,0.0,0.5,0.0,64.114,0.000,0.0,632628.5
2026-09-09T00:57:19,0.1,4366,1547350,1531823,0.3,0.00,0.70,0.00,2.81,0.00,0.00,0.00,1.0,95830.0,95350.0,0.0,0.0,0.5,0.0,64.132,0.000,0.0,640350.0
2026-09-09T00:57:22,0.1,4365,1547350,1531824,0.3,0.00,1.34,0.00,5.38,0.00,0.00,0.00,1.0,95830.0,95350.0,0.0,0.0,0.5,0.0,64.115,0.000,0.0,638369.5
2026-09-09T00:57:24,0.1,4366,1547350,1531823,0.3,0.00,0.93,0.00,3.71,0.00,0.50,0.00,1.0,95830.0,95350.0,0.0,0.0,0.5,0.0,64.105,0.000,0.0,670910.0
2026-09-09T00:57:26,0.1,4366,1547350,1531824,0.3,0.00,2.58,0.00,18.06,0.00,0.00,0.00,1.0,95830.0,95350.0,0.0,0.0,0.5,0.0,64.123,0.000,0.0,641848.5
2026-09-09T00:57:29,0.1,4366,1547350,1531823,0.3,0.00,1.72,0.00,6.88,0.00,0.00,0.00,1.0,95830.0,95350.0,0.0,0.0,0.5,0.0,64.114,0.000,0.0,643466.5
2026-09-09T00:57:31,0.1,4367,1547350,1531823,0.3,0.00,0.93,0.00,3.74,0.00,0.00,0.00,1.0,95830.0,95350.0,0.0,0.0,0.5,0.0,64.102,0.000,0.0,638157.5
2026-09-09T00:57:33,0.1,4367,1547350,1531822,0.3,0.00,0.80,0.00,3.21,0.00,0.00,0.00,1.0,95830.0,95350.0,0.0,0.0,0.5,0.0,64.121,0.000,0.0,641214.5
2026-09-09T00:57:35,0.1,4368,1547350,1531821,0.3,0.00,1.95,0.00,11.72,0.00,0.00,0.00,1.0,95830.0,95350.0,0.0,0.0,0.5,0.0,64.135,0.000,0.0,646451.0
2026-09-09T00:57:38,0.1,4367,1547350,1531822,0.3,0.00,0.87,0.00,3.48,0.00,0.00,0.00,1.0,95830.0,95350.0,0.0,0.0,0.5,0.0,64.127,0.000,0.0,641407.0
2026-09-09T00:57:40,0.1,4367,1547350,1531822,0.3,0.00,1.49,0.00,5.97,0.00,0.25,0.00,1.0,95830.0,95350.0,0.0,0.0,0.5,0.0,64.106,0.000,0.0,640063.5
2026-09-09T00:57:42,0.1,4368,1547350,1531822,0.3,0.00,0.96,0.00,3.86,0.00,0.00,0.00,1.0,95830.0,95350.0,0.0,0.0,0.5,0.0,64.124,0.000,0.0,632830.0
2026-09-09T00:57:46,0.1,4368,1547350,1531822,0.3,0.00,1.24,0.00,4.96,0.00,0.00,0.00,1.0,95830.0,95350.0,0.0,0.0,0.5,0.0,64.142,0.000,0.0,619965.5
2026-09-09T00:57:50,0.1,4367,1547350,1531822,0.3,0.00,0.58,0.00,2.32,0.00,0.00,0.00,1.0,95830.0,95350.0,0.0,0.0,0.5,0.0,64.118,0.000,0.0,647872.5
2026-09-09T00:57:52,0.1,4368,1547350,1531822,0.3,0.00,2.04,0.00,8.16,0.00,0.00,0.00,1.0,95830.0,95350.0,0.0,0.0,0.5,0.0,64.126,0.000,0.0,633257.0
2026-09-09T00:57:54,0.1,4368,1547350,1531822,0.3,0.00,7.45,0.00,70.08,0.00,0.12,0.00,1.0,95830.0,95350.0,0.0,0.0,0.5,0.0,64.127,0.000,0.0,611445.5
2026-09-09T00:58:04,0.0,4369,1547350,1531820,0.3,0.00,1.18,0.00,4.71,0.00,0.08,0.00,1.0,95830.0,95350.0,0.0,0.0,0.5,0.0,64.100,0.000,0.0,609853.0
2026-09-09T00:58:16,0.0,4365,1547350,1531825,0.3,0.00,0.51,0.00,2.03,0.00,0.00,0.00,1.0,95830.0,95350.0,0.0,0.0,0.5,0.0,64.121,0.000,0.0,617383.5
2026-09-09T00:58:25,0.0,4365,1547350,1531824,0.3,0.00,1.21,0.00,6.05,0.00,0.09,0.00,1.0,95830.0,95350.0,0.0,0.0,0.5,0.0,64.115,0.000,0.0,611325.5
2026-09-09T00:58:32,0.0,4365,1547350,1531824,0.3,0.00,0.59,0.00,2.37,0.00,0.00,0.00,1.0,95830.0,95350.0,0.0,0.0,0.5,0.0,64.107,0.000,0.0,613807.5
2026-09-09T00:58:39,0.0,4365,1547350,1531824,0.3,0.00,0.57,0.00,2.28,0.00,0.00,0.00,1.0,95830.0,95350.0,0.0,0.0,0.5,0.0,64.114,0.000,0.0,628510.5
2026-09-09T00:58:46,0.0,4365,1547350,1531824,0.3,0.00,0.60,0.00,2.41,0.00,0.00,0.00,1.0,95830.0,95350.0,0.0,0.0,0.5,0.0,64.113,0.000,0.0,617869.5
2026-09-09T00:58:51,0.0,4365,1547350,1531824,0.3,0.00,1.29,0.00,5.17,0.00,0.14,0.00,1.0,95830.0,95350.0,0.0,0.0,0.5,0.0,64.133,0.000,0.0,613609.5
2026-09-09T00:58:59,0.0,4369,1547350,1531820,0.3,0.00,2.35,0.00,20.13,0.00,0.05,0.01,1.0,95830.0,95350.0,0.0,0.0,0.5,0.0,64.129,0.000,0.0,615526.0
2026-09-09T00:59:07,0.1,4371,1547350,1531818,0.3,0.00,1.20,0.00,5.30,0.00,0.10,0.00,1.0,95830.0,95350.0,0.0,0.0,0.5,0.0,64.114,0.000,0.0,676787.5
2026-09-09T00:59:16,0.0,4365,1547350,1531824,0.3,0.00,0.72,0.00,2.90,0.00,0.17,0.00,1.0,95830.0,95350.0,0.0,0.0,0.5,0.0,64.130,0.000,0.0,626254.0
2026-09-09T00:59:19,0.1,4366,1547350,1531824,0.3,0.00,1.23,0.00,4.94,0.00,0.00,0.00,1.0,95830.0,95350.0,0.0,0.0,0.5,0.0,64.141,0.000,0.0,728931.5
2026-09-09T00:59:20,0.2,4366,1547350,1531824,0.3,0.00,1.36,0.00,5.44,0.00,0.00,0.00,1.0,95830.0,95350.0,0.0,0.0,0.5,0.0,64.115,0.000,0.0,731268.0
2026-09-09T00:59:22,0.2,4365,1547350,1531824,0.3,0.00,1.48,0.00,5.92,0.00,0.00,0.07,1.0,95830.0,95350.0,0.0,0.0,0.5,0.0,64.130,0.000,0.0,761620.5
2026-09-09T00:59:23,0.2,4364,1547350,1531826,0.3,0.00,3.16,0.00,12.64,0.00,0.00,0.00,1.0,95830.0,95350.0,0.0,0.0,0.5,0.0,64.111,0.000,0.0,702021.0
2026-09-09T00:59:25,0.1,4364,1547350,1531826,0.3,0.00,2.39,0.00,14.60,0.00,0.20,0.00,1.0,95830.0,95350.0,0.0,0.0,0.5,0.0,64.121,0.000,0.0,686779.5
2026-09-09T00:59:27,0.1,4364,1547350,1531826,0.3,0.00,1.03,0.00,4.14,0.00,0.00,0.00,1.0,95830.0,95350.0,0.0,0.0,0.5,0.0,64.136,0.000,0.0,721251.5
2026-09-09T00:59:29,0.2,4364,1547350,1531826,0.3,0.00,1.39,0.00,5.58,0.00,0.00,0.00,1.0,95830.0,95350.0,0.0,0.0,0.5,0.0,64.123,0.000,0.0,749284.0
2026-09-09T00:59:30,0.1,4363,1547350,1531826,0.3,0.00,2.34,0.00,9.37,0.00,0.00,0.00,1.0,95830.0,95350.0,0.0,0.0,0.5,0.0,64.126,0.000,0.0,705553.0
2026-09-09T00:59:32,0.2,4362,1547350,1531827,0.3,0.00,1.22,0.00,4.87,0.00,0.00,0.00,1.0,95830.0,95350.0,0.0,0.0,0.5,0.0,64.137,0.000,0.0,716037.0
2026-09-09T00:59:34,0.1,4364,1547350,1531825,0.3,0.00,1.13,0.00,4.52,0.00,0.00,0.00,1.0,95830.0,95350.0,0.0,0.0,0.5,0.0,64.134,0.000,0.0,704830.0
2026-09-09T00:59:36,0.1,4364,1547350,1531825,0.3,0.00,2.12,0.00,8.46,0.00,0.00,0.00,1.0,95830.0,95350.0,0.0,0.0,0.5,0.0,64.150,0.000,0.0,775633.0
2026-09-09T00:59:37,0.2,4364,1547350,1531825,0.3,0.00,1.54,0.00,6.14,0.00,0.00,0.00,1.0,95830.0,95350.0,0.0,0.0,0.5,0.0,64.118,0.000,0.0,752612.0
2026-09-09T00:59:38,0.2,4364,1547350,1531825,0.3,0.00,1.62,0.00,6.50,0.00,0.50,0.08,1.0,95830.0,95350.0,0.0,0.0,0.5,0.0,64.142,0.000,0.0,722025.5
2026-09-09T00:59:40,0.1,4364,1547350,1531825,0.3,0.00,2.27,0.00,9.09,0.00,0.00,0.00,1.0,95830.0,95350.0,0.0,0.0,0.5,0.0,64.145,0.000,0.0,712009.0
2026-09-09T00:59:42,0.1,4364,1547350,1531825,0.3,0.00,1.26,0.00,5.04,0.00,0.00,0.00,1.0,95830.0,95350.0,0.0,0.0,0.5,0.0,64.121,0.000,0.0,708645.5
2026-09-09T00:59:44,0.1,4365,1547350,1531824,0.3,0.00,1.01,0.00,4.02,0.00,0.00,0.00,1.0,95830.0,95350.0,0.0,0.0,0.5,0.0,64.143,0.000,0.0,704924.5
2026-09-09T00:59:45,0.2,4364,1547350,1531825,0.3,0.00,3.31,0.00,16.53,0.00,0.00,0.00,1.0,95830.0,95350.0,0.0,0.0,0.5,0.0,64.141,0.000,0.0,795328.5
2026-09-09T00:59:47,0.1,4365,1547350,1531824,0.3,0.00,1.14,0.00,4.57,0.00,0.00,0.00,1.0,95830.0,95350.0,0.0,0.0,0.5,0.0,64.136,0.000,0.0,709216.0
2026-09-09T00:59:48,0.1,4367,1547350,1531822,0.3,0.00,1.02,0.00,4.09,0.00,0.00,0.05,1.0,95830.0,95350.0,0.0,0.0,0.5,0.0,64.139,0.000,0.0,701726.0
2026-09-09T00:59:50,0.1,4366,1547350,1531823,0.3,0.00,1.16,0.00,4.64,0.00,0.00,0.00,1.0,95830.0,95350.0,0.0,0.0,0.5,0.0,64.122,0.000,0.0,701726.0
2026-09-09T00:59:51,0.2,4366,1547350,1531823,0.3,0.00,5.66,0.00,22.65,0.00,0.20,0.00,1.0,95830.0,95350.0,0.0,0.0,0.5,0.0,64.124,0.000,0.0,661955.0
2026-09-09T00:59:53,0.1,4366,1547350,1531823,0.3,0.00,1.01,0.00,4.05,0.00,0.00,0.00,1.0,95830.0,95350.0,0.0,0.0,0.5,0.0,64.118,0.000,0.0,661955.0
2026-09-09T00:59:54,0.2,4365,1547350,1531824,0.3,0.00,3.48,0.00,13.91,0.00,0.00,0.00,1.0,95830.0,95350.0,0.0,0.0,0.5,0.0,64.102,0.000,0.0,767366.5
2026-09-09T00:59:54,0.3,4367,1547350,1531822,0.3,0.00,4.52,0.00,18.10,0.00,0.00,0.00,1.0,95830.0,95350.0,0.0,0.0,0.5,0.0,64.120,0.000,0.0,671161.0
2026-09-09T00:59:55,0.2,4368,1547350,1531822,0.3,0.00,12.45,0.00,121.16,0.00,0.12,0.00,1.0,95830.0,95350.0,0.0,0.0,0.5,0.0,64.131,0.000,0.0,651058.5
2026-09-09T00:59:57,0.1,4369,1547350,1531820,0.3,0.00,1.10,0.00,4.38,0.00,0.00,0.00,1.0,95830.0,95350.0,0.0,0.0,0.5,0.0,64.106,0.000,0.0,651058.5
2026-09-09T00:59:58,0.3,4369,1547350,1531820,0.3,0.00,7.86,0.00,31.43,0.00,0.00,0.00,1.0,95830.0,95350.0,0.0,0.0,0.5,0.0,64.114,0.000,0.0,704976.0
2026-09-09T01:00:00,0.1,4370,1547350,1531820,0.3,0.00,1.00,0.00,4.02,0.00,0.00,0.00,1.0,95830.0,95350.0,0.0,0.0,0.5,0.0,64.140,0.000,0.0,671357.0
2026-09-09T01:00:01,0.2,4374,1547350,1531815,0.3,0.00,1.21,0.00,4.83,0.00,0.00,0.00,1.0,95830.0,95350.0,0.0,0.0,0.5,0.0,64.129,0.000,0.0,670724.5
2026-09-09T01:00:04,0.1,4379,1547350,1531810,0.3,0.00,4.53,0.00,18.13,0.00,0.10,0.00,1.0,95830.0,95350.0,0.0,0.0,0.5,0.0,64.129,0.000,0.0,678286.5
2026-09-09T01:00:05,0.2,4380,1547350,1531809,0.3,0.00,1.43,0.00,5.71,0.00,0.00,0.00,1.0,95830.0,95350.0,0.0,0.0,0.5,0.0,64.119,0.000,0.0,678286.5
2026-09-09T01:00:05,0.3,4381,1547350,1531808,0.3,0.00,4.81,0.00,19.23,0.00,0.00,0.00,1.0,95830.0,95350.0,0.0,0.0,0.5,0.0,64.141,0.000,0.0,752766.5
2026-09-09T01:00:07,0.2,4381,1547350,1531808,0.3,0.00,1.92,0.00,7.68,0.00,0.00,0.10,1.0,95830.0,95350.0,0.0,0.0,0.5,0.0,64.140,0.000,0.0,636579.5
2026-09-09T01:00:10,0.1,4381,1547350,1531809,0.3,0.00,1.27,0.00,5.08,0.00,0.00,0.00,1.0,95830.0,95350.0,0.0,0.0,0.5,0.0,64.105,0.000,0.0,646432.5
2026-09-09T01:00:11,0.2,4378,1547350,1531811,0.3,0.00,1.15,0.00,4.61,0.00,0.00,0.00,1.0,95830.0,95350.0,0.0,0.0,0.5,0.0,64.127,0.000,0.0,661569.5
2026-09-09T01:00:13,0.1,4378,1547350,1531811,0.3,0.00,1.24,0.00,4.98,0.00,0.00,0.00,1.0,95830.0,95350.0,0.0,0.0,0.5,0.0,64.120,0.000,0.0,651444.0
2026-09-09T01:00:15,0.1,4379,1547350,1531810,0.3,0.00,2.83,0.00,11.31,0.00,0.17,0.05,1.0,95830.0,95350.0,0.0,0.0,0.5,0.0,64.132,0.000,0.0,686288.0
2026-09-09T01:00:17,0.2,4378,1547350,1531812,0.3,0.00,1.20,0.00,4.79,0.00,0.00,0.00,1.0,95830.0,95350.0,0.0,0.0,0.5,0.0,64.116,0.000,0.0,703931.0
2026-09-09T01:00:18,0.2,4378,1547350,1531811,0.3,0.00,1.20,0.00,4.82,0.00,0.00,0.00,1.0,95830.0,95350.0,0.0,0.0,0.5,0.0,64.146,0.000,0.0,667726.5
2026-09-09T01:00:20,0.1,4378,1547350,1531811,0.3,0.00,2.79,0.00,11.15,0.00,0.00,0.00,1.0,95830.0,95350.0,0.0,0.0,0.5,0.0,64.121,0.000,0.0,644064.0
2026-09-09T01:00:23,0.1,4378,1547350,1531811,0.3,0.00,0.75,0.00,2.99,0.00,0.50,0.04,1.0,95830.0,95350.0,0.0,0.0,0.5,0.0,64.144,0.000,0.0,630941.5
2026-09-09T01:00:25,0.1,4379,1547350,1531810,0.3,0.00,2.04,0.00,8.14,0.00,0.00,0.00,1.0,95830.0,95350.0,0.0,0.0,0.5,0.0,64.160,0.000,0.0,654059.0
2026-09-09T01:00:27,0.2,4381,1547350,1531808,0.3,0.00,2.60,0.00,21.06,0.00,0.00,0.00,1.0,95830.0,95350.0,0.0,0.0,0.5,0.0,64.135,0.000,0.0,651572.0
2026-09-09T01:00:28,0.1,4382,1547350,1531807,0.3,0.00,1.30,0.00,5.22,0.00,0.00,0.00,1.0,95830.0,95350.0,0.0,0.0,0.5,0.0,64.120,0.000,0.0,648699.5
2026-09-09T01:00:30,0.1,4381,1547350,1531808,0.3,0.00,1.02,0.00,4.10,0.00,0.00,0.00,1.0,95830.0,95350.0,0.0,0.0,0.5,0.0,64.112,0.000,0.0,648699.5
2026-09-09T01:00:31,0.2,4383,1547350,1531806,0.3,0.00,5.03,0.00,20.13,0.00,0.00,0.13,1.0,95830.0,95350.0,0.0,0.0,0.5,0.0,64.120,0.000,0.0,681483.5
2026-09-09T01:00:34,0.1,4385,1547350,1531804,0.3,0.00,0.82,0.00,3.29,0.00,0.50,0.00,1.0,95830.0,95350.0,0.0,0.0,0.5,0.0,64.118,0.000,0.0,753480.5
2026-09-09T01:00:35,0.2,4387,1547350,1531802,0.3,0.00,2.34,0.00,9.36,0.00,0.00,0.00,1.0,95830.0,95350.0,0.0,0.0,0.5,0.0,64.115,0.000,0.0,665489.5
2026-09-09T01:00:36,0.1,4386,1547350,1531803,0.3,0.00,1.07,0.00,4.26,0.00,0.00,0.00,1.0,95830.0,95350.0,0.0,0.0,0.5,0.0,64.145,0.000,0.0,699771.5
2026-09-09T01:00:39,0.1,4389,1547350,1531800,0.3,0.00,1.78,0.00,7.13,0.00,0.00,0.00,1.0,95830.0,95350.0,0.0,0.0,0.5,0.0,64.124,0.000,0.0,719025.5
2026-09-09T01:00:40,0.2,4391,1547350,1531798,0.3,0.00,1.08,0.00,4.31,0.00,0.00,0.00,1.0,95830.0,95350.0,0.0,0.0,0.5,0.0,64.141,0.000,0.0,683969.5
2026-09-09T01:00:43,0.1,4392,1547350,1531797,0.3,0.00,1.52,0.00,6.10,0.00,0.00,0.00,1.0,95830.0,95350.0,0.0,0.0,0.5,0.0,64.159,0.000,0.0,679110.0
2026-09-09T01:00:45,0.1,4393,1547350,1531796,0.3,0.00,1.04,0.00,4.15,0.00,0.00,0.00,1.0,95830.0,95350.0,0.0,0.0,0.5,0.0,64.120,0.000,0.0,677830.0
2026-09-09T01:00:47,0.1,4395,1547350,1531794,0.3,0.00,0.82,0.00,3.27,0.00,0.00,0.00,1.0,95830.0,95350.0,0.0,0.0,0.5,0.0,64.153,0.000,0.0,726771.0
2026-09-09T01:00:49,0.1,4397,1547350,1531792,0.3,0.00,2.33,0.00,13.96,0.00,0.25,0.00,1.0,95830.0,95350.0,0.0,0.0,0.5,0.0,64.147,0.000,0.0,749182.0
2026-09-09T01:00:51,0.1,4400,1547350,1531789,0.3,0.00,0.94,0.00,3.77,0.00,0.00,0.00,1.0,95830.0,95350.0,0.0,0.0,0.5,0.0,64.144,0.000,0.0,688539.5
2026-09-09T01:00:53,0.1,4400,1547350,1531789,0.3,0.00,1.38,0.00,5.51,0.00,0.00,0.00,1.0,95830.0,95350.0,0.0,0.0,0.5,0.0,64.163,0.000,0.0,692582.5
2026-09-09T01:00:55,0.1,4403,1547350,1531786,0.3,0.00,6.85,0.00,55.79,0.00,0.06,0.00,1.0,95830.0,95350.0,0.0,0.0,0.5,0.0,64.151,0.000,0.0,635733.5
2026-09-09T01:00:59,0.2,4407,1547350,1531782,0.3,0.00,0.63,0.00,2.53,0.00,0.00,0.00,1.0,95830.0,95350.0,0.0,0.0,0.5,0.0,64.150,0.000,0.0,627964.5
2026-09-09T01:01:01,0.2,4416,1547350,1531773,0.3,0.00,4.16,0.00,18.30,0.00,0.10,0.00,1.0,95830.0,95350.0,0.0,0.0,0.5,0.0,64.131,0.000,0.0,649389.5
2026-09-09T01:01:03,0.2,4418,1547350,1531771,0.3,0.00,0.93,0.00,3.70,0.00,0.00,0.00,1.0,95830.0,95350.0,0.0,0.0,0.5,0.0,64.150,0.000,0.0,649389.5
2026-09-09T01:01:04,0.2,4418,1547350,1531772,0.3,0.00,2.46,0.00,9.85,0.00,0.00,0.00,1.0,95830.0,95350.0,0.0,0.0,0.5,0.0,64.124,0.000,0.0,770035.5
2026-09-09T01:01:06,0.1,4418,1547350,1531772,0.3,0.00,2.34,0.00,9.34,0.00,0.25,0.00,1.0,95830.0,95350.0,0.0,0.0,0.5,0.0,64.159,0.000,0.0,630674.0
2026-09-09T01:01:09,0.1,4418,1547350,1531771,0.3,0.00,0.61,0.00,2.42,0.00,0.00,0.00,1.0,95830.0,95350.0,0.0,0.0,0.5,0.0,64.142,0.000,0.0,639289.5
2026-09-09T01:01:11,0.2,4417,1547350,1531772,0.3,0.00,3.14,0.00,12.58,0.00,0.00,0.00,1.0,95830.0,95350.0,0.0,0.0,0.5,0.0,64.161,0.000,0.0,649706.0
2026-09-09T01:01:13,0.1,4420,1547350,1531770,0.3,0.00,0.91,0.00,3.64,0.00,0.00,0.00,1.0,95830.0,95350.0,0.0,0.0,0.5,0.0,64.131,0.000,0.0,651274.5
2026-09-09T01:01:15,0.1,4424,1547350,1531766,0.3,0.00,0.99,0.00,3.95,0.00,0.00,0.00,1.0,95830.0,95350.0,0.0,0.0,0.5,0.0,64.124,0.000,0.0,637355.0
2026-09-09T01:01:17,0.1,4422,1547350,1531767,0.3,0.00,1.76,0.00,7.06,0.00,0.25,0.00,1.0,95830.0,95350.0,0.0,0.0,0.5,0.0,64.135,0.000,0.0,657277.5
2026-09-09T01:01:19,0.1,4423,1547350,1531767,0.3,0.00,1.39,0.00,5.57,0.00,0.00,0.00,1.0,95830.0,95350.0,0.0,0.0,0.5,0.0,64.130,0.000,0.0,682941.5
2026-09-09T01:01:20,0.1,4423,1547350,1531766,0.3,0.00,1.24,0.00,4.95,0.00,0.00,0.06,1.0,95830.0,95350.0,0.0,0.0,0.5,0.0,64.161,0.000,0.0,658106.0
2026-09-09T01:01:24,0.1,4424,1547350,1531766,0.3,0.00,1.33,0.00,5.32,0.00,0.00,0.00,1.0,95830.0,95350.0,0.0,0.0,0.5,0.0,64.168,0.000,0.0,651578.5
2026-09-09T01:01:26,0.1,4424,1547350,1531766,0.3,0.00,7.42,0.00,40.09,0.00,0.10,0.00,1.0,95830.0,95350.0,0.0,0.0,0.5,0.0,64.163,0.000,0.0,648820.5
2026-09-09T01:01:27,0.1,4423,1547350,1531766,0.3,0.00,1.06,0.00,4.23,0.00,0.00,0.00,1.0,95830.0,95350.0,0.0,0.0,0.5,0.0,64.136,0.000,0.0,643507.5
2026-09-09T01:01:30,0.1,4423,1547350,1531766,0.3,0.00,1.85,0.00,7.40,0.00,0.00,0.00,1.0,95830.0,95350.0,0.0,0.0,0.5,0.0,64.140,0.000,0.0,656163.5
2026-09-09T01:01:31,0.1,4423,1547350,1531766,0.3,0.00,1.21,0.00,4.84,0.00,0.00,0.00,1.0,95830.0,95350.0,0.0,0.0,0.5,0.0,64.148,0.000,0.0,669384.5
2026-09-09T01:01:33,0.2,4423,1547350,1531766,0.3,0.00,1.43,0.00,5.72,0.00,0.00,0.00,1.0,95830.0,95350.0,0.0,0.0,0.5,0.0,64.156,0.000,0.0,669384.5
2026-09-09T01:01:34,0.4,4427,1547350,1531763,0.3,0.00,1.71,0.00,6.86,0.00,0.00,0.00,1.0,95830.0,95350.0,0.0,0.0,0.5,0.0,64.154,0.000,0.0,665777.5
2026-09-09T01:01:35,0.2,4432,1547350,1531757,0.3,0.00,2.40,0.00,9.59,0.00,0.00,0.00,1.0,95830.0,95350.0,0.0,0.0,0.5,0.0,64.144,0.000,0.0,798233.0
2026-09-09T01:01:37,0.2,4431,1547350,1531758,0.3,0.00,1.92,0.00,7.67,0.00,0.50,0.00,1.0,95830.0,95350.0,0.0,0.0,0.5,0.0,64.162,0.000,0.0,798233.0
2026-09-09T01:01:37,0.2,4434,1547350,1531756,0.3,0.00,5.26,0.00,21.05,0.00,0.00,0.00,1.0,95830.0,95350.0,0.0,0.0,0.5,0.0,64.141,0.000,0.0,630615.0
2026-09-09T01:01:43,0.2,4435,1547350,1531754,0.3,0.00,0.35,0.00,1.41,0.00,0.00,0.00,1.0,95830.0,95350.0,0.0,0.0,0.5,0.0,64.159,0.000,0.0,641506.0
2026-09-09T01:01:45,0.1,4436,1547350,1531753,0.3,0.00,0.82,0.00,3.28,0.00,0.00,0.04,1.0,95830.0,95350.0,0.0,0.0,0.5,0.0,64.163,0.000,0.0,674074.0
2026-09-09T01:01:47,0.2,4438,1547350,1531751,0.3,0.00,3.05,0.00,12.20,0.00,0.00,0.00,1.0,95830.0,95350.0,0.0,0.0,0.5,0.0,64.184,0.000,0.0,660519.5
2026-09-09T01:01:48,0.2,4438,1547350,1531751,0.3,0.00,1.33,0.00,5.31,0.00,0.00,0.00,1.0,95830.0,95350.0,0.0,0.0,0.5,0.0,64.166,0.000,0.0,688978.0
2026-09-09T01:01:50,0.2,4439,1547350,1531750,0.3,0.00,1.39,0.00,5.58,0.00,0.00,0.00,1.0,95830.0,95350.0,0.0,0.0,0.5,0.0,64.181,0.000,0.0,657823.0
2026-09-09T01:01:51,0.2,4440,1547350,1531749,0.3,0.00,1.19,0.00,4.78,0.00,0.00,0.00,1.0,95830.0,95350.0,0.0,0.0,0.5,0.0,64.147,0.000,0.0,641675.5
2026-09-09T01:01:54,0.1,4441,1547350,1531748,0.3,0.00,1.78,0.00,10.70,0.00,0.25,0.00,1.0,95830.0,95350.0,0.0,0.0,0.5,0.0,64.178,0.000,0.0,655637.0
2026-09-09T01:01:55,0.2,4441,1547350,1531748,0.3,0.00,1.29,0.00,5.14,0.00,0.00,0.00,1.0,95830.0,95350.0,0.0,0.0,0.5,0.0,64.177,0.000,0.0,655637.0
2026-09-09T01:01:56,0.2,4441,1547350,1531748,0.3,0.00,22.56,0.00,203.01,0.00,0.10,0.11,1.0,95830.0,95350.0,0.0,0.0,0.5,0.0,64.163,0.000,0.0,686956.0
2026-09-09T01:01:57,0.1,4441,1547350,1531748,0.3,0.00,1.38,0.00,5.51,0.00,0.00,0.00,1.0,95830.0,95350.0,0.0,0.0,0.5,0.0,64.159,0.000,0.0,654499.0
2026-09-09T01:01:59,0.2,4441,1547350,1531748,0.3,0.00,2.70,0.00,10.82,0.00,0.20,0.00,1.0,95830.0,95350.0,0.0,0.0,0.5,0.0,64.153,0.000,0.0,691852.5
2026-09-09T01:02:00,0.2,4448,1547350,1531741,0.3,0.00,2.34,0.00,9.37,0.00,0.00,0.00,1.0,95830.0,95350.0,0.0,0.0,0.5,0.0,64.156,0.000,0.0,655756.5
2026-09-09T01:02:02,0.2,4447,1547350,1531742,0.3,0.00,1.07,0.00,4.27,0.00,0.00,0.00,1.0,95830.0,95350.0,0.0,0.0,0.5,0.0,64.145,0.000,0.0,638651.5
2026-09-09T01:02:04,0.1,4448,1547350,1531741,0.3,0.00,0.95,0.00,3.80,0.00,0.00,0.05,1.0,95830.0,95350.0,0.0,0.0,0.5,0.0,64.183,0.000,0.0,638651.5
2026-09-09T01:02:05,0.2,4448,1547350,1531741,0.3,0.00,14.64,0.00,58.57,0.00,0.10,0.00,1.0,95830.0,95350.0,0.0,0.0,0.5,0.0,64.169,0.000,0.0,765515.5
2026-09-09T01:02:05,0.2,4449,1547350,1531741,0.3,0.00,3.04,0.00,12.16,0.00,0.00,0.00,1.0,95830.0,95350.0,0.0,0.0,0.5,0.0,64.136,0.000,0.0,665381.0
2026-09-09T01:02:07,0.2,4450,1547350,1531739,0.3,0.00,1.07,0.00,4.29,0.00,0.00,0.00,1.0,95830.0,95350.0,0.0,0.0,0.5,0.0,64.172,0.000,0.0,659326.5
2026-09-09T01:02:10,0.1,4450,1547350,1531739,0.3,0.00,1.61,0.00,6.45,0.00,0.00,0.00,1.0,95830.0,95350.0,0.0,0.0,0.5,0.0,64.154,0.000,0.0,653595.0
2026-09-09T01:02:11,0.2,4447,1547350,1531742,0.3,0.00,1.33,0.00,5.31,0.00,0.00,0.00,1.0,95830.0,95350.0,0.0,0.0,0.5,0.0,64.189,0.000,0.0,725228.0
2026-09-09T01:02:13,0.2,4447,1547350,1531743,0.3,0.00,1.17,0.00,4.69,0.00,0.00,0.00,1.0,95830.0,95350.0,0.0,0.0,0.5,0.0,64.202,0.000,0.0,655877.0
2026-09-09T01:02:15,0.2,4447,1547350,1531742,0.3,0.00,1.09,0.00,4.36,0.00,0.00,0.00,1.0,95830.0,95350.0,0.0,0.0,0.5,0.0,64.181,0.000,0.0,655877.0
2026-09-09T01:02:16,0.2,4447,1547350,1531742,0.3,0.00,5.73,0.00,26.72,0.00,0.17,0.00,1.0,95830.0,95350.0,0.0,0.0,0.5,0.0,64.188,0.000,0.0,665604.0
2026-09-09T01:02:18,0.1,4449,1547350,1531741,0.3,0.00,0.84,0.00,3.34,0.00,0.00,0.00,1.0,95830.0,95350.0,0.0,0.0,0.5,0.0,64.149,0.000,0.0,648534.0
2026-09-09T01:02:20,0.1,4449,1547350,1531740,0.3,0.00,1.93,0.00,7.71,0.00,0.00,0.00,1.0,95830.0,95350.0,0.0,0.0,0.5,0.0,64.169,0.000,0.0,653886.0
2026-09-09T01:02:22,0.2,4450,1547350,1531740,0.3,0.00,1.02,0.00,4.09,0.00,0.00,0.00,1.0,95830.0,95350.0,0.0,0.0,0.5,0.0,64.200,0.000,0.0,648970.0
2026-09-09T01:02:24,0.2,4449,1547350,1531741,0.3,0.00,1.02,0.00,4.09,0.00,0.00,0.00,1.0,95830.0,95350.0,0.0,0.0,0.5,0.0,64.189,0.000,0.0,658934.0
2026-09-09T01:02:27,0.1,4450,1547350,1531740,0.3,0.00,3.31,0.00,21.71,0.00,0.12,0.00,1.0,95830.0,95350.0,0.0,0.0,0.5,0.0,64.189,0.000,0.0,670013.0
2026-09-09T01:02:28,0.2,4449,1547350,1531740,0.3,0.00,1.41,0.00,5.65,0.00,0.00,0.00,1.0,95830.0,95350.0,0.0,0.0,0.5,0.0,64.203,0.000,0.0,685507.0
2026-09-09T01:02:31,0.1,4450,1547350,1531740,0.3,0.00,0.70,0.00,2.79,0.00,0.00,0.00,1.0,95830.0,95350.0,0.0,0.0,0.5,0.0,64.174,0.000,0.0,652684.0
2026-09-09T01:02:33,0.1,4449,1547350,1531740,0.3,0.00,2.66,0.00,10.64,0.00,0.00,0.00,1.0,95830.0,95350.0,0.0,0.0,0.5,0.0,64.204,0.000,0.0,648315.0
2026-09-09T01:02:35,0.1,4450,1547350,1531739,0.3,0.00,0.94,0.00,3.75,0.00,0.00,0.00,1.0,95830.0,95350.0,0.0,0.0,0.5,0.0,64.154,0.000,0.0,670410.5
2026-09-09T01:02:36,0.2,4450,1547350,1531739,0.3,0.00,1.73,0.00,6.90,0.00,0.50,0.00,1.0,95830.0,95350.0,0.0,0.0,0.5,0.0,64.165,0.000,0.0,702897.5
2026-09-09T01:02:38,0.2,4450,1547350,1531739,0.3,0.00,2.35,0.00,9.41,0.00,0.00,0.00,1.0,95830.0,95350.0,0.0,0.0,0.5,0.0,64.178,0.000,0.0,702897.5
2026-09-09T01:02:38,0.2,4451,1547350,1531738,0.3,0.00,2.15,0.00,8.58,0.00,0.00,0.00,1.0,95830.0,95350.0,0.0,0.0,0.5,0.0,64.209,0.000,0.0,675300.5
2026-09-09T01:02:40,0.1,4452,1547350,1531737,0.3,0.00,1.24,0.00,4.96,0.00,0.00,0.00,1.0,95830.0,95350.0,0.0,0.0,0.5,0.0,64.144,0.000,0.0,648923.0
2026-09-09T01:02:42,0.1,4452,1547350,1531738,0.3,0.00,1.08,0.00,4.32,0.00,0.00,0.00,1.0,95830.0,95350.0,0.0,0.0,0.5,0.0,64.199,0.000,0.0,644435.0
2026-09-09T01:02:44,0.1,4450,1547350,1531740,0.3,0.00,2.02,0.00,8.09,0.00,0.00,0.00,1.0,95830.0,95350.0,0.0,0.0,0.5,0.0,64.163,0.000,0.0,673697.0
2026-09-09T01:02:45,0.2,4450,1547350,1531739,0.3,0.00,1.73,0.00,6.93,0.00,0.00,0.00,1.0,95830.0,95350.0,0.0,0.0,0.5,0.0,64.182,0.000,0.0,663752.5
2026-09-09T01:02:47,0.4,4545,1547350,1531644,0.3,0.00,1.08,0.00,4.32,0.00,0.00,0.00,4.0,95830.0,95347.0,0.0,0.0,0.5,0.0,64.245,0.000,0.0,8089913.0
2026-09-09T01:02:48,0.1,4546,1547350,1531643,0.3,0.00,1.49,0.00,5.97,0.00,0.00,0.00,4.0,95830.0,95347.0,0.0,0.0,0.5,0.0,64.210,0.000,0.0,8089913.0
2026-09-09T01:02:49,0.2,4546,1547350,1531643,0.3,0.00,2.79,0.00,11.14,0.00,0.50,0.14,4.0,95830.0,95347.0,0.0,0.0,0.5,0.0,64.178,0.000,0.0,696275.0
2026-09-09T01:02:50,0.2,4548,1547350,1531642,0.3,0.00,2.80,0.00,11.20,0.00,0.00,0.00,4.0,95830.0,95347.0,0.0,0.0,0.5,0.0,64.213,0.000,0.0,638809.5
2026-09-09T01:02:53,0.1,4549,1547350,1531640,0.3,0.00,1.67,0.00,8.03,0.00,0.00,0.00,4.0,95830.0,95347.0,0.0,0.0,0.5,0.0,64.198,0.000,0.0,650312.5
2026-09-09T01:02:56,0.2,4551,1547350,1531638,0.3,0.00,0.91,0.00,3.62,0.00,0.00,0.00,4.0,95830.0,95347.0,0.0,0.0,0.5,0.0,64.204,0.000,0.0,646097.5
2026-09-09T01:02:57,0.2,4557,1547350,1531632,0.3,0.00,9.61,0.00,89.11,0.00,0.11,0.00,4.0,95830.0,95347.0,0.0,0.0,0.5,0.0,64.213,0.000,0.0,674864.0
2026-09-09T01:03:00,0.1,4560,1547350,1531629,0.3,0.00,1.90,0.00,7.58,0.00,0.00,0.00,4.0,95830.0,95347.0,0.0,0.0,0.5,0.0,64.263,0.000,0.0,686939.0
2026-09-09T01:03:02,0.2,4665,1547350,1531516,0.3,0.00,0.86,0.00,3.42,0.00,0.00,0.00,1136.0,95830.0,94216.0,0.0,0.0,0.5,0.0,78.975,0.001,0.0,8425099.0
2026-09-09T01:03:05,0.3,4798,1547350,1531372,0.3,0.00,3.64,0.00,14.56,0.00,0.10,0.00,1136.0,95830.0,94216.0,0.0,0.0,0.5,0.0,93.208,0.001,0.0,5114047.5
2026-09-09T01:03:07,0.2,4807,1547350,1531362,0.3,0.00,0.92,0.00,3.67,0.00,0.00,0.00,1136.0,95830.0,94216.0,0.0,0.0,0.5,0.0,93.346,0.000,0.0,687029.0
2026-09-09T01:03:10,0.1,4811,1547350,1531358,0.3,0.00,0.89,0.00,3.57,0.00,0.00,0.00,1136.0,95830.0,94216.0,0.0,0.0,0.5,0.0,93.394,0.000,0.0,696641.0
2026-09-09T01:03:11,0.2,4811,1547350,1531359,0.3,0.00,3.57,0.00,14.30,0.00,0.00,0.00,1136.0,95830.0,94216.0,0.0,0.0,0.5,0.0,93.451,0.000,0.0,696641.0
2026-09-09T01:03:11,0.2,4810,1547350,1531360,0.3,0.00,3.27,0.00,13.09,0.00,0.00,0.00,1136.0,95830.0,94216.0,0.0,0.0,0.5,0.0,93.489,0.000,0.0,745698.0
2026-09-09T01:03:12,0.2,4810,1547350,1531359,0.3,0.00,3.43,0.00,13.72,0.00,0.00,0.00,1136.0,95830.0,94216.0,0.0,0.0,0.5,0.0,93.506,0.000,0.0,745698.0
2026-09-09T01:03:13,0.2,4812,1547350,1531358,0.3,0.00,2.19,0.00,8.74,0.00,0.50,0.22,1136.0,95830.0,94216.0,0.0,0.0,0.5,0.0,93.531,0.000,0.0,716854.0
2026-09-09T01:03:13,0.3,4811,1547350,1531358,0.3,0.00,4.40,0.00,17.58,0.00,0.00,0.00,1136.0,95830.0,94216.0,0.0,0.0,0.5,0.0,93.583,0.000,0.0,672282.0
2026-09-09T01:03:14,0.2,4812,1547350,1531357,0.3,0.00,1.72,0.00,6.90,0.00,0.00,0.00,1136.0,95830.0,94216.0,0.0,0.0,0.5,0.0,93.630,0.000,0.0,659335.5
2026-09-09T01:03:16,0.2,4813,1547350,1531357,0.3,0.00,1.50,0.00,6.00,0.00,0.00,0.00,1136.0,95830.0,94216.0,0.0,0.0,0.5,0.0,93.603,0.000,0.0,659335.5
2026-09-09T01:03:17,0.2,4814,1547350,1531355,0.3,0.00,6.85,0.00,27.40,0.00,0.00,0.00,1136.0,95830.0,94216.0,0.0,0.0,0.5,0.0,93.626,0.000,0.0,728199.5
2026-09-09T01:03:17,0.2,4812,1547350,1531357,0.3,0.00,3.41,0.00,13.63,0.00,0.00,0.00,1136.0,95830.0,94216.0,0.0,0.0,0.5,0.0,93.630,0.000,0.0,651271.5
2026-09-09T01:03:19,0.1,4812,1547350,1531357,0.3,0.00,1.08,0.00,4.31,0.00,0.00,0.00,1136.0,95830.0,94216.0,0.0,0.0,0.5,0.0,93.678,0.000,0.0,682888.5
2026-09-09T01:03:20,0.2,4813,1547350,1531357,0.3,0.00,1.66,0.00,6.63,0.00,0.00,0.00,1136.0,95830.0,94216.0,0.0,0.0,0.5,0.0,93.679,0.000,0.0,682888.5
2026-09-09T01:03:21,0.2,4814,1547350,1531355,0.3,0.00,5.34,0.00,21.36,0.00,0.25,0.00,1136.0,95830.0,94216.0,0.0,0.0,0.5,0.0,93.731,0.000,0.0,668020.5
2026-09-09T01:03:23,1.7,4814,1547350,1531355,0.3,0.00,1.16,0.00,4.65,0.00,0.00,0.00,1136.0,95830.0,94216.0,0.0,0.0,0.5,0.0,93.784,0.000,0.0,661950.0
2026-09-09T01:03:24,0.1,4816,1547350,1531353,0.3,0.00,1.49,0.00,5.97,0.00,0.00,0.00,1136.0,95830.0,94216.0,0.0,0.0,0.5,0.0,93.864,0.000,0.0,646615.5
2026-09-09T01:03:26,0.1,4818,1547350,1531351,0.3,0.00,1.11,0.00,4.44,0.00,0.00,0.00,1136.0,95830.0,94216.0,0.0,0.0,0.5,0.0,93.837,0.000,0.0,669473.0
2026-09-09T01:03:27,0.2,4819,1547350,1531350,0.3,0.00,1.78,0.00,7.14,0.00,0.00,0.00,1136.0,95830.0,94216.0,0.0,0.0,0.5,0.0,93.892,0.000,0.0,669473.0
2026-09-09T01:03:28,0.2,4821,1547350,1531349,0.3,0.00,8.21,0.00,54.87,0.00,0.00,0.00,1136.0,95830.0,94216.0,0.0,0.0,0.5,0.0,93.959,0.000,0.0,655037.0
2026-09-09T01:03:30,0.1,4822,1547350,1531347,0.3,0.00,0.96,0.00,3.85,0.00,0.00,0.00,1136.0,95830.0,94216.0,0.0,0.0,0.5,0.0,93.960,0.000,0.0,655037.0
2026-09-09T01:03:31,0.2,4823,1547350,1531346,0.3,0.00,2.08,0.00,8.32,0.00,0.50,0.00,1136.0,95830.0,94216.0,0.0,0.0,0.5,0.0,94.005,0.000,0.0,713577.0
2026-09-09T01:03:32,0.2,4822,1547350,1531347,0.3,0.00,2.76,0.00,11.05,0.00,0.00,0.00,1136.0,95830.0,94216.0,0.0,0.0,0.5,0.0,93.981,0.000,0.0,657875.5
2026-09-09T01:03:33,0.2,4823,1547350,1531346,0.3,0.00,3.02,0.00,12.08,0.00,0.00,0.00,1136.0,95830.0,94216.0,0.0,0.0,0.5,0.0,94.121,0.000,0.0,632428.5
2026-09-09T01:03:35,0.1,4825,1547350,1531344,0.3,0.00,1.06,0.00,4.24,0.00,0.00,0.00,1136.0,95830.0,94216.0,0.0,0.0,0.5,0.0,94.124,0.000,0.0,679429.5
2026-09-09T01:03:36,0.2,4827,1547350,1531343,0.3,0.00,1.37,0.00,5.46,0.00,0.00,0.00,1136.0,95830.0,94216.0,0.0,0.0,0.5,0.0,94.165,0.000,0.0,664722.5
2026-09-09T01:03:38,0.1,4827,1547350,1531342,0.3,0.00,2.24,0.00,8.98,0.00,0.00,0.00,1136.0,95830.0,94216.0,0.0,0.0,0.5,0.0,94.209,0.000,0.0,653507.0
2026-09-09T01:03:40,0.1,4830,1547350,1531340,0.3,0.00,1.14,0.00,4.55,0.00,0.00,0.00,1136.0,95830.0,94216.0,0.0,0.0,0.5,0.0,94.183,0.000,0.0,647890.5
2026-09-09T01:03:42,0.1,4830,1547350,1531339,0.3,0.00,1.10,0.00,4.39,0.00,0.00,0.00,1136.0,95830.0,94216.0,0.0,0.0,0.5,0.0,94.269,0.000,0.0,669102.5
2026-09-09T01:03:43,0.2,4830,1547350,1531339,0.3,0.00,1.73,0.00,6.91,0.00,0.50,0.00,1136.0,95830.0,94216.0,0.0,0.0,0.5,0.0,94.284,0.000,0.0,675375.5
2026-09-09T01:03:44,0.2,4830,1547350,1531339,0.3,0.00,4.06,0.00,16.23,0.00,0.00,0.00,1136.0,95830.0,94216.0,0.0,0.0,0.5,0.0,94.243,0.000,0.0,668843.0
2026-09-09T01:03:45,0.2,4831,1547350,1531338,0.3,0.00,1.49,0.00,5.96,0.00,0.00,0.00,1136.0,95830.0,94216.0,0.0,0.0,0.5,0.0,94.266,0.000,0.0,668843.0
2026-09-09T01:03:46,0.3,4831,1547350,1531338,0.3,0.00,3.88,0.00,15.53,0.00,0.00,0.00,1136.0,95830.0,94216.0,0.0,0.0,0.5,0.0,94.331,0.000,0.0,771419.0
2026-09-09T01:03:47,0.2,4831,1547350,1531338,0.3,0.00,2.11,0.00,8.42,0.00,0.00,0.00,1136.0,95830.0,94216.0,0.0,0.0,0.5,0.0,94.377,0.000,0.0,659001.5
2026-09-09T01:03:48,0.1,4830,1547350,1531339,0.3,0.00,1.34,0.00,5.37,0.00,0.00,0.07,1136.0,95830.0,94216.0,0.0,0.0,0.5,0.0,94.380,0.000,0.0,659001.5
2026-09-09T01:03:49,0.2,4831,1547350,1531339,0.3,0.00,2.42,0.00,9.66,0.00,0.00,0.00,1136.0,95830.0,94216.0,0.0,0.0,0.5,0.0,94.410,0.000,0.0,676155.0
2026-09-09T01:03:50,0.2,4831,1547350,1531338,0.3,0.00,3.07,0.00,12.28,0.00,0.00,0.00,1136.0,95830.0,94216.0,0.0,0.0,0.5,0.0,94.442,0.000,0.0,631812.0
2026-09-09T01:03:52,0.1,4832,1547350,1531337,0.3,0.00,0.99,0.00,3.95,0.00,0.00,0.00,1136.0,95830.0,94216.0,0.0,0.0,0.5,0.0,94.454,0.000,0.0,665117.5
2026-09-09T01:03:54,0.1,4832,1547350,1531337,0.3,0.00,1.10,0.00,4.40,0.00,0.00,0.00,1136.0,95830.0,94216.0,0.0,0.0,0.5,0.0,94.582,0.000,0.0,639275.5
2026-09-09T01:03:57,0.1,4833,1547350,1531336,0.3,0.00,1.61,0.00,9.67,0.00,0.25,0.04,1136.0,95830.0,94216.0,0.0,0.0,0.5,0.0,94.596,0.000,0.0,636165.0
2026-09-09T01:03:59,0.1,4834,1547350,1531335,0.3,0.00,6.48,0.00,73.43,0.00,0.07,0.00,1136.0,95830.0,94216.0,0.0,0.0,0.5,0.0,94.634,0.000,0.0,640246.5
2026-09-09T01:04:01,0.2,4835,1547350,1531334,0.3,0.00,0.81,0.00,3.24,0.00,0.00,0.00,1136.0,95830.0,94216.0,0.0,0.0,0.5,0.0,94.656,0.000,0.0,637608.0
2026-09-09T01:04:03,0.1,4836,1547350,1531334,0.3,0.00,5.70,0.00,22.80,0.00,0.09,0.00,1136.0,95830.0,94216.0,0.0,0.0,0.5,0.0,94.656,0.000,0.0,654428.5
2026-09-09T01:04:05,0.2,4835,1547350,1531334,0.3,0.00,1.23,0.00,4.91,0.00,0.50,0.00,1136.0,95830.0,94216.0,0.0,0.0,0.5,0.0,94.660,0.000,0.0,704112.0
2026-09-09T01:04:07,0.1,4836,1547350,1531333,0.3,0.00,1.04,0.00,4.14,0.00,0.00,0.00,1136.0,95830.0,94216.0,0.0,0.0,0.5,0.0,94.688,0.000,0.0,657058.5
2026-09-09T01:04:08,0.2,4835,1547350,1531334,0.3,0.00,3.31,0.00,13.25,0.00,0.00,0.00,1136.0,95830.0,94216.0,0.0,0.0,0.5,0.0,94.746,0.000,0.0,643930.5
2026-09-09T01:04:11,0.1,4837,1547350,1531332,0.3,0.00,0.81,0.00,3.25,0.00,0.00,0.00,1136.0,95830.0,94216.0,0.0,0.0,0.5,0.0,94.777,0.000,0.0,684613.5
2026-09-09T01:04:12,0.2,4842,1547350,1531327,0.3,0.00,1.39,0.00,5.54,0.00,0.00,0.00,1136.0,95830.0,94216.0,0.0,0.0,0.5,0.0,94.793,0.000,0.0,681709.0
2026-09-09T01:04:13,0.2,4841,1547350,1531328,0.3,0.00,2.82,0.00,11.28,0.00,0.00,0.14,1136.0,95830.0,94216.0,0.0,0.0,0.5,0.0,94.827,0.000,0.0,681709.0
2026-09-09T01:04:14,0.2,5030,1547350,1531140,0.3,0.00,7.96,0.00,37.14,0.00,0.17,0.00,1136.0,95830.0,94216.0,0.0,0.0,0.5,0.0,94.894,0.000,0.0,651459.0
2026-09-09T01:04:16,0.1,5032,1547350,1531137,0.3,0.00,0.75,0.00,2.99,0.00,0.00,0.00,1136.0,95830.0,94216.0,0.0,0.0,0.5,0.0,94.929,0.000,0.0,636741.0
2026-09-09T01:04:19,0.1,5034,1547350,1531135,0.3,0.00,0.81,0.00,3.23,0.00,0.00,0.00,1136.0,95830.0,94216.0,0.0,0.0,0.5,0.0,94.941,0.000,0.0,636741.0
2026-09-09T01:04:20,0.2,5033,1547350,1531136,0.3,0.00,4.99,0.00,19.98,0.00,0.00,0.00,1136.0,95830.0,94216.0,0.0,0.0,0.5,0.0,95.048,0.000,0.0,660164.0
2026-09-09T01:04:23,0.1,5035,1547350,1531134,0.3,0.00,0.56,0.00,2.26,0.00,0.00,0.00,1136.0,95830.0,94216.0,0.0,0.0,0.5,0.0,95.116,0.000,0.0,773386.5
2026-09-09T01:04:24,1.4,4816,1547350,1531353,0.3,0.00,2.66,0.00,10.65,0.00,0.00,0.00,1136.0,95830.0,94216.0,0.0,0.0,0.5,0.0,98.201,0.001,0.0,6745411.0
2026-09-09T01:04:26,0.1,4817,1547350,1531353,0.3,0.39,1.55,1.55,6.22,0.00,0.00,0.00,1136.0,95830.0,94216.0,0.0,0.0,0.5,0.0,98.181,0.000,0.0,686302.0
2026-09-09T01:04:28,0.1,4816,1547350,1531353,0.3,0.00,3.22,0.00,26.71,0.00,0.00,0.00,1136.0,95830.0,94216.0,0.0,0.0,0.5,0.0,98.203,0.000,0.0,686302.0
2026-09-09T01:04:29,0.1,4816,1547350,1531353,0.3,0.00,3.46,0.00,13.84,0.00,0.50,0.00,1136.0,95830.0,94216.0,0.0,0.0,0.5,0.0,98.206,0.000,0.0,659342.0
2026-09-09T01:04:32,0.1,4817,1547350,1531352,0.3,0.00,1.60,0.00,7.69,0.00,0.00,0.00,1136.0,95830.0,94216.0,0.0,0.0,0.5,0.0,98.261,0.000,0.0,632681.0
2026-09-09T01:04:34,0.1,5307,1547350,1530841,0.3,0.00,0.71,0.00,2.83,0.00,0.00,0.00,3074.0,95830.0,92278.0,2.0,16.5,0.5,39.0,212.786,0.124,0.1,2647047.5
2026-09-09T01:04:38,5.0,5994,1547350,1530155,0.4,0.00,1.62,0.00,6.49,0.00,0.00,0.00,9540.0,95830.0,85812.0,9.0,12.0,0.5,25.0,177.433,0.314,0.3,6569357.5
2026-09-09T01:04:41,8.4,6055,1547350,1530094,0.4,0.00,0.50,0.00,2.02,0.00,0.00,0.00,13778.0,95830.0,81574.0,60.0,8.5,0.5,17.0,195.799,0.359,0.3,6692013.5
2026-09-09T01:04:46,5.5,6219,1547350,1529930,0.4,0.00,0.95,0.00,3.81,0.00,0.25,0.00,20042.0,95830.0,75310.0,65.0,15.5,0.5,31.5,226.734,0.415,0.4,7287318.0
2026-09-09T01:04:50,5.6,6287,1547350,1529862,0.4,0.00,0.93,0.00,3.72,0.00,0.00,0.00,29258.0,95830.0,66094.0,73.0,17.0,0.5,37.0,230.856,0.399,0.4,8311765.5
2026-09-09T01:04:54,6.0,6362,1547350,1529787,0.4,0.00,1.06,0.00,4.23,0.00,0.00,0.00,29258.0,95830.0,66094.0,93.0,17.5,0.5,40.5,235.719,0.396,0.4,7464682.0
2026-09-09T01:04:57,5.7,6420,1547350,1529729,0.4,0.00,4.61,0.00,51.30,0.00,0.12,0.00,29258.0,95830.0,66094.0,72.0,16.0,0.5,37.0,234.912,0.377,0.3,7044209.5
2026-09-09T01:05:01,5.8,6515,1547350,1529633,0.4,0.00,1.55,0.00,8.25,0.00,0.00,0.00,29258.0,95830.0,66094.0,71.0,17.0,0.5,36.5,234.254,0.404,0.4,7520598.5
2026-09-09T01:05:06,5.7,6625,1547350,1529523,0.4,0.00,2.04,0.00,8.15,0.00,0.11,0.00,29258.0,95830.0,66094.0,100.0,14.5,0.5,32.0,236.200,0.388,0.4,7596041.5
2026-09-09T01:05:10,6.1,6689,1547350,1529460,0.4,0.00,0.45,0.00,1.81,0.00,0.00,0.00,29258.0,95830.0,66094.0,74.0,4.0,0.5,9.5,200.312,0.301,0.3,6571106.0
2026-09-09T01:05:13,6.1,6835,1547350,1529314,0.4,0.00,2.22,0.00,8.89,0.00,0.17,0.00,29258.0,95830.0,66094.0,71.0,16.5,0.5,36.0,195.497,0.342,0.3,6344225.0
2026-09-09T01:05:17,6.3,6913,1547350,1529236,0.4,0.00,0.93,0.00,3.74,0.00,0.00,0.00,29258.0,95830.0,66094.0,75.0,22.5,0.5,41.0,228.716,0.390,0.4,7292503.0
2026-09-09T01:05:22,5.7,6970,1547350,1529179,0.5,0.00,0.22,0.00,0.88,0.00,0.00,0.00,29258.0,95830.0,66094.0,67.0,18.5,0.5,41.0,237.793,0.406,0.4,7242094.0
2026-09-09T01:05:25,5.7,7022,1547350,1529126,0.5,0.00,1.31,0.00,5.24,0.00,0.00,0.00,29258.0,95830.0,66094.0,94.0,15.5,0.5,35.5,233.448,0.423,0.4,6749056.0
2026-09-09T01:05:30,5.8,7119,1547350,1529030,0.5,0.00,2.29,0.00,11.47,0.00,0.09,0.00,29258.0,95830.0,66094.0,84.0,17.0,0.5,36.0,235.459,0.409,0.4,7605922.5
2026-09-09T01:05:33,5.7,7201,1547350,1528948,0.5,0.00,0.52,0.00,2.07,0.00,0.00,0.00,29258.0,95830.0,66094.0,70.0,17.0,0.5,36.0,214.379,0.399,0.4,7584581.5
2026-09-09T01:05:36,5.8,7293,1547350,1528855,0.5,0.00,1.82,0.00,7.26,0.00,0.00,0.00,29258.0,95830.0,66094.0,76.0,18.0,0.5,37.0,233.492,0.374,0.3,7569658.5
2026-09-09T01:05:39,6.1,7307,1547350,1528841,0.5,0.00,0.85,0.00,3.39,0.00,0.00,0.00,29258.0,95830.0,66094.0,70.0,1.0,0.5,2.5,231.577,0.405,0.4,8021103.0
2026-09-09T01:05:41,5.6,7387,1547350,1528762,0.5,0.00,1.64,0.00,6.58,0.00,0.00,0.00,29258.0,95830.0,66094.0,76.0,15.0,0.5,35.0,229.421,0.394,0.4,7269431.0
2026-09-09T01:05:44,5.7,7427,1547350,1528721,0.5,0.00,0.80,0.00,3.18,0.00,0.00,0.00,29258.0,95830.0,66094.0,57.0,3.0,0.5,5.5,209.920,0.339,0.3,7251154.0
2026-09-09T01:05:44,9.1,7437,1547350,1528712,0.5,0.00,2.56,0.00,10.26,0.00,0.50,0.00,29258.0,95830.0,66094.0,22.0,15.5,0.5,35.5,221.683,0.389,0.4,7469059.0
2026-09-09T01:05:47,5.9,7487,1547350,1528662,0.5,0.00,2.06,0.00,8.23,0.00,0.00,0.00,29258.0,95830.0,66094.0,95.0,29.0,0.5,55.0,228.419,0.404,0.4,8052267.5
2026-09-09T01:05:48,5.2,7501,1547350,1528648,0.5,0.00,1.10,0.00,4.42,0.00,0.00,0.00,29258.0,95830.0,66094.0,77.0,12.0,0.5,28.0,229.034,0.436,0.4,7135223.0
2026-09-09T01:05:50,5.6,7549,1547350,1528600,0.5,0.00,0.84,0.00,3.35,0.00,0.00,0.00,29260.0,95830.0,66092.0,100.0,18.5,0.5,40.5,229.451,0.375,0.3,7199511.0
2026-09-09T01:05:53,6.1,7577,1547350,1528571,0.5,0.00,1.59,0.00,6.36,0.00,0.00,0.04,29260.0,95830.0,66092.0,66.0,17.5,0.5,39.5,234.127,0.411,0.4,8108626.5
2026-09-09T01:05:54,5.7,7639,1547350,1528509,0.5,0.00,0.95,0.00,3.81,0.00,0.00,0.00,29260.0,95830.0,66092.0,63.0,18.0,0.5,41.5,235.154,0.426,0.4,7770763.5
2026-09-09T01:05:57,5.6,7694,1547350,1528454,0.5,0.00,1.21,0.00,6.03,0.00,0.00,0.00,29260.0,95830.0,66092.0,82.0,17.5,0.5,40.0,224.930,0.349,0.3,7267908.5
2026-09-09T01:05:59,5.7,7780,1547350,1528368,0.5,0.00,5.84,0.00,59.21,0.00,0.13,0.00,29260.0,95830.0,66092.0,61.0,16.0,0.5,37.0,231.091,0.395,0.4,7841443.5
2026-09-09T01:06:02,6.0,7805,1547350,1528344,0.5,0.00,40.99,0.00,271.02,0.00,0.09,0.00,29260.0,95830.0,66092.0,61.0,3.5,0.5,9.0,218.745,0.338,0.3,6358474.0
2026-09-09T01:06:05,5.5,7861,1547350,1528287,0.5,0.00,0.61,0.00,2.44,0.00,0.00,0.00,29260.0,95830.0,66092.0,6.0,14.5,0.5,36.0,221.631,0.410,0.4,8323205.5
2026-09-09T01:06:07,5.3,7930,1547350,1528219,0.5,0.00,2.75,0.00,11.01,0.00,0.00,0.05,29260.0,95830.0,66092.0,74.0,20.0,0.5,45.0,244.927,0.397,0.4,8068226.0
2026-09-09T01:06:10,6.1,7978,1547350,1528171,0.5,0.00,0.71,0.00,2.82,0.00,0.50,0.00,29260.0,95830.0,66092.0,56.0,16.5,0.5,29.5,222.925,0.377,0.3,6534186.0
2026-09-09T01:06:11,4.5,7987,1547350,1528162,0.5,0.00,1.23,0.00,4.94,0.00,0.00,0.00,29260.0,95830.0,66092.0,76.0,15.0,0.5,36.0,236.755,0.427,0.4,7286337.5
2026-09-09T01:06:13,6.1,8028,1547350,1528121,0.5,0.00,3.00,0.00,11.99,0.00,0.00,0.00,29260.0,95830.0,66092.0,46.0,21.0,0.5,42.0,231.156,0.409,0.4,7655228.5
2026-09-09T01:06:16,5.7,8083,1547350,1528066,0.5,0.00,0.65,0.00,2.60,0.00,0.00,0.00,29260.0,95830.0,66092.0,86.0,16.5,0.5,36.5,235.188,0.385,0.4,7266601.5
2026-09-09T01:06:20,5.3,8178,1547350,1527970,0.5,0.00,1.14,0.00,4.54,0.00,0.00,0.00,29262.0,95830.0,66090.0,100.0,17.5,0.5,40.0,242.478,0.363,0.3,6997606.5
2026-09-09T01:06:22,5.7,8206,1547350,1527943,0.5,0.00,0.97,0.00,3.87,0.00,0.50,0.05,29262.0,95830.0,66090.0,59.0,22.0,0.5,50.0,228.958,0.430,0.4,7768693.0
2026-09-09T01:06:24,6.0,8273,1547350,1527876,0.5,0.00,1.28,0.00,5.12,0.00,0.00,0.00,29262.0,95830.0,66090.0,73.0,19.5,0.5,39.5,232.601,0.424,0.4,7864237.0
2026-09-09T01:06:27,5.7,8295,1547350,1527854,0.5,0.00,1.47,0.00,5.88,0.00,0.00,0.00,29262.0,95830.0,66090.0,75.0,21.0,0.5,50.0,222.492,0.386,0.4,7797509.0
2026-09-09T01:06:28,6.2,8337,1547350,1527812,0.5,0.00,2.86,0.00,33.22,0.00,0.00,0.00,29262.0,95830.0,66090.0,75.0,0.0,0.5,1.0,215.988,0.408,0.4,7793206.5
2026-09-09T01:06:31,5.5,8407,1547350,1527741,0.5,0.00,1.59,0.00,6.37,0.00,0.00,0.00,29262.0,95830.0,66090.0,80.0,29.0,0.5,57.0,236.482,0.383,0.3,7092187.5
2026-09-09T01:06:33,6.0,8452,1547350,1527697,0.5,0.00,0.79,0.00,3.15,0.00,0.00,0.00,29262.0,95830.0,66090.0,73.0,19.5,0.5,44.0,204.385,0.391,0.4,6959269.0
2026-09-09T01:06:35,5.4,8485,1547350,1527664,0.5,0.00,1.08,0.00,4.33,0.00,0.00,0.05,29262.0,95830.0,66090.0,100.0,17.0,0.5,41.0,244.658,0.391,0.4,6959269.0
2026-09-09T01:06:37,5.4,8494,1547350,1527655,0.5,0.00,0.71,0.00,2.86,0.00,1.00,0.00,29262.0,95830.0,66090.0,70.0,13.0,0.5,28.5,241.504,0.439,0.4,7580974.5
2026-09-09T01:06:37,7.7,8549,1547350,1527600,0.6,0.00,7.31,0.00,29.24,0.00,0.00,0.00,29262.0,95830.0,66090.0,44.0,22.0,0.5,50.0,221.263,0.372,0.3,7460693.5
2026-09-09T01:06:39,6.2,8593,1547350,1527556,0.6,0.00,1.29,0.00,5.17,0.00,0.00,0.00,29262.0,95830.0,66090.0,58.0,16.0,0.5,36.0,242.394,0.389,0.4,7793679.0
2026-09-09T01:06:42,5.7,8620,1547350,1527529,0.6,0.00,0.38,0.00,1.51,0.00,0.00,0.00,29262.0,95830.0,66090.0,70.0,17.5,0.5,36.5,237.294,0.389,0.4,7793679.0
2026-09-09T01:06:43,7.1,8660,1547350,1527489,0.6,0.00,4.23,0.00,16.91,0.00,0.00,0.11,29262.0,95830.0,66090.0,64.0,19.5,0.5,46.5,247.678,0.380,0.3,7497353.5
2026-09-09T01:06:45,5.7,8697,1547350,1527452,0.6,0.00,0.77,0.00,3.07,0.00,0.00,0.00,29262.0,95830.0,66090.0,65.0,6.0,0.5,13.5,231.463,0.382,0.3,7365587.0
2026-09-09T01:06:47,5.9,8768,1547350,1527381,0.6,0.00,0.99,0.00,3.96,0.00,0.00,0.00,29262.0,95830.0,66090.0,64.0,14.5,0.5,33.5,231.770,0.384,0.4,7169477.5
2026-09-09T01:06:51,5.7,8818,1547350,1527331,0.6,0.00,1.20,0.00,4.79,0.00,0.25,0.00,29262.0,95830.0,66090.0,44.0,3.5,0.5,9.0,210.937,0.329,0.3,7301466.5
2026-09-09T01:06:52,6.2,8852,1547350,1527297,0.6,0.00,0.68,0.00,2.73,0.00,0.00,0.00,29262.0,95830.0,66090.0,71.0,14.0,0.5,33.0,236.465,0.431,0.4,7768255.5
2026-09-09T01:06:53,6.0,8878,1547350,1527270,0.6,0.00,1.71,0.00,6.84,0.00,0.00,0.00,29262.0,95830.0,66090.0,83.0,22.0,0.5,53.0,231.435,0.391,0.4,7975350.0
2026-09-09T01:06:54,5.5,8893,1547350,1527256,0.6,0.00,3.37,0.00,18.00,0.00,0.00,0.00,29262.0,95830.0,66090.0,73.0,19.0,0.5,45.0,207.030,0.335,0.3,6614515.5
2026-09-09T01:06:56,6.6,8932,1547350,1527217,0.6,0.00,1.00,0.00,4.00,0.00,0.00,0.00,29262.0,95830.0,66090.0,75.0,20.5,0.5,49.0,223.762,0.394,0.4,7656331.5
2026-09-09T01:06:58,5.5,8979,1547350,1527170,0.6,0.00,0.90,0.00,3.58,0.00,0.00,0.04,29262.0,95830.0,66090.0,100.0,16.0,0.5,36.0,234.231,0.402,0.4,7305620.5
2026-09-09T01:06:59,8.0,8988,1547350,1527160,0.6,0.00,55.89,0.00,592.95,0.00,0.15,0.00,29262.0,95830.0,66090.0,100.0,15.5,0.5,34.0,233.444,0.402,0.4,7305620.5
2026-09-09T01:07:00,6.0,9011,1547350,1527138,0.6,0.00,3.78,0.00,20.15,0.00,0.00,0.13,29262.0,95830.0,66090.0,84.0,11.5,0.5,25.5,223.345,0.392,0.4,7539894.0
2026-09-09T01:07:02,5.8,9047,1547350,1527102,0.6,0.00,1.38,0.00,5.52,0.00,0.00,0.00,29262.0,95830.0,66090.0,69.0,16.0,0.5,37.0,231.072,0.394,0.4,8140556.5
2026-09-09T01:07:04,5.6,9097,1547350,1527051,0.6,0.00,1.07,0.00,4.28,0.00,0.00,0.00,29262.0,95830.0,66090.0,70.0,18.0,0.5,40.0,235.255,0.395,0.4,7644874.5
2026-09-09T01:07:06,6.1,9160,1547350,1526989,0.6,0.00,5.42,0.00,21.70,0.00,0.18,0.00,29262.0,95830.0,66090.0,89.0,22.0,0.5,50.0,239.002,0.361,0.3,7447397.5
2026-09-09T01:07:09,6.2,9211,1547350,1526938,0.6,0.00,0.67,0.00,2.67,0.00,0.00,0.00,29262.0,95830.0,66090.0,71.0,14.5,0.5,35.5,233.995,0.389,0.4,7403028.5
2026-09-09T01:07:12,5.7,9240,1547350,1526909,0.6,0.00,2.18,0.00,10.15,0.00,0.00,0.00,29262.0,95830.0,66090.0,71.0,18.0,0.5,40.5,231.187,0.399,0.4,7810902.0
2026-09-09T01:07:14,6.0,9287,1547350,1526862,0.6,0.00,0.86,0.00,3.44,0.00,0.00,0.00,29262.0,95830.0,66090.0,37.0,16.0,0.5,36.0,226.451,0.388,0.4,7610626.0
2026-09-09T01:07:16,6.0,9350,1547350,1526799,0.6,0.00,0.85,0.00,3.41,0.00,0.50,0.00,29262.0,95830.0,66090.0,51.0,3.5,0.5,8.0,222.131,0.372,0.3,6985693.0
2026-09-09T01:07:18,6.8,9419,1547350,1526729,0.6,0.00,1.91,0.00,7.65,0.00,0.00,0.00,29262.0,95830.0,66090.0,51.0,31.0,0.5,61.5,230.513,0.412,0.4,7695710.5
2026-09-09T01:07:20,5.6,9457,1547350,1526692,0.6,0.00,0.93,0.00,3.74,0.00,0.00,0.00,29262.0,95830.0,66090.0,96.0,14.5,0.5,35.0,231.434,0.418,0.4,7637348.5
2026-09-09T01:07:23,5.8,9500,1547350,1526649,0.6,0.00,1.60,0.00,6.38,0.00,0.00,0.00,29262.0,95830.0,66090.0,73.0,15.5,0.5,31.5,226.055,0.376,0.3,7274840.0
2026-09-09T01:07:26,6.0,9558,1547350,1526591,0.6,0.00,0.62,0.00,2.48,0.00,0.00,0.00,29262.0,95830.0,66090.0,77.0,17.0,0.5,41.0,240.216,0.390,0.4,7678149.0
2026-09-09T01:07:29,5.6,9623,1547350,1526525,0.6,0.00,6.19,0.00,33.31,0.00,0.06,0.00,29262.0,95830.0,66090.0,71.0,14.0,0.5,35.0,227.157,0.386,0.4,7093907.5
2026-09-09T01:07:32,4.8,9692,1547350,1526457,0.6,0.00,0.65,0.00,2.60,0.00,0.00,0.00,29262.0,95830.0,66090.0,17.0,18.0,0.5,39.5,239.221,0.388,0.4,6963524.0
2026-09-09T01:07:34,5.3,9720,1547350,1526429,0.6,0.00,1.81,0.00,7.23,0.00,0.25,0.00,29262.0,95830.0,66090.0,100.0,17.0,0.5,37.0,229.263,0.353,0.3,7405615.5
2026-09-09T01:07:37,5.9,9755,1547350,1526393,0.6,0.00,0.70,0.00,2.81,0.00,0.00,0.00,29262.0,95830.0,66090.0,69.0,12.5,0.5,30.5,231.181,0.411,0.4,7559995.0
2026-09-09T01:07:39,6.1,9801,1547350,1526348,0.6,0.00,1.05,0.00,4.21,0.00,0.00,0.00,29262.0,95830.0,66090.0,30.0,22.5,0.5,53.0,229.216,0.391,0.4,7210258.0
2026-09-09T01:07:41,5.7,9833,1547350,1526315,0.6,0.00,2.45,0.00,9.80,0.00,0.00,0.00,29262.0,95830.0,66090.0,79.0,16.0,0.5,35.5,230.704,0.410,0.4,8273771.0
2026-09-09T01:07:44,5.8,9914,1547350,1526234,0.6,0.00,0.82,0.00,3.27,0.00,0.00,0.00,29262.0,95830.0,66090.0,69.0,7.5,0.5,19.0,218.482,0.370,0.3,7291293.5
2026-09-09T01:07:45,5.5,9953,1547350,1526196,0.6,0.00,1.72,0.00,6.88,0.00,0.00,0.00,29262.0,95830.0,66090.0,73.0,18.0,0.5,38.0,234.002,0.434,0.4,7517303.5
2026-09-09T01:07:47,6.1,9969,1547350,1526180,0.6,0.00,1.94,0.00,7.77,0.00,0.00,0.00,29262.0,95830.0,66090.0,70.0,21.5,0.5,48.0,238.477,0.400,0.4,7998086.5
2026-09-09T01:07:48,5.8,10012,1547350,1526137,0.6,0.00,1.17,0.00,4.68,0.00,0.00,0.00,29262.0,95830.0,66090.0,69.0,12.5,0.5,29.5,219.723,0.378,0.3,7563970.5
2026-09-09T01:07:50,5.8,10030,1547350,1526119,0.6,0.00,1.05,0.00,4.21,0.00,0.50,0.00,29262.0,95830.0,66090.0,59.0,19.0,0.5,46.5,218.192,0.388,0.4,7667915.0
2026-09-09T01:07:52,6.0,10081,1547350,1526067,0.7,0.00,2.25,0.00,9.02,0.00,0.00,0.00,29262.0,95830.0,66090.0,39.0,13.0,0.5,27.5,227.895,0.404,0.4,7586533.5
2026-09-09T01:07:54,5.8,10128,1547350,1526021,0.7,0.00,0.57,0.00,2.27,0.00,0.00,0.00,29262.0,95830.0,66090.0,75.0,18.5,0.5,43.0,243.193,0.426,0.4,7740739.5
2026-09-09T01:07:56,5.7,10208,1547350,1525941,0.7,0.00,1.20,0.00,4.81,0.00,0.00,0.00,29262.0,95830.0,66090.0,73.0,13.5,0.5,28.5,211.142,0.389,0.4,8118158.0
2026-09-09T01:07:58,6.4,10220,1547350,1525928,0.7,0.00,2.86,0.00,14.30,0.00,0.00,0.00,29262.0,95830.0,66090.0,88.0,16.5,0.5,37.5,232.266,0.385,0.3,6597485.5
2026-09-09T01:07:58,4.8,10235,1547350,1525913,0.7,0.00,2.77,0.00,11.08,0.00,0.00,0.00,29262.0,95830.0,66090.0,69.0,17.5,0.5,39.0,241.994,0.418,0.4,7917922.0
2026-09-09T01:08:00,6.4,10277,1547350,1525871,0.7,0.00,10.51,0.00,93.75,0.00,0.11,0.00,29262.0,95830.0,66090.0,76.0,27.0,0.5,52.5,221.166,0.418,0.4,7917922.0
2026-09-09T01:08:01,5.4,10295,1547350,1525853,0.7,0.00,2.08,0.00,8.33,0.00,0.00,0.00,29262.0,95830.0,66090.0,100.0,16.5,0.5,38.0,235.953,0.403,0.4,7271496.0
2026-09-09T01:08:03,5.9,10314,1547350,1525835,0.7,0.00,5.72,0.00,25.17,0.00,0.20,0.00,29262.0,95830.0,66090.0,69.0,18.0,0.5,40.5,221.532,0.332,0.3,6570040.0
2026-09-09T01:08:05,5.8,10357,1547350,1525791,0.7,0.00,1.19,0.00,4.75,0.00,0.00,0.00,29262.0,95830.0,66090.0,0.0,22.0,0.5,50.0,198.871,0.392,0.4,7035150.5
2026-09-09T01:08:07,6.0,10398,1547350,1525751,0.7,0.00,0.76,0.00,3.02,0.00,0.00,0.00,29262.0,95830.0,66090.0,0.0,0.5,0.5,1.5,225.790,0.392,0.4,7035150.5
2026-09-09T01:08:08,9.2,10402,1547350,1525747,0.7,0.00,12.78,0.00,51.12,0.00,0.00,0.00,29262.0,95830.0,66090.0,73.0,16.0,0.5,38.5,216.590,0.385,0.3,8077378.0
2026-09-09T01:08:09,6.0,10439,1547350,1525710,0.7,0.00,1.27,0.00,5.10,0.00,0.00,0.00,29262.0,95830.0,66090.0,73.0,27.5,0.5,52.5,227.905,0.385,0.3,8077378.0
2026-09-09T01:08:10,5.6,10449,1547350,1525699,0.7,0.00,1.71,0.00,6.85,0.00,0.00,0.00,29262.0,95830.0,66090.0,69.0,18.5,0.5,39.0,239.526,0.399,0.4,7470943.0
2026-09-09T01:08:12,5.6,10502,1547350,1525647,0.7,0.00,0.98,0.00,3.93,0.00,0.00,0.00,29262.0,95830.0,66090.0,72.0,19.0,0.5,45.5,219.227,0.366,0.3,7767268.5
2026-09-09T01:08:14,5.8,10549,1547350,1525600,0.7,0.00,3.44,0.00,18.37,0.00,0.11,0.00,29262.0,95830.0,66090.0,27.0,25.5,0.5,55.0,224.067,0.410,0.4,6992860.0
2026-09-09T01:08:16,6.0,10577,1547350,1525572,0.7,0.00,1.28,0.00,5.12,0.00,0.00,0.00,29262.0,95830.0,66090.0,71.0,19.0,0.5,47.5,238.464,0.420,0.4,7795296.5
2026-09-09T01:08:18,6.0,10598,1547350,1525550,0.7,0.00,1.12,0.00,4.49,0.00,0.00,0.00,29262.0,95830.0,66090.0,26.0,18.5,0.5,37.5,231.291,0.398,0.4,7775502.0
2026-09-09T01:08:20,7.4,10663,1547350,1525486,0.7,0.00,2.16,0.00,8.64,0.00,0.00,0.00,29262.0,95830.0,66090.0,87.0,16.5,0.5,38.5,235.538,0.370,0.3,7205959.5
2026-09-09T01:08:22,5.6,10695,1547350,1525453,0.7,0.00,0.87,0.00,3.48,0.00,0.50,0.00,29262.0,95830.0,66090.0,77.0,18.5,0.5,45.5,219.569,0.396,0.4,7087587.5
2026-09-09T01:08:25,5.6,10765,1547350,1525384,0.7,0.00,1.39,0.00,5.58,0.00,0.00,0.00,29262.0,95830.0,66090.0,78.0,19.0,0.5,42.0,239.376,0.400,0.4,7503335.0
2026-09-09T01:08:27,5.9,10832,1547350,1525317,0.7,0.00,1.00,0.00,3.98,0.00,0.00,0.00,29262.0,95830.0,66090.0,93.0,19.0,0.5,45.0,220.862,0.353,0.3,7487008.5
2026-09-09T01:08:28,5.6,10846,1547350,1525303,0.7,0.00,0.61,0.00,2.44,0.00,0.00,0.00,29262.0,95830.0,66090.0,78.0,17.5,0.5,35.5,241.293,0.397,0.4,7702468.0
2026-09-09T01:08:31,5.6,10908,1547350,1525240,0.7,0.00,2.79,0.00,20.56,0.00,0.00,0.03,29262.0,95830.0,66090.0,84.0,14.0,0.5,31.5,241.070,0.378,0.3,7715622.5
2026-09-09T01:08:33,6.7,10936,1547350,1525213,0.7,0.00,1.04,0.00,4.14,0.00,0.00,0.00,29262.0,95830.0,66090.0,75.0,26.5,0.5,50.0,180.312,0.341,0.3,6734471.5
2026-09-09T01:08:35,5.7,11007,1547350,1525141,0.7,0.00,1.88,0.00,7.50,0.00,0.00,0.00,29262.0,95830.0,66090.0,69.0,8.0,0.5,17.5,233.041,0.401,0.4,7782794.5
2026-09-09T01:08:38,6.1,11091,1547350,1525058,0.7,0.00,0.68,0.00,2.71,0.00,0.50,0.00,29262.0,95830.0,66090.0,72.0,17.0,0.5,37.0,225.690,0.368,0.3,7146422.5
2026-09-09T01:08:41,5.4,11164,1547350,1524985,0.7,0.00,1.85,0.00,7.40,0.00,0.00,0.04,29262.0,95830.0,66090.0,71.0,17.0,0.5,37.0,234.463,0.403,0.4,7715025.5
2026-09-09T01:08:45,5.9,11198,1547350,1524951,0.7,0.00,0.51,0.00,2.04,0.00,0.00,0.00,29262.0,95830.0,66090.0,73.0,16.5,0.5,41.0,223.817,0.389,0.4,7605552.5
2026-09-09T01:08:47,5.7,11327,1547350,1524822,0.7,0.00,1.22,0.00,4.89,0.00,0.00,0.00,29262.0,95830.0,66090.0,67.0,15.5,0.5,40.5,239.030,0.390,0.4,7223097.0
2026-09-09T01:08:50,6.0,11353,1547350,1524796,0.7,0.00,0.66,0.00,2.66,0.00,0.00,0.00,29262.0,95830.0,66090.0,71.0,6.0,0.5,12.0,223.552,0.399,0.4,8172225.0
2026-09-09T01:08:54,5.5,11413,1547350,1524736,0.7,0.00,1.09,0.00,4.38,0.00,0.00,0.00,29262.0,95830.0,66090.0,85.0,16.5,0.5,41.0,231.343,0.410,0.4,7593827.0
2026-09-09T01:08:57,6.0,11496,1547350,1524653,0.7,0.00,1.26,0.00,6.31,0.00,0.00,0.00,29262.0,95830.0,66090.0,68.0,18.5,0.5,46.0,233.359,0.398,0.4,7461088.5
2026-09-09T01:09:00,5.2,11525,1547350,1524624,0.7,0.00,14.77,0.00,120.16,0.00,0.12,0.00,29262.0,95830.0,66090.0,83.0,13.0,0.5,30.5,244.108,0.402,0.4,7282628.5
2026-09-09T01:09:04,5.8,11596,1547350,1524553,0.7,0.00,2.52,0.00,12.08,0.00,0.10,0.00,29262.0,95830.0,66090.0,79.0,21.0,0.5,50.0,246.327,0.375,0.3,7038022.0
2026-09-09T01:09:07,5.9,11699,1547350,1524449,0.8,0.00,1.37,0.00,5.48,0.00,0.00,0.00,29262.0,95830.0,66090.0,71.0,15.0,0.5,35.5,228.705,0.399,0.4,7673028.5
2026-09-09T01:09:11,6.0,11782,1547350,1524367,0.8,0.00,0.51,0.00,2.05,0.00,0.00,0.03,29262.0,95830.0,66090.0,72.0,9.5,0.5,23.0,220.957,0.390,0.4,7620533.0
2026-09-09T01:09:15,5.6,11864,1547350,1524285,0.8,0.00,1.51,0.00,6.05,0.00,0.14,0.00,29262.0,95830.0,66090.0,73.0,17.5,0.5,40.5,228.638,0.381,0.3,7380461.0
2026-09-09T01:09:20,5.8,11970,1547350,1524179,0.8,0.00,0.94,0.00,3.77,0.00,0.00,0.00,29262.0,95830.0,66090.0,70.0,5.0,0.5,11.5,222.483,0.399,0.4,7841159.0
2026-09-09T01:09:23,5.6,12032,1547350,1524117,0.8,0.00,0.56,0.00,2.25,0.00,0.00,0.00,29262.0,95830.0,66090.0,81.0,6.0,0.5,12.0,226.382,0.402,0.4,7622277.5
2026-09-09T01:09:28,5.7,12133,1547350,1524016,0.8,0.00,0.91,0.00,3.65,0.00,0.00,0.00,29262.0,95830.0,66090.0,70.0,20.5,0.5,48.0,235.818,0.422,0.4,7498453.5
2026-09-09T01:09:32,5.9,12243,1547350,1523905,0.8,0.00,1.33,0.00,8.42,0.00,0.17,0.00,29262.0,95830.0,66090.0,93.0,19.0,0.5,45.0,219.956,0.381,0.3,7250383.5
2026-09-09T01:09:36,5.2,12329,1547350,1523820,0.8,0.00,1.11,0.00,4.45,0.00,0.00,0.00,29262.0,95830.0,66090.0,48.0,18.5,0.5,44.0,229.062,0.354,0.3,7386499.0
2026-09-09T01:09:40,5.8,12391,1547350,1523758,0.8,0.00,0.49,0.00,1.97,0.00,0.00,0.00,29262.0,95830.0,66090.0,70.0,18.5,0.5,36.5,224.278,0.397,0.4,7356896.5
2026-09-09T01:09:43,5.7,12470,1547350,1523679,0.8,0.00,1.37,0.00,5.47,0.00,0.00,0.00,29262.0,95830.0,66090.0,67.0,18.0,0.5,42.5,236.077,0.411,0.4,7574899.5
2026-09-09T01:09:46,6.5,12545,1547350,1523604,0.8,0.00,0.67,0.00,2.68,0.00,0.00,0.00,29262.0,95830.0,66090.0,85.0,18.5,0.5,42.0,238.721,0.386,0.3,7483340.5
2026-09-09T01:09:51,5.9,12654,1547350,1523495,0.8,0.00,0.84,0.00,3.37,0.00,0.00,0.00,29262.0,95830.0,66090.0,100.0,16.5,0.5,36.5,241.165,0.395,0.4,8069461.0
2026-09-09T01:09:55,5.7,12714,1547350,1523435,0.8,0.00,0.73,0.00,3.87,0.00,0.33,0.00,29262.0,95830.0,66090.0,79.0,18.0,0.5,41.0,224.008,0.371,0.3,6580605.0
2026-09-09T01:09:59,6.5,12807,1547350,1523342,0.8,0.00,5.20,0.00,42.67,0.00,0.05,0.00,29262.0,95830.0,66090.0,77.0,16.5,0.5,38.0,234.862,0.386,0.4,7797107.0
2026-09-09T01:10:03,5.8,12894,1547350,1523254,0.8,0.00,0.67,0.00,2.70,0.00,0.00,0.00,29262.0,95830.0,66090.0,2.0,17.0,0.5,39.0,231.149,0.364,0.3,7400013.5
2026-09-09T01:10:08,5.8,13024,1547350,1523125,0.8,0.00,2.57,0.00,11.23,0.00,0.09,0.00,29262.0,95830.0,66090.0,84.0,16.0,0.5,36.5,215.366,0.378,0.3,6898313.0
2026-09-09T01:10:12,5.4,13089,1547350,1523059,0.8,0.00,0.46,0.00,1.83,0.00,0.00,0.00,29262.0,95830.0,66090.0,71.0,19.0,0.5,43.5,164.318,0.310,0.3,6561405.0
2026-09-09T01:10:16,6.2,13143,1547350,1523005,0.8,0.00,1.90,0.00,7.60,0.00,0.12,0.00,29262.0,95830.0,66090.0,71.0,16.0,0.5,37.0,225.486,0.398,0.4,7336602.5
2026-09-09T01:10:20,5.8,13209,1547350,1522940,0.9,0.00,0.30,0.00,1.20,0.00,0.00,0.00,29262.0,95830.0,66090.0,74.0,2.5,0.5,5.0,208.472,0.349,0.3,7603015.0
2026-09-09T01:10:24,5.6,13312,1547350,1522836,0.9,0.00,1.05,0.00,4.19,0.00,0.00,0.00,29262.0,95830.0,66090.0,70.0,18.5,0.5,42.0,238.770,0.402,0.4,7639543.5
2026-09-09T01:10:28,6.0,13466,1547350,1522682,0.9,0.00,1.44,0.00,7.20,0.00,0.00,0.00,29262.0,95830.0,66090.0,73.0,13.0,0.5,29.5,226.873,0.381,0.3,7396922.0
2026-09-09T01:10:35,5.9,13575,1547350,1522574,0.9,0.00,0.64,0.00,2.56,0.00,0.25,0.00,29262.0,95830.0,66090.0,69.0,16.5,0.5,36.5,227.689,0.404,0.4,7518723.0
2026-09-09T01:10:40,5.8,13704,1547350,1522444,0.9,0.00,0.71,0.00,2.84,0.00,0.00,0.00,29262.0,95830.0,66090.0,0.0,19.0,0.5,40.0,194.858,0.311,0.3,6067766.5
2026-09-09T01:10:44,5.4,13760,1547350,1522388,0.9,0.00,1.15,0.00,4.59,0.00,0.00,0.03,29262.0,95830.0,66090.0,100.0,16.5,0.5,37.5,235.374,0.404,0.4,7976207.5
2026-09-09T01:10:47,5.9,13814,1547350,1522335,0.9,0.00,0.57,0.00,2.27,0.00,0.00,0.00,29262.0,95830.0,66090.0,34.0,14.5,0.5,35.0,224.928,0.399,0.4,7689618.5
2026-09-09T01:10:51,5.8,13903,1547350,1522246,0.9,0.00,1.39,0.00,5.54,0.00,0.20,0.00,29262.0,95830.0,66090.0,37.0,16.5,0.5,35.5,231.037,0.344,0.3,6501662.0
2026-09-09T01:10:54,5.1,13945,1547350,1522204,0.9,0.00,1.41,0.00,7.06,0.00,0.00,0.00,29262.0,95830.0,66090.0,76.0,23.0,0.5,47.0,233.943,0.379,0.3,7384715.5
2026-09-09T01:10:56,5.8,13994,1547350,1522155,0.9,0.00,0.36,0.00,1.45,0.00,0.00,0.00,29262.0,95830.0,66090.0,69.0,15.5,0.5,54.0,230.165,0.406,0.4,7359165.0
2026-09-09T01:11:00,5.9,14074,1547350,1522074,0.9,0.00,5.32,0.00,48.37,0.00,0.06,0.03,29262.0,95830.0,66090.0,82.0,14.5,0.5,35.0,209.392,0.348,0.3,6877274.5
2026-09-09T01:11:03,5.4,14160,1547350,1521989,0.9,0.00,0.53,0.00,2.14,0.00,0.00,0.00,29262.0,95830.0,66090.0,50.0,15.0,0.5,36.5,237.798,0.445,0.4,7347113.5
2026-09-09T01:11:08,5.8,14269,1547350,1521880,0.9,0.00,2.27,0.00,10.88,0.00,0.10,0.00,29262.0,95830.0,66090.0,95.0,16.5,0.5,36.0,238.797,0.391,0.4,7062727.5
2026-09-09T01:11:12,6.0,14368,1547350,1521780,0.9,0.00,0.86,0.00,3.42,0.00,0.00,0.00,29262.0,95830.0,66090.0,82.0,16.0,0.5,35.5,230.594,0.395,0.4,7700860.5
2026-09-09T01:11:16,6.1,14451,1547350,1521697,0.9,0.00,1.69,0.00,6.76,0.00,0.17,0.00,29262.0,95830.0,66090.0,71.0,16.0,0.5,35.5,230.918,0.401,0.4,7386032.0
2026-09-09T01:11:21,5.9,14522,1547350,1521627,0.9,0.00,0.44,0.00,1.75,0.00,0.00,0.00,29262.0,95830.0,66090.0,72.0,17.5,0.5,36.0,221.390,0.379,0.3,7246025.0
2026-09-09T01:11:25,5.7,14631,1547350,1521518,0.9,0.00,1.15,0.00,4.59,0.00,0.00,0.00,29262.0,95830.0,66090.0,66.0,22.0,0.5,47.5,246.849,0.418,0.4,7497131.5
2026-09-09T01:11:29,5.7,14715,1547350,1521434,1.0,0.00,1.55,0.00,8.93,0.00,0.17,0.00,29262.0,95830.0,66090.0,91.0,12.0,0.5,27.0,222.667,0.393,0.4,7234261.5
2026-09-09T01:11:33,5.6,14764,1547350,1521384,1.0,0.00,0.46,0.00,1.85,0.00,0.00,0.00,29262.0,95830.0,66090.0,64.0,19.0,0.5,42.0,242.735,0.355,0.3,6248893.5
2026-09-09T01:11:36,5.2,14837,1547350,1521312,1.0,0.00,1.31,0.00,5.23,0.00,0.00,0.00,29262.0,95830.0,66090.0,76.0,16.5,0.5,36.5,234.316,0.411,0.4,7774460.5
2026-09-09T01:11:40,5.8,14910,1547350,1521238,1.0,0.00,0.89,0.00,3.57,0.00,0.00,0.00,29262.0,95830.0,66090.0,79.0,15.5,0.5,38.5,241.046,0.378,0.3,6942826.5
2026-09-09T01:11:43,5.7,14974,1547350,1521174,1.0,0.00,0.52,0.00,2.08,0.00,0.00,0.00,29262.0,95830.0,66090.0,87.0,16.0,0.5,38.0,241.144,0.393,0.4,6815454.5
2026-09-09T01:11:47,5.7,15094,1547350,1521055,1.0,0.00,1.11,0.00,4.42,0.00,0.00,0.03,29262.0,95830.0,66090.0,71.0,15.0,0.5,35.5,239.260,0.394,0.4,7710154.5
2026-09-09T01:11:50,5.8,15128,1547350,1521021,1.0,0.00,0.65,0.00,2.59,0.00,0.00,0.00,29262.0,95830.0,66090.0,76.0,28.5,0.5,57.5,233.190,0.399,0.4,7537810.0
2026-09-09T01:11:53,6.0,15199,1547350,1520950,1.0,0.00,1.23,0.00,6.13,0.00,0.25,0.00,29262.0,95830.0,66090.0,73.0,15.5,0.5,38.0,235.583,0.399,0.4,7800345.5
2026-09-09T01:11:57,5.5,15281,1547350,1520868,1.0,0.00,1.35,0.00,5.41,0.00,0.00,0.00,29262.0,95830.0,66090.0,74.0,7.5,0.5,16.5,237.700,0.399,0.4,7407495.5
2026-09-09T01:12:01,5.7,15370,1547350,1520779,1.0,0.00,3.94,0.00,37.14,0.00,0.06,0.00,29262.0,95830.0,66090.0,73.0,18.0,0.5,35.5,223.516,0.402,0.4,7436159.0
2026-09-09T01:12:03,5.9,15402,1547350,1520747,1.0,0.00,4.55,0.00,20.01,0.00,0.10,0.05,29262.0,95830.0,66090.0,70.0,16.0,0.5,36.5,221.709,0.393,0.4,7678280.0
2026-09-09T01:12:06,5.7,15466,1547350,1520683,1.0,0.00,0.67,0.00,2.68,0.00,0.00,0.00,29262.0,95830.0,66090.0,75.0,16.0,0.5,36.0,226.439,0.394,0.4,7673131.5
2026-09-09T01:12:09,6.4,15536,1547350,1520613,1.0,0.00,1.42,0.00,5.68,0.00,0.25,0.00,29262.0,95830.0,66090.0,73.0,15.5,0.5,36.0,235.483,0.395,0.4,6793762.5
2026-09-09T01:12:13,6.0,15599,1547350,1520550,1.0,0.00,1.25,0.00,5.99,0.00,0.00,0.00,29262.0,95830.0,66090.0,49.0,9.0,0.5,20.0,196.200,0.314,0.3,6517592.5
2026-09-09T01:12:16,8.1,15684,1547350,1520464,1.0,0.00,0.65,0.00,2.61,0.00,0.00,0.00,29262.0,95830.0,66090.0,79.0,20.0,0.5,42.5,215.084,0.342,0.3,7164151.0
2026-09-09T01:12:19,5.2,15722,1547350,1520426,1.0,0.00,1.32,0.00,5.28,0.00,0.00,0.00,29262.0,95830.0,66090.0,100.0,15.0,0.5,34.5,230.073,0.338,0.3,6356753.0
2026-09-09T01:12:23,5.9,15815,1547350,1520333,1.0,0.00,0.94,0.00,3.77,0.00,0.25,0.02,29262.0,95830.0,66090.0,70.0,16.5,0.5,36.5,234.074,0.396,0.4,7664690.0
2026-09-09T01:12:27,6.0,15902,1547350,1520246,1.0,0.00,0.65,0.00,2.61,0.00,0.00,0.00,29262.0,95830.0,66090.0,75.0,14.5,0.5,35.0,223.571,0.398,0.4,7450248.5
2026-09-09T01:12:32,5.9,15997,1547350,1520152,1.0,0.00,1.34,0.00,7.39,0.00,0.00,0.00,29262.0,95830.0,66090.0,72.0,16.0,0.5,36.5,229.439,0.385,0.3,7591491.5
2026-09-09T01:12:36,6.0,16070,1547350,1520078,1.0,0.00,1.01,0.00,4.02,0.00,0.00,0.00,29262.0,95830.0,66090.0,75.0,16.0,0.5,37.5,239.511,0.412,0.4,7392068.0
2026-09-09T01:12:39,5.8,16148,1547350,1520001,1.0,0.00,0.62,0.00,2.46,0.00,0.00,0.00,29262.0,95830.0,66090.0,53.0,22.0,0.5,52.0,238.769,0.424,0.4,7226260.0
2026-09-09T01:12:43,5.5,16254,1547350,1519895,1.1,0.00,0.94,0.00,3.77,0.00,0.25,0.00,29262.0,95830.0,66090.0,74.0,16.0,0.5,38.0,241.780,0.391,0.4,7639254.0
2026-09-09T01:12:47,5.7,16314,1547350,1519834,1.1,0.00,1.22,0.00,4.87,0.00,0.00,0.00,29262.0,95830.0,66090.0,71.0,19.0,0.5,44.0,234.437,0.405,0.4,7675195.5
2026-09-09T01:12:49,5.7,16388,1547350,1519761,1.1,0.00,0.67,0.00,2.70,0.00,0.00,0.00,29262.0,95830.0,66090.0,69.0,16.0,0.5,36.0,230.379,0.386,0.3,7292007.5
2026-09-09T01:12:52,7.1,16434,1547350,1519715,1.1,0.00,0.40,0.00,1.61,0.00,0.00,0.00,29262.0,95830.0,66090.0,78.0,18.0,0.5,40.0,229.468,0.384,0.4,7577423.5
2026-09-09T01:12:55,5.8,16474,1547350,1519675,1.1,0.00,1.51,0.00,7.56,0.00,0.00,0.04,29262.0,95830.0,66090.0,13.0,21.5,0.5,47.5,246.769,0.358,0.3,7165677.0
2026-09-09T01:12:58,6.8,16566,1547350,1519583,1.1,0.00,1.48,0.00,5.90,0.00,0.00,0.00,29262.0,95830.0,66090.0,45.0,15.5,0.5,35.5,227.226,0.387,0.4,7472029.0
2026-09-09T01:13:02,5.8,16672,1547350,1519476,1.1,0.00,3.70,0.00,17.71,0.00,0.12,0.00,29262.0,95830.0,66090.0,71.0,16.0,0.5,36.5,224.089,0.388,0.4,7305805.0
2026-09-09T01:13:07,5.1,16722,1547350,1519426,1.1,0.00,0.47,0.00,1.90,0.00,0.00,0.00,29262.0,95830.0,66090.0,71.0,0.0,0.5,0.0,184.308,0.373,0.3,7240241.5
2026-09-09T01:13:09,5.2,16780,1547350,1519369,1.1,0.00,1.42,0.00,5.68,0.00,0.00,0.00,29262.0,95830.0,66090.0,73.0,11.0,0.5,26.5,224.226,0.353,0.3,6646112.0
2026-09-09T01:13:13,6.2,16875,1547350,1519274,1.1,0.00,0.54,0.00,2.15,0.00,0.00,0.00,29262.0,95830.0,66090.0,74.0,6.0,0.5,17.0,201.565,0.374,0.3,7526810.5
2026-09-09T01:13:17,5.5,16936,1547350,1519212,1.1,0.00,1.22,0.00,4.87,0.00,0.00,0.00,29262.0,95830.0,66090.0,72.0,21.0,0.5,52.5,225.175,0.384,0.3,7210326.5
2026-09-09T01:13:20,6.0,16989,1547350,1519160,1.1,0.00,1.45,0.00,5.80,0.00,0.25,0.00,29262.0,95830.0,66090.0,67.0,19.5,0.5,41.5,237.089,0.404,0.4,7813357.5
2026-09-09T01:13:24,6.0,17112,1547350,1519037,1.1,0.00,0.51,0.00,2.04,0.00,0.00,0.00,29262.0,95830.0,66090.0,100.0,14.5,0.5,33.5,234.530,0.396,0.4,7772093.0
2026-09-09T01:13:28,5.7,17176,1547350,1518972,1.1,0.00,1.00,0.00,3.99,0.00,0.00,0.00,29262.0,95830.0,66090.0,69.0,16.0,0.5,37.5,221.415,0.386,0.4,7273768.5
2026-09-09T01:13:33,5.9,17292,1547350,1518857,1.1,0.00,2.16,0.00,10.69,0.00,0.09,0.00,29262.0,95830.0,66090.0,13.0,13.0,0.5,29.0,250.382,0.380,0.3,7017515.0
2026-09-09T01:13:36,5.5,17358,1547350,1518791,1.1,0.00,1.19,0.00,4.75,0.00,0.00,0.00,29262.0,95830.0,66090.0,72.0,16.5,0.5,38.0,237.317,0.407,0.4,7390587.5
2026-09-09T01:13:40,5.6,17421,1547350,1518728,1.1,0.00,0.50,0.00,1.99,0.00,0.00,0.00,29262.0,95830.0,66090.0,66.0,6.5,0.5,14.5,221.298,0.394,0.4,7728008.0
2026-09-09T01:13:44,5.9,17505,1547350,1518643,1.1,0.00,0.77,0.00,3.08,0.00,0.00,0.00,29262.0,95830.0,66090.0,62.0,14.5,0.5,34.5,241.270,0.404,0.4,7033777.0
2026-09-09T01:13:48,5.6,17569,1547350,1518579,1.1,0.00,1.07,0.00,4.27,0.00,0.00,0.00,29262.0,95830.0,66090.0,75.0,19.5,0.5,44.0,224.565,0.365,0.3,7242064.0
2026-09-09T01:13:51,6.0,17611,1547350,1518538,1.1,0.00,0.78,0.00,3.13,0.00,0.00,0.00,29262.0,95830.0,66090.0,74.0,17.5,0.5,36.0,226.428,0.372,0.3,6704991.5
2026-09-09T01:13:53,6.2,17708,1547350,1518441,1.1,0.00,1.40,0.00,7.02,0.00,0.25,0.00,29262.0,95830.0,66090.0,72.0,19.5,0.5,44.5,241.123,0.389,0.4,7848460.0
2026-09-09T01:13:56,5.5,17718,1547350,1518431,1.1,0.00,0.75,0.00,3.01,0.00,0.00,0.00,29262.0,95830.0,66090.0,69.0,0.0,0.5,0.0,165.392,0.388,0.4,6866987.0
2026-09-09T01:13:59,4.8,17801,1547350,1518348,1.2,0.00,1.62,0.00,6.49,0.00,0.00,0.00,29262.0,95830.0,66090.0,52.0,0.0,0.5,0.5,206.892,0.340,0.3,6898162.5
2026-09-09T01:14:02,6.3,17854,1547350,1518295,1.2,0.00,1.63,0.00,10.16,0.00,0.00,0.00,29262.0,95830.0,66090.0,71.0,18.0,0.5,42.5,240.220,0.372,0.3,7261765.0
2026-09-09T01:14:06,6.0,17940,1547350,1518208,1.2,0.00,2.81,0.00,12.28,0.00,0.09,0.00,29262.0,95830.0,66090.0,69.0,17.5,0.5,40.0,220.690,0.385,0.3,7614746.0
2026-09-09T01:14:10,6.0,18031,1547350,1518117,1.2,0.00,1.05,0.00,4.19,0.00,0.00,0.00,29262.0,95830.0,66090.0,71.0,0.0,0.5,0.0,202.151,0.362,0.3,7330190.0
2026-09-09T01:14:14,5.6,18110,1547350,1518039,1.2,0.00,0.49,0.00,1.96,0.00,0.00,0.00,29262.0,95830.0,66090.0,54.0,16.0,0.5,40.5,234.117,0.394,0.4,7347770.0
2026-09-09T01:14:19,5.7,18251,1547350,1517898,1.2,0.00,1.24,0.00,5.80,0.00,0.17,0.00,29262.0,95830.0,66090.0,68.0,14.5,0.5,34.5,226.602,0.391,0.4,7690971.5
2026-09-09T01:14:23,5.9,18310,1547350,1517839,1.2,0.00,1.05,0.00,4.19,0.00,0.00,0.00,29262.0,95830.0,66090.0,65.0,17.5,0.5,41.0,225.168,0.394,0.4,7255296.0
2026-09-09T01:14:27,6.0,18369,1547350,1517780,1.2,0.00,0.26,0.00,1.05,0.00,0.00,0.00,29262.0,95830.0,66090.0,69.0,14.5,0.5,32.5,244.654,0.422,0.4,7296016.0
2026-09-09T01:14:30,5.5,18459,1547350,1517690,1.2,0.00,1.08,0.00,4.33,0.00,0.00,0.00,29262.0,95830.0,66090.0,29.0,15.0,0.5,36.5,232.461,0.416,0.4,8030011.0
2026-09-09T01:14:34,6.0,18515,1547350,1517634,1.2,0.00,3.59,0.00,19.49,0.00,0.07,0.00,29262.0,95830.0,66090.0,74.0,16.0,0.5,37.5,238.378,0.370,0.3,6996264.0
2026-09-09T01:14:38,5.9,18584,1547350,1517565,1.2,0.00,0.57,0.00,2.28,0.00,0.00,0.00,29262.0,95830.0,66090.0,72.0,21.0,0.5,50.0,242.685,0.362,0.3,7022402.0
2026-09-09T01:14:41,5.1,18625,1547350,1517524,1.2,0.00,1.74,0.00,6.96,0.00,0.20,0.00,29262.0,95830.0,66090.0,100.0,15.0,0.5,36.0,233.390,0.429,0.4,7064284.5
2026-09-09T01:14:44,5.8,18726,1547350,1517422,1.2,0.00,0.65,0.00,2.58,0.00,0.00,0.00,29262.0,95830.0,66090.0,67.0,17.5,0.5,35.0,223.521,0.390,0.4,7228421.5
2026-09-09T01:14:46,6.0,18755,1547350,1517394,1.2,0.00,1.62,0.00,6.49,0.00,0.00,0.00,29262.0,95830.0,66090.0,70.0,8.5,0.5,17.5,209.906,0.386,0.3,7441293.0
2026-09-09T01:14:51,5.1,18880,1547350,1517269,1.2,0.00,0.77,0.00,3.84,0.00,0.00,0.00,29262.0,95830.0,66090.0,100.0,13.0,0.5,32.0,218.310,0.367,0.3,7121236.0
2026-09-09T01:14:55,5.6,18923,1547350,1517226,1.2,0.00,1.12,0.00,4.47,0.00,0.00,0.00,29262.0,95830.0,66090.0,100.0,16.5,0.5,34.0,215.440,0.284,0.2,4825793.0
2026-09-09T01:14:57,3.5,18939,1547350,1517210,1.2,0.00,0.92,0.00,3.70,0.00,0.00,0.00,29262.0,95830.0,66090.0,100.0,19.0,0.5,42.0,213.257,0.371,0.3,6772325.0
2026-09-09T01:15:00,5.5,19000,1547350,1517149,1.2,0.00,0.79,0.00,3.17,0.00,0.50,0.00,29262.0,95830.0,66090.0,33.0,23.5,0.5,53.5,227.087,0.391,0.4,7066478.5
2026-09-09T01:15:02,6.0,19025,1547350,1517124,1.2,0.00,8.12,0.00,36.99,0.00,0.06,0.00,29262.0,95830.0,66090.0,71.0,14.5,0.5,34.0,236.503,0.412,0.4,7853644.0
2026-09-09T01:15:04,6.1,19086,1547350,1517063,1.2,0.00,0.54,0.00,2.16,0.00,0.00,0.00,29262.0,95830.0,66090.0,90.0,17.0,0.5,41.5,241.851,0.364,0.3,7604712.5
2026-09-09T01:15:06,6.1,19110,1547350,1517039,1.2,0.00,1.03,0.00,4.12,0.00,0.00,0.00,29262.0,95830.0,66090.0,74.0,20.5,0.5,48.5,222.412,0.390,0.4,7997585.5
2026-09-09T01:15:07,5.8,19194,1547350,1516955,1.2,0.00,2.81,0.00,13.47,0.00,0.20,0.00,29262.0,95830.0,66090.0,100.0,16.5,0.5,34.5,236.356,0.400,0.4,7012206.0
2026-09-09T01:15:09,6.0,19224,1547350,1516925,1.2,0.00,1.05,0.00,4.18,0.00,0.00,0.00,29262.0,95830.0,66090.0,82.0,19.5,0.5,45.5,234.566,0.388,0.4,7719820.5
2026-09-09T01:15:11,6.2,19241,1547350,1516908,1.2,0.00,0.48,0.00,1.90,0.00,0.00,0.00,29262.0,95830.0,66090.0,100.0,16.0,0.5,39.5,246.656,0.412,0.4,7407245.5
2026-09-09T01:15:13,5.8,19296,1547350,1516853,1.2,0.00,3.12,0.00,12.49,0.00,0.00,0.00,29262.0,95830.0,66090.0,75.0,17.5,0.5,41.0,232.564,0.391,0.4,7342987.0
2026-09-09T01:15:15,5.5,19327,1547350,1516822,1.2,0.00,1.01,0.00,4.06,0.00,0.00,0.00,29262.0,95830.0,66090.0,51.0,17.5,0.5,37.0,236.828,0.411,0.4,7087834.0
2026-09-09T01:15:17,6.2,19370,1547350,1516779,1.3,0.00,1.96,0.00,7.85,0.00,0.00,0.00,29262.0,95830.0,66090.0,68.0,19.0,0.5,43.0,235.588,0.404,0.4,7530604.0
2026-09-09T01:15:19,5.8,19410,1547350,1516739,1.3,0.00,0.92,0.00,3.67,0.00,0.50,0.00,29262.0,95830.0,66090.0,71.0,20.5,0.5,50.5,235.048,0.397,0.4,7655986.0
2026-09-09T01:15:21,6.0,19461,1547350,1516688,1.3,0.00,0.51,0.00,2.02,0.00,0.00,0.00,29262.0,95830.0,66090.0,72.0,15.5,0.5,35.0,233.772,0.375,0.3,7242589.5
2026-09-09T01:15:24,6.4,19542,1547350,1516607,1.3,0.00,1.56,0.00,6.24,0.00,0.00,0.00,29264.0,95830.0,66088.0,0.0,16.5,0.5,36.5,231.547,0.394,0.4,8250612.5
2026-09-09T01:15:26,5.8,19576,1547350,1516572,1.3,0.00,0.80,0.00,3.22,0.00,0.00,0.00,29264.0,95830.0,66088.0,71.0,19.5,0.5,41.0,229.014,0.395,0.4,7326657.0
2026-09-09T01:15:29,5.5,19645,1547350,1516503,1.3,0.00,1.44,0.00,5.77,0.00,0.00,0.00,29264.0,95830.0,66088.0,86.0,18.5,0.5,30.0,229.986,0.387,0.4,7291462.0
2026-09-09T01:15:33,6.1,19730,1547350,1516418,1.3,0.00,1.86,0.00,21.15,0.00,0.00,0.00,29264.0,95830.0,66088.0,68.0,17.5,0.5,42.0,250.591,0.394,0.4,7545065.5
2026-09-09T01:15:37,5.8,19821,1547350,1516327,1.3,0.00,0.92,0.00,3.68,0.00,0.25,0.00,29264.0,95830.0,66088.0,100.0,16.0,0.5,36.0,227.028,0.385,0.3,7037847.0
2026-09-09T01:15:41,6.1,19938,1547350,1516211,1.3,0.00,1.38,0.00,5.51,0.00,0.00,0.00,29264.0,95830.0,66088.0,71.0,23.5,0.5,48.0,207.047,0.384,0.3,7711921.0
2026-09-09T01:15:46,6.0,20032,1547350,1516116,1.3,0.00,0.60,0.00,2.40,0.00,0.00,0.00,29264.0,95830.0,66088.0,70.0,6.5,0.5,16.5,230.791,0.399,0.4,7995642.0
2026-09-09T01:15:50,5.7,20083,1547350,1516066,1.3,0.00,0.47,0.00,1.88,0.00,0.00,0.00,29264.0,95830.0,66088.0,77.0,1.5,0.5,3.5,199.151,0.295,0.3,5804177.5
2026-09-09T01:15:53,4.3,20163,1547350,1515985,1.3,0.00,1.48,0.00,7.42,0.00,0.00,0.00,29264.0,95830.0,66088.0,71.0,21.5,0.5,50.0,223.657,0.380,0.3,7127542.5
2026-09-09T01:15:57,5.8,20251,1547350,1515897,1.3,0.00,1.02,0.00,4.09,0.00,0.25,0.00,29264.0,95830.0,66088.0,70.0,13.5,0.5,32.0,237.293,0.412,0.4,7710624.5
2026-09-09T01:16:02,5.9,20372,1547350,1515777,1.3,0.43,3.21,1.71,17.67,0.00,0.07,0.00,29264.0,95830.0,66088.0,74.0,19.0,0.5,43.0,238.567,0.402,0.4,7446966.5
2026-09-09T01:16:07,6.1,20492,1547350,1515656,1.3,0.00,1.93,0.00,7.25,0.00,0.10,0.00,29264.0,95830.0,66088.0,46.0,17.5,0.5,44.5,223.814,0.403,0.4,7264914.5
2026-09-09T01:16:10,6.2,20603,1547350,1515546,1.3,0.00,15.71,0.00,517.31,0.00,0.20,0.05,29264.0,95830.0,66088.0,79.0,10.5,0.5,22.0,218.195,0.389,0.4,7211003.5
2026-09-09T01:16:15,7.0,20813,1547350,1515336,1.3,0.00,295.94,0.00,3892.13,0.00,0.05,0.35,29264.0,95830.0,66088.0,72.0,17.0,0.5,39.5,232.651,0.396,0.4,7288355.5
2026-09-09T01:16:19,6.2,20672,1547350,1515476,1.3,0.00,2.46,0.00,191.60,0.00,0.20,0.05,29264.0,95830.0,66088.0,72.0,14.0,0.5,31.0,237.876,0.399,0.4,7648986.0
2026-09-09T01:16:24,5.9,20815,1547350,1515333,1.3,0.00,0.45,0.00,1.81,0.00,0.00,0.00,29264.0,95830.0,66088.0,77.0,20.5,0.5,47.5,222.695,0.395,0.4,7415972.5
2026-09-09T01:16:28,5.7,20872,1547350,1515277,1.3,0.00,26.54,0.00,453.34,0.00,0.13,0.04,29264.0,95830.0,66088.0,95.0,20.5,0.5,45.0,224.672,0.391,0.4,7791412.0
2026-09-09T01:16:34,5.8,21010,1547350,1515139,1.4,0.00,10.79,0.00,111.06,0.00,0.12,0.02,29264.0,95830.0,66088.0,69.0,20.0,0.5,47.0,241.552,0.381,0.3,7089515.5
2026-09-09T01:16:40,5.9,21096,1547350,1515053,1.4,0.00,1.05,0.00,4.21,0.00,0.00,0.00,29264.0,95830.0,66088.0,67.0,14.5,0.5,33.5,224.980,0.391,0.4,7405277.0
2026-09-09T01:16:45,5.7,21201,1547350,1514947,1.4,0.00,0.45,0.00,1.80,0.00,0.50,0.00,29264.0,95830.0,66088.0,66.0,25.5,0.5,54.0,233.358,0.389,0.4,7358771.0
2026-09-09T01:16:49,5.9,21294,1547350,1514855,1.4,0.00,0.97,0.00,3.87,0.00,0.00,0.00,29264.0,95830.0,66088.0,73.0,16.0,0.5,36.5,240.608,0.380,0.3,7358639.5
2026-09-09T01:16:53,5.8,21362,1547350,1514786,1.4,0.00,1.00,0.00,4.99,0.00,0.00,0.00,29264.0,95830.0,66088.0,71.0,25.5,0.5,47.5,180.202,0.296,0.3,5924571.0
2026-09-09T01:16:57,5.6,21429,1547350,1514719,1.4,0.00,0.24,0.00,0.96,0.00,0.00,0.00,29264.0,95830.0,66088.0,2.0,17.5,0.5,43.0,236.800,0.407,0.4,6743048.5
2026-09-09T01:17:01,5.8,21551,1547350,1514597,1.4,0.00,4.11,0.00,41.27,0.00,0.11,0.00,29264.0,95830.0,66088.0,100.0,16.5,0.5,35.5,224.963,0.375,0.3,6924352.0
2026-09-09T01:17:05,4.6,21603,1547350,1514546,1.4,0.00,2.94,0.00,11.75,0.00,0.10,0.00,29264.0,95830.0,66088.0,74.0,19.0,0.5,44.0,231.470,0.396,0.4,7228273.5
2026-09-09T01:17:09,5.9,21698,1547350,1514450,1.4,0.00,0.94,0.00,4.72,0.00,0.00,0.00,29264.0,95830.0,66088.0,77.0,28.0,0.5,53.0,231.832,0.395,0.4,7440746.5
2026-09-09T01:17:13,5.6,21785,1547350,1514363,1.4,0.00,0.27,0.00,1.09,0.00,0.00,0.00,29264.0,95830.0,66088.0,69.0,16.0,0.5,34.0,230.392,0.403,0.4,7286537.5
2026-09-09T01:17:18,6.2,21860,1547350,1514288,1.4,0.00,1.50,0.00,12.77,0.00,0.12,0.00,29264.0,95830.0,66088.0,100.0,17.5,0.5,41.5,249.067,0.391,0.4,6855774.0
2026-09-09T01:17:22,6.0,21949,1547350,1514199,1.4,0.00,0.98,0.00,3.92,0.00,0.00,0.00,29264.0,95830.0,66088.0,1.0,11.5,0.5,28.5,229.951,0.326,0.3,6584174.0
2026-09-09T01:17:27,6.3,22039,1547350,1514110,1.4,0.00,1.06,0.00,5.93,0.00,0.00,0.00,29264.0,95830.0,66088.0,100.0,18.5,0.5,44.5,223.457,0.412,0.4,7405054.5
2026-09-09T01:17:31,6.5,22130,1547350,1514018,1.4,0.00,0.97,0.00,3.86,0.00,0.00,0.00,29264.0,95830.0,66088.0,72.0,18.0,0.5,43.5,231.123,0.402,0.4,8226369.0
2026-09-09T01:17:36,6.1,22210,1547350,1513938,1.4,0.00,4.75,0.00,36.99,0.00,0.14,0.00,29264.0,95830.0,66088.0,72.0,21.5,0.5,50.0,229.161,0.380,0.3,7917418.0
2026-09-09T01:17:40,6.4,22297,1547350,1513852,1.4,0.00,1.43,0.00,14.30,0.00,0.00,0.00,29264.0,95830.0,66088.0,79.0,19.0,0.5,41.0,237.310,0.404,0.4,7246247.5
2026-09-09T01:17:45,5.9,22411,1547350,1513738,1.4,0.00,0.82,0.00,3.28,0.00,0.00,0.00,29264.0,95830.0,66088.0,67.0,18.0,0.5,44.0,239.951,0.389,0.4,7756247.5
2026-09-09T01:17:49,5.7,22537,1547350,1513612,1.5,0.00,1.50,0.00,8.55,0.00,0.14,0.00,29264.0,95830.0,66088.0,67.0,22.0,0.5,50.0,229.848,0.397,0.4,7495512.5
2026-09-09T01:17:54,6.0,22620,1547350,1513529,1.5,0.00,0.80,0.00,3.19,0.00,0.00,0.00,29264.0,95830.0,66088.0,73.0,16.0,0.5,38.5,228.822,0.395,0.4,7807736.5
2026-09-09T01:17:59,5.8,22721,1547350,1513427,1.5,0.00,1.15,0.00,12.89,0.00,0.00,0.02,29264.0,95830.0,66088.0,74.0,2.0,0.5,5.5,152.920,0.291,0.2,5587954.5
2026-09-09T01:18:01,5.9,22757,1547350,1513391,1.5,0.00,0.93,0.00,3.71,0.00,0.50,0.00,29264.0,95830.0,66088.0,68.0,18.0,0.5,45.0,242.530,0.399,0.4,7733319.0
2026-09-09T01:18:05,5.9,22839,1547350,1513309,1.5,0.00,2.66,0.00,16.42,0.00,0.09,0.00,29264.0,95830.0,66088.0,78.0,16.5,0.5,35.5,233.692,0.406,0.4,7355991.5
2026-09-09T01:18:09,5.7,22923,1547350,1513227,1.5,0.00,1.29,0.00,8.23,0.00,0.00,0.00,29264.0,95830.0,66088.0,71.0,16.5,0.5,37.0,223.318,0.393,0.4,7602915.5
2026-09-09T01:18:13,5.6,22963,1547350,1513186,1.5,0.00,0.53,0.00,2.12,0.00,0.00,0.00,29264.0,95830.0,66088.0,69.0,15.0,0.5,32.0,219.073,0.382,0.4,6501723.5
2026-09-09T01:18:15,5.3,23018,1547350,1513130,1.5,0.00,2.56,0.00,10.25,0.00,0.14,0.00,29264.0,95830.0,66088.0,61.0,16.5,0.5,38.5,244.633,0.390,0.4,7410659.0
2026-09-09T01:18:20,5.9,23103,1547350,1513045,1.5,0.00,0.72,0.00,11.59,0.00,0.00,0.02,29264.0,95830.0,66088.0,88.0,17.0,0.5,37.5,231.255,0.416,0.4,6579210.0
2026-09-09T01:18:24,5.5,23207,1547350,1512942,1.5,0.00,0.94,0.00,3.74,0.00,0.00,0.00,29264.0,95830.0,66088.0,64.0,14.0,0.5,34.0,236.957,0.426,0.4,6532162.0
2026-09-09T01:18:28,6.4,23306,1547350,1512843,1.5,0.00,1.02,0.00,4.07,0.00,0.00,0.00,29264.0,95830.0,66088.0,72.0,16.5,0.5,38.5,237.428,0.406,0.4,7853707.0
2026-09-09T01:18:31,5.9,23382,1547350,1512767,1.5,0.00,1.11,0.00,4.44,0.00,0.00,0.00,29264.0,95830.0,66088.0,80.0,15.5,0.5,34.5,225.320,0.392,0.4,7410718.0
2026-09-09T01:18:37,5.9,23479,1547350,1512670,1.5,0.00,2.30,0.00,21.61,0.00,0.08,0.00,29264.0,95830.0,66088.0,89.0,21.5,0.5,56.0,234.239,0.399,0.4,7070401.0
2026-09-09T01:18:42,5.6,23589,1547350,1512560,1.5,0.00,0.54,0.00,3.58,0.00,0.00,0.02,29264.0,95830.0,66088.0,68.0,18.0,0.5,42.0,219.539,0.401,0.4,7359104.5
2026-09-09T01:18:47,6.0,23700,1547350,1512449,1.5,0.00,0.82,0.00,3.28,0.00,0.25,0.00,29264.0,95830.0,66088.0,74.0,16.0,0.5,36.5,245.291,0.406,0.4,7570502.5
2026-09-09T01:18:53,5.8,23815,1547350,1512333,1.5,0.00,0.87,0.00,4.18,0.00,0.00,0.00,29264.0,95830.0,66088.0,48.0,19.0,0.5,42.5,232.936,0.404,0.4,7502629.5
2026-09-09T01:18:56,5.7,23877,1547350,1512271,1.5,0.00,0.88,0.00,4.68,0.00,0.00,0.00,29264.0,95830.0,66088.0,74.0,16.5,0.5,37.5,233.421,0.394,0.4,7148112.0
2026-09-09T01:19:01,5.8,24019,1547350,1512129,1.6,0.00,1.78,0.00,7.93,0.00,0.11,0.02,29264.0,95830.0,66088.0,75.0,15.0,0.5,35.0,219.394,0.398,0.4,7306881.5
2026-09-09T01:19:06,5.7,24080,1547350,1512068,1.6,0.00,3.20,0.00,15.05,0.00,0.07,0.00,29264.0,95830.0,66088.0,50.0,22.5,0.5,50.0,247.156,0.410,0.4,7612745.0
2026-09-09T01:19:08,5.3,24114,1547350,1512034,1.6,0.00,0.47,0.00,1.90,0.00,0.00,0.00,29264.0,95830.0,66088.0,71.0,13.0,0.5,29.5,199.132,0.310,0.3,6353824.5
2026-09-09T01:19:12,6.0,24171,1547350,1511978,1.6,0.00,1.57,0.00,6.30,0.00,0.17,0.00,29264.0,95830.0,66088.0,90.0,15.0,0.5,34.5,172.739,0.218,0.2,4496162.0
2026-09-09T01:19:17,5.4,24262,1547350,1511887,1.6,0.00,0.86,0.00,3.42,0.00,0.00,0.00,29264.0,95830.0,66088.0,15.0,15.5,0.5,35.0,239.651,0.362,0.3,7587915.0
2026-09-09T01:19:21,5.8,24362,1547350,1511786,1.6,0.00,0.48,0.00,1.93,0.00,0.00,0.00,29264.0,95830.0,66088.0,100.0,14.5,0.5,33.5,241.370,0.404,0.4,7449716.5
2026-09-09T01:19:25,5.8,24440,1547350,1511708,1.6,0.00,1.24,0.00,4.98,0.00,0.00,0.00,29264.0,95830.0,66088.0,75.0,17.0,0.5,39.5,233.617,0.404,0.4,7558676.0
2026-09-09T01:19:28,5.6,24508,1547350,1511641,1.6,0.00,1.20,0.00,4.80,0.00,0.00,0.00,29264.0,95830.0,66088.0,75.0,24.0,0.5,49.0,218.236,0.376,0.3,7130641.0
2026-09-09T01:19:32,6.1,24554,1547350,1511595,1.6,0.00,0.58,0.00,2.32,0.00,0.00,0.00,29264.0,95830.0,66088.0,71.0,10.5,0.5,23.0,207.591,0.344,0.3,6222730.5
2026-09-09T01:19:34,4.2,24607,1547350,1511542,1.6,0.00,7.46,0.00,69.40,0.00,0.07,0.00,29264.0,95830.0,66088.0,17.0,18.0,0.5,46.0,244.037,0.398,0.4,7408513.5
2026-09-09T01:19:38,5.7,24730,1547350,1511419,1.6,0.00,0.98,0.00,3.93,0.00,0.25,0.00,29264.0,95830.0,66088.0,69.0,8.5,0.5,19.5,218.665,0.345,0.3,7462336.5
2026-09-09T01:19:42,6.1,24815,1547350,1511333,1.6,0.00,0.43,0.00,1.70,0.00,0.00,0.00,29264.0,95830.0,66088.0,72.0,17.5,0.5,41.5,234.370,0.416,0.4,7538138.0
2026-09-09T01:19:48,5.8,24913,1547350,1511236,1.6,0.00,0.71,0.00,3.57,0.00,0.00,0.00,29264.0,95830.0,66088.0,70.0,14.0,0.5,34.5,243.791,0.395,0.4,7626944.5
2026-09-09T01:19:52,5.9,25003,1547350,1511145,1.6,0.00,1.21,0.00,4.84,0.00,0.00,0.00,29264.0,95830.0,66088.0,66.0,15.5,0.5,35.5,234.665,0.391,0.4,7326948.0
2026-09-09T01:19:56,6.0,25119,1547350,1511030,1.6,0.00,0.91,0.00,3.63,0.00,0.00,0.00,29264.0,95830.0,66088.0,72.0,17.0,0.5,39.5,242.946,0.404,0.4,7867601.5
2026-09-09T01:20:03,6.0,25249,1547350,1510899,1.6,0.00,2.09,0.00,10.86,0.00,0.15,0.00,29264.0,95830.0,66088.0,100.0,17.0,0.5,40.5,240.709,0.393,0.4,7200858.0
2026-09-09T01:20:07,5.8,25307,1547350,1510842,1.6,0.00,0.51,0.00,2.02,0.00,0.00,0.00,29264.0,95830.0,66088.0,72.0,18.5,0.5,45.0,222.290,0.402,0.4,7473061.5
2026-09-09T01:20:10,5.7,25387,1547350,1510761,1.6,0.00,1.08,0.00,5.38,0.00,0.00,0.00,29264.0,95830.0,66088.0,68.0,16.5,0.5,37.0,241.692,0.400,0.4,7489175.5
2026-09-09T01:20:15,6.0,25485,1547350,1510664,1.6,0.00,1.43,0.00,5.73,0.00,0.17,0.00,29264.0,95830.0,66088.0,64.0,14.5,0.5,34.5,231.359,0.346,0.3,6247813.0
2026-09-09T01:20:21,5.9,25588,1547350,1510560,1.7,0.00,0.65,0.00,2.61,0.00,0.00,0.00,29264.0,95830.0,66088.0,65.0,27.0,0.5,56.0,231.038,0.405,0.4,7377540.5
2026-09-09T01:20:24,5.6,25666,1547350,1510482,1.7,0.00,0.27,0.00,1.07,0.00,0.00,0.00,29264.0,95830.0,66088.0,30.0,16.0,0.5,36.0,233.192,0.389,0.4,7327620.5
2026-09-09T01:20:28,5.9,25736,1547350,1510413,1.7,0.00,1.69,0.00,6.76,0.00,0.00,0.00,29264.0,95830.0,66088.0,74.0,0.0,0.5,0.0,129.478,0.241,0.2,5506445.5
2026-09-09T01:20:33,5.7,25847,1547350,1510302,1.7,0.00,2.18,0.00,16.26,0.00,0.08,0.00,29264.0,95830.0,66088.0,73.0,16.0,0.5,37.5,238.571,0.402,0.4,7502958.0
2026-09-09T01:20:37,5.8,25949,1547350,1510199,1.7,0.00,1.00,0.00,4.02,0.00,0.00,0.00,29264.0,95830.0,66088.0,100.0,15.0,0.5,38.5,238.853,0.396,0.4,7868055.5
2026-09-09T01:20:43,6.0,26043,1547350,1510105,1.7,0.00,0.78,0.00,3.13,0.00,0.00,0.00,29264.0,95830.0,66088.0,75.0,17.0,0.5,37.0,217.066,0.346,0.3,6179766.0
2026-09-09T01:20:46,4.2,26104,1547350,1510045,1.7,0.00,1.28,0.00,6.15,0.00,0.20,0.00,29264.0,95830.0,66088.0,70.0,15.5,0.5,37.5,226.494,0.407,0.4,7625055.0
2026-09-09T01:20:51,5.9,26220,1547350,1509929,1.7,0.00,1.04,0.00,4.16,0.00,0.00,0.00,29264.0,95830.0,66088.0,81.0,17.0,0.5,39.5,227.200,0.399,0.4,7346518.5
2026-09-09T01:20:58,5.7,26351,1547350,1509797,1.7,0.00,0.57,0.00,2.30,0.00,0.00,0.01,29264.0,95830.0,66088.0,76.0,18.5,0.5,39.5,240.254,0.404,0.4,7189503.0
2026-09-09T01:21:04,5.8,26470,1547350,1509679,1.7,0.00,2.22,0.00,10.72,0.00,0.08,0.00,29264.0,95830.0,66088.0,72.0,17.0,0.5,37.5,238.715,0.401,0.4,7418371.0
2026-09-09T01:21:08,5.8,26556,1547350,1509593,1.7,0.00,0.49,0.00,1.96,0.00,0.00,0.00,29264.0,95830.0,66088.0,71.0,21.5,0.5,49.5,216.302,0.382,0.3,7167599.5
2026-09-09T01:21:11,5.7,26587,1547350,1509562,1.7,0.00,1.12,0.00,5.58,0.00,0.25,0.00,29264.0,95830.0,66088.0,63.0,12.0,0.5,27.0,232.997,0.402,0.4,7619463.5
2026-09-09T01:21:13,5.3,26642,1547350,1509507,1.7,0.00,0.58,0.00,2.31,0.00,0.00,0.00,29264.0,95830.0,66088.0,71.0,19.0,0.5,41.0,251.925,0.414,0.4,7938701.5
2026-09-09T01:21:15,5.8,26708,1547350,1509441,1.7,0.00,0.86,0.00,3.44,0.00,0.00,0.00,29264.0,95830.0,66088.0,27.0,18.0,0.5,36.0,245.174,0.392,0.4,7700683.0
2026-09-09T01:21:17,5.8,26734,1547350,1509414,1.7,0.00,3.36,0.00,15.68,0.00,0.00,0.00,29264.0,95830.0,66088.0,100.0,15.5,0.5,36.5,242.050,0.417,0.4,7740488.0
2026-09-09T01:21:19,6.0,26762,1547350,1509387,1.7,0.00,0.97,0.00,3.88,0.00,0.00,0.00,29264.0,95830.0,66088.0,67.0,20.0,0.5,49.0,240.172,0.399,0.4,7383663.5
2026-09-09T01:21:22,5.7,26809,1547350,1509340,1.7,0.00,1.63,0.00,6.50,0.00,0.25,0.00,29264.0,95830.0,66088.0,71.0,18.0,0.5,41.0,235.308,0.410,0.4,8249775.0
2026-09-09T01:21:24,5.8,26894,1547350,1509254,1.7,0.00,0.37,0.00,1.47,0.00,0.00,0.00,29264.0,95830.0,66088.0,69.0,12.5,0.5,31.0,228.026,0.381,0.3,7441963.0
2026-09-09T01:21:28,5.7,26971,1547350,1509178,1.7,0.00,1.55,0.00,6.21,0.00,0.00,0.03,29264.0,95830.0,66088.0,94.0,17.0,0.5,35.5,236.924,0.393,0.4,7177055.5
2026-09-09T01:21:32,5.9,27032,1547350,1509117,1.7,0.00,0.78,0.00,3.12,0.00,0.00,0.00,29264.0,95830.0,66088.0,92.0,4.5,0.5,10.5,223.017,0.329,0.3,6246577.0
2026-09-09T01:21:37,3.8,27305,1547350,1508843,1.8,0.00,1.40,0.00,14.70,0.00,0.14,0.00,29264.0,95830.0,66088.0,70.0,17.5,0.5,40.0,229.673,0.421,0.4,7218297.5
2026-09-09T01:21:39,6.9,27742,1547350,1508407,1.8,0.00,1.77,0.00,7.07,0.00,0.00,0.00,29264.0,95830.0,66088.0,70.0,15.5,0.5,37.0,242.793,0.414,0.4,7782491.5
2026-09-09T01:21:44,6.3,28725,1547350,1507423,1.9,0.00,0.92,0.00,4.61,0.00,0.00,0.02,29264.0,95830.0,66088.0,71.0,18.5,0.5,42.5,228.373,0.394,0.4,7884378.0
2026-09-09T01:21:49,6.9,29005,1547350,1507144,1.9,0.00,0.76,0.00,3.06,0.00,0.00,0.00,29264.0,95830.0,66088.0,61.0,28.0,0.5,54.5,232.100,0.383,0.4,6845151.0
2026-09-09T01:21:50,5.8,28934,1547350,1507214,1.9,0.00,1.00,0.00,4.01,0.00,0.00,0.00,29264.0,95830.0,66088.0,0.0,16.5,0.5,41.5,206.257,0.177,0.1,4190863.5
2026-09-09T01:21:54,5.5,29039,1547350,1507109,1.9,0.00,1.26,0.00,5.03,0.00,0.20,0.00,29264.0,95830.0,66088.0,54.0,10.0,0.5,22.0,225.825,0.393,0.4,7728789.0
2026-09-09T01:22:00,6.0,29154,1547350,1506994,1.9,0.00,0.62,0.00,2.48,0.00,0.00,0.00,29264.0,95830.0,66088.0,73.0,18.5,0.5,41.5,236.170,0.385,0.4,7798650.0
2026-09-09T01:22:04,5.8,29247,1547350,1506901,1.9,0.00,3.23,0.00,16.54,0.00,0.08,0.02,29264.0,95830.0,66088.0,67.0,18.5,0.5,43.5,234.236,0.399,0.4,7302908.0
2026-09-09T01:22:09,6.0,29375,1547350,1506773,1.9,0.00,0.49,0.00,1.94,0.00,0.00,0.00,29264.0,95830.0,66088.0,69.0,19.5,0.5,43.5,229.214,0.390,0.4,7559337.0
2026-09-09T01:22:14,6.1,29433,1547350,1506715,1.9,0.00,1.06,0.00,4.93,0.00,0.00,0.00,29264.0,95830.0,66088.0,73.0,22.0,0.5,49.0,226.062,0.397,0.4,7318389.5
2026-09-09T01:22:19,5.8,29517,1547350,1506631,1.9,0.00,0.84,0.00,3.34,0.00,0.25,0.02,29264.0,95830.0,66088.0,55.0,15.0,0.5,33.5,234.663,0.396,0.4,7508384.0
2026-09-09T01:22:24,6.0,29647,1547350,1506502,1.9,0.00,0.87,0.00,3.48,0.00,0.00,0.00,29264.0,95830.0,66088.0,76.0,9.5,0.5,20.0,213.738,0.372,0.3,7049122.0
2026-09-09T01:22:27,4.6,29670,1547350,1506479,1.9,0.00,0.60,0.00,2.40,0.00,0.00,0.00,29264.0,95830.0,66088.0,72.0,6.0,0.5,14.0,229.833,0.378,0.3,6961793.0
2026-09-09T01:22:31,5.3,29765,1547350,1506384,1.9,0.00,1.22,0.00,5.85,0.00,0.00,0.00,29264.0,95830.0,66088.0,72.0,21.5,0.5,46.5,228.853,0.399,0.4,7714255.5
2026-09-09T01:22:34,6.9,29860,1547350,1506289,1.9,0.00,1.73,0.00,10.81,0.00,0.17,0.03,29264.0,95830.0,66088.0,100.0,18.5,0.5,41.0,234.885,0.385,0.3,7740845.5
2026-09-09T01:22:37,5.9,29917,1547350,1506232,1.9,0.00,0.69,0.00,2.77,0.00,0.00,0.00,29264.0,95830.0,66088.0,72.0,17.0,0.5,40.5,235.945,0.378,0.3,7478382.5
2026-09-09T01:22:40,6.4,29978,1547350,1506170,1.9,0.00,1.71,0.00,6.85,0.00,0.00,0.00,29264.0,95830.0,66088.0,30.0,16.5,0.5,40.0,242.166,0.376,0.3,7386775.0
2026-09-09T01:22:43,6.8,30038,1547350,1506110,1.9,0.00,0.68,0.00,2.72,0.00,0.00,0.00,29264.0,95830.0,66088.0,88.0,15.5,0.5,34.5,246.365,0.420,0.4,7386514.5
2026-09-09T01:22:46,6.5,30092,1547350,1506057,1.9,0.00,1.04,0.00,5.53,0.00,0.00,0.00,29264.0,95830.0,66088.0,66.0,15.5,0.5,32.0,248.942,0.419,0.4,7427061.5
2026-09-09T01:22:49,6.4,30144,1547350,1506005,1.9,0.00,0.68,0.00,2.71,0.00,0.00,0.00,29264.0,95830.0,66088.0,90.0,17.5,0.5,40.5,243.243,0.423,0.4,7613537.5
2026-09-09T01:22:51,6.6,30219,1547350,1505930,2.0,0.00,1.34,0.00,5.38,0.00,0.25,0.00,29264.0,95830.0,66088.0,90.0,21.0,0.5,47.5,241.717,0.405,0.4,7862705.5
2026-09-09T01:22:55,6.6,30321,1547350,1505828,2.0,0.00,0.64,0.00,2.55,0.00,0.00,0.00,29264.0,95830.0,66088.0,100.0,18.0,0.5,43.0,244.572,0.402,0.4,7729704.5
2026-09-09T01:22:58,6.5,30367,1547350,1505782,2.0,0.00,1.70,0.00,6.81,0.00,0.00,0.00,29264.0,95830.0,66088.0,67.0,18.5,0.5,42.0,236.398,0.403,0.4,7918734.5
2026-09-09T01:23:00,6.1,30409,1547350,1505740,2.0,0.00,0.77,0.00,3.07,0.00,0.00,0.00,29264.0,95830.0,66088.0,60.0,18.0,0.5,40.5,237.877,0.391,0.4,7842867.5
2026-09-09T01:23:03,6.8,30469,1547350,1505679,2.0,0.00,3.95,0.00,15.79,0.00,0.10,0.00,29264.0,95830.0,66088.0,68.0,22.0,0.5,50.0,242.388,0.396,0.4,7683669.0
2026-09-09T01:23:07,6.5,30575,1547350,1505574,2.0,0.00,3.62,0.00,16.15,0.00,0.07,0.00,29264.0,95830.0,66088.0,71.0,18.0,0.5,35.0,221.365,0.389,0.4,7783695.0
2026-09-09T01:23:10,6.6,30627,1547350,1505521,2.0,0.00,0.62,0.00,2.49,0.00,0.00,0.00,29264.0,95830.0,66088.0,89.0,17.5,0.5,42.0,241.962,0.417,0.4,8261016.0
2026-09-09T01:23:13,6.4,30692,1547350,1505457,2.0,0.00,1.78,0.00,9.49,0.00,0.00,0.00,29264.0,95830.0,66088.0,66.0,4.5,0.5,11.5,131.696,0.266,0.2,6235250.5
2026-09-09T01:23:16,5.7,30768,1547350,1505380,2.0,0.00,0.73,0.00,2.91,0.00,0.00,0.00,29264.0,95830.0,66088.0,75.0,15.5,0.5,53.5,242.359,0.395,0.4,7301148.5
2026-09-09T01:23:19,6.8,30830,1547350,1505319,2.0,0.00,1.47,0.00,5.89,0.00,0.00,0.00,29264.0,95830.0,66088.0,76.0,24.0,0.5,50.0,244.099,0.404,0.4,7521399.5
2026-09-09T01:23:21,6.2,30874,1547350,1505275,2.0,0.00,0.38,0.00,1.52,0.00,0.00,0.00,29264.0,95830.0,66088.0,56.0,15.0,0.5,34.0,246.059,0.426,0.4,7845889.0
2026-09-09T01:23:24,6.3,30927,1547350,1505221,2.0,0.00,1.67,0.00,6.67,0.00,0.25,0.00,29264.0,95830.0,66088.0,100.0,24.0,0.5,52.0,255.308,0.423,0.4,7258956.0
2026-09-09T01:23:27,6.8,30973,1547350,1505175,2.0,0.00,0.65,0.00,2.60,0.00,0.00,0.00,29264.0,95830.0,66088.0,85.0,20.0,0.5,47.0,227.512,0.405,0.4,7980594.5
2026-09-09T01:23:29,6.2,31061,1547350,1505088,2.0,0.00,1.82,0.00,7.26,0.00,0.00,0.00,29264.0,95830.0,66088.0,55.0,20.5,0.5,48.0,230.794,0.388,0.4,7879597.5
2026-09-09T01:23:32,6.5,31140,1547350,1505009,2.0,0.00,0.80,0.00,3.19,0.00,0.00,0.00,29264.0,95830.0,66088.0,94.0,17.5,0.5,42.0,241.894,0.415,0.4,7890034.5
2026-09-09T01:23:36,6.3,31210,1547350,1504938,2.0,0.00,2.42,0.00,22.87,0.00,0.11,0.00,29264.0,95830.0,66088.0,84.0,10.0,0.5,26.0,229.242,0.398,0.4,7964563.0
2026-09-09T01:23:39,6.8,31292,1547350,1504857,2.0,0.00,0.60,0.00,2.38,0.00,0.00,0.00,29264.0,95830.0,66088.0,69.0,17.0,0.5,38.5,223.010,0.386,0.3,7470429.0
2026-09-09T01:23:42,6.2,31342,1547350,1504806,2.0,0.00,1.48,0.00,5.91,0.00,0.00,0.00,29264.0,95830.0,66088.0,56.0,16.5,0.5,39.5,234.790,0.418,0.4,7969550.5
2026-09-09T01:23:44,6.4,31369,1547350,1504779,2.0,0.00,1.08,0.00,4.32,0.00,0.00,0.00,29264.0,95830.0,66088.0,76.0,14.0,0.5,29.0,220.082,0.388,0.4,7169291.5
2026-09-09T01:23:46,4.8,31414,1547350,1504735,2.0,0.00,1.62,0.00,8.10,0.00,0.00,0.00,29264.0,95830.0,66088.0,66.0,14.5,0.5,34.5,225.106,0.380,0.4,5626837.0
2026-09-09T01:23:48,4.9,32161,1547350,1503988,2.1,0.00,1.02,0.00,4.08,0.00,0.00,0.00,29264.0,95830.0,66088.0,81.0,16.5,0.5,40.5,227.316,0.387,0.3,7596278.0
2026-09-09T01:23:50,7.8,32718,1547350,1503430,2.1,0.00,1.01,0.00,4.03,0.00,0.00,0.00,29264.0,95830.0,66088.0,71.0,18.5,0.5,46.0,234.339,0.410,0.4,8129853.0
2026-09-09T01:23:52,7.5,36435,1547350,1499713,2.4,0.00,1.93,0.00,7.72,0.00,0.25,0.00,29264.0,95830.0,66088.0,78.0,21.5,0.5,44.5,214.880,0.395,0.4,7639493.5
2026-09-09T01:23:58,6.9,36618,1547350,1499530,2.4,0.00,0.90,0.00,10.03,0.00,0.00,0.00,29264.0,95830.0,66088.0,61.0,26.0,0.5,55.5,254.831,0.456,0.4,7461958.0
2026-09-09T01:23:59,7.3,36667,1547350,1499482,2.4,0.00,0.58,0.00,2.33,0.00,0.00,0.00,29264.0,95830.0,66088.0,70.0,15.5,0.5,36.0,235.246,0.391,0.4,7818630.0
2026-09-09T01:24:02,8.0,36751,1547350,1499397,2.4,0.00,0.82,0.00,3.26,0.00,0.00,0.00,29264.0,95830.0,66088.0,48.0,21.5,0.5,48.0,244.065,0.400,0.4,8090527.0
2026-09-09T01:24:05,7.8,36833,1547350,1499316,2.4,0.00,3.59,0.00,14.35,0.00,0.09,0.00,29264.0,95830.0,66088.0,78.0,17.5,0.5,40.0,231.733,0.412,0.4,7453654.0
2026-09-09T01:24:06,5.8,36866,1547350,1499283,2.4,0.00,7.71,0.00,46.26,0.00,0.00,0.00,29264.0,95830.0,66088.0,72.0,14.5,0.5,38.0,222.184,0.369,0.3,7756358.0
2026-09-09T01:24:08,7.8,36940,1547350,1499209,2.4,0.00,2.00,0.00,11.22,0.00,0.20,0.00,29264.0,95830.0,66088.0,100.0,18.0,0.5,37.5,223.055,0.404,0.4,7682064.0
2026-09-09T01:24:11,9.0,37137,1547350,1499011,2.4,0.00,0.73,0.00,2.92,0.00,0.00,0.00,29264.0,95830.0,66088.0,64.0,20.5,0.5,48.0,235.901,0.421,0.4,7924771.5
2026-09-09T01:24:14,15.1,37224,1547350,1498925,2.4,0.00,1.95,0.00,9.11,0.00,0.00,0.00,29264.0,95830.0,66088.0,95.0,25.5,0.5,57.0,236.034,0.398,0.4,7842940.0
2026-09-09T01:24:16,14.6,37275,1547350,1498874,2.4,0.00,0.45,0.00,1.81,0.00,0.00,0.00,29264.0,95830.0,66088.0,53.0,12.5,0.5,29.5,239.765,0.398,0.4,7842940.0
2026-09-09T01:24:17,14.7,37294,1547350,1498854,2.4,0.00,3.33,0.00,53.27,0.00,0.00,0.00,29264.0,95830.0,66088.0,73.0,24.5,0.5,58.5,242.852,0.418,0.4,7456436.5
2026-09-09T01:24:20,15.0,37338,1547350,1498811,2.4,0.00,1.25,0.00,5.01,0.00,0.25,0.00,29264.0,95830.0,66088.0,72.0,16.0,0.5,36.5,233.256,0.382,0.3,7778446.5
2026-09-09T01:24:23,15.1,37393,1547350,1498756,2.4,0.00,0.83,0.00,3.33,0.00,0.00,0.04,29264.0,95830.0,66088.0,73.0,17.5,0.5,40.0,230.498,0.381,0.3,7853956.5
2026-09-09T01:24:26,15.3,37487,1547350,1498662,2.4,0.00,1.50,0.00,6.01,0.00,0.00,0.00,29264.0,95830.0,66088.0,68.0,24.5,0.5,56.0,230.782,0.387,0.4,7957290.0
2026-09-09T01:24:28,14.9,37542,1547350,1498607,2.4,0.00,1.37,0.00,9.13,0.00,0.00,0.00,29264.0,95830.0,66088.0,77.0,18.0,0.5,40.5,222.996,0.404,0.4,7603396.5
2026-09-09T01:24:32,11.2,37590,1547350,1498558,2.4,0.00,1.21,0.00,4.82,0.00,0.00,0.00,29264.0,95830.0,66088.0,78.0,17.5,0.5,44.0,238.179,0.400,0.4,7616057.0
2026-09-09T01:24:35,6.6,37720,1547350,1498429,2.4,0.00,2.90,0.00,27.20,0.00,0.11,0.00,29264.0,95830.0,66088.0,78.0,20.5,0.5,47.0,241.267,0.336,0.3,6755291.5
2026-09-09T01:24:39,6.5,37811,1547350,1498338,2.4,0.00,1.35,0.00,15.15,0.00,0.00,0.00,29264.0,95830.0,66088.0,73.0,15.5,0.5,38.0,222.916,0.375,0.3,7378446.5
2026-09-09T01:24:44,6.4,39153,1547350,1496996,2.5,0.00,0.35,0.00,1.41,0.00,0.00,0.00,29264.0,95830.0,66088.0,70.0,8.5,0.5,19.5,230.403,0.386,0.3,7776059.0
2026-09-09T01:24:47,7.5,41362,1547350,1494786,2.7,0.00,0.85,0.00,3.42,0.00,0.00,0.04,29264.0,95830.0,66088.0,13.0,4.5,0.5,11.5,145.615,0.248,0.2,5506806.5
2026-09-09T01:24:47,6.5,41965,1547350,1494184,2.7,0.00,3.91,0.00,20.83,0.00,0.33,0.00,29264.0,95830.0,66088.0,13.0,2.0,0.5,4.0,122.954,0.248,0.2,5506806.5
2026-09-09T01:24:48,7.9,43381,1547350,1492768,2.8,0.00,3.92,0.00,31.37,0.00,0.00,0.00,29264.0,95830.0,66088.0,46.0,26.5,0.5,56.0,219.089,0.400,0.4,7417173.5
2026-09-09T01:24:51,7.3,40209,1547350,1495939,2.6,0.00,20.54,0.00,155.58,0.00,0.07,0.00,29264.0,95830.0,66088.0,68.0,17.5,0.5,39.0,246.450,0.000,0.0,0.0
2026-09-09T01:26:04,6.5,39580,1547350,1496569,2.6,0.00,0.03,0.00,0.11,0.00,0.00,0.00,29264.0,95830.0,66088.0,100.0,17.5,0.5,40.0,236.580,0.000,0.0,0.0
2026-09-09T01:26:06,14.8,39630,1547350,1496518,2.6,0.00,6.24,0.00,27.21,0.00,0.09,0.00,29264.0,95830.0,66088.0,78.0,17.5,0.5,37.0,242.560,0.379,0.3,7670183.5
2026-09-09T01:26:08,15.0,39680,1547350,1496469,2.6,0.00,2.34,0.00,15.93,0.00,0.20,0.00,29264.0,95830.0,66088.0,67.0,18.5,0.5,41.0,236.601,0.412,0.4,7649052.5
2026-09-09T01:26:10,15.0,39715,1547350,1496434,2.6,0.00,1.13,0.00,9.04,0.00,0.00,0.00,29264.0,95830.0,66088.0,75.0,10.0,0.5,24.0,227.324,0.392,0.4,7917442.5
2026-09-09T01:26:12,14.6,39784,1547350,1496365,2.6,0.00,3.07,0.00,14.32,0.00,0.00,0.00,29264.0,95830.0,66088.0,80.0,19.5,0.5,41.0,242.126,0.439,0.4,8285664.5
2026-09-09T01:26:14,15.0,39834,1547350,1496315,2.6,0.00,1.05,0.00,4.22,0.00,0.00,0.00,29264.0,95830.0,66088.0,74.0,18.0,0.5,43.0,247.013,0.387,0.3,7390680.5
2026-09-09T01:26:16,14.8,39900,1547350,1496249,2.6,0.00,0.95,0.00,3.79,0.00,0.00,0.00,29264.0,95830.0,66088.0,93.0,21.0,0.5,50.5,226.600,0.400,0.4,7553836.0
2026-09-09T01:26:17,14.2,39913,1547350,1496236,2.6,0.00,3.07,0.00,12.27,0.00,0.25,0.00,29264.0,95830.0,66088.0,67.0,20.0,0.5,46.5,234.509,0.424,0.4,7830458.5
2026-09-09T01:26:19,10.9,39959,1547350,1496190,2.6,0.00,0.93,0.00,3.73,0.00,0.00,0.00,29264.0,95830.0,66088.0,73.0,18.0,0.5,40.0,229.483,0.388,0.4,7941910.0
2026-09-09T01:26:21,8.1,40042,1547350,1496107,2.6,0.00,1.52,0.00,24.37,0.00,0.00,0.00,29264.0,95830.0,66088.0,93.0,24.0,0.5,49.5,249.224,0.428,0.4,7457064.5
2026-09-09T01:26:22,7.2,40059,1547350,1496090,2.6,0.00,0.93,0.00,3.72,0.00,0.00,0.00,29264.0,95830.0,66088.0,97.0,25.0,0.5,61.5,248.163,0.428,0.4,7457064.5
2026-09-09T01:26:23,9.0,40075,1547350,1496074,2.6,0.00,8.58,0.00,34.31,0.00,0.00,0.00,29264.0,95830.0,66088.0,11.0,16.5,0.5,41.0,225.315,0.403,0.4,7539676.0
2026-09-09T01:26:25,7.2,40104,1547350,1496045,2.6,0.00,0.90,0.00,3.58,0.00,0.00,0.00,29264.0,95830.0,66088.0,62.0,20.0,0.5,46.0,230.957,0.400,0.4,7993520.5
2026-09-09T01:26:27,7.6,40227,1547350,1495922,2.6,0.00,2.19,0.00,8.75,0.00,0.00,0.05,29264.0,95830.0,66088.0,36.0,2.5,0.5,6.5,139.862,0.338,0.3,7223519.5
2026-09-09T01:26:31,5.9,40243,1547350,1495906,2.6,0.00,0.25,0.00,1.00,0.00,0.00,0.00,29264.0,95830.0,66088.0,0.0,4.0,0.5,9.0,123.796,0.338,0.3,7223519.5
2026-09-09T01:26:31,6.3,40273,1547350,1495876,2.6,0.00,4.07,0.00,32.59,0.00,0.00,0.00,29264.0,95830.0,66088.0,71.0,17.5,0.5,40.0,238.942,0.218,0.2,4899896.5
2026-09-09T01:26:33,7.4,41653,1547350,1494496,2.7,0.00,1.16,0.00,4.62,0.00,0.50,0.00,29264.0,95830.0,66088.0,72.0,21.0,0.5,49.0,242.365,0.406,0.4,7764481.0
2026-09-09T01:26:35,7.8,43381,1547350,1492768,2.8,0.00,2.02,0.00,8.06,0.00,0.00,0.00,29264.0,95830.0,66088.0,72.0,5.5,0.5,14.5,229.568,0.393,0.4,8206929.5
2026-09-09T01:26:36,6.1,45431,1547350,1490718,2.9,0.00,3.98,0.00,15.90,0.00,0.00,0.00,29264.0,95830.0,66088.0,75.0,21.5,0.5,50.0,229.910,0.390,0.4,7410703.5
2026-09-09T01:26:38,7.6,46808,1547350,1489341,3.0,0.00,4.87,0.00,40.06,0.00,0.08,0.04,29264.0,95830.0,66088.0,94.0,16.0,0.5,38.5,210.790,0.396,0.4,7522950.5
2026-09-09T01:27:52,6.4,42000,1547350,1494149,2.7,0.00,0.80,0.00,6.25,0.00,0.08,0.00,29264.0,95830.0,66088.0,25.0,13.5,0.5,33.0,223.579,0.000,0.0,0.0
2026-09-09T01:27:53,14.8,42016,1547350,1494133,2.7,0.00,2.64,0.00,42.18,0.00,0.00,0.09,29264.0,95830.0,66088.0,69.0,14.5,0.5,37.0,252.146,0.000,0.0,0.0
2026-09-09T01:27:55,16.1,42039,1547350,1494110,2.7,0.00,2.14,0.00,8.55,0.00,0.00,0.00,29264.0,95830.0,66088.0,70.0,10.0,0.5,24.0,226.185,0.000,0.0,0.0
2026-09-09T01:27:55,16.8,42111,1547350,1494038,2.7,0.00,3.57,0.00,14.29,0.00,0.00,0.00,29264.0,95830.0,66088.0,69.0,17.0,0.5,35.5,237.677,0.364,0.3,7205308.0
2026-09-09T01:27:58,14.9,42166,1547350,1493983,2.7,0.00,0.70,0.00,2.82,0.00,0.00,0.00,29264.0,95830.0,66088.0,70.0,31.0,0.5,60.0,230.340,0.411,0.4,7795995.0
2026-09-09T01:27:59,14.9,42186,1547350,1493963,2.7,0.00,2.70,0.00,10.79,0.00,0.00,0.00,29264.0,95830.0,66088.0,68.0,22.5,0.5,50.0,236.787,0.393,0.4,7786161.5
2026-09-09T01:28:01,14.7,42219,1547350,1493930,2.7,0.00,1.06,0.00,4.26,0.00,0.00,0.00,29264.0,95830.0,66088.0,74.0,21.5,0.5,49.5,231.408,0.396,0.4,7288486.0
2026-09-09T01:28:03,15.5,42248,1547350,1493901,2.7,0.00,0.59,0.00,2.34,0.00,0.00,0.00,29264.0,95830.0,66088.0,72.0,17.5,0.5,40.5,235.663,0.396,0.4,7288486.0
2026-09-09T01:28:03,13.9,42273,1547350,1493876,2.7,0.00,3.69,0.00,14.76,0.00,0.50,0.00,29264.0,95830.0,66088.0,64.0,18.0,0.5,39.5,228.932,0.402,0.4,7958145.0
2026-09-09T01:28:06,15.3,42333,1547350,1493816,2.7,0.00,4.54,0.00,18.14,0.00,0.00,0.00,29264.0,95830.0,66088.0,67.0,18.5,0.5,44.0,227.805,0.386,0.3,7750975.0
2026-09-09T01:28:07,15.5,42357,1547350,1493792,2.7,0.00,3.17,0.00,17.42,0.00,0.20,0.06,29264.0,95830.0,66088.0,74.0,14.5,0.5,32.5,233.752,0.387,0.3,7270039.0
2026-09-09T01:28:09,14.7,42389,1547350,1493760,2.7,0.00,0.97,0.00,3.88,0.00,0.00,0.00,29264.0,95830.0,66088.0,72.0,19.0,0.5,45.5,246.760,0.387,0.3,7270039.0
2026-09-09T01:28:10,11.1,42428,1547350,1493721,2.7,0.00,1.25,0.00,5.01,0.00,0.00,0.00,29264.0,95830.0,66088.0,62.0,13.0,0.5,29.5,228.600,0.411,0.4,7838183.5
2026-09-09T01:28:11,6.8,42445,1547350,1493704,2.7,0.00,5.47,0.00,21.88,0.00,0.00,0.00,29264.0,95830.0,66088.0,68.0,3.5,0.5,8.0,178.351,0.324,0.3,6608905.0
2026-09-09T01:28:13,7.9,42464,1547350,1493685,2.7,0.00,0.51,0.00,2.04,0.00,0.00,0.00,29264.0,95830.0,66088.0,0.0,4.5,0.5,11.0,122.469,0.324,0.3,6608905.0
2026-09-09T01:28:14,7.9,42478,1547350,1493672,2.7,0.00,4.32,0.00,28.78,0.00,0.00,0.00,29264.0,95830.0,66088.0,27.0,19.0,0.5,41.5,238.173,0.284,0.2,6265832.0
2026-09-09T01:28:16,7.4,42585,1547350,1493564,2.8,0.00,0.81,0.00,3.23,0.00,0.00,0.00,29264.0,95830.0,66088.0,79.0,17.0,0.5,35.0,239.666,0.395,0.4,7704983.5
2026-09-09T01:28:18,6.3,42635,1547350,1493514,2.8,0.00,3.04,0.00,13.88,0.00,0.14,0.04,29264.0,95830.0,66088.0,85.0,24.0,0.5,50.0,224.272,0.363,0.3,5471390.5
2026-09-09T01:28:20,11.6,42636,1547350,1493513,2.8,0.00,2.61,0.00,10.43,0.00,0.00,0.00,29264.0,95830.0,66088.0,69.0,22.0,0.5,40.5,214.712,0.370,0.3,6108894.0
2026-09-09T01:28:21,11.5,42649,1547350,1493501,2.8,0.00,1.96,0.00,7.83,0.00,0.00,0.00,29264.0,95830.0,66088.0,91.0,8.5,0.5,18.5,217.296,0.377,0.3,6828533.0
2026-09-09T01:28:24,14.9,42743,1547350,1493406,2.8,0.00,1.94,0.00,21.68,0.00,0.00,0.00,29264.0,95830.0,66088.0,76.0,19.0,0.5,41.5,239.369,0.384,0.3,7523650.5
2026-09-09T01:28:26,14.6,42789,1547350,1493360,2.8,0.00,0.90,0.00,3.60,0.00,0.50,0.00,29264.0,95830.0,66088.0,77.0,21.0,0.5,50.0,233.338,0.412,0.4,7189023.0
2026-09-09T01:28:27,14.9,42801,1547350,1493349,2.8,0.00,2.31,0.00,9.24,0.00,0.00,0.00,29264.0,95830.0,66088.0,62.0,17.0,0.5,40.0,196.490,0.377,0.3,7744255.0
2026-09-09T01:28:30,14.6,42859,1547350,1493290,2.8,0.00,0.62,0.00,2.47,0.00,0.00,0.00,29264.0,95830.0,66088.0,63.0,29.5,0.5,58.0,226.459,0.392,0.4,7722149.0
2026-09-09T01:28:34,14.0,42924,1547350,1493225,2.8,0.00,1.53,0.00,8.55,0.00,0.00,0.00,29264.0,95830.0,66088.0,68.0,5.5,0.5,13.0,204.773,0.341,0.3,7418454.0
2026-09-09T01:28:37,7.5,43020,1547350,1493129,2.8,0.00,2.19,0.00,24.52,0.00,0.14,0.00,29264.0,95830.0,66088.0,77.0,17.5,0.5,41.0,241.048,0.400,0.4,7712215.5
2026-09-09T01:28:40,7.0,43081,1547350,1493069,2.8,0.00,1.39,0.00,6.94,0.00,0.00,0.00,29264.0,95830.0,66088.0,70.0,18.0,0.5,43.0,235.509,0.407,0.4,8067341.0
2026-09-09T01:28:43,9.1,43148,1547350,1493001,2.8,0.00,0.72,0.00,2.88,0.00,0.00,0.00,29264.0,95830.0,66088.0,20.0,16.0,0.5,38.0,244.969,0.437,0.4,7705088.5
2026-09-09T01:28:45,14.5,43225,1547350,1492924,2.8,0.00,2.05,0.00,20.53,0.00,0.00,0.00,29264.0,95830.0,66088.0,68.0,17.5,0.5,41.5,235.691,0.395,0.4,7901523.0
2026-09-09T01:28:49,14.8,43294,1547350,1492855,2.8,0.00,0.66,0.00,2.62,0.00,0.00,0.00,29264.0,95830.0,66088.0,47.0,16.5,0.5,39.5,241.285,0.401,0.4,7818638.0
2026-09-09T01:28:51,14.9,43357,1547350,1492792,2.8,0.00,1.73,0.00,6.93,0.00,0.25,0.00,29264.0,95830.0,66088.0,68.0,14.5,0.5,32.5,232.989,0.408,0.4,7833979.5
2026-09-09T01:28:54,14.8,43420,1547350,1492729,2.8,0.00,0.58,0.00,2.31,0.00,0.00,0.00,29264.0,95830.0,66088.0,68.0,16.5,0.5,35.0,240.326,0.410,0.4,7519944.0
2026-09-09T01:28:58,15.0,43507,1547350,1492642,2.8,0.00,1.21,0.00,4.84,0.00,0.00,0.03,29264.0,95830.0,66088.0,92.0,17.0,0.5,41.5,237.608,0.403,0.4,7941275.5
2026-09-09T01:29:00,14.7,43550,1547350,1492599,2.8,0.00,0.86,0.00,3.43,0.00,0.00,0.00,29264.0,95830.0,66088.0,90.0,2.0,0.5,6.0,202.536,0.268,0.2,6251243.0
2026-09-09T01:29:03,9.9,43638,1547350,1492511,2.8,0.00,3.01,0.00,13.23,0.00,0.10,0.00,29264.0,95830.0,66088.0,67.0,13.0,0.5,29.5,222.842,0.355,0.3,6692656.0
2026-09-09T01:29:06,7.7,43684,1547350,1492466,2.8,0.00,1.60,0.00,8.98,0.00,0.00,0.00,29264.0,95830.0,66088.0,72.0,18.5,0.5,42.5,241.621,0.397,0.4,8078499.0
2026-09-09T01:29:09,7.6,43785,1547350,1492365,2.8,0.00,1.57,0.00,12.15,0.00,0.00,0.00,29264.0,95830.0,66088.0,67.0,20.0,0.5,45.0,244.055,0.417,0.4,8068437.5
2026-09-09T01:29:12,13.1,43831,1547350,1492319,2.8,0.00,2.08,0.00,8.32,0.00,0.14,0.00,29264.0,95830.0,66088.0,50.0,19.0,0.5,43.0,237.792,0.407,0.4,7504796.0
2026-09-09T01:29:15,15.2,43876,1547350,1492274,2.8,0.00,0.77,0.00,3.09,0.00,0.00,0.00,29264.0,95830.0,66088.0,66.0,12.5,0.5,28.0,223.279,0.397,0.4,7863270.0
2026-09-09T01:29:18,15.1,43936,1547350,1492213,2.8,0.00,1.49,0.00,7.44,0.00,0.00,0.00,29264.0,95830.0,66088.0,48.0,14.0,0.5,29.5,225.222,0.371,0.3,7796952.5
2026-09-09T01:29:20,15.0,44001,1547350,1492149,2.8,0.00,0.90,0.00,3.61,0.00,0.00,0.00,29264.0,95830.0,66088.0,72.0,21.0,0.5,50.5,223.742,0.418,0.4,7401660.5
2026-09-09T01:29:23,14.7,44055,1547350,1492094,2.8,0.00,0.73,0.00,2.90,0.00,0.00,0.00,29264.0,95830.0,66088.0,100.0,14.0,0.5,31.5,238.330,0.400,0.4,7351054.5
2026-09-09T01:29:25,12.9,44104,1547350,1492046,2.9,0.00,1.88,0.00,21.04,0.00,0.20,0.00,29264.0,95830.0,66088.0,68.0,15.5,0.5,37.0,235.217,0.397,0.4,7710898.5
2026-09-09T01:29:28,7.6,44198,1547350,1491951,2.9,0.00,1.25,0.00,4.99,0.00,0.00,0.03,29264.0,95830.0,66088.0,69.0,16.5,0.5,37.0,228.567,0.392,0.4,7573201.0
2026-09-09T01:29:31,7.7,44248,1547350,1491901,2.9,0.00,0.74,0.00,2.97,0.00,0.00,0.00,29264.0,95830.0,66088.0,92.0,25.5,0.5,59.5,252.853,0.428,0.4,7393553.0
2026-09-09T01:29:33,7.2,44286,1547350,1491863,2.9,0.00,0.55,0.00,2.20,0.00,0.00,0.00,29264.0,95830.0,66088.0,92.0,3.0,0.5,8.0,236.721,0.424,0.4,7054435.5
2026-09-09T01:29:36,13.5,44359,1547350,1491791,2.9,0.00,1.39,0.00,7.81,0.00,0.00,0.00,29264.0,95830.0,66088.0,92.0,15.5,0.5,36.5,244.942,0.416,0.4,8459171.5
2026-09-09T01:29:40,14.8,44443,1547350,1491706,2.9,0.00,2.90,0.00,27.13,0.00,0.10,0.00,29264.0,95830.0,66088.0,69.0,5.0,0.5,13.0,207.015,0.361,0.3,7195058.5
2026-09-09T01:29:43,14.7,44497,1547350,1491652,2.9,0.00,0.59,0.00,2.36,0.00,0.00,0.00,29264.0,95830.0,66088.0,0.0,14.0,0.5,34.5,231.317,0.360,0.3,6659288.0
2026-09-09T01:29:44,15.6,44512,1547350,1491638,2.9,0.00,2.56,0.00,10.24,0.00,0.00,0.00,29264.0,95830.0,66088.0,73.0,21.5,0.5,51.5,229.782,0.406,0.4,7727041.5
2026-09-09T01:29:47,14.7,44572,1547350,1491577,2.9,0.00,2.27,0.00,22.69,0.00,0.00,0.00,29264.0,95830.0,66088.0,74.0,19.5,0.5,42.0,224.733,0.370,0.3,7688611.0
2026-09-09T01:29:50,10.7,44652,1547350,1491497,2.9,0.00,1.08,0.00,4.31,0.00,0.25,0.00,29264.0,95830.0,66088.0,50.0,18.0,0.5,43.5,239.271,0.410,0.4,7955394.0
2026-09-09T01:29:53,7.5,44691,1547350,1491459,2.9,0.00,0.89,0.00,3.55,0.00,0.00,0.04,29264.0,95830.0,66088.0,100.0,22.0,0.5,48.5,239.100,0.433,0.4,7283756.0
2026-09-09T01:29:56,7.2,44787,1547350,1491362,2.9,0.00,1.59,0.00,8.93,0.00,0.00,0.00,29264.0,95830.0,66088.0,72.0,15.5,0.5,36.0,226.605,0.369,0.3,7380525.0
2026-09-09T01:30:00,14.0,44867,1547350,1491282,2.9,0.00,0.53,0.00,2.13,0.00,0.00,0.00,29264.0,95830.0,66088.0,72.0,7.0,0.5,15.0,222.776,0.399,0.4,7868661.0
2026-09-09T01:30:03,15.0,44943,1547350,1491206,2.9,0.00,2.65,0.00,10.60,0.00,0.10,0.03,29264.0,95830.0,66088.0,69.0,19.5,0.5,48.0,215.056,0.399,0.4,7622535.0
2026-09-09T01:30:06,14.7,44969,1547350,1491180,2.9,0.00,0.74,0.00,16.34,0.00,0.00,0.00,29264.0,95830.0,66088.0,37.0,2.0,0.5,6.0,150.038,0.399,0.4,7622535.0
2026-09-09T01:30:06,12.8,44976,1547350,1491173,2.9,0.00,2.49,0.00,9.95,0.00,0.00,0.00,29264.0,95830.0,66088.0,0.0,0.0,0.5,0.0,124.627,0.047,0.0,2902126.5
2026-09-09T01:30:08,14.3,45061,1547350,1491088,2.9,0.00,3.49,0.00,22.69,0.00,0.00,0.00,29264.0,95830.0,66088.0,63.0,21.0,0.5,50.0,238.887,0.352,0.3,6994825.0
2026-09-09T01:30:11,14.4,45105,1547350,1491044,2.9,0.00,0.78,0.00,3.10,0.00,0.00,0.00,29264.0,95830.0,66088.0,61.0,20.5,0.5,49.5,239.483,0.418,0.4,7717033.0
2026-09-09T01:30:12,12.7,45114,1547350,1491036,2.9,0.00,2.12,0.00,8.47,0.00,0.33,0.00,29264.0,95830.0,66088.0,63.0,18.0,0.5,40.5,224.873,0.351,0.3,6293165.5
2026-09-09T01:30:15,4.4,45146,1547350,1491004,2.9,0.00,3.07,0.00,17.19,0.00,0.00,0.03,29264.0,95830.0,66088.0,71.0,21.0,0.5,43.5,241.876,0.388,0.4,6697273.0
2026-09-09T01:30:19,7.8,45229,1547350,1490920,2.9,0.00,1.23,0.00,4.90,0.00,0.25,0.00,29264.0,95830.0,66088.0,28.0,21.5,0.5,50.0,240.194,0.385,0.3,7785651.0
2026-09-09T01:30:20,7.5,45260,1547350,1490890,2.9,0.00,1.13,0.00,4.52,0.00,0.00,0.00,29264.0,95830.0,66088.0,70.0,23.5,0.5,44.5,231.978,0.416,0.4,7616725.0
2026-09-09T01:30:23,14.0,45311,1547350,1490839,2.9,0.00,0.86,0.00,3.45,0.00,0.00,0.00,29264.0,95830.0,66088.0,70.0,19.0,0.5,40.5,231.883,0.383,0.3,7704207.5
2026-09-09T01:30:26,15.0,45390,1547350,1490760,2.9,0.00,1.57,0.00,17.63,0.00,0.00,0.00,29264.0,95830.0,66088.0,71.0,19.0,0.5,47.5,243.575,0.402,0.4,7488945.0
2026-09-09T01:30:29,15.1,45468,1547350,1490682,2.9,0.00,1.22,0.00,4.90,0.00,0.00,0.00,29264.0,95830.0,66088.0,82.0,24.5,0.5,42.0,240.634,0.404,0.4,7419980.0
2026-09-09T01:30:32,14.9,45534,1547350,1490615,2.9,0.00,0.76,0.00,3.02,0.00,0.00,0.00,29264.0,95830.0,66088.0,75.0,17.5,0.5,40.0,239.245,0.399,0.4,7687536.5
2026-09-09T01:30:35,15.0,45587,1547350,1490563,2.9,0.00,0.68,0.00,2.71,0.00,0.00,0.00,29264.0,95830.0,66088.0,78.0,14.0,0.5,36.0,213.462,0.358,0.3,6810484.0
2026-09-09T01:30:38,9.3,45707,1547350,1490442,3.0,0.00,3.76,0.00,30.96,0.00,0.08,0.00,29264.0,95830.0,66088.0,81.0,9.5,0.5,23.0,228.142,0.404,0.4,7822845.5
2026-09-09T01:30:42,7.1,45751,1547350,1490399,3.0,0.00,1.17,0.00,5.84,0.00,0.00,0.00,29264.0,95830.0,66088.0,70.0,18.5,0.5,19.0,212.219,0.386,0.3,7400416.5
2026-09-09T01:30:45,9.2,45813,1547350,1490337,3.0,0.00,0.61,0.00,2.46,0.00,0.50,0.00,29264.0,95830.0,66088.0,100.0,15.0,0.5,35.0,236.026,0.402,0.4,7877369.5
2026-09-09T01:30:48,14.4,45841,1547350,1490308,3.0,0.00,2.04,0.00,20.41,0.00,0.00,0.00,29264.0,95830.0,66088.0,35.0,14.0,0.5,26.0,227.636,0.363,0.3,6540473.0
2026-09-09T01:30:51,14.3,45908,1547350,1490242,3.0,0.00,0.37,0.00,1.46,0.00,0.00,0.00,29264.0,95830.0,66088.0,75.0,24.5,0.5,61.0,224.269,0.378,0.3,7397171.5
2026-09-09T01:30:53,14.7,45967,1547350,1490183,3.0,0.00,1.54,0.00,6.14,0.00,0.00,0.04,29264.0,95830.0,66088.0,74.0,20.0,0.5,45.0,233.088,0.403,0.4,7861238.0
2026-09-09T01:30:56,14.7,46019,1547350,1490130,3.0,0.00,0.80,0.00,3.22,0.00,0.00,0.00,29264.0,95830.0,66088.0,100.0,15.5,0.5,35.0,228.724,0.394,0.4,7952191.5
2026-09-09T01:30:58,15.5,46084,1547350,1490066,3.0,0.00,2.27,0.00,12.70,0.00,0.00,0.00,29264.0,95830.0,66088.0,72.0,23.0,0.5,48.0,230.368,0.384,0.3,7622652.0
2026-09-09T01:31:01,11.2,46136,1547350,1490014,3.0,0.00,0.63,0.00,2.51,0.00,0.50,0.00,29264.0,95830.0,66088.0,61.0,22.5,0.5,54.5,232.554,0.376,0.3,7488184.5
2026-09-09T01:31:03,7.6,46198,1547350,1489952,3.0,0.00,0.92,0.00,3.70,0.00,0.00,0.00,29264.0,95830.0,66088.0,70.0,26.0,0.5,54.0,230.026,0.383,0.3,7676508.5
2026-09-09T01:31:06,7.4,46271,1547350,1489879,3.0,0.00,4.58,0.00,18.33,0.00,0.10,0.00,29264.0,95830.0,66088.0,11.0,19.0,0.5,46.0,229.870,0.380,0.3,7347917.5
2026-09-09T01:31:09,10.2,46357,1547350,1489792,3.0,0.00,1.32,0.00,20.80,0.00,0.00,0.00,29264.0,95830.0,66088.0,72.0,16.5,0.5,36.0,237.883,0.403,0.4,8111442.0
2026-09-09T01:31:13,14.7,46431,1547350,1489719,3.0,0.00,1.17,0.00,4.70,0.00,0.00,0.00,29264.0,95830.0,66088.0,85.0,15.0,0.5,40.5,236.266,0.387,0.3,7463215.5
2026-09-09T01:31:16,15.6,46481,1547350,1489669,3.0,0.00,2.43,0.00,11.10,0.00,0.00,0.00,29264.0,95830.0,66088.0,71.0,13.0,0.5,29.5,224.921,0.373,0.3,7764275.5
2026-09-09T01:31:18,14.9,46520,1547350,1489629,3.0,0.00,1.18,0.00,7.87,0.00,0.33,0.00,29264.0,95830.0,66088.0,68.0,26.5,0.5,60.5,226.675,0.405,0.4,7626032.5
2026-09-09T01:31:22,14.5,46627,1547350,1489523,3.0,0.00,1.13,0.00,4.53,0.00,0.00,0.00,29264.0,95830.0,66088.0,92.0,18.0,0.5,39.5,240.928,0.405,0.4,7655870.5
2026-09-09T01:31:25,12.0,46692,1547350,1489457,3.0,0.00,0.61,0.00,2.44,0.00,0.00,0.00,29264.0,95830.0,66088.0,75.0,16.0,0.5,37.5,229.260,0.399,0.4,8162033.5
2026-09-09T01:31:27,7.2,46752,1547350,1489398,3.0,0.00,2.32,0.00,25.95,0.00,0.00,0.00,29264.0,95830.0,66088.0,76.0,28.5,0.5,55.5,229.721,0.390,0.4,7605886.0
2026-09-09T01:31:30,7.6,46810,1547350,1489340,3.0,0.00,0.65,0.00,2.61,0.00,0.00,0.00,29264.0,95830.0,66088.0,71.0,20.5,0.5,50.0,228.769,0.392,0.4,7664214.0
2026-09-09T01:31:33,9.9,46896,1547350,1489253,3.0,0.00,1.31,0.00,5.23,0.00,0.25,0.00,29264.0,95830.0,66088.0,75.0,20.5,0.5,48.5,233.978,0.412,0.4,7928126.5
2026-09-09T01:31:36,15.0,46978,1547350,1489172,3.0,0.00,0.65,0.00,2.59,0.00,0.00,0.00,29264.0,95830.0,66088.0,74.0,21.0,0.5,48.5,229.460,0.396,0.4,7502878.5
2026-09-09T01:31:38,14.6,47012,1547350,1489138,3.0,0.00,6.98,0.00,56.83,0.00,0.07,0.00,29264.0,95830.0,66088.0,56.0,16.0,0.5,35.5,233.286,0.383,0.3,7814025.5
2026-09-09T01:31:40,14.7,47035,1547350,1489114,3.0,0.00,1.19,0.00,4.77,0.00,0.00,0.00,29264.0,95830.0,66088.0,76.0,2.5,0.5,7.5,220.311,0.382,0.3,7446965.5
2026-09-09T01:31:42,15.2,47093,1547350,1489057,3.0,0.00,0.88,0.00,3.51,0.00,0.00,0.00,29264.0,95830.0,66088.0,75.0,6.0,0.5,14.0,237.233,0.429,0.4,7679924.0
2026-09-09T01:31:45,14.5,47148,1547350,1489001,3.0,0.00,1.25,0.00,5.00,0.00,0.00,0.00,29264.0,95830.0,66088.0,99.0,13.5,0.5,31.5,230.446,0.360,0.3,7246687.5
2026-09-09T01:31:46,15.1,47179,1547350,1488970,3.0,0.00,1.26,0.00,5.04,0.00,0.00,0.00,29264.0,95830.0,66088.0,70.0,21.0,0.5,46.5,234.034,0.398,0.4,7657048.0
2026-09-09T01:31:50,12.6,47235,1547350,1488915,3.1,0.00,2.05,0.00,11.72,0.00,0.14,0.03,29264.0,95830.0,66088.0,41.0,24.5,0.5,56.0,231.618,0.394,0.4,7345645.5
2026-09-09T01:31:52,7.2,47287,1547350,1488862,3.1,0.00,0.74,0.00,2.96,0.00,0.00,0.00,29264.0,95830.0,66088.0,83.0,11.5,0.5,23.5,229.975,0.397,0.4,7821946.5
2026-09-09T01:31:56,7.7,47385,1547350,1488764,3.1,0.00,1.09,0.00,4.35,0.00,0.00,0.00,29264.0,95830.0,66088.0,67.0,15.0,0.5,36.0,227.369,0.392,0.4,7850092.0
2026-09-09T01:31:59,10.7,47458,1547350,1488692,3.1,0.00,3.56,0.00,25.88,0.00,0.09,0.00,29264.0,95830.0,66088.0,52.0,20.5,0.5,45.0,250.698,0.380,0.3,7428858.5
2026-09-09T01:32:03,14.6,47504,1547350,1488646,3.1,0.00,0.50,0.00,2.00,0.00,0.00,0.00,29264.0,95830.0,66088.0,67.0,16.0,0.5,35.0,220.904,0.359,0.3,6285435.0
2026-09-09T01:32:05,11.8,47537,1547350,1488613,3.1,0.00,2.13,0.00,8.53,0.00,0.00,0.00,29264.0,95830.0,66088.0,69.0,16.5,0.5,38.0,220.426,0.398,0.4,5562685.5
2026-09-09T01:32:08,12.4,47580,1547350,1488569,3.1,0.00,1.42,0.00,5.67,0.00,0.25,0.04,29264.0,95830.0,66088.0,0.0,4.5,0.5,12.0,124.002,0.120,0.1,4272210.5
2026-09-09T01:32:09,13.9,47617,1547350,1488533,3.1,0.00,5.69,0.00,52.90,0.00,0.00,0.00,29264.0,95830.0,66088.0,68.0,16.0,0.5,41.0,248.042,0.388,0.4,7232989.5
2026-09-09T01:32:13,14.3,47724,1547350,1488426,3.1,0.00,1.73,0.00,7.90,0.00,0.00,0.00,29264.0,95830.0,66088.0,71.0,15.0,0.5,36.5,234.763,0.417,0.4,8877788.0
2026-09-09T01:32:16,7.6,47792,1547350,1488358,3.1,0.00,0.66,0.00,2.66,0.00,0.00,0.00,29264.0,95830.0,66088.0,72.0,15.0,0.5,35.0,238.628,0.396,0.4,7801387.5
2026-09-09T01:32:19,7.5,47881,1547350,1488269,3.1,0.00,2.25,0.00,24.03,0.00,0.17,0.00,29264.0,95830.0,66088.0,94.0,16.0,0.5,40.5,224.805,0.402,0.4,7677139.0
2026-09-09T01:32:22,8.0,47928,1547350,1488222,3.1,0.00,0.35,0.00,1.40,0.00,0.00,0.00,29264.0,95830.0,66088.0,73.0,24.5,0.5,56.0,238.121,0.407,0.4,7709720.5
2026-09-09T01:32:25,14.3,47961,1547350,1488189,3.1,0.00,1.36,0.00,5.46,0.00,0.00,0.00,29264.0,95830.0,66088.0,67.0,25.5,0.5,59.5,238.601,0.387,0.4,7044960.5
2026-09-09T01:32:29,14.4,48027,1547350,1488123,3.1,0.00,1.30,0.00,7.26,0.00,0.00,0.00,29264.0,95830.0,66088.0,70.0,16.0,0.5,39.0,221.171,0.385,0.3,6816945.0
2026-09-09T01:32:31,14.7,48108,1547350,1488042,3.1,0.00,0.80,0.00,3.20,0.00,0.00,0.00,29264.0,95830.0,66088.0,100.0,19.0,0.5,40.5,226.433,0.364,0.3,7602597.0
2026-09-09T01:32:34,15.0,48154,1547350,1487996,3.1,0.00,1.41,0.00,5.65,0.00,0.25,0.00,29264.0,95830.0,66088.0,68.0,18.0,0.5,40.5,233.331,0.388,0.3,8084646.0
2026-09-09T01:32:37,15.0,48220,1547350,1487930,3.1,0.00,0.65,0.00,2.62,0.00,0.00,0.00,29264.0,95830.0,66088.0,99.0,20.0,0.5,46.0,231.815,0.381,0.3,7496689.5
2026-09-09T01:32:38,14.0,48310,1547350,1487840,3.1,0.00,14.66,0.00,144.54,0.00,0.06,0.00,29264.0,95830.0,66088.0,72.0,17.0,0.5,35.5,239.140,0.398,0.4,7860136.0
2026-09-09T01:32:42,8.1,48380,1547350,1487770,3.1,0.00,0.50,0.00,2.00,0.00,0.00,0.00,29264.0,95830.0,66088.0,69.0,17.0,0.5,39.0,232.292,0.414,0.4,7850912.0
2026-09-09T01:32:45,6.9,48519,1547350,1487631,3.1,0.00,1.26,0.00,5.03,0.00,0.25,0.00,29264.0,95830.0,66088.0,74.0,21.0,0.5,47.5,236.762,0.393,0.4,8621807.0
2026-09-09T01:32:48,11.7,48503,1547350,1487647,3.1,0.00,0.81,0.00,3.23,0.00,0.00,0.00,29264.0,95830.0,66088.0,69.0,16.5,0.5,41.0,238.352,0.399,0.4,7349402.5
2026-09-09T01:32:50,15.7,48527,1547350,1487623,3.1,0.00,2.38,0.00,13.33,0.00,0.00,0.00,29264.0,95830.0,66088.0,89.0,16.5,0.5,34.5,218.391,0.376,0.3,7365304.0
2026-09-09T01:32:53,14.8,48606,1547350,1487543,3.1,0.00,0.74,0.00,2.97,0.00,0.00,0.00,29264.0,95830.0,66088.0,85.0,14.0,0.5,33.0,231.972,0.409,0.4,7744839.0
2026-09-09T01:32:55,14.6,48651,1547350,1487499,3.1,0.00,1.81,0.00,7.26,0.00,0.00,0.00,29264.0,95830.0,66088.0,70.0,20.0,0.5,42.0,231.638,0.395,0.4,7375410.0
2026-09-09T01:32:58,15.0,48734,1547350,1487416,3.1,0.00,0.68,0.00,2.72,0.00,0.00,0.00,29264.0,95830.0,66088.0,70.0,2.0,0.5,6.0,195.603,0.309,0.3,6364002.0
2026-09-09T01:33:02,12.5,48848,1547350,1487302,3.2,0.00,2.39,0.00,17.36,0.00,0.09,0.00,29264.0,95830.0,66088.0,84.0,13.5,0.5,30.5,226.108,0.416,0.4,7159237.0
2026-09-09T01:33:06,7.2,48902,1547350,1487248,3.2,0.00,1.04,0.00,4.14,0.00,0.00,0.00,29264.0,95830.0,66088.0,70.0,15.5,0.5,31.5,226.045,0.395,0.4,7249115.5
2026-09-09T01:33:10,7.6,48962,1547350,1487188,3.2,0.00,6.67,0.00,39.30,0.00,0.11,0.00,29264.0,95830.0,66088.0,57.0,19.0,0.5,38.5,225.538,0.380,0.3,7491305.5
2026-09-09T01:33:13,14.8,49040,1547350,1487110,3.2,0.00,2.24,0.00,8.95,0.00,0.17,0.00,29264.0,95830.0,66088.0,62.0,18.0,0.5,43.5,234.383,0.409,0.4,7582849.5
2026-09-09T01:33:16,15.4,49114,1547350,1487036,3.2,0.00,0.64,0.00,2.54,0.00,0.00,0.00,29264.0,95830.0,66088.0,100.0,23.0,0.5,55.5,250.487,0.413,0.4,7805043.0
2026-09-09T01:33:19,14.6,49148,1547350,1487002,3.2,0.00,1.70,0.00,8.52,0.00,0.00,0.00,29264.0,95830.0,66088.0,70.0,17.0,0.5,39.5,227.214,0.387,0.4,7657631.0
2026-09-09T01:33:21,15.0,49254,1547350,1486896,3.2,0.00,1.11,0.00,17.71,0.00,0.00,0.00,29264.0,95830.0,66088.0,100.0,15.0,0.5,35.0,251.097,0.412,0.4,7545102.5
2026-09-09T01:33:24,15.0,49286,1547350,1486864,3.2,0.00,1.77,0.00,7.08,0.00,0.00,0.00,29264.0,95830.0,66088.0,55.0,17.5,0.5,40.5,235.026,0.380,0.3,7764662.0
2026-09-09T01:33:27,14.8,49337,1547350,1486812,3.2,0.00,1.21,0.00,4.83,0.00,0.25,0.00,29264.0,95830.0,66088.0,67.0,17.5,0.5,40.0,237.513,0.406,0.4,7664951.0
2026-09-09T01:33:30,8.9,49444,1547350,1486706,3.2,0.00,0.69,0.00,2.77,0.00,0.00,0.00,29264.0,95830.0,66088.0,73.0,15.0,0.5,34.0,238.745,0.393,0.4,7434989.5
2026-09-09T01:33:33,7.7,49502,1547350,1486648,3.2,0.00,1.42,0.00,5.67,0.00,0.00,0.00,29264.0,95830.0,66088.0,70.0,15.0,0.5,33.5,232.656,0.387,0.3,7752157.0
2026-09-09T01:33:36,7.4,49581,1547350,1486569,3.2,0.00,0.63,0.00,2.51,0.00,0.00,0.00,29264.0,95830.0,66088.0,89.0,17.5,0.5,43.5,222.966,0.421,0.4,7590218.5
2026-09-09T01:33:39,15.1,49635,1547350,1486515,3.2,0.00,2.55,0.00,27.30,0.00,0.00,0.03,29264.0,95830.0,66088.0,71.0,14.0,0.5,35.5,227.886,0.371,0.3,7225395.0
2026-09-09T01:33:43,14.4,49719,1547350,1486431,3.2,0.00,0.63,0.00,2.53,0.00,0.50,0.00,29264.0,95830.0,66088.0,65.0,16.0,0.5,39.0,236.147,0.378,0.3,7354446.5
2026-09-09T01:33:45,15.0,49771,1547350,1486379,3.2,0.00,1.05,0.00,4.22,0.00,0.00,0.00,29264.0,95830.0,66088.0,69.0,10.0,0.5,23.5,228.819,0.371,0.3,7669489.0
2026-09-09T01:33:49,14.8,49853,1547350,1486296,3.2,0.00,0.60,0.00,2.42,0.00,0.00,0.00,29264.0,95830.0,66088.0,70.0,3.0,0.5,8.5,224.274,0.411,0.4,7551736.5
2026-09-09T01:33:53,14.9,49929,1547350,1486221,3.2,0.00,1.28,0.00,5.13,0.00,0.00,0.00,29264.0,95830.0,66088.0,45.0,16.5,0.5,40.0,243.398,0.404,0.4,7227776.5
2026-09-09T01:33:56,12.0,50022,1547350,1486128,3.2,0.00,1.16,0.00,4.65,0.00,0.00,0.00,29264.0,95830.0,66088.0,6.0,16.0,0.5,37.5,241.590,0.401,0.4,7617003.5
2026-09-09T01:33:59,7.5,50091,1547350,1486059,3.2,0.00,0.66,0.00,2.64,0.00,0.00,0.00,29264.0,95830.0,66088.0,77.0,16.5,0.5,37.0,239.954,0.390,0.4,8160506.0
2026-09-09T01:34:04,8.1,50187,1547350,1485963,3.2,0.00,2.41,0.00,12.28,0.00,0.09,0.00,29264.0,95830.0,66088.0,80.0,27.5,0.5,62.0,237.458,0.427,0.4,7518927.5
2026-09-09T01:34:07,15.1,50254,1547350,1485896,3.2,0.00,1.14,0.00,4.57,0.00,0.25,0.00,29264.0,95830.0,66088.0,68.0,9.5,0.5,21.5,203.798,0.380,0.3,6871042.5
2026-09-09T01:34:11,12.0,50268,1547350,1485882,3.2,0.00,2.20,0.00,22.59,0.00,0.00,0.00,29264.0,95830.0,66088.0,70.0,20.0,0.5,50.0,220.315,0.364,0.3,6293689.5
2026-09-09T01:34:14,13.6,50397,1547350,1485753,3.3,0.00,1.76,0.00,7.04,0.00,0.17,0.00,29264.0,95830.0,66088.0,54.0,18.5,0.5,39.5,199.020,0.360,0.3,6832320.0
2026-09-09T01:34:18,14.5,50451,1547350,1485698,3.3,0.00,1.17,0.00,5.85,0.00,0.00,0.00,29264.0,95830.0,66088.0,0.0,2.0,0.5,6.0,120.755,0.054,0.0,3195968.5
2026-09-09T01:34:20,9.2,50493,1547350,1485657,3.3,0.00,0.39,0.00,1.56,0.00,0.00,0.00,29264.0,95830.0,66088.0,75.0,11.5,0.5,25.5,217.774,0.380,0.3,8317874.5
2026-09-09T01:34:24,7.8,50554,1547350,1485596,3.3,0.00,1.62,0.00,8.63,0.00,0.00,0.00,29264.0,95830.0,66088.0,100.0,19.0,0.5,40.0,208.172,0.340,0.3,6663246.0
2026-09-09T01:34:27,7.7,50631,1547350,1485519,3.3,0.00,0.60,0.00,2.42,0.00,0.00,0.00,29264.0,95830.0,66088.0,72.0,16.0,0.5,40.0,233.406,0.410,0.4,7632672.5
2026-09-09T01:34:31,15.1,50718,1547350,1485432,3.3,0.00,1.22,0.00,4.89,0.00,0.25,0.00,29264.0,95830.0,66088.0,79.0,23.5,0.5,51.0,246.796,0.433,0.4,7185970.0
2026-09-09T01:34:34,14.9,50796,1547350,1485354,3.3,0.00,1.50,0.00,17.98,0.00,0.00,0.00,29264.0,95830.0,66088.0,67.0,17.0,0.5,43.0,232.144,0.410,0.4,7935062.5
2026-09-09T01:34:37,14.5,50843,1547350,1485307,3.3,0.00,0.58,0.00,2.32,0.00,0.00,0.00,29264.0,95830.0,66088.0,71.0,18.0,0.5,43.0,241.876,0.407,0.4,7758231.0
2026-09-09T01:34:40,14.4,50914,1547350,1485236,3.3,0.00,3.10,0.00,29.60,0.00,0.00,0.00,29264.0,95830.0,66088.0,71.0,7.0,0.5,15.0,228.675,0.403,0.4,7542444.0
2026-09-09T01:34:44,11.2,51026,1547350,1485124,3.3,0.00,0.90,0.00,5.98,0.00,0.33,0.00,29264.0,95830.0,66088.0,27.0,12.0,0.5,30.5,223.298,0.392,0.4,7754235.0
2026-09-09T01:34:47,7.8,51083,1547350,1485067,3.3,0.00,1.10,0.00,4.41,0.00,0.00,0.00,29264.0,95830.0,66088.0,67.0,17.5,0.5,41.5,236.774,0.409,0.4,7829000.5
2026-09-09T01:34:50,7.7,51258,1547350,1484892,3.3,0.00,0.77,0.00,3.08,0.00,0.00,0.00,29264.0,95830.0,66088.0,100.0,17.0,0.5,41.0,235.031,0.409,0.4,7550376.5
2026-09-09T01:34:53,11.4,51200,1547350,1484950,3.3,0.00,1.32,0.00,5.29,0.00,0.00,0.00,29264.0,95830.0,66088.0,71.0,25.0,0.5,50.0,229.088,0.395,0.4,7805064.0
2026-09-09T01:34:56,14.8,51272,1547350,1484878,3.3,0.00,0.68,0.00,2.71,0.00,0.00,0.00,29264.0,95830.0,66088.0,79.0,19.5,0.5,40.0,235.062,0.334,0.3,6488991.5
2026-09-09T01:34:59,14.6,51344,1547350,1484806,3.3,0.00,1.28,0.00,5.14,0.00,0.00,0.00,29264.0,95830.0,66088.0,73.0,6.5,0.5,15.5,229.105,0.415,0.4,7781544.5
2026-09-09T01:35:02,15.0,51412,1547350,1484738,3.3,0.00,0.73,0.00,2.93,0.00,0.50,0.04,29264.0,95830.0,66088.0,68.0,14.0,0.5,33.5,241.076,0.392,0.4,7841949.5
2026-09-09T01:35:05,14.9,51497,1547350,1484653,3.3,0.00,3.30,0.00,23.99,0.00,0.00,0.00,29264.0,95830.0,66088.0,68.0,6.5,0.5,16.5,232.798,0.401,0.4,7717497.5
2026-09-09T01:35:08,10.2,51577,1547350,1484573,3.3,0.00,1.16,0.00,4.65,0.00,0.25,0.00,29264.0,95830.0,66088.0,41.0,15.0,0.5,33.0,232.629,0.409,0.4,7521301.5
2026-09-09T01:35:12,7.1,51638,1547350,1484512,3.3,0.00,1.62,0.00,12.43,0.00,0.00,0.00,29264.0,95830.0,66088.0,79.0,18.5,0.5,43.0,225.088,0.404,0.4,8009061.5
2026-09-09T01:35:15,7.5,51713,1547350,1484437,3.3,0.00,1.99,0.00,9.29,0.00,0.00,0.00,29264.0,95830.0,66088.0,68.0,21.5,0.5,49.5,240.694,0.392,0.4,7952113.5
2026-09-09T01:35:18,14.6,51792,1547350,1484358,3.3,0.00,0.64,0.00,2.56,0.00,0.00,0.03,29264.0,95830.0,66088.0,66.0,17.5,0.5,43.0,239.071,0.404,0.4,7815217.5
2026-09-09T01:35:21,15.1,51850,1547350,1484300,3.4,0.00,1.36,0.00,6.78,0.00,0.25,0.00,29264.0,95830.0,66088.0,70.0,19.0,0.5,46.0,236.274,0.396,0.4,7596777.5
2026-09-09T01:35:24,15.0,51929,1547350,1484221,3.4,0.00,0.94,0.00,15.07,0.00,0.00,0.00,29264.0,95830.0,66088.0,30.0,20.0,0.5,44.5,240.856,0.402,0.4,7734642.0
2026-09-09T01:35:28,14.1,52003,1547350,1484147,3.4,0.00,1.32,0.00,5.27,0.00,0.00,0.03,29264.0,95830.0,66088.0,100.0,18.0,0.5,44.5,242.178,0.407,0.4,7817272.5
2026-09-09T01:35:31,13.3,52055,1547350,1484096,3.4,0.00,1.43,0.00,5.72,0.00,0.00,0.00,29264.0,95830.0,66088.0,70.0,19.0,0.5,47.5,227.566,0.387,0.4,7407883.5
2026-09-09T01:35:33,5.2,56174,1547350,1479976,3.6,0.00,1.13,0.00,4.52,0.00,0.00,0.00,29264.0,95830.0,66088.0,76.0,16.0,0.5,35.5,213.989,0.338,0.3,5930323.0
2026-09-09T01:35:34,4.6,58249,1547350,1477901,3.8,0.00,1.81,0.00,12.09,0.00,0.33,0.00,29264.0,95830.0,66088.0,72.0,14.0,0.5,29.5,210.883,0.361,0.3,5989898.5
2026-09-09T01:35:36,17.4,58296,1547350,1477854,3.8,0.00,1.21,0.00,4.83,0.00,0.00,0.00,29264.0,95830.0,66088.0,85.0,14.0,0.5,33.0,203.553,0.323,0.3,5475547.5
2026-09-09T01:35:38,20.1,58430,1547350,1477720,3.8,0.00,2.20,0.00,11.01,0.00,0.00,0.00,29264.0,95830.0,66088.0,39.0,15.0,0.5,30.5,216.363,0.366,0.3,5729434.5
2026-09-09T01:35:39,20.0,58322,1547350,1477829,3.8,0.00,1.04,0.00,4.17,0.00,0.00,0.00,29264.0,95830.0,66088.0,71.0,4.0,0.5,9.5,213.868,0.323,0.3,5872995.0
2026-09-09T01:35:40,27.4,58332,1547350,1477818,3.8,0.00,3.58,0.00,42.71,0.00,0.00,0.00,29264.0,95830.0,66088.0,66.0,16.0,0.5,36.0,224.029,0.378,0.4,5497306.0
2026-09-09T01:35:42,27.3,58346,1547350,1477804,3.8,0.00,2.30,0.00,9.19,0.00,0.25,0.00,29264.0,95830.0,66088.0,65.0,23.5,0.5,50.0,213.940,0.349,0.3,5471178.0
2026-09-09T01:35:44,27.5,58353,1547350,1477797,3.8,0.00,1.20,0.00,26.36,0.00,0.00,0.00,29264.0,95830.0,66088.0,73.0,14.0,0.5,34.0,223.665,0.374,0.4,5487136.5
2026-09-09T01:35:46,28.0,58359,1547350,1477791,3.8,0.00,1.19,0.00,4.76,0.00,0.00,0.00,29264.0,95830.0,66088.0,70.0,21.5,0.5,50.0,209.156,0.318,0.3,5088017.0
2026-09-09T01:35:47,27.3,58433,1547350,1477717,3.8,0.00,1.67,0.00,6.67,0.00,0.00,0.00,29264.0,95830.0,66088.0,69.0,15.5,0.5,35.5,220.653,0.363,0.3,6136077.0
2026-09-09T01:35:49,27.1,58435,1547350,1477715,3.8,0.00,0.99,0.00,3.97,0.00,0.00,0.00,29264.0,95830.0,66088.0,69.0,20.5,0.5,47.0,226.829,0.354,0.3,5323543.0
2026-09-09T01:35:53,27.1,58456,1547350,1477694,3.8,0.00,0.82,0.00,3.28,0.00,0.00,0.00,29264.0,95830.0,66088.0,70.0,2.5,0.5,5.0,214.257,0.344,0.3,5349940.0
2026-09-09T01:35:56,21.9,58475,1547350,1477675,3.8,0.00,0.59,0.00,2.35,0.00,0.00,0.00,29264.0,95830.0,66088.0,70.0,0.0,0.5,0.0,106.266,0.247,0.2,4182676.0
2026-09-09T01:36:00,19.3,58486,1547350,1477664,3.8,0.00,1.44,0.00,5.77,0.00,0.20,0.00,29264.0,95830.0,66088.0,70.0,9.5,0.5,20.5,212.025,0.348,0.3,5715207.0
2026-09-09T01:36:02,20.0,58523,1547350,1477627,3.8,0.00,0.49,0.00,1.95,0.00,0.00,0.00,29264.0,95830.0,66088.0,30.0,7.5,0.5,17.0,203.173,0.323,0.3,5284172.0
2026-09-09T01:36:04,25.1,58536,1547350,1477614,3.8,0.00,1.17,0.00,4.68,0.00,0.00,0.00,29264.0,95830.0,66088.0,67.0,16.5,0.5,36.5,220.995,0.367,0.3,5438542.0
2026-09-09T01:36:06,27.4,58553,1547350,1477597,3.8,0.00,5.19,0.00,24.90,0.00,0.10,0.00,29264.0,95830.0,66088.0,63.0,16.0,0.5,36.0,224.061,0.330,0.3,5094851.0
2026-09-09T01:36:08,27.3,58569,1547350,1477581,3.8,0.00,1.02,0.00,4.09,0.00,0.00,0.00,29264.0,95830.0,66088.0,100.0,15.5,0.5,35.0,218.922,0.359,0.3,5630075.0
2026-09-09T01:36:09,27.4,58614,1547350,1477536,3.8,0.00,1.59,0.00,6.37,0.00,0.00,0.00,29264.0,95830.0,66088.0,67.0,15.0,0.5,35.5,223.695,0.340,0.3,5671381.5
2026-09-09T01:36:12,27.4,58628,1547350,1477522,3.8,0.00,2.24,0.00,14.35,0.00,0.00,0.00,29264.0,95830.0,66088.0,76.0,16.5,0.5,36.0,218.041,0.361,0.3,5485415.0
2026-09-09T01:36:16,27.2,58669,1547350,1477481,3.8,0.00,1.63,0.00,6.51,0.00,0.17,0.00,29264.0,95830.0,66088.0,75.0,9.0,0.5,30.0,207.510,0.337,0.3,5595224.0
2026-09-09T01:36:19,24.6,58670,1547350,1477480,3.8,0.00,0.35,0.00,1.41,0.00,0.00,0.00,29264.0,95830.0,66088.0,82.0,25.5,0.5,50.0,214.459,0.362,0.3,5711631.0
2026-09-09T01:36:22,20.0,58694,1547350,1477456,3.8,0.00,1.17,0.00,5.87,0.00,0.00,0.00,29264.0,95830.0,66088.0,62.0,23.5,0.5,50.0,220.396,0.365,0.3,5408123.5
2026-09-09T01:36:24,20.9,58719,1547350,1477431,3.8,0.00,0.41,0.00,1.64,0.00,0.00,0.00,29264.0,95830.0,66088.0,81.0,15.5,0.5,37.0,230.270,0.324,0.3,5331811.0
2026-09-09T01:36:28,22.3,58722,1547350,1477429,3.8,0.00,1.28,0.00,5.12,0.00,0.25,0.00,29264.0,95830.0,66088.0,100.0,16.5,0.5,34.0,220.623,0.364,0.3,5256162.5
2026-09-09T01:36:31,27.6,58768,1547350,1477382,3.8,0.00,3.09,0.00,15.09,0.00,0.11,0.03,29264.0,95830.0,66088.0,76.0,15.0,0.5,36.5,218.778,0.350,0.3,5791407.5
2026-09-09T01:36:34,27.0,58783,1547350,1477367,3.8,0.00,0.30,0.00,1.20,0.00,0.00,0.00,29264.0,95830.0,66088.0,82.0,22.0,0.5,49.0,214.719,0.299,0.3,4938023.0
2026-09-09T01:36:37,27.7,58807,1547350,1477343,3.8,0.00,1.40,0.00,7.00,0.00,0.00,0.00,29264.0,95830.0,66088.0,71.0,0.0,0.5,0.0,156.313,0.286,0.3,4922237.0
2026-09-09T01:36:40,26.6,58845,1547350,1477306,3.8,0.00,0.67,0.00,2.67,0.00,0.00,0.00,29264.0,95830.0,66088.0,0.0,21.0,0.5,50.0,214.597,0.120,0.1,2152647.0
2026-09-09T01:36:42,26.0,58864,1547350,1477286,3.8,0.00,3.26,0.00,34.27,0.00,0.00,0.00,29264.0,95830.0,66088.0,71.0,20.5,0.5,35.5,223.428,0.355,0.3,5815190.5
2026-09-09T01:36:45,20.0,58886,1547350,1477264,3.8,0.00,0.90,0.00,14.48,0.00,0.33,0.00,29264.0,95830.0,66088.0,71.0,16.0,0.5,33.5,207.754,0.343,0.3,5442592.0
2026-09-09T01:36:49,20.0,58892,1547350,1477259,3.8,0.00,0.97,0.00,3.89,0.00,0.00,0.00,29264.0,95830.0,66088.0,84.0,18.0,0.5,38.5,228.066,0.355,0.3,5646844.5
2026-09-09T01:36:53,24.2,58969,1547350,1477182,3.8,0.00,0.84,0.00,3.34,0.00,0.00,0.00,29264.0,95830.0,66088.0,69.0,15.5,0.5,36.0,219.984,0.352,0.3,5827732.0
2026-09-09T01:36:56,27.2,58985,1547350,1477165,3.8,0.00,0.35,0.00,1.38,0.00,0.00,0.00,29264.0,95830.0,66088.0,74.0,14.0,0.5,33.0,217.131,0.343,0.3,5713992.0
2026-09-09T01:36:59,27.7,59028,1547350,1477122,3.8,0.00,1.57,0.00,6.29,0.00,0.00,0.00,29264.0,95830.0,66088.0,69.0,16.5,0.5,29.5,209.328,0.352,0.3,5303533.0
2026-09-09T01:37:03,27.1,59039,1547350,1477112,3.8,0.00,0.30,0.00,1.19,0.00,0.00,0.00,29264.0,95830.0,66088.0,71.0,17.0,0.5,32.0,212.110,0.369,0.3,5605104.5
2026-09-09T01:37:07,27.8,59076,1547350,1477074,3.8,0.00,2.25,0.00,9.98,0.00,0.11,0.00,29264.0,95830.0,66088.0,71.0,16.5,0.5,40.0,221.453,0.327,0.3,5522052.5
2026-09-09T01:37:11,25.2,59095,1547350,1477055,3.8,0.00,4.71,0.00,36.89,0.00,0.11,0.00,29264.0,95830.0,66088.0,66.0,9.0,0.5,16.5,205.832,0.351,0.3,5759840.0
2026-09-09T01:37:15,20.0,59140,1547350,1477011,3.8,0.00,1.25,0.00,5.02,0.00,0.00,0.00,29264.0,95830.0,66088.0,69.0,14.0,0.5,32.0,214.870,0.360,0.3,5595290.0
2026-09-09T01:37:19,22.3,59164,1547350,1476987,3.8,0.00,0.54,0.00,2.15,0.00,0.00,0.00,29264.0,95830.0,66088.0,100.0,13.0,0.5,32.0,219.296,0.346,0.3,4984555.0
2026-09-09T01:37:22,27.1,59180,1547350,1476970,3.8,0.00,1.43,0.00,7.17,0.00,0.25,0.00,29264.0,95830.0,66088.0,74.0,19.0,0.5,45.0,211.233,0.333,0.3,5345655.5
2026-09-09T01:37:25,27.2,59204,1547350,1476947,3.8,0.00,0.35,0.00,1.41,0.00,0.00,0.00,29264.0,95830.0,66088.0,43.0,15.5,0.5,35.0,224.837,0.332,0.3,5849281.0
2026-09-09T01:37:27,27.4,59232,1547350,1476919,3.8,0.00,1.47,0.00,5.89,0.00,0.00,0.00,29264.0,95830.0,66088.0,60.0,15.0,0.5,34.5,218.499,0.362,0.3,5488462.5
2026-09-09T01:37:31,27.2,59265,1547350,1476885,3.8,0.00,1.16,0.00,4.64,0.00,0.00,0.00,29264.0,95830.0,66088.0,13.0,17.5,0.5,41.0,216.853,0.344,0.3,5255236.5
2026-09-09T01:37:35,27.3,59292,1547350,1476859,3.8,0.00,0.52,0.00,2.07,0.00,0.00,0.00,29264.0,95830.0,66088.0,71.0,16.0,0.5,37.5,221.651,0.349,0.3,5850909.0
2026-09-09T01:37:38,25.9,59331,1547350,1476819,3.8,0.00,1.15,0.00,8.08,0.00,0.25,0.00,29264.0,95830.0,66088.0,71.0,15.5,0.5,36.0,206.429,0.345,0.3,5677794.5
2026-09-09T01:37:41,20.0,59365,1547350,1476785,3.8,0.00,6.58,0.00,45.07,0.00,0.10,0.03,29264.0,95830.0,66088.0,84.0,21.5,0.5,49.5,204.762,0.328,0.3,4863649.5
2026-09-09T01:37:44,20.7,59380,1547350,1476770,3.8,0.00,1.26,0.00,5.05,0.00,0.00,0.00,29264.0,95830.0,66088.0,68.0,6.5,0.5,15.0,194.073,0.353,0.3,5872500.5
2026-09-09T01:37:47,22.9,59428,1547350,1476723,3.8,0.00,0.33,0.00,1.33,0.00,0.00,0.00,29264.0,95830.0,66088.0,71.0,15.0,0.5,33.5,210.624,0.344,0.3,5622362.5
2026-09-09T01:37:51,27.4,59448,1547350,1476702,3.8,0.00,1.00,0.00,4.00,0.00,0.00,0.00,29264.0,95830.0,66088.0,70.0,14.5,0.5,34.0,210.607,0.344,0.3,5546392.5
2026-09-09T01:37:55,28.4,59453,1547350,1476698,3.8,0.00,1.18,0.00,4.72,0.00,0.00,0.03,29264.0,95830.0,66088.0,98.0,16.5,0.5,35.0,208.764,0.317,0.3,5116608.0
2026-09-09T01:37:58,27.5,59503,1547350,1476647,3.8,0.00,0.34,0.00,1.36,0.00,0.00,0.03,29264.0,95830.0,66088.0,14.0,15.5,0.5,34.0,229.589,0.349,0.3,5775788.0
2026-09-09T01:38:01,27.3,59516,1547350,1476634,3.8,0.00,1.55,0.00,6.21,0.00,0.20,0.00,29264.0,95830.0,66088.0,67.0,15.5,0.5,36.0,218.400,0.346,0.3,5679885.0
2026-09-09T01:38:05,27.2,59551,1547350,1476599,3.8,0.00,2.25,0.00,9.98,0.00,0.11,0.00,29264.0,95830.0,66088.0,68.0,18.5,0.5,46.0,220.510,0.374,0.4,5535187.5
2026-09-09T01:38:08,22.0,59575,1547350,1476575,3.9,0.00,0.68,0.00,2.74,0.00,0.00,0.00,29264.0,95830.0,66088.0,41.0,15.5,0.5,34.0,226.928,0.357,0.3,5547822.0
2026-09-09T01:38:11,20.1,59627,1547350,1476523,3.9,0.00,2.37,0.00,13.19,0.00,0.00,0.00,29264.0,95830.0,66088.0,73.0,15.5,0.5,34.5,203.389,0.309,0.3,4999560.5
2026-09-09T01:38:14,20.7,59632,1547350,1476518,3.9,0.00,0.70,0.00,2.79,0.00,0.00,0.03,29264.0,95830.0,66088.0,18.0,13.5,0.5,34.5,204.780,0.347,0.3,5878648.0
2026-09-09T01:38:18,26.4,59642,1547350,1476508,3.9,0.00,1.14,0.00,4.57,0.00,0.25,0.00,29264.0,95830.0,66088.0,72.0,17.0,0.5,36.0,205.548,0.342,0.3,5570442.5
2026-09-09T01:38:21,27.4,59699,1547350,1476451,3.9,0.00,1.18,0.00,5.92,0.00,0.00,0.00,29264.0,95830.0,66088.0,1.0,16.0,0.5,41.5,212.058,0.315,0.3,5195292.0
2026-09-09T01:38:24,27.9,59739,1547350,1476411,3.9,0.00,0.33,0.00,1.34,0.00,0.00,0.00,29264.0,95830.0,66088.0,100.0,16.0,0.5,38.5,229.888,0.354,0.3,4529553.0
2026-09-09T01:38:26,27.3,59744,1547350,1476406,3.9,0.00,0.91,0.00,3.66,0.00,0.00,0.00,29264.0,95830.0,66088.0,96.0,23.0,0.5,50.0,216.978,0.357,0.3,5632195.0
2026-09-09T01:38:29,27.2,59798,1547350,1476352,3.9,0.00,1.47,0.00,19.09,0.00,0.00,0.00,29264.0,95830.0,66088.0,68.0,13.5,0.5,24.5,210.077,0.353,0.3,5377859.5
2026-09-09T01:38:32,27.1,59798,1547350,1476352,3.9,0.00,1.16,0.00,5.80,0.00,0.00,0.00,29264.0,95830.0,66088.0,71.0,15.0,0.5,33.0,210.642,0.323,0.3,5027683.0
2026-09-09T01:38:35,23.4,59803,1547350,1476347,3.9,0.00,0.66,0.00,2.66,0.00,0.00,0.00,29264.0,95830.0,66088.0,65.0,15.0,0.5,35.0,217.983,0.318,0.3,5250631.0
2026-09-09T01:38:39,19.9,59823,1547350,1476327,3.9,0.00,1.06,0.00,4.25,0.00,0.25,0.00,29264.0,95830.0,66088.0,56.0,0.0,0.5,0.0,167.838,0.301,0.3,5483504.0
2026-09-09T01:38:42,19.5,70079,1547350,1466072,4.5,0.00,5.95,0.00,49.92,0.00,0.11,0.00,29264.0,95830.0,66088.0,0.0,0.0,0.5,0.0,104.246,0.000,0.0,647575.0
2026-09-09T01:38:45,26.8,72391,1547350,1463759,4.7,0.00,1.72,0.00,6.90,0.00,0.00,0.00,29264.0,95830.0,66088.0,0.0,0.0,0.5,0.0,103.468,0.000,0.0,656324.5
2026-09-09T01:38:48,41.2,72405,1547350,1463745,4.7,0.00,1.33,0.00,5.32,0.00,0.00,0.00,29264.0,95830.0,66088.0,0.0,0.0,0.5,0.0,102.398,0.000,0.0,621306.0
2026-09-09T01:38:53,41.6,72411,1547350,1463739,4.7,0.00,0.37,0.00,1.49,0.00,0.00,0.00,29264.0,95830.0,66088.0,0.0,0.0,0.5,0.0,101.704,0.000,0.0,634165.5
2026-09-09T01:38:59,41.4,72415,1547350,1463735,4.7,0.00,1.15,0.00,5.92,0.00,0.14,0.00,29264.0,95830.0,66088.0,0.0,0.0,0.5,0.0,101.335,0.000,0.0,628994.0
2026-09-09T01:39:03,34.5,72420,1547350,1463731,4.7,0.00,0.48,0.00,1.93,0.00,0.00,0.00,29264.0,95830.0,66088.0,0.0,0.0,0.5,0.0,101.194,0.000,0.0,630015.5
2026-09-09T01:39:10,37.1,72413,1547350,1463737,4.7,0.00,2.56,0.00,12.64,0.00,0.06,0.02,29264.0,95830.0,66088.0,0.0,0.0,0.5,0.0,100.987,0.000,0.0,626056.0
2026-09-09T01:39:17,41.6,72415,1547350,1463735,4.7,0.00,0.76,0.00,3.05,0.00,0.00,0.00,29264.0,95830.0,66088.0,0.0,0.0,0.5,0.0,100.850,0.000,0.0,638589.5
2026-09-09T01:39:23,41.4,72417,1547350,1463733,4.7,0.00,0.65,0.00,2.62,0.00,0.25,0.00,29264.0,95830.0,66088.0,0.0,0.0,0.5,0.0,100.751,0.000,0.0,621896.0
2026-09-09T01:39:29,35.5,72422,1547350,1463729,4.7,0.00,0.79,0.00,3.96,0.00,0.00,0.00,29264.0,95830.0,66088.0,0.0,0.0,0.5,0.0,100.397,0.000,0.0,639548.0
2026-09-09T01:39:33,34.4,72428,1547350,1463723,4.7,0.00,0.84,0.00,4.18,0.00,0.00,0.00,29264.0,95830.0,66088.0,0.0,0.0,0.5,0.0,100.486,0.000,0.0,618372.0
2026-09-09T01:39:40,33.9,76373,1547350,1459777,4.9,0.00,3.10,0.00,20.33,0.00,0.09,0.00,29264.0,95830.0,66088.0,0.0,0.0,0.5,0.0,100.349,0.000,0.0,613955.5
2026-09-09T01:39:47,34.5,72362,1547350,1463788,4.7,0.00,8.96,0.00,54.79,0.00,0.08,0.00,29264.0,95830.0,66088.0,0.0,0.0,0.5,0.0,99.630,0.000,0.0,0.0
2026-09-09T01:41:07,33.5,65560,1547350,1470591,4.2,0.00,0.12,0.00,0.55,0.00,0.00,0.00,29264.0,95830.0,66088.0,0.0,0.0,0.5,0.0,99.646,0.000,0.0,604098.5
2026-09-09T01:41:12,33.7,65567,1547350,1470583,4.2,0.00,2.13,0.00,10.20,0.00,0.20,0.00,29264.0,95830.0,66088.0,0.0,0.0,0.5,0.0,99.605,0.000,0.0,647406.5
2026-09-09T01:41:17,33.4,65572,1547350,1470578,4.2,0.00,1.85,0.00,13.33,0.00,0.00,0.00,29264.0,95830.0,66088.0,0.0,0.0,0.5,0.0,99.612,0.000,0.0,622268.0
2026-09-09T01:41:20,33.5,65574,1547350,1470576,4.2,0.00,0.58,0.00,2.31,0.00,0.00,0.00,29264.0,95830.0,66088.0,0.0,0.0,0.5,0.0,99.617,0.000,0.0,631285.5
2026-09-09T01:41:23,33.5,65576,1547350,1470575,4.2,0.00,1.62,0.00,6.48,0.00,0.00,0.00,29264.0,95830.0,66088.0,0.0,0.0,0.5,0.0,99.630,0.000,0.0,622365.0
2026-09-09T01:41:29,33.5,65584,1547350,1470567,4.2,0.00,0.70,0.00,3.49,0.00,0.25,0.00,29264.0,95830.0,66088.0,0.0,0.0,0.5,0.0,99.611,0.000,0.0,622868.5
2026-09-09T01:41:34,33.6,65588,1547350,1470562,4.2,0.00,0.79,0.00,3.94,0.00,0.00,0.00,29264.0,95830.0,66088.0,0.0,0.0,0.5,0.0,99.596,0.000,0.0,658387.5
2026-09-09T01:41:41,33.5,65590,1547350,1470561,4.2,0.00,0.57,0.00,2.30,0.00,0.00,0.00,29264.0,95830.0,66088.0,0.0,0.0,0.5,0.0,99.657,0.000,0.0,630133.5
2026-09-09T01:41:44,33.5,65594,1547350,1470557,4.2,0.00,12.47,0.00,106.49,0.00,0.13,0.00,29264.0,95830.0,66088.0,0.0,0.0,0.5,0.0,100.166,0.000,0.0,652453.5
2026-09-09T01:41:48,33.5,65596,1547350,1470554,4.2,0.00,0.51,0.00,2.04,0.00,0.00,0.00,29264.0,95830.0,66088.0,0.0,0.0,0.5,0.0,100.134,0.000,0.0,645394.0
2026-09-09T01:41:52,33.4,65597,1547350,1470553,4.2,0.00,1.35,0.00,5.38,0.00,0.20,0.00,29264.0,95830.0,66088.0,0.0,0.0,0.5,0.0,100.133,0.000,0.0,641698.0
2026-09-09T01:41:56,33.5,65601,1547350,1470550,4.2,0.00,0.92,0.00,3.67,0.00,0.00,0.00,29264.0,95830.0,66088.0,0.0,0.0,0.5,0.0,100.169,0.000,0.0,635613.0
2026-09-09T01:42:02,33.5,65608,1547350,1470542,4.2,0.00,0.71,0.00,2.85,0.00,0.00,0.00,29264.0,95830.0,66088.0,0.0,0.0,0.5,0.0,100.216,0.000,0.0,628112.0
2026-09-09T01:42:07,33.5,65612,1547350,1470538,4.2,0.00,2.07,0.00,8.29,0.00,0.10,0.00,29264.0,95830.0,66088.0,0.0,0.0,0.5,0.0,100.308,0.000,0.0,641147.0
2026-09-09T01:42:12,33.5,65612,1547350,1470538,4.2,0.00,0.76,0.00,3.05,0.00,0.00,0.00,29264.0,95830.0,66088.0,0.0,0.0,0.5,0.0,100.231,0.000,0.0,645353.0
2026-09-09T01:42:17,33.5,65615,1547350,1470535,4.2,0.00,2.00,0.00,11.01,0.00,0.11,0.00,29264.0,95830.0,66088.0,0.0,0.0,0.5,0.0,100.126,0.000,0.0,646694.0
2026-09-09T01:42:23,33.5,65629,1547350,1470522,4.2,0.00,0.81,0.00,3.24,0.00,0.00,0.02,29264.0,95830.0,66088.0,0.0,0.0,0.5,0.0,100.213,0.000,0.0,628765.0
2026-09-09T01:42:28,33.5,65629,1547350,1470521,4.2,0.00,0.83,0.00,4.14,0.00,0.00,0.00,29264.0,95830.0,66088.0,0.0,0.0,0.5,0.0,100.264,0.000,0.0,633860.0
2026-09-09T01:42:33,33.5,65633,1547350,1470517,4.2,0.00,0.69,0.00,3.46,0.00,0.25,0.00,29264.0,95830.0,66088.0,0.0,0.0,0.5,0.0,100.320,0.000,0.0,712676.0
2026-09-09T01:42:37,33.5,65637,1547350,1470514,4.2,0.00,0.51,0.00,2.06,0.00,0.00,0.00,29264.0,95830.0,66088.0,0.0,0.0,0.5,0.0,100.334,0.000,0.0,690287.5
2026-09-09T01:42:40,33.5,65638,1547350,1470512,4.2,0.00,1.29,0.00,5.15,0.00,0.00,0.00,29264.0,95830.0,66088.0,0.0,0.0,0.5,0.0,100.377,0.000,0.0,647225.0
2026-09-09T01:42:44,33.5,65641,1547350,1470510,4.2,0.00,3.57,0.00,30.45,0.00,0.07,0.00,29264.0,95830.0,66088.0,0.0,0.0,0.5,0.0,100.353,0.000,0.0,644319.5
2026-09-09T01:42:50,33.5,65645,1547350,1470505,4.2,0.00,0.64,0.00,2.55,0.00,0.00,0.00,29264.0,95830.0,66088.0,0.0,0.0,0.5,0.0,100.360,0.000,0.0,660460.0
2026-09-09T01:42:57,33.5,65647,1547350,1470503,4.2,0.00,0.80,0.00,3.19,0.00,0.00,0.02,29264.0,95830.0,66088.0,0.0,0.0,0.5,0.0,100.315,0.000,0.0,715607.5
2026-09-09T01:43:01,33.5,65656,1547350,1470494,4.2,0.00,2.41,0.00,11.57,0.00,0.20,0.00,29264.0,95830.0,66088.0,0.0,0.0,0.5,0.0,100.347,0.000,0.0,642841.5
2026-09-09T01:43:07,33.4,65661,1547350,1470490,4.2,0.00,0.61,0.00,2.46,0.00,0.00,0.00,29264.0,95830.0,66088.0,0.0,0.0,0.5,0.0,100.454,0.000,0.0,619633.0
2026-09-09T01:43:13,33.5,65668,1547350,1470483,4.2,0.00,1.92,0.00,10.40,0.00,0.09,0.00,29264.0,95830.0,66088.0,0.0,0.0,0.5,0.0,100.380,0.000,0.0,640112.0
2026-09-09T01:43:23,33.5,65670,1547350,1470481,4.2,0.00,0.42,0.00,1.67,0.00,0.00,0.00,29264.0,95830.0,66088.0,0.0,0.0,0.5,0.0,100.322,0.000,0.0,627956.0
2026-09-09T01:43:30,33.5,65675,1547350,1470476,4.2,0.00,0.74,0.00,3.53,0.00,0.00,0.00,29264.0,95830.0,66088.0,0.0,0.0,0.5,0.0,100.216,0.000,0.0,632535.5
2026-09-09T01:43:35,33.4,65677,1547350,1470474,4.2,0.00,0.78,0.00,3.12,0.00,0.00,0.00,29264.0,95830.0,66088.0,0.0,0.0,0.5,0.0,100.144,0.000,0.0,648906.5
2026-09-09T01:43:39,33.5,65679,1547350,1470472,4.2,0.00,0.89,0.00,4.47,0.00,0.25,0.00,29264.0,95830.0,66088.0,0.0,0.0,0.5,0.0,100.185,0.000,0.0,634965.5
2026-09-09T01:43:43,32.7,65680,1547350,1470470,4.2,0.00,7.63,0.00,49.24,0.00,0.10,0.00,29264.0,95830.0,66088.0,0.0,0.0,0.5,0.0,100.123,0.000,0.0,626137.0
2026-09-09T01:43:48,33.3,65682,1547350,1470469,4.2,0.00,0.82,0.00,3.26,0.00,0.00,0.00,29264.0,95830.0,66088.0,0.0,0.0,0.5,0.0,100.096,0.000,0.0,625418.0
2026-09-09T01:43:53,33.5,65685,1547350,1470466,4.2,0.00,0.77,0.00,3.08,0.00,0.00,0.00,29264.0,95830.0,66088.0,0.0,0.0,0.5,0.0,100.000,0.000,0.0,634335.5
2026-09-09T01:43:57,33.4,65688,1547350,1470462,4.2,0.00,0.72,0.00,2.88,0.00,0.00,0.00,29264.0,95830.0,66088.0,0.0,0.0,0.5,0.0,100.007,0.000,0.0,627114.5
2026-09-09T01:44:04,33.5,65695,1547350,1470456,4.2,0.00,1.84,0.00,7.96,0.00,0.08,0.00,29264.0,95830.0,66088.0,0.0,0.0,0.5,0.0,100.033,0.000,0.0,631379.0
2026-09-09T01:44:09,33.5,65694,1547350,1470456,4.2,0.00,0.81,0.00,3.24,0.00,0.25,0.00,29264.0,95830.0,66088.0,0.0,0.0,0.5,0.0,99.880,0.000,0.0,615119.5
2026-09-09T01:44:21,33.4,65700,1547350,1470451,4.2,0.00,0.96,0.00,4.74,0.00,0.08,0.00,29264.0,95830.0,66088.0,0.0,0.0,0.5,0.0,99.816,0.000,0.0,629262.0
2026-09-09T01:44:29,32.9,65704,1547350,1470447,4.2,0.00,0.65,0.00,3.13,0.00,0.00,0.00,29264.0,95830.0,66088.0,0.0,0.0,0.5,0.0,99.739,0.000,0.0,640372.0
2026-09-09T01:44:33,32.4,65709,1547350,1470442,4.2,0.00,0.91,0.00,4.53,0.00,0.00,0.00,29264.0,95830.0,66088.0,0.0,0.0,0.5,0.0,99.709,0.000,0.0,642573.0
2026-09-09T01:44:39,32.4,65711,1547350,1470440,4.2,0.00,0.73,0.00,2.92,0.00,0.00,0.00,29264.0,95830.0,66088.0,0.0,0.0,0.5,0.0,99.605,0.000,0.0,629780.0
2026-09-09T01:44:44,32.4,65713,1547350,1470438,4.2,0.00,4.13,0.00,32.36,0.00,0.10,0.00,29264.0,95830.0,66088.0,0.0,0.0,0.5,0.0,99.492,0.000,0.0,635175.5
2026-09-09T01:44:49,32.4,65714,1547350,1470437,4.2,0.00,0.77,0.00,3.06,0.00,0.00,0.00,29264.0,95830.0,66088.0,0.0,0.0,0.5,0.0,99.499,0.000,0.0,627098.0
2026-09-09T01:44:57,33.0,65717,1547350,1470434,4.2,0.00,0.54,0.00,2.14,0.00,0.25,0.00,29264.0,95830.0,66088.0,0.0,0.0,0.5,0.0,99.412,0.000,0.0,625642.5
2026-09-09T01:45:04,33.5,65724,1547350,1470427,4.2,0.00,1.95,0.00,7.82,0.00,0.07,0.00,29264.0,95830.0,66088.0,0.0,0.0,0.5,0.0,99.293,0.000,0.0,619268.5
2026-09-09T01:45:12,33.4,65723,1547350,1470428,4.2,0.00,0.73,0.00,2.92,0.00,0.00,0.00,29264.0,95830.0,66088.0,0.0,0.0,0.5,0.0,99.314,0.000,0.0,621898.0
2026-09-09T01:45:21,33.4,65791,1547350,1470359,4.3,0.00,1.01,0.00,5.09,0.00,0.11,0.00,29264.0,95830.0,66088.0,0.0,0.0,0.5,0.0,98.874,0.000,0.0,612601.0
2026-09-09T01:45:28,34.0,66501,1547350,1469650,4.3,0.00,0.68,0.00,2.70,0.00,0.00,0.00,29264.0,95830.0,66088.0,0.0,0.0,0.5,0.0,98.838,0.000,0.0,631975.0
2026-09-09T01:45:32,34.4,67267,1547350,1468883,4.3,0.00,0.51,0.00,2.02,0.00,0.00,0.00,29264.0,95830.0,66088.0,0.0,0.0,0.5,0.0,98.770,0.000,0.0,638259.5
2026-09-09T01:45:37,34.3,67304,1547350,1468846,4.3,0.00,1.27,0.00,6.77,0.00,0.17,0.00,29264.0,95830.0,66088.0,0.0,0.0,0.5,0.0,98.812,0.000,0.0,615977.5
2026-09-09T01:45:44,33.5,67305,1547350,1468846,4.3,0.00,2.74,0.00,24.09,0.00,0.06,0.00,29264.0,95830.0,66088.0,0.0,0.0,0.5,0.0,98.686,0.000,0.0,613099.0
2026-09-09T01:45:53,33.4,67307,1547350,1468843,4.3,0.00,0.65,0.00,2.59,0.00,0.17,0.00,29264.0,95830.0,66088.0,0.0,0.0,0.5,0.0,98.669,0.000,0.0,613229.0
2026-09-09T01:46:02,33.5,67313,1547350,1468838,4.4,0.00,1.27,0.00,5.55,0.00,0.09,0.00,29264.0,95830.0,66088.0,0.0,0.0,0.5,0.0,98.559,0.000,0.0,617887.0
2026-09-09T01:46:07,33.9,67387,1547350,1468764,4.4,0.00,10.39,0.00,351.92,0.00,0.12,0.02,29264.0,95830.0,66088.0,0.0,0.0,0.5,0.0,98.584,0.000,0.0,669337.5
2026-09-09T01:46:16,34.3,67320,1547350,1468831,4.4,0.00,29.97,0.00,452.71,0.00,0.09,0.03,29264.0,95830.0,66088.0,0.0,0.0,0.5,0.0,98.496,0.000,0.0,613767.5
2026-09-09T01:46:26,33.4,67320,1547350,1468830,4.4,0.00,0.20,0.00,0.80,0.00,0.00,0.00,29264.0,95830.0,66088.0,0.0,0.0,0.5,0.0,98.503,0.000,0.0,630305.0
2026-09-09T01:46:32,33.4,67321,1547350,1468829,4.4,0.00,17.39,0.00,318.53,0.00,0.10,0.05,29264.0,95830.0,66088.0,0.0,0.0,0.5,0.0,98.358,0.000,0.0,676167.5
2026-09-09T01:46:38,33.5,67322,1547350,1468829,4.4,0.00,0.69,0.00,3.44,0.00,0.00,0.00,29264.0,95830.0,66088.0,0.0,0.0,0.5,0.0,98.291,0.000,0.0,612913.5
2026-09-09T01:46:44,33.4,67322,1547350,1468828,4.4,0.00,5.10,0.00,55.07,0.00,0.13,0.00,29264.0,95830.0,66088.0,0.0,0.0,0.5,0.0,98.267,0.000,0.0,644407.0
2026-09-09T01:46:51,33.4,67324,1547350,1468827,4.4,0.00,0.57,0.00,2.28,0.00,0.25,0.00,29264.0,95830.0,66088.0,0.0,0.0,0.5,0.0,98.251,0.000,0.0,652210.0
2026-09-09T01:47:00,33.4,67328,1547350,1468822,4.4,0.00,1.39,0.00,5.54,0.00,0.00,0.00,29264.0,95830.0,66088.0,0.0,0.0,0.5,0.0,98.268,0.000,0.0,653789.5
2026-09-09T01:47:05,33.5,67329,1547350,1468821,4.4,0.00,1.04,0.00,4.14,0.00,0.20,0.00,29264.0,95830.0,66088.0,0.0,0.0,0.5,0.0,98.279,0.000,0.0,649234.0
2026-09-09T01:47:11,33.5,67327,1547350,1468823,4.4,0.00,0.95,0.00,3.81,0.00,0.00,0.00,29264.0,95830.0,66088.0,0.0,0.0,0.5,0.0,98.184,0.000,0.0,617828.0
2026-09-09T01:47:19,33.4,67332,1547350,1468818,4.4,0.00,4.88,0.00,38.02,0.00,0.13,0.00,29264.0,95830.0,66088.0,0.0,0.0,0.5,0.0,98.117,0.000,0.0,619067.5
2026-09-09T01:47:27,33.4,67333,1547350,1468818,4.4,0.00,0.70,0.00,2.79,0.00,0.17,0.00,29264.0,95830.0,66088.0,0.0,0.0,0.5,0.0,98.143,0.000,0.0,628453.0
2026-09-09T01:47:35,33.4,67344,1547350,1468807,4.4,0.00,0.69,0.00,3.31,0.00,0.00,0.00,29264.0,95830.0,66088.0,0.0,0.0,0.5,0.0,98.087,0.000,0.0,640640.0
2026-09-09T01:47:43,33.4,67345,1547350,1468806,4.4,0.00,0.50,0.00,2.51,0.00,0.00,0.00,29264.0,95830.0,66088.0,0.0,0.0,0.5,0.0,98.091,0.000,0.0,662694.0
2026-09-09T01:47:49,33.4,67347,1547350,1468804,4.4,0.00,3.41,0.00,31.62,0.00,0.10,0.00,29264.0,95830.0,66088.0,0.0,0.0,0.5,0.0,98.146,0.000,0.0,628358.5
2026-09-09T01:47:56,33.5,67353,1547350,1468797,4.4,0.00,0.52,0.00,2.10,0.00,0.00,0.00,29264.0,95830.0,66088.0,0.0,0.0,0.5,0.0,98.072,0.000,0.0,646427.5
2026-09-09T01:48:02,34.2,72203,1547350,1463947,4.7,0.00,1.76,0.00,7.74,0.00,0.10,0.00,29264.0,95830.0,66088.0,0.0,0.0,0.5,0.0,98.070,0.000,0.0,625757.5
2026-09-09T01:48:08,34.1,72312,1547350,1463838,4.7,0.00,0.79,0.00,3.16,0.00,0.00,0.00,29264.0,95830.0,66088.0,0.0,0.0,0.5,0.0,98.136,0.000,0.0,667608.0
2026-09-09T01:48:12,34.5,72337,1547350,1463814,4.7,0.00,1.59,0.00,6.36,0.00,0.17,0.00,29264.0,95830.0,66088.0,0.0,0.0,0.5,0.0,98.123,0.000,0.0,723109.0
2026-09-09T01:48:15,34.5,72371,1547350,1463780,4.7,0.00,2.08,0.00,11.16,0.00,0.00,0.00,29264.0,95830.0,66088.0,0.0,0.0,0.5,0.0,98.136,0.000,0.0,655127.0
2026-09-09T01:48:21,37.2,72525,1547350,1463626,4.7,0.00,1.49,0.00,8.22,0.00,0.12,0.00,29264.0,95830.0,66088.0,0.0,0.0,0.5,0.0,98.087,0.000,0.0,628518.5
2026-09-09T01:48:26,41.9,72495,1547350,1463655,4.7,0.00,0.71,0.00,2.85,0.00,0.00,0.00,29264.0,95830.0,66088.0,0.0,0.0,0.5,0.0,98.132,0.000,0.0,635430.0
2026-09-09T01:48:32,39.5,72498,1547350,1463652,4.7,0.00,0.85,0.00,4.07,0.00,0.20,0.00,29264.0,95830.0,66088.0,0.0,0.0,0.5,0.0,98.127,0.000,0.0,626668.5
2026-09-09T01:48:40,34.0,78774,1547350,1457376,5.1,0.00,0.51,0.00,2.54,0.00,0.00,0.00,29264.0,95830.0,66088.0,0.0,0.0,0.5,0.0,97.946,0.000,0.0,0.0
2026-09-09T01:50:00,33.6,72489,1547350,1463662,4.7,0.00,1.18,0.00,7.94,0.00,0.09,0.00,29264.0,95830.0,66088.0,0.0,0.0,0.5,0.0,97.915,0.000,0.0,604174.5
2026-09-09T01:50:04,41.9,72497,1547350,1463646,4.7,0.00,2.95,0.00,11.81,0.00,0.10,0.00,29264.0,95830.0,66088.0,0.0,0.0,0.5,0.0,97.953,0.000,0.0,658119.0
2026-09-09T01:50:09,42.0,72486,1547350,1463657,4.7,0.00,0.79,0.00,3.16,0.00,0.00,0.00,29264.0,95830.0,66088.0,0.0,0.0,0.5,0.0,97.893,0.000,0.0,631469.0
2026-09-09T01:50:13,36.6,72525,1547350,1463617,4.7,0.00,1.74,0.00,6.95,0.00,0.14,0.00,29264.0,95830.0,66088.0,0.0,0.0,0.5,0.0,97.960,0.000,0.0,634126.5
2026-09-09T01:50:19,40.7,72525,1547350,1463617,4.7,0.00,1.80,0.00,8.12,0.00,0.00,0.00,29264.0,95830.0,66088.0,0.0,0.0,0.5,0.0,97.885,0.000,0.0,653913.5
2026-09-09T01:50:22,41.8,72530,1547350,1463612,4.7,0.00,0.69,0.00,2.74,0.00,0.00,0.00,29264.0,95830.0,66088.0,0.0,0.0,0.5,0.0,97.892,0.000,0.0,648282.5
2026-09-09T01:50:25,41.8,72510,1547350,1463632,4.7,0.00,1.23,0.00,4.93,0.00,0.25,0.00,29264.0,95830.0,66088.0,0.0,0.0,0.5,0.0,97.906,0.000,0.0,642850.0
2026-09-09T01:50:29,35.2,72530,1547350,1463612,4.7,0.00,1.18,0.00,4.74,0.00,0.00,0.00,29264.0,95830.0,66088.0,0.0,0.0,0.5,0.0,97.922,0.000,0.0,653797.5
2026-09-09T01:50:35,41.3,72536,1547350,1463606,4.7,0.00,0.64,0.00,2.56,0.00,0.00,0.00,29264.0,95830.0,66088.0,0.0,0.0,0.5,0.0,97.912,0.000,0.0,627841.0
2026-09-09T01:50:40,41.8,72518,1547350,1463624,4.7,0.00,0.95,0.00,4.57,0.00,0.00,0.00,29264.0,95830.0,66088.0,0.0,0.0,0.5,0.0,97.910,0.000,0.0,644008.0
2026-09-09T01:50:45,35.5,72535,1547350,1463607,4.7,0.00,1.29,0.00,5.18,0.00,0.17,0.00,29264.0,95830.0,66088.0,0.0,0.0,0.5,0.0,97.901,0.000,0.0,625109.0
2026-09-09T01:50:50,41.7,72539,1547350,1463604,4.7,0.00,3.21,0.00,31.23,0.00,0.06,0.00,29264.0,95830.0,66088.0,0.0,0.0,0.5,0.0,97.962,0.000,0.0,625674.0
2026-09-09T01:50:58,40.2,72544,1547350,1463598,4.7,0.00,0.49,0.00,1.98,0.00,0.00,0.00,29264.0,95830.0,66088.0,0.0,0.0,0.5,0.0,97.892,0.000,0.0,619360.5
2026-09-09T01:51:05,39.9,72550,1547350,1463592,4.7,0.00,1.65,0.00,7.15,0.00,0.08,0.00,29264.0,95830.0,66088.0,0.0,0.0,0.5,0.0,97.876,0.000,0.0,617914.0
2026-09-09T01:51:16,39.0,72825,1547350,1463318,4.7,0.00,1.09,0.00,4.96,0.00,0.08,0.00,29264.0,95830.0,66088.0,0.0,0.0,0.5,0.0,97.893,0.000,0.0,624351.5
2026-09-09T01:51:21,42.6,74176,1547350,1461967,4.8,0.00,0.93,0.00,3.74,0.00,0.00,0.00,29264.0,95830.0,66088.0,0.0,0.0,0.5,0.0,97.870,0.000,0.0,628468.0
2026-09-09T01:51:27,42.4,74111,1547350,1462032,4.8,0.00,0.74,0.00,2.95,0.00,0.25,0.00,29264.0,95830.0,66088.0,0.0,0.0,0.5,0.0,97.722,0.000,0.0,623391.0
2026-09-09T01:51:34,37.9,74130,1547350,1462012,4.8,0.00,0.43,0.00,1.72,0.00,0.00,0.00,29264.0,95830.0,66088.0,0.0,0.0,0.5,0.0,97.772,0.000,0.0,640768.0
2026-09-09T01:51:38,41.8,74131,1547350,1462012,4.8,0.00,0.93,0.00,3.70,0.00,0.00,0.00,29264.0,95830.0,66088.0,0.0,0.0,0.5,0.0,97.700,0.000,0.0,627690.0
2026-09-09T01:51:43,39.4,74133,1547350,1462009,4.8,0.00,0.76,0.00,3.78,0.00,0.00,0.00,29264.0,95830.0,66088.0,0.0,0.0,0.5,0.0,97.724,0.000,0.0,622904.0
2026-09-09T01:51:50,39.0,74140,1547350,1462003,4.8,0.00,2.65,0.00,24.15,0.00,0.12,0.00,29264.0,95830.0,66088.0,0.0,0.0,0.5,0.0,97.667,0.000,0.0,628184.0
2026-09-09T01:51:54,41.8,74141,1547350,1462002,4.8,0.00,1.61,0.00,6.42,0.00,0.00,0.00,29264.0,95830.0,66088.0,0.0,0.0,0.5,0.0,97.672,0.000,0.0,652815.5
2026-09-09T01:51:57,40.5,74127,1547350,1462015,4.8,0.00,1.03,0.00,4.11,0.00,0.00,0.00,29264.0,95830.0,66088.0,0.0,0.0,0.5,0.0,97.681,0.000,0.0,625623.0
2026-09-09T01:52:03,37.9,74148,1547350,1461994,4.8,0.00,1.69,0.00,6.75,0.00,0.10,0.00,29264.0,95830.0,66088.0,0.0,0.0,0.5,0.0,97.698,0.000,0.0,633385.5
2026-09-09T01:52:07,41.8,74149,1547350,1461993,4.8,0.00,1.03,0.00,4.13,0.00,0.00,0.00,29264.0,95830.0,66088.0,0.0,0.0,0.5,0.0,97.650,0.000,0.0,634799.5
2026-09-09T01:52:13,40.7,74128,1547350,1462014,4.8,0.00,1.13,0.00,4.52,0.00,0.17,0.02,29264.0,95830.0,66088.0,0.0,0.0,0.5,0.0,97.707,0.000,0.0,628984.0
2026-09-09T01:52:19,38.3,74153,1547350,1461990,4.8,0.00,1.06,0.00,5.69,0.00,0.00,0.00,29264.0,95830.0,66088.0,0.0,0.0,0.5,0.0,97.681,0.000,0.0,624466.0
2026-09-09T01:52:23,41.8,74155,1547350,1461987,4.8,0.00,1.16,0.00,4.63,0.00,0.20,0.00,29264.0,95830.0,66088.0,0.0,0.0,0.5,0.0,97.614,0.000,0.0,639388.5
2026-09-09T01:52:28,39.9,74141,1547350,1462002,4.8,0.00,1.08,0.00,12.05,0.00,0.00,0.00,29264.0,95830.0,66088.0,0.0,0.0,0.5,0.0,97.664,0.000,0.0,633114.5
2026-09-09T01:52:35,39.2,74160,1547350,1461983,4.8,0.00,0.60,0.00,2.41,0.00,0.00,0.00,29264.0,95830.0,66088.0,0.0,0.0,0.5,0.0,97.632,0.000,0.0,614363.5
2026-09-09T01:52:42,41.4,74145,1547350,1461997,4.8,0.00,0.52,0.00,3.13,0.00,0.00,0.00,29264.0,95830.0,66088.0,0.0,0.0,0.5,0.0,97.637,0.000,0.0,623636.5
2026-09-09T01:52:47,36.6,74163,1547350,1461980,4.8,0.00,3.70,0.00,33.11,0.00,0.11,0.00,29264.0,95830.0,66088.0,0.0,0.0,0.5,0.0,97.656,0.000,0.0,617307.0
2026-09-09T01:52:52,41.8,74167,1547350,1461976,4.8,0.00,0.79,0.00,3.17,0.00,0.00,0.00,29264.0,95830.0,66088.0,0.0,0.0,0.5,0.0,97.618,0.000,0.0,613968.0
2026-09-09T01:53:00,39.0,74174,1547350,1461969,4.8,0.00,0.52,0.00,2.07,0.00,0.25,0.00,29264.0,95830.0,66088.0,0.0,0.0,0.5,0.0,97.612,0.000,0.0,620865.5
2026-09-09T01:53:06,40.1,74174,1547350,1461969,4.8,0.00,1.78,0.00,7.75,0.00,0.00,0.02,29264.0,95830.0,66088.0,0.0,0.0,0.5,0.0,97.604,0.000,0.0,666423.5
2026-09-09T01:53:11,41.7,74174,1547350,1461969,4.8,0.00,0.77,0.00,3.09,0.00,0.25,0.00,29264.0,95830.0,66088.0,0.0,0.0,0.5,0.0,97.609,0.000,0.0,622312.0
2026-09-09T01:53:17,36.3,74175,1547350,1461967,4.8,0.00,2.90,0.00,22.73,0.00,0.07,0.00,29264.0,95830.0,66088.0,0.0,0.0,0.5,0.0,97.591,0.000,0.0,629378.5
2026-09-09T01:53:24,40.9,74178,1547350,1461965,4.8,0.00,0.57,0.00,2.26,0.00,0.00,0.00,29264.0,95830.0,66088.0,0.0,0.0,0.5,0.0,97.548,0.000,0.0,625018.0
2026-09-09T01:53:32,37.9,74432,1547350,1461711,4.8,0.00,0.60,0.00,2.38,0.00,0.00,0.00,29264.0,95830.0,66088.0,0.0,0.0,0.5,0.0,97.430,0.000,0.0,619015.5
2026-09-09T01:53:37,42.5,79114,1547350,1457029,5.1,0.00,0.85,0.00,3.41,0.00,0.25,0.00,29264.0,95830.0,66088.0,0.0,0.0,0.5,0.0,97.436,0.000,0.0,632454.0
2026-09-09T01:53:44,41.9,79131,1547350,1457012,5.1,0.00,0.53,0.00,3.20,0.00,0.00,0.00,29264.0,95830.0,66088.0,0.0,0.0,0.5,0.0,97.352,0.000,0.0,648218.0
2026-09-09T01:53:47,36.0,79183,1547350,1456960,5.1,0.00,5.98,0.00,51.97,0.00,0.11,0.00,29264.0,95830.0,66088.0,0.0,0.0,0.5,0.0,97.388,0.000,0.0,664151.0
2026-09-09T01:53:52,42.9,79216,1547350,1456927,5.1,0.00,0.84,0.00,3.38,0.00,0.00,0.00,29264.0,95830.0,66088.0,0.0,0.0,0.5,0.0,97.364,0.000,0.0,714708.5
2026-09-09T01:53:56,42.9,79251,1547350,1456892,5.1,0.00,0.56,0.00,2.25,0.00,0.00,0.00,29264.0,95830.0,66088.0,0.0,0.0,0.5,0.0,97.349,0.000,0.0,642194.0
2026-09-09T01:54:01,43.9,79389,1547350,1456754,5.1,0.00,2.47,0.00,10.71,0.00,0.08,0.00,29264.0,95830.0,66088.0,0.0,0.0,0.5,0.0,97.365,0.000,0.0,636404.0
2026-09-09T01:54:10,49.9,79388,1547350,1456754,5.1,0.00,0.55,0.00,2.20,0.00,0.00,0.00,29264.0,95830.0,66088.0,0.0,0.0,0.5,0.0,97.430,0.000,0.0,645049.5
2026-09-09T01:54:15,42.9,79371,1547350,1456772,5.1,0.00,1.24,0.00,5.77,0.00,0.17,0.00,29264.0,95830.0,66088.0,0.0,0.0,0.5,0.0,97.304,0.000,0.0,676362.5
2026-09-09T01:54:18,36.3,79387,1547350,1456755,5.1,0.00,3.00,0.00,18.46,0.00,0.00,0.00,29264.0,95830.0,66088.0,0.0,0.0,0.5,0.0,97.352,0.000,0.0,620102.0
2026-09-09T01:54:26,42.2,79338,1547350,1456805,5.1,0.00,0.95,0.00,3.82,0.00,0.12,0.00,29264.0,95830.0,66088.0,0.0,0.0,0.5,0.0,97.373,0.000,0.0,708964.0
2026-09-09T01:54:35,34.9,79376,1547350,1456766,5.1,0.00,7.50,0.00,47.01,0.00,0.08,0.00,29264.0,95830.0,66088.0,0.0,0.0,0.5,0.0,97.422,0.000,0.0,0.0
2026-09-09T01:55:55,50.1,79378,1547350,1456764,5.1,0.00,0.02,0.00,0.10,0.00,0.00,0.00,29264.0,95830.0,66088.0,0.0,0.0,0.5,0.0,97.416,0.000,0.0,0.0
2026-09-09T01:55:59,50.1,79380,1547350,1456763,5.1,0.00,0.56,0.00,2.26,0.00,0.00,0.00,29264.0,95830.0,66088.0,0.0,0.0,0.5,0.0,97.429,0.000,0.0,676997.0
2026-09-09T01:56:05,46.2,79496,1547350,1456647,5.1,0.00,0.32,0.00,1.28,0.00,0.00,0.00,29264.0,95830.0,66088.0,0.0,0.0,0.5,0.0,97.385,0.000,0.0,651282.0
2026-09-09T01:56:09,40.3,80098,1547350,1456045,5.2,0.00,1.14,0.00,5.71,0.00,0.00,0.00,29264.0,95830.0,66088.0,0.0,0.0,0.5,0.0,97.393,0.000,0.0,653469.0
2026-09-09T01:56:13,43.8,81004,1547350,1455138,5.2,0.00,0.63,0.00,3.38,0.00,0.33,0.00,29264.0,95830.0,66088.0,0.0,0.0,0.5,0.0,97.344,0.000,0.0,773544.0
2026-09-09T01:56:18,42.6,80960,1547350,1455183,5.2,0.00,0.64,0.00,4.60,0.00,0.00,0.00,29264.0,95830.0,66088.0,0.0,0.0,0.5,0.0,97.428,0.000,0.0,665345.0
2026-09-09T01:56:26,37.2,87339,1547350,1448803,5.6,0.00,0.25,0.00,0.99,0.00,0.00,0.00,29264.0,95830.0,66088.0,0.0,0.0,0.5,0.0,97.439,0.000,0.0,0.0
2026-09-09T01:57:47,34.7,80968,1547350,1455174,5.2,0.00,0.74,0.00,3.93,0.00,0.07,0.00,29264.0,95830.0,66088.0,0.0,0.0,0.5,0.0,97.473,0.000,0.0,603496.0
2026-09-09T01:57:51,50.1,80967,1547350,1455176,5.2,0.00,3.98,0.00,36.18,0.00,0.12,0.00,29264.0,95830.0,66088.0,0.0,0.0,0.5,0.0,97.450,0.000,0.0,645100.5
2026-09-09T01:57:54,50.2,80966,1547350,1455176,5.2,0.00,0.28,0.00,1.14,0.00,0.00,0.03,29264.0,95830.0,66088.0,0.0,0.0,0.5,0.0,97.468,0.000,0.0,677997.5
2026-09-09T01:57:57,50.1,80949,1547350,1455194,5.2,0.00,1.50,0.00,6.01,0.00,0.00,0.00,29264.0,95830.0,66088.0,0.0,0.0,0.5,0.0,97.515,0.000,0.0,677837.0
2026-09-09T01:58:00,40.8,80969,1547350,1455173,5.2,0.00,0.62,0.00,2.46,0.00,0.00,0.00,29264.0,95830.0,66088.0,0.0,0.0,0.5,0.0,97.480,0.000,0.0,640932.5
2026-09-09T01:58:05,41.9,80969,1547350,1455173,5.2,0.00,2.54,0.00,11.01,0.00,0.08,0.00,29264.0,95830.0,66088.0,0.0,0.0,0.5,0.0,97.434,0.000,0.0,674015.5
2026-09-09T01:58:07,42.9,80969,1547350,1455173,5.2,0.00,2.01,0.00,8.04,0.00,0.00,0.00,29264.0,95830.0,66088.0,0.0,0.0,0.5,0.0,97.471,0.000,0.0,652165.5
2026-09-09T01:58:11,42.9,80951,1547350,1455192,5.2,0.00,0.48,0.00,1.92,0.00,0.00,0.00,29264.0,95830.0,66088.0,0.0,0.0,0.5,0.0,97.445,0.000,0.0,628111.0
2026-09-09T01:58:16,37.8,80950,1547350,1455192,5.2,0.00,2.67,0.00,12.37,0.00,0.08,0.00,29264.0,95830.0,66088.0,0.0,0.0,0.5,0.0,97.487,0.000,0.0,615208.0
2026-09-09T01:59:42,34.8,80968,1547350,1455174,5.2,0.00,0.39,0.00,3.17,0.00,0.09,0.00,29264.0,95830.0,66088.0,0.0,0.0,0.5,0.0,97.456,0.000,0.0,0.0
2026-09-09T01:59:45,50.1,80970,1547350,1455172,5.2,0.00,0.68,0.00,2.73,0.00,0.00,0.00,29264.0,95830.0,66088.0,0.0,0.0,0.5,0.0,97.365,0.000,0.0,604042.5
2026-09-09T01:59:49,50.1,80972,1547350,1455171,5.2,0.00,0.53,0.00,2.12,0.00,0.00,0.00,29264.0,95830.0,66088.0,0.0,0.0,0.5,0.0,97.435,0.000,0.0,625892.5
2026-09-09T01:59:54,48.3,80957,1547350,1455186,5.2,0.00,2.43,0.00,14.66,0.00,0.08,0.00,29264.0,95830.0,66088.0,0.0,0.0,0.5,0.0,97.493,0.000,0.0,641608.0
2026-09-09T01:59:57,37.1,80976,1547350,1455167,5.2,0.00,0.90,0.00,4.78,0.00,0.00,0.00,29264.0,95830.0,66088.0,0.0,0.0,0.5,0.0,97.378,0.000,0.0,640271.5
2026-09-09T02:00:02,42.8,80979,1547350,1455164,5.2,0.00,0.61,0.00,3.25,0.00,0.33,0.00,29264.0,95830.0,66088.0,0.0,0.0,0.5,0.0,97.438,0.000,0.0,679205.0
2026-09-09T02:00:05,42.8,80978,1547350,1455164,5.2,0.00,0.36,0.00,1.44,0.00,0.00,0.00,29264.0,95830.0,66088.0,0.0,0.0,0.5,0.0,97.465,0.000,0.0,699334.5
2026-09-09T02:00:07,42.8,80979,1547350,1455163,5.2,0.00,1.05,0.00,4.19,0.00,0.00,0.00,29264.0,95830.0,66088.0,0.0,0.0,0.5,0.0,97.504,0.000,0.0,674499.0
2026-09-09T02:00:09,40.1,80951,1547350,1455191,5.2,0.00,0.95,0.00,3.81,0.00,0.00,0.00,29264.0,95830.0,66088.0,0.0,0.0,0.5,0.0,97.427,0.000,0.0,665630.5
2026-09-09T02:00:13,43.9,80965,1547350,1455177,5.2,0.00,0.46,0.00,1.82,0.00,0.00,0.00,29264.0,95830.0,66088.0,0.0,0.0,0.5,0.0,97.461,0.000,0.0,658173.5
2026-09-09T02:00:17,50.3,81809,1547350,1454333,5.3,0.00,0.52,0.00,2.08,0.00,0.00,0.00,29264.0,95830.0,66088.0,0.0,0.0,0.5,0.0,97.357,0.000,0.0,677267.5
2026-09-09T02:00:20,51.2,85734,1547350,1450408,5.5,0.00,1.39,0.00,9.21,0.00,0.00,0.00,29264.0,95830.0,66088.0,0.0,0.0,0.5,0.0,97.351,0.000,0.0,618445.5
2026-09-09T02:00:27,41.7,85847,1547350,1450295,5.5,0.00,0.30,0.00,1.19,0.00,0.00,0.00,29264.0,95830.0,66088.0,0.0,0.0,0.5,0.0,97.390,0.000,0.0,640246.5
2026-09-09T02:00:31,43.4,85894,1547350,1450248,5.6,0.00,0.64,0.00,3.44,0.00,0.00,0.00,29264.0,95830.0,66088.0,0.0,0.0,0.5,0.0,97.478,0.000,0.0,665340.5
2026-09-09T02:00:34,43.9,85924,1547350,1450219,5.6,0.00,3.66,0.00,16.27,0.00,0.11,0.00,29264.0,95830.0,66088.0,0.0,0.0,0.5,0.0,97.467,0.000,0.0,646054.0
2026-09-09T02:00:37,43.8,85943,1547350,1450199,5.6,0.00,0.58,0.00,2.31,0.00,0.00,0.00,29264.0,95830.0,66088.0,0.0,0.0,0.5,0.0,97.407,0.000,0.0,655120.0
2026-09-09T02:00:40,48.7,86045,1547350,1450097,5.6,0.00,1.59,0.00,6.38,0.00,0.20,0.00,29264.0,95830.0,66088.0,0.0,0.0,0.5,0.0,97.391,0.000,0.0,631153.5
2026-09-09T02:00:48,50.4,88411,1547350,1447732,5.7,0.00,0.55,0.00,2.74,0.00,0.00,0.01,29264.0,95830.0,66088.0,0.0,0.0,0.5,0.0,97.376,0.000,0.0,635245.0
2026-09-09T02:00:50,51.1,86536,1547350,1449606,5.6,0.00,21.34,0.00,136.94,0.00,0.08,0.00,29264.0,95830.0,66088.0,0.0,0.0,0.5,0.0,97.284,0.000,0.0,0.0
2026-09-09T02:02:16,34.2,79263,1547350,1456879,5.1,0.00,1.13,0.00,7.48,0.00,0.07,0.00,29264.0,95830.0,66088.0,0.0,0.0,0.5,0.0,97.360,0.000,0.0,0.0
2026-09-09T02:04:48,33.3,79265,1547350,1456878,5.1,0.00,0.01,0.00,0.05,0.00,0.50,0.00,29264.0,95830.0,66088.0,0.0,0.0,0.5,0.0,97.410,0.000,0.0,0.0
2026-09-09T02:04:51,50.1,79264,1547350,1456879,5.1,0.00,1.80,0.00,7.18,0.00,0.00,0.00,29264.0,95830.0,66088.0,0.0,0.0,0.5,0.0,97.411,0.000,0.0,603300.0
2026-09-09T02:04:54,49.8,79263,1547350,1456880,5.1,0.00,2.59,0.00,18.24,0.00,0.00,0.00,29264.0,95830.0,66088.0,0.0,0.0,0.5,0.0,97.353,0.000,0.0,623214.0
2026-09-09T02:04:58,49.1,79262,1547350,1456881,5.1,0.00,0.47,0.00,1.87,0.00,0.00,0.02,29264.0,95830.0,66088.0,0.0,0.0,0.5,0.0,97.385,0.000,0.0,622926.5
2026-09-09T02:05:02,39.7,79269,1547350,1456874,5.1,0.00,0.49,0.00,1.94,0.00,0.50,0.00,29264.0,95830.0,66088.0,0.0,0.0,0.5,0.0,97.413,0.000,0.0,661850.5
2026-09-09T02:05:11,34.9,80206,1547350,1455936,5.2,0.00,0.24,0.00,0.98,0.00,0.00,0.00,29264.0,95830.0,66088.0,0.0,0.0,0.5,0.0,97.376,0.000,0.0,623411.5
2026-09-09T02:07:51,33.5,79258,1547350,1456884,5.1,0.02,0.90,0.07,6.08,0.00,0.05,0.00,29264.0,95830.0,66088.0,0.0,0.0,0.5,0.0,97.433,0.000,0.0,0.0
2026-09-09T02:07:57,50.0,79278,1547350,1456864,5.1,0.00,3.15,0.00,24.61,0.00,0.06,0.00,29264.0,95830.0,66088.0,0.0,0.0,0.5,0.0,97.460,0.000,0.0,604296.5
2026-09-09T02:08:00,50.0,79281,1547350,1456862,5.1,0.00,0.70,0.00,2.80,0.00,0.00,0.00,29264.0,95830.0,66088.0,0.0,0.0,0.5,0.0,97.470,0.000,0.0,679005.5
2026-09-09T02:08:02,50.0,79288,1547350,1456855,5.1,0.00,1.97,0.00,7.89,0.00,0.00,0.00,29264.0,95830.0,66088.0,0.0,0.0,0.5,0.0,97.426,0.000,0.0,631834.5
2026-09-09T02:08:08,39.8,79296,1547350,1456847,5.1,0.00,2.57,0.00,11.01,0.00,0.14,0.00,29264.0,95830.0,66088.0,0.0,0.0,0.5,0.0,97.430,0.000,0.0,624852.0
2026-09-09T02:08:16,34.9,81285,1547350,1454858,5.3,0.00,0.57,0.00,2.30,0.00,0.00,0.00,29264.0,95830.0,66088.0,0.0,0.0,0.5,0.0,97.447,0.000,0.0,614538.5
2026-09-09T02:08:24,33.7,79321,1547350,1456822,5.1,0.00,16.01,0.00,106.16,0.00,0.09,0.00,29264.0,95830.0,66088.0,0.0,0.0,0.5,0.0,97.263,0.000,0.0,0.0
2026-09-09T02:11:01,50.0,79323,1547350,1456819,5.1,0.00,0.01,0.00,0.05,0.00,0.00,0.00,29264.0,95830.0,66088.0,0.0,0.0,0.5,0.0,97.205,0.000,0.0,0.0
2026-09-09T02:11:04,49.8,79320,1547350,1456823,5.1,0.00,0.64,0.00,2.57,0.00,0.00,0.00,29264.0,95830.0,66088.0,0.0,0.0,0.5,0.0,97.212,0.000,0.0,603609.0
2026-09-09T02:11:08,49.9,79318,1547350,1456824,5.1,0.00,1.08,0.00,6.50,0.00,0.25,0.00,29264.0,95830.0,66088.0,0.0,0.0,0.5,0.0,97.227,0.000,0.0,641759.0
2026-09-09T02:11:12,46.2,79316,1547350,1456826,5.1,0.00,0.46,0.00,1.85,0.00,0.00,0.00,29264.0,95830.0,66088.0,0.0,0.0,0.5,0.0,97.137,0.000,0.0,628835.0
2026-09-09T02:11:18,37.7,79321,1547350,1456822,5.1,0.00,0.31,0.00,1.24,0.00,0.00,0.00,29264.0,95830.0,66088.0,0.0,0.0,0.5,0.0,97.240,0.000,0.0,639383.0
2026-09-09T02:11:23,42.7,79376,1547350,1456767,5.1,0.00,0.42,0.00,1.67,0.00,0.00,0.00,29264.0,95830.0,66088.0,0.0,0.0,0.5,0.0,97.173,0.000,0.0,649684.0
2026-09-09T02:11:27,46.2,79312,1547350,1456831,5.1,0.00,1.02,0.00,6.48,0.00,0.00,0.00,29264.0,95830.0,66088.0,0.0,0.0,0.5,0.0,97.230,0.000,0.0,643939.0
2026-09-09T02:11:31,49.9,79313,1547350,1456830,5.1,0.00,0.58,0.00,2.32,0.00,0.00,0.00,29264.0,95830.0,66088.0,0.0,0.0,0.5,0.0,97.181,0.000,0.0,623601.0
2026-09-09T02:11:36,44.0,79319,1547350,1456824,5.1,0.00,2.40,0.00,9.62,0.00,0.08,0.00,29264.0,95830.0,66088.0,0.0,0.0,0.5,0.0,97.095,0.000,0.0,617390.0
2026-09-09T02:11:46,36.4,83667,1547350,1452475,5.4,0.00,0.31,0.00,1.68,0.00,0.00,0.00,29264.0,95830.0,66088.0,0.0,0.0,0.5,0.0,97.143,0.000,0.0,656731.5
2026-09-09T02:11:49,35.5,85781,1547350,1450362,5.5,0.00,8.75,0.00,61.67,0.00,0.10,0.00,29264.0,95830.0,66088.0,0.0,0.0,0.5,0.0,97.185,0.000,0.0,0.0
2026-09-09T02:13:10,34.1,79329,1547350,1456814,5.1,0.00,0.02,0.00,0.10,0.00,0.00,0.00,29264.0,95830.0,66088.0,0.0,0.0,0.5,0.0,97.171,0.000,0.0,603729.5
2026-09-09T02:13:14,49.6,79328,1547350,1456815,5.1,0.00,0.96,0.00,3.83,0.00,0.00,0.00,29264.0,95830.0,66088.0,0.0,0.0,0.5,0.0,97.215,0.000,0.0,675794.0
2026-09-09T02:13:18,49.8,79330,1547350,1456813,5.1,0.00,0.50,0.00,2.02,0.00,0.00,0.00,29264.0,95830.0,66088.0,0.0,0.0,0.5,0.0,97.193,0.000,0.0,642628.5
2026-09-09T02:13:21,48.5,79330,1547350,1456813,5.1,0.00,1.11,0.00,5.56,0.00,0.00,0.00,29264.0,95830.0,66088.0,0.0,0.0,0.5,0.0,97.268,0.000,0.0,626918.0
2026-09-09T02:13:26,40.5,79332,1547350,1456811,5.1,0.00,3.41,0.00,15.92,0.00,0.07,0.00,29264.0,95830.0,66088.0,0.0,0.0,0.5,0.0,97.156,0.000,0.0,628564.0
2026-09-09T02:13:30,37.9,79333,1547350,1456810,5.1,0.00,0.48,0.00,1.93,0.00,0.00,0.00,29264.0,95830.0,66088.0,0.0,0.0,0.5,0.0,97.237,0.000,0.0,657327.5
2026-09-09T02:13:34,42.7,79401,1547350,1456742,5.1,0.00,1.74,0.00,6.97,0.00,0.29,0.00,29264.0,95830.0,66088.0,0.0,0.0,0.5,0.0,97.333,0.000,0.0,622287.5
2026-09-09T02:13:43,42.1,85779,1547350,1450364,5.5,0.00,3.47,0.00,22.96,0.00,0.06,0.00,29264.0,95830.0,66088.0,0.0,0.0,0.5,0.0,97.418,0.000,0.0,0.0
2026-09-09T02:15:05,34.7,79445,1547350,1456698,5.1,0.00,0.02,0.00,0.10,0.00,0.00,0.00,29264.0,95830.0,66088.0,0.0,0.0,0.5,0.0,97.436,0.000,0.0,0.0
2026-09-09T02:15:11,50.6,79791,1547350,1456352,5.2,0.00,0.37,0.00,1.46,0.00,0.00,0.00,29264.0,95830.0,66088.0,0.0,0.0,0.5,0.0,97.439,0.000,0.0,603745.5
2026-09-09T02:15:14,50.7,80811,1547350,1455332,5.2,0.00,0.67,0.00,2.69,0.00,0.00,0.00,29264.0,95830.0,66088.0,0.0,0.0,0.5,0.0,97.459,0.000,0.0,644374.0
2026-09-09T02:15:18,46.8,80952,1547350,1455190,5.2,0.00,0.51,0.00,2.06,0.00,0.00,0.00,29264.0,95830.0,66088.0,0.0,0.0,0.5,0.0,97.389,0.000,0.0,672371.5
2026-09-09T02:15:20,37.5,80929,1547350,1455214,5.2,0.00,0.86,0.00,3.43,0.00,0.00,0.00,29264.0,95830.0,66088.0,0.0,0.0,0.5,0.0,97.416,0.000,0.0,653293.0
2026-09-09T02:15:24,38.3,80930,1547350,1455212,5.2,0.00,0.55,0.00,2.19,0.00,0.00,0.00,29264.0,95830.0,66088.0,0.0,0.0,0.5,0.0,97.452,0.000,0.0,645458.5
2026-09-09T02:15:27,42.5,80931,1547350,1455212,5.2,0.00,2.28,0.00,10.84,0.00,0.12,0.00,29264.0,95830.0,66088.0,0.0,0.0,0.5,0.0,97.424,0.000,0.0,662748.5
2026-09-09T02:15:31,42.8,80920,1547350,1455223,5.2,0.00,2.45,0.00,12.00,0.00,0.11,0.00,29264.0,95830.0,66088.0,0.0,0.0,0.5,0.0,97.438,0.000,0.0,637554.5
2026-09-09T02:15:36,50.0,80919,1547350,1455224,5.2,0.00,0.39,0.00,1.54,0.00,0.00,0.00,29264.0,95830.0,66088.0,0.0,0.0,0.5,0.0,97.477,0.000,0.0,651119.5
2026-09-09T02:15:41,44.7,80919,1547350,1455224,5.2,0.00,0.55,0.00,2.21,0.00,0.00,0.00,29264.0,95830.0,66088.0,0.0,0.0,0.5,0.0,97.461,0.000,0.0,616892.5
2026-09-09T02:15:49,36.6,82137,1547350,1454006,5.3,0.00,0.40,0.00,1.58,0.00,0.00,0.00,29264.0,95830.0,66088.0,0.0,0.0,0.5,0.0,97.409,0.000,0.0,670468.5
2026-09-09T02:15:54,35.5,86592,1547350,1449551,5.6,0.00,0.38,0.00,1.54,0.00,0.00,0.00,29264.0,95830.0,66088.0,0.0,0.0,0.5,0.0,97.430,0.000,0.0,631175.5
2026-09-09T02:15:59,34.0,80929,1547350,1455214,5.2,0.00,185.09,0.00,2406.64,0.00,0.06,0.16,29264.0,95830.0,66088.0,0.0,0.0,0.5,0.0,97.300,0.000,0.0,0.0
2026-09-09T02:17:18,50.0,80926,1547350,1455217,5.2,0.00,0.03,0.00,0.10,0.00,0.00,0.00,29264.0,95830.0,66088.0,0.0,0.0,0.5,0.0,97.383,0.000,0.0,633360.5
2026-09-09T02:17:22,50.0,80925,1547350,1455218,5.2,0.00,1.21,0.00,4.85,0.00,0.00,0.00,29264.0,95830.0,66088.0,0.0,0.0,0.5,0.0,97.372,0.000,0.0,640721.0
2026-09-09T02:17:27,50.0,80922,1547350,1455221,5.2,0.00,0.78,0.00,3.12,0.00,0.25,0.00,29264.0,95830.0,66088.0,0.0,0.0,0.5,0.0,97.376,0.000,0.0,637729.5
2026-09-09T02:17:30,42.5,80923,1547350,1455220,5.2,0.00,11.03,0.00,85.34,0.00,0.09,0.00,29264.0,95830.0,66088.0,0.0,0.0,0.5,0.0,97.303,0.000,0.0,655809.0
2026-09-09T02:17:34,35.2,80931,1547350,1455212,5.2,0.00,4.47,0.00,31.78,0.00,0.11,0.00,29264.0,95830.0,66088.0,0.0,0.0,0.5,0.0,97.359,0.000,0.0,615270.0
2026-09-09T02:17:42,36.1,85602,1547350,1450540,5.5,0.00,0.23,0.00,0.93,0.00,0.00,0.00,29264.0,95830.0,66088.0,0.0,0.0,0.5,0.0,97.274,0.000,0.0,619335.5
2026-09-09T02:19:03,33.4,80938,1547350,1455204,5.2,0.00,0.70,0.00,5.69,0.00,0.09,0.00,29264.0,95830.0,66088.0,0.0,0.0,0.5,0.0,97.151,0.000,0.0,0.0
2026-09-09T02:19:07,44.4,80939,1547350,1455203,5.2,0.00,0.31,0.00,1.22,0.00,0.00,0.00,29264.0,95830.0,66088.0,0.0,0.0,0.5,0.0,97.133,0.000,0.0,643658.0
2026-09-09T02:19:12,46.0,80935,1547350,1455207,5.2,0.00,0.80,0.00,4.79,0.00,0.00,0.00,29264.0,95830.0,66088.0,0.0,0.0,0.5,0.0,97.121,0.000,0.0,650377.5
2026-09-09T02:19:18,47.3,80936,1547350,1455206,5.2,0.00,0.33,0.00,1.31,0.00,0.00,0.00,29264.0,95830.0,66088.0,0.0,0.0,0.5,0.0,97.199,0.000,0.0,635974.0
2026-09-09T02:19:22,36.9,80940,1547350,1455203,5.2,0.00,2.83,0.00,12.33,0.00,0.09,0.00,29264.0,95830.0,66088.0,0.0,0.0,0.5,0.0,97.207,0.000,0.0,626938.0
2026-09-09T02:19:29,34.9,82587,1547350,1453556,5.3,0.00,0.42,0.00,3.05,0.00,0.33,0.00,29264.0,95830.0,66088.0,0.0,0.0,0.5,0.0,97.197,0.000,0.0,666735.5
2026-09-09T02:19:35,40.9,92157,1547350,1443985,6.0,24.38,12.62,557.20,196.25,0.22,0.08,0.26,29264.0,95830.0,66088.0,0.0,0.0,0.5,0.0,97.317,0.000,0.0,0.0
2026-09-09T02:21:01,32.7,92176,1547350,1443967,6.0,0.00,0.23,0.00,1.80,0.00,0.15,0.00,29264.0,95830.0,66088.0,0.0,0.0,0.5,0.0,97.313,0.000,0.0,0.0
2026-09-09T02:21:04,58.6,92183,1547350,1443960,6.0,0.00,3.75,0.00,16.50,0.00,0.00,0.00,29264.0,95830.0,66088.0,0.0,0.0,0.5,0.0,97.305,0.000,0.0,603688.0
2026-09-09T02:21:06,58.5,92187,1547350,1443956,6.0,0.00,0.81,0.00,3.25,0.00,0.50,0.00,29264.0,95830.0,66088.0,0.0,0.0,0.5,0.0,97.370,0.000,0.0,694878.0
2026-09-09T02:21:08,58.4,92187,1547350,1443956,6.0,0.00,2.50,0.00,10.01,0.00,0.00,0.00,29264.0,95830.0,66088.0,0.0,0.0,0.5,0.0,97.310,0.000,0.0,672365.0
2026-09-09T02:21:11,58.5,92187,1547350,1443955,6.0,0.00,0.67,0.00,2.66,0.00,0.00,0.00,29264.0,95830.0,66088.0,0.0,0.0,0.5,0.0,97.291,0.000,0.0,637591.5
2026-09-09T02:21:16,44.4,92199,1547350,1443944,6.0,0.00,1.36,0.00,6.35,0.00,0.00,0.00,29264.0,95830.0,66088.0,0.0,0.0,0.5,0.0,97.424,0.000,0.0,646942.0
2026-09-09T02:21:20,38.7,92206,1547350,1443937,6.0,0.00,1.03,0.00,4.12,0.00,0.25,0.00,29264.0,95830.0,66088.0,0.0,0.0,0.5,0.0,97.417,0.000,0.0,648927.0
2026-09-09T02:21:24,41.3,92218,1547350,1443925,6.0,0.00,1.00,0.00,3.99,0.00,0.00,0.00,29264.0,95830.0,66088.0,0.0,0.0,0.5,0.0,97.408,0.000,0.0,628640.5
2026-09-09T02:21:29,46.1,92223,1547350,1443920,6.0,0.00,0.39,0.00,1.56,0.00,0.00,0.00,29264.0,95830.0,66088.0,0.0,0.0,0.5,0.0,97.356,0.000,0.0,624423.5
2026-09-09T02:21:31,51.0,92233,1547350,1443910,6.0,0.00,2.66,0.00,14.63,0.00,0.00,0.00,29264.0,95830.0,66088.0,0.0,0.0,0.5,0.0,97.389,0.000,0.0,646149.0
2026-09-09T02:21:34,50.9,92238,1547350,1443905,6.0,0.00,2.00,0.00,8.00,0.00,0.20,0.00,29264.0,95830.0,66088.0,0.0,0.0,0.5,0.0,97.376,0.000,0.0,635540.5
2026-09-09T02:21:36,50.8,92241,1547350,1443902,6.0,0.00,0.80,0.00,3.20,0.00,0.00,0.00,29264.0,95830.0,66088.0,0.0,0.0,0.5,0.0,97.404,0.000,0.0,676641.0
2026-09-09T02:21:39,44.5,92334,1547350,1443809,6.0,0.00,1.74,0.00,6.95,0.00,0.00,0.00,29264.0,95830.0,66088.0,0.0,0.0,0.5,0.0,97.414,0.000,0.0,623568.5
2026-09-09T02:21:44,41.3,92343,1547350,1443800,6.0,0.00,1.78,0.00,88.79,0.00,0.12,0.00,29264.0,95830.0,66088.0,0.0,0.0,0.5,0.0,97.395,0.000,0.0,637337.5
2026-09-09T02:21:51,43.2,96802,1547350,1439341,6.3,0.00,0.84,0.00,3.94,0.00,0.00,0.00,29264.0,95830.0,66088.0,0.0,0.0,0.5,0.0,97.421,0.000,0.0,619641.0
2026-09-09T02:23:13,36.0,92195,1547350,1443948,6.0,1.08,0.57,22.41,4.58,0.15,0.09,0.00,29264.0,95830.0,66088.0,0.0,0.0,0.5,0.0,97.367,0.000,0.0,0.0
2026-09-09T02:23:16,58.3,92195,1547350,1443948,6.0,0.00,0.69,0.00,2.74,0.00,0.00,0.00,29264.0,95830.0,66088.0,0.0,0.0,0.5,0.0,97.456,0.000,0.0,603497.5
2026-09-09T02:23:20,58.0,92198,1547350,1443945,6.0,0.00,0.48,0.00,1.92,0.00,0.00,0.00,29264.0,95830.0,66088.0,0.0,0.0,0.5,0.0,97.504,0.000,0.0,625106.5
2026-09-09T02:23:24,58.3,92198,1547350,1443945,6.0,0.00,0.53,0.00,2.11,0.00,0.00,0.00,29264.0,95830.0,66088.0,0.0,0.0,0.5,0.0,97.497,0.000,0.0,651985.0
2026-09-09T02:23:26,49.6,92200,1547350,1443943,6.0,0.00,0.78,0.00,3.14,0.00,0.00,0.00,29264.0,95830.0,66088.0,0.0,0.0,0.5,0.0,97.456,0.000,0.0,676856.0
2026-09-09T02:23:29,38.9,92204,1547350,1443939,6.0,0.00,0.78,0.00,3.11,0.00,0.00,0.00,29264.0,95830.0,66088.0,0.0,0.0,0.5,0.0,97.486,0.000,0.0,669095.5
2026-09-09T02:23:31,36.6,92209,1547350,1443934,6.0,0.00,5.93,0.00,39.33,0.00,0.09,0.00,29264.0,95830.0,66088.0,0.0,0.0,0.5,0.0,97.460,0.000,0.0,642489.0
2026-09-09T02:23:34,42.2,92216,1547350,1443927,6.0,0.00,0.58,0.00,2.31,0.00,0.00,0.00,29264.0,95830.0,66088.0,0.0,0.0,0.5,0.0,97.490,0.000,0.0,686620.0
2026-09-09T02:23:37,43.6,92223,1547350,1443920,6.0,0.00,1.26,0.00,6.28,0.00,0.00,0.00,29264.0,95830.0,66088.0,0.0,0.0,0.5,0.0,97.404,0.000,0.0,652670.0
2026-09-09T02:23:40,43.8,92229,1547350,1443914,6.0,0.00,1.23,0.00,4.93,0.00,0.33,0.00,29264.0,95830.0,66088.0,0.0,0.0,0.5,0.0,97.486,0.000,0.0,663743.5
2026-09-09T02:23:44,50.8,92234,1547350,1443909,6.0,0.00,0.49,0.00,1.96,0.00,0.00,0.00,29264.0,95830.0,66088.0,0.0,0.0,0.5,0.0,97.431,0.000,0.0,637853.5
2026-09-09T02:23:47,49.6,92238,1547350,1443905,6.0,0.00,0.61,0.00,2.45,0.00,0.00,0.00,29264.0,95830.0,66088.0,0.0,0.0,0.5,0.0,97.476,0.000,0.0,628015.0
2026-09-09T02:23:51,43.8,92246,1547350,1443897,6.0,0.00,0.54,0.00,2.14,0.00,0.00,0.00,29264.0,95830.0,66088.0,0.0,0.0,0.5,0.0,97.390,0.000,0.0,629075.0
2026-09-09T02:23:54,48.0,92682,1547350,1443462,6.0,0.00,0.63,0.00,2.52,0.00,0.00,0.00,29264.0,95830.0,66088.0,0.0,0.0,0.5,0.0,97.472,0.000,0.0,622560.5
2026-09-09T02:24:01,42.2,92532,1547350,1443611,6.0,3.96,0.76,499.16,4.80,0.85,0.20,0.02,29264.0,95830.0,66088.0,0.0,0.0,0.5,25.0,97.576,0.000,0.0,616832.5
2026-09-09T02:24:05,35.4,84035,1547350,1451852,5.4,0.00,0.67,0.00,2.67,0.00,0.00,0.00,29264.0,95830.0,66088.0,0.0,2.5,0.5,4.5,110.409,0.073,0.0,9364814.5
2026-09-09T02:25:23,20.6,80119,1547350,1455768,5.2,0.00,0.35,0.00,2.44,0.00,0.04,0.00,29264.0,95830.0,66088.0,0.0,0.0,0.5,0.0,110.525,0.000,0.0,0.0
2026-09-09T02:25:28,45.1,80123,1547350,1455764,5.2,0.00,0.60,0.00,2.42,0.00,0.33,0.00,29264.0,95830.0,66088.0,0.0,0.0,0.5,0.0,113.547,0.043,0.0,2988215.0
2026-09-09T02:25:33,44.5,80125,1547350,1455762,5.2,0.00,2.27,0.00,17.33,0.00,0.00,0.00,29264.0,95830.0,66088.0,0.0,4.5,0.5,10.0,113.248,0.038,0.0,2705720.0
2026-09-09T02:25:35,44.3,80126,1547350,1455761,5.2,0.00,3.00,0.00,13.69,0.00,0.14,0.00,29264.0,95830.0,66088.0,0.0,2.0,0.5,6.0,115.371,0.033,0.0,2666056.5
2026-09-09T02:25:38,28.7,80133,1547350,1455754,5.2,0.00,0.70,0.00,2.80,0.00,0.00,0.00,29264.0,95830.0,66088.0,0.0,0.5,0.5,2.5,119.953,0.045,0.0,3136298.5
2026-09-09T02:25:42,23.9,80147,1547350,1455740,5.2,32.05,1.14,231.25,4.58,0.13,0.00,0.03,29264.0,95830.0,66088.0,0.0,0.0,0.5,0.0,110.212,0.037,0.0,2686196.0
2026-09-09T02:25:49,30.9,80529,1547350,1455358,5.2,0.00,0.58,0.00,2.90,0.00,0.00,0.00,29264.0,95830.0,66088.0,0.0,3.5,0.5,9.0,120.021,0.052,0.0,3371196.0
2026-09-09T02:25:54,34.6,80170,1547350,1455717,5.2,0.00,0.58,0.00,2.30,0.00,0.33,0.00,29264.0,95830.0,66088.0,0.0,2.5,0.5,7.0,114.628,0.045,0.0,3212992.5
2026-09-09T02:25:58,34.7,80173,1547350,1455714,5.2,0.00,0.51,0.00,2.04,0.00,0.00,0.00,29264.0,95830.0,66088.0,0.0,2.0,0.5,4.5,112.160,0.049,0.0,3133245.5
2026-09-09T02:26:00,30.5,80185,1547350,1455702,5.2,0.00,1.14,0.00,10.65,0.00,0.00,0.00,29264.0,95830.0,66088.0,0.0,4.5,0.5,10.0,113.894,0.042,0.0,2968820.0
2026-09-09T02:26:06,35.4,80263,1547350,1455624,5.2,0.00,0.54,0.00,2.17,0.00,0.00,0.00,29264.0,95830.0,66088.0,0.0,0.0,0.5,0.0,107.999,0.029,0.0,2128637.0
2026-09-09T02:26:15,29.2,82130,1547350,1453757,5.3,0.00,0.43,0.00,1.71,0.00,0.00,0.00,29264.0,95830.0,66088.0,0.0,4.5,0.5,10.5,119.297,0.044,0.0,2987838.5
2026-09-09T02:27:35,18.9,80184,1547350,1455703,5.2,0.00,0.54,0.00,3.60,0.00,0.07,0.00,29264.0,95830.0,66088.0,0.0,0.0,0.5,0.5,117.189,0.000,0.0,0.0
2026-09-09T02:27:38,45.2,80198,1547350,1455690,5.2,0.30,0.60,1.19,2.39,0.00,0.00,0.00,29264.0,95830.0,66088.0,0.0,2.0,0.5,4.5,115.053,0.000,0.0,0.0
2026-09-09T02:27:41,45.7,80202,1547350,1455685,5.2,0.00,0.68,0.00,2.71,0.00,0.00,0.00,29264.0,95830.0,66088.0,0.0,0.0,0.5,0.0,113.148,0.031,0.0,2381632.5
2026-09-09T02:27:43,45.6,80210,1547350,1455677,5.2,0.00,1.30,0.00,5.20,0.00,0.00,0.04,29264.0,95830.0,66088.0,0.0,0.0,0.5,0.0,110.053,0.029,0.0,2262911.0
2026-09-09T02:27:48,41.5,80212,1547350,1455675,5.2,0.00,0.64,0.00,2.57,0.00,0.33,0.00,29264.0,95830.0,66088.0,0.0,0.0,0.5,0.0,107.312,0.038,0.0,2698420.5
2026-09-09T02:27:53,24.1,80226,1547350,1455661,5.2,0.00,0.43,0.00,1.72,0.00,0.00,0.00,29264.0,95830.0,66088.0,0.0,0.0,0.5,0.0,110.912,0.037,0.0,2544566.0
2026-09-09T02:27:57,30.1,80237,1547350,1455650,5.2,0.00,0.93,0.00,4.64,0.00,0.00,0.00,29264.0,95830.0,66088.0,0.0,2.0,0.5,5.5,114.022,0.033,0.0,2390692.0
2026-09-09T02:28:01,30.9,80312,1547350,1455575,5.2,0.00,0.73,0.00,2.93,0.00,0.00,0.00,29264.0,95830.0,66088.0,0.0,2.5,0.5,4.5,120.642,0.056,0.0,3460569.5
2026-09-09T02:28:04,36.3,80258,1547350,1455629,5.2,0.00,1.27,0.00,9.18,0.00,0.00,0.00,29264.0,95830.0,66088.0,0.0,4.0,0.5,11.0,116.909,0.060,0.0,3697669.5
2026-09-09T02:28:10,34.8,80273,1547350,1455615,5.2,0.00,0.48,0.00,1.92,0.00,0.00,0.00,29264.0,95830.0,66088.0,0.0,0.5,0.5,2.0,120.623,0.053,0.0,3737976.0
2026-09-09T02:28:16,35.5,80304,1547350,1455583,5.2,0.00,0.55,0.00,2.22,0.00,0.33,0.00,29264.0,95830.0,66088.0,0.0,1.5,0.5,4.0,115.482,0.050,0.0,3522853.0
2026-09-09T02:28:19,32.0,80412,1547350,1455475,5.2,0.00,0.60,0.00,2.38,0.00,0.00,0.00,29264.0,95830.0,66088.0,0.0,2.0,0.5,6.0,120.615,0.056,0.0,3596907.5
2026-09-09T02:28:26,30.2,80280,1547350,1455607,5.2,0.00,0.42,0.00,1.67,0.00,0.00,0.00,29264.0,95830.0,66088.0,0.0,0.0,0.5,0.0,118.270,0.046,0.0,3022427.0
2026-09-09T02:28:29,25.0,86950,1547350,1448937,5.6,0.00,0.90,0.00,3.59,0.00,0.00,0.00,29264.0,95830.0,66088.0,0.0,0.0,0.5,1.0,113.643,0.000,0.0,0.0
2026-09-09T02:29:47,22.9,80285,1547350,1455602,5.2,0.00,0.52,0.00,3.62,0.00,0.07,0.00,29264.0,95830.0,66088.0,0.0,3.5,0.5,9.0,122.442,0.000,0.0,0.0
2026-09-09T02:29:49,45.9,80286,1547350,1455601,5.2,0.00,0.82,0.00,3.29,0.00,0.00,0.00,29264.0,95830.0,66088.0,0.0,4.5,0.5,11.0,117.372,0.059,0.0,3661381.5
2026-09-09T02:29:53,46.2,80291,1547350,1455596,5.2,0.00,0.87,0.00,3.47,0.00,0.00,0.00,29264.0,95830.0,66088.0,0.0,2.5,0.5,7.0,120.638,0.050,0.0,3333424.5
2026-09-09T02:29:57,45.9,80293,1547350,1455594,5.2,0.00,0.76,0.00,3.02,0.00,0.00,0.00,29264.0,95830.0,66088.0,0.0,2.0,0.5,6.0,120.479,0.055,0.0,3664792.5
2026-09-09T02:30:02,36.2,80304,1547350,1455583,5.2,0.00,0.60,0.00,2.41,0.00,0.00,0.00,29264.0,95830.0,66088.0,0.0,0.0,0.5,0.0,120.130,0.060,0.0,3870877.0
2026-09-09T02:30:04,24.4,80313,1547350,1455574,5.2,0.00,1.91,0.00,11.26,0.00,0.20,0.00,29264.0,95830.0,66088.0,0.0,2.0,0.5,6.0,120.752,0.047,0.0,3114091.5
2026-09-09T02:30:09,31.4,80324,1547350,1455564,5.2,0.00,0.44,0.00,1.74,0.00,0.00,0.02,29264.0,95830.0,66088.0,0.0,2.0,0.5,4.0,119.323,0.048,0.0,3193491.5
2026-09-09T02:30:12,31.6,80637,1547350,1455250,5.2,0.00,1.55,0.00,7.46,0.00,0.00,0.00,29264.0,95830.0,66088.0,0.0,0.0,0.5,1.0,119.928,0.053,0.0,3587104.0
2026-09-09T02:30:16,35.4,80336,1547350,1455551,5.2,0.00,0.56,0.00,2.24,0.00,0.00,0.00,29264.0,95830.0,66088.0,0.0,2.5,0.5,7.0,117.175,0.051,0.0,3454036.5
2026-09-09T02:30:18,38.5,80343,1547350,1455544,5.2,0.00,0.71,0.00,2.85,0.00,0.00,0.00,29264.0,95830.0,66088.0,0.0,2.0,0.5,4.5,115.638,0.043,0.0,3178456.0
2026-09-09T02:30:21,33.2,80348,1547350,1455539,5.2,0.00,1.14,0.00,4.55,0.00,0.00,0.00,29264.0,95830.0,66088.0,0.0,2.5,0.5,7.0,119.260,0.058,0.0,3644890.5
2026-09-09T02:30:25,35.9,80360,1547350,1455527,5.2,0.00,0.46,0.00,1.83,0.00,0.00,0.00,29264.0,95830.0,66088.0,0.0,0.0,0.5,0.0,116.986,0.050,0.0,3602164.5
2026-09-09T02:30:29,32.7,80406,1547350,1455482,5.2,0.00,0.53,0.00,2.14,0.00,0.00,0.03,29264.0,95830.0,66088.0,0.0,0.0,0.5,0.0,119.900,0.049,0.0,3203229.5
2026-09-09T02:30:32,31.1,80355,1547350,1455532,5.2,0.00,4.24,0.00,24.45,0.00,0.08,0.00,29264.0,95830.0,66088.0,0.0,2.5,0.5,4.5,120.645,0.051,0.0,3402912.0
2026-09-09T02:30:39,29.1,84110,1547350,1451777,5.4,0.00,0.31,0.00,1.26,0.00,0.00,0.00,29264.0,95830.0,66088.0,0.0,2.5,0.5,7.0,116.714,0.055,0.0,3557960.5
2026-09-09T02:31:57,21.4,80415,1547350,1455472,5.2,0.00,0.73,0.00,4.07,0.00,0.07,0.00,29264.0,95830.0,66088.0,0.0,2.0,0.5,6.5,120.990,0.000,0.0,0.0
2026-09-09T02:32:02,46.3,80551,1547350,1455336,5.2,0.00,0.42,0.00,1.67,0.00,0.00,0.00,29264.0,95830.0,66088.0,0.0,2.0,0.5,4.5,120.607,0.053,0.0,3248383.5
2026-09-09T02:32:04,47.2,80755,1547350,1455132,5.2,0.00,1.14,0.00,4.56,0.00,0.00,0.00,29264.0,95830.0,66088.0,0.0,1.5,0.5,4.5,116.462,0.046,0.0,3365130.5
2026-09-09T02:32:05,47.5,81259,1547350,1454628,5.3,0.00,7.71,0.00,41.81,0.00,0.08,0.00,29264.0,95830.0,66088.0,0.0,2.0,0.5,4.5,115.493,0.041,0.0,2979871.0
2026-09-09T02:32:08,47.0,81779,1547350,1454108,5.3,0.00,0.82,0.00,3.29,0.00,0.00,0.00,29264.0,95830.0,66088.0,0.0,2.0,0.5,4.5,122.173,0.056,0.0,3565649.5
2026-09-09T02:32:10,44.6,82119,1547350,1453768,5.3,0.00,1.95,0.00,7.79,0.00,0.25,0.00,29264.0,95830.0,66088.0,0.0,2.5,0.5,4.5,123.995,0.051,0.0,3497492.5
2026-09-09T02:32:12,29.0,81937,1547350,1453950,5.3,0.00,1.01,0.00,4.04,0.00,0.00,0.00,29264.0,95830.0,66088.0,0.0,2.0,0.5,6.0,121.633,0.048,0.0,3294272.5
2026-09-09T02:32:14,24.5,81943,1547350,1453944,5.3,0.00,2.92,0.00,11.68,0.00,0.00,0.00,29264.0,95830.0,66088.0,0.0,4.5,0.5,10.5,118.088,0.053,0.0,3253977.0
2026-09-09T02:32:17,28.8,81951,1547350,1453936,5.3,0.00,0.63,0.00,2.54,0.00,0.00,0.00,29264.0,95830.0,66088.0,0.0,0.0,0.5,0.0,122.334,0.059,0.0,3804580.5
2026-09-09T02:32:20,31.3,81956,1547350,1453931,5.3,0.00,1.60,0.00,6.39,0.00,0.20,0.00,29264.0,95830.0,66088.0,0.0,0.0,0.5,0.5,118.433,0.056,0.0,3829103.0
2026-09-09T02:32:25,31.5,81971,1547350,1453916,5.3,0.00,0.92,0.00,4.62,0.00,0.00,0.00,29264.0,95830.0,66088.0,0.0,0.0,0.5,0.5,113.455,0.046,0.0,3051452.0
2026-09-09T02:32:32,27.7,88325,1547350,1447562,5.7,0.00,0.53,0.00,2.12,0.00,0.00,0.00,29264.0,95830.0,66088.0,0.0,2.0,0.5,6.0,118.696,0.000,0.0,0.0
2026-09-09T02:33:53,23.1,82035,1547350,1453852,5.3,0.00,0.47,0.00,3.30,0.00,0.08,0.00,29264.0,95830.0,66088.0,0.0,2.0,0.5,6.0,121.977,0.061,0.0,3721104.0
2026-09-09T02:33:55,38.6,82040,1547350,1453847,5.3,0.00,1.22,0.00,6.50,0.00,0.00,0.00,29264.0,95830.0,66088.0,0.0,2.0,0.5,6.0,122.496,0.066,0.1,4058354.5
2026-09-09T02:34:02,38.2,75173,1547350,1460715,4.9,2.66,0.74,256.20,2.95,0.39,0.00,0.01,29264.0,95830.0,66088.0,0.0,2.0,0.5,6.0,120.494,0.049,0.0,3392745.0
2026-09-09T02:34:05,34.9,75178,1547350,1460710,4.9,0.00,1.84,0.00,21.01,0.00,0.00,0.00,29264.0,95830.0,66088.0,0.0,4.0,0.5,11.5,119.744,0.057,0.0,3610821.5
2026-09-09T02:34:08,24.4,75198,1547350,1460690,4.9,0.00,0.83,0.00,3.33,0.00,0.00,0.00,29264.0,95830.0,66088.0,0.0,0.0,0.5,0.0,120.478,0.054,0.0,3566755.0
2026-09-09T02:34:16,22.8,78498,1547350,1457390,5.1,0.00,0.41,0.00,1.63,0.00,0.00,0.00,29264.0,95830.0,66088.0,0.0,3.0,0.5,8.0,119.000,0.058,0.0,3600135.5
2026-09-09T02:34:20,23.0,75261,1547350,1460626,4.9,0.00,10.68,0.00,72.48,0.00,0.08,0.00,29264.0,95830.0,66088.0,0.0,4.5,0.5,11.0,117.346,0.000,0.0,0.0
2026-09-09T02:35:41,21.7,75229,1547350,1460658,4.9,0.00,0.04,0.00,0.15,0.00,0.00,0.00,29264.0,95830.0,66088.0,0.0,0.0,0.5,1.0,121.450,0.057,0.0,3716656.0
2026-09-09T02:35:45,29.5,68411,1547350,1467477,4.4,0.00,1.09,0.00,4.38,0.00,0.25,0.00,29264.0,95830.0,66088.0,0.0,2.0,0.5,6.5,122.443,0.052,0.0,3472006.5
2026-09-09T02:35:49,29.6,68410,1547350,1467478,4.4,0.00,0.43,0.00,1.73,0.00,0.00,0.00,29264.0,95830.0,66088.0,0.0,2.0,0.5,6.5,124.610,0.052,0.0,3406958.0
2026-09-09T02:35:55,23.0,68437,1547350,1467451,4.4,0.00,0.54,0.00,2.18,0.00,0.00,0.00,29264.0,95830.0,66088.0,0.0,2.0,0.5,6.0,123.803,0.052,0.0,3563510.5
2026-09-09T02:36:00,22.1,68492,1547350,1467396,4.4,0.00,0.55,0.00,2.21,0.00,0.00,0.00,29264.0,95830.0,66088.0,0.0,2.0,0.5,6.5,121.232,0.059,0.0,3721918.0
2026-09-09T02:36:04,22.2,68542,1547350,1467346,4.4,0.00,1.47,0.00,12.01,0.00,0.00,0.00,29264.0,95830.0,66088.0,0.0,2.0,0.5,6.5,121.462,0.058,0.0,3625365.5
2026-09-09T02:36:11,22.2,68626,1547350,1467262,4.4,0.00,0.74,0.00,3.56,0.00,0.20,0.00,29264.0,95830.0,66088.0,0.0,2.5,0.5,7.0,121.229,0.051,0.0,3418987.5
2026-09-09T02:36:15,22.0,68654,1547350,1467233,4.4,0.00,1.59,0.00,10.02,0.00,0.00,0.02,29264.0,95830.0,66088.0,0.0,0.0,0.5,0.0,102.430,0.000,0.0,674546.0
2026-09-09T02:36:19,19.4,70263,1547350,1465625,4.5,0.00,0.87,0.00,3.49,0.00,0.00,0.03,29264.0,95830.0,66088.0,0.0,2.0,0.5,6.0,122.764,0.048,0.0,3065695.0
2026-09-09T02:36:28,22.0,74893,1547350,1460994,4.8,0.00,0.32,0.00,1.27,0.00,0.00,0.00,29264.0,95830.0,66088.0,0.0,0.0,0.5,0.0,120.135,0.040,0.0,2942425.0
2026-09-09T02:36:33,21.3,74637,1547350,1461251,4.8,0.00,14.81,0.00,96.17,0.00,0.11,0.00,29264.0,95830.0,66088.0,0.0,2.0,0.5,6.5,120.559,0.000,0.0,0.0
2026-09-09T02:37:51,36.4,74681,1547350,1461206,4.8,0.00,0.05,0.00,0.25,0.00,0.00,0.00,29264.0,95830.0,66088.0,0.0,1.0,0.5,3.5,119.656,0.057,0.0,3796580.0
2026-09-09T02:37:55,37.5,74727,1547350,1461161,4.8,0.00,0.57,0.00,2.30,0.00,0.00,0.00,29264.0,95830.0,66088.0,0.0,2.5,0.5,7.0,124.402,0.056,0.0,3590397.5
2026-09-09T02:38:01,34.5,74797,1547350,1461091,4.8,0.00,0.47,0.00,1.89,0.00,0.00,0.00,29264.0,95830.0,66088.0,0.0,0.0,0.5,0.0,121.721,0.046,0.0,3205508.0
2026-09-09T02:38:05,22.7,81181,1547350,1454706,5.2,27.40,8.22,617.84,128.80,1.35,0.12,0.87,29264.0,95830.0,66088.0,0.0,2.0,0.5,6.5,120.588,0.000,0.0,0.0
2026-09-09T02:39:27,19.8,75290,1547350,1460598,4.9,0.00,0.02,0.00,0.10,0.00,0.00,0.00,29264.0,95830.0,66088.0,0.0,0.0,0.5,0.0,119.935,0.066,0.1,3883834.0
2026-09-09T02:39:30,30.0,81668,1547350,1454219,5.3,0.00,0.97,0.00,3.87,0.00,0.00,0.00,29264.0,95830.0,66088.0,0.0,2.5,0.5,7.0,116.752,0.000,0.0,0.0
2026-09-09T02:41:18,19.9,75930,1547350,1459950,4.9,0.67,0.53,15.12,6.27,0.14,0.11,0.00,29264.0,95830.0,66088.0,0.0,0.0,0.5,0.0,120.413,0.052,0.0,3605777.0
2026-09-09T02:41:21,37.3,75973,1547350,1459907,4.9,0.00,1.09,0.00,4.37,0.00,0.33,0.00,29264.0,95830.0,66088.0,0.0,2.5,0.5,7.0,117.785,0.051,0.0,3319651.5
2026-09-09T02:41:26,37.5,76033,1547350,1459847,4.9,0.00,0.54,0.00,2.16,0.00,0.00,0.00,29264.0,95830.0,66088.0,0.0,0.0,0.5,0.5,117.206,0.054,0.0,3547102.5
2026-09-09T02:41:31,32.9,76085,1547350,1459795,4.9,0.00,0.65,0.00,2.59,0.00,0.00,0.00,29264.0,95830.0,66088.0,0.0,0.0,0.5,1.0,116.909,0.058,0.0,3538231.0
2026-09-09T02:41:35,30.3,76131,1547350,1459749,4.9,0.00,2.15,0.00,9.54,0.00,0.11,0.00,29264.0,95830.0,66088.0,0.0,1.0,0.5,3.5,115.878,0.055,0.0,3486258.5
2026-09-09T02:41:38,30.2,76164,1547350,1459716,4.9,0.00,2.93,0.00,20.90,0.00,0.00,0.00,29264.0,95830.0,66088.0,0.0,2.0,0.5,4.5,120.024,0.058,0.0,3713043.5
2026-09-09T02:41:42,29.3,76214,1547350,1459666,4.9,0.00,1.05,0.00,5.24,0.00,0.00,0.00,29264.0,95830.0,66088.0,0.0,3.5,0.5,9.5,126.621,0.054,0.0,3400736.5
2026-09-09T02:41:45,30.4,76250,1547350,1459630,4.9,0.00,0.90,0.00,3.61,0.00,0.33,0.00,29264.0,95830.0,66088.0,0.0,0.0,0.5,0.0,120.469,0.060,0.0,3969390.5
2026-09-09T02:41:49,30.0,76306,1547350,1459574,4.9,0.00,0.69,0.00,2.77,0.00,0.00,0.00,29264.0,95830.0,66088.0,0.0,4.0,0.5,10.5,122.542,0.065,0.1,4126337.0
2026-09-09T02:41:54,29.5,76355,1547350,1459525,4.9,0.00,0.44,0.00,1.76,0.00,0.00,0.00,29264.0,95830.0,66088.0,0.0,0.0,0.5,0.0,101.825,0.045,0.0,3116241.0
2026-09-09T02:41:58,24.3,77474,1547350,1458406,5.0,0.00,1.79,0.00,9.39,0.00,0.00,0.00,29264.0,95830.0,66088.0,0.0,0.0,0.5,0.0,101.282,0.000,0.0,737782.5
2026-09-09T02:42:12,17.5,79203,1547350,1456686,5.1,20.88,4.34,521.18,124.41,0.21,0.12,0.18,29264.0,95830.0,66088.0,0.0,0.0,0.5,0.0,99.605,0.000,0.0,0.0
2026-09-09T02:44:05,34.5,79206,1547350,1456682,5.1,0.00,0.03,0.00,0.11,0.00,0.00,0.00,29264.0,95830.0,66088.0,0.0,0.0,0.5,0.0,99.638,0.000,0.0,603800.5
2026-09-09T02:44:07,34.6,79505,1547350,1456384,5.1,0.00,2.79,0.00,14.95,0.00,0.00,0.04,29264.0,95830.0,66088.0,0.0,0.0,0.5,0.0,99.600,0.000,0.0,688041.0
2026-09-09T02:44:10,33.8,80187,1547350,1455702,5.2,0.00,0.63,0.00,2.54,0.00,0.00,0.00,29264.0,95830.0,66088.0,0.0,0.0,0.5,0.0,99.467,0.000,0.0,688041.0
2026-09-09T02:44:12,33.8,80715,1547350,1455174,5.2,0.00,1.37,0.00,5.49,0.00,0.00,0.00,29264.0,95830.0,66088.0,0.0,0.0,0.5,0.0,99.566,0.000,0.0,669088.0
2026-09-09T02:44:14,16.3,93917,1547350,1441971,6.1,19.47,8.74,471.99,54.83,0.20,0.09,0.24,29264.0,95830.0,66088.0,0.0,0.0,0.5,0.0,98.916,0.000,0.0,0.0
2026-09-09T02:45:17,21.9,96164,1547350,1439725,6.2,0.00,0.08,0.00,0.32,0.00,0.00,0.00,29264.0,95830.0,66088.0,0.0,0.0,0.5,0.0,98.903,0.000,0.0,717120.5
2026-09-09T02:45:19,27.2,99524,1547350,1436365,6.4,0.00,1.51,0.00,6.04,0.00,0.33,0.00,29264.0,95830.0,66088.0,0.0,0.0,0.5,0.0,98.889,0.000,0.0,667617.0
2026-09-09T02:48:17,17.4,102842,1547350,1433047,6.6,2.15,8.07,64.07,110.51,0.23,0.06,0.02,29264.0,95830.0,66088.0,0.0,0.0,0.5,0.0,98.315,0.000,0.0,655280.5
2026-09-09T02:48:31,32.6,103899,1547350,1431990,6.7,0.00,0.64,0.00,2.58,0.00,0.11,0.00,29264.0,95830.0,66088.0,0.0,0.0,0.5,0.0,98.270,0.000,0.0,613759.0
2026-09-09T02:48:49,22.2,102868,1547350,1433021,6.6,0.00,0.61,0.00,3.12,0.00,0.00,0.00,29264.0,95830.0,66088.0,0.0,0.0,0.5,0.0,98.297,0.000,0.0,642346.0
2026-09-09T02:48:53,26.2,102875,1547350,1433013,6.6,0.00,0.74,0.00,2.96,0.00,0.00,0.00,29264.0,95830.0,66088.0,0.0,0.0,0.5,0.0,98.357,0.000,0.0,634491.5
2026-09-09T02:48:59,26.1,102963,1547350,1432926,6.7,0.00,0.36,0.00,1.43,0.00,0.00,0.00,29264.0,95830.0,66088.0,0.0,0.0,0.5,0.0,98.231,0.000,0.0,674740.0
2026-09-09T02:49:01,27.3,103006,1547350,1432883,6.7,0.00,2.49,0.00,13.94,0.00,0.20,0.00,29264.0,95830.0,66088.0,0.0,0.0,0.5,0.0,98.295,0.000,0.0,654722.5
2026-09-09T02:49:05,31.6,101047,1547350,1434842,6.5,0.00,0.94,0.00,3.77,0.00,0.00,0.02,29264.0,95830.0,66088.0,0.0,0.0,0.5,0.0,98.393,0.000,0.0,715139.5
2026-09-09T02:49:08,34.5,80012,1547350,1456133,5.2,0.00,0.97,0.00,3.88,0.00,0.00,0.00,29264.0,95830.0,66088.0,0.0,0.0,0.5,0.0,99.973,0.000,0.0,1337669.0
2026-09-09T02:49:15,33.5,59387,1547350,1476780,3.8,0.00,0.62,0.00,4.59,0.00,0.00,0.00,29264.0,95830.0,66088.0,0.0,0.0,0.5,0.0,82.650,0.000,0.0,641351.5
2026-09-09T02:49:18,26.9,59397,1547350,1476769,3.8,0.00,0.27,0.00,1.07,0.00,0.00,0.00,29264.0,95830.0,66088.0,0.0,0.0,0.5,0.0,82.430,0.000,0.0,617038.5
2026-09-09T02:49:25,26.1,59405,1547350,1476762,3.8,0.00,0.15,0.00,0.59,0.00,0.00,0.00,29264.0,95830.0,66088.0,0.0,0.0,0.5,0.0,82.434,0.000,0.0,622092.5
2026-09-09T02:49:28,26.2,59410,1547350,1476756,3.8,0.00,0.31,0.00,1.22,0.00,0.00,0.00,29264.0,95830.0,66088.0,0.0,0.0,0.5,0.0,82.428,0.000,0.0,623448.0
2026-09-09T02:49:32,25.9,59419,1547350,1476747,3.8,0.00,1.75,0.00,7.99,0.00,0.14,0.00,29264.0,95830.0,66088.0,0.0,0.0,0.5,0.0,82.367,0.000,0.0,620441.5
2026-09-09T02:49:37,26.1,59428,1547350,1476738,3.8,0.00,0.21,0.00,0.82,0.00,0.00,0.00,29264.0,95830.0,66088.0,0.0,0.0,0.5,0.0,82.210,0.000,0.0,622902.5
2026-09-09T02:49:41,26.2,59436,1547350,1476730,3.8,0.00,2.28,0.00,19.36,0.00,0.00,0.00,29264.0,95830.0,66088.0,0.0,0.0,0.5,0.0,82.138,0.000,0.0,616665.5
2026-09-09T02:49:48,26.5,59397,1547350,1476770,3.8,0.00,0.86,0.00,5.70,0.00,0.17,0.00,29264.0,95830.0,66088.0,0.0,0.0,0.5,0.0,82.155,0.000,0.0,619410.5
2026-09-09T02:49:55,32.8,59398,1547350,1476768,3.8,0.00,0.14,0.00,0.56,0.00,0.00,0.00,29264.0,95830.0,66088.0,0.0,0.0,0.5,0.0,82.090,0.000,0.0,621719.0
2026-09-09T02:49:59,33.5,59410,1547350,1476757,3.8,0.00,0.26,0.00,1.04,0.00,0.00,0.00,29264.0,95830.0,66088.0,0.0,0.0,0.5,0.0,82.383,0.000,0.0,621639.0
2026-09-09T02:50:06,29.3,59423,1547350,1476743,3.8,0.00,0.47,0.00,2.52,0.00,0.00,0.00,29264.0,95830.0,66088.0,0.0,0.0,0.5,0.0,82.142,0.000,0.0,615531.0
2026-09-09T02:50:13,25.8,59434,1547350,1476732,3.8,0.00,2.81,0.00,26.03,0.00,0.14,0.00,29264.0,95830.0,66088.0,0.0,0.0,0.5,0.0,82.116,0.000,0.0,614633.5
2026-09-09T02:50:21,25.8,61114,1547350,1475052,3.9,0.00,0.14,0.00,0.55,0.00,0.00,0.00,29264.0,95830.0,66088.0,0.0,0.0,0.5,0.0,82.073,0.000,0.0,612705.0
2026-09-09T02:50:29,25.4,61404,1547350,1474762,4.0,0.00,0.24,0.00,5.37,0.00,0.00,0.00,29264.0,95830.0,66088.0,0.0,0.0,0.5,0.0,81.913,0.000,0.0,610314.5
2026-09-09T02:50:38,28.9,60524,1547350,1475643,3.9,0.00,3.23,0.00,21.91,0.00,0.10,0.00,29264.0,95830.0,66088.0,0.0,0.0,0.5,0.0,81.750,0.000,0.0,610394.5
2026-09-09T02:50:48,30.6,61025,1547350,1475142,3.9,0.00,0.20,0.00,0.79,0.00,0.00,0.00,29264.0,95830.0,66088.0,0.0,0.0,0.5,0.0,81.748,0.000,0.0,610492.0
2026-09-09T02:51:01,25.7,60599,1547350,1475567,3.9,0.00,0.08,0.00,0.31,0.00,0.00,0.00,29264.0,95830.0,66088.0,0.0,0.0,0.5,0.0,81.727,0.000,0.0,610399.0
2026-09-09T02:51:10,25.6,60983,1547350,1475183,3.9,0.00,0.34,0.00,1.83,0.00,0.00,0.00,29264.0,95830.0,66088.0,0.0,0.0,0.5,0.0,81.574,0.000,0.0,614285.0
2026-09-09T02:51:16,25.5,60701,1547350,1475466,3.9,0.00,0.34,0.00,2.83,0.00,0.00,0.00,29264.0,95830.0,66088.0,0.0,0.0,0.5,0.0,81.535,0.000,0.0,621126.0
2026-09-09T02:51:22,25.9,60946,1547350,1475220,3.9,0.00,0.31,0.00,2.44,0.00,0.00,0.00,29264.0,95830.0,66088.0,0.0,0.0,0.5,0.0,81.494,0.000,0.0,609483.0
2026-09-09T02:51:36,32.1,60750,1547350,1475416,3.9,0.00,0.50,0.00,4.84,0.00,0.14,0.01,29264.0,95830.0,66088.0,0.0,0.0,0.5,0.0,81.453,0.000,0.0,613604.0
2026-09-09T02:51:45,25.7,60710,1547350,1475456,3.9,0.00,1.56,0.00,12.37,0.00,0.08,0.00,29264.0,95830.0,66088.0,0.0,0.0,0.5,0.0,81.459,0.000,0.0,609906.5
2026-09-09T02:51:55,25.7,60465,1547350,1475702,3.9,0.00,0.10,0.00,0.40,0.00,0.00,0.00,29264.0,95830.0,66088.0,0.0,0.0,0.5,0.0,81.364,0.000,0.0,614535.0
2026-09-09T02:52:04,19.4,67418,1547350,1468748,4.4,0.00,3.78,0.00,27.58,0.00,0.06,0.01,29264.0,95830.0,66088.0,0.0,0.0,0.5,0.0,81.186,0.000,0.0,0.0
2026-09-09T02:53:26,16.7,53524,1547350,1482642,3.5,0.00,0.01,0.00,0.05,0.00,0.00,0.00,29264.0,95830.0,66088.0,0.0,0.0,0.5,0.0,81.177,0.000,0.0,0.0
2026-09-09T02:53:34,24.6,53483,1547350,1482684,3.5,0.00,0.88,0.00,4.54,0.00,0.14,0.00,29264.0,95830.0,66088.0,0.0,0.0,0.5,0.0,81.247,0.000,0.0,605665.5
2026-09-09T02:53:40,18.2,54289,1547350,1481877,3.5,0.00,0.16,0.00,0.65,0.00,0.00,0.00,29264.0,95830.0,66088.0,0.0,0.0,0.5,0.0,81.240,0.000,0.0,620655.5
2026-09-09T02:53:46,17.1,53540,1547350,1482627,3.5,0.00,1.03,0.00,13.78,0.00,0.00,0.00,29264.0,95830.0,66088.0,0.0,0.0,0.5,0.0,81.192,0.000,0.0,621866.5
2026-09-09T02:53:52,17.6,53178,1547350,1482988,3.4,0.00,0.35,0.00,1.41,0.00,0.00,0.00,29264.0,95830.0,66088.0,0.0,0.0,0.5,0.0,81.230,0.000,0.0,615971.0
2026-09-09T02:53:58,17.1,53194,1547350,1482973,3.4,0.00,1.02,0.00,11.56,0.00,0.17,0.02,29264.0,95830.0,66088.0,0.0,0.0,0.5,0.0,81.215,0.000,0.0,615699.0
2026-09-09T02:54:06,17.3,53684,1547350,1482482,3.5,0.00,0.24,0.00,1.94,0.00,0.00,0.00,29264.0,95830.0,66088.0,0.0,0.0,0.5,0.0,81.232,0.000,0.0,611523.5
2026-09-09T02:54:17,22.9,54330,1547350,1481836,3.5,0.00,1.03,0.00,9.12,0.00,0.09,0.00,29264.0,95830.0,66088.0,0.0,0.0,0.5,0.0,81.245,0.000,0.0,616014.0
2026-09-09T02:54:24,22.0,53322,1547350,1482844,3.4,0.00,0.43,0.00,7.44,0.00,0.00,0.00,29264.0,95830.0,66088.0,0.0,0.0,0.5,0.0,81.291,0.000,0.0,606320.5
2026-09-09T02:54:36,17.2,53479,1547350,1482688,3.5,0.00,0.58,0.00,3.30,0.00,0.14,0.00,29264.0,95830.0,66088.0,0.0,0.0,0.5,0.0,81.268,0.000,0.0,621500.0
2026-09-09T02:54:46,17.1,54528,1547350,1481638,3.5,0.00,1.90,0.00,16.37,0.00,0.11,0.01,29264.0,95830.0,66088.0,0.0,0.0,0.5,0.0,81.274,0.000,0.0,610423.5
2026-09-09T02:54:52,17.3,54500,1547350,1481667,3.5,0.00,0.30,0.00,1.20,0.00,0.00,0.00,29264.0,95830.0,66088.0,0.0,0.0,0.5,0.0,81.273,0.000,0.0,627308.0
2026-09-09T02:55:01,23.8,54133,1547350,1482033,3.5,0.00,1.39,0.00,9.74,0.00,0.08,0.00,29264.0,95830.0,66088.0,0.0,0.0,0.5,0.0,81.328,0.000,0.0,614527.5
2026-09-09T02:55:06,24.4,53389,1547350,1482777,3.5,0.00,0.55,0.00,3.65,0.00,0.00,0.00,29264.0,95830.0,66088.0,0.0,0.0,0.5,0.0,81.362,0.000,0.0,612795.0
2026-09-09T02:55:18,17.5,53287,1547350,1482880,3.4,0.00,0.70,0.00,7.31,0.00,0.00,0.01,29264.0,95830.0,66088.0,0.0,0.0,0.5,0.0,81.341,0.000,0.0,614441.5
2026-09-09T02:55:30,17.3,54598,1547350,1481568,3.5,0.00,0.40,0.00,2.22,0.00,0.20,0.00,29264.0,95830.0,66088.0,0.0,0.0,0.5,0.0,81.259,0.000,0.0,612822.5
2026-09-09T02:55:38,17.2,53805,1547350,1482362,3.5,0.00,0.39,0.00,6.31,0.00,0.00,0.00,29264.0,95830.0,66088.0,0.0,0.0,0.5,0.0,81.323,0.000,0.0,614663.5
2026-09-09T02:55:43,22.2,54325,1547350,1481841,3.5,0.00,2.58,0.00,21.74,0.00,0.07,0.00,29264.0,95830.0,66088.0,0.0,0.0,0.5,0.0,81.266,0.000,0.0,616364.0
2026-09-09T02:55:51,24.5,53838,1547350,1482328,3.5,0.00,0.66,0.00,8.45,0.00,0.00,0.00,29264.0,95830.0,66088.0,0.0,0.0,0.5,0.0,81.218,0.000,0.0,608804.5
2026-09-09T02:56:09,17.7,54646,1547350,1481521,3.5,0.00,0.73,0.00,3.39,0.00,0.08,0.00,29264.0,95830.0,66088.0,0.0,0.0,0.5,0.0,81.226,0.000,0.0,608712.5
2026-09-09T02:56:19,17.3,54722,1547350,1481444,3.5,0.00,0.38,0.00,3.11,0.00,0.00,0.00,29264.0,95830.0,66088.0,0.0,0.0,0.5,0.0,81.244,0.000,0.0,611810.5
2026-09-09T02:56:28,19.5,53747,1547350,1482419,3.5,0.00,0.45,0.00,5.90,0.00,0.25,0.00,29264.0,95830.0,66088.0,0.0,0.0,0.5,0.0,81.181,0.000,0.0,610197.0
2026-09-09T02:56:40,22.8,54672,1547350,1481495,3.5,0.00,1.72,0.00,14.91,0.00,0.10,0.00,29264.0,95830.0,66088.0,0.0,0.0,0.5,0.0,81.202,0.000,0.0,611920.0
2026-09-09T02:56:49,17.1,53375,1547350,1482791,3.4,0.00,0.41,0.00,5.34,0.00,0.00,0.00,29264.0,95830.0,66088.0,0.0,0.0,0.5,0.0,81.200,0.000,0.0,617146.5
2026-09-09T02:56:58,17.1,54668,1547350,1481498,3.5,0.83,0.24,47.70,1.42,0.14,0.00,0.00,29264.0,95830.0,66088.0,0.0,0.0,0.5,0.0,81.211,0.000,0.0,618231.0
2026-09-09T02:57:05,17.0,54428,1547350,1481738,3.5,0.00,1.19,0.00,5.36,0.00,0.12,0.00,29264.0,95830.0,66088.0,0.0,0.0,0.5,0.0,81.225,0.000,0.0,610058.5
2026-09-09T02:57:16,20.5,54143,1547350,1482023,3.5,0.00,0.54,0.00,4.54,0.00,0.00,0.00,29264.0,95830.0,66088.0,0.0,0.0,0.5,0.0,81.184,0.000,0.0,609936.0
2026-09-09T02:57:25,23.7,53517,1547350,1482650,3.5,0.00,0.54,0.00,3.01,0.00,0.20,0.00,29264.0,95830.0,66088.0,0.0,0.0,0.5,0.0,81.180,0.000,0.0,615193.0
2026-09-09T02:57:34,17.2,54065,1547350,1482101,3.5,0.00,0.32,0.00,1.27,0.00,0.00,0.01,29264.0,95830.0,66088.0,0.0,0.0,0.5,0.0,81.190,0.000,0.0,608392.5
2026-09-09T02:57:43,17.2,53697,1547350,1482470,3.5,0.00,2.72,0.00,20.15,0.00,0.08,0.00,29264.0,95830.0,66088.0,0.0,0.0,0.5,0.0,81.162,0.000,0.0,621263.5
2026-09-09T02:57:52,17.3,55115,1547350,1481052,3.6,0.00,0.48,0.00,1.92,0.00,0.00,0.00,29264.0,95830.0,66088.0,0.0,0.0,0.5,0.0,81.245,0.000,0.0,613600.0
2026-09-09T02:57:57,21.2,54740,1547350,1481426,3.5,0.00,0.38,0.00,2.29,0.00,0.50,0.00,29264.0,95830.0,66088.0,0.0,0.0,0.5,0.0,81.213,0.000,0.0,608963.0
2026-09-09T02:58:09,23.9,30089,1547350,1505822,1.9,0.00,0.63,0.00,2.85,0.00,0.00,0.00,31204.0,95830.0,64148.0,78.0,25.0,0.5,50.0,175.359,0.244,0.2,11163999.5
2026-09-09T02:58:13,5.4,31456,1547350,1504454,2.0,0.00,1.11,0.00,4.43,0.00,0.25,0.00,31222.0,95830.0,64130.0,100.0,15.0,0.5,36.5,194.761,0.330,0.3,6331635.5
2026-09-09T02:58:16,5.4,31447,1547350,1504463,2.0,0.00,0.73,0.00,7.14,0.00,0.00,0.00,31234.0,95830.0,64118.0,69.0,17.0,0.5,37.5,207.161,0.337,0.3,6518415.5
2026-09-09T02:58:20,3.6,31455,1547350,1504455,2.0,0.00,0.52,0.00,2.06,0.00,0.00,0.00,31244.0,95830.0,64108.0,70.0,6.5,0.5,14.0,181.600,0.330,0.3,6698648.5
2026-09-09T02:58:24,3.2,31466,1547350,1504445,2.0,0.00,0.72,0.00,3.85,0.00,0.00,0.00,31256.0,95830.0,64096.0,95.0,15.0,0.5,35.5,209.567,0.346,0.3,5975560.0
2026-09-09T02:58:27,3.3,31474,1547350,1504436,2.0,0.00,0.30,0.00,1.20,0.00,0.00,0.00,31262.0,95830.0,64090.0,67.0,19.5,0.5,43.5,206.933,0.347,0.3,7154595.5
2026-09-09T02:58:31,3.1,31482,1547350,1504428,2.0,0.00,0.49,0.00,1.95,0.00,0.00,0.00,31268.0,95830.0,64084.0,87.0,19.0,0.5,45.0,204.673,0.350,0.3,6139982.0
2026-09-09T02:58:36,2.8,31491,1547350,1504419,2.0,0.00,0.41,0.00,1.65,0.00,0.00,0.00,31272.0,95830.0,64080.0,71.0,15.5,0.5,34.5,185.834,0.231,0.2,4754093.5
2026-09-09T02:58:40,3.1,31585,1547350,1504326,2.0,0.00,0.49,0.00,1.96,0.00,0.00,0.00,31276.0,95830.0,64076.0,58.0,22.5,0.5,50.0,183.133,0.334,0.3,6586142.0
2026-09-09T02:58:45,7.9,31452,1547350,1504459,2.0,0.00,3.75,0.00,31.34,0.00,0.16,0.00,31282.0,95830.0,64070.0,2.0,16.0,0.5,34.0,212.804,0.356,0.3,6068245.5
2026-09-09T02:58:49,10.5,31452,1547350,1504459,2.0,0.00,0.55,0.00,2.22,0.00,0.00,0.00,31284.0,95830.0,64068.0,76.0,14.0,0.5,31.0,208.038,0.338,0.3,6184238.5
2026-09-09T02:58:53,10.5,31452,1547350,1504458,2.0,0.00,0.73,0.00,2.93,0.00,0.00,0.00,31288.0,95830.0,64064.0,69.0,15.0,0.5,32.5,191.317,0.339,0.3,6046214.5
2026-09-09T02:58:58,5.7,31460,1547350,1504451,2.0,0.00,0.40,0.00,2.37,0.00,0.00,0.00,31290.0,95830.0,64062.0,67.0,11.5,0.5,24.5,172.566,0.328,0.3,6122360.0
2026-09-09T02:59:03,3.6,31471,1547350,1504439,2.0,0.00,0.20,0.00,0.82,0.00,0.00,0.00,31294.0,95830.0,64058.0,100.0,14.5,0.5,32.5,199.846,0.355,0.3,5882824.0
2026-09-09T02:59:08,3.1,31481,1547350,1504430,2.0,0.00,1.74,0.00,6.95,0.00,0.12,0.00,31296.0,95830.0,64056.0,15.0,18.5,0.5,45.5,209.046,0.340,0.3,6322319.0
2026-09-09T02:59:12,3.4,31468,1547350,1504443,2.0,0.00,0.48,0.00,1.92,0.00,0.00,0.00,31296.0,95830.0,64056.0,71.0,18.0,0.5,38.0,189.476,0.337,0.3,6317316.0
2026-09-09T02:59:16,3.2,31492,1547350,1504418,2.0,0.00,3.08,0.00,16.32,0.00,0.08,0.00,31298.0,95830.0,64054.0,67.0,17.5,0.5,40.0,193.147,0.317,0.3,6256545.0
2026-09-09T02:59:19,3.3,31504,1547350,1504407,2.0,0.00,0.28,0.00,1.11,0.00,0.00,0.03,31300.0,95830.0,64052.0,100.0,16.0,0.5,35.0,202.728,0.360,0.3,5767784.5
2026-09-09T02:59:23,3.2,32114,1547350,1503796,2.1,0.00,1.02,0.00,4.09,0.00,0.00,0.00,31302.0,95830.0,64050.0,67.0,15.0,0.5,32.5,199.524,0.349,0.3,6312726.5
2026-09-09T02:59:29,4.5,31473,1547350,1504437,2.0,0.00,0.87,0.00,3.46,0.00,0.00,0.00,31302.0,95830.0,64050.0,62.0,17.5,0.5,35.5,186.155,0.350,0.3,5742311.5
2026-09-09T02:59:32,10.5,31474,1547350,1504437,2.0,0.00,1.16,0.00,4.63,0.00,0.00,0.00,31304.0,95830.0,64048.0,100.0,15.5,0.5,35.5,208.566,0.335,0.3,6074668.0
2026-09-09T02:59:36,10.6,31477,1547350,1504434,2.0,0.00,0.62,0.00,2.49,0.00,0.00,0.00,31304.0,95830.0,64048.0,74.0,16.0,0.5,36.5,199.838,0.338,0.3,6309904.0
2026-09-09T02:59:39,10.6,31479,1547350,1504432,2.0,0.00,1.34,0.00,5.38,0.00,0.25,0.00,31306.0,95830.0,64046.0,67.0,16.0,0.5,37.0,207.261,0.355,0.3,6170002.5
2026-09-09T02:59:43,7.0,31484,1547350,1504427,2.0,0.00,0.47,0.00,1.87,0.00,0.00,0.00,31310.0,95830.0,64042.0,72.0,20.0,0.5,49.5,182.487,0.305,0.3,6303779.5
2026-09-09T02:59:47,3.4,31495,1547350,1504416,2.0,0.00,3.23,0.00,41.81,0.00,0.07,0.00,31310.0,95830.0,64042.0,73.0,14.0,0.5,29.5,212.080,0.345,0.3,6385361.5
2026-09-09T02:59:51,3.5,31505,1547350,1504405,2.0,0.00,1.05,0.00,4.20,0.00,0.00,0.00,31312.0,95830.0,64040.0,70.0,14.5,0.5,36.0,208.489,0.349,0.3,6211557.5
2026-09-09T02:59:56,3.2,31515,1547350,1504396,2.0,0.00,1.11,0.00,4.42,0.00,0.20,0.00,31314.0,95830.0,64038.0,76.0,24.0,0.5,50.0,171.201,0.342,0.3,6564304.5
2026-09-09T02:59:59,3.3,31532,1547350,1504379,2.0,0.00,2.76,0.00,12.13,0.00,0.10,0.00,31314.0,95830.0,64038.0,72.0,24.5,0.5,50.0,191.721,0.322,0.3,6303698.5
2026-09-09T03:00:05,3.3,31544,1547350,1504366,2.0,0.00,0.75,0.00,3.01,0.00,0.00,0.00,31316.0,95830.0,64036.0,94.0,18.0,0.5,44.5,197.822,0.340,0.3,6054188.5
2026-09-09T03:00:10,3.7,31596,1547350,1504314,2.0,0.00,0.39,0.00,1.55,0.00,0.00,0.00,31318.0,95830.0,64034.0,78.0,13.0,0.5,29.5,193.744,0.333,0.3,6420985.0
2026-09-09T03:00:16,6.4,31511,1547350,1504399,2.0,0.00,1.95,0.00,15.53,0.00,0.08,0.00,31318.0,95830.0,64034.0,72.0,16.5,0.5,38.5,212.282,0.330,0.3,6127174.0
2026-09-09T03:00:20,10.4,31510,1547350,1504400,2.0,0.00,1.13,0.00,4.52,0.00,0.00,0.00,31320.0,95830.0,64032.0,100.0,16.0,0.5,34.5,197.966,0.348,0.3,5137303.0
2026-09-09T03:00:23,10.4,31514,1547350,1504397,2.0,0.00,1.02,0.00,4.09,0.00,0.00,0.03,31320.0,95830.0,64032.0,97.0,16.0,0.5,37.0,210.580,0.370,0.3,5819494.0
2026-09-09T03:00:27,8.8,31515,1547350,1504395,2.0,0.00,0.52,0.00,2.07,0.00,0.00,0.00,31320.0,95830.0,64032.0,70.0,17.5,0.5,37.0,206.444,0.373,0.4,6097901.0
2026-09-09T03:00:30,3.1,31525,1547350,1504386,2.0,0.00,1.60,0.00,6.40,0.00,0.20,0.00,31322.0,95830.0,64030.0,79.0,17.0,0.5,36.0,188.253,0.334,0.3,6116885.5
2026-09-09T03:00:34,3.3,31532,1547350,1504378,2.0,0.00,0.58,0.00,2.31,0.00,0.00,0.00,31322.0,95830.0,64030.0,72.0,17.5,0.5,36.5,205.550,0.366,0.3,5814128.5
2026-09-09T03:00:38,3.1,31539,1547350,1504371,2.0,0.00,1.02,0.00,4.08,0.00,0.00,0.00,31322.0,95830.0,64030.0,100.0,27.0,0.5,50.0,182.496,0.313,0.3,6315088.5
2026-09-09T03:00:42,3.2,31548,1547350,1504363,2.0,0.00,1.10,0.00,4.38,0.00,0.00,0.00,31324.0,95830.0,64028.0,71.0,23.0,0.5,50.0,179.087,0.329,0.3,6084066.0
2026-09-09T03:00:47,3.9,36398,1547350,1499513,2.4,0.00,3.26,0.00,29.76,0.00,0.12,0.00,31326.0,95830.0,64026.0,71.0,16.0,0.5,35.5,204.424,0.352,0.3,6603374.5
2026-09-09T03:00:53,4.3,37850,1547350,1498060,2.4,0.00,0.79,0.00,3.17,0.00,0.00,0.00,31326.0,95830.0,64026.0,83.0,16.5,0.5,36.5,206.719,0.349,0.3,6159713.0
2026-09-09T03:01:00,5.6,41479,1547350,1494432,2.7,0.00,0.74,0.00,3.56,0.00,0.00,0.00,31328.0,95830.0,64024.0,52.0,15.5,0.5,37.5,212.383,0.370,0.3,6275111.5
2026-09-09T03:01:04,12.5,41569,1547350,1494342,2.7,0.00,2.21,0.00,8.86,0.00,0.10,0.00,31330.0,95830.0,64022.0,86.0,19.0,0.5,44.0,189.600,0.343,0.3,6022027.0
2026-09-09T03:01:08,15.9,41728,1547350,1494183,2.7,0.00,0.50,0.00,1.99,0.00,0.00,0.02,31330.0,95830.0,64022.0,77.0,15.5,0.5,36.5,198.405,0.352,0.3,6248157.0
2026-09-09T03:01:12,19.5,41756,1547350,1494154,2.7,0.00,1.22,0.00,4.87,0.00,0.00,0.00,31330.0,95830.0,64022.0,59.0,16.0,0.5,33.0,194.236,0.256,0.2,5040367.5
2026-09-09T03:01:15,13.9,41897,1547350,1494013,2.7,0.00,2.31,0.00,24.14,0.00,0.12,0.03,31330.0,95830.0,64022.0,37.0,15.0,0.5,33.5,183.945,0.335,0.3,5657584.0
2026-09-09T03:01:19,19.8,41907,1547350,1494004,2.7,0.00,0.56,0.00,2.25,0.00,0.00,0.00,31332.0,95830.0,64020.0,68.0,16.5,0.5,34.5,206.633,0.349,0.3,6173767.5
2026-09-09T03:01:21,19.8,41914,1547350,1493996,2.7,0.00,1.46,0.00,5.82,0.00,0.25,0.00,31332.0,95830.0,64020.0,76.0,23.5,0.5,50.0,190.382,0.347,0.3,6224792.0
2026-09-09T03:01:26,13.2,41917,1547350,1493994,2.7,0.00,1.20,0.00,4.78,0.00,0.00,0.00,31332.0,95830.0,64020.0,75.0,12.5,0.5,30.0,202.253,0.370,0.3,5971433.0
2026-09-09T03:01:29,7.0,41923,1547350,1493987,2.7,0.00,0.53,0.00,2.11,0.00,0.00,0.00,31334.0,95830.0,64018.0,94.0,16.5,0.5,36.5,203.738,0.371,0.3,6181370.5
2026-09-09T03:01:32,5.4,41930,1547350,1493981,2.7,0.00,1.82,0.00,7.28,0.00,0.00,0.04,31334.0,95830.0,64018.0,79.0,17.5,0.5,36.5,205.744,0.351,0.3,6305572.0
2026-09-09T03:01:35,5.4,41937,1547350,1493974,2.7,0.00,0.97,0.00,6.46,0.00,0.00,0.00,31334.0,95830.0,64018.0,73.0,14.0,0.5,25.5,190.209,0.349,0.3,6683883.5
2026-09-09T03:01:39,5.4,41944,1547350,1493967,2.7,0.00,1.07,0.00,4.26,0.00,0.25,0.00,31336.0,95830.0,64016.0,25.0,14.5,0.5,34.0,197.198,0.358,0.3,6151723.5
2026-09-09T03:01:41,5.6,42648,1547350,1493263,2.8,0.00,0.83,0.00,3.31,0.00,0.00,0.00,31336.0,95830.0,64016.0,75.0,16.0,0.5,36.0,212.899,0.356,0.3,6621380.5
2026-09-09T03:01:44,5.5,42283,1547350,1493628,2.7,0.00,6.47,0.00,61.95,0.00,0.10,0.00,31338.0,95830.0,64014.0,72.0,14.5,0.5,34.5,198.296,0.351,0.3,6557410.5
2026-09-09T03:01:53,11.5,41943,1547350,1493967,2.7,0.00,10.51,0.00,75.94,0.00,0.08,0.00,31362.0,95830.0,63990.0,0.0,17.5,0.5,39.0,206.269,0.000,0.0,0.0
2026-09-09T03:04:21,2.5,41935,1547350,1493976,2.7,0.00,0.01,0.00,0.05,0.00,0.00,0.00,31362.0,95830.0,63990.0,72.0,26.0,0.5,50.0,209.006,0.000,0.0,0.0
2026-09-09T03:04:22,27.1,41936,1547350,1493974,2.7,0.00,1.21,0.00,4.84,0.00,0.00,0.00,31362.0,95830.0,63990.0,73.0,12.5,0.5,28.0,188.762,0.341,0.3,6445510.5
2026-09-09T03:04:25,27.1,41936,1547350,1493975,2.7,0.00,1.27,0.00,5.08,0.00,0.00,0.04,31362.0,95830.0,63990.0,67.0,23.5,0.5,50.0,213.244,0.371,0.3,5482456.5
2026-09-09T03:04:27,26.9,41937,1547350,1493974,2.7,0.00,0.93,0.00,3.73,0.00,0.00,0.00,31362.0,95830.0,63990.0,0.0,0.0,0.5,0.0,90.714,0.185,0.2,3418584.0
2026-09-09T03:04:28,26.3,41938,1547350,1493973,2.7,0.00,1.29,0.00,5.16,0.00,0.00,0.00,31362.0,95830.0,63990.0,70.0,16.0,0.5,35.5,192.433,0.163,0.1,2727044.0
2026-09-09T03:04:30,27.1,41939,1547350,1493971,2.7,0.00,2.12,0.00,8.47,0.00,0.00,0.00,31362.0,95830.0,63990.0,69.0,16.5,0.5,36.0,210.303,0.343,0.3,5947225.5
2026-09-09T03:04:33,23.9,41925,1547350,1493985,2.7,0.00,0.80,0.00,3.21,0.00,0.50,0.04,31364.0,95830.0,63988.0,100.0,14.0,0.5,35.5,208.148,0.309,0.3,5647561.5
2026-09-09T03:04:35,7.8,41931,1547350,1493979,2.7,0.00,3.70,0.00,14.81,0.00,0.00,0.00,31364.0,95830.0,63988.0,75.0,8.5,0.5,18.5,179.538,0.363,0.3,6195221.0
2026-09-09T03:04:37,5.4,41938,1547350,1493973,2.7,0.00,0.76,0.00,3.06,0.00,0.00,0.00,31364.0,95830.0,63988.0,67.0,16.5,0.5,36.0,205.761,0.344,0.3,6383476.5
2026-09-09T03:04:40,5.5,41944,1547350,1493967,2.7,0.00,0.91,0.00,3.63,0.00,0.00,0.00,31364.0,95830.0,63988.0,71.0,13.5,0.5,30.5,182.794,0.344,0.3,6390474.0
2026-09-09T03:04:42,5.3,41949,1547350,1493962,2.7,0.00,1.32,0.00,5.30,0.00,0.00,0.00,31364.0,95830.0,63988.0,73.0,13.0,0.5,27.5,203.242,0.360,0.3,5611831.5
2026-09-09T03:04:45,5.2,41963,1547350,1493948,2.7,0.00,0.62,0.00,2.48,0.00,0.00,0.00,31366.0,95830.0,63986.0,68.0,18.0,0.5,43.5,207.013,0.356,0.3,6370720.0
2026-09-09T03:04:48,5.4,41978,1547350,1493932,2.7,0.00,4.35,0.00,29.07,0.00,0.09,0.00,31366.0,95830.0,63986.0,72.0,16.5,0.5,35.5,200.210,0.365,0.3,5964103.5
2026-09-09T03:04:51,5.5,41996,1547350,1493915,2.7,0.00,0.60,0.00,2.42,0.00,0.00,0.00,31366.0,95830.0,63986.0,76.0,19.0,0.5,46.0,202.753,0.315,0.3,5751068.0
2026-09-09T03:04:53,5.3,42629,1547350,1493282,2.8,0.00,0.77,0.00,3.09,0.00,0.00,0.00,31368.0,95830.0,63984.0,0.0,23.0,0.5,50.0,156.044,0.250,0.2,4806451.5
2026-09-09T03:05:02,3.9,43957,1547350,1491954,2.8,0.00,0.23,0.00,0.92,0.00,0.00,0.00,31368.0,95830.0,63984.0,85.0,16.0,0.5,35.0,190.945,0.338,0.3,6274891.5
2026-09-09T03:05:04,5.0,49897,1547350,1486014,3.2,0.00,23.81,0.00,168.87,0.00,0.07,0.04,31388.0,95830.0,63964.0,93.0,14.5,0.5,32.0,207.766,0.000,0.0,0.0
2026-09-09T03:07:34,3.1,41997,1547350,1493914,2.7,0.00,0.05,0.00,0.19,0.00,0.14,0.00,31388.0,95830.0,63964.0,76.0,16.5,0.5,37.0,209.323,0.328,0.3,6262900.5
2026-09-09T03:07:36,19.5,47724,1547350,1488187,3.1,0.00,1.02,0.00,4.09,0.00,0.00,0.00,31388.0,95830.0,63964.0,29.0,16.5,0.5,36.5,209.666,0.345,0.3,6359966.5
2026-09-09T03:07:38,20.0,48417,1547350,1487494,3.1,0.00,20.23,0.00,131.00,0.00,0.07,0.00,31404.0,95830.0,63948.0,76.0,15.5,0.5,36.0,197.011,0.000,0.0,0.0
2026-09-09T03:08:59,3.9,41938,1547350,1493973,2.7,0.00,0.06,0.00,0.35,0.00,0.00,0.00,31404.0,95830.0,63948.0,70.0,2.0,0.5,7.5,192.665,0.370,0.3,6654035.5
2026-09-09T03:09:01,3.9,46057,1547350,1489854,3.0,0.00,4.14,0.00,16.58,0.00,0.20,0.00,31406.0,95830.0,63946.0,62.0,16.5,0.5,36.5,199.652,0.379,0.4,5401199.0
2026-09-09T03:09:04,4.6,35239,1547350,1500672,2.3,0.00,60.90,0.00,382.82,0.00,0.09,0.00,31432.0,95830.0,63920.0,75.0,15.5,0.5,36.0,216.494,0.000,0.0,0.0
2026-09-09T03:11:39,2.5,35210,1547350,1500701,2.3,0.00,0.01,0.00,0.05,0.00,0.00,0.00,31432.0,95830.0,63920.0,61.0,14.5,0.5,34.0,216.348,0.000,0.0,0.0
2026-09-09T03:11:41,18.9,35213,1547350,1500698,2.3,0.00,1.82,0.00,7.27,0.00,0.25,0.00,31434.0,95830.0,63918.0,12.0,15.5,0.5,37.0,211.377,0.358,0.3,6399178.0
2026-09-09T03:11:43,19.1,35216,1547350,1500696,2.3,0.00,0.90,0.00,3.59,0.00,0.00,0.00,31434.0,95830.0,63918.0,67.0,3.5,0.5,9.5,191.746,0.348,0.3,6448764.5
2026-09-09T03:11:46,19.0,35217,1547350,1500694,2.3,0.00,1.55,0.00,6.18,0.00,0.00,0.00,31434.0,95830.0,63918.0,74.0,16.0,0.5,35.0,202.019,0.330,0.3,6595330.5
2026-09-09T03:11:49,17.8,35202,1547350,1500709,2.3,0.00,0.59,0.00,2.38,0.00,0.00,0.00,31434.0,95830.0,63918.0,69.0,18.0,0.5,43.5,198.974,0.370,0.3,5714248.5
2026-09-09T03:11:51,11.7,35205,1547350,1500706,2.3,0.00,9.22,0.00,90.04,0.00,0.07,0.00,31434.0,95830.0,63918.0,72.0,15.0,0.5,31.5,204.146,0.351,0.3,6588832.0
2026-09-09T03:11:53,10.4,35206,1547350,1500706,2.3,0.00,2.84,0.00,13.64,0.00,0.00,0.06,31436.0,95830.0,63916.0,75.0,16.5,0.5,39.0,205.672,0.341,0.3,6966985.0
2026-09-09T03:11:55,4.6,35208,1547350,1500703,2.3,0.00,1.08,0.00,4.34,0.00,0.50,0.00,31436.0,95830.0,63916.0,100.0,15.5,0.5,36.0,207.506,0.399,0.4,5446970.0
2026-09-09T03:11:57,4.8,35210,1547350,1500701,2.3,0.00,1.08,0.00,4.31,0.00,0.00,0.00,31436.0,95830.0,63916.0,76.0,13.5,0.5,31.0,200.062,0.331,0.3,7327430.0
2026-09-09T03:12:00,4.4,35216,1547350,1500695,2.3,0.00,1.03,0.00,4.12,0.00,0.00,0.00,31436.0,95830.0,63916.0,72.0,2.0,0.5,8.0,195.147,0.316,0.3,7570433.0
2026-09-09T03:12:03,4.4,35224,1547350,1500687,2.3,0.00,4.08,0.00,19.57,0.00,0.10,0.00,31438.0,95830.0,63914.0,66.0,14.5,0.5,35.5,205.694,0.363,0.3,6196786.5
2026-09-09T03:12:05,4.4,35236,1547350,1500675,2.3,0.00,0.77,0.00,3.09,0.00,0.00,0.04,31438.0,95830.0,63914.0,74.0,15.5,0.5,35.5,200.412,0.369,0.3,6403301.5
2026-09-09T03:12:11,4.3,35242,1547350,1500669,2.3,0.00,1.02,0.00,4.09,0.00,0.00,0.00,31438.0,95830.0,63914.0,71.0,14.5,0.5,36.5,206.636,0.363,0.3,6428984.0
2026-09-09T03:12:15,11.3,35205,1547350,1500706,2.3,0.00,2.81,0.00,15.18,0.00,0.09,0.00,31440.0,95830.0,63912.0,0.0,20.0,0.5,47.5,159.539,0.248,0.2,4009191.0
2026-09-09T03:12:29,6.9,39108,1547350,1496803,2.5,0.00,0.21,0.00,0.85,0.00,0.00,0.00,31442.0,95830.0,63910.0,69.0,16.5,0.5,40.0,192.766,0.350,0.3,6196538.5
2026-09-09T03:12:32,4.4,35243,1547350,1500668,2.3,0.00,22.57,0.00,142.47,0.00,0.09,0.00,31454.0,95830.0,63898.0,33.0,17.0,0.5,36.5,187.282,0.000,0.0,0.0
2026-09-09T03:13:51,2.7,35215,1547350,1500696,2.3,0.00,0.16,0.00,1.59,0.00,0.08,0.00,31454.0,95830.0,63898.0,72.0,12.5,0.5,32.0,169.951,0.000,0.0,0.0
2026-09-09T03:13:53,20.4,35221,1547350,1500690,2.3,0.00,0.95,0.00,3.81,0.00,0.00,0.00,31454.0,95830.0,63898.0,65.0,15.5,0.5,37.0,209.051,0.379,0.4,5596503.5
2026-09-09T03:13:55,18.9,35226,1547350,1500685,2.3,0.00,1.81,0.00,7.23,0.00,0.00,0.00,31456.0,95830.0,63896.0,100.0,16.0,0.5,36.5,204.460,0.357,0.3,6212897.5
2026-09-09T03:13:57,19.0,35229,1547350,1500682,2.3,0.00,1.02,0.00,4.08,0.00,0.00,0.00,31456.0,95830.0,63896.0,55.0,18.0,0.5,39.0,210.348,0.365,0.3,5791525.0
2026-09-09T03:14:01,18.9,35239,1547350,1500672,2.3,0.00,1.10,0.00,4.40,0.00,0.00,0.00,31456.0,95830.0,63896.0,7.0,15.5,0.5,36.0,208.909,0.353,0.3,6219548.0
2026-09-09T03:14:03,13.9,35227,1547350,1500684,2.3,0.00,0.93,0.00,3.72,0.00,0.00,0.00,31456.0,95830.0,63896.0,55.0,17.5,0.5,43.0,195.706,0.358,0.3,6724934.0
2026-09-09T03:14:06,8.5,35234,1547350,1500677,2.3,0.00,4.55,0.00,18.20,0.00,0.09,0.00,31458.0,95830.0,63894.0,81.0,14.0,0.5,36.5,209.720,0.362,0.3,6020459.0
2026-09-09T03:14:08,4.3,35240,1547350,1500671,2.3,0.00,0.77,0.00,3.09,0.00,0.50,0.00,31458.0,95830.0,63894.0,71.0,15.5,0.5,35.5,213.017,0.364,0.3,6129686.5
2026-09-09T03:14:11,4.4,35271,1547350,1500641,2.3,0.00,2.74,0.00,12.51,0.00,0.00,0.04,31460.0,95830.0,63892.0,81.0,18.0,0.5,37.5,202.529,0.357,0.3,6355150.5
2026-09-09T03:14:24,5.0,35834,1547350,1500077,2.3,0.00,1.05,0.00,4.77,0.00,0.07,0.00,31460.0,95830.0,63892.0,74.0,16.5,0.5,35.5,194.462,0.344,0.3,7010995.0
2026-09-09T03:14:30,11.0,35245,1547350,1500666,2.3,0.00,0.72,0.00,2.90,0.00,0.00,0.00,31462.0,95830.0,63890.0,62.0,4.0,0.5,10.0,195.145,0.327,0.3,5817614.0
2026-09-09T03:14:34,12.9,37858,1547350,1498053,2.4,0.00,0.95,0.00,3.80,0.00,0.00,0.00,31462.0,95830.0,63890.0,0.0,0.0,0.5,0.0,90.980,0.265,0.2,4851944.5
2026-09-09T03:14:37,9.1,41602,1547350,1494309,2.7,0.00,0.60,0.00,2.41,0.00,0.00,0.00,31462.0,95830.0,63890.0,64.0,17.5,0.5,41.0,189.609,0.000,0.0,0.0
2026-09-09T03:15:57,2.6,35274,1547350,1500637,2.3,0.00,0.97,0.00,6.51,0.00,0.09,0.00,33990.0,95830.0,61362.0,75.0,15.0,0.5,35.5,197.643,0.000,0.0,0.0
2026-09-09T03:15:59,18.9,35279,1547350,1500632,2.3,0.00,1.24,0.00,8.26,0.00,0.00,0.00,33990.0,95830.0,61362.0,69.0,12.5,0.5,26.5,188.570,0.334,0.3,6358337.0
2026-09-09T03:16:01,19.1,35293,1547350,1500618,2.3,0.00,0.91,0.00,3.64,0.00,0.00,0.00,33990.0,95830.0,61362.0,72.0,15.5,0.5,35.5,210.730,0.369,0.3,5782474.0
2026-09-09T03:16:05,13.1,35469,1547350,1500442,2.3,0.00,105.01,0.00,1748.97,0.00,0.07,0.21,33992.0,95830.0,61360.0,68.0,15.0,0.5,35.0,204.435,0.372,0.4,6032186.0
2026-09-09T03:16:17,5.3,35338,1547350,1500573,2.3,0.00,3.18,0.00,88.29,0.00,0.05,0.02,33992.0,95830.0,61360.0,73.0,26.0,0.5,50.0,199.899,0.357,0.3,6609354.5
2026-09-09T03:16:20,4.4,35344,1547350,1500567,2.3,0.00,0.99,0.00,15.83,0.00,0.00,0.00,33994.0,95830.0,61358.0,72.0,16.0,0.5,37.5,201.181,0.329,0.3,7241917.5
2026-09-09T03:16:22,4.6,35358,1547350,1500553,2.3,0.00,29.61,0.00,342.60,0.00,0.22,0.04,33994.0,95830.0,61358.0,60.0,22.5,0.5,50.0,198.250,0.344,0.3,6331011.0
2026-09-09T03:16:27,4.3,35397,1547350,1500514,2.3,0.00,0.48,0.00,1.91,0.00,0.00,0.00,33994.0,95830.0,61358.0,79.0,16.0,0.5,39.0,193.227,0.351,0.3,6253944.5
2026-09-09T03:16:30,4.7,35453,1547350,1500458,2.3,0.00,0.58,0.00,2.31,0.00,0.00,0.00,33996.0,95830.0,61356.0,77.0,14.0,0.5,33.5,213.209,0.343,0.3,6218696.0
2026-09-09T03:16:39,12.1,35335,1547350,1500576,2.3,0.00,10.06,0.00,213.56,0.00,0.09,0.02,33996.0,95830.0,61356.0,71.0,18.0,0.5,34.0,183.418,0.329,0.3,6334735.0
2026-09-09T03:16:52,12.9,35341,1547350,1500570,2.3,0.00,1.17,0.00,8.31,0.00,0.07,0.00,33998.0,95830.0,61354.0,72.0,16.5,0.5,35.5,208.868,0.361,0.3,6235717.0
2026-09-09T03:16:57,4.4,35358,1547350,1500553,2.3,0.00,1.38,0.00,7.36,0.00,0.00,0.05,34000.0,95830.0,61352.0,68.0,14.0,0.5,34.5,208.542,0.365,0.3,6310347.5
2026-09-09T03:17:02,4.3,35420,1547350,1500492,2.3,0.00,1.91,0.00,8.41,0.00,0.10,0.00,34000.0,95830.0,61352.0,71.0,11.0,0.5,24.5,198.032,0.342,0.3,6624111.5
2026-09-09T03:17:05,5.7,35373,1547350,1500538,2.3,0.00,0.65,0.00,2.59,0.00,0.00,0.00,34002.0,95830.0,61350.0,100.0,4.0,0.5,11.5,199.287,0.366,0.3,6401957.0
2026-09-09T03:17:09,11.6,35379,1547350,1500532,2.3,0.00,1.04,0.00,4.18,0.00,0.00,0.00,34002.0,95830.0,61350.0,85.0,26.0,0.5,50.0,196.836,0.354,0.3,6099488.5
2026-09-09T03:17:13,11.7,35337,1547350,1500574,2.3,0.00,1.43,0.00,6.68,0.00,0.17,0.00,34004.0,95830.0,61348.0,28.0,18.0,0.5,41.0,187.374,0.344,0.3,6298933.5
2026-09-09T03:17:21,11.0,35344,1547350,1500567,2.3,0.00,0.52,0.00,2.09,0.00,0.00,0.01,34004.0,95830.0,61348.0,5.0,13.5,0.5,26.0,184.513,0.332,0.3,6115286.5
2026-09-09T03:17:24,11.4,35355,1547350,1500556,2.3,0.00,8.75,0.00,77.52,0.00,0.10,0.03,34004.0,95830.0,61348.0,100.0,14.5,0.5,33.5,205.000,0.373,0.3,5622642.5
2026-09-09T03:17:28,11.6,35361,1547350,1500550,2.3,0.00,0.50,0.00,2.00,0.00,0.50,0.02,34004.0,95830.0,61348.0,48.0,2.5,0.5,6.0,149.044,0.267,0.2,4967215.0
2026-09-09T03:17:33,12.0,35375,1547350,1500536,2.3,0.00,0.75,0.00,2.99,0.00,0.00,0.00,34006.0,95830.0,61346.0,86.0,9.0,0.5,22.0,186.945,0.322,0.3,6373435.5
2026-09-09T03:17:37,4.9,35881,1547350,1500030,2.3,0.00,1.24,0.00,4.96,0.00,0.00,0.00,34006.0,95830.0,61346.0,68.0,17.0,0.5,37.0,203.522,0.324,0.3,5603447.5
2026-09-09T03:17:40,7.0,35382,1547350,1500529,2.3,0.00,0.65,0.00,2.60,0.00,0.00,0.00,34008.0,95830.0,61344.0,87.0,20.5,0.5,42.5,214.843,0.338,0.3,6215375.0
2026-09-09T03:17:44,11.8,35392,1547350,1500519,2.3,0.00,1.20,0.00,4.80,0.00,0.00,0.00,34008.0,95830.0,61344.0,69.0,15.5,0.5,35.5,202.694,0.370,0.3,6083003.0
2026-09-09T03:17:48,11.7,35399,1547350,1500513,2.3,0.00,1.34,0.00,6.42,0.00,0.20,0.00,34008.0,95830.0,61344.0,38.0,15.5,0.5,36.0,209.904,0.351,0.3,6222050.5
2026-09-09T03:17:51,10.9,35435,1547350,1500476,2.3,0.00,0.86,0.00,13.70,0.00,0.00,0.00,34010.0,95830.0,61342.0,75.0,18.5,0.5,37.5,204.160,0.344,0.3,5672916.0
2026-09-09T03:17:55,4.0,35383,1547350,1500528,2.3,0.00,6.56,0.00,49.58,0.00,0.12,0.00,34010.0,95830.0,61342.0,15.0,16.5,0.5,38.5,205.816,0.279,0.2,4493244.0
2026-09-09T03:18:02,3.5,38359,1547350,1497552,2.5,0.00,0.28,0.00,1.13,0.00,0.00,0.00,34012.0,95830.0,61340.0,69.0,2.5,0.5,9.0,190.829,0.337,0.3,6288616.5
2026-09-09T03:18:06,4.4,41813,1547350,1494098,2.7,0.00,3.08,0.00,12.33,0.00,0.00,0.00,34024.0,95830.0,61328.0,76.0,12.0,0.5,50.0,183.159,0.000,0.0,0.0
2026-09-09T03:19:27,2.5,35505,1547350,1500406,2.3,0.00,0.94,0.00,5.76,0.00,0.08,0.00,34024.0,95830.0,61328.0,73.0,15.5,0.5,36.5,205.690,0.363,0.3,5862487.5
2026-09-09T03:19:32,19.0,35663,1547350,1500248,2.3,0.00,0.42,0.00,1.67,0.00,0.00,0.02,34026.0,95830.0,61326.0,72.0,16.0,0.5,38.0,207.056,0.352,0.3,7670816.0
2026-09-09T03:19:34,20.1,36225,1547350,1499686,2.3,0.00,1.01,0.00,16.10,0.00,0.33,0.00,34026.0,95830.0,61326.0,81.0,19.5,0.5,48.0,208.171,0.363,0.3,5181401.0
2026-09-09T03:19:38,18.9,36803,1547350,1499108,2.4,0.00,1.47,0.00,7.08,0.00,0.00,0.00,34026.0,95830.0,61326.0,94.0,14.5,0.5,32.5,207.794,0.360,0.3,6092819.0
2026-09-09T03:19:40,12.5,36812,1547350,1499099,2.4,0.00,2.06,0.00,8.25,0.00,0.00,0.00,34026.0,95830.0,61326.0,77.0,15.0,0.5,33.5,190.164,0.344,0.3,6267225.5
2026-09-09T03:19:43,6.1,36818,1547350,1499094,2.4,0.00,0.75,0.00,3.00,0.00,0.00,0.00,34026.0,95830.0,61326.0,85.0,14.5,0.5,33.5,197.698,0.348,0.3,6242561.5
2026-09-09T03:19:45,4.5,36823,1547350,1499088,2.4,0.00,0.79,0.00,3.17,0.00,0.00,0.00,34028.0,95830.0,61324.0,100.0,19.0,0.5,45.5,205.052,0.366,0.3,6175961.0
2026-09-09T03:19:48,4.4,36830,1547350,1499081,2.4,0.00,1.41,0.00,7.06,0.00,0.25,0.00,34028.0,95830.0,61324.0,38.0,15.0,0.5,34.0,199.133,0.356,0.3,6412971.0
2026-09-09T03:19:52,4.4,36838,1547350,1499073,2.4,0.00,1.25,0.00,5.00,0.00,0.00,0.00,34030.0,95830.0,61322.0,36.0,16.5,0.5,36.5,190.251,0.317,0.3,6972962.0
2026-09-09T03:19:55,4.5,36848,1547350,1499063,2.4,0.00,4.75,0.00,48.02,0.00,0.07,0.00,34030.0,95830.0,61322.0,62.0,22.5,0.5,50.0,196.272,0.360,0.3,6952275.0
2026-09-09T03:19:57,4.4,37317,1547350,1498594,2.4,0.00,1.49,0.00,5.98,0.00,0.00,0.00,34030.0,95830.0,61322.0,60.0,14.5,0.5,34.5,206.617,0.349,0.3,6482199.5
2026-09-09T03:20:00,6.2,36887,1547350,1499024,2.4,0.00,0.97,0.00,3.89,0.00,0.33,0.00,34030.0,95830.0,61322.0,95.0,18.5,0.5,45.5,208.844,0.326,0.3,6053786.0
2026-09-09T03:20:03,12.6,36832,1547350,1499080,2.4,0.00,4.24,0.00,16.94,0.00,0.00,0.00,34030.0,95830.0,61322.0,68.0,15.5,0.5,36.5,211.435,0.368,0.3,6303964.5
2026-09-09T03:20:06,17.3,36833,1547350,1499078,2.4,0.00,0.63,0.00,2.50,0.00,0.00,0.03,34032.0,95830.0,61320.0,24.0,16.5,0.5,37.5,212.388,0.350,0.3,6373269.5
2026-09-09T03:20:10,19.1,36835,1547350,1499076,2.4,0.00,1.37,0.00,5.49,0.00,0.20,0.00,34032.0,95830.0,61320.0,84.0,15.5,0.5,35.5,205.544,0.341,0.3,6612533.5
2026-09-09T03:20:12,18.0,36817,1547350,1499094,2.4,0.00,0.79,0.00,3.17,0.00,0.00,0.00,34032.0,95830.0,61320.0,72.0,15.0,0.5,35.0,190.639,0.348,0.3,6732731.0
2026-09-09T03:20:16,11.7,36826,1547350,1499085,2.4,0.00,1.74,0.00,6.96,0.00,0.00,0.00,34032.0,95830.0,61320.0,69.0,26.5,0.5,50.0,199.100,0.355,0.3,6667417.5
2026-09-09T03:20:20,5.5,36833,1547350,1499078,2.4,0.00,1.02,0.00,4.07,0.00,0.00,0.00,34034.0,95830.0,61318.0,71.0,16.5,0.5,36.0,206.869,0.356,0.3,6241897.5
2026-09-09T03:20:23,4.2,36850,1547350,1499061,2.4,0.00,1.70,0.00,16.42,0.00,0.17,0.00,34034.0,95830.0,61318.0,68.0,15.5,0.5,36.0,208.874,0.352,0.3,6226562.5
2026-09-09T03:20:28,4.3,36866,1547350,1499045,2.4,0.00,0.90,0.00,3.61,0.00,0.00,0.00,34034.0,95830.0,61318.0,68.0,21.0,0.5,49.0,207.499,0.376,0.4,5604471.0
2026-09-09T03:20:31,4.3,36896,1547350,1499015,2.4,0.00,1.23,0.00,4.94,0.00,0.00,0.00,34036.0,95830.0,61316.0,78.0,19.5,0.5,43.0,214.957,0.362,0.3,6258900.5
2026-09-09T03:20:35,5.9,36869,1547350,1499042,2.4,0.00,0.72,0.00,11.57,0.00,0.00,0.00,34036.0,95830.0,61316.0,72.0,15.0,0.5,36.0,186.986,0.340,0.3,6710534.5
2026-09-09T03:20:38,11.9,36843,1547350,1499068,2.4,0.00,1.21,0.00,6.05,0.00,0.00,0.00,34036.0,95830.0,61316.0,77.0,15.0,0.5,36.5,205.248,0.351,0.3,6216065.0
2026-09-09T03:20:42,18.2,36843,1547350,1499068,2.4,0.00,0.59,0.00,2.35,0.00,0.50,0.00,34038.0,95830.0,61314.0,69.0,4.0,0.5,11.0,186.395,0.325,0.3,6915214.5
2026-09-09T03:20:45,19.0,36845,1547350,1499066,2.4,0.00,1.45,0.00,5.80,0.00,0.00,0.00,34038.0,95830.0,61314.0,87.0,15.0,0.5,35.5,205.645,0.372,0.3,5827832.0
2026-09-09T03:20:49,13.2,36835,1547350,1499076,2.4,0.00,0.99,0.00,4.94,0.00,0.00,0.00,34040.0,95830.0,61312.0,79.0,18.5,0.5,44.0,208.891,0.349,0.3,6160004.5
2026-09-09T03:20:53,11.6,36842,1547350,1499069,2.4,0.00,0.53,0.00,2.10,0.00,0.00,0.00,34040.0,95830.0,61312.0,76.0,14.5,0.5,34.0,205.719,0.339,0.3,6294454.0
2026-09-09T03:20:56,5.9,36853,1547350,1499058,2.4,0.00,9.34,0.00,68.00,0.00,0.10,0.00,34040.0,95830.0,61312.0,59.0,14.5,0.5,36.0,196.468,0.363,0.3,6763711.0
2026-09-09T03:20:59,4.2,36872,1547350,1499039,2.4,0.00,1.19,0.00,4.75,0.00,0.00,0.00,34040.0,95830.0,61312.0,100.0,16.5,0.5,39.5,204.753,0.373,0.3,5597703.0
2026-09-09T03:21:04,4.2,36886,1547350,1499025,2.4,0.00,2.46,0.00,9.84,0.00,0.09,0.00,34042.0,95830.0,61310.0,73.0,17.0,0.5,36.0,195.844,0.341,0.3,6449804.0
2026-09-09T03:21:09,4.5,36880,1547350,1499031,2.4,0.00,0.42,0.00,1.69,0.00,0.00,0.00,34042.0,95830.0,61310.0,72.0,16.5,0.5,35.5,202.286,0.352,0.3,6669760.0
2026-09-09T03:21:13,11.7,37357,1547350,1498554,2.4,0.00,1.56,0.00,6.22,0.00,0.14,0.00,34044.0,95830.0,61308.0,70.0,13.5,0.5,33.5,199.388,0.346,0.3,6564454.0
2026-09-09T03:21:18,14.1,36860,1547350,1499051,2.4,0.00,0.83,0.00,3.31,0.00,0.00,0.00,34044.0,95830.0,61308.0,56.0,15.0,0.5,35.0,198.089,0.355,0.3,6578963.5
2026-09-09T03:21:22,16.4,36847,1547350,1499065,2.4,0.00,0.97,0.00,3.88,0.00,0.00,0.00,34044.0,95830.0,61308.0,24.0,15.0,0.5,34.0,200.320,0.351,0.3,5501645.0
2026-09-09T03:21:26,11.5,36856,1547350,1499055,2.4,0.00,1.15,0.00,7.96,0.00,0.20,0.00,34046.0,95830.0,61306.0,62.0,14.0,0.5,34.0,195.425,0.336,0.3,5820187.0
2026-09-09T03:21:31,11.7,36863,1547350,1499048,2.4,0.00,0.90,0.00,3.60,0.00,0.00,0.00,34046.0,95830.0,61306.0,74.0,4.0,0.5,11.0,192.139,0.328,0.3,6837843.0
2026-09-09T03:21:35,4.9,36884,1547350,1499027,2.4,0.00,0.97,0.00,3.89,0.00,0.00,0.00,34046.0,95830.0,61306.0,72.0,19.0,0.5,45.5,193.568,0.363,0.3,5749491.5
2026-09-09T03:21:41,4.2,37479,1547350,1498432,2.4,0.00,0.91,0.00,3.63,0.00,0.00,0.00,34048.0,95830.0,61304.0,74.0,18.0,0.5,41.0,205.463,0.353,0.3,7084480.0
2026-09-09T03:21:45,7.9,36894,1547350,1499018,2.4,0.00,1.33,0.00,7.96,0.00,0.17,0.02,34048.0,95830.0,61304.0,70.0,14.5,0.5,34.5,194.597,0.317,0.3,5706838.0
2026-09-09T03:21:50,13.2,41696,1547350,1494215,2.7,0.00,0.40,0.00,1.62,0.00,0.00,0.00,34048.0,95830.0,61304.0,73.0,0.0,0.5,0.0,104.535,0.266,0.2,5002962.5
2026-09-09T03:21:53,11.5,41796,1547350,1494115,2.7,0.00,6.57,0.00,53.89,0.00,0.10,0.00,34050.0,95830.0,61302.0,73.0,8.5,0.5,23.0,195.742,0.247,0.2,4683588.0
2026-09-09T03:21:58,13.5,41826,1547350,1494085,2.7,0.00,0.77,0.00,3.07,0.00,0.00,0.00,34050.0,95830.0,61302.0,71.0,15.5,0.5,36.5,206.992,0.341,0.3,6259094.0
2026-09-09T03:22:01,12.8,41858,1547350,1494053,2.7,0.00,0.73,0.00,2.93,0.00,0.00,0.00,34050.0,95830.0,61302.0,77.0,17.0,0.5,35.5,178.947,0.333,0.3,6608916.0
2026-09-09T03:22:04,12.7,41894,1547350,1494017,2.7,0.00,2.89,0.00,11.55,0.00,0.10,0.00,34052.0,95830.0,61300.0,100.0,14.0,0.5,34.0,215.148,0.354,0.3,6370678.0
2026-09-09T03:22:08,12.7,42031,1547350,1493880,2.7,0.00,0.58,0.00,2.31,0.00,0.00,0.00,34052.0,95830.0,61300.0,72.0,17.0,0.5,36.5,208.603,0.356,0.3,6207942.5
2026-09-09T03:22:11,12.3,42037,1547350,1493874,2.7,0.00,1.38,0.00,5.50,0.00,0.00,0.00,34052.0,95830.0,61300.0,68.0,13.5,0.5,33.5,205.886,0.368,0.3,6094825.5
2026-09-09T03:22:14,12.5,42049,1547350,1493863,2.7,0.00,0.62,0.00,2.48,0.00,0.00,0.00,34054.0,95830.0,61298.0,92.0,17.5,0.5,45.0,210.648,0.370,0.3,6286720.5
2026-09-09T03:22:18,12.6,42027,1547350,1493885,2.7,0.00,2.30,0.00,20.73,0.00,0.12,0.03,34054.0,95830.0,61298.0,66.0,15.5,0.5,36.0,210.847,0.360,0.3,6191763.5
2026-09-09T03:22:21,11.5,42056,1547350,1493855,2.7,0.00,1.19,0.00,4.77,0.00,0.00,0.00,34054.0,95830.0,61298.0,94.0,15.5,0.5,35.5,199.939,0.360,0.3,6188720.0
2026-09-09T03:22:25,12.9,42069,1547350,1493842,2.7,0.00,1.01,0.00,6.80,0.00,0.25,0.00,34056.0,95830.0,61296.0,26.0,17.0,0.5,39.0,195.002,0.338,0.3,6224134.0
2026-09-09T03:22:29,12.7,42036,1547350,1493875,2.7,0.00,0.94,0.00,3.77,0.00,0.00,0.00,34056.0,95830.0,61296.0,100.0,15.5,0.5,36.0,205.256,0.356,0.3,6128811.5
2026-09-09T03:22:34,12.5,42047,1547350,1493864,2.7,0.00,0.85,0.00,3.41,0.00,0.00,0.00,34056.0,95830.0,61296.0,71.0,2.5,0.5,8.0,189.767,0.341,0.3,6667438.5
2026-09-09T03:22:37,13.0,42059,1547350,1493852,2.7,0.00,0.65,0.00,2.61,0.00,0.00,0.00,34058.0,95830.0,61294.0,81.0,14.5,0.5,34.0,198.583,0.359,0.3,5970338.0
2026-09-09T03:22:40,12.6,42075,1547350,1493836,2.7,0.00,1.14,0.00,4.56,0.00,0.00,0.00,34058.0,95830.0,61294.0,69.0,22.5,0.5,43.5,195.213,0.342,0.3,6876311.0
2026-09-09T03:22:45,12.7,42083,1547350,1493829,2.7,0.00,1.33,0.00,7.11,0.00,0.17,0.02,34058.0,95830.0,61294.0,16.0,16.0,0.5,36.5,219.551,0.344,0.3,6926558.5
2026-09-09T03:22:47,7.8,42096,1547350,1493815,2.7,0.00,1.33,0.00,8.88,0.00,0.00,0.00,34060.0,95830.0,61292.0,72.0,16.5,0.5,37.5,214.226,0.367,0.3,6172222.5
2026-09-09T03:22:50,5.3,42110,1547350,1493801,2.7,0.00,1.64,0.00,6.55,0.00,0.00,0.00,34060.0,95830.0,61292.0,72.0,16.5,0.5,37.0,202.939,0.368,0.3,6075095.0
2026-09-09T03:22:53,5.5,42108,1547350,1493804,2.7,0.00,0.65,0.00,2.60,0.00,0.00,0.00,34060.0,95830.0,61292.0,72.0,16.0,0.5,34.5,207.129,0.363,0.3,6513231.0
2026-09-09T03:22:56,11.9,42118,1547350,1493793,2.7,0.00,5.84,0.00,53.40,0.00,0.12,0.00,34062.0,95830.0,61290.0,46.0,22.0,0.5,47.0,204.725,0.362,0.3,6512524.5
2026-09-09T03:22:59,12.6,42129,1547350,1493782,2.7,0.00,1.15,0.00,13.79,0.00,0.00,0.00,34062.0,95830.0,61290.0,69.0,12.5,0.5,30.5,201.392,0.338,0.3,6170082.0
2026-09-09T03:23:02,12.7,42148,1547350,1493764,2.7,0.00,2.94,0.00,11.77,0.00,0.10,0.00,34062.0,95830.0,61290.0,99.0,12.5,0.5,27.5,195.784,0.353,0.3,6261262.0
2026-09-09T03:23:06,10.9,42600,1547350,1493311,2.8,0.00,1.17,0.00,4.66,0.00,0.00,0.00,34062.0,95830.0,61290.0,75.0,16.5,0.5,36.5,201.428,0.354,0.3,6122861.5
2026-09-09T03:23:09,7.3,43160,1547350,1492751,2.8,0.00,0.63,0.00,2.53,0.00,0.00,0.00,34064.0,95830.0,61288.0,18.0,15.5,0.5,35.5,211.431,0.301,0.3,5145858.5
2026-09-09T03:23:13,12.3,42212,1547350,1493699,2.7,0.00,1.38,0.00,5.52,0.00,0.17,0.00,34064.0,95830.0,61288.0,71.0,15.5,0.5,32.0,202.037,0.349,0.3,6351480.0
2026-09-09T03:23:16,12.8,42353,1547350,1493558,2.7,0.00,0.73,0.00,2.90,0.00,0.00,0.00,34064.0,95830.0,61288.0,66.0,15.0,0.5,34.5,198.429,0.350,0.3,6529709.5
2026-09-09T03:23:23,12.3,46133,1547350,1489779,3.0,0.00,0.77,0.00,3.08,0.00,0.00,0.00,34066.0,95830.0,61286.0,69.0,13.5,0.5,33.0,206.832,0.353,0.3,5918815.0
2026-09-09T03:23:25,2.8,42117,1547350,1493794,2.7,0.00,21.87,0.00,134.89,0.00,0.08,0.00,34078.0,95830.0,61274.0,76.0,16.5,0.5,36.0,197.567,0.000,0.0,0.0
2026-09-09T03:24:41,26.2,42121,1547350,1493790,2.7,0.00,0.03,0.00,0.11,0.00,0.00,0.00,34080.0,95830.0,61272.0,64.0,17.5,0.5,40.0,154.547,0.000,0.0,0.0
2026-09-09T03:24:43,30.8,42121,1547350,1493790,2.7,0.00,1.64,0.00,8.19,0.00,0.00,0.00,34080.0,95830.0,61272.0,86.0,21.0,0.5,50.0,191.918,0.293,0.3,5287783.0
2026-09-09T03:24:46,28.0,42124,1547350,1493787,2.7,0.00,0.66,0.00,2.63,0.00,0.00,0.00,34080.0,95830.0,61272.0,67.0,13.0,0.5,27.5,165.452,0.309,0.3,5510410.0
2026-09-09T03:24:49,28.4,42125,1547350,1493786,2.7,0.00,1.39,0.00,5.56,0.00,0.25,0.00,34080.0,95830.0,61272.0,89.0,17.0,0.5,35.0,201.678,0.357,0.3,5472173.5
2026-09-09T03:24:51,17.9,42114,1547350,1493798,2.7,0.00,1.30,0.00,5.21,0.00,0.00,0.00,34082.0,95830.0,61270.0,66.0,16.0,0.5,37.0,213.515,0.380,0.4,5421685.0
2026-09-09T03:24:54,13.0,42127,1547350,1493784,2.7,0.00,1.49,0.00,7.43,0.00,0.00,0.00,34082.0,95830.0,61270.0,55.0,16.5,0.5,37.0,213.437,0.309,0.3,5631260.5
2026-09-09T03:24:57,5.4,42135,1547350,1493777,2.7,0.00,4.92,0.00,48.21,0.00,0.07,0.00,34082.0,95830.0,61270.0,86.0,14.5,0.5,36.0,211.808,0.364,0.3,6243609.0
2026-09-09T03:24:59,5.4,42148,1547350,1493763,2.7,0.00,2.73,0.00,10.93,0.00,0.20,0.05,34082.0,95830.0,61270.0,52.0,16.0,0.5,37.0,203.400,0.353,0.3,6429994.0
2026-09-09T03:25:01,5.5,42167,1547350,1493744,2.7,0.00,1.18,0.00,7.87,0.00,0.00,0.00,34082.0,95830.0,61270.0,86.0,13.5,0.5,33.0,206.745,0.354,0.3,6583459.5
2026-09-09T03:25:04,5.4,42183,1547350,1493728,2.7,0.00,0.92,0.00,3.67,0.00,0.00,0.00,34084.0,95830.0,61268.0,69.0,7.5,0.5,16.0,195.923,0.343,0.3,6403278.0
2026-09-09T03:25:06,5.3,42196,1547350,1493716,2.7,0.00,3.69,0.00,14.74,0.00,0.10,0.00,34084.0,95830.0,61268.0,84.0,15.0,0.5,35.5,203.351,0.386,0.4,5898577.5
2026-09-09T03:25:09,5.4,42207,1547350,1493704,2.7,0.00,0.92,0.00,3.67,0.00,0.00,0.00,34084.0,95830.0,61268.0,76.0,14.0,0.5,34.5,210.594,0.354,0.3,6147828.0
2026-09-09T03:25:12,5.3,42313,1547350,1493598,2.7,0.00,2.34,0.00,21.40,0.00,0.00,0.00,34084.0,95830.0,61268.0,70.0,14.0,0.5,33.0,199.846,0.334,0.3,6463666.5
2026-09-09T03:25:14,8.1,42678,1547350,1493233,2.8,0.00,0.69,0.00,2.77,0.00,0.50,0.00,34086.0,95830.0,61266.0,48.0,16.0,0.5,35.5,193.490,0.346,0.3,6248259.5
2026-09-09T03:25:17,15.6,42189,1547350,1493723,2.7,0.00,1.66,0.00,6.63,0.00,0.00,0.04,34086.0,95830.0,61266.0,87.0,21.0,0.5,50.0,198.308,0.366,0.3,6230613.0
2026-09-09T03:25:19,19.7,42194,1547350,1493717,2.7,0.00,0.90,0.00,3.61,0.00,0.00,0.05,34086.0,95830.0,61266.0,21.0,17.5,0.5,41.0,204.709,0.365,0.3,5929196.5
2026-09-09T03:25:22,19.9,42199,1547350,1493713,2.7,0.00,1.27,0.00,5.07,0.00,0.00,0.00,34086.0,95830.0,61266.0,80.0,16.0,0.5,35.5,202.788,0.361,0.3,6158220.0
2026-09-09T03:25:25,19.9,42191,1547350,1493720,2.7,0.00,1.46,0.00,10.43,0.00,0.00,0.00,34088.0,95830.0,61264.0,89.0,13.0,0.5,30.0,189.046,0.329,0.3,5871183.5
2026-09-09T03:25:28,14.0,42196,1547350,1493715,2.7,0.00,1.33,0.00,5.32,0.00,0.00,0.00,34088.0,95830.0,61264.0,74.0,20.0,0.5,40.5,198.750,0.364,0.3,6549166.0
2026-09-09T03:25:30,12.5,42206,1547350,1493705,2.7,0.00,0.85,0.00,3.39,0.00,0.00,0.00,34088.0,95830.0,61264.0,100.0,16.5,0.5,36.5,204.853,0.394,0.4,6018322.5
2026-09-09T03:25:33,7.4,42218,1547350,1493694,2.7,0.00,2.02,0.00,8.06,0.00,0.17,0.03,34090.0,95830.0,61262.0,88.0,19.0,0.5,47.5,212.521,0.349,0.3,6206622.0
2026-09-09T03:25:38,5.4,42343,1547350,1493569,2.7,0.00,0.88,0.00,3.54,0.00,0.00,0.02,34090.0,95830.0,61262.0,82.0,15.0,0.5,34.5,193.909,0.364,0.3,6358102.5
2026-09-09T03:25:41,5.4,42340,1547350,1493572,2.7,0.00,1.00,0.00,6.64,0.00,0.00,0.00,34090.0,95830.0,61262.0,80.0,16.5,0.5,36.0,210.543,0.359,0.3,6205415.5
2026-09-09T03:25:44,5.2,42455,1547350,1493457,2.7,0.00,1.46,0.00,7.28,0.00,0.00,0.04,34092.0,95830.0,61260.0,56.0,14.5,0.5,36.0,203.369,0.365,0.3,6091282.5
2026-09-09T03:25:48,7.1,42141,1547350,1493771,2.7,0.00,0.82,0.00,3.27,0.00,0.00,0.00,34092.0,95830.0,61260.0,92.0,0.0,0.5,0.0,185.018,0.349,0.3,5914982.0
2026-09-09T03:25:53,12.2,48312,1547350,1487599,3.1,0.00,0.72,0.00,11.46,0.00,0.33,0.00,34092.0,95830.0,61260.0,72.0,16.5,0.5,35.0,202.029,0.354,0.3,6549695.0
2026-09-09T03:25:56,5.4,42182,1547350,1493730,2.7,0.00,28.50,0.00,192.21,0.00,0.09,0.00,34104.0,95830.0,61248.0,57.0,17.0,0.5,39.0,207.238,0.000,0.0,0.0
2026-09-09T03:27:10,26.0,42184,1547350,1493727,2.7,0.00,0.05,0.00,0.21,0.00,0.00,0.00,34106.0,95830.0,61246.0,45.0,15.0,0.5,35.5,210.148,0.000,0.0,0.0
2026-09-09T03:27:12,27.3,42185,1547350,1493727,2.7,0.00,1.00,0.00,4.00,0.00,0.00,0.00,34106.0,95830.0,61246.0,71.0,15.0,0.5,36.5,201.262,0.350,0.3,6468069.5
2026-09-09T03:27:15,27.4,42186,1547350,1493725,2.7,0.00,2.52,0.00,23.02,0.00,0.14,0.00,34106.0,95830.0,61246.0,71.0,15.5,0.5,36.0,207.268,0.340,0.3,6032393.5
2026-09-09T03:27:17,27.3,42188,1547350,1493724,2.7,0.00,0.84,0.00,3.38,0.00,0.00,0.00,34106.0,95830.0,61246.0,67.0,15.0,0.5,35.0,204.365,0.379,0.4,5696961.5
2026-09-09T03:27:20,22.1,42173,1547350,1493738,2.7,0.00,1.26,0.00,5.04,0.00,0.00,0.00,34106.0,95830.0,61246.0,59.0,16.0,0.5,35.0,207.740,0.329,0.3,6097692.0
2026-09-09T03:27:23,13.0,42179,1547350,1493733,2.7,0.00,0.92,0.00,3.67,0.00,0.00,0.00,34108.0,95830.0,61244.0,58.0,25.5,0.5,50.0,206.964,0.348,0.3,7028926.5
2026-09-09T03:27:24,6.7,42190,1547350,1493722,2.7,0.00,1.54,0.00,10.30,0.00,0.00,0.00,34108.0,95830.0,61244.0,87.0,5.5,0.5,16.5,198.409,0.367,0.3,6285328.0
2026-09-09T03:27:27,5.2,42203,1547350,1493708,2.7,0.00,2.74,0.00,16.25,0.00,0.12,0.00,34108.0,95830.0,61244.0,68.0,15.5,0.5,36.5,199.989,0.346,0.3,6648826.0
2026-09-09T03:27:30,5.3,42218,1547350,1493694,2.7,0.00,0.89,0.00,3.57,0.00,0.00,0.00,34110.0,95830.0,61242.0,100.0,16.5,0.5,36.0,209.985,0.373,0.4,5449254.0
2026-09-09T03:27:32,5.4,42231,1547350,1493681,2.7,0.00,1.64,0.00,6.55,0.00,0.00,0.00,34110.0,95830.0,61242.0,72.0,16.0,0.5,39.5,200.302,0.336,0.3,5382852.0
2026-09-09T03:27:34,5.4,42244,1547350,1493668,2.7,0.00,1.27,0.00,20.25,0.00,0.00,0.00,34110.0,95830.0,61242.0,100.0,16.0,0.5,35.0,215.313,0.353,0.3,6294790.0
2026-09-09T03:27:37,5.3,42258,1547350,1493653,2.7,0.00,1.69,0.00,6.75,0.00,0.00,0.00,34110.0,95830.0,61242.0,66.0,17.5,0.5,39.5,205.322,0.360,0.3,5973113.5
2026-09-09T03:27:40,5.3,42752,1547350,1493160,2.8,0.00,0.59,0.00,2.37,0.00,0.00,0.00,34112.0,95830.0,61240.0,71.0,16.5,0.5,36.5,205.721,0.355,0.3,6064569.5
2026-09-09T03:27:43,6.4,42731,1547350,1493180,2.8,0.00,1.46,0.00,7.32,0.00,0.25,0.00,34112.0,95830.0,61240.0,74.0,11.5,0.5,23.5,203.262,0.369,0.3,6388528.0
2026-09-09T03:27:46,14.9,42370,1547350,1493541,2.7,0.00,0.66,0.00,2.65,0.00,0.00,0.03,34112.0,95830.0,61240.0,12.0,14.5,0.5,33.5,192.806,0.367,0.3,5945958.0
2026-09-09T03:27:49,19.8,42374,1547350,1493537,2.7,0.00,1.37,0.00,5.47,0.00,0.00,0.00,34112.0,95830.0,61240.0,55.0,14.5,0.5,35.0,219.833,0.347,0.3,5694436.5
2026-09-09T03:27:52,19.9,42390,1547350,1493522,2.7,0.00,0.63,0.00,2.53,0.00,0.00,0.00,34114.0,95830.0,61238.0,64.0,14.0,0.5,32.5,210.270,0.347,0.3,6175825.5
2026-09-09T03:27:55,20.0,42376,1547350,1493536,2.7,0.00,1.90,0.00,10.63,0.00,0.00,0.00,34114.0,95830.0,61238.0,68.0,9.0,0.5,15.5,181.735,0.342,0.3,6082521.0
2026-09-09T03:27:57,12.8,42387,1547350,1493525,2.7,0.00,6.83,0.00,59.29,0.00,0.11,0.00,34114.0,95830.0,61238.0,49.0,15.5,0.5,34.5,209.166,0.357,0.3,6154469.0
2026-09-09T03:28:01,11.7,42402,1547350,1493509,2.7,0.00,1.61,0.00,6.42,0.00,0.00,0.00,34114.0,95830.0,61238.0,66.0,18.5,0.5,43.5,206.460,0.361,0.3,5906034.5
2026-09-09T03:28:03,5.3,42414,1547350,1493498,2.7,0.00,0.71,0.00,2.86,0.00,0.00,0.00,34116.0,95830.0,61236.0,65.0,21.5,0.5,46.5,206.240,0.369,0.3,6224421.0
2026-09-09T03:28:07,5.2,42427,1547350,1493484,2.7,0.00,3.19,0.00,16.60,0.00,0.20,0.00,34116.0,95830.0,61236.0,67.0,15.0,0.5,35.0,207.198,0.374,0.3,5817615.5
2026-09-09T03:28:09,5.2,43576,1547350,1492335,2.8,0.00,1.38,0.00,5.53,0.00,0.00,0.00,34116.0,95830.0,61236.0,75.0,15.0,0.5,31.5,203.676,0.355,0.3,6224118.0
2026-09-09T03:28:13,5.4,42526,1547350,1493386,2.7,0.00,0.60,0.00,2.41,0.00,0.00,0.00,34116.0,95830.0,61236.0,41.0,16.0,0.5,37.5,203.761,0.362,0.3,6221413.5
2026-09-09T03:28:16,5.0,42308,1547350,1493603,2.7,0.00,1.63,0.00,6.52,0.00,0.00,0.00,34118.0,95830.0,61234.0,27.0,14.0,0.5,36.0,202.595,0.361,0.3,6187232.5
2026-09-09T03:28:22,11.8,44864,1547350,1491047,2.9,0.00,0.71,0.00,2.83,0.00,0.25,0.00,34118.0,95830.0,61234.0,53.0,21.5,0.5,50.0,209.149,0.399,0.4,5162565.5
2026-09-09T03:28:25,5.4,42350,1547350,1493562,2.7,0.00,23.68,0.00,155.44,0.00,0.07,0.00,34132.0,95830.0,61220.0,65.0,18.0,0.5,36.5,199.732,0.000,0.0,0.0
2026-09-09T03:29:40,26.4,42351,1547350,1493561,2.7,0.00,0.03,0.00,0.11,0.00,0.00,0.00,34132.0,95830.0,61220.0,61.0,17.0,0.5,35.0,205.757,0.000,0.0,0.0
2026-09-09T03:29:43,27.2,42352,1547350,1493560,2.7,0.00,1.65,0.00,8.25,0.00,0.00,0.00,34132.0,95830.0,61220.0,65.0,15.5,0.5,36.5,212.136,0.356,0.3,6115320.5
2026-09-09T03:29:46,27.2,42353,1547350,1493558,2.7,0.00,0.64,0.00,2.55,0.00,0.00,0.00,34134.0,95830.0,61218.0,70.0,7.0,0.5,20.5,186.413,0.305,0.3,6319033.5
2026-09-09T03:29:48,25.5,42353,1547350,1493558,2.7,0.00,2.28,0.00,12.14,0.00,0.17,0.00,34134.0,95830.0,61218.0,73.0,12.5,0.5,3.5,188.532,0.318,0.3,6854085.5
2026-09-09T03:29:51,17.1,42348,1547350,1493564,2.7,0.00,0.74,0.00,2.95,0.00,0.00,0.00,34134.0,95830.0,61218.0,71.0,17.0,0.5,41.0,203.842,0.371,0.3,5964556.5
2026-09-09T03:29:54,10.1,42353,1547350,1493559,2.7,0.00,1.65,0.00,6.61,0.00,0.00,0.04,34134.0,95830.0,61218.0,71.0,16.5,0.5,35.0,210.950,0.357,0.3,6255644.0
2026-09-09T03:29:56,5.3,42364,1547350,1493548,2.7,0.00,0.96,0.00,3.84,0.00,0.00,0.00,34136.0,95830.0,61216.0,100.0,17.5,0.5,36.0,189.261,0.334,0.3,5932934.5
2026-09-09T03:29:58,6.4,42372,1547350,1493539,2.7,0.00,7.06,0.00,64.36,0.00,0.06,0.00,34136.0,95830.0,61216.0,73.0,15.5,0.5,37.0,206.459,0.336,0.3,6379069.5
2026-09-09T03:30:00,5.5,42387,1547350,1493524,2.7,0.00,1.01,0.00,4.04,0.00,0.50,0.00,34136.0,95830.0,61216.0,85.0,14.0,0.5,30.5,213.671,0.371,0.3,5891237.0
2026-09-09T03:30:03,5.3,42400,1547350,1493512,2.7,0.00,3.94,0.00,15.75,0.00,0.00,0.00,34136.0,95830.0,61216.0,81.0,20.5,0.5,48.5,209.527,0.359,0.3,6394002.5
2026-09-09T03:30:06,5.3,42411,1547350,1493501,2.7,0.00,0.71,0.00,2.84,0.00,0.00,0.00,34136.0,95830.0,61216.0,70.0,21.5,0.5,49.0,204.668,0.361,0.3,6243673.5
2026-09-09T03:30:08,5.4,42422,1547350,1493489,2.7,0.00,0.77,0.00,3.07,0.00,0.50,0.00,34138.0,95830.0,61214.0,100.0,14.5,0.5,35.0,217.111,0.349,0.3,6152179.0
2026-09-09T03:30:10,5.6,43011,1547350,1492901,2.8,0.00,1.74,0.00,6.95,0.00,0.00,0.00,34138.0,95830.0,61214.0,65.0,20.5,0.5,37.5,196.758,0.369,0.3,5882682.5
2026-09-09T03:30:14,7.8,42478,1547350,1493434,2.7,0.00,0.64,0.00,2.56,0.00,0.00,0.00,34138.0,95830.0,61214.0,96.0,17.5,0.5,36.0,203.649,0.360,0.3,7033417.5
2026-09-09T03:30:16,16.2,42423,1547350,1493488,2.7,0.00,2.17,0.00,10.12,0.00,0.00,0.00,34138.0,95830.0,61214.0,71.0,17.0,0.5,38.5,208.082,0.342,0.3,6246221.0
2026-09-09T03:30:19,20.1,42431,1547350,1493481,2.7,0.00,1.40,0.00,5.58,0.00,0.00,0.00,34138.0,95830.0,61214.0,73.0,5.5,0.5,13.5,174.250,0.349,0.3,6117431.0
2026-09-09T03:30:22,19.7,42439,1547350,1493472,2.7,0.00,0.69,0.00,2.77,0.00,0.50,0.00,34138.0,95830.0,61214.0,0.0,6.5,0.5,12.5,109.049,0.025,0.0,1047064.5
2026-09-09T03:30:25,18.6,42428,1547350,1493483,2.7,0.00,1.34,0.00,5.34,0.00,0.00,0.00,34140.0,95830.0,61212.0,100.0,14.0,0.5,32.5,205.680,0.305,0.3,6190560.0
2026-09-09T03:30:28,12.6,42437,1547350,1493474,2.7,0.00,1.93,0.00,27.76,0.00,0.00,0.00,34140.0,95830.0,61212.0,66.0,15.0,0.5,37.0,205.703,0.361,0.3,6145553.0
2026-09-09T03:30:31,10.5,42446,1547350,1493466,2.7,0.00,1.52,0.00,6.08,0.00,0.00,0.00,34140.0,95830.0,61212.0,70.0,12.0,0.5,25.5,194.825,0.364,0.3,6122665.0
2026-09-09T03:30:35,5.2,42458,1547350,1493453,2.7,0.00,0.56,0.00,2.26,0.00,0.00,0.00,34140.0,95830.0,61212.0,74.0,16.5,0.5,36.0,204.571,0.351,0.3,6753111.5
2026-09-09T03:30:38,5.5,42576,1547350,1493335,2.8,0.00,1.29,0.00,6.44,0.00,0.25,0.00,34142.0,95830.0,61210.0,85.0,14.0,0.5,32.0,186.437,0.366,0.3,6049538.0
2026-09-09T03:30:41,6.0,42597,1547350,1493314,2.8,0.00,0.53,0.00,2.12,0.00,0.00,0.03,34142.0,95830.0,61210.0,65.0,15.5,0.5,36.0,209.419,0.339,0.3,6054978.0
2026-09-09T03:30:45,5.3,42941,1547350,1492971,2.8,0.00,1.16,0.00,4.64,0.00,0.00,0.03,34142.0,95830.0,61210.0,72.0,16.5,0.5,42.5,207.452,0.359,0.3,5889696.5
2026-09-09T03:30:51,8.3,42774,1547350,1493138,2.8,0.00,0.71,0.00,2.82,0.00,0.00,0.00,34144.0,95830.0,61208.0,37.0,25.5,0.5,50.0,193.984,0.342,0.3,6733970.0
2026-09-09T03:30:53,13.6,48473,1547350,1487438,3.1,0.00,0.84,0.00,3.34,0.00,0.00,0.00,34144.0,95830.0,61208.0,73.0,15.0,0.5,33.0,209.681,0.371,0.4,5834194.5
2026-09-09T03:32:08,5.4,42424,1547350,1493487,2.7,0.00,1.08,0.00,7.21,0.00,0.09,0.00,34158.0,95830.0,61194.0,71.0,15.5,0.5,36.5,201.807,0.000,0.0,0.0
2026-09-09T03:32:10,27.5,42425,1547350,1493486,2.7,0.00,1.19,0.00,4.75,0.00,0.00,0.00,34158.0,95830.0,61194.0,73.0,8.0,0.5,23.0,191.642,0.000,0.0,0.0
2026-09-09T03:32:12,27.2,42428,1547350,1493484,2.7,0.00,1.88,0.00,7.50,0.00,0.00,0.00,34158.0,95830.0,61194.0,61.0,14.0,0.5,33.5,204.539,0.350,0.3,5609594.0
2026-09-09T03:32:14,27.3,42429,1547350,1493482,2.7,0.00,0.92,0.00,3.67,0.00,0.00,0.00,34158.0,95830.0,61194.0,57.0,14.5,0.5,39.0,215.364,0.346,0.3,6512809.0
2026-09-09T03:32:17,27.2,42431,1547350,1493480,2.7,0.00,2.37,0.00,9.47,0.00,0.00,0.00,34160.0,95830.0,61192.0,69.0,19.5,0.5,47.0,208.397,0.368,0.3,6072537.0
2026-09-09T03:32:19,22.8,42433,1547350,1493478,2.7,0.00,0.90,0.00,3.58,0.00,0.00,0.00,34160.0,95830.0,61192.0,58.0,17.5,0.5,42.0,202.081,0.337,0.3,6208269.5
2026-09-09T03:32:21,15.2,42426,1547350,1493486,2.7,0.00,1.77,0.00,8.86,0.00,0.25,0.00,34160.0,95830.0,61192.0,69.0,9.0,0.5,23.0,198.226,0.380,0.4,5662166.5
2026-09-09T03:32:23,8.2,42429,1547350,1493483,2.7,0.00,0.87,0.00,3.48,0.00,0.00,0.00,34160.0,95830.0,61192.0,72.0,14.0,0.5,34.5,195.607,0.368,0.3,6600582.0
2026-09-09T03:32:25,5.4,42439,1547350,1493473,2.7,0.00,2.59,0.00,10.36,0.00,0.00,0.00,34160.0,95830.0,61192.0,66.0,18.0,0.5,41.0,178.577,0.351,0.3,6228810.0
2026-09-09T03:32:28,5.5,42450,1547350,1493462,2.7,0.00,1.63,0.00,11.42,0.00,0.00,0.00,34160.0,95830.0,61192.0,72.0,15.0,0.5,33.0,202.624,0.359,0.3,6152008.0
2026-09-09T03:32:32,5.5,42634,1547350,1493278,2.8,0.00,0.89,0.00,3.55,0.00,0.00,0.00,34162.0,95830.0,61190.0,100.0,18.0,0.5,35.0,202.751,0.349,0.3,6487921.5
2026-09-09T03:32:35,5.9,42999,1547350,1492912,2.8,0.00,0.83,0.00,3.33,0.00,0.00,0.00,34162.0,95830.0,61190.0,74.0,16.0,0.5,38.5,206.690,0.388,0.4,5832157.5
2026-09-09T03:32:37,6.2,43938,1547350,1491974,2.8,0.00,2.19,0.00,10.53,0.00,0.20,0.00,34162.0,95830.0,61190.0,72.0,15.5,0.5,36.5,205.144,0.362,0.3,6156666.0
2026-09-09T03:32:40,6.6,44755,1547350,1491156,2.9,0.00,0.98,0.00,15.60,0.00,0.00,0.00,34162.0,95830.0,61190.0,70.0,21.0,0.5,50.0,205.474,0.362,0.3,6649898.5
2026-09-09T03:32:43,8.5,44239,1547350,1491673,2.9,0.00,1.27,0.00,5.07,0.00,0.00,0.00,34164.0,95830.0,61188.0,62.0,16.5,0.5,36.5,210.007,0.368,0.3,6234385.0
2026-09-09T03:32:46,16.5,44186,1547350,1491726,2.9,0.00,0.74,0.00,2.94,0.00,0.00,0.00,34164.0,95830.0,61188.0,12.0,15.0,0.5,37.0,204.928,0.339,0.3,6269945.5
2026-09-09T03:32:49,20.0,44191,1547350,1491721,2.9,0.00,1.31,0.00,5.24,0.00,0.00,0.00,34164.0,95830.0,61188.0,93.0,14.5,0.5,31.0,204.970,0.338,0.3,6184454.5
2026-09-09T03:32:51,20.1,44197,1547350,1491715,2.9,0.00,0.91,0.00,3.65,0.00,0.00,0.00,34164.0,95830.0,61188.0,69.0,15.5,0.5,37.0,194.531,0.345,0.3,6201842.5
2026-09-09T03:32:54,20.1,44060,1547350,1491852,2.8,0.00,1.43,0.00,5.72,0.00,0.00,0.00,34166.0,95830.0,61186.0,92.0,16.0,0.5,37.0,207.982,0.350,0.3,6572651.5
2026-09-09T03:32:57,13.5,44071,1547350,1491841,2.8,0.00,0.70,0.00,2.81,0.00,0.50,0.00,34166.0,95830.0,61186.0,70.0,18.5,0.5,44.0,208.425,0.335,0.3,6204364.0
2026-09-09T03:33:00,12.5,44082,1547350,1491830,2.8,0.00,6.34,0.00,62.30,0.00,0.06,0.00,34166.0,95830.0,61186.0,75.0,16.5,0.5,36.0,185.495,0.344,0.3,6592773.5
2026-09-09T03:33:03,5.5,44094,1547350,1491817,2.8,0.00,0.70,0.00,2.81,0.00,0.00,0.04,34168.0,95830.0,61184.0,71.0,26.5,0.5,50.0,195.220,0.349,0.3,6159506.0
2026-09-09T03:33:06,5.4,44105,1547350,1491806,2.9,0.00,3.14,0.00,13.83,0.00,0.10,0.00,34168.0,95830.0,61184.0,70.0,16.0,0.5,37.0,199.564,0.359,0.3,6294736.0
2026-09-09T03:33:08,5.4,44974,1547350,1490938,2.9,0.00,0.76,0.00,3.05,0.00,0.00,0.00,34168.0,95830.0,61184.0,64.0,16.5,0.5,37.0,208.462,0.349,0.3,6056635.0
2026-09-09T03:33:11,5.4,44235,1547350,1491676,2.9,0.00,1.58,0.00,6.32,0.00,0.00,0.00,34168.0,95830.0,61184.0,60.0,22.0,0.5,50.0,207.889,0.357,0.3,6640678.0
2026-09-09T03:33:13,5.1,44247,1547350,1491664,2.9,0.00,0.84,0.00,3.37,0.00,0.50,0.00,34170.0,95830.0,61182.0,81.0,15.0,0.5,32.5,194.452,0.367,0.3,5709016.0
2026-09-09T03:33:15,5.2,44284,1547350,1491627,2.9,0.00,3.28,0.00,13.11,0.00,0.00,0.00,34170.0,95830.0,61182.0,70.0,14.5,0.5,36.0,205.276,0.370,0.3,5764465.5
2026-09-09T03:33:18,14.1,43988,1547350,1491924,2.8,0.00,1.20,0.00,4.82,0.00,0.00,0.04,34170.0,95830.0,61182.0,57.0,16.5,0.5,39.5,200.099,0.366,0.3,6139950.5
2026-09-09T03:33:20,20.2,44287,1547350,1491625,2.9,0.00,0.91,0.00,3.64,0.00,0.00,0.00,34170.0,95830.0,61182.0,80.0,5.0,0.5,14.0,193.412,0.359,0.3,7349998.5
2026-09-09T03:33:22,20.1,43989,1547350,1491923,2.8,0.00,2.02,0.00,8.07,0.00,0.00,0.00,34170.0,95830.0,61182.0,81.0,26.5,0.5,50.0,201.905,0.352,0.3,6381909.5
2026-09-09T03:33:24,26.8,43991,1547350,1491921,2.8,0.00,0.83,0.00,3.31,0.00,0.50,0.00,34170.0,95830.0,61182.0,70.0,1.5,0.5,6.5,191.512,0.341,0.3,6396671.0
2026-09-09T03:33:27,22.6,43992,1547350,1491919,2.8,0.00,2.08,0.00,8.32,0.00,0.00,0.00,34172.0,95830.0,61180.0,66.0,13.5,0.5,33.5,204.431,0.369,0.3,5718315.5
2026-09-09T03:33:30,16.1,43984,1547350,1491928,2.8,0.00,4.10,0.00,20.48,0.00,0.08,0.00,34172.0,95830.0,61180.0,70.0,15.5,0.5,36.5,197.637,0.356,0.3,6025645.5
2026-09-09T03:33:35,12.8,43998,1547350,1491913,2.8,0.00,0.88,0.00,3.53,0.00,0.00,0.00,34174.0,95830.0,61178.0,100.0,15.5,0.5,36.5,201.110,0.355,0.3,6254916.5
2026-09-09T03:33:38,10.6,44013,1547350,1491898,2.8,0.00,1.03,0.00,5.15,0.00,0.00,0.00,34174.0,95830.0,61178.0,70.0,12.0,0.5,31.0,189.133,0.349,0.3,6280552.0
2026-09-09T03:33:42,5.3,44027,1547350,1491885,2.8,0.00,0.56,0.00,2.23,0.00,0.00,0.00,34174.0,95830.0,61178.0,58.0,16.5,0.5,36.5,209.007,0.355,0.3,6304758.0
2026-09-09T03:33:45,5.5,44033,1547350,1491879,2.8,0.00,1.46,0.00,5.84,0.00,0.00,0.00,34174.0,95830.0,61178.0,73.0,18.0,0.5,45.0,199.357,0.364,0.3,6774160.0
2026-09-09T03:33:47,5.6,44042,1547350,1491869,2.8,0.00,0.86,0.00,3.43,0.00,0.00,0.00,34174.0,95830.0,61178.0,70.0,13.5,0.5,29.5,201.074,0.350,0.3,6229975.0
2026-09-09T03:33:49,5.4,44515,1547350,1491396,2.9,0.00,0.85,0.00,3.39,0.00,0.00,0.00,34176.0,95830.0,61176.0,67.0,14.5,0.5,34.5,208.208,0.359,0.3,6316084.5
2026-09-09T03:33:53,5.0,44722,1547350,1491190,2.9,0.00,1.67,0.00,6.66,0.00,0.17,0.00,34178.0,95830.0,61174.0,71.0,17.0,0.5,35.5,202.482,0.352,0.3,6411184.5
2026-09-09T03:33:59,5.0,50539,1547350,1485373,3.3,0.00,13.46,0.00,87.99,0.00,0.08,0.00,34190.0,95830.0,61162.0,70.0,15.5,0.5,34.5,186.770,0.000,0.0,0.0
2026-09-09T03:35:18,2.9,44026,1547350,1491886,2.8,0.00,0.05,0.00,0.20,0.00,0.00,0.00,34190.0,95830.0,61162.0,100.0,16.5,0.5,35.5,206.421,0.000,0.0,0.0
2026-09-09T03:35:21,20.1,44028,1547350,1491884,2.8,0.00,0.90,0.00,3.59,0.00,0.50,0.00,34190.0,95830.0,61162.0,66.0,0.5,0.5,3.5,184.468,0.362,0.3,5702562.0
2026-09-09T03:35:22,20.1,44030,1547350,1491882,2.8,0.00,1.93,0.00,7.71,0.00,0.00,0.00,34190.0,95830.0,61162.0,69.0,15.5,0.5,35.5,204.536,0.350,0.3,5470088.0
2026-09-09T03:35:24,19.2,44029,1547350,1491883,2.8,0.00,1.80,0.00,7.20,0.00,0.00,0.00,34192.0,95830.0,61160.0,70.0,17.0,0.5,42.5,202.178,0.341,0.3,6673702.0
2026-09-09T03:35:28,15.4,37209,1547350,1498703,2.4,0.00,2.34,0.00,12.45,0.00,0.11,0.00,34192.0,95830.0,61160.0,100.0,13.5,0.5,30.0,206.378,0.340,0.3,6362647.5
2026-09-09T03:35:31,11.7,37188,1547350,1498724,2.4,0.00,3.43,0.00,43.95,0.00,0.00,0.00,34192.0,95830.0,61160.0,70.0,16.0,0.5,35.5,189.127,0.360,0.3,5955655.5
2026-09-09T03:35:38,5.5,37198,1547350,1498714,2.4,0.00,0.27,0.00,1.09,0.00,0.50,0.00,34192.0,95830.0,61160.0,72.0,21.5,0.5,50.0,198.956,0.350,0.3,6400861.5
2026-09-09T03:35:41,4.6,37962,1547350,1497950,2.5,0.00,1.50,0.00,6.00,0.00,0.00,0.00,34194.0,95830.0,61158.0,38.0,17.0,0.5,37.0,207.276,0.341,0.3,7189181.0
2026-09-09T03:35:45,5.2,42209,1547350,1493703,2.7,0.00,0.99,0.00,3.95,0.00,0.00,0.02,34194.0,95830.0,61158.0,29.0,15.0,0.5,36.0,204.103,0.350,0.3,6353384.0
2026-09-09T03:35:49,5.3,42249,1547350,1493662,2.7,0.00,0.65,0.00,2.61,0.00,0.00,0.00,34194.0,95830.0,61158.0,74.0,15.0,0.5,35.5,196.579,0.349,0.3,6766680.0
2026-09-09T03:35:52,5.5,42503,1547350,1493408,2.7,0.00,1.23,0.00,4.90,0.00,0.00,0.00,34194.0,95830.0,61158.0,70.0,15.5,0.5,36.0,207.012,0.331,0.3,6318094.5
2026-09-09T03:35:55,7.3,42385,1547350,1493526,2.7,0.00,0.93,0.00,3.71,0.00,0.00,0.00,34196.0,95830.0,61156.0,70.0,15.5,0.5,32.0,199.084,0.344,0.3,5992529.0
2026-09-09T03:35:57,13.3,42414,1547350,1493498,2.7,0.00,0.77,0.00,3.07,0.00,0.00,0.00,34196.0,95830.0,61156.0,67.0,16.5,0.5,36.0,217.553,0.348,0.3,6106538.5
2026-09-09T03:36:00,13.0,42453,1547350,1493459,2.7,0.00,11.73,0.00,101.59,0.00,0.13,0.00,34196.0,95830.0,61156.0,49.0,16.0,0.5,36.0,202.831,0.346,0.3,6087507.5
2026-09-09T03:36:03,16.1,42575,1547350,1493337,2.8,0.00,3.57,0.00,14.29,0.00,0.09,0.00,34196.0,95830.0,61156.0,69.0,9.0,0.5,19.0,192.135,0.332,0.3,6749936.5
2026-09-09T03:36:06,20.1,42584,1547350,1493328,2.8,0.00,0.68,0.00,2.70,0.00,0.00,0.00,34198.0,95830.0,61154.0,60.0,20.0,0.5,50.0,199.383,0.353,0.3,6393432.0
2026-09-09T03:36:10,18.6,42589,1547350,1493322,2.8,0.00,1.05,0.00,4.19,0.00,0.25,0.00,34198.0,95830.0,61154.0,72.0,17.0,0.5,41.5,205.215,0.353,0.3,6230701.5
2026-09-09T03:36:13,12.9,42593,1547350,1493318,2.8,0.00,0.59,0.00,2.38,0.00,0.00,0.00,34200.0,95830.0,61152.0,64.0,16.5,0.5,36.5,217.905,0.353,0.3,6888270.0
2026-09-09T03:36:16,5.4,42697,1547350,1493215,2.8,0.00,1.99,0.00,9.28,0.00,0.00,0.00,34200.0,95830.0,61152.0,100.0,17.0,0.5,36.5,206.595,0.341,0.3,6055314.5
2026-09-09T03:36:19,5.6,44100,1547350,1491812,2.9,0.00,0.79,0.00,3.18,0.00,0.00,0.00,34200.0,95830.0,61152.0,70.0,17.0,0.5,36.5,207.526,0.353,0.3,6255978.0
2026-09-09T03:36:21,5.4,42761,1547350,1493151,2.8,0.00,1.54,0.00,6.18,0.00,0.25,0.00,34200.0,95830.0,61152.0,19.0,16.0,0.5,36.0,204.258,0.346,0.3,6514411.5
2026-09-09T03:36:24,6.7,42546,1547350,1493366,2.7,0.00,0.62,0.00,2.47,0.00,0.00,0.00,34202.0,95830.0,61150.0,69.0,11.5,0.5,29.5,196.618,0.353,0.3,6466633.0
2026-09-09T03:36:32,12.1,47872,1547350,1488040,3.1,0.00,1.26,0.00,6.52,0.00,0.00,0.00,34202.0,95830.0,61150.0,70.0,17.5,0.5,39.0,191.615,0.351,0.3,6431717.5
2026-09-09T03:36:34,18.2,42555,1547350,1493357,2.8,0.00,22.13,0.00,146.62,0.00,0.08,0.00,34216.0,95830.0,61136.0,95.0,16.0,0.5,35.5,197.007,0.000,0.0,0.0
2026-09-09T03:37:53,5.5,44441,1547350,1491471,2.9,0.00,0.05,0.00,0.20,0.00,0.00,0.00,34216.0,95830.0,61136.0,62.0,15.0,0.5,35.5,208.761,0.000,0.0,0.0
2026-09-09T03:37:54,20.1,47634,1547350,1488277,3.1,0.00,1.17,0.00,4.69,0.00,0.00,0.00,34218.0,95830.0,61134.0,69.0,15.5,0.5,35.0,208.361,0.351,0.3,6379174.0
2026-09-09T03:37:56,20.2,48875,1547350,1487037,3.2,0.00,1.23,0.00,4.91,0.00,0.00,0.00,34218.0,95830.0,61134.0,64.0,15.0,0.5,36.0,200.880,0.363,0.3,5951867.0
2026-09-09T03:37:58,4.2,42602,1547350,1493310,2.8,0.00,38.20,0.00,184.55,0.00,0.07,0.00,34230.0,95830.0,61122.0,87.0,15.5,0.5,36.5,211.243,0.000,0.0,0.0
2026-09-09T03:39:08,11.7,42603,1547350,1493309,2.8,0.00,0.03,0.00,0.11,0.00,0.00,0.00,34230.0,95830.0,61122.0,100.0,15.5,0.5,35.0,191.144,0.000,0.0,0.0
2026-09-09T03:39:10,12.4,44565,1547350,1491347,2.9,0.00,1.37,0.00,5.50,0.00,0.00,0.00,34232.0,95830.0,61120.0,72.0,13.5,0.5,31.5,204.256,0.351,0.3,6429353.0
2026-09-09T03:39:11,12.6,48962,1547350,1486950,3.2,0.00,1.61,0.00,6.42,0.00,0.00,0.00,34232.0,95830.0,61120.0,58.0,10.0,0.5,21.5,193.299,0.341,0.3,6983222.5
2026-09-09T03:39:13,12.0,35887,1547350,1500024,2.3,0.00,32.24,0.00,174.84,0.00,0.09,0.00,34242.0,95830.0,61110.0,33.0,14.5,0.5,31.0,198.347,0.000,0.0,0.0
2026-09-09T03:40:20,3.7,35733,1547350,1500179,2.3,0.00,0.13,0.00,0.65,0.00,0.00,0.00,34242.0,95830.0,61110.0,87.0,14.0,0.5,34.0,211.717,0.000,0.0,0.0
2026-09-09T03:40:22,19.3,35699,1547350,1500213,2.3,0.00,1.79,0.00,7.17,0.00,0.33,0.00,34242.0,95830.0,61110.0,88.0,5.0,0.5,13.0,198.303,0.370,0.3,5716632.0
2026-09-09T03:40:23,19.0,35701,1547350,1500211,2.3,0.00,1.29,0.00,5.16,0.00,0.00,0.00,34244.0,95830.0,61108.0,73.0,19.5,0.5,45.0,205.444,0.356,0.3,6202344.5
2026-09-09T03:40:25,19.1,35704,1547350,1500208,2.3,0.00,2.16,0.00,8.63,0.00,0.00,0.00,34244.0,95830.0,61108.0,83.0,17.5,0.5,39.0,211.411,0.367,0.3,5884594.0
2026-09-09T03:40:27,19.1,35706,1547350,1500206,2.3,0.00,1.28,0.00,5.12,0.00,0.00,0.00,34244.0,95830.0,61108.0,74.0,16.5,0.5,35.5,209.966,0.372,0.3,6426312.0
2026-09-09T03:40:28,17.3,35707,1547350,1500205,2.3,0.00,1.18,0.00,4.72,0.00,0.00,0.00,34244.0,95830.0,61108.0,71.0,4.5,0.5,12.0,201.396,0.314,0.3,6869795.5
2026-09-09T03:40:30,11.8,35711,1547350,1500201,2.3,0.00,1.37,0.00,5.48,0.00,0.00,0.00,34244.0,95830.0,61108.0,71.0,9.5,0.5,26.5,196.886,0.346,0.3,6672940.0
2026-09-09T03:40:32,7.8,35714,1547350,1500198,2.3,0.00,3.46,0.00,33.20,0.00,0.00,0.00,34244.0,95830.0,61108.0,70.0,8.5,0.5,23.0,189.400,0.369,0.3,6862422.5
2026-09-09T03:40:33,4.5,35720,1547350,1500192,2.3,0.00,1.64,0.00,6.29,0.00,0.33,0.00,34246.0,95830.0,61106.0,81.0,16.0,0.5,36.5,203.698,0.371,0.3,5655997.5
2026-09-09T03:40:36,4.6,35732,1547350,1500180,2.3,0.00,1.84,0.00,7.37,0.00,0.00,0.00,34246.0,95830.0,61106.0,73.0,16.5,0.5,36.5,205.476,0.362,0.3,5947285.5
2026-09-09T03:40:39,4.5,35735,1547350,1500177,2.3,0.00,0.63,0.00,2.54,0.00,0.00,0.00,34246.0,95830.0,61106.0,71.0,21.0,0.5,44.5,209.542,0.356,0.3,6975114.0
2026-09-09T03:40:41,4.3,35742,1547350,1500170,2.3,0.00,1.02,0.00,4.08,0.00,0.00,0.00,34246.0,95830.0,61106.0,78.0,21.0,0.5,48.0,199.206,0.369,0.3,6157138.0
2026-09-09T03:40:43,4.4,35732,1547350,1500180,2.3,0.00,1.89,0.00,7.54,0.00,0.00,0.00,34248.0,95830.0,61104.0,64.0,16.0,0.5,36.0,204.508,0.362,0.3,6293209.0
2026-09-09T03:40:48,3.4,36071,1547350,1499841,2.3,0.00,0.98,0.00,3.91,0.00,0.00,0.00,34248.0,95830.0,61104.0,67.0,17.5,0.5,36.5,207.284,0.359,0.3,6159142.0
2026-09-09T03:40:50,4.3,42091,1547350,1493821,2.7,0.00,0.95,0.00,3.81,0.00,0.00,0.00,34248.0,95830.0,61104.0,100.0,13.0,0.5,30.0,215.969,0.360,0.3,6298141.5
2026-09-09T03:40:52,2.9,35754,1547350,1500158,2.3,0.00,40.28,0.00,253.67,0.00,0.09,0.00,34258.0,95830.0,61094.0,72.0,6.0,0.5,12.0,186.732,0.000,0.0,0.0
2026-09-09T03:41:59,17.8,35759,1547350,1500153,2.3,0.00,0.03,0.00,0.12,0.00,0.00,0.00,34260.0,95830.0,61092.0,73.0,21.5,0.5,45.5,214.183,0.000,0.0,0.0
2026-09-09T03:42:01,18.9,35766,1547350,1500146,2.3,0.00,1.13,0.00,4.52,0.00,0.00,0.00,34260.0,95830.0,61092.0,71.0,14.5,0.5,33.0,199.534,0.356,0.3,6375183.5
2026-09-09T03:42:03,19.0,35767,1547350,1500145,2.3,0.00,6.03,0.00,29.13,0.00,0.08,0.00,34260.0,95830.0,61092.0,71.0,15.5,0.5,36.0,206.665,0.362,0.3,5867673.5
2026-09-09T03:42:05,19.1,35770,1547350,1500142,2.3,0.00,1.04,0.00,4.16,0.00,0.00,0.00,34260.0,95830.0,61092.0,78.0,16.0,0.5,37.5,212.446,0.364,0.3,6481121.5
2026-09-09T03:42:07,18.6,35771,1547350,1500141,2.3,0.00,1.94,0.00,7.77,0.00,0.00,0.00,34260.0,95830.0,61092.0,98.0,15.0,0.5,34.0,206.539,0.361,0.3,5979093.0
2026-09-09T03:42:09,12.0,35773,1547350,1500139,2.3,0.00,0.99,0.00,3.96,0.00,0.00,0.00,34260.0,95830.0,61092.0,68.0,15.0,0.5,37.0,198.286,0.381,0.4,6179428.5
2026-09-09T03:42:11,6.2,35777,1547350,1500135,2.3,0.00,0.96,0.00,3.83,0.00,0.00,0.00,34262.0,95830.0,61090.0,20.0,4.5,0.5,11.0,183.471,0.333,0.3,6010008.5
2026-09-09T03:42:13,6.1,35780,1547350,1500132,2.3,0.00,3.30,0.00,13.22,0.00,0.17,0.00,34262.0,95830.0,61090.0,71.0,26.5,0.5,50.0,197.465,0.299,0.3,6659923.5
2026-09-09T03:42:15,4.3,35784,1547350,1500128,2.3,0.00,1.26,0.00,5.04,0.00,0.00,0.00,34262.0,95830.0,61090.0,89.0,15.5,0.5,28.5,197.919,0.380,0.4,5708626.0
2026-09-09T03:42:17,4.4,35793,1547350,1500119,2.3,0.00,1.90,0.00,7.59,0.00,0.00,0.00,34262.0,95830.0,61090.0,67.0,14.0,0.5,34.0,208.808,0.348,0.3,6374051.0
2026-09-09T03:42:19,4.2,35799,1547350,1500113,2.3,0.00,0.72,0.00,2.90,0.00,0.00,0.00,34262.0,95830.0,61090.0,72.0,14.0,0.5,33.0,210.692,0.385,0.4,5915967.5
2026-09-09T03:42:21,4.3,35838,1547350,1500074,2.3,0.00,1.05,0.00,4.19,0.00,0.00,0.05,34264.0,95830.0,61088.0,68.0,19.0,0.5,44.5,203.996,0.377,0.4,6182916.0
2026-09-09T03:42:23,9.2,35794,1547350,1500118,2.3,0.00,2.68,0.00,10.72,0.00,0.20,0.00,34264.0,95830.0,61088.0,100.0,17.5,0.5,36.0,208.541,0.354,0.3,6492451.5
2026-09-09T03:42:26,11.6,35799,1547350,1500113,2.3,0.00,0.85,0.00,3.40,0.00,0.00,0.00,34264.0,95830.0,61088.0,73.0,21.5,0.5,50.0,197.235,0.327,0.3,6447328.5
2026-09-09T03:42:28,11.7,35804,1547350,1500108,2.3,0.00,0.94,0.00,3.77,0.00,0.00,0.00,34264.0,95830.0,61088.0,74.0,11.0,0.5,28.0,197.406,0.324,0.3,7291427.0
2026-09-09T03:42:30,11.7,35810,1547350,1500102,2.3,0.00,2.34,0.00,11.21,0.00,0.00,0.00,34266.0,95830.0,61086.0,23.0,15.5,0.5,35.0,197.348,0.344,0.3,6429586.5
2026-09-09T03:42:32,12.3,35814,1547350,1500098,2.3,0.00,2.58,0.00,32.00,0.00,0.00,0.00,34266.0,95830.0,61086.0,74.0,17.5,0.5,37.5,210.279,0.363,0.3,6318208.0
2026-09-09T03:42:35,7.5,35820,1547350,1500092,2.3,0.00,1.22,0.00,4.89,0.00,0.25,0.00,34266.0,95830.0,61086.0,73.0,16.0,0.5,36.5,198.198,0.354,0.3,6472867.0
2026-09-09T03:42:39,4.2,35834,1547350,1500078,2.3,0.00,1.06,0.00,4.26,0.00,0.00,0.00,34266.0,95830.0,61086.0,73.0,2.0,0.5,8.0,192.276,0.348,0.3,6137141.5
2026-09-09T03:42:44,4.3,35840,1547350,1500072,2.3,0.00,0.43,0.00,1.73,0.00,0.00,0.00,34268.0,95830.0,61084.0,67.0,11.0,0.5,29.5,179.903,0.324,0.3,6026235.0
2026-09-09T03:42:47,5.9,35852,1547350,1500059,2.3,0.00,1.36,0.00,5.46,0.00,0.00,0.00,34268.0,95830.0,61084.0,74.0,15.0,0.5,36.0,201.282,0.372,0.3,5976241.0
2026-09-09T03:42:52,11.5,35863,1547350,1500049,2.3,0.00,0.75,0.00,3.00,0.00,0.00,0.00,34268.0,95830.0,61084.0,98.0,20.0,0.5,42.0,197.247,0.353,0.3,6428479.5
2026-09-09T03:42:55,11.6,35874,1547350,1500038,2.3,0.00,1.58,0.00,6.33,0.00,0.20,0.00,34270.0,95830.0,61082.0,63.0,13.5,0.5,31.5,200.611,0.357,0.3,6127818.5
2026-09-09T03:42:59,8.2,37294,1547350,1498618,2.4,0.00,0.49,0.00,1.98,0.00,0.00,0.00,34270.0,95830.0,61082.0,72.0,15.5,0.5,35.5,206.201,0.360,0.3,6260124.0
2026-09-09T03:43:03,4.4,36118,1547350,1499794,2.3,0.00,4.03,0.00,20.03,0.00,0.07,0.00,34270.0,95830.0,61082.0,68.0,22.5,0.5,50.0,198.086,0.354,0.3,6355407.5
2026-09-09T03:43:09,9.3,35860,1547350,1500052,2.3,0.00,0.65,0.00,2.62,0.00,0.00,0.00,34272.0,95830.0,61080.0,33.0,16.0,0.5,33.0,207.362,0.356,0.3,6138604.0
2026-09-09T03:43:14,17.1,35815,1547350,1500097,2.3,0.00,1.27,0.00,5.95,0.00,0.17,0.00,34272.0,95830.0,61080.0,74.0,16.5,0.5,35.0,204.988,0.361,0.3,6382331.0
2026-09-09T03:43:18,11.6,35820,1547350,1500092,2.3,0.00,0.48,0.00,1.93,0.00,0.00,0.02,34274.0,95830.0,61078.0,45.0,19.5,0.5,49.0,202.462,0.357,0.3,5977263.5
2026-09-09T03:43:21,11.6,35831,1547350,1500081,2.3,0.00,1.13,0.00,4.52,0.00,0.00,0.00,34274.0,95830.0,61078.0,58.0,25.5,0.5,50.0,196.047,0.348,0.3,6984752.5
2026-09-09T03:43:24,7.0,35835,1547350,1500076,2.3,0.00,0.81,0.00,3.25,0.00,0.00,0.00,34274.0,95830.0,61078.0,69.0,20.5,0.5,50.0,201.696,0.372,0.4,6267441.5
2026-09-09T03:43:26,4.4,35840,1547350,1500072,2.3,0.00,2.46,0.00,9.83,0.00,0.00,0.00,34274.0,95830.0,61078.0,41.0,16.5,0.5,36.0,196.675,0.345,0.3,5855429.0
2026-09-09T03:43:28,4.4,35849,1547350,1500063,2.3,0.00,0.86,0.00,3.43,0.00,0.00,0.00,34274.0,95830.0,61078.0,73.0,16.0,0.5,36.5,207.365,0.358,0.3,6296901.0
2026-09-09T03:43:31,4.6,35853,1547350,1500059,2.3,0.00,1.81,0.00,9.05,0.00,0.25,0.00,34276.0,95830.0,61076.0,31.0,19.5,0.5,44.0,199.908,0.352,0.3,6469308.0
2026-09-09T03:43:33,4.5,35857,1547350,1500055,2.3,0.00,2.89,0.00,35.54,0.00,0.00,0.00,34276.0,95830.0,61076.0,73.0,15.5,0.5,37.0,193.515,0.365,0.3,6379486.0
2026-09-09T03:43:35,5.5,35864,1547350,1500048,2.3,0.00,0.91,0.00,3.63,0.00,0.00,0.00,34276.0,95830.0,61076.0,71.0,14.0,0.5,33.0,209.602,0.356,0.3,5714947.5
2026-09-09T03:43:38,11.8,35868,1547350,1500043,2.3,0.00,1.57,0.00,6.26,0.00,0.00,0.00,34276.0,95830.0,61076.0,70.0,16.0,0.5,38.5,209.946,0.368,0.3,6639085.5
2026-09-09T03:43:40,11.7,35874,1547350,1500038,2.3,0.00,1.29,0.00,5.15,0.00,0.33,0.00,34276.0,95830.0,61076.0,68.0,17.5,0.5,41.5,190.006,0.332,0.3,7061836.0
2026-09-09T03:43:43,11.7,35877,1547350,1500035,2.3,0.00,1.09,0.00,4.35,0.00,0.00,0.00,34278.0,95830.0,61074.0,97.0,16.5,0.5,41.5,196.140,0.341,0.3,6734069.0
2026-09-09T03:43:46,11.8,35889,1547350,1500022,2.3,0.00,1.10,0.00,4.40,0.00,0.00,0.00,34278.0,95830.0,61074.0,59.0,20.5,0.5,40.5,202.228,0.356,0.3,6921280.0
2026-09-09T03:43:48,8.1,35894,1547350,1500018,2.3,0.00,1.52,0.00,6.10,0.00,0.00,0.00,34278.0,95830.0,61074.0,73.0,19.0,0.5,43.0,198.120,0.343,0.3,5876545.0
2026-09-09T03:43:51,4.5,35901,1547350,1500011,2.3,0.00,0.81,0.00,3.24,0.00,0.00,0.00,34278.0,95830.0,61074.0,91.0,14.5,0.5,33.0,210.500,0.351,0.3,6372716.0
2026-09-09T03:43:53,4.3,35909,1547350,1500003,2.3,0.00,1.41,0.00,5.64,0.00,0.00,0.04,34278.0,95830.0,61074.0,83.0,18.0,0.5,34.5,213.162,0.351,0.3,5909619.0
2026-09-09T03:43:56,4.4,35916,1547350,1499996,2.3,0.00,0.77,0.00,3.07,0.00,0.00,0.00,34280.0,95830.0,61072.0,73.0,17.0,0.5,42.0,206.184,0.358,0.3,6164838.0
2026-09-09T03:43:59,4.4,35922,1547350,1499990,2.3,0.00,1.85,0.00,7.38,0.00,0.20,0.00,34280.0,95830.0,61072.0,99.0,14.0,0.5,33.0,208.976,0.355,0.3,6600437.0
2026-09-09T03:44:01,11.1,35938,1547350,1499974,2.3,0.00,0.77,0.00,3.10,0.00,0.00,0.00,34280.0,95830.0,61072.0,94.0,15.5,0.5,34.0,205.988,0.358,0.3,6587205.5
2026-09-09T03:44:04,11.7,35943,1547350,1499969,2.3,0.00,5.37,0.00,26.07,0.00,0.07,0.00,34280.0,95830.0,61072.0,74.0,15.5,0.5,35.0,200.365,0.347,0.3,6587098.5
2026-09-09T03:44:06,11.9,37018,1547350,1498894,2.4,0.00,0.80,0.00,3.20,0.00,0.00,0.00,34282.0,95830.0,61070.0,74.0,16.5,0.5,36.5,202.375,0.340,0.3,6693432.5
2026-09-09T03:44:09,11.9,36026,1547350,1499886,2.3,0.00,1.43,0.00,5.71,0.00,0.25,0.00,34282.0,95830.0,61070.0,92.0,16.5,0.5,36.0,205.295,0.350,0.3,6443759.5
2026-09-09T03:44:12,8.7,36182,1547350,1499730,2.3,0.00,0.77,0.00,3.07,0.00,0.00,0.00,34282.0,95830.0,61070.0,71.0,15.5,0.5,36.5,208.064,0.354,0.3,6643556.0
2026-09-09T03:44:14,8.1,35870,1547350,1500042,2.3,0.00,0.78,0.00,3.11,0.00,0.00,0.00,34282.0,95830.0,61070.0,85.0,16.0,0.5,36.5,206.029,0.347,0.3,6680219.5
2026-09-09T03:44:17,11.7,35872,1547350,1500040,2.3,0.00,2.10,0.00,8.41,0.00,0.00,0.00,34282.0,95830.0,61070.0,61.0,17.0,0.5,36.5,206.740,0.365,0.3,6158985.5
2026-09-09T03:44:20,11.6,35873,1547350,1500039,2.3,0.00,0.74,0.00,2.94,0.00,0.00,0.00,34284.0,95830.0,61068.0,71.0,18.5,0.5,38.0,202.579,0.352,0.3,6613480.0
2026-09-09T03:44:23,10.9,35878,1547350,1500034,2.3,0.00,1.36,0.00,5.44,0.00,0.25,0.00,34284.0,95830.0,61068.0,66.0,16.0,0.5,36.5,206.174,0.373,0.3,6022192.0
2026-09-09T03:44:27,11.3,35897,1547350,1500015,2.3,0.00,1.78,0.00,11.11,0.00,0.00,0.00,34286.0,95830.0,61066.0,73.0,14.0,0.5,32.5,202.391,0.359,0.3,6137544.5
2026-09-09T03:44:36,10.3,35903,1547350,1500009,2.3,0.00,0.24,0.00,0.95,0.00,0.00,0.00,34286.0,95830.0,61066.0,44.0,17.5,0.5,39.0,208.525,0.384,0.4,5753407.5
2026-09-09T03:44:39,4.2,35912,1547350,1500000,2.3,0.00,1.21,0.00,4.85,0.00,0.00,0.00,34286.0,95830.0,61066.0,74.0,14.5,0.5,35.0,208.925,0.352,0.3,6170092.5
2026-09-09T03:44:43,4.3,35921,1547350,1499991,2.3,0.00,1.16,0.00,4.65,0.00,0.00,0.00,34286.0,95830.0,61066.0,77.0,15.0,0.5,32.5,197.586,0.346,0.3,6694657.5
2026-09-09T03:44:47,4.5,35945,1547350,1499967,2.3,0.00,0.91,0.00,3.64,0.00,0.25,0.00,34288.0,95830.0,61064.0,71.0,16.0,0.5,38.0,204.924,0.371,0.3,5944308.0
2026-09-09T03:44:52,11.0,35961,1547350,1499951,2.3,0.00,0.40,0.00,1.62,0.00,0.00,0.00,34288.0,95830.0,61064.0,73.0,16.5,0.5,36.5,198.352,0.343,0.3,7106416.5
2026-09-09T03:44:57,11.7,35970,1547350,1499942,2.3,0.00,0.79,0.00,3.18,0.00,0.00,0.00,34290.0,95830.0,61062.0,69.0,14.5,0.5,50.0,214.582,0.383,0.4,5576152.0
2026-09-09T03:45:01,8.0,35983,1547350,1499929,2.3,0.00,2.52,0.00,10.98,0.00,0.09,0.00,34290.0,95830.0,61062.0,91.0,14.5,0.5,35.5,210.272,0.383,0.4,5656311.0
2026-09-09T03:45:06,4.0,35989,1547350,1499922,2.3,0.00,2.61,0.00,14.13,0.00,0.00,0.00,34290.0,95830.0,61062.0,0.0,1.0,0.5,2.5,104.910,0.049,0.0,1359958.5
2026-09-09T03:45:10,3.8,36018,1547350,1499894,2.3,0.00,0.50,0.00,1.99,0.00,0.00,0.00,34290.0,95830.0,61062.0,68.0,15.0,0.5,36.5,209.870,0.298,0.3,5142971.0
2026-09-09T03:45:14,8.2,37350,1547350,1498562,2.4,0.00,1.31,0.00,6.11,0.00,0.17,0.00,34290.0,95830.0,61062.0,72.0,17.0,0.5,36.5,198.140,0.354,0.3,6521580.5
2026-09-09T03:45:18,12.0,36113,1547350,1499799,2.3,0.00,1.19,0.00,4.76,0.00,0.00,0.03,34292.0,95830.0,61060.0,100.0,8.0,0.5,23.5,189.661,0.341,0.3,6776114.5
2026-09-09T03:45:21,11.8,35928,1547350,1499984,2.3,0.00,0.61,0.00,2.46,0.00,0.00,0.00,34292.0,95830.0,61060.0,75.0,16.0,0.5,38.0,215.036,0.373,0.3,6088495.5
2026-09-09T03:45:24,17.7,35928,1547350,1499984,2.3,0.00,1.11,0.00,4.45,0.00,0.00,0.00,34292.0,95830.0,61060.0,74.0,15.0,0.5,35.5,198.530,0.383,0.4,5954296.5
2026-09-09T03:45:27,11.5,35930,1547350,1499982,2.3,0.00,0.76,0.00,3.02,0.00,0.00,0.00,34292.0,95830.0,61060.0,74.0,20.0,0.5,41.5,199.803,0.341,0.3,6311494.0
2026-09-09T03:45:30,11.7,35931,1547350,1499981,2.3,0.00,1.33,0.00,6.63,0.00,0.25,0.00,34292.0,95830.0,61060.0,73.0,16.0,0.5,37.5,201.454,0.337,0.3,7633596.5
2026-09-09T03:45:33,5.3,35938,1547350,1499974,2.3,0.00,2.59,0.00,23.29,0.00,0.00,0.00,34294.0,95830.0,61058.0,69.0,15.5,0.5,36.0,197.987,0.353,0.3,5575062.0
2026-09-09T03:45:37,5.7,35946,1547350,1499966,2.3,0.00,0.81,0.00,3.23,0.00,0.00,0.00,34294.0,95830.0,61058.0,100.0,16.0,0.5,36.5,206.685,0.378,0.4,5885375.5
2026-09-09T03:45:40,11.5,35955,1547350,1499957,2.3,0.00,1.12,0.00,4.48,0.00,0.00,0.00,34296.0,95830.0,61056.0,91.0,16.0,0.5,35.5,209.559,0.381,0.4,6005732.5
2026-09-09T03:45:44,11.7,35963,1547350,1499949,2.3,0.00,0.64,0.00,2.55,0.00,0.00,0.00,34296.0,95830.0,61056.0,73.0,16.0,0.5,37.0,216.883,0.361,0.3,6192125.5
2026-09-09T03:45:47,11.7,35972,1547350,1499939,2.3,0.00,0.52,0.00,2.09,0.00,0.50,0.03,34296.0,95830.0,61056.0,72.0,17.5,0.5,36.5,205.898,0.353,0.3,6624920.5
2026-09-09T03:45:51,5.9,35977,1547350,1499935,2.3,0.00,0.54,0.00,2.17,0.00,0.00,0.03,34296.0,95830.0,61056.0,75.0,21.0,0.5,50.0,201.186,0.357,0.3,6425634.0
2026-09-09T03:45:54,4.4,35985,1547350,1499927,2.3,0.00,0.59,0.00,2.37,0.00,0.00,0.00,34298.0,95830.0,61054.0,75.0,7.0,0.5,20.0,200.359,0.342,0.3,6378552.5
2026-09-09T03:45:58,4.4,35990,1547350,1499922,2.3,0.00,0.55,0.00,2.22,0.00,0.00,0.06,34298.0,95830.0,61054.0,73.0,26.0,0.5,50.0,199.377,0.350,0.3,6705723.5
2026-09-09T03:46:02,6.8,36007,1547350,1499905,2.3,0.00,0.57,0.00,2.27,0.00,0.00,0.00,34300.0,95830.0,61052.0,76.0,17.5,0.5,40.5,213.760,0.355,0.3,6484413.0
2026-09-09T03:46:07,12.5,36093,1547350,1499819,2.3,0.00,2.32,0.00,10.06,0.00,0.08,0.00,34300.0,95830.0,61052.0,74.0,21.0,0.5,50.0,219.331,0.348,0.3,6287221.0
2026-09-09T03:46:12,12.8,36194,1547350,1499717,2.3,0.00,49.70,0.00,630.49,0.00,0.04,0.07,34302.0,95830.0,61050.0,100.0,19.5,0.5,46.0,207.191,0.336,0.3,6110455.0
2026-09-09T03:46:16,6.0,36283,1547350,1499629,2.3,0.00,8.11,0.00,91.15,0.00,0.06,0.00,34302.0,95830.0,61050.0,72.0,15.5,0.5,36.5,209.356,0.367,0.3,5817892.5
2026-09-09T03:46:19,4.8,36060,1547350,1499852,2.3,0.00,9.34,0.00,301.60,0.00,0.07,0.07,34302.0,95830.0,61050.0,74.0,6.5,0.5,16.5,173.041,0.353,0.3,6349918.0
2026-09-09T03:46:22,5.6,37242,1547350,1498670,2.4,0.00,0.74,0.00,2.95,0.00,0.00,0.00,34302.0,95830.0,61050.0,28.0,17.0,0.5,36.5,204.732,0.358,0.3,6100921.0
2026-09-09T03:46:25,5.9,36147,1547350,1499765,2.3,0.00,0.59,0.00,2.35,0.00,0.00,0.00,34304.0,95830.0,61048.0,73.0,16.0,0.5,37.0,206.705,0.358,0.3,6059945.5
2026-09-09T03:46:29,12.9,35990,1547350,1499922,2.3,0.00,0.56,0.00,2.23,0.00,0.00,0.03,34304.0,95830.0,61048.0,72.0,26.5,0.5,50.0,204.006,0.356,0.3,6505040.5
2026-09-09T03:46:33,18.8,35989,1547350,1499923,2.3,0.00,2.05,0.00,12.29,0.00,0.12,0.00,34304.0,95830.0,61048.0,88.0,17.5,0.5,39.5,210.986,0.384,0.4,6006055.5
2026-09-09T03:46:36,19.0,35990,1547350,1499922,2.3,0.00,29.17,0.00,595.00,0.00,0.14,0.03,34306.0,95830.0,61046.0,41.0,16.5,0.5,36.5,204.934,0.387,0.4,5675240.0
2026-09-09T03:46:40,8.1,35994,1547350,1499918,2.3,0.00,0.54,0.00,2.16,0.00,0.00,0.00,34306.0,95830.0,61046.0,100.0,8.0,0.5,18.0,169.263,0.291,0.3,4418250.5
2026-09-09T03:46:44,4.2,36001,1547350,1499911,2.3,0.00,15.36,0.00,121.85,0.00,0.05,0.05,34306.0,95830.0,61046.0,99.0,14.5,0.5,34.0,216.657,0.350,0.3,6032440.5
2026-09-09T03:46:48,4.4,36011,1547350,1499901,2.3,0.00,1.03,0.00,5.17,0.00,0.25,0.00,34306.0,95830.0,61046.0,70.0,19.5,0.5,40.5,206.974,0.378,0.4,5741065.5
2026-09-09T03:46:51,8.9,36020,1547350,1499892,2.3,0.00,0.82,0.00,4.38,0.00,0.00,0.03,34308.0,95830.0,61044.0,74.0,16.5,0.5,36.0,200.624,0.342,0.3,6338952.0
2026-09-09T03:46:55,11.7,36028,1547350,1499884,2.3,0.00,0.61,0.00,2.44,0.00,0.00,0.00,34308.0,95830.0,61044.0,45.0,16.5,0.5,39.5,210.084,0.353,0.3,6264276.5
2026-09-09T03:46:59,11.6,36038,1547350,1499874,2.3,0.00,0.74,0.00,2.96,0.00,0.00,0.00,34308.0,95830.0,61044.0,71.0,13.0,0.5,28.5,199.956,0.344,0.3,6248746.5
2026-09-09T03:47:02,9.4,36093,1547350,1499819,2.3,0.30,2.43,7.29,20.35,0.00,0.00,0.00,34310.0,95830.0,61042.0,79.0,15.0,0.5,33.0,203.604,0.346,0.3,6968623.5
2026-09-09T03:47:07,5.7,36111,1547350,1499801,2.3,0.00,9.50,0.00,113.53,0.00,0.15,0.00,34310.0,95830.0,61042.0,100.0,10.0,0.5,19.0,172.675,0.315,0.3,5995249.0
2026-09-09T03:47:11,6.3,36147,1547350,1499765,2.3,0.00,1.06,0.00,11.71,0.00,0.00,0.00,34310.0,95830.0,61042.0,77.0,24.0,0.5,50.0,205.135,0.351,0.3,6345302.5
2026-09-09T03:47:15,8.6,36138,1547350,1499774,2.3,0.00,0.51,0.00,2.05,0.00,0.00,0.00,34312.0,95830.0,61040.0,66.0,21.0,0.5,50.0,202.483,0.365,0.3,6502848.0
2026-09-09T03:47:18,13.1,36143,1547350,1499769,2.3,0.64,0.95,3.81,5.08,0.00,0.00,0.00,34312.0,95830.0,61040.0,50.0,15.5,0.5,36.5,209.215,0.365,0.3,5963476.0
2026-09-09T03:47:21,13.1,36147,1547350,1499765,2.3,0.00,0.90,0.00,3.60,0.00,0.33,0.00,34312.0,95830.0,61040.0,100.0,22.5,0.5,50.0,192.828,0.337,0.3,6140831.5
2026-09-09T03:47:25,13.3,36162,1547350,1499750,2.3,0.00,0.55,0.00,2.21,0.00,0.00,0.00,34314.0,95830.0,61038.0,69.0,17.0,0.5,39.0,202.204,0.347,0.3,6194019.5
2026-09-09T03:47:29,7.1,36738,1547350,1499174,2.4,0.00,0.52,0.00,2.07,0.00,0.00,0.00,34314.0,95830.0,61038.0,72.0,23.0,0.5,33.5,194.173,0.344,0.3,6533552.5
2026-09-09T03:47:32,5.7,36273,1547350,1499639,2.3,0.00,33.15,0.00,214.49,0.00,0.07,0.03,34314.0,95830.0,61038.0,84.0,16.5,0.5,36.0,212.825,0.359,0.3,6048201.0
2026-09-09T03:47:35,5.9,36104,1547350,1499808,2.3,0.00,11.26,0.00,165.78,0.00,0.20,0.00,34314.0,95830.0,61038.0,71.0,13.5,0.5,29.5,213.644,0.359,0.3,6295526.5
2026-09-09T03:47:38,13.2,36098,1547350,1499814,2.3,0.00,0.92,0.00,3.67,0.00,0.00,0.00,34314.0,95830.0,61038.0,100.0,16.0,0.5,35.5,204.273,0.367,0.3,6167814.5
2026-09-09T03:47:42,20.5,36102,1547350,1499810,2.3,0.00,0.94,0.00,3.75,0.00,0.00,0.00,34316.0,95830.0,61036.0,66.0,15.0,0.5,34.5,204.100,0.350,0.3,6358889.0
2026-09-09T03:47:45,20.5,36100,1547350,1499812,2.3,0.00,0.53,0.00,2.12,0.00,0.00,0.00,34316.0,95830.0,61036.0,75.0,18.5,0.5,39.5,182.137,0.339,0.3,5785900.0
2026-09-09T03:47:48,14.8,36104,1547350,1499808,2.3,0.00,0.99,0.00,3.97,0.00,0.00,0.00,34316.0,95830.0,61036.0,76.0,16.0,0.5,31.5,207.915,0.348,0.3,6671367.5
2026-09-09T03:47:52,8.8,36118,1547350,1499794,2.3,0.00,0.88,0.00,4.67,0.00,0.00,0.00,34316.0,95830.0,61036.0,81.0,14.0,0.5,34.5,182.329,0.361,0.3,5973190.0
2026-09-09T03:47:55,6.0,36127,1547350,1499785,2.3,0.00,0.58,0.00,2.30,0.00,0.00,0.00,34318.0,95830.0,61034.0,100.0,16.0,0.5,35.5,208.562,0.346,0.3,6290266.5
2026-09-09T03:47:59,6.6,36145,1547350,1499767,2.3,0.00,0.57,0.00,2.29,0.00,0.00,0.00,34318.0,95830.0,61034.0,90.0,15.0,0.5,35.0,205.803,0.367,0.3,5520116.5
2026-09-09T03:48:03,7.0,36158,1547350,1499753,2.3,0.00,1.05,0.00,20.04,0.00,0.25,0.00,34318.0,95830.0,61034.0,67.0,8.0,0.5,18.0,203.325,0.333,0.3,6431065.0
2026-09-09T03:48:06,13.4,36167,1547350,1499745,2.3,0.00,20.34,0.00,326.02,0.00,0.14,0.03,34320.0,95830.0,61032.0,48.0,15.0,0.5,31.0,203.255,0.361,0.3,6564138.0
2026-09-09T03:48:11,13.6,36164,1547350,1499748,2.3,0.00,0.42,0.00,1.67,0.00,0.00,0.00,34320.0,95830.0,61032.0,34.0,15.5,0.5,34.5,196.839,0.321,0.3,7107059.0
2026-09-09T03:48:16,10.3,36169,1547350,1499743,2.3,0.00,0.38,0.00,1.52,0.00,0.00,0.00,34322.0,95830.0,61030.0,70.0,16.5,0.5,38.0,204.108,0.358,0.3,6225513.5
2026-09-09T03:48:21,5.5,36185,1547350,1499727,2.3,0.00,0.70,0.00,2.81,0.00,0.00,0.02,34322.0,95830.0,61030.0,70.0,13.5,0.5,32.0,196.029,0.339,0.3,6130167.5
2026-09-09T03:48:24,6.0,36194,1547350,1499718,2.3,2.30,1.15,9.20,4.60,0.17,0.33,0.04,34322.0,95830.0,61030.0,59.0,15.5,0.5,34.5,206.413,0.372,0.4,5835964.0
2026-09-09T03:48:27,7.1,36213,1547350,1499699,2.3,0.00,0.78,0.00,3.12,0.00,0.00,0.00,34322.0,95830.0,61030.0,89.0,12.5,0.5,29.0,206.716,0.363,0.3,5563269.0
2026-09-09T03:48:30,12.4,36208,1547350,1499704,2.3,0.00,3.98,0.00,45.42,0.00,0.00,0.00,34322.0,95830.0,61030.0,77.0,10.0,0.5,20.5,196.621,0.339,0.3,6633278.5
2026-09-09T03:48:34,12.1,36210,1547350,1499702,2.3,0.00,32.25,0.00,488.52,0.00,0.21,0.03,34324.0,95830.0,61028.0,71.0,16.0,0.5,37.0,205.934,0.367,0.3,6223517.0
2026-09-09T03:48:37,11.4,37307,1547350,1498605,2.4,0.00,0.85,0.00,2.56,0.00,0.00,0.03,34324.0,95830.0,61028.0,100.0,5.0,0.5,14.0,192.902,0.349,0.3,6629094.0
2026-09-09T03:48:41,6.2,36308,1547350,1499604,2.3,0.00,0.80,0.00,3.22,0.00,0.00,0.00,34324.0,95830.0,61028.0,72.0,16.0,0.5,37.5,195.879,0.338,0.3,6156033.0
2026-09-09T03:48:45,6.6,36123,1547350,1499789,2.3,0.00,0.54,0.00,2.15,0.00,0.00,0.03,34326.0,95830.0,61026.0,95.0,16.5,0.5,37.0,193.865,0.357,0.3,5993031.5
2026-09-09T03:48:49,11.7,36136,1547350,1499776,2.3,0.00,0.52,0.00,2.08,0.00,0.00,0.00,34326.0,95830.0,61026.0,69.0,17.5,0.5,40.5,214.261,0.347,0.3,6135584.0
2026-09-09T03:48:52,14.2,36121,1547350,1499791,2.3,0.00,0.53,0.00,2.11,0.00,0.00,0.00,34326.0,95830.0,61026.0,67.0,16.0,0.5,36.0,202.457,0.359,0.3,6492091.5
2026-09-09T03:48:56,13.1,36122,1547350,1499790,2.3,0.00,1.09,0.00,6.53,0.00,0.25,0.00,34326.0,95830.0,61026.0,6.0,18.5,0.5,39.0,208.442,0.390,0.4,5603807.0
2026-09-09T03:49:01,11.7,36134,1547350,1499778,2.3,0.00,1.37,0.00,5.49,0.00,0.00,0.00,34328.0,95830.0,61024.0,76.0,22.0,0.5,50.0,193.525,0.348,0.3,6831576.0
2026-09-09T03:49:05,7.3,36150,1547350,1499762,2.3,0.00,3.38,0.00,19.02,0.00,0.06,0.00,34328.0,95830.0,61024.0,72.0,12.5,0.5,28.5,195.729,0.363,0.3,6189100.0
2026-09-09T03:49:10,4.4,36157,1547350,1499755,2.3,0.00,0.45,0.00,1.79,0.00,0.50,0.00,34328.0,95830.0,61024.0,81.0,10.5,0.5,23.5,199.784,0.352,0.3,6491470.5
2026-09-09T03:49:13,4.3,36162,1547350,1499750,2.3,0.00,0.67,0.00,2.68,0.00,0.00,0.00,34330.0,95830.0,61022.0,72.0,17.0,0.5,41.0,197.987,0.352,0.3,5885860.5
2026-09-09T03:49:17,6.9,36169,1547350,1499743,2.3,0.00,0.45,0.00,1.81,0.00,0.00,0.00,34330.0,95830.0,61022.0,87.0,15.0,0.5,33.0,205.883,0.346,0.3,6363865.0
2026-09-09T03:49:21,11.9,36179,1547350,1499733,2.3,0.00,0.46,0.00,1.83,0.00,0.00,0.00,34330.0,95830.0,61022.0,90.0,15.5,0.5,48.5,197.312,0.342,0.3,6387711.0
2026-09-09T03:49:26,11.7,36186,1547350,1499726,2.3,0.00,0.95,0.00,5.72,0.00,0.00,0.00,34332.0,95830.0,61020.0,100.0,1.0,0.5,4.5,179.788,0.302,0.3,6351777.5
2026-09-09T03:49:29,7.6,36194,1547350,1499718,2.3,0.00,0.81,0.00,3.25,0.00,0.00,0.00,34332.0,95830.0,61020.0,23.0,14.5,0.5,31.0,197.020,0.350,0.3,5434699.5
2026-09-09T03:49:32,4.3,36199,1547350,1499712,2.3,0.00,0.33,0.00,1.33,0.00,0.00,0.00,34332.0,95830.0,61020.0,70.0,26.5,0.5,50.0,197.838,0.322,0.3,6185792.0
2026-09-09T03:49:36,4.4,36207,1547350,1499705,2.3,0.00,3.27,0.00,24.65,0.00,0.09,0.03,34334.0,95830.0,61018.0,67.0,16.5,0.5,35.5,195.517,0.360,0.3,6434592.5
2026-09-09T03:49:40,5.8,36220,1547350,1499692,2.3,0.00,0.64,0.00,2.55,0.00,0.00,0.00,34334.0,95830.0,61018.0,70.0,15.5,0.5,36.0,203.427,0.342,0.3,6086294.5
2026-09-09T03:49:45,11.7,37598,1547350,1498314,2.4,0.00,0.68,0.00,2.73,0.00,0.00,0.00,34334.0,95830.0,61018.0,72.0,17.0,0.5,40.0,195.355,0.358,0.3,6237036.0
2026-09-09T03:49:49,11.6,36459,1547350,1499453,2.4,0.00,0.51,0.00,2.03,0.00,0.00,0.00,34336.0,95830.0,61016.0,30.0,17.0,0.5,40.5,200.779,0.357,0.3,6699621.5
2026-09-09T03:49:53,12.9,36146,1547350,1499766,2.3,0.00,0.51,0.00,2.03,0.00,0.00,0.00,34336.0,95830.0,61016.0,62.0,17.0,0.5,37.0,207.381,0.358,0.3,5829572.0
2026-09-09T03:49:57,11.8,36149,1547350,1499763,2.3,0.00,0.86,0.00,3.44,0.00,0.25,0.00,34336.0,95830.0,61016.0,67.0,15.5,0.5,39.0,206.250,0.353,0.3,6695360.5
2026-09-09T03:50:01,11.1,36155,1547350,1499756,2.3,0.00,0.56,0.00,2.23,0.00,0.00,0.00,34336.0,95830.0,61016.0,70.0,19.5,0.5,40.0,190.558,0.355,0.3,6330277.5
2026-09-09T03:50:04,4.4,36166,1547350,1499746,2.3,0.00,0.58,0.00,2.33,0.00,0.00,0.00,34338.0,95830.0,61014.0,74.0,14.0,0.5,34.0,201.586,0.370,0.3,5877518.0
2026-09-09T03:50:08,10.8,36172,1547350,1499740,2.3,0.00,1.47,0.00,8.95,0.00,0.00,0.00,34338.0,95830.0,61014.0,71.0,16.0,0.5,37.0,208.083,0.364,0.3,6136417.5
2026-09-09T03:50:12,11.7,36179,1547350,1499733,2.3,0.00,0.54,0.00,2.15,0.00,0.00,0.03,34338.0,95830.0,61014.0,57.0,20.5,0.5,46.5,196.385,0.359,0.3,5986804.0
2026-09-09T03:50:17,11.0,36187,1547350,1499725,2.3,0.00,0.37,0.00,1.48,0.00,0.00,0.00,34340.0,95830.0,61012.0,63.0,15.5,0.5,35.5,214.220,0.350,0.3,7170297.0
2026-09-09T03:50:20,4.4,36194,1547350,1499718,2.3,0.00,0.62,0.00,2.50,0.00,0.00,0.00,34340.0,95830.0,61012.0,74.0,9.5,0.5,21.0,196.252,0.351,0.3,6641652.5
2026-09-09T03:50:24,4.5,36198,1547350,1499714,2.3,0.00,0.80,0.00,3.19,0.00,0.33,0.00,34340.0,95830.0,61012.0,68.0,17.0,0.5,36.5,206.927,0.356,0.3,6652847.5
2026-09-09T03:50:27,4.4,36204,1547350,1499708,2.3,0.00,1.09,0.00,4.36,0.00,0.00,0.00,34340.0,95830.0,61012.0,100.0,15.0,0.5,35.5,216.516,0.370,0.3,5874429.5
2026-09-09T03:50:30,6.4,36210,1547350,1499702,2.3,0.00,0.60,0.00,2.39,0.00,0.00,0.00,34342.0,95830.0,61010.0,70.0,9.5,0.5,23.0,195.040,0.347,0.3,6543941.0
2026-09-09T03:50:34,11.7,36221,1547350,1499691,2.3,0.00,2.01,0.00,10.04,0.00,0.00,0.00,34342.0,95830.0,61010.0,12.0,0.0,0.5,0.0,91.021,0.194,0.2,3343782.0
2026-09-09T03:50:37,10.7,36225,1547350,1499687,2.3,0.00,0.87,0.00,6.70,0.00,0.33,0.00,34342.0,95830.0,61010.0,0.0,11.5,0.5,26.5,198.424,0.173,0.1,3269414.5
2026-09-09T03:50:41,10.3,36246,1547350,1499666,2.3,0.00,1.03,0.00,4.12,0.00,0.00,0.00,34342.0,95830.0,61010.0,86.0,15.5,0.5,35.5,212.045,0.363,0.3,6422592.5
2026-09-09T03:50:45,4.4,36254,1547350,1499658,2.3,0.00,0.55,0.00,2.19,0.00,0.00,0.00,34344.0,95830.0,61008.0,69.0,16.0,0.5,39.0,212.538,0.365,0.3,6185131.0
2026-09-09T03:50:49,4.3,36264,1547350,1499648,2.3,0.00,0.47,0.00,1.89,0.00,0.00,0.00,34344.0,95830.0,61008.0,87.0,23.5,0.5,48.0,207.806,0.350,0.3,6433032.0
2026-09-09T03:50:53,4.3,37636,1547350,1498276,2.4,0.00,0.55,0.00,2.19,0.00,0.00,0.00,34344.0,95830.0,61008.0,71.0,21.5,0.5,47.0,206.604,0.367,0.3,6120015.0
2026-09-09T03:50:56,10.7,36422,1547350,1499490,2.4,0.00,0.67,0.00,2.67,0.00,0.00,0.00,34346.0,95830.0,61006.0,80.0,15.5,0.5,35.5,202.781,0.355,0.3,6546430.5
2026-09-09T03:51:00,12.9,36192,1547350,1499719,2.3,0.00,0.53,0.00,2.11,0.00,0.00,0.00,34346.0,95830.0,61006.0,70.0,16.0,0.5,35.5,204.387,0.351,0.3,6303884.5
2026-09-09T03:51:04,19.0,36203,1547350,1499708,2.3,0.00,0.93,0.00,4.67,0.00,0.00,0.00,34346.0,95830.0,61006.0,71.0,17.0,0.5,36.5,199.650,0.345,0.3,6877823.0
2026-09-09T03:51:08,13.8,36203,1547350,1499708,2.3,0.00,1.21,0.00,7.39,0.00,0.20,0.00,34348.0,95830.0,61004.0,93.0,15.0,0.5,34.5,200.864,0.354,0.3,6393973.0
2026-09-09T03:51:12,5.8,36215,1547350,1499697,2.3,0.00,0.51,0.00,2.05,0.00,0.00,0.00,34348.0,95830.0,61004.0,68.0,16.5,0.5,36.5,193.469,0.354,0.3,6242723.0
2026-09-09T03:51:15,4.5,36224,1547350,1499688,2.3,0.00,0.59,0.00,2.34,0.00,0.00,0.00,34348.0,95830.0,61004.0,73.0,14.5,0.5,35.5,191.544,0.353,0.3,6762551.0
2026-09-09T03:51:19,7.0,36229,1547350,1499683,2.3,0.00,0.52,0.00,2.09,0.00,0.00,0.00,34350.0,95830.0,61002.0,70.0,13.0,0.5,32.5,186.410,0.349,0.3,6185801.0
2026-09-09T03:51:23,11.7,36240,1547350,1499672,2.3,0.00,0.47,0.00,1.88,0.00,0.00,0.00,34350.0,95830.0,61002.0,73.0,6.5,0.5,15.0,205.081,0.351,0.3,6346052.5
2026-09-09T03:51:26,11.8,36247,1547350,1499665,2.3,0.00,0.68,0.00,2.71,0.00,0.00,0.00,34350.0,95830.0,61002.0,73.0,16.0,0.5,37.0,218.360,0.376,0.4,5989266.0
2026-09-09T03:51:30,10.1,36252,1547350,1499660,2.3,0.00,0.63,0.00,2.51,0.00,0.00,0.00,34352.0,95830.0,61000.0,67.0,14.0,0.5,32.5,197.478,0.372,0.3,5841095.5
2026-09-09T03:51:33,4.3,36260,1547350,1499652,2.3,0.00,2.33,0.00,11.40,0.00,0.11,0.00,34352.0,95830.0,61000.0,60.0,5.5,0.5,15.0,191.982,0.348,0.3,6408124.5
2026-09-09T03:51:37,4.3,36269,1547350,1499643,2.3,0.00,1.02,0.00,7.92,0.00,0.00,0.00,34352.0,95830.0,61000.0,75.0,16.5,0.5,35.5,198.832,0.336,0.3,6961221.5
2026-09-09T03:51:40,4.5,36326,1547350,1499585,2.3,0.00,0.99,0.00,3.97,0.00,0.00,0.00,34354.0,95830.0,60998.0,77.0,16.5,0.5,37.0,201.705,0.359,0.3,6560186.5
2026-09-09T03:51:45,9.1,36285,1547350,1499627,2.3,0.00,0.94,0.00,3.76,0.00,0.25,0.02,34354.0,95830.0,60998.0,91.0,16.5,0.5,36.5,215.321,0.361,0.3,6677717.0
2026-09-09T03:51:48,11.7,36293,1547350,1499619,2.3,0.00,0.68,0.00,2.70,0.00,0.00,0.03,34354.0,95830.0,60998.0,68.0,17.0,0.5,38.0,208.136,0.340,0.3,6011516.5
2026-09-09T03:51:52,11.7,36303,1547350,1499609,2.3,0.00,0.44,0.00,1.76,0.00,0.00,0.00,34356.0,95830.0,60996.0,74.0,18.5,0.5,37.5,214.279,0.350,0.3,6661166.5
2026-09-09T03:51:55,7.6,36311,1547350,1499601,2.3,0.00,0.59,0.00,2.38,0.00,0.00,0.00,34356.0,95830.0,60996.0,70.0,17.5,0.5,39.5,210.307,0.355,0.3,6125120.5
2026-09-09T03:52:02,5.0,36678,1547350,1499234,2.4,0.00,0.33,0.00,1.30,0.00,0.00,0.00,34356.0,95830.0,60996.0,70.0,14.5,0.5,33.5,209.770,0.355,0.3,6252901.5
2026-09-09T03:52:06,4.9,37703,1547350,1498209,2.4,0.00,3.14,0.00,19.52,0.00,0.07,0.00,34358.0,95830.0,60994.0,83.0,5.0,0.5,16.0,195.692,0.354,0.3,6490856.0
2026-09-09T03:52:10,19.2,37896,1547350,1498016,2.4,0.00,0.52,0.00,2.08,0.00,0.00,0.00,34358.0,95830.0,60994.0,79.0,20.5,0.5,42.5,211.762,0.371,0.3,5982639.5
2026-09-09T03:52:15,19.3,37822,1547350,1498090,2.4,0.00,0.40,0.00,1.59,0.00,0.00,0.00,34358.0,95830.0,60994.0,69.0,7.5,0.5,22.5,195.258,0.355,0.3,6562842.5
2026-09-09T03:52:20,10.8,37830,1547350,1498082,2.4,0.00,0.41,0.00,1.64,0.00,0.00,0.00,34360.0,95830.0,60992.0,37.0,16.0,0.5,33.0,199.976,0.370,0.3,6110283.0
2026-09-09T03:52:24,4.1,37838,1547350,1498074,2.4,0.00,0.52,0.00,2.10,0.00,0.00,0.00,34360.0,95830.0,60992.0,72.0,7.0,0.5,16.5,194.971,0.353,0.3,5933440.5
2026-09-09T03:52:27,4.4,37847,1547350,1498064,2.4,0.00,0.55,0.00,2.21,0.00,0.50,0.00,34362.0,95830.0,60990.0,76.0,17.5,0.5,44.0,203.704,0.355,0.3,6885778.5
2026-09-09T03:52:31,5.7,37854,1547350,1498058,2.4,0.00,0.48,0.00,1.93,0.00,0.00,0.00,34362.0,95830.0,60990.0,78.0,2.5,0.5,8.5,194.483,0.317,0.3,7177723.0
2026-09-09T03:52:34,11.7,37858,1547350,1498053,2.4,0.00,2.33,0.00,10.67,0.00,0.00,0.00,34362.0,95830.0,60990.0,67.0,2.5,0.5,7.5,197.240,0.319,0.3,6576874.5
2026-09-09T03:52:38,11.8,37869,1547350,1498043,2.4,0.00,1.31,0.00,10.52,0.00,0.20,0.03,34364.0,95830.0,60988.0,69.0,15.5,0.5,36.0,210.248,0.354,0.3,6628194.0
2026-09-09T03:52:42,11.4,37872,1547350,1498040,2.4,0.00,0.72,0.00,2.86,0.00,0.00,0.00,34364.0,95830.0,60988.0,89.0,10.5,0.5,24.0,200.346,0.346,0.3,6249055.5
2026-09-09T03:52:45,4.5,37882,1547350,1498030,2.4,0.00,1.03,0.00,4.14,0.00,0.00,0.00,34364.0,95830.0,60988.0,73.0,15.5,0.5,36.5,211.775,0.352,0.3,6228093.0
2026-09-09T03:52:49,4.4,37892,1547350,1498020,2.4,0.00,0.95,0.00,3.78,0.00,0.00,0.00,34366.0,95830.0,60986.0,73.0,15.0,0.5,35.0,209.841,0.354,0.3,6400796.5
2026-09-09T03:52:53,4.3,38196,1547350,1497716,2.5,0.00,0.44,0.00,1.74,0.00,0.00,0.00,34366.0,95830.0,60986.0,57.0,14.5,0.5,35.0,204.526,0.365,0.3,6187967.0
2026-09-09T03:53:01,3.5,44147,1547350,1491765,2.9,1.53,3.19,67.93,98.44,0.08,0.12,0.03,34370.0,95830.0,60982.0,74.0,16.5,0.5,37.5,208.385,0.356,0.3,6341001.0
2026-09-09T03:54:18,4.1,37961,1547350,1497951,2.5,1.38,0.23,34.06,1.99,0.14,0.11,0.01,34380.0,95830.0,60972.0,70.0,6.0,0.5,16.5,194.070,0.000,0.0,0.0
2026-09-09T03:54:20,4.5,37967,1547350,1497945,2.5,0.00,1.00,0.00,3.99,0.00,0.00,0.00,34380.0,95830.0,60972.0,95.0,17.0,0.5,37.0,201.211,0.368,0.3,6780432.0
2026-09-09T03:54:23,4.2,37972,1547350,1497940,2.5,0.00,0.73,0.00,2.93,0.00,0.00,0.00,34380.0,95830.0,60972.0,73.0,24.5,0.5,50.0,198.069,0.361,0.3,6345618.0
2026-09-09T03:54:25,3.4,32456,1547350,1503456,2.1,3.71,0.74,397.18,2.96,0.40,0.00,0.04,34380.0,95830.0,60972.0,71.0,7.0,0.5,20.0,188.784,0.351,0.3,6203392.5
2026-09-09T03:54:29,3.5,31279,1547350,1504633,2.0,0.00,0.53,0.00,2.12,0.00,0.00,0.00,34382.0,95830.0,60970.0,68.0,22.5,0.5,49.5,203.004,0.348,0.3,5648070.0
2026-09-09T03:54:32,4.2,31065,1547350,1504848,2.0,0.00,0.71,0.00,2.84,0.00,0.00,0.00,34382.0,95830.0,60970.0,78.0,18.0,0.5,33.5,200.065,0.358,0.3,6291539.5
2026-09-09T03:54:34,10.4,31067,1547350,1504846,2.0,0.00,4.17,0.00,20.40,0.00,0.11,0.00,34382.0,95830.0,60970.0,73.0,17.5,0.5,37.5,212.772,0.373,0.4,5844880.0
2026-09-09T03:54:37,10.6,31070,1547350,1504843,2.0,0.00,0.80,0.00,3.21,0.00,0.00,0.00,34382.0,95830.0,60970.0,79.0,14.5,0.5,34.5,201.550,0.358,0.3,6701171.5
2026-09-09T03:54:39,10.6,31135,1547350,1504778,2.0,0.00,1.60,0.00,16.37,0.00,0.00,0.00,34384.0,95830.0,60968.0,78.0,13.0,0.5,29.5,205.029,0.362,0.3,6160307.5
2026-09-09T03:54:44,7.5,31345,1547350,1504568,2.0,0.00,0.64,0.00,2.54,0.00,0.00,0.00,34384.0,95830.0,60968.0,72.0,4.0,0.5,11.5,199.664,0.365,0.3,6482130.0
2026-09-09T03:54:46,4.2,31989,1547350,1503924,2.1,0.00,0.84,0.00,3.34,0.00,0.00,0.00,34384.0,95830.0,60968.0,70.0,15.5,0.5,34.5,203.047,0.350,0.3,6326516.5
2026-09-09T03:54:50,4.4,32623,1547350,1503289,2.1,0.00,0.59,0.00,2.35,0.00,0.50,0.00,34384.0,95830.0,60968.0,100.0,16.0,0.5,35.5,210.188,0.362,0.3,6209899.5
2026-09-09T03:54:52,4.3,32768,1547350,1503144,2.1,0.00,0.83,0.00,3.31,0.00,0.00,0.00,34384.0,95830.0,60968.0,82.0,12.0,0.5,29.0,209.056,0.366,0.3,6274678.0
2026-09-09T03:54:55,3.9,32677,1547350,1503236,2.1,0.00,0.64,0.00,2.56,0.00,0.00,0.00,34386.0,95830.0,60966.0,57.0,4.0,0.5,13.0,205.253,0.368,0.3,6004956.0
2026-09-09T03:54:58,3.3,32682,1547350,1503230,2.1,0.00,0.81,0.00,3.22,0.00,0.00,0.00,34386.0,95830.0,60966.0,73.0,21.0,0.5,50.0,196.534,0.346,0.3,6743481.5
2026-09-09T03:55:00,3.3,32690,1547350,1503223,2.1,0.00,2.65,0.00,13.65,0.00,0.00,0.00,34386.0,95830.0,60966.0,75.0,17.5,0.5,37.0,200.523,0.366,0.3,6121757.5
2026-09-09T03:55:03,3.4,32701,1547350,1503211,2.1,0.00,0.77,0.00,3.09,0.00,0.50,0.00,34386.0,95830.0,60966.0,64.0,15.5,0.5,35.5,207.113,0.359,0.3,6406694.5
2026-09-09T03:55:06,3.2,32708,1547350,1503205,2.1,0.00,0.71,0.00,2.84,0.00,0.00,0.00,34388.0,95830.0,60964.0,84.0,13.5,0.5,33.0,192.898,0.360,0.3,6230999.5
2026-09-09T03:55:09,3.3,32717,1547350,1503196,2.1,0.00,8.00,0.00,54.44,0.00,0.07,0.00,34388.0,95830.0,60964.0,74.0,13.5,0.5,33.0,202.996,0.349,0.3,7073895.0
2026-09-09T03:55:13,4.2,32726,1547350,1503187,2.1,0.00,0.49,0.00,1.94,0.00,0.00,0.00,34388.0,95830.0,60964.0,68.0,21.0,0.5,50.0,210.761,0.386,0.4,5852306.0
2026-09-09T03:55:17,3.4,32733,1547350,1503180,2.1,0.00,0.28,0.00,1.13,0.00,1.00,0.00,34390.0,95830.0,60962.0,70.0,17.5,0.5,40.5,212.103,0.357,0.3,5806330.5
2026-09-09T03:55:22,3.1,32743,1547350,1503169,2.1,0.00,0.62,0.00,2.50,0.00,0.00,0.00,34390.0,95830.0,60962.0,69.0,16.5,0.5,38.0,210.200,0.365,0.3,6513066.0
2026-09-09T03:55:26,3.3,32753,1547350,1503160,2.1,0.00,0.46,0.00,1.84,0.00,0.00,0.00,34392.0,95830.0,60960.0,78.0,17.0,0.5,38.5,201.954,0.349,0.3,6546388.0
2026-09-09T03:55:31,3.7,34280,1547350,1501632,2.2,0.00,0.40,0.00,1.59,0.00,0.00,0.00,34392.0,95830.0,60960.0,87.0,14.5,0.5,35.0,204.659,0.349,0.3,6339514.5
2026-09-09T03:55:37,4.0,37928,1547350,1497985,2.5,0.00,2.61,0.00,22.32,0.00,0.06,0.00,34392.0,95830.0,60960.0,78.0,17.0,0.5,35.5,196.483,0.339,0.3,6411392.0
2026-09-09T03:55:41,8.4,37646,1547350,1498267,2.4,0.00,0.86,0.00,4.58,0.00,0.33,0.00,34394.0,95830.0,60958.0,55.0,14.5,0.5,33.0,206.958,0.363,0.3,6236158.0
2026-09-09T03:55:45,11.6,37683,1547350,1498230,2.4,0.00,0.95,0.00,3.79,0.00,0.00,0.00,34394.0,95830.0,60958.0,45.0,16.0,0.5,35.5,199.510,0.360,0.3,6492489.5
2026-09-09T03:55:49,11.5,37712,1547350,1498201,2.4,0.00,0.53,0.00,2.11,0.00,0.00,0.00,34396.0,95830.0,60956.0,70.0,11.5,0.5,31.0,195.550,0.344,0.3,6587438.5
2026-09-09T03:55:53,7.9,37837,1547350,1498075,2.4,0.00,0.50,0.00,2.01,0.00,0.00,0.00,34396.0,95830.0,60956.0,100.0,16.5,0.5,35.5,208.428,0.358,0.3,6209097.0
2026-09-09T03:55:59,11.7,37846,1547350,1498066,2.4,0.00,0.34,0.00,1.36,0.00,0.00,0.00,34396.0,95830.0,60956.0,69.0,15.5,0.5,35.0,206.666,0.363,0.3,6301926.5
2026-09-09T03:56:03,9.7,37863,1547350,1498049,2.4,0.00,0.61,0.00,3.26,0.00,0.00,0.00,34398.0,95830.0,60954.0,74.0,4.0,0.5,10.5,195.254,0.349,0.3,6509532.5
2026-09-09T03:56:11,3.9,39809,1547350,1496103,2.6,0.00,1.61,0.00,8.06,0.00,0.08,0.00,34400.0,95830.0,60952.0,99.0,14.5,0.5,35.0,206.681,0.360,0.3,6052980.5
2026-09-09T03:56:16,2.7,37826,1547350,1498086,2.4,20.59,5.34,674.17,105.15,0.18,0.11,0.10,34412.0,95830.0,60940.0,74.0,7.0,0.5,15.0,191.834,0.000,0.0,0.0
2026-09-09T03:57:34,18.9,37833,1547350,1498079,2.4,0.00,0.09,0.00,0.41,0.00,0.00,0.00,34412.0,95830.0,60940.0,72.0,16.0,0.5,36.0,207.271,0.000,0.0,0.0
2026-09-09T03:57:35,18.9,37836,1547350,1498077,2.4,0.00,1.13,0.00,4.50,0.00,0.00,0.00,34412.0,95830.0,60940.0,71.0,15.5,0.5,35.5,210.394,0.362,0.3,6132107.5
2026-09-09T03:57:37,18.9,37840,1547350,1498073,2.4,0.00,1.06,0.00,4.25,0.00,0.00,0.00,34414.0,95830.0,60938.0,69.0,15.5,0.5,34.5,196.784,0.350,0.3,6877423.5
2026-09-09T03:57:40,19.0,37840,1547350,1498073,2.4,0.00,2.27,0.00,17.04,0.00,0.17,0.00,34414.0,95830.0,60938.0,100.0,6.0,0.5,14.5,201.040,0.362,0.3,5636578.5
2026-09-09T03:57:43,17.0,37845,1547350,1498067,2.4,0.00,1.10,0.00,4.40,0.00,0.00,0.00,34414.0,95830.0,60938.0,71.0,15.5,0.5,36.0,203.841,0.334,0.3,6399915.5
2026-09-09T03:57:46,5.8,37853,1547350,1498060,2.4,0.00,0.71,0.00,2.83,0.00,0.00,0.00,34414.0,95830.0,60938.0,71.0,15.0,0.5,36.0,208.129,0.344,0.3,6301685.5
2026-09-09T03:57:48,4.4,37869,1547350,1498044,2.4,0.00,0.86,0.00,3.43,0.00,0.00,0.00,34414.0,95830.0,60938.0,72.0,17.0,0.5,35.0,196.983,0.363,0.3,6264849.5
2026-09-09T03:57:53,3.2,37872,1547350,1498040,2.4,0.00,0.73,0.00,2.90,0.00,0.00,0.00,34416.0,95830.0,60936.0,72.0,14.5,0.5,28.0,190.034,0.363,0.3,5368489.5
2026-09-09T03:57:56,3.5,40753,1547350,1495160,2.6,0.00,0.64,0.00,2.56,0.00,0.00,0.00,34416.0,95830.0,60936.0,91.0,13.5,0.5,31.0,205.060,0.362,0.3,6325080.5
2026-09-09T03:57:59,4.5,37936,1547350,1497976,2.5,0.00,13.25,0.00,74.41,0.00,0.09,0.00,34430.0,95830.0,60922.0,68.0,14.5,0.5,35.5,184.675,0.000,0.0,0.0
2026-09-09T03:59:18,3.2,37900,1547350,1498013,2.4,0.00,0.03,0.00,0.10,0.00,0.00,0.00,34430.0,95830.0,60922.0,62.0,15.0,0.5,35.0,209.433,0.346,0.3,6458616.0
2026-09-09T03:59:20,19.1,37904,1547350,1498009,2.4,0.00,0.93,0.00,3.71,0.00,0.00,0.00,34432.0,95830.0,60920.0,74.0,14.5,0.5,34.0,201.451,0.349,0.3,6616589.0
2026-09-09T03:59:23,18.9,37906,1547350,1498006,2.4,0.00,0.78,0.00,3.10,0.00,0.00,0.00,34432.0,95830.0,60920.0,74.0,23.5,0.5,50.0,202.466,0.345,0.3,6964572.0
2026-09-09T03:59:26,17.7,37910,1547350,1498002,2.5,0.00,0.82,0.00,4.36,0.00,0.00,0.00,34432.0,95830.0,60920.0,68.0,16.0,0.5,37.5,207.627,0.381,0.4,5843649.0
2026-09-09T03:59:29,8.0,37917,1547350,1497996,2.5,0.00,2.97,0.00,14.51,0.00,0.11,0.00,34434.0,95830.0,60918.0,100.0,16.0,0.5,32.5,190.119,0.322,0.3,6043821.5
2026-09-09T03:59:33,4.8,42806,1547350,1493107,2.8,0.00,0.51,0.00,2.04,0.00,0.00,0.00,34434.0,95830.0,60918.0,75.0,13.5,0.5,31.0,201.500,0.360,0.3,6000466.0
2026-09-09T03:59:41,4.3,49269,1547350,1486643,3.2,0.00,0.65,0.00,8.76,0.00,0.00,0.00,34446.0,95830.0,60906.0,90.0,23.0,0.5,50.0,182.075,0.000,0.0,0.0
2026-09-09T04:00:59,3.3,43101,1547350,1492812,2.8,0.09,0.32,0.71,1.93,0.14,0.08,0.00,34446.0,95830.0,60906.0,72.0,26.5,0.5,50.0,193.754,0.000,0.0,0.0
2026-09-09T04:01:01,27.1,43110,1547350,1492802,2.8,0.54,1.07,2.14,4.29,0.00,0.00,0.00,34446.0,95830.0,60906.0,74.0,15.5,0.5,35.5,203.507,0.360,0.3,6138365.0
2026-09-09T04:01:04,27.5,43110,1547350,1492802,2.8,0.00,1.76,0.00,7.06,0.00,0.00,0.00,34446.0,95830.0,60906.0,51.0,18.0,0.5,38.0,206.291,0.350,0.3,6921514.0
2026-09-09T04:01:06,27.5,43111,1547350,1492802,2.8,0.00,0.99,0.00,3.96,0.00,0.00,0.00,34446.0,95830.0,60906.0,80.0,17.5,0.5,40.0,215.677,0.348,0.3,6555318.5
2026-09-09T04:01:08,27.2,43112,1547350,1492801,2.8,0.00,0.84,0.00,3.34,0.00,0.00,0.00,34446.0,95830.0,60906.0,96.0,13.5,0.5,33.0,198.886,0.366,0.3,6113457.5
2026-09-09T04:01:10,20.1,43115,1547350,1492797,2.8,0.00,1.05,0.00,4.20,0.00,0.50,0.00,34446.0,95830.0,60906.0,76.0,15.5,0.5,35.5,210.859,0.347,0.3,6518984.0
2026-09-09T04:01:12,12.2,43116,1547350,1492796,2.8,0.00,2.01,0.00,12.25,0.00,0.00,0.00,34448.0,95830.0,60904.0,69.0,6.5,0.5,14.5,190.554,0.362,0.3,6263854.0
2026-09-09T04:01:14,9.0,43126,1547350,1492787,2.8,0.00,0.96,0.00,3.83,0.00,0.00,0.05,34448.0,95830.0,60904.0,83.0,0.0,0.5,0.0,115.640,0.135,0.1,2823656.0
2026-09-09T04:01:21,4.9,45109,1547350,1490803,2.9,0.00,3.21,0.00,21.29,0.00,0.10,0.00,34462.0,95830.0,60890.0,0.0,15.5,0.5,35.0,207.773,0.000,0.0,0.0
2026-09-09T04:02:50,3.1,44477,1547350,1491436,2.9,0.01,0.39,0.13,3.21,0.00,0.09,0.00,34462.0,95830.0,60890.0,76.0,15.5,0.5,36.0,202.507,0.000,0.0,0.0
2026-09-09T04:02:52,20.2,48901,1547350,1487011,3.2,0.00,0.98,0.00,3.90,0.00,0.00,0.00,34462.0,95830.0,60890.0,92.0,13.5,0.5,32.0,195.898,0.357,0.3,6213595.5
2026-09-09T04:02:54,20.2,49461,1547350,1486451,3.2,0.00,2.01,0.00,8.04,0.00,0.25,0.00,34462.0,95830.0,60890.0,69.0,16.0,0.5,37.5,205.236,0.000,0.0,0.0
2026-09-09T04:04:13,4.7,43124,1547350,1492789,2.8,0.05,0.48,0.31,2.96,0.00,0.08,0.00,34476.0,95830.0,60876.0,71.0,16.5,0.5,35.5,196.506,0.000,0.0,0.0
2026-09-09T04:04:14,19.3,43812,1547350,1492101,2.8,0.00,1.18,0.00,4.73,0.00,0.00,0.00,34476.0,95830.0,60876.0,85.0,5.5,0.5,13.5,194.930,0.337,0.3,6651202.0
2026-09-09T04:04:16,20.1,49448,1547350,1486465,3.2,0.00,1.14,0.00,4.58,0.00,0.00,0.00,34476.0,95830.0,60876.0,71.0,16.5,0.5,38.5,202.093,0.359,0.3,5762341.0
2026-09-09T04:04:18,20.0,43193,1547350,1492719,2.8,0.00,18.17,0.00,119.77,0.00,0.09,0.00,34490.0,95830.0,60862.0,69.0,21.0,0.5,49.0,177.465,0.000,0.0,0.0
2026-09-09T04:05:35,4.6,43157,1547350,1492756,2.8,0.00,0.03,0.00,0.10,0.00,0.00,0.00,34490.0,95830.0,60862.0,88.0,14.0,0.5,33.0,200.058,0.000,0.0,0.0
2026-09-09T04:05:38,27.3,43160,1547350,1492753,2.8,0.00,0.91,0.00,3.65,0.00,0.00,0.00,34490.0,95830.0,60862.0,77.0,15.5,0.5,34.5,199.493,0.369,0.3,5910811.0
2026-09-09T04:05:40,28.3,43162,1547350,1492750,2.8,0.00,0.88,0.00,3.51,0.00,0.00,0.00,34490.0,95830.0,60862.0,13.0,18.0,0.5,37.5,198.550,0.316,0.3,6058795.0
2026-09-09T04:05:42,28.5,43164,1547350,1492748,2.8,0.00,4.31,0.00,34.51,0.00,0.10,0.00,34490.0,95830.0,60862.0,72.0,2.0,0.5,7.5,193.757,0.315,0.3,7399538.5
2026-09-09T04:05:44,23.2,43170,1547350,1492743,2.8,0.00,1.83,0.00,10.98,0.00,0.00,0.00,34490.0,95830.0,60862.0,74.0,14.5,0.5,34.5,209.254,0.362,0.3,5806963.5
2026-09-09T04:05:47,13.4,43173,1547350,1492739,2.8,0.00,1.37,0.00,5.46,0.00,0.00,0.00,34492.0,95830.0,60860.0,95.0,15.5,0.5,36.5,207.834,0.337,0.3,5988754.5
2026-09-09T04:05:49,5.4,43193,1547350,1492720,2.8,0.00,0.85,0.00,3.39,0.00,0.00,0.04,34492.0,95830.0,60860.0,70.0,8.5,0.5,23.0,183.287,0.321,0.3,6405880.5
2026-09-09T04:05:52,10.3,43185,1547350,1492728,2.8,0.00,0.73,0.00,2.91,0.00,0.00,0.00,34492.0,95830.0,60860.0,44.0,20.5,0.5,38.0,192.745,0.365,0.3,5443475.5
2026-09-09T04:05:54,13.3,43364,1547350,1492549,2.8,0.00,0.79,0.00,3.15,0.00,0.50,0.00,34492.0,95830.0,60860.0,74.0,20.0,0.5,50.0,206.481,0.358,0.3,6120029.5
2026-09-09T04:06:00,11.9,43205,1547350,1492707,2.8,0.00,0.53,0.00,2.14,0.00,0.00,0.00,34494.0,95830.0,60858.0,74.0,10.5,0.5,25.5,184.180,0.321,0.3,5997301.0
2026-09-09T04:06:02,9.3,44638,1547350,1491275,2.9,0.00,0.97,0.00,3.87,0.00,0.00,0.00,34494.0,95830.0,60858.0,73.0,16.5,0.5,39.5,201.087,0.371,0.3,6088907.5
2026-09-09T04:06:04,5.4,49509,1547350,1486404,3.2,0.00,0.93,0.00,3.72,0.00,0.00,0.00,34494.0,95830.0,60858.0,95.0,14.5,0.5,36.0,204.327,0.360,0.3,6349451.5
2026-09-09T04:06:07,8.6,43236,1547350,1492676,2.8,0.00,14.06,0.00,102.89,0.00,0.08,0.00,34506.0,95830.0,60846.0,85.0,14.0,0.5,34.5,200.273,0.000,0.0,0.0
2026-09-09T04:07:25,4.9,43314,1547350,1492599,2.8,0.22,0.43,2.54,2.86,0.12,0.09,0.00,34516.0,95830.0,60836.0,26.0,14.0,0.5,34.0,203.305,0.000,0.0,0.0
2026-09-09T04:08:44,5.5,43286,1547350,1492626,2.8,0.00,0.20,0.00,1.13,0.00,0.06,0.00,34516.0,95830.0,60836.0,100.0,14.0,0.5,33.0,215.172,0.000,0.0,0.0
2026-09-09T04:08:46,12.8,49627,1547350,1486285,3.2,0.00,1.00,0.00,4.01,0.00,0.00,0.00,34516.0,95830.0,60836.0,16.0,15.0,0.5,36.0,207.141,0.345,0.3,5737498.0
2026-09-09T04:10:04,3.3,43318,1547350,1492594,2.8,0.00,0.42,0.00,2.65,0.00,0.06,0.00,34528.0,95830.0,60824.0,50.0,16.0,0.5,37.5,199.553,0.000,0.0,0.0
2026-09-09T04:10:06,19.2,36645,1547350,1499268,2.4,0.00,1.10,0.00,4.39,0.00,0.00,0.00,34528.0,95830.0,60824.0,79.0,18.0,0.5,43.0,192.440,0.000,0.0,0.0
2026-09-09T04:10:09,19.5,36648,1547350,1499265,2.4,0.00,0.75,0.00,3.01,0.00,0.00,0.00,34528.0,95830.0,60824.0,75.0,5.5,0.5,10.5,195.637,0.360,0.3,6630230.5
2026-09-09T04:10:11,19.1,36648,1547350,1499265,2.4,0.00,0.95,0.00,3.79,0.00,0.50,0.00,34528.0,95830.0,60824.0,85.0,19.5,0.5,47.0,194.305,0.332,0.3,7282802.0
2026-09-09T04:10:14,19.8,36650,1547350,1499263,2.4,0.00,1.42,0.00,13.46,0.00,0.00,0.00,34528.0,95830.0,60824.0,71.0,5.0,0.5,13.5,196.387,0.345,0.3,6891450.5
2026-09-09T04:10:16,17.6,36652,1547350,1499261,2.4,0.00,0.85,0.00,3.38,0.00,0.00,0.00,34530.0,95830.0,60822.0,72.0,20.5,0.5,50.0,201.079,0.370,0.3,5702244.0
2026-09-09T04:10:18,4.5,36659,1547350,1499254,2.4,0.00,1.29,0.00,5.16,0.00,0.00,0.04,34530.0,95830.0,60822.0,66.0,14.0,0.5,32.0,213.010,0.366,0.3,6104680.0
2026-09-09T04:10:22,8.3,36661,1547350,1499252,2.4,0.00,0.27,0.00,1.07,0.00,0.00,0.00,34530.0,95830.0,60822.0,61.0,16.5,0.5,35.5,208.442,0.370,0.3,5459175.0
2026-09-09T04:10:25,11.6,36664,1547350,1499249,2.4,0.00,0.79,0.00,3.14,0.00,0.00,0.00,34532.0,95830.0,60820.0,39.0,14.5,0.5,33.0,198.745,0.356,0.3,5724478.0
2026-09-09T04:10:28,16.5,36669,1547350,1499244,2.4,0.00,0.81,0.00,3.24,0.00,0.00,0.00,34532.0,95830.0,60820.0,100.0,18.0,0.5,38.0,211.346,0.365,0.3,6259310.5
2026-09-09T04:10:33,16.9,36672,1547350,1499241,2.4,0.00,0.97,0.00,3.88,0.00,0.00,0.00,34532.0,95830.0,60820.0,58.0,16.5,0.5,33.5,200.026,0.358,0.3,6580306.5
2026-09-09T04:10:36,11.5,36675,1547350,1499238,2.4,0.00,4.85,0.00,25.87,0.00,0.13,0.00,34534.0,95830.0,60818.0,0.0,16.5,0.5,37.5,133.245,0.342,0.3,5498591.0
2026-09-09T04:10:43,5.8,40986,1547350,1494927,2.6,0.00,0.28,0.00,1.11,0.00,0.00,0.00,34534.0,95830.0,60818.0,21.0,15.0,0.5,35.5,209.582,0.241,0.2,5460213.0
2026-09-09T04:10:45,4.4,36708,1547350,1499205,2.4,0.00,31.70,0.00,209.39,0.00,0.09,0.00,34546.0,95830.0,60806.0,72.0,15.0,0.5,34.5,207.237,0.000,0.0,0.0
2026-09-09T04:12:04,2.7,36711,1547350,1499202,2.4,0.00,0.03,0.00,0.10,0.00,0.00,0.00,34548.0,95830.0,60804.0,69.0,15.5,0.5,35.5,211.548,0.356,0.3,6436778.0
2026-09-09T04:12:06,19.1,36715,1547350,1499198,2.4,0.00,4.44,0.00,17.75,0.00,0.10,0.00,34548.0,95830.0,60804.0,80.0,14.5,0.5,34.5,208.774,0.359,0.3,6371244.5
2026-09-09T04:12:09,19.0,36719,1547350,1499194,2.4,0.00,0.81,0.00,3.24,0.00,0.00,0.04,34548.0,95830.0,60804.0,87.0,16.0,0.5,34.0,200.374,0.358,0.3,6510189.5
2026-09-09T04:12:11,19.3,36716,1547350,1499197,2.4,0.00,2.53,0.00,11.79,0.00,0.00,0.00,34548.0,95830.0,60804.0,80.0,15.5,0.5,36.0,211.789,0.336,0.3,5988034.5
2026-09-09T04:12:13,18.9,36718,1547350,1499195,2.4,0.00,0.88,0.00,3.53,0.00,0.00,0.00,34548.0,95830.0,60804.0,70.0,16.0,0.5,36.0,209.684,0.359,0.3,6526666.0
2026-09-09T04:12:16,7.2,36720,1547350,1499193,2.4,0.00,1.80,0.00,11.89,0.00,0.25,0.00,34550.0,95830.0,60802.0,76.0,23.0,0.5,49.0,190.092,0.335,0.3,6622996.0
2026-09-09T04:12:18,4.4,36723,1547350,1499190,2.4,0.00,1.99,0.00,7.97,0.00,0.00,0.00,34550.0,95830.0,60802.0,89.0,16.5,0.5,36.5,207.231,0.359,0.3,6018469.5
2026-09-09T04:12:21,11.8,36728,1547350,1499185,2.4,0.00,1.39,0.00,5.56,0.00,0.00,0.00,34550.0,95830.0,60802.0,68.0,17.0,0.5,40.5,197.155,0.351,0.3,6623371.0
2026-09-09T04:12:24,12.6,36730,1547350,1499183,2.4,0.00,0.63,0.00,2.51,0.00,0.00,0.00,34550.0,95830.0,60802.0,33.0,14.5,0.5,34.0,190.489,0.342,0.3,6502568.5
2026-09-09T04:12:27,19.1,36734,1547350,1499179,2.4,0.00,0.83,0.00,3.31,0.00,0.00,0.00,34550.0,95830.0,60802.0,71.0,21.0,0.5,50.0,193.696,0.357,0.3,6451690.5
2026-09-09T04:12:29,19.0,36735,1547350,1499177,2.4,0.00,1.53,0.00,6.13,0.00,0.00,0.04,34552.0,95830.0,60800.0,100.0,15.0,0.5,34.0,210.726,0.354,0.3,5891129.0
2026-09-09T04:12:32,11.7,36738,1547350,1499175,2.4,0.00,1.28,0.00,5.13,0.00,0.25,0.00,34552.0,95830.0,60800.0,89.0,16.0,0.5,37.5,206.243,0.342,0.3,6442567.5
2026-09-09T04:12:35,15.1,36742,1547350,1499171,2.4,0.00,0.68,0.00,2.72,0.00,0.00,0.00,34554.0,95830.0,60798.0,61.0,18.0,0.5,44.0,195.502,0.341,0.3,6731348.5
2026-09-09T04:12:39,18.0,36745,1547350,1499168,2.4,0.00,1.01,0.00,4.03,0.00,0.00,0.00,34554.0,95830.0,60798.0,65.0,18.0,0.5,39.5,195.480,0.338,0.3,7073335.5
2026-09-09T04:12:43,11.4,36748,1547350,1499165,2.4,0.00,1.17,0.00,4.70,0.00,0.00,0.00,34554.0,95830.0,60798.0,84.0,16.0,0.5,36.0,207.681,0.363,0.3,6195401.5
2026-09-09T04:12:47,9.2,36748,1547350,1499165,2.4,0.00,3.61,0.00,37.04,0.00,0.07,0.00,34556.0,95830.0,60796.0,70.0,13.5,0.5,31.5,209.482,0.346,0.3,5652702.0
2026-09-09T04:12:50,7.0,36753,1547350,1499160,2.4,0.00,1.96,0.00,7.86,0.00,0.17,0.00,34556.0,95830.0,60796.0,62.0,17.5,0.5,33.0,194.789,0.306,0.3,5808349.5
2026-09-09T04:12:53,20.2,36754,1547350,1499159,2.4,0.00,0.66,0.00,2.66,0.00,0.00,0.00,34558.0,95830.0,60794.0,70.0,19.0,0.5,47.5,207.458,0.355,0.3,5932419.0
2026-09-09T04:12:56,18.9,36757,1547350,1499155,2.4,0.00,0.91,0.00,4.85,0.00,0.00,0.00,34558.0,95830.0,60794.0,69.0,17.5,0.5,37.5,206.012,0.366,0.3,5805747.5
2026-09-09T04:13:00,19.0,36765,1547350,1499148,2.4,0.00,2.88,0.00,12.57,0.00,0.09,0.00,34558.0,95830.0,60794.0,77.0,15.0,0.5,34.5,207.393,0.359,0.3,5965721.5
2026-09-09T04:13:03,13.5,36766,1547350,1499147,2.4,0.00,0.61,0.00,2.44,0.00,0.50,0.00,34558.0,95830.0,60794.0,72.0,13.0,0.5,34.0,192.755,0.341,0.3,6479951.0
2026-09-09T04:13:06,6.7,36769,1547350,1499144,2.4,0.00,1.18,0.00,4.72,0.00,0.00,0.00,34560.0,95830.0,60792.0,73.0,19.0,0.5,47.5,200.078,0.348,0.3,6174965.5
2026-09-09T04:13:10,11.7,36797,1547350,1499116,2.4,0.00,1.47,0.00,7.83,0.00,0.00,0.00,34560.0,95830.0,60792.0,64.0,19.0,0.5,47.0,216.232,0.378,0.4,5999643.5
2026-09-09T04:13:16,15.5,36773,1547350,1499140,2.4,0.00,0.60,0.00,5.39,0.00,0.00,0.00,34560.0,95830.0,60792.0,72.0,14.0,0.5,34.0,204.609,0.347,0.3,6271054.0
2026-09-09T04:13:19,14.0,36776,1547350,1499137,2.4,0.00,1.09,0.00,4.38,0.00,0.25,0.00,34562.0,95830.0,60790.0,74.0,18.5,0.5,44.5,190.329,0.367,0.3,5947744.0
2026-09-09T04:13:23,14.9,36778,1547350,1499135,2.4,0.00,1.24,0.00,4.95,0.00,0.00,0.00,34562.0,95830.0,60790.0,20.0,15.0,0.5,34.0,213.674,0.339,0.3,6196381.0
2026-09-09T04:13:27,17.2,36781,1547350,1499132,2.4,0.00,0.54,0.00,2.15,0.00,0.00,0.00,34562.0,95830.0,60790.0,66.0,16.5,0.5,40.0,215.296,0.392,0.4,5972913.0
2026-09-09T04:13:33,11.6,36785,1547350,1499128,2.4,0.00,0.35,0.00,1.41,0.00,0.00,0.00,34564.0,95830.0,60788.0,72.0,17.0,0.5,35.5,201.743,0.344,0.3,6638168.0
2026-09-09T04:13:37,4.3,36789,1547350,1499124,2.4,0.00,0.50,0.00,1.98,0.00,0.00,0.00,34566.0,95830.0,60786.0,55.0,14.5,0.5,33.5,206.890,0.338,0.3,6270807.5
2026-09-09T04:13:41,18.4,36791,1547350,1499122,2.4,0.00,0.48,0.00,1.93,0.00,0.00,0.00,34566.0,95830.0,60786.0,74.0,20.0,0.5,50.0,206.939,0.364,0.3,6444586.5
2026-09-09T04:13:45,19.0,36792,1547350,1499121,2.4,0.00,3.30,0.00,30.30,0.00,0.08,0.00,34566.0,95830.0,60786.0,99.0,17.0,0.5,37.0,207.561,0.362,0.3,5945893.5
2026-09-09T04:13:49,17.6,36796,1547350,1499117,2.4,0.00,0.46,0.00,1.83,0.00,0.00,0.00,34568.0,95830.0,60784.0,71.0,14.0,0.5,35.0,212.257,0.361,0.3,6428922.0
2026-09-09T04:13:55,8.4,36800,1547350,1499113,2.4,0.00,0.91,0.00,3.64,0.00,0.20,0.00,34568.0,95830.0,60784.0,71.0,17.0,0.5,35.0,216.618,0.361,0.3,6155229.5
2026-09-09T04:13:59,11.6,36803,1547350,1499110,2.4,0.00,0.51,0.00,2.03,0.00,0.00,0.00,34568.0,95830.0,60784.0,61.0,17.5,0.5,41.0,195.418,0.356,0.3,6791132.0
2026-09-09T04:14:02,14.4,36811,1547350,1499102,2.4,0.00,0.53,0.00,2.13,0.00,0.00,0.00,34568.0,95830.0,60784.0,60.0,17.0,0.5,35.5,208.601,0.343,0.3,6064289.0
2026-09-09T04:14:06,16.2,36811,1547350,1499102,2.4,0.00,0.58,0.00,2.32,0.00,0.00,0.00,34570.0,95830.0,60782.0,76.0,16.5,0.5,34.5,206.557,0.360,0.3,6340840.5
2026-09-09T04:14:10,12.2,36814,1547350,1499099,2.4,0.00,0.49,0.00,1.95,0.00,0.00,0.00,34570.0,95830.0,60782.0,81.0,15.5,0.5,36.5,198.038,0.351,0.3,6394714.5
2026-09-09T04:14:13,19.2,36815,1547350,1499098,2.4,0.00,0.87,0.00,13.90,0.00,0.00,0.00,34570.0,95830.0,60782.0,90.0,19.5,0.5,46.0,201.607,0.361,0.3,6250971.5
2026-09-09T04:14:18,11.8,36816,1547350,1499097,2.4,0.00,2.80,0.00,12.94,0.00,0.08,0.00,34572.0,95830.0,60780.0,39.0,17.0,0.5,37.0,207.207,0.342,0.3,6573098.5
2026-09-09T04:14:22,9.3,36927,1547350,1498986,2.4,0.00,0.76,0.00,5.08,0.00,0.00,0.00,34572.0,95830.0,60780.0,61.0,17.0,0.5,39.5,202.909,0.379,0.4,5918873.5
2026-09-09T04:14:25,8.3,36820,1547350,1499093,2.4,0.00,1.56,0.00,7.50,0.00,0.00,0.00,34574.0,95830.0,60778.0,73.0,14.5,0.5,35.0,192.332,0.343,0.3,6592447.0
2026-09-09T04:14:28,18.1,36825,1547350,1499088,2.4,0.00,0.56,0.00,2.25,0.00,0.50,0.00,34574.0,95830.0,60778.0,77.0,9.5,0.5,50.0,198.060,0.355,0.3,6366880.0
2026-09-09T04:14:31,18.9,36828,1547350,1499086,2.4,0.00,0.95,0.00,15.18,0.00,0.00,0.00,34574.0,95830.0,60778.0,73.0,15.5,0.5,35.5,205.948,0.354,0.3,6010724.5
2026-09-09T04:14:36,18.1,36829,1547350,1499084,2.4,0.00,1.71,0.00,6.85,0.00,0.00,0.00,34574.0,95830.0,60778.0,83.0,10.0,0.5,27.5,193.409,0.356,0.3,6572490.0
2026-09-09T04:14:40,5.1,36832,1547350,1499081,2.4,0.00,0.49,0.00,1.94,0.00,0.00,0.00,34576.0,95830.0,60776.0,71.0,16.0,0.5,36.0,208.908,0.341,0.3,6840051.5
2026-09-09T04:14:44,9.6,36871,1547350,1499042,2.4,0.00,0.72,0.00,2.89,0.00,0.33,0.02,34576.0,95830.0,60776.0,72.0,13.0,0.5,29.5,194.089,0.340,0.3,6880548.5
2026-09-09T04:14:48,16.4,36839,1547350,1499074,2.4,0.00,2.04,0.00,16.33,0.00,0.00,0.00,34576.0,95830.0,60776.0,70.0,15.0,0.5,35.5,204.410,0.365,0.3,5910740.0
2026-09-09T04:14:51,18.9,36842,1547350,1499070,2.4,0.00,0.80,0.00,5.33,0.00,0.00,0.00,34576.0,95830.0,60776.0,70.0,16.0,0.5,35.0,212.137,0.363,0.3,5846455.0
2026-09-09T04:14:55,13.0,36844,1547350,1499069,2.4,0.00,1.22,0.00,4.89,0.00,0.25,0.00,34578.0,95830.0,60774.0,100.0,14.5,0.5,32.0,205.700,0.361,0.3,6037958.5
2026-09-09T04:14:58,13.1,36845,1547350,1499068,2.4,0.00,0.57,0.00,2.26,0.00,0.00,0.00,34578.0,95830.0,60774.0,70.0,12.5,0.5,23.5,192.789,0.325,0.3,6580764.5
2026-09-09T04:15:01,12.0,36854,1547350,1499058,2.4,0.31,1.24,3.72,16.13,0.00,0.00,0.00,34580.0,95830.0,60772.0,71.0,16.0,0.5,36.5,211.000,0.384,0.4,5627036.5
2026-09-09T04:15:05,11.6,36856,1547350,1499057,2.4,0.00,0.54,0.00,2.18,0.00,0.00,0.00,34580.0,95830.0,60772.0,69.0,6.5,0.5,14.5,200.698,0.328,0.3,6378708.5
2026-09-09T04:15:09,13.5,36858,1547350,1499055,2.4,0.00,0.89,0.00,3.57,0.00,0.00,0.00,34580.0,95830.0,60772.0,73.0,17.0,0.5,43.5,184.255,0.331,0.3,6862078.0
2026-09-09T04:15:12,11.8,36859,1547350,1499054,2.4,0.00,0.29,0.00,1.17,0.00,0.00,0.00,34582.0,95830.0,60770.0,7.0,14.0,0.5,35.5,209.220,0.353,0.3,6550771.5
2026-09-09T04:15:16,17.3,36860,1547350,1499053,2.4,0.00,2.03,0.00,10.80,0.00,0.12,0.00,34582.0,95830.0,60770.0,57.0,14.0,0.5,34.5,208.843,0.367,0.3,6075487.5
2026-09-09T04:15:20,18.9,36863,1547350,1499050,2.4,0.00,0.49,0.00,1.98,0.00,0.00,0.00,34582.0,95830.0,60770.0,79.0,16.0,0.5,34.5,208.111,0.365,0.3,6036257.5
2026-09-09T04:15:24,14.6,36865,1547350,1499048,2.4,0.00,0.67,0.00,4.48,0.00,0.00,0.00,34582.0,95830.0,60770.0,100.0,14.5,0.5,35.0,220.685,0.359,0.3,6154225.5
2026-09-09T04:15:28,4.3,36867,1547350,1499046,2.4,0.00,0.53,0.00,2.12,0.00,0.00,0.00,34584.0,95830.0,60768.0,71.0,14.0,0.5,35.0,212.161,0.355,0.3,6626431.0
2026-09-09T04:15:31,10.9,36868,1547350,1499045,2.4,0.00,2.74,0.00,14.62,0.00,0.11,0.00,34584.0,95830.0,60768.0,71.0,16.5,0.5,36.5,193.079,0.346,0.3,6361154.5
2026-09-09T04:15:36,18.0,36870,1547350,1499042,2.4,0.00,0.45,0.00,1.79,0.00,0.00,0.00,34586.0,95830.0,60766.0,73.0,9.0,0.5,20.0,196.077,0.367,0.3,5980139.5
2026-09-09T04:15:41,17.1,36872,1547350,1499041,2.4,0.00,0.61,0.00,2.46,0.00,0.00,0.00,34586.0,95830.0,60766.0,69.0,14.5,0.5,35.0,205.930,0.356,0.3,6690100.5
2026-09-09T04:15:45,13.3,36875,1547350,1499038,2.4,0.00,2.11,0.00,16.56,0.00,0.11,0.00,34586.0,95830.0,60766.0,73.0,16.5,0.5,36.0,206.448,0.377,0.4,5881192.5
2026-09-09T04:15:50,13.4,36875,1547350,1499038,2.4,0.00,0.37,0.00,1.50,0.00,0.00,0.00,34588.0,95830.0,60764.0,70.0,19.0,0.5,45.5,206.254,0.357,0.3,6545804.5
2026-09-09T04:15:55,11.6,36927,1547350,1498986,2.4,0.00,0.47,0.00,1.86,0.00,0.00,0.00,34588.0,95830.0,60764.0,100.0,13.5,0.5,33.5,214.947,0.369,0.3,5782352.0
2026-09-09T04:15:59,9.6,36881,1547350,1499032,2.4,0.21,0.64,1.72,3.44,0.00,0.00,0.00,34588.0,95830.0,60764.0,71.0,15.0,0.5,31.5,205.209,0.381,0.4,5714926.0
2026-09-09T04:16:03,18.2,36885,1547350,1499027,2.4,0.00,1.23,0.00,4.91,0.00,0.00,0.00,34588.0,95830.0,60764.0,73.0,14.5,0.5,37.5,200.863,0.327,0.3,6578442.5
2026-09-09T04:16:07,19.5,36960,1547350,1498953,2.4,5.69,0.74,332.67,11.88,0.22,0.00,0.05,34590.0,95830.0,60762.0,60.0,15.5,0.5,35.5,207.798,0.354,0.3,6306406.5
2026-09-09T04:16:12,15.2,36987,1547350,1498926,2.4,0.60,2.61,8.04,98.85,0.00,0.08,0.00,34590.0,95830.0,60762.0,69.0,17.0,0.5,40.0,189.160,0.360,0.3,6143682.5
2026-09-09T04:16:15,6.1,37049,1547350,1498864,2.4,0.00,11.82,0.00,331.45,0.00,0.07,0.05,34590.0,95830.0,60762.0,70.0,20.5,0.5,47.5,196.194,0.323,0.3,5653081.5
2026-09-09T04:16:19,11.2,36915,1547350,1498998,2.4,0.00,46.97,0.00,726.38,0.00,0.46,0.06,34592.0,95830.0,60760.0,48.0,17.5,0.5,33.0,198.776,0.353,0.3,6372203.0
2026-09-09T04:16:22,18.9,36914,1547350,1498999,2.4,0.00,0.66,0.00,2.63,0.00,0.00,0.00,34592.0,95830.0,60760.0,46.0,14.0,0.5,34.0,212.752,0.366,0.3,6214528.5
2026-09-09T04:16:25,18.9,36916,1547350,1498997,2.4,0.00,0.58,0.00,2.31,0.00,0.00,0.00,34592.0,95830.0,60760.0,72.0,10.0,0.5,22.0,195.810,0.330,0.3,6242967.5
2026-09-09T04:16:30,13.9,36916,1547350,1498997,2.4,0.00,0.43,0.00,1.71,0.00,0.00,0.02,34594.0,95830.0,60758.0,71.0,15.5,0.5,35.0,207.504,0.351,0.3,6156770.0
2026-09-09T04:16:33,17.6,36916,1547350,1498997,2.4,0.00,2.74,0.00,18.25,0.00,0.00,0.00,34594.0,95830.0,60758.0,69.0,15.0,0.5,37.0,210.899,0.303,0.3,5139263.5
2026-09-09T04:16:38,12.9,36919,1547350,1498995,2.4,0.00,11.07,0.00,355.25,0.00,0.23,0.02,34594.0,95830.0,60758.0,71.0,18.0,0.5,33.5,198.641,0.348,0.3,6484772.0
2026-09-09T04:16:43,11.6,36927,1547350,1498986,2.4,0.00,0.82,0.00,4.90,0.00,0.00,0.00,34594.0,95830.0,60758.0,63.0,26.0,0.5,48.5,202.519,0.369,0.3,6091235.5
2026-09-09T04:16:47,10.4,36932,1547350,1498981,2.4,0.00,6.07,0.00,66.97,0.00,0.16,0.02,34596.0,95830.0,60756.0,18.0,18.0,0.5,37.0,216.796,0.354,0.3,6479766.5
2026-09-09T04:16:51,17.3,36933,1547350,1498980,2.4,0.00,1.27,0.00,5.07,0.00,0.00,0.00,34596.0,95830.0,60756.0,22.0,14.0,0.5,26.0,197.975,0.340,0.3,6621727.0
2026-09-09T04:16:56,17.8,36934,1547350,1498979,2.4,0.00,0.39,0.00,1.57,0.00,0.00,0.02,34596.0,95830.0,60756.0,35.0,15.0,0.5,34.5,199.537,0.343,0.3,6361061.0
2026-09-09T04:17:00,10.2,36935,1547350,1498978,2.4,0.00,1.49,0.00,5.95,0.00,0.20,0.00,34598.0,95830.0,60754.0,71.0,15.5,0.5,36.0,202.655,0.350,0.3,6102311.5
2026-09-09T04:17:02,4.6,36942,1547350,1498971,2.4,0.00,0.79,0.00,3.15,0.00,0.00,0.00,34598.0,95830.0,60754.0,93.0,13.0,0.5,29.0,135.463,0.287,0.3,4931239.5
2026-09-09T04:17:09,5.7,39477,1547350,1496436,2.6,0.00,1.57,0.00,6.93,0.00,0.10,0.00,34598.0,95830.0,60754.0,0.0,0.0,0.5,0.0,91.143,0.092,0.1,1904586.5
2026-09-09T04:17:11,10.6,36998,1547350,1498915,2.4,0.00,47.66,0.00,383.88,0.00,0.10,0.00,34610.0,95830.0,60742.0,69.0,16.0,0.5,40.5,168.188,0.000,0.0,0.0
2026-09-09T04:18:29,3.6,36964,1547350,1498949,2.4,0.00,0.05,0.00,0.20,0.00,0.25,0.00,34610.0,95830.0,60742.0,73.0,10.5,0.5,25.5,190.089,0.336,0.3,6743925.0
2026-09-09T04:18:31,10.9,36965,1547350,1498948,2.4,0.00,1.09,0.00,4.34,0.00,0.00,0.00,34612.0,95830.0,60740.0,14.0,15.0,0.5,36.0,198.119,0.373,0.3,6155157.0
2026-09-09T04:18:34,11.0,30136,1547350,1505777,1.9,0.00,2.93,0.00,14.32,0.00,0.11,0.00,34612.0,95830.0,60740.0,69.0,14.0,0.5,34.0,212.091,0.364,0.3,6260100.5
2026-09-09T04:18:38,10.7,30142,1547350,1505772,1.9,0.00,0.59,0.00,2.35,0.00,0.00,0.00,34612.0,95830.0,60740.0,82.0,17.0,0.5,39.0,205.593,0.364,0.3,5884609.5
2026-09-09T04:18:40,10.0,30147,1547350,1505766,1.9,0.00,1.59,0.00,6.38,0.00,0.00,0.00,34612.0,95830.0,60740.0,72.0,5.0,0.5,14.0,187.794,0.336,0.3,6783145.0
2026-09-09T04:18:43,3.3,30148,1547350,1505765,1.9,0.00,0.65,0.00,2.59,0.00,0.00,0.00,34614.0,95830.0,60738.0,70.0,17.5,0.5,39.5,210.868,0.385,0.4,5834925.5
2026-09-09T04:18:46,3.4,30152,1547350,1505761,1.9,0.00,1.95,0.00,7.81,0.00,0.00,0.00,34614.0,95830.0,60738.0,66.0,21.5,0.5,50.0,196.207,0.346,0.3,6544976.0
2026-09-09T04:18:48,3.3,30194,1547350,1505719,2.0,0.00,4.46,0.00,47.73,0.00,0.08,0.00,34614.0,95830.0,60738.0,67.0,16.5,0.5,36.5,197.122,0.358,0.3,6307608.5
2026-09-09T04:18:52,8.7,30161,1547350,1505752,1.9,0.00,1.27,0.00,5.06,0.00,0.25,0.00,34614.0,95830.0,60738.0,74.0,17.0,0.5,42.5,197.706,0.363,0.3,6337026.5
2026-09-09T04:18:54,10.9,30165,1547350,1505748,1.9,0.00,0.75,0.00,3.00,0.00,0.00,0.00,34616.0,95830.0,60736.0,84.0,15.5,0.5,36.5,208.216,0.364,0.3,5874018.0
2026-09-09T04:18:57,11.3,30171,1547350,1505742,1.9,0.00,1.25,0.00,5.00,0.00,0.00,0.00,34616.0,95830.0,60736.0,75.0,15.0,0.5,35.0,204.370,0.357,0.3,5712674.5
2026-09-09T04:19:01,11.1,30176,1547350,1505737,2.0,0.00,2.73,0.00,10.91,0.00,0.09,0.00,34616.0,95830.0,60736.0,17.0,18.0,0.5,38.5,179.587,0.289,0.3,5781982.5
2026-09-09T04:19:05,8.3,30179,1547350,1505734,2.0,0.00,1.06,0.00,5.29,0.00,0.00,0.00,34618.0,95830.0,60734.0,48.0,15.0,0.5,35.0,202.226,0.358,0.3,6561574.5
2026-09-09T04:19:09,3.4,30181,1547350,1505732,2.0,0.00,0.59,0.00,2.36,0.00,0.00,0.00,34618.0,95830.0,60734.0,77.0,15.0,0.5,35.5,202.240,0.351,0.3,6548734.5
2026-09-09T04:19:12,3.4,30374,1547350,1505539,2.0,0.00,1.78,0.00,7.12,0.00,0.17,0.00,34618.0,95830.0,60734.0,100.0,14.0,0.5,35.5,212.874,0.360,0.3,6296124.5
2026-09-09T04:19:16,7.0,30184,1547350,1505729,2.0,0.00,0.45,0.00,1.80,0.00,0.00,0.00,34618.0,95830.0,60734.0,68.0,11.0,0.5,26.0,181.800,0.344,0.3,5302100.0
2026-09-09T04:19:20,10.7,30185,1547350,1505728,2.0,0.00,5.79,0.00,49.77,0.00,0.10,0.00,34620.0,95830.0,60732.0,71.0,22.0,0.5,50.0,201.928,0.350,0.3,6049366.0
2026-09-09T04:19:23,10.7,30188,1547350,1505725,2.0,0.00,1.37,0.00,5.47,0.00,0.25,0.00,34620.0,95830.0,60732.0,81.0,20.5,0.5,50.0,204.061,0.371,0.3,6061308.0
2026-09-09T04:19:27,10.2,30188,1547350,1505725,2.0,0.00,1.02,0.00,4.09,0.00,0.00,0.00,34620.0,95830.0,60732.0,29.0,17.5,0.5,42.5,207.609,0.327,0.3,5557961.0
2026-09-09T04:19:31,4.4,30192,1547350,1505722,2.0,0.00,0.47,0.00,1.89,0.00,0.00,0.00,34622.0,95830.0,60730.0,79.0,15.5,0.5,36.5,194.970,0.353,0.3,6465029.5
2026-09-09T04:19:36,3.4,30195,1547350,1505719,2.0,0.00,0.83,0.00,3.32,0.00,0.00,0.00,34622.0,95830.0,60730.0,66.0,15.5,0.5,36.0,205.149,0.364,0.3,5728373.0
2026-09-09T04:19:39,10.7,30198,1547350,1505716,2.0,0.00,1.18,0.00,4.73,0.00,0.00,0.03,34622.0,95830.0,60730.0,94.0,17.5,0.5,40.0,202.906,0.357,0.3,6240244.5
2026-09-09T04:19:43,10.7,30198,1547350,1505715,2.0,0.00,0.57,0.00,2.26,0.00,0.00,0.00,34624.0,95830.0,60728.0,72.0,17.0,0.5,37.5,190.655,0.337,0.3,6857631.5
2026-09-09T04:19:47,10.8,30203,1547350,1505710,2.0,0.00,0.97,0.00,3.89,0.00,0.25,0.00,34624.0,95830.0,60728.0,70.0,19.5,0.5,47.0,203.908,0.366,0.3,5905680.0
2026-09-09T04:19:51,5.8,30203,1547350,1505710,2.0,0.00,4.20,0.00,37.18,0.00,0.06,0.00,34624.0,95830.0,60728.0,59.0,9.0,0.5,26.0,194.535,0.353,0.3,6601947.0
2026-09-09T04:19:55,3.1,30203,1547350,1505710,2.0,0.00,0.92,0.00,3.67,0.00,0.00,0.00,34626.0,95830.0,60726.0,100.0,14.5,0.5,34.0,196.971,0.358,0.3,5671081.0
2026-09-09T04:20:00,6.1,30207,1547350,1505706,2.0,0.00,0.47,0.00,1.88,0.00,0.00,0.00,34626.0,95830.0,60726.0,73.0,14.5,0.5,34.5,208.541,0.356,0.3,6142730.0
2026-09-09T04:20:04,10.6,30214,1547350,1505699,2.0,0.00,2.36,0.00,9.43,0.00,0.10,0.00,34626.0,95830.0,60726.0,39.0,17.5,0.5,42.5,198.624,0.344,0.3,6153300.5
2026-09-09T04:20:08,10.7,30218,1547350,1505695,2.0,0.00,1.04,0.00,5.19,0.00,0.00,0.00,34628.0,95830.0,60724.0,71.0,15.0,0.5,35.0,197.596,0.346,0.3,6120821.5
2026-09-09T04:20:11,8.9,30219,1547350,1505694,2.0,0.00,0.56,0.00,2.22,0.00,0.00,0.00,34628.0,95830.0,60724.0,75.0,16.5,0.5,37.5,205.538,0.358,0.3,6224431.0
2026-09-09T04:20:14,3.4,30222,1547350,1505691,2.0,0.00,2.03,0.00,9.47,0.00,0.17,0.00,34628.0,95830.0,60724.0,68.0,15.5,0.5,37.0,193.630,0.349,0.3,6986304.5
2026-09-09T04:20:19,3.3,30225,1547350,1505688,2.0,0.00,1.26,0.00,7.24,0.00,0.00,0.00,34630.0,95830.0,60722.0,100.0,17.5,0.5,43.5,210.276,0.361,0.3,5737578.5
2026-09-09T04:20:23,9.0,30227,1547350,1505687,2.0,0.00,1.17,0.00,5.86,0.00,0.25,0.03,34630.0,95830.0,60722.0,68.0,15.5,0.5,36.5,181.525,0.358,0.3,5987517.0
2026-09-09T04:20:28,10.9,30230,1547350,1505683,2.0,0.00,0.39,0.00,1.58,0.00,0.00,0.00,34632.0,95830.0,60720.0,69.0,7.5,0.5,23.5,196.545,0.341,0.3,6047557.0
2026-09-09T04:20:32,10.7,30232,1547350,1505681,2.0,0.00,0.97,0.00,3.87,0.00,0.00,0.00,34632.0,95830.0,60720.0,74.0,16.5,0.5,35.5,197.564,0.347,0.3,6743036.0
2026-09-09T04:20:35,8.6,30234,1547350,1505679,2.0,0.00,1.24,0.00,4.96,0.00,0.00,0.03,34634.0,95830.0,60718.0,74.0,21.5,0.5,50.0,192.604,0.365,0.3,5904972.5
2026-09-09T04:20:39,3.3,30237,1547350,1505676,2.0,0.00,0.55,0.00,2.20,0.00,0.00,0.00,34634.0,95830.0,60718.0,70.0,16.0,0.5,40.5,206.912,0.344,0.3,6611247.0
2026-09-09T04:20:42,3.4,30239,1547350,1505674,2.0,0.00,1.11,0.00,4.42,0.00,0.00,0.00,34634.0,95830.0,60718.0,91.0,14.5,0.5,34.5,192.519,0.352,0.3,6436064.5
2026-09-09T04:20:47,9.5,30304,1547350,1505609,2.0,0.00,3.42,0.00,31.06,0.00,0.12,0.00,34636.0,95830.0,60716.0,70.0,8.5,0.5,21.5,202.046,0.396,0.4,5636812.5
2026-09-09T04:20:54,11.8,31007,1547350,1504906,2.0,0.00,0.69,0.00,2.75,0.00,0.00,0.00,34636.0,95830.0,60716.0,69.0,11.5,0.5,29.0,188.664,0.351,0.3,6898461.5
2026-09-09T04:20:59,7.0,31894,1547350,1504019,2.1,0.00,0.86,0.00,3.45,0.00,0.00,0.00,34636.0,95830.0,60716.0,73.0,16.5,0.5,36.0,210.242,0.356,0.3,6462271.0
2026-09-09T04:21:04,3.9,32018,1547350,1503895,2.1,0.00,2.06,0.00,9.05,0.00,0.10,0.00,34638.0,95830.0,60714.0,83.0,15.0,0.5,33.0,202.069,0.367,0.3,6215957.0
2026-09-09T04:21:08,8.2,31832,1547350,1504082,2.1,0.00,0.77,0.00,3.08,0.00,0.33,0.03,34638.0,95830.0,60714.0,84.0,16.5,0.5,37.0,203.060,0.351,0.3,6090680.5
2026-09-09T04:21:11,10.6,31831,1547350,1504083,2.1,0.00,1.10,0.00,4.38,0.00,0.00,0.00,34640.0,95830.0,60712.0,71.0,18.0,0.5,37.0,197.876,0.347,0.3,6340004.5
2026-09-09T04:21:14,10.8,31834,1547350,1504079,2.1,0.00,1.93,0.00,7.72,0.00,0.00,0.00,34640.0,95830.0,60712.0,72.0,16.5,0.5,36.0,204.674,0.329,0.3,6117264.0
2026-09-09T04:21:18,10.6,31837,1547350,1504076,2.1,0.00,3.87,0.00,19.79,0.00,0.07,0.00,34642.0,95830.0,60710.0,70.0,21.5,0.5,50.0,195.042,0.333,0.3,6462570.5
2026-09-09T04:21:22,6.3,31839,1547350,1504074,2.1,0.00,1.05,0.00,4.20,0.00,0.00,0.00,34642.0,95830.0,60710.0,58.0,18.0,0.5,37.5,207.388,0.361,0.3,6526382.0
2026-09-09T04:21:25,3.4,31840,1547350,1504074,2.1,0.00,1.50,0.00,7.22,0.00,0.20,0.00,34642.0,95830.0,60710.0,97.0,12.5,0.5,33.5,201.469,0.370,0.3,6251001.5
2026-09-09T04:21:30,2.7,32320,1547350,1503594,2.1,0.00,0.77,0.00,3.09,0.00,0.00,0.00,34644.0,95830.0,60708.0,68.0,19.5,0.5,45.0,201.668,0.346,0.3,6477116.5
2026-09-09T04:21:37,3.1,38198,1547350,1497715,2.5,0.00,0.57,0.00,2.28,0.00,0.00,0.00,34644.0,95830.0,60708.0,58.0,17.0,0.5,36.5,211.102,0.369,0.3,6094516.0
2026-09-09T04:22:56,2.3,31895,1547350,1504018,2.1,0.00,0.99,0.00,6.61,0.00,0.10,0.00,34658.0,95830.0,60694.0,71.0,17.0,0.5,36.0,199.065,0.000,0.0,0.0
2026-09-09T04:22:59,3.1,31897,1547350,1504016,2.1,0.00,1.52,0.00,6.07,0.00,0.00,0.00,34660.0,95830.0,60692.0,79.0,15.0,0.5,35.0,200.582,0.360,0.3,6073516.0
2026-09-09T04:23:02,2.2,25077,1547350,1510836,1.6,0.00,0.53,0.00,2.13,0.00,0.00,0.00,34660.0,95830.0,60692.0,77.0,16.0,0.5,37.0,210.037,0.353,0.3,5849606.5
2026-09-09T04:23:07,2.3,25076,1547350,1510837,1.6,0.00,2.91,0.00,14.12,0.00,0.14,0.00,34660.0,95830.0,60692.0,67.0,17.0,0.5,41.0,188.749,0.351,0.3,6311268.5
2026-09-09T04:23:10,2.4,25077,1547350,1510837,1.6,0.00,1.70,0.00,6.80,0.00,0.00,0.00,34662.0,95830.0,60690.0,88.0,4.0,0.5,10.0,196.230,0.316,0.3,4912434.5
2026-09-09T04:23:13,3.0,25080,1547350,1510833,1.6,0.00,0.74,0.00,2.96,0.00,0.00,0.04,34662.0,95830.0,60690.0,70.0,16.0,0.5,37.0,202.542,0.369,0.3,6582908.0
2026-09-09T04:23:16,2.4,25083,1547350,1510830,1.6,0.00,2.23,0.00,10.18,0.00,0.00,0.00,34662.0,95830.0,60690.0,73.0,6.5,0.5,15.5,196.818,0.341,0.3,6785133.5
2026-09-09T04:23:19,2.5,25086,1547350,1510827,1.6,0.00,0.75,0.00,2.99,0.00,0.50,0.00,34662.0,95830.0,60690.0,67.0,19.0,0.5,42.5,203.451,0.353,0.3,7240118.0
2026-09-09T04:23:21,2.2,25088,1547350,1510825,1.6,0.00,2.59,0.00,23.34,0.00,0.00,0.00,34664.0,95830.0,60688.0,63.0,16.5,0.5,34.5,207.030,0.358,0.3,5867311.5
2026-09-09T04:23:25,2.3,25089,1547350,1510824,1.6,0.00,0.52,0.00,2.07,0.00,0.00,0.00,34664.0,95830.0,60688.0,89.0,16.5,0.5,36.5,204.519,0.351,0.3,5968603.5
2026-09-09T04:23:29,2.3,25091,1547350,1510822,1.6,0.00,1.06,0.00,4.25,0.00,0.00,0.03,34664.0,95830.0,60688.0,72.0,21.5,0.5,50.0,198.827,0.354,0.3,6385687.5
2026-09-09T04:23:32,3.2,25095,1547350,1510818,1.6,0.00,1.37,0.00,5.47,0.00,0.00,0.00,34664.0,95830.0,60688.0,77.0,16.0,0.5,34.5,199.580,0.345,0.3,5794638.5
2026-09-09T04:23:35,2.3,25096,1547350,1510818,1.6,0.00,0.68,0.00,2.70,0.00,0.00,0.00,34666.0,95830.0,60686.0,79.0,17.0,0.5,39.5,192.578,0.351,0.3,6457864.0
2026-09-09T04:23:38,2.3,25099,1547350,1510814,1.6,0.00,1.21,0.00,4.83,0.00,0.25,0.00,34666.0,95830.0,60686.0,69.0,11.5,0.5,21.0,190.227,0.359,0.3,6216296.0
2026-09-09T04:23:42,2.2,25100,1547350,1510813,1.6,0.00,1.28,0.00,5.11,0.00,0.00,0.00,34666.0,95830.0,60686.0,74.0,15.5,0.5,35.0,207.207,0.359,0.3,6359258.0
2026-09-09T04:23:46,2.4,25106,1547350,1510807,1.6,0.00,0.49,0.00,1.95,0.00,0.00,0.00,34668.0,95830.0,60684.0,63.0,13.5,0.5,28.5,213.581,0.367,0.3,6024991.0
2026-09-09T04:23:49,2.0,25106,1547350,1510807,1.6,0.00,12.56,0.00,100.03,0.00,0.13,0.00,34668.0,95830.0,60684.0,70.0,21.5,0.5,49.0,196.039,0.356,0.3,6624659.0
2026-09-09T04:23:53,2.3,25108,1547350,1510805,1.6,0.00,0.61,0.00,2.46,0.00,0.00,0.00,34668.0,95830.0,60684.0,75.0,14.0,0.5,35.0,183.901,0.350,0.3,6347925.5
2026-09-09T04:23:57,2.4,25110,1547350,1510803,1.6,0.00,0.97,0.00,3.86,0.00,0.00,0.00,34670.0,95830.0,60682.0,100.0,15.0,0.5,35.5,202.639,0.350,0.3,6211871.0
2026-09-09T04:24:01,2.3,25115,1547350,1510798,1.6,0.00,2.47,0.00,10.86,0.00,0.10,0.00,34670.0,95830.0,60682.0,100.0,6.5,0.5,14.5,205.160,0.363,0.3,5881087.5
2026-09-09T04:24:06,2.0,25118,1547350,1510795,1.6,0.00,0.82,0.00,3.30,0.00,0.00,0.00,34670.0,95830.0,60682.0,100.0,20.5,0.5,50.0,219.067,0.382,0.4,5512068.5
2026-09-09T04:24:10,2.0,25128,1547350,1510785,1.6,0.00,0.50,0.00,2.01,0.00,0.00,0.00,34672.0,95830.0,60680.0,61.0,15.5,0.5,35.5,207.656,0.358,0.3,6279939.5
2026-09-09T04:24:14,2.4,25131,1547350,1510782,1.6,0.00,1.39,0.00,5.56,0.00,0.17,0.00,34674.0,95830.0,60678.0,73.0,19.0,0.5,47.0,208.165,0.356,0.3,6394195.5
2026-09-09T04:24:19,2.3,25133,1547350,1510780,1.6,0.00,1.25,0.00,7.20,0.00,0.00,0.02,34674.0,95830.0,60678.0,71.0,14.5,0.5,32.0,214.069,0.361,0.3,6353660.0
2026-09-09T04:24:23,2.2,25137,1547350,1510776,1.6,0.00,1.00,0.00,4.02,0.00,0.00,0.00,34674.0,95830.0,60678.0,66.0,17.5,0.5,38.0,205.764,0.357,0.3,6235102.0
2026-09-09T04:24:27,2.4,25139,1547350,1510774,1.6,0.00,0.50,0.00,2.01,0.00,0.50,0.00,34674.0,95830.0,60678.0,95.0,18.0,0.5,41.0,205.974,0.356,0.3,6629333.5
2026-09-09T04:24:32,2.6,28128,1547350,1507786,1.8,0.00,0.81,0.00,3.24,0.00,0.00,0.00,34676.0,95830.0,60676.0,100.0,17.5,0.5,11.0,197.779,0.318,0.3,5572795.5
2026-09-09T04:24:38,2.8,30086,1547350,1505827,1.9,0.00,0.90,0.00,4.19,0.00,0.00,0.00,34676.0,95830.0,60676.0,74.0,25.0,0.5,50.0,199.556,0.355,0.3,6700654.5
2026-09-09T04:24:43,3.3,30129,1547350,1505784,1.9,0.00,0.45,0.00,1.78,0.00,0.00,0.00,34676.0,95830.0,60676.0,73.0,26.5,0.5,50.0,199.171,0.354,0.3,6354866.5
2026-09-09T04:24:48,3.4,30177,1547350,1505737,2.0,0.00,0.96,0.00,4.60,0.00,0.20,0.00,34678.0,95830.0,60674.0,0.0,0.0,0.5,0.0,90.755,0.004,0.0,1742853.0
2026-09-09T04:24:53,4.9,30291,1547350,1505622,2.0,0.00,4.12,0.00,36.03,0.00,0.06,0.00,34678.0,95830.0,60674.0,0.0,18.5,0.5,41.5,157.880,0.000,0.0,645975.5
2026-09-09T04:24:57,10.1,30294,1547350,1505619,2.0,0.00,0.96,0.00,3.86,0.00,0.00,0.00,34678.0,95830.0,60674.0,73.0,25.5,0.5,50.0,189.943,0.344,0.3,6476495.5
2026-09-09T04:25:02,10.9,30306,1547350,1505607,2.0,0.00,1.98,0.00,8.71,0.00,0.10,0.00,34680.0,95830.0,60672.0,74.0,19.0,0.5,45.0,204.208,0.362,0.3,6741584.0
2026-09-09T04:25:07,4.6,30309,1547350,1505604,2.0,0.00,0.96,0.00,3.85,0.00,0.20,0.00,34680.0,95830.0,60672.0,66.0,15.5,0.5,36.5,213.065,0.353,0.3,6382911.5
2026-09-09T04:25:12,3.4,30311,1547350,1505603,2.0,0.00,1.08,0.00,5.02,0.00,0.00,0.00,34680.0,95830.0,60672.0,71.0,15.0,0.5,36.0,198.481,0.343,0.3,7217673.0
2026-09-09T04:25:16,3.3,30314,1547350,1505599,2.0,0.00,1.36,0.00,5.45,0.00,0.00,0.00,34682.0,95830.0,60670.0,73.0,21.0,0.5,50.0,194.587,0.359,0.3,6407570.0
2026-09-09T04:25:19,3.5,30315,1547350,1505598,2.0,0.00,0.61,0.00,2.42,0.00,0.00,0.00,34682.0,95830.0,60670.0,71.0,17.5,0.5,40.5,201.849,0.357,0.3,6175457.0
2026-09-09T04:25:22,3.2,30284,1547350,1505629,2.0,0.00,2.99,0.00,14.30,0.00,0.11,0.00,34684.0,95830.0,60668.0,76.0,15.0,0.5,35.0,214.333,0.355,0.3,6475596.0
2026-09-09T04:25:29,2.9,35806,1547350,1500108,2.3,0.00,1.58,0.00,64.44,0.00,0.10,0.00,34684.0,95830.0,60668.0,9.0,18.0,0.5,39.0,212.627,0.355,0.3,6494279.0
2026-09-09T04:25:32,2.3,30328,1547350,1505585,2.0,35.69,20.64,871.94,132.44,0.13,0.08,0.14,34696.0,95830.0,60656.0,72.0,26.5,0.5,50.0,198.920,0.000,0.0,0.0
2026-09-09T04:26:49,9.3,30333,1547350,1505581,2.0,0.00,0.03,0.00,0.10,0.00,0.00,0.00,34696.0,95830.0,60656.0,72.0,16.0,0.5,36.5,209.601,0.000,0.0,0.0
2026-09-09T04:26:51,10.7,30334,1547350,1505580,2.0,0.00,7.50,0.00,68.12,0.00,0.06,0.04,34696.0,95830.0,60656.0,74.0,21.5,0.5,47.5,194.418,0.343,0.3,6408428.5
2026-09-09T04:26:53,10.6,30337,1547350,1505576,2.0,0.00,0.86,0.00,3.46,0.00,0.00,0.04,34696.0,95830.0,60656.0,74.0,14.5,0.5,32.5,212.526,0.370,0.3,5755363.5
2026-09-09T04:26:56,10.8,30341,1547350,1505572,2.0,0.00,1.63,0.00,6.50,0.00,0.25,0.00,34698.0,95830.0,60654.0,70.0,15.5,0.5,34.5,203.445,0.361,0.3,6643326.0
2026-09-09T04:26:59,9.1,30345,1547350,1505568,2.0,0.00,0.56,0.00,2.24,0.00,0.00,0.00,34698.0,95830.0,60654.0,63.0,15.0,0.5,36.0,199.991,0.361,0.3,6178782.5
2026-09-09T04:27:02,3.2,30352,1547350,1505562,2.0,0.00,4.17,0.00,19.70,0.00,0.09,0.00,34698.0,95830.0,60654.0,100.0,26.5,0.5,50.0,195.877,0.348,0.3,7017976.0
2026-09-09T04:27:05,3.3,30355,1547350,1505558,2.0,0.00,0.87,0.00,3.49,0.00,0.00,0.03,34700.0,95830.0,60652.0,100.0,14.0,0.5,34.5,197.929,0.336,0.3,6767178.5
2026-09-09T04:27:08,3.3,30357,1547350,1505556,2.0,0.00,1.48,0.00,5.93,0.00,0.00,0.00,34700.0,95830.0,60652.0,78.0,15.5,0.5,35.0,204.549,0.376,0.4,5355961.0
2026-09-09T04:27:12,3.3,30362,1547350,1505551,2.0,0.00,1.35,0.00,5.41,0.00,0.17,0.00,34700.0,95830.0,60652.0,70.0,22.0,0.5,49.5,195.273,0.360,0.3,6428804.0
2026-09-09T04:27:16,3.3,30369,1547350,1505544,2.0,0.00,0.59,0.00,2.36,0.00,0.00,0.00,34700.0,95830.0,60652.0,77.0,15.5,0.5,35.0,195.300,0.355,0.3,6505697.0
2026-09-09T04:27:19,3.4,30462,1547350,1505452,2.0,0.00,1.59,0.00,9.85,0.00,0.00,0.03,34702.0,95830.0,60650.0,69.0,14.0,0.5,32.0,207.785,0.352,0.3,6232075.0
2026-09-09T04:27:26,2.3,30660,1547350,1505253,2.0,0.00,0.59,0.00,2.35,0.00,0.25,0.00,34702.0,95830.0,60650.0,88.0,10.0,0.5,21.5,198.692,0.352,0.3,6699122.0
2026-09-09T04:27:29,3.4,36837,1547350,1499076,2.4,0.00,1.23,0.00,4.91,0.00,0.00,0.00,34716.0,95830.0,60636.0,92.0,14.5,0.5,35.0,206.305,0.000,0.0,0.0
2026-09-09T04:28:46,2.4,30490,1547350,1505423,2.0,0.00,0.81,0.00,4.70,0.00,0.08,0.00,34716.0,95830.0,60636.0,70.0,16.0,0.5,33.5,204.424,0.000,0.0,0.0
2026-09-09T04:28:48,10.8,30493,1547350,1505420,2.0,0.00,1.88,0.00,7.52,0.00,0.00,0.00,34718.0,95830.0,60634.0,100.0,14.0,0.5,33.5,207.249,0.369,0.3,6029875.0
2026-09-09T04:28:51,10.2,30497,1547350,1505417,2.0,0.00,0.69,0.00,2.77,0.00,0.00,0.00,34718.0,95830.0,60634.0,69.0,16.5,0.5,37.0,205.261,0.373,0.3,5934277.0
2026-09-09T04:28:54,10.7,30501,1547350,1505412,2.0,0.00,6.34,0.00,56.14,0.00,0.11,0.00,34718.0,95830.0,60634.0,51.0,25.0,0.5,50.0,188.546,0.353,0.3,7123703.5
2026-09-09T04:28:57,9.1,30505,1547350,1505409,2.0,0.00,0.52,0.00,2.06,0.00,0.00,0.00,34718.0,95830.0,60634.0,74.0,7.0,0.5,29.0,194.386,0.302,0.3,7347726.5
2026-09-09T04:29:00,3.2,30512,1547350,1505402,2.0,0.00,2.17,0.00,10.12,0.00,0.00,0.00,34718.0,95830.0,60634.0,57.0,14.5,0.5,30.5,219.550,0.393,0.4,5738150.5
2026-09-09T04:29:03,3.0,30515,1547350,1505398,2.0,0.00,3.60,0.00,17.30,0.00,0.10,0.00,34718.0,95830.0,60634.0,74.0,17.0,0.5,37.5,197.815,0.356,0.3,7234772.5
2026-09-09T04:29:06,3.5,30517,1547350,1505396,2.0,0.00,0.58,0.00,2.30,0.00,0.50,0.00,34720.0,95830.0,60632.0,42.0,16.0,0.5,34.5,193.020,0.345,0.3,6074551.0
2026-09-09T04:29:10,3.9,30517,1547350,1505396,2.0,0.00,1.22,0.00,4.86,0.00,0.00,0.00,34720.0,95830.0,60632.0,70.0,14.5,0.5,34.0,196.357,0.336,0.3,6020312.5
2026-09-09T04:29:13,3.4,30522,1547350,1505391,2.0,0.00,0.59,0.00,2.37,0.00,0.00,0.00,34722.0,95830.0,60630.0,74.0,17.0,0.5,43.0,207.215,0.360,0.3,6447249.5
2026-09-09T04:29:16,3.3,30495,1547350,1505419,2.0,0.00,2.18,0.00,8.71,0.00,0.00,0.00,34722.0,95830.0,60630.0,79.0,15.0,0.5,34.5,201.773,0.357,0.3,6282368.0
2026-09-09T04:29:24,2.6,36885,1547350,1499028,2.4,0.00,0.59,0.00,4.42,0.00,0.20,0.00,34724.0,95830.0,60628.0,72.0,26.0,0.5,50.0,195.677,0.000,0.0,0.0
2026-09-09T04:30:42,2.4,31173,1547350,1504740,2.0,0.00,0.85,0.00,5.22,0.00,0.09,0.00,34738.0,95830.0,60614.0,72.0,15.5,0.5,37.0,209.000,0.000,0.0,0.0
2026-09-09T04:30:43,11.6,31543,1547350,1504370,2.0,0.00,2.61,0.00,10.43,0.00,0.00,0.00,34738.0,95830.0,60614.0,70.0,16.0,0.5,36.5,206.181,0.355,0.3,6402188.0
2026-09-09T04:30:45,11.9,32088,1547350,1503825,2.1,0.00,1.04,0.00,4.18,0.00,0.00,0.00,34740.0,95830.0,60612.0,29.0,18.5,0.5,47.5,198.911,0.355,0.3,6570088.5
2026-09-09T04:30:48,11.6,32294,1547350,1503619,2.1,0.00,1.51,0.00,6.06,0.00,0.00,0.00,34740.0,95830.0,60612.0,69.0,8.5,0.5,16.5,202.119,0.361,0.3,6262160.0
2026-09-09T04:30:51,11.1,32223,1547350,1503690,2.1,0.00,0.66,0.00,2.65,0.00,0.00,0.00,34740.0,95830.0,60612.0,71.0,21.0,0.5,50.0,203.148,0.342,0.3,6591029.5
2026-09-09T04:30:54,8.5,32226,1547350,1503687,2.1,0.00,6.48,0.00,57.13,0.00,0.11,0.00,34740.0,95830.0,60612.0,70.0,16.0,0.5,36.5,208.782,0.363,0.3,6094551.5
2026-09-09T04:30:56,3.4,32229,1547350,1503684,2.1,0.00,0.80,0.00,3.21,0.00,0.00,0.00,34740.0,95830.0,60612.0,60.0,16.0,0.5,37.0,204.588,0.352,0.3,6397282.0
2026-09-09T04:30:59,3.6,32230,1547350,1503683,2.1,0.00,1.91,0.00,9.15,0.00,0.00,0.00,34742.0,95830.0,60610.0,79.0,14.0,0.5,35.0,194.600,0.330,0.3,6644998.0
2026-09-09T04:31:02,3.3,32240,1547350,1503673,2.1,0.00,0.76,0.00,3.06,0.00,0.00,0.00,34742.0,95830.0,60610.0,67.0,16.5,0.5,36.5,210.317,0.358,0.3,6437770.0
2026-09-09T04:31:04,3.6,32242,1547350,1503671,2.1,0.00,0.83,0.00,3.32,0.00,0.00,0.00,34742.0,95830.0,60610.0,63.0,15.5,0.5,35.5,210.918,0.360,0.3,6395709.0
2026-09-09T04:31:07,5.5,32243,1547350,1503670,2.1,0.00,3.00,0.00,13.21,0.00,0.10,0.00,34742.0,95830.0,60610.0,70.0,16.0,0.5,36.0,201.398,0.278,0.2,5135461.5
2026-09-09T04:31:10,3.6,32243,1547350,1503670,2.1,0.00,1.25,0.00,4.99,0.00,0.00,0.00,34742.0,95830.0,60610.0,100.0,21.5,0.5,48.0,211.472,0.364,0.3,6160180.5
2026-09-09T04:31:13,3.2,32247,1547350,1503666,2.1,0.00,2.99,0.00,11.96,0.00,0.14,0.00,34744.0,95830.0,60608.0,70.0,17.0,0.5,35.5,209.150,0.367,0.3,5950301.5
2026-09-09T04:31:20,2.6,33720,1547350,1502193,2.2,0.00,0.30,0.00,1.19,0.00,0.00,0.00,34744.0,95830.0,60608.0,55.0,17.5,0.5,36.0,199.597,0.350,0.3,6487594.5
2026-09-09T04:31:22,3.5,36988,1547350,1498925,2.4,46.84,23.77,1097.52,313.70,0.16,0.09,0.14,34756.0,95830.0,60596.0,69.0,16.0,0.5,37.0,194.373,0.000,0.0,0.0
2026-09-09T04:32:40,2.4,32285,1547350,1503628,2.1,0.00,0.03,0.00,0.10,0.00,0.00,0.00,34758.0,95830.0,60594.0,70.0,18.5,0.5,42.0,203.444,0.000,0.0,0.0
2026-09-09T04:32:42,10.6,32287,1547350,1503626,2.1,0.00,2.01,0.00,8.04,0.00,0.00,0.00,34758.0,95830.0,60594.0,62.0,15.0,0.5,35.0,208.644,0.375,0.4,5114637.0
2026-09-09T04:32:44,10.5,32291,1547350,1503622,2.1,0.00,0.95,0.00,3.79,0.00,0.00,0.00,34758.0,95830.0,60594.0,70.0,17.0,0.5,35.5,205.633,0.359,0.3,6372655.0
2026-09-09T04:32:46,10.7,32292,1547350,1503622,2.1,0.00,1.62,0.00,6.47,0.00,0.00,0.00,34758.0,95830.0,60594.0,75.0,21.5,0.5,50.0,198.463,0.349,0.3,6487536.0
2026-09-09T04:32:50,10.5,32296,1547350,1503617,2.1,0.00,0.60,0.00,2.38,0.00,0.50,0.00,34758.0,95830.0,60594.0,63.0,15.0,0.5,35.5,192.741,0.367,0.3,5698210.0
2026-09-09T04:32:52,4.7,32300,1547350,1503613,2.1,0.00,1.51,0.00,6.05,0.00,0.00,0.00,34758.0,95830.0,60594.0,74.0,19.5,0.5,47.0,193.670,0.325,0.3,7291246.5
2026-09-09T04:32:55,3.5,32304,1547350,1503609,2.1,0.00,9.41,0.00,76.96,0.00,0.09,0.00,34760.0,95830.0,60592.0,61.0,16.5,0.5,35.0,212.670,0.360,0.3,6210513.5
2026-09-09T04:32:57,3.2,32313,1547350,1503601,2.1,0.00,2.26,0.00,10.56,0.00,0.17,0.00,34760.0,95830.0,60592.0,69.0,0.0,0.5,0.0,145.765,0.238,0.2,5567584.5
2026-09-09T04:33:02,2.6,32319,1547350,1503594,2.1,0.00,1.69,0.00,6.77,0.00,0.00,0.00,34760.0,95830.0,60592.0,0.0,0.0,0.5,0.0,109.594,0.019,0.0,951977.0
2026-09-09T04:33:06,2.6,32321,1547350,1503592,2.1,0.00,1.48,0.00,5.91,0.00,0.20,0.00,34760.0,95830.0,60592.0,91.0,15.0,0.5,34.5,208.921,0.369,0.3,6063174.0
2026-09-09T04:33:10,3.4,32327,1547350,1503586,2.1,0.00,0.44,0.00,1.75,0.00,0.00,0.00,34760.0,95830.0,60592.0,72.0,16.0,0.5,38.0,199.148,0.353,0.3,6441388.0
2026-09-09T04:33:14,10.8,32330,1547350,1503583,2.1,0.00,1.67,0.00,7.81,0.00,0.00,0.00,34762.0,95830.0,60590.0,71.0,16.5,0.5,36.5,204.167,0.348,0.3,6446800.0
2026-09-09T04:33:18,10.6,32330,1547350,1503583,2.1,0.00,1.12,0.00,4.48,0.00,0.00,0.00,34762.0,95830.0,60590.0,74.0,15.5,0.5,34.5,208.055,0.346,0.3,6364875.0
2026-09-09T04:33:21,10.6,32331,1547350,1503582,2.1,0.00,0.60,0.00,2.41,0.00,0.50,0.00,34762.0,95830.0,60590.0,71.0,16.0,0.5,37.5,215.354,0.353,0.3,6197244.0
2026-09-09T04:33:24,5.9,32333,1547350,1503581,2.1,0.00,2.04,0.00,14.69,0.00,0.00,0.00,34764.0,95830.0,60588.0,73.0,15.0,0.5,35.0,205.128,0.358,0.3,6238235.5
2026-09-09T04:33:28,3.3,32336,1547350,1503578,2.1,0.00,1.21,0.00,4.85,0.00,0.00,0.00,34764.0,95830.0,60588.0,70.0,17.5,0.5,36.5,196.368,0.345,0.3,6686616.0
2026-09-09T04:33:32,3.3,32339,1547350,1503574,2.1,0.00,0.51,0.00,2.05,0.00,0.00,0.00,34766.0,95830.0,60586.0,46.0,16.5,0.5,39.0,199.050,0.354,0.3,6327089.5
2026-09-09T04:33:35,3.3,32340,1547350,1503574,2.1,0.00,1.12,0.00,4.48,0.00,0.00,0.00,34766.0,95830.0,60586.0,68.0,15.0,0.5,33.0,207.433,0.362,0.3,6277300.0
2026-09-09T04:33:39,3.3,32341,1547350,1503572,2.1,0.00,0.97,0.00,3.87,0.00,0.25,0.00,34766.0,95830.0,60586.0,93.0,18.0,0.5,42.5,209.918,0.344,0.3,6258839.5
2026-09-09T04:33:43,4.7,32345,1547350,1503568,2.1,0.00,0.50,0.00,2.01,0.00,0.00,0.00,34768.0,95830.0,60584.0,91.0,18.5,0.5,44.5,207.986,0.384,0.4,5597302.5
2026-09-09T04:33:47,10.6,32348,1547350,1503566,2.1,0.00,1.00,0.00,4.00,0.00,0.00,0.00,34768.0,95830.0,60584.0,80.0,16.0,0.5,35.5,202.398,0.345,0.3,6181078.0
2026-09-09T04:33:52,10.7,32354,1547350,1503559,2.1,0.00,0.92,0.00,3.69,0.00,0.00,0.00,34770.0,95830.0,60582.0,69.0,8.5,0.5,23.0,194.441,0.312,0.3,6855762.5
2026-09-09T04:33:56,8.1,32357,1547350,1503556,2.1,0.00,4.73,0.00,41.44,0.00,0.10,0.00,34770.0,95830.0,60582.0,79.0,17.5,0.5,35.5,206.418,0.365,0.3,6131447.0
2026-09-09T04:34:01,3.3,32989,1547350,1502924,2.1,0.00,2.04,0.00,9.80,0.00,0.10,0.00,34770.0,95830.0,60582.0,99.0,15.5,0.5,35.5,205.960,0.355,0.3,6264793.5
2026-09-09T04:34:05,3.7,37303,1547350,1498610,2.4,0.00,2.41,0.00,9.66,0.00,0.09,0.00,34774.0,95830.0,60578.0,22.0,16.0,0.5,35.5,193.200,0.339,0.3,6017385.5
2026-09-09T04:34:22,8.9,37356,1547350,1498557,2.4,0.00,0.31,0.00,2.78,0.00,0.00,0.00,34774.0,95830.0,60578.0,97.0,15.5,0.5,33.5,209.304,0.362,0.3,6241642.0
2026-09-09T04:34:26,11.7,37385,1547350,1498528,2.4,0.00,0.46,0.00,1.86,0.00,0.00,0.00,34774.0,95830.0,60578.0,62.0,14.0,0.5,34.5,202.070,0.342,0.3,6750708.5
2026-09-09T04:34:29,11.8,37408,1547350,1498506,2.4,0.00,1.94,0.00,7.75,0.00,0.00,0.04,34774.0,95830.0,60578.0,71.0,0.0,0.5,2.0,189.637,0.329,0.3,6757108.0
2026-09-09T04:34:32,5.0,37559,1547350,1498355,2.4,0.00,0.56,0.00,2.25,0.00,0.50,0.00,34776.0,95830.0,60576.0,61.0,12.0,0.5,27.0,195.498,0.347,0.3,6980296.0
2026-09-09T04:34:36,11.0,37560,1547350,1498354,2.4,0.00,1.20,0.00,4.81,0.00,0.00,0.00,34776.0,95830.0,60576.0,99.0,15.5,0.5,37.0,208.463,0.351,0.3,6367832.0
2026-09-09T04:34:39,11.8,37563,1547350,1498350,2.4,0.00,1.03,0.00,4.13,0.00,0.00,0.00,34776.0,95830.0,60576.0,70.0,14.5,0.5,34.0,211.566,0.364,0.3,6262355.5
2026-09-09T04:34:43,11.6,37559,1547350,1498354,2.4,0.00,0.58,0.00,2.32,0.00,0.00,0.00,34778.0,95830.0,60574.0,66.0,14.5,0.5,35.0,209.789,0.341,0.3,6670577.0
2026-09-09T04:34:48,6.9,38036,1547350,1497878,2.5,0.00,0.77,0.00,3.08,0.00,0.00,0.00,34778.0,95830.0,60574.0,72.0,14.5,0.5,37.0,200.611,0.370,0.3,7008028.0
2026-09-09T04:34:52,7.8,37563,1547350,1498350,2.4,0.00,1.10,0.00,4.38,0.00,0.00,0.00,34778.0,95830.0,60574.0,43.0,26.0,0.5,50.0,199.671,0.344,0.3,6108502.5
2026-09-09T04:34:56,11.3,37579,1547350,1498334,2.4,0.00,8.30,0.00,55.23,0.00,0.11,0.00,34780.0,95830.0,60572.0,67.0,16.5,0.5,34.5,210.500,0.366,0.3,6221642.0
2026-09-09T04:35:04,9.2,40553,1547350,1495360,2.6,0.00,2.26,0.00,58.85,0.00,0.06,0.00,34780.0,95830.0,60572.0,76.0,20.0,0.5,50.0,218.234,0.372,0.3,6223753.0
2026-09-09T04:35:08,4.7,37577,1547350,1498336,2.4,17.23,18.82,475.08,110.15,0.12,0.10,0.11,34796.0,95830.0,60556.0,72.0,5.0,0.5,14.5,197.684,0.000,0.0,0.0
2026-09-09T04:36:29,2.8,37582,1547350,1498331,2.4,0.00,0.02,0.00,0.10,0.00,0.00,0.00,34796.0,95830.0,60556.0,73.0,10.5,0.5,27.5,192.647,0.346,0.3,6086945.5
2026-09-09T04:36:32,10.8,38256,1547350,1497657,2.5,0.00,1.65,0.00,6.61,0.00,0.00,0.00,34796.0,95830.0,60556.0,89.0,14.0,0.5,34.0,199.617,0.369,0.3,6162559.0
2026-09-09T04:36:34,11.5,41433,1547350,1494480,2.7,0.00,0.89,0.00,3.54,0.00,0.00,0.00,34798.0,95830.0,60554.0,100.0,14.0,0.5,32.0,205.615,0.373,0.3,5878736.5
2026-09-09T04:36:36,11.6,43940,1547350,1491974,2.8,0.00,1.78,0.00,7.12,0.00,0.00,0.00,34798.0,95830.0,60554.0,69.0,21.5,0.5,50.0,206.833,0.371,0.3,5902617.5
2026-09-09T04:37:55,2.8,37607,1547350,1498307,2.4,0.00,0.93,0.00,6.42,0.00,0.08,0.00,34812.0,95830.0,60540.0,75.0,3.5,0.5,10.0,159.853,0.000,0.0,0.0
2026-09-09T04:37:59,10.7,39243,1547350,1496670,2.5,0.00,1.12,0.00,4.46,0.00,0.00,0.00,34812.0,95830.0,60540.0,100.0,22.5,0.5,50.0,209.996,0.000,0.0,0.0
2026-09-09T04:38:01,11.5,43931,1547350,1491983,2.8,0.00,0.85,0.00,3.40,0.00,0.00,0.00,34812.0,95830.0,60540.0,85.0,14.0,0.5,33.5,208.385,0.363,0.3,6151413.5
2026-09-09T04:38:04,3.2,37665,1547350,1498248,2.4,0.00,27.80,0.00,166.21,0.00,0.10,0.00,34824.0,95830.0,60528.0,71.0,8.0,0.5,21.0,195.004,0.000,0.0,0.0
2026-09-09T04:39:22,16.6,37669,1547350,1498245,2.4,0.00,0.05,0.00,0.20,0.00,0.00,0.00,34824.0,95830.0,60528.0,72.0,16.5,0.5,37.5,205.978,0.391,0.4,5594447.0
2026-09-09T04:39:25,18.8,37670,1547350,1498243,2.4,0.00,0.92,0.00,3.69,0.00,0.00,0.00,34826.0,95830.0,60526.0,75.0,16.0,0.5,50.0,193.610,0.343,0.3,6520138.5
2026-09-09T04:39:27,19.1,37675,1547350,1498239,2.4,0.00,2.35,0.00,13.88,0.00,0.00,0.00,34826.0,95830.0,60526.0,72.0,6.5,0.5,17.0,191.941,0.329,0.3,6913245.0
2026-09-09T04:39:29,19.1,37677,1547350,1498237,2.4,0.00,0.90,0.00,3.58,0.00,0.00,0.00,34826.0,95830.0,60526.0,72.0,14.0,0.5,34.5,198.199,0.360,0.3,6321416.5
2026-09-09T04:39:32,19.1,37679,1547350,1498234,2.4,0.00,0.83,0.00,3.31,0.00,0.00,0.00,34826.0,95830.0,60526.0,58.0,16.0,0.5,39.0,195.398,0.347,0.3,6391553.0
2026-09-09T04:39:34,9.0,37680,1547350,1498234,2.4,0.00,1.70,0.00,6.81,0.00,0.25,0.00,34826.0,95830.0,60526.0,74.0,15.0,0.5,34.0,207.439,0.375,0.4,5820386.5
2026-09-09T04:39:37,4.3,37681,1547350,1498233,2.4,0.00,0.78,0.00,3.14,0.00,0.00,0.00,34828.0,95830.0,60524.0,97.0,16.0,0.5,36.5,213.084,0.347,0.3,5742881.5
2026-09-09T04:39:39,4.2,37681,1547350,1498232,2.4,0.00,2.00,0.00,8.02,0.00,0.00,0.00,34828.0,95830.0,60524.0,64.0,22.0,0.5,50.0,204.002,0.363,0.3,6430967.5
2026-09-09T04:39:42,4.3,37683,1547350,1498230,2.4,0.00,0.72,0.00,2.89,0.00,0.00,0.04,34828.0,95830.0,60524.0,79.0,22.5,0.5,49.5,205.296,0.360,0.3,6174965.0
2026-09-09T04:39:45,4.4,37877,1547350,1498036,2.4,0.00,1.56,0.00,6.22,0.00,0.00,0.00,34828.0,95830.0,60524.0,75.0,16.5,0.5,37.0,201.205,0.355,0.3,6425498.5
2026-09-09T04:39:51,3.7,38144,1547350,1497769,2.5,0.16,0.63,3.17,2.53,0.00,0.00,0.02,34830.0,95830.0,60522.0,72.0,22.0,0.5,46.5,200.162,0.371,0.3,6162080.0
2026-09-09T04:39:54,8.0,43418,1547350,1492495,2.8,0.00,1.14,0.00,5.71,0.00,0.25,0.00,34830.0,95830.0,60522.0,70.0,15.0,0.5,35.0,206.766,0.343,0.3,6347029.0
2026-09-09T04:39:58,11.8,37776,1547350,1498137,2.4,0.00,29.54,0.00,200.55,0.00,0.09,0.00,34842.0,95830.0,60510.0,18.0,17.0,0.5,41.0,215.607,0.000,0.0,0.0
2026-09-09T04:41:15,3.8,37787,1547350,1498126,2.4,0.00,0.03,0.00,0.10,0.00,0.00,0.00,34842.0,95830.0,60510.0,72.0,16.0,0.5,37.0,213.196,0.000,0.0,0.0
2026-09-09T04:41:18,18.9,37791,1547350,1498123,2.4,0.00,1.40,0.00,5.58,0.00,0.25,0.00,34842.0,95830.0,60510.0,53.0,16.0,0.5,36.5,212.719,0.340,0.3,6352883.5
2026-09-09T04:41:21,18.9,37802,1547350,1498111,2.4,0.00,0.72,0.00,2.87,0.00,0.00,0.00,34844.0,95830.0,60508.0,69.0,15.5,0.5,36.5,223.896,0.353,0.3,8931735.5
2026-09-09T04:41:24,19.1,37917,1547350,1497987,2.5,5.79,1.10,700.88,4.42,0.57,0.00,0.03,34844.0,95830.0,60508.0,75.0,5.5,0.5,13.5,212.499,0.353,0.3,6408623.5
2026-09-09T04:41:28,6.6,37917,1547350,1497987,2.5,0.00,1.17,0.00,8.22,0.00,0.00,0.00,34844.0,95830.0,60508.0,74.0,18.5,0.5,39.0,211.809,0.351,0.3,6244843.5
2026-09-09T04:41:30,4.5,37919,1547350,1497985,2.5,0.00,1.67,0.00,6.69,0.00,0.00,0.00,34846.0,95830.0,60506.0,100.0,19.0,0.5,45.5,222.978,0.339,0.3,6710931.5
2026-09-09T04:41:33,4.4,37919,1547350,1497985,2.5,0.00,0.77,0.00,3.09,0.00,0.00,0.00,34846.0,95830.0,60506.0,75.0,14.5,0.5,33.5,224.636,0.357,0.3,6762916.0
2026-09-09T04:41:35,4.4,37922,1547350,1497982,2.5,0.00,1.93,0.00,7.73,0.00,0.20,0.00,34846.0,95830.0,60506.0,72.0,21.5,0.5,50.0,214.376,0.369,0.3,6271380.5
2026-09-09T04:41:38,4.3,37911,1547350,1497993,2.5,0.00,0.78,0.00,3.12,0.00,0.00,0.00,34848.0,95830.0,60504.0,81.0,17.0,0.5,37.5,222.291,0.354,0.3,6425608.0
2026-09-09T04:41:41,10.9,37915,1547350,1497989,2.5,0.00,1.40,0.00,5.58,0.00,0.00,0.00,34848.0,95830.0,60504.0,64.0,15.0,0.5,33.0,221.023,0.374,0.4,5851849.0
2026-09-09T04:41:43,11.3,38314,1547350,1497590,2.5,0.00,0.77,0.00,3.08,0.00,0.00,0.00,34848.0,95830.0,60504.0,0.0,0.0,0.5,0.0,103.399,0.125,0.1,2820710.5
2026-09-09T04:41:46,12.1,37916,1547350,1497988,2.5,0.00,1.47,0.00,7.36,0.00,0.00,0.00,34848.0,95830.0,60504.0,0.0,0.5,0.5,3.0,104.850,0.000,0.0,667686.5
2026-09-09T04:41:48,18.4,37917,1547350,1497986,2.5,0.00,0.83,0.00,3.31,0.00,0.00,0.00,34848.0,95830.0,60504.0,42.0,14.0,0.5,29.0,217.919,0.363,0.3,5931102.0
2026-09-09T04:41:52,15.5,37918,1547350,1497985,2.5,0.00,1.00,0.00,5.01,0.00,0.00,0.00,34850.0,95830.0,60502.0,100.0,12.0,0.5,27.0,224.138,0.360,0.3,6200294.0
2026-09-09T04:41:56,11.5,37921,1547350,1497983,2.5,0.00,1.24,0.00,4.95,0.00,0.25,0.00,34850.0,95830.0,60502.0,71.0,11.5,0.5,24.5,211.352,0.368,0.3,6384672.5
2026-09-09T04:41:59,8.0,37922,1547350,1497982,2.5,0.00,5.84,0.00,49.31,0.00,0.11,0.00,34850.0,95830.0,60502.0,75.0,15.5,0.5,35.0,225.883,0.347,0.3,6635187.5
2026-09-09T04:42:02,4.4,37980,1547350,1497923,2.5,0.00,3.23,0.00,12.94,0.00,0.09,0.00,34852.0,95830.0,60500.0,77.0,22.5,0.5,50.0,218.275,0.355,0.3,6633584.0
2026-09-09T04:42:05,8.9,37933,1547350,1497971,2.5,0.00,1.37,0.00,5.49,0.00,0.00,0.00,34852.0,95830.0,60500.0,0.0,22.0,0.5,50.0,215.745,0.226,0.2,4327141.0
2026-09-09T04:42:09,11.2,37934,1547350,1497970,2.5,0.00,0.51,0.00,2.06,0.00,0.00,0.00,34852.0,95830.0,60500.0,73.0,15.0,0.5,38.0,217.058,0.353,0.3,6445544.5
2026-09-09T04:42:13,11.7,37935,1547350,1497968,2.5,0.00,1.65,0.00,6.61,0.00,0.17,0.00,34852.0,95830.0,60500.0,74.0,16.0,0.5,36.5,225.634,0.365,0.3,5952489.5
2026-09-09T04:42:16,10.4,38355,1547350,1497549,2.5,0.00,0.64,0.00,2.57,0.00,0.00,0.00,34854.0,95830.0,60498.0,81.0,17.0,0.5,37.0,215.587,0.344,0.3,6887029.0
2026-09-09T04:42:20,7.3,37937,1547350,1497966,2.5,0.00,1.07,0.00,4.27,0.00,0.00,0.00,34854.0,95830.0,60498.0,79.0,6.0,0.5,19.0,205.141,0.355,0.3,6480804.5
2026-09-09T04:42:24,11.7,37939,1547350,1497965,2.5,0.00,0.85,0.00,3.42,0.00,0.00,0.00,34856.0,95830.0,60496.0,17.0,15.5,0.5,36.5,218.207,0.356,0.3,6043853.0
2026-09-09T04:42:28,11.6,37944,1547350,1497960,2.5,0.00,2.37,0.00,11.98,0.00,0.10,0.00,34856.0,95830.0,60496.0,0.0,16.5,0.5,36.0,206.915,0.176,0.1,2824633.5
2026-09-09T04:42:37,4.3,42444,1547350,1493459,2.7,0.00,0.24,0.00,0.98,0.00,0.00,0.00,34858.0,95830.0,60494.0,100.0,16.5,0.5,35.5,219.811,0.364,0.3,6611166.0
2026-09-09T04:42:40,4.2,37989,1547350,1497914,2.5,0.00,17.78,0.00,112.92,0.00,0.07,0.00,34870.0,95830.0,60482.0,98.0,14.0,0.5,35.0,221.330,0.000,0.0,0.0
2026-09-09T04:44:00,3.2,38075,1547350,1497828,2.5,0.00,0.22,0.00,1.92,0.00,0.17,0.00,34870.0,95830.0,60482.0,98.0,15.5,0.5,36.5,219.022,0.382,0.4,5326779.5
2026-09-09T04:44:02,20.1,38274,1547350,1497630,2.5,0.00,5.62,0.00,22.50,0.00,0.10,0.00,34870.0,95830.0,60482.0,73.0,17.0,0.5,37.0,225.036,0.356,0.3,6162529.0
2026-09-09T04:44:05,19.8,38798,1547350,1497105,2.5,0.00,0.78,0.00,3.13,0.00,0.00,0.00,34870.0,95830.0,60482.0,66.0,16.0,0.5,36.5,211.163,0.340,0.3,6879195.0
2026-09-09T04:44:07,20.5,39473,1547350,1496430,2.6,0.00,0.99,0.00,3.96,0.00,0.00,0.00,34872.0,95830.0,60480.0,73.0,23.5,0.5,50.0,200.020,0.338,0.3,6322033.5
2026-09-09T04:44:09,18.6,39579,1547350,1496324,2.6,0.00,2.17,0.00,8.70,0.00,0.00,0.00,34872.0,95830.0,60480.0,74.0,7.0,0.5,16.5,213.452,0.336,0.3,6396374.5
2026-09-09T04:44:10,7.6,39648,1547350,1496256,2.6,0.00,1.12,0.00,4.48,0.00,0.00,0.00,34872.0,95830.0,60480.0,87.0,16.0,0.5,37.0,230.526,0.374,0.4,5830620.0
2026-09-09T04:44:13,4.9,39591,1547350,1496313,2.6,0.00,3.18,0.00,12.73,0.00,0.14,0.00,34872.0,95830.0,60480.0,69.0,8.5,0.5,21.0,216.043,0.340,0.3,6971510.0
2026-09-09T04:44:15,4.5,39593,1547350,1496311,2.6,0.00,0.81,0.00,3.25,0.00,0.00,0.00,34874.0,95830.0,60478.0,74.0,25.5,0.5,50.0,196.966,0.340,0.3,6361777.5
2026-09-09T04:44:18,4.2,39593,1547350,1496310,2.6,0.00,0.78,0.00,3.11,0.00,0.00,0.00,34874.0,95830.0,60478.0,95.0,15.5,0.5,37.0,222.505,0.379,0.4,5738998.0
2026-09-09T04:44:20,4.7,39595,1547350,1496309,2.6,0.00,1.90,0.00,7.61,0.00,0.00,0.00,34874.0,95830.0,60478.0,70.0,16.0,0.5,36.0,214.569,0.348,0.3,6743921.0
2026-09-09T04:44:23,6.3,39582,1547350,1496322,2.6,0.00,0.69,0.00,2.75,0.00,0.00,0.00,34874.0,95830.0,60478.0,0.0,23.0,0.5,50.0,230.663,0.342,0.3,5802387.5
2026-09-09T04:44:26,11.3,39582,1547350,1496321,2.6,0.00,1.25,0.00,4.99,0.00,0.25,0.00,34874.0,95830.0,60478.0,70.0,15.5,0.5,35.5,211.424,0.348,0.3,6183486.0
2026-09-09T04:44:29,11.6,39586,1547350,1496318,2.6,0.00,1.46,0.00,9.86,0.00,0.00,0.00,34874.0,95830.0,60478.0,73.0,8.5,0.5,21.5,201.029,0.339,0.3,6533121.0
2026-09-09T04:44:32,17.0,39586,1547350,1496318,2.6,0.00,1.08,0.00,4.30,0.00,0.00,0.00,34876.0,95830.0,60476.0,60.0,21.5,0.5,45.0,211.410,0.350,0.3,6370538.5
2026-09-09T04:44:35,16.3,39588,1547350,1496316,2.6,0.00,1.36,0.00,5.43,0.00,0.00,0.00,34876.0,95830.0,60476.0,66.0,9.5,0.5,17.5,214.186,0.308,0.3,6238121.0
2026-09-09T04:44:40,11.6,39592,1547350,1496312,2.6,0.00,0.47,0.00,1.86,0.00,0.00,0.00,34876.0,95830.0,60476.0,84.0,18.5,0.5,44.0,213.025,0.344,0.3,6681212.0
2026-09-09T04:44:43,7.9,39593,1547350,1496311,2.6,0.00,1.31,0.00,6.30,0.00,0.20,0.00,34878.0,95830.0,60474.0,72.0,6.5,0.5,17.0,207.054,0.320,0.3,6805170.5
2026-09-09T04:44:47,4.3,39597,1547350,1496307,2.6,0.00,1.22,0.00,7.31,0.00,0.00,0.00,34878.0,95830.0,60474.0,35.0,18.0,0.5,43.5,224.082,0.356,0.3,6849817.0
2026-09-09T04:44:50,10.6,39600,1547350,1496304,2.6,0.00,0.58,0.00,2.32,0.00,0.00,0.03,34878.0,95830.0,60474.0,76.0,16.5,0.5,38.0,213.775,0.348,0.3,6028615.0
2026-09-09T04:44:54,11.6,39604,1547350,1496299,2.6,0.00,1.07,0.00,4.27,0.00,0.00,0.00,34880.0,95830.0,60472.0,73.0,16.5,0.5,37.5,216.364,0.374,0.4,5947587.0
2026-09-09T04:44:57,11.8,39609,1547350,1496294,2.6,0.00,1.70,0.00,6.80,0.00,0.20,0.00,34880.0,95830.0,60472.0,71.0,9.0,0.5,20.0,215.480,0.336,0.3,6820192.5
2026-09-09T04:45:00,9.9,40057,1547350,1495847,2.6,0.00,3.65,0.00,39.43,0.00,0.08,0.00,34880.0,95830.0,60472.0,70.0,16.0,0.5,36.5,214.610,0.372,0.4,5691502.0
2026-09-09T04:45:04,7.2,39616,1547350,1496288,2.6,0.00,3.06,0.00,14.47,0.00,0.09,0.00,34882.0,95830.0,60470.0,5.0,15.5,0.5,35.0,224.746,0.344,0.3,5458156.5
2026-09-09T04:45:08,11.5,39618,1547350,1496286,2.6,0.00,0.96,0.00,3.82,0.00,0.00,0.00,34882.0,95830.0,60470.0,27.0,17.0,0.5,36.5,222.268,0.361,0.3,6106015.0
2026-09-09T04:45:12,11.6,39619,1547350,1496285,2.6,0.00,0.48,0.00,1.92,0.00,0.00,0.00,34882.0,95830.0,60470.0,74.0,22.0,0.5,50.0,215.482,0.349,0.3,6497204.0
2026-09-09T04:45:17,14.5,39621,1547350,1496283,2.6,0.00,1.64,0.00,6.54,0.00,0.14,0.00,34884.0,95830.0,60468.0,32.0,15.0,0.5,32.0,225.431,0.360,0.3,5967782.0
2026-09-09T04:45:21,11.6,39623,1547350,1496280,2.6,0.00,0.89,0.00,3.56,0.00,0.00,0.00,34884.0,95830.0,60468.0,21.0,14.5,0.5,34.5,223.850,0.359,0.3,6452302.0
2026-09-09T04:45:25,10.5,39624,1547350,1496280,2.6,0.00,0.93,0.00,3.74,0.00,0.00,0.00,34884.0,95830.0,60468.0,75.0,10.5,0.5,34.5,212.435,0.350,0.3,6535057.5
2026-09-09T04:45:29,4.4,39625,1547350,1496278,2.6,0.00,2.52,0.00,12.70,0.00,0.10,0.00,34886.0,95830.0,60466.0,15.0,18.0,0.5,41.0,210.350,0.341,0.3,6373098.5
2026-09-09T04:45:34,4.3,39628,1547350,1496275,2.6,0.00,0.42,0.00,1.66,0.00,0.00,0.00,34886.0,95830.0,60466.0,78.0,3.5,0.5,9.5,207.325,0.345,0.3,6252796.5
2026-09-09T04:45:39,11.5,39634,1547350,1496270,2.6,0.00,0.86,0.00,3.43,0.00,0.00,0.00,34886.0,95830.0,60466.0,75.0,21.5,0.5,50.0,216.927,0.393,0.4,5447341.5
2026-09-09T04:45:44,18.8,39637,1547350,1496267,2.6,0.00,0.76,0.00,3.04,0.00,0.00,0.00,34886.0,95830.0,60466.0,100.0,15.5,0.5,36.0,215.314,0.352,0.3,6614166.5
2026-09-09T04:45:48,18.2,39640,1547350,1496263,2.6,0.00,1.42,0.00,6.80,0.00,0.20,0.00,34888.0,95830.0,60464.0,100.0,18.0,0.5,40.5,226.711,0.358,0.3,6653702.0
2026-09-09T04:45:50,11.6,39640,1547350,1496263,2.6,0.00,0.73,0.00,2.90,0.00,0.00,0.00,34888.0,95830.0,60464.0,75.0,17.0,0.5,36.5,198.577,0.329,0.3,6198818.5
2026-09-09T04:45:54,5.1,39640,1547350,1496263,2.6,0.00,1.17,0.00,5.84,0.00,0.00,0.00,34888.0,95830.0,60464.0,61.0,16.0,0.5,36.5,231.240,0.354,0.3,6692529.0
2026-09-09T04:45:58,5.9,40057,1547350,1495836,2.6,0.00,1.06,0.00,4.24,0.00,0.00,0.00,34888.0,95830.0,60464.0,74.0,19.0,0.5,47.0,249.648,0.427,0.4,9587877.5
2026-09-09T04:46:02,5.9,40455,1547350,1495439,2.6,1.46,5.61,14.64,42.33,0.17,0.09,0.02,34890.0,95830.0,60462.0,74.0,16.5,0.5,38.0,205.541,0.340,0.3,6086621.0
2026-09-09T04:46:08,14.5,40507,1547350,1495387,2.6,3.15,0.33,220.31,1.33,0.16,0.00,0.02,34890.0,95830.0,60462.0,27.0,15.5,0.5,35.5,225.323,0.312,0.3,5563917.5
2026-09-09T04:46:12,19.4,40523,1547350,1495370,2.6,0.44,883.84,5.27,11948.62,0.00,0.09,1.12,34894.0,95830.0,60458.0,71.0,15.5,0.5,38.0,216.688,0.354,0.3,6049781.5
2026-09-09T04:46:45,9.0,40530,1547350,1495363,2.6,0.00,7.85,0.00,115.55,0.00,0.10,0.01,34898.0,95830.0,60454.0,75.0,24.0,0.5,50.0,229.644,0.387,0.4,5519514.0
2026-09-09T04:46:51,12.1,40343,1547350,1495550,2.6,0.00,0.82,0.00,3.28,0.00,0.00,0.00,34898.0,95830.0,60454.0,74.0,12.5,0.5,28.5,212.578,0.338,0.3,6533458.5
2026-09-09T04:47:06,7.0,40986,1547350,1494908,2.6,0.00,1.38,0.00,8.24,0.00,0.05,0.00,34902.0,95830.0,60450.0,72.0,17.0,0.5,42.0,214.745,0.357,0.3,6385814.0
2026-09-09T04:47:22,11.9,45288,1547350,1490605,2.9,0.00,0.52,0.00,2.08,0.00,0.12,0.00,34904.0,95830.0,60448.0,71.0,18.5,0.5,47.0,257.394,0.476,0.4,10180843.5
2026-09-09T04:47:26,13.8,45560,1547350,1490333,2.9,0.00,11.48,0.00,75.66,0.00,0.11,0.00,34910.0,95830.0,60442.0,74.0,16.5,0.5,36.0,222.183,0.000,0.0,0.0
2026-09-09T04:48:08,7.8,45592,1547350,1490301,2.9,0.00,1.07,0.00,7.52,0.00,0.07,0.00,34918.0,95830.0,60434.0,70.0,18.0,0.5,40.5,225.566,0.000,0.0,0.0
2026-09-09T04:48:46,20.2,50865,1547350,1485029,3.3,0.00,0.18,0.00,10.19,0.00,0.14,0.00,34930.0,95830.0,60422.0,73.0,17.0,0.5,37.0,213.114,0.000,0.0,0.0
2026-09-09T04:50:06,4.5,45610,1547350,1490283,2.9,1.47,1.35,34.19,7.86,0.15,0.08,0.01,34936.0,95830.0,60416.0,99.0,16.5,0.5,35.5,217.857,0.000,0.0,0.0
2026-09-09T04:50:55,14.7,45681,1547350,1490213,3.0,0.00,0.12,0.00,0.49,0.00,0.17,0.00,34938.0,95830.0,60414.0,69.0,20.5,0.5,47.5,251.107,0.378,0.3,7255196.0
2026-09-09T04:51:00,15.7,45994,1547350,1489899,3.0,0.00,7.19,0.00,39.20,0.00,0.05,0.00,34946.0,95830.0,60406.0,19.0,14.5,0.5,35.0,220.075,0.000,0.0,0.0
2026-09-09T04:51:51,5.6,47036,1547350,1488857,3.0,0.00,0.08,0.00,0.32,0.00,0.25,0.00,34946.0,95830.0,60406.0,71.0,15.0,0.5,33.0,220.990,0.000,0.0,0.0
2026-09-09T04:52:47,7.1,47287,1547350,1488606,3.1,0.00,0.69,0.00,3.71,0.00,0.05,0.00,34956.0,95830.0,60396.0,69.0,17.0,0.5,36.5,212.440,0.000,0.0,0.0
2026-09-09T04:53:42,10.0,47312,1547350,1488582,3.1,0.00,0.77,0.00,4.10,0.00,0.07,0.00,34962.0,95830.0,60390.0,46.0,21.5,0.5,50.0,237.866,0.000,0.0,0.0
2026-09-09T04:53:45,28.1,47297,1547350,1488596,3.1,0.00,12.84,0.00,76.77,0.00,0.09,0.00,34974.0,95830.0,60378.0,90.0,2.0,0.5,5.5,180.571,0.000,0.0,0.0
2026-09-09T04:54:48,7.9,47260,1547350,1488634,3.1,0.00,0.13,0.00,0.58,0.00,0.00,0.00,34976.0,95830.0,60376.0,100.0,15.0,0.5,31.5,252.281,0.000,0.0,0.0
2026-09-09T04:55:06,7.1,47386,1547350,1488508,3.1,0.00,2.43,0.00,14.09,0.00,0.07,0.01,34986.0,95830.0,60366.0,66.0,19.0,0.5,42.5,217.340,0.000,0.0,0.0
2026-09-09T04:58:02,5.6,47354,1547350,1488540,3.1,0.51,0.61,11.30,5.34,0.18,0.07,0.01,35002.0,95830.0,60350.0,72.0,19.0,0.5,46.0,249.496,0.000,0.0,0.0
2026-09-09T04:58:08,19.3,47453,1547350,1488441,3.1,0.16,4.65,1.28,33.41,0.00,0.07,0.00,35012.0,95830.0,60340.0,100.0,16.5,0.5,36.0,219.487,0.000,0.0,0.0
2026-09-09T04:59:17,9.0,40514,1547350,1495381,2.6,0.13,0.61,15.56,3.95,0.33,0.12,0.00,35014.0,95830.0,60338.0,71.0,16.5,0.5,36.5,229.335,0.393,0.4,7706554.5
2026-09-09T04:59:34,5.1,40617,1547350,1495278,2.6,0.00,1.98,0.00,13.94,0.00,0.06,0.00,35020.0,95830.0,60332.0,79.0,14.0,0.5,33.0,220.440,0.000,0.0,0.0
2026-09-09T05:01:00,8.8,40639,1547350,1495256,2.6,0.00,0.19,0.00,0.90,0.00,0.06,0.00,35026.0,95830.0,60326.0,76.0,20.0,0.5,47.0,254.304,0.000,0.0,0.0
2026-09-09T05:01:06,19.4,40662,1547350,1495233,2.6,0.00,10.42,0.00,57.02,0.00,0.07,0.00,35036.0,95830.0,60316.0,69.0,9.0,0.5,24.5,214.300,0.000,0.0,0.0
2026-09-09T05:02:18,5.3,40676,1547350,1495219,2.6,0.00,0.79,0.00,4.52,0.00,0.07,0.00,35040.0,95830.0,60312.0,73.0,16.5,0.5,36.0,215.264,0.000,0.0,0.0
2026-09-09T05:03:38,2.7,40734,1547350,1495160,2.6,0.00,1.28,0.00,7.75,0.00,0.06,0.00,35062.0,95830.0,60290.0,83.0,26.5,0.5,61.0,229.764,0.000,0.0,0.0
2026-09-09T05:05:56,4.4,40799,1547350,1495088,2.6,0.00,0.40,0.00,2.36,0.00,0.07,0.00,35074.0,95830.0,60278.0,81.0,9.0,0.5,21.0,212.623,0.000,0.0,0.0
2026-09-09T05:07:13,3.8,33976,1547350,1501911,2.2,0.00,1.00,0.00,6.47,0.00,0.09,0.00,35086.0,95830.0,60266.0,74.0,16.0,0.5,34.0,209.421,0.000,0.0,0.0
2026-09-09T05:08:24,4.9,33989,1547350,1501898,2.2,0.00,0.08,0.00,0.34,0.00,0.00,0.00,35088.0,95830.0,60264.0,73.0,6.5,0.5,15.0,203.679,0.354,0.3,6197215.5
2026-09-09T05:09:34,4.6,34034,1547350,1501852,2.2,0.00,0.70,0.00,4.18,0.00,0.06,0.00,35100.0,95830.0,60252.0,73.0,24.0,0.5,53.0,243.802,0.000,0.0,0.0
2026-09-09T05:09:38,10.9,34076,1547350,1501811,2.2,0.00,13.03,0.00,80.11,0.00,0.07,0.00,35104.0,95830.0,60248.0,75.0,28.0,0.5,56.5,228.774,0.000,0.0,0.0
2026-09-09T05:10:56,1.7,34106,1547350,1501781,2.2,0.00,0.08,0.00,0.31,0.00,0.00,0.00,35116.0,95830.0,60236.0,80.0,15.5,0.5,35.0,206.943,0.000,0.0,0.0
2026-09-09T05:12:22,3.7,34225,1547350,1501662,2.2,0.00,1.52,0.00,9.78,0.00,0.07,0.00,35130.0,95830.0,60222.0,5.0,15.0,0.5,38.0,225.040,0.000,0.0,0.0
2026-09-09T05:15:16,2.1,34363,1547350,1501524,2.2,0.09,0.63,1.29,3.73,0.13,0.07,0.00,35150.0,95830.0,60202.0,74.0,11.0,0.5,30.0,201.906,0.000,0.0,0.0
2026-09-09T05:16:08,2.4,27678,1547350,1508209,1.8,0.38,6.37,15.05,142.63,0.10,0.11,0.01,35164.0,95830.0,60188.0,100.0,15.5,0.5,36.0,224.397,0.000,0.0,0.0
2026-09-09T05:17:34,2.4,27575,1547350,1508312,1.8,0.00,0.05,0.00,0.23,0.00,0.25,0.00,35166.0,95830.0,60186.0,69.0,16.0,0.5,36.5,223.345,0.376,0.3,6578085.5
2026-09-09T05:19:02,2.4,27675,1547350,1508211,1.8,0.02,1.33,1.65,8.84,0.50,0.08,0.00,35184.0,95830.0,60168.0,78.0,27.0,0.5,54.5,234.168,0.000,0.0,0.0
2026-09-09T05:19:33,2.3,27696,1547350,1508191,1.8,0.00,2.42,0.00,16.80,0.00,0.07,0.00,35196.0,95830.0,60156.0,70.0,20.5,0.5,47.5,234.234,0.000,0.0,0.0
2026-09-09T05:20:48,2.3,27703,1547350,1508184,1.8,0.00,0.08,0.00,0.32,0.00,0.17,0.00,35208.0,95830.0,60144.0,70.0,14.0,0.5,34.5,206.856,0.000,0.0,0.0
2026-09-09T05:22:05,2.3,27787,1547350,1508100,1.8,0.00,1.10,0.00,6.41,0.00,0.08,0.00,35210.0,95830.0,60142.0,89.0,14.0,0.5,35.5,229.275,0.000,0.0,0.0
2026-09-09T05:22:16,0.9,27819,1547350,1508068,1.8,0.26,8.21,6.22,55.58,0.00,0.08,0.00,35214.0,95830.0,60138.0,80.0,17.5,0.5,42.0,223.035,0.000,0.0,0.0
2026-09-09T05:24:02,2.3,27996,1547350,1507891,1.8,0.08,0.68,1.36,4.34,0.12,0.08,0.00,35228.0,95830.0,60124.0,71.0,18.5,0.5,41.5,214.596,0.000,0.0,0.0
2026-09-09T05:25:16,2.5,28191,1547350,1507696,1.8,0.01,0.98,0.98,6.32,0.00,0.10,0.00,35242.0,95830.0,60110.0,73.0,18.5,0.5,38.0,210.017,0.000,0.0,0.0
2026-09-09T05:26:42,2.2,28196,1547350,1507691,1.8,0.00,0.05,0.00,0.19,0.00,0.00,0.00,35244.0,95830.0,60108.0,69.0,14.5,0.5,32.5,211.130,0.000,0.0,0.0
2026-09-09T05:27:43,2.2,28293,1547350,1507594,1.8,0.02,1.13,1.18,8.26,0.00,0.07,0.00,35254.0,95830.0,60098.0,84.0,20.0,0.5,48.5,237.253,0.000,0.0,0.0
2026-09-09T05:27:52,2.4,28476,1547350,1507411,1.8,0.54,7.83,21.87,48.08,0.20,0.08,0.01,35266.0,95830.0,60086.0,80.0,25.0,0.5,59.5,205.192,0.000,0.0,0.0
2026-09-09T05:29:09,2.4,28518,1547350,1507369,1.8,0.00,0.10,0.00,0.42,0.00,0.12,0.00,35270.0,95830.0,60082.0,83.0,16.5,0.5,37.0,180.303,0.000,0.0,0.0
2026-09-09T05:30:43,0.9,29238,1547350,1506649,1.9,0.00,0.92,0.00,6.12,0.00,0.07,0.00,35272.0,95830.0,60080.0,75.0,14.0,0.5,36.0,221.549,0.328,0.3,5907203.0
2026-09-09T05:30:53,3.9,33469,1547350,1502418,2.2,0.00,0.42,0.00,1.68,0.00,0.25,0.00,35274.0,95830.0,60078.0,70.0,16.5,0.5,36.5,222.240,0.000,0.0,0.0
2026-09-09T05:32:19,2.6,33986,1547350,1501901,2.2,0.05,0.97,0.98,6.11,0.00,0.08,0.00,35288.0,95830.0,60064.0,71.0,20.0,0.5,49.0,244.026,0.000,0.0,0.0
2026-09-09T05:32:23,11.3,34232,1547350,1501655,2.2,0.00,21.15,0.00,127.24,0.00,0.09,0.00,35294.0,95830.0,60058.0,0.0,16.0,0.5,36.5,227.310,0.000,0.0,0.0
2026-09-09T05:34:03,1.9,34707,1547350,1501180,2.2,0.00,0.32,0.00,1.54,0.00,0.06,0.00,35298.0,95830.0,60054.0,68.0,14.0,0.5,30.5,221.482,0.000,0.0,0.0
2026-09-09T05:34:52,3.4,34306,1547350,1501581,2.2,0.00,3.30,0.00,20.78,0.00,0.08,0.00,35324.0,95830.0,60028.0,64.0,15.5,0.5,34.5,206.257,0.000,0.0,0.0
2026-09-09T05:37:38,2.6,34395,1547350,1501492,2.2,0.00,0.02,0.00,0.10,0.00,0.00,0.00,35326.0,95830.0,60026.0,69.0,16.0,0.5,34.5,155.215,0.000,0.0,0.0
2026-09-09T05:38:59,2.8,35106,1547350,1500781,2.3,0.00,0.97,0.00,6.28,0.00,0.08,0.00,35330.0,95830.0,60022.0,71.0,17.0,0.5,43.0,248.081,0.000,0.0,0.0
2026-09-09T05:40:28,3.5,35117,1547350,1500770,2.3,0.00,1.60,0.00,9.49,0.00,0.08,0.00,35356.0,95830.0,59996.0,68.0,18.0,0.5,35.0,215.364,0.000,0.0,0.0
2026-09-09T05:44:03,2.0,34974,1547350,1500913,2.3,0.06,1.13,2.16,7.26,0.17,0.06,0.00,35374.0,95830.0,59978.0,19.0,20.5,0.5,47.0,256.052,0.000,0.0,0.0
2026-09-09T05:46:10,3.7,35357,1547350,1500530,2.3,0.00,4.13,0.00,51.10,0.00,0.08,0.00,35396.0,95830.0,59956.0,73.0,19.5,0.5,40.5,218.459,0.000,0.0,0.0
2026-09-09T05:47:45,2.5,35421,1547350,1500466,2.3,0.00,2.95,0.00,45.49,0.00,0.10,0.00,35410.0,95830.0,59942.0,100.0,16.5,0.5,33.5,225.647,0.000,0.0,0.0
2026-09-09T05:49:18,3.6,35559,1547350,1500328,2.3,0.00,1.08,0.00,7.02,0.00,0.09,0.00,35420.0,95830.0,59932.0,1.0,19.5,0.5,45.0,226.849,0.000,0.0,0.0
2026-09-09T05:50:52,3.3,35886,1547350,1500001,2.3,0.00,1.85,0.00,11.27,0.00,0.08,0.00,35450.0,95830.0,59902.0,71.0,16.0,0.5,36.5,223.729,0.000,0.0,0.0
2026-09-09T05:54:01,3.3,36241,1547350,1499646,2.3,0.00,0.83,0.00,5.06,0.00,0.09,0.00,35480.0,95830.0,59872.0,8.0,13.5,0.5,35.0,209.816,0.000,0.0,0.0
2026-09-09T05:55:34,12.2,36257,1547350,1499631,2.3,0.00,0.08,0.00,0.30,0.00,0.00,0.00,35484.0,95830.0,59868.0,82.0,14.5,0.5,35.0,219.047,0.000,0.0,0.0
2026-09-09T05:55:42,8.7,36392,1547350,1499495,2.4,0.00,10.85,0.00,67.21,0.00,0.09,0.00,35494.0,95830.0,59858.0,78.0,8.0,0.5,24.0,203.567,0.000,0.0,0.0
2026-09-09T05:57:19,2.4,36427,1547350,1499460,2.4,0.00,0.86,0.00,4.80,0.00,0.08,0.00,35500.0,95830.0,59852.0,0.0,14.0,0.5,34.0,217.093,0.000,0.0,0.0
2026-09-09T05:58:50,2.6,36783,1547350,1499104,2.4,0.00,0.02,0.00,0.09,0.00,0.00,0.00,35502.0,95830.0,59850.0,72.0,17.5,0.5,43.5,205.380,0.354,0.3,6117452.5
2026-09-09T06:00:33,2.5,36790,1547350,1499098,2.4,0.00,0.96,0.00,6.21,0.00,0.08,0.00,35506.0,95830.0,59846.0,7.0,28.0,0.5,61.5,236.807,0.000,0.0,0.0
2026-09-09T06:00:42,3.7,36562,1547350,1499325,2.4,0.00,0.63,0.00,2.51,0.00,0.00,0.00,35512.0,95830.0,59840.0,0.0,16.5,0.5,33.5,149.588,0.000,0.0,0.0
2026-09-09T06:02:11,3.0,36969,1547350,1498919,2.4,0.02,0.97,0.18,6.53,0.00,0.08,0.00,35514.0,95830.0,59838.0,94.0,24.0,0.5,50.0,208.756,0.364,0.3,6907070.5
2026-09-09T06:03:47,4.2,36812,1547350,1499075,2.4,0.00,0.72,0.00,3.64,0.00,0.06,0.00,35528.0,95830.0,59824.0,61.0,23.5,0.5,58.0,243.066,0.000,0.0,0.0
2026-09-09T06:03:50,11.7,36858,1547350,1499029,2.4,0.00,1.51,0.00,6.04,0.00,0.20,0.00,35546.0,95830.0,59806.0,77.0,16.0,0.5,34.0,218.821,0.000,0.0,0.0
2026-09-09T06:05:37,4.1,37157,1547350,1498730,2.4,0.00,0.98,0.00,4.96,0.00,0.07,0.00,35554.0,95830.0,59798.0,89.0,15.5,0.5,35.5,213.075,0.000,0.0,0.0
2026-09-09T06:07:32,3.8,37274,1547350,1498614,2.4,0.00,0.46,0.00,2.76,0.00,0.08,0.00,35568.0,95830.0,59784.0,42.0,20.0,0.5,44.5,262.870,0.000,0.0,0.0
2026-09-09T06:07:47,6.6,37501,1547350,1498387,2.4,0.00,4.67,0.00,23.44,0.00,0.07,0.01,35582.0,95830.0,59770.0,68.0,14.0,0.5,35.0,221.809,0.000,0.0,0.0
2026-09-09T06:09:31,3.3,37671,1547350,1498217,2.4,0.00,0.50,0.00,2.72,0.00,0.08,0.00,35590.0,95830.0,59762.0,66.0,15.5,0.5,34.0,193.404,0.000,0.0,0.0
2026-09-09T06:10:23,4.7,37709,1547350,1498178,2.4,0.00,0.08,0.00,0.30,0.00,0.00,0.00,35592.0,95830.0,59760.0,87.0,15.5,0.5,37.0,212.273,0.000,0.0,0.0
2026-09-09T06:12:21,2.5,37947,1547350,1497941,2.5,0.00,0.68,0.00,3.77,0.00,0.07,0.00,35616.0,95830.0,59736.0,0.0,0.0,0.5,0.0,137.429,0.000,0.0,0.0
2026-09-09T06:13:14,4.5,37989,1547350,1497899,2.5,0.00,0.71,0.00,4.07,0.00,0.08,0.00,35616.0,95830.0,59736.0,75.0,14.5,0.5,35.5,228.795,0.000,0.0,0.0
2026-09-09T06:14:40,2.5,38102,1547350,1497786,2.5,0.00,0.68,0.00,4.39,0.00,0.05,0.00,35630.0,95830.0,59722.0,82.0,19.0,0.5,46.0,248.765,0.000,0.0,0.0
2026-09-09T06:14:44,11.4,38453,1547350,1497434,2.5,0.00,128.07,0.00,1861.22,0.00,0.08,0.19,35636.0,95830.0,59716.0,0.0,17.0,0.5,35.5,166.643,0.000,0.0,0.0
2026-09-09T06:16:36,2.1,38598,1547350,1497289,2.5,0.00,0.77,0.00,9.52,0.00,0.19,0.00,35640.0,95830.0,59712.0,75.0,10.0,0.5,20.5,208.272,0.000,0.0,0.0
2026-09-09T06:18:20,4.3,38448,1547350,1497439,2.5,0.00,1.01,0.00,6.49,0.00,0.10,0.00,35654.0,95830.0,59698.0,44.0,20.5,0.5,49.0,230.947,0.000,0.0,0.0
2026-09-09T06:18:24,11.5,38451,1547350,1497436,2.5,0.00,20.90,0.00,128.21,0.00,0.07,0.00,35660.0,95830.0,59692.0,10.0,14.5,0.5,33.5,176.323,0.000,0.0,0.0
2026-09-09T06:20:10,2.5,38494,1547350,1497393,2.5,0.00,0.05,0.00,0.31,0.00,0.00,0.00,35660.0,95830.0,59692.0,64.0,14.5,0.5,34.5,252.945,0.000,0.0,0.0
2026-09-09T06:20:15,11.0,38589,1547350,1497298,2.5,0.00,17.45,0.00,100.90,0.00,0.08,0.02,35668.0,95830.0,59684.0,100.0,20.5,0.5,50.0,207.832,0.000,0.0,0.0
2026-09-09T06:22:01,2.0,38665,1547350,1497223,2.5,0.00,0.12,0.00,0.65,0.00,0.08,0.00,35670.0,95830.0,59682.0,60.0,7.5,0.5,19.0,232.745,0.000,0.0,0.0
2026-09-09T06:22:27,7.0,38768,1547350,1497119,2.5,0.00,2.17,0.00,12.35,0.00,0.07,0.00,35684.0,95830.0,59668.0,71.0,20.5,0.5,46.5,238.130,0.000,0.0,0.0
2026-09-09T06:23:31,3.7,38994,1547350,1496893,2.5,0.00,1.20,0.00,7.21,0.00,0.07,0.00,35700.0,95830.0,59652.0,71.0,14.5,0.5,34.5,186.542,0.000,0.0,0.0
2026-09-09T06:25:10,4.2,39007,1547350,1496880,2.5,0.00,0.06,0.00,0.31,0.00,0.00,0.00,35702.0,95830.0,59650.0,100.0,13.5,0.5,25.5,230.970,0.313,0.3,6043715.0
2026-09-09T06:25:18,5.5,39159,1547350,1496728,2.5,0.00,8.65,0.00,53.90,0.00,0.07,0.00,35716.0,95830.0,59636.0,71.0,15.0,0.5,33.5,226.243,0.000,0.0,0.0
2026-09-09T06:26:47,5.6,39186,1547350,1496701,2.5,0.00,0.01,0.00,0.05,0.00,0.00,0.00,35716.0,95830.0,59636.0,45.0,18.5,0.5,46.0,213.144,0.357,0.3,6651115.0
2026-09-09T06:26:55,3.5,39449,1547350,1496438,2.5,0.12,13.22,0.48,76.56,0.00,0.08,0.00,35740.0,95830.0,59612.0,63.0,12.5,0.5,29.5,199.032,0.000,0.0,0.0
2026-09-09T06:29:03,2.8,39540,1547350,1496347,2.6,0.00,0.21,0.00,0.93,0.00,0.07,0.00,35746.0,95830.0,59606.0,77.0,16.0,0.5,36.5,227.510,0.000,0.0,0.0
2026-09-09T06:31:13,3.5,39669,1547350,1496218,2.6,0.00,0.65,0.00,4.33,0.00,0.08,0.00,35762.0,95830.0,59590.0,6.0,22.0,0.5,52.5,253.280,0.000,0.0,0.0
2026-09-09T06:32:58,2.5,39967,1547350,1495921,2.6,0.00,0.88,0.00,5.43,0.00,0.09,0.00,35768.0,95830.0,59584.0,67.0,0.0,0.5,0.0,98.481,0.000,0.0,0.0
2026-09-09T06:34:24,3.5,41461,1547350,1494427,2.7,0.00,1.46,0.00,8.73,0.00,0.08,0.00,35772.0,95830.0,59580.0,0.0,0.0,0.5,0.0,98.667,0.000,0.0,0.0
2026-09-09T06:35:23,2.8,41216,1547350,1494671,2.7,0.00,0.07,0.00,0.27,0.00,0.25,0.00,35772.0,95830.0,59580.0,0.0,0.0,0.5,0.0,99.841,0.000,0.0,0.0
2026-09-09T06:37:18,0.8,46712,1547350,1489175,3.0,0.00,0.83,0.00,5.30,0.00,0.07,0.00,35772.0,95830.0,59580.0,0.0,0.0,0.5,0.0,100.506,0.000,0.0,0.0
2026-09-09T06:40:09,1.3,54663,1547350,1481225,3.5,0.00,0.87,0.00,5.41,0.00,0.09,0.00,35772.0,95830.0,59580.0,0.0,0.0,0.5,0.0,125.698,0.073,0.1,3683176.0
