timestamp,cpu_util_pct,ram_used_mb,ram_total_mb,ram_avail_mb,ram_used_pct,disk_r_s,disk_w_s,disk_rkB_s,disk_wkB_s,disk_r_await_ms,disk_w_await_ms,disk_util_pct,gpu_mem_used_mb,gpu_mem_total_mb,gpu_mem_free_mb,gpu_util_pct,dcgmi_power_w,dcgmi_gpu_util_pct,dcgmi_mem_copy_util_pct,dcgmi_gr_active,dcgmi_sm_active,dcgmi_pcie_tx_bytes,dcgmi_pcie_rx_bytes
2026-09-09T00:11:43,0.1,3531,1547350,1532658,0.2,0.00,0.00,0.00,0.00,0.00,0.00,0.00,1.0,95830.0,95350.0,0.0,0.0,0.5,0.0,64.368,0.000,0.0,0.0
2026-09-09T00:11:44,0.2,3534,1547350,1532655,0.2,0.00,3.89,0.00,15.56,0.00,0.25,0.00,1.0,95830.0,95350.0,0.0,0.0,0.5,0.0,64.391,0.000,0.0,0.0
2026-09-09T00:11:45,0.2,3536,1547350,1532653,0.2,0.00,1.92,0.00,7.70,0.00,0.00,0.00,1.0,95830.0,95350.0,0.0,0.0,0.5,0.0,64.368,0.000,0.0,0.0
2026-09-09T00:11:46,0.2,3542,1547350,1532647,0.2,0.00,3.13,0.00,16.72,0.00,0.00,0.00,1.0,95830.0,95350.0,0.0,0.0,0.5,0.0,64.359,0.000,0.0,600273.0
2026-09-09T00:11:47,2.8,3549,1547350,1532640,0.2,0.00,2.01,0.00,8.06,0.00,0.00,0.00,1.0,95830.0,95350.0,0.0,0.0,0.5,0.0,64.379,0.000,0.0,683874.0
2026-09-09T00:11:48,0.2,3558,1547350,1532631,0.2,0.00,1.97,0.00,7.90,0.00,0.00,0.00,1.0,95830.0,95350.0,0.0,0.0,0.5,0.0,64.386,0.000,0.0,696365.5
2026-09-09T00:11:49,0.2,3561,1547350,1532629,0.2,0.00,2.01,0.00,8.03,0.00,0.00,0.00,1.0,95830.0,95350.0,0.0,0.0,0.5,0.0,64.391,0.000,0.0,691579.5
2026-09-09T00:11:50,0.2,3561,1547350,1532628,0.2,0.00,2.02,0.00,8.09,0.00,0.00,0.00,1.0,95830.0,95350.0,0.0,0.0,0.5,0.0,64.358,0.000,0.0,691579.5
2026-09-09T00:11:51,0.2,3562,1547350,1532627,0.2,0.00,2.00,0.00,8.01,0.00,0.00,0.00,1.0,95830.0,95350.0,0.0,0.0,0.5,0.0,64.373,0.000,0.0,718344.5
2026-09-09T00:11:52,0.2,3564,1547350,1532625,0.2,0.00,2.92,0.00,15.56,0.00,0.33,0.00,1.0,95830.0,95350.0,0.0,0.0,0.5,0.0,64.394,0.000,0.0,718344.5
2026-09-09T00:11:54,0.1,3565,1547350,1532625,0.2,0.00,1.26,0.00,5.04,0.00,0.00,0.00,1.0,95830.0,95350.0,0.0,0.0,0.5,0.0,64.386,0.000,0.0,655001.5
2026-09-09T00:11:56,0.1,3566,1547350,1532624,0.2,0.00,0.84,0.00,3.37,0.00,0.00,0.00,1.0,95830.0,95350.0,0.0,0.0,0.5,0.0,64.365,0.000,0.0,655001.5
2026-09-09T00:11:57,0.3,3566,1547350,1532623,0.2,0.00,6.37,0.00,31.85,0.00,0.00,0.00,1.0,95830.0,95350.0,0.0,0.0,0.5,0.0,64.373,0.000,0.0,744228.5
2026-09-09T00:11:58,0.2,3567,1547350,1532623,0.2,0.00,2.31,0.00,9.24,0.00,0.00,0.00,1.0,95830.0,95350.0,0.0,0.0,0.5,0.0,64.383,0.000,0.0,686717.0
2026-09-09T00:11:59,0.2,3570,1547350,1532619,0.2,0.00,2.22,0.00,8.87,0.00,0.00,0.00,1.0,95830.0,95350.0,0.0,0.0,0.5,0.0,64.373,0.000,0.0,686717.0
2026-09-09T00:11:59,0.2,3569,1547350,1532620,0.2,0.00,3.05,0.00,12.20,0.00,0.00,0.00,1.0,95830.0,95350.0,0.0,0.0,0.5,0.0,64.403,0.000,0.0,704572.5
2026-09-09T00:12:01,0.2,3574,1547350,1532615,0.2,0.00,1.61,0.00,6.43,0.00,0.00,0.00,1.0,95830.0,95350.0,0.0,0.0,0.5,0.0,64.374,0.000,0.0,704572.5
2026-09-09T00:12:02,0.3,3576,1547350,1532613,0.2,0.00,2.08,0.00,8.32,0.00,0.00,0.00,1.0,95830.0,95350.0,0.0,0.0,0.5,0.0,64.376,0.000,0.0,749603.0
2026-09-09T00:12:02,0.3,3576,1547350,1532614,0.2,0.00,6.39,0.00,25.56,0.00,0.00,0.00,1.0,95830.0,95350.0,0.0,0.0,0.5,0.0,64.380,0.000,0.0,749603.0
2026-09-09T00:12:03,0.3,3580,1547350,1532609,0.2,0.00,13.06,0.00,58.06,0.00,0.11,0.00,1.0,95830.0,95350.0,0.0,0.0,0.5,0.0,64.374,0.000,0.0,738314.5
2026-09-09T00:12:04,0.2,3580,1547350,1532609,0.2,0.00,1.97,0.00,7.88,0.00,0.50,0.10,1.0,95830.0,95350.0,0.0,0.0,0.5,0.0,64.372,0.000,0.0,704266.0
2026-09-09T00:12:05,0.2,3581,1547350,1532609,0.2,0.00,1.77,0.00,7.08,0.00,0.00,0.00,1.0,95830.0,95350.0,0.0,0.0,0.5,0.0,64.345,0.000,0.0,677631.0
2026-09-09T00:12:06,0.2,3583,1547350,1532607,0.2,0.00,1.91,0.00,7.63,0.00,0.00,0.00,1.0,95830.0,95350.0,0.0,0.0,0.5,0.0,64.344,0.000,0.0,677631.0
2026-09-09T00:12:07,0.1,3585,1547350,1532605,0.2,0.00,2.66,0.00,30.31,0.00,0.00,0.00,1.0,95830.0,95350.0,0.0,0.0,0.5,0.0,64.358,0.000,0.0,624921.0
2026-09-09T00:12:14,0.1,3581,1547350,1532608,0.2,0.00,0.72,0.00,4.01,0.00,0.00,0.00,1.0,95830.0,95350.0,0.0,0.0,0.5,0.0,64.373,0.000,0.0,619626.5
2026-09-09T00:12:19,0.0,3582,1547350,1532607,0.2,0.00,0.39,0.00,1.55,0.00,0.50,0.00,1.0,95830.0,95350.0,0.0,0.0,0.5,0.0,64.340,0.000,0.0,645194.5
2026-09-09T00:12:21,0.1,3583,1547350,1532606,0.2,0.00,1.45,0.00,7.76,0.00,0.00,0.00,1.0,95830.0,95350.0,0.0,0.0,0.5,0.0,64.380,0.000,0.0,614759.0
2026-09-09T00:12:28,0.0,3585,1547350,1532604,0.2,0.00,0.74,0.00,4.16,0.00,0.00,0.00,1.0,95830.0,95350.0,0.0,0.0,0.5,0.0,64.406,0.000,0.0,614247.5
2026-09-09T00:12:35,0.0,3585,1547350,1532604,0.2,0.00,0.29,0.00,1.17,0.00,0.00,0.00,1.0,95830.0,95350.0,0.0,0.0,0.5,0.0,64.394,0.000,0.0,640385.0
2026-09-09T00:12:37,0.1,3584,1547350,1532605,0.2,0.00,5.33,0.00,48.16,0.00,0.08,0.00,1.0,95830.0,95350.0,0.0,0.0,0.5,0.0,64.344,0.000,0.0,658632.5
2026-09-09T00:12:40,0.1,3585,1547350,1532604,0.2,0.00,0.79,0.00,3.14,0.00,0.00,0.00,1.0,95830.0,95350.0,0.0,0.0,0.5,0.0,64.355,0.000,0.0,619439.0
2026-09-09T00:12:47,0.0,3586,1547350,1532603,0.2,0.00,0.55,0.00,3.29,0.00,0.25,0.00,1.0,95830.0,95350.0,0.0,0.0,0.5,0.0,64.386,0.000,0.0,615837.0
2026-09-09T00:12:55,0.0,3588,1547350,1532602,0.2,0.00,0.40,0.00,2.11,0.00,0.00,0.01,1.0,95830.0,95350.0,0.0,0.0,0.5,0.0,64.356,0.000,0.0,614292.5
2026-09-09T00:13:04,0.1,3591,1547350,1532598,0.2,0.00,0.31,0.00,1.67,0.00,0.00,0.00,1.0,95830.0,95350.0,0.0,0.0,0.5,0.0,64.381,0.000,0.0,634745.5
2026-09-09T00:13:07,0.1,3592,1547350,1532597,0.2,0.00,5.05,0.00,27.57,0.00,0.08,0.00,1.0,95830.0,95350.0,0.0,0.0,0.5,0.0,64.377,0.000,0.0,635407.5
2026-09-09T00:13:10,0.1,3591,1547350,1532598,0.2,0.00,0.78,0.00,3.11,0.00,0.00,0.00,1.0,95830.0,95350.0,0.0,0.0,0.5,0.0,64.364,0.000,0.0,686055.5
2026-09-09T00:13:14,0.1,3588,1547350,1532601,0.2,0.00,1.25,0.00,5.99,0.00,0.20,0.00,1.0,95830.0,95350.0,0.0,0.0,0.5,0.0,64.368,0.000,0.0,628072.5
2026-09-09T00:13:18,0.0,3591,1547350,1532598,0.2,0.00,0.72,0.00,3.85,0.00,0.00,0.00,1.0,95830.0,95350.0,0.0,0.0,0.5,0.0,64.362,0.000,0.0,646819.5
2026-09-09T00:13:22,0.1,3592,1547350,1532597,0.2,0.00,0.68,0.00,3.65,0.00,0.00,0.00,1.0,95830.0,95350.0,0.0,0.0,0.5,0.0,64.386,0.000,0.0,625792.0
2026-09-09T00:13:24,0.1,3592,1547350,1532597,0.2,0.00,0.91,0.00,3.64,0.00,0.00,0.00,1.0,95830.0,95350.0,0.0,0.0,0.5,0.0,64.374,0.000,0.0,636918.5
2026-09-09T00:13:26,0.1,3590,1547350,1532599,0.2,0.00,1.17,0.00,4.69,0.00,0.00,0.00,1.0,95830.0,95350.0,0.0,0.0,0.5,0.0,64.384,0.000,0.0,665891.0
2026-09-09T00:13:28,0.1,3592,1547350,1532597,0.2,0.00,1.54,0.00,8.21,0.00,0.00,0.00,1.0,95830.0,95350.0,0.0,0.0,0.5,0.0,64.351,0.000,0.0,657359.5
2026-09-09T00:13:30,0.1,3592,1547350,1532597,0.2,0.00,0.97,0.00,3.88,0.00,0.00,0.00,1.0,95830.0,95350.0,0.0,0.0,0.5,0.0,64.368,0.000,0.0,753538.5
2026-09-09T00:13:31,0.1,3593,1547350,1532597,0.2,0.00,1.60,0.00,6.41,0.00,0.00,0.00,1.0,95830.0,95350.0,0.0,0.0,0.5,0.0,64.338,0.000,0.0,650339.0
2026-09-09T00:13:33,0.1,3593,1547350,1532596,0.2,0.00,1.96,0.00,9.79,0.00,0.25,0.00,1.0,95830.0,95350.0,0.0,0.0,0.5,0.0,64.358,0.000,0.0,675399.0
2026-09-09T00:13:36,0.1,3593,1547350,1532596,0.2,0.00,1.53,0.00,21.01,0.00,0.00,0.00,1.0,95830.0,95350.0,0.0,0.0,0.5,0.0,64.330,0.000,0.0,637711.5
2026-09-09T00:13:38,0.1,3597,1547350,1532593,0.2,0.40,0.80,1.61,3.21,0.00,0.00,0.00,1.0,95830.0,95350.0,0.0,0.0,0.5,0.0,64.334,0.000,0.0,631637.0
2026-09-09T00:13:42,0.1,3598,1547350,1532592,0.2,0.00,0.98,0.00,5.22,0.00,0.00,0.00,1.0,95830.0,95350.0,0.0,0.0,0.5,0.0,64.331,0.000,0.0,644295.5
2026-09-09T00:13:44,0.1,3597,1547350,1532592,0.2,0.00,0.93,0.00,3.73,0.00,0.00,0.00,1.0,95830.0,95350.0,0.0,0.0,0.5,0.0,64.328,0.000,0.0,712720.0
2026-09-09T00:13:45,0.1,3599,1547350,1532590,0.2,0.00,1.28,0.00,5.12,0.00,0.00,0.00,1.0,95830.0,95350.0,0.0,0.0,0.5,0.0,64.328,0.000,0.0,632446.0
2026-09-09T00:13:49,0.1,3599,1547350,1532590,0.2,0.00,0.77,0.00,4.10,0.00,0.33,0.00,1.0,95830.0,95350.0,0.0,0.0,0.5,0.0,64.341,0.000,0.0,635058.0
2026-09-09T00:13:51,0.1,3599,1547350,1532590,0.2,0.00,1.16,0.00,4.63,0.00,0.00,0.00,1.0,95830.0,95350.0,0.0,0.0,0.5,0.0,64.307,0.000,0.0,658015.5
2026-09-09T00:13:53,0.1,3600,1547350,1532589,0.2,0.00,2.45,0.00,14.71,0.00,0.00,0.00,1.0,95830.0,95350.0,0.0,0.0,0.5,0.0,64.346,0.000,0.0,658475.0
2026-09-09T00:13:54,0.1,3599,1547350,1532590,0.2,0.00,1.13,0.00,4.53,0.00,0.00,0.00,1.0,95830.0,95350.0,0.0,0.0,0.5,0.0,64.299,0.000,0.0,651878.0
2026-09-09T00:13:57,0.1,3599,1547350,1532590,0.2,0.00,0.66,0.00,2.65,0.00,0.00,0.00,1.0,95830.0,95350.0,0.0,0.0,0.5,0.0,64.332,0.000,0.0,654738.0
2026-09-09T00:13:59,0.1,3601,1547350,1532589,0.2,0.00,1.71,0.00,9.10,0.00,0.00,0.00,1.0,95830.0,95350.0,0.0,0.0,0.5,0.0,64.294,0.000,0.0,650160.0
2026-09-09T00:14:01,0.1,3604,1547350,1532585,0.2,0.00,1.11,0.00,4.46,0.00,0.00,0.06,1.0,95830.0,95350.0,0.0,0.0,0.5,0.0,64.304,0.000,0.0,625237.0
2026-09-09T00:14:05,0.1,3606,1547350,1532584,0.2,0.00,2.55,0.00,11.23,0.00,0.10,0.00,1.0,95830.0,95350.0,0.0,0.0,0.5,0.0,64.330,0.000,0.0,644307.5
2026-09-09T00:14:07,0.1,3606,1547350,1532584,0.2,0.00,5.37,0.00,27.25,0.00,0.08,0.04,1.0,95830.0,95350.0,0.0,0.0,0.5,0.0,64.282,0.000,0.0,631836.0
2026-09-09T00:14:10,0.1,3605,1547350,1532584,0.2,0.00,1.26,0.00,6.70,0.00,0.00,0.00,1.0,95830.0,95350.0,0.0,0.0,0.5,0.0,64.308,0.000,0.0,632239.0
2026-09-09T00:14:13,0.1,3604,1547350,1532585,0.2,0.00,0.65,0.00,2.59,0.00,0.00,0.00,1.0,95830.0,95350.0,0.0,0.0,0.5,0.0,64.297,0.000,0.0,624107.0
2026-09-09T00:14:17,0.1,3604,1547350,1532585,0.2,0.00,1.09,0.00,6.09,0.00,0.20,0.00,1.0,95830.0,95350.0,0.0,0.0,0.5,0.0,64.255,0.000,0.0,652572.0
2026-09-09T00:14:20,0.0,3606,1547350,1532583,0.2,0.00,1.03,0.00,5.51,0.00,0.00,0.00,1.0,95830.0,95350.0,0.0,0.0,0.5,0.0,64.254,0.000,0.0,650998.5
2026-09-09T00:14:24,0.1,3608,1547350,1532582,0.2,0.00,0.57,0.00,2.28,0.00,0.00,0.00,1.0,95830.0,95350.0,0.0,0.0,0.5,0.0,64.260,0.000,0.0,630885.0
2026-09-09T00:14:27,0.1,3607,1547350,1532582,0.2,0.00,0.79,0.00,4.24,0.00,0.00,0.03,1.0,95830.0,95350.0,0.0,0.0,0.5,0.0,64.250,0.000,0.0,628641.5
2026-09-09T00:14:30,0.1,3607,1547350,1532582,0.2,0.00,0.69,0.00,2.76,0.00,0.00,0.00,1.0,95830.0,95350.0,0.0,0.0,0.5,0.0,64.266,0.000,0.0,629626.5
2026-09-09T00:14:34,0.0,3607,1547350,1532582,0.2,0.00,0.78,0.00,4.19,0.00,0.00,0.00,1.0,95830.0,95350.0,0.0,0.0,0.5,0.0,64.236,0.000,0.0,666876.0
2026-09-09T00:14:37,0.1,3607,1547350,1532582,0.2,0.00,2.89,0.00,29.70,0.00,0.11,0.00,1.0,95830.0,95350.0,0.0,0.0,0.5,0.0,64.241,0.000,0.0,687659.5
2026-09-09T00:14:40,0.1,3607,1547350,1532582,0.2,0.00,0.85,0.00,3.38,0.00,0.00,0.00,1.0,95830.0,95350.0,0.0,0.0,0.5,0.0,64.216,0.000,0.0,627826.5
2026-09-09T00:14:43,0.0,3608,1547350,1532582,0.2,0.00,0.83,0.00,4.40,0.00,0.00,0.00,1.0,95830.0,95350.0,0.0,0.0,0.5,0.0,64.215,0.000,0.0,623068.5
2026-09-09T00:14:47,0.1,3609,1547350,1532580,0.2,0.00,0.54,0.00,2.17,0.00,0.00,0.00,1.0,95830.0,95350.0,0.0,0.0,0.5,0.0,64.216,0.000,0.0,659464.5
2026-09-09T00:14:50,0.1,3609,1547350,1532580,0.2,0.00,1.17,0.00,6.23,0.00,0.33,0.04,1.0,95830.0,95350.0,0.0,0.0,0.5,0.0,64.228,0.000,0.0,614204.5
2026-09-09T00:14:54,0.0,3610,1547350,1532580,0.2,0.00,0.93,0.00,5.59,0.00,0.00,0.02,1.0,95830.0,95350.0,0.0,0.0,0.5,0.0,64.192,0.000,0.0,632326.0
2026-09-09T00:14:58,0.0,3611,1547350,1532578,0.2,0.00,0.53,0.00,2.11,0.00,0.00,0.00,1.0,95830.0,95350.0,0.0,0.0,0.5,0.0,64.199,0.000,0.0,630779.5
2026-09-09T00:15:01,0.1,3616,1547350,1532573,0.2,0.00,0.99,0.00,5.26,0.00,0.00,0.03,1.0,95830.0,95350.0,0.0,0.0,0.5,0.0,64.212,0.000,0.0,624912.0
2026-09-09T00:15:04,0.0,3616,1547350,1532574,0.2,0.00,2.48,0.00,11.04,0.00,0.11,0.00,1.0,95830.0,95350.0,0.0,0.0,0.5,0.0,64.184,0.000,0.0,625390.5
2026-09-09T00:15:10,0.0,3615,1547350,1532574,0.2,0.00,1.47,0.00,8.27,0.00,0.00,0.00,1.0,95830.0,95350.0,0.0,0.0,0.5,0.0,64.184,0.000,0.0,646999.5
2026-09-09T00:15:14,0.1,3613,1547350,1532576,0.2,0.00,1.58,0.00,7.35,0.00,0.17,0.00,1.0,95830.0,95350.0,0.0,0.0,0.5,0.0,64.173,0.000,0.0,675035.5
2026-09-09T00:15:16,0.1,3613,1547350,1532576,0.2,0.00,0.74,0.00,2.94,0.00,0.00,0.00,1.0,95830.0,95350.0,0.0,0.0,0.5,0.0,64.217,0.000,0.0,697243.5
2026-09-09T00:15:18,0.1,3613,1547350,1532576,0.2,0.00,1.65,0.00,8.80,0.00,0.00,0.05,1.0,95830.0,95350.0,0.0,0.0,0.5,0.0,64.188,0.000,0.0,651520.5
2026-09-09T00:15:20,0.1,3612,1547350,1532577,0.2,0.00,1.27,0.00,5.07,0.00,0.00,0.00,1.0,95830.0,95350.0,0.0,0.0,0.5,0.0,64.167,0.000,0.0,637916.0
2026-09-09T00:15:30,0.1,3611,1547350,1532578,0.2,0.00,0.40,0.00,2.40,0.00,0.25,0.00,1.0,95830.0,95350.0,0.0,0.0,0.5,0.0,64.148,0.000,0.0,619749.5
2026-09-09T00:15:32,0.1,3612,1547350,1532577,0.2,0.00,1.09,0.00,4.37,0.00,0.00,0.00,1.0,95830.0,95350.0,0.0,0.0,0.5,0.0,64.157,0.000,0.0,675351.5
2026-09-09T00:15:34,0.1,3612,1547350,1532577,0.2,0.00,1.46,0.00,7.78,0.00,0.00,0.00,1.0,95830.0,95350.0,0.0,0.0,0.5,0.0,64.166,0.000,0.0,645447.0
2026-09-09T00:15:36,0.1,3612,1547350,1532577,0.2,0.00,0.74,0.00,2.97,0.00,0.00,0.00,1.0,95830.0,95350.0,0.0,0.0,0.5,0.0,64.160,0.000,0.0,639275.0
2026-09-09T00:15:39,0.1,3613,1547350,1532577,0.2,0.00,7.19,0.00,72.28,0.00,0.11,0.00,1.0,95830.0,95350.0,0.0,0.0,0.5,0.0,64.142,0.000,0.0,667722.0
2026-09-09T00:15:43,0.1,3612,1547350,1532577,0.2,0.00,0.48,0.00,1.93,0.00,0.00,0.00,1.0,95830.0,95350.0,0.0,0.0,0.5,0.0,64.185,0.000,0.0,702033.0
2026-09-09T00:15:45,0.1,3612,1547350,1532577,0.2,0.00,1.22,0.00,4.89,0.00,0.00,0.00,1.0,95830.0,95350.0,0.0,0.0,0.5,0.0,64.139,0.000,0.0,643044.5
2026-09-09T00:15:47,0.1,3612,1547350,1532577,0.2,0.00,2.01,0.00,10.06,0.00,0.00,0.05,1.0,95830.0,95350.0,0.0,0.0,0.5,0.0,64.157,0.000,0.0,635592.5
2026-09-09T00:15:50,0.1,3613,1547350,1532576,0.2,0.00,0.55,0.00,2.19,0.00,0.00,0.03,1.0,95830.0,95350.0,0.0,0.0,0.5,0.0,64.181,0.000,0.0,666269.0
2026-09-09T00:15:53,0.1,3612,1547350,1532577,0.2,0.00,0.93,0.00,4.96,0.00,0.00,0.00,1.0,95830.0,95350.0,0.0,0.0,0.5,0.0,64.162,0.000,0.0,650409.0
2026-09-09T00:15:55,0.1,3612,1547350,1532577,0.2,0.00,0.96,0.00,3.86,0.00,0.00,0.00,1.0,95830.0,95350.0,0.0,0.0,0.5,0.0,64.143,0.000,0.0,640161.5
2026-09-09T00:15:58,0.1,3611,1547350,1532578,0.2,0.00,1.75,0.00,10.48,0.00,0.25,0.00,1.0,95830.0,95350.0,0.0,0.0,0.5,0.0,64.153,0.000,0.0,634483.0
2026-09-09T00:16:00,0.1,3614,1547350,1532575,0.2,0.00,1.06,0.00,4.23,0.00,0.00,0.00,1.0,95830.0,95350.0,0.0,0.0,0.5,0.0,64.156,0.000,0.0,618988.0
2026-09-09T00:16:08,0.5,3708,1547350,1532481,0.2,0.00,28.94,0.00,413.81,0.00,0.06,0.01,1.0,95830.0,95350.0,0.0,0.0,0.5,0.0,64.132,0.000,0.0,621991.0
2026-09-09T00:16:12,0.8,3709,1547350,1532481,0.2,0.00,0.72,0.00,2.89,0.00,0.00,0.00,1.0,95830.0,95350.0,0.0,0.0,0.5,0.0,64.148,0.000,0.0,649490.0
2026-09-09T00:16:14,1.1,3746,1547350,1532443,0.2,0.00,2.62,0.00,50.31,0.00,0.00,0.00,1.0,95830.0,95350.0,0.0,0.0,0.5,0.0,64.139,0.000,0.0,652745.0
2026-09-09T00:16:16,1.1,3616,1547350,1532573,0.2,0.00,19.58,0.00,547.44,0.00,0.05,0.15,1.0,95830.0,95350.0,0.0,0.0,0.5,0.0,64.140,0.000,0.0,625164.5
2026-09-09T00:16:19,0.1,3613,1547350,1532576,0.2,0.00,0.55,0.00,2.19,0.00,0.50,0.00,1.0,95830.0,95350.0,0.0,0.0,0.5,0.0,64.139,0.000,0.0,630614.5
2026-09-09T00:16:23,0.1,3614,1547350,1532575,0.2,0.00,38.45,0.00,596.80,0.00,0.07,0.05,1.0,95830.0,95350.0,0.0,0.0,0.5,0.0,64.138,0.000,0.0,679909.5
2026-09-09T00:16:27,0.1,3613,1547350,1532576,0.2,0.00,0.54,0.00,2.18,0.00,0.00,0.00,1.0,95830.0,95350.0,0.0,0.0,0.5,0.0,64.144,0.000,0.0,681886.0
2026-09-09T00:16:29,0.1,3612,1547350,1532577,0.2,0.00,0.89,0.00,3.56,0.00,0.00,0.00,1.0,95830.0,95350.0,0.0,0.0,0.5,0.0,64.155,0.000,0.0,630630.5
2026-09-09T00:16:46,0.0,3606,1547350,1532583,0.2,0.00,5.24,0.00,68.09,0.00,0.14,0.01,1.0,95830.0,95350.0,0.0,0.0,0.5,0.0,64.120,0.000,0.0,604881.0
2026-09-09T00:16:53,0.1,3606,1547350,1532583,0.2,0.00,0.78,0.00,4.39,0.00,0.20,0.00,1.0,95830.0,95350.0,0.0,0.0,0.5,0.0,64.136,0.000,0.0,655912.5
2026-09-09T00:16:56,0.1,3606,1547350,1532583,0.2,0.00,0.56,0.00,2.24,0.00,0.00,0.00,1.0,95830.0,95350.0,0.0,0.0,0.5,0.0,64.117,0.000,0.0,636861.0
2026-09-09T00:17:00,0.1,3607,1547350,1532582,0.2,0.00,0.86,0.00,4.58,0.00,0.00,0.03,1.0,95830.0,95350.0,0.0,0.0,0.5,0.0,64.118,0.000,0.0,646039.5
2026-09-09T00:17:03,0.1,3613,1547350,1532576,0.2,0.00,0.58,0.00,2.30,0.00,0.00,0.00,1.0,95830.0,95350.0,0.0,0.0,0.5,0.0,64.138,0.000,0.0,624407.0
2026-09-09T00:17:07,0.1,3613,1547350,1532577,0.2,0.00,6.41,0.00,50.72,0.00,0.08,0.00,1.0,95830.0,95350.0,0.0,0.0,0.5,0.0,64.131,0.000,0.0,664246.0
2026-09-09T00:17:10,0.1,3611,1547350,1532578,0.2,0.00,0.60,0.00,2.39,0.00,0.50,0.00,1.0,95830.0,95350.0,0.0,0.0,0.5,0.0,64.105,0.000,0.0,639334.0
2026-09-09T00:17:14,0.1,3610,1547350,1532579,0.2,0.00,1.43,0.00,6.88,0.00,0.00,0.00,1.0,95830.0,95350.0,0.0,0.0,0.5,0.0,64.132,0.000,0.0,654287.0
2026-09-09T00:17:17,0.1,3610,1547350,1532579,0.2,0.00,0.87,0.00,4.63,0.00,0.00,0.00,1.0,95830.0,95350.0,0.0,0.0,0.5,0.0,64.122,0.000,0.0,644043.0
2026-09-09T00:17:22,0.1,3611,1547350,1532578,0.2,0.00,0.91,0.00,4.54,0.00,0.00,0.00,1.0,95830.0,95350.0,0.0,0.0,0.5,0.0,64.128,0.000,0.0,657469.5
2026-09-09T00:17:26,0.1,3611,1547350,1532578,0.2,0.00,0.46,0.00,1.84,0.00,0.00,0.00,1.0,95830.0,95350.0,0.0,0.0,0.5,0.0,64.130,0.000,0.0,657528.5
2026-09-09T00:17:30,0.1,3611,1547350,1532578,0.2,0.00,10.21,0.00,86.45,0.00,0.12,0.02,1.0,95830.0,95350.0,0.0,0.0,0.5,0.0,64.150,0.000,0.0,608996.0
2026-09-09T00:17:51,0.2,3614,1547350,1532575,0.2,0.00,0.10,0.00,0.39,0.00,0.00,0.00,1.0,95830.0,95350.0,0.0,0.0,0.5,0.0,64.136,0.000,0.0,648551.5
2026-09-09T00:17:55,0.1,3614,1547350,1532575,0.2,0.00,1.10,0.00,5.27,0.00,0.00,0.00,1.0,95830.0,95350.0,0.0,0.0,0.5,0.0,64.138,0.000,0.0,634412.0
2026-09-09T00:17:58,0.1,3614,1547350,1532575,0.2,0.00,1.44,0.00,7.20,0.00,0.25,0.00,1.0,95830.0,95350.0,0.0,0.0,0.5,0.0,64.139,0.000,0.0,658611.0
2026-09-09T00:18:01,0.1,3619,1547350,1532570,0.2,0.00,2.88,0.00,14.09,0.00,0.11,0.00,1.0,95830.0,95350.0,0.0,0.0,0.5,0.0,64.131,0.000,0.0,649653.0
2026-09-09T00:18:05,0.1,3619,1547350,1532570,0.2,0.00,0.46,0.00,1.82,0.00,0.00,0.00,1.0,95830.0,95350.0,0.0,0.0,0.5,0.0,64.139,0.000,0.0,641697.5
2026-09-09T00:18:09,0.1,3621,1547350,1532569,0.2,0.00,2.27,0.00,25.90,0.00,0.00,0.00,1.0,95830.0,95350.0,0.0,0.0,0.5,0.0,64.135,0.000,0.0,649695.0
2026-09-09T00:18:12,0.1,3617,1547350,1532572,0.2,0.00,0.63,0.00,2.53,0.00,0.00,0.00,1.0,95830.0,95350.0,0.0,0.0,0.5,0.0,64.116,0.000,0.0,680455.5
2026-09-09T00:18:15,0.1,3617,1547350,1532572,0.2,0.00,1.69,0.00,8.09,0.00,0.20,0.00,1.0,95830.0,95350.0,0.0,0.0,0.5,0.0,64.147,0.000,0.0,652154.0
2026-09-09T00:18:31,0.1,3615,1547350,1532574,0.2,0.00,0.31,0.00,2.01,0.00,0.00,0.00,1.0,95830.0,95350.0,0.0,0.0,0.5,0.0,64.117,0.000,0.0,613569.0
2026-09-09T00:18:33,0.1,3616,1547350,1532574,0.2,0.00,0.69,0.00,2.75,0.00,0.00,0.00,1.0,95830.0,95350.0,0.0,0.0,0.5,0.0,64.133,0.000,0.0,0.0
2026-09-09T00:18:53,0.1,3616,1547350,1532573,0.2,0.00,0.80,0.00,6.05,0.00,0.06,0.00,1.0,95830.0,95350.0,0.0,0.0,0.5,0.0,64.128,0.000,0.0,588849.5
2026-09-09T00:18:57,0.1,3618,1547350,1532571,0.2,0.00,0.95,0.00,5.09,0.00,0.00,0.00,1.0,95830.0,95350.0,0.0,0.0,0.5,0.0,64.167,0.000,0.0,741782.5
2026-09-09T00:18:57,0.2,3623,1547350,1532566,0.2,0.00,12.21,0.00,59.70,0.00,0.11,0.00,1.0,95830.0,95350.0,0.0,0.0,0.5,0.0,64.129,0.000,0.0,615551.5
2026-09-09T00:19:04,0.1,3623,1547350,1532566,0.2,0.00,0.32,0.00,1.28,0.00,0.00,0.00,1.0,95830.0,95350.0,0.0,0.0,0.5,0.0,64.139,0.000,0.0,647257.0
2026-09-09T00:19:05,0.1,3621,1547350,1532568,0.2,0.00,1.10,0.00,4.40,0.00,0.00,0.00,1.0,95830.0,95350.0,0.0,0.0,0.5,0.0,64.139,0.000,0.0,635560.0
2026-09-09T00:19:08,0.1,3619,1547350,1532570,0.2,0.00,1.66,0.00,7.97,0.00,0.20,0.00,1.0,95830.0,95350.0,0.0,0.0,0.5,0.0,64.141,0.000,0.0,663469.5
2026-09-09T00:19:10,0.1,3620,1547350,1532569,0.2,0.00,2.00,0.00,24.68,0.00,0.00,0.00,1.0,95830.0,95350.0,0.0,0.0,0.5,0.0,64.138,0.000,0.0,750591.5
2026-09-09T00:19:12,0.1,3615,1547350,1532574,0.2,0.00,1.09,0.00,4.36,0.00,0.00,0.00,1.0,95830.0,95350.0,0.0,0.0,0.5,0.0,64.137,0.000,0.0,704287.5
2026-09-09T00:19:13,0.1,3616,1547350,1532574,0.2,0.00,4.89,0.00,26.10,0.00,0.00,0.00,1.0,95830.0,95350.0,0.0,0.0,0.5,0.0,64.160,0.000,0.0,641372.5
2026-09-09T00:19:15,0.1,3615,1547350,1532574,0.2,0.00,0.82,0.00,3.29,0.00,0.50,0.00,1.0,95830.0,95350.0,0.0,0.0,0.5,0.0,64.138,0.000,0.0,641185.0
2026-09-09T00:19:18,0.1,3615,1547350,1532574,0.2,0.00,1.12,0.00,5.95,0.00,0.00,0.00,1.0,95830.0,95350.0,0.0,0.0,0.5,0.0,64.135,0.000,0.0,631607.5
2026-09-09T00:19:21,0.1,3615,1547350,1532574,0.2,0.00,1.12,0.00,5.99,0.00,0.00,0.00,1.0,95830.0,95350.0,0.0,0.0,0.5,0.0,64.163,0.000,0.0,615471.0
2026-09-09T00:19:28,0.1,3616,1547350,1532573,0.2,0.00,0.44,0.00,2.34,0.00,0.00,0.00,1.0,95830.0,95350.0,0.0,0.0,0.5,0.0,64.154,0.000,0.0,639953.5
2026-09-09T00:19:30,0.1,3615,1547350,1532575,0.2,0.00,0.81,0.00,3.22,0.00,0.00,0.00,1.0,95830.0,95350.0,0.0,0.0,0.5,0.0,64.150,0.000,0.0,645298.0
2026-09-09T00:19:32,0.1,3613,1547350,1532576,0.2,0.00,1.10,0.00,4.39,0.00,0.00,0.00,1.0,95830.0,95350.0,0.0,0.0,0.5,0.0,64.197,0.000,0.0,661740.0
2026-09-09T00:19:35,0.1,3616,1547350,1532573,0.2,0.00,1.49,0.00,7.46,0.00,0.25,0.00,1.0,95830.0,95350.0,0.0,0.0,0.5,0.0,64.175,0.000,0.0,634269.5
2026-09-09T00:19:38,0.1,3617,1547350,1532573,0.2,0.00,0.69,0.00,2.75,0.00,0.00,0.00,1.0,95830.0,95350.0,0.0,0.0,0.5,0.0,64.165,0.000,0.0,631762.0
2026-09-09T00:19:40,0.1,3617,1547350,1532573,0.2,0.00,8.17,0.00,50.43,0.00,0.09,0.04,1.0,95830.0,95350.0,0.0,0.0,0.5,0.0,64.150,0.000,0.0,631762.0
2026-09-09T00:19:41,0.1,3617,1547350,1532572,0.2,0.00,3.15,0.00,16.79,0.00,0.00,0.00,1.0,95830.0,95350.0,0.0,0.0,0.5,0.0,64.166,0.000,0.0,655083.0
2026-09-09T00:19:44,0.1,3617,1547350,1532573,0.2,0.00,0.67,0.00,2.70,0.00,0.00,0.00,1.0,95830.0,95350.0,0.0,0.0,0.5,0.0,64.171,0.000,0.0,640542.0
2026-09-09T00:19:47,0.1,3617,1547350,1532572,0.2,0.00,0.95,0.00,5.08,0.00,0.00,0.00,1.0,95830.0,95350.0,0.0,0.0,0.5,0.0,64.168,0.000,0.0,677955.5
2026-09-09T00:19:50,0.1,3618,1547350,1532571,0.2,0.00,1.02,0.00,5.44,0.00,0.33,0.03,1.0,95830.0,95350.0,0.0,0.0,0.5,0.0,64.186,0.000,0.0,652919.0
2026-09-09T00:19:54,0.1,3616,1547350,1532573,0.2,0.00,0.83,0.00,3.31,0.00,0.00,0.00,1.0,95830.0,95350.0,0.0,0.0,0.5,0.0,64.181,0.000,0.0,661276.5
2026-09-09T00:19:58,0.1,3616,1547350,1532573,0.2,0.00,0.81,0.00,4.31,0.00,0.00,0.00,1.0,95830.0,95350.0,0.0,0.0,0.5,0.0,64.178,0.000,0.0,626640.0
2026-09-09T00:20:02,0.1,3624,1547350,1532565,0.2,0.00,2.18,0.00,10.67,0.00,0.11,0.00,1.0,95830.0,95350.0,0.0,0.0,0.5,0.0,64.184,0.000,0.0,632163.0
2026-09-09T00:20:06,0.1,3625,1547350,1532565,0.2,0.00,0.52,0.00,2.08,0.00,0.00,0.00,1.0,95830.0,95350.0,0.0,0.0,0.5,0.0,64.177,0.000,0.0,626732.5
2026-09-09T00:20:08,0.1,3625,1547350,1532564,0.2,0.00,1.77,0.00,16.13,0.00,0.00,0.00,1.0,95830.0,95350.0,0.0,0.0,0.5,0.0,64.169,0.000,0.0,628869.5
2026-09-09T00:20:12,0.1,3622,1547350,1532568,0.2,0.00,0.57,0.00,2.30,0.00,0.00,0.00,1.0,95830.0,95350.0,0.0,0.0,0.5,0.0,64.162,0.000,0.0,821878.0
2026-09-09T00:20:13,0.1,3621,1547350,1532568,0.2,0.00,3.98,0.00,21.23,0.00,0.17,0.00,1.0,95830.0,95350.0,0.0,0.0,0.5,0.0,64.206,0.000,0.0,667884.5
2026-09-09T00:20:17,0.1,3623,1547350,1532566,0.2,0.00,0.57,0.00,2.28,0.00,0.00,0.00,1.0,95830.0,95350.0,0.0,0.0,0.5,0.0,64.202,0.000,0.0,663390.5
2026-09-09T00:20:20,0.1,3623,1547350,1532566,0.2,0.00,1.00,0.00,5.34,0.00,0.00,0.00,1.0,95830.0,95350.0,0.0,0.0,0.5,0.0,64.203,0.000,0.0,660974.5
2026-09-09T00:20:24,0.1,3623,1547350,1532566,0.2,0.00,0.53,0.00,2.12,0.00,0.00,0.00,1.0,95830.0,95350.0,0.0,0.0,0.5,0.0,64.180,0.000,0.0,641406.0
2026-09-09T00:20:28,0.0,3623,1547350,1532566,0.2,0.00,0.68,0.00,3.65,0.00,0.33,0.00,1.0,95830.0,95350.0,0.0,0.0,0.5,0.0,64.191,0.000,0.0,624281.0
2026-09-09T00:20:32,0.1,3623,1547350,1532566,0.2,0.00,0.79,0.00,4.22,0.00,0.00,0.00,1.0,95830.0,95350.0,0.0,0.0,0.5,0.0,64.189,0.000,0.0,632261.5
2026-09-09T00:20:35,0.1,3623,1547350,1532566,0.2,0.00,0.67,0.00,2.67,0.00,0.00,0.00,1.0,95830.0,95350.0,0.0,0.0,0.5,0.0,64.172,0.000,0.0,654531.0
2026-09-09T00:20:37,0.1,3624,1547350,1532566,0.2,0.00,0.90,0.00,3.59,0.00,0.00,0.00,1.0,95830.0,95350.0,0.0,0.0,0.5,0.0,64.209,0.000,0.0,654132.0
2026-09-09T00:20:40,0.1,3624,1547350,1532565,0.2,0.00,5.76,0.00,41.17,0.00,0.06,0.00,1.0,95830.0,95350.0,0.0,0.0,0.5,0.0,64.200,0.000,0.0,627933.5
2026-09-09T00:20:43,0.1,3623,1547350,1532567,0.2,0.00,0.60,0.00,2.40,0.00,0.00,0.00,1.0,95830.0,95350.0,0.0,0.0,0.5,0.0,64.184,0.000,0.0,672309.5
2026-09-09T00:20:45,0.1,3624,1547350,1532565,0.2,0.00,1.68,0.00,8.97,0.00,0.00,0.00,1.0,95830.0,95350.0,0.0,0.0,0.5,0.0,64.188,0.000,0.0,625587.0
2026-09-09T00:20:49,0.1,3624,1547350,1532565,0.2,0.00,0.81,0.00,4.35,0.00,0.33,0.03,1.0,95830.0,95350.0,0.0,0.0,0.5,0.0,64.167,0.000,0.0,633842.5
2026-09-09T00:20:52,0.1,3626,1547350,1532563,0.2,0.00,0.65,0.00,2.62,0.00,0.00,0.00,1.0,95830.0,95350.0,0.0,0.0,0.5,0.0,64.204,0.000,0.0,633335.5
2026-09-09T00:20:57,0.0,3625,1547350,1532564,0.2,0.00,0.64,0.00,3.40,0.00,0.00,0.00,1.0,95830.0,95350.0,0.0,0.0,0.5,0.0,64.228,0.000,0.0,646312.5
2026-09-09T00:21:01,0.1,3629,1547350,1532561,0.2,0.00,2.27,0.00,10.10,0.00,0.11,0.00,1.0,95830.0,95350.0,0.0,0.0,0.5,0.0,64.209,0.000,0.0,618145.0
2026-09-09T00:21:05,0.1,3628,1547350,1532561,0.2,0.00,0.42,0.00,1.68,0.00,0.00,0.00,1.0,95830.0,95350.0,0.0,0.0,0.5,0.0,64.200,0.000,0.0,668284.5
2026-09-09T00:21:10,0.1,3628,1547350,1532561,0.2,0.00,1.38,0.00,8.85,0.00,0.00,0.00,1.0,95830.0,95350.0,0.0,0.0,0.5,0.0,64.210,0.000,0.0,645527.5
2026-09-09T00:21:12,0.1,3627,1547350,1532562,0.2,0.00,2.31,0.00,12.94,0.00,0.20,0.00,1.0,95830.0,95350.0,0.0,0.0,0.5,0.0,64.219,0.000,0.0,624307.0
2026-09-09T00:21:17,0.1,3627,1547350,1532562,0.2,0.00,0.42,0.00,1.67,0.00,0.00,0.00,1.0,95830.0,95350.0,0.0,0.0,0.5,0.0,64.228,0.000,0.0,621736.5
2026-09-09T00:21:21,0.0,3627,1547350,1532562,0.2,0.00,0.84,0.00,5.04,0.00,0.00,0.00,1.0,95830.0,95350.0,0.0,0.0,0.5,0.0,64.243,0.000,0.0,622545.0
2026-09-09T00:21:26,0.0,3627,1547350,1532562,0.2,0.00,0.72,0.00,3.84,0.00,0.00,0.00,1.0,95830.0,95350.0,0.0,0.0,0.5,0.0,64.230,0.000,0.0,622317.5
2026-09-09T00:21:30,0.1,3628,1547350,1532561,0.2,0.00,0.71,0.00,3.76,0.00,0.00,0.00,1.0,95830.0,95350.0,0.0,0.0,0.5,0.0,64.239,0.000,0.0,622500.0
2026-09-09T00:21:34,0.1,3630,1547350,1532560,0.2,0.00,0.46,0.00,1.84,0.00,0.50,0.00,1.0,95830.0,95350.0,0.0,0.0,0.5,0.0,64.213,0.000,0.0,644040.0
2026-09-09T00:21:36,0.1,3630,1547350,1532560,0.2,0.00,1.18,0.00,4.73,0.00,0.00,0.00,1.0,95830.0,95350.0,0.0,0.0,0.5,0.0,64.231,0.000,0.0,740771.5
2026-09-09T00:21:37,0.1,3630,1547350,1532559,0.2,0.00,2.78,0.00,14.81,0.00,0.00,0.00,1.0,95830.0,95350.0,0.0,0.0,0.5,0.0,64.211,0.000,0.0,627648.0
2026-09-09T00:21:40,0.1,3629,1547350,1532560,0.2,0.00,1.81,0.00,21.88,0.00,0.00,0.00,1.0,95830.0,95350.0,0.0,0.0,0.5,0.0,64.234,0.000,0.0,637334.5
2026-09-09T00:21:43,0.1,3629,1547350,1532560,0.2,0.00,1.28,0.00,6.40,0.00,0.00,0.00,1.0,95830.0,95350.0,0.0,0.0,0.5,0.0,64.243,0.000,0.0,665983.0
2026-09-09T00:21:47,0.1,3630,1547350,1532559,0.2,0.00,0.55,0.00,2.20,0.00,0.00,0.00,1.0,95830.0,95350.0,0.0,0.0,0.5,0.0,64.247,0.000,0.0,746218.0
2026-09-09T00:21:49,0.1,3629,1547350,1532560,0.2,0.00,1.36,0.00,5.43,0.00,0.50,0.00,1.0,95830.0,95350.0,0.0,0.0,0.5,0.0,64.228,0.000,0.0,771590.0
2026-09-09T00:21:50,0.1,3630,1547350,1532560,0.2,0.00,3.00,0.00,16.00,0.00,0.00,0.00,1.0,95830.0,95350.0,0.0,0.0,0.5,0.0,64.226,0.000,0.0,771590.0
2026-09-09T00:21:50,0.1,3630,1547350,1532559,0.2,0.00,2.06,0.00,8.24,0.00,0.00,0.00,1.0,95830.0,95350.0,0.0,0.0,0.5,0.0,64.269,0.000,0.0,698797.5
2026-09-09T00:21:51,0.1,3630,1547350,1532560,0.2,0.00,2.15,0.00,8.58,0.00,0.00,0.00,1.0,95830.0,95350.0,0.0,0.0,0.5,0.0,64.220,0.000,0.0,698797.5
2026-09-09T00:21:52,0.1,3630,1547350,1532559,0.2,0.00,2.57,0.00,10.28,0.00,0.00,0.00,1.0,95830.0,95350.0,0.0,0.0,0.5,0.0,64.258,0.000,0.0,656084.0
2026-09-09T00:21:57,0.1,3630,1547350,1532559,0.2,0.00,0.68,0.00,3.61,0.00,0.00,0.00,1.0,95830.0,95350.0,0.0,0.0,0.5,0.0,64.209,0.000,0.0,662383.5
2026-09-09T00:21:59,0.1,3630,1547350,1532559,0.2,0.00,0.76,0.00,3.05,0.00,0.00,0.00,1.0,95830.0,95350.0,0.0,0.0,0.5,0.0,64.218,0.000,0.0,626594.5
2026-09-09T00:22:03,0.1,3632,1547350,1532557,0.2,0.00,2.34,0.00,10.41,0.00,0.11,0.00,1.0,95830.0,95350.0,0.0,0.0,0.5,0.0,64.234,0.000,0.0,625314.0
2026-09-09T00:22:06,0.1,3633,1547350,1532557,0.2,0.00,0.90,0.00,4.77,0.00,0.00,0.00,1.0,95830.0,95350.0,0.0,0.0,0.5,0.0,64.257,0.000,0.0,625626.5
2026-09-09T00:22:10,0.1,3629,1547350,1532560,0.2,0.00,1.59,0.00,9.93,0.00,0.00,0.00,1.0,95830.0,95350.0,0.0,0.0,0.5,0.0,64.251,0.000,0.0,626104.5
2026-09-09T00:22:14,0.1,3629,1547350,1532560,0.2,0.00,1.45,0.00,6.77,0.00,0.17,0.00,1.0,95830.0,95350.0,0.0,0.0,0.5,0.0,64.231,0.000,0.0,706714.5
2026-09-09T00:22:17,0.1,3628,1547350,1532561,0.2,0.00,0.77,0.00,3.08,0.00,0.00,0.04,1.0,95830.0,95350.0,0.0,0.0,0.5,0.0,64.263,0.000,0.0,643582.0
2026-09-09T00:22:21,0.1,3629,1547350,1532560,0.2,0.00,0.83,0.00,4.44,0.00,0.00,0.00,1.0,95830.0,95350.0,0.0,0.0,0.5,0.0,64.272,0.000,0.0,719831.0
2026-09-09T00:22:22,0.1,3628,1547350,1532561,0.2,0.00,1.50,0.00,6.00,0.00,0.00,0.00,1.0,95830.0,95350.0,0.0,0.0,0.5,0.0,64.237,0.000,0.0,648011.0
2026-09-09T00:22:25,0.1,3627,1547350,1532562,0.2,0.00,1.61,0.00,7.73,0.00,0.20,0.00,1.0,95830.0,95350.0,0.0,0.0,0.5,0.0,64.210,0.000,0.0,624228.0
2026-09-09T00:22:29,0.1,3628,1547350,1532561,0.2,0.00,1.01,0.00,4.03,0.00,0.00,0.00,1.0,95830.0,95350.0,0.0,0.0,0.5,0.0,64.275,0.000,0.0,647782.5
2026-09-09T00:22:32,0.1,3628,1547350,1532561,0.2,0.00,0.61,0.00,2.45,0.00,0.00,0.00,1.0,95830.0,95350.0,0.0,0.0,0.5,0.0,64.305,0.000,0.0,648006.5
2026-09-09T00:22:35,0.1,3628,1547350,1532562,0.2,0.00,1.57,0.00,6.30,0.00,0.00,0.00,1.0,95830.0,95350.0,0.0,0.0,0.5,0.0,64.303,0.000,0.0,633272.0
2026-09-09T00:22:38,0.1,3627,1547350,1532562,0.2,0.00,0.64,0.00,2.57,0.00,0.00,0.00,1.0,95830.0,95350.0,0.0,0.0,0.5,0.0,64.255,0.000,0.0,660092.0
2026-09-09T00:22:41,0.1,3628,1547350,1532562,0.2,0.00,2.43,0.00,24.34,0.00,0.12,0.00,1.0,95830.0,95350.0,0.0,0.0,0.5,0.0,64.291,0.000,0.0,630104.5
2026-09-09T00:22:45,0.1,3627,1547350,1532562,0.2,0.00,0.60,0.00,2.38,0.00,0.00,0.00,1.0,95830.0,95350.0,0.0,0.0,0.5,0.0,64.274,0.000,0.0,625866.0
2026-09-09T00:22:49,0.1,3628,1547350,1532561,0.2,0.00,1.17,0.00,4.68,0.00,0.00,0.00,1.0,95830.0,95350.0,0.0,0.0,0.5,0.0,64.257,0.000,0.0,635937.5
2026-09-09T00:22:51,0.1,3627,1547350,1532562,0.2,0.00,1.00,0.00,4.02,0.00,0.00,0.00,1.0,95830.0,95350.0,0.0,0.0,0.5,0.0,64.285,0.000,0.0,628060.5
2026-09-09T00:22:54,0.1,3627,1547350,1532563,0.2,0.00,1.18,0.00,4.70,0.00,0.25,0.00,1.0,95830.0,95350.0,0.0,0.0,0.5,0.0,64.263,0.000,0.0,626478.0
2026-09-09T00:22:58,0.1,3627,1547350,1532562,0.2,0.00,1.08,0.00,4.32,0.00,0.00,0.03,1.0,95830.0,95350.0,0.0,0.0,0.5,0.0,64.254,0.000,0.0,637255.5
2026-09-09T00:23:00,0.1,3627,1547350,1532562,0.2,0.00,0.90,0.00,3.58,0.00,0.00,0.00,1.0,95830.0,95350.0,0.0,0.0,0.5,0.0,64.252,0.000,0.0,631943.5
2026-09-09T00:23:03,0.1,3628,1547350,1532562,0.2,0.00,3.19,0.00,12.78,0.00,0.10,0.00,1.0,95830.0,95350.0,0.0,0.0,0.5,0.0,64.272,0.000,0.0,629355.5
2026-09-09T00:23:07,0.1,3628,1547350,1532561,0.2,0.00,0.57,0.00,2.26,0.00,0.00,0.03,1.0,95830.0,95350.0,0.0,0.0,0.5,0.0,64.229,0.000,0.0,655080.0
2026-09-09T00:23:09,0.1,3627,1547350,1532562,0.2,0.00,3.38,0.00,22.83,0.00,0.12,0.00,1.0,95830.0,95350.0,0.0,0.0,0.5,0.0,64.254,0.000,0.0,622653.0
2026-09-09T00:23:13,0.1,3628,1547350,1532561,0.2,0.00,0.46,0.00,1.85,0.00,0.00,0.00,1.0,95830.0,95350.0,0.0,0.0,0.5,0.0,64.278,0.000,0.0,627242.0
2026-09-09T00:23:18,0.1,3628,1547350,1532562,0.2,0.00,1.20,0.00,4.78,0.00,0.00,0.00,1.0,95830.0,95350.0,0.0,0.0,0.5,0.0,64.225,0.000,0.0,635894.0
2026-09-09T00:23:22,0.1,3626,1547350,1532563,0.2,0.00,0.90,0.00,3.62,0.00,0.00,0.00,1.0,95830.0,95350.0,0.0,0.0,0.5,0.0,64.222,0.000,0.0,680616.5
2026-09-09T00:23:27,0.0,3625,1547350,1532564,0.2,0.00,0.58,0.00,4.64,0.00,0.33,0.00,1.0,95830.0,95350.0,0.0,0.0,0.5,0.0,64.220,0.000,0.0,660107.0
2026-09-09T00:23:32,0.0,3626,1547350,1532563,0.2,0.00,0.80,0.00,3.20,0.00,0.00,0.02,1.0,95830.0,95350.0,0.0,0.0,0.5,0.0,64.260,0.000,0.0,653258.5
2026-09-09T00:23:37,0.0,3626,1547350,1532563,0.2,0.00,0.43,0.00,1.72,0.00,0.00,0.02,1.0,95830.0,95350.0,0.0,0.0,0.5,0.0,64.183,0.000,0.0,642616.5
2026-09-09T00:23:40,0.1,3627,1547350,1532562,0.2,0.00,6.85,0.00,60.55,0.00,0.06,0.00,1.0,95830.0,95350.0,0.0,0.0,0.5,0.0,64.234,0.000,0.0,655450.0
2026-09-09T00:23:43,0.1,3626,1547350,1532563,0.2,0.00,0.58,0.00,2.30,0.00,0.50,0.00,1.0,95830.0,95350.0,0.0,0.0,0.5,0.0,64.170,0.000,0.0,653400.5
2026-09-09T00:23:47,0.1,3626,1547350,1532563,0.2,0.00,1.05,0.00,4.20,0.00,0.00,0.03,1.0,95830.0,95350.0,0.0,0.0,0.5,0.0,64.193,0.000,0.0,646337.0
2026-09-09T00:23:49,0.1,3627,1547350,1532562,0.2,0.00,0.84,0.00,3.36,0.00,0.00,0.00,1.0,95830.0,95350.0,0.0,0.0,0.5,0.0,64.189,0.000,0.0,631745.0
2026-09-09T00:23:54,0.1,3627,1547350,1532562,0.2,0.00,1.14,0.00,4.58,0.00,0.00,0.00,1.0,95830.0,95350.0,0.0,0.0,0.5,0.0,64.177,0.000,0.0,694113.5
2026-09-09T00:23:55,0.1,3626,1547350,1532563,0.2,0.00,1.79,0.00,7.17,0.00,0.00,0.00,1.0,95830.0,95350.0,0.0,0.0,0.5,0.0,64.157,0.000,0.0,642214.0
2026-09-09T00:23:57,0.1,3626,1547350,1532563,0.2,0.00,1.78,0.00,7.13,0.00,0.25,0.00,1.0,95830.0,95350.0,0.0,0.0,0.5,0.0,64.191,0.000,0.0,653607.5
2026-09-09T00:23:59,0.1,3628,1547350,1532562,0.2,0.00,1.04,0.00,4.15,0.00,0.00,0.00,1.0,95830.0,95350.0,0.0,0.0,0.5,0.0,64.174,0.000,0.0,624308.0
2026-09-09T00:24:03,0.1,3629,1547350,1532560,0.2,0.00,2.35,0.00,9.41,0.00,0.10,0.00,1.0,95830.0,95350.0,0.0,0.0,0.5,0.0,64.170,0.000,0.0,677251.0
2026-09-09T00:24:05,0.1,3629,1547350,1532561,0.2,0.00,0.93,0.00,3.72,0.00,0.00,0.00,1.0,95830.0,95350.0,0.0,0.0,0.5,0.0,64.195,0.000,0.0,623222.0
2026-09-09T00:24:09,0.0,3627,1547350,1532563,0.2,0.00,1.48,0.00,10.62,0.00,0.17,0.00,1.0,95830.0,95350.0,0.0,0.0,0.5,0.0,64.163,0.000,0.0,624882.5
2026-09-09T00:24:13,0.1,3626,1547350,1532563,0.2,0.00,1.58,0.00,6.32,0.00,0.00,0.00,1.0,95830.0,95350.0,0.0,0.0,0.5,0.0,64.196,0.000,0.0,626441.0
2026-09-09T00:24:18,0.0,3627,1547350,1532563,0.2,0.00,0.90,0.00,3.61,0.00,0.00,0.00,1.0,95830.0,95350.0,0.0,0.0,0.5,0.0,64.155,0.000,0.0,643241.5
2026-09-09T00:24:23,0.0,3627,1547350,1532562,0.2,0.00,0.37,0.00,1.46,0.00,0.00,0.00,1.0,95830.0,95350.0,0.0,0.0,0.5,0.0,64.173,0.000,0.0,626200.0
2026-09-09T00:24:26,0.1,3627,1547350,1532562,0.2,0.00,1.50,0.00,5.98,0.00,0.20,0.03,1.0,95830.0,95350.0,0.0,0.0,0.5,0.0,64.163,0.000,0.0,738325.0
2026-09-09T00:24:28,0.1,3626,1547350,1532563,0.2,0.00,2.69,0.00,12.90,0.00,0.00,0.00,1.0,95830.0,95350.0,0.0,0.0,0.5,0.0,64.129,0.000,0.0,620553.5
2026-09-09T00:24:33,0.0,3625,1547350,1532564,0.2,0.00,0.46,0.00,1.83,0.00,0.00,0.00,1.0,95830.0,95350.0,0.0,0.0,0.5,0.0,64.171,0.000,0.0,628424.5
2026-09-09T00:24:36,0.1,3626,1547350,1532563,0.2,0.00,1.16,0.00,4.66,0.00,0.00,0.00,1.0,95830.0,95350.0,0.0,0.0,0.5,0.0,64.138,0.000,0.0,626641.0
2026-09-09T00:24:40,0.1,3627,1547350,1532562,0.2,0.00,2.58,0.00,24.31,0.00,0.09,0.00,1.0,95830.0,95350.0,0.0,0.0,0.5,0.0,64.153,0.000,0.0,643725.0
2026-09-09T00:24:44,0.1,3627,1547350,1532562,0.2,0.00,1.25,0.00,4.99,0.00,0.00,0.00,1.0,95830.0,95350.0,0.0,0.0,0.5,0.0,64.124,0.000,0.0,638539.5
2026-09-09T00:24:46,0.1,3626,1547350,1532563,0.2,0.00,0.83,0.00,3.32,0.00,0.50,0.00,1.0,95830.0,95350.0,0.0,0.0,0.5,0.0,64.116,0.000,0.0,634634.5
2026-09-09T00:24:49,0.1,3626,1547350,1532563,0.2,0.00,1.21,0.00,4.84,0.00,0.00,0.00,1.0,95830.0,95350.0,0.0,0.0,0.5,0.0,64.144,0.000,0.0,661097.5
2026-09-09T00:24:53,0.1,3626,1547350,1532564,0.2,0.00,0.59,0.00,2.37,0.00,0.00,0.00,1.0,95830.0,95350.0,0.0,0.0,0.5,0.0,64.130,0.000,0.0,661170.5
2026-09-09T00:24:56,0.1,3630,1547350,1532559,0.2,0.00,1.14,0.00,4.57,0.00,0.00,0.00,1.0,95830.0,95350.0,0.0,0.0,0.5,0.0,64.147,0.000,0.0,673484.5
2026-09-09T00:24:59,0.1,3629,1547350,1532560,0.2,0.00,2.06,0.00,8.25,0.00,0.00,0.00,1.0,95830.0,95350.0,0.0,0.0,0.5,0.0,64.132,0.000,0.0,654427.5
2026-09-09T00:25:02,0.1,3634,1547350,1532556,0.2,0.00,0.60,0.00,2.40,0.00,0.50,0.00,1.0,95830.0,95350.0,0.0,0.0,0.5,0.0,64.118,0.000,0.0,640100.0
2026-09-09T00:25:06,0.0,3632,1547350,1532557,0.2,0.00,2.15,0.00,9.55,0.00,0.11,0.00,1.0,95830.0,95350.0,0.0,0.0,0.5,0.0,64.119,0.000,0.0,713216.0
2026-09-09T00:25:09,0.1,3630,1547350,1532559,0.2,0.00,0.61,0.00,2.45,0.00,0.00,0.00,1.0,95830.0,95350.0,0.0,0.0,0.5,0.0,64.139,0.000,0.0,644263.0
2026-09-09T00:25:14,0.1,3629,1547350,1532560,0.2,0.00,3.50,0.00,16.75,0.00,0.06,0.00,1.0,95830.0,95350.0,0.0,0.0,0.5,0.0,64.158,0.000,0.0,667024.5
2026-09-09T00:25:16,0.1,3630,1547350,1532560,0.2,0.00,0.97,0.00,3.89,0.00,0.00,0.00,1.0,95830.0,95350.0,0.0,0.0,0.5,0.0,64.123,0.000,0.0,689928.5
2026-09-09T00:25:18,0.1,3630,1547350,1532560,0.2,0.00,1.92,0.00,7.69,0.00,0.00,0.05,1.0,95830.0,95350.0,0.0,0.0,0.5,0.0,64.123,0.000,0.0,644084.0
2026-09-09T00:25:22,0.1,3630,1547350,1532559,0.2,0.00,0.49,0.00,1.98,0.00,0.50,0.00,1.0,95830.0,95350.0,0.0,0.0,0.5,0.0,64.139,0.000,0.0,682486.0
2026-09-09T00:25:25,0.1,3631,1547350,1532558,0.2,0.00,1.61,0.00,6.46,0.00,0.00,0.00,1.0,95830.0,95350.0,0.0,0.0,0.5,0.0,64.122,0.000,0.0,625268.0
2026-09-09T00:25:28,0.1,3633,1547350,1532557,0.2,0.00,1.33,0.00,5.32,0.00,0.00,0.00,1.0,95830.0,95350.0,0.0,0.0,0.5,0.0,64.123,0.000,0.0,647799.5
2026-09-09T00:25:31,0.1,3631,1547350,1532558,0.2,0.00,0.64,0.00,2.56,0.00,0.00,0.03,1.0,95830.0,95350.0,0.0,0.0,0.5,0.0,64.118,0.000,0.0,621322.5
2026-09-09T00:25:36,0.0,3631,1547350,1532558,0.2,0.00,1.07,0.00,5.15,0.00,0.20,0.00,1.0,95830.0,95350.0,0.0,0.0,0.5,0.0,64.132,0.000,0.0,635567.5
2026-09-09T00:25:38,0.1,3631,1547350,1532558,0.2,0.00,0.99,0.00,3.94,0.00,0.00,0.05,1.0,95830.0,95350.0,0.0,0.0,0.5,0.0,64.145,0.000,0.0,628934.5
2026-09-09T00:25:41,0.1,3632,1547350,1532557,0.2,0.00,6.95,0.00,61.08,0.00,0.11,0.00,1.0,95830.0,95350.0,0.0,0.0,0.5,0.0,64.124,0.000,0.0,629282.0
2026-09-09T00:25:44,0.1,3632,1547350,1532558,0.2,0.00,0.61,0.00,2.46,0.00,0.00,0.00,1.0,95830.0,95350.0,0.0,0.0,0.5,0.0,64.138,0.000,0.0,624843.5
2026-09-09T00:25:48,0.0,3632,1547350,1532557,0.2,0.00,0.76,0.00,4.06,0.00,0.00,0.00,1.0,95830.0,95350.0,0.0,0.0,0.5,0.0,64.137,0.000,0.0,627180.0
2026-09-09T00:25:52,0.1,3632,1547350,1532557,0.2,0.00,0.77,0.00,4.12,0.00,0.00,0.00,1.0,95830.0,95350.0,0.0,0.0,0.5,0.0,64.126,0.000,0.0,662014.0
2026-09-09T00:25:55,0.1,3633,1547350,1532557,0.2,0.00,0.59,0.00,2.36,0.00,0.00,0.00,1.0,95830.0,95350.0,0.0,0.0,0.5,0.0,64.121,0.000,0.0,692220.5
2026-09-09T00:25:59,0.1,3632,1547350,1532557,0.2,0.00,0.89,0.00,4.75,0.00,0.00,0.00,1.0,95830.0,95350.0,0.0,0.0,0.5,0.0,64.118,0.000,0.0,683717.0
2026-09-09T00:26:02,0.1,3636,1547350,1532553,0.2,0.00,3.28,0.00,14.42,0.00,0.10,0.00,1.0,95830.0,95350.0,0.0,0.0,0.5,0.0,64.118,0.000,0.0,667219.5
2026-09-09T00:26:06,0.0,3639,1547350,1532550,0.2,0.00,0.51,0.00,2.04,0.00,0.00,0.00,1.0,95830.0,95350.0,0.0,0.0,0.5,0.0,64.135,0.000,0.0,633418.5
2026-09-09T00:26:10,0.0,3635,1547350,1532554,0.2,0.00,1.36,0.00,8.70,0.00,0.17,0.00,1.0,95830.0,95350.0,0.0,0.0,0.5,0.0,64.103,0.000,0.0,635339.0
2026-09-09T00:26:15,0.1,3635,1547350,1532554,0.2,0.00,1.01,0.00,4.86,0.00,0.00,0.00,1.0,95830.0,95350.0,0.0,0.0,0.5,0.0,64.124,0.000,0.0,645322.5
2026-09-09T00:26:19,0.1,3635,1547350,1532554,0.2,0.00,0.82,0.00,4.35,0.00,0.00,0.03,1.0,95830.0,95350.0,0.0,0.0,0.5,0.0,64.125,0.000,0.0,628073.5
2026-09-09T00:26:22,0.1,3635,1547350,1532554,0.2,0.00,0.53,0.00,2.13,0.00,0.00,0.00,1.0,95830.0,95350.0,0.0,0.0,0.5,0.0,64.094,0.000,0.0,623845.5
2026-09-09T00:26:26,0.0,3635,1547350,1532554,0.2,0.00,0.79,0.00,4.23,0.00,0.33,0.03,1.0,95830.0,95350.0,0.0,0.0,0.5,0.0,64.095,0.000,0.0,625382.5
2026-09-09T00:26:30,0.0,3635,1547350,1532554,0.2,0.00,1.13,0.00,5.65,0.00,0.00,0.00,1.0,95830.0,95350.0,0.0,0.0,0.5,0.0,64.116,0.000,0.0,618396.0
2026-09-09T00:26:35,0.0,3634,1547350,1532555,0.2,0.00,0.74,0.00,4.43,0.00,0.00,0.00,1.0,95830.0,95350.0,0.0,0.0,0.5,0.0,64.113,0.000,0.0,622293.5
2026-09-09T00:26:39,0.0,3634,1547350,1532555,0.2,0.00,0.49,0.00,1.95,0.00,0.00,0.00,1.0,95830.0,95350.0,0.0,0.0,0.5,0.0,64.117,0.000,0.0,662993.5
2026-09-09T00:26:43,0.1,3634,1547350,1532556,0.2,0.00,4.25,0.00,39.78,0.00,0.07,0.00,1.0,95830.0,95350.0,0.0,0.0,0.5,0.0,64.118,0.000,0.0,657091.5
2026-09-09T00:26:46,0.1,3635,1547350,1532554,0.2,0.00,0.64,0.00,2.58,0.00,0.00,0.00,1.0,95830.0,95350.0,0.0,0.0,0.5,0.0,64.117,0.000,0.0,643724.5
2026-09-09T00:26:49,0.1,3635,1547350,1532555,0.2,0.00,0.93,0.00,4.98,0.00,0.00,0.00,1.0,95830.0,95350.0,0.0,0.0,0.5,0.0,64.111,0.000,0.0,759450.5
2026-09-09T00:26:51,0.1,3634,1547350,1532555,0.2,0.00,1.21,0.00,4.83,0.00,0.50,0.00,1.0,95830.0,95350.0,0.0,0.0,0.5,0.0,64.127,0.000,0.0,666383.0
2026-09-09T00:26:55,0.1,3633,1547350,1532556,0.2,0.00,0.65,0.00,3.45,0.00,0.00,0.00,1.0,95830.0,95350.0,0.0,0.0,0.5,0.0,64.124,0.000,0.0,646492.5
2026-09-09T00:26:59,0.1,3633,1547350,1532556,0.2,0.00,0.82,0.00,4.39,0.00,0.00,0.00,1.0,95830.0,95350.0,0.0,0.0,0.5,0.0,64.123,0.000,0.0,661594.0
2026-09-09T00:27:02,0.1,3635,1547350,1532554,0.2,0.00,0.64,0.00,2.58,0.00,0.00,0.00,1.0,95830.0,95350.0,0.0,0.0,0.5,0.0,64.103,0.000,0.0,668597.0
2026-09-09T00:27:04,0.1,3635,1547350,1532554,0.2,0.00,4.74,0.00,22.76,0.00,0.10,0.00,1.0,95830.0,95350.0,0.0,0.0,0.5,0.0,64.137,0.000,0.0,653107.0
2026-09-09T00:27:08,0.1,3636,1547350,1532553,0.2,0.00,0.47,0.00,1.88,0.00,0.00,0.00,1.0,95830.0,95350.0,0.0,0.0,0.5,0.0,64.113,0.000,0.0,618239.0
2026-09-09T00:27:13,0.1,3632,1547350,1532557,0.2,0.00,1.91,0.00,10.70,0.00,0.11,0.00,1.0,95830.0,95350.0,0.0,0.0,0.5,0.0,64.151,0.000,0.0,660002.0
2026-09-09T00:27:16,0.1,3633,1547350,1532556,0.2,0.00,0.76,0.00,3.04,0.00,0.00,0.00,1.0,95830.0,95350.0,0.0,0.0,0.5,0.0,64.118,0.000,0.0,666834.0
2026-09-09T00:27:18,0.1,3633,1547350,1532556,0.2,0.00,1.49,0.00,7.94,0.00,0.00,0.00,1.0,95830.0,95350.0,0.0,0.0,0.5,0.0,64.126,0.000,0.0,645633.5
2026-09-09T00:27:20,0.1,3632,1547350,1532557,0.2,0.00,0.95,0.00,3.80,0.00,0.00,0.00,1.0,95830.0,95350.0,0.0,0.0,0.5,0.0,64.129,0.000,0.0,621739.5
2026-09-09T00:27:24,0.0,3631,1547350,1532558,0.2,0.00,0.70,0.00,3.75,0.00,0.00,0.00,1.0,95830.0,95350.0,0.0,0.0,0.5,0.0,64.114,0.000,0.0,624697.5
2026-09-09T00:27:28,0.0,3632,1547350,1532558,0.2,0.00,0.75,0.00,4.03,0.00,0.00,0.00,1.0,95830.0,95350.0,0.0,0.0,0.5,0.0,64.129,0.000,0.0,641083.0
2026-09-09T00:27:31,0.1,3631,1547350,1532558,0.2,0.00,0.65,0.00,2.59,0.00,0.00,0.00,1.0,95830.0,95350.0,0.0,0.0,0.5,0.0,64.103,0.000,0.0,621437.5
2026-09-09T00:27:36,0.0,3632,1547350,1532557,0.2,0.00,0.88,0.00,4.39,0.00,0.25,0.00,1.0,95830.0,95350.0,0.0,0.0,0.5,0.0,64.141,0.000,0.0,619712.5
2026-09-09T00:27:40,0.0,3632,1547350,1532558,0.2,0.00,0.85,0.00,4.24,0.00,0.00,0.00,1.0,95830.0,95350.0,0.0,0.0,0.5,0.0,64.119,0.000,0.0,669556.0
2026-09-09T00:27:43,0.1,3631,1547350,1532558,0.2,0.00,6.36,0.00,59.09,0.00,0.12,0.00,1.0,95830.0,95350.0,0.0,0.0,0.5,0.0,64.118,0.000,0.0,628602.5
2026-09-09T00:27:47,0.1,3631,1547350,1532558,0.2,0.00,0.84,0.00,4.47,0.00,0.00,0.00,1.0,95830.0,95350.0,0.0,0.0,0.5,0.0,64.129,0.000,0.0,640900.5
2026-09-09T00:27:50,0.1,3631,1547350,1532558,0.2,0.00,0.62,0.00,2.46,0.00,0.00,0.00,1.0,95830.0,95350.0,0.0,0.0,0.5,0.0,64.130,0.000,0.0,646366.0
2026-09-09T00:27:53,0.1,3632,1547350,1532557,0.2,0.00,0.92,0.00,4.92,0.00,0.00,0.00,1.0,95830.0,95350.0,0.0,0.0,0.5,0.0,64.126,0.000,0.0,647686.5
2026-09-09T00:27:56,0.1,3632,1547350,1532558,0.2,0.00,0.90,0.00,4.81,0.00,0.00,0.03,1.0,95830.0,95350.0,0.0,0.0,0.5,0.0,64.124,0.000,0.0,673557.0
2026-09-09T00:27:58,0.1,3632,1547350,1532557,0.2,0.00,1.17,0.00,4.66,0.00,0.00,0.00,1.0,95830.0,95350.0,0.0,0.0,0.5,0.0,64.130,0.000,0.0,631893.0
2026-09-09T00:28:01,0.1,3637,1547350,1532552,0.2,0.00,0.67,0.00,2.67,0.00,0.00,0.00,1.0,95830.0,95350.0,0.0,0.0,0.5,0.0,64.120,0.000,0.0,685659.5
2026-09-09T00:28:02,0.1,3637,1547350,1532552,0.2,0.00,7.79,0.00,34.60,0.00,0.22,0.00,1.0,95830.0,95350.0,0.0,0.0,0.5,0.0,64.126,0.000,0.0,630263.5
2026-09-09T00:28:06,0.1,3637,1547350,1532552,0.2,0.00,0.49,0.00,1.98,0.00,0.00,0.00,1.0,95830.0,95350.0,0.0,0.0,0.5,0.0,64.143,0.000,0.0,632361.0
2026-09-09T00:28:10,0.0,3633,1547350,1532556,0.2,0.00,0.98,0.00,5.90,0.00,0.00,0.00,1.0,95830.0,95350.0,0.0,0.0,0.5,0.0,64.127,0.000,0.0,623333.5
2026-09-09T00:28:14,0.1,3634,1547350,1532556,0.2,0.00,1.17,0.00,9.10,0.00,0.00,0.00,1.0,95830.0,95350.0,0.0,0.0,0.5,0.0,64.118,0.000,0.0,649949.5
2026-09-09T00:28:16,0.1,3634,1547350,1532555,0.2,0.00,2.34,0.00,11.25,0.00,0.20,0.00,1.0,95830.0,95350.0,0.0,0.0,0.5,0.0,64.123,0.000,0.0,628810.0
2026-09-09T00:28:20,0.0,3634,1547350,1532555,0.2,0.00,0.69,0.00,3.70,0.00,0.00,0.00,1.0,95830.0,95350.0,0.0,0.0,0.5,0.0,64.133,0.000,0.0,639784.5
2026-09-09T00:28:25,0.1,3634,1547350,1532555,0.2,0.00,0.42,0.00,1.67,0.00,0.00,0.00,1.0,95830.0,95350.0,0.0,0.0,0.5,0.0,64.141,0.000,0.0,692662.5
2026-09-09T00:28:27,0.1,3634,1547350,1532555,0.2,0.00,2.02,0.00,10.80,0.00,0.00,0.00,1.0,95830.0,95350.0,0.0,0.0,0.5,0.0,64.136,0.000,0.0,623480.0
2026-09-09T00:28:32,0.0,3635,1547350,1532555,0.2,0.00,0.36,0.00,1.43,0.00,0.00,0.00,1.0,95830.0,95350.0,0.0,0.0,0.5,0.0,64.121,0.000,0.0,659438.0
2026-09-09T00:28:34,0.1,3633,1547350,1532557,0.2,0.00,1.44,0.00,7.67,0.00,0.00,0.00,1.0,95830.0,95350.0,0.0,0.0,0.5,0.0,64.126,0.000,0.0,670623.0
2026-09-09T00:28:39,0.1,3633,1547350,1532557,0.2,0.00,1.05,0.00,5.06,0.00,0.20,0.00,1.0,95830.0,95350.0,0.0,0.0,0.5,0.0,64.132,0.000,0.0,691556.5
2026-09-09T00:28:41,0.2,3632,1547350,1532557,0.2,0.00,1.13,0.00,4.54,0.00,0.00,0.00,1.0,95830.0,95350.0,0.0,0.0,0.5,0.0,64.120,0.000,0.0,691556.5
2026-09-09T00:28:41,0.3,3632,1547350,1532557,0.2,0.00,3.46,0.00,13.84,0.00,0.00,0.00,1.0,95830.0,95350.0,0.0,0.0,0.5,0.0,64.129,0.000,0.0,848353.5
2026-09-09T00:28:42,0.2,3633,1547350,1532556,0.2,0.00,3.41,0.00,13.63,0.00,0.00,0.00,1.0,95830.0,95350.0,0.0,0.0,0.5,0.0,64.135,0.000,0.0,848353.5
2026-09-09T00:28:43,0.2,3633,1547350,1532556,0.2,0.00,2.09,0.00,8.35,0.00,0.00,0.10,1.0,95830.0,95350.0,0.0,0.0,0.5,0.0,64.129,0.000,0.0,713682.0
2026-09-09T00:28:44,0.2,3632,1547350,1532558,0.2,0.00,27.98,0.00,206.19,0.00,0.11,0.00,1.0,95830.0,95350.0,0.0,0.0,0.5,0.0,64.165,0.000,0.0,713682.0
2026-09-09T00:28:44,0.3,3632,1547350,1532557,0.2,0.00,4.52,0.00,18.10,0.00,0.00,0.00,1.0,95830.0,95350.0,0.0,0.0,0.5,0.0,64.124,0.000,0.0,909708.0
2026-09-09T00:28:45,0.2,3631,1547350,1532559,0.2,0.00,4.95,0.00,26.40,0.00,0.00,0.00,1.0,95830.0,95350.0,0.0,0.0,0.5,0.0,64.119,0.000,0.0,909708.0
2026-09-09T00:28:45,0.3,3632,1547350,1532557,0.2,0.00,4.47,0.00,17.90,0.00,0.00,0.00,1.0,95830.0,95350.0,0.0,0.0,0.5,0.0,64.137,0.000,0.0,909708.0
2026-09-09T00:28:45,0.3,3633,1547350,1532556,0.2,0.00,5.00,0.00,20.00,0.00,0.00,0.00,1.0,95830.0,95350.0,0.0,0.0,0.5,0.0,64.126,0.000,0.0,996512.5
2026-09-09T00:28:46,0.2,3633,1547350,1532557,0.2,0.00,3.03,0.00,12.14,0.00,0.50,0.15,1.0,95830.0,95350.0,0.0,0.0,0.5,0.0,64.129,0.000,0.0,996512.5
2026-09-09T00:28:47,0.3,3632,1547350,1532557,0.2,0.00,4.18,0.00,16.70,0.00,0.00,0.00,1.0,95830.0,95350.0,0.0,0.0,0.5,0.0,64.148,0.000,0.0,934006.5
2026-09-09T00:28:47,0.3,3633,1547350,1532556,0.2,0.00,3.29,0.00,13.16,0.00,0.00,0.00,1.0,95830.0,95350.0,0.0,0.0,0.5,0.0,64.137,0.000,0.0,934006.5
2026-09-09T00:28:48,0.2,3633,1547350,1532556,0.2,0.00,6.43,0.00,25.72,0.00,0.00,0.00,1.0,95830.0,95350.0,0.0,0.0,0.5,0.0,64.135,0.000,0.0,863059.0
2026-09-09T00:28:48,0.3,3634,1547350,1532555,0.2,0.00,2.17,0.00,8.68,0.00,0.00,0.00,1.0,95830.0,95350.0,0.0,0.0,0.5,0.0,64.126,0.000,0.0,863059.0
2026-09-09T00:28:49,0.3,3634,1547350,1532555,0.2,0.00,4.18,0.00,16.74,0.00,0.00,0.00,1.0,95830.0,95350.0,0.0,0.0,0.5,0.0,64.123,0.000,0.0,967199.0
2026-09-09T00:28:50,0.3,3632,1547350,1532557,0.2,0.00,2.94,0.00,11.76,0.00,0.00,0.00,1.0,95830.0,95350.0,0.0,0.0,0.5,0.0,64.138,0.000,0.0,967199.0
2026-09-09T00:28:50,0.3,3634,1547350,1532555,0.2,0.00,7.02,0.00,28.07,0.00,0.00,0.00,1.0,95830.0,95350.0,0.0,0.0,0.5,0.0,64.130,0.000,0.0,918699.5
2026-09-09T00:28:51,0.2,3632,1547350,1532557,0.2,0.00,3.94,0.00,15.75,0.00,0.00,0.20,1.0,95830.0,95350.0,0.0,0.0,0.5,0.0,64.128,0.000,0.0,918699.5
2026-09-09T00:28:51,0.4,3632,1547350,1532558,0.2,0.00,6.15,0.00,24.62,0.00,0.00,0.00,1.0,95830.0,95350.0,0.0,0.0,0.5,0.0,64.136,0.000,0.0,918699.5
2026-09-09T00:28:51,0.2,3632,1547350,1532558,0.2,0.00,4.89,0.00,19.56,0.00,0.50,0.00,1.0,95830.0,95350.0,0.0,0.0,0.5,0.0,64.169,0.000,0.0,861527.5
2026-09-09T00:28:52,0.3,3632,1547350,1532558,0.2,0.00,5.28,0.00,21.11,0.00,0.00,0.26,1.0,95830.0,95350.0,0.0,0.0,0.5,0.0,64.137,0.000,0.0,861527.5
2026-09-09T00:28:53,0.2,3633,1547350,1532557,0.2,0.00,2.29,0.00,9.17,0.00,0.00,0.00,1.0,95830.0,95350.0,0.0,0.0,0.5,0.0,64.126,0.000,0.0,783863.0
2026-09-09T00:28:53,0.3,3633,1547350,1532556,0.2,0.00,4.04,0.00,16.16,0.00,0.00,0.00,1.0,95830.0,95350.0,0.0,0.0,0.5,0.0,64.124,0.000,0.0,783863.0
2026-09-09T00:28:54,0.4,3633,1547350,1532556,0.2,0.00,5.68,0.00,22.73,0.00,0.00,0.00,1.0,95830.0,95350.0,0.0,0.0,0.5,0.0,64.130,0.000,0.0,783863.0
2026-09-09T00:28:54,0.2,3632,1547350,1532558,0.2,0.00,3.15,0.00,12.62,0.00,0.00,0.00,1.0,95830.0,95350.0,0.0,0.0,0.5,0.0,64.151,0.000,0.0,878723.5
2026-09-09T00:28:55,0.3,3632,1547350,1532557,0.2,0.00,4.95,0.00,19.80,0.00,0.00,0.00,1.0,95830.0,95350.0,0.0,0.0,0.5,0.0,64.137,0.000,0.0,878723.5
2026-09-09T00:28:55,0.2,3633,1547350,1532556,0.2,0.00,4.77,0.00,19.09,0.00,0.00,0.00,1.0,95830.0,95350.0,0.0,0.0,0.5,0.0,64.160,0.000,0.0,857407.5
2026-09-09T00:28:56,0.2,3633,1547350,1532556,0.2,0.00,2.37,0.00,9.47,0.00,0.00,0.00,1.0,95830.0,95350.0,0.0,0.0,0.5,0.0,64.142,0.000,0.0,695574.5
2026-09-09T00:28:57,0.2,3632,1547350,1532557,0.2,0.00,2.37,0.00,9.47,0.00,0.50,0.00,1.0,95830.0,95350.0,0.0,0.0,0.5,0.0,64.139,0.000,0.0,695574.5
2026-09-09T00:28:58,0.2,3633,1547350,1532556,0.2,0.00,2.04,0.00,8.15,0.00,0.00,0.00,1.0,95830.0,95350.0,0.0,0.0,0.5,0.0,64.131,0.000,0.0,755730.5
2026-09-09T00:28:59,0.1,3633,1547350,1532556,0.2,0.00,4.24,0.00,16.95,0.00,0.00,0.00,1.0,95830.0,95350.0,0.0,0.0,0.5,0.0,64.141,0.000,0.0,645467.5
2026-09-09T00:29:00,0.1,3635,1547350,1532554,0.2,0.00,3.11,0.00,12.44,0.00,0.00,0.00,1.0,95830.0,95350.0,0.0,0.0,0.5,0.0,64.126,0.000,0.0,685625.5
2026-09-09T00:29:02,0.2,3635,1547350,1532554,0.2,0.00,1.30,0.00,5.19,0.00,0.00,0.00,1.0,95830.0,95350.0,0.0,0.0,0.5,0.0,64.127,0.000,0.0,807245.0
2026-09-09T00:29:03,0.1,3635,1547350,1532554,0.2,0.00,1.38,0.00,5.52,0.00,0.00,0.00,1.0,95830.0,95350.0,0.0,0.0,0.5,0.0,64.130,0.000,0.0,673070.5
2026-09-09T00:29:05,0.2,3637,1547350,1532553,0.2,0.00,1.92,0.00,7.69,0.00,0.00,0.00,1.0,95830.0,95350.0,0.0,0.0,0.5,0.0,64.137,0.000,0.0,673070.5
2026-09-09T00:29:06,0.2,3636,1547350,1532553,0.2,0.00,1.71,0.00,6.82,0.00,0.00,0.00,1.0,95830.0,95350.0,0.0,0.0,0.5,0.0,64.126,0.000,0.0,684105.0
2026-09-09T00:29:07,0.2,3635,1547350,1532554,0.2,0.00,7.16,0.00,32.20,0.00,0.12,0.00,1.0,95830.0,95350.0,0.0,0.0,0.5,0.0,64.144,0.000,0.0,684105.0
2026-09-09T00:29:08,0.2,3636,1547350,1532553,0.2,0.00,1.98,0.00,7.91,0.00,0.00,0.00,1.0,95830.0,95350.0,0.0,0.0,0.5,0.0,64.123,0.000,0.0,718049.5
2026-09-09T00:29:09,0.1,3636,1547350,1532553,0.2,0.00,1.46,0.00,5.84,0.00,0.00,0.00,1.0,95830.0,95350.0,0.0,0.0,0.5,0.0,64.136,0.000,0.0,652171.0
2026-09-09T00:29:12,0.1,3631,1547350,1532558,0.2,0.00,2.72,0.00,19.39,0.00,0.12,0.00,1.0,95830.0,95350.0,0.0,0.0,0.5,0.0,64.144,0.000,0.0,615344.0
2026-09-09T00:29:18,0.0,3630,1547350,1532559,0.2,0.00,0.66,0.00,2.64,0.00,0.00,0.02,1.0,95830.0,95350.0,0.0,0.0,0.5,0.0,64.157,0.000,0.0,737388.5
2026-09-09T00:29:25,0.0,3630,1547350,1532559,0.2,0.00,0.55,0.00,2.19,0.00,0.25,0.00,1.0,95830.0,95350.0,0.0,0.0,0.5,0.0,64.130,0.000,0.0,620508.0
2026-09-09T00:29:30,0.0,3631,1547350,1532559,0.2,0.00,0.89,0.00,3.57,0.00,0.00,0.00,1.0,95830.0,95350.0,0.0,0.0,0.5,0.0,64.144,0.000,0.0,617164.0
2026-09-09T00:29:37,0.0,3631,1547350,1532559,0.2,0.00,0.58,0.00,2.31,0.00,0.00,0.00,1.0,95830.0,95350.0,0.0,0.0,0.5,0.0,64.162,0.000,0.0,614038.5
2026-09-09T00:29:43,0.0,3631,1547350,1532558,0.2,0.00,3.72,0.00,29.47,0.00,0.14,0.00,1.0,95830.0,95350.0,0.0,0.0,0.5,0.0,64.179,0.000,0.0,619535.5
2026-09-09T00:29:47,0.1,3632,1547350,1532557,0.2,0.00,1.15,0.00,4.59,0.00,0.00,0.00,1.0,95830.0,95350.0,0.0,0.0,0.5,0.0,64.184,0.000,0.0,632242.0
2026-09-09T00:29:50,0.1,3633,1547350,1532557,0.2,0.00,1.36,0.00,8.16,0.00,0.25,0.00,1.0,95830.0,95350.0,0.0,0.0,0.5,0.0,64.203,0.000,0.0,613163.5
2026-09-09T00:29:56,0.0,3634,1547350,1532555,0.2,0.00,0.67,0.00,2.69,0.00,0.00,0.00,1.0,95830.0,95350.0,0.0,0.0,0.5,0.0,64.166,0.000,0.0,624313.0
2026-09-09T00:30:01,0.1,3639,1547350,1532550,0.2,0.00,2.15,0.00,8.61,0.00,0.10,0.00,1.0,95830.0,95350.0,0.0,0.0,0.5,0.0,64.167,0.000,0.0,616490.0
2026-09-09T00:30:07,0.0,3638,1547350,1532551,0.2,0.00,0.61,0.00,2.44,0.00,0.00,0.02,1.0,95830.0,95350.0,0.0,0.0,0.5,0.0,64.162,0.000,0.0,612553.5
2026-09-09T00:30:15,0.0,3635,1547350,1532554,0.2,0.00,1.00,0.00,6.16,0.00,0.12,0.01,1.0,95830.0,95350.0,0.0,0.0,0.5,0.0,64.160,0.000,0.0,627455.0
2026-09-09T00:30:18,0.1,3635,1547350,1532554,0.2,0.00,0.67,0.00,2.67,0.00,0.00,0.03,1.0,95830.0,95350.0,0.0,0.0,0.5,0.0,64.155,0.000,0.0,615671.0
2026-09-09T00:30:24,0.1,3635,1547350,1532554,0.2,0.00,0.72,0.00,2.87,0.00,0.00,0.00,1.0,95830.0,95350.0,0.0,0.0,0.5,0.0,64.157,0.000,0.0,615671.0
2026-09-09T00:30:24,0.3,3635,1547350,1532554,0.2,0.00,3.85,0.00,15.41,0.00,0.00,0.00,1.0,95830.0,95350.0,0.0,0.0,0.5,0.0,64.165,0.000,0.0,790440.0
2026-09-09T00:30:25,0.3,3635,1547350,1532555,0.2,0.00,3.21,0.00,12.82,0.00,0.00,0.00,1.0,95830.0,95350.0,0.0,0.0,0.5,0.0,64.174,0.000,0.0,790440.0
2026-09-09T00:30:25,0.3,3634,1547350,1532555,0.2,0.00,5.33,0.00,21.33,0.00,0.00,0.00,1.0,95830.0,95350.0,0.0,0.0,0.5,0.0,64.136,0.000,0.0,818428.0
2026-09-09T00:30:26,0.2,3635,1547350,1532554,0.2,0.00,2.07,0.00,8.27,0.00,0.00,0.00,1.0,95830.0,95350.0,0.0,0.0,0.5,0.0,64.159,0.000,0.0,661785.5
2026-09-09T00:30:27,0.2,3636,1547350,1532553,0.2,0.00,1.81,0.00,7.26,0.00,0.50,0.00,1.0,95830.0,95350.0,0.0,0.0,0.5,0.0,64.178,0.000,0.0,710285.5
2026-09-09T00:30:28,0.2,3636,1547350,1532553,0.2,0.00,4.30,0.00,17.20,0.00,0.00,0.00,1.0,95830.0,95350.0,0.0,0.0,0.5,0.0,64.154,0.000,0.0,710285.5
2026-09-09T00:30:29,0.2,3637,1547350,1532553,0.2,0.00,2.64,0.00,10.55,0.00,0.00,0.00,1.0,95830.0,95350.0,0.0,0.0,0.5,0.0,64.167,0.000,0.0,705452.0
2026-09-09T00:30:30,0.2,3637,1547350,1532553,0.2,0.00,2.09,0.00,8.35,0.00,0.00,0.00,1.0,95830.0,95350.0,0.0,0.0,0.5,0.0,64.150,0.000,0.0,705452.0
2026-09-09T00:30:31,0.2,3637,1547350,1532552,0.2,0.00,3.68,0.00,14.71,0.00,0.00,0.00,1.0,95830.0,95350.0,0.0,0.0,0.5,0.0,64.159,0.000,0.0,827969.0
2026-09-09T00:30:31,0.2,3636,1547350,1532553,0.2,0.00,2.54,0.00,10.17,0.00,0.00,0.00,1.0,95830.0,95350.0,0.0,0.0,0.5,0.0,64.124,0.000,0.0,749529.5
2026-09-09T00:30:33,0.2,3637,1547350,1532553,0.2,0.00,1.63,0.00,6.51,0.00,0.00,0.00,1.0,95830.0,95350.0,0.0,0.0,0.5,0.0,64.141,0.000,0.0,765396.0
2026-09-09T00:30:34,0.2,3636,1547350,1532553,0.2,0.00,3.93,0.00,15.73,0.00,0.00,0.00,1.0,95830.0,95350.0,0.0,0.0,0.5,0.0,64.166,0.000,0.0,766886.0
2026-09-09T00:30:35,0.2,3636,1547350,1532553,0.2,0.00,1.58,0.00,6.30,0.00,0.50,0.00,1.0,95830.0,95350.0,0.0,0.0,0.5,0.0,64.178,0.000,0.0,721308.0
2026-09-09T00:30:36,0.2,3636,1547350,1532553,0.2,0.00,1.45,0.00,5.79,0.00,0.00,0.00,1.0,95830.0,95350.0,0.0,0.0,0.5,0.0,64.162,0.000,0.0,872439.5
2026-09-09T00:30:37,0.2,3636,1547350,1532553,0.2,0.00,2.16,0.00,8.63,0.00,0.00,0.00,1.0,95830.0,95350.0,0.0,0.0,0.5,0.0,64.170,0.000,0.0,779861.5
2026-09-09T00:30:38,0.2,3638,1547350,1532552,0.2,0.00,1.96,0.00,7.86,0.00,0.00,0.00,1.0,95830.0,95350.0,0.0,0.0,0.5,0.0,64.168,0.000,0.0,779861.5
2026-09-09T00:30:39,0.2,3636,1547350,1532553,0.2,0.00,5.88,0.00,23.53,0.00,0.00,0.00,1.0,95830.0,95350.0,0.0,0.0,0.5,0.0,64.174,0.000,0.0,732275.0
2026-09-09T00:30:40,0.1,3637,1547350,1532552,0.2,0.00,1.91,0.00,7.63,0.00,0.00,0.00,1.0,95830.0,95350.0,0.0,0.0,0.5,0.0,64.162,0.000,0.0,732275.0
2026-09-09T00:30:41,0.2,3636,1547350,1532553,0.2,0.00,2.57,0.00,10.30,0.00,0.00,0.00,1.0,95830.0,95350.0,0.0,0.0,0.5,0.0,64.175,0.000,0.0,701746.0
2026-09-09T00:30:42,0.2,3636,1547350,1532553,0.2,0.00,1.51,0.00,6.05,0.00,0.00,0.00,1.0,95830.0,95350.0,0.0,0.0,0.5,0.0,64.166,0.000,0.0,701746.0
2026-09-09T00:30:42,0.3,3637,1547350,1532553,0.2,0.00,4.84,0.00,19.37,0.00,0.00,0.00,1.0,95830.0,95350.0,0.0,0.0,0.5,0.0,64.134,0.000,0.0,823142.0
2026-09-09T00:30:43,0.2,3637,1547350,1532553,0.2,0.00,2.52,0.00,10.09,0.00,0.00,0.00,1.0,95830.0,95350.0,0.0,0.0,0.5,0.0,64.141,0.000,0.0,823142.0
2026-09-09T00:30:44,0.2,3637,1547350,1532553,0.2,0.00,3.98,0.00,15.90,0.00,0.50,0.00,1.0,95830.0,95350.0,0.0,0.0,0.5,0.0,64.148,0.000,0.0,782244.5
2026-09-09T00:30:44,0.3,3636,1547350,1532553,0.2,0.00,23.37,0.00,224.54,0.00,0.07,0.00,1.0,95830.0,95350.0,0.0,0.0,0.5,0.0,64.141,0.000,0.0,782244.5
2026-09-09T00:30:45,0.2,3636,1547350,1532553,0.2,0.00,6.31,0.00,25.25,0.00,0.00,0.00,1.0,95830.0,95350.0,0.0,0.0,0.5,0.0,64.147,0.000,0.0,701845.0
2026-09-09T00:30:46,0.2,3636,1547350,1532553,0.2,0.00,1.92,0.00,7.68,0.00,0.00,0.00,1.0,95830.0,95350.0,0.0,0.0,0.5,0.0,64.158,0.000,0.0,701845.0
2026-09-09T00:30:47,0.3,3637,1547350,1532552,0.2,0.00,5.17,0.00,20.67,0.00,0.00,0.00,1.0,95830.0,95350.0,0.0,0.0,0.5,0.0,64.116,0.000,0.0,752225.0
2026-09-09T00:30:47,0.2,3637,1547350,1532552,0.2,0.00,2.56,0.00,10.23,0.00,0.00,0.00,1.0,95830.0,95350.0,0.0,0.0,0.5,0.0,64.157,0.000,0.0,752225.0
2026-09-09T00:30:48,0.3,3636,1547350,1532554,0.2,0.00,2.65,0.00,10.60,0.00,0.00,0.00,1.0,95830.0,95350.0,0.0,0.0,0.5,0.0,64.120,0.000,0.0,724556.0
2026-09-09T00:30:49,0.1,3637,1547350,1532552,0.2,0.00,1.70,0.00,6.81,0.00,0.00,0.00,1.0,95830.0,95350.0,0.0,0.0,0.5,0.0,64.133,0.000,0.0,650993.5
2026-09-09T00:30:51,0.1,3635,1547350,1532554,0.2,0.00,2.78,0.00,11.10,0.00,0.25,0.00,1.0,95830.0,95350.0,0.0,0.0,0.5,0.0,64.156,0.000,0.0,649991.0
2026-09-09T00:30:53,0.1,3637,1547350,1532552,0.2,0.00,0.79,0.00,3.16,0.00,0.00,0.00,1.0,95830.0,95350.0,0.0,0.0,0.5,0.0,64.159,0.000,0.0,664965.5
2026-09-09T00:30:54,0.2,3637,1547350,1532553,0.2,0.00,2.62,0.00,10.50,0.00,0.00,0.00,1.0,95830.0,95350.0,0.0,0.0,0.5,0.0,64.136,0.000,0.0,664965.5
2026-09-09T00:30:55,0.3,3636,1547350,1532553,0.2,0.00,3.68,0.00,14.73,0.00,0.00,0.00,1.0,95830.0,95350.0,0.0,0.0,0.5,0.0,64.154,0.000,0.0,664965.5
2026-09-09T00:30:55,0.3,3636,1547350,1532553,0.2,0.00,5.19,0.00,20.78,0.00,0.00,0.00,1.0,95830.0,95350.0,0.0,0.0,0.5,0.0,64.203,0.000,0.0,823461.0
2026-09-09T00:30:56,0.2,3636,1547350,1532553,0.2,0.00,2.99,0.00,11.94,0.00,0.00,0.00,1.0,95830.0,95350.0,0.0,0.0,0.5,0.0,64.189,0.000,0.0,823461.0
2026-09-09T00:30:56,0.3,3637,1547350,1532552,0.2,0.00,6.27,0.00,25.08,0.00,0.00,0.00,1.0,95830.0,95350.0,0.0,0.0,0.5,0.0,64.132,0.000,0.0,750480.5
2026-09-09T00:30:57,0.2,3637,1547350,1532552,0.2,0.00,4.00,0.00,23.98,0.00,0.00,0.00,1.0,95830.0,95350.0,0.0,0.0,0.5,0.0,64.154,0.000,0.0,750480.5
2026-09-09T00:30:58,0.2,3638,1547350,1532551,0.2,0.00,2.94,0.00,11.76,0.00,0.00,0.00,1.0,95830.0,95350.0,0.0,0.0,0.5,0.0,64.159,0.000,0.0,774141.0
2026-09-09T00:30:58,0.3,3639,1547350,1532550,0.2,0.00,3.59,0.00,14.36,0.00,0.50,0.00,1.0,95830.0,95350.0,0.0,0.0,0.5,0.0,64.147,0.000,0.0,774141.0
2026-09-09T00:30:59,0.2,3640,1547350,1532549,0.2,0.00,2.26,0.00,9.04,0.00,0.00,0.00,1.0,95830.0,95350.0,0.0,0.0,0.5,0.0,64.126,0.000,0.0,706844.0
2026-09-09T00:31:00,0.2,3639,1547350,1532550,0.2,0.00,12.50,0.00,50.00,0.00,0.10,0.00,1.0,95830.0,95350.0,0.0,0.0,0.5,0.0,64.131,0.000,0.0,618072.5
2026-09-09T00:31:06,0.1,3638,1547350,1532551,0.2,0.00,0.65,0.00,2.61,0.00,0.00,0.00,1.0,95830.0,95350.0,0.0,0.0,0.5,0.0,64.126,0.000,0.0,615337.5
2026-09-09T00:31:12,0.0,3634,1547350,1532555,0.2,0.00,2.55,0.00,14.42,0.00,0.06,0.00,1.0,95830.0,95350.0,0.0,0.0,0.5,0.0,64.129,0.000,0.0,622718.5
2026-09-09T00:31:17,0.1,3635,1547350,1532555,0.2,0.00,1.14,0.00,4.56,0.00,0.00,0.00,1.0,95830.0,95350.0,0.0,0.0,0.5,0.0,64.129,0.000,0.0,613054.5
2026-09-09T00:31:24,0.0,3634,1547350,1532555,0.2,0.00,0.29,0.00,1.14,0.00,0.00,0.01,1.0,95830.0,95350.0,0.0,0.0,0.5,0.0,64.135,0.000,0.0,630254.0
2026-09-09T00:31:27,0.1,3634,1547350,1532555,0.2,0.00,1.36,0.00,5.46,0.00,0.25,0.00,1.0,95830.0,95350.0,0.0,0.0,0.5,0.0,64.120,0.000,0.0,623826.0
2026-09-09T00:31:30,0.0,3634,1547350,1532555,0.2,0.00,0.52,0.00,2.07,0.00,0.00,0.03,1.0,95830.0,95350.0,0.0,0.0,0.5,0.0,64.138,0.000,0.0,648268.5
2026-09-09T00:31:32,0.1,3634,1547350,1532555,0.2,0.00,2.06,0.00,8.23,0.00,0.00,0.00,1.0,95830.0,95350.0,0.0,0.0,0.5,0.0,64.138,0.000,0.0,638621.0
2026-09-09T00:31:37,0.0,3635,1547350,1532554,0.2,0.00,0.60,0.00,2.41,0.00,0.00,0.00,1.0,95830.0,95350.0,0.0,0.0,0.5,0.0,64.135,0.000,0.0,637485.5
2026-09-09T00:31:40,0.0,3635,1547350,1532554,0.2,0.00,1.56,0.00,6.25,0.00,0.00,0.00,1.0,95830.0,95350.0,0.0,0.0,0.5,0.0,64.120,0.000,0.0,647566.0
2026-09-09T00:31:44,0.1,3635,1547350,1532554,0.2,0.00,6.04,0.00,45.32,0.00,0.12,0.00,1.0,95830.0,95350.0,0.0,0.0,0.5,0.0,64.168,0.000,0.0,637262.5
2026-09-09T00:31:49,0.0,3635,1547350,1532555,0.2,0.00,0.77,0.00,3.06,0.00,0.00,0.00,1.0,95830.0,95350.0,0.0,0.0,0.5,0.0,64.131,0.000,0.0,622070.5
2026-09-09T00:31:53,0.1,3633,1547350,1532556,0.2,0.00,1.27,0.00,5.10,0.00,0.20,0.00,1.0,95830.0,95350.0,0.0,0.0,0.5,0.0,64.134,0.000,0.0,643235.0
2026-09-09T00:31:55,0.1,3634,1547350,1532555,0.2,0.00,0.89,0.00,3.56,0.00,0.00,0.00,1.0,95830.0,95350.0,0.0,0.0,0.5,0.0,64.136,0.000,0.0,624515.0
2026-09-09T00:31:59,0.1,3635,1547350,1532554,0.2,0.00,1.00,0.00,6.01,0.00,0.00,0.00,1.0,95830.0,95350.0,0.0,0.0,0.5,0.0,64.140,0.000,0.0,670570.0
2026-09-09T00:32:01,0.1,3637,1547350,1532552,0.2,0.00,1.49,0.00,5.98,0.00,0.00,0.00,1.0,95830.0,95350.0,0.0,0.0,0.5,0.0,64.153,0.000,0.0,680311.5
2026-09-09T00:32:04,0.1,3641,1547350,1532549,0.2,0.00,3.48,0.00,13.94,0.00,0.10,0.00,1.0,95830.0,95350.0,0.0,0.0,0.5,0.0,64.137,0.000,0.0,656421.0
2026-09-09T00:32:08,0.1,3640,1547350,1532549,0.2,0.00,0.43,0.00,1.73,0.00,0.00,0.00,1.0,95830.0,95350.0,0.0,0.0,0.5,0.0,64.124,0.000,0.0,682415.0
2026-09-09T00:32:11,0.1,3640,1547350,1532549,0.2,0.00,1.58,0.00,6.33,0.00,0.25,0.00,1.0,95830.0,95350.0,0.0,0.0,0.5,0.0,64.152,0.000,0.0,681183.0
2026-09-09T00:32:12,0.1,3637,1547350,1532552,0.2,0.00,1.84,0.00,15.64,0.00,0.00,0.00,1.0,95830.0,95350.0,0.0,0.0,0.5,0.0,64.138,0.000,0.0,620617.5
2026-09-09T00:32:16,0.1,3637,1547350,1532552,0.2,0.00,1.59,0.00,7.41,0.00,0.00,0.00,1.0,95830.0,95350.0,0.0,0.0,0.5,0.0,64.136,0.000,0.0,620617.5
2026-09-09T00:32:17,0.3,3638,1547350,1532551,0.2,0.00,3.99,0.00,15.97,0.00,0.50,0.00,1.0,95830.0,95350.0,0.0,0.0,0.5,0.0,64.120,0.000,0.0,810129.5
2026-09-09T00:32:17,0.2,3638,1547350,1532551,0.2,0.00,2.92,0.00,11.66,0.00,0.00,0.00,1.0,95830.0,95350.0,0.0,0.0,0.5,0.0,64.114,0.000,0.0,810129.5
2026-09-09T00:32:18,0.3,3638,1547350,1532551,0.2,0.00,5.71,0.00,22.86,0.00,0.00,0.00,1.0,95830.0,95350.0,0.0,0.0,0.5,0.0,64.151,0.000,0.0,810129.5
2026-09-09T00:32:18,0.2,3636,1547350,1532553,0.2,0.00,3.44,0.00,13.77,0.00,0.00,0.00,1.0,95830.0,95350.0,0.0,0.0,0.5,0.0,64.138,0.000,0.0,888079.0
2026-09-09T00:32:19,0.3,3635,1547350,1532554,0.2,0.00,4.04,0.00,16.16,0.00,0.00,0.00,1.0,95830.0,95350.0,0.0,0.0,0.5,0.0,64.109,0.000,0.0,774426.5
2026-09-09T00:32:20,0.2,3634,1547350,1532555,0.2,0.00,2.19,0.00,8.74,0.00,0.00,0.00,1.0,95830.0,95350.0,0.0,0.0,0.5,0.0,64.136,0.000,0.0,774426.5
2026-09-09T00:32:21,0.2,3634,1547350,1532555,0.2,0.00,5.26,0.00,21.03,0.00,0.00,0.00,1.0,95830.0,95350.0,0.0,0.0,0.5,0.0,64.099,0.000,0.0,701304.0
2026-09-09T00:32:22,0.2,3635,1547350,1532554,0.2,0.00,2.15,0.00,8.58,0.00,0.00,0.11,1.0,95830.0,95350.0,0.0,0.0,0.5,0.0,64.103,0.000,0.0,657710.0
2026-09-09T00:32:23,0.2,3635,1547350,1532554,0.2,0.00,2.00,0.00,7.98,0.00,0.50,0.00,1.0,95830.0,95350.0,0.0,0.0,0.5,0.0,64.121,0.000,0.0,657710.0
2026-09-09T00:32:23,0.3,3635,1547350,1532554,0.2,0.00,3.64,0.00,14.57,0.00,0.00,0.00,1.0,95830.0,95350.0,0.0,0.0,0.5,0.0,64.151,0.000,0.0,794452.5
2026-09-09T00:32:24,0.2,3635,1547350,1532554,0.2,0.00,2.83,0.00,11.32,0.00,0.00,0.00,1.0,95830.0,95350.0,0.0,0.0,0.5,0.0,64.117,0.000,0.0,679601.5
2026-09-09T00:32:25,0.2,3637,1547350,1532553,0.2,0.00,2.01,0.00,8.06,0.00,0.00,0.00,1.0,95830.0,95350.0,0.0,0.0,0.5,0.0,64.153,0.000,0.0,679601.5
2026-09-09T00:32:25,0.3,3636,1547350,1532553,0.2,0.00,5.03,0.00,20.10,0.00,0.00,0.00,1.0,95830.0,95350.0,0.0,0.0,0.5,0.0,64.103,0.000,0.0,785083.5
2026-09-09T00:32:26,0.2,3637,1547350,1532553,0.2,0.00,4.60,0.00,18.39,0.00,0.00,0.00,1.0,95830.0,95350.0,0.0,0.0,0.5,0.0,64.112,0.000,0.0,785083.5
2026-09-09T00:32:27,0.3,3637,1547350,1532552,0.2,0.00,3.83,0.00,15.33,0.00,0.00,0.00,1.0,95830.0,95350.0,0.0,0.0,0.5,0.0,64.117,0.000,0.0,770649.5
2026-09-09T00:32:28,0.2,3637,1547350,1532552,0.2,0.00,2.02,0.00,8.10,0.00,0.00,0.00,1.0,95830.0,95350.0,0.0,0.0,0.5,0.0,64.114,0.000,0.0,686938.0
2026-09-09T00:32:29,0.2,3637,1547350,1532552,0.2,0.00,1.92,0.00,7.66,0.00,0.00,0.00,1.0,95830.0,95350.0,0.0,0.0,0.5,0.0,64.129,0.000,0.0,686938.0
2026-09-09T00:32:29,0.2,3636,1547350,1532553,0.2,0.00,3.15,0.00,12.62,0.00,0.00,0.00,1.0,95830.0,95350.0,0.0,0.0,0.5,0.0,64.114,0.000,0.0,764509.5
2026-09-09T00:32:30,0.2,3638,1547350,1532551,0.2,0.00,3.37,0.00,13.49,0.00,0.50,0.00,1.0,95830.0,95350.0,0.0,0.0,0.5,0.0,64.118,0.000,0.0,683891.0
2026-09-09T00:32:31,0.2,3637,1547350,1532552,0.2,0.00,3.43,0.00,13.73,0.00,0.00,0.00,1.0,95830.0,95350.0,0.0,0.0,0.5,0.0,64.107,0.000,0.0,685061.0
2026-09-09T00:32:32,0.2,3638,1547350,1532552,0.2,0.00,2.02,0.00,8.09,0.00,0.00,0.00,1.0,95830.0,95350.0,0.0,0.0,0.5,0.0,64.131,0.000,0.0,820256.5
2026-09-09T00:32:33,0.2,3638,1547350,1532552,0.2,0.00,1.47,0.00,5.90,0.00,0.00,0.00,1.0,95830.0,95350.0,0.0,0.0,0.5,0.0,64.128,0.000,0.0,802459.5
2026-09-09T00:32:35,0.2,3636,1547350,1532553,0.2,0.00,1.66,0.00,6.66,0.00,0.00,0.00,1.0,95830.0,95350.0,0.0,0.0,0.5,0.0,64.119,0.000,0.0,706124.5
2026-09-09T00:32:36,0.2,3637,1547350,1532552,0.2,0.00,1.54,0.00,6.15,0.00,0.00,0.00,1.0,95830.0,95350.0,0.0,0.0,0.5,0.0,64.159,0.000,0.0,687872.0
2026-09-09T00:32:37,0.2,3636,1547350,1532553,0.2,0.00,3.42,0.00,13.68,0.00,0.00,0.00,1.0,95830.0,95350.0,0.0,0.0,0.5,0.0,64.118,0.000,0.0,665093.5
2026-09-09T00:32:39,0.2,3637,1547350,1532552,0.2,0.00,1.36,0.00,5.46,0.00,0.50,0.00,1.0,95830.0,95350.0,0.0,0.0,0.5,0.0,64.121,0.000,0.0,665093.5
2026-09-09T00:32:39,0.3,3635,1547350,1532554,0.2,0.00,4.29,0.00,17.17,0.00,0.00,0.00,1.0,95830.0,95350.0,0.0,0.0,0.5,0.0,64.132,0.000,0.0,729644.0
2026-09-09T00:32:41,0.1,3636,1547350,1532553,0.2,0.00,1.17,0.00,4.66,0.00,0.00,0.00,1.0,95830.0,95350.0,0.0,0.0,0.5,0.0,64.138,0.000,0.0,621234.0
2026-09-09T00:32:47,0.2,3635,1547350,1532554,0.2,0.00,2.76,0.00,24.48,0.00,0.06,0.00,1.0,95830.0,95350.0,0.0,0.0,0.5,0.0,64.121,0.000,0.0,621234.0
2026-09-09T00:32:47,0.2,3636,1547350,1532554,0.2,0.00,2.58,0.00,10.32,0.00,0.00,0.00,1.0,95830.0,95350.0,0.0,0.0,0.5,0.0,64.127,0.000,0.0,867856.0
2026-09-09T00:32:48,0.2,3636,1547350,1532554,0.2,0.00,7.27,0.00,29.09,0.00,0.00,0.00,1.0,95830.0,95350.0,0.0,0.0,0.5,0.0,64.127,0.000,0.0,676782.5
2026-09-09T00:32:49,0.2,3636,1547350,1532553,0.2,0.00,1.66,0.00,6.62,0.00,0.00,0.00,1.0,95830.0,95350.0,0.0,0.0,0.5,0.0,64.121,0.000,0.0,676782.5
2026-09-09T00:32:50,0.2,3637,1547350,1532553,0.2,0.00,3.19,0.00,12.78,0.00,0.50,0.16,1.0,95830.0,95350.0,0.0,0.0,0.5,0.0,64.108,0.000,0.0,840580.5
2026-09-09T00:32:50,0.2,3637,1547350,1532552,0.2,0.00,2.64,0.00,10.57,0.00,0.00,0.00,1.0,95830.0,95350.0,0.0,0.0,0.5,0.0,64.105,0.000,0.0,829312.0
2026-09-09T00:32:51,0.3,3790,1547350,1532399,0.2,0.00,2.45,0.00,9.80,0.00,0.00,0.12,1.0,95830.0,95350.0,0.0,0.0,0.5,0.0,64.106,0.000,0.0,829312.0
2026-09-09T00:32:52,0.3,3801,1547350,1532388,0.2,0.00,4.42,0.00,17.70,0.00,0.00,0.22,1.0,95830.0,95350.0,0.0,0.0,0.5,0.0,64.148,0.000,0.0,736231.5
2026-09-09T00:32:53,0.3,3815,1547350,1532374,0.2,0.00,2.40,0.00,9.58,0.00,0.00,0.00,1.0,95830.0,95350.0,0.0,0.0,0.5,0.0,64.120,0.000,0.0,736231.5
2026-09-09T00:32:54,0.2,3817,1547350,1532373,0.2,0.00,2.20,0.00,8.79,0.00,0.00,0.00,1.0,95830.0,95350.0,0.0,0.0,0.5,0.0,64.132,0.000,0.0,777039.5
2026-09-09T00:32:55,0.5,3982,1547350,1532207,0.3,0.00,4.77,0.00,19.07,0.00,0.00,0.00,1.0,95830.0,95350.0,0.0,0.0,0.5,0.0,64.115,0.000,0.0,684202.5
2026-09-09T00:32:56,0.2,3983,1547350,1532206,0.3,0.00,1.93,0.00,7.71,0.00,0.00,0.00,1.0,95830.0,95350.0,0.0,0.0,0.5,0.0,64.143,0.000,0.0,684202.5
2026-09-09T00:32:56,0.3,3984,1547350,1532205,0.3,0.00,4.35,0.00,17.39,0.00,0.00,0.00,1.0,95830.0,95350.0,0.0,0.0,0.5,0.0,64.121,0.000,0.0,829837.0
2026-09-09T00:32:57,0.2,3986,1547350,1532204,0.3,0.00,1.88,0.00,7.53,0.00,0.50,0.00,1.0,95830.0,95350.0,0.0,0.0,0.5,0.0,64.108,0.000,0.0,829837.0
2026-09-09T00:32:58,0.2,3993,1547350,1532196,0.3,0.00,2.72,0.00,10.87,0.00,0.00,0.00,1.0,95830.0,95350.0,0.0,0.0,0.5,0.0,64.103,0.000,0.0,744351.0
2026-09-09T00:32:59,0.2,3997,1547350,1532192,0.3,0.00,1.89,0.00,7.55,0.00,0.00,0.00,1.0,95830.0,95350.0,0.0,0.0,0.5,0.0,64.166,0.000,0.0,744351.0
2026-09-09T00:33:00,0.2,3997,1547350,1532192,0.3,0.00,4.13,0.00,16.53,0.00,0.00,0.00,1.0,95830.0,95350.0,0.0,0.0,0.5,0.0,64.148,0.000,0.0,749195.0
2026-09-09T00:33:00,0.4,3998,1547350,1532192,0.3,0.00,5.90,0.00,23.60,0.00,0.00,0.00,1.0,95830.0,95350.0,0.0,0.0,0.5,0.0,64.120,0.000,0.0,749195.0
2026-09-09T00:33:01,0.2,4002,1547350,1532187,0.3,0.00,2.17,0.00,8.68,0.00,0.00,0.00,1.0,95830.0,95350.0,0.0,0.0,0.5,0.0,64.124,0.000,0.0,717702.0
2026-09-09T00:33:02,0.4,4002,1547350,1532187,0.3,0.00,2.14,0.00,8.56,0.00,0.00,0.00,1.0,95830.0,95350.0,0.0,0.0,0.5,0.0,64.112,0.000,0.0,687604.0
2026-09-09T00:33:03,0.2,4002,1547350,1532187,0.3,0.00,1.58,0.00,6.32,0.00,0.00,0.08,1.0,95830.0,95350.0,0.0,0.0,0.5,0.0,64.111,0.000,0.0,687604.0
2026-09-09T00:33:04,0.2,4003,1547350,1532186,0.3,0.00,3.17,0.00,12.68,0.00,0.00,0.00,1.0,95830.0,95350.0,0.0,0.0,0.5,0.0,64.129,0.000,0.0,756253.0
2026-09-09T00:33:04,0.3,4005,1547350,1532184,0.3,0.00,5.10,0.00,20.41,0.00,0.50,0.00,1.0,95830.0,95350.0,0.0,0.0,0.5,0.0,64.112,0.000,0.0,682891.0
2026-09-09T00:33:06,0.2,4007,1547350,1532183,0.3,0.00,8.18,0.00,39.28,0.00,0.10,0.08,1.0,95830.0,95350.0,0.0,0.0,0.5,0.0,64.122,0.000,0.0,671212.0
2026-09-09T00:33:07,0.2,4009,1547350,1532180,0.3,0.00,1.63,0.00,6.53,0.00,0.00,0.08,1.0,95830.0,95350.0,0.0,0.0,0.5,0.0,64.120,0.000,0.0,680841.0
2026-09-09T00:33:08,0.2,4009,1547350,1532180,0.3,0.00,1.60,0.00,6.42,0.00,0.00,0.00,1.0,95830.0,95350.0,0.0,0.0,0.5,0.0,64.128,0.000,0.0,680841.0
2026-09-09T00:33:09,0.2,4009,1547350,1532180,0.3,0.00,3.66,0.00,14.63,0.00,0.00,0.18,1.0,95830.0,95350.0,0.0,0.0,0.5,0.0,64.136,0.000,0.0,774082.0
2026-09-09T00:33:09,0.3,4009,1547350,1532180,0.3,0.00,4.63,0.00,18.52,0.00,0.00,0.00,1.0,95830.0,95350.0,0.0,0.0,0.5,0.0,64.120,0.000,0.0,774082.0
2026-09-09T00:33:10,0.2,4012,1547350,1532177,0.3,0.00,2.17,0.00,8.70,0.00,0.00,0.00,1.0,95830.0,95350.0,0.0,0.0,0.5,0.0,64.138,0.000,0.0,717842.0
2026-09-09T00:33:11,0.2,4012,1547350,1532177,0.3,0.00,6.41,0.00,25.64,0.00,0.25,0.00,1.0,95830.0,95350.0,0.0,0.0,0.5,0.0,64.110,0.000,0.0,717842.0
2026-09-09T00:33:11,0.3,4008,1547350,1532181,0.3,0.00,4.78,0.00,19.14,0.00,0.00,0.00,1.0,95830.0,95350.0,0.0,0.0,0.5,0.0,64.130,0.000,0.0,735746.5
2026-09-09T00:33:12,0.2,4010,1547350,1532180,0.3,0.00,2.19,0.00,8.76,0.00,0.00,0.11,1.0,95830.0,95350.0,0.0,0.0,0.5,0.0,64.118,0.000,0.0,735746.5
2026-09-09T00:33:13,0.2,4012,1547350,1532178,0.3,0.00,2.36,0.00,9.46,0.00,0.00,0.00,1.0,95830.0,95350.0,0.0,0.0,0.5,0.0,64.120,0.000,0.0,783742.0
2026-09-09T00:33:13,0.3,4012,1547350,1532177,0.3,0.00,3.94,0.00,15.75,0.00,0.00,0.00,1.0,95830.0,95350.0,0.0,0.0,0.5,0.0,64.136,0.000,0.0,783742.0
2026-09-09T00:33:14,0.3,4012,1547350,1532178,0.3,0.00,4.22,0.00,16.88,0.00,0.00,0.00,1.0,95830.0,95350.0,0.0,0.0,0.5,0.0,64.125,0.000,0.0,783742.0
2026-09-09T00:33:14,0.3,4012,1547350,1532178,0.3,0.00,5.05,0.00,20.20,0.00,0.00,0.00,1.0,95830.0,95350.0,0.0,0.0,0.5,0.0,64.113,0.000,0.0,828470.5
2026-09-09T00:33:15,0.2,4012,1547350,1532178,0.3,0.00,9.85,0.00,69.62,0.00,0.00,0.00,1.0,95830.0,95350.0,0.0,0.0,0.5,0.0,64.123,0.000,0.0,874021.0
2026-09-09T00:33:16,0.2,4013,1547350,1532176,0.3,0.00,4.37,0.00,17.47,0.00,0.17,0.00,1.0,95830.0,95350.0,0.0,0.0,0.5,0.0,64.146,0.000,0.0,731098.0
2026-09-09T00:33:18,0.2,4014,1547350,1532175,0.3,0.00,1.18,0.00,4.72,0.00,0.00,0.00,1.0,95830.0,95350.0,0.0,0.0,0.5,0.0,64.108,0.000,0.0,855030.5
2026-09-09T00:33:19,0.2,4015,1547350,1532175,0.3,0.00,2.32,0.00,9.28,0.00,0.00,0.00,1.0,95830.0,95350.0,0.0,0.0,0.5,0.0,64.121,0.000,0.0,677448.0
2026-09-09T00:33:20,0.2,4015,1547350,1532174,0.3,0.00,1.43,0.00,5.71,0.00,0.00,0.00,1.0,95830.0,95350.0,0.0,0.0,0.5,0.0,64.104,0.000,0.0,719999.0
2026-09-09T00:33:22,0.2,4016,1547350,1532173,0.3,0.00,1.39,0.00,5.58,0.00,0.00,0.00,1.0,95830.0,95350.0,0.0,0.0,0.5,0.0,64.117,0.000,0.0,719999.0
2026-09-09T00:33:22,0.2,4016,1547350,1532173,0.3,0.00,4.64,0.00,18.56,0.00,0.00,0.00,1.0,95830.0,95350.0,0.0,0.0,0.5,0.0,64.109,0.000,0.0,808942.0
2026-09-09T00:33:23,0.3,4016,1547350,1532173,0.3,0.00,8.98,0.00,35.91,0.00,0.20,0.00,1.0,95830.0,95350.0,0.0,0.0,0.5,0.0,64.126,0.000,0.0,665287.5
2026-09-09T00:33:24,0.2,4018,1547350,1532171,0.3,0.00,1.45,0.00,5.80,0.00,0.00,0.00,1.0,95830.0,95350.0,0.0,0.0,0.5,0.0,64.127,0.000,0.0,665287.5
2026-09-09T00:33:25,0.2,4019,1547350,1532170,0.3,0.00,2.10,0.00,8.39,0.00,0.00,0.00,1.0,95830.0,95350.0,0.0,0.0,0.5,0.0,64.123,0.000,0.0,733771.0
2026-09-09T00:33:26,0.1,4019,1547350,1532170,0.3,0.00,1.33,0.00,5.30,0.00,0.00,0.00,1.0,95830.0,95350.0,0.0,0.0,0.5,0.0,64.109,0.000,0.0,892702.5
2026-09-09T00:33:27,0.2,4021,1547350,1532169,0.3,0.00,2.11,0.00,8.45,0.00,0.00,0.00,1.0,95830.0,95350.0,0.0,0.0,0.5,0.0,64.108,0.000,0.0,691723.0
2026-09-09T00:33:28,0.2,4022,1547350,1532167,0.3,0.00,3.81,0.00,15.24,0.00,0.00,0.00,1.0,95830.0,95350.0,0.0,0.0,0.5,0.0,64.116,0.000,0.0,706564.0
2026-09-09T00:33:29,0.2,4022,1547350,1532167,0.3,0.00,2.33,0.00,9.33,0.00,0.00,0.00,1.0,95830.0,95350.0,0.0,0.0,0.5,0.0,64.108,0.000,0.0,667937.5
2026-09-09T00:33:31,0.2,4023,1547350,1532167,0.3,0.00,1.29,0.00,5.17,0.00,0.00,0.00,1.0,95830.0,95350.0,0.0,0.0,0.5,0.0,64.127,0.000,0.0,776175.5
2026-09-09T00:33:32,0.2,4021,1547350,1532168,0.3,0.00,1.83,0.00,7.33,0.00,0.50,0.00,1.0,95830.0,95350.0,0.0,0.0,0.5,0.0,64.108,0.000,0.0,672150.0
2026-09-09T00:33:34,0.2,4022,1547350,1532167,0.3,0.00,2.20,0.00,8.79,0.00,0.00,0.00,1.0,95830.0,95350.0,0.0,0.0,0.5,0.0,64.101,0.000,0.0,765843.5
2026-09-09T00:33:36,0.1,4024,1547350,1532166,0.3,0.00,0.87,0.00,3.48,0.00,0.00,0.00,1.0,95830.0,95350.0,0.0,0.0,0.5,0.0,64.122,0.000,0.0,1000264.0
2026-09-09T00:33:37,0.2,4023,1547350,1532166,0.3,0.00,4.46,0.00,17.86,0.00,0.00,0.00,1.0,95830.0,95350.0,0.0,0.0,0.5,0.0,64.112,0.000,0.0,729404.0
2026-09-09T00:33:38,0.2,4024,1547350,1532165,0.3,0.00,2.44,0.00,9.76,0.00,0.00,0.00,1.0,95830.0,95350.0,0.0,0.0,0.5,0.0,64.127,0.000,0.0,657072.5
2026-09-09T00:33:40,0.2,4026,1547350,1532163,0.3,0.00,1.22,0.00,4.89,0.00,0.00,0.00,1.0,95830.0,95350.0,0.0,0.0,0.5,0.0,64.126,0.000,0.0,670488.5
2026-09-09T00:33:41,0.2,4027,1547350,1532163,0.3,0.00,1.66,0.00,6.63,0.00,0.00,0.00,1.0,95830.0,95350.0,0.0,0.0,0.5,0.0,64.132,0.000,0.0,657833.5
2026-09-09T00:33:43,0.1,4028,1547350,1532161,0.3,0.00,1.20,0.00,4.80,0.00,0.00,0.00,1.0,95830.0,95350.0,0.0,0.0,0.5,0.0,64.130,0.000,0.0,650246.5
2026-09-09T00:33:44,0.2,4030,1547350,1532160,0.3,0.00,2.34,0.00,9.35,0.00,0.25,0.00,1.0,95830.0,95350.0,0.0,0.0,0.5,0.0,64.130,0.000,0.0,666437.0
2026-09-09T00:33:46,0.2,4032,1547350,1532157,0.3,0.00,8.18,0.00,77.10,0.00,0.07,0.06,1.0,95830.0,95350.0,0.0,0.0,0.5,0.0,64.129,0.000,0.0,657779.5
2026-09-09T00:33:48,0.2,4033,1547350,1532157,0.3,0.00,1.16,0.00,4.63,0.00,0.00,0.00,1.0,95830.0,95350.0,0.0,0.0,0.5,0.0,64.142,0.000,0.0,628711.0
2026-09-09T00:33:51,0.1,4032,1547350,1532157,0.3,0.00,1.19,0.00,4.77,0.00,0.00,0.00,1.0,95830.0,95350.0,0.0,0.0,0.5,0.0,64.122,0.000,0.0,641272.5
2026-09-09T00:33:53,0.2,4034,1547350,1532156,0.3,0.00,1.10,0.00,4.40,0.00,0.00,0.06,1.0,95830.0,95350.0,0.0,0.0,0.5,0.0,64.131,0.000,0.0,641272.5
2026-09-09T00:33:53,0.3,4034,1547350,1532155,0.3,0.00,5.42,0.00,21.68,0.00,0.00,0.00,1.0,95830.0,95350.0,0.0,0.0,0.5,0.0,64.113,0.000,0.0,735563.0
2026-09-09T00:33:54,0.2,4035,1547350,1532154,0.3,0.00,1.75,0.00,7.01,0.00,0.00,0.00,1.0,95830.0,95350.0,0.0,0.0,0.5,0.0,64.120,0.000,0.0,664209.5
2026-09-09T00:33:56,0.1,4036,1547350,1532153,0.3,0.00,3.13,0.00,12.51,0.00,0.20,0.00,1.0,95830.0,95350.0,0.0,0.0,0.5,0.0,64.120,0.000,0.0,663726.5
2026-09-09T00:33:58,0.2,4037,1547350,1532152,0.3,0.00,1.23,0.00,4.90,0.00,0.00,0.00,1.0,95830.0,95350.0,0.0,0.0,0.5,0.0,64.113,0.000,0.0,673979.5
2026-09-09T00:33:59,0.2,4037,1547350,1532153,0.3,0.00,3.43,0.00,13.72,0.00,0.00,0.00,1.0,95830.0,95350.0,0.0,0.0,0.5,0.0,64.129,0.000,0.0,685457.0
2026-09-09T00:34:06,0.1,4040,1547350,1532149,0.3,0.00,1.42,0.00,7.37,0.00,0.10,0.00,1.0,95830.0,95350.0,0.0,0.0,0.5,0.0,64.135,0.000,0.0,768253.0
2026-09-09T00:34:13,0.0,4040,1547350,1532150,0.3,0.00,0.67,0.00,5.50,0.00,0.00,0.00,1.0,95830.0,95350.0,0.0,0.0,0.5,0.0,64.113,0.000,0.0,616636.5
2026-09-09T00:34:21,0.0,4040,1547350,1532149,0.3,0.00,1.02,0.00,4.06,0.00,0.00,0.01,1.0,95830.0,95350.0,0.0,0.0,0.5,0.0,64.118,0.000,0.0,612545.0
2026-09-09T00:34:28,0.0,4041,1547350,1532149,0.3,0.00,0.56,0.00,2.25,0.00,0.25,0.00,1.0,95830.0,95350.0,0.0,0.0,0.5,0.0,64.097,0.000,0.0,630169.0
2026-09-09T00:34:32,0.0,4041,1547350,1532149,0.3,0.00,0.54,0.00,2.15,0.00,0.00,0.00,1.0,95830.0,95350.0,0.0,0.0,0.5,0.0,64.132,0.000,0.0,649163.0
2026-09-09T00:34:35,0.1,4040,1547350,1532149,0.3,0.00,1.44,0.00,5.78,0.00,0.00,0.00,1.0,95830.0,95350.0,0.0,0.0,0.5,0.0,64.118,0.000,0.0,626758.0
2026-09-09T00:34:38,0.0,4041,1547350,1532149,0.3,0.00,1.12,0.00,4.49,0.00,0.00,0.00,1.0,95830.0,95350.0,0.0,0.0,0.5,0.0,64.106,0.000,0.0,613669.0
2026-09-09T00:34:46,0.0,4040,1547350,1532150,0.3,0.00,2.39,0.00,18.09,0.00,0.11,0.00,1.0,95830.0,95350.0,0.0,0.0,0.5,0.0,64.111,0.000,0.0,611171.5
2026-09-09T00:34:53,0.0,4040,1547350,1532149,0.3,0.00,0.65,0.00,2.59,0.00,0.00,0.00,1.0,95830.0,95350.0,0.0,0.0,0.5,0.0,64.161,0.000,0.0,675522.5
2026-09-09T00:34:55,0.1,4040,1547350,1532149,0.3,0.00,0.69,0.00,2.76,0.00,0.00,0.00,1.0,95830.0,95350.0,0.0,0.0,0.5,0.0,64.126,0.000,0.0,753729.5
2026-09-09T00:34:57,0.1,4041,1547350,1532148,0.3,0.00,3.09,0.00,12.35,0.00,0.20,0.00,1.0,95830.0,95350.0,0.0,0.0,0.5,0.0,64.100,0.000,0.0,628080.5
2026-09-09T00:35:00,0.1,4044,1547350,1532145,0.3,0.00,0.58,0.00,2.34,0.00,0.00,0.00,1.0,95830.0,95350.0,0.0,0.0,0.5,0.0,64.126,0.000,0.0,624060.5
2026-09-09T00:35:05,0.1,4043,1547350,1532146,0.3,0.00,2.44,0.00,10.73,0.00,0.10,0.00,1.0,95830.0,95350.0,0.0,0.0,0.5,0.0,64.118,0.000,0.0,679660.5
2026-09-09T00:35:06,0.1,4044,1547350,1532145,0.3,0.00,1.56,0.00,6.24,0.00,0.00,0.00,1.0,95830.0,95350.0,0.0,0.0,0.5,0.0,64.136,0.000,0.0,621683.5
2026-09-09T00:35:10,0.0,4042,1547350,1532147,0.3,0.00,0.93,0.00,5.57,0.00,0.00,0.00,1.0,95830.0,95350.0,0.0,0.0,0.5,0.0,64.104,0.000,0.0,621993.0
2026-09-09T00:35:15,0.1,4044,1547350,1532145,0.3,0.00,2.22,0.00,20.76,0.00,0.10,0.00,1.0,95830.0,95350.0,0.0,0.0,0.5,0.0,64.112,0.000,0.0,630563.5
2026-09-09T00:35:19,0.1,4045,1547350,1532145,0.3,0.00,0.43,0.00,1.72,0.00,0.00,0.00,1.0,95830.0,95350.0,0.0,0.0,0.5,0.0,64.124,0.000,0.0,695742.0
2026-09-09T00:35:20,0.3,4045,1547350,1532144,0.3,0.00,2.41,0.00,9.63,0.00,0.00,0.00,1.0,95830.0,95350.0,0.0,0.0,0.5,0.0,64.130,0.000,0.0,695742.0
2026-09-09T00:35:21,0.2,4046,1547350,1532143,0.3,0.00,5.42,0.00,21.68,0.00,0.00,0.00,1.0,95830.0,95350.0,0.0,0.0,0.5,0.0,64.116,0.000,0.0,785128.5
2026-09-09T00:35:22,0.2,4046,1547350,1532144,0.3,0.00,3.08,0.00,12.33,0.00,0.00,0.15,1.0,95830.0,95350.0,0.0,0.0,0.5,0.0,64.094,0.000,0.0,656650.0
2026-09-09T00:35:24,0.1,4046,1547350,1532143,0.3,0.00,0.80,0.00,3.21,0.00,0.00,0.00,1.0,95830.0,95350.0,0.0,0.0,0.5,0.0,64.118,0.000,0.0,636091.0
2026-09-09T00:35:29,0.1,4047,1547350,1532142,0.3,0.00,0.84,0.00,3.35,0.00,0.25,0.00,1.0,95830.0,95350.0,0.0,0.0,0.5,0.0,64.121,0.000,0.0,621154.0
2026-09-09T00:35:34,0.0,4049,1547350,1532141,0.3,0.00,0.99,0.00,3.96,0.00,0.00,0.00,1.0,95830.0,95350.0,0.0,0.0,0.5,0.0,64.129,0.000,0.0,642839.5
2026-09-09T00:35:36,0.1,4048,1547350,1532141,0.3,0.00,1.22,0.00,4.87,0.00,0.00,0.00,1.0,95830.0,95350.0,0.0,0.0,0.5,0.0,64.130,0.000,0.0,623526.0
2026-09-09T00:35:40,0.1,4049,1547350,1532141,0.3,0.00,0.99,0.00,3.96,0.00,0.00,0.00,1.0,95830.0,95350.0,0.0,0.0,0.5,0.0,64.105,0.000,0.0,643764.0
2026-09-09T00:35:42,0.1,4047,1547350,1532142,0.3,0.00,1.77,0.00,7.08,0.00,0.00,0.00,1.0,95830.0,95350.0,0.0,0.0,0.5,0.0,64.142,0.000,0.0,653195.5
2026-09-09T00:35:47,0.0,4047,1547350,1532142,0.3,0.00,4.08,0.00,32.61,0.00,0.14,0.00,1.0,95830.0,95350.0,0.0,0.0,0.5,0.0,64.117,0.000,0.0,641165.5
2026-09-09T00:35:49,0.1,4048,1547350,1532141,0.3,0.00,2.78,0.00,11.13,0.00,0.00,0.00,1.0,95830.0,95350.0,0.0,0.0,0.5,0.0,64.108,0.000,0.0,632486.5
2026-09-09T00:35:54,0.0,4051,1547350,1532139,0.3,0.00,0.40,0.00,1.60,0.00,0.00,0.00,1.0,95830.0,95350.0,0.0,0.0,0.5,0.0,64.118,0.000,0.0,670705.5
2026-09-09T00:35:55,0.1,4052,1547350,1532138,0.3,0.00,1.39,0.00,5.54,0.00,0.00,0.00,1.0,95830.0,95350.0,0.0,0.0,0.5,0.0,64.135,0.000,0.0,647678.0
2026-09-09T00:35:57,0.1,4052,1547350,1532137,0.3,0.00,2.34,0.00,9.35,0.00,0.00,0.00,1.0,95830.0,95350.0,0.0,0.0,0.5,0.0,64.116,0.000,0.0,621027.5
2026-09-09T00:36:01,0.1,4057,1547350,1532132,0.3,0.00,2.42,0.00,10.55,0.00,0.18,0.00,1.0,95830.0,95350.0,0.0,0.0,0.5,0.0,64.132,0.000,0.0,622750.0
2026-09-09T00:36:06,0.0,4059,1547350,1532131,0.3,0.00,0.94,0.00,3.77,0.00,0.00,0.00,1.0,95830.0,95350.0,0.0,0.0,0.5,0.0,64.127,0.000,0.0,648529.0
2026-09-09T00:36:10,0.1,4059,1547350,1532130,0.3,0.00,0.50,0.00,2.01,0.00,0.00,0.03,1.0,95830.0,95350.0,0.0,0.0,0.5,0.0,64.118,0.000,0.0,658468.5
2026-09-09T00:36:11,0.1,4057,1547350,1532132,0.3,0.00,4.22,0.00,16.87,0.00,0.00,0.00,1.0,95830.0,95350.0,0.0,0.0,0.5,0.0,64.126,0.000,0.0,656711.5
2026-09-09T00:36:15,0.0,4058,1547350,1532131,0.3,0.00,0.72,0.00,6.35,0.00,0.33,0.02,1.0,95830.0,95350.0,0.0,0.0,0.5,0.0,64.151,0.000,0.0,620140.0
2026-09-09T00:36:21,0.0,4058,1547350,1532131,0.3,0.00,1.04,0.00,4.15,0.00,0.00,0.00,1.0,95830.0,95350.0,0.0,0.0,0.5,0.0,64.125,0.000,0.0,626961.5
2026-09-09T00:36:24,0.1,4057,1547350,1532132,0.3,0.00,0.59,0.00,2.35,0.00,0.00,0.00,1.0,95830.0,95350.0,0.0,0.0,0.5,0.0,64.138,0.000,0.0,635485.0
2026-09-09T00:36:27,0.1,4057,1547350,1532132,0.3,0.00,1.51,0.00,6.05,0.00,0.00,0.00,1.0,95830.0,95350.0,0.0,0.0,0.5,0.0,64.135,0.000,0.0,617015.0
2026-09-09T00:36:32,0.0,4057,1547350,1532132,0.3,0.00,0.92,0.00,3.69,0.00,0.20,0.00,1.0,95830.0,95350.0,0.0,0.0,0.5,0.0,64.135,0.000,0.0,615448.0
2026-09-09T00:36:39,0.0,4057,1547350,1532133,0.3,0.00,0.63,0.00,2.51,0.00,0.00,0.00,1.0,95830.0,95350.0,0.0,0.0,0.5,0.0,64.124,0.000,0.0,616721.5
2026-09-09T00:36:44,0.0,4057,1547350,1532132,0.3,0.00,3.16,0.00,29.60,0.00,0.06,0.00,1.0,95830.0,95350.0,0.0,0.0,0.5,0.0,64.112,0.000,0.0,633092.5
2026-09-09T00:36:50,0.0,4060,1547350,1532129,0.3,0.00,0.34,0.00,1.36,0.00,0.00,0.00,1.0,95830.0,95350.0,0.0,0.0,0.5,0.0,64.144,0.000,0.0,628010.5
2026-09-09T00:36:53,0.1,4059,1547350,1532130,0.3,0.00,1.27,0.00,5.09,0.00,0.25,0.00,1.0,95830.0,95350.0,0.0,0.0,0.5,0.0,64.130,0.000,0.0,617489.0
2026-09-09T00:36:58,0.1,4059,1547350,1532131,0.3,0.00,0.81,0.00,3.23,0.00,0.00,0.00,1.0,95830.0,95350.0,0.0,0.0,0.5,0.0,64.144,0.000,0.0,639579.5
2026-09-09T00:37:01,0.1,4062,1547350,1532127,0.3,0.00,0.83,0.00,3.33,0.00,0.00,0.00,1.0,95830.0,95350.0,0.0,0.0,0.5,0.0,64.142,0.000,0.0,630218.0
2026-09-09T00:37:04,0.1,4063,1547350,1532127,0.3,0.00,0.64,0.00,2.58,0.00,0.00,0.00,1.0,95830.0,95350.0,0.0,0.0,0.5,0.0,64.144,0.000,0.0,661887.0
2026-09-09T00:37:05,0.1,4064,1547350,1532125,0.3,0.00,7.42,0.00,32.39,0.00,0.09,0.00,1.0,95830.0,95350.0,0.0,0.0,0.5,0.0,64.130,0.000,0.0,675351.5
2026-09-09T00:37:06,0.1,4063,1547350,1532126,0.3,0.00,1.54,0.00,6.17,0.00,0.00,0.00,1.0,95830.0,95350.0,0.0,0.0,0.5,0.0,64.154,0.000,0.0,642033.5
2026-09-09T00:37:11,0.1,4059,1547350,1532131,0.3,0.00,0.89,0.00,3.55,0.00,0.00,0.00,1.0,95830.0,95350.0,0.0,0.0,0.5,0.0,64.144,0.000,0.0,641097.5
2026-09-09T00:37:13,0.1,4059,1547350,1532130,0.3,0.00,0.86,0.00,3.44,0.00,0.00,0.00,1.0,95830.0,95350.0,0.0,0.0,0.5,0.0,64.152,0.000,0.0,625774.0
2026-09-09T00:37:17,0.1,4059,1547350,1532130,0.3,0.00,2.71,0.00,18.71,0.00,0.10,0.00,1.0,95830.0,95350.0,0.0,0.0,0.5,0.0,64.136,0.000,0.0,624928.5
2026-09-09T00:37:20,0.1,4060,1547350,1532130,0.3,0.00,1.21,0.00,4.86,0.00,0.00,0.00,1.0,95830.0,95350.0,0.0,0.0,0.5,0.0,64.138,0.000,0.0,621985.0
2026-09-09T00:37:25,0.0,4060,1547350,1532129,0.3,0.00,0.81,0.00,3.24,0.00,0.00,0.00,1.0,95830.0,95350.0,0.0,0.0,0.5,0.0,64.144,0.000,0.0,627163.5
2026-09-09T00:37:28,0.1,4061,1547350,1532128,0.3,0.00,0.67,0.00,2.68,0.00,0.00,0.00,1.0,95830.0,95350.0,0.0,0.0,0.5,0.0,64.147,0.000,0.0,630799.5
2026-09-09T00:37:31,0.1,4068,1547350,1532121,0.3,0.00,1.25,0.00,5.00,0.00,0.25,0.00,1.0,95830.0,95350.0,0.0,0.0,0.5,0.0,64.152,0.000,0.0,619753.5
2026-09-09T00:37:36,0.0,4069,1547350,1532121,0.3,0.00,0.41,0.00,1.66,0.00,0.00,0.00,1.0,95830.0,95350.0,0.0,0.0,0.5,0.0,64.144,0.000,0.0,625868.5
2026-09-09T00:37:40,0.1,4069,1547350,1532120,0.3,0.00,1.30,0.00,5.19,0.00,0.00,0.00,1.0,95830.0,95350.0,0.0,0.0,0.5,0.0,64.168,0.000,0.0,619084.5
2026-09-09T00:37:45,0.0,4071,1547350,1532118,0.3,0.00,3.80,0.00,28.03,0.00,0.11,0.00,1.0,95830.0,95350.0,0.0,0.0,0.5,0.0,64.168,0.000,0.0,652633.5
2026-09-09T00:37:50,0.0,4070,1547350,1532119,0.3,0.00,0.86,0.00,3.44,0.00,0.00,0.00,1.0,95830.0,95350.0,0.0,0.0,0.5,0.0,64.153,0.000,0.0,638628.5
2026-09-09T00:37:54,0.1,4071,1547350,1532119,0.3,0.00,1.01,0.00,4.06,0.00,0.00,0.00,1.0,95830.0,95350.0,0.0,0.0,0.5,0.0,64.157,0.000,0.0,632981.5
2026-09-09T00:37:58,0.1,4070,1547350,1532119,0.3,0.00,0.43,0.00,1.73,0.00,0.00,0.00,1.0,95830.0,95350.0,0.0,0.0,0.5,0.0,64.180,0.000,0.0,655479.0
2026-09-09T00:38:02,0.1,4074,1547350,1532115,0.3,0.00,2.59,0.00,10.34,0.00,0.10,0.03,1.0,95830.0,95350.0,0.0,0.0,0.5,0.0,64.173,0.000,0.0,671159.0
2026-09-09T00:38:05,0.1,4075,1547350,1532114,0.3,0.00,0.64,0.00,2.56,0.00,0.50,0.00,1.0,95830.0,95350.0,0.0,0.0,0.5,0.0,64.166,0.000,0.0,681587.0
2026-09-09T00:38:07,0.1,4074,1547350,1532115,0.3,0.00,3.47,0.00,13.88,0.00,0.00,0.00,1.0,95830.0,95350.0,0.0,0.0,0.5,0.0,64.179,0.000,0.0,633781.5
2026-09-09T00:38:09,0.1,4071,1547350,1532118,0.3,0.00,0.75,0.00,2.99,0.00,0.00,0.00,1.0,95830.0,95350.0,0.0,0.0,0.5,0.0,64.151,0.000,0.0,634933.5
2026-09-09T00:38:14,0.1,4074,1547350,1532115,0.3,0.00,1.37,0.00,5.48,0.00,0.17,0.00,1.0,95830.0,95350.0,0.0,0.0,0.5,0.0,64.175,0.000,0.0,674025.5
2026-09-09T00:38:16,0.1,4076,1547350,1532114,0.3,0.00,6.21,0.00,27.92,0.00,0.00,0.00,1.0,95830.0,95350.0,0.0,0.0,0.5,0.0,64.177,0.000,0.0,624267.5
2026-09-09T00:38:20,0.0,4075,1547350,1532115,0.3,0.00,0.86,0.00,3.44,0.00,0.25,0.00,1.0,95830.0,95350.0,0.0,0.0,0.5,0.0,64.199,0.000,0.0,617506.0
2026-09-09T00:38:26,0.0,4076,1547350,1532113,0.3,0.00,0.77,0.00,3.09,0.00,0.00,0.00,1.0,95830.0,95350.0,0.0,0.0,0.5,0.0,64.170,0.000,0.0,618196.0
2026-09-09T00:38:31,0.1,4077,1547350,1532112,0.3,0.00,0.80,0.00,3.18,0.00,0.00,0.00,1.0,95830.0,95350.0,0.0,0.0,0.5,0.0,64.164,0.000,0.0,619584.0
2026-09-09T00:38:35,0.0,4078,1547350,1532111,0.3,0.00,0.46,0.00,1.85,0.00,0.00,0.00,1.0,95830.0,95350.0,0.0,0.0,0.5,0.0,64.162,0.000,0.0,667556.5
2026-09-09T00:38:38,0.1,4078,1547350,1532111,0.3,0.00,0.74,0.00,2.97,0.00,0.00,0.00,1.0,95830.0,95350.0,0.0,0.0,0.5,0.0,64.156,0.000,0.0,626654.0
2026-09-09T00:38:43,0.0,4078,1547350,1532112,0.3,0.00,0.36,0.00,1.42,0.00,0.00,0.02,1.0,95830.0,95350.0,0.0,0.0,0.5,0.0,64.156,0.000,0.0,618120.5
2026-09-09T00:38:48,0.1,4079,1547350,1532110,0.3,0.00,3.10,0.00,32.34,0.00,0.07,0.00,1.0,95830.0,95350.0,0.0,0.0,0.5,0.0,64.176,0.000,0.0,651414.0
2026-09-09T00:38:50,0.1,4080,1547350,1532109,0.3,0.00,0.96,0.00,3.85,0.00,0.50,0.00,1.0,95830.0,95350.0,0.0,0.0,0.5,0.0,64.138,0.000,0.0,625352.5
2026-09-09T00:38:54,0.1,4081,1547350,1532108,0.3,0.00,0.52,0.00,2.10,0.00,0.00,0.00,1.0,95830.0,95350.0,0.0,0.0,0.5,0.0,64.142,0.000,0.0,624724.5
2026-09-09T00:38:58,0.1,4082,1547350,1532107,0.3,0.00,0.52,0.00,2.08,0.00,0.00,0.00,1.0,95830.0,95350.0,0.0,0.0,0.5,0.0,64.132,0.000,0.0,621772.0
2026-09-09T00:39:10,0.1,4084,1547350,1532105,0.3,0.00,0.40,0.00,1.61,0.00,0.00,0.00,1.0,95830.0,95350.0,0.0,0.0,0.5,0.0,64.146,0.000,0.0,614565.0
2026-09-09T00:39:15,0.1,4084,1547350,1532105,0.3,0.00,0.40,0.00,1.58,0.00,0.00,0.00,1.0,95830.0,95350.0,0.0,0.0,0.5,0.0,64.117,0.000,0.0,625611.0
2026-09-09T00:39:18,0.1,4085,1547350,1532104,0.3,0.00,1.81,0.00,10.25,0.00,0.00,0.00,1.0,95830.0,95350.0,0.0,0.0,0.5,0.0,64.137,0.000,0.0,680336.0
2026-09-09T00:39:23,0.1,4086,1547350,1532103,0.3,0.00,0.45,0.00,1.81,0.00,0.50,0.00,1.0,95830.0,95350.0,0.0,0.0,0.5,0.0,64.144,0.000,0.0,630798.0
2026-09-09T00:39:27,0.1,4090,1547350,1532100,0.3,0.00,0.50,0.00,2.02,0.00,0.00,0.00,1.0,95830.0,95350.0,0.0,0.0,0.5,0.0,64.137,0.000,0.0,630852.5
2026-09-09T00:39:30,0.1,4102,1547350,1532088,0.3,0.00,0.68,0.00,2.71,0.00,0.00,0.00,1.0,95830.0,95350.0,0.0,0.0,0.5,0.0,64.158,0.000,0.0,645097.5
2026-09-09T00:39:35,0.1,4110,1547350,1532079,0.3,0.00,1.79,0.00,9.53,0.00,0.11,0.00,1.0,95830.0,95350.0,0.0,0.0,0.5,0.0,64.142,0.000,0.0,646950.5
2026-09-09T00:39:40,0.1,4119,1547350,1532071,0.3,0.00,0.40,0.00,1.58,0.00,0.00,0.00,1.0,95830.0,95350.0,0.0,0.0,0.5,0.0,64.134,0.000,0.0,642461.5
2026-09-09T00:39:44,0.1,4120,1547350,1532070,0.3,0.00,0.72,0.00,2.87,0.00,0.00,0.00,1.0,95830.0,95350.0,0.0,0.0,0.5,0.0,64.118,0.000,0.0,741775.5
2026-09-09T00:39:46,0.1,4119,1547350,1532070,0.3,0.00,5.43,0.00,40.13,0.00,0.00,0.00,1.0,95830.0,95350.0,0.0,0.0,0.5,0.0,64.139,0.000,0.0,622015.5
2026-09-09T00:39:51,0.0,4120,1547350,1532069,0.3,0.00,0.57,0.00,2.28,0.00,0.33,0.00,1.0,95830.0,95350.0,0.0,0.0,0.5,0.0,64.121,0.000,0.0,653920.0
2026-09-09T00:39:57,0.0,4120,1547350,1532069,0.3,0.00,0.33,0.00,1.31,0.00,0.00,0.00,1.0,95830.0,95350.0,0.0,0.0,0.5,0.0,64.155,0.000,0.0,657284.0
2026-09-09T00:39:59,0.1,4121,1547350,1532069,0.3,0.00,1.18,0.00,4.72,0.00,0.00,0.06,1.0,95830.0,95350.0,0.0,0.0,0.5,0.0,64.148,0.000,0.0,623043.5
2026-09-09T00:40:03,0.1,4123,1547350,1532066,0.3,0.00,0.51,0.00,2.03,0.00,0.00,0.00,1.0,95830.0,95350.0,0.0,0.0,0.5,0.0,64.149,0.000,0.0,671024.5
2026-09-09T00:40:04,0.1,4123,1547350,1532066,0.3,0.00,2.93,0.00,11.70,0.00,0.00,0.00,1.0,95830.0,95350.0,0.0,0.0,0.5,0.0,64.143,0.000,0.0,646231.5
2026-09-09T00:40:06,0.1,4124,1547350,1532065,0.3,0.00,1.03,0.00,4.14,0.00,0.00,0.00,1.0,95830.0,95350.0,0.0,0.0,0.5,0.0,64.125,0.000,0.0,623513.0
2026-09-09T00:40:11,0.1,4120,1547350,1532069,0.3,0.00,0.43,0.00,1.73,0.00,0.00,0.00,1.0,95830.0,95350.0,0.0,0.0,0.5,0.0,64.121,0.000,0.0,674191.0
2026-09-09T00:40:14,0.0,4121,1547350,1532068,0.3,0.00,0.52,0.00,2.10,0.00,0.00,0.00,1.0,95830.0,95350.0,0.0,0.0,0.5,0.0,64.123,0.000,0.0,672723.0
2026-09-09T00:40:16,0.1,4120,1547350,1532070,0.3,0.00,7.05,0.00,33.70,0.00,0.11,0.00,1.0,95830.0,95350.0,0.0,0.0,0.5,0.0,64.129,0.000,0.0,698239.5
2026-09-09T00:40:20,0.1,4121,1547350,1532069,0.3,0.00,0.42,0.00,1.68,0.00,0.00,0.00,1.0,95830.0,95350.0,0.0,0.0,0.5,0.0,64.122,0.000,0.0,639500.5
2026-09-09T00:40:24,0.1,4121,1547350,1532068,0.3,0.00,0.57,0.00,2.29,0.00,0.00,0.00,1.0,95830.0,95350.0,0.0,0.0,0.5,0.0,64.132,0.000,0.0,661733.5
2026-09-09T00:40:27,0.1,4123,1547350,1532067,0.3,0.00,0.64,0.00,2.56,0.00,0.00,0.00,1.0,95830.0,95350.0,0.0,0.0,0.5,0.0,64.133,0.000,0.0,633470.5
2026-09-09T00:40:30,0.1,4124,1547350,1532065,0.3,0.00,0.79,0.00,3.16,0.00,0.00,0.00,1.0,95830.0,95350.0,0.0,0.0,0.5,0.0,64.128,0.000,0.0,632731.0
2026-09-09T00:40:33,0.1,4125,1547350,1532065,0.3,0.00,1.92,0.00,7.69,0.00,0.14,0.00,1.0,95830.0,95350.0,0.0,0.0,0.5,0.0,64.124,0.000,0.0,621511.5
2026-09-09T00:40:38,0.0,4122,1547350,1532067,0.3,0.00,0.42,0.00,1.69,0.00,0.00,0.00,1.0,95830.0,95350.0,0.0,0.0,0.5,0.0,64.138,0.000,0.0,637733.0
2026-09-09T00:40:40,0.1,4124,1547350,1532065,0.3,0.00,1.82,0.00,10.89,0.00,0.00,0.00,1.0,95830.0,95350.0,0.0,0.0,0.5,0.0,64.124,0.000,0.0,620987.5
2026-09-09T00:40:45,0.0,4125,1547350,1532065,0.3,0.00,0.92,0.00,3.68,0.00,0.00,0.02,1.0,95830.0,95350.0,0.0,0.0,0.5,0.0,64.142,0.000,0.0,620743.0
2026-09-09T00:40:49,0.1,4124,1547350,1532065,0.3,0.00,1.89,0.00,13.66,0.00,0.11,0.00,1.0,95830.0,95350.0,0.0,0.0,0.5,0.0,64.118,0.000,0.0,623609.5
2026-09-09T00:40:54,0.0,4125,1547350,1532064,0.3,0.00,0.42,0.00,1.67,0.00,0.00,0.00,1.0,95830.0,95350.0,0.0,0.0,0.5,0.0,64.151,0.000,0.0,661796.0
2026-09-09T00:40:57,0.1,4125,1547350,1532064,0.3,0.00,0.73,0.00,2.91,0.00,0.00,0.04,1.0,95830.0,95350.0,0.0,0.0,0.5,0.0,64.120,0.000,0.0,633094.0
2026-09-09T00:41:00,0.1,4130,1547350,1532059,0.3,0.00,0.74,0.00,2.94,0.00,0.00,0.00,1.0,95830.0,95350.0,0.0,0.0,0.5,0.0,64.132,0.000,0.0,663364.0
2026-09-09T00:41:04,0.1,4130,1547350,1532060,0.3,0.00,0.49,0.00,1.95,0.00,0.00,0.00,1.0,95830.0,95350.0,0.0,0.0,0.5,0.0,64.118,0.000,0.0,641384.5
2026-09-09T00:41:06,0.1,4130,1547350,1532059,0.3,0.00,0.89,0.00,3.55,0.00,0.00,0.00,1.0,95830.0,95350.0,0.0,0.0,0.5,0.0,64.130,0.000,0.0,648139.5
2026-09-09T00:41:08,0.1,4131,1547350,1532058,0.3,0.00,1.02,0.00,4.07,0.00,0.00,0.00,1.0,95830.0,95350.0,0.0,0.0,0.5,0.0,64.115,0.000,0.0,636497.5
2026-09-09T00:41:10,0.1,4127,1547350,1532062,0.3,0.00,0.83,0.00,3.32,0.00,0.00,0.00,1.0,95830.0,95350.0,0.0,0.0,0.5,0.0,64.103,0.000,0.0,623466.0
2026-09-09T00:41:14,0.1,4126,1547350,1532063,0.3,0.00,0.95,0.00,3.80,0.00,0.25,0.00,1.0,95830.0,95350.0,0.0,0.0,0.5,0.0,64.114,0.000,0.0,629826.5
2026-09-09T00:41:18,0.1,4126,1547350,1532063,0.3,0.00,1.53,0.00,10.28,0.00,0.00,0.00,1.0,95830.0,95350.0,0.0,0.0,0.5,0.0,64.124,0.000,0.0,629273.0
2026-09-09T00:41:21,0.1,4126,1547350,1532063,0.3,0.00,0.97,0.00,3.86,0.00,0.00,0.00,1.0,95830.0,95350.0,0.0,0.0,0.5,0.0,64.124,0.000,0.0,680423.5
2026-09-09T00:41:22,0.1,4126,1547350,1532063,0.3,0.00,1.67,0.00,6.69,0.00,0.00,0.00,1.0,95830.0,95350.0,0.0,0.0,0.5,0.0,64.145,0.000,0.0,652900.5
2026-09-09T00:41:25,0.1,4127,1547350,1532062,0.3,0.00,0.64,0.00,2.55,0.00,0.00,0.00,1.0,95830.0,95350.0,0.0,0.0,0.5,0.0,64.137,0.000,0.0,647582.5
2026-09-09T00:41:27,0.2,4127,1547350,1532063,0.3,0.00,1.41,0.00,5.62,0.00,0.00,0.07,1.0,95830.0,95350.0,0.0,0.0,0.5,0.0,64.126,0.000,0.0,647582.5
2026-09-09T00:41:27,0.3,4127,1547350,1532062,0.3,0.00,3.19,0.00,12.78,0.00,0.00,0.00,1.0,95830.0,95350.0,0.0,0.0,0.5,0.0,64.107,0.000,0.0,840545.5
2026-09-09T00:41:28,0.3,4129,1547350,1532061,0.3,0.00,4.26,0.00,17.02,0.00,0.00,0.00,1.0,95830.0,95350.0,0.0,0.0,0.5,0.0,64.124,0.000,0.0,840545.5
2026-09-09T00:41:29,0.2,4130,1547350,1532059,0.3,0.00,1.72,0.00,6.88,0.00,0.50,0.00,1.0,95830.0,95350.0,0.0,0.0,0.5,0.0,64.105,0.000,0.0,717945.0
2026-09-09T00:41:30,0.3,4131,1547350,1532059,0.3,0.00,2.13,0.00,8.53,0.00,0.00,0.00,1.0,95830.0,95350.0,0.0,0.0,0.5,0.0,64.119,0.000,0.0,753494.5
2026-09-09T00:41:31,0.2,4131,1547350,1532058,0.3,0.00,1.75,0.00,7.02,0.00,0.00,0.00,1.0,95830.0,95350.0,0.0,0.0,0.5,0.0,64.117,0.000,0.0,753494.5
2026-09-09T00:41:31,0.3,4131,1547350,1532058,0.3,0.00,19.07,0.00,87.19,0.00,0.00,0.00,1.0,95830.0,95350.0,0.0,0.0,0.5,0.0,64.130,0.000,0.0,789416.0
2026-09-09T00:41:32,0.2,4131,1547350,1532058,0.3,0.00,1.67,0.00,6.68,0.00,0.00,0.00,1.0,95830.0,95350.0,0.0,0.0,0.5,0.0,64.119,0.000,0.0,689745.5
2026-09-09T00:41:33,0.2,4131,1547350,1532059,0.3,0.00,2.09,0.00,8.35,0.00,0.00,0.00,1.0,95830.0,95350.0,0.0,0.0,0.5,0.0,64.137,0.000,0.0,689745.5
2026-09-09T00:41:34,0.2,4137,1547350,1532052,0.3,0.00,2.37,0.00,9.48,0.00,0.00,0.00,1.0,95830.0,95350.0,0.0,0.0,0.5,0.0,64.104,0.000,0.0,817542.5
2026-09-09T00:41:35,0.2,4140,1547350,1532050,0.3,0.00,2.16,0.00,8.64,0.00,0.50,0.00,1.0,95830.0,95350.0,0.0,0.0,0.5,0.0,64.120,0.000,0.0,691032.5
2026-09-09T00:41:36,0.2,4141,1547350,1532048,0.3,0.00,1.96,0.00,7.83,0.00,0.00,0.00,1.0,95830.0,95350.0,0.0,0.0,0.5,0.0,64.138,0.000,0.0,675290.0
2026-09-09T00:41:38,0.2,4144,1547350,1532046,0.3,0.00,1.39,0.00,5.55,0.00,0.00,0.00,1.0,95830.0,95350.0,0.0,0.0,0.5,0.0,64.129,0.000,0.0,765111.0
2026-09-09T00:41:39,0.1,4144,1547350,1532045,0.3,0.00,1.41,0.00,5.64,0.00,0.00,0.00,1.0,95830.0,95350.0,0.0,0.0,0.5,0.0,64.125,0.000,0.0,765111.0
2026-09-09T00:41:40,0.2,4145,1547350,1532044,0.3,0.00,3.17,0.00,12.68,0.00,0.00,0.00,1.0,95830.0,95350.0,0.0,0.0,0.5,0.0,64.124,0.000,0.0,744521.0
2026-09-09T00:41:41,0.2,4146,1547350,1532044,0.3,0.00,2.12,0.00,8.48,0.00,0.00,0.00,1.0,95830.0,95350.0,0.0,0.0,0.5,0.0,64.118,0.000,0.0,744521.0
2026-09-09T00:41:42,0.2,4147,1547350,1532042,0.3,0.00,2.27,0.00,9.09,0.00,0.00,0.11,1.0,95830.0,95350.0,0.0,0.0,0.5,0.0,64.125,0.000,0.0,679481.5
2026-09-09T00:41:43,0.2,4148,1547350,1532042,0.3,0.00,1.70,0.00,6.81,0.00,0.00,0.00,1.0,95830.0,95350.0,0.0,0.0,0.5,0.0,64.122,0.000,0.0,722209.5
2026-09-09T00:41:44,0.2,4148,1547350,1532041,0.3,0.00,1.94,0.00,7.77,0.00,0.00,0.00,1.0,95830.0,95350.0,0.0,0.0,0.5,0.0,64.117,0.000,0.0,730987.0
2026-09-09T00:41:45,0.1,4148,1547350,1532041,0.3,0.00,1.49,0.00,5.95,0.00,0.00,0.00,1.0,95830.0,95350.0,0.0,0.0,0.5,0.0,64.130,0.000,0.0,663513.5
2026-09-09T00:41:46,0.2,4150,1547350,1532039,0.3,0.00,3.68,0.00,20.62,0.00,0.20,0.00,1.0,95830.0,95350.0,0.0,0.0,0.5,0.0,64.120,0.000,0.0,663513.5
2026-09-09T00:41:47,0.2,4151,1547350,1532038,0.3,0.00,2.21,0.00,8.84,0.00,0.00,0.00,1.0,95830.0,95350.0,0.0,0.0,0.5,0.0,64.118,0.000,0.0,741796.5
2026-09-09T00:41:48,0.3,4152,1547350,1532037,0.3,0.00,4.50,0.00,18.02,0.00,0.00,0.00,1.0,95830.0,95350.0,0.0,0.0,0.5,0.0,64.111,0.000,0.0,663536.5
2026-09-09T00:41:49,0.2,4152,1547350,1532037,0.3,0.00,7.44,0.00,57.81,0.00,0.09,0.00,1.0,95830.0,95350.0,0.0,0.0,0.5,0.0,64.142,0.000,0.0,663536.5
2026-09-09T00:41:50,0.2,4151,1547350,1532038,0.3,0.00,3.24,0.00,12.97,0.00,0.00,0.00,1.0,95830.0,95350.0,0.0,0.0,0.5,0.0,64.112,0.000,0.0,726153.0
2026-09-09T00:41:51,0.2,4150,1547350,1532040,0.3,0.00,1.51,0.00,6.05,0.00,0.00,0.00,1.0,95830.0,95350.0,0.0,0.0,0.5,0.0,64.117,0.000,0.0,726153.0
2026-09-09T00:41:52,0.3,4151,1547350,1532039,0.3,0.00,5.10,0.00,20.41,0.00,0.00,0.00,1.0,95830.0,95350.0,0.0,0.0,0.5,0.0,64.114,0.000,0.0,737654.0
2026-09-09T00:41:53,0.2,4152,1547350,1532037,0.3,0.00,1.39,0.00,5.57,0.00,0.00,0.00,1.0,95830.0,95350.0,0.0,0.0,0.5,0.0,64.117,0.000,0.0,662493.5
2026-09-09T00:41:55,0.2,4152,1547350,1532038,0.3,0.00,1.39,0.00,5.56,0.00,0.00,0.00,1.0,95830.0,95350.0,0.0,0.0,0.5,0.0,64.145,0.000,0.0,663670.0
2026-09-09T00:41:56,0.1,4151,1547350,1532038,0.3,0.00,1.59,0.00,6.37,0.00,0.00,0.00,1.0,95830.0,95350.0,0.0,0.0,0.5,0.0,64.115,0.000,0.0,663670.0
2026-09-09T00:41:57,0.2,4151,1547350,1532038,0.3,0.00,7.04,0.00,28.17,0.00,0.17,0.00,1.0,95830.0,95350.0,0.0,0.0,0.5,0.0,64.136,0.000,0.0,700053.5
2026-09-09T00:41:58,0.1,4152,1547350,1532037,0.3,0.00,1.66,0.00,6.63,0.00,0.00,0.00,1.0,95830.0,95350.0,0.0,0.0,0.5,0.0,64.126,0.000,0.0,692862.5
2026-09-09T00:41:59,0.2,4153,1547350,1532036,0.3,0.00,1.79,0.00,7.17,0.00,0.00,0.00,1.0,95830.0,95350.0,0.0,0.0,0.5,0.0,64.133,0.000,0.0,638018.0
2026-09-09T00:42:01,0.1,4159,1547350,1532030,0.3,0.00,0.83,0.00,3.32,0.00,0.00,0.00,1.0,95830.0,95350.0,0.0,0.0,0.5,0.0,64.119,0.000,0.0,673186.0
2026-09-09T00:42:02,0.2,4160,1547350,1532029,0.3,0.00,1.90,0.00,7.59,0.00,0.00,0.00,1.0,95830.0,95350.0,0.0,0.0,0.5,0.0,64.126,0.000,0.0,673186.0
2026-09-09T00:42:03,0.3,4161,1547350,1532028,0.3,0.00,21.46,0.00,85.84,0.00,0.10,0.00,1.0,95830.0,95350.0,0.0,0.0,0.5,0.0,64.093,0.000,0.0,721213.0
2026-09-09T00:42:04,0.2,4161,1547350,1532028,0.3,0.00,1.68,0.00,6.72,0.00,0.00,0.00,1.0,95830.0,95350.0,0.0,0.0,0.5,0.0,64.111,0.000,0.0,672113.5
2026-09-09T00:42:06,0.1,4163,1547350,1532026,0.3,0.00,1.34,0.00,5.34,0.00,0.00,0.00,1.0,95830.0,95350.0,0.0,0.0,0.5,0.0,64.120,0.000,0.0,676124.5
2026-09-09T00:42:07,0.2,4164,1547350,1532025,0.3,0.00,1.74,0.00,6.95,0.00,0.00,0.00,1.0,95830.0,95350.0,0.0,0.0,0.5,0.0,64.111,0.000,0.0,701772.0
2026-09-09T00:42:08,0.2,4164,1547350,1532025,0.3,0.00,1.26,0.00,5.05,0.00,0.50,0.00,1.0,95830.0,95350.0,0.0,0.0,0.5,0.0,64.139,0.000,0.0,677342.5
2026-09-09T00:42:09,0.2,4165,1547350,1532025,0.3,0.00,2.15,0.00,8.60,0.00,0.00,0.00,1.0,95830.0,95350.0,0.0,0.0,0.5,0.0,64.114,0.000,0.0,677342.5
2026-09-09T00:42:10,0.2,4165,1547350,1532024,0.3,0.00,1.89,0.00,7.57,0.00,0.00,0.00,1.0,95830.0,95350.0,0.0,0.0,0.5,0.0,64.126,0.000,0.0,717865.5
2026-09-09T00:42:11,0.2,4164,1547350,1532025,0.3,0.00,3.48,0.00,13.94,0.00,0.00,0.00,1.0,95830.0,95350.0,0.0,0.0,0.5,0.0,64.126,0.000,0.0,673485.0
2026-09-09T00:42:12,1.1,4164,1547350,1532025,0.3,0.00,1.44,0.00,5.75,0.00,0.00,0.00,1.0,95830.0,95350.0,0.0,0.0,0.5,0.0,64.129,0.000,0.0,766632.0
2026-09-09T00:42:14,0.1,4164,1547350,1532025,0.3,0.00,1.38,0.00,5.53,0.00,0.00,0.00,1.0,95830.0,95350.0,0.0,0.0,0.5,0.0,64.118,0.000,0.0,694360.5
2026-09-09T00:42:16,0.1,4166,1547350,1532023,0.3,0.00,0.96,0.00,3.83,0.00,0.00,0.00,1.0,95830.0,95350.0,0.0,0.0,0.5,0.0,64.120,0.000,0.0,722251.0
2026-09-09T00:42:17,1.5,4167,1547350,1532022,0.3,0.00,1.77,0.00,7.08,0.00,0.00,0.00,1.0,95830.0,95350.0,0.0,0.0,0.5,0.0,64.138,0.000,0.0,664124.5
2026-09-09T00:42:19,0.1,4170,1547350,1532019,0.3,0.00,3.59,0.00,27.83,0.00,0.17,0.00,1.0,95830.0,95350.0,0.0,0.0,0.5,0.0,64.118,0.000,0.0,639219.5
2026-09-09T00:42:21,0.1,4173,1547350,1532016,0.3,0.00,0.93,0.00,3.71,0.00,0.00,0.00,1.0,95830.0,95350.0,0.0,0.0,0.5,0.0,64.124,0.000,0.0,664346.5
2026-09-09T00:42:22,0.1,4172,1547350,1532017,0.3,0.00,1.18,0.00,4.71,0.00,0.00,0.00,1.0,95830.0,95350.0,0.0,0.0,0.5,0.0,64.118,0.000,0.0,662197.0
2026-09-09T00:42:24,0.2,4173,1547350,1532016,0.3,0.00,1.35,0.00,5.41,0.00,0.00,0.00,1.0,95830.0,95350.0,0.0,0.0,0.5,0.0,64.119,0.000,0.0,659856.0
2026-09-09T00:42:25,0.1,4172,1547350,1532018,0.3,0.00,1.36,0.00,5.45,0.00,0.00,0.00,1.0,95830.0,95350.0,0.0,0.0,0.5,0.0,64.105,0.000,0.0,652434.5
2026-09-09T00:42:27,0.2,4173,1547350,1532016,0.3,0.00,1.01,0.00,4.03,0.00,0.00,0.00,1.0,95830.0,95350.0,0.0,0.0,0.5,0.0,64.126,0.000,0.0,647472.5
2026-09-09T00:42:29,0.1,4173,1547350,1532016,0.3,0.00,1.00,0.00,4.00,0.00,0.00,0.00,1.0,95830.0,95350.0,0.0,0.0,0.5,0.0,64.118,0.000,0.0,653347.5
2026-09-09T00:42:31,0.1,4174,1547350,1532015,0.3,0.00,1.20,0.00,4.80,0.00,0.00,0.00,1.0,95830.0,95350.0,0.0,0.0,0.5,0.0,64.124,0.000,0.0,642934.5
2026-09-09T00:42:33,0.1,4173,1547350,1532016,0.3,0.00,0.98,0.00,3.94,0.00,0.00,0.00,1.0,95830.0,95350.0,0.0,0.0,0.5,0.0,64.118,0.000,0.0,642934.5
2026-09-09T00:42:34,0.2,4174,1547350,1532015,0.3,0.00,7.77,0.00,31.07,0.00,0.25,0.00,1.0,95830.0,95350.0,0.0,0.0,0.5,0.0,64.111,0.000,0.0,734686.5
2026-09-09T00:42:35,0.2,4175,1547350,1532014,0.3,0.00,1.97,0.00,7.87,0.00,0.00,0.00,1.0,95830.0,95350.0,0.0,0.0,0.5,0.0,64.111,0.000,0.0,744472.0
2026-09-09T00:42:37,0.1,4175,1547350,1532015,0.3,0.00,1.03,0.00,4.11,0.00,0.00,0.00,1.0,95830.0,95350.0,0.0,0.0,0.5,0.0,64.118,0.000,0.0,690640.0
2026-09-09T00:42:38,0.1,4175,1547350,1532014,0.3,0.00,1.06,0.00,4.26,0.00,0.00,0.00,1.0,95830.0,95350.0,0.0,0.0,0.5,0.0,64.108,0.000,0.0,688300.5
2026-09-09T00:42:41,0.1,4175,1547350,1532014,0.3,0.00,0.91,0.00,3.64,0.00,0.00,0.00,1.0,95830.0,95350.0,0.0,0.0,0.5,0.0,64.117,0.000,0.0,703823.0
2026-09-09T00:42:42,0.1,4176,1547350,1532013,0.3,0.00,1.35,0.00,5.42,0.00,0.00,0.00,1.0,95830.0,95350.0,0.0,0.0,0.5,0.0,64.121,0.000,0.0,658304.5
2026-09-09T00:42:44,0.2,4177,1547350,1532013,0.3,0.00,2.32,0.00,9.29,0.00,0.00,0.00,1.0,95830.0,95350.0,0.0,0.0,0.5,0.0,64.093,0.000,0.0,635019.0
2026-09-09T00:42:48,0.1,4178,1547350,1532011,0.3,0.00,0.47,0.00,1.90,0.00,0.00,0.00,1.0,95830.0,95350.0,0.0,0.0,0.5,0.0,64.126,0.000,0.0,646960.5
2026-09-09T00:42:50,0.1,4179,1547350,1532010,0.3,0.00,6.35,0.00,67.38,0.00,0.08,0.00,1.0,95830.0,95350.0,0.0,0.0,0.5,0.0,64.119,0.000,0.0,661587.0
2026-09-09T00:42:52,0.2,4180,1547350,1532009,0.3,0.00,1.21,0.00,4.83,0.00,0.00,0.00,1.0,95830.0,95350.0,0.0,0.0,0.5,0.0,64.135,0.000,0.0,659103.0
2026-09-09T00:42:53,0.2,4180,1547350,1532009,0.3,0.00,2.05,0.00,8.20,0.00,0.50,0.00,1.0,95830.0,95350.0,0.0,0.0,0.5,0.0,64.130,0.000,0.0,659103.0
2026-09-09T00:42:53,0.3,4181,1547350,1532008,0.3,0.00,4.15,0.00,16.60,0.00,0.00,0.00,1.0,95830.0,95350.0,0.0,0.0,0.5,0.0,64.118,0.000,0.0,841423.0
2026-09-09T00:42:54,0.2,4181,1547350,1532009,0.3,0.00,3.69,0.00,14.74,0.00,0.00,0.00,1.0,95830.0,95350.0,0.0,0.0,0.5,0.0,64.126,0.000,0.0,623320.5
2026-09-09T00:42:59,0.0,4186,1547350,1532003,0.3,0.00,0.74,0.00,4.46,0.00,0.00,0.00,1.0,95830.0,95350.0,0.0,0.0,0.5,0.0,64.130,0.000,0.0,619038.5
2026-09-09T00:43:09,0.1,4187,1547350,1532002,0.3,0.00,0.21,0.00,0.85,0.00,0.00,0.00,1.0,95830.0,95350.0,0.0,0.0,0.5,0.0,64.145,0.000,0.0,624649.0
2026-09-09T00:43:15,0.0,4185,1547350,1532004,0.3,0.00,0.32,0.00,1.27,0.00,0.00,0.00,1.0,95830.0,95350.0,0.0,0.0,0.5,0.0,64.135,0.000,0.0,689502.5
2026-09-09T00:43:19,0.1,4186,1547350,1532003,0.3,0.00,1.48,0.00,10.52,0.00,0.20,0.00,1.0,95830.0,95350.0,0.0,0.0,0.5,0.0,64.112,0.000,0.0,634201.0
2026-09-09T00:43:23,0.1,4186,1547350,1532003,0.3,0.00,0.49,0.00,1.94,0.00,0.00,0.00,1.0,95830.0,95350.0,0.0,0.0,0.5,0.0,64.124,0.000,0.0,631228.5
2026-09-09T00:43:26,0.1,4186,1547350,1532003,0.3,0.00,0.68,0.00,2.72,0.00,0.00,0.00,1.0,95830.0,95350.0,0.0,0.0,0.5,0.0,64.142,0.000,0.0,613570.0
2026-09-09T00:43:33,0.0,4186,1547350,1532004,0.3,0.00,1.15,0.00,5.11,0.00,0.00,0.00,1.0,95830.0,95350.0,0.0,0.0,0.5,0.0,64.117,0.000,0.0,627640.5
2026-09-09T00:43:37,0.0,4186,1547350,1532004,0.3,0.00,0.49,0.00,1.97,0.00,0.50,0.02,1.0,95830.0,95350.0,0.0,0.0,0.5,0.0,64.120,0.000,0.0,617338.5
2026-09-09T00:43:45,0.0,4186,1547350,1532003,0.3,0.00,0.40,0.00,1.62,0.00,0.00,0.00,1.0,95830.0,95350.0,0.0,0.0,0.5,0.0,64.111,0.000,0.0,627308.5
2026-09-09T00:43:48,0.1,4187,1547350,1532003,0.3,0.00,4.74,0.00,26.35,0.00,0.06,0.00,1.0,95830.0,95350.0,0.0,0.0,0.5,0.0,64.120,0.000,0.0,617554.0
2026-09-09T00:43:54,0.0,4187,1547350,1532002,0.3,0.00,0.49,0.00,1.95,0.00,0.00,0.00,1.0,95830.0,95350.0,0.0,0.0,0.5,0.0,64.115,0.000,0.0,616079.0
2026-09-09T00:44:03,0.1,4193,1547350,1531997,0.3,0.00,0.23,0.00,0.93,0.00,0.00,0.00,1.0,95830.0,95350.0,0.0,0.0,0.5,0.0,64.113,0.000,0.0,619111.5
2026-09-09T00:44:09,0.1,4193,1547350,1531997,0.3,0.00,0.35,0.00,1.41,0.00,0.00,0.00,1.0,95830.0,95350.0,0.0,0.0,0.5,0.0,64.130,0.000,0.0,643956.0
2026-09-09T00:44:10,0.2,4193,1547350,1531996,0.3,0.00,1.24,0.00,4.94,0.00,0.00,0.00,1.0,95830.0,95350.0,0.0,0.0,0.5,0.0,64.129,0.000,0.0,643956.0
2026-09-09T00:44:11,0.3,4195,1547350,1531994,0.3,0.00,6.50,0.00,39.02,0.00,0.25,0.00,1.0,95830.0,95350.0,0.0,0.0,0.5,0.0,64.136,0.000,0.0,731406.0
2026-09-09T00:44:12,0.3,4191,1547350,1531998,0.3,0.00,3.03,0.00,12.12,0.00,0.00,0.00,1.0,95830.0,95350.0,0.0,0.0,0.5,0.0,64.165,0.000,0.0,731406.0
2026-09-09T00:44:12,0.2,4192,1547350,1531997,0.3,0.00,3.50,0.00,13.99,0.00,0.00,0.00,1.0,95830.0,95350.0,0.0,0.0,0.5,0.0,64.126,0.000,0.0,751381.5
2026-09-09T00:44:13,0.2,4192,1547350,1531997,0.3,0.00,2.30,0.00,9.22,0.00,0.00,0.00,1.0,95830.0,95350.0,0.0,0.0,0.5,0.0,64.133,0.000,0.0,751381.5
2026-09-09T00:44:14,0.2,4193,1547350,1531996,0.3,0.00,3.47,0.00,13.86,0.00,0.00,0.00,1.0,95830.0,95350.0,0.0,0.0,0.5,0.0,64.120,0.000,0.0,751381.5
2026-09-09T00:44:14,0.4,4194,1547350,1531995,0.3,0.00,5.80,0.00,23.19,0.00,0.00,0.00,1.0,95830.0,95350.0,0.0,0.0,0.5,0.0,64.138,0.000,0.0,761845.0
2026-09-09T00:44:15,0.2,4194,1547350,1531995,0.3,0.00,2.79,0.00,11.14,0.00,0.00,0.00,1.0,95830.0,95350.0,0.0,0.0,0.5,0.0,64.121,0.000,0.0,761845.0
2026-09-09T00:44:16,0.2,4195,1547350,1531995,0.3,0.00,1.89,0.00,7.56,0.00,0.00,0.09,1.0,95830.0,95350.0,0.0,0.0,0.5,0.0,64.140,0.000,0.0,780407.0
2026-09-09T00:44:16,0.3,4195,1547350,1531994,0.3,0.00,3.99,0.00,15.97,0.00,0.00,0.20,1.0,95830.0,95350.0,0.0,0.0,0.5,0.0,64.142,0.000,0.0,780407.0
2026-09-09T00:44:17,0.3,4195,1547350,1531994,0.3,0.00,3.53,0.00,14.11,0.00,0.00,0.00,1.0,95830.0,95350.0,0.0,0.0,0.5,0.0,64.139,0.000,0.0,780407.0
2026-09-09T00:44:17,0.5,4196,1547350,1531993,0.3,0.00,7.75,0.00,31.01,0.00,0.00,0.00,1.0,95830.0,95350.0,0.0,0.0,0.5,0.0,64.136,0.000,0.0,747876.0
2026-09-09T00:44:18,0.2,4197,1547350,1531992,0.3,0.00,1.96,0.00,7.86,0.00,0.00,0.00,1.0,95830.0,95350.0,0.0,0.0,0.5,0.0,64.140,0.000,0.0,747876.0
2026-09-09T00:44:19,0.2,4199,1547350,1531990,0.3,0.00,3.91,0.00,35.16,0.00,0.25,0.00,1.0,95830.0,95350.0,0.0,0.0,0.5,0.0,64.137,0.000,0.0,686532.5
2026-09-09T00:44:20,0.1,4201,1547350,1531988,0.3,0.00,1.79,0.00,7.17,0.00,0.00,0.00,1.0,95830.0,95350.0,0.0,0.0,0.5,0.0,64.127,0.000,0.0,686532.5
2026-09-09T00:44:21,0.2,4200,1547350,1531989,0.3,0.00,2.27,0.00,9.07,0.00,0.00,0.00,1.0,95830.0,95350.0,0.0,0.0,0.5,0.0,64.134,0.000,0.0,688894.5
2026-09-09T00:44:22,0.1,4200,1547350,1531989,0.3,0.00,1.58,0.00,6.31,0.00,0.00,0.00,1.0,95830.0,95350.0,0.0,0.0,0.5,0.0,64.123,0.000,0.0,673442.5
2026-09-09T00:44:24,0.2,4201,1547350,1531988,0.3,0.00,1.32,0.00,5.29,0.00,0.00,0.00,1.0,95830.0,95350.0,0.0,0.0,0.5,0.0,64.150,0.000,0.0,698193.5
2026-09-09T00:44:25,0.2,4205,1547350,1531985,0.3,0.00,1.95,0.00,7.80,0.00,0.00,0.00,1.0,95830.0,95350.0,0.0,0.0,0.5,0.0,64.135,0.000,0.0,698193.5
2026-09-09T00:44:25,0.3,4206,1547350,1531983,0.3,0.00,3.53,0.00,14.13,0.00,0.00,0.00,1.0,95830.0,95350.0,0.0,0.0,0.5,0.0,64.130,0.000,0.0,777233.5
2026-09-09T00:44:26,0.2,4208,1547350,1531981,0.3,0.00,3.15,0.00,12.62,0.00,0.00,0.16,1.0,95830.0,95350.0,0.0,0.0,0.5,0.0,64.148,0.000,0.0,777233.5
2026-09-09T00:44:27,0.2,4211,1547350,1531978,0.3,0.00,2.73,0.00,10.93,0.00,0.00,0.00,1.0,95830.0,95350.0,0.0,0.0,0.5,0.0,64.148,0.000,0.0,723015.0
2026-09-09T00:44:29,0.2,4212,1547350,1531977,0.3,0.00,1.01,0.00,4.03,0.00,0.50,0.00,1.0,95830.0,95350.0,0.0,0.0,0.5,0.0,64.124,0.000,0.0,692257.5
2026-09-09T00:44:30,0.2,4214,1547350,1531975,0.3,0.00,2.40,0.00,9.62,0.00,0.00,0.00,1.0,95830.0,95350.0,0.0,0.0,0.5,0.0,64.121,0.000,0.0,750243.5
2026-09-09T00:44:31,0.1,4214,1547350,1531975,0.3,0.00,5.26,0.00,21.05,0.00,0.00,0.00,1.0,95830.0,95350.0,0.0,0.0,0.5,0.0,64.125,0.000,0.0,723814.5
2026-09-09T00:44:32,0.1,4215,1547350,1531974,0.3,0.00,1.32,0.00,5.28,0.00,0.00,0.00,1.0,95830.0,95350.0,0.0,0.0,0.5,0.0,64.149,0.000,0.0,723814.5
2026-09-09T00:44:33,0.2,4216,1547350,1531973,0.3,0.00,3.01,0.00,12.03,0.00,0.00,0.00,1.0,95830.0,95350.0,0.0,0.0,0.5,0.0,64.130,0.000,0.0,746007.0
2026-09-09T00:44:34,0.2,4219,1547350,1531971,0.3,0.00,1.57,0.00,6.28,0.00,0.00,0.00,1.0,95830.0,95350.0,0.0,0.0,0.5,0.0,64.129,0.000,0.0,686341.0
2026-09-09T00:44:36,0.1,4219,1547350,1531970,0.3,0.00,1.80,0.00,7.20,0.00,0.00,0.00,1.0,95830.0,95350.0,0.0,0.0,0.5,0.0,64.141,0.000,0.0,652810.5
2026-09-09T00:44:38,0.2,4221,1547350,1531969,0.3,0.00,1.16,0.00,4.65,0.00,0.50,0.00,1.0,95830.0,95350.0,0.0,0.0,0.5,0.0,64.118,0.000,0.0,683176.0
2026-09-09T00:44:39,0.2,4221,1547350,1531968,0.3,0.00,2.14,0.00,8.55,0.00,0.00,0.00,1.0,95830.0,95350.0,0.0,0.0,0.5,0.0,64.120,0.000,0.0,677335.0
2026-09-09T00:44:40,0.1,4222,1547350,1531967,0.3,0.00,1.15,0.00,4.59,0.00,0.00,0.00,1.0,95830.0,95350.0,0.0,0.0,0.5,0.0,64.155,0.000,0.0,639092.5
2026-09-09T00:44:43,0.1,4223,1547350,1531966,0.3,0.00,1.71,0.00,6.84,0.00,0.00,0.04,1.0,95830.0,95350.0,0.0,0.0,0.5,0.0,64.132,0.000,0.0,644908.5
2026-09-09T00:44:45,0.1,4223,1547350,1531966,0.3,0.00,0.90,0.00,3.61,0.00,0.00,0.00,1.0,95830.0,95350.0,0.0,0.0,0.5,0.0,64.156,0.000,0.0,642238.0
2026-09-09T00:44:47,0.1,4224,1547350,1531965,0.3,0.00,1.33,0.00,5.31,0.00,0.00,0.00,1.0,95830.0,95350.0,0.0,0.0,0.5,0.0,64.162,0.000,0.0,635510.0
2026-09-09T00:44:50,0.1,4224,1547350,1531965,0.3,0.00,4.06,0.00,30.97,0.00,0.09,0.00,1.0,95830.0,95350.0,0.0,0.0,0.5,0.0,64.165,0.000,0.0,649236.5
2026-09-09T00:44:52,0.2,4227,1547350,1531962,0.3,0.00,1.28,0.00,5.14,0.00,0.00,0.00,1.0,95830.0,95350.0,0.0,0.0,0.5,0.0,64.172,0.000,0.0,656499.0
2026-09-09T00:44:54,0.1,4228,1547350,1531961,0.3,0.00,0.95,0.00,3.82,0.00,0.00,0.00,1.0,95830.0,95350.0,0.0,0.0,0.5,0.0,64.148,0.000,0.0,637361.5
2026-09-09T00:44:56,0.1,4228,1547350,1531961,0.3,0.00,0.86,0.00,3.46,0.00,0.00,0.00,1.0,95830.0,95350.0,0.0,0.0,0.5,0.0,64.158,0.000,0.0,641131.0
2026-09-09T00:44:58,0.1,4230,1547350,1531959,0.3,0.00,0.93,0.00,3.72,0.00,0.00,0.00,1.0,95830.0,95350.0,0.0,0.0,0.5,0.0,64.165,0.000,0.0,645571.5
2026-09-09T00:45:00,0.1,4233,1547350,1531957,0.3,0.00,0.91,0.00,3.64,0.00,0.00,0.00,1.0,95830.0,95350.0,0.0,0.0,0.5,0.0,64.138,0.000,0.0,638807.5
2026-09-09T00:45:03,0.2,4236,1547350,1531953,0.3,0.00,0.89,0.00,3.57,0.00,0.00,0.04,1.0,95830.0,95350.0,0.0,0.0,0.5,0.0,64.179,0.000,0.0,658787.0
2026-09-09T00:45:04,0.1,4237,1547350,1531952,0.3,0.00,1.09,0.00,4.36,0.00,0.50,0.00,1.0,95830.0,95350.0,0.0,0.0,0.5,0.0,64.148,0.000,0.0,652622.0
2026-09-09T00:45:06,0.2,4237,1547350,1531952,0.3,0.00,1.24,0.00,4.95,0.00,0.00,0.00,1.0,95830.0,95350.0,0.0,0.0,0.5,0.0,64.167,0.000,0.0,663328.0
2026-09-09T00:45:07,0.2,4237,1547350,1531952,0.3,0.00,1.34,0.00,5.38,0.00,0.00,0.00,1.0,95830.0,95350.0,0.0,0.0,0.5,0.0,64.133,0.000,0.0,659095.5
2026-09-09T00:45:09,0.1,4239,1547350,1531950,0.3,0.00,1.03,0.00,4.11,0.00,0.00,0.05,1.0,95830.0,95350.0,0.0,0.0,0.5,0.0,64.165,0.000,0.0,641532.5
2026-09-09T00:45:11,0.2,4239,1547350,1531950,0.3,0.00,1.10,0.00,4.42,0.00,0.00,0.00,1.0,95830.0,95350.0,0.0,0.0,0.5,0.0,64.171,0.000,0.0,672731.0
2026-09-09T00:45:13,0.2,4239,1547350,1531950,0.3,0.00,2.62,0.00,15.75,0.00,0.00,0.00,1.0,95830.0,95350.0,0.0,0.0,0.5,0.0,64.174,0.000,0.0,664717.5
2026-09-09T00:45:15,0.1,4238,1547350,1531951,0.3,0.00,0.99,0.00,3.94,0.00,0.00,0.00,1.0,95830.0,95350.0,0.0,0.0,0.5,0.0,64.141,0.000,0.0,645376.5
2026-09-09T00:45:17,0.1,4241,1547350,1531948,0.3,0.00,0.98,0.00,3.94,0.00,0.00,0.05,1.0,95830.0,95350.0,0.0,0.0,0.5,0.0,64.160,0.000,0.0,681952.0
2026-09-09T00:45:19,0.1,4242,1547350,1531947,0.3,0.00,0.93,0.00,3.73,0.00,0.00,0.00,1.0,95830.0,95350.0,0.0,0.0,0.5,0.0,64.136,0.000,0.0,652422.0
2026-09-09T00:45:21,0.1,4242,1547350,1531947,0.3,0.00,1.32,0.00,14.52,0.00,0.33,0.00,1.0,95830.0,95350.0,0.0,0.0,0.5,0.0,64.171,0.000,0.0,642412.5
2026-09-09T00:45:23,0.1,4244,1547350,1531945,0.3,0.00,1.00,0.00,4.00,0.00,0.00,0.00,1.0,95830.0,95350.0,0.0,0.0,0.5,0.0,64.166,0.000,0.0,664219.5
2026-09-09T00:45:25,0.2,4247,1547350,1531942,0.3,0.00,1.17,0.00,4.69,0.00,0.00,0.00,1.0,95830.0,95350.0,0.0,0.0,0.5,0.0,64.149,0.000,0.0,648811.5
2026-09-09T00:45:27,0.1,4248,1547350,1531941,0.3,0.00,0.93,0.00,3.73,0.00,0.00,0.00,1.0,95830.0,95350.0,0.0,0.0,0.5,0.0,64.146,0.000,0.0,649110.0
2026-09-09T00:45:29,0.1,4249,1547350,1531940,0.3,0.00,1.03,0.00,4.13,0.00,0.00,0.00,1.0,95830.0,95350.0,0.0,0.0,0.5,0.0,64.190,0.000,0.0,629035.5
2026-09-09T00:45:33,0.1,4250,1547350,1531939,0.3,0.00,2.00,0.00,9.13,0.00,0.14,0.00,1.0,95830.0,95350.0,0.0,0.0,0.5,0.0,64.177,0.000,0.0,625100.0
2026-09-09T00:45:36,0.1,4252,1547350,1531938,0.3,0.00,0.62,0.00,2.49,0.00,0.00,0.00,1.0,95830.0,95350.0,0.0,0.0,0.5,0.0,64.156,0.000,0.0,649460.5
2026-09-09T00:45:38,0.1,4253,1547350,1531937,0.3,0.00,1.20,0.00,4.81,0.00,0.00,0.00,1.0,95830.0,95350.0,0.0,0.0,0.5,0.0,64.184,0.000,0.0,637040.5
2026-09-09T00:45:40,0.1,4255,1547350,1531934,0.3,0.00,1.04,0.00,4.16,0.00,0.00,0.00,1.0,95830.0,95350.0,0.0,0.0,0.5,0.0,64.157,0.000,0.0,638928.5
2026-09-09T00:45:43,0.1,4256,1547350,1531933,0.3,0.00,2.11,0.00,8.45,0.00,0.00,0.04,1.0,95830.0,95350.0,0.0,0.0,0.5,0.0,64.203,0.000,0.0,642926.0
2026-09-09T00:45:45,0.1,4258,1547350,1531931,0.3,0.00,0.87,0.00,3.47,0.00,0.00,0.00,1.0,95830.0,95350.0,0.0,0.0,0.5,0.0,64.163,0.000,0.0,631444.0
2026-09-09T00:45:48,0.1,4258,1547350,1531931,0.3,0.00,0.61,0.00,2.45,0.00,0.00,0.00,1.0,95830.0,95350.0,0.0,0.0,0.5,0.0,64.180,0.000,0.0,627239.0
2026-09-09T00:45:51,0.1,4259,1547350,1531930,0.3,0.00,4.62,0.00,30.37,0.00,0.08,0.00,1.0,95830.0,95350.0,0.0,0.0,0.5,0.0,64.188,0.000,0.0,666679.0
2026-09-09T00:45:53,0.1,4260,1547350,1531930,0.3,0.00,0.81,0.00,3.26,0.00,0.00,0.00,1.0,95830.0,95350.0,0.0,0.0,0.5,0.0,64.194,0.000,0.0,678882.0
2026-09-09T00:45:56,0.1,4260,1547350,1531929,0.3,0.00,0.82,0.00,3.27,0.00,0.00,0.00,1.0,95830.0,95350.0,0.0,0.0,0.5,0.0,64.213,0.000,0.0,637266.0
2026-09-09T00:45:58,0.1,4261,1547350,1531928,0.3,0.00,0.86,0.00,3.43,0.00,0.50,0.04,1.0,95830.0,95350.0,0.0,0.0,0.5,0.0,64.183,0.000,0.0,671984.5
2026-09-09T00:46:00,0.1,4262,1547350,1531928,0.3,0.00,1.02,0.00,4.09,0.00,0.00,0.00,1.0,95830.0,95350.0,0.0,0.0,0.5,0.0,64.180,0.000,0.0,641958.0
2026-09-09T00:46:03,0.2,4266,1547350,1531924,0.3,0.00,0.80,0.00,3.19,0.00,0.00,0.00,1.0,95830.0,95350.0,0.0,0.0,0.5,0.0,64.196,0.000,0.0,642481.0
2026-09-09T00:46:05,0.2,4311,1547350,1531879,0.3,0.00,0.88,0.00,3.52,0.00,0.00,0.00,1.0,95830.0,95350.0,0.0,0.0,0.5,0.0,64.178,0.000,0.0,646372.5
2026-09-09T00:46:08,1.1,4339,1547350,1531850,0.3,0.00,0.67,0.00,2.69,0.00,0.00,0.00,1.0,95830.0,95350.0,0.0,0.0,0.5,0.0,64.166,0.000,0.0,639819.5
2026-09-09T00:46:10,0.2,4340,1547350,1531849,0.3,0.00,33.26,0.00,870.23,0.00,0.13,0.11,1.0,95830.0,95350.0,0.0,0.0,0.5,0.0,64.183,0.000,0.0,639819.5
2026-09-09T00:46:11,1.1,4367,1547350,1531822,0.3,0.00,615.29,0.00,9074.03,0.00,0.06,0.85,1.0,95830.0,95350.0,0.0,0.0,0.5,0.0,64.179,0.000,0.0,690639.0
2026-09-09T00:46:12,1.2,4347,1547350,1531842,0.3,0.00,1.75,0.00,7.00,0.00,0.50,0.00,1.0,95830.0,95350.0,0.0,0.0,0.5,0.0,64.208,0.000,0.0,670840.0
2026-09-09T00:46:13,1.1,4361,1547350,1531828,0.3,0.00,1.76,0.00,7.02,0.00,0.00,0.00,1.0,95830.0,95350.0,0.0,0.0,0.5,0.0,64.170,0.000,0.0,646432.0
2026-09-09T00:46:15,1.2,4349,1547350,1531840,0.3,0.00,853.94,0.00,11474.44,0.00,0.05,1.20,1.0,95830.0,95350.0,0.0,0.0,0.5,0.0,64.198,0.000,0.0,686126.5
2026-09-09T00:46:16,1.2,4350,1547350,1531840,0.3,0.00,1032.53,0.00,13914.51,0.00,0.05,1.25,1.0,95830.0,95350.0,0.0,0.0,0.5,0.0,64.166,0.000,0.0,686126.5
2026-09-09T00:46:18,1.1,4411,1547350,1531778,0.3,0.00,1.86,0.00,7.42,0.00,0.00,0.00,1.0,95830.0,95350.0,0.0,0.0,0.5,0.0,64.195,0.000,0.0,688195.5
2026-09-09T00:46:19,1.0,4276,1547350,1531913,0.3,0.00,20.30,0.00,564.29,0.00,0.05,0.10,1.0,95830.0,95350.0,0.0,0.0,0.5,0.0,64.202,0.000,0.0,654874.0
2026-09-09T00:46:22,0.2,4277,1547350,1531913,0.3,0.00,46.21,0.00,620.38,0.00,0.33,0.04,1.0,95830.0,95350.0,0.0,0.0,0.5,0.0,64.172,0.000,0.0,644304.0
2026-09-09T00:46:24,0.1,4276,1547350,1531913,0.3,0.00,1.10,0.00,4.38,0.00,0.00,0.05,1.0,95830.0,95350.0,0.0,0.0,0.5,0.0,64.171,0.000,0.0,651587.5
2026-09-09T00:46:25,0.1,4275,1547350,1531914,0.3,0.00,1.08,0.00,4.31,0.00,0.00,0.05,1.0,95830.0,95350.0,0.0,0.0,0.5,0.0,64.194,0.000,0.0,652589.5
2026-09-09T00:46:27,0.1,4276,1547350,1531913,0.3,0.00,1.16,0.00,4.63,0.00,0.00,0.00,1.0,95830.0,95350.0,0.0,0.0,0.5,0.0,64.174,0.000,0.0,668358.0
2026-09-09T00:46:28,0.2,4275,1547350,1531915,0.3,0.00,1.60,0.00,6.38,0.00,0.50,0.08,1.0,95830.0,95350.0,0.0,0.0,0.5,0.0,64.206,0.000,0.0,647754.0
2026-09-09T00:46:31,0.1,4275,1547350,1531914,0.3,0.00,0.85,0.00,3.40,0.00,0.00,0.00,1.0,95830.0,95350.0,0.0,0.0,0.5,0.0,64.154,0.000,0.0,638786.5
2026-09-09T00:46:33,0.1,4276,1547350,1531913,0.3,0.00,0.91,0.00,3.64,0.00,0.00,0.00,1.0,95830.0,95350.0,0.0,0.0,0.5,0.0,64.188,0.000,0.0,646996.5
2026-09-09T00:46:35,0.1,4278,1547350,1531911,0.3,0.00,1.02,0.00,4.09,0.00,0.00,0.00,1.0,95830.0,95350.0,0.0,0.0,0.5,0.0,64.174,0.000,0.0,694031.5
2026-09-09T00:46:37,0.2,4279,1547350,1531910,0.3,0.00,1.09,0.00,4.37,0.00,0.00,0.00,1.0,95830.0,95350.0,0.0,0.0,0.5,0.0,64.177,0.000,0.0,636090.0
2026-09-09T00:46:40,0.2,4282,1547350,1531907,0.3,0.00,0.71,0.00,2.86,0.00,0.00,0.00,1.0,95830.0,95350.0,0.0,0.0,0.5,0.0,64.166,0.000,0.0,676149.0
2026-09-09T00:46:41,0.2,4283,1547350,1531907,0.3,0.00,122.66,0.00,1985.38,0.00,0.12,0.32,1.0,95830.0,95350.0,0.0,0.0,0.5,0.0,64.147,0.000,0.0,665345.5
2026-09-09T00:46:42,0.2,4281,1547350,1531908,0.3,0.00,1.59,0.00,6.36,0.00,0.50,0.00,1.0,95830.0,95350.0,0.0,0.0,0.5,0.0,64.178,0.000,0.0,683422.0
2026-09-09T00:46:43,0.2,4283,1547350,1531906,0.3,0.00,1.94,0.00,7.77,0.00,0.00,0.10,1.0,95830.0,95350.0,0.0,0.0,0.5,0.0,64.184,0.000,0.0,659579.0
2026-09-09T00:46:45,0.1,4284,1547350,1531905,0.3,0.00,1.05,0.00,4.22,0.00,0.00,0.00,1.0,95830.0,95350.0,0.0,0.0,0.5,0.0,64.133,0.000,0.0,692756.5
2026-09-09T00:46:48,0.1,4285,1547350,1531905,0.3,0.00,0.74,0.00,2.96,0.00,0.00,0.00,1.0,95830.0,95350.0,0.0,0.0,0.5,0.0,64.138,0.000,0.0,638808.0
2026-09-09T00:46:50,0.1,4284,1547350,1531905,0.3,0.00,1.00,0.00,4.00,0.00,0.00,0.00,1.0,95830.0,95350.0,0.0,0.0,0.5,0.0,64.160,0.000,0.0,689998.5
2026-09-09T00:46:52,0.1,4285,1547350,1531904,0.3,0.00,3.55,0.00,29.75,0.00,0.00,0.04,1.0,95830.0,95350.0,0.0,0.0,0.5,0.0,64.178,0.000,0.0,644763.0
2026-09-09T00:46:54,0.1,4284,1547350,1531905,0.3,0.00,1.07,0.00,4.28,0.00,0.00,0.00,1.0,95830.0,95350.0,0.0,0.0,0.5,0.0,64.159,0.000,0.0,636585.0
2026-09-09T00:46:56,0.1,4285,1547350,1531904,0.3,0.00,0.81,0.00,3.23,0.00,0.00,0.04,1.0,95830.0,95350.0,0.0,0.0,0.5,0.0,64.142,0.000,0.0,654478.5
2026-09-09T00:46:58,0.2,4287,1547350,1531902,0.3,0.00,1.20,0.00,4.80,0.00,0.50,0.00,1.0,95830.0,95350.0,0.0,0.0,0.5,0.0,64.147,0.000,0.0,654478.5
2026-09-09T00:46:59,0.2,4287,1547350,1531902,0.3,0.00,2.20,0.00,8.79,0.00,0.00,0.00,1.0,95830.0,95350.0,0.0,0.0,0.5,0.0,64.156,0.000,0.0,686415.5
2026-09-09T00:47:01,0.1,4293,1547350,1531896,0.3,0.00,2.50,0.00,14.01,0.00,0.00,0.00,1.0,95830.0,95350.0,0.0,0.0,0.5,0.0,64.142,0.000,0.0,646215.0
2026-09-09T00:47:03,0.2,4293,1547350,1531896,0.3,0.00,0.86,0.00,3.46,0.00,0.00,0.00,1.0,95830.0,95350.0,0.0,0.0,0.5,0.0,64.154,0.000,0.0,653216.5
2026-09-09T00:47:05,0.2,4295,1547350,1531894,0.3,0.00,5.28,0.00,23.23,0.00,0.10,0.00,1.0,95830.0,95350.0,0.0,0.0,0.5,0.0,64.186,0.000,0.0,651642.5
2026-09-09T00:47:07,0.1,4297,1547350,1531893,0.3,0.00,0.95,0.00,3.79,0.00,0.00,0.00,1.0,95830.0,95350.0,0.0,0.0,0.5,0.0,64.150,0.000,0.0,652248.5
2026-09-09T00:47:09,0.2,4298,1547350,1531891,0.3,0.00,1.02,0.00,4.09,0.00,0.00,0.00,1.0,95830.0,95350.0,0.0,0.0,0.5,0.0,64.167,0.000,0.0,708634.5
2026-09-09T00:47:11,0.1,4299,1547350,1531891,0.3,0.00,1.11,0.00,4.45,0.00,0.00,0.00,1.0,95830.0,95350.0,0.0,0.0,0.5,0.0,64.144,0.000,0.0,673660.5
2026-09-09T00:47:12,0.2,4295,1547350,1531894,0.3,0.00,7.45,0.00,29.79,0.00,0.14,0.00,1.0,95830.0,95350.0,0.0,0.0,0.5,0.0,64.172,0.000,0.0,673660.5
2026-09-09T00:47:13,0.2,4295,1547350,1531894,0.3,0.00,2.12,0.00,8.49,0.00,0.00,0.00,1.0,95830.0,95350.0,0.0,0.0,0.5,0.0,64.146,0.000,0.0,728322.0
2026-09-09T00:47:14,0.2,4295,1547350,1531894,0.3,0.00,1.43,0.00,5.72,0.00,0.00,0.00,1.0,95830.0,95350.0,0.0,0.0,0.5,0.0,64.147,0.000,0.0,807589.5
2026-09-09T00:47:16,0.2,4298,1547350,1531891,0.3,0.00,1.27,0.00,5.08,0.00,0.00,0.00,1.0,95830.0,95350.0,0.0,0.0,0.5,0.0,64.143,0.000,0.0,807589.5
2026-09-09T00:47:16,0.3,4298,1547350,1531892,0.3,0.00,4.93,0.00,19.70,0.00,0.00,0.00,1.0,95830.0,95350.0,0.0,0.0,0.5,0.0,64.141,0.000,0.0,711977.0
2026-09-09T00:47:17,0.2,4299,1547350,1531891,0.3,0.00,3.58,0.00,14.34,0.00,0.00,0.00,1.0,95830.0,95350.0,0.0,0.0,0.5,0.0,64.141,0.000,0.0,650719.0
2026-09-09T00:47:19,0.1,4299,1547350,1531890,0.3,0.00,0.96,0.00,3.84,0.00,0.00,0.05,1.0,95830.0,95350.0,0.0,0.0,0.5,0.0,64.163,0.000,0.0,656516.5
2026-09-09T00:47:21,0.2,4299,1547350,1531890,0.3,0.00,18.06,0.00,153.80,0.00,0.14,0.00,1.0,95830.0,95350.0,0.0,0.0,0.5,0.0,64.137,0.000,0.0,650036.5
2026-09-09T00:47:23,0.1,4301,1547350,1531888,0.3,0.00,1.85,0.00,7.38,0.00,0.00,0.00,1.0,95830.0,95350.0,0.0,0.0,0.5,0.0,64.162,0.000,0.0,657271.5
2026-09-09T00:47:25,0.1,4302,1547350,1531887,0.3,0.00,0.98,0.00,3.92,0.00,0.00,0.00,1.0,95830.0,95350.0,0.0,0.0,0.5,0.0,64.137,0.000,0.0,670965.0
2026-09-09T00:47:27,0.2,4302,1547350,1531888,0.3,0.00,1.36,0.00,5.46,0.00,0.00,0.00,1.0,95830.0,95350.0,0.0,0.0,0.5,0.0,64.144,0.000,0.0,793463.0
2026-09-09T00:47:28,0.2,4303,1547350,1531887,0.3,0.00,1.69,0.00,6.75,0.00,0.00,0.00,1.0,95830.0,95350.0,0.0,0.0,0.5,0.0,64.143,0.000,0.0,717122.0
2026-09-09T00:47:30,0.1,4304,1547350,1531885,0.3,0.00,2.39,0.00,9.55,0.00,0.25,0.00,1.0,95830.0,95350.0,0.0,0.0,0.5,0.0,64.133,0.000,0.0,717122.0
2026-09-09T00:47:31,0.1,4303,1547350,1531886,0.3,0.00,1.72,0.00,6.86,0.00,0.00,0.00,1.0,95830.0,95350.0,0.0,0.0,0.5,0.0,64.129,0.000,0.0,657472.0
2026-09-09T00:47:33,0.2,4307,1547350,1531883,0.3,0.00,0.99,0.00,3.96,0.00,0.00,0.00,1.0,95830.0,95350.0,0.0,0.0,0.5,0.0,64.124,0.000,0.0,654788.0
2026-09-09T00:47:35,0.2,4308,1547350,1531881,0.3,0.00,2.15,0.00,8.60,0.00,0.00,0.00,1.0,95830.0,95350.0,0.0,0.0,0.5,0.0,64.138,0.000,0.0,646323.0
2026-09-09T00:47:36,0.1,4309,1547350,1531880,0.3,0.00,1.13,0.00,4.51,0.00,0.00,0.11,1.0,95830.0,95350.0,0.0,0.0,0.5,0.0,64.148,0.000,0.0,646993.0
2026-09-09T00:47:38,0.1,4312,1547350,1531878,0.3,0.00,1.00,0.00,4.01,0.00,0.00,0.00,1.0,95830.0,95350.0,0.0,0.0,0.5,0.0,64.142,0.000,0.0,656344.0
2026-09-09T00:47:40,0.2,4313,1547350,1531876,0.3,0.00,2.39,0.00,9.55,0.00,0.00,0.00,1.0,95830.0,95350.0,0.0,0.0,0.5,0.0,64.145,0.000,0.0,656960.0
2026-09-09T00:47:42,0.2,4312,1547350,1531877,0.3,0.00,1.24,0.00,4.94,0.00,0.50,0.06,1.0,95830.0,95350.0,0.0,0.0,0.5,0.0,64.142,0.000,0.0,638717.0
2026-09-09T00:47:44,0.1,4313,1547350,1531876,0.3,0.00,0.75,0.00,2.98,0.00,0.00,0.00,1.0,95830.0,95350.0,0.0,0.0,0.5,0.0,64.147,0.000,0.0,646526.5
2026-09-09T00:47:46,0.1,4315,1547350,1531874,0.3,0.00,2.77,0.00,11.10,0.00,0.00,0.00,1.0,95830.0,95350.0,0.0,0.0,0.5,0.0,64.133,0.000,0.0,654239.0
2026-09-09T00:47:48,0.1,4316,1547350,1531874,0.3,0.00,1.33,0.00,5.32,0.00,0.00,0.00,1.0,95830.0,95350.0,0.0,0.0,0.5,0.0,64.113,0.000,0.0,646601.0
2026-09-09T00:47:50,0.1,4317,1547350,1531872,0.3,0.00,7.78,0.00,75.55,0.00,0.12,0.05,1.0,95830.0,95350.0,0.0,0.0,0.5,0.0,64.159,0.000,0.0,646831.0
2026-09-09T00:47:53,0.1,4318,1547350,1531871,0.3,0.00,1.83,0.00,7.30,0.00,0.00,0.04,1.0,95830.0,95350.0,0.0,0.0,0.5,0.0,64.126,0.000,0.0,642972.0
2026-09-09T00:47:55,0.1,4318,1547350,1531871,0.3,0.00,0.68,0.00,2.73,0.00,0.00,0.00,1.0,95830.0,95350.0,0.0,0.0,0.5,0.0,64.133,0.000,0.0,640666.0
2026-09-09T00:47:58,0.1,4320,1547350,1531869,0.3,0.00,1.95,0.00,11.70,0.00,0.00,0.05,1.0,95830.0,95350.0,0.0,0.0,0.5,0.0,64.129,0.000,0.0,643427.5
2026-09-09T00:48:00,0.1,4325,1547350,1531864,0.3,0.00,0.82,0.00,3.28,0.00,0.00,0.00,1.0,95830.0,95350.0,0.0,0.0,0.5,0.0,64.118,0.000,0.0,640161.0
2026-09-09T00:48:02,0.2,4323,1547350,1531866,0.3,0.00,5.15,0.00,22.66,0.00,0.10,0.00,1.0,95830.0,95350.0,0.0,0.0,0.5,0.0,64.120,0.000,0.0,644633.0
2026-09-09T00:48:05,0.1,4324,1547350,1531865,0.3,0.00,0.71,0.00,2.83,0.00,0.00,0.00,1.0,95830.0,95350.0,0.0,0.0,0.5,0.0,64.132,0.000,0.0,656017.0
2026-09-09T00:48:06,0.2,4325,1547350,1531864,0.3,0.00,1.42,0.00,5.67,0.00,0.00,0.00,1.0,95830.0,95350.0,0.0,0.0,0.5,0.0,64.115,0.000,0.0,634646.5
2026-09-09T00:48:09,0.1,4325,1547350,1531864,0.3,0.00,1.32,0.00,5.29,0.00,0.25,0.00,1.0,95830.0,95350.0,0.0,0.0,0.5,0.0,64.124,0.000,0.0,638253.5
2026-09-09T00:48:12,0.1,4325,1547350,1531864,0.3,0.00,0.74,0.00,2.96,0.00,0.00,0.00,1.0,95830.0,95350.0,0.0,0.0,0.5,0.0,64.130,0.000,0.0,729599.0
2026-09-09T00:48:14,0.1,4324,1547350,1531865,0.3,0.00,3.72,0.00,17.02,0.00,0.00,0.00,1.0,95830.0,95350.0,0.0,0.0,0.5,0.0,64.136,0.000,0.0,638913.5
2026-09-09T00:48:16,0.1,4326,1547350,1531863,0.3,0.00,1.04,0.00,4.15,0.00,0.00,0.00,1.0,95830.0,95350.0,0.0,0.0,0.5,0.0,64.112,0.000,0.0,638913.5
2026-09-09T00:48:16,0.2,4326,1547350,1531863,0.3,0.00,2.60,0.00,10.42,0.00,0.50,0.00,1.0,95830.0,95350.0,0.0,0.0,0.5,0.0,64.108,0.000,0.0,677390.5
2026-09-09T00:48:18,0.1,4326,1547350,1531863,0.3,0.00,1.18,0.00,4.73,0.00,0.00,0.00,1.0,95830.0,95350.0,0.0,0.0,0.5,0.0,64.115,0.000,0.0,659812.5
2026-09-09T00:48:20,0.1,4325,1547350,1531864,0.3,0.00,2.04,0.00,8.16,0.00,0.00,0.00,1.0,95830.0,95350.0,0.0,0.0,0.5,0.0,64.114,0.000,0.0,678515.5
2026-09-09T00:48:21,0.2,4326,1547350,1531863,0.3,0.00,4.73,0.00,47.93,0.00,0.00,0.00,1.0,95830.0,95350.0,0.0,0.0,0.5,0.0,64.138,0.000,0.0,644192.0
2026-09-09T00:48:23,0.1,4327,1547350,1531862,0.3,0.00,0.85,0.00,3.39,0.00,0.00,0.00,1.0,95830.0,95350.0,0.0,0.0,0.5,0.0,64.134,0.000,0.0,654136.5
2026-09-09T00:48:25,0.1,4328,1547350,1531861,0.3,0.00,1.17,0.00,4.68,0.00,0.00,0.00,1.0,95830.0,95350.0,0.0,0.0,0.5,0.0,64.130,0.000,0.0,650136.5
2026-09-09T00:48:27,0.2,4329,1547350,1531860,0.3,0.00,2.19,0.00,8.77,0.00,0.00,0.00,1.0,95830.0,95350.0,0.0,0.0,0.5,0.0,64.127,0.000,0.0,703345.5
2026-09-09T00:48:29,0.1,4329,1547350,1531860,0.3,0.00,1.05,0.00,4.21,0.00,0.50,0.00,1.0,95830.0,95350.0,0.0,0.0,0.5,0.0,64.119,0.000,0.0,659504.0
2026-09-09T00:48:30,0.1,4330,1547350,1531859,0.3,0.00,2.48,0.00,9.91,0.00,0.00,0.00,1.0,95830.0,95350.0,0.0,0.0,0.5,0.0,64.115,0.000,0.0,628495.0
2026-09-09T00:48:33,0.1,4334,1547350,1531855,0.3,0.00,0.75,0.00,3.00,0.00,0.00,0.00,1.0,95830.0,95350.0,0.0,0.0,0.5,0.0,64.129,0.000,0.0,675022.5
2026-09-09T00:48:35,0.2,4336,1547350,1531853,0.3,0.00,1.16,0.00,4.64,0.00,0.00,0.00,1.0,95830.0,95350.0,0.0,0.0,0.5,0.0,64.120,0.000,0.0,660900.5
2026-09-09T00:48:36,0.1,4335,1547350,1531854,0.3,0.00,3.01,0.00,12.05,0.00,0.00,0.00,1.0,95830.0,95350.0,0.0,0.0,0.5,0.0,64.109,0.000,0.0,658377.0
2026-09-09T00:48:37,0.2,4337,1547350,1531853,0.3,0.00,1.43,0.00,5.74,0.00,0.00,0.00,1.0,95830.0,95350.0,0.0,0.0,0.5,0.0,64.128,0.000,0.0,647633.0
2026-09-09T00:48:40,0.1,4338,1547350,1531852,0.3,0.00,0.86,0.00,3.45,0.00,0.00,0.00,1.0,95830.0,95350.0,0.0,0.0,0.5,0.0,64.166,0.000,0.0,648160.5
2026-09-09T00:48:42,0.1,4338,1547350,1531851,0.3,0.00,1.88,0.00,7.53,0.00,0.25,0.00,1.0,95830.0,95350.0,0.0,0.0,0.5,0.0,64.115,0.000,0.0,677252.0
2026-09-09T00:48:43,0.2,4339,1547350,1531850,0.3,0.00,1.95,0.00,7.81,0.00,0.00,0.00,1.0,95830.0,95350.0,0.0,0.0,0.5,0.0,64.118,0.000,0.0,663370.5
2026-09-09T00:48:44,0.1,4339,1547350,1531850,0.3,0.00,1.46,0.00,5.82,0.00,0.00,0.00,1.0,95830.0,95350.0,0.0,0.0,0.5,0.0,64.105,0.000,0.0,633456.5
2026-09-09T00:48:46,0.1,4339,1547350,1531850,0.3,0.00,1.03,0.00,4.12,0.00,0.00,0.05,1.0,95830.0,95350.0,0.0,0.0,0.5,0.0,64.129,0.000,0.0,633456.5
2026-09-09T00:48:47,0.3,4340,1547350,1531849,0.3,0.00,8.03,0.00,32.10,0.00,0.00,0.00,1.0,95830.0,95350.0,0.0,0.0,0.5,0.0,64.136,0.000,0.0,673362.5
2026-09-09T00:48:50,0.1,4341,1547350,1531848,0.3,0.00,0.74,0.00,2.96,0.00,0.00,0.00,1.0,95830.0,95350.0,0.0,0.0,0.5,0.0,64.124,0.000,0.0,742258.5
2026-09-09T00:48:51,0.2,4340,1547350,1531849,0.3,0.00,11.32,0.00,101.86,0.00,0.07,0.00,1.0,95830.0,95350.0,0.0,0.0,0.5,0.0,64.125,0.000,0.0,656845.0
2026-09-09T00:48:52,0.1,4341,1547350,1531849,0.3,0.00,2.51,0.00,10.05,0.00,0.00,0.00,1.0,95830.0,95350.0,0.0,0.0,0.5,0.0,64.106,0.000,0.0,648832.5
2026-09-09T00:48:55,0.1,4341,1547350,1531848,0.3,0.00,0.81,0.00,3.26,0.00,0.50,0.00,1.0,95830.0,95350.0,0.0,0.0,0.5,0.0,64.109,0.000,0.0,643041.0
2026-09-09T00:48:57,0.3,4345,1547350,1531844,0.3,0.00,1.07,0.00,4.29,0.00,0.00,0.00,1.0,95830.0,95350.0,0.0,0.0,0.5,0.0,64.148,0.000,0.0,636671.5
2026-09-09T00:48:59,0.1,4348,1547350,1531841,0.3,0.00,1.49,0.00,5.98,0.00,0.00,0.00,1.0,95830.0,95350.0,0.0,0.0,0.5,0.0,64.138,0.000,0.0,660222.0
2026-09-09T00:49:01,0.2,4353,1547350,1531836,0.3,0.00,1.52,0.00,6.06,0.00,0.00,0.00,1.0,95830.0,95350.0,0.0,0.0,0.5,0.0,64.127,0.000,0.0,636692.0
2026-09-09T00:49:03,0.1,4352,1547350,1531837,0.3,0.00,0.83,0.00,3.30,0.00,0.00,0.00,1.0,95830.0,95350.0,0.0,0.0,0.5,0.0,64.116,0.000,0.0,663224.5
2026-09-09T00:49:05,0.1,4352,1547350,1531837,0.3,0.00,4.33,0.00,20.79,0.00,0.10,0.00,1.0,95830.0,95350.0,0.0,0.0,0.5,0.0,64.135,0.000,0.0,635499.5
2026-09-09T00:49:08,0.1,4353,1547350,1531836,0.3,0.00,0.71,0.00,2.84,0.00,0.00,0.00,1.0,95830.0,95350.0,0.0,0.0,0.5,0.0,64.111,0.000,0.0,644038.0
2026-09-09T00:49:10,0.1,4352,1547350,1531838,0.3,0.00,2.00,0.00,8.02,0.00,0.00,0.00,1.0,95830.0,95350.0,0.0,0.0,0.5,0.0,64.109,0.000,0.0,644215.5
2026-09-09T00:49:12,0.2,4352,1547350,1531837,0.3,0.00,1.00,0.00,3.98,0.00,0.00,0.00,1.0,95830.0,95350.0,0.0,0.0,0.5,0.0,64.125,0.000,0.0,656904.0
2026-09-09T00:49:14,0.2,4354,1547350,1531836,0.3,0.00,1.27,0.00,5.08,0.00,0.00,0.00,1.0,95830.0,95350.0,0.0,0.0,0.5,0.0,64.112,0.000,0.0,678159.5
2026-09-09T00:49:15,0.1,4354,1547350,1531835,0.3,0.00,5.34,0.00,21.36,0.00,0.14,0.00,1.0,95830.0,95350.0,0.0,0.0,0.5,0.0,64.142,0.000,0.0,722098.5
2026-09-09T00:49:17,0.1,4354,1547350,1531835,0.3,0.00,0.95,0.00,3.79,0.00,0.00,0.05,1.0,95830.0,95350.0,0.0,0.0,0.5,0.0,64.127,0.000,0.0,635991.0
2026-09-09T00:49:21,0.1,4355,1547350,1531834,0.3,0.00,6.70,0.00,38.13,0.00,0.08,0.00,1.0,95830.0,95350.0,0.0,0.0,0.5,0.0,64.100,0.000,0.0,643898.5
2026-09-09T00:49:23,0.2,4355,1547350,1531834,0.3,0.00,1.90,0.00,7.61,0.00,0.00,0.00,1.0,95830.0,95350.0,0.0,0.0,0.5,0.0,64.135,0.000,0.0,692030.0
2026-09-09T00:49:24,0.2,4355,1547350,1531834,0.3,0.00,2.57,0.00,10.30,0.00,0.50,0.00,1.0,95830.0,95350.0,0.0,0.0,0.5,0.0,64.121,0.000,0.0,679512.0
2026-09-09T00:49:25,0.2,4355,1547350,1531834,0.3,0.00,1.77,0.00,7.06,0.00,0.00,0.00,1.0,95830.0,95350.0,0.0,0.0,0.5,0.0,64.108,0.000,0.0,677394.0
2026-09-09T00:49:26,0.1,4355,1547350,1531834,0.3,0.00,1.22,0.00,4.90,0.00,0.00,0.00,1.0,95830.0,95350.0,0.0,0.0,0.5,0.0,64.123,0.000,0.0,647795.5
2026-09-09T00:49:29,0.1,4358,1547350,1531831,0.3,0.00,1.96,0.00,7.83,0.00,0.00,0.00,1.0,95830.0,95350.0,0.0,0.0,0.5,0.0,64.131,0.000,0.0,625298.5
2026-09-09T00:49:34,0.0,4359,1547350,1531830,0.3,0.00,1.05,0.00,4.21,0.00,0.00,0.00,1.0,95830.0,95350.0,0.0,0.0,0.5,0.0,64.141,0.000,0.0,609988.0
2026-09-09T00:49:44,0.0,4360,1547350,1531829,0.3,0.00,0.41,0.00,1.65,0.00,0.00,0.00,1.0,95830.0,95350.0,0.0,0.0,0.5,0.0,64.118,0.000,0.0,648374.0
2026-09-09T00:49:48,0.0,4359,1547350,1531830,0.3,0.00,4.37,0.00,38.26,0.00,0.11,0.00,1.0,95830.0,95350.0,0.0,0.0,0.5,0.0,64.126,0.000,0.0,647876.0
2026-09-09T00:49:59,0.0,4363,1547350,1531826,0.3,0.00,1.09,0.00,4.73,0.00,0.08,0.01,1.0,95830.0,95350.0,0.0,0.0,0.5,0.0,64.140,0.000,0.0,610824.0
2026-09-09T00:50:09,0.0,4360,1547350,1531830,0.3,0.00,0.85,0.00,4.24,0.00,0.12,0.01,1.0,95830.0,95350.0,0.0,0.0,0.5,0.0,64.114,0.000,0.0,614382.0
2026-09-09T00:50:17,0.0,4360,1547350,1531829,0.3,0.00,0.47,0.00,1.88,0.00,0.00,0.00,1.0,95830.0,95350.0,0.0,0.0,0.5,0.0,64.132,0.000,0.0,624326.5
2026-09-09T00:50:23,0.0,4360,1547350,1531829,0.3,0.00,1.10,0.00,8.81,0.00,0.00,0.00,1.0,95830.0,95350.0,0.0,0.0,0.5,0.0,64.148,0.000,0.0,613849.5
2026-09-09T00:50:29,0.0,4361,1547350,1531828,0.3,0.00,0.34,0.00,1.34,0.00,0.50,0.02,1.0,95830.0,95350.0,0.0,0.0,0.5,0.0,64.130,0.000,0.0,648071.5
2026-09-09T00:50:31,0.1,4360,1547350,1531829,0.3,0.00,1.98,0.00,7.92,0.00,0.00,0.00,1.0,95830.0,95350.0,0.0,0.0,0.5,0.0,64.112,0.000,0.0,647054.0
2026-09-09T00:50:33,0.1,4360,1547350,1531829,0.3,0.00,0.98,0.00,3.92,0.00,0.00,0.00,1.0,95830.0,95350.0,0.0,0.0,0.5,0.0,64.124,0.000,0.0,616168.0
2026-09-09T00:50:39,0.0,4361,1547350,1531828,0.3,0.00,0.94,0.00,3.75,0.00,0.00,0.00,1.0,95830.0,95350.0,0.0,0.0,0.5,0.0,64.117,0.000,0.0,623137.5
2026-09-09T00:50:47,0.0,4361,1547350,1531828,0.3,0.00,0.48,0.00,1.92,0.00,0.00,0.00,1.0,95830.0,95350.0,0.0,0.0,0.5,0.0,64.137,0.000,0.0,614703.0
2026-09-09T00:50:52,0.1,4362,1547350,1531827,0.3,0.00,0.43,0.00,1.73,0.00,0.50,0.00,1.0,95830.0,95350.0,0.0,0.0,0.5,0.0,64.129,0.000,0.0,614703.0
2026-09-09T00:50:53,0.2,4363,1547350,1531826,0.3,0.00,37.99,0.00,272.05,0.00,0.07,0.14,1.0,95830.0,95350.0,0.0,0.0,0.5,0.0,64.118,0.000,0.0,869996.5
2026-09-09T00:50:53,0.3,4363,1547350,1531826,0.3,0.00,7.27,0.00,29.09,0.00,0.00,0.00,1.0,95830.0,95350.0,0.0,0.0,0.5,0.0,64.126,0.000,0.0,869996.5
2026-09-09T00:50:53,0.4,4362,1547350,1531827,0.3,0.00,5.95,0.00,23.81,0.00,0.00,0.00,1.0,95830.0,95350.0,0.0,0.0,0.5,0.0,64.145,0.000,0.0,869996.5
2026-09-09T00:50:54,0.3,4363,1547350,1531827,0.3,0.00,6.51,0.00,26.06,0.00,0.00,0.33,1.0,95830.0,95350.0,0.0,0.0,0.5,0.0,64.139,0.000,0.0,869996.5
2026-09-09T00:50:54,0.3,4363,1547350,1531827,0.3,0.00,4.74,0.00,18.96,0.00,0.00,0.24,1.0,95830.0,95350.0,0.0,0.0,0.5,0.0,64.127,0.000,0.0,873183.5
2026-09-09T00:50:54,0.3,4362,1547350,1531827,0.3,0.00,6.41,0.00,25.64,0.00,0.50,0.00,1.0,95830.0,95350.0,0.0,0.0,0.5,0.0,64.121,0.000,0.0,873183.5
2026-09-09T00:50:55,0.4,4363,1547350,1531826,0.3,0.00,6.39,0.00,25.56,0.00,0.00,0.00,1.0,95830.0,95350.0,0.0,0.0,0.5,0.0,64.148,0.000,0.0,873183.5
2026-09-09T00:50:55,0.2,4363,1547350,1531826,0.3,0.00,3.72,0.00,14.90,0.00,0.00,0.00,1.0,95830.0,95350.0,0.0,0.0,0.5,0.0,64.146,0.000,0.0,861991.0
2026-09-09T00:50:56,0.3,4362,1547350,1531827,0.3,0.00,7.12,0.00,28.47,0.00,0.00,0.36,1.0,95830.0,95350.0,0.0,0.0,0.5,0.0,64.130,0.000,0.0,861991.0
2026-09-09T00:50:56,0.3,4362,1547350,1531827,0.3,0.00,6.10,0.00,24.39,0.00,0.00,0.00,1.0,95830.0,95350.0,0.0,0.0,0.5,0.0,64.107,0.000,0.0,861991.0
2026-09-09T00:50:56,0.3,4362,1547350,1531827,0.3,0.00,6.27,0.00,25.08,0.00,0.00,0.00,1.0,95830.0,95350.0,0.0,0.0,0.5,0.0,64.117,0.000,0.0,872840.5
2026-09-09T00:50:57,0.3,4362,1547350,1531827,0.3,0.00,5.52,0.00,22.10,0.00,0.00,0.00,1.0,95830.0,95350.0,0.0,0.0,0.5,0.0,64.120,0.000,0.0,661437.0
2026-09-09T00:50:58,0.1,4361,1547350,1531828,0.3,0.00,2.30,0.00,9.21,0.00,0.00,0.06,1.0,95830.0,95350.0,0.0,0.0,0.5,0.0,64.123,0.000,0.0,661437.0
2026-09-09T00:50:59,0.2,4361,1547350,1531828,0.3,0.00,3.04,0.00,12.16,0.00,0.00,0.00,1.0,95830.0,95350.0,0.0,0.0,0.5,0.0,64.119,0.000,0.0,687801.0
2026-09-09T00:51:00,0.2,4366,1547350,1531824,0.3,0.00,1.39,0.00,5.54,0.00,0.00,0.00,1.0,95830.0,95350.0,0.0,0.0,0.5,0.0,64.150,0.000,0.0,687801.0
2026-09-09T00:51:01,0.3,4364,1547350,1531825,0.3,0.00,2.04,0.00,8.17,0.00,0.50,0.00,1.0,95830.0,95350.0,0.0,0.0,0.5,0.0,64.135,0.000,0.0,673052.5
2026-09-09T00:51:03,0.1,4364,1547350,1531825,0.3,0.00,6.05,0.00,26.60,0.00,0.10,0.00,1.0,95830.0,95350.0,0.0,0.0,0.5,0.0,64.118,0.000,0.0,673052.5
2026-09-09T00:51:04,0.3,4364,1547350,1531826,0.3,0.00,4.21,0.00,16.84,0.00,0.00,0.00,1.0,95830.0,95350.0,0.0,0.0,0.5,0.0,64.123,0.000,0.0,796651.5
2026-09-09T00:51:05,0.2,4365,1547350,1531824,0.3,0.00,1.89,0.00,7.57,0.00,0.00,0.09,1.0,95830.0,95350.0,0.0,0.0,0.5,0.0,64.143,0.000,0.0,796651.5
2026-09-09T00:51:06,0.1,4366,1547350,1531823,0.3,0.00,2.16,0.00,8.65,0.00,0.00,0.00,1.0,95830.0,95350.0,0.0,0.0,0.5,0.0,64.151,0.000,0.0,679827.5
2026-09-09T00:51:07,0.2,4365,1547350,1531824,0.3,0.00,1.49,0.00,5.96,0.00,0.00,0.00,1.0,95830.0,95350.0,0.0,0.0,0.5,0.0,64.140,0.000,0.0,679827.5
2026-09-09T00:51:08,0.2,4365,1547350,1531824,0.3,0.00,3.28,0.00,13.10,0.00,0.25,0.00,1.0,95830.0,95350.0,0.0,0.0,0.5,0.0,64.119,0.000,0.0,697240.5
2026-09-09T00:51:10,0.1,4366,1547350,1531823,0.3,0.00,0.88,0.00,3.51,0.00,0.00,0.00,1.0,95830.0,95350.0,0.0,0.0,0.5,0.0,64.123,0.000,0.0,795961.0
2026-09-09T00:51:11,0.3,4364,1547350,1531825,0.3,0.00,4.46,0.00,17.86,0.00,0.00,0.00,1.0,95830.0,95350.0,0.0,0.0,0.5,0.0,64.129,0.000,0.0,795961.0
2026-09-09T00:51:12,0.2,4365,1547350,1531825,0.3,0.00,2.16,0.00,8.62,0.00,0.00,0.00,1.0,95830.0,95350.0,0.0,0.0,0.5,0.0,64.133,0.000,0.0,724469.0
2026-09-09T00:51:13,0.1,4365,1547350,1531824,0.3,0.00,1.36,0.00,5.42,0.00,0.00,0.00,1.0,95830.0,95350.0,0.0,0.0,0.5,0.0,64.138,0.000,0.0,693357.5
2026-09-09T00:51:15,0.1,4364,1547350,1531825,0.3,0.00,4.41,0.00,17.65,0.00,0.00,0.00,1.0,95830.0,95350.0,0.0,0.0,0.5,0.0,64.117,0.000,0.0,705992.5
2026-09-09T00:51:16,0.2,4364,1547350,1531825,0.3,0.00,1.47,0.00,5.87,0.00,0.00,0.00,1.0,95830.0,95350.0,0.0,0.0,0.5,0.0,64.129,0.000,0.0,705992.5
2026-09-09T00:51:17,0.2,4363,1547350,1531826,0.3,0.00,3.55,0.00,14.21,0.00,0.00,0.18,1.0,95830.0,95350.0,0.0,0.0,0.5,0.0,64.109,0.000,0.0,760118.0
2026-09-09T00:51:17,0.2,4363,1547350,1531826,0.3,0.00,2.53,0.00,10.13,0.00,0.50,0.00,1.0,95830.0,95350.0,0.0,0.0,0.5,0.0,64.142,0.000,0.0,656996.0
2026-09-09T00:51:18,0.2,4362,1547350,1531827,0.3,0.00,1.85,0.00,7.41,0.00,0.00,0.09,1.0,95830.0,95350.0,0.0,0.0,0.5,0.0,64.135,0.000,0.0,669736.0
2026-09-09T00:51:20,0.1,4362,1547350,1531827,0.3,0.00,2.35,0.00,9.40,0.00,0.00,0.00,1.0,95830.0,95350.0,0.0,0.0,0.5,0.0,64.129,0.000,0.0,681646.5
2026-09-09T00:51:22,0.1,4362,1547350,1531828,0.3,0.00,1.08,0.00,4.31,0.00,0.00,0.00,1.0,95830.0,95350.0,0.0,0.0,0.5,0.0,64.127,0.000,0.0,681646.5
2026-09-09T00:51:23,0.2,4363,1547350,1531826,0.3,0.00,5.17,0.00,56.20,0.00,0.00,0.00,1.0,95830.0,95350.0,0.0,0.0,0.5,0.0,64.137,0.000,0.0,720622.0
2026-09-09T00:51:24,0.2,4364,1547350,1531825,0.3,0.00,2.50,0.00,10.00,0.00,0.00,0.00,1.0,95830.0,95350.0,0.0,0.0,0.5,0.0,64.118,0.000,0.0,654584.0
2026-09-09T00:51:25,0.1,4364,1547350,1531826,0.3,0.00,2.92,0.00,11.70,0.00,0.20,0.00,1.0,95830.0,95350.0,0.0,0.0,0.5,0.0,64.135,0.000,0.0,731456.5
2026-09-09T00:51:26,0.1,4363,1547350,1531826,0.3,0.00,1.66,0.00,6.65,0.00,0.00,0.00,1.0,95830.0,95350.0,0.0,0.0,0.5,0.0,64.151,0.000,0.0,654991.5
2026-09-09T00:51:28,0.1,4363,1547350,1531826,0.3,0.00,1.10,0.00,4.42,0.00,0.00,0.00,1.0,95830.0,95350.0,0.0,0.0,0.5,0.0,64.129,0.000,0.0,684567.0
2026-09-09T00:51:30,0.1,4364,1547350,1531826,0.3,0.00,1.25,0.00,5.01,0.00,0.00,0.06,1.0,95830.0,95350.0,0.0,0.0,0.5,0.0,64.129,0.000,0.0,684567.0
2026-09-09T00:51:31,0.2,4363,1547350,1531826,0.3,0.00,2.96,0.00,11.85,0.00,0.00,0.00,1.0,95830.0,95350.0,0.0,0.0,0.5,0.0,64.132,0.000,0.0,683301.5
2026-09-09T00:51:32,0.1,4363,1547350,1531826,0.3,0.00,2.36,0.00,9.44,0.00,0.00,0.00,1.0,95830.0,95350.0,0.0,0.0,0.5,0.0,64.132,0.000,0.0,664170.5
2026-09-09T00:51:34,0.1,4363,1547350,1531826,0.3,0.00,1.53,0.00,6.11,0.00,0.00,0.00,1.0,95830.0,95350.0,0.0,0.0,0.5,0.0,64.127,0.000,0.0,682232.0
2026-09-09T00:51:35,0.1,4362,1547350,1531827,0.3,0.00,1.43,0.00,5.72,0.00,0.00,0.00,1.0,95830.0,95350.0,0.0,0.0,0.5,0.0,64.134,0.000,0.0,643453.5
2026-09-09T00:51:37,0.1,4362,1547350,1531827,0.3,0.00,1.68,0.00,6.71,0.00,0.25,0.00,1.0,95830.0,95350.0,0.0,0.0,0.5,0.0,64.148,0.000,0.0,643453.5
2026-09-09T00:51:38,0.2,4362,1547350,1531827,0.3,0.00,2.72,0.00,10.90,0.00,0.00,0.00,1.0,95830.0,95350.0,0.0,0.0,0.5,0.0,64.141,0.000,0.0,675570.0
2026-09-09T00:51:40,0.1,4363,1547350,1531826,0.3,0.00,1.13,0.00,4.52,0.00,0.00,0.00,1.0,95830.0,95350.0,0.0,0.0,0.5,0.0,64.117,0.000,0.0,692077.0
2026-09-09T00:51:41,0.2,4363,1547350,1531826,0.3,0.00,1.97,0.00,7.88,0.00,0.00,0.00,1.0,95830.0,95350.0,0.0,0.0,0.5,0.0,64.144,0.000,0.0,651307.0
2026-09-09T00:51:43,0.1,4363,1547350,1531826,0.3,0.00,1.67,0.00,6.66,0.00,0.00,0.00,1.0,95830.0,95350.0,0.0,0.0,0.5,0.0,64.116,0.000,0.0,671384.5
2026-09-09T00:51:44,0.1,4363,1547350,1531826,0.3,0.00,2.18,0.00,8.72,0.00,0.00,0.00,1.0,95830.0,95350.0,0.0,0.0,0.5,0.0,64.131,0.000,0.0,671384.5
2026-09-09T00:51:45,0.2,4363,1547350,1531827,0.3,0.00,2.16,0.00,8.64,0.00,0.00,0.00,1.0,95830.0,95350.0,0.0,0.0,0.5,0.0,64.143,0.000,0.0,708013.0
2026-09-09T00:51:46,0.1,4362,1547350,1531828,0.3,0.00,1.88,0.00,7.52,0.00,0.00,0.00,1.0,95830.0,95350.0,0.0,0.0,0.5,0.0,64.151,0.000,0.0,705321.0
2026-09-09T00:51:49,0.1,4362,1547350,1531827,0.3,0.00,1.66,0.00,6.66,0.00,0.25,0.00,1.0,95830.0,95350.0,0.0,0.0,0.5,0.0,64.121,0.000,0.0,772767.0
2026-09-09T00:51:49,0.2,4361,1547350,1531828,0.3,0.00,2.25,0.00,9.00,0.00,0.00,0.00,1.0,95830.0,95350.0,0.0,0.0,0.5,0.0,64.130,0.000,0.0,681139.5
2026-09-09T00:51:51,0.2,4361,1547350,1531828,0.3,0.00,1.50,0.00,6.02,0.00,0.00,0.08,1.0,95830.0,95350.0,0.0,0.0,0.5,0.0,64.136,0.000,0.0,652140.0
2026-09-09T00:51:53,0.1,4362,1547350,1531827,0.3,0.00,12.33,0.00,95.84,0.00,0.08,0.00,1.0,95830.0,95350.0,0.0,0.0,0.5,0.0,64.148,0.000,0.0,694807.5
2026-09-09T00:51:54,0.1,4362,1547350,1531827,0.3,0.00,2.73,0.00,10.91,0.00,0.00,0.00,1.0,95830.0,95350.0,0.0,0.0,0.5,0.0,64.158,0.000,0.0,661993.0
2026-09-09T00:51:56,0.1,4362,1547350,1531827,0.3,0.00,1.02,0.00,4.08,0.00,0.00,0.00,1.0,95830.0,95350.0,0.0,0.0,0.5,0.0,64.132,0.000,0.0,675744.0
2026-09-09T00:51:57,0.2,4362,1547350,1531827,0.3,0.00,1.65,0.00,6.58,0.00,0.00,0.00,1.0,95830.0,95350.0,0.0,0.0,0.5,0.0,64.127,0.000,0.0,752830.5
2026-09-09T00:51:58,0.2,4363,1547350,1531827,0.3,0.00,1.98,0.00,7.92,0.00,0.00,0.00,1.0,95830.0,95350.0,0.0,0.0,0.5,0.0,64.143,0.000,0.0,752830.5
2026-09-09T00:51:59,0.2,4362,1547350,1531827,0.3,0.00,4.56,0.00,18.23,0.00,0.20,0.00,1.0,95830.0,95350.0,0.0,0.0,0.5,0.0,64.130,0.000,0.0,695795.0
2026-09-09T00:52:02,0.2,4366,1547350,1531823,0.3,0.00,0.94,0.00,3.75,0.00,0.00,0.00,1.0,95830.0,95350.0,0.0,0.0,0.5,0.0,64.145,0.000,0.0,756867.0
2026-09-09T00:52:03,0.1,4367,1547350,1531822,0.3,0.00,1.19,0.00,4.75,0.00,0.00,0.00,1.0,95830.0,95350.0,0.0,0.0,0.5,0.0,64.144,0.000,0.0,813065.5
2026-09-09T00:52:04,0.2,4367,1547350,1531823,0.3,0.00,10.18,0.00,44.81,0.00,0.10,0.00,1.0,95830.0,95350.0,0.0,0.0,0.5,0.0,64.142,0.000,0.0,650734.5
2026-09-09T00:52:06,0.1,4366,1547350,1531823,0.3,0.00,0.89,0.00,3.54,0.00,0.00,0.04,1.0,95830.0,95350.0,0.0,0.0,0.5,0.0,64.152,0.000,0.0,701423.5
2026-09-09T00:52:08,0.1,4366,1547350,1531823,0.3,0.00,1.86,0.00,7.44,0.00,0.00,0.09,1.0,95830.0,95350.0,0.0,0.0,0.5,0.0,64.149,0.000,0.0,657829.5
2026-09-09T00:52:10,0.1,4364,1547350,1531825,0.3,0.00,1.85,0.00,7.39,0.00,0.00,0.00,1.0,95830.0,95350.0,0.0,0.0,0.5,0.0,64.118,0.000,0.0,635786.0
2026-09-09T00:52:13,0.1,4364,1547350,1531825,0.3,0.00,0.61,0.00,2.44,0.00,0.00,0.00,1.0,95830.0,95350.0,0.0,0.0,0.5,0.0,64.175,0.000,0.0,629249.0
2026-09-09T00:52:15,0.1,4364,1547350,1531825,0.3,0.00,0.93,0.00,3.71,0.00,0.00,0.00,1.0,95830.0,95350.0,0.0,0.0,0.5,0.0,64.153,0.000,0.0,644015.0
2026-09-09T00:52:17,0.1,4364,1547350,1531825,0.3,0.00,3.18,0.00,16.99,0.00,0.17,0.00,1.0,95830.0,95350.0,0.0,0.0,0.5,0.0,64.139,0.000,0.0,660870.0
2026-09-09T00:52:19,0.1,4364,1547350,1531825,0.3,0.00,1.25,0.00,5.00,0.00,0.00,0.00,1.0,95830.0,95350.0,0.0,0.0,0.5,0.0,64.152,0.000,0.0,660870.0
2026-09-09T00:52:19,0.2,4364,1547350,1531825,0.3,0.00,2.56,0.00,10.24,0.00,0.00,0.00,1.0,95830.0,95350.0,0.0,0.0,0.5,0.0,64.144,0.000,0.0,704660.0
2026-09-09T00:52:20,0.2,4364,1547350,1531825,0.3,0.00,2.60,0.00,10.40,0.00,0.00,0.00,1.0,95830.0,95350.0,0.0,0.0,0.5,0.0,64.168,0.000,0.0,630629.0
2026-09-09T00:52:26,0.0,4364,1547350,1531825,0.3,0.00,0.88,0.00,7.32,0.00,0.00,0.02,1.0,95830.0,95350.0,0.0,0.0,0.5,0.0,64.165,0.000,0.0,628206.5
2026-09-09T00:52:30,0.0,4364,1547350,1531826,0.3,0.00,1.36,0.00,5.45,0.00,0.20,0.00,1.0,95830.0,95350.0,0.0,0.0,0.5,0.0,64.154,0.000,0.0,624212.0
2026-09-09T00:52:35,0.0,4364,1547350,1531825,0.3,0.00,0.78,0.00,3.11,0.00,0.00,0.00,1.0,95830.0,95350.0,0.0,0.0,0.5,0.0,64.155,0.000,0.0,613958.0
2026-09-09T00:52:43,0.0,4363,1547350,1531826,0.3,0.00,0.48,0.00,1.92,0.00,0.00,0.00,1.0,95830.0,95350.0,0.0,0.0,0.5,0.0,64.148,0.000,0.0,673748.0
2026-09-09T00:52:46,0.1,4363,1547350,1531826,0.3,0.00,1.37,0.00,5.48,0.00,0.00,0.00,1.0,95830.0,95350.0,0.0,0.0,0.5,0.0,64.160,0.000,0.0,618459.5
2026-09-09T00:52:51,0.0,4364,1547350,1531826,0.3,0.00,4.41,0.00,36.17,0.00,0.09,0.00,1.0,95830.0,95350.0,0.0,0.0,0.5,0.0,64.189,0.000,0.0,613503.5
2026-09-09T00:53:01,0.1,4368,1547350,1531821,0.3,0.00,1.30,0.00,5.19,0.00,0.15,0.00,1.0,95830.0,95350.0,0.0,0.0,0.5,0.0,64.177,0.000,0.0,611403.0
2026-09-09T00:53:09,0.0,4364,1547350,1531825,0.3,0.00,0.49,0.00,1.95,0.00,0.00,0.00,1.0,95830.0,95350.0,0.0,0.0,0.5,0.0,64.167,0.000,0.0,622628.5
2026-09-09T00:53:14,0.1,4363,1547350,1531827,0.3,0.00,1.32,0.00,5.26,0.00,0.00,0.00,1.0,95830.0,95350.0,0.0,0.0,0.5,0.0,64.190,0.000,0.0,619165.0
2026-09-09T00:53:20,0.0,4363,1547350,1531827,0.3,0.00,0.60,0.00,3.60,0.00,0.00,0.00,1.0,95830.0,95350.0,0.0,0.0,0.5,0.0,64.202,0.000,0.0,634271.5
2026-09-09T00:53:26,0.0,4363,1547350,1531826,0.3,0.00,1.06,0.00,6.71,0.00,0.17,0.00,1.0,95830.0,95350.0,0.0,0.0,0.5,0.0,64.179,0.000,0.0,615276.5
2026-09-09T00:53:33,0.0,4365,1547350,1531824,0.3,0.00,0.74,0.00,2.98,0.00,0.00,0.00,1.0,95830.0,95350.0,0.0,0.0,0.5,0.0,64.194,0.000,0.0,633185.5
2026-09-09T00:53:38,0.0,4363,1547350,1531826,0.3,0.00,0.72,0.00,2.90,0.00,0.00,0.00,1.0,95830.0,95350.0,0.0,0.0,0.5,0.0,64.212,0.000,0.0,634338.0
2026-09-09T00:53:44,0.0,4364,1547350,1531825,0.3,0.00,0.72,0.00,2.89,0.00,0.00,0.00,1.0,95830.0,95350.0,0.0,0.0,0.5,0.0,64.185,0.000,0.0,641526.0
2026-09-09T00:53:49,0.1,4365,1547350,1531824,0.3,0.00,0.79,0.00,3.15,0.00,0.25,0.00,1.0,95830.0,95350.0,0.0,0.0,0.5,0.0,64.199,0.000,0.0,643979.5
2026-09-09T00:53:55,0.0,4365,1547350,1531824,0.3,0.00,3.34,0.00,28.47,0.00,0.11,0.00,1.0,95830.0,95350.0,0.0,0.0,0.5,0.0,64.217,0.000,0.0,693011.5
2026-09-09T00:53:56,0.2,4366,1547350,1531823,0.3,0.00,3.79,0.00,15.15,0.00,0.00,0.00,1.0,95830.0,95350.0,0.0,0.0,0.5,0.0,64.180,0.000,0.0,719448.5
2026-09-09T00:53:57,0.1,4366,1547350,1531823,0.3,0.00,1.36,0.00,5.46,0.00,0.00,0.07,1.0,95830.0,95350.0,0.0,0.0,0.5,0.0,64.174,0.000,0.0,719107.0
2026-09-09T00:53:59,0.1,4365,1547350,1531824,0.3,0.00,1.24,0.00,4.98,0.00,0.00,0.00,1.0,95830.0,95350.0,0.0,0.0,0.5,0.0,64.167,0.000,0.0,685533.0
2026-09-09T00:54:00,0.1,4365,1547350,1531824,0.3,0.00,1.86,0.00,7.46,0.00,0.00,0.00,1.0,95830.0,95350.0,0.0,0.0,0.5,0.0,64.203,0.000,0.0,685533.0
2026-09-09T00:54:01,0.2,4370,1547350,1531820,0.3,0.00,2.50,0.00,9.99,0.00,0.00,0.00,1.0,95830.0,95350.0,0.0,0.0,0.5,0.0,64.198,0.000,0.0,686670.5
2026-09-09T00:54:02,0.2,4370,1547350,1531820,0.3,0.00,8.42,0.00,36.73,0.00,0.09,0.00,1.0,95830.0,95350.0,0.0,0.0,0.5,0.0,64.178,0.000,0.0,673693.5
2026-09-09T00:54:03,0.2,4371,1547350,1531818,0.3,0.00,1.54,0.00,6.14,0.00,0.50,0.00,1.0,95830.0,95350.0,0.0,0.0,0.5,0.0,64.169,0.000,0.0,692100.5
2026-09-09T00:54:05,0.2,4371,1547350,1531819,0.3,0.00,1.40,0.00,5.60,0.00,0.00,0.00,1.0,95830.0,95350.0,0.0,0.0,0.5,0.0,64.198,0.000,0.0,676452.0
2026-09-09T00:54:06,0.1,4372,1547350,1531818,0.3,0.00,1.32,0.00,5.30,0.00,0.00,0.00,1.0,95830.0,95350.0,0.0,0.0,0.5,0.0,64.174,0.000,0.0,657696.5
2026-09-09T00:54:08,0.1,4373,1547350,1531817,0.3,0.00,2.46,0.00,9.83,0.00,0.00,0.00,1.0,95830.0,95350.0,0.0,0.0,0.5,0.0,64.195,0.000,0.0,690016.0
2026-09-09T00:54:10,0.1,4372,1547350,1531817,0.3,0.00,1.11,0.00,4.45,0.00,0.00,0.00,1.0,95830.0,95350.0,0.0,0.0,0.5,0.0,64.195,0.000,0.0,657371.0
2026-09-09T00:54:11,0.2,4368,1547350,1531821,0.3,0.00,1.19,0.00,4.75,0.00,0.00,0.00,1.0,95830.0,95350.0,0.0,0.0,0.5,0.0,64.192,0.000,0.0,711871.5
2026-09-09T00:54:13,0.1,4368,1547350,1531821,0.3,0.00,1.15,0.00,4.61,0.00,0.00,0.00,1.0,95830.0,95350.0,0.0,0.0,0.5,0.0,64.206,0.000,0.0,655584.5
2026-09-09T00:54:15,0.1,4368,1547350,1531822,0.3,0.00,3.34,0.00,13.36,0.00,0.17,0.00,1.0,95830.0,95350.0,0.0,0.0,0.5,0.0,64.161,0.000,0.0,732273.0
2026-09-09T00:54:17,0.1,4367,1547350,1531822,0.3,0.00,1.12,0.00,4.49,0.00,0.00,0.00,1.0,95830.0,95350.0,0.0,0.0,0.5,0.0,64.157,0.000,0.0,644961.5
2026-09-09T00:54:19,0.1,4367,1547350,1531823,0.3,0.00,0.99,0.00,3.95,0.00,0.00,0.05,1.0,95830.0,95350.0,0.0,0.0,0.5,0.0,64.149,0.000,0.0,659377.0
2026-09-09T00:54:20,0.1,4367,1547350,1531822,0.3,0.00,2.65,0.00,10.59,0.00,0.00,0.00,1.0,95830.0,95350.0,0.0,0.0,0.5,0.0,64.167,0.000,0.0,672232.5
2026-09-09T00:54:22,0.2,4366,1547350,1531823,0.3,0.00,1.30,0.00,5.21,0.00,0.00,0.00,1.0,95830.0,95350.0,0.0,0.0,0.5,0.0,64.166,0.000,0.0,707164.0
2026-09-09T00:54:23,0.1,4366,1547350,1531823,0.3,0.00,1.80,0.00,18.03,0.00,0.00,0.00,1.0,95830.0,95350.0,0.0,0.0,0.5,0.0,64.198,0.000,0.0,667027.5
2026-09-09T00:54:25,0.1,4366,1547350,1531824,0.3,0.00,2.28,0.00,13.68,0.00,0.25,0.00,1.0,95830.0,95350.0,0.0,0.0,0.5,0.0,64.172,0.000,0.0,653998.5
2026-09-09T00:54:27,0.1,4366,1547350,1531823,0.3,0.00,1.18,0.00,4.72,0.00,0.00,0.00,1.0,95830.0,95350.0,0.0,0.0,0.5,0.0,64.151,0.000,0.0,666437.5
2026-09-09T00:54:29,0.1,4365,1547350,1531824,0.3,0.00,1.07,0.00,4.29,0.00,0.00,0.00,1.0,95830.0,95350.0,0.0,0.0,0.5,0.0,64.174,0.000,0.0,645569.5
2026-09-09T00:54:31,0.1,4366,1547350,1531823,0.3,0.00,1.06,0.00,4.25,0.00,0.00,0.00,1.0,95830.0,95350.0,0.0,0.0,0.5,0.0,64.161,0.000,0.0,660795.0
2026-09-09T00:54:32,0.1,4366,1547350,1531823,0.3,0.00,2.36,0.00,9.43,0.00,0.00,0.00,1.0,95830.0,95350.0,0.0,0.0,0.5,0.0,64.143,0.000,0.0,675543.0
2026-09-09T00:54:34,0.1,4366,1547350,1531824,0.3,0.00,1.07,0.00,4.26,0.00,0.00,0.00,1.0,95830.0,95350.0,0.0,0.0,0.5,0.0,64.161,0.000,0.0,639769.0
2026-09-09T00:54:36,0.1,4364,1547350,1531825,0.3,0.00,1.06,0.00,4.24,0.00,0.00,0.05,1.0,95830.0,95350.0,0.0,0.0,0.5,0.0,64.158,0.000,0.0,668583.0
2026-09-09T00:54:38,0.1,4366,1547350,1531823,0.3,0.00,2.84,0.00,11.37,0.00,0.20,0.00,1.0,95830.0,95350.0,0.0,0.0,0.5,0.0,64.157,0.000,0.0,651603.0
2026-09-09T00:54:40,0.2,4366,1547350,1531823,0.3,0.00,1.12,0.00,4.48,0.00,0.00,0.06,1.0,95830.0,95350.0,0.0,0.0,0.5,0.0,64.172,0.000,0.0,651318.5
2026-09-09T00:54:41,0.1,4366,1547350,1531823,0.3,0.00,1.12,0.00,4.47,0.00,0.00,0.00,1.0,95830.0,95350.0,0.0,0.0,0.5,0.0,64.167,0.000,0.0,666372.0
2026-09-09T00:54:43,0.1,4366,1547350,1531823,0.3,0.00,2.07,0.00,8.30,0.00,0.00,0.00,1.0,95830.0,95350.0,0.0,0.0,0.5,0.0,64.169,0.000,0.0,649606.0
2026-09-09T00:54:45,0.1,4366,1547350,1531823,0.3,0.00,0.96,0.00,3.83,0.00,0.00,0.00,1.0,95830.0,95350.0,0.0,0.0,0.5,0.0,64.162,0.000,0.0,648289.5
2026-09-09T00:54:47,0.1,4366,1547350,1531823,0.3,0.00,1.07,0.00,4.26,0.00,0.00,0.00,1.0,95830.0,95350.0,0.0,0.0,0.5,0.0,64.134,0.000,0.0,655386.5
2026-09-09T00:54:49,0.1,4367,1547350,1531822,0.3,0.00,1.83,0.00,7.34,0.00,0.00,0.05,1.0,95830.0,95350.0,0.0,0.0,0.5,0.0,64.145,0.000,0.0,637322.5
2026-09-09T00:54:52,0.1,4366,1547350,1531823,0.3,0.00,0.91,0.00,3.64,0.00,0.00,0.00,1.0,95830.0,95350.0,0.0,0.0,0.5,0.0,64.153,0.000,0.0,642321.0
2026-09-09T00:54:54,0.1,4365,1547350,1531824,0.3,0.00,8.22,0.00,78.34,0.00,0.12,0.00,1.0,95830.0,95350.0,0.0,0.0,0.5,0.0,64.143,0.000,0.0,651103.0
2026-09-09T00:54:56,0.1,4366,1547350,1531823,0.3,0.00,1.86,0.00,7.46,0.00,0.00,0.00,1.0,95830.0,95350.0,0.0,0.0,0.5,0.0,64.139,0.000,0.0,676276.5
2026-09-09T00:54:58,0.1,4366,1547350,1531823,0.3,0.00,0.85,0.00,3.40,0.00,0.00,0.00,1.0,95830.0,95350.0,0.0,0.0,0.5,0.0,64.159,0.000,0.0,646224.0
2026-09-09T00:55:00,0.1,4366,1547350,1531823,0.3,0.00,2.12,0.00,8.47,0.00,0.00,0.00,1.0,95830.0,95350.0,0.0,0.0,0.5,0.0,64.126,0.000,0.0,651931.5
2026-09-09T00:55:02,0.2,4367,1547350,1531822,0.3,0.00,0.92,0.00,3.70,0.00,0.00,0.00,1.0,95830.0,95350.0,0.0,0.0,0.5,0.0,64.130,0.000,0.0,649681.0
2026-09-09T00:55:04,0.1,4366,1547350,1531823,0.3,0.00,0.92,0.00,3.68,0.00,0.50,0.00,1.0,95830.0,95350.0,0.0,0.0,0.5,0.0,64.148,0.000,0.0,639135.5
2026-09-09T00:55:07,0.1,4367,1547350,1531822,0.3,0.00,4.66,0.00,18.64,0.00,0.00,0.00,1.0,95830.0,95350.0,0.0,0.0,0.5,0.0,64.144,0.000,0.0,645520.5
2026-09-09T00:55:09,0.1,4367,1547350,1531822,0.3,0.00,0.95,0.00,3.79,0.00,0.50,0.00,1.0,95830.0,95350.0,0.0,0.0,0.5,0.0,64.158,0.000,0.0,638949.0
2026-09-09T00:55:11,0.1,4365,1547350,1531824,0.3,0.00,2.40,0.00,11.20,0.00,0.00,0.00,1.0,95830.0,95350.0,0.0,0.0,0.5,0.0,64.143,0.000,0.0,642488.5
2026-09-09T00:55:13,0.1,4365,1547350,1531824,0.3,0.00,0.97,0.00,3.86,0.00,0.00,0.00,1.0,95830.0,95350.0,0.0,0.0,0.5,0.0,64.153,0.000,0.0,644222.5
2026-09-09T00:55:16,0.1,4365,1547350,1531824,0.3,0.00,0.79,0.00,3.17,0.00,0.00,0.00,1.0,95830.0,95350.0,0.0,0.0,0.5,0.0,64.137,0.000,0.0,640764.5
2026-09-09T00:55:18,0.1,4365,1547350,1531824,0.3,0.00,1.92,0.00,7.70,0.00,0.00,0.00,1.0,95830.0,95350.0,0.0,0.0,0.5,0.0,64.130,0.000,0.0,636848.5
2026-09-09T00:55:21,0.1,4364,1547350,1531825,0.3,0.00,0.63,0.00,2.53,0.00,0.50,0.00,1.0,95830.0,95350.0,0.0,0.0,0.5,0.0,64.133,0.000,0.0,637300.0
2026-09-09T00:55:23,0.1,4364,1547350,1531825,0.3,0.00,2.14,0.00,8.57,0.00,0.00,0.00,1.0,95830.0,95350.0,0.0,0.0,0.5,0.0,64.152,0.000,0.0,646850.5
2026-09-09T00:55:25,0.1,4364,1547350,1531825,0.3,0.00,3.01,0.00,19.56,0.00,0.00,0.00,1.0,95830.0,95350.0,0.0,0.0,0.5,0.0,64.141,0.000,0.0,640611.0
2026-09-09T00:55:28,0.1,4364,1547350,1531825,0.3,0.00,0.76,0.00,3.04,0.00,0.00,0.00,1.0,95830.0,95350.0,0.0,0.0,0.5,0.0,64.136,0.000,0.0,640105.5
2026-09-09T00:55:30,0.1,4364,1547350,1531825,0.3,0.00,1.98,0.00,11.88,0.00,0.00,0.00,1.0,95830.0,95350.0,0.0,0.0,0.5,0.0,64.118,0.000,0.0,672257.5
2026-09-09T00:55:32,0.1,4363,1547350,1531826,0.3,0.00,0.91,0.00,3.62,0.00,0.00,0.00,1.0,95830.0,95350.0,0.0,0.0,0.5,0.0,64.127,0.000,0.0,637900.0
2026-09-09T00:55:34,0.1,4364,1547350,1531826,0.3,0.00,1.61,0.00,6.43,0.00,0.25,0.00,1.0,95830.0,95350.0,0.0,0.0,0.5,0.0,64.121,0.000,0.0,643189.5
2026-09-09T00:55:37,0.1,4364,1547350,1531826,0.3,0.00,0.88,0.00,3.51,0.00,0.00,0.00,1.0,95830.0,95350.0,0.0,0.0,0.5,0.0,64.138,0.000,0.0,632990.0
2026-09-09T00:55:39,0.1,4363,1547350,1531826,0.3,0.00,1.02,0.00,4.09,0.00,0.00,0.00,1.0,95830.0,95350.0,0.0,0.0,0.5,0.0,64.111,0.000,0.0,681209.0
2026-09-09T00:55:41,0.1,4363,1547350,1531827,0.3,0.00,1.99,0.00,7.97,0.00,0.00,0.00,1.0,95830.0,95350.0,0.0,0.0,0.5,0.0,64.139,0.000,0.0,637820.5
2026-09-09T00:55:44,0.1,4361,1547350,1531828,0.3,0.00,0.81,0.00,3.26,0.00,0.00,0.00,1.0,95830.0,95350.0,0.0,0.0,0.5,0.0,64.111,0.000,0.0,637515.0
2026-09-09T00:55:46,0.1,4363,1547350,1531826,0.3,0.00,1.61,0.00,6.45,0.00,0.00,0.00,1.0,95830.0,95350.0,0.0,0.0,0.5,0.0,64.149,0.000,0.0,641253.0
2026-09-09T00:55:48,0.1,4363,1547350,1531827,0.3,0.00,0.91,0.00,3.62,0.00,0.00,0.00,1.0,95830.0,95350.0,0.0,0.0,0.5,0.0,64.118,0.000,0.0,649218.0
2026-09-09T00:55:50,0.1,4363,1547350,1531827,0.3,0.00,0.91,0.00,3.62,0.00,0.50,0.00,1.0,95830.0,95350.0,0.0,0.0,0.5,0.0,64.133,0.000,0.0,640334.5
2026-09-09T00:55:53,0.1,4363,1547350,1531826,0.3,0.00,1.71,0.00,6.84,0.00,0.00,0.00,1.0,95830.0,95350.0,0.0,0.0,0.5,0.0,64.138,0.000,0.0,668964.0
2026-09-09T00:55:54,0.1,4364,1547350,1531826,0.3,0.00,8.97,0.00,91.51,0.00,0.07,0.00,1.0,95830.0,95350.0,0.0,0.0,0.5,0.0,64.149,0.000,0.0,640678.0
2026-09-09T00:55:57,0.1,4363,1547350,1531826,0.3,0.00,0.88,0.00,3.53,0.00,0.00,0.00,1.0,95830.0,95350.0,0.0,0.0,0.5,0.0,64.114,0.000,0.0,638550.5
2026-09-09T00:55:59,0.1,4364,1547350,1531826,0.3,0.00,1.62,0.00,6.49,0.00,0.00,0.00,1.0,95830.0,95350.0,0.0,0.0,0.5,0.0,64.129,0.000,0.0,640612.5
2026-09-09T00:56:02,0.2,4369,1547350,1531820,0.3,0.00,0.86,0.00,3.42,0.00,0.50,0.00,1.0,95830.0,95350.0,0.0,0.0,0.5,0.0,64.140,0.000,0.0,632742.5
2026-09-09T00:56:04,0.1,4369,1547350,1531821,0.3,0.00,3.55,0.00,14.20,0.00,0.00,0.00,1.0,95830.0,95350.0,0.0,0.0,0.5,0.0,64.148,0.000,0.0,627656.0
2026-09-09T00:56:08,0.1,4369,1547350,1531821,0.3,0.00,1.29,0.00,5.16,0.00,0.20,0.00,1.0,95830.0,95350.0,0.0,0.0,0.5,0.0,64.134,0.000,0.0,650408.0
2026-09-09T00:56:12,0.1,4369,1547350,1531821,0.3,0.00,0.60,0.00,2.41,0.00,0.00,0.00,1.0,95830.0,95350.0,0.0,0.0,0.5,0.0,64.121,0.000,0.0,632730.5
2026-09-09T00:56:14,0.1,4367,1547350,1531822,0.3,0.00,2.08,0.00,8.32,0.00,0.00,0.00,1.0,95830.0,95350.0,0.0,0.0,0.5,0.0,64.147,0.000,0.0,632538.5
2026-09-09T00:56:17,0.1,4368,1547350,1531821,0.3,0.00,0.72,0.00,2.89,0.00,0.00,0.00,1.0,95830.0,95350.0,0.0,0.0,0.5,0.0,64.117,0.000,0.0,633810.5
2026-09-09T00:56:20,0.1,4368,1547350,1531821,0.3,0.00,1.36,0.00,5.43,0.00,0.00,0.00,1.0,95830.0,95350.0,0.0,0.0,0.5,0.0,64.131,0.000,0.0,629613.5
2026-09-09T00:56:23,0.1,4369,1547350,1531820,0.3,0.00,0.73,0.00,2.93,0.00,0.50,0.00,1.0,95830.0,95350.0,0.0,0.0,0.5,0.0,64.122,0.000,0.0,643040.0
2026-09-09T00:56:25,0.1,4370,1547350,1531819,0.3,0.00,4.75,0.00,23.55,0.00,0.00,0.00,1.0,95830.0,95350.0,0.0,0.0,0.5,0.0,64.152,0.000,0.0,646073.5
2026-09-09T00:56:27,0.1,4370,1547350,1531820,0.3,0.00,0.92,0.00,3.70,0.00,0.00,0.00,1.0,95830.0,95350.0,0.0,0.0,0.5,0.0,64.130,0.000,0.0,699183.0
2026-09-09T00:56:29,0.1,4370,1547350,1531819,0.3,0.00,1.09,0.00,4.37,0.00,0.00,0.00,1.0,95830.0,95350.0,0.0,0.0,0.5,0.0,64.094,0.000,0.0,647549.5
2026-09-09T00:56:31,0.1,4369,1547350,1531820,0.3,0.00,1.92,0.00,11.54,0.00,0.25,0.00,1.0,95830.0,95350.0,0.0,0.0,0.5,0.0,64.123,0.000,0.0,644175.0
2026-09-09T00:56:33,0.1,4369,1547350,1531820,0.3,0.00,0.95,0.00,3.80,0.00,0.00,0.00,1.0,95830.0,95350.0,0.0,0.0,0.5,0.0,64.124,0.000,0.0,633139.0
2026-09-09T00:56:35,0.1,4368,1547350,1531821,0.3,0.00,0.96,0.00,3.85,0.00,0.00,0.05,1.0,95830.0,95350.0,0.0,0.0,0.5,0.0,64.115,0.000,0.0,725887.5
2026-09-09T00:56:38,0.1,4368,1547350,1531821,0.3,0.00,1.79,0.00,7.15,0.00,0.00,0.00,1.0,95830.0,95350.0,0.0,0.0,0.5,0.0,64.107,0.000,0.0,637644.0
2026-09-09T00:56:40,0.1,4368,1547350,1531821,0.3,0.00,0.85,0.00,3.38,0.00,0.00,0.00,1.0,95830.0,95350.0,0.0,0.0,0.5,0.0,64.127,0.000,0.0,642271.0
2026-09-09T00:56:42,0.1,4368,1547350,1531821,0.3,0.00,2.18,0.00,8.72,0.00,0.00,0.00,1.0,95830.0,95350.0,0.0,0.0,0.5,0.0,64.154,0.000,0.0,697440.5
2026-09-09T00:56:45,0.1,4368,1547350,1531822,0.3,0.00,0.88,0.00,3.54,0.00,0.00,0.00,1.0,95830.0,95350.0,0.0,0.0,0.5,0.0,64.123,0.000,0.0,639815.0
2026-09-09T00:56:47,0.1,4368,1547350,1531821,0.3,0.00,0.89,0.00,3.56,0.00,0.00,0.00,1.0,95830.0,95350.0,0.0,0.0,0.5,0.0,64.111,0.000,0.0,646153.5
2026-09-09T00:56:49,0.1,4368,1547350,1531822,0.3,0.00,1.76,0.00,7.05,0.00,0.25,0.00,1.0,95830.0,95350.0,0.0,0.0,0.5,0.0,64.098,0.000,0.0,642595.5
2026-09-09T00:56:51,0.1,4368,1547350,1531821,0.3,0.00,0.93,0.00,3.73,0.00,0.00,0.00,1.0,95830.0,95350.0,0.0,0.0,0.5,0.0,64.123,0.000,0.0,634938.0
2026-09-09T00:56:54,0.1,4368,1547350,1531821,0.3,0.00,5.66,0.00,55.22,0.00,0.06,0.00,1.0,95830.0,95350.0,0.0,0.0,0.5,0.0,64.121,0.000,0.0,646894.5
2026-09-09T00:56:56,0.1,4368,1547350,1531821,0.3,0.00,0.94,0.00,3.75,0.00,0.00,0.00,1.0,95830.0,95350.0,0.0,0.0,0.5,0.0,64.108,0.000,0.0,644768.5
2026-09-09T00:56:58,0.1,4368,1547350,1531821,0.3,0.00,1.98,0.00,7.91,0.00,0.00,0.05,1.0,95830.0,95350.0,0.0,0.0,0.5,0.0,64.139,0.000,0.0,635481.5
2026-09-09T00:57:01,0.1,4370,1547350,1531819,0.3,0.00,0.71,0.00,2.84,0.00,0.00,0.00,1.0,95830.0,95350.0,0.0,0.0,0.5,0.0,64.113,0.000,0.0,636074.0
2026-09-09T00:57:04,0.1,4371,1547350,1531818,0.3,0.00,0.77,0.00,3.08,0.00,0.50,0.04,1.0,95830.0,95350.0,0.0,0.0,0.5,0.0,64.119,0.000,0.0,643775.0
2026-09-09T00:57:06,0.1,4370,1547350,1531819,0.3,0.00,4.26,0.00,17.05,0.00,0.00,0.00,1.0,95830.0,95350.0,0.0,0.0,0.5,0.0,64.115,0.000,0.0,641044.0
2026-09-09T00:57:09,0.1,4370,1547350,1531819,0.3,0.00,0.73,0.00,2.91,0.00,0.00,0.00,1.0,95830.0,95350.0,0.0,0.0,0.5,0.0,64.124,0.000,0.0,637390.0
2026-09-09T00:57:11,0.1,4367,1547350,1531822,0.3,0.00,2.13,0.00,8.51,0.00,0.20,0.00,1.0,95830.0,95350.0,0.0,0.0,0.5,0.0,64.111,0.000,0.0,640060.5
2026-09-09T00:57:14,0.1,4366,1547350,1531823,0.3,0.00,0.79,0.00,3.14,0.00,0.00,0.00,1.0,95830.0,95350.0,0.0,0.0,0.5,0.0,64.129,0.000,0.0,637093.0
2026-09-09T00:57:16,0.1,4366,1547350,1531823,0.3,0.00,2.29,0.00,10.69,0.00,0.00,0.00,1.0,95830.0,95350.0,0.0,0.0,0.5,0.0,64.114,0.000,0.0,632628.5
2026-09-09T00:57:19,0.1,4366,1547350,1531823,0.3,0.00,0.69,0.00,2.78,0.00,0.00,0.00,1.0,95830.0,95350.0,0.0,0.0,0.5,0.0,64.132,0.000,0.0,640350.0
2026-09-09T00:57:22,0.1,4365,1547350,1531824,0.3,0.00,1.35,0.00,5.39,0.00,0.00,0.00,1.0,95830.0,95350.0,0.0,0.0,0.5,0.0,64.115,0.000,0.0,638369.5
2026-09-09T00:57:24,0.1,4366,1547350,1531823,0.3,0.00,0.93,0.00,3.73,0.00,0.50,0.00,1.0,95830.0,95350.0,0.0,0.0,0.5,0.0,64.105,0.000,0.0,670910.0
2026-09-09T00:57:26,0.1,4366,1547350,1531824,0.3,0.00,2.58,0.00,18.07,0.00,0.00,0.00,1.0,95830.0,95350.0,0.0,0.0,0.5,0.0,64.123,0.000,0.0,641848.5
2026-09-09T00:57:29,0.1,4366,1547350,1531823,0.3,0.00,1.72,0.00,6.88,0.00,0.00,0.00,1.0,95830.0,95350.0,0.0,0.0,0.5,0.0,64.114,0.000,0.0,643466.5
2026-09-09T00:57:31,0.1,4367,1547350,1531823,0.3,0.00,0.93,0.00,3.72,0.00,0.00,0.00,1.0,95830.0,95350.0,0.0,0.0,0.5,0.0,64.102,0.000,0.0,638157.5
2026-09-09T00:57:33,0.1,4367,1547350,1531822,0.3,0.00,0.81,0.00,3.23,0.00,0.00,0.00,1.0,95830.0,95350.0,0.0,0.0,0.5,0.0,64.121,0.000,0.0,641214.5
2026-09-09T00:57:35,0.1,4368,1547350,1531821,0.3,0.00,1.93,0.00,11.58,0.00,0.00,0.00,1.0,95830.0,95350.0,0.0,0.0,0.5,0.0,64.135,0.000,0.0,646451.0
2026-09-09T00:57:38,0.1,4367,1547350,1531822,0.3,0.00,0.87,0.00,3.49,0.00,0.00,0.00,1.0,95830.0,95350.0,0.0,0.0,0.5,0.0,64.127,0.000,0.0,641407.0
2026-09-09T00:57:40,0.1,4367,1547350,1531822,0.3,0.00,1.50,0.00,6.01,0.00,0.25,0.00,1.0,95830.0,95350.0,0.0,0.0,0.5,0.0,64.106,0.000,0.0,640063.5
2026-09-09T00:57:42,0.1,4368,1547350,1531822,0.3,0.00,0.96,0.00,3.85,0.00,0.00,0.00,1.0,95830.0,95350.0,0.0,0.0,0.5,0.0,64.124,0.000,0.0,632830.0
2026-09-09T00:57:46,0.1,4368,1547350,1531822,0.3,0.00,1.25,0.00,4.99,0.00,0.00,0.00,1.0,95830.0,95350.0,0.0,0.0,0.5,0.0,64.142,0.000,0.0,619965.5
2026-09-09T00:57:50,0.1,4367,1547350,1531822,0.3,0.00,0.58,0.00,2.30,0.00,0.00,0.00,1.0,95830.0,95350.0,0.0,0.0,0.5,0.0,64.118,0.000,0.0,647872.5
2026-09-09T00:57:52,0.1,4368,1547350,1531822,0.3,0.00,2.01,0.00,8.04,0.00,0.00,0.00,1.0,95830.0,95350.0,0.0,0.0,0.5,0.0,64.126,0.000,0.0,633257.0
2026-09-09T00:57:54,0.1,4368,1547350,1531822,0.3,0.00,7.55,0.00,71.08,0.00,0.12,0.00,1.0,95830.0,95350.0,0.0,0.0,0.5,0.0,64.127,0.000,0.0,611445.5
2026-09-09T00:58:04,0.0,4369,1547350,1531820,0.3,0.00,1.17,0.00,4.69,0.00,0.08,0.00,1.0,95830.0,95350.0,0.0,0.0,0.5,0.0,64.100,0.000,0.0,609853.0
2026-09-09T00:58:16,0.0,4365,1547350,1531825,0.3,0.00,0.51,0.00,2.04,0.00,0.00,0.00,1.0,95830.0,95350.0,0.0,0.0,0.5,0.0,64.121,0.000,0.0,617383.5
2026-09-09T00:58:25,0.0,4365,1547350,1531824,0.3,0.00,1.22,0.00,6.08,0.00,0.09,0.00,1.0,95830.0,95350.0,0.0,0.0,0.5,0.0,64.115,0.000,0.0,611325.5
2026-09-09T00:58:32,0.0,4365,1547350,1531824,0.3,0.00,0.59,0.00,2.36,0.00,0.00,0.00,1.0,95830.0,95350.0,0.0,0.0,0.5,0.0,64.107,0.000,0.0,613807.5
2026-09-09T00:58:39,0.0,4365,1547350,1531824,0.3,0.00,0.57,0.00,2.27,0.00,0.00,0.00,1.0,95830.0,95350.0,0.0,0.0,0.5,0.0,64.114,0.000,0.0,628510.5
2026-09-09T00:58:46,0.0,4365,1547350,1531824,0.3,0.00,0.60,0.00,2.41,0.00,0.00,0.00,1.0,95830.0,95350.0,0.0,0.0,0.5,0.0,64.115,0.000,0.0,677247.5
2026-09-09T00:58:52,0.0,4365,1547350,1531824,0.3,0.00,3.30,0.00,26.14,0.00,0.09,0.00,1.0,95830.0,95350.0,0.0,0.0,0.5,0.0,64.132,0.000,0.0,692077.5
2026-09-09T00:59:00,0.1,4369,1547350,1531820,0.3,0.00,0.49,0.00,1.97,0.00,0.00,0.01,1.0,95830.0,95350.0,0.0,0.0,0.5,0.0,64.117,0.000,0.0,695369.5
2026-09-09T00:59:07,0.0,4371,1547350,1531818,0.3,0.00,1.43,0.00,6.29,0.00,0.10,0.00,1.0,95830.0,95350.0,0.0,0.0,0.5,0.0,64.132,0.000,0.0,613405.0
2026-09-09T00:59:14,0.0,4365,1547350,1531824,0.3,0.00,0.85,0.00,3.41,0.00,0.17,0.00,1.0,95830.0,95350.0,0.0,0.0,0.5,0.0,64.141,0.000,0.0,626254.0
2026-09-09T00:59:19,0.1,4365,1547350,1531824,0.3,0.00,0.93,0.00,3.72,0.00,0.00,0.00,1.0,95830.0,95350.0,0.0,0.0,0.5,0.0,64.126,0.000,0.0,728931.5
2026-09-09T00:59:20,0.2,4366,1547350,1531824,0.3,0.00,1.40,0.00,5.61,0.00,0.00,0.00,1.0,95830.0,95350.0,0.0,0.0,0.5,0.0,64.112,0.000,0.0,731268.0
2026-09-09T00:59:21,0.2,4365,1547350,1531824,0.3,0.00,1.51,0.00,6.04,0.00,0.00,0.08,1.0,95830.0,95350.0,0.0,0.0,0.5,0.0,64.140,0.000,0.0,761620.5
2026-09-09T00:59:23,0.2,4363,1547350,1531826,0.3,0.00,3.14,0.00,12.56,0.00,0.00,0.00,1.0,95830.0,95350.0,0.0,0.0,0.5,0.0,64.126,0.000,0.0,702021.0
2026-09-09T00:59:25,0.1,4364,1547350,1531825,0.3,0.00,2.42,0.00,14.76,0.00,0.20,0.00,1.0,95830.0,95350.0,0.0,0.0,0.5,0.0,64.118,0.000,0.0,686779.5
2026-09-09T00:59:27,0.1,4363,1547350,1531826,0.3,0.00,1.03,0.00,4.12,0.00,0.00,0.00,1.0,95830.0,95350.0,0.0,0.0,0.5,0.0,64.124,0.000,0.0,721251.5
2026-09-09T00:59:28,0.2,4364,1547350,1531826,0.3,0.00,1.36,0.00,5.44,0.00,0.00,0.00,1.0,95830.0,95350.0,0.0,0.0,0.5,0.0,64.118,0.000,0.0,749284.0
2026-09-09T00:59:30,0.1,4363,1547350,1531826,0.3,0.00,2.29,0.00,9.17,0.00,0.00,0.00,1.0,95830.0,95350.0,0.0,0.0,0.5,0.0,64.123,0.000,0.0,705553.0
2026-09-09T00:59:32,0.1,4362,1547350,1531827,0.3,0.00,1.29,0.00,5.16,0.00,0.00,0.00,1.0,95830.0,95350.0,0.0,0.0,0.5,0.0,64.129,0.000,0.0,716037.0
2026-09-09T00:59:34,0.1,4364,1547350,1531826,0.3,0.00,1.12,0.00,4.48,0.00,0.00,0.00,1.0,95830.0,95350.0,0.0,0.0,0.5,0.0,64.129,0.000,0.0,704830.0
2026-09-09T00:59:35,0.1,4364,1547350,1531825,0.3,0.00,2.08,0.00,8.31,0.00,0.00,0.00,1.0,95830.0,95350.0,0.0,0.0,0.5,0.0,64.143,0.000,0.0,775633.0
2026-09-09T00:59:37,0.2,4365,1547350,1531825,0.3,0.00,1.49,0.00,5.96,0.00,0.00,0.00,1.0,95830.0,95350.0,0.0,0.0,0.5,0.0,64.116,0.000,0.0,752612.0
2026-09-09T00:59:38,0.2,4364,1547350,1531825,0.3,0.00,1.65,0.00,6.62,0.00,0.50,0.08,1.0,95830.0,95350.0,0.0,0.0,0.5,0.0,64.136,0.000,0.0,722025.5
2026-09-09T00:59:40,0.1,4364,1547350,1531825,0.3,0.00,2.40,0.00,9.58,0.00,0.00,0.00,1.0,95830.0,95350.0,0.0,0.0,0.5,0.0,64.132,0.000,0.0,712009.0
2026-09-09T00:59:41,0.1,4364,1547350,1531825,0.3,0.00,1.19,0.00,4.76,0.00,0.00,0.00,1.0,95830.0,95350.0,0.0,0.0,0.5,0.0,64.117,0.000,0.0,708645.5
2026-09-09T00:59:43,0.1,4365,1547350,1531824,0.3,0.00,1.02,0.00,4.09,0.00,0.00,0.00,1.0,95830.0,95350.0,0.0,0.0,0.5,0.0,64.121,0.000,0.0,704924.5
2026-09-09T00:59:45,0.2,4364,1547350,1531825,0.3,0.00,1.60,0.00,6.42,0.00,0.00,0.00,1.0,95830.0,95350.0,0.0,0.0,0.5,0.0,64.126,0.000,0.0,795328.5
2026-09-09T00:59:46,0.2,4365,1547350,1531824,0.3,0.00,2.38,0.00,11.90,0.00,0.00,0.00,1.0,95830.0,95350.0,0.0,0.0,0.5,0.0,64.154,0.000,0.0,709216.0
2026-09-09T00:59:48,0.1,4367,1547350,1531822,0.3,0.00,0.92,0.00,3.68,0.00,0.00,0.05,1.0,95830.0,95350.0,0.0,0.0,0.5,0.0,64.139,0.000,0.0,701726.0
2026-09-09T00:59:50,0.1,4366,1547350,1531823,0.3,0.00,1.13,0.00,4.51,0.00,0.00,0.00,1.0,95830.0,95350.0,0.0,0.0,0.5,0.0,64.122,0.000,0.0,701726.0
2026-09-09T00:59:51,0.2,4366,1547350,1531823,0.3,0.00,5.73,0.00,22.91,0.00,0.20,0.00,1.0,95830.0,95350.0,0.0,0.0,0.5,0.0,64.124,0.000,0.0,661955.0
2026-09-09T00:59:53,0.1,4366,1547350,1531823,0.3,0.00,1.02,0.00,4.08,0.00,0.00,0.00,1.0,95830.0,95350.0,0.0,0.0,0.5,0.0,64.118,0.000,0.0,661955.0
2026-09-09T00:59:54,0.2,4365,1547350,1531824,0.3,0.00,3.48,0.00,13.94,0.00,0.00,0.00,1.0,95830.0,95350.0,0.0,0.0,0.5,0.0,64.102,0.000,0.0,767366.5
2026-09-09T00:59:54,0.3,4367,1547350,1531822,0.3,0.00,4.43,0.00,17.74,0.00,0.00,0.00,1.0,95830.0,95350.0,0.0,0.0,0.5,0.0,64.120,0.000,0.0,671161.0
2026-09-09T00:59:55,0.2,4368,1547350,1531822,0.3,0.00,12.52,0.00,121.87,0.00,0.12,0.00,1.0,95830.0,95350.0,0.0,0.0,0.5,0.0,64.131,0.000,0.0,651058.5
2026-09-09T00:59:57,0.1,4369,1547350,1531820,0.3,0.00,1.08,0.00,4.32,0.00,0.00,0.00,1.0,95830.0,95350.0,0.0,0.0,0.5,0.0,64.106,0.000,0.0,651058.5
2026-09-09T00:59:58,0.3,4369,1547350,1531820,0.3,0.00,7.41,0.00,29.63,0.00,0.00,0.00,1.0,95830.0,95350.0,0.0,0.0,0.5,0.0,64.114,0.000,0.0,704976.0
2026-09-09T01:00:00,0.1,4370,1547350,1531820,0.3,0.00,1.02,0.00,4.06,0.00,0.00,0.00,1.0,95830.0,95350.0,0.0,0.0,0.5,0.0,64.139,0.000,0.0,671357.0
2026-09-09T01:00:01,0.2,4374,1547350,1531815,0.3,0.00,1.20,0.00,4.80,0.00,0.00,0.00,1.0,95830.0,95350.0,0.0,0.0,0.5,0.0,64.129,0.000,0.0,670724.5
2026-09-09T01:00:04,0.1,4379,1547350,1531810,0.3,0.00,4.55,0.00,18.20,0.00,0.10,0.00,1.0,95830.0,95350.0,0.0,0.0,0.5,0.0,64.129,0.000,0.0,678286.5
2026-09-09T01:00:05,0.2,4380,1547350,1531809,0.3,0.00,1.47,0.00,5.86,0.00,0.00,0.00,1.0,95830.0,95350.0,0.0,0.0,0.5,0.0,64.119,0.000,0.0,678286.5
2026-09-09T01:00:05,0.3,4381,1547350,1531808,0.3,0.00,4.50,0.00,18.02,0.00,0.00,0.00,1.0,95830.0,95350.0,0.0,0.0,0.5,0.0,64.141,0.000,0.0,752766.5
2026-09-09T01:00:07,0.2,4381,1547350,1531808,0.3,0.00,1.96,0.00,7.83,0.00,0.00,0.10,1.0,95830.0,95350.0,0.0,0.0,0.5,0.0,64.140,0.000,0.0,636579.5
2026-09-09T01:00:10,0.1,4381,1547350,1531809,0.3,0.00,1.26,0.00,5.05,0.00,0.00,0.00,1.0,95830.0,95350.0,0.0,0.0,0.5,0.0,64.105,0.000,0.0,646432.5
2026-09-09T01:00:11,0.2,4378,1547350,1531811,0.3,0.00,1.15,0.00,4.59,0.00,0.00,0.00,1.0,95830.0,95350.0,0.0,0.0,0.5,0.0,64.127,0.000,0.0,661569.5
2026-09-09T01:00:13,0.1,4378,1547350,1531811,0.3,0.00,1.25,0.00,5.00,0.00,0.00,0.00,1.0,95830.0,95350.0,0.0,0.0,0.5,0.0,64.123,0.000,0.0,651444.0
2026-09-09T01:00:15,0.1,4378,1547350,1531811,0.3,0.00,3.59,0.00,14.38,0.00,0.17,0.06,1.0,95830.0,95350.0,0.0,0.0,0.5,0.0,64.132,0.000,0.0,686288.0
2026-09-09T01:00:17,0.2,4378,1547350,1531812,0.3,0.00,0.99,0.00,3.96,0.00,0.00,0.00,1.0,95830.0,95350.0,0.0,0.0,0.5,0.0,64.116,0.000,0.0,703931.0
2026-09-09T01:00:18,0.2,4378,1547350,1531811,0.3,0.00,1.13,0.00,4.51,0.00,0.00,0.00,1.0,95830.0,95350.0,0.0,0.0,0.5,0.0,64.146,0.000,0.0,667726.5
2026-09-09T01:00:20,0.1,4378,1547350,1531811,0.3,0.00,2.84,0.00,11.38,0.00,0.00,0.00,1.0,95830.0,95350.0,0.0,0.0,0.5,0.0,64.121,0.000,0.0,644064.0
2026-09-09T01:00:23,0.1,4378,1547350,1531811,0.3,0.00,0.74,0.00,2.97,0.00,0.50,0.04,1.0,95830.0,95350.0,0.0,0.0,0.5,0.0,64.144,0.000,0.0,630941.5
2026-09-09T01:00:25,0.1,4379,1547350,1531810,0.3,0.00,2.04,0.00,8.16,0.00,0.00,0.00,1.0,95830.0,95350.0,0.0,0.0,0.5,0.0,64.160,0.000,0.0,654059.0
2026-09-09T01:00:27,0.2,4381,1547350,1531808,0.3,0.00,2.62,0.00,21.25,0.00,0.00,0.00,1.0,95830.0,95350.0,0.0,0.0,0.5,0.0,64.135,0.000,0.0,651572.0
2026-09-09T01:00:28,0.1,4382,1547350,1531807,0.3,0.00,1.29,0.00,5.16,0.00,0.00,0.00,1.0,95830.0,95350.0,0.0,0.0,0.5,0.0,64.120,0.000,0.0,648699.5
2026-09-09T01:00:30,0.1,4381,1547350,1531808,0.3,0.00,1.03,0.00,4.13,0.00,0.00,0.00,1.0,95830.0,95350.0,0.0,0.0,0.5,0.0,64.112,0.000,0.0,648699.5
2026-09-09T01:00:31,0.2,4383,1547350,1531806,0.3,0.00,4.90,0.00,19.61,0.00,0.00,0.12,1.0,95830.0,95350.0,0.0,0.0,0.5,0.0,64.120,0.000,0.0,681483.5
2026-09-09T01:00:34,0.1,4385,1547350,1531804,0.3,0.00,0.82,0.00,3.28,0.00,0.50,0.00,1.0,95830.0,95350.0,0.0,0.0,0.5,0.0,64.118,0.000,0.0,753480.5
2026-09-09T01:00:35,0.2,4386,1547350,1531803,0.3,0.00,2.38,0.00,9.50,0.00,0.00,0.00,1.0,95830.0,95350.0,0.0,0.0,0.5,0.0,64.119,0.000,0.0,665489.5
2026-09-09T01:00:36,0.1,4386,1547350,1531803,0.3,0.00,1.46,0.00,5.83,0.00,0.00,0.00,1.0,95830.0,95350.0,0.0,0.0,0.5,0.0,64.133,0.000,0.0,699771.5
2026-09-09T01:00:38,0.1,4387,1547350,1531802,0.3,0.00,2.21,0.00,8.86,0.00,0.00,0.00,1.0,95830.0,95350.0,0.0,0.0,0.5,0.0,64.138,0.000,0.0,719025.5
2026-09-09T01:00:40,0.2,4391,1547350,1531798,0.3,0.00,1.00,0.00,4.02,0.00,0.00,0.00,1.0,95830.0,95350.0,0.0,0.0,0.5,0.0,64.132,0.000,0.0,683969.5
2026-09-09T01:00:42,0.1,4392,1547350,1531797,0.3,0.00,0.87,0.00,3.47,0.00,0.00,0.00,1.0,95830.0,95350.0,0.0,0.0,0.5,0.0,64.139,0.000,0.0,679110.0
2026-09-09T01:00:44,0.1,4393,1547350,1531797,0.3,0.00,1.84,0.00,7.36,0.00,0.00,0.00,1.0,95830.0,95350.0,0.0,0.0,0.5,0.0,64.159,0.000,0.0,677830.0
2026-09-09T01:00:46,0.1,4395,1547350,1531794,0.3,0.00,0.46,0.00,1.83,0.00,0.00,0.00,1.0,95830.0,95350.0,0.0,0.0,0.5,0.0,64.152,0.000,0.0,726771.0
2026-09-09T01:00:48,0.1,4396,1547350,1531793,0.3,0.00,2.91,0.00,16.31,0.00,0.20,0.00,1.0,95830.0,95350.0,0.0,0.0,0.5,0.0,64.126,0.000,0.0,749182.0
2026-09-09T01:00:51,0.1,4399,1547350,1531791,0.3,0.00,0.78,0.00,3.14,0.00,0.00,0.00,1.0,95830.0,95350.0,0.0,0.0,0.5,0.0,64.144,0.000,0.0,688539.5
2026-09-09T01:00:53,0.1,4400,1547350,1531789,0.3,0.00,0.93,0.00,3.70,0.00,0.00,0.00,1.0,95830.0,95350.0,0.0,0.0,0.5,0.0,64.163,0.000,0.0,692582.5
2026-09-09T01:00:55,0.1,4403,1547350,1531786,0.3,0.00,6.90,0.00,56.15,0.00,0.06,0.00,1.0,95830.0,95350.0,0.0,0.0,0.5,0.0,64.151,0.000,0.0,635733.5
2026-09-09T01:00:59,0.2,4407,1547350,1531782,0.3,0.00,0.63,0.00,2.52,0.00,0.00,0.00,1.0,95830.0,95350.0,0.0,0.0,0.5,0.0,64.150,0.000,0.0,627964.5
2026-09-09T01:01:01,0.2,4416,1547350,1531773,0.3,0.00,4.11,0.00,18.09,0.00,0.10,0.00,1.0,95830.0,95350.0,0.0,0.0,0.5,0.0,64.131,0.000,0.0,649389.5
2026-09-09T01:01:03,0.2,4418,1547350,1531771,0.3,0.00,0.93,0.00,3.72,0.00,0.00,0.00,1.0,95830.0,95350.0,0.0,0.0,0.5,0.0,64.150,0.000,0.0,649389.5
2026-09-09T01:01:04,0.2,4418,1547350,1531772,0.3,0.00,2.41,0.00,9.63,0.00,0.00,0.00,1.0,95830.0,95350.0,0.0,0.0,0.5,0.0,64.124,0.000,0.0,770035.5
2026-09-09T01:01:06,0.1,4418,1547350,1531772,0.3,0.00,2.35,0.00,9.40,0.00,0.25,0.00,1.0,95830.0,95350.0,0.0,0.0,0.5,0.0,64.159,0.000,0.0,630674.0
2026-09-09T01:01:09,0.1,4418,1547350,1531771,0.3,0.00,0.60,0.00,2.41,0.00,0.00,0.00,1.0,95830.0,95350.0,0.0,0.0,0.5,0.0,64.142,0.000,0.0,639289.5
2026-09-09T01:01:11,0.2,4417,1547350,1531772,0.3,0.00,3.17,0.00,12.66,0.00,0.00,0.00,1.0,95830.0,95350.0,0.0,0.0,0.5,0.0,64.161,0.000,0.0,649706.0
2026-09-09T01:01:13,0.1,4420,1547350,1531770,0.3,0.00,0.92,0.00,3.69,0.00,0.00,0.00,1.0,95830.0,95350.0,0.0,0.0,0.5,0.0,64.131,0.000,0.0,651274.5
2026-09-09T01:01:15,0.1,4424,1547350,1531766,0.3,0.00,0.98,0.00,3.90,0.00,0.00,0.00,1.0,95830.0,95350.0,0.0,0.0,0.5,0.0,64.124,0.000,0.0,637355.0
2026-09-09T01:01:17,0.1,4422,1547350,1531767,0.3,0.00,1.78,0.00,7.10,0.00,0.25,0.00,1.0,95830.0,95350.0,0.0,0.0,0.5,0.0,64.135,0.000,0.0,657277.5
2026-09-09T01:01:19,0.1,4423,1547350,1531767,0.3,0.00,1.40,0.00,5.59,0.00,0.00,0.00,1.0,95830.0,95350.0,0.0,0.0,0.5,0.0,64.130,0.000,0.0,682941.5
2026-09-09T01:01:20,0.1,4423,1547350,1531766,0.3,0.00,1.23,0.00,4.91,0.00,0.00,0.06,1.0,95830.0,95350.0,0.0,0.0,0.5,0.0,64.161,0.000,0.0,658106.0
2026-09-09T01:01:24,0.1,4424,1547350,1531766,0.3,0.00,1.33,0.00,5.31,0.00,0.00,0.00,1.0,95830.0,95350.0,0.0,0.0,0.5,0.0,64.168,0.000,0.0,651578.5
2026-09-09T01:01:26,0.1,4424,1547350,1531765,0.3,0.00,5.34,0.00,28.85,0.00,0.10,0.00,1.0,95830.0,95350.0,0.0,0.0,0.5,0.0,64.163,0.000,0.0,648820.5
2026-09-09T01:01:27,0.1,4423,1547350,1531766,0.3,0.00,1.47,0.00,5.86,0.00,0.00,0.00,1.0,95830.0,95350.0,0.0,0.0,0.5,0.0,64.136,0.000,0.0,643507.5
2026-09-09T01:01:30,0.1,4423,1547350,1531766,0.3,0.00,1.85,0.00,7.41,0.00,0.00,0.00,1.0,95830.0,95350.0,0.0,0.0,0.5,0.0,64.140,0.000,0.0,656163.5
2026-09-09T01:01:31,0.1,4423,1547350,1531766,0.3,0.00,1.22,0.00,4.87,0.00,0.00,0.00,1.0,95830.0,95350.0,0.0,0.0,0.5,0.0,64.148,0.000,0.0,669384.5
2026-09-09T01:01:33,0.2,4423,1547350,1531766,0.3,0.00,1.43,0.00,5.70,0.00,0.00,0.00,1.0,95830.0,95350.0,0.0,0.0,0.5,0.0,64.156,0.000,0.0,669384.5
2026-09-09T01:01:34,0.4,4427,1547350,1531763,0.3,0.00,1.73,0.00,6.92,0.00,0.00,0.00,1.0,95830.0,95350.0,0.0,0.0,0.5,0.0,64.154,0.000,0.0,665777.5
2026-09-09T01:01:35,0.2,4432,1547350,1531757,0.3,0.00,2.37,0.00,9.48,0.00,0.00,0.00,1.0,95830.0,95350.0,0.0,0.0,0.5,0.0,64.144,0.000,0.0,798233.0
2026-09-09T01:01:37,0.2,4431,1547350,1531758,0.3,0.00,1.92,0.00,7.70,0.00,0.50,0.00,1.0,95830.0,95350.0,0.0,0.0,0.5,0.0,64.162,0.000,0.0,798233.0
2026-09-09T01:01:37,0.2,4434,1547350,1531756,0.3,0.00,5.31,0.00,21.25,0.00,0.00,0.00,1.0,95830.0,95350.0,0.0,0.0,0.5,0.0,64.141,0.000,0.0,630615.0
2026-09-09T01:01:43,0.2,4435,1547350,1531754,0.3,0.00,0.35,0.00,1.41,0.00,0.00,0.00,1.0,95830.0,95350.0,0.0,0.0,0.5,0.0,64.159,0.000,0.0,641506.0
2026-09-09T01:01:45,0.1,4436,1547350,1531753,0.3,0.00,0.82,0.00,3.30,0.00,0.00,0.04,1.0,95830.0,95350.0,0.0,0.0,0.5,0.0,64.163,0.000,0.0,674074.0
2026-09-09T01:01:47,0.2,4438,1547350,1531751,0.3,0.00,2.98,0.00,11.91,0.00,0.00,0.00,1.0,95830.0,95350.0,0.0,0.0,0.5,0.0,64.184,0.000,0.0,660519.5
2026-09-09T01:01:48,0.2,4438,1547350,1531751,0.3,0.00,1.38,0.00,5.50,0.00,0.00,0.00,1.0,95830.0,95350.0,0.0,0.0,0.5,0.0,64.166,0.000,0.0,688978.0
2026-09-09T01:01:50,0.2,4439,1547350,1531750,0.3,0.00,1.34,0.00,5.34,0.00,0.00,0.00,1.0,95830.0,95350.0,0.0,0.0,0.5,0.0,64.181,0.000,0.0,657823.0
2026-09-09T01:01:51,0.2,4440,1547350,1531749,0.3,0.00,1.20,0.00,4.81,0.00,0.00,0.00,1.0,95830.0,95350.0,0.0,0.0,0.5,0.0,64.147,0.000,0.0,641675.5
2026-09-09T01:01:54,0.1,4441,1547350,1531749,0.3,0.00,1.83,0.00,10.96,0.00,0.25,0.00,1.0,95830.0,95350.0,0.0,0.0,0.5,0.0,64.178,0.000,0.0,655637.0
2026-09-09T01:01:55,0.2,4441,1547350,1531748,0.3,0.00,1.25,0.00,4.99,0.00,0.00,0.00,1.0,95830.0,95350.0,0.0,0.0,0.5,0.0,64.177,0.000,0.0,655637.0
2026-09-09T01:01:56,0.2,4441,1547350,1531748,0.3,0.00,22.06,0.00,198.53,0.00,0.10,0.11,1.0,95830.0,95350.0,0.0,0.0,0.5,0.0,64.163,0.000,0.0,686956.0
2026-09-09T01:01:57,0.1,4441,1547350,1531748,0.3,0.00,1.39,0.00,5.56,0.00,0.00,0.00,1.0,95830.0,95350.0,0.0,0.0,0.5,0.0,64.159,0.000,0.0,654499.0
2026-09-09T01:01:59,0.2,4441,1547350,1531748,0.3,0.00,2.75,0.00,11.00,0.00,0.20,0.00,1.0,95830.0,95350.0,0.0,0.0,0.5,0.0,64.153,0.000,0.0,691852.5
2026-09-09T01:02:00,0.2,4448,1547350,1531741,0.3,0.00,2.36,0.00,9.42,0.00,0.00,0.00,1.0,95830.0,95350.0,0.0,0.0,0.5,0.0,64.156,0.000,0.0,655756.5
2026-09-09T01:02:02,0.2,4447,1547350,1531742,0.3,0.00,1.05,0.00,4.21,0.00,0.00,0.00,1.0,95830.0,95350.0,0.0,0.0,0.5,0.0,64.145,0.000,0.0,638651.5
2026-09-09T01:02:04,0.1,4448,1547350,1531741,0.3,0.00,0.95,0.00,3.82,0.00,0.00,0.05,1.0,95830.0,95350.0,0.0,0.0,0.5,0.0,64.183,0.000,0.0,638651.5
2026-09-09T01:02:05,0.2,4448,1547350,1531741,0.3,0.00,14.66,0.00,58.65,0.00,0.10,0.00,1.0,95830.0,95350.0,0.0,0.0,0.5,0.0,64.169,0.000,0.0,765515.5
2026-09-09T01:02:06,0.2,4449,1547350,1531741,0.3,0.00,2.98,0.00,11.90,0.00,0.00,0.00,1.0,95830.0,95350.0,0.0,0.0,0.5,0.0,64.136,0.000,0.0,665381.0
2026-09-09T01:02:07,0.2,4450,1547350,1531739,0.3,0.00,1.07,0.00,4.28,0.00,0.00,0.00,1.0,95830.0,95350.0,0.0,0.0,0.5,0.0,64.172,0.000,0.0,659326.5
2026-09-09T01:02:10,0.1,4450,1547350,1531739,0.3,0.00,1.62,0.00,6.48,0.00,0.00,0.00,1.0,95830.0,95350.0,0.0,0.0,0.5,0.0,64.154,0.000,0.0,653595.0
2026-09-09T01:02:11,0.2,4447,1547350,1531742,0.3,0.00,1.32,0.00,5.29,0.00,0.00,0.00,1.0,95830.0,95350.0,0.0,0.0,0.5,0.0,64.189,0.000,0.0,725228.0
2026-09-09T01:02:13,0.2,4447,1547350,1531743,0.3,0.00,1.17,0.00,4.69,0.00,0.00,0.00,1.0,95830.0,95350.0,0.0,0.0,0.5,0.0,64.202,0.000,0.0,655877.0
2026-09-09T01:02:15,0.2,4447,1547350,1531742,0.3,0.00,1.09,0.00,4.38,0.00,0.00,0.00,1.0,95830.0,95350.0,0.0,0.0,0.5,0.0,64.181,0.000,0.0,655877.0
2026-09-09T01:02:16,0.2,4447,1547350,1531742,0.3,0.00,5.67,0.00,26.47,0.00,0.17,0.00,1.0,95830.0,95350.0,0.0,0.0,0.5,0.0,64.188,0.000,0.0,665604.0
2026-09-09T01:02:18,0.1,4449,1547350,1531741,0.3,0.00,0.84,0.00,3.35,0.00,0.00,0.00,1.0,95830.0,95350.0,0.0,0.0,0.5,0.0,64.149,0.000,0.0,648534.0
2026-09-09T01:02:20,0.1,4449,1547350,1531740,0.3,0.00,1.92,0.00,7.70,0.00,0.00,0.00,1.0,95830.0,95350.0,0.0,0.0,0.5,0.0,64.169,0.000,0.0,653886.0
2026-09-09T01:02:22,0.2,4450,1547350,1531740,0.3,0.00,1.04,0.00,4.15,0.00,0.00,0.00,1.0,95830.0,95350.0,0.0,0.0,0.5,0.0,64.200,0.000,0.0,648970.0
2026-09-09T01:02:24,0.2,4449,1547350,1531741,0.3,0.00,1.01,0.00,4.06,0.00,0.00,0.00,1.0,95830.0,95350.0,0.0,0.0,0.5,0.0,64.189,0.000,0.0,658934.0
2026-09-09T01:02:27,0.1,4450,1547350,1531740,0.3,0.00,3.30,0.00,21.63,0.00,0.12,0.00,1.0,95830.0,95350.0,0.0,0.0,0.5,0.0,64.189,0.000,0.0,670013.0
2026-09-09T01:02:28,0.2,4449,1547350,1531740,0.3,0.00,1.42,0.00,5.69,0.00,0.00,0.00,1.0,95830.0,95350.0,0.0,0.0,0.5,0.0,64.203,0.000,0.0,685507.0
2026-09-09T01:02:31,0.1,4450,1547350,1531740,0.3,0.00,0.72,0.00,2.87,0.00,0.00,0.00,1.0,95830.0,95350.0,0.0,0.0,0.5,0.0,64.174,0.000,0.0,652684.0
2026-09-09T01:02:33,0.1,4449,1547350,1531740,0.3,0.00,2.51,0.00,10.04,0.00,0.00,0.00,1.0,95830.0,95350.0,0.0,0.0,0.5,0.0,64.204,0.000,0.0,648315.0
2026-09-09T01:02:35,0.1,4450,1547350,1531739,0.3,0.00,0.94,0.00,3.75,0.00,0.00,0.00,1.0,95830.0,95350.0,0.0,0.0,0.5,0.0,64.154,0.000,0.0,670410.5
2026-09-09T01:02:36,0.2,4450,1547350,1531739,0.3,0.00,1.73,0.00,6.93,0.00,0.50,0.00,1.0,95830.0,95350.0,0.0,0.0,0.5,0.0,64.165,0.000,0.0,702897.5
2026-09-09T01:02:38,0.2,4450,1547350,1531739,0.3,0.00,2.34,0.00,9.36,0.00,0.00,0.00,1.0,95830.0,95350.0,0.0,0.0,0.5,0.0,64.178,0.000,0.0,702897.5
2026-09-09T01:02:38,0.2,4451,1547350,1531738,0.3,0.00,2.15,0.00,8.61,0.00,0.00,0.00,1.0,95830.0,95350.0,0.0,0.0,0.5,0.0,64.209,0.000,0.0,675300.5
2026-09-09T01:02:40,0.1,4452,1547350,1531737,0.3,0.00,1.25,0.00,5.01,0.00,0.00,0.00,1.0,95830.0,95350.0,0.0,0.0,0.5,0.0,64.144,0.000,0.0,648923.0
2026-09-09T01:02:42,0.1,4452,1547350,1531738,0.3,0.00,1.08,0.00,4.33,0.00,0.00,0.00,1.0,95830.0,95350.0,0.0,0.0,0.5,0.0,64.199,0.000,0.0,644435.0
2026-09-09T01:02:44,0.1,4450,1547350,1531740,0.3,0.00,2.01,0.00,8.02,0.00,0.00,0.00,1.0,95830.0,95350.0,0.0,0.0,0.5,0.0,64.163,0.000,0.0,673697.0
2026-09-09T01:02:45,0.2,4450,1547350,1531739,0.3,0.00,1.73,0.00,6.94,0.00,0.00,0.00,1.0,95830.0,95350.0,0.0,0.0,0.5,0.0,64.182,0.000,0.0,663752.5
2026-09-09T01:02:47,0.4,4545,1547350,1531644,0.3,0.00,1.10,0.00,4.39,0.00,0.00,0.00,4.0,95830.0,95347.0,0.0,0.0,0.5,0.0,64.245,0.000,0.0,8089913.0
2026-09-09T01:02:48,0.1,4546,1547350,1531643,0.3,0.00,1.46,0.00,5.84,0.00,0.00,0.00,4.0,95830.0,95347.0,0.0,0.0,0.5,0.0,64.210,0.000,0.0,8089913.0
2026-09-09T01:02:49,0.2,4546,1547350,1531643,0.3,0.00,2.76,0.00,11.05,0.00,0.50,0.14,4.0,95830.0,95347.0,0.0,0.0,0.5,0.0,64.178,0.000,0.0,696275.0
2026-09-09T01:02:50,0.2,4548,1547350,1531642,0.3,0.00,2.80,0.00,11.18,0.00,0.00,0.00,4.0,95830.0,95347.0,0.0,0.0,0.5,0.0,64.213,0.000,0.0,638809.5
2026-09-09T01:02:53,0.1,4549,1547350,1531640,0.3,0.00,1.67,0.00,8.00,0.00,0.00,0.00,4.0,95830.0,95347.0,0.0,0.0,0.5,0.0,64.198,0.000,0.0,650312.5
2026-09-09T01:02:56,0.2,4551,1547350,1531638,0.3,0.00,0.92,0.00,3.66,0.00,0.00,0.00,4.0,95830.0,95347.0,0.0,0.0,0.5,0.0,64.213,0.000,0.0,646097.5
2026-09-09T01:02:58,0.2,4557,1547350,1531632,0.3,0.00,7.24,0.00,67.15,0.00,0.11,0.00,4.0,95830.0,95347.0,0.0,0.0,0.5,0.0,64.199,0.000,0.0,674864.0
2026-09-09T01:03:00,0.2,4560,1547350,1531629,0.3,0.00,2.14,0.00,8.57,0.00,0.00,0.00,4.0,95830.0,95347.0,0.0,0.0,0.5,0.0,64.218,0.000,0.0,686939.0
2026-09-09T01:03:03,0.2,4685,1547350,1531494,0.3,0.00,0.86,0.00,3.44,0.00,0.00,0.00,4.0,95830.0,95347.0,0.0,0.0,0.5,0.0,80.347,0.001,0.0,8425099.0
2026-09-09T01:03:05,0.3,4800,1547350,1531370,0.3,0.00,3.65,0.00,14.60,0.00,0.10,0.00,746.0,95830.0,94606.0,0.0,0.0,0.5,0.0,93.297,0.001,0.0,5114047.5
2026-09-09T01:03:08,0.1,4810,1547350,1531360,0.3,0.00,0.92,0.00,3.69,0.00,0.00,0.00,746.0,95830.0,94606.0,0.0,0.0,0.5,0.0,93.362,0.000,0.0,687029.0
2026-09-09T01:03:10,0.1,4811,1547350,1531358,0.3,0.00,0.89,0.00,3.56,0.00,0.00,0.00,746.0,95830.0,94606.0,0.0,0.0,0.5,0.0,93.394,0.000,0.0,696641.0
2026-09-09T01:03:11,0.3,4811,1547350,1531359,0.3,0.00,4.73,0.00,18.93,0.00,0.00,0.00,746.0,95830.0,94606.0,0.0,0.0,0.5,0.0,93.451,0.000,0.0,696641.0
2026-09-09T01:03:11,0.2,4810,1547350,1531360,0.3,0.00,3.37,0.00,13.49,0.00,0.00,0.00,746.0,95830.0,94606.0,0.0,0.0,0.5,0.0,93.489,0.000,0.0,745698.0
2026-09-09T01:03:12,0.2,4810,1547350,1531359,0.3,0.00,3.44,0.00,13.75,0.00,0.00,0.00,746.0,95830.0,94606.0,0.0,0.0,0.5,0.0,93.506,0.000,0.0,745698.0
2026-09-09T01:03:13,0.2,4812,1547350,1531358,0.3,0.00,2.21,0.00,8.82,0.00,0.50,0.22,746.0,95830.0,94606.0,0.0,0.0,0.5,0.0,93.531,0.000,0.0,716854.0
2026-09-09T01:03:13,0.3,4811,1547350,1531358,0.3,0.00,4.07,0.00,16.26,0.00,0.00,0.00,746.0,95830.0,94606.0,0.0,0.0,0.5,0.0,93.583,0.000,0.0,672282.0
2026-09-09T01:03:14,0.2,4812,1547350,1531357,0.3,0.00,1.75,0.00,6.99,0.00,0.00,0.00,746.0,95830.0,94606.0,0.0,0.0,0.5,0.0,93.630,0.000,0.0,659335.5
2026-09-09T01:03:16,0.2,4813,1547350,1531356,0.3,0.00,1.51,0.00,6.05,0.00,0.00,0.00,746.0,95830.0,94606.0,0.0,0.0,0.5,0.0,93.603,0.000,0.0,659335.5
2026-09-09T01:03:17,0.2,4814,1547350,1531355,0.3,0.00,6.73,0.00,26.91,0.00,0.00,0.00,746.0,95830.0,94606.0,0.0,0.0,0.5,0.0,93.626,0.000,0.0,728199.5
2026-09-09T01:03:17,0.2,4812,1547350,1531357,0.3,0.00,3.50,0.00,13.99,0.00,0.00,0.00,746.0,95830.0,94606.0,0.0,0.0,0.5,0.0,93.630,0.000,0.0,651271.5
2026-09-09T01:03:19,0.1,4812,1547350,1531357,0.3,0.00,1.09,0.00,4.35,0.00,0.00,0.00,746.0,95830.0,94606.0,0.0,0.0,0.5,0.0,93.678,0.000,0.0,682888.5
2026-09-09T01:03:20,0.2,4813,1547350,1531357,0.3,0.00,1.62,0.00,6.46,0.00,0.00,0.00,746.0,95830.0,94606.0,0.0,0.0,0.5,0.0,93.679,0.000,0.0,682888.5
2026-09-09T01:03:21,0.2,4814,1547350,1531355,0.3,0.00,5.28,0.00,21.11,0.00,0.25,0.00,746.0,95830.0,94606.0,0.0,0.0,0.5,0.0,93.731,0.000,0.0,668020.5
2026-09-09T01:03:23,1.7,4814,1547350,1531355,0.3,0.00,1.19,0.00,4.75,0.00,0.00,0.00,746.0,95830.0,94606.0,0.0,0.0,0.5,0.0,93.784,0.000,0.0,661950.0
2026-09-09T01:03:24,0.1,4816,1547350,1531353,0.3,0.00,1.45,0.00,5.81,0.00,0.00,0.00,746.0,95830.0,94606.0,0.0,0.0,0.5,0.0,93.864,0.000,0.0,646615.5
2026-09-09T01:03:26,0.1,4818,1547350,1531351,0.3,0.00,1.10,0.00,4.39,0.00,0.00,0.00,746.0,95830.0,94606.0,0.0,0.0,0.5,0.0,93.837,0.000,0.0,669473.0
2026-09-09T01:03:27,0.2,4819,1547350,1531350,0.3,0.00,1.78,0.00,7.12,0.00,0.00,0.00,746.0,95830.0,94606.0,0.0,0.0,0.5,0.0,93.892,0.000,0.0,669473.0
2026-09-09T01:03:28,0.2,4821,1547350,1531349,0.3,0.00,9.06,0.00,60.59,0.00,0.00,0.00,746.0,95830.0,94606.0,0.0,0.0,0.5,0.0,93.959,0.000,0.0,655037.0
2026-09-09T01:03:30,0.1,4822,1547350,1531347,0.3,0.00,0.93,0.00,3.72,0.00,0.00,0.00,746.0,95830.0,94606.0,0.0,0.0,0.5,0.0,93.960,0.000,0.0,655037.0
2026-09-09T01:03:31,0.2,4823,1547350,1531346,0.3,0.00,2.15,0.00,8.60,0.00,0.50,0.00,746.0,95830.0,94606.0,0.0,0.0,0.5,0.0,94.005,0.000,0.0,713577.0
2026-09-09T01:03:32,0.2,4822,1547350,1531347,0.3,0.00,2.72,0.00,10.90,0.00,0.00,0.00,746.0,95830.0,94606.0,0.0,0.0,0.5,0.0,93.981,0.000,0.0,657875.5
2026-09-09T01:03:33,0.2,4824,1547350,1531346,0.3,0.00,3.00,0.00,11.99,0.00,0.00,0.00,746.0,95830.0,94606.0,0.0,0.0,0.5,0.0,94.121,0.000,0.0,632428.5
2026-09-09T01:03:35,0.1,4826,1547350,1531344,0.3,0.00,1.07,0.00,4.29,0.00,0.00,0.00,746.0,95830.0,94606.0,0.0,0.0,0.5,0.0,94.124,0.000,0.0,679429.5
2026-09-09T01:03:36,0.2,4827,1547350,1531343,0.3,0.00,1.35,0.00,5.39,0.00,0.00,0.00,746.0,95830.0,94606.0,0.0,0.0,0.5,0.0,94.165,0.000,0.0,664722.5
2026-09-09T01:03:38,0.1,4827,1547350,1531342,0.3,0.00,2.22,0.00,8.89,0.00,0.00,0.00,746.0,95830.0,94606.0,0.0,0.0,0.5,0.0,94.209,0.000,0.0,653507.0
2026-09-09T01:03:40,0.1,4830,1547350,1531340,0.3,0.00,1.13,0.00,4.54,0.00,0.00,0.00,746.0,95830.0,94606.0,0.0,0.0,0.5,0.0,94.183,0.000,0.0,647890.5
2026-09-09T01:03:42,0.1,4830,1547350,1531339,0.3,0.00,1.09,0.00,4.37,0.00,0.00,0.00,746.0,95830.0,94606.0,0.0,0.0,0.5,0.0,94.269,0.000,0.0,669102.5
2026-09-09T01:03:43,0.2,4830,1547350,1531339,0.3,0.00,1.80,0.00,7.21,0.00,0.50,0.00,746.0,95830.0,94606.0,0.0,0.0,0.5,0.0,94.284,0.000,0.0,675375.5
2026-09-09T01:03:44,0.2,4830,1547350,1531339,0.3,0.00,3.92,0.00,15.67,0.00,0.00,0.00,746.0,95830.0,94606.0,0.0,0.0,0.5,0.0,94.243,0.000,0.0,668843.0
2026-09-09T01:03:45,0.2,4831,1547350,1531338,0.3,0.00,1.49,0.00,5.97,0.00,0.00,0.00,746.0,95830.0,94606.0,0.0,0.0,0.5,0.0,94.266,0.000,0.0,668843.0
2026-09-09T01:03:46,0.3,4831,1547350,1531338,0.3,0.00,3.76,0.00,15.04,0.00,0.00,0.00,746.0,95830.0,94606.0,0.0,0.0,0.5,0.0,94.331,0.000,0.0,771419.0
2026-09-09T01:03:47,0.2,4831,1547350,1531338,0.3,0.00,2.16,0.00,8.66,0.00,0.00,0.00,746.0,95830.0,94606.0,0.0,0.0,0.5,0.0,94.377,0.000,0.0,659001.5
2026-09-09T01:03:48,0.1,4830,1547350,1531339,0.3,0.00,1.35,0.00,5.39,0.00,0.00,0.07,746.0,95830.0,94606.0,0.0,0.0,0.5,0.0,94.380,0.000,0.0,659001.5
2026-09-09T01:03:49,0.2,4831,1547350,1531339,0.3,0.00,2.39,0.00,9.56,0.00,0.00,0.00,746.0,95830.0,94606.0,0.0,0.0,0.5,0.0,94.410,0.000,0.0,676155.0
2026-09-09T01:03:50,0.2,4831,1547350,1531338,0.3,0.00,3.06,0.00,12.25,0.00,0.00,0.00,746.0,95830.0,94606.0,0.0,0.0,0.5,0.0,94.442,0.000,0.0,631812.0
2026-09-09T01:03:52,0.1,4832,1547350,1531337,0.3,0.00,0.99,0.00,3.97,0.00,0.00,0.00,746.0,95830.0,94606.0,0.0,0.0,0.5,0.0,94.454,0.000,0.0,665117.5
2026-09-09T01:03:54,0.1,4832,1547350,1531337,0.3,0.00,1.10,0.00,4.39,0.00,0.00,0.00,746.0,95830.0,94606.0,0.0,0.0,0.5,0.0,94.582,0.000,0.0,639275.5
2026-09-09T01:03:57,0.1,4833,1547350,1531336,0.3,0.00,1.61,0.00,9.64,0.00,0.25,0.04,746.0,95830.0,94606.0,0.0,0.0,0.5,0.0,94.596,0.000,0.0,636165.0
2026-09-09T01:03:59,0.1,4834,1547350,1531335,0.3,0.00,6.47,0.00,73.31,0.00,0.07,0.00,746.0,95830.0,94606.0,0.0,0.0,0.5,0.0,94.634,0.000,0.0,640246.5
2026-09-09T01:04:02,0.2,4835,1547350,1531334,0.3,0.00,0.82,0.00,3.26,0.00,0.00,0.00,746.0,95830.0,94606.0,0.0,0.0,0.5,0.0,94.656,0.000,0.0,637608.0
2026-09-09T01:04:03,0.1,4836,1547350,1531334,0.3,0.00,5.86,0.00,23.43,0.00,0.09,0.00,746.0,95830.0,94606.0,0.0,0.0,0.5,0.0,94.656,0.000,0.0,654428.5
2026-09-09T01:04:05,0.2,4835,1547350,1531334,0.3,0.00,1.14,0.00,4.56,0.00,0.50,0.00,746.0,95830.0,94606.0,0.0,0.0,0.5,0.0,94.660,0.000,0.0,704112.0
2026-09-09T01:04:07,0.1,4836,1547350,1531333,0.3,0.00,1.07,0.00,4.26,0.00,0.00,0.00,746.0,95830.0,94606.0,0.0,0.0,0.5,0.0,94.688,0.000,0.0,657058.5
2026-09-09T01:04:08,0.2,4835,1547350,1531334,0.3,0.00,3.31,0.00,13.23,0.00,0.00,0.00,746.0,95830.0,94606.0,0.0,0.0,0.5,0.0,94.746,0.000,0.0,643930.5
2026-09-09T01:04:11,0.1,4837,1547350,1531332,0.3,0.00,0.81,0.00,3.26,0.00,0.00,0.00,746.0,95830.0,94606.0,0.0,0.0,0.5,0.0,94.777,0.000,0.0,684613.5
2026-09-09T01:04:12,0.2,4842,1547350,1531327,0.3,0.00,1.39,0.00,5.56,0.00,0.00,0.00,746.0,95830.0,94606.0,0.0,0.0,0.5,0.0,94.793,0.000,0.0,681709.0
2026-09-09T01:04:13,0.2,4841,1547350,1531328,0.3,0.00,2.55,0.00,10.19,0.00,0.00,0.13,746.0,95830.0,94606.0,0.0,0.0,0.5,0.0,94.827,0.000,0.0,681709.0
2026-09-09T01:04:14,0.2,5030,1547350,1531140,0.3,0.00,9.05,0.00,42.23,0.00,0.17,0.00,746.0,95830.0,94606.0,0.0,0.0,0.5,0.0,94.894,0.000,0.0,651459.0
2026-09-09T01:04:16,0.1,5032,1547350,1531137,0.3,0.00,0.74,0.00,2.98,0.00,0.00,0.00,746.0,95830.0,94606.0,0.0,0.0,0.5,0.0,94.929,0.000,0.0,636741.0
2026-09-09T01:04:19,0.1,5034,1547350,1531135,0.3,0.00,0.81,0.00,3.25,0.00,0.00,0.00,746.0,95830.0,94606.0,0.0,0.0,0.5,0.0,94.941,0.000,0.0,636741.0
2026-09-09T01:04:20,0.2,5033,1547350,1531136,0.3,0.00,4.88,0.00,19.54,0.00,0.00,0.00,746.0,95830.0,94606.0,0.0,0.0,0.5,0.0,95.048,0.000,0.0,660164.0
2026-09-09T01:04:23,0.1,5035,1547350,1531134,0.3,0.00,0.57,0.00,2.27,0.00,0.00,0.00,746.0,95830.0,94606.0,0.0,0.0,0.5,0.0,95.116,0.000,0.0,773386.5
2026-09-09T01:04:24,1.4,4816,1547350,1531353,0.3,0.00,5.41,0.00,21.62,0.00,0.00,0.00,746.0,95830.0,94606.0,0.0,0.0,0.5,0.0,98.201,0.001,0.0,6745411.0
2026-09-09T01:04:26,0.1,4817,1547350,1531353,0.3,0.38,0.77,1.54,3.07,0.00,0.00,0.00,746.0,95830.0,94606.0,0.0,0.0,0.5,0.0,98.181,0.000,0.0,686302.0
2026-09-09T01:04:28,0.1,4816,1547350,1531353,0.3,0.00,3.26,0.00,27.09,0.00,0.00,0.00,746.0,95830.0,94606.0,0.0,0.0,0.5,0.0,98.203,0.000,0.0,686302.0
2026-09-09T01:04:29,0.1,4816,1547350,1531353,0.3,0.00,3.32,0.00,13.27,0.00,0.50,0.00,746.0,95830.0,94606.0,0.0,0.0,0.5,0.0,98.206,0.000,0.0,659342.0
2026-09-09T01:04:32,0.1,4816,1547350,1531353,0.3,0.00,1.62,0.00,7.77,0.00,0.00,0.00,746.0,95830.0,94606.0,0.0,0.0,0.5,0.0,98.261,0.000,0.0,632681.0
2026-09-09T01:04:34,0.1,5308,1547350,1530841,0.3,0.00,0.71,0.00,2.84,0.00,0.00,0.00,856.0,95830.0,94496.0,0.0,16.5,0.5,39.0,212.786,0.124,0.1,2647047.5
2026-09-09T01:04:37,4.3,5974,1547350,1530175,0.4,0.00,0.71,0.00,2.85,0.00,0.00,0.00,2648.0,95830.0,92704.0,3.0,15.5,0.5,35.5,232.219,0.124,0.1,2647047.5
2026-09-09T01:04:39,8.5,5998,1547350,1530151,0.4,0.00,2.24,0.00,8.97,0.00,0.00,0.00,2648.0,95830.0,92704.0,0.0,18.5,0.5,41.0,220.241,0.401,0.4,8020300.5
2026-09-09T01:04:42,8.0,6067,1547350,1530081,0.4,0.00,1.06,0.00,4.24,0.00,0.25,0.00,2648.0,95830.0,92704.0,0.0,15.5,0.5,38.5,237.909,0.429,0.4,7739262.0
2026-09-09T01:04:47,5.6,6234,1547350,1529915,0.4,0.00,0.45,0.00,1.79,0.00,0.00,0.00,2648.0,95830.0,92704.0,21.0,26.5,0.5,50.0,223.443,0.422,0.4,6928366.0
2026-09-09T01:04:51,5.6,6301,1547350,1529848,0.4,0.00,0.91,0.00,3.64,0.00,0.00,0.00,2648.0,95830.0,92704.0,12.0,16.5,0.5,37.0,228.705,0.392,0.4,7830131.5
2026-09-09T01:04:55,5.9,6388,1547350,1529761,0.4,0.00,1.07,0.00,4.28,0.00,0.00,0.00,2648.0,95830.0,92704.0,12.0,20.0,0.5,47.5,223.477,0.395,0.4,8369097.5
2026-09-09T01:04:59,5.7,6444,1547350,1529705,0.4,0.00,4.46,0.00,49.54,0.00,0.12,0.00,2648.0,95830.0,92704.0,0.0,2.0,0.5,5.0,210.108,0.348,0.3,6962682.5
2026-09-09T01:05:03,6.1,6527,1547350,1529622,0.4,0.00,1.41,0.00,7.54,0.00,0.00,0.00,2648.0,95830.0,92704.0,7.0,17.0,0.5,38.5,236.474,0.401,0.4,7301763.0
2026-09-09T01:05:08,5.5,6665,1547350,1529484,0.4,0.00,1.93,0.00,7.73,0.00,0.11,0.00,2650.0,95830.0,92702.0,0.0,19.0,0.5,44.0,238.229,0.408,0.4,8392938.0
2026-09-09T01:05:11,6.2,6727,1547350,1529422,0.4,0.00,0.58,0.00,2.32,0.00,0.00,0.00,2650.0,95830.0,92702.0,21.0,8.5,0.5,21.5,193.933,0.379,0.3,7086745.5
2026-09-09T01:05:15,5.9,6843,1547350,1529305,0.4,0.00,1.57,0.00,6.28,0.00,0.17,0.00,2650.0,95830.0,92702.0,0.0,14.5,0.5,27.0,224.167,0.348,0.3,7626023.0
2026-09-09T01:05:20,6.5,6947,1547350,1529201,0.4,0.00,0.86,0.00,3.46,0.00,0.00,0.00,2650.0,95830.0,92702.0,0.0,17.5,0.5,41.0,228.619,0.411,0.4,8062774.0
2026-09-09T01:05:23,5.6,6992,1547350,1529157,0.5,0.00,1.32,0.00,5.27,0.00,0.00,0.00,2650.0,95830.0,92702.0,9.0,20.5,0.5,46.0,229.697,0.388,0.4,7959646.5
2026-09-09T01:05:28,5.7,7101,1547350,1529047,0.5,0.00,2.46,0.00,12.30,0.00,0.09,0.00,2650.0,95830.0,92702.0,5.0,17.0,0.5,39.5,237.274,0.413,0.4,7332440.0
2026-09-09T01:05:32,5.8,7162,1547350,1528987,0.5,0.00,0.50,0.00,2.02,0.00,0.00,0.00,2650.0,95830.0,92702.0,23.0,23.0,0.5,54.5,242.130,0.399,0.4,7584581.5
2026-09-09T01:05:35,5.7,7224,1547350,1528925,0.5,0.00,1.48,0.00,5.92,0.00,0.00,0.00,2650.0,95830.0,92702.0,10.0,18.0,0.5,38.0,232.688,0.374,0.3,7569658.5
2026-09-09T01:05:38,6.0,7307,1547350,1528842,0.5,0.00,0.63,0.00,2.53,0.00,0.00,0.00,2650.0,95830.0,92702.0,12.0,19.5,0.5,38.5,235.550,0.405,0.4,8021103.0
2026-09-09T01:05:41,5.6,7387,1547350,1528762,0.5,0.00,1.70,0.00,6.81,0.00,0.00,0.00,2650.0,95830.0,92702.0,9.0,8.0,0.5,17.0,222.128,0.394,0.4,7269431.0
2026-09-09T01:05:43,6.0,7427,1547350,1528721,0.5,0.00,0.76,0.00,3.05,0.00,0.00,0.00,2650.0,95830.0,92702.0,9.0,16.0,0.5,34.5,208.705,0.339,0.3,7251154.0
2026-09-09T01:05:45,7.2,7474,1547350,1528675,0.5,0.00,1.42,0.00,5.69,0.00,0.50,0.00,2650.0,95830.0,92702.0,14.0,23.5,0.5,50.0,221.683,0.389,0.4,7469059.0
2026-09-09T01:05:46,5.9,7481,1547350,1528667,0.5,0.00,0.67,0.00,2.68,0.00,0.00,0.00,2650.0,95830.0,92702.0,14.0,19.0,0.5,47.5,243.943,0.389,0.4,7469059.0
2026-09-09T01:05:47,6.3,7493,1547350,1528656,0.5,0.00,7.23,0.00,28.90,0.00,0.00,0.00,2650.0,95830.0,92702.0,11.0,20.5,0.5,47.5,245.841,0.436,0.4,7135223.0
2026-09-09T01:05:50,5.2,7535,1547350,1528613,0.5,0.00,0.76,0.00,3.03,0.00,0.00,0.00,2650.0,95830.0,92702.0,12.0,22.0,0.5,50.0,218.044,0.375,0.3,7199511.0
2026-09-09T01:05:52,6.0,7577,1547350,1528571,0.5,0.00,1.63,0.00,6.51,0.00,0.00,0.04,2650.0,95830.0,92702.0,21.0,16.5,0.5,39.5,232.632,0.384,0.3,8123972.5
2026-09-09T01:05:55,5.7,7660,1547350,1528489,0.5,0.00,0.60,0.00,2.40,0.00,0.00,0.00,2650.0,95830.0,92702.0,12.0,22.0,0.5,47.0,232.409,0.349,0.3,7267908.5
2026-09-09T01:05:58,5.7,7721,1547350,1528428,0.5,0.00,5.69,0.00,54.90,0.00,0.12,0.00,2650.0,95830.0,92702.0,0.0,20.0,0.5,45.0,230.508,0.395,0.4,7841443.5
2026-09-09T01:06:01,5.8,7844,1547350,1528304,0.5,0.00,1.46,0.00,5.86,0.00,0.00,0.00,2650.0,95830.0,92702.0,20.0,18.5,0.5,41.0,230.019,0.399,0.4,7179704.0
2026-09-09T01:06:04,5.5,7846,1547350,1528302,0.5,0.00,30.82,0.00,204.64,0.00,0.09,0.00,2650.0,95830.0,92702.0,12.0,19.0,0.5,46.5,230.653,0.410,0.4,8323205.5
2026-09-09T01:06:07,5.3,7916,1547350,1528233,0.5,0.00,0.43,0.00,1.73,0.00,0.00,0.00,2650.0,95830.0,92702.0,7.0,20.0,0.5,46.5,234.190,0.383,0.3,6759924.5
2026-09-09T01:06:08,6.9,7957,1547350,1528192,0.5,0.00,3.97,0.00,15.90,0.00,0.00,0.08,2650.0,95830.0,92702.0,0.0,17.0,0.5,39.5,232.090,0.397,0.4,8068226.0
2026-09-09T01:06:10,5.7,7984,1547350,1528165,0.5,0.00,1.11,0.00,4.43,0.00,0.33,0.00,2650.0,95830.0,92702.0,14.0,18.5,0.5,42.5,234.225,0.427,0.4,7286337.5
2026-09-09T01:06:12,5.5,8024,1547350,1528125,0.5,0.00,1.10,0.00,4.38,0.00,0.00,0.00,2650.0,95830.0,92702.0,9.0,18.0,0.5,39.0,240.521,0.409,0.4,7655228.5
2026-09-09T01:06:15,5.9,8073,1547350,1528076,0.5,0.00,2.11,0.00,8.43,0.00,0.00,0.00,2650.0,95830.0,92702.0,0.0,5.0,0.5,11.0,215.394,0.385,0.4,7266601.5
2026-09-09T01:06:19,4.9,8176,1547350,1527973,0.5,0.00,1.09,0.00,4.35,0.00,0.00,0.00,2650.0,95830.0,92702.0,17.0,20.0,0.5,46.0,248.279,0.363,0.3,6997606.5
2026-09-09T01:06:22,6.1,8205,1547350,1527943,0.5,0.00,0.69,0.00,2.78,0.00,0.50,0.03,2650.0,95830.0,92702.0,0.0,20.0,0.5,44.0,228.958,0.430,0.4,7768693.0
2026-09-09T01:06:25,6.0,8263,1547350,1527885,0.5,0.00,0.65,0.00,2.61,0.00,0.00,0.00,2650.0,95830.0,92702.0,0.0,18.5,0.5,40.0,225.535,0.364,0.3,7457835.0
2026-09-09T01:06:25,5.9,8288,1547350,1527861,0.5,0.00,5.32,0.00,21.28,0.00,0.00,0.00,2650.0,95830.0,92702.0,13.0,22.5,0.5,49.5,229.651,0.424,0.4,7864237.0
2026-09-09T01:06:27,5.5,8317,1547350,1527832,0.5,0.00,1.09,0.00,4.37,0.00,0.00,0.00,2650.0,95830.0,92702.0,13.0,19.5,0.5,43.5,233.838,0.386,0.4,7797509.0
2026-09-09T01:06:28,9.2,8325,1547350,1527823,0.5,0.00,8.45,0.00,97.97,0.00,0.00,0.00,2650.0,95830.0,92702.0,8.0,16.0,0.5,36.0,236.371,0.408,0.4,7793206.5
2026-09-09T01:06:31,5.5,8399,1547350,1527750,0.5,0.00,1.45,0.00,5.82,0.00,0.00,0.00,2650.0,95830.0,92702.0,0.0,6.5,0.5,13.0,226.493,0.383,0.3,7092187.5
2026-09-09T01:06:33,5.8,8451,1547350,1527697,0.5,0.00,0.68,0.00,2.70,0.00,0.00,0.00,2650.0,95830.0,92702.0,8.0,19.5,0.5,44.0,204.385,0.391,0.4,6959269.0
2026-09-09T01:06:35,5.4,8485,1547350,1527664,0.5,0.00,1.09,0.00,4.35,0.00,0.00,0.05,2650.0,95830.0,92702.0,12.0,21.0,0.5,50.0,241.504,0.439,0.4,7580974.5
2026-09-09T01:06:38,6.4,8553,1547350,1527596,0.6,0.00,2.44,0.00,9.76,0.00,0.17,0.00,2650.0,95830.0,92702.0,21.0,14.0,0.5,33.5,229.579,0.372,0.3,7460693.5
2026-09-09T01:06:40,5.9,8603,1547350,1527546,0.6,0.00,0.86,0.00,3.45,0.00,0.00,0.00,2650.0,95830.0,92702.0,0.0,15.5,0.5,33.5,232.847,0.389,0.4,7793679.0
2026-09-09T01:06:42,6.4,8650,1547350,1527499,0.6,0.00,2.54,0.00,10.16,0.00,0.00,0.05,2650.0,95830.0,92702.0,11.0,19.0,0.5,44.5,238.943,0.380,0.3,7497353.5
2026-09-09T01:06:45,5.7,8691,1547350,1527458,0.6,0.00,0.69,0.00,2.75,0.00,0.00,0.00,2650.0,95830.0,92702.0,11.0,6.0,0.5,13.5,225.451,0.382,0.3,7365587.0
2026-09-09T01:06:48,5.8,8799,1547350,1527350,0.6,0.00,1.40,0.00,5.60,0.00,0.00,0.00,2650.0,95830.0,92702.0,15.0,14.0,0.5,32.0,239.953,0.430,0.4,7175963.0
2026-09-09T01:06:51,5.8,8837,1547350,1527312,0.6,0.00,0.94,0.00,3.75,0.00,0.33,0.00,2650.0,95830.0,92702.0,17.0,14.0,0.5,33.0,236.465,0.431,0.4,7768255.5
2026-09-09T01:06:53,5.9,8878,1547350,1527270,0.6,0.00,1.40,0.00,5.60,0.00,0.00,0.00,2650.0,95830.0,92702.0,23.0,4.5,0.5,12.0,207.493,0.335,0.3,6614515.5
2026-09-09T01:06:55,6.2,8934,1547350,1527214,0.6,0.00,1.73,0.00,8.64,0.00,0.00,0.00,2650.0,95830.0,92702.0,9.0,16.0,0.5,37.0,235.621,0.394,0.4,7656331.5
2026-09-09T01:06:58,5.9,8979,1547350,1527170,0.6,0.00,0.76,0.00,3.04,0.00,0.00,0.04,2650.0,95830.0,92702.0,23.0,16.0,0.5,36.0,234.231,0.402,0.4,7305620.5
2026-09-09T01:06:59,6.8,9008,1547350,1527141,0.6,0.00,47.67,0.00,490.27,0.00,0.14,0.10,2650.0,95830.0,92702.0,12.0,16.5,0.5,36.0,231.555,0.392,0.4,7539894.0
2026-09-09T01:07:02,6.1,9046,1547350,1527103,0.6,0.00,0.74,0.00,2.96,0.00,0.00,0.00,2650.0,95830.0,92702.0,20.0,15.5,0.5,36.0,224.612,0.372,0.3,7284485.0
2026-09-09T01:07:03,5.3,9052,1547350,1527096,0.6,0.00,1.15,0.00,4.58,0.00,0.00,0.00,2650.0,95830.0,92702.0,0.0,17.5,0.5,41.0,231.554,0.394,0.4,8140556.5
2026-09-09T01:07:05,5.4,9114,1547350,1527034,0.6,0.00,1.08,0.00,4.31,0.00,0.00,0.00,2650.0,95830.0,92702.0,11.0,19.0,0.5,39.5,233.991,0.395,0.4,7644874.5
2026-09-09T01:07:06,6.7,9122,1547350,1527027,0.6,0.00,10.37,0.00,41.47,0.00,0.18,0.00,2650.0,95830.0,92702.0,18.0,18.0,0.5,41.0,229.882,0.361,0.3,7447397.5
2026-09-09T01:07:09,5.6,9204,1547350,1526945,0.6,0.00,0.65,0.00,2.61,0.00,0.00,0.00,2650.0,95830.0,92702.0,12.0,19.0,0.5,46.5,236.399,0.389,0.4,7403028.5
2026-09-09T01:07:12,6.6,9235,1547350,1526913,0.6,0.00,2.13,0.00,9.95,0.00,0.00,0.00,2650.0,95830.0,92702.0,12.0,14.0,0.5,34.0,233.767,0.399,0.4,7810902.0
2026-09-09T01:07:14,5.8,9284,1547350,1526865,0.6,0.00,0.87,0.00,3.46,0.00,0.00,0.00,2650.0,95830.0,92702.0,0.0,16.0,0.5,36.0,224.436,0.388,0.4,7610626.0
2026-09-09T01:07:16,6.1,9350,1547350,1526799,0.6,0.00,1.55,0.00,6.22,0.00,0.25,0.00,2650.0,95830.0,92702.0,0.0,16.5,0.5,36.5,236.304,0.412,0.4,7695710.5
2026-09-09T01:07:20,6.5,9431,1547350,1526718,0.6,0.00,0.97,0.00,3.86,0.00,0.00,0.00,2650.0,95830.0,92702.0,21.0,19.0,0.5,41.5,239.502,0.418,0.4,7637348.5
2026-09-09T01:07:22,5.7,9501,1547350,1526648,0.6,0.00,1.47,0.00,5.87,0.00,0.00,0.00,2650.0,95830.0,92702.0,0.0,17.5,0.5,36.5,221.364,0.376,0.3,7274840.0
2026-09-09T01:07:24,6.0,9533,1547350,1526615,0.6,0.00,1.13,0.00,4.54,0.00,0.00,0.00,2650.0,95830.0,92702.0,12.0,16.5,0.5,33.0,224.280,0.390,0.4,7678149.0
2026-09-09T01:07:28,5.6,9582,1547350,1526567,0.6,0.00,1.07,0.00,4.27,0.00,0.00,0.00,2650.0,95830.0,92702.0,23.0,15.0,0.5,35.5,235.808,0.386,0.4,7093907.5
2026-09-09T01:07:31,4.8,9652,1547350,1526496,0.6,0.00,4.56,0.00,25.36,0.00,0.07,0.00,2650.0,95830.0,92702.0,0.0,24.0,0.5,56.0,233.694,0.388,0.4,6963524.0
2026-09-09T01:07:34,5.5,9714,1547350,1526434,0.6,0.00,1.52,0.00,6.07,0.00,0.25,0.00,2650.0,95830.0,92702.0,0.0,21.5,0.5,29.0,234.479,0.353,0.3,7405615.5
2026-09-09T01:07:37,5.7,9755,1547350,1526393,0.6,0.00,0.69,0.00,2.77,0.00,0.00,0.00,2650.0,95830.0,92702.0,0.0,17.0,0.5,41.0,238.189,0.411,0.4,7559995.0
2026-09-09T01:07:38,5.4,9791,1547350,1526357,0.6,0.00,1.17,0.00,4.70,0.00,0.00,0.00,2650.0,95830.0,92702.0,15.0,22.5,0.5,53.0,229.216,0.391,0.4,7210258.0
2026-09-09T01:07:41,6.2,9829,1547350,1526320,0.6,0.00,1.79,0.00,7.15,0.00,0.00,0.00,2650.0,95830.0,92702.0,12.0,14.5,0.5,34.0,235.086,0.391,0.4,7210258.0
2026-09-09T01:07:42,6.1,9899,1547350,1526250,0.6,0.00,1.62,0.00,6.49,0.00,0.00,0.00,2650.0,95830.0,92702.0,4.0,15.5,0.5,34.5,229.263,0.410,0.4,8273771.0
2026-09-09T01:07:44,5.6,9937,1547350,1526212,0.6,0.00,0.89,0.00,3.57,0.00,0.00,0.00,2650.0,95830.0,92702.0,0.0,7.5,0.5,19.0,218.482,0.370,0.3,7291293.5
2026-09-09T01:07:45,6.3,9954,1547350,1526195,0.6,0.00,3.73,0.00,14.94,0.00,0.00,0.00,2650.0,95830.0,92702.0,0.0,12.0,0.5,26.5,227.440,0.434,0.4,7517303.5
2026-09-09T01:07:47,5.7,9970,1547350,1526179,0.6,0.00,1.06,0.00,4.23,0.00,0.00,0.00,2650.0,95830.0,92702.0,20.0,14.0,0.5,31.5,226.863,0.400,0.4,7998086.5
2026-09-09T01:07:49,5.7,10018,1547350,1526131,0.6,0.00,1.09,0.00,4.34,0.00,0.00,0.00,2650.0,95830.0,92702.0,12.0,17.0,0.5,43.5,215.498,0.378,0.3,7563970.5
2026-09-09T01:07:51,5.9,10041,1547350,1526108,0.6,0.00,0.98,0.00,3.92,0.00,0.50,0.00,2650.0,95830.0,92702.0,0.0,23.0,0.5,56.0,223.459,0.388,0.4,7667915.0
2026-09-09T01:07:53,5.9,10104,1547350,1526045,0.7,0.00,2.21,0.00,8.86,0.00,0.00,0.00,2650.0,95830.0,92702.0,0.0,18.5,0.5,43.5,234.615,0.426,0.4,7740739.5
2026-09-09T01:07:56,5.8,10139,1547350,1526009,0.7,0.00,0.73,0.00,2.91,0.00,0.00,0.00,2650.0,95830.0,92702.0,0.0,8.5,0.5,21.0,215.627,0.389,0.4,8118158.0
2026-09-09T01:07:57,5.6,10208,1547350,1525941,0.7,0.00,0.79,0.00,3.14,0.00,0.00,0.00,2650.0,95830.0,92702.0,0.0,18.5,0.5,40.5,225.052,0.389,0.4,8118158.0
2026-09-09T01:07:57,5.7,10217,1547350,1525932,0.7,0.00,13.51,0.00,67.57,0.00,0.00,0.00,2650.0,95830.0,92702.0,0.0,17.5,0.5,36.5,230.935,0.385,0.3,6597485.5
2026-09-09T01:07:59,6.4,10236,1547350,1525912,0.7,0.00,10.12,0.00,87.64,0.00,0.11,0.00,2650.0,95830.0,92702.0,10.0,19.5,0.5,36.0,218.290,0.418,0.4,7917922.0
2026-09-09T01:08:01,5.4,10295,1547350,1525853,0.7,0.00,1.54,0.00,6.14,0.00,0.00,0.00,2650.0,95830.0,92702.0,13.0,24.5,0.5,48.5,232.799,0.403,0.4,7271496.0
2026-09-09T01:08:03,6.0,10313,1547350,1525835,0.7,0.00,5.64,0.00,24.82,0.00,0.20,0.00,2650.0,95830.0,92702.0,2.0,16.0,0.5,34.5,221.504,0.332,0.3,6570040.0
2026-09-09T01:08:05,5.7,10357,1547350,1525791,0.7,0.00,1.21,0.00,4.83,0.00,0.00,0.00,2650.0,95830.0,92702.0,9.0,22.0,0.5,50.0,198.871,0.392,0.4,7035150.5
2026-09-09T01:08:07,6.7,10399,1547350,1525750,0.7,0.00,1.14,0.00,4.56,0.00,0.00,0.00,2650.0,95830.0,92702.0,0.0,17.0,0.5,36.5,249.124,0.385,0.3,8077378.0
2026-09-09T01:08:09,5.8,10440,1547350,1525709,0.7,0.00,3.45,0.00,13.82,0.00,0.00,0.00,2650.0,95830.0,92702.0,15.0,17.0,0.5,43.0,235.835,0.399,0.4,7470943.0
2026-09-09T01:08:11,5.8,10481,1547350,1525667,0.7,0.00,1.08,0.00,4.33,0.00,0.00,0.00,2650.0,95830.0,92702.0,3.0,16.0,0.5,39.0,230.456,0.399,0.4,7061340.0
2026-09-09T01:08:14,5.9,10546,1547350,1525603,0.7,0.00,2.66,0.00,14.19,0.00,0.11,0.00,2650.0,95830.0,92702.0,12.0,4.0,0.5,9.5,224.235,0.410,0.4,6992860.0
2026-09-09T01:08:16,5.8,10567,1547350,1525582,0.7,0.00,1.29,0.00,5.17,0.00,0.00,0.00,2650.0,95830.0,92702.0,21.0,17.0,0.5,36.0,237.832,0.420,0.4,7795296.5
2026-09-09T01:08:18,6.2,10597,1547350,1525551,0.7,0.00,1.11,0.00,4.44,0.00,0.00,0.00,2650.0,95830.0,92702.0,0.0,16.5,0.5,35.0,228.611,0.398,0.4,7775502.0
2026-09-09T01:08:19,6.7,10663,1547350,1525486,0.7,0.00,2.41,0.00,9.66,0.00,0.00,0.00,2652.0,95830.0,92700.0,23.0,17.5,0.5,41.5,245.023,0.370,0.3,7205959.5
2026-09-09T01:08:22,5.6,10726,1547350,1525422,0.7,0.00,0.65,0.00,2.61,0.00,0.50,0.00,2652.0,95830.0,92700.0,0.0,18.0,0.5,43.0,232.801,0.396,0.4,7087587.5
2026-09-09T01:08:25,6.1,10766,1547350,1525383,0.7,0.00,1.47,0.00,5.87,0.00,0.00,0.00,2652.0,95830.0,92700.0,19.0,10.5,0.5,24.0,220.599,0.353,0.3,7487008.5
2026-09-09T01:08:27,5.6,10836,1547350,1525313,0.7,0.00,0.84,0.00,3.38,0.00,0.00,0.00,2652.0,95830.0,92700.0,0.0,21.5,0.5,51.5,232.994,0.433,0.4,7020130.5
2026-09-09T01:08:31,5.7,10908,1547350,1525240,0.7,0.00,2.68,0.00,18.74,0.00,0.00,0.03,2652.0,95830.0,92700.0,12.0,20.5,0.5,48.0,227.492,0.378,0.3,7715622.5
2026-09-09T01:08:33,6.3,10936,1547350,1525213,0.7,0.00,0.85,0.00,3.41,0.00,0.00,0.00,2652.0,95830.0,92700.0,5.0,18.5,0.5,38.5,203.430,0.341,0.3,6734471.5
2026-09-09T01:08:36,5.6,11031,1547350,1525117,0.7,0.00,1.44,0.00,5.76,0.00,0.00,0.00,2652.0,95830.0,92700.0,20.0,17.0,0.5,40.5,237.263,0.412,0.4,7604370.0
2026-09-09T01:08:39,5.5,11092,1547350,1525057,0.7,0.00,0.67,0.00,2.66,0.00,0.50,0.00,2652.0,95830.0,92700.0,0.0,17.5,0.5,41.0,229.727,0.368,0.3,7146422.5
2026-09-09T01:08:41,6.4,11178,1547350,1524970,0.7,0.00,2.03,0.00,8.11,0.00,0.00,0.04,2652.0,95830.0,92700.0,12.0,19.5,0.5,41.5,242.289,0.403,0.4,8250256.5
2026-09-09T01:08:46,5.8,11284,1547350,1524865,0.7,0.00,0.85,0.00,3.38,0.00,0.00,0.00,2652.0,95830.0,92700.0,23.0,17.0,0.5,37.0,234.216,0.414,0.4,7974762.0
2026-09-09T01:08:50,5.9,11352,1547350,1524796,0.7,0.00,0.87,0.00,3.47,0.00,0.00,0.00,2652.0,95830.0,92700.0,12.0,20.5,0.5,46.5,226.305,0.399,0.4,8172225.0
2026-09-09T01:08:53,5.6,11407,1547350,1524741,0.7,0.00,1.05,0.00,4.21,0.00,0.00,0.00,2652.0,95830.0,92700.0,19.0,29.0,0.5,56.0,234.815,0.410,0.4,7593827.0
2026-09-09T01:08:57,5.9,11496,1547350,1524653,0.7,0.00,1.19,0.00,5.96,0.00,0.00,0.00,2652.0,95830.0,92700.0,23.0,18.5,0.5,46.0,233.359,0.398,0.4,7461088.5
2026-09-09T01:09:00,5.1,11531,1547350,1524618,0.7,0.00,12.35,0.00,100.46,0.00,0.12,0.00,2652.0,95830.0,92700.0,12.0,13.0,0.5,30.5,244.108,0.402,0.4,7282628.5
2026-09-09T01:09:04,5.7,11596,1547350,1524553,0.7,0.00,2.52,0.00,12.11,0.00,0.10,0.00,2652.0,95830.0,92700.0,23.0,17.5,0.5,36.5,243.534,0.375,0.3,7038022.0
2026-09-09T01:09:07,6.0,11715,1547350,1524434,0.8,0.00,1.27,0.00,5.09,0.00,0.00,0.00,2652.0,95830.0,92700.0,15.0,17.5,0.5,42.0,236.287,0.399,0.4,7673028.5
2026-09-09T01:09:12,6.0,11797,1547350,1524352,0.8,0.00,0.42,0.00,1.68,0.00,0.00,0.02,2652.0,95830.0,92700.0,9.0,20.0,0.5,49.0,249.988,0.455,0.4,7389533.0
2026-09-09T01:09:16,5.6,11900,1547350,1524248,0.8,0.00,1.53,0.00,6.13,0.00,0.14,0.00,2652.0,95830.0,92700.0,7.0,16.0,0.5,37.0,237.618,0.381,0.3,7380461.0
2026-09-09T01:09:21,5.7,11981,1547350,1524167,0.8,0.00,0.96,0.00,3.83,0.00,0.00,0.00,2652.0,95830.0,92700.0,21.0,23.0,0.5,49.0,230.886,0.399,0.4,7841159.0
2026-09-09T01:09:24,5.8,12066,1547350,1524082,0.8,0.00,1.07,0.00,4.28,0.00,0.00,0.00,2652.0,95830.0,92700.0,0.0,21.5,0.5,50.0,235.153,0.402,0.4,7622277.5
2026-09-09T01:09:28,5.6,12134,1547350,1524014,0.8,0.00,0.61,0.00,2.45,0.00,0.00,0.00,2652.0,95830.0,92700.0,0.0,20.5,0.5,48.0,236.656,0.422,0.4,7498453.5
2026-09-09T01:09:32,5.6,12269,1547350,1523880,0.8,0.00,1.33,0.00,8.45,0.00,0.17,0.00,2652.0,95830.0,92700.0,11.0,18.5,0.5,37.0,225.721,0.381,0.3,7250383.5
2026-09-09T01:09:36,5.5,12343,1547350,1523805,0.8,0.00,0.99,0.00,3.94,0.00,0.00,0.00,2652.0,95830.0,92700.0,10.0,20.0,0.5,46.5,238.118,0.407,0.4,7391543.0
2026-09-09T01:09:40,5.8,12404,1547350,1523745,0.8,0.00,0.45,0.00,1.81,0.00,0.00,0.00,2652.0,95830.0,92700.0,9.0,15.5,0.5,36.0,244.669,0.397,0.4,7356896.5
2026-09-09T01:09:45,5.8,12485,1547350,1523664,0.8,0.00,1.23,0.00,4.93,0.00,0.00,0.00,2652.0,95830.0,92700.0,0.0,16.5,0.5,38.5,221.495,0.411,0.4,7574899.5
2026-09-09T01:09:48,6.3,12565,1547350,1523583,0.8,0.00,1.30,0.00,5.20,0.00,0.00,0.00,2652.0,95830.0,92700.0,8.0,17.0,0.5,40.0,233.109,0.390,0.4,7056475.5
2026-09-09T01:09:53,6.0,12691,1547350,1523458,0.8,0.00,0.81,0.00,4.06,0.00,0.25,0.00,2652.0,95830.0,92700.0,11.0,20.0,0.5,45.5,228.821,0.393,0.4,7075111.5
2026-09-09T01:09:57,6.3,12768,1547350,1523381,0.8,0.00,0.46,0.00,1.86,0.00,0.00,0.00,2652.0,95830.0,92700.0,0.0,15.0,0.5,34.0,227.910,0.397,0.4,7614683.0
2026-09-09T01:10:01,6.0,12848,1547350,1523301,0.8,0.00,4.77,0.00,39.08,0.00,0.05,0.00,2652.0,95830.0,92700.0,0.0,19.0,0.5,46.5,241.615,0.393,0.4,7577843.0
2026-09-09T01:10:05,5.6,12913,1547350,1523236,0.8,0.00,2.74,0.00,12.06,0.00,0.10,0.00,2652.0,95830.0,92700.0,12.0,15.5,0.5,36.5,233.529,0.406,0.4,7465014.5
2026-09-09T01:10:11,5.6,13044,1547350,1523105,0.8,0.00,0.64,0.00,2.54,0.00,0.00,0.00,2652.0,95830.0,92700.0,0.0,23.5,0.5,56.0,241.683,0.419,0.4,7370385.0
2026-09-09T01:10:14,5.3,13104,1547350,1523044,0.8,0.00,0.64,0.00,2.58,0.00,0.00,0.00,2652.0,95830.0,92700.0,15.0,11.5,0.5,27.5,237.414,0.395,0.4,7692847.0
2026-09-09T01:10:18,6.5,13170,1547350,1522979,0.9,0.00,2.02,0.00,8.10,0.00,0.14,0.00,2652.0,95830.0,92700.0,0.0,16.5,0.5,35.5,239.607,0.385,0.4,7839530.5
2026-09-09T01:10:22,5.8,13283,1547350,1522865,0.9,0.00,1.22,0.00,4.87,0.00,0.00,0.00,2652.0,95830.0,92700.0,23.0,16.0,0.5,33.0,236.514,0.421,0.4,7846222.5
2026-09-09T01:10:26,5.6,13384,1547350,1522765,0.9,0.00,0.87,0.00,3.48,0.00,0.00,0.00,2652.0,95830.0,92700.0,9.0,18.5,0.5,46.0,240.956,0.397,0.4,7817824.0
2026-09-09T01:10:33,6.0,13545,1547350,1522603,0.9,0.00,1.09,0.00,5.44,0.00,0.14,0.00,2652.0,95830.0,92700.0,0.0,4.0,0.5,9.5,227.219,0.402,0.4,7920821.0
2026-09-09T01:10:37,6.0,13683,1547350,1522466,0.9,0.00,0.84,0.00,3.35,0.00,0.00,0.00,2652.0,95830.0,92700.0,20.0,10.0,0.5,21.5,232.260,0.398,0.4,7408949.5
2026-09-09T01:10:43,5.4,13753,1547350,1522396,0.9,0.00,0.73,0.00,2.90,0.00,0.00,0.02,2652.0,95830.0,92700.0,0.0,24.0,0.5,53.5,235.893,0.404,0.4,7976207.5
2026-09-09T01:10:47,5.9,13814,1547350,1522335,0.9,0.00,0.52,0.00,2.07,0.00,0.00,0.00,2652.0,95830.0,92700.0,23.0,14.5,0.5,35.0,228.985,0.399,0.4,7689618.5
2026-09-09T01:10:51,5.8,13913,1547350,1522236,0.9,0.00,1.10,0.00,4.42,0.00,0.20,0.00,2652.0,95830.0,92700.0,8.0,7.5,0.5,16.5,212.602,0.344,0.3,6501662.0
2026-09-09T01:10:55,5.4,13975,1547350,1522173,0.9,0.00,1.11,0.00,5.55,0.00,0.00,0.00,2652.0,95830.0,92700.0,21.0,19.0,0.5,41.0,243.843,0.421,0.4,7631440.0
2026-09-09T01:10:58,5.8,14055,1547350,1522093,0.9,0.00,0.69,0.00,2.76,0.00,0.00,0.00,2652.0,95830.0,92700.0,12.0,19.5,0.5,46.5,242.251,0.407,0.4,8553073.5
2026-09-09T01:11:02,5.6,14144,1547350,1522005,0.9,0.00,4.79,0.00,42.19,0.00,0.06,0.03,2652.0,95830.0,92700.0,0.0,15.5,0.5,29.5,234.536,0.398,0.4,7497412.5
2026-09-09T01:11:06,5.8,14249,1547350,1521900,0.9,0.00,2.15,0.00,10.31,0.00,0.10,0.00,2652.0,95830.0,92700.0,1.0,18.0,0.5,41.0,224.271,0.395,0.4,7907541.0
2026-09-09T01:11:11,5.9,14353,1547350,1521795,0.9,0.00,0.80,0.00,3.20,0.00,0.00,0.00,2652.0,95830.0,92700.0,0.0,16.0,0.5,35.5,230.274,0.395,0.4,7700860.5
2026-09-09T01:11:16,5.9,14451,1547350,1521697,0.9,0.00,1.27,0.00,5.08,0.00,0.17,0.00,2652.0,95830.0,92700.0,0.0,16.0,0.5,35.5,230.918,0.401,0.4,7386032.0
2026-09-09T01:11:21,6.0,14520,1547350,1521628,0.9,0.00,0.44,0.00,1.77,0.00,0.00,0.00,2652.0,95830.0,92700.0,0.0,17.5,0.5,41.0,208.234,0.379,0.3,7246025.0
2026-09-09T01:11:24,5.6,14620,1547350,1521528,0.9,0.00,1.39,0.00,5.55,0.00,0.00,0.00,2652.0,95830.0,92700.0,0.0,22.0,0.5,47.5,246.849,0.418,0.4,7497131.5
2026-09-09T01:11:29,5.7,14707,1547350,1521442,1.0,0.00,0.86,0.00,3.45,0.00,0.00,0.00,2652.0,95830.0,92700.0,9.0,28.5,0.5,60.0,244.317,0.393,0.4,7234261.5
2026-09-09T01:11:34,5.5,14766,1547350,1521383,1.0,0.00,1.28,0.00,7.36,0.00,0.17,0.00,2652.0,95830.0,92700.0,12.0,22.0,0.5,46.5,240.865,0.355,0.3,6248893.5
2026-09-09T01:11:37,5.5,14892,1547350,1521257,1.0,0.00,1.30,0.00,5.18,0.00,0.00,0.00,2652.0,95830.0,92700.0,0.0,16.5,0.5,36.5,236.336,0.411,0.4,7284016.5
2026-09-09T01:11:42,5.9,14959,1547350,1521190,1.0,0.00,0.44,0.00,1.78,0.00,0.00,0.00,2652.0,95830.0,92700.0,12.0,16.0,0.5,42.0,244.066,0.439,0.4,7741624.0
2026-09-09T01:11:46,5.6,15055,1547350,1521093,1.0,0.00,1.05,0.00,4.20,0.00,0.00,0.03,2652.0,95830.0,92700.0,11.0,20.5,0.5,41.5,224.041,0.394,0.4,7710154.5
2026-09-09T01:11:50,6.0,15128,1547350,1521021,1.0,0.00,0.49,0.00,1.96,0.00,0.00,0.00,2652.0,95830.0,92700.0,0.0,28.5,0.5,57.5,233.190,0.399,0.4,7537810.0
2026-09-09T01:11:53,5.8,15199,1547350,1520950,1.0,0.00,1.09,0.00,5.47,0.00,0.25,0.00,2652.0,95830.0,92700.0,2.0,26.5,0.5,50.0,222.698,0.399,0.4,7800345.5
2026-09-09T01:11:58,5.8,15286,1547350,1520862,1.0,0.00,1.17,0.00,4.69,0.00,0.00,0.00,2652.0,95830.0,92700.0,8.0,15.5,0.5,37.0,236.863,0.399,0.4,7407495.5
2026-09-09T01:12:01,5.4,15376,1547350,1520773,1.0,0.00,4.30,0.00,40.56,0.00,0.06,0.00,2652.0,95830.0,92700.0,21.0,18.5,0.5,46.5,233.998,0.402,0.4,7436159.0
2026-09-09T01:12:04,6.0,15440,1547350,1520709,1.0,0.00,3.41,0.00,14.99,0.00,0.10,0.03,2652.0,95830.0,92700.0,22.0,13.0,0.5,31.5,234.601,0.422,0.4,7405042.0
2026-09-09T01:12:07,6.0,15494,1547350,1520655,1.0,0.00,1.30,0.00,5.21,0.00,0.25,0.00,2652.0,95830.0,92700.0,23.0,17.0,0.5,39.5,230.193,0.396,0.4,7858953.0
2026-09-09T01:12:10,6.1,15565,1547350,1520584,1.0,0.00,0.97,0.00,3.90,0.00,0.00,0.00,2652.0,95830.0,92700.0,0.0,21.0,0.5,52.5,226.424,0.411,0.4,7230160.0
2026-09-09T01:12:15,7.1,15638,1547350,1520510,1.0,0.00,1.37,0.00,6.41,0.00,0.00,0.00,2652.0,95830.0,92700.0,20.0,4.0,0.5,9.5,207.893,0.342,0.3,7164151.0
2026-09-09T01:12:18,5.7,15714,1547350,1520434,1.0,0.00,1.14,0.00,4.57,0.00,0.00,0.00,2652.0,95830.0,92700.0,9.0,14.5,0.5,34.5,231.055,0.338,0.3,6356753.0
2026-09-09T01:12:24,5.9,15815,1547350,1520333,1.0,0.00,0.77,0.00,3.08,0.00,0.25,0.02,2652.0,95830.0,92700.0,12.0,18.0,0.5,40.0,235.792,0.396,0.4,7664690.0
2026-09-09T01:12:28,6.0,15917,1547350,1520232,1.0,0.00,0.48,0.00,1.94,0.00,0.00,0.00,2652.0,95830.0,92700.0,21.0,18.0,0.5,40.0,232.554,0.400,0.4,8046699.5
2026-09-09T01:12:32,6.0,16024,1547350,1520125,1.0,0.00,1.56,0.00,8.57,0.00,0.00,0.00,2652.0,95830.0,92700.0,0.0,15.5,0.5,37.0,222.906,0.385,0.3,7591491.5
2026-09-09T01:12:36,5.9,16088,1547350,1520061,1.0,0.00,0.98,0.00,3.90,0.00,0.00,0.00,2652.0,95830.0,92700.0,0.0,3.0,0.5,5.0,218.056,0.412,0.4,7392068.0
2026-09-09T01:12:40,5.7,16155,1547350,1519994,1.0,0.00,1.04,0.00,4.16,0.00,0.25,0.00,2652.0,95830.0,92700.0,17.0,16.0,0.5,34.5,237.407,0.416,0.4,7829198.5
2026-09-09T01:12:44,5.6,16273,1547350,1519876,1.1,0.00,0.51,0.00,2.03,0.00,0.00,0.00,2652.0,95830.0,92700.0,9.0,16.5,0.5,36.0,234.664,0.364,0.3,6669696.5
2026-09-09T01:12:47,5.9,16341,1547350,1519807,1.1,0.00,1.25,0.00,4.99,0.00,0.00,0.00,2652.0,95830.0,92700.0,0.0,19.0,0.5,45.5,244.561,0.405,0.4,7675195.5
2026-09-09T01:12:50,6.5,16387,1547350,1519761,1.1,0.00,0.67,0.00,2.67,0.00,0.00,0.00,2652.0,95830.0,92700.0,20.0,13.5,0.5,30.5,220.188,0.371,0.3,7848055.0
2026-09-09T01:12:53,5.8,16454,1547350,1519695,1.1,0.00,1.34,0.00,6.69,0.00,0.00,0.00,2652.0,95830.0,92700.0,11.0,17.0,0.5,35.0,234.663,0.429,0.4,7520659.0
2026-09-09T01:12:56,6.5,16553,1547350,1519595,1.1,0.00,0.93,0.00,3.70,0.00,0.00,0.03,2652.0,95830.0,92700.0,21.0,12.0,0.5,27.0,234.680,0.387,0.4,7472029.0
2026-09-09T01:13:01,5.9,16624,1547350,1519524,1.1,0.00,2.02,0.00,9.78,0.00,0.10,0.00,2652.0,95830.0,92700.0,21.0,15.0,0.5,35.5,231.189,0.398,0.4,7520886.5
2026-09-09T01:13:05,5.5,16673,1547350,1519476,1.1,0.00,2.40,0.00,10.66,0.00,0.11,0.00,2652.0,95830.0,92700.0,12.0,17.0,0.5,37.0,225.688,0.388,0.4,7305805.0
2026-09-09T01:13:06,4.6,16716,1547350,1519433,1.1,0.00,2.79,0.00,11.16,0.00,0.00,0.00,2652.0,95830.0,92700.0,16.0,18.5,0.5,42.0,220.913,0.373,0.3,7240241.5
2026-09-09T01:13:09,5.6,16780,1547350,1519368,1.1,0.00,1.32,0.00,5.27,0.00,0.00,0.00,2652.0,95830.0,92700.0,6.0,17.5,0.5,36.5,226.781,0.353,0.3,6646112.0
2026-09-09T01:13:14,5.9,16878,1547350,1519271,1.1,0.00,0.43,0.00,1.72,0.00,0.00,0.00,2652.0,95830.0,92700.0,0.0,18.0,0.5,41.5,223.483,0.374,0.3,7526810.5
2026-09-09T01:13:19,5.7,16976,1547350,1519173,1.1,0.00,1.31,0.00,5.24,0.00,0.14,0.00,2652.0,95830.0,92700.0,0.0,20.5,0.5,48.0,236.222,0.404,0.4,7813357.5
2026-09-09T01:13:23,5.9,17112,1547350,1519037,1.1,0.00,0.90,0.00,3.59,0.00,0.00,0.00,2652.0,95830.0,92700.0,0.0,14.5,0.5,33.5,234.530,0.396,0.4,7772093.0
2026-09-09T01:13:27,5.8,17165,1547350,1518984,1.1,0.00,0.98,0.00,3.93,0.00,0.00,0.00,2652.0,95830.0,92700.0,0.0,16.0,0.5,37.5,221.415,0.386,0.4,7273768.5
2026-09-09T01:13:33,5.8,17295,1547350,1518853,1.1,0.00,2.00,0.00,9.91,0.00,0.09,0.00,2652.0,95830.0,92700.0,17.0,15.5,0.5,37.0,238.593,0.380,0.3,7017515.0
2026-09-09T01:13:37,5.6,17373,1547350,1518776,1.1,0.00,0.92,0.00,3.67,0.00,0.00,0.00,2652.0,95830.0,92700.0,20.0,14.5,0.5,36.0,233.230,0.428,0.4,7984896.0
2026-09-09T01:13:42,5.6,17443,1547350,1518705,1.1,0.00,0.46,0.00,1.85,0.00,0.00,0.00,2652.0,95830.0,92700.0,0.0,17.0,0.5,39.5,221.204,0.387,0.4,6978194.5
2026-09-09T01:13:46,5.9,17534,1547350,1518615,1.1,0.00,0.94,0.00,3.76,0.00,0.00,0.00,2652.0,95830.0,92700.0,12.0,20.5,0.5,45.5,228.254,0.396,0.4,7735471.0
2026-09-09T01:13:49,5.7,17599,1547350,1518550,1.1,0.00,1.48,0.00,5.92,0.00,0.00,0.00,2652.0,95830.0,92700.0,9.0,16.5,0.5,39.0,227.013,0.392,0.4,7822576.5
2026-09-09T01:13:53,6.0,17677,1547350,1518472,1.1,0.00,0.59,0.00,2.37,0.00,0.00,0.00,2652.0,95830.0,92700.0,0.0,16.0,0.5,38.5,226.279,0.389,0.4,7848460.0
2026-09-09T01:13:56,5.9,17717,1547350,1518432,1.1,0.00,1.38,0.00,6.88,0.00,0.25,0.00,2652.0,95830.0,92700.0,20.0,17.0,0.5,37.5,221.701,0.388,0.4,6866987.0
2026-09-09T01:13:58,4.7,17793,1547350,1518356,1.1,0.00,0.90,0.00,3.59,0.00,0.00,0.00,2652.0,95830.0,92700.0,13.0,18.0,0.5,40.5,232.021,0.340,0.3,6898162.5
2026-09-09T01:14:01,6.4,17853,1547350,1518295,1.2,0.00,2.34,0.00,13.28,0.00,0.00,0.00,2652.0,95830.0,92700.0,2.0,16.0,0.5,36.5,240.079,0.372,0.3,7261765.0
2026-09-09T01:14:06,5.9,17940,1547350,1518208,1.2,0.00,2.23,0.00,9.74,0.00,0.09,0.00,2652.0,95830.0,92700.0,0.0,17.5,0.5,40.0,220.690,0.385,0.3,7614746.0
2026-09-09T01:14:10,6.1,18041,1547350,1518107,1.2,0.00,0.98,0.00,3.91,0.00,0.00,0.00,2652.0,95830.0,92700.0,0.0,28.5,0.5,54.0,212.470,0.362,0.3,7330190.0
2026-09-09T01:14:15,5.5,18110,1547350,1518039,1.2,0.00,0.42,0.00,1.68,0.00,0.00,0.00,2652.0,95830.0,92700.0,0.0,20.0,0.5,51.0,245.812,0.394,0.4,7347770.0
2026-09-09T01:14:19,5.8,18266,1547350,1517882,1.2,0.00,1.45,0.00,6.76,0.00,0.17,0.00,2652.0,95830.0,92700.0,21.0,19.0,0.5,42.0,233.593,0.391,0.4,7690971.5
2026-09-09T01:14:24,5.9,18344,1547350,1517805,1.2,0.00,0.88,0.00,3.50,0.00,0.00,0.00,2652.0,95830.0,92700.0,20.0,17.5,0.5,36.0,236.636,0.424,0.4,6804384.0
2026-09-09T01:14:28,5.9,18385,1547350,1517763,1.2,0.00,0.86,0.00,3.42,0.00,0.00,0.00,2652.0,95830.0,92700.0,12.0,7.0,0.5,14.5,233.671,0.392,0.4,7309931.0
2026-09-09T01:14:33,5.7,18492,1547350,1517656,1.2,0.00,3.51,0.00,18.71,0.00,0.07,0.00,2652.0,95830.0,92700.0,9.0,19.0,0.5,43.0,238.211,0.406,0.4,7545523.0
2026-09-09T01:14:36,5.9,18552,1547350,1517597,1.2,0.00,0.56,0.00,2.26,0.00,0.00,0.00,2652.0,95830.0,92700.0,13.0,17.0,0.5,41.5,230.072,0.362,0.3,7022402.0
2026-09-09T01:14:40,5.2,18625,1547350,1517524,1.2,0.00,1.28,0.00,5.13,0.00,0.20,0.00,2652.0,95830.0,92700.0,23.0,15.0,0.5,36.0,232.010,0.429,0.4,7064284.5
2026-09-09T01:14:44,5.7,18741,1547350,1517408,1.2,0.00,1.07,0.00,4.27,0.00,0.00,0.00,2652.0,95830.0,92700.0,21.0,17.0,0.5,43.5,240.418,0.392,0.4,7096314.5
2026-09-09T01:14:48,5.9,18776,1547350,1517373,1.2,0.00,0.50,0.00,2.00,0.00,0.00,0.00,2652.0,95830.0,92700.0,11.0,13.5,0.5,28.5,220.799,0.379,0.3,6863057.0
2026-09-09T01:14:52,5.0,18883,1547350,1517265,1.2,0.00,1.05,0.00,5.24,0.00,0.00,0.00,2652.0,95830.0,92700.0,0.0,0.0,0.5,0.0,180.058,0.367,0.3,7121236.0
2026-09-09T01:14:55,5.1,18923,1547350,1517226,1.2,0.00,1.13,0.00,4.53,0.00,0.00,0.00,2652.0,95830.0,92700.0,0.0,16.5,0.5,34.0,215.441,0.284,0.2,4825793.0
2026-09-09T01:14:57,4.0,18957,1547350,1517192,1.2,0.00,1.19,0.00,4.77,0.00,0.00,0.00,2652.0,95830.0,92700.0,9.0,13.0,0.5,29.0,224.011,0.371,0.3,6772325.0
2026-09-09T01:15:00,5.7,19013,1547350,1517135,1.2,0.00,0.56,0.00,2.23,0.00,0.50,0.00,2652.0,95830.0,92700.0,12.0,14.5,0.5,35.0,237.392,0.391,0.4,7066478.5
2026-09-09T01:15:02,6.0,19038,1547350,1517111,1.2,0.00,9.29,0.00,42.33,0.00,0.06,0.00,2652.0,95830.0,92700.0,0.0,13.5,0.5,32.0,221.699,0.364,0.3,7604712.5
2026-09-09T01:15:06,6.0,19110,1547350,1517039,1.2,0.00,0.94,0.00,3.74,0.00,0.00,0.00,2652.0,95830.0,92700.0,0.0,20.5,0.5,48.5,222.412,0.390,0.4,7997585.5
2026-09-09T01:15:07,5.7,19202,1547350,1516947,1.2,0.00,2.84,0.00,13.61,0.00,0.20,0.00,2652.0,95830.0,92700.0,2.0,7.0,0.5,17.5,227.022,0.400,0.4,7012206.0
2026-09-09T01:15:10,6.2,19233,1547350,1516916,1.2,0.00,1.16,0.00,4.64,0.00,0.00,0.00,2652.0,95830.0,92700.0,12.0,22.5,0.5,55.5,241.291,0.412,0.4,7407245.5
2026-09-09T01:15:13,5.9,19262,1547350,1516886,1.2,0.00,2.11,0.00,8.42,0.00,0.00,0.00,2652.0,95830.0,92700.0,23.0,20.0,0.5,38.0,228.096,0.391,0.4,7342987.0
2026-09-09T01:15:15,5.6,19326,1547350,1516823,1.2,0.00,0.91,0.00,3.64,0.00,0.00,0.00,2652.0,95830.0,92700.0,0.0,11.5,0.5,23.0,240.234,0.411,0.4,7087834.0
2026-09-09T01:15:17,6.1,19370,1547350,1516779,1.3,0.00,1.87,0.00,7.48,0.00,0.00,0.00,2652.0,95830.0,92700.0,13.0,19.0,0.5,43.0,236.037,0.404,0.4,7530604.0
2026-09-09T01:15:20,6.0,19428,1547350,1516720,1.3,0.00,1.08,0.00,4.30,0.00,0.33,0.00,2652.0,95830.0,92700.0,0.0,15.5,0.5,36.0,219.059,0.375,0.3,7242589.5
2026-09-09T01:15:23,6.1,19472,1547350,1516677,1.3,0.00,0.34,0.00,1.35,0.00,0.00,0.00,2652.0,95830.0,92700.0,12.0,26.0,0.5,50.0,220.690,0.403,0.4,7320508.0
2026-09-09T01:15:25,6.0,19556,1547350,1516593,1.3,0.00,2.19,0.00,8.74,0.00,0.00,0.00,2652.0,95830.0,92700.0,22.0,15.5,0.5,36.0,234.111,0.395,0.4,7326657.0
2026-09-09T01:15:29,5.5,19628,1547350,1516521,1.3,0.00,1.13,0.00,4.51,0.00,0.00,0.00,2652.0,95830.0,92700.0,0.0,18.5,0.5,39.5,229.986,0.387,0.4,7291462.0
2026-09-09T01:15:33,5.7,19730,1547350,1516418,1.3,0.00,1.63,0.00,18.57,0.00,0.00,0.00,2652.0,95830.0,92700.0,9.0,17.0,0.5,40.0,250.591,0.394,0.4,7545065.5
2026-09-09T01:15:38,6.1,19831,1547350,1516318,1.3,0.00,0.88,0.00,3.51,0.00,0.25,0.00,2652.0,95830.0,92700.0,21.0,15.5,0.5,36.0,237.239,0.389,0.3,7037847.0
2026-09-09T01:15:43,6.0,19963,1547350,1516186,1.3,0.00,0.97,0.00,3.87,0.00,0.00,0.00,2652.0,95830.0,92700.0,7.0,20.0,0.5,40.5,228.787,0.395,0.4,7499310.5
2026-09-09T01:15:49,5.8,20068,1547350,1516080,1.3,0.00,0.68,0.00,2.72,0.00,0.00,0.00,2652.0,95830.0,92700.0,3.0,17.0,0.5,35.0,230.051,0.412,0.4,7253948.0
2026-09-09T01:15:51,5.0,20123,1547350,1516026,1.3,0.00,1.46,0.00,7.32,0.00,0.00,0.00,2652.0,95830.0,92700.0,12.0,15.5,0.5,37.0,209.121,0.300,0.3,5385335.5
2026-09-09T01:15:55,5.4,20194,1547350,1515954,1.3,0.00,0.55,0.00,2.21,0.00,0.00,0.00,2652.0,95830.0,92700.0,0.0,15.5,0.5,39.0,238.144,0.412,0.4,7775485.0
2026-09-09T01:15:59,5.6,20271,1547350,1515877,1.3,0.53,1.05,2.10,4.20,0.00,0.25,0.00,2652.0,95830.0,92700.0,0.0,16.0,0.5,34.5,226.632,0.368,0.3,7002979.0
2026-09-09T01:16:03,6.0,20376,1547350,1515773,1.3,0.00,3.60,0.00,20.21,0.00,0.07,0.00,2652.0,95830.0,92700.0,12.0,19.0,0.5,43.0,237.619,0.402,0.4,7446966.5
2026-09-09T01:16:07,6.2,20492,1547350,1515656,1.3,0.00,2.47,0.00,9.25,0.00,0.10,0.00,2652.0,95830.0,92700.0,0.0,17.5,0.5,44.5,223.814,0.403,0.4,7264914.5
2026-09-09T01:16:10,6.2,20603,1547350,1515546,1.3,0.00,15.80,0.00,520.22,0.00,0.20,0.05,2652.0,95830.0,92700.0,23.0,16.5,0.5,41.0,228.627,0.389,0.4,7211003.5
2026-09-09T01:16:16,7.0,20738,1547350,1515411,1.3,0.00,259.27,0.00,3535.02,0.00,0.05,0.34,2652.0,95830.0,92700.0,0.0,21.0,0.5,50.0,243.300,0.423,0.4,7276718.5
2026-09-09T01:16:20,6.1,20684,1547350,1515465,1.3,0.00,0.45,0.00,1.81,0.00,0.00,0.00,2652.0,95830.0,92700.0,12.0,20.5,0.5,50.5,229.233,0.406,0.4,7319380.5
2026-09-09T01:16:25,5.8,20826,1547350,1515323,1.3,0.00,0.44,0.00,1.75,0.00,0.00,0.00,2652.0,95830.0,92700.0,0.0,16.5,0.5,34.0,239.246,0.395,0.4,7415972.5
2026-09-09T01:16:30,5.8,20884,1547350,1515264,1.3,0.00,26.39,0.00,450.68,0.00,0.13,0.04,2652.0,95830.0,92700.0,21.0,17.5,0.5,43.0,234.247,0.413,0.4,7643875.0
2026-09-09T01:16:35,5.8,21022,1547350,1515126,1.4,0.00,11.09,0.00,114.12,0.00,0.12,0.02,2652.0,95830.0,92700.0,0.0,18.5,0.5,42.0,229.770,0.382,0.3,7239892.0
2026-09-09T01:16:41,5.8,21126,1547350,1515023,1.4,0.00,1.06,0.00,4.26,0.00,0.00,0.00,2652.0,95830.0,92700.0,0.0,16.0,0.5,35.0,239.548,0.395,0.4,7383201.5
2026-09-09T01:16:46,5.8,21237,1547350,1514911,1.4,0.00,0.86,0.00,3.45,0.00,0.25,0.00,2652.0,95830.0,92700.0,12.0,20.0,0.5,47.5,240.104,0.436,0.4,7272451.5
2026-09-09T01:16:50,6.0,21303,1547350,1514846,1.4,0.00,0.50,0.00,2.02,0.00,0.00,0.00,2652.0,95830.0,92700.0,14.0,19.0,0.5,40.5,225.750,0.410,0.4,7749894.5
2026-09-09T01:16:55,5.8,21401,1547350,1514748,1.4,0.00,0.99,0.00,4.75,0.00,0.00,0.00,2652.0,95830.0,92700.0,0.0,18.5,0.5,41.5,243.840,0.407,0.4,7777813.5
2026-09-09T01:16:59,5.4,21480,1547350,1514669,1.4,0.00,0.71,0.00,2.84,0.00,0.00,0.00,2652.0,95830.0,92700.0,0.0,17.0,0.5,35.0,237.605,0.389,0.4,7244226.0
2026-09-09T01:17:03,6.1,21567,1547350,1514581,1.4,0.00,5.77,0.00,50.71,0.00,0.12,0.00,2652.0,95830.0,92700.0,0.0,15.0,0.5,34.0,220.464,0.375,0.3,6924352.0
2026-09-09T01:17:05,4.0,21626,1547350,1514522,1.4,0.00,0.98,0.00,3.94,0.00,0.00,0.00,2652.0,95830.0,92700.0,11.0,15.0,0.5,35.5,237.924,0.393,0.4,7150747.0
2026-09-09T01:17:11,5.9,21743,1547350,1514405,1.4,0.00,0.75,0.00,3.76,0.00,0.00,0.00,2652.0,95830.0,92700.0,20.0,29.0,0.5,56.5,213.760,0.387,0.4,7161276.5
2026-09-09T01:17:17,5.7,21841,1547350,1514307,1.4,0.00,1.48,0.00,11.81,0.00,0.11,0.00,2652.0,95830.0,92700.0,16.0,16.0,0.5,37.5,240.986,0.362,0.3,6928118.5
2026-09-09T01:17:21,6.5,21909,1547350,1514240,1.4,0.00,0.94,0.00,3.76,0.00,0.00,0.00,2652.0,95830.0,92700.0,12.0,16.5,0.5,41.5,226.961,0.409,0.4,7739879.0
2026-09-09T01:17:26,6.3,22016,1547350,1514133,1.4,0.00,0.83,0.00,3.31,0.00,0.00,0.00,2652.0,95830.0,92700.0,0.0,14.5,0.5,31.0,233.346,0.412,0.4,7405054.5
2026-09-09T01:17:30,5.7,22107,1547350,1514042,1.4,0.00,1.13,0.00,6.32,0.00,0.00,0.00,2652.0,95830.0,92700.0,20.0,16.0,0.5,37.0,230.131,0.382,0.3,7207008.0
2026-09-09T01:17:35,6.6,22205,1547350,1513944,1.4,0.00,4.32,0.00,33.69,0.00,0.14,0.00,2652.0,95830.0,92700.0,10.0,14.5,0.5,35.0,214.808,0.380,0.3,7917418.0
2026-09-09T01:17:39,6.4,22297,1547350,1513852,1.4,0.00,1.45,0.00,14.46,0.00,0.00,0.00,2652.0,95830.0,92700.0,2.0,19.0,0.5,41.0,237.310,0.404,0.4,7246247.5
2026-09-09T01:17:45,5.8,22411,1547350,1513738,1.4,0.00,0.74,0.00,2.96,0.00,0.00,0.00,2652.0,95830.0,92700.0,7.0,18.0,0.5,44.0,238.165,0.389,0.4,7756247.5
2026-09-09T01:17:49,5.7,22537,1547350,1513612,1.5,0.00,1.49,0.00,8.53,0.00,0.14,0.00,2652.0,95830.0,92700.0,0.0,20.5,0.5,50.0,239.248,0.397,0.4,7495512.5
2026-09-09T01:17:54,6.0,22608,1547350,1513540,1.5,0.00,0.98,0.00,3.92,0.00,0.00,0.00,2652.0,95830.0,92700.0,12.0,15.5,0.5,37.5,238.856,0.394,0.4,7577980.0
2026-09-09T01:17:57,6.0,22694,1547350,1513455,1.5,0.00,0.79,0.00,12.68,0.00,0.00,0.03,2652.0,95830.0,92700.0,13.0,2.0,0.5,5.5,144.622,0.291,0.2,5587954.5
2026-09-09T01:18:01,5.8,22762,1547350,1513386,1.5,0.00,0.98,0.00,3.94,0.00,0.25,0.00,2652.0,95830.0,92700.0,11.0,14.5,0.5,34.5,238.513,0.399,0.4,7733319.0
2026-09-09T01:18:06,5.8,22846,1547350,1513302,1.5,0.00,2.65,0.00,16.37,0.00,0.09,0.00,2652.0,95830.0,92700.0,12.0,14.5,0.5,34.5,222.865,0.406,0.4,7355991.5
2026-09-09T01:18:09,5.8,22923,1547350,1513226,1.5,0.00,1.27,0.00,8.12,0.00,0.00,0.00,2652.0,95830.0,92700.0,0.0,24.0,0.5,57.0,228.980,0.393,0.4,7602915.5
2026-09-09T01:18:13,5.5,22973,1547350,1513175,1.5,0.00,0.56,0.00,2.24,0.00,0.00,0.00,2652.0,95830.0,92700.0,0.0,15.5,0.5,34.5,211.930,0.382,0.4,6501723.5
2026-09-09T01:18:14,3.4,22996,1547350,1513153,1.5,0.00,1.74,0.00,6.95,0.00,0.00,0.00,2652.0,95830.0,92700.0,11.0,21.0,0.5,50.5,231.095,0.384,0.4,6746989.0
2026-09-09T01:18:18,6.5,23083,1547350,1513066,1.5,0.00,2.12,0.00,18.06,0.00,0.12,0.03,2652.0,95830.0,92700.0,18.0,19.0,0.5,47.0,223.330,0.388,0.4,7359083.5
2026-09-09T01:18:23,5.9,23200,1547350,1512949,1.5,0.00,0.78,0.00,3.11,0.00,0.00,0.00,2652.0,95830.0,92700.0,8.0,9.5,0.5,19.5,216.952,0.358,0.3,6866777.5
2026-09-09T01:18:27,6.0,23302,1547350,1512847,1.5,0.00,0.93,0.00,3.71,0.00,0.00,0.00,2652.0,95830.0,92700.0,0.0,15.0,0.5,34.0,236.838,0.406,0.4,7853707.0
2026-09-09T01:18:31,5.9,23382,1547350,1512767,1.5,0.00,1.10,0.00,4.39,0.00,0.00,0.00,2652.0,95830.0,92700.0,12.0,15.5,0.5,34.5,224.982,0.392,0.4,7410718.0
2026-09-09T01:18:37,5.9,23479,1547350,1512670,1.5,0.00,2.14,0.00,20.05,0.00,0.08,0.00,2652.0,95830.0,92700.0,12.0,21.5,0.5,56.0,234.239,0.399,0.4,7070401.0
2026-09-09T01:18:42,5.6,23589,1547350,1512560,1.5,0.00,0.54,0.00,3.61,0.00,0.00,0.02,2652.0,95830.0,92700.0,0.0,18.0,0.5,39.5,235.127,0.401,0.4,7359104.5
2026-09-09T01:18:48,5.9,23721,1547350,1512427,1.5,0.00,1.28,0.00,5.84,0.00,0.14,0.00,2652.0,95830.0,92700.0,20.0,21.0,0.5,50.0,223.132,0.361,0.3,6025528.0
2026-09-09T01:18:54,5.8,23832,1547350,1512316,1.5,0.00,0.32,0.00,1.28,0.00,0.00,0.00,2652.0,95830.0,92700.0,0.0,6.0,0.5,14.5,221.302,0.399,0.4,7809625.0
2026-09-09T01:18:58,5.9,23902,1547350,1512246,1.5,0.00,0.82,0.00,4.38,0.00,0.00,0.00,2652.0,95830.0,92700.0,5.0,18.5,0.5,42.5,235.427,0.414,0.4,7760132.0
2026-09-09T01:19:03,5.9,24031,1547350,1512118,1.6,0.00,3.67,0.00,16.61,0.00,0.10,0.02,2652.0,95830.0,92700.0,4.0,15.5,0.5,36.5,226.760,0.398,0.4,7306881.5
2026-09-09T01:19:07,5.5,24098,1547350,1512051,1.6,0.00,1.17,0.00,5.60,0.00,0.00,0.00,2652.0,95830.0,92700.0,0.0,16.0,0.5,36.5,232.498,0.400,0.4,7520723.0
2026-09-09T01:19:11,5.9,24154,1547350,1511995,1.6,0.00,1.70,0.00,6.80,0.00,0.17,0.00,2652.0,95830.0,92700.0,23.0,3.0,0.5,8.5,225.404,0.398,0.4,7478587.5
2026-09-09T01:19:16,5.5,24256,1547350,1511892,1.6,0.00,0.41,0.00,1.62,0.00,0.00,0.00,2652.0,95830.0,92700.0,13.0,18.5,0.5,43.0,229.534,0.410,0.4,7981874.0
2026-09-09T01:19:20,5.8,24342,1547350,1511807,1.6,0.00,0.89,0.00,3.56,0.00,0.00,0.00,2652.0,95830.0,92700.0,2.0,16.0,0.5,40.5,249.077,0.404,0.4,7449716.5
2026-09-09T01:19:24,5.7,24440,1547350,1511708,1.6,0.00,1.25,0.00,5.01,0.00,0.00,0.00,2652.0,95830.0,92700.0,19.0,17.0,0.5,39.5,233.617,0.404,0.4,7558676.0
2026-09-09T01:19:28,5.6,24508,1547350,1511641,1.6,0.00,1.05,0.00,4.19,0.00,0.00,0.00,2652.0,95830.0,92700.0,12.0,18.5,0.5,40.5,225.643,0.376,0.3,7130641.0
2026-09-09T01:19:32,6.0,24554,1547350,1511595,1.6,0.00,0.54,0.00,2.16,0.00,0.00,0.00,2652.0,95830.0,92700.0,0.0,10.5,0.5,23.0,207.591,0.344,0.3,6222730.5
2026-09-09T01:19:33,3.5,24600,1547350,1511548,1.6,0.00,9.99,0.00,92.94,0.00,0.07,0.00,2652.0,95830.0,92700.0,13.0,18.5,0.5,44.5,236.951,0.398,0.4,7408513.5
2026-09-09T01:19:37,5.9,24683,1547350,1511466,1.6,0.00,0.60,0.00,2.38,0.00,0.50,0.00,2652.0,95830.0,92700.0,12.0,19.5,0.5,39.5,231.843,0.400,0.4,7460642.5
2026-09-09T01:19:41,5.9,24815,1547350,1511334,1.6,0.00,0.85,0.00,3.41,0.00,0.00,0.00,2652.0,95830.0,92700.0,11.0,31.0,0.5,61.5,234.139,0.416,0.4,7538138.0
2026-09-09T01:19:47,5.9,24891,1547350,1511258,1.6,0.00,0.72,0.00,3.60,0.00,0.00,0.00,2652.0,95830.0,92700.0,13.0,17.5,0.5,40.0,240.286,0.395,0.4,7626944.5
2026-09-09T01:19:52,6.0,24993,1547350,1511155,1.6,0.00,1.08,0.00,4.32,0.00,0.00,0.00,2652.0,95830.0,92700.0,21.0,15.5,0.5,35.5,234.665,0.391,0.4,7326948.0
2026-09-09T01:19:56,6.0,25119,1547350,1511030,1.6,0.00,0.81,0.00,3.24,0.00,0.00,0.00,2652.0,95830.0,92700.0,16.0,17.0,0.5,39.5,242.946,0.404,0.4,7867601.5
2026-09-09T01:20:02,6.0,25249,1547350,1510899,1.6,0.00,2.25,0.00,11.71,0.00,0.15,0.00,2652.0,95830.0,92700.0,0.0,17.5,0.5,37.5,236.273,0.393,0.4,7200858.0
2026-09-09T01:20:07,5.7,25315,1547350,1510834,1.6,0.00,0.41,0.00,1.64,0.00,0.00,0.00,2652.0,95830.0,92700.0,9.0,27.0,0.5,60.0,227.335,0.402,0.4,7473061.5
2026-09-09T01:20:12,5.9,25406,1547350,1510743,1.6,0.00,0.83,0.00,4.17,0.00,0.00,0.00,2652.0,95830.0,92700.0,0.0,19.5,0.5,42.0,231.529,0.395,0.4,7363500.0
2026-09-09T01:20:17,5.9,25509,1547350,1510640,1.6,0.00,1.08,0.00,4.32,0.00,0.17,0.00,2652.0,95830.0,92700.0,12.0,12.5,0.5,29.5,224.011,0.387,0.4,7819014.0
2026-09-09T01:20:22,5.9,25612,1547350,1510537,1.7,0.00,0.85,0.00,3.39,0.00,0.00,0.00,2652.0,95830.0,92700.0,12.0,17.0,0.5,37.0,247.452,0.419,0.4,7834463.0
2026-09-09T01:20:26,5.8,25704,1547350,1510444,1.7,0.00,1.26,0.00,5.05,0.00,0.00,0.00,2652.0,95830.0,92700.0,14.0,15.5,0.5,36.0,227.562,0.402,0.4,7524352.0
2026-09-09T01:20:30,5.8,25780,1547350,1510369,1.7,0.00,1.05,0.00,4.20,0.00,0.00,0.00,2652.0,95830.0,92700.0,0.0,5.5,0.5,13.0,231.512,0.381,0.3,8062819.0
2026-09-09T01:20:35,5.7,25870,1547350,1510278,1.7,0.00,2.38,0.00,17.11,0.00,0.08,0.00,2652.0,95830.0,92700.0,0.0,19.0,0.5,44.5,237.197,0.394,0.4,7385572.0
2026-09-09T01:20:41,5.8,25991,1547350,1510157,1.7,0.00,0.92,0.00,3.66,0.00,0.00,0.00,2652.0,95830.0,92700.0,0.0,16.5,0.5,41.0,226.200,0.401,0.4,7442707.5
2026-09-09T01:20:45,5.6,26052,1547350,1510096,1.7,0.00,0.25,0.00,1.00,0.00,0.00,0.00,2652.0,95830.0,92700.0,0.0,2.0,0.5,4.0,162.709,0.205,0.2,4036847.0
2026-09-09T01:20:48,4.3,26126,1547350,1510023,1.7,0.00,1.39,0.00,6.96,0.00,0.25,0.00,2652.0,95830.0,92700.0,11.0,17.0,0.5,40.0,226.657,0.386,0.3,7380942.0
2026-09-09T01:20:54,5.8,26281,1547350,1509868,1.7,0.00,0.84,0.00,3.37,0.00,0.00,0.00,2652.0,95830.0,92700.0,16.0,16.5,0.5,38.0,231.025,0.409,0.4,7624673.0
2026-09-09T01:21:00,5.8,26381,1547350,1509768,1.7,0.00,0.65,0.00,2.61,0.00,0.00,0.02,2652.0,95830.0,92700.0,9.0,17.0,0.5,36.0,241.346,0.418,0.4,7953680.5
2026-09-09T01:21:05,5.6,26486,1547350,1509662,1.7,0.00,2.47,0.00,11.94,0.00,0.08,0.00,2652.0,95830.0,92700.0,6.0,20.0,0.5,42.0,230.752,0.374,0.3,6537074.0
2026-09-09T01:21:09,5.8,26573,1547350,1509576,1.7,0.00,0.99,0.00,4.97,0.00,0.25,0.00,2652.0,95830.0,92700.0,12.0,18.5,0.5,38.0,234.036,0.382,0.3,7167599.5
2026-09-09T01:21:12,5.6,26630,1547350,1509519,1.7,0.00,0.87,0.00,3.49,0.00,0.00,0.00,2652.0,95830.0,92700.0,12.0,18.0,0.5,43.0,242.045,0.414,0.4,7938701.5
2026-09-09T01:21:15,5.8,26708,1547350,1509441,1.7,0.00,2.19,0.00,10.20,0.00,0.00,0.00,2652.0,95830.0,92700.0,11.0,16.5,0.5,36.5,244.121,0.392,0.4,7700683.0
2026-09-09T01:21:18,5.7,26747,1547350,1509402,1.7,0.00,0.70,0.00,2.78,0.00,0.00,0.00,2652.0,95830.0,92700.0,0.0,14.5,0.5,33.5,224.737,0.417,0.4,7740488.0
2026-09-09T01:21:20,5.9,26781,1547350,1509368,1.7,0.00,0.87,0.00,3.46,0.00,0.00,0.00,2652.0,95830.0,92700.0,0.0,19.5,0.5,47.5,230.434,0.381,0.3,7134506.5
2026-09-09T01:21:23,6.0,26830,1547350,1509319,1.7,0.00,1.55,0.00,6.19,0.00,0.25,0.00,2652.0,95830.0,92700.0,12.0,5.0,0.5,11.0,216.028,0.350,0.3,7027405.0
2026-09-09T01:21:26,5.8,26919,1547350,1509229,1.7,0.00,1.65,0.00,6.60,0.00,0.00,0.03,2652.0,95830.0,92700.0,18.0,18.0,0.5,42.5,232.927,0.395,0.4,7207392.5
2026-09-09T01:21:30,5.7,26986,1547350,1509162,1.7,0.00,0.45,0.00,1.79,0.00,0.00,0.00,2652.0,95830.0,92700.0,19.0,1.0,0.5,2.5,127.926,0.278,0.2,5669394.0
2026-09-09T01:21:36,4.1,27243,1547350,1508906,1.8,0.00,1.61,0.00,13.74,0.00,0.10,0.00,2652.0,95830.0,92700.0,15.0,14.0,0.5,33.5,237.964,0.421,0.4,7218297.5
2026-09-09T01:21:39,6.6,27616,1547350,1508533,1.8,0.00,1.62,0.00,6.48,0.00,0.00,0.00,2652.0,95830.0,92700.0,20.0,23.0,0.5,54.0,241.304,0.403,0.4,7122704.0
2026-09-09T01:21:43,6.6,28604,1547350,1507545,1.8,0.00,1.05,0.00,5.25,0.00,0.00,0.03,2652.0,95830.0,92700.0,0.0,19.0,0.5,44.5,230.196,0.419,0.4,7239043.5
2026-09-09T01:21:48,6.8,29005,1547350,1507143,1.9,0.00,0.77,0.00,3.06,0.00,0.00,0.00,2652.0,95830.0,92700.0,8.0,20.0,0.5,46.0,226.650,0.406,0.4,7366488.5
2026-09-09T01:21:52,5.6,28955,1547350,1507193,1.9,0.00,0.47,0.00,1.89,0.00,0.00,0.00,2652.0,95830.0,92700.0,23.0,15.0,0.5,38.0,238.372,0.400,0.4,7664635.5
2026-09-09T01:21:57,5.9,29110,1547350,1507038,1.9,0.00,1.66,0.00,6.66,0.00,0.12,0.00,2652.0,95830.0,92700.0,0.0,16.0,0.5,36.0,243.212,0.397,0.4,7473388.5
2026-09-09T01:22:03,6.1,29225,1547350,1506924,1.9,0.00,0.30,0.00,1.21,0.00,0.00,0.02,2652.0,95830.0,92700.0,0.0,18.0,0.5,41.0,234.129,0.399,0.4,7302908.0
2026-09-09T01:22:07,5.8,29339,1547350,1506809,1.9,0.00,3.25,0.00,16.61,0.00,0.08,0.00,2652.0,95830.0,92700.0,12.0,6.0,0.5,15.0,223.844,0.390,0.4,7559337.0
2026-09-09T01:22:14,6.1,29433,1547350,1506716,1.9,0.00,0.89,0.00,4.14,0.00,0.00,0.00,2652.0,95830.0,92700.0,0.0,22.0,0.5,49.0,226.062,0.397,0.4,7318389.5
2026-09-09T01:22:19,5.7,29517,1547350,1506631,1.9,0.00,0.84,0.00,3.36,0.00,0.25,0.02,2652.0,95830.0,92700.0,0.0,15.0,0.5,33.5,234.663,0.396,0.4,7508384.0
2026-09-09T01:22:24,6.0,29650,1547350,1506499,1.9,0.00,0.77,0.00,3.10,0.00,0.00,0.00,2652.0,95830.0,92700.0,0.0,15.0,0.5,34.0,211.792,0.372,0.3,7049122.0
2026-09-09T01:22:28,3.7,29702,1547350,1506446,1.9,0.00,1.44,0.00,6.92,0.00,0.00,0.00,2652.0,95830.0,92700.0,17.0,16.0,0.5,35.0,241.315,0.378,0.3,6961793.0
2026-09-09T01:22:32,5.9,29771,1547350,1506377,1.9,0.00,0.46,0.00,1.86,0.00,0.00,0.00,2652.0,95830.0,92700.0,1.0,18.0,0.5,41.0,238.420,0.399,0.4,7714255.5
2026-09-09T01:22:35,6.8,29874,1547350,1506275,1.9,0.00,1.75,0.00,10.94,0.00,0.17,0.03,2652.0,95830.0,92700.0,12.0,10.0,0.5,22.5,219.000,0.385,0.3,7740845.5
2026-09-09T01:22:38,6.2,29930,1547350,1506219,1.9,0.00,0.78,0.00,3.11,0.00,0.00,0.00,2652.0,95830.0,92700.0,12.0,17.5,0.5,40.5,233.848,0.420,0.4,8838613.5
2026-09-09T01:22:41,6.3,29992,1547350,1506156,1.9,0.00,1.36,0.00,5.45,0.00,0.00,0.00,2652.0,95830.0,92700.0,12.0,16.0,0.5,37.5,223.784,0.385,0.3,7738489.0
2026-09-09T01:22:44,6.9,30067,1547350,1506082,1.9,0.00,1.03,0.00,4.10,0.00,0.00,0.00,2652.0,95830.0,92700.0,23.0,17.5,0.5,42.5,230.836,0.419,0.4,7427061.5
2026-09-09T01:22:48,6.3,30122,1547350,1506026,1.9,0.00,1.03,0.00,5.14,0.00,0.00,0.00,2652.0,95830.0,92700.0,12.0,20.5,0.5,49.5,238.833,0.423,0.4,7613537.5
2026-09-09T01:22:52,6.6,30219,1547350,1505930,2.0,0.00,1.05,0.00,4.21,0.00,0.25,0.00,2652.0,95830.0,92700.0,8.0,21.0,0.5,47.5,247.231,0.405,0.4,7862705.5
2026-09-09T01:22:55,6.5,30321,1547350,1505828,2.0,0.00,0.63,0.00,2.52,0.00,0.00,0.00,2652.0,95830.0,92700.0,20.0,18.0,0.5,37.0,239.672,0.402,0.4,7729704.5
2026-09-09T01:22:58,6.5,30367,1547350,1505782,2.0,0.00,1.75,0.00,6.98,0.00,0.00,0.00,2652.0,95830.0,92700.0,0.0,18.5,0.5,42.5,236.513,0.403,0.4,7918734.5
2026-09-09T01:23:00,6.2,30409,1547350,1505740,2.0,0.00,0.75,0.00,3.00,0.00,0.00,0.00,2652.0,95830.0,92700.0,23.0,19.0,0.5,44.0,238.701,0.391,0.4,7842867.5
2026-09-09T01:23:03,6.8,30469,1547350,1505679,2.0,0.00,4.00,0.00,15.99,0.00,0.10,0.00,2652.0,95830.0,92700.0,0.0,22.0,0.5,50.0,246.504,0.396,0.4,7683669.0
2026-09-09T01:23:06,6.5,30575,1547350,1505574,2.0,0.00,4.09,0.00,18.24,0.00,0.07,0.00,2652.0,95830.0,92700.0,8.0,19.0,0.5,40.5,228.962,0.389,0.4,7783695.0
2026-09-09T01:23:10,6.4,30662,1547350,1505486,2.0,0.00,0.49,0.00,1.96,0.00,0.00,0.00,2652.0,95830.0,92700.0,0.0,15.5,0.5,39.0,233.659,0.417,0.4,8261016.0
2026-09-09T01:23:14,6.7,30702,1547350,1505447,2.0,0.00,1.67,0.00,8.93,0.00,0.00,0.00,2652.0,95830.0,92700.0,0.0,25.5,0.5,61.5,198.377,0.266,0.2,6235250.5
2026-09-09T01:23:17,5.8,30776,1547350,1505373,2.0,0.00,0.71,0.00,2.86,0.00,0.00,0.00,2652.0,95830.0,92700.0,11.0,14.5,0.5,34.0,226.981,0.395,0.4,7301148.5
2026-09-09T01:23:20,6.5,30842,1547350,1505307,2.0,0.00,1.34,0.00,5.37,0.00,0.00,0.00,2652.0,95830.0,92700.0,23.0,19.5,0.5,41.0,238.127,0.404,0.4,7521399.5
2026-09-09T01:23:22,6.3,30890,1547350,1505259,2.0,0.00,1.12,0.00,4.47,0.00,0.33,0.00,2652.0,95830.0,92700.0,20.0,29.0,0.5,56.0,232.046,0.400,0.4,7509084.5
2026-09-09T01:23:26,6.5,30964,1547350,1505185,2.0,0.00,1.20,0.00,4.79,0.00,0.00,0.00,2652.0,95830.0,92700.0,8.0,15.0,0.5,35.0,232.221,0.405,0.4,7980594.5
2026-09-09T01:23:29,6.5,31061,1547350,1505088,2.0,0.00,1.40,0.00,5.59,0.00,0.00,0.00,2652.0,95830.0,92700.0,8.0,20.5,0.5,48.0,230.794,0.388,0.4,7879597.5
2026-09-09T01:23:32,6.4,31141,1547350,1505008,2.0,0.00,0.70,0.00,2.81,0.00,0.00,0.00,2652.0,95830.0,92700.0,12.0,17.5,0.5,42.5,241.894,0.415,0.4,7890034.5
2026-09-09T01:23:36,6.2,31210,1547350,1504938,2.0,0.00,2.40,0.00,22.68,0.00,0.11,0.00,2652.0,95830.0,92700.0,23.0,10.0,0.5,26.0,219.599,0.398,0.4,7964563.0
2026-09-09T01:23:39,6.8,31292,1547350,1504857,2.0,0.00,0.61,0.00,2.44,0.00,0.00,0.00,2652.0,95830.0,92700.0,20.0,17.0,0.5,38.5,223.010,0.386,0.3,7470429.0
2026-09-09T01:23:42,6.4,31344,1547350,1504804,2.0,0.00,1.36,0.00,5.42,0.00,0.00,0.00,2652.0,95830.0,92700.0,11.0,21.0,0.5,51.0,251.695,0.418,0.4,7969550.5
2026-09-09T01:23:44,6.0,31414,1547350,1504735,2.0,0.00,0.95,0.00,3.81,0.00,0.00,0.00,2652.0,95830.0,92700.0,12.0,22.5,0.5,50.0,222.493,0.388,0.4,7169291.5
2026-09-09T01:23:46,4.5,31415,1547350,1504733,2.0,0.00,1.76,0.00,8.79,0.00,0.00,0.00,2652.0,95830.0,92700.0,0.0,17.5,0.5,41.0,233.748,0.380,0.4,5626837.0
2026-09-09T01:23:49,5.4,32418,1547350,1503730,2.1,0.00,0.93,0.00,3.70,0.00,0.00,0.00,2652.0,95830.0,92700.0,0.0,19.0,0.5,46.5,238.724,0.387,0.3,7596278.0
2026-09-09T01:23:51,7.9,32731,1547350,1503417,2.1,0.00,0.97,0.00,3.88,0.00,0.00,0.00,2652.0,95830.0,92700.0,11.0,18.5,0.5,40.5,238.223,0.410,0.4,8129853.0
2026-09-09T01:23:52,7.2,36453,1547350,1499696,2.4,0.00,4.26,0.00,17.04,0.00,0.25,0.00,2652.0,95830.0,92700.0,9.0,6.0,0.5,16.0,224.433,0.395,0.4,7639493.5
2026-09-09T01:23:57,7.2,36610,1547350,1499538,2.4,0.00,0.87,0.00,9.70,0.00,0.00,0.00,2652.0,95830.0,92700.0,11.0,18.5,0.5,39.0,230.730,0.394,0.4,7636258.5
2026-09-09T01:24:01,7.4,36700,1547350,1499448,2.4,0.00,0.59,0.00,2.35,0.00,0.00,0.00,2652.0,95830.0,92700.0,11.0,17.5,0.5,38.0,240.674,0.409,0.4,8468041.0
2026-09-09T01:24:03,8.0,36790,1547350,1499359,2.4,0.00,4.56,0.00,18.23,0.00,0.09,0.00,2652.0,95830.0,92700.0,11.0,20.5,0.5,48.5,226.634,0.412,0.4,7453654.0
2026-09-09T01:24:06,7.4,36870,1547350,1499279,2.4,0.00,2.68,0.00,15.41,0.00,0.00,0.00,2652.0,95830.0,92700.0,12.0,27.0,0.5,56.0,224.337,0.369,0.3,7756358.0
2026-09-09T01:24:09,7.3,36948,1547350,1499200,2.4,0.00,2.00,0.00,11.20,0.00,0.20,0.00,2652.0,95830.0,92700.0,8.0,16.0,0.5,37.5,223.377,0.404,0.4,7682064.0
2026-09-09T01:24:11,10.2,37143,1547350,1499006,2.4,0.00,0.72,0.00,2.86,0.00,0.00,0.00,2652.0,95830.0,92700.0,0.0,12.0,0.5,29.5,223.947,0.421,0.4,7924771.5
2026-09-09T01:24:15,14.8,37245,1547350,1498903,2.4,0.00,1.79,0.00,8.37,0.00,0.00,0.00,2652.0,95830.0,92700.0,23.0,19.0,0.5,47.5,242.960,0.398,0.4,7842940.0
2026-09-09T01:24:17,14.7,37294,1547350,1498854,2.4,0.00,1.61,0.00,20.90,0.00,0.00,0.00,2652.0,95830.0,92700.0,0.0,24.5,0.5,58.5,242.852,0.418,0.4,7456436.5
2026-09-09T01:24:20,14.9,37335,1547350,1498813,2.4,0.00,1.39,0.00,5.58,0.00,0.25,0.00,2652.0,95830.0,92700.0,20.0,19.5,0.5,46.0,237.289,0.382,0.3,7778446.5
2026-09-09T01:24:23,15.3,37393,1547350,1498756,2.4,0.00,0.84,0.00,3.36,0.00,0.00,0.04,2652.0,95830.0,92700.0,20.0,16.5,0.5,35.5,219.190,0.381,0.3,7853956.5
2026-09-09T01:24:26,15.2,37487,1547350,1498662,2.4,0.00,1.29,0.00,5.15,0.00,0.00,0.00,2652.0,95830.0,92700.0,11.0,24.5,0.5,56.0,230.782,0.387,0.4,7957290.0
2026-09-09T01:24:28,14.9,37547,1547350,1498602,2.4,0.00,1.25,0.00,8.36,0.00,0.00,0.00,2652.0,95830.0,92700.0,16.0,15.0,0.5,35.0,232.218,0.404,0.4,7603396.5
2026-09-09T01:24:32,10.4,37635,1547350,1498513,2.4,0.00,1.18,0.00,4.73,0.00,0.00,0.00,2652.0,95830.0,92700.0,20.0,13.5,0.5,34.0,236.182,0.400,0.4,7616057.0
2026-09-09T01:24:35,6.5,37720,1547350,1498429,2.4,0.00,3.00,0.00,28.15,0.00,0.11,0.00,2652.0,95830.0,92700.0,0.0,20.5,0.5,47.0,241.267,0.336,0.3,6755291.5
2026-09-09T01:24:39,6.5,37811,1547350,1498338,2.4,0.00,1.38,0.00,15.45,0.00,0.00,0.00,2652.0,95830.0,92700.0,10.0,15.5,0.5,38.0,222.916,0.375,0.3,7378446.5
2026-09-09T01:24:44,6.4,39153,1547350,1496996,2.5,0.00,0.37,0.00,1.47,0.00,0.00,0.00,2652.0,95830.0,92700.0,15.0,6.0,0.5,14.0,230.403,0.386,0.3,7776059.0
2026-09-09T01:24:47,7.0,41959,1547350,1494190,2.7,0.00,1.89,0.00,9.07,0.00,0.20,0.04,2652.0,95830.0,92700.0,0.0,21.5,0.5,48.5,220.430,0.243,0.2,6217414.5
2026-09-09T01:24:49,7.6,44243,1547350,1491906,2.9,0.00,1.25,0.00,8.32,0.00,0.00,0.00,2652.0,95830.0,92700.0,19.0,18.0,0.5,38.0,235.080,0.425,0.4,8098773.0
2026-09-09T01:26:03,6.4,39548,1547350,1496601,2.6,0.00,0.91,0.00,6.87,0.00,0.07,0.00,2652.0,95830.0,92700.0,20.0,15.5,0.5,34.0,224.120,0.000,0.0,0.0
2026-09-09T01:26:05,15.8,39599,1547350,1496550,2.6,0.00,1.21,0.00,4.84,0.00,0.00,0.00,2652.0,95830.0,92700.0,17.0,17.0,0.5,39.5,239.914,0.399,0.4,7303024.5
2026-09-09T01:26:07,14.7,39648,1547350,1496501,2.6,0.00,7.51,0.00,40.46,0.00,0.08,0.00,2652.0,95830.0,92700.0,9.0,16.5,0.5,36.0,240.392,0.379,0.3,7670183.5
2026-09-09T01:26:09,15.0,39701,1547350,1496448,2.6,0.00,0.94,0.00,3.76,0.00,0.50,0.00,2652.0,95830.0,92700.0,0.0,19.5,0.5,47.5,235.212,0.412,0.4,7649052.5
2026-09-09T01:26:11,14.7,39774,1547350,1496375,2.6,0.00,1.87,0.00,11.21,0.00,0.00,0.00,2652.0,95830.0,92700.0,14.0,15.5,0.5,39.0,243.992,0.392,0.4,7917442.5
2026-09-09T01:26:13,14.6,39810,1547350,1496339,2.6,0.00,2.97,0.00,13.85,0.00,0.00,0.00,2652.0,95830.0,92700.0,1.0,27.5,0.5,56.0,227.565,0.387,0.3,7390680.5
2026-09-09T01:26:15,15.0,39851,1547350,1496298,2.6,0.00,0.95,0.00,3.80,0.00,0.00,0.00,2652.0,95830.0,92700.0,12.0,9.5,0.5,20.5,225.604,0.400,0.4,7553836.0
2026-09-09T01:26:17,14.5,39913,1547350,1496236,2.6,0.00,1.94,0.00,7.76,0.00,0.25,0.00,2652.0,95830.0,92700.0,16.0,15.5,0.5,36.0,234.509,0.424,0.4,7830458.5
2026-09-09T01:26:19,11.1,39959,1547350,1496190,2.6,0.00,0.95,0.00,3.78,0.00,0.00,0.00,2652.0,95830.0,92700.0,0.0,0.0,0.5,0.0,216.780,0.388,0.4,7941910.0
2026-09-09T01:26:21,8.2,40042,1547350,1496107,2.6,0.00,1.52,0.00,24.39,0.00,0.00,0.00,2652.0,95830.0,92700.0,23.0,17.5,0.5,41.0,243.999,0.428,0.4,7457064.5
2026-09-09T01:26:23,7.3,40082,1547350,1496067,2.6,0.00,2.64,0.00,10.57,0.00,0.00,0.00,2652.0,95830.0,92700.0,5.0,17.0,0.5,36.5,238.919,0.403,0.4,7539676.0
2026-09-09T01:26:25,7.6,40231,1547350,1495918,2.6,0.00,0.98,0.00,3.94,0.00,0.00,0.00,2652.0,95830.0,92700.0,10.0,17.5,0.5,42.5,236.969,0.400,0.4,7993520.5
2026-09-09T01:26:30,6.8,40243,1547350,1495906,2.6,0.00,1.19,0.00,6.35,0.00,0.00,0.02,2652.0,95830.0,92700.0,18.0,30.5,0.5,59.0,191.133,0.218,0.2,4899896.5
2026-09-09T01:26:32,7.1,40969,1547350,1495180,2.6,0.00,1.19,0.00,4.77,0.00,0.50,0.00,2652.0,95830.0,92700.0,12.0,16.5,0.5,40.5,234.385,0.406,0.4,7764481.0
2026-09-09T01:26:34,7.3,42693,1547350,1493456,2.8,0.00,2.10,0.00,8.40,0.00,0.00,0.00,2652.0,95830.0,92700.0,9.0,16.5,0.5,38.5,227.399,0.393,0.4,8206929.5
2026-09-09T01:26:36,7.1,46534,1547350,1489615,3.0,0.00,1.28,0.00,5.11,0.00,0.00,0.00,2652.0,95830.0,92700.0,0.0,21.0,0.5,45.5,225.327,0.390,0.4,7410703.5
2026-09-09T01:26:39,7.4,46810,1547350,1489339,3.0,0.00,5.87,0.00,48.29,0.00,0.08,0.05,2652.0,95830.0,92700.0,0.0,15.0,0.5,35.0,229.073,0.396,0.4,7522950.5
2026-09-09T01:26:39,4.5,46583,1547350,1489566,3.0,0.00,1.12,0.00,4.48,0.00,0.00,0.00,2652.0,95830.0,92700.0,0.0,5.5,0.5,46.0,211.215,0.396,0.4,7522950.5
2026-09-09T01:26:40,6.3,41993,1547350,1494156,2.7,0.00,116.94,0.00,924.40,0.00,0.09,0.00,2652.0,95830.0,92700.0,12.0,13.5,0.5,33.0,223.579,0.000,0.0,0.0
2026-09-09T01:27:54,13.7,42018,1547350,1494131,2.7,0.00,0.04,0.00,0.65,0.00,0.00,0.00,2652.0,95830.0,92700.0,12.0,7.5,0.5,17.0,225.312,0.000,0.0,0.0
2026-09-09T01:27:56,15.7,42112,1547350,1494037,2.7,0.00,2.49,0.00,9.95,0.00,0.00,0.00,2652.0,95830.0,92700.0,0.0,18.0,0.5,41.0,237.709,0.364,0.3,7205308.0
2026-09-09T01:27:58,14.9,42177,1547350,1493972,2.7,0.00,1.03,0.00,4.11,0.00,0.00,0.00,2652.0,95830.0,92700.0,12.0,14.5,0.5,34.0,236.445,0.393,0.4,7786161.5
2026-09-09T01:28:01,15.2,42232,1547350,1493917,2.7,0.00,1.38,0.00,5.51,0.00,0.00,0.00,2652.0,95830.0,92700.0,0.0,17.5,0.5,40.0,222.119,0.396,0.4,7288486.0
2026-09-09T01:28:03,14.8,42273,1547350,1493876,2.7,0.00,1.47,0.00,5.87,0.00,0.33,0.00,2652.0,95830.0,92700.0,9.0,18.5,0.5,40.5,228.932,0.402,0.4,7958145.0
2026-09-09T01:28:06,15.2,42333,1547350,1493816,2.7,0.00,4.61,0.00,18.42,0.00,0.00,0.00,2652.0,95830.0,92700.0,9.0,18.5,0.5,44.0,227.805,0.386,0.3,7750975.0
2026-09-09T01:28:07,15.5,42358,1547350,1493791,2.7,0.00,2.79,0.00,15.36,0.00,0.20,0.06,2652.0,95830.0,92700.0,12.0,22.0,0.5,51.5,226.728,0.387,0.3,7270039.0
2026-09-09T01:28:09,14.4,42412,1547350,1493737,2.7,0.00,1.46,0.00,5.83,0.00,0.00,0.00,2652.0,95830.0,92700.0,0.0,18.5,0.5,43.5,238.401,0.411,0.4,7838183.5
2026-09-09T01:28:12,8.6,42450,1547350,1493699,2.7,0.00,2.11,0.00,8.44,0.00,0.00,0.00,2652.0,95830.0,92700.0,0.0,0.5,0.5,1.5,122.469,0.324,0.3,6608905.0
2026-09-09T01:28:14,7.3,42525,1547350,1493624,2.7,0.00,1.96,0.00,11.77,0.00,0.00,0.00,2652.0,95830.0,92700.0,23.0,23.5,0.5,49.0,250.286,0.284,0.2,6265832.0
2026-09-09T01:28:16,7.5,42585,1547350,1493564,2.8,0.00,0.79,0.00,3.17,0.00,0.00,0.00,2652.0,95830.0,92700.0,12.0,16.0,0.5,34.5,231.425,0.395,0.4,7704983.5
2026-09-09T01:28:18,6.0,42633,1547350,1493516,2.8,0.00,3.05,0.00,14.25,0.00,0.17,0.05,2652.0,95830.0,92700.0,0.0,15.5,0.5,34.0,217.404,0.395,0.4,7704983.5
2026-09-09T01:28:19,10.5,42635,1547350,1493514,2.8,0.00,1.82,0.00,7.30,0.00,0.00,0.00,2652.0,95830.0,92700.0,0.0,24.0,0.5,50.0,216.784,0.363,0.3,5471390.5
2026-09-09T01:28:19,12.2,42635,1547350,1493514,2.8,0.00,5.42,0.00,21.68,0.00,0.00,0.00,2652.0,95830.0,92700.0,0.0,15.0,0.5,34.5,228.959,0.363,0.3,5471390.5
2026-09-09T01:28:20,11.8,42636,1547350,1493513,2.8,0.00,1.22,0.00,4.87,0.00,0.00,0.00,2652.0,95830.0,92700.0,0.0,16.0,0.5,36.5,226.555,0.370,0.3,6108894.0
2026-09-09T01:28:21,11.4,42638,1547350,1493511,2.8,0.00,1.60,0.00,6.39,0.00,0.00,0.00,2652.0,95830.0,92700.0,0.0,22.0,0.5,40.5,214.712,0.370,0.3,6108894.0
2026-09-09T01:28:21,12.9,42659,1547350,1493490,2.8,0.00,3.13,0.00,12.54,0.00,0.00,0.00,2652.0,95830.0,92700.0,0.0,16.5,0.5,35.0,212.415,0.377,0.3,6828533.0
2026-09-09T01:28:24,14.7,42746,1547350,1493403,2.8,0.00,1.98,0.00,22.20,0.00,0.00,0.00,2652.0,95830.0,92700.0,0.0,21.0,0.5,50.0,240.653,0.384,0.3,7523650.5
2026-09-09T01:28:26,14.8,42798,1547350,1493351,2.8,0.00,1.18,0.00,4.73,0.00,0.33,0.00,2652.0,95830.0,92700.0,0.0,9.0,0.5,22.0,214.634,0.377,0.3,7744255.0
2026-09-09T01:28:30,14.9,42850,1547350,1493300,2.8,0.00,1.14,0.00,4.54,0.00,0.00,0.00,2652.0,95830.0,92700.0,0.0,14.0,0.5,31.5,240.461,0.392,0.4,7722149.0
2026-09-09T01:28:33,14.6,42908,1547350,1493241,2.8,0.00,1.81,0.00,10.12,0.00,0.00,0.00,2652.0,95830.0,92700.0,0.0,16.5,0.5,36.5,235.497,0.395,0.4,7756399.5
2026-09-09T01:28:36,8.6,43014,1547350,1493135,2.8,0.00,0.55,0.00,2.21,0.00,0.00,0.00,2652.0,95830.0,92700.0,23.0,21.5,0.5,50.0,230.773,0.400,0.4,7712215.5
2026-09-09T01:28:39,7.3,43049,1547350,1493100,2.8,0.00,3.65,0.00,36.67,0.00,0.11,0.00,2652.0,95830.0,92700.0,0.0,17.5,0.5,40.0,230.487,0.407,0.4,8067341.0
2026-09-09T01:28:42,7.5,43125,1547350,1493024,2.8,0.00,0.71,0.00,2.82,0.00,0.00,0.00,2652.0,95830.0,92700.0,0.0,16.5,0.5,36.0,227.613,0.380,0.3,8001683.0
2026-09-09T01:28:45,13.5,43175,1547350,1492974,2.8,0.00,2.06,0.00,20.64,0.00,0.00,0.00,2652.0,95830.0,92700.0,0.0,18.0,0.5,41.0,227.630,0.395,0.4,7901523.0
2026-09-09T01:28:48,14.9,43287,1547350,1492863,2.8,0.00,0.58,0.00,2.32,0.00,0.00,0.00,2652.0,95830.0,92700.0,12.0,15.5,0.5,39.0,225.032,0.401,0.4,7818638.0
2026-09-09T01:28:50,14.8,43339,1547350,1492810,2.8,0.00,1.85,0.00,7.38,0.00,0.25,0.00,2652.0,95830.0,92700.0,20.0,16.0,0.5,40.0,237.100,0.408,0.4,7833979.5
2026-09-09T01:28:53,14.7,43407,1547350,1492742,2.8,0.00,0.60,0.00,2.42,0.00,0.00,0.00,2652.0,95830.0,92700.0,0.0,14.5,0.5,34.0,242.139,0.410,0.4,7519944.0
2026-09-09T01:28:57,15.1,43498,1547350,1492651,2.8,0.00,1.19,0.00,4.77,0.00,0.00,0.03,2652.0,95830.0,92700.0,11.0,16.0,0.5,42.0,240.279,0.403,0.4,7941275.5
2026-09-09T01:28:59,14.6,43537,1547350,1492612,2.8,0.00,0.80,0.00,3.20,0.00,0.00,0.00,2652.0,95830.0,92700.0,12.0,19.5,0.5,45.0,228.222,0.395,0.4,7664230.5
2026-09-09T01:29:03,11.5,43622,1547350,1492527,2.8,0.00,2.94,0.00,12.91,0.00,0.10,0.00,2652.0,95830.0,92700.0,0.0,17.5,0.5,40.0,226.876,0.413,0.4,8198956.5
2026-09-09T01:29:06,7.6,43671,1547350,1492478,2.8,0.00,1.02,0.00,6.77,0.00,0.00,0.00,2652.0,95830.0,92700.0,21.0,18.5,0.5,39.5,233.167,0.397,0.4,8078499.0
2026-09-09T01:29:08,8.0,43770,1547350,1492379,2.8,0.00,2.35,0.00,15.29,0.00,0.00,0.00,2652.0,95830.0,92700.0,23.0,15.0,0.5,34.5,237.594,0.417,0.4,8068437.5
2026-09-09T01:29:12,11.3,43815,1547350,1492334,2.8,0.00,0.57,0.00,2.26,0.00,0.00,0.00,2652.0,95830.0,92700.0,22.0,16.0,0.5,41.5,240.530,0.407,0.4,7504796.0
2026-09-09T01:29:14,15.3,43871,1547350,1492278,2.8,0.00,2.88,0.00,11.51,0.00,0.14,0.00,2652.0,95830.0,92700.0,11.0,14.5,0.5,34.5,230.701,0.397,0.4,7863270.0
2026-09-09T01:29:17,14.7,43925,1547350,1492225,2.8,0.00,0.75,0.00,2.99,0.00,0.00,0.00,2652.0,95830.0,92700.0,2.0,15.0,0.5,35.5,221.016,0.371,0.3,7796952.5
2026-09-09T01:29:20,15.1,44001,1547350,1492149,2.8,0.00,1.36,0.00,6.78,0.00,0.00,0.00,2652.0,95830.0,92700.0,17.0,21.0,0.5,50.5,223.742,0.418,0.4,7401660.5
2026-09-09T01:29:23,14.8,44055,1547350,1492094,2.8,0.00,0.72,0.00,2.87,0.00,0.00,0.00,2652.0,95830.0,92700.0,0.0,14.0,0.5,31.5,242.615,0.400,0.4,7351054.5
2026-09-09T01:29:25,12.9,44104,1547350,1492046,2.9,0.00,1.90,0.00,21.26,0.00,0.20,0.00,2652.0,95830.0,92700.0,20.0,15.5,0.5,34.5,239.444,0.397,0.4,7710898.5
2026-09-09T01:29:28,7.7,44198,1547350,1491951,2.9,0.00,1.24,0.00,4.96,0.00,0.00,0.03,2652.0,95830.0,92700.0,0.0,16.5,0.5,37.0,228.567,0.392,0.4,7573201.0
2026-09-09T01:29:31,7.7,44248,1547350,1491901,2.9,0.00,0.76,0.00,3.06,0.00,0.00,0.00,2652.0,95830.0,92700.0,0.0,13.5,0.5,32.5,245.517,0.419,0.4,7519355.0
2026-09-09T01:29:34,9.2,44317,1547350,1491833,2.9,0.00,1.81,0.00,9.64,0.00,0.00,0.00,2652.0,95830.0,92700.0,9.0,18.5,0.5,37.0,218.129,0.362,0.3,7005532.5
2026-09-09T01:29:38,14.6,44383,1547350,1491766,2.9,0.00,1.73,0.00,19.13,0.00,0.14,0.00,2652.0,95830.0,92700.0,20.0,15.5,0.5,35.0,225.098,0.347,0.3,7130029.5
2026-09-09T01:29:41,14.9,44467,1547350,1491682,2.9,0.00,1.32,0.00,6.58,0.00,0.00,0.00,2652.0,95830.0,92700.0,21.0,14.0,0.5,34.5,231.317,0.360,0.3,6659288.0
2026-09-09T01:29:44,15.1,44516,1547350,1491633,2.9,0.00,1.04,0.00,4.17,0.00,0.00,0.00,2652.0,95830.0,92700.0,19.0,15.5,0.5,33.5,241.627,0.406,0.4,7727041.5
2026-09-09T01:29:47,14.4,44586,1547350,1491564,2.9,0.00,1.96,0.00,19.61,0.00,0.00,0.00,2652.0,95830.0,92700.0,12.0,17.0,0.5,39.0,227.636,0.370,0.3,7688611.0
2026-09-09T01:29:51,9.7,44659,1547350,1491491,2.9,0.00,1.19,0.00,4.76,0.00,0.25,0.00,2652.0,95830.0,92700.0,12.0,19.0,0.5,42.5,251.589,0.410,0.4,7955394.0
2026-09-09T01:29:53,7.3,44717,1547350,1491433,2.9,0.00,0.78,0.00,3.14,0.00,0.00,0.04,2652.0,95830.0,92700.0,7.0,16.0,0.5,35.5,229.111,0.401,0.4,7783827.5
2026-09-09T01:29:57,8.2,44795,1547350,1491355,2.9,0.00,1.24,0.00,6.95,0.00,0.00,0.00,2652.0,95830.0,92700.0,12.0,23.5,0.5,55.5,244.325,0.369,0.3,7380525.0
2026-09-09T01:30:01,14.9,44883,1547350,1491267,2.9,0.00,3.12,0.00,12.46,0.00,0.10,0.00,2652.0,95830.0,92700.0,19.0,21.5,0.5,52.0,225.659,0.399,0.4,7868661.0
2026-09-09T01:30:04,14.7,44956,1547350,1491193,2.9,0.00,0.52,0.00,2.09,0.00,0.00,0.03,2652.0,95830.0,92700.0,0.0,2.5,0.5,4.5,146.125,0.399,0.4,7622535.0
2026-09-09T01:30:08,14.5,45061,1547350,1491088,2.9,0.00,2.35,0.00,22.72,0.00,0.00,0.00,2652.0,95830.0,92700.0,11.0,21.0,0.5,50.0,238.887,0.352,0.3,6994825.0
2026-09-09T01:30:11,14.3,45109,1547350,1491041,2.9,0.00,0.71,0.00,2.84,0.00,0.00,0.00,2652.0,95830.0,92700.0,0.0,20.5,0.5,49.5,239.483,0.418,0.4,7717033.0
2026-09-09T01:30:12,12.5,45114,1547350,1491035,2.9,0.00,1.75,0.00,7.02,0.00,0.50,0.00,2652.0,95830.0,92700.0,0.0,21.0,0.5,49.0,218.261,0.418,0.4,7717033.0
2026-09-09T01:30:13,3.9,45114,1547350,1491036,2.9,0.00,1.07,0.00,4.29,0.00,0.00,0.00,2652.0,95830.0,92700.0,0.0,16.0,0.5,34.0,200.569,0.279,0.2,4852746.0
2026-09-09T01:30:14,4.7,45114,1547350,1491035,2.9,0.00,1.57,0.00,6.28,0.00,0.00,0.16,2652.0,95830.0,92700.0,0.0,15.5,0.5,34.5,208.728,0.279,0.2,4852746.0
2026-09-09T01:30:14,4.5,45132,1547350,1491017,2.9,0.00,8.92,0.00,47.55,0.00,0.00,0.00,2652.0,95830.0,92700.0,0.0,7.5,0.5,18.5,203.998,0.351,0.3,6293165.5
2026-09-09T01:30:15,4.4,45138,1547350,1491011,2.9,0.00,5.36,0.00,35.71,0.00,0.00,0.00,2652.0,95830.0,92700.0,12.0,19.0,0.5,42.5,230.506,0.388,0.4,6697273.0
2026-09-09T01:30:18,6.9,45223,1547350,1490926,2.9,0.00,0.68,0.00,2.73,0.00,0.50,0.00,2652.0,95830.0,92700.0,14.0,9.0,0.5,18.0,222.561,0.385,0.3,7785651.0
2026-09-09T01:30:21,7.8,45260,1547350,1490890,2.9,0.00,1.49,0.00,5.97,0.00,0.00,0.00,2652.0,95830.0,92700.0,24.0,23.5,0.5,44.5,229.664,0.416,0.4,7616725.0
2026-09-09T01:30:23,14.2,45315,1547350,1490835,2.9,0.00,0.73,0.00,2.90,0.00,0.00,0.00,2652.0,95830.0,92700.0,0.0,16.5,0.5,40.5,232.469,0.383,0.3,7704207.5
2026-09-09T01:30:26,15.0,45409,1547350,1490741,2.9,0.00,1.71,0.00,19.20,0.00,0.00,0.00,2652.0,95830.0,92700.0,0.0,15.0,0.5,35.5,237.123,0.402,0.4,7488945.0
2026-09-09T01:30:30,15.0,45477,1547350,1490672,2.9,0.00,1.23,0.00,4.94,0.00,0.00,0.00,2652.0,95830.0,92700.0,12.0,26.0,0.5,55.5,232.209,0.404,0.4,7419980.0
2026-09-09T01:30:32,15.1,45544,1547350,1490606,2.9,0.00,0.72,0.00,2.89,0.00,0.00,0.00,2652.0,95830.0,92700.0,13.0,16.0,0.5,37.5,242.536,0.399,0.4,7687536.5
2026-09-09T01:30:35,14.7,45597,1547350,1490553,2.9,0.00,1.40,0.00,5.59,0.00,0.25,0.00,2652.0,95830.0,92700.0,12.0,14.0,0.5,34.5,229.034,0.358,0.3,6810484.0
2026-09-09T01:30:39,8.3,45713,1547350,1490437,3.0,0.00,3.09,0.00,27.81,0.00,0.00,0.00,2652.0,95830.0,92700.0,18.0,17.0,0.5,42.5,229.149,0.404,0.4,7822845.5
2026-09-09T01:30:43,7.2,45760,1547350,1490390,3.0,0.00,0.98,0.00,4.92,0.00,0.00,0.00,2652.0,95830.0,92700.0,0.0,18.0,0.5,41.0,222.950,0.386,0.3,7400416.5
2026-09-09T01:30:46,11.1,45827,1547350,1490322,3.0,0.00,0.65,0.00,2.62,0.00,0.50,0.00,2652.0,95830.0,92700.0,9.0,18.0,0.5,41.0,234.284,0.402,0.4,7877369.5
2026-09-09T01:30:49,13.8,45884,1547350,1490266,3.0,0.00,1.75,0.00,17.47,0.00,0.00,0.00,2652.0,95830.0,92700.0,1.0,16.5,0.5,40.0,235.069,0.396,0.4,8104936.5
2026-09-09T01:30:52,15.3,45951,1547350,1490199,3.0,0.00,1.72,0.00,6.87,0.00,0.00,0.03,2652.0,95830.0,92700.0,18.0,20.0,0.5,47.5,241.543,0.403,0.4,7861238.0
2026-09-09T01:30:55,14.6,46009,1547350,1490140,3.0,0.00,0.74,0.00,2.97,0.00,0.00,0.00,2652.0,95830.0,92700.0,12.0,22.0,0.5,48.0,242.554,0.394,0.4,7952191.5
2026-09-09T01:30:57,15.0,46079,1547350,1490070,3.0,0.00,1.14,0.00,7.63,0.00,0.00,0.00,2652.0,95830.0,92700.0,12.0,21.0,0.5,45.5,237.579,0.384,0.3,7622652.0
2026-09-09T01:31:01,11.6,46136,1547350,1490014,3.0,0.00,1.17,0.00,4.68,0.00,0.25,0.00,2652.0,95830.0,92700.0,21.0,5.0,0.5,10.5,225.207,0.376,0.3,7488184.5
2026-09-09T01:31:03,7.8,46194,1547350,1489956,3.0,0.00,0.92,0.00,3.67,0.00,0.00,0.00,2652.0,95830.0,92700.0,14.0,16.0,0.5,38.5,227.959,0.383,0.3,7676508.5
2026-09-09T01:31:06,7.8,46271,1547350,1489879,3.0,0.00,4.09,0.00,16.35,0.00,0.10,0.00,2652.0,95830.0,92700.0,11.0,15.5,0.5,36.5,241.029,0.380,0.3,7347917.5
2026-09-09T01:31:10,10.3,46359,1547350,1489791,3.0,0.00,1.63,0.00,20.12,0.00,0.00,0.00,2652.0,95830.0,92700.0,11.0,26.5,0.5,61.5,224.044,0.403,0.4,8111442.0
2026-09-09T01:31:13,15.5,46438,1547350,1489712,3.0,0.00,0.57,0.00,2.28,0.00,0.00,0.00,2652.0,95830.0,92700.0,15.0,18.5,0.5,40.5,237.696,0.387,0.3,7463215.5
2026-09-09T01:31:16,14.8,46486,1547350,1489663,3.0,0.00,2.41,0.00,11.03,0.00,0.00,0.00,2652.0,95830.0,92700.0,0.0,19.0,0.5,44.0,226.256,0.373,0.3,7764275.5
2026-09-09T01:31:19,14.8,46528,1547350,1489622,3.0,0.00,1.29,0.00,8.59,0.00,0.33,0.00,2652.0,95830.0,92700.0,9.0,20.0,0.5,47.0,221.804,0.405,0.4,7626032.5
2026-09-09T01:31:22,14.7,46633,1547350,1489517,3.0,0.00,1.13,0.00,4.53,0.00,0.00,0.00,2652.0,95830.0,92700.0,0.0,8.5,0.5,22.5,216.722,0.405,0.4,7655870.5
2026-09-09T01:31:25,10.6,46699,1547350,1489451,3.0,0.00,0.61,0.00,2.43,0.00,0.00,0.00,2652.0,95830.0,92700.0,15.0,21.0,0.5,50.0,231.009,0.399,0.4,8162033.5
2026-09-09T01:31:28,7.7,46777,1547350,1489372,3.0,0.00,1.93,0.00,21.57,0.00,0.00,0.00,2652.0,95830.0,92700.0,11.0,20.5,0.5,45.5,244.804,0.390,0.4,7605886.0
2026-09-09T01:31:31,7.8,46824,1547350,1489326,3.0,0.00,0.66,0.00,2.65,0.00,0.00,0.00,2652.0,95830.0,92700.0,0.0,16.0,0.5,39.5,242.389,0.392,0.4,7664214.0
2026-09-09T01:31:34,11.2,46947,1547350,1489202,3.0,0.00,1.45,0.00,5.79,0.00,0.25,0.00,2652.0,95830.0,92700.0,0.0,17.5,0.5,41.5,236.942,0.412,0.4,7928126.5
2026-09-09T01:31:37,14.9,46990,1547350,1489159,3.0,0.00,0.58,0.00,2.33,0.00,0.00,0.00,2652.0,95830.0,92700.0,9.0,18.0,0.5,39.5,229.654,0.383,0.3,7814025.5
2026-09-09T01:31:40,14.7,47035,1547350,1489114,3.0,0.00,5.65,0.00,43.06,0.00,0.06,0.00,2652.0,95830.0,92700.0,9.0,2.5,0.5,7.5,220.311,0.382,0.3,7446965.5
2026-09-09T01:31:43,15.2,47097,1547350,1489053,3.0,0.00,0.78,0.00,3.10,0.00,0.00,0.00,2652.0,95830.0,92700.0,22.0,16.5,0.5,40.0,218.097,0.429,0.4,7679924.0
2026-09-09T01:31:46,14.5,47159,1547350,1488991,3.0,0.00,1.61,0.00,6.44,0.00,0.00,0.00,2652.0,95830.0,92700.0,0.0,17.5,0.5,41.5,231.566,0.398,0.4,7657048.0
2026-09-09T01:31:49,14.1,47215,1547350,1488934,3.1,0.00,0.65,0.00,5.20,0.00,0.00,0.00,2652.0,95830.0,92700.0,0.0,2.0,0.5,4.5,205.871,0.351,0.3,7036254.0
2026-09-09T01:31:50,8.4,47253,1547350,1488897,3.1,0.00,3.13,0.00,15.05,0.00,0.20,0.06,2652.0,95830.0,92700.0,12.0,20.0,0.5,46.0,233.414,0.400,0.4,7703536.5
2026-09-09T01:31:54,7.4,47346,1547350,1488803,3.1,0.00,0.63,0.00,2.51,0.00,0.00,0.00,2652.0,95830.0,92700.0,12.0,18.5,0.5,45.5,223.072,0.397,0.4,7821946.5
2026-09-09T01:31:57,7.4,47407,1547350,1488742,3.1,0.00,1.15,0.00,4.61,0.00,0.00,0.00,2652.0,95830.0,92700.0,0.0,16.5,0.5,40.5,242.160,0.413,0.4,6988749.5
2026-09-09T01:32:01,13.9,47491,1547350,1488659,3.1,0.00,2.77,0.00,20.13,0.00,0.09,0.00,2652.0,95830.0,92700.0,23.0,15.0,0.5,34.0,216.828,0.380,0.3,7428858.5
2026-09-09T01:32:04,13.2,47504,1547350,1488646,3.1,0.00,0.74,0.00,2.96,0.00,0.00,0.00,2652.0,95830.0,92700.0,0.0,16.5,0.5,33.5,209.972,0.359,0.3,6285435.0
2026-09-09T01:32:04,11.8,47504,1547350,1488646,3.1,0.00,1.64,0.00,6.56,0.00,0.00,0.00,2652.0,95830.0,92700.0,0.0,15.0,0.5,35.0,219.591,0.359,0.3,6285435.0
2026-09-09T01:32:05,11.9,47537,1547350,1488613,3.1,0.00,4.04,0.00,16.16,0.00,0.00,0.00,2652.0,95830.0,92700.0,0.0,14.5,0.5,36.0,203.704,0.338,0.3,6093751.5
2026-09-09T01:32:06,11.5,47537,1547350,1488612,3.1,0.00,0.81,0.00,3.25,0.00,0.00,0.00,2652.0,95830.0,92700.0,0.0,19.0,0.5,37.0,222.867,0.338,0.3,6093751.5
2026-09-09T01:32:07,11.8,47537,1547350,1488612,3.1,0.00,3.61,0.00,14.44,0.00,0.00,0.00,2652.0,95830.0,92700.0,0.0,16.0,0.5,35.0,217.368,0.398,0.4,5562685.5
2026-09-09T01:32:08,12.8,47580,1547350,1488570,3.1,0.00,5.03,0.00,30.19,0.00,0.25,0.13,2652.0,95830.0,92700.0,0.0,15.0,0.5,34.0,212.351,0.244,0.2,4938284.5
2026-09-09T01:32:11,14.7,47664,1547350,1488486,3.1,0.00,2.41,0.00,16.40,0.00,0.00,0.00,2652.0,95830.0,92700.0,8.0,24.0,0.5,58.5,229.773,0.393,0.4,7456448.5
2026-09-09T01:32:15,10.6,47742,1547350,1488407,3.1,0.00,0.56,0.00,2.25,0.00,0.00,0.00,2652.0,95830.0,92700.0,8.0,4.0,0.5,9.0,226.324,0.417,0.4,8877788.0
2026-09-09T01:32:17,7.6,47814,1547350,1488336,3.1,0.00,1.87,0.00,8.97,0.00,0.20,0.00,2652.0,95830.0,92700.0,0.0,21.0,0.5,46.5,244.274,0.396,0.4,7801387.5
2026-09-09T01:32:20,7.7,47896,1547350,1488254,3.1,0.00,1.09,0.00,17.37,0.00,0.00,0.00,2652.0,95830.0,92700.0,0.0,20.0,0.5,45.5,226.590,0.366,0.3,6923601.5
2026-09-09T01:32:23,11.5,47941,1547350,1488208,3.1,0.00,1.43,0.00,5.74,0.00,0.00,0.00,2652.0,95830.0,92700.0,6.0,15.0,0.5,33.5,229.046,0.397,0.4,7929392.0
2026-09-09T01:32:27,14.2,48012,1547350,1488138,3.1,0.00,1.10,0.00,4.38,0.00,0.00,0.00,2652.0,95830.0,92700.0,0.0,17.0,0.5,35.0,234.182,0.385,0.3,6816945.0
2026-09-09T01:32:30,14.6,48099,1547350,1488051,3.1,0.00,0.91,0.00,6.04,0.00,0.00,0.00,2652.0,95830.0,92700.0,0.0,15.0,0.5,35.5,244.987,0.364,0.3,7602597.0
2026-09-09T01:32:33,14.7,48148,1547350,1488002,3.1,0.00,1.39,0.00,5.55,0.00,0.25,0.00,2652.0,95830.0,92700.0,12.0,19.5,0.5,45.5,245.036,0.388,0.3,8084646.0
2026-09-09T01:32:36,15.1,48209,1547350,1487941,3.1,0.00,0.69,0.00,2.76,0.00,0.00,0.00,2652.0,95830.0,92700.0,12.0,16.5,0.5,40.0,225.959,0.381,0.3,7496689.5
2026-09-09T01:32:39,12.1,48302,1547350,1487848,3.1,0.00,6.74,0.00,66.45,0.00,0.06,0.00,2652.0,95830.0,92700.0,23.0,20.0,0.5,47.0,248.245,0.398,0.4,7860136.0
2026-09-09T01:32:44,7.5,48396,1547350,1487754,3.1,0.00,0.86,0.00,3.45,0.00,0.00,0.00,2652.0,95830.0,92700.0,12.0,15.5,0.5,34.5,239.268,0.379,0.3,7482668.5
2026-09-09T01:32:46,7.6,48452,1547350,1487698,3.1,0.00,0.74,0.00,2.94,0.00,0.50,0.00,2652.0,95830.0,92700.0,4.0,16.0,0.5,36.0,243.794,0.405,0.4,7924472.5
2026-09-09T01:32:49,14.0,48508,1547350,1487642,3.1,0.00,0.80,0.00,3.21,0.00,0.00,0.00,2652.0,95830.0,92700.0,12.0,18.5,0.5,42.0,228.608,0.374,0.3,7313939.0
2026-09-09T01:32:52,15.0,48591,1547350,1487559,3.1,0.00,2.07,0.00,11.03,0.00,0.00,0.00,2652.0,95830.0,92700.0,9.0,25.5,0.5,51.0,231.507,0.387,0.3,8189982.0
2026-09-09T01:32:54,14.8,48636,1547350,1487514,3.1,0.00,1.42,0.00,5.67,0.00,0.00,0.00,2652.0,95830.0,92700.0,12.0,18.5,0.5,44.0,245.569,0.395,0.4,7375410.0
2026-09-09T01:32:57,15.2,48719,1547350,1487431,3.1,0.00,1.26,0.00,5.03,0.00,0.00,0.00,2652.0,95830.0,92700.0,0.0,16.0,0.5,39.0,237.610,0.400,0.4,7595224.5
2026-09-09T01:33:01,14.4,48813,1547350,1487337,3.2,0.00,2.51,0.00,18.24,0.00,0.09,0.00,2652.0,95830.0,92700.0,9.0,16.5,0.5,34.0,233.796,0.416,0.4,7159237.0
2026-09-09T01:33:05,7.3,48880,1547350,1487270,3.2,0.00,0.98,0.00,3.94,0.00,0.00,0.00,2652.0,95830.0,92700.0,12.0,20.0,0.5,44.5,238.259,0.395,0.4,7249115.5
2026-09-09T01:33:10,6.9,48960,1547350,1487190,3.2,0.00,6.64,0.00,39.14,0.00,0.11,0.00,2652.0,95830.0,92700.0,21.0,15.5,0.5,34.5,225.039,0.380,0.3,7491305.5
2026-09-09T01:33:13,13.9,49040,1547350,1487110,3.2,0.00,1.71,0.00,6.83,0.00,0.17,0.00,2652.0,95830.0,92700.0,12.0,17.0,0.5,40.5,234.832,0.409,0.4,7582849.5
2026-09-09T01:33:16,15.4,49110,1547350,1487040,3.2,0.00,0.71,0.00,2.86,0.00,0.00,0.00,2652.0,95830.0,92700.0,20.0,20.5,0.5,48.5,246.213,0.413,0.4,7805043.0
2026-09-09T01:33:19,14.7,49149,1547350,1487001,3.2,0.00,1.46,0.00,7.30,0.00,0.00,0.00,2652.0,95830.0,92700.0,20.0,8.0,0.5,20.5,229.213,0.387,0.4,7657631.0
2026-09-09T01:33:21,15.2,49246,1547350,1486904,3.2,0.00,1.36,0.00,21.71,0.00,0.00,0.00,2652.0,95830.0,92700.0,5.0,16.0,0.5,36.5,246.078,0.412,0.4,7545102.5
2026-09-09T01:33:24,14.5,49283,1547350,1486866,3.2,0.00,1.69,0.00,6.75,0.00,0.00,0.00,2652.0,95830.0,92700.0,5.0,19.5,0.5,46.5,232.070,0.380,0.3,7764662.0
2026-09-09T01:33:27,15.0,49334,1547350,1486816,3.2,0.00,1.22,0.00,4.87,0.00,0.25,0.00,2652.0,95830.0,92700.0,12.0,17.5,0.5,41.0,245.766,0.406,0.4,7664951.0
2026-09-09T01:33:30,9.6,49440,1547350,1486710,3.2,0.00,0.68,0.00,2.70,0.00,0.00,0.00,2652.0,95830.0,92700.0,20.0,15.0,0.5,34.0,238.745,0.393,0.4,7434989.5
2026-09-09T01:33:34,7.7,49511,1547350,1486639,3.2,0.00,1.17,0.00,4.67,0.00,0.00,0.00,2652.0,95830.0,92700.0,19.0,16.0,0.5,35.5,223.041,0.387,0.3,7752157.0
2026-09-09T01:33:37,8.8,49587,1547350,1486563,3.2,0.00,0.61,0.00,2.46,0.00,0.00,0.00,2652.0,95830.0,92700.0,13.0,24.5,0.5,54.5,229.579,0.421,0.4,7590218.5
2026-09-09T01:33:40,14.6,49644,1547350,1486505,3.2,0.00,2.51,0.00,26.84,0.00,0.00,0.03,2652.0,95830.0,92700.0,0.0,22.5,0.5,48.0,232.877,0.371,0.3,7225395.0
2026-09-09T01:33:44,14.7,49740,1547350,1486410,3.2,0.00,0.54,0.00,2.16,0.00,0.50,0.00,2652.0,95830.0,92700.0,9.0,18.0,0.5,41.0,231.809,0.411,0.4,7769787.0
2026-09-09T01:33:47,15.2,49815,1547350,1486335,3.2,0.00,1.44,0.00,5.76,0.00,0.00,0.00,2652.0,95830.0,92700.0,0.0,30.5,0.5,60.0,224.596,0.389,0.4,7646274.5
2026-09-09T01:33:51,14.6,49889,1547350,1486261,3.2,0.00,1.03,0.00,4.12,0.00,0.00,0.00,2652.0,95830.0,92700.0,5.0,18.5,0.5,45.0,232.317,0.414,0.4,8038442.5
2026-09-09T01:33:54,14.9,49957,1547350,1486193,3.2,0.00,1.49,0.00,5.96,0.00,0.00,0.00,2652.0,95830.0,92700.0,12.0,28.5,0.5,56.0,232.680,0.401,0.4,7617003.5
2026-09-09T01:33:58,8.6,50063,1547350,1486087,3.2,0.00,0.55,0.00,2.21,0.00,0.00,0.00,2652.0,95830.0,92700.0,9.0,17.5,0.5,42.5,231.649,0.412,0.4,7957076.0
2026-09-09T01:34:02,7.7,50288,1547350,1485862,3.2,0.00,2.76,0.00,14.38,0.00,0.10,0.00,2652.0,95830.0,92700.0,13.0,18.5,0.5,47.0,230.284,0.398,0.4,7433701.5
2026-09-09T01:34:06,11.5,50236,1547350,1485914,3.2,0.00,1.16,0.00,4.64,0.00,0.20,0.00,2652.0,95830.0,92700.0,0.0,14.0,0.5,34.0,222.654,0.380,0.3,6871042.5
2026-09-09T01:34:09,13.5,50268,1547350,1485882,3.2,0.00,0.29,0.00,1.16,0.00,0.00,0.00,2652.0,95830.0,92700.0,0.0,22.5,0.5,50.0,211.243,0.341,0.3,5463731.0
2026-09-09T01:34:11,11.5,50267,1547350,1485883,3.2,0.00,3.36,0.00,22.88,0.00,0.00,0.00,2652.0,95830.0,92700.0,0.0,17.0,0.5,37.0,231.615,0.341,0.3,5463731.0
2026-09-09T01:34:11,11.7,50317,1547350,1485833,3.3,0.00,9.84,0.00,98.36,0.00,0.00,0.00,2652.0,95830.0,92700.0,0.0,20.5,0.5,49.0,245.657,0.364,0.3,6293689.5
2026-09-09T01:34:15,14.4,50396,1547350,1485754,3.3,0.00,0.54,0.00,2.14,0.00,0.50,0.00,2652.0,95830.0,92700.0,11.0,20.0,0.5,49.0,236.201,0.404,0.4,7691104.5
2026-09-09T01:34:19,13.0,50472,1547350,1485678,3.3,0.00,1.25,0.00,6.02,0.00,0.00,0.00,2652.0,95830.0,92700.0,17.0,15.5,0.5,36.5,231.711,0.258,0.2,5652765.5
2026-09-09T01:34:23,7.8,50544,1547350,1485606,3.3,0.00,1.48,0.00,7.87,0.00,0.00,0.00,2652.0,95830.0,92700.0,17.0,16.5,0.5,35.5,234.811,0.412,0.4,7920441.0
2026-09-09T01:34:26,7.6,50708,1547350,1485441,3.3,0.00,0.75,0.00,3.00,0.00,0.00,0.00,2652.0,95830.0,92700.0,0.0,18.0,0.5,40.5,235.506,0.376,0.3,7552116.5
2026-09-09T01:34:29,12.2,50686,1547350,1485464,3.3,0.00,1.29,0.00,5.14,0.00,0.25,0.00,2652.0,95830.0,92700.0,21.0,16.0,0.5,34.0,232.292,0.393,0.4,8081110.5
2026-09-09T01:34:33,15.1,50757,1547350,1485393,3.3,0.00,0.83,0.00,13.29,0.00,0.00,0.00,2652.0,95830.0,92700.0,13.0,24.5,0.5,56.0,241.605,0.436,0.4,7597439.5
2026-09-09T01:34:37,14.7,50831,1547350,1485319,3.3,0.00,0.99,0.00,4.94,0.00,0.00,0.00,2652.0,95830.0,92700.0,5.0,17.5,0.5,40.5,244.620,0.407,0.4,7758231.0
2026-09-09T01:34:40,14.6,50912,1547350,1485238,3.3,0.00,3.01,0.00,28.75,0.00,0.00,0.00,2652.0,95830.0,92700.0,1.0,7.0,0.5,15.0,223.333,0.403,0.4,7542444.0
2026-09-09T01:34:44,12.2,51027,1547350,1485123,3.3,0.00,0.76,0.00,5.08,0.00,0.33,0.00,2652.0,95830.0,92700.0,12.0,13.0,0.5,32.5,225.897,0.392,0.4,7754235.0
2026-09-09T01:34:48,7.6,51106,1547350,1485044,3.3,0.00,0.95,0.00,3.80,0.00,0.00,0.00,2652.0,95830.0,92700.0,0.0,14.0,0.5,28.0,231.614,0.409,0.4,7829000.5
2026-09-09T01:34:51,7.6,51162,1547350,1484988,3.3,0.00,1.68,0.00,6.70,0.00,0.00,0.00,2652.0,95830.0,92700.0,12.0,16.0,0.5,40.5,253.525,0.420,0.4,7310137.0
2026-09-09T01:34:54,13.7,51238,1547350,1484912,3.3,0.00,0.59,0.00,2.35,0.00,0.00,0.00,2652.0,95830.0,92700.0,21.0,16.0,0.5,35.5,229.541,0.424,0.4,8004487.5
2026-09-09T01:34:57,14.8,51297,1547350,1484853,3.3,0.00,1.53,0.00,6.12,0.00,0.00,0.00,2652.0,95830.0,92700.0,24.0,18.5,0.5,43.5,243.438,0.415,0.4,7781544.5
2026-09-09T01:35:01,15.0,51386,1547350,1484764,3.3,0.00,0.59,0.00,2.36,0.00,0.50,0.03,2652.0,95830.0,92700.0,21.0,16.0,0.5,40.5,243.003,0.392,0.4,7841949.5
2026-09-09T01:35:04,15.0,51480,1547350,1484670,3.3,0.00,3.37,0.00,24.49,0.00,0.00,0.00,2652.0,95830.0,92700.0,14.0,6.5,0.5,16.5,229.568,0.401,0.4,7717497.5
2026-09-09T01:35:08,11.0,51577,1547350,1484573,3.3,0.00,0.92,0.00,3.70,0.00,0.25,0.00,2652.0,95830.0,92700.0,12.0,15.0,0.5,33.0,228.575,0.409,0.4,7521301.5
2026-09-09T01:35:12,7.1,51638,1547350,1484512,3.3,0.00,1.61,0.00,12.35,0.00,0.00,0.00,2652.0,95830.0,92700.0,17.0,18.5,0.5,43.0,225.088,0.404,0.4,8009061.5
2026-09-09T01:35:15,7.5,51713,1547350,1484437,3.3,0.00,2.03,0.00,9.46,0.00,0.00,0.00,2652.0,95830.0,92700.0,12.0,21.5,0.5,49.5,240.694,0.392,0.4,7952113.5
2026-09-09T01:35:18,14.8,51792,1547350,1484358,3.3,0.00,0.63,0.00,2.51,0.00,0.00,0.03,2652.0,95830.0,92700.0,0.0,17.5,0.5,43.0,242.647,0.404,0.4,7815217.5
2026-09-09T01:35:21,14.9,51853,1547350,1484297,3.4,0.00,1.37,0.00,6.87,0.00,0.25,0.00,2652.0,95830.0,92700.0,0.0,20.5,0.5,40.0,244.131,0.396,0.4,7596777.5
2026-09-09T01:35:25,14.9,51940,1547350,1484210,3.4,0.00,1.51,0.00,15.11,0.00,0.00,0.00,2652.0,95830.0,92700.0,9.0,15.0,0.5,32.5,189.488,0.242,0.2,5340820.5
2026-09-09T01:35:29,14.4,52017,1547350,1484133,3.4,0.00,0.56,0.00,2.24,0.00,0.00,0.03,2652.0,95830.0,92700.0,7.0,16.0,0.5,36.0,237.401,0.407,0.4,7817272.5
2026-09-09T01:35:32,11.4,52889,1547350,1483261,3.4,0.00,1.46,0.00,5.82,0.00,0.00,0.00,2652.0,95830.0,92700.0,12.0,15.5,0.5,34.5,234.875,0.387,0.4,7407883.5
2026-09-09T01:35:33,4.6,56174,1547350,1479976,3.6,0.00,1.43,0.00,5.73,0.00,0.00,0.00,2652.0,95830.0,92700.0,0.0,15.5,0.5,35.5,210.595,0.338,0.3,5930323.0
2026-09-09T01:35:34,4.9,58133,1547350,1478016,3.8,0.00,3.24,0.00,21.57,0.00,0.33,0.00,2652.0,95830.0,92700.0,0.0,15.5,0.5,36.0,223.912,0.361,0.3,5989898.5
2026-09-09T01:35:36,11.9,58293,1547350,1477857,3.8,0.00,1.14,0.00,4.54,0.00,0.00,0.00,2652.0,95830.0,92700.0,0.0,14.0,0.5,33.0,203.109,0.323,0.3,5475547.5
2026-09-09T01:35:38,20.1,58321,1547350,1477829,3.8,0.00,1.95,0.00,9.36,0.00,0.00,0.00,2652.0,95830.0,92700.0,0.0,14.0,0.5,33.0,220.216,0.378,0.4,5497306.0
2026-09-09T01:35:42,26.2,58350,1547350,1477800,3.8,0.00,2.44,0.00,21.33,0.00,0.10,0.00,2652.0,95830.0,92700.0,0.0,20.5,0.5,50.0,222.100,0.374,0.4,5487136.5
2026-09-09T01:35:45,27.6,58433,1547350,1477717,3.8,0.00,2.20,0.00,20.10,0.00,0.00,0.00,2652.0,95830.0,92700.0,0.0,19.0,0.5,36.0,193.397,0.363,0.3,6136077.0
2026-09-09T01:35:50,27.2,58456,1547350,1477695,3.8,0.00,0.44,0.00,1.76,0.00,0.00,0.00,2652.0,95830.0,92700.0,0.0,19.0,0.5,46.5,228.805,0.344,0.3,5349940.0
2026-09-09T01:35:57,23.7,58486,1547350,1477664,3.8,0.00,0.71,0.00,2.83,0.00,0.00,0.00,2652.0,95830.0,92700.0,0.0,0.0,0.5,0.0,106.266,0.247,0.2,4182676.0
2026-09-09T01:36:00,19.4,58515,1547350,1477635,3.8,0.00,1.91,0.00,7.65,0.00,0.17,0.00,2652.0,95830.0,92700.0,0.0,16.5,0.5,36.0,209.823,0.323,0.3,5284172.0
2026-09-09T01:36:03,24.0,58538,1547350,1477612,3.8,0.00,3.81,0.00,18.03,0.00,0.09,0.00,2652.0,95830.0,92700.0,0.0,14.5,0.5,31.5,207.750,0.330,0.3,5094851.0
2026-09-09T01:36:08,27.3,58570,1547350,1477580,3.8,0.00,0.89,0.00,3.55,0.00,0.00,0.00,2652.0,95830.0,92700.0,0.0,16.0,0.5,36.0,218.651,0.340,0.3,5671381.5
2026-09-09T01:36:12,27.4,58628,1547350,1477522,3.8,0.00,1.74,0.00,10.13,0.00,0.00,0.00,2652.0,95830.0,92700.0,0.0,13.5,0.5,32.0,223.325,0.361,0.3,5485415.0
2026-09-09T01:36:17,27.2,58670,1547350,1477480,3.8,0.00,1.60,0.00,6.40,0.00,0.14,0.00,2652.0,95830.0,92700.0,0.0,25.5,0.5,50.0,214.472,0.362,0.3,5711631.0
2026-09-09T01:36:22,21.2,58719,1547350,1477431,3.8,0.00,0.68,0.00,3.41,0.00,0.00,0.00,2652.0,95830.0,92700.0,0.0,6.0,0.5,12.0,203.955,0.365,0.3,5408123.5
2026-09-09T01:36:26,20.8,58721,1547350,1477429,3.8,0.00,1.56,0.00,6.22,0.00,0.20,0.00,2652.0,95830.0,92700.0,0.0,14.0,0.5,33.5,227.904,0.364,0.3,5256162.5
2026-09-09T01:36:30,25.6,58768,1547350,1477382,3.8,0.00,2.28,0.00,11.17,0.00,0.11,0.03,2652.0,95830.0,92700.0,0.0,15.5,0.5,38.5,195.419,0.299,0.3,4938023.0
2026-09-09T01:36:36,27.2,58807,1547350,1477344,3.8,0.00,0.80,0.00,3.86,0.00,0.00,0.00,2652.0,95830.0,92700.0,0.0,0.0,0.5,0.0,105.588,0.286,0.3,4922237.0
2026-09-09T01:36:41,27.0,58847,1547350,1477303,3.8,0.00,1.69,0.00,17.80,0.00,0.00,0.00,2652.0,95830.0,92700.0,0.0,16.0,0.5,34.0,218.849,0.355,0.3,5815190.5
2026-09-09T01:36:46,21.1,58891,1547350,1477259,3.8,0.00,1.48,0.00,12.60,0.00,0.12,0.00,2652.0,95830.0,92700.0,0.0,18.0,0.5,38.5,218.816,0.355,0.3,5646844.5
2026-09-09T01:36:54,23.3,58985,1547350,1477166,3.8,0.00,0.63,0.00,2.53,0.00,0.00,0.00,2652.0,95830.0,92700.0,0.0,13.0,0.5,30.5,208.693,0.343,0.3,5713992.0
2026-09-09T01:37:00,27.5,59039,1547350,1477112,3.8,0.00,0.92,0.00,3.67,0.00,0.00,0.00,2652.0,95830.0,92700.0,0.0,13.5,0.5,31.0,205.334,0.307,0.3,4538445.5
2026-09-09T01:37:09,27.5,59096,1547350,1477054,3.8,0.00,3.19,0.00,21.37,0.00,0.11,0.00,2652.0,95830.0,92700.0,0.0,17.5,0.5,38.0,212.716,0.351,0.3,5759840.0
2026-09-09T01:37:15,20.5,59140,1547350,1477010,3.8,0.00,0.97,0.00,3.90,0.00,0.00,0.00,2652.0,95830.0,92700.0,0.0,14.0,0.5,32.0,204.771,0.360,0.3,5595290.0
2026-09-09T01:37:19,22.3,59164,1547350,1476986,3.8,0.00,0.48,0.00,1.92,0.00,0.00,0.00,2652.0,95830.0,92700.0,0.0,13.5,0.5,32.5,209.368,0.342,0.3,5190195.0
2026-09-09T01:37:23,27.2,59191,1547350,1476960,3.8,0.00,1.19,0.00,5.69,0.00,0.20,0.00,2652.0,95830.0,92700.0,0.0,9.5,0.5,24.0,206.548,0.332,0.3,5849281.0
2026-09-09T01:37:27,27.3,59232,1547350,1476919,3.8,0.00,1.21,0.00,4.83,0.00,0.00,0.00,2652.0,95830.0,92700.0,0.0,17.5,0.5,41.0,208.546,0.344,0.3,5255236.5
2026-09-09T01:37:35,27.2,59294,1547350,1476856,3.8,0.00,0.82,0.00,4.37,0.00,0.00,0.00,2652.0,95830.0,92700.0,0.0,19.0,0.5,41.5,224.794,0.345,0.3,5677794.5
2026-09-09T01:37:41,23.2,59365,1547350,1476785,3.8,0.00,3.72,0.00,24.71,0.00,0.13,0.02,2652.0,95830.0,92700.0,0.0,14.0,0.5,33.5,212.416,0.328,0.3,4863649.5
2026-09-09T01:37:45,20.5,59428,1547350,1476722,3.8,0.00,0.90,0.00,3.62,0.00,0.00,0.00,2652.0,95830.0,92700.0,0.0,16.0,0.5,35.5,222.197,0.338,0.3,5216307.5
2026-09-09T01:37:50,25.9,59448,1547350,1476703,3.8,0.00,1.08,0.00,4.32,0.00,0.00,0.00,2652.0,95830.0,92700.0,0.0,1.0,0.5,45.5,201.393,0.344,0.3,5546392.5
2026-09-09T01:37:56,28.0,59471,1547350,1476680,3.8,0.00,0.65,0.00,2.62,0.00,0.00,0.02,2652.0,95830.0,92700.0,0.0,16.0,0.5,34.0,221.258,0.349,0.3,5775788.0
2026-09-09T01:38:01,27.4,59518,1547350,1476633,3.8,0.00,1.25,0.00,5.00,0.00,0.17,0.02,2652.0,95830.0,92700.0,0.0,15.5,0.5,34.0,202.070,0.318,0.3,5146791.5
2026-09-09T01:38:08,24.8,59577,1547350,1476574,3.9,0.00,1.58,0.00,6.89,0.00,0.09,0.00,2652.0,95830.0,92700.0,0.0,16.0,0.5,36.5,211.637,0.350,0.3,5867148.5
2026-09-09T01:38:13,20.5,59735,1547350,1476415,3.9,0.00,2.13,0.00,11.16,0.00,0.00,0.02,2652.0,95830.0,92700.0,0.0,4.0,0.5,9.0,200.366,0.347,0.3,5878648.0
2026-09-09T01:38:17,24.1,59642,1547350,1476508,3.9,0.00,0.94,0.00,3.74,0.00,0.25,0.00,2652.0,95830.0,92700.0,0.0,15.0,0.5,33.5,225.714,0.342,0.3,5570442.5
2026-09-09T01:38:22,27.7,59704,1547350,1476446,3.9,0.00,0.80,0.00,4.00,0.00,0.00,0.00,2652.0,95830.0,92700.0,0.0,15.5,0.5,36.5,220.619,0.350,0.3,5911415.5
2026-09-09T01:38:26,27.4,59798,1547350,1476352,3.9,0.00,1.61,0.00,14.71,0.00,0.00,0.00,2652.0,95830.0,92700.0,0.0,21.5,0.5,50.0,223.660,0.399,0.4,5266367.0
2026-09-09T01:38:35,26.5,59804,1547350,1476346,3.9,0.00,0.72,0.00,3.38,0.00,0.00,0.00,2652.0,95830.0,92700.0,0.0,17.0,0.5,41.0,210.407,0.318,0.3,5250631.0
2026-09-09T01:38:40,19.9,66326,1547350,1469824,4.3,0.00,4.27,0.00,32.57,0.00,0.13,0.00,2652.0,95830.0,92700.0,0.0,0.0,0.5,0.0,104.570,0.000,0.0,647575.0
2026-09-09T01:38:44,22.7,72393,1547350,1463757,4.7,0.00,0.96,0.00,3.84,0.00,0.00,0.00,2652.0,95830.0,92700.0,0.0,0.0,0.5,0.0,103.213,0.000,0.0,680037.0
2026-09-09T01:38:50,41.1,72405,1547350,1463745,4.7,0.00,0.74,0.00,2.95,0.00,0.00,0.00,2652.0,95830.0,92700.0,0.0,0.0,0.5,0.0,102.251,0.000,0.0,621306.0
2026-09-09T01:38:54,41.6,72413,1547350,1463738,4.7,0.00,0.97,0.00,3.88,0.00,0.25,0.00,2652.0,95830.0,92700.0,0.0,0.0,0.5,0.0,101.746,0.000,0.0,664942.0
2026-09-09T01:39:00,40.2,72423,1547350,1463728,4.7,0.00,0.74,0.00,4.14,0.00,0.00,0.00,2652.0,95830.0,92700.0,0.0,0.0,0.5,0.0,101.299,0.000,0.0,628994.0
2026-09-09T01:39:04,34.5,72416,1547350,1463734,4.7,0.00,2.98,0.00,13.00,0.00,0.09,0.00,2652.0,95830.0,92700.0,0.0,0.0,0.5,0.0,100.953,0.000,0.0,630015.5
2026-09-09T01:39:11,37.7,72413,1547350,1463737,4.7,0.00,0.99,0.00,5.52,0.00,0.00,0.01,2652.0,95830.0,92700.0,0.0,0.0,0.5,0.0,100.958,0.000,0.0,626056.0
2026-09-09T01:39:19,41.6,72415,1547350,1463735,4.7,0.00,0.79,0.00,3.17,0.00,0.00,0.00,2652.0,95830.0,92700.0,0.0,0.0,0.5,0.0,100.796,0.000,0.0,706428.0
2026-09-09T01:39:24,40.8,72419,1547350,1463731,4.7,0.00,0.76,0.00,3.03,0.00,0.25,0.00,2652.0,95830.0,92700.0,0.0,0.0,0.5,0.0,100.667,0.000,0.0,621896.0
2026-09-09T01:39:31,34.5,72422,1547350,1463729,4.7,0.00,0.61,0.00,3.04,0.00,0.00,0.00,2652.0,95830.0,92700.0,0.0,0.0,0.5,0.0,100.472,0.000,0.0,672853.5
2026-09-09T01:39:37,33.8,73013,1547350,1463137,4.7,0.00,1.14,0.00,5.23,0.00,0.00,0.00,2652.0,95830.0,92700.0,0.0,0.0,0.5,0.0,100.328,0.000,0.0,649912.5
2026-09-09T01:39:43,34.5,78706,1547350,1457444,5.1,0.00,3.37,0.00,22.57,0.00,0.10,0.00,2652.0,95830.0,92700.0,0.0,0.0,0.5,0.0,100.233,0.000,0.0,686179.5
2026-09-09T01:41:04,33.5,72365,1547350,1463785,4.7,0.00,0.71,0.00,4.43,0.00,0.09,0.00,2652.0,95830.0,92700.0,0.0,0.0,0.5,0.0,99.657,0.000,0.0,0.0
2026-09-09T01:41:09,33.8,65588,1547350,1470562,4.2,0.00,2.11,0.00,9.28,0.00,0.00,0.00,2652.0,95830.0,92700.0,0.0,0.0,0.5,0.0,99.660,0.000,0.0,604098.5
2026-09-09T01:41:12,33.7,65567,1547350,1470583,4.2,0.00,4.38,0.00,28.30,0.00,0.13,0.00,2652.0,95830.0,92700.0,0.0,0.0,0.5,0.0,99.605,0.000,0.0,647406.5
2026-09-09T01:41:17,33.5,65572,1547350,1470578,4.2,0.00,0.86,0.00,3.45,0.00,0.00,0.00,2652.0,95830.0,92700.0,0.0,0.0,0.5,0.0,99.612,0.000,0.0,622268.0
2026-09-09T01:41:20,33.5,65574,1547350,1470577,4.2,0.00,0.58,0.00,2.34,0.00,0.00,0.00,2652.0,95830.0,92700.0,0.0,0.0,0.5,0.0,99.617,0.000,0.0,631285.5
2026-09-09T01:41:24,33.5,65577,1547350,1470573,4.2,0.00,1.31,0.00,5.23,0.00,0.00,0.00,2652.0,95830.0,92700.0,0.0,0.0,0.5,0.0,99.616,0.000,0.0,635589.5
2026-09-09T01:41:32,33.6,65584,1547350,1470567,4.2,0.00,0.53,0.00,2.65,0.00,0.25,0.00,2652.0,95830.0,92700.0,0.0,0.0,0.5,0.0,99.629,0.000,0.0,622868.5
2026-09-09T01:41:34,33.5,65587,1547350,1470563,4.2,0.00,1.55,0.00,7.76,0.00,0.00,0.00,2652.0,95830.0,92700.0,0.0,0.0,0.5,0.0,99.630,0.000,0.0,658387.5
2026-09-09T01:41:38,33.5,65589,1547350,1470561,4.2,0.00,1.02,0.00,4.08,0.00,0.00,0.00,2652.0,95830.0,92700.0,0.0,0.0,0.5,0.0,99.654,0.000,0.0,630133.5
2026-09-09T01:41:43,33.5,65593,1547350,1470558,4.2,0.00,7.40,0.00,63.16,0.00,0.13,0.00,2652.0,95830.0,92700.0,0.0,0.0,0.5,0.0,99.905,0.000,0.0,652453.5
2026-09-09T01:41:47,33.5,65597,1547350,1470554,4.2,0.00,0.56,0.00,2.23,0.00,0.00,0.00,2652.0,95830.0,92700.0,0.0,0.0,0.5,0.0,100.156,0.000,0.0,645394.0
2026-09-09T01:41:51,33.5,65597,1547350,1470553,4.2,0.00,1.13,0.00,4.52,0.00,0.20,0.00,2652.0,95830.0,92700.0,0.0,0.0,0.5,0.0,100.124,0.000,0.0,641698.0
2026-09-09T01:41:56,33.4,65601,1547350,1470550,4.2,0.00,0.92,0.00,3.69,0.00,0.00,0.00,2652.0,95830.0,92700.0,0.0,0.0,0.5,0.0,100.142,0.000,0.0,635613.0
2026-09-09T01:42:00,33.5,65607,1547350,1470543,4.2,0.00,0.85,0.00,3.41,0.00,0.00,0.00,2652.0,95830.0,92700.0,0.0,0.0,0.5,0.0,100.236,0.000,0.0,628112.0
2026-09-09T01:42:06,33.5,65612,1547350,1470538,4.2,0.00,1.68,0.00,6.72,0.00,0.10,0.00,2652.0,95830.0,92700.0,0.0,0.0,0.5,0.0,100.287,0.000,0.0,641147.0
2026-09-09T01:42:11,33.5,65613,1547350,1470537,4.2,0.00,0.84,0.00,3.36,0.00,0.00,0.00,2652.0,95830.0,92700.0,0.0,0.0,0.5,0.0,100.225,0.000,0.0,645353.0
2026-09-09T01:42:16,33.5,65614,1547350,1470536,4.2,0.00,1.84,0.00,10.14,0.00,0.11,0.00,2652.0,95830.0,92700.0,0.0,0.0,0.5,0.0,100.210,0.000,0.0,634197.0
2026-09-09T01:42:22,33.5,65629,1547350,1470522,4.2,0.00,0.87,0.00,3.49,0.00,0.00,0.02,2652.0,95830.0,92700.0,0.0,0.0,0.5,0.0,100.201,0.000,0.0,628765.0
2026-09-09T01:42:26,33.5,65629,1547350,1470521,4.2,0.00,0.92,0.00,4.60,0.00,0.00,0.00,2652.0,95830.0,92700.0,0.0,0.0,0.5,0.0,100.281,0.000,0.0,633860.0
2026-09-09T01:42:32,33.4,65633,1547350,1470518,4.2,0.00,0.67,0.00,3.34,0.00,0.25,0.00,2652.0,95830.0,92700.0,0.0,0.0,0.5,0.0,100.281,0.000,0.0,648096.5
2026-09-09T01:42:35,33.5,65636,1547350,1470515,4.2,0.00,0.61,0.00,2.43,0.00,0.00,0.00,2652.0,95830.0,92700.0,0.0,0.0,0.5,0.0,100.335,0.000,0.0,690287.5
2026-09-09T01:42:39,33.5,65637,1547350,1470513,4.2,0.00,1.01,0.00,4.05,0.00,0.00,0.00,2652.0,95830.0,92700.0,0.0,0.0,0.5,0.0,100.385,0.000,0.0,647225.0
2026-09-09T01:42:43,33.5,65640,1547350,1470510,4.2,0.00,4.03,0.00,34.38,0.00,0.07,0.00,2652.0,95830.0,92700.0,0.0,0.0,0.5,0.0,100.394,0.000,0.0,644319.5
2026-09-09T01:42:49,33.5,65644,1547350,1470507,4.2,0.00,0.71,0.00,2.83,0.00,0.00,0.00,2652.0,95830.0,92700.0,0.0,0.0,0.5,0.0,100.351,0.000,0.0,631653.5
2026-09-09T01:42:55,33.5,65646,1547350,1470505,4.2,0.00,0.77,0.00,3.07,0.00,0.00,0.02,2652.0,95830.0,92700.0,0.0,0.0,0.5,0.0,100.341,0.000,0.0,624214.0
2026-09-09T01:43:00,33.5,65656,1547350,1470495,4.2,0.00,2.11,0.00,10.11,0.00,0.20,0.00,2652.0,95830.0,92700.0,0.0,0.0,0.5,0.0,100.349,0.000,0.0,623991.0
2026-09-09T01:43:06,33.5,65660,1547350,1470490,4.2,0.00,0.64,0.00,2.56,0.00,0.00,0.00,2652.0,95830.0,92700.0,0.0,0.0,0.5,0.0,100.370,0.000,0.0,619633.0
2026-09-09T01:43:12,33.5,65663,1547350,1470488,4.2,0.00,1.54,0.00,8.83,0.00,0.11,0.00,2652.0,95830.0,92700.0,0.0,0.0,0.5,0.0,100.415,0.000,0.0,637560.5
2026-09-09T01:43:21,33.5,65669,1547350,1470482,4.2,0.00,0.43,0.00,1.71,0.00,0.00,0.00,2652.0,95830.0,92700.0,0.0,0.0,0.5,0.0,100.342,0.000,0.0,624572.0
2026-09-09T01:43:28,33.5,65675,1547350,1470475,4.2,0.00,1.11,0.00,5.08,0.00,0.00,0.00,2652.0,95830.0,92700.0,0.0,0.0,0.5,0.0,100.238,0.000,0.0,642197.5
2026-09-09T01:43:33,33.4,65676,1547350,1470475,4.2,0.00,0.58,0.00,2.30,0.00,0.00,0.00,2652.0,95830.0,92700.0,0.0,0.0,0.5,0.0,100.180,0.000,0.0,648538.5
2026-09-09T01:43:36,33.5,65678,1547350,1470473,4.2,0.00,0.56,0.00,2.23,0.00,0.00,0.00,2652.0,95830.0,92700.0,0.0,0.0,0.5,0.0,100.233,0.000,0.0,641948.0
2026-09-09T01:43:41,33.2,65680,1547350,1470471,4.2,0.00,0.93,0.00,4.64,0.00,0.25,0.00,2652.0,95830.0,92700.0,0.0,0.0,0.5,0.0,100.166,0.000,0.0,684420.0
2026-09-09T01:43:45,32.5,65681,1547350,1470470,4.2,0.00,8.13,0.00,51.80,0.00,0.09,0.00,2652.0,95830.0,92700.0,0.0,0.0,0.5,0.0,100.181,0.000,0.0,689452.0
2026-09-09T01:43:49,33.5,65684,1547350,1470467,4.2,0.00,0.89,0.00,3.58,0.00,0.00,0.00,2652.0,95830.0,92700.0,0.0,0.0,0.5,0.0,100.040,0.000,0.0,657207.5
2026-09-09T01:43:55,33.4,65687,1547350,1470463,4.2,0.00,0.70,0.00,2.80,0.00,0.00,0.00,2652.0,95830.0,92700.0,0.0,0.0,0.5,0.0,100.006,0.000,0.0,643888.0
2026-09-09T01:44:00,33.4,65692,1547350,1470459,4.2,0.00,2.16,0.00,9.44,0.00,0.09,0.00,2652.0,95830.0,92700.0,0.0,0.0,0.5,0.0,99.989,0.000,0.0,630003.0
2026-09-09T01:44:06,33.5,65696,1547350,1470455,4.2,0.00,0.66,0.00,2.64,0.00,0.25,0.00,2652.0,95830.0,92700.0,0.0,0.0,0.5,0.0,99.943,0.000,0.0,639582.5
2026-09-09T01:44:12,33.5,65695,1547350,1470455,4.2,0.00,1.78,0.00,8.90,0.00,0.00,0.00,2652.0,95830.0,92700.0,0.0,0.0,0.5,0.0,99.805,0.000,0.0,617138.0
2026-09-09T01:44:26,33.4,65702,1547350,1470449,4.2,0.00,0.29,0.00,1.17,0.00,0.25,0.00,2652.0,95830.0,92700.0,0.0,0.0,0.5,0.0,99.712,0.000,0.0,643279.5
2026-09-09T01:44:31,32.4,65705,1547350,1470445,4.2,0.00,1.26,0.00,5.89,0.00,0.00,0.00,2652.0,95830.0,92700.0,0.0,0.0,0.5,0.0,99.742,0.000,0.0,629312.0
2026-09-09T01:44:37,32.4,65709,1547350,1470441,4.2,0.00,0.65,0.00,3.25,0.00,0.00,0.00,2652.0,95830.0,92700.0,0.0,0.0,0.5,0.0,99.629,0.000,0.0,633423.5
2026-09-09T01:44:41,32.4,65711,1547350,1470439,4.2,0.00,0.74,0.00,2.95,0.00,0.00,0.00,2652.0,95830.0,92700.0,0.0,0.0,0.5,0.0,99.546,0.000,0.0,635007.0
2026-09-09T01:44:46,32.4,65712,1547350,1470438,4.2,0.00,4.09,0.00,31.30,0.00,0.09,0.00,2652.0,95830.0,92700.0,0.0,0.0,0.5,0.0,99.553,0.000,0.0,621995.5
2026-09-09T01:44:54,32.6,65715,1547350,1470435,4.2,0.00,0.65,0.00,2.59,0.00,0.20,0.00,2652.0,95830.0,92700.0,0.0,0.0,0.5,0.0,99.486,0.000,0.0,640051.5
2026-09-09T01:45:00,33.5,65723,1547350,1470427,4.2,0.00,1.74,0.00,6.95,0.00,0.09,0.00,2652.0,95830.0,92700.0,0.0,0.0,0.5,0.0,99.356,0.000,0.0,630540.5
2026-09-09T01:45:07,33.4,65724,1547350,1470426,4.2,0.00,0.59,0.00,2.37,0.00,0.00,0.00,2652.0,95830.0,92700.0,0.0,0.0,0.5,0.0,99.248,0.000,0.0,649963.5
2026-09-09T01:45:13,33.5,65724,1547350,1470427,4.2,0.00,1.43,0.00,7.22,0.00,0.11,0.00,2652.0,95830.0,92700.0,0.0,0.0,0.5,0.0,99.004,0.000,0.0,624275.5
2026-09-09T01:45:24,33.4,65905,1547350,1470245,4.3,0.00,0.54,0.00,2.14,0.00,0.00,0.00,2652.0,95830.0,92700.0,0.0,0.0,0.5,0.0,98.911,0.000,0.0,682867.0
2026-09-09T01:45:30,34.3,66632,1547350,1469518,4.3,0.00,0.97,0.00,3.88,0.00,0.00,0.00,2652.0,95830.0,92700.0,0.0,0.0,0.5,0.0,98.769,0.000,0.0,631975.0
2026-09-09T01:45:33,34.4,67320,1547350,1468830,4.4,0.00,0.60,0.00,2.38,0.00,0.00,0.00,2652.0,95830.0,92700.0,0.0,0.0,0.5,0.0,98.770,0.000,0.0,638259.5
2026-09-09T01:45:37,34.3,67304,1547350,1468846,4.3,0.00,1.45,0.00,7.72,0.00,0.17,0.00,2652.0,95830.0,92700.0,0.0,0.0,0.5,0.0,98.812,0.000,0.0,615977.5
2026-09-09T01:45:44,33.5,67305,1547350,1468846,4.3,0.00,2.75,0.00,24.20,0.00,0.06,0.00,2652.0,95830.0,92700.0,0.0,0.0,0.5,0.0,98.686,0.000,0.0,613099.0
2026-09-09T01:45:53,33.4,67307,1547350,1468843,4.3,0.00,0.66,0.00,2.62,0.00,0.17,0.00,2652.0,95830.0,92700.0,0.0,0.0,0.5,0.0,98.669,0.000,0.0,613229.0
2026-09-09T01:46:02,33.5,67313,1547350,1468838,4.4,0.00,1.26,0.00,5.51,0.00,0.09,0.00,2652.0,95830.0,92700.0,0.0,0.0,0.5,0.0,98.559,0.000,0.0,617887.0
2026-09-09T01:46:07,33.9,67387,1547350,1468764,4.4,0.00,10.34,0.00,350.14,0.00,0.12,0.02,2652.0,95830.0,92700.0,0.0,0.0,0.5,0.0,98.552,0.000,0.0,613496.5
2026-09-09T01:46:15,34.3,67320,1547350,1468831,4.4,0.00,32.58,0.00,492.19,0.00,0.09,0.04,2652.0,95830.0,92700.0,0.0,0.0,0.5,0.0,98.506,0.000,0.0,613767.5
2026-09-09T01:46:24,33.5,67320,1547350,1468830,4.4,0.00,0.22,0.00,0.89,0.00,0.00,0.00,2652.0,95830.0,92700.0,0.0,0.0,0.5,0.0,98.416,0.000,0.0,630305.0
2026-09-09T01:46:32,33.4,67321,1547350,1468829,4.4,0.00,14.78,0.00,270.82,0.00,0.10,0.04,2652.0,95830.0,92700.0,0.0,0.0,0.5,0.0,98.380,0.000,0.0,630915.5
2026-09-09T01:46:38,33.5,67322,1547350,1468828,4.4,0.00,0.67,0.00,3.36,0.00,0.00,0.00,2652.0,95830.0,92700.0,0.0,0.0,0.5,0.0,98.287,0.000,0.0,612913.5
2026-09-09T01:46:42,33.4,67321,1547350,1468829,4.4,0.00,0.44,0.00,1.75,0.00,0.00,0.00,2652.0,95830.0,92700.0,0.0,0.0,0.5,0.0,98.275,0.000,0.0,635809.5
2026-09-09T01:46:49,33.4,67323,1547350,1468827,4.4,0.00,5.15,0.00,53.38,0.00,0.16,0.00,2652.0,95830.0,92700.0,0.0,0.0,0.5,0.0,98.298,0.000,0.0,623581.5
2026-09-09T01:46:55,33.4,67323,1547350,1468828,4.4,0.00,0.66,0.00,2.64,0.00,0.00,0.00,2652.0,95830.0,92700.0,0.0,0.0,0.5,0.0,98.279,0.000,0.0,623114.0
2026-09-09T01:47:02,33.5,67329,1547350,1468822,4.4,0.00,1.30,0.00,5.19,0.00,0.00,0.00,2652.0,95830.0,92700.0,0.0,0.0,0.5,0.0,98.151,0.000,0.0,614518.0
2026-09-09T01:47:09,33.5,67331,1547350,1468820,4.4,0.00,0.64,0.00,2.56,0.00,0.25,0.00,2652.0,95830.0,92700.0,0.0,0.0,0.5,0.0,98.256,0.000,0.0,635911.5
2026-09-09T01:47:14,33.4,67331,1547350,1468819,4.4,0.00,7.69,0.00,56.54,0.00,0.12,0.00,2652.0,95830.0,92700.0,0.0,0.0,0.5,0.0,98.154,0.000,0.0,634759.0
2026-09-09T01:47:24,33.5,67333,1547350,1468818,4.4,0.00,0.43,0.00,1.71,0.00,0.00,0.00,2652.0,95830.0,92700.0,0.0,0.0,0.5,0.0,98.092,0.000,0.0,627855.5
2026-09-09T01:47:31,33.4,67343,1547350,1468808,4.4,0.00,1.01,0.00,4.60,0.00,0.14,0.00,2652.0,95830.0,92700.0,0.0,0.0,0.5,0.0,98.069,0.000,0.0,617503.5
2026-09-09T01:47:40,33.4,67345,1547350,1468806,4.4,0.00,0.43,0.00,2.13,0.00,0.00,0.00,2652.0,95830.0,92700.0,0.0,0.0,0.5,0.0,98.041,0.000,0.0,638237.5
2026-09-09T01:47:46,33.4,67346,1547350,1468805,4.4,0.00,3.07,0.00,32.19,0.00,0.12,0.00,2652.0,95830.0,92700.0,0.0,0.0,0.5,0.0,98.106,0.000,0.0,622485.5
2026-09-09T01:47:52,33.4,67347,1547350,1468804,4.4,0.00,1.07,0.00,4.26,0.00,0.00,0.00,2652.0,95830.0,92700.0,0.0,0.0,0.5,0.0,98.122,0.000,0.0,618869.0
2026-09-09T01:48:00,33.6,68318,1547350,1467832,4.4,0.00,1.29,0.00,5.67,0.00,0.10,0.00,2652.0,95830.0,92700.0,0.0,0.0,0.5,0.0,98.165,0.000,0.0,639668.0
2026-09-09T01:48:04,34.1,72290,1547350,1463860,4.7,0.00,1.20,0.00,4.82,0.00,0.00,0.00,2652.0,95830.0,92700.0,0.0,0.0,0.5,0.0,98.168,0.000,0.0,623719.0
2026-09-09T01:48:10,34.5,72322,1547350,1463829,4.7,0.00,0.34,0.00,1.35,0.00,0.00,0.00,2652.0,95830.0,92700.0,0.0,0.0,0.5,0.0,98.159,0.000,0.0,650904.0
2026-09-09T01:48:14,34.5,72356,1547350,1463795,4.7,0.00,2.48,0.00,12.29,0.00,0.10,0.00,2652.0,95830.0,92700.0,0.0,0.0,0.5,0.0,98.114,0.000,0.0,632413.5
2026-09-09T01:48:18,34.5,72492,1547350,1463658,4.7,0.00,0.92,0.00,3.69,0.00,0.00,0.00,2652.0,95830.0,92700.0,0.0,0.0,0.5,0.0,98.138,0.000,0.0,622057.5
2026-09-09T01:48:25,41.1,72495,1547350,1463656,4.7,0.00,1.14,0.00,6.27,0.00,0.12,0.00,2652.0,95830.0,92700.0,0.0,0.0,0.5,0.0,98.154,0.000,0.0,658237.5
2026-09-09T01:48:31,41.3,72497,1547350,1463654,4.7,0.00,0.72,0.00,2.87,0.00,0.00,0.00,2652.0,95830.0,92700.0,0.0,0.0,0.5,0.0,98.143,0.000,0.0,630503.0
2026-09-09T01:48:35,34.2,73767,1547350,1462384,4.8,0.00,1.54,0.00,7.93,0.00,0.14,0.00,2652.0,95830.0,92700.0,0.0,0.0,0.5,0.0,98.112,0.000,0.0,625838.0
2026-09-09T01:50:00,33.6,72488,1547350,1463663,4.7,0.00,1.13,0.00,7.57,0.00,0.09,0.00,2652.0,95830.0,92700.0,0.0,0.0,0.5,0.0,97.964,0.000,0.0,0.0
2026-09-09T01:50:02,41.8,72494,1547350,1463648,4.7,0.00,4.57,0.00,18.30,0.00,0.10,0.00,2652.0,95830.0,92700.0,0.0,0.0,0.5,0.0,97.897,0.000,0.0,685157.5
2026-09-09T01:50:05,42.2,72500,1547350,1463643,4.7,0.00,0.90,0.00,3.62,0.00,0.00,0.00,2652.0,95830.0,92700.0,0.0,0.0,0.5,0.0,97.894,0.000,0.0,624329.0
2026-09-09T01:50:11,40.6,72483,1547350,1463660,4.7,0.00,0.34,0.00,1.34,0.00,0.00,0.00,2652.0,95830.0,92700.0,0.0,0.0,0.5,0.0,97.965,0.000,0.0,643648.5
2026-09-09T01:50:16,37.6,72525,1547350,1463617,4.7,0.00,2.60,0.00,11.41,0.00,0.07,0.00,2652.0,95830.0,92700.0,0.0,0.0,0.5,0.0,97.922,0.000,0.0,695283.0
2026-09-09T01:50:20,41.8,72525,1547350,1463618,4.7,0.00,0.99,0.00,3.97,0.00,0.00,0.00,2652.0,95830.0,92700.0,0.0,0.0,0.5,0.0,97.934,0.000,0.0,652978.0
2026-09-09T01:50:23,41.8,72527,1547350,1463615,4.7,0.00,1.40,0.00,5.61,0.00,0.25,0.00,2652.0,95830.0,92700.0,0.0,0.0,0.5,0.0,97.880,0.000,0.0,659056.5
2026-09-09T01:50:27,38.2,72513,1547350,1463629,4.7,0.00,0.52,0.00,2.07,0.00,0.00,0.00,2652.0,95830.0,92700.0,0.0,0.0,0.5,0.0,97.966,0.000,0.0,638816.0
2026-09-09T01:50:31,38.0,72532,1547350,1463610,4.7,0.00,1.08,0.00,4.33,0.00,0.00,0.00,2652.0,95830.0,92700.0,0.0,0.0,0.5,0.0,97.947,0.000,0.0,623556.0
2026-09-09T01:50:38,41.8,72533,1547350,1463610,4.7,0.00,0.56,0.00,2.23,0.00,0.00,0.00,2652.0,95830.0,92700.0,0.0,0.0,0.5,0.0,97.971,0.000,0.0,638834.5
2026-09-09T01:50:43,38.4,72519,1547350,1463624,4.7,0.00,1.06,0.00,5.08,0.00,0.00,0.00,2652.0,95830.0,92700.0,0.0,0.0,0.5,0.0,97.894,0.000,0.0,651392.5
2026-09-09T01:50:46,37.9,72537,1547350,1463606,4.7,0.00,4.63,0.00,43.45,0.00,0.12,0.00,2652.0,95830.0,92700.0,0.0,0.0,0.5,0.0,97.876,0.000,0.0,673365.5
2026-09-09T01:50:52,41.8,72540,1547350,1463603,4.7,0.00,0.72,0.00,2.89,0.00,0.00,0.00,2652.0,95830.0,92700.0,0.0,0.0,0.5,0.0,97.867,0.000,0.0,624897.0
2026-09-09T01:50:59,38.0,72548,1547350,1463594,4.7,0.00,1.67,0.00,7.25,0.00,0.08,0.00,2652.0,95830.0,92700.0,0.0,0.0,0.5,0.0,97.891,0.000,0.0,640582.5
2026-09-09T01:51:08,41.8,72550,1547350,1463592,4.7,0.00,0.44,0.00,1.77,0.00,0.00,0.00,2652.0,95830.0,92700.0,0.0,0.0,0.5,0.0,97.911,0.000,0.0,623787.0
2026-09-09T01:51:17,39.0,73389,1547350,1462754,4.7,0.00,1.63,0.00,7.25,0.00,0.07,0.00,2652.0,95830.0,92700.0,0.0,0.0,0.5,0.0,97.907,0.000,0.0,642141.5
2026-09-09T01:51:24,42.7,74108,1547350,1462035,4.8,0.00,0.61,0.00,2.46,0.00,0.25,0.00,2652.0,95830.0,92700.0,0.0,0.0,0.5,0.0,97.819,0.000,0.0,639076.5
2026-09-09T01:51:28,38.8,74129,1547350,1462013,4.8,0.00,0.92,0.00,3.69,0.00,0.00,0.00,2652.0,95830.0,92700.0,0.0,0.0,0.5,0.0,97.762,0.000,0.0,625806.0
2026-09-09T01:51:36,40.1,74131,1547350,1462012,4.8,0.00,0.53,0.00,2.13,0.00,0.00,0.00,2652.0,95830.0,92700.0,0.0,0.0,0.5,0.0,97.774,0.000,0.0,675522.5
2026-09-09T01:51:40,41.8,74117,1547350,1462026,4.8,0.00,0.95,0.00,4.75,0.00,0.00,0.00,2652.0,95830.0,92700.0,0.0,0.0,0.5,0.0,97.662,0.000,0.0,665863.5
2026-09-09T01:51:46,36.7,74140,1547350,1462003,4.8,0.00,2.64,0.00,24.11,0.00,0.12,0.00,2652.0,95830.0,92700.0,0.0,0.0,0.5,0.0,97.684,0.000,0.0,647160.5
2026-09-09T01:51:52,41.6,74139,1547350,1462003,4.8,0.00,0.94,0.00,3.75,0.00,0.00,0.00,2652.0,95830.0,92700.0,0.0,0.0,0.5,0.0,97.703,0.000,0.0,658941.0
2026-09-09T01:51:55,41.8,74141,1547350,1462001,4.8,0.00,0.54,0.00,2.15,0.00,0.00,0.00,2652.0,95830.0,92700.0,0.0,0.0,0.5,0.0,97.674,0.000,0.0,646721.0
2026-09-09T01:52:00,37.4,74149,1547350,1461993,4.8,0.00,0.95,0.00,3.82,0.00,0.00,0.00,2652.0,95830.0,92700.0,0.0,0.0,0.5,0.0,97.669,0.000,0.0,643419.0
2026-09-09T01:52:05,40.3,74149,1547350,1461993,4.8,0.00,1.88,0.00,7.54,0.00,0.10,0.00,2652.0,95830.0,92700.0,0.0,0.0,0.5,0.0,97.639,0.000,0.0,641097.5
2026-09-09T01:52:09,41.8,74150,1547350,1461993,4.8,0.00,0.96,0.00,3.85,0.00,0.00,0.00,2652.0,95830.0,92700.0,0.0,0.0,0.5,0.0,97.707,0.000,0.0,642885.5
2026-09-09T01:52:15,37.7,74143,1547350,1461999,4.8,0.00,0.99,0.00,3.94,0.00,0.17,0.02,2652.0,95830.0,92700.0,0.0,0.0,0.5,0.0,97.696,0.000,0.0,638418.5
2026-09-09T01:52:20,40.6,74153,1547350,1461990,4.8,0.00,1.60,0.00,8.58,0.00,0.00,0.00,2652.0,95830.0,92700.0,0.0,0.0,0.5,0.0,97.709,0.000,0.0,624466.0
2026-09-09T01:52:25,41.8,74155,1547350,1461987,4.8,0.00,0.92,0.00,3.66,0.00,0.20,0.00,2652.0,95830.0,92700.0,0.0,0.0,0.5,0.0,97.642,0.000,0.0,639388.5
2026-09-09T01:52:29,39.0,74141,1547350,1462001,4.8,0.00,1.39,0.00,15.60,0.00,0.00,0.00,2652.0,95830.0,92700.0,0.0,0.0,0.5,0.0,97.662,0.000,0.0,670547.5
2026-09-09T01:52:36,39.5,74160,1547350,1461983,4.8,0.00,0.58,0.00,2.32,0.00,0.00,0.00,2652.0,95830.0,92700.0,0.0,0.0,0.5,0.0,97.632,0.000,0.0,614363.5
2026-09-09T01:52:42,41.4,74146,1547350,1461997,4.8,0.00,0.58,0.00,3.48,0.00,0.00,0.00,2652.0,95830.0,92700.0,0.0,0.0,0.5,0.0,97.637,0.000,0.0,623636.5
2026-09-09T01:52:47,36.6,74163,1547350,1461980,4.8,0.00,3.72,0.00,33.24,0.00,0.11,0.00,2652.0,95830.0,92700.0,0.0,0.0,0.5,0.0,97.656,0.000,0.0,617307.0
2026-09-09T01:52:52,41.8,74167,1547350,1461976,4.8,0.00,0.79,0.00,3.18,0.00,0.00,0.00,2652.0,95830.0,92700.0,0.0,0.0,0.5,0.0,97.618,0.000,0.0,613968.0
2026-09-09T01:53:00,39.0,74174,1547350,1461969,4.8,0.00,0.52,0.00,2.06,0.00,0.25,0.00,2652.0,95830.0,92700.0,0.0,0.0,0.5,0.0,97.612,0.000,0.0,620865.5
2026-09-09T01:53:06,40.1,74174,1547350,1461969,4.8,0.00,1.79,0.00,7.81,0.00,0.00,0.02,2652.0,95830.0,92700.0,0.0,0.0,0.5,0.0,97.643,0.000,0.0,634941.0
2026-09-09T01:53:11,41.7,74173,1547350,1461970,4.8,0.00,0.85,0.00,3.41,0.00,0.25,0.00,2652.0,95830.0,92700.0,0.0,0.0,0.5,0.0,97.635,0.000,0.0,622312.0
2026-09-09T01:53:16,36.3,74175,1547350,1461967,4.8,0.00,2.94,0.00,22.99,0.00,0.07,0.00,2652.0,95830.0,92700.0,0.0,0.0,0.5,0.0,97.549,0.000,0.0,629378.5
2026-09-09T01:53:23,40.5,74178,1547350,1461965,4.8,0.00,0.58,0.00,2.32,0.00,0.00,0.00,2652.0,95830.0,92700.0,0.0,0.0,0.5,0.0,97.548,0.000,0.0,625018.0
2026-09-09T01:53:32,37.5,74184,1547350,1461958,4.8,0.00,0.54,0.00,2.18,0.00,0.00,0.00,2652.0,95830.0,92700.0,0.0,0.0,0.5,0.0,97.460,0.000,0.0,619015.5
2026-09-09T01:53:36,42.5,79022,1547350,1457120,5.1,0.00,0.99,0.00,3.98,0.00,0.25,0.00,2652.0,95830.0,92700.0,0.0,0.0,0.5,0.0,97.493,0.000,0.0,632454.0
2026-09-09T01:53:44,42.2,79126,1547350,1457016,5.1,0.00,0.52,0.00,3.15,0.00,0.00,0.00,2652.0,95830.0,92700.0,0.0,0.0,0.5,0.0,97.427,0.000,0.0,648218.0
2026-09-09T01:53:47,35.6,79171,1547350,1456972,5.1,0.00,5.56,0.00,48.29,0.00,0.11,0.00,2652.0,95830.0,92700.0,0.0,0.0,0.5,0.0,97.373,0.000,0.0,647358.0
2026-09-09T01:53:51,42.4,79209,1547350,1456933,5.1,0.00,0.52,0.00,2.06,0.00,0.00,0.00,2652.0,95830.0,92700.0,0.0,0.0,0.5,0.0,97.409,0.000,0.0,641763.0
2026-09-09T01:53:54,42.9,79238,1547350,1456904,5.1,0.00,1.29,0.00,5.16,0.00,0.00,0.00,2652.0,95830.0,92700.0,0.0,0.0,0.5,0.0,97.384,0.000,0.0,638547.5
2026-09-09T01:53:59,44.7,79372,1547350,1456771,5.1,0.00,0.84,0.00,3.37,0.00,0.00,0.00,2652.0,95830.0,92700.0,0.0,0.0,0.5,0.0,97.421,0.000,0.0,623708.5
2026-09-09T01:54:06,45.8,79388,1547350,1456754,5.1,0.00,1.64,0.00,7.12,0.00,0.08,0.00,2652.0,95830.0,92700.0,0.0,0.0,0.5,0.0,97.370,0.000,0.0,626825.0
2026-09-09T01:54:12,47.1,79386,1547350,1456756,5.1,0.00,0.48,0.00,1.91,0.00,0.00,0.00,2652.0,95830.0,92700.0,0.0,0.0,0.5,0.0,97.355,0.000,0.0,621216.0
2026-09-09T01:54:17,39.2,79371,1547350,1456772,5.1,0.00,1.47,0.00,6.84,0.00,0.17,0.00,2652.0,95830.0,92700.0,0.0,0.0,0.5,0.0,97.324,0.000,0.0,639144.0
2026-09-09T01:54:22,41.3,79355,1547350,1456788,5.1,0.00,2.78,0.00,15.38,0.00,0.07,0.00,2652.0,95830.0,92700.0,0.0,0.0,0.5,0.0,97.369,0.000,0.0,609557.5
2026-09-09T01:54:34,39.4,79376,1547350,1456767,5.1,0.00,5.38,0.00,33.34,0.00,0.08,0.00,2652.0,95830.0,92700.0,0.0,0.0,0.5,0.0,97.424,0.000,0.0,0.0
2026-09-09T01:55:55,35.2,79378,1547350,1456765,5.1,0.00,0.02,0.00,0.10,0.00,0.00,0.00,2652.0,95830.0,92700.0,0.0,0.0,0.5,0.0,97.371,0.000,0.0,0.0
2026-09-09T01:55:58,50.1,79381,1547350,1456762,5.1,0.00,0.58,0.00,2.31,0.00,0.00,0.00,2652.0,95830.0,92700.0,0.0,0.0,0.5,0.0,97.414,0.000,0.0,603672.0
2026-09-09T01:56:01,50.1,79439,1547350,1456704,5.1,0.00,0.71,0.00,2.85,0.00,0.00,0.00,2652.0,95830.0,92700.0,0.0,0.0,0.5,0.0,97.360,0.000,0.0,637342.5
2026-09-09T01:56:06,40.6,79815,1547350,1456328,5.2,0.00,0.74,0.00,3.72,0.00,0.00,0.00,2652.0,95830.0,92700.0,0.0,0.0,0.5,0.0,97.366,0.000,0.0,651159.5
2026-09-09T01:56:11,43.6,80819,1547350,1455323,5.2,0.00,0.66,0.00,3.54,0.00,0.33,0.00,2652.0,95830.0,92700.0,0.0,0.0,0.5,0.0,97.391,0.000,0.0,623205.5
2026-09-09T01:56:16,43.9,81048,1547350,1455094,5.2,0.00,0.38,0.00,1.51,0.00,0.00,0.00,2652.0,95830.0,92700.0,0.0,0.0,0.5,0.0,97.469,0.000,0.0,614130.0
2026-09-09T01:56:25,37.7,81236,1547350,1454906,5.3,0.00,0.33,0.00,2.37,0.00,0.00,0.00,2652.0,95830.0,92700.0,0.0,0.0,0.5,0.0,97.376,0.000,0.0,647916.5
2026-09-09T01:56:29,34.6,80968,1547350,1455174,5.2,0.00,17.88,0.00,94.63,0.00,0.07,0.00,2652.0,95830.0,92700.0,0.0,0.0,0.5,0.0,97.423,0.000,0.0,0.0
2026-09-09T01:57:49,48.4,80967,1547350,1455175,5.2,0.00,0.16,0.00,1.72,0.00,0.08,0.00,2652.0,95830.0,92700.0,0.0,0.0,0.5,0.0,97.496,0.000,0.0,644869.5
2026-09-09T01:57:53,50.1,80966,1547350,1455176,5.2,0.00,1.15,0.00,4.60,0.00,0.25,0.00,2652.0,95830.0,92700.0,0.0,0.0,0.5,0.0,97.459,0.000,0.0,753617.5
2026-09-09T01:57:56,50.2,80965,1547350,1455178,5.2,0.00,0.67,0.00,2.67,0.00,0.00,0.03,2652.0,95830.0,92700.0,0.0,0.0,0.5,0.0,97.433,0.000,0.0,631536.5
2026-09-09T01:57:59,46.4,80948,1547350,1455194,5.2,0.00,1.22,0.00,4.86,0.00,0.00,0.00,2652.0,95830.0,92700.0,0.0,0.0,0.5,0.0,97.460,0.000,0.0,664334.5
2026-09-09T01:58:02,39.3,80968,1547350,1455174,5.2,0.00,3.35,0.00,14.61,0.00,0.09,0.00,2652.0,95830.0,92700.0,0.0,0.0,0.5,0.0,97.421,0.000,0.0,637875.5
2026-09-09T01:58:06,42.8,80969,1547350,1455173,5.2,0.00,0.55,0.00,2.21,0.00,0.00,0.00,2652.0,95830.0,92700.0,0.0,0.0,0.5,0.0,97.442,0.000,0.0,656936.0
2026-09-09T01:58:09,42.9,80970,1547350,1455173,5.2,0.00,1.31,0.00,5.26,0.00,0.00,0.00,2652.0,95830.0,92700.0,0.0,0.0,0.5,0.0,97.511,0.000,0.0,656177.5
2026-09-09T01:58:12,42.2,81222,1547350,1454920,5.2,0.00,0.56,0.00,2.25,0.00,0.00,0.00,2652.0,95830.0,92700.0,0.0,0.0,0.5,0.0,97.500,0.000,0.0,681476.0
2026-09-09T01:58:21,37.6,81767,1547350,1454376,5.3,0.00,1.41,0.00,6.53,0.00,0.08,0.00,2652.0,95830.0,92700.0,0.0,0.0,0.5,0.0,97.450,0.000,0.0,0.0
2026-09-09T01:59:43,34.8,80970,1547350,1455173,5.2,0.00,0.41,0.00,3.31,0.00,0.09,0.00,2652.0,95830.0,92700.0,0.0,0.0,0.5,0.0,97.439,0.000,0.0,0.0
2026-09-09T01:59:46,50.1,80971,1547350,1455172,5.2,0.00,0.83,0.00,3.31,0.00,0.00,0.00,2652.0,95830.0,92700.0,0.0,0.0,0.5,0.0,97.440,0.000,0.0,682279.5
2026-09-09T01:59:50,50.1,80972,1547350,1455170,5.2,0.00,2.90,0.00,17.54,0.00,0.08,0.00,2652.0,95830.0,92700.0,0.0,0.0,0.5,0.0,97.424,0.000,0.0,662375.0
2026-09-09T01:59:55,44.8,80958,1547350,1455185,5.2,0.00,0.42,0.00,1.69,0.00,0.00,0.00,2652.0,95830.0,92700.0,0.0,0.0,0.5,0.0,97.456,0.000,0.0,641608.0
2026-09-09T01:59:59,40.4,80976,1547350,1455167,5.2,0.00,0.73,0.00,3.88,0.00,0.00,0.00,2652.0,95830.0,92700.0,0.0,0.0,0.5,0.0,97.391,0.000,0.0,640271.5
2026-09-09T02:00:03,42.9,80978,1547350,1455164,5.2,0.00,0.69,0.00,3.70,0.00,0.33,0.00,2652.0,95830.0,92700.0,0.0,0.0,0.5,0.0,97.430,0.000,0.0,679205.0
2026-09-09T02:00:06,42.8,80980,1547350,1455163,5.2,0.00,0.74,0.00,2.95,0.00,0.00,0.00,2652.0,95830.0,92700.0,0.0,0.0,0.5,0.0,97.487,0.000,0.0,688075.0
2026-09-09T02:00:08,42.9,81239,1547350,1454904,5.3,0.00,1.05,0.00,4.19,0.00,0.00,0.00,2652.0,95830.0,92700.0,0.0,0.0,0.5,0.0,97.430,0.000,0.0,674499.0
2026-09-09T02:00:10,39.3,80964,1547350,1455178,5.2,0.00,0.83,0.00,3.32,0.00,0.00,0.00,2652.0,95830.0,92700.0,0.0,0.0,0.5,0.0,97.419,0.000,0.0,631030.5
2026-09-09T02:00:15,48.1,81153,1547350,1454989,5.2,0.00,0.41,0.00,1.65,0.00,0.00,0.00,2652.0,95830.0,92700.0,0.0,0.0,0.5,0.0,97.442,0.000,0.0,642254.5
2026-09-09T02:00:18,50.7,82255,1547350,1453888,5.3,0.00,0.65,0.00,2.62,0.00,0.00,0.00,2652.0,95830.0,92700.0,0.0,0.0,0.5,0.0,97.404,0.000,0.0,649954.5
2026-09-09T02:00:22,50.9,85810,1547350,1450332,5.5,0.00,0.83,0.00,6.26,0.00,0.00,0.00,2652.0,95830.0,92700.0,0.0,0.0,0.5,0.0,97.459,0.000,0.0,618445.5
2026-09-09T02:00:28,39.9,85856,1547350,1450286,5.5,0.00,0.50,0.00,2.68,0.00,0.00,0.00,2652.0,95830.0,92700.0,0.0,0.0,0.5,0.0,97.469,0.000,0.0,640246.5
2026-09-09T02:00:31,43.8,85897,1547350,1450246,5.6,0.00,0.51,0.00,2.04,0.00,0.00,0.00,2652.0,95830.0,92700.0,0.0,0.0,0.5,0.0,97.417,0.000,0.0,665340.5
2026-09-09T02:00:35,43.8,85928,1547350,1450215,5.6,0.00,2.76,0.00,12.27,0.00,0.11,0.00,2652.0,95830.0,92700.0,0.0,0.0,0.5,0.0,97.427,0.000,0.0,646054.0
2026-09-09T02:00:38,43.8,86044,1547350,1450099,5.6,0.00,1.57,0.00,6.27,0.00,0.00,0.00,2652.0,95830.0,92700.0,0.0,0.0,0.5,0.0,97.398,0.000,0.0,655120.0
2026-09-09T02:00:42,51.0,86045,1547350,1450098,5.6,0.00,0.91,0.00,4.53,0.00,0.25,0.00,2652.0,95830.0,92700.0,0.0,0.0,0.5,0.0,97.403,0.000,0.0,660098.5
2026-09-09T02:00:48,50.2,92369,1547350,1443774,6.0,0.00,0.67,0.00,3.33,0.00,0.00,0.02,2652.0,95830.0,92700.0,0.0,0.0,0.5,0.0,97.381,0.000,0.0,635245.0
2026-09-09T02:02:08,34.6,87287,1547350,1448856,5.6,0.00,0.74,0.00,4.78,0.00,0.08,0.00,2652.0,95830.0,92700.0,0.0,0.0,0.5,0.0,97.272,0.000,0.0,0.0
2026-09-09T02:02:16,33.1,79263,1547350,1456879,5.1,0.00,11.16,0.00,74.14,0.00,0.07,0.00,2652.0,95830.0,92700.0,0.0,0.0,0.5,0.0,97.362,0.000,0.0,0.0
2026-09-09T02:04:48,49.6,79265,1547350,1456877,5.1,0.00,0.01,0.00,0.05,0.00,0.50,0.00,2652.0,95830.0,92700.0,0.0,0.0,0.5,0.0,97.372,0.000,0.0,0.0
2026-09-09T02:04:51,50.1,79265,1547350,1456878,5.1,0.00,1.96,0.00,7.82,0.00,0.00,0.00,2652.0,95830.0,92700.0,0.0,0.0,0.5,0.0,97.411,0.000,0.0,603300.0
2026-09-09T02:04:54,49.7,79263,1547350,1456880,5.1,0.00,2.77,0.00,19.54,0.00,0.00,0.00,2652.0,95830.0,92700.0,0.0,0.0,0.5,0.0,97.353,0.000,0.0,623214.0
2026-09-09T02:04:58,49.1,79262,1547350,1456881,5.1,0.00,0.47,0.00,1.88,0.00,0.00,0.02,2652.0,95830.0,92700.0,0.0,0.0,0.5,0.0,97.385,0.000,0.0,622926.5
2026-09-09T02:05:02,39.7,79268,1547350,1456874,5.1,0.00,0.48,0.00,1.94,0.00,0.50,0.00,2652.0,95830.0,92700.0,0.0,0.0,0.5,0.0,97.422,0.000,0.0,628420.0
2026-09-09T02:05:11,34.9,80194,1547350,1455949,5.2,0.00,0.24,0.00,0.98,0.00,0.00,0.00,2652.0,95830.0,92700.0,0.0,0.0,0.5,0.0,97.460,0.000,0.0,0.0
2026-09-09T02:07:52,33.6,79259,1547350,1456883,5.1,0.02,0.90,0.07,6.04,0.00,0.05,0.00,2652.0,95830.0,92700.0,0.0,0.0,0.5,0.0,97.460,0.000,0.0,0.0
2026-09-09T02:07:57,50.1,79279,1547350,1456864,5.1,0.00,3.67,0.00,28.63,0.00,0.06,0.00,2652.0,95830.0,92700.0,0.0,0.0,0.5,0.0,97.435,0.000,0.0,604296.5
2026-09-09T02:08:00,50.0,79281,1547350,1456862,5.1,0.00,0.70,0.00,2.81,0.00,0.00,0.00,2652.0,95830.0,92700.0,0.0,0.0,0.5,0.0,97.459,0.000,0.0,679005.5
2026-09-09T02:08:03,47.4,79290,1547350,1456853,5.1,0.00,3.98,0.00,15.91,0.00,0.08,0.00,2652.0,95830.0,92700.0,0.0,0.0,0.5,0.0,97.439,0.000,0.0,631834.5
2026-09-09T02:08:08,35.2,79293,1547350,1456849,5.1,0.00,1.19,0.00,5.57,0.00,0.17,0.00,2652.0,95830.0,92700.0,0.0,0.0,0.5,0.0,97.400,0.000,0.0,656565.5
2026-09-09T02:08:17,35.0,82260,1547350,1453882,5.3,0.00,0.59,0.00,2.38,0.00,0.00,0.00,2652.0,95830.0,92700.0,0.0,0.0,0.5,0.0,97.439,0.000,0.0,614538.5
2026-09-09T02:10:58,33.8,79321,1547350,1456821,5.1,0.00,0.75,0.00,4.96,0.00,0.09,0.00,2652.0,95830.0,92700.0,0.0,0.0,0.5,0.0,97.278,0.000,0.0,0.0
2026-09-09T02:11:01,50.0,79323,1547350,1456819,5.1,0.00,0.73,0.00,2.93,0.00,0.00,0.00,2652.0,95830.0,92700.0,0.0,0.0,0.5,0.0,97.236,0.000,0.0,0.0
2026-09-09T02:11:05,49.8,79320,1547350,1456823,5.1,0.00,0.52,0.00,2.08,0.00,0.00,0.00,2652.0,95830.0,92700.0,0.0,0.0,0.5,0.0,97.207,0.000,0.0,603609.0
2026-09-09T02:11:08,49.9,79318,1547350,1456824,5.1,0.00,1.38,0.00,8.30,0.00,0.25,0.00,2652.0,95830.0,92700.0,0.0,0.0,0.5,0.0,97.346,0.000,0.0,641759.0
2026-09-09T02:11:13,41.6,79318,1547350,1456825,5.1,0.00,0.43,0.00,1.72,0.00,0.00,0.00,2652.0,95830.0,92700.0,0.0,0.0,0.5,0.0,97.115,0.000,0.0,628835.0
2026-09-09T02:11:19,40.3,79322,1547350,1456821,5.1,0.00,0.33,0.00,1.31,0.00,0.00,0.00,2652.0,95830.0,92700.0,0.0,0.0,0.5,0.0,97.245,0.000,0.0,639383.0
2026-09-09T02:11:24,42.7,79309,1547350,1456834,5.1,0.00,0.82,0.00,5.20,0.00,0.00,0.00,2652.0,95830.0,92700.0,0.0,0.0,0.5,0.0,97.176,0.000,0.0,649684.0
2026-09-09T02:11:28,49.3,79312,1547350,1456830,5.1,0.00,0.47,0.00,1.88,0.00,0.00,0.00,2652.0,95830.0,92700.0,0.0,0.0,0.5,0.0,97.267,0.000,0.0,715384.0
2026-09-09T02:11:32,47.6,79314,1547350,1456828,5.1,0.00,2.72,0.00,10.89,0.00,0.09,0.00,2652.0,95830.0,92700.0,0.0,0.0,0.5,0.0,97.192,0.000,0.0,640506.5
2026-09-09T02:11:41,39.4,79332,1547350,1456811,5.1,0.00,0.44,0.00,1.77,0.00,0.00,0.00,2652.0,95830.0,92700.0,0.0,0.0,0.5,0.0,97.166,0.000,0.0,623301.0
2026-09-09T02:11:47,35.4,85653,1547350,1450489,5.5,0.00,0.64,0.00,3.19,0.00,0.00,0.00,2652.0,95830.0,92700.0,0.0,0.0,0.5,0.0,97.079,0.000,0.0,644405.5
2026-09-09T02:13:09,33.9,79331,1547350,1456811,5.1,0.00,0.38,0.00,2.69,0.00,0.10,0.00,2652.0,95830.0,92700.0,0.0,0.0,0.5,0.0,97.158,0.000,0.0,0.0
2026-09-09T02:13:12,50.0,79328,1547350,1456814,5.1,0.00,0.55,0.00,2.21,0.00,0.00,0.00,2652.0,95830.0,92700.0,0.0,0.0,0.5,0.0,97.163,0.000,0.0,603729.5
2026-09-09T02:13:15,49.4,79327,1547350,1456816,5.1,0.00,0.84,0.00,3.34,0.00,0.00,0.00,2652.0,95830.0,92700.0,0.0,0.0,0.5,0.0,97.210,0.000,0.0,635738.5
2026-09-09T02:13:19,49.8,79331,1547350,1456812,5.1,0.00,0.41,0.00,1.63,0.00,0.00,0.00,2652.0,95830.0,92700.0,0.0,0.0,0.5,0.0,97.145,0.000,0.0,681756.0
2026-09-09T02:13:23,44.5,79332,1547350,1456811,5.1,0.00,1.16,0.00,5.82,0.00,0.00,0.00,2652.0,95830.0,92700.0,0.0,0.0,0.5,0.0,97.193,0.000,0.0,655292.5
2026-09-09T02:13:27,37.6,79333,1547350,1456809,5.1,0.00,3.55,0.00,16.58,0.00,0.07,0.00,2652.0,95830.0,92700.0,0.0,0.0,0.5,0.0,97.242,0.000,0.0,628564.0
2026-09-09T02:13:31,41.4,79334,1547350,1456809,5.1,0.00,0.53,0.00,2.11,0.00,0.00,0.00,2652.0,95830.0,92700.0,0.0,0.0,0.5,0.0,97.206,0.000,0.0,657327.5
2026-09-09T02:13:35,42.8,79335,1547350,1456808,5.1,0.00,1.81,0.00,7.22,0.00,0.29,0.00,2652.0,95830.0,92700.0,0.0,0.0,0.5,0.0,97.262,0.000,0.0,622287.5
2026-09-09T02:13:44,42.1,79358,1547350,1456785,5.1,0.00,3.60,0.00,23.80,0.00,0.06,0.00,2652.0,95830.0,92700.0,0.0,0.0,0.5,0.0,97.424,0.000,0.0,0.0
2026-09-09T02:15:08,34.7,79507,1547350,1456636,5.1,0.00,0.02,0.00,0.09,0.00,0.00,0.00,2652.0,95830.0,92700.0,0.0,0.0,0.5,0.0,97.448,0.000,0.0,0.0
2026-09-09T02:15:11,50.6,79867,1547350,1456276,5.2,0.00,0.68,0.00,2.72,0.00,0.00,0.00,2652.0,95830.0,92700.0,0.0,0.0,0.5,0.0,97.433,0.000,0.0,603745.5
2026-09-09T02:15:14,50.9,80813,1547350,1455330,5.2,0.00,0.68,0.00,2.73,0.00,0.00,0.00,2652.0,95830.0,92700.0,0.0,0.0,0.5,0.0,97.453,0.000,0.0,644374.0
2026-09-09T02:15:18,45.7,80988,1547350,1455155,5.2,0.00,0.51,0.00,2.05,0.00,0.00,0.00,2652.0,95830.0,92700.0,0.0,0.0,0.5,0.0,97.390,0.000,0.0,672371.5
2026-09-09T02:15:21,36.3,80929,1547350,1455213,5.2,0.00,0.88,0.00,3.51,0.00,0.00,0.00,2652.0,95830.0,92700.0,0.0,0.0,0.5,0.0,97.416,0.000,0.0,653293.0
2026-09-09T02:15:24,38.5,80930,1547350,1455212,5.2,0.00,0.63,0.00,2.51,0.00,0.00,0.00,2652.0,95830.0,92700.0,0.0,0.0,0.5,0.0,97.453,0.000,0.0,645458.5
2026-09-09T02:15:28,42.6,80931,1547350,1455212,5.2,0.00,2.02,0.00,9.61,0.00,0.12,0.00,2652.0,95830.0,92700.0,0.0,0.0,0.5,0.0,97.462,0.000,0.0,662748.5
2026-09-09T02:15:31,46.2,80919,1547350,1455223,5.2,0.00,2.59,0.00,12.65,0.00,0.11,0.00,2652.0,95830.0,92700.0,0.0,0.0,0.5,0.0,97.486,0.000,0.0,637554.5
2026-09-09T02:15:37,50.0,80918,1547350,1455225,5.2,0.00,0.33,0.00,1.31,0.00,0.00,0.00,2652.0,95830.0,92700.0,0.0,0.0,0.5,0.0,97.428,0.000,0.0,648395.0
2026-09-09T02:15:42,42.6,80922,1547350,1455221,5.2,0.00,0.77,0.00,3.09,0.00,0.00,0.00,2652.0,95830.0,92700.0,0.0,0.0,0.5,0.0,97.437,0.000,0.0,616892.5
2026-09-09T02:15:51,34.8,82899,1547350,1453243,5.4,0.00,0.24,0.00,0.95,0.00,0.00,0.00,2652.0,95830.0,92700.0,0.0,0.0,0.5,0.0,97.451,0.000,0.0,664357.5
2026-09-09T02:15:55,35.5,87201,1547350,1448942,5.6,0.00,2.16,0.00,15.50,0.00,0.11,0.00,2652.0,95830.0,92700.0,0.0,0.0,0.5,0.0,97.386,0.000,0.0,0.0
2026-09-09T02:17:17,34.2,80928,1547350,1455215,5.2,0.00,9.61,0.00,125.43,0.00,0.06,0.01,2652.0,95830.0,92700.0,0.0,0.0,0.5,0.0,97.381,0.000,0.0,600930.0
2026-09-09T02:17:21,50.0,80926,1547350,1455216,5.2,0.00,0.53,0.00,2.10,0.00,0.00,0.00,2652.0,95830.0,92700.0,0.0,0.0,0.5,0.0,97.362,0.000,0.0,633360.5
2026-09-09T02:17:24,50.0,80924,1547350,1455218,5.2,0.00,1.32,0.00,5.28,0.00,0.00,0.00,2652.0,95830.0,92700.0,0.0,0.0,0.5,0.0,97.400,0.000,0.0,676856.0
2026-09-09T02:17:28,49.1,80922,1547350,1455221,5.2,0.00,8.51,0.00,63.99,0.00,0.12,0.00,2652.0,95830.0,92700.0,0.0,0.0,0.5,0.0,97.367,0.000,0.0,637729.5
2026-09-09T02:17:30,40.9,80923,1547350,1455220,5.2,0.00,0.71,0.00,2.85,0.00,0.00,0.00,2652.0,95830.0,92700.0,0.0,0.0,0.5,0.0,97.380,0.000,0.0,656132.5
2026-09-09T02:17:39,35.2,81617,1547350,1454526,5.3,0.00,1.98,0.00,14.06,0.00,0.11,0.00,2652.0,95830.0,92700.0,0.0,0.0,0.5,0.0,97.344,0.000,0.0,653133.5
2026-09-09T02:17:44,38.5,87280,1547350,1448863,5.6,0.00,0.44,0.00,1.76,0.00,0.00,0.00,2652.0,95830.0,92700.0,0.0,0.0,0.5,0.0,97.198,0.000,0.0,0.0
2026-09-09T02:19:04,33.4,80940,1547350,1455203,5.2,0.00,0.73,0.00,5.81,0.00,0.09,0.00,2652.0,95830.0,92700.0,0.0,0.0,0.5,0.0,97.140,0.000,0.0,604005.0
2026-09-09T02:19:11,45.3,80935,1547350,1455207,5.2,0.00,0.55,0.00,3.30,0.00,0.00,0.00,2652.0,95830.0,92700.0,0.0,0.0,0.5,0.0,97.163,0.000,0.0,622004.5
2026-09-09T02:19:17,47.7,80936,1547350,1455206,5.2,0.00,0.36,0.00,1.44,0.00,0.00,0.00,2652.0,95830.0,92700.0,0.0,0.0,0.5,0.0,97.145,0.000,0.0,635974.0
2026-09-09T02:19:20,37.4,80935,1547350,1455208,5.2,0.00,0.60,0.00,2.38,0.00,0.00,0.00,2652.0,95830.0,92700.0,0.0,0.0,0.5,0.0,97.226,0.000,0.0,626938.0
2026-09-09T02:19:29,34.9,82016,1547350,1454126,5.3,0.00,1.42,0.00,7.32,0.00,0.17,0.00,2652.0,95830.0,92700.0,0.0,0.0,0.5,0.0,97.203,0.000,0.0,656378.0
2026-09-09T02:19:34,40.7,92157,1547350,1443986,6.0,24.95,12.91,570.13,200.80,0.22,0.08,0.26,2652.0,95830.0,92700.0,0.0,0.0,0.5,0.0,97.317,0.000,0.0,0.0
2026-09-09T02:21:01,32.7,92173,1547350,1443970,6.0,0.00,0.23,0.00,1.79,0.00,0.15,0.00,2652.0,95830.0,92700.0,0.0,0.0,0.5,0.0,97.346,0.000,0.0,0.0
2026-09-09T02:21:04,58.6,92183,1547350,1443960,6.0,0.00,4.07,0.00,17.91,0.00,0.00,0.00,2652.0,95830.0,92700.0,0.0,0.0,0.5,0.0,97.318,0.000,0.0,603688.0
2026-09-09T02:21:06,58.5,92187,1547350,1443956,6.0,0.00,0.83,0.00,3.33,0.00,0.50,0.00,2652.0,95830.0,92700.0,0.0,0.0,0.5,0.0,97.376,0.000,0.0,694878.0
2026-09-09T02:21:08,58.4,92187,1547350,1443956,6.0,0.00,2.49,0.00,9.95,0.00,0.00,0.00,2652.0,95830.0,92700.0,0.0,0.0,0.5,0.0,97.349,0.000,0.0,672365.0
2026-09-09T02:21:11,58.5,92188,1547350,1443955,6.0,0.00,0.67,0.00,2.68,0.00,0.00,0.00,2652.0,95830.0,92700.0,0.0,0.0,0.5,0.0,97.292,0.000,0.0,637591.5
2026-09-09T02:21:15,45.7,92197,1547350,1443946,6.0,0.00,1.37,0.00,6.40,0.00,0.00,0.00,2652.0,95830.0,92700.0,0.0,0.0,0.5,0.0,97.450,0.000,0.0,646942.0
2026-09-09T02:21:19,39.9,92206,1547350,1443937,6.0,0.00,1.02,0.00,4.08,0.00,0.25,0.00,2652.0,95830.0,92700.0,0.0,0.0,0.5,0.0,97.383,0.000,0.0,648927.0
2026-09-09T02:21:23,40.0,92223,1547350,1443920,6.0,0.00,1.11,0.00,4.45,0.00,0.00,0.00,2652.0,95830.0,92700.0,0.0,0.0,0.5,0.0,97.408,0.000,0.0,628640.5
2026-09-09T02:21:29,45.9,92223,1547350,1443920,6.0,0.00,0.34,0.00,1.38,0.00,0.00,0.00,2652.0,95830.0,92700.0,0.0,0.0,0.5,0.0,97.356,0.000,0.0,624423.5
2026-09-09T02:21:31,51.0,92233,1547350,1443910,6.0,0.00,2.63,0.00,14.48,0.00,0.00,0.00,2652.0,95830.0,92700.0,0.0,0.0,0.5,0.0,97.389,0.000,0.0,646149.0
2026-09-09T02:21:34,50.9,92238,1547350,1443905,6.0,0.00,0.82,0.00,3.28,0.00,0.00,0.00,2652.0,95830.0,92700.0,0.0,0.0,0.5,0.0,97.362,0.000,0.0,635540.5
2026-09-09T02:21:36,50.9,92241,1547350,1443902,6.0,0.00,1.96,0.00,7.84,0.00,0.20,0.00,2652.0,95830.0,92700.0,0.0,0.0,0.5,0.0,97.404,0.000,0.0,676641.0
2026-09-09T02:21:39,42.3,92869,1547350,1443274,6.0,0.00,1.72,0.00,6.89,0.00,0.00,0.00,2652.0,95830.0,92700.0,0.0,0.0,0.5,0.0,97.407,0.000,0.0,623568.5
2026-09-09T02:21:44,43.0,92210,1547350,1443933,6.0,0.00,1.94,0.00,79.92,0.00,0.10,0.00,2652.0,95830.0,92700.0,0.0,0.0,0.5,0.0,97.358,0.000,0.0,635637.5
2026-09-09T02:21:53,43.3,98862,1547350,1437281,6.4,0.00,0.49,0.00,1.95,0.00,0.00,0.00,2652.0,95830.0,92700.0,0.0,0.0,0.5,0.0,97.422,0.000,0.0,0.0
2026-09-09T02:23:14,36.1,92195,1547350,1443948,6.0,1.10,0.58,22.72,4.65,0.15,0.09,0.00,2652.0,95830.0,92700.0,0.0,0.0,0.5,0.0,97.422,0.000,0.0,0.0
2026-09-09T02:23:16,58.3,92195,1547350,1443948,6.0,0.00,0.79,0.00,3.16,0.00,0.00,0.00,2652.0,95830.0,92700.0,0.0,0.0,0.5,0.0,97.456,0.000,0.0,603497.5
2026-09-09T02:23:20,58.0,92199,1547350,1443944,6.0,0.00,0.59,0.00,2.37,0.00,0.00,0.00,2652.0,95830.0,92700.0,0.0,0.0,0.5,0.0,97.427,0.000,0.0,625106.5
2026-09-09T02:23:23,58.2,92199,1547350,1443944,6.0,0.00,0.61,0.00,2.45,0.00,0.00,0.00,2652.0,95830.0,92700.0,0.0,0.0,0.5,0.0,97.507,0.000,0.0,651985.0
2026-09-09T02:23:26,54.9,92199,1547350,1443944,6.0,0.00,0.72,0.00,2.86,0.00,0.00,0.00,2652.0,95830.0,92700.0,0.0,0.0,0.5,0.0,97.440,0.000,0.0,689135.5
2026-09-09T02:23:28,41.2,92201,1547350,1443942,6.0,0.00,0.79,0.00,3.16,0.00,0.00,0.00,2652.0,95830.0,92700.0,0.0,0.0,0.5,0.0,97.439,0.000,0.0,669095.5
2026-09-09T02:23:30,36.6,92206,1547350,1443937,6.0,0.00,3.24,0.00,26.44,0.00,0.17,0.00,2652.0,95830.0,92700.0,0.0,0.0,0.5,0.0,97.459,0.000,0.0,674803.0
2026-09-09T02:23:33,40.5,92214,1547350,1443929,6.0,0.00,2.02,0.00,9.24,0.00,0.00,0.00,2652.0,95830.0,92700.0,0.0,0.0,0.5,0.0,97.458,0.000,0.0,652666.5
2026-09-09T02:23:36,43.7,92220,1547350,1443923,6.0,0.00,1.53,0.00,7.65,0.00,0.00,0.00,2652.0,95830.0,92700.0,0.0,0.0,0.5,0.0,97.412,0.000,0.0,652670.0
2026-09-09T02:23:39,43.6,92294,1547350,1443849,6.0,0.00,0.62,0.00,2.49,0.00,0.50,0.00,2652.0,95830.0,92700.0,0.0,0.0,0.5,0.0,97.418,0.000,0.0,663743.5
2026-09-09T02:23:43,49.3,92233,1547350,1443910,6.0,0.00,0.85,0.00,3.39,0.00,0.00,0.00,2652.0,95830.0,92700.0,0.0,0.0,0.5,0.0,97.431,0.000,0.0,637853.5
2026-09-09T02:23:47,49.9,92239,1547350,1443904,6.0,0.00,0.44,0.00,1.78,0.00,0.00,0.00,2652.0,95830.0,92700.0,0.0,0.0,0.5,0.0,97.476,0.000,0.0,628015.0
2026-09-09T02:23:51,43.8,92246,1547350,1443897,6.0,0.00,0.54,0.00,2.16,0.00,0.00,0.00,2652.0,95830.0,92700.0,0.0,0.0,0.5,0.0,97.390,0.000,0.0,629075.0
2026-09-09T02:23:54,48.0,92682,1547350,1443462,6.0,0.00,0.63,0.00,2.51,0.00,0.00,0.00,2652.0,95830.0,92700.0,0.0,0.0,0.5,0.0,97.472,0.000,0.0,622560.5
2026-09-09T02:23:59,42.3,92528,1547350,1443615,6.0,0.00,1.08,0.00,6.83,0.00,0.20,0.00,2652.0,95830.0,92700.0,0.0,0.0,0.5,0.0,97.448,0.000,0.0,616832.5
2026-09-09T02:24:04,38.3,92511,1547350,1443376,6.0,5.23,0.20,658.76,0.80,0.85,0.00,0.02,4338.0,95830.0,91014.0,15.0,0.0,0.5,24.0,97.507,0.000,0.0,616832.5
2026-09-09T02:24:04,29.5,81433,1547350,1454454,5.3,0.00,3.22,0.00,12.88,0.00,0.00,0.00,4556.0,95830.0,90796.0,10.0,1.5,0.5,4.0,111.965,0.073,0.0,9364814.5
2026-09-09T02:25:23,20.5,80118,1547350,1455769,5.2,0.00,0.34,0.00,2.43,0.00,0.04,0.00,4650.0,95830.0,90702.0,16.0,0.0,0.5,0.0,113.908,0.000,0.0,0.0
2026-09-09T02:25:27,45.3,80122,1547350,1455765,5.2,0.00,0.22,0.00,0.90,0.00,0.00,0.00,4650.0,95830.0,90702.0,20.0,0.0,0.5,1.0,111.245,0.036,0.0,2727717.5
2026-09-09T02:25:29,44.4,80123,1547350,1455764,5.2,0.00,1.46,0.00,5.84,0.00,0.50,0.00,4652.0,95830.0,90700.0,5.0,2.5,0.5,7.0,113.392,0.043,0.0,2988215.0
2026-09-09T02:25:32,44.9,80124,1547350,1455763,5.2,0.00,3.29,0.00,25.15,0.00,0.00,0.00,4652.0,95830.0,90700.0,12.0,0.0,0.5,0.0,107.534,0.032,0.0,2404863.5
2026-09-09T02:25:34,44.2,80126,1547350,1455761,5.2,0.00,2.96,0.00,13.53,0.00,0.14,0.00,4652.0,95830.0,90700.0,9.0,4.5,0.5,10.5,110.984,0.033,0.0,2666056.5
2026-09-09T02:25:37,38.2,80130,1547350,1455757,5.2,0.00,0.39,0.00,1.55,0.00,0.00,0.00,4652.0,95830.0,90700.0,13.0,0.0,0.5,0.0,120.176,0.051,0.0,3346714.5
2026-09-09T02:25:40,23.9,80136,1547350,1455751,5.2,0.00,0.63,0.00,2.53,0.00,0.00,0.00,4654.0,95830.0,90698.0,5.0,2.0,0.5,6.0,115.183,0.042,0.0,2965448.0
2026-09-09T02:25:44,28.0,80147,1547350,1455740,5.2,29.54,0.79,213.08,3.16,0.13,0.00,0.03,4654.0,95830.0,90698.0,9.0,0.0,0.5,0.0,110.690,0.037,0.0,2686196.0
2026-09-09T02:25:48,31.0,80180,1547350,1455707,5.2,0.00,0.47,0.00,1.88,0.00,0.00,0.00,4656.0,95830.0,90696.0,22.0,1.0,0.5,2.5,120.058,0.051,0.0,3324536.0
2026-09-09T02:25:52,32.7,80164,1547350,1455723,5.2,0.00,0.75,0.00,3.99,0.00,0.00,0.00,4656.0,95830.0,90696.0,0.0,0.0,0.5,0.0,111.973,0.038,0.0,2832934.0
2026-09-09T02:25:55,38.2,80169,1547350,1455718,5.2,0.00,0.73,0.00,2.91,0.00,0.50,0.00,4658.0,95830.0,90694.0,14.0,0.0,0.5,0.0,110.599,0.021,0.0,1864995.5
2026-09-09T02:25:58,32.7,80177,1547350,1455710,5.2,0.00,0.56,0.00,2.25,0.00,0.00,0.00,4658.0,95830.0,90694.0,14.0,2.0,0.5,6.0,121.936,0.052,0.0,3332996.5
2026-09-09T02:26:02,34.3,80189,1547350,1455698,5.2,0.00,1.10,0.00,8.83,0.00,0.00,0.00,4658.0,95830.0,90694.0,13.0,0.5,0.5,1.5,107.156,0.042,0.0,2968820.0
2026-09-09T02:26:05,34.4,81003,1547350,1454884,5.2,0.00,0.59,0.00,2.35,0.00,0.00,0.00,4660.0,95830.0,90692.0,0.0,2.0,0.5,4.5,109.267,0.042,0.0,2860370.5
2026-09-09T02:26:11,29.3,80188,1547350,1455699,5.2,0.00,0.33,0.00,1.33,0.00,0.00,0.00,4660.0,95830.0,90692.0,0.0,2.0,0.5,4.5,111.721,0.029,0.0,2128637.0
2026-09-09T02:26:16,28.3,85904,1547350,1449983,5.6,0.00,0.47,0.00,1.87,0.00,0.00,0.00,4660.0,95830.0,90692.0,0.0,0.0,0.5,0.0,119.016,0.044,0.0,2987838.5
2026-09-09T02:27:35,18.8,80184,1547350,1455703,5.2,0.00,0.54,0.00,3.62,0.00,0.07,0.00,4668.0,95830.0,90684.0,0.0,0.0,0.5,0.5,115.000,0.000,0.0,0.0
2026-09-09T02:27:37,45.4,80197,1547350,1455690,5.2,0.35,0.70,1.40,2.80,0.00,0.00,0.00,4668.0,95830.0,90684.0,0.0,2.0,0.5,4.5,115.029,0.000,0.0,0.0
2026-09-09T02:27:41,45.6,80202,1547350,1455685,5.2,0.00,0.58,0.00,2.33,0.00,0.00,0.00,4670.0,95830.0,90682.0,9.0,0.0,0.5,0.0,114.752,0.031,0.0,2381632.5
2026-09-09T02:27:44,45.7,80207,1547350,1455680,5.2,0.00,0.98,0.00,3.94,0.00,0.00,0.03,4670.0,95830.0,90682.0,11.0,2.0,0.5,4.0,118.068,0.043,0.0,2952660.0
2026-09-09T02:27:47,45.4,80212,1547350,1455675,5.2,0.00,0.38,0.00,1.51,0.00,0.00,0.00,4670.0,95830.0,90682.0,9.0,2.0,0.5,6.0,115.975,0.048,0.0,3129661.5
2026-09-09T02:27:50,29.6,80215,1547350,1455672,5.2,0.00,0.55,0.00,2.21,0.00,0.50,0.00,4670.0,95830.0,90682.0,4.0,0.0,0.5,0.5,107.799,0.038,0.0,2698420.5
2026-09-09T02:27:51,21.3,80224,1547350,1455663,5.2,0.00,1.83,0.00,7.31,0.00,0.00,0.00,4672.0,95830.0,90680.0,24.0,0.0,0.5,1.0,115.649,0.037,0.0,2544566.0
2026-09-09T02:27:56,28.1,80237,1547350,1455650,5.2,0.00,0.82,0.00,4.12,0.00,0.00,0.00,4672.0,95830.0,90680.0,13.0,1.0,0.5,3.5,115.129,0.033,0.0,2390692.0
2026-09-09T02:28:00,30.7,80288,1547350,1455599,5.2,0.00,0.47,0.00,1.87,0.00,0.00,0.00,4672.0,95830.0,90680.0,13.0,0.0,0.5,0.5,118.646,0.052,0.0,3392190.0
2026-09-09T02:28:02,32.3,80251,1547350,1455636,5.2,0.00,1.64,0.00,13.65,0.00,0.00,0.00,4674.0,95830.0,90678.0,14.0,0.0,0.5,0.0,113.084,0.056,0.0,3460569.5
2026-09-09T02:28:05,38.5,80257,1547350,1455630,5.2,0.00,0.78,0.00,3.11,0.00,0.00,0.00,4674.0,95830.0,90678.0,0.0,2.0,0.5,4.5,114.380,0.050,0.0,3352152.5
2026-09-09T02:28:08,37.2,80264,1547350,1455623,5.2,0.00,0.36,0.00,1.43,0.00,0.00,0.00,4674.0,95830.0,90678.0,9.0,2.0,0.5,6.5,118.332,0.060,0.0,3697669.5
2026-09-09T02:28:11,31.7,80268,1547350,1455619,5.2,0.00,0.66,0.00,2.62,0.00,0.00,0.00,4676.0,95830.0,90676.0,12.0,4.5,0.5,12.0,124.486,0.059,0.0,3627667.0
2026-09-09T02:28:14,36.1,80277,1547350,1455610,5.2,0.00,0.32,0.00,1.26,0.00,0.00,0.00,4676.0,95830.0,90676.0,12.0,2.5,0.5,5.0,116.663,0.043,0.0,2993030.0
2026-09-09T02:28:17,33.9,80957,1547350,1454930,5.2,0.00,0.58,0.00,2.31,0.00,0.50,0.00,4676.0,95830.0,90676.0,23.0,2.0,0.5,6.5,120.142,0.050,0.0,3522853.0
2026-09-09T02:28:20,31.6,80412,1547350,1455475,5.2,0.00,0.85,0.00,3.40,0.00,0.00,0.00,4678.0,95830.0,90674.0,14.0,1.0,0.5,3.0,123.112,0.059,0.0,3845197.0
2026-09-09T02:28:27,30.1,80492,1547350,1455395,5.2,0.00,0.44,0.00,1.75,0.00,0.00,0.00,4680.0,95830.0,90672.0,13.0,4.5,0.5,11.0,115.481,0.046,0.0,3022427.0
2026-09-09T02:28:29,24.3,86715,1547350,1449172,5.6,0.00,0.84,0.00,3.37,0.00,0.00,0.00,4696.0,95830.0,90656.0,12.0,0.0,0.5,0.0,111.744,0.000,0.0,0.0
2026-09-09T02:29:47,23.0,80285,1547350,1455602,5.2,0.00,0.53,0.00,3.62,0.00,0.07,0.00,4696.0,95830.0,90656.0,0.0,4.5,0.5,10.0,115.540,0.000,0.0,0.0
2026-09-09T02:29:49,46.5,80287,1547350,1455601,5.2,0.00,1.02,0.00,4.08,0.00,0.00,0.00,4696.0,95830.0,90656.0,0.0,0.0,0.5,1.0,116.037,0.044,0.0,2853287.5
2026-09-09T02:29:51,45.5,80290,1547350,1455597,5.2,0.00,0.53,0.00,2.13,0.00,0.00,0.00,4698.0,95830.0,90654.0,25.0,0.0,0.5,0.0,116.957,0.059,0.0,3661381.5
2026-09-09T02:29:53,46.2,80291,1547350,1455596,5.2,0.00,0.88,0.00,3.54,0.00,0.00,0.00,4698.0,95830.0,90654.0,0.0,0.0,0.5,1.0,117.829,0.050,0.0,3333424.5
2026-09-09T02:29:55,46.1,80292,1547350,1455595,5.2,0.00,0.42,0.00,1.66,0.00,0.00,0.00,4698.0,95830.0,90654.0,19.0,2.5,0.5,7.0,116.930,0.059,0.0,3758704.0
2026-09-09T02:29:58,45.7,80293,1547350,1455594,5.2,0.00,0.87,0.00,3.48,0.00,0.00,0.00,4698.0,95830.0,90654.0,25.0,0.0,0.5,0.0,123.121,0.060,0.0,3811954.5
2026-09-09T02:30:00,36.2,80301,1547350,1455586,5.2,0.00,0.72,0.00,2.89,0.00,0.00,0.00,4700.0,95830.0,90652.0,14.0,2.5,0.5,7.5,119.400,0.042,0.0,2822109.5
2026-09-09T02:30:03,24.6,80307,1547350,1455580,5.2,0.00,1.83,0.00,11.64,0.00,0.00,0.00,4700.0,95830.0,90652.0,23.0,2.0,0.5,6.5,120.434,0.060,0.0,3870877.0
2026-09-09T02:30:05,26.4,80313,1547350,1455574,5.2,0.00,0.88,0.00,3.53,0.00,0.50,0.00,4700.0,95830.0,90652.0,9.0,2.0,0.5,6.5,117.102,0.055,0.0,3559292.5
2026-09-09T02:30:07,31.4,80321,1547350,1455566,5.2,0.00,0.83,0.00,3.33,0.00,0.00,0.04,4702.0,95830.0,90650.0,9.0,0.5,0.5,1.5,117.104,0.045,0.0,3289967.0
2026-09-09T02:30:10,31.4,80327,1547350,1455560,5.2,0.00,0.38,0.00,1.54,0.00,0.00,0.00,4702.0,95830.0,90650.0,8.0,3.0,0.5,8.5,123.678,0.048,0.0,3193491.5
2026-09-09T02:30:12,31.5,80655,1547350,1455232,5.2,0.00,1.81,0.00,9.06,0.00,0.00,0.00,4702.0,95830.0,90650.0,22.0,0.0,0.5,0.0,118.547,0.053,0.0,3587104.0
2026-09-09T02:30:15,33.2,80335,1547350,1455552,5.2,0.00,0.85,0.00,3.39,0.00,0.00,0.00,4702.0,95830.0,90650.0,13.0,1.0,0.5,2.0,116.108,0.051,0.0,3371504.0
2026-09-09T02:30:17,38.7,80340,1547350,1455547,5.2,0.00,0.76,0.00,3.02,0.00,0.00,0.00,4704.0,95830.0,90648.0,14.0,0.5,0.5,2.5,116.361,0.057,0.0,3420880.0
2026-09-09T02:30:20,35.9,80345,1547350,1455542,5.2,0.00,0.74,0.00,2.97,0.00,0.00,0.00,4704.0,95830.0,90648.0,9.0,2.0,0.5,4.5,119.858,0.057,0.0,3777907.5
2026-09-09T02:30:23,31.3,80352,1547350,1455536,5.2,0.00,0.34,0.00,1.37,0.00,0.00,0.00,4704.0,95830.0,90648.0,13.0,2.5,0.5,7.0,115.681,0.058,0.0,3644890.5
2026-09-09T02:30:26,37.9,80360,1547350,1455527,5.2,0.00,0.66,0.00,2.62,0.00,0.00,0.00,4706.0,95830.0,90646.0,8.0,0.0,0.5,0.0,122.192,0.050,0.0,3602164.5
2026-09-09T02:30:29,33.6,81202,1547350,1454685,5.2,0.00,0.69,0.00,2.77,0.00,0.00,0.03,4706.0,95830.0,90646.0,14.0,2.5,0.5,6.5,117.024,0.049,0.0,3203229.5
2026-09-09T02:30:32,31.1,80355,1547350,1455532,5.2,0.00,3.81,0.00,21.97,0.00,0.08,0.00,4708.0,95830.0,90644.0,2.0,4.0,0.5,9.0,120.607,0.051,0.0,3402912.0
2026-09-09T02:30:38,29.9,81220,1547350,1454667,5.2,0.00,0.34,0.00,1.38,0.00,0.00,0.00,4708.0,95830.0,90644.0,14.0,0.0,0.5,0.0,117.219,0.053,0.0,3624496.0
2026-09-09T02:30:41,24.3,87080,1547350,1448807,5.6,0.00,19.37,0.00,111.11,0.00,0.08,0.00,4724.0,95830.0,90628.0,0.0,2.0,0.5,6.0,121.803,0.000,0.0,0.0
2026-09-09T02:31:58,21.4,80415,1547350,1455472,5.2,0.00,0.05,0.00,0.21,0.00,0.00,0.00,4726.0,95830.0,90626.0,11.0,1.0,0.5,3.5,123.576,0.000,0.0,0.0
2026-09-09T02:32:02,46.5,80531,1547350,1455356,5.2,0.00,0.52,0.00,2.10,0.00,0.00,0.00,4726.0,95830.0,90626.0,11.0,4.5,0.5,10.0,118.161,0.053,0.0,3248383.5
2026-09-09T02:32:04,46.9,80801,1547350,1455086,5.2,0.00,6.24,0.00,33.81,0.00,0.08,0.00,4726.0,95830.0,90626.0,20.0,0.0,0.5,0.0,116.482,0.046,0.0,3365130.5
2026-09-09T02:32:06,47.5,81266,1547350,1454621,5.3,0.00,1.05,0.00,4.19,0.00,0.00,0.00,4726.0,95830.0,90626.0,2.0,3.0,0.5,8.5,117.968,0.041,0.0,2979871.0
2026-09-09T02:32:08,47.0,81811,1547350,1454076,5.3,0.00,0.82,0.00,3.30,0.00,0.00,0.00,4728.0,95830.0,90624.0,25.0,2.0,0.5,4.5,120.777,0.056,0.0,3565649.5
2026-09-09T02:32:10,44.5,82117,1547350,1453770,5.3,0.00,1.98,0.00,7.93,0.00,0.25,0.00,4728.0,95830.0,90624.0,14.0,2.5,0.5,7.0,117.745,0.051,0.0,3497492.5
2026-09-09T02:32:12,28.9,81937,1547350,1453950,5.3,0.00,1.10,0.00,4.38,0.00,0.00,0.00,4728.0,95830.0,90624.0,0.0,2.5,0.5,7.0,117.071,0.048,0.0,3294272.5
2026-09-09T02:32:14,24.5,81942,1547350,1453945,5.3,0.00,3.04,0.00,12.15,0.00,0.00,0.00,4728.0,95830.0,90624.0,12.0,0.0,0.5,0.0,118.572,0.053,0.0,3253977.0
2026-09-09T02:32:17,28.3,81948,1547350,1453939,5.3,0.00,0.78,0.00,3.13,0.00,0.00,0.00,4728.0,95830.0,90624.0,12.0,2.0,0.5,6.0,122.630,0.059,0.0,3804580.5
2026-09-09T02:32:19,31.5,81953,1547350,1453934,5.3,0.00,0.38,0.00,1.52,0.00,0.00,0.00,4730.0,95830.0,90622.0,23.0,2.0,0.5,6.5,121.028,0.053,0.0,3406593.0
2026-09-09T02:32:22,31.3,81960,1547350,1453927,5.3,0.00,1.48,0.00,5.90,0.00,0.25,0.00,4730.0,95830.0,90622.0,24.0,0.0,0.5,0.0,117.154,0.029,0.0,2273844.5
2026-09-09T02:32:25,31.4,81971,1547350,1453916,5.3,0.00,1.42,0.00,7.08,0.00,0.00,0.00,4732.0,95830.0,90620.0,13.0,2.0,0.5,6.5,119.278,0.051,0.0,3304686.0
2026-09-09T02:32:32,28.0,84860,1547350,1451028,5.5,0.00,0.58,0.00,2.31,0.00,0.00,0.00,4732.0,95830.0,90620.0,0.0,4.5,0.5,11.5,122.504,0.053,0.0,3365897.0
2026-09-09T02:32:34,22.8,82032,1547350,1453855,5.3,0.00,13.41,0.00,95.75,0.00,0.06,0.00,4748.0,95830.0,90604.0,9.0,0.0,0.5,0.0,122.292,0.000,0.0,0.0
2026-09-09T02:33:53,38.7,82036,1547350,1453851,5.3,0.00,0.03,0.00,0.10,0.00,0.50,0.00,4748.0,95830.0,90604.0,3.0,2.0,0.5,6.0,117.936,0.061,0.0,3721104.0
2026-09-09T02:33:55,38.9,82040,1547350,1453847,5.3,0.00,1.16,0.00,4.63,0.00,0.00,0.00,4748.0,95830.0,90604.0,12.0,2.5,0.5,4.5,122.124,0.050,0.0,3214676.0
2026-09-09T02:33:57,38.7,82042,1547350,1453845,5.3,0.00,0.97,0.00,5.83,0.00,0.00,0.00,4750.0,95830.0,90602.0,13.0,2.5,0.5,6.5,126.377,0.060,0.0,3681917.0
2026-09-09T02:34:00,37.8,75199,1547350,1460689,4.9,5.64,0.63,544.37,2.51,0.39,0.00,0.03,4750.0,95830.0,90602.0,0.0,0.0,0.5,0.0,122.317,0.047,0.0,3254978.5
2026-09-09T02:34:03,38.3,75173,1547350,1460714,4.9,0.00,0.75,0.00,2.98,0.00,0.00,0.00,4750.0,95830.0,90602.0,13.0,2.5,0.5,7.0,117.936,0.049,0.0,3392745.0
2026-09-09T02:34:05,33.0,75178,1547350,1460709,4.9,0.00,2.30,0.00,26.18,0.00,0.00,0.00,4752.0,95830.0,90600.0,13.0,0.5,0.5,1.0,122.240,0.057,0.0,3610821.5
2026-09-09T02:34:08,23.8,75187,1547350,1460701,4.9,0.00,0.74,0.00,2.97,0.00,0.00,0.00,4752.0,95830.0,90600.0,9.0,4.5,0.5,12.0,121.959,0.057,0.0,3618384.5
2026-09-09T02:34:10,22.7,75501,1547350,1460387,4.9,0.00,0.45,0.00,1.78,0.00,0.00,0.00,4754.0,95830.0,90598.0,19.0,1.5,0.5,5.0,121.962,0.054,0.0,3566755.0
2026-09-09T02:34:15,22.8,77176,1547350,1458712,5.0,0.00,0.37,0.00,1.50,0.00,0.00,0.00,4754.0,95830.0,90598.0,9.0,4.5,0.5,11.0,118.054,0.044,0.0,3314168.0
2026-09-09T02:34:18,23.0,80527,1547350,1455361,5.2,0.00,0.40,0.00,1.60,0.00,0.00,0.00,4754.0,95830.0,90598.0,9.0,1.5,0.5,5.5,118.523,0.058,0.0,3686798.5
2026-09-09T02:34:21,23.0,81647,1547350,1454240,5.3,0.00,0.68,0.00,2.70,0.00,0.50,0.00,4756.0,95830.0,90596.0,21.0,0.0,0.5,0.0,118.579,0.000,0.0,0.0
2026-09-09T02:35:39,21.5,75226,1547350,1460661,4.9,0.00,0.65,0.00,4.46,0.00,0.06,0.00,4772.0,95830.0,90580.0,0.0,0.0,0.5,0.0,119.779,0.048,0.0,3122697.5
2026-09-09T02:35:42,30.4,71931,1547350,1463957,4.6,0.00,1.01,0.00,4.05,0.00,0.00,0.00,4772.0,95830.0,90580.0,13.0,0.0,0.5,1.0,121.450,0.057,0.0,3716656.0
2026-09-09T02:35:45,29.5,68411,1547350,1467477,4.4,0.00,0.73,0.00,2.91,0.00,0.00,0.00,4774.0,95830.0,90578.0,14.0,2.5,0.5,4.5,117.361,0.051,0.0,3259219.0
2026-09-09T02:35:47,29.6,68410,1547350,1467478,4.4,0.00,0.44,0.00,1.78,0.00,1.00,0.00,4774.0,95830.0,90578.0,13.0,2.0,0.5,6.5,118.296,0.052,0.0,3472006.5
2026-09-09T02:35:50,29.1,68411,1547350,1467477,4.4,0.00,0.77,0.00,3.08,0.00,0.00,0.00,4774.0,95830.0,90578.0,9.0,2.5,0.5,7.0,116.211,0.051,0.0,3540505.0
2026-09-09T02:35:52,24.7,68412,1547350,1467476,4.4,0.00,0.34,0.00,1.38,0.00,0.00,0.00,4776.0,95830.0,90576.0,13.0,2.0,0.5,6.5,120.830,0.052,0.0,3406958.0
2026-09-09T02:35:56,22.2,68424,1547350,1467463,4.4,0.00,0.61,0.00,2.46,0.00,0.00,0.00,4776.0,95830.0,90576.0,13.0,2.5,0.5,7.5,118.820,0.052,0.0,3563510.5
2026-09-09T02:35:59,22.3,68458,1547350,1467430,4.4,0.00,0.32,0.00,1.30,0.00,0.00,0.00,4776.0,95830.0,90576.0,2.0,0.0,0.5,0.0,120.888,0.057,0.0,3597763.0
2026-09-09T02:36:02,22.0,68492,1547350,1467395,4.4,0.00,0.73,0.00,2.94,0.00,0.00,0.00,4778.0,95830.0,90574.0,12.0,4.5,0.5,11.0,117.667,0.059,0.0,3721918.0
2026-09-09T02:36:05,22.0,68542,1547350,1467346,4.4,0.00,1.91,0.00,15.59,0.00,0.00,0.00,4778.0,95830.0,90574.0,13.0,2.0,0.5,5.5,122.787,0.053,0.0,3458206.0
2026-09-09T02:36:08,22.2,68578,1547350,1467310,4.4,0.00,0.90,0.00,4.83,0.00,0.00,0.00,4778.0,95830.0,90574.0,9.0,2.0,0.5,4.5,122.183,0.062,0.0,4065532.5
2026-09-09T02:36:12,22.3,68626,1547350,1467262,4.4,0.00,0.51,0.00,2.05,0.00,0.50,0.00,4780.0,95830.0,90572.0,14.0,2.0,0.5,4.5,121.718,0.051,0.0,3418987.5
2026-09-09T02:36:15,22.0,68653,1547350,1467234,4.4,0.00,2.27,0.00,14.29,0.00,0.00,0.03,4780.0,95830.0,90572.0,0.0,0.0,0.5,0.0,102.483,0.029,0.0,2132762.0
2026-09-09T02:36:18,19.5,69299,1547350,1466589,4.5,0.00,0.36,0.00,1.45,0.00,0.00,0.04,4780.0,95830.0,90572.0,0.0,0.0,0.5,0.0,102.447,0.000,0.0,674731.5
2026-09-09T02:36:20,19.9,73558,1547350,1462330,4.8,0.00,0.79,0.00,3.17,0.00,0.00,0.00,4782.0,95830.0,90570.0,12.0,4.5,0.5,12.5,127.113,0.064,0.0,4132347.5
2026-09-09T02:36:28,22.5,74360,1547350,1461527,4.8,0.00,0.37,0.00,1.48,0.00,0.00,0.00,4782.0,95830.0,90570.0,9.0,3.5,0.5,7.5,119.121,0.045,0.0,3184675.0
2026-09-09T02:36:31,23.7,80108,1547350,1455780,5.2,0.00,0.39,0.00,1.55,0.00,1.00,0.00,4800.0,95830.0,90552.0,21.0,3.5,0.5,9.0,119.098,0.000,0.0,0.0
2026-09-09T02:37:49,21.4,74642,1547350,1461246,4.8,0.00,0.80,0.00,5.21,0.00,0.10,0.00,4800.0,95830.0,90552.0,6.0,2.5,0.5,8.0,117.814,0.000,0.0,0.0
2026-09-09T02:37:51,37.4,74660,1547350,1461227,4.8,0.00,1.62,0.00,8.65,0.00,0.00,0.00,4800.0,95830.0,90552.0,13.0,0.0,0.5,0.0,122.829,0.065,0.1,3783346.0
2026-09-09T02:37:53,37.5,74696,1547350,1461192,4.8,0.00,0.50,0.00,1.98,0.00,0.00,0.00,4800.0,95830.0,90552.0,9.0,2.5,0.5,7.0,118.067,0.057,0.0,3796580.0
2026-09-09T02:37:55,37.7,74725,1547350,1461162,4.8,0.00,0.89,0.00,3.57,0.00,0.00,0.00,4802.0,95830.0,90550.0,15.0,2.0,0.5,4.5,126.142,0.056,0.0,3590397.5
2026-09-09T02:37:57,37.6,74743,1547350,1461145,4.8,0.00,0.42,0.00,1.68,0.00,0.00,0.00,4802.0,95830.0,90550.0,0.0,0.0,0.5,0.0,117.532,0.058,0.0,3614618.5
2026-09-09T02:38:02,29.7,75496,1547350,1460392,4.9,0.00,0.41,0.00,1.62,0.00,0.00,0.00,4804.0,95830.0,90548.0,14.0,4.5,0.5,10.0,121.718,0.046,0.0,3205508.0
2026-09-09T02:38:05,22.7,81179,1547350,1454708,5.2,36.29,10.89,818.21,170.57,1.35,0.12,1.15,4810.0,95830.0,90542.0,0.0,4.5,0.5,12.5,116.705,0.000,0.0,0.0
2026-09-09T02:39:26,19.7,75287,1547350,1460600,4.9,0.00,0.02,0.00,0.10,0.00,0.00,0.00,4812.0,95830.0,90540.0,2.0,4.5,0.5,11.5,116.901,0.053,0.0,3555654.5
2026-09-09T02:39:28,29.6,77229,1547350,1458658,5.0,0.00,0.51,0.00,2.04,0.00,0.00,0.00,4812.0,95830.0,90540.0,24.0,4.5,0.5,12.5,125.121,0.066,0.1,3883834.0
2026-09-09T02:39:30,30.5,81696,1547350,1454192,5.3,0.00,1.06,0.00,4.23,0.00,0.00,0.00,4824.0,95830.0,90528.0,0.0,0.0,0.5,0.0,108.999,0.000,0.0,0.0
2026-09-09T02:41:17,19.6,75920,1547350,1459960,4.9,0.68,0.53,15.29,6.34,0.14,0.11,0.00,4824.0,95830.0,90528.0,0.0,2.0,0.5,6.5,117.549,0.000,0.0,0.0
2026-09-09T02:41:19,37.4,75947,1547350,1459933,4.9,0.00,0.43,0.00,1.71,0.00,1.00,0.00,4826.0,95830.0,90526.0,0.0,0.0,0.5,0.0,121.277,0.064,0.0,4027096.0
2026-09-09T02:41:22,37.2,75975,1547350,1459905,4.9,0.00,0.87,0.00,3.48,0.00,0.00,0.00,4826.0,95830.0,90526.0,8.0,4.5,0.5,10.0,116.493,0.050,0.0,3323348.5
2026-09-09T02:41:24,37.7,76007,1547350,1459873,4.9,0.00,0.39,0.00,1.58,0.00,0.00,0.00,4826.0,95830.0,90526.0,13.0,0.0,0.5,0.5,122.553,0.051,0.0,3319651.5
2026-09-09T02:41:26,37.7,76030,1547350,1459850,4.9,0.00,0.90,0.00,3.59,0.00,0.00,0.00,4826.0,95830.0,90526.0,20.0,0.0,0.5,0.0,122.666,0.061,0.0,3783214.0
2026-09-09T02:41:29,36.0,76062,1547350,1459818,4.9,0.00,0.41,0.00,1.63,0.00,0.00,0.00,4826.0,95830.0,90526.0,21.0,4.5,0.5,12.5,117.743,0.062,0.0,3731087.5
2026-09-09T02:41:32,30.2,76091,1547350,1459789,4.9,0.00,0.63,0.00,2.54,0.00,0.00,0.00,4828.0,95830.0,90524.0,25.0,4.5,0.5,11.0,120.375,0.058,0.0,3538231.0
2026-09-09T02:41:34,30.2,76116,1547350,1459764,4.9,0.00,3.38,0.00,15.47,0.00,0.14,0.00,4828.0,95830.0,90524.0,23.0,4.5,0.5,11.5,118.303,0.058,0.0,3881256.0
2026-09-09T02:41:36,30.3,76143,1547350,1459737,4.9,0.00,0.88,0.00,3.52,0.00,0.00,0.00,4828.0,95830.0,90524.0,16.0,0.0,0.5,0.0,116.457,0.051,0.0,3666307.0
2026-09-09T02:41:39,29.1,76185,1547350,1459695,4.9,0.00,3.33,0.00,22.96,0.00,0.00,0.00,4830.0,95830.0,90522.0,1.0,4.5,0.5,11.5,125.311,0.065,0.1,4032678.5
2026-09-09T02:41:42,29.9,76217,1547350,1459663,4.9,0.00,0.67,0.00,2.68,0.00,0.00,0.00,4830.0,95830.0,90522.0,21.0,0.0,0.5,1.0,117.778,0.054,0.0,3400736.5
2026-09-09T02:41:45,30.5,76239,1547350,1459641,4.9,0.00,1.32,0.00,5.29,0.00,0.33,0.00,4830.0,95830.0,90522.0,13.0,4.0,0.5,10.0,124.451,0.061,0.0,3921043.5
2026-09-09T02:41:48,30.4,76280,1547350,1459600,4.9,0.00,0.60,0.00,2.40,0.00,0.00,0.00,4832.0,95830.0,90520.0,22.0,4.0,0.5,11.0,120.444,0.064,0.0,3885602.0
2026-09-09T02:41:51,28.9,76321,1547350,1459559,4.9,0.00,0.33,0.00,1.32,0.00,0.00,0.00,4832.0,95830.0,90520.0,13.0,2.0,0.5,5.5,122.775,0.065,0.1,4126337.0
2026-09-09T02:41:54,30.3,76355,1547350,1459525,4.9,0.00,0.71,0.00,2.84,0.00,0.00,0.00,4832.0,95830.0,90520.0,2.0,0.0,0.5,0.0,105.013,0.045,0.0,3116241.0
2026-09-09T02:41:57,28.3,76626,1547350,1459254,5.0,0.00,0.31,0.00,1.25,0.00,0.00,0.00,4832.0,95830.0,90520.0,0.0,0.0,0.5,0.0,101.554,0.000,0.0,32788705.5
2026-09-09T02:42:08,23.5,77397,1547350,1458483,5.0,0.00,0.64,0.00,3.48,0.00,0.00,0.00,4832.0,95830.0,90520.0,0.0,0.0,0.5,0.0,101.285,0.000,0.0,619465.0
2026-09-09T02:42:10,26.5,78403,1547350,1457477,5.1,0.00,0.61,0.00,2.43,0.00,0.00,0.00,4832.0,95830.0,90520.0,0.0,0.0,0.5,0.0,101.352,0.000,0.0,737782.5
2026-09-09T02:42:10,27.3,80678,1547350,1455202,5.2,0.00,3.46,0.00,18.43,0.00,0.00,0.00,4832.0,95830.0,90520.0,0.0,0.0,0.5,0.0,101.216,0.000,0.0,696554.5
2026-09-09T02:44:03,17.2,79203,1547350,1456686,5.1,2.52,0.49,62.86,14.83,0.21,0.13,0.02,4832.0,95830.0,90520.0,0.0,0.0,0.5,0.0,99.609,0.000,0.0,0.0
2026-09-09T02:44:04,34.5,79205,1547350,1456684,5.1,0.00,1.17,0.00,4.68,0.00,0.00,0.00,4832.0,95830.0,90520.0,0.0,0.0,0.5,0.0,99.605,0.000,0.0,0.0
2026-09-09T02:44:05,34.6,79207,1547350,1456682,5.1,0.00,3.26,0.00,13.03,0.00,0.00,0.00,4832.0,95830.0,90520.0,0.0,0.0,0.5,0.0,99.658,0.000,0.0,0.0
2026-09-09T02:44:06,34.5,79207,1547350,1456682,5.1,0.00,0.95,0.00,3.81,0.00,0.00,0.00,4832.0,95830.0,90520.0,0.0,0.0,0.5,0.0,99.579,0.000,0.0,0.0
2026-09-09T02:44:07,34.6,79208,1547350,1456681,5.1,0.00,2.09,0.00,8.36,0.00,0.00,0.10,4832.0,95830.0,90520.0,0.0,0.0,0.5,0.0,99.662,0.000,0.0,603800.5
2026-09-09T02:44:08,34.6,79208,1547350,1456680,5.1,0.00,0.83,0.00,3.30,0.00,0.00,0.00,4832.0,95830.0,90520.0,0.0,0.0,0.5,0.0,99.568,0.000,0.0,669979.0
2026-09-09T02:44:09,33.6,79837,1547350,1456052,5.2,0.00,2.36,0.00,16.89,0.00,0.00,0.00,4832.0,95830.0,90520.0,0.0,0.0,0.5,0.0,99.537,0.000,0.0,688041.0
2026-09-09T02:44:11,33.8,80184,1547350,1455705,5.2,0.00,1.23,0.00,4.93,0.00,0.00,0.00,4832.0,95830.0,90520.0,0.0,0.0,0.5,0.0,99.467,0.000,0.0,688041.0
2026-09-09T02:44:11,33.7,80538,1547350,1455351,5.2,0.00,4.59,0.00,18.35,0.00,0.00,0.00,4832.0,95830.0,90520.0,0.0,0.0,0.5,0.0,99.523,0.000,0.0,737607.5
2026-09-09T02:44:13,33.8,81062,1547350,1454826,5.2,0.00,0.57,0.00,2.28,0.00,0.00,0.00,4832.0,95830.0,90520.0,0.0,0.0,0.5,0.0,99.558,0.000,0.0,669088.0
2026-09-09T02:44:52,15.8,93536,1547350,1442352,6.0,0.21,0.41,2.06,2.41,0.50,0.12,0.01,4832.0,95830.0,90520.0,0.0,0.0,0.5,0.0,99.157,0.000,0.0,0.0
2026-09-09T02:44:53,27.2,94465,1547350,1441424,6.1,0.00,0.81,0.00,3.24,0.00,0.00,0.00,4832.0,95830.0,90520.0,0.0,0.0,0.5,0.0,98.894,0.000,0.0,0.0
2026-09-09T02:45:16,21.4,95746,1547350,1440143,6.2,1.79,0.26,48.31,1.94,0.15,0.00,0.01,4832.0,95830.0,90520.0,0.0,0.0,0.5,0.0,98.937,0.000,0.0,0.0
2026-09-09T02:45:16,26.3,96003,1547350,1439885,6.2,0.00,4.91,0.00,19.66,0.00,0.00,0.00,4832.0,95830.0,90520.0,0.0,0.0,0.5,0.0,98.927,0.000,0.0,604163.5
2026-09-09T02:45:17,26.7,96164,1547350,1439725,6.2,0.00,1.30,0.00,5.19,0.00,0.00,0.00,4832.0,95830.0,90520.0,0.0,0.0,0.5,0.0,98.910,0.000,0.0,604163.5
2026-09-09T02:45:18,27.2,97073,1547350,1438816,6.3,0.00,1.68,0.00,6.71,0.00,0.00,0.00,4832.0,95830.0,90520.0,0.0,0.0,0.5,0.0,98.929,0.000,0.0,717120.5
2026-09-09T02:45:19,27.2,99503,1547350,1436386,6.4,0.00,1.15,0.00,4.62,0.00,0.50,0.00,4832.0,95830.0,90520.0,0.0,0.0,0.5,0.0,98.876,0.000,0.0,703387.5
2026-09-09T02:45:20,27.2,102361,1547350,1433528,6.6,0.00,2.20,0.00,13.20,0.00,0.00,0.00,4832.0,95830.0,90520.0,0.0,0.0,0.5,0.0,98.899,0.000,0.0,667617.0
2026-09-09T02:45:21,27.3,102472,1547350,1433416,6.6,0.00,1.00,0.00,3.98,0.00,0.00,0.00,4832.0,95830.0,90520.0,0.0,0.0,0.5,0.0,98.305,0.000,0.0,0.0
2026-09-09T02:48:17,17.3,102706,1547350,1433183,6.6,2.18,8.15,64.96,111.92,0.23,0.06,0.03,4832.0,95830.0,90520.0,0.0,0.0,0.5,0.0,98.287,0.000,0.0,0.0
2026-09-09T02:48:18,34.6,102841,1547350,1433048,6.6,0.00,1.89,0.00,7.58,0.00,0.00,0.00,4832.0,95830.0,90520.0,0.0,0.0,0.5,0.0,98.266,0.000,0.0,0.0
2026-09-09T02:48:18,33.1,103136,1547350,1432752,6.7,0.00,11.08,0.00,44.32,0.00,0.00,0.00,4832.0,95830.0,90520.0,0.0,0.0,0.5,0.0,98.193,0.000,0.0,603707.5
2026-09-09T02:48:29,34.4,103675,1547350,1432214,6.7,0.00,0.09,0.00,0.36,0.00,0.00,0.00,4832.0,95830.0,90520.0,0.0,0.0,0.5,0.0,98.257,0.000,0.0,655280.5
2026-09-09T02:48:31,27.8,103894,1547350,1431995,6.7,0.00,1.30,0.00,5.20,0.00,0.00,0.00,4832.0,95830.0,90520.0,0.0,0.0,0.5,0.0,98.285,0.000,0.0,701260.5
2026-09-09T02:48:32,27.2,103898,1547350,1431990,6.7,0.00,0.61,0.00,2.46,0.00,0.00,0.00,4832.0,95830.0,90520.0,0.0,0.0,0.5,0.0,98.272,0.000,0.0,701260.5
2026-09-09T02:48:33,27.3,103901,1547350,1431988,6.7,0.00,1.52,0.00,6.10,0.00,1.00,0.00,4832.0,95830.0,90520.0,0.0,0.0,0.5,0.0,98.279,0.000,0.0,613759.0
2026-09-09T02:48:48,21.4,102865,1547350,1433024,6.6,0.00,0.65,0.00,3.42,0.00,0.00,0.00,4832.0,95830.0,90520.0,0.0,0.0,0.5,0.0,98.282,0.000,0.0,689148.5
2026-09-09T02:48:51,26.2,102868,1547350,1433020,6.6,0.00,0.48,0.00,1.90,0.00,0.00,0.00,4832.0,95830.0,90520.0,0.0,0.0,0.5,0.0,98.288,0.000,0.0,642346.0
2026-09-09T02:48:53,26.2,102872,1547350,1433017,6.6,0.00,0.89,0.00,3.55,0.00,0.00,0.00,4832.0,95830.0,90520.0,0.0,0.0,0.5,0.0,98.258,0.000,0.0,660643.0
2026-09-09T02:48:56,26.1,102875,1547350,1433014,6.6,0.00,0.37,0.00,1.49,0.00,0.00,0.00,4832.0,95830.0,90520.0,0.0,0.0,0.5,0.0,98.328,0.000,0.0,634491.5
2026-09-09T02:48:58,26.4,102915,1547350,1432974,6.7,0.00,0.71,0.00,2.85,0.00,0.00,0.00,4832.0,95830.0,90520.0,0.0,0.0,0.5,0.0,98.305,0.000,0.0,709567.5
2026-09-09T02:48:59,26.3,103540,1547350,1432348,6.7,0.00,0.88,0.00,3.54,0.00,1.00,0.00,4832.0,95830.0,90520.0,0.0,0.0,0.5,0.0,98.285,0.000,0.0,674740.0
2026-09-09T02:49:01,27.3,103006,1547350,1432883,6.7,0.00,2.08,0.00,12.51,0.00,0.00,0.00,4832.0,95830.0,90520.0,0.0,0.0,0.5,0.0,98.340,0.000,0.0,685974.0
2026-09-09T02:49:03,27.6,102810,1547350,1433079,6.6,0.00,0.89,0.00,3.57,0.00,0.00,0.00,4832.0,95830.0,90520.0,0.0,0.0,0.5,0.0,98.369,0.000,0.0,654722.5
2026-09-09T02:49:05,34.5,101318,1547350,1434571,6.5,0.00,0.93,0.00,3.74,0.00,0.00,0.00,4832.0,95830.0,90520.0,0.0,0.0,0.5,0.0,98.315,0.000,0.0,699865.0
2026-09-09T02:49:06,34.5,100142,1547350,1436003,6.5,0.00,0.55,0.00,2.18,0.00,0.00,0.05,2654.0,95830.0,92698.0,0.0,0.0,0.5,0.0,98.278,0.000,0.0,715139.5
2026-09-09T02:49:08,34.5,96398,1547350,1439746,6.2,0.00,1.14,0.00,4.54,0.00,0.00,0.00,2654.0,95830.0,92698.0,0.0,0.0,0.5,0.0,98.341,0.000,0.0,678839.5
