timestamp,disk_r_s,disk_w_s,disk_rkB_s,disk_wkB_s,disk_r_await_ms,disk_w_await_ms,disk_util_pct,gpu_mem_used_mb,gpu_mem_total_mb,gpu_mem_free_mb,gpu_util_pct
2026-04-29T02:14:29,,,,,,,,895.0,8192.0,7165.0,3.0
2026-04-29T02:14:30,,,,,,,,895.0,8192.0,7165.0,0.0
2026-04-29T02:14:31,,,,,,,,895.0,8192.0,7165.0,1.0
2026-04-29T02:14:33,,,,,,,,899.0,8192.0,7161.0,0.0
2026-04-29T02:14:34,,,,,,,,899.0,8192.0,7161.0,0.0
2026-04-29T02:14:35,,,,,,,,899.0,8192.0,7161.0,1.0
2026-04-29T02:14:37,,,,,,,,899.0,8192.0,7161.0,1.0
2026-04-29T02:14:38,,,,,,,,899.0,8192.0,7161.0,0.0
2026-04-29T02:14:39,,,,,,,,899.0,8192.0,7161.0,0.0
2026-04-29T02:14:41,,,,,,,,899.0,8192.0,7161.0,0.0
2026-04-29T02:14:42,,,,,,,,899.0,8192.0,7161.0,1.0
2026-04-29T02:14:43,,,,,,,,899.0,8192.0,7161.0,1.0
2026-04-29T02:14:44,,,,,,,,899.0,8192.0,7161.0,0.0
2026-04-29T02:14:46,,,,,,,,899.0,8192.0,7161.0,0.0
2026-04-29T02:14:47,,,,,,,,899.0,8192.0,7161.0,1.0
2026-04-29T02:14:48,,,,,,,,899.0,8192.0,7161.0,1.0
2026-04-29T02:14:49,,,,,,,,899.0,8192.0,7161.0,0.0
2026-04-29T02:14:51,,,,,,,,899.0,8192.0,7161.0,0.0
2026-04-29T02:14:52,,,,,,,,899.0,8192.0,7161.0,0.0
2026-04-29T02:14:53,,,,,,,,896.0,8192.0,7164.0,8.0
2026-04-29T02:14:55,,,,,,,,907.0,8192.0,7153.0,1.0
2026-04-29T02:14:56,,,,,,,,907.0,8192.0,7153.0,0.0
2026-04-29T02:14:57,,,,,,,,907.0,8192.0,7153.0,1.0
2026-04-29T02:14:59,,,,,,,,907.0,8192.0,7153.0,0.0
2026-04-29T02:15:00,,,,,,,,900.0,8192.0,7160.0,3.0
2026-04-29T02:15:01,,,,,,,,901.0,8192.0,7159.0,0.0
2026-04-29T02:15:02,,,,,,,,901.0,8192.0,7159.0,1.0
2026-04-29T02:15:04,,,,,,,,901.0,8192.0,7159.0,0.0
2026-04-29T02:15:05,,,,,,,,901.0,8192.0,7159.0,0.0
2026-04-29T02:15:06,,,,,,,,892.0,8192.0,7168.0,1.0
2026-04-29T02:15:08,,,,,,,,897.0,8192.0,7163.0,1.0
2026-04-29T02:15:09,,,,,,,,897.0,8192.0,7163.0,0.0
2026-04-29T02:15:10,,,,,,,,897.0,8192.0,7163.0,0.0
2026-04-29T02:15:12,,,,,,,,897.0,8192.0,7163.0,0.0
2026-04-29T02:15:13,,,,,,,,893.0,8192.0,7167.0,0.0
2026-04-29T02:15:14,,,,,,,,894.0,8192.0,7166.0,0.0
2026-04-29T02:15:15,,,,,,,,893.0,8192.0,7167.0,0.0
2026-04-29T02:15:17,,,,,,,,893.0,8192.0,7167.0,1.0
2026-04-29T02:15:18,,,,,,,,894.0,8192.0,7166.0,1.0
2026-04-29T02:15:19,,,,,,,,894.0,8192.0,7166.0,0.0
2026-04-29T02:15:21,,,,,,,,895.0,8192.0,7165.0,0.0
2026-04-29T02:15:22,,,,,,,,894.0,8192.0,7166.0,0.0
2026-04-29T02:15:23,,,,,,,,894.0,8192.0,7166.0,1.0
2026-04-29T02:15:24,,,,,,,,901.0,8192.0,7159.0,1.0
2026-04-29T02:15:26,,,,,,,,901.0,8192.0,7159.0,0.0
2026-04-29T02:15:27,,,,,,,,901.0,8192.0,7159.0,5.0
2026-04-29T02:15:29,,,,,,,,901.0,8192.0,7159.0,4.0
2026-04-29T02:15:30,,,,,,,,902.0,8192.0,7158.0,0.0
2026-04-29T02:15:31,,,,,,,,902.0,8192.0,7158.0,4.0
2026-04-29T02:15:33,,,,,,,,893.0,8192.0,7167.0,0.0
2026-04-29T02:15:34,,,,,,,,893.0,8192.0,7167.0,0.0
2026-04-29T02:15:36,,,,,,,,893.0,8192.0,7167.0,3.0
2026-04-29T02:15:37,,,,,,,,893.0,8192.0,7167.0,1.0
2026-04-29T02:15:39,,,,,,,,893.0,8192.0,7167.0,1.0
2026-04-29T02:15:40,,,,,,,,893.0,8192.0,7167.0,0.0
2026-04-29T02:15:42,,,,,,,,892.0,8192.0,7168.0,4.0
2026-04-29T02:15:43,,,,,,,,892.0,8192.0,7168.0,1.0
2026-04-29T02:15:44,,,,,,,,892.0,8192.0,7168.0,0.0
2026-04-29T02:15:46,,,,,,,,892.0,8192.0,7168.0,0.0
2026-04-29T02:15:47,,,,,,,,892.0,8192.0,7168.0,3.0
2026-04-29T02:15:49,,,,,,,,892.0,8192.0,7168.0,0.0
2026-04-29T02:15:50,,,,,,,,892.0,8192.0,7168.0,0.0
2026-04-29T02:15:52,,,,,,,,892.0,8192.0,7168.0,0.0
2026-04-29T02:15:53,,,,,,,,892.0,8192.0,7168.0,4.0
2026-04-29T02:15:55,,,,,,,,892.0,8192.0,7168.0,0.0
2026-04-29T02:15:56,,,,,,,,892.0,8192.0,7168.0,0.0
2026-04-29T02:15:58,,,,,,,,892.0,8192.0,7168.0,0.0
2026-04-29T02:15:59,,,,,,,,892.0,8192.0,7168.0,5.0
2026-04-29T02:16:01,,,,,,,,892.0,8192.0,7168.0,0.0
2026-04-29T02:16:02,,,,,,,,892.0,8192.0,7168.0,0.0
2026-04-29T02:16:04,,,,,,,,892.0,8192.0,7168.0,10.0
2026-04-29T02:16:05,,,,,,,,892.0,8192.0,7168.0,1.0
2026-04-29T02:16:07,,,,,,,,892.0,8192.0,7168.0,0.0
2026-04-29T02:16:08,,,,,,,,892.0,8192.0,7168.0,0.0
2026-04-29T02:16:10,,,,,,,,892.0,8192.0,7168.0,7.0
2026-04-29T02:16:11,,,,,,,,892.0,8192.0,7168.0,0.0
2026-04-29T02:16:13,,,,,,,,892.0,8192.0,7168.0,0.0
2026-04-29T02:16:14,,,,,,,,892.0,8192.0,7168.0,6.0
2026-04-29T02:16:16,,,,,,,,892.0,8192.0,7168.0,1.0
2026-04-29T02:16:17,,,,,,,,892.0,8192.0,7168.0,0.0
2026-04-29T02:16:19,,,,,,,,892.0,8192.0,7168.0,6.0
2026-04-29T02:16:20,,,,,,,,892.0,8192.0,7168.0,0.0
2026-04-29T02:16:22,,,,,,,,892.0,8192.0,7168.0,1.0
2026-04-29T02:16:23,,,,,,,,892.0,8192.0,7168.0,0.0
2026-04-29T02:16:25,,,,,,,,892.0,8192.0,7168.0,1.0
2026-04-29T02:16:26,,,,,,,,892.0,8192.0,7168.0,6.0
2026-04-29T02:16:28,,,,,,,,892.0,8192.0,7168.0,0.0
2026-04-29T02:16:29,,,,,,,,897.0,8192.0,7163.0,6.0
2026-04-29T02:16:31,,,,,,,,898.0,8192.0,7162.0,7.0
2026-04-29T02:16:32,,,,,,,,896.0,8192.0,7164.0,6.0
2026-04-29T02:16:33,,,,,,,,896.0,8192.0,7164.0,5.0
2026-04-29T02:16:35,,,,,,,,893.0,8192.0,7167.0,5.0
2026-04-29T02:16:36,,,,,,,,889.0,8192.0,7171.0,5.0
2026-04-29T02:16:38,,,,,,,,880.0,8192.0,7180.0,5.0
2026-04-29T02:16:39,,,,,,,,880.0,8192.0,7180.0,6.0
2026-04-29T02:16:41,,,,,,,,889.0,8192.0,7171.0,7.0
2026-04-29T02:16:42,,,,,,,,889.0,8192.0,7171.0,5.0
2026-04-29T02:16:44,,,,,,,,889.0,8192.0,7171.0,5.0
2026-04-29T02:16:45,,,,,,,,880.0,8192.0,7180.0,5.0
2026-04-29T02:16:47,,,,,,,,889.0,8192.0,7171.0,6.0
2026-04-29T02:16:48,,,,,,,,889.0,8192.0,7171.0,5.0
2026-04-29T02:16:50,,,,,,,,889.0,8192.0,7171.0,5.0
2026-04-29T02:16:51,,,,,,,,889.0,8192.0,7171.0,7.0
2026-04-29T02:16:53,,,,,,,,889.0,8192.0,7171.0,5.0
2026-04-29T02:16:54,,,,,,,,889.0,8192.0,7171.0,5.0
2026-04-29T02:16:56,,,,,,,,880.0,8192.0,7180.0,5.0
2026-04-29T02:16:57,,,,,,,,889.0,8192.0,7171.0,5.0
2026-04-29T02:16:59,,,,,,,,889.0,8192.0,7171.0,6.0
2026-04-29T02:17:00,,,,,,,,889.0,8192.0,7171.0,7.0
2026-04-29T02:17:02,,,,,,,,889.0,8192.0,7171.0,5.0
2026-04-29T02:17:03,,,,,,,,889.0,8192.0,7171.0,5.0
2026-04-29T02:17:05,,,,,,,,889.0,8192.0,7171.0,6.0
2026-04-29T02:17:06,,,,,,,,889.0,8192.0,7171.0,7.0
2026-04-29T02:17:08,,,,,,,,889.0,8192.0,7171.0,7.0
2026-04-29T02:17:09,,,,,,,,889.0,8192.0,7171.0,6.0
2026-04-29T02:17:10,,,,,,,,880.0,8192.0,7180.0,5.0
2026-04-29T02:17:12,,,,,,,,889.0,8192.0,7171.0,6.0
2026-04-29T02:17:13,,,,,,,,889.0,8192.0,7171.0,5.0
2026-04-29T02:17:15,,,,,,,,889.0,8192.0,7171.0,5.0
2026-04-29T02:17:16,,,,,,,,889.0,8192.0,7171.0,6.0
2026-04-29T02:17:18,,,,,,,,889.0,8192.0,7171.0,5.0
2026-04-29T02:17:19,,,,,,,,889.0,8192.0,7171.0,6.0
2026-04-29T02:17:21,,,,,,,,880.0,8192.0,7180.0,5.0
2026-04-29T02:17:22,,,,,,,,889.0,8192.0,7171.0,7.0
2026-04-29T02:17:24,,,,,,,,889.0,8192.0,7171.0,5.0
2026-04-29T02:17:25,,,,,,,,889.0,8192.0,7171.0,6.0
2026-04-29T02:17:26,,,,,,,,889.0,8192.0,7171.0,5.0
2026-04-29T02:17:28,,,,,,,,889.0,8192.0,7171.0,5.0
2026-04-29T02:17:29,,,,,,,,889.0,8192.0,7171.0,6.0
2026-04-29T02:17:31,,,,,,,,889.0,8192.0,7171.0,5.0
2026-04-29T02:17:32,,,,,,,,889.0,8192.0,7171.0,5.0
2026-04-29T02:17:34,,,,,,,,889.0,8192.0,7171.0,5.0
2026-04-29T02:17:35,,,,,,,,889.0,8192.0,7171.0,6.0
2026-04-29T02:17:37,,,,,,,,880.0,8192.0,7180.0,6.0
2026-04-29T02:17:38,,,,,,,,889.0,8192.0,7171.0,5.0
2026-04-29T02:17:40,,,,,,,,880.0,8192.0,7180.0,6.0
2026-04-29T02:17:41,,,,,,,,880.0,8192.0,7180.0,6.0
2026-04-29T02:17:43,,,,,,,,889.0,8192.0,7171.0,5.0
2026-04-29T02:17:44,,,,,,,,889.0,8192.0,7171.0,6.0
2026-04-29T02:17:46,,,,,,,,889.0,8192.0,7171.0,5.0
2026-04-29T02:17:47,,,,,,,,880.0,8192.0,7180.0,6.0
2026-04-29T02:17:49,,,,,,,,889.0,8192.0,7171.0,5.0
2026-04-29T02:17:50,,,,,,,,880.0,8192.0,7180.0,5.0
2026-04-29T02:17:51,,,,,,,,880.0,8192.0,7180.0,6.0
2026-04-29T02:17:53,,,,,,,,889.0,8192.0,7171.0,5.0
2026-04-29T02:17:54,,,,,,,,889.0,8192.0,7171.0,5.0
2026-04-29T02:17:56,,,,,,,,889.0,8192.0,7171.0,5.0
2026-04-29T02:17:57,,,,,,,,880.0,8192.0,7180.0,5.0
2026-04-29T02:17:59,,,,,,,,889.0,8192.0,7171.0,5.0
2026-04-29T02:18:00,,,,,,,,889.0,8192.0,7171.0,5.0
2026-04-29T02:18:02,,,,,,,,889.0,8192.0,7171.0,5.0
2026-04-29T02:18:03,,,,,,,,889.0,8192.0,7171.0,7.0
2026-04-29T02:18:04,,,,,,,,889.0,8192.0,7171.0,7.0
2026-04-29T02:18:06,,,,,,,,889.0,8192.0,7171.0,6.0
2026-04-29T02:18:07,,,,,,,,889.0,8192.0,7171.0,8.0
2026-04-29T02:18:09,,,,,,,,889.0,8192.0,7171.0,5.0
2026-04-29T02:18:10,,,,,,,,889.0,8192.0,7171.0,5.0
2026-04-29T02:18:12,,,,,,,,889.0,8192.0,7171.0,5.0
2026-04-29T02:18:13,,,,,,,,889.0,8192.0,7171.0,5.0
2026-04-29T02:18:15,,,,,,,,889.0,8192.0,7171.0,7.0
2026-04-29T02:18:16,,,,,,,,889.0,8192.0,7171.0,5.0
2026-04-29T02:18:17,,,,,,,,880.0,8192.0,7180.0,8.0
2026-04-29T02:18:19,,,,,,,,889.0,8192.0,7171.0,5.0
2026-04-29T02:18:20,,,,,,,,889.0,8192.0,7171.0,5.0
2026-04-29T02:18:22,,,,,,,,889.0,8192.0,7171.0,5.0
2026-04-29T02:18:23,,,,,,,,889.0,8192.0,7171.0,5.0
2026-04-29T02:18:25,,,,,,,,889.0,8192.0,7171.0,6.0
2026-04-29T02:18:26,,,,,,,,889.0,8192.0,7171.0,5.0
2026-04-29T02:18:28,,,,,,,,880.0,8192.0,7180.0,6.0
2026-04-29T02:18:29,,,,,,,,889.0,8192.0,7171.0,5.0
2026-04-29T02:18:31,,,,,,,,889.0,8192.0,7171.0,7.0
2026-04-29T02:18:32,,,,,,,,889.0,8192.0,7171.0,5.0
2026-04-29T02:18:34,,,,,,,,889.0,8192.0,7171.0,9.0
2026-04-29T02:18:35,,,,,,,,889.0,8192.0,7171.0,5.0
2026-04-29T02:18:37,,,,,,,,889.0,8192.0,7171.0,6.0
2026-04-29T02:18:38,,,,,,,,889.0,8192.0,7171.0,5.0
2026-04-29T02:18:40,,,,,,,,889.0,8192.0,7171.0,6.0
2026-04-29T02:18:41,,,,,,,,889.0,8192.0,7171.0,6.0
2026-04-29T02:18:43,,,,,,,,880.0,8192.0,7180.0,6.0
2026-04-29T02:18:44,,,,,,,,889.0,8192.0,7171.0,6.0
2026-04-29T02:18:46,,,,,,,,889.0,8192.0,7171.0,7.0
2026-04-29T02:18:47,,,,,,,,889.0,8192.0,7171.0,5.0
2026-04-29T02:18:49,,,,,,,,889.0,8192.0,7171.0,5.0
2026-04-29T02:18:50,,,,,,,,889.0,8192.0,7171.0,5.0
2026-04-29T02:18:52,,,,,,,,889.0,8192.0,7171.0,5.0
2026-04-29T02:18:53,,,,,,,,889.0,8192.0,7171.0,7.0
2026-04-29T02:18:55,,,,,,,,889.0,8192.0,7171.0,5.0
2026-04-29T02:18:56,,,,,,,,889.0,8192.0,7171.0,8.0
2026-04-29T02:18:58,,,,,,,,889.0,8192.0,7171.0,5.0
2026-04-29T02:18:59,,,,,,,,880.0,8192.0,7180.0,7.0
2026-04-29T02:19:01,,,,,,,,889.0,8192.0,7171.0,5.0
2026-04-29T02:19:02,,,,,,,,889.0,8192.0,7171.0,6.0
2026-04-29T02:19:03,,,,,,,,889.0,8192.0,7171.0,5.0
2026-04-29T02:19:05,,,,,,,,889.0,8192.0,7171.0,6.0
2026-04-29T02:19:06,,,,,,,,889.0,8192.0,7171.0,5.0
2026-04-29T02:19:08,,,,,,,,889.0,8192.0,7171.0,5.0
2026-04-29T02:19:09,,,,,,,,880.0,8192.0,7180.0,5.0
2026-04-29T02:19:11,,,,,,,,889.0,8192.0,7171.0,5.0
2026-04-29T02:19:12,,,,,,,,889.0,8192.0,7171.0,5.0
2026-04-29T02:19:14,,,,,,,,889.0,8192.0,7171.0,5.0
2026-04-29T02:19:15,,,,,,,,889.0,8192.0,7171.0,6.0
2026-04-29T02:19:17,,,,,,,,889.0,8192.0,7171.0,5.0
2026-04-29T02:19:18,,,,,,,,889.0,8192.0,7171.0,8.0
2026-04-29T02:19:19,,,,,,,,889.0,8192.0,7171.0,5.0
2026-04-29T02:19:21,,,,,,,,889.0,8192.0,7171.0,5.0
2026-04-29T02:19:22,,,,,,,,880.0,8192.0,7180.0,5.0
2026-04-29T02:19:24,,,,,,,,880.0,8192.0,7180.0,5.0
2026-04-29T02:19:25,,,,,,,,889.0,8192.0,7171.0,6.0
2026-04-29T02:19:27,,,,,,,,889.0,8192.0,7171.0,6.0
2026-04-29T02:19:28,,,,,,,,889.0,8192.0,7171.0,7.0
2026-04-29T02:19:30,,,,,,,,889.0,8192.0,7171.0,5.0
2026-04-29T02:19:31,,,,,,,,889.0,8192.0,7171.0,5.0
2026-04-29T02:19:32,,,,,,,,880.0,8192.0,7180.0,8.0
2026-04-29T02:19:34,,,,,,,,880.0,8192.0,7180.0,6.0
2026-04-29T02:19:35,,,,,,,,889.0,8192.0,7171.0,7.0
2026-04-29T02:19:37,,,,,,,,889.0,8192.0,7171.0,5.0
2026-04-29T02:19:38,,,,,,,,889.0,8192.0,7171.0,6.0
2026-04-29T02:19:40,,,,,,,,880.0,8192.0,7180.0,8.0
2026-04-29T02:19:41,,,,,,,,889.0,8192.0,7171.0,6.0
2026-04-29T02:19:43,,,,,,,,889.0,8192.0,7171.0,5.0
2026-04-29T02:19:44,,,,,,,,889.0,8192.0,7171.0,7.0
2026-04-29T02:19:46,,,,,,,,889.0,8192.0,7171.0,6.0
2026-04-29T02:19:47,,,,,,,,889.0,8192.0,7171.0,5.0
2026-04-29T02:19:48,,,,,,,,889.0,8192.0,7171.0,6.0
2026-04-29T02:19:50,,,,,,,,889.0,8192.0,7171.0,5.0
2026-04-29T02:19:51,,,,,,,,889.0,8192.0,7171.0,5.0
2026-04-29T02:19:53,,,,,,,,889.0,8192.0,7171.0,5.0
2026-04-29T02:19:54,,,,,,,,889.0,8192.0,7171.0,6.0
2026-04-29T02:19:56,,,,,,,,889.0,8192.0,7171.0,5.0
2026-04-29T02:19:57,,,,,,,,889.0,8192.0,7171.0,6.0
2026-04-29T02:19:59,,,,,,,,889.0,8192.0,7171.0,5.0
2026-04-29T02:20:00,,,,,,,,889.0,8192.0,7171.0,6.0
2026-04-29T02:20:02,,,,,,,,889.0,8192.0,7171.0,5.0
2026-04-29T02:20:03,,,,,,,,889.0,8192.0,7171.0,5.0
2026-04-29T02:20:04,,,,,,,,889.0,8192.0,7171.0,5.0
2026-04-29T02:20:06,,,,,,,,880.0,8192.0,7180.0,5.0
2026-04-29T02:20:07,,,,,,,,889.0,8192.0,7171.0,6.0
2026-04-29T02:20:09,,,,,,,,889.0,8192.0,7171.0,5.0
2026-04-29T02:20:10,,,,,,,,889.0,8192.0,7171.0,5.0
2026-04-29T02:20:12,,,,,,,,889.0,8192.0,7171.0,8.0
2026-04-29T02:20:13,,,,,,,,889.0,8192.0,7171.0,5.0
2026-04-29T02:20:15,,,,,,,,889.0,8192.0,7171.0,5.0
2026-04-29T02:20:16,,,,,,,,889.0,8192.0,7171.0,5.0
2026-04-29T02:20:18,,,,,,,,889.0,8192.0,7171.0,5.0
2026-04-29T02:20:19,,,,,,,,880.0,8192.0,7180.0,5.0
2026-04-29T02:20:20,,,,,,,,880.0,8192.0,7180.0,5.0
2026-04-29T02:20:22,,,,,,,,889.0,8192.0,7171.0,7.0
2026-04-29T02:20:23,,,,,,,,889.0,8192.0,7171.0,6.0
2026-04-29T02:20:25,,,,,,,,889.0,8192.0,7171.0,5.0
2026-04-29T02:20:26,,,,,,,,880.0,8192.0,7180.0,7.0
2026-04-29T02:20:28,,,,,,,,889.0,8192.0,7171.0,5.0
2026-04-29T02:20:29,,,,,,,,889.0,8192.0,7171.0,5.0
2026-04-29T02:20:31,,,,,,,,889.0,8192.0,7171.0,5.0
2026-04-29T02:20:32,,,,,,,,889.0,8192.0,7171.0,7.0
2026-04-29T02:20:34,,,,,,,,889.0,8192.0,7171.0,6.0
2026-04-29T02:20:35,,,,,,,,889.0,8192.0,7171.0,5.0
2026-04-29T02:20:37,,,,,,,,880.0,8192.0,7180.0,5.0
2026-04-29T02:20:38,,,,,,,,889.0,8192.0,7171.0,5.0
2026-04-29T02:20:40,,,,,,,,889.0,8192.0,7171.0,5.0
2026-04-29T02:20:41,,,,,,,,889.0,8192.0,7171.0,6.0
2026-04-29T02:20:42,,,,,,,,889.0,8192.0,7171.0,5.0
2026-04-29T02:20:44,,,,,,,,889.0,8192.0,7171.0,5.0
2026-04-29T02:20:45,,,,,,,,889.0,8192.0,7171.0,6.0
2026-04-29T02:20:47,,,,,,,,889.0,8192.0,7171.0,5.0
2026-04-29T02:20:48,,,,,,,,889.0,8192.0,7171.0,5.0
2026-04-29T02:20:50,,,,,,,,880.0,8192.0,7180.0,5.0
2026-04-29T02:20:51,,,,,,,,880.0,8192.0,7180.0,5.0
2026-04-29T02:20:53,,,,,,,,889.0,8192.0,7171.0,6.0
2026-04-29T02:20:54,,,,,,,,889.0,8192.0,7171.0,5.0
2026-04-29T02:20:56,,,,,,,,889.0,8192.0,7171.0,7.0
2026-04-29T02:20:57,,,,,,,,880.0,8192.0,7180.0,6.0
2026-04-29T02:20:59,,,,,,,,889.0,8192.0,7171.0,7.0
2026-04-29T02:21:00,,,,,,,,889.0,8192.0,7171.0,5.0
2026-04-29T02:21:02,,,,,,,,889.0,8192.0,7171.0,5.0
2026-04-29T02:21:03,,,,,,,,889.0,8192.0,7171.0,6.0
2026-04-29T02:21:04,,,,,,,,889.0,8192.0,7171.0,6.0
2026-04-29T02:21:06,,,,,,,,889.0,8192.0,7171.0,5.0
2026-04-29T02:21:07,,,,,,,,880.0,8192.0,7180.0,5.0
2026-04-29T02:21:09,,,,,,,,889.0,8192.0,7171.0,5.0
2026-04-29T02:21:10,,,,,,,,889.0,8192.0,7171.0,5.0
2026-04-29T02:21:12,,,,,,,,889.0,8192.0,7171.0,5.0
2026-04-29T02:21:13,,,,,,,,889.0,8192.0,7171.0,7.0
2026-04-29T02:21:15,,,,,,,,889.0,8192.0,7171.0,5.0
2026-04-29T02:21:16,,,,,,,,889.0,8192.0,7171.0,5.0
2026-04-29T02:21:17,,,,,,,,880.0,8192.0,7180.0,5.0
2026-04-29T02:21:19,,,,,,,,889.0,8192.0,7171.0,9.0
2026-04-29T02:21:20,,,,,,,,889.0,8192.0,7171.0,5.0
2026-04-29T02:21:22,,,,,,,,889.0,8192.0,7171.0,6.0
2026-04-29T02:21:23,,,,,,,,889.0,8192.0,7171.0,5.0
2026-04-29T02:21:25,,,,,,,,889.0,8192.0,7171.0,5.0
2026-04-29T02:21:26,,,,,,,,889.0,8192.0,7171.0,5.0
2026-04-29T02:21:28,,,,,,,,889.0,8192.0,7171.0,7.0
2026-04-29T02:21:29,,,,,,,,889.0,8192.0,7171.0,5.0
2026-04-29T02:21:31,,,,,,,,889.0,8192.0,7171.0,6.0
2026-04-29T02:21:32,,,,,,,,889.0,8192.0,7171.0,5.0
2026-04-29T02:21:34,,,,,,,,889.0,8192.0,7171.0,5.0
2026-04-29T02:21:35,,,,,,,,889.0,8192.0,7171.0,5.0
2026-04-29T02:21:37,,,,,,,,889.0,8192.0,7171.0,5.0
2026-04-29T02:21:38,,,,,,,,880.0,8192.0,7180.0,5.0
2026-04-29T02:21:40,,,,,,,,889.0,8192.0,7171.0,5.0
2026-04-29T02:21:41,,,,,,,,889.0,8192.0,7171.0,6.0
2026-04-29T02:21:43,,,,,,,,889.0,8192.0,7171.0,5.0
2026-04-29T02:21:44,,,,,,,,889.0,8192.0,7171.0,7.0
2026-04-29T02:21:46,,,,,,,,889.0,8192.0,7171.0,5.0
2026-04-29T02:21:47,,,,,,,,889.0,8192.0,7171.0,6.0
2026-04-29T02:21:48,,,,,,,,880.0,8192.0,7180.0,6.0
2026-04-29T02:21:50,,,,,,,,889.0,8192.0,7171.0,5.0
2026-04-29T02:21:51,,,,,,,,889.0,8192.0,7171.0,5.0
2026-04-29T02:21:53,,,,,,,,889.0,8192.0,7171.0,6.0
2026-04-29T02:21:54,,,,,,,,889.0,8192.0,7171.0,5.0
2026-04-29T02:21:56,,,,,,,,889.0,8192.0,7171.0,5.0
2026-04-29T02:21:57,,,,,,,,889.0,8192.0,7171.0,5.0
2026-04-29T02:21:59,,,,,,,,880.0,8192.0,7180.0,6.0
2026-04-29T02:22:00,,,,,,,,889.0,8192.0,7171.0,6.0
2026-04-29T02:22:01,,,,,,,,889.0,8192.0,7171.0,6.0
2026-04-29T02:22:03,,,,,,,,889.0,8192.0,7171.0,6.0
2026-04-29T02:22:04,,,,,,,,890.0,8192.0,7170.0,16.0
2026-04-29T02:22:06,,,,,,,,890.0,8192.0,7170.0,5.0
2026-04-29T02:22:07,,,,,,,,890.0,8192.0,7170.0,7.0
2026-04-29T02:22:09,,,,,,,,880.0,8192.0,7180.0,5.0
2026-04-29T02:22:10,,,,,,,,865.0,8192.0,7195.0,6.0
2026-04-29T02:22:12,,,,,,,,865.0,8192.0,7195.0,8.0
2026-04-29T02:22:13,,,,,,,,865.0,8192.0,7195.0,5.0
2026-04-29T02:22:15,,,,,,,,865.0,8192.0,7195.0,6.0
2026-04-29T02:22:16,,,,,,,,865.0,8192.0,7195.0,7.0
2026-04-29T02:22:18,,,,,,,,865.0,8192.0,7195.0,7.0
2026-04-29T02:22:19,,,,,,,,865.0,8192.0,7195.0,6.0
2026-04-29T02:22:21,,,,,,,,865.0,8192.0,7195.0,6.0
2026-04-29T02:22:22,,,,,,,,865.0,8192.0,7195.0,7.0
2026-04-29T02:22:23,,,,,,,,865.0,8192.0,7195.0,5.0
2026-04-29T02:22:25,,,,,,,,865.0,8192.0,7195.0,6.0
2026-04-29T02:22:26,,,,,,,,865.0,8192.0,7195.0,7.0
2026-04-29T02:22:28,,,,,,,,865.0,8192.0,7195.0,6.0
2026-04-29T02:22:29,,,,,,,,865.0,8192.0,7195.0,9.0
2026-04-29T02:22:31,,,,,,,,865.0,8192.0,7195.0,6.0
2026-04-29T02:22:32,,,,,,,,865.0,8192.0,7195.0,6.0
2026-04-29T02:22:34,,,,,,,,865.0,8192.0,7195.0,7.0
2026-04-29T02:22:35,,,,,,,,865.0,8192.0,7195.0,5.0
2026-04-29T02:22:37,,,,,,,,865.0,8192.0,7195.0,9.0
2026-04-29T02:22:38,,,,,,,,865.0,8192.0,7195.0,5.0
2026-04-29T02:22:40,,,,,,,,865.0,8192.0,7195.0,5.0
2026-04-29T02:22:41,,,,,,,,865.0,8192.0,7195.0,5.0
2026-04-29T02:22:42,,,,,,,,865.0,8192.0,7195.0,5.0
2026-04-29T02:22:44,,,,,,,,865.0,8192.0,7195.0,5.0
2026-04-29T02:22:45,,,,,,,,865.0,8192.0,7195.0,9.0
2026-04-29T02:22:47,,,,,,,,865.0,8192.0,7195.0,6.0
2026-04-29T02:22:48,,,,,,,,865.0,8192.0,7195.0,5.0
2026-04-29T02:22:50,,,,,,,,865.0,8192.0,7195.0,5.0
2026-04-29T02:22:51,,,,,,,,865.0,8192.0,7195.0,6.0
2026-04-29T02:22:53,,,,,,,,865.0,8192.0,7195.0,7.0
2026-04-29T02:22:54,,,,,,,,865.0,8192.0,7195.0,5.0
2026-04-29T02:22:56,,,,,,,,865.0,8192.0,7195.0,6.0
2026-04-29T02:22:57,,,,,,,,865.0,8192.0,7195.0,5.0
2026-04-29T02:22:58,,,,,,,,865.0,8192.0,7195.0,7.0
2026-04-29T02:23:00,,,,,,,,865.0,8192.0,7195.0,5.0
2026-04-29T02:23:01,,,,,,,,865.0,8192.0,7195.0,5.0
2026-04-29T02:23:03,,,,,,,,865.0,8192.0,7195.0,7.0
2026-04-29T02:23:04,,,,,,,,865.0,8192.0,7195.0,5.0
2026-04-29T02:23:06,,,,,,,,865.0,8192.0,7195.0,6.0
2026-04-29T02:23:07,,,,,,,,865.0,8192.0,7195.0,7.0
2026-04-29T02:23:09,,,,,,,,865.0,8192.0,7195.0,6.0
2026-04-29T02:23:10,,,,,,,,865.0,8192.0,7195.0,5.0
2026-04-29T02:23:11,,,,,,,,865.0,8192.0,7195.0,7.0
2026-04-29T02:23:13,,,,,,,,865.0,8192.0,7195.0,6.0
2026-04-29T02:23:14,,,,,,,,865.0,8192.0,7195.0,6.0
2026-04-29T02:23:16,,,,,,,,865.0,8192.0,7195.0,9.0
2026-04-29T02:23:17,,,,,,,,865.0,8192.0,7195.0,5.0
2026-04-29T02:23:19,,,,,,,,865.0,8192.0,7195.0,6.0
2026-04-29T02:23:20,,,,,,,,865.0,8192.0,7195.0,7.0
2026-04-29T02:23:22,,,,,,,,865.0,8192.0,7195.0,6.0
2026-04-29T02:23:23,,,,,,,,865.0,8192.0,7195.0,5.0
2026-04-29T02:23:25,,,,,,,,865.0,8192.0,7195.0,9.0
2026-04-29T02:23:26,,,,,,,,865.0,8192.0,7195.0,5.0
2026-04-29T02:23:27,,,,,,,,865.0,8192.0,7195.0,8.0
2026-04-29T02:23:29,,,,,,,,865.0,8192.0,7195.0,6.0
2026-04-29T02:23:30,,,,,,,,865.0,8192.0,7195.0,5.0
2026-04-29T02:23:32,,,,,,,,865.0,8192.0,7195.0,7.0
2026-04-29T02:23:33,,,,,,,,865.0,8192.0,7195.0,6.0
2026-04-29T02:23:35,,,,,,,,865.0,8192.0,7195.0,5.0
2026-04-29T02:23:36,,,,,,,,865.0,8192.0,7195.0,8.0
2026-04-29T02:23:38,,,,,,,,865.0,8192.0,7195.0,6.0
2026-04-29T02:23:39,,,,,,,,865.0,8192.0,7195.0,5.0
2026-04-29T02:23:41,,,,,,,,865.0,8192.0,7195.0,8.0
2026-04-29T02:23:42,,,,,,,,865.0,8192.0,7195.0,9.0
2026-04-29T02:23:44,,,,,,,,865.0,8192.0,7195.0,7.0
2026-04-29T02:23:45,,,,,,,,865.0,8192.0,7195.0,7.0
2026-04-29T02:23:47,,,,,,,,865.0,8192.0,7195.0,5.0
2026-04-29T02:23:48,,,,,,,,865.0,8192.0,7195.0,8.0
2026-04-29T02:23:49,,,,,,,,865.0,8192.0,7195.0,5.0
2026-04-29T02:23:51,,,,,,,,865.0,8192.0,7195.0,6.0
2026-04-29T02:23:52,,,,,,,,865.0,8192.0,7195.0,7.0
2026-04-29T02:23:54,,,,,,,,865.0,8192.0,7195.0,7.0
2026-04-29T02:23:55,,,,,,,,865.0,8192.0,7195.0,5.0
2026-04-29T02:23:57,,,,,,,,865.0,8192.0,7195.0,6.0
2026-04-29T02:23:58,,,,,,,,865.0,8192.0,7195.0,5.0
2026-04-29T02:24:00,,,,,,,,865.0,8192.0,7195.0,5.0
2026-04-29T02:24:01,,,,,,,,865.0,8192.0,7195.0,5.0
2026-04-29T02:24:03,,,,,,,,865.0,8192.0,7195.0,5.0
2026-04-29T02:24:04,,,,,,,,865.0,8192.0,7195.0,5.0
2026-04-29T02:24:05,,,,,,,,865.0,8192.0,7195.0,10.0
2026-04-29T02:24:07,,,,,,,,865.0,8192.0,7195.0,7.0
2026-04-29T02:24:08,,,,,,,,865.0,8192.0,7195.0,6.0
2026-04-29T02:24:10,,,,,,,,865.0,8192.0,7195.0,6.0
2026-04-29T02:24:11,,,,,,,,865.0,8192.0,7195.0,7.0
2026-04-29T02:24:13,,,,,,,,865.0,8192.0,7195.0,5.0
2026-04-29T02:24:14,,,,,,,,865.0,8192.0,7195.0,5.0
2026-04-29T02:24:16,,,,,,,,865.0,8192.0,7195.0,6.0
2026-04-29T02:24:17,,,,,,,,865.0,8192.0,7195.0,5.0
2026-04-29T02:24:19,,,,,,,,865.0,8192.0,7195.0,5.0
2026-04-29T02:24:20,,,,,,,,865.0,8192.0,7195.0,5.0
2026-04-29T02:24:21,,,,,,,,865.0,8192.0,7195.0,6.0
2026-04-29T02:24:23,,,,,,,,865.0,8192.0,7195.0,9.0
2026-04-29T02:24:24,,,,,,,,865.0,8192.0,7195.0,7.0
2026-04-29T02:24:26,,,,,,,,865.0,8192.0,7195.0,6.0
2026-04-29T02:24:27,,,,,,,,865.0,8192.0,7195.0,6.0
2026-04-29T02:24:29,,,,,,,,865.0,8192.0,7195.0,5.0
2026-04-29T02:24:30,,,,,,,,865.0,8192.0,7195.0,9.0
2026-04-29T02:24:32,,,,,,,,873.0,8192.0,7187.0,8.0
2026-04-29T02:24:33,,,,,,,,873.0,8192.0,7187.0,12.0
2026-04-29T02:24:34,,,,,,,,873.0,8192.0,7187.0,7.0
2026-04-29T02:24:36,,,,,,,,873.0,8192.0,7187.0,7.0
2026-04-29T02:24:37,,,,,,,,865.0,8192.0,7195.0,10.0
2026-04-29T02:24:39,,,,,,,,865.0,8192.0,7195.0,7.0
2026-04-29T02:24:40,,,,,,,,865.0,8192.0,7195.0,8.0
2026-04-29T02:24:42,,,,,,,,865.0,8192.0,7195.0,12.0
2026-04-29T02:24:43,,,,,,,,865.0,8192.0,7195.0,8.0
2026-04-29T02:24:45,,,,,,,,865.0,8192.0,7195.0,10.0
2026-04-29T02:24:46,,,,,,,,866.0,8192.0,7194.0,14.0
2026-04-29T02:24:48,,,,,,,,866.0,8192.0,7194.0,7.0
2026-04-29T02:24:49,,,,,,,,866.0,8192.0,7194.0,7.0
2026-04-29T02:24:50,,,,,,,,866.0,8192.0,7194.0,7.0
2026-04-29T02:24:52,,,,,,,,866.0,8192.0,7194.0,7.0
2026-04-29T02:24:53,,,,,,,,866.0,8192.0,7194.0,7.0
2026-04-29T02:24:55,,,,,,,,873.0,8192.0,7187.0,12.0
2026-04-29T02:24:56,,,,,,,,873.0,8192.0,7187.0,9.0
2026-04-29T02:24:58,,,,,,,,873.0,8192.0,7187.0,8.0
2026-04-29T02:24:59,,,,,,,,873.0,8192.0,7187.0,7.0
2026-04-29T02:25:01,,,,,,,,865.0,8192.0,7195.0,9.0
2026-04-29T02:25:02,,,,,,,,865.0,8192.0,7195.0,6.0
2026-04-29T02:25:03,,,,,,,,865.0,8192.0,7195.0,7.0
2026-04-29T02:25:05,,,,,,,,865.0,8192.0,7195.0,6.0
2026-04-29T02:25:06,,,,,,,,872.0,8192.0,7188.0,9.0
2026-04-29T02:25:08,,,,,,,,872.0,8192.0,7188.0,10.0
2026-04-29T02:25:10,,,,,,,,872.0,8192.0,7188.0,6.0
2026-04-29T02:25:11,,,,,,,,868.0,8192.0,7192.0,10.0
2026-04-29T02:25:12,,,,,,,,865.0,8192.0,7195.0,5.0
2026-04-29T02:25:14,,,,,,,,865.0,8192.0,7195.0,6.0
2026-04-29T02:25:15,,,,,,,,865.0,8192.0,7195.0,6.0
2026-04-29T02:25:17,,,,,,,,854.0,8192.0,7206.0,9.0
2026-04-29T02:25:18,,,,,,,,854.0,8192.0,7206.0,7.0
2026-04-29T02:25:20,,,,,,,,854.0,8192.0,7206.0,6.0
2026-04-29T02:25:21,,,,,,,,862.0,8192.0,7198.0,9.0
2026-04-29T02:25:23,,,,,,,,862.0,8192.0,7198.0,12.0
2026-04-29T02:25:25,,,,,,,,858.0,8192.0,7202.0,8.0
2026-04-29T02:25:26,,,,,,,,858.0,8192.0,7202.0,8.0
2026-04-29T02:25:28,,,,,,,,854.0,8192.0,7206.0,5.0
2026-04-29T02:25:29,,,,,,,,854.0,8192.0,7206.0,9.0
2026-04-29T02:25:31,,,,,,,,854.0,8192.0,7206.0,10.0
2026-04-29T02:25:32,,,,,,,,854.0,8192.0,7206.0,10.0
2026-04-29T02:25:34,,,,,,,,854.0,8192.0,7206.0,10.0
2026-04-29T02:25:35,,,,,,,,854.0,8192.0,7206.0,10.0
2026-04-29T02:25:36,,,,,,,,854.0,8192.0,7206.0,6.0
2026-04-29T02:25:38,,,,,,,,854.0,8192.0,7206.0,10.0
2026-04-29T02:25:39,,,,,,,,855.0,8192.0,7205.0,6.0
2026-04-29T02:25:41,,,,,,,,755.0,8192.0,7305.0,7.0
2026-04-29T02:25:42,,,,,,,,755.0,8192.0,7305.0,6.0
2026-04-29T02:25:44,,,,,,,,755.0,8192.0,7305.0,5.0
2026-04-29T02:25:45,,,,,,,,755.0,8192.0,7305.0,9.0
2026-04-29T02:25:47,,,,,,,,755.0,8192.0,7305.0,8.0
2026-04-29T02:25:48,,,,,,,,755.0,8192.0,7305.0,8.0
2026-04-29T02:25:50,,,,,,,,755.0,8192.0,7305.0,6.0
2026-04-29T02:25:51,,,,,,,,755.0,8192.0,7305.0,7.0
2026-04-29T02:25:52,,,,,,,,755.0,8192.0,7305.0,10.0
2026-04-29T02:25:54,,,,,,,,755.0,8192.0,7305.0,6.0
2026-04-29T02:25:55,,,,,,,,755.0,8192.0,7305.0,7.0
2026-04-29T02:25:57,,,,,,,,755.0,8192.0,7305.0,6.0
2026-04-29T02:25:58,,,,,,,,755.0,8192.0,7305.0,9.0
2026-04-29T02:26:00,,,,,,,,755.0,8192.0,7305.0,7.0
2026-04-29T02:26:01,,,,,,,,755.0,8192.0,7305.0,7.0
2026-04-29T02:26:03,,,,,,,,755.0,8192.0,7305.0,6.0
2026-04-29T02:26:04,,,,,,,,755.0,8192.0,7305.0,8.0
2026-04-29T02:26:06,,,,,,,,763.0,8192.0,7297.0,12.0
2026-04-29T02:26:07,,,,,,,,762.0,8192.0,7298.0,7.0
2026-04-29T02:26:08,,,,,,,,762.0,8192.0,7298.0,8.0
2026-04-29T02:26:10,,,,,,,,758.0,8192.0,7302.0,6.0
2026-04-29T02:26:11,,,,,,,,755.0,8192.0,7305.0,10.0
2026-04-29T02:26:13,,,,,,,,755.0,8192.0,7305.0,6.0
2026-04-29T02:26:14,,,,,,,,755.0,8192.0,7305.0,6.0
2026-04-29T02:26:16,,,,,,,,755.0,8192.0,7305.0,6.0
2026-04-29T02:26:17,,,,,,,,755.0,8192.0,7305.0,6.0
2026-04-29T02:26:19,,,,,,,,755.0,8192.0,7305.0,8.0
2026-04-29T02:26:20,,,,,,,,755.0,8192.0,7305.0,6.0
2026-04-29T02:26:22,,,,,,,,755.0,8192.0,7305.0,8.0
2026-04-29T02:26:23,,,,,,,,755.0,8192.0,7305.0,6.0
2026-04-29T02:26:25,,,,,,,,755.0,8192.0,7305.0,6.0
2026-04-29T02:26:26,,,,,,,,755.0,8192.0,7305.0,8.0
2026-04-29T02:26:28,,,,,,,,755.0,8192.0,7305.0,6.0
2026-04-29T02:26:29,,,,,,,,755.0,8192.0,7305.0,9.0
2026-04-29T02:26:30,,,,,,,,755.0,8192.0,7305.0,5.0
2026-04-29T02:26:32,,,,,,,,755.0,8192.0,7305.0,9.0
2026-04-29T02:26:33,,,,,,,,755.0,8192.0,7305.0,5.0
2026-04-29T02:26:35,,,,,,,,755.0,8192.0,7305.0,7.0
2026-04-29T02:26:36,,,,,,,,755.0,8192.0,7305.0,6.0
2026-04-29T02:26:38,,,,,,,,755.0,8192.0,7305.0,7.0
2026-04-29T02:26:39,,,,,,,,755.0,8192.0,7305.0,8.0
2026-04-29T02:26:41,,,,,,,,755.0,8192.0,7305.0,6.0
2026-04-29T02:26:42,,,,,,,,755.0,8192.0,7305.0,8.0
2026-04-29T02:26:44,,,,,,,,755.0,8192.0,7305.0,6.0
2026-04-29T02:26:45,,,,,,,,755.0,8192.0,7305.0,10.0
2026-04-29T02:26:47,,,,,,,,755.0,8192.0,7305.0,6.0
2026-04-29T02:26:48,,,,,,,,755.0,8192.0,7305.0,7.0
2026-04-29T02:26:49,,,,,,,,755.0,8192.0,7305.0,5.0
2026-04-29T02:26:51,,,,,,,,755.0,8192.0,7305.0,7.0
2026-04-29T02:26:52,,,,,,,,755.0,8192.0,7305.0,6.0
2026-04-29T02:26:54,,,,,,,,755.0,8192.0,7305.0,6.0
2026-04-29T02:26:55,,,,,,,,755.0,8192.0,7305.0,5.0
2026-04-29T02:26:57,,,,,,,,755.0,8192.0,7305.0,8.0
2026-04-29T02:26:58,,,,,,,,755.0,8192.0,7305.0,6.0
2026-04-29T02:27:00,,,,,,,,755.0,8192.0,7305.0,10.0
2026-04-29T02:27:01,,,,,,,,755.0,8192.0,7305.0,5.0
2026-04-29T02:27:03,,,,,,,,755.0,8192.0,7305.0,5.0
2026-04-29T02:27:04,,,,,,,,755.0,8192.0,7305.0,9.0
2026-04-29T02:27:06,,,,,,,,755.0,8192.0,7305.0,6.0
2026-04-29T02:27:07,,,,,,,,755.0,8192.0,7305.0,9.0
2026-04-29T02:27:09,,,,,,,,755.0,8192.0,7305.0,6.0
2026-04-29T02:27:10,,,,,,,,755.0,8192.0,7305.0,8.0
2026-04-29T02:27:12,,,,,,,,755.0,8192.0,7305.0,6.0
2026-04-29T02:27:13,,,,,,,,755.0,8192.0,7305.0,10.0
2026-04-29T02:27:15,,,,,,,,755.0,8192.0,7305.0,6.0
2026-04-29T02:27:16,,,,,,,,755.0,8192.0,7305.0,6.0
2026-04-29T02:27:17,,,,,,,,755.0,8192.0,7305.0,6.0
2026-04-29T02:27:19,,,,,,,,755.0,8192.0,7305.0,6.0
2026-04-29T02:27:20,,,,,,,,755.0,8192.0,7305.0,5.0
2026-04-29T02:27:22,,,,,,,,755.0,8192.0,7305.0,10.0
2026-04-29T02:27:23,,,,,,,,755.0,8192.0,7305.0,7.0
2026-04-29T02:27:25,,,,,,,,755.0,8192.0,7305.0,5.0
2026-04-29T02:27:26,,,,,,,,755.0,8192.0,7305.0,8.0
2026-04-29T02:27:28,,,,,,,,755.0,8192.0,7305.0,6.0
2026-04-29T02:27:29,,,,,,,,755.0,8192.0,7305.0,8.0
2026-04-29T02:27:31,,,,,,,,755.0,8192.0,7305.0,6.0
2026-04-29T02:27:32,,,,,,,,755.0,8192.0,7305.0,8.0
2026-04-29T02:27:33,,,,,,,,755.0,8192.0,7305.0,6.0
2026-04-29T02:27:35,,,,,,,,755.0,8192.0,7305.0,6.0
2026-04-29T02:27:36,,,,,,,,755.0,8192.0,7305.0,7.0
2026-04-29T02:27:38,,,,,,,,755.0,8192.0,7305.0,6.0
2026-04-29T02:27:39,,,,,,,,755.0,8192.0,7305.0,6.0
2026-04-29T02:27:41,,,,,,,,755.0,8192.0,7305.0,7.0
2026-04-29T02:27:42,,,,,,,,755.0,8192.0,7305.0,7.0
2026-04-29T02:27:44,,,,,,,,755.0,8192.0,7305.0,8.0
2026-04-29T02:27:45,,,,,,,,755.0,8192.0,7305.0,6.0
2026-04-29T02:27:47,,,,,,,,755.0,8192.0,7305.0,6.0
2026-04-29T02:27:48,,,,,,,,755.0,8192.0,7305.0,6.0
2026-04-29T02:27:49,,,,,,,,755.0,8192.0,7305.0,6.0
2026-04-29T02:27:51,,,,,,,,755.0,8192.0,7305.0,6.0
2026-04-29T02:27:52,,,,,,,,755.0,8192.0,7305.0,7.0
2026-04-29T02:27:54,,,,,,,,755.0,8192.0,7305.0,6.0
2026-04-29T02:27:55,,,,,,,,755.0,8192.0,7305.0,6.0
2026-04-29T02:27:57,,,,,,,,755.0,8192.0,7305.0,7.0
2026-04-29T02:27:58,,,,,,,,755.0,8192.0,7305.0,6.0
2026-04-29T02:27:59,,,,,,,,755.0,8192.0,7305.0,6.0
2026-04-29T02:28:01,,,,,,,,755.0,8192.0,7305.0,6.0
2026-04-29T02:28:02,,,,,,,,755.0,8192.0,7305.0,9.0
2026-04-29T02:28:04,,,,,,,,755.0,8192.0,7305.0,6.0
2026-04-29T02:28:05,,,,,,,,755.0,8192.0,7305.0,8.0
2026-04-29T02:28:07,,,,,,,,755.0,8192.0,7305.0,10.0
2026-04-29T02:28:08,,,,,,,,755.0,8192.0,7305.0,6.0
2026-04-29T02:28:10,,,,,,,,755.0,8192.0,7305.0,6.0
2026-04-29T02:28:11,,,,,,,,755.0,8192.0,7305.0,6.0
2026-04-29T02:28:13,,,,,,,,755.0,8192.0,7305.0,5.0
2026-04-29T02:28:14,,,,,,,,755.0,8192.0,7305.0,6.0
2026-04-29T02:28:16,,,,,,,,755.0,8192.0,7305.0,8.0
2026-04-29T02:28:17,,,,,,,,755.0,8192.0,7305.0,6.0
2026-04-29T02:28:19,,,,,,,,755.0,8192.0,7305.0,9.0
2026-04-29T02:28:20,,,,,,,,755.0,8192.0,7305.0,6.0
2026-04-29T02:28:21,,,,,,,,755.0,8192.0,7305.0,7.0
2026-04-29T02:28:23,,,,,,,,755.0,8192.0,7305.0,6.0
2026-04-29T02:28:24,,,,,,,,755.0,8192.0,7305.0,7.0
2026-04-29T02:28:26,,,,,,,,755.0,8192.0,7305.0,6.0
2026-04-29T02:28:27,,,,,,,,755.0,8192.0,7305.0,6.0
2026-04-29T02:28:29,,,,,,,,755.0,8192.0,7305.0,9.0
2026-04-29T02:28:30,,,,,,,,755.0,8192.0,7305.0,7.0
2026-04-29T02:28:31,,,,,,,,755.0,8192.0,7305.0,5.0
2026-04-29T02:28:33,,,,,,,,755.0,8192.0,7305.0,6.0
2026-04-29T02:28:34,,,,,,,,755.0,8192.0,7305.0,6.0
2026-04-29T02:28:36,,,,,,,,755.0,8192.0,7305.0,8.0
2026-04-29T02:28:37,,,,,,,,755.0,8192.0,7305.0,6.0
2026-04-29T02:28:39,,,,,,,,755.0,8192.0,7305.0,6.0
2026-04-29T02:28:40,,,,,,,,755.0,8192.0,7305.0,9.0
2026-04-29T02:28:42,,,,,,,,755.0,8192.0,7305.0,7.0
2026-04-29T02:28:43,,,,,,,,755.0,8192.0,7305.0,9.0
2026-04-29T02:28:44,,,,,,,,755.0,8192.0,7305.0,5.0
2026-04-29T02:28:46,,,,,,,,755.0,8192.0,7305.0,8.0
2026-04-29T02:28:47,,,,,,,,755.0,8192.0,7305.0,6.0
2026-04-29T02:28:49,,,,,,,,755.0,8192.0,7305.0,6.0
2026-04-29T02:28:50,,,,,,,,755.0,8192.0,7305.0,8.0
2026-04-29T02:28:52,,,,,,,,755.0,8192.0,7305.0,5.0
2026-04-29T02:28:53,,,,,,,,755.0,8192.0,7305.0,5.0
2026-04-29T02:28:55,,,,,,,,755.0,8192.0,7305.0,8.0
2026-04-29T02:28:56,,,,,,,,755.0,8192.0,7305.0,5.0
2026-04-29T02:28:57,,,,,,,,755.0,8192.0,7305.0,6.0
2026-04-29T02:28:59,,,,,,,,755.0,8192.0,7305.0,7.0
2026-04-29T02:29:01,,,,,,,,755.0,8192.0,7305.0,6.0
2026-04-29T02:29:02,,,,,,,,755.0,8192.0,7305.0,5.0
2026-04-29T02:29:03,,,,,,,,755.0,8192.0,7305.0,5.0
2026-04-29T02:29:05,,,,,,,,755.0,8192.0,7305.0,6.0
2026-04-29T02:29:06,,,,,,,,755.0,8192.0,7305.0,10.0
2026-04-29T02:29:08,,,,,,,,755.0,8192.0,7305.0,7.0
2026-04-29T02:29:09,,,,,,,,755.0,8192.0,7305.0,10.0
2026-04-29T02:29:11,,,,,,,,755.0,8192.0,7305.0,5.0
2026-04-29T02:29:12,,,,,,,,755.0,8192.0,7305.0,6.0
2026-04-29T02:29:14,,,,,,,,755.0,8192.0,7305.0,6.0
2026-04-29T02:29:15,,,,,,,,755.0,8192.0,7305.0,8.0
2026-04-29T02:29:17,,,,,,,,755.0,8192.0,7305.0,6.0
2026-04-29T02:29:18,,,,,,,,755.0,8192.0,7305.0,6.0
2026-04-29T02:29:19,,,,,,,,755.0,8192.0,7305.0,9.0
2026-04-29T02:29:21,,,,,,,,755.0,8192.0,7305.0,6.0
2026-04-29T02:29:22,,,,,,,,755.0,8192.0,7305.0,6.0
2026-04-29T02:29:24,,,,,,,,755.0,8192.0,7305.0,9.0
2026-04-29T02:29:25,,,,,,,,755.0,8192.0,7305.0,5.0
2026-04-29T02:29:27,,,,,,,,755.0,8192.0,7305.0,6.0
2026-04-29T02:29:28,,,,,,,,755.0,8192.0,7305.0,8.0
2026-04-29T02:29:30,,,,,,,,755.0,8192.0,7305.0,5.0
2026-04-29T02:29:31,,,,,,,,755.0,8192.0,7305.0,7.0
2026-04-29T02:29:33,,,,,,,,755.0,8192.0,7305.0,5.0
2026-04-29T02:29:34,,,,,,,,755.0,8192.0,7305.0,6.0
2026-04-29T02:29:35,,,,,,,,755.0,8192.0,7305.0,6.0
2026-04-29T02:29:37,,,,,,,,755.0,8192.0,7305.0,9.0
2026-04-29T02:29:38,,,,,,,,755.0,8192.0,7305.0,9.0
2026-04-29T02:29:40,,,,,,,,755.0,8192.0,7305.0,7.0
2026-04-29T02:29:41,,,,,,,,755.0,8192.0,7305.0,5.0
2026-04-29T02:29:43,,,,,,,,755.0,8192.0,7305.0,6.0
2026-04-29T02:29:44,,,,,,,,755.0,8192.0,7305.0,6.0
2026-04-29T02:29:46,,,,,,,,755.0,8192.0,7305.0,6.0
2026-04-29T02:29:47,,,,,,,,755.0,8192.0,7305.0,8.0
2026-04-29T02:29:49,,,,,,,,755.0,8192.0,7305.0,6.0
2026-04-29T02:29:50,,,,,,,,755.0,8192.0,7305.0,8.0
2026-04-29T02:29:52,,,,,,,,755.0,8192.0,7305.0,6.0
2026-04-29T02:29:53,,,,,,,,755.0,8192.0,7305.0,8.0
2026-04-29T02:29:55,,,,,,,,755.0,8192.0,7305.0,9.0
2026-04-29T02:29:56,,,,,,,,755.0,8192.0,7305.0,6.0
2026-04-29T02:29:58,,,,,,,,755.0,8192.0,7305.0,6.0
2026-04-29T02:29:59,,,,,,,,755.0,8192.0,7305.0,9.0
2026-04-29T02:30:00,,,,,,,,755.0,8192.0,7305.0,6.0
2026-04-29T02:30:02,,,,,,,,755.0,8192.0,7305.0,5.0
2026-04-29T02:30:03,,,,,,,,755.0,8192.0,7305.0,5.0
2026-04-29T02:30:05,,,,,,,,755.0,8192.0,7305.0,6.0
2026-04-29T02:30:06,,,,,,,,755.0,8192.0,7305.0,9.0
2026-04-29T02:30:08,,,,,,,,755.0,8192.0,7305.0,5.0
2026-04-29T02:30:09,,,,,,,,755.0,8192.0,7305.0,6.0
2026-04-29T02:30:11,,,,,,,,755.0,8192.0,7305.0,8.0
2026-04-29T02:30:12,,,,,,,,755.0,8192.0,7305.0,7.0
2026-04-29T02:30:13,,,,,,,,755.0,8192.0,7305.0,6.0
2026-04-29T02:30:15,,,,,,,,755.0,8192.0,7305.0,11.0
2026-04-29T02:30:16,,,,,,,,755.0,8192.0,7305.0,6.0
2026-04-29T02:30:18,,,,,,,,755.0,8192.0,7305.0,6.0
2026-04-29T02:30:19,,,,,,,,755.0,8192.0,7305.0,6.0
2026-04-29T02:30:21,,,,,,,,755.0,8192.0,7305.0,8.0
2026-04-29T02:30:22,,,,,,,,755.0,8192.0,7305.0,6.0
2026-04-29T02:30:24,,,,,,,,755.0,8192.0,7305.0,6.0
2026-04-29T02:30:25,,,,,,,,755.0,8192.0,7305.0,9.0
2026-04-29T02:30:27,,,,,,,,755.0,8192.0,7305.0,5.0
2026-04-29T02:30:28,,,,,,,,755.0,8192.0,7305.0,8.0
2026-04-29T02:30:29,,,,,,,,755.0,8192.0,7305.0,6.0
2026-04-29T02:30:31,,,,,,,,755.0,8192.0,7305.0,8.0
2026-04-29T02:30:32,,,,,,,,755.0,8192.0,7305.0,8.0
2026-04-29T02:30:34,,,,,,,,755.0,8192.0,7305.0,5.0
2026-04-29T02:30:35,,,,,,,,755.0,8192.0,7305.0,6.0
2026-04-29T02:30:37,,,,,,,,755.0,8192.0,7305.0,8.0
2026-04-29T02:30:38,,,,,,,,755.0,8192.0,7305.0,6.0
2026-04-29T02:30:39,,,,,,,,755.0,8192.0,7305.0,10.0
2026-04-29T02:30:41,,,,,,,,755.0,8192.0,7305.0,6.0
2026-04-29T02:30:42,,,,,,,,755.0,8192.0,7305.0,11.0
2026-04-29T02:30:44,,,,,,,,755.0,8192.0,7305.0,6.0
2026-04-29T02:30:45,,,,,,,,755.0,8192.0,7305.0,6.0
2026-04-29T02:30:47,,,,,,,,755.0,8192.0,7305.0,9.0
2026-04-29T02:30:48,,,,,,,,755.0,8192.0,7305.0,6.0
2026-04-29T02:30:50,,,,,,,,755.0,8192.0,7305.0,7.0
2026-04-29T02:30:51,,,,,,,,755.0,8192.0,7305.0,6.0
2026-04-29T02:30:53,,,,,,,,755.0,8192.0,7305.0,9.0
2026-04-29T02:30:54,,,,,,,,755.0,8192.0,7305.0,5.0
2026-04-29T02:30:56,,,,,,,,755.0,8192.0,7305.0,8.0
2026-04-29T02:30:57,,,,,,,,755.0,8192.0,7305.0,6.0
2026-04-29T02:30:58,,,,,,,,755.0,8192.0,7305.0,6.0
2026-04-29T02:31:00,,,,,,,,755.0,8192.0,7305.0,6.0
2026-04-29T02:31:01,,,,,,,,755.0,8192.0,7305.0,5.0
2026-04-29T02:31:03,,,,,,,,755.0,8192.0,7305.0,6.0
2026-04-29T02:31:04,,,,,,,,755.0,8192.0,7305.0,8.0
2026-04-29T02:31:06,,,,,,,,755.0,8192.0,7305.0,6.0
2026-04-29T02:31:07,,,,,,,,755.0,8192.0,7305.0,7.0
2026-04-29T02:31:09,,,,,,,,755.0,8192.0,7305.0,5.0
2026-04-29T02:31:10,,,,,,,,755.0,8192.0,7305.0,6.0
2026-04-29T02:31:12,,,,,,,,755.0,8192.0,7305.0,6.0
2026-04-29T02:31:13,,,,,,,,755.0,8192.0,7305.0,9.0
2026-04-29T02:31:15,,,,,,,,755.0,8192.0,7305.0,5.0
2026-04-29T02:31:16,,,,,,,,755.0,8192.0,7305.0,6.0
2026-04-29T02:31:17,,,,,,,,755.0,8192.0,7305.0,5.0
2026-04-29T02:31:19,,,,,,,,755.0,8192.0,7305.0,11.0
2026-04-29T02:31:20,,,,,,,,755.0,8192.0,7305.0,7.0
2026-04-29T02:31:22,,,,,,,,755.0,8192.0,7305.0,6.0
2026-04-29T02:31:23,,,,,,,,755.0,8192.0,7305.0,11.0
2026-04-29T02:31:25,,,,,,,,755.0,8192.0,7305.0,6.0
2026-04-29T02:31:26,,,,,,,,755.0,8192.0,7305.0,7.0
2026-04-29T02:31:28,,,,,,,,755.0,8192.0,7305.0,8.0
2026-04-29T02:31:29,,,,,,,,755.0,8192.0,7305.0,5.0
2026-04-29T02:31:31,,,,,,,,755.0,8192.0,7305.0,6.0
2026-04-29T02:31:32,,,,,,,,755.0,8192.0,7305.0,8.0
2026-04-29T02:31:33,,,,,,,,755.0,8192.0,7305.0,6.0
2026-04-29T02:31:35,,,,,,,,755.0,8192.0,7305.0,6.0
2026-04-29T02:31:36,,,,,,,,755.0,8192.0,7305.0,8.0
2026-04-29T02:31:38,,,,,,,,755.0,8192.0,7305.0,5.0
2026-04-29T02:31:39,,,,,,,,755.0,8192.0,7305.0,6.0
2026-04-29T02:31:41,,,,,,,,755.0,8192.0,7305.0,10.0
2026-04-29T02:31:42,,,,,,,,755.0,8192.0,7305.0,5.0
2026-04-29T02:31:44,,,,,,,,755.0,8192.0,7305.0,5.0
2026-04-29T02:31:45,,,,,,,,755.0,8192.0,7305.0,6.0
2026-04-29T02:31:46,,,,,,,,755.0,8192.0,7305.0,6.0
2026-04-29T02:31:48,,,,,,,,755.0,8192.0,7305.0,5.0
2026-04-29T02:31:49,,,,,,,,755.0,8192.0,7305.0,8.0
2026-04-29T02:31:51,,,,,,,,755.0,8192.0,7305.0,7.0
2026-04-29T02:31:52,,,,,,,,755.0,8192.0,7305.0,6.0
2026-04-29T02:31:54,,,,,,,,755.0,8192.0,7305.0,8.0
2026-04-29T02:31:55,,,,,,,,755.0,8192.0,7305.0,6.0
2026-04-29T02:31:57,,,,,,,,755.0,8192.0,7305.0,8.0
2026-04-29T02:31:58,,,,,,,,755.0,8192.0,7305.0,5.0
2026-04-29T02:32:00,,,,,,,,755.0,8192.0,7305.0,8.0
2026-04-29T02:32:01,,,,,,,,755.0,8192.0,7305.0,6.0
2026-04-29T02:32:02,,,,,,,,755.0,8192.0,7305.0,7.0
2026-04-29T02:32:04,,,,,,,,755.0,8192.0,7305.0,8.0
2026-04-29T02:32:06,,,,,,,,755.0,8192.0,7305.0,6.0
2026-04-29T02:32:07,,,,,,,,755.0,8192.0,7305.0,9.0
2026-04-29T02:32:09,,,,,,,,755.0,8192.0,7305.0,6.0
2026-04-29T02:32:10,,,,,,,,755.0,8192.0,7305.0,5.0
2026-04-29T02:32:12,,,,,,,,755.0,8192.0,7305.0,5.0
2026-04-29T02:32:13,,,,,,,,755.0,8192.0,7305.0,6.0
2026-04-29T02:32:14,,,,,,,,755.0,8192.0,7305.0,6.0
2026-04-29T02:32:16,,,,,,,,755.0,8192.0,7305.0,8.0
2026-04-29T02:32:17,,,,,,,,755.0,8192.0,7305.0,6.0
2026-04-29T02:32:19,,,,,,,,755.0,8192.0,7305.0,8.0
2026-04-29T02:32:20,,,,,,,,755.0,8192.0,7305.0,6.0
2026-04-29T02:32:22,,,,,,,,755.0,8192.0,7305.0,7.0
2026-04-29T02:32:23,,,,,,,,755.0,8192.0,7305.0,6.0
2026-04-29T02:32:25,,,,,,,,755.0,8192.0,7305.0,6.0
2026-04-29T02:32:26,,,,,,,,755.0,8192.0,7305.0,8.0
2026-04-29T02:32:28,,,,,,,,755.0,8192.0,7305.0,5.0
2026-04-29T02:32:29,,,,,,,,755.0,8192.0,7305.0,6.0
2026-04-29T02:32:30,,,,,,,,755.0,8192.0,7305.0,8.0
2026-04-29T02:32:32,,,,,,,,755.0,8192.0,7305.0,6.0
2026-04-29T02:32:33,,,,,,,,755.0,8192.0,7305.0,6.0
2026-04-29T02:32:35,,,,,,,,755.0,8192.0,7305.0,7.0
2026-04-29T02:32:36,,,,,,,,755.0,8192.0,7305.0,6.0
2026-04-29T02:32:38,,,,,,,,755.0,8192.0,7305.0,5.0
2026-04-29T02:32:39,,,,,,,,755.0,8192.0,7305.0,8.0
2026-04-29T02:32:41,,,,,,,,755.0,8192.0,7305.0,6.0
2026-04-29T02:32:42,,,,,,,,755.0,8192.0,7305.0,5.0
2026-04-29T02:32:44,,,,,,,,755.0,8192.0,7305.0,10.0
2026-04-29T02:32:45,,,,,,,,755.0,8192.0,7305.0,5.0
2026-04-29T02:32:46,,,,,,,,755.0,8192.0,7305.0,6.0
2026-04-29T02:32:48,,,,,,,,755.0,8192.0,7305.0,6.0
2026-04-29T02:32:49,,,,,,,,755.0,8192.0,7305.0,5.0
2026-04-29T02:32:51,,,,,,,,755.0,8192.0,7305.0,7.0
2026-04-29T02:32:52,,,,,,,,755.0,8192.0,7305.0,5.0
2026-04-29T02:32:54,,,,,,,,755.0,8192.0,7305.0,6.0
2026-04-29T02:32:55,,,,,,,,755.0,8192.0,7305.0,7.0
2026-04-29T02:32:57,,,,,,,,755.0,8192.0,7305.0,5.0
2026-04-29T02:32:58,,,,,,,,755.0,8192.0,7305.0,7.0
2026-04-29T02:32:59,,,,,,,,755.0,8192.0,7305.0,8.0
2026-04-29T02:33:01,,,,,,,,755.0,8192.0,7305.0,8.0
2026-04-29T02:33:02,,,,,,,,755.0,8192.0,7305.0,5.0
2026-04-29T02:33:04,,,,,,,,755.0,8192.0,7305.0,7.0
2026-04-29T02:33:05,,,,,,,,755.0,8192.0,7305.0,8.0
2026-04-29T02:33:07,,,,,,,,755.0,8192.0,7305.0,6.0
2026-04-29T02:33:08,,,,,,,,755.0,8192.0,7305.0,10.0
2026-04-29T02:33:10,,,,,,,,755.0,8192.0,7305.0,6.0
2026-04-29T02:33:11,,,,,,,,755.0,8192.0,7305.0,8.0
2026-04-29T02:33:13,,,,,,,,755.0,8192.0,7305.0,6.0
2026-04-29T02:33:14,,,,,,,,755.0,8192.0,7305.0,8.0
2026-04-29T02:33:16,,,,,,,,755.0,8192.0,7305.0,6.0
2026-04-29T02:33:17,,,,,,,,755.0,8192.0,7305.0,9.0
2026-04-29T02:33:18,,,,,,,,755.0,8192.0,7305.0,6.0
2026-04-29T02:33:20,,,,,,,,755.0,8192.0,7305.0,8.0
2026-04-29T02:33:21,,,,,,,,755.0,8192.0,7305.0,6.0
2026-04-29T02:33:23,,,,,,,,755.0,8192.0,7305.0,8.0
2026-04-29T02:33:24,,,,,,,,755.0,8192.0,7305.0,5.0
2026-04-29T02:33:26,,,,,,,,755.0,8192.0,7305.0,8.0
2026-04-29T02:33:27,,,,,,,,755.0,8192.0,7305.0,6.0
2026-04-29T02:33:29,,,,,,,,755.0,8192.0,7305.0,8.0
2026-04-29T02:33:30,,,,,,,,755.0,8192.0,7305.0,7.0
2026-04-29T02:33:31,,,,,,,,755.0,8192.0,7305.0,9.0
2026-04-29T02:33:33,,,,,,,,755.0,8192.0,7305.0,6.0
2026-04-29T02:33:34,,,,,,,,755.0,8192.0,7305.0,6.0
2026-04-29T02:33:36,,,,,,,,755.0,8192.0,7305.0,6.0
2026-04-29T02:33:37,,,,,,,,755.0,8192.0,7305.0,6.0
2026-04-29T02:33:39,,,,,,,,755.0,8192.0,7305.0,8.0
2026-04-29T02:33:40,,,,,,,,755.0,8192.0,7305.0,7.0
2026-04-29T02:33:42,,,,,,,,755.0,8192.0,7305.0,5.0
2026-04-29T02:33:43,,,,,,,,755.0,8192.0,7305.0,6.0
2026-04-29T02:33:44,,,,,,,,755.0,8192.0,7305.0,6.0
2026-04-29T02:33:46,,,,,,,,755.0,8192.0,7305.0,6.0
2026-04-29T02:33:47,,,,,,,,755.0,8192.0,7305.0,9.0
2026-04-29T02:33:49,,,,,,,,755.0,8192.0,7305.0,6.0
2026-04-29T02:33:50,,,,,,,,755.0,8192.0,7305.0,11.0
2026-04-29T02:33:52,,,,,,,,755.0,8192.0,7305.0,6.0
2026-04-29T02:33:53,,,,,,,,755.0,8192.0,7305.0,6.0
2026-04-29T02:33:55,,,,,,,,755.0,8192.0,7305.0,6.0
2026-04-29T02:33:56,,,,,,,,755.0,8192.0,7305.0,7.0
2026-04-29T02:33:57,,,,,,,,755.0,8192.0,7305.0,10.0
2026-04-29T02:33:59,,,,,,,,755.0,8192.0,7305.0,6.0
2026-04-29T02:34:00,,,,,,,,755.0,8192.0,7305.0,5.0
2026-04-29T02:34:02,,,,,,,,755.0,8192.0,7305.0,9.0
2026-04-29T02:34:03,,,,,,,,755.0,8192.0,7305.0,7.0
2026-04-29T02:34:05,,,,,,,,755.0,8192.0,7305.0,6.0
2026-04-29T02:34:06,,,,,,,,755.0,8192.0,7305.0,6.0
2026-04-29T02:34:08,,,,,,,,755.0,8192.0,7305.0,5.0
2026-04-29T02:34:09,,,,,,,,755.0,8192.0,7305.0,6.0
2026-04-29T02:34:11,,,,,,,,755.0,8192.0,7305.0,9.0
2026-04-29T02:34:12,,,,,,,,755.0,8192.0,7305.0,5.0
2026-04-29T02:34:13,,,,,,,,755.0,8192.0,7305.0,6.0
2026-04-29T02:34:15,,,,,,,,755.0,8192.0,7305.0,6.0
2026-04-29T02:34:16,,,,,,,,755.0,8192.0,7305.0,6.0
2026-04-29T02:34:18,,,,,,,,755.0,8192.0,7305.0,6.0
2026-04-29T02:34:19,,,,,,,,755.0,8192.0,7305.0,6.0
2026-04-29T02:34:21,,,,,,,,755.0,8192.0,7305.0,9.0
2026-04-29T02:34:22,,,,,,,,755.0,8192.0,7305.0,6.0
2026-04-29T02:34:24,,,,,,,,755.0,8192.0,7305.0,6.0
2026-04-29T02:34:25,,,,,,,,755.0,8192.0,7305.0,5.0
2026-04-29T02:34:27,,,,,,,,755.0,8192.0,7305.0,8.0
2026-04-29T02:34:28,,,,,,,,755.0,8192.0,7305.0,5.0
2026-04-29T02:34:29,,,,,,,,755.0,8192.0,7305.0,6.0
2026-04-29T02:34:31,,,,,,,,755.0,8192.0,7305.0,10.0
2026-04-29T02:34:32,,,,,,,,755.0,8192.0,7305.0,6.0
2026-04-29T02:34:34,,,,,,,,755.0,8192.0,7305.0,6.0
2026-04-29T02:34:35,,,,,,,,755.0,8192.0,7305.0,6.0
2026-04-29T02:34:37,,,,,,,,755.0,8192.0,7305.0,8.0
2026-04-29T02:34:38,,,,,,,,755.0,8192.0,7305.0,11.0
2026-04-29T02:34:40,,,,,,,,755.0,8192.0,7305.0,7.0
2026-04-29T02:34:41,,,,,,,,755.0,8192.0,7305.0,6.0
2026-04-29T02:34:42,,,,,,,,755.0,8192.0,7305.0,6.0
2026-04-29T02:34:44,,,,,,,,755.0,8192.0,7305.0,7.0
2026-04-29T02:34:45,,,,,,,,755.0,8192.0,7305.0,6.0
2026-04-29T02:34:47,,,,,,,,755.0,8192.0,7305.0,6.0
2026-04-29T02:34:48,,,,,,,,755.0,8192.0,7305.0,6.0
2026-04-29T02:34:50,,,,,,,,755.0,8192.0,7305.0,6.0
2026-04-29T02:34:51,,,,,,,,755.0,8192.0,7305.0,6.0
2026-04-29T02:34:53,,,,,,,,755.0,8192.0,7305.0,7.0
2026-04-29T02:34:54,,,,,,,,755.0,8192.0,7305.0,7.0
2026-04-29T02:34:56,,,,,,,,755.0,8192.0,7305.0,7.0
2026-04-29T02:34:57,,,,,,,,755.0,8192.0,7305.0,9.0
2026-04-29T02:34:58,,,,,,,,755.0,8192.0,7305.0,6.0
2026-04-29T02:35:00,,,,,,,,755.0,8192.0,7305.0,9.0
2026-04-29T02:35:01,,,,,,,,755.0,8192.0,7305.0,6.0
2026-04-29T02:35:03,,,,,,,,755.0,8192.0,7305.0,9.0
2026-04-29T02:35:04,,,,,,,,755.0,8192.0,7305.0,6.0
2026-04-29T02:35:06,,,,,,,,755.0,8192.0,7305.0,10.0
2026-04-29T02:35:07,,,,,,,,755.0,8192.0,7305.0,6.0
2026-04-29T02:35:09,,,,,,,,755.0,8192.0,7305.0,8.0
2026-04-29T02:35:10,,,,,,,,755.0,8192.0,7305.0,6.0
2026-04-29T02:35:12,,,,,,,,755.0,8192.0,7305.0,6.0
2026-04-29T02:35:13,,,,,,,,755.0,8192.0,7305.0,6.0
2026-04-29T02:35:15,,,,,,,,755.0,8192.0,7305.0,8.0
2026-04-29T02:35:16,,,,,,,,755.0,8192.0,7305.0,6.0
2026-04-29T02:35:17,,,,,,,,755.0,8192.0,7305.0,8.0
2026-04-29T02:35:19,,,,,,,,755.0,8192.0,7305.0,6.0
2026-04-29T02:35:20,,,,,,,,755.0,8192.0,7305.0,7.0
2026-04-29T02:35:22,,,,,,,,755.0,8192.0,7305.0,6.0
2026-04-29T02:35:23,,,,,,,,755.0,8192.0,7305.0,6.0
2026-04-29T02:35:25,,,,,,,,755.0,8192.0,7305.0,9.0
2026-04-29T02:35:26,,,,,,,,755.0,8192.0,7305.0,6.0
2026-04-29T02:35:28,,,,,,,,755.0,8192.0,7305.0,6.0
2026-04-29T02:35:29,,,,,,,,755.0,8192.0,7305.0,8.0
2026-04-29T02:35:31,,,,,,,,755.0,8192.0,7305.0,6.0
2026-04-29T02:35:32,,,,,,,,755.0,8192.0,7305.0,10.0
2026-04-29T02:35:33,,,,,,,,755.0,8192.0,7305.0,6.0
2026-04-29T02:35:35,,,,,,,,755.0,8192.0,7305.0,6.0
2026-04-29T02:35:36,,,,,,,,755.0,8192.0,7305.0,6.0
2026-04-29T02:35:38,,,,,,,,755.0,8192.0,7305.0,5.0
2026-04-29T02:35:39,,,,,,,,755.0,8192.0,7305.0,8.0
2026-04-29T02:35:41,,,,,,,,755.0,8192.0,7305.0,6.0
2026-04-29T02:35:42,,,,,,,,755.0,8192.0,7305.0,9.0
2026-04-29T02:35:44,,,,,,,,755.0,8192.0,7305.0,5.0
2026-04-29T02:35:45,,,,,,,,755.0,8192.0,7305.0,5.0
2026-04-29T02:35:47,,,,,,,,755.0,8192.0,7305.0,9.0
2026-04-29T02:35:48,,,,,,,,755.0,8192.0,7305.0,6.0
2026-04-29T02:35:49,,,,,,,,755.0,8192.0,7305.0,7.0
2026-04-29T02:35:51,,,,,,,,755.0,8192.0,7305.0,6.0
2026-04-29T02:35:52,,,,,,,,755.0,8192.0,7305.0,10.0
2026-04-29T02:35:54,,,,,,,,755.0,8192.0,7305.0,6.0
2026-04-29T02:35:55,,,,,,,,755.0,8192.0,7305.0,6.0
2026-04-29T02:35:57,,,,,,,,755.0,8192.0,7305.0,8.0
2026-04-29T02:35:58,,,,,,,,755.0,8192.0,7305.0,5.0
2026-04-29T02:36:00,,,,,,,,755.0,8192.0,7305.0,6.0
2026-04-29T02:36:01,,,,,,,,755.0,8192.0,7305.0,8.0
2026-04-29T02:36:02,,,,,,,,755.0,8192.0,7305.0,6.0
2026-04-29T02:36:04,,,,,,,,755.0,8192.0,7305.0,11.0
2026-04-29T02:36:05,,,,,,,,755.0,8192.0,7305.0,6.0
2026-04-29T02:36:07,,,,,,,,755.0,8192.0,7305.0,7.0
2026-04-29T02:36:08,,,,,,,,755.0,8192.0,7305.0,6.0
2026-04-29T02:36:10,,,,,,,,755.0,8192.0,7305.0,10.0
2026-04-29T02:36:11,,,,,,,,755.0,8192.0,7305.0,5.0
2026-04-29T02:36:13,,,,,,,,755.0,8192.0,7305.0,6.0
2026-04-29T02:36:14,,,,,,,,755.0,8192.0,7305.0,8.0
2026-04-29T02:36:16,,,,,,,,755.0,8192.0,7305.0,6.0
2026-04-29T02:36:17,,,,,,,,755.0,8192.0,7305.0,8.0
2026-04-29T02:36:19,,,,,,,,755.0,8192.0,7305.0,6.0
2026-04-29T02:36:20,,,,,,,,755.0,8192.0,7305.0,8.0
2026-04-29T02:36:21,,,,,,,,755.0,8192.0,7305.0,6.0
2026-04-29T02:36:23,,,,,,,,755.0,8192.0,7305.0,6.0
2026-04-29T02:36:24,,,,,,,,755.0,8192.0,7305.0,8.0
2026-04-29T02:36:26,,,,,,,,755.0,8192.0,7305.0,6.0
2026-04-29T02:36:27,,,,,,,,755.0,8192.0,7305.0,6.0
2026-04-29T02:36:29,,,,,,,,755.0,8192.0,7305.0,6.0
2026-04-29T02:36:30,,,,,,,,755.0,8192.0,7305.0,6.0
2026-04-29T02:36:32,,,,,,,,755.0,8192.0,7305.0,5.0
2026-04-29T02:36:33,,,,,,,,755.0,8192.0,7305.0,9.0
2026-04-29T02:36:34,,,,,,,,755.0,8192.0,7305.0,6.0
2026-04-29T02:36:36,,,,,,,,755.0,8192.0,7305.0,9.0
2026-04-29T02:36:37,,,,,,,,755.0,8192.0,7305.0,5.0
2026-04-29T02:36:39,,,,,,,,755.0,8192.0,7305.0,6.0
2026-04-29T02:36:40,,,,,,,,755.0,8192.0,7305.0,8.0
2026-04-29T02:36:42,,,,,,,,755.0,8192.0,7305.0,5.0
2026-04-29T02:36:43,,,,,,,,755.0,8192.0,7305.0,10.0
2026-04-29T02:36:45,,,,,,,,755.0,8192.0,7305.0,5.0
2026-04-29T02:36:46,,,,,,,,755.0,8192.0,7305.0,6.0
2026-04-29T02:36:48,,,,,,,,755.0,8192.0,7305.0,5.0
2026-04-29T02:36:49,,,,,,,,755.0,8192.0,7305.0,11.0
2026-04-29T02:36:51,,,,,,,,755.0,8192.0,7305.0,5.0
2026-04-29T02:36:52,,,,,,,,755.0,8192.0,7305.0,5.0
2026-04-29T02:36:53,,,,,,,,755.0,8192.0,7305.0,6.0
2026-04-29T02:36:55,,,,,,,,755.0,8192.0,7305.0,8.0
2026-04-29T02:36:56,,,,,,,,755.0,8192.0,7305.0,7.0
2026-04-29T02:36:58,,,,,,,,755.0,8192.0,7305.0,8.0
2026-04-29T02:36:59,,,,,,,,755.0,8192.0,7305.0,6.0
2026-04-29T02:37:01,,,,,,,,755.0,8192.0,7305.0,6.0
2026-04-29T02:37:03,,,,,,,,755.0,8192.0,7305.0,6.0
2026-04-29T02:37:04,,,,,,,,755.0,8192.0,7305.0,10.0
2026-04-29T02:37:06,,,,,,,,755.0,8192.0,7305.0,6.0
2026-04-29T02:37:07,,,,,,,,755.0,8192.0,7305.0,5.0
2026-04-29T02:37:09,,,,,,,,755.0,8192.0,7305.0,8.0
2026-04-29T02:37:10,,,,,,,,755.0,8192.0,7305.0,6.0
2026-04-29T02:37:12,,,,,,,,755.0,8192.0,7305.0,8.0
2026-04-29T02:37:13,,,,,,,,755.0,8192.0,7305.0,6.0
2026-04-29T02:37:15,,,,,,,,755.0,8192.0,7305.0,7.0
2026-04-29T02:37:16,,,,,,,,755.0,8192.0,7305.0,5.0
2026-04-29T02:37:18,,,,,,,,755.0,8192.0,7305.0,6.0
2026-04-29T02:37:19,,,,,,,,755.0,8192.0,7305.0,6.0
2026-04-29T02:37:20,,,,,,,,755.0,8192.0,7305.0,7.0
2026-04-29T02:37:22,,,,,,,,755.0,8192.0,7305.0,5.0
2026-04-29T02:37:23,,,,,,,,755.0,8192.0,7305.0,10.0
2026-04-29T02:37:25,,,,,,,,755.0,8192.0,7305.0,6.0
2026-04-29T02:37:26,,,,,,,,755.0,8192.0,7305.0,7.0
2026-04-29T02:37:28,,,,,,,,755.0,8192.0,7305.0,6.0
2026-04-29T02:37:29,,,,,,,,755.0,8192.0,7305.0,5.0
2026-04-29T02:37:31,,,,,,,,755.0,8192.0,7305.0,6.0
2026-04-29T02:37:32,,,,,,,,755.0,8192.0,7305.0,8.0
2026-04-29T02:37:34,,,,,,,,755.0,8192.0,7305.0,6.0
2026-04-29T02:37:35,,,,,,,,755.0,8192.0,7305.0,8.0
2026-04-29T02:37:36,,,,,,,,755.0,8192.0,7305.0,5.0
2026-04-29T02:37:38,,,,,,,,755.0,8192.0,7305.0,6.0
2026-04-29T02:37:39,,,,,,,,755.0,8192.0,7305.0,6.0
2026-04-29T02:37:41,,,,,,,,755.0,8192.0,7305.0,6.0
2026-04-29T02:37:42,,,,,,,,755.0,8192.0,7305.0,11.0
2026-04-29T02:37:44,,,,,,,,755.0,8192.0,7305.0,8.0
2026-04-29T02:37:45,,,,,,,,755.0,8192.0,7305.0,7.0
2026-04-29T02:37:47,,,,,,,,755.0,8192.0,7305.0,8.0
2026-04-29T02:37:48,,,,,,,,755.0,8192.0,7305.0,5.0
2026-04-29T02:37:50,,,,,,,,755.0,8192.0,7305.0,8.0
2026-04-29T02:37:51,,,,,,,,755.0,8192.0,7305.0,6.0
2026-04-29T02:37:53,,,,,,,,755.0,8192.0,7305.0,5.0
2026-04-29T02:37:54,,,,,,,,755.0,8192.0,7305.0,7.0
2026-04-29T02:37:56,,,,,,,,755.0,8192.0,7305.0,7.0
2026-04-29T02:37:57,,,,,,,,755.0,8192.0,7305.0,8.0
2026-04-29T02:37:58,,,,,,,,755.0,8192.0,7305.0,7.0
2026-04-29T02:38:00,,,,,,,,755.0,8192.0,7305.0,6.0
2026-04-29T02:38:01,,,,,,,,755.0,8192.0,7305.0,8.0
2026-04-29T02:38:03,,,,,,,,755.0,8192.0,7305.0,6.0
2026-04-29T02:38:04,,,,,,,,755.0,8192.0,7305.0,6.0
2026-04-29T02:38:06,,,,,,,,755.0,8192.0,7305.0,8.0
2026-04-29T02:38:07,,,,,,,,755.0,8192.0,7305.0,5.0
2026-04-29T02:38:09,,,,,,,,755.0,8192.0,7305.0,7.0
2026-04-29T02:38:10,,,,,,,,755.0,8192.0,7305.0,9.0
2026-04-29T02:38:11,,,,,,,,769.0,8192.0,7291.0,7.0
2026-04-29T02:38:13,,,,,,,,769.0,8192.0,7291.0,6.0
2026-04-29T02:38:14,,,,,,,,769.0,8192.0,7291.0,6.0
2026-04-29T02:38:16,,,,,,,,763.0,8192.0,7297.0,6.0
2026-04-29T02:38:17,,,,,,,,755.0,8192.0,7305.0,9.0
2026-04-29T02:38:19,,,,,,,,755.0,8192.0,7305.0,6.0
2026-04-29T02:38:20,,,,,,,,755.0,8192.0,7305.0,8.0
2026-04-29T02:38:22,,,,,,,,755.0,8192.0,7305.0,7.0
2026-04-29T02:38:23,,,,,,,,755.0,8192.0,7305.0,5.0
2026-04-29T02:38:24,,,,,,,,755.0,8192.0,7305.0,8.0
2026-04-29T02:38:26,,,,,,,,755.0,8192.0,7305.0,6.0
2026-04-29T02:38:27,,,,,,,,755.0,8192.0,7305.0,6.0
2026-04-29T02:38:29,,,,,,,,755.0,8192.0,7305.0,5.0
2026-04-29T02:38:30,,,,,,,,755.0,8192.0,7305.0,6.0
2026-04-29T02:38:32,,,,,,,,755.0,8192.0,7305.0,6.0
2026-04-29T02:38:33,,,,,,,,755.0,8192.0,7305.0,5.0
2026-04-29T02:38:35,,,,,,,,755.0,8192.0,7305.0,7.0
2026-04-29T02:38:36,,,,,,,,755.0,8192.0,7305.0,8.0
2026-04-29T02:38:38,,,,,,,,755.0,8192.0,7305.0,7.0
2026-04-29T02:38:39,,,,,,,,759.0,8192.0,7301.0,8.0
2026-04-29T02:38:41,,,,,,,,759.0,8192.0,7301.0,5.0
2026-04-29T02:38:42,,,,,,,,759.0,8192.0,7301.0,8.0
2026-04-29T02:38:44,,,,,,,,755.0,8192.0,7305.0,6.0
2026-04-29T02:38:45,,,,,,,,755.0,8192.0,7305.0,9.0
2026-04-29T02:38:46,,,,,,,,755.0,8192.0,7305.0,5.0
2026-04-29T02:38:48,,,,,,,,755.0,8192.0,7305.0,6.0
2026-04-29T02:38:49,,,,,,,,755.0,8192.0,7305.0,6.0
2026-04-29T02:38:51,,,,,,,,755.0,8192.0,7305.0,6.0
2026-04-29T02:38:52,,,,,,,,755.0,8192.0,7305.0,7.0
2026-04-29T02:38:54,,,,,,,,755.0,8192.0,7305.0,9.0
2026-04-29T02:38:55,,,,,,,,755.0,8192.0,7305.0,6.0
2026-04-29T02:38:56,,,,,,,,755.0,8192.0,7305.0,6.0
2026-04-29T02:38:58,,,,,,,,755.0,8192.0,7305.0,6.0
2026-04-29T02:39:00,,,,,,,,755.0,8192.0,7305.0,8.0
2026-04-29T02:39:01,,,,,,,,755.0,8192.0,7305.0,6.0
2026-04-29T02:39:03,,,,,,,,755.0,8192.0,7305.0,6.0
2026-04-29T02:39:04,,,,,,,,755.0,8192.0,7305.0,5.0
2026-04-29T02:39:06,,,,,,,,755.0,8192.0,7305.0,5.0
2026-04-29T02:39:07,,,,,,,,755.0,8192.0,7305.0,8.0
2026-04-29T02:39:08,,,,,,,,755.0,8192.0,7305.0,9.0
2026-04-29T02:39:10,,,,,,,,755.0,8192.0,7305.0,6.0
2026-04-29T02:39:11,,,,,,,,755.0,8192.0,7305.0,6.0
2026-04-29T02:39:13,,,,,,,,755.0,8192.0,7305.0,8.0
2026-04-29T02:39:15,,,,,,,,755.0,8192.0,7305.0,5.0
2026-04-29T02:39:16,,,,,,,,755.0,8192.0,7305.0,8.0
2026-04-29T02:39:18,,,,,,,,755.0,8192.0,7305.0,6.0
2026-04-29T02:39:19,,,,,,,,755.0,8192.0,7305.0,8.0
2026-04-29T02:39:21,,,,,,,,755.0,8192.0,7305.0,6.0
2026-04-29T02:39:22,,,,,,,,755.0,8192.0,7305.0,6.0
2026-04-29T02:39:23,,,,,,,,755.0,8192.0,7305.0,6.0
2026-04-29T02:39:25,,,,,,,,755.0,8192.0,7305.0,5.0
2026-04-29T02:39:26,,,,,,,,755.0,8192.0,7305.0,8.0
2026-04-29T02:39:28,,,,,,,,755.0,8192.0,7305.0,5.0
2026-04-29T02:39:29,,,,,,,,755.0,8192.0,7305.0,6.0
2026-04-29T02:39:31,,,,,,,,755.0,8192.0,7305.0,7.0
2026-04-29T02:39:33,,,,,,,,755.0,8192.0,7305.0,5.0
2026-04-29T02:39:34,,,,,,,,755.0,8192.0,7305.0,6.0
2026-04-29T02:39:35,,,,,,,,755.0,8192.0,7305.0,8.0
2026-04-29T02:39:37,,,,,,,,755.0,8192.0,7305.0,6.0
2026-04-29T02:39:38,,,,,,,,755.0,8192.0,7305.0,8.0
2026-04-29T02:39:40,,,,,,,,755.0,8192.0,7305.0,6.0
2026-04-29T02:39:41,,,,,,,,755.0,8192.0,7305.0,8.0
2026-04-29T02:39:43,,,,,,,,755.0,8192.0,7305.0,6.0
2026-04-29T02:39:44,,,,,,,,755.0,8192.0,7305.0,8.0
2026-04-29T02:39:46,,,,,,,,755.0,8192.0,7305.0,6.0
2026-04-29T02:39:47,,,,,,,,755.0,8192.0,7305.0,9.0
2026-04-29T02:39:49,,,,,,,,755.0,8192.0,7305.0,6.0
2026-04-29T02:39:50,,,,,,,,755.0,8192.0,7305.0,7.0
2026-04-29T02:39:52,,,,,,,,755.0,8192.0,7305.0,9.0
2026-04-29T02:39:53,,,,,,,,755.0,8192.0,7305.0,5.0
2026-04-29T02:39:55,,,,,,,,755.0,8192.0,7305.0,8.0
2026-04-29T02:39:56,,,,,,,,755.0,8192.0,7305.0,6.0
2026-04-29T02:39:57,,,,,,,,755.0,8192.0,7305.0,10.0
2026-04-29T02:39:59,,,,,,,,755.0,8192.0,7305.0,5.0
2026-04-29T02:40:00,,,,,,,,755.0,8192.0,7305.0,6.0
2026-04-29T02:40:02,,,,,,,,755.0,8192.0,7305.0,6.0
2026-04-29T02:40:03,,,,,,,,755.0,8192.0,7305.0,6.0
2026-04-29T02:40:05,,,,,,,,755.0,8192.0,7305.0,5.0
2026-04-29T02:40:06,,,,,,,,755.0,8192.0,7305.0,9.0
2026-04-29T02:40:08,,,,,,,,755.0,8192.0,7305.0,6.0
2026-04-29T02:40:09,,,,,,,,755.0,8192.0,7305.0,5.0
2026-04-29T02:40:11,,,,,,,,755.0,8192.0,7305.0,5.0
2026-04-29T02:40:12,,,,,,,,755.0,8192.0,7305.0,6.0
2026-04-29T02:40:13,,,,,,,,755.0,8192.0,7305.0,7.0
2026-04-29T02:40:15,,,,,,,,755.0,8192.0,7305.0,11.0
2026-04-29T02:40:16,,,,,,,,755.0,8192.0,7305.0,6.0
2026-04-29T02:40:18,,,,,,,,755.0,8192.0,7305.0,5.0
2026-04-29T02:40:19,,,,,,,,755.0,8192.0,7305.0,8.0
2026-04-29T02:40:21,,,,,,,,755.0,8192.0,7305.0,6.0
2026-04-29T02:40:22,,,,,,,,755.0,8192.0,7305.0,6.0
2026-04-29T02:40:24,,,,,,,,755.0,8192.0,7305.0,5.0
2026-04-29T02:40:25,,,,,,,,755.0,8192.0,7305.0,7.0
2026-04-29T02:40:26,,,,,,,,755.0,8192.0,7305.0,6.0
2026-04-29T02:40:28,,,,,,,,755.0,8192.0,7305.0,6.0
2026-04-29T02:40:29,,,,,,,,755.0,8192.0,7305.0,11.0
2026-04-29T02:40:31,,,,,,,,755.0,8192.0,7305.0,5.0
2026-04-29T02:40:32,,,,,,,,755.0,8192.0,7305.0,6.0
2026-04-29T02:40:33,,,,,,,,755.0,8192.0,7305.0,8.0
2026-04-29T02:40:35,,,,,,,,755.0,8192.0,7305.0,6.0
2026-04-29T02:40:36,,,,,,,,755.0,8192.0,7305.0,8.0
2026-04-29T02:40:38,,,,,,,,755.0,8192.0,7305.0,8.0
2026-04-29T02:40:39,,,,,,,,755.0,8192.0,7305.0,6.0
2026-04-29T02:40:41,,,,,,,,755.0,8192.0,7305.0,8.0
2026-04-29T02:40:42,,,,,,,,755.0,8192.0,7305.0,6.0
2026-04-29T02:40:44,,,,,,,,755.0,8192.0,7305.0,6.0
2026-04-29T02:40:45,,,,,,,,755.0,8192.0,7305.0,10.0
2026-04-29T02:40:47,,,,,,,,755.0,8192.0,7305.0,7.0
2026-04-29T02:40:48,,,,,,,,755.0,8192.0,7305.0,6.0
2026-04-29T02:40:49,,,,,,,,755.0,8192.0,7305.0,8.0
2026-04-29T02:40:51,,,,,,,,755.0,8192.0,7305.0,6.0
2026-04-29T02:40:52,,,,,,,,755.0,8192.0,7305.0,7.0
2026-04-29T02:40:54,,,,,,,,755.0,8192.0,7305.0,7.0
2026-04-29T02:40:56,,,,,,,,755.0,8192.0,7305.0,6.0
2026-04-29T02:40:57,,,,,,,,755.0,8192.0,7305.0,5.0
2026-04-29T02:40:59,,,,,,,,755.0,8192.0,7305.0,8.0
2026-04-29T02:41:00,,,,,,,,755.0,8192.0,7305.0,6.0
2026-04-29T02:41:02,,,,,,,,755.0,8192.0,7305.0,8.0
2026-04-29T02:41:03,,,,,,,,755.0,8192.0,7305.0,5.0
2026-04-29T02:41:04,,,,,,,,755.0,8192.0,7305.0,6.0
2026-04-29T02:41:06,,,,,,,,755.0,8192.0,7305.0,6.0
2026-04-29T02:41:07,,,,,,,,755.0,8192.0,7305.0,6.0
2026-04-29T02:41:09,,,,,,,,755.0,8192.0,7305.0,8.0
2026-04-29T02:41:10,,,,,,,,755.0,8192.0,7305.0,6.0
2026-04-29T02:41:12,,,,,,,,755.0,8192.0,7305.0,10.0
2026-04-29T02:41:13,,,,,,,,755.0,8192.0,7305.0,6.0
2026-04-29T02:41:15,,,,,,,,755.0,8192.0,7305.0,7.0
2026-04-29T02:41:16,,,,,,,,755.0,8192.0,7305.0,6.0
2026-04-29T02:41:18,,,,,,,,755.0,8192.0,7305.0,6.0
2026-04-29T02:41:19,,,,,,,,755.0,8192.0,7305.0,6.0
2026-04-29T02:41:21,,,,,,,,755.0,8192.0,7305.0,10.0
2026-04-29T02:41:22,,,,,,,,755.0,8192.0,7305.0,6.0
2026-04-29T02:41:24,,,,,,,,755.0,8192.0,7305.0,8.0
2026-04-29T02:41:25,,,,,,,,755.0,8192.0,7305.0,6.0
2026-04-29T02:41:27,,,,,,,,755.0,8192.0,7305.0,8.0
2026-04-29T02:41:28,,,,,,,,755.0,8192.0,7305.0,6.0
2026-04-29T02:41:30,,,,,,,,755.0,8192.0,7305.0,9.0
2026-04-29T02:41:31,,,,,,,,755.0,8192.0,7305.0,5.0
2026-04-29T02:41:32,,,,,,,,755.0,8192.0,7305.0,7.0
2026-04-29T02:41:34,,,,,,,,755.0,8192.0,7305.0,6.0
2026-04-29T02:41:35,,,,,,,,755.0,8192.0,7305.0,6.0
2026-04-29T02:41:37,,,,,,,,755.0,8192.0,7305.0,9.0
2026-04-29T02:41:38,,,,,,,,755.0,8192.0,7305.0,6.0
2026-04-29T02:41:40,,,,,,,,755.0,8192.0,7305.0,6.0
2026-04-29T02:41:41,,,,,,,,755.0,8192.0,7305.0,8.0
2026-04-29T02:41:43,,,,,,,,755.0,8192.0,7305.0,6.0
2026-04-29T02:41:44,,,,,,,,755.0,8192.0,7305.0,6.0
2026-04-29T02:41:46,,,,,,,,755.0,8192.0,7305.0,8.0
2026-04-29T02:41:47,,,,,,,,755.0,8192.0,7305.0,5.0
2026-04-29T02:41:48,,,,,,,,755.0,8192.0,7305.0,8.0
2026-04-29T02:41:50,,,,,,,,755.0,8192.0,7305.0,7.0
2026-04-29T02:41:51,,,,,,,,755.0,8192.0,7305.0,8.0
2026-04-29T02:41:53,,,,,,,,755.0,8192.0,7305.0,6.0
2026-04-29T02:41:54,,,,,,,,755.0,8192.0,7305.0,8.0
2026-04-29T02:41:56,,,,,,,,755.0,8192.0,7305.0,6.0
2026-04-29T02:41:57,,,,,,,,755.0,8192.0,7305.0,8.0
2026-04-29T02:41:59,,,,,,,,755.0,8192.0,7305.0,6.0
2026-04-29T02:42:00,,,,,,,,755.0,8192.0,7305.0,8.0
2026-04-29T02:42:01,,,,,,,,755.0,8192.0,7305.0,5.0
2026-04-29T02:42:03,,,,,,,,755.0,8192.0,7305.0,8.0
2026-04-29T02:42:04,,,,,,,,755.0,8192.0,7305.0,7.0
2026-04-29T02:42:06,,,,,,,,755.0,8192.0,7305.0,6.0
2026-04-29T02:42:07,,,,,,,,755.0,8192.0,7305.0,5.0
2026-04-29T02:42:09,,,,,,,,755.0,8192.0,7305.0,8.0
2026-04-29T02:42:10,,,,,,,,755.0,8192.0,7305.0,6.0
2026-04-29T02:42:11,,,,,,,,755.0,8192.0,7305.0,8.0
2026-04-29T02:42:13,,,,,,,,755.0,8192.0,7305.0,6.0
2026-04-29T02:42:14,,,,,,,,755.0,8192.0,7305.0,6.0
2026-04-29T02:42:16,,,,,,,,755.0,8192.0,7305.0,6.0
2026-04-29T02:42:17,,,,,,,,755.0,8192.0,7305.0,6.0
2026-04-29T02:42:19,,,,,,,,755.0,8192.0,7305.0,8.0
2026-04-29T02:42:20,,,,,,,,755.0,8192.0,7305.0,7.0
2026-04-29T02:42:21,,,,,,,,755.0,8192.0,7305.0,9.0
2026-04-29T02:42:23,,,,,,,,755.0,8192.0,7305.0,6.0
2026-04-29T02:42:24,,,,,,,,755.0,8192.0,7305.0,6.0
2026-04-29T02:42:26,,,,,,,,755.0,8192.0,7305.0,9.0
2026-04-29T02:42:27,,,,,,,,755.0,8192.0,7305.0,6.0
2026-04-29T02:42:29,,,,,,,,755.0,8192.0,7305.0,5.0
2026-04-29T02:42:30,,,,,,,,755.0,8192.0,7305.0,6.0
2026-04-29T02:42:32,,,,,,,,755.0,8192.0,7305.0,5.0
2026-04-29T02:42:33,,,,,,,,755.0,8192.0,7305.0,7.0
2026-04-29T02:42:35,,,,,,,,755.0,8192.0,7305.0,7.0
2026-04-29T02:42:36,,,,,,,,755.0,8192.0,7305.0,6.0
2026-04-29T02:42:37,,,,,,,,755.0,8192.0,7305.0,8.0
2026-04-29T02:42:39,,,,,,,,755.0,8192.0,7305.0,5.0
2026-04-29T02:42:40,,,,,,,,755.0,8192.0,7305.0,6.0
2026-04-29T02:42:42,,,,,,,,755.0,8192.0,7305.0,6.0
2026-04-29T02:42:43,,,,,,,,755.0,8192.0,7305.0,8.0
2026-04-29T02:42:45,,,,,,,,755.0,8192.0,7305.0,5.0
2026-04-29T02:42:46,,,,,,,,755.0,8192.0,7305.0,8.0
2026-04-29T02:42:48,,,,,,,,755.0,8192.0,7305.0,6.0
2026-04-29T02:42:49,,,,,,,,755.0,8192.0,7305.0,8.0
2026-04-29T02:42:51,,,,,,,,755.0,8192.0,7305.0,6.0
2026-04-29T02:42:52,,,,,,,,755.0,8192.0,7305.0,7.0
2026-04-29T02:42:54,,,,,,,,755.0,8192.0,7305.0,8.0
2026-04-29T02:42:55,,,,,,,,755.0,8192.0,7305.0,6.0
2026-04-29T02:42:56,,,,,,,,755.0,8192.0,7305.0,6.0
2026-04-29T02:42:58,,,,,,,,755.0,8192.0,7305.0,8.0
2026-04-29T02:42:59,,,,,,,,755.0,8192.0,7305.0,9.0
2026-04-29T02:43:01,,,,,,,,755.0,8192.0,7305.0,7.0
2026-04-29T02:43:02,,,,,,,,755.0,8192.0,7305.0,8.0
2026-04-29T02:43:04,,,,,,,,755.0,8192.0,7305.0,6.0
2026-04-29T02:43:05,,,,,,,,755.0,8192.0,7305.0,6.0
2026-04-29T02:43:07,,,,,,,,755.0,8192.0,7305.0,6.0
2026-04-29T02:43:08,,,,,,,,755.0,8192.0,7305.0,6.0
2026-04-29T02:43:10,,,,,,,,755.0,8192.0,7305.0,5.0
2026-04-29T02:43:11,,,,,,,,755.0,8192.0,7305.0,6.0
2026-04-29T02:43:13,,,,,,,,755.0,8192.0,7305.0,6.0
2026-04-29T02:43:14,,,,,,,,755.0,8192.0,7305.0,8.0
2026-04-29T02:43:15,,,,,,,,755.0,8192.0,7305.0,5.0
2026-04-29T02:43:17,,,,,,,,755.0,8192.0,7305.0,6.0
2026-04-29T02:43:18,,,,,,,,755.0,8192.0,7305.0,8.0
2026-04-29T02:43:20,,,,,,,,755.0,8192.0,7305.0,5.0
2026-04-29T02:43:21,,,,,,,,755.0,8192.0,7305.0,9.0
2026-04-29T02:43:23,,,,,,,,755.0,8192.0,7305.0,6.0
2026-04-29T02:43:24,,,,,,,,755.0,8192.0,7305.0,7.0
2026-04-29T02:43:26,,,,,,,,755.0,8192.0,7305.0,8.0
2026-04-29T02:43:27,,,,,,,,755.0,8192.0,7305.0,6.0
2026-04-29T02:43:29,,,,,,,,755.0,8192.0,7305.0,8.0
2026-04-29T02:43:30,,,,,,,,755.0,8192.0,7305.0,6.0
2026-04-29T02:43:31,,,,,,,,755.0,8192.0,7305.0,6.0
2026-04-29T02:43:33,,,,,,,,755.0,8192.0,7305.0,8.0
2026-04-29T02:43:34,,,,,,,,755.0,8192.0,7305.0,7.0
2026-04-29T02:43:36,,,,,,,,755.0,8192.0,7305.0,6.0
2026-04-29T02:43:37,,,,,,,,755.0,8192.0,7305.0,8.0
2026-04-29T02:43:39,,,,,,,,755.0,8192.0,7305.0,6.0
2026-04-29T02:43:40,,,,,,,,755.0,8192.0,7305.0,5.0
2026-04-29T02:43:42,,,,,,,,755.0,8192.0,7305.0,6.0
2026-04-29T02:43:43,,,,,,,,755.0,8192.0,7305.0,9.0
2026-04-29T02:43:45,,,,,,,,755.0,8192.0,7305.0,7.0
2026-04-29T02:43:46,,,,,,,,755.0,8192.0,7305.0,5.0
2026-04-29T02:43:48,,,,,,,,755.0,8192.0,7305.0,8.0
2026-04-29T02:43:49,,,,,,,,755.0,8192.0,7305.0,7.0
2026-04-29T02:43:50,,,,,,,,755.0,8192.0,7305.0,8.0
2026-04-29T02:43:52,,,,,,,,755.0,8192.0,7305.0,6.0
2026-04-29T02:43:53,,,,,,,,755.0,8192.0,7305.0,10.0
2026-04-29T02:43:55,,,,,,,,755.0,8192.0,7305.0,7.0
2026-04-29T02:43:56,,,,,,,,755.0,8192.0,7305.0,6.0
2026-04-29T02:43:58,,,,,,,,755.0,8192.0,7305.0,8.0
2026-04-29T02:43:59,,,,,,,,755.0,8192.0,7305.0,6.0
2026-04-29T02:44:01,,,,,,,,755.0,8192.0,7305.0,11.0
2026-04-29T02:44:02,,,,,,,,755.0,8192.0,7305.0,6.0
2026-04-29T02:44:03,,,,,,,,755.0,8192.0,7305.0,6.0
2026-04-29T02:44:05,,,,,,,,755.0,8192.0,7305.0,8.0
2026-04-29T02:44:06,,,,,,,,755.0,8192.0,7305.0,5.0
2026-04-29T02:44:08,,,,,,,,755.0,8192.0,7305.0,6.0
2026-04-29T02:44:09,,,,,,,,755.0,8192.0,7305.0,8.0
2026-04-29T02:44:11,,,,,,,,755.0,8192.0,7305.0,6.0
2026-04-29T02:44:12,,,,,,,,755.0,8192.0,7305.0,10.0
2026-04-29T02:44:14,,,,,,,,755.0,8192.0,7305.0,6.0
2026-04-29T02:44:15,,,,,,,,755.0,8192.0,7305.0,6.0
2026-04-29T02:44:17,,,,,,,,755.0,8192.0,7305.0,6.0
2026-04-29T02:44:18,,,,,,,,755.0,8192.0,7305.0,9.0
2026-04-29T02:44:20,,,,,,,,755.0,8192.0,7305.0,6.0
2026-04-29T02:44:21,,,,,,,,755.0,8192.0,7305.0,10.0
2026-04-29T02:44:23,,,,,,,,755.0,8192.0,7305.0,5.0
2026-04-29T02:44:24,,,,,,,,755.0,8192.0,7305.0,8.0
2026-04-29T02:44:26,,,,,,,,755.0,8192.0,7305.0,7.0
2026-04-29T02:44:27,,,,,,,,755.0,8192.0,7305.0,6.0
2026-04-29T02:44:29,,,,,,,,755.0,8192.0,7305.0,8.0
2026-04-29T02:44:30,,,,,,,,755.0,8192.0,7305.0,7.0
2026-04-29T02:44:31,,,,,,,,755.0,8192.0,7305.0,6.0
2026-04-29T02:44:33,,,,,,,,755.0,8192.0,7305.0,8.0
2026-04-29T02:44:34,,,,,,,,755.0,8192.0,7305.0,6.0
2026-04-29T02:44:36,,,,,,,,755.0,8192.0,7305.0,6.0
2026-04-29T02:44:37,,,,,,,,755.0,8192.0,7305.0,6.0
2026-04-29T02:44:39,,,,,,,,755.0,8192.0,7305.0,9.0
2026-04-29T02:44:40,,,,,,,,755.0,8192.0,7305.0,6.0
2026-04-29T02:44:42,,,,,,,,755.0,8192.0,7305.0,6.0
2026-04-29T02:44:43,,,,,,,,755.0,8192.0,7305.0,6.0
2026-04-29T02:44:45,,,,,,,,755.0,8192.0,7305.0,8.0
2026-04-29T02:44:46,,,,,,,,755.0,8192.0,7305.0,6.0
2026-04-29T02:44:48,,,,,,,,755.0,8192.0,7305.0,6.0
2026-04-29T02:44:49,,,,,,,,755.0,8192.0,7305.0,6.0
2026-04-29T02:44:51,,,,,,,,755.0,8192.0,7305.0,8.0
2026-04-29T02:44:52,,,,,,,,755.0,8192.0,7305.0,6.0
2026-04-29T02:44:54,,,,,,,,755.0,8192.0,7305.0,10.0
2026-04-29T02:44:55,,,,,,,,755.0,8192.0,7305.0,7.0
2026-04-29T02:44:56,,,,,,,,755.0,8192.0,7305.0,9.0
2026-04-29T02:44:58,,,,,,,,755.0,8192.0,7305.0,8.0
2026-04-29T02:44:59,,,,,,,,755.0,8192.0,7305.0,6.0
2026-04-29T02:45:01,,,,,,,,755.0,8192.0,7305.0,5.0
2026-04-29T02:45:02,,,,,,,,755.0,8192.0,7305.0,6.0
2026-04-29T02:45:04,,,,,,,,755.0,8192.0,7305.0,6.0
2026-04-29T02:45:05,,,,,,,,755.0,8192.0,7305.0,6.0
2026-04-29T02:45:07,,,,,,,,755.0,8192.0,7305.0,6.0
2026-04-29T02:45:08,,,,,,,,755.0,8192.0,7305.0,8.0
2026-04-29T02:45:10,,,,,,,,755.0,8192.0,7305.0,5.0
2026-04-29T02:45:11,,,,,,,,755.0,8192.0,7305.0,5.0
2026-04-29T02:45:12,,,,,,,,755.0,8192.0,7305.0,6.0
2026-04-29T02:45:14,,,,,,,,755.0,8192.0,7305.0,8.0
2026-04-29T02:45:15,,,,,,,,755.0,8192.0,7305.0,9.0
2026-04-29T02:45:17,,,,,,,,755.0,8192.0,7305.0,8.0
2026-04-29T02:45:18,,,,,,,,755.0,8192.0,7305.0,6.0
2026-04-29T02:45:20,,,,,,,,755.0,8192.0,7305.0,8.0
2026-04-29T02:45:21,,,,,,,,755.0,8192.0,7305.0,5.0
2026-04-29T02:45:22,,,,,,,,755.0,8192.0,7305.0,10.0
2026-04-29T02:45:24,,,,,,,,755.0,8192.0,7305.0,6.0
2026-04-29T02:45:25,,,,,,,,755.0,8192.0,7305.0,9.0
2026-04-29T02:45:27,,,,,,,,755.0,8192.0,7305.0,7.0
2026-04-29T02:45:28,,,,,,,,755.0,8192.0,7305.0,5.0
2026-04-29T02:45:30,,,,,,,,755.0,8192.0,7305.0,8.0
2026-04-29T02:45:31,,,,,,,,755.0,8192.0,7305.0,6.0
2026-04-29T02:45:33,,,,,,,,755.0,8192.0,7305.0,10.0
2026-04-29T02:45:34,,,,,,,,755.0,8192.0,7305.0,6.0
2026-04-29T02:45:36,,,,,,,,755.0,8192.0,7305.0,8.0
2026-04-29T02:45:37,,,,,,,,755.0,8192.0,7305.0,6.0
2026-04-29T02:45:38,,,,,,,,755.0,8192.0,7305.0,6.0
2026-04-29T02:45:40,,,,,,,,755.0,8192.0,7305.0,7.0
2026-04-29T02:45:41,,,,,,,,755.0,8192.0,7305.0,6.0
2026-04-29T02:45:43,,,,,,,,755.0,8192.0,7305.0,10.0
2026-04-29T02:45:44,,,,,,,,755.0,8192.0,7305.0,6.0
2026-04-29T02:45:46,,,,,,,,755.0,8192.0,7305.0,9.0
2026-04-29T02:45:47,,,,,,,,755.0,8192.0,7305.0,6.0
2026-04-29T02:45:49,,,,,,,,755.0,8192.0,7305.0,5.0
2026-04-29T02:45:50,,,,,,,,755.0,8192.0,7305.0,8.0
2026-04-29T02:45:52,,,,,,,,755.0,8192.0,7305.0,6.0
2026-04-29T02:45:53,,,,,,,,755.0,8192.0,7305.0,6.0
2026-04-29T02:45:55,,,,,,,,755.0,8192.0,7305.0,8.0
2026-04-29T02:45:56,,,,,,,,755.0,8192.0,7305.0,8.0
2026-04-29T02:45:57,,,,,,,,755.0,8192.0,7305.0,6.0
2026-04-29T02:45:59,,,,,,,,755.0,8192.0,7305.0,8.0
2026-04-29T02:46:00,,,,,,,,755.0,8192.0,7305.0,5.0
2026-04-29T02:46:02,,,,,,,,755.0,8192.0,7305.0,8.0
2026-04-29T02:46:03,,,,,,,,755.0,8192.0,7305.0,6.0
2026-04-29T02:46:06,,,,,,,,755.0,8192.0,7305.0,2.0
2026-04-29T02:46:08,,,,,,,,755.0,8192.0,7305.0,1.0
2026-04-29T02:46:09,,,,,,,,694.0,8192.0,7366.0,1.0
2026-04-29T02:46:11,,,,,,,,787.0,8192.0,7273.0,16.0
2026-04-29T02:46:13,,,,,,,,788.0,8192.0,7272.0,1.0
2026-04-29T02:46:14,,,,,,,,781.0,8192.0,7279.0,1.0
2026-04-29T02:46:16,,,,,,,,781.0,8192.0,7279.0,1.0
2026-04-29T02:46:17,,,,,,,,749.0,8192.0,7311.0,2.0
2026-04-29T02:46:19,,,,,,,,749.0,8192.0,7311.0,1.0
2026-04-29T02:46:20,,,,,,,,749.0,8192.0,7311.0,2.0
2026-04-29T02:46:22,,,,,,,,749.0,8192.0,7311.0,1.0
2026-04-29T02:46:23,,,,,,,,749.0,8192.0,7311.0,2.0
2026-04-29T02:46:25,,,,,,,,749.0,8192.0,7311.0,1.0
2026-04-29T02:46:26,,,,,,,,749.0,8192.0,7311.0,1.0
2026-04-29T02:46:28,,,,,,,,749.0,8192.0,7311.0,1.0
2026-04-29T02:46:29,,,,,,,,749.0,8192.0,7311.0,2.0
2026-04-29T02:46:31,,,,,,,,749.0,8192.0,7311.0,2.0
2026-04-29T02:46:32,,,,,,,,749.0,8192.0,7311.0,1.0
2026-04-29T02:46:34,,,,,,,,749.0,8192.0,7311.0,2.0
2026-04-29T02:46:35,,,,,,,,749.0,8192.0,7311.0,2.0
2026-04-29T02:46:37,,,,,,,,749.0,8192.0,7311.0,1.0
2026-04-29T02:46:38,,,,,,,,749.0,8192.0,7311.0,2.0
2026-04-29T02:46:40,,,,,,,,749.0,8192.0,7311.0,1.0
2026-04-29T02:46:41,,,,,,,,749.0,8192.0,7311.0,1.0
2026-04-29T02:46:43,,,,,,,,749.0,8192.0,7311.0,1.0
2026-04-29T02:46:44,,,,,,,,749.0,8192.0,7311.0,1.0
2026-04-29T02:46:46,,,,,,,,749.0,8192.0,7311.0,2.0
2026-04-29T02:46:47,,,,,,,,749.0,8192.0,7311.0,1.0
2026-04-29T02:46:49,,,,,,,,749.0,8192.0,7311.0,2.0
2026-04-29T02:46:50,,,,,,,,749.0,8192.0,7311.0,2.0
2026-04-29T02:46:52,,,,,,,,749.0,8192.0,7311.0,1.0
2026-04-29T02:46:53,,,,,,,,749.0,8192.0,7311.0,1.0
2026-04-29T02:46:55,,,,,,,,749.0,8192.0,7311.0,1.0
2026-04-29T02:46:56,,,,,,,,749.0,8192.0,7311.0,1.0
2026-04-29T02:46:58,,,,,,,,749.0,8192.0,7311.0,1.0
2026-04-29T02:46:59,,,,,,,,749.0,8192.0,7311.0,2.0
2026-04-29T02:47:01,,,,,,,,749.0,8192.0,7311.0,1.0
2026-04-29T02:47:02,,,,,,,,749.0,8192.0,7311.0,1.0
2026-04-29T02:47:04,,,,,,,,749.0,8192.0,7311.0,2.0
2026-04-29T02:47:06,,,,,,,,749.0,8192.0,7311.0,1.0
2026-04-29T02:47:07,,,,,,,,749.0,8192.0,7311.0,1.0
2026-04-29T02:47:09,,,,,,,,749.0,8192.0,7311.0,1.0
2026-04-29T02:47:10,,,,,,,,749.0,8192.0,7311.0,2.0
2026-04-29T02:47:12,,,,,,,,749.0,8192.0,7311.0,1.0
2026-04-29T02:47:13,,,,,,,,749.0,8192.0,7311.0,2.0
2026-04-29T02:47:14,,,,,,,,749.0,8192.0,7311.0,1.0
2026-04-29T02:47:16,,,,,,,,749.0,8192.0,7311.0,1.0
2026-04-29T02:47:17,,,,,,,,749.0,8192.0,7311.0,1.0
2026-04-29T02:47:19,,,,,,,,749.0,8192.0,7311.0,2.0
2026-04-29T02:47:20,,,,,,,,749.0,8192.0,7311.0,1.0
2026-04-29T02:47:22,,,,,,,,749.0,8192.0,7311.0,1.0
2026-04-29T02:47:23,,,,,,,,749.0,8192.0,7311.0,2.0
2026-04-29T02:47:25,,,,,,,,749.0,8192.0,7311.0,1.0
2026-04-29T02:47:26,,,,,,,,749.0,8192.0,7311.0,2.0
2026-04-29T02:47:28,,,,,,,,749.0,8192.0,7311.0,1.0
2026-04-29T02:47:29,,,,,,,,749.0,8192.0,7311.0,2.0
2026-04-29T02:47:31,,,,,,,,749.0,8192.0,7311.0,1.0
2026-04-29T02:47:32,,,,,,,,749.0,8192.0,7311.0,2.0
2026-04-29T02:47:34,,,,,,,,749.0,8192.0,7311.0,1.0
2026-04-29T02:47:36,,,,,,,,749.0,8192.0,7311.0,1.0
2026-04-29T02:47:37,,,,,,,,749.0,8192.0,7311.0,1.0
2026-04-29T02:47:39,,,,,,,,749.0,8192.0,7311.0,1.0
2026-04-29T02:47:40,,,,,,,,749.0,8192.0,7311.0,2.0
2026-04-29T02:47:41,,,,,,,,749.0,8192.0,7311.0,1.0
2026-04-29T02:47:43,,,,,,,,749.0,8192.0,7311.0,2.0
2026-04-29T02:47:45,,,,,,,,749.0,8192.0,7311.0,1.0
2026-04-29T02:47:46,,,,,,,,749.0,8192.0,7311.0,2.0
2026-04-29T02:47:48,,,,,,,,749.0,8192.0,7311.0,1.0
2026-04-29T02:47:49,,,,,,,,749.0,8192.0,7311.0,3.0
2026-04-29T02:47:50,,,,,,,,749.0,8192.0,7311.0,1.0
2026-04-29T02:47:52,,,,,,,,749.0,8192.0,7311.0,2.0
2026-04-29T02:47:53,,,,,,,,749.0,8192.0,7311.0,1.0
2026-04-29T02:47:55,,,,,,,,749.0,8192.0,7311.0,1.0
2026-04-29T02:47:56,,,,,,,,749.0,8192.0,7311.0,2.0
2026-04-29T02:47:58,,,,,,,,749.0,8192.0,7311.0,1.0
2026-04-29T02:47:59,,,,,,,,749.0,8192.0,7311.0,1.0
2026-04-29T02:48:01,,,,,,,,749.0,8192.0,7311.0,1.0
2026-04-29T02:48:02,,,,,,,,749.0,8192.0,7311.0,1.0
2026-04-29T02:48:04,,,,,,,,749.0,8192.0,7311.0,1.0
2026-04-29T02:48:06,,,,,,,,749.0,8192.0,7311.0,2.0
2026-04-29T02:48:07,,,,,,,,749.0,8192.0,7311.0,1.0
2026-04-29T02:48:09,,,,,,,,749.0,8192.0,7311.0,1.0
2026-04-29T02:48:10,,,,,,,,749.0,8192.0,7311.0,1.0
2026-04-29T02:48:12,,,,,,,,749.0,8192.0,7311.0,2.0
2026-04-29T02:48:13,,,,,,,,749.0,8192.0,7311.0,1.0
2026-04-29T02:48:15,,,,,,,,749.0,8192.0,7311.0,2.0
2026-04-29T02:48:16,,,,,,,,749.0,8192.0,7311.0,1.0
2026-04-29T02:48:18,,,,,,,,749.0,8192.0,7311.0,1.0
2026-04-29T02:48:19,,,,,,,,749.0,8192.0,7311.0,1.0
2026-04-29T02:48:21,,,,,,,,749.0,8192.0,7311.0,2.0
2026-04-29T02:48:22,,,,,,,,749.0,8192.0,7311.0,1.0
2026-04-29T02:48:24,,,,,,,,749.0,8192.0,7311.0,2.0
2026-04-29T02:48:25,,,,,,,,749.0,8192.0,7311.0,1.0
2026-04-29T02:48:27,,,,,,,,749.0,8192.0,7311.0,1.0
2026-04-29T02:48:28,,,,,,,,749.0,8192.0,7311.0,1.0
2026-04-29T02:48:30,,,,,,,,749.0,8192.0,7311.0,1.0
2026-04-29T02:48:31,,,,,,,,749.0,8192.0,7311.0,2.0
2026-04-29T02:48:33,,,,,,,,749.0,8192.0,7311.0,1.0
2026-04-29T02:48:34,,,,,,,,749.0,8192.0,7311.0,1.0
2026-04-29T02:48:36,,,,,,,,749.0,8192.0,7311.0,1.0
2026-04-29T02:48:37,,,,,,,,749.0,8192.0,7311.0,2.0
2026-04-29T02:48:39,,,,,,,,749.0,8192.0,7311.0,1.0
2026-04-29T02:48:40,,,,,,,,749.0,8192.0,7311.0,1.0
2026-04-29T02:48:42,,,,,,,,749.0,8192.0,7311.0,1.0
2026-04-29T02:48:43,,,,,,,,749.0,8192.0,7311.0,2.0
2026-04-29T02:48:45,,,,,,,,749.0,8192.0,7311.0,1.0
2026-04-29T02:48:46,,,,,,,,749.0,8192.0,7311.0,2.0
2026-04-29T02:48:48,,,,,,,,749.0,8192.0,7311.0,1.0
2026-04-29T02:48:49,,,,,,,,749.0,8192.0,7311.0,2.0
2026-04-29T02:48:51,,,,,,,,749.0,8192.0,7311.0,1.0
2026-04-29T02:48:52,,,,,,,,749.0,8192.0,7311.0,2.0
2026-04-29T02:48:54,,,,,,,,749.0,8192.0,7311.0,1.0
2026-04-29T02:48:55,,,,,,,,749.0,8192.0,7311.0,1.0
2026-04-29T02:48:57,,,,,,,,749.0,8192.0,7311.0,1.0
2026-04-29T02:48:58,,,,,,,,749.0,8192.0,7311.0,2.0
2026-04-29T02:49:00,,,,,,,,749.0,8192.0,7311.0,2.0
2026-04-29T02:49:01,,,,,,,,749.0,8192.0,7311.0,1.0
2026-04-29T02:49:03,,,,,,,,749.0,8192.0,7311.0,1.0
2026-04-29T02:49:04,,,,,,,,749.0,8192.0,7311.0,1.0
2026-04-29T02:49:06,,,,,,,,749.0,8192.0,7311.0,1.0
2026-04-29T02:49:07,,,,,,,,749.0,8192.0,7311.0,1.0
2026-04-29T02:49:09,,,,,,,,749.0,8192.0,7311.0,1.0
2026-04-29T02:49:10,,,,,,,,749.0,8192.0,7311.0,1.0
2026-04-29T02:49:12,,,,,,,,749.0,8192.0,7311.0,2.0
2026-04-29T02:49:13,,,,,,,,749.0,8192.0,7311.0,1.0
2026-04-29T02:49:14,,,,,,,,749.0,8192.0,7311.0,2.0
2026-04-29T02:49:16,,,,,,,,749.0,8192.0,7311.0,1.0
2026-04-29T02:49:18,,,,,,,,749.0,8192.0,7311.0,2.0
2026-04-29T02:49:19,,,,,,,,749.0,8192.0,7311.0,1.0
2026-04-29T02:49:21,,,,,,,,749.0,8192.0,7311.0,2.0
2026-04-29T02:49:22,,,,,,,,749.0,8192.0,7311.0,1.0
2026-04-29T02:49:24,,,,,,,,749.0,8192.0,7311.0,2.0
2026-04-29T02:49:25,,,,,,,,749.0,8192.0,7311.0,1.0
2026-04-29T02:49:27,,,,,,,,749.0,8192.0,7311.0,2.0
2026-04-29T02:49:28,,,,,,,,749.0,8192.0,7311.0,1.0
2026-04-29T02:49:30,,,,,,,,749.0,8192.0,7311.0,2.0
2026-04-29T02:49:31,,,,,,,,749.0,8192.0,7311.0,1.0
2026-04-29T02:49:33,,,,,,,,749.0,8192.0,7311.0,2.0
2026-04-29T02:49:34,,,,,,,,749.0,8192.0,7311.0,1.0
2026-04-29T02:49:36,,,,,,,,749.0,8192.0,7311.0,2.0
2026-04-29T02:49:37,,,,,,,,749.0,8192.0,7311.0,1.0
2026-04-29T02:49:39,,,,,,,,749.0,8192.0,7311.0,2.0
2026-04-29T02:49:40,,,,,,,,749.0,8192.0,7311.0,1.0
2026-04-29T02:49:42,,,,,,,,749.0,8192.0,7311.0,2.0
2026-04-29T02:49:43,,,,,,,,749.0,8192.0,7311.0,1.0
2026-04-29T02:49:44,,,,,,,,749.0,8192.0,7311.0,2.0
2026-04-29T02:49:46,,,,,,,,749.0,8192.0,7311.0,1.0
2026-04-29T02:49:47,,,,,,,,749.0,8192.0,7311.0,2.0
2026-04-29T02:49:49,,,,,,,,749.0,8192.0,7311.0,1.0
2026-04-29T02:49:50,,,,,,,,749.0,8192.0,7311.0,1.0
2026-04-29T02:49:52,,,,,,,,749.0,8192.0,7311.0,1.0
2026-04-29T02:49:53,,,,,,,,749.0,8192.0,7311.0,2.0
2026-04-29T02:49:55,,,,,,,,749.0,8192.0,7311.0,1.0
2026-04-29T02:49:56,,,,,,,,749.0,8192.0,7311.0,1.0
2026-04-29T02:49:58,,,,,,,,749.0,8192.0,7311.0,2.0
2026-04-29T02:49:59,,,,,,,,749.0,8192.0,7311.0,1.0
2026-04-29T02:50:01,,,,,,,,749.0,8192.0,7311.0,2.0
2026-04-29T02:50:02,,,,,,,,749.0,8192.0,7311.0,1.0
2026-04-29T02:50:04,,,,,,,,749.0,8192.0,7311.0,1.0
2026-04-29T02:50:05,,,,,,,,749.0,8192.0,7311.0,1.0
2026-04-29T02:50:07,,,,,,,,749.0,8192.0,7311.0,1.0
2026-04-29T02:50:08,,,,,,,,749.0,8192.0,7311.0,1.0
2026-04-29T02:50:10,,,,,,,,749.0,8192.0,7311.0,1.0
2026-04-29T02:50:11,,,,,,,,749.0,8192.0,7311.0,2.0
2026-04-29T02:50:13,,,,,,,,749.0,8192.0,7311.0,1.0
2026-04-29T02:50:15,,,,,,,,749.0,8192.0,7311.0,1.0
2026-04-29T02:50:16,,,,,,,,749.0,8192.0,7311.0,1.0
2026-04-29T02:50:18,,,,,,,,749.0,8192.0,7311.0,3.0
2026-04-29T02:50:19,,,,,,,,749.0,8192.0,7311.0,1.0
2026-04-29T02:50:21,,,,,,,,749.0,8192.0,7311.0,2.0
2026-04-29T02:50:22,,,,,,,,749.0,8192.0,7311.0,1.0
2026-04-29T02:50:24,,,,,,,,749.0,8192.0,7311.0,1.0
2026-04-29T02:50:25,,,,,,,,749.0,8192.0,7311.0,2.0
2026-04-29T02:50:27,,,,,,,,749.0,8192.0,7311.0,1.0
2026-04-29T02:50:28,,,,,,,,749.0,8192.0,7311.0,2.0
2026-04-29T02:50:30,,,,,,,,749.0,8192.0,7311.0,1.0
2026-04-29T02:50:31,,,,,,,,749.0,8192.0,7311.0,1.0
2026-04-29T02:50:33,,,,,,,,749.0,8192.0,7311.0,2.0
2026-04-29T02:50:34,,,,,,,,749.0,8192.0,7311.0,1.0
2026-04-29T02:50:36,,,,,,,,749.0,8192.0,7311.0,2.0
2026-04-29T02:50:37,,,,,,,,749.0,8192.0,7311.0,1.0
2026-04-29T02:50:39,,,,,,,,749.0,8192.0,7311.0,1.0
2026-04-29T02:50:40,,,,,,,,749.0,8192.0,7311.0,1.0
2026-04-29T02:50:42,,,,,,,,749.0,8192.0,7311.0,1.0
2026-04-29T02:50:43,,,,,,,,749.0,8192.0,7311.0,1.0
2026-04-29T02:50:45,,,,,,,,749.0,8192.0,7311.0,1.0
2026-04-29T02:50:46,,,,,,,,749.0,8192.0,7311.0,1.0
2026-04-29T02:50:47,,,,,,,,749.0,8192.0,7311.0,2.0
2026-04-29T02:50:49,,,,,,,,749.0,8192.0,7311.0,1.0
2026-04-29T02:50:51,,,,,,,,749.0,8192.0,7311.0,2.0
2026-04-29T02:50:52,,,,,,,,749.0,8192.0,7311.0,1.0
2026-04-29T02:50:53,,,,,,,,749.0,8192.0,7311.0,2.0
2026-04-29T02:50:55,,,,,,,,749.0,8192.0,7311.0,1.0
2026-04-29T02:50:56,,,,,,,,749.0,8192.0,7311.0,1.0
2026-04-29T02:50:58,,,,,,,,749.0,8192.0,7311.0,2.0
2026-04-29T02:50:59,,,,,,,,749.0,8192.0,7311.0,1.0
2026-04-29T02:51:01,,,,,,,,749.0,8192.0,7311.0,2.0
2026-04-29T02:51:02,,,,,,,,749.0,8192.0,7311.0,2.0
2026-04-29T02:51:04,,,,,,,,749.0,8192.0,7311.0,1.0
2026-04-29T02:51:05,,,,,,,,749.0,8192.0,7311.0,2.0
2026-04-29T02:51:07,,,,,,,,749.0,8192.0,7311.0,1.0
2026-04-29T02:51:08,,,,,,,,749.0,8192.0,7311.0,2.0
2026-04-29T02:51:10,,,,,,,,749.0,8192.0,7311.0,1.0
2026-04-29T02:51:11,,,,,,,,749.0,8192.0,7311.0,2.0
2026-04-29T02:51:13,,,,,,,,749.0,8192.0,7311.0,1.0
2026-04-29T02:51:14,,,,,,,,749.0,8192.0,7311.0,1.0
2026-04-29T02:51:16,,,,,,,,749.0,8192.0,7311.0,2.0
2026-04-29T02:51:17,,,,,,,,749.0,8192.0,7311.0,1.0
2026-04-29T02:51:19,,,,,,,,749.0,8192.0,7311.0,1.0
2026-04-29T02:51:20,,,,,,,,749.0,8192.0,7311.0,1.0
2026-04-29T02:51:22,,,,,,,,749.0,8192.0,7311.0,2.0
2026-04-29T02:51:23,,,,,,,,749.0,8192.0,7311.0,1.0
2026-04-29T02:51:25,,,,,,,,749.0,8192.0,7311.0,2.0
2026-04-29T02:51:26,,,,,,,,749.0,8192.0,7311.0,1.0
2026-04-29T02:51:28,,,,,,,,749.0,8192.0,7311.0,2.0
2026-04-29T02:51:30,,,,,,,,749.0,8192.0,7311.0,1.0
2026-04-29T02:51:31,,,,,,,,749.0,8192.0,7311.0,1.0
2026-04-29T02:51:32,,,,,,,,749.0,8192.0,7311.0,2.0
2026-04-29T02:51:34,,,,,,,,749.0,8192.0,7311.0,1.0
2026-04-29T02:51:36,,,,,,,,749.0,8192.0,7311.0,2.0
2026-04-29T02:51:37,,,,,,,,749.0,8192.0,7311.0,1.0
2026-04-29T02:51:39,,,,,,,,749.0,8192.0,7311.0,2.0
2026-04-29T02:51:40,,,,,,,,749.0,8192.0,7311.0,1.0
2026-04-29T02:51:42,,,,,,,,749.0,8192.0,7311.0,1.0
2026-04-29T02:51:43,,,,,,,,749.0,8192.0,7311.0,1.0
2026-04-29T02:51:45,,,,,,,,749.0,8192.0,7311.0,3.0
2026-04-29T02:51:46,,,,,,,,749.0,8192.0,7311.0,1.0
2026-04-29T02:51:48,,,,,,,,749.0,8192.0,7311.0,1.0
2026-04-29T02:51:49,,,,,,,,749.0,8192.0,7311.0,1.0
2026-04-29T02:51:51,,,,,,,,749.0,8192.0,7311.0,1.0
2026-04-29T02:51:52,,,,,,,,749.0,8192.0,7311.0,1.0
2026-04-29T02:51:54,,,,,,,,749.0,8192.0,7311.0,1.0
2026-04-29T02:51:55,,,,,,,,749.0,8192.0,7311.0,1.0
2026-04-29T02:51:57,,,,,,,,749.0,8192.0,7311.0,2.0
2026-04-29T02:51:58,,,,,,,,749.0,8192.0,7311.0,1.0
2026-04-29T02:52:00,,,,,,,,749.0,8192.0,7311.0,2.0
2026-04-29T02:52:01,,,,,,,,749.0,8192.0,7311.0,1.0
2026-04-29T02:52:03,,,,,,,,749.0,8192.0,7311.0,1.0
2026-04-29T02:52:04,,,,,,,,749.0,8192.0,7311.0,1.0
2026-04-29T02:52:06,,,,,,,,749.0,8192.0,7311.0,1.0
2026-04-29T02:52:07,,,,,,,,749.0,8192.0,7311.0,1.0
2026-04-29T02:52:09,,,,,,,,749.0,8192.0,7311.0,2.0
2026-04-29T02:52:10,,,,,,,,749.0,8192.0,7311.0,1.0
2026-04-29T02:52:12,,,,,,,,749.0,8192.0,7311.0,1.0
2026-04-29T02:52:13,,,,,,,,749.0,8192.0,7311.0,1.0
2026-04-29T02:52:15,,,,,,,,749.0,8192.0,7311.0,1.0
2026-04-29T02:52:17,,,,,,,,749.0,8192.0,7311.0,1.0
2026-04-29T02:52:18,,,,,,,,749.0,8192.0,7311.0,1.0
2026-04-29T02:52:20,,,,,,,,749.0,8192.0,7311.0,2.0
2026-04-29T02:52:21,,,,,,,,749.0,8192.0,7311.0,1.0
2026-04-29T02:52:23,,,,,,,,749.0,8192.0,7311.0,1.0
2026-04-29T02:52:24,,,,,,,,749.0,8192.0,7311.0,2.0
2026-04-29T02:52:26,,,,,,,,749.0,8192.0,7311.0,2.0
2026-04-29T02:52:27,,,,,,,,749.0,8192.0,7311.0,1.0
2026-04-29T02:52:29,,,,,,,,749.0,8192.0,7311.0,1.0
2026-04-29T02:52:30,,,,,,,,749.0,8192.0,7311.0,1.0
2026-04-29T02:52:32,,,,,,,,749.0,8192.0,7311.0,2.0
2026-04-29T02:52:33,,,,,,,,749.0,8192.0,7311.0,1.0
2026-04-29T02:52:35,,,,,,,,749.0,8192.0,7311.0,1.0
2026-04-29T02:52:36,,,,,,,,749.0,8192.0,7311.0,2.0
2026-04-29T02:52:37,,,,,,,,749.0,8192.0,7311.0,1.0
2026-04-29T02:52:39,,,,,,,,749.0,8192.0,7311.0,1.0
2026-04-29T02:52:40,,,,,,,,749.0,8192.0,7311.0,1.0
2026-04-29T02:52:42,,,,,,,,749.0,8192.0,7311.0,1.0
2026-04-29T02:52:44,,,,,,,,749.0,8192.0,7311.0,1.0
2026-04-29T02:52:45,,,,,,,,749.0,8192.0,7311.0,2.0
2026-04-29T02:52:47,,,,,,,,749.0,8192.0,7311.0,1.0
2026-04-29T02:52:48,,,,,,,,749.0,8192.0,7311.0,1.0
2026-04-29T02:52:50,,,,,,,,749.0,8192.0,7311.0,1.0
2026-04-29T02:52:51,,,,,,,,749.0,8192.0,7311.0,1.0
2026-04-29T02:52:53,,,,,,,,749.0,8192.0,7311.0,1.0
2026-04-29T02:52:54,,,,,,,,749.0,8192.0,7311.0,1.0
2026-04-29T02:52:56,,,,,,,,749.0,8192.0,7311.0,2.0
2026-04-29T02:52:57,,,,,,,,749.0,8192.0,7311.0,1.0
2026-04-29T02:52:59,,,,,,,,749.0,8192.0,7311.0,1.0
2026-04-29T02:53:00,,,,,,,,749.0,8192.0,7311.0,1.0
2026-04-29T02:53:02,,,,,,,,749.0,8192.0,7311.0,2.0
2026-04-29T02:53:03,,,,,,,,749.0,8192.0,7311.0,1.0
2026-04-29T02:53:04,,,,,,,,749.0,8192.0,7311.0,2.0
2026-04-29T02:53:06,,,,,,,,749.0,8192.0,7311.0,1.0
2026-04-29T02:53:07,,,,,,,,749.0,8192.0,7311.0,2.0
2026-04-29T02:53:09,,,,,,,,749.0,8192.0,7311.0,1.0
2026-04-29T02:53:11,,,,,,,,749.0,8192.0,7311.0,2.0
2026-04-29T02:53:12,,,,,,,,749.0,8192.0,7311.0,1.0
2026-04-29T02:53:13,,,,,,,,749.0,8192.0,7311.0,1.0
2026-04-29T02:53:15,,,,,,,,749.0,8192.0,7311.0,1.0
2026-04-29T02:53:16,,,,,,,,749.0,8192.0,7311.0,1.0
2026-04-29T02:53:18,,,,,,,,749.0,8192.0,7311.0,1.0
2026-04-29T02:53:19,,,,,,,,749.0,8192.0,7311.0,1.0
2026-04-29T02:53:21,,,,,,,,749.0,8192.0,7311.0,1.0
2026-04-29T02:53:22,,,,,,,,749.0,8192.0,7311.0,2.0
2026-04-29T02:53:24,,,,,,,,749.0,8192.0,7311.0,1.0
2026-04-29T02:53:25,,,,,,,,749.0,8192.0,7311.0,2.0
2026-04-29T02:53:27,,,,,,,,749.0,8192.0,7311.0,1.0
2026-04-29T02:53:28,,,,,,,,749.0,8192.0,7311.0,2.0
2026-04-29T02:53:30,,,,,,,,749.0,8192.0,7311.0,1.0
2026-04-29T02:53:31,,,,,,,,749.0,8192.0,7311.0,2.0
2026-04-29T02:53:33,,,,,,,,749.0,8192.0,7311.0,1.0
2026-04-29T02:53:34,,,,,,,,749.0,8192.0,7311.0,2.0
2026-04-29T02:53:36,,,,,,,,749.0,8192.0,7311.0,1.0
2026-04-29T02:53:37,,,,,,,,749.0,8192.0,7311.0,2.0
2026-04-29T02:53:39,,,,,,,,749.0,8192.0,7311.0,1.0
2026-04-29T02:53:40,,,,,,,,749.0,8192.0,7311.0,1.0
2026-04-29T02:53:42,,,,,,,,749.0,8192.0,7311.0,1.0
2026-04-29T02:53:43,,,,,,,,749.0,8192.0,7311.0,2.0
2026-04-29T02:53:45,,,,,,,,749.0,8192.0,7311.0,1.0
2026-04-29T02:53:46,,,,,,,,749.0,8192.0,7311.0,2.0
2026-04-29T02:53:48,,,,,,,,749.0,8192.0,7311.0,1.0
2026-04-29T02:53:49,,,,,,,,749.0,8192.0,7311.0,2.0
2026-04-29T02:53:51,,,,,,,,749.0,8192.0,7311.0,1.0
2026-04-29T02:53:52,,,,,,,,749.0,8192.0,7311.0,2.0
2026-04-29T02:53:54,,,,,,,,749.0,8192.0,7311.0,1.0
2026-04-29T02:53:56,,,,,,,,749.0,8192.0,7311.0,2.0
2026-04-29T02:53:57,,,,,,,,749.0,8192.0,7311.0,1.0
2026-04-29T02:53:58,,,,,,,,749.0,8192.0,7311.0,1.0
2026-04-29T02:54:00,,,,,,,,749.0,8192.0,7311.0,1.0
2026-04-29T02:54:01,,,,,,,,749.0,8192.0,7311.0,1.0
2026-04-29T02:54:03,,,,,,,,749.0,8192.0,7311.0,1.0
2026-04-29T02:54:04,,,,,,,,749.0,8192.0,7311.0,1.0
2026-04-29T02:54:06,,,,,,,,749.0,8192.0,7311.0,1.0
2026-04-29T02:54:07,,,,,,,,749.0,8192.0,7311.0,1.0
2026-04-29T02:54:09,,,,,,,,749.0,8192.0,7311.0,2.0
2026-04-29T02:54:10,,,,,,,,749.0,8192.0,7311.0,1.0
2026-04-29T02:54:12,,,,,,,,749.0,8192.0,7311.0,1.0
2026-04-29T02:54:13,,,,,,,,749.0,8192.0,7311.0,1.0
2026-04-29T02:54:15,,,,,,,,749.0,8192.0,7311.0,2.0
2026-04-29T02:54:16,,,,,,,,749.0,8192.0,7311.0,1.0
2026-04-29T02:54:18,,,,,,,,749.0,8192.0,7311.0,2.0
2026-04-29T02:54:19,,,,,,,,749.0,8192.0,7311.0,1.0
2026-04-29T02:54:21,,,,,,,,749.0,8192.0,7311.0,1.0
2026-04-29T02:54:22,,,,,,,,749.0,8192.0,7311.0,1.0
2026-04-29T02:54:24,,,,,,,,749.0,8192.0,7311.0,1.0
2026-04-29T02:54:25,,,,,,,,749.0,8192.0,7311.0,2.0
2026-04-29T02:54:27,,,,,,,,749.0,8192.0,7311.0,1.0
2026-04-29T02:54:28,,,,,,,,749.0,8192.0,7311.0,2.0
2026-04-29T02:54:30,,,,,,,,749.0,8192.0,7311.0,1.0
2026-04-29T02:54:31,,,,,,,,749.0,8192.0,7311.0,2.0
2026-04-29T02:54:33,,,,,,,,749.0,8192.0,7311.0,1.0
2026-04-29T02:54:35,,,,,,,,749.0,8192.0,7311.0,1.0
2026-04-29T02:54:36,,,,,,,,749.0,8192.0,7311.0,1.0
2026-04-29T02:54:38,,,,,,,,749.0,8192.0,7311.0,2.0
2026-04-29T02:54:39,,,,,,,,749.0,8192.0,7311.0,2.0
2026-04-29T02:54:41,,,,,,,,749.0,8192.0,7311.0,1.0
2026-04-29T02:54:42,,,,,,,,749.0,8192.0,7311.0,1.0
2026-04-29T02:54:44,,,,,,,,749.0,8192.0,7311.0,1.0
2026-04-29T02:54:45,,,,,,,,749.0,8192.0,7311.0,2.0
2026-04-29T02:54:47,,,,,,,,749.0,8192.0,7311.0,1.0
2026-04-29T02:54:48,,,,,,,,749.0,8192.0,7311.0,2.0
2026-04-29T02:54:50,,,,,,,,749.0,8192.0,7311.0,1.0
2026-04-29T02:54:51,,,,,,,,749.0,8192.0,7311.0,1.0
2026-04-29T02:54:53,,,,,,,,749.0,8192.0,7311.0,1.0
2026-04-29T02:54:54,,,,,,,,749.0,8192.0,7311.0,2.0
2026-04-29T02:54:56,,,,,,,,749.0,8192.0,7311.0,1.0
2026-04-29T02:54:57,,,,,,,,749.0,8192.0,7311.0,2.0
2026-04-29T02:54:59,,,,,,,,749.0,8192.0,7311.0,1.0
2026-04-29T02:55:00,,,,,,,,749.0,8192.0,7311.0,1.0
2026-04-29T02:55:02,,,,,,,,749.0,8192.0,7311.0,2.0
2026-04-29T02:55:03,,,,,,,,749.0,8192.0,7311.0,1.0
2026-04-29T02:55:05,,,,,,,,749.0,8192.0,7311.0,1.0
2026-04-29T02:55:06,,,,,,,,749.0,8192.0,7311.0,1.0
2026-04-29T02:55:08,,,,,,,,749.0,8192.0,7311.0,1.0
2026-04-29T02:55:09,,,,,,,,749.0,8192.0,7311.0,2.0
2026-04-29T02:55:11,,,,,,,,749.0,8192.0,7311.0,1.0
2026-04-29T02:55:12,,,,,,,,749.0,8192.0,7311.0,1.0
2026-04-29T02:55:14,,,,,,,,749.0,8192.0,7311.0,1.0
2026-04-29T02:55:15,,,,,,,,749.0,8192.0,7311.0,2.0
2026-04-29T02:55:17,,,,,,,,749.0,8192.0,7311.0,1.0
2026-04-29T02:55:18,,,,,,,,749.0,8192.0,7311.0,2.0
2026-04-29T02:55:20,,,,,,,,749.0,8192.0,7311.0,1.0
2026-04-29T02:55:21,,,,,,,,749.0,8192.0,7311.0,1.0
2026-04-29T02:55:23,,,,,,,,749.0,8192.0,7311.0,2.0
2026-04-29T02:55:24,,,,,,,,749.0,8192.0,7311.0,1.0
2026-04-29T02:55:26,,,,,,,,749.0,8192.0,7311.0,2.0
2026-04-29T02:55:27,,,,,,,,749.0,8192.0,7311.0,1.0
2026-04-29T02:55:29,,,,,,,,749.0,8192.0,7311.0,2.0
2026-04-29T02:55:30,,,,,,,,749.0,8192.0,7311.0,1.0
2026-04-29T02:55:32,,,,,,,,749.0,8192.0,7311.0,1.0
2026-04-29T02:55:33,,,,,,,,749.0,8192.0,7311.0,2.0
2026-04-29T02:55:35,,,,,,,,749.0,8192.0,7311.0,1.0
2026-04-29T02:55:36,,,,,,,,749.0,8192.0,7311.0,1.0
2026-04-29T02:55:38,,,,,,,,749.0,8192.0,7311.0,1.0
2026-04-29T02:55:39,,,,,,,,749.0,8192.0,7311.0,1.0
2026-04-29T02:55:41,,,,,,,,749.0,8192.0,7311.0,2.0
2026-04-29T02:55:42,,,,,,,,749.0,8192.0,7311.0,1.0
2026-04-29T02:55:44,,,,,,,,749.0,8192.0,7311.0,2.0
2026-04-29T02:55:45,,,,,,,,749.0,8192.0,7311.0,1.0
2026-04-29T02:55:47,,,,,,,,749.0,8192.0,7311.0,2.0
2026-04-29T02:55:48,,,,,,,,749.0,8192.0,7311.0,1.0
2026-04-29T02:55:49,,,,,,,,749.0,8192.0,7311.0,1.0
2026-04-29T02:55:51,,,,,,,,749.0,8192.0,7311.0,1.0
2026-04-29T02:55:52,,,,,,,,749.0,8192.0,7311.0,1.0
2026-04-29T02:55:54,,,,,,,,749.0,8192.0,7311.0,1.0
2026-04-29T02:55:55,,,,,,,,749.0,8192.0,7311.0,1.0
2026-04-29T02:55:57,,,,,,,,749.0,8192.0,7311.0,1.0
2026-04-29T02:55:58,,,,,,,,749.0,8192.0,7311.0,2.0
2026-04-29T02:56:00,,,,,,,,749.0,8192.0,7311.0,2.0
2026-04-29T02:56:01,,,,,,,,749.0,8192.0,7311.0,2.0
2026-04-29T02:56:03,,,,,,,,749.0,8192.0,7311.0,1.0
2026-04-29T02:56:04,,,,,,,,749.0,8192.0,7311.0,2.0
2026-04-29T02:56:06,,,,,,,,749.0,8192.0,7311.0,2.0
2026-04-29T02:56:08,,,,,,,,749.0,8192.0,7311.0,2.0
2026-04-29T02:56:09,,,,,,,,749.0,8192.0,7311.0,1.0
2026-04-29T02:56:11,,,,,,,,749.0,8192.0,7311.0,1.0
2026-04-29T02:56:12,,,,,,,,749.0,8192.0,7311.0,2.0
2026-04-29T02:56:14,,,,,,,,749.0,8192.0,7311.0,1.0
2026-04-29T02:56:15,,,,,,,,749.0,8192.0,7311.0,1.0
2026-04-29T02:56:17,,,,,,,,749.0,8192.0,7311.0,1.0
2026-04-29T02:56:18,,,,,,,,749.0,8192.0,7311.0,1.0
2026-04-29T02:56:20,,,,,,,,749.0,8192.0,7311.0,2.0
2026-04-29T02:56:21,,,,,,,,749.0,8192.0,7311.0,1.0
2026-04-29T02:56:23,,,,,,,,749.0,8192.0,7311.0,2.0
2026-04-29T02:56:24,,,,,,,,749.0,8192.0,7311.0,1.0
2026-04-29T02:56:26,,,,,,,,749.0,8192.0,7311.0,2.0
2026-04-29T02:56:27,,,,,,,,749.0,8192.0,7311.0,1.0
2026-04-29T02:56:29,,,,,,,,749.0,8192.0,7311.0,1.0
2026-04-29T02:56:30,,,,,,,,749.0,8192.0,7311.0,2.0
2026-04-29T02:56:32,,,,,,,,761.0,8192.0,7299.0,1.0
2026-04-29T07:52:30,,,,,,,,293.0,8192.0,7767.0,3.0
2026-04-29T07:52:33,,,,,,,,454.0,8192.0,7606.0,1.0
2026-04-29T07:52:35,,,,,,,,458.0,8192.0,7602.0,4.0
2026-04-29T07:52:36,,,,,,,,458.0,8192.0,7602.0,4.0
2026-04-29T07:52:38,,,,,,,,415.0,8192.0,7645.0,4.0
2026-04-29T07:52:39,,,,,,,,487.0,8192.0,7573.0,13.0
2026-04-29T07:52:41,,,,,,,,446.0,8192.0,7614.0,5.0
2026-04-29T07:52:42,,,,,,,,449.0,8192.0,7611.0,3.0
2026-04-29T07:52:44,,,,,,,,448.0,8192.0,7612.0,9.0
2026-04-29T07:52:45,,,,,,,,448.0,8192.0,7612.0,13.0
2026-04-29T07:52:47,,,,,,,,448.0,8192.0,7612.0,11.0
2026-04-29T07:52:48,,,,,,,,448.0,8192.0,7612.0,8.0
2026-04-29T07:52:50,,,,,,,,443.0,8192.0,7617.0,6.0
2026-04-29T07:52:51,,,,,,,,443.0,8192.0,7617.0,5.0
2026-04-29T07:52:53,,,,,,,,443.0,8192.0,7617.0,6.0
2026-04-29T07:52:54,,,,,,,,443.0,8192.0,7617.0,5.0
2026-04-29T07:52:56,,,,,,,,443.0,8192.0,7617.0,6.0
2026-04-29T07:52:57,,,,,,,,443.0,8192.0,7617.0,5.0
2026-04-29T07:52:58,,,,,,,,443.0,8192.0,7617.0,6.0
2026-04-29T07:53:00,,,,,,,,443.0,8192.0,7617.0,6.0
2026-04-29T07:53:01,,,,,,,,443.0,8192.0,7617.0,8.0
2026-04-29T07:53:03,,,,,,,,443.0,8192.0,7617.0,5.0
2026-04-29T07:53:04,,,,,,,,443.0,8192.0,7617.0,8.0
2026-04-29T07:53:06,,,,,,,,442.0,8192.0,7618.0,5.0
2026-04-29T07:53:07,,,,,,,,442.0,8192.0,7618.0,5.0
2026-04-29T07:53:09,,,,,,,,442.0,8192.0,7618.0,6.0
2026-04-29T07:53:10,,,,,,,,442.0,8192.0,7618.0,5.0
2026-04-29T07:53:12,,,,,,,,442.0,8192.0,7618.0,6.0
2026-04-29T07:53:13,,,,,,,,442.0,8192.0,7618.0,5.0
2026-04-29T07:53:15,,,,,,,,442.0,8192.0,7618.0,5.0
2026-04-29T07:53:16,,,,,,,,442.0,8192.0,7618.0,5.0
2026-04-29T07:53:18,,,,,,,,442.0,8192.0,7618.0,5.0
2026-04-29T07:53:19,,,,,,,,433.0,8192.0,7627.0,5.0
2026-04-29T07:53:21,,,,,,,,442.0,8192.0,7618.0,6.0
2026-04-29T07:53:22,,,,,,,,442.0,8192.0,7618.0,5.0
2026-04-29T07:53:24,,,,,,,,442.0,8192.0,7618.0,5.0
2026-04-29T07:53:25,,,,,,,,442.0,8192.0,7618.0,6.0
2026-04-29T07:53:27,,,,,,,,442.0,8192.0,7618.0,5.0
2026-04-29T07:53:28,,,,,,,,442.0,8192.0,7618.0,5.0
2026-04-29T07:53:30,,,,,,,,433.0,8192.0,7627.0,6.0
2026-04-29T07:53:31,,,,,,,,442.0,8192.0,7618.0,5.0
2026-04-29T07:53:32,,,,,,,,442.0,8192.0,7618.0,6.0
2026-04-29T07:53:34,,,,,,,,442.0,8192.0,7618.0,6.0
2026-04-29T07:53:35,,,,,,,,442.0,8192.0,7618.0,6.0
2026-04-29T07:53:37,,,,,,,,442.0,8192.0,7618.0,5.0
2026-04-29T07:53:38,,,,,,,,442.0,8192.0,7618.0,6.0
2026-04-29T07:53:40,,,,,,,,442.0,8192.0,7618.0,6.0
2026-04-29T07:53:41,,,,,,,,442.0,8192.0,7618.0,6.0
2026-04-29T07:53:43,,,,,,,,442.0,8192.0,7618.0,5.0
2026-04-29T07:53:44,,,,,,,,442.0,8192.0,7618.0,5.0
2026-04-29T07:53:46,,,,,,,,442.0,8192.0,7618.0,5.0
2026-04-29T07:53:47,,,,,,,,442.0,8192.0,7618.0,5.0
2026-04-29T07:53:49,,,,,,,,442.0,8192.0,7618.0,5.0
2026-04-29T07:53:50,,,,,,,,433.0,8192.0,7627.0,5.0
2026-04-29T07:53:52,,,,,,,,442.0,8192.0,7618.0,5.0
2026-04-29T07:53:53,,,,,,,,442.0,8192.0,7618.0,5.0
2026-04-29T07:53:54,,,,,,,,442.0,8192.0,7618.0,5.0
2026-04-29T07:53:56,,,,,,,,442.0,8192.0,7618.0,5.0
2026-04-29T07:53:57,,,,,,,,442.0,8192.0,7618.0,5.0
2026-04-29T07:53:59,,,,,,,,442.0,8192.0,7618.0,5.0
2026-04-29T07:54:00,,,,,,,,442.0,8192.0,7618.0,6.0
2026-04-29T07:54:02,,,,,,,,442.0,8192.0,7618.0,5.0
2026-04-29T07:54:03,,,,,,,,442.0,8192.0,7618.0,5.0
2026-04-29T07:54:05,,,,,,,,442.0,8192.0,7618.0,5.0
2026-04-29T07:54:06,,,,,,,,433.0,8192.0,7627.0,6.0
2026-04-29T07:54:08,,,,,,,,442.0,8192.0,7618.0,5.0
2026-04-29T07:54:09,,,,,,,,442.0,8192.0,7618.0,6.0
2026-04-29T07:54:11,,,,,,,,442.0,8192.0,7618.0,5.0
2026-04-29T07:54:12,,,,,,,,442.0,8192.0,7618.0,5.0
2026-04-29T07:54:13,,,,,,,,442.0,8192.0,7618.0,5.0
2026-04-29T07:54:15,,,,,,,,442.0,8192.0,7618.0,5.0
2026-04-29T07:54:16,,,,,,,,433.0,8192.0,7627.0,5.0
2026-04-29T07:54:18,,,,,,,,442.0,8192.0,7618.0,6.0
2026-04-29T07:54:19,,,,,,,,442.0,8192.0,7618.0,5.0
2026-04-29T07:54:21,,,,,,,,442.0,8192.0,7618.0,5.0
2026-04-29T07:54:22,,,,,,,,442.0,8192.0,7618.0,7.0
2026-04-29T07:54:24,,,,,,,,442.0,8192.0,7618.0,5.0
2026-04-29T07:54:25,,,,,,,,442.0,8192.0,7618.0,6.0
2026-04-29T07:54:27,,,,,,,,442.0,8192.0,7618.0,5.0
2026-04-29T07:54:28,,,,,,,,442.0,8192.0,7618.0,5.0
2026-04-29T07:54:30,,,,,,,,442.0,8192.0,7618.0,6.0
2026-04-29T07:54:31,,,,,,,,442.0,8192.0,7618.0,6.0
2026-04-29T07:54:32,,,,,,,,442.0,8192.0,7618.0,5.0
2026-04-29T07:54:34,,,,,,,,442.0,8192.0,7618.0,6.0
2026-04-29T07:54:35,,,,,,,,442.0,8192.0,7618.0,5.0
2026-04-29T07:54:37,,,,,,,,433.0,8192.0,7627.0,5.0
2026-04-29T07:54:38,,,,,,,,442.0,8192.0,7618.0,6.0
2026-04-29T07:54:40,,,,,,,,442.0,8192.0,7618.0,5.0
2026-04-29T07:54:41,,,,,,,,442.0,8192.0,7618.0,5.0
2026-04-29T07:54:43,,,,,,,,442.0,8192.0,7618.0,5.0
2026-04-29T07:54:44,,,,,,,,442.0,8192.0,7618.0,5.0
2026-04-29T07:54:45,,,,,,,,442.0,8192.0,7618.0,7.0
2026-04-29T07:54:47,,,,,,,,442.0,8192.0,7618.0,5.0
2026-04-29T07:54:48,,,,,,,,442.0,8192.0,7618.0,5.0
2026-04-29T07:54:50,,,,,,,,433.0,8192.0,7627.0,8.0
2026-04-29T07:54:51,,,,,,,,433.0,8192.0,7627.0,5.0
2026-04-29T07:54:53,,,,,,,,442.0,8192.0,7618.0,7.0
2026-04-29T07:54:54,,,,,,,,442.0,8192.0,7618.0,6.0
2026-04-29T07:54:56,,,,,,,,442.0,8192.0,7618.0,5.0
2026-04-29T07:54:57,,,,,,,,442.0,8192.0,7618.0,5.0
2026-04-29T07:54:58,,,,,,,,442.0,8192.0,7618.0,6.0
2026-04-29T07:55:00,,,,,,,,442.0,8192.0,7618.0,6.0
2026-04-29T07:55:01,,,,,,,,442.0,8192.0,7618.0,5.0
2026-04-29T07:55:03,,,,,,,,442.0,8192.0,7618.0,7.0
2026-04-29T07:55:04,,,,,,,,442.0,8192.0,7618.0,6.0
2026-04-29T07:55:06,,,,,,,,442.0,8192.0,7618.0,5.0
2026-04-29T07:55:07,,,,,,,,433.0,8192.0,7627.0,6.0
2026-04-29T07:55:09,,,,,,,,442.0,8192.0,7618.0,7.0
2026-04-29T07:55:10,,,,,,,,442.0,8192.0,7618.0,5.0
2026-04-29T07:55:12,,,,,,,,442.0,8192.0,7618.0,6.0
2026-04-29T07:55:13,,,,,,,,442.0,8192.0,7618.0,8.0
2026-04-29T07:55:15,,,,,,,,442.0,8192.0,7618.0,6.0
2026-04-29T07:55:16,,,,,,,,442.0,8192.0,7618.0,5.0
2026-04-29T07:55:17,,,,,,,,442.0,8192.0,7618.0,5.0
2026-04-29T07:55:19,,,,,,,,442.0,8192.0,7618.0,8.0
2026-04-29T07:55:20,,,,,,,,442.0,8192.0,7618.0,5.0
2026-04-29T07:55:22,,,,,,,,442.0,8192.0,7618.0,8.0
2026-04-29T07:55:23,,,,,,,,437.0,8192.0,7623.0,5.0
2026-04-29T07:55:25,,,,,,,,442.0,8192.0,7618.0,6.0
2026-04-29T07:55:26,,,,,,,,442.0,8192.0,7618.0,5.0
2026-04-29T07:55:28,,,,,,,,442.0,8192.0,7618.0,5.0
2026-04-29T07:55:29,,,,,,,,442.0,8192.0,7618.0,1.0
2026-04-29T07:55:30,,,,,,,,442.0,8192.0,7618.0,1.0
2026-04-29T07:55:32,,,,,,,,442.0,8192.0,7618.0,3.0
2026-04-29T07:55:33,,,,,,,,433.0,8192.0,7627.0,3.0
2026-04-29T07:55:35,,,,,,,,442.0,8192.0,7618.0,6.0
2026-04-29T07:55:36,,,,,,,,442.0,8192.0,7618.0,5.0
2026-04-29T07:55:38,,,,,,,,442.0,8192.0,7618.0,5.0
2026-04-29T07:55:40,,,,,,,,442.0,8192.0,7618.0,5.0
2026-04-29T07:55:41,,,,,,,,442.0,8192.0,7618.0,5.0
2026-04-29T07:55:42,,,,,,,,442.0,8192.0,7618.0,6.0
2026-04-29T07:55:44,,,,,,,,442.0,8192.0,7618.0,6.0
2026-04-29T07:55:45,,,,,,,,442.0,8192.0,7618.0,5.0
2026-04-29T07:55:47,,,,,,,,433.0,8192.0,7627.0,8.0
2026-04-29T07:55:48,,,,,,,,433.0,8192.0,7627.0,5.0
2026-04-29T07:55:50,,,,,,,,442.0,8192.0,7618.0,5.0
2026-04-29T07:55:51,,,,,,,,442.0,8192.0,7618.0,5.0
2026-04-29T07:55:53,,,,,,,,442.0,8192.0,7618.0,5.0
2026-04-29T07:55:54,,,,,,,,442.0,8192.0,7618.0,8.0
2026-04-29T07:55:56,,,,,,,,442.0,8192.0,7618.0,5.0
2026-04-29T07:55:57,,,,,,,,442.0,8192.0,7618.0,5.0
2026-04-29T07:55:59,,,,,,,,433.0,8192.0,7627.0,5.0
2026-04-29T07:56:00,,,,,,,,442.0,8192.0,7618.0,5.0
2026-04-29T07:56:02,,,,,,,,442.0,8192.0,7618.0,5.0
2026-04-29T07:56:03,,,,,,,,442.0,8192.0,7618.0,6.0
2026-04-29T07:56:05,,,,,,,,442.0,8192.0,7618.0,6.0
2026-04-29T07:56:06,,,,,,,,442.0,8192.0,7618.0,5.0
2026-04-29T07:56:08,,,,,,,,442.0,8192.0,7618.0,5.0
2026-04-29T07:56:09,,,,,,,,433.0,8192.0,7627.0,5.0
2026-04-29T07:56:10,,,,,,,,442.0,8192.0,7618.0,5.0
2026-04-29T07:56:12,,,,,,,,442.0,8192.0,7618.0,5.0
2026-04-29T07:56:14,,,,,,,,442.0,8192.0,7618.0,5.0
2026-04-29T07:56:15,,,,,,,,442.0,8192.0,7618.0,7.0
2026-04-29T07:56:16,,,,,,,,442.0,8192.0,7618.0,5.0
2026-04-29T07:56:18,,,,,,,,442.0,8192.0,7618.0,6.0
2026-04-29T07:56:19,,,,,,,,433.0,8192.0,7627.0,5.0
2026-04-29T07:56:21,,,,,,,,442.0,8192.0,7618.0,6.0
2026-04-29T07:56:22,,,,,,,,442.0,8192.0,7618.0,7.0
2026-04-29T07:56:24,,,,,,,,442.0,8192.0,7618.0,5.0
2026-04-29T07:56:25,,,,,,,,442.0,8192.0,7618.0,5.0
2026-04-29T07:56:27,,,,,,,,442.0,8192.0,7618.0,6.0
2026-04-29T07:56:28,,,,,,,,442.0,8192.0,7618.0,5.0
2026-04-29T07:56:30,,,,,,,,442.0,8192.0,7618.0,7.0
2026-04-29T07:56:32,,,,,,,,442.0,8192.0,7618.0,5.0
2026-04-29T07:56:33,,,,,,,,442.0,8192.0,7618.0,5.0
2026-04-29T07:56:35,,,,,,,,433.0,8192.0,7627.0,5.0
2026-04-29T07:56:36,,,,,,,,442.0,8192.0,7618.0,6.0
2026-04-29T07:56:38,,,,,,,,442.0,8192.0,7618.0,5.0
2026-04-29T07:56:39,,,,,,,,442.0,8192.0,7618.0,6.0
2026-04-29T07:56:41,,,,,,,,442.0,8192.0,7618.0,6.0
2026-04-29T07:56:42,,,,,,,,442.0,8192.0,7618.0,7.0
2026-04-29T07:56:44,,,,,,,,442.0,8192.0,7618.0,7.0
2026-04-29T07:56:45,,,,,,,,456.0,8192.0,7604.0,4.0
2026-04-29T07:56:47,,,,,,,,489.0,8192.0,7571.0,3.0
2026-04-29T07:56:48,,,,,,,,485.0,8192.0,7575.0,2.0
2026-04-29T07:56:50,,,,,,,,480.0,8192.0,7580.0,2.0
2026-04-29T07:56:52,,,,,,,,487.0,8192.0,7573.0,2.0
2026-04-29T07:56:54,,,,,,,,527.0,8192.0,7533.0,4.0
2026-04-29T07:56:56,,,,,,,,541.0,8192.0,7519.0,2.0
2026-04-29T07:56:58,,,,,,,,539.0,8192.0,7521.0,4.0
2026-04-29T07:56:59,,,,,,,,533.0,8192.0,7527.0,3.0
2026-04-29T07:57:01,,,,,,,,525.0,8192.0,7535.0,16.0
2026-04-29T07:57:02,,,,,,,,525.0,8192.0,7535.0,4.0
2026-04-29T07:57:04,,,,,,,,539.0,8192.0,7521.0,6.0
2026-04-29T07:57:06,,,,,,,,539.0,8192.0,7521.0,0.0
2026-04-29T07:57:07,,,,,,,,533.0,8192.0,7527.0,3.0
2026-04-29T07:57:09,,,,,,,,538.0,8192.0,7522.0,1.0
2026-04-29T07:57:10,,,,,,,,538.0,8192.0,7522.0,4.0
2026-04-29T07:57:12,,,,,,,,540.0,8192.0,7520.0,10.0
2026-04-29T07:57:13,,,,,,,,575.0,8192.0,7485.0,8.0
2026-04-29T07:57:15,,,,,,,,579.0,8192.0,7481.0,7.0
2026-04-29T07:57:16,,,,,,,,557.0,8192.0,7503.0,6.0
2026-04-29T07:57:18,,,,,,,,529.0,8192.0,7531.0,6.0
2026-04-29T07:57:19,,,,,,,,528.0,8192.0,7532.0,6.0
2026-04-29T07:57:20,,,,,,,,520.0,8192.0,7540.0,6.0
2026-04-29T07:57:22,,,,,,,,517.0,8192.0,7543.0,8.0
2026-04-29T07:57:23,,,,,,,,515.0,8192.0,7545.0,5.0
2026-04-29T07:57:25,,,,,,,,515.0,8192.0,7545.0,8.0
2026-04-29T07:57:26,,,,,,,,506.0,8192.0,7554.0,7.0
2026-04-29T07:57:28,,,,,,,,511.0,8192.0,7549.0,5.0
2026-04-29T07:57:29,,,,,,,,520.0,8192.0,7540.0,11.0
2026-04-29T07:57:31,,,,,,,,450.0,8192.0,7610.0,7.0
2026-04-29T07:57:32,,,,,,,,450.0,8192.0,7610.0,8.0
2026-04-29T07:57:34,,,,,,,,450.0,8192.0,7610.0,7.0
2026-04-29T07:57:35,,,,,,,,450.0,8192.0,7610.0,8.0
2026-04-29T07:57:37,,,,,,,,450.0,8192.0,7610.0,6.0
2026-04-29T07:57:38,,,,,,,,463.0,8192.0,7597.0,7.0
2026-04-29T07:57:39,,,,,,,,468.0,8192.0,7592.0,0.0
2026-04-29T07:57:41,,,,,,,,468.0,8192.0,7592.0,1.0
2026-04-29T07:57:42,,,,,,,,468.0,8192.0,7592.0,0.0
2026-04-29T07:57:44,,,,,,,,467.0,8192.0,7593.0,0.0
2026-04-29T07:57:45,,,,,,,,460.0,8192.0,7600.0,1.0
2026-04-29T07:57:47,,,,,,,,453.0,8192.0,7607.0,1.0
2026-04-29T07:57:48,,,,,,,,453.0,8192.0,7607.0,0.0
2026-04-29T07:57:50,,,,,,,,453.0,8192.0,7607.0,0.0
2026-04-29T07:57:51,,,,,,,,453.0,8192.0,7607.0,1.0
2026-04-29T07:57:53,,,,,,,,453.0,8192.0,7607.0,0.0
2026-04-29T07:57:54,,,,,,,,453.0,8192.0,7607.0,1.0
2026-04-29T07:57:56,,,,,,,,453.0,8192.0,7607.0,1.0
2026-04-29T07:57:57,,,,,,,,453.0,8192.0,7607.0,1.0
2026-04-29T07:57:59,,,,,,,,453.0,8192.0,7607.0,2.0
2026-04-29T07:58:00,,,,,,,,453.0,8192.0,7607.0,1.0
2026-04-29T07:58:02,,,,,,,,453.0,8192.0,7607.0,3.0
2026-04-29T07:58:03,,,,,,,,453.0,8192.0,7607.0,1.0
2026-04-29T07:58:05,,,,,,,,453.0,8192.0,7607.0,0.0
2026-04-29T07:58:06,,,,,,,,453.0,8192.0,7607.0,1.0
2026-04-29T07:58:08,,,,,,,,453.0,8192.0,7607.0,0.0
2026-04-29T07:58:09,,,,,,,,453.0,8192.0,7607.0,1.0
2026-04-29T07:58:11,,,,,,,,453.0,8192.0,7607.0,0.0
2026-04-29T07:58:12,,,,,,,,453.0,8192.0,7607.0,0.0
2026-04-29T07:58:14,,,,,,,,453.0,8192.0,7607.0,0.0
2026-04-29T07:58:15,,,,,,,,453.0,8192.0,7607.0,0.0
2026-04-29T07:58:17,,,,,,,,453.0,8192.0,7607.0,0.0
2026-04-29T07:58:18,,,,,,,,453.0,8192.0,7607.0,0.0
2026-04-29T07:58:20,,,,,,,,453.0,8192.0,7607.0,0.0
2026-04-29T07:58:21,,,,,,,,453.0,8192.0,7607.0,0.0
2026-04-29T07:58:23,,,,,,,,453.0,8192.0,7607.0,0.0
2026-04-29T07:58:24,,,,,,,,453.0,8192.0,7607.0,0.0
2026-04-29T07:58:26,,,,,,,,453.0,8192.0,7607.0,0.0
2026-04-29T07:58:27,,,,,,,,453.0,8192.0,7607.0,0.0
2026-04-29T07:58:29,,,,,,,,453.0,8192.0,7607.0,0.0
2026-04-29T07:58:30,,,,,,,,453.0,8192.0,7607.0,0.0
2026-04-29T07:58:31,,,,,,,,453.0,8192.0,7607.0,0.0
2026-04-29T07:58:33,,,,,,,,457.0,8192.0,7603.0,0.0
2026-04-29T07:58:34,,,,,,,,457.0,8192.0,7603.0,0.0
2026-04-29T07:58:36,,,,,,,,455.0,8192.0,7605.0,1.0
2026-04-29T07:58:37,,,,,,,,456.0,8192.0,7604.0,9.0
2026-04-29T07:58:39,,,,,,,,456.0,8192.0,7604.0,4.0
2026-04-29T07:58:40,,,,,,,,455.0,8192.0,7605.0,4.0
2026-04-29T07:58:42,,,,,,,,455.0,8192.0,7605.0,4.0
2026-04-29T07:58:43,,,,,,,,456.0,8192.0,7604.0,3.0
2026-04-29T07:58:45,,,,,,,,461.0,8192.0,7599.0,10.0
2026-04-29T07:58:46,,,,,,,,455.0,8192.0,7605.0,1.0
2026-04-29T07:58:48,,,,,,,,456.0,8192.0,7604.0,1.0
2026-04-29T07:58:49,,,,,,,,456.0,8192.0,7604.0,0.0
2026-04-29T07:58:51,,,,,,,,456.0,8192.0,7604.0,1.0
2026-04-29T07:58:52,,,,,,,,456.0,8192.0,7604.0,0.0
2026-04-29T07:58:54,,,,,,,,456.0,8192.0,7604.0,1.0
2026-04-29T07:58:55,,,,,,,,456.0,8192.0,7604.0,0.0
2026-04-29T07:58:57,,,,,,,,456.0,8192.0,7604.0,1.0
2026-04-29T07:58:58,,,,,,,,456.0,8192.0,7604.0,2.0
2026-04-29T07:59:00,,,,,,,,461.0,8192.0,7599.0,10.0
2026-04-29T07:59:01,,,,,,,,461.0,8192.0,7599.0,0.0
2026-04-29T07:59:03,,,,,,,,460.0,8192.0,7600.0,0.0
2026-04-29T07:59:04,,,,,,,,455.0,8192.0,7605.0,0.0
2026-04-29T07:59:06,,,,,,,,455.0,8192.0,7605.0,0.0
2026-04-29T07:59:07,,,,,,,,455.0,8192.0,7605.0,0.0
2026-04-29T07:59:09,,,,,,,,455.0,8192.0,7605.0,1.0
2026-04-29T07:59:10,,,,,,,,455.0,8192.0,7605.0,0.0
2026-04-29T07:59:12,,,,,,,,455.0,8192.0,7605.0,0.0
2026-04-29T07:59:13,,,,,,,,455.0,8192.0,7605.0,1.0
2026-04-29T07:59:15,,,,,,,,455.0,8192.0,7605.0,1.0
2026-04-29T07:59:16,,,,,,,,455.0,8192.0,7605.0,0.0
2026-04-29T07:59:18,,,,,,,,455.0,8192.0,7605.0,1.0
2026-04-29T07:59:19,,,,,,,,455.0,8192.0,7605.0,0.0
2026-04-29T07:59:21,,,,,,,,455.0,8192.0,7605.0,0.0
2026-04-29T07:59:22,,,,,,,,455.0,8192.0,7605.0,0.0
2026-04-29T07:59:24,,,,,,,,455.0,8192.0,7605.0,1.0
2026-04-29T07:59:25,,,,,,,,455.0,8192.0,7605.0,0.0
2026-04-29T07:59:26,,,,,,,,455.0,8192.0,7605.0,0.0
2026-04-29T07:59:28,,,,,,,,455.0,8192.0,7605.0,0.0
2026-04-29T07:59:29,,,,,,,,455.0,8192.0,7605.0,0.0
2026-04-29T07:59:31,,,,,,,,455.0,8192.0,7605.0,1.0
2026-04-29T07:59:32,,,,,,,,455.0,8192.0,7605.0,2.0
2026-04-29T07:59:34,,,,,,,,455.0,8192.0,7605.0,1.0
2026-04-29T07:59:35,,,,,,,,455.0,8192.0,7605.0,0.0
2026-04-29T07:59:37,,,,,,,,455.0,8192.0,7605.0,0.0
2026-04-29T07:59:38,,,,,,,,455.0,8192.0,7605.0,0.0
2026-04-29T07:59:40,,,,,,,,455.0,8192.0,7605.0,1.0
2026-04-29T07:59:41,,,,,,,,455.0,8192.0,7605.0,0.0
2026-04-29T07:59:43,,,,,,,,455.0,8192.0,7605.0,1.0
2026-04-29T07:59:44,,,,,,,,455.0,8192.0,7605.0,1.0
2026-04-29T07:59:46,,,,,,,,455.0,8192.0,7605.0,0.0
2026-04-29T07:59:47,,,,,,,,455.0,8192.0,7605.0,0.0
2026-04-29T07:59:49,,,,,,,,455.0,8192.0,7605.0,0.0
2026-04-29T07:59:50,,,,,,,,455.0,8192.0,7605.0,0.0
2026-04-29T07:59:52,,,,,,,,455.0,8192.0,7605.0,0.0
2026-04-29T07:59:53,,,,,,,,455.0,8192.0,7605.0,0.0
2026-04-29T07:59:55,,,,,,,,455.0,8192.0,7605.0,1.0
2026-04-29T07:59:56,,,,,,,,455.0,8192.0,7605.0,0.0
2026-04-29T07:59:57,,,,,,,,455.0,8192.0,7605.0,0.0
2026-04-29T07:59:59,,,,,,,,455.0,8192.0,7605.0,0.0
2026-04-29T08:00:00,,,,,,,,455.0,8192.0,7605.0,0.0
2026-04-29T08:00:02,,,,,,,,485.0,8192.0,7575.0,27.0
2026-04-29T08:00:03,,,,,,,,455.0,8192.0,7605.0,0.0
2026-04-29T08:00:05,,,,,,,,455.0,8192.0,7605.0,1.0
2026-04-29T08:00:06,,,,,,,,455.0,8192.0,7605.0,0.0
2026-04-29T08:00:08,,,,,,,,455.0,8192.0,7605.0,0.0
2026-04-29T08:00:09,,,,,,,,455.0,8192.0,7605.0,1.0
2026-04-29T08:00:11,,,,,,,,455.0,8192.0,7605.0,0.0
2026-04-29T08:00:12,,,,,,,,455.0,8192.0,7605.0,0.0
2026-04-29T08:00:14,,,,,,,,455.0,8192.0,7605.0,0.0
2026-04-29T08:00:15,,,,,,,,455.0,8192.0,7605.0,1.0
2026-04-29T08:00:17,,,,,,,,455.0,8192.0,7605.0,0.0
2026-04-29T08:00:18,,,,,,,,455.0,8192.0,7605.0,0.0
2026-04-29T08:00:20,,,,,,,,455.0,8192.0,7605.0,0.0
2026-04-29T08:00:21,,,,,,,,455.0,8192.0,7605.0,0.0
2026-04-29T08:00:22,,,,,,,,455.0,8192.0,7605.0,0.0
2026-04-29T08:00:24,,,,,,,,455.0,8192.0,7605.0,0.0
2026-04-29T08:00:25,,,,,,,,455.0,8192.0,7605.0,1.0
2026-04-29T08:00:27,,,,,,,,455.0,8192.0,7605.0,1.0
2026-04-29T08:00:28,,,,,,,,455.0,8192.0,7605.0,0.0
2026-04-29T08:00:30,,,,,,,,455.0,8192.0,7605.0,0.0
2026-04-29T08:00:31,,,,,,,,455.0,8192.0,7605.0,0.0
2026-04-29T08:00:33,,,,,,,,455.0,8192.0,7605.0,0.0
2026-04-29T08:00:34,,,,,,,,455.0,8192.0,7605.0,1.0
2026-04-29T08:00:36,,,,,,,,455.0,8192.0,7605.0,1.0
2026-04-29T08:00:37,,,,,,,,455.0,8192.0,7605.0,1.0
2026-04-29T08:00:39,,,,,,,,455.0,8192.0,7605.0,0.0
2026-04-29T08:00:40,,,,,,,,455.0,8192.0,7605.0,0.0
2026-04-29T08:00:42,,,,,,,,455.0,8192.0,7605.0,0.0
2026-04-29T08:00:43,,,,,,,,455.0,8192.0,7605.0,2.0
2026-04-29T08:00:44,,,,,,,,455.0,8192.0,7605.0,0.0
2026-04-29T08:00:46,,,,,,,,455.0,8192.0,7605.0,1.0
2026-04-29T08:00:47,,,,,,,,455.0,8192.0,7605.0,0.0
2026-04-29T08:00:49,,,,,,,,455.0,8192.0,7605.0,1.0
2026-04-29T08:00:50,,,,,,,,455.0,8192.0,7605.0,0.0
2026-04-29T08:00:52,,,,,,,,455.0,8192.0,7605.0,0.0
2026-04-29T08:00:54,,,,,,,,455.0,8192.0,7605.0,1.0
2026-04-29T08:00:55,,,,,,,,455.0,8192.0,7605.0,0.0
2026-04-29T08:00:56,,,,,,,,455.0,8192.0,7605.0,0.0
2026-04-29T08:00:58,,,,,,,,455.0,8192.0,7605.0,0.0
2026-04-29T08:00:59,,,,,,,,455.0,8192.0,7605.0,0.0
2026-04-29T08:01:01,,,,,,,,455.0,8192.0,7605.0,0.0
2026-04-29T08:01:02,,,,,,,,455.0,8192.0,7605.0,0.0
2026-04-29T08:01:04,,,,,,,,455.0,8192.0,7605.0,0.0
2026-04-29T08:01:05,,,,,,,,455.0,8192.0,7605.0,0.0
2026-04-29T08:01:07,,,,,,,,455.0,8192.0,7605.0,0.0
2026-04-29T08:01:08,,,,,,,,455.0,8192.0,7605.0,0.0
2026-04-29T08:01:10,,,,,,,,455.0,8192.0,7605.0,0.0
2026-04-29T08:01:11,,,,,,,,455.0,8192.0,7605.0,1.0
2026-04-29T08:01:13,,,,,,,,455.0,8192.0,7605.0,0.0
2026-04-29T08:01:14,,,,,,,,455.0,8192.0,7605.0,0.0
2026-04-29T08:01:16,,,,,,,,455.0,8192.0,7605.0,0.0
2026-04-29T08:01:17,,,,,,,,455.0,8192.0,7605.0,1.0
2026-04-29T08:01:19,,,,,,,,455.0,8192.0,7605.0,0.0
2026-04-29T08:01:20,,,,,,,,455.0,8192.0,7605.0,0.0
2026-04-29T08:01:22,,,,,,,,455.0,8192.0,7605.0,0.0
2026-04-29T08:01:23,,,,,,,,455.0,8192.0,7605.0,0.0
2026-04-29T08:01:25,,,,,,,,455.0,8192.0,7605.0,0.0
2026-04-29T08:01:26,,,,,,,,455.0,8192.0,7605.0,2.0
2026-04-29T08:01:28,,,,,,,,455.0,8192.0,7605.0,0.0
2026-04-29T08:01:29,,,,,,,,455.0,8192.0,7605.0,2.0
2026-04-29T08:01:31,,,,,,,,455.0,8192.0,7605.0,0.0
2026-04-29T08:01:32,,,,,,,,455.0,8192.0,7605.0,0.0
2026-04-29T08:01:33,,,,,,,,455.0,8192.0,7605.0,0.0
2026-04-29T08:01:35,,,,,,,,455.0,8192.0,7605.0,0.0
2026-04-29T08:01:36,,,,,,,,455.0,8192.0,7605.0,0.0
2026-04-29T08:01:38,,,,,,,,455.0,8192.0,7605.0,0.0
2026-04-29T08:01:39,,,,,,,,455.0,8192.0,7605.0,0.0
2026-04-29T08:01:41,,,,,,,,455.0,8192.0,7605.0,0.0
2026-04-29T08:01:42,,,,,,,,455.0,8192.0,7605.0,2.0
2026-04-29T08:01:44,,,,,,,,455.0,8192.0,7605.0,0.0
2026-04-29T08:01:45,,,,,,,,455.0,8192.0,7605.0,0.0
2026-04-29T08:01:47,,,,,,,,455.0,8192.0,7605.0,0.0
2026-04-29T08:01:48,,,,,,,,455.0,8192.0,7605.0,0.0
2026-04-29T08:01:50,,,,,,,,455.0,8192.0,7605.0,0.0
2026-04-29T08:01:51,,,,,,,,455.0,8192.0,7605.0,0.0
2026-04-29T08:01:53,,,,,,,,455.0,8192.0,7605.0,1.0
2026-04-29T08:01:54,,,,,,,,455.0,8192.0,7605.0,0.0
2026-04-29T08:01:56,,,,,,,,455.0,8192.0,7605.0,0.0
2026-04-29T08:01:57,,,,,,,,455.0,8192.0,7605.0,0.0
2026-04-29T08:01:58,,,,,,,,455.0,8192.0,7605.0,0.0
2026-04-29T08:02:00,,,,,,,,455.0,8192.0,7605.0,1.0
2026-04-29T08:02:01,,,,,,,,455.0,8192.0,7605.0,0.0
2026-04-29T08:02:03,,,,,,,,455.0,8192.0,7605.0,1.0
2026-04-29T08:02:04,,,,,,,,455.0,8192.0,7605.0,1.0
2026-04-29T08:02:06,,,,,,,,455.0,8192.0,7605.0,0.0
2026-04-29T08:02:07,,,,,,,,455.0,8192.0,7605.0,0.0
2026-04-29T08:02:09,,,,,,,,455.0,8192.0,7605.0,0.0
2026-04-29T08:02:10,,,,,,,,455.0,8192.0,7605.0,0.0
2026-04-29T08:02:12,,,,,,,,455.0,8192.0,7605.0,0.0
2026-04-29T08:02:13,,,,,,,,455.0,8192.0,7605.0,3.0
2026-04-29T08:02:15,,,,,,,,455.0,8192.0,7605.0,0.0
2026-04-29T08:02:16,,,,,,,,455.0,8192.0,7605.0,0.0
2026-04-29T08:02:18,,,,,,,,455.0,8192.0,7605.0,0.0
2026-04-29T08:02:19,,,,,,,,455.0,8192.0,7605.0,0.0
2026-04-29T08:02:21,,,,,,,,455.0,8192.0,7605.0,0.0
2026-04-29T08:02:22,,,,,,,,455.0,8192.0,7605.0,0.0
2026-04-29T08:02:24,,,,,,,,455.0,8192.0,7605.0,0.0
2026-04-29T08:02:25,,,,,,,,455.0,8192.0,7605.0,2.0
2026-04-29T08:02:27,,,,,,,,455.0,8192.0,7605.0,0.0
2026-04-29T08:02:28,,,,,,,,455.0,8192.0,7605.0,0.0
2026-04-29T08:02:29,,,,,,,,455.0,8192.0,7605.0,1.0
2026-04-29T08:02:31,,,,,,,,455.0,8192.0,7605.0,1.0
2026-04-29T08:02:32,,,,,,,,455.0,8192.0,7605.0,0.0
2026-04-29T08:02:34,,,,,,,,455.0,8192.0,7605.0,1.0
2026-04-29T08:02:35,,,,,,,,455.0,8192.0,7605.0,0.0
2026-04-29T08:02:37,,,,,,,,455.0,8192.0,7605.0,0.0
2026-04-29T08:02:38,,,,,,,,455.0,8192.0,7605.0,0.0
2026-04-29T08:02:40,,,,,,,,455.0,8192.0,7605.0,1.0
2026-04-29T08:02:41,,,,,,,,455.0,8192.0,7605.0,0.0
2026-04-29T08:02:43,,,,,,,,455.0,8192.0,7605.0,1.0
2026-04-29T08:02:44,,,,,,,,455.0,8192.0,7605.0,1.0
2026-04-29T08:02:46,,,,,,,,455.0,8192.0,7605.0,0.0
2026-04-29T08:02:47,,,,,,,,455.0,8192.0,7605.0,0.0
2026-04-29T08:02:49,,,,,,,,455.0,8192.0,7605.0,0.0
2026-04-29T08:02:50,,,,,,,,455.0,8192.0,7605.0,0.0
2026-04-29T08:02:52,,,,,,,,455.0,8192.0,7605.0,0.0
2026-04-29T08:02:53,,,,,,,,455.0,8192.0,7605.0,0.0
2026-04-29T08:02:55,,,,,,,,455.0,8192.0,7605.0,1.0
2026-04-29T08:02:56,,,,,,,,455.0,8192.0,7605.0,0.0
2026-04-29T08:02:58,,,,,,,,455.0,8192.0,7605.0,0.0
2026-04-29T08:02:59,,,,,,,,455.0,8192.0,7605.0,0.0
2026-04-29T08:03:00,,,,,,,,455.0,8192.0,7605.0,0.0
2026-04-29T08:03:02,,,,,,,,455.0,8192.0,7605.0,0.0
2026-04-29T08:03:03,,,,,,,,455.0,8192.0,7605.0,0.0
2026-04-29T08:03:05,,,,,,,,455.0,8192.0,7605.0,3.0
2026-04-29T08:03:06,,,,,,,,455.0,8192.0,7605.0,0.0
2026-04-29T08:03:08,,,,,,,,455.0,8192.0,7605.0,0.0
2026-04-29T08:03:09,,,,,,,,455.0,8192.0,7605.0,0.0
2026-04-29T08:03:11,,,,,,,,455.0,8192.0,7605.0,0.0
2026-04-29T08:03:12,,,,,,,,455.0,8192.0,7605.0,0.0
2026-04-29T08:03:14,,,,,,,,455.0,8192.0,7605.0,0.0
2026-04-29T08:03:15,,,,,,,,455.0,8192.0,7605.0,2.0
2026-04-29T08:03:17,,,,,,,,455.0,8192.0,7605.0,0.0
2026-04-29T08:03:18,,,,,,,,455.0,8192.0,7605.0,0.0
2026-04-29T08:03:20,,,,,,,,455.0,8192.0,7605.0,0.0
2026-04-29T08:03:21,,,,,,,,455.0,8192.0,7605.0,1.0
2026-04-29T08:03:23,,,,,,,,455.0,8192.0,7605.0,0.0
2026-04-29T08:03:24,,,,,,,,455.0,8192.0,7605.0,0.0
2026-04-29T08:03:26,,,,,,,,455.0,8192.0,7605.0,0.0
2026-04-29T08:03:27,,,,,,,,455.0,8192.0,7605.0,0.0
2026-04-29T08:03:28,,,,,,,,455.0,8192.0,7605.0,2.0
2026-04-29T08:03:30,,,,,,,,455.0,8192.0,7605.0,0.0
2026-04-29T08:03:32,,,,,,,,455.0,8192.0,7605.0,0.0
2026-04-29T08:03:33,,,,,,,,455.0,8192.0,7605.0,0.0
2026-04-29T08:03:34,,,,,,,,455.0,8192.0,7605.0,0.0
2026-04-29T08:03:36,,,,,,,,455.0,8192.0,7605.0,1.0
2026-04-29T08:03:37,,,,,,,,455.0,8192.0,7605.0,0.0
2026-04-29T08:03:39,,,,,,,,455.0,8192.0,7605.0,0.0
2026-04-29T08:03:40,,,,,,,,455.0,8192.0,7605.0,0.0
2026-04-29T08:03:42,,,,,,,,455.0,8192.0,7605.0,1.0
2026-04-29T08:03:43,,,,,,,,455.0,8192.0,7605.0,0.0
2026-04-29T08:03:45,,,,,,,,455.0,8192.0,7605.0,0.0
2026-04-29T08:03:46,,,,,,,,461.0,8192.0,7599.0,1.0
2026-04-29T08:03:48,,,,,,,,461.0,8192.0,7599.0,0.0
2026-04-29T08:03:49,,,,,,,,455.0,8192.0,7605.0,0.0
2026-04-29T08:03:51,,,,,,,,455.0,8192.0,7605.0,1.0
2026-04-29T08:03:52,,,,,,,,461.0,8192.0,7599.0,1.0
2026-04-29T08:03:54,,,,,,,,461.0,8192.0,7599.0,0.0
2026-04-29T08:03:55,,,,,,,,460.0,8192.0,7600.0,0.0
2026-04-29T08:03:57,,,,,,,,455.0,8192.0,7605.0,0.0
2026-04-29T08:03:58,,,,,,,,455.0,8192.0,7605.0,1.0
2026-04-29T08:04:00,,,,,,,,455.0,8192.0,7605.0,0.0
2026-04-29T08:04:01,,,,,,,,455.0,8192.0,7605.0,1.0
2026-04-29T08:04:03,,,,,,,,455.0,8192.0,7605.0,0.0
2026-04-29T08:04:04,,,,,,,,455.0,8192.0,7605.0,1.0
2026-04-29T08:04:06,,,,,,,,455.0,8192.0,7605.0,0.0
2026-04-29T08:04:07,,,,,,,,455.0,8192.0,7605.0,0.0
2026-04-29T08:04:09,,,,,,,,455.0,8192.0,7605.0,0.0
2026-04-29T08:04:10,,,,,,,,455.0,8192.0,7605.0,0.0
2026-04-29T08:04:11,,,,,,,,455.0,8192.0,7605.0,0.0
2026-04-29T08:04:13,,,,,,,,455.0,8192.0,7605.0,0.0
2026-04-29T08:04:14,,,,,,,,455.0,8192.0,7605.0,1.0
2026-04-29T08:04:16,,,,,,,,455.0,8192.0,7605.0,0.0
2026-04-29T08:04:17,,,,,,,,455.0,8192.0,7605.0,0.0
2026-04-29T08:04:19,,,,,,,,455.0,8192.0,7605.0,0.0
2026-04-29T08:04:20,,,,,,,,455.0,8192.0,7605.0,2.0
2026-04-29T08:04:22,,,,,,,,455.0,8192.0,7605.0,1.0
2026-04-29T08:04:23,,,,,,,,455.0,8192.0,7605.0,2.0
2026-04-29T08:04:25,,,,,,,,455.0,8192.0,7605.0,0.0
2026-04-29T08:04:26,,,,,,,,455.0,8192.0,7605.0,1.0
2026-04-29T08:04:28,,,,,,,,455.0,8192.0,7605.0,0.0
2026-04-29T08:04:29,,,,,,,,455.0,8192.0,7605.0,1.0
2026-04-29T08:04:31,,,,,,,,455.0,8192.0,7605.0,0.0
2026-04-29T08:04:32,,,,,,,,455.0,8192.0,7605.0,1.0
2026-04-29T08:04:34,,,,,,,,455.0,8192.0,7605.0,0.0
2026-04-29T08:04:35,,,,,,,,455.0,8192.0,7605.0,0.0
2026-04-29T08:04:36,,,,,,,,461.0,8192.0,7599.0,0.0
2026-04-29T08:04:38,,,,,,,,461.0,8192.0,7599.0,1.0
2026-04-29T08:04:39,,,,,,,,461.0,8192.0,7599.0,1.0
2026-04-29T08:04:41,,,,,,,,460.0,8192.0,7600.0,0.0
2026-04-29T08:04:42,,,,,,,,455.0,8192.0,7605.0,2.0
2026-04-29T08:04:44,,,,,,,,455.0,8192.0,7605.0,0.0
2026-04-29T08:04:45,,,,,,,,455.0,8192.0,7605.0,0.0
2026-04-29T08:04:47,,,,,,,,455.0,8192.0,7605.0,0.0
2026-04-29T08:04:48,,,,,,,,461.0,8192.0,7599.0,1.0
2026-04-29T08:04:50,,,,,,,,461.0,8192.0,7599.0,0.0
2026-04-29T08:04:51,,,,,,,,460.0,8192.0,7600.0,0.0
2026-04-29T08:04:53,,,,,,,,455.0,8192.0,7605.0,1.0
2026-04-29T08:04:54,,,,,,,,455.0,8192.0,7605.0,0.0
2026-04-29T08:04:56,,,,,,,,455.0,8192.0,7605.0,0.0
2026-04-29T08:04:57,,,,,,,,455.0,8192.0,7605.0,0.0
2026-04-29T08:04:59,,,,,,,,455.0,8192.0,7605.0,0.0
2026-04-29T08:05:00,,,,,,,,455.0,8192.0,7605.0,0.0
2026-04-29T08:05:02,,,,,,,,455.0,8192.0,7605.0,0.0
2026-04-29T08:05:03,,,,,,,,455.0,8192.0,7605.0,3.0
2026-04-29T08:05:05,,,,,,,,455.0,8192.0,7605.0,0.0
2026-04-29T08:05:06,,,,,,,,455.0,8192.0,7605.0,0.0
2026-04-29T08:05:08,,,,,,,,455.0,8192.0,7605.0,0.0
2026-04-29T08:05:09,,,,,,,,455.0,8192.0,7605.0,1.0
2026-04-29T08:05:11,,,,,,,,455.0,8192.0,7605.0,1.0
2026-04-29T08:05:12,,,,,,,,455.0,8192.0,7605.0,0.0
2026-04-29T08:05:14,,,,,,,,455.0,8192.0,7605.0,0.0
2026-04-29T08:05:15,,,,,,,,455.0,8192.0,7605.0,0.0
2026-04-29T08:05:17,,,,,,,,455.0,8192.0,7605.0,2.0
2026-04-29T08:05:18,,,,,,,,455.0,8192.0,7605.0,0.0
2026-04-29T08:05:20,,,,,,,,455.0,8192.0,7605.0,0.0
2026-04-29T08:05:21,,,,,,,,455.0,8192.0,7605.0,0.0
2026-04-29T08:05:23,,,,,,,,455.0,8192.0,7605.0,0.0
2026-04-29T08:05:24,,,,,,,,455.0,8192.0,7605.0,0.0
2026-04-29T08:05:26,,,,,,,,455.0,8192.0,7605.0,0.0
2026-04-29T08:05:27,,,,,,,,455.0,8192.0,7605.0,2.0
2026-04-29T08:05:29,,,,,,,,455.0,8192.0,7605.0,0.0
2026-04-29T08:05:30,,,,,,,,455.0,8192.0,7605.0,0.0
2026-04-29T08:05:32,,,,,,,,455.0,8192.0,7605.0,1.0
2026-04-29T08:05:33,,,,,,,,455.0,8192.0,7605.0,0.0
2026-04-29T08:05:35,,,,,,,,455.0,8192.0,7605.0,1.0
2026-04-29T08:05:36,,,,,,,,455.0,8192.0,7605.0,1.0
2026-04-29T08:05:38,,,,,,,,455.0,8192.0,7605.0,1.0
2026-04-29T08:05:39,,,,,,,,455.0,8192.0,7605.0,0.0
2026-04-29T08:05:41,,,,,,,,455.0,8192.0,7605.0,0.0
2026-04-29T08:05:42,,,,,,,,461.0,8192.0,7599.0,0.0
2026-04-29T08:05:44,,,,,,,,461.0,8192.0,7599.0,0.0
2026-04-29T08:05:45,,,,,,,,455.0,8192.0,7605.0,1.0
2026-04-29T08:05:47,,,,,,,,455.0,8192.0,7605.0,0.0
2026-04-29T08:05:48,,,,,,,,455.0,8192.0,7605.0,0.0
2026-04-29T08:05:50,,,,,,,,455.0,8192.0,7605.0,0.0
2026-04-29T08:05:51,,,,,,,,455.0,8192.0,7605.0,2.0
2026-04-29T08:05:53,,,,,,,,455.0,8192.0,7605.0,0.0
2026-04-29T08:05:54,,,,,,,,455.0,8192.0,7605.0,1.0
2026-04-29T08:05:56,,,,,,,,455.0,8192.0,7605.0,0.0
2026-04-29T08:05:57,,,,,,,,455.0,8192.0,7605.0,0.0
2026-04-29T08:05:59,,,,,,,,455.0,8192.0,7605.0,0.0
2026-04-29T08:06:00,,,,,,,,455.0,8192.0,7605.0,0.0
2026-04-29T08:06:02,,,,,,,,455.0,8192.0,7605.0,0.0
2026-04-29T08:06:03,,,,,,,,455.0,8192.0,7605.0,0.0
2026-04-29T08:06:05,,,,,,,,455.0,8192.0,7605.0,1.0
2026-04-29T08:06:06,,,,,,,,455.0,8192.0,7605.0,0.0
2026-04-29T08:06:08,,,,,,,,455.0,8192.0,7605.0,0.0
2026-04-29T08:06:09,,,,,,,,455.0,8192.0,7605.0,0.0
2026-04-29T08:06:11,,,,,,,,455.0,8192.0,7605.0,0.0
2026-04-29T08:06:12,,,,,,,,455.0,8192.0,7605.0,0.0
2026-04-29T08:06:13,,,,,,,,455.0,8192.0,7605.0,0.0
2026-04-29T08:06:15,,,,,,,,455.0,8192.0,7605.0,1.0
2026-04-29T08:06:17,,,,,,,,455.0,8192.0,7605.0,0.0
2026-04-29T08:06:18,,,,,,,,455.0,8192.0,7605.0,1.0
2026-04-29T08:06:20,,,,,,,,455.0,8192.0,7605.0,1.0
2026-04-29T08:06:21,,,,,,,,455.0,8192.0,7605.0,2.0
2026-04-29T08:06:23,,,,,,,,455.0,8192.0,7605.0,0.0
2026-04-29T08:06:24,,,,,,,,455.0,8192.0,7605.0,1.0
2026-04-29T08:06:26,,,,,,,,455.0,8192.0,7605.0,0.0
2026-04-29T08:06:27,,,,,,,,455.0,8192.0,7605.0,0.0
2026-04-29T08:06:29,,,,,,,,455.0,8192.0,7605.0,0.0
2026-04-29T08:06:30,,,,,,,,455.0,8192.0,7605.0,1.0
2026-04-29T08:06:32,,,,,,,,455.0,8192.0,7605.0,0.0
2026-04-29T08:06:33,,,,,,,,455.0,8192.0,7605.0,0.0
2026-04-29T08:06:35,,,,,,,,455.0,8192.0,7605.0,0.0
2026-04-29T08:06:36,,,,,,,,455.0,8192.0,7605.0,0.0
2026-04-29T08:06:37,,,,,,,,455.0,8192.0,7605.0,0.0
2026-04-29T08:06:39,,,,,,,,455.0,8192.0,7605.0,0.0
2026-04-29T08:06:40,,,,,,,,455.0,8192.0,7605.0,1.0
2026-04-29T08:06:42,,,,,,,,455.0,8192.0,7605.0,0.0
2026-04-29T08:06:43,,,,,,,,455.0,8192.0,7605.0,0.0
2026-04-29T08:06:45,,,,,,,,455.0,8192.0,7605.0,0.0
2026-04-29T08:06:46,,,,,,,,455.0,8192.0,7605.0,0.0
2026-04-29T08:06:48,,,,,,,,455.0,8192.0,7605.0,0.0
2026-04-29T08:06:49,,,,,,,,455.0,8192.0,7605.0,0.0
2026-04-29T08:06:51,,,,,,,,455.0,8192.0,7605.0,1.0
2026-04-29T08:06:52,,,,,,,,455.0,8192.0,7605.0,1.0
2026-04-29T08:06:53,,,,,,,,455.0,8192.0,7605.0,0.0
2026-04-29T08:06:55,,,,,,,,455.0,8192.0,7605.0,0.0
2026-04-29T08:06:56,,,,,,,,455.0,8192.0,7605.0,1.0
2026-04-29T08:06:58,,,,,,,,455.0,8192.0,7605.0,0.0
2026-04-29T08:06:59,,,,,,,,455.0,8192.0,7605.0,0.0
2026-04-29T08:07:01,,,,,,,,455.0,8192.0,7605.0,1.0
2026-04-29T08:07:02,,,,,,,,455.0,8192.0,7605.0,0.0
2026-04-29T08:07:04,,,,,,,,455.0,8192.0,7605.0,0.0
2026-04-29T08:07:05,,,,,,,,455.0,8192.0,7605.0,1.0
2026-04-29T08:07:07,,,,,,,,455.0,8192.0,7605.0,1.0
2026-04-29T08:07:08,,,,,,,,455.0,8192.0,7605.0,3.0
2026-04-29T08:07:10,,,,,,,,455.0,8192.0,7605.0,0.0
2026-04-29T08:07:11,,,,,,,,455.0,8192.0,7605.0,2.0
2026-04-29T08:07:13,,,,,,,,455.0,8192.0,7605.0,1.0
2026-04-29T08:07:14,,,,,,,,455.0,8192.0,7605.0,1.0
2026-04-29T08:07:16,,,,,,,,455.0,8192.0,7605.0,0.0
2026-04-29T08:07:17,,,,,,,,455.0,8192.0,7605.0,0.0
2026-04-29T08:07:19,,,,,,,,455.0,8192.0,7605.0,0.0
2026-04-29T08:07:20,,,,,,,,455.0,8192.0,7605.0,0.0
2026-04-29T08:07:22,,,,,,,,455.0,8192.0,7605.0,1.0
2026-04-29T08:07:23,,,,,,,,455.0,8192.0,7605.0,0.0
2026-04-29T08:07:25,,,,,,,,455.0,8192.0,7605.0,0.0
2026-04-29T08:07:26,,,,,,,,455.0,8192.0,7605.0,1.0
2026-04-29T08:07:28,,,,,,,,455.0,8192.0,7605.0,0.0
2026-04-29T08:07:29,,,,,,,,455.0,8192.0,7605.0,0.0
2026-04-29T08:07:31,,,,,,,,455.0,8192.0,7605.0,0.0
2026-04-29T08:07:32,,,,,,,,455.0,8192.0,7605.0,1.0
2026-04-29T08:07:34,,,,,,,,455.0,8192.0,7605.0,0.0
2026-04-29T08:07:35,,,,,,,,455.0,8192.0,7605.0,0.0
2026-04-29T08:07:37,,,,,,,,455.0,8192.0,7605.0,0.0
2026-04-29T08:07:38,,,,,,,,455.0,8192.0,7605.0,0.0
2026-04-29T08:07:39,,,,,,,,455.0,8192.0,7605.0,0.0
2026-04-29T08:07:41,,,,,,,,455.0,8192.0,7605.0,0.0
2026-04-29T08:07:42,,,,,,,,455.0,8192.0,7605.0,1.0
2026-04-29T08:07:44,,,,,,,,455.0,8192.0,7605.0,0.0
2026-04-29T08:07:45,,,,,,,,455.0,8192.0,7605.0,0.0
2026-04-29T08:07:47,,,,,,,,455.0,8192.0,7605.0,1.0
2026-04-29T08:07:48,,,,,,,,455.0,8192.0,7605.0,0.0
2026-04-29T08:07:50,,,,,,,,455.0,8192.0,7605.0,0.0
2026-04-29T08:07:51,,,,,,,,455.0,8192.0,7605.0,0.0
2026-04-29T08:07:53,,,,,,,,455.0,8192.0,7605.0,1.0
2026-04-29T08:07:54,,,,,,,,455.0,8192.0,7605.0,0.0
2026-04-29T08:07:56,,,,,,,,455.0,8192.0,7605.0,2.0
2026-04-29T08:07:57,,,,,,,,455.0,8192.0,7605.0,0.0
2026-04-29T08:07:59,,,,,,,,455.0,8192.0,7605.0,0.0
2026-04-29T08:08:00,,,,,,,,455.0,8192.0,7605.0,0.0
2026-04-29T08:08:02,,,,,,,,455.0,8192.0,7605.0,0.0
2026-04-29T08:08:03,,,,,,,,455.0,8192.0,7605.0,0.0
2026-04-29T08:08:05,,,,,,,,455.0,8192.0,7605.0,2.0
2026-04-29T08:08:06,,,,,,,,455.0,8192.0,7605.0,0.0
2026-04-29T08:08:08,,,,,,,,455.0,8192.0,7605.0,1.0
2026-04-29T08:08:09,,,,,,,,455.0,8192.0,7605.0,0.0
2026-04-29T08:08:11,,,,,,,,455.0,8192.0,7605.0,1.0
2026-04-29T08:08:12,,,,,,,,455.0,8192.0,7605.0,0.0
2026-04-29T08:08:14,,,,,,,,455.0,8192.0,7605.0,0.0
2026-04-29T08:08:15,,,,,,,,455.0,8192.0,7605.0,0.0
2026-04-29T08:08:16,,,,,,,,455.0,8192.0,7605.0,2.0
2026-04-29T08:08:18,,,,,,,,455.0,8192.0,7605.0,1.0
2026-04-29T08:08:19,,,,,,,,455.0,8192.0,7605.0,0.0
2026-04-29T08:08:21,,,,,,,,455.0,8192.0,7605.0,1.0
2026-04-29T08:08:22,,,,,,,,455.0,8192.0,7605.0,0.0
2026-04-29T08:08:24,,,,,,,,455.0,8192.0,7605.0,1.0
2026-04-29T08:08:25,,,,,,,,455.0,8192.0,7605.0,0.0
2026-04-29T08:08:27,,,,,,,,455.0,8192.0,7605.0,1.0
2026-04-29T08:08:28,,,,,,,,455.0,8192.0,7605.0,1.0
2026-04-29T08:08:30,,,,,,,,455.0,8192.0,7605.0,0.0
2026-04-29T08:08:31,,,,,,,,455.0,8192.0,7605.0,0.0
2026-04-29T08:08:33,,,,,,,,455.0,8192.0,7605.0,0.0
2026-04-29T08:08:34,,,,,,,,455.0,8192.0,7605.0,0.0
2026-04-29T08:08:36,,,,,,,,455.0,8192.0,7605.0,0.0
2026-04-29T08:08:37,,,,,,,,455.0,8192.0,7605.0,0.0
2026-04-29T08:08:39,,,,,,,,455.0,8192.0,7605.0,0.0
2026-04-29T08:08:40,,,,,,,,455.0,8192.0,7605.0,0.0
2026-04-29T08:08:42,,,,,,,,455.0,8192.0,7605.0,0.0
2026-04-29T08:08:43,,,,,,,,455.0,8192.0,7605.0,0.0
2026-04-29T08:08:45,,,,,,,,455.0,8192.0,7605.0,0.0
2026-04-29T08:08:46,,,,,,,,455.0,8192.0,7605.0,0.0
2026-04-29T08:08:47,,,,,,,,455.0,8192.0,7605.0,0.0
2026-04-29T08:08:49,,,,,,,,455.0,8192.0,7605.0,1.0
2026-04-29T08:08:50,,,,,,,,461.0,8192.0,7599.0,1.0
2026-04-29T08:08:52,,,,,,,,461.0,8192.0,7599.0,0.0
2026-04-29T08:08:53,,,,,,,,461.0,8192.0,7599.0,0.0
2026-04-29T08:08:55,,,,,,,,455.0,8192.0,7605.0,0.0
2026-04-29T08:08:56,,,,,,,,455.0,8192.0,7605.0,0.0
2026-04-29T08:08:58,,,,,,,,455.0,8192.0,7605.0,0.0
2026-04-29T08:08:59,,,,,,,,455.0,8192.0,7605.0,0.0
2026-04-29T08:09:01,,,,,,,,455.0,8192.0,7605.0,0.0
2026-04-29T08:09:02,,,,,,,,455.0,8192.0,7605.0,0.0
2026-04-29T08:09:03,,,,,,,,455.0,8192.0,7605.0,0.0
2026-04-29T08:09:05,,,,,,,,455.0,8192.0,7605.0,0.0
2026-04-29T08:09:06,,,,,,,,455.0,8192.0,7605.0,0.0
2026-04-29T08:09:08,,,,,,,,455.0,8192.0,7605.0,0.0
2026-04-29T08:09:09,,,,,,,,455.0,8192.0,7605.0,0.0
2026-04-29T08:09:11,,,,,,,,455.0,8192.0,7605.0,0.0
2026-04-29T08:09:12,,,,,,,,455.0,8192.0,7605.0,0.0
2026-04-29T08:09:14,,,,,,,,455.0,8192.0,7605.0,0.0
2026-04-29T08:09:15,,,,,,,,455.0,8192.0,7605.0,0.0
2026-04-29T08:09:17,,,,,,,,455.0,8192.0,7605.0,0.0
2026-04-29T08:09:18,,,,,,,,455.0,8192.0,7605.0,0.0
2026-04-29T08:09:20,,,,,,,,455.0,8192.0,7605.0,2.0
2026-04-29T08:09:21,,,,,,,,455.0,8192.0,7605.0,0.0
2026-04-29T08:09:23,,,,,,,,455.0,8192.0,7605.0,0.0
2026-04-29T08:09:24,,,,,,,,455.0,8192.0,7605.0,0.0
2026-04-29T08:09:26,,,,,,,,455.0,8192.0,7605.0,0.0
2026-04-29T08:09:27,,,,,,,,455.0,8192.0,7605.0,0.0
2026-04-29T08:09:29,,,,,,,,455.0,8192.0,7605.0,0.0
2026-04-29T08:09:30,,,,,,,,455.0,8192.0,7605.0,1.0
2026-04-29T08:09:32,,,,,,,,455.0,8192.0,7605.0,0.0
2026-04-29T08:09:33,,,,,,,,455.0,8192.0,7605.0,2.0
2026-04-29T08:09:35,,,,,,,,455.0,8192.0,7605.0,0.0
2026-04-29T08:09:36,,,,,,,,455.0,8192.0,7605.0,0.0
2026-04-29T08:09:37,,,,,,,,455.0,8192.0,7605.0,0.0
2026-04-29T08:09:39,,,,,,,,455.0,8192.0,7605.0,0.0
2026-04-29T08:09:40,,,,,,,,455.0,8192.0,7605.0,1.0
2026-04-29T08:09:42,,,,,,,,455.0,8192.0,7605.0,0.0
2026-04-29T08:09:43,,,,,,,,455.0,8192.0,7605.0,0.0
2026-04-29T08:09:45,,,,,,,,455.0,8192.0,7605.0,0.0
2026-04-29T08:09:46,,,,,,,,455.0,8192.0,7605.0,0.0
2026-04-29T08:09:48,,,,,,,,455.0,8192.0,7605.0,0.0
2026-04-29T08:09:49,,,,,,,,455.0,8192.0,7605.0,0.0
2026-04-29T08:09:51,,,,,,,,455.0,8192.0,7605.0,0.0
2026-04-29T08:09:52,,,,,,,,455.0,8192.0,7605.0,0.0
2026-04-29T08:09:54,,,,,,,,454.0,8192.0,7606.0,0.0
2026-04-29T08:09:55,,,,,,,,454.0,8192.0,7606.0,2.0
2026-04-29T08:09:57,,,,,,,,454.0,8192.0,7606.0,0.0
2026-04-29T08:09:58,,,,,,,,454.0,8192.0,7606.0,1.0
2026-04-29T08:10:00,,,,,,,,454.0,8192.0,7606.0,0.0
2026-04-29T08:10:01,,,,,,,,454.0,8192.0,7606.0,1.0
2026-04-29T08:10:03,,,,,,,,454.0,8192.0,7606.0,0.0
2026-04-29T08:10:04,,,,,,,,454.0,8192.0,7606.0,1.0
2026-04-29T08:10:06,,,,,,,,454.0,8192.0,7606.0,0.0
2026-04-29T08:10:07,,,,,,,,454.0,8192.0,7606.0,1.0
2026-04-29T08:10:09,,,,,,,,454.0,8192.0,7606.0,0.0
2026-04-29T08:10:10,,,,,,,,454.0,8192.0,7606.0,0.0
2026-04-29T08:10:12,,,,,,,,454.0,8192.0,7606.0,1.0
2026-04-29T08:10:13,,,,,,,,454.0,8192.0,7606.0,1.0
2026-04-29T08:10:15,,,,,,,,454.0,8192.0,7606.0,0.0
2026-04-29T08:10:16,,,,,,,,454.0,8192.0,7606.0,1.0
2026-04-29T08:10:18,,,,,,,,454.0,8192.0,7606.0,0.0
2026-04-29T08:10:19,,,,,,,,454.0,8192.0,7606.0,0.0
2026-04-29T08:10:21,,,,,,,,454.0,8192.0,7606.0,0.0
2026-04-29T08:10:22,,,,,,,,454.0,8192.0,7606.0,0.0
2026-04-29T08:10:24,,,,,,,,454.0,8192.0,7606.0,0.0
2026-04-29T08:10:25,,,,,,,,454.0,8192.0,7606.0,0.0
2026-04-29T08:10:26,,,,,,,,454.0,8192.0,7606.0,1.0
2026-04-29T08:10:28,,,,,,,,454.0,8192.0,7606.0,0.0
2026-04-29T08:10:29,,,,,,,,454.0,8192.0,7606.0,1.0
2026-04-29T08:10:31,,,,,,,,454.0,8192.0,7606.0,0.0
2026-04-29T08:10:32,,,,,,,,454.0,8192.0,7606.0,2.0
2026-04-29T08:10:34,,,,,,,,454.0,8192.0,7606.0,0.0
2026-04-29T08:10:35,,,,,,,,454.0,8192.0,7606.0,0.0
2026-04-29T08:10:37,,,,,,,,454.0,8192.0,7606.0,1.0
2026-04-29T08:10:38,,,,,,,,454.0,8192.0,7606.0,0.0
2026-04-29T08:10:40,,,,,,,,454.0,8192.0,7606.0,0.0
2026-04-29T08:10:41,,,,,,,,454.0,8192.0,7606.0,0.0
2026-04-29T08:10:43,,,,,,,,454.0,8192.0,7606.0,0.0
2026-04-29T08:10:44,,,,,,,,454.0,8192.0,7606.0,0.0
2026-04-29T08:10:46,,,,,,,,454.0,8192.0,7606.0,0.0
2026-04-29T08:10:47,,,,,,,,454.0,8192.0,7606.0,0.0
2026-04-29T08:10:48,,,,,,,,454.0,8192.0,7606.0,0.0
2026-04-29T08:10:50,,,,,,,,454.0,8192.0,7606.0,0.0
2026-04-29T08:10:51,,,,,,,,454.0,8192.0,7606.0,0.0
2026-04-29T08:10:53,,,,,,,,454.0,8192.0,7606.0,0.0
2026-04-29T08:10:54,,,,,,,,454.0,8192.0,7606.0,0.0
2026-04-29T08:10:56,,,,,,,,454.0,8192.0,7606.0,0.0
2026-04-29T08:10:57,,,,,,,,454.0,8192.0,7606.0,1.0
2026-04-29T08:10:59,,,,,,,,454.0,8192.0,7606.0,1.0
2026-04-29T08:11:00,,,,,,,,454.0,8192.0,7606.0,0.0
2026-04-29T08:11:02,,,,,,,,454.0,8192.0,7606.0,0.0
2026-04-29T08:11:03,,,,,,,,454.0,8192.0,7606.0,0.0
2026-04-29T08:11:05,,,,,,,,454.0,8192.0,7606.0,0.0
2026-04-29T08:11:06,,,,,,,,454.0,8192.0,7606.0,0.0
2026-04-29T08:11:08,,,,,,,,454.0,8192.0,7606.0,2.0
2026-04-29T08:11:09,,,,,,,,454.0,8192.0,7606.0,0.0
2026-04-29T08:11:11,,,,,,,,454.0,8192.0,7606.0,0.0
2026-04-29T08:11:12,,,,,,,,454.0,8192.0,7606.0,0.0
2026-04-29T08:11:13,,,,,,,,454.0,8192.0,7606.0,0.0
2026-04-29T08:11:15,,,,,,,,454.0,8192.0,7606.0,0.0
2026-04-29T08:11:16,,,,,,,,454.0,8192.0,7606.0,0.0
2026-04-29T08:11:18,,,,,,,,454.0,8192.0,7606.0,1.0
2026-04-29T08:11:19,,,,,,,,454.0,8192.0,7606.0,0.0
2026-04-29T08:11:21,,,,,,,,454.0,8192.0,7606.0,0.0
2026-04-29T08:11:22,,,,,,,,454.0,8192.0,7606.0,0.0
2026-04-29T08:11:24,,,,,,,,454.0,8192.0,7606.0,1.0
2026-04-29T08:11:25,,,,,,,,454.0,8192.0,7606.0,0.0
2026-04-29T08:11:27,,,,,,,,454.0,8192.0,7606.0,1.0
2026-04-29T08:11:28,,,,,,,,454.0,8192.0,7606.0,1.0
2026-04-29T08:11:30,,,,,,,,454.0,8192.0,7606.0,1.0
2026-04-29T08:11:31,,,,,,,,454.0,8192.0,7606.0,0.0
2026-04-29T08:11:33,,,,,,,,454.0,8192.0,7606.0,0.0
2026-04-29T08:11:34,,,,,,,,454.0,8192.0,7606.0,0.0
2026-04-29T08:11:36,,,,,,,,454.0,8192.0,7606.0,0.0
2026-04-29T08:11:37,,,,,,,,454.0,8192.0,7606.0,0.0
2026-04-29T08:11:39,,,,,,,,454.0,8192.0,7606.0,1.0
2026-04-29T08:11:40,,,,,,,,454.0,8192.0,7606.0,0.0
2026-04-29T08:11:42,,,,,,,,454.0,8192.0,7606.0,0.0
2026-04-29T08:11:43,,,,,,,,454.0,8192.0,7606.0,0.0
2026-04-29T08:11:44,,,,,,,,454.0,8192.0,7606.0,0.0
2026-04-29T08:11:46,,,,,,,,454.0,8192.0,7606.0,1.0
2026-04-29T08:11:47,,,,,,,,454.0,8192.0,7606.0,2.0
2026-04-29T08:11:49,,,,,,,,454.0,8192.0,7606.0,1.0
2026-04-29T08:11:50,,,,,,,,454.0,8192.0,7606.0,0.0
2026-04-29T08:11:52,,,,,,,,454.0,8192.0,7606.0,0.0
2026-04-29T08:11:53,,,,,,,,454.0,8192.0,7606.0,0.0
2026-04-29T08:11:55,,,,,,,,454.0,8192.0,7606.0,1.0
2026-04-29T08:11:56,,,,,,,,454.0,8192.0,7606.0,0.0
2026-04-29T08:11:58,,,,,,,,454.0,8192.0,7606.0,1.0
2026-04-29T08:11:59,,,,,,,,454.0,8192.0,7606.0,1.0
2026-04-29T08:12:01,,,,,,,,454.0,8192.0,7606.0,0.0
2026-04-29T08:12:02,,,,,,,,454.0,8192.0,7606.0,0.0
2026-04-29T08:12:04,,,,,,,,454.0,8192.0,7606.0,0.0
2026-04-29T08:12:05,,,,,,,,454.0,8192.0,7606.0,0.0
2026-04-29T08:12:07,,,,,,,,454.0,8192.0,7606.0,0.0
2026-04-29T08:12:08,,,,,,,,454.0,8192.0,7606.0,0.0
2026-04-29T08:12:09,,,,,,,,454.0,8192.0,7606.0,0.0
2026-04-29T08:12:11,,,,,,,,454.0,8192.0,7606.0,2.0
2026-04-29T08:12:12,,,,,,,,454.0,8192.0,7606.0,0.0
2026-04-29T08:12:14,,,,,,,,454.0,8192.0,7606.0,0.0
2026-04-29T08:12:15,,,,,,,,454.0,8192.0,7606.0,0.0
2026-04-29T08:12:17,,,,,,,,454.0,8192.0,7606.0,2.0
2026-04-29T08:12:18,,,,,,,,454.0,8192.0,7606.0,0.0
2026-04-29T08:12:20,,,,,,,,454.0,8192.0,7606.0,0.0
2026-04-29T08:12:21,,,,,,,,454.0,8192.0,7606.0,0.0
2026-04-29T08:12:23,,,,,,,,454.0,8192.0,7606.0,0.0
2026-04-29T08:12:24,,,,,,,,454.0,8192.0,7606.0,1.0
2026-04-29T08:12:26,,,,,,,,454.0,8192.0,7606.0,0.0
2026-04-29T08:12:27,,,,,,,,454.0,8192.0,7606.0,0.0
2026-04-29T08:12:29,,,,,,,,454.0,8192.0,7606.0,0.0
2026-04-29T08:12:30,,,,,,,,454.0,8192.0,7606.0,1.0
2026-04-29T08:12:32,,,,,,,,454.0,8192.0,7606.0,0.0
2026-04-29T08:12:33,,,,,,,,454.0,8192.0,7606.0,0.0
2026-04-29T08:12:35,,,,,,,,454.0,8192.0,7606.0,0.0
2026-04-29T08:12:36,,,,,,,,454.0,8192.0,7606.0,0.0
2026-04-29T08:12:38,,,,,,,,454.0,8192.0,7606.0,0.0
2026-04-29T08:12:39,,,,,,,,454.0,8192.0,7606.0,0.0
2026-04-29T08:12:41,,,,,,,,454.0,8192.0,7606.0,0.0
2026-04-29T08:12:42,,,,,,,,454.0,8192.0,7606.0,0.0
2026-04-29T08:12:44,,,,,,,,454.0,8192.0,7606.0,1.0
2026-04-29T08:12:45,,,,,,,,454.0,8192.0,7606.0,1.0
2026-04-29T08:12:47,,,,,,,,454.0,8192.0,7606.0,0.0
2026-04-29T08:12:48,,,,,,,,454.0,8192.0,7606.0,0.0
2026-04-29T08:12:50,,,,,,,,454.0,8192.0,7606.0,0.0
2026-04-29T08:12:51,,,,,,,,454.0,8192.0,7606.0,2.0
2026-04-29T08:12:53,,,,,,,,454.0,8192.0,7606.0,0.0
2026-04-29T08:12:54,,,,,,,,454.0,8192.0,7606.0,0.0
2026-04-29T08:12:56,,,,,,,,454.0,8192.0,7606.0,1.0
2026-04-29T08:12:57,,,,,,,,454.0,8192.0,7606.0,0.0
2026-04-29T08:12:59,,,,,,,,454.0,8192.0,7606.0,0.0
2026-04-29T08:13:00,,,,,,,,454.0,8192.0,7606.0,0.0
2026-04-29T08:13:02,,,,,,,,454.0,8192.0,7606.0,0.0
2026-04-29T08:13:03,,,,,,,,454.0,8192.0,7606.0,0.0
2026-04-29T08:13:05,,,,,,,,454.0,8192.0,7606.0,0.0
2026-04-29T08:13:06,,,,,,,,454.0,8192.0,7606.0,1.0
2026-04-29T08:13:08,,,,,,,,454.0,8192.0,7606.0,1.0
2026-04-29T08:13:09,,,,,,,,454.0,8192.0,7606.0,0.0
2026-04-29T08:13:11,,,,,,,,454.0,8192.0,7606.0,1.0
2026-04-29T08:13:12,,,,,,,,454.0,8192.0,7606.0,0.0
2026-04-29T08:13:14,,,,,,,,454.0,8192.0,7606.0,1.0
2026-04-29T08:13:15,,,,,,,,454.0,8192.0,7606.0,0.0
2026-04-29T08:13:17,,,,,,,,454.0,8192.0,7606.0,1.0
2026-04-29T08:13:18,,,,,,,,454.0,8192.0,7606.0,0.0
2026-04-29T08:13:20,,,,,,,,454.0,8192.0,7606.0,3.0
2026-04-29T08:13:21,,,,,,,,454.0,8192.0,7606.0,1.0
2026-04-29T08:13:23,,,,,,,,454.0,8192.0,7606.0,1.0
2026-04-29T08:13:24,,,,,,,,454.0,8192.0,7606.0,0.0
2026-04-29T08:13:26,,,,,,,,454.0,8192.0,7606.0,0.0
2026-04-29T08:13:27,,,,,,,,454.0,8192.0,7606.0,0.0
2026-04-29T08:13:29,,,,,,,,454.0,8192.0,7606.0,0.0
2026-04-29T08:13:30,,,,,,,,454.0,8192.0,7606.0,0.0
2026-04-29T08:13:32,,,,,,,,454.0,8192.0,7606.0,1.0
2026-04-29T08:13:33,,,,,,,,454.0,8192.0,7606.0,0.0
2026-04-29T08:13:35,,,,,,,,454.0,8192.0,7606.0,0.0
2026-04-29T08:13:36,,,,,,,,454.0,8192.0,7606.0,0.0
2026-04-29T08:13:37,,,,,,,,454.0,8192.0,7606.0,0.0
2026-04-29T08:13:39,,,,,,,,454.0,8192.0,7606.0,0.0
2026-04-29T08:13:40,,,,,,,,454.0,8192.0,7606.0,0.0
2026-04-29T08:13:42,,,,,,,,454.0,8192.0,7606.0,1.0
2026-04-29T08:13:43,,,,,,,,454.0,8192.0,7606.0,1.0
2026-04-29T08:13:45,,,,,,,,454.0,8192.0,7606.0,1.0
2026-04-29T08:13:46,,,,,,,,454.0,8192.0,7606.0,0.0
2026-04-29T08:13:48,,,,,,,,454.0,8192.0,7606.0,1.0
2026-04-29T08:13:49,,,,,,,,454.0,8192.0,7606.0,2.0
2026-04-29T08:13:51,,,,,,,,454.0,8192.0,7606.0,0.0
2026-04-29T08:13:52,,,,,,,,454.0,8192.0,7606.0,2.0
2026-04-29T08:13:54,,,,,,,,454.0,8192.0,7606.0,0.0
2026-04-29T08:13:55,,,,,,,,454.0,8192.0,7606.0,0.0
2026-04-29T08:13:57,,,,,,,,454.0,8192.0,7606.0,0.0
2026-04-29T08:13:58,,,,,,,,454.0,8192.0,7606.0,0.0
2026-04-29T08:13:59,,,,,,,,454.0,8192.0,7606.0,0.0
2026-04-29T08:14:01,,,,,,,,454.0,8192.0,7606.0,1.0
2026-04-29T08:14:02,,,,,,,,454.0,8192.0,7606.0,2.0
2026-04-29T08:14:04,,,,,,,,454.0,8192.0,7606.0,0.0
2026-04-29T08:14:05,,,,,,,,454.0,8192.0,7606.0,0.0
2026-04-29T08:14:07,,,,,,,,454.0,8192.0,7606.0,0.0
2026-04-29T08:14:08,,,,,,,,454.0,8192.0,7606.0,0.0
2026-04-29T08:14:10,,,,,,,,454.0,8192.0,7606.0,0.0
2026-04-29T08:14:11,,,,,,,,454.0,8192.0,7606.0,0.0
2026-04-29T08:14:13,,,,,,,,454.0,8192.0,7606.0,1.0
2026-04-29T08:14:14,,,,,,,,454.0,8192.0,7606.0,0.0
2026-04-29T08:14:15,,,,,,,,454.0,8192.0,7606.0,0.0
2026-04-29T08:14:17,,,,,,,,454.0,8192.0,7606.0,0.0
2026-04-29T08:14:18,,,,,,,,454.0,8192.0,7606.0,0.0
2026-04-29T08:14:20,,,,,,,,454.0,8192.0,7606.0,1.0
2026-04-29T08:14:21,,,,,,,,454.0,8192.0,7606.0,0.0
2026-04-29T08:14:23,,,,,,,,454.0,8192.0,7606.0,1.0
2026-04-29T08:14:24,,,,,,,,454.0,8192.0,7606.0,0.0
2026-04-29T08:14:26,,,,,,,,454.0,8192.0,7606.0,1.0
2026-04-29T08:14:27,,,,,,,,454.0,8192.0,7606.0,0.0
2026-04-29T08:14:29,,,,,,,,454.0,8192.0,7606.0,1.0
2026-04-29T08:14:30,,,,,,,,454.0,8192.0,7606.0,0.0
2026-04-29T08:14:32,,,,,,,,454.0,8192.0,7606.0,0.0
2026-04-29T08:14:33,,,,,,,,454.0,8192.0,7606.0,1.0
2026-04-29T08:14:35,,,,,,,,454.0,8192.0,7606.0,0.0
2026-04-29T08:14:36,,,,,,,,454.0,8192.0,7606.0,1.0
2026-04-29T08:14:38,,,,,,,,454.0,8192.0,7606.0,0.0
2026-04-29T08:14:39,,,,,,,,454.0,8192.0,7606.0,0.0
2026-04-29T08:14:41,,,,,,,,454.0,8192.0,7606.0,0.0
2026-04-29T08:14:42,,,,,,,,454.0,8192.0,7606.0,0.0
2026-04-29T08:14:44,,,,,,,,454.0,8192.0,7606.0,1.0
2026-04-29T08:14:45,,,,,,,,454.0,8192.0,7606.0,0.0
2026-04-29T08:14:47,,,,,,,,454.0,8192.0,7606.0,4.0
2026-04-29T08:14:48,,,,,,,,454.0,8192.0,7606.0,1.0
2026-04-29T08:14:50,,,,,,,,454.0,8192.0,7606.0,0.0
2026-04-29T08:14:51,,,,,,,,454.0,8192.0,7606.0,2.0
2026-04-29T08:14:52,,,,,,,,454.0,8192.0,7606.0,0.0
2026-04-29T08:14:54,,,,,,,,454.0,8192.0,7606.0,0.0
2026-04-29T08:14:55,,,,,,,,454.0,8192.0,7606.0,1.0
2026-04-29T08:14:57,,,,,,,,454.0,8192.0,7606.0,0.0
2026-04-29T08:14:58,,,,,,,,454.0,8192.0,7606.0,0.0
2026-04-29T08:15:00,,,,,,,,458.0,8192.0,7602.0,2.0
2026-04-29T08:15:01,,,,,,,,455.0,8192.0,7605.0,0.0
2026-04-29T08:15:03,,,,,,,,455.0,8192.0,7605.0,0.0
2026-04-29T08:15:04,,,,,,,,454.0,8192.0,7606.0,0.0
2026-04-29T08:15:06,,,,,,,,454.0,8192.0,7606.0,0.0
2026-04-29T08:15:07,,,,,,,,453.0,8192.0,7607.0,1.0
2026-04-29T08:15:09,,,,,,,,422.0,8192.0,7638.0,2.0
2026-04-29T08:15:10,,,,,,,,422.0,8192.0,7638.0,3.0
2026-04-29T08:15:12,,,,,,,,422.0,8192.0,7638.0,0.0
2026-04-29T08:15:13,,,,,,,,422.0,8192.0,7638.0,0.0
2026-04-29T08:15:15,,,,,,,,422.0,8192.0,7638.0,0.0
2026-04-29T08:15:16,,,,,,,,422.0,8192.0,7638.0,0.0
2026-04-29T08:15:18,,,,,,,,422.0,8192.0,7638.0,0.0
2026-04-29T08:15:19,,,,,,,,422.0,8192.0,7638.0,1.0
2026-04-29T08:15:21,,,,,,,,422.0,8192.0,7638.0,0.0
2026-04-29T08:15:22,,,,,,,,422.0,8192.0,7638.0,0.0
2026-04-29T08:15:24,,,,,,,,422.0,8192.0,7638.0,0.0
2026-04-29T08:15:25,,,,,,,,422.0,8192.0,7638.0,0.0
2026-04-29T08:15:27,,,,,,,,422.0,8192.0,7638.0,0.0
2026-04-29T08:15:28,,,,,,,,422.0,8192.0,7638.0,0.0
2026-04-29T08:15:30,,,,,,,,422.0,8192.0,7638.0,0.0
2026-04-29T08:15:31,,,,,,,,422.0,8192.0,7638.0,0.0
2026-04-29T08:15:33,,,,,,,,422.0,8192.0,7638.0,0.0
2026-04-29T08:15:34,,,,,,,,422.0,8192.0,7638.0,0.0
2026-04-29T08:15:36,,,,,,,,422.0,8192.0,7638.0,1.0
2026-04-29T08:15:37,,,,,,,,422.0,8192.0,7638.0,0.0
2026-04-29T08:15:39,,,,,,,,422.0,8192.0,7638.0,1.0
2026-04-29T08:15:40,,,,,,,,422.0,8192.0,7638.0,0.0
2026-04-29T08:15:42,,,,,,,,422.0,8192.0,7638.0,1.0
2026-04-29T08:15:43,,,,,,,,422.0,8192.0,7638.0,0.0
2026-04-29T08:15:45,,,,,,,,422.0,8192.0,7638.0,1.0
2026-04-29T08:15:46,,,,,,,,422.0,8192.0,7638.0,0.0
2026-04-29T08:15:48,,,,,,,,422.0,8192.0,7638.0,1.0
2026-04-29T08:15:49,,,,,,,,422.0,8192.0,7638.0,0.0
2026-04-29T08:15:50,,,,,,,,422.0,8192.0,7638.0,1.0
2026-04-29T08:15:52,,,,,,,,422.0,8192.0,7638.0,0.0
2026-04-29T08:15:53,,,,,,,,422.0,8192.0,7638.0,0.0
2026-04-29T08:15:55,,,,,,,,422.0,8192.0,7638.0,1.0
2026-04-29T08:15:56,,,,,,,,422.0,8192.0,7638.0,0.0
2026-04-29T08:15:58,,,,,,,,422.0,8192.0,7638.0,0.0
2026-04-29T08:15:59,,,,,,,,422.0,8192.0,7638.0,0.0
2026-04-29T08:16:01,,,,,,,,422.0,8192.0,7638.0,0.0
2026-04-29T08:16:02,,,,,,,,422.0,8192.0,7638.0,0.0
2026-04-29T08:16:04,,,,,,,,422.0,8192.0,7638.0,0.0
2026-04-29T08:16:05,,,,,,,,422.0,8192.0,7638.0,0.0
2026-04-29T08:16:07,,,,,,,,422.0,8192.0,7638.0,0.0
2026-04-29T08:16:08,,,,,,,,422.0,8192.0,7638.0,0.0
2026-04-29T08:16:10,,,,,,,,422.0,8192.0,7638.0,0.0
2026-04-29T08:16:11,,,,,,,,422.0,8192.0,7638.0,1.0
2026-04-29T08:16:13,,,,,,,,422.0,8192.0,7638.0,0.0
2026-04-29T08:16:14,,,,,,,,422.0,8192.0,7638.0,1.0
2026-04-29T08:16:16,,,,,,,,422.0,8192.0,7638.0,0.0
2026-04-29T08:16:17,,,,,,,,422.0,8192.0,7638.0,1.0
2026-04-29T08:16:18,,,,,,,,422.0,8192.0,7638.0,0.0
2026-04-29T08:16:20,,,,,,,,422.0,8192.0,7638.0,0.0
2026-04-29T08:16:21,,,,,,,,422.0,8192.0,7638.0,0.0
2026-04-29T08:16:23,,,,,,,,422.0,8192.0,7638.0,0.0
2026-04-29T08:16:24,,,,,,,,422.0,8192.0,7638.0,0.0
2026-04-29T08:16:26,,,,,,,,422.0,8192.0,7638.0,0.0
2026-04-29T08:16:27,,,,,,,,422.0,8192.0,7638.0,1.0
2026-04-29T08:16:29,,,,,,,,422.0,8192.0,7638.0,0.0
2026-04-29T08:16:30,,,,,,,,422.0,8192.0,7638.0,1.0
2026-04-29T08:16:32,,,,,,,,422.0,8192.0,7638.0,0.0
2026-04-29T08:16:33,,,,,,,,422.0,8192.0,7638.0,0.0
2026-04-29T08:16:35,,,,,,,,422.0,8192.0,7638.0,0.0
2026-04-29T08:16:36,,,,,,,,422.0,8192.0,7638.0,0.0
2026-04-29T08:16:38,,,,,,,,422.0,8192.0,7638.0,0.0
2026-04-29T08:16:39,,,,,,,,422.0,8192.0,7638.0,0.0
2026-04-29T08:16:41,,,,,,,,422.0,8192.0,7638.0,0.0
2026-04-29T08:16:42,,,,,,,,422.0,8192.0,7638.0,0.0
2026-04-29T08:16:44,,,,,,,,422.0,8192.0,7638.0,0.0
2026-04-29T08:16:45,,,,,,,,422.0,8192.0,7638.0,0.0
2026-04-29T08:16:47,,,,,,,,422.0,8192.0,7638.0,0.0
2026-04-29T08:16:48,,,,,,,,422.0,8192.0,7638.0,0.0
2026-04-29T08:16:50,,,,,,,,422.0,8192.0,7638.0,0.0
2026-04-29T08:16:51,,,,,,,,422.0,8192.0,7638.0,0.0
2026-04-29T08:16:52,,,,,,,,422.0,8192.0,7638.0,1.0
2026-04-29T08:16:54,,,,,,,,422.0,8192.0,7638.0,0.0
2026-04-29T08:16:55,,,,,,,,422.0,8192.0,7638.0,0.0
2026-04-29T08:16:57,,,,,,,,422.0,8192.0,7638.0,0.0
2026-04-29T08:16:58,,,,,,,,422.0,8192.0,7638.0,0.0
2026-04-29T08:17:00,,,,,,,,422.0,8192.0,7638.0,2.0
2026-04-29T08:17:01,,,,,,,,422.0,8192.0,7638.0,0.0
2026-04-29T08:17:03,,,,,,,,422.0,8192.0,7638.0,0.0
2026-04-29T08:17:04,,,,,,,,422.0,8192.0,7638.0,0.0
2026-04-29T08:17:06,,,,,,,,422.0,8192.0,7638.0,0.0
2026-04-29T08:17:07,,,,,,,,422.0,8192.0,7638.0,0.0
2026-04-29T08:17:09,,,,,,,,422.0,8192.0,7638.0,0.0
2026-04-29T08:17:10,,,,,,,,422.0,8192.0,7638.0,1.0
2026-04-29T08:17:12,,,,,,,,422.0,8192.0,7638.0,0.0
2026-04-29T08:17:13,,,,,,,,422.0,8192.0,7638.0,0.0
2026-04-29T08:17:15,,,,,,,,422.0,8192.0,7638.0,0.0
2026-04-29T08:17:16,,,,,,,,422.0,8192.0,7638.0,0.0
2026-04-29T08:17:18,,,,,,,,422.0,8192.0,7638.0,1.0
2026-04-29T08:17:19,,,,,,,,422.0,8192.0,7638.0,0.0
2026-04-29T08:17:21,,,,,,,,422.0,8192.0,7638.0,0.0
2026-04-29T08:17:22,,,,,,,,422.0,8192.0,7638.0,0.0
2026-04-29T08:17:24,,,,,,,,422.0,8192.0,7638.0,0.0
2026-04-29T08:17:25,,,,,,,,422.0,8192.0,7638.0,0.0
2026-04-29T08:17:27,,,,,,,,422.0,8192.0,7638.0,0.0
2026-04-29T08:17:28,,,,,,,,422.0,8192.0,7638.0,0.0
2026-04-29T08:17:30,,,,,,,,422.0,8192.0,7638.0,2.0
2026-04-29T08:17:31,,,,,,,,422.0,8192.0,7638.0,0.0
2026-04-29T08:17:33,,,,,,,,422.0,8192.0,7638.0,0.0
2026-04-29T08:17:34,,,,,,,,422.0,8192.0,7638.0,0.0
2026-04-29T08:17:36,,,,,,,,422.0,8192.0,7638.0,0.0
2026-04-29T08:17:37,,,,,,,,422.0,8192.0,7638.0,1.0
2026-04-29T08:17:38,,,,,,,,422.0,8192.0,7638.0,0.0
2026-04-29T08:17:40,,,,,,,,422.0,8192.0,7638.0,0.0
2026-04-29T08:17:41,,,,,,,,422.0,8192.0,7638.0,0.0
2026-04-29T08:17:43,,,,,,,,422.0,8192.0,7638.0,0.0
2026-04-29T08:17:44,,,,,,,,422.0,8192.0,7638.0,0.0
2026-04-29T08:17:46,,,,,,,,422.0,8192.0,7638.0,0.0
2026-04-29T08:17:47,,,,,,,,422.0,8192.0,7638.0,0.0
2026-04-29T08:17:49,,,,,,,,422.0,8192.0,7638.0,0.0
2026-04-29T08:17:50,,,,,,,,422.0,8192.0,7638.0,0.0
2026-04-29T08:17:52,,,,,,,,422.0,8192.0,7638.0,0.0
2026-04-29T08:17:53,,,,,,,,422.0,8192.0,7638.0,1.0
2026-04-29T08:17:55,,,,,,,,422.0,8192.0,7638.0,0.0
2026-04-29T08:17:56,,,,,,,,422.0,8192.0,7638.0,1.0
2026-04-29T08:17:58,,,,,,,,422.0,8192.0,7638.0,0.0
2026-04-29T08:17:59,,,,,,,,422.0,8192.0,7638.0,0.0
2026-04-29T08:18:01,,,,,,,,422.0,8192.0,7638.0,0.0
2026-04-29T08:18:02,,,,,,,,422.0,8192.0,7638.0,0.0
2026-04-29T08:18:04,,,,,,,,422.0,8192.0,7638.0,0.0
2026-04-29T08:18:05,,,,,,,,422.0,8192.0,7638.0,0.0
2026-04-29T08:18:07,,,,,,,,422.0,8192.0,7638.0,0.0
2026-04-29T08:18:08,,,,,,,,422.0,8192.0,7638.0,0.0
2026-04-29T08:18:09,,,,,,,,422.0,8192.0,7638.0,0.0
2026-04-29T08:18:11,,,,,,,,422.0,8192.0,7638.0,0.0
2026-04-29T08:18:12,,,,,,,,422.0,8192.0,7638.0,1.0
2026-04-29T08:18:14,,,,,,,,422.0,8192.0,7638.0,0.0
2026-04-29T08:18:15,,,,,,,,422.0,8192.0,7638.0,0.0
2026-04-29T08:18:17,,,,,,,,422.0,8192.0,7638.0,0.0
2026-04-29T08:18:18,,,,,,,,422.0,8192.0,7638.0,0.0
2026-04-29T08:18:20,,,,,,,,422.0,8192.0,7638.0,0.0
2026-04-29T08:18:21,,,,,,,,422.0,8192.0,7638.0,0.0
2026-04-29T08:18:23,,,,,,,,422.0,8192.0,7638.0,0.0
2026-04-29T08:18:24,,,,,,,,422.0,8192.0,7638.0,0.0
2026-04-29T08:18:26,,,,,,,,422.0,8192.0,7638.0,1.0
2026-04-29T08:18:27,,,,,,,,422.0,8192.0,7638.0,0.0
2026-04-29T08:18:29,,,,,,,,422.0,8192.0,7638.0,0.0
2026-04-29T08:18:30,,,,,,,,422.0,8192.0,7638.0,0.0
2026-04-29T08:18:32,,,,,,,,422.0,8192.0,7638.0,0.0
2026-04-29T08:18:33,,,,,,,,422.0,8192.0,7638.0,0.0
2026-04-29T08:18:35,,,,,,,,422.0,8192.0,7638.0,0.0
2026-04-29T08:18:36,,,,,,,,422.0,8192.0,7638.0,0.0
2026-04-29T08:18:38,,,,,,,,422.0,8192.0,7638.0,0.0
2026-04-29T08:18:39,,,,,,,,422.0,8192.0,7638.0,0.0
2026-04-29T08:18:40,,,,,,,,422.0,8192.0,7638.0,0.0
2026-04-29T08:18:42,,,,,,,,422.0,8192.0,7638.0,2.0
2026-04-29T08:18:43,,,,,,,,422.0,8192.0,7638.0,0.0
2026-04-29T08:18:45,,,,,,,,422.0,8192.0,7638.0,0.0
2026-04-29T08:18:46,,,,,,,,422.0,8192.0,7638.0,0.0
2026-04-29T08:18:48,,,,,,,,422.0,8192.0,7638.0,0.0
2026-04-29T08:18:49,,,,,,,,422.0,8192.0,7638.0,1.0
2026-04-29T08:18:51,,,,,,,,422.0,8192.0,7638.0,0.0
2026-04-29T08:18:52,,,,,,,,422.0,8192.0,7638.0,2.0
2026-04-29T08:18:54,,,,,,,,422.0,8192.0,7638.0,0.0
2026-04-29T08:18:55,,,,,,,,422.0,8192.0,7638.0,1.0
2026-04-29T08:18:57,,,,,,,,422.0,8192.0,7638.0,0.0
2026-04-29T08:18:58,,,,,,,,422.0,8192.0,7638.0,1.0
2026-04-29T08:18:59,,,,,,,,422.0,8192.0,7638.0,0.0
2026-04-29T08:19:01,,,,,,,,422.0,8192.0,7638.0,1.0
2026-04-29T08:19:02,,,,,,,,422.0,8192.0,7638.0,0.0
2026-04-29T08:19:04,,,,,,,,422.0,8192.0,7638.0,0.0
2026-04-29T08:19:05,,,,,,,,422.0,8192.0,7638.0,0.0
2026-04-29T08:19:07,,,,,,,,422.0,8192.0,7638.0,0.0
2026-04-29T08:19:08,,,,,,,,422.0,8192.0,7638.0,0.0
2026-04-29T08:19:10,,,,,,,,422.0,8192.0,7638.0,0.0
2026-04-29T08:19:11,,,,,,,,422.0,8192.0,7638.0,0.0
2026-04-29T08:19:13,,,,,,,,422.0,8192.0,7638.0,0.0
2026-04-29T08:19:14,,,,,,,,422.0,8192.0,7638.0,1.0
2026-04-29T08:19:16,,,,,,,,422.0,8192.0,7638.0,0.0
2026-04-29T08:19:17,,,,,,,,422.0,8192.0,7638.0,1.0
2026-04-29T08:19:19,,,,,,,,422.0,8192.0,7638.0,0.0
2026-04-29T08:19:21,,,,,,,,422.0,8192.0,7638.0,0.0
2026-04-29T08:19:22,,,,,,,,422.0,8192.0,7638.0,0.0
2026-04-29T08:19:23,,,,,,,,422.0,8192.0,7638.0,0.0
2026-04-29T08:19:25,,,,,,,,422.0,8192.0,7638.0,0.0
2026-04-29T08:19:26,,,,,,,,422.0,8192.0,7638.0,0.0
2026-04-29T08:19:28,,,,,,,,422.0,8192.0,7638.0,0.0
2026-04-29T08:19:30,,,,,,,,422.0,8192.0,7638.0,0.0
2026-04-29T08:19:31,,,,,,,,422.0,8192.0,7638.0,0.0
2026-04-29T08:19:32,,,,,,,,422.0,8192.0,7638.0,1.0
2026-04-29T08:19:34,,,,,,,,422.0,8192.0,7638.0,0.0
2026-04-29T08:19:35,,,,,,,,422.0,8192.0,7638.0,0.0
2026-04-29T08:19:37,,,,,,,,422.0,8192.0,7638.0,0.0
2026-04-29T08:19:38,,,,,,,,422.0,8192.0,7638.0,0.0
2026-04-29T08:19:40,,,,,,,,422.0,8192.0,7638.0,0.0
2026-04-29T08:19:41,,,,,,,,422.0,8192.0,7638.0,0.0
2026-04-29T08:19:43,,,,,,,,422.0,8192.0,7638.0,0.0
2026-04-29T08:19:44,,,,,,,,422.0,8192.0,7638.0,0.0
2026-04-29T08:19:46,,,,,,,,422.0,8192.0,7638.0,1.0
2026-04-29T08:19:47,,,,,,,,422.0,8192.0,7638.0,0.0
2026-04-29T08:19:49,,,,,,,,422.0,8192.0,7638.0,1.0
2026-04-29T08:19:51,,,,,,,,422.0,8192.0,7638.0,0.0
2026-04-29T08:19:52,,,,,,,,422.0,8192.0,7638.0,0.0
2026-04-29T08:19:54,,,,,,,,422.0,8192.0,7638.0,0.0
2026-04-29T08:19:55,,,,,,,,422.0,8192.0,7638.0,0.0
2026-04-29T08:19:57,,,,,,,,422.0,8192.0,7638.0,1.0
2026-04-29T08:19:58,,,,,,,,422.0,8192.0,7638.0,0.0
2026-04-29T08:19:59,,,,,,,,422.0,8192.0,7638.0,0.0
2026-04-29T08:20:01,,,,,,,,422.0,8192.0,7638.0,0.0
2026-04-29T08:20:02,,,,,,,,422.0,8192.0,7638.0,0.0
2026-04-29T08:20:04,,,,,,,,422.0,8192.0,7638.0,0.0
2026-04-29T08:20:05,,,,,,,,422.0,8192.0,7638.0,0.0
2026-04-29T08:20:07,,,,,,,,422.0,8192.0,7638.0,0.0
2026-04-29T08:20:08,,,,,,,,422.0,8192.0,7638.0,0.0
2026-04-29T08:20:10,,,,,,,,422.0,8192.0,7638.0,0.0
2026-04-29T08:20:11,,,,,,,,422.0,8192.0,7638.0,0.0
2026-04-29T08:20:13,,,,,,,,422.0,8192.0,7638.0,0.0
2026-04-29T08:20:14,,,,,,,,422.0,8192.0,7638.0,0.0
2026-04-29T08:20:16,,,,,,,,422.0,8192.0,7638.0,0.0
2026-04-29T08:20:17,,,,,,,,422.0,8192.0,7638.0,0.0
2026-04-29T08:20:19,,,,,,,,422.0,8192.0,7638.0,0.0
2026-04-29T08:20:20,,,,,,,,422.0,8192.0,7638.0,0.0
2026-04-29T08:20:22,,,,,,,,422.0,8192.0,7638.0,0.0
2026-04-29T08:20:23,,,,,,,,422.0,8192.0,7638.0,0.0
2026-04-29T08:20:25,,,,,,,,422.0,8192.0,7638.0,0.0
2026-04-29T08:20:26,,,,,,,,422.0,8192.0,7638.0,0.0
2026-04-29T08:20:28,,,,,,,,422.0,8192.0,7638.0,0.0
2026-04-29T08:20:29,,,,,,,,422.0,8192.0,7638.0,0.0
2026-04-29T08:20:31,,,,,,,,422.0,8192.0,7638.0,0.0
2026-04-29T08:20:32,,,,,,,,422.0,8192.0,7638.0,0.0
2026-04-29T08:20:34,,,,,,,,422.0,8192.0,7638.0,0.0
2026-04-29T08:20:35,,,,,,,,422.0,8192.0,7638.0,0.0
2026-04-29T08:20:36,,,,,,,,422.0,8192.0,7638.0,0.0
2026-04-29T08:20:38,,,,,,,,422.0,8192.0,7638.0,0.0
2026-04-29T08:20:39,,,,,,,,422.0,8192.0,7638.0,0.0
2026-04-29T08:20:41,,,,,,,,422.0,8192.0,7638.0,0.0
2026-04-29T08:20:42,,,,,,,,422.0,8192.0,7638.0,1.0
2026-04-29T08:20:44,,,,,,,,422.0,8192.0,7638.0,0.0
2026-04-29T08:20:45,,,,,,,,422.0,8192.0,7638.0,0.0
2026-04-29T08:20:47,,,,,,,,422.0,8192.0,7638.0,0.0
2026-04-29T08:20:48,,,,,,,,422.0,8192.0,7638.0,0.0
2026-04-29T08:20:50,,,,,,,,422.0,8192.0,7638.0,0.0
2026-04-29T08:20:51,,,,,,,,422.0,8192.0,7638.0,0.0
2026-04-29T08:20:53,,,,,,,,422.0,8192.0,7638.0,1.0
2026-04-29T08:20:54,,,,,,,,422.0,8192.0,7638.0,0.0
2026-04-29T08:20:55,,,,,,,,422.0,8192.0,7638.0,3.0
2026-04-29T08:20:57,,,,,,,,422.0,8192.0,7638.0,0.0
2026-04-29T08:20:58,,,,,,,,422.0,8192.0,7638.0,0.0
2026-04-29T08:21:00,,,,,,,,422.0,8192.0,7638.0,1.0
2026-04-29T08:21:01,,,,,,,,422.0,8192.0,7638.0,0.0
2026-04-29T08:21:03,,,,,,,,422.0,8192.0,7638.0,0.0
2026-04-29T08:21:04,,,,,,,,422.0,8192.0,7638.0,0.0
2026-04-29T08:21:06,,,,,,,,422.0,8192.0,7638.0,0.0
2026-04-29T08:21:07,,,,,,,,422.0,8192.0,7638.0,0.0
2026-04-29T08:21:09,,,,,,,,422.0,8192.0,7638.0,0.0
2026-04-29T08:21:10,,,,,,,,422.0,8192.0,7638.0,0.0
2026-04-29T08:21:12,,,,,,,,422.0,8192.0,7638.0,0.0
2026-04-29T08:21:14,,,,,,,,422.0,8192.0,7638.0,1.0
2026-04-29T08:21:15,,,,,,,,422.0,8192.0,7638.0,0.0
2026-04-29T08:21:17,,,,,,,,422.0,8192.0,7638.0,1.0
2026-04-29T08:21:18,,,,,,,,422.0,8192.0,7638.0,0.0
2026-04-29T08:21:19,,,,,,,,422.0,8192.0,7638.0,0.0
2026-04-29T08:21:21,,,,,,,,422.0,8192.0,7638.0,0.0
2026-04-29T08:21:22,,,,,,,,422.0,8192.0,7638.0,0.0
2026-04-29T08:21:24,,,,,,,,422.0,8192.0,7638.0,1.0
2026-04-29T08:21:25,,,,,,,,422.0,8192.0,7638.0,0.0
2026-04-29T08:21:27,,,,,,,,422.0,8192.0,7638.0,1.0
2026-04-29T08:21:28,,,,,,,,422.0,8192.0,7638.0,0.0
2026-04-29T08:21:30,,,,,,,,422.0,8192.0,7638.0,0.0
2026-04-29T08:21:31,,,,,,,,422.0,8192.0,7638.0,0.0
2026-04-29T08:21:33,,,,,,,,422.0,8192.0,7638.0,0.0
2026-04-29T08:21:34,,,,,,,,422.0,8192.0,7638.0,0.0
2026-04-29T08:21:36,,,,,,,,422.0,8192.0,7638.0,0.0
2026-04-29T08:21:37,,,,,,,,422.0,8192.0,7638.0,0.0
2026-04-29T08:21:39,,,,,,,,422.0,8192.0,7638.0,2.0
2026-04-29T08:21:40,,,,,,,,422.0,8192.0,7638.0,0.0
2026-04-29T08:21:41,,,,,,,,422.0,8192.0,7638.0,0.0
2026-04-29T08:21:43,,,,,,,,422.0,8192.0,7638.0,1.0
2026-04-29T08:21:44,,,,,,,,422.0,8192.0,7638.0,0.0
2026-04-29T08:21:46,,,,,,,,422.0,8192.0,7638.0,0.0
2026-04-29T08:21:48,,,,,,,,422.0,8192.0,7638.0,0.0
2026-04-29T08:21:49,,,,,,,,422.0,8192.0,7638.0,0.0
2026-04-29T08:21:51,,,,,,,,422.0,8192.0,7638.0,0.0
2026-04-29T08:21:52,,,,,,,,422.0,8192.0,7638.0,1.0
2026-04-29T08:21:54,,,,,,,,422.0,8192.0,7638.0,0.0
2026-04-29T08:21:55,,,,,,,,422.0,8192.0,7638.0,0.0
2026-04-29T08:21:57,,,,,,,,422.0,8192.0,7638.0,0.0
2026-04-29T08:21:58,,,,,,,,422.0,8192.0,7638.0,0.0
2026-04-29T08:22:00,,,,,,,,422.0,8192.0,7638.0,0.0
2026-04-29T08:22:01,,,,,,,,422.0,8192.0,7638.0,0.0
2026-04-29T08:22:03,,,,,,,,422.0,8192.0,7638.0,0.0
2026-04-29T08:22:04,,,,,,,,422.0,8192.0,7638.0,0.0
2026-04-29T08:22:06,,,,,,,,422.0,8192.0,7638.0,0.0
2026-04-29T08:22:07,,,,,,,,422.0,8192.0,7638.0,0.0
2026-04-29T08:22:09,,,,,,,,422.0,8192.0,7638.0,1.0
2026-04-29T08:22:10,,,,,,,,422.0,8192.0,7638.0,0.0
2026-04-29T08:22:12,,,,,,,,422.0,8192.0,7638.0,0.0
2026-04-29T08:22:13,,,,,,,,422.0,8192.0,7638.0,0.0
2026-04-29T08:22:15,,,,,,,,422.0,8192.0,7638.0,0.0
2026-04-29T08:22:16,,,,,,,,422.0,8192.0,7638.0,0.0
2026-04-29T08:22:17,,,,,,,,422.0,8192.0,7638.0,0.0
2026-04-29T08:22:19,,,,,,,,422.0,8192.0,7638.0,0.0
2026-04-29T08:22:20,,,,,,,,422.0,8192.0,7638.0,0.0
2026-04-29T08:22:22,,,,,,,,422.0,8192.0,7638.0,0.0
2026-04-29T08:22:23,,,,,,,,422.0,8192.0,7638.0,0.0
2026-04-29T08:22:25,,,,,,,,422.0,8192.0,7638.0,0.0
2026-04-29T08:22:26,,,,,,,,422.0,8192.0,7638.0,0.0
2026-04-29T08:22:28,,,,,,,,422.0,8192.0,7638.0,0.0
2026-04-29T08:22:29,,,,,,,,422.0,8192.0,7638.0,0.0
2026-04-29T08:22:31,,,,,,,,422.0,8192.0,7638.0,0.0
2026-04-29T08:22:32,,,,,,,,422.0,8192.0,7638.0,0.0
2026-04-29T08:22:34,,,,,,,,422.0,8192.0,7638.0,0.0
2026-04-29T08:22:36,,,,,,,,422.0,8192.0,7638.0,0.0
2026-04-29T08:22:37,,,,,,,,422.0,8192.0,7638.0,0.0
2026-04-29T08:22:39,,,,,,,,422.0,8192.0,7638.0,0.0
2026-04-29T08:22:40,,,,,,,,422.0,8192.0,7638.0,0.0
2026-04-29T08:22:42,,,,,,,,422.0,8192.0,7638.0,0.0
2026-04-29T08:22:43,,,,,,,,422.0,8192.0,7638.0,1.0
2026-04-29T08:22:45,,,,,,,,422.0,8192.0,7638.0,0.0
2026-04-29T08:22:46,,,,,,,,422.0,8192.0,7638.0,0.0
2026-04-29T08:22:48,,,,,,,,422.0,8192.0,7638.0,0.0
2026-04-29T08:22:49,,,,,,,,422.0,8192.0,7638.0,0.0
2026-04-29T08:22:51,,,,,,,,422.0,8192.0,7638.0,1.0
2026-04-29T08:22:52,,,,,,,,422.0,8192.0,7638.0,0.0
2026-04-29T08:22:54,,,,,,,,422.0,8192.0,7638.0,1.0
2026-04-29T08:22:55,,,,,,,,422.0,8192.0,7638.0,0.0
2026-04-29T08:22:57,,,,,,,,422.0,8192.0,7638.0,0.0
2026-04-29T08:22:58,,,,,,,,422.0,8192.0,7638.0,0.0
2026-04-29T08:23:00,,,,,,,,422.0,8192.0,7638.0,0.0
2026-04-29T08:23:01,,,,,,,,422.0,8192.0,7638.0,0.0
2026-04-29T08:23:03,,,,,,,,422.0,8192.0,7638.0,0.0
2026-04-29T08:23:04,,,,,,,,422.0,8192.0,7638.0,1.0
2026-04-29T08:23:05,,,,,,,,422.0,8192.0,7638.0,0.0
2026-04-29T08:23:07,,,,,,,,422.0,8192.0,7638.0,1.0
2026-04-29T08:23:08,,,,,,,,422.0,8192.0,7638.0,0.0
2026-04-29T08:23:10,,,,,,,,422.0,8192.0,7638.0,0.0
2026-04-29T08:23:11,,,,,,,,422.0,8192.0,7638.0,1.0
2026-04-29T08:23:13,,,,,,,,422.0,8192.0,7638.0,0.0
2026-04-29T08:23:14,,,,,,,,422.0,8192.0,7638.0,1.0
2026-04-29T08:23:16,,,,,,,,422.0,8192.0,7638.0,0.0
2026-04-29T08:23:17,,,,,,,,422.0,8192.0,7638.0,1.0
2026-04-29T08:23:19,,,,,,,,422.0,8192.0,7638.0,0.0
2026-04-29T08:23:20,,,,,,,,422.0,8192.0,7638.0,1.0
2026-04-29T08:23:22,,,,,,,,422.0,8192.0,7638.0,0.0
2026-04-29T08:23:23,,,,,,,,422.0,8192.0,7638.0,3.0
2026-04-29T08:23:25,,,,,,,,422.0,8192.0,7638.0,2.0
2026-04-29T08:23:26,,,,,,,,422.0,8192.0,7638.0,1.0
2026-04-29T08:23:28,,,,,,,,422.0,8192.0,7638.0,0.0
2026-04-29T08:23:29,,,,,,,,422.0,8192.0,7638.0,0.0
2026-04-29T08:23:31,,,,,,,,422.0,8192.0,7638.0,0.0
2026-04-29T08:23:32,,,,,,,,422.0,8192.0,7638.0,0.0
2026-04-29T08:23:34,,,,,,,,422.0,8192.0,7638.0,0.0
2026-04-29T08:23:35,,,,,,,,422.0,8192.0,7638.0,0.0
2026-04-29T08:23:37,,,,,,,,422.0,8192.0,7638.0,2.0
2026-04-29T08:23:38,,,,,,,,422.0,8192.0,7638.0,0.0
2026-04-29T08:23:40,,,,,,,,422.0,8192.0,7638.0,0.0
2026-04-29T08:23:41,,,,,,,,422.0,8192.0,7638.0,0.0
2026-04-29T08:23:43,,,,,,,,422.0,8192.0,7638.0,1.0
2026-04-29T08:23:44,,,,,,,,422.0,8192.0,7638.0,0.0
2026-04-29T08:23:45,,,,,,,,422.0,8192.0,7638.0,1.0
2026-04-29T08:23:47,,,,,,,,422.0,8192.0,7638.0,0.0
2026-04-29T08:23:48,,,,,,,,422.0,8192.0,7638.0,0.0
2026-04-29T08:23:50,,,,,,,,422.0,8192.0,7638.0,0.0
2026-04-29T08:23:52,,,,,,,,422.0,8192.0,7638.0,0.0
2026-04-29T08:23:53,,,,,,,,422.0,8192.0,7638.0,0.0
2026-04-29T08:23:55,,,,,,,,422.0,8192.0,7638.0,0.0
2026-04-29T08:23:56,,,,,,,,422.0,8192.0,7638.0,0.0
2026-04-29T08:23:58,,,,,,,,422.0,8192.0,7638.0,1.0
2026-04-29T08:23:59,,,,,,,,422.0,8192.0,7638.0,0.0
2026-04-29T08:24:01,,,,,,,,422.0,8192.0,7638.0,1.0
2026-04-29T08:24:02,,,,,,,,422.0,8192.0,7638.0,0.0
2026-04-29T08:24:04,,,,,,,,422.0,8192.0,7638.0,0.0
2026-04-29T08:24:05,,,,,,,,422.0,8192.0,7638.0,0.0
2026-04-29T08:24:06,,,,,,,,422.0,8192.0,7638.0,0.0
2026-04-29T08:24:08,,,,,,,,422.0,8192.0,7638.0,0.0
2026-04-29T08:24:09,,,,,,,,422.0,8192.0,7638.0,0.0
2026-04-29T08:24:11,,,,,,,,422.0,8192.0,7638.0,3.0
2026-04-29T08:24:12,,,,,,,,422.0,8192.0,7638.0,0.0
2026-04-29T08:24:14,,,,,,,,422.0,8192.0,7638.0,2.0
2026-04-29T08:24:15,,,,,,,,422.0,8192.0,7638.0,0.0
2026-04-29T08:24:17,,,,,,,,422.0,8192.0,7638.0,0.0
2026-04-29T08:24:18,,,,,,,,422.0,8192.0,7638.0,0.0
2026-04-29T08:24:20,,,,,,,,422.0,8192.0,7638.0,2.0
2026-04-29T08:24:21,,,,,,,,422.0,8192.0,7638.0,0.0
2026-04-29T08:24:23,,,,,,,,422.0,8192.0,7638.0,0.0
2026-04-29T08:24:24,,,,,,,,422.0,8192.0,7638.0,0.0
2026-04-29T08:24:26,,,,,,,,422.0,8192.0,7638.0,0.0
2026-04-29T08:24:27,,,,,,,,422.0,8192.0,7638.0,0.0
2026-04-29T08:24:29,,,,,,,,422.0,8192.0,7638.0,0.0
2026-04-29T08:24:30,,,,,,,,422.0,8192.0,7638.0,1.0
2026-04-29T08:24:32,,,,,,,,422.0,8192.0,7638.0,0.0
2026-04-29T08:24:33,,,,,,,,422.0,8192.0,7638.0,1.0
2026-04-29T08:24:35,,,,,,,,422.0,8192.0,7638.0,0.0
2026-04-29T08:24:36,,,,,,,,422.0,8192.0,7638.0,0.0
2026-04-29T08:24:37,,,,,,,,422.0,8192.0,7638.0,0.0
2026-04-29T08:24:39,,,,,,,,422.0,8192.0,7638.0,0.0
2026-04-29T08:24:40,,,,,,,,422.0,8192.0,7638.0,0.0
2026-04-29T08:24:42,,,,,,,,422.0,8192.0,7638.0,0.0
2026-04-29T08:24:43,,,,,,,,422.0,8192.0,7638.0,1.0
2026-04-29T08:24:45,,,,,,,,422.0,8192.0,7638.0,0.0
2026-04-29T08:24:46,,,,,,,,422.0,8192.0,7638.0,0.0
2026-04-29T08:24:48,,,,,,,,422.0,8192.0,7638.0,0.0
2026-04-29T08:24:49,,,,,,,,422.0,8192.0,7638.0,0.0
2026-04-29T08:24:50,,,,,,,,422.0,8192.0,7638.0,0.0
2026-04-29T08:24:52,,,,,,,,422.0,8192.0,7638.0,0.0
2026-04-29T08:24:53,,,,,,,,422.0,8192.0,7638.0,1.0
2026-04-29T08:24:55,,,,,,,,422.0,8192.0,7638.0,0.0
2026-04-29T08:24:56,,,,,,,,422.0,8192.0,7638.0,3.0
2026-04-29T08:24:58,,,,,,,,422.0,8192.0,7638.0,0.0
2026-04-29T08:24:59,,,,,,,,422.0,8192.0,7638.0,1.0
2026-04-29T08:25:01,,,,,,,,422.0,8192.0,7638.0,1.0
2026-04-29T08:25:03,,,,,,,,422.0,8192.0,7638.0,0.0
2026-04-29T08:25:04,,,,,,,,422.0,8192.0,7638.0,1.0
2026-04-29T08:25:06,,,,,,,,422.0,8192.0,7638.0,1.0
2026-04-29T08:25:07,,,,,,,,422.0,8192.0,7638.0,1.0
2026-04-29T08:25:09,,,,,,,,422.0,8192.0,7638.0,0.0
2026-04-29T08:25:10,,,,,,,,422.0,8192.0,7638.0,0.0
2026-04-29T08:25:12,,,,,,,,422.0,8192.0,7638.0,0.0
2026-04-29T08:25:13,,,,,,,,422.0,8192.0,7638.0,0.0
2026-04-29T08:25:15,,,,,,,,422.0,8192.0,7638.0,0.0
2026-04-29T08:25:16,,,,,,,,422.0,8192.0,7638.0,0.0
2026-04-29T08:25:18,,,,,,,,422.0,8192.0,7638.0,0.0
2026-04-29T08:25:19,,,,,,,,422.0,8192.0,7638.0,0.0
2026-04-29T08:25:21,,,,,,,,422.0,8192.0,7638.0,0.0
2026-04-29T08:25:22,,,,,,,,422.0,8192.0,7638.0,0.0
2026-04-29T08:25:24,,,,,,,,422.0,8192.0,7638.0,1.0
2026-04-29T08:25:25,,,,,,,,422.0,8192.0,7638.0,0.0
2026-04-29T08:25:26,,,,,,,,422.0,8192.0,7638.0,0.0
2026-04-29T08:25:28,,,,,,,,422.0,8192.0,7638.0,0.0
2026-04-29T08:25:29,,,,,,,,422.0,8192.0,7638.0,0.0
2026-04-29T08:25:31,,,,,,,,422.0,8192.0,7638.0,0.0
2026-04-29T08:25:32,,,,,,,,422.0,8192.0,7638.0,0.0
2026-04-29T08:25:34,,,,,,,,422.0,8192.0,7638.0,0.0
2026-04-29T08:25:35,,,,,,,,422.0,8192.0,7638.0,1.0
2026-04-29T08:25:37,,,,,,,,422.0,8192.0,7638.0,0.0
2026-04-29T08:25:39,,,,,,,,422.0,8192.0,7638.0,0.0
2026-04-29T08:25:40,,,,,,,,422.0,8192.0,7638.0,0.0
2026-04-29T08:25:41,,,,,,,,422.0,8192.0,7638.0,0.0
2026-04-29T08:25:43,,,,,,,,422.0,8192.0,7638.0,0.0
2026-04-29T08:25:44,,,,,,,,422.0,8192.0,7638.0,0.0
2026-04-29T08:25:46,,,,,,,,422.0,8192.0,7638.0,0.0
2026-04-29T08:25:47,,,,,,,,422.0,8192.0,7638.0,0.0
2026-04-29T08:25:49,,,,,,,,422.0,8192.0,7638.0,0.0
2026-04-29T08:25:50,,,,,,,,422.0,8192.0,7638.0,1.0
2026-04-29T08:25:52,,,,,,,,422.0,8192.0,7638.0,0.0
2026-04-29T08:25:53,,,,,,,,422.0,8192.0,7638.0,0.0
2026-04-29T08:25:55,,,,,,,,422.0,8192.0,7638.0,0.0
2026-04-29T08:25:56,,,,,,,,422.0,8192.0,7638.0,1.0
2026-04-29T08:25:57,,,,,,,,422.0,8192.0,7638.0,0.0
2026-04-29T08:25:59,,,,,,,,422.0,8192.0,7638.0,1.0
2026-04-29T08:26:00,,,,,,,,422.0,8192.0,7638.0,0.0
2026-04-29T08:26:02,,,,,,,,422.0,8192.0,7638.0,0.0
2026-04-29T08:26:03,,,,,,,,422.0,8192.0,7638.0,0.0
2026-04-29T08:26:05,,,,,,,,422.0,8192.0,7638.0,0.0
2026-04-29T08:26:06,,,,,,,,422.0,8192.0,7638.0,0.0
2026-04-29T08:26:08,,,,,,,,422.0,8192.0,7638.0,0.0
2026-04-29T08:26:09,,,,,,,,422.0,8192.0,7638.0,0.0
2026-04-29T08:26:11,,,,,,,,422.0,8192.0,7638.0,0.0
2026-04-29T08:26:12,,,,,,,,422.0,8192.0,7638.0,0.0
2026-04-29T08:26:14,,,,,,,,422.0,8192.0,7638.0,0.0
2026-04-29T08:26:15,,,,,,,,422.0,8192.0,7638.0,1.0
2026-04-29T08:26:17,,,,,,,,422.0,8192.0,7638.0,0.0
2026-04-29T08:26:18,,,,,,,,422.0,8192.0,7638.0,0.0
2026-04-29T08:26:20,,,,,,,,422.0,8192.0,7638.0,2.0
2026-04-29T08:26:21,,,,,,,,422.0,8192.0,7638.0,0.0
2026-04-29T08:26:23,,,,,,,,422.0,8192.0,7638.0,0.0
2026-04-29T08:26:24,,,,,,,,422.0,8192.0,7638.0,0.0
2026-04-29T08:26:25,,,,,,,,422.0,8192.0,7638.0,0.0
2026-04-29T08:26:27,,,,,,,,422.0,8192.0,7638.0,0.0
2026-04-29T08:26:29,,,,,,,,422.0,8192.0,7638.0,0.0
2026-04-29T08:26:30,,,,,,,,422.0,8192.0,7638.0,0.0
2026-04-29T08:26:31,,,,,,,,422.0,8192.0,7638.0,0.0
2026-04-29T08:26:33,,,,,,,,422.0,8192.0,7638.0,0.0
2026-04-29T08:26:34,,,,,,,,422.0,8192.0,7638.0,1.0
2026-04-29T08:26:36,,,,,,,,422.0,8192.0,7638.0,0.0
2026-04-29T08:26:37,,,,,,,,422.0,8192.0,7638.0,0.0
2026-04-29T08:26:39,,,,,,,,422.0,8192.0,7638.0,0.0
2026-04-29T08:26:40,,,,,,,,422.0,8192.0,7638.0,2.0
2026-04-29T08:26:42,,,,,,,,422.0,8192.0,7638.0,0.0
2026-04-29T08:26:43,,,,,,,,422.0,8192.0,7638.0,0.0
2026-04-29T08:26:45,,,,,,,,422.0,8192.0,7638.0,1.0
2026-04-29T08:26:46,,,,,,,,422.0,8192.0,7638.0,0.0
2026-04-29T08:26:48,,,,,,,,422.0,8192.0,7638.0,1.0
2026-04-29T08:26:49,,,,,,,,422.0,8192.0,7638.0,0.0
2026-04-29T08:26:51,,,,,,,,422.0,8192.0,7638.0,0.0
2026-04-29T08:26:52,,,,,,,,422.0,8192.0,7638.0,0.0
2026-04-29T08:26:53,,,,,,,,422.0,8192.0,7638.0,0.0
2026-04-29T08:26:55,,,,,,,,422.0,8192.0,7638.0,0.0
2026-04-29T08:26:56,,,,,,,,422.0,8192.0,7638.0,0.0
2026-04-29T08:26:58,,,,,,,,422.0,8192.0,7638.0,0.0
2026-04-29T08:26:59,,,,,,,,422.0,8192.0,7638.0,0.0
2026-04-29T08:27:01,,,,,,,,422.0,8192.0,7638.0,0.0
2026-04-29T08:27:02,,,,,,,,422.0,8192.0,7638.0,0.0
2026-04-29T08:27:04,,,,,,,,422.0,8192.0,7638.0,0.0
2026-04-29T08:27:06,,,,,,,,422.0,8192.0,7638.0,0.0
2026-04-29T08:27:07,,,,,,,,422.0,8192.0,7638.0,0.0
2026-04-29T08:27:09,,,,,,,,422.0,8192.0,7638.0,0.0
2026-04-29T08:27:10,,,,,,,,422.0,8192.0,7638.0,0.0
2026-04-29T08:27:11,,,,,,,,422.0,8192.0,7638.0,0.0
2026-04-29T08:27:13,,,,,,,,422.0,8192.0,7638.0,1.0
2026-04-29T08:27:14,,,,,,,,422.0,8192.0,7638.0,1.0
2026-04-29T08:27:16,,,,,,,,422.0,8192.0,7638.0,0.0
2026-04-29T08:27:17,,,,,,,,422.0,8192.0,7638.0,0.0
2026-04-29T08:27:19,,,,,,,,422.0,8192.0,7638.0,0.0
2026-04-29T08:27:20,,,,,,,,422.0,8192.0,7638.0,0.0
2026-04-29T08:27:22,,,,,,,,422.0,8192.0,7638.0,0.0
2026-04-29T08:27:23,,,,,,,,422.0,8192.0,7638.0,0.0
2026-04-29T08:27:25,,,,,,,,422.0,8192.0,7638.0,0.0
2026-04-29T08:27:26,,,,,,,,422.0,8192.0,7638.0,0.0
2026-04-29T08:27:28,,,,,,,,422.0,8192.0,7638.0,0.0
2026-04-29T08:27:29,,,,,,,,422.0,8192.0,7638.0,1.0
2026-04-29T08:27:30,,,,,,,,422.0,8192.0,7638.0,0.0
2026-04-29T08:27:32,,,,,,,,422.0,8192.0,7638.0,0.0
2026-04-29T08:27:33,,,,,,,,422.0,8192.0,7638.0,0.0
2026-04-29T08:27:35,,,,,,,,422.0,8192.0,7638.0,0.0
2026-04-29T08:27:36,,,,,,,,422.0,8192.0,7638.0,0.0
2026-04-29T08:27:38,,,,,,,,422.0,8192.0,7638.0,0.0
2026-04-29T08:27:39,,,,,,,,422.0,8192.0,7638.0,0.0
2026-04-29T08:27:41,,,,,,,,422.0,8192.0,7638.0,0.0
2026-04-29T08:27:42,,,,,,,,422.0,8192.0,7638.0,1.0
2026-04-29T08:27:44,,,,,,,,422.0,8192.0,7638.0,0.0
2026-04-29T08:27:45,,,,,,,,422.0,8192.0,7638.0,0.0
2026-04-29T08:27:47,,,,,,,,422.0,8192.0,7638.0,2.0
2026-04-29T08:27:48,,,,,,,,422.0,8192.0,7638.0,0.0
2026-04-29T08:27:50,,,,,,,,422.0,8192.0,7638.0,0.0
2026-04-29T08:27:51,,,,,,,,422.0,8192.0,7638.0,0.0
2026-04-29T08:27:53,,,,,,,,422.0,8192.0,7638.0,0.0
2026-04-29T08:27:54,,,,,,,,422.0,8192.0,7638.0,0.0
2026-04-29T08:27:56,,,,,,,,422.0,8192.0,7638.0,2.0
2026-04-29T08:27:57,,,,,,,,422.0,8192.0,7638.0,0.0
2026-04-29T08:27:58,,,,,,,,422.0,8192.0,7638.0,1.0
2026-04-29T08:28:00,,,,,,,,422.0,8192.0,7638.0,0.0
2026-04-29T08:28:01,,,,,,,,422.0,8192.0,7638.0,1.0
2026-04-29T08:28:03,,,,,,,,422.0,8192.0,7638.0,0.0
2026-04-29T08:28:04,,,,,,,,422.0,8192.0,7638.0,1.0
2026-04-29T08:28:06,,,,,,,,422.0,8192.0,7638.0,2.0
2026-04-29T08:28:07,,,,,,,,430.0,8192.0,7630.0,4.0
2026-04-29T08:28:09,,,,,,,,446.0,8192.0,7614.0,1.0
2026-04-29T08:28:10,,,,,,,,446.0,8192.0,7614.0,2.0
2026-04-29T08:28:12,,,,,,,,446.0,8192.0,7614.0,1.0
2026-04-29T08:28:13,,,,,,,,442.0,8192.0,7618.0,3.0
2026-04-29T08:28:15,,,,,,,,442.0,8192.0,7618.0,0.0
2026-04-29T08:28:16,,,,,,,,442.0,8192.0,7618.0,0.0
2026-04-29T08:28:18,,,,,,,,442.0,8192.0,7618.0,0.0
2026-04-29T08:28:19,,,,,,,,435.0,8192.0,7625.0,2.0
2026-04-29T08:28:21,,,,,,,,435.0,8192.0,7625.0,3.0
2026-04-29T08:28:22,,,,,,,,435.0,8192.0,7625.0,0.0
2026-04-29T08:28:24,,,,,,,,435.0,8192.0,7625.0,0.0
2026-04-29T08:28:25,,,,,,,,435.0,8192.0,7625.0,0.0
2026-04-29T08:28:27,,,,,,,,435.0,8192.0,7625.0,1.0
2026-04-29T08:28:28,,,,,,,,435.0,8192.0,7625.0,0.0
2026-04-29T08:28:30,,,,,,,,435.0,8192.0,7625.0,3.0
2026-04-29T08:28:31,,,,,,,,435.0,8192.0,7625.0,0.0
2026-04-29T08:28:33,,,,,,,,435.0,8192.0,7625.0,1.0
2026-04-29T08:28:34,,,,,,,,435.0,8192.0,7625.0,0.0
2026-04-29T08:28:35,,,,,,,,435.0,8192.0,7625.0,0.0
2026-04-29T08:28:37,,,,,,,,435.0,8192.0,7625.0,0.0
2026-04-29T08:28:38,,,,,,,,435.0,8192.0,7625.0,2.0
2026-04-29T08:28:40,,,,,,,,435.0,8192.0,7625.0,0.0
2026-04-29T08:28:41,,,,,,,,435.0,8192.0,7625.0,0.0
2026-04-29T08:28:43,,,,,,,,435.0,8192.0,7625.0,0.0
2026-04-29T08:28:44,,,,,,,,435.0,8192.0,7625.0,0.0
2026-04-29T08:28:46,,,,,,,,435.0,8192.0,7625.0,0.0
2026-04-29T08:28:47,,,,,,,,435.0,8192.0,7625.0,0.0
2026-04-29T08:28:48,,,,,,,,435.0,8192.0,7625.0,0.0
2026-04-29T08:28:50,,,,,,,,435.0,8192.0,7625.0,0.0
2026-04-29T08:28:51,,,,,,,,435.0,8192.0,7625.0,0.0
2026-04-29T08:28:53,,,,,,,,435.0,8192.0,7625.0,0.0
2026-04-29T08:28:54,,,,,,,,435.0,8192.0,7625.0,0.0
2026-04-29T08:28:56,,,,,,,,435.0,8192.0,7625.0,0.0
2026-04-29T08:28:57,,,,,,,,435.0,8192.0,7625.0,0.0
2026-04-29T08:28:59,,,,,,,,435.0,8192.0,7625.0,0.0
2026-04-29T08:29:00,,,,,,,,435.0,8192.0,7625.0,2.0
2026-04-29T08:29:02,,,,,,,,435.0,8192.0,7625.0,0.0
2026-04-29T08:29:03,,,,,,,,435.0,8192.0,7625.0,0.0
2026-04-29T08:29:05,,,,,,,,435.0,8192.0,7625.0,1.0
2026-04-29T08:29:06,,,,,,,,435.0,8192.0,7625.0,0.0
2026-04-29T08:29:08,,,,,,,,435.0,8192.0,7625.0,1.0
2026-04-29T08:29:09,,,,,,,,435.0,8192.0,7625.0,0.0
2026-04-29T08:29:11,,,,,,,,435.0,8192.0,7625.0,1.0
2026-04-29T08:29:12,,,,,,,,435.0,8192.0,7625.0,0.0
2026-04-29T08:29:14,,,,,,,,435.0,8192.0,7625.0,1.0
2026-04-29T08:29:15,,,,,,,,435.0,8192.0,7625.0,0.0
2026-04-29T08:29:17,,,,,,,,435.0,8192.0,7625.0,0.0
2026-04-29T08:29:18,,,,,,,,435.0,8192.0,7625.0,0.0
2026-04-29T08:29:19,,,,,,,,435.0,8192.0,7625.0,1.0
2026-04-29T08:29:21,,,,,,,,435.0,8192.0,7625.0,0.0
2026-04-29T08:29:22,,,,,,,,435.0,8192.0,7625.0,0.0
2026-04-29T08:29:24,,,,,,,,435.0,8192.0,7625.0,2.0
2026-04-29T08:29:25,,,,,,,,435.0,8192.0,7625.0,0.0
2026-04-29T08:29:27,,,,,,,,435.0,8192.0,7625.0,0.0
2026-04-29T08:29:28,,,,,,,,435.0,8192.0,7625.0,0.0
2026-04-29T08:29:30,,,,,,,,435.0,8192.0,7625.0,0.0
2026-04-29T08:29:31,,,,,,,,435.0,8192.0,7625.0,0.0
2026-04-29T08:29:33,,,,,,,,435.0,8192.0,7625.0,0.0
2026-04-29T08:29:34,,,,,,,,435.0,8192.0,7625.0,0.0
2026-04-29T08:29:36,,,,,,,,435.0,8192.0,7625.0,0.0
2026-04-29T08:29:37,,,,,,,,435.0,8192.0,7625.0,0.0
2026-04-29T08:29:39,,,,,,,,435.0,8192.0,7625.0,0.0
2026-04-29T08:29:40,,,,,,,,435.0,8192.0,7625.0,0.0
2026-04-29T08:29:42,,,,,,,,435.0,8192.0,7625.0,1.0
2026-04-29T08:29:43,,,,,,,,435.0,8192.0,7625.0,1.0
2026-04-29T08:29:45,,,,,,,,435.0,8192.0,7625.0,0.0
2026-04-29T08:29:46,,,,,,,,435.0,8192.0,7625.0,0.0
2026-04-29T08:29:48,,,,,,,,435.0,8192.0,7625.0,0.0
2026-04-29T08:29:49,,,,,,,,435.0,8192.0,7625.0,0.0
2026-04-29T08:29:50,,,,,,,,435.0,8192.0,7625.0,1.0
2026-04-29T08:29:52,,,,,,,,435.0,8192.0,7625.0,0.0
2026-04-29T08:29:53,,,,,,,,435.0,8192.0,7625.0,0.0
2026-04-29T08:29:55,,,,,,,,435.0,8192.0,7625.0,0.0
2026-04-29T08:29:56,,,,,,,,435.0,8192.0,7625.0,0.0
2026-04-29T08:29:58,,,,,,,,435.0,8192.0,7625.0,1.0
2026-04-29T08:29:59,,,,,,,,435.0,8192.0,7625.0,0.0
2026-04-29T08:30:01,,,,,,,,465.0,8192.0,7595.0,31.0
2026-04-29T08:30:02,,,,,,,,462.0,8192.0,7598.0,0.0
2026-04-29T08:30:04,,,,,,,,461.0,8192.0,7599.0,0.0
2026-04-29T08:30:05,,,,,,,,433.0,8192.0,7627.0,0.0
2026-04-29T08:30:07,,,,,,,,433.0,8192.0,7627.0,2.0
2026-04-29T08:30:08,,,,,,,,433.0,8192.0,7627.0,0.0
2026-04-29T08:30:10,,,,,,,,433.0,8192.0,7627.0,1.0
2026-04-29T08:30:11,,,,,,,,433.0,8192.0,7627.0,0.0
2026-04-29T08:30:13,,,,,,,,433.0,8192.0,7627.0,0.0
2026-04-29T08:30:14,,,,,,,,433.0,8192.0,7627.0,0.0
2026-04-29T08:30:15,,,,,,,,433.0,8192.0,7627.0,0.0
2026-04-29T08:30:17,,,,,,,,433.0,8192.0,7627.0,0.0
2026-04-29T08:30:18,,,,,,,,433.0,8192.0,7627.0,1.0
2026-04-29T08:30:20,,,,,,,,433.0,8192.0,7627.0,0.0
2026-04-29T08:30:21,,,,,,,,433.0,8192.0,7627.0,0.0
2026-04-29T08:30:23,,,,,,,,433.0,8192.0,7627.0,0.0
2026-04-29T08:30:24,,,,,,,,433.0,8192.0,7627.0,0.0
2026-04-29T08:30:26,,,,,,,,433.0,8192.0,7627.0,0.0
2026-04-29T08:30:27,,,,,,,,433.0,8192.0,7627.0,0.0
2026-04-29T08:30:29,,,,,,,,433.0,8192.0,7627.0,1.0
2026-04-29T08:30:30,,,,,,,,433.0,8192.0,7627.0,0.0
2026-04-29T08:30:32,,,,,,,,433.0,8192.0,7627.0,0.0
2026-04-29T08:30:33,,,,,,,,433.0,8192.0,7627.0,0.0
2026-04-29T08:30:35,,,,,,,,433.0,8192.0,7627.0,0.0
2026-04-29T08:30:36,,,,,,,,433.0,8192.0,7627.0,0.0
2026-04-29T08:30:38,,,,,,,,433.0,8192.0,7627.0,0.0
2026-04-29T08:30:39,,,,,,,,433.0,8192.0,7627.0,0.0
2026-04-29T08:30:41,,,,,,,,433.0,8192.0,7627.0,0.0
2026-04-29T08:30:42,,,,,,,,433.0,8192.0,7627.0,0.0
2026-04-29T08:30:43,,,,,,,,433.0,8192.0,7627.0,0.0
2026-04-29T08:30:45,,,,,,,,433.0,8192.0,7627.0,0.0
2026-04-29T08:30:46,,,,,,,,433.0,8192.0,7627.0,0.0
2026-04-29T08:30:48,,,,,,,,433.0,8192.0,7627.0,0.0
2026-04-29T08:30:49,,,,,,,,433.0,8192.0,7627.0,0.0
2026-04-29T08:30:51,,,,,,,,433.0,8192.0,7627.0,1.0
2026-04-29T08:30:52,,,,,,,,433.0,8192.0,7627.0,0.0
2026-04-29T08:30:54,,,,,,,,433.0,8192.0,7627.0,1.0
2026-04-29T08:30:55,,,,,,,,433.0,8192.0,7627.0,0.0
2026-04-29T08:30:57,,,,,,,,433.0,8192.0,7627.0,0.0
2026-04-29T08:30:58,,,,,,,,433.0,8192.0,7627.0,0.0
2026-04-29T08:31:00,,,,,,,,433.0,8192.0,7627.0,1.0
2026-04-29T08:31:01,,,,,,,,433.0,8192.0,7627.0,0.0
2026-04-29T08:31:03,,,,,,,,433.0,8192.0,7627.0,1.0
2026-04-29T08:31:04,,,,,,,,433.0,8192.0,7627.0,0.0
2026-04-29T08:31:06,,,,,,,,433.0,8192.0,7627.0,0.0
2026-04-29T08:31:07,,,,,,,,433.0,8192.0,7627.0,0.0
2026-04-29T08:31:08,,,,,,,,433.0,8192.0,7627.0,0.0
2026-04-29T08:31:10,,,,,,,,433.0,8192.0,7627.0,0.0
2026-04-29T08:31:11,,,,,,,,433.0,8192.0,7627.0,0.0
2026-04-29T08:31:13,,,,,,,,433.0,8192.0,7627.0,0.0
2026-04-29T08:31:14,,,,,,,,433.0,8192.0,7627.0,0.0
2026-04-29T08:31:16,,,,,,,,433.0,8192.0,7627.0,0.0
2026-04-29T08:31:17,,,,,,,,433.0,8192.0,7627.0,0.0
2026-04-29T08:31:19,,,,,,,,433.0,8192.0,7627.0,0.0
2026-04-29T08:31:20,,,,,,,,433.0,8192.0,7627.0,0.0
2026-04-29T08:31:22,,,,,,,,433.0,8192.0,7627.0,0.0
2026-04-29T08:31:23,,,,,,,,433.0,8192.0,7627.0,0.0
2026-04-29T08:31:25,,,,,,,,433.0,8192.0,7627.0,0.0
2026-04-29T08:31:26,,,,,,,,433.0,8192.0,7627.0,0.0
2026-04-29T08:31:28,,,,,,,,433.0,8192.0,7627.0,0.0
2026-04-29T08:31:29,,,,,,,,433.0,8192.0,7627.0,0.0
2026-04-29T08:31:31,,,,,,,,433.0,8192.0,7627.0,1.0
2026-04-29T08:31:32,,,,,,,,433.0,8192.0,7627.0,0.0
2026-04-29T08:31:33,,,,,,,,433.0,8192.0,7627.0,0.0
2026-04-29T08:31:35,,,,,,,,433.0,8192.0,7627.0,0.0
2026-04-29T08:31:37,,,,,,,,433.0,8192.0,7627.0,0.0
2026-04-29T08:31:38,,,,,,,,433.0,8192.0,7627.0,0.0
2026-04-29T08:31:39,,,,,,,,433.0,8192.0,7627.0,0.0
2026-04-29T08:31:41,,,,,,,,433.0,8192.0,7627.0,0.0
2026-04-29T08:31:42,,,,,,,,433.0,8192.0,7627.0,0.0
2026-04-29T08:31:44,,,,,,,,433.0,8192.0,7627.0,0.0
2026-04-29T08:31:45,,,,,,,,433.0,8192.0,7627.0,0.0
2026-04-29T08:31:47,,,,,,,,433.0,8192.0,7627.0,0.0
2026-04-29T08:31:48,,,,,,,,433.0,8192.0,7627.0,0.0
2026-04-29T08:31:50,,,,,,,,433.0,8192.0,7627.0,0.0
2026-04-29T08:31:51,,,,,,,,433.0,8192.0,7627.0,2.0
2026-04-29T08:31:53,,,,,,,,433.0,8192.0,7627.0,0.0
2026-04-29T08:31:54,,,,,,,,433.0,8192.0,7627.0,2.0
2026-04-29T08:31:56,,,,,,,,433.0,8192.0,7627.0,0.0
2026-04-29T08:31:57,,,,,,,,433.0,8192.0,7627.0,0.0
2026-04-29T08:31:59,,,,,,,,433.0,8192.0,7627.0,0.0
2026-04-29T08:32:00,,,,,,,,433.0,8192.0,7627.0,1.0
2026-04-29T08:32:02,,,,,,,,433.0,8192.0,7627.0,0.0
2026-04-29T08:32:03,,,,,,,,433.0,8192.0,7627.0,0.0
2026-04-29T08:32:05,,,,,,,,433.0,8192.0,7627.0,0.0
2026-04-29T08:32:06,,,,,,,,433.0,8192.0,7627.0,0.0
2026-04-29T08:32:08,,,,,,,,433.0,8192.0,7627.0,1.0
2026-04-29T08:32:09,,,,,,,,433.0,8192.0,7627.0,0.0
2026-04-29T08:32:11,,,,,,,,433.0,8192.0,7627.0,0.0
2026-04-29T08:32:12,,,,,,,,433.0,8192.0,7627.0,0.0
2026-04-29T08:32:14,,,,,,,,433.0,8192.0,7627.0,1.0
2026-04-29T08:32:15,,,,,,,,433.0,8192.0,7627.0,0.0
2026-04-29T08:32:17,,,,,,,,433.0,8192.0,7627.0,1.0
2026-04-29T08:32:18,,,,,,,,433.0,8192.0,7627.0,0.0
2026-04-29T08:32:19,,,,,,,,433.0,8192.0,7627.0,0.0
2026-04-29T08:32:21,,,,,,,,433.0,8192.0,7627.0,0.0
2026-04-29T08:32:22,,,,,,,,433.0,8192.0,7627.0,0.0
2026-04-29T08:32:24,,,,,,,,433.0,8192.0,7627.0,0.0
2026-04-29T08:32:25,,,,,,,,433.0,8192.0,7627.0,0.0
2026-04-29T08:32:27,,,,,,,,433.0,8192.0,7627.0,1.0
2026-04-29T08:32:28,,,,,,,,433.0,8192.0,7627.0,0.0
2026-04-29T08:32:30,,,,,,,,433.0,8192.0,7627.0,1.0
2026-04-29T08:32:31,,,,,,,,433.0,8192.0,7627.0,0.0
2026-04-29T08:32:33,,,,,,,,433.0,8192.0,7627.0,1.0
2026-04-29T08:32:34,,,,,,,,433.0,8192.0,7627.0,0.0
2026-04-29T08:32:36,,,,,,,,433.0,8192.0,7627.0,1.0
2026-04-29T08:32:37,,,,,,,,433.0,8192.0,7627.0,0.0
2026-04-29T08:32:38,,,,,,,,433.0,8192.0,7627.0,0.0
2026-04-29T08:32:40,,,,,,,,433.0,8192.0,7627.0,0.0
2026-04-29T08:32:41,,,,,,,,433.0,8192.0,7627.0,0.0
2026-04-29T08:32:43,,,,,,,,433.0,8192.0,7627.0,0.0
2026-04-29T08:32:44,,,,,,,,433.0,8192.0,7627.0,0.0
2026-04-29T08:32:46,,,,,,,,433.0,8192.0,7627.0,1.0
2026-04-29T08:32:47,,,,,,,,433.0,8192.0,7627.0,0.0
2026-04-29T08:32:49,,,,,,,,433.0,8192.0,7627.0,1.0
2026-04-29T08:32:50,,,,,,,,433.0,8192.0,7627.0,0.0
2026-04-29T08:32:51,,,,,,,,433.0,8192.0,7627.0,0.0
2026-04-29T08:32:53,,,,,,,,433.0,8192.0,7627.0,0.0
2026-04-29T08:32:54,,,,,,,,433.0,8192.0,7627.0,0.0
2026-04-29T08:32:56,,,,,,,,433.0,8192.0,7627.0,0.0
2026-04-29T08:32:57,,,,,,,,433.0,8192.0,7627.0,0.0
2026-04-29T08:32:59,,,,,,,,433.0,8192.0,7627.0,0.0
2026-04-29T08:33:00,,,,,,,,433.0,8192.0,7627.0,0.0
2026-04-29T08:33:02,,,,,,,,433.0,8192.0,7627.0,1.0
2026-04-29T08:33:03,,,,,,,,433.0,8192.0,7627.0,0.0
2026-04-29T08:33:05,,,,,,,,433.0,8192.0,7627.0,0.0
2026-04-29T08:33:06,,,,,,,,433.0,8192.0,7627.0,0.0
2026-04-29T08:33:08,,,,,,,,433.0,8192.0,7627.0,2.0
2026-04-29T08:33:09,,,,,,,,433.0,8192.0,7627.0,0.0
2026-04-29T08:33:11,,,,,,,,433.0,8192.0,7627.0,0.0
2026-04-29T08:33:12,,,,,,,,433.0,8192.0,7627.0,0.0
2026-04-29T08:33:14,,,,,,,,433.0,8192.0,7627.0,1.0
2026-04-29T08:33:15,,,,,,,,433.0,8192.0,7627.0,0.0
2026-04-29T08:33:17,,,,,,,,433.0,8192.0,7627.0,1.0
2026-04-29T08:33:18,,,,,,,,433.0,8192.0,7627.0,0.0
2026-04-29T08:33:20,,,,,,,,433.0,8192.0,7627.0,1.0
2026-04-29T08:33:21,,,,,,,,433.0,8192.0,7627.0,0.0
2026-04-29T08:33:23,,,,,,,,433.0,8192.0,7627.0,1.0
2026-04-29T08:33:24,,,,,,,,433.0,8192.0,7627.0,0.0
2026-04-29T08:33:26,,,,,,,,433.0,8192.0,7627.0,0.0
2026-04-29T08:33:27,,,,,,,,433.0,8192.0,7627.0,0.0
2026-04-29T08:33:29,,,,,,,,433.0,8192.0,7627.0,0.0
2026-04-29T08:33:30,,,,,,,,433.0,8192.0,7627.0,0.0
2026-04-29T08:33:31,,,,,,,,433.0,8192.0,7627.0,0.0
2026-04-29T08:33:33,,,,,,,,433.0,8192.0,7627.0,0.0
2026-04-29T08:33:34,,,,,,,,433.0,8192.0,7627.0,0.0
2026-04-29T08:33:36,,,,,,,,433.0,8192.0,7627.0,0.0
2026-04-29T08:33:38,,,,,,,,433.0,8192.0,7627.0,1.0
2026-04-29T08:33:39,,,,,,,,433.0,8192.0,7627.0,0.0
2026-04-29T08:33:40,,,,,,,,433.0,8192.0,7627.0,0.0
2026-04-29T08:33:42,,,,,,,,433.0,8192.0,7627.0,0.0
2026-04-29T08:33:43,,,,,,,,433.0,8192.0,7627.0,0.0
2026-04-29T08:33:45,,,,,,,,433.0,8192.0,7627.0,0.0
2026-04-29T08:33:46,,,,,,,,433.0,8192.0,7627.0,0.0
2026-04-29T08:33:48,,,,,,,,433.0,8192.0,7627.0,0.0
2026-04-29T08:33:49,,,,,,,,433.0,8192.0,7627.0,0.0
2026-04-29T08:33:51,,,,,,,,433.0,8192.0,7627.0,0.0
2026-04-29T08:33:52,,,,,,,,433.0,8192.0,7627.0,0.0
2026-04-29T08:33:54,,,,,,,,433.0,8192.0,7627.0,1.0
2026-04-29T08:33:55,,,,,,,,433.0,8192.0,7627.0,0.0
2026-04-29T08:33:57,,,,,,,,433.0,8192.0,7627.0,1.0
2026-04-29T08:33:58,,,,,,,,433.0,8192.0,7627.0,0.0
2026-04-29T08:34:00,,,,,,,,433.0,8192.0,7627.0,1.0
2026-04-29T08:34:01,,,,,,,,433.0,8192.0,7627.0,0.0
2026-04-29T08:34:03,,,,,,,,433.0,8192.0,7627.0,1.0
2026-04-29T08:34:04,,,,,,,,433.0,8192.0,7627.0,0.0
2026-04-29T08:34:06,,,,,,,,433.0,8192.0,7627.0,1.0
2026-04-29T08:34:07,,,,,,,,433.0,8192.0,7627.0,0.0
2026-04-29T08:34:09,,,,,,,,433.0,8192.0,7627.0,1.0
2026-04-29T08:34:10,,,,,,,,433.0,8192.0,7627.0,0.0
2026-04-29T08:34:11,,,,,,,,433.0,8192.0,7627.0,0.0
2026-04-29T08:34:13,,,,,,,,433.0,8192.0,7627.0,0.0
2026-04-29T08:34:14,,,,,,,,433.0,8192.0,7627.0,0.0
2026-04-29T08:34:16,,,,,,,,433.0,8192.0,7627.0,0.0
2026-04-29T08:34:17,,,,,,,,433.0,8192.0,7627.0,0.0
2026-04-29T08:34:19,,,,,,,,433.0,8192.0,7627.0,0.0
2026-04-29T08:34:20,,,,,,,,433.0,8192.0,7627.0,0.0
2026-04-29T08:34:22,,,,,,,,433.0,8192.0,7627.0,0.0
2026-04-29T08:34:23,,,,,,,,433.0,8192.0,7627.0,0.0
2026-04-29T08:34:25,,,,,,,,433.0,8192.0,7627.0,0.0
2026-04-29T08:34:26,,,,,,,,433.0,8192.0,7627.0,0.0
2026-04-29T08:34:28,,,,,,,,433.0,8192.0,7627.0,1.0
2026-04-29T08:34:29,,,,,,,,433.0,8192.0,7627.0,0.0
2026-04-29T08:34:31,,,,,,,,433.0,8192.0,7627.0,1.0
2026-04-29T08:34:32,,,,,,,,433.0,8192.0,7627.0,0.0
2026-04-29T08:34:34,,,,,,,,433.0,8192.0,7627.0,1.0
2026-04-29T08:34:35,,,,,,,,433.0,8192.0,7627.0,0.0
2026-04-29T08:34:37,,,,,,,,433.0,8192.0,7627.0,1.0
2026-04-29T08:34:38,,,,,,,,433.0,8192.0,7627.0,0.0
2026-04-29T08:34:40,,,,,,,,433.0,8192.0,7627.0,1.0
2026-04-29T08:34:41,,,,,,,,433.0,8192.0,7627.0,2.0
2026-04-29T08:34:43,,,,,,,,433.0,8192.0,7627.0,1.0
2026-04-29T08:34:44,,,,,,,,433.0,8192.0,7627.0,0.0
2026-04-29T08:34:46,,,,,,,,433.0,8192.0,7627.0,0.0
2026-04-29T08:34:47,,,,,,,,433.0,8192.0,7627.0,0.0
2026-04-29T08:34:48,,,,,,,,433.0,8192.0,7627.0,0.0
2026-04-29T08:34:50,,,,,,,,433.0,8192.0,7627.0,0.0
2026-04-29T08:34:51,,,,,,,,433.0,8192.0,7627.0,0.0
2026-04-29T08:34:53,,,,,,,,433.0,8192.0,7627.0,0.0
2026-04-29T08:34:54,,,,,,,,433.0,8192.0,7627.0,0.0
2026-04-29T08:34:56,,,,,,,,433.0,8192.0,7627.0,3.0
2026-04-29T08:34:57,,,,,,,,433.0,8192.0,7627.0,0.0
2026-04-29T08:34:59,,,,,,,,433.0,8192.0,7627.0,0.0
2026-04-29T08:35:00,,,,,,,,433.0,8192.0,7627.0,0.0
2026-04-29T08:35:02,,,,,,,,433.0,8192.0,7627.0,0.0
2026-04-29T08:35:03,,,,,,,,433.0,8192.0,7627.0,0.0
2026-04-29T08:35:05,,,,,,,,433.0,8192.0,7627.0,0.0
2026-04-29T08:35:06,,,,,,,,433.0,8192.0,7627.0,2.0
2026-04-29T08:35:08,,,,,,,,433.0,8192.0,7627.0,1.0
2026-04-29T08:35:09,,,,,,,,433.0,8192.0,7627.0,0.0
2026-04-29T08:35:11,,,,,,,,433.0,8192.0,7627.0,1.0
2026-04-29T08:35:12,,,,,,,,433.0,8192.0,7627.0,0.0
2026-04-29T08:35:14,,,,,,,,433.0,8192.0,7627.0,1.0
2026-04-29T08:35:15,,,,,,,,433.0,8192.0,7627.0,0.0
2026-04-29T08:35:17,,,,,,,,433.0,8192.0,7627.0,1.0
2026-04-29T08:35:18,,,,,,,,433.0,8192.0,7627.0,0.0
2026-04-29T08:35:20,,,,,,,,433.0,8192.0,7627.0,1.0
2026-04-29T08:35:21,,,,,,,,433.0,8192.0,7627.0,0.0
2026-04-29T08:35:23,,,,,,,,433.0,8192.0,7627.0,0.0
2026-04-29T08:35:24,,,,,,,,433.0,8192.0,7627.0,0.0
2026-04-29T08:35:25,,,,,,,,433.0,8192.0,7627.0,0.0
2026-04-29T08:35:27,,,,,,,,433.0,8192.0,7627.0,0.0
2026-04-29T08:35:28,,,,,,,,433.0,8192.0,7627.0,0.0
2026-04-29T08:35:30,,,,,,,,433.0,8192.0,7627.0,0.0
2026-04-29T08:35:31,,,,,,,,433.0,8192.0,7627.0,0.0
2026-04-29T08:35:33,,,,,,,,433.0,8192.0,7627.0,0.0
2026-04-29T08:35:34,,,,,,,,433.0,8192.0,7627.0,0.0
2026-04-29T08:35:36,,,,,,,,433.0,8192.0,7627.0,1.0
2026-04-29T08:35:37,,,,,,,,433.0,8192.0,7627.0,0.0
2026-04-29T08:35:38,,,,,,,,433.0,8192.0,7627.0,0.0
2026-04-29T08:35:40,,,,,,,,433.0,8192.0,7627.0,0.0
2026-04-29T08:35:41,,,,,,,,433.0,8192.0,7627.0,0.0
2026-04-29T08:35:43,,,,,,,,433.0,8192.0,7627.0,0.0
2026-04-29T08:35:44,,,,,,,,433.0,8192.0,7627.0,0.0
2026-04-29T08:35:46,,,,,,,,433.0,8192.0,7627.0,0.0
2026-04-29T08:35:47,,,,,,,,433.0,8192.0,7627.0,0.0
2026-04-29T08:35:49,,,,,,,,433.0,8192.0,7627.0,0.0
2026-04-29T08:35:50,,,,,,,,433.0,8192.0,7627.0,0.0
2026-04-29T08:35:52,,,,,,,,433.0,8192.0,7627.0,1.0
2026-04-29T08:35:53,,,,,,,,433.0,8192.0,7627.0,0.0
2026-04-29T08:35:55,,,,,,,,433.0,8192.0,7627.0,1.0
2026-04-29T08:35:56,,,,,,,,433.0,8192.0,7627.0,0.0
2026-04-29T08:35:58,,,,,,,,433.0,8192.0,7627.0,0.0
2026-04-29T08:35:59,,,,,,,,433.0,8192.0,7627.0,0.0
2026-04-29T08:36:01,,,,,,,,433.0,8192.0,7627.0,1.0
2026-04-29T08:36:02,,,,,,,,433.0,8192.0,7627.0,0.0
2026-04-29T08:36:04,,,,,,,,433.0,8192.0,7627.0,1.0
2026-04-29T08:36:05,,,,,,,,433.0,8192.0,7627.0,0.0
2026-04-29T08:36:07,,,,,,,,433.0,8192.0,7627.0,0.0
2026-04-29T08:36:08,,,,,,,,433.0,8192.0,7627.0,0.0
2026-04-29T08:36:09,,,,,,,,433.0,8192.0,7627.0,0.0
2026-04-29T08:36:11,,,,,,,,433.0,8192.0,7627.0,0.0
2026-04-29T08:36:12,,,,,,,,433.0,8192.0,7627.0,0.0
2026-04-29T08:36:14,,,,,,,,433.0,8192.0,7627.0,0.0
2026-04-29T08:36:15,,,,,,,,433.0,8192.0,7627.0,0.0
2026-04-29T08:36:17,,,,,,,,433.0,8192.0,7627.0,0.0
2026-04-29T08:36:18,,,,,,,,433.0,8192.0,7627.0,0.0
2026-04-29T08:36:20,,,,,,,,433.0,8192.0,7627.0,0.0
2026-04-29T08:36:21,,,,,,,,433.0,8192.0,7627.0,0.0
2026-04-29T08:36:23,,,,,,,,433.0,8192.0,7627.0,1.0
2026-04-29T08:36:24,,,,,,,,433.0,8192.0,7627.0,0.0
2026-04-29T08:36:25,,,,,,,,433.0,8192.0,7627.0,1.0
2026-04-29T08:36:27,,,,,,,,433.0,8192.0,7627.0,0.0
2026-04-29T08:36:28,,,,,,,,433.0,8192.0,7627.0,0.0
2026-04-29T08:36:30,,,,,,,,433.0,8192.0,7627.0,0.0
2026-04-29T08:36:31,,,,,,,,433.0,8192.0,7627.0,0.0
2026-04-29T08:36:33,,,,,,,,433.0,8192.0,7627.0,0.0
2026-04-29T08:36:34,,,,,,,,433.0,8192.0,7627.0,0.0
2026-04-29T08:36:36,,,,,,,,433.0,8192.0,7627.0,0.0
2026-04-29T08:36:37,,,,,,,,433.0,8192.0,7627.0,0.0
2026-04-29T08:36:39,,,,,,,,433.0,8192.0,7627.0,0.0
2026-04-29T08:36:40,,,,,,,,433.0,8192.0,7627.0,2.0
2026-04-29T08:36:42,,,,,,,,433.0,8192.0,7627.0,0.0
2026-04-29T08:36:43,,,,,,,,433.0,8192.0,7627.0,0.0
2026-04-29T08:36:45,,,,,,,,433.0,8192.0,7627.0,0.0
2026-04-29T08:36:46,,,,,,,,433.0,8192.0,7627.0,0.0
2026-04-29T08:36:48,,,,,,,,433.0,8192.0,7627.0,1.0
2026-04-29T08:36:49,,,,,,,,433.0,8192.0,7627.0,0.0
2026-04-29T08:36:51,,,,,,,,433.0,8192.0,7627.0,1.0
2026-04-29T08:36:52,,,,,,,,433.0,8192.0,7627.0,0.0
2026-04-29T08:36:54,,,,,,,,433.0,8192.0,7627.0,0.0
2026-04-29T08:36:55,,,,,,,,433.0,8192.0,7627.0,0.0
2026-04-29T08:36:57,,,,,,,,433.0,8192.0,7627.0,0.0
2026-04-29T08:36:58,,,,,,,,433.0,8192.0,7627.0,0.0
2026-04-29T08:37:00,,,,,,,,433.0,8192.0,7627.0,0.0
2026-04-29T08:37:01,,,,,,,,433.0,8192.0,7627.0,0.0
2026-04-29T08:37:03,,,,,,,,433.0,8192.0,7627.0,1.0
2026-04-29T08:37:04,,,,,,,,433.0,8192.0,7627.0,0.0
2026-04-29T08:37:06,,,,,,,,433.0,8192.0,7627.0,1.0
2026-04-29T08:37:07,,,,,,,,433.0,8192.0,7627.0,0.0
2026-04-29T08:37:08,,,,,,,,433.0,8192.0,7627.0,0.0
2026-04-29T08:37:10,,,,,,,,433.0,8192.0,7627.0,0.0
2026-04-29T08:37:11,,,,,,,,433.0,8192.0,7627.0,0.0
2026-04-29T08:37:13,,,,,,,,433.0,8192.0,7627.0,0.0
2026-04-29T08:37:14,,,,,,,,433.0,8192.0,7627.0,0.0
2026-04-29T08:37:16,,,,,,,,433.0,8192.0,7627.0,1.0
2026-04-29T08:37:17,,,,,,,,433.0,8192.0,7627.0,0.0
2026-04-29T08:37:19,,,,,,,,433.0,8192.0,7627.0,1.0
2026-04-29T08:37:20,,,,,,,,433.0,8192.0,7627.0,0.0
2026-04-29T08:37:22,,,,,,,,433.0,8192.0,7627.0,0.0
2026-04-29T08:37:23,,,,,,,,433.0,8192.0,7627.0,0.0
2026-04-29T08:37:25,,,,,,,,433.0,8192.0,7627.0,0.0
2026-04-29T08:37:26,,,,,,,,433.0,8192.0,7627.0,0.0
2026-04-29T08:37:28,,,,,,,,433.0,8192.0,7627.0,0.0
2026-04-29T08:37:30,,,,,,,,433.0,8192.0,7627.0,1.0
2026-04-29T08:37:31,,,,,,,,433.0,8192.0,7627.0,0.0
2026-04-29T08:37:33,,,,,,,,433.0,8192.0,7627.0,1.0
2026-04-29T08:37:34,,,,,,,,433.0,8192.0,7627.0,0.0
2026-04-29T08:37:36,,,,,,,,433.0,8192.0,7627.0,0.0
2026-04-29T08:37:37,,,,,,,,433.0,8192.0,7627.0,0.0
2026-04-29T08:37:38,,,,,,,,433.0,8192.0,7627.0,0.0
2026-04-29T08:37:40,,,,,,,,433.0,8192.0,7627.0,0.0
2026-04-29T08:37:42,,,,,,,,433.0,8192.0,7627.0,1.0
2026-04-29T08:37:43,,,,,,,,433.0,8192.0,7627.0,0.0
2026-04-29T08:37:45,,,,,,,,433.0,8192.0,7627.0,0.0
2026-04-29T08:37:46,,,,,,,,433.0,8192.0,7627.0,0.0
2026-04-29T08:37:48,,,,,,,,433.0,8192.0,7627.0,0.0
2026-04-29T08:37:49,,,,,,,,433.0,8192.0,7627.0,0.0
2026-04-29T08:37:51,,,,,,,,433.0,8192.0,7627.0,0.0
2026-04-29T08:37:52,,,,,,,,433.0,8192.0,7627.0,0.0
2026-04-29T08:37:53,,,,,,,,433.0,8192.0,7627.0,0.0
2026-04-29T08:37:55,,,,,,,,433.0,8192.0,7627.0,0.0
2026-04-29T08:37:56,,,,,,,,433.0,8192.0,7627.0,0.0
2026-04-29T08:37:58,,,,,,,,433.0,8192.0,7627.0,0.0
2026-04-29T08:37:59,,,,,,,,433.0,8192.0,7627.0,0.0
2026-04-29T08:38:01,,,,,,,,433.0,8192.0,7627.0,0.0
2026-04-29T08:38:02,,,,,,,,433.0,8192.0,7627.0,0.0
2026-04-29T08:38:04,,,,,,,,433.0,8192.0,7627.0,0.0
2026-04-29T08:38:05,,,,,,,,433.0,8192.0,7627.0,0.0
2026-04-29T08:38:07,,,,,,,,433.0,8192.0,7627.0,1.0
2026-04-29T08:38:08,,,,,,,,433.0,8192.0,7627.0,2.0
2026-04-29T08:38:10,,,,,,,,433.0,8192.0,7627.0,1.0
2026-04-29T08:38:11,,,,,,,,433.0,8192.0,7627.0,0.0
2026-04-29T08:38:13,,,,,,,,433.0,8192.0,7627.0,0.0
2026-04-29T08:38:14,,,,,,,,433.0,8192.0,7627.0,0.0
2026-04-29T08:38:16,,,,,,,,433.0,8192.0,7627.0,0.0
2026-04-29T08:38:17,,,,,,,,433.0,8192.0,7627.0,0.0
2026-04-29T08:38:19,,,,,,,,433.0,8192.0,7627.0,0.0
2026-04-29T08:38:20,,,,,,,,433.0,8192.0,7627.0,0.0
2026-04-29T08:38:21,,,,,,,,433.0,8192.0,7627.0,0.0
2026-04-29T08:38:23,,,,,,,,433.0,8192.0,7627.0,0.0
2026-04-29T08:38:24,,,,,,,,433.0,8192.0,7627.0,0.0
2026-04-29T08:38:26,,,,,,,,433.0,8192.0,7627.0,0.0
2026-04-29T08:38:27,,,,,,,,433.0,8192.0,7627.0,0.0
2026-04-29T08:38:29,,,,,,,,433.0,8192.0,7627.0,0.0
2026-04-29T08:38:30,,,,,,,,433.0,8192.0,7627.0,0.0
2026-04-29T08:38:32,,,,,,,,433.0,8192.0,7627.0,1.0
2026-04-29T08:38:33,,,,,,,,433.0,8192.0,7627.0,0.0
2026-04-29T08:38:34,,,,,,,,433.0,8192.0,7627.0,0.0
2026-04-29T08:38:36,,,,,,,,433.0,8192.0,7627.0,0.0
2026-04-29T08:38:37,,,,,,,,433.0,8192.0,7627.0,0.0
2026-04-29T08:38:39,,,,,,,,433.0,8192.0,7627.0,0.0
2026-04-29T08:38:40,,,,,,,,433.0,8192.0,7627.0,2.0
2026-04-29T08:38:42,,,,,,,,433.0,8192.0,7627.0,0.0
2026-04-29T08:38:43,,,,,,,,433.0,8192.0,7627.0,0.0
2026-04-29T08:38:45,,,,,,,,433.0,8192.0,7627.0,1.0
2026-04-29T08:38:46,,,,,,,,433.0,8192.0,7627.0,0.0
2026-04-29T08:38:48,,,,,,,,433.0,8192.0,7627.0,1.0
2026-04-29T08:38:49,,,,,,,,433.0,8192.0,7627.0,0.0
2026-04-29T08:38:51,,,,,,,,433.0,8192.0,7627.0,0.0
2026-04-29T08:38:52,,,,,,,,433.0,8192.0,7627.0,0.0
2026-04-29T08:38:53,,,,,,,,433.0,8192.0,7627.0,0.0
2026-04-29T08:38:55,,,,,,,,433.0,8192.0,7627.0,0.0
2026-04-29T08:38:56,,,,,,,,433.0,8192.0,7627.0,0.0
2026-04-29T08:38:58,,,,,,,,433.0,8192.0,7627.0,0.0
2026-04-29T08:38:59,,,,,,,,433.0,8192.0,7627.0,0.0
2026-04-29T08:39:01,,,,,,,,433.0,8192.0,7627.0,0.0
2026-04-29T08:39:02,,,,,,,,433.0,8192.0,7627.0,0.0
2026-04-29T08:39:04,,,,,,,,433.0,8192.0,7627.0,0.0
2026-04-29T08:39:05,,,,,,,,433.0,8192.0,7627.0,0.0
2026-04-29T08:39:07,,,,,,,,433.0,8192.0,7627.0,0.0
2026-04-29T08:39:08,,,,,,,,433.0,8192.0,7627.0,0.0
2026-04-29T08:39:10,,,,,,,,433.0,8192.0,7627.0,1.0
2026-04-29T08:39:11,,,,,,,,433.0,8192.0,7627.0,0.0
2026-04-29T08:39:13,,,,,,,,433.0,8192.0,7627.0,1.0
2026-04-29T08:39:14,,,,,,,,433.0,8192.0,7627.0,0.0
2026-04-29T08:39:16,,,,,,,,433.0,8192.0,7627.0,0.0
2026-04-29T08:39:17,,,,,,,,433.0,8192.0,7627.0,0.0
2026-04-29T08:39:19,,,,,,,,433.0,8192.0,7627.0,0.0
2026-04-29T08:39:20,,,,,,,,433.0,8192.0,7627.0,0.0
2026-04-29T08:39:22,,,,,,,,433.0,8192.0,7627.0,1.0
2026-04-29T08:39:23,,,,,,,,433.0,8192.0,7627.0,2.0
2026-04-29T08:39:25,,,,,,,,433.0,8192.0,7627.0,1.0
2026-04-29T08:39:26,,,,,,,,433.0,8192.0,7627.0,2.0
2026-04-29T08:39:28,,,,,,,,433.0,8192.0,7627.0,1.0
2026-04-29T08:39:29,,,,,,,,433.0,8192.0,7627.0,0.0
2026-04-29T08:39:31,,,,,,,,433.0,8192.0,7627.0,1.0
2026-04-29T08:39:32,,,,,,,,433.0,8192.0,7627.0,0.0
2026-04-29T08:39:34,,,,,,,,433.0,8192.0,7627.0,0.0
2026-04-29T08:39:35,,,,,,,,433.0,8192.0,7627.0,1.0
2026-04-29T08:39:37,,,,,,,,433.0,8192.0,7627.0,0.0
2026-04-29T08:39:38,,,,,,,,433.0,8192.0,7627.0,0.0
2026-04-29T08:39:39,,,,,,,,433.0,8192.0,7627.0,0.0
2026-04-29T08:39:41,,,,,,,,433.0,8192.0,7627.0,0.0
2026-04-29T08:39:42,,,,,,,,433.0,8192.0,7627.0,0.0
2026-04-29T08:39:44,,,,,,,,433.0,8192.0,7627.0,0.0
2026-04-29T08:39:45,,,,,,,,433.0,8192.0,7627.0,0.0
2026-04-29T08:39:47,,,,,,,,433.0,8192.0,7627.0,0.0
2026-04-29T08:39:48,,,,,,,,433.0,8192.0,7627.0,0.0
2026-04-29T08:39:50,,,,,,,,433.0,8192.0,7627.0,0.0
2026-04-29T08:39:51,,,,,,,,433.0,8192.0,7627.0,0.0
2026-04-29T08:39:53,,,,,,,,433.0,8192.0,7627.0,1.0
2026-04-29T08:39:54,,,,,,,,433.0,8192.0,7627.0,0.0
2026-04-29T08:39:56,,,,,,,,433.0,8192.0,7627.0,1.0
2026-04-29T08:39:57,,,,,,,,433.0,8192.0,7627.0,0.0
2026-04-29T08:39:58,,,,,,,,433.0,8192.0,7627.0,0.0
2026-04-29T08:40:00,,,,,,,,433.0,8192.0,7627.0,0.0
2026-04-29T08:40:01,,,,,,,,433.0,8192.0,7627.0,0.0
2026-04-29T08:40:03,,,,,,,,433.0,8192.0,7627.0,0.0
2026-04-29T08:40:04,,,,,,,,433.0,8192.0,7627.0,0.0
2026-04-29T08:40:06,,,,,,,,433.0,8192.0,7627.0,1.0
2026-04-29T08:40:07,,,,,,,,433.0,8192.0,7627.0,0.0
2026-04-29T08:40:09,,,,,,,,433.0,8192.0,7627.0,1.0
2026-04-29T08:40:10,,,,,,,,433.0,8192.0,7627.0,0.0
2026-04-29T08:40:12,,,,,,,,433.0,8192.0,7627.0,0.0
2026-04-29T08:40:13,,,,,,,,433.0,8192.0,7627.0,0.0
2026-04-29T08:40:15,,,,,,,,433.0,8192.0,7627.0,0.0
2026-04-29T08:40:16,,,,,,,,433.0,8192.0,7627.0,0.0
2026-04-29T08:40:17,,,,,,,,433.0,8192.0,7627.0,0.0
2026-04-29T08:40:19,,,,,,,,433.0,8192.0,7627.0,0.0
2026-04-29T08:40:20,,,,,,,,433.0,8192.0,7627.0,0.0
2026-04-29T08:40:22,,,,,,,,433.0,8192.0,7627.0,0.0
2026-04-29T08:40:23,,,,,,,,433.0,8192.0,7627.0,0.0
2026-04-29T08:40:25,,,,,,,,433.0,8192.0,7627.0,0.0
2026-04-29T08:40:26,,,,,,,,433.0,8192.0,7627.0,0.0
2026-04-29T08:40:28,,,,,,,,433.0,8192.0,7627.0,0.0
2026-04-29T08:40:29,,,,,,,,433.0,8192.0,7627.0,0.0
2026-04-29T08:40:31,,,,,,,,433.0,8192.0,7627.0,1.0
2026-04-29T08:40:32,,,,,,,,433.0,8192.0,7627.0,0.0
2026-04-29T08:40:34,,,,,,,,433.0,8192.0,7627.0,0.0
2026-04-29T08:40:35,,,,,,,,433.0,8192.0,7627.0,0.0
2026-04-29T08:40:37,,,,,,,,433.0,8192.0,7627.0,0.0
2026-04-29T08:40:38,,,,,,,,433.0,8192.0,7627.0,0.0
2026-04-29T08:40:40,,,,,,,,433.0,8192.0,7627.0,0.0
2026-04-29T08:40:41,,,,,,,,433.0,8192.0,7627.0,0.0
2026-04-29T08:40:42,,,,,,,,433.0,8192.0,7627.0,2.0
2026-04-29T08:40:44,,,,,,,,433.0,8192.0,7627.0,0.0
2026-04-29T08:40:45,,,,,,,,433.0,8192.0,7627.0,0.0
2026-04-29T08:40:47,,,,,,,,433.0,8192.0,7627.0,1.0
2026-04-29T08:40:48,,,,,,,,433.0,8192.0,7627.0,0.0
2026-04-29T08:40:50,,,,,,,,433.0,8192.0,7627.0,0.0
2026-04-29T08:40:51,,,,,,,,433.0,8192.0,7627.0,2.0
2026-04-29T08:40:53,,,,,,,,433.0,8192.0,7627.0,0.0
2026-04-29T08:40:55,,,,,,,,433.0,8192.0,7627.0,1.0
2026-04-29T08:40:56,,,,,,,,433.0,8192.0,7627.0,0.0
2026-04-29T08:40:57,,,,,,,,433.0,8192.0,7627.0,0.0
2026-04-29T08:40:59,,,,,,,,433.0,8192.0,7627.0,0.0
2026-04-29T08:41:01,,,,,,,,433.0,8192.0,7627.0,0.0
2026-04-29T08:41:02,,,,,,,,433.0,8192.0,7627.0,0.0
2026-04-29T08:41:04,,,,,,,,433.0,8192.0,7627.0,0.0
2026-04-29T08:41:05,,,,,,,,433.0,8192.0,7627.0,0.0
2026-04-29T08:41:06,,,,,,,,433.0,8192.0,7627.0,0.0
2026-04-29T08:41:08,,,,,,,,433.0,8192.0,7627.0,0.0
2026-04-29T08:41:10,,,,,,,,433.0,8192.0,7627.0,0.0
2026-04-29T08:41:11,,,,,,,,433.0,8192.0,7627.0,0.0
2026-04-29T08:41:12,,,,,,,,433.0,8192.0,7627.0,0.0
2026-04-29T08:41:14,,,,,,,,433.0,8192.0,7627.0,0.0
2026-04-29T08:41:15,,,,,,,,433.0,8192.0,7627.0,0.0
2026-04-29T08:41:17,,,,,,,,433.0,8192.0,7627.0,0.0
2026-04-29T08:41:18,,,,,,,,433.0,8192.0,7627.0,0.0
2026-04-29T08:41:20,,,,,,,,433.0,8192.0,7627.0,0.0
2026-04-29T08:41:21,,,,,,,,433.0,8192.0,7627.0,0.0
2026-04-29T08:41:23,,,,,,,,433.0,8192.0,7627.0,0.0
2026-04-29T08:41:24,,,,,,,,433.0,8192.0,7627.0,0.0
2026-04-29T08:41:26,,,,,,,,433.0,8192.0,7627.0,0.0
2026-04-29T08:41:27,,,,,,,,433.0,8192.0,7627.0,0.0
2026-04-29T08:41:29,,,,,,,,433.0,8192.0,7627.0,1.0
2026-04-29T08:41:30,,,,,,,,433.0,8192.0,7627.0,0.0
2026-04-29T08:41:32,,,,,,,,433.0,8192.0,7627.0,0.0
2026-04-29T08:41:33,,,,,,,,433.0,8192.0,7627.0,2.0
2026-04-29T08:41:35,,,,,,,,433.0,8192.0,7627.0,0.0
2026-04-29T08:41:36,,,,,,,,433.0,8192.0,7627.0,0.0
2026-04-29T08:41:37,,,,,,,,433.0,8192.0,7627.0,0.0
2026-04-29T08:41:39,,,,,,,,433.0,8192.0,7627.0,0.0
2026-04-29T08:41:40,,,,,,,,433.0,8192.0,7627.0,0.0
2026-04-29T08:41:42,,,,,,,,433.0,8192.0,7627.0,0.0
2026-04-29T08:41:43,,,,,,,,433.0,8192.0,7627.0,0.0
2026-04-29T08:41:45,,,,,,,,433.0,8192.0,7627.0,0.0
2026-04-29T08:41:46,,,,,,,,433.0,8192.0,7627.0,0.0
2026-04-29T08:41:48,,,,,,,,433.0,8192.0,7627.0,0.0
2026-04-29T08:41:49,,,,,,,,433.0,8192.0,7627.0,0.0
2026-04-29T08:41:51,,,,,,,,433.0,8192.0,7627.0,0.0
2026-04-29T08:41:52,,,,,,,,433.0,8192.0,7627.0,0.0
2026-04-29T08:41:54,,,,,,,,433.0,8192.0,7627.0,1.0
2026-04-29T08:41:55,,,,,,,,433.0,8192.0,7627.0,0.0
2026-04-29T08:41:57,,,,,,,,433.0,8192.0,7627.0,0.0
2026-04-29T08:41:58,,,,,,,,433.0,8192.0,7627.0,0.0
2026-04-29T08:42:00,,,,,,,,433.0,8192.0,7627.0,0.0
2026-04-29T08:42:01,,,,,,,,433.0,8192.0,7627.0,0.0
2026-04-29T08:42:03,,,,,,,,433.0,8192.0,7627.0,0.0
2026-04-29T08:42:04,,,,,,,,433.0,8192.0,7627.0,0.0
2026-04-29T08:42:05,,,,,,,,433.0,8192.0,7627.0,0.0
2026-04-29T08:42:07,,,,,,,,433.0,8192.0,7627.0,0.0
2026-04-29T08:42:08,,,,,,,,433.0,8192.0,7627.0,0.0
2026-04-29T08:42:10,,,,,,,,433.0,8192.0,7627.0,0.0
2026-04-29T08:42:11,,,,,,,,433.0,8192.0,7627.0,0.0
2026-04-29T08:42:13,,,,,,,,433.0,8192.0,7627.0,0.0
2026-04-29T08:42:14,,,,,,,,433.0,8192.0,7627.0,0.0
2026-04-29T08:42:16,,,,,,,,433.0,8192.0,7627.0,0.0
2026-04-29T08:42:17,,,,,,,,433.0,8192.0,7627.0,0.0
2026-04-29T08:42:19,,,,,,,,433.0,8192.0,7627.0,0.0
2026-04-29T08:42:20,,,,,,,,433.0,8192.0,7627.0,0.0
2026-04-29T08:42:22,,,,,,,,433.0,8192.0,7627.0,0.0
2026-04-29T08:42:23,,,,,,,,433.0,8192.0,7627.0,0.0
2026-04-29T08:42:25,,,,,,,,433.0,8192.0,7627.0,0.0
2026-04-29T08:42:26,,,,,,,,433.0,8192.0,7627.0,2.0
2026-04-29T08:42:28,,,,,,,,433.0,8192.0,7627.0,0.0
2026-04-29T08:42:29,,,,,,,,433.0,8192.0,7627.0,0.0
2026-04-29T08:42:31,,,,,,,,433.0,8192.0,7627.0,1.0
2026-04-29T08:42:32,,,,,,,,433.0,8192.0,7627.0,0.0
2026-04-29T08:42:34,,,,,,,,433.0,8192.0,7627.0,1.0
2026-04-29T08:42:35,,,,,,,,433.0,8192.0,7627.0,0.0
2026-04-29T08:42:37,,,,,,,,433.0,8192.0,7627.0,1.0
2026-04-29T08:42:38,,,,,,,,433.0,8192.0,7627.0,0.0
2026-04-29T08:42:40,,,,,,,,433.0,8192.0,7627.0,1.0
2026-04-29T08:42:41,,,,,,,,433.0,8192.0,7627.0,0.0
2026-04-29T08:42:43,,,,,,,,433.0,8192.0,7627.0,1.0
2026-04-29T08:42:44,,,,,,,,433.0,8192.0,7627.0,0.0
2026-04-29T08:42:46,,,,,,,,433.0,8192.0,7627.0,1.0
2026-04-29T08:42:47,,,,,,,,433.0,8192.0,7627.0,0.0
2026-04-29T08:42:48,,,,,,,,433.0,8192.0,7627.0,0.0
2026-04-29T08:42:50,,,,,,,,433.0,8192.0,7627.0,0.0
2026-04-29T08:42:52,,,,,,,,433.0,8192.0,7627.0,0.0
2026-04-29T08:42:53,,,,,,,,433.0,8192.0,7627.0,0.0
2026-04-29T08:42:55,,,,,,,,433.0,8192.0,7627.0,0.0
2026-04-29T08:42:56,,,,,,,,433.0,8192.0,7627.0,0.0
2026-04-29T08:42:57,,,,,,,,433.0,8192.0,7627.0,0.0
2026-04-29T08:42:59,,,,,,,,433.0,8192.0,7627.0,1.0
2026-04-29T08:43:00,,,,,,,,433.0,8192.0,7627.0,0.0
2026-04-29T08:43:02,,,,,,,,433.0,8192.0,7627.0,0.0
2026-04-29T08:43:03,,,,,,,,433.0,8192.0,7627.0,0.0
2026-04-29T08:43:05,,,,,,,,433.0,8192.0,7627.0,0.0
2026-04-29T08:43:06,,,,,,,,433.0,8192.0,7627.0,0.0
2026-04-29T08:43:08,,,,,,,,433.0,8192.0,7627.0,0.0
2026-04-29T08:43:09,,,,,,,,433.0,8192.0,7627.0,0.0
2026-04-29T08:43:11,,,,,,,,433.0,8192.0,7627.0,0.0
2026-04-29T08:43:12,,,,,,,,433.0,8192.0,7627.0,0.0
2026-04-29T08:43:14,,,,,,,,433.0,8192.0,7627.0,0.0
2026-04-29T08:43:15,,,,,,,,433.0,8192.0,7627.0,0.0
2026-04-29T08:43:17,,,,,,,,433.0,8192.0,7627.0,0.0
2026-04-29T08:43:18,,,,,,,,433.0,8192.0,7627.0,0.0
2026-04-29T08:43:20,,,,,,,,433.0,8192.0,7627.0,1.0
2026-04-29T08:43:21,,,,,,,,433.0,8192.0,7627.0,0.0
2026-04-29T08:43:23,,,,,,,,433.0,8192.0,7627.0,0.0
2026-04-29T08:43:24,,,,,,,,433.0,8192.0,7627.0,0.0
2026-04-29T08:43:26,,,,,,,,433.0,8192.0,7627.0,0.0
2026-04-29T08:43:27,,,,,,,,433.0,8192.0,7627.0,0.0
2026-04-29T08:43:29,,,,,,,,433.0,8192.0,7627.0,0.0
2026-04-29T08:43:30,,,,,,,,433.0,8192.0,7627.0,0.0
2026-04-29T08:43:31,,,,,,,,433.0,8192.0,7627.0,0.0
2026-04-29T08:43:33,,,,,,,,433.0,8192.0,7627.0,0.0
2026-04-29T08:43:34,,,,,,,,433.0,8192.0,7627.0,0.0
2026-04-29T08:43:36,,,,,,,,433.0,8192.0,7627.0,0.0
2026-04-29T08:43:37,,,,,,,,433.0,8192.0,7627.0,0.0
2026-04-29T08:43:39,,,,,,,,433.0,8192.0,7627.0,0.0
2026-04-29T08:43:40,,,,,,,,433.0,8192.0,7627.0,0.0
2026-04-29T08:43:42,,,,,,,,433.0,8192.0,7627.0,0.0
2026-04-29T08:43:43,,,,,,,,433.0,8192.0,7627.0,0.0
2026-04-29T08:43:45,,,,,,,,433.0,8192.0,7627.0,0.0
2026-04-29T08:43:46,,,,,,,,433.0,8192.0,7627.0,0.0
2026-04-29T08:43:48,,,,,,,,433.0,8192.0,7627.0,0.0
2026-04-29T08:43:49,,,,,,,,433.0,8192.0,7627.0,0.0
2026-04-29T08:43:51,,,,,,,,433.0,8192.0,7627.0,0.0
2026-04-29T08:43:52,,,,,,,,433.0,8192.0,7627.0,0.0
2026-04-29T08:43:54,,,,,,,,433.0,8192.0,7627.0,0.0
2026-04-29T08:43:55,,,,,,,,433.0,8192.0,7627.0,0.0
2026-04-29T08:43:57,,,,,,,,433.0,8192.0,7627.0,0.0
2026-04-29T08:43:58,,,,,,,,433.0,8192.0,7627.0,0.0
2026-04-29T08:44:00,,,,,,,,433.0,8192.0,7627.0,1.0
2026-04-29T08:44:01,,,,,,,,433.0,8192.0,7627.0,0.0
2026-04-29T08:44:03,,,,,,,,433.0,8192.0,7627.0,1.0
2026-04-29T08:44:04,,,,,,,,433.0,8192.0,7627.0,0.0
2026-04-29T08:44:06,,,,,,,,433.0,8192.0,7627.0,0.0
2026-04-29T08:44:07,,,,,,,,433.0,8192.0,7627.0,0.0
2026-04-29T08:44:09,,,,,,,,433.0,8192.0,7627.0,1.0
2026-04-29T08:44:10,,,,,,,,433.0,8192.0,7627.0,0.0
2026-04-29T08:44:12,,,,,,,,433.0,8192.0,7627.0,1.0
2026-04-29T08:44:13,,,,,,,,433.0,8192.0,7627.0,0.0
2026-04-29T08:44:15,,,,,,,,433.0,8192.0,7627.0,1.0
2026-04-29T08:44:16,,,,,,,,433.0,8192.0,7627.0,0.0
2026-04-29T08:44:18,,,,,,,,433.0,8192.0,7627.0,1.0
2026-04-29T08:44:19,,,,,,,,433.0,8192.0,7627.0,0.0
2026-04-29T08:44:21,,,,,,,,433.0,8192.0,7627.0,1.0
2026-04-29T08:44:22,,,,,,,,433.0,8192.0,7627.0,0.0
2026-04-29T08:44:24,,,,,,,,433.0,8192.0,7627.0,1.0
2026-04-29T08:44:26,,,,,,,,433.0,8192.0,7627.0,1.0
2026-04-29T08:44:27,,,,,,,,433.0,8192.0,7627.0,2.0
2026-04-29T08:44:29,,,,,,,,433.0,8192.0,7627.0,1.0
2026-04-29T08:44:30,,,,,,,,433.0,8192.0,7627.0,0.0
2026-04-29T08:44:32,,,,,,,,433.0,8192.0,7627.0,1.0
2026-04-29T08:44:33,,,,,,,,433.0,8192.0,7627.0,0.0
2026-04-29T08:44:35,,,,,,,,433.0,8192.0,7627.0,0.0
2026-04-29T08:44:36,,,,,,,,433.0,8192.0,7627.0,0.0
2026-04-29T08:44:38,,,,,,,,433.0,8192.0,7627.0,1.0
2026-04-29T08:44:39,,,,,,,,433.0,8192.0,7627.0,0.0
2026-04-29T08:44:40,,,,,,,,433.0,8192.0,7627.0,0.0
2026-04-29T08:44:42,,,,,,,,433.0,8192.0,7627.0,0.0
2026-04-29T08:44:43,,,,,,,,433.0,8192.0,7627.0,0.0
2026-04-29T08:44:45,,,,,,,,433.0,8192.0,7627.0,0.0
2026-04-29T08:44:46,,,,,,,,433.0,8192.0,7627.0,0.0
2026-04-29T08:44:48,,,,,,,,433.0,8192.0,7627.0,0.0
2026-04-29T08:44:49,,,,,,,,433.0,8192.0,7627.0,0.0
2026-04-29T08:44:51,,,,,,,,433.0,8192.0,7627.0,0.0
2026-04-29T08:44:52,,,,,,,,433.0,8192.0,7627.0,0.0
2026-04-29T08:44:54,,,,,,,,433.0,8192.0,7627.0,0.0
2026-04-29T08:44:55,,,,,,,,433.0,8192.0,7627.0,0.0
2026-04-29T08:44:57,,,,,,,,433.0,8192.0,7627.0,1.0
2026-04-29T08:44:58,,,,,,,,433.0,8192.0,7627.0,0.0
2026-04-29T08:45:00,,,,,,,,433.0,8192.0,7627.0,1.0
2026-04-29T08:45:01,,,,,,,,433.0,8192.0,7627.0,0.0
2026-04-29T08:45:03,,,,,,,,433.0,8192.0,7627.0,0.0
2026-04-29T08:45:04,,,,,,,,433.0,8192.0,7627.0,0.0
2026-04-29T08:45:06,,,,,,,,433.0,8192.0,7627.0,0.0
2026-04-29T08:45:07,,,,,,,,433.0,8192.0,7627.0,0.0
2026-04-29T08:45:09,,,,,,,,433.0,8192.0,7627.0,1.0
2026-04-29T08:45:10,,,,,,,,433.0,8192.0,7627.0,0.0
2026-04-29T08:45:12,,,,,,,,433.0,8192.0,7627.0,1.0
2026-04-29T08:45:13,,,,,,,,433.0,8192.0,7627.0,0.0
2026-04-29T08:45:14,,,,,,,,433.0,8192.0,7627.0,0.0
2026-04-29T08:45:16,,,,,,,,433.0,8192.0,7627.0,0.0
2026-04-29T08:45:17,,,,,,,,433.0,8192.0,7627.0,0.0
2026-04-29T08:45:19,,,,,,,,433.0,8192.0,7627.0,0.0
2026-04-29T08:45:20,,,,,,,,433.0,8192.0,7627.0,0.0
2026-04-29T08:45:22,,,,,,,,433.0,8192.0,7627.0,0.0
2026-04-29T08:45:23,,,,,,,,433.0,8192.0,7627.0,0.0
2026-04-29T08:45:25,,,,,,,,433.0,8192.0,7627.0,1.0
2026-04-29T08:45:26,,,,,,,,433.0,8192.0,7627.0,0.0
2026-04-29T08:45:28,,,,,,,,433.0,8192.0,7627.0,2.0
2026-04-29T08:45:29,,,,,,,,433.0,8192.0,7627.0,0.0
2026-04-29T08:45:31,,,,,,,,433.0,8192.0,7627.0,0.0
2026-04-29T08:45:32,,,,,,,,433.0,8192.0,7627.0,0.0
2026-04-29T08:45:34,,,,,,,,433.0,8192.0,7627.0,1.0
2026-04-29T08:45:35,,,,,,,,433.0,8192.0,7627.0,0.0
2026-04-29T08:45:37,,,,,,,,433.0,8192.0,7627.0,1.0
2026-04-29T08:45:38,,,,,,,,433.0,8192.0,7627.0,0.0
2026-04-29T08:45:40,,,,,,,,433.0,8192.0,7627.0,1.0
2026-04-29T08:45:41,,,,,,,,433.0,8192.0,7627.0,0.0
2026-04-29T08:45:43,,,,,,,,433.0,8192.0,7627.0,1.0
2026-04-29T08:45:44,,,,,,,,433.0,8192.0,7627.0,0.0
2026-04-29T08:45:45,,,,,,,,433.0,8192.0,7627.0,0.0
2026-04-29T08:45:47,,,,,,,,433.0,8192.0,7627.0,0.0
2026-04-29T08:45:48,,,,,,,,433.0,8192.0,7627.0,0.0
2026-04-29T08:45:50,,,,,,,,433.0,8192.0,7627.0,0.0
2026-04-29T08:45:51,,,,,,,,433.0,8192.0,7627.0,0.0
2026-04-29T08:45:53,,,,,,,,433.0,8192.0,7627.0,0.0
2026-04-29T08:45:54,,,,,,,,433.0,8192.0,7627.0,0.0
2026-04-29T08:45:56,,,,,,,,433.0,8192.0,7627.0,0.0
2026-04-29T08:45:57,,,,,,,,433.0,8192.0,7627.0,0.0
2026-04-29T08:45:59,,,,,,,,433.0,8192.0,7627.0,0.0
2026-04-29T08:46:00,,,,,,,,433.0,8192.0,7627.0,0.0
2026-04-29T08:46:02,,,,,,,,433.0,8192.0,7627.0,0.0
2026-04-29T08:46:03,,,,,,,,433.0,8192.0,7627.0,0.0
2026-04-29T08:46:05,,,,,,,,433.0,8192.0,7627.0,0.0
2026-04-29T08:46:06,,,,,,,,433.0,8192.0,7627.0,0.0
2026-04-29T08:46:08,,,,,,,,433.0,8192.0,7627.0,0.0
2026-04-29T08:46:09,,,,,,,,433.0,8192.0,7627.0,2.0
2026-04-29T08:46:11,,,,,,,,433.0,8192.0,7627.0,1.0
2026-04-29T08:46:12,,,,,,,,433.0,8192.0,7627.0,0.0
2026-04-29T08:46:14,,,,,,,,433.0,8192.0,7627.0,1.0
2026-04-29T08:46:15,,,,,,,,433.0,8192.0,7627.0,0.0
2026-04-29T08:46:17,,,,,,,,433.0,8192.0,7627.0,1.0
2026-04-29T08:46:18,,,,,,,,433.0,8192.0,7627.0,0.0
2026-04-29T08:46:20,,,,,,,,433.0,8192.0,7627.0,1.0
2026-04-29T08:46:21,,,,,,,,433.0,8192.0,7627.0,0.0
2026-04-29T08:46:23,,,,,,,,433.0,8192.0,7627.0,0.0
2026-04-29T08:46:24,,,,,,,,433.0,8192.0,7627.0,0.0
2026-04-29T08:46:26,,,,,,,,433.0,8192.0,7627.0,0.0
2026-04-29T08:46:27,,,,,,,,433.0,8192.0,7627.0,0.0
2026-04-29T08:46:29,,,,,,,,433.0,8192.0,7627.0,0.0
2026-04-29T08:46:30,,,,,,,,433.0,8192.0,7627.0,0.0
2026-04-29T08:46:32,,,,,,,,433.0,8192.0,7627.0,0.0
2026-04-29T08:46:33,,,,,,,,433.0,8192.0,7627.0,2.0
2026-04-29T08:46:35,,,,,,,,433.0,8192.0,7627.0,0.0
2026-04-29T08:46:36,,,,,,,,433.0,8192.0,7627.0,0.0
2026-04-29T08:46:38,,,,,,,,433.0,8192.0,7627.0,0.0
2026-04-29T08:46:39,,,,,,,,433.0,8192.0,7627.0,0.0
2026-04-29T08:46:41,,,,,,,,433.0,8192.0,7627.0,1.0
2026-04-29T08:46:42,,,,,,,,433.0,8192.0,7627.0,0.0
2026-04-29T08:46:44,,,,,,,,433.0,8192.0,7627.0,0.0
2026-04-29T08:46:45,,,,,,,,433.0,8192.0,7627.0,0.0
2026-04-29T08:46:46,,,,,,,,433.0,8192.0,7627.0,0.0
2026-04-29T08:46:48,,,,,,,,433.0,8192.0,7627.0,0.0
2026-04-29T08:46:49,,,,,,,,433.0,8192.0,7627.0,0.0
2026-04-29T08:46:51,,,,,,,,433.0,8192.0,7627.0,0.0
2026-04-29T08:46:52,,,,,,,,433.0,8192.0,7627.0,0.0
2026-04-29T08:46:54,,,,,,,,433.0,8192.0,7627.0,0.0
2026-04-29T08:46:55,,,,,,,,433.0,8192.0,7627.0,0.0
2026-04-29T08:46:57,,,,,,,,433.0,8192.0,7627.0,0.0
2026-04-29T08:46:58,,,,,,,,433.0,8192.0,7627.0,0.0
2026-04-29T08:47:00,,,,,,,,433.0,8192.0,7627.0,0.0
2026-04-29T08:47:01,,,,,,,,433.0,8192.0,7627.0,0.0
2026-04-29T08:47:03,,,,,,,,433.0,8192.0,7627.0,1.0
2026-04-29T08:47:04,,,,,,,,433.0,8192.0,7627.0,0.0
2026-04-29T08:47:06,,,,,,,,433.0,8192.0,7627.0,0.0
2026-04-29T08:47:07,,,,,,,,433.0,8192.0,7627.0,0.0
2026-04-29T08:47:09,,,,,,,,433.0,8192.0,7627.0,0.0
2026-04-29T08:47:10,,,,,,,,433.0,8192.0,7627.0,0.0
2026-04-29T08:47:12,,,,,,,,433.0,8192.0,7627.0,0.0
2026-04-29T08:47:13,,,,,,,,433.0,8192.0,7627.0,0.0
2026-04-29T08:47:14,,,,,,,,433.0,8192.0,7627.0,0.0
2026-04-29T08:47:16,,,,,,,,433.0,8192.0,7627.0,0.0
2026-04-29T08:47:17,,,,,,,,433.0,8192.0,7627.0,0.0
2026-04-29T08:47:19,,,,,,,,433.0,8192.0,7627.0,0.0
2026-04-29T08:47:20,,,,,,,,433.0,8192.0,7627.0,0.0
2026-04-29T08:47:22,,,,,,,,433.0,8192.0,7627.0,0.0
2026-04-29T08:47:23,,,,,,,,433.0,8192.0,7627.0,1.0
2026-04-29T08:47:25,,,,,,,,433.0,8192.0,7627.0,0.0
2026-04-29T08:47:26,,,,,,,,433.0,8192.0,7627.0,0.0
2026-04-29T08:47:28,,,,,,,,433.0,8192.0,7627.0,0.0
2026-04-29T08:47:29,,,,,,,,433.0,8192.0,7627.0,0.0
2026-04-29T08:47:31,,,,,,,,433.0,8192.0,7627.0,0.0
2026-04-29T08:47:32,,,,,,,,433.0,8192.0,7627.0,0.0
2026-04-29T08:47:34,,,,,,,,433.0,8192.0,7627.0,1.0
2026-04-29T08:47:35,,,,,,,,433.0,8192.0,7627.0,0.0
2026-04-29T08:47:37,,,,,,,,433.0,8192.0,7627.0,2.0
2026-04-29T08:47:38,,,,,,,,433.0,8192.0,7627.0,0.0
2026-04-29T08:47:40,,,,,,,,433.0,8192.0,7627.0,1.0
2026-04-29T08:47:41,,,,,,,,433.0,8192.0,7627.0,0.0
2026-04-29T08:47:43,,,,,,,,433.0,8192.0,7627.0,0.0
2026-04-29T08:47:44,,,,,,,,433.0,8192.0,7627.0,0.0
2026-04-29T08:47:46,,,,,,,,433.0,8192.0,7627.0,0.0
2026-04-29T08:47:47,,,,,,,,433.0,8192.0,7627.0,0.0
2026-04-29T08:47:48,,,,,,,,433.0,8192.0,7627.0,0.0
2026-04-29T08:47:50,,,,,,,,433.0,8192.0,7627.0,0.0
2026-04-29T08:47:51,,,,,,,,433.0,8192.0,7627.0,0.0
2026-04-29T08:47:53,,,,,,,,433.0,8192.0,7627.0,0.0
2026-04-29T08:47:54,,,,,,,,433.0,8192.0,7627.0,0.0
2026-04-29T08:47:56,,,,,,,,433.0,8192.0,7627.0,0.0
2026-04-29T08:47:57,,,,,,,,433.0,8192.0,7627.0,0.0
2026-04-29T08:47:59,,,,,,,,433.0,8192.0,7627.0,0.0
2026-04-29T08:48:00,,,,,,,,433.0,8192.0,7627.0,0.0
2026-04-29T08:48:02,,,,,,,,433.0,8192.0,7627.0,0.0
2026-04-29T08:48:03,,,,,,,,433.0,8192.0,7627.0,0.0
2026-04-29T08:48:05,,,,,,,,433.0,8192.0,7627.0,0.0
2026-04-29T08:48:06,,,,,,,,433.0,8192.0,7627.0,0.0
2026-04-29T08:48:08,,,,,,,,433.0,8192.0,7627.0,0.0
2026-04-29T08:48:09,,,,,,,,433.0,8192.0,7627.0,0.0
2026-04-29T08:48:11,,,,,,,,433.0,8192.0,7627.0,0.0
2026-04-29T08:48:12,,,,,,,,433.0,8192.0,7627.0,0.0
2026-04-29T08:48:14,,,,,,,,433.0,8192.0,7627.0,0.0
2026-04-29T08:48:15,,,,,,,,433.0,8192.0,7627.0,0.0
2026-04-29T08:48:17,,,,,,,,433.0,8192.0,7627.0,0.0
2026-04-29T08:48:18,,,,,,,,433.0,8192.0,7627.0,0.0
2026-04-29T08:48:20,,,,,,,,433.0,8192.0,7627.0,0.0
2026-04-29T08:48:22,,,,,,,,433.0,8192.0,7627.0,3.0
2026-04-29T08:48:24,,,,,,,,433.0,8192.0,7627.0,0.0
2026-04-29T08:48:25,,,,,,,,433.0,8192.0,7627.0,1.0
2026-04-29T08:48:26,,,,,,,,433.0,8192.0,7627.0,0.0
2026-04-29T08:48:28,,,,,,,,433.0,8192.0,7627.0,1.0
2026-04-29T08:48:29,,,,,,,,433.0,8192.0,7627.0,0.0
2026-04-29T08:48:31,,,,,,,,433.0,8192.0,7627.0,1.0
2026-04-29T08:48:32,,,,,,,,433.0,8192.0,7627.0,0.0
2026-04-29T08:48:34,,,,,,,,433.0,8192.0,7627.0,1.0
2026-04-29T08:48:35,,,,,,,,433.0,8192.0,7627.0,0.0
2026-04-29T08:48:37,,,,,,,,433.0,8192.0,7627.0,0.0
2026-04-29T08:48:38,,,,,,,,433.0,8192.0,7627.0,0.0
2026-04-29T08:48:40,,,,,,,,433.0,8192.0,7627.0,0.0
2026-04-29T08:48:41,,,,,,,,433.0,8192.0,7627.0,0.0
2026-04-29T08:48:43,,,,,,,,433.0,8192.0,7627.0,0.0
2026-04-29T08:48:44,,,,,,,,433.0,8192.0,7627.0,0.0
2026-04-29T08:48:46,,,,,,,,433.0,8192.0,7627.0,0.0
2026-04-29T08:48:47,,,,,,,,433.0,8192.0,7627.0,2.0
2026-04-29T08:48:49,,,,,,,,433.0,8192.0,7627.0,0.0
2026-04-29T08:48:50,,,,,,,,433.0,8192.0,7627.0,1.0
2026-04-29T08:48:51,,,,,,,,433.0,8192.0,7627.0,0.0
2026-04-29T08:48:53,,,,,,,,433.0,8192.0,7627.0,1.0
2026-04-29T08:48:54,,,,,,,,433.0,8192.0,7627.0,0.0
2026-04-29T08:48:56,,,,,,,,433.0,8192.0,7627.0,1.0
2026-04-29T08:48:57,,,,,,,,433.0,8192.0,7627.0,0.0
2026-04-29T08:48:59,,,,,,,,433.0,8192.0,7627.0,1.0
2026-04-29T08:49:01,,,,,,,,433.0,8192.0,7627.0,1.0
2026-04-29T08:49:02,,,,,,,,433.0,8192.0,7627.0,1.0
2026-04-29T08:49:04,,,,,,,,433.0,8192.0,7627.0,0.0
2026-04-29T08:49:05,,,,,,,,433.0,8192.0,7627.0,1.0
2026-04-29T08:49:07,,,,,,,,433.0,8192.0,7627.0,0.0
2026-04-29T08:49:08,,,,,,,,433.0,8192.0,7627.0,0.0
2026-04-29T08:49:10,,,,,,,,433.0,8192.0,7627.0,0.0
2026-04-29T08:49:11,,,,,,,,433.0,8192.0,7627.0,0.0
2026-04-29T08:49:13,,,,,,,,433.0,8192.0,7627.0,0.0
2026-04-29T08:49:14,,,,,,,,433.0,8192.0,7627.0,2.0
2026-04-29T08:49:16,,,,,,,,433.0,8192.0,7627.0,0.0
2026-04-29T08:49:17,,,,,,,,433.0,8192.0,7627.0,0.0
2026-04-29T08:49:18,,,,,,,,433.0,8192.0,7627.0,0.0
2026-04-29T08:49:20,,,,,,,,433.0,8192.0,7627.0,1.0
2026-04-29T08:49:21,,,,,,,,433.0,8192.0,7627.0,0.0
2026-04-29T08:49:23,,,,,,,,433.0,8192.0,7627.0,1.0
2026-04-29T08:49:24,,,,,,,,433.0,8192.0,7627.0,0.0
2026-04-29T08:49:26,,,,,,,,433.0,8192.0,7627.0,0.0
2026-04-29T08:49:27,,,,,,,,433.0,8192.0,7627.0,0.0
2026-04-29T08:49:29,,,,,,,,433.0,8192.0,7627.0,0.0
2026-04-29T08:49:30,,,,,,,,433.0,8192.0,7627.0,0.0
2026-04-29T08:49:32,,,,,,,,433.0,8192.0,7627.0,2.0
2026-04-29T08:49:33,,,,,,,,433.0,8192.0,7627.0,0.0
2026-04-29T08:49:35,,,,,,,,433.0,8192.0,7627.0,0.0
2026-04-29T08:49:36,,,,,,,,433.0,8192.0,7627.0,0.0
2026-04-29T08:49:38,,,,,,,,433.0,8192.0,7627.0,0.0
2026-04-29T08:49:39,,,,,,,,433.0,8192.0,7627.0,2.0
2026-04-29T08:49:41,,,,,,,,433.0,8192.0,7627.0,0.0
2026-04-29T08:49:42,,,,,,,,433.0,8192.0,7627.0,1.0
2026-04-29T08:49:44,,,,,,,,433.0,8192.0,7627.0,0.0
2026-04-29T08:49:45,,,,,,,,433.0,8192.0,7627.0,0.0
2026-04-29T08:49:47,,,,,,,,433.0,8192.0,7627.0,0.0
2026-04-29T08:49:48,,,,,,,,433.0,8192.0,7627.0,0.0
2026-04-29T08:49:50,,,,,,,,433.0,8192.0,7627.0,0.0
2026-04-29T08:49:51,,,,,,,,433.0,8192.0,7627.0,0.0
2026-04-29T08:49:53,,,,,,,,433.0,8192.0,7627.0,0.0
2026-04-29T08:49:54,,,,,,,,433.0,8192.0,7627.0,0.0
2026-04-29T08:49:56,,,,,,,,433.0,8192.0,7627.0,0.0
2026-04-29T08:49:57,,,,,,,,433.0,8192.0,7627.0,0.0
2026-04-29T08:49:59,,,,,,,,433.0,8192.0,7627.0,0.0
2026-04-29T08:50:00,,,,,,,,433.0,8192.0,7627.0,1.0
2026-04-29T08:50:02,,,,,,,,433.0,8192.0,7627.0,0.0
2026-04-29T08:50:03,,,,,,,,433.0,8192.0,7627.0,0.0
2026-04-29T08:50:04,,,,,,,,433.0,8192.0,7627.0,0.0
2026-04-29T08:50:06,,,,,,,,433.0,8192.0,7627.0,1.0
2026-04-29T08:50:07,,,,,,,,433.0,8192.0,7627.0,0.0
2026-04-29T08:50:09,,,,,,,,433.0,8192.0,7627.0,1.0
2026-04-29T08:50:10,,,,,,,,433.0,8192.0,7627.0,0.0
2026-04-29T08:50:12,,,,,,,,433.0,8192.0,7627.0,1.0
2026-04-29T08:50:13,,,,,,,,433.0,8192.0,7627.0,0.0
2026-04-29T08:50:15,,,,,,,,433.0,8192.0,7627.0,0.0
2026-04-29T08:50:16,,,,,,,,433.0,8192.0,7627.0,0.0
2026-04-29T08:50:18,,,,,,,,433.0,8192.0,7627.0,0.0
2026-04-29T08:50:19,,,,,,,,433.0,8192.0,7627.0,0.0
2026-04-29T08:50:21,,,,,,,,433.0,8192.0,7627.0,0.0
2026-04-29T08:50:22,,,,,,,,433.0,8192.0,7627.0,0.0
2026-04-29T08:50:24,,,,,,,,433.0,8192.0,7627.0,0.0
2026-04-29T08:50:25,,,,,,,,433.0,8192.0,7627.0,1.0
2026-04-29T08:50:26,,,,,,,,433.0,8192.0,7627.0,0.0
2026-04-29T08:50:28,,,,,,,,433.0,8192.0,7627.0,0.0
2026-04-29T08:50:29,,,,,,,,433.0,8192.0,7627.0,0.0
2026-04-29T08:50:31,,,,,,,,433.0,8192.0,7627.0,0.0
2026-04-29T08:50:32,,,,,,,,433.0,8192.0,7627.0,0.0
2026-04-29T08:50:34,,,,,,,,433.0,8192.0,7627.0,1.0
2026-04-29T08:50:35,,,,,,,,433.0,8192.0,7627.0,0.0
2026-04-29T08:50:37,,,,,,,,433.0,8192.0,7627.0,1.0
2026-04-29T08:50:38,,,,,,,,433.0,8192.0,7627.0,0.0
2026-04-29T08:50:40,,,,,,,,433.0,8192.0,7627.0,0.0
2026-04-29T08:50:41,,,,,,,,433.0,8192.0,7627.0,0.0
2026-04-29T08:50:43,,,,,,,,433.0,8192.0,7627.0,0.0
2026-04-29T08:50:44,,,,,,,,433.0,8192.0,7627.0,0.0
2026-04-29T08:50:46,,,,,,,,433.0,8192.0,7627.0,0.0
2026-04-29T08:50:47,,,,,,,,433.0,8192.0,7627.0,0.0
2026-04-29T08:50:49,,,,,,,,433.0,8192.0,7627.0,0.0
2026-04-29T08:50:50,,,,,,,,433.0,8192.0,7627.0,0.0
2026-04-29T08:50:52,,,,,,,,433.0,8192.0,7627.0,2.0
2026-04-29T08:50:53,,,,,,,,433.0,8192.0,7627.0,0.0
2026-04-29T08:50:55,,,,,,,,433.0,8192.0,7627.0,0.0
2026-04-29T08:50:56,,,,,,,,433.0,8192.0,7627.0,0.0
2026-04-29T08:50:58,,,,,,,,433.0,8192.0,7627.0,0.0
2026-04-29T08:50:59,,,,,,,,433.0,8192.0,7627.0,0.0
2026-04-29T08:51:01,,,,,,,,433.0,8192.0,7627.0,0.0
2026-04-29T08:51:02,,,,,,,,433.0,8192.0,7627.0,1.0
2026-04-29T08:51:03,,,,,,,,433.0,8192.0,7627.0,0.0
2026-04-29T08:51:05,,,,,,,,433.0,8192.0,7627.0,1.0
2026-04-29T08:51:06,,,,,,,,433.0,8192.0,7627.0,0.0
2026-04-29T08:51:08,,,,,,,,433.0,8192.0,7627.0,2.0
2026-04-29T08:51:09,,,,,,,,433.0,8192.0,7627.0,0.0
2026-04-29T08:51:11,,,,,,,,433.0,8192.0,7627.0,1.0
2026-04-29T08:51:12,,,,,,,,433.0,8192.0,7627.0,0.0
2026-04-29T08:51:14,,,,,,,,433.0,8192.0,7627.0,0.0
2026-04-29T08:51:15,,,,,,,,433.0,8192.0,7627.0,0.0
2026-04-29T08:51:17,,,,,,,,433.0,8192.0,7627.0,0.0
2026-04-29T08:51:18,,,,,,,,433.0,8192.0,7627.0,2.0
2026-04-29T08:51:20,,,,,,,,433.0,8192.0,7627.0,0.0
2026-04-29T08:51:21,,,,,,,,433.0,8192.0,7627.0,1.0
2026-04-29T08:51:22,,,,,,,,433.0,8192.0,7627.0,0.0
2026-04-29T08:51:24,,,,,,,,433.0,8192.0,7627.0,0.0
2026-04-29T08:51:25,,,,,,,,433.0,8192.0,7627.0,0.0
2026-04-29T08:51:27,,,,,,,,433.0,8192.0,7627.0,0.0
2026-04-29T08:51:28,,,,,,,,433.0,8192.0,7627.0,0.0
2026-04-29T08:51:30,,,,,,,,433.0,8192.0,7627.0,1.0
2026-04-29T08:51:31,,,,,,,,433.0,8192.0,7627.0,0.0
2026-04-29T08:51:33,,,,,,,,433.0,8192.0,7627.0,0.0
2026-04-29T08:51:34,,,,,,,,433.0,8192.0,7627.0,0.0
2026-04-29T08:51:36,,,,,,,,433.0,8192.0,7627.0,0.0
2026-04-29T08:51:37,,,,,,,,433.0,8192.0,7627.0,0.0
2026-04-29T08:51:39,,,,,,,,433.0,8192.0,7627.0,0.0
2026-04-29T08:51:40,,,,,,,,433.0,8192.0,7627.0,0.0
2026-04-29T08:51:42,,,,,,,,433.0,8192.0,7627.0,0.0
2026-04-29T08:51:43,,,,,,,,433.0,8192.0,7627.0,0.0
2026-04-29T08:51:45,,,,,,,,433.0,8192.0,7627.0,0.0
2026-04-29T08:51:46,,,,,,,,433.0,8192.0,7627.0,3.0
2026-04-29T08:51:48,,,,,,,,433.0,8192.0,7627.0,0.0
2026-04-29T08:51:49,,,,,,,,433.0,8192.0,7627.0,3.0
2026-04-29T08:51:51,,,,,,,,433.0,8192.0,7627.0,0.0
2026-04-29T08:51:52,,,,,,,,433.0,8192.0,7627.0,0.0
2026-04-29T08:51:53,,,,,,,,433.0,8192.0,7627.0,0.0
2026-04-29T08:51:55,,,,,,,,433.0,8192.0,7627.0,0.0
2026-04-29T08:51:56,,,,,,,,433.0,8192.0,7627.0,0.0
2026-04-29T08:51:58,,,,,,,,433.0,8192.0,7627.0,0.0
2026-04-29T08:51:59,,,,,,,,433.0,8192.0,7627.0,0.0
2026-04-29T08:52:01,,,,,,,,433.0,8192.0,7627.0,0.0
2026-04-29T08:52:02,,,,,,,,433.0,8192.0,7627.0,0.0
2026-04-29T08:52:04,,,,,,,,433.0,8192.0,7627.0,0.0
2026-04-29T08:52:05,,,,,,,,433.0,8192.0,7627.0,0.0
2026-04-29T08:52:07,,,,,,,,433.0,8192.0,7627.0,0.0
2026-04-29T08:52:08,,,,,,,,433.0,8192.0,7627.0,0.0
2026-04-29T08:52:10,,,,,,,,433.0,8192.0,7627.0,0.0
2026-04-29T08:52:11,,,,,,,,433.0,8192.0,7627.0,0.0
2026-04-29T08:52:13,,,,,,,,433.0,8192.0,7627.0,0.0
2026-04-29T08:52:14,,,,,,,,433.0,8192.0,7627.0,1.0
2026-04-29T08:52:16,,,,,,,,433.0,8192.0,7627.0,0.0
2026-04-29T08:52:17,,,,,,,,433.0,8192.0,7627.0,1.0
2026-04-29T08:52:18,,,,,,,,433.0,8192.0,7627.0,2.0
2026-04-29T08:52:20,,,,,,,,433.0,8192.0,7627.0,1.0
2026-04-29T08:52:21,,,,,,,,433.0,8192.0,7627.0,0.0
2026-04-29T08:52:23,,,,,,,,433.0,8192.0,7627.0,0.0
2026-04-29T08:52:24,,,,,,,,433.0,8192.0,7627.0,0.0
2026-04-29T08:52:26,,,,,,,,433.0,8192.0,7627.0,0.0
2026-04-29T08:52:27,,,,,,,,447.0,8192.0,7613.0,1.0
2026-04-29T08:52:29,,,,,,,,447.0,8192.0,7613.0,0.0
2026-04-29T08:52:30,,,,,,,,447.0,8192.0,7613.0,0.0
2026-04-29T08:52:32,,,,,,,,447.0,8192.0,7613.0,0.0
2026-04-29T08:52:33,,,,,,,,447.0,8192.0,7613.0,0.0
2026-04-29T08:52:35,,,,,,,,447.0,8192.0,7613.0,0.0
2026-04-29T08:52:36,,,,,,,,443.0,8192.0,7617.0,0.0
2026-04-29T08:52:38,,,,,,,,443.0,8192.0,7617.0,0.0
2026-04-29T08:52:39,,,,,,,,443.0,8192.0,7617.0,0.0
2026-04-29T08:52:41,,,,,,,,442.0,8192.0,7618.0,0.0
2026-04-29T08:52:42,,,,,,,,442.0,8192.0,7618.0,0.0
2026-04-29T08:52:44,,,,,,,,442.0,8192.0,7618.0,0.0
2026-04-29T08:52:45,,,,,,,,434.0,8192.0,7626.0,1.0
2026-04-29T08:52:47,,,,,,,,434.0,8192.0,7626.0,0.0
2026-04-29T08:52:48,,,,,,,,434.0,8192.0,7626.0,1.0
2026-04-29T08:52:50,,,,,,,,434.0,8192.0,7626.0,0.0
2026-04-29T08:52:51,,,,,,,,433.0,8192.0,7627.0,1.0
2026-04-29T08:52:52,,,,,,,,433.0,8192.0,7627.0,0.0
2026-04-29T08:52:54,,,,,,,,433.0,8192.0,7627.0,0.0
2026-04-29T08:52:55,,,,,,,,433.0,8192.0,7627.0,0.0
2026-04-29T08:52:57,,,,,,,,433.0,8192.0,7627.0,1.0
2026-04-29T08:52:58,,,,,,,,433.0,8192.0,7627.0,0.0
2026-04-29T08:53:00,,,,,,,,433.0,8192.0,7627.0,0.0
2026-04-29T08:53:01,,,,,,,,433.0,8192.0,7627.0,0.0
2026-04-29T08:53:03,,,,,,,,433.0,8192.0,7627.0,0.0
2026-04-29T08:53:04,,,,,,,,433.0,8192.0,7627.0,0.0
2026-04-29T08:53:06,,,,,,,,433.0,8192.0,7627.0,0.0
2026-04-29T08:53:07,,,,,,,,433.0,8192.0,7627.0,1.0
2026-04-29T08:53:09,,,,,,,,433.0,8192.0,7627.0,0.0
2026-04-29T08:53:10,,,,,,,,433.0,8192.0,7627.0,1.0
2026-04-29T08:53:11,,,,,,,,433.0,8192.0,7627.0,0.0
2026-04-29T08:53:13,,,,,,,,433.0,8192.0,7627.0,0.0
2026-04-29T08:53:14,,,,,,,,433.0,8192.0,7627.0,0.0
2026-04-29T08:53:16,,,,,,,,433.0,8192.0,7627.0,0.0
2026-04-29T08:53:17,,,,,,,,433.0,8192.0,7627.0,0.0
2026-04-29T08:53:19,,,,,,,,433.0,8192.0,7627.0,0.0
2026-04-29T08:53:20,,,,,,,,433.0,8192.0,7627.0,0.0
2026-04-29T08:53:22,,,,,,,,433.0,8192.0,7627.0,0.0
2026-04-29T08:53:23,,,,,,,,433.0,8192.0,7627.0,1.0
2026-04-29T08:53:25,,,,,,,,433.0,8192.0,7627.0,0.0
2026-04-29T08:53:26,,,,,,,,433.0,8192.0,7627.0,0.0
2026-04-29T08:53:28,,,,,,,,433.0,8192.0,7627.0,0.0
2026-04-29T08:53:29,,,,,,,,433.0,8192.0,7627.0,0.0
2026-04-29T08:53:31,,,,,,,,433.0,8192.0,7627.0,0.0
2026-04-29T08:53:32,,,,,,,,433.0,8192.0,7627.0,0.0
2026-04-29T08:53:34,,,,,,,,433.0,8192.0,7627.0,0.0
2026-04-29T08:53:35,,,,,,,,433.0,8192.0,7627.0,0.0
2026-04-29T08:53:37,,,,,,,,433.0,8192.0,7627.0,2.0
2026-04-29T08:53:38,,,,,,,,433.0,8192.0,7627.0,1.0
2026-04-29T08:53:40,,,,,,,,433.0,8192.0,7627.0,0.0
2026-04-29T08:53:41,,,,,,,,433.0,8192.0,7627.0,1.0
2026-04-29T08:53:42,,,,,,,,433.0,8192.0,7627.0,0.0
2026-04-29T08:53:44,,,,,,,,433.0,8192.0,7627.0,1.0
2026-04-29T08:53:45,,,,,,,,433.0,8192.0,7627.0,0.0
2026-04-29T08:53:47,,,,,,,,433.0,8192.0,7627.0,0.0
2026-04-29T08:53:48,,,,,,,,433.0,8192.0,7627.0,0.0
2026-04-29T08:53:50,,,,,,,,433.0,8192.0,7627.0,1.0
2026-04-29T08:53:51,,,,,,,,433.0,8192.0,7627.0,0.0
2026-04-29T08:53:53,,,,,,,,433.0,8192.0,7627.0,0.0
2026-04-29T08:53:54,,,,,,,,433.0,8192.0,7627.0,0.0
2026-04-29T08:53:56,,,,,,,,433.0,8192.0,7627.0,0.0
2026-04-29T08:53:57,,,,,,,,433.0,8192.0,7627.0,0.0
2026-04-29T08:53:59,,,,,,,,433.0,8192.0,7627.0,0.0
2026-04-29T08:54:00,,,,,,,,433.0,8192.0,7627.0,0.0
2026-04-29T08:54:02,,,,,,,,433.0,8192.0,7627.0,0.0
2026-04-29T08:54:03,,,,,,,,433.0,8192.0,7627.0,1.0
2026-04-29T08:54:05,,,,,,,,433.0,8192.0,7627.0,0.0
2026-04-29T08:54:06,,,,,,,,433.0,8192.0,7627.0,2.0
2026-04-29T08:54:07,,,,,,,,433.0,8192.0,7627.0,0.0
2026-04-29T08:54:09,,,,,,,,433.0,8192.0,7627.0,1.0
2026-04-29T08:54:10,,,,,,,,433.0,8192.0,7627.0,0.0
2026-04-29T08:54:12,,,,,,,,433.0,8192.0,7627.0,0.0
2026-04-29T08:54:13,,,,,,,,433.0,8192.0,7627.0,0.0
2026-04-29T08:54:15,,,,,,,,433.0,8192.0,7627.0,0.0
2026-04-29T08:54:16,,,,,,,,433.0,8192.0,7627.0,0.0
2026-04-29T08:54:18,,,,,,,,433.0,8192.0,7627.0,0.0
2026-04-29T08:54:19,,,,,,,,433.0,8192.0,7627.0,0.0
2026-04-29T08:54:21,,,,,,,,433.0,8192.0,7627.0,0.0
2026-04-29T08:54:22,,,,,,,,433.0,8192.0,7627.0,0.0
2026-04-29T08:54:24,,,,,,,,433.0,8192.0,7627.0,1.0
2026-04-29T08:54:25,,,,,,,,433.0,8192.0,7627.0,2.0
2026-04-29T08:54:27,,,,,,,,433.0,8192.0,7627.0,0.0
2026-04-29T08:54:28,,,,,,,,433.0,8192.0,7627.0,0.0
2026-04-29T08:54:30,,,,,,,,433.0,8192.0,7627.0,0.0
2026-04-29T08:54:31,,,,,,,,433.0,8192.0,7627.0,0.0
2026-04-29T08:54:33,,,,,,,,433.0,8192.0,7627.0,0.0
2026-04-29T08:54:34,,,,,,,,433.0,8192.0,7627.0,0.0
2026-04-29T08:54:36,,,,,,,,433.0,8192.0,7627.0,0.0
2026-04-29T08:54:37,,,,,,,,433.0,8192.0,7627.0,0.0
2026-04-29T08:54:39,,,,,,,,433.0,8192.0,7627.0,1.0
2026-04-29T08:54:40,,,,,,,,433.0,8192.0,7627.0,1.0
2026-04-29T08:54:42,,,,,,,,433.0,8192.0,7627.0,0.0
2026-04-29T08:54:43,,,,,,,,433.0,8192.0,7627.0,1.0
2026-04-29T08:54:45,,,,,,,,433.0,8192.0,7627.0,0.0
2026-04-29T08:54:46,,,,,,,,433.0,8192.0,7627.0,0.0
2026-04-29T08:54:48,,,,,,,,433.0,8192.0,7627.0,0.0
2026-04-29T08:54:49,,,,,,,,433.0,8192.0,7627.0,0.0
2026-04-29T08:54:51,,,,,,,,433.0,8192.0,7627.0,0.0
2026-04-29T08:54:52,,,,,,,,433.0,8192.0,7627.0,0.0
2026-04-29T08:54:54,,,,,,,,433.0,8192.0,7627.0,0.0
2026-04-29T08:54:55,,,,,,,,433.0,8192.0,7627.0,0.0
2026-04-29T08:54:56,,,,,,,,433.0,8192.0,7627.0,0.0
2026-04-29T08:54:58,,,,,,,,433.0,8192.0,7627.0,1.0
2026-04-29T08:54:59,,,,,,,,433.0,8192.0,7627.0,0.0
2026-04-29T08:55:01,,,,,,,,433.0,8192.0,7627.0,1.0
2026-04-29T08:55:02,,,,,,,,433.0,8192.0,7627.0,0.0
2026-04-29T08:55:04,,,,,,,,433.0,8192.0,7627.0,0.0
2026-04-29T08:55:05,,,,,,,,433.0,8192.0,7627.0,2.0
2026-04-29T08:55:07,,,,,,,,433.0,8192.0,7627.0,0.0
2026-04-29T08:55:08,,,,,,,,433.0,8192.0,7627.0,0.0
2026-04-29T08:55:10,,,,,,,,433.0,8192.0,7627.0,0.0
2026-04-29T08:55:11,,,,,,,,433.0,8192.0,7627.0,0.0
2026-04-29T08:55:13,,,,,,,,433.0,8192.0,7627.0,0.0
2026-04-29T08:55:14,,,,,,,,433.0,8192.0,7627.0,0.0
2026-04-29T08:55:16,,,,,,,,433.0,8192.0,7627.0,0.0
2026-04-29T08:55:17,,,,,,,,433.0,8192.0,7627.0,0.0
2026-04-29T08:55:19,,,,,,,,433.0,8192.0,7627.0,0.0
2026-04-29T08:55:20,,,,,,,,433.0,8192.0,7627.0,0.0
2026-04-29T08:55:22,,,,,,,,433.0,8192.0,7627.0,0.0
2026-04-29T08:55:23,,,,,,,,433.0,8192.0,7627.0,0.0
2026-04-29T08:55:25,,,,,,,,433.0,8192.0,7627.0,0.0
2026-04-29T08:55:26,,,,,,,,433.0,8192.0,7627.0,0.0
2026-04-29T08:55:28,,,,,,,,433.0,8192.0,7627.0,0.0
2026-04-29T08:55:29,,,,,,,,433.0,8192.0,7627.0,1.0
2026-04-29T08:55:31,,,,,,,,433.0,8192.0,7627.0,0.0
2026-04-29T08:55:32,,,,,,,,433.0,8192.0,7627.0,1.0
2026-04-29T08:55:33,,,,,,,,433.0,8192.0,7627.0,0.0
2026-04-29T08:55:35,,,,,,,,433.0,8192.0,7627.0,1.0
2026-04-29T08:55:36,,,,,,,,433.0,8192.0,7627.0,0.0
2026-04-29T08:55:38,,,,,,,,433.0,8192.0,7627.0,0.0
2026-04-29T08:55:39,,,,,,,,433.0,8192.0,7627.0,0.0
2026-04-29T08:55:41,,,,,,,,433.0,8192.0,7627.0,0.0
2026-04-29T08:55:42,,,,,,,,433.0,8192.0,7627.0,0.0
2026-04-29T08:55:44,,,,,,,,433.0,8192.0,7627.0,0.0
2026-04-29T08:55:45,,,,,,,,433.0,8192.0,7627.0,0.0
2026-04-29T08:55:47,,,,,,,,433.0,8192.0,7627.0,0.0
2026-04-29T08:55:48,,,,,,,,433.0,8192.0,7627.0,0.0
2026-04-29T08:55:50,,,,,,,,433.0,8192.0,7627.0,0.0
2026-04-29T08:55:51,,,,,,,,433.0,8192.0,7627.0,1.0
2026-04-29T08:55:52,,,,,,,,433.0,8192.0,7627.0,0.0
2026-04-29T08:55:54,,,,,,,,433.0,8192.0,7627.0,1.0
2026-04-29T08:55:55,,,,,,,,433.0,8192.0,7627.0,0.0
2026-04-29T08:55:57,,,,,,,,433.0,8192.0,7627.0,1.0
2026-04-29T08:55:58,,,,,,,,433.0,8192.0,7627.0,0.0
2026-04-29T08:56:00,,,,,,,,433.0,8192.0,7627.0,0.0
2026-04-29T08:56:01,,,,,,,,433.0,8192.0,7627.0,0.0
2026-04-29T08:56:03,,,,,,,,433.0,8192.0,7627.0,0.0
2026-04-29T08:56:04,,,,,,,,433.0,8192.0,7627.0,0.0
2026-04-29T08:56:06,,,,,,,,433.0,8192.0,7627.0,0.0
2026-04-29T08:56:07,,,,,,,,433.0,8192.0,7627.0,0.0
2026-04-29T08:56:09,,,,,,,,433.0,8192.0,7627.0,0.0
2026-04-29T08:56:10,,,,,,,,433.0,8192.0,7627.0,0.0
2026-04-29T08:56:12,,,,,,,,433.0,8192.0,7627.0,0.0
2026-04-29T08:56:13,,,,,,,,433.0,8192.0,7627.0,0.0
2026-04-29T08:56:15,,,,,,,,433.0,8192.0,7627.0,0.0
2026-04-29T08:56:16,,,,,,,,433.0,8192.0,7627.0,0.0
2026-04-29T08:56:18,,,,,,,,433.0,8192.0,7627.0,0.0
2026-04-29T08:56:19,,,,,,,,433.0,8192.0,7627.0,0.0
2026-04-29T08:56:21,,,,,,,,433.0,8192.0,7627.0,0.0
2026-04-29T08:56:22,,,,,,,,433.0,8192.0,7627.0,0.0
2026-04-29T08:56:24,,,,,,,,433.0,8192.0,7627.0,0.0
2026-04-29T08:56:25,,,,,,,,433.0,8192.0,7627.0,1.0
2026-04-29T08:56:27,,,,,,,,433.0,8192.0,7627.0,0.0
2026-04-29T08:56:28,,,,,,,,433.0,8192.0,7627.0,1.0
2026-04-29T08:56:30,,,,,,,,433.0,8192.0,7627.0,0.0
2026-04-29T08:56:31,,,,,,,,433.0,8192.0,7627.0,1.0
2026-04-29T08:56:33,,,,,,,,433.0,8192.0,7627.0,1.0
2026-04-29T08:56:34,,,,,,,,433.0,8192.0,7627.0,1.0
2026-04-29T08:56:36,,,,,,,,433.0,8192.0,7627.0,0.0
2026-04-29T08:56:37,,,,,,,,433.0,8192.0,7627.0,1.0
2026-04-29T08:56:38,,,,,,,,433.0,8192.0,7627.0,0.0
2026-04-29T08:56:40,,,,,,,,433.0,8192.0,7627.0,0.0
2026-04-29T08:56:41,,,,,,,,433.0,8192.0,7627.0,0.0
2026-04-29T08:56:43,,,,,,,,433.0,8192.0,7627.0,1.0
2026-04-29T08:56:44,,,,,,,,433.0,8192.0,7627.0,0.0
2026-04-29T08:56:46,,,,,,,,433.0,8192.0,7627.0,1.0
2026-04-29T08:56:47,,,,,,,,433.0,8192.0,7627.0,0.0
2026-04-29T08:56:49,,,,,,,,433.0,8192.0,7627.0,0.0
2026-04-29T08:56:50,,,,,,,,433.0,8192.0,7627.0,0.0
2026-04-29T08:56:52,,,,,,,,433.0,8192.0,7627.0,0.0
2026-04-29T08:56:53,,,,,,,,433.0,8192.0,7627.0,0.0
2026-04-29T08:56:55,,,,,,,,433.0,8192.0,7627.0,0.0
2026-04-29T08:56:56,,,,,,,,433.0,8192.0,7627.0,0.0
2026-04-29T08:56:58,,,,,,,,433.0,8192.0,7627.0,0.0
2026-04-29T08:56:59,,,,,,,,433.0,8192.0,7627.0,1.0
2026-04-29T08:57:01,,,,,,,,433.0,8192.0,7627.0,0.0
2026-04-29T08:57:02,,,,,,,,433.0,8192.0,7627.0,1.0
2026-04-29T08:57:04,,,,,,,,433.0,8192.0,7627.0,0.0
2026-04-29T08:57:05,,,,,,,,433.0,8192.0,7627.0,1.0
2026-04-29T08:57:06,,,,,,,,433.0,8192.0,7627.0,0.0
2026-04-29T08:57:08,,,,,,,,433.0,8192.0,7627.0,0.0
2026-04-29T08:57:10,,,,,,,,433.0,8192.0,7627.0,0.0
2026-04-29T08:57:11,,,,,,,,433.0,8192.0,7627.0,1.0
2026-04-29T08:57:13,,,,,,,,433.0,8192.0,7627.0,0.0
2026-04-29T08:57:14,,,,,,,,433.0,8192.0,7627.0,1.0
2026-04-29T08:57:15,,,,,,,,433.0,8192.0,7627.0,0.0
2026-04-29T08:57:17,,,,,,,,433.0,8192.0,7627.0,0.0
2026-04-29T08:57:18,,,,,,,,433.0,8192.0,7627.0,0.0
2026-04-29T08:57:20,,,,,,,,433.0,8192.0,7627.0,0.0
2026-04-29T08:57:21,,,,,,,,433.0,8192.0,7627.0,0.0
2026-04-29T08:57:23,,,,,,,,433.0,8192.0,7627.0,1.0
2026-04-29T08:57:24,,,,,,,,433.0,8192.0,7627.0,0.0
2026-04-29T08:57:26,,,,,,,,433.0,8192.0,7627.0,0.0
2026-04-29T08:57:27,,,,,,,,433.0,8192.0,7627.0,0.0
2026-04-29T08:57:29,,,,,,,,433.0,8192.0,7627.0,0.0
2026-04-29T08:57:31,,,,,,,,433.0,8192.0,7627.0,0.0
2026-04-29T08:57:32,,,,,,,,433.0,8192.0,7627.0,0.0
2026-04-29T08:57:34,,,,,,,,433.0,8192.0,7627.0,0.0
2026-04-29T08:57:35,,,,,,,,433.0,8192.0,7627.0,0.0
2026-04-29T08:57:37,,,,,,,,433.0,8192.0,7627.0,0.0
2026-04-29T08:57:38,,,,,,,,433.0,8192.0,7627.0,0.0
2026-04-29T08:57:40,,,,,,,,433.0,8192.0,7627.0,0.0
2026-04-29T08:57:41,,,,,,,,433.0,8192.0,7627.0,1.0
2026-04-29T08:57:42,,,,,,,,433.0,8192.0,7627.0,0.0
2026-04-29T08:57:44,,,,,,,,433.0,8192.0,7627.0,1.0
2026-04-29T08:57:45,,,,,,,,433.0,8192.0,7627.0,0.0
2026-04-29T08:57:47,,,,,,,,433.0,8192.0,7627.0,1.0
2026-04-29T08:57:48,,,,,,,,433.0,8192.0,7627.0,2.0
2026-04-29T08:57:50,,,,,,,,433.0,8192.0,7627.0,0.0
2026-04-29T08:57:51,,,,,,,,433.0,8192.0,7627.0,0.0
2026-04-29T08:57:53,,,,,,,,433.0,8192.0,7627.0,0.0
2026-04-29T08:57:54,,,,,,,,433.0,8192.0,7627.0,0.0
2026-04-29T08:57:56,,,,,,,,433.0,8192.0,7627.0,0.0
2026-04-29T08:57:57,,,,,,,,433.0,8192.0,7627.0,0.0
2026-04-29T08:57:59,,,,,,,,433.0,8192.0,7627.0,2.0
2026-04-29T08:58:00,,,,,,,,433.0,8192.0,7627.0,1.0
2026-04-29T08:58:02,,,,,,,,433.0,8192.0,7627.0,0.0
2026-04-29T08:58:03,,,,,,,,433.0,8192.0,7627.0,1.0
2026-04-29T08:58:05,,,,,,,,433.0,8192.0,7627.0,0.0
2026-04-29T08:58:06,,,,,,,,433.0,8192.0,7627.0,0.0
2026-04-29T08:58:07,,,,,,,,433.0,8192.0,7627.0,0.0
2026-04-29T08:58:09,,,,,,,,433.0,8192.0,7627.0,1.0
2026-04-29T08:58:10,,,,,,,,433.0,8192.0,7627.0,0.0
2026-04-29T08:58:12,,,,,,,,433.0,8192.0,7627.0,0.0
2026-04-29T08:58:13,,,,,,,,433.0,8192.0,7627.0,0.0
2026-04-29T08:58:15,,,,,,,,433.0,8192.0,7627.0,0.0
2026-04-29T08:58:16,,,,,,,,433.0,8192.0,7627.0,0.0
2026-04-29T08:58:18,,,,,,,,433.0,8192.0,7627.0,0.0
2026-04-29T08:58:19,,,,,,,,433.0,8192.0,7627.0,0.0
2026-04-29T08:58:21,,,,,,,,433.0,8192.0,7627.0,0.0
2026-04-29T08:58:22,,,,,,,,433.0,8192.0,7627.0,0.0
2026-04-29T08:58:24,,,,,,,,433.0,8192.0,7627.0,0.0
2026-04-29T08:58:25,,,,,,,,433.0,8192.0,7627.0,0.0
2026-04-29T08:58:27,,,,,,,,433.0,8192.0,7627.0,1.0
2026-04-29T08:58:28,,,,,,,,433.0,8192.0,7627.0,0.0
2026-04-29T08:58:30,,,,,,,,433.0,8192.0,7627.0,0.0
2026-04-29T08:58:31,,,,,,,,433.0,8192.0,7627.0,0.0
2026-04-29T08:58:33,,,,,,,,433.0,8192.0,7627.0,0.0
2026-04-29T08:58:34,,,,,,,,433.0,8192.0,7627.0,0.0
2026-04-29T08:58:36,,,,,,,,433.0,8192.0,7627.0,0.0
2026-04-29T08:58:37,,,,,,,,433.0,8192.0,7627.0,0.0
2026-04-29T08:58:38,,,,,,,,433.0,8192.0,7627.0,0.0
2026-04-29T08:58:40,,,,,,,,433.0,8192.0,7627.0,0.0
2026-04-29T08:58:41,,,,,,,,433.0,8192.0,7627.0,0.0
2026-04-29T08:58:43,,,,,,,,433.0,8192.0,7627.0,2.0
2026-04-29T08:58:44,,,,,,,,433.0,8192.0,7627.0,1.0
2026-04-29T08:58:45,,,,,,,,433.0,8192.0,7627.0,0.0
2026-04-29T08:58:47,,,,,,,,433.0,8192.0,7627.0,1.0
2026-04-29T08:58:48,,,,,,,,433.0,8192.0,7627.0,2.0
2026-04-29T08:58:50,,,,,,,,433.0,8192.0,7627.0,0.0
2026-04-29T08:58:51,,,,,,,,433.0,8192.0,7627.0,0.0
2026-04-29T08:58:53,,,,,,,,433.0,8192.0,7627.0,0.0
2026-04-29T08:58:54,,,,,,,,433.0,8192.0,7627.0,0.0
2026-04-29T08:58:56,,,,,,,,433.0,8192.0,7627.0,0.0
2026-04-29T08:58:57,,,,,,,,433.0,8192.0,7627.0,0.0
2026-04-29T08:58:59,,,,,,,,433.0,8192.0,7627.0,0.0
2026-04-29T08:59:00,,,,,,,,433.0,8192.0,7627.0,0.0
2026-04-29T08:59:02,,,,,,,,433.0,8192.0,7627.0,2.0
2026-04-29T08:59:04,,,,,,,,433.0,8192.0,7627.0,0.0
2026-04-29T08:59:05,,,,,,,,433.0,8192.0,7627.0,0.0
2026-04-29T08:59:07,,,,,,,,433.0,8192.0,7627.0,0.0
2026-04-29T08:59:08,,,,,,,,433.0,8192.0,7627.0,0.0
2026-04-29T08:59:10,,,,,,,,433.0,8192.0,7627.0,0.0
2026-04-29T08:59:11,,,,,,,,433.0,8192.0,7627.0,0.0
2026-04-29T08:59:13,,,,,,,,433.0,8192.0,7627.0,0.0
2026-04-29T08:59:14,,,,,,,,433.0,8192.0,7627.0,0.0
2026-04-29T08:59:16,,,,,,,,433.0,8192.0,7627.0,1.0
2026-04-29T08:59:17,,,,,,,,433.0,8192.0,7627.0,1.0
2026-04-29T08:59:18,,,,,,,,433.0,8192.0,7627.0,2.0
2026-04-29T08:59:20,,,,,,,,433.0,8192.0,7627.0,0.0
2026-04-29T08:59:21,,,,,,,,433.0,8192.0,7627.0,2.0
2026-04-29T08:59:23,,,,,,,,433.0,8192.0,7627.0,0.0
2026-04-29T08:59:24,,,,,,,,433.0,8192.0,7627.0,0.0
2026-04-29T08:59:26,,,,,,,,433.0,8192.0,7627.0,0.0
2026-04-29T08:59:27,,,,,,,,433.0,8192.0,7627.0,0.0
2026-04-29T08:59:29,,,,,,,,433.0,8192.0,7627.0,0.0
2026-04-29T08:59:30,,,,,,,,433.0,8192.0,7627.0,0.0
2026-04-29T08:59:32,,,,,,,,433.0,8192.0,7627.0,1.0
2026-04-29T08:59:33,,,,,,,,433.0,8192.0,7627.0,0.0
2026-04-29T08:59:35,,,,,,,,433.0,8192.0,7627.0,0.0
2026-04-29T08:59:36,,,,,,,,433.0,8192.0,7627.0,0.0
2026-04-29T08:59:38,,,,,,,,433.0,8192.0,7627.0,0.0
2026-04-29T08:59:39,,,,,,,,433.0,8192.0,7627.0,0.0
2026-04-29T08:59:41,,,,,,,,433.0,8192.0,7627.0,0.0
2026-04-29T08:59:42,,,,,,,,433.0,8192.0,7627.0,0.0
2026-04-29T08:59:44,,,,,,,,433.0,8192.0,7627.0,0.0
2026-04-29T08:59:45,,,,,,,,433.0,8192.0,7627.0,1.0
2026-04-29T08:59:47,,,,,,,,433.0,8192.0,7627.0,0.0
2026-04-29T08:59:48,,,,,,,,433.0,8192.0,7627.0,0.0
2026-04-29T08:59:50,,,,,,,,433.0,8192.0,7627.0,0.0
2026-04-29T08:59:51,,,,,,,,433.0,8192.0,7627.0,0.0
2026-04-29T08:59:53,,,,,,,,433.0,8192.0,7627.0,0.0
2026-04-29T08:59:54,,,,,,,,433.0,8192.0,7627.0,0.0
2026-04-29T08:59:56,,,,,,,,433.0,8192.0,7627.0,0.0
2026-04-29T08:59:57,,,,,,,,433.0,8192.0,7627.0,0.0
2026-04-29T08:59:59,,,,,,,,433.0,8192.0,7627.0,0.0
2026-04-29T09:00:00,,,,,,,,463.0,8192.0,7597.0,34.0
2026-04-29T09:00:02,,,,,,,,463.0,8192.0,7597.0,0.0
2026-04-29T09:00:03,,,,,,,,463.0,8192.0,7597.0,0.0
2026-04-29T09:00:05,,,,,,,,462.0,8192.0,7598.0,0.0
2026-04-29T09:00:06,,,,,,,,433.0,8192.0,7627.0,0.0
2026-04-29T09:00:08,,,,,,,,433.0,8192.0,7627.0,0.0
2026-04-29T09:00:09,,,,,,,,433.0,8192.0,7627.0,1.0
2026-04-29T09:00:11,,,,,,,,433.0,8192.0,7627.0,0.0
2026-04-29T09:00:12,,,,,,,,433.0,8192.0,7627.0,1.0
2026-04-29T09:00:13,,,,,,,,433.0,8192.0,7627.0,0.0
2026-04-29T09:00:15,,,,,,,,433.0,8192.0,7627.0,1.0
2026-04-29T09:00:16,,,,,,,,433.0,8192.0,7627.0,0.0
2026-04-29T09:00:18,,,,,,,,433.0,8192.0,7627.0,0.0
2026-04-29T09:00:19,,,,,,,,433.0,8192.0,7627.0,0.0
2026-04-29T09:00:21,,,,,,,,433.0,8192.0,7627.0,0.0
2026-04-29T09:00:22,,,,,,,,433.0,8192.0,7627.0,0.0
2026-04-29T09:00:24,,,,,,,,433.0,8192.0,7627.0,0.0
2026-04-29T09:00:25,,,,,,,,433.0,8192.0,7627.0,0.0
2026-04-29T09:00:27,,,,,,,,433.0,8192.0,7627.0,0.0
2026-04-29T09:00:28,,,,,,,,433.0,8192.0,7627.0,0.0
2026-04-29T09:00:30,,,,,,,,433.0,8192.0,7627.0,2.0
2026-04-29T09:00:31,,,,,,,,433.0,8192.0,7627.0,0.0
2026-04-29T09:00:33,,,,,,,,433.0,8192.0,7627.0,2.0
2026-04-29T09:00:34,,,,,,,,433.0,8192.0,7627.0,0.0
2026-04-29T09:00:36,,,,,,,,433.0,8192.0,7627.0,0.0
2026-04-29T09:00:37,,,,,,,,433.0,8192.0,7627.0,0.0
2026-04-29T09:00:39,,,,,,,,433.0,8192.0,7627.0,0.0
2026-04-29T09:00:40,,,,,,,,433.0,8192.0,7627.0,0.0
2026-04-29T09:00:42,,,,,,,,433.0,8192.0,7627.0,0.0
2026-04-29T09:00:43,,,,,,,,433.0,8192.0,7627.0,0.0
2026-04-29T09:00:45,,,,,,,,433.0,8192.0,7627.0,0.0
2026-04-29T09:00:46,,,,,,,,433.0,8192.0,7627.0,0.0
2026-04-29T09:00:48,,,,,,,,433.0,8192.0,7627.0,0.0
2026-04-29T09:00:49,,,,,,,,433.0,8192.0,7627.0,1.0
2026-04-29T09:00:51,,,,,,,,433.0,8192.0,7627.0,0.0
2026-04-29T09:00:52,,,,,,,,433.0,8192.0,7627.0,1.0
2026-04-29T09:00:53,,,,,,,,433.0,8192.0,7627.0,0.0
2026-04-29T09:00:55,,,,,,,,433.0,8192.0,7627.0,0.0
2026-04-29T09:00:56,,,,,,,,433.0,8192.0,7627.0,0.0
2026-04-29T09:00:58,,,,,,,,433.0,8192.0,7627.0,1.0
2026-04-29T09:00:59,,,,,,,,433.0,8192.0,7627.0,0.0
2026-04-29T09:01:01,,,,,,,,433.0,8192.0,7627.0,0.0
2026-04-29T09:01:02,,,,,,,,433.0,8192.0,7627.0,0.0
2026-04-29T09:01:04,,,,,,,,433.0,8192.0,7627.0,0.0
2026-04-29T09:01:05,,,,,,,,433.0,8192.0,7627.0,0.0
2026-04-29T09:01:07,,,,,,,,433.0,8192.0,7627.0,0.0
2026-04-29T09:01:08,,,,,,,,433.0,8192.0,7627.0,0.0
2026-04-29T09:01:10,,,,,,,,433.0,8192.0,7627.0,0.0
2026-04-29T09:01:11,,,,,,,,433.0,8192.0,7627.0,0.0
2026-04-29T09:01:13,,,,,,,,433.0,8192.0,7627.0,0.0
2026-04-29T09:01:14,,,,,,,,433.0,8192.0,7627.0,0.0
2026-04-29T09:01:16,,,,,,,,433.0,8192.0,7627.0,0.0
2026-04-29T09:01:17,,,,,,,,433.0,8192.0,7627.0,0.0
2026-04-29T09:01:19,,,,,,,,433.0,8192.0,7627.0,0.0
2026-04-29T09:01:20,,,,,,,,433.0,8192.0,7627.0,0.0
2026-04-29T09:01:22,,,,,,,,433.0,8192.0,7627.0,0.0
2026-04-29T09:01:23,,,,,,,,433.0,8192.0,7627.0,0.0
2026-04-29T09:01:24,,,,,,,,433.0,8192.0,7627.0,0.0
2026-04-29T09:01:26,,,,,,,,433.0,8192.0,7627.0,1.0
2026-04-29T09:01:27,,,,,,,,433.0,8192.0,7627.0,0.0
2026-04-29T09:01:29,,,,,,,,433.0,8192.0,7627.0,1.0
2026-04-29T09:01:30,,,,,,,,433.0,8192.0,7627.0,0.0
2026-04-29T09:01:32,,,,,,,,433.0,8192.0,7627.0,1.0
2026-04-29T09:01:33,,,,,,,,433.0,8192.0,7627.0,0.0
2026-04-29T09:01:35,,,,,,,,433.0,8192.0,7627.0,3.0
2026-04-29T09:01:36,,,,,,,,433.0,8192.0,7627.0,0.0
2026-04-29T09:01:38,,,,,,,,433.0,8192.0,7627.0,0.0
2026-04-29T09:01:39,,,,,,,,433.0,8192.0,7627.0,0.0
2026-04-29T09:01:41,,,,,,,,433.0,8192.0,7627.0,0.0
2026-04-29T09:01:42,,,,,,,,433.0,8192.0,7627.0,0.0
2026-04-29T09:01:44,,,,,,,,433.0,8192.0,7627.0,0.0
2026-04-29T09:01:45,,,,,,,,433.0,8192.0,7627.0,0.0
2026-04-29T09:01:47,,,,,,,,433.0,8192.0,7627.0,0.0
2026-04-29T09:01:48,,,,,,,,433.0,8192.0,7627.0,0.0
2026-04-29T09:01:50,,,,,,,,433.0,8192.0,7627.0,0.0
2026-04-29T09:01:51,,,,,,,,433.0,8192.0,7627.0,1.0
2026-04-29T09:01:53,,,,,,,,433.0,8192.0,7627.0,0.0
2026-04-29T09:01:54,,,,,,,,433.0,8192.0,7627.0,0.0
2026-04-29T09:01:56,,,,,,,,433.0,8192.0,7627.0,0.0
2026-04-29T09:01:57,,,,,,,,433.0,8192.0,7627.0,0.0
2026-04-29T09:01:59,,,,,,,,433.0,8192.0,7627.0,0.0
2026-04-29T09:02:00,,,,,,,,433.0,8192.0,7627.0,1.0
2026-04-29T09:02:01,,,,,,,,433.0,8192.0,7627.0,0.0
2026-04-29T09:02:03,,,,,,,,433.0,8192.0,7627.0,0.0
2026-04-29T09:02:04,,,,,,,,433.0,8192.0,7627.0,0.0
2026-04-29T09:02:06,,,,,,,,433.0,8192.0,7627.0,0.0
2026-04-29T09:02:07,,,,,,,,433.0,8192.0,7627.0,0.0
2026-04-29T09:02:09,,,,,,,,433.0,8192.0,7627.0,0.0
2026-04-29T09:02:10,,,,,,,,433.0,8192.0,7627.0,0.0
2026-04-29T09:02:12,,,,,,,,433.0,8192.0,7627.0,0.0
2026-04-29T09:02:13,,,,,,,,433.0,8192.0,7627.0,0.0
2026-04-29T09:02:15,,,,,,,,433.0,8192.0,7627.0,0.0
2026-04-29T09:02:16,,,,,,,,433.0,8192.0,7627.0,1.0
2026-04-29T09:02:18,,,,,,,,433.0,8192.0,7627.0,0.0
2026-04-29T09:02:19,,,,,,,,433.0,8192.0,7627.0,0.0
2026-04-29T09:02:20,,,,,,,,433.0,8192.0,7627.0,0.0
2026-04-29T09:02:22,,,,,,,,433.0,8192.0,7627.0,0.0
2026-04-29T09:02:24,,,,,,,,433.0,8192.0,7627.0,0.0
2026-04-29T09:02:25,,,,,,,,433.0,8192.0,7627.0,1.0
2026-04-29T09:02:26,,,,,,,,433.0,8192.0,7627.0,0.0
2026-04-29T09:02:28,,,,,,,,433.0,8192.0,7627.0,1.0
2026-04-29T09:02:29,,,,,,,,433.0,8192.0,7627.0,1.0
2026-04-29T09:02:31,,,,,,,,433.0,8192.0,7627.0,1.0
2026-04-29T09:02:32,,,,,,,,433.0,8192.0,7627.0,0.0
2026-04-29T09:02:34,,,,,,,,433.0,8192.0,7627.0,0.0
2026-04-29T09:02:35,,,,,,,,433.0,8192.0,7627.0,0.0
2026-04-29T09:02:37,,,,,,,,433.0,8192.0,7627.0,0.0
2026-04-29T09:02:38,,,,,,,,433.0,8192.0,7627.0,0.0
2026-04-29T09:02:40,,,,,,,,433.0,8192.0,7627.0,0.0
2026-04-29T09:02:41,,,,,,,,433.0,8192.0,7627.0,0.0
2026-04-29T09:02:43,,,,,,,,433.0,8192.0,7627.0,0.0
2026-04-29T09:02:44,,,,,,,,433.0,8192.0,7627.0,0.0
2026-04-29T09:02:46,,,,,,,,433.0,8192.0,7627.0,2.0
2026-04-29T09:02:47,,,,,,,,433.0,8192.0,7627.0,0.0
2026-04-29T09:02:49,,,,,,,,433.0,8192.0,7627.0,0.0
2026-04-29T09:02:50,,,,,,,,433.0,8192.0,7627.0,0.0
2026-04-29T09:02:52,,,,,,,,433.0,8192.0,7627.0,0.0
2026-04-29T09:02:53,,,,,,,,433.0,8192.0,7627.0,0.0
2026-04-29T09:02:55,,,,,,,,433.0,8192.0,7627.0,0.0
2026-04-29T09:02:56,,,,,,,,433.0,8192.0,7627.0,0.0
2026-04-29T09:02:58,,,,,,,,433.0,8192.0,7627.0,1.0
2026-04-29T09:02:59,,,,,,,,433.0,8192.0,7627.0,0.0
2026-04-29T09:03:01,,,,,,,,433.0,8192.0,7627.0,2.0
2026-04-29T09:03:02,,,,,,,,433.0,8192.0,7627.0,0.0
2026-04-29T09:03:04,,,,,,,,433.0,8192.0,7627.0,0.0
2026-04-29T09:03:05,,,,,,,,433.0,8192.0,7627.0,0.0
2026-04-29T09:03:07,,,,,,,,433.0,8192.0,7627.0,0.0
2026-04-29T09:03:08,,,,,,,,433.0,8192.0,7627.0,1.0
2026-04-29T09:03:10,,,,,,,,433.0,8192.0,7627.0,0.0
2026-04-29T09:03:11,,,,,,,,433.0,8192.0,7627.0,1.0
2026-04-29T09:03:13,,,,,,,,433.0,8192.0,7627.0,0.0
2026-04-29T09:03:14,,,,,,,,433.0,8192.0,7627.0,1.0
2026-04-29T09:03:16,,,,,,,,433.0,8192.0,7627.0,0.0
2026-04-29T09:03:17,,,,,,,,433.0,8192.0,7627.0,0.0
2026-04-29T09:03:19,,,,,,,,433.0,8192.0,7627.0,0.0
2026-04-29T09:03:20,,,,,,,,433.0,8192.0,7627.0,0.0
2026-04-29T09:03:22,,,,,,,,433.0,8192.0,7627.0,0.0
2026-04-29T09:03:23,,,,,,,,433.0,8192.0,7627.0,0.0
2026-04-29T09:03:25,,,,,,,,433.0,8192.0,7627.0,0.0
2026-04-29T09:03:26,,,,,,,,433.0,8192.0,7627.0,0.0
2026-04-29T09:03:28,,,,,,,,433.0,8192.0,7627.0,0.0
2026-04-29T09:03:29,,,,,,,,433.0,8192.0,7627.0,1.0
2026-04-29T09:03:30,,,,,,,,433.0,8192.0,7627.0,0.0
2026-04-29T09:03:32,,,,,,,,433.0,8192.0,7627.0,1.0
2026-04-29T09:03:33,,,,,,,,433.0,8192.0,7627.0,0.0
2026-04-29T09:03:35,,,,,,,,433.0,8192.0,7627.0,2.0
2026-04-29T09:03:36,,,,,,,,433.0,8192.0,7627.0,0.0
2026-04-29T09:03:38,,,,,,,,433.0,8192.0,7627.0,0.0
2026-04-29T09:03:39,,,,,,,,433.0,8192.0,7627.0,0.0
2026-04-29T09:03:41,,,,,,,,433.0,8192.0,7627.0,0.0
2026-04-29T09:03:42,,,,,,,,433.0,8192.0,7627.0,0.0
2026-04-29T09:03:44,,,,,,,,433.0,8192.0,7627.0,0.0
2026-04-29T09:03:45,,,,,,,,433.0,8192.0,7627.0,0.0
2026-04-29T09:03:47,,,,,,,,433.0,8192.0,7627.0,0.0
2026-04-29T09:03:48,,,,,,,,433.0,8192.0,7627.0,0.0
2026-04-29T09:03:50,,,,,,,,433.0,8192.0,7627.0,0.0
2026-04-29T09:03:51,,,,,,,,433.0,8192.0,7627.0,2.0
2026-04-29T09:03:53,,,,,,,,433.0,8192.0,7627.0,0.0
2026-04-29T09:03:54,,,,,,,,433.0,8192.0,7627.0,0.0
2026-04-29T09:03:56,,,,,,,,433.0,8192.0,7627.0,0.0
2026-04-29T09:03:57,,,,,,,,433.0,8192.0,7627.0,0.0
2026-04-29T09:03:59,,,,,,,,433.0,8192.0,7627.0,0.0
2026-04-29T09:04:00,,,,,,,,433.0,8192.0,7627.0,0.0
2026-04-29T09:04:02,,,,,,,,433.0,8192.0,7627.0,0.0
2026-04-29T09:04:03,,,,,,,,433.0,8192.0,7627.0,0.0
2026-04-29T09:04:05,,,,,,,,433.0,8192.0,7627.0,0.0
2026-04-29T09:04:06,,,,,,,,433.0,8192.0,7627.0,0.0
2026-04-29T09:04:08,,,,,,,,433.0,8192.0,7627.0,0.0
2026-04-29T09:04:09,,,,,,,,433.0,8192.0,7627.0,0.0
2026-04-29T09:04:11,,,,,,,,433.0,8192.0,7627.0,0.0
2026-04-29T09:04:12,,,,,,,,433.0,8192.0,7627.0,0.0
2026-04-29T09:04:14,,,,,,,,433.0,8192.0,7627.0,0.0
2026-04-29T09:04:15,,,,,,,,433.0,8192.0,7627.0,0.0
2026-04-29T09:04:17,,,,,,,,433.0,8192.0,7627.0,0.0
2026-04-29T09:04:18,,,,,,,,433.0,8192.0,7627.0,0.0
2026-04-29T09:04:20,,,,,,,,433.0,8192.0,7627.0,0.0
2026-04-29T09:04:21,,,,,,,,433.0,8192.0,7627.0,0.0
2026-04-29T09:04:23,,,,,,,,433.0,8192.0,7627.0,0.0
2026-04-29T09:04:24,,,,,,,,433.0,8192.0,7627.0,0.0
2026-04-29T09:04:26,,,,,,,,433.0,8192.0,7627.0,0.0
2026-04-29T09:04:27,,,,,,,,433.0,8192.0,7627.0,0.0
2026-04-29T09:04:29,,,,,,,,433.0,8192.0,7627.0,1.0
2026-04-29T09:04:30,,,,,,,,433.0,8192.0,7627.0,1.0
2026-04-29T09:04:31,,,,,,,,433.0,8192.0,7627.0,1.0
2026-04-29T09:04:33,,,,,,,,433.0,8192.0,7627.0,1.0
2026-04-29T09:04:34,,,,,,,,433.0,8192.0,7627.0,0.0
2026-04-29T09:04:36,,,,,,,,433.0,8192.0,7627.0,0.0
2026-04-29T09:04:37,,,,,,,,433.0,8192.0,7627.0,0.0
2026-04-29T09:04:39,,,,,,,,433.0,8192.0,7627.0,0.0
2026-04-29T09:04:40,,,,,,,,433.0,8192.0,7627.0,0.0
2026-04-29T09:04:42,,,,,,,,433.0,8192.0,7627.0,0.0
2026-04-29T09:04:43,,,,,,,,433.0,8192.0,7627.0,0.0
2026-04-29T09:04:45,,,,,,,,433.0,8192.0,7627.0,0.0
2026-04-29T09:04:46,,,,,,,,433.0,8192.0,7627.0,0.0
2026-04-29T09:04:48,,,,,,,,433.0,8192.0,7627.0,0.0
2026-04-29T09:04:49,,,,,,,,433.0,8192.0,7627.0,0.0
2026-04-29T09:04:51,,,,,,,,433.0,8192.0,7627.0,0.0
2026-04-29T09:04:52,,,,,,,,433.0,8192.0,7627.0,0.0
2026-04-29T09:04:54,,,,,,,,433.0,8192.0,7627.0,0.0
2026-04-29T09:04:55,,,,,,,,433.0,8192.0,7627.0,2.0
2026-04-29T09:04:57,,,,,,,,433.0,8192.0,7627.0,0.0
2026-04-29T09:04:58,,,,,,,,433.0,8192.0,7627.0,0.0
2026-04-29T09:05:00,,,,,,,,433.0,8192.0,7627.0,0.0
2026-04-29T09:05:01,,,,,,,,433.0,8192.0,7627.0,0.0
2026-04-29T09:05:03,,,,,,,,433.0,8192.0,7627.0,1.0
2026-04-29T09:05:04,,,,,,,,433.0,8192.0,7627.0,1.0
2026-04-29T09:05:06,,,,,,,,433.0,8192.0,7627.0,0.0
2026-04-29T09:05:07,,,,,,,,433.0,8192.0,7627.0,1.0
2026-04-29T09:05:08,,,,,,,,433.0,8192.0,7627.0,0.0
2026-04-29T09:05:10,,,,,,,,433.0,8192.0,7627.0,0.0
2026-04-29T09:05:11,,,,,,,,433.0,8192.0,7627.0,0.0
2026-04-29T09:05:13,,,,,,,,433.0,8192.0,7627.0,0.0
2026-04-29T09:05:15,,,,,,,,433.0,8192.0,7627.0,0.0
2026-04-29T09:05:16,,,,,,,,433.0,8192.0,7627.0,1.0
2026-04-29T09:05:17,,,,,,,,433.0,8192.0,7627.0,0.0
2026-04-29T09:05:19,,,,,,,,433.0,8192.0,7627.0,1.0
2026-04-29T09:05:20,,,,,,,,433.0,8192.0,7627.0,0.0
2026-04-29T09:05:22,,,,,,,,433.0,8192.0,7627.0,0.0
2026-04-29T09:05:24,,,,,,,,433.0,8192.0,7627.0,0.0
2026-04-29T09:05:25,,,,,,,,433.0,8192.0,7627.0,0.0
2026-04-29T09:05:27,,,,,,,,433.0,8192.0,7627.0,0.0
2026-04-29T09:05:28,,,,,,,,433.0,8192.0,7627.0,1.0
2026-04-29T09:05:29,,,,,,,,433.0,8192.0,7627.0,0.0
2026-04-29T09:05:31,,,,,,,,433.0,8192.0,7627.0,1.0
2026-04-29T09:05:33,,,,,,,,433.0,8192.0,7627.0,0.0
2026-04-29T09:05:34,,,,,,,,433.0,8192.0,7627.0,1.0
2026-04-29T09:05:36,,,,,,,,433.0,8192.0,7627.0,0.0
2026-04-29T09:05:37,,,,,,,,433.0,8192.0,7627.0,0.0
2026-04-29T09:05:38,,,,,,,,433.0,8192.0,7627.0,0.0
2026-04-29T09:05:40,,,,,,,,433.0,8192.0,7627.0,0.0
2026-04-29T09:05:42,,,,,,,,433.0,8192.0,7627.0,0.0
2026-04-29T09:05:43,,,,,,,,433.0,8192.0,7627.0,0.0
2026-04-29T09:05:45,,,,,,,,433.0,8192.0,7627.0,0.0
2026-04-29T09:05:46,,,,,,,,433.0,8192.0,7627.0,0.0
2026-04-29T09:05:48,,,,,,,,433.0,8192.0,7627.0,0.0
2026-04-29T09:05:49,,,,,,,,433.0,8192.0,7627.0,0.0
2026-04-29T09:05:51,,,,,,,,433.0,8192.0,7627.0,0.0
2026-04-29T09:05:52,,,,,,,,433.0,8192.0,7627.0,0.0
2026-04-29T09:05:54,,,,,,,,433.0,8192.0,7627.0,0.0
2026-04-29T09:05:55,,,,,,,,433.0,8192.0,7627.0,1.0
2026-04-29T09:05:56,,,,,,,,433.0,8192.0,7627.0,0.0
2026-04-29T09:05:58,,,,,,,,433.0,8192.0,7627.0,0.0
2026-04-29T09:05:59,,,,,,,,433.0,8192.0,7627.0,0.0
2026-04-29T09:06:01,,,,,,,,433.0,8192.0,7627.0,0.0
2026-04-29T09:06:02,,,,,,,,433.0,8192.0,7627.0,0.0
2026-04-29T09:06:04,,,,,,,,433.0,8192.0,7627.0,0.0
2026-04-29T09:06:05,,,,,,,,433.0,8192.0,7627.0,0.0
2026-04-29T09:06:07,,,,,,,,433.0,8192.0,7627.0,0.0
2026-04-29T09:06:08,,,,,,,,433.0,8192.0,7627.0,0.0
2026-04-29T09:06:10,,,,,,,,433.0,8192.0,7627.0,0.0
2026-04-29T09:06:11,,,,,,,,433.0,8192.0,7627.0,0.0
2026-04-29T09:06:13,,,,,,,,433.0,8192.0,7627.0,0.0
2026-04-29T09:06:14,,,,,,,,433.0,8192.0,7627.0,1.0
2026-04-29T09:06:15,,,,,,,,433.0,8192.0,7627.0,0.0
2026-04-29T09:06:17,,,,,,,,433.0,8192.0,7627.0,1.0
2026-04-29T09:06:18,,,,,,,,433.0,8192.0,7627.0,0.0
2026-04-29T09:06:20,,,,,,,,433.0,8192.0,7627.0,1.0
2026-04-29T09:06:21,,,,,,,,433.0,8192.0,7627.0,0.0
2026-04-29T09:06:23,,,,,,,,433.0,8192.0,7627.0,1.0
2026-04-29T09:06:24,,,,,,,,433.0,8192.0,7627.0,0.0
2026-04-29T09:06:26,,,,,,,,433.0,8192.0,7627.0,0.0
2026-04-29T09:06:27,,,,,,,,433.0,8192.0,7627.0,0.0
2026-04-29T09:06:29,,,,,,,,433.0,8192.0,7627.0,0.0
2026-04-29T09:06:30,,,,,,,,433.0,8192.0,7627.0,0.0
2026-04-29T09:06:32,,,,,,,,433.0,8192.0,7627.0,0.0
2026-04-29T09:06:33,,,,,,,,433.0,8192.0,7627.0,2.0
2026-04-29T09:06:35,,,,,,,,433.0,8192.0,7627.0,0.0
2026-04-29T09:06:36,,,,,,,,433.0,8192.0,7627.0,0.0
2026-04-29T09:06:38,,,,,,,,433.0,8192.0,7627.0,0.0
2026-04-29T09:06:39,,,,,,,,433.0,8192.0,7627.0,0.0
2026-04-29T09:06:41,,,,,,,,433.0,8192.0,7627.0,0.0
2026-04-29T09:06:42,,,,,,,,433.0,8192.0,7627.0,0.0
2026-04-29T09:06:44,,,,,,,,433.0,8192.0,7627.0,0.0
2026-04-29T09:06:45,,,,,,,,433.0,8192.0,7627.0,0.0
2026-04-29T09:06:47,,,,,,,,433.0,8192.0,7627.0,0.0
2026-04-29T09:06:48,,,,,,,,433.0,8192.0,7627.0,0.0
2026-04-29T09:06:50,,,,,,,,433.0,8192.0,7627.0,0.0
2026-04-29T09:06:51,,,,,,,,433.0,8192.0,7627.0,1.0
2026-04-29T09:06:52,,,,,,,,433.0,8192.0,7627.0,0.0
2026-04-29T09:06:54,,,,,,,,433.0,8192.0,7627.0,1.0
2026-04-29T09:06:56,,,,,,,,433.0,8192.0,7627.0,0.0
2026-04-29T09:06:57,,,,,,,,433.0,8192.0,7627.0,1.0
2026-04-29T09:06:58,,,,,,,,433.0,8192.0,7627.0,0.0
2026-04-29T09:07:00,,,,,,,,433.0,8192.0,7627.0,0.0
2026-04-29T09:07:01,,,,,,,,433.0,8192.0,7627.0,0.0
2026-04-29T09:07:03,,,,,,,,433.0,8192.0,7627.0,0.0
2026-04-29T09:07:04,,,,,,,,433.0,8192.0,7627.0,0.0
2026-04-29T09:07:06,,,,,,,,433.0,8192.0,7627.0,1.0
2026-04-29T09:07:07,,,,,,,,433.0,8192.0,7627.0,0.0
2026-04-29T09:07:09,,,,,,,,433.0,8192.0,7627.0,0.0
2026-04-29T09:07:10,,,,,,,,433.0,8192.0,7627.0,0.0
2026-04-29T09:07:12,,,,,,,,433.0,8192.0,7627.0,0.0
2026-04-29T09:07:13,,,,,,,,433.0,8192.0,7627.0,0.0
2026-04-29T09:07:15,,,,,,,,433.0,8192.0,7627.0,0.0
2026-04-29T09:07:16,,,,,,,,433.0,8192.0,7627.0,1.0
2026-04-29T09:07:18,,,,,,,,433.0,8192.0,7627.0,0.0
2026-04-29T09:07:19,,,,,,,,433.0,8192.0,7627.0,0.0
2026-04-29T09:07:21,,,,,,,,433.0,8192.0,7627.0,0.0
2026-04-29T09:07:22,,,,,,,,433.0,8192.0,7627.0,0.0
2026-04-29T09:07:24,,,,,,,,433.0,8192.0,7627.0,0.0
2026-04-29T09:07:25,,,,,,,,433.0,8192.0,7627.0,0.0
2026-04-29T09:07:27,,,,,,,,433.0,8192.0,7627.0,0.0
2026-04-29T09:07:28,,,,,,,,433.0,8192.0,7627.0,1.0
2026-04-29T09:07:29,,,,,,,,433.0,8192.0,7627.0,0.0
2026-04-29T09:07:31,,,,,,,,433.0,8192.0,7627.0,1.0
2026-04-29T09:07:32,,,,,,,,433.0,8192.0,7627.0,0.0
2026-04-29T09:07:34,,,,,,,,433.0,8192.0,7627.0,1.0
2026-04-29T09:07:35,,,,,,,,433.0,8192.0,7627.0,0.0
2026-04-29T09:07:37,,,,,,,,433.0,8192.0,7627.0,1.0
2026-04-29T09:07:38,,,,,,,,433.0,8192.0,7627.0,0.0
2026-04-29T09:07:40,,,,,,,,433.0,8192.0,7627.0,0.0
2026-04-29T09:07:41,,,,,,,,433.0,8192.0,7627.0,0.0
2026-04-29T09:07:43,,,,,,,,433.0,8192.0,7627.0,0.0
2026-04-29T09:07:44,,,,,,,,442.0,8192.0,7618.0,13.0
2026-04-29T09:07:46,,,,,,,,442.0,8192.0,7618.0,0.0
2026-04-29T09:07:47,,,,,,,,442.0,8192.0,7618.0,0.0
2026-04-29T09:07:49,,,,,,,,462.0,8192.0,7598.0,0.0
2026-04-29T09:07:50,,,,,,,,463.0,8192.0,7597.0,4.0
2026-04-29T09:07:52,,,,,,,,463.0,8192.0,7597.0,0.0
2026-04-29T09:07:53,,,,,,,,463.0,8192.0,7597.0,3.0
2026-04-29T09:07:55,,,,,,,,459.0,8192.0,7601.0,7.0
2026-04-29T09:07:56,,,,,,,,468.0,8192.0,7592.0,3.0
